TEAM_ID,PLAYER_ID,PLAYER_NAME,ROSTERSTATUS,SEASON_x,STAT_TEAM_ID,GP,TOTAL_MINS,REB,AST,PLUS_MINUS,SEASON_y,MPG,TS_PCT,USG_PCT,STAT_PLAYER_NAME,PPG,STATUS,STAT_SOURCE,RPG,APG,HAS_IMPUTED_STATS,MODEL_MPG,MODEL_PPG,MODEL_RPG,MODEL_APG,MODEL_TS_PCT,MODEL_USG_PCT
1610612758,1630173,Precious Achiuwa,1,2026-27,1610612758.0,73.0,1745.185,492.0,101.0,-271.0,2025-26,23.9,0.558,0.172,Precious Achiuwa,10.082191780821915,NORMAL,NBA,6.7,1.4,,23.9,10.082191780821915,6.7,1.4,0.558,0.172
1610612758,1643411,Darius Acuff Jr.,1,2026-27,,36.0,,,,,,35.2,0.604,0.294,,23.5,NO_HISTORY,NCAA,3.1,6.4,False,19.747,9.76815,2.29776,3.5998600000000005,0.5408796,0.187237
1610612745,203500,Steven Adams,1,2026-27,1610612745.0,32.0,730.365,276.0,48.0,194.0,2025-26,22.8,0.535,0.116,Steven Adams,5.84375,NORMAL,NBA,8.6,1.5,,22.8,5.84375,8.6,1.5,0.535,0.116
1610612748,1628389,Bam Adebayo,1,2026-27,1610612748.0,73.0,2364.685,732.0,232.0,331.0,2025-26,32.4,0.551,0.248,Bam Adebayo,20.10958904109589,NORMAL,NBA,10.0,3.2,,32.4,20.10958904109589,10.0,3.2,0.551,0.248
1610612766,1642369,Michael Ajayi,1,2026-27,,32.0,,,,,,33.6,0.516,0.272,,16.4,NO_HISTORY,NCAA,11.1,3.2,False,19.747,8.1813,5.59056,2.0081800000000003,0.5202084,0.179856
1610612742,1630583,Santi Aldama,1,2026-27,1610612763.0,43.0,1198.0783333333334,287.0,126.0,-48.0,2025-26,27.9,0.572,0.191,Santi Aldama,14.0,NORMAL,NBA,6.7,2.9,,27.9,14.0,6.7,2.9,0.572,0.191
1610612762,1641725,Trey Alexander,1,2026-27,1610612740.0,9.0,110.64333333333332,11.0,9.0,-18.0,2025-26,12.3,0.599,0.148,Trey Alexander,5.222222222222222,NORMAL,NBA,1.2,1.0,,12.3,5.222222222222222,1.2,1.0,0.599,0.148
1610612737,1629638,Nickeil Alexander-Walker,1,2026-27,1610612737.0,78.0,2603.1766666666667,268.0,286.0,244.0,2025-26,33.4,0.61,0.23,Nickeil Alexander-Walker,20.82051282051282,NORMAL,NBA,3.4,3.7,,33.4,20.82051282051282,3.4,3.7,0.61,0.23
1610612766,1628960,Grayson Allen,1,2026-27,1610612756.0,51.0,1467.2783333333334,155.0,195.0,18.0,2025-26,28.8,0.568,0.231,Grayson Allen,16.49019607843137,NORMAL,NBA,3.0,3.8,,28.8,16.49019607843137,3.0,3.8,0.568,0.231
1610612739,1628386,Jarrett Allen,1,2026-27,1610612739.0,56.0,1519.12,476.0,100.0,213.0,2025-26,27.1,0.669,0.196,Jarrett Allen,15.357142857142858,NORMAL,NBA,8.5,1.8,,27.1,15.357142857142858,8.5,1.8,0.669,0.196
1610612752,1630631,Jose Alvarado,1,2026-27,1610612752.0,69.0,1370.236666666667,171.0,234.0,24.0,2025-26,19.9,0.543,0.167,Jose Alvarado,7.391304347826087,NORMAL,NBA,2.5,3.4,,19.9,7.391304347826087,2.5,3.4,0.543,0.167
1610612749,1643417,Nate Ament,1,2026-27,,35.0,,,,,,29.7,0.534,0.291,,16.7,NO_HISTORY,NCAA,6.3,2.3,False,19.747,8.24835,3.61488,1.56052,0.5244366,0.1862305
1610612766,1643515,Christian Anderson,1,2026-27,,33.0,,,,,,38.4,0.626,0.239,,18.5,NO_HISTORY,NCAA,3.6,7.4,False,19.747,8.65065,2.50356,4.09726,0.5460474,0.1687845
1610612761,203937,Kyle Anderson,1,2026-27,1610612750.0,43.0,853.2366666666667,150.0,126.0,-81.0,2025-26,19.8,0.573,0.131,Kyle Anderson,6.186046511627907,NORMAL,NBA,3.5,2.9,,19.8,6.186046511627907,3.5,2.9,0.573,0.131
1610612748,203507,Giannis Antetokounmpo,1,2026-27,1610612749.0,36.0,1039.23,352.0,196.0,96.0,2025-26,28.9,0.658,0.358,Giannis Antetokounmpo,27.58333333333333,NORMAL,NBA,9.8,5.4,,28.9,27.58333333333333,9.8,5.4,0.658,0.358
1610612752,1628384,OG Anunoby,1,2026-27,1610612752.0,67.0,2223.8716666666664,351.0,145.0,407.0,2025-26,33.2,0.62,0.194,OG Anunoby,16.686567164179106,NORMAL,NBA,5.2,2.2,,33.2,16.686567164179106,5.2,2.2,0.62,0.194
1610612757,1630166,Deni Avdija,1,2026-27,1610612757.0,66.0,2199.385,454.0,442.0,16.0,2025-26,33.3,0.6,0.285,Deni Avdija,24.21212121212121,NORMAL,NBA,6.9,6.7,,33.3,24.21212121212121,6.9,6.7,0.6,0.285
1610612741,1643591,Tobe Awaka,1,2026-27,,39.0,,,,,,20.8,0.617,0.196,,9.3,NO_HISTORY,NCAA,9.1,0.8,False,19.747,6.59445,4.76736,0.81442,0.5439333,0.154358
1610612764,1629028,Deandre Ayton,1,2026-27,1610612747.0,72.0,1958.385,575.0,59.0,-8.0,2025-26,27.2,0.676,0.164,Deandre Ayton,12.458333333333334,NORMAL,NBA,8.0,0.8,,27.2,12.458333333333334,8.0,0.8,0.676,0.164
1610612743,1628963,Marvin Bagley III,1,2026-27,1610612742.0,60.0,1200.9033333333334,366.0,85.0,-220.0,2025-26,20.0,0.661,0.18,Marvin Bagley III,10.45,NORMAL,NBA,6.1,1.4,,20.0,10.45,6.1,1.4,0.661,0.18
1610612762,1642846,Ace Bailey,1,2026-27,1610612762.0,72.0,1987.6433333333327,302.0,131.0,-448.0,2025-26,27.6,0.533,0.21,Ace Bailey,13.791666666666666,NORMAL,NBA,4.2,1.8,,27.6,13.791666666666666,4.2,1.8,0.533,0.21
1610612750,1630163,LaMelo Ball,1,2026-27,1610612766.0,72.0,2017.4466666666667,347.0,514.0,416.0,2025-26,28.0,0.546,0.306,LaMelo Ball,20.069444444444443,NORMAL,NBA,4.8,7.1,,28.0,20.069444444444443,4.8,7.1,0.546,0.306
1610612762,1628964,Mo Bamba,1,2026-27,1610612762.0,4.0,43.8,22.0,1.0,-13.0,2025-26,11.0,0.455,0.123,Mo Bamba,2.5,NORMAL,NBA,5.5,0.2,,11.0,2.5,5.5,0.2,0.455,0.123
1610612753,1631094,Paolo Banchero,1,2026-27,1610612753.0,72.0,2501.685,604.0,373.0,-3.0,2025-26,34.7,0.566,0.274,Paolo Banchero,22.20833333333333,NORMAL,NBA,8.4,5.2,,34.7,22.20833333333333,8.4,5.2,0.566,0.274
1610612753,1630217,Desmond Bane,1,2026-27,1610612753.0,82.0,2756.045,338.0,338.0,135.0,2025-26,33.6,0.607,0.224,Desmond Bane,20.085365853658537,NORMAL,NBA,4.1,4.1,,33.6,20.085365853658537,4.1,4.1,0.607,0.224
1610612755,1631230,Dominick Barlow,1,2026-27,1610612755.0,71.0,1688.5183333333334,340.0,87.0,27.0,2025-26,23.8,0.597,0.125,Dominick Barlow,7.676056338028169,NORMAL,NBA,4.8,1.2,,23.8,7.676056338028169,4.8,1.2,0.597,0.125
1610612759,203084,Harrison Barnes,1,2026-27,1610612759.0,77.0,1986.475,213.0,148.0,329.0,2025-26,25.8,0.608,0.144,Harrison Barnes,9.935064935064934,NORMAL,NBA,2.8,1.9,,25.8,9.935064935064934,2.8,1.9,0.608,0.144
1610612761,1630567,Scottie Barnes,1,2026-27,1610612761.0,80.0,2680.776666666666,600.0,474.0,266.0,2025-26,33.5,0.577,0.226,Scottie Barnes,18.1,NORMAL,NBA,7.5,5.9,,33.5,18.1,7.5,5.9,0.577,0.226
1610612760,1642964,Brooks Barnhizer,1,2026-27,1610612760.0,40.0,347.88166666666666,78.0,22.0,-103.0,2025-26,8.7,0.451,0.103,Brooks Barnhizer,1.7,NORMAL,NBA,2.0,0.6,,8.7,1.7,2.0,0.6,0.451,0.103
1610612761,1629628,RJ Barrett,1,2026-27,1610612761.0,57.0,1725.76,300.0,189.0,168.0,2025-26,30.3,0.585,0.254,RJ Barrett,19.26315789473684,NORMAL,NBA,5.3,3.3,,30.3,19.26315789473684,5.3,3.3,0.585,0.254
1610612744,1629646,Charles Bassey,1,2026-27,1610612744.0,13.0,152.70333333333335,57.0,7.0,-44.0,2025-26,11.7,0.681,0.161,Charles Bassey,5.846153846153846,NORMAL,NBA,4.4,0.5,,11.7,5.846153846153846,4.4,0.5,0.681,0.161
1610612762,1642926,Tamar Bates,1,2026-27,,1.0,,,,,,33.1,0.67,0.16,,18.0,NO_HISTORY,G-LEAGUE,3.0,0.0,False,19.725,10.0638,2.912,0.0,0.544,0.135648
1610612761,1642419,Jamison Battle,1,2026-27,1610612761.0,61.0,516.7783333333333,89.0,24.0,89.0,2025-26,8.5,0.635,0.135,Jamison Battle,3.1475409836065573,NORMAL,NBA,1.5,0.4,,8.5,3.1475409836065573,1.5,0.4,0.635,0.135
1610612746,201587,Nicolas Batum,1,2026-27,1610612746.0,74.0,1294.595,184.0,64.0,-14.0,2025-26,17.5,0.603,0.092,Nicolas Batum,3.95945945945946,NORMAL,NBA,2.5,0.9,,17.5,3.95945945945946,2.5,0.9,0.603,0.092
1610612746,203078,Bradley Beal,1,2026-27,1610612746.0,6.0,120.91666666666669,5.0,10.0,-23.0,2025-26,20.2,0.476,0.224,Bradley Beal,8.166666666666666,NORMAL,NBA,0.8,1.7,,20.2,8.166666666666666,0.8,1.7,0.476,0.224
1610612755,1630699,MarJon Beauchamp,1,2026-27,1610612755.0,14.0,196.11166666666668,32.0,15.0,-26.0,2025-26,14.0,0.563,0.203,MarJon Beauchamp,6.785714285714286,NORMAL,NBA,2.3,1.1,,14.0,6.785714285714286,2.3,1.1,0.563,0.203
1610612750,1642866,Joan Beringer,1,2026-27,1610612750.0,40.0,314.13166666666666,92.0,12.0,23.0,2025-26,7.9,0.683,0.156,Joan Beringer,3.9,NORMAL,NBA,2.3,0.3,,7.9,3.9,2.3,0.3,0.683,0.156
1610612740,1630180,Saddiq Bey,1,2026-27,1610612740.0,72.0,2245.575,400.0,182.0,-187.0,2025-26,31.2,0.579,0.213,Saddiq Bey,17.65277777777778,NORMAL,NBA,5.6,2.5,,31.2,17.65277777777778,5.6,2.5,0.579,0.213
1610612742,1641844,Tarik Biberovic,1,2026-27,,61.0,,,,,,23.5,0.617,0.209,,11.4,NO_HISTORY,INTERNATIONAL,3.3,1.7,False,21.424,9.9237,3.50077,1.87204,0.5299838,0.1714636
1610612751,1643548,Tyler Bilodeau,1,2026-27,,31.0,,,,,,30.3,0.656,0.259,,17.6,NO_HISTORY,NCAA,5.6,1.1,False,19.747,8.4495,3.32676,0.96364,0.5530944,0.1754945
1610612753,1629048,Goga Bitadze,1,2026-27,1610612753.0,64.0,972.0066666666668,320.0,84.0,17.0,2025-26,15.2,0.7,0.128,Goga Bitadze,5.859375,NORMAL,NBA,5.0,1.3,,15.2,5.859375,5.0,1.3,0.7,0.128
1610612761,1642927,Nate Bittle,1,2026-27,,25.0,,,,,,31.1,0.563,0.281,,16.8,NO_HISTORY,NCAA,6.9,2.6,False,19.747,8.270700000000001,3.86184,1.70974,0.5312487,0.1828755
1610612753,1641710,Anthony Black,1,2026-27,1610612753.0,64.0,1910.05,244.0,236.0,-14.0,2025-26,29.8,0.549,0.219,Anthony Black,14.984375,NORMAL,NBA,3.8,3.7,,29.8,14.984375,3.8,3.7,0.549,0.219
1610612745,203992,Bogdan Bogdanović,1,2026-27,1610612746.0,23.0,452.06,59.0,51.0,-30.0,2025-26,19.7,0.525,0.185,Bogdan Bogdanović,7.434782608695652,NORMAL,NBA,2.6,2.2,,19.7,7.434782608695652,2.6,2.2,0.525,0.185
1610612755,1641737,Adem Bona,1,2026-27,1610612755.0,71.0,1234.1616666666666,307.0,32.0,-8.0,2025-26,17.4,0.638,0.108,Adem Bona,4.845070422535211,NORMAL,NBA,4.3,0.5,,17.4,4.845070422535211,4.3,0.5,0.638,0.108
1610612756,1626164,Devin Booker,1,2026-27,1610612756.0,64.0,2146.43,248.0,386.0,201.0,2025-26,33.5,0.585,0.307,Devin Booker,26.0625,NORMAL,NBA,3.9,6.0,,33.5,26.0625,3.9,6.0,0.585,0.307
1610612763,1643409,Cameron Boozer,1,2026-27,,38.0,,,,,,33.5,0.653,0.3,,22.5,NO_HISTORY,NCAA,10.2,4.1,False,19.747,9.54465,5.22012,2.45584,0.5523897,0.18925
1610612766,1643573,Kylan Boswell,1,2026-27,,30.0,,,,,,30.0,0.559,0.204,,12.3,NO_HISTORY,NCAA,4.0,3.0,False,19.747,7.264950000000001,2.6682,1.9087,0.5303091,0.157042
1610612756,1631123,Jamaree Bouyea,1,2026-27,1610612756.0,46.0,644.0583333333333,82.0,82.0,25.0,2025-26,14.0,0.523,0.184,Jamaree Bouyea,5.717391304347826,NORMAL,NBA,1.8,1.8,,14.0,5.717391304347826,1.8,1.8,0.523,0.184
1610612761,1643558,Jaden Bradley,1,2026-27,,39.0,,,,,,30.6,0.568,0.21,,13.3,NO_HISTORY,NCAA,3.4,4.4,False,19.747,7.48845,2.42124,2.6050600000000004,0.5324232,0.159055
1610612737,1628396,Tony Bradley,1,2026-27,1610612737.0,41.0,450.68666666666667,116.0,22.0,-140.0,2025-26,11.0,0.596,0.136,Tony Bradley,3.951219512195122,NORMAL,NBA,2.8,0.5,,11.0,3.951219512195122,2.8,0.5,0.596,0.136
1610612753,1631103,Malaki Branham,1,2026-27,1610612764.0,28.0,275.4783333333333,44.0,23.0,-42.0,2025-26,9.8,0.604,0.177,Malaki Branham,4.571428571428571,NORMAL,NBA,1.6,0.8,,9.8,4.571428571428571,1.6,0.8,0.604,0.177
1610612743,1631128,Christian Braun,1,2026-27,1610612743.0,44.0,1399.138333333333,211.0,120.0,291.0,2025-26,31.8,0.607,0.142,Christian Braun,11.954545454545457,NORMAL,NBA,4.8,2.7,,31.8,11.954545454545457,4.8,2.7,0.607,0.142
1610612743,1642350,Trevon Brazile,1,2026-27,,36.0,,,,,,31.5,0.619,0.176,,13.0,NO_HISTORY,NCAA,7.3,1.6,False,19.747,7.4214,4.02648,1.2123400000000002,0.5444031,0.147648
1610612756,1642886,Koby Brea,1,2026-27,1610612756.0,12.0,83.86666666666666,8.0,10.0,-5.0,2025-26,7.0,0.61,0.203,Koby Brea,3.75,NORMAL,NBA,0.7,0.8,,7.0,3.75,0.7,0.8,0.61,0.203
1610612752,1628969,Mikal Bridges,1,2026-27,1610612752.0,82.0,2691.935,312.0,304.0,298.0,2025-26,32.8,0.587,0.17,Mikal Bridges,14.402439024390244,NORMAL,NBA,3.8,3.7,,32.8,14.402439024390244,3.8,3.7,0.587,0.17
1610612756,1628970,Miles Bridges,1,2026-27,1610612766.0,77.0,2387.2316666666666,450.0,246.0,147.0,2025-26,31.0,0.57,0.221,Miles Bridges,17.064935064935064,NORMAL,NBA,5.8,3.2,,31.0,17.064935064935064,5.8,3.2,0.57,0.221
1610612756,1628415,Dillon Brooks,1,2026-27,1610612756.0,56.0,1701.5833333333333,203.0,99.0,-49.0,2025-26,30.4,0.54,0.279,Dillon Brooks,20.196428571428573,NORMAL,NBA,3.6,1.8,,30.4,20.196428571428573,3.6,1.8,0.54,0.279
1610612746,1641780,Johni Broome,1,2026-27,1610612755.0,11.0,54.76166666666666,16.0,4.0,-18.0,2025-26,5.0,0.188,0.226,Johni Broome,0.9090909090909092,NORMAL,NBA,1.5,0.4,,5.0,0.9090909090909092,1.5,0.4,0.188,0.226
1610612743,1628971,Bruce Brown,1,2026-27,1610612743.0,82.0,1997.7883333333327,318.0,174.0,-76.0,2025-26,24.4,0.562,0.142,Bruce Brown,7.914634146341464,NORMAL,NBA,3.9,2.1,,24.4,7.914634146341464,3.9,2.1,0.562,0.142
1610612755,1627759,Jaylen Brown,1,2026-27,1610612738.0,71.0,2442.838333333333,492.0,364.0,321.0,2025-26,34.4,0.573,0.351,Jaylen Brown,28.70422535211268,NORMAL,NBA,6.9,5.1,,34.4,28.70422535211268,6.9,5.1,0.573,0.351
1610612754,1641738,Kobe Brown,1,2026-27,1610612754.0,61.0,962.3766666666668,185.0,80.0,-219.0,2025-26,15.8,0.594,0.154,Kobe Brown,5.786885245901639,NORMAL,NBA,3.0,1.3,,15.8,5.786885245901639,3.0,1.3,0.594,0.154
1610612759,1643576,Maliq Brown,1,2026-27,,38.0,,,,,,20.3,0.634,0.127,,4.9,NO_HISTORY,NCAA,5.2,1.6,False,19.747,5.6110500000000005,3.16212,1.2123400000000002,0.5479266,0.1312085
1610612751,1643414,Mikel Brown Jr.,1,2026-27,,21.0,,,,,,29.0,0.577,0.308,,18.2,NO_HISTORY,NCAA,3.3,4.7,False,19.747,8.5836,2.38008,2.75428,0.5345373,0.191934
1610612752,1628973,Jalen Brunson,1,2026-27,1610612752.0,74.0,2589.806666666667,247.0,503.0,353.0,2025-26,35.0,0.58,0.296,Jalen Brunson,26.04054054054054,NORMAL,NBA,3.3,6.8,,35.0,26.04054054054054,3.3,6.8,0.58,0.296
1610612759,1642868,Carter Bryant,1,2026-27,1610612759.0,71.0,817.865,178.0,47.0,-4.0,2025-26,11.5,0.526,0.158,Carter Bryant,4.197183098591549,NORMAL,NBA,2.5,0.7,,11.5,4.197183098591549,2.5,0.7,0.526,0.158
1610612739,1628418,Thomas Bryant,1,2026-27,1610612739.0,60.0,731.8166666666667,205.0,33.0,39.0,2025-26,12.2,0.625,0.182,Thomas Bryant,6.166666666666667,NORMAL,NBA,3.4,0.6,,12.2,6.166666666666667,3.4,0.6,0.625,0.182
1610612740,1641723,Kobe Bufkin,1,2026-27,1610612747.0,16.0,119.48333333333332,13.0,10.0,-68.0,2025-26,7.5,0.416,0.219,Kobe Bufkin,2.875,NORMAL,NBA,0.8,0.6,,7.5,2.875,0.8,0.6,0.416,0.219
1610612749,1643415,Brayden Burries,1,2026-27,,39.0,,,,,,29.8,0.616,0.232,,16.1,NO_HISTORY,NCAA,4.9,2.4,False,19.747,8.11425,3.03864,1.6102599999999998,0.5436984,0.166436
1610612744,202710,Jimmy Butler III,1,2026-27,1610612744.0,38.0,1181.6766666666667,211.0,185.0,185.0,2025-26,31.1,0.646,0.226,Jimmy Butler III,20.0,NORMAL,NBA,5.6,4.9,,31.1,20.0,5.6,4.9,0.646,0.226
1610612749,1631219,John Butler Jr.,1,2026-27,,19.0,221.10166666666663,17.0,11.0,-70.0,,11.6,0.411,0.102,,2.3684210526315788,SEASONED_PLAYER,NBA_FALLBACK,0.9,0.6,False,11.6,2.3684210526315788,0.9,0.6,0.411,0.102
1610612741,1641824,Matas Buzelis,1,2026-27,1610612741.0,77.0,2248.248333333333,448.0,158.0,-306.0,2025-26,29.2,0.586,0.223,Matas Buzelis,16.25974025974026,NORMAL,NBA,5.8,2.1,,29.2,16.25974025974026,5.8,2.1,0.586,0.223
1610612753,1631288,Jamal Cain,1,2026-27,1610612753.0,40.0,485.9683333333333,78.0,29.0,44.0,2025-26,12.1,0.624,0.159,Jamal Cain,5.375,NORMAL,NBA,2.0,0.7,,12.1,5.375,2.0,0.7,0.624,0.159
1610612755,203484,Kentavious Caldwell-Pope,1,2026-27,1610612763.0,51.0,1087.5583333333334,125.0,139.0,-114.0,2025-26,21.3,0.533,0.173,Kentavious Caldwell-Pope,8.392156862745098,NORMAL,NBA,2.5,2.7,,21.3,8.392156862745098,2.5,2.7,0.533,0.173
1610612757,1641739,Toumani Camara,1,2026-27,1610612757.0,82.0,2731.2366666666667,421.0,201.0,32.0,2025-26,33.3,0.578,0.16,Toumani Camara,13.414634146341465,NORMAL,NBA,5.1,2.5,,33.3,13.414634146341465,5.1,2.5,0.578,0.16
1610612745,203991,Clint Capela,1,2026-27,1610612745.0,75.0,925.6616666666666,345.0,50.0,162.0,2025-26,12.3,0.54,0.133,Clint Capela,3.76,NORMAL,NBA,4.6,0.7,,12.3,3.76,4.6,0.7,0.54,0.133
1610612758,1642928,Dylan Cardwell,1,2026-27,1610612758.0,44.0,906.5383333333332,332.0,62.0,-66.0,2025-26,20.6,0.591,0.108,Dylan Cardwell,5.409090909090909,NORMAL,NBA,7.5,1.4,,20.6,5.409090909090909,7.5,1.4,0.591,0.108
1610612757,1642382,Branden Carlson,1,2026-27,1610612760.0,42.0,488.2033333333333,124.0,29.0,-24.0,2025-26,11.6,0.613,0.185,Branden Carlson,5.761904761904762,NORMAL,NBA,3.0,0.7,,11.6,5.761904761904762,3.0,0.7,0.613,0.185
1610612747,1643418,Cameron Carr,1,2026-27,,34.0,,,,,,33.6,0.622,0.254,,18.9,NO_HISTORY,NCAA,5.8,2.6,False,19.747,8.74005,3.4090800000000003,1.70974,0.5451078,0.173817
1610612764,1642267,Bub Carrington,1,2026-27,1610612764.0,82.0,2270.65,276.0,381.0,-746.0,2025-26,27.7,0.556,0.174,Bub Carrington,10.707317073170731,NORMAL,NBA,3.4,4.6,,27.7,10.707317073170731,3.4,4.6,0.556,0.174
1610612737,1642269,Devin Carter,1,2026-27,1610612758.0,38.0,699.8683333333333,125.0,101.0,-113.0,2025-26,18.4,0.508,0.226,Devin Carter,8.921052631578947,NORMAL,NBA,3.3,2.7,,18.4,8.921052631578947,3.3,2.7,0.508,0.226
1610612753,1628975,Jevon Carter,1,2026-27,1610612753.0,53.0,867.4416666666667,89.0,87.0,-87.0,2025-26,16.4,0.537,0.166,Jevon Carter,6.39622641509434,NORMAL,NBA,1.7,1.6,,16.4,6.39622641509434,1.7,1.6,0.537,0.166
1610612753,1628976,Wendell Carter Jr.,1,2026-27,1610612753.0,78.0,2288.3516666666665,577.0,154.0,90.0,2025-26,29.3,0.617,0.156,Wendell Carter Jr.,11.82051282051282,NORMAL,NBA,7.4,2.0,,29.3,11.82051282051282,7.4,2.0,0.617,0.156
1610612760,1627936,Alex Caruso,1,2026-27,1610612760.0,56.0,1020.3466666666668,155.0,110.0,382.0,2025-26,18.2,0.54,0.152,Alex Caruso,6.214285714285714,NORMAL,NBA,2.8,2.0,,18.2,6.214285714285714,2.8,2.0,0.54,0.152
1610612759,1642264,Stephon Castle,1,2026-27,1610612759.0,68.0,2037.743333333333,362.0,502.0,408.0,2025-26,30.0,0.575,0.243,Stephon Castle,16.66176470588235,NORMAL,NBA,5.3,7.4,,30.0,16.66176470588235,5.3,7.4,0.575,0.243
1610612753,1630658,Colin Castleton,1,2026-27,1610612753.0,4.0,21.383333333333333,8.0,1.0,6.0,2025-26,5.3,0.46,0.14,Colin Castleton,1.25,NORMAL,NBA,2.0,0.2,,5.3,1.25,2.0,0.2,0.46,0.14
1610612745,1643572,Rafael Castro,1,2026-27,,29.0,,,,,,27.2,0.645,0.243,,15.3,NO_HISTORY,NCAA,9.1,1.7,False,19.747,7.93545,4.76736,1.26208,0.5505105,0.1701265
1610612738,1643416,Chris Cenac Jr.,1,2026-27,,37.0,,,,,,24.8,0.546,0.201,,9.5,NO_HISTORY,NCAA,7.9,0.7,False,19.747,6.639150000000001,4.273440000000001,0.76468,0.5272554,0.1560355
1610612759,1630577,Julian Champagnie,1,2026-27,1610612759.0,82.0,2265.963333333333,473.0,127.0,592.0,2025-26,27.6,0.609,0.146,Julian Champagnie,11.109756097560975,NORMAL,NBA,5.8,1.5,,27.6,11.109756097560975,5.8,1.5,0.609,0.146
1610612764,1630551,Justin Champagnie,1,2026-27,1610612764.0,69.0,1377.4533333333334,384.0,84.0,-294.0,2025-26,20.0,0.589,0.161,Justin Champagnie,8.652173913043478,NORMAL,NBA,5.6,1.2,,20.0,8.652173913043478,5.6,1.2,0.589,0.161
1610612746,1642353,Cam Christie,1,2026-27,1610612746.0,55.0,479.75,78.0,31.0,-12.0,2025-26,8.7,0.484,0.168,Cam Christie,2.8363636363636364,NORMAL,NBA,1.4,0.6,,8.7,2.8363636363636364,1.4,0.6,0.484,0.168
1610612742,1631108,Max Christie,1,2026-27,1610612742.0,77.0,2244.48,249.0,151.0,-339.0,2025-26,29.1,0.601,0.162,Max Christie,12.272727272727272,NORMAL,NBA,3.2,2.0,,29.1,12.272727272727272,3.2,2.0,0.601,0.162
1610612742,1630619,Moussa Cisse,1,2026-27,1610612742.0,38.0,529.58,216.0,9.0,-3.0,2025-26,13.9,0.564,0.136,Moussa Cisse,4.473684210526316,NORMAL,NBA,5.7,0.2,,13.9,4.473684210526316,5.7,0.2,0.564,0.136
1610612757,1631321,Sidy Cissoko,1,2026-27,1610612757.0,75.0,1435.055,166.0,110.0,-60.0,2025-26,19.1,0.514,0.123,Sidy Cissoko,5.1066666666666665,NORMAL,NBA,2.2,1.5,,19.1,5.1066666666666665,2.2,1.5,0.514,0.123
1610612750,1641740,Jaylen Clark,1,2026-27,1610612750.0,68.0,887.7033333333334,120.0,43.0,73.0,2025-26,13.1,0.534,0.126,Jaylen Clark,4.044117647058823,NORMAL,NBA,1.8,0.6,,13.1,4.044117647058823,1.8,0.6,0.534,0.126
1610612752,203903,Jordan Clarkson,1,2026-27,1610612752.0,72.0,1279.4616666666666,127.0,96.0,110.0,2025-26,17.8,0.548,0.203,Jordan Clarkson,8.63888888888889,NORMAL,NBA,1.8,1.3,,17.8,8.63888888888889,1.8,1.3,0.548,0.203
1610612741,1629651,Nic Claxton,1,2026-27,1610612751.0,69.0,1920.3666666666663,478.0,253.0,-515.0,2025-26,27.8,0.592,0.175,Nic Claxton,11.73913043478261,NORMAL,NBA,6.9,3.7,,27.8,11.73913043478261,6.9,3.7,0.592,0.175
1610612763,1642383,Walter Clayton Jr.,1,2026-27,1610612763.0,69.0,1410.535,139.0,279.0,-285.0,2025-26,20.4,0.523,0.181,Walter Clayton Jr.,7.797101449275362,NORMAL,NBA,2.0,4.0,,20.4,7.797101449275362,2.0,4.0,0.523,0.181
1610612758,1642363,Nique Clifford,1,2026-27,1610612758.0,75.0,1881.925,282.0,179.0,-219.0,2025-26,25.1,0.505,0.167,Nique Clifford,8.6,NORMAL,NBA,3.8,2.4,,25.1,8.6,3.8,2.4,0.505,0.167
1610612757,1642270,Donovan Clingan,1,2026-27,1610612757.0,77.0,2093.6366666666668,892.0,162.0,14.0,2025-26,27.2,0.604,0.163,Donovan Clingan,12.12987012987013,NORMAL,NBA,11.6,2.1,,27.2,12.12987012987013,11.6,2.1,0.604,0.163
1610612751,1641730,Noah Clowney,1,2026-27,1610612751.0,66.0,1780.0633333333333,273.0,108.0,-329.0,2025-26,27.0,0.554,0.202,Noah Clowney,12.257575757575758,NORMAL,NBA,4.1,1.6,,27.0,12.257575757575758,4.1,1.6,0.554,0.202
1610612756,1629599,Amir Coffey,1,2026-27,1610612756.0,46.0,490.50166666666667,57.0,27.0,-32.0,2025-26,10.7,0.594,0.117,Amir Coffey,3.239130434782609,NORMAL,NBA,1.2,0.6,,10.7,3.239130434782609,1.2,0.6,0.594,0.117
1610612762,1642268,Isaiah Collier,1,2026-27,1610612762.0,59.0,1516.92,150.0,423.0,-443.0,2025-26,25.7,0.567,0.204,Isaiah Collier,11.66101694915254,NORMAL,NBA,2.5,7.2,,25.7,11.66101694915254,2.5,7.2,0.567,0.204
1610612765,1628381,John Collins,1,2026-27,1610612746.0,69.0,1871.4783333333328,367.0,70.0,-38.0,2025-26,27.1,0.643,0.188,John Collins,13.55072463768116,NORMAL,NBA,5.3,1.0,,27.1,13.55072463768116,5.3,1.0,0.643,0.188
1610612741,1628380,Zach Collins,1,2026-27,1610612741.0,10.0,183.73666666666668,56.0,15.0,18.0,2025-26,18.4,0.666,0.177,Zach Collins,9.7,NORMAL,NBA,5.6,1.5,,18.4,9.7,5.6,1.5,0.666,0.177
1610612738,201144,Mike Conley,1,2026-27,1610612750.0,54.0,991.2983333333332,93.0,157.0,15.0,2025-26,18.4,0.517,0.113,Mike Conley,4.537037037037037,NORMAL,NBA,1.7,2.9,,18.4,4.537037037037037,1.7,2.9,0.517,0.113
1610612766,1626192,Pat Connaughton,1,2026-27,1610612766.0,42.0,296.5183333333333,61.0,18.0,-29.0,2025-26,7.1,0.586,0.15,Pat Connaughton,2.619047619047619,NORMAL,NBA,1.5,0.4,,7.1,2.619047619047619,1.5,0.4,0.586,0.15
1610612748,1643553,Ryan Conwell,1,2026-27,,34.0,,,,,,30.9,0.566,0.295,,18.8,NO_HISTORY,NCAA,4.8,2.7,False,19.747,8.7177,2.9974800000000004,1.75948,0.5319534,0.1875725
1610612764,1630536,Sharife Cooper,1,2026-27,1610612764.0,41.0,699.9983333333333,86.0,124.0,-184.0,2025-26,17.1,0.609,0.197,Sharife Cooper,8.121951219512194,NORMAL,NBA,2.1,3.0,,17.1,8.121951219512194,2.1,3.0,0.609,0.197
1610612745,1643595,Quadir Copeland,1,2026-27,,34.0,,,,,,28.8,0.592,0.257,,13.9,NO_HISTORY,NCAA,3.6,6.5,False,19.747,7.62255,2.50356,3.6496,0.5380608,0.1748235
1610612764,1641731,Bilal Coulibaly,1,2026-27,1610612764.0,56.0,1467.605,243.0,145.0,-414.0,2025-26,26.2,0.531,0.193,Bilal Coulibaly,11.732142857142858,NORMAL,NBA,4.3,2.6,,26.2,11.732142857142858,4.3,2.6,0.531,0.193
1610612763,1642907,Cedric Coward,1,2026-27,1610612763.0,62.0,1597.9466666666667,364.0,171.0,23.0,2025-26,25.8,0.585,0.207,Cedric Coward,13.596774193548388,NORMAL,NBA,5.9,2.8,,25.8,13.596774193548388,5.9,2.8,0.585,0.207
1610612745,1642384,Isaiah Crawford,1,2026-27,1610612745.0,14.0,92.1,16.0,5.0,-9.0,2025-26,6.6,0.526,0.138,Isaiah Crawford,2.0,NORMAL,NBA,1.1,0.4,,6.6,2.0,1.1,0.4,0.526,0.138
1610612744,1643018,LJ Cryer,1,2026-27,1610612744.0,18.0,292.14666666666665,28.0,18.0,16.0,2025-26,16.2,0.59,0.196,LJ Cryer,8.222222222222221,NORMAL,NBA,1.6,1.0,,16.2,8.222222222222221,1.6,1.0,0.59,0.196
1610612765,1630595,Cade Cunningham,1,2026-27,1610612765.0,64.0,2171.6716666666666,355.0,634.0,518.0,2025-26,33.9,0.564,0.296,Cade Cunningham,23.921875,NORMAL,NBA,5.5,9.9,,33.9,23.921875,5.5,9.9,0.564,0.296
1610612744,203552,Seth Curry,1,2026-27,1610612744.0,10.0,133.0,12.0,10.0,1.0,2025-26,13.3,0.654,0.169,Seth Curry,7.1,NORMAL,NBA,1.2,1.0,,13.3,7.1,1.2,1.0,0.654,0.169
1610612744,201939,Stephen Curry,1,2026-27,1610612744.0,43.0,1328.7283333333332,154.0,203.0,89.0,2025-26,30.9,0.637,0.308,Stephen Curry,26.55813953488372,NORMAL,NBA,3.6,4.7,,30.9,26.55813953488372,3.6,4.7,0.637,0.308
1610612752,1642359,Pacôme Dadiet,1,2026-27,1610612752.0,29.0,135.76,27.0,12.0,-5.0,2025-26,4.7,0.454,0.167,Pacôme Dadiet,1.6551724137931034,NORMAL,NBA,0.9,0.4,,4.7,1.6551724137931034,0.9,0.4,0.454,0.167
1610612737,1630700,Dyson Daniels,1,2026-27,1610612737.0,76.0,2519.54,520.0,449.0,306.0,2025-26,33.2,0.542,0.157,Dyson Daniels,11.855263157894736,NORMAL,NBA,6.8,5.9,,33.2,11.855263157894736,6.8,5.9,0.542,0.157
1610612764,203076,Anthony Davis,1,2026-27,1610612764.0,20.0,625.63,221.0,56.0,-50.0,2025-26,31.3,0.551,0.272,Anthony Davis,20.35,NORMAL,NBA,11.0,2.8,,31.3,20.35,11.0,2.8,0.551,0.272
1610612753,1631120,JD Davison,1,2026-27,1610612745.0,28.0,218.41666666666663,34.0,35.0,16.0,2025-26,7.8,0.477,0.153,JD Davison,2.4642857142857144,NORMAL,NBA,1.2,1.2,,7.8,2.4642857142857144,1.2,1.2,0.477,0.153
1610612738,1643620,Tucker DeVries,1,2026-27,,32.0,,,,,,34.3,0.546,0.22,,13.7,NO_HISTORY,NCAA,5.2,3.3,False,19.747,7.57785,3.16212,2.05792,0.5272554,0.16241
1610612737,1642484,RayJ Dennis,1,2026-27,1610612737.0,17.0,206.2333333333333,26.0,33.0,-62.0,2025-26,12.1,0.425,0.195,RayJ Dennis,4.352941176470588,NORMAL,NBA,1.5,1.9,,12.1,4.352941176470588,1.5,1.9,0.425,0.195
1610612750,1628978,Donte DiVincenzo,1,2026-27,1610612750.0,82.0,2494.036666666667,336.0,313.0,337.0,2025-26,30.4,0.567,0.164,Donte DiVincenzo,12.195121951219512,NORMAL,NBA,4.1,3.8,,30.4,12.195121951219512,4.1,3.8,0.567,0.164
1610612740,1643738,Malik Dia,1,2026-27,,35.0,,,,,,24.3,0.516,0.331,,14.5,NO_HISTORY,NCAA,5.7,0.8,False,19.747,7.75665,3.36792,0.81442,0.5202084,0.1996505
1610612766,1631217,Moussa Diabaté,1,2026-27,1610612766.0,73.0,1898.9566666666667,635.0,141.0,345.0,2025-26,26.0,0.653,0.112,Moussa Diabaté,7.876712328767123,NORMAL,NBA,8.7,1.9,,26.0,7.876712328767123,8.7,1.9,0.653,0.112
1610612743,1643813,Alpha Diallo,1,2026-27,,59.0,,,,,,25.8,0.585,0.217,,11.4,NO_HISTORY,INTERNATIONAL,4.4,1.8,False,21.424,9.9237,4.264060000000001,1.94976,0.521619,0.1780268
1610612752,1642885,Mohamed Diawara,1,2026-27,1610612752.0,69.0,634.1516666666666,94.0,53.0,58.0,2025-26,9.2,0.55,0.169,Mohamed Diawara,3.565217391304348,NORMAL,NBA,1.4,0.8,,9.2,3.565217391304348,1.4,0.8,0.55,0.169
1610612761,1641711,Gradey Dick,1,2026-27,1610612761.0,76.0,1066.6883333333333,147.0,51.0,123.0,2025-26,14.0,0.538,0.176,Gradey Dick,5.9868421052631575,NORMAL,NBA,1.9,0.7,,14.0,5.9868421052631575,1.9,0.7,0.538,0.176
1610612749,1631172,Ousmane Dieng,1,2026-27,1610612749.0,57.0,1099.4716666666666,180.0,136.0,-210.0,2025-26,19.3,0.516,0.192,Ousmane Dieng,7.56140350877193,NORMAL,NBA,3.2,2.4,,19.3,7.56140350877193,3.2,2.4,0.516,0.192
1610612741,1642265,Rob Dillingham,1,2026-27,1610612741.0,65.0,969.9533333333334,131.0,143.0,-146.0,2025-26,14.9,0.469,0.218,Rob Dillingham,6.292307692307692,NORMAL,NBA,2.0,2.2,,14.9,6.292307692307692,2.0,2.2,0.469,0.218
1610612739,1631215,Khalifa Diop,1,2026-27,,47.0,,,,,,16.4,0.683,0.106,,3.8,NO_HISTORY,INTERNATIONAL,4.2,0.7,False,21.424,3.3079,4.12528,1.09484,0.5472362000000001,0.0869624
1610612760,1643717,Josh Dix,1,2026-27,,34.0,,,,,,32.9,0.558,0.205,,13.2,NO_HISTORY,NCAA,3.7,2.3,False,19.747,7.4661,2.54472,1.56052,0.5300742,0.1573775
1610612748,1643621,Tre Donaldson,1,2026-27,,35.0,,,,,,33.9,0.553,0.246,,16.4,NO_HISTORY,NCAA,3.6,5.7,False,19.747,8.1813,2.50356,3.2516800000000003,0.5288997,0.171133
1610612747,1629029,Luka Dončić,1,2026-27,1610612747.0,64.0,2288.6016666666665,495.0,530.0,187.0,2025-26,35.8,0.616,0.368,Luka Dončić,33.484375,NORMAL,NBA,7.7,8.3,,35.8,33.484375,7.7,8.3,0.616,0.368
1610612737,1629652,Luguentz Dort,1,2026-27,1610612760.0,69.0,1848.7416666666663,245.0,85.0,294.0,2025-26,26.8,0.524,0.139,Luguentz Dort,8.347826086956522,NORMAL,NBA,3.6,1.2,,26.8,8.347826086956522,3.6,1.2,0.524,0.139
1610612750,1630245,Ayo Dosunmu,1,2026-27,1610612750.0,69.0,1881.0433333333333,237.0,249.0,-67.0,2025-26,27.3,0.63,0.197,Ayo Dosunmu,14.81159420289855,NORMAL,NBA,3.4,3.6,,27.3,14.81159420289855,3.4,3.6,0.63,0.197
1610612752,203083,Andre Drummond,1,2026-27,1610612755.0,63.0,1230.7483333333332,532.0,80.0,-86.0,2025-26,19.5,0.539,0.143,Andre Drummond,6.396825396825397,NORMAL,NBA,8.4,1.3,,19.5,6.396825396825397,8.4,1.3,0.539,0.143
1610612746,1627739,Kris Dunn,1,2026-27,1610612746.0,82.0,2230.0,271.0,295.0,15.0,2025-26,27.2,0.581,0.122,Kris Dunn,7.268292682926829,NORMAL,NBA,3.3,3.6,,27.2,7.268292682926829,3.3,3.6,0.581,0.122
1610612756,1642346,Ryan Dunn,1,2026-27,1610612756.0,70.0,1355.245,297.0,102.0,4.0,2025-26,19.4,0.532,0.136,Ryan Dunn,5.814285714285714,NORMAL,NBA,4.2,1.5,,19.4,5.814285714285714,4.2,1.5,0.532,0.136
1610612745,201142,Kevin Durant,1,2026-27,1610612745.0,78.0,2839.8233333333333,426.0,372.0,340.0,2025-26,36.4,0.641,0.263,Kevin Durant,25.97435897435897,NORMAL,NBA,5.5,4.8,,36.4,25.97435897435897,5.5,4.8,0.641,0.263
1610612765,1631105,Jalen Duren,1,2026-27,1610612765.0,70.0,1975.8533333333328,737.0,138.0,480.0,2025-26,28.2,0.688,0.231,Jalen Duren,19.5,NORMAL,NBA,10.5,2.0,,28.2,19.5,10.5,2.0,0.688,0.231
1610612764,1643407,AJ Dybantsa,1,2026-27,,35.0,,,,,,34.8,0.6,0.34,,25.5,NO_HISTORY,NCAA,6.8,3.7,False,19.747,10.21515,3.82068,2.25688,0.53994,0.20267
1610612751,1642856,Egor Dëmin,1,2026-27,1610612751.0,52.0,1308.2083333333333,165.0,173.0,-161.0,2025-26,25.2,0.561,0.182,Egor Dëmin,10.307692307692308,NORMAL,NBA,3.2,3.3,,25.2,10.307692307692308,3.2,3.3,0.561,0.182
1610612745,1631106,Tari Eason,1,2026-27,1610612745.0,60.0,1549.105,376.0,90.0,167.0,2025-26,25.8,0.514,0.181,Tari Eason,10.45,NORMAL,NBA,6.3,1.5,,25.8,10.45,6.3,1.5,0.514,0.181
1610612763,1641744,Zach Edey,1,2026-27,1610612763.0,11.0,283.8516666666667,122.0,12.0,113.0,2025-26,25.8,0.669,0.2,Zach Edey,13.636363636363637,NORMAL,NBA,11.1,1.1,,25.8,13.636363636363637,11.1,1.1,0.669,0.2
1610612755,1642845,VJ Edgecombe,1,2026-27,1610612755.0,75.0,2623.305,423.0,315.0,57.0,2025-26,35.0,0.54,0.196,VJ Edgecombe,15.986666666666666,NORMAL,NBA,5.6,4.2,,35.0,15.986666666666666,5.6,4.2,0.54,0.196
1610612750,1630162,Anthony Edwards,1,2026-27,1610612750.0,61.0,2136.593333333333,302.0,226.0,162.0,2025-26,35.0,0.617,0.309,Anthony Edwards,28.80327868852459,NORMAL,NBA,5.0,3.7,,35.0,28.80327868852459,5.0,3.7,0.617,0.309
1610612755,1642348,Justin Edwards,1,2026-27,1610612755.0,64.0,977.0183333333332,94.0,80.0,-71.0,2025-26,15.3,0.572,0.154,Justin Edwards,6.03125,NORMAL,NBA,1.5,1.2,,15.3,6.03125,1.5,1.2,0.572,0.154
1610612737,1643544,Zuby Ejiofor,1,2026-27,,37.0,,,,,,30.0,0.609,0.249,,16.3,NO_HISTORY,NCAA,7.3,3.5,False,19.747,8.15895,4.02648,2.1574,0.5420541,0.1721395
1610612751,1631165,Keon Ellis,1,2026-27,1610612739.0,72.0,1478.638333333333,135.0,72.0,-144.0,2025-26,20.5,0.579,0.129,Keon Ellis,6.666666666666667,NORMAL,NBA,1.9,1.0,,20.5,6.666666666666667,1.9,1.0,0.579,0.129
1610612755,203954,Joel Embiid,1,2026-27,1610612755.0,38.0,1200.638333333333,293.0,150.0,155.0,2025-26,31.6,0.605,0.336,Joel Embiid,26.86842105263158,NORMAL,NBA,7.7,3.9,,31.6,26.86842105263158,7.7,3.9,0.605,0.336
1610612739,1642400,Tristan Enaruna,1,2026-27,1610612739.0,9.0,85.13333333333334,14.0,7.0,43.0,2025-26,9.5,0.587,0.16,Tristan Enaruna,4.111111111111111,NORMAL,NBA,1.6,0.8,,9.5,4.111111111111111,1.6,0.8,0.587,0.16
1610612741,1642855,Noa Essengue,1,2026-27,1610612741.0,2.0,6.033333333333333,0.0,0.0,-15.0,2025-26,3.0,0.0,0.188,Noa Essengue,0.0,NORMAL,NBA,0.0,0.0,,3.0,0.0,0.0,0.0,0.0,0.188
1610612750,1642912,Isaiah Evans,1,2026-27,,38.0,,,,,,28.3,0.59,0.249,,15.0,NO_HISTORY,NCAA,3.2,1.3,False,19.747,7.8684,2.33892,1.06312,0.537591,0.1721395
1610612755,1629605,Tacko Fall,1,2026-27,,11.0,58.78333333333333,23.0,2.0,5.0,,5.3,0.398,0.124,,1.0909090909090908,SEASONED_PLAYER,NBA_FALLBACK,2.1,0.2,False,5.3,1.0909090909090908,2.1,0.2,0.398,0.124
1610612740,1642847,Jeremiah Fears,1,2026-27,1610612740.0,82.0,2111.903333333333,300.0,279.0,-287.0,2025-26,25.8,0.525,0.245,Jeremiah Fears,14.25609756097561,NORMAL,NBA,3.7,3.4,,25.8,14.25609756097561,3.7,3.4,0.525,0.245
1610612762,1642271,Kyle Filipowski,1,2026-27,1610612762.0,77.0,1800.9433333333334,552.0,198.0,-256.0,2025-26,23.4,0.586,0.197,Kyle Filipowski,11.415584415584416,NORMAL,NBA,7.2,2.6,,23.4,11.415584415584416,7.2,2.6,0.586,0.197
1610612766,1627827,Dorian Finney-Smith,1,2026-27,1610612745.0,37.0,620.3116666666666,93.0,36.0,15.0,2025-26,16.8,0.452,0.104,Dorian Finney-Smith,3.324324324324324,NORMAL,NBA,2.5,1.0,,16.8,3.324324324324324,2.5,1.0,0.452,0.104
1610612742,1642843,Cooper Flagg,1,2026-27,1610612742.0,70.0,2343.858333333333,466.0,316.0,-266.0,2025-26,33.5,0.548,0.264,Cooper Flagg,21.042857142857144,NORMAL,NBA,6.7,4.5,,33.5,21.042857142857144,6.7,4.5,0.548,0.264
1610612758,1641745,Adam Flagler,1,2026-27,,37.0,202.965,27.0,12.0,7.0,,5.5,0.335,0.207,,1.7567567567567568,SEASONED_PLAYER,NBA_FALLBACK,0.7,0.3,False,5.5,1.7567567567567568,0.7,0.3,0.335,0.207
1610612756,1642853,Rasheer Fleming,1,2026-27,1610612756.0,55.0,673.4016666666666,124.0,16.0,97.0,2025-26,12.2,0.517,0.159,Rasheer Fleming,4.327272727272727,NORMAL,NBA,2.3,0.3,,12.2,4.327272727272727,2.3,0.3,0.517,0.159
1610612737,1643412,Kingston Flemings,1,2026-27,,37.0,,,,,,31.7,0.563,0.262,,16.1,NO_HISTORY,NCAA,4.1,5.2,False,19.747,8.11425,2.70936,3.0029800000000004,0.5312487,0.176501
1610612748,1631323,Simone Fontecchio,1,2026-27,1610612748.0,70.0,1172.47,211.0,101.0,91.0,2025-26,16.7,0.579,0.184,Simone Fontecchio,8.528571428571428,NORMAL,NBA,3.0,1.4,,16.7,8.528571428571428,3.0,1.4,0.579,0.184
1610612759,1628368,De'Aaron Fox,1,2026-27,1610612759.0,72.0,2231.065,270.0,445.0,452.0,2025-26,31.0,0.578,0.242,De'Aaron Fox,18.55555555555556,NORMAL,NBA,3.8,6.2,,31.0,18.55555555555556,3.8,6.2,0.578,0.242
1610612750,1642402,Enrique Freeman,1,2026-27,1610612750.0,4.0,37.208333333333336,10.0,2.0,28.0,2025-26,9.3,0.666,0.113,Enrique Freeman,3.25,NORMAL,NBA,2.5,0.5,,9.3,3.25,2.5,0.5,0.666,0.113
1610612754,1642277,Johnny Furphy,1,2026-27,1610612754.0,35.0,643.0533333333333,153.0,41.0,-58.0,2025-26,18.4,0.547,0.125,Johnny Furphy,5.142857142857143,NORMAL,NBA,4.4,1.2,,18.4,5.142857142857143,4.4,1.2,0.547,0.125
1610612742,1629655,Daniel Gafford,1,2026-27,1610612742.0,55.0,1194.4383333333333,378.0,58.0,-188.0,2025-26,21.7,0.677,0.151,Daniel Gafford,9.527272727272727,NORMAL,NBA,6.9,1.1,,21.7,9.527272727272727,6.9,1.1,0.677,0.151
1610612748,1642066,Myron Gardner,1,2026-27,1610612748.0,45.0,410.505,122.0,44.0,78.0,2025-26,9.1,0.606,0.139,Myron Gardner,3.6222222222222222,NORMAL,NBA,2.7,1.0,,9.1,3.6222222222222222,2.7,1.0,0.606,0.139
1610612746,1629636,Darius Garland,1,2026-27,1610612746.0,45.0,1344.2766666666666,107.0,301.0,84.0,2025-26,29.9,0.582,0.266,Darius Garland,18.77777777777778,NORMAL,NBA,2.4,6.7,,29.9,18.77777777777778,2.4,6.7,0.582,0.266
1610612738,1630568,Luka Garza,1,2026-27,1610612738.0,69.0,1117.9083333333333,281.0,66.0,124.0,2025-26,16.2,0.682,0.168,Luka Garza,8.072463768115941,NORMAL,NBA,4.1,1.0,,16.2,8.072463768115941,4.1,1.0,0.682,0.168
1610612762,1641718,Keyonte George,1,2026-27,1610612762.0,54.0,1786.1083333333331,199.0,332.0,-335.0,2025-26,33.1,0.609,0.275,Keyonte George,23.61111111111111,NORMAL,NBA,3.7,6.1,,33.1,23.61111111111111,3.7,6.1,0.609,0.275
1610612764,1642273,Kyshawn George,1,2026-27,1610612764.0,48.0,1390.9633333333334,245.0,214.0,-355.0,2025-26,29.0,0.559,0.222,Kyshawn George,14.791666666666666,NORMAL,NBA,5.1,4.5,,29.0,14.791666666666666,5.1,4.5,0.559,0.222
1610612738,202331,Paul George,1,2026-27,1610612755.0,37.0,1135.0316666666668,196.0,133.0,89.0,2025-26,30.7,0.57,0.229,Paul George,17.324324324324323,NORMAL,NBA,5.3,3.6,,30.7,17.324324324324323,5.3,3.6,0.57,0.229
1610612763,201959,Taj Gibson,1,2026-27,1610612763.0,10.0,96.87333333333332,27.0,6.0,-7.0,2025-26,9.7,0.576,0.123,Taj Gibson,3.4,NORMAL,NBA,2.7,0.6,,9.7,3.4,2.7,0.6,0.576,0.123
1610612741,1630581,Josh Giddey,1,2026-27,1610612741.0,54.0,1731.3566666666666,448.0,494.0,-187.0,2025-26,32.1,0.562,0.238,Josh Giddey,17.01851851851852,NORMAL,NBA,8.3,9.1,,32.1,17.01851851851852,8.3,9.1,0.562,0.238
1610612737,1642933,Keshon Gilbert,1,2026-27,1610612737.0,4.0,73.78333333333333,5.0,12.0,-58.0,2025-26,18.4,0.564,0.131,Keshon Gilbert,4.25,NORMAL,NBA,1.2,3.0,,18.4,4.25,1.2,3.0,0.564,0.131
1610612760,1628983,Shai Gilgeous-Alexander,1,2026-27,1610612760.0,68.0,2258.9466666666667,292.0,448.0,788.0,2025-26,33.2,0.665,0.323,Shai Gilgeous-Alexander,31.13235294117647,NORMAL,NBA,4.3,6.6,,33.2,31.13235294117647,4.3,6.6,0.665,0.323
1610612764,1630264,Anthony Gill,1,2026-27,1610612764.0,55.0,950.9466666666668,158.0,69.0,-293.0,2025-26,17.3,0.682,0.116,Anthony Gill,5.836363636363636,NORMAL,NBA,2.9,1.3,,17.3,5.836363636363636,2.9,1.3,0.682,0.116
1610612756,1631221,Collin Gillespie,1,2026-27,1610612756.0,80.0,2281.8016666666667,327.0,371.0,200.0,2025-26,28.5,0.575,0.181,Collin Gillespie,12.65,NORMAL,NBA,4.1,4.6,,28.5,12.65,4.1,4.6,0.575,0.181
1610612759,1643551,Ja'Kobi Gillespie,1,2026-27,,37.0,,,,,,34.7,0.538,0.27,,18.4,NO_HISTORY,NCAA,2.8,5.4,False,19.747,8.6283,2.17428,3.10246,0.5253762,0.179185
1610612750,203497,Rudy Gobert,1,2026-27,1610612750.0,76.0,2380.0466666666666,872.0,128.0,233.0,2025-26,31.3,0.664,0.127,Rudy Gobert,10.907894736842104,NORMAL,NBA,11.5,1.7,,31.3,10.907894736842104,11.5,1.7,0.664,0.127
1610612748,1642884,Vladislav Goldin,1,2026-27,1610612748.0,9.0,23.961666666666662,9.0,3.0,5.0,2025-26,2.7,0.788,0.101,Vladislav Goldin,0.7777777777777778,NORMAL,NBA,1.0,0.3,,2.7,0.7777777777777778,1.0,0.3,0.788,0.101
1610612738,1642864,Hugo González,1,2026-27,1610612738.0,74.0,1083.93,246.0,40.0,246.0,2025-26,14.6,0.561,0.114,Hugo González,3.905405405405405,NORMAL,NBA,3.3,0.5,,14.6,3.905405405405405,3.3,0.5,0.561,0.114
1610612756,1630692,Jordan Goodwin,1,2026-27,1610612756.0,70.0,1571.7766666666666,341.0,151.0,93.0,2025-26,22.5,0.525,0.167,Jordan Goodwin,8.7,NORMAL,NBA,4.9,2.2,,22.5,8.7,4.9,2.2,0.525,0.167
1610612743,203932,Aaron Gordon,1,2026-27,1610612743.0,36.0,1004.9583333333334,209.0,96.0,272.0,2025-26,27.9,0.62,0.213,Aaron Gordon,16.166666666666668,NORMAL,NBA,5.8,2.7,,27.9,16.166666666666668,5.8,2.7,0.62,0.213
1610612763,203924,Jerami Grant,1,2026-27,1610612757.0,57.0,1695.1016666666667,198.0,122.0,-6.0,2025-26,29.7,0.608,0.228,Jerami Grant,18.59649122807017,NORMAL,NBA,3.5,2.1,,29.7,18.59649122807017,3.5,2.1,0.608,0.228
1610612761,1643512,Allen Graves,1,2026-27,,35.0,,,,,,22.7,0.613,0.22,,11.8,NO_HISTORY,NCAA,6.5,1.8,False,19.747,7.1532,3.697200000000001,1.31182,0.5429937,0.16241
1610612762,1643060,Hayden Gray,1,2026-27,1610612762.0,1.0,24.75,0.0,1.0,-18.0,2025-26,24.8,0.773,0.079,Hayden Gray,6.0,NORMAL,NBA,0.0,1.0,,24.8,6.0,0.0,1.0,0.773,0.079
1610612749,1631260,AJ Green,1,2026-27,1610612749.0,78.0,2269.9333333333334,213.0,152.0,-148.0,2025-26,29.1,0.627,0.135,AJ Green,10.371794871794872,NORMAL,NBA,2.7,1.9,,29.1,10.371794871794872,2.7,1.9,0.627,0.135
1610612744,203110,Draymond Green,1,2026-27,1610612744.0,68.0,1868.888333333333,375.0,376.0,-134.0,2025-26,27.5,0.54,0.158,Draymond Green,8.382352941176471,NORMAL,NBA,5.5,5.5,,27.5,8.382352941176471,5.5,5.5,0.54,0.158
1610612756,1630224,Jalen Green,1,2026-27,1610612756.0,32.0,828.325,116.0,91.0,33.0,2025-26,25.9,0.516,0.309,Jalen Green,17.75,NORMAL,NBA,3.6,2.8,,25.9,17.75,3.6,2.8,0.516,0.309
1610612765,1629750,Javonte Green,1,2026-27,1610612765.0,82.0,1445.9616666666666,230.0,56.0,215.0,2025-26,17.6,0.607,0.143,Javonte Green,6.939024390243903,NORMAL,NBA,2.8,0.7,,17.6,6.939024390243903,2.8,0.7,0.607,0.143
1610612745,201145,Jeff Green,1,2026-27,1610612745.0,30.0,174.81666666666666,25.0,8.0,-26.0,2025-26,5.8,0.477,0.171,Jeff Green,2.2333333333333334,NORMAL,NBA,0.8,0.3,,5.8,2.2333333333333334,0.8,0.3,0.477,0.171
1610612762,1630182,Josh Green,1,2026-27,1610612766.0,58.0,907.9283333333332,102.0,47.0,207.0,2025-26,15.7,0.644,0.104,Josh Green,4.293103448275862,NORMAL,NBA,1.8,0.8,,15.7,4.293103448275862,1.8,0.8,0.644,0.104
1610612747,1629656,Quentin Grimes,1,2026-27,1610612755.0,75.0,2205.721666666667,273.0,244.0,8.0,2025-26,29.4,0.585,0.183,Quentin Grimes,13.413333333333334,NORMAL,NBA,3.6,3.3,,29.4,13.413333333333334,3.6,3.3,0.585,0.183
1610612737,1631243,Mouhamed Gueye,1,2026-27,1610612737.0,77.0,1178.8366666666666,275.0,69.0,43.0,2025-26,15.3,0.539,0.12,Mouhamed Gueye,4.441558441558442,NORMAL,NBA,3.6,0.9,,15.3,4.441558441558442,3.6,0.9,0.539,0.12
1610612746,1629060,Rui Hachimura,1,2026-27,1610612747.0,68.0,1926.565,226.0,57.0,81.0,2025-26,28.3,0.62,0.149,Rui Hachimura,11.470588235294118,NORMAL,NBA,3.3,0.8,,28.3,11.470588235294118,3.3,0.8,0.62,0.149
1610612748,1643727,J'Vonne Hadley,1,2026-27,,34.0,,,,,,28.1,0.648,0.17,,11.5,NO_HISTORY,NCAA,5.1,1.8,False,19.747,7.08615,3.12096,1.31182,0.5512152,0.145635
1610612754,1630169,Tyrese Haliburton,1,2026-27,,73.0,2450.391666666667,258.0,673.0,222.0,,33.6,0.616,0.21,,18.616438356164384,SEASONED_PLAYER,NBA_FALLBACK,3.5,9.2,False,33.6,18.616438356164384,3.5,9.2,0.616,0.21
1610612766,1641790,PJ Hall,1,2026-27,1610612766.0,19.0,213.37833333333333,75.0,10.0,-29.0,2025-26,11.2,0.599,0.17,PJ Hall,4.526315789473684,NORMAL,NBA,3.9,0.5,,11.2,4.526315789473684,3.9,0.5,0.599,0.17
1610612748,203501,Tim Hardaway Jr.,1,2026-27,1610612743.0,80.0,2127.3,206.0,108.0,200.0,2025-26,26.6,0.624,0.177,Tim Hardaway Jr.,13.4875,NORMAL,NBA,2.6,1.4,,26.6,13.4875,2.6,1.4,0.624,0.177
1610612739,201935,James Harden,1,2026-27,1610612739.0,70.0,2438.495,336.0,557.0,99.0,2025-26,34.8,0.61,0.279,James Harden,23.6,NORMAL,NBA,4.8,8.0,,34.8,23.6,4.8,8.0,0.61,0.279
1610612747,1630702,Jaden Hardy,1,2026-27,1610612764.0,57.0,898.0966666666667,86.0,58.0,-84.0,2025-26,15.8,0.566,0.239,Jaden Hardy,9.175438596491228,NORMAL,NBA,1.5,1.0,,15.8,9.175438596491228,1.5,1.0,0.566,0.239
1610612765,1641989,Elijah Harkless,1,2026-27,1610612762.0,26.0,544.8133333333334,53.0,75.0,-33.0,2025-26,21.0,0.471,0.162,Elijah Harkless,6.846153846153846,NORMAL,NBA,2.0,2.9,,21.0,6.846153846153846,2.0,2.9,0.471,0.162
1610612759,1642844,Dylan Harper,1,2026-27,1610612759.0,69.0,1557.9566666666667,234.0,266.0,303.0,2025-26,22.6,0.574,0.211,Dylan Harper,11.782608695652174,NORMAL,NBA,3.4,3.9,,22.6,11.782608695652174,3.4,3.9,0.574,0.211
1610612738,1631199,Ron Harper Jr.,1,2026-27,1610612738.0,29.0,317.52666666666664,48.0,22.0,18.0,2025-26,10.9,0.55,0.158,Ron Harper Jr.,4.241379310344827,NORMAL,NBA,1.7,0.8,,10.9,4.241379310344827,1.7,0.8,0.55,0.158
1610612765,203914,Gary Harris,1,2026-27,1610612749.0,48.0,660.7683333333333,61.0,51.0,-132.0,2025-26,13.8,0.593,0.082,Gary Harris,2.6666666666666665,NORMAL,NBA,1.3,1.1,,13.8,2.6666666666666665,1.3,1.1,0.593,0.082
1610612759,202699,Tobias Harris,1,2026-27,1610612765.0,63.0,1745.45,323.0,157.0,368.0,2025-26,27.7,0.574,0.181,Tobias Harris,13.26984126984127,NORMAL,NBA,5.1,2.5,,27.7,13.26984126984127,5.1,2.5,0.574,0.181
1610612752,1628404,Josh Hart,1,2026-27,1610612752.0,66.0,1993.575,486.0,317.0,210.0,2025-26,30.2,0.612,0.163,Josh Hart,12.0,NORMAL,NBA,7.4,4.8,,30.2,12.0,7.4,4.8,0.612,0.163
1610612760,1628392,Isaiah Hartenstein,1,2026-27,1610612760.0,47.0,1137.425,443.0,166.0,365.0,2025-26,24.2,0.631,0.153,Isaiah Hartenstein,9.191489361702128,NORMAL,NBA,9.4,3.5,,24.2,9.191489361702128,9.4,3.5,0.631,0.153
1610612738,1630573,Sam Hauser,1,2026-27,1610612738.0,78.0,1934.15,300.0,114.0,369.0,2025-26,24.8,0.59,0.141,Sam Hauser,9.217948717948715,NORMAL,NBA,3.8,1.5,,24.8,9.217948717948715,3.8,1.5,0.59,0.141
1610612740,1641722,Jordan Hawkins,1,2026-27,1610612740.0,51.0,691.975,88.0,42.0,-133.0,2025-26,13.6,0.48,0.175,Jordan Hawkins,5.0588235294117645,NORMAL,NBA,1.7,0.8,,13.6,5.0588235294117645,1.7,0.8,0.48,0.175
1610612762,1629637,Jaxson Hayes,1,2026-27,1610612747.0,66.0,1206.5783333333334,271.0,59.0,71.0,2025-26,18.3,0.758,0.124,Jaxson Hayes,7.53030303030303,NORMAL,NBA,4.1,0.9,,18.3,7.53030303030303,4.1,0.9,0.758,0.124
1610612757,1630703,Scoot Henderson,1,2026-27,1610612757.0,30.0,747.83,80.0,112.0,53.0,2025-26,24.9,0.553,0.246,Scoot Henderson,14.233333333333333,NORMAL,NBA,2.7,3.7,,24.9,14.233333333333333,2.7,3.7,0.553,0.246
1610612763,1641707,Taylor Hendricks,1,2026-27,1610612763.0,59.0,1118.465,221.0,55.0,-257.0,2025-26,19.0,0.566,0.157,Taylor Hendricks,7.423728813559322,NORMAL,NBA,3.7,0.9,,19.0,7.423728813559322,3.7,0.9,0.566,0.157
1610612761,1642935,Chucky Hepburn,1,2026-27,1610612761.0,2.0,13.233333333333333,1.0,2.0,-16.0,2025-26,6.6,0.0,0.219,Chucky Hepburn,0.0,NORMAL,NBA,0.5,1.0,,6.6,0.0,0.5,1.0,0.0,0.219
1610612749,1629639,Tyler Herro,1,2026-27,1610612748.0,33.0,1032.6533333333334,158.0,136.0,-38.0,2025-26,31.3,0.602,0.248,Tyler Herro,20.51515151515152,NORMAL,NBA,4.8,4.1,,31.3,20.51515151515152,4.8,4.1,0.602,0.248
1610612739,1626209,Mario Hezonja,1,2026-27,,53.0,871.405,184.0,50.0,-177.0,,16.4,0.525,0.135,,4.830188679245283,SEASONED_PLAYER,NBA_FALLBACK,3.5,0.9,False,16.4,4.830188679245283,3.5,0.9,0.525,0.135
1610612737,1627741,Buddy Hield,1,2026-27,1610612737.0,51.0,819.2716666666666,116.0,71.0,-86.0,2025-26,16.1,0.568,0.192,Buddy Hield,7.647058823529412,NORMAL,NBA,2.3,1.4,,16.1,7.647058823529412,2.3,1.4,0.568,0.192
1610612756,1629312,Haywood Highsmith,1,2026-27,1610612756.0,7.0,90.79,13.0,7.0,10.0,2025-26,13.0,0.729,0.121,Haywood Highsmith,5.428571428571429,NORMAL,NBA,1.9,1.0,,13.0,5.428571428571429,1.9,1.0,0.729,0.121
1610612762,1642396,Blake Hinson,1,2026-27,1610612762.0,14.0,285.43333333333334,33.0,16.0,45.0,2025-26,20.4,0.684,0.175,Blake Hinson,11.928571428571429,NORMAL,NBA,2.4,1.1,,20.4,11.928571428571429,2.4,1.1,0.684,0.175
1610612745,1628988,Aaron Holiday,1,2026-27,1610612745.0,57.0,780.7316666666667,58.0,60.0,129.0,2025-26,13.7,0.578,0.159,Aaron Holiday,5.473684210526316,NORMAL,NBA,1.0,1.1,,13.7,5.473684210526316,1.0,1.1,0.578,0.159
1610612757,201950,Jrue Holiday,1,2026-27,1610612757.0,53.0,1560.4016666666666,245.0,322.0,197.0,2025-26,29.4,0.573,0.227,Jrue Holiday,16.32075471698113,NORMAL,NBA,4.6,6.1,,29.4,16.32075471698113,4.6,6.1,0.573,0.227
1610612765,1641842,Ronald Holland II,1,2026-27,1610612765.0,78.0,1550.4483333333333,315.0,95.0,133.0,2025-26,19.9,0.525,0.184,Ronald Holland II,8.205128205128204,NORMAL,NBA,4.0,1.2,,19.9,8.205128205128204,4.0,1.2,0.525,0.184
1610612743,1641747,DaRon Holmes II,1,2026-27,1610612743.0,25.0,209.51,35.0,16.0,-16.0,2025-26,8.4,0.692,0.171,DaRon Holmes II,3.72,NORMAL,NBA,1.4,0.6,,8.4,3.72,1.4,0.6,0.692,0.171
1610612760,1631096,Chet Holmgren,1,2026-27,1610612760.0,69.0,1997.2683333333327,614.0,115.0,678.0,2025-26,28.9,0.653,0.214,Chet Holmgren,17.115942028985508,NORMAL,NBA,8.9,1.7,,28.9,17.115942028985508,8.9,1.7,0.653,0.214
1610612743,1643624,Bryce Hopkins,1,2026-27,,37.0,,,,,,28.8,0.558,0.225,,13.6,NO_HISTORY,NCAA,6.2,1.9,False,19.747,7.5555,3.5737200000000007,1.36156,0.5300742,0.1640875
1610612744,201143,Al Horford,1,2026-27,1610612744.0,45.0,969.185,219.0,116.0,-9.0,2025-26,21.5,0.554,0.163,Al Horford,8.266666666666667,NORMAL,NBA,4.9,2.6,,21.5,8.266666666666667,4.9,2.6,0.554,0.163
1610612740,1631216,Caleb Houstan,1,2026-27,1610612737.0,18.0,75.46666666666667,11.0,4.0,1.0,2025-26,4.2,0.769,0.168,Caleb Houstan,2.333333333333333,NORMAL,NBA,0.6,0.2,,4.2,2.333333333333333,0.6,0.2,0.769,0.168
1610612742,1641724,Jett Howard,1,2026-27,1610612753.0,55.0,695.32,87.0,45.0,-70.0,2025-26,12.6,0.561,0.166,Jett Howard,5.472727272727273,NORMAL,NBA,1.6,0.8,,12.6,5.472727272727273,1.6,0.8,0.561,0.166
1610612765,1628989,Kevin Huerter,1,2026-27,1610612765.0,69.0,1549.0766666666666,240.0,178.0,86.0,2025-26,22.5,0.552,0.184,Kevin Huerter,10.043478260869565,NORMAL,NBA,3.5,2.6,,22.5,10.043478260869565,3.5,2.6,0.552,0.184
1610612754,1630643,Jay Huff,1,2026-27,1610612754.0,82.0,1719.243333333333,324.0,121.0,-252.0,2025-26,21.0,0.598,0.178,Jay Huff,9.548780487804878,NORMAL,NBA,4.0,1.5,,21.0,9.548780487804878,4.0,1.5,0.598,0.178
1610612755,1630574,Ariel Hukporti,1,2026-27,1610612752.0,54.0,497.9616666666666,159.0,29.0,35.0,2025-26,9.2,0.619,0.104,Ariel Hukporti,2.1666666666666665,NORMAL,NBA,2.9,0.5,,9.2,2.1666666666666665,2.9,0.5,0.619,0.104
1610612758,1629631,De'Andre Hunter,1,2026-27,1610612758.0,45.0,1175.486666666667,185.0,90.0,-21.0,2025-26,26.1,0.545,0.218,De'Andre Hunter,13.666666666666666,NORMAL,NBA,4.1,2.0,,26.1,13.666666666666666,4.1,2.0,0.545,0.218
1610612756,1643047,CJ Huntley,1,2026-27,1610612756.0,4.0,40.4,5.0,2.0,15.0,2025-26,10.1,0.545,0.107,CJ Huntley,3.0,NORMAL,NBA,1.2,0.5,,10.1,3.0,1.2,0.5,0.545,0.107
1610612750,1630538,Bones Hyland,1,2026-27,1610612750.0,71.0,1176.9183333333333,127.0,188.0,124.0,2025-26,16.6,0.599,0.197,Bones Hyland,8.507042253521126,NORMAL,NBA,1.8,2.6,,16.6,8.507042253521126,1.8,2.6,0.599,0.197
1610612756,1642345,Oso Ighodaro,1,2026-27,1610612756.0,82.0,1808.37,418.0,185.0,161.0,2025-26,22.1,0.636,0.12,Oso Ighodaro,6.475609756097561,NORMAL,NBA,5.1,2.3,,22.1,6.475609756097561,5.1,2.3,0.636,0.12
1610612761,1627742,Brandon Ingram,1,2026-27,1610612761.0,77.0,2603.863333333333,430.0,284.0,43.0,2025-26,33.8,0.573,0.264,Brandon Ingram,21.49350649350649,NORMAL,NBA,5.6,3.7,,33.8,21.49350649350649,5.6,3.7,0.573,0.264
1610612762,1631127,Harrison Ingram,1,2026-27,1610612759.0,7.0,26.116666666666667,3.0,1.0,-6.0,2025-26,3.7,0.917,0.104,Harrison Ingram,1.5714285714285714,NORMAL,NBA,0.4,0.1,,3.7,1.5714285714285714,0.4,0.1,0.917,0.104
1610612742,202681,Kyrie Irving,1,2026-27,,50.0,1803.7966666666664,240.0,231.0,124.0,,36.1,0.594,0.264,,24.68,SEASONED_PLAYER,NBA_FALLBACK,4.8,4.6,False,36.1,24.68,4.8,4.6,0.594,0.264
1610612753,1628371,Jonathan Isaac,1,2026-27,1610612753.0,52.0,520.8933333333333,132.0,22.0,-35.0,2025-26,10.0,0.498,0.119,Jonathan Isaac,2.576923076923077,NORMAL,NBA,2.5,0.4,,10.0,2.576923076923077,2.5,0.4,0.498,0.119
1610612742,1643585,Vsevolod Ishchenko,1,2026-27,,42.0,,,,,,24.3,0.611,0.197,,8.7,NO_HISTORY,INTERNATIONAL,4.6,2.0,True,21.424,7.57335,4.402839999999999,2.1052,0.5284154000000001,0.1616188
1610612763,1641713,GG Jackson,1,2026-27,1610612763.0,55.0,1177.765,235.0,81.0,-85.0,2025-26,21.4,0.591,0.23,GG Jackson,12.472727272727273,NORMAL,NBA,4.3,1.5,,21.4,12.472727272727273,4.3,1.5,0.591,0.23
1610612746,1630543,Isaiah Jackson,1,2026-27,1610612746.0,55.0,908.3116666666666,290.0,52.0,-50.0,2025-26,16.5,0.653,0.152,Isaiah Jackson,6.727272727272728,NORMAL,NBA,5.3,0.9,,16.5,6.727272727272728,5.3,0.9,0.653,0.152
1610612754,1631245,Quenton Jackson,1,2026-27,1610612754.0,49.0,897.425,114.0,140.0,-63.0,2025-26,18.3,0.589,0.2,Quenton Jackson,9.142857142857142,NORMAL,NBA,2.3,2.9,,18.3,9.142857142857142,2.3,2.9,0.589,0.2
1610612761,1641748,Andre Jackson Jr.,1,2026-27,1610612749.0,48.0,408.10833333333335,72.0,43.0,-71.0,2025-26,8.5,0.425,0.17,Andre Jackson Jr.,2.3541666666666665,NORMAL,NBA,1.5,0.9,,8.5,2.3541666666666665,1.5,0.9,0.425,0.17
1610612762,1628991,Jaren Jackson Jr.,1,2026-27,1610612762.0,48.0,1454.6483333333333,272.0,94.0,-63.0,2025-26,30.3,0.576,0.253,Jaren Jackson Jr.,19.39583333333333,NORMAL,NBA,5.7,2.0,,30.3,19.39583333333333,5.7,2.0,0.576,0.253
1610612761,1631218,Trayce Jackson-Davis,1,2026-27,1610612761.0,53.0,496.0366666666667,145.0,39.0,-76.0,2025-26,9.4,0.578,0.142,Trayce Jackson-Davis,3.4150943396226414,NORMAL,NBA,2.7,0.7,,9.4,3.4150943396226414,2.7,0.7,0.578,0.142
1610612749,1642857,Kasparas Jakučionis,1,2026-27,1610612748.0,53.0,944.6283333333332,138.0,137.0,72.0,2025-26,17.8,0.614,0.129,Kasparas Jakučionis,6.188679245283019,NORMAL,NBA,2.6,2.6,,17.8,6.188679245283019,2.6,2.6,0.614,0.129
1610612747,1642355,Bronny James,1,2026-27,1610612747.0,42.0,375.4916666666667,23.0,51.0,-40.0,2025-26,8.9,0.517,0.163,Bronny James,2.9047619047619047,NORMAL,NBA,0.5,1.2,,8.9,2.9047619047619047,0.5,1.2,0.517,0.163
1610612755,2544,LeBron James,1,2026-27,1610612747.0,60.0,1989.055,364.0,432.0,119.0,2025-26,33.2,0.594,0.262,LeBron James,20.933333333333334,NORMAL,NBA,6.1,7.2,,33.2,20.933333333333334,6.1,7.2,0.594,0.262
1610612766,1642883,Sion James,1,2026-27,1610612766.0,82.0,1843.28,287.0,163.0,65.0,2025-26,22.5,0.531,0.109,Sion James,5.378048780487805,NORMAL,NBA,3.5,2.0,,22.5,5.378048780487805,3.5,2.0,0.531,0.109
1610612749,1631170,Jaime Jaquez Jr.,1,2026-27,1610612748.0,75.0,2121.21,375.0,352.0,144.0,2025-26,28.3,0.57,0.216,Jaime Jaquez Jr.,15.36,NORMAL,NBA,5.0,4.7,,28.3,15.36,5.0,4.7,0.57,0.216
1610612751,1643538,Joshua Jefferson,1,2026-27,,35.0,,,,,,30.9,0.56,0.277,,16.4,NO_HISTORY,NCAA,7.4,4.8,False,19.747,8.1813,4.06764,2.80402,0.530544,0.1815335
1610612761,1641998,Trey Jemison III,1,2026-27,1610612752.0,13.0,81.58833333333334,18.0,5.0,-29.0,2025-26,6.3,0.623,0.099,Trey Jemison III,1.0,NORMAL,NBA,1.4,0.4,,6.3,1.0,1.4,0.4,0.623,0.099
1610612765,1642450,Daniss Jenkins,1,2026-27,1610612765.0,72.0,1455.3,166.0,278.0,209.0,2025-26,20.2,0.525,0.209,Daniss Jenkins,9.319444444444445,NORMAL,NBA,2.3,3.9,,20.2,9.319444444444445,2.3,3.9,0.525,0.209
1610612763,1629660,Ty Jerome,1,2026-27,1610612763.0,15.0,338.68833333333333,42.0,85.0,-45.0,2025-26,22.6,0.616,0.332,Ty Jerome,19.666666666666668,NORMAL,NBA,2.8,5.7,,22.6,19.666666666666668,2.8,5.7,0.616,0.332
1610612765,1630198,Isaiah Joe,1,2026-27,1610612760.0,71.0,1507.445,181.0,94.0,356.0,2025-26,21.2,0.657,0.178,Isaiah Joe,11.056338028169014,NORMAL,NBA,2.5,1.3,,21.2,11.056338028169014,2.5,1.3,0.657,0.178
1610612763,1642358,AJ Johnson,1,2026-27,1610612742.0,48.0,453.4333333333333,55.0,47.0,-53.0,2025-26,9.4,0.413,0.195,AJ Johnson,3.333333333333333,NORMAL,NBA,1.1,1.0,,9.4,3.333333333333333,1.1,1.0,0.413,0.195
1610612743,1629661,Cameron Johnson,1,2026-27,1610612743.0,54.0,1647.0316666666668,206.0,132.0,343.0,2025-26,30.5,0.629,0.144,Cameron Johnson,12.22222222222222,NORMAL,NBA,3.8,2.4,,30.5,12.22222222222222,3.8,2.4,0.629,0.144
1610612751,1643052,Chaney Johnson,1,2026-27,1610612751.0,17.0,347.5833333333333,79.0,36.0,-78.0,2025-26,20.4,0.635,0.16,Chaney Johnson,8.176470588235293,NORMAL,NBA,4.6,2.1,,20.4,8.176470588235293,4.6,2.1,0.635,0.16
1610612737,1630552,Jalen Johnson,1,2026-27,1610612737.0,72.0,2531.5983333333334,740.0,566.0,187.0,2025-26,35.2,0.581,0.264,Jalen Johnson,22.51388888888889,NORMAL,NBA,10.3,7.9,,35.2,22.51388888888889,10.3,7.9,0.581,0.264
1610612759,1629640,Keldon Johnson,1,2026-27,1610612759.0,82.0,1911.4666666666667,440.0,111.0,317.0,2025-26,23.3,0.613,0.201,Keldon Johnson,13.182926829268292,NORMAL,NBA,5.4,1.4,,23.3,13.182926829268292,5.4,1.4,0.613,0.201
1610612748,1642352,Keshad Johnson,1,2026-27,1610612748.0,32.0,279.52166666666665,62.0,8.0,91.0,2025-26,8.7,0.582,0.171,Keshad Johnson,4.25,NORMAL,NBA,1.9,0.2,,8.7,4.25,1.9,0.2,0.582,0.171
1610612742,1643516,Morez Johnson,1,2026-27,,40.0,,,,,,25.1,0.677,0.213,,13.1,NO_HISTORY,NCAA,7.3,1.2,False,19.747,7.44375,4.02648,1.01338,0.5580273,0.1600615
1610612764,1642848,Tre Johnson,1,2026-27,1610612764.0,60.0,1442.8166666666666,170.0,122.0,-338.0,2025-26,24.0,0.535,0.22,Tre Johnson,12.216666666666669,NORMAL,NBA,2.8,2.0,,24.0,12.216666666666669,2.8,2.0,0.535,0.22
1610612766,1641935,Jarkel Joiner,1,2026-27,,50.0,,,,,,23.6,0.562,0.2,,10.9,NO_HISTORY,G-LEAGUE,2.3,3.8,False,19.725,6.09419,2.912,2.15346,0.544,0.16956
1610612743,203999,Nikola Jokić,1,2026-27,1610612743.0,65.0,2264.855,836.0,697.0,555.0,2025-26,34.8,0.67,0.289,Nikola Jokić,27.67692307692308,NORMAL,NBA,12.9,10.7,,34.8,27.67692307692308,12.9,10.7,0.67,0.289
1610612743,1642938,Curtis Jones,1,2026-27,1610612743.0,10.0,87.71666666666667,11.0,10.0,26.0,2025-26,8.8,0.52,0.142,Curtis Jones,2.9,NORMAL,NBA,1.1,1.0,,8.8,2.9,1.1,1.0,0.52,0.142
1610612752,1641794,Dillon Jones,1,2026-27,1610612752.0,7.0,39.388333333333335,7.0,4.0,8.0,2025-26,5.6,0.418,0.111,Dillon Jones,1.2857142857142858,NORMAL,NBA,1.0,0.6,,5.6,1.2857142857142858,1.0,0.6,0.418,0.111
1610612740,1630529,Herbert Jones,1,2026-27,1610612740.0,56.0,1588.381666666667,190.0,155.0,-49.0,2025-26,28.4,0.491,0.153,Herbert Jones,8.857142857142858,NORMAL,NBA,3.4,2.8,,28.4,8.857142857142858,3.4,2.8,0.491,0.153
1610612765,1642403,Isaac Jones,1,2026-27,1610612765.0,7.0,35.68333333333333,5.0,1.0,-26.0,2025-26,5.1,0.514,0.119,Isaac Jones,1.2857142857142858,NORMAL,NBA,0.7,0.1,,5.1,1.2857142857142858,0.7,0.1,0.514,0.119
1610612749,1642880,Kam Jones,1,2026-27,1610612754.0,37.0,616.325,60.0,119.0,-143.0,2025-26,16.7,0.47,0.141,Kam Jones,4.378378378378378,NORMAL,NBA,1.6,3.2,,16.7,4.378378378378378,1.6,3.2,0.47,0.141
1610612744,1643650,Lajae Jones,1,2026-27,,33.0,,,,,,29.5,0.556,0.204,,12.7,NO_HISTORY,NCAA,5.7,1.1,False,19.747,7.35435,3.36792,0.96364,0.5296044,0.157042
1610612743,1642461,Spencer Jones,1,2026-27,1610612743.0,64.0,1416.79,209.0,51.0,1.0,2025-26,22.1,0.619,0.097,Spencer Jones,5.5,NORMAL,NBA,3.3,0.8,,22.1,5.5,3.3,0.8,0.619,0.097
1610612741,1630200,Tre Jones,1,2026-27,1610612741.0,65.0,1752.3733333333332,204.0,350.0,-137.0,2025-26,27.0,0.637,0.186,Tre Jones,14.06153846153846,NORMAL,NBA,3.1,5.4,,27.0,14.06153846153846,3.1,5.4,0.637,0.186
1610612743,1626145,Tyus Jones,1,2026-27,1610612743.0,67.0,978.5783333333334,76.0,159.0,-108.0,2025-26,14.6,0.448,0.103,Tyus Jones,2.970149253731343,NORMAL,NBA,1.1,2.4,,14.6,2.970149253731343,1.1,2.4,0.448,0.103
1610612759,1642357,David Jones Garcia,1,2026-27,1610612759.0,11.0,67.975,13.0,18.0,38.0,2025-26,6.2,0.579,0.18,David Jones Garcia,2.909090909090909,NORMAL,NBA,1.2,1.6,,6.2,2.909090909090909,1.2,1.6,0.579,0.18
1610612746,1627884,Derrick Jones Jr.,1,2026-27,1610612746.0,50.0,1349.5083333333334,173.0,69.0,130.0,2025-26,27.0,0.6,0.144,Derrick Jones Jr.,10.08,NORMAL,NBA,3.5,1.4,,27.0,10.08,3.5,1.4,0.6,0.144
1610612740,201599,DeAndre Jordan,1,2026-27,1610612740.0,12.0,198.8,76.0,11.0,-1.0,2025-26,16.6,0.671,0.098,DeAndre Jordan,4.416666666666667,NORMAL,NBA,6.3,0.9,,16.6,4.416666666666667,6.3,0.9,0.671,0.098
1610612748,1631107,Nikola Jović,1,2026-27,1610612748.0,47.0,808.0183333333333,153.0,102.0,-5.0,2025-26,17.2,0.48,0.203,Nikola Jović,7.319148936170213,NORMAL,NBA,3.3,2.2,,17.2,7.319148936170213,3.3,2.2,0.48,0.203
1610612766,1641750,Ryan Kalkbrenner,1,2026-27,1610612766.0,69.0,1479.131666666667,377.0,54.0,46.0,2025-26,21.4,0.762,0.113,Ryan Kalkbrenner,7.550724637681159,NORMAL,NBA,5.5,0.8,,21.4,7.550724637681159,5.5,0.8,0.762,0.113
1610612747,1641751,Arthur Kaluma,1,2026-27,,35.0,,,,,,26.4,0.709,0.192,,14.6,NO_HISTORY,G-LEAGUE,4.9,1.6,False,19.725,8.16286,2.912,0.90672,0.544,0.1627776
1610612758,1642284,Alex Karaban,1,2026-27,,40.0,,,,,,34.2,0.59,0.185,,13.2,NO_HISTORY,NCAA,5.3,2.4,False,19.747,7.4661,3.2032800000000003,1.6102599999999998,0.537591,0.1506675
1610612750,1643626,Trey Kaufman-Renn,1,2026-27,,37.0,,,,,,28.1,0.59,0.25,,14.2,NO_HISTORY,NCAA,8.3,2.5,False,19.747,7.6896,4.43808,1.66,0.537591,0.172475
1610612746,1642530,Yuki Kawamura,1,2026-27,1610612741.0,18.0,209.02,33.0,47.0,-3.0,2025-26,11.6,0.514,0.133,Yuki Kawamura,3.4444444444444446,NORMAL,NBA,1.8,2.6,,11.6,3.4444444444444446,1.8,2.6,0.514,0.133
1610612752,1643583,Jack Kayil,1,2026-27,,42.0,,,,,,21.1,0.611,0.197,,12.3,NO_HISTORY,INTERNATIONAL,2.7,3.5,True,21.424,10.70715,3.08443,3.271,0.5284154000000001,0.1616188
1610612748,1631211,Trevor Keels,1,2026-27,1610612748.0,8.0,14.946666666666667,2.0,0.0,5.0,2025-26,1.9,0.333,0.261,Trevor Keels,1.0,NORMAL,NBA,0.2,0.0,,1.9,1.0,0.2,0.0,0.333,0.261
1610612756,1628379,Luke Kennard,1,2026-27,1610612747.0,78.0,1680.4766666666667,182.0,174.0,41.0,2025-26,21.5,0.689,0.131,Luke Kennard,8.35897435897436,NORMAL,NBA,2.3,2.2,,21.5,8.35897435897436,2.3,2.2,0.689,0.131
1610612757,1643257,Jayson Kent,1,2026-27,1610612757.0,5.0,22.466666666666665,5.0,0.0,-3.0,2025-26,4.5,0.672,0.137,Jayson Kent,2.0,NORMAL,NBA,1.0,0.0,,4.5,2.0,1.0,0.0,0.672,0.137
1610612747,1631117,Walker Kessler,1,2026-27,1610612762.0,5.0,153.98,54.0,15.0,14.0,2025-26,30.8,0.786,0.167,Walker Kessler,14.4,NORMAL,NBA,10.8,3.0,,30.8,14.4,10.8,3.0,0.786,0.167
1610612737,1630557,Corey Kispert,1,2026-27,1610612737.0,58.0,1079.6066666666666,132.0,92.0,-151.0,2025-26,18.6,0.609,0.179,Corey Kispert,9.172413793103448,NORMAL,NBA,2.3,1.6,,18.6,9.172413793103448,2.3,1.6,0.609,0.179
1610612747,1642261,Dalton Knecht,1,2026-27,1610612747.0,54.0,552.9283333333333,75.0,21.0,-82.0,2025-26,10.2,0.568,0.171,Dalton Knecht,4.222222222222222,NORMAL,NBA,1.4,0.4,,10.2,4.222222222222222,1.4,0.4,0.568,0.171
1610612766,1642851,Kon Knueppel,1,2026-27,1610612766.0,81.0,2550.7466666666664,432.0,274.0,322.0,2025-26,31.5,0.633,0.216,Kon Knueppel,18.493827160493822,NORMAL,NBA,5.3,3.4,,31.5,18.493827160493822,5.3,3.4,0.633,0.216
1610612752,1642278,Tyler Kolek,1,2026-27,1610612752.0,62.0,727.1616666666666,98.0,170.0,106.0,2025-26,11.7,0.533,0.173,Tyler Kolek,4.419354838709677,NORMAL,NBA,1.6,2.7,,11.7,4.419354838709677,1.6,2.7,0.533,0.173
1610612740,1631132,Christian Koloko,1,2026-27,1610612737.0,27.0,356.6683333333333,81.0,18.0,-13.0,2025-26,13.2,0.453,0.109,Christian Koloko,2.703703703703704,NORMAL,NBA,3.0,0.7,,13.2,2.703703703703704,3.0,0.7,0.453,0.109
1610612759,1628436,Luke Kornet,1,2026-27,1610612759.0,68.0,1430.08,414.0,126.0,118.0,2025-26,21.0,0.689,0.1,Luke Kornet,6.529411764705882,NORMAL,NBA,6.1,1.9,,21.0,6.529411764705882,6.1,1.9,0.689,0.1
1610612757,1630249,Vít Krejčí,1,2026-27,1610612757.0,65.0,1392.1,148.0,100.0,-38.0,2025-26,21.4,0.609,0.142,Vít Krejčí,8.461538461538462,NORMAL,NBA,2.3,1.5,,21.4,8.461538461538462,2.3,1.5,0.609,0.142
1610612750,1630228,Jonathan Kuminga,1,2026-27,1610612737.0,36.0,830.4966666666667,202.0,83.0,71.0,2025-26,23.1,0.557,0.226,Jonathan Kuminga,12.166666666666666,NORMAL,NBA,5.6,2.3,,23.1,12.166666666666666,5.6,2.3,0.557,0.226
1610612749,1628398,Kyle Kuzma,1,2026-27,1610612749.0,69.0,1805.7416666666663,313.0,184.0,-283.0,2025-26,26.2,0.581,0.212,Kyle Kuzma,12.985507246376812,NORMAL,NBA,4.5,2.7,,26.2,12.985507246376812,4.5,2.7,0.581,0.212
1610612747,1631222,Jake LaRavia,1,2026-27,1610612747.0,82.0,2061.47,326.0,145.0,-5.0,2025-26,25.1,0.571,0.138,Jake LaRavia,8.21951219512195,NORMAL,NBA,4.0,1.8,,25.1,8.21951219512195,4.0,1.8,0.571,0.138
1610612758,203897,Zach LaVine,1,2026-27,1610612758.0,39.0,1224.263333333333,108.0,89.0,-310.0,2025-26,31.4,0.614,0.234,Zach LaVine,19.17948717948718,NORMAL,NBA,2.8,2.3,,31.4,19.17948717948718,2.8,2.3,0.614,0.234
1610612737,1629111,Jock Landale,1,2026-27,1610612737.0,68.0,1506.0766666666666,387.0,115.0,-55.0,2025-26,22.1,0.595,0.177,Jock Landale,10.558823529411764,NORMAL,NBA,5.7,1.7,,22.1,10.558823529411764,5.7,1.7,0.595,0.177
1610612765,1642404,Chaz Lanier,1,2026-27,1610612765.0,34.0,262.005,23.0,17.0,6.0,2025-26,7.7,0.436,0.147,Chaz Lanier,2.3529411764705883,NORMAL,NBA,0.7,0.5,,7.7,2.3529411764705883,0.7,0.5,0.436,0.147
1610612748,1641796,Pelle Larsson,1,2026-27,1610612748.0,70.0,1849.1433333333327,244.0,236.0,80.0,2025-26,26.4,0.605,0.165,Pelle Larsson,11.428571428571429,NORMAL,NBA,3.5,3.4,,26.4,11.428571428571429,3.5,3.4,0.605,0.165
1610612742,1643588,Tobi Lawal,1,2026-27,,23.0,,,,,,29.1,0.635,0.201,,12.3,NO_HISTORY,NCAA,8.5,0.6,False,19.747,7.264950000000001,4.5204,0.7149399999999999,0.5481615,0.1560355
1610612761,1630639,A.J. Lawson,1,2026-27,1610612761.0,24.0,226.115,43.0,7.0,-9.0,2025-26,9.4,0.588,0.172,A.J. Lawson,4.208333333333333,NORMAL,NBA,1.8,0.3,,9.4,4.208333333333333,1.8,0.3,0.588,0.172
1610612749,1627747,Caris LeVert,1,2026-27,1610612765.0,60.0,1154.415,117.0,159.0,-7.0,2025-26,19.2,0.518,0.178,Caris LeVert,7.383333333333334,NORMAL,NBA,2.0,2.6,,19.2,7.383333333333334,2.0,2.6,0.518,0.178
1610612744,1642865,Yaxel Lendeborg,1,2026-27,,40.0,,,,,,30.2,0.646,0.205,,15.1,NO_HISTORY,NCAA,6.8,3.2,False,19.747,7.890750000000001,3.82068,2.0081800000000003,0.5507454,0.1573775
1610612746,202695,Kawhi Leonard,1,2026-27,1610612746.0,65.0,2084.728333333333,413.0,234.0,340.0,2025-26,32.1,0.629,0.326,Kawhi Leonard,27.892307692307693,NORMAL,NBA,6.4,3.6,,32.1,27.892307692307693,6.4,3.6,0.629,0.326
1610612744,1642502,Malevy Leons,1,2026-27,1610612744.0,25.0,276.4716666666667,53.0,23.0,-75.0,2025-26,11.1,0.516,0.137,Malevy Leons,3.32,NORMAL,NBA,2.1,0.9,,11.1,3.32,2.1,0.9,0.516,0.137
1610612749,1641831,Malique Lewis,1,2026-27,,34.0,,,,,,27.9,0.638,0.127,,9.0,NO_HISTORY,INTERNATIONAL,5.9,1.5,False,21.424,7.8345,5.30491,1.7166,0.5354732,0.1041908
1610612757,203081,Damian Lillard,1,2026-27,,58.0,2092.87,272.0,410.0,53.0,,36.1,0.621,0.269,,24.948275862068964,SEASONED_PLAYER,NBA_FALLBACK,4.7,7.1,False,36.1,24.948275862068964,4.7,7.1,0.621,0.269
1610612742,1641726,Dereck Lively II,1,2026-27,1610612742.0,7.0,115.27333333333333,37.0,13.0,14.0,2025-26,16.5,0.67,0.113,Dereck Lively II,4.285714285714286,NORMAL,NBA,5.3,1.9,,16.5,4.285714285714286,5.3,1.9,0.67,0.113
1610612756,1630587,Isaiah Livers,1,2026-27,1610612756.0,36.0,347.36,61.0,21.0,11.0,2025-26,9.6,0.469,0.094,Isaiah Livers,1.805555555555556,NORMAL,NBA,1.7,0.6,,9.6,1.805555555555556,1.7,0.6,0.469,0.094
1610612747,1626172,Kevon Looney,1,2026-27,1610612740.0,21.0,307.4866666666667,118.0,34.0,-63.0,2025-26,14.6,0.458,0.096,Kevon Looney,2.8095238095238093,NORMAL,NBA,5.6,1.6,,14.6,2.8095238095238093,5.6,1.6,0.458,0.096
1610612746,201572,Brook Lopez,1,2026-27,1610612746.0,75.0,1635.2733333333333,273.0,97.0,42.0,2025-26,21.8,0.552,0.171,Brook Lopez,8.453333333333333,NORMAL,NBA,3.6,1.3,,21.8,8.453333333333333,3.6,1.3,0.552,0.171
1610612763,1643510,Karim Lopez,1,2026-27,,31.0,,,,,,25.8,0.59,0.196,,11.9,NO_HISTORY,INTERNATIONAL,6.1,2.0,False,21.424,10.35895,5.44369,2.1052,0.522926,0.1607984
1610612755,1631126,Caleb Love,1,2026-27,1610612757.0,49.0,1012.6083333333332,114.0,123.0,-127.0,2025-26,20.7,0.497,0.228,Caleb Love,10.387755102040815,NORMAL,NBA,2.3,2.5,,20.7,10.387755102040815,2.3,2.5,0.497,0.228
1610612762,201567,Kevin Love,1,2026-27,1610612762.0,37.0,612.8,215.0,67.0,-80.0,2025-26,16.6,0.568,0.161,Kevin Love,6.702702702702703,NORMAL,NBA,5.8,1.8,,16.6,6.702702702702703,5.8,1.8,0.568,0.161
1610612755,200768,Kyle Lowry,1,2026-27,1610612755.0,14.0,118.04,9.0,11.0,-39.0,2025-26,8.4,0.308,0.106,Kyle Lowry,1.2142857142857142,NORMAL,NBA,0.6,0.8,,8.4,1.2142857142857142,0.6,0.8,0.308,0.106
1610612750,1626168,Trey Lyles,1,2026-27,,69.0,1349.5216666666668,316.0,82.0,-70.0,,19.6,0.551,0.139,,6.536231884057971,SEASONED_PLAYER,NBA_FALLBACK,4.6,1.2,False,19.6,6.536231884057971,4.6,1.2,0.551,0.139
1610612756,1642863,Khaman Maluach,1,2026-27,1610612756.0,46.0,411.025,133.0,6.0,47.0,2025-26,8.9,0.586,0.142,Khaman Maluach,3.0217391304347827,NORMAL,NBA,2.9,0.1,,8.9,3.0217391304347827,2.9,0.1,0.586,0.142
1610612747,1630572,Sandro Mamukelashvili,1,2026-27,1610612761.0,80.0,1750.6916666666666,395.0,151.0,184.0,2025-26,21.9,0.637,0.181,Sandro Mamukelashvili,11.1625,NORMAL,NBA,4.9,1.9,,21.9,11.1625,4.9,1.9,0.637,0.181
1610612751,1629611,Terance Mann,1,2026-27,1610612751.0,63.0,1529.0166666666669,200.0,190.0,-267.0,2025-26,24.3,0.564,0.133,Terance Mann,7.222222222222222,NORMAL,NBA,3.2,3.0,,24.3,7.222222222222222,3.2,3.0,0.564,0.133
1610612764,1630544,Tre Mann,1,2026-27,1610612766.0,53.0,668.4583333333334,92.0,86.0,-153.0,2025-26,12.6,0.462,0.231,Tre Mann,5.490566037735849,NORMAL,NBA,1.7,1.6,,12.6,5.490566037735849,1.7,1.6,0.462,0.231
1610612760,1643530,Aday Mara,1,2026-27,,40.0,,,,,,23.5,0.659,0.231,,12.1,NO_HISTORY,NCAA,6.8,2.4,False,19.747,7.22025,3.82068,1.6102599999999998,0.5537991,0.1661005
1610612762,1628374,Lauri Markkanen,1,2026-27,1610612762.0,42.0,1442.5966666666666,289.0,89.0,-55.0,2025-26,34.3,0.608,0.269,Lauri Markkanen,26.73809523809524,NORMAL,NBA,6.9,2.1,,34.3,26.73809523809524,6.9,2.1,0.608,0.269
1610612749,1642881,Bogoljub Marković,1,2026-27,,14.0,,,,,,31.3,0.649,0.218,,16.6,NO_HISTORY,INTERNATIONAL,8.6,2.1,False,21.424,14.450300000000002,7.17844,2.18292,0.5383486000000001,0.1788472
1610612742,1630230,Naji Marshall,1,2026-27,1610612742.0,74.0,2183.74,348.0,241.0,-218.0,2025-26,29.5,0.592,0.2,Naji Marshall,15.243243243243244,NORMAL,NBA,4.7,3.3,,29.5,15.243243243243244,4.7,3.3,0.592,0.2
1610612761,1642918,Alijah Martin,1,2026-27,1610612761.0,23.0,145.615,21.0,12.0,-14.0,2025-26,6.3,0.437,0.185,Alijah Martin,2.217391304347826,NORMAL,NBA,0.9,0.5,,6.3,2.217391304347826,0.9,0.5,0.437,0.185
1610612742,1628997,Caleb Martin,1,2026-27,1610612742.0,58.0,856.2116666666667,143.0,81.0,-196.0,2025-26,14.8,0.526,0.122,Caleb Martin,3.913793103448276,NORMAL,NBA,2.5,1.4,,14.8,3.913793103448276,2.5,1.4,0.526,0.122
1610612755,1631213,Tyrese Martin,1,2026-27,1610612755.0,46.0,776.61,116.0,78.0,-181.0,2025-26,16.9,0.501,0.178,Tyrese Martin,6.304347826086956,NORMAL,NBA,2.5,1.7,,16.9,6.304347826086956,2.5,1.7,0.501,0.178
1610612746,1643568,Nick Martinelli,1,2026-27,,33.0,,,,,,35.5,0.602,0.313,,23.0,NO_HISTORY,NCAA,6.2,2.0,False,19.747,9.6564,3.5737200000000007,1.4113,0.5404098,0.1936115
1610612763,1642942,Jahmai Mashack,1,2026-27,1610612763.0,31.0,673.1516666666666,81.0,69.0,-210.0,2025-26,21.7,0.456,0.156,Jahmai Mashack,6.193548387096774,NORMAL,NBA,2.6,2.2,,21.7,6.193548387096774,2.6,2.2,0.456,0.156
1610612746,1631097,Bennedict Mathurin,1,2026-27,1610612746.0,54.0,1620.015,293.0,129.0,-146.0,2025-26,30.0,0.575,0.246,Bennedict Mathurin,17.574074074074073,NORMAL,NBA,5.4,2.4,,30.0,17.574074074074073,5.4,2.4,0.575,0.246
1610612740,1631255,Karlo Matković,1,2026-27,1610612740.0,62.0,911.7566666666668,229.0,50.0,-93.0,2025-26,14.7,0.696,0.128,Karlo Matković,5.67741935483871,NORMAL,NBA,3.7,0.8,,14.7,5.67741935483871,3.7,0.8,0.696,0.128
1610612755,1630178,Tyrese Maxey,1,2026-27,1610612755.0,70.0,2661.1183333333333,290.0,461.0,113.0,2025-26,38.0,0.588,0.286,Tyrese Maxey,28.285714285714285,NORMAL,NBA,4.1,6.6,,38.0,28.285714285714285,4.1,6.6,0.588,0.286
1610612747,1643024,Chris Mañon,1,2026-27,1610612747.0,9.0,46.085,10.0,3.0,-1.0,2025-26,5.1,0.451,0.081,Chris Mañon,0.7777777777777778,NORMAL,NBA,1.1,0.3,,5.1,0.7777777777777778,1.1,0.3,0.451,0.081
1610612762,1643016,Bez Mbeng,1,2026-27,1610612762.0,15.0,492.185,57.0,62.0,-149.0,2025-26,32.8,0.55,0.106,Bez Mbeng,8.133333333333333,NORMAL,NBA,3.8,4.1,,32.8,8.133333333333333,3.8,4.1,0.55,0.106
1610612752,1630540,Miles McBride,1,2026-27,1610612752.0,41.0,1080.035,100.0,106.0,224.0,2025-26,26.3,0.578,0.174,Miles McBride,11.975609756097562,NORMAL,NBA,2.4,2.6,,26.3,11.975609756097562,2.4,2.6,0.578,0.174
1610612760,1642272,Jared McCain,1,2026-27,1610612760.0,67.0,1159.6666666666667,137.0,90.0,126.0,2025-26,17.3,0.551,0.198,Jared McCain,8.328358208955224,NORMAL,NBA,2.0,1.3,,17.3,8.328358208955224,2.0,1.3,0.551,0.198
1610612737,203468,CJ McCollum,1,2026-27,1610612737.0,76.0,2263.3716666666664,252.0,293.0,92.0,2025-26,29.8,0.566,0.247,CJ McCollum,18.73684210526316,NORMAL,NBA,3.3,3.9,,29.8,18.73684210526316,3.3,3.9,0.566,0.247
1610612754,204456,T.J. McConnell,1,2026-27,1610612754.0,56.0,962.505,124.0,287.0,-134.0,2025-26,17.2,0.567,0.227,T.J. McConnell,9.375,NORMAL,NBA,2.2,5.1,,17.2,9.375,2.2,5.1,0.567,0.227
1610612752,1641755,Kevin McCullar Jr.,1,2026-27,1610612752.0,21.0,154.99333333333334,28.0,20.0,-48.0,2025-26,7.4,0.508,0.166,Kevin McCullar Jr.,2.380952380952381,NORMAL,NBA,1.3,1.0,,7.4,2.380952380952381,1.3,1.0,0.508,0.166
1610612750,1630183,Jaden McDaniels,1,2026-27,1610612750.0,73.0,2316.4133333333334,310.0,199.0,120.0,2025-26,31.7,0.611,0.182,Jaden McDaniels,14.849315068493151,NORMAL,NBA,4.2,2.7,,31.7,14.849315068493151,4.2,2.7,0.611,0.182
1610612740,1631121,Bryce McGowens,1,2026-27,1610612740.0,42.0,879.9333333333333,88.0,62.0,-70.0,2025-26,21.0,0.61,0.136,Bryce McGowens,8.095238095238095,NORMAL,NBA,2.1,1.5,,21.0,8.095238095238095,2.1,1.5,0.61,0.136
1610612759,1629162,Jordan McLaughlin,1,2026-27,1610612759.0,44.0,281.6166666666667,32.0,38.0,-61.0,2025-26,6.4,0.542,0.143,Jordan McLaughlin,2.022727272727273,NORMAL,NBA,0.7,0.9,,6.4,2.022727272727273,0.7,0.9,0.542,0.143
1610612766,1642862,Liam McNeeley,1,2026-27,1610612766.0,31.0,367.52166666666665,73.0,24.0,8.0,2025-26,11.9,0.588,0.144,Liam McNeeley,4.258064516129032,NORMAL,NBA,2.4,0.8,,11.9,4.258064516129032,2.4,0.8,0.588,0.144
1610612744,1629001,De'Anthony Melton,1,2026-27,1610612744.0,49.0,1125.256666666667,158.0,125.0,95.0,2025-26,23.0,0.518,0.244,De'Anthony Melton,12.285714285714286,NORMAL,NBA,3.2,2.6,,23.0,12.285714285714286,3.2,2.6,0.518,0.244
1610612739,1630241,Sam Merrill,1,2026-27,1610612739.0,52.0,1377.0733333333333,133.0,125.0,242.0,2025-26,26.5,0.644,0.167,Sam Merrill,12.75,NORMAL,NBA,2.6,2.4,,26.5,12.75,2.6,2.4,0.644,0.167
1610612764,203114,Khris Middleton,1,2026-27,1610612742.0,63.0,1439.0866666666666,231.0,176.0,-337.0,2025-26,22.8,0.533,0.198,Khris Middleton,10.158730158730158,NORMAL,NBA,3.7,2.8,,22.8,10.158730158730158,3.7,2.8,0.533,0.198
1610612755,1643575,Duke Miles,1,2026-27,,28.0,,,,,,29.5,0.595,0.258,,16.1,NO_HISTORY,NCAA,3.0,4.5,False,19.747,8.11425,2.2566,2.6548000000000003,0.5387655,0.175159
1610612746,1642394,Baba Miller,1,2026-27,,31.0,,,,,,31.8,0.576,0.213,,13.0,NO_HISTORY,NCAA,10.3,3.7,False,19.747,7.4214,5.26128,2.25688,0.5343024000000001,0.1600615
1610612766,1641706,Brandon Miller,1,2026-27,1610612766.0,65.0,1968.3116666666667,319.0,217.0,372.0,2025-26,30.3,0.574,0.272,Brandon Miller,20.16923076923077,NORMAL,NBA,4.9,3.3,,30.3,20.16923076923077,4.9,3.3,0.574,0.272
1610612746,1641757,Jordan Miller,1,2026-27,1610612746.0,60.0,1324.78,182.0,136.0,-13.0,2025-26,22.1,0.628,0.177,Jordan Miller,9.966666666666669,NORMAL,NBA,3.0,2.3,,22.1,9.966666666666669,3.0,2.3,0.628,0.177
1610612741,1631159,Leonard Miller,1,2026-27,1610612741.0,46.0,718.6616666666666,181.0,40.0,-28.0,2025-26,15.6,0.633,0.176,Leonard Miller,7.8478260869565215,NORMAL,NBA,3.9,0.9,,15.6,7.8478260869565215,3.9,0.9,0.633,0.176
1610612739,1642434,Riley Minix,1,2026-27,1610612739.0,9.0,58.083333333333336,6.0,5.0,32.0,2025-26,6.5,0.72,0.176,Riley Minix,3.888888888888889,NORMAL,NBA,0.7,0.6,,6.5,3.888888888888889,0.7,0.6,0.72,0.176
1610612751,1631169,Josh Minott,1,2026-27,1610612751.0,49.0,833.7316666666667,158.0,46.0,-25.0,2025-26,17.0,0.653,0.162,Josh Minott,7.428571428571429,NORMAL,NBA,3.2,0.9,,17.0,7.428571428571429,3.2,0.9,0.653,0.162
1610612740,1642274,Yves Missi,1,2026-27,1610612740.0,66.0,1297.0366666666666,385.0,84.0,-41.0,2025-26,19.7,0.556,0.122,Yves Missi,5.712121212121212,NORMAL,NBA,5.8,1.3,,19.7,5.712121212121212,5.8,1.3,0.556,0.122
1610612760,1642349,Ajay Mitchell,1,2026-27,1610612760.0,57.0,1472.7983333333334,190.0,206.0,502.0,2025-26,25.8,0.585,0.21,Ajay Mitchell,13.578947368421051,NORMAL,NBA,3.3,3.6,,25.8,13.578947368421051,3.3,3.6,0.585,0.21
1610612748,1630558,Davion Mitchell,1,2026-27,1610612748.0,70.0,2000.255,187.0,453.0,202.0,2025-26,28.6,0.582,0.137,Davion Mitchell,9.342857142857143,NORMAL,NBA,2.7,6.5,,28.6,9.342857142857143,2.7,6.5,0.582,0.137
1610612738,1641759,Dillon Mitchell,1,2026-27,,37.0,,,,,,28.2,0.555,0.146,,8.3,NO_HISTORY,NCAA,7.0,3.0,False,19.747,6.370950000000001,3.903000000000001,1.9087,0.5293695,0.137583
1610612739,1628378,Donovan Mitchell,1,2026-27,1610612739.0,70.0,2342.063333333333,316.0,398.0,370.0,2025-26,33.5,0.613,0.311,Donovan Mitchell,27.88571428571429,NORMAL,NBA,4.5,5.7,,33.5,27.88571428571429,4.5,5.7,0.613,0.311
1610612739,1630596,Evan Mobley,1,2026-27,1610612739.0,65.0,2074.2883333333334,586.0,234.0,224.0,2025-26,31.9,0.596,0.221,Evan Mobley,18.153846153846157,NORMAL,NBA,9.0,3.6,,31.9,18.153846153846157,9.0,3.6,0.596,0.221
1610612758,1642367,Jonathan Mogbo,1,2026-27,1610612761.0,40.0,248.89666666666668,68.0,25.0,-53.0,2025-26,6.2,0.608,0.102,Jonathan Mogbo,1.525,NORMAL,NBA,1.7,0.6,,6.2,1.525,1.7,0.6,0.608,0.102
1610612758,1628370,Malik Monk,1,2026-27,1610612758.0,62.0,1363.6433333333334,117.0,185.0,-255.0,2025-26,22.0,0.568,0.234,Malik Monk,12.451612903225806,NORMAL,NBA,1.9,3.0,,22.0,12.451612903225806,1.9,3.0,0.568,0.234
1610612744,1630541,Moses Moody,1,2026-27,1610612744.0,60.0,1539.8983333333333,200.0,98.0,80.0,2025-26,25.7,0.6,0.174,Moses Moody,12.133333333333333,NORMAL,NBA,3.3,1.6,,25.7,12.133333333333333,3.3,1.6,0.6,0.174
1610612765,1631111,Wendell Moore Jr.,1,2026-27,1610612765.0,6.0,59.555,6.0,4.0,42.0,2025-26,9.9,0.635,0.066,Wendell Moore Jr.,1.6666666666666667,NORMAL,NBA,1.0,0.7,,9.9,1.6666666666666667,1.0,0.7,0.635,0.066
1610612753,1631457,Alex Morales,1,2026-27,1610612753.0,4.0,23.58333333333333,3.0,4.0,8.0,2025-26,5.9,0.508,0.203,Alex Morales,2.0,NORMAL,NBA,0.8,1.0,,5.9,2.0,0.8,1.0,0.508,0.203
1610612757,1629630,Ja Morant,1,2026-27,1610612763.0,20.0,568.5,65.0,161.0,-50.0,2025-26,28.4,0.521,0.305,Ja Morant,19.45,NORMAL,NBA,3.2,8.0,,28.4,19.45,3.2,8.0,0.521,0.305
1610612740,1630530,Trey Murphy III,1,2026-27,1610612740.0,66.0,2340.6383333333333,377.0,250.0,-169.0,2025-26,35.5,0.613,0.223,Trey Murphy III,21.51515151515152,NORMAL,NBA,5.7,3.8,,35.5,21.51515151515152,5.7,3.8,0.613,0.223
1610612740,1627749,Dejounte Murray,1,2026-27,1610612740.0,14.0,389.4166666666667,75.0,89.0,20.0,2025-26,27.8,0.58,0.267,Dejounte Murray,16.714285714285715,NORMAL,NBA,5.4,6.4,,27.8,16.714285714285715,5.4,6.4,0.58,0.267
1610612743,1627750,Jamal Murray,1,2026-27,1610612743.0,75.0,2651.891666666667,330.0,535.0,433.0,2025-26,35.4,0.622,0.269,Jamal Murray,25.4,NORMAL,NBA,4.4,7.1,,35.4,25.4,4.4,7.1,0.622,0.269
1610612758,1631099,Keegan Murray,1,2026-27,1610612758.0,23.0,793.0966666666667,132.0,38.0,-164.0,2025-26,34.5,0.499,0.182,Keegan Murray,13.956521739130435,NORMAL,NBA,5.7,1.7,,34.5,13.956521739130435,5.7,1.7,0.499,0.182
1610612763,1631200,Kris Murray,1,2026-27,1610612757.0,57.0,1333.21,206.0,81.0,45.0,2025-26,23.4,0.55,0.103,Kris Murray,5.807017543859649,NORMAL,NBA,3.6,1.4,,23.4,5.807017543859649,3.6,1.4,0.55,0.103
1610612761,1642867,Collin Murray-Boyles,1,2026-27,1610612761.0,57.0,1245.6,285.0,106.0,47.0,2025-26,21.9,0.621,0.15,Collin Murray-Boyles,8.491228070175438,NORMAL,NBA,5.0,1.9,,21.9,8.491228070175438,5.0,1.9,0.621,0.15
1610612762,1629004,Svi Mykhailiuk,1,2026-27,1610612762.0,50.0,1155.611666666667,124.0,93.0,-77.0,2025-26,23.1,0.626,0.143,Svi Mykhailiuk,9.38,NORMAL,NBA,2.5,1.9,,23.1,9.38,2.5,1.9,0.626,0.143
1610612749,1631250,Pete Nance,1,2026-27,1610612749.0,47.0,737.0983333333334,125.0,48.0,-78.0,2025-26,15.7,0.639,0.132,Pete Nance,5.404255319148936,NORMAL,NBA,2.7,1.0,,15.7,5.404255319148936,2.7,1.0,0.639,0.132
1610612754,1626204,Larry Nance Jr.,1,2026-27,1610612739.0,35.0,448.77,93.0,34.0,-17.0,2025-26,12.8,0.505,0.137,Larry Nance Jr.,3.742857142857143,NORMAL,NBA,2.7,1.0,,12.8,3.742857142857143,2.7,1.0,0.505,0.137
1610612753,1643593,Izaiyah Nelson,1,2026-27,,34.0,,,,,,27.2,0.612,0.239,,15.9,NO_HISTORY,NCAA,9.6,1.2,False,19.747,8.06955,4.97316,1.01338,0.5427588,0.1687845
1610612755,1642392,Jameer Nelson Jr.,1,2026-27,,11.0,,,,,,27.9,0.589,0.296,,19.9,NO_HISTORY,G-LEAGUE,3.2,3.7,False,19.725,11.12609,2.912,2.09679,0.544,0.2509487999999999
1610612754,1629614,Andrew Nembhard,1,2026-27,1610612754.0,57.0,1785.5933333333332,160.0,437.0,-393.0,2025-26,31.3,0.564,0.233,Andrew Nembhard,16.94736842105263,NORMAL,NBA,2.8,7.7,,31.3,16.94736842105263,2.8,7.7,0.564,0.233
1610612737,1642948,Ryan Nembhard,1,2026-27,1610612742.0,60.0,1170.88,133.0,316.0,-24.0,2025-26,19.5,0.492,0.173,Ryan Nembhard,6.616666666666666,NORMAL,NBA,2.2,5.3,,19.5,6.616666666666666,2.2,5.3,0.492,0.173
1610612754,1630174,Aaron Nesmith,1,2026-27,1610612754.0,45.0,1334.95,187.0,86.0,-201.0,2025-26,29.7,0.554,0.19,Aaron Nesmith,13.8,NORMAL,NBA,4.2,1.9,,29.7,13.8,4.2,1.9,0.554,0.19
1610612737,1642854,Asa Newell,1,2026-27,1610612737.0,44.0,499.90833333333336,96.0,26.0,-44.0,2025-26,11.4,0.624,0.16,Asa Newell,5.159090909090909,NORMAL,NBA,2.2,0.6,,11.4,5.159090909090909,2.2,0.6,0.624,0.16
1610612746,1643712,Narcisse Ngoy,1,2026-27,,42.0,,,,,,24.3,0.611,0.197,,10.7,NO_HISTORY,INTERNATIONAL,11.7,2.2,True,21.424,9.31435,9.32953,2.2606400000000004,0.5284154000000001,0.1616188
1610612744,1627777,Georges Niang,1,2026-27,,79.0,1697.2333333333331,272.0,111.0,194.0,,21.5,0.607,0.177,,9.924050632911392,SEASONED_PLAYER,NBA_FALLBACK,3.4,1.4,False,21.5,9.924050632911392,3.4,1.4,0.607,0.177
1610612752,1643589,Tyler Nickel,1,2026-27,,36.0,,,,,,30.6,0.617,0.19,,13.5,NO_HISTORY,NCAA,3.2,1.2,False,19.747,7.533150000000001,2.33892,1.01338,0.5439333,0.152345
1610612746,1642949,Yanic Konan Niederhäuser,1,2026-27,1610612746.0,41.0,423.6783333333333,117.0,12.0,38.0,2025-26,10.3,0.691,0.153,Yanic Konan Niederhäuser,4.2926829268292686,NORMAL,NBA,2.9,0.3,,10.3,4.2926829268292686,2.9,0.3,0.691,0.153
1610612743,1630192,Zeke Nnaji,1,2026-27,1610612743.0,52.0,625.9883333333333,136.0,29.0,-109.0,2025-26,12.0,0.558,0.136,Zeke Nnaji,3.6538461538461537,NORMAL,NBA,2.6,0.6,,12.0,3.6538461538461537,2.6,0.6,0.558,0.136
1610612762,203994,Jusuf Nurkić,1,2026-27,1610612762.0,41.0,1083.0683333333334,425.0,196.0,-187.0,2025-26,26.4,0.548,0.186,Jusuf Nurkić,10.902439024390244,NORMAL,NBA,10.4,4.8,,26.4,10.902439024390244,10.4,4.8,0.548,0.186
1610612766,1626220,Royce O'Neale,1,2026-27,1610612756.0,78.0,2213.0533333333333,372.0,208.0,-113.0,2025-26,28.4,0.596,0.139,Royce O'Neale,9.807692307692308,NORMAL,NBA,4.8,2.7,,28.4,9.807692307692308,4.8,2.7,0.596,0.139
1610612747,1643758,AK Okereke,1,2026-27,,36.0,,,,,,26.2,0.608,0.172,,9.6,NO_HISTORY,NCAA,3.6,2.0,False,19.747,6.6615,2.50356,1.4113,0.5418192000000001,0.146306
1610612762,1629006,Josh Okogie,1,2026-27,1610612745.0,78.0,1353.8116666666667,200.0,69.0,69.0,2025-26,17.4,0.544,0.112,Josh Okogie,4.5256410256410255,NORMAL,NBA,2.6,0.9,,17.4,4.5256410256410255,2.6,0.9,0.544,0.112
1610612737,1630168,Onyeka Okongwu,1,2026-27,1610612737.0,74.0,2296.968333333333,562.0,231.0,109.0,2025-26,31.0,0.592,0.189,Onyeka Okongwu,15.175675675675675,NORMAL,NBA,7.6,3.1,,31.0,15.175675675675675,7.6,3.1,0.592,0.189
1610612765,1643536,Ebuka Okorie,1,2026-27,,31.0,,,,,,35.1,0.589,0.312,,23.2,NO_HISTORY,NCAA,3.6,3.6,False,19.747,9.7011,2.50356,2.20714,0.5373561,0.193276
1610612741,1630171,Isaac Okoro,1,2026-27,1610612741.0,63.0,1694.89,173.0,100.0,-335.0,2025-26,26.9,0.574,0.137,Isaac Okoro,9.26984126984127,NORMAL,NBA,2.7,1.6,,26.9,9.26984126984127,2.7,1.6,0.574,0.137
1610612764,1643590,Felix Okpara,1,2026-27,,35.0,,,,,,26.8,0.617,0.135,,8.0,NO_HISTORY,NCAA,6.3,0.5,False,19.747,6.3039000000000005,3.61488,0.6652,0.5439333,0.1338925
1610612746,1641807,Norchad Omier,1,2026-27,1610612746.0,6.0,23.666666666666668,7.0,2.0,-23.0,2025-26,3.9,0.751,0.18,Norchad Omier,2.833333333333333,NORMAL,NBA,1.2,0.3,,3.9,2.833333333333333,1.2,0.3,0.751,0.18
1610612765,1642391,Ugonna Onyenso,1,2026-27,,36.0,,,,,,18.6,0.616,0.156,,6.5,NO_HISTORY,NCAA,4.9,0.6,False,19.747,5.96865,3.03864,0.7149399999999999,0.5436984,0.140938
1610612754,1626162,Kelly Oubre Jr.,1,2026-27,1610612755.0,50.0,1574.3116666666667,252.0,80.0,-66.0,2025-26,31.5,0.58,0.179,Kelly Oubre Jr.,14.1,NORMAL,NBA,5.0,1.6,,31.5,14.1,5.0,1.6,0.58,0.179
1610612760,1642923,Otega Oweh,1,2026-27,,36.0,,,,,,32.8,0.554,0.285,,18.6,NO_HISTORY,NCAA,4.8,2.7,False,19.747,8.673000000000002,2.9974800000000004,1.75948,0.5291346,0.1842174999999999
1610612744,1627780,Gary Payton II,1,2026-27,1610612744.0,73.0,1142.28,265.0,123.0,-109.0,2025-26,15.6,0.632,0.177,Gary Payton II,7.493150684931507,NORMAL,NBA,3.6,1.7,,15.6,7.493150684931507,3.6,1.7,0.632,0.177
1610612756,1643520,Koa Peat,1,2026-27,,36.0,,,,,,27.8,0.557,0.244,,14.1,NO_HISTORY,NCAA,5.6,2.6,False,19.747,7.66725,3.32676,1.70974,0.5298393,0.170462
1610612740,1642877,Micah Peavy,1,2026-27,1610612740.0,61.0,912.935,117.0,61.0,-104.0,2025-26,15.0,0.455,0.135,Micah Peavy,4.295081967213115,NORMAL,NBA,1.9,1.0,,15.0,4.295081967213115,1.9,1.0,0.455,0.135
1610612745,1642951,Sean Pedulla,1,2026-27,1610612746.0,7.0,31.0,3.0,5.0,-20.0,2025-26,4.4,0.433,0.219,Sean Pedulla,1.8571428571428568,NORMAL,NBA,0.4,0.7,,4.4,1.8571428571428568,0.4,0.7,0.433,0.219
1610612753,1642869,Noah Penda,1,2026-27,1610612753.0,59.0,757.275,187.0,70.0,-55.0,2025-26,12.8,0.506,0.14,Noah Penda,3.847457627118644,NORMAL,NBA,3.2,1.2,,12.8,3.847457627118644,3.2,1.2,0.506,0.14
1610612759,1643007,Taelon Peter,1,2026-27,1610612754.0,38.0,492.23,59.0,40.0,-100.0,2025-26,13.0,0.518,0.159,Taelon Peter,4.5,NORMAL,NBA,1.6,1.1,,13.0,4.5,1.6,1.1,0.518,0.159
1610612762,1643408,Darryn Peterson,1,2026-27,,24.0,,,,,,29.1,0.578,0.337,,20.2,NO_HISTORY,NCAA,4.2,1.6,False,19.747,9.0306,2.7505200000000003,1.2123400000000002,0.5347722,0.2016635
1610612745,1641763,Julian Phillips,1,2026-27,1610612750.0,48.0,427.01666666666665,49.0,10.0,-22.0,2025-26,8.9,0.534,0.134,Julian Phillips,2.9166666666666665,NORMAL,NBA,1.0,0.2,,8.9,2.9166666666666665,1.0,0.2,0.534,0.134
1610612755,1642889,Labaron Philon,1,2026-27,,33.0,,,,,,30.9,0.626,0.302,,22.0,NO_HISTORY,NCAA,3.5,5.0,False,19.747,9.4329,2.4624,2.9035,0.5460474,0.189921
1610612746,1629618,Jalen Pickett,1,2026-27,1610612743.0,50.0,806.48,114.0,115.0,3.0,2025-26,16.1,0.541,0.148,Jalen Pickett,5.2,NORMAL,NBA,2.3,2.3,,16.1,5.2,2.3,2.3,0.541,0.148
1610612740,1643555,Jaron Pierre Jr.,1,2026-27,,34.0,,,,,,33.0,0.567,0.257,,17.6,NO_HISTORY,NCAA,4.9,2.1,False,19.747,8.4495,3.03864,1.46104,0.5321883000000001,0.1748235
1610612763,1630590,Scotty Pippen Jr.,1,2026-27,1610612763.0,10.0,211.86666666666667,22.0,47.0,-50.0,2025-26,21.2,0.537,0.255,Scotty Pippen Jr.,11.4,NORMAL,NBA,2.2,4.7,,21.2,11.4,2.2,4.7,0.537,0.255
1610612758,1631342,Daeqwon Plowden,1,2026-27,1610612758.0,32.0,844.3683333333333,97.0,41.0,-205.0,2025-26,26.4,0.572,0.157,Daeqwon Plowden,10.75,NORMAL,NBA,3.0,1.3,,26.4,10.75,3.0,1.3,0.572,0.157
1610612744,1641764,Brandin Podziemski,1,2026-27,1610612744.0,82.0,2332.673333333333,419.0,304.0,15.0,2025-26,28.4,0.583,0.196,Brandin Podziemski,13.817073170731708,NORMAL,NBA,5.1,3.7,,28.4,13.817073170731708,5.1,3.7,0.583,0.196
1610612761,1627751,Jakob Poeltl,1,2026-27,1610612761.0,46.0,1149.06,323.0,93.0,48.0,2025-26,25.0,0.698,0.15,Jakob Poeltl,10.717391304347826,NORMAL,NBA,7.0,2.0,,25.0,10.717391304347826,7.0,2.0,0.698,0.15
1610612740,1629673,Jordan Poole,1,2026-27,1610612740.0,39.0,933.2366666666668,77.0,119.0,-144.0,2025-26,23.9,0.53,0.235,Jordan Poole,13.435897435897436,NORMAL,NBA,2.0,3.1,,23.9,13.435897435897436,2.0,3.1,0.53,0.235
1610612739,1641854,Craig Porter Jr.,1,2026-27,1610612739.0,64.0,1147.6616666666666,220.0,205.0,103.0,2025-26,17.9,0.524,0.119,Craig Porter Jr.,4.515625,NORMAL,NBA,3.4,3.2,,17.9,4.515625,3.4,3.2,0.524,0.119
1610612749,1629645,Kevin Porter Jr.,1,2026-27,1610612749.0,38.0,1261.015,198.0,280.0,-107.0,2025-26,33.2,0.567,0.236,Kevin Porter Jr.,17.394736842105264,NORMAL,NBA,5.2,7.4,,33.2,17.394736842105264,5.2,7.4,0.567,0.236
1610612751,1629008,Michael Porter Jr.,1,2026-27,1610612751.0,52.0,1688.6033333333332,367.0,158.0,-205.0,2025-26,32.5,0.595,0.292,Michael Porter Jr.,24.21153846153846,NORMAL,NBA,7.1,3.0,,32.5,24.21153846153846,7.1,3.0,0.595,0.292
1610612748,1626171,Bobby Portis Jr.,1,2026-27,1610612749.0,67.0,1619.3133333333333,428.0,105.0,-266.0,2025-26,24.2,0.587,0.225,Bobby Portis Jr.,13.656716417910449,NORMAL,NBA,6.4,1.6,,24.2,13.656716417910449,6.4,1.6,0.587,0.225
1610612744,204001,Kristaps Porziņģis,1,2026-27,1610612744.0,32.0,768.8916666666667,167.0,81.0,45.0,2025-26,24.0,0.582,0.265,Kristaps Porziņģis,16.65625,NORMAL,NBA,5.2,2.5,,24.0,16.65625,5.2,2.5,0.582,0.265
1610612763,1642366,Quinten Post,1,2026-27,1610612744.0,67.0,1159.1983333333333,269.0,94.0,60.0,2025-26,17.3,0.56,0.183,Quinten Post,7.656716417910448,NORMAL,NBA,4.0,1.4,,17.3,7.656716417910448,4.0,1.4,0.56,0.183
1610612757,1630695,Micah Potter,1,2026-27,1610612754.0,47.0,908.3166666666668,233.0,69.0,-120.0,2025-26,19.3,0.679,0.174,Micah Potter,9.74468085106383,NORMAL,NBA,5.0,1.5,,19.3,9.74468085106383,5.0,1.5,0.679,0.174
1610612742,1642967,John Poulakidas,1,2026-27,1610612742.0,13.0,253.435,30.0,11.0,-15.0,2025-26,19.5,0.611,0.153,John Poulakidas,8.846153846153847,NORMAL,NBA,2.3,0.8,,19.5,8.846153846153847,2.3,0.8,0.611,0.153
1610612751,1642962,Drake Powell,1,2026-27,1610612751.0,63.0,1319.513333333333,111.0,91.0,-447.0,2025-26,20.9,0.521,0.149,Drake Powell,6.476190476190476,NORMAL,NBA,1.8,1.4,,20.9,6.476190476190476,1.8,1.4,0.521,0.149
1610612742,203939,Dwight Powell,1,2026-27,1610612742.0,63.0,904.4116666666666,257.0,68.0,-9.0,2025-26,14.4,0.699,0.084,Dwight Powell,3.333333333333333,NORMAL,NBA,4.1,1.1,,14.4,3.333333333333333,4.1,1.1,0.699,0.084
1610612741,1626181,Norman Powell,1,2026-27,1610612748.0,58.0,1716.9366666666667,202.0,143.0,38.0,2025-26,29.6,0.609,0.262,Norman Powell,21.74137931034483,NORMAL,NBA,3.5,2.5,,29.6,21.74137931034483,3.5,2.5,0.609,0.262
1610612765,1627752,Taurean Prince,1,2026-27,1610612749.0,26.0,611.3033333333333,81.0,46.0,-51.0,2025-26,23.5,0.617,0.157,Taurean Prince,9.192307692307692,NORMAL,NBA,3.1,1.8,,23.5,9.192307692307692,3.1,1.8,0.617,0.157
1610612738,1630202,Payton Pritchard,1,2026-27,1610612738.0,79.0,2555.523333333333,312.0,408.0,426.0,2025-26,32.3,0.584,0.21,Payton Pritchard,17.025316455696203,NORMAL,NBA,3.9,5.2,,32.3,17.025316455696203,3.9,5.2,0.584,0.21
1610612739,1642878,Tyrese Proctor,1,2026-27,1610612739.0,50.0,545.0866666666667,64.0,74.0,-7.0,2025-26,10.9,0.556,0.214,Tyrese Proctor,5.44,NORMAL,NBA,1.3,1.5,,10.9,5.44,1.3,1.5,0.556,0.214
1610612763,1641765,Olivier-Maxence Prosper,1,2026-27,1610612763.0,53.0,983.5916666666668,187.0,51.0,-209.0,2025-26,18.6,0.662,0.183,Olivier-Maxence Prosper,10.0,NORMAL,NBA,3.5,1.0,,18.6,10.0,3.5,1.0,0.662,0.183
1610612750,1642389,Zyon Pullin,1,2026-27,1610612750.0,5.0,42.583333333333336,3.0,9.0,6.0,2025-26,8.5,0.779,0.167,Zyon Pullin,4.6,NORMAL,NBA,0.6,1.8,,8.5,4.6,0.6,1.8,0.779,0.167
1610612759,1643519,Jayden Quaintance,1,2026-27,,4.0,,,,,,16.8,0.496,0.1935,,5.0,NO_HISTORY,NCAA,5.0,0.5,False,19.747,5.6334,3.0798000000000005,0.6652,0.5155104,0.15351925
1610612740,1642852,Derik Queen,1,2026-27,1610612740.0,81.0,2023.38,572.0,298.0,-304.0,2025-26,25.0,0.546,0.214,Derik Queen,11.703703703703704,NORMAL,NBA,7.1,3.7,,25.0,11.703703703703704,7.1,3.7,0.546,0.214
1610612738,1629674,Neemias Queta,1,2026-27,1610612738.0,76.0,1926.2066666666667,636.0,126.0,480.0,2025-26,25.3,0.674,0.145,Neemias Queta,10.210526315789474,NORMAL,NBA,8.4,1.7,,25.3,10.210526315789474,8.4,1.7,0.674,0.145
1610612761,1630193,Immanuel Quickley,1,2026-27,1610612761.0,70.0,2231.3083333333334,282.0,415.0,117.0,2025-26,31.9,0.577,0.206,Immanuel Quickley,16.428571428571427,NORMAL,NBA,4.0,5.9,,31.9,16.428571428571427,4.0,5.9,0.577,0.206
1610612751,203944,Julius Randle,1,2026-27,1610612750.0,79.0,2610.2966666666666,532.0,398.0,232.0,2025-26,33.0,0.585,0.258,Julius Randle,21.10126582278481,NORMAL,NBA,6.7,5.0,,33.0,21.10126582278481,6.7,5.0,0.585,0.258
1610612758,1642875,Maxime Raynaud,1,2026-27,1610612758.0,74.0,1963.88,556.0,100.0,-461.0,2025-26,26.5,0.619,0.178,Maxime Raynaud,12.45945945945946,NORMAL,NBA,7.5,1.4,,26.5,12.45945945945946,7.5,1.4,0.619,0.178
1610612747,1630559,Austin Reaves,1,2026-27,1610612747.0,51.0,1761.65,240.0,280.0,182.0,2025-26,34.5,0.641,0.258,Austin Reaves,23.274509803921568,NORMAL,NBA,4.7,5.5,,34.5,23.274509803921568,4.7,5.5,0.641,0.258
1610612765,1630194,Paul Reed,1,2026-27,1610612765.0,65.0,900.6283333333333,294.0,80.0,138.0,2025-26,13.9,0.65,0.2,Paul Reed,7.753846153846154,NORMAL,NBA,4.5,1.2,,13.9,7.753846153846154,4.5,1.2,0.65,0.2
1610612759,1643542,Tarris Reed Jr.,1,2026-27,,35.0,,,,,,27.3,0.614,0.262,,14.7,NO_HISTORY,NCAA,9.0,2.3,False,19.747,7.80135,4.7262,1.56052,0.5432286,0.176501
1610612766,1641810,Antonio Reeves,1,2026-27,1610612766.0,10.0,67.67666666666666,8.0,3.0,29.0,2025-26,6.8,0.675,0.133,Antonio Reeves,2.7,NORMAL,NBA,0.8,0.3,,6.8,2.7,0.8,0.3,0.675,0.133
1610612766,1629675,Naz Reid,1,2026-27,1610612750.0,77.0,2007.35,477.0,170.0,169.0,2025-26,26.1,0.565,0.212,Naz Reid,13.584415584415584,NORMAL,NBA,6.2,2.2,,26.1,13.584415584415584,6.2,2.2,0.565,0.212
1610612744,1642954,Will Richard,1,2026-27,1610612744.0,69.0,1376.805,172.0,93.0,-97.0,2025-26,20.0,0.596,0.123,Will Richard,6.391304347826087,NORMAL,NBA,2.5,1.3,,20.0,6.391304347826087,2.5,1.3,0.596,0.123
1610612748,1630208,Nick Richards,1,2026-27,1610612741.0,48.0,700.71,243.0,16.0,-136.0,2025-26,14.6,0.562,0.176,Nick Richards,5.75,NORMAL,NBA,5.1,0.3,,14.6,5.75,5.1,0.3,0.562,0.176
1610612753,1642859,Jase Richardson,1,2026-27,1610612753.0,54.0,586.7483333333333,63.0,58.0,-17.0,2025-26,10.9,0.574,0.162,Jase Richardson,4.425925925925926,NORMAL,NBA,1.2,1.1,,10.9,4.425925925925926,1.2,1.1,0.574,0.162
1610612764,1642860,Will Riley,1,2026-27,1610612764.0,74.0,1632.4716666666666,212.0,146.0,-484.0,2025-26,22.1,0.548,0.196,Will Riley,10.324324324324325,NORMAL,NBA,2.9,2.0,,22.1,10.324324324324325,2.9,2.0,0.548,0.196
1610612742,1642258,Zaccharie Risacher,1,2026-27,1610612737.0,67.0,1503.253333333333,257.0,76.0,-16.0,2025-26,22.4,0.557,0.168,Zaccharie Risacher,9.567164179104475,NORMAL,NBA,3.8,1.1,,22.4,9.567164179104475,3.8,1.1,0.557,0.168
1610612765,1629130,Duncan Robinson,1,2026-27,1610612765.0,77.0,2113.1583333333333,205.0,159.0,536.0,2025-26,27.4,0.629,0.152,Duncan Robinson,12.194805194805197,NORMAL,NBA,2.7,2.1,,27.4,12.194805194805197,2.7,2.1,0.629,0.152
1610612738,1629011,Mitchell Robinson,1,2026-27,1610612752.0,60.0,1174.5016666666668,525.0,52.0,157.0,2025-26,19.6,0.676,0.102,Mitchell Robinson,5.666666666666667,NORMAL,NBA,8.8,0.9,,19.6,5.666666666666667,8.8,0.9,0.676,0.102
1610612743,1631223,David Roddy,1,2026-27,1610612743.0,5.0,73.01666666666667,20.0,4.0,5.0,2025-26,14.6,0.605,0.191,David Roddy,8.0,NORMAL,NBA,4.0,0.8,,14.6,8.0,4.0,0.8,0.605,0.191
1610612749,1631157,Ryan Rollins,1,2026-27,1610612749.0,74.0,2375.483333333333,338.0,414.0,-175.0,2025-26,32.1,0.583,0.236,Ryan Rollins,17.31081081081081,NORMAL,NBA,4.6,5.6,,32.1,17.31081081081081,4.6,5.6,0.583,0.236
1610612755,1641712,Rayan Rupert,1,2026-27,1610612763.0,64.0,1072.545,188.0,68.0,-319.0,2025-26,16.8,0.493,0.148,Rayan Rupert,5.1875,NORMAL,NBA,2.9,1.1,,16.8,5.1875,2.9,1.1,0.493,0.148
1610612763,1626156,D'Angelo Russell,1,2026-27,1610612764.0,26.0,494.775,61.0,104.0,-41.0,2025-26,19.0,0.511,0.261,D'Angelo Russell,10.153846153846152,NORMAL,NBA,2.3,4.0,,19.0,10.153846153846152,2.3,4.0,0.511,0.261
1610612749,1642504,Cormac Ryan,1,2026-27,1610612749.0,11.0,270.67833333333334,28.0,19.0,-18.0,2025-26,24.6,0.692,0.206,Cormac Ryan,14.272727272727272,NORMAL,NBA,2.5,1.7,,24.6,14.272727272727272,2.5,1.7,0.692,0.206
1610612758,1627734,Domantas Sabonis,1,2026-27,1610612758.0,19.0,563.5883333333334,216.0,78.0,-177.0,2025-26,29.7,0.59,0.223,Domantas Sabonis,15.842105263157896,NORMAL,NBA,11.4,4.1,,29.7,15.842105263157896,11.4,4.1,0.59,0.223
1610612766,1642275,Tidjane Salaün,1,2026-27,1610612766.0,37.0,575.38,149.0,27.0,-4.0,2025-26,15.6,0.629,0.147,Tidjane Salaün,6.0,NORMAL,NBA,4.0,0.7,,15.6,6.0,4.0,0.7,0.629,0.147
1610612746,1642920,Kobe Sanders,1,2026-27,1610612746.0,68.0,1351.4166666666667,153.0,109.0,32.0,2025-26,19.9,0.597,0.155,Kobe Sanders,7.279411764705882,NORMAL,NBA,2.2,1.6,,19.9,7.279411764705882,2.2,1.6,0.597,0.155
1610612744,1630611,Gui Santos,1,2026-27,1610612744.0,68.0,1395.3633333333332,266.0,159.0,35.0,2025-26,20.5,0.609,0.181,Gui Santos,9.191176470588236,NORMAL,NBA,3.9,2.3,,20.5,9.191176470588236,3.9,2.3,0.609,0.181
1610612751,1642879,Ben Saraf,1,2026-27,1610612751.0,44.0,916.3183333333334,92.0,145.0,-237.0,2025-26,20.8,0.486,0.202,Ben Saraf,7.545454545454546,NORMAL,NBA,2.1,3.3,,20.8,7.545454545454546,2.1,3.3,0.486,0.202
1610612764,1642259,Alex Sarr,1,2026-27,1610612764.0,48.0,1304.6616666666666,355.0,130.0,-351.0,2025-26,27.2,0.544,0.252,Alex Sarr,16.3125,NORMAL,NBA,7.4,2.7,,27.2,16.3125,7.4,2.7,0.544,0.252
1610612742,1631204,Marcus Sasser,1,2026-27,1610612765.0,38.0,456.5033333333333,39.0,75.0,116.0,2025-26,12.0,0.533,0.197,Marcus Sasser,5.184210526315789,NORMAL,NBA,1.0,2.0,,12.0,5.184210526315789,1.0,2.0,0.533,0.197
1610612763,1643563,Richie Saunders,1,2026-27,,25.0,,,,,,31.4,0.632,0.243,,18.0,NO_HISTORY,NCAA,5.8,2.1,False,19.747,8.5389,3.4090800000000003,1.46104,0.5474568,0.1701265
1610612738,1631248,Baylor Scheierman,1,2026-27,1610612738.0,77.0,1429.3033333333333,269.0,116.0,199.0,2025-26,18.6,0.616,0.117,Baylor Scheierman,5.545454545454546,NORMAL,NBA,3.5,1.5,,18.6,5.545454545454546,3.5,1.5,0.616,0.117
1610612766,203471,Dennis Schröder,1,2026-27,1610612739.0,70.0,1696.2983333333334,190.0,341.0,-235.0,2025-26,24.2,0.526,0.21,Dennis Schröder,10.8,NORMAL,NBA,2.7,4.9,,24.2,10.8,2.7,4.9,0.526,0.21
1610612741,1643637,Jaylin Sellers,1,2026-27,,33.0,,,,,,30.0,0.615,0.27,,18.3,NO_HISTORY,NCAA,4.2,1.6,False,19.747,8.60595,2.7505200000000003,1.2123400000000002,0.5434635,0.179185
1610612745,1630578,Alperen Sengun,1,2026-27,1610612745.0,72.0,2397.695,640.0,445.0,205.0,2025-26,33.3,0.569,0.259,Alperen Sengun,20.36111111111111,NORMAL,NBA,8.9,6.2,,33.3,20.36111111111111,8.9,6.2,0.569,0.259
1610612762,1641729,Brice Sensabaugh,1,2026-27,1610612762.0,75.0,1761.8666666666666,231.0,143.0,-379.0,2025-26,23.5,0.59,0.244,Brice Sensabaugh,14.88,NORMAL,NBA,3.1,1.9,,23.5,14.88,3.1,1.9,0.59,0.244
1610612747,1629012,Collin Sexton,1,2026-27,1610612741.0,68.0,1613.2033333333334,155.0,223.0,-118.0,2025-26,23.7,0.615,0.248,Collin Sexton,15.441176470588236,NORMAL,NBA,2.3,3.3,,23.7,15.441176470588236,2.3,3.3,0.615,0.248
1610612752,1629013,Landry Shamet,1,2026-27,1610612752.0,51.0,1171.055,92.0,72.0,191.0,2025-26,23.0,0.598,0.151,Landry Shamet,9.31372549019608,NORMAL,NBA,1.8,1.4,,23.0,9.31372549019608,1.8,1.4,0.598,0.151
1610612750,1630545,Terrence Shannon Jr,1,2026-27,1610612750.0,43.0,537.675,49.0,38.0,-82.0,2025-26,12.5,0.597,0.171,Terrence Shannon Jr,5.604651162790698,NORMAL,NBA,1.1,0.9,,12.5,5.604651162790698,1.1,0.9,0.597,0.171
1610612758,1643567,Emanuel Sharp,1,2026-27,,37.0,,,,,,29.3,0.582,0.252,,15.5,NO_HISTORY,NCAA,3.0,1.7,False,19.747,7.98015,2.2566,1.26208,0.5357118000000001,0.173146
1610612746,1642481,Jamarion Sharp,1,2026-27,,25.0,,,,,,24.9,0.718,0.096,,7.1,NO_HISTORY,G-LEAGUE,7.3,0.5,False,19.725,3.96961,2.912,0.28335,0.544,0.0813888
1610612751,1630549,Day'Ron Sharpe,1,2026-27,1610612751.0,62.0,1159.915,413.0,145.0,-114.0,2025-26,18.7,0.638,0.19,Day'Ron Sharpe,8.709677419354838,NORMAL,NBA,6.7,2.3,,18.7,8.709677419354838,6.7,2.3,0.638,0.19
1610612757,1631101,Shaedon Sharpe,1,2026-27,1610612757.0,50.0,1471.3016666666667,217.0,132.0,-50.0,2025-26,29.4,0.546,0.293,Shaedon Sharpe,20.84,NORMAL,NBA,4.3,2.6,,29.4,20.84,4.3,2.6,0.546,0.293
1610612761,1642347,Jamal Shead,1,2026-27,1610612761.0,82.0,1852.2383333333328,143.0,444.0,231.0,2025-26,22.6,0.491,0.149,Jamal Shead,6.646341463414634,NORMAL,NBA,1.7,5.4,,22.6,6.646341463414634,1.7,5.4,0.491,0.149
1610612754,1641767,Ben Sheppard,1,2026-27,1610612754.0,65.0,1390.4766666666667,195.0,114.0,-268.0,2025-26,21.4,0.561,0.131,Ben Sheppard,7.061538461538461,NORMAL,NBA,3.0,1.8,,21.4,7.061538461538461,3.0,1.8,0.561,0.131
1610612745,1642263,Reed Sheppard,1,2026-27,1610612745.0,82.0,2146.923333333333,238.0,277.0,280.0,2025-26,26.2,0.564,0.21,Reed Sheppard,13.53658536585366,NORMAL,NBA,2.9,3.4,,26.2,13.53658536585366,2.9,3.4,0.564,0.21
1610612738,1642917,Max Shulga,1,2026-27,1610612738.0,11.0,36.275,6.0,2.0,-9.0,2025-26,3.3,0.394,0.128,Max Shulga,0.6363636363636364,NORMAL,NBA,0.5,0.2,,3.3,0.6363636363636364,0.5,0.2,0.394,0.128
1610612754,1627783,Pascal Siakam,1,2026-27,1610612754.0,62.0,2056.651666666666,411.0,236.0,-230.0,2025-26,33.2,0.562,0.292,Pascal Siakam,23.951612903225808,NORMAL,NBA,6.6,3.8,,33.2,23.951612903225808,6.6,3.8,0.562,0.292
1610612755,1629014,Anfernee Simons,1,2026-27,1610612741.0,55.0,1371.9333333333334,135.0,134.0,98.0,2025-26,24.9,0.576,0.227,Anfernee Simons,14.272727272727272,NORMAL,NBA,2.5,2.4,,24.9,14.272727272727272,2.5,2.4,0.576,0.227
1610612743,1642354,KJ Simpson,1,2026-27,1610612743.0,20.0,257.61,37.0,43.0,-2.0,2025-26,12.9,0.426,0.21,KJ Simpson,4.55,NORMAL,NBA,1.8,2.2,,12.9,4.55,1.8,2.2,0.426,0.21
1610612749,1630579,Jericho Sims,1,2026-27,1610612749.0,67.0,1317.835,370.0,104.0,-272.0,2025-26,19.7,0.772,0.095,Jericho Sims,4.985074626865671,NORMAL,NBA,5.5,1.6,,19.7,4.985074626865671,5.5,1.6,0.772,0.095
1610612754,1641771,Jalen Slawson,1,2026-27,1610612754.0,13.0,310.55,57.0,36.0,-26.0,2025-26,23.9,0.562,0.136,Jalen Slawson,7.3076923076923075,NORMAL,NBA,4.4,2.8,,23.9,7.3076923076923075,4.4,2.8,0.562,0.136
1610612763,1642914,Javon Small,1,2026-27,1610612763.0,41.0,829.9083333333333,128.0,151.0,-108.0,2025-26,20.2,0.611,0.183,Javon Small,9.658536585365852,NORMAL,NBA,3.1,3.7,,20.2,9.658536585365852,3.1,3.7,0.611,0.183
1610612745,203935,Marcus Smart,1,2026-27,1610612747.0,62.0,1768.9783333333332,172.0,185.0,256.0,2025-26,28.5,0.543,0.151,Marcus Smart,9.338709677419354,NORMAL,NBA,2.8,3.0,,28.5,9.338709677419354,2.8,3.0,0.543,0.151
1610612754,1643552,Braden Smith,1,2026-27,,39.0,,,,,,34.5,0.551,0.241,,14.3,NO_HISTORY,NCAA,3.5,8.8,False,19.747,7.71195,2.4624,4.793620000000001,0.5284299,0.1694554999999999
1610612748,1630696,Dru Smith,1,2026-27,1610612748.0,70.0,1141.3083333333334,173.0,180.0,-83.0,2025-26,16.3,0.532,0.142,Dru Smith,5.642857142857143,NORMAL,NBA,2.5,2.6,,16.3,5.642857142857143,2.5,2.6,0.532,0.142
1610612741,1630188,Jalen Smith,1,2026-27,1610612741.0,53.0,1095.388333333333,355.0,65.0,86.0,2025-26,20.7,0.608,0.183,Jalen Smith,10.20754716981132,NORMAL,NBA,6.7,1.2,,20.7,10.20754716981132,6.7,1.2,0.608,0.183
1610612761,1641869,Malachi Smith,1,2026-27,1610612751.0,15.0,358.82,51.0,49.0,-90.0,2025-26,23.9,0.605,0.136,Malachi Smith,8.266666666666667,NORMAL,NBA,3.4,3.3,,23.9,8.266666666666667,3.4,3.3,0.605,0.136
1610612765,1642449,Tolu Smith,1,2026-27,1610612765.0,15.0,137.44166666666666,49.0,13.0,0.0,2025-26,9.2,0.569,0.177,Tolu Smith,3.733333333333333,NORMAL,NBA,3.3,0.9,,9.2,3.733333333333333,3.3,0.9,0.569,0.177
1610612745,1631095,Jabari Smith Jr.,1,2026-27,1610612745.0,77.0,2705.365,529.0,143.0,265.0,2025-26,35.1,0.569,0.179,Jabari Smith Jr.,15.77922077922078,NORMAL,NBA,6.9,1.9,,35.1,15.77922077922078,6.9,1.9,0.569,0.179
1610612757,1631110,Jeremy Sochan,1,2026-27,1610612752.0,44.0,468.5516666666667,107.0,40.0,-58.0,2025-26,10.6,0.563,0.141,Jeremy Sochan,3.590909090909091,NORMAL,NBA,2.4,0.9,,10.6,3.590909090909091,2.4,0.9,0.563,0.141
1610612760,1642850,Thomas Sorber,1,2026-27,,24.0,,,,,,31.4,0.58,0.237,,14.5,NO_HISTORY,NCAA,8.5,2.4,False,19.747,7.75665,4.5204,1.6102599999999998,0.535242,0.1681135
1610612763,1642285,Cam Spencer,1,2026-27,1610612763.0,72.0,1714.4516666666666,183.0,400.0,-89.0,2025-26,23.8,0.649,0.166,Cam Spencer,11.083333333333334,NORMAL,NBA,2.5,5.6,,23.8,11.083333333333334,2.5,5.6,0.649,0.166
1610612756,1630311,Pat Spencer,1,2026-27,1610612744.0,66.0,1228.9266666666667,158.0,232.0,-95.0,2025-26,18.6,0.516,0.185,Pat Spencer,7.212121212121212,NORMAL,NBA,2.4,3.5,,18.6,7.212121212121212,2.4,3.5,0.516,0.185
1610612766,1643419,Hannes Steinbach,1,2026-27,,30.0,,,,,,34.6,0.636,0.242,,18.5,NO_HISTORY,NCAA,11.8,1.6,False,19.747,8.65065,5.87868,1.2123400000000002,0.5483964,0.169791
1610612763,1630191,Isaiah Stewart,1,2026-27,1610612765.0,58.0,1317.135,290.0,66.0,39.0,2025-26,22.7,0.632,0.164,Isaiah Stewart,10.017241379310343,NORMAL,NBA,5.0,1.1,,22.7,10.017241379310343,5.0,1.1,0.632,0.164
1610612760,1642892,Bennett Stirtz,1,2026-27,,37.0,,,,,,37.8,0.607,0.272,,19.8,NO_HISTORY,NCAA,2.6,4.4,False,19.747,8.9412,2.0919600000000003,2.6050600000000004,0.5415843,0.179856
1610612743,1631124,Julian Strawther,1,2026-27,1610612743.0,57.0,860.6733333333333,114.0,61.0,20.0,2025-26,15.1,0.59,0.187,Julian Strawther,7.245614035087719,NORMAL,NBA,2.0,1.1,,15.1,7.245614035087719,2.0,1.1,0.59,0.187
1610612746,1629622,Max Strus,1,2026-27,1610612739.0,12.0,288.295,65.0,24.0,-3.0,2025-26,24.0,0.609,0.17,Max Strus,11.166666666666666,NORMAL,NBA,5.4,2.0,,24.0,11.166666666666666,5.4,2.0,0.609,0.17
1610612753,1630591,Jalen Suggs,1,2026-27,1610612753.0,57.0,1573.57,220.0,312.0,181.0,2025-26,27.6,0.561,0.22,Jalen Suggs,13.789473684210526,NORMAL,NBA,3.9,5.5,,27.6,13.789473684210526,3.9,5.5,0.561,0.22
1610612741,1643517,Dailyn Swain,1,2026-27,,36.0,,,,,,32.8,0.636,0.247,,17.3,NO_HISTORY,NCAA,7.5,3.6,False,19.747,8.38245,4.1088000000000005,2.20714,0.5483964,0.1714685
1610612745,1630256,Jae'Sean Tate,1,2026-27,1610612745.0,46.0,404.72333333333336,73.0,25.0,-37.0,2025-26,8.8,0.567,0.131,Jae'Sean Tate,2.8043478260869565,NORMAL,NBA,1.6,0.5,,8.8,2.8043478260869565,1.6,0.5,0.567,0.131
1610612738,1628369,Jayson Tatum,1,2026-27,1610612738.0,16.0,521.85,160.0,85.0,118.0,2025-26,32.6,0.541,0.29,Jayson Tatum,21.75,NORMAL,NBA,10.0,5.3,,32.6,21.75,10.0,5.3,0.541,0.29
1610612744,1631207,Dalen Terry,1,2026-27,1610612755.0,48.0,551.0266666666666,86.0,66.0,-45.0,2025-26,11.5,0.523,0.139,Dalen Terry,3.6666666666666665,NORMAL,NBA,1.8,1.4,,11.5,3.6666666666666665,1.8,1.4,0.523,0.139
1610612747,1642876,Adou Thiero,1,2026-27,1610612747.0,25.0,148.90333333333334,28.0,10.0,-33.0,2025-26,6.0,0.578,0.143,Adou Thiero,1.88,NORMAL,NBA,1.1,0.4,,6.0,1.88,1.1,0.4,0.578,0.143
1610612739,1643509,Meleek Thomas,1,2026-27,,37.0,,,,,,30.5,0.559,0.236,,15.6,NO_HISTORY,NCAA,3.8,2.5,False,19.747,8.002500000000001,2.58588,1.66,0.5303091,0.1677779999999999
1610612755,1643148,Saint Thomas,1,2026-27,,36.0,,,,,,29.5,0.573,0.174,,12.5,NO_HISTORY,G-LEAGUE,5.1,3.8,False,19.725,6.9887500000000005,2.912,2.15346,0.544,0.1475172
1610612745,1641708,Amen Thompson,1,2026-27,1610612745.0,79.0,2953.15,614.0,420.0,368.0,2025-26,37.4,0.594,0.195,Amen Thompson,18.26582278481013,NORMAL,NBA,7.8,5.3,,37.4,18.26582278481013,7.8,5.3,0.594,0.195
1610612765,1641709,Ausar Thompson,1,2026-27,1610612765.0,73.0,1895.61,418.0,228.0,397.0,2025-26,26.0,0.545,0.168,Ausar Thompson,9.876712328767123,NORMAL,NBA,5.7,3.1,,26.0,9.876712328767123,5.7,3.1,0.545,0.168
1610612748,202691,Klay Thompson,1,2026-27,1610612742.0,69.0,1496.83,143.0,96.0,-133.0,2025-26,21.7,0.541,0.214,Klay Thompson,11.73913043478261,NORMAL,NBA,2.1,1.4,,21.7,11.73913043478261,2.1,1.4,0.541,0.214
1610612745,1643570,Bruce Thornton,1,2026-27,,34.0,,,,,,36.6,0.665,0.237,,19.9,NO_HISTORY,NCAA,5.1,3.9,False,19.747,8.96355,3.12096,2.35636,0.5552085,0.1681135
1610612747,1629680,Matisse Thybulle,1,2026-27,1610612757.0,30.0,479.65,59.0,27.0,88.0,2025-26,16.0,0.6,0.144,Matisse Thybulle,5.8,NORMAL,NBA,2.0,0.9,,16.0,5.8,2.0,0.9,0.6,0.144
1610612766,1630214,Xavier Tillman,1,2026-27,1610612766.0,30.0,183.87833333333333,43.0,13.0,-23.0,2025-26,6.1,0.461,0.127,Xavier Tillman,1.4666666666666666,NORMAL,NBA,1.4,0.4,,6.1,1.4666666666666666,1.4,0.4,0.461,0.127
1610612739,1641772,Nae'Qwan Tomlin,1,2026-27,1610612739.0,64.0,1003.6383333333332,186.0,53.0,60.0,2025-26,15.7,0.549,0.151,Nae'Qwan Tomlin,5.84375,NORMAL,NBA,2.9,0.8,,15.7,5.84375,2.9,0.8,0.549,0.151
1610612757,1642910,John Tonje,1,2026-27,1610612738.0,6.0,41.89833333333333,6.0,2.0,-6.0,2025-26,7.0,0.476,0.157,John Tonje,2.5,NORMAL,NBA,1.0,0.3,,7.0,2.5,1.0,0.3,0.476,0.157
1610612760,1642260,Nikola Topić,1,2026-27,1610612760.0,10.0,160.08333333333334,19.0,44.0,-42.0,2025-26,16.0,0.489,0.204,Nikola Topić,5.2,NORMAL,NBA,1.9,4.4,,16.0,5.2,1.9,4.4,0.489,0.204
1610612754,1630167,Obi Toppin,1,2026-27,1610612754.0,24.0,423.725,106.0,55.0,-33.0,2025-26,17.7,0.636,0.241,Obi Toppin,11.625,NORMAL,NBA,4.4,2.3,,17.7,11.625,4.4,2.3,0.636,0.241
1610612752,1626157,Karl-Anthony Towns,1,2026-27,1610612752.0,75.0,2321.7816666666668,889.0,226.0,378.0,2025-26,31.0,0.619,0.251,Karl-Anthony Towns,20.05333333333333,NORMAL,NBA,11.9,3.0,,31.0,20.05333333333333,11.9,3.0,0.619,0.251
1610612751,1642849,Nolan Traore,1,2026-27,1610612751.0,56.0,1243.3916666666669,99.0,213.0,-280.0,2025-26,22.2,0.479,0.224,Nolan Traore,8.910714285714286,NORMAL,NBA,1.8,3.8,,22.2,8.910714285714286,1.8,3.8,0.479,0.224
1610612749,1629018,Gary Trent Jr.,1,2026-27,1610612749.0,65.0,1377.381666666667,67.0,79.0,-348.0,2025-26,21.2,0.533,0.167,Gary Trent Jr.,8.138461538461538,NORMAL,NBA,1.0,1.2,,21.2,8.138461538461538,1.0,1.2,0.533,0.167
1610612745,1631131,Oscar Tshiebwe,1,2026-27,1610612762.0,27.0,448.42,179.0,32.0,-79.0,2025-26,16.6,0.633,0.162,Oscar Tshiebwe,7.814814814814815,NORMAL,NBA,6.6,1.2,,16.6,7.814814814814815,6.6,1.2,0.633,0.162
1610612749,1626167,Myles Turner,1,2026-27,1610612749.0,71.0,1911.8033333333333,378.0,103.0,-227.0,2025-26,26.9,0.584,0.181,Myles Turner,11.915492957746478,NORMAL,NBA,5.3,1.5,,26.9,11.915492957746478,5.3,1.5,0.584,0.181
1610612739,1642281,Jaylon Tyson,1,2026-27,1610612739.0,66.0,1777.4833333333331,338.0,147.0,110.0,2025-26,26.9,0.608,0.189,Jaylon Tyson,13.212121212121213,NORMAL,NBA,5.1,2.2,,26.9,13.212121212121213,5.1,2.2,0.608,0.189
1610612739,1643640,"Ernest Udeh, Jr.",1,2026-27,,33.0,,,,,,28.0,0.68,0.097,,6.7,NO_HISTORY,NCAA,9.2,0.5,False,19.747,6.013350000000001,4.80852,0.6652,0.558732,0.1211435
1610612738,1642870,Milos Uzan,1,2026-27,,37.0,,,,,,33.0,0.493,0.197,,11.1,NO_HISTORY,NCAA,2.7,4.0,False,19.747,6.9967500000000005,2.13312,2.4061,0.5148057,0.1546935
1610612745,1627832,Fred VanVleet,1,2026-27,,60.0,2111.298333333333,221.0,333.0,264.0,,35.2,0.515,0.176,,14.066666666666666,SEASONED_PLAYER,NBA_FALLBACK,3.7,5.6,False,35.2,14.066666666666666,3.7,5.6,0.515,0.176
1610612747,1629020,Jarred Vanderbilt,1,2026-27,1610612747.0,65.0,1127.7416666666666,292.0,84.0,6.0,2025-26,17.3,0.544,0.119,Jarred Vanderbilt,4.430769230769231,NORMAL,NBA,4.5,1.3,,17.3,4.430769230769231,4.5,1.3,0.544,0.119
1610612759,1630170,Devin Vassell,1,2026-27,1610612759.0,67.0,2044.2316666666663,269.0,167.0,492.0,2025-26,30.5,0.574,0.176,Devin Vassell,13.91044776119403,NORMAL,NBA,4.0,2.5,,30.5,13.91044776119403,4.0,2.5,0.574,0.176
1610612737,1643539,Henri Veesaar,1,2026-27,,31.0,,,,,,31.3,0.664,0.233,,17.0,NO_HISTORY,NCAA,8.7,2.1,False,19.747,8.3154,4.60272,1.46104,0.5549736000000001,0.1667715
1610612737,1629216,Gabe Vincent,1,2026-27,1610612737.0,53.0,879.0783333333334,54.0,76.0,39.0,2025-26,16.6,0.511,0.119,Gabe Vincent,4.358490566037736,NORMAL,NBA,1.0,1.4,,16.6,4.358490566037736,1.0,1.4,0.511,0.119
1610612764,1641774,Tristan Vukcevic,1,2026-27,1610612764.0,49.0,670.98,147.0,55.0,-226.0,2025-26,13.7,0.603,0.259,Tristan Vukcevic,9.0,NORMAL,NBA,3.0,1.1,,13.7,9.0,3.0,1.1,0.603,0.259
1610612753,202696,Nikola Vučević,1,2026-27,1610612738.0,64.0,1818.118333333333,537.0,213.0,-42.0,2025-26,28.4,0.574,0.213,Nikola Vučević,15.078125,NORMAL,NBA,8.4,3.3,,28.4,15.078125,8.4,3.3,0.574,0.213
1610612755,1629731,Dean Wade,1,2026-27,1610612739.0,59.0,1317.6833333333334,247.0,88.0,151.0,2025-26,22.3,0.58,0.097,Dean Wade,5.796610169491525,NORMAL,NBA,4.2,1.5,,22.3,5.796610169491525,4.2,1.5,0.58,0.097
1610612746,1643413,Keaton Wagler,1,2026-27,,37.0,,,,,,33.9,0.596,0.253,,17.9,NO_HISTORY,NCAA,5.1,4.2,False,19.747,8.516549999999999,3.12096,2.50558,0.5390004,0.1734815
1610612753,1630532,Franz Wagner,1,2026-27,1610612753.0,34.0,1019.0033333333332,177.0,113.0,80.0,2025-26,30.0,0.588,0.256,Franz Wagner,20.558823529411764,NORMAL,NBA,5.2,3.3,,30.0,20.558823529411764,5.2,3.3,0.588,0.256
1610612751,1629021,Moritz Wagner,1,2026-27,1610612753.0,36.0,426.595,115.0,27.0,-88.0,2025-26,11.8,0.545,0.237,Moritz Wagner,6.861111111111111,NORMAL,NBA,3.2,0.8,,11.8,6.861111111111111,3.2,0.8,0.545,0.237
1610612755,1631133,Jabari Walker,1,2026-27,1610612755.0,64.0,761.6683333333333,192.0,34.0,4.0,2025-26,11.9,0.568,0.142,Jabari Walker,4.3125,NORMAL,NBA,3.0,0.5,,11.9,4.3125,3.0,0.5,0.568,0.142
1610612754,1641716,Jarace Walker,1,2026-27,1610612754.0,76.0,1953.3833333333328,391.0,192.0,-459.0,2025-26,25.7,0.543,0.2,Jarace Walker,11.63157894736842,NORMAL,NBA,5.1,2.5,,25.7,11.63157894736842,5.1,2.5,0.543,0.2
1610612760,1641717,Cason Wallace,1,2026-27,1610612760.0,77.0,2046.07,238.0,200.0,532.0,2025-26,26.6,0.538,0.141,Cason Wallace,8.571428571428571,NORMAL,NBA,3.1,2.6,,26.6,8.571428571428571,3.1,2.6,0.538,0.141
1610612737,1630811,Keaton Wallace,1,2026-27,1610612737.0,53.0,535.99,56.0,94.0,-101.0,2025-26,10.1,0.52,0.161,Keaton Wallace,3.509433962264151,NORMAL,NBA,1.1,1.8,,10.1,3.509433962264151,1.1,1.8,0.52,0.161
1610612738,1641775,Jordan Walsh,1,2026-27,1610612738.0,68.0,1211.97,272.0,54.0,95.0,2025-26,17.8,0.623,0.114,Jordan Walsh,5.352941176470588,NORMAL,NBA,4.0,0.8,,17.8,5.352941176470588,4.0,0.8,0.623,0.114
1610612761,1642266,Ja'Kobe Walter,1,2026-27,1610612761.0,72.0,1473.575,185.0,86.0,1.0,2025-26,20.5,0.61,0.136,Ja'Kobe Walter,7.513888888888889,NORMAL,NBA,2.6,1.2,,20.5,7.513888888888889,2.6,1.2,0.61,0.136
1610612749,1642276,Kel'el Ware,1,2026-27,1610612748.0,77.0,1703.8216666666667,694.0,56.0,-66.0,2025-26,22.1,0.616,0.174,Kel'el Ware,11.051948051948052,NORMAL,NBA,9.0,0.7,,22.1,11.051948051948052,9.0,0.7,0.616,0.174
1610612742,1629023,P.J. Washington,1,2026-27,1610612742.0,56.0,1735.62,394.0,98.0,-277.0,2025-26,31.0,0.537,0.194,P.J. Washington,14.160714285714286,NORMAL,NBA,7.0,1.8,,31.0,14.160714285714286,7.0,1.8,0.537,0.194
1610612746,1631102,TyTy Washington Jr.,1,2026-27,1610612746.0,16.0,88.12833333333333,6.0,17.0,-39.0,2025-26,5.5,0.553,0.113,TyTy Washington Jr.,1.3125,NORMAL,NBA,0.4,1.1,,5.5,1.3125,0.4,1.1,0.553,0.113
1610612740,1630570,Trendon Watford,1,2026-27,1610612755.0,53.0,863.7166666666667,174.0,132.0,-156.0,2025-26,16.3,0.573,0.17,Trendon Watford,6.528301886792453,NORMAL,NBA,3.3,2.5,,16.3,6.528301886792453,3.3,2.5,0.573,0.17
1610612764,1642364,Jamir Watkins,1,2026-27,1610612764.0,50.0,1032.1766666666667,194.0,67.0,-164.0,2025-26,20.6,0.554,0.148,Jamir Watkins,7.36,NORMAL,NBA,3.9,1.3,,20.6,7.36,3.9,1.3,0.554,0.148
1610612739,1631212,Peyton Watson,1,2026-27,1610612743.0,54.0,1597.7583333333334,264.0,111.0,196.0,2025-26,29.6,0.594,0.204,Peyton Watson,14.61111111111111,NORMAL,NBA,4.9,2.1,,29.6,14.61111111111111,4.9,2.1,0.594,0.204
1610612763,1642377,Jaylen Wells,1,2026-27,1610612763.0,69.0,1820.6416666666669,220.0,111.0,-179.0,2025-26,26.4,0.559,0.189,Jaylen Wells,12.53623188405797,NORMAL,NBA,3.2,1.6,,26.4,12.53623188405797,3.2,1.6,0.559,0.189
1610612759,1641705,Victor Wembanyama,1,2026-27,1610612759.0,64.0,1865.6483333333333,736.0,199.0,682.0,2025-26,29.2,0.626,0.316,Victor Wembanyama,25.0,NORMAL,NBA,11.5,3.1,,29.2,25.0,11.5,3.1,0.626,0.316
1610612757,1631104,Blake Wesley,1,2026-27,1610612757.0,31.0,360.8183333333333,39.0,62.0,-78.0,2025-26,11.6,0.511,0.189,Blake Wesley,4.774193548387097,NORMAL,NBA,1.3,2.0,,11.6,4.774193548387097,1.3,2.0,0.511,0.189
1610612766,1629632,Coby White,1,2026-27,1610612766.0,50.0,1249.7883333333334,170.0,200.0,94.0,2025-26,25.0,0.595,0.283,Coby White,17.36,NORMAL,NBA,3.4,4.0,,25.0,17.36,3.4,4.0,0.595,0.283
1610612738,1628401,Derrick White,1,2026-27,1610612738.0,77.0,2624.9566666666665,339.0,414.0,598.0,2025-26,34.1,0.529,0.216,Derrick White,16.454545454545453,NORMAL,NBA,4.4,5.4,,34.1,16.454545454545453,4.4,5.4,0.529,0.216
1610612737,1630598,Aaron Wiggins,1,2026-27,1610612760.0,65.0,1413.98,199.0,109.0,178.0,2025-26,21.8,0.538,0.194,Aaron Wiggins,9.4,NORMAL,NBA,3.1,1.7,,21.8,9.4,3.1,1.7,0.538,0.194
1610612748,203952,Andrew Wiggins,1,2026-27,1610612748.0,68.0,2062.5983333333334,329.0,182.0,9.0,2025-26,30.3,0.586,0.194,Andrew Wiggins,15.367647058823527,NORMAL,NBA,4.8,2.7,,30.3,15.367647058823527,4.8,2.7,0.586,0.194
1610612738,1642873,Amari Williams,1,2026-27,1610612738.0,22.0,145.72333333333333,40.0,10.0,-58.0,2025-26,6.6,0.573,0.103,Amari Williams,1.3636363636363635,NORMAL,NBA,1.8,0.5,,6.6,1.3636363636363635,1.8,0.5,0.573,0.103
1610612744,1630314,Brandon Williams,1,2026-27,1610612742.0,66.0,1462.645,191.0,256.0,-143.0,2025-26,22.2,0.572,0.242,Brandon Williams,13.015151515151516,NORMAL,NBA,2.9,3.9,,22.2,13.015151515151516,2.9,3.9,0.572,0.242
1610612750,1642262,Cody Williams,1,2026-27,1610612762.0,67.0,1630.5416666666667,198.0,137.0,-393.0,2025-26,24.3,0.524,0.159,Cody Williams,8.776119402985074,NORMAL,NBA,3.0,2.0,,24.3,8.776119402985074,3.0,2.0,0.524,0.159
1610612766,1629684,Grant Williams,1,2026-27,1610612766.0,36.0,711.4533333333334,142.0,56.0,203.0,2025-26,19.8,0.609,0.132,Grant Williams,7.0,NORMAL,NBA,3.9,1.6,,19.8,7.0,3.9,1.6,0.609,0.132
1610612760,1631114,Jalen Williams,1,2026-27,1610612760.0,33.0,935.9633333333334,153.0,181.0,229.0,2025-26,28.4,0.56,0.252,Jalen Williams,17.060606060606062,NORMAL,NBA,4.6,5.5,,28.4,17.060606060606062,4.6,5.5,0.56,0.252
1610612760,1631119,Jaylin Williams,1,2026-27,1610612760.0,65.0,1277.375,358.0,158.0,304.0,2025-26,19.7,0.597,0.153,Jaylin Williams,7.215384615384615,NORMAL,NBA,5.5,2.4,,19.7,7.215384615384615,5.5,2.4,0.597,0.153
1610612760,1629026,Kenrich Williams,1,2026-27,1610612760.0,56.0,855.1633333333333,187.0,79.0,45.0,2025-26,15.3,0.569,0.178,Kenrich Williams,6.482142857142857,NORMAL,NBA,3.3,1.4,,15.3,6.482142857142857,3.3,1.4,0.569,0.178
1610612756,1631109,Mark Williams,1,2026-27,1610612756.0,60.0,1416.05,477.0,58.0,-42.0,2025-26,23.6,0.68,0.167,Mark Williams,11.666666666666666,NORMAL,NBA,8.0,1.0,,23.6,11.666666666666666,8.0,1.0,0.68,0.167
1610612744,1631466,Nate Williams,1,2026-27,1610612744.0,14.0,239.17,30.0,14.0,-79.0,2025-26,17.1,0.592,0.192,Nate Williams,8.0,NORMAL,NBA,2.1,1.0,,17.1,8.0,2.1,1.0,0.592,0.192
1610612741,1630172,Patrick Williams,1,2026-27,1610612741.0,72.0,1473.78,215.0,105.0,-345.0,2025-26,20.5,0.494,0.159,Patrick Williams,7.013888888888889,NORMAL,NBA,3.0,1.5,,20.5,7.013888888888889,3.0,1.5,0.494,0.159
1610612747,1630533,Ziaire Williams,1,2026-27,1610612751.0,56.0,1281.2666666666669,134.0,60.0,-282.0,2025-26,22.9,0.579,0.179,Ziaire Williams,10.232142857142858,NORMAL,NBA,2.4,1.1,,22.9,10.232142857142858,2.4,1.1,0.579,0.179
1610612757,1629057,Robert Williams III,1,2026-27,1610612757.0,59.0,1008.2133333333334,415.0,60.0,73.0,2025-26,17.1,0.722,0.129,Robert Williams III,6.728813559322034,NORMAL,NBA,7.0,1.0,,17.1,6.728813559322034,7.0,1.0,0.722,0.129
1610612740,1629627,Zion Williamson,1,2026-27,1610612740.0,62.0,1841.0633333333333,353.0,199.0,-82.0,2025-26,29.7,0.644,0.25,Zion Williamson,21.0,NORMAL,NBA,5.7,3.2,,29.7,21.0,5.7,3.2,0.644,0.25
1610612741,1643410,Caleb Wilson,1,2026-27,,24.0,,,,,,31.3,0.626,0.282,,19.8,NO_HISTORY,NCAA,9.4,2.7,False,19.747,8.9412,4.890840000000001,1.75948,0.5460474,0.183211
1610612737,1630592,Jalen Wilson,1,2026-27,1610612751.0,54.0,859.2216666666667,114.0,50.0,-193.0,2025-26,15.9,0.536,0.177,Jalen Wilson,6.351851851851852,NORMAL,NBA,2.1,0.9,,15.9,6.351851851851852,2.1,0.9,0.536,0.177
1610612751,1642874,Danny Wolf,1,2026-27,1610612751.0,57.0,1187.1616666666666,281.0,127.0,-231.0,2025-26,20.8,0.521,0.201,Danny Wolf,8.912280701754385,NORMAL,NBA,4.9,2.2,,20.8,8.912280701754385,4.9,2.2,0.521,0.201
1610612757,1642905,Yang Hansen,1,2026-27,1610612757.0,43.0,299.8933333333333,66.0,22.0,-100.0,2025-26,7.0,0.413,0.196,Yang Hansen,2.2093023255813957,NORMAL,NBA,1.5,0.5,,7.0,2.2093023255813957,1.5,0.5,0.413,0.196
1610612748,1642443,Jahmir Young,1,2026-27,1610612748.0,14.0,58.195,4.0,9.0,1.0,2025-26,4.2,0.483,0.178,Jahmir Young,1.7857142857142858,NORMAL,NBA,0.3,0.6,,4.2,1.7857142857142858,0.3,0.6,0.483,0.178
1610612764,1629027,Trae Young,1,2026-27,1610612764.0,15.0,383.7533333333333,30.0,120.0,-66.0,2025-26,25.6,0.612,0.262,Trae Young,17.933333333333334,NORMAL,NBA,2.0,8.0,,25.6,17.933333333333334,2.0,8.0,0.612,0.262
1610612757,1642959,Chris Youngblood,1,2026-27,1610612757.0,34.0,185.09166666666667,28.0,12.0,9.0,2025-26,5.4,0.527,0.162,Chris Youngblood,2.088235294117647,NORMAL,NBA,0.8,0.4,,5.4,2.088235294117647,0.8,0.4,0.527,0.162
1610612750,1642911,Rocco Zikarsky,1,2026-27,1610612750.0,5.0,36.48333333333333,14.0,2.0,7.0,2025-26,7.3,0.717,0.131,Rocco Zikarsky,2.8,NORMAL,NBA,2.8,0.4,,7.3,2.8,2.8,0.4,0.717,0.131
1610612754,1627826,Ivica Zubac,1,2026-27,1610612754.0,48.0,1446.6983333333333,509.0,105.0,-46.0,2025-26,30.1,0.622,0.186,Ivica Zubac,14.104166666666666,NORMAL,NBA,10.6,2.2,,30.1,14.104166666666666,10.6,2.2,0.622,0.186
1610612753,1641783,Tristan da Silva,1,2026-27,1610612753.0,77.0,1899.4566666666667,284.0,124.0,103.0,2025-26,24.7,0.576,0.16,Tristan da Silva,9.896103896103895,NORMAL,NBA,3.7,1.6,,24.7,9.896103896103895,3.7,1.6,0.576,0.16
1610612742,1643547,Sergio de Larrea,1,2026-27,,54.0,,,,,,14.6,0.587,0.213,,6.8,NO_HISTORY,INTERNATIONAL,2.2,3.0,False,21.424,5.9194,2.73748,2.8824,0.5221418,0.1747452
