PLAYER_ID,PLAYER_NAME,NICKNAME,TEAM_ID,TEAM_ABBREVIATION,AGE,GP,W,L,W_PCT,MIN_trad,FGM,FGA,FG_PCT,FG3M,FG3A,FG3_PCT,FTM,FTA,FT_PCT,OREB,DREB,REB,AST,TOV,STL,BLK,BLKA,PF,PFD,PTS,PLUS_MINUS,NBA_FANTASY_PTS,DD2,TD3,WNBA_FANTASY_PTS,TEAM_COUNT,SEASON,MIN_adv,E_OFF_RATING,OFF_RATING,sp_work_OFF_RATING,E_DEF_RATING,DEF_RATING,sp_work_DEF_RATING,E_NET_RATING,NET_RATING,sp_work_NET_RATING,AST_PCT,AST_TO,AST_RATIO,OREB_PCT,DREB_PCT,REB_PCT,TM_TOV_PCT,E_TOV_PCT,EFG_PCT,TS_PCT,USG_PCT,E_USG_PCT,E_PACE,PACE,PACE_PER40,sp_work_PACE,PIE,POSS,FGM_PG,FGA_PG
920,A.C. Green,A.C.,1610612742,DAL,34.0,82,20,62,0.244,2645.5066666666667,242,534,0.453,0,4,0.0,116,162,0.716,219,449,668,123,68,78,27,33,157,2,600,-381,1833.1,14,0,1601.0,1,1997-98,32.3,97.4,98.0,98.0,104.6,105.3,105.3,-7.3,-7.3,-7.3,0.074,1.81,15.4,0.081,0.173,0.126,8.5,8.5,0.453,0.496,0.116,0.118,91.55,90.97,75.81,90.97,0.096,5007,3.0,6.5
243,Aaron McKie,Aaron,1610612755,PHI,25.0,81,34,47,0.42,1812.5416666666667,139,381,0.365,12,63,0.19,42,55,0.764,58,173,231,175,76,101,13,35,164,1,332,25,1137.7,0,0,978.0,2,1997-98,22.4,98.7,98.1,98.1,97.2,96.3,96.3,1.5,1.8,1.8,0.159,2.3,26.7,0.032,0.098,0.064,11.6,11.6,0.381,0.41,0.117,0.121,92.06,92.74,77.28,92.74,0.063,3483,1.7,4.7
1425,Aaron Williams,Aaron,1610612760,SEA,26.0,65,49,16,0.754,756.795,116,221,0.525,0,1,0.0,66,85,0.776,49,99,148,14,50,19,38,25,119,1,298,63,617.6,0,0,574.0,1,1997-98,11.6,105.6,103.5,103.5,99.9,98.3,98.3,5.6,5.2,5.2,0.029,0.28,4.3,0.072,0.128,0.102,15.4,15.5,0.525,0.577,0.179,0.186,95.91,97.71,81.42,97.71,0.071,1532,1.8,3.4
228,Adam Keefe,Adam,1610612762,UTA,28.0,80,61,19,0.763,2047.0916666666667,229,424,0.54,0,0,0.0,162,200,0.81,179,259,438,89,71,52,24,52,172,2,620,428,1436.1,5,0,1299.0,1,1997-98,25.6,111.4,113.4,113.4,101.5,102.4,102.4,9.9,11.0,11.0,0.063,1.25,13.2,0.103,0.131,0.118,10.5,10.6,0.54,0.605,0.131,0.131,91.94,90.74,75.62,90.74,0.094,3871,2.9,5.3
1502,Adonal Foyle,Adonal,1610612744,GSW,23.0,55,9,46,0.164,657.3683333333333,69,170,0.406,0,1,0.0,27,62,0.435,73,111,184,14,50,13,52,19,94,1,165,-168,551.8,0,0,493.0,1,1997-98,12.0,88.2,86.9,86.9,100.4,99.5,99.5,-12.1,-12.6,-12.6,0.037,0.28,5.3,0.098,0.157,0.127,19.0,19.1,0.406,0.418,0.158,0.162,94.6,95.69,79.74,95.69,0.048,1309,1.3,3.1
154,Adrian Caldwell,Adrian,1610612742,DAL,31.0,1,1,0,1.0,2.716666666666667,0,0,0.0,0,0,0.0,0,0,0.0,0,0,0,0,0,0,0,0,0,0,0,0,0.0,0,0,0.0,1,1997-98,2.7,140.0,116.7,116.7,121.5,116.7,116.7,18.5,0.0,0.0,0.0,0.0,0.0,0.0,0.0,0.0,0.0,0.0,0.0,0.0,0.0,0.0,95.06,106.01,88.34,106.01,0.0,6,0.0,0.0
673,Alan Henderson,Alan,1610612737,ATL,25.0,69,42,27,0.609,2006.3433333333328,365,753,0.485,3,6,0.5,253,388,0.652,200,242,442,73,110,40,36,77,175,1,986,90,1743.9,12,0,1656.0,1,1997-98,29.1,105.1,105.4,105.4,101.8,102.8,102.8,3.3,2.6,2.6,0.068,0.66,6.6,0.102,0.118,0.11,9.9,9.9,0.487,0.534,0.231,0.235,91.62,91.02,75.85,91.02,0.106,3800,5.3,10.9
275,Allan Houston,Allan,1610612752,NYK,27.0,82,43,39,0.524,2849.353333333333,571,1277,0.447,82,213,0.385,285,335,0.851,43,231,274,212,200,63,24,64,207,1,1509,129,2216.8,1,0,2251.0,1,1997-98,34.7,100.5,100.6,100.6,97.8,98.6,98.6,2.7,2.1,2.1,0.14,1.06,11.6,0.016,0.084,0.05,10.9,10.9,0.479,0.53,0.261,0.266,91.25,90.81,75.67,90.81,0.105,5399,7.0,15.6
947,Allen Iverson,Allen,1610612755,PHI,23.0,80,31,49,0.388,3152.1966666666667,649,1407,0.461,70,235,0.298,390,535,0.729,86,210,296,494,244,176,25,107,200,0,1758,-93,3213.2,12,0,3020.0,1,1997-98,39.4,101.4,102.4,102.4,104.2,104.3,104.3,-2.8,-1.9,-1.9,0.294,2.02,20.7,0.028,0.069,0.048,10.2,10.3,0.486,0.535,0.264,0.267,93.23,92.67,77.23,92.67,0.135,6097,8.1,17.6
297,Alonzo Mourning,Alonzo,1610612748,MIA,28.0,58,39,19,0.672,1939.3166666666664,404,733,0.551,0,0,0.0,309,465,0.665,194,365,559,52,179,40,130,58,208,7,1117,427,2196.8,24,0,2068.0,1,1997-98,33.4,107.5,108.7,108.7,95.5,96.4,96.4,12.0,12.2,12.2,0.052,0.29,4.4,0.108,0.19,0.151,15.3,15.3,0.551,0.596,0.269,0.273,88.69,87.75,73.13,87.75,0.155,3542,7.0,12.6
175,Alton Lister,Alton,1610612757,POR,39.0,7,5,2,0.714,43.48833333333334,3,8,0.375,0,0,0.0,0,0,0.0,2,9,11,1,2,1,1,1,12,0,6,-5,24.7,0,0,22.0,1,1997-98,6.2,75.9,79.0,79.0,85.4,83.1,83.1,-9.5,-4.1,-4.1,0.04,0.5,9.1,0.045,0.191,0.121,18.2,18.2,0.375,0.375,0.105,0.104,91.08,90.51,75.42,90.51,-0.006,81,0.4,1.1
1541,Alvin Williams,Alvin,1610612761,TOR,23.0,54,24,30,0.444,1067.5383333333334,125,282,0.443,9,28,0.321,65,90,0.722,24,57,81,103,58,38,3,18,79,0,324,-5,640.7,0,0,599.0,2,1997-98,19.8,102.2,101.2,101.2,101.1,101.1,101.1,1.1,0.1,0.1,0.156,1.78,21.3,0.024,0.049,0.037,12.0,12.0,0.459,0.504,0.155,0.158,95.48,95.93,79.94,95.93,0.069,2130,2.3,5.2
692,Andrew DeClercq,Andrew,1610612738,BOS,25.0,81,36,45,0.444,1522.503333333333,169,340,0.497,0,1,0.0,101,168,0.601,180,212,392,59,84,85,49,33,277,2,439,-91,1315.9,2,0,1158.0,1,1997-98,18.8,98.0,98.3,98.3,101.5,99.5,99.5,-3.4,-1.2,-1.2,0.061,0.7,10.6,0.11,0.158,0.131,15.0,15.1,0.497,0.53,0.14,0.143,94.4,95.2,79.33,95.2,0.069,2992,2.1,4.2
457,Andrew Lang,Andrew,1610612749,MIL,32.0,57,23,34,0.404,692.4983333333333,54,143,0.378,0,1,0.0,44,57,0.772,56,97,153,16,33,18,27,15,101,0,152,-151,461.6,1,0,411.0,1,1997-98,12.1,91.4,92.2,92.2,103.6,102.8,102.8,-12.1,-10.6,-10.6,0.04,0.48,7.3,0.08,0.149,0.113,15.1,15.2,0.378,0.452,0.131,0.132,92.55,92.53,77.11,92.53,0.047,1330,0.9,2.5
358,Anfernee Hardaway,Anfernee,1610612753,ORL,26.0,19,10,9,0.526,625.9866666666667,103,273,0.377,15,50,0.3,90,118,0.763,8,68,76,68,46,28,15,18,45,0,311,-62,587.2,0,0,556.0,1,1997-98,32.9,96.3,96.7,96.7,101.6,102.3,102.3,-5.3,-5.5,-5.5,0.216,1.48,15.3,0.013,0.108,0.061,10.4,10.5,0.405,0.479,0.27,0.273,91.85,91.32,76.1,91.32,0.112,1193,5.4,14.4
194,Anthony Bowie,Anthony,1610612752,NYK,34.0,27,11,16,0.407,221.46166666666667,32,60,0.533,3,5,0.6,8,9,0.889,9,17,26,11,8,6,2,0,25,0,75,-29,138.7,0,0,131.0,1,1997-98,8.2,100.3,96.6,96.6,102.5,100.2,100.2,-2.2,-3.6,-3.6,0.078,1.38,13.3,0.044,0.081,0.063,9.6,9.6,0.558,0.586,0.145,0.151,93.96,96.78,80.65,96.78,0.075,440,1.2,2.2
924,Anthony Goldwire,Anthony,1610612743,DEN,26.0,82,11,71,0.134,2209.68,269,635,0.424,63,164,0.384,150,186,0.806,40,107,147,277,85,86,7,47,149,0,751,-520,1536.9,0,0,1424.0,1,1997-98,26.9,97.2,97.4,97.4,110.2,110.5,110.5,-13.0,-13.0,-13.0,0.226,3.26,25.7,0.018,0.053,0.035,7.9,7.9,0.473,0.524,0.162,0.166,92.19,91.95,76.63,91.95,0.091,4248,3.3,7.7
1533,Anthony Johnson,Anthony,1610612758,SAC,23.0,77,25,52,0.325,2261.665,226,609,0.371,42,128,0.328,80,110,0.727,51,120,171,329,120,64,6,58,188,0,574,-353,1362.7,1,0,1256.0,1,1997-98,29.4,97.6,97.7,97.7,105.3,105.4,105.4,-7.7,-7.8,-7.8,0.222,2.74,29.8,0.022,0.054,0.038,10.9,10.8,0.406,0.437,0.151,0.154,94.78,94.69,78.91,94.69,0.055,4458,2.9,7.9
193,Anthony Mason,Anthony,1610612766,CHH,31.0,81,50,31,0.617,3147.44,389,764,0.509,0,4,0.0,261,402,0.649,177,649,826,342,146,68,18,63,182,5,1039,155,2655.2,32,0,2379.0,1,1997-98,38.9,104.7,104.9,104.9,102.2,102.3,102.3,2.4,2.6,2.6,0.174,2.34,23.9,0.062,0.221,0.143,10.2,10.2,0.509,0.552,0.159,0.162,91.16,91.03,75.86,91.03,0.134,5968,4.8,9.4
292,Anthony Miller,Anthony,1610612737,ATL,26.0,37,25,12,0.676,228.4333333333333,29,52,0.558,0,0,0.0,21,39,0.538,30,40,70,3,14,15,3,4,41,1,79,-12,207.5,0,0,188.0,1,1997-98,6.2,107.7,105.0,105.0,110.3,107.7,107.7,-2.6,-2.7,-2.7,0.02,0.21,3.4,0.126,0.182,0.153,15.9,16.2,0.558,0.571,0.147,0.15,99.1,101.6,84.66,101.6,0.077,484,0.8,1.4
1515,Anthony Parker,Anthony,1610612755,PHI,23.0,37,18,19,0.486,195.0016666666667,25,63,0.397,9,28,0.321,13,20,0.65,8,18,26,19,11,11,3,3,17,0,72,-28,162.7,0,0,154.0,1,1997-98,5.3,97.0,91.1,91.1,101.7,97.9,97.9,-4.7,-6.8,-6.8,0.179,1.73,18.6,0.038,0.094,0.064,10.8,10.8,0.468,0.501,0.169,0.178,99.36,104.49,87.08,104.49,0.084,425,0.7,1.7
324,Anthony Peeler,Anthony,1610612750,MIN,28.0,38,19,19,0.5,1194.3,190,420,0.452,53,125,0.424,36,47,0.766,37,86,123,137,51,61,6,22,97,0,469,7,972.1,0,0,916.0,2,1997-98,31.4,107.1,108.2,108.2,106.1,107.7,107.7,1.0,0.5,0.5,0.17,2.69,21.8,0.031,0.071,0.051,8.1,8.1,0.515,0.532,0.181,0.183,94.7,93.48,77.9,93.48,0.089,2324,5.0,11.1
156,Antoine Carr,Antoine,1610612762,UTA,36.0,66,48,18,0.727,1082.9683333333332,151,325,0.465,0,0,0.0,76,98,0.776,42,89,131,48,48,11,53,20,195,2,378,76,751.2,0,0,685.0,1,1997-98,16.4,105.8,105.5,105.5,101.4,100.9,100.9,4.4,4.6,4.6,0.075,1.0,10.4,0.045,0.085,0.066,10.4,10.3,0.465,0.513,0.177,0.181,90.4,90.75,75.63,90.75,0.043,2039,2.3,4.9
952,Antoine Walker,Antoine,1610612738,BOS,21.0,82,36,46,0.439,3271.645,722,1705,0.423,91,292,0.312,305,473,0.645,270,566,836,273,292,142,60,121,262,4,1840,-270,3566.7,47,1,3444.0,1,1997-98,39.9,99.4,100.8,100.8,104.2,104.7,104.7,-4.9,-3.9,-3.9,0.154,0.93,11.0,0.078,0.198,0.132,11.8,11.8,0.45,0.481,0.289,0.293,95.48,94.57,78.8,94.57,0.126,6436,8.8,20.8
1498,Antonio Daniels,Antonio,1610612763,VAN,23.0,74,17,57,0.23,1952.7683333333332,228,548,0.416,11,52,0.212,112,170,0.659,22,121,143,334,164,55,10,25,88,0,579,-497,1282.6,4,0,1197.0,1,1997-98,26.4,98.8,99.1,99.1,111.6,111.6,111.6,-12.7,-12.6,-12.6,0.268,2.04,29.7,0.012,0.063,0.038,14.6,14.6,0.426,0.465,0.177,0.179,96.17,96.05,80.04,96.05,0.068,3905,3.1,7.4
213,Antonio Davis,Antonio,1610612754,IND,29.0,82,58,24,0.707,2200.8033333333333,254,528,0.481,0,3,0.0,277,398,0.696,192,368,560,61,103,45,72,58,233,1,785,177,1796.5,6,0,1640.0,1,1997-98,26.8,104.0,103.0,103.0,98.3,98.5,98.5,5.7,4.5,4.5,0.049,0.59,7.0,0.098,0.171,0.136,11.8,11.9,0.481,0.558,0.173,0.177,89.48,89.83,74.85,89.83,0.109,4114,3.1,6.4
226,Antonio Lang,Antonio,1610612748,MIA,26.0,6,4,2,0.667,29.83333333333333,3,5,0.6,0,0,0.0,6,8,0.75,2,3,5,1,4,2,0,1,3,0,12,-14,21.5,0,0,22.0,1,1997-98,5.0,91.3,86.1,86.1,105.4,101.3,101.3,-14.0,-15.2,-15.2,0.063,0.25,7.1,0.0,0.075,0.0,28.6,29.6,0.6,0.704,0.171,0.174,112.63,118.26,98.55,118.26,0.072,72,0.5,0.8
686,Antonio McDyess,Antonio,1610612756,PHX,23.0,81,55,26,0.679,2433.0666666666666,497,927,0.536,0,2,0.0,231,329,0.702,206,407,613,106,142,100,135,50,292,5,1225,181,2682.6,24,0,2414.0,1,1997-98,30.0,103.0,104.3,104.3,98.8,99.9,99.9,4.2,4.4,4.4,0.076,0.75,8.0,0.089,0.168,0.129,10.7,10.8,0.536,0.571,0.226,0.228,93.79,92.7,77.25,92.7,0.13,4686,6.1,11.4
288,Armen Gilliam,Armen,1610612749,MIL,34.0,82,36,46,0.439,2115.675,327,676,0.484,0,4,0.0,267,333,0.802,146,293,439,104,148,65,37,46,177,0,921,-147,1761.8,9,0,1668.0,1,1997-98,25.8,100.6,100.7,100.7,103.8,104.1,104.1,-3.2,-3.4,-3.4,0.087,0.7,9.6,0.073,0.146,0.11,13.7,13.8,0.484,0.56,0.207,0.209,93.06,92.86,77.38,92.86,0.115,4090,4.0,8.2
717,Arvydas Sabonis,Arvydas,1610612757,POR,33.0,73,40,33,0.548,2331.733333333333,407,826,0.493,30,115,0.261,323,405,0.798,149,580,729,218,190,65,80,44,267,1,1167,290,2613.8,36,0,2434.0,1,1997-98,31.9,103.5,105.2,105.2,98.9,99.2,99.2,4.6,6.0,6.0,0.161,1.15,15.4,0.068,0.253,0.163,13.4,13.5,0.511,0.581,0.23,0.231,92.8,91.89,76.58,91.89,0.163,4475,5.6,11.3
1506,Austin Croshere,Austin,1610612754,IND,23.0,26,21,5,0.808,243.475,32,86,0.372,4,13,0.308,8,14,0.571,10,35,45,8,13,9,5,7,32,0,76,-10,171.0,0,0,161.0,1,1997-98,9.4,101.9,99.4,99.4,105.0,100.4,100.4,-3.1,-1.0,-1.0,0.052,0.62,7.0,0.042,0.152,0.096,11.4,11.5,0.395,0.412,0.188,0.194,93.96,97.29,81.08,97.29,0.039,491,1.2,3.3
422,Avery Johnson,Avery,1610612759,SAS,33.0,75,50,25,0.667,2671.495,321,671,0.478,2,13,0.154,122,168,0.726,30,120,150,591,165,84,18,35,140,0,766,255,1973.5,12,0,1713.0,1,1997-98,35.6,102.3,102.8,102.8,96.6,97.7,97.7,5.6,5.1,5.1,0.351,3.58,39.3,0.012,0.042,0.028,11.0,11.0,0.48,0.514,0.157,0.158,91.89,91.16,75.96,91.16,0.109,5072,4.3,8.9
769,B.J. Armstrong,B.J.,1610612766,CHH,30.0,66,36,30,0.545,832.275,105,213,0.493,9,35,0.257,42,50,0.84,16,60,76,150,42,29,0,9,74,0,261,3,622.2,0,0,554.0,2,1997-98,12.6,103.9,102.8,102.8,105.9,103.3,103.3,-1.9,-0.5,-0.5,0.278,3.57,35.0,0.019,0.075,0.046,9.8,9.8,0.514,0.555,0.143,0.147,93.72,95.36,79.47,95.36,0.103,1659,1.6,3.2
989,Ben Davis,Ben,1610612752,NYK,25.0,7,1,6,0.143,12.158333333333331,2,10,0.2,0,0,0.0,0,0,0.0,6,0,6,0,0,1,0,0,3,0,4,-5,14.2,0,0,12.0,1,1997-98,1.7,96.3,90.3,90.3,126.1,103.1,103.1,-29.9,-12.8,-12.8,0.0,0.0,0.0,0.0,0.0,0.0,0.0,0.0,0.2,0.2,0.244,0.256,109.04,124.36,103.63,124.36,-0.067,31,0.3,1.4
1112,Ben Wallace,Ben,1610612764,WAS,23.0,67,34,33,0.507,1125.0383333333334,85,164,0.518,0,0,0.0,35,98,0.357,112,212,324,18,28,61,72,19,116,0,205,147,991.8,1,0,813.0,1,1997-98,16.8,103.0,100.9,100.9,94.3,94.3,94.3,8.7,6.6,6.6,0.023,0.64,7.2,0.096,0.181,0.138,11.2,11.1,0.518,0.495,0.088,0.093,95.65,96.62,80.51,96.62,0.091,2263,1.3,2.4
104,Benoit Benjamin,Benoit,1610612755,PHI,33.0,14,5,9,0.357,200.06333333333333,22,41,0.537,0,0,0.0,19,30,0.633,18,35,53,3,12,4,4,5,26,0,63,6,143.1,0,0,135.0,1,1997-98,14.3,101.1,100.5,100.5,98.8,97.3,97.3,2.3,3.2,3.2,0.024,0.25,4.3,0.094,0.21,0.148,17.1,17.3,0.537,0.581,0.146,0.148,94.6,95.61,79.67,95.61,0.082,395,1.6,2.9
223,Bill Curley,Bill,1610612750,MIN,26.0,11,8,3,0.727,145.95333333333335,16,33,0.485,0,1,0.0,2,3,0.667,11,17,28,4,3,3,1,2,28,0,34,13,82.6,0,0,74.0,1,1997-98,13.3,110.3,110.2,110.2,102.9,101.7,101.7,7.4,8.5,8.5,0.037,1.33,9.8,0.074,0.125,0.098,7.3,7.3,0.485,0.495,0.112,0.116,94.58,95.21,79.34,95.21,0.028,284,1.5,3.0
82,Bill Wennington,Bill,1610612741,CHI,35.0,48,35,13,0.729,466.5233333333333,75,172,0.436,0,0,0.0,17,21,0.81,32,48,80,19,16,4,5,12,77,0,167,18,302.5,0,0,284.0,1,1997-98,9.7,97.1,96.7,96.7,93.4,94.3,94.3,3.7,2.4,2.4,0.071,1.19,8.8,0.065,0.099,0.082,7.4,7.4,0.436,0.461,0.188,0.193,92.19,91.88,76.57,91.88,0.048,891,1.6,3.6
182,Billy Owens,Billy,1610612758,SAC,29.0,78,25,53,0.321,2349.508333333333,338,728,0.464,26,70,0.371,116,197,0.589,170,412,582,219,153,93,38,56,231,1,818,-256,2084.9,14,0,1907.0,1,1997-98,30.1,98.3,98.8,98.8,103.5,104.3,104.3,-5.2,-5.4,-5.4,0.151,1.43,18.4,0.07,0.177,0.123,12.9,12.9,0.482,0.502,0.18,0.183,94.78,94.19,78.49,94.19,0.105,4608,4.3,9.3
902,Bimbo Coles,Bimbo,1610612744,GSW,30.0,53,12,41,0.226,1469.5483333333334,166,438,0.379,13,57,0.228,78,88,0.886,17,106,123,248,89,51,13,31,135,1,423,-356,1045.6,0,0,935.0,1,1997-98,27.7,91.0,91.9,91.9,103.1,103.8,103.8,-12.1,-11.9,-11.9,0.28,2.79,30.5,0.01,0.069,0.039,11.0,10.9,0.394,0.444,0.163,0.166,95.65,94.89,79.07,94.89,0.075,2899,3.1,8.3
183,Bison Dele,Bison,1610612765,DET,29.0,78,35,43,0.449,2622.721666666667,531,1040,0.511,1,3,0.333,198,280,0.707,223,472,695,94,181,67,55,63,252,2,1261,33,2421.0,30,0,2295.0,1,1997-98,33.6,102.0,102.4,102.4,101.5,101.8,101.8,0.5,0.6,0.6,0.068,0.52,6.5,0.091,0.196,0.143,12.6,12.6,0.511,0.542,0.237,0.241,90.33,90.07,75.06,90.07,0.125,4924,6.8,13.3
898,Blue Edwards,Blue,1610612763,VAN,32.0,81,19,62,0.235,1969.8433333333328,326,742,0.439,40,120,0.333,180,215,0.837,61,156,217,201,134,86,27,37,183,4,872,-173,1638.9,0,0,1556.0,1,1997-98,24.3,103.7,104.0,104.0,108.6,108.8,108.8,-5.0,-4.7,-4.7,0.17,1.5,17.3,0.033,0.083,0.058,11.5,11.4,0.466,0.521,0.216,0.221,93.56,93.34,77.78,93.34,0.09,3834,4.0,9.2
448,Bo Outlaw,Bo,1610612753,ORL,27.0,82,41,41,0.5,2954.298333333333,300,542,0.554,1,4,0.25,180,313,0.575,255,382,637,216,175,107,181,53,260,6,781,-27,2558.4,16,1,2211.0,1,1997-98,36.0,99.6,100.9,100.9,100.1,101.0,101.0,-0.4,-0.1,-0.1,0.122,1.23,20.2,0.089,0.135,0.112,16.4,16.3,0.554,0.575,0.133,0.135,89.29,88.27,73.56,88.27,0.105,5422,3.7,6.6
737,Bob McCann,Bob,1610612761,TOR,34.0,1,0,1,0.0,5.05,0,1,0.0,0,0,0.0,0,0,0.0,0,1,1,0,0,0,0,0,1,0,0,-3,1.2,0,0,1.0,1,1997-98,5.1,70.7,72.7,72.7,98.2,91.7,91.7,-27.5,-18.9,-18.9,0.0,0.0,0.0,0.0,0.0,0.0,0.0,0.0,0.0,0.0,0.091,0.088,107.03,109.31,91.09,109.31,-0.071,11,0.0,1.0
682,Bob Sura,Bob,1610612739,CLE,25.0,46,25,21,0.543,943.4,87,231,0.377,19,60,0.317,74,131,0.565,25,69,94,171,93,44,7,15,113,1,267,-4,696.3,1,0,653.0,1,1997-98,20.5,97.5,97.1,97.1,97.9,96.8,96.8,-0.4,0.4,0.4,0.305,1.84,30.8,0.029,0.079,0.054,16.8,16.8,0.418,0.463,0.183,0.187,91.92,92.63,77.19,92.63,0.064,1815,1.9,5.0
310,Bobby Hurley,Bobby,1610612763,VAN,27.0,61,19,42,0.311,875.18,93,238,0.391,5,22,0.227,59,76,0.776,12,54,66,177,86,23,0,17,79,0,250,-135,577.7,0,0,544.0,2,1997-98,14.3,97.9,97.2,97.2,105.9,105.1,105.1,-8.0,-7.9,-7.9,0.33,2.06,32.9,0.014,0.065,0.039,16.0,16.1,0.401,0.461,0.177,0.18,94.57,95.24,79.37,95.24,0.066,1738,1.5,3.9
1517,Bobby Jackson,Bobby,1610612743,DEN,25.0,68,8,60,0.118,2044.7483333333328,310,791,0.392,21,81,0.259,149,183,0.814,78,224,302,317,184,105,11,57,160,1,790,-491,1791.9,5,0,1662.0,1,1997-98,30.1,96.2,96.8,96.8,108.7,109.5,109.5,-12.5,-12.7,-12.7,0.288,1.72,23.1,0.038,0.114,0.075,13.4,13.4,0.405,0.453,0.229,0.233,93.36,92.71,77.26,92.71,0.098,3954,4.6,11.6
184,Bobby Phills,Bobby,1610612766,CHH,28.0,62,40,22,0.645,1888.2683333333332,246,552,0.446,44,114,0.386,106,140,0.757,59,157,216,187,108,81,18,29,181,5,642,119,1370.7,0,0,1287.0,1,1997-98,30.5,107.0,106.7,106.7,103.4,103.1,103.1,3.6,3.7,3.7,0.155,1.73,20.6,0.035,0.089,0.063,11.9,11.9,0.486,0.523,0.175,0.178,91.62,91.86,76.55,91.86,0.076,3607,4.0,8.9
38,Brad Lohaus,Brad,1610612759,SAS,33.0,9,6,3,0.667,101.485,7,21,0.333,4,14,0.286,1,3,0.333,3,9,12,5,3,1,2,0,10,0,19,-37,46.9,0,0,46.0,1,1997-98,11.3,99.6,97.2,97.2,116.6,116.4,116.4,-17.0,-19.2,-19.2,0.088,1.67,16.7,0.028,0.096,0.06,10.0,9.9,0.429,0.426,0.117,0.122,84.98,86.08,71.73,86.08,0.025,181,0.8,2.3
1585,Brandon Williams,Brandon,1610612744,GSW,23.0,9,2,7,0.222,139.78833333333333,16,50,0.32,3,9,0.333,2,4,0.5,4,11,15,3,9,6,3,6,18,0,37,-7,77.5,0,0,76.0,1,1997-98,15.5,94.9,94.1,94.1,97.7,94.5,94.5,-2.8,-0.5,-0.5,0.031,0.33,4.7,0.026,0.067,0.047,14.1,14.1,0.35,0.357,0.177,0.181,97.52,99.58,82.98,99.58,-0.006,287,1.8,5.6
699,Brent Barry,Brent,1610612748,MIA,26.0,58,21,37,0.362,1603.0916666666667,213,506,0.421,90,229,0.393,115,134,0.858,29,142,171,153,104,64,27,22,118,0,631,-183,1234.7,0,0,1227.0,2,1997-98,27.6,100.7,101.2,101.2,107.2,107.0,107.0,-6.5,-5.8,-5.8,0.153,1.47,18.8,0.018,0.09,0.053,12.8,12.7,0.51,0.558,0.179,0.184,96.34,96.22,80.18,96.22,0.093,3215,3.7,8.7
85,Brent Price,Brent,1610612745,HOU,29.0,72,35,37,0.486,1335.3283333333334,128,310,0.413,73,187,0.39,77,98,0.786,37,70,107,192,111,52,4,19,163,0,406,-2,879.4,0,0,890.0,1,1997-98,18.5,104.6,105.2,105.2,104.8,105.4,105.4,-0.2,-0.2,-0.2,0.229,1.73,29.4,0.03,0.053,0.041,17.0,16.9,0.531,0.575,0.152,0.156,94.32,93.82,78.18,93.82,0.062,2612,1.8,4.3
1510,Brevin Knight,Brevin,1610612739,CLE,22.0,80,45,35,0.563,2484.025,261,592,0.441,0,7,0.0,201,251,0.801,67,186,253,656,194,196,18,44,271,0,723,296,2458.6,12,0,2060.0,1,1997-98,31.1,101.9,102.6,102.6,95.6,95.7,95.7,6.3,6.9,6.9,0.418,3.38,42.3,0.029,0.077,0.054,12.5,12.5,0.441,0.515,0.163,0.166,92.6,92.22,76.85,92.22,0.13,4756,3.3,7.4
967,Brian Evans,Brian,1610612751,NJN,24.0,72,32,40,0.444,893.5716666666667,123,312,0.394,29,87,0.333,46,57,0.807,49,88,137,55,38,29,13,17,101,0,321,-37,655.9,0,0,626.0,2,1997-98,12.4,100.0,99.7,99.7,103.8,102.3,102.3,-3.8,-2.6,-2.6,0.105,1.45,12.9,0.052,0.109,0.079,8.9,8.8,0.441,0.476,0.178,0.185,94.05,94.94,79.12,94.94,0.07,1772,1.7,4.3
258,Brian Grant,Brian,1610612757,POR,26.0,61,35,26,0.574,1922.795,283,557,0.508,0,1,0.0,171,228,0.75,197,358,555,86,110,44,45,70,184,3,737,108,1689.0,20,0,1556.0,1,1997-98,31.5,101.8,102.8,102.8,99.1,99.3,99.3,2.7,3.5,3.5,0.077,0.78,10.1,0.107,0.188,0.148,12.9,12.9,0.508,0.561,0.178,0.181,91.65,91.12,75.93,91.12,0.126,3640,4.6,9.1
1680,Brian Oliver,Brian,1610612737,ATL,30.0,5,5,0,1.0,60.8,7,19,0.368,0,0,0.0,1,4,0.25,3,6,9,2,1,1,0,5,4,0,15,0,30.8,0,0,28.0,1,1997-98,12.2,102.3,105.7,105.7,104.1,100.8,100.8,-1.8,5.0,5.0,0.047,2.0,8.3,0.045,0.098,0.07,4.2,4.2,0.368,0.361,0.145,0.144,98.72,98.68,82.24,98.68,0.028,122,1.4,3.8
216,Brian Shaw,Brian,1610612755,PHI,32.0,59,17,42,0.288,1527.993333333333,154,446,0.345,28,95,0.295,36,52,0.692,37,178,215,261,99,49,17,25,148,0,372,-210,1120.5,1,0,1008.0,2,1997-98,25.9,94.9,95.3,95.3,103.0,102.3,102.3,-8.1,-7.0,-7.0,0.273,2.64,31.5,0.023,0.116,0.068,11.9,11.9,0.377,0.397,0.161,0.164,94.15,94.3,78.59,94.3,0.072,3002,2.6,7.6
240,Brooks Thompson,Brooks,1610612752,NYK,27.0,30,17,13,0.567,167.52833333333334,23,56,0.411,9,30,0.3,4,8,0.5,1,14,15,27,16,10,1,2,22,0,59,-28,134.5,0,0,132.0,2,1997-98,5.6,100.4,95.5,95.5,108.7,104.6,104.6,-8.3,-9.1,-9.1,0.245,1.69,26.5,0.006,0.085,0.045,15.7,15.6,0.491,0.496,0.189,0.201,96.23,100.57,83.81,100.57,0.066,353,0.8,1.9
1477,Bruce Bowen,Bruce,1610612738,BOS,27.0,61,26,35,0.426,1302.66,122,298,0.409,20,59,0.339,76,122,0.623,79,95,174,81,52,87,29,29,174,1,340,10,966.3,0,0,847.0,1,1997-98,21.4,101.1,100.6,100.6,100.8,98.5,98.5,0.4,2.0,2.0,0.096,1.56,16.6,0.058,0.082,0.069,10.7,10.7,0.443,0.483,0.13,0.133,96.76,98.13,81.77,98.13,0.054,2641,2.0,4.9
735,Bryant Reeves,Bryant,1610612763,VAN,25.0,74,16,58,0.216,2523.826666666667,492,940,0.523,0,4,0.0,223,316,0.706,196,389,585,155,156,39,80,81,278,3,1207,-364,2342.5,18,0,2185.0,1,1997-98,34.1,101.2,101.9,101.9,109.1,109.3,109.3,-8.0,-7.3,-7.3,0.108,0.99,11.2,0.081,0.157,0.119,11.2,11.2,0.523,0.559,0.217,0.22,93.62,93.19,77.66,93.19,0.109,4898,6.6,12.7
179,Bryant Stith,Bryant,1610612743,DEN,27.0,31,3,28,0.097,718.12,75,225,0.333,10,48,0.208,75,86,0.872,15,50,65,50,35,21,8,21,52,0,235,-203,440.0,0,0,418.0,1,1997-98,23.2,95.1,95.5,95.5,109.5,110.5,110.5,-14.4,-15.0,-15.0,0.122,1.43,14.4,0.021,0.077,0.048,10.1,10.1,0.356,0.447,0.185,0.19,91.55,90.94,75.78,90.94,0.056,1361,2.4,7.3
935,Bryon Russell,Bryon,1610612762,UTA,27.0,82,62,20,0.756,2222.175,226,525,0.43,73,214,0.341,213,278,0.766,78,248,326,101,81,90,31,26,229,3,738,224,1562.7,0,0,1480.0,1,1997-98,27.1,107.8,108.2,108.2,102.3,102.9,102.9,5.6,5.3,5.3,0.075,1.25,12.1,0.041,0.114,0.08,9.7,9.8,0.5,0.57,0.152,0.153,91.78,91.32,76.1,91.32,0.086,4227,2.8,6.4
1528,Bubba Wells,Bubba,1610612742,DAL,23.0,39,7,32,0.179,388.53333333333336,48,116,0.414,1,6,0.167,31,43,0.721,22,46,68,34,31,15,4,12,40,0,128,-95,286.6,0,0,269.0,1,1997-98,10.0,95.6,95.0,95.0,109.6,106.2,106.2,-13.9,-11.2,-11.2,0.142,1.1,17.1,0.052,0.119,0.084,15.6,15.5,0.418,0.474,0.179,0.185,95.37,97.17,80.97,97.17,0.068,783,1.2,3.0
433,Buck Williams,Buck,1610612752,NYK,38.0,41,22,19,0.537,739.035,75,149,0.503,0,0,0.0,52,71,0.732,78,105,183,21,38,17,15,11,93,1,202,11,511.1,1,0,470.0,1,1997-98,18.0,101.7,100.9,100.9,99.0,99.8,99.8,2.6,1.1,1.1,0.046,0.55,8.7,0.112,0.15,0.131,15.8,15.9,0.503,0.56,0.135,0.138,90.59,90.6,75.5,90.6,0.082,1393,1.8,3.6
384,Calbert Cheaney,Calbert,1610612764,WAS,26.0,82,42,40,0.512,2840.0416666666665,448,981,0.457,15,53,0.283,139,215,0.647,82,242,324,173,104,96,36,47,264,3,1050,-6,1990.3,0,0,1826.0,1,1997-98,34.6,102.8,103.6,103.6,102.6,103.1,103.1,0.3,0.4,0.4,0.096,1.66,12.8,0.029,0.09,0.058,7.7,7.7,0.464,0.488,0.182,0.185,94.57,93.99,78.32,93.99,0.071,5547,5.5,12.0
61,Carl Herrera,Carl,1610612759,SAS,31.0,58,42,16,0.724,516.0433333333333,76,175,0.434,0,1,0.0,18,44,0.409,24,67,91,22,38,19,12,10,71,2,170,-78,367.2,0,0,345.0,1,1997-98,8.9,93.2,89.3,89.3,98.3,97.7,97.7,-5.2,-8.4,-8.4,0.083,0.58,8.7,0.051,0.125,0.09,15.0,14.9,0.434,0.437,0.204,0.217,90.31,92.55,77.13,92.55,0.047,998,1.3,3.0
1063,Carl Thomas,Carl,1610612739,CLE,28.0,43,16,27,0.372,421.545,56,140,0.4,20,59,0.339,16,25,0.64,10,37,47,19,18,21,7,4,39,0,148,-56,298.9,0,0,290.0,3,1997-98,9.8,94.5,92.2,92.2,99.6,98.0,98.0,-5.1,-5.8,-5.8,0.086,1.06,10.2,0.023,0.087,0.054,9.6,9.6,0.471,0.49,0.171,0.179,96.09,98.04,81.7,98.04,0.069,858,1.3,3.3
435,Carlos Rogers,Carlos,1610612757,POR,27.0,21,7,14,0.333,375.8,47,91,0.516,0,2,0.0,18,32,0.563,35,32,67,18,14,10,8,4,35,0,112,-113,259.4,0,0,233.0,2,1997-98,17.9,94.0,92.4,92.4,106.0,105.9,105.9,-12.0,-13.5,-13.5,0.08,1.29,13.0,0.083,0.09,0.086,10.1,10.2,0.516,0.533,0.137,0.14,95.36,96.24,80.2,96.24,0.072,748,2.2,4.3
76,Cedric Ceballos,Cedric,1610612742,DAL,28.0,47,26,21,0.553,991.75,204,415,0.492,21,70,0.3,107,145,0.738,75,146,221,60,72,33,16,33,88,1,536,21,966.2,4,0,936.0,2,1997-98,21.1,99.5,100.4,100.4,98.8,98.9,98.9,0.7,1.5,1.5,0.111,0.83,9.8,0.074,0.147,0.11,11.8,11.8,0.517,0.56,0.245,0.248,93.62,93.17,77.64,93.17,0.138,1921,4.3,8.8
1538,Cedric Henderson,Cedric,1610612739,CLE,23.0,82,47,35,0.573,2528.8016666666667,348,725,0.48,0,4,0.0,136,190,0.716,71,254,325,168,165,96,45,66,238,1,832,119,1732.0,0,0,1607.0,1,1997-98,30.8,99.4,99.7,99.7,96.3,97.1,97.1,3.2,2.6,2.6,0.113,1.02,14.7,0.031,0.105,0.069,14.4,14.5,0.48,0.514,0.175,0.178,93.09,92.59,77.16,92.59,0.077,4873,4.2,8.8
787,Charles Barkley,Charles,1610612745,HOU,35.0,68,36,32,0.529,2243.9266666666667,361,744,0.485,18,84,0.214,296,397,0.746,241,553,794,217,147,71,28,56,187,1,1036,92,2464.3,42,1,2263.0,1,1997-98,33.0,109.7,110.2,110.2,107.3,108.4,108.4,2.4,1.8,1.8,0.162,1.48,16.8,0.115,0.264,0.189,11.4,11.5,0.497,0.564,0.216,0.218,92.44,91.77,76.47,91.77,0.154,4296,5.3,10.9
279,Charles Jones,Charles,1610612745,HOU,41.0,24,10,14,0.417,125.55333333333331,7,10,0.7,0,0,0.0,1,2,0.5,12,12,24,5,4,1,6,1,22,0,15,-13,68.3,0,0,58.0,1,1997-98,5.2,103.4,101.5,101.5,109.5,104.4,104.4,-6.2,-2.9,-2.9,0.055,1.25,25.0,0.085,0.098,0.091,20.0,20.1,0.7,0.689,0.048,0.049,100.39,103.8,86.5,103.8,0.028,269,0.3,0.4
1525,Charles O'Bannon,Charles,1610612765,DET,23.0,30,18,12,0.6,233.19666666666663,26,69,0.377,0,3,0.0,12,15,0.8,14,19,33,17,9,9,1,7,15,0,64,16,150.1,0,0,134.0,1,1997-98,7.8,103.2,101.1,101.1,98.4,97.0,97.0,4.8,4.0,4.0,0.112,1.89,16.7,0.056,0.091,0.072,8.8,8.9,0.377,0.423,0.146,0.153,95.0,96.64,80.53,96.64,0.067,468,0.9,2.3
891,Charles Oakley,Charles,1610612752,NYK,34.0,79,42,37,0.532,2729.9133333333334,307,698,0.44,0,6,0.0,97,114,0.851,218,506,724,201,126,123,22,19,280,6,711,128,2190.3,20,0,1926.0,1,1997-98,34.6,100.1,100.7,100.7,97.4,98.1,98.1,2.7,2.6,2.6,0.12,1.6,18.7,0.083,0.197,0.14,11.7,11.7,0.44,0.475,0.147,0.149,90.69,90.04,75.04,90.04,0.107,5119,3.9,8.8
1520,Charles Smith,Charles,1610612746,LAC,22.0,34,15,19,0.441,292.30333333333334,49,125,0.392,15,47,0.319,6,11,0.545,13,14,27,21,27,12,6,8,24,0,119,-36,209.9,0,0,218.0,2,1997-98,8.6,95.0,94.2,94.2,102.8,101.0,101.0,-7.8,-6.8,-6.8,0.128,0.78,11.8,0.044,0.046,0.045,15.2,15.2,0.452,0.458,0.226,0.233,95.35,96.56,80.46,96.56,0.05,590,1.4,3.7
369,Charlie Ward,Charlie,1610612752,NYK,27.0,82,43,39,0.524,2322.6116666666667,235,516,0.455,81,215,0.377,91,113,0.805,32,242,274,466,175,144,37,21,195,0,642,278,2037.8,5,0,1825.0,1,1997-98,28.3,101.9,102.6,102.6,95.2,96.1,96.1,6.8,6.5,6.5,0.306,2.66,38.6,0.014,0.107,0.061,14.5,14.5,0.534,0.567,0.146,0.148,92.09,91.35,76.12,91.35,0.122,4416,2.9,6.3
1497,Chauncey Billups,Chauncey,1610612761,TOR,21.0,80,28,52,0.35,2215.02,280,749,0.374,107,325,0.329,226,266,0.85,62,128,190,314,174,107,4,56,172,1,893,-449,1751.0,0,0,1726.0,2,1997-98,27.7,95.8,96.6,96.6,106.4,105.9,105.9,-10.6,-9.3,-9.3,0.242,1.8,23.2,0.025,0.064,0.043,12.9,12.9,0.445,0.516,0.2,0.203,95.91,95.78,79.82,95.78,0.09,4401,3.5,9.4
685,Cherokee Parks,Cherokee,1610612750,MIN,25.0,79,43,36,0.544,1702.388333333333,224,449,0.499,0,1,0.0,110,169,0.651,140,297,437,53,66,36,86,35,237,1,558,-26,1461.9,3,0,1292.0,1,1997-98,21.5,105.1,105.1,105.1,105.6,105.0,105.0,-0.5,0.0,0.0,0.046,0.8,8.2,0.083,0.167,0.126,10.2,10.3,0.499,0.533,0.152,0.155,94.89,95.19,79.32,95.19,0.08,3363,2.8,5.7
1512,Chris Anstey,Chris,1610612742,DAL,23.0,41,10,31,0.244,678.7433333333333,92,231,0.398,3,16,0.188,53,74,0.716,53,104,157,35,41,31,27,7,95,1,240,-116,613.9,1,0,551.0,1,1997-98,16.6,94.0,95.0,95.0,103.9,102.5,102.5,-9.8,-7.5,-7.5,0.094,0.85,10.3,0.074,0.154,0.113,12.0,12.1,0.405,0.455,0.199,0.201,93.51,93.67,78.06,93.67,0.077,1316,2.2,5.6
713,Chris Carr,Chris,1610612750,MIN,24.0,51,28,23,0.549,1165.8733333333332,190,452,0.42,40,127,0.315,84,99,0.848,43,112,155,85,69,17,11,23,129,0,504,-21,832.5,1,0,840.0,1,1997-98,22.9,102.1,102.3,102.3,102.9,103.6,103.6,-0.8,-1.3,-1.3,0.112,1.23,13.0,0.038,0.093,0.066,10.6,10.6,0.465,0.509,0.21,0.212,97.37,96.98,80.81,96.98,0.067,2360,3.7,8.9
164,Chris Childs,Chris,1610612752,NYK,30.0,68,37,31,0.544,1601.4916666666666,149,354,0.421,27,87,0.31,104,126,0.825,29,133,162,268,103,56,6,18,179,2,429,-13,1108.4,1,0,1010.0,1,1997-98,23.6,98.4,98.2,98.2,98.5,99.3,99.3,-0.1,-1.1,-1.1,0.288,2.6,34.4,0.019,0.089,0.054,13.2,13.2,0.459,0.524,0.148,0.152,89.45,89.24,74.37,89.24,0.096,2987,2.2,5.2
1544,Chris Crawford,Chris,1610612737,ATL,23.0,40,24,16,0.6,255.74666666666667,46,110,0.418,1,3,0.333,57,68,0.838,20,21,41,9,18,12,7,18,27,0,150,-51,251.7,0,0,239.0,1,1997-98,6.4,100.9,98.0,98.0,108.0,106.8,106.8,-7.1,-8.8,-8.8,0.062,0.5,5.3,0.073,0.076,0.074,10.6,10.8,0.423,0.536,0.245,0.251,102.86,104.92,87.43,104.92,0.097,558,1.2,2.8
201,Chris Dudley,Chris,1610612752,NYK,33.0,51,29,22,0.569,856.3016666666666,58,143,0.406,0,0,0.0,41,92,0.446,108,167,275,21,44,13,51,12,139,2,157,121,666.5,2,0,581.0,1,1997-98,16.8,98.3,97.9,97.9,90.1,90.2,90.2,8.3,7.7,7.7,0.039,0.48,8.4,0.132,0.191,0.162,17.5,17.7,0.406,0.428,0.122,0.124,89.73,89.83,74.86,89.83,0.056,1601,1.1,2.8
1612,Chris Garner,Chris,1610612761,TOR,23.0,38,7,31,0.184,287.285,23,70,0.329,4,14,0.286,3,7,0.429,7,17,24,45,25,21,4,5,50,0,53,-95,199.3,0,0,176.0,1,1997-98,7.6,93.7,90.5,90.5,108.9,105.9,105.9,-15.3,-15.4,-15.4,0.241,1.8,31.5,0.022,0.062,0.041,17.5,17.5,0.357,0.363,0.138,0.144,98.87,102.0,85.0,102.0,0.017,610,0.6,1.8
423,Chris Gatling,Chris,1610612751,NJN,30.0,57,30,27,0.526,1358.62,248,545,0.455,1,4,0.25,159,265,0.6,118,216,334,53,99,52,29,48,152,7,656,14,1280.3,9,0,1206.0,1,1997-98,23.8,104.7,104.4,104.4,105.5,104.2,104.2,-0.7,0.2,0.2,0.066,0.54,6.5,0.084,0.176,0.127,12.1,12.2,0.456,0.496,0.236,0.241,95.43,96.13,80.11,96.13,0.094,2725,4.4,9.6
168,Chris Mills,Chris,1610612752,NYK,28.0,80,42,38,0.525,2182.5333333333333,292,675,0.433,40,137,0.292,152,189,0.804,120,288,408,133,107,45,30,37,218,3,776,194,1583.1,3,0,1507.0,1,1997-98,27.3,100.2,100.1,100.1,94.9,95.1,95.1,5.3,5.0,5.0,0.104,1.24,13.4,0.058,0.136,0.097,10.7,10.7,0.462,0.512,0.182,0.186,90.41,90.36,75.3,90.36,0.096,4102,3.7,8.4
356,Chris Morris,Chris,1610612762,UTA,32.0,54,43,11,0.796,538.0416666666666,85,207,0.411,19,62,0.306,44,61,0.721,35,79,114,24,33,25,17,11,61,0,233,8,498.8,1,0,474.0,1,1997-98,10.0,104.0,102.4,102.4,103.1,102.0,102.0,0.9,0.4,0.4,0.08,0.73,8.2,0.068,0.144,0.108,11.3,11.3,0.457,0.498,0.22,0.226,92.53,93.76,78.14,93.76,0.094,1053,1.6,3.8
904,Chris Mullin,Chris,1610612754,IND,34.0,82,58,24,0.707,2177.873333333333,333,692,0.481,107,243,0.44,154,164,0.939,38,211,249,186,117,95,39,38,186,0,927,450,1789.8,0,0,1737.0,1,1997-98,26.6,107.8,108.6,108.6,97.2,97.7,97.7,10.6,10.9,10.9,0.135,1.59,17.5,0.019,0.095,0.059,11.0,11.0,0.559,0.607,0.186,0.189,91.41,90.87,75.73,90.87,0.11,4124,4.1,8.4
997,Chris Robinson,Chris,1610612758,SAC,24.0,35,4,31,0.114,417.1166666666667,65,174,0.374,24,66,0.364,8,16,0.5,9,37,46,39,33,19,4,4,50,0,162,-61,311.7,0,0,317.0,2,1997-98,11.9,96.5,95.2,95.2,105.3,102.5,102.5,-8.9,-7.3,-7.3,0.167,1.18,15.5,0.02,0.09,0.054,13.1,13.0,0.443,0.447,0.217,0.225,95.55,97.53,81.27,97.53,0.048,848,1.9,5.0
185,Chris Webber,Chris,1610612764,WAS,25.0,71,39,32,0.549,2808.9966666666664,647,1341,0.482,65,205,0.317,196,333,0.589,176,498,674,273,185,111,124,28,269,0,1555,46,3293.3,36,0,3037.0,1,1997-98,39.6,102.6,104.4,104.4,101.7,103.1,103.1,0.9,1.3,1.3,0.176,1.48,14.1,0.063,0.185,0.123,9.5,9.5,0.507,0.523,0.265,0.268,93.84,92.46,77.05,92.46,0.147,5399,9.1,18.9
43,Chris Whitney,Chris,1610612764,WAS,26.0,82,42,40,0.512,1073.4666666666667,126,355,0.355,52,169,0.308,118,129,0.915,16,99,115,196,65,34,6,13,106,0,422,3,909.0,0,0,865.0,1,1997-98,13.1,102.7,100.5,100.5,101.8,99.5,99.5,0.9,0.9,0.9,0.293,3.02,29.1,0.015,0.093,0.053,9.6,9.7,0.428,0.512,0.193,0.2,95.26,97.37,81.14,97.37,0.109,2169,1.5,4.3
363,Christian Laettner,Christian,1610612737,ATL,28.0,74,47,27,0.635,2286.523333333333,354,730,0.485,6,27,0.222,306,354,0.864,142,345,487,190,183,71,73,45,246,2,1020,172,2138.4,10,0,1991.0,1,1997-98,30.9,104.7,105.7,105.7,100.7,101.4,101.4,4.0,4.3,4.3,0.148,1.04,15.1,0.069,0.154,0.113,14.5,14.5,0.489,0.576,0.217,0.22,89.31,88.56,73.8,88.56,0.131,4213,4.8,9.9
456,Chuck Person,Chuck,1610612759,SAS,34.0,61,42,19,0.689,1451.9466666666667,143,398,0.359,95,276,0.344,28,37,0.757,17,187,204,86,67,29,10,8,121,1,409,131,832.8,0,0,872.0,1,1997-98,23.8,102.4,101.5,101.5,96.7,97.7,97.7,5.7,3.8,3.8,0.095,1.28,15.1,0.013,0.123,0.071,11.8,11.8,0.479,0.494,0.152,0.155,91.26,91.21,76.01,91.21,0.064,2772,2.3,6.5
359,Chucky Brown,Chucky,1610612737,ATL,30.0,77,47,30,0.61,1205.835,161,372,0.433,2,8,0.25,63,87,0.724,57,125,182,55,51,23,13,17,100,2,387,44,744.9,0,0,698.0,1,1997-98,15.7,104.2,104.1,104.1,101.4,101.7,101.7,2.7,2.5,2.5,0.077,1.08,10.6,0.05,0.104,0.078,9.8,9.9,0.435,0.472,0.174,0.177,91.19,91.12,75.93,91.12,0.066,2283,2.1,4.8
221,Clar. Weatherspoon,Clar.,1610612744,GSW,27.0,79,24,55,0.304,2324.77,268,608,0.441,0,0,0.0,200,277,0.722,198,396,594,89,119,85,74,73,194,1,736,-154,1940.3,11,0,1737.0,2,1997-98,29.4,97.5,97.3,97.3,101.6,100.9,100.9,-4.1,-3.6,-3.6,0.065,0.75,9.4,0.086,0.173,0.129,12.6,12.7,0.441,0.504,0.162,0.164,92.63,93.05,77.54,93.05,0.1,4511,3.4,7.7
361,Clifford Robinson,Clifford,1610612756,PHX,31.0,80,55,25,0.688,2363.71,429,895,0.479,27,84,0.321,248,360,0.689,152,258,410,170,140,92,90,52,249,3,1133,186,2286.0,6,0,2104.0,1,1997-98,29.5,105.9,106.9,106.9,100.7,102.0,102.0,5.2,4.9,4.9,0.118,1.21,12.5,0.069,0.112,0.091,10.3,10.3,0.494,0.538,0.227,0.23,93.96,92.9,77.42,92.9,0.1,4557,5.4,11.2
32,Clifford Rozier,Clifford,1610612750,MIN,25.0,6,1,5,0.167,29.62833333333333,3,6,0.5,0,0,0.0,0,1,0.0,3,3,6,0,4,0,0,0,7,1,6,-10,9.2,0,0,12.0,1,1997-98,4.9,84.0,84.1,84.1,105.4,98.4,98.4,-21.5,-14.3,-14.3,0.0,0.0,0.0,0.0,0.167,0.0,40.0,38.3,0.5,0.466,0.139,0.145,99.54,102.87,85.73,102.87,-0.079,63,0.5,1.0
17,Clyde Drexler,Clyde,1610612745,HOU,36.0,70,39,31,0.557,2473.1783333333333,452,1059,0.427,106,334,0.317,277,346,0.801,105,241,346,382,189,126,42,42,193,2,1287,73,2590.2,11,0,2457.0,1,1997-98,35.3,106.1,106.6,106.6,104.9,105.6,105.6,1.2,1.0,1.0,0.268,2.02,21.5,0.044,0.1,0.072,10.6,10.6,0.477,0.531,0.251,0.256,93.96,93.48,77.9,93.48,0.122,4828,6.5,15.1
1133,Corey Beck,Corey,1610612766,CHH,27.0,59,37,22,0.627,737.5466666666666,73,159,0.459,2,4,0.5,43,59,0.729,27,63,90,98,70,33,7,9,100,0,191,3,496.0,0,0,461.0,1,1997-98,12.5,102.3,99.9,99.9,99.9,98.9,98.9,2.5,1.0,1.0,0.21,1.4,27.8,0.039,0.091,0.065,19.8,19.8,0.465,0.516,0.154,0.16,91.0,92.58,77.15,92.58,0.06,1417,1.2,2.7
916,Corie Blount,Corie,1610612747,LAL,29.0,70,51,19,0.729,1026.15,107,187,0.572,0,4,0.0,39,78,0.5,114,184,298,37,51,29,25,16,157,1,253,101,777.1,0,0,696.0,1,1997-98,14.7,105.6,103.9,103.9,100.4,99.0,99.0,5.2,5.0,5.0,0.053,0.73,11.9,0.11,0.173,0.142,16.4,16.5,0.572,0.572,0.112,0.115,96.62,98.11,81.76,98.11,0.077,2096,1.5,2.7
722,Corliss Williamson,Corliss,1610612758,SAC,24.0,79,25,54,0.316,2814.51,561,1134,0.495,0,9,0.0,279,443,0.63,162,284,446,230,199,76,48,82,252,1,1401,-278,2454.2,6,0,2325.0,1,1997-98,35.6,98.8,99.0,99.0,103.4,104.1,104.1,-4.6,-5.2,-5.2,0.147,1.16,13.1,0.057,0.1,0.078,11.3,11.3,0.495,0.527,0.24,0.243,94.32,93.93,78.27,93.93,0.103,5511,7.1,14.4
724,Cory Alexander,Cory,1610612743,DEN,25.0,60,29,31,0.483,1295.1583333333333,171,400,0.428,66,176,0.375,80,102,0.784,17,129,146,209,112,70,11,15,98,0,488,-145,1107.7,4,0,1071.0,2,1997-98,21.6,98.7,98.0,98.0,105.0,104.8,104.8,-6.4,-6.8,-6.8,0.286,1.87,27.2,0.014,0.104,0.059,14.6,14.6,0.51,0.548,0.195,0.2,91.99,92.37,76.98,92.37,0.111,2505,2.9,6.7
905,Dale Davis,Dale,1610612754,IND,29.0,78,55,23,0.705,2171.0333333333333,273,498,0.548,0,0,0.0,80,172,0.465,233,378,611,70,73,51,87,47,209,1,626,386,1805.2,7,0,1583.0,1,1997-98,27.8,109.5,109.4,109.4,99.5,99.3,99.3,10.1,10.1,10.1,0.049,0.96,9.7,0.119,0.172,0.147,10.2,10.2,0.548,0.546,0.138,0.14,91.11,91.22,76.02,91.22,0.097,4112,3.5,6.4
107,Dale Ellis,Dale,1610612760,SEA,37.0,79,59,20,0.747,1941.371666666667,347,700,0.496,127,276,0.46,111,142,0.782,51,133,184,89,74,60,5,23,128,0,932,353,1407.3,0,0,1462.0,1,1997-98,24.6,109.2,109.6,109.6,100.6,100.7,100.7,8.6,8.9,8.9,0.081,1.2,9.7,0.029,0.072,0.051,8.1,8.0,0.586,0.611,0.199,0.205,90.43,90.25,75.2,90.25,0.109,3664,4.4,8.9
757,Damon Stoudamire,Damon,1610612757,POR,24.0,71,24,47,0.338,2842.526666666666,448,1091,0.411,91,304,0.299,238,287,0.829,87,211,298,580,223,113,7,70,150,1,1225,-251,2589.6,21,0,2434.0,2,1997-98,40.0,101.1,102.0,102.0,105.6,106.6,106.6,-4.6,-4.7,-4.7,0.34,2.6,28.8,0.031,0.078,0.054,11.1,11.0,0.452,0.503,0.221,0.226,93.56,92.7,77.25,92.7,0.117,5492,6.3,15.4
105,Dan Majerle,Dan,1610612748,MIA,32.0,72,49,23,0.681,1928.0716666666667,184,439,0.419,111,295,0.376,40,51,0.784,48,220,268,157,65,68,15,17,139,0,519,280,1260.1,0,0,1221.0,1,1997-98,26.8,105.2,105.2,105.2,96.9,97.5,97.5,8.3,7.7,7.7,0.135,2.42,23.0,0.027,0.112,0.071,9.5,9.5,0.546,0.562,0.128,0.131,89.33,89.11,74.26,89.11,0.097,3582,2.6,6.1
7,Dan Schayes,Dan,1610612753,ORL,39.0,74,35,39,0.473,1271.4133333333334,155,371,0.418,0,0,0.0,96,119,0.807,97,145,242,44,61,34,33,29,182,2,406,-14,902.4,1,0,826.0,1,1997-98,17.2,99.8,100.6,100.6,100.3,100.3,100.3,-0.5,0.3,0.3,0.059,0.72,8.3,0.077,0.126,0.101,11.6,11.5,0.418,0.479,0.174,0.178,88.25,87.93,73.27,87.93,0.058,2318,2.1,5.0
344,Dana Barros,Dana,1610612738,BOS,31.0,80,36,44,0.45,1690.0733333333333,281,609,0.461,100,246,0.407,122,144,0.847,28,125,153,286,107,83,6,25,124,0,784,-36,1556.6,1,0,1501.0,1,1997-98,21.1,100.4,100.5,100.5,102.7,100.8,100.8,-2.2,-0.3,-0.3,0.282,2.67,26.9,0.016,0.081,0.046,10.1,10.0,0.544,0.583,0.195,0.2,95.54,96.41,80.34,96.41,0.14,3381,3.5,7.6
198,Danny Ferry,Danny,1610612739,CLE,31.0,69,39,30,0.565,1037.9483333333333,113,286,0.395,33,99,0.333,32,40,0.8,23,91,114,59,53,26,17,10,118,0,291,12,592.3,0,0,583.0,1,1997-98,15.0,97.9,96.8,96.8,98.3,96.9,96.9,-0.4,-0.1,-0.1,0.102,1.11,14.3,0.025,0.094,0.06,12.8,12.8,0.453,0.479,0.156,0.163,90.77,91.98,76.65,91.98,0.047,1996,1.6,4.1
1504,Danny Fortson,Danny,1610612743,DEN,22.0,80,11,69,0.138,1813.4283333333333,276,611,0.452,1,3,0.333,263,339,0.776,182,266,448,76,157,44,30,102,314,7,816,-412,1532.6,7,0,1489.0,1,1997-98,22.7,96.0,97.1,97.1,109.3,108.6,108.6,-13.3,-11.5,-11.5,0.081,0.48,7.6,0.102,0.162,0.13,15.7,15.8,0.453,0.537,0.227,0.23,92.38,92.18,76.82,92.18,0.079,3477,3.5,7.6
330,Danny Manning,Danny,1610612756,PHX,32.0,70,46,24,0.657,1796.6983333333333,390,756,0.516,0,7,0.0,167,226,0.739,110,282,392,139,100,71,46,27,201,2,947,267,1876.9,6,0,1712.0,1,1997-98,25.7,103.8,104.2,104.2,95.6,96.0,96.0,8.2,8.2,8.2,0.138,1.39,12.7,0.064,0.154,0.111,9.1,9.1,0.516,0.554,0.237,0.241,93.96,93.56,77.97,93.56,0.142,3492,5.6,10.8
353,Darrell Armstrong,Darrell,1610612753,ORL,30.0,48,23,25,0.479,1235.371666666667,156,380,0.411,25,68,0.368,105,123,0.854,65,94,159,236,112,58,5,22,96,1,442,-57,1063.8,1,0,988.0,1,1997-98,25.7,98.0,98.9,98.9,100.6,100.7,100.7,-2.6,-1.8,-1.8,0.346,2.11,30.3,0.052,0.084,0.067,14.4,14.3,0.443,0.509,0.198,0.203,89.92,89.5,74.58,89.5,0.123,2296,3.3,7.9
239,Darrick Martin,Darrick,1610612746,LAC,27.0,82,17,65,0.207,2293.306666666667,275,730,0.377,107,293,0.365,184,217,0.848,19,145,164,331,154,82,10,44,198,0,841,-205,1656.3,1,0,1627.0,1,1997-98,28.0,101.2,102.3,102.3,107.0,107.5,107.5,-5.8,-5.2,-5.2,0.23,2.15,25.4,0.008,0.064,0.036,11.8,11.8,0.45,0.509,0.186,0.19,94.82,94.06,78.38,94.06,0.078,4507,3.4,8.9
1032,Darvin Ham,Darvin,1610612764,WAS,24.0,71,37,34,0.521,634.4116666666666,55,104,0.529,0,0,0.0,35,74,0.473,72,59,131,16,37,21,25,16,118,0,145,16,427.2,0,0,384.0,1,1997-98,8.9,103.9,99.4,99.4,96.7,95.6,95.6,7.2,3.8,3.8,0.039,0.43,8.3,0.111,0.087,0.098,19.3,19.5,0.529,0.531,0.118,0.123,95.44,98.13,81.78,98.13,0.026,1280,0.8,1.5
128,David Benoit,David,1610612753,ORL,30.0,77,41,36,0.532,1123.6516666666666,152,408,0.373,55,170,0.324,61,74,0.824,60,143,203,25,52,35,20,21,157,0,420,5,814.1,0,0,813.0,2,1997-98,14.6,100.5,98.8,98.8,101.1,98.5,98.5,-0.6,0.3,0.3,0.037,0.48,4.9,0.049,0.135,0.089,10.1,10.0,0.44,0.477,0.182,0.191,93.15,95.13,79.28,95.13,0.057,2226,2.0,5.3
764,David Robinson,David,1610612759,SAS,32.0,73,50,23,0.685,2459.075,544,1065,0.511,1,4,0.25,485,660,0.735,239,536,775,199,202,64,192,76,204,4,1574,356,3368.5,40,0,3061.0,1,1997-98,33.7,102.4,103.3,103.3,94.7,95.3,95.3,7.7,8.0,8.0,0.159,0.99,11.3,0.108,0.204,0.16,11.5,11.5,0.511,0.581,0.294,0.297,90.76,90.03,75.03,90.03,0.207,4605,7.5,14.6
710,David Vaughn,David,1610612751,NJN,25.0,40,18,22,0.45,486.7916666666667,66,148,0.446,0,1,0.0,30,47,0.638,53,99,152,20,40,15,10,15,83,0,162,-114,409.4,1,0,384.0,3,1997-98,12.2,90.9,90.0,90.0,102.5,99.3,99.3,-11.6,-9.3,-9.3,0.069,0.5,8.7,0.095,0.192,0.142,17.4,17.5,0.446,0.48,0.179,0.183,96.36,98.41,82.01,98.41,0.074,987,1.7,3.7
133,David Wesley,David,1610612766,CHH,27.0,81,50,31,0.617,2846.715,383,864,0.443,59,170,0.347,229,288,0.795,49,164,213,529,226,140,30,53,229,0,1054,135,2387.1,11,0,2195.0,1,1997-98,35.1,104.6,104.7,104.7,102.2,102.2,102.2,2.4,2.5,2.5,0.303,2.34,30.2,0.019,0.062,0.041,12.9,12.9,0.477,0.532,0.198,0.2,91.34,91.25,76.05,91.25,0.102,5411,4.7,10.7
766,David Wingate,David,1610612760,SEA,34.0,58,45,13,0.776,543.8983333333333,66,140,0.471,3,7,0.429,15,29,0.517,19,60,79,37,37,21,3,9,58,0,150,-48,335.3,0,0,317.0,1,1997-98,9.4,97.5,94.2,94.2,98.4,96.8,96.8,-0.8,-2.5,-2.5,0.113,1.0,16.2,0.036,0.101,0.07,16.2,16.3,0.482,0.491,0.15,0.157,97.74,100.25,83.55,100.25,0.058,1126,1.1,2.4
1545,DeJuan Wheat,DeJuan,1610612750,MIN,24.0,34,17,17,0.5,147.55,20,50,0.4,8,17,0.471,9,15,0.6,3,8,11,25,9,6,1,2,12,0,57,-3,119.7,0,0,115.0,1,1997-98,4.3,99.2,93.8,93.8,100.8,97.5,97.5,-1.6,-3.8,-3.8,0.269,2.78,27.5,0.018,0.049,0.033,9.9,9.9,0.48,0.504,0.172,0.182,102.93,107.68,89.73,107.68,0.086,336,0.6,1.5
1051,Dean Garrett,Dean,1610612743,DEN,31.0,82,11,71,0.134,2630.705,242,565,0.428,0,0,0.0,114,176,0.648,227,417,644,90,84,57,133,46,197,0,598,-761,1991.8,16,0,1712.0,1,1997-98,32.1,94.9,95.9,95.9,110.3,111.3,111.3,-15.4,-15.4,-15.4,0.058,1.07,11.0,0.085,0.171,0.126,10.2,10.3,0.428,0.465,0.125,0.126,91.94,91.01,75.84,91.01,0.081,4991,3.0,6.9
244,Dee Brown,Dee,1610612761,TOR,29.0,72,21,51,0.292,1722.6483333333333,246,562,0.438,108,271,0.399,58,71,0.817,24,128,152,154,73,82,23,10,123,0,658,-250,1313.4,0,0,1282.0,2,1997-98,23.9,99.9,99.6,99.6,106.8,106.5,106.5,-6.9,-6.9,-6.9,0.149,2.11,18.8,0.013,0.078,0.044,8.9,8.9,0.534,0.555,0.162,0.166,97.49,97.76,81.47,97.76,0.094,3505,3.4,7.8
209,Dell Curry,Dell,1610612766,CHH,34.0,52,31,21,0.596,970.09,194,434,0.447,61,145,0.421,41,52,0.788,26,75,101,69,54,31,4,14,85,0,490,-2,765.7,0,0,791.0,1,1997-98,18.7,102.7,102.4,102.4,103.9,102.8,102.8,-1.2,-0.4,-0.4,0.127,1.28,11.9,0.028,0.08,0.054,9.3,9.3,0.517,0.536,0.234,0.241,93.56,94.21,78.51,94.21,0.096,1907,3.7,8.3
23,Dennis Rodman,Dennis,1610612741,CHI,37.0,80,60,20,0.75,2857.95,155,360,0.431,4,23,0.174,61,111,0.55,421,780,1201,230,147,47,18,10,238,6,375,339,2209.2,5,0,1940.0,1,1997-98,35.7,104.6,106.2,106.2,98.1,99.7,99.7,6.6,6.6,6.6,0.112,1.56,29.2,0.148,0.282,0.214,18.7,18.7,0.436,0.459,0.087,0.088,91.11,89.7,74.75,89.7,0.116,5335,1.9,4.5
192,Dennis Scott,Dennis,1610612756,PHX,29.0,81,29,52,0.358,2284.576666666667,329,828,0.397,125,342,0.365,105,130,0.808,47,200,247,152,104,53,39,31,152,0,888,-145,1584.4,0,0,1596.0,2,1997-98,28.2,98.9,99.7,99.7,103.7,103.6,103.6,-4.8,-3.9,-3.9,0.115,1.46,13.4,0.02,0.089,0.054,9.2,9.1,0.473,0.502,0.194,0.199,91.86,91.53,76.28,91.53,0.079,4368,4.1,10.2
1507,Derek Anderson,Derek,1610612739,CLE,23.0,66,40,26,0.606,1837.1833333333332,239,586,0.408,17,84,0.202,275,315,0.873,55,132,187,227,128,86,13,32,136,0,770,109,1503.9,1,0,1399.0,1,1997-98,27.8,98.8,98.0,98.0,94.8,95.0,95.0,3.9,3.0,3.0,0.219,1.77,20.9,0.033,0.077,0.055,11.8,11.9,0.422,0.531,0.209,0.214,92.68,92.96,77.47,92.96,0.119,3559,3.6,8.9
965,Derek Fisher,Derek,1610612747,LAL,23.0,82,61,21,0.744,1763.81,164,378,0.434,31,81,0.383,115,152,0.757,38,155,193,333,119,75,5,25,126,0,474,279,1326.1,3,0,1191.0,1,1997-98,21.5,109.7,108.7,108.7,100.6,100.9,100.9,9.2,7.8,7.8,0.27,2.8,37.0,0.023,0.085,0.056,13.2,13.3,0.475,0.533,0.138,0.141,96.51,96.83,80.69,96.83,0.097,3558,2.0,4.6
1575,Derek Grimm,Derek,1610612758,SAC,23.0,9,2,7,0.222,33.303333333333335,4,14,0.286,4,12,0.333,2,2,1.0,0,4,4,0,3,3,1,0,6,0,14,-11,27.8,0,0,30.0,1,1997-98,3.7,108.2,110.0,110.0,127.0,123.8,123.8,-18.8,-13.8,-13.8,0.0,0.0,0.0,0.0,0.129,0.06,16.7,16.8,0.429,0.47,0.202,0.2,114.81,115.3,96.09,115.3,0.016,80,0.4,1.6
157,Derek Harper,Derek,1610612753,ORL,36.0,66,29,37,0.439,1760.6133333333332,226,542,0.417,59,164,0.36,55,79,0.696,23,80,103,233,101,72,10,9,140,2,566,13,1184.1,2,0,1125.0,1,1997-98,26.7,100.0,101.1,101.1,100.3,101.0,101.0,-0.3,0.1,0.1,0.233,2.31,25.8,0.013,0.048,0.03,11.2,11.1,0.471,0.491,0.174,0.179,89.3,88.5,73.75,88.5,0.076,3251,3.4,8.2
400,Derek Strong,Derek,1610612753,ORL,30.0,58,33,25,0.569,1640.9833333333331,260,618,0.421,0,4,0.0,218,279,0.781,152,275,427,51,74,31,24,52,122,2,738,72,1417.9,15,0,1326.0,1,1997-98,28.3,101.1,102.3,102.3,100.1,99.8,99.8,1.0,2.5,2.5,0.056,0.69,5.9,0.094,0.172,0.133,8.6,8.5,0.421,0.498,0.223,0.226,90.35,89.92,74.93,89.92,0.119,3072,4.5,10.7
934,Derrick Coleman,Derrick,1610612755,PHI,31.0,59,23,36,0.39,2133.645,356,867,0.411,26,98,0.265,302,391,0.772,149,438,587,145,157,46,68,77,144,1,1040,-57,2146.9,32,0,2026.0,1,1997-98,36.2,100.1,101.2,101.2,102.8,102.8,102.8,-2.7,-1.6,-1.6,0.123,0.92,10.8,0.07,0.208,0.139,11.7,11.7,0.426,0.5,0.25,0.252,92.62,92.09,76.74,92.09,0.132,4097,6.0,14.7
365,Derrick McKey,Derrick,1610612754,IND,31.0,57,41,16,0.719,1317.31,150,327,0.459,4,17,0.235,55,77,0.714,74,137,211,88,79,57,30,17,156,2,359,32,926.2,1,0,836.0,1,1997-98,23.1,102.0,100.8,100.8,99.7,99.4,99.4,2.2,1.4,1.4,0.119,1.11,16.6,0.064,0.11,0.088,14.9,15.0,0.465,0.497,0.16,0.164,88.25,88.89,74.08,88.89,0.075,2438,2.6,5.7
96,Detlef Schrempf,Detlef,1610612760,SEA,35.0,78,58,20,0.744,2741.866666666667,437,898,0.487,61,147,0.415,297,352,0.844,135,419,554,341,168,60,19,37,205,2,1232,545,2477.3,13,0,2346.0,1,1997-98,35.2,111.4,112.5,112.5,100.6,102.3,102.3,10.8,10.2,10.2,0.199,2.03,21.7,0.053,0.155,0.105,10.7,10.8,0.521,0.585,0.204,0.206,92.07,90.9,75.75,90.9,0.137,5199,5.6,11.5
54,Dickey Simpkins,Dickey,1610612741,CHI,26.0,40,18,22,0.45,433.0033333333333,48,89,0.539,0,2,0.0,36,70,0.514,27,50,77,33,32,9,5,5,54,0,132,36,283.9,0,0,270.0,2,1997-98,10.8,102.6,101.2,101.2,97.9,97.2,97.2,4.8,4.0,4.0,0.115,1.03,17.6,0.067,0.117,0.093,17.1,17.3,0.539,0.551,0.154,0.157,94.43,95.44,79.54,95.44,0.061,862,1.2,2.2
87,Dikembe Mutombo,Dikembe,1610612737,ATL,32.0,82,50,32,0.61,2914.826666666667,399,743,0.537,0,0,0.0,303,452,0.67,276,656,932,82,168,34,277,53,254,4,1101,419,3107.4,47,0,2737.0,1,1997-98,35.5,105.0,105.7,105.7,97.1,97.8,97.8,8.0,7.8,7.8,0.048,0.49,6.9,0.102,0.224,0.166,14.0,14.1,0.537,0.584,0.178,0.18,88.51,87.88,73.23,87.88,0.144,5337,4.9,9.1
931,Don MacLean,Don,1610612751,NJN,28.0,9,4,5,0.444,43.45166666666667,1,10,0.1,1,2,0.5,0,0,0.0,3,2,5,0,2,0,0,1,7,1,3,-21,7.0,0,0,9.0,1,1997-98,4.8,94.3,90.3,90.3,112.3,108.2,108.2,-18.0,-17.9,-17.9,0.0,0.0,0.0,0.057,0.054,0.056,16.7,16.7,0.15,0.15,0.108,0.115,100.86,104.94,87.45,104.94,-0.091,93,0.1,1.1
690,Don Reid,Don,1610612765,DET,24.0,68,33,35,0.485,990.99,94,176,0.534,0,0,0.0,50,71,0.704,77,98,175,26,28,25,55,16,183,1,238,-19,699.0,1,0,599.0,1,1997-98,14.6,103.5,103.1,103.1,102.7,101.7,101.7,0.8,1.5,1.5,0.04,0.93,9.9,0.083,0.107,0.095,10.7,10.7,0.534,0.574,0.111,0.112,89.83,90.45,75.38,90.45,0.045,1845,1.4,2.6
140,Donald Royal,Donald,1610612766,CHH,32.0,31,18,13,0.581,323.53333333333336,25,69,0.362,0,0,0.0,29,33,0.879,18,23,41,17,10,7,1,8,35,0,79,37,167.7,0,0,153.0,2,1997-98,10.4,109.3,107.4,107.4,101.5,101.7,101.7,7.7,5.7,5.7,0.08,1.7,15.5,0.058,0.072,0.065,9.1,9.0,0.362,0.473,0.126,0.131,93.3,93.99,78.32,93.99,0.041,634,0.8,2.2
1126,Donald Whiteside,Donald,1610612737,ATL,29.0,3,3,0,1.0,15.05,1,2,0.5,0,1,0.0,0,2,0.0,0,1,1,1,1,0,0,0,0,0,2,-15,3.7,0,0,4.0,1,1997-98,5.0,83.6,79.3,79.3,136.3,118.8,118.8,-52.7,-39.4,-39.4,0.111,1.0,20.0,0.0,0.0,0.0,20.0,20.5,0.5,0.347,0.118,0.123,88.35,97.28,81.06,97.28,0.0,29,0.3,0.7
963,Dontae' Jones,Dontae',1610612738,BOS,23.0,15,7,8,0.467,92.05666666666669,19,57,0.333,6,23,0.261,0,0,0.0,3,6,9,5,11,2,3,3,12,0,44,-2,66.3,0,0,74.0,1,1997-98,6.1,94.4,94.9,94.9,102.1,96.9,96.9,-7.7,-2.0,-2.0,0.089,0.45,6.8,0.026,0.071,0.045,15.1,15.1,0.386,0.386,0.282,0.289,100.47,102.72,85.6,102.72,-0.003,198,1.3,3.8
112,Dontonio Wingfield,Dontonio,1610612757,POR,24.0,3,2,1,0.667,8.16,0,3,0.0,0,0,0.0,1,2,0.5,2,2,4,0,1,0,0,1,2,0,1,-4,4.8,0,0,5.0,1,1997-98,2.7,41.5,36.8,36.8,76.8,68.8,68.8,-35.3,-31.9,-31.9,0.0,0.0,0.0,0.125,0.0,0.0,20.0,20.5,0.0,0.129,0.227,0.234,91.76,102.94,85.78,102.94,-0.6,19,0.0,1.0
923,Donyell Marshall,Donyell,1610612744,GSW,25.0,73,16,57,0.219,2614.8283333333334,451,1090,0.414,63,201,0.313,158,216,0.731,210,418,628,159,147,95,73,67,226,0,1123,-464,2472.1,27,0,2309.0,1,1997-98,35.8,93.4,94.0,94.0,102.8,103.1,103.1,-9.4,-9.1,-9.1,0.109,1.08,10.7,0.074,0.154,0.113,9.9,9.9,0.443,0.474,0.217,0.221,94.84,94.43,78.69,94.43,0.107,5146,6.2,14.9
57,Doug Christie,Doug,1610612761,TOR,28.0,78,15,63,0.192,2942.866666666667,458,1071,0.428,100,307,0.326,271,327,0.829,94,310,404,282,228,190,57,80,198,4,1287,-485,2707.8,1,0,2567.0,1,1997-98,37.7,99.7,100.1,100.1,107.3,108.0,108.0,-7.6,-7.9,-7.9,0.16,1.24,16.3,0.031,0.109,0.069,13.2,13.2,0.474,0.53,0.213,0.216,95.49,94.96,79.13,94.96,0.105,5809,5.9,13.7
77,Doug Overton,Doug,1610612755,PHI,28.0,23,6,17,0.261,276.1333333333333,24,63,0.381,0,3,0.0,14,16,0.875,2,12,14,37,23,8,1,6,34,0,62,-33,138.3,0,0,131.0,1,1997-98,12.0,94.0,91.8,91.8,102.8,96.8,96.8,-8.9,-5.0,-5.0,0.233,1.61,28.2,0.008,0.046,0.026,17.6,17.7,0.381,0.443,0.145,0.15,93.78,97.78,81.48,97.78,0.029,560,1.0,2.7
28,Doug West,Doug,1610612750,MIN,31.0,38,21,17,0.553,686.4966666666667,64,171,0.374,0,2,0.0,29,40,0.725,23,59,82,45,21,11,5,9,97,2,157,-49,349.9,0,0,316.0,1,1997-98,18.1,97.7,97.3,97.3,100.0,99.8,99.8,-2.3,-2.4,-2.4,0.105,2.14,17.6,0.032,0.08,0.056,8.2,8.2,0.374,0.416,0.135,0.137,95.01,95.3,79.42,95.3,0.025,1355,1.7,4.5
1003,Drew Barry,Drew,1610612737,ATL,25.0,27,16,11,0.593,255.98666666666668,18,38,0.474,9,21,0.429,11,13,0.846,5,30,35,49,30,10,1,2,28,0,56,67,174.5,0,0,171.0,1,1997-98,9.5,114.6,112.8,112.8,98.4,98.9,98.9,16.2,13.9,13.9,0.257,1.63,39.8,0.022,0.107,0.069,24.4,24.4,0.592,0.64,0.121,0.124,98.47,99.01,82.5,99.01,0.083,525,0.7,1.4
190,Duane Causwell,Duane,1610612748,MIA,30.0,37,29,8,0.784,363.82666666666665,37,89,0.416,0,0,0.0,15,26,0.577,29,70,99,5,18,7,27,11,73,0,89,-33,299.3,0,0,261.0,1,1997-98,9.8,93.5,91.9,91.9,99.5,97.1,97.1,-6.0,-5.2,-5.2,0.024,0.28,4.0,0.082,0.193,0.139,14.5,14.6,0.416,0.443,0.149,0.154,89.37,91.23,76.03,91.23,0.048,693,1.0,2.4
273,Duane Ferrell,Duane,1610612744,GSW,33.0,50,7,43,0.14,456.66,41,111,0.369,0,6,0.0,12,22,0.545,25,22,47,26,18,21,6,10,50,0,94,-159,252.4,0,0,221.0,1,1997-98,9.1,91.2,89.5,89.5,109.0,107.3,107.3,-17.8,-17.7,-17.7,0.093,1.44,15.7,0.049,0.048,0.048,10.8,10.9,0.369,0.389,0.126,0.13,95.62,97.28,81.07,97.28,0.022,928,0.8,2.2
1516,Ed Gray,Ed,1610612737,ATL,22.0,30,19,11,0.633,471.5316666666667,77,202,0.381,18,46,0.391,55,65,0.846,9,36,45,34,30,15,11,17,73,0,227,-75,380.0,0,0,376.0,1,1997-98,15.7,99.0,99.9,99.9,107.0,107.2,107.2,-8.1,-7.3,-7.3,0.132,1.13,11.5,0.019,0.079,0.048,10.2,10.2,0.426,0.492,0.242,0.248,93.32,92.84,77.36,92.84,0.059,908,2.6,6.7
1055,Ed Stokes,Ed,1610612761,TOR,26.0,4,0,4,0.0,17.503333333333334,1,3,0.333,0,0,0.0,1,2,0.5,1,3,4,1,2,1,2,0,4,0,3,-17,16.3,0,0,14.0,1,1997-98,4.4,76.0,77.8,77.8,123.4,125.0,125.0,-47.4,-47.2,-47.2,0.125,0.5,14.3,0.0,0.176,0.0,28.6,29.1,0.333,0.387,0.133,0.134,100.53,98.72,82.27,98.72,0.01,36,0.3,0.8
698,Eddie Johnson,Eddie,1610612745,HOU,39.0,75,37,38,0.493,1490.505,227,544,0.417,66,198,0.333,113,136,0.831,50,103,153,88,62,32,3,33,89,0,633,-87,991.6,0,0,1010.0,1,1997-98,19.9,104.4,104.9,104.9,108.4,108.6,108.6,-4.0,-3.6,-3.6,0.103,1.42,11.9,0.035,0.074,0.054,8.4,8.2,0.478,0.524,0.193,0.202,93.24,92.91,77.42,92.91,0.08,2893,3.0,7.3
224,Eddie Jones,Eddie,1610612747,LAL,26.0,80,60,20,0.75,2909.951666666667,486,1005,0.484,143,368,0.389,234,306,0.765,85,217,302,246,146,160,55,67,164,0,1349,612,2579.4,1,0,2470.0,1,1997-98,36.4,110.3,111.2,111.2,100.0,100.8,100.8,10.4,10.4,10.4,0.133,1.68,16.1,0.03,0.073,0.052,9.6,9.5,0.555,0.592,0.193,0.196,95.6,94.79,78.99,94.79,0.118,5753,6.1,12.6
922,Elden Campbell,Elden,1610612747,LAL,29.0,81,60,21,0.741,1783.5266666666666,289,624,0.463,1,2,0.5,237,342,0.693,143,312,455,78,115,35,102,66,209,2,816,26,1775.0,6,0,1624.0,1,1997-98,22.0,105.6,105.0,105.0,104.0,103.7,103.7,1.6,1.3,1.3,0.075,0.68,8.0,0.081,0.173,0.128,11.8,11.9,0.464,0.527,0.22,0.223,95.17,95.57,79.64,95.57,0.102,3542,3.6,7.7
695,Eldridge Recasner,Eldridge,1610612737,ATL,30.0,59,32,27,0.542,1453.8516666666667,206,452,0.456,62,148,0.419,74,79,0.937,32,110,142,117,91,41,1,22,94,0,548,-74,928.9,2,0,953.0,1,1997-98,24.6,104.5,104.2,104.2,106.5,107.0,107.0,-1.9,-2.8,-2.8,0.143,1.29,16.9,0.023,0.076,0.051,13.2,13.1,0.524,0.563,0.181,0.186,90.15,90.05,75.04,90.05,0.09,2729,3.5,7.7
386,Elliot Perry,Elliot,1610612749,MIL,29.0,81,36,45,0.444,1751.525,241,561,0.43,17,50,0.34,92,109,0.844,21,87,108,230,128,90,2,25,129,1,591,-238,1213.6,1,0,1130.0,1,1997-98,21.6,97.0,96.3,96.3,103.4,103.4,103.4,-6.4,-7.1,-7.1,0.233,1.8,23.7,0.013,0.054,0.033,13.2,13.2,0.445,0.485,0.19,0.194,92.0,92.31,76.93,92.31,0.082,3369,3.0,6.9
1023,Emanual Davis,Emanual,1610612745,HOU,29.0,45,17,28,0.378,596.9466666666667,63,142,0.444,27,72,0.375,31,37,0.838,10,37,47,59,52,17,3,6,55,0,184,-16,336.9,0,0,357.0,1,1997-98,13.3,105.5,104.7,104.7,107.5,106.2,106.2,-2.0,-1.5,-1.5,0.158,1.13,21.9,0.017,0.065,0.041,19.3,19.3,0.539,0.581,0.152,0.156,93.76,94.72,78.94,94.72,0.057,1179,1.4,3.2
376,Eric Montross,Eric,1610612765,DET,26.0,48,20,28,0.417,692.6716666666666,61,144,0.424,0,0,0.0,16,40,0.4,69,130,199,11,29,13,27,10,127,3,138,-170,484.3,0,0,428.0,2,1997-98,14.4,93.0,93.8,93.8,105.5,105.9,105.9,-12.5,-12.0,-12.0,0.025,0.38,5.4,0.099,0.199,0.147,14.4,14.4,0.424,0.427,0.124,0.126,92.22,91.65,76.37,91.65,0.036,1317,1.3,3.0
785,Eric Murdock,Eric,1610612748,MIA,30.0,82,55,27,0.671,1396.7033333333334,177,419,0.422,28,91,0.308,125,156,0.801,39,117,156,219,104,103,13,28,173,0,507,31,1266.7,0,0,1142.0,1,1997-98,17.0,100.3,99.4,99.4,98.2,98.0,98.0,2.1,1.3,1.3,0.284,2.11,26.9,0.029,0.087,0.058,12.8,12.8,0.456,0.52,0.196,0.202,89.46,89.97,74.98,89.97,0.115,2616,2.2,5.1
15,Eric Piatkowski,Eric,1610612746,LAC,27.0,67,15,52,0.224,1740.6233333333332,257,568,0.452,106,259,0.409,140,170,0.824,70,166,236,85,80,51,12,25,137,0,760,-250,1279.7,2,0,1313.0,1,1997-98,26.0,100.0,100.7,100.7,108.3,108.9,108.9,-8.3,-8.2,-8.2,0.084,1.06,10.5,0.039,0.097,0.067,9.9,9.9,0.546,0.591,0.18,0.184,95.09,94.46,78.72,94.46,0.099,3441,3.8,8.5
35,Eric Riley,Eric,1610612742,DAL,28.0,39,10,29,0.256,542.6266666666667,56,135,0.415,0,1,0.0,27,36,0.75,43,90,133,22,37,15,46,8,80,1,139,-57,477.6,0,0,416.0,1,1997-98,13.9,99.2,99.0,99.0,105.6,103.5,103.5,-6.4,-4.4,-4.4,0.065,0.59,10.4,0.081,0.173,0.127,17.5,17.6,0.415,0.461,0.157,0.16,92.34,93.32,77.77,93.32,0.06,1050,1.4,3.5
727,Eric Snow,Eric,1610612755,PHI,25.0,64,35,29,0.547,920.3116666666666,79,184,0.429,2,17,0.118,49,71,0.69,19,62,81,177,63,60,5,10,114,0,209,-59,703.7,0,0,599.0,2,1997-98,14.4,100.6,98.2,98.2,100.7,98.8,98.8,-0.1,-0.5,-0.5,0.317,2.81,38.9,0.021,0.07,0.046,13.8,13.8,0.435,0.486,0.134,0.14,92.79,94.82,79.02,94.82,0.08,1793,1.2,2.9
1540,Eric Washington,Eric,1610612743,DEN,24.0,66,7,59,0.106,1534.885,201,498,0.404,44,137,0.321,65,83,0.783,47,80,127,78,72,53,25,29,143,1,511,-522,942.4,0,0,916.0,1,1997-98,23.3,92.9,93.5,93.5,111.1,110.8,110.8,-18.2,-17.4,-17.4,0.093,1.08,11.4,0.03,0.055,0.042,10.5,10.5,0.448,0.478,0.173,0.176,93.69,93.49,77.91,93.49,0.048,2988,3.0,7.5
677,Eric Williams,Eric,1610612743,DEN,25.0,4,0,4,0.0,144.705,24,61,0.393,0,0,0.0,31,45,0.689,10,11,21,12,9,4,0,5,9,0,79,-11,125.2,0,0,120.0,1,1997-98,36.2,99.4,102.4,102.4,107.0,108.0,108.0,-7.6,-5.6,-5.6,0.143,1.33,11.9,0.061,0.092,0.074,8.9,8.8,0.393,0.489,0.254,0.257,98.62,96.69,80.58,96.69,0.092,294,6.0,15.3
956,Erick Dampier,Erick,1610612744,GSW,22.0,82,19,63,0.232,2658.675,352,791,0.445,0,2,0.0,267,399,0.669,272,443,715,94,175,39,139,89,281,0,971,-508,2329.0,29,0,2136.0,1,1997-98,32.4,94.1,94.6,94.6,104.2,104.3,104.3,-10.1,-9.7,-9.7,0.06,0.54,7.6,0.098,0.165,0.131,14.1,14.2,0.445,0.502,0.189,0.191,92.9,92.62,77.18,92.62,0.087,5126,4.3,9.6
1065,Erick Strickland,Erick,1610612742,DAL,24.0,67,17,50,0.254,1502.17,199,558,0.357,48,163,0.294,65,84,0.774,35,126,161,167,106,56,8,26,140,0,511,-224,1040.7,0,0,1015.0,1,1997-98,22.4,96.8,96.7,96.7,104.2,104.0,104.0,-7.4,-7.3,-7.3,0.187,1.58,19.2,0.022,0.086,0.053,12.2,12.2,0.4,0.429,0.21,0.214,93.46,93.58,77.98,93.58,0.055,2924,3.0,8.3
911,Ervin Johnson,Ervin,1610612749,MIL,30.0,81,35,46,0.432,2259.85,253,471,0.537,0,0,0.0,143,238,0.601,242,443,685,59,117,79,158,45,321,2,649,-88,2153.5,16,0,1867.0,1,1997-98,27.9,101.4,102.2,102.2,102.7,103.2,103.2,-1.3,-1.0,-1.0,0.04,0.5,7.8,0.116,0.213,0.165,15.5,15.6,0.537,0.564,0.14,0.141,92.58,91.95,76.62,91.95,0.095,4308,3.1,5.8
1564,Etdrick Bohannon,Etdrick,1610612754,IND,25.0,5,5,0,1.0,10.616666666666667,0,4,0.0,0,0,0.0,0,0,0.0,2,4,6,1,3,0,2,2,3,0,0,-3,11.7,0,0,11.0,1,1997-98,2.1,55.3,51.9,51.9,75.9,60.7,60.7,-20.6,-8.9,-8.9,0.143,0.33,12.5,0.125,0.0,0.0,37.5,37.5,0.0,0.0,0.233,0.256,107.88,124.33,103.61,124.33,-0.122,27,0.0,0.8
280,Felton Spencer,Felton,1610612744,GSW,30.0,68,17,51,0.25,811.2433333333333,59,129,0.457,0,0,0.0,44,79,0.557,93,133,226,17,49,23,37,15,175,0,162,-172,589.7,0,0,525.0,1,1997-98,11.9,89.7,89.0,89.0,100.8,99.1,99.1,-11.1,-10.1,-10.1,0.033,0.35,7.4,0.103,0.161,0.131,21.3,21.3,0.457,0.495,0.111,0.114,94.89,96.09,80.07,96.09,0.031,1620,0.9,1.9
697,Fred Hoiberg,Fred,1610612754,IND,25.0,65,45,20,0.692,877.6083333333333,85,222,0.383,32,85,0.376,59,69,0.855,14,109,123,45,22,40,3,13,101,0,261,-1,583.1,0,0,547.0,1,1997-98,13.5,96.9,95.2,95.2,95.5,95.6,95.6,1.4,-0.3,-0.3,0.089,2.05,14.1,0.018,0.125,0.074,6.9,6.9,0.455,0.517,0.145,0.15,89.52,90.27,75.23,90.27,0.09,1653,1.3,3.4
202,Gary Grant,Gary,1610612757,POR,33.0,22,11,11,0.5,360.54833333333335,43,93,0.462,7,19,0.368,12,14,0.857,8,40,48,84,24,17,2,5,30,0,105,3,321.6,0,0,282.0,1,1997-98,16.4,97.7,97.4,97.4,97.4,96.7,96.7,0.2,0.7,0.7,0.389,3.5,40.6,0.021,0.11,0.065,11.6,11.6,0.5,0.529,0.15,0.154,92.73,93.19,77.66,93.19,0.138,699,2.0,4.2
56,Gary Payton,Gary,1610612760,SEA,29.0,82,61,21,0.744,3145.713333333333,579,1278,0.453,134,397,0.338,279,375,0.744,77,299,376,679,229,185,18,74,195,1,1571,618,3420.7,28,1,3166.0,1,1997-98,38.4,110.1,111.1,111.1,99.7,100.6,100.6,10.3,10.5,10.5,0.361,2.97,28.8,0.026,0.097,0.062,9.7,9.7,0.505,0.544,0.243,0.246,92.21,91.37,76.14,91.37,0.152,5982,7.1,15.6
718,Gary Trent,Gary,1610612761,TOR,23.0,54,25,29,0.463,1355.4433333333334,241,505,0.477,4,12,0.333,144,212,0.679,123,215,338,72,94,35,27,47,161,2,630,-141,1235.6,7,0,1168.0,2,1997-98,25.1,98.6,99.1,99.1,104.2,104.2,104.2,-5.7,-5.1,-5.1,0.1,0.77,9.4,0.091,0.157,0.124,12.3,12.3,0.481,0.527,0.223,0.228,93.9,93.68,78.07,93.68,0.11,2642,4.5,9.4
248,George Lynch,George,1610612763,VAN,27.0,82,19,63,0.232,1495.705,248,516,0.481,9,30,0.3,111,158,0.703,147,215,362,122,104,65,41,49,161,2,616,-122,1447.4,1,0,1321.0,1,1997-98,18.2,100.7,99.9,99.9,103.8,103.8,103.8,-3.2,-3.9,-3.9,0.146,1.17,15.0,0.101,0.153,0.126,12.8,12.8,0.489,0.526,0.202,0.207,93.42,93.79,78.16,93.79,0.117,2919,3.0,6.3
45,George McCloud,George,1610612756,PHX,31.0,63,39,24,0.619,1212.9366666666667,173,427,0.405,71,208,0.341,39,51,0.765,45,173,218,84,63,54,13,21,132,1,456,100,981.6,3,0,963.0,1,1997-98,19.3,101.4,101.3,101.3,98.1,97.1,97.1,3.3,4.2,4.2,0.105,1.33,14.1,0.037,0.145,0.09,10.6,10.6,0.488,0.507,0.184,0.188,95.03,95.55,79.62,95.55,0.086,2414,2.7,6.8
678,George Zidek,George,1610612760,SEA,24.0,12,5,7,0.417,63.94833333333333,7,29,0.241,1,2,0.5,14,16,0.875,4,13,17,2,4,0,2,4,10,0,29,-23,54.4,0,0,53.0,2,1997-98,5.3,88.9,82.6,82.6,101.9,99.3,99.3,-13.0,-16.7,-16.7,0.061,0.5,4.7,0.056,0.173,0.116,9.3,9.5,0.259,0.402,0.25,0.264,102.5,107.71,89.76,107.71,0.05,144,0.6,2.4
1666,Gerald Madkins,Gerald,1610612744,GSW,29.0,19,4,15,0.211,242.31833333333333,13,34,0.382,6,15,0.4,5,7,0.714,2,13,15,45,13,13,1,0,18,0,37,-14,151.5,0,0,131.0,1,1997-98,12.8,95.2,93.3,93.3,98.3,97.0,97.0,-3.1,-3.6,-3.6,0.31,3.46,47.4,0.008,0.057,0.031,13.7,13.7,0.471,0.499,0.09,0.094,90.52,92.01,76.68,92.01,0.086,466,0.7,1.8
786,Gerald Wilkins,Gerald,1610612753,ORL,34.0,72,35,37,0.486,1250.138333333333,141,434,0.325,29,109,0.266,69,98,0.704,16,74,90,78,79,34,6,35,78,0,380,-145,646.0,0,0,657.0,1,1997-98,17.4,94.9,96.3,96.3,102.7,103.2,103.2,-7.8,-6.9,-6.9,0.112,0.99,12.3,0.012,0.065,0.037,12.4,12.5,0.358,0.398,0.204,0.206,88.87,87.95,73.29,87.95,0.028,2297,2.0,6.0
779,Glen Rice,Glen,1610612766,CHH,31.0,82,51,31,0.622,3292.8083333333334,634,1386,0.457,130,300,0.433,428,504,0.849,89,264,353,182,182,77,22,62,200,4,1826,169,2637.6,2,0,2689.0,1,1997-98,40.2,105.4,105.8,105.8,103.3,103.2,103.2,2.1,2.6,2.6,0.099,1.0,9.3,0.03,0.087,0.058,9.3,9.2,0.504,0.568,0.248,0.253,91.18,91.06,75.88,91.06,0.113,6250,7.7,16.9
299,Glenn Robinson,Glenn,1610612749,MIL,25.0,56,29,27,0.518,2292.725,534,1136,0.47,25,65,0.385,215,266,0.808,82,225,307,158,200,69,34,70,164,2,1308,54,2022.4,2,0,2004.0,1,1997-98,40.9,102.6,103.4,103.4,101.7,102.1,102.1,0.9,1.2,1.2,0.132,0.79,9.8,0.039,0.104,0.072,12.4,12.4,0.481,0.522,0.286,0.289,92.66,92.08,76.73,92.08,0.116,4398,9.5,20.3
1539,God Shammgod,God,1610612764,WAS,22.0,20,8,12,0.4,145.74166666666667,19,58,0.328,0,2,0.0,23,30,0.767,2,5,7,36,21,7,1,11,27,0,61,-12,126.4,0,0,120.0,1,1997-98,7.3,93.9,93.2,93.2,100.1,97.8,97.8,-6.2,-4.6,-4.6,0.419,1.71,27.9,0.011,0.032,0.021,16.3,16.4,0.328,0.428,0.249,0.256,103.92,105.56,87.96,105.56,0.037,322,1.0,2.9
255,Grant Hill,Grant,1610612765,DET,25.0,81,36,45,0.444,3296.89,615,1361,0.452,3,21,0.143,479,647,0.74,93,530,623,551,285,143,53,84,196,0,1712,216,3589.1,36,4,3281.0,1,1997-98,40.7,103.9,104.6,104.6,100.6,101.5,101.5,3.3,3.1,3.1,0.309,1.93,22.1,0.03,0.169,0.099,11.4,11.5,0.453,0.52,0.27,0.272,90.67,89.98,74.98,89.98,0.164,6193,7.6,16.8
3,Grant Long,Grant,1610612765,DET,32.0,40,19,21,0.475,741.7266666666667,50,117,0.427,0,4,0.0,41,57,0.719,57,93,150,25,22,29,12,12,91,3,141,-4,459.5,0,0,398.0,1,1997-98,18.5,100.7,100.4,100.4,99.5,100.7,100.7,1.2,-0.4,-0.4,0.056,1.14,13.1,0.078,0.133,0.105,11.5,11.6,0.427,0.496,0.103,0.105,88.47,88.04,73.37,88.04,0.061,1361,1.3,2.9
246,Greg Anderson,Greg,1610612737,ATL,34.0,50,31,19,0.62,396.605,36,81,0.444,0,5,0.0,16,41,0.39,39,79,118,15,17,19,10,8,85,0,88,-70,322.1,0,0,279.0,1,1997-98,7.9,102.7,101.8,101.8,109.4,109.5,109.5,-6.7,-7.7,-7.7,0.056,0.88,11.5,0.095,0.203,0.148,13.0,13.0,0.444,0.444,0.122,0.126,98.23,98.58,82.15,98.58,0.042,811,0.7,1.6
21,Greg Anthony,Greg,1610612760,SEA,30.0,80,60,20,0.75,1020.725,150,349,0.43,66,159,0.415,53,80,0.663,18,93,111,205,91,64,3,16,97,1,419,-27,969.7,0,0,935.0,1,1997-98,12.8,102.6,101.8,101.8,102.1,102.4,102.4,0.5,-0.5,-0.5,0.344,2.25,30.1,0.019,0.093,0.057,13.3,13.4,0.524,0.545,0.213,0.218,92.46,92.69,77.24,92.69,0.121,1963,1.9,4.4
323,Greg Foster,Greg,1610612762,UTA,29.0,78,58,20,0.744,1445.7216666666666,186,418,0.445,2,9,0.222,67,87,0.77,85,188,273,51,68,15,28,30,187,1,441,97,906.1,2,0,853.0,1,1997-98,18.5,109.7,110.9,110.9,106.8,107.4,107.4,2.9,3.6,3.6,0.054,0.75,8.9,0.07,0.141,0.107,11.8,11.8,0.447,0.483,0.168,0.17,90.91,90.18,75.15,90.18,0.05,2716,2.4,5.4
37,Greg Graham,Greg,1610612739,CLE,27.0,6,5,1,0.833,56.365,7,12,0.583,0,3,0.0,2,2,1.0,0,1,1,6,10,1,0,0,7,0,16,-17,19.2,0,0,25.0,1,1997-98,9.4,86.5,86.5,86.5,101.6,100.0,100.0,-15.1,-13.5,-13.5,0.2,0.6,20.7,0.0,0.02,0.011,34.5,34.6,0.583,0.621,0.181,0.194,94.61,95.38,79.48,95.38,0.013,111,1.2,2.0
65,Greg Minor,Greg,1610612738,BOS,26.0,69,32,37,0.464,1126.93,140,321,0.436,6,31,0.194,59,86,0.686,55,95,150,88,43,53,11,27,100,0,345,20,806.0,0,0,717.0,1,1997-98,16.3,101.5,101.8,101.8,101.6,99.6,99.6,-0.1,2.1,2.1,0.117,2.05,18.1,0.047,0.092,0.068,8.8,8.8,0.445,0.481,0.148,0.153,96.7,97.56,81.3,97.56,0.076,2276,2.0,4.7
731,Greg Ostertag,Greg,1610612762,UTA,25.0,63,45,18,0.714,1287.9566666666667,115,239,0.481,0,0,0.0,67,140,0.479,134,240,374,25,74,28,132,34,166,1,297,160,1189.3,2,0,1016.0,1,1997-98,20.4,105.7,106.3,106.3,98.8,99.6,99.6,6.9,6.7,6.7,0.029,0.34,6.2,0.116,0.185,0.153,18.4,18.5,0.481,0.494,0.132,0.133,92.02,91.36,76.14,91.36,0.074,2450,1.8,3.8
165,Hakeem Olajuwon,Hakeem,1610612745,HOU,35.0,47,26,21,0.553,1632.145,306,633,0.483,0,3,0.0,160,212,0.755,116,344,460,143,126,84,96,39,152,3,772,67,1952.5,23,0,1735.0,1,1997-98,34.7,102.7,104.0,104.0,101.0,101.7,101.7,1.7,2.4,2.4,0.159,1.13,14.4,0.076,0.204,0.143,12.7,12.7,0.483,0.531,0.235,0.238,94.54,93.67,78.06,93.67,0.146,3181,6.5,13.5
1677,Harold Ellis,Harold,1610612743,DEN,27.0,27,2,25,0.074,342.28333333333336,62,111,0.559,0,4,0.0,40,63,0.635,27,23,50,18,19,19,4,17,53,1,164,-45,301.0,0,0,278.0,1,1997-98,12.7,98.3,98.7,98.7,107.8,104.7,104.7,-9.4,-6.0,-6.0,0.105,0.95,10.1,0.076,0.079,0.077,10.7,10.8,0.559,0.591,0.201,0.204,94.16,95.36,79.47,95.36,0.096,678,2.3,4.1
265,Harvey Grant,Harvey,1610612764,WAS,32.0,65,31,34,0.477,891.5766666666667,75,196,0.383,1,6,0.167,19,30,0.633,60,108,168,39,26,23,15,11,94,1,170,-50,518.1,1,0,454.0,1,1997-98,13.7,99.6,97.4,97.4,102.6,100.6,100.6,-3.0,-3.2,-3.2,0.067,1.5,14.2,0.065,0.117,0.091,9.5,9.5,0.385,0.406,0.116,0.12,92.69,94.62,78.85,94.62,0.048,1761,1.2,3.0
1080,Henry James,Henry,1610612739,CLE,32.0,28,16,12,0.571,166.95833333333334,24,59,0.407,11,25,0.44,21,22,0.955,2,13,15,5,12,1,1,3,24,0,80,-8,99.5,0,0,115.0,1,1997-98,6.0,101.6,98.2,98.2,102.2,100.6,100.6,-0.5,-2.4,-2.4,0.055,0.42,5.9,0.012,0.086,0.048,14.1,14.0,0.5,0.582,0.213,0.224,93.95,96.31,80.26,96.31,0.054,335,0.9,2.1
1006,Herb Williams,Herb,1610612752,NYK,40.0,27,15,12,0.556,174.42333333333335,18,43,0.419,0,0,0.0,1,8,0.125,6,23,29,4,5,6,9,1,34,0,37,-29,117.8,0,0,100.0,1,1997-98,6.5,92.9,90.6,90.6,100.6,98.2,98.2,-7.7,-7.6,-7.6,0.041,0.8,7.3,0.036,0.143,0.089,9.1,9.0,0.419,0.398,0.136,0.144,89.46,91.64,76.37,91.64,0.015,331,0.7,1.6
765,Hersey Hawkins,Hersey,1610612760,SEA,31.0,82,61,21,0.744,2595.938333333333,280,636,0.44,125,301,0.415,177,204,0.868,71,263,334,221,102,148,17,39,153,1,862,485,1987.3,1,0,1872.0,1,1997-98,31.7,110.2,111.1,111.1,100.4,101.7,101.7,9.9,9.4,9.4,0.125,2.17,21.3,0.029,0.102,0.066,9.8,9.7,0.539,0.594,0.141,0.146,92.98,92.0,76.67,92.0,0.104,4984,3.4,7.8
270,Horace Grant,Horace,1610612753,ORL,32.0,76,38,38,0.5,2803.815,393,857,0.459,0,7,0.0,135,199,0.678,228,390,618,172,88,81,79,31,180,2,921,-34,2312.6,13,0,2031.0,1,1997-98,36.9,98.5,99.8,99.8,100.0,100.7,100.7,-1.5,-0.9,-0.9,0.11,1.95,14.3,0.082,0.144,0.112,7.3,7.3,0.459,0.488,0.167,0.169,89.83,88.89,74.08,88.89,0.114,5199,5.2,11.3
1024,Horacio Llamas,Horacio,1610612756,PHX,24.0,8,6,2,0.75,41.84166666666667,8,21,0.381,1,3,0.333,7,10,0.7,4,14,18,1,9,1,3,4,14,0,24,17,50.1,0,0,52.0,1,1997-98,5.2,103.4,99.0,99.0,83.2,81.4,81.4,20.3,17.5,17.5,0.034,0.11,2.8,0.093,0.203,0.161,25.0,25.4,0.405,0.472,0.315,0.331,107.7,111.28,92.73,111.28,0.035,97,1.0,2.6
73,Hot Rod Williams,Hot Rod,1610612756,PHX,35.0,71,48,23,0.676,1336.105,95,202,0.47,0,0,0.0,65,93,0.699,107,205,312,49,29,33,60,17,138,3,255,136,952.9,0,0,802.0,1,1997-98,18.8,105.6,104.8,104.8,96.9,97.6,97.6,8.6,7.2,7.2,0.053,1.69,15.2,0.085,0.145,0.117,9.0,9.0,0.47,0.525,0.094,0.096,91.99,92.04,76.7,92.04,0.074,2538,1.3,2.8
458,Howard Eisley,Howard,1610612762,UTA,25.0,82,62,20,0.756,1719.325,229,519,0.441,48,118,0.407,127,149,0.852,25,141,166,346,160,54,13,37,182,0,633,7,1392.2,2,0,1327.0,1,1997-98,21.0,105.6,105.5,105.5,104.7,104.6,104.6,0.8,0.9,0.9,0.347,2.16,31.9,0.017,0.085,0.052,14.7,14.7,0.487,0.541,0.197,0.203,91.16,91.22,76.02,91.22,0.102,3257,2.8,6.3
93,Hubert Davis,Hubert,1610612742,DAL,28.0,81,20,61,0.247,2382.5033333333336,350,767,0.456,101,230,0.439,97,116,0.836,34,135,169,158,88,43,5,31,117,3,898,-265,1393.8,0,0,1422.0,1,1997-98,29.4,98.6,99.6,99.6,105.5,104.6,104.6,-6.9,-5.1,-5.1,0.114,1.8,15.0,0.014,0.057,0.035,8.3,8.3,0.522,0.549,0.168,0.173,92.95,92.85,77.37,92.85,0.081,4593,4.3,9.5
1134,Ike Austin,Ike,1610612746,LAC,28.0,78,40,38,0.513,2274.116666666667,406,871,0.466,0,8,0.0,243,363,0.669,199,358,557,175,206,61,56,56,231,0,1055,-107,2130.9,19,0,2021.0,2,1997-98,29.2,102.0,102.8,102.8,104.5,104.5,104.5,-2.5,-1.7,-1.7,0.14,0.85,12.3,0.09,0.162,0.126,14.5,14.6,0.466,0.512,0.246,0.248,92.75,92.34,76.95,92.34,0.106,4359,5.2,11.2
375,Isaiah Rider,Isaiah,1610612757,POR,27.0,74,41,33,0.554,2793.2833333333333,551,1302,0.423,135,420,0.321,221,267,0.828,99,247,346,231,187,55,19,58,188,2,1458,94,2254.7,3,0,2318.0,1,1997-98,37.7,102.2,103.0,103.0,100.4,101.1,101.1,1.8,2.0,2.0,0.153,1.24,12.7,0.038,0.088,0.064,10.2,10.2,0.475,0.514,0.257,0.263,92.4,91.75,76.45,91.75,0.103,5334,7.4,17.6
1096,Ivano Newbill,Ivano,1610612763,VAN,27.0,28,4,24,0.143,248.055,20,57,0.351,1,1,1.0,17,30,0.567,24,45,69,9,17,10,3,7,38,0,58,-35,176.3,0,0,163.0,1,1997-98,8.9,92.3,92.6,92.6,101.8,98.2,98.2,-9.5,-5.6,-5.6,0.06,0.53,9.3,0.089,0.181,0.133,17.5,17.7,0.36,0.413,0.149,0.152,95.83,97.43,81.19,97.43,0.041,500,0.7,2.0
462,J.R. Reid,J.R.,1610612766,CHH,30.0,79,49,30,0.62,1109.9566666666667,146,318,0.459,3,8,0.375,89,122,0.73,72,138,210,51,65,35,19,10,172,7,384,22,809.5,0,0,756.0,1,1997-98,14.1,101.9,100.6,100.6,100.6,99.0,99.0,1.3,1.6,1.6,0.078,0.78,10.4,0.068,0.129,0.099,13.3,13.3,0.464,0.517,0.174,0.179,92.71,94.01,78.35,94.01,0.067,2168,1.8,4.0
917,Jack Haley,Jack,1610612751,NJN,34.0,16,7,9,0.438,51.04,5,18,0.278,0,1,0.0,12,21,0.571,5,10,15,0,4,0,1,3,9,0,22,-5,39.0,0,0,39.0,1,1997-98,3.2,100.8,94.2,94.2,107.6,100.0,100.0,-6.8,-5.8,-5.8,0.0,0.0,0.0,0.079,0.227,0.14,12.5,12.8,0.278,0.404,0.23,0.242,104.26,111.91,93.26,111.91,0.0,120,0.3,1.1
1521,Jacque Vaughn,Jacque,1610612762,UTA,23.0,45,35,10,0.778,418.23,44,122,0.361,3,8,0.375,48,68,0.706,4,34,38,84,56,9,1,12,63,0,139,29,284.6,0,0,284.0,1,1997-98,9.3,105.5,103.8,103.8,102.5,100.2,100.2,2.9,3.5,3.5,0.315,1.5,28.7,0.01,0.075,0.045,19.1,19.2,0.373,0.457,0.211,0.218,95.51,97.38,81.15,97.38,0.042,848,1.0,2.7
147,Jalen Rose,Jalen,1610612754,IND,25.0,82,58,24,0.707,1704.7033333333334,290,607,0.478,25,73,0.342,166,228,0.728,28,167,195,155,132,56,14,33,171,0,771,33,1315.5,0,0,1286.0,1,1997-98,20.8,100.7,99.9,99.9,98.8,98.5,98.5,1.9,1.4,1.4,0.18,1.17,15.5,0.019,0.104,0.063,13.2,13.3,0.498,0.545,0.234,0.239,89.36,89.89,74.91,89.89,0.111,3186,3.5,7.4
469,Jamal Mashburn,Jamal,1610612748,MIA,25.0,48,29,19,0.604,1729.615,251,577,0.435,37,122,0.303,184,231,0.797,72,164,236,132,108,43,14,45,137,0,723,131,1267.2,1,0,1242.0,1,1997-98,36.0,104.8,105.1,105.1,100.3,100.7,100.7,4.4,4.4,4.4,0.134,1.22,14.3,0.045,0.096,0.071,11.7,11.8,0.467,0.533,0.21,0.212,90.54,90.19,75.16,90.19,0.096,3244,5.2,12.0
1530,James Collins,James,1610612746,LAC,24.0,23,2,21,0.087,101.22833333333334,21,55,0.382,9,20,0.45,8,14,0.571,7,7,14,3,8,6,3,4,12,0,59,-14,99.3,0,0,103.0,1,1997-98,4.4,100.5,101.3,101.3,113.5,103.9,103.9,-13.0,-2.5,-2.5,0.056,0.38,4.2,0.052,0.061,0.056,11.1,11.1,0.464,0.482,0.247,0.251,103.89,108.11,90.09,108.11,0.058,224,0.9,2.4
1526,James Cotton,James,1610612760,SEA,22.0,9,7,2,0.778,34.39333333333333,8,21,0.381,0,4,0.0,8,9,0.889,2,4,6,0,6,1,1,1,3,0,24,-31,31.2,0,0,34.0,1,1997-98,3.8,83.0,79.5,79.5,119.2,114.8,114.8,-36.2,-35.2,-35.2,0.0,0.0,0.0,0.054,0.108,0.081,19.4,19.4,0.381,0.481,0.313,0.332,117.99,122.81,102.35,122.81,0.055,88,0.9,2.3
381,James Robinson,James,1610612746,LAC,27.0,70,14,56,0.2,1229.92,195,501,0.389,74,225,0.329,77,107,0.72,37,74,111,135,97,37,10,22,101,1,541,-260,920.7,0,0,955.0,1,1997-98,17.6,98.6,100.0,100.0,110.1,110.6,110.6,-11.6,-10.6,-10.6,0.194,1.39,17.3,0.028,0.062,0.044,12.5,12.4,0.463,0.494,0.224,0.227,96.46,95.56,79.63,95.56,0.07,2448,2.8,7.2
994,Jamie Feick,Jamie,1610612749,MIL,23.0,45,20,25,0.444,451.885,39,90,0.433,4,13,0.308,20,41,0.488,45,79,124,16,21,25,17,11,67,1,102,2,379.8,0,0,330.0,1,1997-98,10.0,102.3,99.8,99.8,102.0,100.1,100.1,0.3,-0.3,-0.3,0.054,0.76,11.0,0.101,0.188,0.143,14.4,14.5,0.456,0.472,0.122,0.125,95.87,97.99,81.66,97.99,0.069,925,0.9,2.0
1114,Jaren Jackson,Jaren,1610612759,SAS,30.0,82,56,26,0.683,2226.1783333333333,258,654,0.394,112,297,0.377,94,118,0.797,55,155,210,156,104,60,8,25,222,1,722,342,1308.0,0,0,1336.0,1,1997-98,27.1,102.3,101.7,101.7,93.2,93.6,93.6,9.1,8.2,8.2,0.116,1.5,16.2,0.027,0.067,0.048,10.8,10.8,0.48,0.511,0.166,0.171,89.9,89.94,74.95,89.94,0.061,4172,3.1,8.0
679,Jason Caffey,Jason,1610612744,GSW,25.0,80,44,36,0.55,1423.0566666666666,226,466,0.485,0,2,0.0,131,200,0.655,160,184,344,67,105,24,20,41,181,1,583,-83,1123.3,4,0,1082.0,2,1997-98,17.8,95.5,94.8,94.8,98.6,97.7,97.7,-3.1,-3.0,-3.0,0.088,0.64,9.2,0.107,0.13,0.118,14.4,14.5,0.485,0.526,0.202,0.207,91.83,92.59,77.16,92.59,0.089,2744,2.8,5.8
467,Jason Kidd,Jason,1610612756,PHX,25.0,82,56,26,0.683,3117.608333333333,357,859,0.416,73,233,0.313,167,209,0.799,108,402,510,745,261,162,26,29,142,0,954,305,2986.5,30,4,2658.0,1,1997-98,38.0,104.3,105.7,105.7,99.0,100.3,100.3,5.2,5.4,5.4,0.356,2.85,38.1,0.036,0.131,0.084,13.4,13.3,0.458,0.502,0.174,0.176,94.42,93.18,77.65,93.18,0.134,6041,4.4,10.5
1535,Jason Lawson,Jason,1610612753,ORL,23.0,17,6,11,0.353,78.54166666666667,9,15,0.6,0,0,0.0,8,10,0.8,8,19,27,5,2,4,4,2,14,0,26,15,87.9,0,0,74.0,1,1997-98,4.6,112.9,111.9,111.9,106.2,100.6,100.6,6.7,11.3,11.3,0.083,2.5,18.5,0.089,0.317,0.18,7.4,7.6,0.6,0.67,0.11,0.111,95.09,98.09,81.74,98.09,0.127,159,0.5,0.9
420,Jayson Williams,Jayson,1610612751,NJN,30.0,65,35,30,0.538,2343.443333333333,321,645,0.498,0,4,0.0,195,293,0.666,443,440,883,67,95,45,49,70,236,2,837,152,2184.1,39,0,1975.0,1,1997-98,36.1,105.1,105.8,105.8,101.8,102.1,102.1,3.4,3.8,3.8,0.045,0.71,7.2,0.179,0.204,0.191,10.1,10.2,0.498,0.541,0.158,0.161,93.69,93.25,77.71,93.25,0.125,4543,4.9,9.9
81,Jeff Grayer,Jeff,1610612744,GSW,32.0,5,3,2,0.6,34.14833333333333,4,11,0.364,2,6,0.333,0,0,0.0,0,4,4,2,4,2,0,0,7,0,10,-4,19.8,0,0,22.0,2,1997-98,6.8,89.3,88.0,88.0,95.3,88.6,88.6,-6.0,-0.6,-0.6,0.118,0.5,11.8,0.0,0.095,0.0,23.5,23.5,0.455,0.455,0.188,0.19,103.54,108.23,90.19,108.23,0.0,75,0.8,2.2
204,Jeff Hornacek,Jeff,1610612762,UTA,35.0,80,60,20,0.75,2465.87,399,828,0.482,56,127,0.441,285,322,0.885,65,205,270,349,132,109,15,28,175,3,1139,464,2226.5,1,0,2062.0,1,1997-98,30.8,112.2,113.5,113.5,102.8,103.7,103.7,9.4,9.8,9.8,0.229,2.64,24.6,0.03,0.084,0.059,9.3,9.1,0.516,0.587,0.196,0.204,93.49,92.55,77.12,92.55,0.128,4754,5.0,10.4
999,Jeff Nordgaard,Jeff,1610612749,MIL,25.0,13,6,7,0.462,48.58833333333333,5,18,0.278,0,0,0.0,8,9,0.889,4,10,14,3,3,2,0,1,7,0,18,5,42.3,0,0,39.0,1,1997-98,3.7,113.2,106.3,106.3,108.8,107.5,107.5,4.4,-1.3,-1.3,0.086,1.0,11.1,0.063,0.189,0.121,11.1,10.7,0.278,0.41,0.18,0.199,103.69,107.68,89.73,107.68,0.065,112,0.4,1.4
1532,Jerald Honeycutt,Jerald,1610612749,MIL,23.0,38,15,23,0.395,529.5766666666667,90,221,0.407,29,77,0.377,36,58,0.621,27,66,93,33,49,20,6,13,83,0,245,18,435.1,0,0,452.0,1,1997-98,13.9,103.3,102.3,102.3,101.3,100.4,100.4,2.0,2.0,2.0,0.111,0.67,10.1,0.051,0.127,0.089,15.0,14.9,0.473,0.497,0.238,0.245,96.67,97.57,81.31,97.57,0.06,1075,2.4,5.8
979,Jermaine O'Neal,Jermaine,1610612757,POR,19.0,60,35,25,0.583,807.5966666666667,112,231,0.485,0,2,0.0,45,89,0.506,80,121,201,17,55,15,58,22,101,1,269,13,699.7,2,0,633.0,1,1997-98,13.5,98.0,97.6,97.6,97.8,96.3,96.3,0.2,1.3,1.3,0.037,0.31,5.0,0.101,0.144,0.123,16.0,16.1,0.485,0.498,0.176,0.181,92.01,92.93,77.44,92.93,0.077,1560,1.9,3.9
760,Jerome Kersey,Jerome,1610612760,SEA,36.0,37,27,10,0.73,716.7166666666667,97,233,0.416,1,10,0.1,39,65,0.6,56,79,135,44,36,52,14,8,104,2,234,125,624.0,0,0,546.0,1,1997-98,19.4,106.2,105.5,105.5,97.6,96.3,96.3,8.6,9.2,9.2,0.095,1.22,12.9,0.08,0.12,0.099,10.5,10.5,0.418,0.447,0.183,0.188,93.43,94.36,78.64,94.36,0.063,1407,2.6,6.3
966,Jerome Williams,Jerome,1610612765,DET,25.0,77,35,42,0.455,1302.8166666666666,151,288,0.524,0,1,0.0,108,166,0.651,170,209,379,48,60,51,10,31,144,0,410,131,1059.8,6,0,959.0,1,1997-98,16.9,105.3,104.2,104.2,98.6,98.2,98.2,6.7,6.0,6.0,0.061,0.8,10.1,0.136,0.162,0.149,12.7,12.8,0.524,0.568,0.144,0.147,91.91,92.55,77.13,92.55,0.108,2502,2.0,3.7
711,Jerry Stackhouse,Jerry,1610612765,DET,23.0,79,32,47,0.405,2546.036666666667,424,975,0.435,47,195,0.241,354,450,0.787,105,161,266,241,224,89,59,69,175,1,1249,-18,2149.7,0,0,2099.0,2,1997-98,32.2,102.6,102.7,102.7,103.3,103.3,103.3,-0.7,-0.6,-0.6,0.17,1.08,14.7,0.043,0.065,0.054,13.7,13.7,0.459,0.532,0.245,0.25,92.58,92.5,77.08,92.5,0.099,4912,5.4,12.3
754,Jim Jackson,Jim,1610612744,GSW,27.0,79,24,55,0.304,3048.1366666666668,476,1107,0.43,61,191,0.319,229,282,0.812,130,270,400,381,263,79,8,67,186,1,1242,-303,2291.5,3,0,2258.0,2,1997-98,38.6,98.4,99.2,99.2,104.5,104.5,104.5,-6.1,-5.2,-5.2,0.222,1.45,20.3,0.043,0.09,0.066,14.0,14.0,0.458,0.504,0.216,0.219,93.08,92.74,77.28,92.74,0.093,5891,6.0,14.0
29,Jim McIlvaine,Jim,1610612760,SEA,25.0,78,57,21,0.731,1207.0183333333334,101,223,0.453,0,3,0.0,45,81,0.556,96,163,259,19,54,24,137,28,240,1,247,157,1015.3,1,0,847.0,1,1997-98,15.5,107.8,108.8,108.8,100.9,101.9,101.9,6.9,7.0,7.0,0.021,0.35,5.7,0.082,0.135,0.109,16.3,16.3,0.453,0.477,0.116,0.117,93.62,92.72,77.26,92.72,0.028,2329,1.3,2.9
1429,Jimmy Oliver,Jimmy,1610612764,WAS,28.0,1,0,1,0.0,10.066666666666666,2,4,0.5,1,2,0.5,0,0,0.0,0,2,2,1,0,0,0,0,1,0,5,3,8.9,0,0,9.0,1,1997-98,10.1,87.7,90.0,90.0,83.5,71.4,71.4,4.2,18.6,18.6,0.25,0.0,20.0,0.0,0.0,0.0,0.0,0.0,0.625,0.625,0.182,0.186,91.74,97.75,81.46,97.75,0.4,20,2.0,4.0
247,Joe Dumars,Joe,1610612765,DET,35.0,72,34,38,0.472,2325.5466666666666,329,791,0.416,158,426,0.371,127,154,0.825,14,90,104,253,84,44,2,7,99,1,943,28,1501.3,1,0,1550.0,1,1997-98,32.3,102.9,103.0,103.0,102.2,102.8,102.8,0.8,0.3,0.3,0.187,3.01,21.4,0.006,0.041,0.024,7.1,7.0,0.516,0.549,0.185,0.191,90.21,89.9,74.92,89.9,0.093,4363,4.6,11.0
170,Joe Kleine,Joe,1610612741,CHI,36.0,46,33,13,0.717,394.0316666666667,39,106,0.368,0,0,0.0,15,18,0.833,27,50,77,30,28,4,5,3,63,0,93,-38,229.4,0,0,218.0,1,1997-98,8.6,97.1,96.3,96.3,101.1,100.9,100.9,-4.1,-4.6,-4.6,0.123,1.07,17.3,0.066,0.125,0.095,16.2,16.3,0.368,0.408,0.159,0.163,91.95,92.4,77.0,92.4,0.027,757,0.8,2.3
693,Joe Smith,Joe,1610612755,PHI,22.0,79,23,56,0.291,2345.685,464,1070,0.434,0,8,0.0,227,293,0.775,199,272,471,94,158,62,51,75,263,3,1155,-415,2042.2,15,0,1946.0,2,1997-98,29.7,93.3,93.7,93.7,103.0,102.4,102.4,-9.8,-8.7,-8.7,0.077,0.59,6.5,0.077,0.116,0.096,10.9,10.9,0.434,0.482,0.248,0.252,94.53,94.64,78.87,94.64,0.088,4619,5.9,13.5
1086,Joe Stephens,Joe,1610612745,HOU,25.0,7,0,7,0.0,36.68333333333333,10,28,0.357,3,10,0.3,4,6,0.667,3,3,6,1,2,2,0,1,2,0,27,-12,39.7,0,0,41.0,1,1997-98,5.2,91.8,95.3,95.3,116.0,108.0,108.0,-24.2,-12.7,-12.7,0.063,0.5,2.9,0.06,0.0,0.0,5.9,5.9,0.411,0.441,0.311,0.316,111.41,113.18,94.32,113.18,0.08,86,1.4,4.0
341,Joe Wolf,Joe,1610612743,DEN,33.0,57,8,49,0.14,622.7366666666667,40,121,0.331,2,10,0.2,5,10,0.5,36,90,126,30,22,20,7,3,92,1,87,-79,342.2,0,0,299.0,1,1997-98,10.9,93.5,93.3,93.3,102.8,100.6,100.6,-9.3,-7.3,-7.3,0.08,1.36,17.0,0.056,0.155,0.103,12.5,12.4,0.339,0.347,0.106,0.11,90.14,91.26,76.05,91.26,0.028,1188,0.7,2.1
180,John Crotty,John,1610612757,POR,28.0,26,16,10,0.615,377.335,29,90,0.322,6,20,0.3,32,34,0.941,4,28,32,63,42,10,1,6,28,0,96,-36,219.9,0,0,219.0,1,1997-98,14.5,94.8,96.0,96.0,100.6,99.2,99.2,-5.8,-3.2,-3.2,0.276,1.5,30.1,0.011,0.075,0.043,20.1,20.0,0.356,0.457,0.167,0.171,92.63,92.67,77.23,92.67,0.066,722,1.1,3.5
317,John Starks,John,1610612752,NYK,32.0,82,43,39,0.524,2189.655,372,946,0.393,130,397,0.327,185,235,0.787,48,182,230,219,142,78,5,37,205,3,1059,91,1770.5,0,0,1804.0,1,1997-98,26.7,100.9,100.7,100.7,98.6,98.6,98.6,2.4,2.0,2.0,0.188,1.54,15.5,0.023,0.088,0.055,10.0,10.1,0.462,0.505,0.251,0.255,90.8,90.92,75.77,90.92,0.099,4151,4.5,11.5
304,John Stockton,John,1610612762,UTA,36.0,64,51,13,0.797,1858.1766666666667,270,511,0.528,39,91,0.429,191,231,0.827,35,131,166,543,161,89,10,35,138,1,770,498,1919.7,17,0,1716.0,1,1997-98,29.0,114.0,115.2,115.2,100.6,101.0,101.0,13.4,14.2,14.2,0.447,3.37,41.6,0.023,0.074,0.051,12.3,12.2,0.567,0.628,0.189,0.194,91.71,91.1,75.91,91.1,0.158,3525,4.2,8.0
1519,John Thomas,John,1610612761,TOR,22.0,54,17,37,0.315,533.4366666666666,55,113,0.487,0,0,0.0,41,54,0.759,48,58,106,17,46,22,12,16,97,3,151,1,359.7,0,0,342.0,2,1997-98,9.9,98.3,97.3,97.3,101.0,96.7,96.7,-2.6,0.6,0.6,0.05,0.37,8.5,0.084,0.117,0.099,22.9,23.0,0.487,0.552,0.141,0.145,97.39,100.06,83.38,100.06,0.041,1109,1.0,2.1
961,John Wallace,John,1610612761,TOR,24.0,82,16,66,0.195,2358.76,468,979,0.478,1,2,0.5,210,293,0.717,117,256,373,110,172,62,101,75,239,2,1147,-473,2076.6,5,0,1957.0,1,1997-98,28.8,98.0,98.6,98.6,108.4,108.4,108.4,-10.4,-9.8,-9.8,0.083,0.64,7.9,0.048,0.108,0.078,12.4,12.4,0.479,0.518,0.231,0.235,96.39,96.09,80.08,96.09,0.085,4716,5.7,11.9
271,Johnny Newman,Johnny,1610612743,DEN,34.0,74,11,63,0.149,2180.595,344,799,0.431,36,105,0.343,365,445,0.82,50,91,141,138,147,77,24,78,208,2,1089,-481,1621.2,0,0,1606.0,1,1997-98,29.5,95.8,96.8,96.8,107.8,108.5,108.5,-12.0,-11.7,-11.7,0.126,0.94,10.8,0.023,0.044,0.033,11.5,11.5,0.453,0.547,0.235,0.239,92.93,92.13,76.78,92.13,0.086,4190,4.6,10.8
1511,Johnny Taylor,Johnny,1610612753,ORL,24.0,12,4,8,0.333,106.825,13,37,0.351,1,2,0.5,11,16,0.688,4,9,13,1,8,3,2,2,22,0,38,8,62.1,0,0,63.0,1,1997-98,8.9,107.5,105.1,105.1,102.5,100.5,100.5,5.1,4.6,4.6,0.014,0.13,1.9,0.04,0.107,0.071,15.1,15.1,0.365,0.431,0.208,0.215,95.46,97.51,81.25,97.51,-0.014,216,1.1,3.1
468,Jon Barry,Jon,1610612747,LAL,28.0,49,39,10,0.796,371.1133333333333,38,104,0.365,18,61,0.295,27,29,0.931,8,29,37,51,22,24,3,3,33,0,121,21,300.9,0,0,281.0,1,1997-98,7.6,107.6,103.7,103.7,102.9,101.2,101.2,4.7,2.4,2.4,0.194,2.32,27.0,0.019,0.067,0.043,11.6,11.6,0.452,0.518,0.143,0.15,102.83,105.61,88.01,105.61,0.084,817,0.8,2.1
146,Jud Buechler,Jud,1610612741,CHI,30.0,74,55,19,0.743,605.4483333333334,85,176,0.483,25,65,0.385,3,6,0.5,24,53,77,49,21,22,15,1,47,0,198,17,453.9,0,0,423.0,1,1997-98,8.2,99.5,97.1,97.1,100.4,98.0,98.0,-0.9,-0.9,-0.9,0.134,2.33,19.7,0.037,0.086,0.061,8.4,8.4,0.554,0.554,0.138,0.142,95.79,98.11,81.76,98.11,0.099,1252,1.1,2.4
436,Juwan Howard,Juwan,1610612764,WAS,25.0,64,32,32,0.5,2555.7916666666665,463,991,0.467,0,2,0.0,258,358,0.721,161,288,449,208,185,82,23,51,225,6,1184,-47,2164.8,11,0,2051.0,1,1997-98,39.9,102.2,103.5,103.5,102.8,103.9,103.9,-0.6,-0.4,-0.4,0.135,1.12,13.5,0.063,0.12,0.091,12.0,12.0,0.467,0.515,0.231,0.233,94.08,93.02,77.52,93.02,0.102,4939,7.2,15.5
252,Karl Malone,Karl,1610612762,UTA,34.0,81,61,20,0.753,3031.885,780,1472,0.53,2,6,0.333,628,825,0.761,189,645,834,316,247,96,70,89,237,10,2190,585,3915.8,41,0,3674.0,1,1997-98,37.4,111.9,113.0,113.0,102.1,103.0,103.0,9.8,10.0,10.0,0.204,1.28,13.1,0.075,0.218,0.152,10.2,10.3,0.531,0.597,0.317,0.318,92.41,91.59,76.33,91.59,0.203,5788,9.6,18.2
1529,Kebu Stewart,Kebu,1610612755,PHI,24.0,15,6,9,0.4,111.80666666666669,12,26,0.462,0,0,0.0,16,25,0.64,9,22,31,2,8,5,2,7,13,0,40,25,93.2,0,0,87.0,1,1997-98,7.5,106.6,103.5,103.5,94.7,89.5,89.5,11.9,14.0,14.0,0.03,0.25,4.2,0.078,0.183,0.132,16.7,17.0,0.462,0.541,0.171,0.172,96.21,100.46,83.72,100.46,0.091,230,0.8,1.7
173,Keith Askins,Keith,1610612748,MIA,30.0,46,32,14,0.696,680.16,39,122,0.32,21,74,0.284,12,19,0.632,28,73,101,29,26,27,12,3,107,0,111,36,366.7,0,0,340.0,1,1997-98,14.8,102.3,100.9,100.9,96.7,97.1,97.1,5.6,3.8,3.8,0.065,1.12,15.6,0.044,0.111,0.078,14.0,14.0,0.406,0.426,0.104,0.108,91.2,91.64,76.36,91.64,0.02,1292,0.8,2.7
1522,Keith Booth,Keith,1610612741,CHI,23.0,6,4,2,0.667,17.096666666666668,2,6,0.333,0,1,0.0,6,6,1.0,2,2,4,1,3,0,0,1,3,0,10,-4,13.3,0,0,15.0,1,1997-98,2.8,92.2,90.7,90.7,102.3,100.0,100.0,-10.0,-9.3,-9.3,0.077,0.33,7.7,0.083,0.0,0.0,23.1,23.7,0.333,0.579,0.235,0.236,118.37,120.73,100.6,120.73,0.061,43,0.3,1.0
1569,Keith Closs,Keith,1610612746,LAC,22.0,58,12,46,0.207,740.9366666666666,93,207,0.449,0,0,0.0,46,77,0.597,63,105,168,19,38,12,81,16,73,0,232,-108,703.1,0,0,605.0,1,1997-98,12.8,99.9,100.7,100.7,107.7,107.1,107.1,-7.8,-6.4,-6.4,0.041,0.5,6.3,0.08,0.135,0.108,12.6,12.8,0.449,0.482,0.161,0.162,97.23,97.14,80.95,97.14,0.078,1494,1.6,3.6
1496,Keith Van Horn,Keith,1610612751,NJN,22.0,62,32,30,0.516,2328.5,446,1047,0.426,69,224,0.308,258,305,0.846,142,266,408,106,164,64,25,105,216,2,1219,145,1970.6,10,0,1980.0,1,1997-98,37.6,107.7,108.2,108.2,104.8,104.9,104.9,3.0,3.3,3.3,0.075,0.65,7.3,0.059,0.123,0.09,11.4,11.3,0.459,0.516,0.245,0.251,94.21,93.97,78.31,93.97,0.095,4556,7.2,16.9
1509,Kelvin Cato,Kelvin,1610612757,POR,23.0,74,41,33,0.554,1010.045,98,229,0.428,0,3,0.0,86,125,0.688,91,161,252,23,44,29,94,35,164,1,282,-63,943.9,1,0,803.0,1,1997-98,13.6,96.6,95.2,95.2,99.0,97.1,97.1,-2.5,-1.9,-1.9,0.038,0.52,6.5,0.089,0.149,0.12,12.5,12.5,0.428,0.496,0.143,0.147,92.25,93.81,78.17,93.81,0.075,1961,1.3,3.1
383,Kendall Gill,Kendall,1610612751,NJN,30.0,81,42,39,0.519,2738.651666666666,418,974,0.429,26,101,0.257,225,327,0.688,112,279,391,200,124,156,64,76,268,0,1087,51,2392.2,1,0,2144.0,1,1997-98,33.8,105.0,105.0,105.0,103.9,103.8,103.8,1.1,1.2,1.2,0.12,1.61,13.8,0.039,0.113,0.073,8.5,8.6,0.443,0.486,0.195,0.199,93.23,93.33,77.78,93.33,0.091,5319,5.2,12.0
72,Kenny Anderson,Kenny,1610612738,BOS,27.0,61,33,28,0.541,1858.7283333333328,268,674,0.398,57,160,0.356,153,194,0.789,39,134,173,345,143,87,1,45,135,1,746,16,1592.1,6,0,1497.0,2,1997-98,30.5,100.3,100.9,100.9,100.8,100.6,100.6,-0.5,0.3,0.3,0.311,2.41,27.7,0.021,0.072,0.047,11.5,11.5,0.44,0.491,0.212,0.216,93.89,93.74,78.12,93.74,0.107,3633,4.4,11.0
954,Kerry Kittles,Kerry,1610612751,NJN,24.0,77,40,37,0.519,2813.221666666667,508,1154,0.44,110,263,0.418,202,250,0.808,132,230,362,176,106,132,37,58,152,0,1328,144,2427.4,7,0,2314.0,1,1997-98,36.5,105.4,105.7,105.7,103.5,103.5,103.5,1.9,2.2,2.2,0.104,1.66,11.4,0.044,0.088,0.065,6.9,6.9,0.488,0.525,0.205,0.21,94.65,94.53,78.77,94.53,0.113,5551,6.6,15.0
236,Kevin Edwards,Kevin,1610612753,ORL,32.0,39,23,16,0.59,482.06,57,165,0.345,6,15,0.4,30,35,0.857,20,34,54,39,30,26,1,9,28,0,150,-16,324.3,0,0,303.0,2,1997-98,12.4,99.6,97.8,97.8,102.2,100.0,100.0,-2.6,-2.2,-2.2,0.125,1.3,15.6,0.035,0.076,0.053,12.0,12.0,0.364,0.416,0.173,0.181,96.27,98.18,81.82,98.18,0.06,989,1.5,4.2
708,Kevin Garnett,Kevin,1610612750,MIN,22.0,82,45,37,0.549,3219.661666666667,635,1293,0.491,3,16,0.188,245,332,0.738,222,564,786,348,192,139,150,43,224,6,1518,155,3658.2,45,1,3233.0,1,1997-98,39.3,105.7,107.2,107.2,103.2,104.7,104.7,2.5,2.6,2.6,0.178,1.81,17.6,0.07,0.172,0.122,9.7,9.7,0.492,0.527,0.223,0.225,95.49,94.16,78.47,94.16,0.146,6313,7.7,15.8
134,Kevin Johnson,Kevin,1610612756,PHX,32.0,50,35,15,0.7,1291.36,155,347,0.447,4,26,0.154,162,186,0.871,35,129,164,245,101,27,8,15,57,0,476,158,1044.3,6,0,959.0,1,1997-98,25.8,108.2,108.1,108.1,101.5,102.4,102.4,6.7,5.6,5.6,0.288,2.43,31.8,0.03,0.098,0.066,13.1,13.0,0.452,0.555,0.184,0.189,93.4,93.04,77.53,93.04,0.12,2511,3.1,6.9
1563,Kevin Ollie,Kevin,1610612753,ORL,25.0,35,13,22,0.371,427.29333333333335,37,98,0.378,0,1,0.0,49,70,0.7,9,30,39,65,44,13,0,8,31,0,123,-28,262.3,0,0,253.0,2,1997-98,12.2,95.8,93.9,93.9,97.6,96.0,96.0,-1.8,-2.1,-2.1,0.263,1.48,27.3,0.02,0.067,0.044,18.5,18.5,0.378,0.477,0.178,0.186,90.94,92.62,77.18,92.62,0.067,819,1.1,2.8
1089,Kevin Salvadori,Kevin,1610612758,SAC,27.0,16,5,11,0.313,87.29833333333333,1,13,0.077,0,0,0.0,3,6,0.5,5,15,20,3,5,0,11,4,12,0,5,-18,61.5,0,0,50.0,1,1997-98,5.5,83.6,81.5,81.5,92.9,90.3,90.3,-9.4,-8.8,-8.8,0.051,0.6,12.5,0.051,0.139,0.097,20.8,21.2,0.077,0.16,0.103,0.106,99.05,101.72,84.77,101.72,-0.004,184,0.1,0.8
788,Kevin Willis,Kevin,1610612745,HOU,35.0,81,41,40,0.506,2524.6583333333333,531,1041,0.51,1,7,0.143,242,305,0.793,232,447,679,78,170,55,38,59,235,6,1305,-76,2345.8,24,0,2249.0,1,1997-98,31.2,102.9,103.1,103.1,104.9,105.1,105.1,-1.9,-2.0,-2.0,0.058,0.46,5.5,0.095,0.186,0.14,11.9,11.9,0.511,0.555,0.24,0.244,93.08,92.86,77.38,92.86,0.121,4894,6.6,12.9
234,Khalid Reeves,Khalid,1610612742,DAL,25.0,82,20,62,0.244,1950.995,248,593,0.418,56,152,0.368,165,213,0.775,54,131,185,230,130,80,10,45,195,0,717,-136,1424.0,0,0,1368.0,1,1997-98,23.8,99.1,99.5,99.5,103.6,102.9,102.9,-4.5,-3.4,-3.4,0.196,1.77,22.0,0.028,0.067,0.048,12.5,12.4,0.465,0.522,0.191,0.195,90.95,91.06,75.88,91.06,0.078,3696,3.0,7.2
1619,Kiwane Garris,Kiwane,1610612743,DEN,23.0,28,0,28,0.0,223.23,22,65,0.338,5,14,0.357,19,25,0.76,3,16,19,28,15,7,1,10,22,0,68,-61,141.8,0,0,136.0,1,1997-98,8.0,92.4,92.0,92.0,109.8,105.7,105.7,-17.4,-13.7,-13.7,0.214,1.87,23.5,0.013,0.075,0.043,12.6,12.6,0.377,0.447,0.174,0.179,96.8,98.91,82.43,98.91,0.053,461,0.8,2.3
977,Kobe Bryant,Kobe,1610612747,LAL,19.0,79,58,21,0.734,2058.2166666666667,391,913,0.428,75,220,0.341,363,457,0.794,79,163,242,199,157,74,40,56,180,0,1220,263,1993.9,0,0,1964.0,1,1997-98,26.1,109.5,108.8,108.8,102.6,102.7,102.7,6.9,6.1,6.1,0.165,1.27,13.5,0.038,0.075,0.057,10.7,10.7,0.469,0.548,0.261,0.268,96.56,96.85,80.71,96.85,0.116,4157,4.9,11.6
703,Kurt Thomas,Kurt,1610612742,DAL,25.0,5,1,4,0.2,73.30833333333334,17,45,0.378,0,0,0.0,3,3,1.0,8,16,24,3,10,1,0,7,19,0,37,-7,63.3,0,0,66.0,1,1997-98,14.7,99.3,100.0,100.0,104.7,99.3,99.3,-5.5,0.7,0.7,0.077,0.3,5.1,0.104,0.205,0.155,16.9,16.9,0.378,0.399,0.339,0.347,94.71,96.91,80.75,96.91,0.018,144,3.4,9.0
111,LaPhonso Ellis,LaPhonso,1610612743,DEN,28.0,76,11,65,0.145,2574.6666666666665,410,1007,0.407,57,201,0.284,206,256,0.805,146,398,544,213,173,65,49,55,226,1,1083,-604,2224.3,16,0,2125.0,1,1997-98,33.9,96.5,97.4,97.4,109.8,110.5,110.5,-13.3,-13.0,-13.0,0.158,1.23,14.1,0.056,0.166,0.109,11.5,11.5,0.435,0.484,0.226,0.229,91.71,91.02,75.85,91.02,0.1,4897,5.4,13.3
441,Lamond Murray,Lamond,1610612746,LAC,25.0,79,17,62,0.215,2578.7316666666666,473,984,0.481,54,153,0.353,220,294,0.748,172,312,484,142,171,118,54,54,193,0,1220,-378,2358.8,12,0,2244.0,1,1997-98,32.6,99.3,100.8,100.8,107.6,108.2,108.2,-8.3,-7.4,-7.4,0.099,0.83,10.0,0.066,0.125,0.095,12.0,12.0,0.508,0.548,0.22,0.223,94.87,93.91,78.26,93.91,0.116,5042,6.0,12.5
913,Larry Johnson,Larry,1610612752,NYK,29.0,70,38,32,0.543,2414.333333333333,429,884,0.485,15,63,0.238,214,283,0.756,175,226,401,150,127,40,13,62,193,2,1087,83,1825.2,8,0,1759.0,1,1997-98,34.5,101.6,102.2,102.2,99.3,100.4,100.4,2.3,1.8,1.8,0.112,1.18,11.7,0.078,0.101,0.09,9.9,9.9,0.494,0.539,0.221,0.224,89.81,89.02,74.18,89.02,0.104,4479,6.1,12.6
1683,Larry Robinson,Larry,1610612763,VAN,30.0,6,1,5,0.167,40.06,6,19,0.316,3,6,0.5,2,2,1.0,2,10,12,1,2,4,0,0,0,0,17,-9,42.9,0,0,41.0,1,1997-98,6.7,100.0,96.5,96.5,102.8,102.2,102.2,-2.8,-5.7,-5.7,0.043,0.5,4.3,0.0,0.0,0.0,8.7,8.7,0.395,0.428,0.216,0.221,103.33,105.44,87.87,105.44,0.118,86,1.0,3.2
84,Latrell Sprewell,Latrell,1610612744,GSW,27.0,14,1,13,0.071,547.0333333333333,110,277,0.397,9,48,0.188,70,94,0.745,7,44,51,68,44,19,5,14,26,0,299,-180,490.2,0,0,475.0,1,1997-98,39.1,91.7,92.7,92.7,108.4,108.5,108.5,-16.7,-15.8,-15.8,0.227,1.55,15.9,0.011,0.08,0.043,10.3,10.2,0.413,0.47,0.268,0.273,98.9,98.32,81.93,98.32,0.098,1119,7.9,19.8
1444,Lawrence Funderburke,Lawrence,1610612758,SAC,27.0,52,11,41,0.212,1095.9516666666666,191,390,0.49,1,7,0.143,110,162,0.679,80,154,234,63,62,19,15,23,56,0,493,-134,908.3,2,0,859.0,1,1997-98,21.1,97.4,97.7,97.7,104.4,104.0,104.0,-7.1,-6.3,-6.3,0.102,1.02,10.7,0.071,0.146,0.107,10.5,10.6,0.491,0.534,0.208,0.212,94.43,94.45,78.71,94.45,0.124,2157,3.7,7.5
734,Lawrence Moten,Lawrence,1610612764,WAS,26.0,8,3,5,0.375,26.53,3,13,0.231,0,1,0.0,3,4,0.75,1,0,1,3,1,0,0,2,6,0,9,-22,13.7,0,0,13.0,1,1997-98,3.3,82.9,71.4,71.4,112.4,108.1,108.1,-29.5,-36.6,-36.6,0.214,3.0,15.8,0.029,0.0,0.0,5.3,5.3,0.231,0.305,0.219,0.253,103.02,113.08,94.23,113.08,-0.056,63,0.4,1.6
289,Ledell Eackles,Ledell,1610612764,WAS,31.0,42,21,21,0.5,546.8483333333334,75,175,0.429,16,46,0.348,52,59,0.881,25,50,75,16,29,17,0,17,43,0,218,29,354.0,0,0,359.0,1,1997-98,13.0,96.7,96.4,96.4,96.3,94.1,94.1,0.4,2.3,2.3,0.054,0.55,6.5,0.042,0.089,0.065,11.8,11.8,0.474,0.542,0.179,0.184,95.26,96.55,80.46,96.55,0.088,1102,1.8,4.2
195,Lee Mayberry,Lee,1610612763,VAN,28.0,79,18,61,0.228,1834.3833333333332,131,349,0.375,63,180,0.35,38,51,0.745,19,95,114,349,113,65,10,8,164,0,363,-78,1135.3,1,0,1039.0,1,1997-98,23.2,104.6,105.1,105.1,108.1,106.7,106.7,-3.5,-1.6,-1.6,0.271,3.09,41.8,0.011,0.053,0.032,13.5,13.6,0.466,0.489,0.115,0.117,93.61,94.03,78.36,94.03,0.061,3584,1.7,4.4
283,Lindsey Hunter,Lindsey,1610612765,DET,27.0,71,30,41,0.423,2504.2566666666667,316,826,0.383,85,265,0.321,145,196,0.74,61,186,247,224,110,123,10,40,174,1,862,-11,1783.4,1,0,1684.0,1,1997-98,35.3,101.0,101.4,101.4,101.2,101.5,101.5,-0.3,-0.1,-0.1,0.15,2.04,17.9,0.025,0.078,0.052,8.8,8.8,0.434,0.472,0.188,0.19,90.85,90.55,75.46,90.55,0.079,4722,4.5,11.6
1036,Litterial Green,Litterial,1610612749,MIL,28.0,21,6,15,0.286,122.58166666666666,5,23,0.217,0,2,0.0,15,20,0.75,1,6,7,16,8,4,0,1,11,0,25,-9,61.4,0,0,56.0,1,1997-98,5.8,103.7,101.6,101.6,104.7,101.2,101.2,-1.0,0.5,0.5,0.211,2.0,28.1,0.008,0.048,0.027,14.0,14.3,0.217,0.393,0.141,0.142,95.99,98.68,82.23,98.68,0.027,247,0.2,1.1
1380,Lloyd Daniels,Lloyd,1610612761,TOR,30.0,6,3,3,0.5,82.34833333333333,12,29,0.414,2,9,0.222,8,10,0.8,4,3,7,4,4,3,2,0,4,0,34,-26,59.4,0,0,57.0,1,1997-98,13.7,94.8,94.5,94.5,111.7,112.5,112.5,-16.9,-18.0,-18.0,0.089,1.0,9.5,0.05,0.038,0.044,9.5,9.7,0.448,0.509,0.199,0.201,94.29,94.14,78.45,94.14,0.072,163,2.0,4.8
953,Lorenzen Wright,Lorenzen,1610612746,LAC,22.0,69,13,56,0.188,2066.2066666666665,241,542,0.445,0,2,0.0,141,214,0.659,180,426,606,55,81,55,87,56,237,2,623,-224,1777.7,15,0,1568.0,1,1997-98,29.9,98.6,99.7,99.7,104.1,104.9,104.9,-5.5,-5.2,-5.2,0.044,0.68,7.1,0.085,0.206,0.145,10.4,10.5,0.445,0.49,0.155,0.156,94.0,93.11,77.59,93.11,0.096,4000,3.5,7.9
31,Lorenzo Williams,Lorenzo,1610612764,WAS,28.0,14,3,11,0.214,112.965,13,17,0.765,0,0,0.0,0,2,0.0,16,10,26,3,2,2,3,0,17,0,26,-33,74.7,0,0,65.0,1,1997-98,8.1,98.3,99.6,99.6,115.6,112.2,112.2,-17.3,-12.6,-12.6,0.039,1.5,13.0,0.132,0.096,0.116,8.7,8.7,0.765,0.727,0.075,0.076,96.07,96.88,80.73,96.88,0.066,226,0.9,1.2
919,Loy Vaught,Loy,1610612746,LAC,30.0,10,0,10,0.0,263.6433333333333,36,84,0.429,0,2,0.0,3,8,0.375,16,49,65,7,13,4,2,4,33,0,75,-86,168.5,1,0,159.0,1,1997-98,26.4,98.4,98.9,98.9,115.0,114.4,114.4,-16.6,-15.5,-15.5,0.045,0.54,6.5,0.054,0.198,0.12,12.0,12.1,0.429,0.428,0.166,0.168,95.92,95.95,79.96,95.95,0.053,525,3.6,8.4
26,Luc Longley,Luc,1610612741,CHI,29.0,58,42,16,0.724,1706.545,277,609,0.455,0,0,0.0,109,148,0.736,113,228,341,161,130,34,62,68,206,2,663,258,1471.7,4,0,1357.0,1,1997-98,29.4,103.7,105.2,105.2,96.2,97.0,97.0,7.5,8.2,8.2,0.151,1.24,16.7,0.066,0.135,0.1,13.5,13.5,0.455,0.492,0.21,0.212,91.0,90.02,75.02,90.02,0.091,3198,4.8,10.5
446,Lucious Harris,Lucious,1610612751,NJN,27.0,50,27,23,0.54,670.6416666666667,69,177,0.39,12,39,0.308,41,55,0.745,21,31,52,42,21,42,5,11,77,0,191,17,436.4,0,0,391.0,1,1997-98,13.4,104.9,101.7,101.7,103.0,101.0,101.0,1.9,0.7,0.7,0.098,2.0,15.8,0.032,0.05,0.041,7.9,7.9,0.424,0.475,0.142,0.148,92.92,95.3,79.42,95.3,0.051,1335,1.4,3.5
51,Mahmoud Abdul-Rauf,Mahmoud,1610612758,SAC,29.0,31,10,21,0.323,530.5883333333334,103,273,0.377,5,31,0.161,16,16,1.0,6,31,37,58,19,16,1,12,31,0,227,-76,390.4,0,0,361.0,1,1997-98,17.1,95.9,95.5,95.5,102.3,102.3,102.3,-6.4,-6.7,-6.7,0.195,3.05,16.4,0.01,0.059,0.033,5.4,5.3,0.386,0.405,0.239,0.246,95.45,95.67,79.72,95.67,0.073,1055,3.3,8.8
990,Malik Rose,Malik,1610612759,SAS,23.0,53,37,16,0.698,431.4166666666667,59,136,0.434,1,3,0.333,39,61,0.639,40,50,90,19,44,21,7,18,79,1,158,-67,334.5,0,0,324.0,1,1997-98,8.1,92.3,89.7,89.7,99.1,98.0,98.0,-6.8,-8.3,-8.3,0.086,0.43,8.4,0.091,0.113,0.102,19.4,19.5,0.438,0.485,0.204,0.212,94.99,96.91,80.76,96.91,0.044,874,1.1,2.6
907,Malik Sealy,Malik,1610612765,DET,28.0,77,34,43,0.442,1641.36,216,505,0.428,9,41,0.22,150,182,0.824,48,171,219,100,79,65,20,20,156,1,591,109,1179.8,2,0,1089.0,1,1997-98,21.3,101.4,100.5,100.5,97.2,97.4,97.4,4.2,3.1,3.1,0.108,1.27,13.1,0.03,0.108,0.069,10.4,10.3,0.437,0.505,0.18,0.187,91.73,91.99,76.66,91.99,0.093,3151,2.8,6.6
948,Marcus Camby,Marcus,1610612761,TOR,24.0,63,16,47,0.254,2000.0333333333333,308,747,0.412,0,2,0.0,149,244,0.611,203,263,466,111,134,68,230,58,200,0,765,-365,2250.7,14,2,1938.0,1,1997-98,31.7,98.2,98.4,98.4,105.7,106.6,106.6,-7.5,-8.2,-8.2,0.095,0.83,10.1,0.095,0.132,0.113,12.1,12.2,0.412,0.448,0.215,0.217,95.22,94.71,78.93,94.71,0.084,3926,4.9,11.9
712,Mario Bennett,Mario,1610612747,LAL,24.0,45,35,10,0.778,354.4866666666667,80,135,0.593,1,2,0.5,16,44,0.364,60,66,126,18,21,19,11,10,61,0,177,16,424.2,4,0,382.0,1,1997-98,7.9,111.4,108.5,108.5,106.2,105.0,105.0,5.3,3.5,3.5,0.084,0.86,9.4,0.15,0.173,0.161,10.9,10.9,0.596,0.573,0.194,0.201,100.61,102.5,85.42,102.5,0.119,752,1.8,3.0
53,Mario Elie,Mario,1610612745,HOU,34.0,73,35,38,0.479,1984.9833333333331,206,456,0.452,55,189,0.291,145,174,0.833,39,117,156,221,100,81,8,22,115,1,612,-28,1297.7,1,0,1222.0,1,1997-98,27.2,105.0,105.6,105.6,105.6,106.3,106.3,-0.6,-0.7,-0.7,0.173,2.21,26.2,0.021,0.061,0.041,11.8,11.7,0.512,0.575,0.141,0.145,94.11,93.51,77.93,93.51,0.081,3867,2.8,6.2
95,Mark Bryant,Mark,1610612756,PHX,33.0,70,46,24,0.657,1110.2266666666667,109,225,0.484,0,1,0.0,73,95,0.768,92,152,244,46,58,36,15,27,180,1,291,171,747.8,0,0,683.0,1,1997-98,15.9,106.5,108.1,108.1,100.0,99.1,99.1,6.5,9.0,9.0,0.059,0.79,12.4,0.091,0.141,0.117,15.7,15.6,0.484,0.545,0.132,0.134,92.85,92.59,77.16,92.59,0.056,2131,1.6,3.2
707,Mark Davis,Mark,1610612755,PHI,25.0,71,27,44,0.38,907.59,109,244,0.447,0,6,0.0,64,101,0.634,64,94,158,73,91,49,18,30,95,2,282,-88,691.1,0,0,647.0,1,1997-98,12.8,95.8,93.7,93.7,100.2,97.7,97.7,-4.4,-4.0,-4.0,0.141,0.8,16.0,0.071,0.104,0.087,20.0,20.1,0.447,0.489,0.18,0.185,94.33,96.63,80.52,96.63,0.069,1819,1.5,3.4
971,Mark Hendrickson,Mark,1610612758,SAC,24.0,48,15,33,0.313,736.5083333333333,58,149,0.389,0,5,0.0,47,57,0.825,33,110,143,41,31,26,9,13,60,0,163,-108,470.1,0,0,417.0,1,1997-98,15.3,95.7,94.7,94.7,103.3,101.5,101.5,-7.6,-6.9,-6.9,0.086,1.32,16.6,0.044,0.147,0.095,12.6,12.6,0.389,0.468,0.122,0.125,95.27,96.59,80.49,96.59,0.071,1479,1.2,3.1
349,Mark Jackson,Mark,1610612754,IND,33.0,82,58,24,0.707,2411.6066666666666,249,598,0.416,43,137,0.314,137,180,0.761,67,255,322,713,174,84,2,41,132,0,678,443,2217.9,12,0,1928.0,1,1997-98,29.4,109.0,109.3,109.3,98.9,99.5,99.5,10.1,9.8,9.8,0.443,4.1,45.4,0.031,0.103,0.069,11.1,11.1,0.452,0.501,0.164,0.166,91.42,91.03,75.86,91.03,0.135,4572,3.0,7.3
998,Mark Pope,Mark,1610612754,IND,25.0,28,22,6,0.786,190.0,14,41,0.341,1,3,0.333,10,17,0.588,9,17,26,7,10,3,6,2,36,0,39,-15,97.7,0,0,91.0,1,1997-98,6.8,98.0,95.2,95.2,98.2,96.1,96.1,-0.2,-0.9,-0.9,0.062,0.7,10.6,0.05,0.094,0.072,15.2,15.3,0.354,0.402,0.139,0.145,93.59,96.0,80.0,96.0,-0.013,374,0.5,1.5
899,Mark Price,Mark,1610612753,ORL,34.0,63,34,29,0.54,1427.415,229,531,0.431,52,155,0.335,87,103,0.845,24,105,129,297,162,53,5,21,92,0,597,-18,1209.3,1,0,1191.0,1,1997-98,22.7,99.2,99.9,99.9,102.5,102.8,102.8,-3.2,-2.9,-2.9,0.363,1.83,28.9,0.017,0.075,0.046,15.8,15.6,0.48,0.518,0.223,0.23,92.46,91.95,76.63,91.95,0.114,2765,3.6,8.4
1110,Mark Strickland,Mark,1610612748,MIA,27.0,51,34,17,0.667,847.885,144,268,0.537,0,1,0.0,59,82,0.72,79,133,212,26,47,18,34,23,87,0,347,-6,749.4,2,0,689.0,1,1997-98,16.6,104.3,103.7,103.7,103.0,103.6,103.6,1.3,0.1,0.1,0.052,0.55,6.8,0.093,0.156,0.125,12.4,12.5,0.537,0.571,0.187,0.189,92.12,92.16,76.8,92.16,0.116,1624,2.8,5.3
770,Mark West,Mark,1610612754,IND,37.0,15,9,6,0.6,104.67666666666666,10,21,0.476,0,0,0.0,3,6,0.5,6,9,15,2,8,2,4,3,15,0,23,-1,54.0,0,0,52.0,1,1997-98,7.0,89.6,89.4,89.4,94.1,92.1,92.1,-4.5,-2.7,-2.7,0.036,0.25,5.9,0.057,0.093,0.074,23.5,23.8,0.476,0.486,0.132,0.135,92.66,93.77,78.15,93.77,0.015,207,0.7,1.4
1527,Marko Milic,Marko,1610612756,PHX,21.0,33,24,9,0.727,160.945,39,64,0.609,3,6,0.5,11,17,0.647,10,15,25,12,21,10,0,5,17,0,92,24,149.0,0,0,152.0,1,1997-98,4.9,103.6,98.1,98.1,96.2,93.4,93.4,7.4,4.6,4.6,0.113,0.57,11.5,0.065,0.091,0.079,20.2,20.1,0.633,0.644,0.228,0.245,101.49,105.87,88.23,105.87,0.116,359,1.2,1.9
982,Martin Muursepp,Martin,1610612742,DAL,23.0,41,9,32,0.22,604.2683333333333,83,191,0.435,16,38,0.421,51,67,0.761,46,68,114,30,29,29,14,25,96,1,233,-21,514.8,1,0,479.0,1,1997-98,14.7,99.5,99.4,99.4,103.3,101.2,101.2,-3.7,-1.9,-1.9,0.08,1.03,10.6,0.075,0.117,0.096,10.3,10.4,0.476,0.528,0.176,0.179,96.73,97.78,81.49,97.78,0.074,1232,2.0,4.7
55,Marty Conlon,Marty,1610612748,MIA,30.0,18,11,7,0.611,208.57,28,62,0.452,0,0,0.0,32,44,0.727,16,30,46,12,11,9,5,6,27,0,88,37,192.2,0,0,174.0,1,1997-98,11.6,101.3,103.3,103.3,96.6,94.3,94.3,4.6,9.0,9.0,0.101,1.09,11.5,0.07,0.142,0.104,10.6,10.5,0.452,0.541,0.187,0.191,97.29,97.46,81.22,97.46,0.105,423,1.6,3.4
672,Matt Bullard,Matt,1610612745,HOU,31.0,67,34,33,0.507,1190.3433333333332,175,389,0.45,96,231,0.416,20,27,0.741,25,121,146,60,39,31,24,7,104,0,466,-44,857.2,0,0,878.0,1,1997-98,17.8,103.9,104.5,104.5,106.8,106.2,106.2,-2.9,-1.7,-1.7,0.082,1.54,12.0,0.021,0.104,0.062,7.8,7.8,0.573,0.581,0.164,0.167,93.56,93.57,77.98,93.57,0.084,2318,2.6,5.8
761,Matt Geiger,Matt,1610612766,CHH,28.0,78,48,30,0.615,1838.9466666666667,358,709,0.505,1,11,0.091,168,236,0.712,196,325,521,78,111,68,87,52,191,0,885,-45,1981.2,18,0,1795.0,1,1997-98,23.6,105.1,104.5,104.5,106.2,105.5,105.5,-1.1,-1.0,-1.0,0.076,0.7,7.8,0.115,0.19,0.153,11.1,11.1,0.506,0.544,0.226,0.231,91.27,91.79,76.49,91.79,0.129,3512,4.6,9.1
1074,Matt Maloney,Matt,1610612745,HOU,26.0,78,39,39,0.5,2217.54,239,586,0.408,126,346,0.364,65,78,0.833,16,126,142,219,107,62,5,20,99,0,669,-73,1261.9,0,0,1290.0,1,1997-98,28.4,104.3,104.7,104.7,106.1,106.8,106.8,-1.9,-2.1,-2.1,0.151,2.05,23.2,0.008,0.058,0.033,11.3,11.3,0.515,0.539,0.148,0.151,93.64,93.16,77.64,93.16,0.066,4312,3.1,7.5
1508,Maurice Taylor,Maurice,1610612746,LAC,21.0,71,16,55,0.225,1511.5216666666668,321,675,0.476,0,1,0.0,173,244,0.709,118,178,296,53,107,34,40,38,222,1,815,-255,1364.7,3,0,1312.0,1,1997-98,21.3,98.2,99.0,99.0,107.7,107.7,107.7,-9.5,-8.7,-8.7,0.069,0.5,5.6,0.076,0.119,0.097,11.4,11.4,0.476,0.521,0.256,0.262,94.51,94.09,78.41,94.09,0.089,2965,4.5,9.5
262,Michael Cage,Michael,1610612751,NJN,36.0,79,42,37,0.532,1200.8216666666667,43,84,0.512,0,1,0.0,20,36,0.556,115,193,308,32,23,45,44,1,105,1,106,72,767.6,0,0,624.0,1,1997-98,15.2,101.8,100.5,100.5,99.5,97.7,97.7,2.3,2.8,2.8,0.038,1.39,20.4,0.092,0.175,0.131,14.6,14.9,0.512,0.531,0.044,0.046,92.31,93.78,78.15,93.78,0.078,2349,0.5,1.1
688,Michael Curry,Michael,1610612749,MIL,29.0,82,36,46,0.439,1980.2166666666667,196,418,0.469,4,9,0.444,147,176,0.835,26,72,98,137,77,56,14,16,218,7,543,-209,999.1,0,0,922.0,1,1997-98,24.1,98.9,97.9,97.9,102.7,102.5,102.5,-3.8,-4.6,-4.6,0.117,1.78,19.2,0.014,0.039,0.027,10.8,10.9,0.474,0.548,0.132,0.134,92.36,92.91,77.43,92.91,0.05,3817,2.4,5.1
714,Michael Finley,Michael,1610612742,DAL,25.0,82,20,62,0.244,3398.721666666667,675,1505,0.449,87,244,0.357,326,416,0.784,150,288,438,405,219,132,30,49,163,1,1763,-409,3163.1,9,1,3017.0,1,1997-98,41.4,98.0,99.0,99.0,104.7,105.2,105.2,-6.7,-6.2,-6.2,0.222,1.85,17.5,0.044,0.085,0.064,9.5,9.5,0.477,0.522,0.253,0.256,92.96,92.27,76.89,92.27,0.127,6532,8.2,18.4
893,Michael Jordan,Michael,1610612741,CHI,35.0,82,62,20,0.756,3182.38,881,1893,0.465,30,126,0.238,565,721,0.784,130,345,475,283,185,141,45,73,151,2,2357,598,3724.5,5,0,3517.0,1,1997-98,38.8,105.9,108.0,108.0,97.3,98.3,98.3,8.6,9.7,9.7,0.174,1.53,10.6,0.041,0.11,0.075,6.9,6.9,0.473,0.533,0.333,0.336,91.9,90.54,75.45,90.54,0.175,6010,10.7,23.1
1075,Michael McDonald,Michael,1610612766,CHH,29.0,1,1,0,1.0,4.283333333333333,0,0,0.0,0,0,0.0,0,0,0.0,1,0,1,0,2,0,0,0,1,0,0,-6,-0.8,0,0,1.0,1,1997-98,4.3,28.6,22.2,22.2,100.0,100.0,100.0,-71.4,-77.8,-77.8,0.0,0.0,0.0,0.0,0.0,0.0,100.0,100.0,0.0,0.0,0.2,0.25,84.05,95.25,79.38,95.25,-0.417,9,0.0,0.0
63,Michael Smith,Michael,1610612763,VAN,26.0,48,12,36,0.25,1051.8133333333333,93,194,0.479,0,1,0.0,65,103,0.631,120,186,306,88,51,41,15,31,95,1,251,-150,867.2,3,0,757.0,2,1997-98,21.9,105.6,106.3,106.3,112.1,113.2,113.2,-6.5,-6.9,-6.9,0.121,1.73,23.2,0.115,0.184,0.149,13.4,13.5,0.479,0.524,0.122,0.123,92.44,91.68,76.4,91.68,0.092,2004,1.9,4.0
1565,Michael Stewart,Michael,1610612758,SAC,23.0,81,26,55,0.321,1761.1516666666666,155,323,0.48,0,0,0.0,65,142,0.458,197,339,536,61,85,29,195,35,251,1,375,-149,1696.7,1,0,1420.0,1,1997-98,21.7,98.1,97.9,97.9,101.1,101.7,101.7,-2.9,-3.8,-3.8,0.054,0.72,11.4,0.11,0.186,0.148,15.9,16.0,0.48,0.486,0.119,0.12,94.14,93.95,78.29,93.95,0.08,3438,1.9,4.0
52,Micheal Williams,Micheal,1610612750,MIN,31.0,25,15,10,0.6,161.15666666666667,16,48,0.333,0,4,0.0,32,33,0.97,2,12,14,32,16,9,2,3,24,0,64,-2,145.8,0,0,132.0,1,1997-98,6.4,105.4,102.9,102.9,105.3,105.1,105.1,0.1,-2.1,-2.1,0.299,2.0,28.8,0.012,0.068,0.041,14.4,14.5,0.333,0.512,0.202,0.209,99.26,100.52,83.77,100.52,0.085,340,0.6,1.9
782,Mitch Richmond,Mitch,1610612758,SAC,33.0,70,26,44,0.371,2568.983333333333,543,1220,0.445,130,334,0.389,407,471,0.864,50,179,229,279,181,88,15,61,154,0,1623,-132,2444.3,1,0,2467.0,1,1997-98,36.7,100.4,101.1,101.1,103.0,103.8,103.8,-2.6,-2.7,-2.7,0.199,1.54,14.8,0.019,0.07,0.044,9.6,9.6,0.498,0.569,0.272,0.276,94.9,94.23,78.53,94.23,0.14,5045,7.8,17.4
348,Mitchell Butler,Mitchell,1610612739,CLE,27.0,18,12,6,0.667,208.49666666666667,15,47,0.319,1,6,0.167,6,10,0.6,6,16,22,18,8,8,0,7,26,0,37,11,106.4,0,0,94.0,1,1997-98,11.6,93.4,92.6,92.6,91.7,91.8,91.8,1.7,0.9,0.9,0.15,2.25,23.1,0.031,0.076,0.054,10.3,10.3,0.33,0.36,0.124,0.129,92.67,93.01,77.51,93.01,0.027,408,0.8,2.6
42,Monty Williams,Monty,1610612759,SAS,26.0,72,49,23,0.681,1316.595,165,368,0.448,1,2,0.5,122,182,0.67,67,112,179,89,82,34,24,38,133,0,453,-32,893.3,0,0,838.0,1,1997-98,18.3,98.3,97.2,97.2,97.7,98.3,98.3,0.5,-1.1,-1.1,0.115,1.09,14.3,0.056,0.08,0.069,13.2,13.2,0.45,0.505,0.184,0.188,91.64,91.89,76.58,91.89,0.068,2518,2.3,5.1
302,Mookie Blaylock,Mookie,1610612737,ATL,31.0,70,44,26,0.629,2697.55,368,938,0.392,90,334,0.269,95,134,0.709,81,260,341,469,176,181,21,23,122,0,921,415,2463.7,9,2,2225.0,1,1997-98,38.5,106.3,107.4,107.4,98.0,99.0,99.0,8.4,8.4,8.4,0.288,2.66,28.5,0.032,0.098,0.066,10.7,10.7,0.44,0.462,0.2,0.202,89.96,89.06,74.22,89.06,0.121,5003,5.3,13.4
177,Muggsy Bogues,Muggsy,1610612744,GSW,33.0,61,19,42,0.311,1570.4133333333334,141,323,0.437,4,16,0.25,61,68,0.897,30,102,132,331,105,67,3,13,58,0,347,-227,1106.9,1,0,954.0,2,1997-98,25.7,92.5,92.2,92.2,101.0,99.8,99.8,-8.5,-7.6,-7.6,0.344,3.15,42.3,0.018,0.066,0.041,13.4,13.3,0.443,0.492,0.125,0.129,92.46,93.18,77.65,93.18,0.109,3051,2.3,5.3
203,Nate McMillan,Nate,1610612760,SEA,33.0,18,12,6,0.667,276.12666666666667,23,67,0.343,15,34,0.441,1,1,1.0,13,27,40,55,12,14,4,5,41,0,62,63,234.5,0,0,208.0,1,1997-98,15.3,109.5,109.6,109.6,98.3,97.1,97.1,11.2,12.5,12.5,0.296,4.58,41.0,0.048,0.115,0.079,9.0,8.9,0.455,0.46,0.131,0.136,88.25,88.74,73.95,88.74,0.08,510,1.3,3.7
98,Nick Anderson,Nick,1610612753,ORL,30.0,58,31,27,0.534,1703.0883333333334,343,754,0.455,77,214,0.36,127,199,0.638,98,199,297,119,85,72,23,32,98,1,890,13,1624.9,4,0,1573.0,1,1997-98,29.4,100.6,101.8,101.8,100.4,101.4,101.4,0.1,0.4,0.4,0.135,1.4,11.4,0.058,0.118,0.088,8.1,8.1,0.506,0.529,0.246,0.249,90.17,89.2,74.34,89.2,0.135,3165,5.9,13.0
89,Nick Van Exel,Nick,1610612747,LAL,26.0,64,47,17,0.734,2049.4283333333333,311,743,0.419,123,316,0.389,136,172,0.791,31,163,194,442,104,64,6,28,120,1,881,322,1882.8,10,0,1780.0,1,1997-98,32.0,108.8,109.7,109.7,100.7,101.3,101.3,8.0,8.4,8.4,0.335,4.25,32.4,0.015,0.077,0.047,7.6,7.6,0.501,0.538,0.196,0.198,95.83,95.17,79.31,95.17,0.129,4055,4.9,11.6
178,Olden Polynice,Olden,1610612758,SAC,33.0,70,25,45,0.357,1456.3,249,542,0.459,0,1,0.0,52,115,0.452,173,266,439,107,98,37,45,40,158,0,550,-173,1385.3,10,0,1260.0,1,1997-98,20.8,98.4,98.5,98.5,104.3,103.9,103.9,-5.9,-5.4,-5.4,0.122,1.09,13.4,0.113,0.19,0.15,12.3,12.3,0.459,0.464,0.203,0.207,95.11,95.19,79.32,95.19,0.099,2880,3.6,7.7
932,Oliver Miller,Oliver,1610612761,TOR,28.0,64,15,49,0.234,1626.615,170,369,0.461,0,4,0.0,61,101,0.604,146,254,400,196,131,58,72,41,184,1,401,-303,1434.0,3,0,1257.0,1,1997-98,25.4,97.8,97.9,97.9,107.6,106.9,106.9,-9.8,-9.1,-9.1,0.187,1.5,26.4,0.089,0.16,0.124,17.7,17.7,0.461,0.485,0.147,0.149,93.89,94.12,78.43,94.12,0.084,3183,2.7,5.8
970,Othella Harrington,Othella,1610612745,HOU,24.0,58,27,31,0.466,905.7366666666668,129,266,0.485,0,1,0.0,92,122,0.754,73,134,207,24,47,10,27,22,112,1,350,-112,698.4,4,0,655.0,1,1997-98,15.6,100.8,100.8,100.8,108.3,107.4,107.4,-7.5,-6.5,-6.5,0.047,0.51,6.1,0.085,0.155,0.12,12.0,12.0,0.485,0.547,0.179,0.182,93.83,94.23,78.52,94.23,0.084,1780,2.2,4.6
901,Otis Thorpe,Otis,1610612758,SAC,35.0,74,16,58,0.216,2194.93,294,624,0.471,0,5,0.0,164,240,0.683,151,386,537,222,152,48,30,40,238,1,752,-514,1811.4,11,0,1667.0,2,1997-98,29.7,97.4,97.8,97.8,109.9,110.0,110.0,-12.4,-12.2,-12.2,0.168,1.46,20.0,0.071,0.179,0.126,13.7,13.8,0.471,0.515,0.179,0.181,95.09,94.83,79.03,94.83,0.092,4344,4.0,8.4
136,P.J. Brown,P.J.,1610612748,MIA,28.0,74,48,26,0.649,2357.385,278,590,0.471,0,0,0.0,151,197,0.766,235,400,635,103,97,66,98,35,264,7,707,287,2018.5,21,0,1773.0,1,1997-98,31.9,105.5,106.1,106.1,97.5,98.6,98.6,8.0,7.5,7.5,0.071,1.06,11.7,0.106,0.171,0.139,11.0,11.1,0.471,0.522,0.152,0.154,89.97,89.21,74.35,89.21,0.105,4362,3.8,8.0
121,Patrick Ewing,Patrick,1610612752,NYK,35.0,26,15,11,0.577,848.7533333333333,203,403,0.504,0,2,0.0,134,186,0.72,59,206,265,28,77,16,58,17,74,1,540,81,1045.0,17,0,981.0,1,1997-98,32.6,101.1,100.8,100.8,94.6,96.0,96.0,6.5,4.8,4.8,0.065,0.36,4.7,0.075,0.243,0.162,12.9,13.1,0.504,0.557,0.301,0.303,94.71,94.19,78.49,94.19,0.175,1666,7.8,15.5
442,Pervis Ellison,Pervis,1610612738,BOS,31.0,33,17,16,0.515,444.445,40,70,0.571,0,0,0.0,20,34,0.588,52,57,109,31,28,20,31,2,90,1,100,21,402.3,0,0,342.0,1,1997-98,13.5,98.9,99.4,99.4,98.4,95.9,95.9,0.6,3.5,3.5,0.102,1.11,21.2,0.114,0.145,0.128,19.2,19.4,0.571,0.589,0.11,0.11,96.94,97.9,81.58,97.9,0.065,901,1.2,2.1
432,Pete Chilcutt,Pete,1610612763,VAN,29.0,82,19,63,0.232,1428.4283333333333,156,359,0.435,54,130,0.415,39,59,0.661,77,229,306,104,62,53,37,10,158,0,405,-171,1136.2,0,0,1049.0,1,1997-98,17.4,101.0,100.9,100.9,109.4,107.5,107.5,-8.4,-6.6,-6.6,0.112,1.68,18.8,0.055,0.169,0.111,11.2,11.3,0.51,0.526,0.136,0.138,95.23,96.11,80.09,96.11,0.084,2869,1.9,4.4
939,Pete Myers,Pete,1610612752,NYK,34.0,9,5,4,0.556,39.05833333333333,5,10,0.5,0,0,0.0,4,6,0.667,5,5,10,3,4,4,0,1,7,0,14,-1,38.5,0,0,35.0,1,1997-98,4.3,91.7,86.8,86.8,84.9,83.8,83.8,6.8,3.1,3.1,0.158,0.75,15.0,0.125,0.116,0.12,20.0,20.4,0.5,0.554,0.187,0.198,92.74,95.86,79.88,95.86,0.135,76,0.6,1.1
71,Pooh Richardson,Pooh,1610612746,LAC,32.0,69,14,55,0.203,1255.5966666666666,124,333,0.372,11,57,0.193,30,43,0.698,17,79,96,226,54,44,3,25,71,0,289,-292,830.2,0,0,716.0,1,1997-98,18.2,97.9,99.6,99.6,110.8,111.5,111.5,-12.8,-11.9,-11.9,0.28,4.19,35.6,0.013,0.063,0.038,8.5,8.5,0.389,0.411,0.143,0.144,95.21,94.14,78.45,94.14,0.073,2463,1.8,4.8
461,Popeye Jones,Popeye,1610612761,TOR,28.0,14,1,13,0.071,355.39166666666665,52,127,0.409,2,3,0.667,14,19,0.737,50,52,102,18,16,10,3,6,39,0,120,-4,292.4,2,0,268.0,1,1997-98,25.4,98.4,98.8,98.8,99.7,99.7,99.7,-1.3,-0.9,-0.9,0.082,1.13,10.7,0.131,0.16,0.145,9.5,9.4,0.417,0.443,0.18,0.184,93.93,93.73,78.11,93.73,0.086,695,3.7,9.1
968,Priest Lauderdale,Priest,1610612743,DEN,24.0,39,3,36,0.077,346.8666666666667,53,127,0.417,0,0,0.0,38,69,0.551,27,73,100,21,46,7,17,10,63,1,144,-41,321.5,0,0,313.0,1,1997-98,8.9,96.7,94.6,94.6,102.4,99.4,99.4,-5.8,-4.8,-4.8,0.121,0.46,9.3,0.081,0.216,0.149,20.4,20.5,0.417,0.458,0.261,0.269,92.78,95.21,79.34,95.21,0.058,684,1.4,3.3
753,Randy Brown,Randy,1610612741,CHI,30.0,71,53,18,0.746,1147.638333333333,116,302,0.384,0,5,0.0,56,78,0.718,34,60,94,151,63,71,12,35,118,0,288,38,813.3,0,0,699.0,1,1997-98,16.2,98.1,97.8,97.8,95.1,95.2,95.2,3.0,2.6,2.6,0.207,2.4,27.4,0.029,0.052,0.04,11.4,11.4,0.384,0.428,0.154,0.157,91.9,91.97,76.64,91.97,0.065,2189,1.6,4.3
988,Randy Livingston,Randy,1610612737,ATL,23.0,12,10,2,0.833,83.035,3,12,0.25,0,0,0.0,4,5,0.8,1,5,6,5,6,7,2,3,6,0,10,-15,45.7,0,0,39.0,1,1997-98,6.9,97.6,94.2,94.2,102.5,100.0,100.0,-5.0,-5.8,-5.8,0.104,0.83,20.0,0.012,0.055,0.034,24.0,23.8,0.25,0.352,0.097,0.103,97.87,100.87,84.06,100.87,0.026,172,0.3,1.0
739,Rasheed Wallace,Rasheed,1610612757,POR,23.0,77,43,34,0.558,2893.565,466,875,0.533,8,39,0.205,184,278,0.662,132,346,478,195,167,75,88,31,268,1,1124,247,2312.1,8,0,2131.0,1,1997-98,37.6,102.5,103.8,103.8,98.0,98.5,98.5,4.6,5.3,5.3,0.114,1.17,14.3,0.049,0.118,0.085,12.2,12.3,0.537,0.564,0.183,0.184,92.5,91.72,76.43,91.72,0.103,5505,6.1,11.4
951,Ray Allen,Ray,1610612749,MIL,22.0,82,36,46,0.439,3289.8316666666665,563,1315,0.428,134,368,0.364,342,391,0.875,127,278,405,356,263,111,12,54,244,3,1602,-72,2728.0,8,0,2743.0,1,1997-98,40.1,101.9,102.2,102.2,102.8,103.3,103.3,-0.9,-1.1,-1.1,0.189,1.35,17.0,0.041,0.091,0.066,12.5,12.5,0.479,0.539,0.238,0.243,92.79,92.42,77.02,92.42,0.109,6332,6.9,16.0
1002,Reggie Geary,Reggie,1610612759,SAS,24.0,62,42,20,0.677,685.4266666666666,56,169,0.331,12,40,0.3,28,56,0.5,19,48,67,74,42,37,12,12,95,1,152,57,448.4,0,0,403.0,1,1997-98,11.1,100.7,99.1,99.1,93.1,93.0,93.0,7.5,6.1,6.1,0.175,1.76,23.9,0.03,0.067,0.05,13.5,13.6,0.367,0.392,0.16,0.164,89.5,90.27,75.22,90.27,0.027,1278,0.9,2.7
1682,Reggie Hanson,Reggie,1610612738,BOS,29.0,8,5,3,0.625,23.633333333333333,3,6,0.5,0,0,0.0,0,0,0.0,3,3,6,1,3,2,1,1,8,1,6,1,20.7,0,0,19.0,1,1997-98,3.0,96.1,88.9,88.9,88.8,83.9,83.9,7.3,5.0,5.0,0.056,0.33,10.0,0.136,0.0,0.0,30.0,30.0,0.5,0.5,0.148,0.161,104.48,111.71,93.09,111.71,0.0,54,0.4,0.8
674,Reggie Jordan,Reggie,1610612750,MIN,30.0,57,36,21,0.632,485.57,54,113,0.478,0,1,0.0,41,72,0.569,57,40,97,50,30,35,9,18,63,0,149,36,442.4,0,0,384.0,1,1997-98,8.5,108.3,105.6,105.6,101.5,99.4,99.4,6.7,6.2,6.2,0.147,1.67,22.1,0.115,0.083,0.099,13.3,13.4,0.478,0.515,0.151,0.156,97.22,99.45,82.87,99.45,0.08,993,0.9,2.0
397,Reggie Miller,Reggie,1610612754,IND,32.0,81,58,23,0.716,2795.63,516,1081,0.477,164,382,0.429,382,440,0.868,46,186,232,171,128,78,11,38,148,1,1578,526,2251.9,0,0,2323.0,1,1997-98,34.5,109.4,109.6,109.6,98.8,99.3,99.3,10.6,10.3,10.3,0.106,1.34,10.9,0.018,0.065,0.044,8.1,8.1,0.553,0.619,0.233,0.237,91.32,91.02,75.85,91.02,0.128,5293,6.4,13.3
1073,Reggie Slater,Reggie,1610612761,TOR,27.0,78,15,63,0.192,1661.2916666666667,211,459,0.46,0,0,0.0,203,322,0.63,134,171,305,74,102,45,30,76,201,1,625,-246,1225.0,2,0,1154.0,1,1997-98,21.3,100.1,99.0,99.0,107.4,106.2,106.2,-7.3,-7.2,-7.2,0.073,0.73,9.5,0.081,0.105,0.093,13.0,13.1,0.46,0.52,0.184,0.188,94.51,95.61,79.67,95.61,0.061,3305,2.7,5.9
364,Rex Chapman,Rex,1610612756,PHX,30.0,68,46,22,0.676,2261.766666666667,408,956,0.427,120,311,0.386,146,187,0.781,30,143,173,203,116,71,14,30,102,0,1082,158,1733.1,0,0,1748.0,1,1997-98,33.3,104.6,105.4,105.4,101.5,102.0,102.0,3.2,3.4,3.4,0.149,1.75,15.1,0.013,0.063,0.039,8.6,8.5,0.49,0.521,0.224,0.229,94.46,93.9,78.25,93.9,0.094,4429,6.0,14.1
777,Rex Walters,Rex,1610612748,MIA,28.0,38,22,16,0.579,236.93166666666667,24,53,0.453,6,22,0.273,26,28,0.929,5,19,24,35,27,8,1,1,28,0,80,-54,161.3,0,0,163.0,2,1997-98,6.2,95.0,90.2,90.2,105.1,102.0,102.0,-10.1,-11.8,-11.8,0.25,1.3,27.3,0.022,0.076,0.05,21.1,21.2,0.509,0.612,0.161,0.17,97.17,101.19,84.33,101.19,0.081,502,0.6,1.4
1594,Rick Brunson,Rick,1610612757,POR,26.0,38,21,17,0.553,620.12,49,141,0.348,22,61,0.361,42,62,0.677,14,42,56,100,52,25,3,13,55,1,162,-22,411.2,1,0,396.0,1,1997-98,16.3,101.5,101.3,101.3,102.8,103.1,103.1,-1.3,-1.8,-1.8,0.253,1.92,31.2,0.024,0.066,0.046,16.2,16.2,0.426,0.481,0.158,0.161,94.12,94.05,78.37,94.05,0.064,1215,1.3,3.7
296,Rick Fox,Rick,1610612747,LAL,28.0,82,61,21,0.744,2708.9333333333334,363,771,0.471,86,265,0.325,171,230,0.743,78,280,358,276,201,100,48,55,309,3,983,382,2069.6,1,0,1999.0,1,1997-98,33.0,108.4,108.8,108.8,100.6,101.6,101.6,7.8,7.3,7.3,0.155,1.37,20.5,0.031,0.099,0.067,14.9,14.9,0.527,0.564,0.174,0.177,95.69,95.02,79.18,95.02,0.081,5359,4.4,9.4
328,Rick Mahorn,Rick,1610612765,DET,39.0,59,25,34,0.424,708.99,59,129,0.457,0,0,0.0,23,34,0.676,65,130,195,15,37,14,7,16,123,1,141,76,423.5,0,0,393.0,1,1997-98,12.0,103.5,102.1,102.1,98.0,96.5,96.5,5.6,5.7,5.7,0.034,0.41,7.6,0.096,0.18,0.139,18.8,18.9,0.457,0.49,0.115,0.118,90.8,92.11,76.76,92.11,0.049,1360,1.0,2.2
894,Ricky Pierce,Ricky,1610612749,MIL,38.0,39,11,28,0.282,439.0533333333333,52,143,0.364,4,13,0.308,43,52,0.827,19,26,45,34,21,9,0,12,35,0,151,-106,262.0,0,0,252.0,1,1997-98,11.3,90.6,89.8,89.8,102.9,102.6,102.6,-12.4,-12.8,-12.8,0.155,1.62,15.3,0.042,0.068,0.054,9.5,9.5,0.378,0.455,0.191,0.195,91.76,92.27,76.89,92.27,0.064,845,1.3,3.7
22,Rik Smits,Rik,1610612754,IND,31.0,73,52,21,0.712,2079.543333333333,514,1038,0.495,0,3,0.0,188,240,0.783,127,378,505,101,134,40,88,47,243,5,1216,437,2223.5,16,0,2078.0,1,1997-98,28.5,107.9,108.5,108.5,97.1,96.9,96.9,10.7,11.6,11.6,0.091,0.75,7.3,0.069,0.18,0.128,9.7,9.7,0.495,0.532,0.289,0.292,90.8,90.63,75.53,90.63,0.136,3917,7.0,14.2
109,Robert Horry,Robert,1610612747,LAL,27.0,72,52,20,0.722,2198.8483333333334,200,420,0.476,19,93,0.204,117,169,0.692,186,356,542,163,99,112,94,35,238,0,536,507,1949.9,8,0,1672.0,1,1997-98,30.5,109.9,110.8,110.8,98.3,99.0,99.0,11.6,11.7,11.7,0.104,1.65,21.5,0.089,0.156,0.124,13.0,13.1,0.499,0.542,0.119,0.121,95.41,94.7,78.91,94.7,0.096,4337,2.8,5.8
123,Robert Pack,Robert,1610612742,DAL,29.0,12,0,12,0.0,292.53333333333336,33,98,0.337,3,6,0.5,25,36,0.694,8,26,34,42,38,20,1,14,17,0,94,-110,222.8,0,0,215.0,1,1997-98,24.4,90.1,89.9,89.9,109.9,108.9,108.9,-19.7,-19.0,-19.0,0.243,1.11,21.4,0.026,0.092,0.058,19.4,19.6,0.352,0.413,0.234,0.235,95.38,95.91,79.92,95.91,0.055,585,2.8,8.2
393,Rod Strickland,Rod,1610612764,WAS,31.0,76,38,38,0.5,3018.475,490,1130,0.434,12,48,0.25,357,492,0.726,112,293,405,801,266,126,25,70,182,3,1349,100,3223.5,42,3,2869.0,1,1997-98,39.7,103.2,104.8,104.8,101.9,103.0,103.0,1.3,1.8,1.8,0.417,3.01,33.1,0.036,0.101,0.067,11.0,11.0,0.439,0.501,0.235,0.236,94.31,93.04,77.54,93.04,0.147,5848,6.4,14.9
915,Rodney Rogers,Rodney,1610612746,LAC,27.0,76,17,59,0.224,2498.6016666666665,426,935,0.456,72,212,0.34,225,328,0.686,155,269,424,202,193,93,38,69,242,3,1149,-491,2160.8,8,0,2109.0,1,1997-98,32.9,102.2,103.3,103.3,112.2,112.8,112.8,-10.0,-9.6,-9.6,0.139,1.05,13.7,0.062,0.112,0.086,13.0,13.1,0.494,0.532,0.225,0.227,95.23,94.49,78.74,94.49,0.089,4909,5.6,12.3
1518,Rodrick Rhodes,Rodrick,1610612745,HOU,24.0,58,29,29,0.5,1072.4716666666666,112,305,0.367,2,8,0.25,111,180,0.617,28,42,70,110,97,62,10,38,125,0,337,-79,705.0,0,0,663.0,1,1997-98,18.5,98.3,98.7,98.7,102.4,102.2,102.2,-4.1,-3.5,-3.5,0.175,1.13,18.5,0.026,0.041,0.034,16.3,16.4,0.37,0.439,0.198,0.2,94.08,93.99,78.32,93.99,0.027,2097,1.9,5.3
166,Ron Harper,Ron,1610612741,CHI,34.0,82,62,20,0.756,2286.8033333333333,293,665,0.441,16,84,0.19,162,216,0.75,107,183,290,241,91,108,48,48,181,0,764,463,1850.5,0,0,1623.0,1,1997-98,27.9,106.3,107.2,107.2,95.8,96.5,96.5,10.5,10.7,10.7,0.157,2.65,22.1,0.048,0.081,0.065,8.3,8.3,0.453,0.503,0.165,0.167,91.46,90.7,75.58,90.7,0.094,4322,3.6,8.1
1500,Ron Mercer,Ron,1610612738,BOS,22.0,80,35,45,0.438,2659.99,515,1145,0.45,3,28,0.107,188,224,0.839,109,171,280,176,132,125,17,35,213,0,1221,-97,2115.0,0,0,1964.0,1,1997-98,33.2,99.9,100.5,100.5,102.6,102.2,102.2,-2.7,-1.8,-1.8,0.114,1.33,11.3,0.039,0.073,0.054,8.5,8.5,0.451,0.491,0.221,0.224,95.58,95.5,79.58,95.5,0.091,5290,6.4,14.3
938,Rony Seikaly,Rony,1610612751,NJN,33.0,56,25,31,0.446,1639.84,250,579,0.432,0,2,0.0,246,332,0.741,146,247,393,77,146,28,43,53,164,1,746,-186,1400.1,15,0,1358.0,2,1997-98,29.3,95.7,96.9,96.9,103.3,103.1,103.1,-7.5,-6.2,-6.2,0.089,0.53,8.1,0.089,0.157,0.122,15.3,15.4,0.432,0.514,0.241,0.243,90.34,89.83,74.86,89.83,0.1,3071,4.5,10.3
964,Roy Rogers,Roy,1610612761,TOR,24.0,15,4,11,0.267,106.21666666666668,9,25,0.36,0,0,0.0,2,6,0.333,8,9,17,2,5,3,8,4,18,0,20,-48,71.4,0,0,61.0,2,1997-98,7.1,95.7,93.7,93.7,117.5,114.3,114.3,-21.7,-20.6,-20.6,0.032,0.4,5.7,0.072,0.081,0.077,14.3,14.4,0.36,0.362,0.13,0.133,98.33,100.78,83.98,100.78,-0.003,222,0.6,1.7
1601,Rusty LaRue,Rusty,1610612741,CHI,24.0,14,10,4,0.714,138.66,20,49,0.408,4,16,0.25,5,8,0.625,1,7,8,5,6,3,1,1,12,0,49,33,72.1,0,0,74.0,1,1997-98,9.9,108.2,106.1,106.1,98.7,96.3,96.3,9.5,9.8,9.8,0.054,0.83,7.8,0.007,0.048,0.028,9.4,9.4,0.449,0.466,0.184,0.191,93.51,95.54,79.62,95.54,0.038,279,1.4,3.5
208,Sam Cassell,Sam,1610612751,NJN,28.0,75,38,37,0.507,2604.66,510,1156,0.441,15,80,0.188,436,507,0.86,73,155,228,603,269,121,20,73,262,7,1471,132,2803.1,20,0,2599.0,1,1997-98,34.7,106.5,106.8,106.8,104.3,104.8,104.8,2.2,2.0,2.0,0.388,2.24,26.8,0.027,0.065,0.044,12.0,11.9,0.448,0.533,0.266,0.272,95.17,94.83,79.03,94.83,0.137,5159,6.8,15.4
694,Sam Mack,Sam,1610612763,VAN,28.0,57,14,43,0.246,1415.35,222,559,0.397,110,269,0.409,62,77,0.805,30,103,133,101,69,41,11,40,117,1,616,-274,1014.1,0,0,1064.0,1,1997-98,24.8,100.0,100.6,100.6,110.5,110.6,110.6,-10.5,-10.0,-10.0,0.118,1.46,13.3,0.022,0.073,0.048,9.1,9.0,0.496,0.519,0.204,0.207,96.22,95.89,79.91,95.89,0.066,2831,3.9,9.8
417,Sam Mitchell,Sam,1610612750,MIN,34.0,81,44,37,0.543,2238.88,371,800,0.464,15,43,0.349,243,292,0.832,118,267,385,107,66,64,22,31,200,2,1000,40,1814.5,4,0,1679.0,1,1997-98,27.6,105.8,106.2,106.2,104.0,104.9,104.9,1.8,1.3,1.3,0.078,1.62,9.7,0.052,0.116,0.084,6.0,6.0,0.473,0.539,0.195,0.198,94.94,94.4,78.66,94.4,0.103,4394,4.6,9.9
64,Sam Perkins,Sam,1610612760,SEA,37.0,81,60,21,0.741,1679.8833333333334,196,471,0.416,87,222,0.392,101,128,0.789,53,202,255,113,62,62,29,22,158,1,580,322,1266.5,0,0,1217.0,1,1997-98,20.7,109.6,108.6,108.6,99.0,98.1,98.1,10.6,10.5,10.5,0.107,1.82,16.0,0.034,0.127,0.081,8.8,8.8,0.508,0.55,0.164,0.168,90.25,91.05,75.87,91.05,0.091,3180,2.4,5.8
955,Samaki Walker,Samaki,1610612742,DAL,22.0,41,8,33,0.195,1030.435,156,320,0.488,0,1,0.0,53,97,0.546,96,206,302,24,61,30,40,37,127,0,365,-214,912.4,8,0,831.0,1,1997-98,25.1,94.0,93.9,93.9,105.2,104.3,104.3,-11.2,-10.4,-10.4,0.043,0.39,5.4,0.089,0.203,0.144,13.6,13.6,0.488,0.503,0.187,0.191,90.67,91.05,75.87,91.05,0.099,1949,3.8,7.8
1513,Scot Pollard,Scot,1610612765,DET,23.0,33,16,17,0.485,316.36333333333334,35,70,0.5,0,0,0.0,19,23,0.826,34,40,74,9,12,8,10,10,48,0,89,-8,233.3,0,0,208.0,1,1997-98,9.6,103.1,99.7,99.7,102.2,101.0,101.0,0.9,-1.3,-1.3,0.05,0.75,8.9,0.116,0.13,0.124,11.9,11.9,0.5,0.555,0.129,0.136,90.44,92.55,77.13,92.55,0.078,610,1.1,2.1
418,Scott Brooks,Scott,1610612739,CLE,32.0,43,23,20,0.535,311.5416666666667,28,66,0.424,5,11,0.455,18,20,0.9,6,24,30,49,12,18,3,2,25,0,79,-27,239.5,0,0,205.0,1,1997-98,7.2,91.2,86.6,86.6,96.2,92.3,92.3,-5.0,-5.7,-5.7,0.275,4.08,36.0,0.019,0.081,0.049,8.8,8.8,0.462,0.528,0.119,0.128,92.18,96.6,80.5,96.6,0.108,632,0.7,1.5
197,Scott Burrell,Scott,1610612741,CHI,27.0,80,60,20,0.75,1095.14,159,375,0.424,51,144,0.354,47,64,0.734,80,118,198,65,50,64,37,11,131,0,416,142,1004.1,0,0,932.0,1,1997-98,13.7,102.1,102.2,102.2,95.0,95.4,95.4,7.1,6.8,6.8,0.102,1.3,12.5,0.069,0.107,0.087,9.7,9.6,0.492,0.516,0.179,0.183,93.03,92.83,77.36,92.83,0.099,2117,2.0,4.7
281,Scott Williams,Scott,1610612755,PHI,30.0,58,20,38,0.345,797.925,93,213,0.437,0,5,0.0,51,63,0.81,87,124,211,29,30,17,21,11,132,0,237,-75,617.7,0,0,553.0,1,1997-98,13.8,98.8,96.0,96.0,101.7,98.7,98.7,-2.9,-2.8,-2.8,0.061,0.97,9.7,0.108,0.166,0.136,10.0,10.0,0.437,0.492,0.148,0.154,92.15,94.87,79.06,94.87,0.071,1561,1.6,3.7
937,Scottie Pippen,Scottie,1610612741,CHI,32.0,44,36,8,0.818,1653.4383333333333,316,705,0.448,61,192,0.318,150,193,0.777,53,174,227,254,109,79,43,35,116,2,843,325,1753.4,4,0,1629.0,1,1997-98,37.6,108.7,110.3,110.3,99.8,100.2,100.2,8.9,10.1,10.1,0.244,2.33,22.0,0.033,0.109,0.071,9.5,9.5,0.491,0.534,0.24,0.243,92.68,91.84,76.53,91.84,0.132,3166,7.2,16.0
251,Sean Elliott,Sean,1610612759,SAS,30.0,36,24,12,0.667,1011.5966666666668,122,303,0.403,34,90,0.378,56,78,0.718,16,108,124,62,57,24,14,20,92,1,334,47,632.8,0,0,630.0,1,1997-98,28.1,99.7,99.7,99.7,96.2,96.4,96.4,3.4,3.3,3.3,0.1,1.09,13.5,0.018,0.098,0.062,12.4,12.5,0.459,0.495,0.181,0.183,92.22,92.15,76.79,92.15,0.064,1933,3.4,8.4
925,Sean Higgins,Sean,1610612757,POR,29.0,2,1,1,0.5,12.483333333333333,0,5,0.0,0,2,0.0,0,0,0.0,0,0,0,0,1,2,0,0,3,0,0,-14,5.0,0,0,4.0,1,1997-98,6.2,57.3,55.6,55.6,107.1,107.4,107.4,-49.8,-51.9,-51.9,0.0,0.0,0.0,0.0,0.0,0.0,16.7,16.7,0.0,0.0,0.176,0.181,102.43,103.82,86.52,103.82,-0.304,27,0.0,2.5
399,Sean Rooks,Sean,1610612747,LAL,28.0,41,33,8,0.805,425.01,46,101,0.455,0,0,0.0,47,79,0.595,46,72,118,24,19,2,23,11,68,1,139,-2,372.6,0,0,331.0,1,1997-98,10.4,103.7,100.8,100.8,102.1,101.1,101.1,1.6,-0.3,-0.3,0.085,1.26,13.3,0.104,0.151,0.128,10.6,10.6,0.455,0.512,0.15,0.155,98.92,100.8,84.0,100.8,0.075,893,1.1,2.5
1000,Shandon Anderson,Shandon,1610612762,UTA,24.0,82,62,20,0.756,1601.0516666666667,269,500,0.538,7,32,0.219,136,185,0.735,86,141,227,89,91,66,18,46,145,1,681,97,1247.9,0,0,1172.0,1,1997-98,19.5,105.7,106.5,106.5,102.1,102.8,102.8,3.7,3.6,3.6,0.099,0.98,11.7,0.065,0.094,0.08,12.0,12.0,0.545,0.586,0.195,0.198,89.99,89.36,74.46,89.36,0.112,2975,3.3,6.1
406,Shaquille O'Neal,Shaquille,1610612747,LAL,26.0,60,46,14,0.767,2172.333333333333,670,1147,0.584,0,0,0.0,359,681,0.527,208,473,681,142,175,39,144,49,193,1,1699,652,3103.2,39,0,2888.0,1,1997-98,36.2,113.9,114.9,114.9,98.2,99.3,99.3,15.6,15.5,15.5,0.125,0.81,8.1,0.103,0.207,0.158,10.0,9.9,0.584,0.587,0.327,0.331,95.5,94.55,78.79,94.55,0.185,4273,11.2,19.1
949,Shareef Abdur-Rahim,Shareef,1610612763,VAN,21.0,82,19,63,0.232,2947.7966666666666,653,1348,0.484,21,51,0.412,502,640,0.784,227,354,581,213,257,89,76,182,201,4,1829,-434,3083.7,13,0,2974.0,1,1997-98,35.9,102.5,103.2,103.2,110.9,110.8,110.8,-8.4,-7.6,-7.6,0.131,0.83,10.2,0.079,0.121,0.1,12.2,12.2,0.492,0.561,0.278,0.282,95.39,95.13,79.27,95.13,0.127,5846,8.0,16.4
412,Sharone Wright,Sharone,1610612761,TOR,25.0,7,2,5,0.286,45.0,7,14,0.5,0,0,0.0,2,4,0.5,1,8,9,4,2,0,0,3,7,0,16,-1,30.8,0,0,29.0,1,1997-98,6.4,109.1,109.1,109.1,109.7,109.0,109.0,-0.6,0.1,0.1,0.148,2.0,18.2,0.024,0.148,0.094,9.1,9.2,0.5,0.508,0.186,0.185,94.1,94.4,78.67,94.4,0.063,88,1.0,2.0
762,Shawn Bradley,Shawn,1610612742,DAL,26.0,64,17,47,0.266,1825.3333333333333,300,711,0.422,1,3,0.333,130,180,0.722,164,354,518,60,96,51,214,34,214,4,731,-131,2141.6,19,1,1840.0,1,1997-98,28.5,97.6,97.7,97.7,100.4,101.1,101.1,-2.8,-3.3,-3.3,0.058,0.63,6.4,0.089,0.185,0.138,10.2,10.1,0.423,0.463,0.217,0.222,92.54,92.2,76.83,92.2,0.109,3499,4.7,11.1
431,Shawn Kemp,Shawn,1610612739,CLE,28.0,80,47,33,0.588,2768.063333333333,518,1164,0.445,2,8,0.25,404,556,0.727,219,526,745,197,271,108,90,131,310,2,1442,251,2954.5,41,0,2782.0,1,1997-98,34.6,100.8,101.1,101.1,95.5,96.4,96.4,5.3,4.7,4.7,0.132,0.73,10.4,0.086,0.201,0.145,14.3,14.4,0.446,0.512,0.275,0.278,93.3,92.68,77.23,92.68,0.127,5345,6.5,14.6
704,Shawn Respert,Shawn,1610612742,DAL,26.0,57,9,48,0.158,906.6333333333332,130,293,0.444,31,93,0.333,48,61,0.787,37,63,100,61,48,34,1,8,75,0,339,-205,607.5,0,0,601.0,2,1997-98,15.9,99.6,99.0,99.0,111.3,109.5,109.5,-11.7,-10.5,-10.5,0.109,1.27,14.2,0.039,0.074,0.056,11.2,11.2,0.497,0.53,0.175,0.179,95.6,96.73,80.61,96.73,0.072,1821,2.3,5.1
1035,Shawnelle Scott,Shawnelle,1610612739,CLE,26.0,41,22,19,0.537,187.14166666666668,16,36,0.444,0,0,0.0,12,18,0.667,20,39,59,8,10,6,8,8,45,0,44,8,158.8,0,0,139.0,1,1997-98,4.6,101.8,96.8,96.8,96.0,94.0,94.0,5.8,2.9,2.9,0.071,0.8,12.9,0.117,0.205,0.163,16.1,16.1,0.444,0.501,0.125,0.133,94.17,97.59,81.33,97.59,0.061,379,0.4,0.9
1578,Shea Seals,Shea,1610612747,LAL,22.0,4,3,1,0.75,8.1,1,8,0.125,0,3,0.0,2,4,0.5,3,1,4,0,0,1,0,2,1,0,4,-4,11.8,0,0,10.0,1,1997-98,2.0,83.0,77.3,77.3,96.2,95.5,95.5,-13.1,-18.2,-18.2,0.0,0.0,0.0,0.0,0.0,0.0,0.0,0.0,0.125,0.205,0.333,0.355,125.39,130.37,108.64,130.37,-0.125,22,0.3,2.0
428,Sherman Douglas,Sherman,1610612751,NJN,31.0,80,43,37,0.538,1698.8233333333333,255,515,0.495,14,46,0.304,115,172,0.669,52,83,135,319,110,55,7,31,156,0,639,62,1355.5,6,0,1231.0,1,1997-98,21.2,103.0,101.7,101.7,101.5,100.1,100.1,1.5,1.6,1.6,0.327,2.9,31.3,0.03,0.053,0.041,10.8,10.8,0.509,0.541,0.177,0.184,91.91,93.16,77.63,93.16,0.118,3301,3.2,6.4
892,Spud Webb,Spud,1610612753,ORL,34.0,4,2,2,0.5,34.21,5,12,0.417,0,1,0.0,2,2,1.0,2,1,3,5,7,1,0,0,6,0,12,-13,19.1,0,0,22.0,1,1997-98,8.6,86.3,82.6,82.6,110.9,101.4,101.4,-24.6,-18.8,-18.8,0.294,0.71,20.0,0.0,0.0,0.0,28.0,28.1,0.417,0.466,0.238,0.252,90.61,96.81,80.68,96.81,0.0,69,1.3,3.0
278,Stacey Augmon,Stacey,1610612757,POR,29.0,71,39,32,0.549,1446.0166666666669,154,372,0.414,1,7,0.143,94,156,0.603,104,131,235,88,81,57,32,34,144,0,403,-43,1003.0,1,0,905.0,1,1997-98,20.4,99.6,99.4,99.4,99.4,99.5,99.5,0.2,-0.2,-0.2,0.099,1.09,14.3,0.074,0.087,0.081,13.2,13.3,0.415,0.457,0.161,0.164,92.92,92.96,77.47,92.96,0.058,2781,2.2,5.2
914,Stanley Roberts,Stanley,1610612750,MIN,28.0,74,37,37,0.5,1331.485,191,386,0.495,0,0,0.0,75,156,0.481,109,254,363,27,70,24,72,44,226,1,457,-33,1151.1,1,0,1039.0,1,1997-98,18.0,99.0,99.3,99.3,99.4,99.9,99.9,-0.5,-0.6,-0.6,0.032,0.39,4.9,0.079,0.187,0.133,12.7,12.7,0.495,0.503,0.173,0.177,94.8,94.38,78.65,94.38,0.066,2609,2.6,5.2
1128,Stephen Howard,Stephen,1610612760,SEA,27.0,13,9,4,0.692,52.5,8,21,0.381,0,0,0.0,9,18,0.5,6,6,12,3,6,3,1,3,13,0,25,-13,49.9,0,0,48.0,1,1997-98,4.0,85.8,85.8,85.8,102.0,94.6,94.6,-16.2,-8.7,-8.7,0.094,0.5,7.7,0.1,0.098,0.099,15.4,15.8,0.381,0.432,0.245,0.248,112.77,117.03,97.52,117.03,-0.003,127,0.6,1.6
950,Stephon Marbury,Stephon,1610612750,MIN,21.0,82,45,37,0.549,3112.843333333333,513,1237,0.415,95,304,0.313,329,450,0.731,58,172,230,704,256,104,7,101,222,2,1450,24,2859.0,27,0,2701.0,1,1997-98,38.0,105.1,106.4,106.4,104.2,105.5,105.5,0.9,0.9,0.9,0.359,2.75,29.4,0.019,0.054,0.036,10.7,10.7,0.453,0.505,0.239,0.241,95.42,94.21,78.51,94.21,0.108,6094,6.3,15.1
1667,Steve Henson,Steve,1610612765,DET,30.0,23,9,14,0.391,56.763333333333335,13,26,0.5,3,8,0.375,7,7,1.0,0,2,2,4,6,1,0,1,9,0,36,11,41.4,0,0,47.0,1,1997-98,2.5,111.1,103.8,103.8,101.7,94.1,94.1,9.4,9.7,9.7,0.105,0.67,10.3,0.0,0.031,0.017,15.4,15.4,0.558,0.619,0.23,0.249,105.28,113.31,94.43,113.31,0.074,133,0.6,1.1
70,Steve Kerr,Steve,1610612741,CHI,32.0,50,37,13,0.74,1117.4383333333333,137,302,0.454,57,130,0.438,45,49,0.918,14,63,77,96,27,26,5,10,71,0,376,123,678.4,0,0,668.0,1,1997-98,22.3,102.7,102.6,102.6,97.2,98.7,98.7,5.6,3.9,3.9,0.148,3.56,21.7,0.012,0.056,0.034,6.1,6.0,0.548,0.581,0.136,0.141,91.82,91.17,75.98,91.17,0.098,2143,2.7,6.0
959,Steve Nash,Steve,1610612756,PHX,24.0,76,51,25,0.671,1663.1733333333334,268,584,0.459,81,195,0.415,74,86,0.86,32,128,160,262,98,63,4,19,145,0,691,276,1379.0,1,0,1328.0,1,1997-98,21.9,104.4,105.0,105.0,96.4,95.9,95.9,8.0,9.0,9.0,0.249,2.67,26.9,0.02,0.077,0.049,10.1,10.0,0.528,0.556,0.189,0.195,94.1,94.09,78.4,94.09,0.115,3251,3.5,7.7
120,Steven Smith,Steven,1610612737,ATL,29.0,73,45,28,0.616,2854.905,489,1101,0.444,97,276,0.351,389,455,0.855,133,176,309,292,176,74,29,50,219,3,1464,203,2405.8,1,0,2368.0,1,1997-98,39.1,105.7,106.6,106.6,101.4,102.7,102.7,4.3,3.9,3.9,0.187,1.66,16.6,0.05,0.062,0.056,10.0,9.9,0.488,0.563,0.237,0.242,89.37,88.46,73.72,88.46,0.117,5260,6.7,15.1
1037,Stojko Vrankovic,Stojko,1610612746,LAC,34.0,65,13,52,0.2,995.2333333333332,79,186,0.425,0,0,0.0,37,65,0.569,71,192,263,36,46,11,66,11,130,2,195,-142,749.6,0,0,648.0,1,1997-98,15.3,100.8,101.7,101.7,107.8,108.4,108.4,-7.0,-6.6,-6.6,0.053,0.78,12.1,0.071,0.188,0.13,15.4,15.5,0.425,0.454,0.116,0.117,95.01,94.34,78.61,94.34,0.057,1950,1.2,2.9
1505,Tariq Abdul-Wahad,Tariq,1610612758,SAC,23.0,59,17,42,0.288,960.6183333333332,144,357,0.403,4,19,0.211,84,125,0.672,44,72,116,51,65,35,13,19,81,1,376,-130,670.7,0,0,643.0,1,1997-98,16.3,96.1,95.7,95.7,103.1,101.6,101.6,-7.0,-6.0,-6.0,0.087,0.78,9.6,0.043,0.075,0.059,12.3,12.3,0.409,0.456,0.214,0.217,95.81,96.71,80.59,96.71,0.053,1928,2.4,6.1
210,Terrell Brandon,Terrell,1610612749,MIL,28.0,50,27,23,0.54,1785.0233333333333,339,731,0.464,31,93,0.333,132,156,0.846,23,153,176,387,145,111,17,27,120,0,841,115,1871.7,13,0,1691.0,1,1997-98,35.7,104.4,105.4,105.4,102.0,102.6,102.6,2.5,2.8,2.8,0.363,2.67,29.1,0.014,0.091,0.053,10.9,10.9,0.485,0.526,0.234,0.237,94.54,93.79,78.16,93.79,0.145,3497,6.8,14.6
187,Terry Cummings,Terry,1610612752,NYK,37.0,74,27,47,0.365,1185.035,200,428,0.467,0,1,0.0,67,98,0.684,97,186,283,47,51,38,10,25,181,1,467,4,970.1,4,0,893.0,2,1997-98,16.0,102.1,100.1,100.1,100.9,99.6,99.6,1.3,0.5,0.5,0.07,0.92,8.3,0.089,0.168,0.129,9.0,9.0,0.467,0.496,0.202,0.209,89.76,91.24,76.03,91.24,0.085,2249,2.7,5.8
426,Terry Davis,Terry,1610612764,WAS,31.0,74,39,35,0.527,1708.6783333333333,127,256,0.496,0,1,0.0,69,119,0.58,209,271,480,30,56,41,24,37,193,3,323,-72,1083.0,5,0,963.0,1,1997-98,23.1,100.4,100.9,100.9,101.7,102.5,102.5,-1.2,-1.7,-1.7,0.025,0.54,7.6,0.117,0.169,0.142,14.2,14.2,0.496,0.524,0.094,0.095,92.95,92.35,76.96,92.35,0.066,3279,1.7,3.5
143,Terry Dehere,Terry,1610612758,SAC,26.0,77,26,51,0.338,1412.4066666666668,180,451,0.399,50,132,0.379,79,99,0.798,21,85,106,196,96,52,4,27,150,0,489,-216,982.2,0,0,953.0,1,1997-98,18.3,96.8,96.2,96.2,103.9,103.9,103.9,-7.2,-7.7,-7.7,0.233,2.04,24.9,0.015,0.061,0.038,12.2,12.2,0.455,0.494,0.184,0.189,93.83,94.1,78.42,94.1,0.069,2768,2.3,5.9
371,Terry Mills,Terry,1610612748,MIA,30.0,50,31,19,0.62,780.8666666666667,81,206,0.393,25,81,0.309,25,33,0.758,34,118,152,39,45,19,9,13,129,0,212,28,491.9,1,0,484.0,1,1997-98,15.6,102.3,101.1,101.1,100.0,99.7,99.7,2.3,1.4,1.4,0.082,0.87,12.8,0.045,0.151,0.099,14.8,14.8,0.454,0.481,0.154,0.159,91.36,92.05,76.71,92.05,0.048,1501,1.6,4.1
345,Terry Porter,Terry,1610612750,MIN,35.0,82,45,37,0.549,1788.4066666666668,259,577,0.449,92,233,0.395,167,195,0.856,37,131,168,271,104,63,16,24,103,1,777,119,1518.1,2,0,1466.0,1,1997-98,21.8,107.3,107.6,107.6,104.3,104.2,104.2,3.1,3.4,3.4,0.236,2.61,26.3,0.021,0.073,0.047,10.1,10.0,0.529,0.586,0.184,0.19,95.6,95.51,79.59,95.51,0.12,3558,3.2,7.0
689,Theo Ratliff,Theo,1610612755,PHI,25.0,82,35,47,0.427,2449.355,306,597,0.513,0,0,0.0,197,281,0.701,221,326,547,57,116,50,258,46,292,2,809,-14,2358.9,13,0,2029.0,2,1997-98,29.9,100.4,101.4,101.4,100.9,100.9,100.9,-0.5,0.5,0.5,0.039,0.49,6.4,0.093,0.136,0.114,13.0,13.0,0.513,0.561,0.154,0.156,90.99,90.54,75.45,90.54,0.096,4601,3.7,7.3
160,Tim Breaux,Tim,1610612749,MIL,27.0,6,4,2,0.667,28.805,4,11,0.364,1,3,0.333,1,2,0.5,0,2,2,2,1,2,1,0,1,0,10,0,23.4,0,0,21.0,1,1997-98,4.8,88.5,84.7,84.7,87.4,83.3,83.3,1.2,1.4,1.4,0.154,2.0,13.3,0.0,0.059,0.031,6.7,6.7,0.409,0.421,0.2,0.209,94.75,99.15,82.62,99.15,0.098,59,0.7,1.8
1495,Tim Duncan,Tim,1610612759,SAS,22.0,82,56,26,0.683,3205.391666666667,706,1287,0.549,0,10,0.0,319,482,0.662,274,703,977,224,279,55,206,95,254,0,1731,428,3743.4,57,0,3454.0,1,1997-98,39.1,104.0,104.9,104.9,96.0,97.3,97.3,8.0,7.6,7.6,0.131,0.8,11.2,0.096,0.21,0.157,13.9,13.9,0.549,0.577,0.259,0.262,90.38,89.41,74.51,89.41,0.175,5959,8.6,15.7
896,Tim Hardaway,Tim,1610612748,MIA,31.0,81,55,26,0.679,3030.588333333333,558,1296,0.431,155,442,0.351,257,329,0.781,48,251,299,672,224,136,16,45,200,0,1528,454,3126.8,35,0,2958.0,1,1997-98,37.4,106.8,107.6,107.6,98.7,99.7,99.7,8.1,7.9,7.9,0.401,3.0,28.8,0.017,0.083,0.05,9.6,9.6,0.49,0.53,0.25,0.254,91.15,90.35,75.29,90.35,0.152,5705,6.9,16.0
1118,Tim Kempton,Tim,1610612761,TOR,34.0,8,3,5,0.375,45.348333333333336,2,9,0.222,0,0,0.0,0,0,0.0,4,2,6,3,4,1,2,2,10,0,4,-15,20.7,0,0,19.0,2,1997-98,5.7,94.7,90.2,90.2,108.5,106.5,106.5,-13.8,-16.3,-16.3,0.094,0.75,18.8,0.095,0.037,0.063,25.0,25.0,0.222,0.222,0.119,0.127,94.16,97.38,81.15,97.38,-0.058,92,0.3,1.1
100,Tim Legler,Tim,1610612764,WAS,31.0,8,4,4,0.5,76.205,3,19,0.158,0,6,0.0,3,4,0.75,2,2,4,3,4,1,0,2,11,0,9,0,17.3,0,0,18.0,1,1997-98,9.5,98.8,101.4,101.4,104.4,102.8,102.8,-5.6,-1.4,-1.4,0.058,0.75,10.7,0.023,0.03,0.026,14.3,14.4,0.158,0.217,0.145,0.144,92.48,91.96,76.64,91.96,-0.077,147,0.4,2.4
1501,Tim Thomas,Tim,1610612755,PHI,21.0,77,27,50,0.351,1776.06,306,684,0.447,62,171,0.363,171,231,0.74,107,181,288,90,118,54,17,50,185,0,845,-103,1420.6,0,0,1427.0,1,1997-98,23.1,99.5,99.9,99.9,104.5,103.1,103.1,-5.0,-3.2,-3.2,0.092,0.76,9.1,0.061,0.105,0.083,11.9,11.9,0.493,0.538,0.223,0.227,92.82,93.24,77.7,93.24,0.09,3453,4.0,8.9
103,Todd Day,Todd,1610612748,MIA,28.0,5,3,2,0.6,69.98,11,31,0.355,2,12,0.167,6,9,0.667,4,2,6,7,3,7,0,0,10,0,30,15,65.7,0,0,59.0,1,1997-98,14.0,120.7,118.1,118.1,111.0,108.4,108.4,9.7,9.7,9.7,0.132,2.33,15.6,0.053,0.036,0.046,6.7,6.7,0.387,0.429,0.216,0.224,96.21,98.43,82.02,98.43,0.045,144,2.2,6.2
957,Todd Fuller,Todd,1610612744,GSW,23.0,57,12,45,0.211,613.1133333333333,86,205,0.42,0,4,0.0,55,80,0.688,61,135,196,10,37,6,16,16,89,1,227,-42,506.2,4,0,477.0,1,1997-98,10.8,93.8,92.3,92.3,98.3,95.5,95.5,-4.5,-3.2,-3.2,0.027,0.27,3.5,0.087,0.204,0.143,12.8,12.9,0.42,0.473,0.181,0.187,98.1,100.33,83.61,100.33,0.082,1281,1.5,3.6
1472,Tom Chambers,Tom,1610612755,PHI,39.0,1,0,1,0.0,9.738333333333332,2,2,1.0,0,0,0.0,2,2,1.0,0,2,2,0,1,2,0,0,2,0,6,-2,13.4,0,0,12.0,1,1997-98,9.7,80.9,80.0,80.0,98.7,91.7,91.7,-17.8,-11.7,-11.7,0.0,0.0,0.0,0.0,0.0,0.0,25.0,25.8,1.0,1.042,0.16,0.157,115.83,120.76,100.63,120.76,0.389,25,2.0,2.0
339,Tom Gugliotta,Tom,1610612750,MIN,28.0,41,24,17,0.585,1579.4716666666666,319,635,0.502,2,17,0.118,183,223,0.821,106,250,356,167,109,61,22,32,102,2,823,84,1640.7,17,0,1514.0,1,1997-98,38.5,105.8,106.6,106.6,102.5,103.6,103.6,3.2,3.1,3.1,0.177,1.53,16.6,0.069,0.155,0.113,10.8,10.8,0.504,0.561,0.233,0.236,96.18,95.3,79.42,95.3,0.15,3130,7.8,15.5
67,Tom Hammonds,Tom,1610612750,MIN,31.0,57,29,28,0.509,1141.7983333333334,127,246,0.516,0,1,0.0,92,132,0.697,100,171,271,36,48,15,17,27,127,3,346,-65,773.2,2,0,717.0,1,1997-98,20.0,103.4,104.2,104.2,105.7,106.5,106.5,-2.3,-2.3,-2.3,0.048,0.75,9.2,0.086,0.15,0.118,12.2,12.4,0.516,0.569,0.136,0.137,94.53,93.79,78.16,93.79,0.079,2225,2.2,4.3
389,Toni Kukoc,Toni,1610612741,CHI,29.0,74,57,17,0.77,2235.2716666666665,382,840,0.455,63,174,0.362,155,219,0.708,121,206,327,314,154,76,37,31,149,0,982,470,2030.4,5,0,1912.0,1,1997-98,30.2,104.6,105.7,105.7,94.4,94.8,94.8,10.2,10.9,10.9,0.231,2.04,22.4,0.054,0.091,0.073,11.0,11.0,0.492,0.524,0.215,0.218,91.84,91.18,75.98,91.18,0.126,4249,5.2,11.4
1499,Tony Battie,Tony,1610612743,DEN,22.0,65,8,57,0.123,1504.9166666666667,234,525,0.446,3,14,0.214,73,104,0.702,138,213,351,60,98,54,69,42,199,1,544,-476,1326.2,4,0,1204.0,1,1997-98,23.2,93.6,93.7,93.7,109.1,109.4,109.4,-15.5,-15.7,-15.7,0.075,0.61,8.3,0.09,0.148,0.118,13.5,13.4,0.449,0.477,0.198,0.202,92.1,91.92,76.6,91.92,0.077,2870,3.6,8.1
960,Tony Delk,Tony,1610612744,GSW,24.0,77,19,58,0.247,1677.9916666666666,314,798,0.393,42,157,0.268,111,151,0.735,38,134,172,172,109,73,12,22,96,0,781,-315,1391.4,2,0,1337.0,2,1997-98,21.8,92.6,91.7,91.7,102.0,101.1,101.1,-9.4,-9.4,-9.4,0.194,1.58,15.0,0.021,0.076,0.048,9.5,9.5,0.42,0.452,0.247,0.254,94.35,95.26,79.38,95.26,0.092,3329,4.1,10.4
434,Tony Dumas,Tony,1610612739,CLE,25.0,7,4,3,0.571,45.695,6,12,0.5,2,4,0.5,0,3,0.0,1,4,5,5,5,0,0,1,5,0,14,0,22.5,0,0,26.0,1,1997-98,6.5,109.9,98.9,98.9,99.0,100.0,100.0,11.0,-1.1,-1.1,0.179,1.0,21.7,0.028,0.085,0.06,21.7,21.4,0.583,0.526,0.178,0.202,92.78,97.17,80.97,97.17,0.031,93,0.9,1.7
1108,Tony Farmer,Tony,1610612766,CHH,28.0,27,16,11,0.593,168.63833333333332,17,53,0.321,2,9,0.222,31,39,0.795,16,16,32,5,9,10,4,9,23,1,67,-17,145.9,0,0,134.0,1,1997-98,6.2,102.0,98.0,98.0,108.2,103.1,103.1,-6.2,-5.0,-5.0,0.046,0.56,5.8,0.087,0.095,0.091,10.5,10.7,0.34,0.477,0.19,0.198,97.37,101.76,84.8,101.76,0.06,358,0.6,2.0
763,Tony Massenburg,Tony,1610612763,VAN,30.0,61,14,47,0.23,894.4033333333333,148,309,0.479,0,0,0.0,100,137,0.73,80,152,232,21,60,25,24,39,123,0,396,-213,792.9,4,0,747.0,1,1997-98,14.7,99.1,98.1,98.1,109.7,109.6,109.6,-10.6,-11.5,-11.5,0.04,0.35,4.6,0.093,0.176,0.135,13.2,13.3,0.479,0.536,0.211,0.214,94.58,95.07,79.23,95.07,0.086,1767,2.4,5.1
380,Tony Smith,Tony,1610612749,MIL,30.0,7,2,5,0.286,78.84833333333333,8,24,0.333,0,4,0.0,3,4,0.75,4,3,7,10,9,5,2,1,7,0,19,-19,54.4,0,0,50.0,1,1997-98,11.3,88.4,85.4,85.4,102.1,101.3,101.3,-13.7,-15.9,-15.9,0.238,1.11,22.2,0.045,0.049,0.047,20.0,20.1,0.333,0.369,0.186,0.195,92.37,94.36,78.63,94.36,0.034,158,1.1,3.4
1503,Tracy McGrady,Tracy,1610612761,TOR,19.0,64,13,51,0.203,1179.4083333333333,179,398,0.45,14,41,0.341,79,111,0.712,105,164,269,98,66,49,61,28,86,0,451,-232,1184.8,3,0,1052.0,1,1997-98,18.4,98.5,98.2,98.2,108.1,107.0,107.0,-9.7,-8.8,-8.8,0.136,1.48,16.0,0.083,0.137,0.11,10.8,10.8,0.467,0.505,0.183,0.187,96.91,97.59,81.33,97.59,0.111,2388,2.8,6.2
145,Tracy Murray,Tracy,1610612764,WAS,26.0,82,42,40,0.512,2230.15,449,1007,0.446,158,403,0.392,182,209,0.871,75,202,277,84,102,67,25,48,167,0,1238,138,1870.4,1,0,1941.0,1,1997-98,27.2,103.6,104.3,104.3,103.8,103.1,103.1,-0.2,1.2,1.2,0.065,0.82,6.6,0.032,0.093,0.062,8.0,7.9,0.524,0.563,0.229,0.235,95.39,95.41,79.51,95.41,0.11,4473,5.5,12.3
696,Travis Best,Travis,1610612754,IND,25.0,82,58,24,0.707,1545.12,201,480,0.419,21,70,0.3,112,131,0.855,28,94,122,281,111,85,5,20,193,0,535,41,1261.9,0,0,1139.0,1,1997-98,18.8,100.0,98.9,98.9,97.7,97.0,97.0,2.3,1.9,1.9,0.331,2.53,30.2,0.021,0.065,0.043,11.9,11.9,0.441,0.498,0.199,0.204,89.05,89.81,74.84,89.81,0.105,2884,2.5,5.9
969,Travis Knight,Travis,1610612738,BOS,23.0,74,31,43,0.419,1501.4466666666667,193,438,0.441,15,55,0.273,81,103,0.786,146,219,365,104,87,54,82,17,253,1,482,-138,1397.0,4,0,1238.0,1,1997-98,20.3,98.4,98.6,98.6,103.3,101.5,101.5,-4.9,-3.0,-3.0,0.108,1.2,15.3,0.09,0.166,0.124,12.8,12.9,0.458,0.499,0.16,0.162,97.46,98.23,81.85,98.23,0.079,3049,2.6,5.9
1576,Travis Williams,Travis,1610612766,CHH,29.0,39,23,16,0.59,366.5683333333333,56,119,0.471,0,1,0.0,24,46,0.522,53,39,92,20,30,18,5,19,55,0,136,-37,315.4,0,0,294.0,1,1997-98,9.4,104.7,103.0,103.0,110.0,107.7,107.7,-5.3,-4.8,-4.8,0.094,0.67,10.5,0.14,0.119,0.13,15.8,15.9,0.471,0.488,0.197,0.205,91.04,92.77,77.31,92.77,0.064,707,1.4,3.1
1607,Troy Hudson,Troy,1610612762,UTA,22.0,8,4,4,0.5,23.64333333333333,6,14,0.429,0,3,0.0,0,0,0.0,1,1,2,4,1,2,0,2,1,0,12,-4,25.4,0,0,22.0,1,1997-98,3.0,94.0,80.4,80.4,100.4,91.8,91.8,-6.4,-11.4,-11.4,0.444,4.0,21.1,0.0,0.0,0.0,5.3,5.3,0.429,0.429,0.263,0.302,89.73,101.51,84.59,101.51,0.164,51,0.8,1.8
895,Tyrone Corbin,Tyrone,1610612737,ATL,35.0,79,49,30,0.62,2692.96,328,747,0.439,49,141,0.348,101,128,0.789,78,284,362,173,86,105,7,28,197,0,806,342,1749.9,1,0,1614.0,1,1997-98,34.1,105.5,106.3,106.3,98.5,99.4,99.4,7.0,6.9,6.9,0.105,2.01,16.3,0.032,0.105,0.07,8.1,8.1,0.472,0.502,0.152,0.155,89.71,89.01,74.18,89.01,0.084,4993,4.2,9.5
238,Tyrone Hill,Tyrone,1610612749,MIL,30.0,57,26,31,0.456,2063.175,208,418,0.498,0,1,0.0,155,255,0.608,212,396,608,88,106,67,30,61,230,0,571,60,1617.6,24,0,1461.0,1,1997-98,36.2,101.1,101.7,101.7,100.1,100.2,100.2,1.1,1.6,1.6,0.067,0.83,12.1,0.111,0.211,0.161,14.6,14.6,0.498,0.538,0.14,0.142,91.09,90.79,75.66,90.79,0.101,3902,3.6,7.3
721,Tyus Edney,Tyus,1610612738,BOS,25.0,52,25,27,0.481,623.185,93,216,0.431,3,10,0.3,88,111,0.793,20,35,55,139,66,51,1,22,69,0,277,39,641.5,1,0,578.0,1,1997-98,12.0,99.5,98.4,98.4,99.4,95.8,95.8,0.2,2.5,2.5,0.334,2.11,29.5,0.03,0.06,0.044,14.0,14.0,0.438,0.523,0.212,0.217,100.95,103.4,86.17,103.4,0.119,1345,1.8,4.2
137,Vernon Maxwell,Vernon,1610612766,CHH,32.0,42,22,20,0.524,634.7566666666667,103,258,0.399,37,112,0.33,48,60,0.8,14,43,57,52,40,16,4,6,71,2,291,46,457.4,0,0,477.0,2,1997-98,15.1,101.8,100.9,100.9,98.8,97.0,97.0,2.9,3.9,3.9,0.154,1.3,13.8,0.022,0.071,0.045,10.6,10.6,0.471,0.512,0.223,0.229,92.36,93.62,78.01,93.62,0.076,1237,2.5,6.1
452,Vin Baker,Vin,1610612760,SEA,26.0,82,61,21,0.744,2946.1916666666666,631,1164,0.542,1,7,0.143,311,526,0.591,285,370,655,152,174,91,86,111,278,7,1574,413,2945.0,27,0,2736.0,1,1997-98,35.9,109.2,110.8,110.8,101.5,103.0,103.0,7.7,7.8,7.8,0.092,0.87,8.8,0.103,0.129,0.116,10.1,10.1,0.543,0.564,0.244,0.247,91.96,90.59,75.49,90.59,0.122,5552,7.7,14.2
355,Vincent Askew,Vincent,1610612757,POR,32.0,30,16,14,0.533,445.99,19,54,0.352,0,2,0.0,28,39,0.718,21,47,68,38,35,19,5,5,39,0,66,-3,241.6,0,0,220.0,1,1997-98,14.9,96.6,95.6,95.6,96.8,95.8,95.8,-0.2,-0.1,-0.1,0.134,1.09,26.2,0.049,0.103,0.077,24.1,24.3,0.352,0.464,0.103,0.106,95.44,96.43,80.36,96.43,0.051,895,0.6,1.8
219,Vinny Del Negro,Vinny,1610612759,SAS,31.0,54,35,19,0.648,1719.7233333333334,211,479,0.441,17,39,0.436,74,93,0.796,13,139,152,183,53,39,6,10,113,1,513,113,1051.9,1,0,955.0,1,1997-98,31.8,102.0,102.5,102.5,98.2,99.5,99.5,3.8,3.0,3.0,0.172,3.45,24.6,0.008,0.078,0.046,7.1,7.0,0.458,0.493,0.152,0.158,90.01,89.21,74.34,89.21,0.085,3205,3.9,8.9
958,Vitaly Potapenko,Vitaly,1610612739,CLE,23.0,80,47,33,0.588,1409.138333333333,234,488,0.48,0,1,0.0,102,144,0.708,110,203,313,57,132,27,28,37,198,5,570,4,1064.1,2,0,1050.0,1,1997-98,17.6,93.5,92.6,92.6,93.3,91.8,91.8,0.1,0.8,0.8,0.083,0.43,7.7,0.084,0.15,0.118,17.8,17.8,0.48,0.517,0.222,0.229,90.61,91.8,76.5,91.8,0.085,2685,2.9,6.1
124,Vlade Divac,Vlade,1610612766,CHH,30.0,64,40,24,0.625,1801.986666666667,267,536,0.498,3,14,0.214,130,188,0.691,183,335,518,172,114,83,94,34,179,1,667,207,1963.6,17,0,1714.0,1,1997-98,28.2,104.6,105.2,105.2,99.1,99.0,99.0,5.5,6.2,6.2,0.154,1.51,19.0,0.111,0.198,0.155,12.6,12.6,0.501,0.539,0.185,0.188,91.91,91.74,76.45,91.74,0.136,3441,4.2,8.4
702,Voshon Lenard,Voshon,1610612748,MIA,25.0,81,54,27,0.667,2618.495,363,854,0.425,153,378,0.405,141,179,0.788,72,220,292,180,99,58,16,43,219,0,1020,376,1763.4,1,0,1793.0,1,1997-98,32.3,106.0,106.5,106.5,98.7,99.2,99.2,7.4,7.3,7.3,0.115,1.82,15.0,0.029,0.084,0.057,8.2,8.2,0.515,0.547,0.177,0.182,90.77,90.32,75.26,90.32,0.087,4935,4.5,10.5
1005,Walt Williams,Walt,1610612757,POR,28.0,59,22,37,0.373,1471.5883333333334,210,544,0.386,80,219,0.365,108,125,0.864,50,150,200,122,92,59,35,30,161,0,608,-214,1221.0,1,0,1198.0,2,1997-98,24.9,96.6,97.2,97.2,104.1,104.6,104.6,-7.4,-7.5,-7.5,0.149,1.33,15.0,0.033,0.108,0.069,11.3,11.3,0.46,0.508,0.205,0.209,94.65,94.14,78.45,94.14,0.082,2887,3.6,9.2
962,Walter McCarty,Walter,1610612738,BOS,24.0,82,36,46,0.439,2342.911666666667,295,730,0.404,54,175,0.309,144,194,0.742,141,223,364,177,141,110,44,30,274,2,788,-213,1811.3,1,0,1691.0,1,1997-98,28.6,99.2,99.5,99.5,103.8,102.8,102.8,-4.6,-3.3,-3.3,0.119,1.26,15.6,0.058,0.108,0.081,12.4,12.4,0.441,0.483,0.176,0.179,95.67,96.0,80.0,96.0,0.068,4656,3.6,8.9
445,Wesley Person,Wesley,1610612739,CLE,27.0,82,47,35,0.573,3199.545,440,957,0.46,192,447,0.43,132,170,0.776,65,298,363,188,110,129,49,40,108,0,1204,169,2345.6,0,0,2303.0,1,1997-98,39.0,100.2,100.3,100.3,96.7,97.6,97.6,3.5,2.7,2.7,0.102,1.71,14.2,0.022,0.097,0.06,8.3,8.3,0.56,0.583,0.159,0.164,93.06,92.58,77.15,92.58,0.117,6173,5.4,11.7
781,Will Perdue,Will,1610612759,SAS,32.0,79,53,26,0.671,1493.355,162,295,0.549,0,1,0.0,70,133,0.526,177,358,535,57,81,22,50,26,137,1,394,158,1256.5,9,0,1130.0,1,1997-98,18.9,102.6,101.3,101.3,95.6,95.2,95.2,7.0,6.1,6.1,0.059,0.7,11.6,0.128,0.232,0.182,16.4,16.5,0.549,0.557,0.133,0.136,90.56,91.36,76.14,91.36,0.121,2835,2.1,3.7
1061,William Cunningham,William,1610612755,PHI,24.0,7,6,1,0.857,39.138333333333335,4,9,0.444,0,0,0.0,0,0,0.0,4,6,10,1,0,2,0,1,10,0,8,15,27.5,0,0,23.0,2,1997-98,5.6,104.0,95.8,95.8,76.5,77.1,77.1,27.4,18.7,18.7,0.042,0.0,10.0,0.114,0.0,0.0,0.0,0.0,0.444,0.444,0.102,0.112,83.96,87.08,72.56,87.08,0.05,72,0.6,1.3
416,Willie Burton,Willie,1610612759,SAS,30.0,13,10,3,0.769,41.24166666666667,8,21,0.381,3,9,0.333,8,12,0.667,3,6,9,1,1,2,2,0,7,0,27,-4,50.3,0,0,48.0,1,1997-98,3.2,111.3,100.0,100.0,118.0,113.3,113.3,-6.8,-13.3,-13.3,0.043,1.0,3.4,0.064,0.143,0.101,3.4,3.5,0.452,0.514,0.257,0.276,93.41,100.67,83.9,100.67,0.091,90,0.6,1.6
1365,Xavier McDaniel,Xavier,1610612751,NJN,35.0,20,11,9,0.55,178.5,10,30,0.333,0,0,0.0,5,8,0.625,12,19,31,9,8,3,2,2,23,1,25,-12,82.7,0,0,75.0,1,1997-98,8.9,95.4,91.3,91.3,97.5,93.9,93.9,-2.1,-2.6,-2.6,0.083,1.13,17.6,0.059,0.115,0.084,15.7,15.8,0.333,0.373,0.096,0.102,92.86,96.67,80.56,96.67,0.022,358,0.5,1.5
212,Yinka Dare,Yinka,1610612751,NJN,25.0,10,6,4,0.6,59.251666666666665,4,18,0.222,0,0,0.0,4,8,0.5,10,7,17,1,2,0,2,5,9,0,12,-23,37.9,0,0,34.0,1,1997-98,5.9,93.7,83.3,83.3,109.6,105.6,105.6,-15.9,-22.2,-22.2,0.026,0.5,4.0,0.118,0.132,0.123,8.0,8.2,0.222,0.279,0.147,0.162,96.73,104.5,87.09,104.5,-0.017,132,0.4,1.8
440,Zan Tabak,Zan,1610612738,BOS,28.0,57,16,41,0.281,982.5016666666668,142,304,0.467,0,1,0.0,23,61,0.377,84,128,212,48,61,20,38,16,163,0,307,-217,746.4,0,0,683.0,2,1997-98,17.2,93.4,93.2,93.2,104.6,104.1,104.1,-11.3,-10.9,-10.9,0.083,0.79,10.9,0.082,0.149,0.113,13.9,13.9,0.467,0.464,0.176,0.18,92.78,93.14,77.62,93.14,0.045,1902,2.5,5.3
980,Zydrunas Ilgauskas,Zydrunas,1610612739,CLE,23.0,82,47,35,0.573,2376.2533333333336,454,876,0.518,1,4,0.25,230,302,0.762,279,444,723,71,147,52,135,56,288,2,1139,211,2527.1,35,0,2308.0,1,1997-98,29.0,100.6,101.3,101.3,96.3,96.6,96.6,4.4,4.8,4.8,0.054,0.48,5.8,0.129,0.196,0.163,11.9,12.0,0.519,0.564,0.219,0.223,92.37,91.89,76.57,91.89,0.138,4546,5.5,10.7
