PLAYER_ID,NICKNAME,TEAM_ID,TEAM_ABBREVIATION,AGE,GP,W,L,W_PCT,MIN_trad,FGM,FGA,FG_PCT,FG3M,FG3A,FG3_PCT,FTM,FTA,FT_PCT,OREB,DREB,REB,AST,TOV,STL,BLK,BLKA,PF,PFD,PTS,PLUS_MINUS,NBA_FANTASY_PTS,DD2,TD3,WNBA_FANTASY_PTS,TEAM_COUNT,SEASON,MIN_adv,E_OFF_RATING,OFF_RATING,sp_work_OFF_RATING,E_DEF_RATING,DEF_RATING,sp_work_DEF_RATING,E_NET_RATING,NET_RATING,sp_work_NET_RATING,AST_PCT,AST_TO,AST_RATIO,OREB_PCT,DREB_PCT,REB_PCT,TM_TOV_PCT,E_TOV_PCT,EFG_PCT,TS_PCT,USG_PCT,E_USG_PCT,E_PACE,PACE,PACE_PER40,sp_work_PACE,PIE,POSS,FGM_PG,FGA_PG,PLAYER_NAME
920,A.C.,1610612747,LAL,36.0,82,67,15,0.817,1930.2016666666664,173,387,0.447,1,4,0.25,66,95,0.695,160,326,486,80,53,53,18,25,127,18,413,328,1276.2,2,0,1122.0,1,1999-00,23.5,104.2,105.3,105.3,96.0,97.0,97.0,8.1,8.3,8.3,0.058,1.51,14.2,0.08,0.16,0.12,9.4,9.4,0.448,0.482,0.11,0.111,94.51,93.55,77.96,93.55,0.088,3769,2.1,4.7,A.C. Green
1920,A.J.,1610612739,CLE,23.0,8,3,5,0.375,60.75,4,21,0.19,0,0,0.0,0,0,0.0,12,10,22,0,3,1,0,2,13,2,8,-42,34.4,0,0,32.0,1,1999-00,7.6,85.5,82.5,82.5,118.1,113.1,113.1,-32.6,-30.7,-30.7,0.0,0.0,0.0,0.141,0.189,0.159,12.5,12.5,0.19,0.19,0.141,0.146,104.03,108.25,90.21,108.25,-0.047,137,0.5,2.6,A.J. Bramlett
243,Aaron,1610612755,PHI,27.0,82,49,33,0.598,1954.28,244,593,0.411,44,121,0.364,121,146,0.829,47,199,246,240,113,108,18,41,194,8,653,52,1573.2,0,0,1435.0,1,1999-00,23.8,97.8,97.5,97.5,97.6,95.9,95.9,0.2,1.5,1.5,0.202,2.12,23.8,0.023,0.101,0.061,11.2,11.2,0.449,0.497,0.168,0.172,95.42,96.44,80.37,96.44,0.099,3922,3.0,7.2,Aaron McKie
1425,Aaron,1610612764,WAS,28.0,81,29,52,0.358,1548.1866666666667,235,450,0.522,0,3,0.0,146,201,0.726,159,250,409,58,80,41,92,47,234,16,616,35,1512.8,5,0,1349.0,1,1999-00,19.1,104.6,103.9,103.9,102.5,102.3,102.3,2.1,1.7,1.7,0.062,0.73,8.6,0.106,0.162,0.135,11.8,11.8,0.522,0.572,0.175,0.179,94.38,94.79,79.0,94.79,0.11,3050,2.9,5.6,Aaron Williams
228,Adam,1610612762,UTA,30.0,62,41,21,0.661,608.38,53,130,0.408,0,1,0.0,29,36,0.806,45,91,136,34,46,17,13,18,90,5,135,-37,393.2,0,0,365.0,1,1999-00,9.8,98.7,97.3,97.3,102.0,100.7,100.7,-3.3,-3.4,-3.4,0.093,0.74,15.0,0.084,0.165,0.125,20.4,20.4,0.408,0.463,0.144,0.149,90.46,91.68,76.4,91.68,0.049,1163,0.9,2.1,Adam Keefe
1502,Adonal,1610612744,GSW,25.0,76,16,60,0.211,1652.9116666666666,193,380,0.508,0,0,0.0,34,90,0.378,174,250,424,42,71,26,136,28,218,18,420,-349,1406.8,4,0,1210.0,1,1999-00,21.7,93.7,93.8,93.8,103.5,103.1,103.1,-9.8,-9.4,-9.4,0.04,0.59,7.9,0.094,0.146,0.119,13.3,13.3,0.508,0.5,0.125,0.127,97.5,97.65,81.37,97.65,0.067,3345,2.5,5.0,Adonal Foyle
1559,Adrian,1610612738,BOS,25.0,72,29,43,0.403,1928.2033333333331,175,413,0.424,16,57,0.281,119,158,0.753,128,244,372,177,93,116,15,39,222,14,485,-31,1496.9,4,0,1312.0,1,1999-00,26.8,101.8,101.5,101.5,102.9,101.7,101.7,-1.1,-0.2,-0.2,0.135,1.9,23.4,0.063,0.14,0.099,12.3,12.4,0.443,0.503,0.127,0.129,96.82,97.5,81.25,97.5,0.082,3905,2.4,5.7,Adrian Griffin
1733,Al,1610612754,IND,20.0,50,34,16,0.68,853.755,121,264,0.458,8,34,0.235,78,111,0.703,47,112,159,38,65,25,9,24,130,16,328,87,612.8,0,0,601.0,1,1999-00,17.1,104.9,104.2,104.2,98.9,97.8,97.8,5.9,6.4,6.4,0.073,0.58,9.1,0.058,0.133,0.097,15.6,15.6,0.473,0.524,0.197,0.201,95.94,96.79,80.66,96.79,0.062,1710,2.4,5.3,Al Harrington
673,Alan,1610612737,ATL,27.0,82,28,54,0.341,2779.498333333333,429,930,0.461,1,10,0.1,224,334,0.671,265,306,571,77,139,81,54,90,233,15,1083,-381,2149.7,14,0,2002.0,1,1999-00,33.9,99.6,100.0,100.0,106.2,106.8,106.8,-6.6,-6.8,-6.8,0.045,0.55,5.9,0.094,0.109,0.101,10.7,10.8,0.462,0.503,0.192,0.194,94.4,93.95,78.29,93.95,0.079,5436,5.2,11.3,Alan Henderson
1893,Aleksandar,1610612761,TOR,23.0,3,0,3,0.0,24.225,2,7,0.286,0,0,0.0,3,6,0.5,2,6,8,1,5,2,1,1,5,1,7,-8,22.1,0,0,22.0,1,1999-00,8.1,68.1,68.4,68.4,90.2,85.5,85.5,-22.1,-17.0,-17.0,0.077,0.2,6.3,0.053,0.0,0.0,31.3,32.0,0.286,0.363,0.227,0.228,108.38,110.96,92.47,110.96,-0.01,57,0.7,2.3,Aleksandar Radojevic
275,Allan,1610612752,NYK,29.0,82,50,32,0.61,3169.0,614,1271,0.483,106,243,0.436,280,334,0.838,38,233,271,224,186,65,14,45,219,29,1614,154,2326.2,0,0,2373.0,1,1999-00,38.6,100.9,101.4,101.4,98.3,99.2,99.2,2.6,2.3,2.3,0.13,1.2,12.4,0.013,0.074,0.045,10.3,10.2,0.525,0.569,0.233,0.24,91.89,91.24,76.04,91.24,0.114,6032,7.5,15.5,Allan Houston
947,Allen,1610612755,PHI,25.0,70,42,28,0.6,2855.971666666667,729,1733,0.421,89,261,0.341,442,620,0.713,71,196,267,328,230,144,5,136,162,34,1989,129,3018.4,1,0,2971.0,1,1999-00,40.8,100.9,102.0,102.0,99.8,99.9,99.9,1.1,2.0,2.0,0.22,1.43,12.8,0.024,0.07,0.046,9.0,9.0,0.446,0.496,0.334,0.34,95.93,95.34,79.45,95.34,0.126,5679,10.4,24.8,Allen Iverson
297,Alonzo,1610612748,MIA,30.0,79,50,29,0.633,2744.8483333333334,652,1184,0.551,0,4,0.0,414,582,0.711,215,538,753,123,217,40,294,68,308,28,1718,270,3591.1,38,0,3262.0,1,1999-00,34.7,103.6,103.7,103.7,97.7,98.6,98.6,5.9,5.1,5.1,0.086,0.57,6.9,0.084,0.189,0.139,12.1,12.2,0.551,0.596,0.279,0.282,92.57,92.09,76.74,92.09,0.171,5268,8.3,15.0,Alonzo Mourning
1541,Alvin,1610612761,TOR,25.0,55,29,26,0.527,774.7816666666666,114,287,0.397,16,55,0.291,48,65,0.738,27,58,85,126,47,34,11,11,78,5,292,-87,671.0,0,0,609.0,1,1999-00,14.1,98.7,97.0,97.0,103.4,101.7,101.7,-4.8,-4.7,-4.7,0.258,2.68,25.7,0.031,0.073,0.051,9.6,9.6,0.425,0.463,0.193,0.199,98.85,100.52,83.77,100.52,0.084,1617,2.1,5.2,Alvin Williams
1754,Andrae,1610612750,MIN,24.0,5,4,1,0.8,19.1,3,4,0.75,0,0,0.0,0,0,0.0,1,1,2,1,1,1,0,0,4,1,6,-1,11.9,0,0,11.0,1,1999-00,3.8,100.8,97.8,97.8,110.6,97.9,97.9,-9.8,0.0,0.0,0.063,1.0,16.7,0.045,0.059,0.051,16.7,16.7,0.75,0.75,0.094,0.099,108.36,116.86,97.38,116.86,0.049,46,0.6,0.8,Andrae Patterson
1889,Andre,1610612739,CLE,24.0,82,32,50,0.39,2097.2116666666666,339,755,0.449,10,49,0.204,226,292,0.774,85,195,280,476,166,84,17,87,194,29,914,-109,2101.0,8,1,1882.0,1,1999-00,25.6,99.2,99.0,99.0,100.9,100.9,100.9,-1.7,-1.9,-1.9,0.386,2.87,31.1,0.041,0.092,0.067,10.8,10.9,0.456,0.517,0.218,0.222,96.56,96.67,80.55,96.67,0.136,4210,4.1,9.2,Andre Miller
692,Andrew,1610612739,CLE,27.0,82,32,50,0.39,1822.45,225,443,0.508,0,0,0.0,94,160,0.588,156,283,439,58,108,63,66,54,275,37,544,-164,1436.8,4,0,1299.0,1,1999-00,22.2,96.7,96.3,96.3,99.3,99.4,99.4,-2.6,-3.1,-3.1,0.05,0.54,8.5,0.085,0.152,0.119,15.9,15.9,0.508,0.53,0.146,0.149,98.66,98.77,82.31,98.77,0.07,3725,2.7,5.4,Andrew DeClercq
457,Andrew,1610612752,NYK,34.0,19,8,11,0.421,244.05166666666668,28,64,0.438,0,0,0.0,3,7,0.429,16,44,60,3,5,8,6,6,31,0,59,3,172.5,0,0,150.0,1,1999-00,12.8,95.0,94.5,94.5,94.5,93.8,93.8,0.6,0.6,0.6,0.021,0.6,4.0,0.069,0.176,0.125,6.7,6.7,0.438,0.44,0.136,0.14,92.08,92.64,77.2,92.64,0.072,471,1.5,3.4,Andrew Lang
358,Anfernee,1610612756,PHX,28.0,60,42,18,0.7,2252.7633333333333,378,798,0.474,33,102,0.324,226,286,0.79,91,256,347,315,153,94,38,50,163,18,1015,367,2146.9,8,1,1974.0,1,1999-00,37.5,102.7,103.3,103.3,93.9,94.8,94.8,8.8,8.5,8.5,0.23,2.06,22.6,0.042,0.107,0.076,11.0,11.0,0.494,0.549,0.209,0.212,96.18,95.42,79.52,95.42,0.134,4472,6.3,13.3,Anfernee Hardaway
1712,Antawn,1610612744,GSW,24.0,43,10,33,0.233,1559.621666666667,356,756,0.471,2,7,0.286,127,208,0.611,172,187,359,90,113,30,15,57,115,10,841,-248,1428.8,16,0,1382.0,1,1999-00,36.3,97.0,97.9,97.9,105.3,105.8,105.8,-8.3,-7.9,-7.9,0.102,0.8,8.6,0.096,0.118,0.106,10.8,10.8,0.472,0.496,0.252,0.257,98.35,97.65,81.38,97.65,0.103,3175,8.3,17.6,Antawn Jamison
138,Anthony,1610612746,LAC,30.0,49,11,38,0.224,377.4616666666666,29,96,0.302,0,0,0.0,23,32,0.719,23,51,74,11,24,16,15,10,62,1,81,-69,255.3,0,0,228.0,1,1999-00,7.7,95.9,95.9,95.9,108.0,104.5,104.5,-12.1,-8.6,-8.6,0.046,0.46,7.5,0.056,0.139,0.095,16.4,16.5,0.302,0.368,0.152,0.154,96.97,98.55,82.13,98.55,0.013,774,0.6,2.0,Anthony Avent
1853,Anthony,1610612748,MIA,25.0,79,50,29,0.633,1861.545,201,509,0.395,3,23,0.13,93,124,0.75,48,151,199,378,173,93,5,30,167,12,498,21,1424.8,2,0,1274.0,1,1999-00,23.6,99.4,98.4,98.4,97.5,97.9,97.9,1.8,0.4,0.4,0.321,2.18,34.0,0.028,0.08,0.055,15.6,15.5,0.398,0.442,0.18,0.185,92.29,92.58,77.15,92.58,0.086,3593,2.5,6.4,Anthony Carter
1533,Anthony,1610612753,ORL,25.0,56,24,32,0.429,638.9516666666667,62,164,0.378,2,11,0.182,28,39,0.718,21,30,51,72,32,33,4,8,58,7,154,-17,402.2,0,0,353.0,2,1999-00,11.4,100.5,100.5,100.5,103.9,101.9,101.9,-3.5,-1.4,-1.4,0.167,2.25,25.2,0.032,0.046,0.039,11.2,11.2,0.384,0.425,0.139,0.143,97.24,98.15,81.79,98.15,0.049,1307,1.1,2.9,Anthony Johnson
193,Anthony,1610612766,CHH,33.0,82,49,33,0.598,3136.1633333333334,317,661,0.48,0,1,0.0,314,421,0.746,145,554,699,367,160,74,29,70,220,26,948,175,2486.3,22,3,2220.0,1,1999-00,38.2,102.3,102.5,102.5,99.1,99.5,99.5,3.2,3.0,3.0,0.184,2.29,26.5,0.048,0.177,0.113,11.6,11.7,0.48,0.56,0.144,0.145,95.89,95.58,79.65,95.58,0.114,6240,3.9,8.1,Anthony Mason
292,Anthony,1610612745,HOU,28.0,35,19,16,0.543,477.7316666666667,52,97,0.536,0,0,0.0,26,51,0.51,49,115,164,16,19,11,10,10,68,3,130,70,394.8,1,0,352.0,1,1999-00,13.6,105.3,106.2,106.2,97.9,98.2,98.2,7.4,8.0,8.0,0.05,0.84,10.4,0.099,0.219,0.161,12.3,12.3,0.536,0.544,0.123,0.125,97.83,97.21,81.01,97.21,0.09,964,1.5,2.8,Anthony Miller
1515,Anthony,1610612753,ORL,25.0,16,6,10,0.375,185.06166666666667,24,57,0.421,1,14,0.071,8,11,0.727,5,22,27,10,11,8,4,1,13,5,57,-27,129.4,0,0,119.0,1,1999-00,11.6,98.4,99.5,99.5,105.9,105.0,105.0,-7.5,-5.5,-5.5,0.083,0.91,12.0,0.026,0.104,0.067,13.3,13.3,0.43,0.461,0.16,0.162,102.45,102.32,85.27,102.32,0.07,392,1.5,3.6,Anthony Parker
324,Anthony,1610612750,MIN,30.0,82,50,32,0.61,2071.9483333333333,316,725,0.436,85,255,0.333,87,109,0.798,58,174,232,195,85,62,10,33,171,10,804,-77,1505.9,0,0,1460.0,1,1999-00,25.3,101.1,100.7,100.7,102.5,102.6,102.6,-1.3,-1.9,-1.9,0.152,2.29,18.5,0.028,0.085,0.057,8.0,8.1,0.494,0.52,0.183,0.186,94.66,94.76,78.97,94.76,0.088,4091,3.9,8.8,Anthony Peeler
156,Antoine,1610612763,VAN,38.0,21,4,17,0.19,218.76166666666663,28,64,0.438,0,0,0.0,11,14,0.786,8,24,32,7,9,3,6,4,42,1,67,-86,133.9,0,0,124.0,1,1999-00,10.4,88.5,86.8,86.8,107.4,106.5,106.5,-18.8,-19.6,-19.6,0.063,0.78,8.0,0.042,0.115,0.08,10.3,10.4,0.438,0.477,0.164,0.168,93.78,95.12,79.26,95.12,0.029,433,1.3,3.0,Antoine Carr
952,Antoine,1610612738,BOS,23.0,82,35,47,0.427,3004.25,648,1506,0.43,73,285,0.256,311,445,0.699,199,453,652,305,259,117,32,141,263,9,1680,-5,3107.9,23,1,3008.0,1,1999-00,36.6,103.5,104.1,104.1,103.6,104.3,104.3,-0.2,-0.2,-0.2,0.178,1.18,13.4,0.064,0.163,0.11,11.4,11.4,0.455,0.494,0.28,0.283,97.03,96.44,80.37,96.44,0.118,6040,7.9,18.4,Antoine Walker
1498,Antonio,1610612759,SAS,25.0,68,45,23,0.662,1190.04,163,344,0.474,22,66,0.333,72,101,0.713,16,70,86,177,58,55,5,14,73,21,420,162,910.7,1,0,825.0,1,1999-00,17.5,106.6,105.1,105.1,98.0,98.0,98.0,8.6,7.1,7.1,0.247,3.05,28.5,0.015,0.058,0.037,9.3,9.3,0.506,0.541,0.168,0.174,92.73,93.46,77.88,93.46,0.106,2316,2.4,5.1,Antonio Daniels
213,Antonio,1610612761,TOR,31.0,79,43,36,0.544,2480.4216666666666,313,712,0.44,0,0,0.0,284,371,0.765,235,461,696,105,121,38,100,90,267,36,910,15,2195.7,23,0,1987.0,1,1999-00,31.4,103.0,103.5,103.5,102.4,102.5,102.5,0.6,1.0,1.0,0.066,0.87,9.5,0.094,0.19,0.141,10.9,11.0,0.44,0.52,0.178,0.18,94.89,94.59,78.83,94.59,0.098,4872,4.0,9.0,Antonio Davis
176,Antonio,1610612757,POR,29.0,19,14,5,0.737,135.73166666666663,17,30,0.567,0,0,0.0,7,12,0.583,8,25,33,5,12,1,6,4,20,2,41,24,97.1,0,0,93.0,1,1999-00,7.1,104.5,100.0,100.0,91.5,90.9,90.9,13.1,9.1,9.1,0.057,0.42,9.6,0.071,0.143,0.115,23.1,23.0,0.567,0.581,0.157,0.168,91.05,93.36,77.8,93.36,0.085,264,0.9,1.6,Antonio Harvey
226,Antonio,1610612755,PHI,28.0,10,6,4,0.6,37.736666666666665,1,6,0.167,0,0,0.0,4,5,0.8,0,5,5,2,2,4,1,1,8,0,6,-13,28.0,0,0,23.0,2,1999-00,3.8,91.8,88.1,88.1,105.2,101.2,101.2,-13.4,-13.1,-13.1,0.091,1.0,16.7,0.0,0.139,0.061,16.7,16.4,0.167,0.366,0.103,0.111,103.89,108.12,90.1,108.12,0.014,84,0.1,0.6,Antonio Lang
686,Antonio,1610612743,DEN,25.0,81,34,47,0.42,2699.345,614,1211,0.507,0,2,0.0,323,516,0.626,234,451,685,159,230,69,139,84,316,22,1551,-215,3005.5,31,0,2811.0,1,1999-00,33.3,100.2,101.4,101.4,103.8,105.0,105.0,-3.6,-3.6,-3.6,0.108,0.69,8.7,0.085,0.162,0.123,12.5,12.6,0.507,0.539,0.27,0.271,97.48,96.38,80.32,96.38,0.118,5410,7.6,15.0,Antonio McDyess
288,Armen,1610612762,UTA,36.0,50,33,17,0.66,783.1666666666666,133,305,0.436,0,1,0.0,67,86,0.779,72,137,209,42,55,12,16,28,83,2,333,-60,675.8,1,0,640.0,1,1999-00,15.7,94.3,93.7,93.7,99.0,97.8,97.8,-4.8,-4.1,-4.1,0.106,0.76,9.5,0.09,0.18,0.134,12.5,12.5,0.436,0.486,0.228,0.234,90.24,91.05,75.87,91.05,0.115,1486,2.7,6.1,Armen Gilliam
717,Arvydas,1610612757,POR,35.0,66,50,16,0.758,1683.305,302,598,0.505,7,19,0.368,167,198,0.843,97,416,513,118,97,43,78,24,184,13,778,295,1836.6,17,0,1658.0,1,1999-00,25.5,105.0,106.1,106.1,96.0,96.9,96.9,9.0,9.1,9.1,0.113,1.22,13.1,0.064,0.243,0.159,10.7,10.8,0.511,0.568,0.214,0.215,92.92,92.02,76.68,92.02,0.152,3227,4.6,9.1,Arvydas Sabonis
1506,Austin,1610612754,IND,25.0,81,55,26,0.679,1886.5516666666667,288,653,0.441,63,174,0.362,196,231,0.848,135,381,516,89,121,44,60,47,203,17,835,304,1778.7,11,0,1711.0,1,1999-00,23.3,107.5,107.6,107.6,99.3,98.5,98.5,8.2,9.1,9.1,0.078,0.74,9.2,0.077,0.199,0.141,12.5,12.5,0.489,0.553,0.209,0.212,94.87,95.22,79.35,95.22,0.119,3725,3.6,8.1,Austin Croshere
422,Avery,1610612759,SAS,35.0,82,53,29,0.646,2575.535,402,850,0.473,1,9,0.111,114,155,0.735,33,125,158,491,140,76,18,60,150,8,919,253,1987.1,5,0,1757.0,1,1999-00,31.4,102.5,102.8,102.8,96.3,97.6,97.6,6.2,5.2,5.2,0.319,3.51,31.7,0.014,0.047,0.032,9.0,9.0,0.474,0.5,0.189,0.192,92.92,92.2,76.83,92.2,0.105,4944,4.9,10.4,Avery Johnson
769,B.J.,1610612741,CHI,32.0,27,5,22,0.185,583.2216666666667,83,186,0.446,13,29,0.448,22,25,0.88,2,45,47,77,40,7,1,5,34,5,201,-148,356.9,0,0,354.0,1,1999-00,21.6,87.7,87.2,87.2,100.8,99.7,99.7,-13.1,-12.5,-12.5,0.26,1.93,24.5,0.004,0.081,0.042,12.7,12.7,0.481,0.51,0.185,0.19,91.57,92.34,76.95,92.34,0.095,1118,3.1,6.9,B.J. Armstrong
1884,Baron,1610612766,CHH,21.0,82,49,33,0.598,1523.4183333333333,182,433,0.42,25,111,0.225,97,153,0.634,48,117,165,309,140,97,19,24,201,7,486,54,1355.5,0,0,1217.0,1,1999-00,18.6,100.6,99.9,99.9,98.9,98.3,98.3,1.7,1.6,1.6,0.334,2.21,32.4,0.032,0.077,0.055,14.7,14.7,0.449,0.486,0.184,0.188,95.87,96.54,80.45,96.54,0.085,3066,2.2,5.3,Baron Davis
989,Ben,1610612756,PHX,27.0,5,2,3,0.4,20.575,2,6,0.333,0,0,0.0,0,0,0.0,3,6,9,2,3,1,1,2,2,0,4,-16,20.8,0,0,19.0,1,1999-00,4.1,92.6,86.0,86.0,123.5,117.8,117.8,-30.9,-31.7,-31.7,0.167,0.67,18.2,0.0,0.316,0.0,27.3,27.3,0.333,0.333,0.176,0.188,96.68,102.65,85.54,102.65,0.075,43,0.4,1.2,Ben Davis
1112,Ben,1610612753,ORL,25.0,81,40,41,0.494,1959.4633333333331,168,334,0.503,0,0,0.0,54,114,0.474,211,454,665,67,67,72,130,29,162,19,390,28,1827.5,6,0,1526.0,1,1999-00,24.2,98.3,98.8,98.8,96.4,97.5,97.5,1.9,1.3,1.3,0.047,1.0,12.9,0.102,0.221,0.161,12.9,12.9,0.503,0.508,0.095,0.097,100.19,99.32,82.77,99.32,0.11,4042,2.1,4.1,Ben Wallace
104,Benoit,1610612739,CLE,35.0,3,2,1,0.667,8.195,1,3,0.333,0,0,0.0,0,0,0.0,0,1,1,0,0,0,1,0,1,1,2,6,6.2,0,0,5.0,1,1999-00,2.7,119.6,105.6,105.6,73.2,65.0,65.0,46.4,40.6,40.6,0.0,0.0,0.0,0.0,0.077,0.0,0.0,0.0,0.333,0.333,0.167,0.189,98.52,111.29,92.74,111.29,0.022,18,0.3,1.0,Benoit Benjamin
223,Bill,1610612744,GSW,28.0,28,7,21,0.25,308.3516666666667,29,68,0.426,0,1,0.0,18,25,0.72,18,32,50,14,21,13,4,7,61,6,76,-93,187.0,0,0,174.0,2,1999-00,11.0,94.0,92.1,92.1,108.1,107.0,107.0,-14.1,-14.8,-14.8,0.073,0.67,12.2,0.053,0.116,0.082,18.3,18.4,0.426,0.481,0.136,0.141,97.14,98.61,82.18,98.61,0.019,634,1.0,2.4,Bill Curley
82,Bill,1610612758,SAC,37.0,7,4,3,0.571,57.09666666666666,6,20,0.3,0,0,0.0,2,2,1.0,5,14,19,1,1,2,2,3,13,3,14,-6,49.3,0,0,42.0,1,1999-00,8.2,96.3,97.3,97.3,104.1,99.1,99.1,-7.8,-1.8,-1.8,0.029,1.0,4.3,0.082,0.246,0.161,4.3,4.4,0.3,0.335,0.167,0.169,94.85,96.68,80.57,96.68,0.04,113,0.9,2.9,Bill Wennington
182,Billy,1610612744,GSW,31.0,62,30,32,0.484,1304.6516666666666,150,358,0.419,11,34,0.324,63,106,0.594,99,202,301,97,85,33,21,23,166,4,374,-63,957.7,2,0,891.0,2,1999-00,21.0,96.2,95.4,95.4,98.9,98.0,98.0,-2.8,-2.6,-2.6,0.122,1.14,16.4,0.07,0.151,0.109,14.4,14.5,0.434,0.462,0.16,0.162,95.91,96.72,80.6,96.72,0.072,2632,2.4,5.8,Billy Owens
902,Bimbo,1610612737,ATL,32.0,80,28,52,0.35,1926.9433333333332,276,607,0.455,8,39,0.205,85,104,0.817,30,142,172,290,103,58,11,31,178,21,645,-210,1390.4,1,0,1253.0,1,1999-00,24.1,99.2,99.3,99.3,104.7,105.0,105.0,-5.5,-5.8,-5.8,0.239,2.82,27.7,0.015,0.072,0.044,9.8,9.8,0.461,0.494,0.172,0.175,94.26,94.06,78.38,94.06,0.084,3780,3.5,7.6,Bimbo Coles
448,Bo,1610612753,ORL,29.0,82,41,41,0.5,2326.153333333333,204,339,0.602,0,3,0.0,82,162,0.506,202,323,525,245,133,113,148,21,203,35,490,258,2137.5,6,1,1782.0,1,1999-00,28.4,100.8,101.7,101.7,94.8,95.6,95.6,6.0,6.2,6.2,0.148,1.84,31.1,0.085,0.131,0.109,16.9,16.9,0.602,0.597,0.098,0.1,98.59,97.72,81.43,97.72,0.111,4718,2.5,4.1,Bo Outlaw
682,Bob,1610612739,CLE,27.0,73,30,43,0.411,2218.065,356,815,0.437,122,332,0.367,175,251,0.697,50,238,288,284,148,91,19,49,201,35,1009,-193,1962.6,4,0,1923.0,1,1999-00,30.4,97.9,98.3,98.3,101.6,102.1,102.1,-3.7,-3.8,-3.8,0.215,1.92,20.9,0.022,0.105,0.064,10.9,10.9,0.512,0.545,0.205,0.208,99.93,99.49,82.91,99.49,0.111,4589,4.9,11.2,Bob Sura
1517,Bobby,1610612750,MIN,27.0,73,43,30,0.589,1033.4716666666666,140,346,0.405,13,46,0.283,76,98,0.776,50,103,153,172,58,48,7,18,114,2,369,-99,917.6,1,1,817.0,1,1999-00,14.2,98.4,97.0,97.0,100.9,100.5,100.5,-2.4,-3.5,-3.5,0.262,2.97,27.7,0.048,0.098,0.073,9.3,9.4,0.423,0.474,0.189,0.195,95.41,96.26,80.22,96.26,0.098,2059,1.9,4.7,Bobby Jackson
184,Bobby,1610612766,CHH,30.0,28,13,15,0.464,823.8483333333334,152,335,0.454,30,91,0.33,47,65,0.723,17,54,71,79,48,41,8,15,72,12,381,16,683.7,0,0,659.0,1,1999-00,29.4,100.0,100.0,100.0,99.3,99.2,99.2,0.7,0.8,0.8,0.175,1.65,16.1,0.021,0.068,0.044,9.8,9.8,0.499,0.524,0.214,0.219,98.71,98.76,82.3,98.76,0.093,1696,5.4,12.0,Bobby Phills
1719,Bonzi,1610612757,POR,23.0,66,49,17,0.742,1163.3633333333332,236,480,0.492,20,53,0.377,88,129,0.682,78,104,182,97,97,69,12,35,153,7,580,101,1089.9,1,0,1041.0,1,1999-00,17.6,104.3,104.5,104.5,98.1,98.5,98.5,6.2,6.0,6.0,0.153,1.0,13.3,0.077,0.09,0.084,13.3,13.3,0.513,0.54,0.247,0.252,91.9,91.62,76.35,91.62,0.108,2205,3.6,7.3,Bonzi Wells
1802,Brad,1610612766,CHH,24.0,55,35,20,0.636,961.2883333333332,135,293,0.461,0,2,0.0,153,195,0.785,113,180,293,45,48,23,35,54,111,22,423,196,968.1,4,0,877.0,1,1999-00,17.5,104.4,103.8,103.8,94.7,93.5,93.5,9.8,10.3,10.3,0.076,0.94,9.6,0.117,0.176,0.147,10.3,10.2,0.461,0.558,0.183,0.19,98.45,99.39,82.83,99.39,0.128,1986,2.5,5.3,Brad Miller
699,Brent,1610612760,SEA,28.0,80,44,36,0.55,2732.306666666667,327,707,0.463,164,399,0.411,127,157,0.809,50,322,372,291,142,103,31,19,228,37,945,81,2087.9,1,0,2040.0,1,1999-00,34.2,103.4,103.9,103.9,102.7,102.8,102.8,0.7,1.2,1.2,0.157,2.05,24.3,0.018,0.118,0.067,11.9,11.7,0.579,0.609,0.145,0.15,95.73,95.47,79.56,95.47,0.1,5443,4.1,8.8,Brent Barry
85,Brent,1610612763,VAN,31.0,41,11,30,0.268,422.0316666666667,41,119,0.345,25,68,0.368,34,39,0.872,8,29,37,69,47,17,1,6,63,7,141,-26,295.9,0,0,308.0,1,1999-00,10.3,99.6,98.2,98.2,103.2,102.2,102.2,-3.6,-4.0,-4.0,0.271,1.47,27.5,0.019,0.074,0.046,18.7,18.6,0.45,0.518,0.187,0.194,93.64,94.8,79.0,94.8,0.059,837,1.0,2.9,Brent Price
1510,Brevin,1610612739,CLE,24.0,65,27,38,0.415,1762.4366666666667,230,558,0.412,2,10,0.2,140,184,0.761,38,155,193,458,157,107,21,26,185,30,602,-124,1747.6,12,0,1511.0,1,1999-00,27.1,97.3,97.4,97.4,99.9,100.6,100.6,-2.7,-3.1,-3.1,0.417,2.92,36.6,0.021,0.086,0.053,12.5,12.5,0.414,0.471,0.187,0.191,101.23,100.82,84.02,100.82,0.116,3698,3.5,8.6,Brevin Knight
258,Brian,1610612757,POR,28.0,63,46,17,0.73,1324.32,173,352,0.491,1,2,0.5,112,166,0.675,121,223,344,64,84,32,28,45,166,7,459,122,1063.8,2,0,988.0,1,1999-00,21.0,104.4,105.2,105.2,99.6,99.6,99.6,4.8,5.6,5.6,0.08,0.76,11.1,0.098,0.172,0.135,14.5,14.7,0.493,0.54,0.176,0.178,90.36,90.01,75.01,90.01,0.095,2475,2.7,5.6,Brian Grant
216,Brian,1610612747,LAL,34.0,74,62,12,0.838,1248.11,123,322,0.382,18,58,0.31,41,54,0.759,45,171,216,201,75,35,14,18,105,3,305,120,937.7,0,0,838.0,1,1999-00,16.9,104.4,102.8,102.8,98.8,98.2,98.2,5.6,4.6,4.6,0.239,2.68,32.3,0.035,0.127,0.082,12.0,12.1,0.41,0.441,0.143,0.147,96.68,97.7,81.42,97.7,0.092,2542,1.7,4.4,Brian Shaw
1730,Brian,1610612746,LAC,24.0,33,5,28,0.152,773.9316666666666,68,134,0.507,0,0,0.0,43,65,0.662,63,138,201,11,37,16,44,21,75,10,179,-112,579.7,4,0,511.0,1,1999-00,23.5,96.0,96.0,96.0,102.9,102.6,102.6,-6.9,-6.7,-6.7,0.024,0.3,5.2,0.08,0.172,0.127,17.4,17.6,0.507,0.55,0.114,0.115,95.74,95.85,79.88,95.85,0.089,1541,2.1,4.1,Brian Skinner
1477,Bruce,1610612748,MIA,29.0,69,37,32,0.536,871.0566666666666,72,194,0.371,27,58,0.466,25,43,0.581,27,69,96,34,19,23,15,9,118,13,196,9,457.2,0,0,429.0,2,1999-00,12.6,97.4,94.7,94.7,94.2,92.3,92.3,3.2,2.4,2.4,0.066,1.79,12.7,0.031,0.08,0.055,7.1,7.1,0.441,0.46,0.121,0.125,90.51,92.71,77.26,92.71,0.032,1666,1.0,2.8,Bruce Bowen
1743,Bruno,1610612742,DAL,20.0,14,7,7,0.5,60.63333333333333,12,31,0.387,0,0,0.0,2,2,1.0,5,7,12,2,4,2,2,5,16,2,26,-19,51.4,0,0,48.0,1,1999-00,4.3,99.1,95.8,95.8,109.4,108.4,108.4,-10.3,-12.6,-12.6,0.051,0.5,5.3,0.07,0.111,0.09,10.5,10.6,0.387,0.408,0.229,0.242,110.37,112.81,94.01,112.81,0.007,142,0.9,2.2,Bruno Sundov
735,Bryant,1610612763,VAN,27.0,69,20,49,0.29,1770.9366666666667,252,562,0.448,0,4,0.0,107,165,0.648,126,264,390,82,119,33,38,56,245,22,611,-200,1296.0,3,0,1225.0,1,1999-00,25.7,99.0,99.6,99.6,104.9,105.4,105.4,-5.9,-5.8,-5.8,0.075,0.69,9.8,0.073,0.162,0.116,14.2,14.2,0.448,0.481,0.191,0.193,93.21,92.7,77.25,92.7,0.059,3419,3.7,8.1,Bryant Reeves
179,Bryant,1610612743,DEN,29.0,45,21,24,0.467,691.4033333333333,86,189,0.455,17,56,0.304,64,77,0.831,23,61,84,61,33,18,12,11,56,7,253,27,502.3,0,0,475.0,1,1999-00,15.4,103.6,102.9,102.9,101.9,101.2,101.2,1.7,1.7,1.7,0.138,1.85,19.2,0.033,0.088,0.06,10.4,10.4,0.5,0.568,0.159,0.162,95.91,96.53,80.45,96.53,0.091,1392,1.9,4.2,Bryant Stith
1724,Bryce,1610612745,HOU,25.0,72,28,44,0.389,1292.3,158,413,0.383,59,163,0.362,45,53,0.849,23,80,103,162,66,41,1,9,79,7,420,57,846.6,2,0,828.0,1,1999-00,17.9,102.3,102.9,102.9,100.9,100.5,100.5,1.4,2.3,2.3,0.197,2.45,24.4,0.018,0.061,0.039,9.9,9.9,0.454,0.481,0.167,0.17,96.47,96.37,80.31,96.37,0.073,2593,2.2,5.7,Bryce Drew
935,Bryon,1610612762,UTA,29.0,82,55,27,0.671,2898.7,408,914,0.446,106,268,0.396,236,315,0.749,99,328,427,158,101,128,23,53,255,50,1158,521,2259.4,5,0,2151.0,1,1999-00,35.3,108.0,109.2,109.2,99.0,99.8,99.8,8.9,9.4,9.4,0.087,1.56,12.0,0.038,0.121,0.08,7.7,7.7,0.504,0.55,0.183,0.184,92.24,91.36,76.13,91.36,0.099,5517,5.0,11.1,Bryon Russell
1898,Cal,1610612737,ATL,23.0,46,13,33,0.283,419.2483333333333,49,115,0.426,0,1,0.0,24,38,0.632,22,63,85,14,21,14,9,10,46,2,122,-94,293.0,0,0,267.0,1,1999-00,9.1,93.5,94.1,94.1,106.8,104.7,104.7,-13.3,-10.6,-10.6,0.056,0.67,8.4,0.048,0.152,0.097,12.7,12.6,0.426,0.463,0.152,0.156,99.22,99.84,83.2,99.84,0.061,871,1.1,2.5,Cal Bowdler
384,Calbert,1610612738,BOS,28.0,67,29,38,0.433,1305.4733333333334,120,273,0.44,18,54,0.333,9,21,0.429,23,115,138,80,46,44,14,6,158,14,267,-128,680.6,0,0,619.0,1,1999-00,19.5,99.4,98.0,98.0,103.1,101.8,101.8,-3.7,-3.8,-3.8,0.093,1.74,19.6,0.017,0.098,0.055,11.3,11.3,0.473,0.473,0.109,0.112,95.4,96.68,80.57,96.68,0.039,2615,1.8,4.1,Calbert Cheaney
1916,Calvin,1610612764,WAS,24.0,11,5,6,0.455,142.25,16,46,0.348,0,0,0.0,10,14,0.714,15,17,32,7,6,3,14,4,23,3,42,-12,135.9,0,0,115.0,1,1999-00,12.9,108.4,107.0,107.0,111.2,110.0,110.0,-2.7,-3.0,-3.0,0.073,1.17,10.6,0.108,0.138,0.122,9.1,9.2,0.348,0.403,0.179,0.184,96.19,97.35,81.12,97.35,0.043,287,1.5,4.2,Calvin Booth
435,Carlos,1610612745,HOU,29.0,53,16,37,0.302,1101.0083333333334,170,324,0.525,1,14,0.071,81,137,0.591,98,177,275,42,63,14,34,22,77,10,422,-212,896.0,5,0,836.0,1,1999-00,20.8,96.1,96.5,96.5,106.8,105.9,105.9,-10.8,-9.5,-9.5,0.068,0.67,8.6,0.088,0.161,0.124,12.9,12.9,0.526,0.549,0.176,0.179,95.9,96.11,80.09,96.11,0.104,2203,3.2,6.1,Carlos Rogers
76,Cedric,1610612742,DAL,30.0,69,33,36,0.478,2063.536666666667,447,1002,0.446,44,134,0.328,209,248,0.843,172,290,462,90,125,56,24,87,165,13,1147,-113,1951.4,15,0,1903.0,1,1999-00,29.9,102.5,102.6,102.6,104.9,104.7,104.7,-2.4,-2.0,-2.0,0.074,0.72,6.8,0.08,0.131,0.106,9.4,9.4,0.468,0.516,0.258,0.263,97.92,97.93,81.61,97.93,0.112,4197,6.5,14.5,Cedric Ceballos
1538,Cedric,1610612739,CLE,25.0,61,25,36,0.41,1102.5616666666667,129,326,0.396,1,15,0.067,69,104,0.663,34,106,140,55,68,39,17,24,99,10,328,-160,678.5,0,0,636.0,1,1999-00,18.1,94.4,93.6,93.6,100.6,100.1,100.1,-6.1,-6.5,-6.5,0.083,0.81,11.1,0.031,0.097,0.063,13.7,13.7,0.397,0.441,0.172,0.176,97.51,98.15,81.79,98.15,0.048,2248,2.1,5.3,Cedric Henderson
787,Charles,1610612745,HOU,37.0,20,6,14,0.3,619.8733333333333,106,222,0.477,6,26,0.231,71,110,0.645,71,138,209,63,44,14,4,18,48,2,289,-5,644.3,11,0,603.0,1,1999-00,31.0,99.7,101.4,101.4,102.0,102.0,102.0,-2.3,-0.6,-0.6,0.165,1.43,16.6,0.108,0.223,0.164,11.6,11.7,0.491,0.534,0.214,0.216,98.2,97.34,81.11,97.34,0.144,1258,5.3,11.1,Charles Barkley
891,Charles,1610612761,TOR,36.0,80,45,35,0.563,2429.023333333333,234,560,0.418,14,41,0.341,66,85,0.776,117,423,540,253,154,102,45,20,294,38,548,20,1862.5,5,0,1649.0,1,1999-00,30.4,102.0,102.5,102.5,101.1,102.0,102.0,0.9,0.5,0.5,0.157,1.64,25.1,0.046,0.176,0.109,15.3,15.3,0.43,0.459,0.136,0.137,95.22,94.6,78.83,94.6,0.077,4785,2.9,7.0,Charles Oakley
1869,Charles R.,1610612746,LAC,24.0,56,7,49,0.125,656.725,66,201,0.328,39,118,0.331,17,23,0.739,17,45,62,94,28,30,5,7,46,5,188,-178,480.4,0,0,453.0,1,1999-00,11.7,95.3,94.9,94.9,109.9,107.2,107.2,-14.6,-12.3,-12.3,0.233,3.36,28.1,0.023,0.069,0.045,8.4,8.4,0.425,0.445,0.156,0.159,97.56,99.0,82.5,99.0,0.07,1349,1.2,3.6,Charles R. Jones
369,Charlie,1610612752,NYK,29.0,72,45,27,0.625,1988.795,189,447,0.423,102,264,0.386,48,58,0.828,22,206,228,300,102,95,16,12,176,43,528,179,1482.6,2,0,1380.0,1,1999-00,27.6,102.6,102.9,102.9,98.2,98.7,98.7,4.4,4.2,4.2,0.224,2.94,34.2,0.012,0.102,0.059,11.6,11.7,0.537,0.559,0.133,0.135,93.18,92.79,77.32,92.79,0.1,3853,2.6,6.2,Charlie Ward
1497,Chauncey,1610612743,DEN,23.0,13,7,6,0.538,304.86833333333334,34,101,0.337,7,41,0.171,37,44,0.841,8,26,34,39,24,10,2,5,27,2,112,-26,223.3,0,0,216.0,1,1999-00,23.5,91.7,92.2,92.2,95.4,97.1,97.1,-3.8,-4.8,-4.8,0.214,1.63,21.5,0.023,0.084,0.052,13.3,13.1,0.371,0.465,0.202,0.207,98.27,97.14,80.95,97.14,0.077,619,2.6,7.8,Chauncey Billups
685,Cherokee,1610612763,VAN,27.0,56,14,42,0.25,805.3566666666667,72,145,0.497,0,1,0.0,24,37,0.649,55,128,183,35,28,29,45,10,115,8,168,-131,634.1,1,0,534.0,1,1999-00,14.4,97.6,96.2,96.2,103.8,103.4,103.4,-6.2,-7.3,-7.3,0.068,1.25,15.6,0.071,0.17,0.12,12.4,12.5,0.497,0.521,0.104,0.107,94.23,95.09,79.24,95.09,0.072,1588,1.3,2.6,Cherokee Parks
1512,Chris,1610612741,CHI,25.0,73,13,60,0.178,1005.9016666666666,161,364,0.442,1,6,0.167,116,147,0.789,90,190,280,65,80,29,25,23,180,31,439,-94,954.5,4,0,893.0,1,1999-00,13.8,92.1,92.3,92.3,98.7,96.1,96.1,-6.6,-3.8,-3.8,0.126,0.81,11.3,0.09,0.197,0.143,14.0,13.9,0.444,0.512,0.223,0.229,92.22,93.34,77.78,93.34,0.11,1946,2.2,5.0,Chris Anstey
713,Chris,1610612741,CHI,26.0,57,14,43,0.246,1164.3416666666667,196,496,0.395,32,102,0.314,107,125,0.856,41,132,173,84,117,30,15,38,113,11,531,-230,882.6,0,0,910.0,2,1999-00,20.4,91.9,91.1,91.1,103.2,101.4,101.4,-11.3,-10.3,-10.3,0.147,0.72,11.2,0.036,0.116,0.076,15.5,15.6,0.427,0.482,0.25,0.257,93.89,95.11,79.26,95.11,0.077,2311,3.4,8.7,Chris Carr
164,Chris,1610612752,NYK,32.0,71,42,29,0.592,1674.39,146,357,0.409,37,104,0.356,47,59,0.797,17,130,147,285,105,36,4,17,240,32,376,-66,994.9,1,0,925.0,1,1999-00,23.6,97.5,97.4,97.4,98.3,98.9,98.9,-0.8,-1.5,-1.5,0.284,2.71,37.0,0.011,0.079,0.046,13.6,13.6,0.461,0.491,0.137,0.14,90.35,90.14,75.12,90.14,0.062,3135,2.1,5.0,Chris Childs
1544,Chris,1610612737,ATL,25.0,55,16,39,0.291,663.87,91,229,0.397,7,27,0.259,63,81,0.778,51,48,99,33,37,17,16,11,83,10,252,-43,482.3,0,0,457.0,1,1999-00,12.1,97.0,96.5,96.5,101.6,100.3,100.3,-4.6,-3.8,-3.8,0.084,0.89,9.9,0.073,0.07,0.072,11.1,11.1,0.413,0.476,0.194,0.199,94.27,95.12,79.26,95.12,0.058,1319,1.7,4.2,Chris Crawford
201,Chris,1610612752,NYK,35.0,47,27,20,0.574,462.0566666666667,23,67,0.343,0,0,0.0,9,27,0.333,63,73,136,5,18,7,21,7,95,9,55,-78,291.7,0,0,252.0,1,1999-00,9.8,93.9,93.7,93.7,102.9,101.2,101.2,-9.0,-7.6,-7.6,0.017,0.28,5.0,0.132,0.163,0.147,17.8,17.7,0.343,0.349,0.092,0.096,91.64,92.51,77.09,92.51,0.006,885,0.5,1.4,Chris Dudley
423,Chris,1610612743,DEN,32.0,85,34,51,0.4,1810.155,365,802,0.455,18,70,0.257,266,373,0.713,154,348,502,71,169,82,23,61,246,41,1014,-56,1868.9,11,0,1815.0,2,1999-00,21.3,98.9,99.4,99.4,100.8,100.6,100.6,-1.9,-1.3,-1.3,0.068,0.42,5.9,0.08,0.184,0.131,14.0,14.0,0.466,0.525,0.258,0.263,99.68,99.53,82.94,99.53,0.117,3749,4.3,9.4,Chris Gatling
1914,Chris,1610612743,DEN,24.0,45,18,27,0.4,595.5966666666667,45,124,0.363,24,67,0.358,27,40,0.675,12,40,52,111,42,15,2,16,74,6,141,-65,378.9,0,0,362.0,1,1999-00,13.2,97.8,96.5,96.5,103.3,102.0,102.0,-5.4,-5.5,-5.5,0.297,2.64,37.6,0.02,0.065,0.043,14.2,14.3,0.46,0.498,0.131,0.136,95.99,97.23,81.03,97.23,0.063,1207,1.0,2.8,Chris Herren
168,Chris,1610612744,GSW,30.0,20,6,14,0.3,651.115,123,292,0.421,8,30,0.267,68,84,0.81,46,77,123,47,25,18,4,19,60,9,322,-81,581.1,2,0,544.0,1,1999-00,32.6,97.6,98.2,98.2,104.0,104.6,104.6,-6.4,-6.5,-6.5,0.121,1.88,11.7,0.062,0.121,0.09,6.2,6.2,0.435,0.489,0.225,0.229,97.54,96.94,80.78,96.94,0.107,1317,6.2,14.6,Chris Mills
904,Chris,1610612754,IND,36.0,47,31,16,0.66,581.6783333333333,80,187,0.428,45,110,0.409,37,41,0.902,14,62,76,37,28,28,9,7,60,1,242,55,471.7,0,0,474.0,1,1999-00,12.4,105.4,103.6,103.6,98.9,98.1,98.1,6.5,5.4,5.4,0.108,1.32,13.7,0.025,0.106,0.066,10.4,10.4,0.548,0.59,0.174,0.179,96.53,97.74,81.45,97.74,0.099,1180,1.7,4.0,Chris Mullin
185,Chris,1610612758,SAC,27.0,75,41,34,0.547,2880.295,748,1548,0.483,27,95,0.284,311,414,0.751,189,598,787,345,218,120,128,56,264,8,1834,134,3821.9,49,5,3489.0,1,1999-00,38.4,102.0,103.3,103.3,100.7,101.2,101.2,1.3,2.1,2.1,0.207,1.58,15.1,0.062,0.193,0.128,9.5,9.5,0.492,0.53,0.279,0.282,102.72,101.86,84.89,101.86,0.159,6115,10.0,20.6,Chris Webber
43,Chris,1610612764,WAS,28.0,82,29,53,0.354,1626.6783333333333,217,521,0.417,96,255,0.376,112,132,0.848,20,114,134,313,107,55,5,17,166,41,642,-59,1345.3,3,0,1305.0,1,1999-00,19.8,100.4,100.0,100.0,102.2,100.9,100.9,-1.8,-1.0,-1.0,0.319,2.93,31.1,0.012,0.073,0.042,10.6,10.7,0.509,0.554,0.184,0.187,94.94,95.75,79.79,95.75,0.116,3231,2.6,6.4,Chris Whitney
363,Christian,1610612765,DET,30.0,82,42,40,0.512,2441.5616666666665,379,801,0.473,7,24,0.292,237,292,0.812,175,378,553,186,186,83,45,61,326,18,1002,-12,2142.6,11,0,2004.0,1,1999-00,29.8,104.3,105.0,105.0,105.0,104.5,104.5,-0.7,0.5,0.5,0.121,1.0,14.3,0.074,0.163,0.119,14.3,14.3,0.478,0.539,0.199,0.201,98.89,98.8,82.33,98.8,0.092,5008,4.6,9.8,Christian Laettner
456,Chuck,1610612760,SEA,36.0,37,19,18,0.514,338.90833333333336,37,123,0.301,24,95,0.253,4,8,0.5,6,47,53,22,12,5,2,2,56,2,102,4,207.6,0,0,215.0,1,1999-00,9.2,99.2,97.6,97.6,104.5,100.3,100.3,-5.3,-2.7,-2.7,0.106,1.83,13.7,0.016,0.14,0.073,7.5,7.5,0.398,0.403,0.172,0.18,95.45,98.22,81.85,98.22,0.022,705,1.0,3.3,Chuck Person
1088,Chucky,1610612753,ORL,25.0,82,41,41,0.5,1627.75,314,741,0.424,57,163,0.35,97,133,0.729,20,106,126,306,142,52,3,36,137,14,782,-7,1415.2,0,0,1381.0,1,1999-00,19.9,100.4,99.8,99.8,101.6,100.6,100.6,-1.2,-0.8,-0.8,0.319,2.15,24.6,0.012,0.063,0.038,11.4,11.4,0.462,0.489,0.239,0.246,99.63,100.42,83.69,100.42,0.106,3415,3.8,9.0,Chucky Atkins
359,Chucky,1610612766,CHH,32.0,63,42,21,0.667,1094.6683333333333,148,328,0.451,2,10,0.2,36,52,0.692,35,132,167,66,45,20,18,4,114,5,334,8,702.4,0,0,645.0,2,1999-00,17.4,98.1,97.1,97.1,96.9,96.8,96.8,1.2,0.2,0.2,0.099,1.47,14.2,0.033,0.113,0.075,9.7,9.7,0.454,0.476,0.164,0.167,93.64,94.17,78.47,94.17,0.067,2149,2.3,5.2,Chucky Brown
221,Clar.,1610612748,MIA,29.0,78,49,29,0.628,1611.243333333333,215,419,0.513,0,0,0.0,135,183,0.738,128,321,449,93,100,51,49,52,165,13,565,55,1443.3,7,0,1307.0,1,1999-00,20.7,98.8,97.2,97.2,95.5,95.8,95.8,3.3,1.5,1.5,0.1,0.93,13.3,0.086,0.196,0.144,14.3,14.4,0.513,0.566,0.173,0.177,90.7,91.31,76.09,91.31,0.137,3070,2.8,5.4,Clar. Weatherspoon
361,Clifford,1610612756,PHX,33.0,80,51,29,0.638,2841.7433333333333,530,1142,0.464,120,324,0.37,298,381,0.782,105,254,359,224,166,90,61,59,240,40,1478,256,2531.8,1,0,2483.0,1,1999-00,35.5,101.9,102.6,102.6,97.4,97.7,97.7,4.6,4.9,4.9,0.134,1.35,13.2,0.038,0.085,0.062,9.8,9.8,0.517,0.564,0.227,0.229,96.69,96.19,80.16,96.19,0.113,5684,6.6,14.3,Clifford Robinson
1736,Corey,1610612741,CHI,22.0,48,8,40,0.167,862.8316666666667,145,350,0.414,31,89,0.348,49,82,0.598,21,67,88,54,74,31,22,16,122,5,370,-161,641.6,0,0,649.0,1,1999-00,18.0,92.1,92.2,92.2,103.4,101.4,101.4,-11.3,-9.2,-9.2,0.129,0.73,10.5,0.025,0.083,0.053,14.3,14.4,0.459,0.479,0.241,0.245,91.88,92.74,77.28,92.74,0.046,1663,3.0,7.3,Corey Benjamin
1894,Corey,1610612753,ORL,20.0,77,37,40,0.481,1367.5533333333333,224,469,0.478,2,11,0.182,196,261,0.751,123,180,303,61,138,24,26,44,169,8,646,-59,1113.1,2,0,1112.0,1,1999-00,17.8,100.0,99.7,99.7,101.6,101.4,101.4,-1.6,-1.7,-1.7,0.071,0.44,7.8,0.089,0.127,0.108,17.6,17.6,0.48,0.553,0.219,0.224,99.44,99.72,83.1,99.72,0.09,2836,2.9,6.1,Corey Maggette
916,Corie,1610612756,PHX,31.0,38,27,11,0.711,444.6766666666667,44,89,0.494,0,2,0.0,19,33,0.576,52,61,113,10,28,15,7,12,78,11,107,43,295.6,0,0,274.0,1,1999-00,11.7,102.6,101.7,101.7,96.7,96.0,96.0,5.9,5.7,5.7,0.032,0.36,7.0,0.115,0.139,0.127,19.7,19.8,0.494,0.517,0.127,0.129,96.36,97.15,80.96,97.15,0.043,896,1.2,2.3,Corie Blount
722,Corliss,1610612758,SAC,26.0,76,41,35,0.539,1709.305,311,622,0.5,0,0,0.0,163,212,0.769,122,168,290,82,110,38,19,53,192,18,785,-32,1317.0,2,0,1271.0,1,1999-00,22.5,99.8,101.1,101.1,101.2,102.1,102.1,-1.4,-1.0,-1.0,0.069,0.75,9.1,0.066,0.091,0.078,12.1,12.1,0.5,0.549,0.194,0.197,105.0,103.85,86.54,103.85,0.073,3700,4.1,8.2,Corliss Williamson
724,Cory,1610612743,DEN,27.0,29,11,18,0.379,328.43,28,98,0.286,9,35,0.257,17,22,0.773,8,34,42,58,28,24,2,11,39,2,82,-30,269.4,0,0,243.0,1,1999-00,11.3,92.9,91.2,91.2,96.8,96.6,96.6,-3.9,-5.4,-5.4,0.305,2.07,29.7,0.023,0.101,0.061,14.4,14.5,0.332,0.381,0.179,0.183,97.53,98.58,82.15,98.58,0.066,678,1.0,3.4,Cory Alexander
1749,Cuttino,1610612745,HOU,24.0,81,34,47,0.42,2497.44,437,1016,0.43,104,292,0.356,299,353,0.847,59,229,288,208,186,87,32,46,171,15,1277,-52,2105.6,1,0,2115.0,1,1999-00,30.8,102.0,102.7,102.7,103.5,103.9,103.9,-1.5,-1.2,-1.2,0.148,1.12,13.4,0.024,0.088,0.057,12.0,11.9,0.481,0.545,0.234,0.24,96.73,96.22,80.19,96.22,0.106,5010,5.4,12.5,Cuttino Mobley
905,Dale,1610612754,IND,31.0,74,51,23,0.689,2130.2616666666668,302,602,0.502,0,0,0.0,139,203,0.685,256,473,729,64,91,52,94,38,203,10,743,175,2060.8,24,0,1828.0,1,1999-00,28.8,106.1,106.5,106.5,101.3,101.9,101.9,4.8,4.7,4.7,0.046,0.7,7.5,0.125,0.209,0.169,10.7,10.8,0.502,0.537,0.165,0.166,95.66,95.22,79.35,95.22,0.114,4215,4.1,8.1,Dale Davis
107,Dale,1610612766,CHH,39.0,42,24,18,0.571,567.235,66,159,0.415,37,100,0.37,9,13,0.692,13,43,56,14,20,13,0,3,45,3,178,64,285.2,0,0,311.0,2,1999-00,13.5,104.5,104.4,104.4,99.8,99.3,99.3,4.8,5.1,5.1,0.038,0.7,7.1,0.023,0.078,0.05,10.1,10.1,0.531,0.54,0.145,0.148,94.02,94.31,78.59,94.31,0.052,1118,1.6,3.8,Dale Ellis
1800,Damon,1610612742,DAL,23.0,55,21,34,0.382,604.3133333333334,80,208,0.385,41,114,0.36,32,48,0.667,12,43,55,96,40,18,1,8,34,6,233,-93,460.0,0,0,463.0,2,1999-00,11.0,102.3,100.5,100.5,110.2,106.7,106.7,-7.9,-6.1,-6.1,0.242,2.4,26.3,0.018,0.07,0.043,11.0,11.0,0.483,0.508,0.181,0.186,100.6,103.14,85.95,103.14,0.081,1292,1.5,3.8,Damon Jones
757,Damon,1610612757,POR,26.0,78,57,21,0.731,2372.285,386,894,0.432,80,212,0.377,122,145,0.841,61,182,243,405,149,77,1,44,173,15,974,369,1958.1,1,0,1858.0,1,1999-00,30.4,106.3,107.1,107.1,98.9,99.3,99.3,7.4,7.8,7.8,0.269,2.72,26.8,0.027,0.075,0.052,9.9,9.9,0.477,0.508,0.209,0.212,93.71,93.21,77.67,93.21,0.104,4611,4.9,11.5,Damon Stoudamire
105,Dan,1610612748,MIA,34.0,69,44,25,0.638,2310.555,170,422,0.403,110,304,0.362,56,69,0.812,27,306,333,206,62,89,17,17,156,25,506,203,1470.6,0,0,1367.0,1,1999-00,33.5,102.7,102.7,102.7,97.1,97.9,97.9,5.5,4.8,4.8,0.131,3.32,28.9,0.013,0.129,0.074,8.7,8.6,0.533,0.559,0.101,0.104,92.83,92.41,77.01,92.41,0.091,4444,2.5,6.1,Dan Majerle
344,Dana,1610612738,BOS,33.0,72,30,42,0.417,1140.0933333333332,196,435,0.451,59,144,0.41,66,76,0.868,13,86,99,133,66,31,4,8,80,16,517,-96,874.3,0,0,878.0,1,1999-00,15.8,99.5,97.1,97.1,105.5,102.7,102.7,-6.0,-5.6,-5.6,0.203,2.02,20.1,0.011,0.08,0.044,10.0,9.9,0.518,0.552,0.193,0.202,96.86,99.34,82.78,99.34,0.113,2377,2.7,6.0,Dana Barros
198,Danny,1610612739,CLE,33.0,63,25,38,0.397,1326.6766666666667,189,380,0.497,33,75,0.44,52,57,0.912,55,183,238,67,55,22,24,6,181,20,463,20,932.1,0,0,893.0,1,1999-00,21.1,101.7,101.5,101.5,102.3,100.9,100.9,-0.5,0.6,0.6,0.081,1.22,12.9,0.042,0.135,0.09,10.6,10.4,0.541,0.571,0.147,0.153,96.68,97.49,81.24,97.49,0.086,2696,3.0,6.0,Danny Ferry
1504,Danny,1610612738,BOS,24.0,55,24,31,0.436,858.005,140,265,0.528,0,0,0.0,139,189,0.735,141,225,366,29,67,20,5,37,180,18,419,-22,909.7,9,0,864.0,1,1999-00,15.6,102.4,102.2,102.2,104.0,103.2,103.2,-1.6,-1.0,-1.0,0.058,0.43,6.5,0.152,0.293,0.216,15.1,15.1,0.528,0.602,0.197,0.202,97.18,97.68,81.4,97.68,0.137,1744,2.5,4.8,Danny Fortson
330,Danny,1610612749,MIL,34.0,72,36,36,0.5,1214.9683333333332,149,339,0.44,1,4,0.25,34,52,0.654,50,158,208,73,55,62,29,13,183,14,333,-54,910.1,0,0,797.0,1,1999-00,16.9,102.2,102.2,102.2,104.2,104.2,104.2,-2.0,-2.0,-2.0,0.096,1.33,15.0,0.045,0.137,0.092,11.3,11.2,0.441,0.46,0.159,0.162,92.57,92.55,77.12,92.55,0.059,2339,2.1,4.7,Danny Manning
353,Darrell,1610612753,ORL,32.0,82,41,41,0.5,2588.1566666666668,484,1119,0.433,137,403,0.34,225,247,0.911,65,205,270,501,248,169,9,62,137,34,1330,62,2691.5,10,0,2594.0,1,1999-00,31.6,98.8,100.1,100.1,98.4,99.2,99.2,0.4,0.9,0.9,0.309,2.02,25.5,0.023,0.076,0.049,12.6,12.5,0.494,0.542,0.23,0.235,101.2,100.17,83.47,100.17,0.143,5409,5.9,13.6,Darrell Armstrong
239,Darrick,1610612758,SAC,29.0,71,39,32,0.549,895.3316666666667,133,350,0.38,38,124,0.306,98,119,0.824,7,37,44,122,62,28,2,19,89,13,402,45,665.8,0,0,666.0,1,1999-00,12.6,102.9,102.0,102.0,100.8,99.4,99.4,2.1,2.6,2.6,0.225,1.97,20.7,0.008,0.041,0.024,10.5,10.6,0.434,0.5,0.223,0.228,96.94,98.06,81.71,98.06,0.072,1828,1.9,4.9,Darrick Martin
1032,Darvin,1610612749,MIL,26.0,35,19,16,0.543,792.5883333333334,71,128,0.555,0,1,0.0,35,78,0.449,85,87,172,42,29,29,29,13,102,11,177,101,591.4,3,0,507.0,1,1999-00,22.6,103.2,103.1,103.1,98.3,96.8,96.8,4.9,6.3,6.3,0.074,1.45,18.3,0.107,0.113,0.11,12.6,12.4,0.555,0.545,0.103,0.106,94.88,95.66,79.71,95.66,0.064,1580,2.0,3.7,Darvin Ham
764,David,1610612759,SAS,34.0,80,51,29,0.638,2556.87,528,1031,0.512,0,2,0.0,371,511,0.726,193,577,770,142,164,97,183,66,247,37,1427,419,3240.0,34,0,2899.0,1,1999-00,32.0,103.8,104.6,104.6,95.3,95.8,95.8,8.5,8.9,8.9,0.101,0.87,9.1,0.083,0.224,0.157,10.5,10.5,0.512,0.568,0.257,0.26,92.11,91.5,76.25,91.5,0.172,4867,6.6,12.9,David Robinson
133,David,1610612766,CHH,29.0,82,49,33,0.598,2755.29,407,955,0.426,88,248,0.355,214,275,0.778,39,186,225,463,159,109,11,47,186,22,1116,80,2281.5,7,0,2132.0,1,1999-00,33.6,101.7,101.6,101.6,99.9,100.3,100.3,1.8,1.3,1.3,0.284,2.91,27.2,0.014,0.066,0.041,9.3,9.4,0.472,0.519,0.199,0.202,96.3,96.11,80.09,96.11,0.1,5522,5.0,11.6,David Wesley
766,David,1610612752,NYK,36.0,7,4,3,0.571,32.26,1,9,0.111,0,0,0.0,0,0,0.0,1,1,2,3,2,1,2,1,7,0,2,-17,15.9,0,0,13.0,1,1999-00,4.6,70.3,72.3,72.3,99.3,97.0,97.0,-29.0,-24.7,-24.7,0.188,1.5,21.4,0.026,0.029,0.027,14.3,14.3,0.111,0.111,0.136,0.145,97.7,97.46,81.22,97.46,-0.13,65,0.1,1.3,David Wingate
1746,DeMarco,1610612752,NYK,24.0,5,4,1,0.8,35.53666666666667,3,9,0.333,0,0,0.0,0,0,0.0,3,4,7,0,3,1,0,1,5,0,6,-2,14.4,0,0,15.0,1,1999-00,7.1,92.6,89.7,89.7,91.3,87.5,87.5,1.4,2.2,2.2,0.0,0.0,0.0,0.081,0.093,0.088,25.0,25.0,0.333,0.333,0.146,0.154,91.09,94.55,78.79,94.55,-0.017,68,0.6,1.8,DeMarco Johnson
1051,Dean,1610612750,MIN,33.0,56,32,24,0.571,605.5133333333333,48,108,0.444,0,0,0.0,18,26,0.692,41,99,140,19,21,8,40,10,94,8,114,28,433.5,0,0,369.0,1,1999-00,10.8,99.6,98.1,98.1,96.6,95.4,95.4,3.0,2.7,2.7,0.043,0.9,11.9,0.069,0.158,0.115,13.1,13.2,0.444,0.477,0.102,0.105,93.18,94.49,78.74,94.49,0.051,1190,0.9,1.9,Dean Garrett
2000,Dedric,1610612741,CHI,26.0,25,2,23,0.08,507.0933333333333,61,179,0.341,29,98,0.296,39,51,0.765,11,40,51,66,37,23,2,10,32,7,190,-43,388.2,0,0,386.0,1,1999-00,20.3,96.1,95.9,95.9,102.2,100.6,100.6,-6.1,-4.7,-4.7,0.225,1.78,21.7,0.021,0.087,0.052,12.2,12.2,0.422,0.472,0.199,0.204,95.39,96.22,80.18,96.22,0.089,1019,2.4,7.2,Dedric Willoughby
244,Dee,1610612761,TOR,31.0,38,20,18,0.526,674.0783333333334,93,258,0.36,67,187,0.358,11,16,0.688,9,45,54,86,39,24,5,14,62,2,264,-4,505.8,0,0,529.0,1,1999-00,17.7,98.7,98.4,98.4,99.8,99.4,99.4,-1.1,-1.0,-1.0,0.214,2.21,22.1,0.012,0.068,0.039,10.0,10.0,0.49,0.498,0.192,0.197,96.34,96.7,80.58,96.7,0.072,1363,2.4,6.8,Dee Brown
209,Dell,1610612761,TOR,36.0,67,38,29,0.567,1096.9916666666666,194,454,0.427,95,242,0.393,24,32,0.75,11,89,100,89,40,32,9,8,66,3,507,12,843.5,0,0,873.0,1,1999-00,16.4,102.0,101.5,101.5,103.4,101.5,101.5,-1.4,0.0,0.0,0.141,2.23,14.9,0.01,0.086,0.046,6.7,6.7,0.532,0.542,0.202,0.207,93.53,94.64,78.87,94.64,0.103,2169,2.9,6.8,Dell Curry
23,Dennis,1610612742,DAL,39.0,12,3,9,0.25,388.14,12,31,0.387,0,1,0.0,10,14,0.714,48,123,171,14,19,2,1,5,41,6,34,-76,250.2,0,0,225.0,1,1999-00,32.3,102.2,102.5,102.5,109.2,109.9,109.9,-7.1,-7.4,-7.4,0.046,0.74,20.0,0.122,0.318,0.219,27.1,27.1,0.387,0.457,0.063,0.064,96.71,96.27,80.23,96.27,0.081,770,1.0,2.6,Dennis Rodman
192,Dennis,1610612763,VAN,31.0,66,18,48,0.273,1264.4566666666667,125,333,0.375,71,189,0.376,48,57,0.842,16,90,106,69,30,28,9,18,104,7,369,-110,680.7,0,0,689.0,1,1999-00,19.2,100.2,99.5,99.5,106.7,105.2,105.2,-6.5,-5.8,-5.8,0.089,2.3,15.2,0.013,0.08,0.046,6.6,6.6,0.482,0.515,0.136,0.14,92.46,93.44,77.87,93.44,0.056,2477,1.9,5.0,Dennis Scott
1507,Derek,1610612746,LAC,25.0,64,7,57,0.109,2200.455,377,860,0.438,55,178,0.309,271,309,0.877,80,178,258,220,167,90,11,36,149,29,1080,-580,1855.6,2,1,1815.0,1,1999-00,34.4,94.4,94.3,94.3,107.7,107.8,107.8,-13.3,-13.5,-13.5,0.179,1.32,15.9,0.036,0.086,0.06,12.1,12.1,0.47,0.542,0.231,0.235,96.49,96.48,80.4,96.48,0.11,4432,5.9,13.4,Derek Anderson
965,Derek,1610612747,LAL,25.0,78,65,13,0.833,1804.4516666666664,167,483,0.346,52,166,0.313,105,145,0.724,22,121,143,216,75,80,3,13,150,67,491,464,1160.6,0,0,1068.0,1,1999-00,23.1,103.6,103.2,103.2,90.3,90.3,90.3,13.4,12.9,12.9,0.176,2.88,25.7,0.012,0.062,0.038,8.9,9.0,0.4,0.449,0.15,0.153,95.86,96.04,80.04,96.04,0.067,3610,2.1,6.2,Derek Fisher
1967,Derek,1610612766,CHH,23.0,2,1,1,0.5,3.933333333333333,0,3,0.0,0,0,0.0,0,0,0.0,0,1,1,0,0,0,0,0,0,0,0,-7,1.2,0,0,1.0,1,1999-00,2.0,96.9,90.9,90.9,184.8,188.9,188.9,-87.9,-98.0,-98.0,0.0,0.0,0.0,0.0,0.0,0.0,0.0,0.0,0.0,0.0,0.231,0.244,119.11,122.03,101.69,122.03,-0.083,11,0.0,1.5,Derek Hood
400,Derek,1610612753,ORL,32.0,20,10,10,0.5,147.53333333333333,21,48,0.438,1,4,0.25,11,14,0.786,11,33,44,4,12,5,2,3,15,1,54,-26,121.8,0,0,117.0,1,1999-00,7.4,98.9,97.0,97.0,107.2,103.9,103.9,-8.3,-6.9,-6.9,0.04,0.33,5.7,0.07,0.209,0.14,17.1,17.1,0.448,0.499,0.171,0.177,105.74,108.5,90.42,108.5,0.09,332,1.1,2.4,Derek Strong
934,Derrick,1610612766,CHH,33.0,74,43,31,0.581,2351.0216666666665,446,979,0.456,51,141,0.362,296,377,0.785,124,508,632,175,173,34,130,73,195,10,1239,73,2578.9,27,0,2425.0,1,1999-00,31.8,101.1,101.6,101.6,99.9,100.2,100.2,1.2,1.5,1.5,0.137,1.01,11.7,0.054,0.211,0.134,11.6,11.6,0.482,0.541,0.249,0.253,95.9,95.5,79.58,95.5,0.14,4680,6.0,13.2,Derrick Coleman
1760,Derrick,1610612759,SAS,24.0,8,6,2,0.75,95.37166666666668,17,46,0.37,3,12,0.25,3,5,0.6,14,12,26,5,6,1,1,1,10,3,40,25,78.7,0,0,78.0,1,1999-00,11.9,102.8,101.6,101.6,92.5,91.0,91.0,10.3,10.7,10.7,0.089,0.83,8.5,0.141,0.135,0.138,10.2,10.1,0.402,0.415,0.247,0.256,89.32,90.59,75.49,90.59,0.075,183,2.1,5.8,Derrick Dial
365,Derrick,1610612754,IND,33.0,32,23,9,0.719,633.1233333333333,43,108,0.398,10,23,0.435,43,56,0.768,29,106,135,35,19,29,13,9,81,7,139,66,460.5,1,0,403.0,1,1999-00,19.8,107.0,106.0,106.0,100.9,99.7,99.7,6.0,6.3,6.3,0.09,1.84,18.5,0.051,0.161,0.11,10.1,10.2,0.444,0.524,0.114,0.115,91.54,92.53,77.11,92.53,0.081,1215,1.3,3.4,Derrick McKey
96,Detlef,1610612757,POR,37.0,77,55,22,0.714,1664.1516666666666,187,433,0.432,21,52,0.404,179,215,0.833,79,253,332,197,100,37,17,22,182,14,574,189,1329.9,0,0,1232.0,1,1999-00,21.6,104.8,104.7,104.7,97.7,98.3,98.3,7.1,6.4,6.4,0.192,1.97,23.7,0.053,0.145,0.102,12.0,12.1,0.456,0.544,0.173,0.176,92.18,91.92,76.6,91.92,0.114,3179,2.4,5.6,Detlef Schrempf
1904,Devean,1610612747,LAL,22.0,49,40,9,0.816,340.625,56,144,0.389,16,47,0.34,27,41,0.659,29,46,75,12,21,10,4,12,54,1,155,15,284.0,0,0,286.0,1,1999-00,7.0,101.7,97.0,97.0,97.6,96.2,96.2,4.1,0.7,0.7,0.061,0.57,6.1,0.076,0.119,0.098,10.7,10.8,0.444,0.478,0.218,0.227,98.26,101.32,84.43,101.32,0.067,724,1.1,2.9,Devean George
1070,Devin,1610612745,HOU,28.0,21,7,14,0.333,124.68333333333334,15,37,0.405,0,0,0.0,19,29,0.655,11,14,25,5,4,5,3,3,22,1,49,-9,106.5,0,0,95.0,1,1999-00,5.9,101.1,100.4,100.4,108.2,103.8,103.8,-7.1,-3.4,-3.4,0.069,1.25,8.5,0.08,0.12,0.098,6.8,6.8,0.405,0.492,0.176,0.18,99.58,102.02,85.02,102.02,0.051,265,0.7,1.8,Devin Gray
54,Dickey,1610612741,CHI,28.0,69,16,53,0.232,1656.4533333333334,111,274,0.405,0,1,0.0,65,120,0.542,124,248,372,100,128,22,22,39,217,37,287,-388,887.4,0,0,847.0,1,1999-00,24.0,89.1,89.7,89.7,101.2,101.6,101.6,-12.1,-11.9,-11.9,0.105,0.78,18.0,0.075,0.159,0.116,23.0,23.1,0.405,0.439,0.126,0.128,91.28,90.83,75.69,90.83,0.036,3127,1.6,4.0,Dickey Simpkins
87,Dikembe,1610612737,ATL,34.0,82,28,54,0.341,2985.5616666666665,322,573,0.562,0,0,0.0,298,421,0.708,304,853,1157,105,174,27,269,45,248,23,942,-139,3201.9,46,1,2796.0,1,1999-00,36.4,100.8,101.0,101.0,103.2,103.8,103.8,-2.5,-2.7,-2.7,0.054,0.6,10.1,0.102,0.276,0.191,16.7,16.8,0.562,0.621,0.139,0.141,92.69,92.3,76.92,92.3,0.148,5750,3.9,7.0,Dikembe Mutombo
1901,Dion,1610612737,ATL,21.0,30,7,23,0.233,447.745,66,171,0.386,12,45,0.267,51,70,0.729,15,23,38,27,28,15,4,16,28,3,195,-120,310.1,0,0,310.0,1,1999-00,14.9,94.3,95.1,95.1,108.1,107.6,107.6,-13.9,-12.5,-12.5,0.108,0.96,10.6,0.032,0.053,0.042,11.0,10.9,0.421,0.483,0.218,0.224,96.83,96.64,80.54,96.64,0.064,898,2.2,5.7,Dion Glover
1717,Dirk,1610612742,DAL,22.0,82,40,42,0.488,2940.94,515,1118,0.461,116,306,0.379,289,348,0.83,102,430,532,203,141,63,68,54,256,52,1435,94,2629.9,9,0,2548.0,1,1999-00,35.9,104.2,105.0,105.0,103.7,103.6,103.6,0.5,1.4,1.4,0.107,1.44,12.6,0.034,0.141,0.088,8.8,8.7,0.513,0.564,0.208,0.212,97.18,96.91,80.76,96.91,0.112,5942,6.3,13.6,Dirk Nowitzki
931,Don,1610612756,PHX,30.0,16,12,4,0.75,141.88166666666666,18,49,0.367,2,6,0.333,4,6,0.667,6,17,23,8,8,2,1,4,24,0,42,-11,82.6,0,0,81.0,1,1999-00,8.9,89.7,88.0,88.0,98.1,94.5,94.5,-8.5,-6.5,-6.5,0.1,1.0,11.8,0.037,0.126,0.078,11.8,11.8,0.388,0.407,0.173,0.179,96.85,99.63,83.03,99.63,0.021,299,1.1,3.1,Don MacLean
690,Don,1610612764,WAS,26.0,38,16,22,0.421,498.685,60,112,0.536,0,0,0.0,24,34,0.706,31,71,102,11,23,24,31,16,118,12,144,-8,424.9,0,0,367.0,2,1999-00,13.1,99.9,98.8,98.8,99.8,98.2,98.2,0.1,0.6,0.6,0.034,0.48,6.9,0.061,0.152,0.105,14.4,14.3,0.536,0.567,0.132,0.135,95.5,96.83,80.69,96.83,0.056,999,1.6,2.9,Don Reid
681,Donny,1610612739,CLE,27.0,6,3,3,0.5,39.303333333333335,3,11,0.273,0,3,0.0,5,6,0.833,0,1,1,0,3,2,0,1,7,1,11,0,15.2,0,0,16.0,1,1999-00,6.6,84.0,80.8,80.8,82.4,78.8,78.8,1.6,2.0,2.0,0.0,0.0,0.0,0.0,0.026,0.013,17.6,18.0,0.273,0.403,0.195,0.203,92.52,96.48,80.4,96.48,-0.066,78,0.5,1.8,Donny Marshall
923,Donyell,1610612744,GSW,27.0,64,14,50,0.219,2072.1466666666665,331,840,0.394,49,138,0.355,199,255,0.78,189,448,637,167,123,68,68,58,180,4,910,-442,2209.9,30,0,2035.0,1,1999-00,32.4,95.7,95.5,95.5,106.1,106.0,106.0,-10.3,-10.4,-10.4,0.137,1.36,13.4,0.081,0.209,0.142,9.8,9.9,0.423,0.478,0.217,0.22,97.87,98.02,81.68,98.02,0.125,4231,5.2,13.1,Donyell Marshall
57,Doug,1610612761,TOR,30.0,73,40,33,0.548,2265.3033333333333,311,764,0.407,99,275,0.36,182,216,0.843,63,222,285,321,144,102,43,57,167,10,903,7,2017.5,2,0,1898.0,1,1999-00,31.0,103.2,103.4,103.4,102.8,103.0,103.0,0.4,0.4,0.4,0.227,2.23,24.2,0.027,0.099,0.062,10.9,10.9,0.472,0.526,0.191,0.194,96.26,96.07,80.06,96.07,0.106,4529,4.3,10.5,Doug Christie
77,Doug,1610612738,BOS,30.0,48,23,25,0.479,426.305,61,154,0.396,10,28,0.357,20,21,0.952,14,19,33,53,20,10,0,8,46,2,152,-20,281.1,0,0,268.0,1,1999-00,8.9,100.8,97.4,97.4,103.8,100.2,100.2,-3.1,-2.8,-2.8,0.205,2.65,22.6,0.03,0.045,0.037,8.5,8.5,0.429,0.466,0.174,0.184,97.53,100.94,84.12,100.94,0.061,899,1.3,3.2,Doug Overton
28,Doug,1610612763,VAN,33.0,38,6,32,0.158,583.6533333333333,59,145,0.407,0,3,0.0,34,40,0.85,18,53,71,43,19,12,8,11,80,10,152,-2,342.7,0,0,306.0,1,1999-00,15.4,100.0,98.4,98.4,96.9,97.7,97.7,3.1,0.7,0.7,0.123,2.26,19.0,0.033,0.095,0.064,8.4,8.5,0.407,0.467,0.14,0.144,93.92,94.25,78.54,94.25,0.049,1141,1.6,3.8,Doug West
1003,Drew,1610612737,ATL,27.0,16,1,15,0.063,159.03666666666666,15,33,0.455,7,18,0.389,4,5,0.8,0,12,12,33,13,2,0,2,23,2,41,-24,97.9,0,0,97.0,2,1999-00,9.9,98.4,95.3,95.3,108.0,103.2,103.2,-9.6,-7.9,-7.9,0.33,2.54,40.7,0.0,0.071,0.036,16.0,16.0,0.561,0.582,0.124,0.132,98.94,102.77,85.64,102.77,0.065,342,0.9,2.1,Drew Barry
190,Duane,1610612748,MIA,32.0,25,19,6,0.76,186.61666666666667,20,37,0.541,0,0,0.0,26,38,0.684,11,36,47,2,10,2,16,3,42,1,66,-67,169.4,0,0,151.0,1,1999-00,7.5,96.4,93.8,93.8,111.3,113.2,113.2,-14.9,-19.4,-19.4,0.017,0.2,3.0,0.058,0.171,0.117,15.2,15.2,0.541,0.614,0.15,0.154,93.88,94.4,78.66,94.4,0.07,369,0.8,1.5,Duane Causwell
1863,Earl,1610612739,CLE,24.0,26,8,18,0.308,263.435,56,116,0.483,8,20,0.4,18,23,0.783,11,15,26,48,17,12,1,2,23,3,138,-62,263.2,1,0,246.0,2,1999-00,10.1,98.9,96.7,96.7,110.5,108.0,108.0,-11.6,-11.3,-11.3,0.345,2.82,25.4,0.042,0.068,0.054,9.0,8.9,0.517,0.547,0.233,0.245,93.06,95.2,79.34,95.2,0.139,521,2.2,4.5,Earl Boykins
224,Eddie,1610612766,CHH,28.0,72,47,25,0.653,2801.583333333333,478,1119,0.427,128,341,0.375,362,419,0.864,81,262,343,305,160,192,49,50,176,56,1446,360,2878.1,1,0,2704.0,1,1999-00,38.9,102.7,103.2,103.2,96.4,96.9,96.9,6.3,6.2,6.2,0.191,1.91,17.3,0.03,0.092,0.062,9.1,9.0,0.484,0.555,0.231,0.236,95.97,95.5,79.58,95.5,0.135,5581,6.6,15.5,Eddie Jones
1944,Eddie,1610612766,CHH,24.0,67,40,27,0.597,1113.4566666666667,212,386,0.549,0,4,0.0,47,64,0.734,54,130,184,32,39,48,25,3,67,6,471,125,919.8,0,0,833.0,1,1999-00,16.6,105.4,104.0,104.0,99.3,98.2,98.2,6.1,5.8,5.8,0.048,0.82,6.6,0.052,0.115,0.085,8.0,8.0,0.549,0.569,0.176,0.181,97.19,98.4,82.0,98.4,0.112,2279,3.2,5.8,Eddie Robinson
922,Elden,1610612766,CHH,31.0,78,45,33,0.577,2536.1583333333333,370,829,0.446,0,6,0.0,247,358,0.69,168,422,590,129,127,56,150,54,269,11,987,116,2379.5,20,0,2118.0,1,1999-00,32.5,101.5,101.8,101.8,98.8,99.4,99.4,2.7,2.4,2.4,0.087,1.02,10.3,0.069,0.169,0.119,10.1,10.2,0.446,0.5,0.199,0.2,95.24,94.83,79.03,94.83,0.093,5008,4.7,10.6,Elden Campbell
695,Eldridge,1610612766,CHH,32.0,7,5,2,0.714,28.30666666666667,3,7,0.429,1,4,0.25,0,0,0.0,0,4,4,5,0,0,0,0,1,0,7,-2,19.3,0,0,17.0,1,1999-00,4.0,82.6,82.8,82.8,96.2,87.3,87.3,-13.6,-4.5,-4.5,0.278,0.0,41.7,0.0,0.0,0.0,0.0,0.0,0.5,0.5,0.099,0.103,102.86,107.68,89.73,107.68,0.117,64,0.4,1.0,Eldridge Recasner
386,Elliot,1610612751,NJN,31.0,60,22,38,0.367,805.9316666666666,128,294,0.435,11,39,0.282,50,62,0.806,13,48,61,139,60,39,1,19,47,9,317,-57,658.7,0,0,608.0,1,1999-00,13.4,98.4,96.4,96.4,101.0,98.8,98.8,-2.6,-2.4,-2.4,0.307,2.32,26.8,0.016,0.061,0.038,11.6,11.5,0.454,0.493,0.211,0.219,93.83,95.86,79.88,95.86,0.106,1600,2.1,4.9,Elliot Perry
1882,Elton,1610612741,CHI,21.0,81,17,64,0.21,2996.6116666666667,630,1306,0.482,0,2,0.0,367,536,0.685,348,462,810,155,228,66,132,122,259,25,1627,-646,3197.5,42,0,2988.0,1,1999-00,37.0,91.6,92.4,92.4,104.4,104.2,104.2,-12.8,-11.8,-11.8,0.118,0.68,8.0,0.116,0.166,0.14,11.8,11.8,0.482,0.528,0.266,0.269,91.51,91.14,75.95,91.14,0.142,5702,7.8,16.1,Elton Brand
1023,Emanual,1610612760,SEA,31.0,54,31,23,0.574,703.7016666666667,80,220,0.364,31,103,0.301,26,38,0.684,15,85,100,70,44,38,5,15,72,7,217,-31,527.0,0,0,504.0,1,1999-00,13.0,97.8,95.9,95.9,99.8,98.6,98.6,-2.0,-2.7,-2.7,0.162,1.59,19.9,0.02,0.113,0.066,12.5,12.5,0.434,0.458,0.168,0.176,96.6,98.16,81.8,98.16,0.074,1443,1.5,4.1,Emanual Davis
376,Eric,1610612765,DET,28.0,51,29,22,0.569,329.3833333333333,17,55,0.309,0,0,0.0,6,12,0.5,18,54,72,7,22,6,9,7,81,3,40,-58,159.9,0,0,149.0,1,1999-00,6.5,97.9,95.2,95.2,102.5,100.6,100.6,-4.6,-5.4,-5.4,0.032,0.32,7.9,0.055,0.165,0.11,24.7,24.6,0.309,0.332,0.106,0.111,99.01,101.35,84.46,101.35,-0.027,685,0.3,1.1,Eric Montross
785,Eric,1610612746,LAC,32.0,40,9,31,0.225,692.4766666666667,79,205,0.385,16,42,0.381,51,80,0.638,15,62,77,108,58,47,5,26,67,8,225,-148,577.4,1,0,530.0,1,1999-00,17.3,92.5,91.7,91.7,102.4,101.9,101.9,-9.9,-10.2,-10.2,0.26,1.86,26.5,0.02,0.088,0.054,14.2,14.3,0.424,0.468,0.186,0.19,97.09,97.74,81.45,97.74,0.082,1408,2.0,5.1,Eric Murdock
15,Eric,1610612746,LAC,29.0,75,13,62,0.173,1711.1983333333333,238,573,0.415,93,243,0.383,85,100,0.85,74,148,222,81,57,44,13,21,140,7,654,-452,1155.9,0,0,1164.0,1,1999-00,22.8,95.9,96.0,96.0,109.7,108.7,108.7,-13.8,-12.6,-12.6,0.079,1.42,10.8,0.04,0.089,0.063,7.6,7.5,0.497,0.53,0.169,0.173,97.22,97.64,81.37,97.64,0.074,3475,3.2,7.6,Eric Piatkowski
727,Eric,1610612755,PHI,27.0,82,49,33,0.598,2862.01,257,597,0.43,11,45,0.244,126,177,0.712,42,219,261,625,162,140,8,42,243,48,651,103,2183.7,12,0,1844.0,1,1999-00,34.9,98.6,99.7,99.7,97.6,97.5,97.5,1.0,2.3,2.3,0.327,3.86,42.7,0.014,0.077,0.045,11.1,11.1,0.44,0.482,0.127,0.129,95.03,94.55,78.79,94.55,0.101,5625,3.1,7.3,Eric Snow
677,Eric,1610612738,BOS,27.0,68,30,38,0.441,1382.42,165,386,0.427,25,72,0.347,134,169,0.793,55,101,156,93,66,44,16,30,165,24,489,-78,929.7,0,0,883.0,1,1999-00,20.3,100.8,100.2,100.2,103.7,102.8,102.8,-2.9,-2.5,-2.5,0.105,1.41,15.0,0.038,0.079,0.058,10.6,10.7,0.46,0.531,0.162,0.166,97.27,98.02,81.68,98.02,0.065,2820,2.4,5.7,Eric Williams
956,Erick,1610612744,GSW,24.0,21,6,15,0.286,493.03833333333336,70,173,0.405,0,0,0.0,27,51,0.529,48,86,134,19,29,8,15,24,75,4,167,-93,396.3,4,0,366.0,1,1999-00,23.5,95.5,95.6,95.6,105.6,104.1,104.1,-10.1,-8.5,-8.5,0.064,0.66,7.9,0.086,0.173,0.127,12.0,11.9,0.405,0.427,0.185,0.19,97.8,98.38,81.98,98.38,0.049,1007,3.3,8.2,Erick Dampier
1065,Erick,1610612742,DAL,26.0,68,36,32,0.529,2029.18,316,730,0.433,73,186,0.392,162,195,0.831,69,254,323,211,102,105,13,48,190,65,867,76,1823.1,5,0,1710.0,1,1999-00,29.8,104.5,104.2,104.2,103.4,102.5,102.5,1.1,1.7,1.7,0.155,2.07,18.7,0.033,0.12,0.076,9.1,9.0,0.483,0.531,0.192,0.196,98.76,99.29,82.74,99.29,0.104,4199,4.6,10.7,Erick Strickland
911,Ervin,1610612749,MIL,32.0,80,41,39,0.513,2132.0983333333334,144,279,0.516,0,1,0.0,95,157,0.605,233,415,648,44,80,81,127,33,298,16,383,72,1770.6,3,0,1491.0,1,1999-00,26.7,106.6,107.5,107.5,103.5,103.9,103.9,3.1,3.6,3.6,0.028,0.55,9.3,0.114,0.195,0.155,17.0,16.9,0.516,0.55,0.088,0.089,96.26,95.73,79.77,95.73,0.072,4213,1.8,3.5,Ervin Johnson
1564,Etdrick,1610612746,LAC,27.0,13,3,10,0.231,116.46333333333334,7,13,0.538,0,0,0.0,15,24,0.625,13,18,31,5,10,2,6,2,25,1,29,-27,87.7,0,0,81.0,2,1999-00,9.0,97.2,92.9,92.9,106.4,106.4,106.4,-9.3,-13.4,-13.4,0.068,0.5,12.5,0.116,0.171,0.143,25.0,25.9,0.538,0.615,0.129,0.131,96.09,98.3,81.91,98.3,0.041,241,0.5,1.0,Etdrick Bohannon
1915,Evan,1610612751,NJN,25.0,31,14,17,0.452,374.04,38,72,0.528,0,0,0.0,15,30,0.5,40,68,108,21,21,8,21,16,84,2,91,-27,318.1,0,0,278.0,1,1999-00,12.1,102.4,100.3,100.3,105.3,104.2,104.2,-2.9,-4.0,-4.0,0.088,1.0,16.5,0.107,0.186,0.146,16.5,16.5,0.528,0.534,0.124,0.128,95.86,97.34,81.11,97.34,0.052,760,1.2,2.3,Evan Eschmeyer
1732,Felipe,1610612763,VAN,25.0,65,16,49,0.246,780.575,111,261,0.425,3,18,0.167,67,109,0.615,59,65,124,44,53,32,17,34,94,12,292,-113,600.8,0,0,561.0,1,1999-00,12.0,99.1,97.5,97.5,104.9,103.4,103.4,-5.8,-6.0,-6.0,0.1,0.83,10.8,0.079,0.091,0.085,13.0,13.1,0.431,0.473,0.203,0.21,93.37,94.85,79.04,94.85,0.058,1532,1.7,4.0,Felipe Lopez
280,Felton,1610612759,SAS,32.0,26,16,10,0.615,146.54666666666665,15,33,0.455,0,0,0.0,20,30,0.667,15,24,39,3,9,6,8,10,32,0,50,-4,134.3,0,0,120.0,1,1999-00,5.6,99.1,93.7,93.7,99.6,96.3,96.3,-0.6,-2.6,-2.6,0.035,0.33,5.0,0.101,0.158,0.13,15.0,15.5,0.455,0.541,0.163,0.169,93.96,98.26,81.89,98.26,0.06,302,0.6,1.3,Felton Spencer
697,Fred,1610612741,CHI,27.0,31,4,27,0.129,845.3883333333333,89,230,0.387,32,94,0.34,69,76,0.908,7,103,110,85,43,40,2,12,66,8,279,-150,621.5,0,0,590.0,1,1999-00,27.3,91.6,91.3,91.3,101.8,100.9,100.9,-10.2,-9.5,-9.5,0.194,1.98,21.8,0.009,0.13,0.069,11.0,11.0,0.457,0.53,0.162,0.167,92.32,92.89,77.41,92.89,0.112,1639,2.9,7.4,Fred Hoiberg
1844,Fred,1610612760,SEA,29.0,8,5,3,0.625,39.04333333333334,5,17,0.294,2,7,0.286,1,2,0.5,0,1,1,0,4,3,0,0,2,0,13,22,19.2,0,0,22.0,1,1999-00,4.9,100.6,100.0,100.0,78.0,72.1,72.1,22.6,27.9,27.9,0.0,0.0,0.0,0.0,0.018,0.009,18.2,18.3,0.353,0.364,0.224,0.229,100.15,104.5,87.08,104.5,-0.02,84,0.6,2.1,Fred Vinson
202,Gary,1610612757,POR,35.0,3,2,1,0.667,24.816666666666663,6,14,0.429,0,0,0.0,0,0,0.0,0,3,3,1,2,1,0,1,3,0,12,-8,18.1,0,0,18.0,1,1999-00,8.3,73.5,80.4,80.4,99.2,104.7,104.7,-25.7,-24.2,-24.2,0.1,0.5,5.9,0.0,0.097,0.0,11.8,11.8,0.429,0.429,0.286,0.295,92.53,86.07,71.73,86.07,0.073,46,2.0,4.7,Gary Grant
56,Gary,1610612760,SEA,31.0,82,45,37,0.549,3424.353333333333,747,1666,0.448,177,520,0.34,311,423,0.735,100,429,529,732,224,153,18,69,178,30,1982,222,4003.8,41,2,3762.0,1,1999-00,41.8,104.0,105.3,105.3,101.1,102.2,102.2,2.9,3.0,3.0,0.368,3.27,26.0,0.028,0.123,0.075,8.0,8.0,0.502,0.535,0.264,0.268,95.85,94.76,78.97,94.76,0.166,6769,9.1,20.3,Gary Payton
718,Gary,1610612742,DAL,25.0,11,2,9,0.182,299.53833333333336,70,142,0.493,0,2,0.0,11,21,0.524,20,32,52,22,25,8,3,12,28,3,151,-45,254.4,1,0,247.0,1,1999-00,27.2,98.8,99.0,99.0,108.4,105.6,105.6,-9.6,-6.6,-6.6,0.124,0.88,11.1,0.062,0.119,0.088,12.6,12.6,0.493,0.499,0.257,0.261,95.24,96.39,80.32,96.39,0.082,599,6.4,12.9,Gary Trent
248,George,1610612755,PHI,29.0,75,45,30,0.6,2416.215,297,644,0.461,15,36,0.417,113,183,0.617,216,366,582,136,120,119,38,61,231,33,722,105,1975.4,12,0,1769.0,1,1999-00,32.2,98.3,98.7,98.7,95.7,95.6,95.6,2.6,3.1,3.1,0.089,1.13,13.8,0.086,0.151,0.118,12.2,12.2,0.473,0.498,0.152,0.154,94.82,94.67,78.89,94.67,0.098,4743,4.0,8.6,George Lynch
45,George,1610612743,DEN,33.0,78,33,45,0.423,2120.8166666666666,266,638,0.417,107,283,0.378,148,181,0.818,72,213,285,246,134,48,26,34,180,4,787,-94,1586.0,2,0,1573.0,1,1999-00,27.2,102.6,102.9,102.9,105.0,105.4,105.4,-2.4,-2.5,-2.5,0.182,1.84,22.5,0.033,0.099,0.066,12.3,12.2,0.501,0.548,0.172,0.176,96.89,96.51,80.42,96.51,0.09,4270,3.4,8.2,George McCloud
1562,Gerard,1610612764,WAS,27.0,62,23,39,0.371,1058.9816666666666,139,277,0.502,0,0,0.0,49,66,0.742,84,166,250,49,41,34,15,18,132,13,327,-48,806.5,2,0,724.0,1,1999-00,17.1,100.2,99.5,99.5,101.6,101.4,101.4,-1.3,-1.9,-1.9,0.075,1.2,12.3,0.078,0.165,0.12,10.3,10.4,0.502,0.534,0.143,0.146,94.73,95.14,79.28,95.14,0.093,2095,2.2,4.5,Gerard King
49,Gheorghe,1610612751,NJN,29.0,30,7,23,0.233,269.515,41,90,0.456,0,0,0.0,23,38,0.605,24,44,68,9,16,0,12,7,52,2,105,20,220.1,1,0,206.0,1,1999-00,9.0,100.5,97.7,97.7,95.6,93.3,93.3,4.9,4.4,4.4,0.056,0.56,6.8,0.091,0.151,0.122,12.1,12.1,0.456,0.492,0.195,0.203,97.2,99.82,83.19,99.82,0.053,558,1.4,3.0,Gheorghe Muresan
779,Glen,1610612747,LAL,33.0,80,65,15,0.813,2530.15,421,980,0.43,84,229,0.367,346,396,0.874,56,271,327,177,114,47,12,55,179,21,1272,402,1992.9,2,0,1978.0,1,1999-00,31.6,105.7,106.0,106.0,97.9,98.1,98.1,7.8,7.9,7.9,0.11,1.55,12.3,0.022,0.1,0.062,7.9,7.9,0.472,0.551,0.216,0.221,95.87,95.65,79.71,95.65,0.111,5045,5.3,12.3,Glen Rice
299,Glenn,1610612749,MIL,27.0,81,42,39,0.519,2912.545,690,1461,0.472,86,237,0.363,227,283,0.802,107,378,485,193,223,78,41,66,212,13,1693,128,2698.5,8,0,2695.0,1,1999-00,36.0,107.7,108.9,108.9,106.0,106.6,106.6,1.8,2.3,2.3,0.112,0.87,9.6,0.038,0.132,0.085,11.1,11.1,0.502,0.534,0.27,0.273,96.44,95.64,79.7,95.64,0.114,5801,8.5,18.0,Glenn Robinson
255,Grant,1610612765,DET,27.0,74,40,34,0.541,2775.276666666666,696,1422,0.489,34,98,0.347,480,604,0.795,97,393,490,385,240,103,43,75,190,42,1906,240,3269.5,13,0,3107.0,1,1999-00,37.5,107.3,107.7,107.7,103.6,103.7,103.7,3.8,4.0,4.0,0.253,1.6,16.7,0.036,0.146,0.091,10.4,10.4,0.501,0.565,0.298,0.304,98.67,98.46,82.05,98.46,0.17,5697,9.4,19.2,Grant Hill
3,Grant,1610612763,VAN,34.0,42,13,29,0.31,922.245,74,167,0.443,0,4,0.0,55,71,0.775,86,148,234,43,49,45,10,7,108,31,203,-62,664.3,0,0,590.0,1,1999-00,22.0,100.9,98.9,98.9,101.9,101.3,101.3,-1.0,-2.4,-2.4,0.076,0.88,14.7,0.099,0.173,0.136,16.8,16.9,0.443,0.512,0.12,0.123,92.62,93.81,78.18,93.81,0.083,1793,1.8,4.0,Grant Long
21,Greg,1610612757,POR,32.0,82,59,23,0.72,1551.6233333333332,169,416,0.406,88,233,0.378,88,114,0.772,17,116,133,208,85,59,9,10,143,17,514,207,1104.6,0,0,1079.0,1,1999-00,18.9,104.7,104.7,104.7,95.6,97.0,97.0,9.1,7.8,7.8,0.218,2.45,27.5,0.012,0.074,0.045,11.2,11.2,0.512,0.551,0.163,0.168,90.8,90.19,75.16,90.19,0.096,2906,2.1,5.1,Greg Anthony
1761,Greg,1610612742,DAL,23.0,48,30,18,0.625,922.4283333333332,111,233,0.476,10,26,0.385,43,63,0.683,56,118,174,55,36,38,20,13,148,28,275,12,704.3,1,0,630.0,1,1999-00,19.2,108.4,106.3,106.3,105.0,104.3,104.3,3.3,2.0,2.0,0.088,1.53,15.6,0.063,0.127,0.095,10.2,10.2,0.498,0.527,0.142,0.146,94.73,95.96,79.96,95.96,0.065,1832,2.3,4.9,Greg Buckner
323,Greg,1610612760,SEA,31.0,60,34,26,0.567,715.6583333333333,91,224,0.406,3,15,0.2,18,28,0.643,16,91,107,41,28,10,18,7,105,5,203,-27,448.9,0,0,410.0,1,1999-00,11.9,100.1,99.3,99.3,100.3,99.8,99.8,-0.2,-0.5,-0.5,0.091,1.46,13.4,0.022,0.118,0.071,9.2,9.2,0.413,0.43,0.164,0.168,94.78,95.38,79.48,95.38,0.038,1412,1.5,3.7,Greg Foster
731,Greg,1610612762,UTA,27.0,81,54,27,0.667,1603.006666666667,124,267,0.464,0,1,0.0,119,187,0.636,172,310,482,18,79,20,172,43,196,16,367,164,1469.4,1,0,1251.0,1,1999-00,19.8,102.2,102.9,102.9,97.6,97.2,97.2,4.6,5.7,5.7,0.018,0.23,4.0,0.117,0.195,0.158,17.6,17.7,0.464,0.525,0.123,0.125,90.61,90.47,75.4,90.47,0.093,3017,1.5,3.3,Greg Ostertag
165,Hakeem,1610612745,HOU,37.0,44,14,30,0.318,1046.1466666666668,193,421,0.458,0,2,0.0,69,112,0.616,65,209,274,61,73,41,70,19,88,3,455,-36,1135.3,5,0,1012.0,1,1999-00,23.8,98.3,99.5,99.5,101.4,101.4,101.4,-3.1,-2.0,-2.0,0.102,0.84,10.1,0.061,0.202,0.131,12.1,12.1,0.458,0.484,0.226,0.228,96.91,96.33,80.28,96.33,0.116,2102,4.4,9.6,Hakeem Olajuwon
1942,Harold,1610612748,MIA,23.0,12,6,6,0.5,74.23166666666667,7,20,0.35,0,0,0.0,4,18,0.222,16,5,21,4,4,2,1,6,17,0,18,-18,54.2,0,0,49.0,1,1999-00,6.2,87.0,85.5,85.5,101.6,97.9,97.9,-14.6,-12.4,-12.4,0.1,1.0,10.8,0.174,0.072,0.13,10.8,11.1,0.35,0.322,0.183,0.186,91.29,93.76,78.13,93.76,-0.07,145,0.6,1.7,Harold Jamison
906,Haywoode,1610612761,TOR,34.0,36,16,20,0.444,348.0366666666667,31,90,0.344,14,43,0.326,10,15,0.667,1,25,26,61,18,20,0,5,37,8,86,-60,250.7,0,0,227.0,2,1999-00,9.7,97.4,98.2,98.2,106.4,104.6,104.6,-9.0,-6.4,-6.4,0.272,3.39,34.7,0.003,0.076,0.039,10.2,10.3,0.422,0.445,0.144,0.147,97.84,98.33,81.95,98.33,0.067,706,0.9,2.5,Haywoode Workman
765,Hersey,1610612741,CHI,33.0,61,12,49,0.197,1620.993333333333,159,375,0.424,55,141,0.39,107,119,0.899,31,144,175,134,100,74,15,25,146,11,480,-432,1058.0,0,0,1022.0,1,1999-00,26.6,90.2,90.0,90.0,104.4,104.0,104.0,-14.2,-14.0,-14.0,0.154,1.34,20.4,0.019,0.093,0.055,15.2,15.1,0.497,0.562,0.145,0.15,91.42,91.71,76.42,91.71,0.083,3098,2.6,6.1,Hersey Hawkins
270,Horace,1610612760,SEA,34.0,76,43,33,0.566,2684.188333333333,266,599,0.444,0,4,0.0,80,111,0.721,167,424,591,188,61,55,60,17,192,30,612,93,1887.2,12,0,1621.0,1,1999-00,35.3,103.7,104.4,104.4,102.0,102.8,102.8,1.8,1.6,1.6,0.101,3.08,20.9,0.06,0.156,0.107,6.8,6.8,0.444,0.472,0.115,0.117,95.6,94.93,79.11,94.93,0.085,5313,3.5,7.9,Horace Grant
458,Howard,1610612762,UTA,27.0,82,55,27,0.671,2094.998333333333,282,675,0.418,60,163,0.368,85,103,0.825,23,147,170,347,132,59,9,31,223,15,709,-5,1505.5,0,0,1422.0,1,1999-00,25.5,102.5,102.5,102.5,103.5,103.1,103.1,-1.0,-0.6,-0.6,0.286,2.63,29.0,0.012,0.073,0.043,11.0,11.0,0.462,0.492,0.186,0.19,90.54,90.64,75.53,90.64,0.083,3965,3.4,8.2,Howard Eisley
93,Hubert,1610612742,DAL,30.0,79,39,40,0.494,1817.8233333333333,217,464,0.468,82,167,0.491,67,77,0.87,17,117,134,141,70,24,3,10,109,14,583,-164,966.3,0,0,994.0,1,1999-00,23.0,105.4,105.0,105.0,109.7,109.4,109.4,-4.3,-4.4,-4.4,0.113,2.01,20.1,0.009,0.064,0.037,10.0,9.9,0.556,0.585,0.133,0.138,97.13,97.47,81.23,97.47,0.068,3691,2.7,5.9,Hubert Davis
1134,Ike,1610612764,WAS,30.0,59,19,40,0.322,1169.4533333333334,151,352,0.429,1,4,0.25,94,137,0.686,64,218,282,74,107,17,38,29,128,16,397,-182,904.4,3,0,864.0,1,1999-00,19.8,96.8,96.8,96.8,105.0,104.1,104.1,-8.1,-7.3,-7.3,0.104,0.69,12.3,0.056,0.19,0.123,17.8,18.0,0.43,0.481,0.197,0.199,95.59,95.98,79.99,95.98,0.075,2333,2.6,6.0,Ike Austin
1085,Ira,1610612755,PHI,27.0,11,8,3,0.727,18.045,2,2,1.0,0,0,0.0,1,2,0.5,0,2,2,1,1,1,0,0,0,0,5,-19,10.9,0,0,10.0,1,1999-00,1.6,85.2,63.4,63.4,117.3,104.7,104.7,-32.1,-41.2,-41.2,0.125,1.0,20.0,0.0,0.087,0.0,20.0,20.5,1.0,0.868,0.087,0.109,91.61,111.72,93.1,111.72,0.112,41,0.2,0.2,Ira Bowman
375,Isaiah,1610612737,ATL,29.0,60,23,37,0.383,2085.4733333333334,449,1072,0.419,56,180,0.311,204,260,0.785,63,195,258,219,168,41,6,46,132,18,1158,-87,1769.1,1,0,1785.0,1,1999-00,34.8,102.6,102.3,102.3,103.9,104.3,104.3,-1.3,-2.0,-2.0,0.186,1.3,14.0,0.03,0.088,0.06,10.7,10.7,0.445,0.488,0.282,0.289,94.28,94.24,78.53,94.24,0.098,4093,7.5,17.9,Isaiah Rider
462,J.R.,1610612749,MIL,32.0,34,17,17,0.5,599.325,53,127,0.417,1,7,0.143,43,56,0.768,29,88,117,18,20,19,5,5,81,16,150,-47,369.4,0,0,334.0,1,1999-00,17.6,102.4,102.7,102.7,106.3,106.7,106.7,-3.9,-4.0,-4.0,0.044,0.9,9.4,0.05,0.147,0.099,10.4,10.5,0.421,0.495,0.129,0.131,94.44,94.11,78.42,94.11,0.054,1175,1.6,3.7,J.R. Reid
1521,Jacque,1610612762,UTA,25.0,78,51,27,0.654,880.445,109,262,0.416,14,34,0.412,57,76,0.75,11,54,65,121,77,32,0,17,92,18,289,-97,567.5,0,0,553.0,1,1999-00,11.3,96.1,94.5,94.5,101.3,100.4,100.4,-5.2,-5.9,-5.9,0.247,1.57,24.4,0.013,0.065,0.039,15.6,15.6,0.443,0.489,0.195,0.201,88.54,89.68,74.73,89.68,0.07,1645,1.4,3.4,Jacque Vaughn
1751,Jahidi,1610612764,WAS,24.0,80,28,52,0.35,1536.145,228,450,0.507,0,0,0.0,113,211,0.536,202,351,553,15,94,31,83,68,234,14,569,-108,1503.1,10,0,1365.0,1,1999-00,19.2,100.4,101.0,101.0,103.9,103.9,103.9,-3.4,-2.9,-2.9,0.015,0.16,2.3,0.134,0.232,0.183,14.5,14.4,0.507,0.524,0.18,0.183,94.54,94.29,78.57,94.29,0.096,3008,2.9,5.6,Jahidi White
147,Jalen,1610612754,IND,27.0,80,54,26,0.675,2973.575,563,1196,0.471,77,196,0.393,254,307,0.827,42,345,387,320,188,84,49,43,234,22,1457,234,2612.4,4,0,2507.0,1,1999-00,37.2,105.8,106.5,106.5,101.4,102.0,102.0,4.5,4.5,4.5,0.18,1.7,17.4,0.015,0.11,0.065,10.2,10.2,0.503,0.547,0.229,0.232,95.76,95.17,79.31,95.17,0.112,5881,7.0,15.0,Jalen Rose
469,Jamal,1610612748,MIA,27.0,76,47,29,0.618,2825.7566666666667,515,1158,0.445,112,278,0.403,186,239,0.778,64,317,381,298,180,79,14,61,215,6,1328,341,2331.2,4,0,2305.0,1,1999-00,37.2,104.2,104.2,104.2,97.5,98.2,98.2,6.6,6.0,6.0,0.178,1.66,17.1,0.024,0.11,0.069,10.3,10.3,0.493,0.526,0.234,0.238,92.42,92.06,76.72,92.06,0.11,5428,6.8,15.2,Jamal Mashburn
1975,Jamel,1610612744,GSW,23.0,7,2,5,0.286,46.41166666666667,8,18,0.444,0,3,0.0,1,1,1.0,1,4,5,6,5,1,0,0,2,0,17,-43,30.0,0,0,30.0,2,1999-00,6.6,74.9,75.2,75.2,116.5,113.0,113.0,-41.5,-37.7,-37.7,0.286,1.2,20.7,0.018,0.0,0.0,17.2,17.0,0.444,0.461,0.197,0.207,108.7,110.14,91.79,110.14,0.071,105,1.1,2.6,Jamel Thomas
1899,James,1610612743,DEN,23.0,81,34,47,0.42,2051.633333333333,230,536,0.429,82,220,0.373,120,150,0.8,85,232,317,146,95,98,33,41,207,30,662,-68,1559.4,0,0,1469.0,1,1999-00,25.3,100.4,100.9,100.9,102.0,102.2,102.2,-1.6,-1.2,-1.2,0.106,1.54,17.3,0.04,0.111,0.075,11.2,11.3,0.506,0.55,0.146,0.148,97.79,97.4,81.16,97.4,0.08,4155,2.8,6.6,James Posey
994,Jamie,1610612751,NJN,25.0,81,30,51,0.37,2240.221666666667,181,423,0.428,3,3,1.0,94,133,0.707,264,491,755,68,59,43,38,25,206,17,459,-48,1651.0,11,0,1447.0,1,1999-00,27.7,103.2,102.4,102.4,104.3,103.6,103.6,-1.1,-1.2,-1.2,0.046,1.15,11.1,0.113,0.228,0.168,9.6,9.7,0.431,0.477,0.105,0.107,94.67,95.3,79.42,95.3,0.093,4450,2.2,5.2,Jamie Feick
1114,Jaren,1610612759,SAS,32.0,81,53,28,0.654,1689.1833333333334,186,488,0.381,108,306,0.353,33,51,0.647,34,147,181,118,66,54,7,10,157,11,513,108,1024.2,0,0,1042.0,1,1999-00,20.9,102.9,101.8,101.8,98.5,98.6,98.6,4.3,3.2,3.2,0.112,1.79,17.1,0.021,0.086,0.054,9.6,9.5,0.492,0.503,0.15,0.155,93.87,94.36,78.63,94.36,0.06,3321,2.3,6.0,Jaren Jackson
679,Jason,1610612744,GSW,27.0,71,16,55,0.225,2159.8566666666666,323,675,0.479,0,2,0.0,206,345,0.597,189,293,482,119,170,62,20,78,269,21,852,-405,1684.9,14,0,1617.0,1,1999-00,30.4,96.7,97.3,97.3,106.8,106.5,106.5,-10.1,-9.1,-9.1,0.09,0.7,10.6,0.078,0.142,0.108,15.1,15.2,0.479,0.515,0.194,0.195,97.4,97.2,81.0,97.2,0.071,4371,4.5,9.5,Jason Caffey
467,Jason,1610612756,PHX,27.0,67,44,23,0.657,2615.19,350,855,0.409,56,166,0.337,203,245,0.829,96,387,483,678,226,134,28,28,148,17,959,305,2815.6,36,5,2500.0,1,1999-00,39.0,102.8,103.9,103.9,96.9,98.1,98.1,5.8,5.8,5.8,0.395,3.0,36.5,0.037,0.145,0.091,12.2,12.1,0.442,0.498,0.195,0.199,97.29,96.19,80.16,96.19,0.153,5242,5.2,12.8,Jason Kidd
1954,Jason,1610612766,CHH,24.0,1,1,0,1.0,3.2,0,1,0.0,0,1,0.0,0,0,0.0,0,0,0,1,0,0,0,0,2,0,0,-11,1.5,0,0,1.0,1,1999-00,3.2,50.0,50.0,50.0,208.3,214.3,214.3,-158.3,-164.3,-164.3,0.5,0.0,50.0,0.0,0.0,0.0,0.0,0.0,0.0,0.0,0.111,0.125,114.0,112.5,93.75,112.5,-0.111,8,0.0,1.0,Jason Miskiri
1891,Jason,1610612737,ATL,22.0,81,28,53,0.346,1886.14,249,600,0.415,46,157,0.293,113,140,0.807,24,142,166,346,156,90,10,30,133,7,657,-259,1519.2,5,0,1415.0,1,1999-00,23.3,98.3,98.4,98.4,105.3,105.2,105.2,-7.0,-6.8,-6.8,0.3,2.22,29.6,0.012,0.074,0.043,13.3,13.4,0.453,0.497,0.189,0.191,94.61,94.63,78.86,94.63,0.099,3716,3.1,7.4,Jason Terry
1715,Jason,1610612758,SAC,24.0,81,43,38,0.531,2755.903333333333,363,973,0.373,145,505,0.287,128,170,0.753,22,208,230,589,296,117,8,18,140,14,999,75,2237.5,11,0,2213.0,1,1999-00,34.0,101.0,102.2,102.2,100.7,100.9,100.9,0.4,1.2,1.2,0.297,1.99,30.6,0.007,0.069,0.038,15.4,15.3,0.448,0.477,0.196,0.199,104.44,103.72,86.43,103.72,0.082,5956,4.5,12.0,Jason Williams
1902,Jeff,1610612754,IND,23.0,19,16,3,0.842,85.4,13,23,0.565,0,1,0.0,17,25,0.68,12,20,32,5,2,5,1,2,18,0,43,-13,104.9,1,0,92.0,1,1999-00,4.5,97.6,93.4,93.4,103.9,99.5,99.5,-6.3,-6.1,-6.1,0.088,2.5,11.9,0.135,0.217,0.177,4.8,4.9,0.565,0.632,0.162,0.167,106.87,111.57,92.97,111.57,0.147,198,0.7,1.2,Jeff Foster
204,Jeff,1610612762,UTA,37.0,77,52,25,0.675,2131.1266666666666,358,728,0.492,66,138,0.478,171,180,0.95,49,133,182,202,113,66,16,32,149,36,953,332,1607.4,0,0,1567.0,1,1999-00,27.7,106.9,108.2,108.2,99.7,100.2,100.2,7.3,8.0,8.0,0.151,1.79,18.4,0.025,0.066,0.045,10.3,10.1,0.537,0.59,0.189,0.196,94.25,93.43,77.86,93.43,0.108,4148,4.6,9.5,Jeff Hornacek
976,Jeff,1610612746,LAC,25.0,25,3,22,0.12,598.3133333333334,80,186,0.43,7,21,0.333,13,17,0.765,18,54,72,89,27,15,2,5,55,7,180,-162,423.9,0,0,382.0,1,1999-00,23.9,98.7,99.2,99.2,113.8,112.6,112.6,-15.0,-13.5,-13.5,0.245,3.3,28.8,0.028,0.095,0.06,8.7,8.7,0.449,0.465,0.159,0.162,95.04,95.31,79.42,95.31,0.077,1187,3.2,7.4,Jeff McInnis
1741,Jelani,1610612760,SEA,22.0,58,32,26,0.552,748.6366666666667,102,177,0.576,0,0,0.0,45,91,0.495,54,125,179,24,45,15,46,20,127,8,249,-21,637.8,0,0,574.0,1,1999-00,12.9,98.9,97.0,97.0,98.6,98.7,98.7,0.3,-1.6,-1.6,0.051,0.53,8.4,0.068,0.155,0.112,15.8,15.7,0.576,0.574,0.149,0.156,96.59,97.46,81.21,97.46,0.077,1522,1.8,3.1,Jelani McCoy
1983,Jermaine,1610612765,DET,24.0,7,6,1,0.857,72.37166666666667,1,11,0.091,0,1,0.0,5,8,0.625,1,10,11,4,7,3,0,1,7,4,7,4,28.2,0,0,28.0,1,1999-00,10.3,90.8,88.1,88.1,87.2,83.2,83.2,3.6,4.9,4.9,0.083,0.57,15.4,0.015,0.149,0.082,26.9,27.4,0.091,0.241,0.126,0.132,97.63,101.48,84.56,101.48,-0.016,151,0.1,1.6,Jermaine Jackson
979,Jermaine,1610612757,POR,21.0,70,51,19,0.729,856.8383333333334,108,222,0.486,0,1,0.0,57,98,0.582,97,132,229,18,47,11,55,30,127,3,273,19,725.8,2,0,652.0,1,1999-00,12.2,99.7,99.1,99.1,96.8,96.9,96.9,2.8,2.1,2.1,0.036,0.38,5.5,0.117,0.149,0.134,14.3,14.2,0.486,0.515,0.162,0.167,92.86,93.08,77.56,93.08,0.076,1653,1.5,3.2,Jermaine O'Neal
760,Jerome,1610612759,SAS,38.0,72,46,26,0.639,1310.3283333333334,146,354,0.412,0,9,0.0,29,41,0.707,58,167,225,69,51,67,47,12,161,12,321,140,985.5,0,0,843.0,1,1999-00,18.2,99.3,98.5,98.5,92.8,92.7,92.7,6.4,5.8,5.8,0.086,1.35,14.0,0.045,0.124,0.086,10.3,10.4,0.412,0.431,0.145,0.149,92.27,92.72,77.26,92.72,0.065,2528,2.0,4.9,Jerome Kersey
966,Jerome,1610612765,DET,27.0,82,42,40,0.512,2104.7116666666666,257,456,0.564,0,3,0.0,175,284,0.616,277,512,789,68,105,95,21,44,196,46,689,148,1980.8,23,0,1778.0,1,1999-00,25.7,104.9,103.8,103.8,100.8,99.9,99.9,4.1,4.0,4.0,0.053,0.65,9.0,0.134,0.243,0.189,13.9,13.9,0.564,0.593,0.139,0.142,97.14,98.12,81.77,98.12,0.146,4291,3.1,5.6,Jerome Williams
711,Jerry,1610612765,DET,25.0,82,42,40,0.512,3148.48,619,1447,0.428,83,288,0.288,618,758,0.815,118,197,315,365,311,103,36,108,188,19,1939,25,2970.5,2,0,2980.0,1,1999-00,38.4,104.9,105.2,105.2,104.9,104.8,104.8,0.1,0.4,0.4,0.2,1.17,14.8,0.038,0.064,0.051,12.6,12.7,0.456,0.545,0.285,0.289,99.14,99.03,82.53,99.03,0.115,6497,7.5,17.6,Jerry Stackhouse
754,Jim,1610612737,ATL,29.0,79,27,52,0.342,2764.401666666666,507,1235,0.411,117,303,0.386,186,212,0.877,101,293,394,230,185,57,10,47,167,11,1317,-292,2150.8,4,0,2192.0,1,1999-00,35.0,100.0,100.1,100.1,105.5,106.0,106.0,-5.5,-5.8,-5.8,0.142,1.24,13.2,0.036,0.104,0.07,10.6,10.6,0.458,0.496,0.238,0.243,94.23,93.96,78.3,93.96,0.092,5423,6.4,15.6,Jim Jackson
29,Jim,1610612751,NJN,27.0,66,25,41,0.379,1047.3516666666667,64,154,0.416,0,0,0.0,29,56,0.518,106,124,230,36,38,26,117,18,205,37,157,-22,878.0,0,0,709.0,1,1999-00,15.9,100.9,100.5,100.5,101.4,100.6,100.6,-0.5,0.0,0.0,0.048,0.95,14.2,0.099,0.117,0.108,15.0,15.0,0.416,0.439,0.091,0.092,95.7,96.27,80.22,96.27,0.028,2090,1.0,2.3,Jim McIlvaine
170,Joe,1610612757,POR,38.0,7,6,1,0.857,30.266666666666666,4,11,0.364,0,0,0.0,3,3,1.0,0,6,6,2,2,1,0,0,7,0,11,9,22.2,0,0,21.0,1,1999-00,4.3,118.0,110.8,110.8,94.4,91.3,91.3,23.7,19.5,19.5,0.1,1.0,12.5,0.0,0.136,0.0,12.5,12.3,0.364,0.446,0.194,0.214,101.31,106.26,88.55,106.26,0.043,65,0.6,1.6,Joe Kleine
693,Joe,1610612750,MIN,24.0,78,49,29,0.628,1975.155,289,623,0.464,1,1,1.0,195,258,0.756,186,298,484,88,119,45,85,43,302,66,774,112,1757.8,5,0,1607.0,1,1999-00,25.3,103.0,102.8,102.8,100.0,100.2,100.2,3.0,2.5,2.5,0.07,0.74,9.3,0.096,0.156,0.126,12.5,12.6,0.465,0.525,0.191,0.194,94.23,94.19,78.5,94.19,0.086,3883,3.7,8.0,Joe Smith
1086,Joe,1610612763,VAN,27.0,13,3,10,0.231,181.45666666666668,19,51,0.373,0,8,0.0,3,4,0.75,13,23,36,11,6,7,3,5,9,0,41,19,124.7,0,0,108.0,1,1999-00,14.0,103.5,101.4,101.4,96.2,96.9,96.9,7.2,4.4,4.4,0.087,1.83,15.7,0.074,0.128,0.102,8.6,8.6,0.373,0.389,0.139,0.144,94.75,95.36,79.47,95.36,0.087,362,1.5,3.9,Joe Stephens
680,John,1610612753,ORL,29.0,80,39,41,0.488,1685.7983333333334,306,700,0.437,1,6,0.167,223,291,0.766,62,204,266,95,139,35,37,79,161,23,836,7,1374.7,0,0,1342.0,1,1999-00,21.1,98.8,99.0,99.0,98.1,99.2,99.2,0.7,-0.2,-0.2,0.092,0.68,8.9,0.037,0.115,0.077,13.0,13.1,0.438,0.505,0.243,0.247,98.6,98.0,81.67,98.0,0.086,3449,3.8,8.8,John Amaechi
1911,John,1610612747,LAL,23.0,16,12,4,0.75,183.625,15,45,0.333,2,9,0.222,5,6,0.833,1,10,11,20,16,7,0,6,22,0,37,-19,85.2,0,0,84.0,1,1999-00,11.5,96.7,94.0,94.0,100.1,97.9,97.9,-3.4,-3.9,-3.9,0.165,1.25,23.8,0.005,0.05,0.027,19.0,19.1,0.356,0.388,0.143,0.148,98.4,100.9,84.08,100.9,0.01,384,0.9,2.8,John Celestand
180,John,1610612765,DET,30.0,69,36,33,0.522,938.1933333333334,106,251,0.422,33,80,0.413,80,93,0.86,17,58,75,128,54,27,5,20,104,10,325,85,649.0,0,0,625.0,1,1999-00,13.6,102.4,99.8,99.8,97.9,95.5,95.5,4.5,4.3,4.3,0.219,2.37,26.9,0.019,0.063,0.041,11.3,11.4,0.488,0.557,0.158,0.164,95.61,98.03,81.69,98.03,0.09,1917,1.5,3.6,John Crotty
927,John,1610612747,LAL,36.0,45,37,8,0.822,304.4766666666667,25,69,0.362,0,0,0.0,21,28,0.75,20,45,65,26,18,8,14,8,67,8,71,-17,236.0,0,0,206.0,1,1999-00,6.8,95.4,91.0,91.0,94.7,93.6,93.6,0.7,-2.6,-2.6,0.146,1.44,20.5,0.059,0.136,0.097,14.2,14.4,0.362,0.437,0.14,0.147,95.45,98.29,81.91,98.29,0.041,623,0.6,1.5,John Salley
317,John,1610612741,CHI,34.0,37,10,27,0.27,1191.3733333333332,203,542,0.375,59,171,0.345,50,59,0.847,10,91,101,181,67,42,4,13,102,11,515,-71,978.7,2,0,948.0,2,1999-00,32.2,99.1,99.4,99.4,102.9,103.1,103.1,-3.8,-3.7,-3.7,0.242,2.7,22.3,0.007,0.075,0.04,8.3,8.2,0.429,0.453,0.221,0.227,96.8,96.49,80.41,96.49,0.081,2404,5.5,14.6,John Starks
304,John,1610612762,UTA,38.0,82,55,27,0.671,2432.6366666666668,363,725,0.501,43,121,0.355,221,257,0.86,45,170,215,703,179,143,15,41,192,39,990,516,2597.5,18,0,2267.0,1,1999-00,29.7,107.2,108.7,108.7,97.2,98.1,98.1,10.0,10.6,10.6,0.456,3.93,41.0,0.02,0.075,0.048,10.4,10.4,0.53,0.591,0.188,0.192,93.51,92.48,77.07,92.48,0.167,4696,4.4,8.8,John Stockton
1519,John,1610612761,TOR,24.0,55,31,24,0.564,478.0083333333333,49,107,0.458,0,1,0.0,16,41,0.39,37,38,75,9,14,12,14,13,106,6,114,-46,281.5,0,0,250.0,1,1999-00,8.7,98.2,95.5,95.5,102.7,98.9,98.9,-4.5,-3.4,-3.4,0.029,0.64,6.0,0.07,0.086,0.077,9.4,9.5,0.458,0.456,0.122,0.126,96.06,99.26,82.72,99.26,-0.003,982,0.9,1.9,John Thomas
961,John,1610612752,NYK,26.0,60,34,26,0.567,796.765,155,332,0.467,0,3,0.0,82,102,0.804,42,93,135,22,63,10,14,24,103,2,392,-73,596.0,0,0,597.0,1,1999-00,13.3,93.6,93.1,93.1,99.6,97.3,97.3,-6.1,-4.1,-4.1,0.055,0.35,4.8,0.056,0.12,0.088,13.7,13.6,0.467,0.52,0.252,0.26,91.16,92.47,77.06,92.47,0.089,1530,2.6,5.5,John Wallace
271,Johnny,1610612751,NJN,36.0,82,31,51,0.378,1757.5716666666667,278,623,0.446,72,190,0.379,192,229,0.838,39,115,154,65,89,53,11,54,207,20,820,-19,1205.3,1,0,1239.0,1,1999-00,21.4,101.4,99.9,99.9,101.2,100.3,100.3,0.1,-0.4,-0.4,0.067,0.73,7.4,0.022,0.068,0.045,10.1,10.1,0.504,0.566,0.206,0.212,93.59,94.71,78.93,94.71,0.076,3466,3.4,7.6,Johnny Newman
1511,Johnny,1610612753,ORL,26.0,6,4,2,0.667,32.85,5,14,0.357,1,1,1.0,0,0,0.0,2,4,6,1,2,1,1,1,5,0,11,13,23.7,0,0,23.0,2,1999-00,5.5,107.5,101.3,101.3,90.9,84.8,84.8,16.5,16.5,16.5,0.042,0.5,5.9,0.053,0.095,0.075,11.8,11.8,0.393,0.393,0.178,0.187,108.22,115.43,96.19,115.43,0.023,79,0.8,2.3,Johnny Taylor
468,Jon,1610612758,SAC,30.0,62,36,26,0.581,1278.485,161,346,0.465,66,154,0.429,107,116,0.922,38,121,159,150,85,75,7,22,104,23,495,180,1071.8,0,0,1034.0,1,1999-00,20.6,105.2,105.3,105.3,98.3,98.3,98.3,6.9,7.0,7.0,0.177,1.76,24.0,0.029,0.091,0.06,13.6,13.4,0.561,0.623,0.158,0.163,97.77,97.67,81.39,97.67,0.117,2601,2.6,5.6,Jon Barry
1886,Jonathan,1610612754,IND,19.0,24,19,5,0.792,131.04,23,70,0.329,2,12,0.167,16,24,0.667,4,17,21,3,7,1,5,5,18,2,64,-2,104.7,0,0,102.0,1,1999-00,5.5,105.4,100.0,100.0,105.6,103.1,103.1,-0.2,-3.1,-3.1,0.036,0.43,3.3,0.03,0.113,0.074,7.8,7.7,0.343,0.397,0.258,0.277,104.19,108.24,90.2,108.24,0.019,299,1.0,2.9,Jonathan Bender
146,Jud,1610612765,DET,32.0,58,30,28,0.517,654.4733333333334,55,156,0.353,18,83,0.217,2,7,0.286,30,61,91,33,13,25,16,2,50,6,130,35,398.7,0,0,354.0,1,1999-00,11.3,101.4,98.9,98.9,98.9,97.0,97.0,2.4,1.9,1.9,0.077,2.54,16.1,0.044,0.095,0.069,6.3,6.3,0.41,0.409,0.111,0.115,97.38,99.52,82.94,99.52,0.052,1362,0.9,2.7,Jud Buechler
1908,Jumaine,1610612755,PHI,21.0,33,20,13,0.606,137.54833333333335,22,58,0.379,2,4,0.5,11,18,0.611,16,22,38,5,14,6,5,5,10,1,57,-5,129.1,0,0,124.0,1,1999-00,4.2,91.9,85.5,85.5,90.7,87.5,87.5,1.1,-2.0,-2.0,0.074,0.36,5.8,0.101,0.137,0.119,16.3,16.5,0.397,0.432,0.232,0.246,98.04,103.47,86.22,103.47,0.094,297,0.7,1.8,Jumaine Jones
436,Juwan,1610612764,WAS,27.0,82,29,53,0.354,2913.5983333333334,509,1108,0.459,0,7,0.0,202,275,0.735,132,338,470,247,225,67,21,90,299,10,1220,-234,2193.5,10,0,2113.0,1,1999-00,35.5,101.1,101.8,101.8,105.4,106.0,106.0,-4.4,-4.2,-4.2,0.143,1.1,14.5,0.046,0.121,0.083,13.2,13.2,0.459,0.496,0.218,0.222,95.31,94.72,78.93,94.72,0.081,5754,6.2,13.5,Juwan Howard
252,Karl,1610612762,UTA,36.0,82,55,27,0.671,2945.64,752,1476,0.509,2,8,0.25,589,739,0.797,169,610,779,304,231,79,71,78,229,24,2095,481,3704.8,43,0,3480.0,1,1999-00,35.9,107.9,109.4,109.4,100.0,100.7,100.7,7.8,8.6,8.6,0.197,1.32,13.0,0.064,0.223,0.145,9.9,9.9,0.51,0.582,0.316,0.318,93.28,92.3,76.91,92.3,0.199,5660,9.2,18.0,Karl Malone
1569,Keith,1610612746,LAC,24.0,57,7,50,0.123,822.12,96,197,0.487,0,3,0.0,46,78,0.59,65,114,179,25,34,13,73,13,80,3,238,-191,714.3,1,0,614.0,1,1999-00,14.4,97.4,96.3,96.3,108.8,106.7,106.7,-11.4,-10.4,-10.4,0.048,0.74,8.6,0.076,0.137,0.106,11.7,11.7,0.487,0.514,0.136,0.141,98.66,100.22,83.52,100.22,0.075,1710,1.7,3.5,Keith Closs
1496,Keith,1610612751,NJN,24.0,80,30,50,0.375,2788.338333333333,559,1257,0.445,84,228,0.368,333,393,0.847,200,476,676,158,245,64,60,107,258,27,1535,-220,2710.2,31,0,2701.0,1,1999-00,34.9,101.3,102.0,102.0,105.7,105.9,105.9,-4.4,-4.0,-4.0,0.102,0.64,8.6,0.069,0.177,0.121,13.4,13.4,0.478,0.537,0.261,0.265,95.6,95.2,79.33,95.2,0.12,5530,7.0,15.7,Keith Van Horn
1509,Kelvin,1610612745,HOU,25.0,65,28,37,0.431,1581.2133333333334,216,402,0.537,0,4,0.0,135,208,0.649,102,287,389,26,71,33,124,33,175,19,567,-10,1472.8,8,0,1296.0,1,1999-00,24.3,101.1,101.8,101.8,100.9,101.4,101.4,0.2,0.4,0.4,0.027,0.37,4.4,0.068,0.172,0.123,12.0,12.0,0.537,0.574,0.158,0.16,96.27,95.73,79.77,95.73,0.1,3143,3.3,6.2,Kelvin Cato
383,Kendall,1610612751,NJN,32.0,76,30,46,0.395,2355.641666666667,396,956,0.414,20,78,0.256,181,255,0.71,82,201,283,210,89,139,41,79,211,14,993,-53,2098.6,1,0,1866.0,1,1999-00,31.0,103.8,103.9,103.9,105.3,104.9,104.9,-1.5,-1.0,-1.0,0.145,2.36,15.3,0.033,0.087,0.059,6.5,6.5,0.425,0.465,0.214,0.216,96.06,96.21,80.17,96.21,0.084,4719,5.2,12.6,Kendall Gill
72,Kenny,1610612738,BOS,29.0,82,35,47,0.427,2594.0616666666665,434,986,0.44,85,220,0.386,196,253,0.775,55,170,225,420,130,139,8,60,230,11,1149,102,2360.0,6,0,2173.0,1,1999-00,31.6,104.1,104.7,104.7,102.6,102.8,102.8,1.5,2.0,2.0,0.253,3.23,25.6,0.02,0.071,0.044,7.9,7.9,0.483,0.524,0.2,0.204,97.71,97.35,81.12,97.35,0.11,5260,5.3,12.0,Kenny Anderson
1903,Kenny,1610612745,HOU,22.0,72,33,39,0.458,1795.16,212,531,0.399,32,122,0.262,138,209,0.66,147,290,437,113,112,54,22,62,167,20,594,52,1403.9,8,0,1328.0,1,1999-00,24.9,102.9,103.7,103.7,102.0,102.4,102.4,0.9,1.3,1.3,0.099,1.01,13.3,0.083,0.158,0.121,13.2,13.2,0.429,0.477,0.179,0.18,95.98,95.4,79.5,95.4,0.079,3571,2.9,7.4,Kenny Thomas
1721,Keon,1610612743,DEN,25.0,81,35,46,0.432,1853.7083333333333,286,528,0.542,1,8,0.125,121,176,0.688,162,343,505,71,125,45,114,34,231,18,694,-83,1758.5,5,0,1589.0,1,1999-00,22.9,99.8,98.9,98.9,100.5,100.8,100.8,-0.8,-1.9,-1.9,0.063,0.57,8.8,0.084,0.175,0.13,15.5,15.6,0.543,0.573,0.169,0.172,97.17,97.48,81.23,97.48,0.109,3758,3.5,6.5,Keon Clark
954,Kerry,1610612751,NJN,26.0,62,29,33,0.468,1897.44,305,698,0.437,96,240,0.4,101,127,0.795,46,179,225,142,56,79,19,23,120,9,807,29,1528.0,0,0,1466.0,1,1999-00,30.6,103.7,103.8,103.8,102.8,103.0,103.0,0.9,0.9,0.9,0.122,2.54,14.9,0.024,0.095,0.059,5.9,5.9,0.506,0.535,0.187,0.19,95.54,95.43,79.53,95.43,0.101,3771,4.9,11.3,Kerry Kittles
708,Kevin,1610612750,MIN,24.0,81,50,31,0.617,3243.25,759,1526,0.497,30,81,0.37,309,404,0.765,223,733,956,401,268,120,126,41,205,16,1857,322,4075.7,57,1,3736.0,1,1999-00,40.0,105.0,105.7,105.7,99.3,100.3,100.3,5.7,5.4,5.4,0.211,1.5,16.8,0.072,0.233,0.153,11.3,11.3,0.507,0.545,0.273,0.276,94.0,93.25,77.71,93.25,0.18,6293,9.4,18.8,Kevin Garnett
134,Kevin,1610612756,PHX,34.0,6,3,3,0.5,112.55,16,28,0.571,1,1,1.0,7,7,1.0,0,16,16,24,7,2,0,2,6,0,40,43,94.2,0,0,85.0,1,1999-00,18.8,108.1,105.4,105.4,86.8,84.9,84.9,21.3,20.5,20.5,0.324,3.43,38.7,0.0,0.118,0.067,11.3,11.3,0.589,0.644,0.154,0.16,93.1,95.32,79.43,95.32,0.165,222,2.7,4.7,Kevin Johnson
1563,Kevin,1610612755,PHI,27.0,40,28,12,0.7,288.395,22,49,0.449,0,0,0.0,28,37,0.757,4,27,31,46,10,10,0,7,27,6,72,-19,198.2,0,0,169.0,1,1999-00,7.2,94.5,89.3,89.3,93.8,89.2,89.2,0.7,0.1,0.1,0.256,4.6,38.0,0.014,0.091,0.053,8.3,8.2,0.449,0.551,0.113,0.121,93.12,98.2,81.83,98.2,0.107,579,0.6,1.2,Kevin Ollie
788,Kevin,1610612761,TOR,37.0,79,45,34,0.57,1680.7716666666668,236,569,0.415,1,3,0.333,131,164,0.799,201,281,482,49,98,36,48,40,256,10,604,-78,1409.9,6,0,1304.0,1,1999-00,21.3,98.9,98.8,98.8,100.9,100.9,100.9,-2.0,-2.1,-2.1,0.05,0.5,6.2,0.113,0.173,0.142,12.3,12.4,0.416,0.471,0.194,0.197,93.52,93.56,77.96,93.56,0.074,3272,3.0,7.2,Kevin Willis
234,Khalid,1610612741,CHI,27.0,3,0,3,0.0,47.45,3,12,0.25,0,3,0.0,5,5,1.0,2,2,4,13,6,2,0,1,8,0,11,17,35.3,0,0,32.0,1,1999-00,15.8,100.4,104.4,104.4,85.5,83.9,83.9,14.9,20.5,20.5,0.419,2.17,39.4,0.044,0.049,0.047,18.2,18.1,0.25,0.387,0.185,0.188,94.0,93.07,77.56,93.07,0.053,91,1.0,4.0,Khalid Reeves
1619,Kiwane,1610612753,ORL,25.0,3,0,3,0.0,21.73333333333333,2,10,0.2,0,1,0.0,0,0,0.0,0,1,1,2,1,0,0,2,0,1,4,12,7.2,0,0,7.0,1,1999-00,7.2,109.6,114.9,114.9,95.5,85.7,85.7,14.0,29.2,29.2,0.1,2.0,15.4,0.0,0.0,0.0,7.7,7.7,0.2,0.2,0.204,0.203,102.96,106.01,88.34,106.01,-0.028,47,0.7,3.3,Kiwane Garris
977,Kobe,1610612747,LAL,21.0,66,55,11,0.833,2522.995,554,1183,0.468,46,144,0.319,331,403,0.821,108,308,416,323,182,106,62,53,220,13,1485,531,2790.7,12,0,2606.0,1,1999-00,38.2,107.0,107.1,107.1,96.5,96.4,96.4,10.4,10.7,10.7,0.215,1.77,17.4,0.042,0.114,0.079,9.8,9.8,0.488,0.546,0.261,0.266,96.11,96.1,80.09,96.1,0.149,5047,8.4,17.9,Kobe Bryant
1600,Kornel,1610612739,CLE,28.0,32,5,27,0.156,473.785,67,157,0.427,0,3,0.0,45,56,0.804,26,55,81,16,33,17,3,2,56,2,179,-120,327.2,0,0,316.0,2,1999-00,14.8,88.9,88.6,88.6,104.0,101.4,101.4,-15.2,-12.8,-12.8,0.065,0.48,6.9,0.052,0.131,0.088,14.3,14.3,0.427,0.493,0.192,0.198,94.75,96.09,80.08,96.09,0.074,949,2.1,4.9,Kornel David
703,Kurt,1610612752,NYK,27.0,80,49,31,0.613,1969.73,270,535,0.505,1,3,0.333,100,128,0.781,144,361,505,82,105,51,42,39,278,47,641,70,1544.0,7,0,1415.0,1,1999-00,24.6,99.9,100.2,100.2,97.1,97.4,97.4,2.9,2.8,2.8,0.07,0.78,10.5,0.082,0.182,0.135,13.5,13.5,0.506,0.542,0.168,0.17,90.69,90.46,75.38,90.46,0.102,3695,3.4,6.7,Kurt Thomas
111,LaPhonso,1610612737,ATL,30.0,58,18,40,0.31,1310.8133333333333,209,464,0.45,3,21,0.143,66,95,0.695,98,192,290,59,52,32,25,24,133,8,487,-180,1042.5,2,0,953.0,1,1999-00,22.6,97.0,96.2,96.2,103.4,103.4,103.4,-6.4,-7.3,-7.3,0.08,1.13,9.5,0.073,0.144,0.108,8.4,8.4,0.454,0.481,0.188,0.193,92.35,92.72,77.27,92.72,0.094,2534,3.6,8.0,LaPhonso Ellis
1885,Lamar,1610612746,LAC,20.0,76,15,61,0.197,2766.565,449,1024,0.438,59,164,0.36,302,420,0.719,159,436,595,317,258,91,95,75,291,16,1259,-449,2748.5,26,3,2602.0,1,1999-00,36.4,96.0,96.6,96.6,104.1,104.7,104.7,-8.2,-8.1,-8.1,0.199,1.23,17.7,0.056,0.16,0.107,14.4,14.5,0.467,0.521,0.232,0.234,96.67,96.11,80.09,96.11,0.113,5538,5.9,13.5,Lamar Odom
441,Lamond,1610612739,CLE,27.0,74,27,47,0.365,2369.0583333333334,460,1019,0.451,51,139,0.367,204,268,0.761,127,296,423,132,184,105,36,53,208,17,1175,-217,2119.6,6,0,2063.0,1,1999-00,32.0,97.6,97.8,97.8,101.4,101.9,101.9,-3.7,-4.1,-4.1,0.101,0.72,9.1,0.052,0.123,0.087,12.6,12.7,0.476,0.517,0.239,0.242,98.75,98.41,82.01,98.41,0.103,4847,6.2,13.8,Lamond Murray
1930,Lari,1610612739,CLE,23.0,22,6,16,0.273,131.41333333333333,13,32,0.406,0,0,0.0,8,12,0.667,12,22,34,1,10,4,3,4,20,0,34,-70,87.3,0,0,83.0,2,1999-00,6.0,84.8,82.3,82.3,112.1,107.6,107.6,-27.3,-25.3,-25.3,0.015,0.1,2.0,0.079,0.182,0.125,20.4,20.7,0.406,0.456,0.148,0.152,97.65,101.18,84.31,101.18,0.045,277,0.6,1.5,Lari Ketner
1919,Laron,1610612764,WAS,22.0,33,12,21,0.364,223.345,21,59,0.356,3,17,0.176,4,10,0.4,2,24,26,25,19,7,4,3,26,0,49,-12,131.7,0,0,125.0,1,1999-00,6.8,100.4,96.9,96.9,101.9,99.3,99.3,-1.5,-2.4,-2.4,0.185,1.32,23.1,0.008,0.1,0.054,17.6,17.7,0.381,0.386,0.152,0.159,95.18,98.11,81.76,98.11,0.031,456,0.6,1.8,Laron Profit
1716,Larry,1610612744,GSW,21.0,82,33,49,0.402,2325.161666666667,459,1147,0.4,29,125,0.232,279,377,0.74,113,236,349,205,195,115,28,90,191,12,1226,-371,2186.3,5,0,2095.0,2,1999-00,28.4,95.8,96.0,96.0,104.3,103.8,103.8,-8.6,-7.8,-7.8,0.162,1.05,12.0,0.044,0.105,0.072,11.4,11.4,0.413,0.467,0.269,0.274,97.91,98.02,81.68,98.02,0.095,4748,5.6,14.0,Larry Hughes
913,Larry,1610612752,NYK,31.0,70,43,27,0.614,2281.4666666666667,282,652,0.433,58,174,0.333,128,167,0.766,87,293,380,175,94,42,7,38,205,9,750,90,1521.5,2,0,1461.0,1,1999-00,32.6,100.2,100.2,100.2,98.1,97.7,97.7,2.0,2.4,2.4,0.127,1.86,17.6,0.041,0.133,0.088,9.4,9.5,0.477,0.517,0.17,0.173,90.58,90.77,75.64,90.77,0.09,4307,4.0,9.3,Larry Johnson
84,Latrell,1610612752,NYK,29.0,82,50,32,0.61,3277.0866666666666,568,1305,0.435,44,127,0.346,344,397,0.866,49,300,349,332,226,109,22,87,184,20,1524,171,2607.8,4,0,2511.0,1,1999-00,40.0,100.4,100.8,100.8,97.5,98.2,98.2,2.8,2.6,2.6,0.18,1.47,16.3,0.016,0.091,0.055,11.1,11.1,0.452,0.515,0.243,0.246,92.1,91.58,76.32,91.58,0.117,6256,6.9,15.9,Latrell Sprewell
1444,Lawrence,1610612758,SAC,29.0,75,44,31,0.587,1026.1016666666667,184,352,0.523,0,2,0.0,115,164,0.701,98,136,234,33,40,32,20,33,91,14,483,92,929.3,0,0,854.0,1,1999-00,13.7,103.2,102.5,102.5,99.7,98.2,98.2,3.5,4.3,4.3,0.053,0.83,6.6,0.089,0.13,0.109,8.0,8.0,0.523,0.569,0.188,0.192,98.56,99.69,83.07,99.69,0.12,2131,2.5,4.7,Lawrence Funderburke
1953,Lazaro,1610612760,SEA,27.0,17,7,10,0.412,163.64833333333334,28,63,0.444,0,3,0.0,6,11,0.545,14,26,40,10,6,6,3,5,9,0,62,33,146.0,0,0,130.0,1,1999-00,9.6,117.1,114.9,114.9,107.7,105.3,105.3,9.4,9.6,9.6,0.079,1.67,11.9,0.078,0.168,0.119,7.1,7.2,0.444,0.457,0.184,0.191,98.21,100.31,83.59,100.31,0.091,342,1.6,3.7,Lazaro Borrell
283,Lindsey,1610612765,DET,29.0,82,42,40,0.512,2922.733333333333,379,892,0.425,168,389,0.432,117,154,0.76,35,215,250,327,145,129,22,33,216,69,1043,109,2141.5,1,0,2090.0,1,1999-00,35.6,106.4,106.5,106.5,104.4,104.8,104.8,1.9,1.7,1.7,0.171,2.26,22.9,0.012,0.076,0.044,10.1,10.1,0.519,0.543,0.163,0.165,98.93,98.72,82.27,98.72,0.084,6014,4.6,10.9,Lindsey Hunter
953,Lorenzen,1610612737,ATL,24.0,75,27,48,0.36,1203.365,180,361,0.499,1,3,0.333,87,135,0.644,117,188,305,21,66,29,40,22,203,5,448,-230,986.5,0,0,913.0,1,1999-00,16.0,96.5,96.2,96.2,105.7,104.8,104.8,-9.1,-8.6,-8.6,0.029,0.32,4.1,0.092,0.153,0.122,13.0,13.0,0.5,0.533,0.172,0.175,96.72,97.33,81.11,97.33,0.072,2430,2.4,4.8,Lorenzen Wright
31,Lorenzo,1610612764,WAS,30.0,8,2,6,0.25,75.84,7,9,0.778,0,0,0.0,0,0,0.0,12,13,25,1,3,3,6,1,13,1,14,-16,69.5,0,0,58.0,1,1999-00,9.5,98.7,98.7,98.7,109.1,106.9,106.9,-10.4,-8.2,-8.2,0.019,0.33,7.7,0.154,0.157,0.155,23.1,23.1,0.778,0.778,0.065,0.067,98.68,99.68,83.07,99.68,0.09,156,0.9,1.1,Lorenzo Williams
919,Loy,1610612765,DET,32.0,43,22,21,0.512,290.0316666666667,32,89,0.36,0,3,0.0,11,16,0.688,26,65,91,11,11,6,4,5,45,4,75,-6,219.7,0,0,197.0,1,1999-00,6.7,98.3,95.2,95.2,99.9,96.1,96.1,-1.6,-0.8,-0.8,0.064,1.0,9.2,0.085,0.23,0.155,9.2,9.3,0.36,0.39,0.152,0.157,97.0,100.54,83.78,100.54,0.071,607,0.7,2.1,Loy Vaught
26,Luc,1610612756,PHX,31.0,72,45,27,0.625,1419.66,186,399,0.466,0,0,0.0,80,97,0.825,100,223,323,77,136,22,42,37,221,14,452,1,1011.1,2,0,980.0,1,1999-00,19.7,95.2,95.6,95.6,94.7,94.7,94.7,0.5,0.9,0.9,0.086,0.57,11.8,0.071,0.153,0.113,20.8,20.8,0.466,0.512,0.18,0.182,95.18,94.99,79.16,94.99,0.058,2797,2.6,5.5,Luc Longley
446,Lucious,1610612751,NJN,29.0,77,29,48,0.377,1504.87,198,463,0.428,38,115,0.33,79,99,0.798,53,134,187,100,42,65,6,17,98,17,513,-5,1058.4,0,0,980.0,1,1999-00,19.5,101.1,99.8,99.8,101.4,100.7,100.7,-0.3,-0.9,-0.9,0.11,2.38,15.3,0.034,0.091,0.061,6.4,6.5,0.469,0.506,0.16,0.164,93.74,94.68,78.9,94.68,0.092,2979,2.6,6.0,Lucious Harris
990,Malik,1610612759,SAS,25.0,74,48,26,0.649,1336.4366666666667,176,385,0.457,1,3,0.333,143,198,0.722,133,202,335,47,99,35,52,53,232,24,496,86,1130.5,3,0,1053.0,1,1999-00,18.1,100.2,99.1,99.1,96.0,94.8,94.8,4.2,4.2,4.2,0.061,0.47,7.6,0.103,0.144,0.124,16.0,16.0,0.458,0.525,0.189,0.194,93.76,94.84,79.03,94.84,0.073,2627,2.4,5.2,Malik Rose
907,Malik,1610612750,MIN,30.0,82,50,32,0.61,2386.8033333333333,371,780,0.476,10,35,0.286,177,218,0.812,119,233,352,197,110,76,19,55,197,14,929,359,1821.9,0,0,1678.0,1,1999-00,29.1,107.0,107.1,107.1,98.7,99.3,99.3,8.3,7.9,7.9,0.12,1.79,16.6,0.052,0.099,0.076,9.3,9.3,0.482,0.53,0.183,0.186,94.26,93.9,78.25,93.9,0.094,4665,4.5,9.5,Malik Sealy
992,Marcus,1610612765,DET,26.0,6,1,5,0.167,45.41833333333334,4,14,0.286,0,7,0.0,2,2,1.0,3,4,7,3,3,0,0,1,8,0,10,-39,19.9,0,0,20.0,1,1999-00,7.6,76.9,70.7,70.7,111.8,109.0,109.0,-34.9,-38.3,-38.3,0.15,1.0,14.3,0.054,0.103,0.074,14.3,14.4,0.286,0.336,0.159,0.173,99.66,105.16,87.63,105.16,-0.022,99,0.7,2.3,Marcus Brown
948,Marcus,1610612752,NYK,26.0,59,38,21,0.644,1545.5383333333334,226,471,0.48,1,2,0.5,148,221,0.67,174,287,461,49,72,43,116,26,204,20,601,96,1632.7,14,0,1430.0,1,1999-00,26.2,101.8,101.7,101.7,97.0,97.5,97.5,4.8,4.2,4.2,0.053,0.68,7.1,0.12,0.18,0.151,10.4,10.4,0.481,0.529,0.19,0.193,92.5,92.27,76.89,92.27,0.124,2957,3.8,8.0,Marcus Camby
712,Mario,1610612746,LAC,26.0,1,0,1,0.0,3.3666666666666667,0,3,0.0,0,0,0.0,0,0,0.0,1,1,2,0,0,0,0,0,1,0,0,3,2.4,0,0,2.0,1,1999-00,3.4,112.6,90.9,90.9,79.9,70.0,70.0,32.7,20.9,20.9,0.0,0.0,0.0,0.0,0.0,0.0,0.0,0.0,0.0,0.0,0.231,0.276,125.75,149.7,124.75,149.7,-0.161,11,0.0,3.0,Mario Bennett
53,Mario,1610612759,SAS,36.0,79,51,28,0.646,2221.023333333333,195,457,0.427,74,186,0.398,126,149,0.846,48,201,249,193,130,73,9,35,156,9,590,258,1294.3,0,0,1270.0,1,1999-00,28.1,103.1,103.3,103.3,96.4,97.2,97.2,6.7,6.2,6.2,0.13,1.48,23.1,0.024,0.088,0.058,15.6,15.4,0.508,0.565,0.131,0.136,93.18,92.74,77.28,92.74,0.072,4288,2.5,5.8,Mario Elie
95,Mark,1610612739,CLE,35.0,75,29,46,0.387,1702.2683333333334,174,346,0.503,0,0,0.0,76,94,0.809,126,226,352,61,87,31,31,17,250,24,424,-105,1036.9,1,0,961.0,1,1999-00,22.7,97.1,98.1,98.1,100.2,100.3,100.3,-3.1,-2.1,-2.1,0.057,0.7,11.3,0.073,0.135,0.104,16.2,16.3,0.503,0.547,0.123,0.124,96.04,95.55,79.62,95.55,0.056,3372,2.3,4.6,Mark Bryant
707,Mark,1610612744,GSW,27.0,23,6,17,0.261,462.74,56,137,0.409,0,2,0.0,31,47,0.66,31,53,84,38,40,25,4,8,52,5,143,-39,347.8,1,0,323.0,1,1999-00,20.1,98.5,97.8,97.8,103.3,101.4,101.4,-4.8,-3.6,-3.6,0.129,0.95,16.2,0.059,0.119,0.087,17.1,17.0,0.409,0.453,0.172,0.177,98.72,100.0,83.33,100.0,0.063,962,2.4,6.0,Mark Davis
971,Mark,1610612751,NJN,26.0,15,4,11,0.267,70.11166666666666,5,8,0.625,0,0,0.0,3,4,0.75,3,10,13,6,3,2,1,1,8,0,13,-30,43.6,0,0,38.0,2,1999-00,4.7,79.5,78.2,78.2,98.7,95.3,95.3,-19.2,-17.1,-17.1,0.182,2.0,31.6,0.042,0.132,0.088,15.8,16.0,0.625,0.666,0.081,0.083,96.74,99.27,82.73,99.27,0.12,142,0.3,0.5,Mark Hendrickson
349,Mark,1610612754,IND,35.0,81,55,26,0.679,2186.4333333333334,246,570,0.432,89,221,0.403,79,98,0.806,63,233,296,650,174,76,10,31,111,10,660,103,2074.2,10,1,1867.0,1,1999-00,27.0,105.1,105.7,105.7,102.1,103.1,103.1,3.0,2.6,2.6,0.429,3.74,45.2,0.029,0.099,0.066,12.1,12.1,0.51,0.538,0.159,0.161,97.2,96.51,80.42,96.51,0.13,4391,3.0,7.0,Mark Jackson
1110,Mark,1610612748,MIA,29.0,58,36,22,0.621,663.5866666666667,122,224,0.545,0,0,0.0,40,56,0.714,44,96,140,22,24,15,18,10,68,5,284,-108,560.0,0,0,512.0,1,1999-00,11.4,95.8,93.4,93.4,101.0,100.3,100.3,-5.2,-6.9,-6.9,0.06,0.92,7.4,0.068,0.138,0.105,8.1,8.1,0.545,0.571,0.182,0.187,93.96,95.52,79.6,95.52,0.124,1312,2.1,3.9,Mark Strickland
770,Mark,1610612756,PHX,39.0,22,16,6,0.727,124.185,5,12,0.417,0,0,0.0,5,8,0.625,6,25,31,2,6,2,4,4,23,1,15,-6,67.2,0,0,60.0,1,1999-00,5.6,97.1,93.2,93.2,100.7,92.7,92.7,-3.7,0.5,0.5,0.023,0.33,8.3,0.042,0.192,0.114,25.0,25.5,0.417,0.483,0.073,0.075,97.72,103.97,86.64,103.97,0.026,265,0.2,0.5,Mark West
55,Marty,1610612746,LAC,32.0,3,0,3,0.0,9.031666666666666,1,2,0.5,0,0,0.0,0,0,0.0,1,1,2,0,0,0,0,0,1,0,2,-3,4.4,0,0,4.0,1,1999-00,3.0,81.0,81.0,81.0,110.6,105.3,105.3,-29.7,-24.3,-24.3,0.0,0.0,0.0,0.0,0.0,0.0,0.0,0.0,0.5,0.5,0.087,0.087,103.85,106.29,88.58,106.29,0.045,21,0.3,0.7,Marty Conlon
672,Matt,1610612745,HOU,33.0,56,26,30,0.464,1023.235,139,340,0.409,79,177,0.446,25,30,0.833,13,125,138,63,36,19,13,15,85,9,382,-25,702.1,0,0,726.0,1,1999-00,18.3,102.9,103.4,103.4,105.7,104.8,104.8,-2.8,-1.3,-1.3,0.097,1.75,13.9,0.012,0.121,0.065,7.9,8.0,0.525,0.541,0.163,0.165,97.59,97.78,81.49,97.78,0.076,2086,2.5,6.1,Matt Bullard
761,Matt,1610612755,PHI,30.0,65,41,24,0.631,1406.805,260,589,0.441,0,4,0.0,109,140,0.779,154,233,387,39,91,29,22,26,194,16,629,-55,1213.9,6,0,1157.0,1,1999-00,21.6,97.5,97.0,97.0,99.5,98.4,98.4,-2.1,-1.4,-1.4,0.048,0.43,5.0,0.107,0.17,0.137,11.6,11.7,0.441,0.483,0.228,0.233,94.57,95.38,79.49,95.38,0.091,2787,4.0,9.1,Matt Geiger
1723,Matt,1610612753,ORL,24.0,4,2,2,0.5,63.02666666666666,4,17,0.235,2,2,1.0,6,7,0.857,5,7,12,8,1,5,1,1,7,1,16,-3,59.4,0,0,50.0,1,1999-00,15.8,97.0,95.1,95.1,96.7,97.9,97.9,0.3,-2.8,-2.8,0.178,8.0,27.6,0.067,0.103,0.084,3.4,3.4,0.294,0.398,0.125,0.131,108.13,108.53,90.44,108.53,0.1,143,1.0,4.3,Matt Harpring
1074,Matt,1610612741,CHI,28.0,51,14,37,0.275,1176.89,114,318,0.358,62,174,0.356,37,45,0.822,10,54,64,138,63,32,3,16,42,3,327,-50,652.8,0,0,661.0,1,1999-00,23.1,94.4,95.0,95.0,98.8,97.8,97.8,-4.4,-2.8,-2.8,0.218,2.19,25.7,0.009,0.046,0.028,11.8,11.7,0.456,0.484,0.153,0.157,90.69,90.87,75.73,90.87,0.078,2235,2.2,6.2,Matt Maloney
1508,Maurice,1610612746,LAC,23.0,62,10,52,0.161,2226.615,458,988,0.464,1,8,0.125,143,201,0.711,96,304,400,101,169,51,48,55,217,40,1060,-589,1819.5,10,0,1760.0,1,1999-00,35.9,94.3,94.5,94.5,107.7,107.5,107.5,-13.4,-12.9,-12.9,0.085,0.6,7.5,0.042,0.142,0.091,12.5,12.6,0.464,0.492,0.247,0.25,95.93,95.9,79.92,95.9,0.086,4442,7.4,15.9,Maurice Taylor
1897,Metta,1610612741,CHI,20.0,72,16,56,0.222,2239.608333333333,309,759,0.407,60,191,0.314,188,279,0.674,62,246,308,197,166,119,39,63,159,12,866,-343,1839.1,0,0,1747.0,1,1999-00,31.1,90.9,91.6,91.6,99.5,99.3,99.3,-8.6,-7.6,-7.6,0.171,1.19,15.8,0.028,0.115,0.07,13.3,13.3,0.447,0.491,0.212,0.215,92.14,91.91,76.59,91.91,0.099,4280,4.3,10.5,Metta World Peace
262,Michael,1610612751,NJN,38.0,20,8,12,0.4,243.78666666666663,12,24,0.5,0,0,0.0,3,3,1.0,33,48,81,9,4,8,8,1,30,3,27,-15,181.7,0,0,149.0,1,1999-00,12.2,96.7,93.1,93.1,100.8,99.2,99.2,-4.2,-6.1,-6.1,0.059,2.25,23.7,0.127,0.212,0.167,10.5,10.4,0.5,0.533,0.051,0.054,92.42,95.0,79.17,95.0,0.089,490,0.6,1.2,Michael Cage
688,Michael,1610612765,DET,31.0,82,42,40,0.512,1611.3083333333334,182,379,0.48,1,5,0.2,141,168,0.839,21,83,104,87,73,33,5,18,209,29,506,-70,802.3,0,0,774.0,1,1999-00,19.7,101.4,99.2,99.2,102.1,100.1,100.1,-0.7,-0.9,-0.9,0.091,1.19,14.1,0.014,0.052,0.033,11.9,11.9,0.482,0.559,0.141,0.146,97.18,99.18,82.65,99.18,0.047,3310,2.2,4.6,Michael Curry
1722,Michael,1610612763,VAN,25.0,82,22,60,0.268,3106.25,554,1270,0.436,119,291,0.409,269,324,0.83,78,201,279,208,165,116,45,92,226,11,1496,-378,2460.8,0,0,2424.0,1,1999-00,37.9,100.0,100.5,100.5,106.1,107.0,107.0,-6.1,-6.5,-6.5,0.121,1.26,11.7,0.026,0.068,0.047,9.3,9.2,0.483,0.53,0.225,0.23,94.16,93.55,77.96,93.55,0.091,6061,6.8,15.5,Michael Dickerson
1720,Michael,1610612753,ORL,23.0,81,40,41,0.494,1339.3566666666666,242,535,0.452,1,2,0.5,80,95,0.842,89,245,334,63,65,29,34,40,224,19,565,28,1184.3,2,0,1089.0,1,1999-00,16.5,99.0,99.4,99.4,97.7,98.3,98.3,1.3,1.1,1.1,0.075,0.97,8.9,0.063,0.178,0.119,9.2,9.2,0.453,0.49,0.198,0.201,100.02,99.49,82.91,99.49,0.087,2775,3.0,6.6,Michael Doleac
714,Michael,1610612742,DAL,27.0,82,40,42,0.488,3465.2816666666668,748,1636,0.457,99,247,0.401,260,317,0.82,122,396,518,438,196,109,32,77,171,37,1855,6,3360.6,18,4,3192.0,1,1999-00,42.3,104.0,104.6,104.6,104.0,104.5,104.5,0.0,0.1,0.1,0.213,2.23,18.2,0.035,0.11,0.073,8.1,8.1,0.487,0.522,0.248,0.252,97.05,96.53,80.44,96.53,0.131,6967,9.1,20.0,Michael Finley
1138,Michael,1610612766,CHH,27.0,12,7,5,0.583,37.05,3,13,0.231,1,5,0.2,1,2,0.5,0,7,7,13,3,0,0,1,2,0,8,14,32.9,0,0,29.0,1,1999-00,3.1,105.9,104.3,104.3,96.3,88.2,88.2,9.6,16.2,16.2,0.394,4.33,43.3,0.0,0.149,0.078,10.0,10.0,0.269,0.288,0.163,0.169,113.85,119.84,99.87,119.84,0.072,92,0.3,1.1,Michael Hawkins
1709,Michael,1610612746,LAC,25.0,80,14,66,0.175,2493.025,330,756,0.437,0,0,0.0,123,189,0.651,194,462,656,38,177,35,140,53,304,4,783,-711,1975.2,20,0,1827.0,1,1999-00,31.2,93.3,93.8,93.8,107.4,107.9,107.9,-14.1,-14.1,-14.1,0.026,0.21,3.6,0.075,0.193,0.132,16.7,16.8,0.437,0.467,0.182,0.183,95.06,94.61,78.84,94.61,0.065,4906,4.1,9.5,Michael Olowokandi
1913,Michael,1610612741,CHI,23.0,71,15,56,0.211,970.2433333333332,58,138,0.42,0,0,0.0,43,88,0.489,117,133,250,44,59,26,26,19,170,10,159,-159,622.0,1,0,557.0,1,1999-00,13.7,89.9,89.2,89.2,97.9,95.4,95.4,-8.0,-6.2,-6.2,0.082,0.75,15.6,0.124,0.147,0.135,20.9,21.1,0.42,0.45,0.109,0.111,92.09,93.68,78.06,93.68,0.034,1871,0.8,1.9,Michael Ruffin
63,Michael,1610612764,WAS,28.0,46,14,32,0.304,1147.585,108,192,0.563,0,1,0.0,73,101,0.723,121,210,331,56,45,27,23,31,127,23,289,-156,875.2,5,0,776.0,1,1999-00,24.9,97.4,97.4,97.4,103.3,104.2,104.2,-5.9,-6.8,-6.8,0.074,1.24,16.5,0.106,0.185,0.145,13.3,13.3,0.563,0.611,0.106,0.108,95.98,95.53,79.61,95.53,0.103,2284,2.3,4.2,Michael Smith
1565,Michael,1610612761,TOR,25.0,42,23,19,0.548,387.3033333333333,20,53,0.377,0,0,0.0,18,32,0.563,33,61,94,6,17,5,19,7,81,7,58,-62,234.8,1,0,206.0,1,1999-00,9.2,94.9,93.9,93.9,102.5,100.5,100.5,-7.6,-6.6,-6.6,0.024,0.35,6.7,0.074,0.173,0.118,18.9,18.9,0.377,0.432,0.09,0.094,97.19,98.65,82.21,98.65,0.01,791,0.5,1.3,Michael Stewart
1710,Mike,1610612763,VAN,22.0,82,22,60,0.268,3154.0033333333336,459,1031,0.445,77,212,0.363,195,250,0.78,73,233,306,665,247,132,15,38,171,25,1190,-399,2748.7,23,1,2532.0,1,1999-00,38.5,100.8,101.1,101.1,107.2,108.1,108.1,-6.4,-7.0,-7.0,0.35,2.69,32.3,0.024,0.079,0.052,12.0,12.0,0.483,0.521,0.197,0.2,94.05,93.49,77.91,93.49,0.116,6158,5.6,12.6,Mike Bibby
1630,Mikki,1610612765,DET,24.0,29,16,13,0.552,489.355,87,140,0.621,0,0,0.0,54,68,0.794,44,68,112,17,23,9,31,3,104,20,228,124,484.9,0,0,437.0,1,1999-00,16.9,114.1,111.8,111.8,99.8,98.0,98.0,14.2,13.8,13.8,0.057,0.74,8.0,0.109,0.135,0.123,10.8,11.0,0.621,0.671,0.176,0.181,94.22,96.08,80.06,96.08,0.115,974,3.0,4.8,Mikki Moore
1960,Milt,1610612763,VAN,22.0,53,17,36,0.321,393.3033333333333,43,98,0.439,0,2,0.0,22,37,0.595,17,34,51,48,44,20,0,10,32,2,108,-43,257.2,0,0,247.0,1,1999-00,7.4,92.6,90.1,90.1,96.9,94.3,94.3,-4.3,-4.2,-4.2,0.239,1.09,23.1,0.045,0.098,0.07,21.2,21.3,0.439,0.473,0.178,0.185,90.5,93.0,77.5,93.0,0.077,756,0.8,1.8,Milt Palacio
1726,Mirsad,1610612749,MIL,24.0,17,9,8,0.529,88.865,14,38,0.368,0,6,0.0,5,8,0.625,13,20,33,5,8,3,1,2,14,2,33,-41,84.1,0,0,79.0,2,1999-00,5.2,85.6,85.4,85.4,109.4,107.5,107.5,-23.8,-22.1,-22.1,0.119,0.63,9.3,0.119,0.247,0.174,14.8,14.7,0.368,0.397,0.224,0.238,92.19,93.18,77.65,93.18,0.074,171,0.8,2.2,Mirsad Turkcan
782,Mitch,1610612764,WAS,35.0,74,27,47,0.365,2397.3,447,1049,0.426,93,241,0.386,298,340,0.876,37,176,213,185,154,110,13,57,191,39,1285,-123,2033.1,0,0,2022.0,1,1999-00,32.4,100.6,101.1,101.1,102.9,103.4,103.4,-2.4,-2.3,-2.3,0.136,1.2,12.1,0.016,0.076,0.045,10.1,10.0,0.47,0.536,0.246,0.251,95.31,94.89,79.07,94.89,0.107,4732,6.0,14.2,Mitch Richmond
42,Monty,1610612753,ORL,28.0,75,39,36,0.52,1501.7816666666668,263,538,0.489,2,5,0.4,123,166,0.741,96,154,250,106,109,46,17,50,187,8,651,-141,1190.0,0,0,1135.0,1,1999-00,20.0,99.4,98.9,98.9,103.3,103.5,103.5,-3.9,-4.6,-4.6,0.111,0.97,12.8,0.062,0.102,0.082,13.2,13.2,0.491,0.533,0.195,0.199,101.77,101.88,84.9,101.88,0.081,3191,3.5,7.2,Monty Williams
983,Moochie,1610612745,HOU,26.0,30,13,17,0.433,500.76,69,159,0.434,12,29,0.414,57,73,0.781,16,52,68,94,30,23,1,12,32,3,207,69,471.6,0,0,429.0,1,1999-00,16.7,107.5,108.3,108.3,100.0,100.9,100.9,7.5,7.4,7.4,0.296,3.13,29.7,0.034,0.1,0.068,9.5,9.5,0.472,0.542,0.194,0.195,97.8,97.0,80.84,97.0,0.122,1009,2.3,5.3,Moochie Norris
302,Mookie,1610612744,GSW,33.0,73,18,55,0.247,2455.963333333333,327,837,0.391,101,301,0.336,67,95,0.705,55,215,270,489,143,146,22,22,122,12,822,-461,2240.5,9,0,2018.0,1,1999-00,33.6,95.6,96.5,96.5,105.5,106.4,106.4,-9.9,-9.9,-9.9,0.317,3.42,32.5,0.019,0.088,0.051,9.5,9.5,0.451,0.468,0.172,0.175,98.27,97.37,81.14,97.37,0.113,4997,4.5,11.5,Mookie Blaylock
177,Muggsy,1610612761,TOR,35.0,80,45,35,0.563,1729.986666666667,157,358,0.439,17,51,0.333,79,87,0.908,25,110,135,299,59,65,4,22,119,6,410,20,1168.5,1,0,999.0,1,1999-00,21.6,101.4,101.2,101.2,101.0,100.7,100.7,0.4,0.4,0.4,0.266,5.07,39.9,0.014,0.066,0.039,7.9,7.8,0.462,0.517,0.114,0.117,93.78,94.04,78.37,94.04,0.097,3392,2.0,4.5,Muggsy Bogues
1737,Nazr,1610612755,PHI,22.0,28,17,11,0.607,191.6266666666667,21,54,0.389,0,0,0.0,12,22,0.545,16,34,50,2,18,4,12,6,29,1,54,-28,147.0,0,0,138.0,1,1999-00,6.8,91.0,88.4,88.4,98.5,95.0,95.0,-7.5,-6.6,-6.6,0.018,0.11,2.4,0.075,0.168,0.12,21.2,21.5,0.389,0.424,0.177,0.183,96.21,99.44,82.87,99.44,0.033,396,0.8,1.9,Nazr Mohammed
98,Nick,1610612758,SAC,32.0,72,41,31,0.569,2094.093333333333,306,782,0.391,132,397,0.332,37,76,0.487,83,256,339,123,95,94,16,21,118,21,781,24,1607.3,3,0,1595.0,1,1999-00,29.1,100.0,101.1,101.1,100.1,100.6,100.6,-0.1,0.5,0.5,0.082,1.29,11.9,0.036,0.111,0.073,9.2,9.2,0.476,0.479,0.174,0.176,105.86,105.04,87.53,105.04,0.073,4583,4.3,10.9,Nick Anderson
89,Nick,1610612743,DEN,28.0,79,35,44,0.443,2948.65,473,1213,0.39,133,401,0.332,196,240,0.817,34,277,311,714,221,68,11,47,148,12,1275,-46,2735.2,24,0,2591.0,1,1999-00,37.3,102.8,103.9,103.9,103.7,105.0,105.0,-0.9,-1.1,-1.1,0.38,3.23,31.7,0.011,0.091,0.051,9.8,9.8,0.445,0.483,0.224,0.227,97.53,96.39,80.32,96.39,0.117,5929,6.0,15.4,Nick Van Exel
1918,Obinna,1610612763,VAN,24.0,39,10,29,0.256,352.985,41,88,0.466,0,0,0.0,43,64,0.672,34,58,92,8,26,9,4,12,61,11,125,-27,260.4,0,0,251.0,1,1999-00,9.1,104.2,102.1,102.1,106.8,104.8,104.8,-2.7,-2.8,-2.8,0.039,0.31,5.3,0.108,0.188,0.148,17.1,17.3,0.466,0.538,0.183,0.189,90.27,92.06,76.72,92.06,0.062,673,1.1,2.3,Obinna Ekezie
178,Olden,1610612762,UTA,35.0,82,55,27,0.671,1819.115,203,398,0.51,1,2,0.5,28,90,0.311,166,287,453,37,70,30,84,27,260,18,435,167,1306.1,2,0,1154.0,1,1999-00,22.2,104.4,106.4,106.4,100.1,100.9,100.9,4.3,5.4,5.4,0.03,0.53,6.8,0.099,0.174,0.136,12.9,12.9,0.511,0.497,0.128,0.129,92.87,91.63,76.36,91.63,0.055,3462,2.5,4.9,Olden Polynice
932,Oliver,1610612756,PHX,30.0,51,31,20,0.608,1088.65,137,233,0.588,0,0,0.0,49,73,0.671,87,174,261,68,74,42,80,23,132,4,323,106,1030.2,1,0,896.0,1,1999-00,21.3,102.1,101.5,101.5,96.1,95.5,95.5,6.0,6.0,6.0,0.095,0.92,16.8,0.083,0.147,0.117,18.3,18.2,0.588,0.609,0.133,0.137,97.49,98.06,81.72,98.06,0.106,2210,2.7,4.6,Oliver Miller
970,Othella,1610612763,VAN,26.0,82,22,60,0.268,2675.2033333333334,420,830,0.506,0,2,0.0,236,298,0.792,196,367,563,97,217,36,58,76,287,29,1076,-421,1962.1,11,0,1924.0,1,1999-00,32.6,98.8,99.7,99.7,106.4,106.9,106.9,-7.6,-7.2,-7.2,0.063,0.45,7.6,0.078,0.146,0.112,16.9,17.0,0.506,0.56,0.2,0.201,93.49,92.86,77.38,92.86,0.083,5152,5.1,10.1,Othella Harrington
901,Otis,1610612748,MIA,37.0,51,31,20,0.608,776.3283333333334,125,243,0.514,0,3,0.0,29,48,0.604,56,110,166,33,59,26,9,13,136,19,279,-86,573.7,2,0,548.0,1,1999-00,15.2,94.7,92.1,92.1,98.1,97.5,97.5,-3.3,-5.5,-5.5,0.077,0.56,9.2,0.078,0.15,0.114,16.5,16.6,0.514,0.528,0.191,0.198,91.51,93.05,77.54,93.05,0.068,1503,2.5,4.8,Otis Thorpe
136,P.J.,1610612748,MIA,30.0,80,52,28,0.65,2305.8033333333333,322,671,0.48,0,1,0.0,120,159,0.755,216,384,600,145,100,65,61,40,264,32,764,363,1979.5,18,0,1761.0,1,1999-00,28.8,106.5,106.5,106.5,97.2,97.5,97.5,9.2,8.9,8.9,0.098,1.45,14.7,0.102,0.162,0.134,10.2,10.1,0.48,0.516,0.168,0.17,91.96,91.8,76.5,91.8,0.101,4395,4.0,8.4,P.J. Brown
1727,Pat,1610612753,ORL,23.0,82,41,41,0.5,1481.72,258,585,0.441,79,197,0.401,80,111,0.721,44,166,210,58,85,31,19,16,197,25,675,31,1079.0,0,0,1122.0,1,1999-00,18.1,100.4,100.3,100.3,102.1,101.1,101.1,-1.7,-0.9,-0.9,0.063,0.68,7.5,0.029,0.111,0.07,10.9,10.9,0.509,0.532,0.201,0.205,99.44,99.99,83.32,99.99,0.072,3115,3.1,7.1,Pat Garrity
121,Patrick,1610612752,NYK,37.0,62,39,23,0.629,2034.92,361,775,0.466,0,2,0.0,207,283,0.731,140,464,604,58,142,36,84,48,196,12,929,144,1958.8,22,0,1831.0,1,1999-00,32.8,101.0,101.8,101.8,98.2,98.6,98.6,2.8,3.2,3.2,0.051,0.41,5.3,0.076,0.233,0.157,12.9,12.9,0.466,0.516,0.241,0.243,91.68,91.12,75.93,91.12,0.128,3874,5.8,12.5,Patrick Ewing
1718,Paul,1610612738,BOS,22.0,73,34,39,0.466,2585.245,486,1099,0.442,96,280,0.343,359,450,0.798,83,313,396,221,178,152,62,64,237,30,1427,186,2697.7,6,0,2568.0,1,1999-00,35.4,104.5,104.9,104.9,101.0,101.4,101.4,3.5,3.5,3.5,0.142,1.24,13.0,0.031,0.128,0.078,10.4,10.5,0.486,0.55,0.245,0.247,97.59,97.17,80.97,97.17,0.128,5235,6.7,15.1,Paul Pierce
978,Peja,1610612758,SAC,23.0,74,41,33,0.554,1749.675,321,716,0.448,100,267,0.375,135,153,0.882,74,202,276,106,88,52,7,38,97,6,877,175,1456.2,2,0,1477.0,1,1999-00,23.6,103.2,103.8,103.8,99.8,99.1,99.1,3.3,4.7,4.7,0.099,1.2,10.9,0.04,0.11,0.075,9.1,9.0,0.518,0.56,0.207,0.213,99.31,99.32,82.77,99.32,0.118,3623,4.3,9.7,Peja Stojakovic
442,Pervis,1610612738,BOS,33.0,30,11,19,0.367,270.3666666666667,19,43,0.442,0,0,0.0,15,21,0.714,29,38,67,13,13,10,8,3,67,4,53,-110,193.9,0,0,169.0,1,1999-00,9.0,91.8,88.5,88.5,113.3,108.3,108.3,-21.5,-19.8,-19.8,0.077,1.0,16.5,0.104,0.167,0.133,16.5,16.6,0.442,0.507,0.106,0.109,93.87,97.73,81.44,97.73,0.027,550,0.6,1.4,Pervis Ellison
432,Pete,1610612746,LAC,31.0,56,22,34,0.393,603.8533333333334,53,127,0.417,6,26,0.231,8,8,1.0,46,85,131,27,20,15,10,3,73,6,120,-147,372.7,0,0,334.0,3,1999-00,10.8,94.6,92.5,92.5,108.3,105.3,105.3,-13.7,-12.8,-12.8,0.072,1.35,15.2,0.071,0.14,0.104,11.2,11.3,0.441,0.46,0.107,0.111,94.71,97.18,80.98,97.18,0.06,1227,0.9,2.3,Pete Chilcutt
461,Popeye,1610612743,DEN,30.0,40,14,26,0.35,330.48,44,104,0.423,2,3,0.667,14,19,0.737,41,62,103,19,13,3,6,7,50,9,104,25,270.1,1,0,246.0,1,1999-00,8.3,103.5,102.6,102.6,101.4,100.9,100.9,2.1,1.7,1.7,0.087,1.46,13.2,0.111,0.177,0.143,9.0,9.0,0.433,0.463,0.151,0.156,100.03,100.73,83.94,100.73,0.076,700,1.1,2.6,Popeye Jones
1900,Quincy,1610612762,UTA,23.0,74,50,24,0.676,897.92,111,298,0.372,23,63,0.365,38,52,0.731,46,67,113,40,46,24,15,26,158,6,283,-78,549.6,0,0,537.0,1,1999-00,12.1,93.3,93.2,93.2,99.1,96.9,96.9,-5.7,-3.7,-3.7,0.08,0.87,9.8,0.05,0.076,0.063,11.3,11.3,0.411,0.441,0.182,0.187,91.82,92.88,77.4,92.88,0.017,1730,1.5,4.0,Quincy Lewis
1711,Raef,1610612743,DEN,24.0,81,34,47,0.42,2432.9533333333334,392,879,0.446,60,183,0.328,162,236,0.686,170,471,641,97,96,42,180,77,292,38,1006,-85,2490.7,26,0,2248.0,1,1999-00,30.0,101.2,102.0,102.0,103.6,103.6,103.6,-2.4,-1.6,-1.6,0.065,1.01,8.3,0.068,0.189,0.129,8.2,8.2,0.48,0.512,0.192,0.195,96.95,96.54,80.45,96.54,0.101,4890,4.8,10.9,Raef LaFrentz
1747,Rafer,1610612749,MIL,23.0,27,14,13,0.519,360.2316666666667,27,95,0.284,3,14,0.214,3,4,0.75,5,18,23,70,29,12,0,2,29,2,60,-108,199.6,0,0,180.0,1,1999-00,13.3,91.3,91.1,91.1,105.6,104.6,104.6,-14.3,-13.6,-13.6,0.321,2.41,35.7,0.014,0.055,0.034,14.8,14.8,0.3,0.31,0.155,0.159,94.06,94.61,78.84,94.61,0.033,704,1.0,3.5,Rafer Alston
1872,Randell,1610612742,DAL,24.0,1,1,0,1.0,0.4766666666666667,0,0,0.0,0,0,0.0,0,0,0.0,0,0,0,0,0,0,0,0,0,0,0,0,0.0,0,0,0.0,1,1999-00,0.5,113.6,33.3,33.3,53.2,50.0,50.0,60.4,-16.7,-16.7,0.0,0.0,0.0,0.0,0.0,0.0,0.0,0.0,0.0,0.0,0.0,0.0,138.97,251.75,209.79,251.75,0.0,3,0.0,0.0,Randell Jackson
753,Randy,1610612741,CHI,32.0,59,12,47,0.203,1622.8116666666667,157,435,0.361,3,6,0.5,62,84,0.738,23,121,144,202,105,61,15,32,120,19,379,-527,977.8,0,0,880.0,1,1999-00,27.5,88.5,88.7,88.7,106.0,105.6,105.6,-17.5,-17.0,-17.0,0.227,1.92,25.9,0.014,0.083,0.047,13.4,13.5,0.364,0.402,0.16,0.163,92.36,92.42,77.01,92.42,0.055,3126,2.7,7.4,Randy Brown
988,Randy,1610612756,PHX,25.0,79,52,27,0.658,1076.0483333333334,155,373,0.416,19,55,0.345,52,62,0.839,25,105,130,170,92,49,13,27,129,9,381,29,886.0,0,0,824.0,1,1999-00,13.6,98.3,97.1,97.1,96.9,94.7,94.7,1.3,2.4,2.4,0.254,1.85,25.7,0.023,0.095,0.06,13.9,13.9,0.441,0.476,0.198,0.203,95.93,97.65,81.37,97.65,0.086,2177,2.0,4.7,Randy Livingston
1740,Rashard,1610612760,SEA,20.0,82,45,37,0.549,1576.4633333333334,275,566,0.486,40,120,0.333,84,123,0.683,127,209,336,70,78,62,36,29,163,5,674,65,1398.2,4,0,1316.0,1,1999-00,19.2,102.8,102.5,102.5,101.2,100.6,100.6,1.6,2.0,2.0,0.071,0.9,9.1,0.075,0.129,0.102,10.2,10.2,0.521,0.543,0.187,0.192,97.03,97.43,81.19,97.43,0.103,3201,3.4,6.9,Rashard Lewis
739,Rasheed,1610612757,POR,25.0,81,58,23,0.716,2845.938333333333,542,1045,0.519,8,50,0.16,233,331,0.704,129,437,566,142,157,87,107,46,216,18,1325,507,2642.2,13,0,2429.0,1,1999-00,35.1,106.6,107.4,107.4,97.0,97.7,97.7,9.5,9.6,9.6,0.085,0.9,9.5,0.05,0.153,0.104,10.5,10.5,0.522,0.556,0.217,0.219,92.5,91.82,76.52,91.82,0.127,5436,6.7,12.9,Rasheed Wallace
1725,Rasho,1610612750,MIN,24.0,82,50,32,0.61,1727.0683333333334,206,433,0.476,0,2,0.0,59,103,0.573,135,244,379,93,71,21,85,28,262,11,471,151,1312.3,1,0,1155.0,1,1999-00,21.1,103.8,103.7,103.7,99.0,98.9,98.9,4.8,4.8,4.8,0.075,1.31,14.4,0.08,0.145,0.113,11.0,11.1,0.476,0.492,0.143,0.145,93.88,93.94,78.28,93.94,0.057,3374,2.5,5.3,Rasho Nesterovic
951,Ray,1610612749,MIL,24.0,82,42,40,0.512,3071.165,642,1411,0.455,172,407,0.423,353,398,0.887,83,276,359,308,183,110,19,61,187,11,1809,122,2905.8,3,0,2906.0,1,1999-00,37.5,106.9,108.0,108.0,105.2,105.6,105.6,1.7,2.4,2.4,0.166,1.68,14.9,0.028,0.092,0.06,8.8,8.8,0.516,0.57,0.25,0.254,95.97,95.29,79.41,95.29,0.132,6085,7.8,17.2,Ray Allen
674,Reggie,1610612764,WAS,32.0,36,13,23,0.361,243.405,17,53,0.321,0,1,0.0,7,13,0.538,16,25,41,32,19,12,2,11,29,3,41,0,161.2,0,0,142.0,1,1999-00,6.8,96.4,90.9,90.9,91.3,87.9,87.9,5.1,2.9,2.9,0.213,1.68,29.1,0.066,0.088,0.078,17.3,17.3,0.321,0.349,0.131,0.14,98.17,103.04,85.87,103.04,0.046,514,0.5,1.5,Reggie Jordan
397,Reggie,1610612754,IND,34.0,81,55,26,0.679,2991.576666666667,466,1041,0.448,165,404,0.408,373,406,0.919,50,189,239,187,129,85,25,34,126,52,1470,274,2238.3,0,0,2281.0,1,1999-00,36.9,106.3,106.9,106.9,101.7,101.9,101.9,4.6,4.9,4.9,0.099,1.45,12.3,0.017,0.061,0.04,8.5,8.4,0.527,0.603,0.2,0.205,95.85,95.46,79.55,95.46,0.107,5940,5.8,12.9,Reggie Miller
364,Rex,1610612756,PHX,32.0,53,32,21,0.604,958.695,124,320,0.388,41,123,0.333,59,78,0.756,10,70,80,62,38,22,1,13,70,19,348,-4,568.0,0,0,577.0,1,1999-00,18.1,99.0,98.5,98.5,99.8,99.6,99.6,-0.8,-1.2,-1.2,0.099,1.63,13.7,0.01,0.072,0.041,8.4,8.4,0.452,0.491,0.178,0.182,96.39,96.71,80.59,96.71,0.061,1941,2.3,6.0,Rex Chapman
777,Rex,1610612748,MIA,30.0,33,20,13,0.606,388.1133333333333,38,91,0.418,5,20,0.25,12,16,0.75,8,28,36,65,29,6,0,4,44,2,93,-22,222.7,0,0,211.0,1,1999-00,11.8,95.7,93.3,93.3,96.4,96.4,96.4,-0.8,-3.1,-3.1,0.265,2.24,33.7,0.022,0.065,0.046,15.0,15.1,0.445,0.474,0.148,0.152,92.82,93.99,78.33,93.99,0.061,761,1.2,2.8,Rex Walters
1888,Richard,1610612764,WAS,22.0,71,24,47,0.338,1369.38,254,605,0.42,28,77,0.364,103,133,0.774,38,91,129,108,84,28,6,43,142,10,639,-100,973.8,0,0,972.0,1,1999-00,19.3,102.4,102.2,102.2,106.4,105.8,105.8,-4.0,-3.6,-3.6,0.131,1.29,12.6,0.028,0.069,0.048,9.8,9.8,0.443,0.482,0.238,0.243,95.26,95.66,79.71,95.66,0.064,2728,3.6,8.5,Richard Hamilton
1594,Rick,1610612752,NYK,28.0,37,22,15,0.595,288.54833333333335,29,70,0.414,2,13,0.154,11,18,0.611,3,24,27,49,31,9,1,3,35,3,71,-42,175.9,0,0,169.0,1,1999-00,7.8,91.9,90.4,90.4,100.9,97.0,97.0,-9.0,-6.7,-6.7,0.292,1.58,31.0,0.011,0.082,0.047,19.6,19.6,0.429,0.456,0.166,0.174,92.54,95.15,79.29,95.15,0.057,570,0.8,1.9,Rick Brunson
296,Rick,1610612747,LAL,30.0,82,67,15,0.817,1474.975,206,498,0.414,59,181,0.326,63,78,0.808,63,135,198,137,87,52,26,25,203,11,534,263,1124.1,0,0,1084.0,1,1999-00,18.0,101.8,101.4,101.4,93.5,92.7,92.7,8.3,8.8,8.8,0.144,1.57,18.1,0.04,0.087,0.063,11.5,11.5,0.473,0.502,0.179,0.183,96.49,97.09,80.91,97.09,0.072,2984,2.5,6.1,Rick Fox
1965,Rick,1610612742,DAL,26.0,21,4,17,0.19,224.83,35,72,0.486,0,1,0.0,12,26,0.462,24,25,49,9,14,3,1,12,30,1,82,19,152.3,0,0,148.0,1,1999-00,10.7,105.0,105.2,105.2,103.1,100.0,100.0,2.0,5.2,5.2,0.058,0.64,8.3,0.092,0.101,0.097,13.0,13.2,0.486,0.491,0.176,0.178,101.25,102.69,85.58,102.69,0.047,478,1.7,3.4,Rick Hughes
1729,Ricky,1610612766,CHH,20.0,48,26,22,0.542,569.7183333333334,94,187,0.503,0,4,0.0,39,51,0.765,29,54,83,62,46,30,8,9,39,1,227,-66,487.6,0,0,448.0,1,1999-00,11.9,101.9,99.9,99.9,108.7,106.5,106.5,-6.8,-6.6,-6.6,0.176,1.35,19.6,0.05,0.095,0.072,14.5,14.5,0.503,0.542,0.186,0.193,98.28,100.26,83.55,100.26,0.099,1196,2.0,3.9,Ricky Davis
22,Rik,1610612754,IND,33.0,79,54,25,0.684,1852.97,431,890,0.484,0,1,0.0,156,211,0.739,94,307,401,85,108,20,100,43,249,22,1018,13,1878.7,4,0,1744.0,1,1999-00,23.5,104.1,105.2,105.2,103.1,104.1,104.1,1.0,1.1,1.1,0.079,0.79,7.2,0.052,0.159,0.107,9.2,9.2,0.484,0.518,0.263,0.265,97.07,96.14,80.12,96.14,0.098,3699,5.5,11.3,Rik Smits
109,Robert,1610612747,LAL,29.0,76,62,14,0.816,1685.7316666666666,159,363,0.438,29,94,0.309,89,113,0.788,133,228,361,118,73,84,80,12,189,36,436,391,1465.2,1,0,1272.0,1,1999-00,22.2,105.0,104.0,104.0,92.6,92.6,92.6,12.3,11.5,11.5,0.103,1.62,19.5,0.078,0.124,0.102,12.1,12.1,0.478,0.528,0.124,0.126,96.64,97.1,80.91,97.1,0.098,3410,2.1,4.8,Robert Horry
123,Robert,1610612742,DAL,31.0,29,9,20,0.31,663.8466666666667,96,230,0.417,4,11,0.364,63,78,0.808,7,35,42,168,76,31,3,18,44,5,259,-88,587.4,5,0,541.0,1,1999-00,22.9,100.4,101.0,101.0,107.9,107.6,107.6,-7.6,-6.6,-6.6,0.367,2.21,33.1,0.01,0.051,0.03,15.0,15.0,0.426,0.49,0.214,0.217,101.1,100.94,84.12,100.94,0.094,1398,3.3,7.9,Robert Pack
1714,Robert,1610612749,MIL,23.0,44,23,21,0.523,444.7116666666666,58,122,0.475,0,4,0.0,41,68,0.603,50,65,115,20,27,25,25,12,79,2,157,-48,448.0,0,0,392.0,1,1999-00,10.1,105.1,105.7,105.7,110.2,109.5,109.5,-5.1,-3.9,-3.9,0.063,0.74,10.0,0.113,0.156,0.134,13.4,13.6,0.475,0.517,0.172,0.173,97.95,98.01,81.67,98.01,0.067,902,1.3,2.8,Robert Traylor
393,Rod,1610612764,WAS,33.0,69,23,46,0.333,2188.0133333333333,327,762,0.429,1,21,0.048,214,305,0.702,73,186,259,519,187,94,18,41,147,6,869,-246,2107.3,19,0,1872.0,1,1999-00,31.7,100.5,101.1,101.1,106.6,107.2,107.2,-6.2,-6.1,-6.1,0.377,2.78,32.3,0.034,0.087,0.061,11.6,11.7,0.43,0.485,0.215,0.218,96.3,95.73,79.77,95.73,0.119,4374,4.7,11.0,Rod Strickland
1934,Rodney,1610612748,MIA,22.0,34,21,13,0.618,385.2183333333333,62,151,0.411,7,29,0.241,16,22,0.727,10,38,48,21,9,10,8,10,44,3,147,-24,281.1,0,0,259.0,1,1999-00,11.3,100.0,98.5,98.5,103.5,102.0,102.0,-3.4,-3.5,-3.5,0.094,2.33,11.0,0.028,0.104,0.067,4.7,4.7,0.434,0.457,0.197,0.202,91.61,92.96,77.46,92.96,0.071,747,1.8,4.4,Rodney Buford
915,Rodney,1610612756,PHX,29.0,82,53,29,0.646,2284.1916666666666,428,881,0.486,115,262,0.439,159,249,0.639,138,309,447,170,163,94,47,71,290,28,1130,451,2181.4,5,0,2144.0,1,1999-00,27.9,104.1,104.8,104.8,94.5,94.3,94.3,9.5,10.5,10.5,0.128,1.04,12.8,0.061,0.128,0.096,12.3,12.3,0.551,0.57,0.219,0.222,96.5,96.31,80.26,96.31,0.117,4567,5.2,10.7,Rodney Rogers
1518,Rodrick,1610612742,DAL,26.0,1,1,0,1.0,7.993333333333333,0,3,0.0,0,0,0.0,0,0,0.0,1,0,1,0,2,2,0,1,0,0,0,-15,5.2,0,0,5.0,1,1999-00,8.0,37.5,37.5,37.5,128.7,123.5,123.5,-91.2,-86.0,-86.0,0.0,0.0,0.0,0.0,0.0,0.0,40.0,40.0,0.0,0.0,0.238,0.238,97.04,99.08,82.57,99.08,-0.132,16,0.0,3.0,Rodrick Rhodes
166,Ron,1610612747,LAL,36.0,80,66,14,0.825,2041.29,212,531,0.399,33,106,0.311,100,147,0.68,96,241,337,270,132,85,39,44,164,6,557,331,1606.4,0,0,1445.0,1,1999-00,25.5,104.2,105.2,105.2,96.7,97.3,97.3,7.6,7.8,7.8,0.189,2.05,26.9,0.045,0.113,0.079,13.2,13.2,0.43,0.468,0.156,0.157,94.74,93.99,78.32,93.99,0.086,4006,2.7,6.6,Ron Harper
1500,Ron,1610612753,ORL,24.0,68,34,34,0.5,2373.555,460,1080,0.426,15,48,0.313,213,270,0.789,64,186,250,158,151,75,23,69,151,24,1148,24,1828.0,0,0,1767.0,2,1999-00,34.9,101.3,102.3,102.3,101.0,102.0,102.0,0.4,0.3,0.3,0.11,1.05,10.5,0.027,0.076,0.051,10.0,10.0,0.433,0.479,0.244,0.247,97.75,96.76,80.63,96.76,0.081,4789,6.8,15.9,Ron Mercer
1728,Roshown,1610612737,ATL,24.0,44,14,30,0.318,858.025,131,332,0.395,2,13,0.154,54,70,0.771,41,97,138,52,59,16,5,27,84,8,318,-135,565.6,0,0,552.0,1,1999-00,19.5,95.6,96.7,96.7,104.2,104.3,104.3,-8.5,-7.6,-7.6,0.102,0.88,10.9,0.046,0.109,0.077,12.4,12.5,0.398,0.438,0.212,0.214,96.12,95.58,79.65,95.58,0.053,1706,3.0,7.5,Roshown McLeod
964,Roy,1610612743,DEN,26.0,40,19,21,0.475,354.94,35,88,0.398,0,1,0.0,19,41,0.463,33,47,80,9,10,2,38,9,36,1,89,-17,308.5,1,0,258.0,1,1999-00,8.9,98.8,96.7,96.7,99.1,99.2,99.2,-0.3,-2.4,-2.4,0.04,0.9,7.1,0.087,0.123,0.105,7.9,8.0,0.398,0.42,0.134,0.138,98.61,99.6,83.0,99.6,0.058,737,0.9,2.2,Roy Rogers
1739,Ruben,1610612760,SEA,24.0,81,45,36,0.556,2099.5033333333336,354,661,0.536,12,27,0.444,222,321,0.692,218,216,434,126,144,94,40,96,190,19,942,39,1909.8,5,0,1782.0,1,1999-00,25.9,103.7,103.5,103.5,101.8,102.4,102.4,1.8,1.2,1.2,0.095,0.88,11.8,0.101,0.1,0.101,13.4,13.4,0.545,0.587,0.195,0.2,95.84,95.65,79.7,95.65,0.107,4179,4.4,8.2,Ruben Patterson
1601,Rusty,1610612741,CHI,26.0,4,0,4,0.0,128.645,15,43,0.349,2,14,0.143,5,7,0.714,1,9,10,11,7,7,0,0,9,0,37,-46,79.5,0,0,74.0,1,1999-00,32.2,87.5,87.3,87.3,107.6,107.0,107.0,-20.1,-19.7,-19.7,0.172,1.57,17.2,0.007,0.073,0.038,10.9,10.9,0.372,0.401,0.185,0.19,90.32,90.67,75.56,90.67,0.052,244,3.8,10.8,Rusty LaRue
1763,Ryan,1610612743,DEN,24.0,52,24,28,0.462,589.335,46,117,0.393,1,9,0.111,38,53,0.717,75,39,114,20,14,39,13,11,95,10,131,-27,439.8,0,0,370.0,1,1999-00,11.3,100.1,99.2,99.2,101.5,100.7,100.7,-1.5,-1.5,-1.5,0.052,1.43,11.5,0.11,0.066,0.09,8.0,8.0,0.397,0.467,0.107,0.11,97.0,97.78,81.48,97.78,0.047,1196,0.9,2.3,Ryan Bowen
1926,Ryan,1610612758,SAC,23.0,1,0,1,0.0,24.633333333333333,2,6,0.333,0,2,0.0,1,1,1.0,0,0,0,0,0,0,0,0,0,1,5,-15,5.0,0,0,5.0,1,1999-00,24.6,70.1,73.3,73.3,103.4,100.0,100.0,-33.4,-26.7,-26.7,0.0,0.0,0.0,0.0,0.0,0.0,0.0,0.0,0.333,0.388,0.111,0.119,91.08,90.61,75.51,90.61,0.02,45,2.0,6.0,Ryan Robertson
1756,Ryan,1610612739,CLE,24.0,25,8,17,0.32,197.855,17,51,0.333,0,1,0.0,18,27,0.667,15,30,45,5,17,4,11,13,47,5,52,-32,141.5,0,0,132.0,1,1999-00,7.9,91.3,88.1,88.1,100.0,95.4,95.4,-8.7,-7.3,-7.3,0.041,0.29,5.8,0.071,0.144,0.107,19.8,20.0,0.333,0.413,0.165,0.17,101.72,106.02,88.35,106.02,-0.006,437,0.7,2.0,Ryan Stack
208,Sam,1610612749,MIL,30.0,81,42,39,0.519,2899.6966666666667,545,1170,0.466,26,90,0.289,390,445,0.876,69,232,301,729,267,102,8,45,255,39,1506,134,3023.7,29,0,2782.0,1,1999-00,35.8,106.7,107.5,107.5,104.3,104.8,104.8,2.4,2.7,2.7,0.399,2.73,30.8,0.024,0.081,0.053,11.3,11.3,0.477,0.551,0.245,0.247,96.61,95.98,79.98,95.98,0.144,5788,6.7,14.4,Sam Cassell
1734,Sam,1610612744,GSW,24.0,52,15,37,0.288,675.8783333333333,108,212,0.509,9,24,0.375,30,41,0.732,25,46,71,32,33,30,3,8,113,6,255,-113,454.2,0,0,433.0,2,1999-00,13.0,101.6,100.1,100.1,110.3,107.2,107.2,-8.8,-7.1,-7.1,0.077,0.97,10.8,0.034,0.074,0.053,11.1,11.2,0.531,0.554,0.159,0.164,99.71,101.88,84.9,101.88,0.051,1429,2.1,4.1,Sam Jacobson
694,Sam,1610612744,GSW,30.0,23,6,17,0.261,334.00666666666666,37,122,0.303,21,64,0.328,19,20,0.95,7,32,39,24,19,18,1,10,45,5,114,-53,234.8,0,0,236.0,1,1999-00,14.5,96.1,96.5,96.5,105.8,103.4,103.4,-9.7,-6.9,-6.9,0.116,1.26,13.8,0.018,0.1,0.056,10.9,10.9,0.389,0.436,0.18,0.184,99.17,100.09,83.41,100.09,0.039,694,1.6,5.3,Sam Mack
417,Sam,1610612750,MIN,36.0,66,39,27,0.591,1226.475,168,376,0.447,10,23,0.435,81,92,0.88,28,110,138,111,44,27,14,13,116,11,427,-87,838.1,0,0,768.0,1,1999-00,18.6,100.1,99.4,99.4,102.8,103.3,103.3,-2.6,-3.9,-3.9,0.141,2.52,19.4,0.023,0.09,0.057,7.7,7.7,0.46,0.513,0.167,0.171,94.14,94.26,78.55,94.26,0.08,2412,2.5,5.7,Sam Mitchell
64,Sam,1610612754,IND,39.0,81,55,26,0.679,1618.715,184,441,0.417,89,218,0.408,80,97,0.825,64,225,289,68,63,31,33,11,136,12,537,293,1114.8,0,0,1111.0,1,1999-00,20.0,106.2,106.0,106.0,97.2,96.3,96.3,9.0,9.7,9.7,0.07,1.08,11.0,0.042,0.139,0.092,10.2,10.2,0.518,0.555,0.155,0.157,93.02,93.57,77.98,93.57,0.089,3149,2.3,5.4,Sam Perkins
955,Samaki,1610612759,SAS,24.0,71,48,23,0.676,979.915,137,305,0.449,0,0,0.0,86,126,0.683,77,195,272,38,64,10,35,37,108,5,360,21,814.4,4,0,760.0,1,1999-00,13.8,102.3,100.2,100.2,99.8,99.0,99.0,2.4,1.2,1.2,0.064,0.59,8.1,0.082,0.194,0.14,13.7,13.8,0.449,0.499,0.195,0.199,93.35,94.73,78.95,94.73,0.092,1933,1.9,4.3,Samaki Walker
1513,Scot,1610612758,SAC,25.0,76,40,36,0.526,1331.6266666666668,149,283,0.527,0,0,0.0,114,159,0.717,168,236,404,43,50,55,59,34,213,26,412,120,1253.3,3,0,1087.0,1,1999-00,17.5,102.8,103.1,103.1,99.3,98.6,98.6,3.5,4.5,4.5,0.048,0.86,9.6,0.117,0.175,0.145,11.2,11.2,0.527,0.584,0.126,0.128,98.33,98.57,82.14,98.57,0.097,2733,2.0,3.7,Scot Pollard
197,Scott,1610612751,NJN,29.0,74,31,43,0.419,1335.4816666666666,165,419,0.394,82,232,0.353,39,50,0.78,65,191,256,72,38,67,44,15,173,19,451,60,1161.2,0,0,1083.0,1,1999-00,18.0,103.7,101.5,101.5,100.7,99.0,99.0,3.0,2.5,2.5,0.088,1.89,13.1,0.047,0.147,0.096,6.9,6.9,0.492,0.511,0.158,0.163,94.57,96.4,80.33,96.4,0.087,2678,2.2,5.7,Scott Burrell
1909,Scott,1610612762,UTA,24.0,47,34,13,0.723,432.98333333333335,44,140,0.314,13,44,0.295,19,27,0.704,24,64,88,25,22,14,8,15,55,3,120,-32,307.1,0,0,290.0,1,1999-00,9.2,97.9,96.8,96.8,101.6,101.9,101.9,-3.8,-5.1,-5.1,0.092,1.14,12.5,0.059,0.149,0.105,11.0,11.1,0.361,0.395,0.179,0.184,92.24,92.62,77.19,92.62,0.045,841,0.9,3.0,Scott Padgett
281,Scott,1610612749,MIL,32.0,68,34,34,0.5,1488.42,213,426,0.5,0,0,0.0,94,129,0.729,177,271,448,28,65,40,66,24,230,29,520,20,1352.6,8,0,1208.0,1,1999-00,21.9,104.5,105.6,105.6,104.6,104.0,104.0,-0.1,1.6,1.6,0.028,0.43,4.9,0.121,0.192,0.156,11.3,11.3,0.5,0.539,0.16,0.163,94.84,94.62,78.85,94.62,0.087,2921,3.1,6.3,Scott Williams
937,Scottie,1610612757,POR,34.0,82,59,23,0.72,2750.8866666666668,388,860,0.451,86,263,0.327,160,223,0.717,114,399,513,406,208,117,41,36,208,26,1022,396,2512.6,9,0,2343.0,1,1999-00,33.5,105.3,106.6,106.6,97.8,98.7,98.7,7.5,7.8,7.8,0.233,1.95,25.8,0.044,0.144,0.096,13.2,13.2,0.501,0.533,0.193,0.195,92.92,91.96,76.63,91.96,0.123,5262,4.7,10.5,Scottie Pippen
251,Sean,1610612759,SAS,32.0,19,13,6,0.684,392.5516666666667,38,106,0.358,13,37,0.351,25,32,0.781,6,41,47,28,19,12,2,8,34,0,114,75,235.4,0,0,230.0,1,1999-00,20.7,104.4,104.3,104.3,93.8,94.4,94.4,10.6,9.9,9.9,0.111,1.47,16.7,0.018,0.1,0.063,11.3,11.4,0.42,0.475,0.168,0.171,91.54,91.28,76.07,91.28,0.057,747,2.0,5.6,Sean Elliott
1752,Sean,1610612761,TOR,24.0,5,1,4,0.2,12.578333333333331,2,6,0.333,0,1,0.0,4,4,1.0,0,2,2,0,3,1,1,0,3,0,8,-6,13.4,0,0,14.0,1,1999-00,2.5,91.7,90.9,90.9,112.6,100.0,100.0,-21.0,-9.1,-9.1,0.0,0.0,0.0,0.0,0.0,0.0,27.3,27.9,0.333,0.515,0.289,0.293,123.41,131.65,109.71,131.65,0.027,33,0.4,1.2,Sean Marks
399,Sean,1610612742,DAL,30.0,71,37,34,0.521,1000.0883333333334,122,283,0.431,0,0,0.0,65,89,0.73,82,166,248,68,70,29,52,24,169,14,309,-51,881.6,2,0,787.0,1,1999-00,14.1,100.2,99.3,99.3,103.3,101.5,101.5,-3.1,-2.2,-2.2,0.099,0.97,14.8,0.08,0.162,0.122,15.3,15.2,0.431,0.48,0.167,0.172,97.81,99.09,82.57,99.09,0.064,2062,1.7,4.0,Sean Rooks
1742,Shammond,1610612760,SEA,25.0,43,22,21,0.512,511.7366666666667,84,225,0.373,24,81,0.296,33,51,0.647,12,40,52,78,40,18,0,19,39,1,225,-23,418.4,1,0,415.0,1,1999-00,11.9,100.8,100.7,100.7,103.7,103.0,103.0,-2.8,-2.2,-2.2,0.241,1.95,21.4,0.021,0.071,0.045,11.0,10.9,0.427,0.455,0.229,0.236,99.96,100.32,83.6,100.32,0.079,1070,2.0,5.2,Shammond Williams
1000,Shandon,1610612745,HOU,26.0,82,34,48,0.415,2704.4933333333333,368,778,0.473,79,225,0.351,194,253,0.767,91,293,384,239,194,96,32,65,183,18,1009,-92,2018.3,4,0,1967.0,1,1999-00,33.0,102.1,103.3,103.3,104.4,105.1,105.1,-2.3,-1.8,-1.8,0.139,1.23,18.1,0.034,0.106,0.071,14.7,14.7,0.524,0.567,0.174,0.176,97.0,96.08,80.07,96.08,0.091,5417,4.5,9.5,Shandon Anderson
406,Shaquille,1610612747,LAL,28.0,79,66,13,0.835,3165.1766666666667,956,1665,0.574,0,1,0.0,432,824,0.524,336,742,1078,299,223,36,239,59,255,12,2344,705,4688.1,63,0,4271.0,1,1999-00,40.1,106.3,107.7,107.7,95.2,96.2,96.2,11.0,11.5,11.5,0.184,1.34,11.8,0.105,0.219,0.164,8.8,8.7,0.574,0.578,0.311,0.313,95.37,94.28,78.57,94.28,0.214,6211,12.1,21.1,Shaquille O'Neal
949,Shareef,1610612763,VAN,23.0,82,22,60,0.268,3223.7816666666668,594,1277,0.465,29,96,0.302,446,551,0.809,218,607,825,271,249,89,87,140,244,17,1663,-326,3338.5,42,0,3140.0,1,1999-00,39.3,100.5,101.1,101.1,105.8,106.5,106.5,-5.3,-5.4,-5.4,0.152,1.09,13.3,0.072,0.202,0.137,12.2,12.2,0.477,0.547,0.247,0.249,93.76,93.2,77.67,93.2,0.144,6264,7.2,15.6,Shareef Abdur-Rahim
762,Shawn,1610612742,DAL,28.0,77,38,39,0.494,1901.6083333333331,266,555,0.479,1,5,0.2,114,149,0.765,160,337,497,60,74,71,190,32,260,41,647,73,2042.4,9,0,1727.0,1,1999-00,24.7,101.4,101.8,101.8,98.8,98.7,98.7,2.7,3.1,3.1,0.049,0.81,7.9,0.084,0.162,0.125,9.8,9.8,0.48,0.521,0.163,0.165,95.83,95.72,79.76,95.72,0.101,3769,3.5,7.2,Shawn Bradley
431,Shawn,1610612739,CLE,30.0,82,32,50,0.39,2492.89,484,1160,0.417,2,6,0.333,493,635,0.776,231,494,725,138,291,100,96,137,371,20,1463,-133,2837.0,35,0,2720.0,1,1999-00,30.4,98.5,99.4,99.4,100.8,101.2,101.2,-2.2,-1.8,-1.8,0.098,0.47,7.3,0.091,0.2,0.145,15.5,15.6,0.418,0.508,0.297,0.298,99.56,98.94,82.45,98.94,0.11,5119,5.9,14.1,Shawn Kemp
1890,Shawn,1610612756,PHX,22.0,51,37,14,0.725,1263.4716666666666,222,471,0.471,4,22,0.182,72,85,0.847,105,227,332,69,51,38,53,26,113,14,520,118,1243.9,7,0,1107.0,1,1999-00,24.8,101.7,101.0,101.0,96.2,96.0,96.0,5.5,4.9,4.9,0.089,1.35,10.9,0.085,0.175,0.131,8.1,8.1,0.476,0.511,0.191,0.194,97.04,97.5,81.25,97.5,0.125,2562,4.4,9.2,Shawn Marion
428,Sherman,1610612751,NJN,33.0,20,5,15,0.25,305.70666666666665,45,90,0.5,5,16,0.313,25,28,0.893,13,16,29,34,24,17,0,6,26,5,120,-76,232.8,0,0,222.0,1,1999-00,15.3,92.5,90.4,90.4,104.0,102.1,102.1,-11.5,-11.8,-11.8,0.215,1.42,21.3,0.037,0.056,0.045,15.0,15.0,0.528,0.586,0.174,0.181,94.44,96.41,80.34,96.41,0.115,612,2.3,4.5,Sherman Douglas
278,Stacey,1610612757,POR,31.0,59,42,17,0.712,688.1833333333333,83,175,0.474,0,2,0.0,37,55,0.673,42,74,116,53,38,27,11,10,69,8,203,-86,497.7,0,0,448.0,1,1999-00,11.7,99.9,97.4,97.4,103.5,102.7,102.7,-3.6,-5.2,-5.2,0.131,1.39,18.2,0.062,0.107,0.085,13.1,13.1,0.474,0.51,0.152,0.158,92.04,93.53,77.94,93.53,0.083,1333,1.4,3.0,Stacey Augmon
914,Stanley,1610612755,PHI,30.0,5,3,2,0.6,52.195,5,16,0.313,0,1,0.0,0,3,0.0,6,9,15,3,2,1,1,3,15,0,10,-17,36.5,0,0,32.0,1,1999-00,10.4,81.7,82.5,82.5,98.0,98.1,98.1,-16.3,-15.6,-15.6,0.107,1.5,13.6,0.102,0.176,0.136,9.1,9.0,0.313,0.289,0.16,0.164,95.73,95.18,79.32,95.18,-0.033,103,1.0,3.2,Stanley Roberts
950,Stephon,1610612751,NJN,23.0,74,31,43,0.419,2881.0666666666666,569,1317,0.432,66,233,0.283,436,536,0.813,61,179,240,622,270,112,15,82,195,16,1640,17,2972.0,29,0,2822.0,1,1999-00,38.9,104.1,104.2,104.2,104.1,104.1,104.1,0.0,0.1,0.1,0.38,2.3,25.5,0.02,0.063,0.041,11.1,11.0,0.457,0.528,0.272,0.277,96.18,96.16,80.14,96.16,0.134,5778,7.7,17.8,Stephon Marbury
1883,Steve,1610612745,HOU,23.0,77,31,46,0.403,2775.36,497,1117,0.445,107,310,0.345,287,365,0.786,152,257,409,507,306,118,29,69,231,19,1388,-159,2774.3,17,1,2705.0,1,1999-00,36.0,101.3,102.5,102.5,105.0,105.4,105.4,-3.7,-2.8,-2.8,0.315,1.66,24.2,0.055,0.091,0.073,14.6,14.6,0.493,0.543,0.247,0.249,96.98,96.2,80.17,96.2,0.119,5562,6.5,14.5,Steve Francis
70,Steve,1610612759,SAS,34.0,32,24,8,0.75,268.4783333333333,32,74,0.432,16,31,0.516,9,11,0.818,3,16,19,12,7,4,0,0,14,2,89,-12,134.8,0,0,144.0,1,1999-00,8.4,98.5,94.7,94.7,97.7,97.7,97.7,0.8,-3.0,-3.0,0.078,1.71,12.4,0.01,0.054,0.033,7.2,7.2,0.541,0.564,0.136,0.144,97.91,99.85,83.21,99.85,0.073,561,1.0,2.3,Steve Kerr
959,Steve,1610612742,DAL,26.0,56,31,25,0.554,1534.8666666666666,173,363,0.477,60,149,0.403,75,85,0.882,34,87,121,272,102,37,3,12,122,22,481,129,1052.2,6,0,1014.0,1,1999-00,27.4,108.0,108.1,108.1,104.1,103.8,103.8,4.0,4.4,4.4,0.252,2.67,35.3,0.023,0.055,0.04,13.2,13.2,0.559,0.601,0.144,0.148,96.52,96.63,80.53,96.63,0.088,3087,3.1,6.5,Steve Nash
120,Steven,1610612757,POR,31.0,82,59,23,0.72,2688.29,420,900,0.467,96,241,0.398,289,340,0.85,123,190,313,209,117,71,31,43,214,10,1225,481,2103.1,0,0,2047.0,1,1999-00,32.8,106.9,107.6,107.6,97.8,98.4,98.4,9.1,9.2,9.2,0.124,1.79,15.3,0.049,0.069,0.06,8.6,8.5,0.52,0.584,0.195,0.2,92.82,92.24,76.87,92.24,0.106,5169,5.1,11.0,Steven Smith
1505,Tariq,1610612743,DEN,25.0,61,27,34,0.443,1574.78,274,646,0.424,3,23,0.13,146,193,0.756,101,190,291,98,106,59,28,32,147,9,697,-39,1348.2,2,0,1263.0,2,1999-00,25.8,97.7,98.8,98.8,99.2,99.9,99.9,-1.5,-1.1,-1.1,0.098,0.92,10.4,0.058,0.112,0.085,11.3,11.3,0.426,0.477,0.216,0.218,102.45,101.55,84.62,101.55,0.082,3330,4.5,10.6,Tariq Abdul-Wahad
210,Terrell,1610612750,MIN,30.0,71,43,28,0.606,2591.275,486,1042,0.466,53,132,0.402,187,208,0.899,44,194,238,629,184,134,30,31,158,27,1212,359,2749.1,23,1,2460.0,1,1999-00,36.5,106.2,106.5,106.5,99.3,99.6,99.6,7.0,6.9,6.9,0.375,3.42,32.5,0.018,0.077,0.048,9.5,9.5,0.492,0.535,0.224,0.229,94.77,94.46,78.72,94.46,0.145,5102,6.8,14.7,Terrell Brandon
187,Terry,1610612744,GSW,39.0,22,5,17,0.227,399.2966666666667,76,177,0.429,0,0,0.0,32,39,0.821,45,62,107,21,27,13,8,7,74,3,184,-45,379.9,1,0,354.0,1,1999-00,18.1,95.4,95.3,95.3,103.1,101.6,101.6,-7.7,-6.3,-6.3,0.094,0.78,8.6,0.095,0.153,0.122,11.1,11.1,0.429,0.474,0.224,0.229,96.99,97.73,81.44,97.73,0.083,816,3.5,8.0,Terry Cummings
371,Terry,1610612765,DET,32.0,82,42,40,0.512,1842.2333333333331,214,488,0.439,95,242,0.393,25,34,0.735,50,340,390,85,46,38,24,11,242,15,548,11,1283.5,1,0,1242.0,1,1999-00,22.5,103.9,104.0,104.0,104.0,103.6,103.6,-0.1,0.4,0.4,0.068,1.85,13.4,0.028,0.191,0.109,7.3,7.3,0.536,0.545,0.13,0.132,98.6,98.71,82.26,98.71,0.073,3786,2.6,6.0,Terry Mills
345,Terry,1610612759,SAS,37.0,68,43,25,0.632,1611.875,207,463,0.447,90,207,0.435,137,170,0.806,24,167,191,221,100,50,9,23,79,11,641,403,1278.7,1,0,1261.0,1,1999-00,23.7,105.0,104.1,104.1,92.0,91.9,91.9,12.9,12.2,12.2,0.227,2.21,25.9,0.016,0.098,0.06,11.7,11.6,0.544,0.596,0.177,0.183,93.12,93.61,78.01,93.61,0.134,3154,3.0,6.8,Terry Porter
689,Theo,1610612755,PHI,27.0,57,34,23,0.596,1797.02,247,491,0.503,0,0,0.0,182,236,0.771,140,295,435,36,108,32,171,49,185,17,676,105,1753.0,18,0,1553.0,1,1999-00,31.5,99.8,100.6,100.6,96.6,96.6,96.6,3.2,4.0,4.0,0.032,0.33,4.8,0.078,0.161,0.12,14.5,14.6,0.503,0.568,0.174,0.176,94.28,93.93,78.27,93.93,0.109,3499,4.3,8.6,Theo Ratliff
676,Thomas,1610612745,HOU,25.0,22,6,16,0.273,273.88166666666666,35,79,0.443,0,0,0.0,12,23,0.522,31,59,90,15,28,4,14,14,25,1,82,-36,238.5,1,0,223.0,1,1999-00,12.4,102.3,102.6,102.6,110.3,109.1,109.1,-8.0,-6.5,-6.5,0.087,0.54,11.5,0.115,0.25,0.178,21.4,21.2,0.443,0.46,0.182,0.187,94.01,94.38,78.65,94.38,0.076,538,1.6,3.6,Thomas Hamilton
1495,Tim,1610612759,SAS,24.0,74,48,26,0.649,2878.556666666667,628,1281,0.49,1,11,0.091,459,603,0.761,262,656,918,234,242,66,165,98,210,19,1716,477,3619.6,60,1,3331.0,1,1999-00,38.9,103.5,103.6,103.6,94.0,95.0,95.0,9.5,8.6,8.6,0.152,0.97,11.5,0.098,0.217,0.162,11.9,12.0,0.491,0.555,0.284,0.286,93.5,92.89,77.41,92.89,0.183,5569,8.5,17.3,Tim Duncan
896,Tim,1610612748,MIA,33.0,52,35,17,0.673,1669.3433333333332,246,638,0.386,94,256,0.367,110,133,0.827,25,125,150,385,119,49,4,13,112,10,696,224,1493.5,9,0,1431.0,1,1999-00,32.1,106.7,106.7,106.7,99.3,100.0,100.0,7.4,6.7,6.7,0.368,3.24,32.1,0.016,0.073,0.045,9.9,9.9,0.459,0.5,0.223,0.227,92.24,91.87,76.56,91.87,0.117,3200,4.7,12.3,Tim Hardaway
1906,Tim,1610612748,MIA,23.0,4,2,2,0.5,23.633333333333333,5,14,0.357,0,0,0.0,1,3,0.333,3,1,4,2,2,0,3,1,1,0,11,19,25.8,0,0,23.0,1,1999-00,5.9,110.0,106.3,106.3,71.1,68.1,68.1,38.9,38.2,38.2,0.143,1.0,10.5,0.0,0.037,0.0,10.5,10.4,0.357,0.359,0.304,0.319,92.78,96.47,80.39,96.47,0.059,48,1.3,3.5,Tim James
100,Tim,1610612744,GSW,33.0,23,3,20,0.13,282.515,28,78,0.359,7,21,0.333,14,18,0.778,4,19,23,24,6,4,1,3,33,2,77,-84,149.6,0,0,141.0,1,1999-00,12.3,94.7,92.6,92.6,111.4,107.1,107.1,-16.7,-14.5,-14.5,0.134,4.0,20.5,0.012,0.07,0.039,5.1,5.2,0.404,0.448,0.133,0.137,98.05,101.09,84.24,101.09,0.036,596,1.2,3.4,Tim Legler
1501,Tim,1610612749,MIL,23.0,80,42,38,0.525,2093.201666666667,347,753,0.461,63,182,0.346,188,243,0.774,100,232,332,113,129,59,31,47,227,14,945,-131,1653.9,0,0,1633.0,1,1999-00,26.2,102.4,102.8,102.8,106.3,105.4,105.4,-3.8,-2.5,-2.5,0.092,0.88,10.3,0.049,0.112,0.081,11.7,11.7,0.503,0.549,0.207,0.211,95.38,95.59,79.66,95.59,0.091,4156,4.3,9.4,Tim Thomas
1937,Tim,1610612744,GSW,24.0,25,3,22,0.12,138.60666666666663,13,39,0.333,0,0,0.0,28,36,0.778,13,22,35,5,9,2,1,7,18,0,54,1,103.5,0,0,100.0,1,1999-00,5.5,100.8,100.0,100.0,105.7,98.7,98.7,-4.9,1.3,1.3,0.057,0.56,7.1,0.076,0.167,0.115,12.9,13.1,0.333,0.492,0.177,0.181,102.19,106.14,88.45,106.14,0.061,305,0.5,1.6,Tim Young
1753,Toby,1610612756,PHX,24.0,46,29,17,0.63,449.9983333333333,58,140,0.414,2,10,0.2,45,65,0.692,26,46,72,30,24,13,4,10,55,7,163,19,321.4,0,0,301.0,1,1999-00,9.8,101.0,98.0,98.0,97.5,94.8,94.8,3.5,3.3,3.3,0.099,1.25,13.4,0.056,0.099,0.078,10.7,10.8,0.421,0.483,0.174,0.18,100.47,103.41,86.18,103.41,0.063,963,1.3,3.0,Toby Bailey
103,Todd,1610612756,PHX,30.0,58,36,22,0.621,943.085,130,330,0.394,64,165,0.388,72,108,0.667,31,98,129,65,50,44,22,17,127,10,396,195,796.3,0,0,786.0,1,1999-00,16.3,106.3,105.0,105.0,96.9,95.4,95.4,9.5,9.6,9.6,0.105,1.3,13.1,0.033,0.101,0.067,10.1,10.2,0.491,0.524,0.193,0.197,97.84,99.25,82.71,99.25,0.073,1954,2.2,5.7,Todd Day
957,Todd,1610612766,CHH,25.0,41,24,17,0.585,400.38666666666666,51,122,0.418,0,0,0.0,32,53,0.604,36,74,110,5,27,9,8,18,46,0,134,-15,297.5,1,0,283.0,1,1999-00,9.8,92.8,91.8,91.8,94.9,92.1,92.1,-2.1,-0.4,-0.4,0.019,0.19,2.8,0.088,0.169,0.13,15.1,15.2,0.418,0.461,0.179,0.184,100.82,102.92,85.77,102.92,0.064,852,1.2,3.0,Todd Fuller
1928,Todd,1610612755,PHI,24.0,56,37,19,0.661,527.3783333333333,89,161,0.553,0,0,0.0,28,54,0.519,48,98,146,13,26,11,37,12,94,2,206,22,518.7,2,0,461.0,1,1999-00,9.4,97.3,96.6,96.6,97.2,95.3,95.3,0.1,1.3,1.3,0.04,0.5,5.8,0.086,0.178,0.132,11.7,11.6,0.553,0.557,0.162,0.168,99.7,101.03,84.19,101.03,0.098,1114,1.6,2.9,Todd MacCulloch
339,Tom,1610612756,PHX,30.0,54,36,18,0.667,1767.635,310,645,0.481,1,8,0.125,117,151,0.775,141,284,425,124,106,80,31,42,152,33,738,244,1661.0,9,0,1510.0,1,1999-00,32.7,103.4,104.2,104.2,96.1,96.6,96.6,7.3,7.6,7.6,0.113,1.17,13.1,0.082,0.159,0.121,11.2,11.3,0.481,0.519,0.203,0.205,96.21,95.6,79.67,95.6,0.119,3509,5.7,11.9,Tom Gugliotta
67,Tom,1610612750,MIN,33.0,56,33,23,0.589,373.6833333333333,42,97,0.433,0,0,0.0,33,56,0.589,34,67,101,10,21,8,3,13,55,6,117,-120,265.2,0,0,250.0,1,1999-00,6.7,92.5,89.4,89.4,106.8,104.3,104.3,-14.3,-14.9,-14.9,0.044,0.48,6.5,0.083,0.163,0.123,13.6,13.8,0.433,0.481,0.16,0.166,98.94,101.86,84.88,101.86,0.055,792,0.8,1.7,Tom Hammonds
389,Toni,1610612755,PHI,31.0,56,30,26,0.536,1786.455,297,728,0.408,44,168,0.262,192,265,0.725,75,198,273,264,146,77,28,29,112,18,830,33,1722.6,8,1,1621.0,2,1999-00,31.9,99.0,99.7,99.7,98.9,98.9,98.9,0.1,0.8,0.8,0.268,1.81,21.1,0.042,0.116,0.079,11.7,11.6,0.438,0.491,0.246,0.251,92.79,92.5,77.08,92.5,0.124,3445,5.3,13.0,Toni Kukoc
1499,Tony,1610612738,BOS,24.0,82,35,47,0.427,1501.9716666666666,219,459,0.477,1,8,0.125,102,151,0.675,152,258,410,63,67,47,70,21,249,12,541,-16,1411.5,4,0,1249.0,1,1999-00,18.3,102.4,101.4,101.4,102.7,101.2,101.2,-0.3,0.3,0.3,0.069,0.94,9.6,0.098,0.184,0.139,10.2,10.2,0.478,0.515,0.166,0.171,96.95,98.11,81.76,98.11,0.091,3058,2.7,5.6,Tony Battie
960,Tony,1610612758,SAC,26.0,46,24,22,0.522,680.11,120,279,0.43,9,40,0.225,47,59,0.797,36,52,88,55,32,35,5,20,58,5,296,187,572.1,0,0,528.0,1,1999-00,14.8,109.7,109.4,109.4,97.5,96.4,96.4,12.2,13.0,13.0,0.122,1.72,14.0,0.05,0.077,0.063,8.1,8.2,0.446,0.485,0.207,0.21,97.81,98.53,82.1,98.53,0.092,1399,2.6,6.1,Tony Delk
1108,Tony,1610612744,GSW,30.0,74,17,57,0.23,1198.96,127,312,0.407,8,44,0.182,203,265,0.766,118,177,295,74,82,66,16,31,167,26,465,-83,1094.0,1,0,1006.0,1,1999-00,16.2,101.6,100.5,100.5,106.2,104.1,104.1,-4.6,-3.6,-3.6,0.094,0.9,12.5,0.089,0.157,0.12,13.9,14.0,0.42,0.542,0.175,0.178,99.12,100.65,83.87,100.65,0.091,2518,1.7,4.2,Tony Farmer
763,Tony,1610612745,HOU,32.0,10,2,8,0.2,108.32,16,36,0.444,0,0,0.0,14,16,0.875,7,20,27,3,9,2,5,6,13,1,46,-15,94.9,0,0,90.0,1,1999-00,10.8,93.4,90.0,90.0,97.3,97.9,97.9,-3.9,-7.9,-7.9,0.047,0.33,5.5,0.066,0.171,0.121,16.4,16.4,0.444,0.534,0.193,0.201,103.83,105.47,87.89,105.47,0.105,240,1.6,3.6,Tony Massenburg
1503,Tracy,1610612761,TOR,21.0,79,44,35,0.557,2458.873333333333,459,1018,0.451,18,65,0.277,277,392,0.707,188,313,501,263,160,90,151,77,201,7,1213,-5,2771.7,11,0,2477.0,1,1999-00,31.1,101.3,101.3,101.3,101.0,100.8,100.8,0.4,0.5,0.5,0.192,1.64,16.3,0.074,0.13,0.101,9.9,9.9,0.46,0.509,0.241,0.246,94.39,94.48,78.74,94.48,0.131,4825,5.8,12.9,Tracy McGrady
145,Tracy,1610612764,WAS,28.0,80,28,52,0.35,1830.715,290,670,0.433,113,263,0.43,120,141,0.851,63,208,271,72,84,45,24,34,185,12,813,-82,1369.2,1,0,1407.0,1,1999-00,22.9,101.6,101.3,101.3,105.1,104.4,104.4,-3.5,-3.1,-3.1,0.067,0.86,8.1,0.034,0.118,0.075,9.5,9.5,0.517,0.555,0.192,0.197,95.34,95.84,79.87,95.84,0.093,3671,3.6,8.4,Tracy Murray
1892,Trajan,1610612739,CLE,24.0,10,5,5,0.5,144.20833333333334,15,40,0.375,8,19,0.421,11,11,1.0,4,11,15,11,6,5,0,3,16,2,49,60,92.5,0,0,93.0,1,1999-00,14.4,103.9,104.9,104.9,85.1,86.1,86.1,18.8,18.8,18.8,0.104,1.83,18.0,0.028,0.065,0.048,9.8,9.7,0.475,0.546,0.142,0.147,102.09,101.02,84.18,101.02,0.08,305,1.5,4.0,Trajan Langdon
696,Travis,1610612754,IND,27.0,82,56,26,0.683,1691.4916666666666,271,561,0.483,35,93,0.376,156,190,0.821,16,126,142,272,107,76,5,24,204,19,733,281,1447.4,0,0,1344.0,1,1999-00,20.6,107.4,107.3,107.3,98.8,98.3,98.3,8.6,8.9,8.9,0.285,2.54,26.5,0.01,0.076,0.044,10.4,10.5,0.514,0.569,0.204,0.207,93.24,93.49,77.91,93.49,0.115,3288,3.3,6.8,Travis Best
969,Travis,1610612747,LAL,25.0,63,51,12,0.81,408.4,46,118,0.39,0,0,0.0,17,29,0.586,46,83,129,23,26,6,23,10,88,6,109,12,359.3,0,0,319.0,1,1999-00,6.5,102.3,96.5,96.5,98.7,94.6,94.6,3.6,1.9,1.9,0.092,0.88,12.8,0.105,0.19,0.147,14.4,14.5,0.39,0.417,0.157,0.168,97.21,102.19,85.16,102.19,0.049,867,0.7,1.9,Travis Knight
1607,Troy,1610612746,LAC,24.0,62,12,50,0.194,1593.638333333333,204,541,0.377,60,193,0.311,77,95,0.811,28,120,148,242,108,43,0,19,65,24,545,-348,1106.6,2,0,1081.0,1,1999-00,25.7,95.7,95.8,95.8,107.1,107.0,107.0,-11.4,-11.2,-11.2,0.241,2.24,26.0,0.017,0.075,0.046,11.6,11.6,0.433,0.468,0.188,0.192,97.8,97.86,81.55,97.86,0.084,3257,3.3,8.7,Troy Hudson
895,Tyrone,1610612758,SAC,37.0,54,25,29,0.463,943.5066666666668,88,247,0.356,10,44,0.227,33,39,0.846,40,125,165,60,29,36,5,18,99,2,219,40,601.0,0,0,536.0,1,1999-00,17.5,101.1,101.7,101.7,100.5,99.5,99.5,0.6,2.2,2.2,0.092,2.07,17.0,0.037,0.126,0.08,8.2,8.2,0.377,0.415,0.127,0.13,99.92,100.09,83.41,100.09,0.055,1966,1.6,4.6,Tyrone Corbin
238,Tyrone,1610612755,PHI,32.0,68,41,27,0.603,2157.173333333333,318,656,0.485,0,1,0.0,179,259,0.691,220,405,625,52,124,64,27,82,243,14,815,100,1792.0,21,0,1674.0,1,1999-00,31.7,99.3,100.4,100.4,97.8,97.9,97.9,1.5,2.5,2.5,0.039,0.42,5.5,0.098,0.193,0.144,13.0,13.1,0.485,0.529,0.181,0.182,94.54,93.97,78.31,93.97,0.103,4221,4.7,9.6,Tyrone Hill
1838,Tyrone,1610612746,LAC,24.0,73,14,59,0.192,2319.65,364,915,0.398,94,281,0.335,151,191,0.791,82,193,275,121,102,75,31,33,205,5,973,-620,1700.5,0,0,1675.0,1,1999-00,31.8,95.0,95.1,95.1,108.2,108.3,108.3,-13.2,-13.2,-13.2,0.094,1.19,9.9,0.033,0.087,0.059,8.3,8.3,0.449,0.487,0.208,0.212,96.08,95.98,79.99,95.98,0.069,4634,5.0,12.5,Tyrone Nesby
1731,Tyronn,1610612747,LAL,23.0,8,6,2,0.75,146.90833333333333,19,39,0.487,4,8,0.5,6,8,0.75,2,10,12,17,9,3,0,5,17,4,48,-26,87.9,0,0,87.0,1,1999-00,18.4,95.4,95.0,95.0,105.6,104.7,104.7,-10.3,-9.7,-9.7,0.185,1.89,25.0,0.012,0.068,0.039,13.2,13.1,0.538,0.564,0.143,0.149,97.26,97.86,81.55,97.86,0.078,301,2.4,4.9,Tyronn Lue
137,Vernon,1610612760,SEA,34.0,47,27,20,0.574,990.6566666666666,169,490,0.345,67,223,0.3,108,148,0.73,15,64,79,75,53,38,9,21,83,9,513,-80,808.3,0,0,828.0,1,1999-00,21.1,99.6,98.8,98.8,103.4,103.7,103.7,-3.8,-4.9,-4.9,0.134,1.42,10.9,0.014,0.063,0.037,7.7,7.8,0.413,0.462,0.263,0.27,96.62,96.91,80.75,96.91,0.066,2009,3.6,10.4,Vernon Maxwell
452,Vin,1610612760,SEA,28.0,79,43,36,0.544,2847.365,514,1129,0.455,2,8,0.25,281,412,0.682,227,378,605,148,213,47,66,106,288,21,1311,64,2385.0,16,0,2292.0,1,1999-00,36.0,102.6,104.1,104.1,102.2,103.0,103.0,0.4,1.1,1.1,0.086,0.69,8.8,0.077,0.132,0.104,12.7,12.7,0.456,0.5,0.236,0.238,94.93,93.89,78.24,93.89,0.082,5571,6.5,14.3,Vin Baker
1713,Vince,1610612761,TOR,23.0,82,45,37,0.549,3127.983333333333,788,1696,0.465,95,236,0.403,436,551,0.791,150,326,476,322,178,110,92,71,263,30,2107,181,3589.2,9,1,3404.0,1,1999-00,38.1,105.2,105.5,105.5,101.6,102.3,102.3,3.6,3.2,3.2,0.195,1.81,13.2,0.047,0.107,0.076,7.3,7.3,0.493,0.543,0.295,0.299,95.69,95.22,79.35,95.22,0.147,6198,9.6,20.7,Vince Carter
219,Vinny,1610612749,MIL,33.0,67,33,34,0.493,1211.83,153,325,0.471,8,24,0.333,35,39,0.897,9,98,107,160,48,36,0,12,81,8,349,-96,777.4,0,0,696.0,1,1999-00,18.1,99.7,99.5,99.5,106.6,104.4,104.4,-6.8,-4.9,-4.9,0.206,3.33,29.1,0.007,0.085,0.045,8.7,8.7,0.483,0.51,0.143,0.146,93.47,94.57,78.81,94.57,0.089,2398,2.3,4.9,Vinny Del Negro
958,Vitaly,1610612738,BOS,25.0,79,35,44,0.443,1795.32,307,615,0.499,0,1,0.0,109,160,0.681,182,317,499,77,145,41,29,47,239,18,723,7,1502.3,10,0,1439.0,1,1999-00,22.7,101.4,101.3,101.3,101.8,101.1,101.1,-0.5,0.3,0.3,0.068,0.53,8.5,0.099,0.188,0.142,15.9,16.0,0.499,0.527,0.2,0.202,97.15,97.52,81.27,97.52,0.088,3646,3.9,7.8,Vitaly Potapenko
124,Vlade,1610612758,SAC,32.0,82,44,38,0.537,2377.5033333333336,384,764,0.503,7,26,0.269,230,333,0.691,174,482,656,244,190,103,103,69,251,59,1005,176,2586.2,25,1,2324.0,1,1999-00,29.0,100.9,102.3,102.3,98.5,98.9,98.9,2.4,3.4,3.4,0.148,1.28,18.2,0.068,0.185,0.126,14.2,14.1,0.507,0.552,0.188,0.19,103.99,103.03,85.85,103.03,0.121,5104,4.7,9.3,Vlade Divac
1735,Vladimir,1610612760,SEA,24.0,30,19,11,0.633,203.04666666666665,29,79,0.367,0,6,0.0,17,36,0.472,21,26,47,3,22,10,11,8,44,6,75,-51,176.9,0,0,167.0,1,1999-00,6.8,94.0,91.1,91.1,104.9,101.8,101.8,-10.9,-10.7,-10.7,0.026,0.14,2.5,0.086,0.122,0.103,18.3,18.4,0.367,0.395,0.225,0.235,101.38,104.49,87.07,104.49,-0.008,440,1.0,2.6,Vladimir Stepania
1907,Vonteego,1610612744,GSW,24.0,75,19,56,0.253,1793.7283333333332,265,655,0.405,49,151,0.325,127,169,0.751,57,127,184,247,132,91,13,44,174,13,706,-270,1477.3,2,0,1394.0,1,1999-00,23.9,97.7,97.1,97.1,105.3,104.6,104.6,-7.5,-7.5,-7.5,0.232,1.87,22.3,0.029,0.073,0.05,11.9,11.9,0.442,0.484,0.199,0.204,96.92,97.58,81.32,97.58,0.084,3648,3.5,8.7,Vonteego Cummings
702,Voshon,1610612748,MIA,27.0,53,34,19,0.642,1435.555,228,560,0.407,89,228,0.39,84,106,0.792,37,116,153,136,80,41,15,29,127,8,629,65,1104.6,0,0,1119.0,1,1999-00,27.1,101.6,100.3,100.3,97.4,98.8,98.8,4.2,1.4,1.4,0.164,1.7,16.6,0.027,0.076,0.052,9.8,9.7,0.487,0.518,0.212,0.219,93.48,93.4,77.84,93.4,0.091,2806,4.3,10.6,Voshon Lenard
1887,Wally,1610612750,MIN,23.0,73,45,28,0.616,2170.82,342,669,0.511,28,78,0.359,133,161,0.826,89,183,272,201,83,58,23,45,175,13,845,194,1632.9,2,0,1508.0,1,1999-00,29.7,104.9,104.8,104.8,100.0,100.3,100.3,4.9,4.6,4.6,0.136,2.42,19.7,0.043,0.088,0.065,8.1,8.1,0.532,0.571,0.168,0.171,94.56,94.45,78.71,94.45,0.098,4271,4.7,9.2,Wally Szczerbiak
1005,Walt,1610612745,HOU,30.0,76,34,42,0.447,1859.01,312,681,0.458,102,261,0.391,101,123,0.821,69,237,306,157,113,49,44,30,189,14,827,57,1595.7,3,0,1578.0,1,1999-00,24.5,103.0,103.9,103.9,101.4,102.5,102.5,1.6,1.4,1.4,0.138,1.39,15.7,0.038,0.125,0.082,11.3,11.2,0.533,0.562,0.197,0.201,97.2,96.24,80.2,96.24,0.099,3729,4.1,9.0,Walt Williams
962,Walter,1610612738,BOS,26.0,61,26,35,0.426,879.235,78,230,0.339,34,110,0.309,39,54,0.722,33,77,110,70,67,24,23,9,83,15,229,-82,540.0,0,0,537.0,1,1999-00,14.4,97.7,95.1,95.1,102.2,100.6,100.6,-4.5,-5.4,-5.4,0.122,1.04,17.8,0.036,0.091,0.063,17.0,17.1,0.413,0.451,0.155,0.161,96.94,99.06,82.55,99.06,0.042,1823,1.3,3.8,Walter McCarty
1943,Wayne,1610612738,BOS,24.0,3,3,0,1.0,40.31666666666667,1,6,0.167,0,0,0.0,2,6,0.333,1,2,3,5,3,0,0,0,4,1,4,2,12.1,0,0,12.0,1,1999-00,13.4,91.8,87.5,87.5,93.0,86.2,86.2,-1.2,1.3,1.3,0.192,1.67,29.4,0.023,0.049,0.036,17.6,18.0,0.167,0.231,0.122,0.124,97.96,104.18,86.81,104.18,-0.04,88,0.3,2.0,Wayne Turner
445,Wesley,1610612739,CLE,29.0,79,29,50,0.367,2056.153333333333,280,654,0.428,106,250,0.424,61,77,0.792,44,223,267,146,60,40,19,23,119,9,727,-89,1383.4,0,0,1364.0,1,1999-00,26.0,99.7,99.7,99.7,101.8,101.6,101.6,-2.2,-2.0,-2.0,0.114,2.43,16.4,0.021,0.109,0.064,6.7,6.7,0.509,0.528,0.154,0.158,97.85,97.97,81.64,97.97,0.092,4193,3.5,8.3,Wesley Person
781,Will,1610612741,CHI,34.0,67,11,56,0.164,1013.59,59,168,0.351,0,0,0.0,50,105,0.476,88,174,262,63,78,14,42,20,126,17,168,-220,666.9,0,0,605.0,1,1999-00,15.1,91.9,92.3,92.3,104.7,103.3,103.3,-12.8,-11.0,-11.0,0.106,0.81,17.6,0.089,0.18,0.134,21.8,22.0,0.351,0.392,0.131,0.132,92.0,92.39,76.99,92.39,0.04,1948,0.9,2.5,Will Perdue
1895,William,1610612750,MIN,20.0,59,37,22,0.627,480.43666666666667,56,181,0.309,18,63,0.286,24,36,0.667,8,32,40,88,42,14,2,14,60,2,154,-106,340.0,0,0,332.0,1,1999-00,8.1,96.6,94.8,94.8,107.8,106.3,106.3,-11.2,-11.5,-11.5,0.289,2.1,27.0,0.015,0.069,0.041,12.9,12.9,0.359,0.391,0.211,0.22,94.03,95.61,79.68,95.61,0.037,959,0.9,3.1,William Avery
440,Zan,1610612754,IND,30.0,18,11,7,0.611,113.01166666666668,16,34,0.471,0,0,0.0,5,8,0.625,16,16,32,4,11,3,9,5,13,0,37,15,106.4,0,0,97.0,1,1999-00,6.3,103.8,101.6,101.6,99.2,95.5,95.5,4.6,6.1,6.1,0.057,0.36,7.5,0.136,0.129,0.132,20.8,20.9,0.471,0.493,0.17,0.175,101.09,104.06,86.72,104.06,0.078,245,0.9,1.9,Zan Tabak
