PLAYER_ID,PLAYER_NAME,NICKNAME,TEAM_ID,TEAM_ABBREVIATION,AGE,GP,W,L,W_PCT,MIN_trad,FGM,FGA,FG_PCT,FG3M,FG3A,FG3_PCT,FTM,FTA,FT_PCT,OREB,DREB,REB,AST,TOV,STL,BLK,BLKA,PF,PFD,PTS,PLUS_MINUS,NBA_FANTASY_PTS,DD2,TD3,WNBA_FANTASY_PTS,TEAM_COUNT,SEASON,MIN_adv,E_OFF_RATING,OFF_RATING,sp_work_OFF_RATING,E_DEF_RATING,DEF_RATING,sp_work_DEF_RATING,E_NET_RATING,NET_RATING,sp_work_NET_RATING,AST_PCT,AST_TO,AST_RATIO,OREB_PCT,DREB_PCT,REB_PCT,TM_TOV_PCT,E_TOV_PCT,EFG_PCT,TS_PCT,USG_PCT,E_USG_PCT,E_PACE,PACE,PACE_PER40,sp_work_PACE,PIE,POSS,FGM_PG,FGA_PG
920,A.C. Green,A.C.,1610612748,MIA,37.0,82,50,32,0.61,1411.8183333333334,144,324,0.444,0,6,0.0,79,111,0.712,107,206,313,39,45,30,8,29,119,1,367,104,870.1,3,0,795.0,1,2000-01,17.2,94.7,94.1,94.1,91.4,90.4,90.4,3.3,3.8,3.8,0.05,0.87,8.6,0.076,0.151,0.113,9.9,9.9,0.444,0.492,0.137,0.141,89.6,90.37,75.31,90.37,0.093,2660,1.8,4.0
2062,A.J. Guyton,A.J.,1610612741,CHI,23.0,33,6,27,0.182,628.5383333333333,78,192,0.406,27,69,0.391,15,18,0.833,10,26,36,64,24,9,5,3,35,0,198,-145,355.2,0,0,353.0,1,2000-01,19.0,91.4,92.0,92.0,103.9,102.9,102.9,-12.5,-11.0,-11.0,0.198,2.67,22.2,0.016,0.046,0.03,8.3,8.3,0.477,0.495,0.167,0.169,90.02,90.19,75.16,90.19,0.071,1173,2.4,5.8
243,Aaron McKie,Aaron,1610612755,PHI,28.0,76,51,25,0.671,2390.7266666666665,338,714,0.473,53,170,0.312,149,194,0.768,33,278,311,377,203,106,8,56,178,0,878,334,1955.7,8,2,1847.0,1,2000-01,31.5,102.5,102.7,102.7,95.7,95.5,95.5,6.8,7.3,7.3,0.264,1.86,27.4,0.015,0.115,0.066,14.7,14.7,0.511,0.549,0.186,0.19,93.14,93.17,77.64,93.17,0.119,4639,4.4,9.4
1425,Aaron Williams,Aaron,1610612751,NJN,29.0,82,26,56,0.317,2334.0016666666666,297,650,0.457,0,2,0.0,244,310,0.787,211,379,590,88,132,59,113,70,319,0,838,-381,2062.0,12,0,1860.0,1,2000-01,28.5,95.6,96.4,96.4,104.8,104.3,104.3,-9.2,-7.9,-7.9,0.068,0.67,8.7,0.089,0.176,0.13,13.1,13.1,0.457,0.533,0.177,0.18,93.48,93.3,77.75,93.3,0.095,4526,3.6,7.9
228,Adam Keefe,Adam,1610612744,GSW,31.0,67,14,53,0.209,841.8583333333333,64,159,0.403,1,3,0.333,39,63,0.619,90,119,209,36,40,28,20,20,102,0,168,-172,576.8,0,0,510.0,1,2000-01,12.6,94.5,93.9,93.9,103.6,104.0,104.0,-9.1,-10.1,-10.1,0.066,0.9,13.7,0.095,0.15,0.12,15.2,15.2,0.406,0.45,0.114,0.116,95.07,95.19,79.32,95.19,0.056,1668,1.0,2.4
1502,Adonal Foyle,Adonal,1610612744,GSW,26.0,58,8,50,0.138,1460.31,156,375,0.416,0,0,0.0,30,68,0.441,156,249,405,48,79,31,156,37,136,0,342,-316,1382.0,7,0,1169.0,1,2000-01,25.2,92.1,92.8,92.8,103.8,103.4,103.4,-11.7,-10.6,-10.6,0.051,0.61,9.0,0.089,0.171,0.127,14.8,14.9,0.416,0.422,0.138,0.139,96.22,96.06,80.05,96.06,0.075,2919,2.7,6.5
1559,Adrian Griffin,Adrian,1610612738,BOS,26.0,44,16,28,0.364,375.875,33,97,0.34,9,26,0.346,18,24,0.75,27,60,87,27,18,18,5,8,45,0,93,-41,288.9,0,0,262.0,1,2000-01,8.5,96.9,94.2,94.2,101.4,96.6,96.6,-4.5,-2.5,-2.5,0.125,1.5,17.5,0.066,0.179,0.117,11.7,11.8,0.387,0.432,0.145,0.149,93.98,97.63,81.36,97.63,0.077,753,0.8,2.2
1733,Al Harrington,Al,1610612754,IND,21.0,78,39,39,0.5,1892.62,241,543,0.444,1,7,0.143,103,157,0.656,119,262,381,130,148,63,18,48,223,0,586,-25,1333.2,8,0,1260.0,1,2000-01,24.3,99.2,98.8,98.8,98.7,99.1,99.1,0.5,-0.3,-0.3,0.116,0.88,14.5,0.066,0.135,0.102,16.6,16.6,0.445,0.479,0.184,0.187,92.13,92.16,76.8,92.16,0.069,3627,3.1,7.0
673,Alan Henderson,Alan,1610612737,ATL,28.0,73,20,53,0.274,1807.9883333333328,298,671,0.444,0,1,0.0,173,271,0.638,180,226,406,50,126,51,29,82,164,0,769,-263,1445.2,11,0,1385.0,1,2000-01,24.8,94.4,94.8,94.8,103.2,102.8,102.8,-8.8,-8.0,-8.0,0.05,0.4,5.2,0.097,0.131,0.113,13.0,13.0,0.444,0.487,0.22,0.224,94.8,94.79,78.99,94.79,0.081,3582,4.1,9.2
275,Allan Houston,Allan,1610612752,NYK,30.0,78,45,33,0.577,2857.846666666667,542,1208,0.449,96,252,0.381,279,307,0.909,20,263,283,173,161,52,10,59,190,0,1459,116,2083.1,0,0,2135.0,1,2000-01,36.6,98.4,99.2,99.2,96.2,97.0,97.0,2.2,2.2,2.2,0.119,1.07,10.5,0.008,0.095,0.052,9.7,9.6,0.488,0.543,0.249,0.256,89.34,88.61,73.85,88.61,0.117,5277,6.9,15.5
947,Allen Iverson,Allen,1610612755,PHI,26.0,71,50,21,0.704,2975.858333333333,762,1813,0.42,98,306,0.32,585,719,0.814,50,223,273,325,237,178,20,96,147,1,2207,371,3379.1,4,0,3299.0,1,2000-01,41.9,101.8,102.6,102.6,96.1,96.5,96.5,5.7,6.1,6.1,0.226,1.37,12.1,0.017,0.073,0.046,8.8,8.8,0.447,0.518,0.349,0.354,94.48,93.92,78.26,93.92,0.155,5831,10.7,25.5
297,Alonzo Mourning,Alonzo,1610612748,MIA,31.0,13,8,5,0.615,305.96666666666664,73,141,0.518,0,1,0.0,31,55,0.564,35,66,101,12,28,4,31,10,24,2,177,28,393.2,2,0,360.0,1,2000-01,23.5,101.6,100.3,100.3,95.7,95.7,95.7,5.9,4.7,4.7,0.079,0.43,5.8,0.122,0.206,0.166,13.6,13.6,0.518,0.536,0.292,0.301,89.7,90.28,75.24,90.28,0.175,576,5.6,10.8
1541,Alvin Williams,Alvin,1610612761,TOR,26.0,82,47,35,0.573,2391.286666666667,330,767,0.43,33,108,0.306,109,145,0.752,50,162,212,407,103,123,26,38,171,0,802,155,2010.9,8,1,1752.0,1,2000-01,29.2,103.5,104.3,104.3,100.4,100.9,100.9,3.1,3.5,3.5,0.267,3.95,30.4,0.02,0.068,0.043,7.7,7.7,0.452,0.483,0.172,0.175,94.25,93.7,78.08,93.7,0.102,4665,4.0,9.4
1889,Andre Miller,Andre,1610612739,CLE,25.0,82,30,52,0.366,2846.5316666666668,452,999,0.452,17,64,0.266,375,450,0.833,94,266,360,657,265,119,28,92,229,0,1296,-54,2889.5,22,0,2624.0,1,2000-01,34.7,99.9,101.4,101.4,101.2,102.2,102.2,-1.3,-0.8,-0.8,0.389,2.48,31.0,0.034,0.093,0.064,12.5,12.5,0.461,0.541,0.228,0.23,94.28,93.09,77.58,93.09,0.142,5516,5.5,12.2
692,Andrew DeClercq,Andrew,1610612753,ORL,28.0,67,37,30,0.552,900.0216666666666,107,193,0.554,0,0,0.0,47,82,0.573,91,145,236,32,51,41,33,31,198,1,261,115,763.2,0,0,677.0,1,2000-01,13.4,104.5,105.1,105.1,97.2,97.4,97.4,7.3,7.7,7.7,0.049,0.63,10.3,0.099,0.159,0.129,16.3,16.3,0.554,0.57,0.135,0.137,95.88,95.52,79.6,95.52,0.06,1780,1.6,2.9
1950,Andy Panko,Andy,1610612737,ATL,23.0,1,1,0,1.0,0.5516666666666666,0,0,0.0,0,0,0.0,0,0,0.0,0,0,0,0,0,0,0,0,0,0,0,0,0.0,0,0,0.0,1,2000-01,0.6,0.0,0.0,0.0,0.0,0.0,0.0,0.0,0.0,0.0,0.0,0.0,0.0,0.0,0.0,0.0,0.0,0.0,0.0,0.0,0.0,0.0,43.5,87.01,72.51,87.01,0.0,1,0.0,0.0
358,Anfernee Hardaway,Anfernee,1610612756,PHX,29.0,4,2,2,0.5,110.295,15,36,0.417,2,8,0.25,7,11,0.636,5,13,18,15,3,6,1,1,6,0,39,-7,101.1,0,0,88.0,1,2000-01,27.6,93.8,94.2,94.2,97.2,98.6,98.6,-3.4,-4.4,-4.4,0.224,5.0,25.4,0.041,0.118,0.078,5.1,5.1,0.444,0.477,0.171,0.173,97.73,96.83,80.69,96.83,0.115,224,3.8,9.0
1712,Antawn Jamison,Antawn,1610612744,GSW,25.0,82,17,65,0.207,3393.12,800,1812,0.442,62,205,0.302,382,534,0.715,280,435,715,164,199,114,28,98,225,0,2044,-559,3375.0,33,0,3269.0,1,2000-01,41.4,95.3,96.6,96.6,104.6,104.9,104.9,-9.4,-8.2,-8.2,0.094,0.82,6.8,0.072,0.134,0.101,8.3,8.3,0.459,0.499,0.276,0.279,97.04,96.24,80.2,96.24,0.118,6804,9.8,22.1
1853,Anthony Carter,Anthony,1610612748,MIA,26.0,72,43,29,0.597,1633.555,195,480,0.406,6,40,0.15,65,103,0.631,46,134,180,268,119,73,10,19,154,0,461,57,1209.0,0,0,1081.0,1,2000-01,22.7,96.2,95.2,95.2,93.6,93.5,93.5,2.6,1.7,1.7,0.305,2.25,29.3,0.03,0.084,0.057,13.0,13.0,0.413,0.439,0.185,0.19,89.73,90.24,75.2,90.24,0.087,3073,2.7,6.7
924,Anthony Goldwire,Anthony,1610612743,DEN,29.0,20,8,12,0.4,200.045,30,80,0.375,9,34,0.265,13,17,0.765,1,11,12,34,15,9,0,5,13,0,82,-20,159.4,0,0,155.0,1,2000-01,10.0,98.2,99.0,99.0,105.0,103.3,103.3,-6.8,-4.3,-4.3,0.276,2.27,25.0,0.004,0.059,0.029,11.0,11.0,0.431,0.469,0.215,0.219,95.24,95.62,79.68,95.62,0.082,397,1.5,4.0
1533,Anthony Johnson,Anthony,1610612739,CLE,26.0,53,16,37,0.302,510.66833333333335,53,152,0.349,1,5,0.2,23,33,0.697,10,34,44,78,34,23,6,9,62,0,130,-108,352.8,0,0,311.0,2,2000-01,9.6,90.7,89.5,89.5,101.4,98.6,98.6,-10.7,-9.1,-9.1,0.266,2.29,28.0,0.019,0.071,0.044,12.2,12.2,0.352,0.39,0.171,0.176,95.49,97.52,81.27,97.52,0.05,1030,1.0,2.9
193,Anthony Mason,Anthony,1610612748,MIA,34.0,80,49,31,0.613,3254.9816666666666,460,954,0.482,0,0,0.0,370,474,0.781,169,601,770,248,179,80,25,100,231,0,1290,110,2722.0,36,0,2518.0,1,2000-01,40.7,98.6,98.9,98.9,96.5,97.4,97.4,2.2,1.5,1.5,0.144,1.39,15.5,0.055,0.197,0.126,11.2,11.3,0.482,0.555,0.198,0.201,89.27,88.75,73.96,88.75,0.146,6028,5.8,11.9
292,Anthony Miller,Anthony,1610612755,PHI,29.0,4,1,3,0.25,11.483333333333333,1,2,0.5,0,0,0.0,0,0,0.0,0,2,2,0,1,0,0,0,1,0,2,-7,3.4,0,0,4.0,3,2000-01,2.9,73.9,72.7,72.7,119.8,109.5,109.5,-45.9,-36.8,-36.8,0.0,0.0,0.0,0.0,0.0,0.0,33.3,33.3,0.5,0.5,0.12,0.133,85.36,89.87,74.89,89.87,0.031,22,0.3,0.5
324,Anthony Peeler,Anthony,1610612750,MIN,31.0,75,42,33,0.56,2121.68,308,732,0.421,100,256,0.391,75,87,0.862,44,148,192,192,105,91,18,33,166,2,791,80,1531.4,1,0,1493.0,1,2000-01,28.3,102.5,103.0,103.0,100.1,100.6,100.6,2.4,2.4,2.4,0.138,1.83,18.0,0.021,0.069,0.045,9.8,9.8,0.489,0.513,0.183,0.186,95.37,94.85,79.04,94.85,0.076,4183,4.1,9.8
952,Antoine Walker,Antoine,1610612738,BOS,24.0,81,35,46,0.432,3393.445,711,1720,0.413,221,603,0.367,249,348,0.716,151,568,719,445,301,138,49,116,251,0,1892,-118,3682.3,38,5,3651.0,1,2000-01,41.9,100.3,101.5,101.5,102.2,103.4,103.4,-1.9,-2.0,-2.0,0.261,1.48,17.0,0.045,0.179,0.11,11.5,11.5,0.478,0.505,0.289,0.291,94.83,93.73,78.11,93.73,0.138,6632,8.8,21.2
1498,Antonio Daniels,Antonio,1610612759,SAS,26.0,79,55,24,0.696,2062.608333333333,275,588,0.468,74,183,0.404,121,156,0.776,26,137,163,304,109,61,14,25,120,0,745,157,1512.6,2,0,1436.0,1,2000-01,26.1,105.5,104.1,104.1,99.0,99.8,99.8,6.5,4.3,4.3,0.246,2.79,28.4,0.014,0.065,0.041,10.2,10.2,0.531,0.567,0.17,0.175,92.22,92.45,77.04,92.45,0.106,3966,3.5,7.4
213,Antonio Davis,Antonio,1610612761,TOR,32.0,78,46,32,0.59,2731.105,375,866,0.433,0,1,0.0,319,423,0.754,274,513,787,106,135,22,151,98,230,2,1069,248,2556.4,37,0,2308.0,1,2000-01,35.0,103.3,104.8,104.8,99.1,99.9,99.9,4.2,4.9,4.9,0.062,0.79,8.1,0.097,0.19,0.142,10.4,10.4,0.433,0.508,0.194,0.196,93.27,92.23,76.86,92.23,0.109,5243,4.8,11.1
176,Antonio Harvey,Antonio,1610612757,POR,30.0,12,6,6,0.5,71.4,13,28,0.464,0,0,0.0,5,6,0.833,5,9,14,4,3,1,6,2,10,0,31,-25,71.8,0,0,63.0,1,2000-01,6.0,91.6,88.2,88.2,105.9,103.4,103.4,-14.3,-15.2,-15.2,0.103,1.33,10.5,0.067,0.115,0.092,7.9,8.0,0.464,0.506,0.204,0.211,94.87,97.82,81.51,97.82,0.091,144,1.1,2.3
686,Antonio McDyess,Antonio,1610612743,DEN,26.0,70,34,36,0.486,2556.5866666666666,577,1165,0.495,0,0,0.0,304,434,0.7,240,605,845,146,162,43,102,70,220,0,1458,10,2964.0,51,0,2739.0,1,2000-01,36.5,103.1,103.9,103.9,102.4,103.7,103.7,0.7,0.2,0.2,0.106,0.9,8.7,0.093,0.224,0.16,9.7,9.7,0.495,0.538,0.267,0.269,94.64,93.66,78.05,93.66,0.151,4989,8.2,16.6
1609,Art Long,Art,1610612758,SAC,28.0,9,8,1,0.889,18.69,0,4,0.0,0,0,0.0,0,2,0.0,2,6,8,1,2,0,3,1,5,0,0,-11,18.1,0,0,15.0,1,2000-01,2.1,99.1,83.3,83.3,111.8,108.5,108.5,-12.7,-25.2,-25.2,0.083,0.5,12.5,0.0,0.214,0.0,25.0,25.4,0.0,0.0,0.135,0.155,110.38,121.99,101.66,121.99,-0.049,48,0.0,0.4
717,Arvydas Sabonis,Arvydas,1610612757,POR,36.0,61,37,24,0.607,1294.69,247,516,0.479,1,15,0.067,121,156,0.776,51,280,331,91,85,40,62,24,137,0,616,245,1370.7,3,0,1243.0,1,2000-01,21.2,101.5,102.1,102.1,93.0,92.6,92.6,8.5,9.5,9.5,0.121,1.07,11.9,0.043,0.214,0.133,11.2,11.2,0.48,0.527,0.238,0.241,92.05,91.93,76.61,91.93,0.14,2484,4.0,8.5
1506,Austin Croshere,Austin,1610612754,IND,26.0,81,40,41,0.494,1873.8383333333331,276,701,0.394,70,207,0.338,200,231,0.866,123,264,387,92,136,36,50,63,180,0,822,32,1546.4,8,0,1543.0,1,2000-01,23.1,100.8,101.0,101.0,100.6,100.7,100.7,0.2,0.2,0.2,0.087,0.68,8.9,0.068,0.141,0.105,13.1,13.2,0.444,0.512,0.226,0.23,92.94,92.83,77.36,92.83,0.094,3636,3.4,8.7
422,Avery Johnson,Avery,1610612759,SAS,36.0,55,40,15,0.727,1288.3966666666668,134,300,0.447,1,6,0.167,41,60,0.683,21,64,85,237,60,33,4,18,90,0,310,178,818.5,0,0,707.0,1,2000-01,23.4,103.0,102.3,102.3,94.7,95.2,95.2,8.3,7.2,7.2,0.302,3.95,38.0,0.018,0.048,0.034,9.6,9.6,0.448,0.475,0.14,0.144,90.9,90.96,75.8,90.96,0.085,2443,2.4,5.5
1884,Baron Davis,Baron,1610612766,CHH,22.0,82,46,36,0.561,3189.1266666666666,409,957,0.427,85,274,0.31,228,337,0.677,129,279,408,598,226,170,36,42,267,1,1131,267,2909.6,11,2,2634.0,1,2000-01,38.9,100.6,100.9,100.9,95.7,96.5,96.5,4.9,4.4,4.4,0.319,2.65,30.9,0.04,0.088,0.064,11.7,11.7,0.472,0.512,0.189,0.192,91.92,91.38,76.15,91.38,0.115,6070,5.0,11.7
1112,Ben Wallace,Ben,1610612765,DET,26.0,80,32,48,0.4,2761.3566666666666,216,440,0.491,1,4,0.25,80,238,0.336,303,749,1052,123,117,107,186,40,192,0,513,36,2721.9,12,0,2275.0,1,2000-01,34.5,98.7,99.5,99.5,97.6,98.7,98.7,1.0,0.7,0.7,0.067,1.05,15.6,0.103,0.257,0.18,14.8,14.9,0.492,0.471,0.104,0.105,96.82,95.88,79.9,95.88,0.125,5514,2.7,5.5
223,Bill Curley,Bill,1610612744,GSW,29.0,20,7,13,0.35,192.33166666666668,25,47,0.532,1,2,0.5,12,19,0.632,21,16,37,3,16,7,9,2,45,0,63,-35,143.9,0,0,136.0,2,2000-01,9.6,93.5,91.3,91.3,100.3,101.0,101.0,-6.8,-9.7,-9.7,0.028,0.19,4.0,0.106,0.09,0.098,21.3,21.5,0.543,0.569,0.155,0.159,96.91,97.71,81.42,97.71,0.026,393,1.3,2.4
182,Billy Owens,Billy,1610612765,DET,32.0,45,15,30,0.333,796.4333333333333,88,230,0.383,3,20,0.15,19,40,0.475,84,121,205,55,39,32,12,21,93,0,198,-19,619.5,1,0,549.0,1,2000-01,17.7,95.6,95.5,95.5,96.8,97.1,97.1,-1.2,-1.6,-1.6,0.108,1.41,16.1,0.092,0.139,0.115,11.4,11.4,0.389,0.4,0.147,0.151,98.84,98.72,82.27,98.72,0.069,1642,2.0,5.1
902,Bimbo Coles,Bimbo,1610612739,CLE,33.0,47,17,30,0.362,802.515,91,239,0.381,2,16,0.125,48,56,0.857,9,39,48,138,59,27,6,18,87,0,232,-177,536.6,0,0,486.0,1,2000-01,17.1,93.7,93.7,93.7,103.8,103.7,103.7,-10.1,-10.0,-10.0,0.309,2.34,29.9,0.012,0.052,0.032,12.8,12.8,0.385,0.44,0.184,0.187,92.41,92.44,77.03,92.44,0.063,1534,1.9,5.1
448,Bo Outlaw,Bo,1610612753,ORL,30.0,80,41,39,0.513,2537.3966666666665,226,368,0.614,1,2,0.5,129,225,0.573,211,408,619,225,141,105,137,38,241,3,582,137,2247.3,11,0,1911.0,1,2000-01,31.7,103.0,103.9,103.9,98.9,100.6,100.6,4.0,3.3,3.3,0.128,1.6,27.0,0.082,0.16,0.121,16.9,16.9,0.615,0.623,0.105,0.107,95.39,94.17,78.47,94.17,0.111,4964,2.8,4.6
682,Bob Sura,Bob,1610612744,GSW,28.0,53,14,39,0.264,1682.26,202,518,0.39,47,172,0.273,135,189,0.714,54,173,227,242,160,54,8,33,127,0,586,-365,1247.4,1,0,1226.0,1,2000-01,31.7,94.5,95.4,95.4,105.9,106.1,106.1,-11.4,-10.7,-10.7,0.232,1.51,24.1,0.029,0.11,0.066,15.9,15.9,0.435,0.487,0.191,0.193,97.46,96.94,80.78,96.94,0.076,3397,3.8,9.8
1517,Bobby Jackson,Bobby,1610612758,SAC,28.0,79,54,25,0.684,1647.63,231,526,0.439,39,104,0.375,65,88,0.739,74,172,246,161,103,87,7,32,139,0,566,224,1281.7,0,0,1200.0,1,2000-01,20.9,100.4,101.0,101.0,93.2,93.8,93.8,7.2,7.2,7.2,0.166,1.56,19.4,0.044,0.1,0.072,12.4,12.4,0.476,0.501,0.178,0.182,93.8,93.25,77.71,93.25,0.099,3197,2.9,6.7
1719,Bonzi Wells,Bonzi,1610612757,POR,24.0,75,47,28,0.627,1995.535,387,726,0.533,17,50,0.34,157,238,0.66,120,247,367,208,169,94,20,54,203,5,948,157,1873.4,5,0,1768.0,1,2000-01,26.6,103.6,104.1,104.1,99.3,99.8,99.8,4.4,4.2,4.2,0.179,1.23,17.2,0.067,0.128,0.098,14.0,14.0,0.545,0.571,0.229,0.234,91.58,91.13,75.94,91.13,0.122,3787,5.2,9.7
1802,Brad Miller,Brad,1610612741,CHI,25.0,57,10,47,0.175,1437.0666666666666,168,386,0.435,1,5,0.2,168,226,0.743,144,275,419,107,73,33,38,51,176,0,505,-223,1308.3,9,0,1174.0,1,2000-01,25.2,96.4,97.4,97.4,105.5,105.2,105.2,-9.1,-7.8,-7.8,0.13,1.47,16.1,0.101,0.208,0.152,11.0,11.0,0.437,0.52,0.179,0.181,90.73,90.43,75.36,90.43,0.106,2701,2.9,6.8
699,Brent Barry,Brent,1610612760,SEA,29.0,67,39,28,0.582,1780.8233333333333,198,401,0.494,109,229,0.476,84,103,0.816,33,178,211,225,86,80,14,13,126,1,589,94,1375.7,2,0,1322.0,1,2000-01,26.6,105.4,106.2,106.2,103.4,103.8,103.8,2.0,2.4,2.4,0.19,2.62,29.9,0.02,0.1,0.061,11.4,11.4,0.63,0.66,0.132,0.135,94.64,94.08,78.4,94.08,0.111,3495,3.0,6.0
85,Brent Price,Brent,1610612763,VAN,32.0,6,0,6,0.0,29.866666666666667,3,11,0.273,1,4,0.25,6,7,0.857,1,3,4,5,4,2,0,0,8,0,13,-9,27.3,0,0,27.0,1,2000-01,5.0,88.5,85.9,85.9,105.5,97.0,97.0,-17.0,-11.0,-11.0,0.263,1.25,21.7,0.032,0.081,0.059,17.4,17.3,0.318,0.462,0.254,0.265,98.71,104.46,87.05,104.46,0.027,64,0.5,1.8
1510,Brevin Knight,Brevin,1610612737,ATL,25.0,53,14,39,0.264,1461.455,139,371,0.375,1,10,0.1,54,66,0.818,23,145,168,311,91,101,4,21,155,0,333,-246,1225.1,2,0,1023.0,2,2000-01,27.6,95.6,95.1,95.1,104.0,103.3,103.3,-8.5,-8.2,-8.2,0.321,3.42,38.7,0.015,0.1,0.057,11.3,11.3,0.376,0.416,0.144,0.147,96.87,97.48,81.23,97.48,0.086,2967,2.6,7.0
2073,Brian Cardinal,Brian,1610612765,DET,24.0,15,5,10,0.333,124.26166666666668,10,31,0.323,0,5,0.0,11,18,0.611,8,15,23,3,9,7,2,3,27,0,31,-34,81.1,0,0,75.0,1,2000-01,8.3,84.3,82.0,82.0,98.8,95.5,95.5,-14.5,-13.6,-13.6,0.052,0.33,5.9,0.058,0.117,0.086,17.6,17.7,0.323,0.398,0.153,0.162,101.35,104.49,87.07,104.49,-0.011,272,0.7,2.1
258,Brian Grant,Brian,1610612748,MIA,29.0,82,50,32,0.61,2773.8166666666666,484,1010,0.479,0,1,0.0,282,354,0.797,217,501,718,101,170,60,71,117,293,1,1250,145,2486.1,31,0,2331.0,1,2000-01,33.8,100.0,100.0,100.0,96.3,96.6,96.6,3.7,3.4,3.4,0.072,0.59,7.0,0.085,0.19,0.138,11.8,11.8,0.479,0.536,0.232,0.236,88.81,88.6,73.83,88.6,0.128,5106,5.9,12.3
216,Brian Shaw,Brian,1610612747,LAL,35.0,80,55,25,0.688,1831.02,164,411,0.399,42,135,0.311,51,64,0.797,48,256,304,258,97,49,27,19,159,0,421,65,1303.8,2,0,1177.0,1,2000-01,22.9,104.6,104.7,104.7,102.4,103.3,103.3,2.2,1.4,1.4,0.206,2.66,32.4,0.026,0.137,0.083,12.2,12.2,0.45,0.479,0.13,0.131,94.42,93.95,78.3,93.95,0.088,3591,2.1,5.1
1730,Brian Skinner,Brian,1610612746,LAC,25.0,39,16,23,0.41,582.8716666666667,64,161,0.398,0,0,0.0,32,59,0.542,55,113,168,18,32,14,11,29,61,0,160,-95,431.6,1,0,396.0,1,2000-01,14.9,90.1,91.2,91.2,98.5,99.0,99.0,-8.4,-7.8,-7.8,0.054,0.56,7.6,0.092,0.193,0.142,13.5,13.5,0.398,0.428,0.168,0.172,92.5,91.74,76.45,91.74,0.073,1110,1.6,4.1
1477,Bruce Bowen,Bruce,1610612748,MIA,30.0,82,50,32,0.61,2687.4,211,581,0.363,103,307,0.336,98,161,0.609,45,200,245,132,74,83,53,34,269,0,623,126,1449.0,0,0,1375.0,1,2000-01,32.8,98.7,98.7,98.7,95.6,96.0,96.0,3.1,2.7,2.7,0.082,1.78,15.4,0.018,0.079,0.048,8.6,8.6,0.452,0.478,0.13,0.132,88.93,88.76,73.97,88.76,0.042,4966,2.6,7.1
1743,Bruno Sundov,Bruno,1610612754,IND,21.0,11,2,9,0.182,122.35333333333334,20,41,0.488,0,4,0.0,3,5,0.6,4,19,23,2,3,2,4,1,21,0,43,-34,88.6,0,0,80.0,1,2000-01,11.1,90.4,88.8,88.8,102.9,103.7,103.7,-12.5,-14.9,-14.9,0.03,0.67,4.2,0.033,0.136,0.088,6.3,6.2,0.488,0.498,0.17,0.175,96.55,97.1,80.91,97.1,0.059,249,1.8,3.7
735,Bryant Reeves,Bryant,1610612763,VAN,28.0,75,19,56,0.253,1829.255,254,552,0.46,1,4,0.25,113,142,0.796,132,320,452,80,90,43,54,34,243,0,622,-193,1485.4,8,0,1349.0,1,2000-01,24.4,96.0,96.4,96.4,101.6,101.8,101.8,-5.6,-5.4,-5.4,0.073,0.89,10.2,0.074,0.178,0.126,11.5,11.5,0.461,0.506,0.172,0.175,94.37,94.11,78.43,94.11,0.084,3586,3.4,7.4
179,Bryant Stith,Bryant,1610612738,BOS,30.0,78,35,43,0.449,2506.8083333333334,245,611,0.401,91,242,0.376,175,207,0.845,65,219,284,168,90,93,14,43,182,0,756,-121,1579.8,0,0,1513.0,1,2000-01,32.1,98.9,98.5,98.5,101.2,101.2,101.2,-2.3,-2.7,-2.7,0.111,1.87,17.8,0.026,0.092,0.058,9.5,9.4,0.475,0.538,0.139,0.145,94.59,94.78,78.98,94.78,0.078,4956,3.1,7.8
1724,Bryce Drew,Bryce,1610612741,CHI,26.0,48,9,39,0.188,1303.49,124,327,0.379,40,105,0.381,14,19,0.737,12,57,69,185,68,32,3,7,99,0,302,-161,699.3,1,0,666.0,1,2000-01,27.2,96.4,97.2,97.2,104.0,103.8,103.8,-7.5,-6.6,-6.6,0.231,2.72,31.4,0.009,0.046,0.027,11.5,11.6,0.44,0.45,0.141,0.143,92.17,91.88,76.56,91.88,0.05,2497,2.6,6.8
935,Bryon Russell,Bryon,1610612762,UTA,30.0,78,50,28,0.641,2474.26,308,700,0.44,95,230,0.413,222,285,0.779,94,236,330,160,113,96,20,44,229,0,933,281,1804.0,0,0,1750.0,1,2000-01,31.7,106.0,107.8,107.8,101.2,101.4,101.4,4.7,6.4,6.4,0.105,1.42,14.5,0.042,0.104,0.073,10.2,10.3,0.508,0.565,0.175,0.175,91.91,91.06,75.89,91.06,0.092,4685,3.9,9.0
1898,Cal Bowdler,Cal,1610612737,ATL,24.0,44,15,29,0.341,374.0883333333333,53,114,0.465,1,5,0.2,33,40,0.825,30,47,77,4,11,10,21,12,45,0,140,42,320.4,0,0,284.0,1,2000-01,8.5,104.6,104.5,104.5,103.3,99.2,99.2,1.3,5.3,5.3,0.016,0.36,2.7,0.079,0.123,0.101,7.5,7.5,0.469,0.532,0.163,0.168,95.42,97.39,81.16,97.39,0.083,760,1.2,2.6
384,Calbert Cheaney,Calbert,1610612743,DEN,29.0,9,5,4,0.556,152.27166666666668,10,30,0.333,0,0,0.0,1,2,0.5,5,15,20,9,5,4,2,2,14,0,21,33,71.5,0,0,62.0,1,2000-01,16.9,106.1,106.0,106.0,95.5,93.7,93.7,10.6,12.3,12.3,0.076,1.8,20.0,0.031,0.097,0.064,11.1,11.1,0.333,0.34,0.104,0.104,93.62,94.57,78.81,94.57,0.023,298,1.1,3.3
1916,Calvin Booth,Calvin,1610612742,DAL,25.0,55,19,36,0.345,929.3366666666668,120,252,0.476,0,0,0.0,53,78,0.679,77,169,246,42,53,29,111,25,146,0,293,-143,1018.2,1,0,861.0,2,2000-01,16.9,94.5,94.9,94.9,101.5,101.3,101.3,-7.1,-6.4,-6.4,0.074,0.79,11.0,0.081,0.177,0.129,13.8,13.9,0.476,0.512,0.161,0.163,97.0,96.92,80.77,96.92,0.092,1865,2.2,4.6
435,Carlos Rogers,Carlos,1610612745,HOU,30.0,39,21,18,0.538,546.9166666666666,75,110,0.682,0,1,0.0,29,52,0.558,48,91,139,9,17,10,18,12,33,0,179,34,426.3,2,0,383.0,1,2000-01,14.0,106.2,106.1,106.1,103.6,103.8,103.8,2.7,2.4,2.4,0.027,0.53,5.7,0.093,0.161,0.129,10.7,10.7,0.682,0.674,0.126,0.128,91.27,91.23,76.03,91.23,0.118,1044,1.9,2.8
76,Cedric Ceballos,Cedric,1610612748,MIA,31.0,40,22,18,0.55,557.0633333333334,101,229,0.441,22,73,0.301,37,43,0.86,34,72,106,20,32,16,7,18,61,0,261,-29,455.2,3,0,455.0,2,2000-01,13.9,98.2,97.7,97.7,101.8,100.6,100.6,-3.6,-3.0,-3.0,0.067,0.63,6.6,0.062,0.13,0.096,10.6,10.7,0.489,0.526,0.224,0.228,92.49,93.27,77.73,93.27,0.1,1084,2.5,5.7
1538,Cedric Henderson,Cedric,1610612739,CLE,26.0,55,19,36,0.345,961.24,102,262,0.389,1,8,0.125,30,46,0.652,19,71,90,79,63,29,23,16,101,0,235,-134,554.5,0,0,509.0,1,2000-01,17.5,96.3,95.5,95.5,102.9,102.1,102.1,-6.6,-6.6,-6.6,0.134,1.25,18.6,0.021,0.075,0.048,14.9,14.9,0.391,0.416,0.161,0.165,93.17,93.88,78.23,93.88,0.033,1875,1.9,4.8
891,Charles Oakley,Charles,1610612761,TOR,37.0,78,45,33,0.577,2767.24,305,786,0.388,11,49,0.224,127,152,0.836,142,599,741,264,139,76,48,20,258,2,748,240,2266.2,25,1,2012.0,1,2000-01,35.5,103.8,105.0,105.0,99.2,100.5,100.5,4.6,4.5,4.5,0.144,1.9,21.1,0.05,0.219,0.132,11.1,11.1,0.395,0.439,0.159,0.161,93.46,92.31,76.92,92.31,0.097,5321,3.9,10.1
369,Charlie Ward,Charlie,1610612752,NYK,30.0,61,35,26,0.574,1494.6066666666666,155,373,0.416,67,175,0.383,56,70,0.8,32,127,159,273,112,70,10,11,132,0,433,174,1161.3,1,0,1092.0,1,2000-01,24.5,102.6,103.0,103.0,96.3,96.5,96.5,6.3,6.5,6.5,0.297,2.44,34.5,0.023,0.089,0.057,14.2,14.2,0.505,0.536,0.164,0.167,89.95,89.73,74.78,89.73,0.105,2790,2.5,6.1
1497,Chauncey Billups,Chauncey,1610612750,MIN,24.0,77,42,35,0.545,1793.3116666666667,248,587,0.422,73,194,0.376,144,171,0.842,32,126,158,260,111,51,11,48,178,0,713,32,1367.6,1,0,1328.0,1,2000-01,23.3,103.0,103.0,103.0,100.8,101.7,101.7,2.2,1.3,1.3,0.229,2.34,25.1,0.019,0.073,0.046,10.7,10.7,0.485,0.538,0.194,0.198,92.9,92.5,77.09,92.5,0.091,3450,3.2,7.6
685,Cherokee Parks,Cherokee,1610612746,LAC,28.0,65,23,42,0.354,1053.7133333333334,134,274,0.489,0,6,0.0,31,44,0.705,71,158,229,46,41,25,36,16,122,1,299,-101,784.8,2,0,696.0,2,2000-01,16.2,99.0,99.4,99.4,105.5,104.0,104.0,-6.5,-4.6,-4.6,0.071,1.12,12.1,0.069,0.159,0.113,10.8,10.8,0.489,0.51,0.146,0.149,91.26,91.77,76.47,91.77,0.08,2010,2.1,4.2
713,Chris Carr,Chris,1610612738,BOS,27.0,35,14,21,0.4,306.94666666666666,53,112,0.473,17,37,0.459,46,60,0.767,11,33,44,11,19,4,3,6,45,0,169,-61,240.3,0,0,255.0,1,2000-01,8.8,94.1,92.5,92.5,105.5,101.4,101.4,-11.4,-8.9,-8.9,0.072,0.58,6.5,0.034,0.106,0.07,11.2,11.3,0.549,0.611,0.221,0.226,97.92,100.71,83.92,100.71,0.088,642,1.5,3.2
164,Chris Childs,Chris,1610612761,TOR,33.0,77,47,30,0.61,1853.9033333333332,135,335,0.403,32,106,0.302,60,71,0.845,24,178,202,355,156,59,15,16,242,0,362,42,1202.9,0,0,1099.0,2,2000-01,24.1,95.8,96.1,96.1,94.2,95.0,95.0,1.6,1.1,1.1,0.32,2.28,40.5,0.014,0.097,0.057,17.8,17.8,0.451,0.494,0.132,0.135,90.32,89.75,74.79,89.75,0.078,3469,1.8,4.4
1544,Chris Crawford,Chris,1610612737,ATL,26.0,47,11,36,0.234,904.5466666666666,122,270,0.452,6,22,0.273,68,83,0.819,28,82,110,37,62,21,16,21,117,0,318,-135,554.5,0,0,545.0,1,2000-01,19.2,95.5,95.5,95.5,104.0,103.2,103.2,-8.5,-7.7,-7.7,0.07,0.6,9.1,0.031,0.096,0.062,15.3,15.3,0.463,0.519,0.176,0.181,95.31,95.68,79.73,95.68,0.049,1805,2.6,5.7
201,Chris Dudley,Chris,1610612756,PHX,36.0,53,34,19,0.642,610.99,29,73,0.397,0,0,0.0,14,36,0.389,64,119,183,18,26,14,29,9,111,3,72,37,421.6,0,0,359.0,1,2000-01,11.5,96.3,98.4,98.4,94.8,93.9,93.9,1.4,4.5,4.5,0.04,0.69,13.4,0.099,0.2,0.147,19.4,19.6,0.397,0.405,0.084,0.084,93.92,93.37,77.81,93.37,0.035,1180,0.5,1.4
1612,Chris Garner,Chris,1610612744,GSW,26.0,8,0,8,0.0,148.505,7,37,0.189,0,7,0.0,5,6,0.833,2,10,12,18,9,7,1,2,18,0,19,-15,75.4,0,0,65.0,1,2000-01,18.6,99.6,100.4,100.4,107.6,104.2,104.2,-8.0,-3.8,-3.8,0.178,2.0,26.9,0.012,0.07,0.038,13.4,13.5,0.189,0.24,0.139,0.139,91.31,92.44,77.03,92.44,-0.006,284,0.9,4.6
423,Chris Gatling,Chris,1610612739,CLE,33.0,74,28,46,0.378,1673.888333333333,329,733,0.449,28,92,0.304,156,228,0.684,99,292,391,61,119,52,27,48,185,3,842,-195,1520.7,4,0,1480.0,1,2000-01,22.6,98.2,98.9,98.9,104.8,104.1,104.1,-6.7,-5.2,-5.2,0.067,0.51,6.0,0.061,0.187,0.122,11.8,11.7,0.468,0.505,0.254,0.258,93.79,93.77,78.14,93.77,0.104,3258,4.4,9.9
1914,Chris Herren,Chris,1610612738,BOS,25.0,25,9,16,0.36,408.27166666666665,29,96,0.302,16,55,0.291,9,12,0.75,4,17,21,56,20,14,0,6,43,0,83,0,214.2,0,0,204.0,1,2000-01,16.3,105.3,103.2,103.2,103.0,103.1,103.1,2.2,0.1,0.1,0.204,2.8,31.5,0.01,0.043,0.026,11.2,11.3,0.385,0.41,0.13,0.133,94.96,95.88,79.9,95.88,0.03,815,1.2,3.8
2036,Chris Mihm,Chris,1610612739,CLE,21.0,59,19,40,0.322,1164.996666666667,173,391,0.442,0,1,0.0,100,126,0.794,106,174,280,16,80,20,53,49,156,0,446,-75,945.0,5,0,888.0,1,2000-01,19.7,97.7,99.3,99.3,101.4,102.0,102.0,-3.7,-2.7,-2.7,0.024,0.2,2.9,0.093,0.15,0.122,14.7,14.7,0.442,0.5,0.202,0.203,93.9,92.83,77.36,92.83,0.069,2246,2.9,6.6
168,Chris Mills,Chris,1610612744,GSW,31.0,15,5,10,0.333,493.6666666666667,71,191,0.372,7,25,0.28,31,36,0.861,24,69,93,18,20,9,5,10,43,0,180,-37,340.6,1,0,326.0,1,2000-01,32.9,94.4,94.8,94.8,98.7,98.5,98.5,-4.3,-3.7,-3.7,0.061,0.9,7.3,0.043,0.133,0.087,8.2,8.2,0.39,0.435,0.192,0.195,97.69,97.62,81.35,97.62,0.068,1004,4.7,12.7
904,Chris Mullin,Chris,1610612744,GSW,37.0,20,5,15,0.25,372.9166666666667,36,106,0.34,19,52,0.365,24,28,0.857,10,31,41,19,19,16,10,6,28,1,115,-70,251.7,0,0,246.0,1,2000-01,18.6,91.8,91.2,91.2,100.9,100.3,100.3,-9.2,-9.1,-9.1,0.088,1.0,12.2,0.023,0.084,0.051,12.2,12.2,0.429,0.486,0.155,0.158,97.39,98.02,81.68,98.02,0.059,761,1.8,5.3
2084,Chris Porter,Chris,1610612744,GSW,23.0,51,9,42,0.176,1145.0166666666669,173,445,0.389,0,5,0.0,94,141,0.667,89,100,189,61,59,45,6,36,111,0,440,-281,852.3,2,0,792.0,1,2000-01,22.5,95.3,96.1,96.1,108.7,107.7,107.7,-13.4,-11.6,-11.6,0.088,1.03,9.7,0.064,0.093,0.077,9.4,9.4,0.389,0.434,0.201,0.204,96.7,96.73,80.61,96.73,0.052,2301,3.4,8.7
185,Chris Webber,Chris,1610612758,SAC,28.0,70,48,22,0.686,2834.9266666666667,786,1635,0.481,2,28,0.071,324,461,0.703,179,598,777,294,195,93,118,90,226,0,1898,373,3709.4,50,1,3393.0,1,2000-01,40.5,102.6,103.8,103.8,96.3,97.4,97.4,6.3,6.4,6.4,0.202,1.51,12.6,0.061,0.198,0.131,8.4,8.4,0.481,0.516,0.311,0.313,97.87,96.77,80.64,96.77,0.169,5719,11.2,23.4
43,Chris Whitney,Chris,1610612764,WAS,29.0,59,12,47,0.203,1533.2616666666668,182,470,0.387,93,248,0.375,101,113,0.894,12,94,106,248,103,55,3,14,150,0,558,-253,1128.2,4,0,1121.0,1,2000-01,26.0,98.3,98.6,98.6,106.0,106.6,106.6,-7.7,-8.0,-8.0,0.273,2.41,28.6,0.008,0.066,0.036,11.9,11.8,0.486,0.537,0.177,0.182,94.77,94.42,78.68,94.42,0.085,3010,3.1,8.0
363,Christian Laettner,Christian,1610612764,WAS,31.0,78,38,40,0.487,1658.8933333333334,277,551,0.503,4,13,0.308,170,204,0.833,118,247,365,124,137,71,46,30,242,0,728,-67,1566.0,5,0,1455.0,2,2000-01,21.3,101.9,102.7,102.7,104.3,104.5,104.5,-2.3,-1.8,-1.8,0.126,0.91,13.8,0.075,0.155,0.116,15.2,15.2,0.506,0.568,0.207,0.211,96.05,95.6,79.67,95.6,0.103,3300,3.6,7.1
1088,Chucky Atkins,Chucky,1610612765,DET,26.0,81,31,50,0.383,2364.028333333333,380,952,0.399,121,339,0.357,90,130,0.692,28,145,173,330,149,67,5,29,184,0,971,-53,1740.6,2,0,1739.0,1,2000-01,29.2,100.0,100.5,100.5,101.1,101.6,101.6,-1.1,-1.1,-1.1,0.234,2.21,22.1,0.011,0.059,0.035,10.0,10.0,0.463,0.481,0.21,0.214,96.84,96.31,80.26,96.31,0.079,4744,4.7,11.8
359,Chucky Brown,Chucky,1610612739,CLE,33.0,26,5,21,0.192,339.91,40,95,0.421,0,3,0.0,22,34,0.647,8,46,54,11,8,9,7,8,37,2,102,-37,223.3,0,0,199.0,2,2000-01,13.1,95.8,96.1,96.1,102.6,101.0,101.0,-6.8,-4.9,-4.9,0.054,1.38,8.5,0.024,0.143,0.082,6.2,6.2,0.421,0.464,0.153,0.157,94.16,94.75,78.96,94.75,0.062,669,1.5,3.7
221,Clar. Weatherspoon,Clar.,1610612739,CLE,30.0,82,30,52,0.366,2777.3233333333333,347,692,0.501,0,0,0.0,230,291,0.79,223,573,796,103,112,85,105,91,171,1,924,-270,2491.7,25,0,2203.0,1,2000-01,33.9,97.4,98.9,98.9,102.5,103.8,103.8,-5.1,-5.0,-5.0,0.061,0.92,9.9,0.082,0.206,0.144,10.7,10.8,0.501,0.563,0.151,0.151,94.08,92.81,77.34,92.81,0.132,5368,4.2,8.4
361,Clifford Robinson,Clifford,1610612756,PHX,34.0,82,51,31,0.622,2751.718333333333,501,1186,0.422,90,249,0.361,253,357,0.709,105,229,334,237,186,87,82,66,258,2,1345,131,2422.3,0,0,2344.0,1,2000-01,33.6,97.4,98.6,98.6,95.1,95.6,95.6,2.2,3.0,3.0,0.155,1.27,13.4,0.039,0.085,0.062,10.5,10.5,0.46,0.501,0.249,0.251,95.14,94.34,78.62,94.34,0.091,5393,6.1,14.5
1736,Corey Benjamin,Corey,1610612741,CHI,23.0,65,9,56,0.138,856.49,115,302,0.381,21,81,0.259,56,83,0.675,38,62,100,69,63,28,16,18,128,0,307,-197,599.5,0,0,585.0,1,2000-01,13.2,91.5,90.8,90.8,104.0,102.2,102.2,-12.5,-11.5,-11.5,0.148,1.1,14.7,0.043,0.077,0.06,13.4,13.4,0.416,0.453,0.21,0.217,91.82,93.0,77.5,93.0,0.037,1656,1.8,4.6
1894,Corey Maggette,Corey,1610612746,LAC,21.0,69,27,42,0.391,1361.42,225,487,0.462,17,56,0.304,223,288,0.774,88,203,291,82,106,35,9,49,140,0,690,-91,1188.2,4,0,1168.0,1,2000-01,19.7,98.2,97.8,97.8,100.6,100.3,100.3,-2.4,-2.5,-2.5,0.112,0.77,10.2,0.066,0.142,0.105,13.2,13.2,0.479,0.562,0.236,0.242,94.16,94.49,78.74,94.49,0.124,2668,3.3,7.1
916,Corie Blount,Corie,1610612744,GSW,32.0,68,20,48,0.294,1306.105,130,294,0.442,2,8,0.25,51,83,0.614,181,219,400,59,73,42,22,27,165,0,313,-289,1000.5,7,0,902.0,2,2000-01,19.2,92.5,92.4,92.4,104.3,103.5,103.5,-11.8,-11.2,-11.2,0.074,0.81,12.7,0.121,0.173,0.145,15.7,15.8,0.446,0.473,0.13,0.131,94.77,95.22,79.35,95.22,0.078,2591,1.9,4.3
722,Corliss Williamson,Corliss,1610612765,DET,27.0,69,32,37,0.464,1686.756666666667,325,647,0.502,0,2,0.0,151,237,0.637,110,211,321,61,110,50,21,65,185,1,801,94,1380.7,4,0,1325.0,2,2000-01,24.4,98.9,99.6,99.6,96.4,96.6,96.6,2.6,2.9,2.9,0.066,0.55,6.6,0.06,0.118,0.088,11.9,11.9,0.502,0.533,0.218,0.222,95.81,95.36,79.47,95.36,0.094,3349,4.7,9.4
724,Cory Alexander,Cory,1610612753,ORL,28.0,26,17,9,0.654,223.43833333333333,18,56,0.321,4,16,0.25,12,18,0.667,0,25,25,36,25,16,0,2,29,0,52,-44,159.0,0,0,149.0,1,2000-01,8.6,89.5,84.6,84.6,96.1,96.4,96.4,-6.6,-11.8,-11.8,0.273,1.44,29.3,0.0,0.114,0.056,20.3,20.0,0.357,0.407,0.163,0.178,98.78,101.5,84.59,101.5,0.05,479,0.7,2.2
2042,Courtney Alexander,Courtney,1610612764,WAS,24.0,65,29,36,0.446,1373.9116666666666,239,573,0.417,17,46,0.37,123,150,0.82,42,101,143,62,75,45,5,35,139,0,618,-288,957.6,0,0,940.0,2,2000-01,21.1,97.6,97.4,97.4,107.7,107.5,107.5,-10.1,-10.1,-10.1,0.083,0.83,8.0,0.032,0.076,0.054,9.7,9.7,0.432,0.484,0.227,0.232,96.13,96.3,80.25,96.3,0.062,2752,3.7,8.8
1749,Cuttino Mobley,Cuttino,1610612745,HOU,25.0,79,44,35,0.557,3006.2233333333334,527,1214,0.434,90,252,0.357,394,474,0.831,83,314,397,195,165,84,26,79,169,0,1538,269,2471.9,8,0,2440.0,1,2000-01,38.1,105.2,106.6,106.6,101.5,102.1,102.1,3.7,4.4,4.4,0.114,1.18,11.0,0.029,0.104,0.068,9.3,9.3,0.471,0.541,0.24,0.244,92.77,91.9,76.58,91.9,0.114,5762,6.7,15.4
905,Dale Davis,Dale,1610612757,POR,32.0,81,49,32,0.605,2159.995,242,487,0.497,0,4,0.0,96,152,0.632,232,373,605,103,67,44,76,39,199,1,580,166,1753.5,13,0,1528.0,1,2000-01,26.7,104.9,104.4,104.4,100.2,100.5,100.5,4.7,3.9,3.9,0.073,1.54,14.2,0.116,0.175,0.147,9.3,9.3,0.497,0.524,0.131,0.134,90.38,90.51,75.43,90.51,0.1,4076,3.0,6.0
2053,Dalibor Bagaric,Dalibor,1610612741,CHI,20.0,35,9,26,0.257,259.945,17,65,0.262,0,1,0.0,13,28,0.464,22,34,56,10,21,9,16,10,44,0,47,-57,183.2,0,0,163.0,1,2000-01,7.4,87.6,87.0,87.0,102.7,96.2,96.2,-15.1,-9.2,-9.2,0.065,0.48,9.3,0.081,0.145,0.111,19.4,19.4,0.262,0.304,0.169,0.174,92.8,96.2,80.17,96.2,-0.012,516,0.5,1.9
1800,Damon Jones,Damon,1610612763,VAN,24.0,71,16,55,0.225,1415.665,170,416,0.409,84,231,0.364,37,52,0.712,16,108,124,224,76,36,1,13,58,0,461,-220,980.8,1,0,967.0,1,2000-01,19.9,96.1,95.7,95.7,104.2,103.7,103.7,-8.0,-8.0,-8.0,0.276,2.95,30.3,0.011,0.076,0.044,10.3,10.3,0.51,0.525,0.164,0.168,93.43,93.84,78.2,93.84,0.099,2768,2.4,5.9
757,Damon Stoudamire,Damon,1610612757,POR,27.0,82,50,32,0.61,2652.83,406,935,0.434,82,219,0.374,172,207,0.831,69,234,303,468,191,106,8,53,202,0,1066,381,2282.6,4,1,2147.0,1,2000-01,32.4,105.1,105.6,105.6,98.4,98.6,98.6,6.8,6.9,6.9,0.275,2.45,27.8,0.028,0.089,0.059,11.4,11.3,0.478,0.519,0.206,0.21,92.52,92.2,76.83,92.2,0.11,5109,5.0,11.4
2061,Dan Langhi,Dan,1610612745,HOU,23.0,33,17,16,0.515,240.6783333333333,37,99,0.374,0,1,0.0,16,29,0.552,13,28,41,4,8,7,1,12,16,0,90,-39,161.2,0,0,151.0,1,2000-01,7.3,96.1,96.8,96.8,107.7,105.8,105.8,-11.6,-8.9,-8.9,0.031,0.5,3.2,0.048,0.109,0.078,6.5,6.5,0.374,0.403,0.216,0.222,93.34,93.83,78.2,93.83,0.05,472,1.1,3.0
105,Dan Majerle,Dan,1610612748,MIA,35.0,53,35,18,0.66,1305.83,87,259,0.336,57,181,0.315,36,44,0.818,20,146,166,88,35,53,15,11,98,0,267,109,767.2,0,0,714.0,1,2000-01,24.6,99.9,99.2,99.2,95.6,95.7,95.7,4.3,3.5,3.5,0.108,2.51,22.2,0.016,0.119,0.067,8.8,8.7,0.446,0.48,0.111,0.116,89.84,90.15,75.12,90.15,0.07,2464,1.6,4.9
2082,Dan McClintock,Dan,1610612743,DEN,24.0,6,3,3,0.5,58.46666666666667,9,18,0.5,0,0,0.0,0,5,0.0,10,7,17,1,3,0,2,3,11,0,18,-27,42.9,0,0,40.0,1,2000-01,9.7,94.9,95.8,95.8,119.1,114.8,114.8,-24.2,-19.0,-19.0,0.025,0.33,4.2,0.128,0.152,0.137,12.5,12.4,0.5,0.446,0.153,0.158,97.11,98.52,82.1,98.52,0.018,118,1.5,3.0
344,Dana Barros,Dana,1610612765,DET,34.0,60,24,36,0.4,1082.6766666666667,183,412,0.444,44,105,0.419,68,80,0.85,6,88,94,110,60,30,2,11,63,0,478,-67,791.8,0,0,790.0,1,2000-01,18.0,96.5,95.6,95.6,100.1,99.1,99.1,-3.6,-3.4,-3.4,0.187,1.83,17.8,0.005,0.079,0.041,9.7,9.7,0.498,0.534,0.195,0.202,97.56,98.49,82.07,98.49,0.111,2226,3.1,6.9
2091,Daniel Santiago,Daniel,1610612756,PHX,25.0,54,34,20,0.63,579.66,64,134,0.478,0,0,0.0,42,61,0.689,35,67,102,11,47,17,21,21,101,0,170,2,375.9,0,0,359.0,1,2000-01,10.7,94.7,94.3,94.3,94.3,92.9,92.9,0.3,1.4,1.4,0.03,0.23,5.0,0.059,0.113,0.086,21.4,21.5,0.478,0.528,0.153,0.156,98.39,99.37,82.81,99.37,0.034,1192,1.2,2.5
198,Danny Ferry,Danny,1610612759,SAS,34.0,80,58,22,0.725,1687.07,178,375,0.475,70,156,0.449,22,30,0.733,55,168,223,71,50,28,21,8,169,2,448,391,919.1,0,0,910.0,1,2000-01,21.1,106.0,104.7,104.7,93.1,93.1,93.1,12.9,11.6,11.6,0.066,1.42,13.9,0.036,0.095,0.067,9.8,9.8,0.568,0.577,0.118,0.122,92.16,92.71,77.26,92.71,0.064,3265,2.2,4.7
1504,Danny Fortson,Danny,1610612744,GSW,25.0,6,1,5,0.167,203.01833333333332,29,50,0.58,0,0,0.0,42,54,0.778,29,69,98,5,10,2,0,6,22,1,100,-32,221.1,6,0,207.0,1,2000-01,33.8,90.5,93.7,93.7,100.1,100.9,100.9,-9.6,-7.2,-7.2,0.042,0.5,5.6,0.128,0.329,0.224,11.2,11.3,0.58,0.678,0.165,0.166,103.57,101.31,84.43,101.31,0.204,428,4.8,8.3
330,Danny Manning,Danny,1610612762,UTA,35.0,82,53,29,0.646,1300.1866666666667,247,500,0.494,7,28,0.25,102,140,0.729,66,148,214,92,96,47,29,20,219,0,603,129,1129.8,0,0,1068.0,1,2000-01,15.9,100.7,101.0,101.0,97.2,95.5,95.5,3.5,5.5,5.5,0.135,0.96,12.3,0.056,0.118,0.088,12.8,12.8,0.501,0.537,0.227,0.232,91.86,92.48,77.07,92.48,0.098,2501,3.0,6.1
2032,Darius Miles,Darius,1610612746,LAC,19.0,81,30,51,0.37,2139.1633333333334,318,630,0.505,1,19,0.053,124,238,0.521,127,350,477,99,147,51,125,47,191,0,761,29,1862.9,9,0,1690.0,1,2000-01,26.4,100.8,101.1,101.1,99.1,99.5,99.5,1.7,1.6,1.6,0.08,0.67,10.1,0.063,0.154,0.112,14.9,15.0,0.506,0.518,0.188,0.191,93.33,92.99,77.49,92.99,0.097,4125,3.9,7.8
353,Darrell Armstrong,Darrell,1610612753,ORL,33.0,75,40,35,0.533,2774.2316666666666,413,1002,0.412,143,403,0.355,220,249,0.884,94,249,343,524,200,135,13,41,155,0,1189,207,2630.6,16,0,2495.0,1,2000-01,37.0,103.0,104.9,104.9,99.2,100.7,100.7,3.8,4.1,4.1,0.299,2.62,28.9,0.032,0.09,0.06,11.0,10.9,0.484,0.535,0.203,0.208,96.05,94.46,78.72,94.46,0.136,5450,5.5,13.4
239,Darrick Martin,Darrick,1610612758,SAC,30.0,31,23,8,0.742,174.81666666666666,29,76,0.382,14,27,0.519,31,35,0.886,2,14,16,14,10,7,0,5,27,0,103,1,154.2,0,0,161.0,1,2000-01,5.6,102.6,98.6,98.6,100.5,99.7,99.7,2.1,-1.1,-1.1,0.152,1.4,12.0,0.011,0.066,0.04,8.5,8.7,0.474,0.563,0.251,0.262,96.42,98.71,82.26,98.71,0.088,362,0.9,2.5
1032,Darvin Ham,Darvin,1610612749,MIL,27.0,29,18,11,0.621,541.815,39,80,0.488,2,3,0.667,29,49,0.592,56,65,121,25,33,17,21,12,85,0,109,-48,372.7,1,0,333.0,1,2000-01,18.7,101.8,99.5,99.5,101.5,102.7,102.7,0.3,-3.2,-3.2,0.07,0.76,15.6,0.104,0.118,0.111,20.6,20.7,0.5,0.537,0.111,0.115,93.62,94.08,78.4,94.08,0.044,1055,1.3,2.8
128,David Benoit,David,1610612762,UTA,33.0,49,31,18,0.633,443.83166666666665,71,147,0.483,5,13,0.385,31,39,0.795,20,61,81,22,28,6,6,14,75,0,178,-14,316.2,0,0,310.0,1,2000-01,9.1,100.7,99.5,99.5,102.7,99.9,99.9,-2.1,-0.3,-0.3,0.087,0.79,10.2,0.051,0.147,0.1,13.0,13.1,0.5,0.542,0.195,0.201,94.02,95.87,79.9,95.87,0.072,881,1.4,3.0
764,David Robinson,David,1610612759,SAS,35.0,80,57,23,0.713,2370.9066666666668,400,823,0.486,0,1,0.0,351,470,0.747,208,483,691,116,122,80,197,68,212,0,1151,562,2863.2,22,0,2512.0,1,2000-01,29.6,104.1,104.5,104.5,91.0,91.7,91.7,13.1,12.9,12.9,0.087,0.95,9.1,0.093,0.194,0.146,9.5,9.6,0.486,0.559,0.226,0.227,92.23,91.7,76.42,91.7,0.161,4519,5.0,10.3
2128,David Vanterpool,David,1610612764,WAS,28.0,22,6,16,0.273,410.14,46,110,0.418,0,6,0.0,30,50,0.6,15,22,37,66,37,23,3,11,44,0,122,-2,306.4,0,0,277.0,1,2000-01,18.6,99.9,99.5,99.5,101.2,99.4,99.4,-1.3,0.1,0.1,0.254,1.78,28.1,0.036,0.058,0.047,15.7,15.7,0.418,0.462,0.176,0.181,95.82,96.84,80.7,96.84,0.061,826,2.1,5.0
133,David Wesley,David,1610612766,CHH,30.0,82,46,36,0.561,3105.4416666666666,523,1239,0.422,97,258,0.376,271,339,0.799,64,160,224,361,171,128,16,65,220,0,1414,116,2485.3,1,0,2384.0,1,2000-01,37.9,99.5,99.4,99.4,96.8,97.7,97.7,2.7,1.7,1.7,0.214,2.11,18.9,0.021,0.052,0.036,9.0,8.9,0.461,0.509,0.223,0.23,92.72,92.35,76.96,92.35,0.097,5983,6.4,15.1
766,David Wingate,David,1610612760,SEA,37.0,1,1,0,1.0,8.966666666666667,3,3,1.0,0,0,0.0,0,0,0.0,0,0,0,2,0,0,0,0,1,0,6,12,9.0,0,0,8.0,1,2000-01,9.0,126.1,137.5,137.5,55.6,55.6,55.6,70.6,81.9,81.9,0.286,0.0,40.0,0.0,0.0,0.0,0.0,0.0,1.0,1.0,0.143,0.14,94.86,91.0,75.84,91.0,0.222,16,3.0,3.0
2052,DeShawn Stevenson,DeShawn,1610612762,UTA,20.0,40,27,13,0.675,295.6933333333333,31,91,0.341,1,12,0.083,26,38,0.684,9,19,28,18,28,10,2,11,29,0,89,4,157.6,0,0,160.0,1,2000-01,7.4,94.6,95.1,95.1,97.7,94.8,94.8,-3.0,0.4,0.4,0.105,0.64,11.6,0.031,0.064,0.048,18.1,18.2,0.346,0.413,0.199,0.202,95.58,96.75,80.62,96.75,0.016,597,0.8,2.3
1051,Dean Garrett,Dean,1610612750,MIN,34.0,70,41,29,0.586,836.0316666666666,75,156,0.481,0,0,0.0,27,39,0.692,65,152,217,24,25,26,49,15,93,0,177,-92,673.4,0,0,568.0,1,2000-01,11.9,95.0,94.3,94.3,99.2,99.3,99.3,-4.2,-4.9,-4.9,0.042,0.96,10.7,0.076,0.185,0.129,11.2,11.3,0.481,0.511,0.108,0.11,93.5,93.76,78.13,93.76,0.08,1627,1.1,2.2
244,Dee Brown,Dee,1610612753,ORL,32.0,7,2,5,0.286,155.92333333333335,16,44,0.364,12,32,0.375,4,5,0.8,0,11,11,12,7,4,0,0,10,0,48,-27,84.2,0,0,91.0,1,2000-01,22.3,90.5,91.7,91.7,100.8,100.7,100.7,-10.3,-9.0,-9.0,0.152,1.71,18.8,0.0,0.071,0.034,10.9,10.7,0.5,0.519,0.147,0.153,92.85,92.35,76.96,92.35,0.072,300,2.3,6.3
209,Dell Curry,Dell,1610612761,TOR,37.0,71,38,33,0.535,956.67,162,382,0.424,62,145,0.428,43,51,0.843,16,69,85,75,39,27,8,14,66,0,429,-41,709.5,0,0,721.0,1,2000-01,13.5,101.3,101.3,101.3,105.1,104.7,104.7,-3.8,-3.4,-3.4,0.135,1.92,14.5,0.016,0.076,0.044,7.6,7.5,0.505,0.53,0.2,0.206,93.91,94.08,78.4,94.08,0.093,1886,2.3,5.4
2035,DerMarr Johnson,DerMarr,1610612737,ATL,21.0,78,23,55,0.295,1309.915,146,390,0.374,41,127,0.323,64,87,0.736,56,122,178,64,93,43,30,31,134,1,397,-160,832.6,0,0,826.0,1,2000-01,16.8,95.8,95.6,95.6,103.3,102.0,102.0,-7.5,-6.4,-6.4,0.079,0.69,10.9,0.042,0.093,0.067,15.9,15.9,0.427,0.463,0.173,0.177,94.94,95.58,79.65,95.58,0.044,2612,1.9,5.0
1507,Derek Anderson,Derek,1610612759,SAS,26.0,82,58,24,0.707,2859.518333333333,413,993,0.416,101,253,0.399,342,402,0.851,75,288,363,301,165,120,14,53,188,0,1269,678,2393.1,3,0,2302.0,1,2000-01,34.9,106.3,106.5,106.5,93.6,94.3,94.3,12.7,12.2,12.2,0.177,1.82,18.5,0.028,0.096,0.064,10.1,10.1,0.467,0.542,0.214,0.218,92.49,92.04,76.7,92.04,0.115,5488,5.0,12.1
965,Derek Fisher,Derek,1610612747,LAL,26.0,20,15,5,0.75,710.5483333333333,77,187,0.412,25,63,0.397,50,62,0.806,5,54,59,87,29,39,2,6,50,0,229,172,524.3,0,0,482.0,1,2000-01,35.5,110.6,112.1,112.1,99.5,99.6,99.6,11.1,12.5,12.5,0.181,3.0,26.4,0.007,0.08,0.043,8.8,8.8,0.479,0.534,0.151,0.153,93.91,93.26,77.71,93.26,0.09,1380,3.9,9.4
400,Derek Strong,Derek,1610612746,LAC,33.0,28,11,17,0.393,491.5316666666667,45,117,0.385,0,1,0.0,28,37,0.757,34,74,108,7,22,14,1,13,30,0,118,-29,281.1,0,0,263.0,1,2000-01,17.6,95.0,95.9,95.9,98.4,100.3,100.3,-3.4,-4.4,-4.4,0.023,0.32,4.3,0.069,0.155,0.112,13.4,13.6,0.385,0.443,0.147,0.148,89.04,87.74,73.12,87.74,0.076,904,1.6,4.2
934,Derrick Coleman,Derrick,1610612766,CHH,34.0,34,12,22,0.353,682.31,97,255,0.38,20,51,0.392,63,92,0.685,46,138,184,39,42,10,21,25,53,0,277,-109,607.3,3,0,582.0,1,2000-01,20.1,91.8,90.7,90.7,100.4,99.2,99.2,-8.6,-8.5,-8.5,0.113,0.93,10.3,0.064,0.203,0.131,11.1,11.2,0.42,0.469,0.224,0.229,91.04,92.12,76.77,92.12,0.112,1311,2.9,7.5
1760,Derrick Dial,Derrick,1610612759,SAS,25.0,33,27,6,0.818,204.3383333333333,36,83,0.434,2,10,0.2,12,21,0.571,12,26,38,21,12,4,6,6,22,0,86,18,181.1,0,0,167.0,1,2000-01,6.2,113.8,107.2,107.2,104.0,101.7,101.7,9.8,5.5,5.5,0.154,1.75,16.7,0.066,0.129,0.099,9.5,9.6,0.446,0.466,0.226,0.24,91.32,95.14,79.28,95.14,0.079,403,1.1,2.5
365,Derrick McKey,Derrick,1610612754,IND,34.0,66,32,34,0.485,985.5383333333332,60,136,0.441,4,20,0.2,21,27,0.778,49,127,176,74,47,48,13,5,136,1,145,-58,603.2,0,0,521.0,1,2000-01,14.9,99.6,98.7,98.7,100.7,100.3,100.3,-1.1,-1.6,-1.6,0.123,1.57,27.4,0.052,0.127,0.091,17.4,17.5,0.456,0.49,0.092,0.094,91.08,91.66,76.38,91.66,0.057,1868,0.9,2.1
2046,Desmond Mason,Desmond,1610612760,SEA,23.0,78,41,37,0.526,1523.5283333333334,189,439,0.431,18,67,0.269,67,91,0.736,72,177,249,63,53,39,20,23,146,0,463,-43,980.3,0,0,911.0,1,2000-01,19.5,101.9,102.7,102.7,103.8,103.7,103.7,-1.8,-1.0,-1.0,0.066,1.19,10.6,0.047,0.12,0.083,8.9,8.9,0.451,0.483,0.155,0.158,93.88,93.57,77.98,93.57,0.067,2963,2.4,5.6
96,Detlef Schrempf,Detlef,1610612757,POR,38.0,26,14,12,0.538,395.635,39,95,0.411,3,8,0.375,23,27,0.852,17,61,78,44,28,7,3,3,43,0,104,-35,265.6,0,0,249.0,1,2000-01,15.2,102.8,101.5,101.5,104.8,105.8,105.8,-2.0,-4.4,-4.4,0.182,1.57,24.4,0.047,0.158,0.104,15.6,15.7,0.426,0.487,0.158,0.161,91.2,91.36,76.13,91.36,0.078,752,1.5,3.7
1904,Devean George,Devean,1610612747,LAL,23.0,59,43,16,0.729,591.1533333333333,64,207,0.309,15,68,0.221,39,55,0.709,35,75,110,19,34,15,15,19,87,0,182,-90,398.5,0,0,386.0,1,2000-01,10.0,95.2,94.5,94.5,101.3,102.0,102.0,-6.1,-7.4,-7.4,0.055,0.56,6.7,0.055,0.124,0.088,11.9,12.0,0.345,0.394,0.194,0.201,93.82,93.86,78.22,93.86,0.023,1154,1.1,3.5
87,Dikembe Mutombo,Dikembe,1610612755,PHI,35.0,75,33,42,0.44,2593.185,269,556,0.484,0,0,0.0,211,291,0.725,307,708,1015,76,144,29,203,47,204,2,749,53,2633.0,33,0,2304.0,2,2000-01,34.6,96.1,97.1,97.1,95.4,95.9,95.9,0.7,1.2,1.2,0.048,0.53,8.4,0.122,0.267,0.196,15.9,15.9,0.484,0.547,0.145,0.146,91.13,90.4,75.34,90.4,0.149,4881,3.6,7.4
1901,Dion Glover,Dion,1610612737,ATL,22.0,57,16,41,0.281,930.92,141,336,0.42,9,46,0.196,47,69,0.681,39,92,131,69,54,49,10,29,92,1,338,-68,721.7,0,0,665.0,1,2000-01,16.3,96.9,96.0,96.0,100.5,99.1,99.1,-3.7,-3.1,-3.1,0.123,1.28,14.1,0.042,0.094,0.069,11.0,11.0,0.433,0.461,0.195,0.2,95.85,97.01,80.84,97.01,0.073,1877,2.5,5.9
1717,Dirk Nowitzki,Dirk,1610612742,DAL,23.0,82,53,29,0.646,3122.7533333333336,591,1247,0.474,151,390,0.387,451,538,0.838,119,635,754,173,156,79,101,51,245,2,1784,533,3332.3,38,0,3222.0,1,2000-01,38.1,106.1,107.5,107.5,98.3,98.9,98.9,7.8,8.5,8.5,0.092,1.11,9.7,0.04,0.198,0.121,8.7,8.6,0.534,0.601,0.231,0.237,96.06,95.15,79.29,95.15,0.159,6192,7.2,15.2
931,Don MacLean,Don,1610612748,MIA,31.0,8,4,4,0.5,76.37333333333333,10,20,0.5,2,2,1.0,9,12,0.75,7,11,18,4,10,5,1,1,9,0,31,-8,66.6,0,0,67.0,1,2000-01,9.5,90.4,88.0,88.0,93.8,92.5,92.5,-3.4,-4.5,-4.5,0.095,0.4,10.0,0.086,0.145,0.115,25.0,25.5,0.55,0.613,0.2,0.203,97.62,99.62,83.01,99.62,0.118,158,1.3,2.5
690,Don Reid,Don,1610612753,ORL,27.0,65,36,29,0.554,761.325,82,145,0.566,0,0,0.0,46,75,0.613,84,158,242,21,48,23,54,11,190,0,210,-21,714.9,1,0,627.0,1,2000-01,11.7,99.2,97.7,97.7,99.5,98.6,98.6,-0.3,-0.8,-0.8,0.044,0.44,8.5,0.106,0.203,0.154,19.4,19.4,0.566,0.59,0.125,0.129,97.0,98.17,81.8,98.17,0.069,1553,1.3,2.2
2051,Donnell Harvey,Donnell,1610612742,DAL,20.0,18,14,4,0.778,63.876666666666665,8,14,0.571,0,0,0.0,6,16,0.375,6,14,20,2,7,3,1,1,15,1,22,-15,54.0,0,0,52.0,1,2000-01,3.5,91.2,83.1,83.1,97.6,94.5,94.5,-6.4,-11.4,-11.4,0.059,0.29,6.7,0.09,0.192,0.143,23.3,23.3,0.571,0.523,0.17,0.187,103.82,110.46,92.05,110.46,0.038,148,0.4,0.8
923,Donyell Marshall,Donyell,1610612762,UTA,28.0,81,52,29,0.642,2328.6116666666667,427,849,0.503,41,128,0.32,205,273,0.751,172,394,566,133,128,85,78,97,196,1,1100,331,2339.7,17,0,2166.0,1,2000-01,28.7,105.4,106.7,106.7,98.8,99.1,99.1,6.6,7.6,7.6,0.099,1.04,10.8,0.083,0.178,0.132,10.4,10.4,0.527,0.568,0.213,0.215,93.16,92.45,77.04,92.45,0.142,4481,5.3,10.5
57,Doug Christie,Doug,1610612758,SAC,31.0,81,54,27,0.667,2940.67,311,788,0.395,94,250,0.376,280,312,0.897,95,260,355,289,154,183,45,60,224,0,996,381,2385.5,3,0,2190.0,1,2000-01,36.3,103.9,104.6,104.6,97.8,98.5,98.5,6.0,6.1,6.1,0.142,1.88,21.4,0.032,0.084,0.058,11.4,11.3,0.454,0.538,0.156,0.161,97.78,97.1,80.92,97.1,0.089,5958,3.8,9.7
77,Doug Overton,Doug,1610612751,NJN,31.0,21,6,15,0.286,475.85,52,139,0.374,11,36,0.306,10,16,0.625,4,35,39,72,31,8,0,8,37,0,125,-72,272.8,1,0,263.0,3,2000-01,22.7,96.8,97.5,97.5,106.4,105.2,105.2,-9.5,-7.7,-7.7,0.246,2.32,28.9,0.008,0.073,0.041,12.4,12.4,0.414,0.428,0.165,0.168,95.35,95.58,79.65,95.58,0.053,948,2.5,6.6
28,Doug West,Doug,1610612763,VAN,34.0,15,4,11,0.267,172.65166666666667,11,38,0.289,0,2,0.0,6,7,0.857,4,11,15,14,4,3,4,4,21,0,28,-58,84.0,0,0,71.0,1,2000-01,11.5,85.8,87.1,87.1,102.0,100.9,100.9,-16.2,-13.8,-13.8,0.14,3.5,23.7,0.021,0.061,0.04,6.8,6.8,0.289,0.341,0.115,0.116,96.48,96.33,80.28,96.33,0.014,341,0.7,2.5
1434,Dragan Tarlac,Dragan,1610612741,CHI,28.0,43,4,39,0.093,599.0566666666666,39,99,0.394,0,0,0.0,25,33,0.758,37,85,122,31,38,7,19,7,95,1,103,-197,335.9,0,0,308.0,1,2000-01,13.9,89.2,89.7,89.7,106.7,105.2,105.2,-17.5,-15.5,-15.5,0.087,0.82,16.8,0.063,0.155,0.107,20.7,20.8,0.394,0.454,0.117,0.118,92.41,92.79,77.32,92.79,0.031,1149,0.9,2.3
190,Duane Causwell,Duane,1610612748,MIA,33.0,31,14,17,0.452,382.95666666666665,32,85,0.376,0,0,0.0,12,25,0.48,23,60,83,5,23,8,18,13,67,0,76,-78,238.1,0,0,216.0,1,2000-01,12.4,92.9,91.3,91.3,101.6,102.3,102.3,-8.7,-11.0,-11.0,0.023,0.22,4.0,0.066,0.174,0.12,18.4,18.5,0.376,0.396,0.15,0.154,88.52,88.99,74.16,88.99,0.013,710,1.0,2.7
1863,Earl Boykins,Earl,1610612746,LAC,25.0,10,2,8,0.2,149.22833333333332,25,63,0.397,1,8,0.125,14,17,0.824,4,7,11,32,9,5,0,2,9,0,65,-9,132.2,0,0,119.0,1,2000-01,14.9,94.6,93.6,93.6,101.0,98.6,98.6,-6.4,-5.1,-5.1,0.405,3.56,28.8,0.025,0.048,0.036,8.1,8.1,0.405,0.461,0.225,0.235,92.31,93.92,78.27,93.92,0.128,295,2.5,6.3
2109,Eddie Gill,Eddie,1610612751,NJN,22.0,8,1,7,0.125,152.225,16,41,0.39,3,9,0.333,4,5,0.8,0,9,9,24,10,4,1,4,9,0,39,-42,90.8,0,0,85.0,1,2000-01,19.0,84.0,84.5,84.5,99.9,98.7,98.7,-15.9,-14.1,-14.1,0.324,2.4,31.2,0.0,0.067,0.03,13.0,13.0,0.427,0.451,0.154,0.157,93.35,93.65,78.04,93.65,0.08,297,2.0,5.1
2067,Eddie House,Eddie,1610612748,MIA,23.0,50,30,20,0.6,544.805,104,247,0.421,19,55,0.345,24,35,0.686,5,37,42,52,35,13,0,7,58,0,251,-8,383.4,0,0,390.0,1,2000-01,10.9,97.9,96.3,96.3,98.3,96.6,96.6,-0.4,-0.3,-0.3,0.192,1.49,14.8,0.009,0.07,0.039,10.0,10.0,0.46,0.478,0.25,0.256,90.16,91.67,76.39,91.67,0.073,1038,2.1,4.9
224,Eddie Jones,Eddie,1610612748,MIA,29.0,63,40,23,0.635,2277.3866666666668,388,871,0.445,90,238,0.378,228,270,0.844,75,217,292,171,135,110,58,44,183,0,1094,131,2069.9,2,0,1983.0,1,2000-01,36.1,99.6,99.9,99.9,96.0,96.8,96.8,3.6,3.1,3.1,0.15,1.27,13.2,0.036,0.101,0.069,10.4,10.4,0.497,0.553,0.237,0.241,89.47,88.99,74.16,88.99,0.131,4221,6.2,13.8
1944,Eddie Robinson,Eddie,1610612766,CHH,25.0,67,39,28,0.582,1202.2166666666667,216,407,0.531,2,4,0.5,64,88,0.727,60,138,198,59,43,50,32,5,66,0,498,43,1027.1,1,0,921.0,1,2000-01,17.9,100.5,98.5,98.5,97.9,97.3,97.3,2.6,1.3,1.3,0.094,1.37,10.7,0.052,0.114,0.084,7.8,7.9,0.533,0.559,0.184,0.19,91.18,92.39,76.99,92.39,0.132,2321,3.2,6.1
2059,Eduardo Najera,Eduardo,1610612742,DAL,24.0,40,26,14,0.65,432.5916666666666,58,111,0.523,1,3,0.333,14,33,0.424,41,54,95,27,17,13,8,13,48,0,131,-61,331.5,0,0,296.0,1,2000-01,10.8,102.6,99.8,99.8,107.6,105.5,105.5,-5.1,-5.7,-5.7,0.093,1.59,16.0,0.096,0.128,0.112,10.1,10.0,0.527,0.522,0.139,0.146,97.68,100.03,83.36,100.03,0.08,897,1.5,2.8
922,Elden Campbell,Elden,1610612766,CHH,32.0,78,46,32,0.59,2338.625,367,834,0.44,0,6,0.0,288,406,0.709,157,451,608,104,144,60,140,61,280,2,1022,151,2363.6,21,0,2134.0,1,2000-01,30.0,99.8,99.4,99.4,95.5,96.0,96.0,4.3,3.4,3.4,0.08,0.72,8.2,0.068,0.195,0.132,11.3,11.4,0.44,0.505,0.228,0.23,91.34,91.35,76.12,91.35,0.109,4450,4.7,10.7
695,Eldridge Recasner,Eldridge,1610612766,CHH,33.0,43,27,16,0.628,405.54,38,114,0.333,13,39,0.333,14,18,0.778,13,37,50,39,27,6,1,9,30,0,103,-20,215.5,0,0,219.0,1,2000-01,9.4,93.6,91.2,91.2,95.1,93.1,93.1,-1.5,-2.0,-2.0,0.172,1.44,20.6,0.034,0.086,0.061,14.3,14.4,0.39,0.422,0.168,0.174,90.83,92.97,77.48,92.97,0.052,783,0.9,2.7
386,Elliot Perry,Elliot,1610612756,PHX,32.0,49,25,24,0.51,498.50166666666667,65,140,0.464,1,5,0.2,16,22,0.727,9,37,46,79,38,22,1,7,29,0,147,35,351.7,0,0,319.0,2,2000-01,10.2,101.0,99.8,99.8,97.7,95.6,95.6,3.3,4.2,4.2,0.248,2.08,29.6,0.019,0.074,0.047,14.2,14.2,0.468,0.491,0.161,0.166,97.45,99.08,82.57,99.08,0.091,1025,1.3,2.9
1882,Elton Brand,Elton,1610612741,CHI,22.0,74,15,59,0.203,2909.488333333333,578,1216,0.475,0,3,0.0,334,472,0.708,285,461,746,240,219,71,118,95,243,1,1490,-462,3093.2,37,0,2854.0,1,2000-01,39.3,96.2,97.3,97.3,105.0,105.6,105.6,-8.8,-8.2,-8.2,0.164,1.1,12.7,0.1,0.173,0.135,11.6,11.6,0.475,0.523,0.26,0.262,91.94,91.16,75.97,91.16,0.136,5522,7.8,16.4
1023,Emanual Davis,Emanual,1610612760,SEA,32.0,62,32,30,0.516,1290.17,133,318,0.418,50,127,0.394,45,55,0.818,28,126,154,137,77,64,12,20,101,0,361,6,902.3,0,0,854.0,1,2000-01,20.8,102.3,102.7,102.7,101.5,102.4,102.4,0.8,0.4,0.4,0.162,1.78,24.6,0.023,0.102,0.062,13.8,13.8,0.497,0.527,0.148,0.15,93.12,92.51,77.09,92.51,0.079,2485,2.1,5.1
376,Eric Montross,Eric,1610612761,TOR,29.0,54,23,31,0.426,648.8616666666667,56,138,0.406,0,0,0.0,8,31,0.258,52,121,173,19,41,11,26,8,115,0,120,-139,426.1,1,0,386.0,2,2000-01,12.0,94.0,93.9,93.9,105.0,104.1,104.1,-11.1,-10.2,-10.2,0.045,0.46,9.0,0.074,0.188,0.128,19.3,19.4,0.406,0.396,0.125,0.128,97.9,98.39,81.99,98.39,0.024,1328,1.0,2.6
15,Eric Piatkowski,Eric,1610612746,LAC,30.0,81,31,50,0.383,2144.5216666666665,291,672,0.433,120,297,0.404,158,181,0.873,54,187,241,96,76,46,19,30,123,0,860,-59,1412.2,0,0,1447.0,1,2000-01,26.5,101.8,102.4,102.4,104.1,103.9,103.9,-2.3,-1.5,-1.5,0.074,1.26,10.5,0.026,0.086,0.057,8.3,8.2,0.522,0.572,0.173,0.179,92.63,92.4,77.0,92.4,0.092,4130,3.6,8.3
727,Eric Snow,Eric,1610612755,PHI,28.0,50,34,16,0.68,1743.375,182,435,0.418,5,19,0.263,122,154,0.792,27,139,166,369,124,77,7,31,123,0,491,212,1371.7,5,0,1199.0,1,2000-01,34.9,99.7,100.3,100.3,94.4,94.4,94.4,5.2,5.9,5.9,0.337,2.98,37.1,0.015,0.08,0.048,12.5,12.5,0.424,0.488,0.158,0.16,93.52,93.21,77.68,93.21,0.111,3392,3.6,8.7
677,Eric Williams,Eric,1610612738,BOS,28.0,81,36,45,0.444,1742.5383333333334,162,448,0.362,46,139,0.331,165,231,0.714,64,143,207,112,76,64,13,33,179,1,535,-28,1106.4,0,0,1054.0,1,2000-01,21.5,98.7,97.7,97.7,98.1,97.9,97.9,0.6,-0.2,-0.2,0.109,1.47,15.1,0.036,0.088,0.061,10.2,10.3,0.413,0.487,0.158,0.161,96.15,96.69,80.57,96.69,0.056,3499,2.0,5.5
2057,Erick Barkley,Erick,1610612757,POR,23.0,8,7,1,0.875,37.35666666666667,8,22,0.364,3,8,0.375,0,0,0.0,0,3,3,6,5,2,0,2,2,0,19,-10,32.6,0,0,35.0,1,2000-01,4.7,93.9,90.5,90.5,104.4,98.9,98.9,-10.5,-8.4,-8.4,0.25,1.2,18.2,0.0,0.077,0.039,15.2,15.2,0.432,0.432,0.287,0.304,104.93,109.86,91.55,109.86,0.066,84,1.0,2.8
956,Erick Dampier,Erick,1610612744,GSW,25.0,43,7,36,0.163,1041.7233333333334,126,314,0.401,0,2,0.0,67,126,0.532,97,153,250,59,82,17,58,45,123,1,319,-280,850.5,4,0,778.0,1,2000-01,24.2,91.9,92.4,92.4,106.1,105.8,105.8,-14.1,-13.5,-13.5,0.096,0.72,11.4,0.081,0.159,0.116,15.9,16.1,0.401,0.432,0.182,0.183,96.32,96.19,80.16,96.19,0.053,2088,2.9,7.3
1065,Erick Strickland,Erick,1610612763,VAN,27.0,50,21,29,0.42,828.3833333333333,81,267,0.303,30,95,0.316,68,79,0.861,18,110,128,95,48,44,2,16,88,0,260,33,646.1,0,0,605.0,2,2000-01,16.6,97.9,95.8,95.8,94.2,93.8,93.8,3.7,1.9,1.9,0.203,1.98,21.3,0.023,0.135,0.079,10.8,10.8,0.36,0.431,0.192,0.199,91.54,92.77,77.31,92.77,0.084,1602,1.6,5.3
911,Ervin Johnson,Ervin,1610612749,MIL,33.0,82,52,30,0.634,1983.2783333333332,108,198,0.545,0,0,0.0,50,93,0.538,205,408,613,40,47,44,97,21,257,0,266,198,1437.6,2,0,1201.0,1,2000-01,24.2,106.6,105.7,105.7,99.8,100.2,100.2,6.9,5.5,5.5,0.028,0.85,12.2,0.109,0.209,0.16,14.3,14.4,0.545,0.557,0.066,0.067,92.37,92.62,77.19,92.62,0.073,3821,1.3,2.4
1564,Etdrick Bohannon,Etdrick,1610612739,CLE,28.0,6,1,5,0.167,17.901666666666667,2,4,0.5,0,0,0.0,4,4,1.0,3,4,7,0,1,0,2,1,4,0,8,6,21.4,0,0,19.0,1,2000-01,3.0,123.0,113.5,113.5,102.0,100.0,100.0,20.9,13.5,13.5,0.0,0.0,0.0,0.0,0.0,0.0,14.3,14.8,0.5,0.694,0.156,0.164,93.1,97.87,81.56,97.87,0.15,37,0.3,0.7
1915,Evan Eschmeyer,Evan,1610612751,NJN,26.0,74,23,51,0.311,1335.345,92,200,0.46,0,0,0.0,67,102,0.657,135,231,366,40,53,41,58,35,220,0,251,45,994.2,0,0,855.0,1,2000-01,18.0,99.4,100.7,100.7,98.0,98.1,98.1,1.4,2.6,2.6,0.044,0.75,11.8,0.101,0.172,0.137,15.7,15.7,0.46,0.512,0.1,0.101,94.81,94.18,78.48,94.18,0.059,2609,1.2,2.7
1732,Felipe Lopez,Felipe,1610612750,MIN,26.0,70,23,47,0.329,1565.87,211,478,0.441,19,52,0.365,109,156,0.699,55,179,234,107,83,62,30,60,156,1,550,-182,1184.3,2,0,1094.0,2,2000-01,22.4,97.0,96.7,96.7,101.7,102.2,102.2,-4.7,-5.6,-5.6,0.114,1.29,14.5,0.035,0.116,0.075,11.2,11.3,0.461,0.503,0.177,0.18,95.47,95.41,79.51,95.41,0.081,3108,3.0,6.8
280,Felton Spencer,Felton,1610612752,NYK,33.0,18,8,10,0.444,112.28333333333332,12,20,0.6,0,0,0.0,15,25,0.6,16,19,35,2,11,2,2,1,24,0,39,12,85.0,0,0,84.0,1,2000-01,6.2,100.9,98.6,98.6,93.6,92.9,92.9,7.3,5.7,5.7,0.031,0.18,4.4,0.132,0.183,0.156,24.4,25.0,0.6,0.629,0.171,0.174,88.37,89.77,74.81,89.77,0.063,210,0.7,1.1
697,Fred Hoiberg,Fred,1610612741,CHI,28.0,74,14,60,0.189,2245.1266666666666,217,494,0.439,103,249,0.414,136,157,0.866,21,287,308,263,74,98,12,17,155,0,673,-363,1693.1,3,0,1567.0,1,2000-01,30.3,95.6,96.9,96.9,105.7,105.6,105.6,-10.2,-8.7,-8.7,0.2,3.55,29.5,0.009,0.141,0.072,8.3,8.2,0.544,0.598,0.129,0.132,91.76,91.17,75.98,91.17,0.116,4268,2.9,6.7
2123,Garth Joseph,Garth,1610612743,DEN,27.0,4,3,1,0.75,15.7,1,5,0.2,0,0,0.0,0,2,0.0,2,0,2,1,2,0,1,2,1,0,2,-10,6.9,0,0,7.0,2,2000-01,3.9,105.4,96.9,96.9,140.4,128.1,128.1,-35.0,-31.3,-31.3,0.1,0.5,11.1,0.0,0.0,0.0,22.2,22.5,0.2,0.17,0.195,0.211,89.58,97.83,81.53,97.83,-0.067,32,0.3,1.3
202,Gary Grant,Gary,1610612757,POR,36.0,4,4,0,1.0,17.15,5,7,0.714,0,0,0.0,0,0,0.0,0,0,0,1,0,0,0,0,1,0,10,4,11.5,0,0,11.0,1,2000-01,4.3,104.2,91.9,91.9,89.3,88.2,88.2,14.9,3.7,3.7,0.1,0.0,12.5,0.0,0.0,0.0,0.0,0.0,0.714,0.714,0.179,0.202,92.7,99.36,82.8,99.36,0.147,37,1.3,1.8
56,Gary Payton,Gary,1610612760,SEA,32.0,79,43,36,0.544,3244.13,725,1591,0.456,102,272,0.375,271,354,0.766,73,288,361,642,209,127,26,68,184,0,1823,-14,3469.2,27,2,3234.0,1,2000-01,41.1,102.4,103.8,103.8,103.0,104.2,104.2,-0.6,-0.4,-0.4,0.364,3.07,24.9,0.023,0.089,0.056,8.1,8.0,0.488,0.522,0.265,0.27,94.5,93.32,77.77,93.32,0.148,6311,9.2,20.1
718,Gary Trent,Gary,1610612742,DAL,26.0,33,21,12,0.636,322.0183333333333,57,130,0.438,0,1,0.0,19,36,0.528,39,53,92,10,22,13,8,21,52,0,133,-76,299.4,0,0,277.0,1,2000-01,9.8,95.5,94.0,94.0,105.4,104.0,104.0,-9.9,-10.0,-10.0,0.056,0.45,5.6,0.12,0.165,0.142,12.4,12.4,0.438,0.456,0.23,0.236,94.35,95.7,79.75,95.7,0.067,636,1.7,3.9
248,George Lynch,George,1610612755,PHI,30.0,82,56,26,0.683,2648.5033333333336,274,616,0.445,15,57,0.263,123,171,0.719,200,390,590,139,109,99,30,73,222,0,686,172,1880.5,7,0,1688.0,1,2000-01,32.3,99.7,99.6,99.6,95.6,95.6,95.6,4.1,4.1,4.1,0.084,1.28,14.8,0.078,0.146,0.113,11.6,11.6,0.457,0.496,0.135,0.138,93.06,93.1,77.58,93.1,0.089,5118,3.3,7.5
45,George McCloud,George,1610612743,DEN,34.0,76,37,39,0.487,2002.7966666666664,250,655,0.382,77,234,0.329,152,181,0.84,55,169,224,279,117,53,27,44,165,0,729,-210,1539.3,0,0,1469.0,1,2000-01,26.4,101.8,101.5,101.5,106.8,107.0,107.0,-5.0,-5.5,-5.5,0.223,2.38,24.8,0.027,0.084,0.055,10.4,10.3,0.44,0.496,0.185,0.19,95.18,95.22,79.35,95.22,0.082,3977,3.3,8.6
1562,Gerard King,Gerard,1610612764,WAS,28.0,45,8,37,0.178,704.7283333333334,90,176,0.511,0,0,0.0,36,45,0.8,39,90,129,31,47,14,11,11,94,0,216,-119,445.3,1,0,426.0,1,2000-01,15.7,93.6,92.8,92.8,102.6,101.6,101.6,-9.1,-8.8,-8.8,0.08,0.66,11.3,0.054,0.142,0.095,17.1,17.2,0.511,0.552,0.149,0.153,94.53,95.42,79.52,95.42,0.071,1403,2.0,3.9
779,Glen Rice,Glen,1610612752,NYK,34.0,75,43,32,0.573,2211.681666666667,331,752,0.44,82,211,0.389,155,182,0.852,61,246,307,89,96,41,13,36,179,0,899,229,1466.9,3,0,1485.0,1,2000-01,29.5,100.0,100.8,100.8,95.5,95.2,95.2,4.5,5.6,5.6,0.074,0.93,8.8,0.031,0.118,0.076,9.5,9.4,0.495,0.54,0.202,0.206,88.13,87.94,73.28,87.94,0.101,4054,4.4,10.0
299,Glenn Robinson,Glenn,1610612749,MIL,28.0,76,50,26,0.658,2811.555,684,1460,0.468,55,184,0.299,251,306,0.82,124,402,526,252,219,86,62,72,191,0,1674,214,2908.2,15,0,2803.0,1,2000-01,37.0,107.4,107.4,107.4,102.8,103.4,103.4,4.6,4.0,4.0,0.157,1.15,12.2,0.045,0.139,0.094,10.6,10.6,0.487,0.525,0.284,0.288,96.19,95.9,79.91,95.9,0.13,5613,9.0,19.2
255,Grant Hill,Grant,1610612753,ORL,28.0,4,1,3,0.25,132.20666666666668,19,43,0.442,1,1,1.0,16,26,0.615,8,17,25,25,11,5,2,4,9,0,55,-29,132.5,0,0,120.0,1,2000-01,33.1,90.5,91.7,91.7,96.2,100.7,100.7,-5.7,-9.1,-9.1,0.329,2.27,27.5,0.056,0.126,0.09,12.1,12.2,0.453,0.505,0.217,0.216,99.65,96.76,80.63,96.76,0.147,264,4.8,10.8
3,Grant Long,Grant,1610612763,VAN,35.0,66,19,47,0.288,1511.2416666666666,140,319,0.439,4,15,0.267,112,157,0.713,76,198,274,83,62,72,15,12,160,1,396,-220,1048.3,1,0,931.0,1,2000-01,22.9,95.0,95.5,95.5,102.9,102.5,102.5,-7.8,-7.0,-7.0,0.092,1.34,15.4,0.051,0.132,0.092,11.5,11.6,0.445,0.51,0.137,0.137,92.87,92.84,77.37,92.84,0.077,2915,2.1,4.8
21,Greg Anthony,Greg,1610612757,POR,33.0,58,37,21,0.638,861.0266666666666,97,253,0.383,65,159,0.409,25,37,0.676,21,40,61,82,43,40,3,4,63,0,284,-6,566.2,0,0,578.0,1,2000-01,14.8,101.1,100.8,100.8,101.1,101.2,101.2,0.0,-0.4,-0.4,0.162,1.91,20.9,0.027,0.05,0.039,10.9,10.9,0.512,0.527,0.166,0.171,90.87,90.98,75.82,90.98,0.074,1632,1.7,4.4
1761,Greg Buckner,Greg,1610612742,DAL,24.0,37,25,12,0.676,820.3733333333333,84,192,0.438,2,7,0.286,59,81,0.728,60,97,157,49,27,33,9,26,118,1,229,81,589.9,0,0,521.0,1,2000-01,22.2,105.8,106.0,106.0,100.4,98.6,98.6,5.4,7.4,7.4,0.089,1.81,16.2,0.078,0.12,0.099,8.9,8.9,0.443,0.503,0.141,0.145,92.56,93.32,77.77,93.32,0.067,1577,2.3,5.2
323,Greg Foster,Greg,1610612747,LAL,32.0,62,41,21,0.661,453.4966666666666,56,133,0.421,3,9,0.333,10,14,0.714,29,83,112,32,25,9,12,3,76,2,125,-117,345.4,0,0,314.0,1,2000-01,7.3,93.3,90.4,90.4,104.6,104.7,104.7,-11.3,-14.4,-14.4,0.125,1.28,16.2,0.062,0.189,0.123,12.7,12.7,0.432,0.449,0.164,0.171,90.58,91.98,76.65,91.98,0.067,873,0.9,2.1
731,Greg Ostertag,Greg,1610612762,UTA,28.0,81,52,29,0.642,1488.3133333333333,139,281,0.495,1,2,0.5,84,151,0.556,164,251,415,22,63,22,142,45,215,1,363,44,1323.0,2,0,1129.0,1,2000-01,18.4,98.7,100.0,100.0,97.8,97.8,97.8,0.9,2.3,2.3,0.025,0.35,5.0,0.119,0.176,0.148,14.4,14.6,0.496,0.522,0.128,0.128,90.67,90.05,75.04,90.05,0.081,2782,1.7,3.5
165,Hakeem Olajuwon,Hakeem,1610612745,HOU,38.0,58,32,26,0.552,1543.205,283,568,0.498,0,1,0.0,123,198,0.621,124,307,431,72,81,70,88,26,141,0,689,60,1707.2,13,0,1508.0,1,2000-01,26.6,101.3,102.9,102.9,100.3,100.9,100.9,1.1,2.0,2.0,0.082,0.89,8.9,0.083,0.204,0.144,10.0,10.0,0.498,0.526,0.215,0.216,93.68,92.69,77.24,92.69,0.135,2980,4.9,9.8
2069,Hanno Mottola,Hanno,1610612737,ATL,24.0,73,22,51,0.301,988.685,123,277,0.444,0,3,0.0,73,90,0.811,49,125,174,25,67,11,9,33,163,0,319,-239,558.3,0,0,558.0,1,2000-01,13.5,91.0,89.5,89.5,103.8,101.1,101.1,-12.8,-11.6,-11.6,0.044,0.37,6.1,0.049,0.128,0.088,16.3,16.4,0.444,0.504,0.171,0.175,95.54,97.58,81.32,97.58,0.038,2007,1.7,3.8
2045,Hedo Turkoglu,Hedo,1610612758,SAC,22.0,74,48,26,0.649,1248.8116666666667,138,335,0.412,28,86,0.326,87,112,0.777,49,161,210,69,55,52,24,21,139,0,391,138,919.5,1,0,850.0,1,2000-01,16.9,101.9,101.4,101.4,96.2,96.0,96.0,5.7,5.4,5.4,0.088,1.25,13.5,0.039,0.117,0.08,10.8,10.8,0.454,0.509,0.153,0.156,95.39,95.73,79.77,95.73,0.076,2492,1.9,4.5
765,Hersey Hawkins,Hersey,1610612766,CHH,34.0,59,34,25,0.576,679.0933333333334,56,137,0.409,17,46,0.37,54,63,0.857,17,63,80,72,19,33,9,11,45,0,183,-18,494.0,0,0,436.0,1,2000-01,11.5,95.7,92.2,92.2,96.0,95.0,95.0,-0.3,-2.9,-2.9,0.194,3.79,28.5,0.026,0.094,0.06,7.5,7.4,0.471,0.555,0.119,0.128,90.99,93.19,77.66,93.19,0.115,1329,0.9,2.3
270,Horace Grant,Horace,1610612747,LAL,35.0,77,54,23,0.701,2389.0133333333333,263,569,0.462,0,3,0.0,131,169,0.775,220,325,545,121,48,51,61,28,181,2,657,311,1780.5,13,0,1547.0,1,2000-01,31.0,107.8,108.7,108.7,100.7,101.9,101.9,7.1,6.7,6.7,0.073,2.52,14.8,0.094,0.132,0.113,5.9,5.9,0.462,0.511,0.129,0.13,93.93,93.0,77.5,93.0,0.093,4628,3.4,7.4
458,Howard Eisley,Howard,1610612742,DAL,28.0,82,53,29,0.646,2429.29,265,675,0.393,107,269,0.398,104,126,0.825,23,174,197,295,102,99,12,23,218,0,741,167,1650.9,1,0,1562.0,1,2000-01,29.6,104.4,104.2,104.2,101.1,101.0,101.0,3.4,3.2,3.2,0.183,2.89,26.2,0.01,0.071,0.041,9.1,9.0,0.472,0.507,0.152,0.155,95.41,95.53,79.61,95.53,0.073,4840,3.2,8.2
93,Hubert Davis,Hubert,1610612764,WAS,31.0,66,36,30,0.545,1693.6266666666668,196,433,0.453,78,171,0.456,54,62,0.871,28,111,139,110,81,35,1,20,121,0,524,7,882.8,0,0,923.0,2,2000-01,25.7,102.4,101.5,101.5,102.5,101.8,101.8,-0.1,-0.3,-0.3,0.104,1.36,16.9,0.017,0.065,0.041,12.5,12.4,0.543,0.569,0.14,0.144,94.85,95.62,79.69,95.62,0.065,3383,3.0,6.6
1134,Ike Austin,Ike,1610612763,VAN,31.0,52,15,37,0.288,846.2716666666666,96,270,0.356,6,24,0.25,28,40,0.7,50,172,222,58,54,20,23,12,94,0,226,-97,654.4,2,0,598.0,1,2000-01,16.3,95.3,95.0,95.0,100.7,100.8,100.8,-5.4,-5.7,-5.7,0.114,1.07,14.5,0.06,0.216,0.136,13.5,13.5,0.367,0.393,0.182,0.185,93.69,93.76,78.13,93.76,0.067,1652,1.8,5.2
1085,Ira Bowman,Ira,1610612737,ATL,28.0,3,2,1,0.667,19.261666666666667,0,2,0.0,0,0,0.0,0,0,0.0,1,1,2,7,1,0,0,1,0,0,0,-7,11.9,0,0,9.0,1,2000-01,6.4,105.3,100.0,100.0,120.6,110.8,110.8,-15.3,-10.8,-10.8,0.636,7.0,70.0,0.063,0.067,0.065,10.0,10.0,0.0,0.0,0.077,0.085,82.58,88.47,73.72,88.47,0.088,34,0.0,0.7
1956,Ira Newble,Ira,1610612759,SAS,26.0,27,18,9,0.667,182.055,21,55,0.382,4,9,0.444,8,16,0.5,13,22,35,6,7,2,4,7,18,0,54,-65,116.0,0,0,111.0,1,2000-01,6.7,92.5,89.0,89.0,107.4,105.4,105.4,-14.9,-16.5,-16.5,0.063,0.86,7.9,0.066,0.124,0.093,9.2,9.3,0.418,0.435,0.164,0.171,93.4,96.1,80.09,96.1,0.046,362,0.8,2.0
375,Isaiah Rider,Isaiah,1610612747,LAL,30.0,67,46,21,0.687,1205.71,201,472,0.426,34,92,0.37,71,83,0.855,44,112,156,111,98,27,7,23,105,0,507,-24,864.7,0,0,876.0,1,2000-01,18.0,104.1,104.0,104.0,104.0,105.2,105.2,0.0,-1.2,-1.2,0.155,1.13,15.5,0.036,0.093,0.064,13.6,13.7,0.462,0.499,0.221,0.226,93.74,93.26,77.71,93.26,0.081,2345,3.0,7.0
462,J.R. Reid,J.R.,1610612739,CLE,33.0,6,2,4,0.333,39.91333333333333,2,5,0.4,0,0,0.0,6,8,0.75,5,3,8,1,1,2,1,0,4,0,10,-17,29.1,0,0,25.0,1,2000-01,6.7,95.5,88.2,88.2,117.8,109.5,109.5,-22.4,-21.3,-21.3,0.042,1.0,9.1,0.0,0.073,0.0,9.1,9.5,0.4,0.587,0.106,0.109,94.19,101.62,84.68,101.62,0.069,85,0.3,0.8
2074,Jabari Smith,Jabari,1610612758,SAC,24.0,9,5,4,0.556,65.79,11,22,0.5,0,0,0.0,4,6,0.667,1,7,8,6,3,4,0,0,7,0,26,-3,53.6,0,0,48.0,1,2000-01,7.3,112.9,108.5,108.5,110.4,110.0,110.0,2.6,-1.5,-1.5,0.15,2.0,17.6,0.017,0.095,0.06,8.8,8.9,0.5,0.528,0.193,0.2,92.48,94.48,78.74,94.48,0.084,129,1.2,2.4
1521,Jacque Vaughn,Jacque,1610612762,UTA,26.0,82,53,29,0.646,1626.2183333333332,170,393,0.433,30,78,0.385,128,164,0.78,18,132,150,323,129,48,3,21,145,0,498,-146,1186.5,1,0,1103.0,1,2000-01,19.8,96.9,97.1,97.1,103.3,101.5,101.5,-6.4,-4.3,-4.3,0.343,2.5,35.7,0.012,0.088,0.049,14.3,14.1,0.471,0.535,0.163,0.171,90.33,91.03,75.86,91.03,0.105,3078,2.1,4.8
1751,Jahidi White,Jahidi,1610612764,WAS,25.0,68,17,51,0.25,1605.9066666666668,203,408,0.498,0,1,0.0,177,312,0.567,178,343,521,20,136,32,111,64,211,1,583,-256,1531.2,10,0,1410.0,1,2000-01,23.6,98.3,98.9,98.9,105.7,106.4,106.4,-7.4,-7.5,-7.5,0.021,0.15,2.8,0.117,0.225,0.171,19.4,19.4,0.498,0.535,0.189,0.192,94.12,93.52,77.94,93.52,0.086,3119,3.0,6.0
2054,Jake Tsakalidis,Jake,1610612756,PHX,22.0,57,36,21,0.632,946.625,101,215,0.47,0,0,0.0,54,91,0.593,83,159,242,19,66,10,55,26,137,0,256,-55,703.9,0,0,647.0,1,2000-01,16.6,92.7,92.9,92.9,95.8,95.2,95.2,-3.1,-2.3,-2.3,0.033,0.29,5.5,0.088,0.169,0.129,19.2,19.4,0.47,0.502,0.154,0.155,93.65,93.91,78.26,93.91,0.054,1845,1.8,3.8
2063,Jake Voskuhl,Jake,1610612741,CHI,23.0,16,1,15,0.063,143.96166666666667,11,25,0.44,0,0,0.0,8,14,0.571,12,22,34,5,12,5,6,4,38,0,30,-63,99.3,0,0,91.0,1,2000-01,9.0,81.9,82.9,82.9,107.0,103.9,103.9,-25.1,-21.0,-21.0,0.068,0.42,10.4,0.085,0.179,0.128,25.0,24.9,0.44,0.481,0.138,0.141,91.74,92.52,77.1,92.52,0.003,275,0.7,1.6
147,Jalen Rose,Jalen,1610612754,IND,28.0,72,36,36,0.5,2947.5466666666666,567,1242,0.457,59,174,0.339,285,344,0.828,37,322,359,435,211,65,43,53,230,1,1478,-40,2674.3,9,0,2547.0,1,2000-01,40.9,99.6,100.3,100.3,99.9,100.7,100.7,-0.3,-0.4,-0.4,0.288,2.06,21.3,0.013,0.106,0.061,10.3,10.3,0.48,0.53,0.254,0.256,91.72,91.0,75.83,91.0,0.133,5579,7.9,17.3
2048,Jamaal Magloire,Jamaal,1610612766,CHH,23.0,74,42,32,0.568,1097.425,122,271,0.45,0,2,0.0,95,145,0.655,103,192,295,27,61,18,78,26,139,0,339,52,960.5,0,0,853.0,1,2000-01,14.8,98.2,96.8,96.8,95.0,94.0,94.0,3.3,2.8,2.8,0.042,0.44,6.4,0.093,0.168,0.131,14.4,14.4,0.45,0.506,0.159,0.164,93.41,94.59,78.82,94.59,0.084,2158,1.6,3.7
2037,Jamal Crawford,Jamal,1610612741,CHI,21.0,61,8,53,0.131,1046.621666666667,107,304,0.352,41,117,0.35,27,34,0.794,9,80,89,141,85,43,14,12,68,0,282,-260,686.3,0,0,667.0,1,2000-01,17.2,91.0,91.1,91.1,105.1,103.5,103.5,-14.1,-12.4,-12.4,0.235,1.66,25.9,0.009,0.082,0.044,15.6,15.6,0.419,0.442,0.174,0.178,92.58,93.19,77.66,93.19,0.064,2028,1.8,5.0
469,Jamal Mashburn,Jamal,1610612766,CHH,28.0,76,42,34,0.553,2992.005,573,1388,0.413,103,289,0.356,279,364,0.766,92,484,576,411,211,85,13,80,185,0,1528,160,2918.7,21,1,2814.0,1,2000-01,39.4,99.7,99.6,99.6,96.1,97.0,97.0,3.6,2.6,2.6,0.262,1.95,18.9,0.03,0.163,0.096,9.7,9.7,0.45,0.493,0.264,0.268,92.91,92.54,77.12,92.54,0.138,5773,7.5,18.3
1554,Jamal Robinson,Jamal,1610612748,MIA,27.0,6,2,4,0.333,71.66166666666666,3,22,0.136,0,2,0.0,0,0,0.0,3,8,11,2,3,6,0,2,7,0,6,-12,37.2,0,0,31.0,1,2000-01,11.9,82.2,79.4,79.4,86.9,86.3,86.3,-4.8,-6.9,-6.9,0.051,0.67,7.4,0.037,0.0,0.0,11.1,11.1,0.136,0.136,0.155,0.161,90.25,92.1,76.75,92.1,-0.041,136,0.5,3.7
1975,Jamel Thomas,Jamel,1610612751,NJN,24.0,5,0,5,0.0,56.4,6,19,0.316,1,3,0.333,0,0,0.0,4,5,9,0,6,3,0,1,6,0,13,-12,26.8,0,0,29.0,1,2000-01,11.3,82.4,81.6,81.6,97.7,92.9,92.9,-15.3,-11.3,-11.3,0.0,0.0,0.0,0.063,0.102,0.08,24.0,24.0,0.342,0.342,0.188,0.194,93.8,96.6,80.5,96.6,-0.016,114,1.2,3.8
1899,James Posey,James,1610612743,DEN,24.0,82,40,42,0.488,2256.585,243,590,0.412,65,217,0.3,115,141,0.816,125,306,431,163,102,93,40,44,226,0,666,26,1724.7,8,0,1591.0,1,2000-01,27.5,101.3,101.9,101.9,100.1,101.1,101.1,1.3,0.8,0.8,0.11,1.6,17.9,0.052,0.129,0.091,11.2,11.1,0.467,0.511,0.146,0.149,95.64,94.86,79.05,94.86,0.079,4455,3.0,7.2
381,James Robinson,James,1610612753,ORL,30.0,6,3,3,0.5,49.72833333333333,4,11,0.364,2,5,0.4,0,0,0.0,0,8,8,0,4,4,1,1,5,0,10,-5,30.6,0,0,30.0,1,2000-01,8.3,100.1,95.1,95.1,99.8,98.1,98.1,0.3,-2.9,-2.9,0.0,0.0,0.0,0.0,0.17,0.082,26.7,26.7,0.455,0.455,0.13,0.137,97.05,100.39,83.65,100.39,0.044,103,0.7,1.8
994,Jamie Feick,Jamie,1610612751,NJN,26.0,6,3,3,0.5,149.02666666666667,8,23,0.348,0,0,0.0,6,12,0.5,12,44,56,5,7,8,3,2,15,0,22,-8,122.7,0,0,105.0,1,2000-01,24.8,103.0,103.1,103.1,107.3,103.0,103.0,-4.3,0.1,0.1,0.053,0.71,12.2,0.08,0.282,0.183,17.1,17.4,0.348,0.389,0.105,0.105,94.05,95.98,79.99,95.98,0.097,294,1.3,3.8
1114,Jaren Jackson,Jaren,1610612759,SAS,33.0,16,14,2,0.875,114.66833333333334,16,40,0.4,7,18,0.389,0,2,0.0,1,11,12,7,3,5,0,1,13,0,39,-18,75.9,0,0,75.0,1,2000-01,7.2,106.8,102.6,102.6,111.8,110.0,110.0,-5.0,-7.4,-7.4,0.095,2.33,13.7,0.01,0.091,0.053,5.9,5.9,0.488,0.477,0.172,0.181,93.42,96.07,80.06,96.07,0.049,229,1.0,2.5
679,Jason Caffey,Jason,1610612749,MIL,28.0,70,46,24,0.657,1457.8766666666668,179,367,0.488,0,0,0.0,142,211,0.673,135,218,353,53,77,38,25,40,184,0,500,-81,1115.1,3,0,1032.0,1,2000-01,20.8,102.7,102.2,102.2,103.8,104.3,104.3,-1.0,-2.2,-2.2,0.057,0.69,8.9,0.096,0.151,0.124,13.0,13.1,0.488,0.544,0.166,0.168,94.67,94.66,78.88,94.66,0.076,2866,2.6,5.2
2044,Jason Collier,Jason,1610612745,HOU,23.0,23,12,11,0.522,218.92333333333332,27,71,0.38,0,1,0.0,17,24,0.708,12,25,37,6,11,2,3,12,27,0,71,-63,128.4,0,0,124.0,1,2000-01,9.5,92.5,90.6,90.6,105.0,103.9,103.9,-12.5,-13.3,-13.3,0.05,0.55,6.0,0.053,0.135,0.09,11.0,11.2,0.38,0.435,0.191,0.194,92.84,94.28,78.57,94.28,0.034,427,1.2,3.1
2078,Jason Hart,Jason,1610612749,MIL,23.0,1,0,1,0.0,9.916666666666666,1,1,1.0,0,0,0.0,0,0,0.0,0,0,0,1,2,0,0,0,0,0,2,-3,1.5,0,0,3.0,1,2000-01,9.9,74.6,70.0,70.0,81.9,81.0,81.0,-7.3,-11.0,-11.0,0.25,0.5,25.0,0.0,0.0,0.0,50.0,50.0,1.0,1.0,0.12,0.126,95.65,99.23,82.69,99.23,0.045,20,1.0,1.0
467,Jason Kidd,Jason,1610612756,PHX,28.0,77,50,27,0.649,3067.173333333333,451,1097,0.411,69,232,0.297,328,403,0.814,91,403,494,753,286,166,23,47,171,0,1299,138,3302.3,33,7,2993.0,1,2000-01,39.8,97.2,98.4,98.4,95.2,96.3,96.3,2.0,2.2,2.2,0.419,2.63,32.7,0.029,0.134,0.08,12.4,12.4,0.443,0.51,0.222,0.227,95.72,94.55,78.8,94.55,0.162,6045,5.9,14.2
1891,Jason Terry,Jason,1610612737,ATL,23.0,82,25,57,0.305,3090.56,596,1367,0.436,124,314,0.395,303,358,0.846,42,227,269,403,239,104,12,87,204,0,1619,-302,2655.3,3,0,2647.0,1,2000-01,37.7,96.2,97.1,97.1,102.1,102.3,102.3,-5.8,-5.2,-5.2,0.236,1.69,18.7,0.013,0.073,0.043,11.1,11.0,0.481,0.531,0.248,0.252,95.5,94.96,79.13,94.96,0.115,6122,7.3,16.7
1715,Jason Williams,Jason,1610612758,SAC,25.0,77,52,25,0.675,2289.596666666667,281,690,0.407,98,311,0.315,60,76,0.789,19,166,185,416,160,94,9,18,114,0,720,250,1715.0,2,0,1625.0,1,2000-01,29.7,104.8,105.2,105.2,99.4,100.5,100.5,5.4,4.6,4.6,0.256,2.6,32.0,0.008,0.068,0.039,12.3,12.3,0.478,0.498,0.165,0.167,99.85,99.08,82.56,99.08,0.083,4741,3.6,9.0
1902,Jeff Foster,Jeff,1610612754,IND,24.0,71,34,37,0.479,1156.74,100,213,0.469,2,7,0.286,47,91,0.516,144,245,389,33,52,39,28,10,152,3,249,33,914.3,3,0,807.0,1,2000-01,16.3,98.4,97.0,97.0,94.3,94.3,94.3,4.1,2.7,2.7,0.047,0.63,9.7,0.127,0.205,0.167,15.3,15.4,0.474,0.492,0.119,0.122,92.41,93.1,77.58,93.1,0.092,2229,1.4,3.0
976,Jeff McInnis,Jeff,1610612746,LAC,26.0,81,31,50,0.383,2828.945,432,933,0.463,52,144,0.361,130,161,0.807,41,179,220,447,113,75,7,30,199,0,1046,-266,2113.5,7,1,1929.0,1,2000-01,34.9,98.4,99.7,99.7,103.9,104.8,104.8,-5.5,-5.1,-5.1,0.27,3.96,28.7,0.015,0.063,0.039,7.2,7.2,0.491,0.521,0.179,0.183,91.9,90.89,75.75,90.89,0.106,5361,5.3,11.5
1741,Jelani McCoy,Jelani,1610612760,SEA,23.0,70,38,32,0.543,1139.9883333333332,138,264,0.523,0,0,0.0,41,93,0.441,92,159,251,57,75,18,49,36,141,1,317,-104,829.7,0,0,759.0,1,2000-01,16.3,96.3,96.2,96.2,100.5,101.0,101.0,-4.2,-4.8,-4.8,0.082,0.76,13.1,0.083,0.139,0.111,17.3,17.2,0.523,0.52,0.151,0.155,92.67,92.42,77.02,92.42,0.063,2196,2.0,3.8
979,Jermaine O'Neal,Jermaine,1610612754,IND,22.0,81,40,41,0.494,2637.665,404,868,0.465,0,5,0.0,233,388,0.601,249,545,794,98,161,49,228,88,280,0,1041,29,2810.8,40,0,2487.0,1,2000-01,32.6,99.0,99.7,99.7,98.3,98.9,98.9,0.7,0.8,0.8,0.066,0.61,7.5,0.099,0.198,0.15,12.4,12.4,0.465,0.501,0.212,0.214,90.77,90.21,75.17,90.21,0.119,4951,5.0,10.7
760,Jerome Kersey,Jerome,1610612749,MIL,39.0,22,14,8,0.636,245.2633333333333,32,69,0.464,0,1,0.0,8,16,0.5,8,37,45,15,6,14,8,1,36,0,72,4,208.5,0,0,176.0,1,2000-01,11.1,98.3,97.3,97.3,96.9,95.9,95.9,1.4,1.4,1.4,0.098,2.5,15.3,0.032,0.167,0.095,6.1,6.2,0.464,0.473,0.148,0.15,94.84,95.8,79.83,95.8,0.084,488,1.5,3.1
2040,Jerome Moiso,Jerome,1610612738,BOS,23.0,24,12,12,0.5,136.455,12,30,0.4,0,1,0.0,11,26,0.423,12,30,42,3,18,3,4,3,29,0,35,-11,92.9,0,0,94.0,1,2000-01,5.7,86.4,82.0,82.0,89.3,84.9,84.9,-2.9,-2.9,-2.9,0.043,0.17,4.7,0.08,0.216,0.145,28.1,28.8,0.4,0.422,0.183,0.189,99.1,104.3,86.92,104.3,-0.004,295,0.5,1.3
966,Jerome Williams,Jerome,1610612761,TOR,28.0,59,30,29,0.508,1181.8083333333334,136,294,0.463,0,3,0.0,100,135,0.741,133,249,382,45,63,57,20,33,124,0,372,-12,1065.9,5,0,953.0,2,2000-01,20.0,98.7,97.9,97.9,98.5,99.0,99.0,0.1,-1.1,-1.1,0.062,0.71,9.7,0.105,0.208,0.155,13.6,13.7,0.463,0.526,0.149,0.153,95.76,95.91,79.93,95.91,0.124,2369,2.3,5.0
711,Jerry Stackhouse,Jerry,1610612765,DET,26.0,80,31,49,0.388,3211.048333333333,774,1927,0.402,166,473,0.351,666,810,0.822,99,216,315,410,326,97,54,103,160,0,2380,-60,3500.0,5,1,3573.0,1,2000-01,40.1,98.3,99.4,99.4,99.5,100.4,100.4,-1.2,-1.0,-1.0,0.258,1.26,13.6,0.028,0.063,0.046,10.8,10.8,0.445,0.521,0.343,0.348,97.87,96.9,80.75,96.9,0.145,6486,9.7,24.1
754,Jim Jackson,Jim,1610612739,CLE,30.0,56,13,43,0.232,1690.2183333333332,239,632,0.378,26,80,0.325,139,169,0.822,53,171,224,163,130,53,10,40,139,1,643,-269,1215.3,1,0,1182.0,2,2000-01,30.2,93.1,94.5,94.5,102.1,102.3,102.3,-8.9,-7.8,-7.8,0.176,1.25,16.5,0.031,0.106,0.067,13.1,13.0,0.399,0.455,0.219,0.224,93.75,92.99,77.49,92.99,0.074,3267,4.3,11.3
29,Jim McIlvaine,Jim,1610612751,NJN,28.0,18,7,11,0.389,194.465,10,28,0.357,0,0,0.0,8,12,0.667,8,27,35,4,9,7,15,3,35,0,28,-43,133.0,0,0,111.0,1,2000-01,10.8,84.7,85.2,85.2,96.4,96.1,96.1,-11.7,-10.9,-10.9,0.038,0.44,8.5,0.04,0.158,0.094,19.1,19.4,0.357,0.421,0.098,0.099,94.99,94.91,79.09,94.91,0.025,384,0.6,1.6
693,Joe Smith,Joe,1610612765,DET,25.0,69,28,41,0.406,1941.3766666666668,308,765,0.403,0,5,0.0,231,287,0.805,160,331,491,79,88,47,50,47,258,2,847,1,1757.7,10,0,1611.0,1,2000-01,28.1,99.0,100.1,100.1,99.0,99.6,99.6,0.0,0.5,0.5,0.069,0.9,7.4,0.077,0.167,0.121,8.3,8.3,0.403,0.475,0.219,0.22,97.4,96.57,80.48,96.57,0.092,3896,4.5,11.1
2038,Joel Przybilla,Joel,1610612749,MIL,21.0,33,22,11,0.667,267.0566666666667,12,35,0.343,0,0,0.0,3,11,0.273,29,42,71,2,13,3,30,11,56,0,27,-45,201.2,0,0,166.0,1,2000-01,8.1,94.6,94.5,94.5,104.1,102.5,102.5,-9.5,-8.0,-8.0,0.011,0.15,3.6,0.101,0.148,0.125,23.6,23.7,0.343,0.339,0.088,0.09,93.79,94.63,78.86,94.63,0.004,525,0.4,1.1
680,John Amaechi,John,1610612753,ORL,30.0,82,43,39,0.524,1710.84,237,592,0.4,0,7,0.0,176,279,0.631,77,191,268,74,124,28,29,65,175,1,650,-200,1129.6,0,0,1106.0,1,2000-01,20.9,96.2,96.9,96.9,101.5,102.6,102.6,-5.2,-5.7,-5.7,0.074,0.6,8.1,0.043,0.112,0.077,13.5,13.6,0.4,0.455,0.217,0.219,95.72,94.84,79.04,94.84,0.047,3377,2.9,7.2
715,John Coker,John,1610612744,GSW,29.0,6,2,4,0.333,32.068333333333335,1,8,0.125,0,0,0.0,0,0,0.0,3,2,5,2,2,1,0,0,4,0,2,2,12.0,0,0,11.0,1,2000-01,5.3,104.4,101.5,101.5,104.6,104.8,104.8,-0.1,-3.3,-3.3,0.083,1.0,16.7,0.0,0.0,0.0,16.7,16.7,0.125,0.125,0.13,0.137,94.54,95.8,79.83,95.8,-0.042,66,0.2,1.3
180,John Crotty,John,1610612762,UTA,31.0,31,22,9,0.71,264.495,22,65,0.338,4,7,0.571,17,19,0.895,13,15,28,35,20,6,0,6,33,0,65,5,149.1,0,0,144.0,1,2000-01,8.5,100.7,99.6,99.6,99.9,97.1,97.1,0.7,2.5,2.5,0.211,1.75,27.1,0.05,0.061,0.056,15.5,15.6,0.369,0.443,0.155,0.159,91.28,93.1,77.58,93.1,0.042,509,0.7,2.1
317,John Starks,John,1610612762,UTA,35.0,75,49,26,0.653,2125.98,273,686,0.398,64,182,0.352,89,111,0.802,29,125,154,178,94,73,10,32,217,1,699,165,1305.8,0,0,1261.0,1,2000-01,28.3,106.1,107.3,107.3,102.3,102.3,102.3,3.9,5.0,5.0,0.13,1.89,17.6,0.015,0.065,0.04,9.3,9.3,0.445,0.476,0.179,0.18,92.48,91.99,76.66,91.99,0.051,4056,3.6,9.1
304,John Stockton,John,1610612762,UTA,39.0,82,53,29,0.646,2395.218333333333,328,651,0.504,61,132,0.462,227,278,0.817,54,173,227,713,203,132,21,36,194,0,944,562,2541.9,18,0,2251.0,1,2000-01,29.2,109.6,110.9,110.9,98.2,98.1,98.1,11.4,12.8,12.8,0.452,3.51,43.1,0.026,0.077,0.052,12.3,12.0,0.551,0.61,0.178,0.186,93.41,92.91,77.42,92.91,0.161,4621,4.0,7.9
961,John Wallace,John,1610612765,DET,27.0,40,13,27,0.325,527.2116666666667,100,236,0.424,2,15,0.133,35,45,0.778,25,58,83,23,36,13,16,13,72,0,237,-92,422.1,0,0,403.0,1,2000-01,13.2,94.0,92.6,92.6,102.7,101.6,101.6,-8.7,-8.9,-8.9,0.082,0.64,7.3,0.043,0.105,0.073,11.4,11.4,0.428,0.463,0.225,0.234,98.69,99.97,83.31,99.97,0.065,1101,2.5,5.9
271,Johnny Newman,Johnny,1610612751,NJN,37.0,82,26,56,0.317,2050.6183333333333,291,695,0.419,59,176,0.335,254,297,0.855,34,142,176,115,106,63,10,68,229,0,895,-321,1391.7,1,0,1391.0,1,2000-01,25.0,96.0,96.2,96.2,104.7,104.2,104.2,-8.6,-8.0,-8.0,0.105,1.08,11.0,0.017,0.072,0.044,10.2,10.1,0.461,0.542,0.203,0.208,93.73,93.84,78.2,93.84,0.077,4009,3.5,8.5
468,Jon Barry,Jon,1610612758,SAC,31.0,62,42,20,0.677,1009.325,103,255,0.404,46,132,0.348,64,73,0.877,16,78,94,130,53,28,6,4,66,0,316,80,672.8,0,0,654.0,1,2000-01,16.3,99.3,99.0,99.0,94.8,95.5,95.5,4.5,3.4,3.4,0.207,2.45,27.8,0.015,0.072,0.044,11.3,11.3,0.494,0.55,0.146,0.151,95.3,95.07,79.22,95.07,0.095,2005,1.7,4.1
1886,Jonathan Bender,Jonathan,1610612754,IND,20.0,59,27,32,0.458,572.18,66,186,0.355,11,41,0.268,50,68,0.735,14,60,74,32,42,7,28,13,73,0,193,-90,392.8,0,0,380.0,1,2000-01,9.7,87.1,86.0,86.0,95.4,93.9,93.9,-8.3,-7.9,-7.9,0.11,0.76,11.0,0.025,0.096,0.062,14.4,14.5,0.384,0.447,0.197,0.203,95.68,97.1,80.92,97.1,0.041,1158,1.1,3.2
146,Jud Buechler,Jud,1610612765,DET,33.0,57,23,34,0.404,736.25,75,163,0.46,32,77,0.416,9,12,0.75,20,74,94,39,25,21,10,6,83,0,191,-2,430.3,0,0,418.0,1,2000-01,12.9,96.7,94.1,94.1,96.7,93.9,93.9,0.0,0.2,0.2,0.083,1.56,16.8,0.026,0.096,0.061,10.8,10.8,0.558,0.568,0.11,0.114,97.13,99.94,83.29,99.94,0.068,1530,1.3,2.9
1908,Jumaine Jones,Jumaine,1610612755,PHI,22.0,65,43,22,0.662,862.5416666666666,122,275,0.444,20,60,0.333,40,53,0.755,63,126,189,32,39,30,15,18,68,0,304,-23,674.8,1,0,635.0,1,2000-01,13.3,97.9,96.7,96.7,98.5,97.5,97.5,-0.6,-0.7,-0.7,0.064,0.82,8.6,0.07,0.147,0.108,10.5,10.6,0.48,0.51,0.168,0.173,92.73,93.74,78.12,93.74,0.102,1679,1.9,4.2
436,Juwan Howard,Juwan,1610612742,DAL,28.0,81,32,49,0.395,2975.5666666666666,583,1218,0.479,0,3,0.0,296,383,0.773,171,401,572,224,242,75,37,94,292,3,1462,-93,2578.4,16,0,2482.0,2,2000-01,36.7,100.3,101.7,101.7,101.7,103.0,103.0,-1.4,-1.2,-1.2,0.135,0.93,12.1,0.059,0.138,0.099,13.0,13.1,0.479,0.527,0.244,0.246,96.06,94.74,78.95,94.74,0.107,5863,7.2,15.0
252,Karl Malone,Karl,1610612762,UTA,37.0,81,52,29,0.642,2890.695,670,1345,0.498,2,5,0.4,536,676,0.793,114,555,669,361,244,93,62,86,216,2,1878,380,3443.3,27,0,3220.0,1,2000-01,35.7,107.0,108.6,108.6,101.2,101.6,101.6,5.9,7.0,7.0,0.234,1.48,16.0,0.044,0.21,0.127,10.8,10.9,0.499,0.572,0.298,0.299,93.0,92.14,76.78,92.14,0.184,5545,8.3,16.6
1496,Keith Van Horn,Keith,1610612751,NJN,25.0,49,16,33,0.327,1731.09,308,708,0.435,65,170,0.382,150,186,0.806,78,269,347,82,103,40,20,65,150,0,831,-88,1447.4,8,0,1445.0,1,2000-01,35.3,102.4,104.1,104.1,106.4,106.8,106.8,-4.0,-2.6,-2.6,0.082,0.8,8.5,0.046,0.16,0.102,10.6,10.6,0.481,0.526,0.23,0.234,94.81,93.82,78.18,93.82,0.101,3384,6.3,14.4
1509,Kelvin Cato,Kelvin,1610612745,HOU,26.0,35,19,16,0.543,624.26,64,111,0.577,0,0,0.0,37,57,0.649,47,94,141,11,25,13,31,8,89,0,165,121,457.7,1,0,405.0,1,2000-01,17.8,105.1,106.7,106.7,96.3,95.5,95.5,8.8,11.2,11.2,0.028,0.44,6.4,0.081,0.147,0.116,14.5,14.5,0.577,0.606,0.119,0.12,91.62,91.35,76.12,91.35,0.076,1182,1.8,3.2
383,Kendall Gill,Kendall,1610612751,NJN,33.0,31,9,22,0.29,889.155,107,323,0.331,4,14,0.286,65,90,0.722,32,99,131,87,48,47,7,28,64,1,283,-90,684.7,0,0,613.0,1,2000-01,28.7,93.2,93.7,93.7,98.7,98.5,98.5,-5.5,-4.8,-4.8,0.17,1.81,17.5,0.034,0.114,0.072,9.6,9.6,0.337,0.39,0.204,0.207,96.08,95.9,79.92,95.9,0.07,1774,3.5,10.4
72,Kenny Anderson,Kenny,1610612738,BOS,30.0,33,14,19,0.424,849.9383333333334,88,227,0.388,11,33,0.333,59,71,0.831,16,57,73,134,52,44,2,13,62,0,246,-43,620.6,0,0,556.0,1,2000-01,25.8,99.1,98.8,98.8,102.4,102.7,102.7,-3.3,-3.9,-3.9,0.261,2.58,30.2,0.018,0.07,0.043,11.7,11.7,0.412,0.476,0.161,0.164,95.63,95.7,79.75,95.7,0.082,1706,2.7,6.9
1903,Kenny Thomas,Kenny,1610612745,HOU,23.0,74,39,35,0.527,1820.225,206,465,0.443,25,92,0.272,91,126,0.722,122,295,417,77,116,40,43,47,178,1,528,155,1276.9,7,0,1213.0,1,2000-01,24.6,103.7,105.0,105.0,100.0,100.2,100.2,3.7,4.8,4.8,0.068,0.66,10.8,0.07,0.16,0.117,16.3,16.3,0.47,0.507,0.16,0.162,92.37,91.74,76.45,91.74,0.076,3473,2.8,6.3
2030,Kenyon Martin,Kenyon,1610612751,NJN,23.0,68,22,46,0.324,2273.3233333333333,346,777,0.445,1,11,0.091,121,192,0.63,137,365,502,131,138,78,113,36,281,1,814,-290,2047.9,11,1,1830.0,1,2000-01,33.4,96.7,97.7,97.7,103.1,103.8,103.8,-6.5,-6.2,-6.2,0.103,0.95,11.6,0.059,0.169,0.112,12.2,12.2,0.446,0.472,0.198,0.2,94.77,93.96,78.3,93.96,0.084,4442,5.1,11.4
1721,Keon Clark,Keon,1610612761,TOR,26.0,81,48,33,0.593,1719.735,249,519,0.48,0,1,0.0,142,240,0.592,136,298,434,72,90,32,154,60,244,0,640,-13,1736.8,3,0,1518.0,2,2000-01,21.2,101.7,101.4,101.4,100.4,100.9,100.9,1.4,0.6,0.6,0.068,0.8,9.2,0.077,0.166,0.122,11.5,11.4,0.48,0.512,0.181,0.185,95.39,95.29,79.41,95.29,0.089,3398,3.1,6.4
236,Kevin Edwards,Kevin,1610612763,VAN,35.0,46,13,33,0.283,632.88,56,170,0.329,5,19,0.263,43,53,0.811,23,59,82,52,37,29,8,15,46,1,160,-37,410.4,0,0,373.0,1,2000-01,13.8,97.1,96.8,96.8,100.3,98.4,98.4,-3.2,-1.7,-1.7,0.126,1.41,18.3,0.036,0.091,0.064,13.0,13.1,0.344,0.414,0.159,0.162,95.74,96.78,80.65,96.78,0.055,1268,1.2,3.7
708,Kevin Garnett,Kevin,1610612750,MIN,25.0,81,47,34,0.58,3202.6866666666665,704,1475,0.477,19,66,0.288,357,467,0.764,219,702,921,401,230,111,145,42,204,1,1784,206,4028.7,54,2,3637.0,1,2000-01,39.5,103.6,104.6,104.6,99.9,101.0,101.0,3.7,3.6,3.6,0.215,1.74,17.3,0.07,0.223,0.147,9.9,10.0,0.484,0.531,0.268,0.271,94.09,93.09,77.57,93.09,0.174,6202,8.7,18.2
1563,Kevin Ollie,Kevin,1610612755,PHI,28.0,70,41,29,0.586,924.85,76,192,0.396,1,3,0.333,63,89,0.708,16,79,95,146,49,30,1,10,84,0,216,-29,593.0,1,0,520.0,2,2000-01,13.2,97.8,94.4,94.4,96.7,96.4,96.4,1.1,-2.0,-2.0,0.268,2.98,34.0,0.018,0.087,0.052,11.4,11.5,0.398,0.467,0.136,0.142,90.46,92.25,76.88,92.25,0.081,1781,1.1,2.7
788,Kevin Willis,Kevin,1610612743,DEN,38.0,78,35,43,0.449,1828.7933333333333,304,690,0.441,1,6,0.167,113,147,0.769,177,355,532,50,87,57,52,43,216,2,722,-258,1675.4,14,0,1523.0,2,2000-01,23.4,98.8,98.9,98.9,105.5,105.7,105.7,-6.7,-6.8,-6.8,0.048,0.57,5.6,0.092,0.194,0.142,9.8,9.8,0.441,0.478,0.203,0.207,93.38,93.27,77.72,93.27,0.094,3545,3.9,8.8
2039,Keyon Dooling,Keyon,1610612746,LAC,21.0,76,29,47,0.382,1240.0666666666666,148,362,0.409,28,80,0.35,125,179,0.698,8,81,89,177,94,41,11,22,107,0,449,-15,883.3,0,0,847.0,1,2000-01,16.3,99.1,98.8,98.8,99.5,98.9,98.9,-0.4,0.0,0.0,0.253,1.88,24.7,0.007,0.063,0.036,13.1,13.2,0.448,0.509,0.195,0.199,92.78,93.21,77.67,93.21,0.084,2401,1.9,4.8
2064,Khalid El-Amin,Khalid,1610612741,CHI,22.0,50,7,43,0.14,935.335,115,311,0.37,28,84,0.333,56,72,0.778,21,60,81,145,54,48,2,21,99,0,314,-176,724.7,0,0,668.0,1,2000-01,18.7,92.1,92.7,92.7,102.6,102.0,102.0,-10.6,-9.3,-9.3,0.288,2.69,26.7,0.021,0.07,0.044,9.9,10.0,0.415,0.458,0.191,0.193,92.22,92.19,76.83,92.19,0.082,1792,2.3,6.2
977,Kobe Bryant,Kobe,1610612747,LAL,22.0,68,45,23,0.662,2791.005,701,1510,0.464,61,200,0.305,475,557,0.853,104,295,399,338,220,114,43,75,222,1,1938,369,3174.8,10,2,3050.0,1,2000-01,41.0,107.3,108.4,108.4,101.0,101.9,101.9,6.3,6.5,6.5,0.22,1.54,14.7,0.037,0.103,0.07,9.6,9.5,0.484,0.552,0.309,0.315,94.66,93.79,78.16,93.79,0.16,5460,10.3,22.2
1600,Kornel David,Kornel,1610612765,DET,29.0,27,13,14,0.481,208.47666666666663,25,51,0.49,0,0,0.0,12,13,0.923,15,37,52,7,11,6,4,5,28,0,62,-49,153.9,0,0,141.0,2,2000-01,7.7,92.3,90.4,90.4,101.4,101.1,101.1,-9.1,-10.7,-10.7,0.057,0.64,9.3,0.067,0.162,0.115,14.7,14.7,0.49,0.547,0.135,0.142,99.63,100.85,84.04,100.85,0.089,437,0.9,1.9
703,Kurt Thomas,Kurt,1610612752,NYK,28.0,77,45,32,0.584,2128.363333333333,314,614,0.511,1,3,0.333,171,210,0.814,172,343,515,63,99,61,69,44,287,3,800,289,1803.5,9,0,1639.0,1,2000-01,27.6,102.3,103.1,103.1,94.9,94.9,94.9,7.4,8.2,8.2,0.052,0.64,7.2,0.092,0.168,0.131,11.4,11.4,0.512,0.566,0.182,0.184,89.29,88.96,74.13,88.96,0.112,3928,4.1,8.0
111,LaPhonso Ellis,LaPhonso,1610612750,MIN,31.0,82,47,35,0.573,1946.7816666666668,298,642,0.464,7,22,0.318,169,214,0.79,199,295,494,93,108,67,74,33,290,0,772,18,1819.3,7,0,1648.0,1,2000-01,23.7,104.3,104.4,104.4,103.0,103.8,103.8,1.3,0.7,0.7,0.079,0.86,9.9,0.105,0.158,0.131,11.5,11.5,0.47,0.524,0.192,0.196,93.18,92.74,77.29,92.74,0.096,3758,3.6,7.8
1885,Lamar Odom,Lamar,1610612746,LAC,21.0,76,30,46,0.395,2829.8766666666666,481,1046,0.46,80,253,0.316,262,386,0.679,110,482,592,392,264,74,122,54,236,0,1304,-112,2926.4,24,4,2760.0,1,2000-01,37.2,99.1,100.7,100.7,102.0,102.5,102.5,-2.9,-1.9,-1.9,0.246,1.48,20.9,0.041,0.17,0.107,14.1,14.1,0.498,0.536,0.24,0.243,91.44,90.49,75.41,90.49,0.139,5329,6.3,13.8
441,Lamond Murray,Lamond,1610612739,CLE,28.0,78,30,48,0.385,2224.52,391,925,0.423,61,165,0.37,155,211,0.735,104,236,340,124,141,83,27,53,173,0,998,-187,1781.0,5,0,1743.0,1,2000-01,28.5,97.9,99.3,99.3,102.8,103.5,103.5,-4.9,-4.2,-4.2,0.099,0.88,9.6,0.048,0.11,0.079,11.0,11.0,0.456,0.49,0.231,0.233,94.56,93.55,77.96,93.55,0.088,4333,5.0,11.9
1930,Lari Ketner,Lari,1610612754,IND,24.0,3,0,3,0.0,5.988333333333333,0,0,0.0,0,0,0.0,0,0,0.0,0,0,0,1,2,0,0,0,0,0,0,-1,-0.5,0,0,1.0,1,2000-01,2.0,93.2,85.7,85.7,112.8,86.7,86.7,-19.7,-1.0,-1.0,0.2,0.5,33.3,0.0,0.0,0.0,66.7,66.7,0.0,0.0,0.143,0.155,97.79,116.23,96.85,116.23,-0.051,14,0.0,0.0
1919,Laron Profit,Laron,1610612764,WAS,23.0,35,5,30,0.143,604.475,56,142,0.394,7,26,0.269,33,45,0.733,18,46,64,89,46,36,11,20,43,0,152,-62,457.3,1,0,406.0,1,2000-01,17.3,101.3,101.8,101.8,107.1,106.8,106.8,-5.9,-4.9,-4.9,0.224,1.93,29.9,0.031,0.079,0.055,15.4,15.5,0.419,0.47,0.148,0.151,96.41,96.32,80.27,96.32,0.074,1212,1.6,4.1
1716,Larry Hughes,Larry,1610612744,GSW,22.0,50,13,37,0.26,1842.9,308,805,0.383,14,75,0.187,193,252,0.766,76,200,276,223,152,96,29,63,147,0,823,-251,1711.7,6,0,1586.0,1,2000-01,36.9,96.4,97.8,97.8,103.9,104.4,104.4,-7.5,-6.6,-6.6,0.2,1.47,17.2,0.037,0.109,0.072,11.8,11.8,0.391,0.449,0.243,0.246,97.74,96.85,80.71,96.85,0.086,3716,6.2,16.1
913,Larry Johnson,Larry,1610612752,NYK,32.0,65,38,27,0.585,2108.221666666667,246,598,0.411,51,163,0.313,102,128,0.797,90,273,363,127,97,39,29,44,209,0,645,-20,1378.1,3,0,1322.0,1,2000-01,32.4,96.5,97.4,97.4,96.6,97.4,97.4,-0.1,0.0,0.0,0.108,1.31,14.5,0.046,0.138,0.093,11.0,11.0,0.454,0.493,0.174,0.176,88.45,87.69,73.08,87.69,0.081,3842,3.8,9.2
1683,Larry Robinson,Larry,1610612737,ATL,33.0,34,12,22,0.353,631.9766666666667,67,184,0.364,44,116,0.379,21,24,0.875,23,64,87,36,25,28,2,4,46,0,199,-66,422.4,0,0,426.0,2,2000-01,18.6,95.1,94.3,94.3,101.5,99.8,99.8,-6.4,-5.5,-5.5,0.1,1.44,14.2,0.038,0.105,0.072,9.9,9.8,0.484,0.511,0.151,0.157,93.91,95.05,79.21,95.05,0.09,1253,2.0,5.4
84,Latrell Sprewell,Latrell,1610612752,NYK,30.0,77,45,32,0.584,3012.74,524,1219,0.43,41,135,0.304,275,351,0.783,49,298,347,269,218,106,28,60,159,1,1364,112,2367.9,1,0,2289.0,1,2000-01,39.1,98.5,99.4,99.4,96.4,96.9,96.9,2.1,2.4,2.4,0.172,1.23,14.4,0.018,0.102,0.061,11.7,11.7,0.447,0.497,0.255,0.258,89.02,88.39,73.66,88.39,0.111,5536,6.8,15.8
2068,Lavor Postell,Lavor,1610612752,NYK,23.0,26,15,11,0.577,168.11,17,54,0.315,3,11,0.273,22,27,0.815,8,17,25,5,17,4,2,3,12,0,59,8,97.5,0,0,104.0,1,2000-01,6.5,95.9,91.2,91.2,92.4,90.1,90.1,3.6,1.1,1.1,0.058,0.29,5.6,0.051,0.092,0.073,19.1,19.3,0.343,0.448,0.223,0.234,89.48,92.94,77.45,92.94,0.049,328,0.7,2.1
1444,Lawrence Funderburke,Lawrence,1610612758,SAC,30.0,59,42,17,0.712,697.6566666666666,120,242,0.496,0,0,0.0,48,77,0.623,74,122,196,17,32,9,13,22,44,0,288,6,582.7,1,0,545.0,1,2000-01,11.8,99.8,99.5,99.5,99.6,99.9,99.9,0.2,-0.4,-0.4,0.043,0.53,5.2,0.102,0.169,0.136,9.9,9.8,0.496,0.522,0.191,0.196,94.89,94.88,79.06,94.88,0.116,1385,2.0,4.1
1924,Lee Nailon,Lee,1610612766,CHH,26.0,42,23,19,0.548,467.50166666666667,66,136,0.485,0,1,0.0,32,43,0.744,29,63,92,24,27,9,5,7,60,0,164,29,325.4,0,0,308.0,1,2000-01,11.1,96.2,92.8,92.8,93.6,90.8,90.8,2.6,2.0,2.0,0.102,0.89,11.6,0.064,0.131,0.099,13.0,13.1,0.485,0.529,0.174,0.182,89.42,92.41,77.01,92.41,0.093,906,1.6,3.2
283,Lindsey Hunter,Lindsey,1610612749,MIL,30.0,82,52,30,0.634,2003.6916666666664,298,783,0.381,152,407,0.373,77,96,0.802,32,137,169,222,68,102,12,20,172,3,825,195,1634.8,0,0,1596.0,1,2000-01,24.4,105.3,104.2,104.2,100.1,99.2,99.2,5.2,5.0,5.0,0.19,3.26,19.9,0.016,0.072,0.043,6.1,6.1,0.478,0.5,0.199,0.204,92.97,93.87,78.23,93.87,0.091,3918,3.6,9.5
953,Lorenzen Wright,Lorenzen,1610612737,ATL,25.0,71,23,48,0.324,1986.9733333333331,363,811,0.448,0,2,0.0,155,216,0.718,180,355,535,87,125,42,63,58,232,2,881,-295,1843.5,22,0,1713.0,1,2000-01,28.0,95.6,95.3,95.3,103.3,103.2,103.2,-7.7,-7.9,-7.9,0.079,0.7,7.8,0.091,0.177,0.134,11.2,11.2,0.448,0.486,0.228,0.233,94.52,94.72,78.93,94.72,0.101,3928,5.1,11.4
919,Loy Vaught,Loy,1610612764,WAS,33.0,51,22,29,0.431,548.3783333333333,80,169,0.473,0,0,0.0,8,10,0.8,51,122,173,23,26,21,7,8,74,0,168,-44,468.1,0,0,420.0,2,2000-01,10.8,99.8,98.6,98.6,105.8,103.2,103.2,-6.0,-4.6,-4.6,0.068,0.88,10.4,0.094,0.238,0.164,11.7,11.7,0.473,0.484,0.159,0.165,93.37,95.06,79.22,95.06,0.098,1089,1.6,3.3
26,Luc Longley,Luc,1610612752,NYK,32.0,25,16,9,0.64,298.7966666666667,18,54,0.333,0,0,0.0,13,17,0.765,26,40,66,7,22,3,9,6,51,0,49,31,152.7,0,0,146.0,1,2000-01,12.0,94.5,93.8,93.8,87.6,87.5,87.5,7.0,6.3,6.3,0.04,0.32,7.7,0.094,0.127,0.112,24.2,24.3,0.333,0.399,0.134,0.136,87.98,88.35,73.63,88.35,0.005,548,0.7,2.2
446,Lucious Harris,Lucious,1610612751,NJN,30.0,73,21,52,0.288,2070.863333333333,265,624,0.425,46,132,0.348,107,139,0.77,71,217,288,135,64,74,16,35,127,1,683,-193,1437.1,2,0,1332.0,1,2000-01,28.4,99.4,100.5,100.5,105.3,105.1,105.1,-5.9,-4.6,-4.6,0.109,2.11,15.3,0.034,0.112,0.071,7.2,7.2,0.462,0.498,0.161,0.164,94.28,93.85,78.21,93.85,0.087,4046,3.6,8.5
51,Mahmoud Abdul-Rauf,Mahmoud,1610612763,VAN,32.0,41,11,30,0.268,485.1716666666667,120,246,0.488,4,14,0.286,22,29,0.759,5,20,25,76,26,9,1,6,50,0,266,-22,414.0,0,0,391.0,1,2000-01,11.8,100.1,99.2,99.2,101.8,100.6,100.6,-1.6,-1.5,-1.5,0.285,2.92,21.0,0.01,0.042,0.026,7.2,7.2,0.496,0.514,0.262,0.269,94.2,95.17,79.31,95.17,0.108,958,2.9,6.0
990,Malik Rose,Malik,1610612759,SAS,26.0,57,40,17,0.702,1217.6583333333333,160,368,0.435,3,17,0.176,114,160,0.713,95,213,308,48,74,59,40,47,148,0,437,170,1101.6,7,0,994.0,1,2000-01,21.4,105.1,103.0,103.0,95.5,95.9,95.9,9.7,7.1,7.1,0.067,0.65,8.5,0.086,0.164,0.128,13.1,13.2,0.439,0.498,0.193,0.197,91.7,92.4,77.0,92.4,0.096,2346,2.8,6.5
2055,Mamadou N'diaye,Mamadou,1610612761,TOR,26.0,3,2,1,0.667,9.433333333333334,1,4,0.25,0,0,0.0,2,2,1.0,1,1,2,0,0,0,0,0,3,0,4,2,6.4,0,0,6.0,1,2000-01,3.1,144.4,138.1,138.1,155.2,135.0,135.0,-10.8,3.1,3.1,0.0,0.0,0.0,0.0,0.0,0.0,0.0,0.0,0.25,0.41,0.208,0.211,95.36,104.31,86.93,104.31,-0.01,21,0.3,1.3
1531,Marc Jackson,Marc,1610612744,GSW,26.0,48,12,36,0.25,1407.3733333333332,237,508,0.467,5,23,0.217,154,192,0.802,119,242,361,59,93,34,27,50,138,3,633,-247,1244.7,17,0,1180.0,1,2000-01,29.3,95.7,96.8,96.8,106.0,105.3,105.3,-10.3,-8.5,-8.5,0.071,0.63,7.9,0.076,0.183,0.125,12.5,12.5,0.471,0.534,0.205,0.208,97.31,97.1,80.92,97.1,0.104,2845,4.9,10.6
948,Marcus Camby,Marcus,1610612752,NYK,27.0,63,38,25,0.603,2131.2516666666666,304,580,0.524,1,8,0.125,150,225,0.667,196,527,723,52,63,66,136,34,205,0,759,66,2247.6,25,0,1939.0,1,2000-01,33.8,99.5,100.1,100.1,97.2,97.7,97.7,2.2,2.4,2.4,0.043,0.83,6.6,0.103,0.256,0.182,7.9,7.9,0.525,0.559,0.169,0.171,88.81,88.32,73.6,88.32,0.157,3908,4.8,9.2
2033,Marcus Fizer,Marcus,1610612741,CHI,22.0,72,14,58,0.194,1581.3533333333332,278,646,0.43,10,39,0.256,117,161,0.727,76,237,313,76,124,30,19,55,175,0,683,-405,1195.6,2,0,1180.0,1,2000-01,22.0,91.1,91.9,91.9,105.5,105.0,105.0,-14.4,-13.1,-13.1,0.097,0.61,8.3,0.048,0.167,0.105,13.6,13.5,0.438,0.476,0.242,0.247,92.33,92.18,76.82,92.18,0.077,3033,3.9,9.0
53,Mario Elie,Mario,1610612756,PHX,37.0,68,44,24,0.647,1507.993333333333,104,246,0.423,36,100,0.36,55,69,0.797,38,117,155,131,60,58,12,18,112,0,299,86,831.5,0,0,761.0,1,2000-01,22.2,95.5,96.5,96.5,93.2,93.2,93.2,2.3,3.3,3.3,0.133,2.18,28.0,0.025,0.081,0.052,12.8,12.8,0.496,0.541,0.099,0.101,94.03,93.58,77.98,93.58,0.068,2934,1.5,3.6
1548,Mark Blount,Mark,1610612738,BOS,25.0,64,28,36,0.438,1099.155,101,200,0.505,0,0,0.0,46,66,0.697,97,134,231,32,62,39,76,21,183,0,248,-68,856.2,0,0,741.0,1,2000-01,17.2,97.0,96.4,96.4,98.9,98.4,98.4,-1.9,-2.1,-2.1,0.049,0.52,9.9,0.09,0.127,0.108,19.1,19.2,0.505,0.541,0.121,0.123,94.23,94.72,78.93,94.72,0.052,2157,1.6,3.1
95,Mark Bryant,Mark,1610612742,DAL,36.0,18,13,5,0.722,102.865,8,20,0.4,0,0,0.0,3,5,0.6,4,17,21,3,5,1,2,1,29,1,19,-20,52.7,0,0,49.0,1,2000-01,5.7,104.1,101.0,101.0,113.7,110.0,110.0,-9.6,-9.0,-9.0,0.042,0.6,10.0,0.041,0.173,0.108,16.7,16.6,0.4,0.428,0.116,0.121,95.11,98.23,81.85,98.23,-0.014,210,0.4,1.1
349,Mark Jackson,Mark,1610612752,NYK,36.0,83,45,38,0.542,2581.8316666666665,244,583,0.419,70,207,0.338,73,94,0.777,63,242,305,661,175,84,7,38,139,0,631,27,2086.5,10,1,1849.0,2,2000-01,31.1,100.0,101.1,101.1,99.6,100.3,100.3,0.4,0.8,0.8,0.396,3.78,45.4,0.024,0.094,0.059,12.0,12.0,0.479,0.505,0.14,0.143,92.23,91.38,76.15,91.38,0.121,4910,2.9,7.0
2058,Mark Madsen,Mark,1610612747,LAL,25.0,70,50,20,0.714,636.8783333333333,55,113,0.487,1,1,1.0,26,37,0.703,74,78,152,24,27,8,8,16,111,2,137,-94,376.4,0,0,346.0,1,2000-01,9.1,96.4,95.2,95.2,101.5,100.5,100.5,-5.1,-5.3,-5.3,0.06,0.89,13.3,0.109,0.119,0.114,15.0,15.0,0.491,0.53,0.103,0.108,95.25,96.36,80.3,96.36,0.044,1265,0.8,1.6
998,Mark Pope,Mark,1610612749,MIL,28.0,63,40,23,0.635,941.3766666666668,62,142,0.437,5,24,0.208,22,35,0.629,56,91,147,38,17,16,26,12,140,1,151,92,493.4,0,0,425.0,1,2000-01,14.9,104.8,103.9,103.9,98.4,97.8,97.8,6.5,6.0,6.0,0.052,2.24,17.9,0.059,0.092,0.076,8.0,8.0,0.454,0.48,0.081,0.083,95.92,96.62,80.52,96.62,0.027,1884,1.0,2.3
1110,Mark Strickland,Mark,1610612751,NJN,30.0,55,21,34,0.382,722.1216666666667,103,239,0.431,1,2,0.5,45,70,0.643,54,107,161,24,34,16,22,15,72,0,252,-115,561.2,1,0,514.0,2,2000-01,13.1,95.0,94.3,94.3,103.3,101.6,101.6,-8.3,-7.4,-7.4,0.059,0.71,7.3,0.069,0.153,0.109,10.3,10.4,0.433,0.467,0.18,0.183,96.41,97.55,81.29,97.55,0.076,1464,1.9,4.3
2043,Mateen Cleaves,Mateen,1610612765,DET,23.0,78,32,46,0.41,1265.7883333333334,160,400,0.4,5,17,0.294,97,137,0.708,26,106,132,207,139,49,1,28,153,1,422,-87,901.9,0,0,866.0,1,2000-01,16.2,92.5,91.0,91.0,95.0,94.5,94.5,-2.5,-3.5,-3.5,0.281,1.49,25.6,0.019,0.079,0.049,17.2,17.2,0.406,0.458,0.198,0.205,99.31,100.36,83.63,100.36,0.067,2649,2.1,5.1
672,Matt Bullard,Matt,1610612745,HOU,34.0,61,31,30,0.508,1001.5466666666666,129,305,0.423,86,213,0.404,10,14,0.714,22,108,130,42,12,10,9,5,76,0,354,172,618.0,0,0,650.0,1,2000-01,16.4,110.9,110.3,110.3,103.0,102.2,102.2,7.9,8.1,8.1,0.067,3.5,11.6,0.024,0.105,0.066,3.3,3.3,0.564,0.569,0.146,0.151,91.97,92.59,77.16,92.59,0.08,1939,2.1,5.0
761,Matt Geiger,Matt,1610612755,PHI,31.0,35,20,15,0.571,543.8166666666667,88,224,0.393,0,2,0.0,37,54,0.685,50,89,139,14,25,12,8,15,73,0,213,33,435.8,1,0,406.0,1,2000-01,15.5,99.2,96.7,96.7,95.2,93.9,93.9,4.0,2.8,2.8,0.047,0.56,4.8,0.088,0.165,0.126,8.7,8.7,0.393,0.43,0.218,0.226,92.04,93.87,78.22,93.87,0.068,1065,2.5,6.4
1723,Matt Harpring,Matt,1610612739,CLE,25.0,56,24,32,0.429,1613.3083333333334,238,524,0.454,13,52,0.25,134,165,0.812,90,152,242,102,90,42,17,40,161,1,623,-175,1153.4,2,0,1098.0,1,2000-01,28.8,97.3,98.1,98.1,102.2,103.5,103.5,-4.9,-5.4,-5.4,0.11,1.13,12.9,0.057,0.093,0.075,11.4,11.4,0.467,0.522,0.187,0.191,94.31,93.32,77.77,93.32,0.081,3133,4.3,9.4
1074,Matt Maloney,Matt,1610612737,ATL,29.0,55,20,35,0.364,1400.8233333333333,146,348,0.42,51,142,0.359,26,34,0.765,14,103,117,154,70,56,5,12,94,1,369,-36,853.4,0,0,813.0,1,2000-01,25.5,95.2,95.6,95.6,98.1,97.5,97.5,-2.8,-1.9,-1.9,0.187,2.2,26.3,0.01,0.072,0.041,11.9,11.9,0.493,0.508,0.137,0.14,91.75,91.81,76.51,91.81,0.082,2687,2.7,6.3
1508,Maurice Taylor,Maurice,1610612745,HOU,24.0,69,37,32,0.536,1969.5383333333332,390,797,0.489,0,4,0.0,119,162,0.735,109,269,378,104,125,28,38,45,208,0,899,-122,1581.6,5,0,1513.0,1,2000-01,28.5,99.9,101.1,101.1,103.3,103.5,103.5,-3.5,-2.5,-2.5,0.096,0.83,9.5,0.058,0.143,0.1,11.4,11.4,0.489,0.518,0.229,0.231,93.5,92.85,77.38,92.85,0.094,3796,5.7,11.6
1897,Metta World Peace,Metta,1610612741,CHI,21.0,76,15,61,0.197,2363.1466666666665,327,815,0.401,43,148,0.291,210,280,0.75,59,235,294,228,159,152,45,66,254,1,907,-367,2033.8,1,0,1866.0,1,2000-01,31.1,96.1,97.0,97.0,104.5,104.6,104.6,-8.4,-7.6,-7.6,0.171,1.43,17.1,0.026,0.11,0.067,12.0,12.0,0.428,0.483,0.214,0.217,91.88,91.39,76.16,91.39,0.082,4488,4.3,10.7
688,Michael Curry,Michael,1610612765,DET,32.0,68,24,44,0.353,1490.0,145,319,0.455,4,9,0.444,62,73,0.849,21,100,121,132,61,27,3,12,173,1,356,-119,728.2,0,0,673.0,1,2000-01,21.9,97.3,97.4,97.4,100.9,101.5,101.5,-3.6,-4.1,-4.1,0.138,2.16,24.3,0.014,0.068,0.04,11.2,11.2,0.461,0.507,0.122,0.125,95.72,95.34,79.45,95.34,0.046,2960,2.1,4.7
1722,Michael Dickerson,Michael,1610612763,VAN,26.0,70,20,50,0.286,2619.6783333333333,425,1020,0.417,86,230,0.374,206,270,0.763,70,159,229,233,162,62,27,81,207,1,1142,-280,1871.3,1,0,1868.0,1,2000-01,37.4,97.7,98.3,98.3,103.6,104.3,104.3,-5.9,-6.1,-6.1,0.157,1.44,15.1,0.028,0.062,0.045,10.5,10.6,0.459,0.501,0.224,0.226,94.55,93.95,78.29,93.95,0.072,5143,6.1,14.6
1720,Michael Doleac,Michael,1610612753,ORL,24.0,77,41,36,0.532,1395.52,220,527,0.417,0,3,0.0,50,59,0.847,70,203,273,65,59,37,41,26,239,1,490,106,1090.1,1,0,984.0,1,2000-01,18.1,101.1,101.7,101.7,97.6,97.7,97.7,3.4,4.0,4.0,0.077,1.1,9.6,0.049,0.15,0.098,8.7,8.7,0.417,0.443,0.193,0.196,94.43,94.09,78.41,94.09,0.057,2734,2.9,6.8
714,Michael Finley,Michael,1610612742,DAL,28.0,82,53,29,0.646,3444.16,711,1552,0.458,91,263,0.346,252,325,0.775,109,316,425,360,190,118,32,68,174,0,1765,405,3075.0,9,1,2941.0,1,2000-01,42.0,105.7,106.6,106.6,100.2,100.7,100.7,5.5,5.9,5.9,0.18,1.89,16.0,0.033,0.09,0.063,8.4,8.5,0.487,0.521,0.247,0.249,95.44,94.77,78.97,94.77,0.119,6802,8.7,18.9
1138,Michael Hawkins,Michael,1610612739,CLE,28.0,10,5,5,0.5,75.08333333333333,3,9,0.333,2,4,0.5,0,0,0.0,2,3,5,13,6,2,0,0,13,0,8,-27,33.5,0,0,32.0,1,2000-01,7.5,90.6,87.2,87.2,111.4,105.4,105.4,-20.8,-18.2,-18.2,0.271,2.17,46.4,0.027,0.045,0.036,21.4,21.4,0.444,0.444,0.089,0.094,90.24,94.61,78.85,94.61,0.009,148,0.3,0.9
1709,Michael Olowokandi,Michael,1610612746,LAC,26.0,82,31,51,0.378,2127.8866666666668,308,708,0.435,0,0,0.0,85,156,0.545,168,357,525,46,169,30,108,57,250,1,701,-250,1645.0,10,0,1548.0,1,2000-01,25.9,96.1,97.3,97.3,102.9,103.8,103.8,-6.9,-6.5,-6.5,0.038,0.27,4.6,0.082,0.173,0.127,16.9,17.0,0.435,0.451,0.208,0.209,89.93,88.98,74.15,88.98,0.059,3947,3.8,8.6
2072,Michael Redd,Michael,1610612749,MIL,21.0,6,3,3,0.5,35.05166666666667,5,19,0.263,0,3,0.0,3,6,0.5,3,1,4,1,1,1,0,5,2,0,13,-8,21.3,0,0,20.0,1,2000-01,5.8,90.9,85.7,85.7,104.2,98.6,98.6,-13.3,-12.8,-12.8,0.056,1.0,4.2,0.0,0.0,0.0,4.2,4.2,0.263,0.3,0.267,0.283,89.92,95.17,79.31,95.17,-0.025,70,0.8,3.2
1913,Michael Ruffin,Michael,1610612741,CHI,24.0,45,8,37,0.178,879.1533333333333,40,90,0.444,0,0,0.0,39,77,0.506,101,161,262,39,46,30,38,12,131,0,119,-140,649.9,2,0,556.0,1,2000-01,19.5,95.9,96.3,96.3,102.8,103.6,103.6,-6.9,-7.4,-7.4,0.07,0.85,18.4,0.118,0.194,0.155,21.7,22.0,0.444,0.48,0.091,0.091,90.3,89.79,74.82,89.79,0.061,1635,0.9,2.0
63,Michael Smith,Michael,1610612764,WAS,29.0,79,19,60,0.241,1612.2166666666667,106,218,0.486,0,1,0.0,89,154,0.578,172,390,562,101,62,57,37,30,156,2,301,-368,1346.9,3,0,1152.0,1,2000-01,20.4,96.2,96.1,96.1,107.8,106.8,106.8,-11.6,-10.7,-10.7,0.099,1.63,22.3,0.104,0.257,0.178,13.7,13.8,0.486,0.527,0.094,0.095,94.96,95.45,79.54,95.45,0.112,3194,1.3,2.8
1565,Michael Stewart,Michael,1610612761,TOR,26.0,26,16,10,0.615,123.265,11,34,0.324,0,0,0.0,11,18,0.611,16,13,29,2,5,4,3,6,19,0,33,-53,86.8,0,0,78.0,1,2000-01,4.7,88.9,86.2,86.2,110.1,105.4,105.4,-21.2,-19.3,-19.3,0.03,0.4,4.0,0.111,0.12,0.115,10.0,10.2,0.324,0.394,0.163,0.167,95.67,99.3,82.75,99.3,0.021,253,0.4,1.3
1710,Mike Bibby,Mike,1610612763,VAN,23.0,82,23,59,0.28,3190.425,525,1157,0.454,108,285,0.379,143,188,0.761,47,257,304,685,248,107,12,35,148,0,1301,-383,2802.3,17,0,2636.0,1,2000-01,38.9,97.5,98.3,98.3,104.2,104.7,104.7,-6.7,-6.4,-6.4,0.376,2.76,31.5,0.015,0.082,0.049,11.4,11.4,0.5,0.525,0.209,0.211,94.8,94.19,78.49,94.19,0.124,6269,6.4,14.1
2034,Mike Miller,Mike,1610612753,ORL,21.0,82,43,39,0.524,2388.935,368,845,0.436,148,364,0.407,91,128,0.711,66,261,327,140,97,51,19,27,200,0,975,152,1690.4,0,0,1730.0,1,2000-01,29.1,101.8,103.0,103.0,99.2,99.7,99.7,2.6,3.3,3.3,0.095,1.44,12.3,0.026,0.108,0.066,8.5,8.5,0.523,0.541,0.181,0.183,96.8,95.94,79.95,95.94,0.09,4772,4.5,10.3
2130,Mike Penberthy,Mike,1610612747,LAL,26.0,53,39,14,0.736,846.6183333333333,92,222,0.414,55,139,0.396,28,31,0.903,10,53,63,71,34,22,2,9,57,0,267,-22,487.1,0,0,504.0,1,2000-01,16.0,103.0,102.0,102.0,103.6,103.6,103.6,-0.6,-1.6,-1.6,0.129,2.09,20.9,0.011,0.058,0.035,10.0,10.0,0.538,0.567,0.136,0.141,95.86,96.3,80.25,96.3,0.073,1701,1.7,4.2
2065,Mike Smith,Mike,1610612764,WAS,25.0,17,5,12,0.294,179.47666666666666,19,59,0.322,3,18,0.167,10,16,0.625,10,12,22,10,7,5,3,5,8,0,51,-19,109.4,0,0,102.0,1,2000-01,10.6,99.4,98.6,98.6,107.9,105.3,105.3,-8.5,-6.6,-6.6,0.093,1.43,11.9,0.053,0.076,0.064,8.3,8.4,0.347,0.386,0.173,0.177,95.68,97.22,81.01,97.22,0.039,366,1.1,3.5
1630,Mikki Moore,Mikki,1610612765,DET,25.0,81,32,49,0.395,1151.575,132,268,0.493,0,1,0.0,95,130,0.731,121,195,316,33,74,24,61,23,202,3,359,-76,968.7,1,0,878.0,1,2000-01,14.2,93.2,91.5,91.5,96.1,94.6,94.6,-2.8,-3.1,-3.1,0.049,0.45,7.6,0.098,0.161,0.129,17.1,17.1,0.493,0.552,0.145,0.151,97.04,98.7,82.25,98.7,0.086,2366,1.6,3.3
1960,Milt Palacio,Milt,1610612738,BOS,23.0,58,27,31,0.466,1141.6583333333333,126,267,0.472,12,36,0.333,78,92,0.848,25,77,102,151,80,48,0,25,83,0,342,-27,754.9,0,0,703.0,1,2000-01,19.7,98.6,97.0,97.0,99.4,97.5,97.5,-0.9,-0.5,-0.5,0.234,1.89,28.2,0.022,0.07,0.045,14.9,14.9,0.494,0.556,0.15,0.155,94.94,96.64,80.53,96.64,0.093,2291,2.2,4.6
782,Mitch Richmond,Mitch,1610612764,WAS,36.0,37,10,27,0.27,1216.3383333333334,205,504,0.407,45,133,0.338,143,160,0.894,15,94,109,111,84,43,7,31,86,0,598,-68,961.3,0,0,963.0,1,2000-01,32.9,100.5,101.9,101.9,102.8,104.2,104.2,-2.3,-2.3,-2.3,0.16,1.32,14.4,0.012,0.081,0.046,10.9,10.9,0.451,0.521,0.237,0.24,95.81,94.49,78.74,94.49,0.097,2388,5.5,13.6
42,Monty Williams,Monty,1610612753,ORL,29.0,82,43,39,0.524,1208.49,162,364,0.445,1,13,0.077,85,133,0.639,86,157,243,79,85,29,16,44,136,0,410,-181,870.1,0,0,823.0,1,2000-01,14.7,91.8,90.2,90.2,98.4,98.1,98.1,-6.7,-7.9,-7.9,0.122,0.93,13.5,0.07,0.127,0.098,14.5,14.5,0.446,0.485,0.185,0.191,93.67,94.63,78.86,94.63,0.081,2386,2.0,4.4
983,Moochie Norris,Moochie,1610612745,HOU,27.0,82,45,37,0.549,1651.638333333333,184,413,0.446,25,89,0.281,151,194,0.778,44,154,198,283,107,69,2,18,84,0,544,110,1312.1,0,0,1192.0,1,2000-01,20.1,105.0,105.0,105.0,101.7,101.7,101.7,3.3,3.3,3.3,0.284,2.64,31.8,0.028,0.093,0.061,12.0,12.0,0.476,0.546,0.166,0.169,92.3,92.3,76.92,92.3,0.119,3179,2.2,5.0
302,Mookie Blaylock,Mookie,1610612744,GSW,34.0,69,16,53,0.232,2352.903333333333,317,801,0.396,73,225,0.324,53,76,0.697,71,201,272,462,128,163,20,21,134,0,760,-330,2200.4,11,1,1933.0,1,2000-01,34.1,95.1,96.1,96.1,103.1,103.2,103.2,-8.0,-7.0,-7.0,0.32,3.61,32.4,0.027,0.088,0.055,9.0,9.0,0.441,0.455,0.172,0.174,97.59,97.03,80.86,97.03,0.11,4759,4.6,11.6
2050,Morris Peterson,Morris,1610612761,TOR,23.0,80,45,35,0.563,1810.575,290,673,0.431,63,165,0.382,104,145,0.717,112,147,259,105,78,63,20,47,164,0,747,88,1386.3,0,0,1340.0,1,2000-01,22.6,103.8,104.6,104.6,101.3,101.8,101.8,2.5,2.8,2.8,0.093,1.35,11.4,0.059,0.082,0.07,8.5,8.5,0.478,0.507,0.198,0.202,93.92,93.29,77.74,93.29,0.077,3514,3.6,8.4
177,Muggsy Bogues,Muggsy,1610612761,TOR,36.0,3,1,2,0.333,33.641666666666666,0,2,0.0,0,1,0.0,0,0,0.0,0,3,3,5,4,2,0,0,3,0,0,-17,13.1,0,0,12.0,1,2000-01,11.2,78.1,78.8,78.8,105.6,103.0,103.0,-27.4,-24.2,-24.2,0.294,1.25,45.5,0.0,0.103,0.045,36.4,36.4,0.0,0.0,0.078,0.078,94.11,94.88,79.07,94.88,0.013,66,0.0,0.7
1737,Nazr Mohammed,Nazr,1610612737,ATL,23.0,58,30,28,0.517,915.1516666666666,176,369,0.477,0,1,0.0,89,126,0.706,115,192,307,19,64,29,35,39,113,0,441,-38,965.9,11,0,895.0,2,2000-01,15.8,100.2,99.5,99.5,102.1,101.5,101.5,-1.9,-2.0,-2.0,0.034,0.3,3.7,0.121,0.211,0.165,12.6,12.6,0.477,0.52,0.223,0.23,97.91,98.61,82.17,98.61,0.112,1880,3.0,6.4
98,Nick Anderson,Nick,1610612758,SAC,33.0,21,15,6,0.714,170.14833333333334,14,57,0.246,10,39,0.256,0,0,0.0,3,22,25,13,7,10,4,2,13,0,38,-4,122.5,0,0,114.0,1,2000-01,8.1,94.4,94.4,94.4,93.8,95.5,95.5,0.5,-1.2,-1.2,0.125,1.86,16.9,0.016,0.118,0.067,9.1,9.1,0.333,0.333,0.167,0.171,95.93,95.07,79.22,95.07,0.046,337,0.7,2.7
89,Nick Van Exel,Nick,1610612743,DEN,29.0,71,34,37,0.479,2686.366666666667,460,1112,0.414,135,358,0.377,204,249,0.819,44,197,241,600,165,61,18,39,109,0,1259,-65,2520.2,20,0,2393.0,1,2000-01,37.8,102.9,103.9,103.9,103.4,105.1,105.1,-0.4,-1.1,-1.1,0.383,3.64,30.3,0.016,0.071,0.043,8.3,8.3,0.474,0.515,0.232,0.234,94.4,93.17,77.64,93.17,0.128,5212,6.5,15.7
1918,Obinna Ekezie,Obinna,1610612742,DAL,25.0,34,9,25,0.265,281.5966666666667,32,81,0.395,0,0,0.0,37,53,0.698,31,47,78,9,14,5,5,9,48,0,101,-62,224.1,0,0,208.0,2,2000-01,8.3,92.4,91.3,91.3,103.5,102.7,102.7,-11.1,-11.5,-11.5,0.06,0.64,7.0,0.114,0.175,0.144,10.9,11.0,0.395,0.484,0.189,0.193,92.59,93.5,77.91,93.5,0.068,549,0.9,2.4
178,Olden Polynice,Olden,1610612762,UTA,36.0,81,53,28,0.654,1620.38,206,415,0.496,0,1,0.0,17,65,0.262,157,221,378,31,78,27,77,23,241,1,429,127,1163.1,1,0,1046.0,1,2000-01,20.0,103.2,105.0,105.0,100.0,100.2,100.2,3.2,4.8,4.8,0.029,0.4,5.6,0.108,0.15,0.129,14.1,14.1,0.496,0.484,0.15,0.15,91.82,90.93,75.77,90.93,0.048,3059,2.5,5.1
2071,Olumide Oyedeji,Olumide,1610612760,SEA,20.0,30,17,13,0.567,220.48,18,37,0.486,0,0,0.0,9,12,0.75,24,43,67,2,11,7,10,9,40,0,45,51,168.4,0,0,148.0,1,2000-01,7.3,104.4,101.9,101.9,92.6,90.4,90.4,11.8,11.5,11.5,0.014,0.18,3.6,0.119,0.185,0.154,19.6,19.9,0.486,0.532,0.111,0.113,89.17,91.33,76.11,91.33,0.065,421,0.6,1.2
970,Othella Harrington,Othella,1610612752,NYK,27.0,74,26,48,0.351,1815.5683333333332,247,507,0.487,0,3,0.0,171,224,0.763,139,249,388,56,145,34,45,52,237,5,665,-34,1306.6,6,0,1267.0,2,2000-01,24.5,97.0,98.4,98.4,99.3,98.9,98.9,-2.3,-0.6,-0.6,0.052,0.39,6.9,0.081,0.141,0.112,18.0,18.0,0.487,0.549,0.19,0.192,92.75,92.26,76.88,92.26,0.073,3482,3.3,6.9
901,Otis Thorpe,Otis,1610612766,CHH,38.0,49,27,22,0.551,648.8533333333334,59,131,0.45,0,0,0.0,20,24,0.833,50,95,145,29,32,12,7,4,108,1,138,-25,380.5,0,0,350.0,1,2000-01,13.2,98.0,96.2,96.2,98.7,97.5,97.5,-0.7,-1.3,-1.3,0.077,0.91,14.3,0.082,0.152,0.117,15.8,15.8,0.45,0.487,0.122,0.126,91.32,92.8,77.34,92.8,0.045,1250,1.2,2.7
136,P.J. Brown,P.J.,1610612766,CHH,31.0,80,46,34,0.575,2805.653333333333,249,561,0.444,0,4,0.0,178,209,0.852,257,485,742,127,108,78,92,36,260,1,676,238,2158.9,19,0,1885.0,1,2000-01,35.1,101.0,101.3,101.3,95.8,96.7,96.7,5.3,4.6,4.6,0.071,1.18,14.3,0.092,0.176,0.134,12.1,12.2,0.444,0.518,0.123,0.124,92.22,91.67,76.39,91.67,0.096,5355,3.1,7.0
1727,Pat Garrity,Pat,1610612753,ORL,24.0,76,40,36,0.526,1579.0616666666667,223,576,0.387,97,224,0.433,85,98,0.867,51,159,210,51,68,40,15,22,241,2,628,20,1053.5,0,0,1096.0,1,2000-01,20.8,98.7,99.3,99.3,100.4,99.8,99.8,-1.6,-0.5,-0.5,0.056,0.75,6.9,0.03,0.103,0.065,9.3,9.2,0.471,0.507,0.187,0.192,95.37,95.34,79.45,95.34,0.052,3155,2.9,7.6
121,Patrick Ewing,Patrick,1610612760,SEA,38.0,79,42,37,0.532,2101.826666666667,294,684,0.43,0,2,0.0,172,251,0.685,124,461,585,92,151,53,91,72,229,0,760,-159,1881.0,14,0,1725.0,1,2000-01,26.6,99.1,100.4,100.4,103.3,104.1,104.1,-4.2,-3.7,-3.7,0.071,0.61,8.8,0.059,0.223,0.14,14.5,14.6,0.43,0.478,0.201,0.202,94.09,93.18,77.65,93.18,0.088,4076,3.7,8.7
2101,Paul McPherson,Paul,1610612744,GSW,22.0,55,21,34,0.382,593.355,109,216,0.505,2,12,0.167,42,58,0.724,40,39,79,38,47,25,4,5,80,0,262,-9,453.8,0,0,439.0,2,2000-01,10.8,100.3,99.9,99.9,102.7,99.4,99.4,-2.4,0.5,0.5,0.105,0.81,11.7,0.062,0.07,0.065,14.4,14.4,0.509,0.542,0.199,0.204,96.04,97.76,81.47,97.76,0.079,1201,2.0,3.9
1718,Paul Pierce,Paul,1610612738,BOS,23.0,82,36,46,0.439,3123.905,687,1513,0.454,147,384,0.383,550,738,0.745,94,428,522,253,262,138,69,89,251,0,2071,-76,3435.9,12,0,3407.0,1,2000-01,38.1,100.4,101.3,101.3,101.7,102.5,102.5,-1.3,-1.2,-1.2,0.166,0.97,10.8,0.03,0.146,0.086,11.1,11.1,0.503,0.563,0.302,0.306,94.9,94.11,78.43,94.11,0.147,6123,8.4,18.5
978,Peja Stojakovic,Peja,1610612758,SAC,24.0,75,50,25,0.667,2905.1266666666666,559,1189,0.47,144,360,0.4,267,312,0.856,93,341,434,164,146,91,13,72,144,0,1529,354,2461.8,5,0,2479.0,1,2000-01,38.7,103.9,104.7,104.7,98.2,99.2,99.2,5.7,5.5,5.5,0.094,1.12,10.0,0.032,0.111,0.072,8.9,8.9,0.531,0.576,0.219,0.223,97.71,96.81,80.67,96.81,0.12,5874,7.5,15.9
2143,Pepe Sanchez,Pepe,1610612755,PHI,24.0,29,17,12,0.586,148.13166666666666,9,28,0.321,0,1,0.0,2,2,1.0,3,12,15,41,6,11,1,1,21,0,20,-7,129.5,0,0,100.0,2,2000-01,5.1,98.1,92.6,92.6,99.1,94.6,94.6,-1.0,-1.9,-1.9,0.402,6.83,53.9,0.021,0.079,0.051,7.9,7.9,0.321,0.346,0.101,0.107,95.82,100.94,84.11,100.94,0.084,311,0.3,1.0
442,Pervis Ellison,Pervis,1610612760,SEA,34.0,9,4,5,0.444,39.928333333333335,2,7,0.286,0,0,0.0,2,2,1.0,2,10,12,3,3,0,2,3,13,0,6,9,27.9,0,0,25.0,1,2000-01,4.4,93.1,91.8,91.8,86.3,82.1,82.1,6.8,9.6,9.6,0.125,1.0,21.4,0.056,0.213,0.145,21.4,21.6,0.286,0.381,0.111,0.115,98.41,101.58,84.65,101.58,0.0,85,0.2,0.8
461,Popeye Jones,Popeye,1610612764,WAS,31.0,45,11,34,0.244,639.6933333333334,60,153,0.392,1,6,0.167,41,55,0.745,83,137,220,31,21,19,8,9,95,0,162,-28,532.5,3,0,468.0,1,2000-01,14.2,99.8,99.4,99.4,102.8,101.6,101.6,-3.0,-2.2,-2.2,0.075,1.48,13.4,0.122,0.235,0.174,9.1,9.2,0.395,0.457,0.133,0.134,95.84,96.65,80.54,96.65,0.088,1288,1.3,3.4
2047,Quentin Richardson,Quentin,1610612746,LAC,21.0,76,28,48,0.368,1356.0533333333333,232,525,0.442,50,151,0.331,99,158,0.627,105,152,257,62,64,42,7,46,98,0,613,-113,1097.4,1,0,1080.0,1,2000-01,17.8,96.7,97.7,97.7,102.4,102.2,102.2,-5.7,-4.5,-4.5,0.082,0.97,8.6,0.076,0.113,0.095,8.9,8.9,0.49,0.516,0.214,0.218,93.03,92.65,77.21,92.65,0.101,2620,3.1,6.9
1900,Quincy Lewis,Quincy,1610612762,UTA,24.0,35,21,14,0.6,399.97833333333335,50,123,0.407,9,25,0.36,15,21,0.714,14,33,47,18,17,10,10,12,78,0,124,55,250.4,0,0,238.0,1,2000-01,11.4,97.5,97.3,97.3,91.4,90.8,90.8,6.1,6.5,6.5,0.077,1.06,10.7,0.039,0.087,0.063,10.1,10.2,0.443,0.469,0.168,0.172,92.78,93.19,77.65,93.19,0.024,779,1.4,3.5
1711,Raef LaFrentz,Raef,1610612743,DEN,25.0,78,38,40,0.487,2457.1966666666667,387,812,0.477,51,139,0.367,183,262,0.698,173,434,607,107,97,37,206,88,290,0,1008,-54,2528.9,21,0,2259.0,1,2000-01,31.5,101.4,102.1,102.1,102.0,102.9,102.9,-0.6,-0.8,-0.8,0.073,1.1,9.4,0.068,0.17,0.119,8.6,8.6,0.508,0.544,0.185,0.186,95.34,94.58,78.81,94.58,0.104,4833,5.0,10.4
1747,Rafer Alston,Rafer,1610612749,MIL,24.0,37,21,16,0.568,286.6083333333333,30,84,0.357,8,30,0.267,9,13,0.692,4,27,31,68,20,13,0,3,27,0,77,-30,235.2,0,0,210.0,1,2000-01,7.7,98.0,95.0,95.0,103.8,100.0,100.0,-5.9,-5.0,-5.0,0.386,3.4,38.4,0.014,0.104,0.056,11.3,11.3,0.405,0.429,0.17,0.178,91.29,94.46,78.71,94.46,0.09,563,0.8,2.3
1952,Raja Bell,Raja,1610612755,PHI,24.0,5,3,2,0.6,30.026666666666667,2,7,0.286,1,3,0.333,0,0,0.0,0,1,1,0,2,1,0,0,1,0,5,7,7.2,0,0,9.0,1,2000-01,6.0,110.6,104.5,104.5,98.9,95.4,95.4,11.7,9.2,9.2,0.0,0.0,0.0,0.0,0.031,0.017,22.2,22.2,0.357,0.357,0.127,0.138,99.94,104.71,87.26,104.71,-0.01,66,0.4,1.4
753,Randy Brown,Randy,1610612738,BOS,33.0,54,23,31,0.426,1237.9833333333331,100,237,0.422,0,3,0.0,23,40,0.575,23,76,99,154,56,62,10,16,132,1,223,-82,732.8,0,0,620.0,1,2000-01,22.9,98.2,98.2,98.2,99.6,100.5,100.5,-1.4,-2.3,-2.3,0.197,2.75,33.3,0.019,0.067,0.042,12.1,12.1,0.422,0.438,0.112,0.115,94.49,94.06,78.39,94.06,0.05,2413,1.9,4.4
988,Randy Livingston,Randy,1610612744,GSW,26.0,2,1,1,0.5,6.583333333333333,0,2,0.0,0,1,0.0,0,0,0.0,0,1,1,1,0,0,0,0,0,0,0,-3,2.7,0,0,2.0,1,2000-01,3.3,52.1,46.7,46.7,77.6,76.9,76.9,-25.6,-30.3,-30.3,0.333,0.0,33.3,0.0,0.0,0.0,0.0,0.0,0.0,0.0,0.111,0.13,95.95,102.08,85.06,102.08,0.0,15,0.0,1.0
1740,Rashard Lewis,Rashard,1610612760,SEA,21.0,78,43,35,0.551,2722.8416666666667,426,887,0.48,123,285,0.432,176,213,0.826,143,398,541,125,129,91,45,54,191,0,1151,90,2266.7,8,0,2212.0,1,2000-01,34.9,104.5,105.7,105.7,103.1,103.8,103.8,1.4,1.9,1.9,0.073,0.97,10.1,0.053,0.146,0.1,10.4,10.4,0.55,0.587,0.181,0.182,94.55,93.68,78.07,93.68,0.112,5309,5.5,11.4
739,Rasheed Wallace,Rasheed,1610612757,POR,26.0,77,48,29,0.623,2943.3316666666665,590,1178,0.501,52,162,0.321,245,320,0.766,147,455,602,212,158,90,135,35,206,1,1477,370,3034.4,18,0,2793.0,1,2000-01,38.2,104.4,105.2,105.2,98.0,99.0,99.0,6.3,6.2,6.2,0.128,1.34,12.5,0.055,0.158,0.109,9.3,9.4,0.523,0.56,0.232,0.234,91.35,90.57,75.48,90.57,0.145,5566,7.7,15.3
1725,Rasho Nesterovic,Rasho,1610612750,MIN,25.0,73,41,32,0.562,1239.4116666666666,147,319,0.461,0,1,0.0,34,65,0.523,99,187,286,45,55,25,63,27,189,0,328,2,947.7,3,0,835.0,1,2000-01,17.0,98.5,98.3,98.3,97.8,98.0,98.0,0.6,0.3,0.3,0.053,0.82,10.0,0.08,0.153,0.116,12.2,12.3,0.461,0.472,0.144,0.147,95.09,95.08,79.23,95.08,0.054,2452,2.0,4.4
951,Ray Allen,Ray,1610612749,MIL,25.0,82,52,30,0.634,3131.068333333333,628,1309,0.48,202,467,0.433,348,392,0.888,101,327,428,374,204,124,20,54,192,1,1806,347,3108.6,8,1,3098.0,1,2000-01,38.2,108.0,108.3,108.3,101.4,102.3,102.3,6.6,6.0,6.0,0.199,1.83,18.3,0.033,0.103,0.069,10.0,9.9,0.557,0.61,0.238,0.242,95.19,94.66,78.89,94.66,0.148,6164,7.7,16.0
397,Reggie Miller,Reggie,1610612754,IND,35.0,81,41,40,0.506,3182.7966666666666,517,1176,0.44,170,464,0.366,323,348,0.928,38,247,285,260,133,81,15,29,162,1,1527,1,2414.0,1,0,2434.0,1,2000-01,39.3,101.2,101.7,101.7,100.4,101.7,101.7,0.8,0.1,0.1,0.145,1.95,15.2,0.013,0.077,0.046,7.8,7.7,0.512,0.574,0.21,0.215,92.08,91.29,76.07,91.29,0.121,6052,6.4,14.5
1073,Reggie Slater,Reggie,1610612750,MIN,30.0,55,32,23,0.582,683.9366666666666,90,175,0.514,0,0,0.0,74,110,0.673,78,108,186,26,43,18,9,31,126,0,254,46,554.2,1,0,520.0,1,2000-01,12.4,108.2,107.2,107.2,104.7,102.8,102.8,3.5,4.5,4.5,0.055,0.6,8.9,0.119,0.156,0.138,14.7,14.7,0.514,0.568,0.17,0.174,94.15,95.45,79.54,95.45,0.067,1353,1.6,3.2
1888,Richard Hamilton,Richard,1610612764,WAS,23.0,78,19,59,0.244,2519.88,547,1249,0.438,40,146,0.274,277,319,0.868,75,163,238,224,201,75,10,91,203,5,1411,-333,2086.6,0,0,2083.0,1,2000-01,32.3,99.3,100.2,100.2,106.6,106.6,106.6,-7.3,-6.4,-6.4,0.172,1.11,12.3,0.03,0.068,0.048,11.1,11.1,0.454,0.508,0.276,0.281,95.05,94.59,78.82,94.59,0.097,4958,7.0,16.0
1594,Rick Brunson,Rick,1610612752,NYK,29.0,22,12,10,0.545,206.605,18,54,0.333,2,14,0.143,8,15,0.533,5,16,21,31,17,8,1,6,21,0,46,-2,127.7,0,0,118.0,2,2000-01,9.4,93.7,91.9,91.9,96.8,94.4,94.4,-3.0,-2.5,-2.5,0.287,1.82,28.7,0.022,0.081,0.05,15.7,15.7,0.352,0.38,0.158,0.166,93.93,96.07,80.06,96.07,0.042,418,0.8,2.5
296,Rick Fox,Rick,1610612747,LAL,31.0,82,56,26,0.683,2293.563333333333,287,646,0.444,118,300,0.393,95,122,0.779,80,245,325,262,136,70,29,42,225,0,787,284,1731.0,3,0,1690.0,1,2000-01,28.0,106.9,107.9,107.9,100.8,101.2,101.2,6.2,6.7,6.7,0.168,1.93,23.9,0.035,0.103,0.07,12.4,12.4,0.536,0.562,0.16,0.162,94.79,94.12,78.44,94.12,0.088,4490,3.5,7.9
1729,Ricky Davis,Ricky,1610612748,MIA,21.0,7,4,3,0.571,71.18333333333334,12,29,0.414,1,1,1.0,7,8,0.875,1,6,7,11,5,5,2,2,7,0,32,30,72.9,0,0,65.0,1,2000-01,10.2,109.1,110.3,110.3,88.0,87.6,87.6,21.1,22.7,22.7,0.234,2.2,22.4,0.014,0.075,0.045,10.2,10.3,0.431,0.492,0.229,0.229,92.35,92.04,76.7,92.04,0.118,136,1.7,4.1
109,Robert Horry,Robert,1610612747,LAL,30.0,79,54,25,0.684,1589.68,147,380,0.387,54,156,0.346,59,83,0.711,93,203,296,128,79,54,54,8,210,0,407,36,1199.2,2,0,1101.0,1,2000-01,20.1,104.7,104.7,104.7,102.6,103.1,103.1,2.1,1.6,1.6,0.124,1.62,20.4,0.059,0.127,0.093,12.6,12.7,0.458,0.489,0.138,0.141,94.23,94.0,78.33,94.0,0.068,3107,1.9,4.8
123,Robert Pack,Robert,1610612743,DEN,32.0,74,38,36,0.514,1261.445,181,426,0.425,12,31,0.387,105,137,0.766,30,107,137,293,135,65,1,42,114,0,479,-117,1145.9,6,1,1053.0,1,2000-01,17.0,99.0,98.1,98.1,103.4,102.8,102.8,-4.4,-4.7,-4.7,0.375,2.17,32.0,0.022,0.083,0.052,14.7,14.8,0.439,0.493,0.209,0.213,97.31,98.04,81.7,98.04,0.101,2578,2.4,5.8
1714,Robert Traylor,Robert,1610612739,CLE,24.0,70,25,45,0.357,1208.3333333333333,161,324,0.497,0,2,0.0,80,141,0.567,124,176,300,63,98,49,76,46,204,0,402,-99,1133.5,0,0,1015.0,1,2000-01,17.3,96.4,96.3,96.3,100.1,99.6,99.6,-3.7,-3.4,-3.4,0.088,0.64,11.5,0.106,0.152,0.129,17.9,17.9,0.497,0.521,0.177,0.181,93.79,94.11,78.42,94.11,0.074,2359,2.3,4.6
393,Rod Strickland,Rod,1610612757,POR,34.0,54,16,38,0.296,1372.335,182,429,0.424,4,17,0.235,130,173,0.751,36,104,140,303,107,53,5,27,76,0,498,-172,1187.5,4,0,1061.0,2,2000-01,25.4,95.3,96.4,96.4,101.4,102.2,102.2,-6.2,-5.8,-5.8,0.385,2.83,33.0,0.028,0.078,0.053,11.6,11.7,0.429,0.493,0.202,0.204,94.48,93.55,77.95,93.55,0.127,2666,3.4,7.9
1934,Rodney Buford,Rodney,1610612755,PHI,23.0,47,30,17,0.638,572.0116666666667,104,241,0.432,16,38,0.421,24,29,0.828,16,58,74,17,29,17,6,6,68,0,248,3,402.3,0,0,401.0,1,2000-01,12.2,101.4,99.4,99.4,101.6,99.9,99.9,-0.3,-0.5,-0.5,0.055,0.59,5.6,0.028,0.103,0.065,9.6,9.7,0.465,0.489,0.217,0.224,91.73,93.44,77.87,93.44,0.065,1118,2.2,5.1
915,Rodney Rogers,Rodney,1610612756,PHX,30.0,82,51,31,0.622,2181.5033333333336,377,876,0.43,56,189,0.296,188,247,0.761,94,265,359,180,157,97,47,59,269,0,998,69,1973.8,3,0,1881.0,1,2000-01,26.6,97.7,98.5,98.5,96.4,97.0,97.0,1.3,1.4,1.4,0.145,1.15,13.6,0.042,0.126,0.083,11.9,11.9,0.462,0.507,0.228,0.232,96.74,96.08,80.06,96.08,0.097,4370,4.6,10.7
166,Ron Harper,Ron,1610612747,LAL,37.0,47,31,16,0.66,1139.5,127,271,0.469,19,72,0.264,34,48,0.708,46,120,166,113,62,39,25,19,70,0,307,78,805.7,1,0,733.0,1,2000-01,24.2,105.9,106.4,106.4,101.6,102.5,102.5,4.2,3.9,3.9,0.144,1.82,24.2,0.041,0.102,0.072,13.3,13.3,0.504,0.525,0.137,0.139,93.96,93.35,77.79,93.35,0.088,2212,2.7,5.8
1500,Ron Mercer,Ron,1610612741,CHI,25.0,61,10,51,0.164,2534.375,500,1121,0.446,14,46,0.304,188,228,0.825,72,164,236,201,129,78,27,47,148,0,1202,-504,1972.7,2,0,1863.0,1,2000-01,41.5,94.8,96.2,96.2,105.8,106.6,106.6,-11.0,-10.4,-10.4,0.16,1.56,13.0,0.029,0.071,0.049,8.3,8.3,0.452,0.492,0.245,0.248,91.55,90.51,75.43,90.51,0.099,4775,8.2,18.4
1728,Roshown McLeod,Roshown,1610612755,PHI,25.0,35,12,23,0.343,917.7983333333332,145,332,0.437,2,22,0.091,45,51,0.882,38,82,120,58,58,23,8,23,90,0,337,-36,603.0,1,0,579.0,2,2000-01,26.2,94.8,94.7,94.7,97.4,96.6,96.6,-2.6,-1.9,-1.9,0.112,1.0,12.4,0.042,0.09,0.066,12.4,12.3,0.44,0.475,0.2,0.205,91.67,92.12,76.77,92.12,0.07,1760,4.1,9.5
2092,Ruben Garces,Ruben,1610612744,GSW,27.0,13,7,6,0.538,73.30166666666666,7,22,0.318,0,0,0.0,2,8,0.25,16,13,29,5,5,3,2,1,14,0,16,20,68.3,0,0,60.0,2,2000-01,5.6,99.2,98.2,98.2,87.8,84.8,84.8,11.3,13.3,13.3,0.088,1.0,13.9,0.154,0.146,0.15,13.9,14.1,0.318,0.313,0.146,0.149,105.02,107.39,89.49,107.39,0.031,163,0.5,1.7
1739,Ruben Patterson,Ruben,1610612760,SEA,25.0,76,41,35,0.539,2060.695,370,749,0.494,2,36,0.056,246,361,0.681,183,199,382,161,155,103,45,91,176,2,988,102,1976.9,6,0,1829.0,1,2000-01,27.1,105.1,105.9,105.9,102.1,102.9,102.9,3.0,3.0,3.0,0.13,1.04,13.2,0.093,0.096,0.094,12.7,12.7,0.495,0.544,0.227,0.232,94.86,94.12,78.43,94.12,0.11,4031,4.9,9.9
2106,Ruben Wolkowyski,Ruben,1610612760,SEA,27.0,34,16,18,0.471,303.46,25,79,0.316,0,2,0.0,25,34,0.735,12,34,46,3,12,6,18,16,38,0,75,8,194.7,0,0,172.0,1,2000-01,8.9,99.3,99.2,99.2,98.0,96.0,96.0,1.3,3.2,3.2,0.015,0.25,2.7,0.037,0.1,0.07,10.9,11.0,0.316,0.399,0.15,0.153,97.81,98.86,82.38,98.86,0.021,619,0.7,2.3
1763,Ryan Bowen,Ryan,1610612743,DEN,25.0,57,25,32,0.439,698.0333333333333,80,144,0.556,4,11,0.364,27,44,0.614,62,51,113,30,24,37,12,17,95,0,191,-30,494.6,0,0,436.0,1,2000-01,12.2,98.8,98.1,98.1,101.1,99.8,99.8,-2.3,-1.7,-1.7,0.068,1.25,13.9,0.083,0.073,0.078,11.1,11.0,0.569,0.585,0.113,0.117,95.12,96.03,80.02,96.03,0.065,1393,1.4,2.5
208,Sam Cassell,Sam,1610612749,MIL,31.0,76,51,25,0.671,2710.6666666666665,537,1132,0.474,30,98,0.306,277,323,0.858,46,244,290,580,220,88,8,45,214,2,1381,169,2667.0,17,0,2473.0,1,2000-01,35.7,107.1,107.1,107.1,102.5,103.3,103.3,4.6,3.7,3.7,0.346,2.64,28.0,0.017,0.087,0.053,10.6,10.6,0.488,0.542,0.242,0.246,96.35,96.01,80.01,96.01,0.134,5406,7.1,14.9
1734,Sam Jacobson,Sam,1610612750,MIN,25.0,14,9,5,0.643,57.031666666666666,9,18,0.5,0,0,0.0,2,3,0.667,3,3,6,4,0,3,0,1,19,0,20,3,42.2,0,0,36.0,1,2000-01,4.1,121.3,116.8,116.8,118.9,112.4,112.4,2.5,4.4,4.4,0.082,0.0,17.4,0.049,0.056,0.052,0.0,0.0,0.5,0.518,0.134,0.144,96.35,101.0,84.16,101.0,0.011,119,0.6,1.3
417,Sam Mitchell,Sam,1610612750,MIN,37.0,82,47,35,0.573,981.8983333333332,118,289,0.408,9,43,0.209,40,55,0.727,28,95,123,57,36,26,10,6,117,0,285,-83,590.1,0,0,546.0,1,2000-01,12.0,100.9,100.1,100.1,105.4,104.2,104.2,-4.5,-4.1,-4.1,0.089,1.58,14.1,0.028,0.104,0.065,8.9,8.9,0.424,0.455,0.156,0.161,93.43,94.35,78.62,94.35,0.045,1928,1.4,3.5
64,Sam Perkins,Sam,1610612754,IND,40.0,64,34,30,0.531,998.4066666666666,86,226,0.381,38,110,0.345,32,38,0.842,32,136,168,41,19,33,18,12,61,1,242,37,639.1,0,0,591.0,1,2000-01,15.6,100.4,100.6,100.6,100.4,99.7,99.7,0.0,0.9,0.9,0.066,2.16,13.6,0.033,0.143,0.088,6.3,6.3,0.465,0.499,0.121,0.123,90.51,90.72,75.6,90.72,0.081,1897,1.3,3.5
955,Samaki Walker,Samaki,1610612759,SAS,25.0,61,45,16,0.738,965.7433333333332,121,252,0.48,1,3,0.333,78,124,0.629,67,176,243,29,68,10,41,22,103,0,321,-56,741.1,2,0,696.0,1,2000-01,15.8,102.6,99.3,99.3,103.2,102.5,102.5,-0.6,-3.3,-3.3,0.053,0.43,7.1,0.074,0.182,0.13,16.7,16.9,0.482,0.524,0.178,0.185,91.06,92.87,77.39,92.87,0.081,1871,2.0,4.1
1513,Scot Pollard,Scot,1610612758,SAC,26.0,77,52,25,0.675,1660.58,185,395,0.468,0,2,0.0,128,171,0.749,173,292,465,47,66,48,97,65,206,1,498,302,1495.5,10,0,1300.0,1,2000-01,21.6,101.4,101.8,101.8,92.2,92.2,92.2,9.1,9.6,9.6,0.046,0.71,8.1,0.102,0.165,0.135,11.3,11.3,0.468,0.53,0.143,0.146,93.91,93.74,78.12,93.74,0.1,3239,2.4,5.1
197,Scott Burrell,Scott,1610612766,CHH,30.0,4,4,0,1.0,39.95,7,15,0.467,2,6,0.333,1,4,0.25,1,2,3,1,0,3,0,1,8,0,17,-8,31.1,0,0,29.0,1,2000-01,10.0,95.7,90.2,90.2,106.0,102.5,102.5,-10.3,-12.3,-12.3,0.048,0.0,5.6,0.029,0.05,0.04,0.0,0.0,0.533,0.507,0.189,0.196,92.95,97.32,81.1,97.32,0.035,82,1.8,3.8
1909,Scott Padgett,Scott,1610612762,UTA,25.0,27,20,7,0.741,126.13833333333334,18,43,0.419,5,9,0.556,15,20,0.75,19,20,39,5,10,6,3,6,21,0,56,2,127.3,0,0,123.0,1,2000-01,4.7,99.9,94.7,94.7,102.8,96.1,96.1,-2.9,-1.4,-1.4,0.076,0.5,7.4,0.145,0.169,0.157,14.7,15.0,0.477,0.541,0.204,0.214,92.8,98.56,82.13,98.56,0.115,262,0.7,1.6
281,Scott Williams,Scott,1610612749,MIL,33.0,66,43,23,0.652,1270.495,171,361,0.474,1,4,0.25,60,70,0.857,97,267,364,35,41,48,32,11,178,2,403,313,1091.3,4,0,963.0,1,2000-01,19.2,108.8,109.3,109.3,96.6,96.4,96.4,12.2,12.8,12.8,0.04,0.85,7.4,0.078,0.214,0.146,8.7,8.8,0.475,0.514,0.151,0.153,95.25,95.09,79.24,95.09,0.094,2512,2.6,5.5
937,Scottie Pippen,Scottie,1610612757,POR,35.0,64,37,27,0.578,2130.8616666666667,269,596,0.451,64,186,0.344,119,161,0.739,70,263,333,294,154,94,35,29,158,1,721,239,1794.6,6,0,1670.0,1,2000-01,33.3,105.5,106.0,106.0,99.6,100.6,100.6,5.8,5.5,5.5,0.212,1.91,26.3,0.036,0.127,0.083,13.8,13.8,0.505,0.541,0.176,0.178,92.13,91.44,76.2,91.44,0.108,4068,4.2,9.3
2173,Sean Colson,Sean,1610612745,HOU,25.0,13,5,8,0.385,44.68833333333333,6,24,0.25,1,5,0.2,2,4,0.5,2,4,6,10,2,1,0,1,6,0,15,-34,38.2,0,0,34.0,2,2000-01,3.4,78.6,74.0,74.0,113.8,110.2,110.2,-35.2,-36.2,-36.2,0.455,5.0,26.3,0.036,0.091,0.061,5.3,5.3,0.271,0.291,0.246,0.264,101.5,106.34,88.61,106.34,0.021,100,0.5,1.8
251,Sean Elliott,Sean,1610612759,SAS,33.0,52,35,17,0.673,1229.746666666667,147,339,0.434,55,129,0.426,60,84,0.714,17,153,170,81,51,23,25,38,80,0,409,167,827.5,0,0,811.0,1,2000-01,23.6,100.1,99.1,99.1,91.5,92.4,92.4,8.6,6.7,6.7,0.115,1.59,15.9,0.015,0.116,0.068,10.0,10.0,0.515,0.544,0.16,0.164,91.7,91.75,76.45,91.75,0.096,2355,2.8,6.5
399,Sean Rooks,Sean,1610612746,LAC,31.0,82,31,51,0.378,1551.6566666666668,169,395,0.428,1,2,0.5,107,143,0.748,91,212,303,77,73,34,64,15,197,0,446,41,1146.1,1,0,1023.0,1,2000-01,18.9,100.7,100.9,100.9,99.8,99.2,99.2,0.9,1.7,1.7,0.081,1.05,12.6,0.061,0.129,0.097,11.9,12.0,0.429,0.487,0.155,0.157,93.19,93.38,77.81,93.38,0.071,3014,2.1,4.8
1742,Shammond Williams,Shammond,1610612760,SEA,26.0,69,35,34,0.507,1239.2233333333334,161,368,0.438,61,133,0.459,84,96,0.875,34,98,132,190,82,31,4,20,83,0,467,-1,933.4,0,0,920.0,1,2000-01,18.0,103.2,102.9,102.9,103.4,103.2,103.2,-0.1,-0.4,-0.4,0.242,2.32,28.1,0.028,0.079,0.054,12.1,12.0,0.52,0.569,0.175,0.18,94.1,94.32,78.6,94.32,0.105,2439,2.3,5.3
1000,Shandon Anderson,Shandon,1610612745,HOU,27.0,82,45,37,0.549,2397.72,263,590,0.446,46,170,0.271,138,188,0.734,72,261,333,189,131,82,40,39,202,1,710,-2,1628.1,4,0,1522.0,1,2000-01,29.2,102.2,103.3,103.3,102.4,103.3,103.3,-0.2,0.0,0.0,0.123,1.44,19.1,0.032,0.11,0.072,13.2,13.2,0.485,0.528,0.152,0.154,93.72,92.79,77.32,92.79,0.076,4635,3.2,7.2
406,Shaquille O'Neal,Shaquille,1610612747,LAL,29.0,74,51,23,0.689,2921.806666666667,813,1422,0.572,0,2,0.0,499,972,0.513,291,649,940,277,218,47,204,50,256,0,2125,465,4203.5,60,0,3844.0,1,2000-01,39.5,109.4,111.0,111.0,101.5,102.6,102.6,7.9,8.4,8.4,0.177,1.27,11.8,0.103,0.219,0.162,9.3,9.3,0.572,0.574,0.315,0.318,94.09,92.97,77.47,92.97,0.186,5655,11.0,19.2
949,Shareef Abdur-Rahim,Shareef,1610612763,VAN,24.0,81,23,58,0.284,3240.56,604,1280,0.472,12,64,0.188,443,531,0.834,175,560,735,250,231,90,77,151,238,0,1663,-435,3190.0,33,0,2994.0,1,2000-01,40.0,97.0,97.9,97.9,104.3,104.7,104.7,-7.3,-6.8,-6.8,0.142,1.08,12.7,0.056,0.176,0.116,11.7,11.6,0.477,0.549,0.239,0.245,94.42,93.79,78.16,93.79,0.136,6330,7.5,15.8
762,Shawn Bradley,Shawn,1610612742,DAL,29.0,82,53,29,0.646,2002.8666666666663,219,447,0.49,1,6,0.167,140,178,0.787,160,448,608,38,88,36,228,34,256,2,579,372,2069.6,13,0,1754.0,1,2000-01,24.4,104.0,104.2,104.2,93.6,93.6,93.6,10.5,10.7,10.7,0.029,0.43,5.8,0.084,0.206,0.149,13.5,13.5,0.491,0.551,0.141,0.143,93.12,93.01,77.51,93.01,0.11,3860,2.7,5.5
431,Shawn Kemp,Shawn,1610612757,POR,31.0,68,42,26,0.618,1084.3566666666666,168,413,0.407,4,11,0.364,101,131,0.771,63,196,259,65,99,45,23,28,184,0,441,-26,954.3,1,0,905.0,1,2000-01,15.9,99.3,98.7,98.7,100.8,100.9,100.9,-1.5,-2.3,-2.3,0.106,0.66,10.2,0.062,0.199,0.13,15.6,15.6,0.412,0.469,0.237,0.243,91.73,92.01,76.67,92.01,0.071,2089,2.5,6.1
1890,Shawn Marion,Shawn,1610612756,PHX,23.0,79,50,29,0.633,2858.69,557,1160,0.48,21,82,0.256,234,289,0.81,220,628,848,160,129,132,108,59,211,0,1369,277,3217.6,47,0,2878.0,1,2000-01,36.2,98.6,99.6,99.6,93.8,94.5,94.5,4.8,5.1,5.1,0.102,1.24,10.2,0.077,0.225,0.15,8.2,8.2,0.489,0.532,0.218,0.222,95.34,94.52,78.77,94.52,0.169,5625,7.1,14.7
1035,Shawnelle Scott,Shawnelle,1610612759,SAS,29.0,27,25,2,0.926,142.02333333333334,17,41,0.415,0,0,0.0,9,22,0.409,23,27,50,4,11,5,6,8,23,0,43,-62,131.0,1,0,119.0,1,2000-01,5.3,97.6,89.3,89.3,113.1,112.2,112.2,-15.5,-22.9,-22.9,0.051,0.36,6.0,0.165,0.206,0.185,16.4,16.7,0.415,0.424,0.196,0.211,89.88,94.29,78.58,94.29,0.048,280,0.6,1.5
428,Sherman Douglas,Sherman,1610612751,NJN,34.0,59,19,40,0.322,1089.8283333333334,122,303,0.403,8,40,0.2,86,115,0.748,21,53,74,144,79,36,4,26,93,0,338,-117,683.8,1,0,644.0,1,2000-01,18.5,94.0,94.7,94.7,100.2,99.8,99.8,-6.2,-5.0,-5.0,0.243,1.82,25.0,0.02,0.052,0.036,13.7,13.7,0.416,0.478,0.182,0.185,92.04,91.92,76.6,91.92,0.069,2081,2.1,5.1
2098,Slava Medvedenko,Slava,1610612747,LAL,22.0,7,5,2,0.714,37.35666666666667,12,25,0.48,1,1,1.0,7,12,0.583,1,8,9,2,3,1,1,3,9,0,32,-1,48.8,0,0,48.0,1,2000-01,5.3,108.3,104.4,104.4,105.1,102.2,102.2,3.3,2.3,2.3,0.087,0.67,5.6,0.023,0.14,0.09,8.3,8.5,0.5,0.528,0.327,0.337,113.82,117.57,97.97,117.57,0.1,90,1.7,3.6
2066,Soumaila Samake,Soumaila,1610612751,NJN,23.0,34,9,25,0.265,223.105,18,48,0.375,0,0,0.0,10,24,0.417,22,31,53,1,4,2,14,6,23,1,46,-24,155.1,0,0,132.0,1,2000-01,6.6,93.9,93.1,93.1,102.8,98.7,98.7,-9.0,-5.6,-5.6,0.008,0.25,1.5,0.089,0.139,0.113,6.2,6.3,0.375,0.393,0.122,0.123,94.16,96.49,80.41,96.49,0.046,449,0.5,1.4
278,Stacey Augmon,Stacey,1610612757,POR,32.0,66,43,23,0.652,1183.9116666666666,127,266,0.477,0,4,0.0,57,87,0.655,60,99,159,98,48,48,21,13,105,2,311,21,807.8,0,0,706.0,1,2000-01,17.9,99.7,98.5,98.5,96.9,96.7,96.7,2.8,1.7,1.7,0.131,2.04,21.7,0.054,0.083,0.069,10.6,10.7,0.477,0.511,0.136,0.139,92.24,92.87,77.39,92.87,0.075,2281,1.9,4.0
1536,Stephen Jackson,Stephen,1610612751,NJN,23.0,77,25,52,0.325,1662.5716666666667,243,572,0.425,52,155,0.335,97,135,0.719,41,167,208,140,130,86,14,36,166,0,635,-147,1264.6,1,0,1235.0,1,2000-01,21.6,95.6,96.0,96.0,100.7,100.0,100.0,-5.1,-4.0,-4.0,0.15,1.08,15.5,0.024,0.103,0.063,14.4,14.4,0.47,0.503,0.204,0.206,95.37,95.46,79.55,95.46,0.078,3299,3.2,7.4
950,Stephon Marbury,Stephon,1610612751,NJN,24.0,67,22,45,0.328,2558.3116666666665,563,1277,0.441,110,335,0.328,362,458,0.79,53,152,205,506,197,79,5,90,150,0,1598,-259,2658.0,12,1,2587.0,1,2000-01,38.2,98.6,99.6,99.6,104.2,104.8,104.8,-5.7,-5.2,-5.2,0.389,2.57,23.2,0.02,0.061,0.04,9.0,9.0,0.484,0.54,0.288,0.293,95.96,95.21,79.34,95.21,0.149,5077,8.4,19.1
1883,Steve Francis,Steve,1610612745,HOU,24.0,80,45,35,0.563,3193.963333333333,550,1219,0.451,133,336,0.396,358,438,0.817,190,363,553,517,265,141,31,72,274,1,1591,186,3281.1,24,2,3138.0,1,2000-01,39.9,104.5,105.8,105.8,101.9,102.5,102.5,2.6,3.3,3.3,0.278,1.95,23.7,0.063,0.115,0.089,12.1,12.1,0.506,0.563,0.238,0.241,93.26,92.36,76.96,92.36,0.139,6137,6.9,15.2
1864,Steve Goodrich,Steve,1610612741,CHI,25.0,12,3,9,0.25,131.85166666666666,7,18,0.389,1,3,0.333,4,7,0.571,7,14,21,6,8,2,1,1,14,0,19,-10,54.2,0,0,53.0,1,2000-01,11.0,94.4,95.8,95.8,102.6,99.2,99.2,-8.2,-3.3,-3.3,0.075,0.75,17.1,0.056,0.116,0.086,22.9,22.8,0.417,0.451,0.101,0.104,86.93,87.73,73.11,87.73,0.025,240,0.6,1.5
70,Steve Kerr,Steve,1610612759,SAS,35.0,55,42,13,0.764,652.2583333333333,67,159,0.421,33,77,0.429,14,15,0.933,6,29,35,57,21,16,1,2,30,0,181,5,338.5,0,0,340.0,1,2000-01,11.9,104.8,101.3,101.3,102.3,102.9,102.9,2.5,-1.7,-1.7,0.143,2.71,23.6,0.01,0.045,0.028,8.7,8.6,0.525,0.546,0.128,0.135,89.82,91.07,75.89,91.07,0.071,1250,1.2,2.9
959,Steve Nash,Steve,1610612742,DAL,27.0,70,48,22,0.686,2386.6266666666666,386,792,0.487,89,219,0.406,231,258,0.895,46,177,223,509,205,72,5,44,158,0,1092,320,2149.1,12,0,2067.0,1,2000-01,34.1,107.0,107.9,107.9,100.5,100.9,100.9,6.5,7.0,7.0,0.335,2.48,31.8,0.021,0.071,0.047,12.8,12.7,0.544,0.603,0.205,0.211,96.44,95.83,79.86,95.83,0.133,4759,5.5,11.3
120,Steven Smith,Steven,1610612757,POR,32.0,81,49,32,0.605,2541.2516666666666,359,788,0.456,78,230,0.339,309,347,0.89,87,185,272,213,137,48,24,30,203,1,1105,278,1829.9,1,0,1812.0,1,2000-01,31.4,105.4,105.3,105.3,99.8,100.2,100.2,5.6,5.1,5.1,0.139,1.55,16.7,0.037,0.075,0.057,10.8,10.6,0.505,0.587,0.19,0.197,91.54,91.38,76.15,91.38,0.102,4854,4.4,9.7
2031,Stromile Swift,Stromile,1610612763,VAN,21.0,80,22,58,0.275,1313.22,153,339,0.451,0,4,0.0,85,141,0.603,109,175,284,28,64,62,82,41,160,0,391,-155,1141.8,1,0,991.0,1,2000-01,16.4,99.0,98.5,98.5,104.1,103.7,103.7,-5.1,-5.3,-5.3,0.035,0.44,5.7,0.088,0.137,0.113,13.0,13.0,0.451,0.487,0.161,0.165,92.84,93.28,77.73,93.28,0.067,2542,1.9,4.2
1505,Tariq Abdul-Wahad,Tariq,1610612743,DEN,26.0,29,15,14,0.517,420.6983333333333,43,111,0.387,4,10,0.4,21,36,0.583,14,45,59,22,34,14,13,10,54,0,111,-93,261.8,0,0,250.0,1,2000-01,14.5,93.0,91.3,91.3,100.8,103.0,103.0,-7.8,-11.7,-11.7,0.087,0.65,12.0,0.031,0.103,0.066,18.5,18.6,0.405,0.438,0.166,0.17,95.95,95.78,79.82,95.78,0.029,842,1.5,3.8
2121,Terrance Roberson,Terrance,1610612766,CHH,24.0,3,3,0,1.0,12.316666666666666,0,2,0.0,0,1,0.0,0,0,0.0,0,1,1,1,2,0,0,0,3,0,0,-6,0.7,0,0,2.0,1,2000-01,4.1,104.3,96.2,96.2,120.0,119.2,119.2,-15.6,-23.1,-23.1,0.111,0.5,20.0,0.0,0.0,0.0,40.0,40.0,0.0,0.0,0.125,0.134,97.04,101.33,84.44,101.33,-0.145,26,0.0,0.7
210,Terrell Brandon,Terrell,1610612750,MIN,31.0,78,43,35,0.551,2822.05,511,1134,0.451,33,91,0.363,195,224,0.871,60,238,298,583,155,161,21,40,138,0,1250,119,2873.1,16,1,2528.0,1,2000-01,36.2,103.5,104.3,104.3,100.9,101.9,101.9,2.6,2.5,2.5,0.326,3.76,29.8,0.021,0.087,0.054,7.9,7.9,0.465,0.507,0.217,0.221,94.48,93.62,78.01,93.62,0.137,5496,6.6,14.5
426,Terry Davis,Terry,1610612743,DEN,34.0,19,7,12,0.368,225.25,12,25,0.48,0,0,0.0,9,22,0.409,24,29,53,7,5,1,1,2,34,1,33,-42,108.1,0,0,97.0,1,2000-01,11.9,97.0,96.1,96.1,105.6,104.3,104.3,-8.5,-8.2,-8.2,0.05,1.4,14.9,0.089,0.144,0.113,10.6,10.7,0.48,0.476,0.072,0.074,97.19,98.24,81.86,98.24,0.026,459,0.6,1.3
371,Terry Mills,Terry,1610612754,IND,33.0,14,6,8,0.429,112.74166666666666,11,34,0.324,3,17,0.176,0,0,0.0,4,17,21,5,10,3,1,1,20,0,25,-42,59.7,0,0,62.0,1,2000-01,8.1,89.4,88.2,88.2,105.8,105.2,105.2,-16.3,-17.0,-17.0,0.082,0.5,10.2,0.034,0.148,0.09,20.4,20.4,0.368,0.368,0.169,0.174,97.2,98.14,81.78,98.14,-0.002,229,0.8,2.4
345,Terry Porter,Terry,1610612759,SAS,38.0,80,57,23,0.713,1679.055,197,440,0.448,87,205,0.424,92,116,0.793,24,177,201,251,104,52,11,21,88,0,573,363,1275.7,2,0,1238.0,1,2000-01,21.0,105.0,104.0,104.0,91.8,92.3,92.3,13.2,11.7,11.7,0.248,2.41,29.7,0.015,0.1,0.06,12.3,12.3,0.547,0.583,0.162,0.167,91.53,91.67,76.39,91.67,0.122,3201,2.5,5.5
689,Theo Ratliff,Theo,1610612755,PHI,28.0,50,36,14,0.72,1801.4883333333328,228,457,0.499,0,0,0.0,165,217,0.76,125,288,413,58,126,30,187,31,165,1,621,225,1728.6,12,0,1526.0,1,2000-01,36.0,100.0,101.0,101.0,94.2,94.2,94.2,5.8,6.8,6.8,0.054,0.46,7.8,0.073,0.154,0.116,16.9,17.1,0.499,0.562,0.171,0.172,93.06,92.63,77.19,92.63,0.11,3471,4.6,9.1
1495,Tim Duncan,Tim,1610612759,SAS,25.0,82,58,24,0.707,3173.9533333333334,702,1406,0.499,7,27,0.259,409,662,0.618,259,738,997,245,242,70,192,102,247,1,1820,692,3927.9,66,0,3593.0,1,2000-01,38.7,105.4,105.5,105.5,93.1,94.0,94.0,12.3,11.5,11.5,0.15,1.01,11.2,0.088,0.221,0.159,11.0,11.1,0.502,0.536,0.284,0.287,91.83,91.33,76.11,91.33,0.17,6039,8.6,17.1
896,Tim Hardaway,Tim,1610612748,MIA,34.0,77,46,31,0.597,2613.9266666666667,408,1042,0.392,189,517,0.366,145,181,0.801,26,178,204,483,189,90,6,18,155,1,1150,229,2218.3,6,0,2218.0,1,2000-01,33.9,100.7,100.9,100.9,96.0,96.8,96.8,4.8,4.2,4.2,0.344,2.56,27.0,0.011,0.072,0.041,10.6,10.5,0.482,0.513,0.239,0.244,89.5,89.01,74.17,89.01,0.123,4861,5.3,13.5
1906,Tim James,Tim,1610612766,CHH,24.0,30,19,11,0.633,198.775,16,52,0.308,1,3,0.333,12,14,0.857,15,20,35,8,8,2,5,3,27,0,45,-5,112.0,0,0,103.0,1,2000-01,6.6,97.2,93.4,93.4,97.1,94.9,94.9,0.2,-1.5,-1.5,0.065,1.0,10.7,0.079,0.095,0.087,10.7,10.8,0.317,0.387,0.147,0.154,91.58,94.54,78.78,94.54,0.021,392,0.5,1.7
1501,Tim Thomas,Tim,1610612749,MIL,24.0,76,48,28,0.632,2084.28,326,758,0.43,107,260,0.412,195,253,0.771,79,234,313,138,114,78,45,43,194,0,954,273,1791.6,3,0,1758.0,1,2000-01,27.4,108.5,107.9,107.9,101.6,100.8,100.8,7.0,7.1,7.1,0.108,1.21,12.3,0.039,0.113,0.076,10.1,10.2,0.501,0.549,0.21,0.214,94.19,94.84,79.03,94.84,0.098,4108,4.3,10.0
103,Todd Day,Todd,1610612750,MIN,31.0,31,20,11,0.645,340.7333333333333,44,118,0.373,26,69,0.377,18,23,0.783,10,27,37,28,24,10,7,8,52,0,132,3,245.4,0,0,257.0,1,2000-01,11.0,101.7,100.1,100.1,101.6,99.0,99.0,0.1,1.2,1.2,0.131,1.17,15.6,0.031,0.083,0.057,13.3,13.3,0.483,0.515,0.195,0.203,94.17,96.15,80.12,96.15,0.048,680,1.4,3.8
957,Todd Fuller,Todd,1610612748,MIA,26.0,10,5,5,0.5,75.60333333333334,10,35,0.286,0,0,0.0,8,8,1.0,7,11,18,1,3,3,2,2,10,0,28,-7,63.1,0,0,57.0,1,2000-01,7.6,86.7,85.6,85.6,91.1,89.8,89.8,-4.4,-4.2,-4.2,0.027,0.33,2.3,0.083,0.175,0.122,7.0,7.1,0.286,0.363,0.255,0.256,91.75,93.01,77.51,93.01,0.051,146,1.0,3.5
1928,Todd MacCulloch,Todd,1610612755,PHI,25.0,63,44,19,0.698,595.845,109,185,0.589,0,0,0.0,42,66,0.636,69,99,168,10,27,7,19,28,96,0,260,-23,527.6,0,0,490.0,1,2000-01,9.5,100.2,98.3,98.3,100.1,98.4,98.4,0.1,0.0,0.0,0.03,0.37,4.0,0.119,0.158,0.139,10.7,10.8,0.589,0.607,0.175,0.181,95.94,97.68,81.4,97.68,0.104,1201,1.7,2.9
339,Tom Gugliotta,Tom,1610612756,PHX,31.0,57,36,21,0.632,1160.5116666666668,149,380,0.392,3,12,0.25,61,77,0.792,76,179,255,55,51,47,21,32,110,1,362,68,903.5,4,0,811.0,1,2000-01,20.4,97.4,97.5,97.5,95.4,94.1,94.1,2.0,3.4,3.4,0.078,1.08,10.5,0.063,0.158,0.109,9.8,9.8,0.396,0.437,0.176,0.179,94.87,95.5,79.59,95.5,0.081,2304,2.6,6.7
67,Tom Hammonds,Tom,1610612750,MIN,34.0,7,4,3,0.571,30.245,3,10,0.3,0,0,0.0,1,2,0.5,2,2,4,1,3,0,0,0,8,2,7,8,10.3,0,0,12.0,1,2000-01,4.3,119.3,112.1,112.1,97.0,98.5,98.5,22.3,13.6,13.6,0.04,0.33,6.7,0.065,0.065,0.065,20.0,20.2,0.3,0.322,0.184,0.198,103.22,105.54,87.95,105.54,-0.077,66,0.4,1.4
389,Toni Kukoc,Toni,1610612737,ATL,32.0,65,43,22,0.662,1597.8016666666667,275,582,0.473,70,157,0.446,101,160,0.631,66,193,259,199,111,48,11,33,98,0,721,158,1396.3,6,2,1367.0,2,2000-01,24.6,104.8,104.9,104.9,100.3,100.3,100.3,4.5,4.6,4.6,0.207,1.79,20.7,0.045,0.122,0.085,11.6,11.5,0.533,0.553,0.212,0.216,94.42,94.39,78.66,94.39,0.122,3149,4.2,9.0
1499,Tony Battie,Tony,1610612738,BOS,25.0,40,14,26,0.35,845.3083333333333,108,201,0.537,0,3,0.0,44,69,0.638,73,160,233,16,37,27,60,7,126,0,260,-44,787.6,4,0,683.0,1,2000-01,21.1,95.6,95.9,95.9,97.7,97.3,97.3,-2.1,-1.5,-1.5,0.034,0.43,5.6,0.086,0.19,0.138,13.0,13.0,0.537,0.562,0.142,0.144,95.3,95.34,79.45,95.34,0.102,1669,2.7,5.0
960,Tony Delk,Tony,1610612756,PHX,27.0,82,51,31,0.622,2287.588333333333,383,923,0.415,54,168,0.321,185,235,0.787,76,185,261,160,101,75,17,62,171,0,1005,91,1733.2,1,0,1664.0,1,2000-01,27.9,99.5,99.6,99.6,97.4,97.5,97.5,2.1,2.1,2.1,0.118,1.58,12.4,0.033,0.082,0.057,7.8,7.8,0.444,0.49,0.213,0.217,97.17,97.07,80.89,97.07,0.087,4623,4.7,11.3
763,Tony Massenburg,Tony,1610612763,VAN,33.0,52,13,39,0.25,818.9666666666667,92,199,0.462,0,0,0.0,49,70,0.7,75,135,210,9,48,10,28,21,122,0,233,-119,564.5,2,0,528.0,1,2000-01,15.7,96.6,96.2,96.2,103.5,103.5,103.5,-6.9,-7.3,-7.3,0.018,0.19,3.1,0.092,0.166,0.129,16.7,16.7,0.462,0.507,0.154,0.158,92.12,92.31,76.93,92.31,0.053,1573,1.8,3.8
380,Tony Smith,Tony,1610612737,ATL,33.0,6,2,4,0.333,77.67333333333333,8,23,0.348,0,2,0.0,1,2,0.5,2,1,3,10,9,7,0,1,12,0,17,-18,47.6,0,0,44.0,1,2000-01,12.9,92.1,87.7,87.7,105.1,102.6,102.6,-13.0,-14.9,-14.9,0.2,1.11,23.3,0.028,0.014,0.021,20.9,21.0,0.348,0.356,0.179,0.19,94.69,98.26,81.88,98.26,-0.004,162,1.3,3.8
1503,Tracy McGrady,Tracy,1610612753,ORL,22.0,77,39,38,0.506,3093.661666666667,788,1724,0.457,59,166,0.355,430,587,0.733,192,388,580,352,198,116,118,97,160,1,2065,253,3793.0,18,0,3524.0,1,2000-01,40.2,102.7,104.3,104.3,98.2,99.8,99.8,4.5,4.5,4.5,0.218,1.78,13.9,0.06,0.124,0.091,7.8,7.8,0.474,0.521,0.309,0.311,95.95,94.49,78.74,94.49,0.171,6080,10.2,22.4
145,Tracy Murray,Tracy,1610612761,TOR,29.0,51,26,25,0.51,588.5,94,248,0.379,36,103,0.35,33,42,0.786,22,59,81,23,26,12,7,16,53,1,257,-44,419.7,0,0,435.0,2,2000-01,11.5,99.6,100.2,100.2,104.5,104.3,104.3,-4.9,-4.1,-4.1,0.068,0.88,7.3,0.034,0.105,0.067,8.3,8.2,0.452,0.482,0.213,0.217,95.84,95.67,79.73,95.67,0.065,1175,1.8,4.9
1892,Trajan Langdon,Trajan,1610612739,CLE,25.0,65,21,44,0.323,1116.513333333333,135,313,0.431,51,124,0.411,68,76,0.895,12,77,89,81,52,38,9,24,114,0,389,-29,706.3,0,0,704.0,1,2000-01,17.2,98.8,99.4,99.4,101.1,100.5,100.5,-2.3,-1.2,-1.2,0.119,1.56,17.2,0.011,0.07,0.041,11.0,10.8,0.513,0.561,0.155,0.161,94.21,94.17,78.48,94.17,0.072,2189,2.1,4.8
696,Travis Best,Travis,1610612754,IND,28.0,77,38,39,0.494,2456.33,347,788,0.44,37,97,0.381,187,226,0.827,38,184,222,473,127,110,11,41,246,1,918,117,2129.9,14,0,1892.0,1,2000-01,31.9,100.8,101.2,101.2,98.7,98.5,98.5,2.0,2.8,2.8,0.34,3.72,31.7,0.016,0.074,0.046,8.5,8.5,0.464,0.517,0.19,0.193,91.34,91.24,76.03,91.24,0.122,4663,4.5,10.2
969,Travis Knight,Travis,1610612752,NYK,26.0,45,29,16,0.644,254.59,10,53,0.189,0,1,0.0,9,18,0.5,19,34,53,5,10,5,11,4,47,0,29,-26,138.1,0,0,119.0,1,2000-01,5.7,89.4,83.8,83.8,90.8,88.6,88.6,-1.3,-4.8,-4.8,0.038,0.5,6.5,0.076,0.129,0.103,13.0,13.2,0.189,0.238,0.127,0.135,88.52,92.48,77.07,92.48,-0.043,489,0.2,1.2
1607,Troy Hudson,Troy,1610612753,ORL,25.0,75,38,37,0.507,1005.1383333333332,125,372,0.336,22,109,0.202,85,104,0.817,38,67,105,162,92,37,3,29,82,0,357,-87,754.0,0,0,726.0,1,2000-01,13.4,98.3,95.9,95.9,103.3,100.6,100.6,-5.0,-4.6,-4.6,0.269,1.76,24.3,0.036,0.065,0.05,13.8,13.7,0.366,0.427,0.209,0.22,97.14,99.62,83.01,99.62,0.069,2091,1.7,5.0
895,Tyrone Corbin,Tyrone,1610612761,TOR,38.0,15,8,7,0.533,116.97666666666667,9,38,0.237,0,5,0.0,2,4,0.5,3,10,13,4,3,2,0,6,18,0,20,-33,44.6,0,0,41.0,1,2000-01,7.8,96.2,97.0,97.0,115.2,111.3,111.3,-19.0,-14.3,-14.3,0.059,1.33,8.5,0.022,0.094,0.054,6.4,6.4,0.237,0.252,0.155,0.16,93.15,94.38,78.65,94.38,-0.04,230,0.6,2.5
238,Tyrone Hill,Tyrone,1610612755,PHI,33.0,76,51,25,0.671,2365.0666666666666,278,587,0.474,0,1,0.0,172,273,0.63,239,448,687,48,127,37,27,48,242,0,728,184,1689.4,16,0,1591.0,1,2000-01,31.1,100.7,101.3,101.3,97.0,96.8,96.8,3.7,4.5,4.5,0.033,0.38,5.4,0.104,0.19,0.147,14.3,14.4,0.474,0.515,0.159,0.16,91.95,91.78,76.48,91.78,0.088,4513,3.7,7.7
1838,Tyrone Nesby,Tyrone,1610612764,WAS,25.0,62,13,49,0.21,1556.125,189,530,0.357,49,180,0.272,85,106,0.802,51,122,173,76,65,51,20,28,155,0,512,-198,981.6,0,0,952.0,2,2000-01,25.1,96.4,97.2,97.2,102.9,102.8,102.8,-6.5,-5.5,-5.5,0.082,1.17,10.6,0.032,0.082,0.057,9.0,9.1,0.403,0.444,0.181,0.184,94.87,94.53,78.77,94.53,0.047,3050,3.0,8.5
1731,Tyronn Lue,Tyronn,1610612747,LAL,24.0,38,25,13,0.658,467.65,50,117,0.427,11,34,0.324,19,24,0.792,5,27,32,45,27,19,0,4,54,0,130,-47,265.9,0,0,256.0,1,2000-01,12.3,99.0,99.1,99.1,104.2,104.9,104.9,-5.2,-5.7,-5.7,0.157,1.67,22.5,0.01,0.056,0.033,13.5,13.5,0.474,0.51,0.144,0.148,95.53,95.15,79.29,95.15,0.055,930,1.3,3.1
721,Tyus Edney,Tyus,1610612754,IND,28.0,24,16,8,0.667,260.77166666666665,35,91,0.385,1,6,0.167,35,39,0.897,5,19,24,54,25,17,0,12,17,0,106,-47,241.8,0,0,219.0,1,2000-01,10.9,95.3,92.1,92.1,103.3,100.7,100.7,-8.1,-8.7,-8.7,0.378,2.16,28.6,0.018,0.069,0.044,13.2,13.4,0.39,0.49,0.217,0.225,97.01,99.95,83.29,99.95,0.118,543,1.5,3.8
137,Vernon Maxwell,Vernon,1610612742,DAL,35.0,43,31,12,0.721,660.5616666666666,73,223,0.327,34,111,0.306,21,32,0.656,4,62,66,49,35,21,3,11,64,0,201,-8,390.7,0,0,398.0,2,2000-01,15.4,100.2,99.1,99.1,100.1,99.5,99.5,0.1,-0.4,-0.4,0.12,1.4,15.2,0.006,0.089,0.05,10.9,10.9,0.404,0.424,0.182,0.188,95.66,96.46,80.39,96.46,0.038,1326,1.7,5.2
452,Vin Baker,Vin,1610612760,SEA,29.0,76,40,36,0.526,2128.938333333333,347,822,0.422,1,16,0.063,232,321,0.723,179,251,430,90,158,38,73,85,264,2,927,-41,1753.0,2,0,1670.0,1,2000-01,28.0,103.1,104.1,104.1,103.9,104.8,104.8,-0.9,-0.7,-0.7,0.072,0.57,7.4,0.086,0.12,0.103,13.0,13.0,0.423,0.481,0.236,0.238,93.89,93.05,77.54,93.05,0.065,4121,4.6,10.8
1713,Vince Carter,Vince,1610612761,TOR,24.0,75,45,30,0.6,2980.056666666667,762,1656,0.46,162,397,0.408,384,502,0.765,176,240,416,291,167,114,82,57,205,0,2070,323,3426.7,10,0,3331.0,1,2000-01,39.7,104.6,106.1,106.1,99.4,100.5,100.5,5.1,5.6,5.6,0.187,1.74,12.4,0.057,0.081,0.069,7.1,7.2,0.509,0.551,0.302,0.305,93.98,92.79,77.33,92.79,0.15,5761,10.2,22.1
219,Vinny Del Negro,Vinny,1610612756,PHX,34.0,65,28,37,0.431,919.53,106,234,0.453,1,13,0.077,41,44,0.932,12,70,82,126,34,26,3,7,78,0,254,-28,594.4,0,0,521.0,2,2000-01,14.1,99.7,99.0,99.0,101.8,101.4,101.4,-2.2,-2.3,-2.3,0.213,3.71,31.0,0.013,0.081,0.045,8.4,8.2,0.455,0.501,0.13,0.137,95.78,96.34,80.28,96.34,0.083,1853,1.6,3.6
958,Vitaly Potapenko,Vitaly,1610612738,BOS,26.0,82,36,46,0.439,1901.08,248,521,0.476,0,0,0.0,115,158,0.728,206,289,495,64,105,52,23,39,228,1,611,-79,1421.0,7,0,1320.0,1,2000-01,23.2,100.0,99.7,99.7,102.2,101.6,101.6,-2.2,-2.0,-2.0,0.059,0.61,8.4,0.107,0.167,0.136,13.8,13.8,0.476,0.517,0.163,0.166,93.75,94.19,78.49,94.19,0.082,3728,3.0,6.4
124,Vlade Divac,Vlade,1610612758,SAC,33.0,81,55,26,0.679,2416.2316666666666,364,755,0.482,4,14,0.286,242,350,0.691,207,466,673,231,192,87,93,84,242,1,974,294,2476.1,19,0,2242.0,1,2000-01,29.8,104.1,105.4,105.4,98.6,99.5,99.5,5.5,5.9,5.9,0.143,1.2,17.3,0.086,0.185,0.137,14.4,14.4,0.485,0.536,0.199,0.2,97.83,96.81,80.67,96.81,0.112,4876,4.5,9.3
1735,Vladimir Stepania,Vladimir,1610612751,NJN,25.0,29,6,23,0.207,279.1533333333333,28,88,0.318,1,4,0.25,25,34,0.735,35,74,109,16,19,10,11,6,47,0,82,5,280.8,0,0,250.0,1,2000-01,9.6,88.7,88.8,88.8,90.4,87.3,87.3,-1.7,1.5,1.5,0.107,0.84,11.6,0.109,0.261,0.181,13.8,13.8,0.324,0.398,0.188,0.191,93.98,95.6,79.67,95.6,0.103,554,1.0,3.0
1907,Vonteego Cummings,Vonteego,1610612744,GSW,25.0,66,13,53,0.197,1495.3633333333332,178,517,0.344,48,143,0.336,79,116,0.681,47,90,137,227,91,67,14,35,160,0,483,-381,1139.9,1,0,1057.0,1,2000-01,22.7,92.5,93.3,93.3,107.4,105.7,105.7,-14.9,-12.4,-12.4,0.253,2.49,25.6,0.026,0.067,0.044,10.3,10.3,0.391,0.425,0.18,0.183,95.87,96.17,80.14,96.17,0.059,2991,2.7,7.8
702,Voshon Lenard,Voshon,1610612743,DEN,28.0,80,40,40,0.5,2334.238333333333,336,846,0.397,147,382,0.385,153,192,0.797,47,184,231,190,102,65,18,62,170,0,972,-112,1681.2,1,0,1706.0,1,2000-01,29.2,102.2,103.0,103.0,104.3,105.4,105.4,-2.1,-2.4,-2.4,0.134,1.86,15.6,0.019,0.076,0.047,8.4,8.3,0.484,0.522,0.195,0.198,95.26,94.39,78.66,94.39,0.076,4589,4.2,10.6
1887,Wally Szczerbiak,Wally,1610612750,MIN,24.0,82,47,35,0.573,2855.89,469,920,0.51,26,77,0.338,181,208,0.87,133,314,447,260,138,59,33,48,226,0,1145,220,2209.4,8,0,2062.0,1,2000-01,34.8,104.0,104.6,104.6,99.3,100.3,100.3,4.7,4.2,4.2,0.141,1.88,18.5,0.048,0.11,0.08,9.8,9.8,0.524,0.566,0.179,0.182,94.99,94.21,78.51,94.21,0.104,5597,5.7,11.2
1005,Walt Williams,Walt,1610612745,HOU,31.0,72,39,33,0.542,1582.89,202,513,0.394,98,248,0.395,97,126,0.77,31,214,245,97,73,30,28,24,153,0,599,76,1139.5,1,0,1155.0,1,2000-01,22.0,102.7,102.8,102.8,100.5,100.9,100.9,2.3,1.9,1.9,0.102,1.33,13.3,0.02,0.136,0.079,10.0,9.9,0.489,0.527,0.181,0.187,92.37,92.16,76.8,92.16,0.081,3048,2.8,7.1
962,Walter McCarty,Walter,1610612738,BOS,27.0,60,25,35,0.417,474.1516666666666,45,126,0.357,19,56,0.339,22,28,0.786,24,57,81,39,20,14,7,7,82,0,131,-50,329.7,0,0,312.0,1,2000-01,7.9,100.0,95.9,95.9,102.5,98.4,98.4,-2.5,-2.5,-2.5,0.136,1.95,19.6,0.049,0.124,0.086,10.1,10.1,0.433,0.474,0.141,0.147,98.58,102.7,85.58,102.7,0.048,1002,0.8,2.1
1917,Wang Zhi-zhi,Wang,1610612742,DAL,23.0,5,3,2,0.6,38.805,8,19,0.421,0,2,0.0,8,10,0.8,1,6,7,0,1,0,0,3,8,0,24,-29,31.4,0,0,31.0,1,2000-01,7.8,90.4,89.0,89.0,128.4,121.4,121.4,-38.0,-32.4,-32.4,0.0,0.0,0.0,0.0,0.162,0.0,4.0,4.1,0.421,0.513,0.284,0.285,99.08,102.67,85.56,102.67,0.059,82,1.6,3.8
445,Wesley Person,Wesley,1610612739,CLE,30.0,44,17,27,0.386,959.28,128,292,0.438,34,84,0.405,24,30,0.8,11,119,130,64,40,27,11,11,62,0,314,-53,640.0,1,0,618.0,1,2000-01,21.8,98.9,99.1,99.1,100.7,101.8,101.8,-1.9,-2.6,-2.6,0.109,1.6,15.7,0.012,0.127,0.07,9.8,9.8,0.497,0.514,0.16,0.163,93.92,93.32,77.77,93.32,0.088,1863,2.9,6.6
781,Will Perdue,Will,1610612757,POR,35.0,13,10,3,0.769,56.165,6,9,0.667,0,0,0.0,2,4,0.5,6,12,18,2,0,3,2,1,8,0,14,2,53.6,0,0,44.0,1,2000-01,4.3,99.1,93.6,93.6,95.4,92.0,92.0,3.7,1.6,1.6,0.053,0.0,15.4,0.113,0.245,0.176,0.0,0.0,0.667,0.651,0.08,0.085,101.97,106.83,89.02,106.83,0.136,125,0.5,0.7
1895,William Avery,William,1610612750,MIN,21.0,55,32,23,0.582,460.4433333333333,55,144,0.382,16,59,0.271,28,36,0.778,5,24,29,75,45,13,4,11,48,0,154,-58,307.3,0,0,308.0,1,2000-01,8.4,94.1,92.8,92.8,100.1,97.3,97.3,-6.0,-4.5,-4.5,0.286,1.67,26.8,0.011,0.051,0.031,16.1,16.1,0.438,0.482,0.192,0.2,97.25,99.35,82.79,99.35,0.059,945,1.0,2.6
440,Zan Tabak,Zan,1610612754,IND,31.0,55,29,26,0.527,774.4833333333333,98,186,0.527,0,0,0.0,20,47,0.426,65,148,213,33,57,10,30,11,125,0,216,8,584.1,2,0,542.0,1,2000-01,14.1,98.6,97.2,97.2,97.1,96.9,96.9,1.4,0.3,0.3,0.07,0.58,11.1,0.092,0.184,0.141,19.1,19.2,0.527,0.523,0.157,0.16,91.26,92.0,76.67,92.0,0.07,1486,1.8,3.4
1985,Zendon Hamilton,Zendon,1610612746,LAC,26.0,3,1,2,0.333,19.1,2,9,0.222,0,0,0.0,5,8,0.625,3,5,8,0,2,0,0,1,4,0,9,-9,16.6,0,0,17.0,1,2000-01,6.4,76.1,76.9,76.9,99.8,97.5,97.5,-23.7,-20.6,-20.6,0.0,0.0,0.0,0.0,0.263,0.0,13.3,13.8,0.222,0.359,0.306,0.306,98.61,99.27,82.72,99.27,-0.011,39,0.7,3.0
980,Zydrunas Ilgauskas,Zydrunas,1610612739,CLE,26.0,24,15,9,0.625,613.9466666666667,114,234,0.487,0,2,0.0,53,78,0.679,65,95,160,18,60,15,37,17,78,0,281,-7,596.0,4,0,563.0,1,2000-01,25.6,93.9,95.1,95.1,94.3,95.8,95.8,-0.4,-0.7,-0.7,0.057,0.3,5.2,0.113,0.151,0.133,17.2,17.3,0.487,0.524,0.243,0.246,91.74,90.5,75.41,90.5,0.107,1158,4.8,9.8
