PLAYER_ID,NICKNAME,TEAM_ID,TEAM_ABBREVIATION,AGE,GP,W,L,W_PCT,MIN_trad,FGM,FGA,FG_PCT,FG3M,FG3A,FG3_PCT,FTM,FTA,FT_PCT,OREB,DREB,REB,AST,TOV,STL,BLK,BLKA,PF,PFD,PTS,PLUS_MINUS,NBA_FANTASY_PTS,DD2,TD3,WNBA_FANTASY_PTS,TEAM_COUNT,SEASON,MIN_adv,E_OFF_RATING,OFF_RATING,sp_work_OFF_RATING,E_DEF_RATING,DEF_RATING,sp_work_DEF_RATING,E_NET_RATING,NET_RATING,sp_work_NET_RATING,AST_PCT,AST_TO,AST_RATIO,OREB_PCT,DREB_PCT,REB_PCT,TM_TOV_PCT,E_TOV_PCT,EFG_PCT,TS_PCT,USG_PCT,E_USG_PCT,E_PACE,PACE,PACE_PER40,sp_work_PACE,PIE,POSS,FGM_PG,FGA_PG,PLAYER_NAME
2062,A.J.,1610612741,CHI,24.0,45,10,35,0.222,603.93,88,244,0.361,46,123,0.374,22,27,0.815,12,32,44,81,37,10,7,3,23,0,244,-43,432.3,0,0,449.0,1,2001-02,13.4,98.1,97.9,97.9,101.9,101.7,101.7,-3.8,-3.9,-3.9,0.248,2.19,21.6,0.019,0.057,0.037,9.9,9.9,0.455,0.477,0.217,0.221,92.43,92.67,77.23,92.67,0.083,1167,2.0,5.4,A.J. Guyton
243,Aaron,1610612755,PHI,29.0,48,26,22,0.542,1469.013333333333,220,490,0.449,51,128,0.398,96,122,0.787,26,166,192,179,93,56,14,41,74,0,587,113,1202.9,1,0,1149.0,1,2001-02,30.6,98.7,98.8,98.8,95.3,95.3,95.3,3.4,3.5,3.5,0.22,1.92,21.9,0.018,0.112,0.066,11.4,11.4,0.501,0.54,0.196,0.199,91.57,91.59,76.32,91.59,0.128,2811,4.6,10.2,Aaron McKie
1425,Aaron,1610612751,NJN,30.0,82,52,30,0.634,1549.9183333333333,231,439,0.526,0,2,0.0,130,186,0.699,115,224,339,77,79,29,76,45,212,0,592,122,1350.3,0,0,1218.0,1,2001-02,18.9,99.7,99.7,99.7,94.9,95.1,95.1,4.8,4.7,4.7,0.084,0.97,11.3,0.077,0.142,0.111,11.6,11.7,0.526,0.568,0.177,0.179,92.97,92.88,77.4,92.88,0.102,2990,2.8,5.4,Aaron Williams
1502,Adonal,1610612744,GSW,27.0,79,19,60,0.241,1485.29,171,385,0.444,0,0,0.0,37,93,0.398,150,234,384,41,76,36,168,29,179,1,379,-205,1437.3,3,0,1212.0,1,2001-02,18.8,95.8,96.6,96.6,103.0,103.4,103.4,-7.1,-6.8,-6.8,0.044,0.54,7.6,0.091,0.153,0.121,14.0,14.0,0.444,0.445,0.143,0.145,96.18,95.56,79.63,95.56,0.069,2955,2.2,4.9,Adonal Foyle
1559,Adrian,1610612742,DAL,27.0,58,40,18,0.69,1386.62,179,359,0.499,16,54,0.296,41,49,0.837,68,161,229,106,42,75,12,25,142,0,415,148,1067.8,0,0,940.0,1,2001-02,23.9,112.8,112.6,112.6,106.5,106.5,106.5,6.3,6.1,6.1,0.108,2.52,20.2,0.051,0.116,0.084,8.0,7.9,0.521,0.545,0.134,0.138,95.61,95.71,79.76,95.71,0.083,2756,3.1,6.2,Adrian Griffin
1733,Al,1610612754,IND,22.0,44,22,22,0.5,1309.385,230,484,0.475,1,3,0.333,115,144,0.799,96,180,276,54,78,41,21,26,166,0,576,-52,1096.2,5,0,1031.0,1,2001-02,29.8,100.4,100.8,100.8,101.7,102.5,102.5,-1.4,-1.6,-1.6,0.073,0.69,7.9,0.074,0.134,0.105,11.5,11.5,0.476,0.526,0.215,0.218,94.52,93.99,78.33,93.99,0.093,2559,5.2,11.0,Al Harrington
673,Alan,1610612737,ATL,29.0,26,14,12,0.538,422.865,59,116,0.509,1,1,1.0,24,45,0.533,31,66,97,11,21,11,15,18,40,0,143,32,332.9,1,0,304.0,1,2001-02,16.3,98.5,98.4,98.4,96.8,95.6,95.6,1.7,2.8,2.8,0.043,0.52,6.5,0.076,0.151,0.114,12.5,12.5,0.513,0.527,0.167,0.17,93.81,94.38,78.65,94.38,0.09,836,2.3,4.5,Alan Henderson
275,Allan,1610612752,NYK,31.0,77,28,49,0.364,2915.17,568,1301,0.437,136,346,0.393,295,339,0.87,37,215,252,190,170,54,10,50,182,0,1567,-349,2176.4,1,0,2273.0,1,2001-02,37.9,99.8,100.9,100.9,106.1,106.8,106.8,-6.3,-5.9,-5.9,0.123,1.12,10.6,0.013,0.076,0.045,9.5,9.4,0.489,0.54,0.252,0.258,92.91,92.12,76.77,92.12,0.095,5587,7.4,16.9,Allan Houston
947,Allen,1610612755,PHI,27.0,60,36,24,0.6,2624.165,665,1669,0.398,78,268,0.291,475,585,0.812,44,225,269,331,237,168,13,93,102,1,1883,283,3008.3,4,1,2923.0,1,2001-02,43.7,100.7,102.1,102.1,95.6,96.6,96.6,5.1,5.5,5.5,0.266,1.4,13.3,0.017,0.084,0.051,9.5,9.5,0.422,0.489,0.365,0.371,92.93,91.86,76.55,91.86,0.149,5025,11.1,27.8,Allen Iverson
297,Alonzo,1610612748,MIA,32.0,75,34,41,0.453,2453.2233333333334,447,866,0.516,1,3,0.333,283,431,0.657,182,450,632,87,182,27,186,61,258,3,1178,51,2523.9,26,0,2324.0,1,2001-02,32.7,97.9,98.5,98.5,96.8,96.5,96.5,1.1,2.0,2.0,0.067,0.48,6.5,0.08,0.185,0.134,13.7,13.7,0.517,0.558,0.24,0.243,89.39,89.29,74.41,89.29,0.132,4543,6.0,11.5,Alonzo Mourning
2228,Alton,1610612756,PHX,21.0,53,27,26,0.509,449.705,61,118,0.517,0,0,0.0,42,57,0.737,32,75,107,7,32,6,7,10,99,2,164,-84,309.9,0,0,304.0,1,2001-02,8.5,97.9,97.0,97.0,106.5,107.6,107.6,-8.7,-10.6,-10.6,0.027,0.22,3.9,0.071,0.168,0.119,17.8,17.6,0.517,0.573,0.167,0.175,94.62,94.57,78.81,94.57,0.049,891,1.2,2.2,Alton Ford
2264,Alvin,1610612755,PHI,23.0,23,17,6,0.739,124.57333333333334,8,20,0.4,0,0,0.0,10,20,0.5,13,23,36,3,11,3,9,1,35,1,26,-11,98.7,0,0,89.0,1,2001-02,5.4,102.2,96.0,96.0,106.0,100.4,100.4,-3.8,-4.4,-4.4,0.036,0.27,6.8,0.112,0.207,0.159,25.0,25.7,0.4,0.451,0.138,0.144,91.24,96.71,80.6,96.71,-0.006,251,0.3,0.9,Alvin Jones
1541,Alvin,1610612761,TOR,27.0,82,42,40,0.512,2932.87,403,971,0.415,62,193,0.321,103,140,0.736,58,223,281,468,150,135,26,33,191,0,971,-29,2343.2,2,0,2104.0,1,2001-02,35.8,99.8,101.4,101.4,100.7,101.8,101.8,-0.9,-0.5,-0.5,0.262,3.12,28.4,0.019,0.077,0.048,9.1,9.1,0.447,0.47,0.181,0.183,92.13,90.91,75.76,90.91,0.098,5553,4.9,11.8,Alvin Williams
1043,Amal,1610612759,SAS,28.0,27,22,5,0.815,153.22166666666666,20,49,0.408,0,0,0.0,12,26,0.462,16,20,36,4,14,6,10,4,23,1,52,-58,135.2,0,0,124.0,1,2001-02,5.7,89.9,84.2,84.2,99.9,102.2,102.2,-10.0,-18.0,-18.0,0.051,0.29,5.1,0.099,0.118,0.109,17.7,17.8,0.408,0.43,0.207,0.223,97.48,99.46,82.89,99.46,0.033,317,0.7,1.8,Amal McCaskill
1889,Andre,1610612739,CLE,26.0,81,29,52,0.358,3019.3316666666665,474,1045,0.454,22,87,0.253,365,447,0.817,108,271,379,882,245,126,34,91,228,1,1335,-104,3347.8,43,3,2938.0,1,2001-02,37.3,104.6,105.5,105.5,105.7,107.5,107.5,-1.1,-1.9,-1.9,0.484,3.6,37.1,0.037,0.092,0.065,10.3,10.3,0.464,0.538,0.225,0.227,92.83,91.69,76.41,91.69,0.148,5771,5.9,12.9,Andre Miller
1905,Andrei,1610612762,UTA,21.0,82,44,38,0.537,2153.613333333333,285,633,0.45,25,100,0.25,285,371,0.768,149,253,402,94,108,116,159,60,156,0,880,348,2220.4,3,0,1951.0,1,2001-02,26.3,104.9,105.4,105.4,97.3,97.3,97.3,7.7,8.1,8.1,0.073,0.87,9.3,0.073,0.127,0.1,10.7,10.8,0.47,0.553,0.188,0.188,93.47,93.24,77.7,93.24,0.125,4187,3.5,7.7,Andrei Kirilenko
692,Andrew,1610612753,ORL,29.0,61,31,30,0.508,634.5433333333333,67,149,0.45,0,0,0.0,28,50,0.56,74,89,163,22,34,23,23,21,130,1,162,-14,494.6,0,0,439.0,1,2001-02,10.4,99.1,98.3,98.3,99.4,98.5,98.5,-0.3,-0.2,-0.2,0.055,0.65,9.6,0.111,0.146,0.128,14.9,15.0,0.45,0.474,0.14,0.143,94.72,95.54,79.62,95.54,0.042,1257,1.1,2.4,Andrew DeClercq
358,Anfernee,1610612756,PHX,30.0,80,35,45,0.438,2464.873333333333,389,931,0.418,23,83,0.277,158,195,0.81,98,252,350,324,189,122,32,63,184,0,959,-67,2138.0,5,1,1964.0,1,2001-02,30.8,99.3,100.7,100.7,101.2,102.0,102.0,-1.9,-1.2,-1.2,0.211,1.71,21.3,0.039,0.104,0.071,12.4,12.4,0.43,0.472,0.214,0.218,94.29,93.3,77.75,93.3,0.098,4787,4.9,11.6,Anfernee Hardaway
1738,Ansu,1610612760,SEA,25.0,9,3,6,0.333,141.07666666666665,22,44,0.5,0,0,0.0,14,20,0.7,7,13,20,8,2,3,2,3,18,0,58,-26,107.0,0,0,96.0,1,2001-02,15.7,104.0,103.4,103.4,111.5,114.0,114.0,-7.5,-10.6,-10.6,0.091,4.0,12.7,0.055,0.104,0.079,3.2,3.2,0.5,0.549,0.18,0.186,90.93,90.16,75.14,90.16,0.084,266,2.4,4.9,Ansu Sesay
1712,Antawn,1610612744,GSW,26.0,82,21,61,0.256,3033.31,614,1375,0.447,68,210,0.324,323,440,0.734,211,345,556,161,161,70,45,80,187,1,1619,-371,2711.7,16,0,2634.0,1,2001-02,37.0,100.4,101.8,101.8,107.1,108.0,108.0,-6.7,-6.1,-6.1,0.093,1.0,8.5,0.063,0.11,0.086,8.5,8.5,0.471,0.516,0.234,0.237,98.42,97.34,81.12,97.34,0.107,6154,7.5,16.8,Antawn Jamison
1853,Anthony,1610612748,MIA,27.0,46,19,27,0.413,1050.4883333333332,89,260,0.342,1,19,0.053,19,36,0.528,19,98,117,214,72,50,3,11,85,1,198,-187,746.4,2,0,636.0,1,2001-02,22.8,90.6,90.5,90.5,99.4,99.6,99.6,-8.8,-9.2,-9.2,0.347,2.97,38.1,0.019,0.096,0.057,12.8,12.8,0.344,0.359,0.156,0.159,90.03,89.99,74.99,89.99,0.08,1966,1.9,5.7,Anthony Carter
1533,Anthony,1610612751,NJN,27.0,34,22,12,0.647,366.0683333333333,37,90,0.411,4,12,0.333,16,25,0.64,10,19,29,48,20,31,1,5,30,0,94,24,276.8,0,0,239.0,1,2001-02,10.8,99.6,98.0,98.0,95.4,95.1,95.1,4.2,2.9,2.9,0.223,2.4,28.4,0.029,0.055,0.042,11.8,11.8,0.433,0.465,0.153,0.159,89.48,90.34,75.29,90.34,0.087,691,1.1,2.6,Anthony Johnson
193,Anthony,1610612749,MIL,35.0,82,41,41,0.5,3139.7433333333333,316,626,0.505,1,1,1.0,154,221,0.697,124,522,646,346,130,57,22,63,187,0,787,13,2188.2,10,0,1938.0,1,2001-02,38.3,106.1,106.6,106.6,105.6,106.6,106.6,0.5,-0.1,-0.1,0.162,2.66,28.8,0.043,0.164,0.106,10.8,10.8,0.506,0.544,0.126,0.127,92.81,92.14,76.78,92.14,0.1,6035,3.9,7.6,Anthony Mason
324,Anthony,1610612750,MIN,32.0,82,50,32,0.61,2060.391666666667,288,684,0.421,111,283,0.392,50,58,0.862,37,169,206,177,76,61,11,22,137,1,737,17,1389.7,0,0,1375.0,1,2001-02,25.1,104.9,105.5,105.5,104.9,105.5,105.5,0.0,0.0,0.0,0.135,2.33,18.4,0.018,0.083,0.051,7.9,7.9,0.502,0.519,0.17,0.173,93.53,93.0,77.5,93.0,0.081,4001,3.5,8.3,Anthony Peeler
952,Antoine,1610612738,BOS,25.0,81,48,33,0.593,3406.435,666,1689,0.394,222,645,0.344,240,324,0.741,150,564,714,407,251,122,38,125,237,0,1794,240,3490.3,29,2,3457.0,1,2001-02,42.1,101.9,102.8,102.8,98.2,99.7,99.7,3.7,3.1,3.1,0.224,1.62,16.3,0.043,0.165,0.103,10.1,10.1,0.46,0.49,0.275,0.277,95.04,93.91,78.26,93.91,0.126,6681,8.2,20.9,Antoine Walker
1498,Antonio,1610612759,SAS,27.0,82,58,24,0.707,2169.815,269,612,0.44,57,196,0.291,158,210,0.752,23,153,176,228,70,48,12,27,104,0,753,263,1416.2,0,0,1334.0,1,2001-02,26.5,104.3,104.4,104.4,97.3,98.1,98.1,7.0,6.4,6.4,0.176,3.26,22.8,0.011,0.068,0.041,7.0,7.0,0.486,0.534,0.162,0.166,92.42,91.98,76.65,91.98,0.097,4157,3.3,7.5,Antonio Daniels
213,Antonio,1610612761,TOR,33.0,77,41,36,0.532,2976.945,410,963,0.426,0,1,0.0,293,358,0.818,254,486,740,155,159,54,83,85,225,6,1113,-9,2485.5,33,0,2282.0,1,2001-02,38.7,99.7,101.4,101.4,100.0,101.1,101.1,-0.3,0.3,0.3,0.087,0.97,10.8,0.084,0.167,0.125,11.1,11.1,0.426,0.497,0.195,0.196,91.25,90.03,75.02,90.03,0.11,5571,5.3,12.5,Antonio Davis
176,Antonio,1610612760,SEA,31.0,5,3,2,0.6,47.58833333333333,4,12,0.333,0,0,0.0,1,2,0.5,5,4,9,5,3,1,3,0,8,0,9,-13,36.3,0,0,31.0,1,2001-02,9.5,102.7,104.4,104.4,114.1,117.4,117.4,-11.3,-13.0,-13.0,0.143,1.67,23.8,0.098,0.074,0.086,14.3,14.4,0.333,0.349,0.148,0.149,94.39,92.29,76.91,92.29,0.018,91,0.8,2.4,Antonio Harvey
686,Antonio,1610612743,DEN,27.0,10,3,7,0.3,235.06833333333333,43,75,0.573,0,0,0.0,27,33,0.818,18,37,55,18,20,10,8,6,20,0,113,-66,240.0,1,0,222.0,1,2001-02,23.5,93.7,95.3,95.3,109.6,109.6,109.6,-15.9,-14.3,-14.3,0.136,0.9,14.1,0.084,0.191,0.134,15.6,15.7,0.573,0.631,0.208,0.209,96.47,95.67,79.72,95.67,0.133,469,4.3,7.5,Antonio McDyess
2238,Antonis,1610612763,MEM,21.0,28,6,22,0.214,317.35,42,104,0.404,7,23,0.304,17,20,0.85,25,37,62,10,21,9,11,9,22,0,108,-32,236.4,0,0,227.0,1,2001-02,11.3,94.8,93.3,93.3,100.9,99.0,99.0,-6.1,-5.7,-5.7,0.057,0.48,6.9,0.08,0.11,0.095,14.6,14.6,0.438,0.479,0.184,0.19,93.36,94.99,79.16,94.99,0.077,630,1.5,3.7,Antonis Fotsis
1609,Art,1610612760,SEA,29.0,63,37,26,0.587,988.665,120,244,0.492,0,0,0.0,45,85,0.529,107,144,251,41,63,22,28,20,180,1,285,-24,734.7,3,0,677.0,1,2001-02,15.7,103.3,102.9,102.9,103.4,102.8,102.8,-0.1,0.1,0.1,0.063,0.65,10.6,0.114,0.154,0.134,16.2,16.3,0.492,0.506,0.161,0.164,90.54,90.96,75.8,90.96,0.048,1861,1.9,3.9,Art Long
1506,Austin,1610612754,IND,27.0,76,39,37,0.513,1282.7233333333334,185,448,0.413,49,145,0.338,97,114,0.851,74,220,294,77,67,26,29,26,106,0,516,58,1082.3,4,0,1046.0,1,2001-02,16.9,100.5,100.5,100.5,100.3,99.4,99.4,0.2,1.1,1.1,0.104,1.15,12.0,0.058,0.169,0.114,10.5,10.4,0.468,0.518,0.194,0.198,94.13,94.58,78.82,94.58,0.111,2543,2.4,5.9,Austin Croshere
422,Avery,1610612742,DAL,37.0,68,27,41,0.397,1353.5183333333334,207,432,0.479,0,5,0.0,121,163,0.742,14,55,69,286,76,40,9,45,86,0,535,-157,1117.8,6,0,988.0,2,2001-02,19.9,101.6,103.2,103.2,108.6,108.8,108.8,-7.0,-5.6,-5.6,0.356,3.76,32.9,0.01,0.041,0.026,8.8,8.8,0.479,0.531,0.196,0.197,91.7,90.89,75.74,90.89,0.111,2557,3.0,6.4,Avery Johnson
1884,Baron,1610612766,CHH,23.0,82,44,38,0.537,3319.765,559,1341,0.417,170,478,0.356,196,338,0.58,93,256,349,698,246,172,47,63,241,0,1484,150,3360.8,29,1,3139.0,1,2001-02,40.5,102.8,104.3,104.3,100.4,102.0,102.0,2.4,2.3,2.3,0.364,2.84,28.7,0.028,0.078,0.053,10.1,10.1,0.48,0.498,0.234,0.237,92.77,91.38,76.15,91.38,0.121,6322,6.8,16.4,Baron Davis
1112,Ben,1610612765,DET,27.0,80,49,31,0.613,2918.931666666667,255,480,0.531,0,3,0.0,99,234,0.423,318,721,1039,115,70,138,278,37,178,0,609,148,3206.3,25,1,2595.0,1,2001-02,36.5,102.5,102.4,102.4,98.8,99.4,99.4,3.7,3.0,3.0,0.062,1.64,14.9,0.115,0.257,0.187,9.1,9.1,0.531,0.522,0.104,0.106,91.48,91.19,75.99,91.19,0.142,5536,3.2,6.0,Ben Wallace
902,Bimbo,1610612739,CLE,34.0,47,15,32,0.319,693.685,56,146,0.384,4,20,0.2,33,37,0.892,12,43,55,107,31,13,4,9,59,0,149,-186,395.5,0,0,349.0,1,2001-02,14.8,92.9,92.6,92.6,107.7,108.2,108.2,-14.8,-15.6,-15.6,0.269,3.45,35.7,0.018,0.066,0.041,10.3,10.3,0.397,0.459,0.128,0.132,90.31,90.27,75.22,90.27,0.064,1313,1.2,3.1,Bimbo Coles
448,Bo,1610612756,PHX,31.0,83,37,46,0.446,1928.595,166,299,0.555,1,2,0.5,43,102,0.422,147,217,364,127,96,70,92,42,205,5,376,54,1393.3,0,0,1192.0,2,2001-02,23.2,99.9,100.6,100.6,97.7,98.4,98.4,2.1,2.2,2.2,0.097,1.32,22.6,0.078,0.111,0.095,17.1,16.9,0.557,0.547,0.101,0.104,92.84,92.19,76.82,92.19,0.071,3691,2.0,3.6,Bo Outlaw
682,Bob,1610612744,GSW,29.0,78,20,58,0.256,1783.746666666667,250,590,0.424,42,133,0.316,236,328,0.72,89,167,256,275,133,88,17,42,160,0,778,-165,1679.7,1,0,1561.0,1,2001-02,22.9,100.5,100.4,100.4,105.3,105.2,105.2,-4.8,-4.8,-4.8,0.263,2.07,23.9,0.047,0.094,0.07,11.6,11.6,0.459,0.53,0.206,0.209,96.25,96.32,80.27,96.32,0.116,3582,3.2,7.6,Bob Sura
1517,Bobby,1610612758,SAC,29.0,81,61,20,0.753,1752.7916666666667,334,754,0.443,79,219,0.361,149,184,0.81,82,169,251,164,93,73,11,38,145,0,896,296,1602.2,0,0,1558.0,1,2001-02,21.6,107.2,107.4,107.4,98.6,98.4,98.4,8.6,9.0,9.0,0.157,1.76,15.0,0.044,0.093,0.068,8.5,8.5,0.495,0.537,0.228,0.232,95.5,95.52,79.6,95.52,0.114,3480,4.1,9.3,Bobby Jackson
2250,Bobby,1610612764,WAS,22.0,30,12,18,0.4,339.69666666666666,43,95,0.453,4,14,0.286,22,30,0.733,25,27,52,17,14,13,5,9,31,0,112,-8,239.9,0,0,221.0,1,2001-02,11.3,103.7,102.1,102.1,103.2,101.4,101.4,0.5,0.8,0.8,0.085,1.21,12.2,0.075,0.085,0.08,10.1,10.1,0.474,0.518,0.16,0.166,91.67,93.19,77.66,93.19,0.075,653,1.4,3.2,Bobby Simmons
1719,Bonzi,1610612757,POR,25.0,74,44,30,0.595,2350.475,487,1039,0.469,66,172,0.384,215,290,0.741,121,323,444,204,191,113,25,62,208,0,1255,176,2316.8,7,0,2245.0,1,2001-02,31.8,106.1,106.9,106.9,101.9,102.6,102.6,4.2,4.3,4.3,0.152,1.07,13.0,0.054,0.145,0.099,12.2,12.2,0.5,0.538,0.26,0.263,92.64,91.95,76.62,91.95,0.117,4494,6.6,14.0,Bonzi Wells
1802,Brad,1610612754,IND,26.0,76,28,48,0.368,2264.075,366,733,0.499,3,7,0.429,297,383,0.775,252,369,621,152,115,76,41,111,244,5,1032,-182,2241.2,19,0,2042.0,2,2001-02,29.8,96.6,98.7,98.7,101.8,102.5,102.5,-5.2,-3.9,-3.9,0.124,1.32,13.1,0.111,0.17,0.14,9.9,9.8,0.501,0.572,0.202,0.204,92.7,91.43,76.19,91.43,0.14,4305,4.8,9.6,Brad Miller
2220,Brandon,1610612751,NJN,22.0,35,24,11,0.686,194.78833333333333,27,85,0.318,5,17,0.294,5,10,0.5,10,6,16,8,8,7,1,4,26,0,64,-34,111.2,0,0,109.0,1,2001-02,5.6,91.2,87.9,87.9,100.1,97.9,97.9,-8.9,-10.1,-10.1,0.079,1.0,7.5,0.045,0.03,0.038,7.5,7.6,0.347,0.358,0.216,0.226,91.94,94.75,78.96,94.75,-0.012,387,0.8,2.4,Brandon Armstrong
2217,Brendan,1610612764,WAS,22.0,62,32,30,0.516,1266.54,109,221,0.493,0,0,0.0,97,160,0.606,143,179,322,29,50,21,91,29,158,1,315,-57,1030.9,2,0,890.0,1,2001-02,20.4,96.9,96.9,96.9,98.2,98.9,98.9,-1.3,-2.0,-2.0,0.038,0.58,7.8,0.111,0.137,0.124,13.5,13.5,0.493,0.54,0.124,0.126,89.35,89.08,74.23,89.08,0.079,2345,1.8,3.6,Brendan Haywood
699,Brent,1610612760,SEA,30.0,81,44,37,0.543,3038.235,401,790,0.508,164,387,0.424,198,234,0.846,58,383,441,426,165,147,37,32,182,0,1164,199,2719.2,8,0,2563.0,1,2001-02,37.5,107.0,108.2,108.2,103.7,104.5,104.5,3.3,3.7,3.7,0.209,2.58,29.0,0.02,0.13,0.076,11.2,11.1,0.611,0.652,0.157,0.16,92.21,91.36,76.14,91.36,0.136,5775,5.0,9.8,Brent Barry
85,Brent,1610612758,SAC,33.0,20,15,5,0.75,88.695,9,27,0.333,4,15,0.267,9,13,0.692,4,4,8,9,10,3,1,0,13,0,31,-37,56.1,0,0,60.0,1,2001-02,4.4,86.1,81.9,81.9,105.5,102.0,102.0,-19.4,-20.1,-20.1,0.164,0.9,17.3,0.037,0.035,0.036,19.2,19.3,0.407,0.474,0.178,0.187,104.78,109.32,91.1,109.32,0.017,204,0.5,1.4,Brent Price
1510,Brevin,1610612763,MEM,26.0,53,15,38,0.283,1149.3166666666666,141,334,0.422,2,8,0.25,87,115,0.757,11,98,109,302,111,79,7,25,135,0,371,-128,1101.8,7,0,956.0,1,2001-02,21.7,95.4,94.8,94.8,102.0,100.8,100.8,-6.6,-6.1,-6.1,0.447,2.72,38.2,0.01,0.087,0.049,14.0,13.9,0.425,0.482,0.191,0.198,92.95,93.76,78.13,93.76,0.113,2249,2.7,6.3,Brevin Knight
2073,Brian,1610612765,DET,25.0,8,3,5,0.375,42.583333333333336,6,13,0.462,3,7,0.429,2,2,1.0,2,4,6,2,0,1,0,0,5,0,17,15,30.2,0,0,30.0,1,2001-02,5.3,118.7,114.8,114.8,94.2,97.5,97.5,24.5,17.3,17.3,0.069,0.0,12.5,0.0,0.085,0.0,0.0,0.0,0.577,0.612,0.147,0.154,90.83,90.74,75.62,90.74,0.097,81,0.8,1.6,Brian Cardinal
258,Brian,1610612748,MIA,30.0,72,35,37,0.486,2256.3783333333336,286,610,0.469,0,2,0.0,101,119,0.849,168,407,575,137,122,48,31,56,236,1,673,-70,1683.5,17,0,1543.0,1,2001-02,31.3,97.2,98.0,98.0,98.6,99.0,99.0,-1.4,-1.0,-1.0,0.103,1.12,14.9,0.081,0.189,0.136,13.2,13.2,0.469,0.508,0.166,0.168,89.15,88.61,73.84,88.61,0.103,4151,4.0,8.5,Brian Grant
2243,Brian,1610612751,NJN,24.0,28,19,9,0.679,291.41333333333336,23,67,0.343,3,10,0.3,11,15,0.733,12,39,51,21,24,9,2,9,39,0,60,18,161.7,0,0,157.0,1,2001-02,10.4,103.0,101.9,101.9,100.6,100.0,100.0,2.4,1.9,1.9,0.113,0.88,17.6,0.041,0.147,0.092,20.2,20.2,0.366,0.408,0.149,0.153,92.9,93.64,78.03,93.64,0.029,572,0.8,2.4,Brian Scalabrine
216,Brian,1610612747,LAL,36.0,58,40,18,0.69,628.1316666666667,61,173,0.353,29,88,0.33,18,26,0.692,19,93,112,89,32,25,3,7,43,0,169,97,488.9,0,0,455.0,1,2001-02,10.8,106.0,105.9,105.9,98.1,97.5,97.5,7.9,8.3,8.3,0.207,2.78,29.0,0.028,0.143,0.084,10.4,10.5,0.436,0.458,0.15,0.153,95.06,95.41,79.51,95.41,0.098,1245,1.1,3.0,Brian Shaw
1730,Brian,1610612739,CLE,26.0,65,21,44,0.323,1107.878333333333,88,162,0.543,0,0,0.0,48,79,0.608,93,188,281,17,42,24,61,27,130,2,224,-37,799.7,2,0,692.0,1,2001-02,17.0,99.8,100.5,100.5,101.1,101.5,101.5,-1.3,-1.1,-1.1,0.024,0.4,6.7,0.089,0.167,0.129,16.5,16.4,0.543,0.569,0.098,0.1,92.56,92.07,76.72,92.07,0.073,2118,1.4,2.5,Brian Skinner
1477,Bruce,1610612759,SAS,31.0,59,47,12,0.797,1699.02,155,398,0.389,56,148,0.378,46,96,0.479,42,120,162,88,66,62,25,20,116,2,412,278,933.4,0,0,892.0,1,2001-02,28.8,106.5,106.5,106.5,95.3,96.7,96.7,11.2,9.8,9.8,0.079,1.33,14.7,0.027,0.07,0.05,11.1,11.1,0.46,0.468,0.139,0.141,91.24,90.57,75.48,90.57,0.047,3188,2.6,6.7,Bruce Bowen
1743,Bruno,1610612754,IND,22.0,22,11,11,0.5,84.96833333333333,16,40,0.4,0,1,0.0,0,2,0.0,7,14,21,3,4,3,3,1,16,0,32,3,75.7,0,0,68.0,1,2001-02,3.9,94.4,91.4,91.4,94.8,89.8,89.8,-0.4,1.6,1.6,0.058,0.75,6.3,0.074,0.165,0.117,8.3,8.4,0.4,0.391,0.214,0.221,100.62,105.07,87.56,105.07,0.04,186,0.7,1.8,Bruno Sundov
179,Bryant,1610612739,CLE,31.0,50,15,35,0.3,663.2216666666667,70,188,0.372,24,68,0.353,44,52,0.846,20,65,85,42,30,29,6,15,42,0,208,-117,448.0,0,0,429.0,1,2001-02,13.3,94.9,95.2,95.2,103.6,104.4,104.4,-8.7,-9.2,-9.2,0.112,1.4,15.0,0.03,0.101,0.065,10.7,10.6,0.436,0.493,0.163,0.168,92.6,92.06,76.72,92.06,0.079,1272,1.4,3.8,Bryant Stith
1724,Bryce,1610612766,CHH,27.0,61,29,32,0.475,771.6733333333333,78,182,0.429,31,73,0.425,23,29,0.793,14,58,72,101,33,32,2,5,49,0,210,29,516.9,0,0,482.0,1,2001-02,12.7,101.1,99.2,99.2,98.4,97.4,97.4,2.6,1.8,1.8,0.209,3.06,31.3,0.019,0.075,0.047,10.2,10.0,0.514,0.539,0.13,0.139,90.95,92.28,76.9,92.28,0.093,1485,1.3,3.0,Bryce Drew
935,Bryon,1610612762,UTA,31.0,66,36,30,0.545,1998.4616666666664,222,584,0.38,77,226,0.341,115,140,0.821,79,216,295,136,110,64,19,31,205,1,636,174,1333.0,0,0,1310.0,1,2001-02,30.3,104.6,105.4,105.4,100.7,100.8,100.8,3.9,4.6,4.6,0.111,1.24,15.2,0.042,0.12,0.08,12.3,12.3,0.446,0.493,0.169,0.171,92.56,92.17,76.81,92.17,0.066,3836,3.4,8.8,Bryon Russell
1898,Cal,1610612737,ATL,25.0,52,17,35,0.327,584.645,61,174,0.351,1,5,0.2,39,47,0.83,38,72,110,11,11,18,15,13,64,0,162,-2,398.5,0,0,350.0,1,2001-02,11.2,101.2,101.0,101.0,102.3,100.5,100.5,-1.1,0.4,0.4,0.03,1.0,5.0,0.067,0.126,0.096,5.0,5.1,0.353,0.416,0.156,0.159,94.1,95.03,79.19,95.03,0.05,1154,1.2,3.3,Cal Bowdler
384,Calbert,1610612743,DEN,30.0,68,20,48,0.294,1637.3733333333332,224,466,0.481,0,4,0.0,46,67,0.687,57,183,240,110,70,34,21,37,156,2,494,-329,1042.0,1,0,954.0,1,2001-02,24.1,96.1,96.8,96.8,106.2,106.8,106.8,-10.1,-10.0,-10.0,0.112,1.57,16.3,0.034,0.116,0.074,10.4,10.4,0.481,0.499,0.155,0.158,93.0,92.4,77.0,92.4,0.069,3145,3.3,6.9,Calbert Cheaney
1916,Calvin,1610612760,SEA,26.0,15,6,9,0.4,278.02,35,82,0.427,0,0,0.0,23,24,0.958,20,34,54,16,16,6,13,4,47,1,93,-42,222.8,0,0,201.0,1,2001-02,18.5,101.9,103.6,103.6,110.4,111.8,111.8,-8.5,-8.2,-8.2,0.092,1.0,12.8,0.071,0.122,0.096,12.8,12.8,0.427,0.502,0.177,0.178,92.37,91.07,75.89,91.07,0.057,528,2.3,5.5,Calvin Booth
2306,Carlos,1610612743,DEN,22.0,37,17,20,0.459,369.9383333333333,49,111,0.441,0,2,0.0,13,18,0.722,12,28,40,70,23,11,1,13,30,0,111,-34,277.0,0,0,245.0,2,2001-02,10.0,92.7,92.8,92.8,99.0,97.8,97.8,-6.3,-5.0,-5.0,0.323,3.04,32.9,0.03,0.078,0.053,10.8,10.9,0.441,0.467,0.165,0.168,93.58,94.07,78.39,94.07,0.103,726,1.3,3.0,Carlos Arroyo
435,Carlos,1610612754,IND,31.0,22,9,13,0.409,168.79,24,43,0.558,1,6,0.167,10,19,0.526,14,24,38,3,5,5,6,1,17,0,59,-28,137.1,0,0,123.0,1,2001-02,7.7,102.1,101.2,101.2,108.0,105.7,105.7,-5.9,-4.4,-4.4,0.03,0.6,5.1,0.086,0.14,0.114,8.5,8.4,0.57,0.574,0.156,0.16,91.75,93.13,77.61,93.13,0.088,321,1.1,2.0,Carlos Rogers
1538,Cedric,1610612744,GSW,27.0,12,4,8,0.333,69.46666666666667,15,31,0.484,2,4,0.5,4,7,0.571,1,2,3,4,8,6,2,2,4,0,36,22,61.6,0,0,61.0,1,2001-02,5.8,105.9,104.8,104.8,92.7,91.7,91.7,13.2,13.1,13.1,0.1,0.5,8.7,0.012,0.028,0.019,17.4,17.4,0.516,0.528,0.236,0.241,99.45,100.54,83.78,100.54,0.081,147,1.3,2.6,Cedric Henderson
891,Charles,1610612741,CHI,38.0,57,11,46,0.193,1384.435,97,263,0.369,1,6,0.167,21,28,0.75,72,271,343,114,87,49,11,4,175,1,216,-334,891.6,1,0,794.0,1,2001-02,24.3,90.3,91.5,91.5,102.5,103.8,103.8,-12.2,-12.3,-12.3,0.134,1.31,23.8,0.052,0.212,0.129,18.2,18.3,0.371,0.392,0.122,0.122,92.02,90.84,75.7,90.84,0.062,2614,1.7,4.6,Charles Oakley
1520,Charles,1610612759,SAS,26.0,60,45,15,0.75,1143.4166666666667,182,428,0.425,35,131,0.267,42,65,0.646,34,99,133,80,59,52,44,37,114,0,441,-21,949.6,0,0,881.0,1,2001-02,19.1,99.2,98.8,98.8,99.4,100.3,100.3,-0.2,-1.5,-1.5,0.121,1.36,13.4,0.03,0.087,0.059,9.9,9.9,0.466,0.483,0.201,0.206,94.11,93.91,78.26,93.91,0.074,2243,3.0,7.1,Charles Smith
2294,Charlie,1610612742,DAL,23.0,7,4,3,0.571,41.99166666666667,3,11,0.273,0,6,0.0,2,2,1.0,2,3,5,2,5,0,0,0,3,0,8,-20,12.0,0,0,15.0,2,2001-02,6.0,98.8,92.0,92.0,119.5,117.4,117.4,-20.7,-25.4,-25.4,0.074,0.4,10.5,0.053,0.0,0.0,26.3,26.5,0.273,0.337,0.172,0.188,95.17,99.45,82.87,99.45,-0.014,88,0.4,1.6,Charlie Bell
369,Charlie,1610612752,NYK,31.0,63,19,44,0.302,1057.48,113,303,0.373,53,164,0.323,47,58,0.81,15,112,127,203,75,68,14,5,100,0,326,-26,953.9,1,0,873.0,1,2001-02,16.8,94.7,95.7,95.7,95.6,95.8,95.8,-0.9,-0.1,-0.1,0.339,2.71,33.4,0.014,0.104,0.06,12.4,12.4,0.46,0.496,0.177,0.18,91.75,91.19,75.99,91.19,0.123,1996,1.8,4.8,Charlie Ward
1497,Chauncey,1610612750,MIN,25.0,82,50,32,0.61,2355.935,348,823,0.423,124,315,0.394,207,234,0.885,35,191,226,450,138,66,17,44,169,0,1027,173,2084.2,8,1,1993.0,1,2001-02,28.7,107.1,107.6,107.6,103.6,104.3,104.3,3.5,3.4,3.4,0.296,3.26,29.9,0.015,0.083,0.049,9.2,9.1,0.498,0.555,0.202,0.207,92.58,92.05,76.71,92.05,0.117,4528,4.2,10.0,Chauncey Billups
685,Cherokee,1610612759,SAS,29.0,42,30,12,0.714,232.7133333333333,30,83,0.361,0,0,0.0,3,8,0.375,24,34,58,10,14,7,8,5,34,0,63,-69,178.6,0,0,161.0,1,2001-02,5.5,95.5,91.0,91.0,106.4,106.4,106.4,-10.9,-15.5,-15.5,0.07,0.71,9.1,0.096,0.152,0.122,12.7,12.7,0.361,0.364,0.175,0.188,97.48,99.83,83.19,99.83,0.032,487,0.7,2.0,Cherokee Parks
2365,Chris,1610612743,DEN,23.0,24,9,15,0.375,260.65833333333336,25,74,0.338,0,4,0.0,22,28,0.786,38,38,76,7,13,7,28,6,35,0,72,29,265.7,0,0,225.0,1,2001-02,10.9,102.9,104.1,104.1,97.7,96.7,96.7,5.2,7.4,7.4,0.039,0.54,6.6,0.132,0.137,0.135,12.3,12.2,0.338,0.417,0.161,0.164,95.03,94.93,79.11,94.93,0.068,511,1.0,3.1,Chris Andersen
164,Chris,1610612761,TOR,34.0,69,34,35,0.493,1578.878333333333,97,296,0.328,33,120,0.275,58,71,0.817,18,136,154,351,123,56,5,17,177,0,285,-33,1056.3,0,0,945.0,1,2001-02,22.9,96.8,96.9,96.9,97.4,97.9,97.9,-0.6,-1.0,-1.0,0.352,2.85,44.0,0.011,0.09,0.05,15.4,15.4,0.383,0.435,0.13,0.133,90.25,90.02,75.02,90.02,0.076,2960,1.4,4.3,Chris Childs
1544,Chris,1610612737,ATL,27.0,7,1,6,0.143,131.05,21,45,0.467,0,1,0.0,11,15,0.733,9,16,25,5,10,2,5,4,21,1,53,-34,101.5,0,0,97.0,1,2001-02,18.7,90.3,89.7,89.7,102.7,102.8,102.8,-12.4,-13.0,-13.0,0.071,0.5,7.6,0.061,0.124,0.091,15.2,15.0,0.467,0.514,0.204,0.212,92.6,92.85,77.38,92.85,0.074,253,3.0,6.4,Chris Crawford
201,Chris,1610612757,POR,37.0,43,27,16,0.628,326.93666666666667,20,50,0.4,0,2,0.0,8,15,0.533,27,53,80,13,14,3,14,6,42,1,48,13,200.5,0,0,175.0,1,2001-02,7.6,102.7,101.3,101.3,99.5,98.7,98.7,3.2,2.6,2.6,0.058,0.93,15.5,0.081,0.167,0.123,16.7,16.7,0.4,0.424,0.094,0.098,90.99,91.98,76.65,91.98,0.042,625,0.5,1.2,Chris Dudley
423,Chris,1610612748,MIA,34.0,54,19,35,0.352,810.1066666666667,131,293,0.447,1,8,0.125,82,117,0.701,71,135,206,25,58,17,11,21,109,3,345,-56,655.7,0,0,633.0,1,2001-02,15.0,94.4,93.4,93.4,98.7,97.0,97.0,-4.3,-3.7,-3.7,0.061,0.43,5.8,0.088,0.174,0.13,13.5,13.6,0.449,0.501,0.231,0.236,89.05,90.3,75.25,90.3,0.098,1524,2.4,5.4,Chris Gatling
2036,Chris,1610612739,CLE,22.0,74,26,48,0.351,1657.5816666666667,221,526,0.42,3,7,0.429,124,179,0.693,133,259,392,24,97,18,89,50,260,1,569,-255,1299.4,5,0,1202.0,1,2001-02,22.4,96.5,97.4,97.4,104.2,104.1,104.1,-7.7,-6.7,-6.7,0.025,0.25,3.3,0.082,0.158,0.12,13.3,13.4,0.423,0.47,0.195,0.196,92.46,92.03,76.69,92.03,0.048,3157,3.0,7.1,Chris Mihm
168,Chris,1610612744,GSW,32.0,66,18,48,0.273,1235.503333333333,178,427,0.417,48,127,0.378,85,107,0.794,51,139,190,72,56,31,13,18,120,0,489,-116,901.0,0,0,887.0,1,2001-02,18.7,98.7,99.8,99.8,105.4,105.1,105.1,-6.8,-5.3,-5.3,0.099,1.29,12.1,0.039,0.118,0.076,9.4,9.3,0.473,0.516,0.179,0.185,94.18,93.79,78.15,93.79,0.086,2420,2.7,6.5,Chris Mills
185,Chris,1610612758,SAC,29.0,54,42,12,0.778,2072.32,532,1075,0.495,5,19,0.263,253,338,0.749,150,396,546,259,158,90,76,37,181,1,1322,410,2705.7,31,1,2464.0,1,2001-02,38.4,109.0,110.3,110.3,99.6,100.4,100.4,9.4,9.9,9.9,0.21,1.64,15.8,0.073,0.182,0.129,9.6,9.6,0.497,0.54,0.288,0.29,98.45,97.5,81.25,97.5,0.158,4206,9.9,19.9,Chris Webber
43,Chris,1610612764,WAS,30.0,82,37,45,0.451,2171.1316666666667,274,656,0.418,131,323,0.406,154,175,0.88,11,141,152,314,85,72,6,17,182,0,833,-40,1635.4,1,0,1586.0,1,2001-02,26.5,103.4,104.1,104.1,105.5,105.3,105.3,-2.1,-1.2,-1.2,0.229,3.69,28.0,0.005,0.07,0.037,7.6,7.5,0.518,0.568,0.167,0.172,91.59,91.38,76.15,91.38,0.098,4138,3.3,8.0,Chris Whitney
363,Christian,1610612764,WAS,32.0,57,21,36,0.368,1443.9883333333332,168,362,0.464,2,10,0.2,66,76,0.868,74,227,301,151,85,60,25,15,129,1,404,-113,1161.7,4,0,1028.0,1,2001-02,25.3,99.1,99.9,99.9,104.2,104.5,104.5,-5.1,-4.6,-4.6,0.166,1.78,24.0,0.053,0.165,0.109,13.5,13.5,0.467,0.511,0.151,0.155,91.72,91.25,76.04,91.25,0.102,2751,2.9,6.4,Christian Laettner
1088,Chucky,1610612765,DET,27.0,79,49,30,0.62,2280.545,368,790,0.466,138,336,0.411,83,120,0.692,31,127,158,263,128,72,11,37,177,0,957,56,1662.1,1,0,1682.0,1,2001-02,28.9,101.8,102.1,102.1,100.4,101.2,101.2,1.5,0.9,0.9,0.204,2.05,21.3,0.014,0.058,0.037,10.4,10.4,0.553,0.568,0.196,0.199,92.93,92.4,77.0,92.4,0.094,4398,4.7,10.0,Chucky Atkins
359,Chucky,1610612758,SAC,34.0,18,14,4,0.778,91.98,10,27,0.37,0,0,0.0,1,2,0.5,10,23,33,6,5,2,4,2,12,0,21,-19,82.6,0,0,72.0,1,2001-02,5.1,88.2,84.7,84.7,97.3,95.5,95.5,-9.1,-10.8,-10.8,0.094,1.2,15.4,0.091,0.195,0.145,12.8,12.9,0.37,0.377,0.14,0.147,102.15,105.15,87.63,105.15,0.087,203,0.6,1.5,Chucky Brown
221,Clar.,1610612752,NYK,31.0,56,21,35,0.375,1725.8983333333333,189,452,0.418,0,0,0.0,116,146,0.795,149,311,460,60,47,37,48,61,132,1,494,-187,1344.0,12,0,1184.0,1,2001-02,30.8,100.1,100.9,100.9,105.9,106.4,106.4,-5.9,-5.5,-5.5,0.058,1.28,9.6,0.087,0.188,0.136,7.5,7.5,0.418,0.478,0.151,0.152,92.43,91.83,76.53,91.83,0.092,3300,3.4,8.1,Clar. Weatherspoon
361,Clifford,1610612765,DET,35.0,80,49,31,0.613,2854.6716666666666,454,1069,0.425,115,304,0.378,143,206,0.694,79,308,387,202,151,89,95,47,243,0,1166,107,2334.4,2,0,2238.0,1,2001-02,35.7,102.4,102.6,102.6,99.4,100.4,100.4,3.0,2.2,2.2,0.125,1.34,13.3,0.029,0.111,0.071,10.0,10.0,0.478,0.503,0.213,0.217,92.76,92.17,76.81,92.17,0.086,5475,5.7,13.4,Clifford Robinson
1894,Corey,1610612746,LAC,22.0,63,29,34,0.46,1616.74,235,530,0.443,46,139,0.331,201,251,0.801,54,177,231,112,116,41,19,59,155,0,717,-86,1226.2,1,0,1226.0,1,2001-02,25.7,101.9,103.0,103.0,105.1,105.7,105.7,-3.2,-2.7,-2.7,0.114,0.97,12.8,0.034,0.109,0.072,13.3,13.4,0.487,0.56,0.21,0.211,93.74,93.0,77.5,93.0,0.086,3132,3.7,8.4,Corey Maggette
916,Corie,1610612755,PHI,33.0,72,39,33,0.542,1429.545,115,251,0.458,0,1,0.0,29,45,0.644,149,219,368,44,52,49,26,18,176,1,259,-127,939.6,2,0,821.0,1,2001-02,19.9,95.9,94.6,94.6,99.7,98.6,98.6,-3.8,-3.9,-3.9,0.051,0.85,12.0,0.103,0.16,0.13,14.2,14.2,0.458,0.478,0.1,0.104,91.21,92.39,76.99,92.39,0.068,2742,1.6,3.5,Corie Blount
722,Corliss,1610612765,DET,28.0,78,47,31,0.603,1707.23,411,806,0.51,1,5,0.2,240,298,0.805,118,202,320,94,137,49,26,56,226,3,1063,143,1676.0,4,0,1628.0,1,2001-02,21.9,104.8,104.1,104.1,99.0,99.6,99.6,5.8,4.5,4.5,0.113,0.69,8.0,0.075,0.121,0.098,11.7,11.7,0.511,0.567,0.289,0.295,92.18,92.23,76.86,92.23,0.129,3279,5.3,10.3,Corliss Williamson
2042,Courtney,1610612764,WAS,25.0,56,23,33,0.411,1323.14,223,474,0.47,5,18,0.278,98,121,0.81,43,105,148,86,60,35,7,33,113,0,549,-168,921.6,0,0,872.0,1,2001-02,23.6,98.9,99.2,99.2,105.4,105.3,105.3,-6.5,-6.2,-6.2,0.114,1.43,12.7,0.033,0.083,0.057,8.9,8.9,0.476,0.521,0.201,0.204,92.17,92.09,76.74,92.09,0.086,2533,4.0,8.5,Courtney Alexander
1749,Cuttino,1610612745,HOU,26.0,74,28,46,0.378,3115.8016666666667,595,1358,0.438,149,377,0.395,267,314,0.85,63,237,300,187,180,109,37,47,189,0,1606,-192,2504.5,1,0,2534.0,1,2001-02,42.1,102.3,103.6,103.6,106.2,107.0,107.0,-3.9,-3.5,-3.5,0.112,1.04,10.1,0.021,0.078,0.049,9.7,9.7,0.493,0.537,0.245,0.251,91.03,90.14,75.12,90.14,0.1,5857,8.0,18.4,Cuttino Mobley
905,Dale,1610612757,POR,33.0,78,46,32,0.59,2446.366666666667,296,580,0.51,0,0,0.0,150,212,0.708,262,426,688,96,62,62,83,46,193,1,742,234,2084.6,23,0,1816.0,1,2001-02,31.4,105.0,106.3,106.3,100.0,100.7,100.7,5.0,5.6,5.6,0.06,1.55,11.5,0.11,0.181,0.145,7.4,7.5,0.51,0.551,0.137,0.138,91.36,90.48,75.4,90.48,0.108,4600,3.8,7.4,Dale Davis
2053,Dalibor,1610612741,CHI,21.0,50,13,37,0.26,634.8816666666667,72,178,0.404,0,1,0.0,41,70,0.586,55,107,162,23,46,17,24,19,108,1,185,-142,490.9,0,0,452.0,1,2001-02,12.7,96.5,95.9,95.9,108.4,105.7,105.7,-11.9,-9.7,-9.7,0.059,0.5,8.3,0.087,0.177,0.131,16.6,16.6,0.404,0.443,0.184,0.188,92.3,93.79,78.16,93.79,0.039,1230,1.4,3.6,Dalibor Bagaric
1800,Damon,1610612765,DET,25.0,67,42,25,0.627,1088.7,114,284,0.401,69,186,0.371,43,59,0.729,13,90,103,140,61,23,1,15,83,0,340,96,684.6,0,0,700.0,1,2001-02,16.2,104.9,103.1,103.1,97.4,98.1,98.1,7.5,4.9,4.9,0.21,2.3,27.3,0.013,0.081,0.049,11.9,11.9,0.523,0.548,0.156,0.162,91.87,92.3,76.92,92.3,0.083,2090,1.7,4.2,Damon Jones
757,Damon,1610612757,POR,28.0,75,45,30,0.6,2793.278333333333,369,918,0.402,104,295,0.353,174,196,0.888,78,214,292,490,149,67,7,41,153,0,1016,209,2174.4,8,0,2050.0,1,2001-02,37.2,105.0,106.0,106.0,101.4,101.8,101.8,3.5,4.1,4.1,0.28,3.29,30.1,0.029,0.08,0.054,9.2,9.1,0.459,0.506,0.184,0.189,91.69,91.06,75.88,91.06,0.102,5294,4.9,12.2,Damon Stoudamire
2245,Damone,1610612755,PHI,23.0,17,7,10,0.412,63.785,8,21,0.381,0,1,0.0,7,8,0.875,2,2,4,2,9,1,1,0,11,1,23,-16,27.8,0,0,33.0,1,2001-02,3.8,91.7,86.0,86.0,102.6,95.2,95.2,-10.9,-9.2,-9.2,0.051,0.22,5.7,0.033,0.034,0.034,25.7,25.3,0.381,0.469,0.206,0.229,101.47,108.74,90.62,108.74,-0.024,143,0.5,1.2,Damone Brown
2061,Dan,1610612745,HOU,24.0,34,10,24,0.294,433.19166666666666,49,125,0.392,1,4,0.25,8,11,0.727,22,45,67,14,9,8,5,4,25,0,107,-154,238.4,0,0,215.0,1,2001-02,12.7,88.2,88.7,88.7,109.5,107.6,107.6,-21.3,-18.9,-18.9,0.058,1.56,9.2,0.047,0.113,0.077,5.9,5.9,0.396,0.412,0.144,0.146,90.34,90.92,75.76,90.92,0.056,821,1.4,3.7,Dan Langhi
105,Dan,1610612756,PHX,36.0,65,28,37,0.431,1182.5866666666666,99,289,0.343,79,235,0.336,23,39,0.59,28,148,176,90,35,48,15,7,104,1,300,62,800.2,0,0,771.0,1,2001-02,18.2,102.0,102.5,102.5,100.2,99.4,99.4,1.8,3.1,3.1,0.112,2.57,20.8,0.023,0.123,0.073,8.1,8.1,0.479,0.49,0.127,0.129,93.91,94.02,78.35,94.02,0.07,2312,1.5,4.4,Dan Majerle
344,Dana,1610612765,DET,35.0,29,14,15,0.483,586.0733333333334,74,192,0.385,24,71,0.338,21,27,0.778,1,56,57,77,33,14,2,6,37,0,193,7,391.9,0,0,383.0,1,2001-02,20.2,100.4,99.9,99.9,99.6,99.6,99.6,0.8,0.3,0.3,0.221,2.33,24.8,0.002,0.097,0.051,10.6,10.5,0.448,0.473,0.186,0.192,92.25,92.47,77.06,92.47,0.08,1131,2.6,6.6,Dana Barros
2091,Daniel,1610612756,PHX,26.0,3,0,3,0.0,24.316666666666663,4,8,0.5,0,0,0.0,0,0,0.0,0,7,7,2,2,0,1,1,4,0,8,-6,20.4,0,0,19.0,1,2001-02,8.1,70.3,75.0,75.0,91.4,87.5,87.5,-21.1,-12.5,-12.5,0.2,1.0,16.7,0.0,0.269,0.121,16.7,16.7,0.5,0.5,0.185,0.185,95.89,94.75,78.96,94.75,0.125,48,1.3,2.7,Daniel Santiago
198,Danny,1610612759,SAS,35.0,50,40,10,0.8,798.7666666666667,76,177,0.429,43,99,0.434,34,36,0.944,15,75,90,48,22,16,9,5,70,1,229,133,462.0,0,0,460.0,1,2001-02,16.0,104.6,103.2,103.2,95.0,96.2,96.2,9.6,7.0,7.0,0.099,2.18,18.7,0.02,0.088,0.056,8.6,8.4,0.551,0.594,0.12,0.127,91.39,91.46,76.22,91.46,0.081,1535,1.5,3.5,Danny Ferry
1504,Danny,1610612744,GSW,26.0,77,20,57,0.26,2219.346666666667,309,722,0.428,1,4,0.25,245,308,0.795,290,609,899,127,160,44,17,73,255,13,864,-201,2156.3,29,0,2013.0,1,2001-02,28.8,100.1,101.5,101.5,104.8,106.2,106.2,-4.8,-4.7,-4.7,0.089,0.79,11.2,0.117,0.268,0.189,14.1,14.0,0.429,0.504,0.186,0.189,98.43,97.14,80.95,97.14,0.121,4496,4.0,9.4,Danny Fortson
330,Danny,1610612742,DAL,36.0,41,28,13,0.683,553.9383333333334,71,149,0.477,1,7,0.143,22,33,0.667,25,83,108,30,25,21,21,8,80,0,165,-36,440.6,0,0,388.0,1,2001-02,13.5,101.9,101.7,101.7,104.1,104.3,104.3,-2.2,-2.6,-2.6,0.084,1.2,13.7,0.046,0.141,0.095,11.4,11.4,0.48,0.505,0.153,0.155,95.72,95.71,79.76,95.71,0.069,1101,1.7,3.6,Danny Manning
2032,Darius,1610612746,LAC,20.0,82,39,43,0.476,2225.0383333333334,308,641,0.48,3,19,0.158,158,255,0.62,109,344,453,184,160,71,103,45,184,0,777,6,1958.6,4,0,1765.0,1,2001-02,27.1,102.3,103.2,103.2,102.4,102.8,102.8,-0.1,0.4,0.4,0.137,1.15,16.7,0.049,0.151,0.101,14.5,14.6,0.483,0.516,0.183,0.185,93.3,92.72,77.27,92.72,0.102,4293,3.8,7.8,Darius Miles
353,Darrell,1610612753,ORL,34.0,82,44,38,0.537,2733.3216666666667,347,827,0.42,139,398,0.349,182,205,0.888,83,236,319,453,175,157,10,38,166,0,1015,206,2403.3,4,0,2260.0,1,2001-02,33.3,105.8,106.7,106.7,102.5,103.1,103.1,3.3,3.6,3.6,0.249,2.59,29.8,0.029,0.087,0.058,11.5,11.3,0.504,0.553,0.172,0.178,96.19,95.48,79.57,95.48,0.11,5443,4.2,10.1,Darrell Armstrong
239,Darrick,1610612742,DAL,31.0,3,1,2,0.333,22.41333333333333,0,10,0.0,0,2,0.0,1,2,0.5,0,1,1,3,1,2,0,3,4,0,1,-23,11.7,0,0,9.0,1,2001-02,7.5,70.3,71.1,71.1,122.1,119.6,119.6,-51.8,-48.5,-48.5,0.25,3.0,20.0,0.0,0.0,0.0,6.7,6.7,0.0,0.046,0.231,0.235,96.97,97.44,81.2,97.44,-0.136,45,0.0,3.3,Darrick Martin
1032,Darvin,1610612749,MIL,28.0,70,32,38,0.457,1206.9133333333334,120,211,0.569,1,7,0.143,62,123,0.504,91,111,202,73,83,25,37,14,175,1,303,-18,757.9,0,0,703.0,1,2001-02,17.2,103.4,101.9,101.9,102.1,101.6,101.6,1.3,0.3,0.3,0.094,0.88,17.5,0.078,0.089,0.084,19.9,19.7,0.571,0.571,0.128,0.134,93.75,94.61,78.85,94.61,0.044,2367,1.7,3.0,Darvin Ham
764,David,1610612759,SAS,36.0,78,55,23,0.705,2305.2266666666665,341,672,0.507,0,0,0.0,269,395,0.681,191,456,647,94,104,86,140,59,193,1,951,428,2442.4,20,0,2144.0,1,2001-02,29.6,105.1,106.1,106.1,95.2,96.2,96.2,9.9,9.9,9.9,0.068,0.9,9.0,0.09,0.196,0.146,9.9,10.0,0.507,0.562,0.193,0.193,91.96,91.03,75.86,91.03,0.14,4369,4.4,8.6,David Robinson
133,David,1610612766,CHH,31.0,67,36,31,0.537,2490.366666666667,364,910,0.4,85,256,0.332,138,188,0.734,44,99,143,236,119,74,15,51,147,1,951,-77,1624.6,1,0,1593.0,1,2001-02,37.2,100.9,102.0,102.0,101.8,103.2,103.2,-0.9,-1.2,-1.2,0.163,1.98,17.6,0.017,0.039,0.028,8.9,8.8,0.447,0.479,0.2,0.204,93.18,92.08,76.74,92.08,0.067,4768,5.4,13.6,David Wesley
2205,DeSagana,1610612739,CLE,20.0,18,8,10,0.444,109.49833333333332,12,29,0.414,0,0,0.0,1,5,0.2,5,12,17,5,12,1,10,2,19,0,25,-5,73.9,0,0,69.0,1,2001-02,6.1,98.6,98.6,98.6,100.0,100.9,100.9,-1.4,-2.3,-2.3,0.069,0.42,10.6,0.05,0.104,0.079,25.5,24.9,0.414,0.401,0.173,0.182,96.86,96.44,80.37,96.44,-0.004,220,0.7,1.6,DeSagana Diop
2052,DeShawn,1610612762,UTA,21.0,67,36,31,0.537,1131.1933333333334,143,371,0.385,2,25,0.08,37,53,0.698,44,87,131,116,68,29,24,34,82,0,325,-123,747.2,0,0,680.0,1,2001-02,16.9,99.6,99.4,99.4,105.2,105.2,105.2,-5.7,-5.8,-5.8,0.171,1.71,20.0,0.04,0.083,0.061,11.7,11.8,0.388,0.412,0.182,0.184,92.67,92.76,77.3,92.76,0.054,2188,2.1,5.5,DeShawn Stevenson
1051,Dean,1610612744,GSW,35.0,34,24,10,0.706,180.68166666666667,18,55,0.327,0,0,0.0,0,3,0.0,16,41,57,5,10,7,10,7,32,0,36,5,152.9,0,0,132.0,2,2001-02,5.3,103.5,102.4,102.4,103.6,100.3,100.3,0.0,2.1,2.1,0.038,0.5,7.0,0.074,0.194,0.133,14.1,14.0,0.327,0.32,0.147,0.153,98.89,101.08,84.24,101.08,0.032,379,0.5,1.6,Dean Garrett
2352,Dean,1610612744,GSW,23.0,20,4,16,0.2,138.97,17,46,0.37,2,13,0.154,6,9,0.667,0,8,8,21,11,3,0,1,16,0,42,-36,81.1,0,0,79.0,1,2001-02,6.9,90.5,91.2,91.2,107.3,103.4,103.4,-16.8,-12.2,-12.2,0.25,1.91,25.9,0.0,0.058,0.027,13.6,13.4,0.391,0.42,0.18,0.185,100.41,101.89,84.91,101.89,0.035,295,0.9,2.3,Dean Oliver
244,Dee,1610612753,ORL,33.0,7,5,2,0.714,65.81666666666666,3,20,0.15,1,12,0.083,0,0,0.0,0,9,9,2,4,3,1,0,4,0,7,-3,28.8,0,0,27.0,1,2001-02,9.4,94.8,94.2,94.2,99.1,93.7,93.7,-4.4,0.5,0.5,0.043,0.5,7.7,0.0,0.123,0.064,15.4,15.4,0.175,0.175,0.16,0.163,98.94,102.1,85.08,102.1,-0.018,138,0.4,2.9,Dee Brown
209,Dell,1610612761,TOR,38.0,56,31,25,0.554,884.9483333333334,141,347,0.406,45,131,0.344,33,37,0.892,23,58,81,61,41,22,6,9,50,0,360,16,591.7,0,0,603.0,1,2001-02,15.8,99.2,99.3,99.3,99.9,99.1,99.1,-0.7,0.2,0.2,0.12,1.49,13.2,0.025,0.07,0.047,8.9,8.8,0.471,0.495,0.203,0.209,91.54,91.88,76.57,91.88,0.085,1700,2.5,6.2,Dell Curry
2035,DerMarr,1610612737,ATL,22.0,72,27,45,0.375,1722.395,214,540,0.396,89,247,0.36,85,105,0.81,59,188,247,81,102,62,56,31,163,1,602,-89,1271.9,2,0,1255.0,1,2001-02,23.9,100.2,99.8,99.8,102.1,101.9,101.9,-1.9,-2.0,-2.0,0.076,0.79,10.5,0.034,0.113,0.073,13.2,13.3,0.479,0.513,0.176,0.179,95.06,95.38,79.48,95.38,0.067,3413,3.0,7.5,DerMarr Johnson
1507,Derek,1610612757,POR,27.0,70,45,25,0.643,1855.9366666666667,247,613,0.403,85,228,0.373,178,208,0.856,47,142,189,216,87,68,8,32,113,0,757,173,1448.8,1,0,1399.0,1,2001-02,26.5,104.5,105.0,105.0,99.5,99.7,99.7,5.0,5.3,5.3,0.188,2.48,21.5,0.026,0.081,0.053,8.7,8.6,0.472,0.537,0.19,0.195,92.09,91.75,76.46,91.75,0.104,3541,3.5,8.8,Derek Anderson
965,Derek,1610612747,LAL,27.0,70,47,23,0.671,1974.8133333333333,274,666,0.411,144,349,0.413,94,111,0.847,15,131,146,181,62,66,9,16,121,2,786,373,1395.7,0,0,1407.0,1,2001-02,28.2,109.8,110.7,110.7,100.4,100.9,100.9,9.4,9.8,9.8,0.137,2.92,18.9,0.007,0.064,0.036,6.5,6.5,0.52,0.55,0.173,0.175,95.19,94.56,78.8,94.56,0.09,3887,3.9,9.5,Derek Fisher
934,Derrick,1610612755,PHI,35.0,58,29,29,0.5,2080.633333333333,331,735,0.45,28,83,0.337,185,227,0.815,167,342,509,98,119,42,51,65,158,2,875,113,1792.8,21,0,1696.0,1,2001-02,35.9,100.3,101.7,101.7,98.4,99.0,99.0,1.9,2.7,2.7,0.084,0.82,9.3,0.085,0.167,0.127,11.3,11.3,0.469,0.524,0.21,0.212,90.48,89.59,74.66,89.59,0.116,3888,5.7,12.7,Derrick Coleman
1760,Derrick,1610612761,TOR,26.0,32,21,11,0.656,298.68,41,120,0.342,1,11,0.091,18,24,0.75,14,42,56,35,16,10,4,8,13,0,101,26,246.7,0,0,221.0,2,2001-02,9.3,94.4,93.2,93.2,90.3,88.2,88.2,4.2,5.0,5.0,0.211,2.19,19.4,0.044,0.143,0.092,8.9,8.8,0.346,0.387,0.217,0.226,90.5,92.17,76.8,92.17,0.108,572,1.3,3.8,Derrick Dial
365,Derrick,1610612755,PHI,35.0,41,24,17,0.585,783.12,52,122,0.426,5,12,0.417,10,14,0.714,48,79,127,45,22,41,4,5,90,1,119,-17,451.9,0,0,386.0,1,2001-02,19.1,100.9,99.5,99.5,100.3,99.3,99.3,0.6,0.1,0.1,0.093,2.05,23.1,0.065,0.108,0.086,11.3,11.3,0.447,0.464,0.088,0.091,89.4,90.5,75.42,90.5,0.057,1467,1.3,3.0,Derrick McKey
2046,Desmond,1610612760,SEA,24.0,75,44,31,0.587,2418.048333333333,357,769,0.464,16,59,0.271,201,237,0.848,92,259,351,104,104,67,27,44,170,0,931,239,1686.2,0,0,1590.0,1,2001-02,32.2,106.9,107.2,107.2,101.5,101.9,101.9,5.4,5.3,5.3,0.068,1.0,9.6,0.041,0.109,0.076,9.6,9.6,0.475,0.533,0.185,0.188,91.67,91.36,76.14,91.36,0.09,4601,4.8,10.3,Desmond Mason
1904,Devean,1610612747,LAL,24.0,82,58,24,0.707,1762.5083333333334,215,523,0.411,66,178,0.371,85,126,0.675,78,225,303,111,66,71,42,23,190,0,581,410,1384.1,0,0,1287.0,1,2001-02,21.5,106.9,107.2,107.2,94.7,95.3,95.3,12.2,11.9,11.9,0.097,1.68,14.7,0.043,0.119,0.082,8.7,8.7,0.474,0.502,0.161,0.163,94.3,93.93,78.27,93.93,0.085,3449,2.6,6.4,Devean George
54,Dickey,1610612737,ATL,30.0,1,1,0,1.0,2.7666666666666666,0,0,0.0,0,0,0.0,0,0,0.0,0,0,0,1,0,0,0,0,0,0,0,-1,1.5,0,0,1.0,1,2001-02,2.8,83.3,71.4,71.4,100.0,100.0,100.0,-16.7,-28.6,-28.6,0.5,0.0,100.0,0.0,0.0,0.0,0.0,0.0,0.0,0.0,0.0,0.0,104.1,112.77,93.98,112.77,0.077,7,0.0,0.0,Dickey Simpkins
87,Dikembe,1610612755,PHI,36.0,80,43,37,0.538,2905.63,321,641,0.501,0,0,0.0,278,364,0.764,254,609,863,83,156,29,190,41,242,3,920,287,2581.1,33,1,2304.0,1,2001-02,36.3,99.5,100.6,100.6,94.8,95.5,95.5,4.6,5.1,5.1,0.048,0.53,7.9,0.092,0.207,0.152,14.9,15.0,0.501,0.574,0.152,0.153,90.51,89.66,74.72,89.66,0.124,5433,4.0,8.0,Dikembe Mutombo
1901,Dion,1610612737,ATL,23.0,55,20,35,0.364,1156.1816666666666,192,456,0.421,30,91,0.33,78,103,0.757,36,133,169,84,76,45,14,41,89,0,492,-255,921.8,1,0,893.0,1,2001-02,21.0,97.5,96.8,96.8,107.3,107.7,107.7,-9.9,-10.8,-10.8,0.127,1.11,12.7,0.032,0.116,0.074,11.5,11.5,0.454,0.491,0.221,0.225,95.88,96.03,80.02,96.03,0.083,2311,3.5,8.3,Dion Glover
1717,Dirk,1610612742,DAL,24.0,76,53,23,0.697,2890.955,600,1258,0.477,139,350,0.397,440,516,0.853,120,635,755,186,145,83,77,62,222,0,1779,411,3299.0,38,0,3179.0,1,2001-02,38.0,112.0,112.8,112.8,105.4,105.9,105.9,6.6,6.9,6.9,0.105,1.28,10.3,0.043,0.219,0.133,8.0,8.0,0.532,0.599,0.25,0.254,95.55,95.01,79.18,95.01,0.159,5731,7.9,16.6,Dirk Nowitzki
690,Don,1610612753,ORL,28.0,68,37,31,0.544,712.7083333333334,90,190,0.474,0,0,0.0,44,68,0.647,65,111,176,27,54,20,44,22,180,0,224,-52,613.7,0,0,555.0,1,2001-02,10.5,94.5,94.1,94.1,97.9,95.8,95.8,-3.4,-1.6,-1.6,0.061,0.5,9.1,0.085,0.148,0.116,18.1,17.9,0.474,0.509,0.161,0.167,98.67,99.91,83.26,99.91,0.037,1469,1.3,2.8,Don Reid
2051,Donnell,1610612743,DEN,21.0,47,25,22,0.532,844.4416666666667,108,217,0.498,0,0,0.0,54,90,0.6,80,147,227,37,33,21,24,25,115,0,270,-9,699.9,1,0,624.0,2,2001-02,18.0,97.3,98.6,98.6,98.2,97.9,97.9,-1.0,0.7,0.7,0.073,1.12,11.3,0.093,0.175,0.133,10.1,10.1,0.498,0.526,0.151,0.154,93.49,92.99,77.49,92.99,0.098,1626,2.3,4.6,Donnell Harvey
681,Donny,1610612751,NJN,29.0,20,12,8,0.6,118.55333333333331,8,29,0.276,2,4,0.5,12,18,0.667,8,13,21,5,2,3,0,5,14,0,30,-14,69.7,0,0,64.0,1,2001-02,5.9,90.8,86.6,86.6,95.8,93.0,93.0,-5.0,-6.5,-6.5,0.078,2.5,11.1,0.058,0.1,0.078,4.4,4.6,0.31,0.406,0.146,0.153,89.78,93.33,77.77,93.33,0.043,231,0.4,1.5,Donny Marshall
923,Donyell,1610612762,UTA,29.0,58,29,29,0.5,1749.1783333333333,343,661,0.519,13,42,0.31,160,226,0.708,158,285,443,101,124,50,67,69,150,0,859,-215,1769.1,12,0,1650.0,1,2001-02,30.2,99.0,99.7,99.7,104.7,106.0,106.0,-5.8,-6.2,-6.2,0.111,0.81,10.3,0.095,0.173,0.134,12.6,12.6,0.529,0.565,0.223,0.226,93.93,93.03,77.52,93.03,0.137,3388,5.9,11.4,Donyell Marshall
57,Doug,1610612758,SAC,32.0,81,60,21,0.741,2796.0516666666667,338,735,0.46,90,256,0.352,206,242,0.851,74,300,374,340,164,160,25,43,209,1,972,484,2321.8,1,0,2146.0,1,2001-02,34.5,107.1,108.5,108.5,98.9,99.6,99.6,8.2,8.9,8.9,0.169,2.07,25.7,0.026,0.103,0.065,12.4,12.2,0.521,0.578,0.153,0.157,98.34,97.31,81.09,97.31,0.099,5658,4.2,9.1,Doug Christie
77,Doug,1610612746,LAC,32.0,18,9,9,0.5,131.44333333333333,14,44,0.318,7,27,0.259,4,7,0.571,1,11,12,13,12,3,1,2,10,0,39,-3,72.9,0,0,79.0,1,2001-02,7.3,97.3,95.3,95.3,98.3,97.3,97.3,-1.0,-1.9,-1.9,0.167,1.08,18.3,0.008,0.088,0.049,16.9,16.6,0.398,0.414,0.195,0.207,92.4,93.85,78.21,93.85,0.031,258,0.8,2.4,Doug Overton
1863,Earl,1610612746,LAC,26.0,68,32,36,0.471,761.745,110,275,0.4,13,42,0.31,47,61,0.77,27,27,54,145,44,20,2,15,44,0,280,11,584.3,0,0,536.0,1,2001-02,11.2,103.5,103.3,103.3,104.1,103.4,103.4,-0.6,-0.1,-0.1,0.309,3.3,29.5,0.034,0.036,0.035,9.0,9.0,0.424,0.464,0.196,0.202,92.52,92.88,77.4,92.88,0.09,1480,1.6,4.0,Earl Boykins
2248,Earl,1610612760,SEA,23.0,64,34,30,0.531,965.3983333333332,96,212,0.453,16,44,0.364,23,36,0.639,31,52,83,125,51,60,5,20,93,0,231,36,662.1,0,0,585.0,1,2001-02,15.1,102.3,100.4,100.4,98.6,97.5,97.5,3.7,2.9,2.9,0.196,2.45,31.1,0.036,0.057,0.046,12.7,12.6,0.491,0.507,0.133,0.139,90.41,91.78,76.49,91.78,0.072,1837,1.5,3.3,Earl Watson
2109,Eddie,1610612763,MEM,23.0,23,6,17,0.261,381.01666666666665,39,92,0.424,7,22,0.318,31,39,0.795,7,21,28,49,34,11,3,3,38,0,116,-129,231.1,0,0,228.0,1,2001-02,16.6,87.7,87.5,87.5,108.2,106.8,106.8,-20.5,-19.3,-19.3,0.262,1.44,25.7,0.018,0.06,0.039,17.8,17.7,0.462,0.531,0.172,0.179,89.15,89.89,74.9,89.89,0.065,718,1.7,4.0,Eddie Gill
2204,Eddie,1610612745,HOU,20.0,73,23,50,0.315,1895.4766666666667,244,666,0.366,90,273,0.33,64,86,0.744,117,299,416,53,47,17,134,43,117,1,642,-162,1626.7,7,0,1503.0,1,2001-02,26.0,99.1,99.9,99.9,104.3,104.5,104.5,-5.1,-4.6,-4.6,0.049,1.13,6.6,0.06,0.156,0.107,5.8,5.8,0.434,0.456,0.18,0.183,90.79,90.38,75.32,90.38,0.089,3570,3.3,9.1,Eddie Griffin
2067,Eddie,1610612748,MIA,24.0,64,23,41,0.359,1230.37,209,524,0.399,54,157,0.344,42,49,0.857,17,93,110,123,80,43,5,21,98,0,514,-53,894.5,0,0,897.0,1,2001-02,19.2,95.9,95.2,95.2,99.2,97.6,97.6,-3.3,-2.3,-2.3,0.186,1.54,16.4,0.014,0.08,0.046,10.7,10.7,0.45,0.471,0.233,0.239,89.8,90.84,75.7,90.84,0.086,2329,3.3,8.2,Eddie House
224,Eddie,1610612748,MIA,30.0,81,36,45,0.444,3155.218333333333,517,1198,0.432,149,382,0.39,297,355,0.837,61,317,378,262,148,117,77,36,258,1,1480,72,2760.6,2,0,2657.0,1,2001-02,39.0,97.4,98.4,98.4,96.4,97.1,97.1,1.1,1.3,1.3,0.152,1.77,15.0,0.02,0.102,0.062,8.5,8.4,0.494,0.546,0.221,0.227,89.74,89.0,74.17,89.0,0.127,5848,6.4,14.8,Eddie Jones
1944,Eddie,1610612741,CHI,26.0,29,5,24,0.172,652.2233333333334,112,247,0.453,2,5,0.4,36,48,0.75,24,54,78,37,36,23,11,10,35,0,262,-133,477.1,0,0,447.0,1,2001-02,22.5,97.5,98.3,98.3,109.2,108.3,108.3,-11.7,-10.0,-10.0,0.097,1.03,10.8,0.037,0.092,0.063,10.5,10.6,0.457,0.489,0.21,0.212,94.18,94.24,78.53,94.24,0.08,1278,3.9,8.5,Eddie Robinson
2201,Eddy,1610612741,CHI,19.0,72,20,52,0.278,1150.7783333333334,189,377,0.501,0,0,0.0,105,160,0.656,111,161,272,25,69,16,53,60,173,0,483,-256,984.9,4,0,918.0,1,2001-02,16.0,95.2,95.4,95.4,106.3,106.0,106.0,-11.1,-10.6,-10.6,0.039,0.36,4.6,0.101,0.143,0.122,12.7,12.7,0.501,0.54,0.204,0.207,93.72,93.72,78.1,93.72,0.075,2238,2.6,5.2,Eddy Curry
2059,Eduardo,1610612742,DAL,25.0,62,44,18,0.71,1351.381666666667,150,300,0.5,0,2,0.0,100,148,0.676,149,193,342,38,40,56,30,26,156,1,400,320,1085.4,6,0,952.0,1,2001-02,21.8,113.2,113.2,113.2,101.1,100.3,100.3,12.1,12.9,12.9,0.039,0.95,8.7,0.111,0.142,0.127,9.1,9.0,0.5,0.548,0.129,0.132,95.23,95.65,79.71,95.65,0.082,2680,2.4,4.8,Eduardo Najera
922,Elden,1610612766,CHH,33.0,77,41,36,0.532,2158.068333333333,384,794,0.484,0,2,0.0,306,384,0.797,133,397,530,102,138,60,137,54,264,2,1074,5,2316.0,15,0,2100.0,1,2001-02,28.0,102.3,103.6,103.6,101.7,102.8,102.8,0.6,0.8,0.8,0.084,0.74,8.4,0.062,0.188,0.125,11.4,11.5,0.484,0.558,0.234,0.235,91.82,90.71,75.6,90.71,0.126,4066,5.0,10.3,Elden Campbell
695,Eldridge,1610612746,LAC,34.0,6,1,5,0.167,32.888333333333335,2,6,0.333,0,1,0.0,1,1,1.0,0,0,0,5,1,1,0,1,4,0,5,0,14.5,0,0,12.0,2,2001-02,5.5,94.9,93.8,93.8,95.2,90.9,90.9,-0.3,2.8,2.8,0.313,5.0,41.7,0.0,0.0,0.0,8.3,8.0,0.333,0.388,0.097,0.106,92.15,94.87,79.06,94.87,0.021,64,0.3,1.0,Eldridge Recasner
386,Elliot,1610612763,MEM,33.0,2,0,2,0.0,47.6,5,10,0.5,0,0,0.0,1,2,0.5,0,4,4,7,7,3,0,0,6,0,11,-36,28.3,0,0,28.0,1,2001-02,23.8,63.6,62.0,62.0,105.6,102.2,102.2,-42.0,-40.2,-40.2,0.389,1.0,28.0,0.0,0.108,0.049,28.0,28.1,0.5,0.506,0.173,0.181,89.57,92.27,76.89,92.27,0.05,92,2.5,5.0,Elliot Perry
1882,Elton,1610612746,LAC,23.0,80,38,42,0.475,3016.25,532,1010,0.527,0,0,0.0,389,524,0.742,396,529,925,191,173,80,163,72,254,1,1453,4,3405.5,55,0,3055.0,1,2001-02,37.7,103.9,105.4,105.4,104.1,105.2,105.2,-0.2,0.2,0.2,0.109,1.1,12.0,0.134,0.176,0.155,10.8,10.8,0.527,0.586,0.209,0.212,92.37,91.27,76.05,91.27,0.151,5731,6.7,12.6,Elton Brand
1023,Emanual,1610612737,ATL,33.0,28,10,18,0.357,775.0166666666667,70,198,0.354,29,85,0.341,16,18,0.889,19,55,74,68,52,27,5,7,68,0,185,-141,419.8,0,0,420.0,1,2001-02,27.7,96.4,95.7,95.7,104.7,105.2,105.2,-8.4,-9.5,-9.5,0.145,1.31,21.0,0.024,0.071,0.047,16.0,16.0,0.427,0.449,0.147,0.151,94.92,95.04,79.2,95.04,0.039,1537,2.5,7.1,Emanual Davis
376,Eric,1610612761,TOR,30.0,49,26,23,0.531,656.0966666666667,53,132,0.402,0,1,0.0,10,31,0.323,36,104,140,16,25,12,23,12,92,0,116,-108,388.0,1,0,342.0,1,2001-02,13.4,92.7,92.7,92.7,101.8,102.2,102.2,-9.0,-9.4,-9.4,0.039,0.64,8.5,0.054,0.169,0.109,13.3,13.4,0.402,0.398,0.119,0.121,90.67,90.46,75.39,90.46,0.032,1241,1.1,2.7,Eric Montross
15,Eric,1610612746,LAC,31.0,71,32,39,0.451,1716.6533333333334,207,471,0.439,111,238,0.466,101,113,0.894,43,141,184,112,64,41,12,23,110,0,626,-34,1109.8,1,0,1139.0,1,2001-02,24.2,101.9,103.5,103.5,104.4,105.2,105.2,-2.5,-1.8,-1.8,0.101,1.75,16.4,0.025,0.083,0.054,9.4,9.2,0.557,0.601,0.146,0.152,93.7,92.62,77.19,92.62,0.085,3324,2.9,6.6,Eric Piatkowski
727,Eric,1610612755,PHI,29.0,61,35,26,0.574,2225.258333333333,276,624,0.442,3,27,0.111,183,227,0.806,33,182,215,400,138,95,9,43,167,0,738,212,1770.0,6,0,1564.0,1,2001-02,36.5,101.3,101.7,101.7,96.3,96.8,96.8,5.0,4.9,4.9,0.301,2.9,31.6,0.016,0.081,0.049,10.9,10.9,0.445,0.51,0.176,0.178,91.37,90.92,75.77,90.92,0.11,4218,4.5,10.2,Eric Snow
677,Eric,1610612738,BOS,29.0,74,46,28,0.622,1749.8983333333333,144,385,0.374,24,86,0.279,160,219,0.731,58,163,221,109,95,77,8,42,179,0,472,160,1060.7,0,0,996.0,1,2001-02,23.6,100.6,99.4,99.4,95.3,95.0,95.0,5.3,4.4,4.4,0.099,1.15,15.8,0.032,0.092,0.062,13.8,13.9,0.405,0.49,0.146,0.149,95.67,96.38,80.31,96.38,0.052,3516,1.9,5.2,Eric Williams
2057,Erick,1610612757,POR,24.0,19,10,9,0.526,226.3733333333333,24,68,0.353,1,7,0.143,9,10,0.9,5,13,18,34,12,17,1,4,29,1,58,-2,172.6,0,0,147.0,1,2001-02,11.9,98.5,98.1,98.1,97.3,96.3,96.3,1.2,1.8,1.8,0.238,2.83,28.8,0.022,0.058,0.04,10.2,10.1,0.36,0.401,0.169,0.175,90.76,91.39,76.16,91.39,0.059,426,1.3,3.6,Erick Barkley
956,Erick,1610612744,GSW,26.0,73,19,54,0.26,1736.745,209,480,0.435,0,0,0.0,136,211,0.645,167,220,387,87,156,17,167,59,235,1,554,-223,1544.9,5,0,1396.0,1,2001-02,23.8,99.5,100.4,100.4,105.8,107.2,107.2,-6.3,-6.7,-6.7,0.078,0.56,10.7,0.091,0.124,0.107,19.2,19.1,0.435,0.484,0.175,0.178,97.19,96.08,80.07,96.08,0.054,3482,2.9,6.6,Erick Dampier
1065,Erick,1610612738,BOS,28.0,79,47,32,0.595,1640.0316666666668,190,488,0.389,95,247,0.385,131,155,0.845,22,191,213,184,94,56,1,30,145,2,606,-99,1214.6,0,0,1212.0,1,2001-02,20.8,99.4,98.0,98.0,100.5,100.1,100.1,-1.1,-2.1,-2.1,0.198,1.96,22.2,0.013,0.115,0.064,11.3,11.3,0.487,0.545,0.175,0.181,95.84,96.74,80.62,96.74,0.095,3290,2.4,6.2,Erick Strickland
2081,Ernest,1610612748,MIA,23.0,3,0,3,0.0,21.43,1,6,0.167,0,0,0.0,1,4,0.25,1,5,6,0,3,0,1,0,4,0,3,-22,10.2,0,0,11.0,1,2001-02,7.1,58.6,57.1,57.1,120.8,112.2,112.2,-62.2,-55.1,-55.1,0.0,0.0,0.0,0.042,0.0,0.0,27.3,27.9,0.167,0.193,0.224,0.229,88.52,92.95,77.46,92.95,-0.117,42,0.3,2.0,Ernest Brown
911,Ervin,1610612749,MIL,34.0,81,41,40,0.506,1659.1016666666667,89,193,0.461,0,1,0.0,30,66,0.455,142,324,466,27,52,37,82,17,219,1,208,-34,1112.7,0,0,939.0,1,2001-02,20.5,103.3,102.3,102.3,101.6,102.8,102.8,1.7,-0.5,-0.5,0.024,0.52,9.0,0.092,0.194,0.145,17.3,17.3,0.461,0.468,0.077,0.079,90.53,90.45,75.38,90.45,0.057,3118,1.1,2.4,Ervin Johnson
2041,Etan,1610612764,WAS,24.0,47,20,27,0.426,620.485,81,151,0.536,0,0,0.0,41,74,0.554,55,126,181,6,26,17,35,17,76,0,203,19,559.2,2,0,494.0,1,2001-02,13.2,100.0,100.4,100.4,100.1,99.1,99.1,-0.1,1.3,1.3,0.015,0.23,2.8,0.089,0.206,0.148,12.1,12.1,0.536,0.553,0.15,0.154,91.67,91.94,76.62,91.94,0.104,1190,1.7,3.2,Etan Thomas
1915,Evan,1610612742,DAL,27.0,31,22,9,0.71,299.12333333333333,21,50,0.42,0,0,0.0,20,33,0.606,35,63,98,9,16,10,9,9,60,1,62,21,234.1,0,0,207.0,1,2001-02,9.6,104.3,101.7,101.7,101.0,99.3,99.3,3.3,2.3,2.3,0.043,0.56,9.9,0.113,0.198,0.156,17.6,17.9,0.42,0.48,0.118,0.12,93.88,95.88,79.9,95.88,0.048,601,0.7,1.6,Evan Eschmeyer
1732,Felipe,1610612750,MIN,27.0,67,42,25,0.627,573.1533333333333,59,156,0.378,14,33,0.424,37,55,0.673,29,51,80,39,36,18,1,21,73,0,169,-54,344.5,0,0,340.0,1,2001-02,8.6,102.8,99.4,99.4,105.4,103.0,103.0,-2.6,-3.6,-3.6,0.108,1.08,15.2,0.05,0.088,0.069,14.0,14.1,0.423,0.469,0.165,0.172,93.2,95.93,79.94,95.93,0.038,1139,0.9,2.3,Felipe Lopez
280,Felton,1610612752,NYK,34.0,32,10,22,0.313,248.19166666666663,6,26,0.231,0,0,0.0,17,33,0.515,16,34,50,3,12,7,8,6,73,0,29,-15,126.5,0,0,112.0,1,2001-02,7.8,92.9,93.8,93.8,97.5,95.7,95.7,-4.6,-1.9,-1.9,0.019,0.25,5.3,0.065,0.134,0.1,21.1,21.6,0.231,0.358,0.099,0.098,93.18,93.61,78.0,93.61,-0.055,481,0.2,0.8,Felton Spencer
697,Fred,1610612741,CHI,29.0,79,20,59,0.253,1406.4083333333333,121,291,0.416,24,92,0.261,79,94,0.84,18,192,210,136,32,61,5,18,87,0,345,-161,967.0,0,0,847.0,1,2001-02,17.8,95.5,96.1,96.1,103.4,102.8,102.8,-7.8,-6.6,-6.6,0.158,4.25,27.7,0.013,0.143,0.077,6.5,6.4,0.457,0.519,0.116,0.121,92.0,91.98,76.65,91.98,0.102,2704,1.5,3.7,Fred Hoiberg
56,Gary,1610612760,SEA,33.0,82,45,37,0.549,3297.143333333333,737,1578,0.467,74,236,0.314,267,335,0.797,80,316,396,737,209,131,26,70,179,1,1815,203,3657.7,32,2,3336.0,1,2001-02,40.2,106.0,107.0,107.0,102.8,103.8,103.8,3.2,3.2,3.2,0.391,3.53,27.7,0.025,0.097,0.062,7.8,7.8,0.49,0.526,0.266,0.271,92.23,91.34,76.11,91.34,0.16,6274,9.0,19.2,Gary Payton
718,Gary,1610612750,MIN,27.0,64,39,25,0.609,1141.4316666666666,193,381,0.507,0,2,0.0,92,144,0.639,104,166,270,60,58,21,27,40,160,1,478,-65,978.0,3,0,904.0,1,2001-02,17.8,104.0,104.1,104.1,106.6,107.2,107.2,-2.7,-3.1,-3.1,0.087,1.03,10.7,0.093,0.149,0.121,10.4,10.3,0.507,0.538,0.197,0.203,91.91,91.59,76.33,91.59,0.088,2179,3.0,6.0,Gary Trent
248,George,1610612766,CHH,31.0,45,27,18,0.6,892.8216666666667,73,198,0.369,1,6,0.167,25,40,0.625,70,116,186,54,41,40,14,23,75,0,172,-15,597.2,0,0,521.0,1,2001-02,19.8,95.9,95.5,95.5,95.8,96.3,96.3,0.1,-0.8,-0.8,0.1,1.32,17.4,0.075,0.13,0.102,13.2,13.2,0.371,0.399,0.128,0.131,92.37,92.31,76.92,92.31,0.067,1716,1.6,4.4,George Lynch
45,George,1610612743,DEN,35.0,69,22,47,0.319,1831.861666666667,206,576,0.358,60,222,0.27,132,163,0.81,67,184,251,204,144,58,19,34,175,1,604,-330,1298.2,2,0,1273.0,1,2001-02,26.5,95.3,97.0,97.0,105.8,106.7,106.7,-10.5,-9.7,-9.7,0.187,1.42,20.7,0.034,0.106,0.068,14.6,14.5,0.41,0.466,0.187,0.192,93.83,92.63,77.19,92.63,0.066,3541,3.0,8.3,George McCloud
2222,Gerald,1610612758,SAC,19.0,54,43,11,0.796,431.7166666666666,75,175,0.429,0,7,0.0,23,46,0.5,49,40,89,27,22,19,6,21,46,1,173,12,373.3,0,0,339.0,1,2001-02,8.0,98.9,96.5,96.5,97.3,96.6,96.6,1.6,-0.1,-0.1,0.094,1.23,11.1,0.1,0.077,0.088,9.0,9.0,0.429,0.443,0.197,0.205,100.65,102.23,85.19,102.23,0.069,926,1.4,3.2,Gerald Wallace
2240,Gilbert,1610612744,GSW,20.0,47,10,37,0.213,1152.145,174,384,0.453,39,113,0.345,124,160,0.775,41,91,132,174,97,69,11,30,115,0,511,-133,1073.4,1,0,1016.0,1,2001-02,24.5,99.9,100.8,100.8,106.5,106.1,106.1,-6.6,-5.3,-5.3,0.241,1.79,24.2,0.032,0.075,0.053,13.5,13.4,0.504,0.562,0.193,0.197,100.13,99.88,83.24,99.88,0.104,2395,3.7,8.2,Gilbert Arenas
779,Glen,1610612745,HOU,35.0,20,7,13,0.35,606.5366666666666,65,167,0.389,18,64,0.281,24,30,0.8,5,42,47,31,24,12,3,8,34,0,172,-20,295.9,0,0,298.0,1,2001-02,30.3,100.9,102.1,102.1,103.7,104.1,104.1,-2.8,-2.0,-2.0,0.084,1.29,13.4,0.009,0.074,0.042,10.4,10.2,0.443,0.477,0.156,0.162,89.9,89.19,74.32,89.19,0.049,1128,3.3,8.4,Glen Rice
299,Glenn,1610612749,MIL,29.0,66,33,33,0.5,2347.625,536,1147,0.467,58,178,0.326,236,282,0.837,70,336,406,168,174,97,41,52,173,0,1366,-72,2345.2,13,0,2274.0,1,2001-02,35.6,104.5,104.9,104.9,106.0,106.4,106.4,-1.5,-1.6,-1.6,0.13,0.97,10.4,0.033,0.142,0.09,10.8,10.8,0.493,0.537,0.283,0.287,93.39,93.02,77.52,93.02,0.124,4549,8.1,17.4,Glenn Robinson
255,Grant,1610612753,ORL,29.0,14,7,7,0.5,513.5566666666666,83,195,0.426,0,2,0.0,69,80,0.863,29,96,125,64,37,8,4,16,40,0,235,9,480.0,5,0,448.0,1,2001-02,36.7,104.2,105.4,105.4,102.9,104.6,104.6,1.2,0.8,0.8,0.206,1.73,19.4,0.051,0.18,0.114,11.2,11.2,0.426,0.51,0.223,0.225,96.73,95.38,79.48,95.38,0.129,1021,5.9,13.9,Grant Hill
3,Grant,1610612763,MEM,36.0,66,18,48,0.273,1868.1016666666667,164,385,0.426,3,17,0.176,86,123,0.699,31,200,231,136,103,63,12,16,123,0,417,-384,1020.2,0,0,937.0,1,2001-02,28.3,93.4,93.3,93.3,103.4,103.5,103.5,-10.0,-10.1,-10.1,0.117,1.32,20.0,0.017,0.106,0.062,15.1,15.2,0.43,0.475,0.132,0.133,93.64,93.64,78.04,93.64,0.059,3637,2.5,5.8,Grant Long
21,Greg,1610612749,MIL,34.0,60,16,44,0.267,1513.0316666666668,183,475,0.385,48,163,0.294,60,91,0.659,22,110,132,282,94,77,5,16,114,0,474,-271,1207.4,1,0,1100.0,2,2001-02,25.2,95.1,95.9,95.9,104.2,104.7,104.7,-9.0,-8.8,-8.8,0.31,3.0,31.7,0.015,0.075,0.044,10.6,10.5,0.436,0.46,0.182,0.185,93.51,92.92,77.43,92.92,0.089,2923,3.1,7.9,Greg Anthony
1761,Greg,1610612742,DAL,25.0,44,30,14,0.682,884.8166666666667,104,198,0.525,5,16,0.313,40,58,0.69,67,106,173,48,27,31,19,21,124,0,253,8,655.6,1,0,579.0,1,2001-02,20.1,109.1,108.8,108.8,108.1,107.0,107.0,1.0,1.7,1.7,0.077,1.78,16.1,0.077,0.122,0.1,9.0,9.0,0.538,0.566,0.125,0.127,95.35,95.99,79.99,95.99,0.069,1759,2.4,4.5,Greg Buckner
323,Greg,1610612749,MIL,33.0,6,2,4,0.333,25.016666666666666,2,9,0.222,0,4,0.0,3,4,0.75,0,8,8,1,0,0,0,1,4,0,7,-11,18.1,0,0,16.0,1,2001-02,4.2,92.5,85.5,85.5,109.1,101.8,101.8,-16.6,-16.3,-16.3,0.083,0.0,8.3,0.0,0.32,0.0,0.0,0.0,0.222,0.325,0.186,0.196,99.74,107.45,89.54,107.45,0.045,55,0.3,1.5,Greg Foster
731,Greg,1610612762,UTA,29.0,74,39,35,0.527,1110.0333333333333,91,201,0.453,0,0,0.0,63,130,0.485,125,188,313,50,51,15,109,27,152,0,245,64,1016.6,2,0,856.0,1,2001-02,15.0,103.1,103.9,103.9,100.8,100.7,100.7,2.3,3.2,3.2,0.068,0.98,13.9,0.123,0.172,0.148,14.1,14.2,0.453,0.474,0.124,0.126,91.01,90.74,75.62,90.74,0.071,2097,1.2,2.7,Greg Ostertag
165,Hakeem,1610612761,TOR,39.0,61,33,28,0.541,1374.51,194,418,0.464,0,2,0.0,47,84,0.56,98,268,366,66,98,74,92,32,147,0,435,27,1373.2,4,0,1199.0,1,2001-02,22.5,99.4,100.7,100.7,98.9,99.5,99.5,0.5,1.2,1.2,0.076,0.67,10.7,0.07,0.197,0.133,15.8,15.8,0.464,0.478,0.182,0.184,91.83,90.95,75.79,90.95,0.101,2603,3.2,6.9,Hakeem Olajuwon
2069,Hanno,1610612737,ATL,25.0,82,33,49,0.402,1368.4183333333333,169,384,0.44,1,13,0.077,57,76,0.75,81,187,268,50,70,20,19,39,174,1,396,-159,839.6,1,0,793.0,1,2001-02,16.7,100.2,99.7,99.7,105.8,105.0,105.0,-5.6,-5.3,-5.3,0.06,0.71,9.3,0.061,0.144,0.102,13.0,13.0,0.441,0.474,0.159,0.163,93.98,94.59,78.82,94.59,0.05,2688,2.1,4.7,Hanno Mottola
1942,Harold,1610612746,LAC,25.0,25,11,14,0.44,177.05666666666667,22,43,0.512,0,0,0.0,10,15,0.667,24,15,39,6,6,5,1,8,23,0,54,-4,121.8,1,0,111.0,1,2001-02,7.1,104.2,105.1,105.1,110.2,105.9,105.9,-6.0,-0.8,-0.8,0.051,1.0,9.7,0.121,0.089,0.106,9.7,9.7,0.512,0.544,0.128,0.131,94.1,95.56,79.64,95.56,0.067,352,0.9,1.7,Harold Jamison
2045,Hedo,1610612758,SAC,23.0,80,60,20,0.75,1969.3,290,687,0.422,63,171,0.368,167,230,0.726,63,300,363,163,81,57,31,28,184,0,810,405,1673.1,2,0,1575.0,1,2001-02,24.6,108.0,107.8,107.8,97.4,97.1,97.1,10.7,10.7,10.7,0.126,2.01,15.7,0.031,0.145,0.089,7.8,7.8,0.468,0.514,0.191,0.193,97.02,97.27,81.05,97.27,0.099,3980,3.6,8.6,Hedo Turkoglu
270,Horace,1610612753,ORL,36.0,76,41,35,0.539,2211.463333333333,264,515,0.513,0,0,0.0,80,111,0.721,159,322,481,104,51,57,49,13,118,1,608,229,1608.2,5,0,1405.0,1,2001-02,29.1,107.1,107.4,107.4,101.1,102.3,102.3,6.1,5.2,5.2,0.069,2.04,14.5,0.072,0.147,0.109,7.1,7.1,0.513,0.539,0.124,0.126,94.63,93.93,78.27,93.93,0.095,4330,3.5,6.8,Horace Grant
458,Howard,1610612752,NYK,29.0,39,17,22,0.436,610.205,59,175,0.337,14,58,0.241,39,49,0.796,9,40,49,100,53,24,3,11,55,0,171,-5,407.8,0,0,388.0,1,2001-02,15.6,96.1,96.9,96.9,96.3,97.4,97.4,-0.2,-0.4,-0.4,0.292,1.89,28.6,0.016,0.064,0.041,15.1,15.2,0.377,0.435,0.191,0.194,90.71,89.83,74.86,89.83,0.069,1142,1.5,4.5,Howard Eisley
93,Hubert,1610612764,WAS,32.0,51,23,28,0.451,1231.765,146,326,0.448,57,126,0.452,16,21,0.762,7,70,77,107,44,28,3,6,58,0,365,-37,666.9,0,0,668.0,1,2001-02,24.2,101.0,101.2,101.2,102.7,103.6,103.6,-1.7,-2.4,-2.4,0.144,2.43,22.0,0.006,0.057,0.032,9.0,9.0,0.535,0.544,0.14,0.143,90.58,90.11,75.1,90.11,0.077,2322,2.9,6.4,Hubert Davis
1134,Ike,1610612763,MEM,32.0,21,5,16,0.238,306.47,36,92,0.391,0,3,0.0,4,4,1.0,11,60,71,13,11,9,5,3,36,1,76,-92,211.7,1,0,188.0,1,2001-02,14.6,90.6,88.5,88.5,104.0,103.9,103.9,-13.4,-15.4,-15.4,0.072,1.18,11.0,0.035,0.2,0.116,9.3,9.3,0.391,0.405,0.152,0.157,96.23,97.42,81.18,97.42,0.059,624,1.7,4.4,Ike Austin
1829,Ike,1610612763,MEM,27.0,6,2,4,0.333,76.005,3,14,0.214,1,5,0.2,4,6,0.667,0,5,5,4,4,0,0,2,6,0,11,-50,19.0,0,0,21.0,1,2001-02,12.7,81.6,80.3,80.3,120.6,117.8,117.8,-39.0,-37.5,-37.5,0.093,1.0,16.7,0.0,0.077,0.035,16.7,16.2,0.25,0.331,0.117,0.124,92.28,94.1,78.42,94.1,-0.014,152,0.5,2.3,Ike Fontaine
1085,Ira,1610612755,PHI,29.0,3,0,3,0.0,29.116666666666667,5,7,0.714,0,1,0.0,0,0,0.0,0,1,1,1,0,2,0,1,3,0,10,-4,18.7,0,0,16.0,1,2001-02,9.7,81.0,83.6,83.6,91.8,87.7,87.7,-10.8,-4.1,-4.1,0.063,0.0,12.5,0.0,0.0,0.0,0.0,0.0,0.714,0.714,0.115,0.113,91.66,92.32,76.93,92.32,0.154,55,1.7,2.3,Ira Bowman
1956,Ira,1610612737,ATL,27.0,42,19,23,0.452,1274.4583333333333,131,263,0.498,1,7,0.143,75,88,0.852,80,142,222,45,49,38,20,28,117,1,338,3,796.9,2,0,722.0,1,2001-02,30.3,98.9,99.8,99.8,99.7,99.7,99.7,-0.8,0.2,0.2,0.055,0.92,11.3,0.064,0.112,0.088,12.3,12.4,0.5,0.56,0.124,0.125,93.72,93.31,77.76,93.31,0.074,2477,3.1,6.3,Ira Newble
375,Isaiah,1610612743,DEN,31.0,10,5,5,0.5,173.66333333333333,37,81,0.457,6,15,0.4,13,17,0.765,10,23,33,12,14,3,2,8,11,0,93,25,151.6,1,0,154.0,1,2001-02,17.4,104.0,104.2,104.2,95.0,94.9,94.9,9.0,9.3,9.3,0.12,0.86,10.5,0.06,0.129,0.095,12.3,12.2,0.494,0.526,0.264,0.27,92.11,92.04,76.7,92.04,0.123,330,3.7,8.1,Isaiah Rider
2074,Jabari,1610612755,PHI,25.0,23,17,6,0.739,180.68166666666667,26,63,0.413,0,3,0.0,21,32,0.656,8,20,28,11,5,6,6,1,31,1,73,17,154.1,0,0,136.0,2,2001-02,7.9,100.6,96.7,96.7,96.4,93.7,93.7,4.1,3.1,3.1,0.095,2.2,11.7,0.043,0.094,0.07,5.3,5.4,0.413,0.474,0.183,0.191,101.8,105.33,87.78,105.33,0.058,399,1.1,2.7,Jabari Smith
1521,Jacque,1610612737,ATL,27.0,82,33,49,0.402,1855.4983333333328,206,438,0.47,24,54,0.444,104,126,0.825,18,150,168,349,111,64,2,15,183,0,540,-261,1352.1,1,0,1213.0,1,2001-02,22.6,97.7,97.5,97.5,104.6,104.5,104.5,-6.9,-7.0,-7.0,0.316,3.14,36.4,0.01,0.085,0.047,11.6,11.6,0.498,0.547,0.148,0.149,93.31,93.4,77.83,93.4,0.097,3607,2.5,5.3,Jacque Vaughn
1751,Jahidi,1610612764,WAS,26.0,71,33,38,0.465,1347.0633333333333,150,279,0.538,0,0,0.0,83,154,0.539,159,285,444,17,65,25,75,28,163,2,383,-89,1176.3,6,0,1044.0,1,2001-02,19.0,101.7,102.8,102.8,105.2,106.2,106.2,-3.5,-3.4,-3.4,0.019,0.26,4.0,0.12,0.228,0.173,15.2,15.2,0.538,0.552,0.14,0.142,90.83,89.94,74.95,89.94,0.089,2522,2.1,3.9,Jahidi White
2054,Jake,1610612756,PHX,23.0,67,29,38,0.433,1584.5466666666666,190,400,0.475,0,1,0.0,111,159,0.698,130,244,374,23,78,23,69,53,193,0,491,30,1172.3,6,0,1072.0,1,2001-02,23.6,99.7,100.3,100.3,98.7,98.7,98.7,1.1,1.7,1.7,0.022,0.29,4.0,0.081,0.153,0.117,13.7,13.7,0.475,0.522,0.154,0.156,93.71,93.44,77.86,93.44,0.066,3074,2.8,6.0,Jake Tsakalidis
2063,Jake,1610612756,PHX,24.0,59,27,32,0.458,900.9633333333334,107,193,0.554,0,0,0.0,82,109,0.752,103,147,250,18,48,11,23,26,139,0,296,-85,677.0,0,0,632.0,1,2001-02,15.3,97.7,98.0,98.0,101.9,102.7,102.7,-4.2,-4.7,-4.7,0.031,0.38,5.8,0.113,0.167,0.139,15.5,15.6,0.554,0.614,0.143,0.144,93.28,92.78,77.32,92.78,0.083,1740,1.8,3.3,Jake Voskuhl
147,Jalen,1610612741,CHI,29.0,83,35,48,0.422,3155.568333333333,663,1458,0.455,89,246,0.362,281,335,0.839,43,330,373,355,201,78,45,61,251,2,1696,-126,2844.1,5,0,2759.0,2,2001-02,38.0,101.7,102.6,102.6,103.8,104.6,104.6,-2.1,-2.0,-2.0,0.203,1.77,16.5,0.014,0.104,0.06,9.3,9.3,0.485,0.528,0.257,0.26,94.75,93.94,78.29,93.94,0.113,6174,8.0,17.6,Jalen Rose
2048,Jamaal,1610612766,CHH,24.0,82,44,38,0.537,1552.0366666666666,227,413,0.55,0,1,0.0,243,333,0.73,152,308,460,31,118,27,86,47,201,6,697,113,1516.5,8,0,1414.0,1,2001-02,18.9,101.4,101.3,101.3,97.7,96.4,96.4,3.8,4.9,4.9,0.035,0.26,4.3,0.1,0.193,0.147,16.5,16.7,0.55,0.623,0.196,0.199,92.2,92.87,77.4,92.87,0.131,2985,2.8,5.0,Jamaal Magloire
2224,Jamaal,1610612754,IND,24.0,80,41,39,0.513,2443.415,289,760,0.38,42,175,0.24,131,186,0.704,78,220,298,647,270,138,40,61,248,0,751,42,2343.1,17,2,2094.0,1,2001-02,30.5,102.0,103.5,103.5,101.3,102.4,102.4,0.7,1.1,1.1,0.409,2.4,36.7,0.032,0.088,0.06,15.3,15.4,0.408,0.446,0.201,0.202,96.18,94.96,79.14,94.96,0.095,4829,3.6,9.5,Jamaal Tinsley
2037,Jamal,1610612741,CHI,22.0,23,5,18,0.217,481.705,89,187,0.476,26,58,0.448,10,13,0.769,5,29,34,55,32,18,5,3,18,0,214,-131,374.3,0,0,375.0,1,2001-02,20.9,100.3,99.4,99.4,111.9,112.0,112.0,-11.6,-12.7,-12.7,0.204,1.72,19.7,0.011,0.063,0.037,11.5,11.4,0.545,0.555,0.214,0.219,93.52,93.92,78.26,93.92,0.098,937,3.9,8.1,Jamal Crawford
469,Jamal,1610612766,CHH,29.0,40,23,17,0.575,1596.3983333333333,303,744,0.407,41,112,0.366,211,241,0.876,31,211,242,171,110,45,6,42,80,0,858,47,1447.9,4,0,1414.0,1,2001-02,39.9,101.6,102.5,102.5,99.8,101.0,101.0,1.8,1.6,1.6,0.202,1.55,15.1,0.02,0.13,0.075,9.7,9.7,0.435,0.505,0.272,0.276,92.36,91.42,76.18,91.42,0.132,3040,7.6,18.6,Jamal Mashburn
1899,James,1610612743,DEN,25.0,73,24,49,0.329,2242.615,277,736,0.376,67,237,0.283,161,203,0.793,109,320,429,180,127,114,39,56,224,1,782,-235,1898.8,7,0,1764.0,1,2001-02,30.7,98.9,100.8,100.8,105.3,105.9,105.9,-6.4,-5.0,-5.0,0.129,1.42,15.9,0.045,0.153,0.095,11.2,11.2,0.422,0.474,0.187,0.189,93.47,92.35,76.95,92.35,0.084,4306,3.8,10.1,James Posey
2249,Jamison,1610612754,IND,21.0,13,6,7,0.462,41.43333333333333,2,5,0.4,0,1,0.0,0,0,0.0,2,6,8,9,3,2,0,1,3,0,4,1,30.1,0,0,25.0,1,2001-02,3.2,89.9,88.6,88.6,86.1,82.8,82.8,3.8,5.8,5.8,0.321,3.0,52.9,0.039,0.122,0.08,17.6,17.6,0.4,0.4,0.08,0.083,102.09,104.84,87.37,104.84,0.105,88,0.2,0.4,Jamison Brewer
1114,Jaren,1610612753,ORL,34.0,9,4,5,0.444,143.94833333333332,15,37,0.405,7,20,0.35,2,4,0.5,1,16,17,8,8,5,0,1,13,0,39,-50,78.4,0,0,81.0,1,2001-02,16.0,99.2,95.7,95.7,113.1,111.8,111.8,-13.9,-16.0,-16.0,0.09,1.0,14.5,0.007,0.115,0.061,14.5,14.6,0.5,0.503,0.139,0.145,99.53,101.87,84.89,101.87,0.046,305,1.7,4.1,Jaren Jackson
2260,Jarron,1610612762,UTA,23.0,70,40,30,0.571,1444.6616666666666,158,343,0.461,0,1,0.0,134,181,0.74,138,158,296,58,56,29,22,61,234,2,450,43,989.2,1,0,906.0,1,2001-02,20.6,101.3,101.6,101.6,98.8,99.2,99.2,2.4,2.3,2.3,0.065,1.04,10.7,0.1,0.124,0.111,10.4,10.4,0.461,0.532,0.15,0.152,92.4,92.07,76.72,92.07,0.059,2760,2.3,4.9,Jarron Collins
679,Jason,1610612749,MIL,29.0,23,15,8,0.652,284.815,36,72,0.5,0,1,0.0,27,43,0.628,24,26,50,12,19,4,5,11,39,0,99,-12,185.0,0,0,179.0,1,2001-02,12.4,99.2,99.3,99.3,102.1,102.6,102.6,-2.9,-3.4,-3.4,0.073,0.63,9.7,0.083,0.083,0.083,15.3,15.6,0.5,0.544,0.178,0.179,90.59,90.33,75.28,90.33,0.053,539,1.6,3.1,Jason Caffey
2044,Jason,1610612745,HOU,24.0,25,6,19,0.24,363.025,41,95,0.432,0,1,0.0,24,32,0.75,31,51,82,9,13,6,4,13,40,0,106,-101,234.9,0,0,217.0,1,2001-02,14.5,93.6,93.5,93.5,110.7,109.2,109.2,-17.1,-15.7,-15.7,0.042,0.69,6.9,0.078,0.153,0.112,9.9,9.9,0.432,0.486,0.148,0.152,90.38,91.04,75.86,91.04,0.067,692,1.6,3.8,Jason Collier
2215,Jason,1610612751,NJN,23.0,77,47,30,0.61,1403.1083333333331,117,278,0.421,1,2,0.5,115,164,0.701,132,169,301,81,72,29,47,32,173,4,350,100,988.7,3,0,885.0,1,2001-02,18.2,97.7,97.5,97.5,94.3,93.6,93.6,3.4,4.0,4.0,0.094,1.13,16.0,0.093,0.123,0.108,14.2,14.3,0.423,0.5,0.136,0.138,91.79,92.21,76.84,92.21,0.07,2692,1.5,3.6,Jason Collins
2078,Jason,1610612759,SAS,24.0,10,10,0,1.0,92.57333333333334,10,19,0.526,0,2,0.0,6,6,1.0,4,9,13,12,8,7,1,1,16,0,26,2,75.6,0,0,67.0,1,2001-02,9.3,101.3,93.8,93.8,95.7,95.9,95.9,5.6,-2.1,-2.1,0.231,1.5,28.6,0.053,0.105,0.081,19.0,19.2,0.526,0.601,0.152,0.161,86.91,90.22,75.18,90.22,0.096,177,1.0,1.9,Jason Hart
467,Jason,1610612751,NJN,29.0,82,52,30,0.634,3056.0216666666665,445,1138,0.391,117,364,0.321,201,247,0.814,130,465,595,808,286,175,20,29,136,0,1208,346,3433.0,44,8,3118.0,1,2001-02,37.3,102.9,104.0,104.0,97.2,98.5,98.5,5.7,5.5,5.5,0.407,2.83,34.7,0.042,0.148,0.095,12.3,12.2,0.442,0.484,0.217,0.221,95.94,94.81,79.0,94.81,0.156,6043,5.4,13.9,Jason Kidd
2202,Jason,1610612744,GSW,21.0,80,21,59,0.263,2627.845,464,1090,0.426,82,246,0.333,141,210,0.671,124,216,340,236,160,106,31,66,195,1,1151,-274,2164.0,1,0,2083.0,1,2001-02,32.8,100.5,102.1,102.1,106.5,107.3,107.3,-6.0,-5.1,-5.1,0.149,1.48,14.9,0.043,0.08,0.061,10.1,10.1,0.463,0.487,0.211,0.213,98.41,97.28,81.07,97.28,0.083,5326,5.8,13.6,Jason Richardson
1891,Jason,1610612737,ATL,24.0,78,33,45,0.423,2967.53,524,1219,0.43,172,444,0.387,284,340,0.835,40,230,270,444,181,144,13,65,156,1,1504,-163,2784.0,8,0,2704.0,1,2001-02,38.0,100.5,101.5,101.5,104.2,104.8,104.8,-3.7,-3.3,-3.3,0.261,2.45,22.4,0.014,0.079,0.046,9.1,9.1,0.5,0.549,0.231,0.236,94.71,93.99,78.32,93.99,0.127,5824,6.7,15.6,Jason Terry
1715,Jason,1610612763,MEM,26.0,65,21,44,0.323,2237.6466666666665,376,985,0.382,127,430,0.295,80,101,0.792,22,173,195,519,214,111,7,14,102,0,959,-325,2111.5,18,0,2036.0,1,2001-02,34.4,96.6,97.2,97.2,104.2,104.8,104.8,-7.6,-7.7,-7.7,0.393,2.43,29.6,0.01,0.077,0.043,12.2,12.1,0.446,0.466,0.244,0.25,94.98,94.41,78.67,94.41,0.108,4407,5.8,15.2,Jason Williams
1902,Jeff,1610612754,IND,25.0,82,42,40,0.512,1784.6066666666666,177,394,0.449,2,15,0.133,111,182,0.61,206,350,556,70,79,71,38,32,232,1,467,-45,1487.2,8,0,1313.0,1,2001-02,21.8,100.0,99.7,99.7,99.8,100.1,100.1,0.2,-0.4,-0.4,0.062,0.89,11.1,0.116,0.191,0.154,12.6,12.7,0.452,0.493,0.139,0.14,94.28,94.33,78.61,94.33,0.088,3491,2.2,4.8,Jeff Foster
976,Jeff,1610612746,LAC,27.0,81,38,43,0.469,3031.7033333333334,463,1121,0.413,75,234,0.321,183,219,0.836,45,168,213,500,147,63,6,52,202,1,1184,-79,2249.6,8,0,2110.0,1,2001-02,37.4,102.1,103.7,103.7,104.1,105.1,105.1,-2.0,-1.4,-1.4,0.277,3.4,27.0,0.015,0.055,0.035,7.9,7.9,0.446,0.486,0.2,0.204,92.81,91.63,76.36,91.63,0.092,5788,5.7,13.8,Jeff McInnis
2244,Jeff,1610612739,CLE,22.0,12,2,10,0.167,76.11,7,23,0.304,0,1,0.0,4,7,0.571,3,9,12,12,11,8,4,2,8,0,18,14,75.4,0,0,66.0,1,2001-02,6.3,89.6,91.4,91.4,86.0,82.3,82.3,3.6,9.1,9.1,0.255,1.09,24.5,0.038,0.108,0.075,22.4,22.4,0.304,0.345,0.201,0.203,101.95,103.11,85.93,103.11,0.055,163,0.6,1.9,Jeff Trepagnier
1741,Jelani,1610612747,LAL,24.0,21,16,5,0.762,104.11666666666666,12,21,0.571,0,0,0.0,2,8,0.25,8,17,25,7,8,0,5,3,14,0,26,-38,73.5,0,0,68.0,1,2001-02,5.0,91.1,87.4,87.4,105.8,104.8,104.8,-14.8,-17.3,-17.3,0.109,0.88,17.5,0.079,0.156,0.119,20.0,20.2,0.571,0.53,0.142,0.148,93.5,95.89,79.91,95.89,0.061,207,0.6,1.0,Jelani McCoy
1983,Jermaine,1610612761,TOR,26.0,24,12,12,0.5,277.995,20,42,0.476,1,2,0.5,16,24,0.667,3,24,27,57,14,9,1,5,24,1,57,-31,190.9,1,0,162.0,1,2001-02,11.6,98.2,95.3,95.3,101.2,99.8,99.8,-3.0,-4.5,-4.5,0.328,4.07,45.6,0.011,0.09,0.049,11.2,11.3,0.488,0.542,0.111,0.113,91.14,93.15,77.63,93.15,0.101,536,0.8,1.8,Jermaine Jackson
979,Jermaine,1610612754,IND,23.0,72,40,32,0.556,2707.8566666666666,543,1133,0.479,1,14,0.071,284,413,0.688,188,569,757,118,174,45,166,117,269,7,1371,99,2915.4,39,0,2669.0,1,2001-02,37.6,101.9,103.1,103.1,100.2,101.3,101.3,1.7,1.8,1.8,0.079,0.68,7.3,0.073,0.2,0.139,10.8,10.8,0.48,0.521,0.249,0.251,94.34,93.25,77.71,93.25,0.128,5262,7.5,15.7,Jermaine O'Neal
1744,Jerome,1610612760,SEA,26.0,56,30,26,0.536,951.7283333333334,134,273,0.491,0,0,0.0,30,60,0.5,89,143,232,24,74,25,86,10,174,0,298,178,871.4,1,0,776.0,1,2001-02,17.0,107.4,108.3,108.3,97.6,97.6,97.6,9.7,10.7,10.7,0.036,0.32,6.0,0.103,0.147,0.126,18.5,18.6,0.491,0.498,0.182,0.183,91.28,90.91,75.76,90.91,0.051,1795,2.4,4.9,Jerome James
2040,Jerome,1610612766,CHH,24.0,15,8,7,0.533,74.58833333333334,8,20,0.4,0,0,0.0,0,0,0.0,4,21,25,4,8,3,2,3,12,0,16,4,59.0,0,0,55.0,1,2001-02,5.0,94.4,92.6,92.6,93.6,88.7,88.7,0.8,3.9,3.9,0.085,0.5,12.5,0.051,0.269,0.16,25.0,25.0,0.4,0.4,0.163,0.171,92.45,95.89,79.91,95.89,0.074,148,0.5,1.3,Jerome Moiso
966,Jerome,1610612761,TOR,29.0,68,37,31,0.544,1636.26,190,388,0.49,0,0,0.0,138,204,0.676,165,221,386,75,68,78,25,35,153,0,518,82,1334.7,6,0,1185.0,1,2001-02,24.1,100.2,100.3,100.3,97.3,97.7,97.7,2.8,2.6,2.6,0.074,1.1,12.0,0.099,0.142,0.12,10.9,11.0,0.49,0.542,0.149,0.152,91.08,90.84,75.7,90.84,0.105,3098,2.8,5.7,Jerome Williams
711,Jerry,1610612765,DET,27.0,76,45,31,0.592,2685.998333333333,524,1319,0.397,86,300,0.287,495,577,0.858,77,238,315,403,266,77,37,74,163,0,1629,100,2687.5,5,0,2661.0,1,2001-02,35.3,101.9,102.1,102.1,99.1,100.3,100.3,2.7,1.9,1.9,0.288,1.52,18.0,0.03,0.09,0.06,11.9,11.9,0.43,0.518,0.314,0.321,93.12,92.46,77.05,92.46,0.131,5176,6.9,17.4,Jerry Stackhouse
2219,Jeryl,1610612753,ORL,23.0,7,2,5,0.286,34.211666666666666,3,14,0.214,0,0,0.0,4,5,0.8,3,4,7,2,2,3,0,1,3,0,10,-16,28.4,0,0,25.0,1,2001-02,4.9,92.2,92.8,92.8,118.8,112.7,112.7,-26.5,-19.9,-19.9,0.087,1.0,10.0,0.083,0.0,0.0,10.0,9.9,0.214,0.309,0.22,0.232,95.94,98.21,81.84,98.21,0.026,69,0.4,2.0,Jeryl Sasser
754,Jim,1610612748,MIA,31.0,55,29,26,0.527,1823.5166666666669,238,538,0.442,38,81,0.469,75,87,0.862,54,236,290,140,106,42,14,31,145,0,589,-11,1209.0,4,0,1169.0,1,2001-02,33.2,97.4,97.9,97.9,97.4,97.9,97.9,0.0,0.0,0.0,0.134,1.32,17.1,0.031,0.132,0.083,13.0,12.9,0.478,0.511,0.174,0.178,89.62,89.14,74.29,89.14,0.098,3381,4.3,9.8,Jim Jackson
2343,Joe,1610612756,PHX,22.0,21,11,10,0.524,154.45833333333334,26,68,0.382,15,39,0.385,12,13,0.923,2,9,11,26,10,5,0,4,10,0,79,-11,136.2,0,0,141.0,2,2001-02,7.4,97.3,97.7,97.7,102.6,101.9,101.9,-5.3,-4.2,-4.2,0.277,2.6,23.6,0.012,0.058,0.034,9.1,9.1,0.493,0.536,0.233,0.239,96.23,96.34,80.28,96.34,0.112,311,1.2,3.2,Joe Crispin
2207,Joe,1610612756,PHX,21.0,77,38,39,0.494,1916.736666666667,251,584,0.43,38,130,0.292,41,53,0.774,75,182,257,179,71,59,20,32,114,0,581,-44,1323.9,2,0,1213.0,2,2001-02,24.9,98.9,98.9,98.9,99.3,99.1,99.1,-0.4,-0.2,-0.2,0.151,2.52,20.9,0.038,0.094,0.066,8.3,8.3,0.462,0.478,0.16,0.162,93.15,93.26,77.72,93.26,0.082,3705,3.3,7.6,Joe Johnson
693,Joe,1610612750,MIN,26.0,72,42,30,0.583,1925.1166666666663,297,581,0.511,2,3,0.667,171,206,0.83,152,301,453,82,86,39,59,44,250,2,767,339,1641.6,7,0,1500.0,1,2001-02,26.7,107.2,108.4,108.4,97.9,98.9,98.9,9.3,9.5,9.5,0.063,0.95,9.8,0.084,0.156,0.121,10.2,10.2,0.513,0.571,0.176,0.178,93.56,92.59,77.16,92.59,0.099,3707,4.1,8.1,Joe Smith
2038,Joel,1610612749,MIL,22.0,71,33,38,0.465,1126.0783333333334,76,142,0.535,0,1,0.0,38,90,0.422,78,205,283,21,43,20,118,23,199,3,190,-55,932.1,1,0,770.0,1,2001-02,15.9,100.6,101.3,101.3,103.0,102.9,102.9,-2.3,-1.5,-1.5,0.026,0.49,8.6,0.072,0.174,0.125,17.6,17.5,0.535,0.523,0.091,0.093,93.88,93.63,78.02,93.63,0.044,2186,1.1,2.0,Joel Przybilla
680,John,1610612762,UTA,31.0,54,28,26,0.519,586.035,54,166,0.325,0,0,0.0,67,105,0.638,52,57,109,29,55,7,10,38,64,0,175,-130,345.3,0,0,347.0,1,2001-02,10.9,93.5,92.4,92.4,105.8,103.8,103.8,-12.3,-11.5,-11.5,0.091,0.53,9.7,0.089,0.106,0.097,18.5,18.6,0.325,0.412,0.2,0.204,92.73,94.19,78.49,94.19,0.018,1151,1.0,3.1,John Amaechi
180,John,1610612762,UTA,32.0,41,23,18,0.561,799.4516666666667,98,208,0.471,31,69,0.449,57,66,0.864,16,59,75,141,51,19,1,13,77,0,284,48,594.5,0,0,571.0,1,2001-02,19.5,102.4,102.1,102.1,99.8,99.5,99.5,2.5,2.6,2.6,0.313,2.76,33.0,0.021,0.074,0.047,11.9,11.9,0.546,0.599,0.158,0.163,92.34,92.58,77.15,92.58,0.115,1546,2.4,5.1,John Crotty
317,John,1610612762,UTA,36.0,66,34,32,0.515,930.3533333333334,114,310,0.368,29,95,0.305,33,41,0.805,15,53,68,70,52,33,0,22,126,0,290,-33,523.6,0,0,523.0,1,2001-02,14.1,101.2,100.8,100.8,102.3,102.0,102.0,-1.1,-1.2,-1.2,0.132,1.35,15.5,0.016,0.061,0.038,11.5,11.6,0.415,0.442,0.179,0.184,92.78,93.05,77.54,93.05,0.028,1798,1.7,4.7,John Starks
304,John,1610612762,UTA,40.0,82,44,38,0.537,2569.665,401,775,0.517,25,78,0.321,275,321,0.857,59,204,263,674,208,152,24,52,209,3,1102,166,2748.6,21,0,2416.0,1,2001-02,31.3,104.4,105.3,105.3,101.3,101.7,101.7,3.1,3.6,3.6,0.442,3.24,38.1,0.025,0.088,0.056,11.8,11.6,0.534,0.601,0.189,0.197,93.3,92.71,77.26,92.71,0.166,4957,4.9,9.5,John Stockton
961,John,1610612756,PHX,28.0,46,19,27,0.413,485.04,93,214,0.435,5,13,0.385,40,46,0.87,27,58,85,29,29,11,9,18,60,0,231,-66,407.5,0,0,390.0,1,2001-02,10.5,102.2,101.3,101.3,109.1,107.9,107.9,-6.9,-6.6,-6.6,0.099,1.0,9.9,0.056,0.122,0.089,9.9,9.9,0.446,0.493,0.233,0.24,96.28,97.23,81.02,97.23,0.076,982,2.0,4.7,John Wallace
271,Johnny,1610612742,DAL,38.0,47,33,14,0.702,724.9266666666666,67,148,0.453,22,57,0.386,42,58,0.724,9,40,49,14,21,29,4,9,88,1,198,-3,355.8,0,0,349.0,1,2001-02,15.4,104.7,103.0,103.0,102.3,102.3,102.3,2.4,0.7,0.7,0.028,0.67,6.7,0.013,0.053,0.033,10.0,10.1,0.527,0.571,0.119,0.122,97.64,98.43,82.02,98.43,0.033,1480,1.4,3.1,Johnny Newman
468,Jon,1610612765,DET,32.0,82,50,32,0.61,1989.3016666666667,255,523,0.488,121,258,0.469,108,116,0.931,42,192,234,274,111,94,20,13,134,1,739,158,1661.8,1,0,1596.0,1,2001-02,24.3,103.6,103.2,103.2,98.9,99.3,99.3,4.6,3.8,3.8,0.233,2.47,28.7,0.023,0.099,0.062,11.6,11.6,0.603,0.644,0.157,0.162,92.88,92.87,77.39,92.87,0.134,3854,3.1,6.4,Jon Barry
1886,Jonathan,1610612754,IND,21.0,78,41,37,0.526,1646.215,198,460,0.43,45,125,0.36,140,181,0.773,64,180,244,62,96,19,49,46,147,2,581,-42,1074.8,1,0,1068.0,1,2001-02,21.1,99.1,99.2,99.2,100.8,100.4,100.4,-1.6,-1.2,-1.2,0.064,0.65,8.8,0.04,0.105,0.074,13.7,13.8,0.479,0.538,0.175,0.176,94.25,94.37,78.64,94.37,0.069,3235,2.5,5.9,Jonathan Bender
2218,Joseph,1610612738,BOS,21.0,8,2,6,0.25,38.028333333333336,1,12,0.083,0,3,0.0,4,4,1.0,1,5,6,6,3,2,0,1,1,0,6,-17,25.2,0,0,22.0,1,2001-02,4.8,78.7,79.7,79.7,104.3,98.8,98.8,-25.6,-19.0,-19.0,0.273,2.0,26.1,0.023,0.132,0.074,13.0,13.2,0.083,0.218,0.189,0.19,98.93,100.98,84.15,100.98,0.034,79,0.1,1.5,Joseph Forte
146,Jud,1610612753,ORL,34.0,66,36,30,0.545,678.72,44,118,0.373,21,60,0.35,2,4,0.5,29,87,116,32,15,21,8,2,53,0,111,-104,370.2,0,0,338.0,2,2001-02,10.3,98.4,95.2,95.2,106.0,103.0,103.0,-7.6,-7.8,-7.8,0.069,2.13,19.2,0.041,0.132,0.085,9.0,9.0,0.462,0.463,0.085,0.089,94.93,97.95,81.62,97.95,0.057,1387,0.7,1.8,Jud Buechler
1908,Jumaine,1610612739,CLE,23.0,81,28,53,0.346,2143.2166666666667,287,640,0.448,52,168,0.31,45,68,0.662,125,365,490,116,79,75,46,25,184,1,671,-114,1717.0,10,0,1571.0,1,2001-02,26.5,103.3,104.0,104.0,105.4,106.2,106.2,-2.2,-2.3,-2.3,0.085,1.47,13.4,0.061,0.176,0.119,9.1,9.1,0.489,0.501,0.16,0.162,92.85,92.21,76.84,92.21,0.091,4107,3.5,7.9,Jumaine Jones
436,Juwan,1610612743,DEN,29.0,81,45,36,0.556,2634.2633333333333,462,1005,0.46,0,2,0.0,261,343,0.761,223,389,612,169,152,46,47,89,265,3,1185,-122,2299.9,17,0,2152.0,2,2001-02,32.5,102.8,103.6,103.6,105.1,105.8,105.8,-2.3,-2.1,-2.1,0.109,1.11,11.4,0.085,0.151,0.118,10.2,10.3,0.46,0.513,0.223,0.224,94.67,93.98,78.31,93.98,0.1,5152,5.7,12.4,Juwan Howard
252,Karl,1610612762,UTA,38.0,80,43,37,0.538,3037.535,635,1399,0.454,9,25,0.36,509,639,0.797,142,544,686,341,263,152,59,89,229,2,1788,51,3492.7,28,0,3246.0,1,2001-02,38.0,103.3,104.5,104.5,102.5,103.8,103.8,0.7,0.7,0.7,0.216,1.3,14.9,0.05,0.193,0.121,11.5,11.5,0.457,0.532,0.285,0.288,93.65,92.49,77.08,92.49,0.163,5857,7.9,17.5,Karl Malone
2208,Kedrick,1610612738,BOS,21.0,29,17,12,0.586,245.14166666666668,23,70,0.329,5,27,0.185,12,20,0.6,11,39,50,15,7,18,7,3,18,0,63,-5,213.5,0,0,183.0,1,2001-02,8.5,98.0,96.2,96.2,98.0,95.6,95.6,0.0,0.5,0.5,0.102,2.14,14.7,0.042,0.152,0.097,6.9,6.9,0.364,0.4,0.155,0.159,95.82,97.9,81.59,97.9,0.078,496,0.8,2.4,Kedrick Brown
1496,Keith,1610612751,NJN,26.0,81,51,30,0.63,2461.685,471,1089,0.433,101,293,0.345,156,195,0.8,137,472,609,164,146,63,42,69,221,1,1199,216,2344.8,18,0,2283.0,1,2001-02,30.4,102.4,103.4,103.4,97.7,98.6,98.6,4.8,4.7,4.7,0.11,1.12,11.1,0.055,0.188,0.122,9.8,9.8,0.479,0.51,0.235,0.237,95.81,94.92,79.1,94.92,0.117,4861,5.8,13.4,Keith Van Horn
1509,Kelvin,1610612745,HOU,27.0,75,26,49,0.347,1918.6416666666669,190,326,0.583,0,1,0.0,113,194,0.582,176,349,525,29,53,40,95,30,208,3,493,-151,1518.5,11,0,1317.0,1,2001-02,25.6,101.2,103.0,103.0,106.3,106.9,106.9,-5.1,-3.9,-3.9,0.024,0.55,5.8,0.094,0.189,0.141,10.7,10.7,0.583,0.599,0.112,0.112,91.14,90.1,75.08,90.1,0.091,3597,2.5,4.3,Kelvin Cato
383,Kendall,1610612748,MIA,34.0,65,34,31,0.523,1414.5933333333332,162,422,0.384,6,44,0.136,42,62,0.677,29,155,184,100,55,44,8,27,140,1,372,-96,843.8,0,0,766.0,1,2001-02,21.8,94.9,95.1,95.1,97.5,97.8,97.8,-2.6,-2.7,-2.7,0.118,1.82,16.5,0.022,0.111,0.067,9.1,9.1,0.391,0.414,0.169,0.171,90.87,90.67,75.56,90.67,0.053,2659,2.5,6.5,Kendall Gill
72,Kenny,1610612738,BOS,31.0,76,44,32,0.579,2427.47,312,716,0.436,9,33,0.273,98,132,0.742,57,218,275,403,119,141,10,52,210,0,731,251,1999.5,2,0,1720.0,1,2001-02,31.9,102.3,102.7,102.7,96.9,97.3,97.3,5.4,5.4,5.4,0.267,3.39,31.2,0.023,0.089,0.056,9.2,9.2,0.442,0.472,0.164,0.168,94.44,94.08,78.4,94.08,0.096,4755,4.1,9.4,Kenny Anderson
2261,Kenny,1610612743,DEN,21.0,36,11,25,0.306,559.8583333333333,73,199,0.367,7,27,0.259,36,46,0.783,17,35,52,108,53,31,1,21,43,0,189,-60,456.4,1,0,420.0,1,2001-02,15.6,96.8,97.1,97.1,101.8,101.9,101.9,-5.0,-4.8,-4.8,0.335,2.04,28.3,0.029,0.07,0.048,13.9,13.9,0.384,0.431,0.214,0.218,92.97,92.77,77.31,92.77,0.084,1078,2.0,5.5,Kenny Satterfield
1903,Kenny,1610612745,HOU,24.0,72,25,47,0.347,2481.423333333333,396,829,0.478,0,16,0.0,223,336,0.664,158,358,516,137,143,85,66,65,195,5,1015,-273,2149.7,10,0,1970.0,1,2001-02,34.5,99.3,100.5,100.5,105.8,106.5,106.5,-6.5,-6.0,-6.0,0.101,0.96,10.9,0.065,0.151,0.108,11.3,11.4,0.478,0.52,0.21,0.212,90.79,90.0,75.0,90.0,0.105,4655,5.5,11.5,Kenny Thomas
2030,Kenyon,1610612751,NJN,24.0,73,46,27,0.63,2504.786666666667,445,962,0.463,15,67,0.224,181,267,0.678,113,275,388,192,172,90,121,47,261,2,1086,298,2300.6,2,0,2103.0,1,2001-02,34.3,102.9,104.1,104.1,96.7,97.6,97.6,6.2,6.4,6.4,0.123,1.12,13.3,0.045,0.107,0.076,11.9,11.9,0.47,0.503,0.22,0.222,95.68,94.68,78.9,94.68,0.088,4931,6.1,13.2,Kenyon Martin
1721,Keon,1610612761,TOR,27.0,81,41,40,0.506,2186.8083333333334,380,775,0.49,0,5,0.0,155,230,0.674,182,421,603,88,140,58,122,73,258,2,915,-42,2170.6,18,0,1966.0,1,2001-02,27.0,100.5,101.1,101.1,101.3,102.0,102.0,-0.8,-0.8,-0.8,0.071,0.63,8.0,0.084,0.202,0.142,12.7,12.7,0.49,0.522,0.211,0.214,91.11,90.53,75.44,90.53,0.115,4121,4.7,9.6,Keon Clark
954,Kerry,1610612751,NJN,28.0,82,52,30,0.634,2598.63,438,940,0.466,98,242,0.405,128,172,0.744,68,207,275,216,109,130,31,32,108,1,1102,233,2130.0,0,0,2013.0,1,2001-02,31.7,101.9,102.6,102.6,97.6,98.3,98.3,4.3,4.3,4.3,0.131,1.98,16.1,0.026,0.078,0.052,8.1,8.1,0.518,0.542,0.189,0.191,95.78,95.12,79.26,95.12,0.108,5156,5.3,11.5,Kerry Kittles
708,Kevin,1610612750,MIN,26.0,81,49,32,0.605,3171.478333333333,659,1401,0.47,37,116,0.319,359,448,0.801,243,738,981,422,229,96,126,57,184,3,1714,358,3961.2,59,0,3598.0,1,2001-02,39.2,107.2,108.2,108.2,101.4,102.6,102.6,5.8,5.5,5.5,0.22,1.84,18.7,0.079,0.234,0.158,10.2,10.2,0.484,0.536,0.258,0.261,93.03,92.03,76.69,92.03,0.176,6091,8.1,17.3,Kevin Garnett
1563,Kevin,1610612754,IND,29.0,81,28,53,0.346,1724.36,137,353,0.388,1,2,0.5,187,227,0.824,25,159,184,291,106,62,2,28,97,0,462,-171,1205.3,1,0,1066.0,2,2001-02,21.3,95.4,95.6,95.6,100.3,100.3,100.3,-5.0,-4.7,-4.7,0.293,2.75,34.4,0.015,0.094,0.055,12.5,12.5,0.39,0.51,0.148,0.151,92.06,92.0,76.67,92.0,0.107,3297,1.7,4.4,Kevin Ollie
788,Kevin,1610612745,HOU,39.0,52,16,36,0.308,866.3383333333334,125,284,0.44,0,1,0.0,65,87,0.747,105,194,299,14,41,25,23,17,98,0,315,-118,797.8,6,0,724.0,1,2001-02,16.7,96.5,96.4,96.4,103.1,103.1,103.1,-6.7,-6.7,-6.7,0.031,0.34,3.7,0.115,0.234,0.171,10.8,10.9,0.44,0.489,0.19,0.193,89.76,89.81,74.84,89.81,0.111,1616,2.4,5.5,Kevin Willis
2039,Keyon,1610612746,LAC,22.0,14,6,8,0.429,157.09833333333333,22,57,0.386,4,14,0.286,10,12,0.833,0,3,3,12,10,4,3,2,20,0,58,34,90.6,0,0,91.0,1,2001-02,11.2,106.6,107.3,107.3,95.9,94.7,94.7,10.7,12.5,12.5,0.119,1.2,14.1,0.0,0.016,0.009,11.8,11.9,0.421,0.466,0.196,0.199,97.45,97.77,81.48,97.77,0.025,317,1.6,4.1,Keyon Dooling
2213,Kirk,1610612766,CHH,23.0,15,11,4,0.733,77.25,11,39,0.282,0,3,0.0,4,8,0.5,5,15,20,5,3,0,1,4,9,0,26,-14,57.5,0,0,53.0,1,2001-02,5.2,86.1,84.4,84.4,95.5,93.4,93.4,-9.3,-8.9,-8.9,0.114,1.67,9.8,0.06,0.17,0.117,5.9,5.9,0.282,0.306,0.241,0.249,101.31,103.46,86.21,103.46,0.021,167,0.7,2.6,Kirk Haston
977,Kobe,1610612747,LAL,23.0,80,56,24,0.7,3065.1316666666667,749,1597,0.469,33,132,0.25,488,589,0.829,112,329,441,438,223,118,35,88,228,2,2019,444,3441.2,11,1,3237.0,1,2001-02,38.3,108.1,109.1,109.1,100.5,101.7,101.7,7.6,7.4,7.4,0.254,1.96,17.5,0.036,0.103,0.07,8.9,8.9,0.479,0.544,0.299,0.304,94.87,93.82,78.18,93.82,0.156,5991,9.4,20.0,Kobe Bryant
703,Kurt,1610612752,NYK,29.0,82,30,52,0.366,2769.451666666667,463,938,0.494,1,6,0.167,216,265,0.815,214,533,747,87,153,71,79,62,341,4,1143,-288,2466.9,31,0,2278.0,1,2001-02,33.8,98.5,99.8,99.8,103.9,104.5,104.5,-5.4,-4.7,-4.7,0.057,0.57,6.7,0.078,0.197,0.137,11.8,11.8,0.494,0.542,0.2,0.202,92.93,92.07,76.72,92.07,0.107,5294,5.6,11.4,Kurt Thomas
2198,Kwame,1610612764,WAS,20.0,57,26,31,0.456,817.1,94,243,0.387,0,1,0.0,70,99,0.707,63,135,198,43,43,16,26,28,105,0,258,-85,643.1,2,0,583.0,1,2001-02,14.3,97.7,97.2,97.2,102.4,102.1,102.1,-4.7,-4.9,-4.9,0.09,1.0,11.5,0.077,0.172,0.123,11.5,11.5,0.387,0.45,0.18,0.184,92.71,93.11,77.59,93.11,0.071,1581,1.6,4.3,Kwame Brown
111,LaPhonso,1610612748,MIA,32.0,66,26,40,0.394,1683.7883333333334,189,452,0.418,38,124,0.306,53,84,0.631,107,180,287,56,73,30,37,21,196,0,469,-182,1025.4,0,0,984.0,1,2001-02,25.5,92.9,92.9,92.9,98.2,98.3,98.3,-5.3,-5.4,-5.4,0.059,0.77,9.0,0.065,0.11,0.087,11.8,11.8,0.46,0.48,0.157,0.16,89.32,89.31,74.43,89.31,0.056,3127,2.9,6.8,LaPhonso Ellis
1885,Lamar,1610612746,LAC,22.0,29,14,15,0.483,999.47,151,360,0.419,16,84,0.19,61,93,0.656,31,145,176,171,97,23,36,18,91,0,379,-8,926.7,4,0,860.0,1,2001-02,34.5,97.5,99.0,99.0,98.2,99.4,99.4,-0.7,-0.4,-0.4,0.294,1.76,25.6,0.031,0.131,0.084,14.5,14.5,0.442,0.473,0.224,0.228,93.03,91.78,76.48,91.78,0.109,1911,5.2,12.4,Lamar Odom
441,Lamond,1610612739,CLE,29.0,71,26,45,0.366,2310.645,430,986,0.436,101,238,0.424,215,263,0.817,81,291,372,157,141,70,43,63,148,1,1176,-108,2055.9,7,0,2032.0,1,2001-02,32.5,102.9,103.9,103.9,105.2,106.7,106.7,-2.3,-2.8,-2.8,0.119,1.11,11.2,0.036,0.129,0.083,10.1,10.1,0.487,0.534,0.244,0.246,93.03,91.91,76.59,91.91,0.107,4433,6.1,13.9,Lamond Murray
1716,Larry,1610612744,GSW,23.0,73,17,56,0.233,2045.8116666666667,343,810,0.423,18,93,0.194,191,259,0.737,83,162,245,316,171,113,23,73,150,0,895,-226,1900.0,5,0,1746.0,1,2001-02,28.0,100.6,102.1,102.1,106.7,107.3,107.3,-6.1,-5.2,-5.2,0.251,1.85,22.4,0.036,0.077,0.056,12.1,12.1,0.435,0.484,0.217,0.22,98.64,97.71,81.42,97.71,0.098,4160,4.7,11.1,Larry Hughes
1683,Larry,1610612752,NYK,34.0,2,1,1,0.5,10.883333333333333,1,4,0.25,1,2,0.5,0,0,0.0,0,2,2,0,0,0,0,0,1,0,3,5,5.4,0,0,6.0,1,2001-02,5.4,122.7,126.1,126.1,113.2,109.1,109.1,9.5,17.0,17.0,0.0,0.0,0.0,0.0,0.0,0.0,0.0,0.0,0.375,0.375,0.16,0.162,98.88,99.23,82.7,99.23,0.02,23,0.5,2.0,Larry Robinson
84,Latrell,1610612752,NYK,31.0,81,29,52,0.358,3327.863333333333,573,1419,0.404,145,403,0.36,284,346,0.821,59,239,298,313,223,94,14,73,161,0,1575,-237,2503.1,0,0,2547.0,1,2001-02,41.1,100.1,101.2,101.2,103.9,105.1,105.1,-3.8,-3.9,-3.9,0.171,1.4,14.9,0.018,0.073,0.045,10.6,10.6,0.455,0.501,0.246,0.25,92.44,91.37,76.14,91.37,0.091,6338,7.1,17.5,Latrell Sprewell
2068,Lavor,1610612752,NYK,24.0,23,5,18,0.217,177.65,28,84,0.333,6,26,0.231,31,41,0.756,2,14,16,5,11,6,0,8,7,0,93,20,126.7,0,0,132.0,1,2001-02,7.7,93.8,92.6,92.6,90.1,87.1,87.1,3.6,5.5,5.5,0.062,0.45,4.2,0.011,0.077,0.044,9.3,9.3,0.369,0.456,0.285,0.297,91.96,94.16,78.47,94.16,0.08,349,1.2,3.7,Lavor Postell
1444,Lawrence,1610612758,SAC,31.0,56,42,14,0.75,720.595,115,245,0.469,0,3,0.0,34,56,0.607,76,122,198,32,33,11,18,6,65,2,264,64,603.6,1,0,552.0,1,2001-02,12.9,102.1,101.1,101.1,98.1,97.3,97.3,4.0,3.8,3.8,0.069,0.97,9.6,0.1,0.159,0.13,9.9,9.9,0.469,0.49,0.177,0.181,96.37,97.25,81.04,97.25,0.1,1464,2.1,4.4,Lawrence Funderburke
1924,Lee,1610612766,CHH,27.0,79,43,36,0.544,1912.7733333333333,369,764,0.483,1,2,0.5,112,150,0.747,103,188,291,94,96,59,17,43,175,0,851,-11,1473.2,1,0,1389.0,1,2001-02,24.2,101.6,101.6,101.6,101.4,102.2,102.2,0.2,-0.6,-0.6,0.089,0.98,9.2,0.054,0.1,0.077,9.4,9.4,0.484,0.513,0.214,0.22,92.87,92.45,77.04,92.45,0.091,3689,4.7,9.7,Lee Nailon
1910,Leon,1610612737,ATL,21.0,14,5,9,0.357,100.71666666666668,10,26,0.385,0,0,0.0,11,17,0.647,10,21,31,3,3,5,1,3,12,0,31,7,87.7,0,0,77.0,1,2001-02,7.2,101.3,98.1,98.1,100.8,95.1,95.1,0.5,2.9,2.9,0.046,1.0,7.5,0.099,0.231,0.161,7.5,7.6,0.385,0.463,0.154,0.158,94.13,98.41,82.01,98.41,0.093,207,0.7,1.9,Leon Smith
283,Lindsey,1610612747,LAL,31.0,82,58,24,0.707,1614.5116666666668,187,490,0.382,79,208,0.38,20,40,0.5,18,103,121,129,55,66,19,18,120,1,473,143,1011.7,0,0,972.0,1,2001-02,19.7,101.6,102.0,102.0,97.1,98.2,98.2,4.5,3.9,3.9,0.119,2.35,18.7,0.011,0.061,0.036,8.0,8.0,0.462,0.466,0.155,0.158,94.4,93.72,78.1,93.72,0.058,3163,2.3,6.0,Lindsey Hunter
2254,Loren,1610612750,MIN,24.0,60,41,19,0.683,515.7033333333334,33,96,0.344,0,2,0.0,44,60,0.733,46,76,122,22,36,17,34,8,60,0,110,-37,406.4,0,0,356.0,1,2001-02,8.6,100.2,98.7,98.7,104.1,102.4,102.4,-3.9,-3.7,-3.7,0.063,0.61,12.2,0.084,0.147,0.115,19.9,20.0,0.344,0.449,0.134,0.139,92.61,94.1,78.42,94.1,0.055,1011,0.6,1.6,Loren Woods
953,Lorenzen,1610612763,MEM,26.0,43,10,33,0.233,1250.7883333333334,223,486,0.459,0,2,0.0,70,123,0.569,130,275,405,44,72,30,23,47,126,0,516,-145,1155.0,15,0,1071.0,1,2001-02,29.1,96.0,96.6,96.6,102.2,103.0,103.0,-6.2,-6.4,-6.4,0.063,0.61,6.7,0.1,0.232,0.163,11.0,11.0,0.459,0.478,0.217,0.221,93.37,92.68,77.23,92.68,0.106,2420,5.2,11.3,Lorenzen Wright
446,Lucious,1610612751,NJN,31.0,74,46,28,0.622,1555.8916666666669,249,537,0.464,44,118,0.373,133,158,0.842,49,158,207,116,61,53,6,31,99,1,675,100,1213.4,0,0,1160.0,1,2001-02,21.0,98.7,97.7,97.7,94.6,94.9,94.9,4.0,2.7,2.7,0.136,1.9,14.9,0.032,0.101,0.067,7.8,7.8,0.505,0.556,0.192,0.198,92.58,92.89,77.41,92.89,0.132,3020,3.4,7.3,Lucious Harris
2124,Malik,1610612748,MIA,24.0,12,4,8,0.333,160.835,22,51,0.431,0,1,0.0,8,10,0.8,15,23,38,5,2,3,8,4,16,0,52,-8,136.1,1,0,117.0,1,2001-02,13.4,90.5,91.9,91.9,95.7,94.2,94.2,-5.3,-2.3,-2.3,0.054,2.5,8.1,0.089,0.134,0.112,3.2,3.2,0.431,0.469,0.161,0.164,92.05,92.07,76.72,92.07,0.104,308,1.8,4.3,Malik Allen
990,Malik,1610612759,SAS,27.0,82,58,24,0.707,1728.06,293,633,0.463,1,12,0.083,185,257,0.72,172,320,492,61,140,70,42,62,208,0,772,228,1649.9,5,0,1550.0,1,2001-02,21.1,105.0,104.6,104.6,96.2,96.4,96.4,8.7,8.2,8.2,0.064,0.44,6.4,0.105,0.176,0.143,14.7,14.8,0.464,0.517,0.234,0.238,92.69,92.72,77.27,92.72,0.112,3315,3.6,7.7,Malik Rose
2055,Mamadou,1610612761,TOR,27.0,5,1,4,0.2,46.77,6,10,0.6,0,0,0.0,8,10,0.8,6,5,11,0,1,0,2,1,6,0,20,-5,38.2,0,0,35.0,1,2001-02,9.4,89.5,82.2,82.2,92.6,90.8,90.8,-3.1,-8.6,-8.6,0.0,0.0,0.0,0.1,0.104,0.102,6.3,6.5,0.6,0.694,0.144,0.149,86.21,90.83,75.69,90.83,0.152,90,1.2,2.0,Mamadou N'diaye
1531,Marc,1610612750,MIN,27.0,39,15,24,0.385,498.07,60,164,0.366,0,1,0.0,66,80,0.825,48,80,128,14,30,11,6,21,69,1,186,-29,381.6,0,0,362.0,2,2001-02,12.8,99.1,98.8,98.8,102.7,101.2,101.2,-3.6,-2.5,-2.5,0.05,0.47,5.7,0.093,0.16,0.126,12.3,12.3,0.366,0.467,0.2,0.205,93.1,93.91,78.26,93.91,0.068,972,1.5,4.2,Marc Jackson
948,Marcus,1610612752,NYK,28.0,29,11,18,0.379,1008.9666666666668,130,290,0.448,0,1,0.0,62,99,0.626,89,233,322,33,42,34,50,22,107,0,322,-102,967.9,10,0,845.0,1,2001-02,34.8,99.2,100.0,100.0,104.4,104.3,104.3,-5.2,-4.3,-4.3,0.055,0.79,8.1,0.092,0.238,0.165,10.3,10.3,0.448,0.483,0.171,0.174,92.57,92.27,76.89,92.27,0.108,1930,4.5,10.0,Marcus Camby
2033,Marcus,1610612741,CHI,23.0,76,19,57,0.25,1964.9083333333333,371,848,0.438,7,41,0.171,189,283,0.668,128,299,427,120,131,49,24,56,186,5,938,-304,1718.4,8,0,1638.0,1,2001-02,25.9,96.9,97.3,97.3,105.1,105.3,105.3,-8.2,-8.0,-8.0,0.116,0.92,9.8,0.066,0.162,0.113,10.7,10.7,0.442,0.482,0.257,0.26,92.35,92.03,76.7,92.03,0.097,3766,4.9,11.2,Marcus Fizer
1548,Mark,1610612738,BOS,26.0,44,27,17,0.614,415.7816666666667,32,76,0.421,0,0,0.0,30,37,0.811,26,59,85,10,23,16,19,10,59,0,94,-37,293.0,0,0,259.0,1,2001-02,9.4,96.8,95.2,95.2,103.2,100.6,100.6,-6.4,-5.4,-5.4,0.039,0.43,7.9,0.059,0.148,0.101,18.3,18.4,0.421,0.509,0.122,0.125,94.03,96.05,80.04,96.05,0.05,836,0.7,1.7,Mark Blount
95,Mark,1610612759,SAS,37.0,30,21,9,0.7,201.79833333333332,25,55,0.455,0,0,0.0,6,8,0.75,25,19,44,10,6,7,2,3,38,1,56,-19,144.8,0,0,128.0,1,2001-02,6.7,94.3,92.1,92.1,98.3,96.8,96.8,-4.0,-4.7,-4.7,0.078,1.67,13.3,0.116,0.09,0.103,8.0,8.1,0.455,0.478,0.139,0.144,94.01,95.86,79.88,95.86,0.048,403,0.8,1.8,Mark Bryant
349,Mark,1610612752,NYK,37.0,82,30,52,0.366,2364.035,260,592,0.439,79,195,0.405,87,110,0.791,56,253,309,605,150,74,1,29,162,1,686,-287,2039.3,11,1,1829.0,1,2001-02,28.8,100.6,101.7,101.7,107.2,107.9,107.9,-6.6,-6.2,-6.2,0.405,4.03,43.2,0.024,0.111,0.067,10.7,10.7,0.506,0.536,0.153,0.154,93.14,92.32,76.94,92.32,0.121,4545,3.2,7.2,Mark Jackson
2058,Mark,1610612747,LAL,26.0,59,42,17,0.712,648.74,66,146,0.452,0,2,0.0,35,54,0.648,89,73,162,44,22,16,13,21,104,1,167,73,492.4,0,0,431.0,1,2001-02,11.0,107.7,106.3,106.3,102.0,101.2,101.2,5.7,5.0,5.0,0.096,2.0,18.6,0.124,0.119,0.121,9.3,9.3,0.452,0.492,0.124,0.129,94.19,95.15,79.29,95.15,0.059,1290,1.1,2.5,Mark Madsen
998,Mark,1610612749,MIL,29.0,45,25,20,0.556,425.285,36,91,0.396,4,25,0.16,11,21,0.524,20,53,73,17,15,11,11,3,47,0,87,-51,251.1,0,0,225.0,1,2001-02,9.5,101.1,98.7,98.7,105.5,103.8,103.8,-4.4,-5.1,-5.1,0.06,1.13,12.8,0.048,0.121,0.085,11.3,11.3,0.418,0.434,0.123,0.127,94.66,96.56,80.46,96.56,0.039,852,0.8,2.0,Mark Pope
1110,Mark,1610612737,ATL,31.0,46,16,30,0.348,655.5266666666666,91,204,0.446,1,4,0.25,25,44,0.568,41,90,131,20,28,19,16,15,48,0,208,-87,472.2,2,0,430.0,1,2001-02,14.3,98.0,97.0,97.0,105.1,103.3,103.3,-7.1,-6.3,-6.3,0.051,0.71,7.3,0.06,0.148,0.102,10.3,10.3,0.449,0.466,0.167,0.171,94.66,95.96,79.97,95.96,0.073,1308,2.0,4.4,Mark Strickland
2043,Mateen,1610612758,SAC,24.0,32,25,7,0.781,154.655,30,68,0.441,2,8,0.25,8,9,0.889,1,7,8,25,27,7,0,3,9,0,70,-42,111.1,0,0,119.0,1,2001-02,4.8,96.8,91.4,91.4,107.9,104.3,104.3,-11.1,-13.0,-13.0,0.253,0.93,20.3,0.006,0.038,0.023,22.0,21.8,0.456,0.486,0.243,0.262,102.75,107.54,89.62,107.54,0.063,348,0.9,2.1,Mateen Cleaves
672,Matt,1610612766,CHH,35.0,31,12,19,0.387,350.2416666666667,39,115,0.339,16,57,0.281,11,12,0.917,10,37,47,16,12,2,2,6,29,0,105,-32,185.4,0,0,192.0,1,2001-02,11.3,96.0,96.3,96.3,102.5,102.4,102.4,-6.5,-6.0,-6.0,0.077,1.33,10.9,0.026,0.102,0.063,8.2,8.1,0.409,0.436,0.166,0.172,92.93,92.85,77.38,92.85,0.047,682,1.3,3.7,Matt Bullard
761,Matt,1610612755,PHI,32.0,4,0,4,0.0,35.18333333333333,1,8,0.125,0,0,0.0,1,2,0.5,3,3,6,0,2,0,2,0,2,0,3,-26,14.2,0,0,13.0,1,2001-02,8.8,70.8,70.8,70.8,112.8,109.1,109.1,-42.0,-38.3,-38.3,0.0,0.0,0.0,0.075,0.086,0.08,18.2,18.4,0.125,0.169,0.145,0.149,87.86,89.36,74.47,89.36,-0.043,65,0.3,2.0,Matt Geiger
1723,Matt,1610612755,PHI,26.0,81,43,38,0.531,2547.208333333333,386,838,0.461,21,69,0.304,165,222,0.743,203,370,573,107,127,70,5,60,201,2,958,178,1904.1,15,0,1809.0,1,2001-02,31.4,100.7,101.4,101.4,96.8,97.1,97.1,3.9,4.3,4.3,0.073,0.84,9.1,0.082,0.147,0.114,10.9,10.9,0.473,0.512,0.188,0.191,91.21,90.76,75.64,90.76,0.1,4801,4.8,10.3,Matt Harpring
2230,Maurice,1610612750,MIN,23.0,10,5,5,0.5,42.96,9,19,0.474,0,3,0.0,3,4,0.75,3,1,4,4,2,0,0,1,9,0,21,-2,29.8,0,0,29.0,1,2001-02,4.3,97.0,94.9,94.9,103.1,99.0,99.0,-6.1,-4.0,-4.0,0.154,2.0,15.4,0.052,0.023,0.04,7.7,7.5,0.474,0.506,0.183,0.198,106.15,109.5,91.25,109.5,0.041,99,0.9,1.9,Maurice Evans
2370,Mengke,1610612743,DEN,26.0,27,9,18,0.333,407.62666666666667,53,132,0.402,4,12,0.333,29,37,0.784,32,64,96,22,32,10,5,14,94,0,139,-53,300.2,0,0,291.0,1,2001-02,15.1,92.1,93.1,93.1,99.6,98.3,98.3,-7.5,-5.1,-5.1,0.096,0.69,11.1,0.076,0.172,0.121,16.1,15.8,0.417,0.469,0.193,0.198,93.47,93.56,77.96,93.56,0.034,788,2.0,4.9,Mengke Bateer
1897,Metta,1610612754,IND,22.0,55,24,31,0.436,1641.43,269,636,0.423,53,170,0.312,136,204,0.667,73,198,271,127,118,141,39,37,217,1,727,-21,1664.7,2,0,1538.0,2,2001-02,29.8,97.7,99.1,99.1,98.9,98.8,98.8,-1.2,0.2,0.2,0.142,1.08,13.1,0.044,0.123,0.083,12.1,12.2,0.465,0.501,0.23,0.232,94.05,93.39,77.82,93.39,0.097,3179,4.9,11.6,Metta World Peace
2214,Michael,1610612761,TOR,23.0,26,16,10,0.615,117.65,13,25,0.52,0,2,0.0,4,8,0.5,7,17,24,3,6,0,6,2,10,0,30,-44,75.3,0,0,69.0,1,2001-02,4.5,92.6,88.4,88.4,115.3,107.9,107.9,-22.7,-19.5,-19.5,0.042,0.5,7.9,0.061,0.147,0.104,15.8,16.0,0.52,0.526,0.126,0.133,92.77,98.12,81.77,98.12,0.065,242,0.5,1.0,Michael Bradley
688,Michael,1610612765,DET,33.0,82,50,32,0.61,1905.4083333333333,125,276,0.453,7,26,0.269,72,91,0.791,15,153,168,127,60,47,10,10,207,1,329,-51,832.1,0,0,745.0,1,2001-02,23.2,99.8,99.3,99.3,99.7,100.2,100.2,0.1,-0.9,-0.9,0.104,2.12,25.1,0.008,0.085,0.047,11.9,11.9,0.466,0.521,0.093,0.094,91.72,91.71,76.42,91.71,0.039,3631,1.5,3.4,Michael Curry
1722,Michael,1610612763,MEM,27.0,4,0,4,0.0,125.55,15,48,0.313,8,21,0.381,5,6,0.833,3,9,12,9,8,3,1,5,12,0,43,-8,74.9,0,0,80.0,1,2001-02,31.4,97.5,99.2,99.2,102.4,102.7,102.7,-4.8,-3.4,-3.4,0.113,1.13,13.2,0.021,0.083,0.047,11.8,11.8,0.396,0.425,0.194,0.193,101.02,99.98,83.31,99.98,0.026,262,3.8,12.0,Michael Dickerson
1720,Michael,1610612739,CLE,25.0,42,14,28,0.333,708.5966666666667,78,187,0.417,0,0,0.0,38,46,0.826,47,121,168,25,37,15,11,16,98,0,194,-125,474.1,3,0,439.0,1,2001-02,16.9,99.6,100.6,100.6,108.3,108.5,108.5,-8.7,-7.9,-7.9,0.056,0.68,9.2,0.069,0.181,0.125,13.7,13.7,0.417,0.468,0.157,0.158,93.33,92.8,77.34,92.8,0.055,1362,1.9,4.5,Michael Doleac
714,Michael,1610612742,DAL,29.0,69,45,24,0.652,2755.1783333333333,569,1228,0.463,76,224,0.339,210,251,0.837,90,270,360,230,117,65,25,47,144,0,1424,221,2354.0,5,0,2270.0,1,2001-02,39.9,110.2,110.9,110.9,106.3,106.9,106.9,3.9,4.0,4.0,0.138,1.97,13.7,0.033,0.099,0.066,7.0,6.9,0.494,0.532,0.236,0.239,94.78,94.21,78.51,94.21,0.109,5410,8.2,17.8,Michael Finley
893,Michael,1610612764,WAS,39.0,60,30,30,0.5,2089.0016666666666,551,1324,0.416,10,53,0.189,263,333,0.79,50,289,339,310,162,85,26,52,119,1,1375,17,2417.8,8,0,2256.0,1,2001-02,34.8,104.5,105.3,105.3,104.7,105.7,105.7,-0.2,-0.3,-0.3,0.295,1.91,16.0,0.024,0.145,0.083,8.3,8.3,0.42,0.468,0.356,0.361,90.78,90.03,75.02,90.03,0.143,3932,9.2,22.1,Michael Jordan
1709,Michael,1610612746,LAC,27.0,80,37,43,0.463,2569.633333333333,384,886,0.433,0,0,0.0,117,188,0.622,164,547,711,90,175,55,145,53,217,4,885,-73,2298.2,24,0,2086.0,1,2001-02,32.1,100.7,102.3,102.3,103.0,104.0,104.0,-2.3,-1.7,-1.7,0.059,0.51,7.3,0.065,0.214,0.139,14.2,14.2,0.433,0.457,0.201,0.203,91.93,90.76,75.63,90.76,0.092,4862,4.8,11.1,Michael Olowokandi
2072,Michael,1610612749,MIL,22.0,67,35,32,0.522,1417.128333333333,294,609,0.483,88,198,0.444,91,115,0.791,77,147,224,91,57,42,7,32,96,0,767,45,1262.3,2,0,1268.0,1,2001-02,21.2,105.3,104.2,104.2,103.3,102.9,102.9,2.0,1.3,1.3,0.116,1.6,11.3,0.056,0.102,0.08,7.1,7.1,0.555,0.581,0.228,0.235,92.28,92.94,77.45,92.94,0.13,2748,4.4,9.1,Michael Redd
1913,Michael,1610612755,PHI,25.0,15,5,10,0.333,168.74,7,26,0.269,0,0,0.0,2,8,0.25,23,28,51,5,11,5,8,4,23,0,16,-47,112.7,0,0,98.0,1,2001-02,11.2,87.3,85.6,85.6,98.7,97.0,97.0,-11.3,-11.4,-11.4,0.048,0.45,10.9,0.128,0.162,0.144,23.9,24.2,0.269,0.271,0.105,0.108,92.43,94.16,78.46,94.16,0.023,326,0.5,1.7,Michael Ruffin
1565,Michael,1610612761,TOR,27.0,11,2,9,0.182,91.33333333333331,8,23,0.348,0,0,0.0,6,11,0.545,12,13,25,3,4,4,3,1,22,0,22,2,73.5,0,0,64.0,1,2001-02,8.3,90.0,88.8,88.8,91.4,87.6,87.6,-1.4,1.2,1.2,0.068,0.75,8.6,0.125,0.159,0.14,11.4,11.5,0.348,0.395,0.158,0.162,86.93,89.34,74.45,89.34,0.017,170,0.7,2.1,Michael Stewart
1710,Mike,1610612758,SAC,24.0,80,59,21,0.738,2657.33,446,985,0.453,51,138,0.37,155,193,0.803,37,185,222,403,134,87,15,39,133,0,1098,392,2140.9,3,0,1978.0,1,2001-02,33.2,106.4,107.2,107.2,99.1,99.5,99.5,7.3,7.7,7.7,0.227,3.01,25.1,0.014,0.064,0.04,8.3,8.3,0.479,0.513,0.195,0.197,99.44,98.81,82.35,98.81,0.097,5456,5.6,12.3,Mike Bibby
2229,Mike,1610612748,MIA,27.0,15,9,6,0.6,117.57833333333332,15,43,0.349,8,21,0.381,4,7,0.571,2,12,14,19,13,6,1,1,17,0,42,-39,95.3,0,0,97.0,1,2001-02,7.8,86.3,85.0,85.0,103.5,100.4,100.4,-17.2,-15.5,-15.5,0.306,1.46,24.4,0.016,0.12,0.063,16.7,16.6,0.442,0.456,0.228,0.237,90.94,93.08,77.57,93.08,0.057,226,1.0,2.9,Mike James
2034,Mike,1610612753,ORL,22.0,63,33,30,0.524,2127.891666666667,351,802,0.438,116,303,0.383,138,181,0.762,49,224,273,198,108,47,23,46,145,0,956,170,1682.6,3,0,1683.0,1,2001-02,33.8,106.1,107.4,107.4,102.6,103.6,103.6,3.6,3.8,3.8,0.149,1.83,16.7,0.023,0.104,0.064,9.1,9.1,0.51,0.542,0.207,0.209,96.13,95.1,79.25,95.1,0.095,4221,5.6,12.7,Mike Miller
2130,Mike,1610612747,LAL,27.0,3,3,0,1.0,11.883333333333333,1,2,0.5,0,0,0.0,3,4,0.75,0,2,2,2,0,2,0,1,0,0,5,-2,16.4,0,0,13.0,1,2001-02,4.0,90.5,92.3,92.3,101.4,96.3,96.3,-10.9,-4.0,-4.0,0.25,0.0,33.3,0.0,0.0,0.0,0.0,0.0,0.5,0.665,0.133,0.132,105.34,107.04,89.2,107.04,0.212,26,0.3,0.7,Mike Penberthy
1630,Mikki,1610612765,DET,26.0,30,15,15,0.5,213.465,29,61,0.475,1,2,0.5,20,26,0.769,22,30,52,12,14,7,9,3,35,0,79,9,193.4,0,0,176.0,1,2001-02,7.1,102.6,100.9,100.9,101.3,98.2,98.2,1.2,2.8,2.8,0.087,0.86,12.1,0.114,0.151,0.133,14.1,14.2,0.484,0.545,0.178,0.183,95.4,97.7,81.42,97.7,0.083,433,1.0,2.0,Mikki Moore
1960,Milt,1610612756,PHX,24.0,69,34,35,0.493,790.4116666666666,82,214,0.383,13,41,0.317,54,74,0.73,11,62,73,83,40,30,4,25,61,0,231,-103,505.1,0,0,468.0,2,2001-02,11.5,96.1,94.6,94.6,100.5,100.3,100.3,-4.4,-5.6,-5.6,0.189,2.08,22.4,0.014,0.082,0.047,10.8,10.8,0.414,0.468,0.165,0.17,92.65,93.49,77.91,93.49,0.068,1531,1.2,3.1,Milt Palacio
782,Mitch,1610612747,LAL,37.0,64,47,17,0.734,711.02,100,247,0.405,18,62,0.29,42,44,0.955,14,80,94,57,40,18,6,10,61,0,260,130,490.3,0,0,477.0,1,2001-02,11.1,101.0,100.3,100.3,91.2,91.7,91.7,9.8,8.6,8.6,0.131,1.43,15.8,0.019,0.099,0.061,11.1,11.0,0.441,0.488,0.187,0.194,94.82,94.85,79.04,94.85,0.084,1410,1.6,3.9,Mitch Richmond
348,Mitchell,1610612757,POR,31.0,11,6,5,0.545,89.785,10,23,0.435,1,3,0.333,8,12,0.667,6,8,14,5,5,0,1,1,10,0,29,-27,51.3,0,0,51.0,1,2001-02,8.2,98.9,93.2,93.2,108.3,106.1,106.1,-9.4,-12.9,-12.9,0.098,1.0,13.2,0.069,0.094,0.081,13.2,13.1,0.457,0.513,0.165,0.178,92.0,95.7,79.75,95.7,0.048,177,0.9,2.1,Mitchell Butler
42,Monty,1610612753,ORL,30.0,68,36,32,0.529,1284.785,198,362,0.547,0,4,0.0,88,134,0.657,80,155,235,96,86,48,17,45,134,0,484,-121,1019.0,3,0,945.0,1,2001-02,18.9,99.6,98.6,98.6,102.5,102.4,102.4,-2.9,-3.7,-3.7,0.126,1.12,15.9,0.063,0.122,0.092,14.3,14.3,0.547,0.575,0.173,0.179,95.36,95.89,79.9,95.89,0.099,2554,2.9,5.3,Monty Williams
983,Moochie,1610612745,HOU,28.0,82,28,54,0.341,2246.39,251,631,0.398,36,134,0.269,127,169,0.751,73,173,246,403,156,81,4,29,130,0,665,-198,1663.7,5,0,1520.0,1,2001-02,27.4,100.3,101.9,101.9,106.4,106.5,106.5,-6.0,-4.7,-4.7,0.302,2.58,31.8,0.032,0.08,0.056,12.3,12.3,0.426,0.471,0.176,0.178,89.84,89.09,74.24,89.09,0.093,4168,3.1,7.7,Moochie Norris
302,Mookie,1610612744,GSW,35.0,35,12,23,0.343,599.6616666666666,50,146,0.342,15,42,0.357,4,8,0.5,8,44,52,114,37,24,4,6,20,0,119,-83,399.4,0,0,356.0,1,2001-02,17.1,91.8,93.1,93.1,100.7,99.9,99.9,-8.9,-6.8,-6.8,0.33,3.08,38.0,0.013,0.076,0.043,12.3,12.3,0.394,0.398,0.135,0.138,93.04,92.77,77.31,92.77,0.096,1157,1.4,4.2,Mookie Blaylock
2050,Morris,1610612761,TOR,24.0,63,30,33,0.476,1990.0766666666664,336,768,0.438,84,231,0.364,127,169,0.751,91,132,223,153,86,73,11,35,174,0,883,-15,1546.1,0,0,1511.0,1,2001-02,31.6,99.8,101.5,101.5,100.5,101.4,101.4,-0.7,0.0,0.0,0.131,1.78,14.2,0.044,0.069,0.056,8.0,8.0,0.492,0.524,0.207,0.21,92.65,91.44,76.2,91.44,0.092,3783,5.3,12.2,Morris Peterson
1737,Nazr,1610612737,ATL,24.0,82,33,49,0.402,2170.035,329,713,0.461,0,1,0.0,137,222,0.617,242,409,651,33,118,63,61,85,252,1,795,-302,1879.7,21,0,1727.0,1,2001-02,26.5,98.6,98.8,98.8,105.0,105.6,105.6,-6.3,-6.8,-6.8,0.026,0.28,3.4,0.114,0.194,0.154,12.2,12.3,0.461,0.49,0.192,0.194,94.42,94.04,78.37,94.04,0.084,4246,4.0,8.7,Nazr Mohammed
98,Nick,1610612763,MEM,34.0,15,3,12,0.2,220.29166666666663,21,76,0.276,13,48,0.271,5,9,0.556,1,32,33,14,14,6,6,2,17,0,60,-61,142.6,0,0,144.0,1,2001-02,14.7,85.9,85.1,85.1,100.7,98.4,98.4,-14.8,-13.3,-13.3,0.127,1.0,13.0,0.004,0.152,0.076,13.0,13.0,0.362,0.375,0.192,0.198,92.42,93.91,78.26,93.91,0.042,429,1.4,5.1,Nick Anderson
89,Nick,1610612742,DAL,30.0,72,33,39,0.458,2497.7,501,1226,0.409,119,350,0.34,201,251,0.801,28,226,254,478,156,44,11,38,104,0,1322,-137,2352.8,11,0,2283.0,2,2001-02,34.7,102.7,104.2,104.2,105.9,107.0,107.0,-3.3,-2.8,-2.8,0.339,3.06,24.4,0.011,0.091,0.049,8.0,7.9,0.457,0.495,0.264,0.268,93.32,92.15,76.79,92.15,0.125,4793,7.0,17.0,Nick Van Exel
2369,Norman,1610612741,CHI,24.0,11,4,7,0.364,68.46333333333334,10,26,0.385,4,8,0.5,6,9,0.667,3,5,8,2,3,0,0,3,5,0,30,-26,39.6,0,0,44.0,2,2001-02,6.2,89.6,88.3,88.3,106.7,106.5,106.5,-17.1,-18.2,-18.2,0.057,0.67,5.7,0.0,0.069,0.0,8.6,8.6,0.462,0.501,0.214,0.221,95.66,96.4,80.33,96.4,0.049,137,0.9,2.4,Norman Richardson
1918,Obinna,1610612746,LAC,26.0,29,13,16,0.448,147.01166666666666,13,39,0.333,0,0,0.0,28,40,0.7,12,22,34,3,10,2,6,9,16,0,54,11,113.3,0,0,107.0,1,2001-02,5.1,98.7,99.0,99.0,98.0,94.9,94.9,0.7,4.1,4.1,0.032,0.3,4.1,0.076,0.139,0.108,13.7,14.4,0.333,0.477,0.201,0.199,94.11,95.5,79.59,95.5,0.061,292,0.4,1.3,Obinna Ekezie
2071,Olumide,1610612760,SEA,21.0,36,19,17,0.528,222.30166666666668,22,41,0.537,0,0,0.0,11,18,0.611,27,52,79,4,14,4,2,9,36,0,55,13,159.8,0,0,150.0,1,2001-02,6.2,103.0,99.3,99.3,98.0,95.8,95.8,5.0,3.5,3.5,0.026,0.29,5.9,0.121,0.219,0.172,20.6,20.9,0.537,0.562,0.125,0.13,90.6,93.28,77.73,93.28,0.082,431,0.6,1.1,Olumide Oyedeji
2351,Oscar,1610612745,HOU,25.0,65,20,45,0.308,1076.9666666666667,135,341,0.396,37,126,0.294,82,105,0.781,47,75,122,40,49,25,9,27,64,0,389,-165,648.4,0,0,656.0,1,2001-02,16.6,96.8,97.4,97.4,106.0,105.9,105.9,-9.2,-8.4,-8.4,0.065,0.82,8.4,0.041,0.073,0.056,10.3,10.3,0.45,0.502,0.182,0.185,90.83,90.61,75.51,90.61,0.063,2036,2.1,5.2,Oscar Torres
970,Othella,1610612752,NYK,28.0,77,28,49,0.364,1563.8266666666666,237,450,0.527,0,2,0.0,122,172,0.709,125,224,349,37,95,30,36,26,250,7,596,66,1173.3,2,0,1114.0,1,2001-02,20.3,99.5,101.5,101.5,98.0,98.2,98.2,1.5,3.3,3.3,0.042,0.39,5.6,0.086,0.143,0.116,14.5,14.4,0.527,0.567,0.185,0.188,90.7,89.75,74.79,89.75,0.081,2909,3.1,5.8,Othella Harrington
136,P.J.,1610612766,CHH,32.0,80,43,37,0.538,2563.373333333333,250,527,0.474,0,0,0.0,169,197,0.858,273,513,786,107,85,59,78,35,222,4,669,144,2098.7,17,0,1836.0,1,2001-02,32.0,103.1,104.2,104.2,100.1,101.3,101.3,3.1,2.8,2.8,0.064,1.26,13.3,0.107,0.203,0.155,10.6,10.6,0.474,0.545,0.121,0.124,92.28,91.25,76.04,91.25,0.111,4876,3.1,6.6,P.J. Brown
1727,Pat,1610612753,ORL,25.0,80,44,36,0.55,2401.3033333333333,327,767,0.426,169,396,0.427,61,73,0.836,77,261,338,99,68,60,28,19,230,2,884,232,1634.1,1,0,1666.0,1,2001-02,30.0,107.5,108.1,108.1,103.5,103.8,103.8,4.0,4.3,4.3,0.063,1.46,10.3,0.033,0.111,0.072,7.0,7.0,0.537,0.553,0.161,0.164,95.33,94.98,79.15,94.98,0.071,4765,4.1,9.6,Pat Garrity
121,Patrick,1610612753,ORL,39.0,65,35,30,0.538,899.4133333333333,148,333,0.444,0,1,0.0,94,134,0.701,59,203,262,35,64,22,45,22,129,0,390,-17,893.9,2,0,821.0,1,2001-02,13.8,100.6,100.7,100.7,102.3,102.6,102.6,-1.7,-1.9,-1.9,0.066,0.55,7.1,0.064,0.223,0.143,13.0,13.0,0.444,0.497,0.223,0.227,94.85,94.7,78.92,94.7,0.097,1783,2.3,5.1,Patrick Ewing
2200,Pau,1610612763,MEM,21.0,82,23,59,0.28,3001.866666666667,551,1064,0.518,1,5,0.2,338,477,0.709,238,492,730,223,224,41,169,105,195,1,1441,-310,3057.5,35,0,2815.0,1,2001-02,36.6,96.9,97.8,97.8,103.1,103.1,103.1,-6.2,-5.3,-5.3,0.133,1.0,13.0,0.08,0.164,0.122,13.0,13.0,0.518,0.566,0.223,0.226,93.85,93.42,77.85,93.42,0.134,5841,6.7,13.0,Pau Gasol
1718,Paul,1610612738,BOS,24.0,82,49,33,0.598,3298.8566666666666,707,1598,0.442,210,520,0.404,520,643,0.809,81,485,566,261,241,154,86,97,237,0,2144,314,3693.7,17,0,3661.0,1,2001-02,40.2,103.0,103.8,103.8,97.8,99.2,99.2,5.3,4.6,4.6,0.153,1.08,11.0,0.024,0.147,0.085,10.1,10.1,0.508,0.57,0.289,0.293,94.82,93.79,78.15,93.79,0.153,6455,8.6,19.5,Paul Pierce
978,Peja,1610612758,SAC,25.0,71,52,19,0.732,2648.46,547,1130,0.484,129,310,0.416,283,323,0.876,72,301,373,175,140,81,14,62,120,0,1506,380,2361.1,2,0,2373.0,1,2001-02,37.3,107.5,108.6,108.6,100.0,100.9,100.9,7.5,7.6,7.6,0.106,1.25,11.0,0.027,0.107,0.069,8.8,8.8,0.541,0.592,0.232,0.234,98.44,97.56,81.3,97.56,0.125,5368,7.7,15.9,Peja Stojakovic
461,Popeye,1610612764,WAS,32.0,79,37,42,0.468,1918.3033333333333,222,508,0.437,4,11,0.364,106,130,0.815,233,345,578,127,88,50,19,24,209,1,554,58,1557.1,11,0,1401.0,1,2001-02,24.3,104.9,105.8,105.8,103.4,103.9,103.9,1.6,1.8,1.8,0.103,1.44,16.2,0.12,0.189,0.153,11.3,11.3,0.441,0.49,0.154,0.156,90.52,89.93,74.94,89.93,0.098,3590,2.8,6.4,Popeye Jones
1542,Predrag,1610612760,SEA,26.0,64,37,27,0.578,1173.6533333333334,191,414,0.461,0,2,0.0,55,73,0.753,75,144,219,51,51,20,31,34,109,0,437,97,878.3,1,0,809.0,1,2001-02,18.3,106.9,105.7,105.7,102.6,101.8,101.8,4.4,3.8,3.8,0.069,1.0,9.3,0.069,0.128,0.099,9.3,9.3,0.461,0.49,0.195,0.2,90.45,91.3,76.09,91.3,0.076,2238,3.0,6.5,Predrag Drobnjak
2056,Primoz,1610612754,IND,22.0,22,10,12,0.455,160.615,14,29,0.483,0,0,0.0,15,25,0.6,16,12,28,6,6,0,7,4,28,0,43,-18,100.6,0,0,91.0,1,2001-02,7.3,96.2,96.5,96.5,103.2,98.8,98.8,-7.0,-2.3,-2.3,0.065,1.0,11.3,0.09,0.073,0.082,11.3,11.5,0.483,0.538,0.126,0.125,92.68,94.59,78.82,94.59,0.029,311,0.6,1.3,Primoz Brezec
2047,Quentin,1610612746,LAC,22.0,81,38,43,0.469,2153.84,401,927,0.433,133,349,0.381,143,187,0.765,113,221,334,128,102,78,21,67,142,0,1078,80,1865.8,5,0,1871.0,1,2001-02,26.6,103.3,104.1,104.1,102.0,102.3,102.3,1.3,1.8,1.8,0.105,1.25,10.3,0.052,0.101,0.076,8.2,8.2,0.504,0.534,0.228,0.232,93.11,92.64,77.2,92.64,0.113,4159,5.0,11.4,Quentin Richardson
1900,Quincy,1610612762,UTA,25.0,36,16,20,0.444,487.68666666666667,64,143,0.448,3,18,0.167,13,20,0.65,10,33,43,36,32,23,9,5,89,0,144,-26,313.6,0,0,290.0,1,2001-02,13.5,99.3,100.8,100.8,102.3,102.4,102.4,-3.0,-1.6,-1.6,0.12,1.13,16.4,0.023,0.068,0.047,14.5,14.6,0.458,0.474,0.167,0.169,94.83,94.04,78.37,94.04,0.025,950,1.8,4.0,Quincy Lewis
1711,Raef,1610612742,DAL,26.0,78,35,43,0.449,2453.845,421,920,0.458,104,268,0.388,105,151,0.695,176,403,579,89,94,55,213,69,281,0,1051,-71,2589.3,18,0,2359.0,2,2001-02,31.5,103.1,104.5,104.5,105.0,105.5,105.5,-1.9,-1.0,-1.0,0.059,0.95,7.6,0.069,0.165,0.116,8.0,8.0,0.514,0.533,0.197,0.199,93.68,92.8,77.33,92.8,0.101,4732,5.4,11.8,Raef LaFrentz
1747,Rafer,1610612749,MIL,25.0,50,27,23,0.54,596.1966666666667,66,191,0.346,27,71,0.38,18,29,0.621,10,62,72,143,40,32,2,10,42,0,177,-49,539.9,1,0,487.0,1,2001-02,11.9,98.5,97.5,97.5,102.7,102.6,102.6,-4.2,-5.2,-5.2,0.41,3.58,36.9,0.017,0.103,0.06,10.3,10.3,0.416,0.434,0.191,0.197,91.1,91.62,76.35,91.62,0.104,1143,1.3,3.8,Rafer Alston
1952,Raja,1610612755,PHI,25.0,74,37,37,0.5,892.535,103,240,0.429,12,44,0.273,36,48,0.75,31,80,111,71,48,21,4,16,109,0,254,-118,520.7,0,0,498.0,1,2001-02,12.1,95.7,92.2,92.2,100.8,98.8,98.8,-5.1,-6.5,-6.5,0.141,1.48,18.6,0.035,0.088,0.062,12.6,12.6,0.454,0.486,0.152,0.159,92.19,94.89,79.08,94.89,0.054,1763,1.4,3.2,Raja Bell
753,Randy,1610612738,BOS,34.0,1,1,0,1.0,5.85,0,1,0.0,0,0,0.0,0,0,0.0,0,0,0,2,0,0,1,0,1,0,0,-4,6.0,0,0,4.0,1,2001-02,5.9,40.0,36.4,36.4,69.9,80.0,80.0,-29.9,-43.6,-43.6,1.0,0.0,66.7,0.0,0.0,0.0,0.0,0.0,0.0,0.0,0.067,0.071,87.96,86.15,71.79,86.15,0.063,11,0.0,1.0,Randy Brown
988,Randy,1610612760,SEA,27.0,13,7,6,0.538,176.19666666666666,15,54,0.278,1,8,0.125,10,11,0.909,9,16,25,26,2,9,2,5,11,0,41,50,141.0,0,0,115.0,1,2001-02,13.6,107.3,106.0,106.0,92.9,91.5,91.5,14.3,14.5,14.5,0.205,13.0,29.9,0.052,0.089,0.071,2.3,2.3,0.287,0.348,0.155,0.159,89.24,90.44,75.37,90.44,0.081,333,1.2,4.2,Randy Livingston
1740,Rashard,1610612760,SEA,22.0,71,40,31,0.563,2583.6183333333333,455,972,0.468,123,316,0.389,162,200,0.81,139,359,498,123,97,104,40,53,174,1,1195,285,2312.1,16,0,2227.0,1,2001-02,36.4,107.6,108.9,108.9,102.3,102.9,102.9,5.3,6.1,6.1,0.076,1.27,9.6,0.057,0.14,0.099,7.6,7.6,0.531,0.564,0.204,0.207,92.32,91.53,76.27,91.53,0.121,4920,6.4,13.7,Rashard Lewis
739,Rasheed,1610612757,POR,27.0,79,49,30,0.62,2965.765,603,1287,0.469,114,317,0.36,201,274,0.734,136,509,645,152,131,101,101,37,212,0,1521,366,2998.0,25,0,2836.0,1,2001-02,37.5,106.1,107.2,107.2,99.7,100.6,100.6,6.4,6.6,6.6,0.09,1.16,9.0,0.048,0.179,0.113,7.8,7.7,0.513,0.54,0.234,0.237,91.98,91.06,75.88,91.06,0.13,5623,7.6,16.3,Rasheed Wallace
1725,Rasho,1610612750,MIN,26.0,82,50,32,0.61,2220.335,324,657,0.493,0,1,0.0,39,71,0.549,200,334,534,75,94,45,109,47,262,0,687,260,1808.3,12,0,1604.0,1,2001-02,27.1,106.3,107.8,107.8,100.2,100.8,100.8,6.1,7.0,7.0,0.049,0.8,8.7,0.092,0.153,0.123,10.9,11.0,0.493,0.499,0.158,0.159,93.01,92.03,76.69,92.03,0.074,4239,4.0,8.0,Rasho Nesterovic
2237,Ratko,1610612765,DET,23.0,1,0,1,0.0,5.65,2,3,0.667,0,0,0.0,1,1,1.0,0,1,1,0,1,0,0,0,3,0,5,-1,5.2,0,0,6.0,1,2001-02,5.7,97.8,116.7,116.7,139.4,125.0,125.0,-41.6,-8.3,-8.3,0.0,0.0,0.0,0.0,0.0,0.0,25.0,22.5,0.667,0.727,0.286,0.31,106.53,101.95,84.96,101.95,0.043,12,2.0,3.0,Ratko Varda
951,Ray,1610612749,MIL,26.0,69,35,34,0.507,2525.7366666666667,530,1148,0.462,229,528,0.434,214,245,0.873,81,231,312,271,159,88,18,56,157,3,1503,49,2442.9,3,0,2527.0,1,2001-02,36.6,105.3,106.1,106.1,104.1,104.8,104.8,1.2,1.2,1.2,0.193,1.7,16.1,0.034,0.09,0.063,9.4,9.4,0.561,0.598,0.258,0.262,92.65,92.02,76.68,92.02,0.137,4837,7.7,16.6,Ray Allen
397,Reggie,1610612754,IND,36.0,79,40,39,0.506,2890.68,414,913,0.453,180,443,0.406,296,325,0.911,23,196,219,253,120,88,10,25,143,1,1304,-7,2120.3,0,0,2152.0,1,2001-02,36.6,103.0,104.1,104.1,103.7,104.5,104.5,-0.7,-0.4,-0.4,0.144,2.11,17.9,0.008,0.068,0.038,8.5,8.4,0.552,0.617,0.18,0.184,94.69,93.85,78.21,93.85,0.111,5659,5.2,11.6,Reggie Miller
1073,Reggie,1610612737,ATL,31.0,8,2,6,0.25,47.475,7,15,0.467,0,0,0.0,7,10,0.7,5,4,9,1,1,1,1,4,3,0,21,-5,38.3,0,0,35.0,2,2001-02,5.9,104.1,103.3,103.3,118.3,105.3,105.3,-14.2,-2.0,-2.0,0.038,1.0,4.8,0.086,0.0,0.0,4.8,4.7,0.467,0.541,0.172,0.182,87.96,93.52,77.94,93.52,0.085,91,0.9,1.9,Reggie Slater
1888,Richard,1610612764,WAS,24.0,63,27,36,0.429,2200.2533333333336,472,1084,0.435,16,42,0.381,300,337,0.89,73,143,216,171,132,38,14,100,136,0,1260,-28,1799.7,0,0,1767.0,1,2001-02,34.9,102.6,103.3,103.3,103.6,103.9,103.9,-1.0,-0.7,-0.7,0.143,1.3,11.2,0.034,0.067,0.051,8.6,8.6,0.443,0.511,0.281,0.286,91.77,91.32,76.1,91.32,0.104,4186,7.5,17.2,Richard Hamilton
2210,Richard,1610612751,NJN,22.0,79,51,28,0.646,1919.4233333333332,270,591,0.457,13,56,0.232,189,265,0.713,85,208,293,140,107,64,48,53,211,0,742,101,1532.6,0,0,1412.0,1,2001-02,24.3,98.6,98.4,98.4,95.9,95.1,95.1,2.7,3.3,3.3,0.125,1.31,14.7,0.043,0.107,0.075,11.2,11.2,0.468,0.524,0.189,0.193,93.11,93.53,77.94,93.53,0.092,3728,3.4,7.5,Richard Jefferson
1594,Rick,1610612757,POR,30.0,59,34,25,0.576,519.8116666666666,45,112,0.402,6,11,0.545,29,41,0.707,24,45,69,114,47,25,2,12,51,0,125,-31,412.8,0,0,368.0,1,2001-02,8.8,103.0,100.0,100.0,104.2,102.7,102.7,-1.2,-2.7,-2.7,0.336,2.43,39.0,0.048,0.088,0.068,16.1,16.1,0.429,0.481,0.152,0.158,91.64,93.73,78.11,93.73,0.085,1013,0.8,1.9,Rick Brunson
296,Rick,1610612747,LAL,32.0,82,58,24,0.707,2290.2883333333334,255,605,0.421,65,208,0.313,70,85,0.824,90,299,389,283,132,67,21,30,244,0,645,257,1668.3,1,0,1558.0,1,2001-02,27.9,107.7,108.6,108.6,101.6,102.5,102.5,6.1,6.2,6.2,0.174,2.14,26.8,0.039,0.127,0.084,12.5,12.5,0.475,0.502,0.15,0.152,95.39,94.54,78.78,94.54,0.077,4501,3.1,7.4,Rick Fox
1729,Ricky,1610612739,CLE,22.0,82,29,53,0.354,1955.9683333333328,376,781,0.481,11,35,0.314,196,248,0.79,63,180,243,178,148,69,23,48,145,2,959,-153,1645.6,0,0,1575.0,1,2001-02,23.9,100.6,101.1,101.1,104.9,105.2,105.2,-4.3,-4.1,-4.1,0.168,1.2,14.6,0.034,0.095,0.065,12.2,12.2,0.488,0.539,0.237,0.241,93.59,93.27,77.72,93.27,0.107,3801,4.6,9.5,Ricky Davis
109,Robert,1610612747,LAL,31.0,81,58,23,0.716,2142.695,183,460,0.398,76,203,0.374,108,138,0.783,130,349,479,232,88,77,89,12,208,1,550,361,1882.8,5,0,1669.0,1,2001-02,26.5,106.5,106.9,106.9,98.2,98.5,98.5,8.3,8.5,8.5,0.158,2.64,27.4,0.059,0.155,0.108,10.4,10.5,0.48,0.528,0.127,0.128,94.73,94.4,78.67,94.4,0.108,4216,2.3,5.7,Robert Horry
123,Robert,1610612750,MIN,33.0,16,10,6,0.625,253.69333333333333,25,68,0.368,1,4,0.25,11,15,0.733,7,16,23,49,20,13,0,4,32,0,62,-22,182.1,0,0,161.0,1,2001-02,15.9,99.9,98.2,98.2,106.2,104.8,104.8,-6.3,-6.6,-6.6,0.316,2.45,34.0,0.027,0.064,0.045,13.9,13.9,0.375,0.416,0.164,0.17,90.74,92.14,76.79,92.14,0.061,492,1.6,4.3,Robert Pack
1714,Robert,1610612766,CHH,25.0,61,30,31,0.492,677.5583333333333,87,204,0.426,1,1,1.0,53,84,0.631,67,120,187,37,45,24,37,31,127,0,228,-53,645.9,1,0,575.0,1,2001-02,11.1,97.2,95.9,95.9,100.3,99.4,99.4,-3.1,-3.5,-3.5,0.093,0.82,11.4,0.1,0.17,0.136,13.8,13.9,0.429,0.473,0.188,0.193,93.25,94.29,78.58,94.29,0.071,1328,1.4,3.3,Robert Traylor
393,Rod,1610612748,MIA,35.0,76,35,41,0.461,2291.125,316,714,0.443,8,26,0.308,154,201,0.766,49,183,232,463,159,82,11,32,114,0,794,93,1886.9,4,0,1683.0,1,2001-02,30.1,99.7,100.2,100.2,97.8,98.2,98.2,1.9,2.0,2.0,0.347,2.91,32.5,0.023,0.081,0.053,11.2,11.2,0.448,0.495,0.198,0.2,89.67,89.24,74.37,89.24,0.126,4263,4.2,9.4,Rod Strickland
1934,Rodney,1610612763,MEM,24.0,63,21,42,0.333,1770.36,258,593,0.435,17,70,0.243,58,80,0.725,52,220,272,71,63,42,12,30,110,0,591,-332,1122.9,0,0,1059.0,1,2001-02,28.1,97.3,97.0,97.0,106.8,106.6,106.6,-9.5,-9.7,-9.7,0.068,1.13,9.3,0.03,0.123,0.077,8.3,8.3,0.449,0.47,0.175,0.179,93.36,93.62,78.02,93.62,0.073,3454,4.1,9.4,Rodney Buford
915,Rodney,1610612738,BOS,31.0,77,42,35,0.545,1880.3833333333332,356,756,0.471,88,235,0.374,117,149,0.785,129,219,348,111,108,66,29,56,226,0,917,164,1678.1,3,0,1654.0,2,2001-02,24.4,104.0,104.5,104.5,100.1,99.8,99.8,3.9,4.7,4.7,0.101,1.03,10.7,0.066,0.116,0.09,10.4,10.4,0.529,0.558,0.214,0.219,95.54,95.47,79.56,95.47,0.103,3734,4.6,9.8,Rodney Rogers
2206,Rodney,1610612765,DET,22.0,16,9,7,0.563,127.49333333333334,21,60,0.35,2,9,0.222,12,14,0.857,2,16,18,12,14,9,2,8,6,0,56,19,114.6,0,0,110.0,1,2001-02,8.0,103.7,102.3,102.3,97.1,95.0,95.0,6.6,7.3,7.3,0.138,0.86,12.9,0.018,0.124,0.075,15.1,15.2,0.367,0.423,0.282,0.288,96.52,98.26,81.89,98.26,0.077,261,1.3,3.8,Rodney White
1500,Ron,1610612754,IND,26.0,53,14,39,0.264,1717.8466666666666,311,784,0.397,18,62,0.29,95,119,0.798,50,128,178,128,88,32,13,31,108,0,735,-356,1187.6,0,0,1149.0,2,2001-02,32.4,90.8,92.0,92.0,101.8,102.6,102.6,-11.1,-10.6,-10.6,0.154,1.45,12.2,0.028,0.078,0.052,8.4,8.4,0.408,0.439,0.242,0.245,93.5,92.52,77.1,92.52,0.071,3308,5.9,14.8,Ron Mercer
2257,Ruben,1610612757,POR,24.0,33,17,16,0.515,244.9033333333333,13,32,0.406,0,0,0.0,13,25,0.52,21,34,55,4,14,3,16,5,38,0,39,-84,154.0,0,0,136.0,1,2001-02,7.4,93.6,88.7,88.7,106.5,104.5,104.5,-12.9,-15.8,-15.8,0.028,0.29,6.6,0.082,0.136,0.108,23.0,23.0,0.406,0.453,0.103,0.11,91.16,94.47,78.72,94.47,0.021,478,0.4,1.0,Ruben Boumtje-Boumtje
1739,Ruben,1610612757,POR,26.0,75,46,29,0.613,1765.94,319,619,0.515,9,36,0.25,192,274,0.701,155,143,298,107,114,79,37,76,140,3,839,77,1591.1,2,0,1485.0,1,2001-02,23.5,103.6,104.1,104.1,101.0,101.0,101.0,2.7,3.1,3.1,0.109,0.94,11.2,0.089,0.085,0.087,11.9,11.9,0.523,0.567,0.216,0.222,91.09,90.85,75.71,90.85,0.111,3329,4.3,8.3,Ruben Patterson
1601,Rusty,1610612762,UTA,28.0,33,19,14,0.576,539.93,73,185,0.395,17,50,0.34,30,35,0.857,11,38,49,71,43,17,7,9,58,0,193,-68,387.3,1,0,378.0,1,2001-02,16.4,99.6,97.8,97.8,105.5,103.8,103.8,-5.9,-6.0,-6.0,0.234,1.65,22.7,0.021,0.073,0.046,13.7,13.7,0.441,0.482,0.194,0.202,92.34,93.92,78.27,93.92,0.068,1054,2.2,5.6,Rusty LaRue
1763,Ryan,1610612743,DEN,26.0,75,26,49,0.347,1687.8966666666668,147,307,0.479,1,12,0.083,69,92,0.75,134,165,299,52,41,75,41,35,171,0,364,55,1107.8,2,0,948.0,1,2001-02,22.5,101.3,102.5,102.5,100.4,100.6,100.6,0.9,1.8,1.8,0.046,1.27,11.8,0.077,0.1,0.088,9.3,9.3,0.48,0.524,0.101,0.103,93.42,92.81,77.34,92.81,0.066,3261,2.0,4.1,Ryan Bowen
208,Sam,1610612749,MIL,32.0,74,39,35,0.527,2606.616666666667,554,1197,0.463,71,204,0.348,282,328,0.86,54,258,312,493,177,90,12,37,208,0,1461,109,2703.9,11,0,2541.0,1,2001-02,35.2,106.6,106.9,106.9,103.6,104.4,104.4,3.1,2.4,2.4,0.324,2.79,24.4,0.022,0.095,0.061,8.8,8.8,0.492,0.545,0.266,0.269,93.89,93.4,77.83,93.4,0.14,5065,7.5,16.2,Sam Cassell
694,Sam,1610612748,MIA,32.0,12,2,10,0.167,160.66166666666666,14,49,0.286,7,28,0.25,5,7,0.714,2,12,14,4,7,5,1,1,17,0,40,11,73.8,0,0,77.0,1,2001-02,13.4,93.7,93.0,93.0,92.7,91.3,91.3,1.0,1.7,1.7,0.04,0.57,6.3,0.013,0.072,0.043,11.1,11.1,0.357,0.384,0.167,0.169,92.47,93.51,77.93,93.51,0.004,316,1.2,4.1,Sam Mack
417,Sam,1610612750,MIN,38.0,74,47,27,0.635,722.645,98,227,0.432,10,35,0.286,38,49,0.776,18,64,82,45,26,12,4,12,79,0,244,36,431.9,0,0,413.0,1,2001-02,9.8,104.2,103.1,103.1,102.4,100.6,100.6,1.8,2.5,2.5,0.096,1.73,14.1,0.025,0.09,0.057,8.2,8.1,0.454,0.491,0.165,0.171,94.24,95.65,79.71,95.65,0.055,1440,1.3,3.1,Sam Mitchell
955,Samaki,1610612747,LAL,26.0,69,48,21,0.696,1653.31,187,365,0.512,0,0,0.0,86,129,0.667,129,352,481,64,53,28,88,46,170,1,460,43,1428.2,8,0,1237.0,1,2001-02,24.0,103.3,103.6,103.6,100.2,101.7,101.7,3.1,1.9,1.9,0.057,1.21,11.9,0.078,0.203,0.142,9.9,9.8,0.512,0.545,0.129,0.131,93.82,93.01,77.51,93.01,0.104,3195,2.7,5.3,Samaki Walker
2223,Samuel,1610612755,PHI,22.0,34,18,16,0.529,175.91,22,50,0.44,0,0,0.0,7,18,0.389,25,43,68,5,14,6,13,5,30,0,51,-19,183.1,0,0,162.0,1,2001-02,5.2,98.1,93.8,93.8,103.5,99.7,99.7,-5.5,-5.9,-5.9,0.047,0.36,6.4,0.131,0.25,0.187,17.9,18.2,0.44,0.44,0.163,0.172,97.32,101.37,84.48,101.37,0.08,373,0.6,1.5,Samuel Dalembert
1513,Scot,1610612758,SAC,27.0,80,59,21,0.738,1881.8366666666664,197,358,0.55,0,0,0.0,115,166,0.693,188,377,565,53,68,70,76,46,202,2,509,302,1636.5,7,0,1419.0,1,2001-02,23.5,105.2,106.0,106.0,98.0,97.9,97.9,7.3,8.1,8.1,0.039,0.78,9.7,0.096,0.191,0.143,12.4,12.3,0.55,0.59,0.113,0.115,96.44,96.12,80.1,96.12,0.102,3767,2.5,4.5,Scot Pollard
1909,Scott,1610612762,UTA,26.0,75,40,35,0.533,1291.9016666666666,188,395,0.476,49,113,0.434,75,102,0.735,111,174,285,82,69,43,13,38,140,0,500,66,1064.0,2,0,1028.0,1,2001-02,17.2,103.7,103.0,103.0,101.4,99.8,99.8,2.3,3.2,3.2,0.109,1.19,13.9,0.091,0.139,0.115,11.7,11.7,0.538,0.568,0.173,0.178,92.15,93.2,77.67,93.2,0.109,2502,2.5,5.3,Scott Padgett
281,Scott,1610612743,DEN,34.0,41,11,30,0.268,735.5333333333333,86,217,0.396,0,2,0.0,30,41,0.732,82,127,209,13,35,17,33,16,98,1,202,-167,587.3,2,0,524.0,1,2001-02,17.9,94.1,95.3,95.3,106.3,105.7,105.7,-12.2,-10.4,-10.4,0.029,0.37,4.6,0.102,0.175,0.137,12.4,12.4,0.396,0.43,0.164,0.167,91.9,91.59,76.33,91.59,0.059,1393,2.1,5.3,Scott Williams
937,Scottie,1610612757,POR,36.0,62,39,23,0.629,1998.9283333333333,246,599,0.411,54,177,0.305,113,146,0.774,77,244,321,363,171,101,35,26,162,1,659,90,1825.7,11,0,1669.0,1,2001-02,32.2,104.3,105.3,105.3,101.5,102.5,102.5,2.8,2.8,2.8,0.283,2.12,30.3,0.039,0.131,0.083,14.3,14.3,0.456,0.497,0.186,0.188,93.26,92.39,76.99,92.39,0.102,3839,4.0,9.7,Scottie Pippen
1752,Sean,1610612748,MIA,26.0,21,7,14,0.333,319.4,38,88,0.432,0,0,0.0,20,34,0.588,19,56,75,8,19,5,10,7,40,0,96,-45,224.0,1,0,209.0,1,2001-02,15.2,88.6,87.9,87.9,94.5,95.5,95.5,-5.9,-7.6,-7.6,0.046,0.42,6.1,0.061,0.177,0.12,14.5,14.6,0.432,0.466,0.18,0.181,91.0,90.85,75.7,90.85,0.074,605,1.8,4.2,Sean Marks
399,Sean,1610612746,LAC,32.0,61,28,33,0.459,729.6883333333334,81,194,0.418,0,0,0.0,21,29,0.724,32,92,124,25,20,12,21,5,114,0,183,1,448.3,0,0,398.0,1,2001-02,12.0,100.8,100.9,100.9,100.9,100.9,100.9,-0.2,0.0,0.0,0.055,1.25,9.9,0.044,0.123,0.084,7.9,7.9,0.418,0.443,0.14,0.143,92.78,92.78,77.32,92.78,0.038,1411,1.3,3.2,Sean Rooks
1742,Shammond,1610612760,SEA,27.0,50,26,24,0.52,602.7983333333333,81,193,0.42,28,75,0.373,31,39,0.795,16,47,63,83,35,21,2,8,35,0,221,2,455.1,0,0,441.0,1,2001-02,12.1,104.9,102.6,102.6,104.8,105.0,105.0,0.1,-2.4,-2.4,0.225,2.37,25.3,0.028,0.082,0.055,10.7,10.7,0.492,0.526,0.185,0.192,90.05,91.02,75.85,91.02,0.102,1157,1.6,3.9,Shammond Williams
1000,Shandon,1610612752,NYK,28.0,82,30,52,0.366,1595.48,149,373,0.399,39,141,0.277,74,107,0.692,57,192,249,76,97,48,15,26,134,1,411,-139,915.8,0,0,901.0,1,2001-02,19.5,94.6,95.0,95.0,98.2,98.9,98.9,-3.6,-3.9,-3.9,0.083,0.78,12.8,0.038,0.12,0.08,16.3,16.4,0.452,0.489,0.15,0.153,91.41,90.89,75.74,90.89,0.064,3010,1.8,4.5,Shandon Anderson
2203,Shane,1610612763,MEM,23.0,78,23,55,0.295,3098.1,412,961,0.429,103,276,0.373,198,283,0.7,180,238,418,216,155,121,81,73,215,4,1125,-289,2401.6,3,0,2266.0,1,2001-02,39.7,96.7,97.6,97.6,102.4,102.6,102.6,-5.7,-5.0,-5.0,0.116,1.39,14.8,0.058,0.078,0.068,10.6,10.6,0.482,0.518,0.179,0.181,93.46,92.94,77.45,92.94,0.083,6004,5.3,12.3,Shane Battier
406,Shaquille,1610612747,LAL,30.0,67,51,16,0.761,2420.661666666667,712,1229,0.579,0,1,0.0,398,717,0.555,235,480,715,200,171,41,137,56,199,0,1822,569,3343.0,40,0,3093.0,1,2001-02,36.1,109.1,110.4,110.4,97.6,98.6,98.6,11.5,11.8,11.8,0.157,1.17,10.5,0.099,0.189,0.145,9.0,8.9,0.579,0.59,0.314,0.318,94.64,93.65,78.04,93.65,0.193,4728,10.6,18.3,Shaquille O'Neal
949,Shareef,1610612737,ATL,25.0,77,32,45,0.416,2978.0783333333334,598,1297,0.461,21,70,0.3,419,523,0.801,198,498,696,239,250,98,81,113,214,3,1636,-225,3116.7,32,0,2950.0,1,2001-02,38.7,98.5,99.4,99.4,103.0,103.8,103.8,-4.5,-4.4,-4.4,0.152,0.96,11.8,0.066,0.171,0.118,12.4,12.4,0.469,0.536,0.267,0.27,94.27,93.46,77.88,93.46,0.139,5814,7.8,16.8,Shareef Abdur-Rahim
762,Shawn,1610612742,DAL,30.0,53,34,19,0.642,757.2383333333333,78,163,0.479,0,1,0.0,59,64,0.922,53,123,176,20,25,28,64,19,128,3,215,44,707.2,0,0,595.0,1,2001-02,14.3,105.8,105.1,105.1,99.6,99.4,99.4,6.2,5.7,5.7,0.04,0.8,8.5,0.075,0.156,0.118,10.6,10.6,0.479,0.562,0.132,0.136,93.05,93.47,77.89,93.47,0.081,1455,1.5,3.1,Shawn Bradley
431,Shawn,1610612757,POR,32.0,75,44,31,0.587,1234.68,175,407,0.43,0,4,0.0,104,131,0.794,90,198,288,52,81,43,33,46,184,0,454,-14,1024.6,6,0,946.0,1,2001-02,16.5,100.9,101.5,101.5,102.6,101.7,101.7,-1.6,-0.2,-0.2,0.071,0.64,8.7,0.074,0.177,0.123,13.5,13.6,0.43,0.489,0.2,0.202,92.21,92.35,76.96,92.35,0.072,2371,2.3,5.4,Shawn Kemp
1890,Shawn,1610612756,PHX,24.0,81,36,45,0.444,3107.508333333333,654,1395,0.469,48,122,0.393,191,226,0.845,211,592,803,163,144,149,86,63,214,0,1547,-10,3316.1,43,0,3031.0,1,2001-02,38.4,100.8,102.1,102.1,100.7,101.7,101.7,0.1,0.4,0.4,0.091,1.13,9.1,0.067,0.19,0.128,8.0,8.0,0.486,0.518,0.232,0.235,94.43,93.39,77.82,93.39,0.143,6028,8.1,17.2,Shawn Marion
1035,Shawnelle,1610612743,DEN,30.0,21,7,14,0.333,249.32833333333332,37,75,0.493,0,0,0.0,8,20,0.4,53,50,103,8,15,3,6,9,49,1,82,-27,229.6,0,0,211.0,1,2001-02,11.9,94.3,95.7,95.7,100.5,100.2,100.2,-6.2,-4.5,-4.5,0.056,0.53,7.6,0.172,0.195,0.182,14.3,14.0,0.493,0.489,0.161,0.167,94.44,93.85,78.21,93.85,0.077,485,1.8,3.6,Shawnelle Scott
2098,Slava,1610612747,LAL,23.0,71,50,21,0.704,725.3383333333334,145,304,0.477,0,4,0.0,41,62,0.661,85,73,158,43,42,29,11,23,119,0,331,80,663.1,0,0,612.0,1,2001-02,10.2,103.1,103.3,103.3,96.2,96.4,96.4,6.9,6.9,6.9,0.099,1.02,10.4,0.111,0.097,0.104,10.1,10.1,0.477,0.5,0.223,0.229,95.75,95.59,79.66,95.59,0.083,1435,2.0,4.3,Slava Medvedenko
2049,Speedy,1610612755,PHI,24.0,67,36,31,0.537,1529.9483333333333,181,452,0.4,4,33,0.121,114,136,0.838,46,114,160,198,95,95,6,50,145,0,480,-30,1177.0,0,0,1044.0,1,2001-02,22.8,97.2,96.8,96.8,98.7,97.3,97.3,-1.5,-0.5,-0.5,0.227,2.08,24.6,0.03,0.077,0.053,11.8,11.8,0.405,0.469,0.176,0.181,91.47,92.3,76.92,92.3,0.088,2934,2.7,6.7,Speedy Claxton
278,Stacey,1610612766,CHH,33.0,77,42,35,0.545,1316.2033333333334,141,329,0.429,0,3,0.0,77,101,0.762,60,166,226,103,54,56,12,15,115,2,359,107,934.7,0,0,824.0,1,2001-02,17.1,102.0,101.1,101.1,96.7,96.8,96.8,5.3,4.3,4.3,0.128,1.91,19.3,0.046,0.122,0.085,10.1,10.2,0.429,0.481,0.146,0.149,91.47,91.79,76.49,91.79,0.089,2517,1.8,4.3,Stacey Augmon
1536,Stephen,1610612759,SAS,24.0,23,14,9,0.609,225.9183333333333,34,91,0.374,9,36,0.25,12,17,0.706,3,23,26,11,23,15,3,4,29,0,89,-19,167.7,0,0,171.0,1,2001-02,9.8,92.2,90.4,90.4,95.4,95.1,95.1,-3.2,-4.8,-4.8,0.098,0.48,8.3,0.013,0.095,0.056,17.3,17.4,0.423,0.452,0.235,0.245,95.43,96.57,80.47,96.57,0.046,456,1.5,4.0,Stephen Jackson
950,Stephon,1610612756,PHX,25.0,82,36,46,0.439,3186.4733333333334,625,1413,0.442,71,248,0.286,353,452,0.781,75,191,266,666,284,77,13,92,186,1,1674,-95,2978.2,29,0,2857.0,1,2001-02,38.9,100.6,101.8,101.8,102.3,103.1,103.1,-1.7,-1.3,-1.3,0.355,2.35,26.0,0.023,0.061,0.041,11.1,11.1,0.467,0.519,0.262,0.265,94.61,93.7,78.08,93.7,0.123,6213,7.6,17.2,Stephon Marbury
1883,Steve,1610612745,HOU,25.0,57,26,31,0.456,2340.68,420,1007,0.417,68,210,0.324,326,422,0.773,102,299,401,362,221,71,25,71,172,1,1234,-53,2325.2,14,2,2257.0,1,2001-02,41.1,103.2,104.2,104.2,104.8,105.7,105.7,-1.6,-1.5,-1.5,0.281,1.64,20.4,0.045,0.128,0.087,12.4,12.4,0.451,0.517,0.278,0.281,91.27,90.46,75.38,90.46,0.127,4417,7.4,17.7,Steve Francis
1864,Steve,1610612751,NJN,26.0,9,7,2,0.778,49.435,2,10,0.2,0,0,0.0,1,2,0.5,1,4,5,5,3,1,2,4,10,0,5,-9,24.5,0,0,21.0,1,2001-02,5.5,92.0,85.6,85.6,97.7,96.8,96.8,-5.8,-11.3,-11.3,0.167,1.67,26.3,0.018,0.078,0.046,15.8,15.9,0.2,0.23,0.126,0.134,89.5,93.21,77.68,93.21,-0.039,97,0.2,1.1,Steve Goodrich
70,Steve,1610612757,POR,36.0,65,32,33,0.492,773.6183333333333,102,217,0.47,26,66,0.394,39,40,0.975,6,54,60,63,24,13,1,3,49,0,269,64,453.5,0,0,446.0,1,2001-02,11.9,103.1,102.5,102.5,99.8,98.4,98.4,3.3,4.1,4.1,0.134,2.63,19.9,0.008,0.07,0.039,7.6,7.5,0.53,0.573,0.147,0.154,91.84,92.79,77.32,92.79,0.087,1497,1.6,3.3,Steve Kerr
959,Steve,1610612742,DAL,28.0,82,57,25,0.695,2837.9483333333333,525,1088,0.483,156,343,0.455,260,293,0.887,50,204,254,634,229,53,4,44,164,0,1466,308,2663.8,20,0,2624.0,1,2001-02,34.6,110.2,110.7,110.7,105.0,105.2,105.2,5.2,5.5,5.5,0.355,2.77,30.8,0.018,0.07,0.045,11.1,11.0,0.554,0.602,0.223,0.23,95.79,95.45,79.54,95.45,0.136,5643,6.4,13.3,Steve Nash
2212,Steven,1610612753,ORL,20.0,53,27,26,0.509,514.0466666666666,67,147,0.456,0,0,0.0,55,94,0.585,40,57,97,5,16,5,43,19,81,0,189,-101,440.9,0,0,387.0,1,2001-02,9.7,96.8,94.6,94.6,104.0,103.6,103.6,-7.2,-9.0,-9.0,0.016,0.31,2.4,0.071,0.102,0.086,7.5,7.6,0.456,0.502,0.171,0.176,96.92,98.23,81.86,98.23,0.048,1049,1.3,2.8,Steven Hunter
120,Steven,1610612759,SAS,33.0,77,53,24,0.688,2212.1966666666667,310,682,0.455,116,246,0.472,159,181,0.878,45,148,193,151,108,54,15,33,158,1,895,295,1452.1,0,0,1493.0,1,2001-02,28.7,104.8,105.4,105.4,98.1,98.8,98.8,6.7,6.6,6.6,0.113,1.4,15.0,0.022,0.067,0.045,10.7,10.6,0.54,0.588,0.178,0.183,92.57,91.96,76.63,91.96,0.088,4245,4.0,8.9,Steven Smith
2031,Stromile,1610612763,MEM,22.0,68,19,49,0.279,1801.4166666666667,293,611,0.48,0,3,0.0,217,305,0.711,161,269,430,50,122,53,113,66,178,1,803,-309,1770.0,10,0,1615.0,1,2001-02,26.5,95.1,94.8,94.8,104.2,103.7,103.7,-9.1,-8.8,-8.8,0.052,0.41,5.4,0.09,0.143,0.117,13.2,13.3,0.48,0.539,0.216,0.219,93.06,93.41,77.84,93.41,0.108,3506,4.3,9.0,Stromile Swift
2347,Tang,1610612748,MIA,24.0,9,1,8,0.111,97.94666666666669,10,19,0.526,0,1,0.0,0,1,0.0,6,12,18,5,2,4,0,1,10,0,20,-3,59.1,0,0,51.0,1,2001-02,10.9,89.1,89.1,89.1,89.6,91.3,91.3,-0.5,-2.1,-2.1,0.088,2.5,19.2,0.06,0.125,0.092,7.7,7.6,0.526,0.514,0.1,0.103,90.77,89.93,74.94,89.93,0.102,184,1.1,2.1,Tang Hamilton
1505,Tariq,1610612742,DAL,27.0,24,12,12,0.5,442.4033333333333,55,147,0.374,1,2,0.5,24,33,0.727,41,43,84,24,27,20,10,19,56,0,135,-53,334.8,0,0,304.0,2,2001-02,18.4,98.3,99.6,99.6,106.1,105.3,105.3,-7.8,-5.6,-5.6,0.09,0.89,11.3,0.084,0.104,0.093,12.7,12.7,0.378,0.418,0.187,0.19,92.88,92.6,77.17,92.6,0.044,851,2.3,6.1,Tariq Abdul-Wahad
2242,Terence,1610612745,HOU,23.0,68,23,45,0.338,1115.2966666666666,111,289,0.384,15,78,0.192,18,28,0.643,77,134,211,64,45,21,27,22,72,0,255,-214,703.2,2,0,641.0,1,2001-02,16.4,97.3,97.5,97.5,108.4,107.7,107.7,-11.1,-10.2,-10.2,0.096,1.42,15.6,0.067,0.123,0.094,10.9,11.0,0.41,0.423,0.14,0.142,91.23,91.43,76.19,91.43,0.062,2126,1.6,4.3,Terence Morris
210,Terrell,1610612750,MIN,32.0,32,20,12,0.625,964.1883333333334,155,365,0.425,4,23,0.174,83,84,0.988,17,76,93,264,43,52,6,14,49,0,397,139,1035.6,8,0,874.0,1,2001-02,30.1,105.9,107.4,107.4,98.7,100.4,100.4,7.3,7.0,7.0,0.387,6.14,37.4,0.017,0.075,0.047,6.1,6.1,0.43,0.494,0.196,0.201,96.53,95.06,79.22,95.06,0.149,1912,4.8,11.4,Terrell Brandon
345,Terry,1610612759,SAS,39.0,72,52,20,0.722,1289.435,136,321,0.424,59,142,0.415,68,83,0.819,12,152,164,205,85,45,16,13,89,0,399,370,1001.3,0,0,949.0,1,2001-02,17.9,106.8,107.0,107.0,92.7,92.6,92.6,14.1,14.4,14.4,0.25,2.41,31.8,0.01,0.11,0.063,13.2,13.1,0.516,0.558,0.152,0.156,93.89,93.85,78.2,93.85,0.114,2524,1.9,4.5,Terry Porter
689,Theo,1610612737,ATL,29.0,3,0,3,0.0,82.15,10,20,0.5,0,0,0.0,6,11,0.545,5,11,16,1,7,1,8,1,8,0,26,-23,66.7,0,0,61.0,1,2001-02,27.4,84.2,82.9,82.9,95.4,98.8,98.8,-11.2,-15.8,-15.8,0.024,0.14,3.0,0.062,0.125,0.095,21.2,21.3,0.5,0.523,0.178,0.183,95.87,94.95,79.12,94.95,0.073,164,3.3,6.7,Theo Ratliff
2357,Tierre,1610612745,HOU,23.0,40,6,34,0.15,401.6216666666666,49,115,0.426,4,12,0.333,21,28,0.75,12,30,42,70,40,19,3,12,26,0,123,-138,304.4,0,0,283.0,1,2001-02,10.0,85.8,85.5,85.5,104.7,102.7,102.7,-18.9,-17.2,-17.2,0.341,1.75,29.4,0.026,0.081,0.051,16.8,16.9,0.443,0.483,0.184,0.188,92.12,93.22,77.69,93.22,0.088,778,1.2,2.9,Tierre Brown
1495,Tim,1610612759,SAS,26.0,82,58,24,0.707,3331.66,764,1504,0.508,1,10,0.1,560,701,0.799,268,774,1042,307,263,61,203,113,217,0,2089,561,4328.9,67,0,3967.0,1,2001-02,40.6,104.7,105.9,105.9,96.0,96.7,96.7,8.7,9.2,9.2,0.182,1.17,12.9,0.087,0.227,0.16,11.0,11.0,0.508,0.576,0.289,0.291,92.13,91.25,76.04,91.25,0.207,6324,9.3,18.3,Tim Duncan
896,Tim,1610612743,DEN,35.0,68,41,27,0.603,1600.0666666666666,226,620,0.365,123,354,0.347,77,97,0.794,14,110,124,278,111,57,10,10,109,0,652,-18,1307.8,0,0,1311.0,2,2001-02,23.5,104.4,104.8,104.8,106.0,105.7,105.7,-1.6,-0.9,-0.9,0.283,2.5,26.5,0.009,0.069,0.038,10.6,10.6,0.464,0.492,0.213,0.217,95.56,95.53,79.61,95.53,0.087,3189,3.3,9.1,Tim Hardaway
1906,Tim,1610612755,PHI,25.0,9,6,3,0.667,40.94,5,13,0.385,0,0,0.0,2,6,0.333,5,2,7,1,3,0,1,2,5,0,12,-16,21.9,0,0,22.0,1,2001-02,4.5,92.7,87.7,87.7,113.2,108.8,108.8,-20.4,-21.1,-21.1,0.048,0.33,5.0,0.104,0.061,0.086,15.0,15.3,0.385,0.384,0.184,0.195,89.95,94.38,78.65,94.38,-0.019,81,0.6,1.4,Tim James
1501,Tim,1610612749,MIL,25.0,74,38,36,0.514,1991.5633333333333,316,753,0.42,95,291,0.326,142,179,0.793,64,236,300,105,127,65,32,37,200,1,869,60,1550.5,0,0,1563.0,1,2001-02,26.9,104.1,104.2,104.2,102.9,102.9,102.9,1.3,1.3,1.3,0.091,0.83,9.9,0.034,0.116,0.076,12.0,11.9,0.483,0.522,0.219,0.225,92.02,92.02,76.68,92.02,0.083,3823,4.3,10.2,Tim Thomas
1928,Todd,1610612751,NJN,26.0,62,42,20,0.677,1501.425,247,465,0.531,0,0,0.0,110,164,0.671,157,221,378,78,66,24,89,67,181,0,604,189,1447.6,8,0,1286.0,1,2001-02,24.2,103.9,104.8,104.8,97.6,97.9,97.9,6.3,6.9,6.9,0.078,1.18,11.5,0.102,0.141,0.122,9.7,9.7,0.531,0.562,0.173,0.175,96.79,96.18,80.15,96.18,0.099,2999,4.0,7.5,Todd MacCulloch
339,Tom,1610612756,PHX,32.0,44,22,22,0.5,1133.835,127,301,0.422,3,9,0.333,28,37,0.757,59,162,221,77,61,39,30,15,116,1,285,-46,811.7,3,0,724.0,1,2001-02,25.8,97.8,98.3,98.3,99.0,99.8,99.8,-1.2,-1.5,-1.5,0.1,1.26,16.9,0.052,0.142,0.097,13.4,13.4,0.427,0.449,0.147,0.15,94.94,94.3,78.58,94.3,0.067,2221,2.9,6.8,Tom Gugliotta
389,Toni,1610612737,ATL,33.0,59,26,33,0.441,1495.585,211,504,0.419,53,171,0.31,109,153,0.712,43,175,218,209,113,48,17,26,91,0,584,-19,1241.1,2,0,1194.0,1,2001-02,25.3,101.7,102.2,102.2,103.5,104.1,104.1,-1.9,-1.9,-1.9,0.234,1.85,23.5,0.029,0.121,0.075,12.7,12.6,0.471,0.511,0.202,0.206,93.98,93.48,77.9,93.48,0.104,2930,3.6,8.5,Toni Kukoc
1499,Tony,1610612738,BOS,26.0,74,42,32,0.568,1820.495,211,390,0.541,0,2,0.0,88,130,0.677,184,297,481,35,51,60,67,27,219,0,510,121,1469.7,3,0,1280.0,1,2001-02,24.6,100.5,100.5,100.5,95.5,96.3,96.3,5.0,4.2,4.2,0.031,0.69,6.5,0.099,0.16,0.129,9.5,9.6,0.541,0.57,0.125,0.126,94.46,94.06,78.39,94.06,0.093,3553,2.9,5.3,Tony Battie
960,Tony,1610612738,BOS,28.0,63,32,31,0.508,1446.2766666666666,226,588,0.384,67,214,0.313,78,97,0.804,58,145,203,132,59,53,10,22,98,0,597,112,1168.6,1,0,1125.0,2,2001-02,23.0,104.3,103.6,103.6,100.2,99.6,99.6,4.2,4.1,4.1,0.146,2.24,16.1,0.037,0.101,0.068,7.2,7.2,0.441,0.473,0.204,0.21,95.95,96.56,80.47,96.56,0.09,2906,3.6,9.3,Tony Delk
763,Tony,1610612763,MEM,34.0,73,18,55,0.247,1244.9283333333333,159,349,0.456,1,1,1.0,84,117,0.718,100,224,324,26,65,30,31,35,174,1,403,-316,948.8,3,0,876.0,1,2001-02,17.1,94.2,93.8,93.8,107.7,107.1,107.1,-13.6,-13.3,-13.3,0.036,0.4,5.3,0.083,0.191,0.136,13.2,13.2,0.457,0.503,0.169,0.173,92.05,92.54,77.11,92.54,0.071,2402,2.2,4.8,Tony Massenburg
2225,Tony,1610612759,SAS,20.0,77,55,22,0.714,2271.1783333333333,268,639,0.419,61,189,0.323,108,160,0.675,33,164,197,334,151,89,7,42,166,1,705,173,1579.4,2,0,1489.0,1,2001-02,29.5,103.2,103.2,103.2,97.5,99.2,99.2,5.8,4.0,4.0,0.237,2.21,27.9,0.016,0.071,0.045,12.6,12.6,0.467,0.497,0.175,0.177,92.72,91.92,76.6,91.92,0.081,4349,3.5,8.3,Tony Parker
1503,Tracy,1610612753,ORL,23.0,76,43,33,0.566,2908.86,715,1586,0.451,103,283,0.364,415,555,0.748,150,446,596,400,189,119,73,79,139,0,1948,295,3650.2,24,1,3431.0,1,2001-02,38.3,106.5,108.1,108.1,101.9,102.9,102.9,4.6,5.1,5.1,0.25,2.12,16.5,0.051,0.153,0.101,7.8,7.8,0.483,0.532,0.31,0.311,95.73,94.54,78.78,94.54,0.165,5729,9.4,20.9,Tracy McGrady
145,Tracy,1610612761,TOR,30.0,40,18,22,0.45,472.82666666666665,85,207,0.411,40,104,0.385,17,21,0.81,18,35,53,19,25,11,8,10,38,0,227,-52,351.1,0,0,377.0,1,2001-02,11.8,98.7,97.9,97.9,106.4,105.7,105.7,-7.6,-7.8,-7.8,0.074,0.76,7.3,0.036,0.081,0.057,9.6,9.6,0.507,0.525,0.225,0.231,91.42,92.08,76.73,92.08,0.075,916,2.1,5.2,Tracy Murray
1892,Trajan,1610612739,CLE,26.0,44,12,32,0.273,476.70166666666665,70,176,0.398,27,74,0.365,42,46,0.913,13,42,55,60,40,13,5,9,49,0,209,6,379.0,0,0,387.0,1,2001-02,10.8,96.9,96.6,96.6,97.0,95.6,95.6,-0.1,0.9,0.9,0.221,1.5,20.5,0.026,0.089,0.057,13.7,13.5,0.474,0.533,0.211,0.218,96.1,96.92,80.76,96.92,0.098,961,1.6,4.0,Trajan Langdon
696,Travis,1610612741,CHI,29.0,74,30,44,0.405,1750.118333333333,228,518,0.44,21,59,0.356,104,116,0.897,20,131,151,324,99,89,7,22,173,0,581,-132,1437.2,0,0,1269.0,2,2001-02,23.7,100.3,100.8,100.8,104.9,104.6,104.6,-4.6,-3.8,-3.8,0.301,3.27,32.7,0.012,0.078,0.045,10.0,10.0,0.46,0.511,0.174,0.177,92.81,92.7,77.25,92.7,0.101,3379,3.1,7.0,Travis Best
969,Travis,1610612752,NYK,27.0,49,19,30,0.388,429.8983333333333,41,113,0.363,0,0,0.0,16,21,0.762,48,56,104,8,27,11,10,6,95,0,98,-91,270.8,0,0,252.0,1,2001-02,8.8,89.6,89.0,89.0,100.0,98.8,98.8,-10.4,-9.8,-9.8,0.034,0.3,5.1,0.105,0.13,0.117,17.1,17.2,0.363,0.401,0.158,0.162,90.36,91.22,76.02,91.22,0.003,811,0.8,2.3,Travis Knight
1762,Tremaine,1610612746,LAC,26.0,22,11,11,0.5,340.62166666666667,25,64,0.391,0,0,0.0,24,31,0.774,32,32,64,17,13,11,1,8,39,0,74,-52,199.3,0,0,179.0,1,2001-02,15.5,98.5,100.5,100.5,107.5,107.6,107.6,-9.0,-7.1,-7.1,0.076,1.31,15.6,0.089,0.104,0.096,11.9,12.1,0.391,0.477,0.119,0.119,91.24,90.33,75.27,90.33,0.047,638,1.1,2.9,Tremaine Fowlkes
2239,Trenton,1610612741,CHI,23.0,78,21,57,0.269,2235.5783333333334,267,628,0.425,60,165,0.364,87,114,0.763,65,190,255,172,101,55,44,27,184,0,681,-464,1441.0,0,0,1366.0,1,2001-02,28.7,96.7,97.4,97.4,107.1,107.9,107.9,-10.3,-10.6,-10.6,0.13,1.7,18.1,0.029,0.09,0.059,10.6,10.6,0.473,0.502,0.159,0.161,92.72,92.04,76.7,92.04,0.066,4281,3.4,8.1,Trenton Hassell
1607,Troy,1610612753,ORL,26.0,81,43,38,0.531,1857.9116666666664,354,815,0.434,66,187,0.353,176,201,0.876,30,115,145,255,163,57,6,36,119,0,950,-34,1532.5,0,0,1542.0,1,2001-02,22.9,102.9,101.8,101.8,104.4,103.7,103.7,-1.5,-1.9,-1.9,0.236,1.56,19.4,0.016,0.061,0.039,12.4,12.3,0.475,0.526,0.249,0.257,96.0,96.9,80.75,96.9,0.103,3769,4.4,10.1,Troy Hudson
2211,Troy,1610612744,GSW,22.0,82,21,61,0.256,1450.3916666666669,178,423,0.421,3,9,0.333,121,156,0.776,99,223,322,70,84,36,21,28,217,1,480,-196,1058.4,3,0,989.0,1,2001-02,17.7,98.3,98.9,98.9,106.4,106.1,106.1,-8.1,-7.3,-7.3,0.08,0.83,10.9,0.065,0.158,0.11,13.1,13.0,0.424,0.488,0.168,0.172,95.92,95.74,79.79,95.74,0.063,2900,2.2,5.2,Troy Murphy
238,Tyrone,1610612739,CLE,34.0,26,11,15,0.423,809.255,71,182,0.39,0,1,0.0,67,103,0.65,79,195,274,23,48,17,13,31,102,0,209,-42,614.3,9,0,566.0,1,2001-02,31.1,104.1,105.2,105.2,105.7,107.9,107.9,-1.6,-2.7,-2.7,0.043,0.48,7.7,0.099,0.254,0.175,16.0,16.1,0.39,0.46,0.152,0.153,93.43,92.0,76.66,92.0,0.071,1551,2.7,7.0,Tyrone Hill
1838,Tyrone,1610612764,WAS,26.0,70,30,40,0.429,1499.4233333333334,183,421,0.435,13,47,0.277,64,93,0.688,105,213,318,91,49,61,22,22,164,0,443,-20,1161.1,4,0,1031.0,1,2001-02,21.4,100.9,99.7,99.7,101.4,100.3,100.3,-0.6,-0.6,-0.6,0.099,1.86,15.1,0.069,0.15,0.109,8.2,8.1,0.45,0.48,0.152,0.157,90.52,91.56,76.3,91.56,0.087,2859,2.6,6.0,Tyrone Nesby
1731,Tyronn,1610612764,WAS,25.0,71,33,38,0.465,1462.1083333333331,222,520,0.427,63,141,0.447,48,63,0.762,14,108,122,246,96,49,0,34,120,1,555,-24,1121.4,0,0,1084.0,1,2001-02,20.6,99.7,99.4,99.4,100.5,100.0,100.0,-0.8,-0.7,-0.7,0.293,2.56,27.7,0.01,0.072,0.041,10.8,10.8,0.488,0.507,0.199,0.205,90.72,91.08,75.9,91.08,0.102,2772,3.1,7.3,Tyronn Lue
2199,Tyson,1610612741,CHI,19.0,71,19,52,0.268,1392.8166666666666,151,304,0.497,0,0,0.0,134,222,0.604,114,229,343,54,99,28,93,21,179,1,436,-212,1192.6,7,0,1075.0,1,2001-02,19.6,97.3,97.3,97.3,104.4,104.4,104.4,-7.1,-7.1,-7.1,0.063,0.55,9.7,0.086,0.165,0.126,17.8,17.8,0.497,0.543,0.162,0.164,94.53,94.53,78.78,94.53,0.072,2734,2.1,4.3,Tyson Chandler
2349,Victor,1610612765,DET,32.0,14,7,7,0.5,95.45666666666666,18,51,0.353,0,2,0.0,4,8,0.5,7,22,29,6,5,0,1,0,6,0,40,7,81.8,0,0,77.0,1,2001-02,6.8,103.9,99.5,99.5,99.3,96.9,96.9,4.6,2.6,2.6,0.105,1.2,9.1,0.071,0.216,0.144,7.6,7.6,0.353,0.367,0.269,0.28,94.27,97.55,81.29,97.55,0.074,195,1.3,3.6,Victor Alexander
452,Vin,1610612760,SEA,30.0,55,26,29,0.473,1710.5783333333334,315,649,0.485,1,8,0.125,143,226,0.633,168,182,350,72,127,22,36,60,197,2,774,-26,1349.0,2,0,1313.0,1,2001-02,31.1,103.6,104.9,104.9,105.0,105.9,105.9,-1.4,-1.0,-1.0,0.071,0.57,7.6,0.101,0.112,0.106,13.4,13.4,0.486,0.517,0.232,0.235,91.67,90.69,75.58,90.69,0.074,3235,5.7,11.8,Vin Baker
1713,Vince,1610612761,TOR,25.0,60,30,30,0.5,2385.645,559,1307,0.428,121,313,0.387,245,307,0.798,138,175,313,239,154,94,45,37,191,0,1484,68,2481.1,5,0,2435.0,1,2001-02,39.8,101.3,102.5,102.5,99.8,101.1,101.1,1.5,1.5,1.5,0.19,1.55,13.2,0.056,0.074,0.065,8.5,8.4,0.474,0.515,0.295,0.302,92.26,91.15,75.95,91.15,0.125,4531,9.3,21.8,Vince Carter
219,Vinny,1610612756,PHX,35.0,2,1,1,0.5,5.1883333333333335,1,4,0.25,0,0,0.0,0,0,0.0,0,0,0,2,0,0,0,0,0,0,2,-1,5.0,0,0,4.0,1,2001-02,2.6,121.5,120.0,120.0,124.5,130.0,130.0,-3.1,-10.0,-10.0,0.667,0.0,33.3,0.0,0.0,0.0,0.0,0.0,0.25,0.25,0.364,0.405,94.0,92.52,77.1,92.52,0.042,10,0.5,2.0,Vinny Del Negro
958,Vitaly,1610612738,BOS,27.0,79,47,32,0.595,1343.775,137,301,0.455,0,0,0.0,89,120,0.742,167,180,347,30,63,37,18,32,174,1,363,-49,926.4,5,0,850.0,1,2001-02,17.0,98.4,97.6,97.6,99.4,99.1,99.1,-0.9,-1.5,-1.5,0.038,0.48,6.7,0.118,0.132,0.125,14.0,14.1,0.455,0.513,0.139,0.141,94.6,95.12,79.27,95.12,0.065,2658,1.7,3.8,Vitaly Potapenko
124,Vlade,1610612758,SAC,34.0,80,59,21,0.738,2418.168333333333,338,716,0.472,3,13,0.231,209,340,0.615,205,466,671,297,158,79,94,62,229,2,888,465,2499.7,24,1,2205.0,1,2001-02,30.2,105.8,107.1,107.1,96.6,97.2,97.2,9.2,10.0,10.0,0.177,1.88,22.4,0.085,0.181,0.134,11.9,12.0,0.474,0.513,0.185,0.186,98.09,97.19,81.0,97.19,0.113,4885,4.2,9.0,Vlade Divac
2209,Vladimir,1610612760,SEA,21.0,61,31,30,0.508,1234.95,146,354,0.412,66,157,0.42,49,72,0.681,45,185,230,81,72,56,24,28,119,0,407,69,972.5,0,0,944.0,1,2001-02,20.2,104.3,104.1,104.1,100.9,100.8,100.8,3.4,3.3,3.3,0.1,1.13,15.0,0.038,0.154,0.096,13.3,13.4,0.506,0.528,0.17,0.172,92.33,92.41,77.01,92.41,0.084,2373,2.4,5.8,Vladimir Radmanovic
1735,Vladimir,1610612748,MIA,26.0,67,31,36,0.463,883.34,117,249,0.47,1,2,0.5,50,104,0.481,100,170,270,16,52,24,44,22,103,4,285,-85,785.0,2,0,708.0,1,2001-02,13.2,92.6,91.6,91.6,97.3,96.1,96.1,-4.7,-4.5,-4.5,0.033,0.31,4.4,0.112,0.205,0.157,14.3,14.3,0.472,0.483,0.18,0.185,90.11,91.15,75.96,91.15,0.098,1672,1.7,3.7,Vladimir Stepania
1907,Vonteego,1610612755,PHI,26.0,58,31,27,0.534,495.1133333333333,78,187,0.417,12,46,0.261,24,32,0.75,14,38,52,60,36,18,5,12,53,0,192,-109,377.4,0,0,362.0,1,2001-02,8.5,93.9,91.3,91.3,106.4,102.3,102.3,-12.5,-11.0,-11.0,0.23,1.67,20.3,0.028,0.081,0.054,12.2,12.1,0.449,0.477,0.205,0.215,93.22,96.37,80.3,96.37,0.077,994,1.3,3.2,Vonteego Cummings
702,Voshon,1610612743,DEN,29.0,71,21,50,0.296,1656.4266666666667,315,769,0.41,89,240,0.371,94,120,0.783,38,145,183,130,91,59,25,61,105,0,813,-177,1388.6,0,0,1383.0,1,2001-02,23.3,98.6,100.1,100.1,105.8,106.2,106.2,-7.2,-6.1,-6.1,0.144,1.43,12.5,0.022,0.092,0.055,8.7,8.7,0.467,0.495,0.243,0.246,93.31,92.48,77.07,92.48,0.094,3200,4.4,10.8,Voshon Lenard
1887,Wally,1610612750,MIN,25.0,82,50,32,0.61,3120.6266666666666,609,1200,0.508,87,191,0.455,226,272,0.831,120,271,391,257,181,66,21,65,188,0,1531,278,2465.7,5,0,2440.0,1,2001-02,38.1,107.0,108.1,108.1,101.9,103.6,103.6,5.1,4.5,4.5,0.133,1.42,14.6,0.04,0.086,0.063,10.3,10.3,0.544,0.58,0.214,0.217,93.49,92.23,76.86,92.23,0.112,6000,7.4,14.6,Wally Szczerbiak
1005,Walt,1610612745,HOU,32.0,48,16,32,0.333,1118.61,166,396,0.419,78,183,0.426,40,51,0.784,37,125,162,69,53,18,10,27,106,1,450,-66,778.9,0,0,815.0,1,2001-02,23.3,101.9,103.6,103.6,105.9,106.4,106.4,-4.0,-2.8,-2.8,0.107,1.3,12.9,0.033,0.114,0.073,9.9,9.8,0.518,0.538,0.19,0.195,91.93,90.99,75.83,90.99,0.077,2117,3.5,8.3,Walt Williams
962,Walter,1610612738,BOS,28.0,56,33,23,0.589,719.3183333333334,80,180,0.444,39,99,0.394,13,19,0.684,32,96,128,41,22,18,7,6,83,0,212,-41,480.1,1,0,470.0,1,2001-02,12.8,101.2,99.2,99.2,100.7,100.3,100.3,0.5,-1.0,-1.0,0.097,1.86,16.3,0.044,0.132,0.088,8.7,8.8,0.553,0.563,0.13,0.135,96.28,97.43,81.19,97.43,0.076,1447,1.4,3.2,Walter McCarty
1917,Wang,1610612742,DAL,24.0,55,38,17,0.691,594.3766666666667,109,248,0.44,48,116,0.414,42,57,0.737,19,92,111,22,25,11,18,12,84,0,308,73,536.2,0,0,547.0,1,2001-02,10.8,109.3,107.1,107.1,103.4,101.2,101.2,5.9,5.9,5.9,0.063,0.88,6.8,0.031,0.155,0.092,7.8,7.8,0.536,0.564,0.218,0.224,94.92,96.99,80.82,96.99,0.092,1202,2.0,4.5,Wang Zhi-zhi
445,Wesley,1610612739,CLE,31.0,78,29,49,0.372,2793.076666666667,467,944,0.495,143,322,0.444,99,124,0.798,50,244,294,173,74,77,37,29,93,0,1176,-42,2056.3,2,0,2014.0,1,2001-02,35.8,104.7,105.9,105.9,105.2,106.8,106.8,-0.5,-0.9,-0.9,0.103,2.34,14.1,0.019,0.089,0.054,6.0,5.9,0.57,0.589,0.17,0.176,93.43,92.17,76.8,92.17,0.107,5366,6.0,12.1,Wesley Person
2226,Will,1610612763,MEM,23.0,62,15,47,0.242,883.1916666666667,113,331,0.341,46,162,0.284,49,73,0.671,12,56,68,92,62,35,7,22,76,0,321,-104,604.6,0,0,611.0,1,2001-02,14.2,95.5,94.7,94.7,102.3,100.5,100.5,-6.8,-5.7,-5.7,0.189,1.48,17.9,0.013,0.063,0.037,12.1,12.0,0.411,0.442,0.208,0.215,92.94,94.16,78.47,94.16,0.05,1730,1.8,5.3,Will Solomon
1895,William,1610612750,MIN,22.0,28,17,11,0.607,260.3566666666667,26,90,0.289,6,35,0.171,13,19,0.684,4,20,24,36,19,7,0,9,17,0,71,-19,155.8,0,0,151.0,1,2001-02,9.3,97.7,95.3,95.3,99.6,98.1,98.1,-1.9,-2.7,-2.7,0.217,1.89,23.5,0.015,0.073,0.044,12.4,12.4,0.322,0.361,0.195,0.205,93.53,95.41,79.51,95.41,0.038,515,0.9,3.2,William Avery
2216,Zach,1610612757,POR,20.0,41,22,19,0.537,237.20166666666665,48,107,0.449,0,0,0.0,18,27,0.667,30,38,68,13,15,7,4,13,29,0,114,-19,233.1,0,0,217.0,1,2001-02,5.8,101.6,98.7,98.7,105.3,100.8,100.8,-3.7,-2.1,-2.1,0.103,0.87,8.9,0.13,0.17,0.15,10.3,10.2,0.449,0.479,0.242,0.253,93.64,97.03,80.86,97.03,0.097,475,1.2,2.6,Zach Randolph
1442,Zeljko,1610612765,DET,30.0,74,46,28,0.622,1178.4916666666666,189,374,0.505,0,0,0.0,135,175,0.771,84,206,290,38,84,28,73,29,192,1,513,62,1137.0,1,0,1043.0,1,2001-02,15.9,103.6,102.5,102.5,100.2,99.7,99.7,3.4,2.8,2.8,0.056,0.45,6.6,0.084,0.174,0.133,14.5,14.7,0.505,0.569,0.213,0.217,91.51,92.25,76.88,92.25,0.101,2264,2.6,5.1,Zeljko Rebraca
1985,Zendon,1610612743,DEN,27.0,54,17,37,0.315,846.24,103,245,0.42,0,0,0.0,118,181,0.652,110,143,253,14,60,21,18,46,104,2,324,-222,705.6,5,0,669.0,1,2001-02,15.7,95.6,96.7,96.7,110.3,110.2,110.2,-14.6,-13.4,-13.4,0.029,0.23,3.5,0.122,0.188,0.152,15.0,15.1,0.42,0.499,0.196,0.199,93.75,93.28,77.73,93.28,0.074,1644,1.9,4.5,Zendon Hamilton
980,Zydrunas,1610612739,CLE,27.0,62,23,39,0.371,1330.2333333333331,241,567,0.425,0,5,0.0,208,276,0.754,136,198,334,70,94,17,84,42,187,2,690,-97,1404.8,6,0,1296.0,1,2001-02,21.5,104.2,105.6,105.6,108.3,108.8,108.8,-4.1,-3.3,-3.3,0.096,0.74,8.1,0.107,0.16,0.133,10.9,11.0,0.425,0.501,0.27,0.272,91.4,90.57,75.48,90.57,0.091,2503,3.9,9.1,Zydrunas Ilgauskas
