PLAYER_ID,PLAYER_NAME,NICKNAME,TEAM_ID,TEAM_ABBREVIATION,AGE,GP,W,L,W_PCT,MIN_trad,FGM,FGA,FG_PCT,FG3M,FG3A,FG3_PCT,FTM,FTA,FT_PCT,OREB,DREB,REB,AST,TOV,STL,BLK,BLKA,PF,PFD,PTS,PLUS_MINUS,NBA_FANTASY_PTS,DD2,TD3,WNBA_FANTASY_PTS,TEAM_COUNT,SEASON,MIN_adv,E_OFF_RATING,OFF_RATING,sp_work_OFF_RATING,E_DEF_RATING,DEF_RATING,sp_work_DEF_RATING,E_NET_RATING,NET_RATING,sp_work_NET_RATING,AST_PCT,AST_TO,AST_RATIO,OREB_PCT,DREB_PCT,REB_PCT,TM_TOV_PCT,E_TOV_PCT,EFG_PCT,TS_PCT,USG_PCT,E_USG_PCT,E_PACE,PACE,PACE_PER40,sp_work_PACE,PIE,POSS,FGM_PG,FGA_PG
2062,A.J. Guyton,A.J.,1610612744,GSW,25.0,2,1,1,0.5,8.533333333333333,0,4,0.0,0,1,0.0,0,0,0.0,0,0,0,2,1,1,0,1,0,0,0,-2,5.0,0,0,4.0,1,2002-03,4.3,94.9,87.5,87.5,98.8,100.0,100.0,-3.9,-12.5,-12.5,0.4,2.0,28.6,0.0,0.0,0.0,14.3,14.3,0.0,0.0,0.263,0.282,87.08,90.0,75.0,90.0,-0.075,16,0.0,2.0
243,Aaron McKie,Aaron,1610612755,PHI,30.0,80,47,33,0.588,2377.64,286,666,0.429,37,112,0.33,112,134,0.836,61,289,350,278,109,131,9,72,177,1,721,204,1869.0,1,0,1666.0,1,2002-03,29.7,102.4,102.5,102.5,98.4,97.7,97.7,4.0,4.7,4.7,0.185,2.55,25.0,0.026,0.128,0.076,9.8,9.8,0.457,0.497,0.155,0.158,94.25,94.5,78.75,94.5,0.103,4672,3.6,8.3
1425,Aaron Williams,Aaron,1610612751,NJN,31.0,81,49,32,0.605,1601.378333333333,199,439,0.453,0,1,0.0,102,130,0.785,137,194,331,88,85,27,57,46,206,0,500,52,1196.2,1,0,1087.0,1,2002-03,19.8,97.7,98.1,98.1,96.8,96.2,96.2,0.9,1.9,1.9,0.092,1.04,13.2,0.087,0.119,0.103,12.7,12.7,0.453,0.504,0.162,0.165,93.23,93.35,77.8,93.35,0.074,3111,2.5,5.4
2492,Adam Harrington,Adam,1610612743,DEN,22.0,19,13,6,0.684,109.62166666666668,11,37,0.297,5,14,0.357,3,4,0.75,1,7,8,12,2,2,1,3,8,0,30,-35,64.6,0,0,61.0,2,2002-03,5.8,95.6,94.9,94.9,111.5,107.6,107.6,-15.8,-12.7,-12.7,0.176,6.0,22.6,0.008,0.071,0.037,3.8,3.8,0.365,0.387,0.163,0.167,94.07,96.11,80.09,96.11,0.042,216,0.6,1.9
1502,Adonal Foyle,Adonal,1610612744,GSW,28.0,82,38,44,0.463,1786.2066666666667,185,345,0.536,0,1,0.0,70,104,0.673,176,314,490,37,73,40,205,24,214,0,440,72,1745.5,4,0,1457.0,1,2002-03,21.8,106.3,106.4,106.4,102.6,103.8,103.8,3.6,2.6,2.6,0.032,0.51,7.4,0.098,0.161,0.131,14.6,14.6,0.536,0.563,0.111,0.113,95.94,95.37,79.48,95.37,0.092,3539,2.3,4.2
1559,Adrian Griffin,Adrian,1610612742,DAL,28.0,74,56,18,0.757,1369.8666666666666,146,337,0.433,6,24,0.25,27,32,0.844,88,176,264,105,47,77,6,16,157,0,325,185,1001.3,0,0,866.0,1,2002-03,18.5,105.8,105.5,105.5,97.7,98.1,98.1,8.0,7.4,7.4,0.111,2.23,20.8,0.063,0.129,0.096,9.3,9.3,0.442,0.463,0.129,0.131,95.8,95.75,79.79,95.75,0.07,2724,2.0,4.6
1733,Al Harrington,Al,1610612754,IND,23.0,82,48,34,0.585,2467.776666666666,389,896,0.434,13,46,0.283,211,274,0.77,159,352,511,125,163,71,33,83,280,2,1002,154,1951.7,10,0,1859.0,1,2002-03,30.1,100.8,102.1,102.1,98.1,98.9,98.9,2.8,3.1,3.1,0.089,0.77,9.6,0.066,0.144,0.105,12.5,12.5,0.441,0.493,0.215,0.218,93.13,92.16,76.8,92.16,0.085,4741,4.7,10.9
673,Alan Henderson,Alan,1610612737,ATL,30.0,82,35,47,0.427,1493.645,153,327,0.468,0,2,0.0,88,138,0.638,156,242,398,41,61,33,32,22,168,2,394,-212,1067.1,2,0,963.0,1,2002-03,18.2,97.3,96.4,96.4,104.5,103.9,103.9,-7.2,-7.5,-7.5,0.046,0.67,8.3,0.105,0.157,0.132,12.4,12.5,0.468,0.508,0.131,0.135,93.63,94.35,78.63,94.35,0.078,2940,1.9,4.0
275,Allan Houston,Allan,1610612752,NYK,32.0,82,37,45,0.451,3109.793333333333,652,1465,0.445,178,450,0.396,363,395,0.919,26,205,231,220,178,54,7,50,191,0,1845,-31,2457.2,0,0,2596.0,1,2002-03,37.9,102.6,103.8,103.8,104.2,104.3,104.3,-1.6,-0.5,-0.5,0.129,1.24,10.9,0.008,0.07,0.038,8.8,8.7,0.506,0.563,0.262,0.269,93.79,93.15,77.63,93.15,0.11,6034,8.0,17.9
947,Allen Iverson,Allen,1610612755,PHI,28.0,82,48,34,0.585,3484.07,804,1940,0.414,84,303,0.277,570,736,0.774,68,276,344,454,286,225,13,96,149,0,2262,184,3783.8,6,0,3620.0,1,2002-03,42.5,102.2,103.3,103.3,100.4,100.6,100.6,1.8,2.7,2.7,0.248,1.59,15.1,0.02,0.085,0.052,9.5,9.5,0.436,0.5,0.324,0.327,94.5,93.9,78.25,93.9,0.137,6814,9.8,23.7
2228,Alton Ford,Alton,1610612756,PHX,22.0,11,3,8,0.273,29.18166666666667,3,9,0.333,0,0,0.0,1,3,0.333,0,6,6,1,2,0,0,1,7,0,7,-7,13.7,0,0,14.0,1,2002-03,2.7,83.8,85.7,85.7,100.5,95.3,95.3,-16.7,-9.6,-9.6,0.071,0.5,7.7,0.0,0.194,0.091,15.4,15.0,0.333,0.339,0.174,0.183,102.9,104.45,87.04,104.45,-0.038,63,0.3,0.8
1541,Alvin Williams,Alvin,1610612761,TOR,28.0,78,24,54,0.308,2642.346666666667,396,905,0.438,48,146,0.329,187,239,0.782,55,190,245,416,128,111,21,35,170,0,1027,-255,2213.0,2,0,2000.0,1,2002-03,33.9,99.9,101.2,101.2,105.6,106.2,106.2,-5.7,-5.0,-5.0,0.266,3.25,26.9,0.02,0.077,0.047,8.3,8.2,0.464,0.508,0.193,0.197,92.32,91.44,76.2,91.44,0.11,5033,5.1,11.6
1043,Amal McCaskill,Amal,1610612737,ATL,29.0,11,4,7,0.364,69.805,4,17,0.235,0,0,0.0,3,4,0.75,7,15,22,5,2,3,1,2,13,0,11,-16,54.9,0,0,46.0,1,2002-03,6.3,95.3,89.4,89.4,104.5,105.2,105.2,-9.2,-15.8,-15.8,0.119,2.5,19.2,0.09,0.205,0.146,7.7,7.8,0.235,0.293,0.127,0.135,92.18,94.89,79.08,94.89,0.041,141,0.4,1.5
2405,Amar'e Stoudemire,Amar'e,1610612756,PHX,20.0,82,44,38,0.537,2569.938333333333,392,830,0.472,2,10,0.2,320,484,0.661,250,471,721,78,189,62,87,104,269,3,1106,8,2346.2,25,0,2205.0,1,2002-03,31.3,100.5,102.2,102.2,101.4,101.6,101.6,-0.8,0.6,0.6,0.05,0.41,6.0,0.096,0.182,0.139,14.5,14.4,0.473,0.53,0.211,0.214,94.47,93.57,77.98,93.57,0.102,4999,4.8,10.1
1889,Andre Miller,Andre,1610612746,LAC,27.0,80,27,53,0.338,2913.228333333333,377,928,0.406,23,108,0.213,311,391,0.795,84,232,316,537,206,99,11,72,203,0,1088,-293,2396.7,12,1,2184.0,1,2002-03,36.4,99.7,101.1,101.1,105.0,105.9,105.9,-5.3,-4.8,-4.8,0.309,2.61,29.2,0.029,0.079,0.054,11.2,11.2,0.419,0.495,0.199,0.201,94.96,93.91,78.26,93.91,0.103,5690,4.7,11.6
1905,Andrei Kirilenko,Andrei,1610612762,UTA,22.0,80,46,34,0.575,2214.185,315,642,0.491,37,114,0.325,296,370,0.8,147,273,420,138,136,118,175,36,185,0,963,94,2417.0,4,0,2144.0,1,2002-03,27.7,102.7,102.5,102.5,100.7,100.4,100.4,2.0,2.1,2.1,0.11,1.01,12.8,0.073,0.128,0.101,12.6,12.6,0.519,0.598,0.189,0.194,92.2,92.4,77.0,92.4,0.145,4264,3.9,8.0
692,Andrew DeClercq,Andrew,1610612753,ORL,30.0,77,38,39,0.494,1329.6083333333331,149,279,0.534,0,0,0.0,67,104,0.644,142,197,339,52,84,39,36,37,258,3,365,104,990.8,1,0,906.0,1,2002-03,17.3,102.3,103.0,103.0,97.7,97.9,97.9,4.6,5.1,5.1,0.061,0.62,11.3,0.106,0.155,0.13,18.3,18.2,0.534,0.562,0.135,0.137,94.57,94.15,78.46,94.15,0.06,2593,1.9,3.6
358,Anfernee Hardaway,Anfernee,1610612756,PHX,31.0,58,34,24,0.586,1776.82,256,573,0.447,26,73,0.356,77,97,0.794,66,192,258,235,145,66,26,26,150,0,615,22,1408.1,5,1,1318.0,1,2002-03,30.6,99.2,100.6,100.6,98.8,99.6,99.6,0.4,1.0,1.0,0.21,1.62,23.7,0.038,0.108,0.073,14.6,14.6,0.469,0.499,0.19,0.192,94.49,93.43,77.86,93.43,0.095,3452,4.4,9.9
1738,Ansu Sesay,Ansu,1610612760,SEA,26.0,45,21,24,0.467,445.24,41,107,0.383,0,0,0.0,12,21,0.571,34,39,73,23,25,14,5,10,62,0,94,-100,248.1,0,0,228.0,1,2002-03,9.9,86.3,83.6,83.6,93.9,93.0,93.0,-7.6,-9.4,-9.4,0.097,0.92,13.9,0.07,0.083,0.076,15.2,15.2,0.383,0.404,0.142,0.149,91.32,93.2,77.67,93.2,0.027,854,0.9,2.4
1712,Antawn Jamison,Antawn,1610612744,GSW,27.0,82,38,44,0.463,3229.3083333333334,691,1471,0.47,65,209,0.311,375,475,0.789,195,383,578,156,177,76,45,64,197,0,1822,-111,2935.6,18,0,2863.0,1,2002-03,39.4,105.3,106.4,106.4,107.6,108.5,108.5,-2.3,-2.1,-2.1,0.085,0.88,7.7,0.057,0.113,0.085,8.8,8.8,0.492,0.542,0.241,0.244,97.12,96.19,80.16,96.19,0.116,6482,8.4,17.9
1853,Anthony Carter,Anthony,1610612748,MIA,28.0,49,11,38,0.224,913.4633333333334,83,233,0.356,0,8,0.0,33,50,0.66,12,71,83,203,81,45,5,13,70,0,199,-138,672.1,2,0,585.0,1,2002-03,18.6,93.2,93.1,93.1,100.4,100.5,100.5,-7.2,-7.4,-7.4,0.366,2.51,37.6,0.013,0.081,0.047,15.0,15.0,0.356,0.39,0.169,0.171,93.3,93.32,77.77,93.32,0.075,1773,1.7,4.8
924,Anthony Goldwire,Anthony,1610612764,WAS,31.0,15,9,6,0.6,86.28333333333333,9,25,0.36,3,9,0.333,4,7,0.571,0,6,6,4,6,3,0,2,6,0,25,-45,41.2,0,0,44.0,2,2002-03,5.8,81.7,78.2,78.2,102.5,103.5,103.5,-20.8,-25.3,-25.3,0.1,0.67,10.5,0.0,0.067,0.033,15.8,15.8,0.42,0.445,0.173,0.184,93.57,95.13,79.27,95.13,0.032,170,0.6,1.7
1533,Anthony Johnson,Anthony,1610612751,NJN,28.0,66,41,25,0.621,842.83,103,231,0.446,13,35,0.371,51,74,0.689,13,65,78,86,41,37,5,15,93,0,270,11,577.6,0,0,531.0,1,2002-03,12.8,93.3,91.3,91.3,91.8,91.1,91.1,1.6,0.3,0.3,0.183,2.1,22.0,0.016,0.078,0.047,10.5,10.5,0.474,0.512,0.165,0.171,91.16,92.52,77.1,92.52,0.085,1628,1.6,3.5
193,Anthony Mason,Anthony,1610612749,MIL,36.0,65,33,32,0.508,2117.4533333333334,191,393,0.486,0,1,0.0,84,117,0.718,90,326,416,209,79,32,12,35,147,0,466,-154,1331.7,8,0,1179.0,1,2002-03,32.6,104.8,105.4,105.4,108.1,109.1,109.1,-3.2,-3.7,-3.7,0.15,2.65,28.3,0.045,0.162,0.104,10.7,10.8,0.486,0.524,0.116,0.117,92.89,92.19,76.83,92.19,0.085,4065,2.9,6.0
324,Anthony Peeler,Anthony,1610612750,MIN,33.0,82,51,31,0.622,2243.258333333333,252,609,0.414,87,212,0.41,39,50,0.78,40,201,241,244,82,72,13,32,161,0,630,39,1458.2,0,0,1372.0,1,2002-03,27.4,104.3,104.4,104.4,102.7,103.2,103.2,1.7,1.3,1.3,0.158,2.98,25.5,0.018,0.086,0.054,8.6,8.6,0.485,0.499,0.142,0.145,94.83,94.56,78.8,94.56,0.073,4411,3.1,7.4
2541,Antoine Rigaudeau,Antoine,1610612742,DAL,31.0,11,8,3,0.727,89.39333333333333,8,35,0.229,1,5,0.2,0,0,0.0,4,4,8,6,6,3,0,1,11,0,17,-60,38.6,0,0,38.0,1,2002-03,8.1,77.0,76.0,76.0,110.7,109.0,109.0,-33.7,-33.0,-33.0,0.128,1.0,12.8,0.04,0.047,0.043,12.8,12.8,0.243,0.243,0.204,0.211,93.17,94.5,78.75,94.5,-0.042,175,0.7,3.2
952,Antoine Walker,Antoine,1610612738,BOS,26.0,78,42,36,0.538,3235.3683333333333,603,1554,0.388,188,582,0.323,176,286,0.615,99,464,563,373,260,116,31,88,221,1,1570,84,2986.1,17,2,2988.0,1,2002-03,41.5,100.5,101.7,101.7,99.0,101.0,101.0,1.5,0.7,0.7,0.226,1.43,16.1,0.03,0.148,0.087,11.2,11.2,0.449,0.467,0.275,0.277,93.61,92.18,76.82,92.18,0.105,6232,7.7,19.9
1498,Antonio Daniels,Antonio,1610612757,POR,28.0,67,39,28,0.582,870.5766666666667,84,186,0.452,18,59,0.305,65,76,0.855,11,61,72,85,32,33,9,12,43,0,251,-28,558.9,0,0,510.0,1,2002-03,13.0,101.3,99.7,99.7,100.6,100.8,100.8,0.7,-1.1,-1.1,0.155,2.66,25.3,0.013,0.074,0.043,9.5,9.5,0.5,0.572,0.13,0.135,92.2,92.85,77.37,92.85,0.096,1679,1.3,2.8
213,Antonio Davis,Antonio,1610612761,TOR,34.0,53,19,34,0.358,1897.743333333333,261,641,0.407,0,0,0.0,216,280,0.771,130,307,437,131,118,23,62,62,150,0,738,-112,1595.9,14,0,1476.0,1,2002-03,35.8,99.9,101.7,101.7,103.5,104.1,104.1,-3.6,-2.4,-2.4,0.115,1.11,12.8,0.067,0.166,0.115,11.5,11.6,0.407,0.483,0.214,0.214,92.18,91.14,75.95,91.14,0.098,3591,4.9,12.1
176,Antonio Harvey,Antonio,1610612737,ATL,32.0,4,3,1,0.75,32.63,2,5,0.4,0,0,0.0,0,0,0.0,1,5,6,0,3,1,4,2,7,0,4,-8,23.2,0,0,20.0,1,2002-03,8.2,87.2,88.7,88.7,95.7,94.7,94.7,-8.5,-5.9,-5.9,0.0,0.0,0.0,0.031,0.143,0.09,37.5,37.5,0.4,0.4,0.095,0.098,107.74,107.39,89.49,107.39,-0.005,71,0.5,1.3
1609,Art Long,Art,1610612761,TOR,30.0,26,14,12,0.538,209.57166666666663,28,75,0.373,2,3,0.667,2,10,0.2,21,39,60,6,20,5,11,7,35,1,60,-60,169.0,0,0,160.0,2,2002-03,8.1,83.0,80.7,80.7,97.9,95.1,95.1,-14.8,-14.4,-14.4,0.056,0.3,5.7,0.093,0.184,0.137,19.0,19.0,0.387,0.378,0.194,0.204,96.52,99.29,82.74,99.29,0.031,435,1.1,2.9
717,Arvydas Sabonis,Arvydas,1610612757,POR,38.0,78,48,30,0.615,1203.2933333333333,172,361,0.476,3,6,0.5,129,164,0.787,88,247,335,142,75,61,49,21,141,0,476,206,1346.0,1,0,1176.0,1,2002-03,15.4,105.3,105.5,105.5,97.3,97.1,97.1,8.0,8.4,8.4,0.185,1.89,21.8,0.079,0.217,0.149,11.5,11.5,0.481,0.549,0.191,0.195,92.56,92.57,77.14,92.57,0.144,2326,2.2,4.6
1506,Austin Croshere,Austin,1610612754,IND,28.0,49,29,20,0.592,630.8783333333333,86,209,0.411,27,69,0.391,53,65,0.815,40,115,155,56,28,6,13,15,48,0,252,27,551.0,0,0,528.0,1,2002-03,12.9,100.6,99.1,99.1,97.2,97.3,97.3,3.4,1.8,1.8,0.156,2.0,17.4,0.061,0.178,0.119,8.7,8.7,0.476,0.53,0.188,0.193,92.0,92.63,77.19,92.63,0.128,1220,1.8,4.3
422,Avery Johnson,Avery,1610612742,DAL,38.0,48,39,9,0.813,427.13,63,150,0.42,0,2,0.0,30,39,0.769,10,21,31,64,29,15,1,10,26,0,156,-43,308.2,0,0,283.0,1,2002-03,8.9,96.0,93.7,93.7,100.4,98.2,98.2,-4.4,-4.5,-4.5,0.264,2.21,24.7,0.023,0.047,0.035,11.2,11.1,0.42,0.467,0.205,0.213,92.88,95.02,79.18,95.02,0.082,843,1.3,3.1
1884,Baron Davis,Baron,1610612740,NOH,24.0,50,28,22,0.56,1893.03,332,798,0.416,99,283,0.35,93,131,0.71,56,130,186,320,140,91,22,42,148,0,856,159,1758.2,8,0,1687.0,1,2002-03,37.9,102.7,103.9,103.9,98.0,98.8,98.8,4.7,5.1,5.1,0.302,2.29,24.3,0.03,0.071,0.05,10.6,10.6,0.478,0.5,0.24,0.243,91.31,90.42,75.35,90.42,0.114,3554,6.6,16.0
1112,Ben Wallace,Ben,1610612765,DET,28.0,73,45,28,0.616,2871.2516666666666,210,437,0.481,1,6,0.167,85,189,0.45,293,833,1126,120,88,104,230,22,179,1,506,221,2951.2,17,1,2421.0,1,2002-03,39.3,101.0,101.2,101.2,96.0,96.6,96.6,5.0,4.6,4.6,0.069,1.36,16.4,0.108,0.304,0.207,12.0,12.1,0.482,0.486,0.101,0.103,88.92,88.55,73.79,88.55,0.153,5286,2.9,6.0
902,Bimbo Coles,Bimbo,1610612738,BOS,35.0,35,7,28,0.2,689.8016666666666,56,168,0.333,7,32,0.219,35,42,0.833,11,48,59,72,28,17,4,10,60,0,154,-108,367.8,0,0,334.0,2,2002-03,19.7,89.9,90.2,90.2,98.6,98.0,98.0,-8.7,-7.8,-7.8,0.181,2.57,25.5,0.015,0.071,0.042,9.9,9.8,0.354,0.413,0.138,0.143,91.59,91.68,76.4,91.68,0.047,1315,1.6,4.8
448,Bo Outlaw,Bo,1610612756,PHX,32.0,80,43,37,0.538,1800.235,153,278,0.55,0,2,0.0,72,116,0.621,134,234,368,112,76,50,71,25,194,3,378,160,1274.6,1,0,1100.0,1,2002-03,22.5,102.1,102.9,102.9,96.1,97.0,97.0,6.0,5.9,5.9,0.094,1.47,21.8,0.076,0.124,0.101,14.8,14.7,0.55,0.574,0.101,0.103,93.33,92.53,77.11,92.53,0.082,3448,1.9,3.5
682,Bob Sura,Bob,1610612744,GSW,30.0,55,29,26,0.527,1130.08,135,328,0.412,28,85,0.329,103,148,0.696,58,109,167,177,82,45,2,21,108,0,401,1,925.9,1,0,867.0,1,2002-03,20.5,106.1,104.9,104.9,103.9,105.1,105.1,2.2,-0.2,-0.2,0.247,2.16,26.9,0.051,0.091,0.072,12.5,12.6,0.454,0.51,0.181,0.184,96.05,96.04,80.03,96.04,0.089,2264,2.5,6.0
1517,Bobby Jackson,Bobby,1610612758,SAC,30.0,59,45,14,0.763,1672.9066666666668,340,732,0.464,89,235,0.379,126,149,0.846,57,162,219,182,106,71,3,38,126,0,895,172,1546.8,2,0,1533.0,1,2002-03,28.4,101.2,101.7,101.7,95.7,96.4,96.4,5.5,5.3,5.3,0.187,1.72,16.8,0.033,0.089,0.062,9.8,9.8,0.525,0.561,0.234,0.237,97.19,96.54,80.45,96.54,0.13,3361,5.8,12.4
2250,Bobby Simmons,Bobby,1610612764,WAS,23.0,36,17,19,0.472,373.6483333333333,44,112,0.393,0,5,0.0,32,35,0.914,33,44,77,20,8,10,3,15,51,0,120,-10,273.4,0,0,243.0,1,2002-03,10.4,106.9,105.7,105.7,109.3,107.4,107.4,-2.4,-1.7,-1.7,0.083,2.5,12.8,0.089,0.131,0.109,5.1,5.1,0.393,0.471,0.16,0.166,90.45,91.72,76.44,91.72,0.066,715,1.2,3.1
1719,Bonzi Wells,Bonzi,1610612757,POR,26.0,75,44,31,0.587,2397.208333333333,437,990,0.441,38,130,0.292,226,313,0.722,98,296,394,246,215,123,18,62,220,3,1138,120,2187.8,5,0,2098.0,1,2002-03,32.0,102.2,103.1,103.1,99.5,100.3,100.3,2.7,2.8,2.8,0.181,1.14,15.5,0.044,0.128,0.086,13.5,13.5,0.461,0.505,0.254,0.257,93.04,92.3,76.91,92.3,0.102,4606,5.8,13.2
2411,Bostjan Nachbar,Bostjan,1610612745,HOU,22.0,14,7,7,0.5,78.16666666666667,11,31,0.355,2,10,0.2,5,10,0.5,3,8,11,3,6,2,2,3,13,0,29,-13,52.7,0,0,53.0,1,2002-03,5.6,81.4,80.5,80.5,93.7,88.7,88.7,-12.2,-8.2,-8.2,0.079,0.5,6.8,0.038,0.094,0.067,13.6,13.5,0.387,0.41,0.223,0.232,94.47,97.64,81.36,97.64,0.003,159,0.8,2.2
1802,Brad Miller,Brad,1610612754,IND,27.0,73,42,31,0.575,2270.998333333333,329,667,0.493,5,16,0.313,292,357,0.818,185,418,603,193,118,65,43,94,203,1,955,280,2174.1,27,0,1972.0,1,2002-03,31.1,103.6,104.6,104.6,97.7,98.5,98.5,5.9,6.1,6.1,0.14,1.64,17.1,0.085,0.178,0.133,10.4,10.4,0.497,0.579,0.184,0.187,95.17,94.32,78.6,94.32,0.138,4466,4.5,9.1
2220,Brandon Armstrong,Brandon,1610612751,NJN,23.0,17,11,6,0.647,69.61666666666666,9,27,0.333,1,6,0.167,5,6,0.833,0,4,4,2,5,3,1,1,8,0,24,-12,38.8,0,0,39.0,1,2002-03,4.1,86.4,83.1,83.1,96.1,91.5,91.5,-9.7,-8.5,-8.5,0.061,0.4,5.6,0.0,0.06,0.027,13.9,13.6,0.352,0.405,0.206,0.226,93.72,97.91,81.59,97.91,0.009,142,0.5,1.6
1585,Brandon Williams,Brandon,1610612737,ATL,28.0,6,2,4,0.333,19.933333333333334,1,7,0.143,0,1,0.0,0,0,0.0,2,0,2,0,3,2,0,2,4,0,2,-3,7.4,0,0,8.0,1,2002-03,3.3,67.4,68.3,68.3,82.6,77.5,77.5,-15.2,-9.2,-9.2,0.0,0.0,0.0,0.074,0.0,0.043,30.0,30.0,0.143,0.143,0.2,0.21,95.17,97.53,81.27,97.53,-0.182,41,0.2,1.2
2217,Brendan Haywood,Brendan,1610612764,WAS,23.0,81,36,45,0.444,1929.3933333333332,173,339,0.51,0,0,0.0,155,245,0.633,192,212,404,29,65,32,119,38,225,0,501,2,1417.3,2,0,1236.0,1,2002-03,23.8,101.1,102.2,102.2,100.8,101.6,101.6,0.3,0.6,0.6,0.024,0.45,5.3,0.106,0.113,0.11,12.0,12.0,0.51,0.561,0.125,0.126,90.1,89.23,74.35,89.23,0.064,3577,2.1,4.2
699,Brent Barry,Brent,1610612760,SEA,31.0,75,37,38,0.493,2482.15,264,577,0.458,118,293,0.403,128,161,0.795,48,253,301,384,142,113,15,38,199,0,774,21,1953.2,4,0,1833.0,1,2002-03,33.1,101.9,103.1,103.1,102.3,102.7,102.7,-0.5,0.4,0.4,0.241,2.7,32.8,0.02,0.11,0.064,12.1,12.1,0.56,0.597,0.146,0.149,91.2,90.5,75.42,90.5,0.11,4681,3.5,7.7
1510,Brevin Knight,Brevin,1610612763,MEM,27.0,55,19,36,0.345,928.2966666666666,97,228,0.425,2,8,0.25,20,37,0.541,15,66,81,233,94,69,2,11,123,0,216,-80,781.7,0,0,674.0,1,2002-03,16.9,94.6,93.8,93.8,99.3,98.3,98.3,-4.7,-4.5,-4.5,0.403,2.48,40.8,0.016,0.073,0.044,16.5,16.5,0.43,0.442,0.161,0.165,93.9,94.78,78.98,94.78,0.08,1834,1.8,4.1
2073,Brian Cardinal,Brian,1610612764,WAS,26.0,5,3,2,0.6,14.35,1,4,0.25,0,1,0.0,2,2,1.0,3,2,5,1,1,0,0,0,0,0,4,12,10.5,0,0,10.0,1,2002-03,2.9,126.9,119.4,119.4,85.0,75.8,75.8,41.9,43.6,43.6,0.1,1.0,14.3,0.0,0.0,0.0,14.3,14.5,0.25,0.41,0.162,0.172,97.94,107.04,89.2,107.04,0.097,31,0.2,0.8
258,Brian Grant,Brian,1610612748,MIA,31.0,82,25,57,0.305,2641.523333333333,344,676,0.509,0,0,0.0,158,205,0.771,241,596,837,104,129,63,47,57,300,0,846,-304,2207.4,31,0,2007.0,1,2002-03,32.2,95.3,96.1,96.1,101.2,101.9,101.9,-5.9,-5.8,-5.8,0.07,0.81,10.4,0.093,0.244,0.166,12.9,12.9,0.509,0.552,0.158,0.16,90.53,89.88,74.9,89.88,0.125,4939,4.2,8.2
2243,Brian Scalabrine,Brian,1610612751,NJN,25.0,59,39,20,0.661,721.4433333333334,68,169,0.402,14,39,0.359,30,36,0.833,40,101,141,46,46,16,18,10,77,0,180,11,474.2,0,0,449.0,1,2002-03,12.2,98.0,96.1,96.1,97.4,96.4,96.4,0.5,-0.3,-0.3,0.103,1.0,16.7,0.054,0.146,0.099,16.7,16.6,0.444,0.487,0.14,0.146,92.97,94.41,78.68,94.41,0.067,1427,1.2,2.9
216,Brian Shaw,Brian,1610612747,LAL,37.0,72,44,28,0.611,897.6683333333333,101,261,0.387,38,109,0.349,10,15,0.667,20,99,119,103,54,32,13,11,62,0,250,-67,628.3,0,0,600.0,1,2002-03,12.5,95.1,95.5,95.5,100.5,100.2,100.2,-5.4,-4.6,-4.6,0.189,1.91,24.2,0.021,0.11,0.064,12.7,12.7,0.46,0.467,0.155,0.158,95.64,95.55,79.63,95.55,0.083,1795,1.4,3.6
1730,Brian Skinner,Brian,1610612755,PHI,27.0,77,45,32,0.584,1384.361666666667,182,331,0.55,0,0,0.0,97,161,0.602,136,230,366,19,62,47,53,36,176,2,461,-47,1166.7,3,0,1046.0,1,2002-03,18.0,100.4,98.9,98.9,101.4,100.0,100.0,-1.0,-1.0,-1.0,0.024,0.31,3.9,0.1,0.182,0.139,12.8,12.8,0.55,0.574,0.147,0.151,93.74,95.09,79.24,95.09,0.096,2733,2.4,4.3
1477,Bruce Bowen,Bruce,1610612759,SAS,32.0,82,60,22,0.732,2568.326666666667,223,479,0.466,101,229,0.441,36,89,0.404,59,180,239,113,72,66,42,25,195,0,583,373,1291.3,0,0,1252.0,1,2002-03,31.3,103.6,103.5,103.5,94.7,95.4,95.4,9.0,8.2,8.2,0.068,1.57,16.0,0.026,0.068,0.048,10.2,10.2,0.571,0.563,0.107,0.109,91.69,91.41,76.17,91.41,0.055,4877,2.7,5.8
1743,Bruno Sundov,Bruno,1610612738,BOS,23.0,26,16,10,0.615,138.70333333333335,14,56,0.25,4,16,0.25,0,2,0.0,8,20,28,7,9,6,3,4,24,0,32,-87,94.1,0,0,89.0,1,2002-03,5.3,83.6,78.7,78.7,116.0,109.4,109.4,-32.4,-30.7,-30.7,0.097,0.78,9.6,0.051,0.157,0.099,12.3,12.3,0.286,0.281,0.209,0.222,93.44,99.15,82.62,99.15,-0.015,287,0.5,2.2
1724,Bryce Drew,Bryce,1610612740,NOH,28.0,13,4,9,0.308,79.83166666666666,8,27,0.296,3,7,0.429,0,0,0.0,4,9,13,11,3,2,0,0,2,0,19,14,54.1,0,0,50.0,1,2002-03,6.1,95.4,97.5,97.5,89.0,87.4,87.4,6.4,10.0,10.0,0.22,3.67,26.8,0.042,0.105,0.071,7.3,7.3,0.352,0.352,0.161,0.165,95.16,95.0,79.17,95.0,0.084,157,0.6,2.1
935,Bryon Russell,Bryon,1610612764,WAS,32.0,70,31,39,0.443,1389.585,108,306,0.353,46,140,0.329,53,69,0.768,43,165,208,72,55,70,7,4,130,1,315,-109,848.6,0,0,795.0,1,2002-03,19.9,97.3,96.5,96.5,100.4,100.2,100.2,-3.1,-3.7,-3.7,0.089,1.31,15.6,0.031,0.126,0.078,11.9,11.9,0.428,0.468,0.13,0.134,90.25,90.78,75.65,90.78,0.064,2622,1.5,4.4
384,Calbert Cheaney,Calbert,1610612762,UTA,31.0,81,47,34,0.58,2352.901666666666,325,651,0.499,10,25,0.4,40,69,0.58,73,211,284,163,108,65,13,36,225,0,700,198,1411.3,0,0,1313.0,1,2002-03,29.0,103.9,104.9,104.9,98.9,100.0,100.0,4.9,4.9,4.9,0.113,1.51,17.1,0.036,0.094,0.066,11.3,11.3,0.507,0.514,0.157,0.158,90.46,89.54,74.61,89.54,0.069,4380,4.0,8.0
1916,Calvin Booth,Calvin,1610612760,SEA,27.0,47,20,27,0.426,575.325,52,119,0.437,0,2,0.0,34,47,0.723,32,77,109,12,22,11,33,8,74,0,138,24,396.8,0,0,347.0,1,2002-03,12.2,98.7,97.8,97.8,95.2,95.3,95.3,3.5,2.5,2.5,0.033,0.55,6.8,0.057,0.13,0.094,12.5,12.7,0.437,0.494,0.132,0.134,89.97,90.31,75.26,90.31,0.059,1081,1.1,2.5
2306,Carlos Arroyo,Carlos,1610612762,UTA,23.0,44,27,17,0.614,283.8933333333333,50,109,0.459,3,7,0.429,18,22,0.818,11,15,26,53,30,12,1,8,28,0,121,-14,240.7,0,0,229.0,1,2002-03,6.5,100.6,96.9,96.9,102.9,100.7,100.7,-2.3,-3.8,-3.8,0.319,1.77,26.2,0.042,0.054,0.048,14.9,14.9,0.472,0.51,0.229,0.239,93.54,96.37,80.31,96.37,0.097,574,1.1,2.5
2430,Carlos Boozer,Carlos,1610612739,CLE,21.0,81,17,64,0.21,2047.9583333333333,331,618,0.536,0,1,0.0,148,192,0.771,202,407,609,106,103,59,50,59,224,1,810,-496,1923.8,21,0,1743.0,1,2002-03,25.3,94.5,95.4,95.4,106.3,106.7,106.7,-11.9,-11.3,-11.3,0.09,1.03,11.6,0.095,0.204,0.147,11.3,11.3,0.536,0.577,0.169,0.17,97.56,96.9,80.75,96.9,0.124,4120,4.1,7.6
2406,Caron Butler,Caron,1610612748,MIA,23.0,78,24,54,0.308,2855.651666666666,429,1032,0.416,34,107,0.318,309,375,0.824,135,262,397,213,192,137,31,95,230,0,1201,-383,2308.9,3,0,2181.0,1,2002-03,36.6,94.3,95.2,95.2,101.8,102.5,102.5,-7.6,-7.3,-7.3,0.14,1.11,13.4,0.047,0.098,0.072,12.0,12.0,0.432,0.502,0.224,0.229,90.61,89.85,74.88,89.85,0.101,5349,5.5,13.2
2418,Casey Jacobsen,Casey,1610612756,PHX,22.0,72,38,34,0.528,1145.2383333333332,122,327,0.373,52,165,0.315,72,105,0.686,29,54,83,73,55,35,6,24,90,0,368,125,645.1,0,0,658.0,1,2002-03,15.9,101.0,100.7,100.7,96.6,95.8,95.8,4.4,4.9,4.9,0.101,1.33,14.5,0.024,0.047,0.035,11.0,11.0,0.453,0.493,0.162,0.166,94.65,95.18,79.32,95.18,0.05,2278,1.7,4.5
2456,Cezary Trybanski,Cezary,1610612763,MEM,23.0,15,3,12,0.2,88.31833333333333,5,20,0.25,0,0,0.0,4,10,0.4,6,8,14,1,8,0,6,5,13,0,14,-13,42.3,0,0,41.0,1,2002-03,5.9,86.0,86.2,86.2,97.1,93.7,93.7,-11.1,-7.5,-7.5,0.021,0.13,3.0,0.061,0.089,0.074,24.2,24.0,0.25,0.287,0.156,0.163,92.97,94.57,78.81,94.57,-0.061,174,0.3,1.3
891,Charles Oakley,Charles,1610612764,WAS,39.0,42,19,23,0.452,515.3983333333333,23,55,0.418,0,0,0.0,28,34,0.824,37,70,107,40,21,13,6,2,90,1,74,15,298.4,0,0,259.0,1,2002-03,12.3,98.4,99.0,99.0,96.9,97.4,97.4,1.5,1.6,1.6,0.127,1.9,30.1,0.072,0.151,0.109,15.8,16.0,0.418,0.529,0.085,0.085,87.86,87.36,72.8,87.36,0.054,938,0.5,1.3
1520,Charles Smith,Charles,1610612757,POR,27.0,3,2,1,0.667,13.221666666666666,1,4,0.25,0,1,0.0,3,4,0.75,0,0,0,1,1,1,0,0,3,0,5,5,8.5,0,0,8.0,1,2002-03,4.4,123.5,120.0,120.0,104.3,100.0,100.0,19.1,20.0,20.0,0.083,1.0,12.5,0.0,0.0,0.0,12.5,12.9,0.25,0.434,0.194,0.192,106.88,110.73,92.27,110.73,-0.017,30,0.3,1.3
369,Charlie Ward,Charlie,1610612752,NYK,32.0,66,31,35,0.47,1467.255,165,414,0.399,101,267,0.378,41,53,0.774,25,152,177,306,95,78,11,8,146,0,472,61,1315.4,1,0,1234.0,1,2002-03,22.2,103.2,104.0,104.0,101.3,101.5,101.5,1.8,2.5,2.5,0.326,3.22,36.4,0.017,0.108,0.062,11.3,11.3,0.521,0.54,0.163,0.165,94.24,93.76,78.13,93.76,0.113,2861,2.5,6.3
1497,Chauncey Billups,Chauncey,1610612765,DET,26.0,74,45,29,0.608,2330.205,366,870,0.421,149,380,0.392,318,362,0.878,38,235,273,287,134,63,15,54,136,0,1199,172,2057.1,3,0,2064.0,1,2002-03,31.5,102.6,103.2,103.2,98.6,98.9,98.9,3.9,4.2,4.2,0.238,2.14,19.8,0.017,0.109,0.063,9.2,9.2,0.506,0.582,0.237,0.24,89.42,89.0,74.17,89.0,0.148,4315,4.9,11.8
685,Cherokee Parks,Cherokee,1610612746,LAC,30.0,30,9,21,0.3,646.1733333333333,82,163,0.503,1,2,0.5,23,38,0.605,46,86,132,21,18,16,20,8,52,0,188,-176,467.9,0,0,414.0,1,2002-03,21.5,98.5,99.8,99.8,113.8,114.4,114.4,-15.3,-14.5,-14.5,0.055,1.17,9.6,0.071,0.146,0.106,8.2,8.2,0.506,0.523,0.139,0.141,92.45,91.63,76.36,91.63,0.08,1235,2.7,5.4
2365,Chris Andersen,Chris,1610612743,DEN,24.0,59,13,46,0.22,902.555,114,285,0.4,0,1,0.0,77,140,0.55,109,165,274,32,60,30,60,30,90,0,305,-113,891.8,0,0,791.0,1,2002-03,15.3,87.4,87.5,87.5,94.7,94.2,94.2,-7.3,-6.7,-6.7,0.066,0.53,7.2,0.11,0.186,0.146,13.6,13.7,0.4,0.44,0.191,0.194,95.42,95.62,79.68,95.62,0.105,1802,1.9,4.8
164,Chris Childs,Chris,1610612751,NJN,35.0,12,6,6,0.5,105.40333333333334,6,20,0.3,1,6,0.167,2,3,0.667,3,2,5,16,6,8,1,1,17,0,15,-4,66.0,0,0,55.0,1,2002-03,8.8,87.9,85.8,85.8,90.5,88.4,88.4,-2.6,-2.6,-2.6,0.242,2.67,37.2,0.027,0.022,0.024,14.0,13.9,0.325,0.352,0.11,0.116,96.52,98.82,82.35,98.82,0.019,218,0.5,1.7
1544,Chris Crawford,Chris,1610612737,ATL,28.0,5,1,4,0.2,38.083333333333336,8,13,0.615,1,3,0.333,7,8,0.875,3,4,7,1,2,2,3,0,7,0,24,-4,46.9,0,0,43.0,1,2002-03,7.6,110.4,106.8,106.8,111.4,107.9,107.9,-1.1,-1.0,-1.0,0.053,0.5,5.0,0.0,0.1,0.0,10.0,10.2,0.654,0.726,0.238,0.238,90.92,93.9,78.25,93.9,0.149,73,1.6,2.6
201,Chris Dudley,Chris,1610612757,POR,38.0,3,2,1,0.667,10.456666666666669,0,1,0.0,0,0,0.0,0,0,0.0,2,0,2,0,0,0,0,0,3,0,0,-12,2.4,0,0,2.0,1,2002-03,3.5,61.0,58.8,58.8,126.4,104.8,104.8,-65.5,-45.9,-45.9,0.0,0.0,0.0,0.0,0.0,0.0,0.0,0.0,0.0,0.0,0.043,0.045,77.58,87.22,72.68,87.22,-0.857,17,0.0,0.3
2423,Chris Jefferies,Chris,1610612761,TOR,23.0,51,11,40,0.216,666.605,75,194,0.387,18,54,0.333,29,43,0.674,16,43,59,22,45,19,16,12,56,0,197,-110,360.8,0,0,366.0,1,2002-03,13.1,92.6,91.4,91.4,100.1,100.2,100.2,-7.5,-8.8,-8.8,0.057,0.49,7.8,0.023,0.068,0.044,16.0,16.1,0.433,0.463,0.171,0.176,94.02,94.54,78.79,94.54,0.033,1316,1.5,3.8
2036,Chris Mihm,Chris,1610612739,CLE,23.0,52,11,41,0.212,806.4683333333334,116,287,0.404,0,3,0.0,76,105,0.724,93,138,231,28,48,18,38,28,124,2,308,-121,747.2,1,0,679.0,1,2002-03,15.5,95.0,95.6,95.6,103.2,103.2,103.2,-8.2,-7.6,-7.6,0.06,0.58,6.8,0.109,0.169,0.139,11.6,11.7,0.404,0.462,0.202,0.203,96.18,95.88,79.9,95.88,0.075,1612,2.2,5.5
168,Chris Mills,Chris,1610612744,GSW,33.0,21,10,11,0.476,264.015,39,106,0.368,7,25,0.28,16,18,0.889,19,31,50,22,10,7,3,7,29,0,101,2,214.0,0,0,200.0,1,2002-03,12.6,105.9,104.8,104.8,102.2,103.8,103.8,3.7,1.0,1.0,0.138,2.2,15.1,0.069,0.12,0.094,6.8,6.9,0.401,0.443,0.202,0.208,95.08,94.81,79.01,94.81,0.075,520,1.9,5.0
2442,Chris Owens,Chris,1610612763,MEM,24.0,1,0,1,0.0,6.316666666666666,2,3,0.667,0,0,0.0,0,0,0.0,1,0,1,0,1,0,0,0,0,0,4,6,4.2,0,0,5.0,1,2002-03,6.3,159.9,158.3,158.3,120.8,108.3,108.3,39.1,50.0,50.0,0.0,0.0,0.0,0.0,0.0,0.0,25.0,25.0,0.667,0.667,0.286,0.288,86.02,91.19,75.99,91.19,0.071,12,2.0,3.0
185,Chris Webber,Chris,1610612758,SAC,30.0,67,49,18,0.731,2617.325,661,1433,0.461,5,21,0.238,215,354,0.607,160,544,704,364,215,106,88,56,204,0,1542,399,3299.8,45,3,3003.0,1,2002-03,39.1,104.5,105.3,105.3,97.0,97.8,97.8,7.5,7.5,7.5,0.238,1.69,16.8,0.062,0.191,0.129,9.9,9.9,0.463,0.485,0.3,0.303,98.63,97.86,81.55,97.86,0.147,5336,9.9,21.4
43,Chris Whitney,Chris,1610612753,ORL,31.0,51,17,34,0.333,1050.3,124,349,0.355,50,164,0.305,57,69,0.826,3,64,67,145,71,29,2,10,92,0,355,-205,674.9,0,0,679.0,2,2002-03,20.6,89.7,90.5,90.5,101.7,101.2,101.2,-12.0,-10.6,-10.6,0.245,2.04,24.4,0.003,0.066,0.032,11.9,11.9,0.427,0.468,0.187,0.19,95.01,94.83,79.03,94.83,0.066,2083,2.4,6.8
2404,Chris Wilcox,Chris,1610612746,LAC,20.0,46,12,34,0.261,479.74,73,140,0.521,0,0,0.0,25,50,0.5,32,72,104,21,26,7,12,10,65,0,171,16,358.3,0,0,334.0,1,2002-03,10.4,99.8,99.2,99.2,96.8,95.5,95.5,3.1,3.6,3.6,0.076,0.81,10.0,0.07,0.141,0.108,12.3,12.4,0.521,0.528,0.177,0.18,94.26,95.2,79.33,95.2,0.082,942,1.6,3.0
363,Christian Laettner,Christian,1610612764,WAS,33.0,76,34,42,0.447,2211.39,255,516,0.494,2,16,0.125,120,144,0.833,114,388,502,235,87,82,40,21,206,0,632,-21,1865.9,10,0,1615.0,1,2002-03,29.1,101.2,102.0,102.0,101.6,102.6,102.6,-0.5,-0.6,-0.6,0.175,2.7,26.0,0.055,0.181,0.119,9.6,9.7,0.496,0.545,0.142,0.143,90.96,90.17,75.14,90.17,0.118,4156,3.4,6.8
1088,Chucky Atkins,Chucky,1610612765,DET,28.0,65,42,23,0.646,1397.9016666666666,168,465,0.361,86,242,0.355,40,49,0.816,21,75,96,175,77,27,4,16,108,2,462,150,855.7,0,0,881.0,1,2002-03,21.5,99.8,99.3,99.3,95.2,94.3,94.3,4.6,5.0,5.0,0.22,2.27,23.7,0.015,0.056,0.035,10.4,10.4,0.454,0.475,0.187,0.191,89.41,90.03,75.03,90.03,0.068,2632,2.6,7.2
221,Clar. Weatherspoon,Clar.,1610612752,NYK,32.0,79,36,43,0.456,2026.035,186,414,0.449,0,0,0.0,149,194,0.768,214,385,599,68,63,69,36,57,174,1,521,-97,1593.8,6,0,1398.0,1,2002-03,25.6,100.7,101.5,101.5,103.6,103.3,103.3,-2.8,-1.8,-1.8,0.053,1.08,10.7,0.105,0.198,0.151,9.9,10.0,0.449,0.522,0.127,0.128,92.67,92.44,77.04,92.44,0.103,3889,2.4,5.2
361,Clifford Robinson,Clifford,1610612765,DET,36.0,81,50,31,0.617,2824.951666666667,372,935,0.398,87,259,0.336,161,238,0.676,81,237,318,268,158,87,88,36,259,3,992,173,2142.6,2,0,2015.0,1,2002-03,34.9,102.3,102.7,102.7,99.0,99.3,99.3,3.3,3.4,3.4,0.175,1.7,18.2,0.03,0.09,0.06,10.8,10.8,0.444,0.477,0.202,0.205,89.1,88.82,74.02,88.82,0.074,5225,4.6,11.5
1736,Corey Benjamin,Corey,1610612737,ATL,25.0,9,5,4,0.556,150.49666666666667,13,43,0.302,2,13,0.154,12,16,0.75,10,21,31,10,6,1,2,3,20,0,40,-16,95.2,0,0,89.0,1,2002-03,16.7,95.4,91.4,91.4,98.3,96.0,96.0,-2.9,-4.7,-4.7,0.122,1.67,14.9,0.059,0.13,0.094,9.0,9.1,0.326,0.4,0.159,0.164,93.15,96.32,80.27,96.32,0.047,301,1.4,4.8
1894,Corey Maggette,Corey,1610612746,LAC,23.0,64,18,46,0.281,2004.775,343,773,0.444,62,177,0.35,325,405,0.802,77,245,322,123,147,55,16,63,194,0,1073,-276,1709.9,3,0,1722.0,1,2002-03,31.3,98.2,99.0,99.0,105.0,105.7,105.7,-6.7,-6.6,-6.6,0.112,0.84,10.1,0.038,0.121,0.08,12.1,12.0,0.484,0.564,0.24,0.244,95.91,95.2,79.33,95.2,0.107,3970,5.4,12.1
916,Corie Blount,Corie,1610612741,CHI,34.0,50,18,32,0.36,836.065,65,134,0.485,0,0,0.0,20,35,0.571,68,137,205,50,43,33,19,10,121,0,150,2,584.0,0,0,509.0,1,2002-03,16.7,100.6,100.8,100.8,100.7,99.9,99.9,-0.1,0.9,0.9,0.087,1.16,20.7,0.086,0.162,0.125,17.8,17.7,0.485,0.502,0.102,0.104,93.74,93.98,78.32,93.98,0.067,1631,1.3,2.7
722,Corliss Williamson,Corliss,1610612765,DET,29.0,82,50,32,0.61,2060.318333333333,374,826,0.453,2,11,0.182,237,300,0.79,147,211,358,104,126,44,27,65,238,2,987,342,1659.6,2,0,1593.0,1,2002-03,25.1,103.8,104.3,104.3,95.7,95.3,95.3,8.1,9.0,9.0,0.099,0.83,8.7,0.073,0.106,0.089,10.6,10.6,0.454,0.515,0.245,0.249,88.72,88.69,73.91,88.69,0.098,3807,4.6,10.1
2042,Courtney Alexander,Courtney,1610612740,NOH,26.0,66,36,30,0.545,1358.69,193,505,0.382,19,57,0.333,118,146,0.808,39,79,118,79,68,31,6,35,125,0,523,-12,826.1,0,0,813.0,1,2002-03,20.6,97.1,97.2,97.2,97.5,98.0,98.0,-0.4,-0.8,-0.8,0.105,1.16,11.0,0.028,0.059,0.044,9.5,9.5,0.401,0.459,0.209,0.214,92.65,92.33,76.94,92.33,0.054,2618,2.9,7.7
1749,Cuttino Mobley,Cuttino,1610612745,HOU,27.0,73,39,34,0.534,3040.923333333333,463,1067,0.434,112,318,0.352,242,282,0.858,70,233,303,208,166,95,36,41,185,0,1280,126,2182.6,2,0,2165.0,1,2002-03,41.7,101.5,102.6,102.6,99.9,100.5,100.5,1.6,2.1,2.1,0.121,1.25,13.4,0.024,0.077,0.05,10.7,10.6,0.486,0.537,0.2,0.205,92.02,91.24,76.03,91.24,0.094,5783,6.3,14.6
2402,Dajuan Wagner,Dajuan,1610612739,CLE,20.0,47,8,39,0.17,1384.9083333333333,223,605,0.369,55,174,0.316,128,160,0.8,20,62,82,130,85,38,7,61,107,0,629,-263,972.4,1,0,986.0,1,2002-03,29.5,95.4,96.2,96.2,104.9,105.9,105.9,-9.5,-9.7,-9.7,0.169,1.53,14.5,0.014,0.044,0.028,9.5,9.5,0.414,0.466,0.235,0.238,96.77,95.94,79.95,95.94,0.06,2771,4.7,12.9
905,Dale Davis,Dale,1610612757,POR,34.0,78,48,30,0.615,2280.885,237,438,0.541,0,0,0.0,105,166,0.633,233,331,564,94,71,51,70,35,189,0,579,94,1688.8,10,0,1479.0,1,2002-03,29.2,102.1,103.1,103.1,99.0,100.4,100.4,3.0,2.7,2.7,0.064,1.32,13.8,0.11,0.151,0.13,10.4,10.5,0.541,0.566,0.119,0.119,90.97,89.85,74.87,89.85,0.093,4259,3.0,5.6
2053,Dalibor Bagaric,Dalibor,1610612741,CHI,22.0,10,3,7,0.3,75.61666666666666,8,26,0.308,0,0,0.0,3,4,0.75,7,13,20,4,5,3,3,4,11,0,19,3,62.0,0,0,55.0,1,2002-03,7.6,89.9,91.0,91.0,88.1,85.7,85.7,1.8,5.3,5.3,0.103,0.8,10.8,0.08,0.178,0.124,13.5,13.6,0.308,0.342,0.185,0.186,99.52,100.3,83.58,100.3,0.043,155,0.8,2.6
1800,Damon Jones,Damon,1610612758,SAC,26.0,49,35,14,0.714,711.425,80,210,0.381,44,121,0.364,20,27,0.741,11,59,70,80,23,18,4,8,42,0,224,38,471.0,0,0,462.0,1,2002-03,14.5,100.7,100.7,100.7,97.5,97.9,97.9,3.2,2.8,2.8,0.166,3.48,24.5,0.015,0.077,0.046,7.0,7.1,0.486,0.505,0.153,0.155,95.81,95.61,79.67,95.61,0.08,1416,1.6,4.3
757,Damon Stoudamire,Damon,1610612757,POR,29.0,59,32,27,0.542,1314.0383333333334,156,415,0.376,44,114,0.386,53,67,0.791,40,115,155,204,82,39,6,21,67,0,409,114,954.0,1,0,902.0,1,2002-03,22.3,103.7,104.3,104.3,99.2,99.7,99.7,4.5,4.6,4.6,0.246,2.49,27.9,0.032,0.092,0.062,11.2,11.2,0.429,0.46,0.184,0.187,90.21,89.75,74.79,89.75,0.088,2457,2.6,7.0
2245,Damone Brown,Damone,1610612761,TOR,24.0,5,1,4,0.2,115.235,11,35,0.314,0,2,0.0,6,8,0.75,3,12,15,3,6,1,0,3,14,0,28,-8,47.5,0,0,48.0,1,2002-03,23.0,86.5,87.7,87.7,91.9,90.5,90.5,-5.3,-2.8,-2.8,0.051,0.5,6.4,0.027,0.088,0.06,12.8,12.6,0.314,0.363,0.173,0.177,92.02,92.06,76.71,92.06,-0.002,220,2.2,7.0
2424,Dan Dickau,Dan,1610612737,ATL,24.0,50,23,27,0.46,518.12,70,170,0.412,22,61,0.361,21,26,0.808,9,34,43,85,53,14,2,7,66,0,183,-136,357.1,0,0,365.0,1,2002-03,10.4,96.4,95.2,95.2,110.9,109.0,109.0,-14.5,-13.8,-13.8,0.292,1.6,26.5,0.017,0.069,0.042,16.5,16.6,0.476,0.504,0.196,0.201,93.43,94.82,79.02,94.82,0.06,1026,1.4,3.4
2429,Dan Gadzuric,Dan,1610612749,MIL,25.0,49,21,28,0.429,759.3583333333333,70,145,0.483,0,1,0.0,29,56,0.518,66,131,197,9,27,22,52,5,125,0,169,-45,613.9,1,0,523.0,1,2002-03,15.5,102.2,101.8,101.8,104.5,104.1,104.1,-2.2,-2.3,-2.3,0.018,0.33,4.4,0.088,0.177,0.132,13.1,13.1,0.483,0.498,0.117,0.119,94.11,94.47,78.72,94.47,0.053,1489,1.4,3.0
2061,Dan Langhi,Dan,1610612756,PHX,25.0,60,30,30,0.5,537.7783333333333,81,202,0.401,9,31,0.29,12,20,0.6,19,68,87,21,16,15,6,9,58,0,183,109,365.9,0,0,342.0,1,2002-03,9.0,105.4,103.8,103.8,94.2,94.0,94.0,11.2,9.8,9.8,0.061,1.31,8.4,0.034,0.127,0.08,6.4,6.5,0.423,0.434,0.186,0.192,93.45,94.25,78.55,94.25,0.059,1059,1.4,3.4
198,Danny Ferry,Danny,1610612759,SAS,36.0,65,48,17,0.738,599.775,44,124,0.355,21,60,0.35,10,13,0.769,20,55,75,21,27,7,9,1,55,0,119,19,261.5,0,0,268.0,1,2002-03,9.2,99.8,97.3,97.3,97.3,96.6,96.6,2.5,0.7,0.7,0.055,0.78,11.9,0.034,0.092,0.064,15.3,15.2,0.44,0.459,0.114,0.119,94.29,95.84,79.86,95.84,0.03,1203,0.7,1.9
1504,Danny Fortson,Danny,1610612744,GSW,27.0,17,6,11,0.353,220.695,20,54,0.37,0,1,0.0,19,29,0.655,28,45,73,12,15,9,0,7,43,0,59,-33,176.6,1,0,162.0,1,2002-03,13.0,97.5,99.3,99.3,103.9,105.5,105.5,-6.4,-6.2,-6.2,0.087,0.8,12.6,0.122,0.192,0.157,15.8,16.0,0.37,0.442,0.158,0.159,95.37,93.74,78.12,93.74,0.059,428,1.2,3.2
330,Danny Manning,Danny,1610612765,DET,37.0,13,8,5,0.615,87.985,13,32,0.406,3,8,0.375,5,6,0.833,7,11,18,7,7,9,3,1,11,0,34,5,95.1,0,0,86.0,1,2002-03,6.8,98.1,95.4,95.4,98.8,93.6,93.6,-0.7,1.8,1.8,0.152,1.0,14.6,0.071,0.138,0.101,14.6,14.4,0.453,0.491,0.206,0.216,91.13,94.93,79.1,94.93,0.105,175,1.0,2.5
2032,Darius Miles,Darius,1610612739,CLE,21.0,67,15,52,0.224,2005.9916666666663,263,642,0.41,0,14,0.0,92,155,0.594,113,250,363,176,178,67,69,48,159,0,618,-424,1547.6,3,0,1429.0,1,2002-03,29.9,92.3,93.0,93.0,102.2,103.5,103.5,-9.9,-10.5,-10.5,0.148,0.99,16.5,0.054,0.122,0.088,16.7,16.7,0.41,0.435,0.189,0.191,97.3,96.26,80.22,96.26,0.066,4022,3.9,9.6
353,Darrell Armstrong,Darrell,1610612753,ORL,35.0,82,42,40,0.512,2349.31,263,643,0.409,78,232,0.336,165,188,0.878,91,204,295,323,160,135,13,23,167,0,769,47,1891.5,1,0,1761.0,1,2002-03,28.7,103.1,103.1,103.1,102.2,102.8,102.8,0.9,0.3,0.3,0.219,2.02,27.0,0.038,0.09,0.063,13.4,13.2,0.47,0.53,0.162,0.167,96.33,96.1,80.08,96.1,0.1,4719,3.2,7.8
1032,Darvin Ham,Darvin,1610612737,ATL,29.0,75,30,45,0.4,924.7433333333332,71,159,0.447,0,3,0.0,38,79,0.481,73,80,153,38,65,16,19,22,127,1,180,-64,460.6,0,0,441.0,1,2002-03,12.3,97.1,94.8,94.8,97.8,96.5,96.5,-0.7,-1.7,-1.7,0.069,0.58,12.8,0.081,0.082,0.081,22.0,21.9,0.447,0.464,0.123,0.129,92.03,93.74,78.12,93.74,0.016,1789,0.9,2.1
764,David Robinson,David,1610612759,SAS,37.0,64,45,19,0.703,1671.6866666666667,197,420,0.469,0,0,0.0,152,214,0.71,163,345,508,61,83,52,111,38,126,1,546,340,1653.1,13,0,1441.0,1,2002-03,26.1,104.0,103.8,103.8,92.8,93.2,93.2,11.2,10.5,10.5,0.057,0.73,9.2,0.107,0.198,0.155,12.5,12.6,0.469,0.531,0.166,0.167,91.6,91.51,76.26,91.51,0.131,3189,3.1,6.6
133,David Wesley,David,1610612740,NOH,32.0,73,43,30,0.589,2710.6716666666666,449,1037,0.433,134,316,0.424,185,237,0.781,38,137,175,251,132,109,9,46,173,0,1217,152,2025.5,0,0,2013.0,1,2002-03,37.1,102.2,103.7,103.7,99.7,100.8,100.8,2.4,2.9,2.9,0.159,1.9,16.4,0.014,0.053,0.033,8.6,8.7,0.498,0.533,0.21,0.213,92.92,91.79,76.49,91.79,0.093,5184,6.2,14.2
2205,DeSagana Diop,DeSagana,1610612739,CLE,21.0,80,16,64,0.2,945.5866666666668,54,154,0.351,0,0,0.0,11,30,0.367,63,152,215,43,56,33,81,8,148,0,119,-261,727.5,0,0,605.0,1,2002-03,11.8,89.0,89.5,89.5,103.1,100.6,100.6,-14.1,-11.1,-11.1,0.069,0.77,16.1,0.062,0.163,0.111,21.0,21.0,0.351,0.356,0.101,0.103,96.52,97.41,81.18,97.41,0.033,1894,0.7,1.9
2052,DeShawn Stevenson,DeShawn,1610612762,UTA,22.0,61,33,28,0.541,760.8633333333333,114,284,0.401,4,12,0.333,47,68,0.691,22,63,85,40,49,22,8,20,57,0,279,-166,482.0,0,0,468.0,1,2002-03,12.5,94.5,92.4,92.4,104.5,104.3,104.3,-10.0,-11.9,-11.9,0.099,0.82,9.9,0.029,0.086,0.057,12.1,12.2,0.408,0.444,0.209,0.216,92.92,94.03,78.36,94.03,0.054,1496,1.9,4.7
2352,Dean Oliver,Dean,1610612744,GSW,24.0,15,5,10,0.333,94.29,7,29,0.241,1,6,0.167,7,8,0.875,8,8,16,23,10,7,0,4,9,0,22,-27,86.7,0,0,76.0,1,2002-03,6.3,94.8,88.6,88.6,103.9,98.2,98.2,-9.1,-9.6,-9.6,0.418,2.3,34.8,0.078,0.079,0.079,15.2,15.3,0.259,0.338,0.176,0.184,102.14,108.69,90.57,108.69,0.081,210,0.5,1.9
1507,Derek Anderson,Derek,1610612757,POR,28.0,76,47,29,0.618,2553.095,355,832,0.427,116,331,0.35,231,269,0.859,53,211,264,325,128,90,16,19,141,0,1057,223,2051.3,2,0,1974.0,1,2002-03,33.6,103.3,104.6,104.6,99.0,99.9,99.9,4.4,4.7,4.7,0.204,2.54,23.4,0.022,0.086,0.055,9.2,9.1,0.496,0.556,0.189,0.194,92.73,91.73,76.44,91.73,0.111,4875,4.7,10.9
965,Derek Fisher,Derek,1610612747,LAL,28.0,82,50,32,0.61,2829.0333333333333,339,775,0.437,85,212,0.401,100,125,0.8,40,199,239,298,94,93,15,17,195,1,863,278,1826.8,0,0,1701.0,1,2002-03,34.5,106.9,107.8,107.8,102.6,103.1,103.1,4.4,4.6,4.6,0.157,3.17,24.4,0.014,0.07,0.042,7.7,7.7,0.492,0.52,0.143,0.145,95.41,94.78,78.98,94.78,0.078,5595,4.1,9.5
934,Derrick Coleman,Derrick,1610612755,PHI,36.0,64,38,26,0.594,1742.185,223,498,0.448,22,67,0.328,134,171,0.784,151,299,450,87,96,53,69,47,171,1,602,248,1542.5,12,0,1405.0,1,2002-03,27.2,102.5,102.7,102.7,96.1,95.7,95.7,6.4,7.0,7.0,0.082,0.91,11.4,0.088,0.178,0.132,12.6,12.7,0.47,0.525,0.172,0.173,93.46,93.52,77.94,93.52,0.106,3399,3.5,7.8
2046,Desmond Mason,Desmond,1610612749,MIL,25.0,80,37,43,0.463,2764.92,457,1017,0.449,21,72,0.292,212,283,0.749,154,369,523,163,115,67,32,41,210,1,1147,0,2201.1,13,0,2052.0,2,2002-03,34.6,103.6,104.3,104.3,103.2,104.0,104.0,0.4,0.2,0.2,0.099,1.42,11.5,0.056,0.138,0.096,8.1,8.1,0.46,0.502,0.207,0.21,91.77,91.1,75.92,91.1,0.101,5242,5.7,12.7
1904,Devean George,Devean,1610612747,LAL,25.0,71,45,26,0.634,1612.1566666666668,180,461,0.39,49,132,0.371,83,105,0.79,91,195,286,92,65,56,38,25,180,1,492,68,1190.2,1,0,1107.0,1,2002-03,22.7,103.2,103.1,103.1,100.5,100.9,100.9,2.7,2.2,2.2,0.092,1.42,13.8,0.055,0.123,0.088,9.8,9.8,0.444,0.485,0.155,0.158,94.75,94.59,78.83,94.59,0.071,3176,2.5,6.5
2484,Devin Brown,Devin,1610612743,DEN,24.0,10,5,5,0.5,92.18,12,35,0.343,0,1,0.0,6,8,0.75,8,10,18,7,9,4,1,1,14,0,30,-18,68.1,0,0,65.0,2,2002-03,9.2,87.9,84.4,84.4,96.3,93.0,93.0,-8.4,-8.6,-8.6,0.135,0.78,12.7,0.075,0.102,0.088,16.4,16.5,0.343,0.389,0.208,0.212,100.02,103.88,86.57,103.88,0.027,199,1.2,3.5
87,Dikembe Mutombo,Dikembe,1610612751,NJN,37.0,24,15,9,0.625,514.6733333333333,49,131,0.374,0,0,0.0,40,55,0.727,54,99,153,19,34,4,37,16,54,0,138,100,439.1,0,0,392.0,1,2002-03,21.4,103.0,103.1,103.1,93.2,93.1,93.1,9.8,10.0,10.0,0.055,0.56,9.1,0.106,0.184,0.146,16.3,16.3,0.374,0.445,0.161,0.164,96.06,96.01,80.01,96.01,0.071,1028,2.0,5.5
1901,Dion Glover,Dion,1610612737,ATL,24.0,76,32,44,0.421,1887.888333333333,277,648,0.427,56,158,0.354,127,162,0.784,62,220,282,141,108,71,15,48,146,0,737,20,1436.9,2,0,1388.0,1,2002-03,24.8,101.9,101.3,101.3,100.9,101.2,101.2,1.0,0.1,0.1,0.127,1.31,14.6,0.036,0.11,0.075,11.2,11.2,0.471,0.512,0.198,0.203,93.59,93.7,78.09,93.7,0.089,3694,3.6,8.5
1717,Dirk Nowitzki,Dirk,1610612742,DAL,25.0,80,59,21,0.738,3121.16,690,1489,0.463,148,390,0.379,483,548,0.881,81,710,791,239,152,111,82,50,206,0,2011,778,3745.7,41,0,3575.0,1,2002-03,39.0,111.0,112.2,112.2,98.0,99.3,99.3,12.9,12.9,12.9,0.129,1.57,11.3,0.026,0.221,0.125,7.2,7.2,0.513,0.581,0.269,0.273,95.35,94.18,78.48,94.18,0.179,6118,8.6,18.6
690,Don Reid,Don,1610612765,DET,29.0,1,0,1,0.0,10.033333333333331,0,3,0.0,0,0,0.0,1,2,0.5,0,0,0,0,0,0,0,0,4,0,1,-5,1.0,0,0,1.0,1,2002-03,10.0,80.5,84.2,84.2,119.0,105.0,105.0,-38.6,-20.8,-20.8,0.0,0.0,0.0,0.0,0.0,0.0,0.0,0.0,0.0,0.129,0.174,0.17,89.75,93.29,77.74,93.29,-0.215,19,0.0,3.0
2051,Donnell Harvey,Donnell,1610612743,DEN,22.0,77,16,61,0.208,1613.6633333333334,246,551,0.446,1,7,0.143,118,176,0.67,125,284,409,100,123,48,27,49,203,3,611,-346,1353.8,4,0,1271.0,1,2002-03,21.0,86.3,87.5,87.5,98.0,98.4,98.4,-11.7,-10.9,-10.9,0.125,0.81,11.7,0.076,0.187,0.13,14.4,14.4,0.447,0.486,0.207,0.211,92.96,92.15,76.79,92.15,0.107,3093,3.2,7.2
681,Donny Marshall,Donny,1610612751,NJN,30.0,3,2,1,0.667,6.266666666666667,0,3,0.0,0,1,0.0,0,0,0.0,0,3,3,0,1,0,0,0,0,0,0,-7,2.6,0,0,3.0,1,2002-03,2.1,45.0,46.2,46.2,109.4,100.0,100.0,-64.4,-53.8,-53.8,0.0,0.0,0.0,0.0,0.0,0.0,25.0,25.0,0.0,0.0,0.286,0.3,96.51,99.57,82.98,99.57,-0.074,13,0.0,1.0
923,Donyell Marshall,Donyell,1610612741,CHI,30.0,78,28,50,0.359,2375.835,421,918,0.459,33,87,0.379,167,221,0.756,234,465,699,137,135,95,85,76,234,3,1042,-244,2491.3,30,0,2271.0,1,2002-03,30.5,97.5,98.5,98.5,103.1,103.6,103.6,-5.6,-5.1,-5.1,0.099,1.01,10.6,0.097,0.188,0.143,10.5,10.5,0.477,0.513,0.211,0.213,96.38,95.67,79.73,95.67,0.128,4734,5.4,11.8
57,Doug Christie,Doug,1610612758,SAC,33.0,80,57,23,0.713,2709.6383333333333,267,557,0.479,73,185,0.395,141,174,0.81,61,281,342,376,144,180,37,21,186,0,748,523,2229.4,5,0,1973.0,1,2002-03,33.9,105.3,106.0,106.0,95.9,96.4,96.4,9.4,9.6,9.6,0.185,2.61,32.9,0.023,0.095,0.061,12.6,12.5,0.545,0.59,0.123,0.126,98.99,98.41,82.01,98.41,0.101,5551,3.3,7.0
2400,Drew Gooden,Drew,1610612753,ORL,21.0,70,25,45,0.357,1875.57,355,777,0.457,14,48,0.292,151,212,0.712,163,292,455,83,150,53,35,70,172,1,875,-140,1659.5,12,0,1603.0,2,2002-03,26.8,101.5,102.5,102.5,105.2,106.4,106.4,-3.8,-3.9,-3.9,0.076,0.55,7.5,0.089,0.159,0.124,13.5,13.6,0.466,0.503,0.241,0.243,95.44,94.49,78.74,94.49,0.093,3694,5.1,11.1
1863,Earl Boykins,Earl,1610612744,GSW,27.0,68,34,34,0.5,1321.535,199,464,0.429,29,77,0.377,173,200,0.865,35,53,88,221,73,38,4,30,75,0,600,71,1090.1,0,0,1022.0,1,2002-03,19.4,106.1,106.2,106.2,102.9,103.7,103.7,3.2,2.5,2.5,0.278,3.03,26.2,0.026,0.038,0.032,8.7,8.6,0.46,0.543,0.2,0.206,95.77,95.31,79.42,95.31,0.114,2627,2.9,6.8
2248,Earl Watson,Earl,1610612763,MEM,24.0,79,27,52,0.342,1361.9616666666666,170,391,0.435,31,91,0.341,62,86,0.721,46,118,164,225,88,89,14,33,138,0,433,-20,1188.3,0,0,1059.0,1,2002-03,17.2,97.0,96.4,96.4,98.3,97.1,97.1,-1.3,-0.7,-0.7,0.277,2.56,30.3,0.034,0.089,0.061,11.9,11.9,0.474,0.505,0.169,0.173,93.19,94.08,78.4,94.08,0.103,2669,2.2,4.9
2204,Eddie Griffin,Eddie,1610612745,HOU,21.0,77,41,36,0.532,1882.4316666666664,271,678,0.4,64,192,0.333,58,94,0.617,138,323,461,86,76,52,111,40,136,0,664,151,1759.2,8,0,1601.0,1,2002-03,24.4,102.0,102.5,102.5,97.9,98.2,98.2,4.1,4.2,4.2,0.077,1.13,9.7,0.075,0.167,0.122,8.6,8.6,0.447,0.462,0.193,0.195,92.1,91.73,76.44,91.73,0.1,3597,3.5,8.8
2067,Eddie House,Eddie,1610612748,MIA,25.0,55,10,45,0.182,1025.1866666666667,172,444,0.387,36,120,0.3,31,36,0.861,17,84,101,87,46,44,1,17,73,2,411,-120,751.7,0,0,725.0,1,2002-03,18.6,91.5,91.8,91.8,99.2,97.7,97.7,-7.7,-5.9,-5.9,0.168,1.89,14.7,0.015,0.086,0.048,7.8,7.8,0.428,0.447,0.223,0.227,91.3,91.86,76.55,91.86,0.085,1960,3.1,8.1
224,Eddie Jones,Eddie,1610612748,MIA,31.0,47,17,30,0.362,1788.1133333333332,291,688,0.423,98,241,0.407,189,230,0.822,35,191,226,173,85,64,31,31,137,1,869,-101,1599.7,2,0,1556.0,1,2002-03,38.0,96.5,97.1,97.1,99.0,100.3,100.3,-2.5,-3.3,-3.3,0.184,2.04,16.7,0.019,0.114,0.065,8.2,8.1,0.494,0.551,0.225,0.232,89.83,89.0,74.17,89.0,0.137,3319,6.2,14.6
1944,Eddie Robinson,Eddie,1610612741,CHI,27.0,64,22,42,0.344,1354.361666666667,155,315,0.492,3,14,0.214,51,63,0.81,76,124,200,66,52,62,13,6,120,0,364,-90,876.0,0,0,783.0,1,2002-03,21.2,98.7,99.6,99.6,102.8,102.7,102.7,-4.1,-3.1,-3.1,0.075,1.27,14.3,0.056,0.089,0.073,11.3,11.3,0.497,0.531,0.126,0.128,96.15,95.74,79.79,95.74,0.076,2698,2.4,4.9
2201,Eddy Curry,Eddy,1610612741,CHI,20.0,81,30,51,0.37,1576.3216666666667,335,573,0.585,0,0,0.0,179,287,0.624,116,237,353,37,137,18,62,49,226,1,849,-175,1431.1,5,0,1399.0,1,2002-03,19.5,98.5,99.4,99.4,104.8,104.3,104.3,-6.3,-4.9,-4.9,0.041,0.27,4.2,0.077,0.149,0.114,15.7,15.7,0.585,0.607,0.234,0.237,96.64,96.41,80.34,96.41,0.1,3156,4.1,7.1
2059,Eduardo Najera,Eduardo,1610612742,DAL,26.0,48,36,12,0.75,1100.4466666666667,129,231,0.558,0,1,0.0,62,91,0.681,90,133,223,47,23,40,22,23,129,1,320,274,821.1,3,0,714.0,1,2002-03,22.9,112.0,112.2,112.2,98.1,98.6,98.6,13.9,13.7,13.7,0.06,2.04,13.7,0.084,0.115,0.1,6.7,6.7,0.558,0.59,0.12,0.121,94.9,94.59,78.82,94.59,0.084,2158,2.7,4.8
981,Efthimios Rentzias,Efthimios,1610612755,PHI,27.0,35,23,12,0.657,143.38166666666666,20,59,0.339,4,8,0.5,8,9,0.889,10,16,26,7,4,6,2,4,21,0,52,-18,113.7,0,0,105.0,1,2002-03,4.1,94.3,92.0,92.0,105.9,97.0,97.0,-11.6,-5.0,-5.0,0.086,1.75,9.5,0.061,0.132,0.092,5.4,5.4,0.373,0.413,0.19,0.199,95.44,100.93,84.11,100.93,0.051,300,0.6,1.7
922,Elden Campbell,Elden,1610612760,SEA,34.0,56,28,28,0.5,867.9583333333334,117,295,0.397,0,1,0.0,109,136,0.801,47,134,181,51,50,33,39,22,129,1,343,45,802.7,0,0,719.0,2,2002-03,15.5,99.7,98.9,98.9,94.9,95.2,95.2,4.7,3.7,3.7,0.111,1.02,11.1,0.058,0.155,0.108,10.8,11.0,0.397,0.483,0.225,0.228,89.5,89.73,74.77,89.73,0.09,1615,2.1,5.3
1882,Elton Brand,Elton,1610612746,LAC,24.0,62,22,40,0.355,2450.0716666666667,451,899,0.502,0,1,0.0,244,356,0.685,283,420,703,157,161,71,158,60,204,0,1146,-149,2751.1,44,1,2464.0,1,2002-03,39.5,100.2,101.4,101.4,102.9,103.9,103.9,-2.7,-2.5,-2.5,0.119,0.98,11.5,0.117,0.166,0.142,11.7,11.7,0.502,0.543,0.22,0.223,94.54,93.53,77.94,93.53,0.141,4760,7.3,14.5
1023,Emanual Davis,Emanual,1610612737,ATL,34.0,24,9,15,0.375,340.14666666666665,32,88,0.364,7,29,0.241,17,22,0.773,5,38,43,36,25,12,2,7,28,0,88,-66,210.6,0,0,202.0,1,2002-03,14.2,92.5,89.6,89.6,98.6,98.4,98.4,-6.0,-8.8,-8.8,0.188,1.44,22.5,0.016,0.103,0.062,15.6,15.8,0.403,0.45,0.161,0.167,93.72,95.32,79.44,95.32,0.071,672,1.3,3.7
15,Eric Piatkowski,Eric,1610612746,LAC,32.0,62,20,42,0.323,1360.8183333333334,210,446,0.471,80,201,0.398,101,122,0.828,44,112,156,70,56,33,9,20,92,0,601,19,963.2,0,0,991.0,1,2002-03,21.9,103.0,103.6,103.6,102.9,103.2,103.2,0.1,0.4,0.4,0.087,1.25,11.4,0.033,0.081,0.058,9.1,9.0,0.561,0.601,0.178,0.184,94.05,93.61,78.01,93.61,0.1,2658,3.4,7.2
727,Eric Snow,Eric,1610612755,PHI,30.0,82,48,34,0.585,3108.895,361,799,0.452,7,32,0.219,325,379,0.858,71,230,301,544,194,133,11,50,235,0,1054,122,2469.2,10,1,2194.0,1,2002-03,37.9,101.4,102.1,102.1,100.4,100.1,100.1,1.0,2.0,2.0,0.278,2.8,32.0,0.023,0.08,0.051,11.4,11.4,0.456,0.546,0.165,0.168,93.75,93.57,77.98,93.57,0.111,6062,4.4,9.7
677,Eric Williams,Eric,1610612738,BOS,30.0,82,44,38,0.537,2350.3116666666665,254,575,0.442,37,110,0.336,201,268,0.75,143,239,382,140,97,86,19,45,234,0,746,69,1632.4,3,0,1515.0,1,2002-03,28.7,100.1,100.1,100.1,98.2,98.8,98.8,1.9,1.2,1.2,0.103,1.44,15.0,0.06,0.104,0.081,10.4,10.4,0.474,0.538,0.153,0.155,93.59,93.27,77.73,93.27,0.081,4573,3.1,7.0
956,Erick Dampier,Erick,1610612744,GSW,27.0,82,38,44,0.463,1976.5416666666667,259,522,0.496,0,2,0.0,155,222,0.698,248,295,543,58,112,27,154,45,242,0,673,-170,1842.6,10,0,1636.0,1,2002-03,24.1,102.6,104.0,104.0,106.8,108.0,108.0,-4.3,-4.0,-4.0,0.045,0.52,7.3,0.118,0.143,0.131,14.1,14.2,0.496,0.543,0.157,0.158,96.8,95.57,79.64,95.57,0.083,3929,3.2,6.4
1065,Erick Strickland,Erick,1610612754,IND,29.0,71,40,31,0.563,1277.638333333333,163,380,0.429,62,160,0.388,70,87,0.805,23,122,145,209,98,38,7,13,111,0,458,53,982.5,2,0,964.0,1,2002-03,18.0,101.0,100.0,100.0,98.5,98.1,98.1,2.4,1.9,1.9,0.279,2.13,28.9,0.018,0.092,0.056,13.5,13.5,0.511,0.547,0.181,0.186,92.12,92.8,77.33,92.8,0.105,2473,2.3,5.4
911,Ervin Johnson,Ervin,1610612749,MIL,35.0,69,36,33,0.522,1170.6833333333334,61,135,0.452,0,0,0.0,30,44,0.682,117,177,294,24,34,34,63,9,178,2,152,-20,797.8,1,0,664.0,1,2002-03,17.0,104.9,103.5,103.5,102.7,103.1,103.1,2.2,0.4,0.4,0.03,0.71,11.3,0.104,0.151,0.128,16.0,16.0,0.452,0.492,0.075,0.077,90.5,90.94,75.78,90.94,0.047,2204,0.9,2.0
2041,Etan Thomas,Etan,1610612764,WAS,25.0,38,21,17,0.553,514.0566666666666,61,124,0.492,0,0,0.0,60,94,0.638,70,95,165,3,33,8,23,20,66,0,182,-23,444.5,1,0,412.0,1,2002-03,13.5,97.5,96.7,96.7,96.8,98.1,98.1,0.7,-1.3,-1.3,0.01,0.09,1.5,0.13,0.189,0.159,16.3,16.4,0.492,0.55,0.174,0.176,92.62,92.35,76.96,92.35,0.094,984,1.6,3.3
1915,Evan Eschmeyer,Evan,1610612742,DAL,28.0,17,11,6,0.647,135.20833333333334,7,19,0.368,0,0,0.0,3,4,0.75,10,19,29,6,6,10,7,5,35,0,17,-21,105.8,0,0,86.0,1,2002-03,8.0,86.5,84.1,84.1,92.6,91.5,91.5,-6.1,-7.4,-7.4,0.074,1.0,18.2,0.067,0.129,0.098,18.2,18.3,0.368,0.409,0.087,0.089,94.51,96.38,80.32,96.38,0.018,271,0.4,1.1
2436,Flip Murray,Flip,1610612760,SEA,23.0,14,6,8,0.429,62.90833333333333,11,31,0.355,0,5,0.0,5,8,0.625,0,4,4,5,8,4,0,1,0,0,27,-2,43.3,0,0,44.0,2,2002-03,4.5,93.0,91.3,91.3,97.1,90.7,90.7,-4.1,0.6,0.6,0.143,0.63,10.9,0.0,0.062,0.031,17.4,16.8,0.355,0.391,0.295,0.316,93.15,97.28,81.07,97.28,0.042,126,0.8,2.2
2421,Frank Williams,Frank,1610612752,NYK,23.0,21,6,15,0.286,167.415,9,33,0.273,6,16,0.375,4,6,0.667,3,15,18,34,17,7,2,1,20,0,28,-81,110.6,0,0,104.0,1,2002-03,8.0,84.4,86.0,86.0,113.6,109.8,109.8,-29.2,-23.8,-23.8,0.374,2.0,39.1,0.017,0.1,0.056,19.5,19.6,0.364,0.393,0.144,0.146,92.21,92.89,77.41,92.89,0.048,322,0.4,1.6
697,Fred Hoiberg,Fred,1610612741,CHI,30.0,63,23,40,0.365,786.4316666666666,49,126,0.389,5,21,0.238,41,50,0.82,11,126,137,70,25,40,5,5,59,0,144,10,523.4,0,0,446.0,1,2002-03,12.5,99.4,98.9,98.9,99.3,98.0,98.0,0.1,0.8,0.8,0.131,2.8,29.2,0.014,0.155,0.086,10.4,10.3,0.409,0.486,0.094,0.098,95.6,96.47,80.39,96.47,0.091,1579,0.8,2.0
2410,Fred Jones,Fred,1610612754,IND,24.0,19,12,7,0.632,112.55833333333334,9,24,0.375,2,7,0.286,3,4,0.75,4,5,9,5,6,6,1,3,13,0,23,-15,56.3,0,0,53.0,1,2002-03,5.9,89.5,86.6,86.6,94.0,89.3,89.3,-4.6,-2.7,-2.7,0.078,0.83,13.5,0.034,0.038,0.036,16.2,16.3,0.417,0.446,0.123,0.128,93.64,97.66,81.38,97.66,0.025,224,0.5,1.3
56,Gary Payton,Gary,1610612749,MIL,34.0,80,37,43,0.463,3209.615,665,1466,0.454,54,182,0.297,250,352,0.71,79,255,334,663,187,133,20,73,181,0,1634,-50,3301.3,28,0,2991.0,2,2002-03,40.1,103.2,104.4,104.4,104.2,105.1,105.1,-1.0,-0.7,-0.7,0.366,3.55,26.9,0.024,0.084,0.053,7.6,7.6,0.472,0.504,0.256,0.259,92.18,91.3,76.08,91.3,0.14,6101,8.3,18.3
718,Gary Trent,Gary,1610612750,MIN,28.0,80,50,30,0.625,1223.045,208,389,0.535,0,2,0.0,60,101,0.594,106,185,291,77,59,32,23,32,142,1,476,-106,1046.7,3,0,954.0,1,2002-03,15.3,98.5,97.6,97.6,101.1,101.8,101.8,-2.6,-4.2,-4.2,0.105,1.31,13.5,0.087,0.145,0.117,10.4,10.4,0.535,0.549,0.179,0.185,93.73,93.86,78.21,93.86,0.103,2389,2.6,4.9
248,George Lynch,George,1610612740,NOH,32.0,81,47,34,0.58,1496.105,147,359,0.409,28,79,0.354,41,74,0.554,139,214,353,104,52,66,19,37,136,0,363,129,1145.6,2,0,1018.0,1,2002-03,18.5,99.7,100.2,100.2,94.8,95.5,95.5,4.9,4.6,4.6,0.109,2.0,18.9,0.091,0.145,0.118,9.5,9.5,0.448,0.464,0.131,0.133,92.4,91.85,76.55,91.85,0.089,2861,1.8,4.4
2222,Gerald Wallace,Gerald,1610612758,SAC,20.0,47,35,12,0.745,572.825,90,183,0.492,1,4,0.25,39,74,0.527,38,90,128,23,44,24,15,18,68,0,220,34,481.1,2,0,450.0,1,2002-03,12.2,98.2,97.8,97.8,94.5,95.3,95.3,3.7,2.5,2.5,0.065,0.52,8.1,0.063,0.141,0.103,15.4,15.6,0.495,0.51,0.195,0.198,98.14,97.91,81.6,97.91,0.08,1171,1.9,3.9
2240,Gilbert Arenas,Gilbert,1610612744,GSW,21.0,82,38,44,0.463,2867.895,509,1180,0.431,109,313,0.348,370,468,0.791,97,289,386,514,290,124,17,98,260,0,1497,-75,2864.2,11,0,2788.0,1,2002-03,35.0,105.3,106.6,106.6,107.1,108.0,108.0,-1.8,-1.4,-1.4,0.294,1.77,23.5,0.032,0.095,0.063,13.3,13.2,0.478,0.54,0.242,0.245,98.4,97.38,81.15,97.38,0.116,5821,6.2,14.4
779,Glen Rice,Glen,1610612745,HOU,36.0,62,34,28,0.548,1533.8933333333334,196,457,0.429,101,254,0.398,63,83,0.759,28,126,154,65,55,23,5,12,99,0,556,3,867.3,0,0,932.0,1,2002-03,24.7,100.3,100.9,100.9,101.4,101.5,101.5,-1.0,-0.6,-0.6,0.075,1.18,10.7,0.019,0.081,0.051,9.1,9.0,0.539,0.563,0.162,0.166,90.64,90.34,75.29,90.34,0.077,2897,3.2,7.4
299,Glenn Robinson,Glenn,1610612737,ATL,30.0,69,26,43,0.377,2591.7833333333333,539,1248,0.432,90,263,0.342,268,306,0.876,86,371,457,205,248,91,26,50,183,1,1436,-177,2394.9,9,0,2422.0,1,2002-03,37.6,101.0,101.2,101.2,104.8,105.2,105.2,-3.8,-4.1,-4.1,0.15,0.83,11.2,0.035,0.139,0.089,13.5,13.5,0.468,0.519,0.28,0.285,94.95,94.66,78.88,94.66,0.113,5126,7.8,18.1
1921,Gordan Giricek,Gordan,1610612753,ORL,26.0,76,30,46,0.395,2154.391666666667,350,803,0.436,85,249,0.341,150,183,0.82,36,202,238,137,145,52,8,43,159,0,935,-152,1461.1,0,0,1515.0,2,2002-03,28.3,100.6,101.1,101.1,104.2,105.0,105.0,-3.6,-3.9,-3.9,0.108,0.94,11.8,0.017,0.093,0.055,12.5,12.4,0.489,0.529,0.208,0.212,96.31,95.67,79.73,95.67,0.078,4301,4.6,10.6
255,Grant Hill,Grant,1610612753,ORL,30.0,29,14,15,0.483,840.79,151,307,0.492,1,4,0.25,118,144,0.819,40,166,206,122,84,28,13,12,46,0,421,58,890.2,5,0,832.0,1,2002-03,29.0,106.7,107.0,107.0,102.2,103.8,103.8,4.6,3.3,3.3,0.241,1.45,21.0,0.049,0.199,0.125,14.5,14.6,0.493,0.568,0.241,0.242,96.75,95.88,79.9,95.88,0.158,1681,5.2,10.6
3,Grant Long,Grant,1610612738,BOS,37.0,41,21,20,0.512,489.72833333333335,27,70,0.386,0,3,0.0,18,23,0.783,24,59,83,25,19,9,1,6,62,0,72,-58,220.1,0,0,200.0,1,2002-03,11.9,91.9,89.6,89.6,96.2,94.0,94.0,-4.3,-4.5,-4.5,0.089,1.32,20.0,0.05,0.121,0.085,15.2,15.3,0.386,0.449,0.094,0.098,90.57,92.77,77.31,92.77,0.037,938,0.7,1.7
1761,Greg Buckner,Greg,1610612755,PHI,26.0,75,45,30,0.6,1516.236666666667,185,398,0.465,15,55,0.273,65,81,0.802,72,144,216,96,62,72,16,24,203,0,450,86,1055.2,0,0,953.0,1,2002-03,20.2,103.4,101.9,101.9,100.0,97.9,97.9,3.4,4.0,4.0,0.103,1.55,16.2,0.048,0.1,0.073,10.5,10.5,0.484,0.519,0.143,0.148,93.34,95.02,79.18,95.02,0.068,2984,2.5,5.3
323,Greg Foster,Greg,1610612761,TOR,34.0,29,5,24,0.172,539.005,47,122,0.385,1,4,0.25,26,32,0.813,30,72,102,13,30,1,9,3,82,1,121,-119,262.9,0,0,257.0,1,2002-03,18.6,91.8,91.3,91.3,103.5,103.6,103.6,-11.7,-12.3,-12.3,0.043,0.43,7.3,0.053,0.152,0.098,16.8,16.8,0.389,0.445,0.14,0.144,90.24,90.48,75.4,90.48,0.023,1019,1.6,4.2
731,Greg Ostertag,Greg,1610612762,UTA,30.0,81,47,34,0.58,1926.885,169,326,0.518,0,0,0.0,100,196,0.51,180,323,503,55,104,20,147,25,235,2,438,289,1521.1,6,0,1330.0,1,2002-03,23.8,104.0,105.2,105.2,95.7,96.5,96.5,8.3,8.7,8.7,0.042,0.53,9.6,0.108,0.167,0.14,18.1,18.2,0.518,0.531,0.125,0.125,90.4,89.49,74.58,89.49,0.068,3580,2.1,4.0
2462,Guy Rucker,Guy,1610612744,GSW,25.0,3,0,3,0.0,3.225,0,0,0.0,0,0,0.0,0,0,0.0,0,1,1,1,0,0,0,0,1,0,0,-3,2.7,0,0,2.0,1,2002-03,1.1,50.0,40.0,40.0,103.6,87.5,87.5,-53.6,-47.5,-47.5,0.5,0.0,100.0,0.0,0.0,0.0,0.0,0.0,0.0,0.0,0.0,0.0,109.84,133.95,111.63,133.95,0.125,10,0.0,0.0
2045,Hedo Turkoglu,Hedo,1610612758,SAC,24.0,67,47,20,0.701,1178.155,165,391,0.422,29,78,0.372,88,110,0.8,35,153,188,87,50,25,12,18,125,0,447,-58,864.1,0,0,825.0,1,2002-03,17.6,96.8,97.2,97.2,98.3,99.0,99.0,-1.5,-1.8,-1.8,0.121,1.74,15.0,0.028,0.118,0.074,8.6,8.7,0.459,0.509,0.183,0.185,96.81,96.29,80.24,96.29,0.084,2356,2.5,5.8
270,Horace Grant,Horace,1610612753,ORL,37.0,5,3,2,0.6,85.06166666666667,13,25,0.52,0,0,0.0,0,0,0.0,2,6,8,7,1,3,0,1,5,0,26,-14,54.1,0,0,47.0,1,2002-03,17.0,92.2,92.7,92.7,99.3,99.4,99.4,-7.1,-6.7,-6.7,0.132,7.0,21.2,0.024,0.08,0.051,3.0,3.0,0.52,0.52,0.141,0.142,94.27,93.96,78.3,93.96,0.087,165,2.6,5.0
458,Howard Eisley,Howard,1610612752,NYK,30.0,82,37,45,0.451,2244.7366666666667,262,628,0.417,131,337,0.389,89,105,0.848,24,162,186,444,149,71,9,18,222,0,744,-80,1724.2,4,0,1665.0,1,2002-03,27.4,101.6,103.1,103.1,104.5,104.7,104.7,-2.8,-1.5,-1.5,0.308,2.98,35.0,0.011,0.077,0.043,11.8,11.8,0.521,0.552,0.169,0.171,92.86,92.09,76.74,92.09,0.093,4300,3.2,7.7
93,Hubert Davis,Hubert,1610612765,DET,33.0,43,26,17,0.605,322.98,31,79,0.392,12,36,0.333,5,6,0.833,6,30,36,29,11,5,0,1,23,0,79,-29,169.7,0,0,166.0,1,2002-03,7.5,97.2,93.3,93.3,98.6,97.2,97.2,-1.3,-4.0,-4.0,0.163,2.64,24.0,0.019,0.095,0.057,9.1,9.0,0.468,0.484,0.132,0.14,88.57,91.03,75.86,91.03,0.069,610,0.7,1.8
2080,Igor Rakocevic,Igor,1610612750,MIN,25.0,42,23,19,0.548,240.12166666666667,22,58,0.379,5,12,0.417,29,36,0.806,4,13,17,33,23,4,0,5,25,0,78,48,136.9,0,0,141.0,1,2002-03,5.7,101.7,98.8,98.8,91.5,86.5,86.5,10.2,12.3,12.3,0.202,1.43,25.4,0.018,0.049,0.035,17.7,17.7,0.422,0.528,0.175,0.182,97.89,102.15,85.12,102.15,0.053,503,0.5,1.4
1956,Ira Newble,Ira,1610612737,ATL,28.0,73,30,43,0.411,1927.2883333333332,231,467,0.495,32,84,0.381,70,90,0.778,86,185,271,99,69,50,26,31,174,0,564,-291,1196.7,1,0,1118.0,1,2002-03,26.4,98.7,98.1,98.1,104.8,105.7,105.7,-6.1,-7.6,-7.6,0.086,1.43,14.7,0.047,0.092,0.071,10.3,10.2,0.529,0.557,0.133,0.137,94.01,93.89,78.24,93.89,0.073,3768,3.2,6.4
2452,J.R. Bremer,J.R.,1610612738,BOS,22.0,64,32,32,0.5,1500.9383333333333,171,464,0.369,101,286,0.353,85,111,0.766,18,127,145,164,59,38,3,23,80,1,528,-75,1012.0,0,0,1020.0,1,2002-03,23.5,99.9,99.4,99.4,102.0,102.2,102.2,-2.1,-2.7,-2.7,0.19,2.78,22.2,0.012,0.088,0.049,8.0,8.0,0.477,0.515,0.178,0.18,91.65,91.77,76.47,91.77,0.087,2871,2.7,7.3
1521,Jacque Vaughn,Jacque,1610612753,ORL,28.0,80,41,39,0.513,1689.7966666666666,184,411,0.448,8,34,0.235,97,125,0.776,26,92,118,232,97,64,2,36,169,0,473,-3,1063.6,1,0,963.0,1,2002-03,21.1,101.9,102.0,102.0,102.0,102.1,102.1,0.0,-0.2,-0.2,0.213,2.39,29.2,0.015,0.057,0.036,12.2,12.2,0.457,0.508,0.147,0.151,95.24,95.16,79.3,95.16,0.066,3351,2.3,5.1
1751,Jahidi White,Jahidi,1610612764,WAS,27.0,16,6,10,0.375,230.31333333333333,25,53,0.472,0,0,0.0,17,25,0.68,37,36,73,2,9,1,12,8,33,1,67,-29,187.6,0,0,168.0,1,2002-03,14.4,104.6,105.5,105.5,109.5,109.8,109.8,-4.9,-4.3,-4.3,0.013,0.22,2.7,0.155,0.168,0.162,12.0,12.0,0.472,0.523,0.147,0.149,89.08,88.57,73.81,88.57,0.068,420,1.6,3.3
2054,Jake Tsakalidis,Jake,1610612756,PHX,24.0,33,18,15,0.545,542.3716666666667,61,135,0.452,0,0,0.0,39,58,0.672,45,77,122,13,26,6,17,25,80,0,161,-73,369.9,0,0,342.0,1,2002-03,16.4,91.1,92.0,92.0,97.6,97.7,97.7,-6.5,-5.7,-5.7,0.038,0.5,6.5,0.081,0.143,0.111,13.0,13.0,0.452,0.501,0.151,0.154,95.12,94.65,78.88,94.65,0.053,1063,1.8,4.1
2063,Jake Voskuhl,Jake,1610612756,PHX,25.0,65,31,34,0.477,947.105,92,163,0.564,0,0,0.0,64,96,0.667,97,128,225,36,48,18,29,20,172,1,248,82,665.0,1,0,603.0,1,2002-03,14.6,102.6,102.0,102.0,96.8,96.7,96.7,5.8,5.2,5.2,0.056,0.75,12.4,0.099,0.135,0.117,16.6,16.6,0.564,0.604,0.116,0.119,95.45,95.76,79.8,95.76,0.059,1881,1.4,2.5
147,Jalen Rose,Jalen,1610612741,CHI,30.0,82,30,52,0.366,3351.891666666667,642,1583,0.406,133,359,0.37,399,467,0.854,68,283,351,395,285,72,23,63,271,1,1816,-395,2829.7,7,1,2885.0,1,2002-03,40.9,98.0,99.3,99.3,104.4,105.1,105.1,-6.4,-5.9,-5.9,0.209,1.39,16.1,0.02,0.082,0.051,11.6,11.5,0.448,0.508,0.27,0.274,96.19,95.25,79.38,95.25,0.098,6649,7.8,19.3
2048,Jamaal Magloire,Jamaal,1610612740,NOH,25.0,82,47,35,0.573,2444.1566666666668,305,635,0.48,0,3,0.0,231,322,0.717,260,464,724,88,158,49,111,58,276,7,841,129,2163.8,24,0,1973.0,1,2002-03,29.8,101.8,103.5,103.5,99.4,100.4,100.4,2.5,3.0,3.0,0.058,0.56,8.6,0.107,0.196,0.151,15.4,15.4,0.48,0.541,0.172,0.174,92.17,90.98,75.81,90.98,0.101,4627,3.7,7.7
2224,Jamaal Tinsley,Jamaal,1610612754,IND,25.0,73,43,30,0.589,2237.988333333333,220,556,0.396,46,166,0.277,80,112,0.714,58,202,260,548,192,125,18,33,201,0,566,162,1937.0,8,0,1706.0,1,2002-03,30.7,101.8,102.9,102.9,98.7,99.6,99.6,3.1,3.3,3.3,0.378,2.85,40.7,0.026,0.089,0.057,14.2,14.3,0.437,0.468,0.157,0.158,95.98,95.08,79.23,95.08,0.099,4441,3.0,7.6
2037,Jamal Crawford,Jamal,1610612741,CHI,23.0,80,28,52,0.35,1987.9183333333333,334,808,0.413,86,242,0.355,104,129,0.806,21,164,185,334,134,77,25,23,126,0,858,-15,1753.0,4,0,1667.0,1,2002-03,24.8,99.3,100.2,100.2,101.2,101.0,101.0,-1.9,-0.9,-0.9,0.28,2.49,25.1,0.01,0.08,0.045,10.1,10.1,0.467,0.496,0.219,0.221,95.82,95.44,79.53,95.44,0.111,3962,4.2,10.1
469,Jamal Mashburn,Jamal,1610612740,NOH,30.0,82,47,35,0.573,3325.806666666667,670,1586,0.422,119,306,0.389,313,369,0.848,66,432,498,462,230,83,17,81,196,1,1772,152,3132.6,11,2,3051.0,1,2002-03,40.6,101.9,103.1,103.1,99.3,100.5,100.5,2.6,2.6,2.6,0.259,2.01,19.0,0.02,0.134,0.076,9.5,9.4,0.46,0.507,0.265,0.271,92.38,91.25,76.04,91.25,0.137,6317,8.2,19.3
2441,Jamal Sampson,Jamal,1610612749,MIL,20.0,5,3,2,0.6,8.818333333333333,0,2,0.0,0,0,0.0,0,0,0.0,1,1,2,1,0,1,0,0,0,0,0,2,6.9,0,0,5.0,1,2002-03,1.8,56.7,52.9,52.9,44.4,35.0,35.0,12.3,17.9,17.9,0.333,0.0,33.3,0.0,0.1,0.0,0.0,0.0,0.0,0.0,0.111,0.118,86.11,100.7,83.92,100.7,0.143,17,0.0,0.4
1899,James Posey,James,1610612745,HOU,26.0,83,35,48,0.422,2517.903333333333,309,752,0.411,70,229,0.306,205,246,0.833,90,336,426,184,144,106,15,38,197,0,893,-142,1899.2,8,1,1815.0,2,2002-03,30.3,96.0,97.7,97.7,100.0,100.7,100.7,-4.0,-3.0,-3.0,0.126,1.28,15.6,0.036,0.139,0.086,12.2,12.1,0.457,0.519,0.177,0.18,93.2,92.08,76.73,92.08,0.102,4831,3.7,9.1
2249,Jamison Brewer,Jamison,1610612754,IND,22.0,10,5,5,0.5,80.435,9,17,0.529,0,2,0.0,4,9,0.444,5,4,9,18,6,2,1,1,11,0,22,6,62.8,0,0,55.0,1,2002-03,8.0,105.4,104.5,104.5,99.3,95.7,95.7,6.1,8.9,8.9,0.36,3.0,40.0,0.058,0.052,0.055,13.3,13.3,0.529,0.525,0.143,0.148,92.19,94.29,78.57,94.29,0.084,154,0.9,1.7
2457,Jannero Pargo,Jannero,1610612747,LAL,23.0,34,20,14,0.588,339.12,37,93,0.398,7,24,0.292,4,4,1.0,9,28,37,39,23,13,2,3,45,0,85,4,209.9,0,0,198.0,1,2002-03,10.0,101.0,100.1,100.1,100.9,99.3,99.3,0.1,0.9,0.9,0.168,1.7,24.8,0.024,0.088,0.053,14.6,14.7,0.435,0.449,0.146,0.15,95.62,96.82,80.68,96.82,0.042,683,1.1,2.7
2407,Jared Jeffries,Jared,1610612764,WAS,21.0,20,7,13,0.35,290.34166666666664,30,63,0.476,3,6,0.5,16,29,0.552,26,32,58,16,21,8,5,4,28,0,79,41,190.6,0,0,182.0,1,2002-03,14.5,97.6,97.1,97.1,91.0,89.1,89.1,6.6,8.0,8.0,0.091,0.76,14.2,0.095,0.112,0.103,18.6,18.6,0.5,0.521,0.152,0.156,91.07,92.25,76.87,92.25,0.073,556,1.5,3.2
2260,Jarron Collins,Jarron,1610612762,UTA,24.0,22,12,10,0.545,420.84,38,86,0.442,0,1,0.0,44,62,0.71,32,28,60,14,19,5,6,16,70,0,120,-36,227.0,0,0,216.0,1,2002-03,19.1,96.6,97.4,97.4,101.0,101.4,101.4,-4.5,-4.0,-4.0,0.06,0.74,9.5,0.079,0.071,0.075,12.8,13.0,0.442,0.53,0.14,0.142,92.24,91.7,76.42,91.7,0.029,802,1.7,3.9
679,Jason Caffey,Jason,1610612749,MIL,30.0,51,24,27,0.471,894.5666666666667,113,248,0.456,0,0,0.0,69,106,0.651,68,108,176,38,56,19,15,27,122,0,295,-46,609.2,2,0,577.0,1,2002-03,17.5,102.5,102.1,102.1,104.9,104.2,104.2,-2.4,-2.1,-2.1,0.069,0.68,9.8,0.08,0.121,0.101,14.4,14.4,0.456,0.501,0.179,0.184,91.88,92.32,76.93,92.32,0.052,1716,2.2,4.9
2044,Jason Collier,Jason,1610612745,HOU,25.0,13,6,7,0.462,105.325,17,36,0.472,0,0,0.0,2,2,1.0,12,17,29,1,2,2,1,5,10,1,36,-7,79.3,0,0,72.0,1,2002-03,8.1,93.4,93.0,93.0,98.9,95.5,95.5,-5.4,-2.5,-2.5,0.018,0.5,2.6,0.105,0.163,0.133,5.1,5.0,0.472,0.488,0.16,0.169,89.86,91.6,76.34,91.6,0.101,200,1.3,2.8
2215,Jason Collins,Jason,1610612751,NJN,24.0,81,48,33,0.593,1897.5716666666667,140,338,0.414,0,4,0.0,180,236,0.763,136,232,368,87,85,47,44,44,252,1,460,299,1220.1,0,0,1097.0,1,2002-03,23.4,101.7,102.5,102.5,94.1,94.0,94.0,7.6,8.5,8.5,0.07,1.02,14.1,0.072,0.127,0.099,13.8,13.8,0.414,0.521,0.124,0.126,94.01,93.67,78.06,93.67,0.058,3695,1.7,4.2
467,Jason Kidd,Jason,1610612751,NJN,30.0,80,48,32,0.6,2988.5583333333334,515,1244,0.414,126,370,0.341,339,403,0.841,110,394,504,711,296,179,25,35,127,0,1495,497,3482.3,31,4,3244.0,1,2002-03,37.4,103.2,104.7,104.7,95.7,96.4,96.4,7.6,8.2,8.2,0.407,2.4,29.6,0.037,0.13,0.084,12.3,12.2,0.465,0.526,0.248,0.255,95.38,94.34,78.62,94.34,0.174,5881,6.4,15.6
2202,Jason Richardson,Jason,1610612744,GSW,22.0,82,38,44,0.463,2696.705,476,1161,0.41,123,334,0.368,207,271,0.764,111,267,378,247,179,90,23,81,201,0,1282,-153,2266.1,3,0,2256.0,1,2002-03,32.9,105.3,106.1,106.1,108.3,109.3,109.3,-3.1,-3.3,-3.3,0.149,1.38,14.5,0.039,0.093,0.066,10.5,10.5,0.463,0.501,0.225,0.228,98.04,97.21,81.01,97.21,0.086,5473,5.8,14.2
1891,Jason Terry,Jason,1610612737,ATL,25.0,81,34,47,0.42,3083.8483333333334,488,1141,0.428,160,431,0.371,259,292,0.887,37,242,279,600,249,126,14,46,175,0,1395,-117,2800.8,20,1,2714.0,1,2002-03,38.1,100.1,100.5,100.5,102.4,103.2,103.2,-2.3,-2.6,-2.6,0.338,2.41,28.4,0.013,0.075,0.045,11.8,11.8,0.498,0.549,0.22,0.224,94.43,93.85,78.21,93.85,0.127,6050,6.0,14.1
1715,Jason Williams,Jason,1610612763,MEM,27.0,76,24,52,0.316,2405.093333333333,333,859,0.388,143,404,0.354,110,131,0.84,25,187,212,631,168,91,10,14,130,0,919,-149,2254.9,20,0,2107.0,1,2002-03,31.6,104.7,105.5,105.5,108.2,108.7,108.7,-3.6,-3.1,-3.1,0.398,3.76,37.0,0.011,0.077,0.044,9.9,9.8,0.471,0.501,0.197,0.201,96.53,95.96,79.96,95.96,0.112,4809,4.4,11.3
2398,Jay Williams,Jay,1610612741,CHI,21.0,75,26,49,0.347,1961.19,273,685,0.399,65,202,0.322,103,161,0.64,27,168,195,350,171,86,17,56,179,0,714,-380,1611.0,3,1,1530.0,1,2002-03,26.1,95.2,96.0,96.0,104.9,105.6,105.6,-9.8,-9.6,-9.6,0.297,2.05,27.4,0.014,0.083,0.049,13.4,13.4,0.446,0.472,0.206,0.209,97.49,96.75,80.62,96.75,0.082,3952,3.6,9.1
1902,Jeff Foster,Jeff,1610612754,IND,26.0,77,45,32,0.584,802.6783333333333,64,178,0.36,0,2,0.0,34,63,0.54,118,161,279,51,34,28,21,16,103,1,162,-25,686.3,1,0,590.0,1,2002-03,10.4,97.4,96.6,96.6,96.4,96.0,96.0,0.9,0.6,0.6,0.101,1.5,17.6,0.135,0.207,0.169,11.7,11.7,0.36,0.394,0.128,0.133,92.86,93.47,77.89,93.47,0.085,1545,0.8,2.3
976,Jeff McInnis,Jeff,1610612757,POR,28.0,75,47,28,0.627,1312.256666666667,188,423,0.444,6,35,0.171,50,67,0.746,22,75,97,170,75,21,2,27,117,0,432,-152,797.4,0,0,751.0,1,2002-03,17.5,97.4,96.8,96.8,103.2,103.4,103.4,-5.8,-6.6,-6.6,0.222,2.27,24.6,0.017,0.061,0.038,10.8,10.8,0.452,0.477,0.176,0.183,92.62,92.8,77.33,92.8,0.067,2545,2.5,5.6
2244,Jeff Trepagnier,Jeff,1610612743,DEN,23.0,8,1,7,0.125,96.75,17,40,0.425,4,8,0.5,7,7,1.0,8,8,16,6,8,8,0,1,5,0,45,-5,89.2,0,0,87.0,1,2002-03,12.1,96.2,97.4,97.4,100.1,99.0,99.0,-3.9,-1.5,-1.5,0.105,0.75,10.5,0.068,0.08,0.074,14.0,14.0,0.475,0.522,0.215,0.218,97.8,97.74,81.45,97.74,0.117,196,2.1,5.0
1741,Jelani McCoy,Jelani,1610612761,TOR,25.0,67,17,50,0.254,1367.2833333333333,194,395,0.491,0,0,0.0,69,126,0.548,95,260,355,43,96,28,60,58,162,0,457,-313,1115.5,4,0,1031.0,1,2002-03,20.4,92.7,93.0,93.0,105.3,105.2,105.2,-12.6,-12.1,-12.1,0.058,0.45,7.3,0.068,0.195,0.13,16.3,16.3,0.491,0.507,0.181,0.185,92.3,92.19,76.82,92.19,0.084,2629,2.9,5.9
1983,Jermaine Jackson,Jermaine,1610612737,ATL,27.0,53,17,36,0.321,554.6816666666666,40,110,0.364,1,10,0.1,40,55,0.727,19,38,57,74,34,19,6,12,51,0,121,-135,341.4,0,0,303.0,2,2002-03,10.5,93.9,91.4,91.4,105.2,102.6,102.6,-11.3,-11.2,-11.2,0.228,2.18,30.5,0.035,0.07,0.052,14.0,14.0,0.368,0.451,0.138,0.143,91.92,94.28,78.57,94.28,0.059,1083,0.8,2.1
979,Jermaine O'Neal,Jermaine,1610612754,IND,24.0,77,44,33,0.571,2862.5033333333336,610,1260,0.484,7,21,0.333,373,510,0.731,202,594,796,155,180,66,178,132,277,3,1600,187,3339.7,43,1,3046.0,1,2002-03,37.2,101.8,103.2,103.2,98.6,99.9,99.9,3.2,3.3,3.3,0.105,0.86,8.5,0.073,0.202,0.139,9.9,9.9,0.487,0.539,0.262,0.264,94.18,92.9,77.41,92.9,0.151,5542,7.9,16.4
1744,Jerome James,Jerome,1610612760,SEA,27.0,51,25,26,0.49,765.2133333333334,111,232,0.478,0,0,0.0,54,92,0.587,78,138,216,27,75,12,82,21,166,0,276,17,782.7,1,0,707.0,1,2002-03,15.0,97.1,96.9,96.9,95.0,95.0,95.0,2.1,1.9,1.9,0.064,0.36,7.2,0.108,0.179,0.145,19.9,20.0,0.478,0.506,0.211,0.216,90.16,90.23,75.19,90.23,0.063,1433,2.2,4.5
2040,Jerome Moiso,Jerome,1610612740,NOH,25.0,51,30,21,0.588,635.7733333333333,89,171,0.52,0,0,0.0,27,41,0.659,59,119,178,22,46,19,44,6,87,0,205,16,594.6,2,0,531.0,1,2002-03,12.5,95.2,94.6,94.6,93.9,92.1,92.1,1.3,2.5,2.5,0.063,0.48,8.6,0.094,0.19,0.142,17.9,17.9,0.52,0.542,0.165,0.17,90.78,91.96,76.63,91.96,0.109,1210,1.7,3.4
966,Jerome Williams,Jerome,1610612761,TOR,30.0,71,21,50,0.296,2342.76,267,535,0.499,1,6,0.167,156,281,0.555,231,419,650,95,98,116,26,52,197,0,691,-176,1941.5,20,0,1721.0,1,2002-03,33.0,98.4,99.6,99.6,102.9,103.5,103.5,-4.5,-3.9,-3.9,0.067,0.97,11.1,0.095,0.186,0.139,11.5,11.5,0.5,0.525,0.146,0.147,92.22,91.37,76.14,91.37,0.107,4458,3.8,7.5
711,Jerry Stackhouse,Jerry,1610612764,WAS,28.0,70,31,39,0.443,2747.6833333333334,491,1201,0.409,71,245,0.29,455,518,0.878,61,197,258,316,193,65,28,65,130,0,1508,-18,2377.6,5,0,2339.0,1,2002-03,39.3,100.4,101.2,101.2,100.4,101.9,101.9,0.1,-0.7,-0.7,0.216,1.64,16.4,0.023,0.073,0.049,10.0,10.0,0.438,0.528,0.272,0.278,91.73,90.7,75.58,90.7,0.122,5201,7.0,17.2
2219,Jeryl Sasser,Jeryl,1610612753,ORL,24.0,75,37,38,0.493,1024.31,64,207,0.309,13,44,0.295,53,78,0.679,64,120,184,65,39,45,12,18,91,0,194,-252,644.3,2,0,570.0,1,2002-03,13.7,91.1,89.7,89.7,102.3,101.7,101.7,-11.2,-12.1,-12.1,0.107,1.67,18.7,0.057,0.124,0.088,11.2,11.3,0.341,0.402,0.12,0.124,93.23,94.24,78.53,94.24,0.058,2006,0.9,2.8
754,Jim Jackson,Jim,1610612758,SAC,32.0,63,45,18,0.714,1309.9633333333334,204,462,0.442,32,71,0.451,47,55,0.855,84,178,262,118,80,31,4,26,132,0,487,58,1003.4,0,0,969.0,1,2002-03,20.8,98.8,99.3,99.3,96.3,96.9,96.9,2.5,2.4,2.4,0.148,1.48,17.3,0.063,0.123,0.094,11.7,11.7,0.476,0.501,0.19,0.194,95.08,94.54,78.78,94.54,0.095,2578,3.2,7.3
2412,Jiri Welsch,Jiri,1610612744,GSW,23.0,37,12,25,0.324,229.95333333333332,19,75,0.253,1,4,0.25,22,29,0.759,12,16,28,27,19,8,2,8,32,0,61,3,146.1,0,0,137.0,1,2002-03,6.2,103.6,101.4,101.4,103.7,100.4,100.4,-0.1,1.0,1.0,0.171,1.42,20.0,0.05,0.062,0.056,14.1,14.2,0.26,0.348,0.188,0.192,99.16,101.86,84.89,101.86,0.006,487,0.5,2.0
2207,Joe Johnson,Joe,1610612756,PHX,22.0,82,44,38,0.537,2253.325,316,796,0.397,75,205,0.366,96,124,0.774,57,207,264,210,108,62,19,43,143,0,803,64,1569.8,1,0,1514.0,1,2002-03,27.5,101.9,102.7,102.7,100.4,101.1,101.1,1.5,1.6,1.6,0.151,1.94,17.9,0.025,0.091,0.058,9.2,9.2,0.444,0.472,0.189,0.191,93.83,93.12,77.6,93.12,0.079,4369,3.9,9.7
693,Joe Smith,Joe,1610612750,MIN,27.0,54,30,24,0.556,1118.0583333333334,151,328,0.46,0,2,0.0,102,131,0.779,111,159,270,38,43,14,55,37,171,0,404,70,949.0,5,0,850.0,1,2002-03,20.7,104.2,104.6,104.6,100.6,101.0,101.0,3.5,3.6,3.6,0.051,0.88,8.1,0.101,0.143,0.122,9.2,9.2,0.46,0.524,0.17,0.172,93.99,93.66,78.05,93.66,0.076,2177,2.8,6.1
2038,Joel Przybilla,Joel,1610612749,MIL,23.0,32,17,15,0.531,542.6616666666666,18,46,0.391,0,0,0.0,12,24,0.5,48,97,145,12,19,10,45,10,85,1,48,1,386.0,0,0,315.0,1,2002-03,17.0,105.9,105.2,105.2,104.5,104.3,104.3,1.4,0.9,0.9,0.03,0.63,13.5,0.091,0.191,0.14,21.3,21.7,0.391,0.424,0.064,0.065,92.53,92.96,77.47,92.96,0.036,1047,0.6,1.4
680,John Amaechi,John,1610612762,UTA,32.0,50,22,28,0.44,474.5733333333333,37,118,0.314,0,0,0.0,25,52,0.481,26,51,77,21,34,14,7,30,50,1,99,-18,251.9,0,0,239.0,1,2002-03,9.5,94.9,94.3,94.3,97.5,96.0,96.0,-2.6,-1.7,-1.7,0.073,0.62,10.7,0.058,0.114,0.086,17.3,17.4,0.314,0.351,0.165,0.169,93.29,94.27,78.55,94.27,0.007,931,0.7,2.4
180,John Crotty,John,1610612743,DEN,33.0,12,2,10,0.167,179.505,14,41,0.341,4,13,0.308,9,15,0.6,1,14,15,29,9,3,0,3,16,0,41,-48,102.5,0,0,95.0,1,2002-03,15.0,87.5,85.5,85.5,100.9,102.1,102.1,-13.4,-16.5,-16.5,0.322,3.22,34.1,0.006,0.073,0.04,10.6,10.5,0.39,0.431,0.141,0.15,90.82,91.32,76.1,91.32,0.062,346,1.2,3.4
2422,John Salmons,John,1610612755,PHI,23.0,64,37,27,0.578,495.165,48,116,0.414,10,31,0.323,26,35,0.743,16,43,59,47,29,17,6,14,53,0,132,1,313.3,0,0,294.0,1,2002-03,7.7,101.0,97.4,97.4,98.7,95.6,95.6,2.3,1.8,1.8,0.153,1.62,22.5,0.033,0.091,0.062,13.9,14.0,0.457,0.502,0.138,0.145,95.89,99.17,82.64,99.17,0.059,1014,0.8,1.8
304,John Stockton,John,1610612762,UTA,41.0,82,47,35,0.573,2273.43,309,640,0.483,29,80,0.363,237,287,0.826,51,150,201,629,182,137,16,36,184,0,884,243,2345.7,15,0,2049.0,1,2002-03,27.7,105.5,106.6,106.6,100.2,100.9,100.9,5.3,5.7,5.7,0.444,3.46,40.3,0.025,0.069,0.048,11.7,11.5,0.505,0.577,0.185,0.191,92.42,91.63,76.36,91.63,0.154,4337,3.8,7.8
468,Jon Barry,Jon,1610612765,DET,33.0,80,50,30,0.625,1476.5883333333334,191,424,0.45,87,214,0.407,86,100,0.86,33,147,180,206,81,63,14,13,104,1,555,310,1230.0,0,0,1182.0,1,2002-03,18.5,105.6,105.2,105.2,95.9,94.7,94.7,9.6,10.4,10.4,0.242,2.54,27.5,0.023,0.104,0.063,10.8,10.7,0.553,0.593,0.169,0.175,89.21,89.93,74.94,89.93,0.136,2777,2.4,5.3
1886,Jonathan Bender,Jonathan,1610612754,IND,22.0,46,31,15,0.674,818.615,112,254,0.441,19,53,0.358,60,84,0.714,42,91,133,42,42,8,56,22,86,1,303,-22,675.6,1,0,625.0,1,2002-03,17.8,96.5,96.3,96.3,97.5,98.1,98.1,-1.0,-1.9,-1.9,0.089,1.0,11.2,0.05,0.108,0.079,11.2,11.2,0.478,0.521,0.179,0.183,94.07,93.88,78.23,93.88,0.085,1605,2.4,5.5
2218,Joseph Forte,Joseph,1610612760,SEA,22.0,17,9,8,0.529,84.57666666666667,10,35,0.286,0,3,0.0,4,6,0.667,4,7,11,11,10,4,0,0,6,0,24,-14,55.7,0,0,54.0,1,2002-03,5.0,84.3,81.2,81.2,90.1,90.2,90.2,-5.8,-9.0,-9.0,0.256,1.1,18.6,0.043,0.079,0.061,16.9,17.1,0.286,0.319,0.25,0.262,91.7,93.36,77.8,93.36,0.023,165,0.6,2.1
2413,Juan Dixon,Juan,1610612764,WAS,24.0,42,18,24,0.429,648.4683333333334,104,271,0.384,25,84,0.298,37,46,0.804,13,59,72,40,42,26,3,18,54,0,270,-32,461.4,0,0,465.0,1,2002-03,15.4,97.5,97.3,97.3,99.9,99.4,99.4,-2.4,-2.1,-2.1,0.118,0.95,10.8,0.02,0.093,0.056,11.3,11.3,0.43,0.464,0.231,0.238,91.82,92.08,76.73,92.08,0.073,1241,2.5,6.5
1038,Juaquin Hawkins,Juaquin,1610612745,HOU,29.0,58,30,28,0.517,680.8,57,148,0.385,10,24,0.417,10,20,0.5,16,62,78,47,29,29,6,10,57,0,134,20,374.1,0,0,339.0,1,2002-03,11.7,101.0,100.4,100.4,99.0,97.8,97.8,2.0,2.6,2.6,0.107,1.62,20.2,0.026,0.088,0.059,12.4,12.5,0.419,0.427,0.125,0.128,90.66,91.52,76.26,91.52,0.048,1291,1.0,2.6
1908,Jumaine Jones,Jumaine,1610612739,CLE,24.0,80,16,64,0.2,2200.8683333333333,308,710,0.434,111,314,0.354,57,83,0.687,106,299,405,112,107,67,22,25,176,1,784,-367,1598.0,5,0,1590.0,1,2002-03,27.5,94.8,96.1,96.1,104.6,104.6,104.6,-9.7,-8.4,-8.4,0.089,1.05,11.6,0.046,0.137,0.091,11.1,11.1,0.512,0.525,0.167,0.169,96.18,95.53,79.6,95.53,0.09,4381,3.9,8.9
2454,Junior Harrington,Junior,1610612743,DEN,22.0,82,17,65,0.207,2000.345,169,467,0.362,7,28,0.25,73,112,0.652,44,206,250,277,157,80,15,42,250,0,418,-296,1261.5,1,0,1142.0,1,2002-03,24.4,88.1,89.2,89.2,96.9,96.3,96.3,-8.8,-7.1,-7.1,0.234,1.76,29.1,0.022,0.114,0.065,16.5,16.5,0.369,0.405,0.15,0.152,92.61,92.35,76.96,92.35,0.052,3837,2.1,5.7
436,Juwan Howard,Juwan,1610612743,DEN,30.0,77,16,61,0.208,2733.1066666666666,567,1261,0.45,2,4,0.5,282,351,0.803,181,404,585,234,189,77,27,102,239,3,1418,-524,2594.0,18,0,2447.0,1,2002-03,35.5,90.7,92.5,92.5,102.0,102.4,102.4,-11.3,-9.9,-9.9,0.175,1.24,12.8,0.064,0.167,0.112,10.3,10.3,0.45,0.501,0.259,0.262,93.33,92.24,76.86,92.24,0.135,5250,7.4,16.4
2416,Kareem Rush,Kareem,1610612747,LAL,22.0,76,47,29,0.618,874.7516666666667,96,244,0.393,19,68,0.279,16,23,0.696,26,68,94,68,63,10,11,10,71,0,227,-89,441.8,0,0,450.0,1,2002-03,11.5,99.2,98.3,98.3,102.7,101.9,101.9,-3.6,-3.6,-3.6,0.119,1.08,17.7,0.029,0.077,0.053,16.4,16.4,0.432,0.447,0.157,0.162,95.09,95.86,79.89,95.86,0.036,1734,1.3,3.2
252,Karl Malone,Karl,1610612762,UTA,39.0,81,47,34,0.58,2934.75,595,1289,0.462,3,14,0.214,474,621,0.763,113,515,628,379,210,136,31,61,204,2,1667,173,3280.1,21,0,3011.0,1,2002-03,36.2,104.8,106.1,106.1,101.8,103.0,103.0,3.0,3.1,3.1,0.236,1.8,17.6,0.043,0.18,0.114,9.8,9.8,0.463,0.534,0.272,0.276,92.69,91.58,76.31,91.58,0.164,5598,7.3,15.9
2208,Kedrick Brown,Kedrick,1610612738,BOS,22.0,51,24,27,0.471,667.1916666666667,61,171,0.357,3,39,0.077,20,32,0.625,45,95,140,20,23,34,13,9,68,0,145,-60,461.0,1,0,402.0,1,2002-03,13.1,94.4,93.1,93.1,98.5,97.1,97.1,-4.1,-4.0,-4.0,0.052,0.87,8.7,0.065,0.141,0.102,10.0,10.1,0.365,0.392,0.144,0.147,91.25,92.48,77.07,92.48,0.058,1281,1.2,3.4
1496,Keith Van Horn,Keith,1610612755,PHI,27.0,74,45,29,0.608,2340.72,459,952,0.482,65,176,0.369,193,240,0.804,159,365,524,93,150,63,30,69,251,1,1176,139,2073.3,14,0,2044.0,1,2002-03,31.6,103.0,103.9,103.9,101.0,100.7,100.7,2.0,3.2,3.2,0.068,0.62,7.1,0.071,0.169,0.119,11.5,11.5,0.516,0.556,0.23,0.232,93.79,93.54,77.95,93.54,0.11,4558,6.2,12.9
1509,Kelvin Cato,Kelvin,1610612745,HOU,28.0,73,37,36,0.507,1252.0983333333334,133,256,0.52,0,4,0.0,66,124,0.532,132,296,428,20,56,38,85,19,176,3,332,6,1188.6,1,0,1026.0,1,2002-03,17.2,97.8,97.7,97.7,97.6,97.6,97.6,0.1,0.2,0.2,0.027,0.36,5.1,0.105,0.238,0.171,14.4,14.5,0.52,0.535,0.132,0.134,91.18,91.24,76.03,91.24,0.108,2381,1.8,3.5
2256,Ken Johnson,Ken,1610612748,MIA,25.0,16,5,11,0.313,155.59833333333333,15,37,0.405,0,0,0.0,2,6,0.333,4,28,32,0,6,1,12,3,20,0,32,-14,103.4,0,0,90.0,1,2002-03,9.7,93.1,95.0,95.0,99.0,97.4,97.4,-5.9,-2.4,-2.4,0.0,0.0,0.0,0.026,0.169,0.1,13.0,13.1,0.405,0.404,0.137,0.139,93.12,93.01,77.51,93.01,0.038,298,0.9,2.3
383,Kendall Gill,Kendall,1610612750,MIN,35.0,82,51,31,0.622,2069.9766666666665,286,677,0.422,19,59,0.322,123,161,0.764,51,197,248,156,108,78,15,47,176,1,714,-28,1416.6,0,0,1323.0,1,2002-03,25.2,100.2,99.9,99.9,99.6,100.2,100.2,0.6,-0.3,-0.3,0.12,1.44,15.4,0.025,0.093,0.059,10.7,10.7,0.436,0.477,0.182,0.187,94.93,94.81,79.01,94.81,0.07,4080,3.5,8.3
72,Kenny Anderson,Kenny,1610612740,NOH,32.0,61,31,30,0.508,1134.685,163,382,0.427,1,7,0.143,45,57,0.789,31,101,132,198,75,58,5,28,106,0,372,-34,941.4,0,0,829.0,2,2002-03,18.6,96.1,96.6,96.6,98.4,98.8,98.8,-2.3,-2.2,-2.2,0.3,2.64,29.1,0.027,0.091,0.058,11.0,11.0,0.428,0.457,0.191,0.195,91.53,91.12,75.93,91.12,0.105,2161,2.7,6.3
2261,Kenny Satterfield,Kenny,1610612755,PHI,22.0,39,13,26,0.333,498.68666666666667,55,183,0.301,5,28,0.179,17,25,0.68,16,27,43,68,43,20,2,17,36,0,132,-88,308.6,0,0,292.0,2,2002-03,12.8,85.9,87.4,87.4,96.2,95.3,95.3,-10.3,-7.9,-7.9,0.256,1.58,22.3,0.029,0.062,0.043,14.1,14.1,0.314,0.34,0.206,0.209,93.18,92.84,77.36,92.84,0.034,958,1.4,4.7
1903,Kenny Thomas,Kenny,1610612755,PHI,25.0,66,37,29,0.561,1979.82,260,559,0.465,0,0,0.0,147,197,0.746,185,344,529,112,116,62,28,56,169,1,667,124,1623.8,17,0,1488.0,2,2002-03,30.0,102.9,103.3,103.3,100.7,99.9,99.9,2.3,3.4,3.4,0.091,0.97,12.8,0.096,0.184,0.139,13.3,13.3,0.465,0.517,0.17,0.172,92.89,93.1,77.58,93.1,0.106,3837,3.9,8.5
2030,Kenyon Martin,Kenyon,1610612751,NJN,25.0,77,46,31,0.597,2625.648333333333,509,1082,0.47,9,43,0.209,256,392,0.653,164,476,640,185,192,98,70,84,294,2,1283,418,2640.5,24,0,2453.0,1,2002-03,34.1,102.8,104.2,104.2,95.4,95.9,95.9,7.3,8.3,8.3,0.126,0.96,11.3,0.064,0.183,0.124,11.7,11.8,0.475,0.511,0.246,0.247,94.38,93.48,77.9,93.48,0.119,5110,6.6,14.1
1721,Keon Clark,Keon,1610612758,SAC,28.0,80,58,22,0.725,1778.6266666666668,226,451,0.501,0,4,0.0,84,128,0.656,138,313,451,80,94,38,150,30,227,0,536,195,1667.2,5,0,1443.0,1,2002-03,22.2,99.6,99.9,99.9,93.4,93.8,93.8,6.2,6.1,6.1,0.07,0.85,11.7,0.078,0.155,0.119,13.7,13.8,0.501,0.528,0.15,0.152,96.27,96.01,80.01,96.01,0.094,3546,2.8,5.6
954,Kerry Kittles,Kerry,1610612751,NJN,29.0,65,35,30,0.538,1955.27,332,711,0.467,78,219,0.356,106,135,0.785,52,200,252,170,55,101,30,25,110,0,848,221,1743.4,1,0,1610.0,1,2002-03,30.1,102.1,102.4,102.4,96.7,96.6,96.6,5.4,5.8,5.8,0.15,3.09,17.1,0.027,0.104,0.066,5.5,5.5,0.522,0.55,0.188,0.191,94.5,94.38,78.65,94.38,0.128,3843,5.1,10.9
708,Kevin Garnett,Kevin,1610612750,MIN,27.0,82,51,31,0.622,3321.7883333333334,743,1481,0.502,20,71,0.282,377,502,0.751,244,858,1102,495,229,113,129,60,199,1,1883,422,4444.9,68,6,3984.0,1,2002-03,40.5,105.9,106.8,106.8,99.1,100.6,100.6,6.8,6.2,6.2,0.249,2.16,20.5,0.076,0.248,0.165,9.5,9.4,0.508,0.553,0.258,0.262,94.57,93.48,77.9,93.48,0.197,6480,9.1,18.1
1563,Kevin Ollie,Kevin,1610612760,SEA,30.0,82,44,38,0.537,1900.33,199,441,0.451,2,6,0.333,134,178,0.753,25,157,182,291,72,69,5,40,122,0,534,127,1338.9,1,0,1157.0,2,2002-03,23.2,104.6,103.7,103.7,99.5,99.2,99.2,5.1,4.5,4.5,0.252,4.04,32.9,0.014,0.083,0.05,8.1,8.2,0.454,0.514,0.147,0.15,90.0,90.54,75.45,90.54,0.103,3567,2.4,5.4
788,Kevin Willis,Kevin,1610612759,SAS,40.0,71,54,17,0.761,842.46,123,257,0.479,0,2,0.0,51,83,0.614,83,143,226,24,60,20,20,17,120,1,297,-113,664.2,0,0,627.0,1,2002-03,11.9,96.3,93.9,93.9,102.2,100.4,100.4,-5.9,-6.6,-6.6,0.051,0.4,6.3,0.102,0.181,0.141,15.8,15.9,0.479,0.506,0.19,0.196,91.82,93.81,78.18,93.81,0.077,1644,1.7,3.6
2039,Keyon Dooling,Keyon,1610612746,LAC,23.0,55,21,34,0.382,969.825,128,329,0.389,50,139,0.36,44,57,0.772,9,63,72,89,60,24,6,19,93,0,350,-135,599.9,0,0,621.0,1,2002-03,17.6,97.2,96.2,96.2,103.4,102.5,102.5,-6.2,-6.3,-6.3,0.168,1.48,17.8,0.01,0.065,0.038,12.0,11.9,0.465,0.494,0.193,0.199,92.22,93.1,77.58,93.1,0.059,1873,2.3,6.0
2213,Kirk Haston,Kirk,1610612740,NOH,24.0,12,10,2,0.833,58.16,2,17,0.118,0,3,0.0,2,4,0.5,0,7,7,3,7,0,5,1,10,0,6,-29,26.9,0,0,26.0,1,2002-03,4.8,75.7,73.6,73.6,98.7,94.4,94.4,-23.0,-20.8,-20.8,0.097,0.43,10.3,0.0,0.135,0.058,24.1,24.3,0.118,0.16,0.191,0.199,97.83,101.51,84.59,101.51,-0.095,121,0.2,1.4
977,Kobe Bryant,Kobe,1610612747,LAL,24.0,82,50,32,0.61,3403.8566666666666,868,1924,0.451,124,324,0.383,601,713,0.843,106,458,564,481,288,181,67,79,218,0,2461,260,4315.3,23,5,4126.0,1,2002-03,41.5,105.6,106.4,106.4,101.8,102.8,102.8,3.8,3.6,3.6,0.268,1.67,16.1,0.031,0.134,0.082,9.6,9.6,0.483,0.55,0.323,0.329,95.15,94.33,78.6,94.33,0.18,6699,10.6,23.5
703,Kurt Thomas,Kurt,1610612752,NYK,30.0,81,36,45,0.444,2575.135,497,1028,0.483,2,3,0.667,138,184,0.75,160,477,637,162,138,81,97,47,344,0,1134,-31,2537.4,20,0,2291.0,1,2002-03,31.8,102.5,104.0,104.0,103.6,103.6,103.6,-1.1,0.4,0.4,0.11,1.17,11.5,0.063,0.197,0.129,9.8,9.8,0.484,0.511,0.222,0.224,93.68,93.01,77.51,93.01,0.109,4965,6.1,12.7
2198,Kwame Brown,Kwame,1610612764,WAS,21.0,80,35,45,0.438,1777.9583333333333,224,502,0.446,0,3,0.0,145,217,0.668,128,298,426,58,110,50,80,33,159,0,593,-109,1471.2,5,0,1337.0,1,2002-03,22.2,98.3,98.3,98.3,100.9,101.3,101.3,-2.5,-3.0,-3.0,0.057,0.53,7.6,0.076,0.174,0.125,14.3,14.4,0.446,0.496,0.186,0.189,90.17,89.94,74.95,89.94,0.091,3327,2.8,6.3
111,LaPhonso Ellis,LaPhonso,1610612748,MIA,33.0,55,17,38,0.309,781.005,100,262,0.382,27,107,0.252,50,66,0.758,44,113,157,15,31,15,15,12,88,0,277,11,546.9,0,0,536.0,1,2002-03,14.2,95.7,94.8,94.8,94.9,94.5,94.5,0.8,0.3,0.3,0.036,0.48,4.4,0.057,0.145,0.101,9.1,9.2,0.433,0.476,0.19,0.195,90.2,90.81,75.67,90.81,0.078,1481,1.8,4.8
1885,Lamar Odom,Lamar,1610612746,LAC,23.0,49,15,34,0.306,1678.165,268,611,0.439,42,129,0.326,136,175,0.777,59,267,326,178,140,42,41,33,181,0,714,-221,1481.2,6,0,1426.0,1,2002-03,34.2,100.5,101.8,101.8,107.2,107.8,107.8,-6.7,-6.0,-6.0,0.184,1.27,17.7,0.035,0.16,0.097,13.9,13.9,0.473,0.519,0.219,0.22,94.45,93.55,77.95,93.55,0.101,3258,5.5,12.5
1716,Larry Hughes,Larry,1610612764,WAS,24.0,67,29,38,0.433,2136.846666666667,346,741,0.467,29,79,0.367,136,186,0.731,67,241,308,205,136,86,24,51,149,0,857,-52,1728.1,6,0,1619.0,1,2002-03,31.9,99.4,100.4,100.4,100.3,101.6,101.6,-0.9,-1.2,-1.2,0.174,1.51,17.7,0.032,0.115,0.074,11.7,11.7,0.487,0.521,0.205,0.209,92.13,91.09,75.91,91.09,0.106,4053,5.2,11.1
84,Latrell Sprewell,Latrell,1610612752,NYK,32.0,74,36,38,0.486,2857.635,454,1127,0.403,134,360,0.372,173,218,0.794,45,240,285,332,172,102,22,43,134,0,1215,-102,2255.0,4,1,2214.0,1,2002-03,38.6,102.5,104.0,104.0,105.3,105.3,105.3,-2.8,-1.3,-1.3,0.196,1.93,19.2,0.016,0.089,0.052,10.0,10.0,0.462,0.497,0.225,0.227,93.16,92.52,77.1,92.52,0.095,5493,6.1,15.2
2068,Lavor Postell,Lavor,1610612752,NYK,25.0,12,4,8,0.333,98.58333333333331,14,38,0.368,2,7,0.286,13,15,0.867,1,3,4,3,7,2,0,1,9,0,43,2,51.3,0,0,56.0,1,2002-03,8.2,97.8,97.0,97.0,97.8,96.9,96.9,-0.1,0.0,0.0,0.057,0.43,5.5,0.011,0.031,0.021,12.7,12.8,0.395,0.482,0.231,0.236,95.1,95.92,79.93,95.92,0.031,198,1.2,3.2
1444,Lawrence Funderburke,Lawrence,1610612758,SAC,32.0,27,22,5,0.815,227.5883333333333,32,72,0.444,0,0,0.0,10,17,0.588,17,38,55,8,6,1,11,5,25,0,74,-15,182.0,1,0,161.0,1,2002-03,8.4,101.3,98.9,98.9,103.2,104.1,104.1,-1.9,-5.1,-5.1,0.055,1.33,8.6,0.071,0.144,0.109,6.5,6.4,0.444,0.466,0.156,0.164,98.27,99.02,82.52,99.02,0.075,474,1.2,2.7
1924,Lee Nailon,Lee,1610612752,NYK,28.0,38,12,26,0.316,405.85,84,190,0.442,0,1,0.0,42,51,0.824,32,38,70,26,32,6,3,14,46,0,210,-39,328.0,0,0,324.0,1,2002-03,10.7,98.0,97.2,97.2,103.7,102.9,102.9,-5.7,-5.7,-5.7,0.123,0.81,9.6,0.081,0.106,0.093,11.8,11.8,0.442,0.494,0.265,0.272,93.17,93.91,78.26,93.91,0.086,797,2.2,5.0
283,Lindsey Hunter,Lindsey,1610612761,TOR,32.0,29,6,23,0.207,672.4133333333333,106,302,0.351,34,107,0.318,34,47,0.723,15,44,59,71,57,35,5,7,50,0,280,-144,520.3,0,0,524.0,1,2002-03,23.2,91.2,91.2,91.2,104.6,102.8,102.8,-13.4,-11.6,-11.6,0.217,1.25,15.8,0.021,0.07,0.044,12.7,12.6,0.407,0.434,0.253,0.26,91.02,91.76,76.47,91.76,0.068,1288,3.7,10.4
2437,Lonny Baxter,Lonny,1610612741,CHI,24.0,55,18,37,0.327,683.6466666666666,96,206,0.466,0,2,0.0,70,103,0.68,65,100,165,16,46,9,22,33,135,0,262,-54,531.0,1,0,505.0,1,2002-03,12.4,95.8,95.8,95.8,99.8,98.6,98.6,-4.0,-2.8,-2.8,0.04,0.35,5.1,0.09,0.139,0.114,14.7,14.7,0.466,0.521,0.183,0.189,97.12,97.7,81.42,97.7,0.052,1384,1.7,3.7
2254,Loren Woods,Loren,1610612750,MIN,25.0,38,24,14,0.632,350.9866666666667,29,76,0.382,1,3,0.333,21,27,0.778,27,68,95,19,23,10,13,8,37,0,80,-15,268.5,0,0,241.0,1,2002-03,9.2,100.0,97.9,97.9,99.1,99.4,99.4,0.9,-1.5,-1.5,0.078,0.83,14.6,0.078,0.172,0.128,17.7,17.7,0.388,0.455,0.136,0.141,97.49,98.33,81.94,98.33,0.069,717,0.8,2.0
953,Lorenzen Wright,Lorenzen,1610612763,MEM,27.0,70,21,49,0.3,1984.3866666666668,325,716,0.454,0,5,0.0,147,223,0.659,170,358,528,80,110,51,54,62,209,0,797,-199,1755.6,13,0,1615.0,1,2002-03,28.3,100.3,101.1,101.1,105.8,106.2,106.2,-5.5,-5.1,-5.1,0.069,0.73,8.0,0.085,0.186,0.135,11.0,11.0,0.454,0.489,0.208,0.21,94.66,94.09,78.41,94.09,0.09,3889,4.6,10.2
446,Lucious Harris,Lucious,1610612751,NJN,32.0,77,46,31,0.597,1971.54,298,721,0.413,47,136,0.346,152,189,0.804,63,169,232,155,71,53,8,35,95,0,795,113,1417.9,1,0,1351.0,1,2002-03,25.6,99.7,100.2,100.2,96.9,97.4,97.4,2.7,2.7,2.7,0.139,2.18,15.1,0.031,0.086,0.058,6.9,6.9,0.446,0.494,0.195,0.2,93.92,93.47,77.89,93.47,0.101,3843,3.9,9.4
1766,Maceo Baston,Maceo,1610612761,TOR,27.0,16,6,10,0.375,104.115,15,25,0.6,0,0,0.0,10,12,0.833,4,19,23,0,6,4,11,1,16,0,40,-25,106.6,0,0,93.0,1,2002-03,6.5,91.6,92.0,92.0,106.1,103.3,103.3,-14.5,-11.3,-11.3,0.0,0.0,0.0,0.038,0.164,0.105,16.7,16.5,0.6,0.661,0.155,0.161,96.85,97.97,81.64,97.97,0.117,212,0.9,1.6
2124,Malik Allen,Malik,1610612748,MIA,25.0,80,24,56,0.3,2320.34,335,790,0.424,0,4,0.0,97,121,0.802,134,291,425,54,128,37,78,49,234,0,767,-339,1575.0,5,0,1476.0,1,2002-03,29.0,93.6,94.2,94.2,101.9,102.0,102.0,-8.3,-7.8,-7.8,0.042,0.42,5.3,0.058,0.135,0.095,12.5,12.5,0.424,0.455,0.195,0.198,90.66,90.37,75.31,90.37,0.061,4370,4.2,9.9
990,Malik Rose,Malik,1610612759,SAS,28.0,79,57,22,0.722,1926.265,289,630,0.459,2,5,0.4,242,306,0.791,148,358,506,124,170,57,40,87,206,2,822,198,1736.2,10,0,1648.0,1,2002-03,24.4,103.6,102.7,102.7,97.2,97.1,97.1,6.4,5.6,5.6,0.112,0.73,11.7,0.083,0.185,0.136,16.0,16.1,0.46,0.538,0.218,0.223,93.71,94.18,78.48,94.18,0.118,3772,3.7,8.0
2055,Mamadou N'diaye,Mamadou,1610612761,TOR,28.0,22,5,17,0.227,366.01166666666666,43,96,0.448,0,0,0.0,34,47,0.723,29,53,82,7,21,8,32,8,58,1,120,-22,327.9,0,0,289.0,1,2002-03,16.6,98.1,99.2,99.2,101.2,101.8,101.8,-3.0,-2.6,-2.6,0.031,0.33,4.8,0.073,0.145,0.107,14.5,14.5,0.448,0.514,0.162,0.164,95.53,94.75,78.96,94.75,0.064,721,2.0,4.4
1938,Manu Ginobili,Manu,1610612759,SAS,25.0,69,50,19,0.725,1434.42,174,397,0.438,51,148,0.345,126,171,0.737,47,114,161,138,100,96,17,32,170,0,525,150,1164.2,0,0,1101.0,1,2002-03,20.8,103.5,102.6,102.6,96.8,97.1,97.1,6.7,5.5,5.5,0.163,1.38,19.3,0.034,0.08,0.058,14.0,14.1,0.503,0.556,0.178,0.181,93.88,94.2,78.5,94.2,0.088,2813,2.5,5.8
1531,Marc Jackson,Marc,1610612750,MIN,28.0,77,49,28,0.636,1040.6583333333333,153,349,0.438,1,1,1.0,114,149,0.765,86,139,225,37,59,24,30,28,137,0,421,22,849.5,3,0,792.0,1,2002-03,13.5,102.4,101.1,101.1,99.5,99.3,99.3,2.9,1.8,1.8,0.058,0.63,7.2,0.087,0.13,0.109,11.5,11.6,0.44,0.508,0.206,0.209,93.67,94.3,78.58,94.3,0.076,2037,2.0,4.5
948,Marcus Camby,Marcus,1610612743,DEN,29.0,29,6,23,0.207,615.3933333333333,93,227,0.41,2,5,0.4,33,50,0.66,75,133,208,47,27,20,40,19,69,0,221,-141,694.1,5,0,598.0,1,2002-03,21.2,89.8,90.0,90.0,102.4,101.1,101.1,-12.6,-11.1,-11.1,0.138,1.74,14.6,0.108,0.224,0.161,8.4,8.4,0.414,0.444,0.19,0.193,94.62,95.08,79.23,95.08,0.127,1216,3.2,7.8
2033,Marcus Fizer,Marcus,1610612741,CHI,24.0,38,15,23,0.395,807.555,178,383,0.465,1,6,0.167,88,134,0.657,80,136,216,48,57,14,17,24,89,1,445,-50,812.2,5,0,772.0,1,2002-03,21.3,97.6,97.9,97.9,101.6,101.7,101.7,-3.9,-3.8,-3.8,0.118,0.84,8.8,0.096,0.166,0.131,10.4,10.4,0.466,0.503,0.273,0.276,94.59,94.42,78.68,94.42,0.126,1594,4.7,10.1
2409,Marcus Haislip,Marcus,1610612749,MIL,22.0,39,18,21,0.462,441.32666666666665,66,153,0.431,3,12,0.25,26,38,0.684,21,32,53,9,21,7,18,14,55,1,161,-48,292.1,0,0,276.0,1,2002-03,11.3,97.2,95.1,95.1,101.0,100.6,100.6,-3.8,-5.5,-5.5,0.036,0.43,4.5,0.047,0.074,0.06,10.5,10.5,0.441,0.474,0.192,0.199,93.93,95.17,79.31,95.17,0.04,875,1.7,3.9
1548,Mark Blount,Mark,1610612738,BOS,27.0,81,25,56,0.309,1407.105,150,347,0.432,0,0,0.0,101,139,0.727,111,197,308,56,103,42,68,36,187,1,401,-310,1081.6,1,0,985.0,2,2002-03,17.4,88.1,88.4,88.4,99.6,99.4,99.4,-11.4,-11.1,-11.1,0.074,0.54,9.9,0.076,0.147,0.11,18.2,18.2,0.432,0.491,0.162,0.166,92.64,92.58,77.15,92.58,0.067,2709,1.9,4.3
95,Mark Bryant,Mark,1610612738,BOS,38.0,16,9,7,0.563,99.255,5,19,0.263,0,0,0.0,3,4,0.75,8,12,20,4,7,1,1,0,18,1,13,-18,42.0,0,0,41.0,3,2002-03,6.2,84.6,85.1,85.1,94.2,94.4,94.4,-9.6,-9.2,-9.2,0.08,0.57,12.5,0.079,0.13,0.104,21.9,22.0,0.263,0.313,0.124,0.127,94.7,94.3,78.59,94.3,-0.026,195,0.3,1.2
349,Mark Jackson,Mark,1610612762,UTA,38.0,82,47,35,0.573,1468.8533333333332,147,369,0.398,27,95,0.284,61,80,0.763,34,142,176,375,152,48,3,24,90,0,382,-26,1156.7,0,0,1062.0,1,2002-03,17.9,97.6,96.3,96.3,98.0,97.3,97.3,-0.5,-1.0,-1.0,0.437,2.47,40.2,0.025,0.097,0.063,16.3,16.3,0.435,0.473,0.17,0.176,91.16,92.1,76.75,92.1,0.115,2820,1.8,4.5
2058,Mark Madsen,Mark,1610612747,LAL,27.0,54,37,17,0.685,783.13,69,163,0.423,0,0,0.0,36,61,0.59,86,73,159,38,27,15,19,27,116,3,174,12,496.8,0,0,439.0,1,2002-03,14.5,107.0,107.3,107.3,106.4,105.2,105.2,0.6,2.1,2.1,0.067,1.41,14.9,0.103,0.096,0.099,10.6,10.6,0.423,0.458,0.118,0.12,95.06,95.46,79.55,95.46,0.034,1548,1.3,3.0
1110,Mark Strickland,Mark,1610612742,DAL,32.0,4,3,1,0.75,13.243333333333334,2,5,0.4,0,0,0.0,0,0,0.0,5,2,7,0,1,0,0,0,1,0,4,-4,11.4,0,0,11.0,1,2002-03,3.3,82.2,81.5,81.5,101.4,92.9,92.9,-19.2,-11.4,-11.4,0.0,0.0,0.0,0.313,0.2,0.269,16.7,16.7,0.4,0.4,0.171,0.178,94.96,99.67,83.06,99.67,0.096,27,0.5,1.3
2060,Marko Jaric,Marko,1610612746,LAC,24.0,66,22,44,0.333,1383.6583333333333,179,446,0.401,53,166,0.319,79,105,0.752,35,125,160,193,103,97,11,23,125,0,490,15,1192.5,0,0,1112.0,1,2002-03,21.0,102.9,102.5,102.5,101.6,101.2,101.2,1.4,1.2,1.2,0.237,1.87,24.4,0.027,0.091,0.059,13.0,13.1,0.461,0.498,0.195,0.198,92.37,92.73,77.27,92.73,0.097,2664,2.7,6.8
2043,Mateen Cleaves,Mateen,1610612758,SAC,25.0,12,10,2,0.833,54.85,6,23,0.261,1,1,1.0,3,4,0.75,1,7,8,10,14,2,0,2,6,0,16,-6,32.6,0,0,39.0,1,2002-03,4.6,89.9,84.0,84.0,88.8,91.7,91.7,1.1,-7.7,-7.7,0.286,0.71,20.4,0.017,0.091,0.059,28.6,28.7,0.283,0.323,0.281,0.303,105.8,107.64,89.7,107.64,-0.014,125,0.5,1.9
1723,Matt Harpring,Matt,1610612762,UTA,27.0,78,44,34,0.564,2556.195,521,1020,0.511,66,160,0.413,262,331,0.792,190,324,514,133,161,72,17,87,217,1,1370,268,2292.3,12,0,2261.0,1,2002-03,32.8,104.8,106.0,106.0,99.6,100.3,100.3,5.2,5.6,5.6,0.095,0.83,9.1,0.083,0.127,0.106,11.0,11.0,0.543,0.588,0.233,0.237,92.92,92.06,76.72,92.06,0.131,4899,6.7,13.1
1074,Matt Maloney,Matt,1610612737,ATL,31.0,14,5,9,0.357,102.89833333333333,8,25,0.32,5,15,0.333,3,5,0.6,1,6,7,17,5,4,0,0,9,0,24,24,64.9,0,0,61.0,1,2002-03,7.3,111.7,108.1,108.1,99.8,95.0,95.0,11.9,13.1,13.1,0.254,3.4,34.7,0.011,0.063,0.037,10.2,10.2,0.42,0.441,0.139,0.146,88.65,92.36,76.97,92.36,0.058,197,0.6,1.8
1508,Maurice Taylor,Maurice,1610612745,HOU,26.0,67,32,35,0.478,1379.7316666666666,231,535,0.432,0,2,0.0,100,138,0.725,95,143,238,66,100,22,22,40,151,0,562,9,978.6,1,0,954.0,1,2002-03,20.6,101.1,102.0,102.0,101.3,101.4,101.4,-0.2,0.5,0.5,0.091,0.66,8.7,0.075,0.11,0.092,13.1,13.1,0.432,0.472,0.233,0.236,90.08,89.67,74.72,89.67,0.066,2575,3.4,8.0
2246,Mehmet Okur,Mehmet,1610612765,DET,24.0,72,43,29,0.597,1365.9433333333334,180,423,0.426,38,112,0.339,96,131,0.733,117,218,335,71,66,25,39,30,167,1,494,121,1128.5,3,0,1066.0,1,2002-03,19.0,101.7,101.6,101.6,97.4,96.7,96.7,4.3,4.9,4.9,0.094,1.08,11.5,0.088,0.17,0.128,10.7,10.7,0.47,0.514,0.185,0.19,88.5,88.89,74.07,88.89,0.099,2528,2.5,5.9
2408,Melvin Ely,Melvin,1610612746,LAC,25.0,52,17,35,0.327,802.9716666666667,92,186,0.495,0,0,0.0,52,74,0.703,64,110,174,15,50,10,32,12,95,0,236,44,543.3,1,0,509.0,1,2002-03,15.4,103.0,102.3,102.3,99.7,99.2,99.2,3.3,3.0,3.0,0.03,0.3,5.2,0.082,0.136,0.109,17.5,17.6,0.495,0.54,0.151,0.153,92.11,92.69,77.24,92.69,0.066,1549,1.8,3.6
2370,Mengke Bateer,Mengke,1610612759,SAS,27.0,12,8,4,0.667,46.90833333333333,4,17,0.235,1,3,0.333,0,2,0.0,2,8,10,4,6,0,0,3,14,0,9,-22,21.0,0,0,24.0,1,2002-03,3.9,89.0,82.0,82.0,106.6,106.1,106.1,-17.6,-24.1,-24.1,0.167,0.67,14.3,0.053,0.14,0.105,21.4,21.5,0.265,0.252,0.229,0.248,97.03,101.3,84.42,101.3,-0.088,100,0.3,1.4
1897,Metta World Peace,Metta,1610612754,IND,23.0,69,43,26,0.623,2317.438333333333,362,846,0.428,71,211,0.336,273,371,0.736,101,261,362,198,145,159,50,72,242,0,1068,338,2281.4,4,0,2117.0,1,2002-03,33.6,103.9,105.0,105.0,96.3,97.4,97.4,7.6,7.5,7.5,0.144,1.37,14.7,0.045,0.109,0.078,10.7,10.7,0.47,0.529,0.22,0.223,95.42,94.43,78.69,94.43,0.108,4556,5.2,12.3
2214,Michael Bradley,Michael,1610612761,TOR,24.0,67,20,47,0.299,1311.506666666667,151,314,0.481,1,6,0.167,35,67,0.522,162,247,409,67,76,16,32,19,125,0,338,-224,997.3,5,0,911.0,1,2002-03,19.6,98.7,98.0,98.0,107.6,106.9,106.9,-8.9,-8.9,-8.9,0.083,0.88,13.8,0.121,0.206,0.161,15.6,15.6,0.482,0.492,0.143,0.146,91.67,92.27,76.89,92.27,0.09,2521,2.3,4.7
688,Michael Curry,Michael,1610612765,DET,34.0,78,47,31,0.603,1555.39,92,229,0.402,16,54,0.296,36,45,0.8,16,111,127,104,43,44,4,9,163,0,236,-132,645.4,0,0,579.0,1,2002-03,19.9,96.6,95.1,95.1,97.8,99.0,99.0,-1.2,-3.9,-3.9,0.113,2.42,26.2,0.011,0.077,0.045,10.8,10.9,0.437,0.474,0.091,0.094,89.13,89.28,74.4,89.28,0.034,2883,1.2,2.9
1722,Michael Dickerson,Michael,1610612763,MEM,28.0,6,2,4,0.333,87.36833333333334,10,24,0.417,4,11,0.364,5,5,1.0,1,5,6,8,6,5,1,1,16,0,29,-9,60.2,0,0,59.0,1,2002-03,14.6,103.0,101.7,101.7,109.9,108.9,108.9,-6.9,-7.1,-7.1,0.131,1.33,20.0,0.016,0.058,0.04,15.0,14.9,0.5,0.553,0.173,0.179,92.64,93.67,78.06,93.67,0.04,172,1.7,4.0
1720,Michael Doleac,Michael,1610612752,NYK,26.0,75,36,39,0.48,1040.09,146,343,0.426,0,0,0.0,36,46,0.783,65,154,219,42,49,16,16,14,150,1,328,-90,700.8,0,0,653.0,1,2002-03,13.9,100.1,100.0,100.0,105.5,103.3,103.3,-5.3,-3.3,-3.3,0.068,0.86,9.2,0.066,0.155,0.111,10.7,10.8,0.426,0.451,0.183,0.187,92.39,93.43,77.86,93.43,0.052,2013,1.9,4.6
714,Michael Finley,Michael,1610612742,DAL,30.0,69,53,16,0.768,2641.853333333333,507,1193,0.425,119,322,0.37,198,230,0.861,107,295,402,205,114,76,21,44,105,0,1331,649,2297.9,9,0,2251.0,1,2002-03,38.3,110.4,111.6,111.6,97.8,98.8,98.8,12.6,12.8,12.8,0.124,1.8,12.7,0.04,0.109,0.074,7.1,7.1,0.475,0.514,0.239,0.24,95.01,94.03,78.36,94.03,0.114,5168,7.3,17.3
893,Michael Jordan,Michael,1610612764,WAS,40.0,82,37,45,0.451,3029.0383333333334,679,1527,0.445,16,55,0.291,266,324,0.821,71,426,497,311,173,123,39,51,171,0,1640,6,3015.9,13,0,2788.0,1,2002-03,36.9,101.2,102.0,102.0,101.2,102.3,102.3,-0.1,-0.3,-0.3,0.207,1.8,14.4,0.025,0.147,0.086,8.0,8.0,0.45,0.491,0.284,0.288,90.46,89.65,74.71,89.65,0.139,5668,8.3,18.6
1709,Michael Olowokandi,Michael,1610612746,LAC,28.0,36,13,23,0.361,1369.5416666666667,186,436,0.427,0,0,0.0,69,105,0.657,57,271,328,47,98,18,79,26,110,2,441,-146,1098.1,11,0,1010.0,1,2002-03,38.0,94.6,95.5,95.5,99.4,100.6,100.6,-4.9,-5.1,-5.1,0.064,0.48,7.4,0.042,0.191,0.119,15.5,15.6,0.427,0.457,0.193,0.193,94.51,93.53,77.94,93.53,0.087,2663,5.2,12.1
2072,Michael Redd,Michael,1610612749,MIL,23.0,82,42,40,0.512,2318.733333333333,455,971,0.469,182,416,0.438,149,185,0.805,98,273,371,117,74,100,13,43,143,1,1241,116,2126.7,6,0,2137.0,1,2002-03,28.3,108.6,108.1,108.1,106.0,105.7,105.7,2.6,2.4,2.4,0.089,1.58,9.5,0.044,0.122,0.083,6.0,6.0,0.562,0.59,0.218,0.224,93.19,93.56,77.96,93.56,0.129,4523,5.5,11.8
1565,Michael Stewart,Michael,1610612739,CLE,28.0,47,10,37,0.213,250.685,14,37,0.378,0,0,0.0,8,12,0.667,19,36,55,6,10,2,15,11,42,0,36,-57,152.0,0,0,131.0,1,2002-03,5.3,83.0,81.7,81.7,95.0,92.4,92.4,-12.0,-10.7,-10.7,0.044,0.6,10.2,0.069,0.134,0.101,16.9,17.2,0.378,0.426,0.091,0.094,96.54,98.61,82.17,98.61,0.028,514,0.3,0.8
2471,Mike Batiste,Mike,1610612763,MEM,25.0,75,28,47,0.373,1249.4916666666666,197,467,0.422,18,81,0.222,69,88,0.784,82,175,257,52,69,42,16,32,120,0,481,-136,972.4,1,0,924.0,1,2002-03,16.7,96.2,95.7,95.7,102.4,101.4,101.4,-6.2,-5.7,-5.7,0.074,0.75,8.3,0.067,0.147,0.106,11.0,11.0,0.441,0.476,0.205,0.211,93.73,94.46,78.72,94.46,0.083,2461,2.6,6.2
1710,Mike Bibby,Mike,1610612758,SAC,25.0,55,38,17,0.691,1834.8016666666667,329,700,0.47,56,137,0.409,161,187,0.861,34,113,147,285,127,72,8,25,93,0,875,344,1591.9,2,0,1523.0,1,2002-03,33.4,106.5,107.1,107.1,97.9,98.1,98.1,8.6,9.0,9.0,0.231,2.24,23.8,0.019,0.055,0.038,10.6,10.6,0.51,0.559,0.215,0.217,99.52,99.12,82.6,99.12,0.111,3791,6.0,12.7
2399,Mike Dunleavy,Mike,1610612744,GSW,22.0,82,38,44,0.463,1306.145,168,417,0.403,52,150,0.347,78,100,0.78,66,148,214,106,86,53,19,35,120,0,466,63,1011.8,0,0,982.0,1,2002-03,15.9,106.2,105.2,105.2,103.6,103.6,103.6,2.5,1.6,1.6,0.125,1.23,16.2,0.049,0.108,0.079,13.1,13.2,0.465,0.505,0.172,0.177,98.14,98.58,82.15,98.58,0.077,2692,2.0,5.1
2229,Mike James,Mike,1610612748,MIA,28.0,78,25,53,0.321,1722.93,218,585,0.373,67,228,0.294,104,142,0.732,26,123,149,246,108,64,5,37,176,1,607,-58,1253.8,0,0,1207.0,1,2002-03,22.1,95.6,96.2,96.2,98.6,98.0,98.0,-2.9,-1.8,-1.8,0.266,2.28,24.6,0.015,0.075,0.044,10.8,10.8,0.43,0.469,0.202,0.207,88.83,88.84,74.04,88.84,0.082,3189,2.8,7.5
2034,Mike Miller,Mike,1610612763,MEM,23.0,65,28,37,0.431,2185.2433333333333,373,859,0.434,109,300,0.363,156,186,0.839,46,295,341,170,125,42,21,43,173,1,1011,96,1739.2,2,0,1757.0,2,2002-03,33.6,104.2,105.3,105.3,102.0,102.7,102.7,2.2,2.6,2.6,0.131,1.36,13.8,0.021,0.139,0.079,10.2,10.1,0.498,0.537,0.216,0.219,96.04,95.2,79.33,95.2,0.101,4327,5.7,13.2
2366,Mike Wilks,Mike,1610612750,MIN,24.0,46,25,21,0.543,689.7216666666667,50,148,0.338,10,35,0.286,37,47,0.787,20,51,71,92,28,27,4,11,69,0,147,-41,435.2,0,0,382.0,2,2002-03,15.0,95.8,94.5,94.5,97.3,96.1,96.1,-1.5,-1.6,-1.6,0.22,3.29,31.6,0.031,0.075,0.054,9.6,9.7,0.372,0.436,0.134,0.138,90.1,91.27,76.06,91.27,0.065,1301,1.1,3.2
1630,Mikki Moore,Mikki,1610612737,ATL,27.0,8,4,4,0.5,42.63333333333333,5,13,0.385,0,0,0.0,8,10,0.8,6,2,8,3,2,0,4,1,7,0,18,-15,42.1,0,0,37.0,2,2002-03,5.3,95.0,93.0,93.0,114.2,113.1,113.1,-19.2,-20.1,-20.1,0.136,1.5,13.0,0.133,0.041,0.085,8.7,8.9,0.385,0.517,0.2,0.202,94.24,95.7,79.75,95.7,0.067,86,0.6,1.6
1960,Milt Palacio,Milt,1610612739,CLE,25.0,80,17,63,0.213,1974.1433333333332,162,388,0.418,8,37,0.216,65,87,0.747,48,187,235,259,131,68,16,28,168,0,397,-473,1188.5,1,0,1067.0,1,2002-03,24.7,91.6,92.0,92.0,103.1,103.5,103.5,-11.5,-11.5,-11.5,0.211,1.98,31.7,0.023,0.096,0.058,16.0,16.0,0.428,0.466,0.122,0.124,96.54,96.14,80.12,96.14,0.064,3944,2.0,4.9
42,Monty Williams,Monty,1610612755,PHI,31.0,21,12,9,0.571,276.5283333333333,34,80,0.425,0,2,0.0,24,32,0.75,12,33,45,26,17,12,5,14,33,0,92,50,219.0,0,0,197.0,1,2002-03,13.2,107.4,106.7,106.7,98.7,97.3,97.3,8.7,9.4,9.4,0.143,1.53,18.8,0.045,0.12,0.083,12.3,12.4,0.425,0.489,0.172,0.176,97.06,97.99,81.66,97.99,0.073,563,1.6,3.8
983,Moochie Norris,Moochie,1610612745,HOU,29.0,82,43,39,0.524,1375.925,134,330,0.406,11,45,0.244,78,114,0.684,37,122,159,196,86,55,4,22,72,0,357,-16,932.8,0,0,841.0,1,2002-03,16.8,99.3,99.0,99.0,99.4,100.1,100.1,-0.1,-1.1,-1.1,0.239,2.28,29.4,0.029,0.089,0.06,12.9,13.0,0.423,0.47,0.157,0.159,89.73,89.55,74.63,89.55,0.092,2573,1.6,4.0
2050,Morris Peterson,Morris,1610612761,TOR,25.0,82,24,58,0.293,2944.9533333333334,421,1073,0.392,116,344,0.337,195,247,0.789,97,266,363,188,128,88,32,52,232,1,1153,-288,2102.6,2,0,2060.0,1,2002-03,35.9,97.7,98.7,98.7,103.6,104.1,104.1,-5.9,-5.5,-5.5,0.11,1.47,12.6,0.032,0.094,0.062,8.6,8.5,0.446,0.488,0.2,0.203,92.48,91.79,76.49,91.79,0.077,5642,5.1,13.1
1572,Nate Huffman,Nate,1610612761,TOR,28.0,7,1,6,0.143,78.10833333333333,9,25,0.36,0,0,0.0,5,8,0.625,9,14,23,5,3,1,3,4,13,0,23,0,67.1,0,0,59.0,1,2002-03,11.2,110.5,109.4,109.4,109.9,110.1,110.1,0.7,-0.7,-0.7,0.1,1.67,13.5,0.114,0.222,0.162,8.1,8.2,0.36,0.403,0.172,0.175,97.02,97.4,81.17,97.4,0.051,159,1.3,3.6
1737,Nazr Mohammed,Nazr,1610612737,ATL,25.0,35,12,23,0.343,450.3666666666667,67,159,0.421,0,0,0.0,26,41,0.634,47,82,129,6,25,16,21,12,79,1,160,-104,409.8,0,0,369.0,1,2002-03,12.9,92.1,91.5,91.5,104.3,102.4,102.4,-12.2,-10.9,-10.9,0.024,0.24,2.9,0.099,0.179,0.138,12.0,12.0,0.421,0.452,0.197,0.201,92.77,94.0,78.34,94.0,0.066,878,1.9,4.5
2403,Nene,ene,1610612743,DEN,20.0,80,17,63,0.213,2258.3283333333334,321,619,0.519,0,3,0.0,197,341,0.578,208,283,491,149,181,127,65,79,295,3,839,-261,2046.7,9,0,1863.0,1,2002-03,28.2,91.6,92.8,92.8,98.5,98.4,98.4,-7.0,-5.6,-5.6,0.119,0.82,13.5,0.094,0.139,0.116,16.4,16.5,0.519,0.545,0.19,0.191,92.82,92.27,76.89,92.27,0.102,4332,4.0,7.7
89,Nick Van Exel,Nick,1610612742,DAL,31.0,73,52,21,0.712,2033.0716666666667,342,831,0.412,118,312,0.378,108,142,0.761,35,173,208,312,122,43,4,16,86,0,910,241,1646.6,2,0,1642.0,1,2002-03,27.9,109.3,109.6,109.6,103.3,103.7,103.7,6.0,5.9,5.9,0.252,2.56,23.5,0.017,0.084,0.051,9.2,9.2,0.483,0.509,0.226,0.229,94.06,93.75,78.13,93.75,0.103,3974,4.7,11.4
2401,Nikoloz Tskitishvili,Nikoloz,1610612743,DEN,20.0,81,16,65,0.198,1319.9883333333332,115,393,0.293,37,152,0.243,48,65,0.738,64,117,181,91,84,31,29,26,136,0,315,-200,764.7,0,0,744.0,1,2002-03,16.3,88.9,89.8,89.8,98.8,97.9,97.9,-9.9,-8.1,-8.1,0.113,1.08,15.2,0.045,0.093,0.068,14.0,14.1,0.34,0.374,0.165,0.167,95.6,95.51,79.59,95.51,0.024,2633,1.4,4.9
2071,Olumide Oyedeji,Olumide,1610612753,ORL,22.0,27,14,13,0.519,143.945,10,23,0.435,0,0,0.0,7,11,0.636,10,40,50,5,5,5,3,5,30,0,27,-31,113.5,0,0,98.0,1,2002-03,5.3,92.6,90.0,90.0,100.5,98.3,98.3,-7.9,-8.3,-8.3,0.062,1.0,13.5,0.065,0.263,0.164,13.5,13.2,0.435,0.485,0.096,0.104,92.34,94.7,78.92,94.7,0.077,280,0.4,0.9
2351,Oscar Torres,Oscar,1610612744,GSW,26.0,17,5,12,0.294,103.95166666666668,16,36,0.444,7,13,0.538,14,20,0.7,3,9,12,3,8,4,2,4,9,0,53,10,81.9,0,0,87.0,1,2002-03,6.1,112.6,108.1,108.1,105.5,104.8,104.8,7.1,3.2,3.2,0.056,0.38,5.3,0.033,0.083,0.06,14.0,14.3,0.542,0.592,0.218,0.226,94.43,96.74,80.61,96.74,0.086,211,0.9,2.1
970,Othella Harrington,Othella,1610612752,NYK,29.0,74,32,42,0.432,1845.6583333333333,225,443,0.508,0,0,0.0,123,150,0.82,165,311,476,62,90,12,23,25,231,7,573,4,1252.2,8,0,1181.0,1,2002-03,24.9,101.4,103.2,103.2,103.0,102.8,102.8,-1.6,0.5,0.5,0.053,0.69,9.4,0.091,0.183,0.135,13.7,13.6,0.508,0.563,0.148,0.151,93.14,92.43,77.02,92.43,0.081,3548,3.0,6.0
136,P.J. Brown,P.J.,1610612740,NOH,33.0,78,45,33,0.577,2616.286666666667,319,601,0.531,0,3,0.0,194,232,0.836,243,458,701,147,98,67,80,39,203,0,832,104,2236.7,20,0,1974.0,1,2002-03,33.5,102.9,104.2,104.2,100.6,101.8,101.8,2.4,2.4,2.4,0.09,1.5,15.4,0.093,0.183,0.137,10.2,10.3,0.531,0.592,0.139,0.139,92.42,91.29,76.08,91.29,0.128,4969,4.1,7.7
2469,Pat Burke,Pat,1610612753,ORL,29.0,62,30,32,0.484,786.1816666666666,113,296,0.382,1,7,0.143,40,58,0.69,57,89,146,23,47,19,25,22,99,0,267,-200,561.7,0,0,525.0,1,2002-03,12.7,89.9,88.4,88.4,101.7,100.6,100.6,-11.8,-12.2,-12.2,0.056,0.49,5.9,0.065,0.119,0.09,12.0,12.0,0.383,0.415,0.202,0.208,95.6,96.89,80.74,96.89,0.042,1584,1.8,4.8
1727,Pat Garrity,Pat,1610612753,ORL,26.0,81,42,39,0.519,2586.548333333333,312,744,0.419,161,407,0.396,83,100,0.83,72,234,306,121,77,62,20,15,255,2,868,106,1585.7,1,0,1620.0,1,2002-03,31.9,105.6,106.3,106.3,103.5,104.1,104.1,2.1,2.3,2.3,0.073,1.57,12.3,0.028,0.094,0.06,7.8,7.8,0.528,0.551,0.148,0.151,96.04,95.48,79.57,95.48,0.063,5140,3.9,9.2
2200,Pau Gasol,Pau,1610612763,MEM,22.0,82,28,54,0.341,2945.978333333333,569,1116,0.51,1,10,0.1,416,565,0.736,192,528,720,229,213,34,148,94,220,0,1555,-142,3095.5,32,0,2869.0,1,2002-03,35.9,104.1,104.9,104.9,106.7,107.3,107.3,-2.6,-2.5,-2.5,0.131,1.08,12.7,0.066,0.177,0.123,11.8,11.8,0.51,0.57,0.236,0.239,95.85,95.23,79.36,95.23,0.13,5846,6.9,13.6
1718,Paul Pierce,Paul,1610612738,BOS,25.0,79,42,37,0.532,3096.575,663,1592,0.416,118,391,0.302,604,753,0.802,106,472,578,349,288,139,62,98,227,1,2048,128,3580.1,20,1,3495.0,1,2002-03,39.2,100.9,101.9,101.9,98.1,99.9,99.9,2.8,2.0,2.0,0.236,1.21,13.8,0.034,0.157,0.094,11.4,11.2,0.454,0.532,0.322,0.329,94.06,92.74,77.29,92.74,0.158,5986,8.4,20.2
2321,Paul Shirley,Paul,1610612737,ATL,25.0,2,0,2,0.0,5.85,0,4,0.0,0,0,0.0,0,0,0.0,0,1,1,0,0,0,0,1,0,0,0,8,1.2,0,0,1.0,1,2002-03,2.9,91.9,100.0,100.0,25.4,20.0,20.0,66.5,80.0,80.0,0.0,0.0,0.0,0.0,0.0,0.0,0.0,0.0,0.0,0.0,0.25,0.252,76.96,82.05,68.38,82.05,-0.545,10,0.0,2.0
978,Peja Stojakovic,Peja,1610612758,SAC,26.0,72,51,21,0.708,2451.3566666666666,497,1034,0.481,155,406,0.382,231,264,0.875,61,336,397,141,101,72,5,37,143,0,1380,419,2197.9,6,0,2227.0,1,2002-03,34.0,105.9,106.5,106.5,97.7,98.3,98.3,8.2,8.2,8.2,0.089,1.4,10.2,0.025,0.123,0.077,7.3,7.3,0.556,0.6,0.218,0.223,99.57,99.03,82.53,99.03,0.128,5059,6.9,14.4
2143,Pepe Sanchez,Pepe,1610612765,DET,26.0,9,7,2,0.778,35.806666666666665,0,5,0.0,0,0,0.0,0,0,0.0,4,2,6,8,2,5,0,0,3,0,0,5,32.2,0,0,24.0,1,2002-03,4.0,97.9,96.0,96.0,96.7,90.5,90.5,1.2,5.5,5.5,0.364,4.0,53.3,0.083,0.071,0.079,13.3,13.3,0.0,0.0,0.08,0.084,95.74,99.87,83.22,99.87,0.06,75,0.0,0.6
461,Popeye Jones,Popeye,1610612742,DAL,33.0,26,20,6,0.769,223.34,24,62,0.387,0,0,0.0,5,11,0.455,29,30,59,8,15,5,1,3,31,1,53,-44,138.8,0,0,132.0,1,2002-03,8.6,95.1,92.7,92.7,104.0,103.2,103.2,-8.9,-10.5,-10.5,0.059,0.53,8.9,0.121,0.141,0.131,16.7,16.7,0.387,0.396,0.161,0.167,92.81,94.35,78.62,94.35,0.031,440,0.9,2.4
1542,Predrag Drobnjak,Predrag,1610612760,SEA,27.0,82,40,42,0.488,1982.2,325,789,0.412,30,85,0.353,91,115,0.791,111,209,320,86,65,48,38,49,180,1,771,-49,1477.0,1,0,1379.0,1,2002-03,24.2,101.7,103.6,103.6,104.7,104.8,104.8,-3.0,-1.2,-1.2,0.074,1.32,8.7,0.055,0.117,0.084,6.6,6.6,0.431,0.459,0.209,0.211,90.73,89.88,74.9,89.88,0.071,3709,4.0,9.6
2453,Predrag Savovic,Predrag,1610612743,DEN,27.0,27,9,18,0.333,255.87,29,93,0.312,4,26,0.154,21,29,0.724,9,16,25,22,21,14,1,9,33,0,83,-39,170.0,0,0,164.0,1,2002-03,9.5,80.4,81.3,81.3,90.2,89.9,89.9,-9.8,-8.7,-8.7,0.169,1.05,15.1,0.031,0.066,0.047,14.4,14.1,0.333,0.392,0.195,0.205,97.83,97.46,81.21,97.46,0.027,523,1.1,3.4
2056,Primoz Brezec,Primoz,1610612754,IND,23.0,22,15,7,0.682,107.77666666666669,15,38,0.395,0,1,0.0,12,20,0.6,13,10,23,4,7,2,4,2,16,0,42,23,86.6,0,0,81.0,1,2002-03,4.9,103.0,99.1,99.1,91.5,88.2,88.2,11.5,10.9,10.9,0.058,0.57,6.9,0.129,0.083,0.104,12.1,12.1,0.395,0.449,0.216,0.224,94.56,98.2,81.84,98.2,0.041,220,0.7,1.7
2047,Quentin Richardson,Quentin,1610612746,LAC,23.0,59,15,44,0.254,1368.205,203,546,0.372,61,198,0.308,85,124,0.685,98,183,281,52,64,35,10,38,92,0,552,-159,1038.2,2,0,1036.0,1,2002-03,23.2,96.5,96.7,96.7,102.3,102.0,102.0,-5.8,-5.4,-5.4,0.072,0.81,7.2,0.069,0.132,0.101,8.9,8.9,0.428,0.46,0.217,0.22,92.97,92.99,77.49,92.99,0.085,2642,3.4,9.3
2417,Qyntel Woods,Qyntel,1610612757,POR,22.0,53,34,19,0.642,334.9783333333333,59,118,0.5,3,9,0.333,7,20,0.35,15,38,53,12,23,15,1,12,36,0,128,-79,234.6,0,0,228.0,1,2002-03,6.3,97.3,93.3,93.3,106.0,104.3,104.3,-8.6,-11.0,-11.0,0.064,0.52,7.5,0.046,0.126,0.085,14.3,14.2,0.513,0.505,0.196,0.208,93.74,96.51,80.42,96.51,0.063,671,1.1,2.2
1711,Raef LaFrentz,Raef,1610612742,DAL,27.0,69,48,21,0.696,1610.0416666666667,266,514,0.518,47,116,0.405,60,88,0.682,125,205,330,54,46,35,91,43,264,1,639,222,1448.0,5,0,1322.0,1,2002-03,23.3,109.6,109.9,109.9,101.8,101.8,101.8,7.7,8.1,8.1,0.05,1.17,8.3,0.077,0.127,0.102,7.1,7.0,0.563,0.578,0.165,0.168,94.9,94.76,78.97,94.76,0.08,3162,3.9,7.4
1747,Rafer Alston,Rafer,1610612761,TOR,26.0,47,16,31,0.34,982.4716666666668,139,335,0.415,51,130,0.392,37,54,0.685,21,86,107,192,86,38,15,18,120,0,366,-135,855.4,1,0,822.0,1,2002-03,20.9,96.2,96.1,96.1,103.4,102.9,102.9,-7.3,-6.8,-6.8,0.348,2.23,30.2,0.021,0.086,0.053,13.5,13.5,0.491,0.51,0.201,0.206,92.79,93.07,77.56,93.07,0.094,1902,3.0,7.1
1952,Raja Bell,Raja,1610612742,DAL,26.0,75,54,21,0.72,1174.1083333333331,93,211,0.441,21,51,0.412,23,34,0.676,47,98,145,57,43,52,8,10,134,1,230,42,626.5,0,0,573.0,1,2002-03,15.7,103.4,101.8,101.8,99.0,98.8,98.8,4.4,3.0,3.0,0.071,1.33,17.5,0.039,0.082,0.06,13.2,13.2,0.491,0.509,0.102,0.105,95.58,96.44,80.37,96.44,0.041,2345,1.2,2.8
753,Randy Brown,Randy,1610612756,PHX,35.0,32,12,20,0.375,259.89166666666665,16,43,0.372,0,0,0.0,9,12,0.75,3,23,26,35,17,17,2,4,36,0,41,-20,164.7,0,0,140.0,1,2002-03,8.1,96.5,95.2,95.2,97.7,97.4,97.4,-1.2,-2.3,-2.3,0.216,2.06,34.7,0.012,0.09,0.05,16.8,17.0,0.372,0.425,0.116,0.118,91.5,92.25,76.88,92.25,0.052,495,0.5,1.3
988,Randy Livingston,Randy,1610612740,NOH,28.0,2,1,1,0.5,11.816666666666666,2,4,0.5,0,0,0.0,2,2,1.0,0,0,0,1,0,0,0,0,0,0,6,1,7.5,0,0,7.0,1,2002-03,5.9,96.9,90.9,90.9,96.2,90.5,90.5,0.7,0.4,0.4,0.2,0.0,16.7,0.0,0.0,0.0,0.0,0.0,0.5,0.615,0.192,0.198,82.05,87.33,72.78,87.33,0.152,22,1.0,2.0
1740,Rashard Lewis,Rashard,1610612760,SEA,23.0,77,37,40,0.481,3041.1266666666666,519,1149,0.452,75,217,0.346,283,345,0.82,152,351,503,133,143,99,35,57,205,0,1396,-82,2458.1,11,0,2375.0,1,2002-03,39.5,101.7,102.9,102.9,103.3,104.4,104.4,-1.6,-1.5,-1.5,0.078,0.93,8.5,0.051,0.124,0.086,9.1,9.1,0.484,0.537,0.219,0.223,90.49,89.45,74.54,89.45,0.108,5669,6.7,14.9
739,Rasheed Wallace,Rasheed,1610612757,POR,28.0,74,44,30,0.595,2686.3616666666667,515,1094,0.471,110,307,0.358,200,272,0.735,113,435,548,153,140,70,77,30,223,1,1340,279,2528.1,11,0,2445.0,1,2002-03,36.3,104.0,104.8,104.8,98.2,99.3,99.3,5.7,5.5,5.5,0.101,1.09,10.1,0.045,0.168,0.108,9.3,9.3,0.521,0.552,0.231,0.233,91.81,90.92,75.77,90.92,0.125,5088,7.0,14.8
1725,Rasho Nesterovic,Rasho,1610612750,MIN,27.0,77,47,30,0.61,2338.07,400,762,0.525,0,2,0.0,61,95,0.642,146,358,504,114,99,39,116,58,256,0,861,120,2002.8,14,0,1789.0,1,2002-03,30.4,103.0,104.3,104.3,100.7,101.3,101.3,2.3,3.1,3.1,0.074,1.15,11.2,0.065,0.15,0.108,9.7,9.7,0.525,0.536,0.174,0.176,94.15,93.3,77.75,93.3,0.092,4535,5.2,9.9
2446,Rasual Butler,Rasual,1610612748,MIA,24.0,72,19,53,0.264,1515.2966666666666,207,572,0.362,50,171,0.292,76,104,0.731,29,157,186,93,77,21,43,26,105,0,540,-224,1017.7,0,0,997.0,1,2002-03,21.0,91.3,91.9,91.9,99.4,99.5,99.5,-8.1,-7.6,-7.6,0.116,1.21,11.8,0.019,0.104,0.061,9.8,9.8,0.406,0.437,0.211,0.215,90.68,90.33,75.27,90.33,0.065,2848,2.9,7.9
951,Ray Allen,Ray,1610612760,SEA,27.0,76,42,34,0.553,2879.7366666666667,598,1363,0.439,201,533,0.377,316,345,0.916,94,287,381,334,198,103,14,63,220,0,1713,164,2824.2,3,1,2863.0,2,2002-03,37.9,106.1,107.0,107.0,103.5,104.1,104.1,2.6,2.9,2.9,0.217,1.69,16.4,0.035,0.105,0.07,9.7,9.7,0.512,0.565,0.275,0.28,91.55,90.91,75.76,90.91,0.136,5456,7.9,17.9
2501,Reggie Evans,Reggie,1610612760,SEA,23.0,67,35,32,0.522,1369.15,66,140,0.471,0,0,0.0,80,154,0.519,167,278,445,34,52,38,11,30,173,3,212,-12,892.0,2,0,789.0,1,2002-03,20.4,101.4,102.8,102.8,101.8,102.8,102.8,-0.5,0.0,0.0,0.037,0.65,11.6,0.121,0.226,0.17,17.7,17.7,0.471,0.51,0.088,0.089,89.65,88.59,73.83,88.59,0.066,2521,1.0,2.1
397,Reggie Miller,Reggie,1610612754,IND,37.0,70,38,32,0.543,2121.023333333333,281,637,0.441,113,318,0.355,207,230,0.9,21,151,172,170,66,62,4,10,89,1,882,201,1475.4,1,0,1469.0,1,2002-03,30.3,102.3,103.6,103.6,98.6,99.2,99.2,3.7,4.4,4.4,0.135,2.58,17.7,0.01,0.071,0.04,6.9,6.8,0.53,0.597,0.165,0.17,94.75,93.83,78.19,93.83,0.11,4155,4.0,9.1
1073,Reggie Slater,Reggie,1610612750,MIN,32.0,26,13,13,0.5,142.24166666666667,27,50,0.54,0,0,0.0,27,45,0.6,18,13,31,4,9,6,1,9,31,0,81,4,136.2,0,0,130.0,1,2002-03,5.5,102.6,99.0,99.0,101.9,97.3,97.3,0.6,1.7,1.7,0.051,0.44,4.7,0.113,0.086,0.099,10.6,10.9,0.54,0.58,0.229,0.237,97.37,101.4,84.5,101.4,0.072,300,1.0,1.9
1888,Richard Hamilton,Richard,1610612765,DET,25.0,82,50,32,0.61,2639.798333333333,570,1286,0.443,32,119,0.269,440,528,0.833,88,230,318,208,200,64,13,93,249,2,1612,180,2336.6,0,0,2324.0,1,2002-03,32.2,101.2,101.4,101.4,98.0,98.1,98.1,3.2,3.3,3.3,0.171,1.04,10.8,0.036,0.093,0.064,10.4,10.4,0.456,0.531,0.308,0.314,89.52,89.4,74.5,89.4,0.121,4926,7.0,15.7
2210,Richard Jefferson,Richard,1610612751,NJN,23.0,80,48,32,0.6,2874.045,456,911,0.501,6,24,0.25,324,436,0.743,150,364,514,201,156,80,44,74,216,2,1242,389,2376.3,11,1,2211.0,1,2002-03,35.9,102.0,103.0,103.0,95.7,96.1,96.1,6.3,6.8,6.8,0.119,1.29,13.7,0.053,0.127,0.091,10.7,10.7,0.504,0.563,0.195,0.197,94.57,93.94,78.29,93.94,0.119,5627,5.7,11.4
1594,Rick Brunson,Rick,1610612741,CHI,31.0,17,9,8,0.529,193.79833333333332,23,50,0.46,4,6,0.667,10,12,0.833,4,15,19,36,17,10,3,3,20,0,60,6,158.8,1,0,145.0,1,2002-03,11.4,103.0,103.5,103.5,100.7,102.7,102.7,2.3,0.8,0.8,0.286,2.12,33.0,0.024,0.079,0.053,15.6,15.7,0.5,0.543,0.172,0.173,93.12,92.01,76.68,92.01,0.102,373,1.4,2.9
296,Rick Fox,Rick,1610612747,LAL,33.0,76,48,28,0.632,2183.346666666667,262,621,0.422,105,280,0.375,52,69,0.754,64,259,323,253,121,69,14,26,215,0,681,129,1576.1,2,0,1528.0,1,2002-03,28.7,105.3,106.4,106.4,102.5,103.1,103.1,2.8,3.2,3.2,0.171,2.09,24.7,0.029,0.117,0.073,11.8,11.8,0.506,0.523,0.155,0.157,95.33,94.53,78.78,94.53,0.081,4295,3.4,8.2
1729,Ricky Davis,Ricky,1610612739,CLE,23.0,79,16,63,0.203,3137.023333333333,602,1470,0.41,74,204,0.363,348,465,0.748,97,293,390,436,277,125,36,74,180,0,1626,-636,2954.0,11,0,2848.0,1,2002-03,39.7,94.0,95.4,95.4,104.3,105.2,105.2,-10.3,-9.8,-9.8,0.258,1.57,18.4,0.03,0.093,0.061,11.7,11.6,0.435,0.485,0.265,0.269,97.47,96.38,80.32,96.38,0.109,6289,7.6,18.6
2425,Robert Archibald,Robert,1610612763,MEM,23.0,12,8,4,0.667,72.18166666666667,6,20,0.3,0,0,0.0,7,18,0.389,6,11,17,3,7,0,3,2,9,0,19,-10,45.9,0,0,45.0,1,2002-03,6.0,86.8,82.2,82.2,93.9,90.9,90.9,-7.2,-8.7,-8.7,0.071,0.43,7.7,0.078,0.151,0.113,17.9,18.5,0.3,0.34,0.22,0.225,91.99,96.09,80.08,96.09,-0.018,146,0.5,1.7
109,Robert Horry,Robert,1610612747,LAL,32.0,80,49,31,0.613,2343.715,184,476,0.387,51,177,0.288,103,134,0.769,181,333,514,233,112,96,61,14,247,0,522,209,1847.3,2,0,1634.0,1,2002-03,29.3,103.7,104.1,104.1,99.3,100.2,100.2,4.4,3.9,3.9,0.148,2.08,26.5,0.077,0.141,0.109,12.7,12.7,0.44,0.488,0.121,0.123,95.02,94.41,78.68,94.41,0.086,4624,2.3,6.0
123,Robert Pack,Robert,1610612740,NOH,34.0,28,16,12,0.571,438.01166666666666,52,129,0.403,0,5,0.0,41,55,0.745,11,40,51,81,40,25,0,16,35,0,145,-83,362.7,1,0,327.0,1,2002-03,15.6,95.8,95.4,95.4,105.7,103.9,103.9,-9.9,-8.5,-8.5,0.333,2.03,29.2,0.025,0.093,0.059,14.4,14.6,0.403,0.473,0.199,0.202,92.19,93.2,77.67,93.2,0.096,845,1.9,4.6
1714,Robert Traylor,Robert,1610612740,NOH,26.0,69,41,28,0.594,846.6233333333333,105,237,0.443,1,3,0.333,57,88,0.648,108,154,262,50,53,45,37,26,153,1,268,20,850.4,2,0,745.0,1,2002-03,12.3,97.0,97.4,97.4,96.7,94.7,94.7,0.3,2.7,2.7,0.096,0.94,13.1,0.119,0.191,0.153,13.9,14.0,0.445,0.486,0.167,0.17,92.78,93.6,78.0,93.6,0.093,1638,1.5,3.4
393,Rod Strickland,Rod,1610612750,MIN,36.0,47,30,17,0.638,955.74,120,278,0.432,1,11,0.091,79,107,0.738,20,75,95,215,76,46,6,11,55,0,320,25,836.5,1,0,735.0,1,2002-03,20.3,100.4,100.6,100.6,97.9,98.9,98.9,2.5,1.7,1.7,0.351,2.83,34.7,0.021,0.077,0.05,12.3,12.3,0.433,0.492,0.188,0.191,94.36,93.74,78.12,93.74,0.121,1863,2.6,5.9
915,Rodney Rogers,Rodney,1610612751,NJN,32.0,68,42,26,0.618,1307.1133333333332,183,455,0.402,44,132,0.333,68,90,0.756,61,202,263,107,91,50,31,33,192,0,478,65,1106.1,0,0,1054.0,1,2002-03,19.2,96.3,96.3,96.3,93.6,93.7,93.7,2.7,2.6,2.6,0.146,1.18,15.4,0.045,0.148,0.097,13.1,13.1,0.451,0.483,0.198,0.203,94.05,93.95,78.29,93.95,0.085,2558,2.7,6.7
2206,Rodney White,Rodney,1610612743,DEN,23.0,72,12,60,0.167,1565.0766666666666,260,638,0.408,32,134,0.239,98,125,0.784,43,170,213,121,156,45,32,58,134,0,650,-311,1162.1,1,1,1170.0,1,2002-03,21.7,86.8,87.8,87.8,98.2,97.8,97.8,-11.4,-10.0,-10.0,0.156,0.78,12.5,0.026,0.112,0.068,16.1,16.1,0.433,0.469,0.236,0.24,94.49,94.08,78.4,94.08,0.078,3065,3.6,8.9
2427,Roger Mason Jr.,Roger,1610612741,CHI,22.0,17,3,14,0.176,114.24,11,31,0.355,6,18,0.333,2,2,1.0,2,10,12,12,5,4,0,0,20,0,30,-4,69.4,0,0,68.0,1,2002-03,6.7,95.9,93.7,93.7,102.0,96.2,96.2,-6.2,-2.5,-2.5,0.164,2.4,24.5,0.018,0.085,0.052,10.2,10.2,0.452,0.471,0.142,0.148,95.18,99.16,82.63,99.16,0.03,237,0.6,1.8
1500,Ron Mercer,Ron,1610612754,IND,27.0,72,43,29,0.597,1670.435,244,597,0.409,3,16,0.188,65,81,0.802,32,122,154,112,54,49,14,17,123,0,556,24,1043.8,0,0,951.0,1,2002-03,23.2,100.5,100.5,100.5,98.5,99.2,99.2,2.0,1.2,1.2,0.117,2.07,14.1,0.02,0.072,0.046,6.8,6.8,0.411,0.439,0.185,0.189,93.12,92.79,77.32,92.79,0.064,3221,3.4,8.3
2257,Ruben Boumtje-Boumtje,Ruben,1610612757,POR,25.0,2,1,1,0.5,4.683333333333334,0,1,0.0,0,0,0.0,0,0,0.0,1,0,1,1,0,1,0,1,0,0,0,2,5.7,0,0,4.0,1,2002-03,2.3,127.3,100.0,100.0,100.0,81.8,81.8,27.3,18.2,18.2,0.333,0.0,50.0,0.0,0.0,0.0,0.0,0.0,0.0,0.0,0.083,0.104,90.4,112.74,93.95,112.74,0.077,11,0.0,0.5
1739,Ruben Patterson,Ruben,1610612757,POR,27.0,78,48,30,0.615,1657.5866666666666,254,516,0.492,3,20,0.15,138,220,0.627,120,144,264,101,117,73,29,49,161,1,649,103,1306.3,0,0,1221.0,1,2002-03,21.3,103.2,103.4,103.4,99.2,99.8,99.8,4.0,3.6,3.6,0.103,0.86,12.2,0.076,0.089,0.083,14.1,14.1,0.495,0.53,0.199,0.204,91.64,91.25,76.04,91.25,0.082,3146,3.3,6.6
2106,Ruben Wolkowyski,Ruben,1610612738,BOS,29.0,7,4,3,0.571,23.58333333333333,2,4,0.5,0,1,0.0,1,4,0.25,0,1,1,1,1,0,0,0,3,0,5,-27,6.7,0,0,7.0,1,2002-03,3.4,61.3,57.1,57.1,122.7,117.0,117.0,-61.3,-59.9,-59.9,0.125,1.0,12.5,0.0,0.05,0.0,12.5,12.9,0.5,0.434,0.14,0.145,92.08,97.7,81.41,97.7,-0.027,49,0.3,0.6
1763,Ryan Bowen,Ryan,1610612743,DEN,27.0,62,14,48,0.226,995.6816666666666,97,197,0.492,2,7,0.286,27,41,0.659,78,79,157,54,43,65,29,20,82,0,223,-67,731.4,0,0,624.0,1,2002-03,16.1,89.7,90.5,90.5,93.4,93.8,93.8,-3.7,-3.3,-3.3,0.09,1.26,17.5,0.075,0.087,0.08,13.9,13.8,0.497,0.519,0.112,0.116,92.66,92.03,76.69,92.03,0.092,1907,1.6,3.2
2415,Ryan Humphrey,Ryan,1610612763,MEM,23.0,48,23,25,0.479,443.26166666666666,35,120,0.292,0,0,0.0,23,39,0.59,34,65,99,11,23,9,18,26,75,0,93,-55,286.3,0,0,257.0,2,2002-03,9.2,88.7,85.9,85.9,94.2,92.0,92.0,-5.5,-6.0,-6.0,0.043,0.48,6.3,0.068,0.145,0.104,13.2,13.4,0.292,0.339,0.155,0.159,94.43,97.08,80.9,97.08,0.005,896,0.7,2.5
208,Sam Cassell,Sam,1610612749,MIL,33.0,78,40,38,0.513,2698.5516666666667,546,1162,0.47,59,163,0.362,385,447,0.861,57,285,342,450,177,88,14,41,216,0,1536,-116,2750.4,6,2,2591.0,1,2002-03,34.6,106.2,106.3,106.3,107.4,108.5,108.5,-1.2,-2.2,-2.2,0.293,2.54,22.6,0.022,0.109,0.065,8.9,8.9,0.495,0.565,0.258,0.262,94.13,93.62,78.02,93.62,0.141,5264,7.0,14.9
955,Samaki Walker,Samaki,1610612747,LAL,27.0,67,39,28,0.582,1244.3166666666666,115,274,0.42,0,1,0.0,66,101,0.653,115,253,368,64,56,20,55,24,143,1,296,-94,1002.6,3,0,878.0,1,2002-03,18.6,98.4,98.1,98.1,101.0,101.2,101.2,-2.6,-3.1,-3.1,0.08,1.14,14.5,0.089,0.199,0.144,12.7,12.8,0.42,0.465,0.136,0.137,92.95,92.95,77.46,92.95,0.084,2400,1.7,4.1
1513,Scot Pollard,Scot,1610612758,SAC,28.0,23,18,5,0.783,323.925,40,87,0.46,0,0,0.0,23,38,0.605,46,60,106,6,15,13,15,8,50,0,103,94,308.2,3,0,271.0,1,2002-03,14.1,105.0,104.5,104.5,89.8,89.6,89.6,15.2,14.9,14.9,0.028,0.4,4.8,0.136,0.161,0.15,11.9,12.0,0.46,0.497,0.155,0.156,96.19,96.54,80.45,96.54,0.091,650,1.7,3.8
1909,Scott Padgett,Scott,1610612762,UTA,27.0,82,47,35,0.573,1322.7166666666667,170,423,0.402,45,133,0.338,81,107,0.757,83,189,272,86,70,41,24,32,148,0,466,70,1046.4,1,0,999.0,1,2002-03,16.1,99.5,98.1,98.1,97.5,96.3,96.3,2.0,1.8,1.8,0.113,1.23,13.7,0.066,0.146,0.107,11.2,11.2,0.455,0.496,0.181,0.187,91.62,92.85,77.37,92.85,0.091,2571,2.1,5.2
281,Scott Williams,Scott,1610612756,PHX,35.0,69,36,33,0.522,875.0183333333333,120,292,0.411,0,2,0.0,33,42,0.786,72,121,193,22,32,27,21,17,159,0,273,-96,649.6,2,0,584.0,1,2002-03,12.7,97.1,98.1,98.1,102.0,101.7,101.7,-4.8,-3.6,-3.6,0.041,0.69,6.0,0.079,0.146,0.111,8.7,8.8,0.411,0.44,0.175,0.177,94.18,93.8,78.17,93.8,0.043,1693,1.7,4.2
937,Scottie Pippen,Scottie,1610612757,POR,37.0,64,41,23,0.641,1912.34,265,597,0.444,38,133,0.286,121,148,0.818,57,221,278,285,164,105,25,34,149,0,689,287,1676.1,2,0,1550.0,1,2002-03,29.9,105.4,106.3,106.3,97.3,98.4,98.4,8.1,7.9,7.9,0.234,1.74,25.7,0.032,0.118,0.076,14.8,14.8,0.476,0.52,0.195,0.199,92.78,91.88,76.57,91.88,0.108,3660,4.1,9.3
2253,Sean Lampley,Sean,1610612748,MIA,23.0,35,8,27,0.229,487.7816666666667,56,129,0.434,0,4,0.0,57,82,0.695,26,57,83,31,25,7,3,21,43,0,169,-3,320.1,0,0,303.0,1,2002-03,13.9,90.6,91.5,91.5,93.8,91.5,91.5,-3.2,0.0,0.0,0.12,1.24,13.9,0.053,0.119,0.085,11.2,11.3,0.434,0.512,0.18,0.182,89.84,90.48,75.4,90.48,0.094,918,1.6,3.7
1752,Sean Marks,Sean,1610612748,MIA,27.0,23,4,19,0.174,224.125,22,59,0.373,0,1,0.0,10,15,0.667,8,27,35,3,14,5,6,3,37,0,54,-10,119.5,0,0,114.0,1,2002-03,9.7,93.1,93.0,93.0,94.9,95.1,95.1,-1.7,-2.1,-2.1,0.023,0.21,3.6,0.037,0.13,0.082,16.9,16.9,0.373,0.412,0.163,0.167,91.82,91.77,76.48,91.77,0.005,428,1.0,2.6
399,Sean Rooks,Sean,1610612746,LAC,33.0,70,21,49,0.3,1343.39,125,297,0.421,0,1,0.0,47,58,0.81,53,163,216,69,66,34,44,7,174,0,297,-311,827.7,0,0,738.0,1,2002-03,19.2,95.7,96.0,96.0,106.4,107.3,107.3,-10.7,-11.3,-11.3,0.085,1.05,15.1,0.039,0.125,0.081,14.4,14.4,0.421,0.46,0.13,0.132,93.52,93.02,77.52,93.02,0.045,2595,1.8,4.2
1742,Shammond Williams,Shammond,1610612743,DEN,28.0,78,35,43,0.449,1876.34,228,579,0.394,93,261,0.356,78,102,0.765,24,147,171,266,114,77,6,19,140,0,627,-108,1366.2,1,0,1323.0,2,2002-03,24.1,95.6,95.5,95.5,98.8,98.4,98.4,-3.2,-2.9,-2.9,0.252,2.33,26.6,0.012,0.079,0.044,11.4,11.4,0.474,0.503,0.172,0.177,95.12,95.32,79.43,95.32,0.093,3726,2.9,7.4
1000,Shandon Anderson,Shandon,1610612752,NYK,29.0,82,37,45,0.451,1729.4633333333334,248,537,0.462,52,140,0.371,139,190,0.732,64,190,254,87,114,73,20,27,177,1,687,-61,1287.3,0,0,1266.0,1,2002-03,21.1,100.3,100.7,100.7,101.5,101.6,101.6,-1.2,-0.9,-0.9,0.086,0.76,10.6,0.039,0.114,0.076,13.9,13.9,0.51,0.553,0.193,0.197,92.99,92.73,77.27,92.73,0.085,3326,3.0,6.5
2203,Shane Battier,Shane,1610612763,MEM,24.0,78,25,53,0.321,2381.998333333333,275,569,0.483,86,216,0.398,120,145,0.828,128,217,345,105,68,102,88,26,207,0,756,-85,1829.5,2,0,1672.0,1,2002-03,30.5,101.7,102.4,102.4,103.9,104.1,104.1,-2.2,-1.7,-1.7,0.067,1.54,13.1,0.053,0.088,0.071,8.5,8.4,0.559,0.597,0.129,0.131,95.25,94.88,79.07,94.88,0.085,4706,3.5,7.3
406,Shaquille O'Neal,Shaquille,1610612747,LAL,31.0,67,45,22,0.672,2533.29,695,1211,0.574,0,0,0.0,451,725,0.622,259,483,742,206,196,38,159,49,229,0,1841,363,3435.4,46,0,3183.0,1,2002-03,37.8,109.1,110.4,110.4,102.2,103.5,103.5,6.8,6.9,6.9,0.15,1.05,10.7,0.107,0.19,0.149,10.2,10.1,0.574,0.602,0.3,0.303,95.55,94.42,78.68,94.42,0.18,4991,10.4,18.1
949,Shareef Abdur-Rahim,Shareef,1610612737,ATL,26.0,81,35,46,0.432,3079.3716666666664,566,1183,0.478,21,60,0.35,455,541,0.841,175,502,677,242,212,87,38,106,240,3,1608,-174,2946.4,29,0,2798.0,1,2002-03,38.0,100.9,101.1,101.1,103.5,104.4,104.4,-2.6,-3.4,-3.4,0.145,1.14,12.9,0.061,0.16,0.113,11.3,11.3,0.487,0.566,0.242,0.245,93.4,92.89,77.41,92.89,0.138,5972,7.0,14.6
762,Shawn Bradley,Shawn,1610612742,DAL,31.0,81,59,22,0.728,1728.2683333333334,201,375,0.536,0,1,0.0,141,175,0.806,151,325,476,54,67,65,170,21,242,4,543,306,1833.2,10,0,1543.0,1,2002-03,21.3,106.1,106.2,106.2,96.1,96.6,96.6,10.0,9.7,9.7,0.047,0.81,9.4,0.088,0.184,0.137,11.7,11.7,0.536,0.601,0.135,0.138,94.45,94.15,78.46,94.15,0.11,3379,2.5,4.6
431,Shawn Kemp,Shawn,1610612753,ORL,33.0,79,41,38,0.519,1630.005,211,505,0.418,0,1,0.0,115,155,0.742,147,304,451,55,102,66,33,49,239,0,537,-98,1355.7,4,0,1241.0,1,2002-03,20.6,101.4,102.1,102.1,103.7,104.3,104.3,-2.3,-2.2,-2.2,0.055,0.54,7.5,0.088,0.198,0.141,14.0,14.0,0.418,0.468,0.185,0.187,95.7,95.1,79.25,95.1,0.069,3217,2.7,6.4
1890,Shawn Marion,Shawn,1610612756,PHX,25.0,81,43,38,0.531,3374.7266666666665,662,1466,0.452,141,364,0.387,251,295,0.851,199,574,773,198,157,185,95,57,208,0,1716,53,3623.6,38,0,3388.0,1,2002-03,41.7,101.0,102.6,102.6,100.2,101.3,101.3,0.8,1.2,1.2,0.104,1.26,10.3,0.058,0.17,0.114,8.2,8.0,0.5,0.538,0.227,0.232,94.44,93.22,77.68,93.22,0.151,6540,8.2,18.1
2098,Slava Medvedenko,Slava,1610612747,LAL,24.0,58,34,24,0.586,619.73,112,258,0.434,0,2,0.0,31,43,0.721,66,75,141,18,37,11,8,19,118,0,255,-56,471.2,0,0,452.0,1,2002-03,10.7,96.0,95.7,95.7,101.4,99.4,99.4,-5.4,-3.8,-3.8,0.05,0.49,5.4,0.098,0.12,0.109,11.1,11.1,0.434,0.46,0.215,0.22,95.51,96.62,80.52,96.62,0.043,1243,1.9,4.4
2470,Smush Parker,Smush,1610612739,CLE,22.0,66,15,51,0.227,1101.361666666667,136,338,0.402,38,118,0.322,98,118,0.831,29,90,119,162,133,48,12,34,106,0,408,-212,840.8,0,0,847.0,1,2002-03,16.7,96.0,96.0,96.0,105.5,105.4,105.4,-9.6,-9.4,-9.4,0.239,1.22,23.7,0.025,0.084,0.054,19.5,19.4,0.459,0.523,0.197,0.202,99.15,99.17,82.64,99.17,0.073,2276,2.1,5.1
2066,Soumaila Samake,Soumaila,1610612747,LAL,25.0,13,4,9,0.308,76.99166666666666,10,24,0.417,0,0,0.0,2,2,1.0,10,13,23,4,2,0,5,6,13,0,22,-16,68.6,0,0,59.0,1,2002-03,5.9,90.7,90.3,90.3,100.7,99.4,99.4,-10.0,-9.0,-9.0,0.087,2.0,12.9,0.119,0.178,0.146,6.5,6.5,0.417,0.442,0.146,0.15,96.37,97.26,81.05,97.26,0.082,155,0.8,1.8
2049,Speedy Claxton,Speedy,1610612759,SAS,25.0,30,23,7,0.767,469.255,67,145,0.462,0,11,0.0,39,57,0.684,22,34,56,75,35,22,7,8,43,0,173,2,404.7,1,0,362.0,1,2002-03,15.6,102.7,101.0,101.0,101.2,100.9,100.9,1.5,0.1,0.1,0.292,2.14,26.7,0.05,0.076,0.063,12.5,12.5,0.462,0.509,0.196,0.202,90.81,91.7,76.42,91.7,0.106,897,2.2,4.8
278,Stacey Augmon,Stacey,1610612740,NOH,34.0,70,40,30,0.571,859.7283333333334,79,192,0.411,0,7,0.0,54,72,0.75,26,93,119,69,40,27,9,13,80,0,212,89,526.3,0,0,472.0,1,2002-03,12.3,99.9,99.3,99.3,94.6,93.1,93.1,5.3,6.2,6.2,0.125,1.73,20.6,0.03,0.111,0.07,11.9,12.0,0.411,0.474,0.138,0.14,92.08,93.04,77.54,93.04,0.069,1659,1.1,2.7
1536,Stephen Jackson,Stephen,1610612759,SAS,25.0,80,59,21,0.738,2251.738333333333,356,818,0.435,95,297,0.32,139,183,0.76,66,220,286,183,176,125,30,40,202,0,946,204,1852.7,1,0,1820.0,1,2002-03,28.1,104.7,104.4,104.4,99.4,99.7,99.7,5.3,4.7,4.7,0.136,1.04,14.6,0.032,0.097,0.066,14.0,14.0,0.493,0.526,0.216,0.22,92.71,92.71,77.26,92.71,0.091,4349,4.5,10.2
950,Stephon Marbury,Stephon,1610612756,PHX,26.0,81,44,37,0.543,3248.3683333333333,671,1530,0.439,89,296,0.301,375,467,0.803,53,210,263,654,263,108,20,96,200,0,1806,104,3223.6,23,0,3068.0,1,2002-03,40.1,101.9,103.6,103.6,100.5,101.8,101.8,1.4,1.8,1.8,0.357,2.49,24.6,0.016,0.065,0.04,9.9,9.9,0.468,0.52,0.273,0.275,94.92,93.57,77.98,93.57,0.136,6328,8.3,18.9
1883,Steve Francis,Steve,1610612745,HOU,26.0,81,42,39,0.519,3321.548333333333,571,1312,0.435,85,240,0.354,476,595,0.8,159,340,499,502,299,141,41,84,251,0,1703,185,3301.8,12,1,3153.0,1,2002-03,41.0,102.1,103.2,103.2,99.8,100.4,100.4,2.4,2.7,2.7,0.278,1.68,21.1,0.049,0.102,0.076,12.6,12.6,0.468,0.541,0.257,0.259,91.76,90.98,75.82,90.98,0.137,6302,7.0,16.2
70,Steve Kerr,Steve,1610612759,SAS,37.0,75,55,20,0.733,950.2716666666666,110,256,0.43,49,124,0.395,30,34,0.882,12,48,60,70,35,27,3,4,49,0,299,44,531.0,0,0,538.0,1,2002-03,12.7,98.0,96.2,96.2,96.2,94.9,94.9,1.8,1.3,1.3,0.128,2.0,18.8,0.013,0.049,0.032,9.4,9.3,0.525,0.552,0.142,0.148,93.29,94.86,79.05,94.86,0.081,1888,1.5,3.4
959,Steve Nash,Steve,1610612742,DAL,29.0,82,60,22,0.732,2712.373333333333,518,1114,0.465,111,269,0.413,310,341,0.909,63,171,234,598,192,85,6,53,134,0,1457,538,2715.8,19,0,2582.0,1,2002-03,33.1,110.5,111.2,111.2,100.2,101.3,101.3,10.3,9.9,9.9,0.351,3.11,29.4,0.023,0.062,0.043,9.4,9.3,0.515,0.576,0.236,0.242,95.62,94.82,79.02,94.82,0.146,5361,6.3,13.6
2212,Steven Hunter,Steven,1610612753,ORL,21.0,33,17,16,0.515,447.19,56,103,0.544,0,0,0.0,18,44,0.409,38,55,93,6,15,9,36,16,56,0,130,21,370.6,1,0,319.0,1,2002-03,13.6,100.4,99.8,99.8,97.3,97.5,97.5,3.1,2.3,2.3,0.022,0.4,4.2,0.084,0.111,0.098,10.4,10.5,0.544,0.531,0.135,0.139,94.87,95.05,79.21,95.05,0.071,886,1.7,3.1
120,Steven Smith,Steven,1610612759,SAS,34.0,53,40,13,0.755,1032.381666666667,113,291,0.388,39,118,0.331,95,114,0.833,21,78,99,70,43,28,9,14,79,0,360,40,651.8,1,0,642.0,1,2002-03,19.5,99.6,98.9,98.9,97.7,97.0,97.0,1.9,1.9,1.9,0.114,1.63,15.5,0.021,0.073,0.048,9.5,9.5,0.455,0.528,0.167,0.173,91.72,92.36,76.97,92.36,0.079,1988,2.1,5.5
2031,Stromile Swift,Stromile,1610612763,MEM,23.0,67,26,41,0.388,1474.1233333333332,235,489,0.481,0,2,0.0,177,245,0.722,114,270,384,45,99,55,104,48,152,0,647,-81,1553.3,10,0,1394.0,1,2002-03,22.0,99.9,99.4,99.4,102.4,102.5,102.5,-2.5,-3.1,-3.1,0.051,0.45,6.0,0.08,0.177,0.13,13.3,13.4,0.481,0.542,0.21,0.214,94.95,95.18,79.31,95.18,0.112,2928,3.5,7.3
2447,Tamar Slay,Tamar,1610612751,NJN,23.0,36,29,7,0.806,273.64166666666665,39,103,0.379,7,25,0.28,7,10,0.7,8,23,31,14,20,14,3,4,31,0,92,-13,181.2,0,0,178.0,1,2002-03,7.6,95.8,92.0,92.0,96.4,95.2,95.2,-0.6,-3.2,-3.2,0.086,0.7,9.9,0.03,0.088,0.058,14.2,14.1,0.413,0.428,0.202,0.213,93.76,96.21,80.18,96.21,0.039,551,1.1,2.9
1505,Tariq Abdul-Wahad,Tariq,1610612742,DAL,28.0,14,9,5,0.643,203.58333333333331,27,58,0.466,0,1,0.0,3,6,0.5,14,26,40,21,7,6,3,4,26,0,57,19,156.5,0,0,136.0,1,2002-03,14.5,109.3,107.0,107.0,100.8,101.9,101.9,8.5,5.1,5.1,0.147,3.0,23.6,0.068,0.119,0.094,7.9,7.9,0.466,0.47,0.146,0.15,97.83,98.32,81.93,98.32,0.071,416,1.9,4.1
2419,Tayshaun Prince,Tayshaun,1610612765,DET,23.0,42,27,15,0.643,435.4533333333333,53,118,0.449,20,47,0.426,11,17,0.647,5,40,45,24,21,10,14,5,25,0,137,-34,278.0,0,0,274.0,1,2002-03,10.4,95.5,93.0,93.0,99.4,98.1,98.1,-3.8,-5.0,-5.0,0.104,1.14,14.0,0.012,0.095,0.053,12.3,12.3,0.534,0.546,0.158,0.164,89.13,90.94,75.78,90.94,0.08,829,1.3,2.8
2242,Terence Morris,Terence,1610612745,HOU,24.0,49,26,23,0.531,632.4983333333333,82,176,0.466,7,32,0.219,11,14,0.786,40,88,128,25,29,8,17,6,35,0,182,-49,419.1,1,0,392.0,1,2002-03,12.9,98.9,98.7,98.7,103.2,103.3,103.3,-4.3,-4.6,-4.6,0.068,0.86,10.6,0.063,0.138,0.101,12.3,12.3,0.486,0.5,0.15,0.154,89.97,90.0,75.0,90.0,0.088,1189,1.7,3.6
689,Theo Ratliff,Theo,1610612737,ATL,30.0,81,34,47,0.42,2524.0666666666666,276,595,0.464,0,0,0.0,154,214,0.72,154,453,607,73,137,56,262,39,271,0,706,-83,2360.9,9,0,2022.0,1,2002-03,31.2,100.1,99.9,99.9,100.8,101.5,101.5,-0.7,-1.6,-1.6,0.047,0.53,8.0,0.067,0.172,0.123,15.1,15.2,0.464,0.512,0.152,0.153,93.27,93.04,77.53,93.04,0.087,4890,3.4,7.3
2357,Tierre Brown,Tierre,1610612739,CLE,24.0,15,4,11,0.267,167.765,27,59,0.458,0,1,0.0,11,14,0.786,8,22,30,39,22,13,0,8,9,0,65,16,176.5,0,0,160.0,1,2002-03,11.2,97.9,99.4,99.4,94.4,92.8,92.8,3.4,6.6,6.6,0.355,1.77,31.2,0.049,0.123,0.088,17.6,17.4,0.458,0.499,0.219,0.224,98.19,98.28,81.9,98.28,0.14,340,1.8,3.9
1495,Tim Duncan,Tim,1610612759,SAS,27.0,81,60,21,0.741,3182.445,714,1392,0.513,6,22,0.273,450,634,0.71,259,784,1043,316,248,55,237,102,231,0,1884,554,4237.6,58,1,3833.0,1,2002-03,39.3,104.8,105.6,105.6,95.8,96.4,96.4,9.1,9.2,9.2,0.191,1.27,14.1,0.089,0.238,0.168,11.1,11.1,0.515,0.564,0.276,0.279,92.05,91.4,76.17,91.4,0.206,6058,8.8,17.2
896,Tim Hardaway,Tim,1610612754,IND,36.0,10,7,3,0.7,126.25666666666666,18,49,0.367,11,31,0.355,2,4,0.5,1,14,15,24,11,9,0,0,8,0,49,37,119.0,0,0,117.0,1,2002-03,12.6,110.9,107.1,107.1,95.3,94.3,94.3,15.5,12.8,12.8,0.279,2.18,28.2,0.008,0.109,0.058,12.9,12.8,0.48,0.483,0.199,0.21,98.31,100.56,83.8,100.56,0.102,266,1.8,4.9
1501,Tim Thomas,Tim,1610612749,MIL,26.0,80,40,40,0.5,2359.56,412,930,0.443,97,265,0.366,145,186,0.78,97,292,389,102,133,70,49,40,257,1,1066,-32,1909.8,2,0,1892.0,1,2002-03,29.5,105.8,106.0,106.0,106.1,106.2,106.2,-0.3,-0.1,-0.1,0.071,0.77,8.2,0.043,0.127,0.086,10.7,10.7,0.495,0.527,0.221,0.225,93.7,93.58,77.98,93.58,0.081,4588,5.2,11.6
2432,Tito Maddox,Tito,1610612745,HOU,22.0,9,5,4,0.556,34.028333333333336,3,12,0.25,0,3,0.0,5,8,0.625,1,6,7,5,3,3,1,4,4,0,11,-8,35.9,0,0,31.0,1,2002-03,3.8,96.7,94.3,94.3,102.0,101.4,101.4,-5.3,-7.1,-7.1,0.217,1.67,20.8,0.026,0.146,0.089,12.5,12.8,0.25,0.354,0.232,0.237,99.31,100.86,84.05,100.86,0.065,70,0.3,1.3
1928,Todd MacCulloch,Todd,1610612755,PHI,27.0,42,22,20,0.524,809.3333333333334,123,238,0.517,0,0,0.0,53,79,0.671,66,130,196,20,35,19,32,43,107,0,299,-54,682.2,4,0,617.0,1,2002-03,19.3,95.4,97.2,97.2,100.0,99.6,99.6,-4.6,-2.4,-2.4,0.04,0.57,6.1,0.083,0.167,0.124,10.6,10.7,0.517,0.548,0.171,0.172,94.42,93.71,78.09,93.71,0.09,1572,2.9,5.7
339,Tom Gugliotta,Tom,1610612756,PHX,33.0,27,12,15,0.444,445.00166666666667,60,132,0.455,0,1,0.0,9,9,1.0,25,75,100,31,31,14,5,2,35,0,129,-66,321.5,1,0,298.0,1,2002-03,16.5,94.6,95.4,95.4,103.0,102.7,102.7,-8.4,-7.2,-7.2,0.114,1.0,15.7,0.056,0.172,0.113,15.7,15.7,0.455,0.474,0.168,0.171,92.93,92.66,77.21,92.66,0.09,857,2.2,4.9
389,Toni Kukoc,Toni,1610612749,MIL,34.0,63,36,27,0.571,1701.64,249,577,0.432,95,263,0.361,137,194,0.706,67,199,266,230,122,81,29,17,134,0,730,244,1602.2,1,0,1541.0,1,2002-03,27.0,108.8,108.5,108.5,100.9,100.9,100.9,7.8,7.6,7.6,0.225,1.89,22.6,0.041,0.119,0.081,12.0,12.0,0.514,0.551,0.21,0.214,92.18,92.33,76.94,92.33,0.12,3270,4.0,9.2
1499,Tony Battie,Tony,1610612738,BOS,27.0,67,34,33,0.507,1685.0183333333334,199,369,0.539,1,5,0.2,88,118,0.746,148,285,433,49,48,33,81,13,197,0,487,174,1374.1,5,0,1198.0,1,2002-03,25.1,101.0,101.4,101.4,95.6,96.1,96.1,5.4,5.3,5.3,0.049,1.02,9.4,0.087,0.168,0.128,9.2,9.3,0.541,0.578,0.129,0.13,92.85,92.44,77.03,92.44,0.101,3246,3.0,5.5
960,Tony Delk,Tony,1610612738,BOS,29.0,67,37,30,0.552,1872.7283333333328,233,560,0.416,120,304,0.395,68,87,0.782,41,191,232,146,69,72,10,13,124,0,654,-79,1328.4,0,0,1316.0,1,2002-03,28.0,97.6,96.9,96.9,98.4,99.6,99.6,-0.7,-2.6,-2.6,0.141,2.12,18.0,0.021,0.103,0.062,8.5,8.5,0.523,0.547,0.161,0.165,94.08,93.85,78.21,93.85,0.098,3670,3.5,8.4
763,Tony Massenburg,Tony,1610612762,UTA,35.0,58,35,23,0.603,789.9133333333333,104,232,0.448,0,0,0.0,65,84,0.774,59,97,156,17,50,17,19,16,144,1,273,-95,543.7,1,0,518.0,1,2002-03,13.6,98.6,96.9,96.9,103.8,102.9,102.9,-5.1,-6.0,-6.0,0.037,0.34,5.0,0.083,0.134,0.109,14.8,14.9,0.448,0.508,0.183,0.189,92.08,93.25,77.7,93.25,0.042,1533,1.8,4.0
2225,Tony Parker,Tony,1610612759,SAS,21.0,82,60,22,0.732,2780.1466666666665,484,1043,0.464,82,243,0.337,219,290,0.755,33,183,216,432,198,71,4,49,174,0,1269,450,2203.2,4,0,2149.0,1,2002-03,33.9,104.9,105.3,105.3,96.0,96.8,96.8,8.9,8.5,8.5,0.268,2.18,24.0,0.013,0.064,0.04,11.0,11.0,0.503,0.542,0.225,0.228,92.61,92.08,76.74,92.08,0.115,5332,5.9,12.7
1503,Tracy McGrady,Tracy,1610612753,ORL,24.0,75,39,36,0.52,2949.775,829,1813,0.457,173,448,0.386,576,726,0.793,121,367,488,411,195,124,59,77,156,0,2407,200,3963.1,19,1,3845.0,1,2002-03,39.3,106.6,108.1,108.1,103.1,104.5,104.5,3.5,3.6,3.6,0.282,2.11,15.0,0.041,0.13,0.084,7.1,7.1,0.505,0.564,0.347,0.35,96.88,95.58,79.65,95.58,0.192,5868,11.1,24.2
145,Tracy Murray,Tracy,1610612747,LAL,31.0,32,17,15,0.531,188.89333333333332,23,71,0.324,8,38,0.211,7,9,0.778,5,18,23,12,14,5,3,1,22,0,61,-46,116.6,0,0,120.0,1,2002-03,5.9,94.6,95.5,95.5,110.5,107.6,107.6,-15.9,-12.2,-12.2,0.103,0.86,11.9,0.024,0.099,0.059,13.9,13.9,0.38,0.407,0.193,0.199,99.53,100.37,83.65,100.37,0.024,396,0.7,2.2
696,Travis Best,Travis,1610612748,MIA,30.0,72,24,48,0.333,1804.585,231,583,0.396,36,109,0.33,105,123,0.854,26,121,147,255,106,44,7,28,174,0,603,-222,1208.9,0,0,1143.0,1,2002-03,25.1,93.5,94.5,94.5,100.8,101.2,101.2,-7.3,-6.7,-6.7,0.253,2.41,25.5,0.014,0.071,0.042,10.6,10.6,0.427,0.473,0.191,0.193,90.42,89.78,74.82,89.78,0.079,3377,3.2,8.1
969,Travis Knight,Travis,1610612752,NYK,28.0,32,14,18,0.438,287.35,25,65,0.385,0,1,0.0,10,13,0.769,18,44,62,14,10,8,9,3,44,0,60,-10,196.4,0,0,170.0,1,2002-03,9.0,94.4,94.3,94.3,97.9,95.9,95.9,-3.5,-1.6,-1.6,0.08,1.4,14.9,0.061,0.158,0.108,10.6,10.6,0.385,0.424,0.123,0.127,93.12,94.13,78.44,94.13,0.053,563,0.8,2.0
1762,Tremaine Fowlkes,Tremaine,1610612746,LAC,27.0,37,13,24,0.351,572.925,56,128,0.438,2,9,0.222,50,59,0.847,41,62,103,23,20,25,2,15,63,0,164,94,383.1,0,0,346.0,1,2002-03,15.5,105.1,104.6,104.6,95.9,95.9,95.9,9.2,8.7,8.7,0.06,1.15,11.5,0.075,0.112,0.093,10.0,10.2,0.445,0.533,0.137,0.137,93.88,94.09,78.4,94.09,0.076,1121,1.5,3.5
2239,Trenton Hassell,Trenton,1610612741,CHI,24.0,82,30,52,0.366,1996.7333333333331,144,392,0.367,13,40,0.325,41,55,0.745,37,218,255,151,83,45,61,20,197,0,342,-420,1109.5,0,0,973.0,1,2002-03,24.4,93.2,94.0,94.0,103.3,104.1,104.1,-10.1,-10.1,-10.1,0.118,1.82,23.2,0.018,0.105,0.062,12.7,12.8,0.384,0.411,0.111,0.112,96.01,95.2,79.33,95.2,0.043,3950,1.8,4.8
1607,Troy Hudson,Troy,1610612750,MIN,27.0,79,49,30,0.62,2601.795,409,956,0.428,97,266,0.365,208,231,0.9,42,141,183,452,182,60,7,39,160,0,1123,125,2039.6,6,0,1989.0,1,2002-03,32.9,105.4,105.8,105.8,102.7,103.3,103.3,2.7,2.5,2.5,0.261,2.48,26.8,0.016,0.053,0.035,10.8,10.8,0.479,0.531,0.21,0.213,95.21,94.71,78.92,94.71,0.095,5132,5.2,12.1
2211,Troy Murphy,Troy,1610612744,GSW,23.0,79,37,42,0.468,2515.92,338,749,0.451,3,14,0.214,244,290,0.841,228,578,806,106,111,65,30,62,246,0,923,-113,2223.2,37,0,2028.0,1,2002-03,31.8,104.2,105.1,105.1,106.9,107.6,107.6,-2.7,-2.5,-2.5,0.066,0.95,9.7,0.086,0.217,0.152,10.1,10.1,0.453,0.526,0.164,0.166,97.53,96.81,80.68,96.81,0.113,5082,4.3,9.5
238,Tyrone Hill,Tyrone,1610612755,PHI,35.0,56,21,35,0.375,1353.1266666666668,129,306,0.422,0,0,0.0,54,80,0.675,126,265,391,41,68,46,26,33,172,0,312,-189,990.7,7,0,888.0,2,2002-03,24.2,95.3,96.3,96.3,102.5,102.5,102.5,-7.3,-6.3,-6.3,0.049,0.6,9.1,0.089,0.211,0.147,15.1,15.1,0.422,0.457,0.131,0.133,95.16,94.64,78.87,94.64,0.071,2657,2.3,5.5
1731,Tyronn Lue,Tyronn,1610612764,WAS,26.0,75,34,41,0.453,1987.385,248,573,0.433,60,176,0.341,91,104,0.875,22,127,149,263,77,47,1,27,151,0,647,-69,1287.3,1,0,1215.0,1,2002-03,26.5,101.9,101.3,101.3,102.8,103.0,103.0,-0.9,-1.7,-1.7,0.223,3.42,27.5,0.012,0.066,0.039,8.0,8.0,0.485,0.523,0.162,0.167,90.02,90.25,75.2,90.25,0.087,3734,3.3,7.6
2199,Tyson Chandler,Tyson,1610612741,CHI,20.0,75,28,47,0.373,1825.3116666666667,257,484,0.531,0,0,0.0,177,291,0.608,169,345,514,76,135,37,106,41,220,2,691,-299,1715.8,13,0,1567.0,1,2002-03,24.3,96.0,97.3,97.3,104.7,105.4,105.4,-8.7,-8.1,-8.1,0.068,0.56,9.2,0.093,0.181,0.138,16.4,16.4,0.531,0.565,0.181,0.182,96.21,95.23,79.36,95.23,0.099,3619,3.4,6.5
452,Vin Baker,Vin,1610612738,BOS,31.0,52,30,22,0.577,945.145,99,207,0.478,0,4,0.0,72,107,0.673,90,108,198,29,61,22,30,34,146,0,270,-81,646.1,0,0,601.0,1,2002-03,18.2,98.1,97.1,97.1,100.3,100.8,100.8,-2.2,-3.7,-3.7,0.053,0.48,8.4,0.094,0.119,0.106,17.7,17.7,0.478,0.531,0.151,0.154,94.33,94.59,78.82,94.59,0.05,1856,1.9,4.0
1713,Vince Carter,Vince,1610612761,TOR,26.0,43,18,25,0.419,1470.3483333333334,355,760,0.467,45,131,0.344,129,160,0.806,59,129,188,143,74,48,41,20,121,1,884,-27,1517.1,2,0,1438.0,1,2002-03,34.2,101.4,102.5,102.5,102.6,103.4,103.4,-1.3,-0.9,-0.9,0.181,1.93,13.7,0.039,0.09,0.064,7.1,7.1,0.497,0.532,0.274,0.279,93.23,92.35,76.96,92.35,0.13,2828,8.3,17.7
2428,Vincent Yarbrough,Vincent,1610612743,DEN,22.0,59,9,50,0.153,1379.2516666666668,168,428,0.393,21,78,0.269,49,62,0.79,36,126,162,130,81,57,33,18,145,2,406,-179,984.4,0,0,899.0,1,2002-03,23.4,93.0,94.2,94.2,100.5,100.3,100.3,-7.5,-6.1,-6.1,0.16,1.6,19.5,0.025,0.102,0.061,12.1,12.2,0.417,0.446,0.172,0.174,93.77,93.3,77.75,93.3,0.064,2673,2.8,7.3
958,Vitaly Potapenko,Vitaly,1610612760,SEA,28.0,26,8,18,0.308,401.38,41,93,0.441,0,0,0.0,22,29,0.759,25,64,89,4,25,9,8,8,46,1,104,-50,242.8,0,0,231.0,1,2002-03,15.4,95.5,94.2,94.2,101.9,101.2,101.2,-6.4,-7.0,-7.0,0.017,0.16,2.9,0.064,0.176,0.118,18.4,18.6,0.441,0.492,0.153,0.156,89.3,90.23,75.19,90.23,0.058,756,1.6,3.6
124,Vlade Divac,Vlade,1610612758,SAC,35.0,80,59,21,0.738,2386.613333333333,305,655,0.466,6,25,0.24,179,251,0.713,157,417,574,274,152,83,105,64,239,0,795,468,2306.8,11,0,2025.0,1,2002-03,29.8,105.1,106.3,106.3,95.6,96.4,96.4,9.5,10.0,10.0,0.16,1.8,22.9,0.068,0.16,0.116,12.7,12.8,0.47,0.519,0.171,0.171,98.05,97.12,80.93,97.12,0.103,4822,3.8,8.2
2209,Vladimir Radmanovic,Vladimir,1610612760,SEA,22.0,72,36,36,0.5,1910.44,274,668,0.41,104,293,0.355,72,102,0.706,76,247,323,97,100,64,22,39,136,0,724,162,1415.1,3,0,1420.0,1,2002-03,26.5,101.8,101.7,101.7,97.1,97.4,97.4,4.7,4.3,4.3,0.086,0.97,10.7,0.041,0.133,0.087,11.0,11.0,0.488,0.508,0.195,0.199,91.51,91.39,76.16,91.39,0.091,3641,3.8,9.3
1735,Vladimir Stepania,Vladimir,1610612748,MIA,27.0,79,24,55,0.304,1594.4,185,427,0.433,0,0,0.0,71,134,0.53,211,343,554,24,69,45,40,44,169,1,441,-165,1327.8,7,0,1189.0,1,2002-03,20.2,90.5,91.5,91.5,96.9,96.6,96.6,-6.3,-5.1,-5.1,0.03,0.35,4.1,0.126,0.221,0.171,11.9,11.9,0.433,0.454,0.161,0.164,88.03,87.71,73.09,87.71,0.113,2905,2.3,5.4
702,Voshon Lenard,Voshon,1610612761,TOR,30.0,63,21,42,0.333,1928.17,325,809,0.402,92,252,0.365,156,194,0.804,48,164,212,144,103,59,21,41,156,1,898,-291,1505.4,2,0,1506.0,1,2002-03,30.6,97.9,98.8,98.8,106.8,106.5,106.5,-8.9,-7.8,-7.8,0.138,1.4,12.7,0.024,0.089,0.055,9.1,9.0,0.459,0.502,0.228,0.234,92.64,92.32,76.93,92.32,0.089,3707,5.2,12.8
1887,Wally Szczerbiak,Wally,1610612750,MIN,26.0,52,35,17,0.673,1833.8483333333331,351,729,0.481,61,145,0.421,150,173,0.867,53,188,241,136,87,44,22,34,123,1,913,146,1517.2,2,0,1483.0,1,2002-03,35.3,107.2,107.5,107.5,102.9,103.4,103.4,4.3,4.1,4.1,0.116,1.56,13.3,0.031,0.1,0.067,8.5,8.5,0.523,0.567,0.216,0.221,94.25,93.86,78.22,93.86,0.107,3586,6.8,14.0
1005,Walt Williams,Walt,1610612742,DAL,33.0,66,49,17,0.742,1162.4566666666667,134,341,0.393,64,171,0.374,31,50,0.62,53,154,207,59,35,42,26,22,141,0,363,121,868.9,1,0,829.0,1,2002-03,17.6,105.2,104.7,104.7,101.2,99.7,99.7,4.0,5.0,5.0,0.077,1.69,12.9,0.044,0.129,0.087,7.6,7.7,0.487,0.5,0.152,0.155,94.74,95.63,79.69,95.63,0.067,2319,2.0,5.2
962,Walter McCarty,Walter,1610612738,BOS,29.0,82,44,38,0.537,1948.72,173,418,0.414,91,248,0.367,61,98,0.622,64,224,288,106,67,78,28,11,188,0,498,-76,1253.6,0,0,1195.0,1,2002-03,23.8,98.1,96.8,96.8,98.4,98.9,98.9,-0.3,-2.1,-2.1,0.095,1.58,16.6,0.032,0.116,0.073,10.5,10.6,0.523,0.54,0.124,0.127,93.73,94.09,78.41,94.09,0.073,3823,2.1,5.1
1917,Wang Zhi-zhi,Wang,1610612746,LAC,25.0,41,13,28,0.317,411.51166666666666,62,162,0.383,16,47,0.34,42,58,0.724,26,51,77,10,31,8,10,12,41,0,182,-12,312.4,0,0,321.0,1,2002-03,10.0,104.0,103.6,103.6,107.4,105.2,105.2,-3.4,-1.6,-1.6,0.041,0.32,4.4,0.066,0.13,0.098,13.5,13.6,0.432,0.485,0.235,0.239,93.27,94.42,78.69,94.42,0.061,810,1.5,4.0
445,Wesley Person,Wesley,1610612763,MEM,32.0,66,23,43,0.348,1939.4683333333328,274,601,0.456,100,231,0.433,79,97,0.814,24,168,192,112,56,42,19,16,64,0,727,-44,1252.4,1,0,1253.0,1,2002-03,29.4,104.3,104.5,104.5,105.5,105.3,105.3,-1.2,-0.8,-0.8,0.089,2.0,13.9,0.013,0.085,0.05,6.9,6.9,0.539,0.565,0.16,0.163,96.22,96.17,80.15,96.17,0.086,3880,4.2,9.1
2397,Yao Ming,ao Ming,1610612745,HOU,22.0,82,43,39,0.524,2381.893333333333,401,805,0.498,1,2,0.5,301,371,0.811,196,479,675,137,173,31,147,61,230,1,1104,140,2480.5,27,0,2273.0,1,2002-03,29.0,103.3,104.0,104.0,101.0,101.1,101.1,2.2,2.8,2.8,0.104,0.79,10.7,0.088,0.199,0.145,13.5,13.5,0.499,0.57,0.22,0.222,91.71,91.34,76.12,91.34,0.141,4538,4.9,9.8
2216,Zach Randolph,Zach,1610612757,POR,21.0,77,48,29,0.623,1300.935,264,515,0.513,0,5,0.0,122,161,0.758,139,204,343,41,62,42,14,68,141,0,650,-92,1229.1,4,0,1146.0,1,2002-03,16.9,99.3,98.4,98.4,103.3,102.4,102.4,-4.0,-4.0,-4.0,0.058,0.66,5.9,0.108,0.171,0.138,9.0,9.0,0.513,0.555,0.221,0.228,91.3,92.15,76.79,92.15,0.126,2502,3.4,6.7
1442,Zeljko Rebraca,Zeljko,1610612765,DET,31.0,30,20,10,0.667,490.3933333333333,80,145,0.552,0,0,0.0,38,48,0.792,27,65,92,9,29,6,17,10,79,1,198,31,361.9,0,0,345.0,1,2002-03,16.3,100.2,98.3,98.3,94.7,94.6,94.6,5.6,3.7,3.7,0.036,0.31,4.4,0.067,0.139,0.106,14.1,14.2,0.552,0.596,0.193,0.199,87.98,88.83,74.02,88.83,0.092,906,2.7,4.8
1985,Zendon Hamilton,Zendon,1610612761,TOR,28.0,3,2,1,0.667,11.136666666666668,2,5,0.4,0,0,0.0,2,2,1.0,1,3,4,0,1,1,0,0,2,0,6,2,12.8,0,0,12.0,1,2002-03,3.7,87.8,86.4,86.4,85.0,77.3,77.3,2.8,9.1,9.1,0.0,0.0,0.0,0.063,0.0,0.0,14.3,14.5,0.4,0.51,0.25,0.258,89.74,94.82,79.02,94.82,0.176,22,0.7,1.7
980,Zydrunas Ilgauskas,Zydrunas,1610612739,CLE,28.0,81,17,64,0.21,2433.681666666667,495,1122,0.441,0,6,0.0,400,512,0.781,240,371,611,127,210,56,152,78,274,1,1390,-374,2727.7,20,0,2544.0,1,2002-03,30.0,95.0,95.8,95.8,102.9,103.8,103.8,-7.9,-8.0,-8.0,0.101,0.6,7.5,0.097,0.153,0.124,12.4,12.5,0.441,0.516,0.278,0.279,96.48,95.63,79.69,95.63,0.116,4856,6.1,13.9
