PLAYER_ID,NICKNAME,TEAM_ID,TEAM_ABBREVIATION,AGE,GP,W,L,W_PCT,MIN_trad,FGM,FGA,FG_PCT,FG3M,FG3A,FG3_PCT,FTM,FTA,FT_PCT,OREB,DREB,REB,AST,TOV,STL,BLK,BLKA,PF,PFD,PTS,PLUS_MINUS,NBA_FANTASY_PTS,DD2,TD3,WNBA_FANTASY_PTS,TEAM_COUNT,SEASON,MIN_adv,E_OFF_RATING,OFF_RATING,sp_work_OFF_RATING,E_DEF_RATING,DEF_RATING,sp_work_DEF_RATING,E_NET_RATING,NET_RATING,sp_work_NET_RATING,AST_PCT,AST_TO,AST_RATIO,OREB_PCT,DREB_PCT,REB_PCT,TM_TOV_PCT,E_TOV_PCT,EFG_PCT,TS_PCT,USG_PCT,E_USG_PCT,E_PACE,PACE,PACE_PER40,sp_work_PACE,PIE,POSS,FGM_PG,FGA_PG,PLAYER_NAME
243,Aaron,1610612755,PHI,31.0,75,30,45,0.4,2116.925,265,577,0.459,75,172,0.436,84,111,0.757,45,208,253,195,103,85,23,52,142,0,689,-42,1506.1,0,0,1428.0,1,2003-04,28.2,95.6,96.3,96.3,97.3,97.6,97.6,-1.8,-1.3,-1.3,0.169,1.89,21.1,0.022,0.102,0.062,11.2,11.1,0.524,0.55,0.159,0.163,89.82,89.3,74.42,89.3,0.106,3943,3.5,7.7,Aaron McKie
1425,Aaron,1610612751,NJN,32.0,72,39,33,0.542,1335.8466666666666,172,342,0.503,1,3,0.333,105,155,0.677,101,193,294,81,89,34,46,20,187,0,450,-50,1075.3,1,0,986.0,1,2003-04,18.6,94.6,94.4,94.4,97.3,95.8,95.8,-2.7,-1.4,-1.4,0.109,0.91,14.0,0.078,0.151,0.114,15.4,15.3,0.504,0.549,0.171,0.175,91.67,92.44,77.03,92.44,0.089,2565,2.4,4.8,Aaron Williams
1502,Adonal,1610612744,GSW,29.0,44,21,23,0.477,574.5683333333334,59,130,0.454,0,0,0.0,19,35,0.543,54,113,167,17,21,6,46,11,68,0,137,-83,497.9,2,0,425.0,1,2003-04,13.1,96.8,95.9,95.9,102.1,102.7,102.7,-5.3,-6.9,-6.9,0.05,0.81,9.3,0.094,0.197,0.145,11.5,11.5,0.454,0.471,0.132,0.135,90.88,91.06,75.88,91.06,0.083,1086,1.3,3.0,Adonal Foyle
1559,Adrian,1610612745,HOU,29.0,19,13,6,0.684,122.095,5,18,0.278,1,2,0.5,0,4,0.0,1,18,19,10,3,7,2,0,17,0,11,-47,72.8,0,0,59.0,1,2003-04,6.4,96.1,89.8,89.8,104.6,105.3,105.3,-8.5,-15.5,-15.5,0.132,3.33,30.3,0.009,0.143,0.079,9.1,9.2,0.306,0.278,0.087,0.093,92.07,94.75,78.95,94.75,0.027,236,0.3,0.9,Adrian Griffin
1733,Al,1610612754,IND,24.0,79,58,21,0.734,2440.863333333333,421,909,0.463,21,77,0.273,185,252,0.734,163,345,508,131,163,80,22,80,250,0,1048,71,1997.1,12,0,1912.0,1,2003-04,30.9,99.7,99.6,99.6,97.8,98.0,98.0,1.9,1.5,1.5,0.107,0.8,10.0,0.07,0.155,0.111,12.4,12.4,0.475,0.514,0.225,0.231,89.02,88.98,74.15,88.98,0.105,4525,5.3,11.5,Al Harrington
673,Alan,1610612737,ATL,31.0,6,2,4,0.333,68.07833333333333,10,21,0.476,0,0,0.0,4,6,0.667,11,10,21,2,3,1,2,2,1,0,24,-29,58.2,0,0,53.0,1,2003-04,11.3,90.5,88.3,88.3,110.1,110.1,110.1,-19.6,-21.8,-21.8,0.056,0.67,6.9,0.183,0.141,0.16,10.3,10.5,0.476,0.508,0.185,0.188,89.49,90.6,75.5,90.6,0.13,128,1.7,3.5,Alan Henderson
2682,Alex,1610612759,SAS,24.0,2,2,0,1.0,12.678333333333333,1,7,0.143,0,0,0.0,1,2,0.5,0,0,0,0,1,2,0,1,0,0,3,3,8.0,0,0,7.0,1,2003-04,6.3,89.7,84.6,84.6,77.9,76.0,76.0,11.9,8.6,8.6,0.0,0.0,0.0,0.0,0.0,0.0,11.1,11.3,0.143,0.19,0.265,0.282,92.61,96.54,80.45,96.54,-0.133,26,0.5,3.5,Alex Garcia
275,Allan,1610612752,NYK,33.0,50,24,26,0.48,1794.1733333333334,340,781,0.435,87,202,0.431,157,172,0.913,20,101,121,99,102,38,2,30,105,0,924,-30,1235.7,0,0,1311.0,1,2003-04,35.9,100.4,100.1,100.1,100.4,100.7,100.7,-0.1,-0.7,-0.7,0.101,0.97,9.4,0.012,0.056,0.035,9.7,9.6,0.491,0.539,0.244,0.25,92.4,92.39,76.99,92.39,0.09,3450,6.8,15.6,Allan Houston
947,Allen,1610612755,PHI,29.0,48,19,29,0.396,2046.8416666666667,435,1125,0.387,57,199,0.286,339,455,0.745,34,144,178,324,209,115,5,69,87,0,1266,-91,2116.6,8,0,2065.0,1,2003-04,42.6,97.1,98.1,98.1,99.3,100.6,100.6,-2.1,-2.5,-2.5,0.325,1.55,17.4,0.017,0.069,0.043,11.2,11.2,0.412,0.478,0.339,0.343,93.19,92.13,76.77,92.13,0.127,3933,9.1,23.4,Allen Iverson
297,Alonzo,1610612751,NJN,34.0,12,5,7,0.417,215.8766666666667,33,71,0.465,0,0,0.0,30,34,0.882,8,19,27,8,10,2,6,8,32,1,96,-23,154.4,0,0,147.0,1,2003-04,18.0,92.0,90.8,90.8,97.0,96.4,96.4,-5.0,-5.5,-5.5,0.073,0.8,7.7,0.038,0.084,0.062,9.6,9.6,0.465,0.558,0.201,0.21,91.42,92.27,76.9,92.27,0.088,415,2.8,5.9,Alonzo Mourning
2228,Alton,1610612745,HOU,23.0,9,4,5,0.444,40.41166666666667,6,11,0.545,0,0,0.0,3,6,0.5,3,8,11,3,3,0,1,1,9,0,15,1,32.7,0,0,31.0,1,2003-04,4.5,93.8,93.4,93.4,93.3,89.7,89.7,0.5,3.7,3.7,0.158,1.0,15.8,0.073,0.211,0.139,15.8,15.3,0.545,0.55,0.178,0.192,89.49,91.46,76.22,91.46,0.08,76,0.7,1.2,Alton Ford
1541,Alvin,1610612761,TOR,29.0,56,25,31,0.446,1736.96,201,496,0.405,26,89,0.292,66,85,0.776,18,132,150,224,78,55,10,17,114,1,494,-197,1127.0,0,0,1024.0,1,2003-04,31.0,93.6,93.7,93.7,99.5,100.1,100.1,-5.8,-6.5,-6.5,0.237,2.87,26.8,0.011,0.078,0.044,9.3,9.3,0.431,0.463,0.168,0.171,89.28,88.97,74.14,88.97,0.084,3225,3.6,8.9,Alvin Williams
1043,Amal,1610612755,PHI,30.0,59,25,34,0.424,634.025,47,117,0.402,0,1,0.0,19,27,0.704,48,85,133,20,25,12,20,12,89,0,113,-59,373.6,0,0,330.0,1,2003-04,10.7,96.3,93.7,93.7,100.4,97.4,97.4,-4.1,-3.7,-3.7,0.055,0.8,11.5,0.08,0.135,0.108,14.4,14.4,0.402,0.438,0.112,0.118,88.77,91.42,76.18,91.42,0.04,1200,0.8,2.0,Amal McCaskill
2405,Amar'e,1610612756,PHX,21.0,55,22,33,0.4,2025.02,411,865,0.475,1,5,0.2,310,435,0.713,157,339,496,78,177,64,89,81,188,0,1133,-127,2127.2,19,0,2014.0,1,2003-04,36.8,100.8,101.8,101.8,103.6,104.7,104.7,-2.8,-2.9,-2.9,0.07,0.44,5.9,0.079,0.167,0.123,13.4,13.5,0.476,0.536,0.273,0.274,95.03,94.03,78.36,94.03,0.123,3961,7.5,15.7,Amar'e Stoudemire
1889,Andre,1610612743,DEN,28.0,82,43,39,0.524,2847.3233333333333,430,941,0.457,12,65,0.185,342,411,0.832,127,239,366,501,215,142,25,81,194,0,1214,163,2690.7,11,1,2427.0,1,2003-04,34.7,102.9,104.0,104.0,100.4,101.1,101.1,2.5,3.0,3.0,0.283,2.33,27.2,0.045,0.085,0.065,11.7,11.7,0.463,0.541,0.204,0.206,96.2,95.35,79.46,95.35,0.127,5654,5.2,11.5,Andre Miller
1905,Andrei,1610612762,UTA,23.0,78,42,36,0.538,2905.9166666666665,412,931,0.443,68,201,0.338,392,496,0.79,226,403,629,244,215,148,215,81,174,0,1284,86,3278.8,25,0,2951.0,1,2003-04,37.3,101.0,102.4,102.4,99.8,100.6,100.6,1.2,1.8,1.8,0.152,1.13,15.2,0.083,0.152,0.117,13.4,13.4,0.479,0.559,0.215,0.218,89.63,88.67,73.89,88.67,0.163,5363,5.3,11.9,Andrei Kirilenko
692,Andrew,1610612753,ORL,31.0,71,17,54,0.239,1209.1766666666667,93,195,0.477,0,0,0.0,44,54,0.815,131,186,317,44,54,47,32,40,217,0,230,-101,859.4,1,0,749.0,1,2003-04,17.0,100.3,100.3,100.3,103.9,103.6,103.6,-3.6,-3.3,-3.3,0.054,0.81,13.9,0.108,0.158,0.132,17.0,17.0,0.477,0.526,0.101,0.103,92.69,92.81,77.34,92.81,0.054,2326,1.3,2.7,Andrew DeClercq
358,Anfernee,1610612752,NYK,32.0,76,33,43,0.434,2095.278333333333,279,679,0.411,30,79,0.38,111,138,0.804,69,218,287,176,107,70,20,32,146,0,699,-79,1470.4,1,0,1372.0,2,2003-04,27.6,99.1,98.1,98.1,100.2,100.3,100.3,-1.1,-2.2,-2.2,0.141,1.64,17.2,0.033,0.105,0.069,10.4,10.5,0.433,0.472,0.18,0.185,93.54,93.94,78.28,93.94,0.083,4106,3.7,8.9,Anfernee Hardaway
1738,Ansu,1610612760,SEA,27.0,57,25,32,0.439,575.33,81,178,0.455,6,21,0.286,32,46,0.696,43,49,92,19,23,19,20,13,66,0,200,-18,432.9,1,0,395.0,1,2003-04,10.1,100.2,97.6,97.6,99.8,99.2,99.2,0.4,-1.6,-1.6,0.057,0.83,7.9,0.073,0.087,0.08,9.6,9.6,0.472,0.504,0.168,0.176,93.85,95.36,79.47,95.36,0.07,1143,1.4,3.1,Ansu Sesay
1712,Antawn,1610612742,DAL,28.0,82,52,30,0.634,2378.895,488,913,0.535,16,40,0.4,220,294,0.748,233,287,520,70,81,83,30,60,174,0,1212,277,2199.0,9,0,2044.0,1,2003-04,29.0,110.4,110.0,110.0,104.2,104.4,104.4,6.2,5.6,5.6,0.047,0.86,5.8,0.093,0.121,0.107,6.8,6.8,0.543,0.581,0.203,0.206,95.23,95.32,79.43,95.32,0.12,4730,6.0,11.1,Antawn Jamison
1853,Anthony,1610612759,SAS,29.0,5,3,2,0.6,87.21666666666667,11,37,0.297,0,3,0.0,0,0,0.0,2,9,11,12,12,4,0,0,9,0,22,1,53.2,0,0,53.0,1,2003-04,17.4,84.3,83.8,83.8,80.5,83.2,83.2,3.8,0.6,0.6,0.279,1.0,19.7,0.022,0.085,0.055,19.7,19.7,0.297,0.297,0.247,0.253,96.55,95.21,79.34,95.21,0.006,173,2.2,7.4,Anthony Carter
924,Anthony,1610612751,NJN,32.0,11,8,3,0.727,83.49,7,22,0.318,2,8,0.25,1,1,1.0,1,6,7,11,3,5,0,0,5,0,17,1,53.9,0,0,47.0,2,2003-04,7.6,104.2,97.5,97.5,98.5,97.5,97.5,5.6,0.0,0.0,0.216,3.67,30.6,0.012,0.077,0.043,8.3,8.2,0.364,0.379,0.134,0.146,89.4,92.85,77.37,92.85,0.071,162,0.6,2.0,Anthony Goldwire
1533,Anthony,1610612754,IND,29.0,73,53,20,0.726,1603.4183333333333,167,411,0.406,41,122,0.336,75,94,0.798,28,102,130,202,75,64,8,20,138,0,450,-2,1050.0,0,0,967.0,1,2003-04,22.0,98.7,97.6,97.6,99.3,98.4,98.4,-0.6,-0.8,-0.8,0.231,2.69,27.9,0.018,0.069,0.043,10.4,10.3,0.456,0.497,0.152,0.158,88.15,88.98,74.15,88.98,0.08,2984,2.3,5.6,Anthony Johnson
324,Anthony,1610612758,SAC,34.0,75,50,25,0.667,1383.4033333333334,156,348,0.448,68,141,0.482,51,61,0.836,31,122,153,120,77,56,10,22,103,0,431,129,915.6,0,0,904.0,1,2003-04,18.4,103.5,103.5,103.5,98.6,98.9,98.9,4.9,4.6,4.6,0.139,1.56,21.0,0.022,0.085,0.054,13.5,13.5,0.546,0.575,0.143,0.147,94.53,94.39,78.66,94.39,0.084,2722,2.1,4.6,Anthony Peeler
952,Antoine,1610612742,DAL,27.0,82,52,30,0.634,2837.135,483,1129,0.428,82,305,0.269,103,186,0.554,198,486,684,369,202,65,65,89,212,0,1151,134,2713.3,27,2,2546.0,1,2003-04,34.6,108.1,108.6,108.6,105.5,106.5,106.5,2.6,2.1,2.1,0.195,1.83,20.7,0.066,0.17,0.117,11.4,11.3,0.464,0.475,0.213,0.217,96.28,95.66,79.71,95.66,0.099,5662,5.9,13.8,Antoine Walker
1498,Antonio,1610612760,SEA,29.0,71,29,42,0.408,1515.8183333333334,187,398,0.47,42,116,0.362,155,184,0.842,23,119,142,298,61,45,6,18,64,0,571,43,1280.4,6,0,1155.0,1,2003-04,21.3,106.7,107.2,107.2,105.1,106.1,106.1,1.7,1.2,1.2,0.324,4.89,35.9,0.016,0.079,0.048,7.3,7.3,0.523,0.596,0.161,0.166,92.06,91.4,76.17,91.4,0.14,2891,2.6,5.6,Antonio Daniels
213,Antonio,1610612741,CHI,35.0,80,27,53,0.338,2578.5616666666665,266,660,0.403,0,0,0.0,176,230,0.765,207,464,671,137,114,37,65,81,206,0,708,-309,1910.7,17,0,1720.0,2,2003-04,32.2,92.9,94.2,94.2,99.1,100.0,100.0,-6.2,-5.8,-5.8,0.093,1.2,13.4,0.076,0.18,0.127,11.2,11.3,0.403,0.465,0.155,0.155,92.24,91.2,76.0,91.2,0.094,4886,3.3,8.3,Antonio Davis
686,Antonio,1610612756,PHX,29.0,42,18,24,0.429,930.2016666666668,126,268,0.47,0,0,0.0,38,69,0.551,70,187,257,36,57,37,24,10,117,0,290,-16,778.4,7,0,705.0,2,2003-04,22.1,97.7,97.6,97.6,98.0,97.7,97.7,-0.3,-0.1,-0.1,0.066,0.63,9.2,0.08,0.199,0.142,14.5,14.6,0.47,0.486,0.173,0.176,93.1,93.3,77.75,93.3,0.092,1801,3.0,6.4,Antonio McDyess
1506,Austin,1610612754,IND,29.0,77,57,20,0.74,1043.445,119,307,0.388,56,144,0.389,93,104,0.894,60,183,243,52,55,24,14,28,101,0,387,51,815.6,2,0,814.0,1,2003-04,13.6,98.6,96.6,96.6,95.7,94.4,94.4,2.8,2.2,2.2,0.096,0.95,11.4,0.063,0.185,0.125,12.0,12.0,0.479,0.549,0.183,0.191,88.18,89.75,74.79,89.75,0.117,1955,1.5,4.0,Austin Croshere
422,Avery,1610612744,GSW,39.0,46,22,24,0.478,636.9633333333334,80,199,0.402,0,3,0.0,52,78,0.667,3,30,33,111,51,26,3,14,34,0,212,-61,454.1,1,0,414.0,1,2003-04,13.8,98.2,95.8,95.8,101.0,101.4,101.4,-2.7,-5.6,-5.6,0.311,2.18,28.0,0.005,0.048,0.027,12.9,12.9,0.402,0.454,0.207,0.213,91.03,92.01,76.68,92.01,0.081,1225,1.7,4.3,Avery Johnson
1884,Baron,1610612740,NOH,25.0,67,36,31,0.537,2686.9766666666665,554,1402,0.395,187,582,0.321,237,352,0.673,66,221,287,501,215,158,27,64,178,0,1532,172,2967.9,22,0,2877.0,1,2003-04,40.1,101.0,102.5,102.5,98.2,98.9,98.9,2.8,3.5,3.5,0.363,2.33,22.1,0.024,0.084,0.053,9.5,9.5,0.462,0.492,0.295,0.298,92.14,91.12,75.94,91.12,0.136,5097,8.3,20.9,Baron Davis
1052,Ben,1610612762,UTA,30.0,17,9,8,0.529,171.47833333333332,25,47,0.532,0,0,0.0,18,27,0.667,22,33,55,6,10,3,4,6,32,0,68,-13,154.0,0,0,143.0,1,2003-04,10.1,105.3,105.7,105.7,110.0,107.4,107.4,-4.7,-1.7,-1.7,0.063,0.6,8.1,0.138,0.214,0.175,13.5,13.4,0.532,0.577,0.181,0.187,88.56,89.43,74.53,89.43,0.109,316,1.5,2.8,Ben Handlogten
1112,Ben,1610612765,DET,29.0,81,54,27,0.667,3059.3366666666666,315,748,0.421,1,8,0.125,142,290,0.49,324,682,1006,138,123,143,246,58,162,0,773,440,3231.2,34,0,2696.0,1,2003-04,37.8,99.6,100.4,100.4,91.8,93.2,93.2,7.8,7.3,7.3,0.075,1.12,12.1,0.108,0.222,0.166,10.8,10.8,0.422,0.441,0.15,0.152,90.65,89.64,74.7,89.64,0.134,5726,3.9,9.2,Ben Wallace
902,Bimbo,1610612748,MIA,36.0,22,6,16,0.273,168.16166666666666,12,34,0.353,0,0,0.0,4,6,0.667,2,8,10,15,9,3,0,1,27,0,28,-49,62.5,0,0,59.0,1,2003-04,7.6,90.1,85.5,85.5,104.1,101.9,101.9,-14.1,-16.4,-16.4,0.163,1.67,24.6,0.012,0.052,0.031,14.8,14.8,0.353,0.382,0.124,0.131,87.09,90.34,75.28,90.34,-0.013,318,0.5,1.5,Bimbo Coles
448,Bo,1610612763,MEM,33.0,82,50,32,0.61,1613.8516666666667,159,312,0.51,0,4,0.0,61,116,0.526,125,217,342,90,69,73,70,30,170,1,379,189,1284.4,1,0,1097.0,1,2003-04,19.7,97.8,97.2,97.2,91.4,91.0,91.0,6.4,6.1,6.1,0.093,1.3,17.2,0.077,0.133,0.105,13.2,13.2,0.51,0.522,0.121,0.123,91.79,92.28,76.9,92.28,0.096,3102,1.9,3.8,Bo Outlaw
682,Bob,1610612737,ATL,31.0,80,42,38,0.525,1657.3133333333333,202,485,0.416,21,79,0.266,171,226,0.757,100,226,326,233,105,62,14,29,158,0,596,-7,1459.7,12,2,1328.0,2,2003-04,20.7,102.7,101.2,101.2,102.0,100.9,100.9,0.7,0.3,0.3,0.24,2.22,25.1,0.061,0.138,0.1,11.3,11.4,0.438,0.51,0.187,0.191,92.08,93.26,77.72,93.26,0.117,3212,2.5,6.1,Bob Sura
1517,Bobby,1610612758,SAC,31.0,50,35,15,0.7,1189.105,263,592,0.444,81,219,0.37,82,109,0.752,55,119,174,105,63,49,8,27,106,0,689,120,1163.3,1,0,1163.0,1,2003-04,23.8,105.2,106.0,106.0,100.4,99.9,99.9,4.7,6.1,6.1,0.171,1.67,13.1,0.045,0.098,0.071,7.8,7.8,0.513,0.538,0.259,0.265,93.88,93.79,78.16,93.79,0.128,2313,5.3,11.8,Bobby Jackson
2250,Bobby,1610612746,LAC,24.0,56,20,36,0.357,1373.5166666666669,147,373,0.394,2,12,0.167,141,169,0.834,115,147,262,96,73,51,17,43,169,0,437,-59,1026.4,2,0,933.0,1,2003-04,24.5,99.7,100.9,100.9,103.3,102.2,102.2,-3.6,-1.3,-1.3,0.117,1.32,15.6,0.082,0.111,0.096,11.8,11.8,0.397,0.488,0.166,0.168,93.22,93.13,77.61,93.13,0.075,2653,2.6,6.7,Bobby Simmons
1719,Bonzi,1610612763,MEM,27.0,72,45,27,0.625,1871.8633333333328,363,850,0.427,22,69,0.319,138,183,0.754,78,182,260,139,161,91,19,50,197,1,886,19,1575.5,0,0,1527.0,2,2003-04,26.0,99.7,100.4,100.4,99.5,99.9,99.9,0.1,0.5,0.5,0.136,0.86,11.3,0.042,0.099,0.07,13.1,13.1,0.44,0.476,0.259,0.263,92.57,92.08,76.74,92.08,0.08,3592,5.0,11.8,Bonzi Wells
2564,Boris,1610612737,ATL,22.0,76,28,48,0.368,1915.235,140,313,0.447,6,26,0.231,56,93,0.602,111,231,342,182,126,59,37,15,191,0,342,-243,1187.4,1,0,1064.0,1,2003-04,25.2,96.3,95.5,95.5,102.2,101.4,101.4,-5.9,-5.9,-5.9,0.154,1.44,27.4,0.06,0.122,0.091,18.9,19.0,0.457,0.483,0.112,0.114,93.42,94.21,78.51,94.21,0.063,3748,1.8,4.1,Boris Diaw
2411,Bostjan,1610612745,HOU,23.0,45,25,20,0.556,507.50166666666667,47,132,0.356,23,63,0.365,21,29,0.724,8,62,70,30,23,14,14,8,72,0,138,25,328.0,0,0,317.0,1,2003-04,11.3,99.1,97.4,97.4,96.9,94.0,94.0,2.1,3.4,3.4,0.103,1.3,15.1,0.018,0.119,0.072,11.6,11.6,0.443,0.477,0.153,0.159,90.0,92.17,76.81,92.17,0.049,970,1.0,2.9,Bostjan Nachbar
1802,Brad,1610612758,SAC,28.0,72,49,23,0.681,2626.555,373,731,0.51,12,38,0.316,256,329,0.778,191,552,743,312,144,68,86,68,247,3,1014,499,2691.6,32,2,2389.0,1,2003-04,36.5,109.6,110.8,110.8,100.7,100.9,100.9,8.9,9.9,9.9,0.179,2.17,23.5,0.078,0.203,0.143,10.8,10.8,0.518,0.579,0.173,0.176,95.54,94.86,79.05,94.86,0.132,5184,5.2,10.2,Brad Miller
2220,Brandon,1610612751,NJN,24.0,56,31,25,0.554,426.4933333333333,65,175,0.371,19,52,0.365,2,4,0.5,12,31,43,14,24,12,2,6,49,0,151,-122,241.6,0,0,255.0,1,2003-04,7.6,93.4,89.8,89.8,107.4,104.5,104.5,-14.0,-14.7,-14.7,0.065,0.58,6.5,0.03,0.081,0.055,11.2,11.2,0.426,0.427,0.216,0.229,88.83,91.84,76.53,91.84,0.024,815,1.2,3.1,Brandon Armstrong
2599,Brandon,1610612738,BOS,23.0,36,14,22,0.389,404.8016666666667,53,116,0.457,0,3,0.0,19,43,0.442,50,68,118,19,22,13,1,16,40,0,125,-4,315.1,1,0,290.0,1,2003-04,11.2,96.4,96.5,96.5,97.2,96.4,96.4,-0.7,0.1,0.1,0.077,0.86,10.9,0.116,0.169,0.142,12.6,12.5,0.457,0.463,0.163,0.168,96.89,97.29,81.08,97.29,0.084,818,1.5,3.2,Brandon Hunter
2217,Brendan,1610612764,WAS,24.0,77,24,53,0.312,1493.1783333333333,200,388,0.515,0,1,0.0,137,234,0.585,186,201,387,43,80,32,100,24,154,0,537,-75,1381.9,3,0,1231.0,1,2003-04,19.4,96.3,97.3,97.3,99.0,99.8,99.8,-2.7,-2.5,-2.5,0.051,0.54,7.0,0.118,0.141,0.129,13.0,13.0,0.515,0.547,0.168,0.17,93.15,92.31,76.92,92.31,0.098,2870,2.6,5.0,Brendan Haywood
699,Brent,1610612760,SEA,32.0,59,30,29,0.508,1802.4833333333331,215,427,0.504,114,252,0.452,91,110,0.827,21,183,204,342,139,85,16,17,121,1,635,41,1556.8,6,0,1497.0,1,2003-04,30.6,106.7,107.2,107.2,105.6,106.8,106.8,1.2,0.4,0.4,0.29,2.46,36.0,0.012,0.104,0.059,14.6,14.5,0.637,0.668,0.152,0.156,93.96,93.22,77.68,93.22,0.124,3513,3.6,7.2,Brent Barry
1510,Brevin,1610612749,MIL,28.0,56,18,38,0.321,1033.295,105,246,0.427,2,8,0.25,49,65,0.754,14,98,112,204,72,84,1,13,107,0,261,-115,884.4,1,0,749.0,3,2003-04,18.5,95.0,94.8,94.8,99.4,100.3,100.3,-4.3,-5.5,-5.5,0.343,2.83,37.0,0.014,0.101,0.057,13.0,13.1,0.431,0.475,0.153,0.156,93.61,93.3,77.75,93.3,0.105,2006,1.9,4.4,Brevin Knight
2073,Brian,1610612744,GSW,27.0,76,32,44,0.421,1631.355,220,466,0.472,55,124,0.444,238,271,0.878,100,217,317,103,84,66,20,40,206,1,733,141,1441.9,4,0,1380.0,1,2003-04,21.5,104.6,104.7,104.7,101.0,100.5,100.5,3.7,4.3,4.3,0.106,1.23,13.5,0.063,0.138,0.1,11.0,10.9,0.531,0.626,0.183,0.189,91.57,91.74,76.45,91.74,0.121,3122,2.9,6.1,Brian Cardinal
2567,Brian,1610612747,LAL,23.0,35,23,12,0.657,437.77166666666665,67,141,0.475,0,5,0.0,21,28,0.75,31,70,101,20,17,16,16,4,64,0,155,-7,385.2,1,0,340.0,1,2003-04,12.5,98.1,96.4,96.4,100.6,98.1,98.1,-2.5,-1.7,-1.7,0.079,1.18,10.5,0.063,0.172,0.113,8.9,8.9,0.475,0.505,0.166,0.172,95.2,97.26,81.05,97.26,0.089,891,1.9,4.0,Brian Cook
258,Brian,1610612748,MIA,32.0,76,40,36,0.526,2302.23,289,613,0.471,0,1,0.0,86,110,0.782,174,350,524,69,82,51,35,47,254,1,664,32,1572.3,10,0,1429.0,1,2003-04,30.3,99.6,100.8,100.8,99.4,99.7,99.7,0.1,1.0,1.0,0.051,0.84,8.5,0.076,0.162,0.118,10.1,10.1,0.471,0.502,0.15,0.151,90.79,90.08,75.07,90.08,0.082,4314,3.8,8.1,Brian Grant
2243,Brian,1610612751,NJN,26.0,69,43,26,0.623,917.0016666666668,86,218,0.394,10,41,0.244,58,70,0.829,42,131,173,65,42,21,14,9,113,0,240,-29,608.1,0,0,558.0,1,2003-04,13.3,95.1,92.8,92.8,95.8,94.5,94.5,-0.7,-1.8,-1.8,0.123,1.55,18.2,0.047,0.145,0.097,11.7,11.8,0.417,0.482,0.147,0.152,90.02,91.76,76.47,91.76,0.075,1754,1.2,3.2,Brian Scalabrine
1730,Brian,1610612749,MIL,28.0,56,29,27,0.518,1579.975,255,513,0.497,0,0,0.0,79,138,0.572,119,292,411,49,78,30,61,44,165,0,589,-50,1350.7,11,0,1231.0,1,2003-04,28.2,102.8,103.6,103.6,104.7,105.0,105.0,-1.9,-1.4,-1.4,0.052,0.63,7.0,0.076,0.187,0.132,11.1,11.1,0.497,0.513,0.187,0.189,92.69,92.23,76.86,92.23,0.09,3033,4.6,9.2,Brian Skinner
2639,Britton,1610612753,ORL,24.0,20,4,16,0.2,291.81166666666667,17,59,0.288,1,12,0.083,7,16,0.438,15,30,45,12,14,7,1,6,28,0,42,-92,124.0,0,0,116.0,1,2003-04,14.6,89.1,88.3,88.3,105.5,104.0,104.0,-16.4,-15.7,-15.7,0.072,0.86,12.9,0.046,0.11,0.075,15.1,15.2,0.297,0.318,0.124,0.126,89.23,90.3,75.25,90.3,0.008,546,0.9,3.0,Britton Johnsen
1477,Bruce,1610612759,SAS,33.0,82,57,25,0.695,2627.1866666666665,211,502,0.42,77,212,0.363,66,114,0.579,45,208,253,113,90,84,33,32,166,1,565,394,1299.1,0,0,1242.0,1,2003-04,32.0,99.1,99.5,99.5,90.4,91.2,91.2,8.7,8.3,8.3,0.068,1.26,15.0,0.018,0.077,0.048,11.9,11.9,0.497,0.512,0.113,0.115,90.82,90.27,75.23,90.27,0.057,4933,2.6,6.1,Bruce Bowen
1743,Bruno,1610612752,NYK,24.0,5,1,4,0.2,30.72,4,10,0.4,0,0,0.0,3,6,0.5,2,8,10,1,3,0,0,0,9,0,11,-9,21.5,0,0,22.0,2,2003-04,6.1,74.3,69.5,69.5,84.2,84.7,84.7,-9.9,-15.3,-15.3,0.091,0.33,5.9,0.057,0.242,0.147,17.6,18.0,0.4,0.435,0.229,0.24,89.47,92.19,76.82,92.19,0.0,59,0.8,2.0,Bruno Sundov
1724,Bryce,1610612740,NOH,29.0,15,9,6,0.6,76.06333333333333,4,18,0.222,1,7,0.143,3,3,1.0,0,6,6,13,8,4,0,0,1,0,12,-22,42.7,0,0,40.0,1,2003-04,5.1,94.1,87.3,87.3,108.2,102.5,102.5,-14.1,-15.2,-15.2,0.26,1.63,32.5,0.0,0.09,0.041,20.0,19.8,0.25,0.311,0.147,0.16,96.65,103.18,85.98,103.18,0.045,165,0.3,1.2,Bryce Drew
935,Bryon,1610612747,LAL,33.0,72,46,26,0.639,934.9216666666666,98,244,0.402,43,112,0.384,50,65,0.769,32,114,146,71,37,32,12,5,110,0,289,36,665.7,0,0,637.0,1,2003-04,13.0,100.9,100.2,100.2,99.5,98.0,98.0,1.4,2.1,2.1,0.122,1.92,18.5,0.033,0.124,0.077,9.7,9.7,0.49,0.53,0.146,0.15,94.6,95.7,79.75,95.7,0.08,1862,1.4,3.4,Bryon Russell
384,Calbert,1610612744,GSW,32.0,79,37,42,0.468,2061.8416666666667,278,578,0.481,0,10,0.0,47,77,0.61,77,183,260,136,85,60,12,34,184,0,603,7,1250.0,2,0,1143.0,1,2003-04,26.1,101.9,101.9,101.9,100.8,101.5,101.5,1.1,0.5,0.5,0.112,1.6,16.3,0.039,0.092,0.065,10.2,10.2,0.481,0.493,0.156,0.158,91.35,91.05,75.87,91.05,0.068,3905,3.5,7.3,Calbert Cheaney
1916,Calvin,1610612760,SEA,28.0,71,31,40,0.437,1197.7283333333332,135,290,0.466,0,2,0.0,75,94,0.798,86,194,280,28,45,17,101,29,150,0,345,-65,1032.0,0,0,889.0,1,2003-04,16.9,101.4,101.8,101.8,103.9,104.1,104.1,-2.4,-2.3,-2.3,0.037,0.62,6.9,0.071,0.156,0.115,11.1,11.1,0.466,0.521,0.142,0.144,93.87,93.64,78.03,93.64,0.078,2331,1.9,4.1,Calvin Booth
2306,Carlos,1610612762,UTA,24.0,71,35,36,0.493,2002.5216666666668,339,768,0.441,38,117,0.325,181,225,0.804,41,144,185,355,156,63,5,48,165,0,897,-19,1699.5,4,0,1611.0,1,2003-04,28.2,101.2,102.5,102.5,102.6,103.5,103.5,-1.4,-0.9,-0.9,0.329,2.28,25.7,0.021,0.079,0.05,11.3,11.3,0.466,0.517,0.233,0.236,89.08,88.12,73.44,88.12,0.122,3684,4.8,10.8,Carlos Arroyo
2430,Carlos,1610612739,CLE,22.0,75,34,41,0.453,2597.603333333333,471,900,0.523,1,6,0.167,219,285,0.768,230,627,857,148,134,74,55,67,199,0,1162,33,2665.4,41,0,2426.0,1,2003-04,34.6,101.7,103.2,103.2,101.2,102.3,102.3,0.5,0.8,0.8,0.098,1.1,11.3,0.087,0.238,0.162,10.3,10.2,0.524,0.567,0.196,0.198,94.21,93.02,77.52,93.02,0.154,5030,6.3,12.0,Carlos Boozer
2546,Carmelo,1610612743,DEN,20.0,82,43,39,0.524,2991.2316666666666,624,1465,0.426,69,214,0.322,408,525,0.777,183,315,498,227,247,97,41,138,225,1,1725,65,2830.1,11,0,2795.0,1,2003-04,36.5,102.2,103.6,103.6,101.6,102.5,102.5,0.6,1.1,1.1,0.134,0.92,10.4,0.061,0.108,0.084,11.3,11.4,0.449,0.509,0.282,0.283,96.86,95.72,79.77,95.72,0.105,5965,7.6,17.9,Carmelo Anthony
2406,Caron,1610612748,MIA,24.0,68,39,29,0.574,2025.6733333333332,240,631,0.38,10,42,0.238,133,176,0.756,92,234,326,126,91,75,13,58,162,0,623,85,1376.2,5,0,1261.0,1,2003-04,29.8,100.2,100.7,100.7,98.3,99.0,99.0,1.9,1.7,1.7,0.106,1.38,13.6,0.046,0.121,0.083,9.8,9.8,0.388,0.44,0.183,0.185,90.72,90.13,75.11,90.13,0.072,3814,3.5,9.3,Caron Butler
2418,Casey,1610612756,PHX,23.0,78,25,53,0.321,1831.1916666666664,150,360,0.417,75,180,0.417,91,111,0.82,42,159,201,98,68,48,9,25,144,0,466,-94,957.2,0,0,954.0,1,2003-04,23.5,96.9,97.1,97.1,100.0,99.8,99.8,-3.1,-2.6,-2.6,0.084,1.44,17.0,0.023,0.086,0.055,11.8,11.8,0.521,0.57,0.116,0.118,95.17,95.18,79.31,95.18,0.066,3632,1.9,4.6,Casey Jacobsen
2456,Cezary,1610612752,NYK,24.0,7,2,5,0.286,12.811666666666667,0,4,0.0,0,0,0.0,1,2,0.5,0,1,1,0,2,1,1,0,3,0,1,-13,6.2,0,0,6.0,2,2003-04,1.8,46.8,46.2,46.2,100.6,96.2,96.2,-53.8,-50.0,-50.0,0.0,0.0,0.0,0.0,0.1,0.038,28.6,29.1,0.0,0.102,0.233,0.258,94.56,97.41,81.18,97.41,-0.325,26,0.0,0.6,Cezary Trybanski
891,Charles,1610612745,HOU,40.0,7,2,5,0.286,23.706666666666667,2,6,0.333,0,0,0.0,5,6,0.833,0,5,5,2,1,0,0,1,8,0,9,4,17.0,0,0,16.0,1,2003-04,3.4,115.9,114.8,114.8,123.8,105.5,105.5,-7.9,9.4,9.4,0.1,2.0,16.7,0.0,0.2,0.0,8.3,8.6,0.333,0.521,0.161,0.165,101.56,110.35,91.96,110.35,0.025,54,0.3,0.9,Charles Oakley
369,Charlie,1610612759,SAS,33.0,71,38,33,0.535,1252.805,160,390,0.41,84,206,0.408,20,27,0.741,12,132,144,215,96,64,11,14,107,0,424,-71,1048.3,1,0,1017.0,2,2003-04,17.6,94.3,94.1,94.1,96.8,96.5,96.5,-2.5,-2.4,-2.4,0.303,2.24,30.2,0.01,0.105,0.057,13.5,13.5,0.518,0.528,0.18,0.184,92.59,92.83,77.36,92.83,0.114,2416,2.3,5.5,Charlie Ward
1497,Chauncey,1610612765,DET,27.0,78,51,27,0.654,2772.2966666666666,392,996,0.394,130,335,0.388,404,460,0.878,35,241,276,446,189,84,8,62,177,0,1318,413,2405.2,5,1,2354.0,1,2003-04,35.5,100.7,101.1,101.1,93.1,93.8,93.8,7.6,7.3,7.3,0.289,2.36,24.3,0.013,0.087,0.051,10.3,10.3,0.459,0.55,0.229,0.233,90.61,90.07,75.06,90.07,0.137,5220,5.0,12.8,Chauncey Billups
685,Cherokee,1610612744,GSW,31.0,12,7,5,0.583,58.37,4,10,0.4,0,0,0.0,4,6,0.667,4,6,10,1,2,0,3,1,7,0,12,-20,32.5,0,0,29.0,1,2003-04,4.9,83.7,80.7,80.7,96.3,95.1,95.1,-12.6,-14.4,-14.4,0.03,0.5,6.3,0.071,0.109,0.09,12.5,12.8,0.4,0.475,0.118,0.12,96.66,99.09,82.58,99.09,0.033,119,0.3,0.8,Cherokee Parks
2365,Chris,1610612743,DEN,25.0,71,39,32,0.549,1028.5183333333334,90,203,0.443,0,1,0.0,63,107,0.589,89,209,298,35,48,34,114,18,119,0,243,-15,1049.1,2,0,872.0,1,2003-04,14.5,98.1,97.4,97.4,97.6,97.1,97.1,0.5,0.3,0.3,0.053,0.73,10.4,0.082,0.191,0.137,14.2,14.4,0.443,0.486,0.126,0.128,96.57,97.17,80.97,97.17,0.096,2071,1.3,2.9,Chris Andersen
2547,Chris,1610612761,TOR,20.0,75,29,46,0.387,2516.485,327,712,0.459,5,14,0.357,202,288,0.701,191,366,557,78,107,59,106,64,215,0,861,-162,2034.4,13,0,1831.0,1,2003-04,33.6,95.6,95.6,95.6,99.0,98.8,98.8,-3.4,-3.2,-3.2,0.056,0.73,7.6,0.079,0.152,0.115,10.4,10.5,0.463,0.513,0.18,0.182,89.6,89.71,74.76,89.71,0.1,4696,4.4,9.5,Chris Bosh
1544,Chris,1610612737,ATL,29.0,56,18,38,0.321,1209.41,211,471,0.448,44,113,0.389,103,119,0.866,58,117,175,45,55,37,20,30,131,0,569,-100,962.5,0,0,947.0,1,2003-04,21.6,101.7,101.7,101.7,107.0,106.1,106.1,-5.2,-4.4,-4.4,0.068,0.82,7.2,0.048,0.102,0.074,8.8,8.8,0.495,0.544,0.211,0.214,94.06,94.46,78.72,94.46,0.087,2382,3.8,8.4,Chris Crawford
2423,Chris,1610612741,CHI,24.0,21,5,16,0.238,197.58,27,72,0.375,17,42,0.405,13,20,0.65,5,24,29,7,19,4,7,6,36,0,84,26,143.3,0,0,159.0,2,2003-04,9.4,103.3,102.7,102.7,97.7,96.6,96.6,5.6,6.1,6.1,0.058,0.37,6.5,0.024,0.122,0.072,17.8,17.8,0.493,0.52,0.214,0.219,98.88,99.73,83.11,99.73,0.03,411,1.3,3.4,Chris Jefferies
2549,Chris,1610612746,LAC,22.0,82,28,54,0.341,1850.2966666666664,200,435,0.46,0,2,0.0,99,142,0.697,126,335,461,85,155,23,73,61,211,0,499,-212,1312.7,6,0,1237.0,1,2003-04,22.6,98.6,99.9,99.9,106.0,105.6,105.6,-7.4,-5.7,-5.7,0.078,0.55,11.5,0.07,0.183,0.127,20.9,21.0,0.46,0.502,0.158,0.16,92.5,92.12,76.77,92.12,0.068,3546,2.4,5.3,Chris Kaman
2036,Chris,1610612738,BOS,24.0,76,27,49,0.355,1327.845,186,381,0.488,0,0,0.0,110,166,0.663,156,257,413,21,90,37,63,43,208,1,482,-99,1219.1,3,0,1116.0,2,2003-04,17.5,96.7,96.0,96.0,99.1,98.6,98.6,-2.5,-2.6,-2.6,0.029,0.23,3.7,0.119,0.19,0.155,15.8,15.9,0.488,0.531,0.181,0.184,94.98,95.58,79.65,95.58,0.093,2628,2.4,5.0,Chris Mihm
185,Chris,1610612758,SAC,31.0,23,11,12,0.478,832.9016666666666,174,421,0.413,1,5,0.2,81,114,0.711,48,152,200,105,60,31,20,28,76,0,430,-11,920.5,8,0,838.0,1,2003-04,36.2,101.6,101.9,101.9,102.2,102.7,102.7,-0.6,-0.8,-0.8,0.227,1.75,16.4,0.058,0.18,0.119,9.4,9.4,0.414,0.456,0.286,0.289,95.87,95.49,79.58,95.49,0.112,1658,7.6,18.3,Chris Webber
43,Chris,1610612764,WAS,32.0,16,3,13,0.188,183.465,17,45,0.378,8,18,0.444,5,5,1.0,3,12,15,14,6,6,2,1,6,0,47,-58,104.0,0,0,100.0,1,2003-04,11.5,86.6,86.4,86.4,102.6,104.2,104.2,-16.0,-17.9,-17.9,0.146,2.33,20.9,0.014,0.068,0.039,9.0,8.9,0.467,0.498,0.124,0.128,93.75,93.14,77.62,93.14,0.08,359,1.1,2.8,Chris Whitney
2404,Chris,1610612746,LAC,21.0,65,25,40,0.385,1339.685,227,436,0.521,0,1,0.0,105,150,0.7,125,180,305,51,80,29,20,28,183,0,559,-100,1068.5,3,0,1013.0,1,2003-04,20.6,100.3,101.4,101.4,105.1,104.4,104.4,-4.8,-3.0,-3.0,0.067,0.64,8.1,0.091,0.14,0.114,12.6,12.6,0.521,0.557,0.189,0.192,93.82,93.66,78.05,93.66,0.09,2603,3.5,6.7,Chris Wilcox
363,Christian,1610612764,WAS,34.0,48,11,37,0.229,983.1783333333332,119,256,0.465,6,21,0.286,40,50,0.8,50,182,232,89,42,37,28,10,102,1,284,-165,848.9,3,0,741.0,1,2003-04,20.5,94.3,94.4,94.4,103.2,102.7,102.7,-8.9,-8.3,-8.3,0.155,2.12,21.9,0.05,0.188,0.117,10.3,10.3,0.477,0.511,0.144,0.147,94.74,94.88,79.07,94.88,0.11,1942,2.5,5.3,Christian Laettner
1088,Chucky,1610612738,BOS,29.0,64,37,27,0.578,1539.02,192,484,0.397,81,241,0.336,73,97,0.753,9,84,93,223,92,45,2,16,102,0,538,75,1033.1,1,0,1029.0,2,2003-04,24.0,99.5,99.2,99.2,97.3,96.9,96.9,2.1,2.3,2.3,0.248,2.42,26.5,0.006,0.053,0.03,11.0,10.9,0.48,0.511,0.18,0.185,92.56,92.88,77.4,92.88,0.089,2982,3.0,7.6,Chucky Atkins
221,Clar.,1610612745,HOU,33.0,52,24,28,0.462,872.5016666666667,104,211,0.493,0,1,0.0,53,72,0.736,74,130,204,30,35,30,15,26,75,0,261,-81,650.8,1,0,585.0,2,2003-04,16.8,95.6,95.1,95.1,100.5,99.0,99.0,-4.9,-3.9,-3.9,0.063,0.86,9.7,0.092,0.153,0.123,11.3,11.4,0.493,0.538,0.148,0.152,90.3,91.24,76.03,91.24,0.103,1650,2.0,4.1,Clar. Weatherspoon
361,Clifford,1610612744,GSW,37.0,82,37,45,0.451,2841.806666666667,366,945,0.387,112,314,0.357,123,173,0.711,54,268,322,271,173,68,73,43,237,1,967,-83,2009.9,3,0,1954.0,1,2003-04,34.7,100.1,100.8,100.8,102.0,102.5,102.5,-1.9,-1.7,-1.7,0.16,1.57,18.5,0.019,0.096,0.058,11.8,11.8,0.447,0.473,0.192,0.194,92.11,91.59,76.32,91.59,0.067,5427,4.5,11.5,Clifford Robinson
1894,Corey,1610612746,LAC,24.0,73,25,48,0.342,2629.8816666666667,453,1013,0.447,76,231,0.329,526,620,0.848,96,334,430,224,207,65,16,83,217,1,1508,-167,2396.0,5,0,2400.0,1,2003-04,36.0,101.9,103.4,103.4,106.1,106.5,106.5,-4.2,-3.1,-3.1,0.154,1.08,13.1,0.037,0.13,0.083,12.1,12.1,0.485,0.586,0.248,0.251,94.52,93.71,78.09,93.71,0.13,5130,6.2,13.9,Corey Maggette
916,Corie,1610612761,TOR,35.0,62,18,44,0.29,1042.8116666666667,115,253,0.455,0,3,0.0,15,27,0.556,98,177,275,55,43,49,24,9,135,0,245,-10,833.5,1,0,721.0,2,2003-04,16.8,97.4,96.4,96.4,97.9,96.7,96.7,-0.5,-0.3,-0.3,0.084,1.28,15.2,0.096,0.168,0.132,11.8,11.8,0.455,0.462,0.132,0.135,93.03,94.13,78.44,94.13,0.085,2043,1.9,4.1,Corie Blount
722,Corliss,1610612765,DET,30.0,79,52,27,0.658,1574.2066666666667,304,602,0.505,0,0,0.0,144,197,0.731,88,168,256,57,113,30,20,42,204,1,752,181,1181.7,1,0,1165.0,1,2003-04,19.9,99.1,99.1,99.1,93.3,93.1,93.1,5.8,6.0,6.0,0.072,0.5,6.7,0.061,0.108,0.085,13.2,13.2,0.505,0.546,0.234,0.24,89.76,89.83,74.86,89.83,0.098,2948,3.8,7.6,Corliss Williamson
2414,Curtis,1610612762,UTA,23.0,16,8,8,0.5,257.4716666666667,22,56,0.393,0,1,0.0,14,18,0.778,13,41,54,15,18,4,14,6,40,0,58,-29,181.3,0,0,163.0,1,2003-04,16.1,98.3,97.0,97.0,104.4,102.6,102.6,-6.2,-5.7,-5.7,0.097,0.83,15.5,0.057,0.18,0.119,18.6,18.6,0.393,0.454,0.144,0.149,90.59,92.0,76.67,92.0,0.053,493,1.4,3.5,Curtis Borchardt
1749,Cuttino,1610612745,HOU,28.0,80,44,36,0.55,3235.806666666667,460,1081,0.426,164,420,0.39,176,217,0.811,40,322,362,258,180,107,33,47,179,0,1260,114,2321.4,1,0,2324.0,1,2003-04,40.4,98.6,99.7,99.7,96.8,97.9,97.9,1.8,1.7,1.7,0.144,1.43,16.0,0.014,0.099,0.058,11.1,11.1,0.501,0.535,0.197,0.2,90.45,89.47,74.56,89.47,0.104,6037,5.8,13.5,Cuttino Mobley
2563,Dahntay,1610612763,MEM,23.0,20,13,7,0.65,154.38666666666666,15,53,0.283,1,4,0.25,5,11,0.455,7,16,23,12,12,5,6,5,23,0,36,-44,102.6,0,0,94.0,1,2003-04,7.7,90.5,87.5,87.5,102.3,101.3,101.3,-11.7,-13.9,-13.9,0.138,1.0,14.6,0.045,0.104,0.074,14.6,14.7,0.292,0.311,0.199,0.211,92.48,94.52,78.76,94.52,-0.008,303,0.8,2.7,Dahntay Jones
2402,Dajuan,1610612739,CLE,21.0,44,23,21,0.523,709.89,112,306,0.366,31,86,0.36,32,47,0.681,9,49,58,51,41,26,7,24,89,0,287,-93,491.1,0,0,493.0,1,2003-04,16.1,95.6,96.9,96.9,103.4,103.8,103.8,-7.9,-6.9,-6.9,0.131,1.24,12.1,0.012,0.068,0.039,9.8,9.8,0.417,0.439,0.23,0.232,92.47,91.65,76.38,91.65,0.038,1356,2.5,7.0,Dajuan Wagner
905,Dale,1610612757,POR,35.0,76,36,40,0.474,1684.0566666666666,133,281,0.473,0,0,0.0,65,106,0.613,158,240,398,72,40,43,62,31,154,1,331,-148,1191.6,2,0,1011.0,1,2003-04,22.2,99.2,99.8,99.8,104.1,104.7,104.7,-4.9,-4.9,-4.9,0.067,1.8,16.3,0.096,0.15,0.123,9.0,9.1,0.473,0.505,0.103,0.103,88.32,87.83,73.19,87.83,0.078,3083,1.8,3.7,Dale Davis
1800,Damon,1610612749,MIL,27.0,82,41,41,0.5,2009.1516666666664,210,524,0.401,98,273,0.359,55,72,0.764,15,155,170,478,103,30,4,15,92,0,573,13,1493.0,8,0,1387.0,1,2003-04,24.5,105.2,104.9,104.9,105.1,104.9,104.9,0.1,0.0,0.0,0.363,4.64,42.0,0.008,0.077,0.042,9.0,9.1,0.494,0.516,0.145,0.147,95.18,95.37,79.48,95.37,0.105,3998,2.6,6.4,Damon Jones
757,Damon,1610612757,POR,30.0,82,41,41,0.5,3122.8483333333334,408,1018,0.401,156,427,0.365,127,145,0.876,52,256,308,500,180,99,9,38,173,0,1099,-118,2362.6,7,0,2279.0,1,2003-04,38.1,100.1,101.2,101.2,102.7,103.4,103.4,-2.6,-2.2,-2.2,0.268,2.78,28.6,0.017,0.086,0.052,10.3,10.2,0.477,0.508,0.187,0.192,88.59,87.8,73.17,87.8,0.101,5717,5.0,12.4,Damon Stoudamire
2245,Damone,1610612751,NJN,25.0,3,2,1,0.667,16.165,1,10,0.1,0,0,0.0,1,2,0.5,3,2,5,0,1,2,0,3,2,0,3,-31,14.0,0,0,12.0,1,2003-04,5.4,45.9,42.4,42.4,136.0,132.4,132.4,-90.2,-89.9,-89.9,0.0,0.0,0.0,0.125,0.0,0.0,8.3,8.4,0.1,0.138,0.3,0.325,94.43,99.47,82.9,99.47,-0.099,33,0.3,3.3,Damone Brown
2424,Dan,1610612757,POR,25.0,43,16,27,0.372,291.1033333333333,37,98,0.378,10,30,0.333,11,14,0.786,7,19,26,38,26,17,0,4,44,0,95,-18,208.2,0,0,203.0,2,2003-04,6.8,95.5,94.3,94.3,101.2,97.9,97.9,-5.7,-3.6,-3.6,0.226,1.46,22.5,0.023,0.067,0.044,15.4,15.5,0.429,0.456,0.193,0.198,93.41,95.55,79.63,95.55,0.047,581,0.9,2.3,Dan Dickau
2429,Dan,1610612749,MIL,26.0,75,36,39,0.48,1251.71,183,349,0.524,0,1,0.0,58,118,0.492,126,220,346,28,45,51,105,17,186,0,424,60,1304.2,2,0,1110.0,1,2003-04,16.7,103.1,103.8,103.8,101.1,100.4,100.4,2.1,3.3,3.3,0.037,0.62,5.9,0.1,0.179,0.139,9.5,9.5,0.524,0.529,0.156,0.16,94.81,94.8,79.0,94.8,0.096,2461,2.4,4.7,Dan Gadzuric
2061,Dan,1610612749,MIL,26.0,6,4,2,0.667,35.025,5,14,0.357,1,2,0.5,2,2,1.0,0,4,4,0,2,0,0,0,7,0,13,11,15.8,0,0,18.0,2,2003-04,5.8,99.3,94.5,94.5,83.6,80.6,80.6,15.7,14.0,14.0,0.0,0.0,0.0,0.0,0.125,0.063,11.8,11.8,0.393,0.437,0.21,0.224,95.14,99.36,82.8,99.36,-0.012,73,0.8,2.3,Dan Langhi
344,Dana,1610612738,BOS,37.0,1,1,0,1.0,10.918333333333331,2,3,0.667,0,0,0.0,2,2,1.0,0,0,0,0,0,0,0,0,2,0,6,-17,6.0,0,0,6.0,1,2003-04,10.9,97.3,92.0,92.0,155.5,160.0,160.0,-58.2,-68.0,-68.0,0.0,0.0,0.0,0.0,0.0,0.0,0.0,0.0,0.667,0.773,0.148,0.146,108.5,109.91,91.59,109.91,0.058,25,2.0,3.0,Dana Barros
2091,Daniel,1610612749,MIL,28.0,54,28,26,0.519,708.7516666666667,78,163,0.479,0,0,0.0,61,90,0.678,35,97,132,24,32,19,21,25,98,0,217,29,499.4,0,0,453.0,1,2003-04,13.1,102.5,102.2,102.2,99.5,99.5,99.5,2.9,2.7,2.7,0.052,0.75,9.3,0.052,0.141,0.096,12.4,12.4,0.479,0.536,0.151,0.153,94.32,94.48,78.73,94.48,0.059,1391,1.4,3.0,Daniel Santiago
1504,Danny,1610612742,DAL,28.0,56,34,22,0.607,620.41,71,139,0.511,0,0,0.0,75,92,0.815,114,136,250,9,37,12,11,23,148,3,217,56,562.5,1,0,522.0,1,2003-04,11.1,110.0,109.1,109.1,104.0,104.8,104.8,6.0,4.3,4.3,0.02,0.24,4.0,0.175,0.223,0.198,16.4,16.4,0.511,0.605,0.146,0.15,95.9,95.9,79.91,95.9,0.075,1241,1.3,2.5,Danny Fortson
2032,Darius,1610612757,POR,22.0,79,35,44,0.443,2080.1983333333333,365,753,0.485,7,40,0.175,124,193,0.642,112,247,359,162,130,67,61,47,168,0,861,-125,1788.8,3,0,1645.0,2,2003-04,26.3,97.2,97.7,97.7,100.1,100.4,100.4,-2.9,-2.7,-2.7,0.142,1.25,14.4,0.056,0.116,0.087,11.5,11.5,0.489,0.514,0.215,0.218,90.62,90.26,75.21,90.26,0.104,3902,4.6,9.5,Darius Miles
2443,Darius,1610612758,SAC,26.0,73,49,24,0.671,973.665,133,273,0.487,0,0,0.0,71,88,0.807,91,134,225,48,43,42,12,37,126,0,337,119,798.0,4,0,718.0,1,2003-04,13.3,107.9,107.0,107.0,100.9,100.5,100.5,7.0,6.5,6.5,0.077,1.12,11.9,0.095,0.135,0.115,10.6,10.7,0.487,0.541,0.16,0.164,94.48,95.1,79.25,95.1,0.089,1926,1.8,3.7,Darius Songaila
2545,Darko,1610612765,DET,19.0,34,29,5,0.853,159.595,17,65,0.262,0,1,0.0,14,24,0.583,11,32,43,7,13,7,15,10,33,0,48,-45,163.1,0,0,142.0,1,2003-04,4.7,85.5,80.5,80.5,98.2,95.4,95.4,-12.6,-14.9,-14.9,0.095,0.54,7.3,0.071,0.195,0.135,13.5,13.6,0.262,0.318,0.254,0.271,88.49,92.48,77.07,92.48,0.008,308,0.5,1.9,Darko Milicic
353,Darrell,1610612740,NOH,36.0,79,39,40,0.494,2244.615,291,736,0.395,135,429,0.315,123,144,0.854,63,163,226,311,155,133,16,28,148,0,840,104,1869.7,2,0,1810.0,1,2003-04,28.4,99.7,100.6,100.6,98.1,98.2,98.2,1.6,2.5,2.5,0.244,2.01,24.7,0.027,0.076,0.05,12.3,12.2,0.487,0.525,0.187,0.191,92.93,92.49,77.07,92.49,0.11,4324,3.7,9.3,Darrell Armstrong
239,Darrick,1610612750,MIN,33.0,16,14,2,0.875,173.76333333333332,20,67,0.299,6,26,0.231,9,9,1.0,2,5,7,23,7,2,1,4,23,0,55,14,99.9,0,0,97.0,1,2003-04,10.9,91.4,89.6,89.6,86.2,85.5,85.5,5.2,4.2,4.2,0.258,3.29,22.8,0.011,0.027,0.019,6.9,6.9,0.343,0.388,0.197,0.205,91.8,93.09,77.58,93.09,0.023,337,1.3,4.2,Darrick Martin
1032,Darvin,1610612765,DET,30.0,54,40,14,0.741,471.07666666666665,37,75,0.493,1,2,0.5,21,35,0.6,47,46,93,16,31,13,8,3,63,0,96,-26,263.6,0,0,248.0,1,2003-04,8.7,91.9,87.8,87.8,89.4,87.2,87.2,2.5,0.6,0.6,0.062,0.52,11.6,0.098,0.096,0.097,22.5,22.6,0.5,0.531,0.114,0.121,91.41,94.66,78.88,94.66,0.049,911,0.7,1.4,Darvin Ham
133,David,1610612740,NOH,33.0,61,31,30,0.508,2006.2866666666664,311,800,0.389,92,285,0.323,137,182,0.753,28,106,134,175,100,71,14,37,147,0,851,-42,1429.3,0,0,1422.0,1,2003-04,32.9,97.8,98.7,98.7,99.2,99.9,99.9,-1.4,-1.2,-1.2,0.159,1.75,15.2,0.014,0.054,0.033,8.7,8.7,0.446,0.483,0.219,0.222,92.2,91.4,76.17,91.4,0.073,3822,5.1,13.1,David Wesley
2561,David,1610612740,NOH,23.0,71,35,36,0.493,929.0383333333332,108,228,0.474,0,2,0.0,57,80,0.713,117,180,297,60,48,27,28,27,117,0,273,-93,836.4,2,0,740.0,1,2003-04,13.1,94.9,94.3,94.3,100.0,98.4,98.4,-5.1,-4.1,-4.1,0.12,1.25,16.2,0.119,0.212,0.162,12.9,12.9,0.474,0.519,0.147,0.151,91.61,92.64,77.2,92.64,0.118,1783,1.5,3.2,David West
2205,DeSagana,1610612739,CLE,22.0,56,21,35,0.375,721.9733333333334,57,147,0.388,0,0,0.0,12,20,0.6,72,127,199,34,29,26,51,7,116,0,126,-63,617.8,0,0,513.0,1,2003-04,12.9,92.7,93.0,93.0,97.1,96.4,96.4,-4.3,-3.5,-3.5,0.078,1.17,15.5,0.095,0.171,0.133,13.2,13.3,0.388,0.404,0.115,0.118,91.03,91.22,76.01,91.22,0.063,1364,1.0,2.6,DeSagana Diop
2052,DeShawn,1610612753,ORL,23.0,80,33,47,0.413,2444.41,376,871,0.432,19,71,0.268,138,204,0.676,79,219,298,158,120,52,17,53,140,1,909,-229,1590.6,1,0,1522.0,2,2003-04,30.6,98.8,100.4,100.4,104.5,105.0,105.0,-5.7,-4.6,-4.6,0.114,1.32,12.7,0.033,0.094,0.063,9.7,9.7,0.443,0.473,0.2,0.202,91.39,90.48,75.4,90.48,0.077,4599,4.7,10.9,DeShawn Stevenson
2035,DerMarr,1610612752,NYK,24.0,21,11,10,0.524,283.30833333333334,36,97,0.371,13,36,0.361,28,31,0.903,5,34,39,11,16,8,7,7,32,0,113,-29,205.3,0,0,206.0,1,2003-04,13.5,102.2,101.5,101.5,108.6,106.9,106.9,-6.4,-5.4,-5.4,0.071,0.69,7.9,0.018,0.126,0.072,11.5,11.6,0.438,0.511,0.203,0.207,90.14,91.15,75.96,91.15,0.07,538,1.7,4.6,DerMarr Johnson
1507,Derek,1610612757,POR,29.0,51,26,25,0.51,1812.8316666666667,230,612,0.376,79,259,0.305,155,188,0.824,26,156,182,228,90,66,3,14,79,0,694,80,1371.4,0,0,1321.0,1,2003-04,35.5,101.5,102.0,102.0,99.3,99.8,99.8,2.2,2.2,2.2,0.211,2.53,22.5,0.015,0.088,0.052,8.9,8.9,0.44,0.499,0.202,0.206,89.3,88.9,74.08,88.9,0.101,3360,4.5,12.0,Derek Anderson
965,Derek,1610612747,LAL,29.0,82,56,26,0.683,1759.4316666666666,203,576,0.352,52,179,0.291,122,153,0.797,30,122,152,187,79,103,4,20,115,1,580,105,1284.9,0,0,1185.0,1,2003-04,21.5,99.5,99.3,99.3,97.0,97.0,97.0,2.5,2.2,2.2,0.175,2.37,20.7,0.016,0.072,0.043,8.7,8.7,0.398,0.451,0.18,0.186,93.33,93.43,77.85,93.43,0.083,3439,2.5,7.0,Derek Fisher
934,Derrick,1610612755,PHI,37.0,34,13,21,0.382,845.7116666666667,107,259,0.413,8,36,0.222,49,65,0.754,45,147,192,46,57,23,26,34,79,0,271,-71,660.4,2,0,615.0,1,2003-04,24.9,94.8,96.0,96.0,100.1,100.3,100.3,-5.4,-4.3,-4.3,0.095,0.81,11.8,0.058,0.19,0.124,14.6,14.6,0.429,0.471,0.189,0.192,90.43,89.82,74.85,89.82,0.089,1581,3.1,7.6,Derrick Coleman
1760,Derrick,1610612753,ORL,28.0,9,2,7,0.222,82.74333333333334,9,28,0.321,2,9,0.222,6,8,0.75,5,8,13,2,1,6,0,2,6,0,26,13,61.6,0,0,55.0,1,2003-04,9.2,98.0,95.7,95.7,89.7,87.6,87.6,8.4,8.1,8.1,0.042,2.0,5.7,0.052,0.082,0.067,2.9,2.9,0.357,0.412,0.169,0.174,91.17,93.4,77.83,93.4,0.086,161,1.0,3.1,Derrick Dial
2724,Desmond,1610612757,POR,26.0,7,2,5,0.286,30.71,5,12,0.417,3,8,0.375,0,2,0.0,0,4,4,1,1,0,0,0,0,0,13,9,18.3,0,0,21.0,1,2003-04,4.4,96.1,92.6,92.6,75.5,73.2,73.2,20.5,19.4,19.4,0.071,1.0,6.7,0.0,0.0,0.0,6.7,6.7,0.542,0.505,0.23,0.239,83.09,85.97,71.64,85.97,0.131,54,0.7,1.7,Desmond Ferguson
2046,Desmond,1610612749,MIL,26.0,82,41,41,0.5,2534.4333333333334,409,867,0.472,9,39,0.231,356,463,0.769,93,266,359,152,148,60,24,47,191,0,1183,168,1945.8,5,0,1871.0,1,2003-04,30.9,104.7,105.0,105.0,101.6,101.6,101.6,3.1,3.4,3.4,0.103,1.03,11.0,0.038,0.106,0.072,10.7,10.8,0.477,0.552,0.217,0.218,94.64,94.49,78.74,94.49,0.099,4988,5.0,10.6,Desmond Mason
2667,Desmond,1610612753,ORL,22.0,10,4,6,0.4,86.35666666666667,14,28,0.5,0,0,0.0,4,4,1.0,6,18,24,3,6,2,2,4,14,0,32,20,71.3,0,0,67.0,1,2003-04,8.6,104.8,103.5,103.5,96.9,92.9,92.9,7.8,10.6,10.6,0.053,0.5,7.7,0.069,0.222,0.143,15.4,15.5,0.5,0.538,0.179,0.183,91.96,94.49,78.74,94.49,0.096,171,1.4,2.8,Desmond Penigar
1904,Devean,1610612747,LAL,26.0,82,56,26,0.683,1952.775,233,571,0.408,65,186,0.349,73,96,0.76,87,245,332,112,88,81,38,20,189,0,604,166,1439.4,3,0,1351.0,1,2003-04,23.8,101.6,101.9,101.9,96.9,97.5,97.5,4.7,4.4,4.4,0.089,1.27,13.8,0.044,0.124,0.084,10.8,10.8,0.465,0.492,0.158,0.16,95.36,94.9,79.09,94.9,0.076,3859,2.8,7.0,Devean George
2484,Devin,1610612759,SAS,25.0,58,43,15,0.741,619.3083333333333,85,196,0.434,4,14,0.286,60,74,0.811,38,92,130,33,38,15,4,18,61,0,234,30,458.5,0,0,439.0,1,2003-04,10.7,99.1,96.5,96.5,97.1,95.2,95.2,2.0,1.3,1.3,0.095,0.87,11.0,0.059,0.149,0.103,12.7,12.7,0.444,0.512,0.187,0.195,92.48,94.67,78.89,94.67,0.098,1229,1.5,3.4,Devin Brown
87,Dikembe,1610612752,NYK,38.0,65,29,36,0.446,1499.1466666666668,141,295,0.478,0,0,0.0,81,119,0.681,145,292,437,25,54,17,123,24,141,0,363,-39,1290.9,7,0,1105.0,1,2003-04,23.1,98.6,99.1,99.1,100.0,100.3,100.3,-1.4,-1.2,-1.2,0.026,0.46,5.9,0.102,0.191,0.148,12.6,12.7,0.478,0.523,0.122,0.124,92.28,91.91,76.59,91.91,0.094,2868,2.2,4.5,Dikembe Mutombo
1901,Dion,1610612761,TOR,25.0,69,23,46,0.333,1642.4483333333333,230,589,0.39,40,119,0.336,120,156,0.769,58,208,266,130,102,50,19,57,123,0,620,-118,1239.2,0,0,1194.0,2,2003-04,23.8,95.7,95.8,95.8,100.5,99.5,99.5,-4.9,-3.7,-3.7,0.138,1.27,14.6,0.036,0.125,0.081,11.5,11.5,0.424,0.471,0.208,0.212,92.66,93.1,77.58,93.1,0.086,3186,3.3,8.5,Dion Glover
1717,Dirk,1610612742,DAL,26.0,77,49,28,0.636,2919.845,605,1310,0.462,99,290,0.341,371,423,0.877,90,580,670,207,135,92,104,34,216,0,1680,408,3247.5,31,0,3048.0,1,2003-04,37.9,111.3,112.1,112.1,104.1,105.4,105.4,7.3,6.7,6.7,0.11,1.53,11.3,0.03,0.199,0.114,7.4,7.3,0.5,0.561,0.242,0.246,95.99,95.05,79.21,95.05,0.14,5792,7.9,17.0,Dirk Nowitzki
2051,Donnell,1610612756,PHX,23.0,60,17,43,0.283,789.015,89,201,0.443,0,3,0.0,61,83,0.735,48,116,164,21,45,24,27,18,129,2,239,-108,575.3,0,0,526.0,2,2003-04,13.2,96.2,96.8,96.8,102.5,101.6,101.6,-6.2,-4.9,-4.9,0.045,0.47,6.9,0.062,0.143,0.103,14.7,14.8,0.443,0.503,0.16,0.162,94.78,94.9,79.09,94.9,0.058,1544,1.5,3.4,Donnell Harvey
923,Donyell,1610612761,TOR,31.0,82,29,53,0.354,2982.055,470,1020,0.461,131,325,0.403,134,182,0.736,210,598,808,122,117,93,124,34,247,0,1205,-130,2891.6,38,0,2700.0,2,2003-04,36.4,98.2,99.0,99.0,100.5,101.3,101.3,-2.3,-2.3,-2.3,0.075,1.04,9.1,0.073,0.204,0.139,8.8,8.7,0.525,0.548,0.192,0.195,90.74,90.07,75.06,90.07,0.137,5596,5.7,12.4,Donyell Marshall
57,Doug,1610612758,SAC,34.0,82,55,27,0.671,2782.8866666666668,317,688,0.461,49,142,0.345,148,172,0.86,69,260,329,347,155,151,41,21,186,0,831,372,2167.3,3,0,1940.0,1,2003-04,33.9,109.5,109.9,109.9,102.9,103.2,103.2,6.7,6.7,6.7,0.178,2.24,27.3,0.026,0.093,0.061,12.2,12.2,0.496,0.544,0.147,0.149,96.26,95.92,79.93,95.92,0.087,5561,3.9,8.4,Doug Christie
77,Doug,1610612746,LAC,34.0,61,22,39,0.361,1036.11,99,245,0.404,3,23,0.13,23,31,0.742,16,70,86,138,58,26,2,5,89,0,224,-98,560.2,0,0,507.0,2,2003-04,17.0,99.5,100.7,100.7,105.4,105.2,105.2,-5.9,-4.6,-4.6,0.215,2.38,30.5,0.016,0.067,0.042,12.8,12.8,0.41,0.433,0.135,0.139,92.15,91.7,76.42,91.7,0.053,1976,1.6,4.0,Doug Overton
2400,Drew,1610612753,ORL,22.0,79,20,59,0.253,2137.3866666666668,369,829,0.445,9,42,0.214,167,262,0.637,160,356,516,89,126,62,72,63,196,0,914,-484,1942.7,18,0,1796.0,1,2003-04,27.1,97.3,98.2,98.2,110.0,110.2,110.2,-12.8,-12.0,-12.0,0.076,0.71,7.6,0.072,0.175,0.121,10.8,10.9,0.451,0.484,0.224,0.226,93.08,92.56,77.13,92.56,0.096,4126,4.7,10.5,Drew Gooden
2548,Dwyane,1610612748,MIA,22.0,61,34,27,0.557,2135.85,371,798,0.465,16,53,0.302,233,312,0.747,85,162,247,275,196,86,34,71,140,0,991,89,1863.9,1,0,1769.0,1,2003-04,35.0,100.2,101.2,101.2,98.3,98.9,98.9,1.9,2.2,2.2,0.241,1.4,19.5,0.04,0.078,0.059,13.9,13.9,0.475,0.53,0.242,0.246,91.58,90.85,75.71,90.85,0.118,4042,6.1,13.1,Dwyane Wade
1863,Earl,1610612743,DEN,28.0,82,43,39,0.524,1838.3316666666667,321,766,0.419,55,171,0.322,142,162,0.877,42,101,143,295,100,51,3,31,84,0,839,8,1515.1,1,0,1440.0,1,2003-04,22.4,100.5,100.5,100.5,100.6,100.6,100.6,-0.1,-0.1,-0.1,0.285,2.95,24.0,0.022,0.055,0.038,8.1,8.1,0.455,0.501,0.219,0.224,95.76,95.79,79.82,95.79,0.117,3675,3.9,9.3,Earl Boykins
2248,Earl,1610612763,MEM,25.0,81,50,31,0.617,1673.0,172,464,0.371,26,106,0.245,90,138,0.652,49,129,178,402,146,91,19,28,175,0,460,197,1460.6,2,0,1286.0,1,2003-04,20.7,99.7,99.2,99.2,93.0,92.6,92.6,6.7,6.5,6.5,0.393,2.75,37.4,0.03,0.079,0.054,13.6,13.6,0.399,0.438,0.181,0.185,91.44,91.9,76.58,91.9,0.1,3197,2.1,5.7,Earl Watson
2109,Eddie,1610612757,POR,25.0,22,12,10,0.545,153.23166666666663,15,36,0.417,3,8,0.375,17,20,0.85,4,13,17,16,12,9,1,2,16,0,50,-24,112.4,0,0,106.0,1,2003-04,7.0,97.6,91.5,91.5,100.9,101.8,101.8,-3.4,-10.2,-10.2,0.219,1.33,22.2,0.032,0.096,0.065,16.7,16.5,0.458,0.558,0.176,0.191,85.81,88.18,73.48,88.18,0.092,284,0.7,1.6,Eddie Gill
2067,Eddie,1610612746,LAC,26.0,60,16,44,0.267,1181.215,161,449,0.359,51,136,0.375,36,45,0.8,28,110,138,148,63,65,4,15,92,0,409,-200,940.6,1,0,884.0,1,2003-04,19.7,97.8,98.1,98.1,107.2,106.7,106.7,-9.4,-8.6,-8.6,0.228,2.35,21.8,0.023,0.098,0.059,9.3,9.3,0.415,0.436,0.198,0.202,92.8,92.87,77.39,92.87,0.082,2284,2.7,7.5,Eddie House
224,Eddie,1610612748,MIA,32.0,81,42,39,0.519,3000.98,473,1156,0.409,177,479,0.37,278,333,0.835,38,270,308,258,129,92,34,42,226,1,1401,85,2406.6,1,0,2396.0,1,2003-04,37.0,100.2,101.1,101.1,98.9,99.6,99.6,1.3,1.5,1.5,0.16,2.0,15.5,0.013,0.095,0.053,7.7,7.6,0.486,0.538,0.219,0.225,90.54,89.83,74.86,89.83,0.112,5618,5.8,14.3,Eddie Jones
1944,Eddie,1610612741,CHI,28.0,51,15,36,0.294,1022.5866666666668,157,326,0.482,1,5,0.2,28,43,0.651,27,77,104,58,45,33,10,5,57,0,343,-73,638.8,0,0,592.0,1,2003-04,20.1,97.2,97.3,97.3,100.4,100.5,100.5,-3.2,-3.2,-3.2,0.097,1.29,13.0,0.026,0.074,0.05,10.1,10.0,0.483,0.497,0.168,0.171,95.03,94.89,79.07,94.89,0.079,2017,3.1,6.4,Eddie Robinson
2201,Eddy,1610612741,CHI,21.0,73,20,53,0.274,2158.2633333333333,417,840,0.496,1,1,1.0,235,350,0.671,143,308,451,68,177,24,83,97,258,3,1070,-296,1857.2,10,0,1804.0,1,2003-04,29.6,95.2,96.3,96.3,101.5,102.6,102.6,-6.3,-6.3,-6.3,0.061,0.38,5.5,0.067,0.138,0.103,14.3,14.3,0.497,0.538,0.244,0.246,94.46,93.41,77.84,93.41,0.092,4184,5.7,11.5,Eddy Curry
2059,Eduardo,1610612742,DAL,27.0,58,35,23,0.603,720.04,72,162,0.444,2,4,0.5,30,46,0.652,67,89,156,25,29,35,19,16,90,0,176,49,533.7,1,0,467.0,1,2003-04,12.4,106.2,103.8,103.8,100.6,100.1,100.1,5.5,3.8,3.8,0.051,0.86,10.5,0.085,0.122,0.103,12.2,12.3,0.451,0.483,0.125,0.129,94.31,95.63,79.69,95.63,0.06,1432,1.2,2.8,Eduardo Najera
922,Elden,1610612765,DET,35.0,65,42,23,0.646,898.415,138,314,0.439,0,0,0.0,85,124,0.685,52,157,209,45,63,21,50,25,137,0,361,77,829.3,0,0,757.0,1,2003-04,13.8,99.9,100.3,100.3,94.9,95.4,95.4,5.0,4.9,4.9,0.089,0.71,9.4,0.063,0.178,0.122,13.1,13.2,0.439,0.49,0.226,0.228,90.49,90.08,75.07,90.08,0.084,1683,2.1,4.8,Elden Campbell
1882,Elton,1610612746,LAC,25.0,69,22,47,0.319,2675.2166666666667,484,982,0.493,0,1,0.0,411,532,0.773,269,445,714,227,193,64,154,62,229,2,1379,-222,3037.3,40,0,2756.0,1,2003-04,38.8,101.5,103.1,103.1,107.0,107.4,107.4,-5.5,-4.4,-4.4,0.157,1.18,13.8,0.101,0.17,0.135,11.8,11.8,0.493,0.567,0.23,0.232,94.07,93.13,77.61,93.13,0.148,5193,7.0,14.2,Elton Brand
15,Eric,1610612745,HOU,33.0,49,22,27,0.449,702.0833333333334,72,191,0.377,43,122,0.352,14,16,0.875,10,63,73,26,29,16,5,6,42,0,201,-14,361.6,0,0,385.0,1,2003-04,14.3,93.7,92.7,92.7,94.9,94.4,94.4,-1.2,-1.7,-1.7,0.069,0.9,10.3,0.014,0.089,0.052,11.5,11.5,0.49,0.507,0.15,0.156,88.09,88.78,73.98,88.78,0.068,1303,1.5,3.9,Eric Piatkowski
727,Eric,1610612755,PHI,31.0,82,33,49,0.402,2976.185,295,715,0.413,2,18,0.111,252,316,0.797,62,219,281,563,187,97,6,61,213,0,844,-117,2147.7,10,0,1896.0,1,2003-04,36.3,96.5,97.8,97.8,99.3,99.8,99.8,-2.8,-2.0,-2.0,0.323,3.01,35.1,0.022,0.077,0.05,11.6,11.7,0.414,0.494,0.163,0.165,90.47,89.6,74.67,89.6,0.1,5552,3.6,8.7,Eric Snow
677,Eric,1610612739,CLE,31.0,71,38,33,0.535,1881.35,231,598,0.386,35,127,0.276,215,283,0.76,65,221,286,120,88,70,9,45,180,0,712,89,1384.2,2,0,1311.0,2,2003-04,26.5,101.5,102.3,102.3,98.7,99.5,99.5,2.8,2.8,2.8,0.105,1.36,12.9,0.033,0.112,0.073,9.4,9.5,0.416,0.493,0.191,0.194,94.1,93.39,77.83,93.39,0.078,3653,3.3,8.4,Eric Williams
956,Erick,1610612744,GSW,28.0,74,33,41,0.446,2407.9933333333333,348,650,0.535,0,2,0.0,217,332,0.654,344,543,887,60,131,33,137,59,227,0,913,-49,2446.4,42,0,2200.0,1,2003-04,32.5,99.4,99.8,99.8,99.8,100.8,100.8,-0.4,-1.0,-1.0,0.044,0.46,6.0,0.144,0.224,0.184,13.2,13.3,0.535,0.573,0.177,0.178,91.5,90.87,75.72,90.87,0.138,4557,4.7,8.8,Erick Dampier
1065,Erick,1610612749,MIL,30.0,43,21,22,0.488,572.96,79,196,0.403,29,66,0.439,44,51,0.863,13,58,71,90,54,26,2,10,63,0,231,52,481.2,0,0,477.0,1,2003-04,13.3,106.3,106.5,106.5,101.9,101.8,101.8,4.4,4.6,4.6,0.248,1.67,24.9,0.023,0.102,0.063,15.0,14.9,0.477,0.529,0.209,0.215,95.7,95.63,79.69,95.63,0.091,1141,1.8,4.6,Erick Strickland
911,Ervin,1610612750,MIN,36.0,66,49,17,0.742,969.4683333333334,55,103,0.534,0,1,0.0,17,28,0.607,61,171,232,24,30,27,43,11,156,1,127,103,621.4,0,0,523.0,1,2003-04,14.7,101.9,101.9,101.9,94.9,96.1,96.1,7.0,5.8,5.8,0.033,0.8,14.1,0.071,0.169,0.124,17.6,17.7,0.534,0.551,0.071,0.072,91.86,91.3,76.08,91.3,0.049,1842,0.8,1.6,Ervin Johnson
2041,Etan,1610612764,WAS,26.0,79,25,54,0.316,1899.753333333333,257,526,0.489,0,0,0.0,191,295,0.647,183,345,528,68,113,36,123,63,219,2,705,-303,1804.6,12,0,1619.0,1,2003-04,24.0,94.2,94.6,94.6,102.8,102.7,102.7,-8.6,-8.1,-8.1,0.066,0.6,8.1,0.093,0.185,0.138,13.4,13.5,0.489,0.538,0.177,0.178,95.54,95.41,79.51,95.41,0.105,3777,3.3,6.7,Etan Thomas
2436,Flip,1610612760,SEA,24.0,82,37,45,0.451,2025.1033333333328,389,915,0.425,67,229,0.293,168,235,0.715,45,159,204,205,149,81,28,70,158,0,1013,-143,1743.3,2,0,1707.0,1,2003-04,24.7,101.1,101.0,101.0,104.7,105.0,105.0,-3.7,-4.0,-4.0,0.185,1.38,14.9,0.023,0.079,0.051,10.8,10.9,0.462,0.497,0.262,0.266,93.73,93.62,78.02,93.62,0.092,3957,4.7,11.2,Flip Murray
1922,Francisco,1610612743,DEN,28.0,62,36,26,0.581,876.2216666666667,94,199,0.472,0,1,0.0,30,45,0.667,65,138,203,32,35,35,39,17,145,0,218,-39,696.6,1,0,601.0,1,2003-04,14.1,95.3,95.6,95.6,96.6,96.5,96.5,-1.3,-1.0,-1.0,0.06,0.91,11.2,0.072,0.155,0.113,12.2,12.2,0.472,0.498,0.127,0.13,94.75,94.63,78.86,94.63,0.071,1716,1.5,3.2,Francisco Elson
2421,Frank,1610612752,NYK,24.0,56,26,30,0.464,712.6433333333333,80,208,0.385,18,60,0.3,41,48,0.854,8,45,53,121,63,25,6,17,58,0,219,62,494.1,0,0,473.0,1,2003-04,12.7,100.2,99.5,99.5,95.5,93.8,93.8,4.6,5.7,5.7,0.277,1.92,29.1,0.013,0.062,0.039,15.1,15.2,0.428,0.478,0.196,0.198,89.2,90.29,75.24,90.29,0.079,1333,1.4,3.7,Frank Williams
697,Fred,1610612750,MIN,31.0,79,57,22,0.722,1795.6933333333334,178,383,0.465,76,172,0.442,98,116,0.845,21,247,268,109,44,66,10,10,136,0,530,132,1199.1,0,0,1135.0,1,2003-04,22.7,101.9,100.6,100.6,97.3,97.4,97.4,4.5,3.2,3.2,0.095,2.48,18.6,0.012,0.137,0.076,7.5,7.5,0.564,0.611,0.121,0.126,91.34,91.89,76.57,91.89,0.106,3448,2.3,4.8,Fred Hoiberg
2410,Fred,1610612754,IND,25.0,81,61,20,0.753,1499.8766666666668,123,311,0.395,27,89,0.303,124,149,0.832,25,101,126,173,73,65,18,20,132,0,397,27,983.7,0,0,889.0,1,2003-04,18.5,99.1,97.3,97.3,96.8,95.6,95.6,2.3,1.6,1.6,0.203,2.37,27.6,0.018,0.072,0.045,11.7,11.7,0.439,0.527,0.141,0.145,88.52,89.93,74.94,89.93,0.081,2800,1.5,3.8,Fred Jones
56,Gary,1610612747,LAL,35.0,82,56,26,0.683,2836.045,482,1024,0.471,55,165,0.333,180,252,0.714,72,270,342,449,151,96,19,65,169,2,1199,329,2476.9,6,1,2275.0,1,2003-04,34.6,104.6,105.2,105.2,98.8,99.9,99.9,5.8,5.4,5.4,0.259,2.97,25.8,0.025,0.092,0.059,8.7,8.7,0.498,0.528,0.2,0.202,95.76,94.96,79.13,94.96,0.121,5624,5.9,12.5,Gary Payton
718,Gary,1610612750,MIN,29.0,68,45,23,0.662,1022.24,155,328,0.473,0,6,0.0,69,91,0.758,83,133,216,49,54,12,17,30,129,0,379,-93,744.7,2,0,702.0,1,2003-04,15.0,99.4,98.7,98.7,103.7,103.4,103.4,-4.3,-4.6,-4.6,0.081,0.91,10.5,0.084,0.131,0.108,11.5,11.5,0.473,0.515,0.187,0.194,91.54,92.03,76.69,92.03,0.076,1959,2.3,4.8,Gary Trent
248,George,1610612740,NOH,33.0,78,39,39,0.5,1690.7916666666667,149,375,0.397,43,139,0.309,34,51,0.667,96,216,312,117,64,48,18,25,159,0,375,-130,1058.9,1,0,979.0,1,2003-04,21.7,97.2,97.2,97.2,100.0,100.0,100.0,-2.8,-2.8,-2.8,0.114,1.83,20.2,0.055,0.132,0.093,11.1,11.1,0.455,0.472,0.124,0.126,91.2,91.2,76.0,91.2,0.068,3193,1.9,4.8,George Lynch
2222,Gerald,1610612758,SAC,21.0,37,24,13,0.649,335.7266666666667,32,89,0.36,0,2,0.0,11,24,0.458,35,39,74,19,8,14,14,9,37,0,75,-32,268.3,1,0,224.0,1,2003-04,9.1,96.0,94.4,94.4,98.6,98.5,98.5,-2.6,-4.1,-4.1,0.09,2.38,15.0,0.096,0.116,0.105,6.3,6.3,0.36,0.377,0.138,0.142,93.27,94.15,78.46,94.15,0.059,656,0.9,2.4,Gerald Wallace
2240,Gilbert,1610612764,WAS,22.0,55,17,38,0.309,2066.5116666666668,358,914,0.392,125,333,0.375,237,317,0.748,55,199,254,275,226,103,12,46,176,0,1078,-197,1914.3,7,3,1962.0,1,2003-04,37.6,98.3,99.5,99.5,103.9,104.1,104.1,-5.5,-4.6,-4.6,0.244,1.22,17.7,0.025,0.097,0.06,14.5,14.5,0.46,0.512,0.265,0.268,95.87,95.22,79.35,95.22,0.1,4096,6.5,16.6,Gilbert Arenas
779,Glen,1610612746,LAC,37.0,18,7,11,0.389,260.50666666666666,22,76,0.289,5,28,0.179,17,17,1.0,9,32,41,24,13,6,0,2,22,0,66,25,156.2,0,0,148.0,1,2003-04,14.5,99.2,100.2,100.2,98.2,96.4,96.4,0.9,3.8,3.8,0.151,1.85,19.8,0.035,0.117,0.077,10.7,10.8,0.322,0.395,0.163,0.165,91.17,91.58,76.31,91.58,0.062,500,1.2,4.2,Glen Rice
299,Glenn,1610612755,PHI,31.0,42,13,29,0.31,1344.84,275,614,0.448,34,100,0.34,114,137,0.832,46,143,189,57,106,42,9,24,96,0,698,-117,1057.3,2,0,1080.0,1,2003-04,32.0,96.4,98.0,98.0,102.6,102.5,102.5,-6.2,-4.5,-4.5,0.085,0.54,6.9,0.036,0.108,0.073,12.8,12.7,0.476,0.518,0.262,0.267,92.38,91.71,76.43,91.71,0.098,2569,6.5,14.6,Glenn Robinson
1921,Gordan,1610612762,UTA,27.0,73,30,43,0.411,2041.4566666666667,316,724,0.436,60,152,0.395,135,158,0.854,51,175,226,122,103,56,15,40,144,0,827,-78,1391.2,1,0,1377.0,2,2003-04,28.0,101.5,101.7,101.7,103.8,104.0,104.0,-2.3,-2.3,-2.3,0.104,1.18,12.0,0.025,0.089,0.057,10.1,10.1,0.478,0.521,0.196,0.201,92.98,92.77,77.31,92.77,0.083,3952,4.3,9.9,Gordan Giricek
1761,Greg,1610612755,PHI,27.0,53,21,32,0.396,697.27,66,175,0.377,12,44,0.273,20,27,0.741,28,75,103,45,34,21,4,9,77,0,164,-64,396.1,1,0,374.0,1,2003-04,13.2,95.1,93.9,93.9,97.2,97.0,97.0,-2.1,-3.0,-3.0,0.115,1.32,16.9,0.041,0.106,0.075,12.7,12.8,0.411,0.439,0.146,0.15,91.12,91.8,76.5,91.8,0.051,1321,1.2,3.3,Greg Buckner
731,Greg,1610612762,UTA,31.0,78,39,39,0.5,2153.2366666666667,208,437,0.476,0,1,0.0,113,195,0.579,221,357,578,123,99,30,139,61,228,1,529,13,1815.1,11,0,1568.0,1,2003-04,27.6,98.5,100.3,100.3,99.1,99.1,99.1,-0.6,1.2,1.2,0.096,1.24,16.4,0.11,0.176,0.143,13.2,13.3,0.476,0.506,0.133,0.134,89.25,88.5,73.75,88.5,0.1,3953,2.7,5.6,Greg Ostertag
2045,Hedo,1610612759,SAS,25.0,80,56,24,0.7,2079.9866666666667,262,645,0.406,101,241,0.419,114,161,0.708,52,306,358,154,94,80,32,21,165,0,739,466,1641.6,2,0,1576.0,1,2003-04,26.0,102.5,102.0,102.0,89.8,90.2,90.2,12.7,11.7,11.7,0.122,1.64,16.0,0.025,0.145,0.086,9.7,9.8,0.484,0.516,0.177,0.181,91.0,91.02,75.85,91.02,0.111,3946,3.3,8.1,Hedo Turkoglu
2673,Hiram,1610612737,ATL,23.0,4,1,3,0.25,42.52666666666666,3,8,0.375,0,0,0.0,2,6,0.333,4,7,11,2,4,0,1,1,5,0,8,3,23.2,0,0,23.0,1,2003-04,10.6,81.9,80.7,80.7,78.9,78.0,78.0,3.0,2.7,2.7,0.095,0.5,11.8,0.069,0.132,0.099,23.5,24.0,0.375,0.376,0.144,0.147,91.94,93.12,77.6,93.12,0.021,83,0.8,2.0,Hiram Fuller
270,Horace,1610612747,LAL,38.0,55,37,18,0.673,1109.6766666666667,92,224,0.411,0,1,0.0,39,54,0.722,79,154,233,71,29,24,21,10,70,0,223,5,715.1,1,0,617.0,1,2003-04,20.2,102.4,101.8,101.8,100.8,101.5,101.5,1.6,0.3,0.3,0.098,2.45,20.3,0.07,0.151,0.108,8.3,8.3,0.411,0.45,0.113,0.115,92.4,92.33,76.94,92.33,0.083,2134,1.7,4.1,Horace Grant
458,Howard,1610612756,PHX,31.0,67,24,43,0.358,1459.4183333333333,166,451,0.368,52,163,0.319,76,89,0.854,20,109,129,273,98,56,5,30,137,0,460,-182,1109.3,2,0,1036.0,2,2003-04,21.8,96.4,96.8,96.8,102.2,102.5,102.5,-5.8,-5.8,-5.8,0.31,2.79,31.7,0.014,0.076,0.045,11.4,11.4,0.426,0.469,0.184,0.187,92.95,92.63,77.2,92.63,0.086,2807,2.5,6.7,Howard Eisley
93,Hubert,1610612751,NJN,34.0,17,12,5,0.706,76.53666666666666,1,11,0.091,0,1,0.0,2,2,1.0,2,6,8,4,3,2,0,1,12,0,4,7,22.6,0,0,20.0,2,2003-04,4.5,94.8,88.9,88.9,90.3,85.2,85.2,4.6,3.7,3.7,0.083,1.33,21.1,0.028,0.077,0.053,15.8,15.9,0.091,0.168,0.09,0.097,84.35,89.68,74.74,89.68,-0.048,144,0.1,0.6,Hubert Davis
2137,Ime,1610612747,LAL,26.0,4,1,3,0.25,28.016666666666666,3,9,0.333,0,1,0.0,2,4,0.5,1,4,5,2,3,2,1,0,3,0,8,-4,23.0,0,0,21.0,1,2003-04,7.0,88.0,90.0,90.0,105.6,98.0,98.0,-17.6,-8.0,-8.0,0.154,0.67,12.5,0.0,0.0,0.0,18.8,19.0,0.333,0.372,0.246,0.245,83.57,85.66,71.39,85.66,0.042,50,0.8,2.3,Ime Udoka
1956,Ira,1610612739,CLE,29.0,64,28,36,0.438,1245.415,108,276,0.391,2,19,0.105,36,46,0.783,65,90,155,72,54,25,19,13,109,0,254,-134,626.0,1,0,571.0,1,2003-04,19.5,98.5,99.0,99.0,103.2,104.6,104.6,-4.7,-5.6,-5.6,0.09,1.33,17.1,0.052,0.073,0.062,12.8,12.8,0.395,0.429,0.125,0.127,92.9,92.04,76.7,92.04,0.035,2388,1.7,4.3,Ira Newble
2452,J.R.,1610612744,GSW,23.0,36,11,25,0.306,438.3183333333333,43,158,0.272,19,74,0.257,13,20,0.65,9,27,36,51,24,18,4,9,32,0,118,-54,279.7,0,0,268.0,2,2003-04,12.2,91.5,93.0,93.0,101.1,98.5,98.5,-9.6,-5.5,-5.5,0.193,2.13,21.1,0.018,0.062,0.039,9.9,9.9,0.332,0.354,0.187,0.191,93.31,93.79,78.16,93.79,0.033,853,1.2,4.4,J.R. Bremer
2074,Jabari,1610612758,SAC,27.0,31,22,9,0.71,170.05166666666668,26,70,0.371,0,3,0.0,12,20,0.6,11,20,31,11,7,2,6,6,25,0,64,-45,134.7,0,0,122.0,1,2003-04,5.5,88.8,85.4,85.4,101.4,97.7,97.7,-12.6,-12.3,-12.3,0.133,1.57,11.3,0.059,0.114,0.086,7.2,7.2,0.371,0.406,0.213,0.224,95.13,98.79,82.33,98.79,0.043,349,0.8,2.3,Jabari Smith
1521,Jacque,1610612737,ATL,29.0,71,21,50,0.296,1265.0566666666666,107,277,0.386,3,20,0.15,53,68,0.779,12,104,116,195,84,44,2,12,126,1,270,-248,755.7,0,0,676.0,1,2003-04,17.8,93.4,92.3,92.3,103.2,101.6,101.6,-9.8,-9.3,-9.3,0.256,2.32,33.5,0.01,0.083,0.047,14.4,14.3,0.392,0.44,0.137,0.143,92.75,93.98,78.32,93.98,0.061,2468,1.5,3.9,Jacque Vaughn
1751,Jahidi,1610612756,PHX,28.0,62,21,41,0.339,867.875,99,190,0.521,0,0,0.0,63,126,0.5,97,164,261,7,66,25,51,28,176,0,261,-119,746.7,2,0,681.0,2,2003-04,14.0,95.5,95.2,95.2,100.9,101.0,101.0,-5.4,-5.8,-5.8,0.013,0.11,2.2,0.111,0.183,0.148,20.6,20.7,0.521,0.532,0.159,0.161,95.0,95.07,79.23,95.07,0.053,1709,1.6,3.1,Jahidi White
2054,Jake,1610612763,MEM,25.0,40,25,15,0.625,531.66,67,133,0.504,0,0,0.0,36,61,0.59,37,91,128,18,23,9,22,12,79,1,170,-23,420.6,0,0,378.0,1,2003-04,13.3,101.6,101.5,101.5,103.9,104.4,104.4,-2.3,-2.9,-2.9,0.054,0.78,8.9,0.071,0.184,0.126,11.4,11.5,0.504,0.532,0.152,0.155,94.8,94.57,78.81,94.57,0.069,1051,1.7,3.3,Jake Tsakalidis
2063,Jake,1610612756,PHX,26.0,66,22,44,0.333,1598.65,152,300,0.507,0,0,0.0,134,181,0.74,123,220,343,57,77,42,25,47,258,1,438,-56,1059.1,1,0,972.0,1,2003-04,24.2,99.7,100.6,100.6,100.7,100.8,100.8,-1.0,-0.2,-0.2,0.053,0.74,11.0,0.076,0.141,0.108,14.9,15.0,0.507,0.577,0.128,0.129,95.64,95.15,79.29,95.15,0.058,3144,2.3,4.5,Jake Voskuhl
147,Jalen,1610612761,TOR,31.0,66,26,40,0.394,2511.9466666666667,383,952,0.402,69,202,0.342,187,231,0.81,34,232,266,329,208,51,22,39,184,0,1022,-123,1845.7,2,0,1832.0,2,2003-04,38.1,97.3,97.9,97.9,99.8,100.5,100.5,-2.5,-2.6,-2.6,0.236,1.58,20.8,0.014,0.093,0.054,13.1,13.1,0.439,0.485,0.232,0.235,92.22,91.58,76.32,91.58,0.089,4794,5.8,14.4,Jalen Rose
2048,Jamaal,1610612740,NOH,26.0,82,41,41,0.5,2794.248333333333,383,809,0.473,0,1,0.0,353,470,0.751,268,579,847,86,201,43,101,87,278,6,1119,-44,2495.4,45,0,2340.0,1,2003-04,34.1,98.9,100.6,100.6,100.4,101.1,101.1,-1.4,-0.5,-0.5,0.055,0.43,6.5,0.095,0.214,0.153,15.3,15.4,0.473,0.551,0.201,0.201,91.27,90.19,75.15,90.19,0.116,5240,4.7,9.9,Jamaal Magloire
2224,Jamaal,1610612754,IND,26.0,52,40,12,0.769,1376.065,153,370,0.414,77,207,0.372,49,67,0.731,28,108,136,303,110,84,17,10,132,1,432,337,1242.7,4,0,1150.0,1,2003-04,26.5,105.3,105.5,105.5,91.8,92.8,92.8,13.5,12.6,12.6,0.356,2.75,37.2,0.021,0.082,0.051,13.5,13.5,0.518,0.541,0.17,0.172,91.87,91.32,76.1,91.32,0.113,2621,2.9,7.1,Jamaal Tinsley
2037,Jamal,1610612741,CHI,24.0,80,23,57,0.288,2813.71,509,1318,0.386,165,521,0.317,200,240,0.833,46,237,283,405,193,111,29,46,161,0,1383,-324,2557.1,2,0,2516.0,1,2003-04,35.2,94.8,95.9,95.9,100.6,101.7,101.7,-5.8,-5.7,-5.7,0.27,2.1,20.2,0.015,0.083,0.048,9.6,9.5,0.449,0.486,0.252,0.257,94.42,93.39,77.83,93.39,0.111,5469,6.4,16.5,Jamal Crawford
469,Jamal,1610612740,NOH,31.0,19,8,11,0.421,729.6833333333333,156,398,0.392,19,67,0.284,65,80,0.813,19,98,117,47,37,14,5,31,42,0,396,28,626.9,3,0,617.0,1,2003-04,38.4,102.3,103.4,103.4,101.4,101.6,101.6,0.9,1.8,1.8,0.123,1.27,9.1,0.026,0.13,0.079,7.2,7.2,0.416,0.457,0.289,0.293,92.15,91.6,76.33,91.6,0.098,1394,8.2,20.9,Jamal Mashburn
2441,Jamal,1610612747,LAL,21.0,10,5,5,0.5,130.67833333333334,11,23,0.478,0,0,0.0,7,12,0.583,23,29,52,7,6,2,4,1,16,0,29,-24,113.9,0,0,100.0,1,2003-04,13.1,88.2,86.6,86.6,95.4,95.7,95.7,-7.2,-9.1,-9.1,0.093,1.17,16.7,0.145,0.225,0.181,14.3,14.5,0.478,0.513,0.115,0.116,92.42,93.11,77.6,93.11,0.114,253,1.1,2.3,Jamal Sampson
2592,James,1610612754,IND,23.0,6,3,3,0.5,26.015,2,9,0.222,1,4,0.25,2,2,1.0,0,2,2,0,0,1,0,2,1,0,7,-3,12.4,0,0,12.0,1,2003-04,4.3,89.9,83.0,83.0,99.9,95.9,95.9,-10.0,-12.9,-12.9,0.0,0.0,0.0,0.0,0.0,0.0,0.0,0.0,0.278,0.354,0.182,0.194,88.53,94.1,78.42,94.1,0.032,53,0.3,1.5,James Jones
1899,James,1610612763,MEM,27.0,82,50,32,0.61,2442.6966666666667,368,770,0.478,112,290,0.386,278,335,0.83,92,311,403,122,112,137,40,54,248,0,1126,151,2211.6,5,0,2117.0,1,2003-04,29.8,103.5,103.8,103.8,99.8,100.7,100.7,3.7,3.1,3.1,0.083,1.09,10.7,0.038,0.133,0.085,9.8,9.7,0.551,0.614,0.187,0.192,93.32,92.78,77.32,92.78,0.122,4723,4.5,9.4,James Posey
2249,Jamison,1610612754,IND,23.0,13,10,3,0.769,162.28666666666666,13,35,0.371,5,14,0.357,1,6,0.167,2,9,11,17,10,7,0,5,9,0,32,21,81.7,0,0,79.0,1,2003-04,12.5,94.7,90.4,90.4,86.0,84.1,84.1,8.7,6.2,6.2,0.179,1.7,26.2,0.013,0.06,0.036,15.4,15.5,0.443,0.425,0.134,0.141,88.61,91.69,76.41,91.69,0.052,311,1.0,2.7,Jamison Brewer
2457,Jannero,1610612741,CHI,24.0,31,14,17,0.452,477.2116666666666,81,199,0.407,22,62,0.355,23,27,0.852,8,29,37,70,47,13,6,7,50,0,207,-62,366.4,0,0,374.0,3,2003-04,15.4,94.6,94.9,94.9,102.4,101.0,101.0,-7.8,-6.2,-6.2,0.268,1.49,21.5,0.016,0.061,0.038,14.4,14.3,0.462,0.491,0.232,0.237,97.33,97.87,81.56,97.87,0.077,972,2.6,6.4,Jannero Pargo
2407,Jared,1610612764,WAS,22.0,82,25,57,0.305,1917.2016666666664,178,470,0.379,6,31,0.194,105,171,0.614,180,244,424,93,107,48,28,47,212,0,467,-172,1236.3,4,0,1142.0,1,2003-04,23.4,95.7,95.5,95.5,99.8,99.7,99.7,-4.1,-4.2,-4.2,0.083,0.87,12.4,0.088,0.13,0.108,14.3,14.4,0.385,0.428,0.146,0.149,94.53,94.63,78.85,94.63,0.05,3772,2.2,5.7,Jared Jeffries
2260,Jarron,1610612762,UTA,25.0,81,41,40,0.506,1731.1233333333332,147,295,0.498,0,1,0.0,188,262,0.718,117,199,316,77,79,26,18,35,255,2,482,-131,1029.7,0,0,963.0,1,2003-04,21.4,96.8,97.5,97.5,101.3,100.9,100.9,-4.5,-3.4,-3.4,0.078,0.97,13.4,0.071,0.132,0.1,13.8,14.0,0.498,0.587,0.131,0.132,89.62,89.5,74.59,89.5,0.069,3217,1.8,3.6,Jarron Collins
2553,Jarvis,1610612764,WAS,22.0,70,23,47,0.329,2043.9633333333331,278,695,0.4,40,131,0.305,77,98,0.786,71,193,264,106,110,71,11,45,157,0,673,-296,1284.8,2,0,1247.0,1,2003-04,29.2,94.2,94.4,94.4,101.4,101.2,101.2,-7.2,-6.8,-6.8,0.092,0.96,11.1,0.033,0.096,0.064,11.5,11.5,0.429,0.456,0.182,0.186,94.8,94.83,79.02,94.83,0.061,4028,4.0,9.9,Jarvis Hayes
2044,Jason,1610612737,ATL,26.0,20,8,12,0.4,546.4766666666667,79,165,0.479,1,4,0.25,67,85,0.788,36,75,111,17,31,11,11,11,71,0,226,26,419.7,1,0,399.0,1,2003-04,27.3,107.2,106.9,106.9,105.2,103.8,103.8,2.0,3.1,3.1,0.051,0.55,6.7,0.068,0.138,0.103,12.3,12.4,0.482,0.558,0.189,0.192,94.37,95.17,79.31,95.17,0.079,1080,4.0,8.3,Jason Collier
2215,Jason,1610612751,NJN,25.0,78,44,34,0.564,2224.675,163,384,0.424,0,2,0.0,136,184,0.739,143,257,400,153,97,67,56,47,251,0,462,266,1443.5,3,0,1261.0,1,2003-04,28.5,100.0,100.4,100.4,93.2,93.8,93.8,6.8,6.6,6.6,0.105,1.58,21.3,0.069,0.121,0.095,13.5,13.6,0.424,0.497,0.118,0.12,91.44,90.95,75.8,90.95,0.062,4210,2.1,4.9,Jason Collins
2078,Jason,1610612759,SAS,26.0,53,42,11,0.792,662.7616666666667,71,159,0.447,2,9,0.222,33,43,0.767,10,69,79,81,29,28,5,13,59,0,177,129,463.3,0,0,405.0,1,2003-04,12.5,98.0,95.4,95.4,87.1,85.8,85.8,10.9,9.6,9.6,0.211,2.79,28.1,0.016,0.095,0.058,10.1,10.1,0.453,0.497,0.14,0.147,90.97,92.92,77.43,92.92,0.105,1286,1.3,3.0,Jason Hart
2574,Jason,1610612739,CLE,23.0,41,16,25,0.39,423.325,52,129,0.403,21,44,0.477,20,24,0.833,19,36,55,14,21,13,2,4,41,0,145,-60,256.0,0,0,265.0,1,2003-04,10.3,91.5,89.6,89.6,99.0,97.2,97.2,-7.5,-7.5,-7.5,0.06,0.67,8.0,0.043,0.083,0.063,12.0,12.0,0.484,0.519,0.165,0.17,93.92,95.81,79.84,95.81,0.063,847,1.3,3.1,Jason Kapono
467,Jason,1610612751,NJN,31.0,67,41,26,0.612,2463.9533333333334,368,959,0.384,94,293,0.321,206,249,0.827,85,343,428,618,214,122,14,41,110,0,1036,362,2670.6,34,9,2448.0,1,2003-04,36.8,100.9,101.6,101.6,93.1,93.9,93.9,7.8,7.8,7.8,0.422,2.89,32.7,0.035,0.143,0.089,11.3,11.3,0.433,0.485,0.235,0.24,93.63,92.9,77.42,92.9,0.157,4765,5.5,14.3,Jason Kidd
2202,Jason,1610612744,GSW,23.0,78,35,43,0.449,2940.483333333333,563,1284,0.438,77,273,0.282,258,377,0.684,124,400,524,226,196,86,41,80,182,0,1461,0,2613.8,11,0,2542.0,1,2003-04,37.7,100.8,101.2,101.2,101.1,101.9,101.9,-0.3,-0.7,-0.7,0.143,1.15,12.1,0.042,0.136,0.089,10.5,10.5,0.468,0.504,0.252,0.256,92.31,91.76,76.47,91.76,0.113,5640,7.2,16.5,Jason Richardson
1891,Jason,1610612737,ATL,26.0,81,27,54,0.333,3013.248333333333,499,1196,0.417,146,421,0.347,215,260,0.827,49,287,336,437,229,124,16,50,192,0,1359,-223,2608.7,5,0,2558.0,1,2003-04,37.2,100.2,100.6,100.6,104.2,104.7,104.7,-4.0,-4.1,-4.1,0.261,1.91,22.2,0.017,0.094,0.056,11.6,11.6,0.478,0.519,0.226,0.231,93.87,93.49,77.91,93.49,0.111,5878,6.2,14.8,Jason Terry
1715,Jason,1610612763,MEM,28.0,72,42,30,0.583,2111.235,290,713,0.407,120,364,0.33,82,98,0.837,25,122,147,492,136,92,5,13,97,0,782,-2,1851.4,14,0,1735.0,1,2003-04,29.3,104.2,105.2,105.2,104.4,105.3,105.3,-0.2,-0.1,-0.1,0.365,3.62,35.8,0.012,0.058,0.035,9.9,9.8,0.491,0.517,0.183,0.187,96.05,95.14,79.28,95.14,0.115,4185,4.0,9.9,Jason Williams
1902,Jeff,1610612754,IND,27.0,82,61,21,0.744,1953.2133333333331,197,362,0.544,0,4,0.0,103,154,0.669,248,362,610,64,60,71,27,42,189,1,497,449,1559.0,8,0,1367.0,1,2003-04,23.8,103.5,104.0,104.0,90.9,91.6,91.6,12.6,12.5,12.5,0.051,1.07,11.6,0.132,0.194,0.163,10.9,10.8,0.544,0.578,0.115,0.117,90.68,90.17,75.14,90.17,0.113,3665,2.4,4.4,Jeff Foster
976,Jeff,1610612739,CLE,29.0,70,37,33,0.529,2377.4366666666665,334,747,0.447,46,127,0.362,114,143,0.797,33,143,176,430,120,72,6,38,163,0,828,4,1798.2,7,0,1636.0,2,2003-04,34.0,102.8,103.8,103.8,103.2,103.9,103.9,-0.5,-0.1,-0.1,0.29,3.58,31.7,0.014,0.062,0.038,8.8,8.8,0.478,0.511,0.176,0.179,91.6,90.87,75.73,90.87,0.097,4506,4.8,10.7,Jeff McInnis
2244,Jeff,1610612743,DEN,24.0,11,5,6,0.455,96.71333333333334,10,38,0.263,2,4,0.5,3,6,0.5,6,9,15,4,6,3,0,5,7,0,25,-24,52.0,0,0,52.0,1,2003-04,8.8,86.5,84.0,84.0,100.4,95.5,95.5,-13.9,-11.5,-11.5,0.075,0.67,7.8,0.054,0.094,0.072,11.8,11.8,0.289,0.308,0.204,0.215,95.61,99.51,82.93,99.51,0.0,200,0.9,3.5,Jeff Trepagnier
1741,Jelani,1610612739,CLE,26.0,2,0,2,0.0,13.25,0,0,0.0,0,0,0.0,0,0,0.0,1,3,4,0,1,0,0,0,4,0,0,-9,3.8,0,0,4.0,1,2003-04,6.6,52.6,54.8,54.8,90.9,86.7,86.7,-38.3,-31.8,-31.8,0.0,0.0,0.0,0.071,0.2,0.138,100.0,100.0,0.0,0.0,0.029,0.03,110.35,110.49,92.08,110.49,-0.071,31,0.0,0.0,Jelani McCoy
979,Jermaine,1610612754,IND,25.0,78,57,21,0.731,2788.958333333333,608,1400,0.434,2,18,0.111,348,460,0.757,193,585,778,164,181,59,199,162,248,1,1566,445,3338.6,44,0,3026.0,1,2003-04,35.8,102.4,103.6,103.6,94.1,95.5,95.5,8.3,8.1,8.1,0.119,0.91,8.4,0.071,0.221,0.146,9.2,9.3,0.435,0.489,0.298,0.3,90.17,88.99,74.16,88.99,0.149,5183,7.8,17.9,Jermaine O'Neal
2602,Jerome,1610612748,MIA,24.0,2,0,2,0.0,5.116666666666666,1,3,0.333,0,0,0.0,0,0,0.0,0,1,1,0,0,0,0,1,0,0,2,4,3.2,0,0,3.0,1,2003-04,2.6,102.2,91.7,91.7,61.8,58.3,58.3,40.4,33.3,33.3,0.0,0.0,0.0,0.0,0.0,0.0,0.0,0.0,0.333,0.333,0.25,0.279,103.57,112.57,93.81,112.57,0.074,12,0.5,1.5,Jerome Beasley
1744,Jerome,1610612760,SEA,28.0,65,32,33,0.492,992.1883333333334,129,259,0.498,0,0,0.0,66,100,0.66,78,152,230,32,82,20,60,18,180,0,324,48,806.0,0,0,746.0,1,2003-04,15.3,104.1,103.9,103.9,101.1,101.3,101.3,3.0,2.5,2.5,0.053,0.39,7.7,0.083,0.153,0.119,19.7,19.7,0.498,0.535,0.18,0.184,91.07,91.1,75.91,91.1,0.055,1883,2.0,4.0,Jerome James
2040,Jerome,1610612761,TOR,26.0,35,15,20,0.429,415.1983333333333,40,84,0.476,0,1,0.0,22,38,0.579,41,72,113,8,25,17,12,5,42,0,102,-25,311.6,2,0,281.0,1,2003-04,11.9,88.7,86.0,86.0,92.0,89.3,89.3,-3.3,-3.4,-3.4,0.037,0.32,5.9,0.099,0.174,0.136,18.5,18.7,0.476,0.506,0.145,0.15,86.19,88.84,74.04,88.84,0.104,769,1.1,2.4,Jerome Moiso
966,Jerome,1610612741,CHI,31.0,68,22,46,0.324,1623.8283333333334,158,336,0.47,0,8,0.0,106,155,0.684,177,298,475,72,74,90,8,30,134,1,422,-212,1320.0,8,0,1165.0,2,2003-04,23.9,92.9,93.8,93.8,99.6,99.9,99.9,-6.7,-6.1,-6.1,0.076,0.97,13.1,0.104,0.195,0.147,13.5,13.4,0.47,0.522,0.133,0.135,91.2,90.67,75.56,90.67,0.112,3055,2.3,4.9,Jerome Williams
711,Jerry,1610612764,WAS,29.0,26,8,18,0.308,774.885,128,321,0.399,23,65,0.354,83,103,0.806,16,78,94,103,88,24,3,22,49,0,362,-148,622.3,1,0,636.0,1,2003-04,29.8,100.0,100.1,100.1,109.4,110.3,110.3,-9.4,-10.2,-10.2,0.24,1.17,18.6,0.021,0.105,0.062,15.9,15.8,0.435,0.494,0.25,0.256,96.71,96.32,80.27,96.32,0.085,1560,4.9,12.3,Jerry Stackhouse
754,Jim,1610612745,HOU,33.0,80,43,37,0.538,3119.5516666666667,382,900,0.424,162,405,0.4,107,127,0.843,52,435,487,226,175,86,23,37,227,0,1033,148,2108.4,5,0,2126.0,1,2003-04,39.0,98.6,99.5,99.5,96.1,97.0,97.0,2.5,2.4,2.4,0.126,1.29,16.9,0.018,0.136,0.08,13.1,12.9,0.514,0.54,0.166,0.171,91.18,90.39,75.32,90.39,0.098,5877,4.8,11.3,Jim Jackson
2412,Jiri,1610612738,BOS,24.0,81,35,46,0.432,2185.285,262,612,0.428,69,181,0.381,153,206,0.743,60,236,296,183,129,101,7,46,176,0,746,-104,1570.7,1,0,1510.0,1,2003-04,27.0,99.3,98.9,98.9,100.7,101.0,101.0,-1.3,-2.1,-2.1,0.14,1.42,18.0,0.028,0.107,0.069,12.7,12.7,0.484,0.531,0.17,0.173,95.65,95.72,79.77,95.72,0.087,4352,3.2,7.6,Jiri Welsch
2207,Joe,1610612756,PHX,23.0,82,29,53,0.354,3333.8683333333333,555,1291,0.43,83,272,0.305,174,232,0.75,80,305,385,362,199,93,26,74,177,0,1367,-234,2530.0,4,0,2435.0,1,2003-04,40.7,99.7,100.7,100.7,102.6,103.9,103.9,-2.9,-3.2,-3.2,0.187,1.82,18.5,0.024,0.091,0.058,10.2,10.2,0.462,0.491,0.214,0.216,95.14,94.05,78.38,94.05,0.095,6519,6.8,15.7,Joe Johnson
693,Joe,1610612749,MIL,28.0,76,38,38,0.5,2258.603333333333,311,708,0.439,1,5,0.2,207,241,0.859,230,413,643,78,82,47,94,62,209,0,830,52,2059.6,20,0,1834.0,1,2003-04,29.7,102.9,103.6,103.6,101.8,102.1,102.1,1.1,1.4,1.4,0.055,0.95,8.0,0.102,0.183,0.142,8.4,8.4,0.44,0.51,0.177,0.179,93.67,93.2,77.67,93.2,0.107,4380,4.1,9.3,Joe Smith
2038,Joel,1610612737,ATL,24.0,17,5,12,0.294,345.3183333333333,18,50,0.36,0,0,0.0,13,31,0.419,32,79,111,7,18,5,17,7,53,0,49,-69,240.7,0,0,211.0,2,2003-04,20.3,94.4,95.5,95.5,104.5,104.3,104.3,-10.1,-8.8,-8.8,0.032,0.39,7.9,0.085,0.225,0.152,20.2,20.3,0.36,0.385,0.104,0.105,96.8,96.33,80.27,96.33,0.041,689,1.1,2.9,Joel Przybilla
2422,John,1610612755,PHI,24.0,77,32,45,0.416,1588.6,161,416,0.387,50,147,0.34,71,92,0.772,38,158,196,134,77,62,16,23,122,0,443,-97,1036.2,1,0,979.0,1,2003-04,20.6,95.9,94.5,94.5,98.2,97.5,97.5,-2.2,-3.0,-3.0,0.155,1.74,20.0,0.025,0.103,0.064,11.5,11.5,0.447,0.485,0.156,0.161,89.17,90.19,75.16,90.19,0.078,2981,2.1,5.4,John Salmons
961,John,1610612748,MIA,30.0,37,16,21,0.432,364.7766666666666,61,145,0.421,5,13,0.385,31,40,0.775,12,47,59,14,24,5,8,8,38,0,158,-66,264.8,0,0,262.0,1,2003-04,9.9,91.9,89.9,89.9,101.1,99.1,99.1,-9.3,-9.2,-9.2,0.083,0.58,7.0,0.033,0.135,0.082,12.0,12.0,0.438,0.486,0.23,0.24,89.57,91.45,76.21,91.45,0.083,694,1.6,3.9,John Wallace
468,Jon,1610612743,DEN,34.0,57,31,26,0.544,1090.2716666666668,120,297,0.404,51,138,0.37,60,71,0.845,25,98,123,147,53,57,8,7,66,0,351,20,861.1,1,0,802.0,1,2003-04,19.1,99.2,98.7,98.7,98.9,98.8,98.8,0.2,0.0,0.0,0.217,2.77,27.9,0.021,0.089,0.054,10.1,10.0,0.49,0.535,0.147,0.152,96.28,96.57,80.48,96.57,0.108,2204,2.1,5.2,Jon Barry
1886,Jonathan,1610612754,IND,23.0,21,17,4,0.81,269.0466666666667,50,106,0.472,9,22,0.409,39,47,0.83,9,31,40,9,33,5,11,6,23,0,148,-18,224.5,0,0,238.0,1,2003-04,12.8,100.4,98.4,98.4,102.0,102.8,102.8,-1.6,-4.3,-4.3,0.076,0.27,5.3,0.04,0.119,0.082,19.4,19.6,0.514,0.584,0.28,0.288,90.09,90.63,75.53,90.63,0.104,510,2.4,5.0,Jonathan Bender
2668,Josh,1610612737,ATL,23.0,4,2,2,0.5,22.348333333333333,2,5,0.4,0,2,0.0,1,1,1.0,1,4,5,0,2,0,0,0,3,0,5,-7,9.0,0,0,10.0,1,2003-04,5.6,87.5,91.7,91.7,111.8,100.0,100.0,-24.3,-8.3,-8.3,0.0,0.0,0.0,0.0,0.0,0.0,28.6,26.9,0.4,0.46,0.127,0.135,102.97,106.32,88.6,106.32,0.019,48,0.5,1.3,Josh Davis
2572,Josh,1610612742,DAL,24.0,67,40,27,0.597,1586.435,229,532,0.43,20,66,0.303,97,138,0.703,149,219,368,97,67,69,54,38,168,0,575,215,1464.1,4,0,1306.0,1,2003-04,23.7,113.0,112.5,112.5,104.8,105.3,105.3,8.2,7.2,7.2,0.085,1.45,12.8,0.091,0.139,0.115,8.8,8.9,0.449,0.485,0.178,0.181,95.63,95.63,79.69,95.63,0.082,3155,3.4,7.9,Josh Howard
2413,Juan,1610612764,WAS,25.0,71,20,51,0.282,1474.9433333333334,247,637,0.388,59,198,0.298,111,139,0.799,30,118,148,137,104,82,4,34,111,0,664,-205,1201.1,0,0,1180.0,1,2003-04,20.8,95.8,95.8,95.8,103.1,102.8,102.8,-7.3,-7.1,-7.1,0.176,1.32,14.6,0.02,0.083,0.05,11.1,11.1,0.434,0.476,0.236,0.242,94.94,95.04,79.2,95.04,0.085,2921,3.5,9.0,Juan Dixon
1908,Jumaine,1610612738,BOS,25.0,42,18,24,0.429,371.2133333333333,33,96,0.344,13,44,0.295,14,23,0.609,24,44,68,14,19,12,9,4,48,0,93,-55,239.6,0,0,230.0,1,2003-04,8.8,94.3,92.7,92.7,99.3,98.4,98.4,-5.0,-5.7,-5.7,0.065,0.74,10.0,0.063,0.116,0.089,13.6,13.7,0.411,0.438,0.147,0.15,95.81,97.04,80.87,97.04,0.037,744,0.8,2.3,Jumaine Jones
436,Juwan,1610612753,ORL,31.0,81,21,60,0.259,2883.773333333333,529,1169,0.453,0,1,0.0,318,393,0.809,171,399,570,158,178,54,22,104,284,1,1376,-353,2347.0,16,0,2256.0,1,2003-04,35.6,101.2,102.9,102.9,108.2,109.1,109.1,-7.0,-6.2,-6.2,0.098,0.89,9.4,0.059,0.144,0.1,10.6,10.6,0.453,0.513,0.237,0.239,93.82,92.7,77.25,92.7,0.093,5566,6.5,14.4,Juwan Howard
2079,Kaniel,1610612757,POR,25.0,3,2,1,0.667,13.133333333333333,3,3,1.0,0,0,0.0,1,2,0.5,2,0,2,0,1,0,0,0,3,0,7,-3,8.4,0,0,9.0,1,2003-04,4.4,102.6,103.7,103.7,125.8,114.8,114.8,-23.2,-11.1,-11.1,0.0,0.0,0.0,0.0,0.0,0.0,20.0,20.5,1.0,0.902,0.143,0.151,94.88,98.68,82.23,98.68,0.066,27,1.0,1.0,Kaniel Dickens
2416,Kareem,1610612747,LAL,23.0,72,50,22,0.694,1248.378333333333,190,432,0.44,48,138,0.348,31,52,0.596,20,77,97,59,48,33,20,14,109,0,459,-25,774.9,0,0,769.0,1,2003-04,17.3,100.0,99.5,99.5,101.2,101.1,101.1,-1.1,-1.6,-1.6,0.08,1.23,10.5,0.016,0.065,0.04,8.6,8.5,0.495,0.505,0.18,0.185,93.16,93.47,77.89,93.47,0.06,2438,2.6,6.0,Kareem Rush
252,Karl,1610612747,LAL,40.0,42,33,9,0.786,1379.5566666666666,193,400,0.483,0,1,0.0,168,225,0.747,61,306,367,163,103,50,20,17,116,1,554,216,1345.9,15,1,1224.0,1,2003-04,32.8,104.9,105.8,105.8,96.8,98.2,98.2,8.0,7.6,7.6,0.185,1.58,21.2,0.046,0.209,0.131,13.4,13.5,0.483,0.555,0.192,0.193,97.94,96.83,80.69,96.83,0.14,2785,4.6,9.5,Karl Malone
2208,Kedrick,1610612739,CLE,23.0,55,23,32,0.418,968.93,117,254,0.461,38,99,0.384,17,27,0.63,41,105,146,64,29,30,7,11,80,0,289,43,642.2,0,0,611.0,2,2003-04,17.6,102.7,103.3,103.3,99.4,100.1,100.1,3.3,3.2,3.2,0.106,2.21,17.9,0.043,0.107,0.075,8.1,8.1,0.535,0.543,0.137,0.14,92.99,92.37,76.97,92.37,0.083,1856,2.1,4.6,Kedrick Brown
2586,Keith,1610612753,ORL,24.0,73,19,54,0.26,1786.045,183,454,0.403,67,187,0.358,65,103,0.631,106,211,317,98,75,46,10,32,128,1,498,-336,1118.4,2,0,1092.0,1,2003-04,24.5,98.8,99.5,99.5,109.0,109.1,109.1,-10.2,-9.6,-9.6,0.087,1.31,14.6,0.057,0.122,0.088,11.1,11.2,0.477,0.499,0.142,0.145,93.63,93.23,77.69,93.23,0.068,3467,2.5,6.2,Keith Bogans
2693,Keith,1610612750,MIN,24.0,33,22,11,0.667,385.295,27,82,0.329,1,10,0.1,33,43,0.767,5,29,34,59,29,16,1,3,39,0,88,-65,239.3,0,0,216.0,1,2003-04,11.7,91.7,88.2,88.2,98.3,95.6,95.6,-6.6,-7.4,-7.4,0.258,2.03,30.9,0.014,0.073,0.045,15.2,15.4,0.335,0.436,0.158,0.164,90.39,93.43,77.86,93.43,0.059,745,0.8,2.5,Keith McLeod
1496,Keith,1610612749,MIL,28.0,72,33,39,0.458,2342.03,410,903,0.454,93,233,0.399,249,290,0.859,149,352,501,120,169,68,33,71,215,1,1162,8,2077.2,15,0,2078.0,2,2003-04,32.5,101.9,102.3,102.3,101.5,101.7,101.7,0.4,0.7,0.7,0.091,0.71,9.1,0.067,0.15,0.11,12.8,12.8,0.506,0.564,0.234,0.237,93.09,92.84,77.37,92.84,0.116,4519,5.7,12.5,Keith Van Horn
1509,Kelvin,1610612745,HOU,29.0,69,40,29,0.58,1746.4733333333334,161,360,0.447,0,0,0.0,96,142,0.676,153,319,472,72,84,52,96,36,203,0,418,72,1452.4,7,0,1258.0,1,2003-04,25.3,97.3,97.9,97.9,94.2,95.0,95.0,3.1,2.9,2.9,0.069,0.86,12.4,0.095,0.178,0.139,14.5,14.5,0.447,0.495,0.137,0.139,90.07,89.41,74.5,89.41,0.091,3242,2.3,5.2,Kelvin Cato
383,Kendall,1610612741,CHI,36.0,56,15,41,0.268,1408.7683333333334,215,548,0.392,9,38,0.237,100,136,0.735,61,129,190,89,83,65,16,31,107,0,539,-258,1060.5,1,0,989.0,1,2003-04,25.2,89.3,90.3,90.3,99.2,99.5,99.5,-9.8,-9.2,-9.2,0.122,1.07,11.4,0.04,0.089,0.064,10.6,10.6,0.401,0.443,0.216,0.219,94.45,93.78,78.15,93.78,0.073,2750,3.8,9.8,Kendall Gill
2570,Kendrick,1610612738,BOS,19.0,10,4,6,0.4,35.208333333333336,8,15,0.533,0,0,0.0,6,9,0.667,5,9,14,3,5,0,2,1,6,0,22,18,44.3,0,0,43.0,1,2003-04,3.5,129.0,126.0,126.0,107.7,97.4,97.4,21.3,28.7,28.7,0.115,0.6,11.1,0.143,0.265,0.203,18.5,18.5,0.533,0.58,0.27,0.281,95.43,101.57,84.64,101.57,0.125,73,0.8,1.5,Kendrick Perkins
72,Kenny,1610612754,IND,33.0,44,33,11,0.75,909.9733333333334,113,256,0.441,1,4,0.25,35,48,0.729,19,62,81,125,50,26,5,15,73,0,262,87,589.7,0,0,531.0,1,2003-04,20.7,98.4,99.8,99.8,95.5,95.9,95.9,2.9,3.9,3.9,0.229,2.5,27.6,0.021,0.072,0.046,11.0,11.1,0.443,0.473,0.164,0.166,90.35,89.57,74.64,89.57,0.076,1709,2.6,5.8,Kenny Anderson
1903,Kenny,1610612755,PHI,26.0,74,31,43,0.419,2703.998333333333,381,813,0.469,1,5,0.2,243,323,0.752,261,489,750,111,172,82,33,71,219,1,1006,-155,2245.5,34,0,2098.0,1,2003-04,36.5,95.9,97.1,97.1,99.2,100.3,100.3,-3.3,-3.3,-3.3,0.077,0.65,8.9,0.102,0.188,0.145,13.9,13.9,0.469,0.527,0.194,0.197,89.89,88.85,74.04,88.85,0.122,5009,5.1,11.0,Kenny Thomas
2030,Kenyon,1610612751,NJN,26.0,65,41,24,0.631,2258.721666666667,439,900,0.488,7,25,0.28,201,294,0.684,133,484,617,160,168,95,82,63,230,1,1086,197,2429.4,27,0,2224.0,1,2003-04,34.7,98.4,98.9,98.9,93.3,93.9,93.9,5.1,4.9,4.9,0.134,0.95,11.8,0.061,0.217,0.14,12.4,12.4,0.492,0.528,0.246,0.249,92.15,91.64,76.37,91.64,0.145,4304,6.8,13.8,Kenyon Martin
1721,Keon,1610612762,UTA,29.0,2,2,0,1.0,28.08333333333333,2,6,0.333,0,0,0.0,0,0,0.0,1,6,7,1,0,1,0,0,1,0,4,14,16.9,0,0,14.0,1,2003-04,14.0,82.8,84.3,84.3,58.1,58.0,58.0,24.6,26.3,26.3,0.063,0.0,14.3,0.034,0.2,0.119,0.0,0.0,0.333,0.333,0.102,0.102,87.03,86.31,71.93,86.31,0.17,51,1.0,3.0,Keon Clark
954,Kerry,1610612751,NJN,30.0,82,47,35,0.573,2847.398333333333,434,959,0.453,97,276,0.351,107,136,0.787,56,271,327,206,95,125,40,28,144,0,1072,238,2173.4,0,0,2032.0,1,2003-04,34.7,99.4,99.6,99.6,94.9,95.6,95.6,4.5,4.0,4.0,0.126,2.17,15.6,0.02,0.097,0.059,7.2,7.2,0.503,0.526,0.178,0.182,92.62,92.19,76.83,92.19,0.106,5479,5.3,11.7,Kerry Kittles
708,Kevin,1610612750,MIN,28.0,82,58,24,0.707,3235.055,804,1611,0.499,11,43,0.256,368,465,0.791,245,894,1139,409,212,120,178,44,202,0,1987,614,4649.3,71,2,4142.0,1,2003-04,39.5,105.9,106.3,106.3,95.5,96.7,96.7,10.4,9.6,9.6,0.233,1.93,16.7,0.082,0.265,0.179,8.7,8.7,0.502,0.547,0.291,0.294,91.78,91.08,75.9,91.08,0.222,6150,9.8,19.6,Kevin Garnett
1563,Kevin,1610612739,CLE,31.0,82,35,47,0.427,1390.5316666666668,95,257,0.37,4,9,0.444,147,176,0.835,23,147,170,234,81,51,8,22,119,0,341,-32,992.0,0,0,867.0,1,2003-04,17.0,97.2,97.3,97.3,98.1,98.0,98.0,-0.9,-0.7,-0.7,0.276,2.89,36.1,0.017,0.103,0.06,12.5,12.5,0.377,0.51,0.134,0.138,91.58,91.56,76.3,91.56,0.098,2646,1.2,3.1,Kevin Ollie
788,Kevin,1610612759,SAS,41.0,48,32,16,0.667,370.3633333333333,70,150,0.467,0,1,0.0,24,39,0.615,37,61,98,11,32,21,9,7,61,0,164,-33,356.1,0,0,333.0,1,2003-04,7.7,98.5,95.0,95.0,99.2,98.7,98.7,-0.7,-3.7,-3.7,0.059,0.34,5.2,0.097,0.164,0.13,15.1,15.2,0.467,0.491,0.235,0.244,94.46,96.42,80.35,96.42,0.086,741,1.5,3.1,Kevin Willis
2039,Keyon,1610612746,LAC,24.0,58,16,42,0.276,1131.736666666667,137,352,0.389,8,46,0.174,78,94,0.83,17,62,79,130,65,45,6,14,108,0,360,-161,737.8,1,0,679.0,1,2003-04,19.5,97.6,98.2,98.2,106.1,105.1,105.1,-8.5,-6.9,-6.9,0.198,2.0,22.0,0.015,0.055,0.035,11.0,11.0,0.401,0.458,0.179,0.181,94.56,94.67,78.89,94.67,0.056,2229,2.4,6.1,Keyon Dooling
2550,Kirk,1610612741,CHI,23.0,76,20,56,0.263,2709.268333333333,318,823,0.386,144,369,0.39,135,168,0.804,42,217,259,517,204,101,21,50,276,0,915,-253,2163.3,14,1,2079.0,1,2003-04,35.6,95.1,96.5,96.5,99.7,100.8,100.8,-4.6,-4.3,-4.3,0.32,2.53,31.9,0.015,0.079,0.046,12.6,12.6,0.474,0.51,0.182,0.183,94.25,93.02,77.52,93.02,0.093,5236,4.2,10.8,Kirk Hinrich
2632,Kirk,1610612748,MIA,23.0,2,0,2,0.0,17.113333333333333,1,6,0.167,1,3,0.333,0,0,0.0,0,1,1,1,3,1,0,0,1,0,3,-1,5.7,0,0,8.0,1,2003-04,8.6,78.3,76.9,76.9,87.3,79.5,79.5,-9.0,-2.6,-2.6,0.083,0.33,10.0,0.0,0.0,0.0,30.0,30.0,0.25,0.25,0.214,0.218,103.55,109.39,91.16,109.39,-0.06,39,0.5,3.0,Kirk Penney
977,Kobe,1610612747,LAL,25.0,65,48,17,0.738,2447.4416666666666,516,1178,0.438,71,217,0.327,454,533,0.852,103,256,359,330,171,112,28,69,176,0,1557,309,2731.8,10,1,2597.0,1,2003-04,37.7,105.1,106.1,106.1,98.9,100.0,100.0,6.2,6.1,6.1,0.237,1.93,17.3,0.042,0.104,0.073,9.0,8.9,0.468,0.551,0.281,0.286,96.0,95.04,79.2,95.04,0.156,4853,7.9,18.1,Kobe Bryant
703,Kurt,1610612752,NYK,31.0,80,38,42,0.475,2542.445,392,829,0.473,0,3,0.0,106,127,0.835,145,517,662,149,132,56,80,37,298,1,890,-34,2183.9,23,0,1973.0,1,2003-04,31.8,100.9,100.9,100.9,101.3,101.0,101.0,-0.4,-0.1,-0.1,0.098,1.13,12.7,0.06,0.201,0.133,11.3,11.3,0.473,0.503,0.183,0.185,92.65,92.75,77.3,92.75,0.104,4899,4.9,10.4,Kurt Thomas
2198,Kwame,1610612764,WAS,22.0,74,24,50,0.324,2230.0916666666667,288,589,0.489,1,2,0.5,228,334,0.683,178,372,550,112,140,66,52,45,144,0,805,-187,1847.0,18,0,1704.0,1,2003-04,30.1,98.0,98.4,98.4,102.2,102.9,102.9,-4.2,-4.6,-4.6,0.087,0.8,11.3,0.081,0.169,0.125,14.1,14.2,0.49,0.547,0.173,0.175,94.89,94.35,78.62,94.35,0.112,4390,3.9,8.0,Kwame Brown
2594,Kyle,1610612755,PHI,23.0,74,28,46,0.378,861.7716666666666,115,327,0.352,81,207,0.391,19,24,0.792,30,81,111,40,41,25,8,16,102,0,330,8,581.2,0,0,628.0,1,2003-04,11.6,96.7,95.6,95.6,98.8,96.5,96.5,-2.0,-0.9,-0.9,0.088,0.98,9.6,0.035,0.095,0.065,9.8,9.8,0.476,0.489,0.194,0.201,92.2,93.85,78.21,93.85,0.057,1697,1.6,4.4,Kyle Korver
1885,Lamar,1610612748,MIA,24.0,80,41,39,0.513,3001.9566666666665,485,1127,0.43,61,205,0.298,340,458,0.742,160,616,776,327,236,85,71,89,273,0,1371,60,3024.7,37,1,2847.0,1,2003-04,37.5,100.1,101.1,101.1,99.6,99.9,99.9,0.5,1.2,1.2,0.203,1.39,17.3,0.054,0.213,0.133,12.5,12.5,0.457,0.516,0.243,0.246,90.27,89.71,74.76,89.71,0.143,5607,6.1,14.1,Lamar Odom
441,Lamond,1610612761,TOR,31.0,33,13,20,0.394,521.325,76,215,0.353,21,60,0.35,24,35,0.686,14,76,90,28,38,15,7,7,47,0,197,-74,375.0,0,0,380.0,1,2003-04,15.8,85.3,84.8,84.8,94.1,93.9,93.9,-8.9,-9.1,-9.1,0.121,0.74,9.5,0.027,0.157,0.09,12.8,12.8,0.402,0.428,0.243,0.25,87.58,87.93,73.27,87.93,0.079,962,2.3,6.5,Lamond Murray
1716,Larry,1610612764,WAS,25.0,61,19,42,0.311,2067.365,401,1009,0.397,79,232,0.341,267,335,0.797,96,230,326,148,152,95,26,75,147,0,1148,-195,1972.2,3,0,1943.0,1,2003-04,33.9,95.3,96.2,96.2,100.7,101.1,101.1,-5.5,-4.9,-4.9,0.144,0.97,10.1,0.044,0.113,0.077,10.4,10.4,0.437,0.496,0.273,0.277,95.14,94.49,78.74,94.49,0.112,4072,6.6,16.5,Larry Hughes
84,Latrell,1610612750,MIN,33.0,82,58,24,0.707,3100.668333333333,518,1266,0.409,99,299,0.331,240,295,0.814,56,254,310,286,158,88,21,58,101,1,1375,408,2345.0,0,0,2288.0,1,2003-04,37.8,104.2,104.3,104.3,96.5,97.9,97.9,7.7,6.4,6.4,0.152,1.81,15.5,0.019,0.079,0.051,8.6,8.6,0.448,0.493,0.232,0.236,92.2,91.49,76.24,91.49,0.1,5925,6.3,15.4,Latrell Sprewell
2544,LeBron,1610612739,CLE,19.0,79,33,46,0.418,3126.865,622,1492,0.417,63,217,0.29,347,460,0.754,99,333,432,465,273,130,58,76,149,0,1654,-144,3160.9,12,0,2990.0,1,2003-04,39.6,99.7,101.4,101.4,102.3,103.4,103.4,-2.6,-2.0,-2.0,0.268,1.7,19.2,0.031,0.104,0.067,11.3,11.2,0.438,0.488,0.276,0.28,94.37,93.07,77.56,93.07,0.123,6053,7.9,18.9,LeBron James
2571,Leandro,1610612756,PHX,21.0,70,25,45,0.357,1500.565,210,470,0.447,83,210,0.395,47,61,0.77,23,100,123,165,120,93,7,35,184,0,550,-110,1125.1,0,0,1121.0,1,2003-04,21.4,99.6,100.8,100.8,103.6,103.6,103.6,-3.9,-2.9,-2.9,0.175,1.38,21.1,0.015,0.067,0.041,15.4,15.3,0.535,0.553,0.181,0.183,96.71,96.14,80.12,96.14,0.07,2994,3.0,6.7,Leandro Barbosa
1924,Lee,1610612739,CLE,29.0,57,22,35,0.386,778.8716666666667,147,327,0.45,0,3,0.0,47,58,0.81,64,79,143,38,45,15,8,16,93,0,341,-186,593.6,0,0,568.0,3,2003-04,13.7,94.3,95.0,95.0,109.0,107.4,107.4,-14.7,-12.4,-12.4,0.09,0.84,8.7,0.08,0.108,0.093,10.3,10.3,0.45,0.484,0.222,0.228,93.4,93.7,78.09,93.7,0.076,1522,2.6,5.7,Lee Nailon
1910,Leon,1610612760,SEA,23.0,1,0,1,0.0,3.55,1,2,0.5,0,0,0.0,0,0,0.0,1,1,2,0,0,0,0,0,1,0,2,1,4.4,0,0,4.0,1,2003-04,3.6,100.0,100.0,100.0,83.3,71.4,71.4,16.7,28.6,28.6,0.0,0.0,0.0,0.0,0.0,0.0,0.0,0.0,0.5,0.5,0.286,0.286,81.13,87.89,73.24,87.89,0.125,6,1.0,2.0,Leon Smith
283,Lindsey,1610612765,DET,33.0,33,24,9,0.727,653.2883333333333,49,143,0.343,14,50,0.28,5,8,0.625,13,54,67,85,34,39,6,5,45,0,117,116,425.9,0,0,373.0,1,2003-04,19.8,96.3,94.6,94.6,86.1,84.9,84.9,10.2,9.7,9.7,0.216,2.5,32.1,0.021,0.081,0.052,12.8,12.8,0.392,0.399,0.125,0.13,91.49,92.91,77.42,92.91,0.078,1261,1.5,4.3,Lindsey Hunter
2669,Linton,1610612741,CHI,24.0,41,12,29,0.293,732.4466666666667,72,203,0.355,7,33,0.212,22,37,0.595,59,124,183,27,37,37,32,12,90,0,173,-151,603.1,2,0,528.0,1,2003-04,17.9,87.9,88.1,88.1,98.2,98.0,98.0,-10.3,-9.8,-9.8,0.065,0.73,9.6,0.07,0.166,0.115,13.1,13.1,0.372,0.394,0.15,0.154,96.26,96.24,80.2,96.24,0.064,1465,1.8,5.0,Linton Johnson
2437,Lonny,1610612764,WAS,25.0,62,21,41,0.339,764.0633333333334,103,209,0.493,1,3,0.333,44,76,0.579,64,123,187,20,38,17,29,27,123,0,251,-95,605.4,1,0,551.0,3,2003-04,12.3,92.3,91.1,91.1,99.3,96.8,96.8,-7.0,-5.7,-5.7,0.05,0.53,6.7,0.085,0.159,0.123,12.7,12.6,0.495,0.518,0.168,0.174,90.82,92.54,77.11,92.54,0.076,1467,1.7,3.4,Lonny Baxter
2254,Loren,1610612748,MIA,26.0,38,13,25,0.342,502.0916666666666,44,96,0.458,0,0,0.0,33,55,0.6,65,69,134,10,26,11,19,15,52,0,121,-23,360.8,0,0,325.0,1,2003-04,13.2,94.8,93.7,93.7,98.5,96.7,96.7,-3.7,-3.0,-3.0,0.036,0.38,6.3,0.127,0.149,0.137,16.5,16.6,0.458,0.503,0.135,0.139,87.09,88.38,73.65,88.38,0.081,927,1.2,2.5,Loren Woods
953,Lorenzen,1610612763,MEM,28.0,65,38,27,0.585,1677.1533333333334,257,586,0.439,0,5,0.0,96,131,0.733,144,301,445,71,77,45,58,47,192,0,610,9,1482.5,10,0,1332.0,1,2003-04,25.8,100.7,100.7,100.7,99.9,100.4,100.4,0.8,0.2,0.2,0.072,0.92,8.9,0.086,0.186,0.135,9.7,9.7,0.439,0.474,0.194,0.197,92.48,92.26,76.88,92.26,0.095,3224,4.0,9.0,Lorenzen Wright
446,Lucious,1610612751,NJN,33.0,69,42,27,0.609,1504.525,187,463,0.404,38,101,0.376,66,78,0.846,39,101,140,135,53,41,2,17,74,0,478,72,924.5,1,0,877.0,1,2003-04,21.8,98.5,97.6,97.6,95.6,95.1,95.1,2.9,2.5,2.5,0.154,2.55,19.8,0.028,0.069,0.049,7.8,7.7,0.445,0.481,0.17,0.175,90.79,91.42,76.18,91.42,0.085,2865,2.7,6.7,Lucious Harris
2557,Luke,1610612760,SEA,23.0,69,29,40,0.42,1112.7166666666667,145,350,0.414,27,80,0.338,65,79,0.823,35,73,108,163,80,52,7,22,105,0,382,-153,853.1,1,0,798.0,1,2003-04,16.1,96.6,96.0,96.0,103.8,103.5,103.5,-7.2,-7.5,-7.5,0.266,2.04,26.0,0.03,0.07,0.049,12.7,12.7,0.453,0.496,0.187,0.193,92.43,92.85,77.38,92.85,0.087,2157,2.1,5.1,Luke Ridnour
2575,Luke,1610612747,LAL,24.0,72,50,22,0.694,717.955,65,153,0.425,13,39,0.333,31,44,0.705,39,88,127,113,44,28,8,9,70,0,174,40,559.9,0,0,499.0,1,2003-04,10.0,101.4,101.1,101.1,100.0,97.9,97.9,1.4,3.2,3.2,0.246,2.57,34.2,0.054,0.13,0.091,13.3,13.4,0.467,0.505,0.135,0.139,92.46,93.63,78.03,93.63,0.099,1398,0.9,2.1,Luke Walton
2573,Maciej,1610612756,PHX,19.0,21,9,12,0.429,224.92166666666665,43,88,0.489,0,4,0.0,10,13,0.769,9,35,44,9,15,3,3,2,28,0,96,-57,165.3,0,0,161.0,1,2003-04,10.7,98.7,97.6,97.6,110.5,109.7,109.7,-11.8,-12.2,-12.2,0.069,0.6,7.6,0.043,0.152,0.1,12.7,12.7,0.489,0.512,0.214,0.218,95.57,96.46,80.38,96.46,0.077,451,2.0,4.2,Maciej Lampe
2124,Malik,1610612748,MIA,26.0,45,20,25,0.444,615.7333333333333,83,198,0.419,0,0,0.0,25,33,0.758,42,77,119,16,27,12,28,10,81,0,191,-60,450.8,0,0,406.0,1,2003-04,13.7,97.1,94.8,94.8,100.6,100.5,100.5,-3.5,-5.7,-5.7,0.049,0.59,6.2,0.07,0.127,0.098,10.5,10.6,0.419,0.449,0.18,0.187,89.11,90.19,75.16,90.19,0.058,1160,1.8,4.4,Malik Allen
990,Malik,1610612759,SAS,29.0,67,44,23,0.657,1253.625,173,404,0.428,0,3,0.0,183,225,0.813,110,210,320,69,112,36,24,40,164,1,529,105,1084.5,6,0,1038.0,1,2003-04,18.7,98.9,98.1,98.1,93.8,93.4,93.4,5.2,4.7,4.7,0.1,0.62,10.1,0.089,0.165,0.128,16.3,16.4,0.428,0.526,0.219,0.224,92.71,93.25,77.71,93.25,0.106,2430,2.6,6.0,Malik Rose
2055,Mamadou,1610612737,ATL,29.0,28,11,17,0.393,370.7183333333333,27,69,0.391,0,0,0.0,44,59,0.746,43,69,112,0,18,8,25,12,59,0,98,-46,313.4,0,0,276.0,2,2003-04,13.2,103.5,99.9,99.9,106.7,105.6,105.6,-3.2,-5.7,-5.7,0.0,0.0,0.0,0.11,0.183,0.146,15.7,15.9,0.391,0.516,0.133,0.137,93.02,95.17,79.31,95.17,0.065,733,1.0,2.5,Mamadou N'diaye
1938,Manu,1610612759,SAS,26.0,77,53,24,0.688,2254.65,330,789,0.418,88,245,0.359,239,298,0.802,86,258,344,291,161,136,16,46,181,0,987,406,2131.3,3,0,2014.0,1,2003-04,29.3,101.5,101.8,101.8,92.8,92.9,92.9,8.7,8.9,8.9,0.218,1.81,21.5,0.038,0.114,0.076,11.9,11.7,0.474,0.536,0.211,0.217,92.61,92.47,77.06,92.47,0.136,4353,4.3,10.2,Manu Ginobili
1531,Marc,1610612755,PHI,29.0,22,10,12,0.455,597.125,71,171,0.415,0,1,0.0,64,81,0.79,45,81,126,18,24,12,6,20,45,0,206,-38,414.2,1,0,386.0,1,2003-04,27.1,95.6,97.5,97.5,99.7,99.6,99.6,-4.1,-2.1,-2.1,0.054,0.75,7.2,0.074,0.146,0.109,9.6,9.7,0.415,0.498,0.181,0.182,90.06,89.27,74.39,89.27,0.09,1103,3.2,7.8,Marc Jackson
2556,Marcus,1610612738,BOS,22.0,81,35,46,0.432,1377.5166666666669,177,442,0.4,27,86,0.314,99,131,0.756,30,103,133,175,125,88,13,42,171,0,480,-117,1080.1,0,0,1017.0,1,2003-04,17.0,97.5,95.4,95.4,100.2,99.2,99.2,-2.7,-3.8,-3.8,0.226,1.4,21.8,0.023,0.073,0.049,15.5,15.6,0.431,0.48,0.2,0.206,95.15,96.64,80.54,96.64,0.069,2767,2.2,5.5,Marcus Banks
948,Marcus,1610612743,DEN,30.0,72,36,36,0.5,2164.398333333333,262,549,0.477,0,2,0.0,98,136,0.721,211,516,727,132,98,86,187,23,239,1,622,71,2413.4,19,0,2027.0,1,2003-04,30.1,102.8,104.1,104.1,101.0,101.6,101.6,1.8,2.5,2.5,0.092,1.35,15.7,0.097,0.244,0.169,11.7,11.7,0.477,0.511,0.142,0.143,96.06,95.15,79.29,95.15,0.124,4273,3.6,7.6,Marcus Camby
2033,Marcus,1610612741,CHI,25.0,46,13,33,0.283,741.3,134,350,0.383,2,17,0.118,90,120,0.75,61,141,202,43,51,16,8,17,97,0,360,-86,687.9,4,0,655.0,1,2003-04,16.1,95.7,95.7,95.7,102.3,101.6,101.6,-6.5,-5.9,-5.9,0.106,0.84,8.6,0.074,0.198,0.131,10.2,10.3,0.386,0.447,0.264,0.266,96.74,97.09,80.91,97.09,0.089,1501,2.9,7.6,Marcus Fizer
2409,Marcus,1610612749,MIL,23.0,31,14,17,0.452,262.12166666666667,36,74,0.486,1,2,0.5,20,28,0.714,21,32,53,4,9,6,12,4,25,0,93,22,207.6,0,0,187.0,1,2003-04,8.5,105.6,105.0,105.0,103.4,100.4,100.4,2.2,4.7,4.7,0.024,0.44,4.0,0.08,0.116,0.099,9.1,9.1,0.493,0.539,0.156,0.16,96.89,98.61,82.18,98.61,0.079,537,1.2,2.4,Marcus Haislip
1548,Mark,1610612738,BOS,28.0,82,36,46,0.439,2405.115,342,604,0.566,0,0,0.0,159,221,0.719,207,382,589,75,150,80,106,44,253,0,843,-38,2070.3,19,0,1879.0,1,2003-04,29.3,100.9,100.9,100.9,100.6,101.5,101.5,0.4,-0.7,-0.7,0.053,0.5,8.1,0.089,0.157,0.124,16.2,16.2,0.566,0.601,0.159,0.161,95.46,95.02,79.18,95.02,0.105,4758,4.2,7.4,Mark Blount
349,Mark,1610612745,HOU,39.0,42,22,20,0.524,578.8766666666667,34,100,0.34,7,41,0.171,28,39,0.718,10,60,70,119,53,17,1,5,41,0,103,8,366.5,0,0,335.0,1,2003-04,13.8,97.7,96.5,96.5,98.0,96.7,96.7,-0.3,-0.2,-0.2,0.336,2.25,40.9,0.019,0.109,0.066,18.2,18.3,0.375,0.44,0.139,0.142,90.27,91.42,76.18,91.42,0.078,1108,0.8,2.4,Mark Jackson
2058,Mark,1610612750,MIN,28.0,72,50,22,0.694,1242.8566666666666,101,204,0.495,0,6,0.0,57,118,0.483,134,138,272,28,47,33,18,28,175,1,259,154,733.4,0,0,661.0,1,2003-04,17.3,102.8,102.2,102.2,96.1,95.5,95.5,6.8,6.7,6.7,0.034,0.6,8.3,0.107,0.112,0.11,14.0,14.2,0.495,0.506,0.112,0.113,90.54,91.11,75.92,91.11,0.042,2357,1.4,2.8,Mark Madsen
998,Mark,1610612743,DEN,31.0,4,3,1,0.75,19.94833333333333,1,2,0.5,0,0,0.0,0,1,0.0,0,3,3,0,3,1,0,0,8,0,2,-20,5.6,0,0,7.0,1,2003-04,5.0,55.2,52.3,52.3,107.2,97.7,97.7,-51.9,-45.5,-45.5,0.0,0.0,0.0,0.0,0.0,0.0,60.0,55.1,0.5,0.41,0.104,0.119,98.37,105.87,88.23,105.87,-0.184,44,0.3,0.5,Mark Pope
2060,Marko,1610612746,LAC,25.0,58,25,33,0.431,1760.2383333333332,185,477,0.388,51,150,0.34,74,101,0.733,44,131,175,281,115,93,20,21,132,0,495,-92,1350.5,1,0,1228.0,1,2003-04,30.3,101.2,103.1,103.1,105.8,105.8,105.8,-4.5,-2.7,-2.7,0.258,2.44,30.6,0.025,0.078,0.051,12.5,12.5,0.441,0.475,0.157,0.159,94.14,93.29,77.74,93.29,0.083,3421,3.2,8.2,Marko Jaric
2605,Marquis,1610612742,DAL,23.0,56,32,24,0.571,1033.9666666666667,203,411,0.494,11,36,0.306,60,78,0.769,66,80,146,116,44,53,12,28,51,0,477,13,977.2,0,0,880.0,1,2003-04,18.5,110.6,108.9,108.9,108.2,108.7,108.7,2.4,0.3,0.3,0.168,2.64,19.1,0.063,0.078,0.071,7.2,7.3,0.507,0.536,0.203,0.208,95.92,96.44,80.37,96.44,0.11,2081,3.6,7.3,Marquis Daniels
2043,Mateen,1610612739,CLE,26.0,4,0,4,0.0,91.35666666666668,7,23,0.304,0,1,0.0,1,2,0.5,1,6,7,19,5,4,2,2,13,0,15,-17,64.9,0,0,53.0,1,2003-04,22.8,103.4,106.1,106.1,115.2,116.1,116.1,-11.7,-10.0,-10.0,0.257,3.8,39.6,0.011,0.069,0.039,10.4,10.4,0.304,0.314,0.137,0.136,96.42,94.84,79.03,94.84,0.031,181,1.8,5.8,Mateen Cleaves
2440,Matt,1610612746,LAC,24.0,38,11,27,0.289,720.3866666666667,63,138,0.457,2,13,0.154,43,61,0.705,53,98,151,48,44,27,3,9,76,0,171,-203,470.2,1,0,432.0,1,2003-04,19.0,94.5,95.2,95.2,108.0,108.2,108.2,-13.6,-13.0,-13.0,0.116,1.09,18.7,0.072,0.141,0.105,17.1,17.1,0.464,0.519,0.126,0.129,94.59,94.18,78.49,94.18,0.075,1404,1.7,3.6,Matt Barnes
2679,Matt,1610612759,SAS,23.0,16,7,9,0.438,65.97166666666666,7,16,0.438,1,3,0.333,4,6,0.667,1,5,6,2,6,1,0,1,8,0,19,-9,26.2,0,0,30.0,2,2003-04,4.1,90.0,87.4,87.4,103.3,89.9,89.9,-13.3,-2.5,-2.5,0.05,0.33,7.4,0.013,0.069,0.041,22.2,22.5,0.469,0.51,0.152,0.156,97.73,106.23,88.52,106.23,0.013,143,0.4,1.0,Matt Carroll
1723,Matt,1610612762,UTA,28.0,31,17,14,0.548,1130.855,193,410,0.471,8,33,0.242,108,157,0.688,91,156,247,63,65,22,2,39,102,0,502,17,899.9,6,0,868.0,1,2003-04,36.5,102.1,103.7,103.7,101.1,102.5,102.5,1.0,1.2,1.2,0.102,0.97,10.4,0.087,0.148,0.118,10.7,10.7,0.48,0.524,0.22,0.223,89.93,88.61,73.84,88.61,0.111,2084,6.2,13.2,Matt Harpring
2466,Maurice,1610612740,NOH,27.0,10,4,6,0.4,109.0,11,35,0.314,4,11,0.364,16,20,0.8,2,9,11,4,9,0,0,4,10,0,42,8,52.2,0,0,61.0,2,2003-04,10.9,96.3,97.1,97.1,94.7,91.5,91.5,1.6,5.6,5.6,0.07,0.44,6.9,0.018,0.081,0.049,15.5,15.8,0.371,0.479,0.22,0.222,90.86,92.04,76.7,92.04,0.034,207,1.1,3.5,Maurice Carter
1508,Maurice,1610612745,HOU,27.0,75,41,34,0.547,2081.1383333333333,367,765,0.48,0,2,0.0,128,174,0.736,131,253,384,107,149,43,47,49,253,2,862,-46,1604.3,3,0,1533.0,1,2003-04,27.7,96.1,96.1,96.1,97.4,97.7,97.7,-1.3,-1.5,-1.5,0.105,0.72,9.7,0.069,0.123,0.097,13.5,13.6,0.48,0.512,0.226,0.231,89.16,88.99,74.16,88.99,0.089,3865,4.9,10.2,Maurice Taylor
2246,Mehmet,1610612765,DET,25.0,71,48,23,0.676,1588.025,251,542,0.463,18,48,0.375,162,209,0.775,160,261,421,69,101,36,63,37,138,0,682,258,1486.7,6,0,1388.0,1,2003-04,22.4,99.5,99.8,99.8,91.8,91.4,91.4,7.7,8.4,8.4,0.081,0.68,8.5,0.102,0.169,0.135,12.5,12.6,0.48,0.538,0.21,0.214,90.47,90.56,75.46,90.56,0.134,3000,3.5,7.6,Mehmet Okur
2408,Melvin,1610612746,LAC,26.0,42,13,29,0.31,507.525,66,153,0.431,0,1,0.0,25,42,0.595,48,53,101,22,20,9,17,7,68,0,157,18,369.2,0,0,332.0,1,2003-04,12.1,99.0,99.8,99.8,99.9,97.7,97.7,-0.8,2.0,2.0,0.075,1.1,10.3,0.091,0.105,0.098,9.4,9.4,0.431,0.458,0.166,0.17,91.69,92.31,76.92,92.31,0.056,975,1.6,3.6,Melvin Ely
2370,Mengke,1610612761,TOR,28.0,7,2,5,0.286,39.11,4,7,0.571,0,0,0.0,0,0,0.0,5,3,8,1,2,1,0,1,10,0,8,-11,20.1,0,0,19.0,1,2003-04,5.6,98.6,90.7,90.7,108.4,105.3,105.3,-9.8,-14.7,-14.7,0.045,0.5,10.0,0.132,0.088,0.111,20.0,20.0,0.571,0.571,0.101,0.111,87.04,92.05,76.71,92.05,0.004,75,0.6,1.0,Mengke Bateer
1897,Metta,1610612754,IND,24.0,73,54,19,0.74,2715.45,468,1112,0.421,75,242,0.31,322,439,0.733,100,285,385,272,202,152,50,86,194,2,1333,485,2607.0,4,0,2469.0,1,2003-04,37.2,102.1,103.3,103.3,93.7,94.1,94.1,8.4,9.1,9.1,0.184,1.35,15.3,0.038,0.112,0.074,11.3,11.4,0.455,0.511,0.258,0.26,90.22,89.51,74.59,89.51,0.12,5075,6.4,15.2,Metta World Peace
2214,Michael,1610612737,ATL,25.0,16,4,12,0.25,98.21,7,15,0.467,0,0,0.0,1,2,0.5,6,17,23,1,7,3,0,0,14,0,15,-16,46.1,0,0,45.0,2,2003-04,6.1,94.2,92.5,92.5,101.2,97.4,97.4,-7.0,-4.9,-4.9,0.019,0.14,4.2,0.065,0.189,0.126,29.2,29.3,0.467,0.472,0.11,0.114,90.01,92.62,77.18,92.62,0.035,186,0.4,0.9,Michael Bradley
688,Michael,1610612761,TOR,35.0,70,29,41,0.414,1222.9883333333332,76,196,0.388,3,15,0.2,49,58,0.845,22,65,87,53,48,23,5,13,153,0,204,-166,423.9,0,0,403.0,1,2003-04,17.5,87.4,85.8,85.8,93.4,92.8,92.8,-6.0,-7.0,-7.0,0.083,1.1,16.4,0.019,0.053,0.037,14.8,14.9,0.395,0.46,0.108,0.111,87.42,88.54,73.79,88.54,0.01,2252,1.1,2.8,Michael Curry
1720,Michael,1610612743,DEN,27.0,72,34,38,0.472,1024.7666666666669,140,322,0.435,0,0,0.0,45,52,0.865,88,177,265,44,48,23,36,17,142,1,325,-117,838.0,0,0,752.0,2,2003-04,14.2,93.0,92.4,92.4,97.8,97.4,97.4,-4.8,-5.0,-5.0,0.078,0.92,10.0,0.083,0.175,0.128,10.9,11.0,0.435,0.471,0.172,0.176,93.22,93.73,78.11,93.73,0.086,1992,1.9,4.5,Michael Doleac
714,Michael,1610612742,DAL,31.0,72,49,23,0.681,2782.21,514,1159,0.443,150,370,0.405,164,193,0.85,78,247,325,212,83,84,39,32,118,0,1342,264,2336.0,3,0,2275.0,1,2003-04,38.6,109.1,109.4,109.4,103.9,104.6,104.6,5.2,4.8,4.8,0.117,2.55,13.8,0.027,0.089,0.057,5.4,5.4,0.508,0.539,0.208,0.211,95.15,94.72,78.94,94.72,0.104,5490,7.1,16.1,Michael Finley
1709,Michael,1610612750,MIN,29.0,43,28,15,0.651,924.4833333333332,121,285,0.425,0,0,0.0,36,61,0.59,78,167,245,24,54,16,68,21,137,1,278,164,806.0,3,0,715.0,1,2003-04,21.5,103.4,103.3,103.3,93.0,93.2,93.2,10.3,10.1,10.1,0.041,0.44,6.1,0.093,0.162,0.131,13.8,13.9,0.425,0.446,0.189,0.192,88.73,88.68,73.9,88.68,0.065,1704,2.8,6.6,Michael Olowokandi
2072,Michael,1610612749,MIL,24.0,82,41,41,0.5,3020.2966666666666,633,1439,0.44,127,363,0.35,383,441,0.868,118,289,407,185,116,81,6,70,152,1,1776,-60,2686.9,2,0,2669.0,1,2003-04,36.8,103.2,103.6,103.6,104.4,104.9,104.9,-1.3,-1.3,-1.3,0.112,1.59,9.6,0.039,0.096,0.067,6.0,6.0,0.484,0.544,0.254,0.26,94.77,94.39,78.66,94.39,0.123,5947,7.7,17.5,Michael Redd
1913,Michael,1610612762,UTA,27.0,41,18,23,0.439,729.455,38,117,0.325,0,0,0.0,16,38,0.421,78,129,207,41,42,22,21,27,103,0,92,-39,488.9,0,0,426.0,1,2003-04,17.8,96.2,98.5,98.5,101.9,101.4,101.4,-5.7,-2.8,-2.8,0.092,0.98,18.8,0.108,0.208,0.154,19.3,19.4,0.325,0.344,0.111,0.112,86.47,85.67,71.4,85.67,0.048,1301,0.9,2.9,Michael Ruffin
1565,Michael,1610612738,BOS,29.0,25,8,17,0.32,147.76166666666666,5,12,0.417,0,0,0.0,3,4,0.75,8,21,29,0,3,2,10,2,34,0,13,-54,80.8,0,0,66.0,2,2003-04,5.9,89.7,86.4,86.4,105.6,102.9,102.9,-15.9,-16.5,-16.5,0.0,0.0,0.0,0.051,0.152,0.099,17.6,17.9,0.417,0.472,0.048,0.05,97.75,100.87,84.05,100.87,0.0,309,0.2,0.5,Michael Stewart
2552,Michael,1610612752,NYK,21.0,42,19,23,0.452,496.695,69,140,0.493,0,1,0.0,42,58,0.724,68,89,157,14,32,18,12,14,57,0,180,31,447.4,1,0,411.0,1,2003-04,11.8,101.1,101.1,101.1,98.0,97.3,97.3,3.2,3.7,3.7,0.049,0.44,6.7,0.143,0.184,0.164,15.2,15.1,0.493,0.544,0.178,0.184,90.13,90.45,75.38,90.45,0.12,934,1.6,3.3,Michael Sweetney
2554,Mickael,1610612744,GSW,22.0,53,24,29,0.453,752.4333333333333,96,231,0.416,35,105,0.333,52,75,0.693,48,71,119,27,40,32,12,12,100,0,279,72,554.3,0,0,548.0,1,2003-04,14.2,101.9,100.1,100.1,95.4,95.5,95.5,6.4,4.6,4.6,0.06,0.68,8.1,0.063,0.094,0.078,12.0,12.1,0.491,0.528,0.179,0.184,92.76,93.52,77.93,93.52,0.064,1468,1.8,4.4,Mickael Pietrus
1710,Mike,1610612758,SAC,26.0,82,55,27,0.671,2982.3783333333336,527,1170,0.45,148,378,0.392,304,373,0.815,67,210,277,444,175,112,18,48,146,0,1506,332,2719.4,5,0,2635.0,1,2003-04,36.4,109.2,109.8,109.8,103.7,103.9,103.9,5.5,5.9,5.9,0.241,2.54,22.7,0.024,0.069,0.047,8.9,9.0,0.514,0.564,0.227,0.229,96.04,95.72,79.77,95.72,0.115,5939,6.4,14.3,Mike Bibby
2399,Mike,1610612744,GSW,23.0,75,35,40,0.467,2340.8483333333334,323,720,0.449,94,254,0.37,137,185,0.741,87,355,442,220,143,68,13,31,169,0,877,-159,1837.4,10,0,1795.0,1,2003-04,31.2,98.0,97.9,97.9,101.9,102.4,102.4,-3.9,-4.4,-4.4,0.161,1.54,19.0,0.037,0.152,0.094,12.3,12.3,0.514,0.547,0.179,0.183,92.93,92.76,77.3,92.76,0.111,4544,4.3,9.6,Mike Dunleavy
2229,Mike,1610612765,DET,29.0,81,43,38,0.531,2196.608333333333,272,657,0.414,106,281,0.377,103,127,0.811,28,206,234,339,124,96,3,35,156,0,753,36,1715.3,0,0,1630.0,2,2003-04,27.1,100.3,100.1,100.1,97.8,98.9,98.9,2.5,1.2,1.2,0.254,2.73,28.8,0.013,0.093,0.054,10.5,10.5,0.495,0.528,0.171,0.175,95.12,94.66,78.89,94.66,0.106,4325,3.4,8.1,Mike James
2034,Mike,1610612763,MEM,24.0,65,39,26,0.6,1764.545,270,616,0.438,80,215,0.372,102,141,0.723,42,174,216,232,107,59,14,34,162,0,722,111,1441.2,3,0,1396.0,1,2003-04,27.1,105.2,105.5,105.5,101.8,102.4,102.4,3.4,3.1,3.1,0.21,2.17,22.9,0.024,0.102,0.062,10.5,10.5,0.503,0.532,0.195,0.199,94.92,94.52,78.76,94.52,0.094,3476,4.2,9.5,Mike Miller
2366,Mike,1610612745,HOU,25.0,26,14,12,0.538,140.25,17,36,0.472,6,10,0.6,10,12,0.833,3,13,16,17,7,3,0,5,15,0,50,19,96.7,0,0,95.0,1,2003-04,5.4,99.6,96.6,96.6,93.1,87.5,87.5,6.5,9.1,9.1,0.224,2.43,25.8,0.026,0.08,0.058,10.6,10.7,0.556,0.606,0.168,0.176,87.53,91.72,76.43,91.72,0.115,265,0.7,1.4,Mike Wilks
1630,Mikki,1610612762,UTA,28.0,32,18,14,0.563,394.7433333333333,50,99,0.505,0,0,0.0,30,35,0.857,29,55,84,19,22,7,13,11,65,0,130,-13,297.3,1,0,273.0,2,2003-04,12.3,90.6,90.6,90.6,93.6,92.1,92.1,-3.0,-1.5,-1.5,0.097,0.86,12.2,0.075,0.153,0.113,14.1,14.2,0.505,0.568,0.157,0.161,88.56,89.25,74.38,89.25,0.108,733,1.6,3.1,Mikki Moore
1960,Milt,1610612761,TOR,26.0,59,22,37,0.373,1207.1883333333333,104,298,0.349,4,26,0.154,45,68,0.662,15,87,102,184,87,41,11,31,90,0,257,-173,724.4,0,0,651.0,1,2003-04,20.5,89.6,89.2,89.2,96.8,96.3,96.3,-7.2,-7.2,-7.2,0.285,2.11,30.7,0.013,0.074,0.044,14.5,14.5,0.356,0.392,0.164,0.169,87.96,88.41,73.68,88.41,0.062,2216,1.8,5.1,Milt Palacio
348,Mitchell,1610612764,WAS,33.0,41,11,30,0.268,554.4716666666667,54,124,0.435,11,30,0.367,15,24,0.625,24,47,71,32,24,22,4,13,54,0,134,17,321.2,0,0,300.0,1,2003-04,13.5,101.3,99.6,99.6,99.4,97.7,97.7,1.9,2.0,2.0,0.093,1.33,16.8,0.043,0.081,0.062,12.6,12.6,0.48,0.498,0.122,0.126,95.21,96.83,80.69,96.83,0.054,1116,1.3,3.0,Mitchell Butler
2590,Mo,1610612762,UTA,21.0,57,25,32,0.439,772.9516666666667,115,303,0.38,10,39,0.256,44,56,0.786,23,49,72,76,51,28,2,25,87,0,284,-76,523.4,0,0,502.0,1,2003-04,13.6,93.8,93.6,93.6,100.5,98.2,98.2,-6.6,-4.6,-4.6,0.196,1.49,16.7,0.03,0.07,0.049,11.2,11.2,0.396,0.433,0.218,0.224,90.52,91.66,76.38,91.66,0.059,1472,2.0,5.3,Mo Williams
983,Moochie,1610612752,NYK,30.0,66,35,31,0.53,844.2783333333333,80,217,0.369,20,58,0.345,54,71,0.761,10,55,65,121,64,44,5,12,51,0,234,-26,576.5,0,0,538.0,2,2003-04,12.8,95.9,95.4,95.4,97.8,97.2,97.2,-1.9,-1.8,-1.8,0.258,1.89,27.9,0.013,0.07,0.041,14.7,14.8,0.415,0.471,0.173,0.178,88.88,89.37,74.48,89.37,0.087,1573,1.2,3.3,Moochie Norris
2050,Morris,1610612761,TOR,26.0,82,33,49,0.402,2139.3616666666667,238,587,0.405,126,340,0.371,76,94,0.809,35,226,261,113,69,88,14,17,206,0,678,-54,1397.7,0,0,1382.0,1,2003-04,26.1,95.6,95.0,95.0,97.1,96.3,96.3,-1.5,-1.3,-1.3,0.095,1.64,14.0,0.017,0.108,0.062,8.6,8.5,0.513,0.539,0.154,0.158,89.09,89.71,74.76,89.71,0.085,3997,2.9,7.2,Morris Peterson
1737,Nazr,1610612752,NYK,26.0,80,31,49,0.388,1610.74,246,472,0.521,0,0,0.0,100,169,0.592,178,296,474,36,96,55,52,47,195,0,592,-199,1439.8,6,0,1316.0,2,2003-04,20.1,95.4,94.8,94.8,101.7,100.6,100.6,-6.3,-5.9,-5.9,0.039,0.38,5.3,0.113,0.19,0.151,14.1,14.2,0.521,0.542,0.178,0.182,92.5,93.35,77.79,93.35,0.107,3125,3.1,5.9,Nazr Mohammed
2569,Ndudi,1610612750,MIN,20.0,17,14,3,0.824,31.525,6,14,0.429,0,0,0.0,1,4,0.25,2,1,3,3,3,0,4,0,6,0,13,-9,30.1,0,0,27.0,1,2003-04,1.9,100.1,84.8,84.8,112.9,101.6,101.6,-12.8,-16.7,-16.7,0.2,1.0,13.6,0.065,0.026,0.043,13.6,13.8,0.429,0.412,0.257,0.298,86.39,98.97,82.47,98.97,0.0,66,0.4,0.8,Ndudi Ebi
2403,ene,1610612743,DEN,21.0,77,40,37,0.519,2511.225,334,630,0.53,0,2,0.0,240,352,0.682,154,349,503,168,183,116,41,68,280,2,908,280,2051.6,12,0,1893.0,1,2003-04,32.6,102.5,104.1,104.1,97.7,98.3,98.3,4.8,5.7,5.7,0.104,0.92,14.8,0.064,0.142,0.103,16.2,16.1,0.53,0.578,0.169,0.171,96.24,95.17,79.31,95.17,0.094,4976,4.3,8.2,Nene
89,Nick,1610612744,GSW,32.0,39,14,25,0.359,1257.1866666666667,187,479,0.39,46,150,0.307,70,99,0.707,16,88,104,206,78,20,2,18,57,0,490,-156,911.8,3,0,890.0,1,2003-04,32.2,100.3,100.3,100.3,107.5,107.5,107.5,-7.2,-7.1,-7.1,0.281,2.64,25.5,0.013,0.072,0.042,9.7,9.7,0.438,0.469,0.215,0.219,92.76,92.76,77.3,92.76,0.085,2438,4.8,12.3,Nick Van Exel
2401,Nikoloz,1610612743,DEN,21.0,39,21,18,0.538,305.7333333333333,40,122,0.328,3,11,0.273,23,29,0.793,24,39,63,10,17,6,8,4,50,1,106,-44,221.6,0,0,210.0,1,2003-04,7.8,95.2,91.3,91.3,101.8,98.6,98.6,-6.6,-7.2,-7.2,0.057,0.59,6.1,0.068,0.132,0.097,10.4,10.5,0.34,0.393,0.206,0.215,94.02,97.58,81.31,97.58,0.024,622,1.0,3.1,Nikoloz Tskitishvili
178,Olden,1610612746,LAC,39.0,2,1,1,0.5,11.0,0,0,0.0,0,0,0.0,0,0,0.0,1,1,2,1,4,1,0,0,2,0,0,1,2.9,0,0,5.0,1,2003-04,5.5,72.9,77.3,77.3,74.3,72.7,72.7,-1.5,4.5,4.5,0.143,0.25,20.0,0.0,0.0,0.0,80.0,80.0,0.0,0.0,0.174,0.164,97.83,96.0,80.0,96.0,-0.109,22,0.0,0.0,Olden Polynice
932,Oliver,1610612750,MIN,34.0,48,35,13,0.729,504.9066666666667,53,100,0.53,0,1,0.0,15,23,0.652,46,84,130,36,33,19,26,14,91,0,121,-8,433.0,0,0,377.0,1,2003-04,10.5,98.0,95.7,95.7,97.3,96.3,96.3,0.7,-0.6,-0.6,0.115,1.09,20.1,0.098,0.162,0.132,18.4,18.4,0.53,0.549,0.13,0.135,92.76,94.4,78.67,94.4,0.075,992,1.1,2.1,Oliver Miller
2241,Omar,1610612757,POR,22.0,17,12,5,0.706,138.145,7,27,0.259,0,1,0.0,0,0,0.0,3,3,6,24,10,10,0,2,14,0,14,-25,77.2,0,0,64.0,1,2003-04,8.1,92.8,90.2,90.2,101.7,100.8,100.8,-8.9,-10.5,-10.5,0.286,2.4,39.3,0.022,0.024,0.023,16.4,16.4,0.259,0.259,0.118,0.123,90.22,91.9,76.59,91.9,0.023,266,0.4,1.6,Omar Cook
970,Othella,1610612752,NYK,30.0,56,27,29,0.482,871.035,100,202,0.495,0,0,0.0,58,78,0.744,58,119,177,29,65,12,14,14,134,1,258,-59,526.9,2,0,516.0,1,2003-04,15.6,95.6,94.8,94.8,100.0,98.8,98.8,-4.4,-4.0,-4.0,0.059,0.45,8.8,0.07,0.143,0.106,19.7,19.7,0.495,0.546,0.159,0.163,90.21,91.2,76.0,91.2,0.056,1659,1.8,3.6,Othella Harrington
136,P.J.,1610612740,NOH,34.0,80,40,40,0.5,2757.1583333333333,339,712,0.476,0,1,0.0,158,185,0.854,237,453,690,155,101,78,73,56,203,0,836,79,2248.5,24,0,1983.0,1,2003-04,34.5,99.8,100.9,100.9,98.4,99.0,99.0,1.4,2.0,2.0,0.097,1.53,14.7,0.085,0.166,0.125,9.6,9.6,0.476,0.527,0.147,0.149,91.82,91.02,75.85,91.02,0.116,5217,4.2,8.9,P.J. Brown
1727,Pat,1610612753,ORL,27.0,2,0,2,0.0,21.25,1,3,0.333,0,0,0.0,0,0,0.0,0,0,0,1,0,0,0,0,2,0,2,-15,3.5,0,0,3.0,1,2003-04,10.6,87.9,89.7,89.7,126.5,131.6,131.6,-38.7,-41.8,-41.8,0.083,0.0,25.0,0.0,0.0,0.0,0.0,0.0,0.333,0.333,0.068,0.067,89.63,86.96,72.47,86.96,-0.015,39,0.5,1.5,Pat Garrity
2200,Pau,1610612763,MEM,23.0,78,49,29,0.628,2451.613333333333,506,1049,0.482,4,15,0.267,365,511,0.714,206,394,600,198,187,44,132,132,185,1,1381,113,2739.0,24,0,2535.0,1,2003-04,31.4,105.2,105.7,105.7,102.8,103.6,103.6,2.4,2.1,2.1,0.143,1.06,11.9,0.085,0.163,0.124,11.2,11.3,0.484,0.542,0.264,0.267,94.87,94.28,78.57,94.28,0.137,4822,6.5,13.4,Pau Gasol
1514,Paul,1610612762,UTA,30.0,10,4,6,0.4,96.33833333333334,11,23,0.478,0,0,0.0,3,8,0.375,7,10,17,3,7,1,1,2,17,0,25,-21,48.9,0,0,49.0,1,2003-04,9.6,85.5,84.4,84.4,100.6,93.7,93.7,-15.1,-9.3,-9.3,0.063,0.43,8.1,0.075,0.114,0.094,18.9,19.2,0.478,0.471,0.163,0.165,89.81,93.67,78.06,93.67,0.009,186,1.1,2.3,Paul Grant
1718,Paul,1610612738,BOS,26.0,80,35,45,0.438,3099.795,602,1497,0.402,115,384,0.299,517,631,0.819,69,453,522,410,303,131,52,77,234,1,1836,-68,3323.4,19,1,3249.0,1,2003-04,38.7,100.1,100.8,100.8,100.2,102.0,102.0,-0.1,-1.2,-1.2,0.249,1.35,16.5,0.023,0.144,0.084,12.2,12.2,0.441,0.517,0.299,0.304,96.1,94.91,79.1,94.91,0.137,6131,7.5,18.7,Paul Pierce
2321,Paul,1610612741,CHI,26.0,7,1,6,0.143,83.97166666666666,10,23,0.435,0,1,0.0,1,3,0.333,8,8,16,4,9,1,1,2,9,0,21,-29,43.2,0,0,45.0,1,2003-04,12.0,79.9,77.1,77.1,94.0,92.9,92.9,-14.2,-15.8,-15.8,0.098,0.44,10.8,0.093,0.101,0.097,24.3,24.1,0.435,0.432,0.17,0.179,93.53,95.75,79.79,95.75,0.026,166,1.4,3.3,Paul Shirley
978,Peja,1610612758,SAC,27.0,81,55,26,0.679,3268.988333333333,665,1386,0.48,240,554,0.433,394,425,0.927,91,417,508,173,153,108,14,55,159,0,1964,428,3046.1,9,0,3129.0,1,2003-04,40.4,108.9,109.6,109.6,102.7,102.9,102.9,6.2,6.7,6.7,0.09,1.13,9.2,0.029,0.126,0.079,8.1,8.1,0.566,0.624,0.234,0.24,95.36,94.95,79.13,94.95,0.138,6464,8.2,17.1,Peja Stojakovic
461,Popeye,1610612744,GSW,34.0,5,3,2,0.6,9.986666666666666,0,2,0.0,0,0,0.0,0,0,0.0,1,0,1,0,0,0,0,0,2,0,0,-10,1.2,0,0,1.0,1,2003-04,2.0,91.6,81.8,81.8,125.7,121.7,121.7,-34.0,-39.9,-39.9,0.0,0.0,0.0,0.0,0.0,0.0,0.0,0.0,0.0,0.0,0.08,0.088,100.74,108.14,90.12,108.14,-0.119,22,0.0,0.4,Popeye Jones
1542,Predrag,1610612746,LAC,28.0,61,20,41,0.328,952.2133333333334,149,379,0.393,11,36,0.306,73,86,0.849,54,142,196,39,48,22,24,17,85,0,382,-230,765.7,4,0,720.0,1,2003-04,15.6,94.6,94.9,94.9,107.9,107.2,107.2,-13.4,-12.3,-12.3,0.078,0.81,7.7,0.054,0.157,0.103,9.5,9.5,0.408,0.458,0.214,0.217,93.58,93.74,78.11,93.74,0.082,1859,2.4,6.2,Predrag Drobnjak
2056,Primoz,1610612754,IND,24.0,18,11,7,0.611,69.91166666666666,12,26,0.462,0,0,0.0,4,6,0.667,5,10,15,3,6,0,3,5,13,0,28,-16,53.5,0,0,52.0,1,2003-04,3.9,89.8,81.0,81.0,100.6,92.9,92.9,-10.8,-11.9,-11.9,0.1,0.5,8.1,0.079,0.154,0.117,16.2,15.9,0.462,0.489,0.217,0.246,88.69,97.15,80.96,97.15,0.049,142,0.7,1.4,Primoz Brezec
2047,Quentin,1610612746,LAC,24.0,65,26,39,0.4,2339.728333333333,425,1068,0.398,120,341,0.352,151,204,0.74,146,268,414,139,141,67,19,68,130,0,1121,-168,1943.3,11,0,1966.0,1,2003-04,36.0,101.6,102.7,102.7,106.4,106.5,106.5,-4.9,-3.9,-3.9,0.108,0.99,9.7,0.06,0.117,0.088,9.8,9.8,0.454,0.484,0.236,0.24,95.19,94.62,78.85,94.62,0.093,4617,6.5,16.4,Quentin Richardson
1900,Quincy,1610612750,MIN,27.0,14,9,5,0.643,63.485,7,20,0.35,2,5,0.4,0,0,0.0,1,6,7,2,3,2,2,2,10,0,16,-38,36.4,0,0,35.0,1,2003-04,4.5,78.1,74.0,74.0,106.5,100.0,100.0,-28.4,-26.0,-26.0,0.067,0.67,8.0,0.016,0.087,0.053,12.0,12.0,0.4,0.4,0.164,0.175,94.87,100.56,83.8,100.56,0.01,131,0.5,1.4,Quincy Lewis
2417,Qyntel,1610612757,POR,23.0,62,31,31,0.5,665.25,88,237,0.371,10,29,0.345,38,60,0.633,46,90,136,46,52,20,14,24,88,0,224,-85,506.2,0,0,484.0,1,2003-04,10.7,95.6,94.5,94.5,102.7,100.9,100.9,-7.1,-6.3,-6.3,0.121,0.88,12.7,0.069,0.145,0.106,14.4,14.4,0.392,0.425,0.212,0.22,90.09,91.38,76.15,91.38,0.052,1264,1.4,3.8,Qyntel Woods
1711,Raef,1610612738,BOS,28.0,17,9,8,0.529,330.20666666666665,57,124,0.46,8,40,0.2,10,13,0.769,30,49,79,24,11,8,13,3,47,0,132,65,314.8,0,0,285.0,1,2003-04,19.4,106.0,105.1,105.1,95.2,94.5,94.5,10.7,10.5,10.5,0.115,2.18,14.5,0.089,0.141,0.116,6.7,6.7,0.492,0.509,0.186,0.19,94.28,95.07,79.22,95.07,0.108,652,3.4,7.3,Raef LaFrentz
1747,Rafer,1610612748,MIA,27.0,82,42,40,0.512,2584.78,287,764,0.376,161,434,0.371,103,134,0.769,26,200,226,372,128,114,18,16,212,0,838,67,1935.2,1,0,1861.0,1,2003-04,31.5,99.7,100.1,100.1,98.5,98.8,98.8,1.3,1.3,1.3,0.252,2.91,28.1,0.01,0.081,0.045,9.7,9.7,0.481,0.509,0.171,0.174,90.18,89.89,74.91,89.89,0.096,4843,3.5,9.3,Rafer Alston
1952,Raja,1610612762,UTA,27.0,82,42,40,0.512,2020.905,329,805,0.409,62,166,0.373,195,248,0.786,60,181,241,107,111,63,13,60,262,1,915,-67,1481.7,0,0,1477.0,1,2003-04,24.6,97.1,98.4,98.4,100.2,100.0,100.0,-3.1,-1.6,-1.6,0.107,0.96,9.4,0.031,0.098,0.064,9.8,9.8,0.447,0.5,0.233,0.236,90.19,89.7,74.75,89.7,0.082,3774,4.0,9.8,Raja Bell
988,Randy,1610612746,LAC,29.0,4,0,4,0.0,48.25,2,10,0.2,0,3,0.0,4,6,0.667,2,5,7,4,4,2,0,2,7,0,8,-26,24.4,0,0,23.0,1,2003-04,12.1,78.5,78.5,78.5,107.7,106.5,106.5,-29.2,-28.0,-28.0,0.182,1.0,19.0,0.033,0.086,0.059,19.0,19.4,0.2,0.316,0.156,0.157,91.96,92.52,77.1,92.52,-0.008,93,0.5,2.5,Randy Livingston
1740,Rashard,1610612760,SEA,24.0,80,37,43,0.463,2933.645,535,1229,0.435,145,386,0.376,206,270,0.763,133,385,518,175,135,99,54,48,233,1,1421,-4,2629.1,6,0,2565.0,1,2003-04,36.7,105.2,106.6,106.6,105.4,106.3,106.3,-0.2,0.3,0.3,0.105,1.3,10.6,0.047,0.133,0.09,8.2,8.1,0.494,0.527,0.231,0.233,92.88,91.86,76.55,91.86,0.108,5604,6.7,15.4,Rashard Lewis
739,Rasheed,1610612765,DET,29.0,68,40,28,0.588,2393.4666666666667,425,974,0.436,82,248,0.331,156,212,0.736,102,357,459,156,119,61,122,27,190,0,1088,189,2302.8,10,0,2151.0,3,2003-04,35.2,102.3,103.2,103.2,98.3,98.9,98.9,4.0,4.2,4.2,0.115,1.31,11.6,0.045,0.154,0.101,8.9,8.9,0.478,0.51,0.231,0.234,89.44,88.79,73.99,88.79,0.114,4428,6.3,14.3,Rasheed Wallace
1725,Rasho,1610612759,SAS,28.0,82,57,25,0.695,2359.355,328,700,0.469,0,0,0.0,54,114,0.474,257,376,633,114,107,51,165,41,247,0,710,278,2181.6,15,0,1889.0,1,2003-04,28.8,98.7,99.0,99.0,92.0,92.4,92.4,6.6,6.6,6.6,0.082,1.07,11.7,0.111,0.158,0.135,11.0,11.0,0.469,0.473,0.167,0.17,91.08,90.74,75.61,90.74,0.101,4452,4.0,8.5,Rasho Nesterovic
2446,Rasual,1610612748,MIA,25.0,45,28,17,0.622,675.315,119,250,0.476,50,108,0.463,16,21,0.762,4,57,61,23,28,10,13,5,72,0,304,44,452.7,0,0,484.0,1,2003-04,15.0,101.1,99.9,99.9,97.8,97.3,97.3,3.3,2.6,2.6,0.066,0.82,7.4,0.006,0.082,0.045,9.0,9.0,0.576,0.586,0.196,0.203,91.73,92.54,77.12,92.54,0.087,1307,2.6,5.6,Rasual Butler
2221,Raul,1610612762,UTA,24.0,82,42,40,0.512,1622.225,223,517,0.431,25,85,0.294,101,117,0.863,24,131,155,305,174,62,2,27,200,0,572,-45,1233.5,1,0,1185.0,1,2003-04,19.8,95.4,96.4,96.4,97.6,97.5,97.5,-2.3,-1.1,-1.1,0.364,1.75,29.3,0.016,0.088,0.052,16.7,16.6,0.456,0.503,0.21,0.215,89.73,89.31,74.43,89.31,0.102,3013,2.7,6.3,Raul Lopez
951,Ray,1610612760,SEA,28.0,56,25,31,0.446,2156.6666666666665,447,1017,0.44,148,378,0.392,245,271,0.904,69,217,286,268,156,71,11,46,132,0,1287,89,2122.2,6,1,2153.0,1,2003-04,38.5,107.5,109.0,109.0,105.9,106.6,106.6,1.6,2.4,2.4,0.223,1.72,17.3,0.033,0.105,0.069,10.1,10.0,0.512,0.566,0.273,0.278,92.06,91.16,75.97,91.16,0.137,4092,8.0,18.2,Ray Allen
2558,Reece,1610612753,ORL,23.0,38,4,34,0.105,354.62666666666667,25,86,0.291,3,10,0.3,16,25,0.64,8,31,39,40,18,11,2,5,22,0,69,-22,196.8,0,0,177.0,1,2003-04,9.3,96.1,95.6,95.6,99.1,96.9,96.9,-3.0,-1.2,-1.2,0.185,2.22,25.6,0.022,0.086,0.054,11.5,11.6,0.308,0.356,0.147,0.15,92.51,93.8,78.17,93.8,0.045,686,0.7,2.3,Reece Gaines
2501,Reggie,1610612760,SEA,24.0,75,33,42,0.44,1286.1333333333334,67,165,0.406,0,3,0.0,83,148,0.561,156,252,408,33,65,54,10,28,176,2,217,-103,883.1,0,0,786.0,1,2003-04,17.1,99.5,100.4,100.4,103.0,104.1,104.1,-3.5,-3.7,-3.7,0.04,0.51,10.0,0.122,0.215,0.166,19.6,19.8,0.406,0.471,0.106,0.107,91.18,90.34,75.28,90.34,0.063,2414,0.9,2.2,Reggie Evans
397,Reggie,1610612754,IND,38.0,80,59,21,0.738,2267.28,260,594,0.438,134,334,0.401,146,165,0.885,18,170,188,249,68,65,11,9,96,0,800,504,1559.1,0,0,1523.0,1,2003-04,28.3,102.7,103.6,103.6,92.7,92.8,92.8,10.1,10.8,10.8,0.181,3.66,25.7,0.008,0.078,0.042,7.0,6.9,0.551,0.6,0.144,0.149,91.12,90.65,75.54,90.65,0.115,4303,3.3,7.4,Reggie Miller
1888,Richard,1610612765,DET,26.0,78,50,28,0.641,2784.8483333333334,530,1166,0.455,18,68,0.265,297,342,0.868,78,201,279,310,210,103,17,85,222,0,1375,394,2324.8,2,0,2222.0,1,2003-04,35.7,100.8,101.4,101.4,93.9,94.4,94.4,6.9,7.0,7.0,0.212,1.48,16.9,0.029,0.072,0.051,11.5,11.4,0.462,0.522,0.248,0.253,91.4,90.84,75.7,90.84,0.114,5283,6.8,14.9,Richard Hamilton
2210,Richard,1610612751,NJN,24.0,82,47,35,0.573,3136.165,555,1115,0.498,48,132,0.364,357,468,0.763,109,355,464,315,198,92,28,71,224,2,1515,303,2706.3,9,0,2582.0,1,2003-04,38.2,100.1,100.7,100.7,95.3,95.8,95.8,4.8,5.0,5.0,0.18,1.59,17.1,0.037,0.118,0.078,10.8,10.8,0.519,0.573,0.225,0.227,92.24,91.71,76.42,91.71,0.129,5995,6.8,13.6,Richard Jefferson
2499,Richie,1610612760,SEA,26.0,54,23,31,0.426,458.67,63,139,0.453,34,92,0.37,23,26,0.885,12,44,56,24,7,16,4,8,50,0,183,77,339.2,0,0,337.0,1,2003-04,8.5,106.6,105.3,105.3,99.5,98.1,98.1,7.1,7.2,7.2,0.081,3.43,13.4,0.027,0.098,0.062,3.9,3.9,0.576,0.608,0.148,0.155,97.43,98.74,82.28,98.74,0.089,948,1.2,2.6,Richie Frahm
1594,Rick,1610612741,CHI,32.0,40,11,29,0.275,406.9766666666667,40,105,0.381,11,23,0.478,27,31,0.871,9,28,37,82,33,25,3,5,44,0,118,-57,336.4,0,0,304.0,2,2003-04,10.2,95.9,94.9,94.9,103.9,101.1,101.1,-8.0,-6.2,-6.2,0.331,2.48,35.0,0.021,0.077,0.047,14.1,14.1,0.433,0.497,0.16,0.164,94.78,96.6,80.5,96.6,0.092,816,1.0,2.6,Rick Brunson
296,Rick,1610612747,LAL,34.0,38,28,10,0.737,846.22,73,186,0.392,15,61,0.246,22,30,0.733,29,73,102,98,48,29,4,15,99,0,183,73,503.4,0,0,464.0,1,2003-04,22.3,105.3,105.1,105.1,100.1,100.9,100.9,5.2,4.2,4.2,0.161,2.04,28.4,0.035,0.086,0.061,13.9,13.9,0.433,0.459,0.131,0.133,94.28,93.96,78.3,93.96,0.046,1658,1.9,4.9,Rick Fox
1729,Ricky,1610612738,BOS,24.0,79,30,49,0.38,2474.313333333333,446,950,0.469,52,140,0.371,196,273,0.718,77,281,358,259,189,96,22,49,171,0,1140,-211,2123.1,1,0,2045.0,2,2003-04,31.3,99.9,99.6,99.6,102.8,103.7,103.7,-2.9,-4.1,-4.1,0.188,1.37,17.0,0.032,0.112,0.073,12.4,12.4,0.497,0.533,0.224,0.228,96.44,96.12,80.1,96.12,0.112,4952,5.6,12.0,Ricky Davis
2425,Robert,1610612761,TOR,24.0,32,9,23,0.281,252.46666666666667,9,33,0.273,0,0,0.0,14,31,0.452,21,31,52,13,10,14,3,2,50,0,32,-18,154.9,0,0,131.0,3,2003-04,7.9,86.1,84.8,84.8,88.5,87.2,87.2,-2.4,-2.4,-2.4,0.089,1.3,18.3,0.075,0.128,0.1,14.1,14.4,0.273,0.343,0.103,0.103,91.89,93.26,77.71,93.26,0.002,487,0.3,1.0,Robert Archibald
109,Robert,1610612759,SAS,33.0,81,56,25,0.691,1288.4483333333333,141,348,0.405,41,108,0.38,69,107,0.645,108,164,272,101,55,48,49,14,165,0,392,234,1105.9,0,0,1000.0,1,2003-04,15.9,99.0,98.6,98.6,90.5,90.0,90.0,8.5,8.7,8.7,0.13,1.84,18.3,0.079,0.126,0.102,9.9,10.0,0.464,0.496,0.156,0.159,91.7,92.11,76.76,92.11,0.095,2483,1.7,4.3,Robert Horry
123,Robert,1610612751,NJN,35.0,26,17,9,0.654,214.885,22,52,0.423,0,0,0.0,5,6,0.833,4,14,18,27,16,12,1,6,20,1,49,-63,134.1,0,0,120.0,1,2003-04,8.3,78.4,75.8,75.8,94.4,92.6,92.6,-16.0,-16.8,-16.8,0.262,1.69,27.8,0.019,0.067,0.043,16.5,16.4,0.423,0.448,0.151,0.159,89.04,91.47,76.23,91.47,0.076,413,0.8,2.0,Robert Pack
1714,Robert,1610612740,NOH,27.0,71,35,36,0.493,938.8283333333334,145,287,0.505,2,5,0.4,70,128,0.547,106,156,262,43,62,39,37,26,161,0,362,25,906.9,5,0,821.0,1,2003-04,13.2,101.9,100.7,100.7,100.6,98.3,98.3,1.4,2.4,2.4,0.082,0.69,9.5,0.111,0.176,0.142,13.7,13.8,0.509,0.527,0.193,0.196,91.18,92.77,77.31,92.77,0.09,1805,2.0,4.0,Robert Traylor
393,Rod,1610612761,TOR,37.0,61,19,42,0.311,1201.61,150,353,0.425,10,36,0.278,72,98,0.735,34,121,155,244,85,35,11,12,76,0,382,-141,987.0,3,0,883.0,2,2003-04,19.7,100.2,99.6,99.6,106.9,106.1,106.1,-6.7,-6.5,-6.5,0.326,2.87,33.4,0.028,0.105,0.065,11.6,11.7,0.439,0.482,0.179,0.183,92.7,93.33,77.78,93.33,0.106,2342,2.5,5.8,Rod Strickland
1934,Rodney,1610612758,SAC,26.0,22,14,8,0.636,138.085,19,56,0.339,0,2,0.0,3,6,0.5,6,9,15,7,4,6,1,5,9,0,41,-77,86.5,0,0,77.0,1,2003-04,6.3,83.2,80.4,80.4,109.4,107.3,107.3,-26.2,-26.9,-26.9,0.097,1.75,10.0,0.039,0.063,0.051,5.7,5.7,0.339,0.35,0.191,0.201,96.82,99.42,82.85,99.42,0.03,286,0.9,2.5,Rodney Buford
915,Rodney,1610612751,NJN,33.0,69,40,29,0.58,1413.865,207,505,0.41,50,152,0.329,75,98,0.765,100,207,307,137,98,59,27,37,183,0,539,64,1272.9,5,0,1205.0,1,2003-04,20.5,98.7,97.3,97.3,96.1,95.3,95.3,2.6,1.9,1.9,0.173,1.4,17.5,0.072,0.155,0.113,12.5,12.5,0.459,0.492,0.206,0.212,92.27,93.31,77.76,93.31,0.098,2754,3.0,7.3,Rodney Rogers
2206,Rodney,1610612743,DEN,24.0,72,38,34,0.528,987.11,215,468,0.459,33,87,0.379,78,104,0.75,44,121,165,60,78,32,20,28,105,0,541,40,907.0,0,0,903.0,1,2003-04,13.7,98.9,98.3,98.3,98.4,96.8,96.8,0.5,1.5,1.5,0.115,0.77,9.2,0.043,0.12,0.081,12.0,12.0,0.495,0.527,0.254,0.261,95.97,97.06,80.88,97.06,0.111,2001,3.0,6.5,Rodney White
2427,Roger,1610612761,TOR,23.0,26,7,19,0.269,324.50166666666667,32,98,0.327,13,39,0.333,19,22,0.864,1,30,31,26,20,11,6,9,36,0,96,-47,203.2,0,0,200.0,2,2003-04,12.5,84.6,84.0,84.0,94.2,91.2,91.2,-9.6,-7.2,-7.2,0.164,1.3,16.9,0.003,0.1,0.049,13.0,13.0,0.393,0.446,0.186,0.191,89.18,90.9,75.75,90.9,0.053,613,1.2,3.8,Roger Mason Jr.
1500,Ron,1610612759,SAS,28.0,39,24,15,0.615,518.775,90,211,0.427,2,7,0.286,13,17,0.765,10,39,49,22,26,14,5,7,37,0,195,-11,317.8,0,0,306.0,1,2003-04,13.3,88.4,86.9,86.9,89.4,88.2,88.2,-1.0,-1.3,-1.3,0.093,0.85,8.3,0.018,0.069,0.043,9.8,9.8,0.431,0.446,0.208,0.216,91.94,93.36,77.8,93.36,0.074,1010,2.3,5.4,Ron Mercer
2648,Ronald,1610612741,CHI,23.0,47,12,35,0.255,901.7766666666666,111,282,0.394,4,9,0.444,66,105,0.629,55,112,167,55,51,32,18,30,134,0,292,-128,673.9,0,0,618.0,1,2003-04,19.2,93.9,94.3,94.3,100.7,99.9,99.9,-6.7,-5.7,-5.7,0.103,1.08,12.6,0.056,0.122,0.088,11.7,11.7,0.401,0.445,0.181,0.183,96.23,96.4,80.33,96.4,0.051,1798,2.4,6.0,Ronald Dupree
2257,Ruben,1610612757,POR,26.0,9,3,6,0.333,24.975,1,5,0.2,0,0,0.0,2,2,1.0,0,1,1,1,0,0,1,1,2,0,4,-18,9.7,0,0,8.0,1,2003-04,2.8,90.7,84.3,84.3,135.4,124.5,124.5,-44.7,-40.2,-40.2,0.063,0.0,14.3,0.0,0.056,0.022,0.0,0.0,0.2,0.34,0.102,0.108,88.83,96.1,80.08,96.1,0.005,51,0.1,0.6,Ruben Boumtje-Boumtje
1739,Ruben,1610612757,POR,28.0,73,35,38,0.479,1651.8066666666666,200,395,0.506,2,12,0.167,105,190,0.553,129,139,268,139,105,84,21,40,152,0,507,-84,1247.1,1,0,1126.0,1,2003-04,22.6,99.9,99.2,99.2,100.4,101.5,101.5,-0.6,-2.3,-2.3,0.148,1.32,19.2,0.082,0.087,0.084,14.5,14.5,0.509,0.53,0.163,0.167,89.1,88.94,74.11,88.94,0.083,3054,2.7,5.4,Ruben Patterson
1601,Rusty,1610612744,GSW,30.0,4,0,4,0.0,19.05666666666667,1,3,0.333,1,1,1.0,1,2,0.5,0,3,3,2,4,2,0,0,2,0,4,-17,12.6,0,0,14.0,1,2003-04,4.8,82.1,77.5,77.5,122.6,123.1,123.1,-40.5,-45.6,-45.6,0.154,0.5,20.0,0.0,0.0,0.0,40.0,40.5,0.5,0.515,0.17,0.18,96.87,99.49,82.91,99.49,0.034,40,0.3,0.8,Rusty LaRue
1763,Ryan,1610612743,DEN,28.0,52,28,24,0.538,388.68,18,53,0.34,0,0,0.0,10,12,0.833,39,48,87,18,6,18,16,7,47,0,46,-19,273.4,0,0,219.0,1,2003-04,7.5,92.8,90.3,90.3,92.9,91.2,91.2,0.0,-0.9,-0.9,0.075,3.0,21.7,0.085,0.121,0.102,7.2,7.3,0.34,0.395,0.07,0.073,92.78,94.91,79.09,94.91,0.066,762,0.3,1.0,Ryan Bowen
2415,Ryan,1610612763,MEM,24.0,2,0,2,0.0,11.683333333333334,1,4,0.25,0,1,0.0,0,0,0.0,2,1,3,1,2,1,0,0,3,0,2,22,8.1,0,0,8.0,1,2003-04,5.8,159.9,156.5,156.5,65.1,58.3,58.3,94.8,98.2,98.2,0.083,0.5,14.3,0.0,0.0,0.0,28.6,28.6,0.25,0.25,0.222,0.226,90.47,96.55,80.46,96.55,-0.048,23,0.5,2.0,Ryan Humphrey
208,Sam,1610612750,MIN,34.0,81,57,24,0.704,2847.9966666666664,620,1270,0.488,74,186,0.398,289,331,0.873,44,227,271,592,220,102,18,35,247,1,1603,536,2956.2,18,1,2780.0,1,2003-04,35.2,106.6,107.1,107.1,96.4,97.3,97.3,10.2,9.8,9.8,0.354,2.69,26.7,0.017,0.077,0.048,9.9,9.9,0.517,0.566,0.264,0.269,91.77,91.16,75.97,91.16,0.151,5412,7.7,15.7,Sam Cassell
955,Samaki,1610612748,MIA,28.0,33,16,17,0.485,416.17333333333335,38,99,0.384,0,2,0.0,29,44,0.659,42,70,112,6,15,9,11,10,54,0,105,-28,293.4,0,0,263.0,1,2003-04,12.6,93.7,92.3,92.3,96.8,96.6,96.6,-3.1,-4.3,-4.3,0.029,0.4,4.3,0.095,0.164,0.129,10.6,10.8,0.384,0.444,0.146,0.15,91.03,91.87,76.55,91.87,0.07,800,1.2,3.0,Samaki Walker
2223,Samuel,1610612755,PHI,24.0,82,33,49,0.402,2203.468333333333,270,499,0.541,0,1,0.0,112,174,0.644,194,432,626,21,86,44,189,35,273,0,652,-48,2047.7,15,0,1765.0,1,2003-04,26.9,96.4,96.9,96.9,97.5,97.6,97.6,-1.1,-0.7,-0.7,0.017,0.24,3.1,0.092,0.196,0.145,12.5,12.6,0.541,0.566,0.14,0.142,90.01,89.78,74.82,89.78,0.109,4112,3.3,6.1,Samuel Dalembert
2562,Sasha,1610612762,UTA,20.0,79,39,40,0.494,1136.5083333333334,149,376,0.396,19,70,0.271,65,84,0.774,44,115,159,60,67,41,16,37,187,0,382,-72,766.8,0,0,734.0,1,2003-04,14.4,95.6,95.7,95.7,100.5,98.0,98.0,-4.9,-2.3,-2.3,0.098,0.9,11.1,0.041,0.113,0.076,12.4,12.4,0.422,0.463,0.194,0.198,89.21,90.3,75.25,90.3,0.046,2126,1.9,4.8,Sasha Pavlovic
1513,Scot,1610612754,IND,29.0,61,46,15,0.754,679.1966666666667,47,114,0.412,0,0,0.0,12,21,0.571,67,97,164,10,22,23,26,22,110,0,106,-78,442.8,0,0,378.0,1,2003-04,11.1,90.6,88.4,88.4,97.4,95.1,95.1,-6.8,-6.7,-6.7,0.027,0.45,6.5,0.1,0.156,0.127,14.2,14.2,0.412,0.43,0.098,0.103,88.91,91.13,75.94,91.13,0.042,1294,0.8,1.9,Scot Pollard
1909,Scott,1610612745,HOU,28.0,58,27,31,0.466,549.0083333333333,74,167,0.443,28,65,0.431,24,32,0.75,46,93,139,23,22,12,13,11,73,0,200,83,454.3,1,0,440.0,1,2003-04,9.5,99.6,98.1,98.1,94.2,91.3,91.3,5.4,6.9,6.9,0.075,1.05,10.2,0.085,0.158,0.123,9.7,9.7,0.527,0.552,0.165,0.172,91.39,93.55,77.96,93.55,0.104,1075,1.3,2.9,Scott Padgett
281,Scott,1610612742,DAL,36.0,43,23,20,0.535,535.2533333333333,90,186,0.484,2,3,0.667,16,27,0.593,38,94,132,17,16,20,16,11,95,0,198,44,473.9,0,0,421.0,2,2003-04,12.4,105.1,105.2,105.2,101.5,100.0,100.0,3.5,5.2,5.2,0.047,1.06,7.3,0.071,0.185,0.127,6.9,6.9,0.489,0.5,0.177,0.18,95.05,95.73,79.78,95.73,0.071,1062,2.1,4.3,Scott Williams
937,Scottie,1610612741,CHI,38.0,23,3,20,0.13,411.1166666666667,53,140,0.379,13,48,0.271,17,27,0.63,20,48,68,50,29,21,9,7,38,0,136,-181,353.6,0,0,327.0,1,2003-04,17.9,85.2,85.3,85.3,107.2,107.0,107.0,-22.0,-21.7,-21.7,0.226,1.72,21.6,0.045,0.12,0.081,12.6,12.6,0.425,0.448,0.192,0.195,96.15,96.21,80.17,96.21,0.087,823,2.3,6.1,Scottie Pippen
2253,Sean,1610612744,GSW,24.0,10,3,7,0.3,61.223333333333336,13,20,0.65,0,0,0.0,8,12,0.667,2,9,11,2,3,0,1,3,2,0,34,24,50.2,0,0,49.0,1,2003-04,6.1,124.1,118.7,118.7,102.3,100.0,100.0,21.8,18.7,18.7,0.043,0.67,6.7,0.04,0.136,0.095,10.0,9.9,0.65,0.672,0.201,0.213,92.87,96.04,80.03,96.04,0.141,123,1.3,2.0,Sean Lampley
399,Sean,1610612753,ORL,34.0,55,22,33,0.4,588.16,54,151,0.358,0,1,0.0,33,37,0.892,24,73,97,29,22,14,10,6,89,1,141,-38,350.9,0,0,315.0,2,2003-04,10.7,98.8,98.9,98.9,103.5,102.1,102.1,-4.7,-3.2,-3.2,0.076,1.32,13.3,0.039,0.128,0.082,10.1,10.1,0.358,0.421,0.139,0.143,94.95,95.57,79.64,95.57,0.033,1171,1.0,2.7,Sean Rooks
1742,Shammond,1610612740,NOH,29.0,53,19,34,0.358,760.6216666666667,87,232,0.375,30,100,0.3,51,58,0.879,9,51,60,116,47,37,2,13,62,1,255,-130,571.0,1,0,539.0,2,2003-04,14.4,95.9,94.9,94.9,104.0,102.3,102.3,-8.1,-7.4,-7.4,0.279,2.47,27.8,0.012,0.068,0.039,11.2,11.2,0.44,0.495,0.178,0.185,92.96,94.25,78.54,94.25,0.088,1484,1.6,4.4,Shammond Williams
1000,Shandon,1610612752,NYK,30.0,80,38,42,0.475,1966.236666666667,238,564,0.422,36,128,0.281,123,161,0.764,53,169,222,122,118,68,17,39,182,0,635,-200,1221.4,0,0,1185.0,1,2003-04,24.6,97.4,97.4,97.4,101.8,101.9,101.9,-4.4,-4.5,-4.5,0.103,1.03,13.9,0.028,0.085,0.057,13.5,13.5,0.454,0.5,0.174,0.177,93.25,93.19,77.66,93.19,0.062,3803,3.0,7.1,Shandon Anderson
2203,Shane,1610612763,MEM,25.0,79,48,31,0.608,1948.0966666666664,242,543,0.446,65,186,0.349,120,164,0.732,102,201,303,101,56,101,58,19,187,0,669,170,1605.1,4,0,1456.0,1,2003-04,24.7,101.9,101.8,101.8,97.7,97.7,97.7,4.2,4.1,4.1,0.085,1.8,13.1,0.05,0.099,0.075,7.3,7.3,0.506,0.544,0.148,0.152,95.51,95.56,79.64,95.56,0.098,3884,3.1,6.9,Shane Battier
1049,Shane,1610612759,SAS,33.0,6,3,3,0.5,68.865,7,24,0.292,4,18,0.222,4,5,0.8,1,3,4,5,5,1,0,1,2,0,22,16,32.3,0,0,37.0,1,2003-04,11.5,94.6,93.4,93.4,82.7,84.2,84.2,11.9,9.2,9.2,0.139,1.0,13.9,0.013,0.038,0.025,13.9,13.8,0.375,0.42,0.187,0.198,94.32,94.1,78.41,94.1,0.045,137,1.2,4.0,Shane Heal
406,Shaquille,1610612747,LAL,32.0,67,49,18,0.731,2465.4416666666666,554,948,0.584,0,0,0.0,331,676,0.49,246,523,769,196,195,34,166,28,225,0,1439,440,3060.8,43,0,2804.0,1,2003-04,36.8,105.7,107.5,107.5,97.4,98.4,98.4,8.3,9.0,9.0,0.14,1.01,12.0,0.101,0.203,0.154,11.9,11.9,0.584,0.578,0.258,0.26,95.3,94.01,78.34,94.01,0.156,4830,8.3,14.1,Shaquille O'Neal
949,Shareef,1610612757,POR,27.0,85,35,50,0.412,2690.3216666666667,501,1054,0.475,9,34,0.265,373,429,0.869,189,450,639,174,184,68,37,94,222,1,1384,-117,2542.8,28,0,2416.0,2,2003-04,31.7,97.2,97.2,97.2,99.4,99.7,99.7,-2.2,-2.4,-2.4,0.126,0.95,10.8,0.074,0.163,0.12,11.5,11.5,0.48,0.557,0.244,0.248,91.34,91.19,75.99,91.19,0.145,5115,5.9,12.4,Shareef Abdur-Rahim
762,Shawn,1610612742,DAL,32.0,66,40,26,0.606,762.5766666666667,89,188,0.473,0,1,0.0,41,49,0.837,72,101,173,20,17,33,74,14,130,0,219,41,760.6,0,0,626.0,1,2003-04,11.6,105.7,103.7,103.7,100.6,100.1,100.1,5.1,3.5,3.5,0.038,1.18,8.1,0.091,0.134,0.112,6.9,6.9,0.473,0.523,0.13,0.134,93.27,94.42,78.68,94.42,0.073,1494,1.3,2.8,Shawn Bradley
1890,Shawn,1610612756,PHX,26.0,79,28,51,0.354,3209.87,590,1341,0.44,90,265,0.34,228,268,0.851,212,525,737,214,156,167,104,49,203,0,1498,-234,3360.4,35,0,3081.0,1,2003-04,40.6,99.4,100.5,100.5,102.3,103.9,103.9,-2.8,-3.4,-3.4,0.116,1.37,11.8,0.066,0.165,0.115,8.6,8.5,0.474,0.513,0.223,0.227,95.47,94.19,78.5,94.19,0.137,6290,7.5,17.0,Shawn Marion
2098,Slava,1610612747,LAL,25.0,68,46,22,0.676,1448.9116666666666,237,537,0.441,0,3,0.0,89,116,0.767,148,195,343,57,59,38,18,29,191,1,563,-38,1169.1,6,0,1075.0,1,2003-04,21.3,98.7,98.5,98.5,99.6,99.5,99.5,-0.9,-1.0,-1.0,0.068,0.97,8.1,0.1,0.139,0.119,8.4,8.4,0.441,0.479,0.199,0.203,92.6,92.74,77.29,92.74,0.083,2795,3.5,7.9,Slava Medvedenko
2582,Slavko,1610612757,POR,21.0,1,0,1,0.0,2.75,0,1,0.0,0,0,0.0,0,0,0.0,0,0,0,0,0,0,0,0,1,0,0,1,0.0,0,0,0.0,1,2003-04,2.8,128.9,125.0,125.0,138.9,100.0,100.0,-10.0,25.0,25.0,0.0,0.0,0.0,0.0,0.0,0.0,0.0,0.0,0.0,0.0,0.143,0.145,59.0,69.82,58.18,69.82,-0.4,4,0.0,1.0,Slavko Vranes
2049,Speedy,1610612744,GSW,26.0,60,27,33,0.45,1594.5216666666668,224,524,0.427,4,22,0.182,182,224,0.813,38,118,156,267,102,97,9,51,146,0,634,111,1437.7,2,0,1273.0,1,2003-04,26.6,102.4,103.0,103.0,99.5,99.6,99.6,3.0,3.4,3.4,0.28,2.62,27.0,0.024,0.077,0.05,10.3,10.3,0.431,0.509,0.205,0.209,91.92,91.59,76.32,91.59,0.112,3046,3.7,8.7,Speedy Claxton
278,Stacey,1610612740,NOH,35.0,69,33,36,0.478,1418.63,143,347,0.412,1,7,0.143,110,139,0.791,52,122,174,85,76,55,15,26,114,0,397,-69,867.3,0,0,797.0,1,2003-04,20.6,97.5,96.7,96.7,98.5,98.5,98.5,-0.9,-1.7,-1.7,0.106,1.12,14.8,0.037,0.089,0.063,13.2,13.4,0.414,0.486,0.155,0.158,91.56,91.93,76.61,91.93,0.066,2706,2.1,5.0,Stacey Augmon
1536,Stephen,1610612737,ATL,26.0,80,27,53,0.338,2943.2266666666665,536,1261,0.425,145,427,0.34,233,297,0.785,97,273,370,244,223,142,20,51,216,0,1450,-236,2523.0,4,0,2533.0,1,2003-04,36.8,99.6,99.8,99.8,103.4,103.9,103.9,-3.8,-4.1,-4.1,0.155,1.09,13.1,0.034,0.09,0.063,12.0,12.0,0.483,0.521,0.245,0.249,94.09,93.77,78.14,93.77,0.1,5748,6.7,15.8,Stephen Jackson
950,Stephon,1610612752,NYK,27.0,81,37,44,0.457,3254.543333333333,598,1386,0.431,87,274,0.318,356,436,0.817,58,205,263,719,249,129,9,46,172,0,1639,-91,3198.1,26,0,2984.0,2,2003-04,40.2,101.5,102.0,102.0,102.4,103.8,103.8,-0.9,-1.8,-1.8,0.385,2.89,28.3,0.018,0.063,0.04,9.8,9.8,0.463,0.519,0.251,0.255,94.13,93.24,77.7,93.24,0.137,6332,7.4,17.1,Stephon Marbury
2581,Steve,1610612764,WAS,24.0,75,22,53,0.293,1387.243333333333,157,407,0.386,75,202,0.371,55,67,0.821,18,99,117,209,128,57,7,11,100,0,444,-101,961.9,1,0,973.0,1,2003-04,18.5,95.9,95.6,95.6,100.3,99.2,99.2,-4.4,-3.6,-3.6,0.26,1.63,27.0,0.013,0.074,0.042,16.5,16.5,0.478,0.509,0.178,0.182,94.72,95.33,79.44,95.33,0.078,2754,2.1,5.4,Steve Blake
1883,Steve,1610612745,HOU,27.0,79,44,35,0.557,3196.4216666666666,450,1117,0.403,73,250,0.292,337,435,0.775,116,317,433,493,294,139,35,48,257,1,1310,196,2797.1,11,0,2657.0,1,2003-04,40.5,99.0,100.0,100.0,96.0,97.0,97.0,3.0,3.0,3.0,0.276,1.68,23.4,0.039,0.097,0.07,14.0,14.0,0.436,0.501,0.235,0.237,90.79,89.87,74.89,89.87,0.111,5993,5.7,14.1,Steve Francis
959,Steve,1610612742,DAL,30.0,78,50,28,0.641,2615.365,397,845,0.47,104,257,0.405,230,251,0.916,59,173,232,687,209,67,8,27,139,0,1128,245,2452.9,28,1,2301.0,1,2003-04,33.5,110.4,111.4,111.4,105.7,106.9,106.9,4.7,4.5,4.5,0.37,3.29,37.5,0.022,0.066,0.044,11.4,11.3,0.531,0.59,0.188,0.193,97.14,96.23,80.2,96.23,0.126,5247,5.1,10.8,Steve Nash
2212,Steven,1610612753,ORL,22.0,59,13,46,0.22,790.2116666666667,82,155,0.529,0,0,0.0,23,69,0.333,54,116,170,12,29,5,73,21,101,0,187,-188,614.0,0,0,525.0,1,2003-04,13.4,96.1,96.7,96.7,108.6,107.8,107.8,-12.5,-11.1,-11.1,0.025,0.41,5.3,0.065,0.142,0.103,12.7,12.8,0.529,0.504,0.123,0.125,92.65,92.69,77.25,92.69,0.053,1517,1.4,2.6,Steven Hunter
120,Steven,1610612740,NOH,35.0,71,32,39,0.451,922.2866666666666,119,293,0.406,43,107,0.402,77,83,0.928,27,54,81,56,42,15,6,9,91,0,358,-20,560.2,0,0,580.0,1,2003-04,13.0,100.7,100.6,100.6,104.5,102.6,102.6,-3.8,-2.0,-2.0,0.109,1.33,13.2,0.028,0.066,0.046,9.9,9.8,0.48,0.543,0.177,0.183,91.46,92.38,76.98,92.38,0.068,1783,1.7,4.1,Steven Smith
2031,Stromile,1610612763,MEM,24.0,77,48,29,0.623,1530.045,268,571,0.469,1,4,0.25,190,262,0.725,141,237,378,38,88,56,118,37,188,0,727,82,1671.6,6,0,1492.0,1,2003-04,19.9,100.5,100.9,100.9,98.0,98.0,98.0,2.5,2.9,2.9,0.043,0.43,4.7,0.089,0.153,0.121,10.8,10.8,0.47,0.53,0.219,0.223,95.35,95.21,79.34,95.21,0.118,3032,3.5,7.4,Stromile Swift
2551,T.J.,1610612749,MIL,21.0,55,29,26,0.527,1484.0883333333334,153,398,0.384,5,21,0.238,80,98,0.816,37,140,177,356,139,60,3,29,123,0,391,7,1187.4,3,0,1055.0,1,2003-04,27.0,100.2,100.9,100.9,100.3,100.7,100.7,-0.1,0.2,0.2,0.375,2.56,37.9,0.024,0.094,0.059,14.8,14.8,0.391,0.443,0.174,0.176,93.83,93.34,77.79,93.34,0.093,2886,2.8,7.2,T.J. Ford
2447,Tamar,1610612751,NJN,24.0,22,11,11,0.5,158.82666666666665,21,60,0.35,4,12,0.333,7,14,0.5,10,15,25,14,11,7,1,5,20,0,53,-52,117.0,0,0,112.0,1,2003-04,7.2,94.1,91.0,91.0,108.3,106.0,106.0,-14.2,-15.0,-15.0,0.169,1.27,15.2,0.063,0.106,0.084,12.0,12.1,0.383,0.401,0.214,0.223,92.19,94.74,78.95,94.74,0.038,311,1.0,2.7,Tamar Slay
2419,Tayshaun,1610612765,DET,24.0,82,54,28,0.659,2696.6666666666665,338,723,0.467,57,157,0.363,108,141,0.766,93,297,390,191,119,63,69,40,149,0,841,364,1872.5,2,0,1743.0,1,2003-04,32.9,100.0,100.7,100.7,92.8,93.7,93.7,7.2,7.0,7.0,0.122,1.61,17.5,0.036,0.11,0.073,10.9,10.9,0.507,0.536,0.153,0.156,90.88,90.17,75.14,90.17,0.101,5072,4.1,8.8,Tayshaun Prince
689,Theo,1610612757,POR,31.0,85,35,50,0.412,2661.69,266,549,0.485,0,0,0.0,140,217,0.645,195,419,614,71,120,54,307,31,300,2,672,-51,2478.3,8,0,2079.0,2,2003-04,31.3,98.3,98.7,98.7,98.8,99.5,99.5,-0.5,-0.7,-0.7,0.043,0.59,8.4,0.079,0.152,0.118,14.3,14.4,0.485,0.521,0.135,0.136,90.23,89.7,74.75,89.7,0.084,4967,3.1,6.5,Theo Ratliff
2604,Theron,1610612763,MEM,23.0,20,13,7,0.65,178.94,16,43,0.372,6,12,0.5,6,8,0.75,13,28,41,7,14,5,5,5,18,0,44,0,119.7,0,0,118.0,1,2003-04,8.9,96.1,94.3,94.3,95.1,93.2,93.2,1.0,1.1,1.1,0.065,0.5,10.4,0.072,0.151,0.112,20.9,20.7,0.442,0.473,0.147,0.153,92.6,94.42,78.69,94.42,0.065,350,0.8,2.2,Theron Smith
2357,Tierre,1610612740,NOH,25.0,3,0,3,0.0,18.276666666666667,2,4,0.5,0,0,0.0,2,4,0.5,0,1,1,2,7,0,0,0,1,0,6,-20,3.2,0,0,9.0,1,2003-04,6.1,52.0,48.5,48.5,118.7,109.1,109.1,-66.7,-60.6,-60.6,0.4,0.29,13.3,0.0,0.056,0.029,46.7,47.4,0.5,0.521,0.351,0.378,80.21,86.67,72.22,86.67,-0.072,33,0.7,1.3,Tierre Brown
1495,Tim,1610612759,SAS,28.0,69,51,18,0.739,2524.8766666666666,592,1181,0.501,2,12,0.167,352,588,0.599,227,632,859,213,183,62,185,87,164,0,1538,545,3446.3,56,0,3106.0,1,2003-04,36.6,101.0,101.5,101.5,89.7,90.1,90.1,11.3,11.4,11.4,0.17,1.16,11.6,0.092,0.247,0.171,9.9,10.0,0.502,0.534,0.296,0.3,90.52,90.07,75.06,90.07,0.212,4741,8.6,17.1,Tim Duncan
1501,Tim,1610612752,NYK,27.0,66,35,31,0.53,2089.1266666666666,363,813,0.446,73,194,0.376,171,218,0.784,64,256,320,124,116,64,20,53,196,0,970,28,1676.0,3,0,1655.0,2,2003-04,31.7,102.3,102.4,102.4,101.7,101.8,101.8,0.7,0.5,0.5,0.102,1.07,10.8,0.03,0.127,0.078,10.1,10.1,0.491,0.534,0.219,0.224,92.31,92.23,76.86,92.23,0.095,4017,5.5,12.3,Tim Thomas
339,Tom,1610612762,UTA,34.0,55,25,30,0.455,818.4833333333333,70,203,0.345,1,4,0.25,20,28,0.714,65,122,187,63,39,31,12,16,81,0,161,-132,569.9,0,0,498.0,2,2003-04,14.9,93.3,93.3,93.3,101.4,101.5,101.5,-8.0,-8.2,-8.2,0.132,1.62,19.9,0.08,0.165,0.12,12.3,12.3,0.347,0.374,0.143,0.146,89.74,89.7,74.75,89.7,0.069,1526,1.3,3.7,Tom Gugliotta
389,Toni,1610612749,MIL,35.0,73,37,36,0.507,1514.6716666666666,211,506,0.417,49,168,0.292,145,199,0.729,60,211,271,200,110,59,21,20,110,2,616,50,1371.2,2,0,1296.0,1,2003-04,20.7,104.1,103.5,103.5,102.8,102.2,102.2,1.3,1.3,1.3,0.23,1.82,22.1,0.041,0.14,0.091,12.2,12.2,0.465,0.519,0.209,0.214,93.31,93.85,78.21,93.85,0.118,2967,2.9,6.9,Toni Kukoc
1499,Tony,1610612739,CLE,28.0,73,37,36,0.507,1474.7316666666666,170,384,0.443,2,9,0.222,66,89,0.742,118,241,359,58,63,26,67,21,159,2,408,-67,1141.8,3,0,1013.0,2,2003-04,20.2,96.2,97.5,97.5,99.0,99.5,99.5,-2.8,-2.0,-2.0,0.068,0.92,10.6,0.078,0.156,0.118,11.5,11.6,0.445,0.482,0.149,0.151,92.01,91.17,75.97,91.17,0.086,2796,2.3,5.3,Tony Battie
960,Tony,1610612742,DAL,30.0,33,18,15,0.545,514.6833333333333,70,184,0.38,20,66,0.303,37,44,0.841,16,43,59,28,17,27,7,13,46,0,197,-44,394.8,0,0,372.0,1,2003-04,15.6,102.1,100.7,100.7,105.0,105.2,105.2,-2.8,-4.5,-4.5,0.088,1.65,11.2,0.028,0.087,0.055,6.8,6.8,0.435,0.484,0.183,0.188,96.1,96.67,80.55,96.67,0.069,1038,2.1,5.6,Tony Delk
763,Tony,1610612758,SAC,36.0,59,44,15,0.746,783.0133333333333,104,219,0.475,0,1,0.0,43,63,0.683,57,131,188,29,45,14,18,15,144,0,251,-129,571.1,0,0,532.0,1,2003-04,13.3,96.7,96.3,96.3,105.3,104.1,104.1,-8.6,-7.7,-7.7,0.066,0.64,9.1,0.07,0.17,0.118,14.1,14.0,0.475,0.509,0.167,0.171,92.62,93.33,77.78,93.33,0.06,1517,1.8,3.7,Tony Massenburg
2225,Tony,1610612759,SAS,22.0,75,54,21,0.72,2578.985,423,946,0.447,62,199,0.312,191,272,0.702,43,194,237,411,179,61,7,45,148,0,1099,395,2024.9,7,0,1945.0,1,2003-04,34.4,101.7,102.3,102.3,93.2,94.1,94.1,8.5,8.3,8.3,0.278,2.3,24.8,0.017,0.076,0.047,10.8,10.8,0.48,0.516,0.222,0.224,91.34,90.64,75.53,90.64,0.115,4866,5.6,12.6,Tony Parker
1765,Torraye,1610612764,WAS,28.0,15,10,5,0.667,149.80833333333334,16,33,0.485,0,0,0.0,8,12,0.667,18,21,39,7,13,4,2,5,29,0,40,26,102.3,0,0,98.0,2,2003-04,10.0,101.3,100.7,100.7,92.2,92.3,92.3,9.1,8.4,8.4,0.083,0.54,12.1,0.125,0.145,0.135,22.4,22.3,0.485,0.522,0.152,0.16,91.05,91.32,76.1,91.32,0.051,286,1.1,2.2,Torraye Braggs
1503,Tracy,1610612753,ORL,25.0,67,19,48,0.284,2687.238333333333,653,1566,0.417,174,513,0.339,398,500,0.796,95,307,402,370,179,93,42,55,129,0,1878,-313,3141.4,12,0,3094.0,1,2003-04,40.1,101.8,103.8,103.8,108.9,109.8,109.8,-7.1,-6.0,-6.0,0.272,2.07,15.9,0.034,0.117,0.075,7.7,7.7,0.473,0.526,0.325,0.33,94.11,92.77,77.31,92.77,0.153,5193,9.7,23.4,Tracy McGrady
145,Tracy,1610612757,POR,32.0,7,4,3,0.571,35.00666666666667,3,12,0.25,2,5,0.4,0,1,0.0,3,2,5,1,2,1,0,1,3,0,8,-5,16.5,0,0,18.0,1,2003-04,5.0,97.4,97.0,97.0,108.4,109.4,109.4,-10.9,-12.4,-12.4,0.045,0.5,6.7,0.083,0.0,0.0,13.3,13.0,0.333,0.322,0.184,0.196,90.03,89.81,74.84,89.81,-0.013,67,0.4,1.7,Tracy Murray
696,Travis,1610612742,DAL,31.0,61,38,23,0.623,762.1766666666666,64,172,0.372,3,20,0.15,40,46,0.87,17,51,68,112,33,31,4,5,66,0,171,121,492.6,0,0,424.0,1,2003-04,12.5,107.3,104.2,104.2,98.1,96.7,96.7,9.1,7.5,7.5,0.209,3.39,33.0,0.021,0.067,0.043,9.7,9.8,0.381,0.445,0.126,0.131,93.68,95.76,79.8,95.76,0.067,1524,1.0,2.8,Travis Best
2580,Travis,1610612737,ATL,26.0,41,13,28,0.317,509.5516666666667,46,130,0.354,9,30,0.3,22,27,0.815,30,40,70,19,15,10,9,11,67,0,123,-10,277.5,0,0,259.0,1,2003-04,12.4,102.3,99.8,99.8,103.2,99.7,99.7,-0.8,0.1,0.1,0.059,1.27,10.7,0.06,0.081,0.071,8.5,8.5,0.388,0.433,0.134,0.139,93.79,96.6,80.5,96.6,0.026,1020,1.1,3.2,Travis Hansen
2566,Travis,1610612757,POR,19.0,8,1,7,0.125,18.738333333333333,3,7,0.429,0,0,0.0,2,4,0.5,2,2,4,1,1,1,0,1,1,0,8,-22,16.3,0,0,15.0,1,2003-04,2.3,66.4,59.5,59.5,125.9,111.9,111.9,-59.5,-52.4,-52.4,0.143,1.0,9.1,0.091,0.118,0.103,9.1,9.3,0.429,0.457,0.222,0.246,96.01,107.59,89.66,107.59,0.073,42,0.4,0.9,Travis Outlaw
1762,Tremaine,1610612765,DET,28.0,36,21,15,0.583,251.135,15,48,0.313,1,8,0.125,13,18,0.722,18,35,53,14,12,9,3,8,37,0,44,-44,152.6,0,0,136.0,1,2003-04,7.0,87.6,82.6,82.6,93.6,89.3,89.3,-6.0,-6.7,-6.7,0.109,1.17,16.9,0.073,0.138,0.106,14.5,14.6,0.323,0.393,0.124,0.131,88.95,93.75,78.13,93.75,0.047,484,0.4,1.3,Tremaine Fowlkes
2239,Trenton,1610612750,MIN,25.0,81,57,24,0.704,2263.2116666666666,177,381,0.465,4,13,0.308,48,61,0.787,68,189,257,133,46,36,54,14,200,1,406,287,1137.9,1,0,980.0,1,2003-04,27.9,104.0,104.0,104.0,96.3,97.2,97.2,7.7,6.8,6.8,0.082,2.89,22.6,0.032,0.08,0.058,7.8,7.8,0.47,0.498,0.093,0.095,91.81,91.42,76.18,91.42,0.049,4308,2.2,4.7,Trenton Hassell
2559,Troy,1610612763,MEM,23.0,6,5,1,0.833,34.9,4,18,0.222,0,4,0.0,3,3,1.0,3,1,4,4,6,1,0,4,6,0,11,7,18.8,0,0,21.0,1,2003-04,5.8,98.1,96.1,96.1,90.1,88.2,88.2,8.0,7.9,7.9,0.182,0.67,13.8,0.086,0.028,0.056,20.7,20.5,0.222,0.285,0.278,0.293,103.04,105.21,87.68,105.21,-0.074,77,0.7,3.0,Troy Bell
1607,Troy,1610612750,MIN,28.0,29,19,10,0.655,505.46,80,207,0.386,31,77,0.403,27,33,0.818,4,31,35,70,34,7,0,9,32,0,218,-47,352.0,0,0,368.0,1,2003-04,17.4,98.0,97.1,97.1,102.9,102.0,102.0,-4.8,-4.8,-4.8,0.252,2.06,21.6,0.008,0.06,0.035,10.5,10.4,0.461,0.492,0.232,0.24,91.27,92.11,76.76,92.11,0.082,970,2.8,7.1,Troy Hudson
2211,Troy,1610612744,GSW,24.0,28,13,15,0.464,612.4866666666667,107,243,0.44,5,17,0.294,60,80,0.75,48,125,173,20,34,12,17,18,58,0,279,-37,569.6,4,0,535.0,1,2003-04,21.9,97.8,97.4,97.4,100.3,101.4,101.4,-2.6,-4.0,-4.0,0.06,0.59,6.0,0.081,0.207,0.144,10.2,10.2,0.451,0.501,0.231,0.235,92.22,91.93,76.61,91.93,0.118,1178,3.8,8.7,Troy Murphy
238,Tyrone,1610612748,MIA,36.0,5,0,5,0.0,37.29,3,5,0.6,0,0,0.0,3,4,0.75,5,3,8,0,2,0,1,1,10,0,9,-16,19.6,0,0,19.0,1,2003-04,7.5,82.5,85.1,85.1,110.5,109.7,109.7,-27.9,-24.6,-24.6,0.0,0.0,0.0,0.125,0.083,0.105,22.2,22.8,0.6,0.666,0.103,0.101,95.15,93.97,78.31,93.97,0.0,74,0.6,1.0,Tyrone Hill
1731,Tyronn,1610612753,ORL,27.0,76,17,59,0.224,2336.0583333333334,309,714,0.433,80,209,0.383,101,131,0.771,26,161,187,317,124,61,5,28,185,0,799,-418,1572.9,2,0,1515.0,1,2003-04,30.7,99.3,100.7,100.7,109.5,110.0,110.0,-10.2,-9.3,-9.3,0.225,2.56,26.4,0.011,0.071,0.04,10.3,10.2,0.489,0.518,0.17,0.174,93.72,92.84,77.37,92.84,0.079,4519,4.1,9.4,Tyronn Lue
2199,Tyson,1610612741,CHI,21.0,35,9,26,0.257,786.7116666666667,67,158,0.424,0,1,0.0,79,118,0.669,82,188,270,23,38,17,43,19,87,0,213,-156,713.5,6,0,626.0,1,2003-04,22.5,87.7,87.9,87.9,97.2,97.9,97.9,-9.5,-10.0,-10.0,0.052,0.61,8.5,0.097,0.235,0.164,14.0,14.0,0.424,0.507,0.139,0.141,95.25,94.78,78.99,94.78,0.114,1553,1.9,4.5,Tyson Chandler
2617,Udonis,1610612748,MIA,24.0,75,39,36,0.52,1796.5316666666668,205,447,0.459,0,3,0.0,140,183,0.765,189,284,473,51,74,33,24,59,197,2,550,-17,1291.1,11,0,1188.0,1,2003-04,24.0,98.8,99.0,99.0,98.8,99.2,99.2,0.0,-0.2,-0.2,0.049,0.69,7.8,0.107,0.165,0.135,11.3,11.3,0.459,0.521,0.154,0.157,90.76,90.44,75.37,90.44,0.095,3379,2.7,6.0,Udonis Haslem
452,Vin,1610612752,NYK,32.0,54,26,28,0.481,1321.2266666666667,208,432,0.481,1,3,0.333,114,157,0.726,112,168,280,66,77,29,32,59,160,0,531,-77,1072.0,5,0,1000.0,2,2003-04,24.5,99.8,99.8,99.8,101.4,102.0,102.0,-1.7,-2.1,-2.1,0.09,0.86,10.3,0.089,0.126,0.108,12.0,12.0,0.483,0.53,0.199,0.204,93.0,92.73,77.28,92.73,0.088,2541,3.9,8.0,Vin Baker
1713,Vince,1610612761,TOR,27.0,73,33,40,0.452,2786.52,608,1457,0.417,93,243,0.383,336,417,0.806,95,254,349,348,224,88,65,53,212,0,1645,-8,2820.8,7,0,2741.0,1,2003-04,38.2,98.2,98.4,98.4,97.8,98.5,98.5,0.4,-0.1,-0.1,0.262,1.55,15.8,0.035,0.092,0.063,10.1,10.1,0.449,0.501,0.315,0.321,89.75,89.34,74.45,89.34,0.131,5186,8.3,20.0,Vince Carter
958,Vitaly,1610612760,SEA,29.0,65,29,36,0.446,1422.4266666666667,200,409,0.489,0,0,0.0,59,92,0.641,101,188,289,53,77,22,28,23,161,1,459,-85,958.3,3,0,901.0,1,2003-04,21.9,105.1,106.3,106.3,108.5,108.9,108.9,-3.4,-2.5,-2.5,0.061,0.69,9.1,0.075,0.143,0.109,13.2,13.3,0.489,0.511,0.173,0.174,90.85,90.13,75.11,90.13,0.064,2663,3.1,6.3,Vitaly Potapenko
124,Vlade,1610612758,SAC,36.0,81,54,27,0.667,2313.24,314,668,0.47,2,13,0.154,170,260,0.654,136,327,463,432,173,57,77,72,222,1,800,350,2232.6,8,1,1965.0,1,2003-04,28.6,110.3,111.2,111.2,103.2,103.7,103.7,7.1,7.5,7.5,0.273,2.5,31.0,0.063,0.144,0.105,12.4,12.5,0.472,0.511,0.187,0.188,95.23,94.61,78.84,94.61,0.101,4563,3.9,8.2,Vlade Divac
2209,Vladimir,1610612760,SEA,23.0,77,35,42,0.455,2322.54,345,812,0.425,140,377,0.371,95,127,0.748,104,302,406,142,109,80,42,47,187,0,925,12,1882.2,6,0,1857.0,1,2003-04,30.2,105.3,105.6,105.6,105.0,105.7,105.7,0.3,0.0,0.0,0.102,1.3,12.7,0.046,0.132,0.089,9.7,9.7,0.511,0.533,0.191,0.194,93.27,92.83,77.35,92.83,0.095,4498,4.5,10.5,Vladimir Radmanovic
1735,Vladimir,1610612757,POR,28.0,42,17,25,0.405,453.53333333333336,43,103,0.417,0,0,0.0,22,36,0.611,50,75,125,23,19,11,15,11,61,0,108,40,351.5,0,0,308.0,1,2003-04,10.8,100.0,99.2,99.2,94.9,93.4,93.4,5.0,5.8,5.8,0.082,1.21,14.2,0.11,0.176,0.142,11.7,11.8,0.417,0.454,0.139,0.142,87.99,89.06,74.22,89.06,0.075,837,1.0,2.5,Vladimir Stepania
702,Voshon,1610612743,DEN,31.0,73,38,35,0.521,2244.425,394,933,0.422,106,289,0.367,144,182,0.791,46,154,200,151,101,61,12,46,177,0,1038,53,1622.5,0,0,1641.0,1,2003-04,30.7,101.8,102.9,102.9,100.8,101.9,101.9,1.0,1.0,1.0,0.111,1.5,12.1,0.02,0.07,0.045,8.1,8.0,0.479,0.512,0.211,0.218,96.42,95.37,79.48,95.37,0.078,4463,5.4,12.8,Voshon Lenard
1887,Wally,1610612750,MIN,27.0,28,19,9,0.679,623.6766666666666,106,236,0.449,20,46,0.435,53,64,0.828,24,64,88,33,28,12,1,13,42,0,285,93,451.1,0,0,452.0,1,2003-04,22.3,101.5,100.2,100.2,92.5,93.3,93.3,9.0,6.8,6.8,0.1,1.18,10.1,0.039,0.092,0.067,8.6,8.6,0.492,0.539,0.213,0.218,91.3,91.51,76.26,91.51,0.114,1195,3.8,8.4,Wally Szczerbiak
962,Walter,1610612738,BOS,30.0,77,33,44,0.429,1898.575,203,523,0.388,137,366,0.374,62,82,0.756,28,211,239,124,91,72,22,14,179,0,605,-82,1268.8,1,0,1293.0,1,2003-04,24.7,99.9,99.4,99.4,101.0,101.3,101.3,-1.1,-1.9,-1.9,0.109,1.36,16.0,0.016,0.109,0.064,11.7,11.8,0.519,0.541,0.154,0.157,96.45,96.5,80.42,96.5,0.072,3813,2.6,6.8,Walter McCarty
1917,Wang,1610612748,MIA,26.0,16,9,7,0.563,114.29333333333334,17,46,0.37,4,14,0.286,9,10,0.9,4,14,18,2,6,3,5,6,13,0,47,11,89.6,0,0,87.0,2,2003-04,7.1,98.3,93.7,93.7,91.9,90.7,90.7,6.3,2.9,2.9,0.033,0.33,3.4,0.038,0.104,0.075,10.2,10.3,0.413,0.466,0.227,0.24,89.01,91.76,76.47,91.76,0.077,221,1.1,2.9,Wang Zhi-zhi
445,Wesley,1610612737,ATL,33.0,58,25,33,0.431,1034.7716666666668,126,314,0.401,55,138,0.399,31,39,0.795,16,101,117,66,38,19,9,6,38,0,338,-134,623.4,1,0,632.0,3,2003-04,17.8,97.2,95.8,95.8,105.1,103.6,103.6,-8.0,-7.8,-7.8,0.11,1.74,15.3,0.015,0.103,0.058,8.8,8.7,0.489,0.51,0.159,0.165,90.91,92.22,76.85,92.22,0.084,1999,2.2,5.4,Wesley Person
2584,Willie,1610612755,PHI,22.0,53,22,31,0.415,767.5016666666667,143,357,0.401,19,61,0.311,59,81,0.728,16,49,65,53,59,26,5,24,83,0,364,-63,555.5,0,0,563.0,1,2003-04,14.5,95.6,94.6,94.6,99.5,98.1,98.1,-3.9,-3.5,-3.5,0.151,0.9,10.5,0.02,0.064,0.042,11.6,11.7,0.427,0.464,0.266,0.275,90.82,91.93,76.61,91.93,0.062,1464,2.7,6.7,Willie Green
2397,ao Ming,1610612745,HOU,23.0,82,45,37,0.549,2701.445,535,1025,0.522,0,2,0.0,361,446,0.809,197,538,735,122,204,22,156,76,273,0,1431,209,2826.0,33,0,2644.0,1,2003-04,32.9,99.9,100.8,100.8,96.2,96.8,96.8,3.6,3.9,3.9,0.09,0.6,7.9,0.082,0.196,0.142,13.2,13.2,0.522,0.586,0.249,0.252,90.1,89.44,74.53,89.44,0.158,5039,6.5,12.5,Yao Ming
2216,Zach,1610612757,POR,22.0,81,41,40,0.506,3072.238333333333,663,1368,0.485,1,5,0.2,299,393,0.761,242,609,851,163,247,68,41,121,227,2,1626,-58,2971.7,43,0,2859.0,1,2003-04,37.9,101.2,102.2,102.2,102.8,103.2,103.2,-1.6,-1.1,-1.1,0.101,0.66,8.4,0.085,0.21,0.148,12.7,12.7,0.485,0.528,0.272,0.276,89.15,88.51,73.76,88.51,0.133,5667,8.2,16.9,Zach Randolph
2560,Zarko,1610612756,PHX,23.0,49,20,29,0.408,574.5916666666667,81,197,0.411,6,32,0.188,35,53,0.66,26,73,99,40,54,10,13,15,75,0,203,-140,396.8,0,0,394.0,1,2003-04,11.7,93.6,93.3,93.3,105.2,105.0,105.0,-11.5,-11.7,-11.7,0.12,0.74,12.8,0.045,0.124,0.085,17.3,17.2,0.426,0.461,0.207,0.212,95.46,95.73,79.78,95.73,0.048,1143,1.7,4.0,Zarko Cabarkapa
2585,Zaza,1610612753,ORL,20.0,59,13,46,0.22,658.9166666666666,68,175,0.389,0,0,0.0,58,90,0.644,69,105,174,13,34,21,12,25,87,1,194,-65,487.3,0,0,447.0,1,2003-04,11.2,95.9,95.8,95.8,102.3,99.5,99.5,-6.3,-3.8,-3.8,0.033,0.38,4.9,0.098,0.161,0.129,12.9,13.0,0.389,0.452,0.163,0.168,93.99,95.36,79.46,95.36,0.059,1301,1.2,3.0,Zaza Pachulia
1442,Zeljko,1610612737,ATL,32.0,24,9,15,0.375,269.8383333333333,34,77,0.442,0,0,0.0,23,30,0.767,23,35,58,6,17,5,11,4,52,3,91,-37,200.6,0,0,187.0,2,2003-04,11.2,97.8,97.8,97.8,106.4,105.4,105.4,-8.7,-7.6,-7.6,0.04,0.35,5.3,0.086,0.138,0.112,14.9,15.0,0.442,0.504,0.182,0.186,88.11,88.5,73.75,88.5,0.048,498,1.4,3.2,Zeljko Rebraca
1985,Zendon,1610612755,PHI,29.0,46,16,30,0.348,470.7366666666667,51,95,0.537,0,0,0.0,67,96,0.698,49,97,146,13,27,8,8,13,74,0,169,-66,384.7,2,0,360.0,1,2003-04,10.2,93.5,92.5,92.5,100.9,99.2,99.2,-7.4,-6.8,-6.8,0.049,0.48,7.3,0.108,0.212,0.16,15.3,15.2,0.537,0.616,0.154,0.16,92.07,93.4,77.84,93.4,0.112,914,1.1,2.1,Zendon Hamilton
2565,Zoran,1610612751,NJN,21.0,49,31,18,0.633,466.7433333333333,53,129,0.411,9,32,0.281,38,60,0.633,14,41,55,68,36,13,3,11,70,0,153,-77,333.0,0,0,317.0,1,2003-04,9.5,91.0,88.4,88.4,100.4,97.0,97.0,-9.4,-8.5,-8.5,0.274,1.89,26.1,0.032,0.096,0.063,13.8,13.9,0.446,0.492,0.19,0.197,88.86,91.68,76.4,91.68,0.067,891,1.1,2.6,Zoran Planinic
980,Zydrunas,1610612739,CLE,29.0,81,34,47,0.42,2543.173333333333,466,965,0.483,2,7,0.286,303,406,0.746,279,374,653,109,163,39,201,82,277,0,1237,-173,2741.1,22,0,2481.0,1,2003-04,31.4,99.3,100.7,100.7,102.9,104.1,104.1,-3.7,-3.4,-3.4,0.074,0.67,7.7,0.107,0.146,0.126,11.4,11.5,0.484,0.541,0.228,0.229,94.12,92.93,77.44,92.93,0.113,4921,5.8,11.9,Zydrunas Ilgauskas
