PLAYER_ID,PLAYER_NAME,NICKNAME,TEAM_ID,TEAM_ABBREVIATION,AGE,GP,W,L,W_PCT,MIN_trad,FGM,FGA,FG_PCT,FG3M,FG3A,FG3_PCT,FTM,FTA,FT_PCT,OREB,DREB,REB,AST,TOV,STL,BLK,BLKA,PF,PFD,PTS,PLUS_MINUS,NBA_FANTASY_PTS,DD2,TD3,WNBA_FANTASY_PTS,TEAM_COUNT,SEASON,MIN_adv,E_OFF_RATING,OFF_RATING,sp_work_OFF_RATING,E_DEF_RATING,DEF_RATING,sp_work_DEF_RATING,E_NET_RATING,NET_RATING,sp_work_NET_RATING,AST_PCT,AST_TO,AST_RATIO,OREB_PCT,DREB_PCT,REB_PCT,TM_TOV_PCT,E_TOV_PCT,EFG_PCT,TS_PCT,USG_PCT,E_USG_PCT,E_PACE,PACE,PACE_PER40,sp_work_PACE,PIE,POSS,FGM_PG,FGA_PG
243,Aaron McKie,Aaron,1610612755,PHI,32.0,68,35,33,0.515,1126.0566666666666,61,142,0.43,20,62,0.323,10,16,0.625,20,152,172,103,31,48,17,11,116,0,152,11,676.9,0,0,577.0,1,2004-05,16.6,101.4,100.4,100.4,101.2,99.7,99.7,0.2,0.7,0.7,0.135,3.32,36.4,0.017,0.135,0.075,11.0,11.0,0.5,0.51,0.068,0.07,97.86,99.06,82.55,99.06,0.066,2321,0.9,2.1
1425,Aaron Williams,Aaron,1610612761,TOR,33.0,42,13,29,0.31,311.5833333333333,29,63,0.46,0,0,0.0,15,17,0.882,17,43,60,8,17,5,8,7,70,0,73,-136,179.0,0,0,167.0,2,2004-05,7.4,87.0,86.4,86.4,108.3,106.4,106.4,-21.2,-20.0,-20.0,0.049,0.47,8.4,0.055,0.152,0.101,17.9,17.8,0.46,0.518,0.128,0.132,94.14,95.28,79.4,95.28,0.02,612,0.7,1.5
1502,Adonal Foyle,Adonal,1610612744,GSW,30.0,78,31,47,0.397,1700.9766666666667,156,311,0.502,0,0,0.0,40,72,0.556,165,264,429,56,58,26,159,21,201,1,352,-26,1447.8,3,0,1207.0,1,2004-05,21.8,102.0,102.3,102.3,102.0,102.4,102.4,0.0,-0.2,-0.2,0.048,0.97,12.3,0.093,0.152,0.122,12.7,12.7,0.502,0.514,0.104,0.105,95.22,94.87,79.06,94.87,0.072,3352,2.0,4.0
1559,Adrian Griffin,Adrian,1610612741,CHI,30.0,69,38,31,0.551,658.3666666666667,58,161,0.36,2,9,0.222,33,44,0.75,52,94,146,53,30,43,4,9,78,0,151,40,516.7,0,0,446.0,1,2004-05,9.5,95.6,94.8,94.8,92.1,91.1,91.1,3.5,3.8,3.8,0.134,1.77,20.0,0.072,0.138,0.104,11.3,11.4,0.366,0.419,0.136,0.139,95.69,96.64,80.53,96.64,0.09,1320,0.8,2.3
1733,Al Harrington,Al,1610612737,ATL,25.0,66,10,56,0.152,2546.4483333333333,453,986,0.459,16,74,0.216,236,351,0.672,145,316,461,208,204,85,16,74,249,0,1158,-513,2122.2,12,0,2045.0,1,2004-05,38.6,96.8,97.8,97.8,107.8,108.0,108.0,-11.0,-10.2,-10.2,0.148,1.02,13.4,0.057,0.139,0.096,13.1,13.1,0.468,0.508,0.236,0.239,92.89,92.35,76.95,92.35,0.095,4893,6.9,14.9
2744,Al Jefferson,Al,1610612738,BOS,20.0,71,39,32,0.549,1044.215,195,369,0.528,0,3,0.0,85,135,0.63,119,193,312,24,66,22,55,37,195,0,475,-44,1050.4,3,0,965.0,1,2004-05,14.7,102.4,101.3,101.3,104.1,102.8,102.8,-1.8,-1.5,-1.5,0.042,0.36,4.6,0.12,0.178,0.15,12.7,12.7,0.528,0.554,0.206,0.212,94.87,95.96,79.96,95.96,0.102,2081,2.7,5.2
673,Alan Henderson,Alan,1610612742,DAL,32.0,78,55,23,0.705,1196.38,116,220,0.527,0,2,0.0,41,76,0.539,164,184,348,21,49,29,37,28,149,0,273,-162,871.1,2,0,774.0,1,2004-05,15.3,99.0,96.7,96.7,102.6,102.9,102.9,-3.5,-6.1,-6.1,0.029,0.43,6.5,0.133,0.149,0.141,15.1,15.1,0.527,0.539,0.111,0.114,94.29,95.29,79.41,95.29,0.075,2367,1.5,2.8
1893,Aleksandar Radojevic,Aleksandar,1610612762,UTA,28.0,12,1,11,0.083,128.13166666666666,6,19,0.316,0,0,0.0,7,10,0.7,9,19,28,6,15,0,2,5,32,0,19,-14,52.6,0,0,57.0,1,2004-05,10.7,92.5,94.4,94.4,103.9,100.0,100.0,-11.4,-5.6,-5.6,0.07,0.4,13.3,0.075,0.171,0.121,33.3,33.8,0.316,0.406,0.137,0.137,92.08,92.9,77.42,92.9,-0.039,248,0.5,1.6
2682,Alex Garcia,Alex,1610612740,NOH,25.0,8,0,8,0.0,145.60666666666663,18,52,0.346,5,18,0.278,3,4,0.75,7,8,15,18,8,4,1,3,15,0,44,-37,96.0,0,0,92.0,1,2004-05,18.2,88.9,89.2,89.2,105.5,103.4,103.4,-16.6,-14.1,-14.1,0.228,2.25,22.5,0.048,0.069,0.057,10.0,10.0,0.394,0.409,0.196,0.199,87.77,88.51,73.76,88.51,0.052,269,2.3,6.5
275,Allan Houston,Allan,1610612752,NYK,34.0,20,8,12,0.4,534.225,85,205,0.415,31,80,0.388,36,43,0.837,4,19,23,42,21,8,2,5,40,0,237,24,336.6,0,0,353.0,1,2004-05,26.7,106.0,105.6,105.6,104.5,104.2,104.2,1.5,1.4,1.4,0.127,2.0,14.8,0.008,0.039,0.023,7.4,7.3,0.49,0.529,0.207,0.214,91.79,92.05,76.71,92.05,0.071,1029,4.3,10.3
947,Allen Iverson,Allen,1610612755,PHI,30.0,75,41,34,0.547,3176.088333333333,771,1818,0.424,104,338,0.308,656,786,0.835,51,248,299,596,344,180,9,101,140,0,2302,12,3777.8,24,0,3679.0,1,2004-05,42.3,102.5,103.3,103.3,102.2,103.2,103.2,0.3,0.2,0.2,0.361,1.73,19.2,0.016,0.079,0.047,11.1,11.1,0.453,0.532,0.344,0.347,98.21,97.37,81.14,97.37,0.161,6444,10.3,24.2
297,Alonzo Mourning,Alonzo,1610612748,MIA,35.0,37,17,20,0.459,703.6566666666666,100,212,0.472,0,0,0.0,82,141,0.582,53,145,198,18,57,8,74,17,82,0,282,-46,735.6,4,0,662.0,2,2004-05,19.0,95.2,94.0,94.0,97.1,97.7,97.7,-1.9,-3.7,-3.7,0.052,0.32,5.1,0.082,0.2,0.144,16.2,16.3,0.472,0.515,0.22,0.225,89.43,89.74,74.78,89.74,0.12,1317,2.7,5.7
2405,Amar'e Stoudemire,Amar'e,1610612756,PHX,22.0,80,60,20,0.75,2884.786666666667,747,1336,0.559,3,16,0.188,583,795,0.733,219,494,713,131,189,77,130,94,278,1,2080,606,3564.1,27,0,3341.0,1,2004-05,36.1,115.3,116.0,116.0,104.5,105.5,105.5,10.8,10.4,10.4,0.075,0.69,6.5,0.079,0.157,0.121,9.4,9.4,0.56,0.617,0.283,0.286,98.19,97.43,81.19,97.43,0.152,5853,9.3,16.7
2760,Anderson Varejao,Anderson,1610612739,CLE,22.0,54,27,27,0.5,868.7616666666667,99,193,0.513,0,2,0.0,68,127,0.535,109,148,257,27,26,41,38,22,122,1,266,84,825.9,0,0,708.0,1,2004-05,16.1,103.9,104.8,104.8,99.0,99.3,99.3,4.9,5.5,5.5,0.05,1.04,8.9,0.12,0.18,0.148,8.6,8.6,0.513,0.534,0.14,0.142,91.27,90.75,75.62,90.75,0.106,1639,1.8,3.6
2857,Andre Barrett,Andre,1610612753,ORL,23.0,38,17,21,0.447,476.95666666666665,45,124,0.363,14,52,0.269,14,19,0.737,11,29,40,69,27,19,1,8,51,0,118,26,302.5,1,0,281.0,2,2004-05,12.6,102.0,100.6,100.6,99.8,98.5,98.5,2.2,2.1,2.1,0.227,2.56,30.1,0.023,0.06,0.041,11.8,11.8,0.419,0.446,0.145,0.15,93.69,94.9,79.08,94.9,0.056,946,1.2,3.3
2765,Andre Emmett,Andre,1610612763,MEM,22.0,8,5,3,0.625,25.94,2,6,0.333,0,0,0.0,3,5,0.6,0,2,2,0,1,0,0,3,4,0,7,-7,8.4,0,0,9.0,1,2004-05,3.2,73.9,69.2,69.2,89.9,81.1,81.1,-16.0,-11.9,-11.9,0.0,0.0,0.0,0.0,0.074,0.035,11.1,10.9,0.333,0.427,0.158,0.175,89.34,97.15,80.96,97.15,-0.044,52,0.3,0.8
2738,Andre Iguodala,Andre,1610612755,PHI,21.0,82,43,39,0.524,2680.843333333333,269,546,0.493,47,142,0.331,156,210,0.743,89,375,464,246,139,138,48,23,204,0,741,-18,2085.8,5,1,1870.0,1,2004-05,32.7,101.9,101.8,101.8,101.1,101.8,101.8,0.8,0.0,0.0,0.139,1.77,23.9,0.033,0.141,0.087,13.5,13.6,0.536,0.58,0.127,0.129,97.62,97.31,81.09,97.31,0.1,5427,3.3,6.7
1889,Andre Miller,Andre,1610612743,DEN,29.0,82,49,33,0.598,2849.3,427,895,0.477,6,39,0.154,253,302,0.838,100,238,338,569,220,121,8,70,204,0,1113,174,2539.1,13,0,2284.0,1,2004-05,34.7,104.7,105.7,105.7,101.4,102.3,102.3,3.3,3.4,3.4,0.315,2.59,31.3,0.037,0.084,0.061,12.1,12.1,0.48,0.541,0.194,0.196,95.68,94.84,79.04,94.84,0.122,5622,5.2,10.9
1905,Andrei Kirilenko,Andrei,1610612762,UTA,24.0,41,15,26,0.366,1353.1466666666668,207,420,0.493,23,77,0.299,203,259,0.784,89,166,255,132,90,67,136,28,101,0,640,89,1663.0,7,0,1456.0,1,2004-05,33.0,104.6,105.5,105.5,102.1,101.9,101.9,2.6,3.6,3.6,0.178,1.47,17.5,0.074,0.132,0.104,11.9,11.9,0.52,0.599,0.214,0.217,90.09,89.76,74.8,89.76,0.172,2529,5.0,10.2
2804,Andres Nocioni,Andres,1610612741,CHI,25.0,81,47,34,0.58,1895.4983333333328,241,601,0.401,25,97,0.258,170,222,0.766,69,317,386,122,135,37,34,40,208,1,677,-178,1401.2,3,0,1352.0,1,2004-05,23.4,97.0,97.5,97.5,100.8,101.3,101.3,-3.8,-3.8,-3.8,0.111,0.9,12.7,0.036,0.166,0.101,14.0,14.1,0.422,0.484,0.194,0.196,96.05,95.48,79.57,95.48,0.083,3753,3.0,7.4
692,Andrew DeClercq,Andrew,1610612753,ORL,32.0,8,4,4,0.5,50.62833333333333,4,9,0.444,0,0,0.0,1,3,0.333,7,3,10,0,1,2,0,2,14,0,9,-16,26.0,0,0,23.0,1,2004-05,6.3,100.4,100.0,100.0,113.4,109.4,109.4,-13.0,-9.4,-9.4,0.0,0.0,0.0,0.121,0.07,0.099,9.1,8.8,0.444,0.436,0.095,0.1,95.7,97.65,81.38,97.65,-0.025,100,0.5,1.1
2740,Andris Biedrins,Andris,1610612744,GSW,19.0,30,17,13,0.567,382.305,45,78,0.577,0,1,0.0,19,40,0.475,47,71,118,12,12,12,24,15,87,0,109,44,364.6,1,0,311.0,1,2004-05,12.7,110.7,109.8,109.8,104.8,102.6,102.6,5.9,7.2,7.2,0.047,1.0,9.9,0.116,0.173,0.145,9.9,10.0,0.577,0.57,0.122,0.124,93.95,95.3,79.41,95.3,0.071,754,1.5,2.6
358,Anfernee Hardaway,Anfernee,1610612752,NYK,33.0,37,17,20,0.459,895.2883333333333,110,260,0.423,15,50,0.3,34,46,0.739,19,70,89,74,50,28,3,10,79,0,269,-86,529.8,0,0,509.0,1,2004-05,24.2,101.2,100.9,100.9,107.7,105.8,105.8,-6.5,-4.9,-4.9,0.141,1.48,18.4,0.022,0.086,0.053,12.4,12.4,0.452,0.48,0.165,0.169,92.33,93.26,77.72,93.26,0.058,1739,3.0,7.0
1738,Ansu Sesay,Ansu,1610612744,GSW,28.0,16,5,11,0.313,127.885,17,42,0.405,2,8,0.25,13,24,0.542,18,20,38,12,8,2,3,6,16,0,49,-18,119.6,0,0,111.0,1,2004-05,8.0,91.0,91.2,91.2,101.4,98.5,98.5,-10.4,-7.3,-7.3,0.179,1.5,16.4,0.123,0.147,0.135,11.0,11.0,0.429,0.466,0.197,0.2,96.42,97.78,81.48,97.78,0.106,261,1.1,2.6
1712,Antawn Jamison,Antawn,1610612764,WAS,29.0,68,38,30,0.559,2608.795,519,1189,0.437,71,208,0.341,225,296,0.76,160,359,519,154,118,55,16,42,151,0,1334,121,2282.8,24,0,2220.0,1,2004-05,38.4,106.1,107.3,107.3,104.2,105.4,105.4,1.9,1.8,1.8,0.101,1.31,9.7,0.058,0.138,0.097,7.4,7.4,0.466,0.506,0.234,0.237,97.29,96.19,80.16,96.19,0.113,5240,7.6,17.5
1853,Anthony Carter,Anthony,1610612750,MIN,30.0,66,36,30,0.545,715.855,72,177,0.407,2,17,0.118,35,51,0.686,12,57,69,161,62,35,18,7,88,0,181,2,602.3,0,0,519.0,1,2004-05,10.8,101.9,100.3,100.3,99.0,98.4,98.4,2.9,1.9,1.9,0.355,2.6,38.1,0.018,0.079,0.049,14.7,14.7,0.412,0.454,0.166,0.172,91.56,92.53,77.11,92.53,0.082,1368,1.1,2.7
924,Anthony Goldwire,Anthony,1610612749,MIL,33.0,33,10,23,0.303,530.34,57,136,0.419,32,80,0.4,26,31,0.839,10,49,59,78,15,15,0,4,32,0,172,-71,389.8,0,0,371.0,2,2004-05,16.1,104.5,102.1,102.1,108.6,109.4,109.4,-4.1,-7.3,-7.3,0.252,5.2,32.0,0.02,0.096,0.058,6.1,6.2,0.537,0.575,0.143,0.148,91.07,91.82,76.52,91.82,0.108,1016,1.7,4.1
1533,Anthony Johnson,Anthony,1610612754,IND,30.0,63,34,29,0.54,1756.1733333333334,203,456,0.445,41,108,0.38,85,113,0.752,32,147,179,302,96,59,15,25,144,0,532,25,1325.8,3,0,1202.0,1,2004-05,27.9,103.4,103.4,103.4,103.2,102.6,102.6,0.3,0.8,0.8,0.309,3.15,33.3,0.02,0.086,0.054,10.6,10.6,0.49,0.526,0.164,0.166,88.71,88.94,74.12,88.94,0.108,3253,3.2,7.2
292,Anthony Miller,Anthony,1610612737,ATL,33.0,2,0,2,0.0,9.7,2,3,0.667,0,0,0.0,0,0,0.0,0,1,1,1,1,1,0,0,2,0,4,2,8.7,0,0,8.0,1,2004-05,4.9,108.5,96.2,96.2,87.5,82.1,82.1,21.0,14.0,14.0,0.25,1.0,20.0,0.0,0.0,0.0,20.0,20.0,0.667,0.667,0.133,0.148,122.03,133.61,111.34,133.61,0.14,26,1.0,1.5
324,Anthony Peeler,Anthony,1610612764,WAS,35.0,40,19,21,0.475,526.8783333333333,56,150,0.373,25,65,0.385,16,18,0.889,14,51,65,57,28,18,2,6,39,0,153,-105,348.5,0,0,340.0,1,2004-05,13.2,97.6,97.7,97.7,109.8,108.2,108.2,-12.2,-10.5,-10.5,0.18,2.04,23.5,0.024,0.103,0.06,11.5,11.5,0.457,0.484,0.153,0.157,94.72,95.34,79.45,95.34,0.075,1049,1.4,3.8
952,Antoine Walker,Antoine,1610612738,BOS,28.0,77,26,51,0.338,2965.4366666666665,581,1377,0.422,110,341,0.323,201,373,0.539,182,513,695,265,253,89,58,104,217,0,1473,-526,2892.5,31,0,2837.0,2,2004-05,38.5,99.3,99.7,99.7,107.8,109.1,109.1,-8.6,-9.4,-9.4,0.163,1.05,12.9,0.061,0.188,0.122,12.3,12.3,0.462,0.478,0.268,0.272,94.12,93.37,77.81,93.37,0.109,5776,7.5,17.9
2766,Antonio Burks,Antonio,1610612763,MEM,25.0,24,10,14,0.417,217.41166666666663,28,60,0.467,3,11,0.273,14,19,0.737,1,11,12,28,12,13,1,8,25,0,73,-34,159.4,0,0,144.0,1,2004-05,9.1,97.1,93.4,93.4,104.6,99.8,99.8,-7.5,-6.3,-6.3,0.252,2.33,25.7,0.005,0.057,0.03,11.0,11.1,0.492,0.534,0.177,0.185,87.58,91.4,76.17,91.4,0.09,410,1.2,2.5
1498,Antonio Daniels,Antonio,1610612760,SEA,30.0,75,50,25,0.667,2025.9416666666664,273,623,0.438,49,165,0.297,248,304,0.816,20,149,169,309,78,51,3,28,78,0,843,206,1593.3,1,0,1478.0,1,2004-05,27.0,110.5,110.9,110.9,106.3,106.2,106.2,4.2,4.7,4.7,0.261,3.96,27.0,0.01,0.077,0.044,6.8,6.8,0.478,0.557,0.185,0.189,92.11,91.94,76.62,91.94,0.133,3891,3.6,8.3
213,Antonio Davis,Antonio,1610612741,CHI,36.0,72,41,31,0.569,1842.743333333333,193,419,0.461,0,0,0.0,115,152,0.757,152,276,428,80,96,27,41,28,147,0,501,5,1242.6,4,0,1145.0,1,2004-05,25.6,96.6,98.3,98.3,96.5,97.3,97.3,0.1,1.0,1.0,0.071,0.83,12.0,0.081,0.148,0.114,14.4,14.5,0.461,0.516,0.143,0.143,94.23,93.08,77.57,93.08,0.089,3558,2.7,5.8
686,Antonio McDyess,Antonio,1610612765,DET,30.0,77,51,26,0.662,1805.085,307,598,0.513,0,1,0.0,126,192,0.656,177,305,482,71,93,46,52,35,204,0,740,5,1625.9,6,0,1489.0,1,2004-05,23.4,101.3,101.4,101.4,101.1,100.7,100.7,0.2,0.7,0.7,0.073,0.76,8.3,0.102,0.181,0.141,10.9,11.0,0.513,0.542,0.198,0.201,88.85,88.96,74.14,88.96,0.121,3336,4.0,7.8
1506,Austin Croshere,Austin,1610612754,IND,30.0,73,40,33,0.548,1826.325,188,497,0.378,45,174,0.259,226,256,0.883,103,272,375,98,104,48,17,44,154,1,647,-168,1335.0,4,0,1295.0,1,2004-05,25.0,100.1,99.9,99.9,106.5,105.1,105.1,-6.4,-5.2,-5.2,0.099,0.94,12.1,0.06,0.162,0.11,12.9,12.8,0.424,0.531,0.18,0.185,90.57,91.28,76.07,91.28,0.097,3479,2.6,6.8
2852,Awvee Storey,Awvee,1610612751,NJN,28.0,9,2,7,0.222,27.058333333333334,3,10,0.3,1,2,0.5,1,2,0.5,4,1,5,1,0,0,0,0,3,0,8,-13,15.5,0,0,15.0,1,2004-05,3.0,87.8,79.6,79.6,105.9,94.9,94.9,-18.1,-15.3,-15.3,0.071,0.0,8.3,0.121,0.0,0.0,0.0,0.0,0.35,0.368,0.175,0.191,90.33,100.23,83.52,100.23,0.015,54,0.3,1.1
1884,Baron Davis,Baron,1610612744,GSW,26.0,46,21,25,0.457,1581.7966666666666,291,752,0.387,118,354,0.333,185,243,0.761,32,143,175,362,131,81,14,24,126,0,885,62,1792.0,12,1,1730.0,2,2004-05,34.4,108.3,109.8,109.8,106.0,107.6,107.6,2.2,2.1,2.1,0.391,2.76,26.9,0.019,0.09,0.053,9.7,9.7,0.465,0.515,0.273,0.278,94.31,92.96,77.47,92.96,0.134,3062,6.3,16.3
2732,Ben Gordon,Ben,1610612741,CHI,22.0,82,47,35,0.573,2013.0933333333328,434,1056,0.411,134,331,0.405,233,270,0.863,55,160,215,164,186,53,10,57,224,0,1235,147,1742.0,0,0,1874.0,1,2004-05,24.5,99.8,100.3,100.3,95.8,96.1,96.1,4.0,4.2,4.2,0.165,0.88,10.8,0.027,0.074,0.052,12.3,12.2,0.474,0.526,0.294,0.3,95.82,95.4,79.5,95.4,0.105,3991,5.3,12.9
1052,Ben Handlogten,Ben,1610612762,UTA,31.0,21,6,15,0.286,294.7083333333333,43,83,0.518,0,1,0.0,9,17,0.529,23,42,65,13,18,7,5,6,55,0,95,-43,210.5,1,0,197.0,1,2004-05,14.0,101.3,100.4,100.4,109.8,108.6,108.6,-8.5,-8.3,-8.3,0.075,0.72,10.7,0.091,0.179,0.133,14.9,14.8,0.518,0.525,0.168,0.173,89.71,90.64,75.53,90.64,0.058,558,2.0,4.0
1112,Ben Wallace,Ben,1610612765,DET,30.0,74,51,23,0.689,2673.775,295,651,0.453,1,9,0.111,130,304,0.428,292,610,902,123,82,106,176,49,159,1,721,343,2751.9,29,0,2311.0,1,2004-05,36.1,104.5,105.1,105.1,96.9,98.0,98.0,7.6,7.1,7.1,0.075,1.5,12.4,0.111,0.227,0.169,8.2,8.3,0.454,0.459,0.15,0.152,90.01,89.23,74.36,89.23,0.126,4966,4.0,8.8
2757,Beno Udrih,Beno,1610612759,SAS,22.0,80,57,23,0.713,1155.2,173,390,0.444,58,142,0.408,67,89,0.753,16,67,83,150,77,41,10,21,96,0,471,127,871.6,1,0,864.0,1,2004-05,14.4,104.1,102.3,102.3,96.2,97.2,97.2,7.8,5.1,5.1,0.233,1.95,22.8,0.014,0.058,0.037,11.7,11.7,0.518,0.549,0.198,0.205,91.49,91.83,76.52,91.83,0.099,2217,2.2,4.9
2774,Bernard Robinson,Bernard,1610612766,CHA,24.0,31,6,25,0.194,328.9533333333333,36,81,0.444,3,8,0.375,18,26,0.692,14,34,48,30,20,11,4,8,42,0,93,-99,220.6,0,0,204.0,1,2004-05,10.6,93.6,89.5,89.5,104.3,103.4,103.4,-10.7,-13.8,-13.8,0.169,1.5,21.1,0.039,0.102,0.069,14.1,14.0,0.463,0.503,0.142,0.153,96.72,99.3,82.75,99.3,0.066,678,1.2,2.6
2873,Billy Thomas,Billy,1610612751,NJN,29.0,25,15,10,0.6,350.36333333333334,34,94,0.362,17,56,0.304,7,9,0.778,7,29,36,17,9,14,1,2,29,0,92,-15,196.7,0,0,192.0,1,2004-05,14.0,104.0,102.9,102.9,106.1,104.1,104.1,-2.1,-1.1,-1.1,0.078,1.89,13.7,0.021,0.088,0.054,7.3,7.3,0.452,0.47,0.141,0.146,92.53,93.91,78.26,93.91,0.051,682,1.4,3.8
448,Bo Outlaw,Bo,1610612756,PHX,34.0,39,29,10,0.744,214.69,12,34,0.353,0,0,0.0,5,9,0.556,16,37,53,13,8,6,12,5,29,0,29,-33,158.1,0,0,131.0,1,2004-05,5.5,92.7,90.3,90.3,99.2,99.5,99.5,-6.5,-9.2,-9.2,0.098,1.63,22.4,0.07,0.159,0.114,13.8,13.6,0.353,0.382,0.091,0.097,94.91,96.03,80.02,96.03,0.06,433,0.3,0.9
682,Bob Sura,Bob,1610612745,HOU,32.0,61,42,19,0.689,1925.2916666666667,215,504,0.427,55,155,0.355,141,188,0.75,79,258,337,317,147,65,7,38,168,0,626,155,1574.9,8,0,1479.0,1,2004-05,31.6,104.3,105.3,105.3,100.5,101.1,101.1,3.8,4.3,4.3,0.266,2.16,30.0,0.043,0.137,0.091,13.9,14.0,0.481,0.533,0.174,0.176,92.73,92.0,76.66,92.0,0.108,3689,3.5,8.3
1517,Bobby Jackson,Bobby,1610612758,SAC,32.0,25,18,7,0.72,540.2883333333333,109,255,0.427,33,96,0.344,50,58,0.862,23,62,85,59,28,14,2,11,58,0,301,40,511.5,0,0,510.0,1,2004-05,21.6,104.2,104.3,104.3,101.2,100.4,100.4,3.0,3.9,3.9,0.195,2.11,16.0,0.04,0.108,0.074,7.6,7.6,0.492,0.537,0.246,0.251,94.57,94.88,79.07,94.88,0.126,1067,4.4,10.2
2250,Bobby Simmons,Bobby,1610612746,LAC,25.0,75,35,40,0.467,2810.57,474,1017,0.466,50,115,0.435,231,273,0.846,128,318,446,205,135,106,16,45,227,0,1229,74,2302.7,10,0,2174.0,1,2004-05,37.5,103.2,104.5,104.5,102.9,103.2,103.2,0.4,1.3,1.3,0.126,1.52,14.0,0.049,0.116,0.083,9.2,9.1,0.491,0.54,0.204,0.208,91.78,91.1,75.92,91.1,0.111,5337,6.3,13.6
1719,Bonzi Wells,Bonzi,1610612763,MEM,28.0,69,37,32,0.536,1488.87,272,617,0.441,36,104,0.346,141,188,0.75,49,180,229,80,90,85,27,49,165,1,721,-48,1361.8,1,0,1290.0,1,2004-05,21.6,99.3,99.6,99.6,100.9,100.9,100.9,-1.6,-1.3,-1.3,0.106,0.89,9.2,0.035,0.131,0.082,10.3,10.3,0.47,0.515,0.246,0.249,91.04,90.85,75.71,90.85,0.108,2812,3.9,8.9
2564,Boris Diaw,Boris,1610612737,ATL,23.0,66,10,56,0.152,1194.013333333333,124,294,0.422,9,50,0.18,57,77,0.74,54,116,170,149,87,37,18,17,123,0,314,-175,819.5,0,0,752.0,1,2004-05,18.1,97.4,96.4,96.4,104.4,103.1,103.1,-7.0,-6.7,-6.7,0.202,1.71,26.3,0.044,0.105,0.073,15.4,15.4,0.437,0.479,0.153,0.156,93.28,94.37,78.64,94.37,0.072,2339,1.9,4.5
2411,Bostjan Nachbar,Bostjan,1610612740,NOH,24.0,71,21,50,0.296,1339.7483333333332,161,411,0.392,75,196,0.383,97,117,0.829,24,158,182,74,73,29,16,31,183,0,494,-174,885.4,0,0,915.0,2,2004-05,18.9,96.1,97.2,97.2,104.8,103.5,103.5,-8.7,-6.3,-6.3,0.102,1.01,12.2,0.018,0.126,0.07,12.0,12.0,0.483,0.534,0.184,0.188,90.24,90.29,75.24,90.29,0.069,2513,2.3,5.8
1802,Brad Miller,Brad,1610612758,SAC,29.0,56,36,20,0.643,2092.5,319,609,0.524,5,19,0.263,233,287,0.812,139,382,521,220,82,69,68,48,181,0,876,205,2160.2,18,0,1896.0,1,2004-05,37.4,108.2,109.2,109.2,103.3,104.1,104.1,4.9,5.1,5.1,0.16,2.68,21.2,0.068,0.177,0.124,7.9,7.9,0.528,0.596,0.173,0.175,96.27,95.48,79.57,95.48,0.14,4159,5.7,10.9
2688,Brandin Knight,Brandin,1610612745,HOU,23.0,1,0,1,0.0,2.783333333333333,0,1,0.0,0,0,0.0,0,0,0.0,0,0,0,1,0,0,0,1,0,0,0,1,1.5,0,0,1.0,1,2004-05,2.8,133.3,133.3,133.3,143.4,140.0,140.0,-10.1,-6.7,-6.7,0.333,0.0,50.0,0.0,0.0,0.0,0.0,0.0,0.0,0.0,0.125,0.143,93.82,94.85,79.04,94.85,0.0,6,0.0,1.0
2599,Brandon Hunter,Brandon,1610612753,ORL,24.0,31,10,21,0.323,216.74166666666667,37,73,0.507,0,0,0.0,21,39,0.538,25,44,69,3,22,4,7,5,42,0,95,-19,193.3,1,0,189.0,1,2004-05,7.0,101.3,100.2,100.2,106.1,103.7,103.7,-4.8,-3.5,-3.5,0.023,0.14,2.6,0.108,0.183,0.146,19.0,19.1,0.507,0.527,0.207,0.213,100.07,101.76,84.8,101.76,0.071,458,1.2,2.4
2217,Brendan Haywood,Brendan,1610612764,WAS,25.0,68,38,30,0.559,1868.695,239,427,0.56,0,0,0.0,159,261,0.609,202,262,464,57,96,52,114,41,218,0,637,220,1681.3,6,0,1490.0,1,2004-05,27.5,105.6,106.5,106.5,99.4,100.5,100.5,6.2,6.0,6.0,0.047,0.59,8.2,0.105,0.135,0.12,13.8,13.8,0.56,0.588,0.148,0.149,96.8,95.85,79.87,95.85,0.093,3730,3.5,6.3
699,Brent Barry,Brent,1610612759,SAS,33.0,81,59,22,0.728,1736.195,194,459,0.423,100,280,0.357,113,135,0.837,29,161,190,178,64,39,20,16,123,0,601,240,1209.0,0,0,1187.0,1,2004-05,21.4,103.6,103.2,103.2,96.7,96.9,96.9,6.9,6.3,6.3,0.168,2.78,23.7,0.017,0.095,0.056,8.5,8.4,0.532,0.58,0.148,0.154,92.58,92.64,77.2,92.64,0.105,3365,2.4,5.7
1510,Brevin Knight,Brevin,1610612766,CHA,29.0,66,17,49,0.258,1946.475,248,587,0.422,3,20,0.15,167,196,0.852,21,149,170,591,147,131,5,33,192,1,666,-153,2017.5,16,0,1702.0,1,2004-05,29.5,99.6,102.1,102.1,105.2,105.3,105.3,-5.7,-3.3,-3.3,0.462,4.02,42.2,0.01,0.082,0.044,10.5,10.4,0.425,0.495,0.18,0.184,96.4,95.14,79.28,95.14,0.131,3845,3.8,8.9
2073,Brian Cardinal,Brian,1610612763,MEM,28.0,58,32,26,0.552,1433.1366666666668,160,432,0.37,44,125,0.352,158,181,0.873,63,162,225,114,83,88,19,33,172,0,522,123,1201.0,0,0,1119.0,1,2004-05,24.7,103.3,103.0,103.0,98.2,98.4,98.4,5.1,4.6,4.6,0.135,1.37,16.1,0.048,0.119,0.084,11.7,11.7,0.421,0.51,0.194,0.199,90.68,90.7,75.58,90.7,0.092,2707,2.8,7.4
2567,Brian Cook,Brian,1610612747,LAL,24.0,72,31,41,0.431,1081.915,176,422,0.417,78,199,0.392,28,37,0.757,63,153,216,35,29,23,26,8,139,0,458,75,887.7,2,0,885.0,1,2004-05,15.0,108.2,107.6,107.6,105.6,104.5,104.5,2.6,3.1,3.1,0.056,1.21,7.0,0.057,0.14,0.098,5.8,5.8,0.509,0.522,0.19,0.196,93.04,93.77,78.14,93.77,0.081,2118,2.4,5.9
258,Brian Grant,Brian,1610612747,LAL,33.0,69,27,42,0.391,1142.665,103,209,0.493,0,0,0.0,57,79,0.722,101,156,257,34,43,23,23,20,175,0,263,-144,717.4,0,0,646.0,1,2004-05,16.6,103.1,102.7,102.7,108.1,107.4,107.4,-5.0,-4.7,-4.7,0.048,0.79,10.6,0.088,0.133,0.111,13.4,13.4,0.493,0.539,0.113,0.115,93.31,93.8,78.17,93.8,0.051,2214,1.5,3.0
2243,Brian Scalabrine,Brian,1610612751,NJN,27.0,54,28,26,0.519,1164.381666666667,132,332,0.398,22,68,0.324,53,69,0.768,83,161,244,88,66,34,18,25,111,0,339,35,853.8,2,0,797.0,1,2004-05,21.6,98.7,99.2,99.2,99.6,97.7,97.7,-1.0,1.5,1.5,0.132,1.33,17.0,0.072,0.149,0.109,12.8,12.8,0.431,0.468,0.166,0.17,91.01,91.6,76.33,91.6,0.088,2223,2.4,6.1
1730,Brian Skinner,Brian,1610612758,SAC,29.0,49,24,25,0.49,943.5166666666668,104,205,0.507,0,1,0.0,25,70,0.357,107,173,280,43,40,31,49,28,102,2,233,-89,833.5,5,0,716.0,2,2004-05,19.3,102.8,101.8,101.8,106.7,107.1,107.1,-3.9,-5.2,-5.2,0.067,1.08,13.4,0.107,0.191,0.147,12.4,12.5,0.507,0.494,0.126,0.128,96.6,96.91,80.76,96.91,0.08,1910,2.1,4.2
2639,Britton Johnsen,Britton,1610612754,IND,25.0,6,2,4,0.333,83.705,6,22,0.273,0,4,0.0,0,0,0.0,5,5,10,4,3,1,0,0,10,0,12,-31,30.0,0,0,28.0,1,2004-05,14.0,89.4,87.7,87.7,113.8,107.1,107.1,-24.4,-19.3,-19.3,0.087,1.33,13.8,0.056,0.075,0.064,10.3,10.3,0.273,0.273,0.142,0.148,85.7,89.17,74.31,89.17,-0.018,155,1.0,3.7
1477,Bruce Bowen,Bruce,1610612759,SAS,34.0,82,59,23,0.72,2622.51,251,598,0.42,102,253,0.403,71,112,0.634,50,235,285,126,57,55,39,34,175,0,675,399,1431.0,0,0,1376.0,1,2004-05,32.0,105.0,105.3,105.3,95.5,96.7,96.7,9.5,8.6,8.6,0.075,2.21,15.1,0.02,0.092,0.056,6.8,6.9,0.505,0.521,0.126,0.127,90.27,89.59,74.66,89.59,0.067,4883,3.1,7.3
1743,Bruno Sundov,Bruno,1610612752,NYK,25.0,21,8,13,0.381,68.49333333333334,11,37,0.297,1,3,0.333,2,2,1.0,6,7,13,2,6,2,2,2,16,0,25,-17,49.6,0,0,49.0,1,2004-05,3.3,88.5,83.6,83.6,98.8,93.9,93.9,-10.3,-10.4,-10.4,0.063,0.33,4.3,0.076,0.103,0.088,13.0,13.1,0.311,0.33,0.257,0.275,97.58,103.02,85.85,103.02,-0.044,146,0.5,1.8
935,Bryon Russell,Bryon,1610612743,DEN,34.0,70,39,31,0.557,1026.22,95,252,0.377,56,149,0.376,61,77,0.792,50,122,172,72,35,44,11,11,130,0,307,4,751.4,0,0,717.0,1,2004-05,14.7,98.0,97.4,97.4,97.9,96.6,96.6,0.1,0.8,0.8,0.115,2.06,18.2,0.046,0.123,0.083,8.8,8.9,0.488,0.537,0.137,0.139,95.63,96.56,80.47,96.56,0.081,2058,1.4,3.6
384,Calbert Cheaney,Calbert,1610612744,GSW,33.0,55,17,38,0.309,945.5716666666668,113,265,0.426,0,3,0.0,24,37,0.649,32,92,124,64,35,17,15,12,95,1,250,-60,555.8,0,0,502.0,1,2004-05,17.2,97.3,95.9,95.9,100.9,99.4,99.4,-3.5,-3.5,-3.5,0.116,1.83,16.8,0.031,0.098,0.063,9.2,9.2,0.426,0.444,0.147,0.151,93.75,95.1,79.25,95.1,0.056,1876,2.1,4.8
1916,Calvin Booth,Calvin,1610612749,MIL,29.0,51,25,26,0.49,453.7966666666667,49,108,0.454,0,1,0.0,26,32,0.813,29,78,107,8,16,15,28,6,78,0,124,-69,377.4,0,0,325.0,2,2004-05,8.9,96.3,95.1,95.1,102.5,100.9,100.9,-6.2,-5.8,-5.8,0.03,0.5,5.4,0.063,0.165,0.114,10.8,11.0,0.454,0.508,0.134,0.137,96.69,98.05,81.71,98.05,0.066,919,1.0,2.1
2306,Carlos Arroyo,Carlos,1610612765,DET,25.0,70,35,35,0.5,1443.175,167,429,0.389,8,30,0.267,119,149,0.799,26,78,104,280,107,44,4,32,143,0,461,-206,1042.8,1,0,949.0,2,2004-05,20.6,99.3,99.5,99.5,107.8,106.4,106.4,-8.5,-7.0,-7.0,0.332,2.62,31.7,0.018,0.059,0.037,12.1,12.1,0.399,0.466,0.187,0.191,91.16,91.68,76.4,91.68,0.078,2750,2.4,6.1
2430,Carlos Boozer,Carlos,1610612762,UTA,23.0,51,17,34,0.333,1780.753333333333,361,693,0.521,0,1,0.0,187,268,0.698,141,316,457,144,137,41,24,67,179,0,909,-101,1731.4,22,0,1640.0,1,2004-05,34.9,103.3,104.8,104.8,107.6,107.4,107.4,-4.3,-2.6,-2.6,0.147,1.05,13.2,0.087,0.198,0.142,12.5,12.5,0.521,0.56,0.242,0.243,92.44,91.84,76.53,91.84,0.14,3401,7.1,13.6
2568,Carlos Delfino,Carlos,1610612765,DET,22.0,30,20,10,0.667,462.335,42,117,0.359,9,35,0.257,23,40,0.575,13,42,55,38,23,22,6,12,44,0,116,-23,300.0,0,0,274.0,1,2004-05,15.4,100.3,98.3,98.3,102.7,101.5,101.5,-2.4,-3.2,-3.2,0.138,1.65,19.3,0.03,0.1,0.065,11.7,11.8,0.397,0.431,0.158,0.162,90.37,91.83,76.52,91.83,0.05,887,1.4,3.9
2546,Carmelo Anthony,Carmelo,1610612743,DEN,21.0,75,47,28,0.627,2609.9366666666665,530,1230,0.431,42,158,0.266,456,573,0.796,141,285,426,194,224,68,30,120,229,1,1558,166,2430.2,4,0,2416.0,1,2004-05,34.8,104.7,105.3,105.3,101.1,102.3,102.3,3.6,3.0,3.0,0.129,0.87,10.2,0.057,0.109,0.084,11.8,11.8,0.448,0.526,0.286,0.29,96.81,95.95,79.96,95.95,0.106,5221,7.1,16.4
2406,Caron Butler,Caron,1610612747,LAL,25.0,77,32,45,0.416,2742.161666666667,441,991,0.445,38,125,0.304,275,319,0.862,146,304,450,146,125,110,23,71,213,0,1195,-236,2228.0,10,0,2095.0,1,2004-05,35.6,104.9,106.0,106.0,109.0,110.2,110.2,-4.1,-4.2,-4.2,0.091,1.17,10.4,0.053,0.109,0.081,8.9,8.9,0.464,0.528,0.204,0.206,94.5,93.56,77.97,93.56,0.095,5340,5.7,12.9
2418,Casey Jacobsen,Casey,1610612740,NOH,24.0,84,43,41,0.512,1805.0983333333331,165,408,0.404,66,177,0.373,151,192,0.786,35,132,167,113,71,33,8,30,104,0,547,8,968.9,0,0,975.0,2,2004-05,21.5,100.3,100.3,100.3,100.7,100.2,100.2,-0.5,0.1,0.1,0.102,1.59,16.7,0.02,0.072,0.046,10.5,10.5,0.485,0.555,0.141,0.144,92.66,92.9,77.41,92.9,0.074,3496,2.0,4.9
369,Charlie Ward,Charlie,1610612745,HOU,34.0,14,6,8,0.429,359.5466666666667,24,77,0.312,16,51,0.314,11,13,0.846,6,33,39,43,18,15,0,1,22,0,75,4,213.3,0,0,203.0,1,2004-05,25.7,95.6,96.5,96.5,96.5,96.1,96.1,-0.9,0.4,0.4,0.189,2.39,29.9,0.017,0.093,0.056,12.5,12.5,0.416,0.453,0.132,0.133,92.03,91.78,76.49,91.78,0.071,688,1.7,5.5
1497,Chauncey Billups,Chauncey,1610612765,DET,28.0,80,53,27,0.663,2873.86,404,913,0.442,165,387,0.426,343,382,0.898,48,223,271,464,180,81,9,36,194,0,1316,352,2427.2,3,0,2396.0,1,2004-05,35.9,103.8,104.7,104.7,97.0,98.3,98.3,6.8,6.4,6.4,0.277,2.58,27.0,0.018,0.078,0.048,10.5,10.4,0.533,0.609,0.203,0.207,89.64,88.65,73.87,88.65,0.138,5313,5.1,11.4
2365,Chris Andersen,Chris,1610612740,NOH,26.0,67,17,50,0.254,1423.8583333333331,191,358,0.534,0,3,0.0,131,190,0.689,137,273,410,71,64,14,100,24,144,1,513,-51,1389.5,6,0,1222.0,1,2004-05,21.3,98.1,98.6,98.6,101.1,100.3,100.3,-2.9,-1.7,-1.7,0.093,1.11,12.3,0.102,0.196,0.15,11.1,11.1,0.534,0.581,0.166,0.169,89.4,89.52,74.6,89.52,0.141,2652,2.9,5.3
2547,Chris Bosh,Chris,1610612761,TOR,21.0,81,33,48,0.407,3013.418333333333,473,1005,0.471,3,10,0.3,412,542,0.76,194,524,718,153,187,76,113,76,226,0,1361,-20,2832.1,32,0,2613.0,1,2004-05,37.2,105.3,105.8,105.8,105.4,106.1,106.1,0.0,-0.4,-0.4,0.086,0.82,9.6,0.066,0.181,0.123,11.7,11.8,0.472,0.547,0.217,0.218,94.83,94.29,78.58,94.29,0.117,5920,5.8,12.4
2768,Chris Duhon,Chris,1610612741,CHI,22.0,82,47,35,0.573,2171.7633333333333,172,488,0.352,94,265,0.355,49,67,0.731,23,190,213,398,119,82,3,25,205,0,487,113,1475.6,2,0,1362.0,1,2004-05,26.5,98.8,100.2,100.2,97.0,96.6,96.6,1.8,3.5,3.5,0.28,3.34,38.5,0.01,0.088,0.049,11.5,11.5,0.449,0.471,0.13,0.131,94.37,93.89,78.24,93.89,0.08,4229,2.1,6.0
2549,Chris Kaman,Chris,1610612746,LAC,23.0,63,28,35,0.444,1634.945,246,495,0.497,0,1,0.0,80,121,0.661,135,288,423,73,115,26,68,42,182,0,572,-129,1356.1,15,0,1256.0,1,2004-05,26.0,101.6,102.0,102.0,106.0,105.7,105.7,-4.4,-3.7,-3.7,0.077,0.63,9.9,0.088,0.185,0.137,15.6,15.6,0.497,0.522,0.185,0.188,91.17,91.09,75.9,91.09,0.089,3095,3.9,7.9
2036,Chris Mihm,Chris,1610612747,LAL,25.0,75,33,42,0.44,1873.245,280,552,0.507,0,2,0.0,175,258,0.678,197,305,502,50,110,14,108,59,237,0,735,-159,1668.4,18,0,1531.0,1,2004-05,25.0,103.9,104.5,104.5,107.7,108.8,108.8,-3.9,-4.4,-4.4,0.046,0.45,6.0,0.107,0.159,0.133,13.2,13.3,0.507,0.552,0.186,0.187,93.58,92.85,77.37,92.85,0.086,3623,3.7,7.4
185,Chris Webber,Chris,1610612755,PHI,32.0,67,39,28,0.582,2373.093333333333,555,1283,0.433,15,44,0.341,181,228,0.794,130,482,612,318,182,94,53,37,214,0,1306,52,2776.4,31,4,2545.0,2,2004-05,35.4,105.7,106.1,106.1,104.7,105.3,105.3,1.0,0.8,0.8,0.231,1.75,16.9,0.056,0.199,0.129,9.6,9.7,0.438,0.472,0.292,0.295,96.83,96.35,80.29,96.35,0.13,4771,8.3,19.1
2404,Chris Wilcox,Chris,1610612746,LAC,22.0,54,23,31,0.426,1007.0633333333334,169,329,0.514,0,0,0.0,88,144,0.611,63,165,228,38,77,26,24,25,129,0,426,-54,829.6,2,0,792.0,1,2004-05,18.6,99.0,100.5,100.5,103.3,102.6,102.6,-4.2,-2.1,-2.1,0.068,0.49,7.5,0.069,0.166,0.12,15.2,15.2,0.514,0.543,0.212,0.216,91.94,91.59,76.32,91.59,0.092,1915,3.1,6.1
363,Christian Laettner,Christian,1610612748,MIA,35.0,49,38,11,0.776,738.6683333333333,107,184,0.582,1,7,0.143,45,59,0.763,36,95,131,41,29,32,15,5,78,0,260,145,590.7,0,0,527.0,1,2004-05,15.1,106.4,105.7,105.7,94.7,94.5,94.5,11.6,11.1,11.1,0.091,1.41,14.6,0.053,0.119,0.089,10.4,10.4,0.584,0.619,0.148,0.152,93.19,93.61,78.01,93.61,0.12,1433,2.2,3.8
1088,Chucky Atkins,Chucky,1610612747,LAL,30.0,82,34,48,0.415,2911.81,388,910,0.426,176,455,0.387,163,203,0.803,31,166,197,358,151,73,2,33,181,0,1115,-151,1962.4,2,0,1996.0,1,2004-05,35.5,106.9,107.8,107.8,109.2,110.4,110.4,-2.3,-2.6,-2.6,0.201,2.37,23.7,0.011,0.055,0.033,10.0,10.0,0.523,0.558,0.177,0.178,94.61,93.67,78.05,93.67,0.081,5681,4.7,11.1
221,Clar. Weatherspoon,Clar.,1610612745,HOU,34.0,40,22,18,0.55,523.4416666666667,47,114,0.412,0,0,0.0,29,35,0.829,35,87,122,17,15,9,6,15,74,0,123,57,324.9,1,0,292.0,1,2004-05,13.1,106.4,105.2,105.2,98.3,99.3,99.3,8.1,5.9,5.9,0.051,1.13,10.4,0.076,0.165,0.123,9.2,9.3,0.412,0.475,0.133,0.135,89.97,90.0,75.0,90.0,0.058,981,1.2,2.9
361,Clifford Robinson,Clifford,1610612751,NJN,38.0,71,32,39,0.451,1695.79,202,523,0.386,67,193,0.347,62,97,0.639,54,155,209,104,66,62,53,16,181,0,533,-301,1218.8,0,0,1143.0,2,2004-05,23.9,99.1,99.4,99.4,107.1,107.3,107.3,-8.1,-7.9,-7.9,0.102,1.58,14.1,0.029,0.099,0.062,8.9,9.0,0.45,0.471,0.166,0.168,94.4,94.17,78.48,94.17,0.056,3309,2.8,7.4
1894,Corey Maggette,Corey,1610612746,LAC,25.0,66,27,39,0.409,2446.563333333333,425,986,0.431,51,168,0.304,563,657,0.857,70,324,394,225,195,70,8,59,191,0,1464,-22,2313.3,10,0,2290.0,1,2004-05,37.1,103.5,104.5,104.5,104.2,104.8,104.8,-0.7,-0.3,-0.3,0.167,1.15,13.2,0.031,0.135,0.085,11.4,11.5,0.457,0.574,0.272,0.274,93.18,92.47,77.06,92.47,0.139,4710,6.4,14.9
722,Corliss Williamson,Corliss,1610612758,SAC,31.0,72,37,35,0.514,1534.4783333333332,273,584,0.467,0,2,0.0,195,244,0.799,104,155,259,78,86,38,15,44,218,1,741,-12,1241.8,2,0,1184.0,2,2004-05,21.3,102.5,102.2,102.2,103.1,102.8,102.8,-0.6,-0.6,-0.6,0.09,0.91,9.1,0.066,0.102,0.084,10.0,10.1,0.467,0.536,0.219,0.224,96.24,96.49,80.41,96.49,0.085,3088,3.8,8.1
2451,Corsley Edwards,Corsley,1610612740,NOH,26.0,10,0,10,0.0,110.03333333333332,10,31,0.323,0,0,0.0,7,12,0.583,12,13,25,3,2,3,4,6,19,0,27,-31,80.5,0,0,69.0,1,2004-05,11.0,89.7,90.1,90.1,104.3,103.4,103.4,-14.6,-13.3,-13.3,0.057,1.5,7.1,0.103,0.13,0.115,4.8,4.8,0.323,0.372,0.165,0.166,88.82,88.99,74.16,88.99,0.025,202,1.0,3.1
724,Cory Alexander,Cory,1610612766,CHA,32.0,16,1,15,0.063,197.65833333333333,16,49,0.327,8,19,0.421,9,12,0.75,8,21,29,37,19,9,1,4,29,0,49,-61,150.3,0,0,143.0,1,2004-05,12.4,93.1,91.8,91.8,105.2,106.9,106.9,-12.1,-15.1,-15.1,0.319,1.95,33.3,0.035,0.107,0.068,17.1,17.2,0.408,0.451,0.157,0.161,98.03,97.87,81.55,97.87,0.059,403,1.0,3.1
2414,Curtis Borchardt,Curtis,1610612762,UTA,24.0,67,22,45,0.328,856.25,74,172,0.43,0,0,0.0,52,71,0.732,86,138,224,49,52,10,32,22,160,1,200,-134,616.3,0,0,557.0,1,2004-05,12.8,96.4,97.6,97.6,105.5,104.4,104.4,-9.2,-6.8,-6.8,0.096,0.94,16.1,0.101,0.188,0.141,17.0,17.1,0.43,0.492,0.136,0.137,89.35,89.3,74.42,89.3,0.056,1580,1.1,2.6
1749,Cuttino Mobley,Cuttino,1610612758,SAC,29.0,66,36,30,0.545,2394.19,408,932,0.438,150,342,0.439,168,205,0.82,45,184,229,188,133,74,30,35,152,1,1134,-6,1869.8,2,0,1909.0,2,2004-05,36.3,107.8,108.3,108.3,106.8,108.2,108.2,1.0,0.1,0.1,0.122,1.41,14.0,0.019,0.076,0.048,9.9,9.9,0.518,0.555,0.212,0.214,96.96,96.12,80.1,96.12,0.089,4790,6.2,14.1
2788,DJ Mbenga,DJ,1610612742,DAL,24.0,15,9,6,0.6,56.61,6,14,0.429,0,0,0.0,3,4,0.75,3,5,8,0,5,0,5,0,13,0,15,-37,34.6,0,0,33.0,1,2004-05,3.8,78.9,78.9,78.9,113.2,110.4,110.4,-34.4,-31.5,-31.5,0.0,0.0,0.0,0.043,0.089,0.063,23.8,24.1,0.429,0.476,0.154,0.162,95.93,97.09,80.9,97.09,-0.019,114,0.4,0.9
2563,Dahntay Jones,Dahntay,1610612763,MEM,24.0,52,29,23,0.558,643.685,83,190,0.437,23,60,0.383,44,64,0.688,11,58,69,21,29,13,11,12,81,0,233,-14,390.3,0,0,394.0,1,2004-05,12.4,101.1,100.5,100.5,100.1,100.2,100.2,1.0,0.3,0.3,0.059,0.72,7.8,0.018,0.092,0.055,10.8,10.8,0.497,0.534,0.175,0.181,92.16,92.39,76.99,92.39,0.056,1230,1.6,3.7
2402,Dajuan Wagner,Dajuan,1610612739,CLE,22.0,11,6,5,0.545,101.83333333333331,18,55,0.327,5,26,0.192,3,4,0.75,0,2,2,13,9,5,0,3,15,0,44,-9,71.9,0,0,74.0,1,2004-05,9.3,102.6,102.0,102.0,109.9,105.5,105.5,-7.3,-3.5,-3.5,0.22,1.44,16.5,0.0,0.024,0.011,11.4,11.4,0.373,0.388,0.291,0.295,92.07,94.27,78.56,94.27,0.006,199,1.6,5.0
905,Dale Davis,Dale,1610612754,IND,36.0,61,24,37,0.393,1307.16,112,234,0.479,0,0,0.0,60,99,0.606,152,223,375,47,43,32,65,24,162,1,284,41,1052.5,5,0,900.0,2,2004-05,21.4,102.3,102.4,102.4,101.1,99.9,99.9,1.2,2.5,2.5,0.057,1.09,12.7,0.117,0.172,0.145,11.6,11.7,0.479,0.512,0.113,0.114,90.73,91.25,76.04,91.25,0.085,2474,1.8,3.8
2863,Damien Wilkins,Damien,1610612760,SEA,25.0,29,17,12,0.586,516.2183333333334,73,168,0.435,16,59,0.271,21,34,0.618,29,37,66,26,16,22,10,7,55,0,183,-85,381.2,0,0,355.0,1,2004-05,17.8,102.3,102.6,102.6,110.3,110.0,110.0,-8.0,-7.4,-7.4,0.091,1.63,11.6,0.057,0.083,0.069,7.1,7.1,0.482,0.5,0.176,0.181,89.77,89.78,74.81,89.78,0.069,959,2.5,5.8
1800,Damon Jones,Damon,1610612748,MIA,28.0,82,59,23,0.72,2577.776666666666,331,726,0.456,225,521,0.432,68,86,0.791,14,217,231,351,98,44,5,10,121,0,955,446,1807.7,0,0,1860.0,1,2004-05,31.4,111.3,111.0,111.0,101.5,102.9,102.9,9.8,8.1,8.1,0.201,3.58,29.0,0.006,0.082,0.046,8.1,8.1,0.611,0.625,0.15,0.154,94.5,93.97,78.31,93.97,0.109,5063,4.0,8.9
757,Damon Stoudamire,Damon,1610612757,POR,31.0,81,26,55,0.321,2769.293333333333,457,1165,0.392,181,490,0.369,182,199,0.915,56,254,310,458,164,86,2,48,158,0,1277,-217,2436.0,8,2,2402.0,1,2004-05,34.2,102.0,103.1,103.1,106.3,107.3,107.3,-4.4,-4.2,-4.2,0.283,2.79,24.6,0.021,0.091,0.057,8.8,8.7,0.47,0.51,0.23,0.235,92.33,91.45,76.21,91.45,0.113,5278,5.6,14.4
2245,Damone Brown,Damone,1610612764,WAS,26.0,14,8,6,0.571,150.935,23,62,0.371,4,11,0.364,4,9,0.444,10,18,28,14,15,1,6,4,17,0,54,-5,114.6,0,0,114.0,1,2004-05,10.8,100.3,99.0,99.0,101.8,102.3,102.3,-1.5,-3.2,-3.2,0.161,0.93,14.7,0.057,0.116,0.085,15.8,15.8,0.403,0.409,0.218,0.225,98.69,99.06,82.55,99.06,0.04,314,1.6,4.4
2424,Dan Dickau,Dan,1610612740,NOH,26.0,71,18,53,0.254,2080.135,306,756,0.405,85,245,0.347,190,228,0.833,34,146,180,347,145,76,4,54,201,0,887,-326,1718.5,5,0,1659.0,2,2004-05,29.3,97.5,98.7,98.7,106.8,106.6,106.6,-9.3,-7.8,-7.8,0.309,2.39,25.8,0.016,0.075,0.045,10.8,10.8,0.461,0.518,0.219,0.224,90.63,90.19,75.16,90.19,0.102,3899,4.3,10.6
2429,Dan Gadzuric,Dan,1610612749,MIL,27.0,81,29,52,0.358,1778.128333333333,243,451,0.539,0,0,0.0,107,199,0.538,261,413,674,30,81,47,106,35,224,0,593,-65,1824.8,19,0,1603.0,1,2004-05,22.0,104.0,105.7,105.7,106.3,106.6,106.6,-2.3,-0.9,-0.9,0.026,0.37,4.6,0.147,0.238,0.192,12.5,12.5,0.539,0.551,0.155,0.157,93.21,92.28,76.9,92.28,0.109,3402,3.0,5.6
2091,Daniel Santiago,Daniel,1610612749,MIL,29.0,11,5,6,0.455,104.955,7,21,0.333,0,0,0.0,8,11,0.727,6,13,19,1,4,3,4,2,28,0,22,-36,63.3,0,0,56.0,1,2004-05,9.5,99.0,97.0,97.0,115.1,114.8,114.8,-16.1,-17.7,-17.7,0.016,0.25,3.2,0.061,0.149,0.102,12.9,13.0,0.333,0.426,0.132,0.135,91.83,92.84,77.37,92.84,-0.015,203,0.6,1.9
1504,Danny Fortson,Danny,1610612760,SEA,29.0,62,42,20,0.677,1046.5583333333334,118,226,0.522,0,0,0.0,227,258,0.88,157,191,348,8,91,15,7,46,265,6,463,80,867.6,6,0,863.0,1,2004-05,16.9,108.9,110.7,110.7,105.2,105.3,105.3,3.8,5.4,5.4,0.013,0.09,1.8,0.16,0.19,0.175,20.6,20.8,0.522,0.682,0.187,0.19,90.99,90.19,75.16,90.19,0.092,1954,1.9,3.6
2032,Darius Miles,Darius,1610612757,POR,23.0,63,25,38,0.397,1694.1416666666669,336,697,0.482,8,23,0.348,129,215,0.6,71,228,299,129,157,75,78,36,189,0,809,-79,1663.3,2,0,1551.0,1,2004-05,26.9,100.3,100.6,100.6,102.0,102.8,102.8,-1.6,-2.2,-2.2,0.143,0.82,11.9,0.045,0.127,0.089,14.5,14.6,0.488,0.511,0.253,0.258,93.71,93.19,77.66,93.19,0.099,3285,5.3,11.1
2443,Darius Songaila,Darius,1610612758,SAC,27.0,81,50,31,0.617,1658.48,257,488,0.527,0,3,0.0,94,111,0.847,125,219,344,114,70,51,18,41,206,0,608,132,1328.8,6,0,1204.0,1,2004-05,20.5,108.7,109.2,109.2,104.5,104.6,104.6,4.2,4.6,4.6,0.106,1.63,15.8,0.075,0.133,0.104,9.7,9.7,0.527,0.566,0.161,0.164,94.35,94.05,78.37,94.05,0.095,3241,3.2,6.0
2545,Darko Milicic,Darko,1610612765,DET,20.0,37,26,11,0.703,252.2133333333333,25,76,0.329,0,0,0.0,17,24,0.708,3,40,43,7,16,2,17,2,31,0,67,5,170.1,0,0,155.0,1,2004-05,6.8,97.3,92.4,92.4,92.5,90.9,90.9,4.8,1.6,1.6,0.05,0.44,6.3,0.013,0.147,0.085,14.4,14.6,0.329,0.387,0.189,0.199,90.18,93.35,77.79,93.35,0.031,489,0.7,2.1
353,Darrell Armstrong,Darrell,1610612742,DAL,37.0,66,37,29,0.561,986.8533333333334,89,277,0.321,28,111,0.252,58,68,0.853,35,80,115,178,67,45,8,17,92,0,264,-53,761.0,0,0,691.0,2,2004-05,15.0,98.8,98.6,98.6,101.0,101.3,101.3,-2.2,-2.7,-2.7,0.295,2.66,32.1,0.034,0.083,0.058,12.1,12.1,0.372,0.43,0.165,0.169,94.83,94.77,78.98,94.77,0.078,1948,1.3,4.2
239,Darrick Martin,Darrick,1610612746,LAC,34.0,11,4,7,0.364,189.58333333333331,16,50,0.32,5,18,0.278,5,8,0.625,3,7,10,28,6,6,0,2,19,0,42,14,108.0,0,0,97.0,1,2004-05,17.2,101.8,103.7,103.7,98.9,100.3,100.3,2.9,3.4,3.4,0.235,4.67,31.8,0.016,0.037,0.027,6.8,6.9,0.37,0.392,0.148,0.148,89.8,88.36,73.64,88.36,0.041,350,1.5,4.5
1032,Darvin Ham,Darvin,1610612765,DET,31.0,47,25,22,0.532,256.55,17,37,0.459,0,0,0.0,12,31,0.387,19,16,35,5,8,6,7,4,39,1,46,-83,126.5,0,0,112.0,1,2004-05,5.5,95.6,88.7,88.7,105.8,102.2,102.2,-10.2,-13.5,-13.5,0.035,0.63,7.7,0.079,0.068,0.073,12.3,12.6,0.459,0.454,0.099,0.106,93.74,98.97,82.48,98.97,0.0,523,0.4,0.8
2758,David Harrison,David,1610612754,IND,22.0,43,23,20,0.535,759.9083333333333,106,184,0.576,0,0,0.0,52,91,0.571,48,87,135,13,53,16,55,23,134,1,264,-19,605.5,1,0,554.0,1,2004-05,17.7,100.5,100.6,100.6,101.8,100.9,100.9,-1.2,-0.3,-0.3,0.032,0.25,4.5,0.074,0.119,0.098,18.3,18.3,0.576,0.589,0.175,0.179,88.84,89.19,74.32,89.19,0.061,1405,2.5,4.3
133,David Wesley,David,1610612745,HOU,34.0,80,40,40,0.5,2777.405,334,840,0.398,118,315,0.375,162,189,0.857,38,190,228,265,113,96,9,31,215,0,948,-5,1821.1,1,0,1769.0,2,2004-05,34.7,101.8,102.7,102.7,102.3,102.8,102.8,-0.5,-0.1,-0.1,0.159,2.35,20.5,0.014,0.071,0.042,8.7,8.7,0.468,0.513,0.168,0.172,91.92,91.29,76.07,91.29,0.075,5282,4.2,10.5
2561,David West,David,1610612740,NOH,24.0,30,4,26,0.133,548.9916666666667,75,172,0.436,2,5,0.4,34,50,0.68,40,89,129,23,37,12,16,14,62,0,186,-217,422.3,0,0,396.0,1,2004-05,18.3,83.8,85.8,85.8,105.9,106.5,106.5,-22.1,-20.8,-20.8,0.085,0.62,9.1,0.067,0.179,0.118,14.7,14.6,0.442,0.479,0.191,0.196,90.63,89.31,74.43,89.31,0.084,1019,2.5,5.7
2205,DeSagana Diop,DeSagana,1610612739,CLE,23.0,39,16,23,0.41,305.15833333333336,20,69,0.29,0,2,0.0,0,5,0.0,30,40,70,15,12,8,27,7,53,0,40,-36,239.5,0,0,195.0,1,2004-05,7.8,91.2,90.0,90.0,96.9,95.4,95.4,-5.8,-5.5,-5.5,0.084,1.25,15.3,0.091,0.135,0.112,12.2,12.2,0.29,0.281,0.121,0.125,91.48,92.8,77.34,92.8,0.016,588,0.5,1.8
2052,DeShawn Stevenson,DeShawn,1610612753,ORL,24.0,55,24,31,0.436,1080.705,174,426,0.408,25,67,0.373,56,101,0.554,38,64,102,69,57,16,9,33,73,0,429,-151,672.9,0,0,675.0,1,2004-05,19.6,98.7,98.7,98.7,106.4,105.9,105.9,-7.7,-7.2,-7.2,0.105,1.21,11.6,0.034,0.06,0.047,9.6,9.6,0.438,0.456,0.206,0.211,98.3,98.51,82.09,98.51,0.049,2222,3.2,7.7
2753,Delonte West,Delonte,1610612738,BOS,21.0,39,23,16,0.59,504.8233333333333,66,155,0.426,24,67,0.358,19,27,0.704,14,51,65,53,24,21,8,6,69,0,175,6,395.5,0,0,375.0,1,2004-05,12.9,101.2,99.2,99.2,100.4,98.1,98.1,0.8,1.1,1.1,0.173,2.21,21.6,0.03,0.097,0.065,9.8,9.8,0.503,0.524,0.167,0.172,95.37,97.41,81.18,97.41,0.08,1022,1.7,4.0
2035,DerMarr Johnson,DerMarr,1610612743,DEN,25.0,71,42,29,0.592,1223.4216666666666,185,371,0.499,53,148,0.358,80,101,0.792,43,108,151,75,65,43,18,20,140,0,503,145,914.7,0,0,904.0,1,2004-05,17.2,106.2,105.5,105.5,98.1,99.1,99.1,8.0,6.4,6.4,0.096,1.15,13.5,0.037,0.084,0.062,11.7,11.7,0.57,0.605,0.172,0.175,97.47,97.26,81.05,97.26,0.087,2472,2.6,5.2
1507,Derek Anderson,Derek,1610612757,POR,30.0,47,16,31,0.34,1237.1416666666669,152,391,0.389,58,151,0.384,70,87,0.805,25,103,128,143,70,36,4,10,89,0,432,-107,850.1,0,0,841.0,1,2004-05,26.3,99.0,99.6,99.6,104.5,104.3,104.3,-5.5,-4.7,-4.7,0.194,2.04,22.2,0.02,0.084,0.052,10.9,10.9,0.463,0.503,0.182,0.185,91.3,91.1,75.92,91.1,0.081,2350,3.2,8.3
965,Derek Fisher,Derek,1610612744,GSW,30.0,74,31,43,0.419,2221.7,297,755,0.393,108,291,0.371,175,203,0.862,38,180,218,301,129,76,4,29,176,0,877,-55,1701.1,0,0,1664.0,1,2004-05,30.0,101.5,102.0,102.0,103.4,103.4,103.4,-1.9,-1.4,-1.4,0.222,2.33,23.8,0.016,0.079,0.046,10.2,10.1,0.465,0.519,0.189,0.193,95.61,95.43,79.52,95.43,0.093,4420,4.0,10.2
934,Derrick Coleman,Derrick,1610612765,DET,38.0,5,2,3,0.4,49.333333333333336,3,14,0.214,0,2,0.0,3,3,1.0,3,12,15,0,2,0,0,1,6,0,9,-19,25.0,0,0,24.0,1,2004-05,9.9,88.8,89.7,89.7,115.6,112.8,112.8,-26.8,-23.1,-23.1,0.0,0.0,0.0,0.06,0.0,0.0,11.8,11.5,0.214,0.294,0.152,0.16,92.28,92.92,77.43,92.92,0.024,97,0.6,2.8
2046,Desmond Mason,Desmond,1610612749,MIL,27.0,80,29,51,0.363,2885.188333333333,478,1079,0.443,1,8,0.125,420,524,0.802,85,227,312,217,164,58,27,45,198,1,1377,-212,2167.9,3,0,2077.0,1,2004-05,36.1,104.1,105.6,105.6,108.4,108.9,108.9,-4.3,-3.3,-3.3,0.127,1.32,12.8,0.03,0.081,0.056,9.7,9.7,0.443,0.526,0.228,0.231,94.01,93.09,77.58,93.09,0.09,5584,6.0,13.5
1904,Devean George,Devean,1610612747,LAL,27.0,15,2,13,0.133,308.2,37,104,0.356,21,58,0.362,15,20,0.75,13,40,53,14,12,8,2,4,32,0,110,-71,212.6,0,0,218.0,1,2004-05,20.5,99.4,100.2,100.2,112.3,111.9,111.9,-12.9,-11.7,-11.7,0.078,1.17,10.1,0.04,0.148,0.088,8.6,8.6,0.457,0.488,0.177,0.179,96.19,96.02,80.01,96.02,0.059,617,2.5,6.9
2484,Devin Brown,Devin,1610612759,SAS,26.0,67,50,17,0.746,1232.2133333333334,173,409,0.423,45,121,0.372,103,130,0.792,37,139,176,92,53,39,12,30,83,0,494,37,943.2,0,0,909.0,1,2004-05,18.4,101.6,100.6,100.6,98.6,99.7,99.7,3.0,1.0,1.0,0.127,1.74,15.2,0.03,0.117,0.073,8.7,8.7,0.478,0.53,0.187,0.194,93.22,93.14,77.62,93.14,0.106,2398,2.6,6.1
2734,Devin Harris,Devin,1610612742,DAL,22.0,76,56,20,0.737,1176.67,157,366,0.429,44,131,0.336,78,103,0.757,28,74,102,169,82,77,19,28,139,0,436,-37,1017.9,0,0,943.0,1,2004-05,15.5,101.6,100.6,100.6,102.3,102.0,102.0,-0.7,-1.5,-1.5,0.229,2.06,25.5,0.024,0.063,0.043,12.4,12.4,0.489,0.53,0.18,0.186,97.27,97.9,81.59,97.9,0.086,2399,2.1,4.8
87,Dikembe Mutombo,Dikembe,1610612745,HOU,39.0,80,50,30,0.625,1220.361666666667,108,217,0.498,0,0,0.0,106,143,0.741,150,276,426,10,51,16,101,16,135,0,322,209,1148.2,3,0,992.0,1,2004-05,15.3,102.0,100.0,100.0,91.9,90.7,90.7,10.1,9.3,9.3,0.014,0.2,2.9,0.126,0.216,0.172,14.8,15.0,0.498,0.575,0.125,0.13,88.87,90.35,75.29,90.35,0.127,2295,1.4,2.7
1901,Dion Glover,Dion,1610612759,SAS,26.0,7,3,4,0.429,66.04833333333333,8,22,0.364,1,8,0.125,8,10,0.8,3,8,11,4,2,3,3,4,9,0,25,5,60.2,0,0,53.0,1,2004-05,9.4,103.5,106.5,106.5,105.6,100.8,100.8,-2.1,5.7,5.7,0.111,2.0,12.5,0.035,0.133,0.076,6.3,6.2,0.386,0.473,0.177,0.183,90.06,90.84,75.7,90.84,0.087,124,1.1,3.1
1717,Dirk Nowitzki,Dirk,1610612742,DAL,27.0,78,56,22,0.718,3028.193333333333,663,1445,0.459,91,228,0.399,615,708,0.869,96,661,757,240,176,97,119,56,219,0,2032,585,3772.4,37,0,3552.0,1,2004-05,38.8,110.3,111.2,111.2,100.6,101.7,101.7,9.7,9.5,9.5,0.138,1.36,11.0,0.033,0.211,0.125,8.1,8.1,0.49,0.578,0.284,0.286,95.3,94.37,78.64,94.37,0.186,5962,8.5,18.5
2051,Donnell Harvey,Donnell,1610612751,NJN,24.0,3,2,1,0.667,16.3,2,2,1.0,0,0,0.0,4,4,1.0,2,5,7,1,1,1,1,0,2,0,8,4,22.9,0,0,20.0,1,2004-05,5.4,139.7,121.9,121.9,118.2,112.9,112.9,21.4,9.0,9.0,0.125,1.0,16.7,0.0,0.0,0.0,16.7,17.4,1.0,1.064,0.139,0.149,84.69,92.76,77.3,92.76,0.223,32,0.7,0.7
2764,Donta Smith,Donta,1610612737,ATL,21.0,38,6,32,0.158,433.50166666666667,44,113,0.389,6,22,0.273,33,48,0.688,19,33,52,39,25,23,5,13,50,0,127,-61,306.9,0,0,280.0,1,2004-05,11.4,99.7,96.3,96.3,105.6,102.9,102.9,-5.9,-6.7,-6.7,0.141,1.56,19.5,0.042,0.083,0.061,12.5,12.6,0.416,0.473,0.157,0.162,95.26,98.21,81.85,98.21,0.055,886,1.2,3.0
923,Donyell Marshall,Donyell,1610612761,TOR,32.0,65,27,38,0.415,1657.381666666667,262,592,0.443,151,363,0.416,72,91,0.791,95,333,428,81,42,57,46,23,136,0,747,36,1649.1,13,0,1613.0,1,2004-05,25.5,108.9,108.0,108.0,107.2,107.1,107.1,1.7,0.8,0.8,0.083,1.93,10.7,0.058,0.199,0.13,5.5,5.6,0.57,0.591,0.184,0.188,93.94,94.39,78.65,94.39,0.133,3263,4.0,9.1
2748,Dorell Wright,Dorell,1610612748,MIA,19.0,3,3,0,1.0,27.73333333333333,3,11,0.273,0,4,0.0,1,1,1.0,0,1,1,3,3,4,0,0,2,0,7,-7,21.7,0,0,19.0,1,2004-05,9.2,86.4,86.2,86.2,93.6,98.3,98.3,-7.1,-12.1,-12.1,0.176,1.0,17.6,0.0,0.0,0.0,17.6,17.2,0.273,0.306,0.222,0.237,102.77,100.38,83.65,100.38,0.03,58,1.0,3.7
57,Doug Christie,Doug,1610612753,ORL,35.0,52,31,21,0.596,1520.355,130,332,0.392,15,62,0.242,70,78,0.897,38,139,177,199,104,80,18,17,106,0,345,54,1045.9,0,0,932.0,2,2004-05,29.2,102.6,102.8,102.8,100.0,100.7,100.7,2.6,2.1,2.1,0.192,1.91,29.7,0.026,0.085,0.057,15.5,15.5,0.414,0.471,0.136,0.138,97.26,96.8,80.67,96.8,0.074,3061,2.5,6.4
2400,Drew Gooden,Drew,1610612739,CLE,23.0,82,42,40,0.512,2524.4866666666667,464,943,0.492,5,28,0.179,251,310,0.81,207,546,753,130,133,77,76,85,233,1,1184,114,2608.6,37,0,2378.0,1,2004-05,30.8,105.0,106.8,106.8,103.0,104.3,104.3,2.0,2.5,2.5,0.088,0.98,9.7,0.084,0.229,0.156,9.9,9.9,0.495,0.548,0.215,0.218,93.11,91.76,76.47,91.76,0.14,4822,5.7,11.5
2730,Dwight Howard,Dwight,1610612753,ORL,19.0,82,36,46,0.439,2678.443333333333,352,677,0.52,0,2,0.0,277,413,0.671,287,536,823,75,165,77,136,60,232,0,981,-178,2555.1,32,0,2305.0,1,2004-05,32.7,102.8,103.0,103.0,104.9,105.9,105.9,-2.0,-2.9,-2.9,0.043,0.45,6.8,0.111,0.199,0.156,14.9,15.0,0.52,0.571,0.167,0.168,97.14,96.58,80.49,96.58,0.115,5378,4.3,8.3
2548,Dwyane Wade,Dwyane,1610612748,MIA,23.0,77,56,21,0.727,2977.568333333333,630,1318,0.478,13,45,0.289,581,762,0.762,110,287,397,520,321,121,82,73,230,0,1854,397,3398.4,16,1,3190.0,1,2004-05,38.7,109.4,109.8,109.8,101.4,103.2,103.2,8.0,6.5,6.5,0.303,1.62,20.8,0.04,0.095,0.069,12.9,12.9,0.483,0.561,0.302,0.306,93.65,92.7,77.25,92.7,0.153,5761,8.2,17.1
1863,Earl Boykins,Earl,1610612743,DEN,29.0,82,49,33,0.598,2167.1,340,824,0.413,56,166,0.337,279,303,0.921,37,106,143,372,121,78,12,45,122,0,1015,103,1893.6,6,0,1766.0,1,2004-05,26.4,103.2,103.1,103.1,101.3,101.9,101.9,1.9,1.2,1.2,0.293,3.07,25.8,0.017,0.05,0.033,8.4,8.3,0.447,0.53,0.214,0.22,95.98,95.74,79.78,95.74,0.123,4347,4.1,10.0
2248,Earl Watson,Earl,1610612763,MEM,26.0,80,44,36,0.55,1814.3216666666667,236,554,0.426,52,163,0.319,91,138,0.659,35,129,164,359,167,83,19,43,184,0,615,154,1489.3,3,0,1394.0,1,2004-05,22.7,101.7,101.9,101.9,96.5,97.1,97.1,5.2,4.8,4.8,0.353,2.15,31.5,0.021,0.074,0.048,14.7,14.6,0.473,0.5,0.2,0.205,90.37,90.03,75.03,90.03,0.102,3399,3.0,6.9
2109,Eddie Gill,Eddie,1610612754,IND,26.0,73,38,35,0.521,1013.8466666666668,81,242,0.335,36,117,0.308,71,81,0.877,16,96,112,83,60,59,5,19,105,0,269,-122,659.9,0,0,628.0,1,2004-05,13.9,97.3,94.1,94.1,101.6,99.3,99.3,-4.3,-5.3,-5.3,0.161,1.38,19.6,0.017,0.101,0.06,14.2,14.3,0.409,0.484,0.157,0.164,88.64,91.21,76.01,91.21,0.068,1916,1.1,3.3
2204,Eddie Griffin,Eddie,1610612750,MIN,23.0,70,37,33,0.529,1492.6683333333333,202,522,0.387,67,204,0.328,56,78,0.718,128,325,453,53,55,23,118,33,120,0,527,128,1518.1,6,0,1382.0,1,2004-05,21.3,108.4,108.1,108.1,104.1,103.6,103.6,4.2,4.5,4.5,0.057,0.96,8.0,0.09,0.203,0.15,8.3,8.3,0.451,0.474,0.186,0.19,91.29,91.65,76.37,91.65,0.106,2850,2.9,7.5
2067,Eddie House,Eddie,1610612758,SAC,27.0,68,34,34,0.5,884.1416666666667,165,366,0.451,44,97,0.454,23,27,0.852,16,67,83,96,35,44,6,13,65,0,397,-71,755.6,0,0,720.0,3,2004-05,13.0,104.9,103.6,103.6,107.9,107.6,107.6,-2.9,-4.1,-4.1,0.18,2.74,18.9,0.018,0.083,0.049,6.9,6.9,0.511,0.525,0.204,0.211,93.87,94.57,78.81,94.57,0.105,1742,2.4,5.4
224,Eddie Jones,Eddie,1610612748,MIA,33.0,80,58,22,0.725,2837.255,351,820,0.428,142,382,0.372,174,216,0.806,38,367,405,212,99,86,38,24,251,0,1018,488,2095.0,3,0,2025.0,1,2004-05,35.5,109.4,109.6,109.6,99.4,100.8,100.8,10.0,8.8,8.8,0.112,2.14,17.5,0.015,0.126,0.073,8.2,8.1,0.515,0.556,0.161,0.166,93.59,92.82,77.35,92.82,0.095,5489,4.4,10.3
2201,Eddy Curry,Eddy,1610612741,CHI,22.0,63,37,26,0.587,1811.59,393,730,0.538,0,0,0.0,226,314,0.72,116,222,338,37,163,21,58,59,202,1,1012,-78,1547.1,6,0,1545.0,1,2004-05,28.8,97.0,98.6,98.6,99.4,99.8,99.8,-2.4,-1.2,-1.2,0.041,0.23,3.5,0.069,0.118,0.095,15.3,15.3,0.538,0.583,0.258,0.26,94.22,93.28,77.73,93.28,0.109,3503,6.2,11.6
2059,Eduardo Najera,Eduardo,1610612743,DEN,28.0,68,37,31,0.544,1182.61,145,322,0.45,6,21,0.286,58,91,0.637,102,141,243,65,61,41,24,20,148,1,354,24,877.1,2,0,798.0,2,2004-05,17.4,105.4,104.1,104.1,102.6,102.3,102.3,2.8,1.8,1.8,0.084,1.07,13.4,0.082,0.12,0.101,12.6,12.5,0.46,0.489,0.153,0.158,95.79,96.5,80.42,96.5,0.064,2368,2.1,4.7
922,Elden Campbell,Elden,1610612765,DET,36.0,40,23,17,0.575,392.9583333333333,39,123,0.317,0,2,0.0,42,55,0.764,28,65,93,19,29,8,7,12,57,0,120,-23,276.1,0,0,262.0,2,2004-05,9.8,99.5,96.1,96.1,100.2,100.0,100.0,-0.7,-3.9,-3.9,0.089,0.66,9.6,0.08,0.176,0.129,14.6,14.9,0.317,0.408,0.211,0.218,89.63,91.25,76.04,91.25,0.044,750,1.0,3.1
1882,Elton Brand,Elton,1610612746,LAC,26.0,81,37,44,0.457,3004.688333333333,629,1251,0.503,0,3,0.0,364,484,0.752,296,474,770,208,183,62,169,81,240,1,1622,182,3368.0,41,0,3062.0,1,2004-05,37.1,104.7,106.1,106.1,102.7,103.2,103.2,2.0,2.9,2.9,0.128,1.14,11.2,0.107,0.162,0.135,9.9,9.9,0.503,0.554,0.248,0.251,91.91,91.11,75.93,91.11,0.148,5712,7.8,15.4
2731,Emeka Okafor,Emeka,1610612766,CHA,22.0,73,16,57,0.219,2599.63,448,1003,0.447,0,1,0.0,209,343,0.609,275,520,795,64,125,62,125,85,214,1,1105,-344,2591.0,47,0,2338.0,1,2004-05,35.6,98.1,99.6,99.6,105.4,106.3,106.3,-7.2,-6.7,-6.7,0.042,0.51,4.8,0.101,0.215,0.154,9.3,9.3,0.447,0.479,0.215,0.218,94.99,93.88,78.23,93.88,0.111,5082,6.1,13.7
15,Eric Piatkowski,Eric,1610612741,CHI,34.0,68,37,31,0.544,839.175,111,258,0.43,57,134,0.425,45,56,0.804,15,64,79,51,37,29,1,11,67,0,324,14,548.3,0,0,571.0,1,2004-05,12.3,98.4,98.6,98.6,98.9,98.6,98.6,-0.5,0.1,0.1,0.099,1.38,14.1,0.017,0.072,0.045,10.2,10.0,0.541,0.573,0.16,0.167,96.7,96.75,80.63,96.75,0.088,1698,1.6,3.8
727,Eric Snow,Eric,1610612739,CLE,32.0,81,42,39,0.519,1841.0716666666667,125,327,0.382,13,45,0.289,59,80,0.738,37,118,155,317,89,67,16,18,189,0,322,122,1143.5,2,0,973.0,1,2004-05,22.7,103.8,105.0,105.0,100.1,101.6,101.6,3.8,3.3,3.3,0.258,3.56,41.2,0.02,0.067,0.043,11.6,11.6,0.402,0.445,0.111,0.112,91.52,90.33,75.27,90.33,0.065,3468,1.5,4.0
677,Eric Williams,Eric,1610612761,TOR,32.0,55,23,32,0.418,1324.8583333333331,142,330,0.43,28,73,0.384,112,161,0.696,44,128,172,92,60,38,4,29,147,0,424,-96,834.4,0,0,800.0,2,2004-05,24.1,97.9,98.6,98.6,101.4,101.7,101.7,-3.4,-3.0,-3.0,0.12,1.53,16.5,0.035,0.099,0.068,10.8,10.9,0.473,0.529,0.161,0.163,92.31,91.86,76.55,91.86,0.07,2526,2.6,6.0
956,Erick Dampier,Erick,1610612742,DAL,29.0,59,43,16,0.729,1605.845,202,367,0.55,0,3,0.0,138,228,0.605,183,318,501,51,102,15,80,40,205,0,542,302,1402.7,16,0,1284.0,1,2004-05,27.2,107.9,108.9,108.9,98.9,99.3,99.3,9.0,9.6,9.6,0.048,0.5,8.2,0.121,0.194,0.159,16.3,16.4,0.55,0.58,0.159,0.16,93.9,93.24,77.7,93.24,0.094,3121,3.4,6.2
1065,Erick Strickland,Erick,1610612749,MIL,31.0,62,20,42,0.323,1011.2616666666668,114,304,0.375,21,83,0.253,52,64,0.813,11,92,103,115,64,30,1,11,103,0,301,-99,626.1,0,0,602.0,1,2004-05,16.3,101.5,101.0,101.0,104.3,105.4,105.4,-2.8,-4.5,-4.5,0.193,1.8,22.5,0.011,0.096,0.054,12.5,12.5,0.41,0.453,0.179,0.184,92.33,92.08,76.74,92.08,0.056,1934,1.8,4.9
2845,Erik Daniels,Erik,1610612758,SAC,23.0,21,14,7,0.667,70.805,6,18,0.333,1,2,0.5,0,0,0.0,7,11,18,4,6,2,0,1,7,0,13,-33,40.6,0,0,40.0,1,2004-05,3.4,73.6,69.3,69.3,96.4,93.2,93.2,-22.8,-23.9,-23.9,0.118,0.67,14.3,0.08,0.143,0.109,21.4,21.4,0.361,0.361,0.131,0.141,96.09,100.67,83.89,100.67,0.048,150,0.3,0.9
911,Ervin Johnson,Ervin,1610612750,MIN,37.0,46,27,19,0.587,409.3,28,54,0.519,1,1,1.0,16,25,0.64,43,70,113,6,18,7,13,2,86,0,73,-68,259.6,0,0,233.0,1,2004-05,8.9,96.6,96.1,96.1,105.1,103.9,103.9,-8.6,-7.8,-7.8,0.022,0.33,6.7,0.105,0.174,0.139,20.0,20.2,0.528,0.562,0.097,0.098,87.9,88.6,73.83,88.6,0.036,751,0.6,1.2
2041,Etan Thomas,Etan,1610612764,WAS,27.0,47,25,22,0.532,979.0733333333334,128,255,0.502,0,0,0.0,76,144,0.528,85,159,244,20,50,17,51,38,133,1,332,-92,808.8,5,0,732.0,1,2004-05,20.8,102.1,102.8,102.8,107.3,108.2,108.2,-5.2,-5.4,-5.4,0.034,0.4,5.1,0.082,0.176,0.125,12.8,12.9,0.502,0.521,0.164,0.166,94.75,94.01,78.34,94.01,0.071,1923,2.7,5.4
2436,Flip Murray,Flip,1610612760,SEA,25.0,49,27,22,0.551,879.1333333333333,131,363,0.361,24,95,0.253,59,80,0.738,15,83,98,65,57,30,11,25,59,0,345,-130,626.1,0,0,614.0,1,2004-05,17.9,101.6,101.9,101.9,110.1,110.3,110.3,-8.5,-8.4,-8.4,0.139,1.14,12.5,0.017,0.1,0.058,10.9,11.0,0.394,0.433,0.239,0.244,89.93,89.68,74.73,89.68,0.062,1646,2.7,7.4
1922,Francisco Elson,Francisco,1610612743,DEN,29.0,67,41,26,0.612,939.935,101,216,0.468,1,3,0.333,45,79,0.57,61,140,201,34,40,34,41,14,129,1,248,-8,725.2,0,0,634.0,1,2004-05,14.0,102.3,101.4,101.4,101.2,100.9,100.9,1.1,0.5,0.5,0.055,0.85,10.4,0.065,0.161,0.112,12.2,12.3,0.47,0.494,0.136,0.138,95.89,96.39,80.32,96.39,0.061,1879,1.5,3.2
2421,Frank Williams,Frank,1610612741,CHI,25.0,9,6,3,0.667,69.92,3,20,0.15,0,4,0.0,0,0,0.0,2,4,6,11,3,2,3,0,9,0,6,-23,41.7,0,0,33.0,1,2004-05,7.8,79.2,78.3,78.3,93.9,93.2,93.2,-14.7,-14.9,-14.9,0.289,3.67,32.4,0.023,0.049,0.036,8.8,8.8,0.15,0.15,0.146,0.151,89.14,89.93,74.94,89.93,-0.024,129,0.3,2.2
697,Fred Hoiberg,Fred,1610612750,MIN,32.0,76,40,36,0.526,1267.3283333333334,139,284,0.489,70,145,0.483,89,102,0.873,32,149,181,85,20,50,15,7,105,0,437,153,956.7,0,0,903.0,1,2004-05,16.7,111.3,109.8,109.8,104.0,103.7,103.7,7.3,6.1,6.1,0.102,4.25,20.0,0.028,0.114,0.074,4.7,4.6,0.613,0.664,0.124,0.131,90.77,91.51,76.25,91.51,0.109,2419,1.8,3.7
2410,Fred Jones,Fred,1610612754,IND,26.0,77,40,37,0.519,2270.383333333333,275,647,0.425,87,229,0.38,176,207,0.85,34,208,242,196,114,61,31,38,171,0,813,-153,1559.4,1,0,1522.0,1,2004-05,29.5,99.6,99.6,99.6,103.6,103.1,103.1,-3.9,-3.5,-3.5,0.166,1.72,18.7,0.016,0.099,0.057,10.9,10.9,0.492,0.551,0.177,0.18,89.76,89.99,74.99,89.99,0.098,4254,3.6,8.4
56,Gary Payton,Gary,1610612738,BOS,36.0,77,41,36,0.532,2550.625,339,725,0.468,42,129,0.326,153,201,0.761,48,188,236,469,148,88,12,47,121,0,873,49,2011.7,7,0,1820.0,1,2004-05,33.1,107.1,108.0,108.0,105.5,107.2,107.2,1.5,0.8,0.8,0.279,3.17,32.8,0.02,0.075,0.048,10.3,10.3,0.497,0.537,0.168,0.17,96.55,95.36,79.46,95.36,0.104,5071,4.4,9.4
2367,Geno Carlisle,Geno,1610612757,POR,28.0,6,2,4,0.333,15.406666666666666,2,3,0.667,0,0,0.0,4,6,0.667,1,0,1,1,1,0,0,0,1,0,8,-7,9.7,0,0,10.0,1,2004-05,2.6,106.7,100.0,100.0,134.4,117.6,117.6,-27.7,-17.6,-17.6,0.111,1.0,14.3,0.0,0.0,0.0,14.3,13.1,0.667,0.709,0.158,0.185,94.53,104.37,86.98,104.37,0.077,33,0.3,0.5
248,George Lynch,George,1610612740,NOH,34.0,44,8,36,0.182,932.935,68,189,0.36,11,37,0.297,17,23,0.739,55,119,174,88,57,32,12,14,83,0,164,-113,579.8,0,0,525.0,1,2004-05,21.2,94.1,94.3,94.3,100.8,100.1,100.1,-6.7,-5.8,-5.8,0.16,1.54,25.6,0.06,0.142,0.099,16.6,16.6,0.389,0.412,0.128,0.131,88.68,88.93,74.11,88.93,0.063,1722,1.5,4.3
2222,Gerald Wallace,Gerald,1610612766,CHA,22.0,70,16,54,0.229,2149.083333333333,286,637,0.449,17,62,0.274,191,289,0.661,118,268,386,137,159,117,91,65,182,0,780,-178,1913.7,7,0,1736.0,1,2004-05,30.7,98.4,99.8,99.8,103.5,103.7,103.7,-5.1,-3.8,-3.8,0.102,0.86,12.9,0.053,0.134,0.092,15.0,15.0,0.462,0.51,0.188,0.19,95.13,94.37,78.64,94.37,0.091,4217,4.1,9.1
2240,Gilbert Arenas,Gilbert,1610612764,WAS,23.0,80,44,36,0.55,3278.891666666667,656,1523,0.431,205,562,0.365,521,640,0.814,83,295,378,411,242,139,23,69,245,0,2038,97,3352.1,2,0,3356.0,1,2004-05,41.0,105.5,106.7,106.7,104.0,105.7,105.7,1.5,1.0,1.0,0.224,1.7,16.8,0.024,0.09,0.056,9.9,9.8,0.498,0.565,0.265,0.271,96.85,95.55,79.62,95.55,0.138,6542,8.2,19.0
299,Glenn Robinson,Glenn,1610612759,SAS,32.0,9,5,4,0.556,157.98166666666663,34,77,0.442,2,6,0.333,20,23,0.87,4,20,24,8,7,4,3,7,19,0,90,-21,144.8,0,0,138.0,1,2004-05,17.6,97.0,96.1,96.1,105.5,106.0,106.0,-8.5,-9.9,-9.9,0.105,1.14,7.8,0.024,0.123,0.073,6.8,6.9,0.455,0.517,0.264,0.269,92.35,92.52,77.1,92.52,0.109,309,3.8,8.6
1921,Gordan Giricek,Gordan,1610612762,UTA,28.0,81,26,55,0.321,1652.6683333333333,283,632,0.448,38,105,0.362,111,137,0.81,25,157,182,137,90,46,11,38,155,0,715,-78,1219.9,0,0,1186.0,1,2004-05,20.4,100.4,101.7,101.7,104.3,103.6,103.6,-3.8,-1.9,-1.9,0.15,1.52,15.0,0.016,0.105,0.059,9.9,9.8,0.478,0.516,0.212,0.217,91.44,91.14,75.95,91.14,0.098,3129,3.5,7.8
255,Grant Hill,Grant,1610612753,ORL,32.0,67,32,35,0.478,2342.775,517,1015,0.509,3,13,0.231,280,341,0.821,77,241,318,220,161,97,28,41,144,0,1317,-12,2242.6,2,0,2108.0,1,2004-05,35.0,103.0,103.7,103.7,103.4,104.0,104.0,-0.4,-0.3,-0.3,0.165,1.37,14.3,0.034,0.101,0.068,10.5,10.4,0.511,0.565,0.242,0.247,97.56,97.0,80.84,97.0,0.138,4736,7.7,15.1
1761,Greg Buckner,Greg,1610612743,DEN,28.0,70,42,28,0.6,1519.1566666666668,160,303,0.528,49,121,0.405,63,81,0.778,66,142,208,133,49,75,6,19,169,0,432,38,1075.1,0,0,984.0,1,2004-05,21.7,103.1,103.5,103.5,101.4,101.6,101.6,1.7,1.9,1.9,0.127,2.71,25.6,0.045,0.096,0.071,9.4,9.4,0.609,0.638,0.111,0.114,96.41,96.1,80.08,96.1,0.085,3032,2.3,4.3
731,Greg Ostertag,Greg,1610612758,SAC,32.0,56,34,22,0.607,557.1383333333333,37,84,0.44,0,2,0.0,13,38,0.342,55,112,167,37,24,7,40,13,88,0,87,71,459.9,0,0,385.0,1,2004-05,9.9,104.3,104.1,104.1,99.7,97.7,97.7,4.6,6.3,6.3,0.094,1.54,22.8,0.091,0.187,0.139,14.8,14.8,0.44,0.432,0.095,0.098,94.36,95.42,79.51,95.42,0.06,1108,0.7,1.5
2775,Ha Ha,Ha,1610612757,POR,19.0,19,4,15,0.211,100.16166666666666,10,23,0.435,0,0,0.0,6,11,0.545,6,12,18,2,12,1,5,1,21,0,26,-11,56.6,0,0,58.0,1,2004-05,5.3,97.9,94.7,94.7,100.2,98.1,98.1,-2.3,-3.4,-3.4,0.03,0.17,4.8,0.065,0.105,0.087,28.6,28.7,0.435,0.467,0.169,0.175,97.46,100.16,83.47,100.16,-0.014,207,0.5,1.2
2045,Hedo Turkoglu,Hedo,1610612753,ORL,26.0,67,32,35,0.478,1766.475,328,782,0.419,93,245,0.38,188,225,0.836,62,171,233,153,119,41,18,21,140,0,937,-54,1504.1,0,0,1534.0,1,2004-05,26.4,102.9,102.7,102.7,104.7,104.1,104.1,-1.8,-1.4,-1.4,0.153,1.29,13.3,0.034,0.095,0.065,10.3,10.3,0.479,0.532,0.241,0.246,97.34,97.66,81.38,97.66,0.107,3593,4.9,11.7
2798,Horace Jenkins,Horace,1610612765,DET,30.0,15,11,4,0.733,101.52,15,45,0.333,0,9,0.0,12,13,0.923,3,6,9,9,7,5,1,8,6,0,42,-16,77.3,0,0,72.0,1,2004-05,6.8,85.4,79.5,79.5,90.1,86.9,86.9,-4.7,-7.4,-7.4,0.214,1.29,13.4,0.028,0.052,0.041,10.4,10.5,0.333,0.414,0.251,0.269,92.06,97.16,80.97,97.16,0.086,205,1.0,3.0
458,Howard Eisley,Howard,1610612762,UTA,32.0,74,26,48,0.351,1429.01,161,405,0.398,27,103,0.262,66,83,0.795,15,75,90,250,111,45,9,13,156,0,415,-186,949.0,1,0,890.0,1,2004-05,19.3,99.5,100.5,100.5,107.7,107.1,107.1,-8.3,-6.6,-6.6,0.299,2.25,31.1,0.011,0.059,0.035,13.8,13.8,0.431,0.47,0.178,0.18,89.97,89.75,74.79,89.75,0.069,2667,2.2,5.5
2825,Ibrahim Kutluay,Ibrahim,1610612760,SEA,31.0,5,4,1,0.8,10.9,0,1,0.0,0,0,0.0,0,0,0.0,0,1,1,0,2,0,0,0,1,0,0,-17,-0.8,0,0,1.0,1,2004-05,2.2,23.5,19.0,19.0,111.9,100.0,100.0,-88.4,-81.0,-81.0,0.0,0.0,0.0,0.0,0.0,0.0,66.7,66.7,0.0,0.0,0.13,0.158,78.74,92.48,77.06,92.48,-0.158,21,0.0,0.2
1956,Ira Newble,Ira,1610612739,CLE,30.0,74,38,36,0.514,1825.9466666666667,182,424,0.429,19,53,0.358,55,69,0.797,78,142,220,91,61,50,18,26,144,0,438,-23,981.5,0,0,904.0,1,2004-05,24.7,101.8,103.7,103.7,102.6,104.0,104.0,-0.8,-0.4,-0.4,0.074,1.49,15.0,0.043,0.08,0.061,10.0,10.1,0.452,0.482,0.125,0.126,93.61,92.16,76.8,92.16,0.052,3501,2.5,5.7
2747,JR Smith,JR,1610612740,NOH,19.0,76,18,58,0.237,1863.5216666666668,295,748,0.394,81,281,0.288,111,161,0.689,39,113,152,142,109,55,11,39,135,0,782,-400,1266.4,0,0,1289.0,1,2004-05,24.5,96.1,97.7,97.7,109.1,109.3,109.3,-13.0,-11.5,-11.5,0.142,1.3,13.3,0.02,0.066,0.042,10.2,10.2,0.449,0.478,0.226,0.229,90.73,89.89,74.91,89.89,0.064,3491,3.9,9.8
2074,Jabari Smith,Jabari,1610612751,NJN,28.0,45,26,19,0.578,646.7883333333333,62,148,0.419,1,2,0.5,41,55,0.745,29,82,111,38,39,25,14,12,103,0,166,-111,434.2,0,0,394.0,1,2004-05,14.4,93.8,92.9,92.9,103.9,102.0,102.0,-10.1,-9.2,-9.2,0.1,0.97,15.1,0.045,0.142,0.091,15.5,15.7,0.422,0.482,0.149,0.153,93.29,94.62,78.85,94.62,0.048,1278,1.4,3.3
2866,Jackie Butler,Jackie,1610612752,NYK,20.0,3,2,1,0.667,4.388333333333334,4,4,1.0,0,0,0.0,2,2,1.0,0,0,0,0,1,1,0,0,0,0,10,1,12.0,0,0,12.0,1,2004-05,1.5,141.7,127.3,127.3,136.6,118.2,118.2,5.1,9.1,9.1,0.0,0.0,0.0,0.0,0.0,0.0,20.0,17.0,1.0,1.025,0.455,0.595,106.1,120.32,100.27,120.32,0.488,11,1.3,1.3
2761,Jackson Vroman,Jackson,1610612740,NOH,24.0,46,12,34,0.261,706.105,82,199,0.412,0,3,0.0,48,75,0.64,64,111,175,40,64,25,19,22,105,1,212,-65,550.0,2,0,515.0,2,2004-05,15.4,97.9,99.3,99.3,105.8,103.6,103.6,-7.9,-4.4,-4.4,0.095,0.63,11.8,0.09,0.174,0.129,18.9,19.0,0.412,0.457,0.186,0.188,92.79,93.1,77.58,93.1,0.055,1367,1.8,4.3
1521,Jacque Vaughn,Jacque,1610612751,NJN,30.0,71,34,37,0.479,1400.02,146,325,0.449,5,15,0.333,76,91,0.835,17,90,107,135,62,41,1,21,138,0,373,-138,767.9,0,0,704.0,1,2004-05,19.7,96.3,96.7,96.7,101.7,101.6,101.6,-5.3,-5.0,-5.0,0.169,2.18,24.1,0.012,0.068,0.04,11.1,11.0,0.457,0.511,0.14,0.144,92.18,92.04,76.7,92.04,0.064,2682,2.1,4.6
1751,Jahidi White,Jahidi,1610612766,CHA,29.0,17,4,13,0.235,132.93833333333333,14,31,0.452,0,0,0.0,14,40,0.35,11,23,34,1,11,2,12,3,31,1,42,11,115.3,0,0,105.0,1,2004-05,7.8,102.7,99.6,99.6,101.6,99.6,99.6,1.2,0.0,0.0,0.011,0.09,1.7,0.079,0.173,0.125,18.3,18.2,0.452,0.432,0.19,0.204,91.73,94.06,78.38,94.06,-0.015,266,0.8,1.8
2054,Jake Tsakalidis,Jake,1610612763,MEM,26.0,31,19,12,0.613,280.945,32,64,0.5,0,0,0.0,14,18,0.778,21,35,56,10,12,3,16,8,42,0,78,8,205.2,0,0,182.0,1,2004-05,9.1,99.0,96.1,96.1,96.9,94.4,94.4,2.0,1.7,1.7,0.061,0.83,10.5,0.077,0.127,0.102,12.6,12.8,0.5,0.542,0.137,0.142,89.31,91.83,76.53,91.83,0.074,537,1.0,2.1
2063,Jake Voskuhl,Jake,1610612756,PHX,27.0,38,29,9,0.763,362.2416666666667,27,59,0.458,0,0,0.0,26,38,0.684,30,62,92,17,20,4,11,5,60,0,80,55,240.9,0,0,219.0,1,2004-05,9.5,104.0,103.4,103.4,96.5,96.2,96.2,7.5,7.2,7.2,0.065,0.85,14.9,0.083,0.151,0.119,17.5,17.7,0.458,0.528,0.114,0.116,97.47,97.92,81.6,97.92,0.053,740,0.7,1.6
147,Jalen Rose,Jalen,1610612761,TOR,32.0,81,33,48,0.407,2714.1,527,1159,0.455,108,274,0.394,333,390,0.854,44,232,276,209,180,63,10,52,190,0,1495,-190,2178.7,1,0,2234.0,1,2004-05,33.5,104.5,104.9,104.9,108.0,108.5,108.5,-3.5,-3.6,-3.6,0.14,1.16,12.3,0.016,0.089,0.052,10.6,10.5,0.501,0.562,0.248,0.255,95.24,94.82,79.02,94.82,0.105,5364,6.5,14.3
2048,Jamaal Magloire,Jamaal,1610612740,NOH,27.0,23,5,18,0.217,707.2,98,227,0.432,0,0,0.0,74,123,0.602,79,126,205,29,59,8,23,20,74,1,270,-103,593.5,8,0,566.0,1,2004-05,30.7,96.0,98.2,98.2,105.3,105.4,105.4,-9.3,-7.1,-7.1,0.076,0.49,7.8,0.107,0.2,0.15,15.9,16.0,0.432,0.48,0.22,0.22,90.2,89.15,74.29,89.15,0.084,1309,4.3,9.9
2224,Jamaal Tinsley,Jamaal,1610612754,IND,27.0,40,22,18,0.55,1300.8216666666667,218,522,0.418,58,156,0.372,122,164,0.744,26,134,160,257,134,81,12,29,112,0,616,105,1338.5,4,0,1277.0,1,2004-05,32.5,105.2,106.0,106.0,101.8,102.4,102.4,3.4,3.6,3.6,0.35,1.92,26.1,0.021,0.108,0.065,13.6,13.6,0.473,0.518,0.255,0.258,92.79,92.19,76.83,92.19,0.128,2506,5.5,13.1
2037,Jamal Crawford,Jamal,1610612752,NYK,25.0,70,28,42,0.4,2684.635,437,1097,0.398,185,512,0.361,182,216,0.843,33,170,203,302,148,92,19,28,135,0,1241,-180,2122.6,1,0,2153.0,1,2004-05,38.4,103.3,104.4,104.4,107.7,108.0,108.0,-4.4,-3.7,-3.7,0.19,2.04,18.5,0.012,0.067,0.039,9.1,9.0,0.483,0.521,0.221,0.226,94.06,93.48,77.9,93.48,0.097,5234,6.2,15.7
2441,Jamal Sampson,Jamal,1610612766,CHA,22.0,23,5,18,0.217,327.245,28,62,0.452,0,0,0.0,23,39,0.59,36,86,122,8,17,4,17,7,53,0,79,-51,283.4,0,0,251.0,1,2004-05,14.2,92.3,91.1,91.1,99.9,98.1,98.1,-7.6,-7.0,-7.0,0.042,0.47,7.6,0.099,0.278,0.182,16.2,16.3,0.452,0.499,0.129,0.133,92.98,94.46,78.72,94.46,0.098,641,1.2,2.7
2749,Jameer Nelson,Jameer,1610612753,ORL,23.0,79,34,45,0.43,1614.9766666666667,286,628,0.455,44,141,0.312,73,107,0.682,52,141,193,237,117,78,3,39,199,0,689,-111,1402.1,1,0,1325.0,1,2004-05,20.4,101.2,101.3,101.3,104.9,104.1,104.1,-3.7,-2.8,-2.8,0.244,2.03,23.0,0.032,0.085,0.058,11.4,11.4,0.49,0.51,0.209,0.214,97.66,97.93,81.61,97.93,0.094,3286,3.6,7.9
2592,James Jones,James,1610612754,IND,24.0,75,39,36,0.52,1323.655,126,318,0.396,66,166,0.398,53,62,0.855,39,135,174,57,43,31,28,10,123,0,371,10,799.3,2,0,786.0,1,2004-05,17.6,101.8,99.8,99.8,99.4,98.7,98.7,2.4,1.0,1.0,0.077,1.33,12.8,0.032,0.104,0.069,9.6,9.7,0.5,0.537,0.139,0.143,89.51,90.73,75.61,90.73,0.07,2494,1.7,4.2
1899,James Posey,James,1610612763,MEM,28.0,50,28,22,0.56,1384.2133333333334,127,356,0.357,55,178,0.309,96,111,0.865,45,174,219,88,69,48,23,21,134,0,405,-68,943.8,1,0,909.0,1,2004-05,27.7,98.3,99.0,99.0,101.3,101.5,101.5,-3.0,-2.5,-2.5,0.11,1.28,15.7,0.035,0.132,0.084,12.3,12.3,0.434,0.5,0.161,0.164,90.55,90.12,75.1,90.12,0.077,2597,2.5,7.1
2839,James Thomas,James,1610612737,ATL,24.0,11,2,9,0.182,113.18166666666669,12,20,0.6,0,0,0.0,2,6,0.333,17,20,37,4,7,4,4,1,13,0,26,-52,93.4,0,0,83.0,2,2004-05,10.3,92.3,92.3,92.3,121.1,115.2,115.2,-28.8,-22.9,-22.9,0.061,0.57,11.8,0.135,0.183,0.157,20.6,20.8,0.6,0.574,0.109,0.113,92.11,94.36,78.63,94.36,0.092,222,1.1,1.8
2249,Jamison Brewer,Jamison,1610612752,NYK,24.0,18,4,14,0.222,179.99666666666667,11,37,0.297,3,15,0.2,6,13,0.462,6,16,22,12,13,8,1,3,11,0,31,-64,89.4,0,0,86.0,1,2004-05,10.0,91.6,91.5,91.5,109.9,110.0,110.0,-18.4,-18.5,-18.5,0.118,0.92,17.6,0.034,0.101,0.065,19.1,19.2,0.338,0.363,0.138,0.143,90.77,90.8,75.67,90.8,0.028,340,0.6,2.1
2457,Jannero Pargo,Jannero,1610612741,CHI,25.0,32,19,13,0.594,450.35833333333335,82,213,0.385,23,66,0.348,17,23,0.739,12,35,47,76,45,16,1,11,53,0,204,-5,380.4,0,0,384.0,1,2004-05,14.1,100.0,99.6,99.6,100.4,99.9,99.9,-0.3,-0.3,-0.3,0.315,1.69,22.0,0.025,0.072,0.049,13.0,13.1,0.439,0.457,0.258,0.263,96.42,96.88,80.74,96.88,0.073,908,2.6,6.7
2407,Jared Jeffries,Jared,1610612764,WAS,23.0,77,42,35,0.545,2006.015,203,434,0.468,16,51,0.314,101,173,0.584,152,222,374,151,114,66,35,38,206,0,523,32,1387.3,2,0,1266.0,1,2004-05,26.1,103.8,103.9,103.9,102.3,103.1,103.1,1.5,0.8,0.8,0.115,1.32,19.4,0.072,0.113,0.092,14.6,14.7,0.486,0.513,0.134,0.135,96.48,96.07,80.06,96.07,0.068,4015,2.6,5.6
2876,Jared Reiner,Jared,1610612741,CHI,23.0,19,8,11,0.421,131.77666666666667,10,30,0.333,0,0,0.0,1,4,0.25,13,25,38,1,9,3,7,4,35,0,21,-20,89.1,0,0,80.0,1,2004-05,6.9,92.9,94.2,94.2,103.1,100.0,100.0,-10.2,-5.8,-5.8,0.011,0.11,2.4,0.08,0.172,0.123,21.4,21.6,0.333,0.331,0.123,0.126,100.46,101.26,84.39,101.26,-0.019,276,0.5,1.6
2260,Jarron Collins,Jarron,1610612762,UTA,26.0,50,20,30,0.4,959.6666666666666,65,157,0.414,0,1,0.0,83,119,0.697,57,107,164,61,34,11,6,31,146,0,213,2,518.3,0,0,472.0,1,2004-05,19.2,103.9,105.6,105.6,105.0,105.0,105.0,-1.1,0.7,0.7,0.091,1.79,19.7,0.063,0.123,0.093,11.0,11.2,0.414,0.509,0.117,0.116,92.38,91.63,76.36,91.63,0.04,1827,1.3,3.1
2553,Jarvis Hayes,Jarvis,1610612764,WAS,23.0,54,30,24,0.556,1562.715,206,530,0.389,42,123,0.341,99,118,0.839,41,186,227,90,62,49,9,22,107,0,553,-73,1072.4,0,0,1028.0,1,2004-05,28.9,104.0,104.1,104.1,106.8,106.7,106.7,-2.9,-2.7,-2.7,0.093,1.45,12.2,0.024,0.123,0.071,8.4,8.4,0.428,0.475,0.177,0.18,95.84,95.83,79.86,95.83,0.077,3125,3.8,9.8
2044,Jason Collier,Jason,1610612737,ATL,27.0,70,11,59,0.157,941.5116666666668,174,376,0.463,6,14,0.429,48,71,0.676,84,100,184,18,63,15,13,28,147,0,402,-361,670.8,0,0,666.0,1,2004-05,13.5,91.5,91.1,91.1,111.0,110.4,110.4,-19.5,-19.3,-19.3,0.035,0.29,3.7,0.086,0.124,0.103,12.9,12.9,0.471,0.494,0.218,0.223,93.41,93.88,78.24,93.88,0.05,1839,2.5,5.4
2215,Jason Collins,Jason,1610612751,NJN,26.0,80,40,40,0.5,2545.991666666667,186,451,0.412,2,6,0.333,137,209,0.656,153,335,488,105,91,71,71,44,322,0,511,133,1589.1,3,0,1390.0,1,2004-05,31.8,98.7,100.0,100.0,96.0,96.4,96.4,2.7,3.7,3.7,0.066,1.15,14.1,0.062,0.14,0.1,12.2,12.3,0.415,0.471,0.117,0.117,91.32,90.52,75.44,90.52,0.053,4779,2.3,5.6
2078,Jason Hart,Jason,1610612766,CHA,27.0,74,18,56,0.243,1888.125,257,573,0.449,35,95,0.368,157,200,0.785,18,185,203,367,102,99,14,35,167,0,706,-318,1737.1,7,0,1537.0,1,2004-05,25.5,96.4,95.7,95.7,104.6,104.3,104.3,-8.2,-8.6,-8.6,0.335,3.6,32.4,0.009,0.105,0.054,9.0,9.0,0.479,0.534,0.178,0.183,93.91,94.37,78.64,94.37,0.13,3713,3.5,7.7
2574,Jason Kapono,Jason,1610612766,CHA,24.0,81,17,64,0.21,1489.1233333333332,269,671,0.401,80,194,0.412,70,85,0.824,32,132,164,61,46,40,6,21,132,0,688,-84,1068.3,0,0,1085.0,1,2004-05,18.4,98.0,97.2,97.2,102.9,101.6,101.6,-4.9,-4.3,-4.3,0.072,1.33,7.5,0.02,0.09,0.053,5.6,5.6,0.461,0.486,0.217,0.224,95.44,96.41,80.34,96.41,0.074,3014,3.3,8.3
467,Jason Kidd,Jason,1610612751,NJN,32.0,66,38,28,0.576,2449.7166666666667,340,855,0.398,129,358,0.36,142,192,0.74,94,394,488,545,167,123,9,38,110,0,951,233,2583.1,26,8,2377.0,1,2004-05,37.1,103.4,104.8,104.8,98.9,100.0,100.0,4.6,4.8,4.8,0.368,3.26,33.1,0.039,0.169,0.103,10.1,10.1,0.473,0.506,0.206,0.209,93.37,92.22,76.85,92.22,0.159,4710,5.2,13.0
2202,Jason Richardson,Jason,1610612744,GSW,24.0,72,33,39,0.458,2719.94,610,1368,0.446,125,370,0.338,214,309,0.693,125,299,424,281,169,105,32,64,156,0,1559,-138,2731.3,9,0,2663.0,1,2004-05,37.8,102.9,104.1,104.1,105.4,106.7,106.7,-2.5,-2.5,-2.5,0.185,1.66,14.4,0.042,0.11,0.075,8.6,8.6,0.492,0.518,0.267,0.269,96.53,95.42,79.52,95.42,0.122,5406,8.5,19.0
1891,Jason Terry,Jason,1610612742,DAL,27.0,80,56,24,0.7,2397.898333333333,372,743,0.501,103,245,0.42,146,173,0.844,38,150,188,429,147,109,15,33,177,0,993,466,2087.1,6,0,1961.0,1,2004-05,30.0,111.3,111.0,111.0,101.5,101.8,101.8,9.8,9.2,9.2,0.278,2.92,30.8,0.017,0.061,0.039,10.6,10.5,0.57,0.606,0.177,0.181,94.75,94.78,78.99,94.78,0.12,4749,4.7,9.3
1715,Jason Williams,Jason,1610612763,MEM,29.0,71,39,32,0.549,1949.9516666666664,266,644,0.413,107,330,0.324,80,101,0.792,19,103,122,399,130,75,5,16,91,0,719,78,1573.9,1,0,1507.0,1,2004-05,27.5,104.2,105.2,105.2,102.6,103.3,103.3,1.6,1.8,1.8,0.339,3.07,33.1,0.01,0.055,0.032,10.8,10.7,0.496,0.522,0.189,0.195,92.25,91.5,76.25,91.5,0.109,3722,3.7,9.1
1902,Jeff Foster,Jeff,1610612754,IND,28.0,61,32,29,0.525,1603.34,168,324,0.519,0,5,0.0,90,142,0.634,205,345,550,43,55,46,12,27,186,1,426,209,1269.5,14,0,1135.0,1,2004-05,26.3,104.5,104.3,104.3,96.8,96.4,96.4,7.7,7.9,7.9,0.047,0.78,8.9,0.135,0.222,0.179,11.4,11.4,0.519,0.551,0.129,0.132,89.17,89.45,74.54,89.45,0.117,2974,2.8,5.3
976,Jeff McInnis,Jeff,1610612739,CLE,30.0,76,39,37,0.513,2650.693333333333,377,915,0.412,91,264,0.345,130,160,0.813,32,125,157,391,117,56,1,33,177,0,975,27,1803.9,5,0,1728.0,1,2004-05,34.9,103.9,105.6,105.6,104.1,105.4,105.4,-0.3,0.3,0.3,0.237,3.34,26.3,0.012,0.05,0.03,7.9,7.8,0.462,0.495,0.183,0.187,93.29,91.95,76.62,91.95,0.082,5084,5.0,12.0
1741,Jelani McCoy,Jelani,1610612737,ATL,27.0,10,1,9,0.1,85.73,7,13,0.538,0,0,0.0,1,5,0.2,7,14,21,0,6,3,8,1,24,0,15,0,67.2,0,0,58.0,1,2004-05,8.6,109.1,105.2,105.2,107.2,104.0,104.0,1.8,1.2,1.2,0.0,0.0,0.0,0.093,0.149,0.124,28.6,28.3,0.538,0.493,0.109,0.114,93.72,96.86,80.72,96.86,-0.002,172,0.7,1.3
1983,Jermaine Jackson,Jermaine,1610612752,NYK,29.0,21,8,13,0.381,224.83666666666667,17,33,0.515,0,2,0.0,8,13,0.615,3,20,23,24,10,7,1,1,26,0,42,-55,119.6,0,0,105.0,1,2004-05,10.7,94.2,91.1,91.1,103.1,102.3,102.3,-8.9,-11.2,-11.2,0.186,2.4,32.9,0.014,0.099,0.055,13.7,13.8,0.515,0.542,0.101,0.105,90.08,91.91,76.59,91.91,0.068,427,0.8,1.6
979,Jermaine O'Neal,Jermaine,1610612754,IND,26.0,44,23,21,0.523,1539.54,386,854,0.452,1,6,0.167,295,391,0.754,85,303,388,82,131,25,88,77,173,0,1068,33,1864.6,17,0,1765.0,1,2004-05,35.0,102.5,103.4,103.4,102.1,102.3,102.3,0.4,1.1,1.1,0.124,0.63,6.6,0.06,0.205,0.134,10.5,10.6,0.453,0.52,0.358,0.36,89.62,89.14,74.28,89.14,0.157,2860,8.8,19.4
1744,Jerome James,Jerome,1610612760,SEA,29.0,80,50,30,0.625,1324.8216666666667,174,342,0.509,0,2,0.0,47,65,0.723,81,160,241,19,88,23,111,17,279,0,395,-49,1026.7,0,0,923.0,1,2004-05,16.6,101.9,104.0,104.0,104.2,105.6,105.6,-2.3,-1.6,-1.6,0.024,0.22,4.0,0.063,0.131,0.096,18.4,18.4,0.509,0.533,0.161,0.163,89.48,88.02,73.35,88.02,0.036,2425,2.2,4.3
2040,Jerome Moiso,Jerome,1610612739,CLE,27.0,20,7,13,0.35,118.27,9,18,0.5,0,1,0.0,10,13,0.769,10,27,37,1,7,3,6,2,13,0,28,-32,93.9,0,0,84.0,3,2004-05,5.9,95.9,94.5,94.5,114.4,107.1,107.1,-18.5,-12.6,-12.6,0.014,0.14,3.1,0.079,0.241,0.155,21.9,22.1,0.5,0.59,0.112,0.114,92.77,96.59,80.49,96.59,0.095,237,0.5,0.9
966,Jerome Williams,Jerome,1610612752,NYK,32.0,79,31,48,0.392,1210.9466666666667,122,243,0.502,0,5,0.0,115,172,0.669,115,168,283,41,65,55,10,22,155,0,359,24,890.1,1,0,813.0,1,2004-05,15.3,102.7,102.3,102.3,102.2,101.4,101.4,0.6,0.9,0.9,0.055,0.63,9.6,0.097,0.151,0.123,15.3,15.3,0.502,0.563,0.14,0.144,92.06,92.65,77.21,92.65,0.084,2339,1.5,3.1
711,Jerry Stackhouse,Jerry,1610612742,DAL,30.0,56,38,18,0.679,1620.25,274,662,0.414,32,120,0.267,253,298,0.849,38,145,183,127,106,53,10,49,104,1,833,109,1326.1,2,0,1301.0,1,2004-05,28.9,107.0,106.4,106.4,102.8,102.8,102.8,4.2,3.5,3.5,0.137,1.2,12.4,0.024,0.086,0.056,10.3,10.3,0.438,0.525,0.244,0.25,95.38,95.64,79.7,95.64,0.104,3226,4.9,11.8
754,Jim Jackson,Jim,1610612756,PHX,34.0,64,40,24,0.625,1995.763333333333,248,582,0.426,122,295,0.414,54,58,0.931,33,236,269,183,115,35,5,10,153,0,672,13,1274.3,1,0,1326.0,2,2004-05,31.2,101.7,101.6,101.6,101.2,101.2,101.2,0.5,0.4,0.4,0.147,1.59,20.3,0.017,0.11,0.066,12.7,12.7,0.531,0.553,0.16,0.164,95.71,95.7,79.75,95.7,0.084,3977,3.9,9.1
2412,Jiri Welsch,Jiri,1610612739,CLE,25.0,71,32,39,0.451,1320.6616666666666,149,371,0.402,34,110,0.309,129,169,0.763,26,141,167,103,73,44,5,16,121,0,461,-63,889.9,0,0,863.0,2,2004-05,18.6,103.6,102.6,102.6,105.8,104.6,104.6,-2.2,-2.0,-2.0,0.12,1.41,16.6,0.021,0.111,0.066,11.7,11.7,0.447,0.518,0.173,0.178,95.49,96.48,80.4,96.48,0.07,2650,2.1,5.2
2207,Joe Johnson,Joe,1610612756,PHX,24.0,82,62,20,0.756,3237.883333333333,544,1179,0.461,177,370,0.478,135,180,0.75,120,302,422,291,148,79,24,54,167,0,1400,567,2503.9,3,0,2496.0,1,2004-05,39.5,113.4,113.6,113.6,104.0,105.2,105.2,9.4,8.4,8.4,0.13,1.97,17.1,0.037,0.083,0.062,8.7,8.7,0.536,0.556,0.187,0.19,98.67,98.0,81.67,98.0,0.094,6617,6.6,14.4
693,Joe Smith,Joe,1610612749,MIL,29.0,74,28,46,0.378,2270.8683333333333,319,621,0.514,0,1,0.0,175,228,0.768,179,362,541,67,79,43,38,46,222,1,813,-71,1726.7,14,0,1583.0,1,2004-05,30.7,104.1,105.7,105.7,106.7,107.1,107.1,-2.6,-1.4,-1.4,0.047,0.85,7.7,0.078,0.164,0.12,9.1,9.1,0.514,0.564,0.155,0.157,93.82,92.94,77.45,92.94,0.097,4393,4.3,8.4
2038,Joel Przybilla,Joel,1610612757,POR,25.0,76,24,52,0.316,1857.93,199,333,0.598,0,0,0.0,90,174,0.517,178,410,588,74,98,24,163,42,239,2,488,-179,1767.6,14,0,1524.0,1,2004-05,24.4,100.2,101.5,101.5,105.1,105.5,105.5,-4.9,-4.0,-4.0,0.063,0.76,12.7,0.102,0.218,0.162,16.9,16.9,0.598,0.596,0.123,0.125,92.99,92.17,76.81,92.17,0.101,3550,2.6,4.4
2823,John Edwards,John,1610612754,IND,23.0,25,13,12,0.52,133.39,11,30,0.367,0,0,0.0,7,14,0.5,8,11,19,3,8,3,4,2,12,0,29,-70,69.3,0,0,65.0,1,2004-05,5.3,89.9,84.0,84.0,116.5,111.9,111.9,-26.6,-27.9,-27.9,0.041,0.38,6.3,0.067,0.088,0.078,16.7,17.0,0.367,0.401,0.155,0.165,89.18,94.1,78.42,94.1,0.015,263,0.4,1.2
2422,John Salmons,John,1610612755,PHI,25.0,58,30,28,0.517,985.3216666666668,85,210,0.405,31,91,0.341,35,48,0.729,12,109,121,114,51,40,13,18,92,0,236,-95,660.2,0,0,608.0,1,2004-05,17.0,95.5,95.0,95.0,100.9,99.5,99.5,-5.4,-4.5,-4.5,0.193,2.24,28.9,0.012,0.109,0.06,12.9,12.9,0.479,0.511,0.125,0.129,96.06,96.92,80.77,96.92,0.077,1987,1.5,3.6
1519,John Thomas,John,1610612750,MIN,29.0,44,24,20,0.545,520.1933333333334,42,86,0.488,0,0,0.0,27,46,0.587,39,58,97,17,18,15,13,9,82,0,111,33,318.9,0,0,281.0,1,2004-05,11.8,105.4,105.1,105.1,101.2,100.4,100.4,4.2,4.7,4.7,0.047,0.94,12.0,0.082,0.11,0.097,12.7,12.7,0.488,0.522,0.111,0.113,90.74,91.21,76.01,91.21,0.038,982,1.0,2.0
468,Jon Barry,Jon,1610612745,HOU,35.0,69,41,28,0.594,1501.57,161,368,0.438,71,165,0.43,62,71,0.873,26,133,159,167,67,60,9,8,95,0,455,216,1036.3,0,0,990.0,2,2004-05,21.8,106.2,105.8,105.8,99.0,98.7,98.7,7.2,7.1,7.1,0.177,2.49,26.4,0.018,0.089,0.055,10.6,10.6,0.534,0.57,0.143,0.147,91.44,91.79,76.49,91.79,0.101,2877,2.3,5.3
1886,Jonathan Bender,Jonathan,1610612754,IND,24.0,7,4,3,0.571,92.225,16,40,0.4,1,5,0.2,3,6,0.5,5,9,14,4,10,1,2,5,9,0,36,-30,57.8,0,0,61.0,1,2004-05,13.2,79.6,80.6,80.6,100.0,98.3,98.3,-20.4,-17.7,-17.7,0.111,0.4,7.0,0.06,0.123,0.089,17.5,17.7,0.413,0.422,0.272,0.277,90.55,90.82,75.68,90.82,0.032,175,2.3,5.7
2735,Josh Childress,Josh,1610612737,ATL,22.0,80,12,68,0.15,2371.7716666666665,302,642,0.47,13,56,0.232,190,231,0.823,195,287,482,151,106,74,35,75,184,0,807,-441,1832.9,12,0,1671.0,1,2004-05,29.6,99.6,99.8,99.8,110.1,109.2,109.2,-10.5,-9.4,-9.4,0.1,1.42,15.1,0.081,0.131,0.105,10.6,10.6,0.481,0.543,0.155,0.158,94.57,94.87,79.05,94.87,0.098,4688,3.8,8.0
2668,Josh Davis,Josh,1610612755,PHI,24.0,42,19,23,0.452,318.815,42,111,0.378,19,53,0.358,14,17,0.824,29,50,79,12,15,8,4,12,45,0,117,35,250.8,0,0,251.0,1,2004-05,7.6,101.3,99.7,99.7,97.7,93.4,93.4,3.7,6.3,6.3,0.063,0.8,8.3,0.086,0.152,0.119,10.3,10.3,0.464,0.494,0.179,0.186,96.6,99.59,82.99,99.59,0.071,658,1.0,2.6
2572,Josh Howard,Josh,1610612742,DAL,25.0,76,56,20,0.737,2444.383333333333,377,793,0.475,34,115,0.296,170,232,0.733,169,315,484,109,122,116,49,44,211,0,958,429,2075.3,12,0,1915.0,1,2004-05,32.2,109.2,109.6,109.6,100.0,100.8,100.8,9.2,8.9,8.9,0.069,0.89,9.7,0.071,0.125,0.099,10.9,10.8,0.497,0.535,0.182,0.185,95.59,95.0,79.17,95.0,0.099,4838,5.0,10.4
2746,Josh Smith,Josh,1610612737,ATL,19.0,74,11,63,0.149,2049.9416666666666,274,602,0.455,4,23,0.174,163,237,0.688,147,310,457,127,135,59,144,35,157,0,715,-376,1927.9,10,0,1709.0,1,2004-05,27.7,98.6,98.2,98.2,107.6,106.8,106.8,-9.0,-8.6,-8.6,0.1,0.94,13.1,0.071,0.159,0.114,14.0,13.9,0.458,0.506,0.178,0.182,94.26,94.81,79.01,94.81,0.101,4035,3.7,8.1
2413,Juan Dixon,Juan,1610612764,WAS,26.0,63,35,28,0.556,1053.513333333333,186,447,0.416,48,147,0.327,87,97,0.897,32,87,119,111,68,43,4,18,98,0,507,-77,889.3,0,0,879.0,1,2004-05,16.7,103.3,102.8,102.8,108.6,106.7,106.7,-5.3,-3.9,-3.9,0.19,1.63,16.6,0.029,0.085,0.056,10.2,10.2,0.47,0.518,0.228,0.235,94.54,95.59,79.66,95.59,0.097,2100,3.0,7.1
1908,Jumaine Jones,Jumaine,1610612747,LAL,26.0,76,31,45,0.408,1835.0466666666664,210,486,0.432,102,261,0.391,55,75,0.733,107,291,398,65,49,44,24,22,165,0,577,-35,1307.1,4,0,1278.0,1,2004-05,24.1,106.5,107.0,107.0,107.4,107.4,107.4,-0.9,-0.4,-0.4,0.057,1.33,10.2,0.058,0.156,0.107,7.7,7.7,0.537,0.556,0.139,0.141,92.35,92.11,76.76,92.11,0.086,3512,2.8,6.4
2454,Junior Harrington,Junior,1610612740,NOH,24.0,29,4,25,0.138,543.8133333333334,64,178,0.36,6,19,0.316,29,35,0.829,13,50,63,62,41,25,5,14,72,0,163,-108,380.6,0,0,354.0,1,2004-05,18.8,90.0,89.3,89.3,100.2,99.3,99.3,-10.2,-10.0,-10.0,0.23,1.51,20.9,0.024,0.097,0.06,13.8,13.8,0.376,0.421,0.204,0.209,88.24,88.97,74.14,88.97,0.055,1004,2.2,6.1
2770,Justin Reed,Justin,1610612738,BOS,23.0,23,9,14,0.391,114.775,15,29,0.517,0,3,0.0,11,15,0.733,8,8,16,10,5,3,1,1,12,0,41,14,82.2,0,0,75.0,1,2004-05,5.0,112.6,107.3,107.3,104.4,99.6,99.6,8.2,7.8,7.8,0.128,2.0,20.0,0.079,0.074,0.077,10.0,9.9,0.517,0.576,0.152,0.163,93.32,97.86,81.55,97.86,0.089,232,0.7,1.3
436,Juwan Howard,Juwan,1610612745,HOU,32.0,61,38,23,0.623,1621.4916666666666,244,541,0.451,0,1,0.0,97,115,0.843,126,220,346,94,79,32,5,26,143,0,585,39,1173.2,7,0,1099.0,1,2004-05,26.6,102.6,102.7,102.7,100.7,101.9,101.9,1.9,0.8,0.8,0.1,1.19,12.3,0.083,0.14,0.112,10.3,10.3,0.451,0.494,0.19,0.194,91.45,90.88,75.73,90.88,0.09,3077,4.0,8.9
2079,Kaniel Dickens,Kaniel,1610612751,NJN,26.0,11,5,6,0.455,54.5,4,14,0.286,3,9,0.333,2,2,1.0,3,6,9,1,2,2,1,0,5,0,13,-23,32.3,0,0,32.0,1,2004-05,5.0,84.2,82.1,82.1,115.4,98.3,98.3,-31.3,-16.1,-16.1,0.036,0.5,5.6,0.06,0.122,0.091,11.1,11.2,0.393,0.437,0.139,0.145,92.02,100.84,84.04,100.84,0.049,112,0.4,1.3
2416,Kareem Rush,Kareem,1610612766,CHA,24.0,48,16,32,0.333,965.23,157,406,0.387,51,137,0.372,37,48,0.771,20,69,89,68,47,20,7,14,74,0,402,-136,644.8,0,0,664.0,2,2004-05,20.1,97.5,97.7,97.7,104.7,105.1,105.1,-7.2,-7.4,-7.4,0.121,1.45,12.5,0.019,0.075,0.046,8.7,8.7,0.45,0.471,0.215,0.22,94.37,94.14,78.45,94.14,0.064,1895,3.3,8.5
2208,Kedrick Brown,Kedrick,1610612755,PHI,24.0,8,5,3,0.625,54.303333333333335,2,6,0.333,0,3,0.0,8,10,0.8,1,10,11,4,5,3,1,0,4,0,12,-30,38.2,0,0,35.0,1,2004-05,6.8,82.5,81.4,81.4,108.5,106.8,106.8,-26.0,-25.4,-25.4,0.154,0.8,20.0,0.019,0.208,0.108,25.0,25.8,0.333,0.577,0.119,0.119,102.71,104.3,86.92,104.3,0.099,118,0.3,0.8
2586,Keith Bogans,Keith,1610612766,CHA,25.0,74,15,59,0.203,1795.5533333333333,262,688,0.381,57,173,0.329,133,183,0.727,76,150,226,135,122,68,8,57,167,0,714,-264,1293.7,0,0,1284.0,1,2004-05,24.3,99.5,99.4,99.4,106.7,105.8,105.8,-7.1,-6.4,-6.4,0.124,1.11,13.2,0.04,0.09,0.064,11.9,11.9,0.422,0.465,0.213,0.218,94.98,95.44,79.53,95.44,0.059,3552,3.5,9.3
2693,Keith McLeod,Keith,1610612762,UTA,25.0,53,18,35,0.34,1381.6366666666668,143,408,0.35,18,72,0.25,112,146,0.767,20,93,113,236,99,63,12,28,138,0,416,-121,1031.6,3,0,933.0,1,2004-05,26.1,100.1,101.2,101.2,105.1,105.2,105.2,-5.0,-4.1,-4.1,0.282,2.38,29.2,0.015,0.074,0.044,12.3,12.3,0.373,0.44,0.188,0.189,91.01,90.48,75.4,90.48,0.074,2597,2.7,7.7
1496,Keith Van Horn,Keith,1610612742,DAL,29.0,62,35,27,0.565,1503.03,257,564,0.456,54,142,0.38,128,157,0.815,89,205,294,75,81,36,21,43,170,0,696,79,1251.3,5,0,1233.0,2,2004-05,24.2,105.2,105.9,105.9,103.2,102.9,102.9,2.0,3.0,3.0,0.085,0.93,9.5,0.06,0.141,0.1,10.2,10.3,0.504,0.55,0.212,0.214,94.41,94.29,78.57,94.29,0.101,2948,4.1,9.1
1509,Kelvin Cato,Kelvin,1610612753,ORL,30.0,62,27,35,0.435,1521.96,160,297,0.539,0,0,0.0,112,143,0.783,102,314,416,40,64,55,82,21,170,0,432,36,1338.2,5,0,1162.0,1,2004-05,24.5,103.4,103.0,103.0,100.8,101.7,101.7,2.6,1.3,1.3,0.039,0.63,8.5,0.07,0.197,0.136,13.6,13.8,0.539,0.6,0.122,0.122,97.07,96.87,80.72,96.87,0.106,3070,2.6,4.8
383,Kendall Gill,Kendall,1610612749,MIL,37.0,14,5,9,0.357,283.53,32,80,0.4,3,9,0.333,18,20,0.9,11,26,37,27,9,14,4,3,37,0,85,-17,214.9,0,0,188.0,1,2004-05,20.3,102.1,101.3,101.3,104.7,104.6,104.6,-2.6,-3.3,-3.3,0.159,3.0,21.6,0.037,0.106,0.068,7.2,7.2,0.419,0.479,0.155,0.159,92.1,92.52,77.1,92.52,0.076,547,2.3,5.7
2570,Kendrick Perkins,Kendrick,1610612738,BOS,20.0,60,31,29,0.517,540.8366666666667,56,119,0.471,0,0,0.0,37,58,0.638,53,123,176,21,43,9,37,14,98,0,149,1,486.7,0,0,438.0,1,2004-05,9.0,101.9,100.0,100.0,100.6,98.7,98.7,1.4,1.3,1.3,0.062,0.49,10.0,0.107,0.213,0.164,20.5,20.6,0.471,0.515,0.153,0.157,93.75,95.54,79.62,95.54,0.081,1070,0.9,2.0
72,Kenny Anderson,Kenny,1610612746,LAC,34.0,43,9,34,0.209,743.6683333333333,85,201,0.423,6,13,0.462,27,37,0.73,24,64,88,103,49,33,0,14,87,0,203,-172,513.1,0,0,466.0,2,2004-05,17.3,94.9,95.0,95.0,106.9,106.3,106.3,-12.1,-11.3,-11.3,0.22,2.1,28.1,0.031,0.1,0.063,13.4,13.3,0.438,0.467,0.155,0.16,94.89,95.07,79.23,95.07,0.066,1470,2.0,4.7
1903,Kenny Thomas,Kenny,1610612758,SAC,27.0,73,36,37,0.493,2171.0333333333333,367,781,0.47,1,5,0.2,173,227,0.762,184,351,535,152,131,67,17,48,227,1,908,-87,1899.0,15,0,1764.0,2,2004-05,29.7,103.5,104.2,104.2,104.7,105.7,105.7,-1.2,-1.6,-1.6,0.118,1.16,13.0,0.083,0.168,0.125,11.2,11.3,0.471,0.515,0.205,0.207,96.41,95.57,79.64,95.57,0.103,4313,5.0,10.7
2030,Kenyon Martin,Kenyon,1610612743,DEN,27.0,70,39,31,0.557,2278.9166666666665,444,907,0.49,0,12,0.0,199,308,0.646,146,365,511,170,149,100,78,69,228,0,1087,70,2340.2,20,0,2124.0,1,2004-05,32.6,103.3,104.5,104.5,101.6,102.6,102.6,1.7,1.9,1.9,0.131,1.14,12.5,0.068,0.163,0.116,11.0,10.9,0.49,0.521,0.232,0.235,95.38,94.34,78.62,94.34,0.118,4472,6.3,13.0
954,Kerry Kittles,Kerry,1610612746,LAC,31.0,11,2,9,0.182,243.01666666666668,28,73,0.384,7,21,0.333,6,10,0.6,1,31,32,20,7,8,3,3,12,0,69,-6,163.4,0,0,150.0,1,2004-05,22.1,104.3,106.2,106.2,108.2,107.3,107.3,-4.0,-1.1,-1.1,0.13,2.86,19.2,0.004,0.132,0.067,6.7,6.7,0.432,0.446,0.153,0.155,92.62,92.14,76.78,92.14,0.081,466,2.5,6.6
708,Kevin Garnett,Kevin,1610612750,MIN,29.0,82,44,38,0.537,3120.785,683,1360,0.502,6,25,0.24,445,549,0.811,247,861,1108,466,222,121,112,60,207,1,1817,142,4322.6,69,1,3863.0,1,2004-05,38.1,105.2,106.9,106.9,104.1,104.6,104.6,1.2,2.3,2.3,0.264,2.1,20.3,0.083,0.272,0.181,9.7,9.7,0.504,0.567,0.268,0.269,92.37,91.42,76.18,91.42,0.213,5946,8.3,16.6
2755,Kevin Martin,Kevin,1610612758,SAC,22.0,45,28,17,0.622,458.13666666666666,45,117,0.385,5,25,0.2,36,55,0.655,29,29,58,22,24,16,3,9,35,0,131,16,266.6,0,0,254.0,1,2004-05,10.2,105.2,103.9,103.9,102.2,102.1,102.1,2.9,1.8,1.8,0.071,0.92,11.6,0.063,0.063,0.063,12.7,12.8,0.406,0.464,0.158,0.161,93.96,94.61,78.84,94.61,0.045,903,1.0,2.6
1563,Kevin Ollie,Kevin,1610612755,PHI,32.0,26,12,14,0.462,160.08666666666667,11,31,0.355,0,0,0.0,6,9,0.667,3,16,19,19,6,5,0,3,16,0,28,5,88.3,0,0,76.0,1,2004-05,6.2,97.3,96.5,96.5,96.7,95.0,95.0,0.6,1.6,1.6,0.196,3.17,31.7,0.019,0.11,0.063,10.0,10.0,0.355,0.4,0.113,0.118,93.82,95.05,79.21,95.05,0.058,317,0.4,1.2
788,Kevin Willis,Kevin,1610612737,ATL,42.0,29,4,25,0.138,345.8,35,90,0.389,0,2,0.0,17,23,0.739,29,47,76,9,15,8,7,5,53,0,87,-106,221.7,0,0,202.0,1,2004-05,11.9,97.7,96.4,96.4,113.3,112.7,112.7,-15.6,-16.2,-16.2,0.043,0.6,7.2,0.081,0.146,0.112,12.0,12.1,0.389,0.434,0.148,0.151,92.51,93.35,77.79,93.35,0.039,674,1.2,3.1
2039,Keyon Dooling,Keyon,1610612748,MIA,25.0,74,52,22,0.703,1184.4483333333333,139,345,0.403,19,75,0.253,85,109,0.78,11,79,90,132,65,39,11,12,120,0,382,42,773.0,0,0,723.0,1,2004-05,16.0,102.5,99.8,99.8,98.1,98.3,98.3,4.4,1.5,1.5,0.187,2.03,22.3,0.01,0.065,0.039,11.0,11.0,0.43,0.486,0.18,0.186,89.62,90.78,75.65,90.78,0.071,2244,1.9,4.7
2550,Kirk Hinrich,Kirk,1610612741,CHI,24.0,77,42,35,0.545,2797.4666666666667,445,1122,0.397,145,408,0.355,171,216,0.792,32,272,304,494,176,122,21,58,244,0,1206,-19,2564.8,9,0,2435.0,1,2004-05,36.3,98.2,99.7,99.7,98.4,99.5,99.5,-0.2,0.2,0.2,0.318,2.81,26.2,0.011,0.097,0.054,9.3,9.3,0.461,0.495,0.221,0.224,94.99,93.77,78.14,93.77,0.12,5449,5.8,14.6
2632,Kirk Penney,Kirk,1610612746,LAC,24.0,4,1,3,0.25,12.1,1,3,0.333,0,1,0.0,0,0,0.0,0,1,1,1,2,0,0,0,0,0,2,-1,2.7,0,0,4.0,1,2004-05,3.0,98.3,100.0,100.0,107.5,96.0,96.0,-9.2,4.0,4.0,0.167,0.5,16.7,0.0,0.091,0.0,33.3,33.3,0.333,0.333,0.179,0.189,90.68,95.21,79.34,95.21,0.0,23,0.3,0.8
2745,Kirk Snyder,Kirk,1610612762,UTA,22.0,68,23,45,0.338,900.3616666666667,122,328,0.372,30,85,0.353,64,96,0.667,50,71,121,36,58,26,19,25,116,0,338,-141,614.2,0,0,615.0,1,2004-05,13.2,99.0,99.5,99.5,110.0,107.4,107.4,-11.1,-7.9,-7.9,0.073,0.62,7.7,0.058,0.09,0.074,12.4,12.5,0.418,0.456,0.216,0.22,90.09,90.9,75.75,90.9,0.037,1702,1.8,4.8
977,Kobe Bryant,Kobe,1610612747,LAL,26.0,66,28,38,0.424,2689.536666666667,573,1324,0.433,131,387,0.339,542,664,0.816,95,297,392,398,270,86,53,66,174,0,1819,-116,3033.4,18,5,3018.0,1,2004-05,40.8,106.3,107.6,107.6,108.5,109.7,109.7,-2.2,-2.1,-2.1,0.287,1.47,17.5,0.035,0.109,0.072,11.8,11.8,0.482,0.563,0.312,0.316,93.91,92.79,77.32,92.79,0.148,5196,8.7,20.1
2743,Kris Humphries,Kris,1610612762,UTA,20.0,67,17,50,0.254,869.0166666666667,116,287,0.404,2,6,0.333,44,101,0.436,73,124,197,43,52,25,18,35,96,0,278,-168,655.9,1,0,606.0,1,2004-05,13.0,92.8,93.3,93.3,105.0,102.5,102.5,-12.2,-9.2,-9.2,0.095,0.83,10.0,0.08,0.158,0.116,12.1,12.2,0.408,0.419,0.198,0.201,90.28,91.08,75.9,91.08,0.063,1641,1.7,4.3
703,Kurt Thomas,Kurt,1610612752,NYK,32.0,80,31,49,0.388,2859.5466666666666,424,901,0.471,2,4,0.5,66,84,0.786,170,661,831,160,99,70,79,36,310,0,916,-145,2501.2,32,0,2207.0,1,2004-05,35.7,104.1,104.9,104.9,107.5,107.5,107.5,-3.3,-2.7,-2.7,0.09,1.62,13.4,0.061,0.245,0.151,8.3,8.3,0.472,0.488,0.164,0.165,93.71,93.37,77.81,93.37,0.107,5564,5.3,11.3
2198,Kwame Brown,Kwame,1610612764,WAS,23.0,42,22,20,0.524,906.8566666666668,109,237,0.46,0,0,0.0,74,129,0.574,72,134,206,39,67,25,15,22,112,0,292,-121,650.7,2,0,617.0,1,2004-05,21.6,98.4,97.8,97.8,104.7,105.1,105.1,-6.3,-7.4,-7.4,0.074,0.58,9.7,0.078,0.15,0.113,16.6,16.8,0.46,0.497,0.175,0.179,93.96,94.06,78.38,94.06,0.063,1782,2.6,5.6
2594,Kyle Korver,Kyle,1610612755,PHI,24.0,82,43,39,0.524,2666.721666666667,317,759,0.418,226,558,0.405,82,96,0.854,40,339,379,182,106,103,33,15,265,0,942,48,1971.8,4,0,2001.0,1,2004-05,32.5,102.1,102.2,102.2,101.5,101.4,101.4,0.6,0.8,0.8,0.108,1.72,17.0,0.015,0.127,0.071,9.9,9.7,0.567,0.588,0.144,0.15,97.86,97.88,81.57,97.88,0.088,5441,3.9,9.3
1885,Lamar Odom,Lamar,1610612747,LAL,25.0,64,31,33,0.484,2316.35,366,774,0.473,36,117,0.308,207,298,0.695,134,519,653,238,161,42,65,65,211,1,975,-104,2275.6,33,0,2116.0,1,2004-05,36.2,104.5,105.7,105.7,106.6,107.8,107.8,-2.1,-2.1,-2.1,0.182,1.48,18.3,0.059,0.215,0.139,12.4,12.3,0.496,0.539,0.208,0.21,93.45,92.38,76.98,92.38,0.129,4454,5.7,12.1
441,Lamond Murray,Lamond,1610612761,TOR,32.0,62,25,37,0.403,915.5983333333334,132,310,0.426,46,105,0.438,61,80,0.763,44,120,164,47,54,32,16,10,85,0,371,33,728.3,0,0,724.0,1,2004-05,14.8,105.7,105.1,105.1,103.3,102.9,102.9,2.4,2.2,2.2,0.086,0.87,10.5,0.048,0.129,0.089,12.1,12.1,0.5,0.537,0.195,0.199,93.96,94.36,78.64,94.36,0.089,1797,2.1,5.0
1919,Laron Profit,Laron,1610612764,WAS,27.0,42,19,23,0.452,419.9866666666667,56,128,0.438,8,28,0.286,16,25,0.64,24,52,76,37,27,16,5,9,44,0,136,-37,318.7,0,0,299.0,1,2004-05,10.0,100.5,98.7,98.7,104.8,102.6,102.6,-4.3,-3.9,-3.9,0.151,1.37,18.1,0.055,0.131,0.091,13.2,13.3,0.469,0.489,0.168,0.172,97.69,99.6,83.0,99.6,0.076,870,1.3,3.0
1716,Larry Hughes,Larry,1610612764,WAS,26.0,61,35,26,0.574,2357.346666666667,467,1086,0.43,59,209,0.282,352,453,0.777,74,308,382,285,153,176,18,74,168,0,1345,90,2659.9,7,1,2459.0,1,2004-05,38.6,105.5,106.2,106.2,102.7,104.3,104.3,2.7,1.8,1.8,0.214,1.86,16.5,0.03,0.131,0.08,8.8,8.9,0.457,0.523,0.261,0.264,97.36,96.3,80.25,96.3,0.147,4731,7.7,17.8
84,Latrell Sprewell,Latrell,1610612750,MIN,34.0,80,44,36,0.55,2447.7,398,961,0.414,69,211,0.327,156,188,0.83,65,189,254,179,127,53,21,45,124,0,1021,-13,1689.3,0,0,1671.0,1,2004-05,30.6,102.6,103.9,103.9,103.8,104.3,104.3,-1.2,-0.3,-0.3,0.119,1.41,13.3,0.028,0.075,0.052,9.4,9.4,0.45,0.489,0.217,0.22,92.66,91.84,76.54,91.84,0.079,4685,5.0,12.0
1444,Lawrence Funderburke,Lawrence,1610612741,CHI,34.0,2,1,1,0.5,21.581666666666667,3,6,0.5,0,0,0.0,3,5,0.6,1,2,3,0,0,0,0,0,2,0,9,1,12.6,0,0,12.0,1,2004-05,10.8,103.9,107.5,107.5,111.0,110.5,110.5,-7.1,-3.0,-3.0,0.0,0.0,0.0,0.045,0.1,0.071,0.0,0.0,0.5,0.549,0.174,0.181,88.12,86.74,72.28,86.74,0.067,40,1.5,3.0
2544,LeBron James,LeBron,1610612739,CLE,20.0,80,41,39,0.513,3383.968333333333,795,1684,0.472,108,308,0.351,477,636,0.75,111,477,588,577,262,177,52,71,146,0,2175,151,4171.1,25,4,3906.0,1,2004-05,42.3,104.0,106.2,106.2,102.2,104.1,104.1,1.9,2.1,2.1,0.324,2.2,20.7,0.033,0.147,0.089,9.4,9.3,0.504,0.554,0.292,0.297,92.81,91.02,75.85,91.02,0.19,6423,9.9,21.1
2571,Leandro Barbosa,Leandro,1610612756,PHX,22.0,63,48,15,0.762,1084.888333333333,168,354,0.475,51,139,0.367,55,69,0.797,32,98,130,126,87,30,7,15,127,0,442,-48,811.0,0,0,823.0,1,2004-05,17.2,103.2,101.5,101.5,103.7,103.6,103.6,-0.5,-2.2,-2.2,0.187,1.45,21.1,0.029,0.08,0.056,14.6,14.6,0.547,0.575,0.184,0.19,99.26,100.15,83.46,100.15,0.083,2264,2.7,5.6
1924,Lee Nailon,Lee,1610612740,NOH,30.0,68,14,54,0.206,2014.1266666666668,415,869,0.478,0,2,0.0,133,165,0.806,128,170,298,109,110,36,16,60,190,0,963,-321,1530.1,1,0,1474.0,1,2004-05,29.6,96.1,97.9,97.9,106.0,106.1,106.1,-9.9,-8.2,-8.2,0.11,0.99,9.4,0.062,0.092,0.076,9.5,9.5,0.478,0.511,0.238,0.241,90.57,89.68,74.73,89.68,0.093,3756,6.1,12.8
283,Lindsey Hunter,Lindsey,1610612765,DET,34.0,76,49,27,0.645,1134.128333333333,108,302,0.358,23,84,0.274,46,58,0.793,38,85,123,130,68,68,13,19,125,0,285,-14,802.6,0,0,723.0,1,2004-05,14.9,99.9,97.6,97.6,98.7,96.6,96.6,1.2,1.0,1.0,0.194,1.91,24.7,0.034,0.077,0.056,12.9,12.9,0.396,0.435,0.156,0.162,90.12,92.16,76.8,92.16,0.064,2159,1.4,4.0
2669,Linton Johnson,Linton,1610612759,SAS,25.0,2,2,0,1.0,15.233333333333333,0,2,0.0,0,1,0.0,0,0,0.0,0,3,3,0,1,1,0,1,1,0,0,5,5.6,0,0,5.0,1,2004-05,7.6,117.2,116.1,116.1,94.4,96.9,96.9,22.8,19.3,19.3,0.0,0.0,0.0,0.0,0.188,0.0,33.3,33.3,0.0,0.0,0.083,0.084,100.14,99.26,82.71,99.26,0.0,31,0.0,1.0
2763,Lionel Chalmers,Lionel,1610612746,LAC,24.0,36,15,21,0.417,424.3616666666667,42,125,0.336,12,49,0.245,15,24,0.625,4,27,31,51,24,13,0,10,30,0,111,-47,239.7,0,0,231.0,1,2004-05,11.8,97.4,96.3,96.3,101.4,101.0,101.0,-4.0,-4.7,-4.7,0.211,2.13,24.2,0.01,0.064,0.037,11.4,11.4,0.384,0.409,0.174,0.181,89.38,90.04,75.03,90.04,0.049,791,1.2,3.5
2437,Lonny Baxter,Lonny,1610612740,NOH,26.0,4,1,3,0.25,36.0,3,11,0.273,0,0,0.0,0,2,0.0,4,4,8,0,4,0,0,2,10,0,6,-19,11.6,0,0,14.0,1,2004-05,9.0,85.1,82.9,82.9,112.6,113.2,113.2,-27.5,-30.4,-30.4,0.0,0.0,0.0,0.1,0.1,0.1,25.0,25.2,0.273,0.253,0.193,0.201,91.01,92.0,76.67,92.0,-0.127,70,0.8,2.8
2254,Loren Woods,Loren,1610612761,TOR,27.0,45,20,25,0.444,702.67,71,164,0.433,0,1,0.0,34,59,0.576,81,139,220,17,37,8,39,24,78,0,176,-102,569.5,1,0,507.0,1,2004-05,15.6,95.3,96.4,96.4,103.6,103.8,103.8,-8.4,-7.4,-7.4,0.038,0.46,7.0,0.105,0.21,0.154,15.2,15.2,0.433,0.463,0.143,0.145,95.3,94.68,78.9,94.68,0.074,1386,1.6,3.6
953,Lorenzen Wright,Lorenzen,1610612763,MEM,29.0,80,45,35,0.563,2286.346666666667,320,683,0.469,0,3,0.0,131,198,0.662,177,436,613,87,100,58,69,60,251,1,771,57,1918.1,17,0,1725.0,1,2004-05,28.6,101.3,102.3,102.3,100.0,100.8,100.8,1.3,1.6,1.6,0.066,0.87,9.1,0.082,0.205,0.143,10.4,10.4,0.469,0.501,0.179,0.181,90.38,89.58,74.65,89.58,0.099,4262,4.0,8.5
446,Lucious Harris,Lucious,1610612739,CLE,34.0,73,38,35,0.521,1127.31,118,299,0.395,21,65,0.323,56,69,0.812,39,82,121,49,29,27,6,8,68,0,313,-65,601.7,0,0,570.0,1,2004-05,15.4,98.8,98.2,98.2,100.5,100.7,100.7,-1.7,-2.5,-2.5,0.073,1.69,12.2,0.033,0.074,0.053,7.2,7.1,0.43,0.475,0.14,0.145,92.34,92.48,77.07,92.48,0.063,2167,1.6,4.1
2784,Luis Flores,Luis,1610612743,DEN,24.0,16,3,13,0.188,74.34166666666667,14,29,0.483,5,10,0.5,2,2,1.0,1,2,3,11,11,2,0,4,9,0,35,22,50.1,0,0,58.0,2,2004-05,4.6,108.5,103.3,103.3,94.6,88.1,88.1,13.9,15.3,15.3,0.262,1.0,21.2,0.014,0.027,0.02,21.2,21.2,0.569,0.586,0.229,0.244,91.48,97.17,80.98,97.17,0.067,150,0.9,1.8
2739,Luke Jackson,Luke,1610612739,CLE,23.0,10,5,5,0.5,43.083333333333336,10,27,0.37,4,6,0.667,5,6,0.833,2,4,6,3,2,0,0,0,4,0,29,-18,38.7,0,0,42.0,1,2004-05,4.3,92.3,89.0,89.0,115.1,108.8,108.8,-22.8,-19.8,-19.8,0.167,1.5,8.8,0.035,0.105,0.063,5.9,5.8,0.444,0.489,0.284,0.305,96.82,101.38,84.49,101.38,0.101,91,1.0,2.7
2557,Luke Ridnour,Luke,1610612760,SEA,24.0,82,52,30,0.634,2573.95,299,739,0.405,67,178,0.376,159,180,0.883,55,149,204,483,149,94,23,32,185,0,824,-2,1995.3,4,0,1812.0,1,2004-05,31.4,106.8,107.9,107.9,107.3,108.2,108.2,-0.5,-0.3,-0.3,0.304,3.24,33.4,0.022,0.063,0.042,10.3,10.3,0.45,0.504,0.17,0.174,90.62,89.75,74.8,89.75,0.1,4819,3.6,9.0
2575,Luke Walton,Luke,1610612747,LAL,25.0,61,21,40,0.344,762.13,74,180,0.411,16,61,0.262,34,48,0.708,55,87,142,93,58,26,11,16,70,0,198,-114,560.9,1,0,523.0,1,2004-05,12.5,99.9,98.4,98.4,107.3,105.4,105.4,-7.4,-7.0,-7.0,0.2,1.6,26.4,0.069,0.115,0.091,16.5,16.5,0.456,0.492,0.148,0.152,93.23,94.72,78.94,94.72,0.078,1500,1.2,3.0
2736,Luol Deng,Luol,1610612741,CHI,20.0,61,36,25,0.59,1661.07,280,645,0.434,31,117,0.265,120,162,0.741,92,230,322,135,118,48,27,48,98,0,711,159,1406.9,3,0,1349.0,1,2004-05,27.2,101.5,102.5,102.5,97.4,97.3,97.3,4.1,5.2,5.2,0.141,1.14,14.0,0.057,0.133,0.096,12.2,12.2,0.458,0.496,0.221,0.225,95.22,94.85,79.05,94.85,0.109,3277,4.6,10.6
2573,Maciej Lampe,Maciej,1610612740,NOH,20.0,37,12,25,0.324,379.375,49,132,0.371,2,4,0.5,15,22,0.682,24,65,89,11,17,5,7,14,51,0,115,-31,257.3,0,0,241.0,2,2004-05,10.3,97.8,98.3,98.3,103.4,100.8,100.8,-5.6,-2.5,-2.5,0.05,0.65,6.5,0.059,0.155,0.108,10.1,10.0,0.379,0.406,0.186,0.191,91.89,92.81,77.34,92.81,0.048,727,1.3,3.6
2124,Malik Allen,Malik,1610612766,CHA,27.0,36,13,23,0.361,515.8183333333334,84,177,0.475,0,0,0.0,26,28,0.929,40,59,99,18,18,9,22,7,53,0,194,-68,414.8,0,0,373.0,2,2004-05,14.3,101.3,99.9,99.9,106.3,106.6,106.6,-5.0,-6.7,-6.7,0.062,1.0,8.0,0.078,0.117,0.098,8.0,8.0,0.475,0.512,0.181,0.185,94.28,94.82,79.02,94.82,0.088,1019,2.3,4.9
990,Malik Rose,Malik,1610612752,NYK,30.0,76,50,26,0.658,1481.77,198,441,0.449,1,10,0.1,137,186,0.737,129,212,341,59,102,46,16,37,208,1,534,11,1115.7,3,0,1059.0,2,2004-05,19.5,101.2,100.9,100.9,101.4,100.3,100.3,-0.2,0.6,0.6,0.07,0.58,8.6,0.091,0.149,0.12,14.8,14.9,0.45,0.511,0.192,0.195,91.39,92.03,76.69,92.03,0.077,2838,2.6,5.8
2055,Mamadou N'diaye,Mamadou,1610612746,LAC,30.0,11,8,3,0.727,72.925,8,20,0.4,0,1,0.0,4,7,0.571,9,9,18,1,0,1,5,3,20,0,20,-28,61.1,0,0,51.0,1,2004-05,6.6,85.5,85.9,85.9,106.3,104.3,104.3,-20.8,-18.4,-18.4,0.028,0.0,4.2,0.115,0.129,0.122,0.0,0.0,0.4,0.433,0.146,0.152,89.27,89.85,74.87,89.85,0.019,135,0.7,1.8
1938,Manu Ginobili,Manu,1610612759,SAS,27.0,74,53,21,0.716,2201.0016666666666,367,780,0.471,97,258,0.376,355,442,0.803,75,254,329,288,172,119,27,50,190,2,1186,672,2278.8,1,0,2192.0,1,2004-05,29.7,109.6,109.5,109.5,93.0,93.0,93.0,16.6,16.5,16.5,0.217,1.67,20.2,0.037,0.118,0.078,12.1,12.0,0.533,0.609,0.235,0.242,91.59,91.63,76.36,91.63,0.159,4191,5.0,10.5
1531,Marc Jackson,Marc,1610612755,PHI,30.0,81,42,39,0.519,1970.065,340,731,0.465,0,2,0.0,289,349,0.828,184,222,406,81,131,32,18,79,171,1,969,1,1596.7,4,0,1556.0,1,2004-05,24.3,101.4,101.7,101.7,101.9,101.6,101.6,-0.5,0.1,0.1,0.074,0.62,7.4,0.092,0.113,0.102,11.9,11.9,0.465,0.548,0.223,0.226,97.61,97.59,81.33,97.59,0.103,4005,4.2,9.0
2556,Marcus Banks,Marcus,1610612738,BOS,23.0,81,45,36,0.556,1142.57,115,286,0.402,21,59,0.356,121,163,0.742,29,97,126,155,79,63,13,19,146,1,372,28,904.7,0,0,826.0,1,2004-05,14.1,100.2,97.7,97.7,98.5,96.7,96.7,1.7,1.0,1.0,0.219,1.96,26.0,0.026,0.082,0.055,13.3,13.4,0.439,0.52,0.166,0.171,95.06,97.19,80.99,97.19,0.087,2316,1.4,3.5
948,Marcus Camby,Marcus,1610612743,DEN,31.0,66,43,23,0.652,2018.8433333333328,279,600,0.465,0,4,0.0,125,173,0.723,131,530,661,152,103,61,199,16,177,0,683,105,2381.2,23,0,2016.0,1,2004-05,30.6,104.2,104.7,104.7,100.1,102.0,102.0,4.1,2.7,2.7,0.119,1.48,16.2,0.07,0.257,0.168,11.0,11.1,0.465,0.505,0.174,0.176,94.97,93.86,78.21,93.86,0.142,3947,4.2,9.1
2033,Marcus Fizer,Marcus,1610612749,MIL,26.0,54,17,37,0.315,903.8816666666668,133,292,0.455,0,6,0.0,70,103,0.68,29,146,175,64,63,25,13,15,96,1,336,-163,693.0,1,0,651.0,1,2004-05,16.7,99.6,99.4,99.4,106.7,108.4,108.4,-7.1,-9.0,-9.0,0.128,1.02,13.7,0.035,0.179,0.107,13.5,13.6,0.455,0.498,0.21,0.214,91.61,90.97,75.81,90.97,0.085,1709,2.5,5.4
2409,Marcus Haislip,Marcus,1610612754,IND,24.0,9,2,7,0.222,105.48166666666668,13,38,0.342,0,1,0.0,6,11,0.545,5,10,15,3,6,2,2,1,15,0,32,-9,60.5,0,0,58.0,1,2004-05,11.7,93.4,93.3,93.3,101.5,96.9,96.9,-8.1,-3.6,-3.6,0.056,0.5,5.8,0.047,0.108,0.075,11.5,11.6,0.342,0.373,0.222,0.227,86.69,88.74,73.95,88.74,-0.002,194,1.4,4.2
2435,Mario Kasun,Mario,1610612753,ORL,25.0,45,19,26,0.422,351.37666666666667,47,98,0.48,0,1,0.0,24,43,0.558,52,76,128,8,26,8,13,12,86,0,118,-24,320.6,0,0,296.0,1,2004-05,7.8,101.9,100.8,100.8,107.4,103.9,103.9,-5.5,-3.1,-3.1,0.035,0.31,5.3,0.133,0.216,0.172,17.3,17.2,0.48,0.505,0.161,0.168,98.34,100.47,83.73,100.47,0.057,735,1.0,2.2
1548,Mark Blount,Mark,1610612738,BOS,29.0,82,45,37,0.549,2143.8866666666668,327,618,0.529,0,1,0.0,117,164,0.713,143,254,397,129,158,33,64,31,229,1,771,-27,1573.9,1,0,1491.0,1,2004-05,26.1,103.2,103.9,103.9,102.9,103.9,103.9,0.3,0.0,0.0,0.098,0.82,13.2,0.072,0.118,0.096,16.2,16.2,0.529,0.559,0.178,0.179,95.84,95.04,79.2,95.04,0.078,4233,4.0,7.5
2891,Mark Jones,Mark,1610612753,ORL,30.0,10,2,8,0.2,115.14833333333333,9,31,0.29,0,4,0.0,5,10,0.5,6,7,13,6,3,5,2,2,16,0,23,5,65.6,0,0,56.0,1,2004-05,11.5,101.5,100.4,100.4,101.9,99.6,99.6,-0.4,0.8,0.8,0.075,2.0,13.3,0.043,0.058,0.05,6.7,6.8,0.29,0.325,0.13,0.133,96.95,98.59,82.15,98.59,-0.003,238,0.9,3.1
2058,Mark Madsen,Mark,1610612750,MIN,29.0,41,23,18,0.561,602.2083333333334,34,66,0.515,0,0,0.0,20,40,0.5,63,65,128,18,24,7,14,12,103,0,88,71,307.6,0,0,276.0,1,2004-05,14.7,107.1,106.8,106.8,100.8,98.6,98.6,6.3,8.2,8.2,0.041,0.75,14.3,0.112,0.11,0.111,19.0,19.1,0.515,0.526,0.081,0.083,91.37,92.5,77.08,92.5,0.019,1149,0.8,1.6
998,Mark Pope,Mark,1610612743,DEN,32.0,9,8,1,0.889,24.98333333333333,2,6,0.333,0,0,0.0,0,0,0.0,5,3,8,1,1,1,2,1,5,0,4,-12,23.1,0,0,19.0,1,2004-05,2.8,97.6,82.8,82.8,106.2,103.4,103.4,-8.6,-20.7,-20.7,0.063,1.0,12.5,0.0,0.0,0.0,12.5,12.5,0.333,0.333,0.106,0.122,101.48,111.43,92.86,111.43,0.024,58,0.2,0.7
2060,Marko Jaric,Marko,1610612746,LAC,26.0,50,25,25,0.5,1662.0166666666669,189,457,0.414,56,151,0.371,59,82,0.72,20,141,161,303,98,84,17,15,107,0,493,45,1345.7,6,0,1215.0,1,2004-05,33.2,104.3,105.2,105.2,103.0,103.5,103.5,1.3,1.7,1.7,0.287,3.09,33.8,0.014,0.089,0.053,10.9,11.0,0.475,0.5,0.164,0.166,92.18,91.61,76.34,91.61,0.103,3167,3.8,9.1
2605,Marquis Daniels,Marquis,1610612742,DAL,24.0,60,42,18,0.7,1416.3333333333333,220,504,0.437,7,35,0.2,98,133,0.737,87,129,216,128,86,83,14,40,124,0,545,44,1201.2,1,0,1090.0,1,2004-05,23.6,103.8,103.6,103.6,101.4,102.1,102.1,2.4,1.5,1.5,0.153,1.49,16.5,0.06,0.092,0.075,11.1,11.1,0.443,0.484,0.199,0.202,95.59,95.35,79.46,95.35,0.092,2814,3.7,8.4
2043,Mateen Cleaves,Mateen,1610612760,SEA,27.0,14,9,5,0.643,64.275,5,14,0.357,0,2,0.0,3,4,0.75,2,4,6,7,2,2,0,2,2,0,13,-25,34.7,0,0,30.0,1,2004-05,4.6,98.1,91.1,91.1,114.7,111.3,111.3,-16.5,-20.2,-20.2,0.194,3.5,28.0,0.032,0.07,0.05,8.0,8.1,0.357,0.412,0.129,0.136,87.94,92.6,77.17,92.6,0.069,124,0.4,1.0
2440,Matt Barnes,Matt,1610612758,SAC,25.0,43,27,16,0.628,704.3633333333333,62,151,0.411,5,22,0.227,35,58,0.603,49,84,133,57,45,30,7,12,80,0,164,64,475.1,1,0,433.0,1,2004-05,16.4,107.0,107.4,107.4,103.8,102.7,102.7,3.2,4.7,4.7,0.113,1.27,20.4,0.069,0.123,0.095,16.1,16.2,0.427,0.465,0.136,0.138,94.97,95.3,79.42,95.3,0.054,1398,1.4,3.5
2588,Matt Bonner,Matt,1610612761,TOR,25.0,82,33,49,0.402,1545.0366666666666,247,463,0.533,39,92,0.424,56,71,0.789,108,177,285,48,40,39,19,18,220,1,589,-44,1137.0,0,0,1077.0,1,2004-05,18.8,105.0,104.0,104.0,106.1,105.8,105.8,-1.1,-1.8,-1.8,0.054,1.2,8.3,0.069,0.118,0.093,6.9,6.9,0.576,0.596,0.153,0.157,94.21,94.8,79.0,94.8,0.084,3057,3.0,5.6
2679,Matt Carroll,Matt,1610612766,CHA,24.0,25,6,19,0.24,433.165,70,180,0.389,13,39,0.333,71,83,0.855,13,47,60,17,25,17,2,12,37,0,224,22,353.5,0,0,352.0,1,2004-05,17.3,100.6,98.0,98.0,98.6,97.6,97.6,2.0,0.4,0.4,0.07,0.68,6.5,0.029,0.109,0.068,9.6,9.7,0.425,0.517,0.237,0.246,98.0,99.79,83.16,99.79,0.093,910,2.8,7.2
2782,Matt Freije,Matt,1610612740,NOH,23.0,23,3,20,0.13,436.9683333333333,37,127,0.291,14,54,0.259,5,8,0.625,16,45,61,20,17,13,2,8,40,0,93,-81,224.2,1,0,218.0,1,2004-05,19.0,91.8,92.6,92.6,101.9,100.8,100.8,-10.1,-8.2,-8.2,0.079,1.18,11.9,0.037,0.114,0.073,10.1,10.1,0.346,0.356,0.157,0.159,90.24,90.29,75.25,90.29,0.024,815,1.6,5.5
1723,Matt Harpring,Matt,1610612762,UTA,29.0,78,24,54,0.308,2585.005,418,855,0.489,9,43,0.209,245,315,0.778,196,284,480,142,133,70,16,64,250,0,1090,-324,2004.0,6,0,1893.0,1,2004-05,33.1,102.2,103.3,103.3,109.4,109.3,109.3,-7.3,-6.0,-6.0,0.097,1.07,11.2,0.081,0.125,0.102,10.5,10.5,0.494,0.549,0.198,0.201,91.16,90.7,75.58,90.7,0.103,4869,5.4,11.0
2486,Maurice Baker,Maurice,1610612757,POR,25.0,5,1,4,0.2,19.17,0,1,0.0,0,0,0.0,0,0,0.0,1,1,2,1,1,1,0,0,3,0,0,9,5.9,0,0,5.0,2,2004-05,3.8,93.9,88.9,88.9,66.6,59.0,59.0,27.3,29.9,29.9,0.077,1.0,33.3,0.056,0.0,0.0,33.3,33.3,0.0,0.0,0.048,0.05,85.88,93.9,78.25,93.9,-0.043,36,0.0,0.2
2230,Maurice Evans,Maurice,1610612758,SAC,26.0,65,38,27,0.585,1225.215,165,373,0.442,27,82,0.329,59,78,0.756,88,113,201,45,34,37,8,29,104,0,416,-35,825.7,0,0,779.0,1,2004-05,18.8,105.4,104.7,104.7,106.1,105.8,105.8,-0.7,-1.1,-1.1,0.056,1.32,9.2,0.07,0.093,0.081,7.0,7.0,0.479,0.511,0.156,0.159,94.61,95.06,79.22,95.06,0.07,2422,2.5,5.7
1508,Maurice Taylor,Maurice,1610612752,NYK,28.0,65,31,34,0.477,1342.6966666666667,203,446,0.455,3,9,0.333,63,103,0.612,67,190,257,67,94,27,20,41,180,1,472,-3,927.9,1,0,893.0,2,2004-05,20.7,99.8,100.8,100.8,102.0,101.7,101.7,-2.2,-0.9,-0.9,0.091,0.71,10.3,0.054,0.147,0.101,14.4,14.4,0.459,0.48,0.204,0.208,90.34,90.09,75.07,90.09,0.063,2530,3.1,6.9
2246,Mehmet Okur,Mehmet,1610612762,UTA,26.0,82,26,56,0.317,2303.88,354,756,0.468,17,63,0.27,329,387,0.85,194,422,616,166,141,32,68,61,227,0,1054,-203,2201.2,22,0,2053.0,1,2004-05,28.1,101.1,101.8,101.8,106.9,106.2,106.2,-5.8,-4.3,-4.3,0.132,1.18,13.6,0.088,0.202,0.144,11.5,11.4,0.479,0.569,0.208,0.213,90.83,90.83,75.69,90.83,0.148,4353,4.3,9.2
2408,Melvin Ely,Melvin,1610612766,CHA,27.0,79,18,61,0.228,1655.3833333333334,227,526,0.432,0,0,0.0,122,212,0.575,142,184,326,76,115,32,69,24,199,1,576,-162,1269.2,4,0,1180.0,1,2004-05,21.0,99.2,98.6,98.6,103.1,103.1,103.1,-3.9,-4.5,-4.5,0.078,0.66,9.3,0.083,0.117,0.1,14.1,14.2,0.432,0.465,0.198,0.202,92.8,93.08,77.57,93.08,0.054,3201,2.9,6.7
1897,Metta World Peace,Metta,1610612754,IND,25.0,7,6,1,0.857,290.095,59,119,0.496,7,17,0.412,47,51,0.922,8,37,45,22,17,12,6,13,27,0,172,40,296.0,0,0,282.0,1,2004-05,41.4,104.8,104.1,104.1,97.8,97.3,97.3,7.0,6.8,6.8,0.164,1.29,12.2,0.032,0.129,0.084,9.4,9.4,0.525,0.608,0.254,0.259,91.98,92.49,77.08,92.49,0.166,560,8.4,17.0
2214,Michael Bradley,Michael,1610612755,PHI,26.0,18,11,7,0.611,115.32333333333334,15,24,0.625,0,1,0.0,3,8,0.375,8,20,28,5,5,1,2,1,12,0,33,10,78.1,0,0,72.0,3,2004-05,6.4,102.3,99.2,99.2,99.5,96.6,96.6,2.8,2.6,2.6,0.068,1.0,13.2,0.073,0.157,0.118,13.2,13.3,0.625,0.6,0.123,0.126,95.66,98.64,82.2,98.64,0.095,239,0.8,1.3
688,Michael Curry,Michael,1610612754,IND,36.0,18,10,8,0.556,252.225,13,29,0.448,0,0,0.0,4,8,0.5,8,19,27,15,5,5,4,2,39,0,30,-72,106.9,0,0,90.0,1,2004-05,14.0,91.4,87.8,87.8,103.1,102.5,102.5,-11.7,-14.7,-14.7,0.107,3.0,28.3,0.032,0.08,0.055,9.4,9.5,0.448,0.461,0.07,0.073,89.93,92.01,76.68,92.01,0.017,483,0.7,1.6
1720,Michael Doleac,Michael,1610612748,MIA,28.0,80,58,22,0.725,1169.38,148,331,0.447,0,2,0.0,25,41,0.61,74,185,259,47,36,23,22,19,160,0,321,48,801.3,0,0,717.0,1,2004-05,14.6,102.6,101.2,101.2,99.5,98.8,98.8,3.1,2.5,2.5,0.065,1.31,10.9,0.066,0.161,0.114,8.3,8.3,0.447,0.46,0.15,0.155,92.02,92.97,77.48,92.97,0.067,2261,1.9,4.1
714,Michael Finley,Michael,1610612742,DAL,32.0,64,48,16,0.75,2365.565,387,907,0.427,116,285,0.407,113,136,0.831,45,217,262,169,60,48,18,29,123,0,1003,377,1708.9,1,0,1682.0,1,2004-05,37.0,110.4,111.3,111.3,102.2,103.1,103.1,8.2,8.1,8.1,0.111,2.82,14.2,0.02,0.088,0.056,5.1,5.0,0.491,0.519,0.192,0.196,95.24,94.47,78.72,94.47,0.092,4655,6.0,14.2
1709,Michael Olowokandi,Michael,1610612750,MIN,30.0,62,32,30,0.516,1217.6366666666668,161,353,0.456,0,0,0.0,46,69,0.667,106,218,324,29,68,15,56,22,193,1,368,-50,945.3,4,0,863.0,1,2004-05,19.6,100.6,101.2,101.2,101.8,102.2,102.2,-1.2,-1.0,-1.0,0.038,0.43,6.0,0.089,0.18,0.135,14.2,14.2,0.456,0.48,0.17,0.173,91.4,90.96,75.8,90.96,0.058,2294,2.6,5.7
2072,Michael Redd,Michael,1610612749,MIL,25.0,75,28,47,0.373,2852.1633333333334,625,1418,0.441,104,293,0.355,369,432,0.854,72,240,312,172,133,63,8,69,152,0,1723,-192,2435.4,1,0,2453.0,1,2004-05,38.0,103.9,105.3,105.3,108.0,108.6,108.6,-4.0,-3.3,-3.3,0.112,1.29,9.0,0.025,0.087,0.056,7.0,7.0,0.477,0.536,0.269,0.274,94.03,93.16,77.63,93.16,0.116,5530,8.3,18.9
1913,Michael Ruffin,Michael,1610612764,WAS,28.0,79,44,35,0.557,1256.993333333333,41,99,0.414,0,1,0.0,29,67,0.433,157,175,332,64,44,43,41,14,193,0,111,-62,813.4,0,0,675.0,1,2004-05,15.9,104.6,103.3,103.3,105.3,105.2,105.2,-0.7,-1.9,-1.9,0.074,1.45,26.9,0.12,0.148,0.133,18.5,18.6,0.414,0.432,0.059,0.061,94.07,94.72,78.93,94.72,0.042,2473,0.5,1.3
1565,Michael Stewart,Michael,1610612737,ATL,30.0,12,2,10,0.167,142.65,11,21,0.524,0,0,0.0,3,7,0.429,21,19,40,5,6,6,5,3,32,0,25,-39,107.5,0,0,92.0,1,2004-05,11.9,104.6,103.5,103.5,117.8,114.4,114.4,-13.2,-10.9,-10.9,0.052,0.83,14.3,0.147,0.161,0.153,17.1,17.1,0.524,0.519,0.091,0.093,94.87,96.74,80.62,96.74,0.031,284,0.9,1.8
2552,Michael Sweetney,Michael,1610612752,NYK,22.0,77,32,45,0.416,1502.0933333333332,237,446,0.531,0,1,0.0,176,235,0.749,169,249,418,44,108,27,28,42,224,2,650,-34,1274.6,4,0,1222.0,1,2004-05,19.5,104.9,105.7,105.7,107.2,106.4,106.4,-2.3,-0.7,-0.7,0.05,0.41,6.3,0.118,0.177,0.147,15.4,15.4,0.531,0.592,0.197,0.2,92.51,92.51,77.09,92.51,0.097,2888,3.1,5.8
2554,Mickael Pietrus,Mickael,1610612744,GSW,23.0,67,29,38,0.433,1336.2133333333334,214,501,0.427,67,195,0.344,141,202,0.698,65,124,189,82,92,46,18,21,139,0,636,-38,1085.8,0,0,1102.0,1,2004-05,19.9,104.0,103.1,103.1,103.6,103.9,103.9,0.4,-0.8,-0.8,0.105,0.89,10.7,0.046,0.092,0.069,12.0,12.0,0.494,0.539,0.223,0.228,95.68,95.95,79.96,95.95,0.081,2663,3.2,7.5
1710,Mike Bibby,Mike,1610612758,SAC,27.0,80,48,32,0.6,3090.7116666666666,560,1264,0.443,131,364,0.36,320,413,0.775,77,255,332,541,203,124,30,29,191,0,1571,180,3039.9,14,1,2883.0,1,2004-05,38.6,108.2,108.9,108.9,105.0,106.0,106.0,3.1,3.0,3.0,0.277,2.67,24.7,0.025,0.08,0.053,9.3,9.3,0.495,0.543,0.234,0.236,96.66,95.87,79.89,95.87,0.12,6172,7.0,15.8
2399,Mike Dunleavy,Mike,1610612744,GSW,24.0,79,33,46,0.418,2569.4083333333333,408,905,0.451,107,276,0.388,134,172,0.779,97,338,435,203,132,79,26,45,198,0,1057,-51,2066.5,4,0,2012.0,1,2004-05,32.5,102.0,102.7,102.7,103.2,103.8,103.8,-1.2,-1.1,-1.1,0.127,1.54,15.4,0.035,0.131,0.082,10.0,10.0,0.51,0.539,0.189,0.191,96.38,95.73,79.78,95.73,0.1,5126,5.2,11.5
2229,Mike James,Mike,1610612745,HOU,30.0,74,38,36,0.514,1857.8066666666664,331,751,0.441,100,259,0.386,109,145,0.752,35,173,208,263,106,65,6,33,174,1,871,158,1622.1,1,0,1584.0,2,2004-05,25.1,105.9,106.1,106.1,101.5,101.4,101.4,4.4,4.7,4.7,0.253,2.48,22.2,0.019,0.093,0.056,8.9,9.0,0.507,0.534,0.226,0.229,92.12,92.03,76.69,92.03,0.114,3558,4.5,10.1
2034,Mike Miller,Mike,1610612763,MEM,25.0,76,40,36,0.526,2281.0333333333333,387,766,0.505,140,323,0.433,108,150,0.72,36,264,300,220,127,54,23,35,197,0,1022,224,1816.0,0,0,1836.0,1,2004-05,30.0,105.8,106.2,106.2,100.3,100.8,100.8,5.5,5.4,5.4,0.169,1.73,18.7,0.017,0.118,0.069,10.8,10.8,0.597,0.614,0.193,0.197,91.55,91.16,75.97,91.16,0.119,4328,5.1,10.1
2366,Mike Wilks,Mike,1610612759,SAS,26.0,48,40,8,0.833,269.085,32,77,0.416,5,16,0.313,12,16,0.75,4,21,25,33,14,14,1,5,26,0,81,-79,191.5,0,0,174.0,1,2004-05,5.6,94.9,89.1,89.1,105.3,105.0,105.0,-10.5,-15.8,-15.8,0.234,2.36,25.0,0.014,0.081,0.047,10.6,10.7,0.448,0.482,0.164,0.176,90.32,93.29,77.74,93.29,0.079,525,0.7,1.6
1630,Mikki Moore,Mikki,1610612746,LAC,29.0,74,36,38,0.486,1172.628333333333,144,287,0.502,1,5,0.2,107,136,0.787,97,149,246,47,63,19,32,22,173,0,396,-85,851.7,2,0,792.0,1,2004-05,15.8,100.9,100.8,100.8,103.1,102.7,102.7,-2.3,-1.9,-1.9,0.07,0.75,10.3,0.092,0.13,0.112,13.8,13.8,0.503,0.571,0.162,0.165,91.66,91.92,76.6,91.92,0.078,2225,1.9,3.9
1960,Milt Palacio,Milt,1610612761,TOR,27.0,80,33,47,0.413,1528.3283333333334,175,392,0.446,2,12,0.167,115,155,0.742,26,108,134,279,104,48,13,27,126,1,467,-2,1125.3,0,0,1004.0,1,2004-05,19.1,106.0,105.4,105.4,104.9,105.5,105.5,1.1,0.0,0.0,0.296,2.68,33.1,0.018,0.072,0.045,12.4,12.3,0.449,0.507,0.167,0.171,93.34,93.33,77.77,93.33,0.088,2971,2.2,4.9
2590,Mo Williams,Mo,1610612749,MIL,22.0,80,30,50,0.375,2261.56,323,737,0.438,32,99,0.323,136,160,0.85,50,194,244,484,196,74,11,41,221,0,814,-115,1891.8,8,0,1744.0,1,2004-05,28.3,104.1,105.6,105.6,107.4,107.4,107.4,-3.4,-1.8,-1.8,0.339,2.47,32.4,0.022,0.089,0.055,13.1,13.2,0.46,0.504,0.197,0.198,94.47,93.76,78.13,93.76,0.097,4401,4.0,9.2
983,Moochie Norris,Moochie,1610612745,HOU,31.0,38,17,21,0.447,356.24666666666667,35,109,0.321,0,12,0.0,20,24,0.833,10,36,46,39,27,18,2,15,44,0,90,-32,236.7,0,0,215.0,2,2004-05,9.4,91.6,91.0,91.0,97.5,94.9,94.9,-5.9,-4.0,-4.0,0.207,1.44,21.0,0.029,0.101,0.066,14.5,14.6,0.321,0.376,0.187,0.192,88.51,90.01,75.0,90.01,0.047,665,0.9,2.9
2050,Morris Peterson,Morris,1610612761,TOR,27.0,82,33,49,0.402,2519.6716666666666,356,848,0.42,129,335,0.385,188,226,0.832,71,269,340,169,93,91,18,37,219,0,1029,-53,1924.5,3,0,1885.0,1,2004-05,30.7,105.6,105.7,105.7,105.8,106.7,106.7,-0.2,-1.0,-1.0,0.11,1.82,14.1,0.029,0.109,0.069,7.7,7.7,0.496,0.543,0.184,0.189,95.53,95.15,79.29,95.15,0.089,4993,4.3,10.3
1737,Nazr Mohammed,Nazr,1610612759,SAS,27.0,77,35,42,0.455,1938.4433333333332,289,602,0.48,0,1,0.0,153,227,0.674,247,339,586,34,108,58,86,67,236,1,731,-174,1809.2,18,0,1639.0,2,2004-05,25.2,100.3,100.5,100.5,105.0,104.8,104.8,-4.6,-4.3,-4.3,0.029,0.31,4.0,0.126,0.18,0.152,12.8,12.8,0.48,0.521,0.186,0.19,93.24,93.23,77.69,93.23,0.095,3760,3.8,7.8
2569,Ndudi Ebi,Ndudi,1610612750,MIN,21.0,2,2,0,1.0,53.9,11,21,0.524,0,1,0.0,5,9,0.556,6,10,16,1,3,1,1,2,7,0,27,14,50.7,0,0,48.0,1,2004-05,27.0,110.8,107.9,107.9,92.9,93.1,93.1,17.9,14.8,14.8,0.033,0.33,3.4,0.102,0.185,0.142,10.3,10.4,0.524,0.541,0.224,0.23,89.34,90.39,75.32,90.39,0.102,101,5.5,10.5
2420,Nenad Krstic,Nenad,1610612751,NJN,21.0,75,40,35,0.533,1967.5666666666664,281,570,0.493,0,2,0.0,185,255,0.725,161,240,401,77,112,32,63,77,280,1,747,72,1516.7,9,0,1415.0,1,2004-05,26.2,101.1,102.7,102.7,99.8,99.8,99.8,1.3,3.0,3.0,0.067,0.69,8.8,0.084,0.131,0.107,12.8,12.9,0.493,0.547,0.188,0.19,91.8,91.07,75.89,91.07,0.076,3714,3.7,7.6
2403,Nene,ene,1610612743,DEN,22.0,55,31,24,0.564,1315.3866666666668,194,386,0.503,0,2,0.0,140,212,0.66,104,221,325,84,94,50,48,48,167,3,528,51,1244.0,7,0,1133.0,1,2004-05,23.9,101.1,101.9,101.9,98.8,99.5,99.5,2.3,2.3,2.3,0.103,0.89,12.8,0.081,0.168,0.125,14.3,14.3,0.503,0.551,0.19,0.193,96.97,96.23,80.19,96.23,0.105,2632,3.5,7.0
2555,Nick Collison,Nick,1610612760,SEA,24.0,82,52,30,0.634,1397.3666666666666,189,353,0.535,0,3,0.0,83,118,0.703,155,220,375,32,62,34,50,47,252,0,461,95,1149.0,4,0,1036.0,1,2004-05,17.0,107.5,107.1,107.1,103.3,102.7,102.7,4.2,4.5,4.5,0.04,0.52,6.4,0.113,0.161,0.137,12.5,12.4,0.535,0.569,0.15,0.155,90.44,90.89,75.74,90.89,0.085,2635,2.3,4.3
89,Nick Van Exel,Nick,1610612757,POR,33.0,53,20,33,0.377,1618.0583333333334,214,561,0.381,100,257,0.389,58,74,0.784,20,141,161,227,92,44,0,6,70,0,586,-72,1159.7,1,0,1162.0,1,2004-05,30.5,99.6,101.1,101.1,103.5,103.6,103.6,-3.9,-2.4,-2.4,0.231,2.47,24.9,0.013,0.087,0.05,10.1,10.1,0.471,0.494,0.192,0.195,91.68,91.0,75.83,91.0,0.094,3069,4.0,10.6
2401,Nikoloz Tskitishvili,Nikoloz,1610612744,GSW,22.0,35,19,16,0.543,214.34333333333333,22,74,0.297,2,17,0.118,4,7,0.571,12,29,41,10,19,8,11,2,33,0,50,-31,152.2,0,0,141.0,2,2004-05,6.1,92.3,89.3,89.3,100.3,97.7,97.7,-8.1,-8.3,-8.3,0.081,0.53,9.4,0.05,0.122,0.086,17.9,17.9,0.311,0.324,0.194,0.203,93.13,95.96,79.97,95.96,0.002,431,0.6,2.1
1918,Obinna Ekezie,Obinna,1610612737,ATL,29.0,42,5,37,0.119,729.5533333333333,79,182,0.434,0,1,0.0,72,93,0.774,69,110,179,11,45,22,12,15,129,1,230,-68,518.3,1,0,488.0,1,2004-05,17.4,101.3,101.1,101.1,106.7,106.0,106.0,-5.5,-5.0,-5.0,0.023,0.24,3.9,0.1,0.161,0.13,15.9,16.1,0.434,0.516,0.165,0.165,92.5,92.9,77.42,92.9,0.05,1413,1.9,4.3
2241,Omar Cook,Omar,1610612761,TOR,23.0,5,2,3,0.4,73.32,10,24,0.417,0,4,0.0,3,6,0.5,2,5,7,22,6,6,1,1,6,0,23,21,79.4,0,0,66.0,1,2004-05,14.7,112.1,112.8,112.8,97.3,97.3,97.3,14.9,15.5,15.5,0.415,3.67,40.0,0.028,0.066,0.048,10.9,11.0,0.417,0.432,0.196,0.197,97.87,97.55,81.29,97.55,0.114,148,2.0,4.8
970,Othella Harrington,Othella,1610612741,CHI,31.0,70,40,30,0.571,1278.0633333333333,217,424,0.512,0,0,0.0,127,177,0.718,106,186,292,56,84,24,18,38,188,0,561,172,1037.4,2,0,993.0,1,2004-05,18.3,100.9,102.0,102.0,94.5,94.4,94.4,6.4,7.6,7.6,0.077,0.67,8.7,0.083,0.146,0.114,13.0,13.1,0.512,0.559,0.204,0.207,94.29,93.84,78.2,93.84,0.099,2489,3.1,6.1
136,P.J. Brown,P.J.,1610612740,NOH,35.0,82,18,64,0.22,2825.455,338,758,0.446,0,0,0.0,210,243,0.864,266,471,737,178,101,74,50,58,233,1,886,-403,2308.4,28,0,2049.0,1,2004-05,34.5,97.1,99.0,99.0,106.4,106.8,106.8,-9.3,-7.8,-7.8,0.109,1.76,15.5,0.092,0.18,0.134,8.8,8.8,0.446,0.512,0.157,0.157,90.8,89.74,74.78,89.74,0.113,5287,4.1,9.2
2776,Pape Sow,Pape,1610612761,TOR,23.0,27,11,16,0.407,251.91666666666663,23,58,0.397,0,0,0.0,16,27,0.593,18,39,57,2,10,12,4,13,46,0,62,1,171.4,0,0,153.0,1,2004-05,9.3,107.5,106.6,106.6,107.3,105.4,105.4,0.2,1.3,1.3,0.012,0.2,2.4,0.076,0.174,0.124,12.0,12.2,0.397,0.444,0.144,0.146,94.31,95.56,79.63,95.56,0.029,499,0.9,2.1
1727,Pat Garrity,Pat,1610612753,ORL,28.0,71,30,41,0.423,948.9983333333332,123,306,0.402,49,147,0.333,29,33,0.879,21,103,124,30,30,19,9,14,107,0,324,-88,571.8,0,0,583.0,1,2004-05,13.4,100.1,99.1,99.1,107.2,105.3,105.3,-7.1,-6.2,-6.2,0.051,1.0,7.9,0.02,0.107,0.062,7.9,7.9,0.482,0.505,0.152,0.157,99.02,100.43,83.69,100.43,0.056,2003,1.7,4.3
2200,Pau Gasol,Pau,1610612763,MEM,24.0,56,28,28,0.5,1783.255,357,695,0.514,1,6,0.167,282,367,0.768,130,280,410,135,137,37,93,71,146,0,997,144,1944.5,14,0,1803.0,1,2004-05,31.8,104.7,105.9,105.9,100.7,101.8,101.8,4.1,4.0,4.0,0.143,0.99,11.9,0.079,0.161,0.121,12.1,12.1,0.514,0.582,0.257,0.26,91.54,90.52,75.44,90.52,0.156,3367,6.4,12.4
1718,Paul Pierce,Paul,1610612738,BOS,27.0,82,45,37,0.549,2963.2833333333333,556,1223,0.455,108,292,0.37,549,668,0.822,78,461,539,348,230,133,39,65,255,0,1769,182,3223.8,17,2,3108.0,1,2004-05,36.1,107.1,108.2,108.2,103.7,105.1,105.1,3.5,3.2,3.2,0.197,1.51,16.7,0.028,0.154,0.094,11.0,11.0,0.499,0.583,0.261,0.265,96.33,95.17,79.31,95.17,0.146,5874,6.8,14.9
2321,Paul Shirley,Paul,1610612756,PHX,27.0,9,8,1,0.889,29.566666666666663,5,11,0.455,0,0,0.0,2,4,0.5,1,1,2,3,1,0,0,0,3,0,12,-36,17.9,0,0,17.0,1,2004-05,3.3,89.9,80.0,80.0,138.9,139.7,139.7,-49.0,-59.7,-59.7,0.2,3.0,17.6,0.033,0.0,0.0,5.9,6.0,0.455,0.47,0.194,0.223,98.38,103.9,86.58,103.9,0.037,65,0.6,1.2
2750,Pavel Podkolzin,Pavel,1610612742,DAL,20.0,5,4,1,0.8,7.581666666666667,0,0,0.0,0,0,0.0,1,2,0.5,0,2,2,0,2,0,0,0,4,0,1,-3,1.4,0,0,3.0,1,2004-05,1.5,74.5,61.1,61.1,92.1,87.5,87.5,-17.6,-26.4,-26.4,0.0,0.0,0.0,0.0,0.0,0.0,66.7,69.4,0.0,0.568,0.167,0.195,94.84,107.63,89.69,107.63,-0.267,18,0.0,0.0
978,Peja Stojakovic,Peja,1610612758,SAC,28.0,66,42,24,0.636,2539.4133333333334,451,1016,0.444,174,433,0.402,253,275,0.92,62,223,285,138,102,79,12,39,157,0,1329,110,2049.0,1,0,2108.0,1,2004-05,38.5,109.0,109.4,109.4,106.3,107.1,107.1,2.7,2.3,2.3,0.086,1.35,10.1,0.025,0.086,0.056,7.5,7.4,0.53,0.584,0.213,0.218,95.86,95.35,79.46,95.35,0.103,5041,6.8,15.4
2762,Peter John Ramos,Peter John,1610612764,WAS,20.0,6,1,5,0.167,19.57,5,10,0.5,0,0,0.0,1,2,0.5,1,3,4,0,3,0,1,2,4,0,11,-3,15.8,0,0,17.0,1,2004-05,3.3,69.8,72.7,72.7,82.5,76.1,76.1,-12.7,-3.4,-3.4,0.0,0.0,0.0,0.0,0.176,0.0,21.4,21.6,0.5,0.506,0.292,0.29,108.21,110.37,91.98,110.37,0.047,44,0.8,1.7
1542,Predrag Drobnjak,Predrag,1610612737,ATL,29.0,71,13,58,0.183,1437.878333333333,238,543,0.438,25,71,0.352,96,120,0.8,73,165,238,49,78,42,24,37,138,0,597,-209,1076.1,0,0,1041.0,1,2004-05,20.3,96.3,95.6,95.6,104.8,102.9,102.9,-8.5,-7.3,-7.3,0.06,0.63,6.8,0.05,0.125,0.086,10.8,10.8,0.461,0.501,0.205,0.21,94.39,95.66,79.71,95.66,0.08,2866,3.4,7.6
2056,Primoz Brezec,Primoz,1610612766,CHA,25.0,72,16,56,0.222,2282.5416666666665,387,756,0.512,0,0,0.0,164,220,0.745,226,305,531,86,106,33,55,51,183,0,938,-318,1862.2,15,0,1731.0,1,2004-05,31.7,97.3,99.3,99.3,106.0,106.2,106.2,-8.8,-6.9,-6.9,0.063,0.81,8.3,0.094,0.144,0.117,10.2,10.1,0.512,0.55,0.181,0.183,95.98,94.89,79.08,94.89,0.107,4510,5.4,10.5
2047,Quentin Richardson,Quentin,1610612756,PHX,25.0,79,59,20,0.747,2844.695,407,1045,0.389,226,631,0.358,136,184,0.739,91,388,479,158,102,96,27,45,197,0,1176,518,2254.8,8,0,2285.0,1,2004-05,36.0,113.4,114.0,114.0,104.1,105.2,105.2,9.3,8.8,8.8,0.077,1.55,11.4,0.032,0.122,0.08,7.4,7.4,0.498,0.522,0.186,0.188,98.79,97.98,81.65,97.98,0.082,5811,5.2,13.2
2624,Quinton Ross,Quinton,1610612746,LAC,24.0,78,36,42,0.462,1638.1833333333334,161,373,0.432,1,4,0.25,74,110,0.673,59,151,210,109,54,51,22,35,165,0,397,-212,977.5,0,0,863.0,1,2004-05,21.0,98.2,98.7,98.7,103.9,103.2,103.2,-5.6,-4.5,-4.5,0.109,2.02,18.6,0.039,0.094,0.068,9.2,9.2,0.433,0.471,0.134,0.137,90.88,90.99,75.83,90.99,0.058,3070,2.1,4.8
2417,Qyntel Woods,Qyntel,1610612748,MIA,24.0,3,1,2,0.333,39.34333333333333,5,12,0.417,0,0,0.0,0,0,0.0,2,4,6,0,2,4,0,1,6,0,10,-2,27.2,0,0,24.0,1,2004-05,13.1,111.7,106.5,106.5,112.7,113.5,113.5,-1.0,-7.0,-7.0,0.0,0.0,0.0,0.059,0.121,0.09,14.3,14.3,0.417,0.417,0.161,0.17,90.28,92.11,76.76,92.11,0.028,77,1.7,4.0
1711,Raef LaFrentz,Raef,1610612738,BOS,29.0,80,44,36,0.55,2200.873333333333,341,688,0.496,82,225,0.364,120,148,0.811,154,399,553,98,70,42,99,58,262,0,884,111,2047.6,11,0,1899.0,1,2004-05,27.5,107.4,108.3,108.3,104.7,105.7,105.7,2.7,2.6,2.6,0.069,1.4,10.7,0.074,0.181,0.129,7.6,7.6,0.555,0.587,0.165,0.167,96.58,95.7,79.75,95.7,0.107,4386,4.3,8.6
2737,Rafael Araujo,Rafael,1610612761,TOR,24.0,59,24,35,0.407,735.595,76,175,0.434,1,3,0.333,43,55,0.782,59,126,185,16,52,21,8,12,157,0,196,-48,477.0,0,0,456.0,1,2004-05,12.5,102.8,102.8,102.8,104.5,104.6,104.6,-1.7,-1.8,-1.8,0.032,0.31,6.0,0.082,0.182,0.131,19.5,19.5,0.437,0.492,0.152,0.154,96.6,96.51,80.42,96.51,0.029,1469,1.3,3.0
1747,Rafer Alston,Rafer,1610612761,TOR,28.0,80,32,48,0.4,2722.86,403,974,0.414,139,389,0.357,191,258,0.74,42,237,279,514,170,118,7,42,212,0,1136,-74,2446.8,10,0,2318.0,1,2004-05,34.0,104.4,104.7,104.7,105.6,106.1,106.1,-1.2,-1.4,-1.4,0.314,3.02,28.9,0.015,0.09,0.052,9.6,9.6,0.485,0.522,0.208,0.211,95.56,95.2,79.34,95.2,0.11,5402,5.0,12.2
1952,Raja Bell,Raja,1610612762,UTA,28.0,63,20,43,0.317,1796.6866666666667,303,667,0.454,54,134,0.403,112,150,0.747,48,153,201,91,79,44,8,25,205,0,772,-207,1226.7,1,0,1222.0,1,2004-05,28.5,101.8,102.9,102.9,109.1,108.5,108.5,-7.3,-5.6,-5.6,0.092,1.15,10.1,0.028,0.095,0.06,8.7,8.7,0.495,0.527,0.205,0.208,91.04,90.85,75.71,90.85,0.075,3393,4.8,10.6
988,Randy Livingston,Randy,1610612762,UTA,30.0,17,4,13,0.235,229.61166666666668,22,52,0.423,5,8,0.625,15,17,0.882,3,9,12,45,14,12,2,4,28,0,64,-38,173.9,0,0,154.0,1,2004-05,13.5,101.4,101.1,101.1,111.6,111.3,111.3,-10.2,-10.2,-10.2,0.319,3.21,38.1,0.013,0.045,0.028,11.9,11.8,0.471,0.538,0.142,0.147,91.1,91.35,76.13,91.35,0.079,440,1.3,3.1
1740,Rashard Lewis,Rashard,1610612760,SEA,25.0,71,48,23,0.676,2702.268333333333,532,1151,0.462,173,432,0.4,220,283,0.777,110,278,388,94,123,75,62,36,158,1,1457,325,2351.6,7,0,2386.0,1,2004-05,38.1,110.3,112.3,112.3,104.9,106.1,106.1,5.4,6.2,6.2,0.064,0.76,6.3,0.042,0.108,0.075,8.2,8.2,0.537,0.571,0.237,0.239,91.47,90.08,75.07,90.08,0.123,5077,7.5,16.2
739,Rasheed Wallace,Rasheed,1610612765,DET,30.0,79,53,26,0.671,2696.3116666666665,467,1062,0.44,75,236,0.318,136,195,0.697,174,470,644,142,127,65,115,34,236,1,1145,375,2543.8,24,0,2366.0,1,2004-05,34.1,103.9,105.1,105.1,96.5,97.5,97.5,7.4,7.6,7.6,0.094,1.12,10.0,0.067,0.177,0.123,8.9,9.0,0.475,0.499,0.22,0.223,89.63,88.68,73.9,88.68,0.116,4979,5.9,13.4
1725,Rasho Nesterovic,Rasho,1610612759,SAS,29.0,70,51,19,0.729,1783.1066666666666,198,430,0.46,0,0,0.0,14,30,0.467,184,275,459,71,73,31,117,20,207,0,410,413,1438.3,2,0,1236.0,1,2004-05,25.5,106.1,105.5,105.5,92.9,93.4,93.4,13.3,12.0,12.0,0.061,0.97,12.1,0.11,0.155,0.133,12.5,12.4,0.46,0.463,0.132,0.136,90.7,90.73,75.61,90.73,0.079,3374,2.8,6.1
2446,Rasual Butler,Rasual,1610612748,MIA,26.0,65,48,17,0.738,1198.8666666666666,163,409,0.399,57,153,0.373,37,48,0.771,15,136,151,62,37,18,29,12,104,0,420,132,798.2,0,0,784.0,1,2004-05,18.4,103.2,102.0,102.0,96.3,97.5,97.5,6.9,4.5,4.5,0.085,1.68,11.7,0.013,0.108,0.062,7.0,7.0,0.468,0.488,0.175,0.181,92.7,92.69,77.24,92.69,0.076,2329,2.5,6.3
2221,Raul Lopez,Raul,1610612762,UTA,25.0,31,9,22,0.29,516.6066666666667,57,135,0.422,20,45,0.444,27,33,0.818,7,32,39,123,47,22,3,5,78,0,161,53,420.3,1,0,393.0,1,2004-05,16.7,105.8,106.1,106.1,101.2,99.6,99.6,4.7,6.5,6.5,0.363,2.62,38.4,0.015,0.07,0.043,14.7,14.7,0.496,0.538,0.175,0.178,91.69,92.31,76.93,92.31,0.085,988,1.8,4.4
951,Ray Allen,Ray,1610612760,SEA,29.0,78,50,28,0.641,3068.548333333333,640,1494,0.428,209,556,0.376,378,428,0.883,79,268,347,289,171,84,5,71,167,1,1867,275,2812.9,1,0,2890.0,1,2004-05,39.3,109.5,111.5,111.5,106.1,107.4,107.4,3.4,4.1,4.1,0.176,1.69,13.6,0.026,0.093,0.059,8.0,8.0,0.498,0.555,0.27,0.276,91.6,90.28,75.23,90.28,0.137,5789,8.2,19.2
2558,Reece Gaines,Reece,1610612749,MIL,24.0,21,10,11,0.476,180.05333333333334,17,50,0.34,4,14,0.286,3,4,0.75,1,13,14,7,7,5,1,0,17,0,41,-65,79.3,0,0,78.0,2,2004-05,8.6,85.3,81.6,81.6,102.5,99.5,99.5,-17.2,-17.9,-17.9,0.078,1.0,10.6,0.005,0.069,0.036,10.6,10.6,0.38,0.396,0.142,0.15,95.75,99.44,82.86,99.44,0.018,374,0.8,2.4
2501,Reggie Evans,Reggie,1610612760,SEA,25.0,79,51,28,0.646,1878.985,131,275,0.476,0,2,0.0,125,234,0.534,254,482,736,58,104,58,15,48,202,3,387,28,1472.2,7,0,1327.0,1,2004-05,23.8,105.4,107.7,107.7,104.8,106.8,106.8,0.6,0.9,0.9,0.046,0.56,10.7,0.137,0.28,0.206,19.2,19.3,0.476,0.512,0.118,0.119,90.1,88.29,73.57,88.29,0.098,3454,1.7,3.5
397,Reggie Miller,Reggie,1610612754,IND,39.0,66,34,32,0.515,2111.6833333333334,314,719,0.437,96,298,0.322,250,268,0.933,18,138,156,146,77,50,5,11,109,1,974,236,1468.2,0,0,1482.0,1,2004-05,32.0,105.8,106.5,106.5,101.2,101.1,101.1,4.7,5.5,5.5,0.125,1.9,14.0,0.009,0.067,0.039,7.4,7.3,0.503,0.582,0.198,0.204,89.98,89.72,74.76,89.72,0.116,3957,4.8,10.9
1888,Richard Hamilton,Richard,1610612765,DET,27.0,76,53,23,0.697,2936.595,510,1160,0.44,36,118,0.305,368,429,0.858,74,221,295,372,217,77,13,78,232,0,1424,425,2389.0,4,0,2307.0,1,2004-05,38.6,105.0,105.7,105.7,97.2,97.8,97.8,7.8,7.8,7.8,0.226,1.71,19.2,0.026,0.076,0.052,11.2,11.2,0.455,0.528,0.245,0.249,90.21,89.6,74.66,89.6,0.11,5480,6.7,15.3
2210,Richard Jefferson,Richard,1610612751,NJN,25.0,33,12,21,0.364,1363.9033333333334,238,564,0.422,30,89,0.337,227,269,0.844,49,191,240,133,132,33,17,34,109,0,733,-124,1238.5,9,0,1236.0,1,2004-05,41.3,95.1,96.4,96.4,100.4,101.7,101.7,-5.3,-5.3,-5.3,0.204,1.01,14.0,0.039,0.145,0.093,13.9,13.9,0.449,0.537,0.281,0.283,90.85,89.65,74.71,89.65,0.144,2553,7.2,17.1
2499,Richie Frahm,Richie,1610612757,POR,27.0,43,9,34,0.209,489.90833333333336,56,140,0.4,31,80,0.388,21,25,0.84,17,44,61,30,14,15,4,10,35,0,164,-19,325.2,0,0,324.0,1,2004-05,11.4,100.7,99.3,99.3,104.3,101.7,101.7,-3.6,-2.4,-2.4,0.097,2.14,15.4,0.036,0.089,0.063,7.2,7.2,0.511,0.543,0.148,0.152,94.31,96.16,80.14,96.16,0.082,984,1.3,3.3
1594,Rick Brunson,Rick,1610612746,LAC,33.0,80,37,43,0.463,1935.631666666667,166,442,0.376,48,130,0.369,57,74,0.77,23,164,187,410,125,82,7,19,106,0,437,-40,1418.4,1,0,1260.0,1,2004-05,24.2,102.1,102.5,102.5,103.5,103.8,103.8,-1.4,-1.3,-1.3,0.332,3.28,40.5,0.013,0.086,0.05,12.3,12.4,0.43,0.46,0.141,0.143,92.07,91.79,76.49,91.79,0.096,3705,2.1,5.5
1729,Ricky Davis,Ricky,1610612738,BOS,25.0,82,45,37,0.549,2691.9416666666666,481,1041,0.462,61,180,0.339,286,351,0.815,66,183,249,246,205,89,27,50,174,1,1309,-65,2119.8,0,0,2097.0,1,2004-05,32.8,103.6,103.9,103.9,104.0,105.1,105.1,-0.3,-1.2,-1.2,0.163,1.2,14.9,0.026,0.067,0.047,12.4,12.5,0.491,0.547,0.232,0.235,96.06,95.4,79.5,95.4,0.103,5350,5.9,12.7
109,Robert Horry,Robert,1610612759,SAS,34.0,75,53,22,0.707,1410.1716666666666,157,375,0.419,51,138,0.37,86,109,0.789,91,177,268,80,69,67,60,21,138,1,451,301,1204.6,0,0,1104.0,1,2004-05,18.8,106.8,105.8,105.8,95.3,95.8,95.8,11.5,10.0,10.0,0.091,1.16,14.0,0.068,0.134,0.101,12.0,12.1,0.487,0.533,0.16,0.163,91.56,91.75,76.46,91.75,0.096,2711,2.1,5.0
2741,Robert Swift,Robert,1610612760,SEA,19.0,16,10,6,0.625,69.68833333333333,5,11,0.455,0,0,0.0,5,9,0.556,1,4,5,2,4,1,7,0,16,0,15,-33,44.0,0,0,38.0,1,2004-05,4.4,93.0,86.9,86.9,120.8,113.4,113.4,-27.8,-26.6,-26.6,0.051,0.5,9.5,0.0,0.073,0.0,19.0,19.1,0.455,0.501,0.121,0.13,87.39,93.33,77.77,93.33,-0.019,137,0.3,0.7
1714,Robert Traylor,Robert,1610612739,CLE,28.0,74,39,35,0.527,1329.3366666666666,177,399,0.444,0,8,0.0,55,102,0.539,136,196,332,61,73,54,50,40,215,1,409,-53,1137.9,6,0,1010.0,1,2004-05,18.0,101.1,101.8,101.8,103.1,103.2,103.2,-2.0,-1.4,-1.4,0.075,0.84,10.5,0.097,0.152,0.124,12.6,12.6,0.444,0.461,0.171,0.173,92.61,92.24,76.87,92.24,0.065,2546,2.4,5.4
393,Rod Strickland,Rod,1610612745,HOU,38.0,16,12,4,0.75,197.53166666666667,9,43,0.209,1,2,0.5,9,10,0.9,3,24,27,39,16,3,2,3,15,0,28,13,117.9,0,0,105.0,1,2004-05,12.3,101.8,98.4,98.4,92.3,94.5,94.5,9.5,3.8,3.8,0.307,2.44,37.9,0.016,0.124,0.072,15.5,15.6,0.221,0.295,0.154,0.162,88.12,88.57,73.81,88.57,0.055,364,0.6,2.7
1934,Rodney Buford,Rodney,1610612751,NJN,27.0,64,31,33,0.484,1310.6133333333332,187,489,0.382,34,108,0.315,37,45,0.822,33,156,189,63,35,40,4,20,101,0,445,-235,863.3,0,0,819.0,1,2004-05,20.5,94.0,93.3,93.3,103.7,102.5,102.5,-9.7,-9.2,-9.2,0.093,1.8,10.4,0.024,0.13,0.074,5.8,5.8,0.417,0.437,0.188,0.194,91.98,92.9,77.41,92.9,0.075,2536,2.9,7.6
915,Rodney Rogers,Rodney,1610612755,PHI,34.0,58,25,33,0.431,1366.825,172,450,0.382,48,168,0.286,52,70,0.743,61,185,246,86,86,41,20,23,172,0,444,-228,965.2,1,0,946.0,2,2004-05,23.6,96.7,97.4,97.4,105.6,105.8,105.8,-8.8,-8.4,-8.4,0.11,1.0,13.2,0.044,0.143,0.092,13.2,13.2,0.436,0.462,0.188,0.191,93.4,93.01,77.51,93.01,0.057,2646,3.0,7.8
2206,Rodney White,Rodney,1610612744,GSW,25.0,58,25,33,0.431,677.6583333333333,121,289,0.419,24,60,0.4,27,44,0.614,24,65,89,44,37,32,11,11,64,0,293,-50,557.8,0,0,536.0,2,2004-05,11.7,98.3,97.2,97.2,102.2,100.8,100.8,-3.9,-3.6,-3.6,0.118,1.19,11.3,0.033,0.099,0.065,9.5,9.5,0.46,0.475,0.222,0.228,94.8,96.01,80.01,96.01,0.079,1355,2.1,5.0
1500,Ron Mercer,Ron,1610612751,NJN,29.0,18,8,10,0.444,390.11,65,158,0.411,0,3,0.0,7,10,0.7,9,31,40,20,14,16,2,4,20,0,137,-80,255.0,0,0,233.0,1,2004-05,21.7,89.7,90.2,90.2,100.5,100.5,100.5,-10.8,-10.3,-10.3,0.111,1.43,10.2,0.022,0.083,0.051,7.1,7.1,0.411,0.422,0.205,0.21,92.54,92.22,76.85,92.22,0.078,748,3.6,8.8
2648,Ronald Dupree,Ronald,1610612765,DET,24.0,47,32,15,0.681,466.315,61,127,0.48,1,2,0.5,29,47,0.617,34,61,95,24,22,7,10,7,60,0,152,-42,331.0,0,0,306.0,1,2004-05,9.9,98.3,95.7,95.7,100.5,98.1,98.1,-2.2,-2.4,-2.4,0.094,1.09,12.3,0.078,0.134,0.107,11.3,11.4,0.484,0.515,0.168,0.174,88.76,91.05,75.87,91.05,0.078,874,1.3,2.7
2767,Royal Ivey,Royal,1610612737,ATL,23.0,62,9,53,0.145,813.5316666666666,85,198,0.429,3,9,0.333,47,67,0.701,19,65,84,103,58,39,7,24,140,0,220,-51,555.3,0,0,502.0,1,2004-05,13.1,97.1,95.4,95.4,101.2,98.3,98.3,-4.1,-2.9,-2.9,0.197,1.78,26.5,0.023,0.086,0.054,14.9,14.9,0.437,0.484,0.15,0.156,94.69,96.97,80.81,96.97,0.046,1642,1.4,3.2
1739,Ruben Patterson,Ruben,1610612757,POR,29.0,70,26,44,0.371,1964.0116666666668,319,601,0.531,2,25,0.08,169,282,0.599,126,147,273,138,143,106,21,62,164,1,809,-105,1581.6,0,0,1476.0,1,2004-05,28.1,102.3,103.0,103.0,104.4,105.1,105.1,-2.1,-2.1,-2.1,0.12,0.97,13.7,0.068,0.072,0.07,14.2,14.2,0.532,0.558,0.2,0.203,92.7,92.13,76.77,92.13,0.09,3757,4.6,8.6
1763,Ryan Bowen,Ryan,1610612745,HOU,29.0,66,46,20,0.697,580.8,47,111,0.423,3,6,0.5,14,21,0.667,21,55,76,18,7,23,5,12,61,0,111,49,306.2,0,0,264.0,1,2004-05,8.8,103.5,99.2,99.2,93.5,92.7,92.7,10.0,6.5,6.5,0.052,2.57,12.4,0.037,0.086,0.063,4.8,4.8,0.437,0.462,0.099,0.105,91.32,93.64,78.03,93.64,0.049,1120,0.7,1.7
2415,Ryan Humphrey,Ryan,1610612763,MEM,25.0,35,21,14,0.6,317.26166666666666,42,103,0.408,0,2,0.0,18,37,0.486,50,37,87,6,23,10,1,13,35,0,102,-28,225.4,0,0,217.0,1,2004-05,9.1,97.3,94.8,94.8,100.6,98.7,98.7,-3.3,-3.9,-3.9,0.036,0.26,4.0,0.149,0.135,0.143,15.4,15.5,0.408,0.428,0.199,0.205,88.78,90.85,75.71,90.85,0.053,598,1.2,2.9
208,Sam Cassell,Sam,1610612750,MIN,35.0,59,32,27,0.542,1524.1966666666667,319,687,0.464,27,103,0.262,134,155,0.865,25,132,157,301,109,36,14,23,160,0,799,130,1479.9,5,0,1384.0,1,2004-05,25.8,105.8,106.8,106.8,102.9,102.8,102.8,2.9,4.0,4.0,0.336,2.76,25.8,0.017,0.083,0.051,9.4,9.4,0.484,0.529,0.255,0.258,92.87,92.51,77.09,92.51,0.121,2944,5.4,11.6
955,Samaki Walker,Samaki,1610612764,WAS,29.0,14,7,7,0.5,136.02166666666668,11,31,0.355,0,0,0.0,2,3,0.667,8,10,18,4,8,3,7,6,25,0,24,-17,73.6,0,0,66.0,1,2004-05,9.7,98.8,100.4,100.4,109.7,105.1,105.1,-10.9,-4.8,-4.8,0.045,0.5,9.1,0.06,0.078,0.068,18.2,18.1,0.355,0.371,0.131,0.134,94.39,95.63,79.69,95.63,-0.012,269,0.8,2.2
2223,Samuel Dalembert,Samuel,1610612755,PHI,25.0,72,39,33,0.542,1790.815,250,477,0.524,0,0,0.0,89,148,0.601,187,355,542,35,114,46,121,25,241,1,589,33,1678.9,10,0,1500.0,1,2004-05,24.9,101.5,101.3,101.3,99.9,99.9,99.9,1.6,1.4,1.4,0.031,0.31,5.1,0.107,0.195,0.152,16.5,16.5,0.524,0.543,0.16,0.163,97.4,97.43,81.19,97.43,0.091,3626,3.5,6.6
2562,Sasha Pavlovic,Sasha,1610612739,CLE,21.0,65,32,33,0.492,867.0,120,276,0.435,30,78,0.385,44,64,0.688,15,56,71,49,47,29,4,20,121,0,314,-5,524.7,0,0,530.0,1,2004-05,13.3,107.1,107.0,107.0,106.5,106.9,106.9,0.6,0.1,0.1,0.091,1.04,12.3,0.017,0.071,0.043,11.8,11.7,0.489,0.516,0.178,0.182,92.79,92.62,77.19,92.62,0.041,1670,1.8,4.2
2756,Sasha Vujacic,Sasha,1610612747,LAL,21.0,35,12,23,0.343,402.43666666666667,33,117,0.282,17,63,0.27,18,19,0.947,13,49,62,51,15,12,2,15,41,0,101,14,278.9,0,0,259.0,1,2004-05,11.5,104.4,105.2,105.2,105.8,103.6,103.6,-1.5,1.6,1.6,0.185,3.4,26.6,0.03,0.126,0.075,7.8,7.8,0.355,0.403,0.149,0.152,94.87,95.48,79.57,95.48,0.057,801,0.9,3.3
1513,Scot Pollard,Scot,1610612754,IND,30.0,49,30,19,0.612,866.97,79,167,0.473,0,0,0.0,33,49,0.673,85,120,205,18,31,30,24,18,123,1,191,85,595.0,1,0,522.0,1,2004-05,17.7,105.0,105.7,105.7,100.8,98.7,98.7,4.3,7.0,7.0,0.034,0.58,7.6,0.107,0.152,0.129,13.1,13.0,0.473,0.506,0.12,0.123,87.91,88.56,73.8,88.56,0.064,1586,1.6,3.4
1909,Scott Padgett,Scott,1610612745,HOU,29.0,66,40,26,0.606,939.1516666666666,98,233,0.421,50,126,0.397,29,40,0.725,47,138,185,55,30,33,10,19,119,0,275,217,678.5,1,0,651.0,1,2004-05,14.2,105.6,105.1,105.1,94.4,93.9,93.9,11.1,11.2,11.2,0.096,1.83,16.3,0.05,0.143,0.097,8.9,8.9,0.528,0.549,0.135,0.139,91.43,91.92,76.6,91.92,0.086,1806,1.5,3.5
281,Scott Williams,Scott,1610612739,CLE,37.0,19,10,9,0.526,151.68333333333334,12,41,0.293,0,1,0.0,9,11,0.818,15,15,30,8,5,4,6,7,30,1,33,-30,106.0,0,0,91.0,1,2004-05,8.0,94.1,94.6,94.6,105.2,104.1,104.1,-11.1,-9.5,-9.5,0.084,1.6,13.6,0.098,0.117,0.107,8.5,8.5,0.293,0.36,0.149,0.152,93.06,93.35,77.79,93.35,0.011,294,0.6,2.2
1752,Sean Marks,Sean,1610612759,SAS,29.0,23,15,8,0.652,241.61,27,80,0.338,0,3,0.0,22,28,0.786,18,38,56,8,14,3,11,7,29,0,76,-27,183.2,0,0,168.0,1,2004-05,10.5,92.5,91.8,91.8,99.1,98.5,98.5,-6.6,-6.7,-6.7,0.065,0.57,7.0,0.066,0.147,0.106,12.2,12.2,0.338,0.412,0.191,0.197,93.44,94.07,78.39,94.07,0.059,476,1.2,3.5
2742,Sebastian Telfair,Sebastian,1610612757,POR,20.0,68,19,49,0.279,1330.14,169,430,0.393,17,69,0.246,105,133,0.789,10,94,104,224,125,35,4,30,120,0,460,-191,912.8,3,0,883.0,1,2004-05,19.6,98.8,99.9,99.9,106.4,106.6,106.6,-7.6,-6.6,-6.6,0.28,1.79,26.7,0.008,0.069,0.04,14.9,14.9,0.413,0.471,0.208,0.211,94.4,93.79,78.16,93.79,0.067,2590,2.5,6.3
1000,Shandon Anderson,Shandon,1610612748,MIA,31.0,66,45,21,0.682,1172.7916666666667,98,217,0.452,5,29,0.172,54,66,0.818,41,150,191,70,50,40,14,11,138,0,255,145,701.2,0,0,629.0,2,2004-05,17.8,108.6,105.5,105.5,97.5,97.9,97.9,11.0,7.6,7.6,0.091,1.4,19.0,0.039,0.123,0.084,13.6,13.7,0.463,0.518,0.117,0.12,92.51,93.66,78.05,93.66,0.064,2274,1.5,3.3
2203,Shane Battier,Shane,1610612763,MEM,26.0,80,44,36,0.55,2518.5516666666667,271,613,0.442,70,177,0.395,180,228,0.789,158,255,413,126,75,91,77,51,201,1,792,327,1905.6,4,0,1737.0,1,2004-05,31.5,104.5,105.5,105.5,98.1,98.6,98.6,6.5,6.9,6.9,0.081,1.68,13.7,0.066,0.105,0.086,8.2,8.2,0.499,0.555,0.145,0.146,91.08,90.41,75.34,90.41,0.094,4744,3.4,7.7
406,Shaquille O'Neal,Shaquille,1610612748,MIA,33.0,73,53,20,0.726,2497.43,658,1095,0.601,0,0,0.0,353,765,0.461,253,507,760,200,203,36,171,48,262,0,1669,472,3299.0,43,0,3043.0,1,2004-05,34.2,111.2,111.8,111.8,100.4,101.7,101.7,10.8,10.0,10.0,0.149,0.99,10.9,0.112,0.197,0.158,11.1,11.1,0.601,0.583,0.301,0.303,93.48,92.65,77.21,92.65,0.161,4815,9.0,15.0
949,Shareef Abdur-Rahim,Shareef,1610612757,POR,28.0,54,17,37,0.315,1874.06,337,670,0.503,15,39,0.385,220,254,0.866,123,269,392,111,117,49,26,62,150,0,909,-205,1653.9,16,0,1577.0,1,2004-05,34.7,100.9,101.9,101.9,106.2,107.6,107.6,-5.4,-5.7,-5.7,0.106,0.95,11.0,0.069,0.143,0.107,11.6,11.6,0.514,0.581,0.216,0.22,92.99,91.95,76.63,91.95,0.125,3590,6.2,12.4
2733,Shaun Livingston,Shaun,1610612746,LAC,19.0,30,13,17,0.433,820.0233333333333,89,215,0.414,0,2,0.0,44,59,0.746,22,67,89,151,75,32,11,10,82,0,222,-17,609.3,1,0,548.0,1,2004-05,27.3,101.6,101.9,101.9,103.6,103.2,103.2,-2.0,-1.3,-1.3,0.287,2.01,32.3,0.03,0.082,0.057,16.1,16.1,0.414,0.461,0.172,0.175,93.39,93.45,77.88,93.45,0.076,1598,3.0,7.2
762,Shawn Bradley,Shawn,1610612742,DAL,33.0,77,55,22,0.714,881.6066666666667,84,186,0.452,0,0,0.0,43,63,0.683,70,144,214,15,33,25,63,9,153,2,211,193,721.3,0,0,616.0,1,2004-05,11.4,110.3,108.9,108.9,98.8,97.2,97.2,11.5,11.7,11.7,0.024,0.45,5.7,0.083,0.161,0.123,12.5,12.6,0.452,0.494,0.123,0.126,94.62,95.96,79.97,95.96,0.052,1756,1.1,2.4
1890,Shawn Marion,Shawn,1610612756,PHX,27.0,81,62,19,0.765,3143.5516666666667,613,1289,0.476,114,341,0.334,229,275,0.833,235,680,915,154,125,163,119,51,199,0,1569,658,3619.0,53,0,3316.0,1,2004-05,38.8,114.4,114.9,114.9,103.6,105.0,105.0,10.8,9.9,9.9,0.072,1.23,9.2,0.076,0.197,0.139,7.4,7.4,0.52,0.556,0.208,0.212,99.22,98.32,81.93,98.32,0.14,6449,7.6,15.9
2098,Slava Medvedenko,Slava,1610612747,LAL,26.0,43,9,34,0.209,421.01166666666666,71,156,0.455,0,1,0.0,23,28,0.821,31,48,79,13,13,9,2,4,64,0,165,-21,299.3,0,0,279.0,1,2004-05,9.8,104.1,105.2,105.2,109.8,107.8,107.8,-5.7,-2.7,-2.7,0.052,1.0,6.7,0.071,0.111,0.091,6.7,6.7,0.455,0.49,0.187,0.191,94.21,94.57,78.81,94.57,0.059,830,1.7,3.6
2470,Smush Parker,Smush,1610612756,PHX,24.0,16,9,7,0.563,139.60666666666663,18,43,0.419,3,13,0.231,9,13,0.692,4,8,12,15,19,5,0,2,16,0,48,-78,80.9,0,0,88.0,2,2004-05,8.7,85.2,80.2,80.2,110.4,106.7,106.7,-25.2,-26.5,-26.5,0.254,0.79,18.1,0.029,0.06,0.044,22.9,23.0,0.453,0.493,0.215,0.232,91.87,96.27,80.23,96.27,0.037,278,1.1,2.7
2049,Speedy Claxton,Speedy,1610612740,NOH,27.0,62,22,40,0.355,1873.52,257,611,0.421,11,61,0.18,187,254,0.736,37,147,184,374,119,109,8,47,184,0,712,-200,1725.8,8,0,1515.0,2,2004-05,30.2,97.6,98.6,98.6,103.1,103.8,103.8,-5.5,-5.2,-5.2,0.33,3.14,30.8,0.019,0.084,0.049,9.8,9.8,0.43,0.493,0.197,0.2,95.95,95.17,79.31,95.17,0.109,3712,4.1,9.9
278,Stacey Augmon,Stacey,1610612753,ORL,36.0,55,23,32,0.418,654.4483333333334,68,167,0.407,0,0,0.0,57,77,0.74,45,54,99,36,31,23,8,12,83,1,193,-89,427.8,0,0,390.0,1,2004-05,11.9,101.8,101.0,101.0,106.9,105.9,105.9,-5.0,-5.0,-5.0,0.084,1.16,13.3,0.064,0.08,0.072,11.5,11.6,0.407,0.48,0.15,0.153,97.09,97.91,81.6,97.91,0.048,1324,1.2,3.0
1536,Stephen Jackson,Stephen,1610612754,IND,27.0,51,30,21,0.588,1794.795,330,819,0.403,103,286,0.36,190,229,0.83,44,206,250,119,123,64,14,42,154,0,953,149,1542.5,2,0,1581.0,1,2004-05,35.2,104.7,105.6,105.6,101.5,101.4,101.4,3.2,4.2,4.2,0.133,0.97,10.2,0.026,0.12,0.074,10.6,10.6,0.466,0.518,0.27,0.274,89.99,89.67,74.73,89.67,0.107,3357,6.5,16.1
950,Stephon Marbury,Stephon,1610612752,NYK,28.0,82,33,49,0.402,3294.5116666666668,604,1308,0.462,115,325,0.354,458,549,0.834,50,198,248,668,233,122,6,88,186,0,1781,-27,3231.6,24,0,3068.0,1,2004-05,40.2,105.6,106.8,106.8,107.4,107.5,107.5,-1.8,-0.7,-0.7,0.344,2.87,27.3,0.015,0.064,0.039,9.5,9.5,0.506,0.575,0.243,0.245,93.74,93.18,77.65,93.18,0.144,6405,7.4,16.0
2581,Steve Blake,Steve,1610612764,WAS,25.0,44,23,21,0.523,647.8133333333334,61,186,0.328,36,93,0.387,33,41,0.805,18,53,71,69,39,13,0,7,47,0,191,-103,379.7,0,0,393.0,1,2004-05,14.7,100.1,98.4,98.4,106.4,106.6,106.6,-6.3,-8.1,-8.1,0.18,1.77,22.1,0.026,0.084,0.054,12.5,12.5,0.425,0.468,0.165,0.17,93.89,94.58,78.82,94.58,0.058,1277,1.4,4.2
1883,Steve Francis,Steve,1610612753,ORL,28.0,78,35,43,0.449,2974.8566666666666,563,1330,0.423,38,127,0.299,499,606,0.823,126,324,450,547,317,112,28,56,273,0,1663,-52,3126.5,21,0,2978.0,1,2004-05,38.1,103.9,104.4,104.4,104.2,105.1,105.1,-0.3,-0.7,-0.7,0.315,1.73,22.2,0.044,0.107,0.076,12.9,12.9,0.438,0.521,0.28,0.284,97.0,96.42,80.35,96.42,0.128,5971,7.2,17.1
959,Steve Nash,Steve,1610612756,PHX,31.0,75,60,15,0.8,2568.613333333333,430,857,0.502,94,218,0.431,211,238,0.887,57,192,249,861,245,74,6,25,136,0,1165,664,2750.3,49,1,2529.0,1,2004-05,34.2,117.8,118.6,118.6,104.5,105.7,105.7,13.3,12.9,12.9,0.46,3.51,41.8,0.023,0.069,0.047,11.9,11.8,0.557,0.606,0.201,0.205,98.7,97.79,81.49,97.79,0.145,5228,5.7,11.4
2212,Steven Hunter,Steven,1610612756,PHX,23.0,76,57,19,0.75,1050.6666666666667,135,220,0.614,0,1,0.0,78,163,0.479,98,129,227,13,44,4,102,28,131,0,348,-3,913.9,0,0,800.0,1,2004-05,13.8,104.8,101.9,101.9,102.0,101.8,101.8,2.7,0.1,0.1,0.018,0.3,3.7,0.089,0.107,0.099,12.5,12.6,0.614,0.596,0.135,0.139,98.57,100.03,83.36,100.03,0.069,2187,1.8,2.9
120,Steven Smith,Steven,1610612748,MIA,36.0,50,15,35,0.3,745.0766666666667,102,248,0.411,41,105,0.39,69,80,0.863,15,50,65,71,27,14,7,11,82,0,314,-39,534.5,0,0,533.0,2,2004-05,14.9,101.1,101.1,101.1,107.1,105.4,105.4,-6.0,-4.3,-4.3,0.161,2.63,18.5,0.019,0.074,0.044,7.0,7.1,0.494,0.554,0.181,0.185,93.16,93.9,78.25,93.9,0.089,1469,2.0,5.0
2031,Stromile Swift,Stromile,1610612763,MEM,25.0,60,32,28,0.533,1280.0766666666666,219,488,0.449,0,4,0.0,166,219,0.758,92,181,273,43,90,41,92,53,182,0,604,24,1305.1,2,0,1186.0,1,2004-05,21.3,102.1,102.5,102.5,100.5,100.7,100.7,1.6,1.9,1.9,0.063,0.48,5.9,0.077,0.144,0.111,12.4,12.5,0.449,0.517,0.244,0.247,92.12,91.87,76.56,91.87,0.1,2439,3.7,8.1
2447,Tamar Slay,Tamar,1610612766,CHA,25.0,8,1,7,0.125,77.35,13,39,0.333,2,12,0.167,0,2,0.0,6,8,14,3,8,5,0,1,20,0,28,-20,56.3,0,0,57.0,1,2004-05,9.7,94.8,95.6,95.6,107.6,110.2,110.2,-12.8,-14.6,-14.6,0.067,0.38,5.9,0.061,0.143,0.09,15.7,15.7,0.359,0.351,0.247,0.253,99.96,98.36,81.97,98.36,-0.038,160,1.6,4.9
2419,Tayshaun Prince,Tayshaun,1610612765,DET,25.0,82,54,28,0.659,3043.468333333333,469,963,0.487,47,138,0.341,221,274,0.807,133,302,435,247,135,56,71,54,161,0,1206,437,2344.5,3,0,2189.0,1,2004-05,37.1,104.5,105.5,105.5,96.7,97.8,97.8,7.8,7.8,7.8,0.14,1.83,16.9,0.045,0.1,0.073,9.2,9.2,0.511,0.556,0.185,0.188,89.7,88.79,73.99,88.79,0.116,5630,5.7,11.7
689,Theo Ratliff,Theo,1610612757,POR,32.0,63,22,41,0.349,1723.905,115,257,0.447,0,0,0.0,74,107,0.692,111,220,331,34,56,23,158,23,183,0,304,-87,1239.2,2,0,1031.0,1,2004-05,27.4,98.4,99.6,99.6,101.2,101.8,101.8,-2.8,-2.2,-2.2,0.03,0.61,8.6,0.068,0.127,0.098,14.1,14.2,0.447,0.5,0.098,0.099,89.97,89.18,74.32,89.18,0.056,3195,1.8,4.1
2604,Theron Smith,Theron,1610612766,CHA,24.0,33,6,27,0.182,507.4483333333333,44,136,0.324,3,12,0.25,14,16,0.875,39,77,116,28,27,6,4,10,58,0,105,-176,289.2,0,0,272.0,1,2004-05,15.4,91.8,90.5,90.5,108.5,106.3,106.3,-16.7,-15.8,-15.8,0.094,1.04,14.1,0.069,0.159,0.111,13.6,13.6,0.335,0.367,0.146,0.151,93.75,95.39,79.5,95.39,0.039,1000,1.3,4.1
2357,Tierre Brown,Tierre,1610612747,LAL,26.0,76,33,43,0.434,1057.8916666666669,124,348,0.356,26,72,0.361,59,75,0.787,21,72,93,155,74,32,1,31,59,0,333,-97,702.1,0,0,673.0,1,2004-05,13.9,100.9,100.2,100.2,106.1,104.6,104.6,-5.2,-4.4,-4.4,0.248,2.09,25.4,0.02,0.069,0.044,12.1,12.1,0.394,0.437,0.193,0.2,90.92,91.88,76.57,91.88,0.069,2021,1.6,4.6
1495,Tim Duncan,Tim,1610612759,SAS,29.0,66,50,16,0.758,2205.3783333333336,517,1042,0.496,3,9,0.333,305,455,0.67,202,530,732,179,127,45,174,57,144,0,1342,692,3018.9,44,0,2694.0,1,2004-05,33.4,108.6,109.5,109.5,91.9,93.1,93.1,16.6,16.3,16.3,0.151,1.41,11.5,0.099,0.244,0.174,8.2,8.2,0.498,0.54,0.289,0.291,90.74,89.77,74.81,89.77,0.204,4134,7.8,15.8
1501,Tim Thomas,Tim,1610612752,NYK,28.0,71,30,41,0.423,1940.6583333333333,315,718,0.439,85,208,0.409,136,173,0.786,45,192,237,110,113,41,17,38,222,1,851,-169,1361.4,0,0,1399.0,1,2004-05,27.3,102.9,104.1,104.1,108.8,108.9,108.9,-5.9,-4.8,-4.8,0.093,0.97,10.8,0.024,0.105,0.064,11.1,11.1,0.498,0.536,0.211,0.213,94.2,93.63,78.03,93.63,0.069,3791,4.4,10.1
339,Tom Gugliotta,Tom,1610612737,ATL,35.0,47,13,34,0.277,963.085,99,241,0.411,8,26,0.308,33,43,0.767,56,135,191,68,57,41,17,8,104,0,239,-233,687.2,1,0,622.0,2,2004-05,20.5,96.9,96.0,96.0,108.9,108.0,108.0,-12.0,-12.0,-12.0,0.115,1.19,17.6,0.06,0.153,0.105,14.7,14.8,0.427,0.46,0.148,0.151,93.41,94.27,78.56,94.27,0.068,1889,2.1,5.1
389,Toni Kukoc,Toni,1610612749,MIL,36.0,53,23,30,0.434,1100.256666666667,105,256,0.41,42,116,0.362,44,61,0.721,31,129,160,160,64,39,13,7,70,1,296,-10,820.0,1,0,762.0,1,2004-05,20.8,103.2,104.0,104.0,104.0,103.9,103.9,-0.8,0.1,0.1,0.228,2.5,31.6,0.03,0.118,0.075,12.6,12.6,0.492,0.523,0.143,0.145,94.0,93.64,78.04,93.64,0.095,2141,2.0,4.8
2754,Tony Allen,Tony,1610612738,BOS,23.0,77,42,35,0.545,1254.4733333333334,184,387,0.475,12,31,0.387,112,152,0.737,85,136,221,64,77,76,24,31,156,0,492,136,1076.2,0,0,989.0,1,2004-05,16.3,105.1,103.6,103.6,98.8,97.4,97.4,6.3,6.2,6.2,0.08,0.83,10.7,0.07,0.11,0.09,12.9,12.9,0.491,0.542,0.183,0.187,96.38,97.74,81.45,97.74,0.089,2544,2.4,5.0
1499,Tony Battie,Tony,1610612753,ORL,29.0,81,36,45,0.444,1909.506666666667,163,354,0.46,0,6,0.0,68,94,0.723,109,343,452,42,81,30,81,20,244,1,394,-125,1251.4,3,0,1110.0,1,2004-05,23.6,99.8,100.1,100.1,103.0,103.2,103.2,-3.2,-3.1,-3.1,0.033,0.52,8.1,0.058,0.175,0.118,15.6,15.6,0.46,0.498,0.11,0.111,96.19,95.99,79.99,95.99,0.061,3816,2.0,4.4
2800,Tony Bobbitt,Tony,1610612747,LAL,25.0,2,0,2,0.0,11.933333333333334,2,5,0.4,1,2,0.5,0,0,0.0,0,3,3,0,0,0,0,0,1,0,5,-1,8.6,0,0,9.0,1,2004-05,6.0,110.0,104.0,104.0,114.2,112.5,112.5,-4.2,-8.5,-8.5,0.0,0.0,0.0,0.0,0.0,0.0,0.0,0.0,0.5,0.5,0.185,0.195,95.09,98.55,82.12,98.55,0.08,25,1.0,2.5
960,Tony Delk,Tony,1610612737,ATL,31.0,56,6,50,0.107,1348.215,246,591,0.416,72,202,0.356,103,136,0.757,28,102,130,104,54,47,3,25,123,0,667,-212,1075.0,0,0,1073.0,1,2004-05,24.1,100.9,99.9,99.9,108.9,108.0,108.0,-8.0,-8.2,-8.2,0.138,1.93,12.9,0.02,0.084,0.05,6.7,6.7,0.477,0.512,0.228,0.235,94.38,95.24,79.36,95.24,0.091,2678,4.4,10.6
763,Tony Massenburg,Tony,1610612759,SAS,37.0,61,43,18,0.705,691.765,74,182,0.407,0,0,0.0,48,63,0.762,54,109,163,14,40,18,20,22,122,0,196,-51,486.6,0,0,449.0,1,2004-05,11.3,99.2,97.0,97.0,102.6,102.2,102.2,-3.4,-5.2,-5.2,0.035,0.35,5.3,0.08,0.171,0.124,15.2,15.2,0.407,0.467,0.165,0.171,90.43,91.59,76.33,91.59,0.043,1329,1.2,3.0
2225,Tony Parker,Tony,1610612759,SAS,23.0,80,58,22,0.725,2735.79,539,1118,0.482,43,156,0.276,210,323,0.65,47,251,298,490,215,98,4,77,167,0,1331,509,2514.6,7,0,2366.0,1,2004-05,34.2,105.2,105.9,105.9,95.5,96.6,96.6,9.7,9.3,9.3,0.323,2.28,24.9,0.018,0.095,0.056,10.9,10.9,0.501,0.528,0.247,0.25,91.55,90.73,75.61,90.73,0.138,5186,6.7,14.0
1765,Torraye Braggs,Torraye,1610612745,HOU,29.0,7,6,1,0.857,22.276666666666667,3,7,0.429,0,0,0.0,0,0,0.0,7,5,12,0,2,0,0,1,4,0,6,-10,18.4,0,0,18.0,1,2004-05,3.2,86.3,76.9,76.9,107.0,100.0,100.0,-20.6,-23.1,-23.1,0.0,0.0,0.0,0.318,0.238,0.279,22.2,22.2,0.429,0.429,0.184,0.206,77.74,85.11,70.93,85.11,0.091,39,0.4,1.0
1503,Tracy McGrady,Tracy,1610612745,HOU,26.0,78,49,29,0.628,3191.008333333333,715,1660,0.431,142,435,0.326,431,557,0.774,71,413,484,448,201,135,52,51,167,0,2003,292,3615.8,13,0,3451.0,1,2004-05,40.9,104.5,105.6,105.6,100.4,101.0,101.0,4.1,4.6,4.6,0.276,2.23,17.5,0.023,0.131,0.078,7.9,7.9,0.473,0.526,0.304,0.309,91.47,90.73,75.61,90.73,0.161,6038,9.2,21.3
696,Travis Best,Travis,1610612751,NJN,32.0,76,39,37,0.513,1457.118333333333,190,452,0.42,26,85,0.306,108,122,0.885,19,88,107,143,67,66,9,21,148,0,514,-185,1014.9,0,0,940.0,1,2004-05,19.2,96.1,95.6,95.6,103.7,102.4,102.4,-7.6,-6.8,-6.8,0.183,2.13,20.1,0.013,0.066,0.039,9.4,9.4,0.449,0.508,0.18,0.186,90.81,91.64,76.37,91.64,0.084,2784,2.5,5.9
2566,Travis Outlaw,Travis,1610612757,POR,20.0,59,17,42,0.288,792.7466666666667,133,267,0.498,4,10,0.4,49,75,0.653,40,81,121,35,39,30,40,15,77,1,319,-105,687.7,0,0,619.0,1,2004-05,13.4,100.3,99.2,99.2,105.7,105.7,105.7,-5.4,-6.6,-6.6,0.078,0.9,9.3,0.055,0.096,0.077,10.4,10.4,0.506,0.532,0.192,0.197,94.33,94.88,79.07,94.88,0.091,1566,2.3,4.5
1762,Tremaine Fowlkes,Tremaine,1610612754,IND,29.0,8,2,6,0.25,51.34333333333333,9,17,0.529,1,3,0.333,0,2,0.0,3,5,8,0,5,2,0,1,7,0,19,-10,29.6,0,0,32.0,1,2004-05,6.4,86.2,78.5,78.5,90.7,83.8,83.8,-4.4,-5.3,-5.3,0.0,0.0,0.0,0.07,0.106,0.089,21.7,21.9,0.559,0.531,0.225,0.247,82.38,89.75,74.79,89.75,0.052,93,1.1,2.1
2239,Trenton Hassell,Trenton,1610612750,MIN,26.0,82,44,38,0.537,2071.8216666666667,225,475,0.474,1,11,0.091,90,114,0.789,80,139,219,128,64,30,30,32,200,0,541,-64,1111.8,0,0,1009.0,1,2004-05,25.3,102.1,103.0,103.0,103.9,103.9,103.9,-1.8,-0.9,-0.9,0.097,2.0,17.9,0.04,0.067,0.054,9.0,8.9,0.475,0.515,0.13,0.133,90.81,90.45,75.37,90.45,0.054,3890,2.7,5.8
2772,Trevor Ariza,Trevor,1610612752,NYK,20.0,80,33,47,0.413,1380.631666666667,172,389,0.442,3,13,0.231,121,174,0.695,89,153,242,85,73,70,18,32,150,0,468,-26,1076.9,1,0,974.0,1,2004-05,17.3,102.0,101.1,101.1,103.3,102.1,102.1,-1.3,-1.0,-1.0,0.101,1.16,13.6,0.067,0.114,0.091,11.6,11.7,0.446,0.503,0.175,0.178,92.42,93.37,77.8,93.37,0.084,2686,2.2,4.9
1607,Troy Hudson,Troy,1610612750,MIN,29.0,79,42,37,0.532,1744.6516666666666,266,664,0.401,89,258,0.345,70,90,0.778,19,86,105,283,113,27,6,29,121,0,691,5,1227.5,0,0,1234.0,1,2004-05,22.1,105.5,105.9,105.9,106.6,106.1,106.1,-1.1,-0.2,-0.2,0.265,2.5,25.8,0.012,0.049,0.031,10.3,10.3,0.468,0.491,0.214,0.219,90.93,90.93,75.77,90.93,0.077,3310,3.4,8.4
2211,Troy Murphy,Troy,1610612744,GSW,25.0,70,30,40,0.429,2381.3716666666664,392,947,0.414,59,148,0.399,233,319,0.73,251,505,756,97,108,53,33,94,190,0,1076,-194,2278.7,34,0,2160.0,1,2004-05,34.0,101.2,102.2,102.2,105.3,106.5,106.5,-4.1,-4.3,-4.3,0.068,0.9,7.5,0.097,0.215,0.153,8.3,8.4,0.445,0.495,0.218,0.22,96.59,95.52,79.6,95.52,0.115,4744,5.6,13.5
1731,Tyronn Lue,Tyronn,1610612737,ATL,28.0,70,16,54,0.229,2008.88,295,654,0.451,55,155,0.355,142,165,0.861,14,135,149,322,105,33,0,37,168,0,787,-452,1442.8,4,0,1379.0,2,2004-05,28.7,99.7,100.0,100.0,112.1,111.5,111.5,-12.4,-11.5,-11.5,0.275,3.07,28.0,0.007,0.073,0.039,9.1,9.1,0.493,0.542,0.187,0.191,91.57,91.68,76.4,91.68,0.097,3832,4.2,9.3
2199,Tyson Chandler,Tyson,1610612741,CHI,22.0,80,46,34,0.575,2187.5333333333333,207,419,0.494,0,2,0.0,226,336,0.673,261,514,775,65,118,69,141,46,268,3,640,107,2179.5,21,0,1900.0,1,2004-05,27.3,99.3,99.9,99.9,96.6,96.8,96.8,2.7,3.1,3.1,0.049,0.55,8.7,0.117,0.224,0.171,15.7,15.7,0.494,0.565,0.137,0.139,95.37,95.01,79.18,95.01,0.129,4316,2.6,5.2
2617,Udonis Haslem,Udonis,1610612748,MIA,25.0,80,59,21,0.738,2677.5516666666667,346,641,0.54,0,4,0.0,178,225,0.791,239,487,726,108,113,63,41,34,260,0,870,415,2102.2,23,0,1912.0,1,2004-05,33.5,109.9,110.2,110.2,100.7,101.9,101.9,9.2,8.2,8.2,0.061,0.96,11.2,0.098,0.182,0.142,11.8,11.8,0.54,0.588,0.146,0.148,92.87,92.16,76.8,92.16,0.11,5137,4.3,8.0
2751,Viktor Khryapa,Viktor,1610612757,POR,22.0,32,6,26,0.188,529.0633333333334,54,124,0.435,4,11,0.364,23,42,0.548,28,80,108,25,33,20,18,10,80,0,135,-124,383.1,0,0,348.0,1,2004-05,16.5,93.8,93.4,93.4,103.6,104.3,104.3,-9.9,-10.9,-10.9,0.08,0.76,12.3,0.053,0.147,0.101,16.3,16.5,0.452,0.474,0.148,0.15,95.45,95.35,79.46,95.35,0.05,1046,1.7,3.9
452,Vin Baker,Vin,1610612745,HOU,33.0,27,10,17,0.37,203.40666666666667,13,42,0.31,0,1,0.0,9,17,0.529,17,22,39,10,17,2,4,4,38,0,35,-71,97.8,0,0,96.0,2,2004-05,7.5,93.1,92.0,92.0,112.5,110.9,110.9,-19.4,-18.9,-18.9,0.079,0.59,13.0,0.082,0.114,0.097,22.1,22.2,0.31,0.354,0.139,0.144,95.02,96.28,80.23,96.28,-0.02,411,0.5,1.6
1713,Vince Carter,Vince,1610612751,NJN,28.0,77,40,37,0.519,2838.208333333333,696,1541,0.452,127,313,0.406,367,460,0.798,106,295,401,327,168,109,48,51,243,0,1886,41,3160.7,7,0,3055.0,2,2004-05,36.9,101.1,102.1,102.1,101.0,101.5,101.5,0.1,0.5,0.5,0.234,1.95,14.6,0.037,0.11,0.072,7.5,7.5,0.493,0.541,0.305,0.31,93.46,92.74,77.28,92.74,0.152,5489,9.0,20.0
958,Vitaly Potapenko,Vitaly,1610612760,SEA,30.0,33,16,17,0.485,335.4633333333333,45,87,0.517,0,1,0.0,27,31,0.871,30,48,78,9,12,7,3,4,53,0,117,-14,242.1,0,0,224.0,1,2004-05,10.2,111.7,110.6,110.6,115.9,113.9,113.9,-4.2,-3.3,-3.3,0.045,0.75,7.4,0.093,0.164,0.127,9.8,9.9,0.517,0.581,0.155,0.157,89.93,91.15,75.95,91.15,0.074,640,1.4,2.6
124,Vlade Divac,Vlade,1610612747,LAL,37.0,15,7,8,0.467,130.92166666666665,13,31,0.419,0,0,0.0,8,12,0.667,18,14,32,19,14,4,1,5,25,0,34,-29,101.9,0,0,95.0,1,2004-05,8.7,96.8,98.1,98.1,111.0,106.8,106.8,-14.2,-8.7,-8.7,0.247,1.36,27.9,0.123,0.113,0.119,20.6,20.2,0.419,0.469,0.16,0.165,94.82,96.06,80.05,96.06,0.046,259,0.9,2.1
2209,Vladimir Radmanovic,Vladimir,1610612760,SEA,24.0,63,43,20,0.683,1860.881666666667,267,651,0.41,128,329,0.389,81,103,0.786,53,237,290,86,80,57,31,27,172,1,743,286,1404.0,3,0,1423.0,1,2004-05,29.5,113.6,114.3,114.3,105.4,106.2,106.2,8.2,8.0,8.0,0.076,1.08,9.9,0.03,0.133,0.082,9.2,9.3,0.508,0.534,0.188,0.191,92.3,91.65,76.37,91.65,0.089,3553,4.2,10.3
702,Voshon Lenard,Voshon,1610612743,DEN,32.0,3,1,2,0.333,56.5,10,26,0.385,4,12,0.333,5,8,0.625,0,6,6,6,2,1,0,2,2,0,29,3,46.2,0,0,47.0,1,2004-05,18.8,106.9,108.2,108.2,109.0,105.7,105.7,-2.1,2.5,2.5,0.15,3.0,16.2,0.0,0.128,0.055,5.4,5.3,0.462,0.491,0.221,0.229,102.76,103.65,86.37,103.65,0.082,122,3.3,8.7
1887,Wally Szczerbiak,Wally,1610612750,MIN,28.0,81,44,37,0.543,2566.755,465,919,0.506,63,169,0.373,260,304,0.855,82,221,303,191,132,40,16,40,178,1,1253,112,1939.1,0,0,1922.0,1,2004-05,31.7,106.5,107.1,107.1,104.8,105.4,105.4,1.7,1.7,1.7,0.125,1.45,13.9,0.034,0.084,0.06,9.6,9.6,0.54,0.595,0.209,0.213,92.36,91.82,76.52,91.82,0.109,4923,5.7,11.3
962,Walter McCarty,Walter,1610612756,PHX,31.0,72,42,30,0.583,900.42,95,235,0.404,55,155,0.355,15,29,0.517,29,109,138,37,36,25,15,5,144,0,260,-29,565.1,0,0,570.0,2,2004-05,12.5,103.7,101.1,101.1,104.0,103.1,103.1,-0.3,-2.0,-2.0,0.067,1.03,11.5,0.033,0.121,0.077,11.2,11.2,0.521,0.525,0.138,0.143,96.51,98.19,81.83,98.19,0.043,1846,1.3,3.3
1917,Wang Zhi-zhi,Wang,1610612748,MIA,27.0,20,13,7,0.65,90.72333333333331,17,36,0.472,2,3,0.667,7,12,0.583,6,12,18,5,5,3,2,5,9,0,43,-13,82.1,0,0,78.0,1,2004-05,4.5,100.6,91.9,91.9,103.5,103.4,103.4,-2.9,-11.4,-11.4,0.1,1.0,9.6,0.067,0.118,0.094,9.6,9.8,0.5,0.521,0.222,0.241,92.01,96.29,80.24,96.29,0.102,186,0.9,1.8
445,Wesley Person,Wesley,1610612743,DEN,34.0,41,29,12,0.707,670.835,107,226,0.473,41,89,0.461,9,13,0.692,3,80,83,39,17,19,4,6,30,0,264,-13,474.1,0,0,473.0,2,2004-05,16.4,104.0,102.7,102.7,103.3,104.1,104.1,0.7,-1.4,-1.4,0.094,2.29,13.5,0.004,0.117,0.06,5.9,5.9,0.564,0.57,0.162,0.166,96.57,96.81,80.68,96.81,0.103,1356,2.6,5.5
2584,Willie Green,Willie,1610612755,PHI,23.0,57,23,34,0.404,1067.42,155,423,0.366,30,105,0.286,97,125,0.776,22,111,133,100,75,34,6,20,121,0,437,-122,791.6,0,0,780.0,1,2004-05,18.7,95.9,95.6,95.6,101.7,100.7,100.7,-5.9,-5.2,-5.2,0.172,1.33,15.3,0.02,0.106,0.062,11.5,11.5,0.402,0.457,0.226,0.231,96.35,96.97,80.81,96.97,0.063,2151,2.7,7.4
2397,Yao Ming,ao Ming,1610612745,HOU,24.0,80,50,30,0.625,2459.333333333333,538,975,0.552,0,0,0.0,389,497,0.783,208,461,669,61,196,34,160,72,298,0,1465,134,2745.3,24,0,2583.0,1,2004-05,30.7,103.0,103.9,103.9,101.0,101.5,101.5,1.9,2.4,2.4,0.048,0.31,4.2,0.091,0.193,0.143,13.5,13.5,0.552,0.614,0.261,0.264,92.26,91.61,76.34,91.61,0.148,4704,6.7,12.2
2657,Yuta Tabuse,Yuta,1610612756,PHX,24.0,4,4,0,1.0,17.283333333333335,1,6,0.167,1,1,1.0,4,4,1.0,2,2,4,3,1,0,0,0,1,0,7,-2,15.3,0,0,15.0,1,2004-05,4.3,95.8,83.3,83.3,93.2,90.2,90.2,2.7,-6.9,-6.9,0.25,3.0,25.0,0.0,0.0,0.0,8.3,8.5,0.25,0.451,0.176,0.192,105.87,115.26,96.05,115.26,0.125,42,0.3,1.5
2216,Zach Randolph,Zach,1610612757,POR,23.0,46,19,27,0.413,1607.2483333333332,332,741,0.448,0,6,0.0,207,254,0.815,142,300,442,86,112,34,17,58,112,1,871,-94,1571.4,22,0,1501.0,1,2004-05,34.9,99.3,100.5,100.5,103.0,103.3,103.3,-3.8,-2.8,-2.8,0.107,0.77,8.1,0.089,0.187,0.138,10.6,10.7,0.448,0.511,0.273,0.275,91.55,90.85,75.71,90.85,0.138,3038,7.2,16.1
2560,Zarko Cabarkapa,Zarko,1610612744,GSW,24.0,40,20,20,0.5,475.5133333333333,86,177,0.486,13,36,0.361,53,65,0.815,35,67,102,25,30,10,5,10,59,0,238,40,412.9,1,0,408.0,2,2004-05,11.9,106.4,105.0,105.0,101.9,101.0,101.0,4.4,4.0,4.0,0.093,0.83,9.5,0.07,0.143,0.105,11.5,11.5,0.523,0.579,0.214,0.219,95.26,96.3,80.25,96.3,0.111,955,2.2,4.4
2585,Zaza Pachulia,Zaza,1610612749,MIL,21.0,74,27,47,0.365,1395.9633333333334,160,354,0.452,0,1,0.0,138,185,0.746,131,247,378,60,70,44,34,43,166,0,458,-7,1165.6,1,0,1052.0,1,2004-05,18.9,103.3,104.0,104.0,103.8,104.2,104.2,-0.5,-0.2,-0.2,0.071,0.86,10.6,0.101,0.189,0.145,12.3,12.4,0.452,0.526,0.166,0.169,92.0,91.5,76.25,91.5,0.096,2660,2.2,4.8
1442,Zeljko Rebraca,Zeljko,1610612746,LAC,33.0,58,27,31,0.466,928.3333333333334,133,234,0.568,0,0,0.0,73,85,0.859,49,135,184,26,49,13,40,22,130,1,339,16,708.8,2,0,655.0,1,2004-05,16.0,100.5,100.3,100.3,100.3,99.9,99.9,0.2,0.3,0.3,0.049,0.53,7.5,0.058,0.143,0.103,14.1,14.1,0.568,0.625,0.16,0.163,90.14,90.38,75.32,90.38,0.102,1753,2.3,4.0
1985,Zendon Hamilton,Zendon,1610612749,MIL,30.0,16,7,9,0.438,160.91666666666666,11,32,0.344,0,0,0.0,29,48,0.604,18,24,42,6,12,5,2,8,26,0,51,-34,119.4,0,0,113.0,1,2004-05,10.1,102.8,100.6,100.6,110.9,111.5,111.5,-8.1,-10.9,-10.9,0.063,0.5,8.2,0.119,0.168,0.143,16.4,16.9,0.344,0.48,0.189,0.19,92.65,93.37,77.8,93.37,0.035,313,0.7,2.0
2565,Zoran Planinic,Zoran,1610612751,NJN,22.0,43,20,23,0.465,510.5783333333333,78,174,0.448,15,40,0.375,46,66,0.697,19,50,69,44,41,25,0,19,76,0,217,-45,399.8,0,0,395.0,1,2004-05,11.9,93.0,91.8,91.8,97.8,96.0,96.0,-4.8,-4.2,-4.2,0.185,1.07,15.3,0.038,0.102,0.07,14.3,14.2,0.491,0.534,0.219,0.227,89.46,90.86,75.72,90.86,0.088,964,1.8,4.0
980,Zydrunas Ilgauskas,Zydrunas,1610612739,CLE,30.0,78,40,38,0.513,2615.3783333333336,458,979,0.468,2,7,0.286,402,503,0.799,299,373,672,100,191,53,165,75,313,0,1320,126,2739.4,24,0,2530.0,1,2004-05,33.5,104.4,106.2,106.2,102.0,103.4,103.4,2.4,2.7,2.7,0.065,0.52,6.7,0.118,0.149,0.134,12.7,12.8,0.469,0.55,0.242,0.243,92.07,90.66,75.55,90.66,0.113,4936,5.9,12.6
