PLAYER_ID,NICKNAME,TEAM_ID,TEAM_ABBREVIATION,AGE,GP,W,L,W_PCT,MIN_trad,FGM,FGA,FG_PCT,FG3M,FG3A,FG3_PCT,FTM,FTA,FT_PCT,OREB,DREB,REB,AST,TOV,STL,BLK,BLKA,PF,PFD,PTS,PLUS_MINUS,NBA_FANTASY_PTS,DD2,TD3,WNBA_FANTASY_PTS,TEAM_COUNT,SEASON,MIN_adv,E_OFF_RATING,OFF_RATING,sp_work_OFF_RATING,E_DEF_RATING,DEF_RATING,sp_work_DEF_RATING,E_NET_RATING,NET_RATING,sp_work_NET_RATING,AST_PCT,AST_TO,AST_RATIO,OREB_PCT,DREB_PCT,REB_PCT,TM_TOV_PCT,E_TOV_PCT,EFG_PCT,TS_PCT,USG_PCT,E_USG_PCT,E_PACE,PACE,PACE_PER40,sp_work_PACE,PIE,POSS,FGM_PG,FGA_PG,PLAYER_NAME
243,Aaron,1610612747,LAL,33.0,14,9,5,0.643,121.48833333333332,3,12,0.25,0,2,0.0,1,2,0.5,3,17,20,11,2,5,0,0,7,2,7,-20,60.5,0,0,48.0,1,2005-06,8.7,94.8,92.3,92.3,101.4,102.6,102.6,-6.6,-10.3,-10.3,0.147,5.5,42.3,0.026,0.143,0.085,7.7,7.7,0.25,0.272,0.058,0.06,91.01,91.66,76.39,91.66,0.068,234,0.2,0.9,Aaron McKie
101223,Aaron,1610612744,GSW,23.0,19,13,6,0.684,118.12333333333332,6,18,0.333,0,0,0.0,4,4,1.0,0,14,14,24,11,4,1,3,13,7,16,-4,72.8,0,0,64.0,1,2005-06,6.2,96.0,95.1,95.1,100.0,96.3,96.3,-3.9,-1.2,-1.2,0.308,2.18,43.6,0.0,0.136,0.065,20.0,20.1,0.333,0.405,0.11,0.113,96.64,98.95,82.46,98.95,0.064,243,0.3,0.9,Aaron Miles
1425,Aaron,1610612740,NOK,34.0,48,21,27,0.438,790.77,91,176,0.517,0,0,0.0,40,58,0.69,64,117,181,17,30,17,21,17,138,48,222,-38,548.7,1,0,496.0,2,2005-06,16.5,101.9,101.4,101.4,105.0,104.0,104.0,-3.1,-2.6,-2.6,0.036,0.57,6.8,0.085,0.16,0.122,12.0,12.1,0.517,0.551,0.135,0.138,90.86,91.51,76.25,91.51,0.063,1508,1.9,3.7,Aaron Williams
1502,Adonal,1610612744,GSW,31.0,77,32,45,0.416,1823.611666666667,152,300,0.507,0,0,0.0,41,67,0.612,143,281,424,33,80,44,125,25,215,81,345,-27,1330.3,2,0,1140.0,1,2005-06,23.7,99.4,100.3,100.3,99.7,100.1,100.1,-0.3,0.2,0.2,0.028,0.41,7.5,0.076,0.148,0.112,18.2,18.1,0.507,0.524,0.1,0.102,95.16,94.53,78.78,94.53,0.064,3575,2.0,3.9,Adonal Foyle
1559,Adrian,1610612742,DAL,31.0,52,40,12,0.769,1245.3766666666668,98,204,0.48,0,2,0.0,41,53,0.774,75,152,227,89,39,51,9,18,113,44,237,183,783.9,2,0,673.0,1,2005-06,23.9,109.2,108.5,108.5,100.1,99.9,99.9,9.0,8.6,8.6,0.107,2.28,24.9,0.067,0.133,0.1,10.9,11.0,0.48,0.521,0.099,0.101,89.68,90.09,75.08,90.09,0.081,2329,1.9,3.9,Adrian Griffin
1733,Al,1610612737,ATL,26.0,76,24,52,0.316,2781.593333333333,551,1220,0.452,66,191,0.346,243,350,0.694,132,391,523,238,195,85,14,71,301,292,1411,-333,2497.6,15,0,2436.0,1,2005-06,36.6,103.9,104.6,104.6,109.6,111.1,111.1,-5.7,-6.5,-6.5,0.155,1.22,13.1,0.05,0.157,0.102,10.8,10.8,0.479,0.513,0.257,0.26,91.93,91.01,75.84,91.01,0.105,5278,7.3,16.1,Al Harrington
2744,Al,1610612738,BOS,21.0,59,23,36,0.39,1062.4166666666667,189,379,0.499,0,4,0.0,86,134,0.642,97,202,299,30,62,30,46,43,166,117,464,-109,1033.8,5,0,945.0,1,2005-06,18.0,98.7,98.9,98.9,102.9,103.4,103.4,-4.1,-4.5,-4.5,0.055,0.48,5.7,0.099,0.198,0.149,11.7,11.7,0.499,0.53,0.215,0.22,92.24,91.96,76.64,91.96,0.113,2027,3.2,6.4,Al Jefferson
101187,Alan,1610612766,CHA,23.0,36,7,29,0.194,563.6,75,181,0.414,24,58,0.414,33,41,0.805,23,47,70,32,32,11,4,18,48,39,207,7,352.0,0,0,363.0,1,2005-06,15.7,101.4,101.8,101.8,101.7,100.5,100.5,-0.3,1.2,1.2,0.093,1.0,12.2,0.039,0.089,0.063,12.2,12.2,0.481,0.52,0.178,0.182,96.29,96.71,80.59,96.71,0.066,1132,2.1,5.0,Alan Anderson
673,Alan,1610612739,CLE,33.0,51,31,20,0.608,530.7216666666667,47,91,0.516,0,0,0.0,33,49,0.673,60,77,137,10,22,9,12,14,58,37,127,-47,347.4,1,0,316.0,1,2005-06,10.4,101.8,99.2,99.2,105.2,102.8,102.8,-3.4,-3.6,-3.6,0.032,0.45,6.9,0.113,0.148,0.13,15.2,15.2,0.516,0.564,0.114,0.118,91.33,93.61,78.01,93.61,0.078,1030,0.9,1.8,Alan Henderson
101165,Alex,1610612765,DET,23.0,5,3,2,0.6,35.10666666666667,4,16,0.25,1,5,0.2,0,0,0.0,1,4,5,4,4,1,0,2,4,1,9,-33,20.0,0,0,21.0,1,2005-06,7.0,81.0,81.8,81.8,125.4,126.3,126.3,-44.4,-44.5,-44.5,0.19,1.0,16.7,0.025,0.121,0.068,16.7,16.7,0.281,0.281,0.215,0.228,105.53,104.6,87.16,104.6,-0.012,77,0.8,3.2,Alex Acker
2637,Alex,1610612759,SAS,27.0,1,1,0,1.0,0.1533333333333333,0,0,0.0,0,0,0.0,0,0,0.0,0,0,0,0,0,0,0,0,0,0,0,0,0.0,0,0,0.0,1,2005-06,0.2,0.0,0.0,0.0,0.0,0.0,0.0,0.0,0.0,0.0,0.0,0.0,0.0,0.0,0.0,0.0,0.0,0.0,0.0,0.0,0.0,0.0,156.52,313.04,260.87,313.04,0.0,1,0.0,0.0,Alex Scales
947,Allen,1610612755,PHI,31.0,72,35,37,0.486,3103.188333333333,815,1822,0.447,72,223,0.323,675,829,0.814,44,188,232,532,248,140,10,103,121,671,2377,-6,3655.4,18,0,3513.0,1,2005-06,43.1,105.9,106.7,106.7,105.1,106.5,106.5,0.8,0.1,0.1,0.331,2.15,17.9,0.015,0.062,0.039,8.3,8.4,0.467,0.543,0.35,0.354,96.36,95.38,79.48,95.38,0.163,6159,11.3,25.3,Allen Iverson
297,Alonzo,1610612748,MIA,36.0,65,43,22,0.662,1302.003333333333,188,315,0.597,0,1,0.0,133,224,0.594,125,234,359,11,79,13,173,27,177,194,509,236,1435.3,9,0,1251.0,1,2005-06,20.0,107.8,106.5,106.5,97.4,97.0,97.0,10.4,9.5,9.5,0.014,0.14,2.2,0.101,0.17,0.137,15.6,15.7,0.597,0.615,0.171,0.175,93.3,94.03,78.36,94.03,0.114,2547,2.9,4.8,Alonzo Mourning
1541,Alvin,1610612761,TOR,31.0,1,0,1,0.0,9.75,0,3,0.0,0,2,0.0,1,2,0.5,0,3,3,0,0,0,0,0,0,1,1,-5,4.6,0,0,4.0,1,2005-06,9.8,82.0,81.8,81.8,106.3,109.5,109.5,-24.3,-27.7,-27.7,0.0,0.0,0.0,0.0,0.273,0.0,0.0,0.0,0.0,0.129,0.174,0.169,107.32,105.85,88.21,105.85,0.0,22,0.0,3.0,Alvin Williams
2405,Amar'e,1610612756,PHX,23.0,3,2,1,0.667,50.45,9,27,0.333,0,1,0.0,8,9,0.889,6,10,16,2,1,1,3,4,4,9,26,-4,59.2,0,0,52.0,1,2005-06,16.8,99.5,100.0,100.0,101.8,100.9,100.9,-2.3,-0.9,-0.9,0.063,2.0,5.9,0.107,0.192,0.148,2.9,2.9,0.333,0.42,0.274,0.277,99.22,99.43,82.85,99.43,0.114,103,3.0,9.0,Amar'e Stoudemire
101161,Amir,1610612765,DET,19.0,3,1,2,0.333,38.766666666666666,7,10,0.7,2,3,0.667,4,4,1.0,3,1,4,3,4,0,2,0,7,2,20,-22,31.3,0,0,33.0,1,2005-06,12.9,97.7,98.8,98.8,121.8,124.1,124.1,-24.1,-25.3,-25.3,0.125,0.75,15.8,0.077,0.024,0.05,21.1,21.3,0.8,0.85,0.168,0.17,103.66,102.15,85.12,102.15,0.084,82,2.3,3.3,Amir Johnson
2760,Anderson,1610612739,CLE,23.0,48,29,19,0.604,760.0116666666667,79,150,0.527,0,1,0.0,61,119,0.513,77,158,235,19,27,31,19,11,118,122,219,85,652.5,2,0,573.0,1,2005-06,15.8,105.9,102.8,102.8,98.0,96.7,96.7,7.9,6.1,6.1,0.04,0.7,7.7,0.101,0.214,0.156,10.9,10.9,0.527,0.541,0.133,0.139,93.58,95.56,79.63,95.56,0.091,1509,1.6,3.1,Anderson Varejao
101154,Andray,1610612764,WAS,19.0,29,16,13,0.552,175.48166666666663,26,67,0.388,3,13,0.231,10,12,0.833,12,26,38,10,12,5,7,5,36,10,65,-10,149.6,0,0,140.0,1,2005-06,6.1,102.5,100.3,100.3,105.5,103.5,103.5,-2.9,-3.2,-3.2,0.103,0.83,10.8,0.069,0.151,0.11,12.9,12.7,0.41,0.45,0.207,0.222,92.31,94.23,78.53,94.23,0.05,345,0.9,2.3,Andray Blatche
2857,Andre,1610612761,TOR,24.0,19,4,15,0.211,282.22333333333336,38,104,0.365,2,14,0.143,9,12,0.75,9,16,25,52,15,10,0,11,13,13,87,-24,210.0,0,0,186.0,2,2005-06,14.9,106.2,106.9,106.9,111.1,111.1,111.1,-4.9,-4.2,-4.2,0.28,3.47,29.5,0.028,0.06,0.043,8.5,8.5,0.375,0.398,0.185,0.188,97.06,96.77,80.65,96.77,0.074,569,2.0,5.5,Andre Barrett
2738,Andre,1610612755,PHI,22.0,82,38,44,0.463,3085.7616666666668,344,688,0.5,56,158,0.354,263,349,0.754,117,364,481,255,153,135,21,36,198,258,1007,-5,2281.7,7,0,2111.0,1,2005-06,37.6,105.1,105.5,105.5,103.9,104.9,104.9,1.2,0.5,0.5,0.126,1.67,20.3,0.04,0.12,0.081,12.2,12.2,0.541,0.598,0.145,0.147,95.57,94.97,79.14,94.97,0.1,6088,4.2,8.4,Andre Iguodala
1889,Andre,1610612743,DEN,30.0,82,44,38,0.537,2937.17,404,872,0.463,5,27,0.185,313,424,0.738,92,259,351,674,256,106,18,63,213,351,1126,130,2674.2,20,0,2404.0,1,2005-06,35.8,105.0,106.2,106.2,101.9,103.6,103.6,3.1,2.5,2.5,0.355,2.63,33.8,0.034,0.088,0.062,12.8,12.9,0.466,0.532,0.202,0.203,96.25,94.92,79.1,94.92,0.117,5800,4.9,10.6,Andre Miller
101261,Andre,1610612762,UTA,25.0,23,8,15,0.348,210.04166666666663,27,74,0.365,3,16,0.188,12,18,0.667,11,10,21,8,13,5,0,13,25,16,69,-32,108.2,0,0,111.0,1,2005-06,9.1,92.0,91.9,91.9,102.0,99.7,99.7,-10.0,-7.9,-7.9,0.079,0.62,7.8,0.048,0.056,0.051,12.6,12.6,0.385,0.421,0.198,0.203,89.13,90.15,75.13,90.15,0.013,394,1.2,3.2,Andre Owens
1905,Andrei,1610612762,UTA,25.0,69,38,31,0.551,2604.1566666666668,336,730,0.46,36,117,0.308,346,495,0.699,161,391,552,299,203,102,220,57,162,374,1054,39,2927.9,22,2,2585.0,1,2005-06,37.7,103.6,104.8,104.8,103.0,103.8,103.8,0.6,1.0,1.0,0.202,1.47,20.5,0.066,0.161,0.114,13.9,14.0,0.485,0.556,0.205,0.206,89.89,89.05,74.21,89.05,0.152,4826,4.9,10.6,Andrei Kirilenko
2804,Andres,1610612741,CHI,26.0,82,41,41,0.5,2239.08,383,831,0.461,93,238,0.391,204,242,0.843,89,411,500,117,120,40,52,68,252,272,1063,-87,1994.5,13,0,1957.0,1,2005-06,27.3,101.3,101.8,101.8,102.6,103.4,103.4,-1.3,-1.6,-1.6,0.091,0.98,10.0,0.039,0.186,0.112,10.2,10.2,0.517,0.567,0.208,0.212,96.32,95.74,79.78,95.74,0.123,4459,4.7,10.1,Andres Nocioni
101106,Andrew,1610612749,MIL,21.0,82,40,42,0.488,2348.13,323,606,0.533,0,3,0.0,122,194,0.629,189,384,573,192,125,49,68,55,259,229,768,77,1969.6,12,0,1767.0,1,2005-06,28.6,103.3,104.1,104.1,102.5,102.2,102.2,0.8,1.9,1.9,0.133,1.54,19.0,0.084,0.176,0.129,12.4,12.4,0.533,0.555,0.157,0.159,93.09,92.86,77.38,92.86,0.104,4537,3.9,7.4,Andrew Bogut
101115,Andrew,1610612747,LAL,18.0,46,29,17,0.63,338.32166666666666,33,82,0.402,0,0,0.0,8,27,0.296,34,46,80,9,17,4,22,16,56,23,74,-47,244.5,0,0,215.0,1,2005-06,7.4,98.1,95.6,95.6,102.2,100.7,100.7,-4.1,-5.1,-5.1,0.044,0.53,7.6,0.096,0.138,0.116,14.3,14.2,0.402,0.394,0.146,0.152,92.67,94.56,78.8,94.56,0.02,660,0.7,1.8,Andrew Bynum
2740,Andris,1610612744,GSW,20.0,68,30,38,0.441,1000.325,118,185,0.638,0,0,0.0,22,72,0.306,124,159,283,24,34,23,47,16,190,75,258,32,809.6,2,0,705.0,1,2005-06,14.7,104.8,105.1,105.1,103.5,102.7,102.7,1.3,2.4,2.4,0.038,0.71,8.8,0.121,0.166,0.143,12.4,12.4,0.638,0.595,0.11,0.112,95.11,95.39,79.49,95.39,0.068,1980,1.7,2.7,Andris Biedrins
358,Anfernee,1610612752,NYK,34.0,4,1,3,0.25,71.73666666666666,4,14,0.286,0,1,0.0,2,2,1.0,0,10,10,8,6,2,0,0,7,3,10,7,34.0,0,0,32.0,1,2005-06,17.9,100.4,97.9,97.9,95.1,94.3,94.3,5.2,3.6,3.6,0.174,1.33,27.6,0.0,0.152,0.082,20.7,20.8,0.286,0.336,0.135,0.139,93.44,95.01,79.18,95.01,0.038,143,1.0,3.5,Anfernee Hardaway
1712,Antawn,1610612764,WAS,30.0,82,42,40,0.512,3288.3116666666665,660,1494,0.442,147,373,0.394,217,297,0.731,167,598,765,158,137,90,12,60,189,270,1684,245,3008.0,35,0,2958.0,1,2005-06,40.1,107.9,109.2,109.2,105.3,105.9,105.9,2.5,3.3,3.3,0.083,1.15,8.2,0.05,0.193,0.119,7.1,7.1,0.491,0.518,0.233,0.236,95.43,94.59,78.82,94.59,0.129,6494,8.0,18.2,Antawn Jamison
1853,Anthony,1610612750,MIN,31.0,45,19,26,0.422,589.0016666666667,53,137,0.387,4,15,0.267,40,55,0.727,9,53,62,101,40,24,9,6,71,44,150,-41,434.9,0,0,383.0,1,2005-06,13.1,98.5,99.1,99.1,101.7,101.9,101.9,-3.2,-2.8,-2.8,0.277,2.53,33.3,0.016,0.091,0.054,13.2,13.2,0.401,0.465,0.157,0.16,91.73,91.35,76.13,91.35,0.077,1116,1.2,3.0,Anthony Carter
924,Anthony,1610612746,LAC,34.0,3,3,0,1.0,21.906666666666663,1,7,0.143,0,2,0.0,0,0,0.0,0,1,1,2,1,0,0,0,0,0,2,-2,5.2,0,0,5.0,1,2005-06,7.3,91.1,86.0,86.0,91.8,90.7,90.7,-0.7,-4.7,-4.7,0.182,2.0,20.0,0.0,0.05,0.026,10.0,10.0,0.143,0.143,0.17,0.179,91.02,94.22,78.51,94.22,-0.049,43,0.3,2.3,Anthony Goldwire
101219,Anthony,1610612737,ATL,27.0,12,5,7,0.417,108.00666666666666,19,38,0.5,5,15,0.333,9,14,0.643,1,16,17,9,9,7,0,1,14,12,52,29,97.9,0,0,97.0,1,2005-06,9.0,111.0,108.0,108.0,100.3,96.4,96.4,10.7,11.7,11.7,0.13,1.0,14.5,0.009,0.137,0.076,14.5,14.5,0.566,0.589,0.209,0.22,95.66,98.88,82.4,98.88,0.113,224,1.6,3.2,Anthony Grundy
1533,Anthony,1610612754,IND,31.0,75,35,40,0.467,1980.645,267,603,0.443,51,155,0.329,106,141,0.752,31,137,168,324,115,63,22,29,132,132,691,134,1518.6,2,0,1404.0,1,2005-06,26.4,104.1,103.4,103.4,100.1,100.4,100.4,4.0,3.1,3.1,0.279,2.82,29.3,0.017,0.068,0.044,10.4,10.4,0.485,0.52,0.181,0.185,91.11,91.24,76.04,91.24,0.104,3774,3.6,8.0,Anthony Johnson
101194,Anthony,1610612763,MEM,23.0,16,11,5,0.688,88.31166666666667,14,31,0.452,5,10,0.5,2,2,1.0,0,6,6,5,3,1,0,2,6,4,35,-1,49.7,0,0,53.0,1,2005-06,5.5,92.9,87.0,87.0,87.9,85.5,85.5,4.9,1.4,1.4,0.122,1.67,12.5,0.0,0.06,0.034,7.5,7.5,0.532,0.549,0.189,0.206,88.75,92.94,77.45,92.94,0.095,169,0.9,1.9,Anthony Roberson
952,Antoine,1610612748,MIA,29.0,82,52,30,0.634,2198.741666666667,391,898,0.435,137,383,0.358,81,129,0.628,103,318,421,166,150,47,30,38,187,111,1000,136,1835.2,4,0,1878.0,1,2005-06,26.8,105.2,105.0,105.0,102.0,102.4,102.4,3.3,2.6,2.6,0.129,1.11,13.1,0.049,0.145,0.098,11.8,11.8,0.512,0.524,0.225,0.23,93.85,93.77,78.14,93.77,0.105,4307,4.8,11.0,Antoine Walker
101120,Antoine,1610612751,NJN,22.0,39,24,15,0.615,370.1666666666667,29,81,0.358,1,15,0.067,11,22,0.5,8,22,30,12,21,4,3,7,42,19,70,-76,124.0,0,0,127.0,1,2005-06,9.5,92.9,89.2,89.2,99.2,98.1,98.1,-6.4,-8.8,-8.8,0.057,0.57,9.6,0.024,0.062,0.043,16.8,17.0,0.364,0.386,0.142,0.148,91.19,93.56,77.96,93.56,-0.013,715,0.7,2.1,Antoine Wright
2766,Antonio,1610612763,MEM,26.0,57,34,23,0.596,570.1916666666667,51,144,0.354,1,6,0.167,10,23,0.435,4,33,37,76,36,20,0,7,45,31,113,-29,295.4,0,0,267.0,1,2005-06,10.0,95.2,92.3,92.3,96.3,95.3,95.3,-1.1,-3.0,-3.0,0.24,2.11,28.7,0.008,0.06,0.035,13.6,13.5,0.358,0.367,0.155,0.165,88.73,90.58,75.48,90.58,0.04,1078,0.9,2.5,Antonio Burks
1498,Antonio,1610612764,WAS,31.0,80,42,38,0.525,2283.1833333333334,230,550,0.418,23,101,0.228,284,336,0.845,19,153,172,284,89,52,8,25,96,272,767,122,1490.4,0,0,1366.0,1,2005-06,28.5,107.7,108.3,108.3,105.8,105.6,105.6,1.9,2.7,2.7,0.196,3.19,26.6,0.009,0.072,0.04,8.3,8.3,0.439,0.55,0.153,0.156,93.98,93.8,78.16,93.8,0.1,4462,2.9,6.9,Antonio Daniels
213,Antonio,1610612761,TOR,37.0,44,16,28,0.364,940.1233333333332,82,190,0.432,0,1,0.0,52,81,0.642,90,118,208,21,51,23,10,18,125,96,216,-193,545.1,0,0,511.0,2,2005-06,21.4,99.1,100.1,100.1,110.7,110.2,110.2,-11.6,-10.1,-10.1,0.035,0.41,7.0,0.099,0.143,0.12,17.1,17.1,0.432,0.479,0.133,0.135,91.73,91.49,76.25,91.49,0.041,1786,1.9,4.3,Antonio Davis
686,Antonio,1610612765,DET,31.0,82,64,18,0.78,1733.1466666666668,285,560,0.509,0,2,0.0,68,122,0.557,156,280,436,90,76,46,48,15,220,130,638,137,1502.2,5,0,1352.0,1,2005-06,21.1,106.1,106.4,106.4,102.3,102.0,102.0,3.8,4.4,4.4,0.089,1.18,11.5,0.091,0.177,0.132,9.7,9.7,0.509,0.52,0.183,0.187,89.4,89.43,74.52,89.43,0.1,3227,3.5,6.8,Antonio McDyess
101178,Arvydas,1610612740,NOK,26.0,19,5,14,0.263,134.51666666666668,14,41,0.341,3,12,0.25,13,15,0.867,3,7,10,5,8,7,0,4,10,12,44,-7,76.5,0,0,76.0,1,2005-06,7.1,92.7,94.9,94.9,103.5,97.6,97.6,-10.8,-2.8,-2.8,0.071,0.63,8.2,0.023,0.06,0.04,13.1,13.2,0.378,0.462,0.193,0.197,88.77,90.28,75.23,90.28,0.051,253,0.7,2.2,Arvydas Macijauskas
1506,Austin,1610612754,IND,31.0,50,27,23,0.54,1148.013333333333,132,285,0.463,54,140,0.386,90,102,0.882,62,203,265,62,48,22,7,18,105,81,408,110,858.0,4,0,847.0,1,2005-06,23.0,104.0,103.6,103.6,100.2,99.5,99.5,3.8,4.1,4.1,0.089,1.29,14.3,0.059,0.178,0.121,11.0,10.9,0.558,0.618,0.151,0.156,91.4,91.94,76.62,91.94,0.116,2209,2.6,5.7,Austin Croshere
2852,Awvee,1610612764,WAS,29.0,25,16,9,0.64,116.31666666666666,16,41,0.39,3,7,0.429,8,14,0.571,8,14,22,4,5,3,1,1,22,9,43,16,82.4,0,0,80.0,1,2005-06,4.7,105.5,101.2,101.2,96.9,93.5,93.5,8.5,7.8,7.8,0.059,0.8,7.0,0.065,0.135,0.096,8.8,8.9,0.427,0.456,0.191,0.2,96.69,100.48,83.74,100.48,0.03,242,0.6,1.6,Awvee Storey
1884,Baron,1610612744,GSW,27.0,54,23,31,0.426,1971.2483333333328,335,861,0.389,102,324,0.315,195,289,0.675,45,191,236,480,159,89,14,42,165,254,967,30,2120.2,22,1,1991.0,1,2005-06,36.5,104.5,105.5,105.5,103.6,104.9,104.9,0.9,0.7,0.7,0.412,3.02,29.5,0.022,0.098,0.059,9.8,9.8,0.448,0.489,0.258,0.261,96.31,95.25,79.37,95.25,0.127,3913,6.2,15.9,Baron Davis
2732,Ben,1610612741,CHI,23.0,80,40,40,0.5,2482.1066666666666,486,1152,0.422,166,382,0.435,212,270,0.785,43,176,219,240,180,75,5,72,238,231,1350,81,2032.8,0,0,2135.0,1,2005-06,31.0,102.4,104.0,104.0,100.9,102.6,102.6,1.6,1.4,1.4,0.17,1.33,14.2,0.017,0.069,0.043,10.7,10.6,0.494,0.531,0.258,0.262,95.93,94.39,78.66,94.39,0.096,4886,6.1,14.4,Ben Gordon
1112,Ben,1610612765,DET,31.0,82,64,18,0.78,2889.641666666667,237,465,0.51,0,4,0.0,123,296,0.416,301,622,923,158,88,146,181,23,164,290,597,599,2834.6,17,0,2332.0,1,2005-06,35.2,108.6,109.6,109.6,97.4,98.0,98.0,11.2,11.6,11.6,0.081,1.8,18.7,0.109,0.225,0.167,10.4,10.5,0.51,0.501,0.113,0.113,88.83,88.14,73.45,88.14,0.122,5299,2.9,5.7,Ben Wallace
2757,Beno,1610612759,SAS,23.0,55,42,13,0.764,586.3333333333334,106,233,0.455,24,70,0.343,39,50,0.78,18,34,52,92,53,14,2,18,55,46,275,41,470.4,0,0,475.0,1,2005-06,10.7,105.4,103.0,103.0,100.7,99.1,99.1,4.7,3.9,3.9,0.273,1.74,22.9,0.033,0.063,0.048,13.2,13.3,0.506,0.539,0.242,0.251,90.06,91.81,76.51,91.81,0.097,1120,1.9,4.2,Beno Udrih
2774,Bernard,1610612766,CHA,25.0,66,16,50,0.242,1303.0233333333333,157,365,0.43,2,21,0.095,106,134,0.791,62,157,219,77,74,81,10,25,141,104,422,-97,999.3,3,0,902.0,1,2005-06,19.7,100.2,98.7,98.7,103.1,102.2,102.2,-2.9,-3.5,-3.5,0.096,1.04,13.4,0.046,0.129,0.085,12.8,12.9,0.433,0.498,0.164,0.169,96.91,98.12,81.76,98.12,0.079,2661,2.4,5.5,Bernard Robinson
2873,Billy,1610612764,WAS,30.0,17,8,9,0.471,131.08333333333334,13,40,0.325,10,30,0.333,2,2,1.0,5,9,14,9,6,10,1,0,19,2,38,-7,95.3,0,0,93.0,1,2005-06,7.7,101.7,100.0,100.0,104.7,101.8,101.8,-3.0,-1.8,-1.8,0.108,1.5,16.1,0.034,0.07,0.051,10.7,10.7,0.45,0.465,0.15,0.156,97.02,99.23,82.7,99.23,0.042,270,0.8,2.4,Billy Thomas
448,Bo,1610612753,ORL,35.0,32,15,17,0.469,354.9833333333333,35,58,0.603,0,0,0.0,5,8,0.625,31,46,77,14,17,10,12,4,50,22,75,-11,237.4,0,0,210.0,1,2005-06,11.1,98.9,98.5,98.5,99.7,99.5,99.5,-0.8,-1.1,-1.1,0.065,0.82,15.1,0.095,0.13,0.113,18.3,18.4,0.603,0.61,0.103,0.106,89.38,89.65,74.71,89.65,0.085,661,1.1,1.8,Bo Outlaw
1517,Bobby,1610612763,MEM,33.0,71,43,28,0.606,1775.4416666666666,286,748,0.382,129,332,0.389,107,146,0.733,44,179,223,195,101,61,1,49,155,152,808,178,1453.1,0,0,1479.0,1,2005-06,25.0,103.2,103.5,103.5,98.6,98.2,98.2,4.5,5.4,5.4,0.205,1.93,17.6,0.027,0.109,0.068,9.1,9.1,0.469,0.497,0.244,0.25,88.54,88.6,73.83,88.6,0.102,3278,4.0,10.5,Bobby Jackson
2250,Bobby,1610612749,MIL,26.0,75,36,39,0.48,2537.483333333333,366,808,0.453,105,250,0.42,165,200,0.825,91,242,333,172,123,86,21,49,254,183,1002,49,1857.6,4,0,1826.0,1,2005-06,33.8,103.9,104.7,104.7,103.4,103.7,103.7,0.4,1.0,1.0,0.112,1.4,14.4,0.038,0.101,0.069,10.3,10.3,0.518,0.559,0.181,0.184,93.56,93.04,77.53,93.04,0.087,4918,4.9,10.8,Bobby Simmons
101238,Boniface,1610612746,LAC,28.0,23,14,9,0.609,151.53833333333333,22,53,0.415,0,1,0.0,6,9,0.667,15,22,37,7,6,2,5,3,23,10,50,-44,119.9,0,0,108.0,1,2005-06,6.6,97.3,94.6,94.6,111.7,109.1,109.1,-14.4,-14.4,-14.4,0.08,1.17,10.0,0.096,0.169,0.129,8.6,8.6,0.415,0.439,0.179,0.187,91.85,94.23,78.53,94.23,0.059,297,1.0,2.3,Boniface Ndong
1719,Bonzi,1610612758,SAC,29.0,52,28,24,0.538,1684.3383333333334,284,613,0.463,10,45,0.222,129,190,0.679,142,259,401,144,126,94,25,55,156,177,707,109,1635.2,9,0,1500.0,1,2005-06,32.4,107.0,108.1,108.1,103.8,104.3,104.3,3.1,3.8,3.8,0.139,1.14,14.9,0.089,0.161,0.125,13.0,13.0,0.471,0.507,0.219,0.221,94.64,93.93,78.27,93.93,0.107,3288,5.5,11.8,Bonzi Wells
2564,Boris,1610612756,PHX,24.0,81,53,28,0.654,2873.92,449,853,0.526,8,30,0.267,174,238,0.731,159,399,558,503,189,58,85,44,260,266,1080,490,2744.1,18,4,2435.0,1,2005-06,35.5,110.9,110.9,110.9,101.6,102.3,102.3,9.3,8.7,8.7,0.245,2.66,30.5,0.058,0.134,0.097,11.5,11.5,0.531,0.564,0.177,0.179,97.95,97.64,81.37,97.64,0.116,5838,5.5,10.5,Boris Diaw
2411,Bostjan,1610612751,NJN,25.0,36,20,16,0.556,501.77166666666665,54,156,0.346,19,71,0.268,30,44,0.682,8,52,60,27,24,16,5,6,65,43,157,-4,308.5,0,0,305.0,2,2005-06,13.9,100.2,100.1,100.1,101.3,100.0,100.0,-1.1,0.1,0.1,0.094,1.13,11.8,0.016,0.11,0.062,10.5,10.6,0.407,0.448,0.182,0.185,90.87,91.5,76.25,91.5,0.038,954,1.5,4.3,Bostjan Nachbar
101152,Bracey,1610612750,MIN,21.0,7,1,6,0.143,135.10333333333332,21,51,0.412,6,17,0.353,14,16,0.875,3,15,18,5,8,1,0,3,8,11,62,-10,86.1,0,0,93.0,1,2005-06,19.3,90.7,90.8,90.8,95.4,96.5,96.5,-4.7,-5.7,-5.7,0.072,0.63,6.9,0.022,0.109,0.065,11.1,11.3,0.471,0.534,0.223,0.228,92.06,91.49,76.24,91.49,0.103,260,3.0,7.3,Bracey Wright
1802,Brad,1610612758,SAC,30.0,79,42,37,0.532,2923.3566666666666,434,877,0.495,34,88,0.386,280,338,0.828,122,493,615,374,180,61,62,57,234,293,1182,227,2670.0,29,0,2451.0,1,2005-06,37.0,106.4,107.4,107.4,103.0,103.5,103.5,3.5,3.9,3.9,0.205,2.08,23.7,0.044,0.172,0.11,11.4,11.4,0.514,0.576,0.186,0.189,94.68,94.02,78.35,94.02,0.126,5727,5.5,11.1,Brad Miller
101138,Brandon,1610612740,NOK,21.0,29,14,15,0.483,268.4033333333333,28,70,0.4,0,0,0.0,12,19,0.632,18,50,68,3,11,3,7,9,18,19,68,-50,173.1,0,0,159.0,1,2005-06,9.3,96.1,96.0,96.0,105.7,103.9,103.9,-9.6,-7.9,-7.9,0.02,0.27,3.2,0.073,0.189,0.133,11.8,11.9,0.4,0.434,0.155,0.159,90.03,90.85,75.71,90.85,0.08,503,1.0,2.4,Brandon Bass
2217,Brendan,1610612764,WAS,26.0,79,41,38,0.519,1878.611666666667,222,432,0.514,0,0,0.0,131,224,0.585,200,267,467,46,97,30,104,29,232,215,575,96,1509.4,7,0,1356.0,1,2005-06,23.8,105.0,106.1,106.1,103.0,103.3,103.3,2.0,2.7,2.7,0.038,0.47,6.8,0.104,0.147,0.125,14.3,14.4,0.514,0.542,0.148,0.149,93.98,93.32,77.77,93.32,0.074,3651,2.8,5.5,Brendan Haywood
699,Brent,1610612759,SAS,34.0,74,56,18,0.757,1258.5866666666666,156,345,0.452,80,202,0.396,39,59,0.661,29,130,159,123,52,39,27,12,99,55,431,197,952.3,0,0,925.0,1,2005-06,17.0,105.0,102.4,102.4,94.5,94.5,94.5,10.5,7.9,7.9,0.157,2.37,22.7,0.024,0.102,0.064,9.6,9.5,0.568,0.581,0.152,0.159,91.68,92.77,77.31,92.77,0.107,2435,2.1,4.7,Brent Barry
1510,Brevin,1610612766,CHA,30.0,69,19,50,0.275,2351.065,308,772,0.399,3,13,0.231,252,314,0.803,35,188,223,610,164,157,4,52,202,250,871,-229,2372.6,19,0,2029.0,1,2005-06,34.1,99.5,101.0,101.0,104.7,105.9,105.9,-5.3,-4.9,-4.9,0.412,3.72,36.3,0.014,0.087,0.048,9.8,9.7,0.401,0.478,0.2,0.202,96.17,94.88,79.07,94.88,0.126,4647,4.5,11.2,Brevin Knight
2073,Brian,1610612763,MEM,29.0,36,18,18,0.5,401.57,46,111,0.414,13,29,0.448,19,27,0.704,11,44,55,33,27,23,0,11,65,37,124,49,281.5,1,0,271.0,1,2005-06,11.2,101.1,100.7,100.7,94.6,94.0,94.0,6.6,6.7,6.7,0.136,1.22,17.9,0.031,0.121,0.076,14.7,14.8,0.473,0.505,0.179,0.183,89.1,89.59,74.66,89.59,0.058,749,1.3,3.1,Brian Cardinal
2567,Brian,1610612747,LAL,25.0,81,45,36,0.556,1535.18,261,511,0.511,36,84,0.429,84,101,0.832,88,186,274,74,61,37,32,15,205,91,642,125,1227.8,1,0,1164.0,1,2005-06,19.0,107.1,107.5,107.5,103.6,103.5,103.5,3.5,4.0,4.0,0.079,1.21,10.7,0.058,0.13,0.093,8.8,8.8,0.546,0.578,0.181,0.183,93.36,93.25,77.71,93.25,0.093,2985,3.2,6.3,Brian Cook
258,Brian,1610612756,PHX,34.0,21,10,11,0.476,248.22666666666663,27,65,0.415,0,0,0.0,7,8,0.875,11,46,57,7,7,5,3,3,45,12,61,-14,156.9,0,0,141.0,1,2005-06,11.8,106.8,106.5,106.5,108.9,108.8,108.8,-2.0,-2.4,-2.4,0.039,1.0,8.5,0.044,0.179,0.112,8.5,8.5,0.415,0.445,0.134,0.137,95.91,96.11,80.09,96.11,0.038,496,1.3,3.1,Brian Grant
2243,Brian,1610612738,BOS,28.0,71,29,42,0.408,937.83,74,193,0.383,31,87,0.356,26,36,0.722,27,87,114,51,50,21,19,6,127,41,205,-26,488.3,0,0,481.0,1,2005-06,13.2,96.4,95.5,95.5,98.5,97.0,97.0,-2.1,-1.5,-1.5,0.09,1.02,16.4,0.032,0.096,0.065,16.1,16.1,0.464,0.491,0.126,0.129,93.03,94.15,78.46,94.15,0.033,1840,1.0,2.7,Brian Scalabrine
1730,Brian,1610612757,POR,30.0,65,21,44,0.323,943.7233333333334,82,160,0.513,0,0,0.0,27,56,0.482,76,152,228,30,45,25,43,11,119,63,191,-217,668.6,0,0,585.0,2,2005-06,14.5,93.8,92.6,92.6,104.4,104.8,104.8,-10.5,-12.2,-12.2,0.056,0.67,11.5,0.084,0.161,0.123,17.2,17.3,0.513,0.517,0.112,0.115,92.34,92.75,77.29,92.75,0.069,1826,1.3,2.5,Brian Skinner
1477,Bruce,1610612759,SAS,35.0,82,63,19,0.768,2755.2,232,536,0.433,104,245,0.424,51,84,0.607,35,285,320,126,67,79,30,22,191,124,619,360,1452.0,0,0,1387.0,1,2005-06,33.6,106.3,106.4,106.4,97.7,99.0,99.0,8.7,7.4,7.4,0.067,1.88,16.4,0.014,0.105,0.062,8.7,8.7,0.53,0.54,0.11,0.112,90.13,89.46,74.55,89.46,0.065,5126,2.8,6.5,Bruce Bowen
935,Bryon,1610612743,DEN,35.0,1,0,1,0.0,2.566666666666667,0,0,0.0,0,0,0.0,0,0,0.0,0,1,1,1,0,0,0,0,0,0,0,4,2.7,0,0,2.0,1,2005-06,2.6,100.0,100.0,100.0,40.0,33.3,33.3,60.0,66.7,66.7,0.333,0.0,100.0,0.0,0.0,0.0,0.0,0.0,0.0,0.0,0.0,0.0,102.86,112.21,93.51,112.21,0.2,6,0.0,0.0,Bryon Russell
101139,CJ,1610612762,UTA,19.0,23,7,16,0.304,202.8383333333333,28,76,0.368,5,20,0.25,18,24,0.75,18,20,38,16,9,7,2,6,20,18,79,-1,166.6,0,0,156.0,1,2005-06,8.8,100.5,100.8,100.8,105.0,102.1,102.1,-4.5,-1.3,-1.3,0.142,1.78,14.2,0.086,0.11,0.097,8.0,8.1,0.401,0.456,0.213,0.214,90.7,91.82,76.51,91.82,0.085,390,1.2,3.3,CJ Miles
384,Calbert,1610612744,GSW,34.0,42,19,23,0.452,448.35333333333335,42,108,0.389,0,8,0.0,8,8,1.0,20,41,61,19,17,13,2,2,38,12,92,-92,221.7,0,0,202.0,1,2005-06,10.7,92.9,93.1,93.1,105.4,102.2,102.2,-12.5,-9.1,-9.1,0.074,1.12,12.8,0.041,0.097,0.067,11.5,11.5,0.389,0.412,0.126,0.128,93.89,95.23,79.36,95.23,0.044,884,1.0,2.6,Calbert Cheaney
1916,Calvin,1610612764,WAS,30.0,33,14,19,0.424,249.7733333333333,20,47,0.426,1,2,0.5,5,9,0.556,19,33,52,12,8,9,9,1,44,9,46,-3,172.4,0,0,147.0,1,2005-06,7.6,106.2,105.3,105.3,109.9,107.8,107.8,-3.6,-2.6,-2.6,0.075,1.5,16.9,0.078,0.143,0.109,11.3,11.3,0.436,0.451,0.103,0.106,92.77,94.07,78.39,94.07,0.041,494,0.6,1.4,Calvin Booth
2306,Carlos,1610612753,ORL,26.0,77,54,23,0.701,1194.185,168,378,0.444,7,20,0.35,106,137,0.774,33,97,130,232,83,38,4,21,119,116,449,31,996.0,0,0,902.0,2,2005-06,15.5,103.9,103.3,103.3,101.7,101.2,101.2,2.2,2.1,2.1,0.32,2.8,30.7,0.029,0.082,0.056,11.0,11.0,0.454,0.512,0.199,0.205,90.37,90.86,75.72,90.86,0.113,2252,2.2,4.9,Carlos Arroyo
2430,Carlos,1610612762,UTA,24.0,33,17,16,0.515,1025.236666666667,219,399,0.549,0,0,0.0,99,137,0.723,73,212,285,88,69,30,8,26,105,102,537,-64,1056.0,11,0,986.0,1,2005-06,31.1,107.7,108.2,108.2,110.9,110.9,110.9,-3.3,-2.7,-2.7,0.154,1.28,14.2,0.076,0.227,0.151,11.2,11.2,0.549,0.585,0.231,0.234,92.83,92.58,77.15,92.58,0.151,1973,6.6,12.1,Carlos Boozer
2568,Carlos,1610612765,DET,23.0,68,51,17,0.75,725.6683333333333,91,226,0.403,20,60,0.333,45,67,0.672,28,85,113,44,36,21,15,19,86,52,247,-96,520.6,0,0,496.0,1,2005-06,10.7,102.0,100.7,100.7,106.9,106.6,106.6,-4.9,-5.8,-5.8,0.105,1.22,13.0,0.038,0.125,0.079,10.7,10.7,0.447,0.483,0.183,0.188,91.61,92.34,76.95,92.34,0.062,1389,1.3,3.3,Carlos Delfino
2546,Carmelo,1610612743,DEN,22.0,80,44,36,0.55,2940.846666666667,756,1572,0.481,37,152,0.243,573,709,0.808,122,272,394,216,218,88,42,120,229,509,2122,4,3090.8,6,0,3029.0,1,2005-06,36.8,103.7,104.7,104.7,102.6,104.1,104.1,1.1,0.6,0.6,0.141,0.99,9.4,0.044,0.092,0.069,9.5,9.4,0.493,0.563,0.313,0.319,97.15,95.93,79.94,95.93,0.139,5863,9.5,19.7,Carmelo Anthony
2406,Caron,1610612764,WAS,26.0,75,40,35,0.533,2707.8866666666668,494,1086,0.455,41,120,0.342,289,332,0.87,114,352,466,186,175,127,18,59,238,248,1318,119,2416.2,10,0,2301.0,1,2005-06,36.1,106.4,107.8,107.8,105.3,106.0,106.0,1.1,1.8,1.8,0.12,1.06,11.7,0.042,0.139,0.089,11.0,11.0,0.474,0.535,0.228,0.231,95.37,94.41,78.67,94.41,0.117,5336,6.6,14.5,Caron Butler
101112,Channing,1610612752,NYK,23.0,65,19,46,0.292,1572.355,305,640,0.477,3,9,0.333,189,229,0.825,138,236,374,53,97,30,47,31,200,169,802,-48,1464.3,3,0,1386.0,1,2005-06,24.2,102.6,102.9,102.9,105.2,103.9,103.9,-2.6,-1.0,-1.0,0.066,0.55,5.9,0.089,0.159,0.124,10.9,10.9,0.479,0.541,0.233,0.236,93.39,93.84,78.2,93.84,0.122,3066,4.7,9.8,Channing Frye
1520,Charles,1610612743,DEN,30.0,22,5,17,0.227,209.96166666666667,30,72,0.417,15,38,0.395,5,8,0.625,3,13,16,9,4,5,6,5,28,6,80,-7,141.7,0,0,142.0,2,2005-06,9.5,97.1,96.8,96.8,101.6,97.1,97.1,-4.5,-0.3,-0.3,0.074,2.25,10.2,0.014,0.066,0.039,4.5,4.5,0.521,0.53,0.174,0.179,91.29,93.5,77.92,93.5,0.054,406,1.4,3.3,Charles Smith
2294,Charlie,1610612749,MIL,27.0,59,31,28,0.525,1282.503333333333,180,410,0.439,71,168,0.423,63,89,0.708,21,99,120,130,41,59,5,23,126,71,494,21,984.0,2,1,943.0,1,2005-06,21.7,105.2,104.5,104.5,104.3,103.4,103.4,0.9,1.1,1.1,0.165,3.17,20.9,0.017,0.083,0.049,6.6,6.6,0.526,0.55,0.173,0.176,93.79,94.5,78.75,94.5,0.091,2522,3.1,6.9,Charlie Bell
101111,Charlie,1610612761,TOR,21.0,81,26,55,0.321,2361.0066666666667,435,940,0.463,70,214,0.327,113,160,0.706,181,340,521,88,99,60,63,44,247,147,1053,-37,2080.2,12,0,1978.0,1,2005-06,29.1,109.1,109.6,109.6,109.9,110.3,110.3,-0.7,-0.7,-0.7,0.063,0.89,7.3,0.08,0.159,0.118,8.3,8.3,0.5,0.521,0.213,0.215,93.66,93.31,77.75,93.31,0.095,4587,5.4,11.6,Charlie Villanueva
1497,Chauncey,1610612765,DET,29.0,81,64,17,0.79,2924.556666666667,423,1012,0.418,184,425,0.433,465,520,0.894,41,211,252,699,170,71,8,56,160,412,1495,588,2912.9,27,0,2788.0,1,2005-06,36.1,110.1,111.3,111.3,99.6,100.5,100.5,10.5,10.8,10.8,0.392,4.11,33.5,0.015,0.077,0.046,8.1,8.1,0.509,0.602,0.225,0.231,88.62,87.79,73.16,87.79,0.162,5354,5.2,12.5,Chauncey Billups
2365,Chris,1610612740,NOK,27.0,32,12,20,0.375,569.8066666666666,56,98,0.571,0,0,0.0,49,103,0.476,61,94,155,6,26,8,41,9,84,88,161,7,477.0,1,0,420.0,1,2005-06,17.8,99.2,99.2,99.2,99.9,97.9,97.9,-0.8,1.3,1.3,0.018,0.23,3.4,0.107,0.186,0.144,14.7,14.8,0.571,0.562,0.137,0.139,89.72,90.68,75.57,90.68,0.079,1073,1.8,3.1,Chris Andersen
2547,Chris,1610612761,TOR,22.0,70,26,44,0.371,2750.995,549,1087,0.505,0,13,0.0,474,581,0.816,204,443,647,181,157,50,79,69,209,486,1572,-56,2849.9,32,0,2658.0,1,2005-06,39.3,108.1,109.5,109.5,109.4,110.5,110.5,-1.3,-1.0,-1.0,0.117,1.15,10.7,0.079,0.184,0.13,9.3,9.3,0.505,0.585,0.252,0.253,92.95,91.91,76.59,91.91,0.148,5265,7.8,15.5,Chris Bosh
2768,Chris,1610612741,CHI,23.0,74,36,38,0.486,2154.4816666666666,215,538,0.4,100,278,0.36,117,143,0.818,28,192,220,373,117,70,3,29,152,135,647,-53,1572.5,2,1,1486.0,1,2005-06,29.1,100.5,101.2,101.2,101.4,102.4,102.4,-0.9,-1.2,-1.2,0.269,3.19,34.1,0.013,0.091,0.052,10.7,10.7,0.493,0.538,0.149,0.151,95.57,94.72,78.93,94.72,0.103,4251,2.9,7.3,Chris Duhon
2549,Chris,1610612746,LAC,24.0,78,45,33,0.577,2560.451666666667,369,706,0.523,0,2,0.0,194,252,0.77,187,563,750,79,176,45,108,63,269,211,932,165,2233.5,29,0,2067.0,1,2005-06,32.8,103.8,104.9,104.9,100.1,101.1,101.1,3.7,3.9,3.9,0.05,0.45,7.4,0.08,0.215,0.152,16.4,16.4,0.523,0.57,0.18,0.181,93.13,92.21,76.85,92.21,0.111,4907,4.7,9.1,Chris Kaman
2036,Chris,1610612747,LAL,26.0,59,32,27,0.542,1541.4066666666668,230,459,0.501,0,0,0.0,144,201,0.716,137,236,373,61,83,16,73,39,214,180,604,46,1327.1,7,0,1216.0,1,2005-06,26.1,106.0,107.8,107.8,104.6,105.5,105.5,1.4,2.3,2.3,0.063,0.73,8.8,0.093,0.157,0.126,11.9,12.0,0.501,0.552,0.184,0.185,94.5,93.33,77.77,93.33,0.088,2986,3.9,7.8,Chris Mihm
101108,Chris,1610612740,NOK,21.0,78,35,43,0.449,2808.475,407,947,0.43,50,177,0.282,394,465,0.847,61,339,400,611,183,175,6,66,218,403,1258,-181,3014.5,21,2,2681.0,1,2005-06,36.0,100.5,101.4,101.4,104.4,104.5,104.5,-3.9,-3.2,-3.2,0.378,3.34,31.4,0.022,0.131,0.074,9.4,9.4,0.456,0.546,0.216,0.22,92.67,92.22,76.85,92.22,0.161,5391,5.2,12.1,Chris Paul
101147,Chris,1610612744,GSW,21.0,17,9,8,0.529,143.91166666666666,23,38,0.605,0,0,0.0,1,6,0.167,19,17,36,2,2,2,6,2,25,3,47,11,115.2,0,0,101.0,1,2005-06,8.5,103.8,102.5,102.5,99.5,97.6,97.6,4.2,4.9,4.9,0.024,1.0,4.4,0.13,0.137,0.133,4.4,4.5,0.605,0.578,0.132,0.134,94.02,95.56,79.63,95.56,0.074,285,1.4,2.2,Chris Taft
185,Chris,1610612755,PHI,33.0,75,33,42,0.44,2892.471666666667,617,1422,0.434,21,77,0.273,263,348,0.756,184,557,741,256,182,103,62,54,219,255,1518,-130,3104.2,38,0,2866.0,1,2005-06,38.6,104.5,105.3,105.3,106.4,107.8,107.8,-1.9,-2.5,-2.5,0.157,1.41,12.7,0.067,0.203,0.135,9.1,9.0,0.441,0.482,0.271,0.276,95.62,94.66,78.88,94.66,0.125,5710,8.2,19.0,Chris Webber
2404,Chris,1610612760,SEA,23.0,77,45,32,0.584,1529.83,257,450,0.571,0,2,0.0,112,153,0.732,118,292,410,52,72,33,34,25,183,125,626,17,1325.0,8,0,1222.0,2,2005-06,19.9,105.5,106.3,106.3,105.2,104.7,104.7,0.3,1.5,1.5,0.054,0.72,8.1,0.083,0.193,0.139,11.2,11.2,0.571,0.605,0.172,0.174,95.03,94.91,79.09,94.91,0.113,3011,3.3,5.8,Chris Wilcox
101236,Chuck,1610612745,HOU,23.0,40,19,21,0.475,535.1883333333334,59,105,0.562,0,1,0.0,29,45,0.644,67,112,179,14,12,26,14,16,76,46,147,81,490.8,1,0,420.0,1,2005-06,13.4,100.8,100.3,100.3,91.4,91.3,91.3,9.4,9.0,9.0,0.044,1.17,9.3,0.122,0.22,0.169,7.9,8.0,0.562,0.589,0.116,0.12,90.54,90.76,75.64,90.76,0.134,1007,1.5,2.6,Chuck Hayes
1088,Chucky,1610612763,MEM,31.0,71,37,34,0.521,1712.9816666666666,226,573,0.394,97,274,0.354,129,163,0.791,23,97,120,198,87,43,2,19,152,131,678,39,1167.0,0,0,1183.0,2,2005-06,24.1,103.2,103.8,103.8,102.5,102.7,102.7,0.7,1.1,1.1,0.206,2.28,21.3,0.014,0.059,0.037,9.4,9.4,0.479,0.526,0.197,0.2,91.18,90.82,75.68,90.82,0.08,3243,3.2,8.1,Chucky Atkins
361,Clifford,1610612751,NJN,39.0,80,49,31,0.613,1862.513333333333,219,513,0.427,60,175,0.343,52,79,0.658,55,212,267,89,62,44,40,13,206,71,550,21,1193.9,0,0,1134.0,1,2005-06,23.3,100.4,99.5,99.5,100.0,98.9,98.9,0.4,0.6,0.6,0.085,1.44,12.7,0.03,0.117,0.074,8.8,8.9,0.485,0.502,0.15,0.154,92.84,93.77,78.14,93.77,0.064,3638,2.7,6.4,Clifford Robinson
1894,Corey,1610612746,LAC,26.0,32,21,11,0.656,943.0316666666666,167,375,0.445,24,71,0.338,212,256,0.828,28,141,169,66,78,19,4,29,95,175,570,124,862.8,5,0,875.0,1,2005-06,29.5,108.1,107.8,107.8,100.8,101.0,101.0,7.3,6.8,6.8,0.12,0.85,10.4,0.033,0.138,0.091,12.3,12.3,0.477,0.584,0.271,0.275,95.68,95.74,79.79,95.74,0.126,1879,5.2,11.7,Corey Maggette
722,Corliss,1610612758,SAC,32.0,37,19,18,0.514,362.31666666666666,43,103,0.417,2,2,1.0,38,49,0.776,21,46,67,14,30,7,4,7,56,47,126,24,230.4,0,0,231.0,1,2005-06,9.8,101.6,98.1,98.1,96.6,95.3,95.3,5.0,2.8,2.8,0.068,0.47,8.2,0.065,0.118,0.094,17.5,17.8,0.427,0.506,0.196,0.201,92.96,95.25,79.38,95.25,0.047,721,1.2,2.8,Corliss Williamson
1749,Cuttino,1610612746,LAC,30.0,79,45,34,0.57,2979.1,429,1008,0.426,83,245,0.339,229,273,0.839,50,291,341,238,145,93,36,47,208,208,1170,118,2178.2,3,0,2090.0,1,2005-06,37.7,103.1,103.5,103.5,100.5,101.3,101.3,2.6,2.2,2.2,0.129,1.64,15.8,0.018,0.095,0.059,9.6,9.6,0.467,0.519,0.194,0.197,94.16,93.6,78.0,93.6,0.089,5805,5.4,12.8,Cuttino Mobley
2788,DJ,1610612742,DAL,25.0,43,33,10,0.767,237.11666666666667,32,60,0.533,0,1,0.0,10,20,0.5,19,37,56,2,16,6,25,2,47,16,74,4,221.2,0,0,194.0,1,2005-06,5.5,102.1,98.5,98.5,102.3,98.7,98.7,-0.2,-0.2,-0.2,0.014,0.13,2.3,0.09,0.164,0.128,18.2,18.4,0.533,0.538,0.162,0.169,91.5,94.84,79.03,94.84,0.058,471,0.7,1.4,DJ Mbenga
2563,Dahntay,1610612763,MEM,25.0,71,43,28,0.606,967.025,109,263,0.414,3,21,0.143,60,93,0.645,20,84,104,39,50,38,15,22,108,77,281,-127,573.3,0,0,533.0,1,2005-06,13.6,94.4,93.0,93.0,101.1,100.3,100.3,-6.7,-7.3,-7.3,0.075,0.78,9.9,0.021,0.095,0.057,12.7,12.7,0.42,0.462,0.171,0.177,89.55,90.64,75.53,90.64,0.044,1829,1.5,3.7,Dahntay Jones
905,Dale,1610612765,DET,37.0,28,20,8,0.714,177.745,9,24,0.375,0,1,0.0,8,15,0.533,21,32,53,6,4,0,9,1,23,9,26,-28,121.6,0,0,103.0,1,2005-06,6.3,101.8,99.1,99.1,111.8,106.6,106.6,-10.1,-7.5,-7.5,0.054,1.5,14.3,0.114,0.196,0.152,9.5,9.9,0.375,0.425,0.089,0.089,90.56,93.98,78.31,93.98,0.052,347,0.3,0.9,Dale Davis
2863,Damien,1610612760,SEA,26.0,82,35,47,0.427,1525.3966666666668,193,435,0.444,14,56,0.25,136,162,0.84,79,113,192,107,85,72,12,27,144,130,536,-171,1093.9,2,0,1017.0,1,2005-06,18.6,104.4,104.2,104.2,110.4,109.6,109.6,-5.9,-5.4,-5.4,0.114,1.26,15.3,0.053,0.082,0.067,12.2,12.2,0.46,0.529,0.17,0.174,94.63,95.06,79.22,95.06,0.076,3018,2.4,5.3,Damien Wilkins
1800,Damon,1610612739,CLE,29.0,82,50,32,0.61,2088.5583333333334,190,491,0.387,140,371,0.377,32,50,0.64,14,119,133,169,55,37,1,8,112,45,552,145,1024.1,0,0,1070.0,1,2005-06,25.5,107.0,106.6,106.6,104.7,104.4,104.4,2.3,2.1,2.1,0.124,3.07,23.1,0.007,0.06,0.033,7.5,7.5,0.53,0.538,0.121,0.125,93.37,93.66,78.05,93.66,0.06,4103,2.3,6.0,Damon Jones
757,Damon,1610612763,MEM,32.0,27,17,10,0.63,861.6833333333333,114,287,0.397,36,104,0.346,53,62,0.855,23,72,95,128,55,19,1,20,49,45,317,85,628.0,0,0,616.0,1,2005-06,31.9,103.5,104.9,104.9,99.3,100.1,100.1,4.2,4.9,4.9,0.263,2.33,26.0,0.028,0.088,0.058,11.2,11.1,0.46,0.504,0.201,0.207,88.54,87.62,73.02,87.62,0.102,1577,4.2,10.6,Damon Stoudamire
2424,Dan,1610612738,BOS,27.0,19,7,12,0.368,234.04666666666665,17,46,0.37,10,20,0.5,18,18,1.0,5,11,16,40,18,11,1,5,40,17,62,10,159.2,0,0,152.0,1,2005-06,12.3,108.3,107.8,107.8,108.3,105.0,105.0,0.0,2.8,2.8,0.233,2.22,35.7,0.025,0.048,0.037,16.1,16.1,0.478,0.575,0.137,0.14,96.36,98.13,81.78,98.13,0.051,477,0.9,2.4,Dan Dickau
2429,Dan,1610612749,MIL,28.0,74,38,36,0.514,885.0083333333333,171,309,0.553,0,1,0.0,41,89,0.461,91,141,232,24,35,25,43,22,171,93,383,-37,866.4,1,0,775.0,1,2005-06,12.0,102.7,102.8,102.8,105.1,104.1,104.1,-2.4,-1.3,-1.3,0.048,0.69,5.9,0.101,0.178,0.137,8.6,8.6,0.553,0.55,0.192,0.197,93.73,94.16,78.46,94.16,0.089,1729,2.3,4.2,Dan Gadzuric
101137,Daniel,1610612746,LAC,23.0,66,39,27,0.591,971.1533333333332,97,255,0.38,22,78,0.282,36,46,0.783,23,62,85,84,57,37,6,9,86,41,252,-60,552.0,0,0,529.0,1,2005-06,14.7,99.4,97.7,97.7,100.7,100.1,100.1,-1.3,-2.4,-2.4,0.145,1.47,20.1,0.025,0.063,0.045,13.6,13.7,0.424,0.458,0.155,0.16,92.92,94.06,78.38,94.06,0.049,1896,1.5,3.9,Daniel Ewing
1504,Danny,1610612760,SEA,30.0,23,9,14,0.391,275.51166666666666,27,51,0.529,0,0,0.0,33,43,0.767,31,47,78,2,26,4,2,10,76,47,87,48,175.6,0,0,179.0,1,2005-06,12.0,114.1,115.1,115.1,105.4,105.5,105.5,8.7,9.6,9.6,0.011,0.08,2.1,0.123,0.196,0.159,27.1,26.6,0.529,0.622,0.152,0.158,91.74,91.29,76.08,91.29,0.026,523,1.2,2.2,Danny Fortson
101122,Danny,1610612754,IND,23.0,78,39,39,0.5,1765.335,221,478,0.462,30,93,0.323,115,148,0.777,131,253,384,90,80,58,62,35,211,139,587,-57,1462.8,6,0,1331.0,1,2005-06,22.6,98.6,97.6,97.6,100.0,98.9,98.9,-1.4,-1.3,-1.3,0.092,1.13,12.6,0.077,0.141,0.11,11.2,11.2,0.494,0.54,0.16,0.166,91.97,93.0,77.5,93.0,0.099,3414,2.8,6.1,Danny Granger
2032,Darius,1610612757,POR,24.0,40,9,31,0.225,1285.545,235,510,0.461,2,10,0.2,87,163,0.534,24,158,182,73,99,42,39,23,100,133,559,-205,1030.9,1,0,978.0,1,2005-06,32.1,96.9,97.6,97.6,105.8,106.1,106.1,-8.9,-8.5,-8.5,0.106,0.74,9.7,0.02,0.124,0.074,13.1,13.1,0.463,0.48,0.253,0.256,90.34,89.87,74.89,89.87,0.082,2407,5.9,12.8,Darius Miles
2443,Darius,1610612741,CHI,28.0,62,27,35,0.435,1328.745,236,491,0.481,2,5,0.4,94,115,0.817,76,170,246,88,85,35,16,20,157,118,568,58,1063.2,2,0,1006.0,1,2005-06,21.4,102.2,103.4,103.4,100.3,101.1,101.1,1.9,2.3,2.3,0.113,1.04,12.3,0.059,0.129,0.095,11.8,11.9,0.483,0.524,0.212,0.215,95.15,94.23,78.53,94.23,0.096,2608,3.8,7.9,Darius Songaila
2545,Darko,1610612753,ORL,21.0,55,40,15,0.727,766.6666666666666,119,234,0.509,0,2,0.0,28,50,0.56,44,107,151,41,51,14,77,12,92,51,266,-68,730.7,0,0,640.0,2,2005-06,13.9,100.3,98.8,98.8,102.2,102.4,102.4,-1.9,-3.6,-3.6,0.096,0.8,11.7,0.062,0.141,0.103,14.6,14.7,0.509,0.52,0.185,0.19,91.01,91.57,76.3,91.57,0.096,1455,2.2,4.3,Darko Milicic
353,Darrell,1610612742,DAL,38.0,62,42,20,0.677,622.105,43,128,0.336,11,48,0.229,33,42,0.786,18,63,81,86,58,27,3,9,71,59,130,-15,388.2,0,0,368.0,1,2005-06,10.0,104.8,100.3,100.3,103.2,101.6,101.6,1.6,-1.3,-1.3,0.216,1.48,29.5,0.031,0.104,0.069,19.9,20.0,0.379,0.444,0.143,0.151,92.86,95.64,79.7,95.64,0.051,1240,0.7,2.1,Darrell Armstrong
239,Darrick,1610612761,TOR,35.0,40,14,26,0.35,338.97,34,97,0.351,16,40,0.4,18,24,0.75,2,18,20,57,15,17,0,5,42,17,102,52,247.5,1,0,229.0,1,2005-06,8.5,113.6,111.7,111.7,106.1,103.1,103.1,7.5,8.6,8.6,0.247,3.8,31.5,0.007,0.059,0.033,8.3,8.4,0.433,0.474,0.166,0.169,92.44,94.52,78.77,94.52,0.063,665,0.9,2.4,Darrick Martin
2758,David,1610612754,IND,23.0,67,34,33,0.507,1033.9433333333334,148,294,0.503,0,0,0.0,89,174,0.511,84,170,254,14,79,23,59,33,193,136,385,-25,877.8,2,0,817.0,1,2005-06,15.4,95.3,94.8,94.8,97.3,95.7,95.7,-2.0,-1.0,-1.0,0.026,0.18,3.0,0.082,0.165,0.124,17.0,17.0,0.503,0.519,0.198,0.203,92.49,93.5,77.92,93.5,0.056,2011,2.2,4.4,David Harrison
101135,David,1610612752,NYK,23.0,67,21,46,0.313,1128.5233333333333,137,229,0.598,0,0,0.0,71,123,0.577,108,194,302,43,51,30,20,22,124,96,345,-106,870.9,4,0,790.0,1,2005-06,16.8,105.4,104.7,104.7,109.4,107.9,107.9,-4.0,-3.2,-3.2,0.062,0.84,11.4,0.105,0.184,0.145,13.5,13.5,0.598,0.609,0.131,0.134,93.39,94.4,78.67,94.4,0.104,2203,2.0,3.4,David Lee
133,David,1610612745,HOU,35.0,71,31,40,0.437,2371.693333333333,226,561,0.403,99,271,0.365,151,187,0.807,24,154,178,204,120,59,6,25,212,154,702,-76,1296.6,0,0,1313.0,1,2005-06,33.4,99.1,100.2,100.2,101.0,101.8,101.8,-1.9,-1.6,-1.6,0.147,1.7,21.2,0.011,0.066,0.039,12.4,12.4,0.491,0.546,0.149,0.152,90.95,90.13,75.11,90.13,0.062,4451,3.2,7.9,David Wesley
2561,David,1610612740,NOK,25.0,74,35,39,0.473,2526.0066666666667,530,1036,0.512,3,11,0.273,199,236,0.843,168,380,548,92,105,61,64,63,214,201,1262,-166,2327.6,17,0,2155.0,1,2005-06,34.1,101.3,102.7,102.7,105.7,105.7,105.7,-4.3,-3.0,-3.0,0.07,0.88,6.9,0.068,0.166,0.115,7.9,7.9,0.513,0.554,0.226,0.229,92.1,91.44,76.2,91.44,0.132,4801,7.2,14.0,David West
2205,DeSagana,1610612742,DAL,24.0,81,60,21,0.741,1510.185,75,154,0.487,1,2,0.5,39,72,0.542,145,229,374,23,36,44,146,12,253,62,190,240,1207.3,0,0,968.0,1,2005-06,18.6,109.2,109.5,109.5,99.7,99.5,99.5,9.6,10.0,10.0,0.022,0.64,9.3,0.107,0.161,0.135,14.6,14.7,0.49,0.512,0.069,0.07,89.88,89.84,74.86,89.84,0.051,2806,0.9,1.9,DeSagana Diop
2052,DeShawn,1610612753,ORL,25.0,82,36,46,0.439,2648.115,359,781,0.46,2,15,0.133,180,242,0.744,59,182,241,160,123,58,17,58,178,196,900,-258,1531.2,0,0,1453.0,1,2005-06,32.3,102.9,104.0,104.0,107.3,108.7,108.7,-4.4,-4.8,-4.8,0.101,1.3,13.7,0.025,0.073,0.05,10.5,10.5,0.461,0.507,0.178,0.181,91.08,90.02,75.02,90.02,0.067,4957,4.4,9.5,DeShawn Stevenson
2753,Delonte,1610612738,BOS,22.0,71,28,43,0.394,2417.6383333333333,333,684,0.487,84,218,0.385,86,101,0.851,57,232,289,329,133,84,46,35,197,110,836,56,1933.3,2,0,1798.0,1,2005-06,34.1,106.2,107.2,107.2,104.9,105.9,105.9,1.3,1.3,1.3,0.213,2.47,27.6,0.026,0.1,0.064,11.2,11.2,0.548,0.574,0.162,0.163,95.0,94.15,78.46,94.15,0.103,4740,4.7,9.6,Delonte West
101184,Deng,1610612755,PHI,24.0,2,0,2,0.0,4.7683333333333335,0,0,0.0,0,0,0.0,0,0,0.0,0,0,0,0,0,0,0,0,0,0,0,-3,0.0,0,0,0.0,1,2005-06,2.4,94.8,100.0,100.0,123.9,110.0,110.0,-29.1,-10.0,-10.0,0.0,0.0,0.0,0.0,0.0,0.0,0.0,0.0,0.0,0.0,0.0,0.0,87.18,90.6,75.5,90.6,0.0,8,0.0,0.0,Deng Gai
2035,DerMarr,1610612743,DEN,26.0,58,29,29,0.5,923.9166666666666,132,306,0.431,56,160,0.35,34,42,0.81,19,77,96,55,46,25,26,19,86,41,354,-30,658.7,0,0,663.0,1,2005-06,15.9,99.9,100.4,100.4,101.8,101.8,101.8,-1.9,-1.3,-1.3,0.095,1.2,13.0,0.02,0.084,0.052,10.8,10.8,0.523,0.545,0.175,0.179,96.55,96.29,80.25,96.29,0.073,1851,2.3,5.3,DerMarr Johnson
1507,Derek,1610612748,MIA,31.0,43,22,21,0.512,1046.8133333333333,108,303,0.356,40,134,0.299,93,111,0.838,21,122,143,101,54,23,6,10,98,90,349,-38,705.1,0,0,691.0,2,2005-06,24.3,101.2,101.4,101.4,102.6,103.3,103.3,-1.4,-1.9,-1.9,0.165,1.87,20.0,0.022,0.12,0.073,10.7,10.7,0.422,0.496,0.182,0.186,90.49,90.08,75.07,90.08,0.083,1964,2.5,7.0,Derek Anderson
965,Derek,1610612744,GSW,31.0,82,34,48,0.415,2589.431666666667,364,887,0.41,117,295,0.397,244,293,0.833,36,175,211,352,156,125,8,35,237,287,1089,-17,2113.2,5,0,2035.0,1,2005-06,31.6,102.2,102.7,102.7,102.9,103.2,103.2,-0.7,-0.5,-0.5,0.23,2.26,23.2,0.013,0.069,0.04,10.3,10.2,0.476,0.536,0.198,0.202,95.12,94.74,78.95,94.74,0.1,5114,4.4,10.8,Derek Fisher
101114,Deron,1610612762,UTA,22.0,80,39,41,0.488,2306.633333333333,339,805,0.421,91,219,0.416,95,135,0.704,35,159,194,359,145,60,17,63,233,157,864,-103,1721.3,5,0,1662.0,1,2005-06,28.8,102.9,103.9,103.9,105.9,105.6,105.6,-3.0,-1.7,-1.7,0.274,2.48,26.2,0.016,0.073,0.044,10.6,10.6,0.478,0.5,0.198,0.201,90.83,90.51,75.43,90.51,0.086,4335,4.2,10.1,Deron Williams
2583,Derrick,1610612751,NJN,24.0,2,0,2,0.0,31.883333333333333,2,3,0.667,0,0,0.0,0,0,0.0,1,3,4,7,4,0,0,0,4,1,4,-11,15.3,0,0,15.0,1,2005-06,15.9,92.2,89.1,89.1,108.6,109.1,109.1,-16.4,-20.0,-20.0,0.467,1.75,50.0,0.033,0.0,0.0,28.6,28.6,0.667,0.667,0.104,0.109,81.6,82.8,69.0,82.8,0.081,55,1.0,1.5,Derrick Zimmerman
2046,Desmond,1610612740,NOK,28.0,70,32,38,0.457,2102.343333333333,275,690,0.399,1,6,0.167,206,302,0.682,64,234,298,66,113,42,17,56,136,265,757,-256,1277.6,1,0,1240.0,1,2005-06,30.0,97.7,98.5,98.5,104.4,104.4,104.4,-6.8,-5.9,-5.9,0.055,0.58,6.5,0.031,0.12,0.074,11.2,11.3,0.399,0.46,0.206,0.207,92.27,91.93,76.61,91.93,0.061,4017,3.9,9.9,Desmond Mason
1904,Devean,1610612747,LAL,28.0,71,40,31,0.563,1542.3416666666667,170,425,0.4,50,160,0.313,58,86,0.674,82,192,274,68,54,66,34,18,159,75,448,89,1124.8,0,0,1040.0,1,2005-06,21.7,104.0,104.2,104.2,101.2,101.7,101.7,2.7,2.5,2.5,0.073,1.26,11.6,0.052,0.127,0.089,9.2,9.2,0.459,0.484,0.151,0.153,92.17,91.89,76.57,91.89,0.075,2960,2.4,6.0,Devean George
2484,Devin,1610612762,UTA,27.0,81,40,41,0.494,1711.2316666666666,207,527,0.393,39,118,0.331,158,212,0.745,73,134,207,104,99,44,14,38,153,168,611,-126,1090.4,0,0,1077.0,1,2005-06,21.1,100.4,100.1,100.1,104.4,103.5,103.5,-4.0,-3.4,-3.4,0.108,1.05,12.6,0.043,0.085,0.063,12.0,12.0,0.43,0.493,0.189,0.193,90.17,90.67,75.56,90.67,0.066,3225,2.6,6.5,Devin Brown
101209,Devin,1610612747,LAL,23.0,27,13,14,0.481,134.61333333333334,6,28,0.214,0,2,0.0,13,21,0.619,10,14,24,7,5,3,0,4,13,12,25,-43,68.3,0,0,62.0,1,2005-06,5.0,95.4,92.8,92.8,111.5,107.8,107.8,-16.1,-15.0,-15.0,0.097,1.4,14.0,0.069,0.107,0.087,10.0,10.2,0.214,0.336,0.139,0.144,92.17,95.03,79.19,95.03,0.019,265,0.2,1.0,Devin Green
2734,Devin,1610612742,DAL,23.0,56,45,11,0.804,1274.465,190,405,0.469,5,21,0.238,169,236,0.716,26,99,125,177,84,53,16,39,121,208,554,167,1092.5,1,0,999.0,1,2005-06,22.8,107.1,106.4,106.4,100.7,99.8,99.8,6.4,6.5,6.5,0.247,2.11,23.0,0.022,0.079,0.051,10.9,10.9,0.475,0.544,0.211,0.216,91.22,91.92,76.6,91.92,0.118,2444,3.4,7.2,Devin Harris
101159,Dijon,1610612756,PHX,23.0,10,8,2,0.8,42.52666666666666,11,25,0.44,4,11,0.364,2,2,1.0,4,7,11,1,2,3,1,1,6,3,28,-12,52.7,0,0,52.0,1,2005-06,4.3,99.3,94.7,94.7,108.0,106.3,106.3,-8.7,-11.6,-11.6,0.042,0.5,3.6,0.0,0.14,0.0,7.1,6.9,0.52,0.541,0.252,0.272,103.34,106.66,88.89,106.66,0.145,94,1.1,2.5,Dijon Thompson
87,Dikembe,1610612745,HOU,40.0,64,27,37,0.422,954.87,50,95,0.526,0,0,0.0,69,91,0.758,100,206,306,4,35,17,57,11,128,84,169,-88,729.2,1,0,627.0,1,2005-06,14.9,98.1,97.1,97.1,100.6,101.4,101.4,-2.5,-4.3,-4.3,0.007,0.11,2.3,0.115,0.223,0.171,20.0,20.1,0.526,0.626,0.087,0.089,86.6,86.66,72.22,86.66,0.097,1717,0.8,1.5,Dikembe Mutombo
1717,Dirk,1610612742,DAL,28.0,81,60,21,0.741,3088.978333333333,751,1564,0.48,110,271,0.406,539,598,0.901,115,613,728,226,156,58,83,71,164,481,2151,509,3630.6,35,0,3497.0,1,2005-06,38.1,111.3,111.9,111.9,102.7,103.3,103.3,8.5,8.6,8.6,0.142,1.45,10.3,0.041,0.209,0.127,7.1,7.1,0.515,0.589,0.293,0.301,90.13,89.64,74.7,89.64,0.205,5774,9.3,19.3,Dirk Nowitzki
101182,Donell,1610612764,WAS,23.0,51,27,24,0.529,465.23,53,136,0.39,4,17,0.235,30,43,0.698,16,37,53,45,34,30,4,8,47,29,140,8,339.1,0,0,310.0,1,2005-06,9.1,104.8,101.3,101.3,102.1,101.3,101.3,2.7,0.0,0.0,0.17,1.32,19.2,0.036,0.087,0.061,14.5,14.5,0.404,0.452,0.179,0.188,92.77,94.71,78.93,94.71,0.063,922,1.0,2.7,Donell Taylor
2764,Donta,1610612737,ATL,22.0,23,6,17,0.261,127.20166666666668,15,27,0.556,2,4,0.5,6,12,0.5,3,11,14,9,4,8,0,1,20,8,38,17,88.3,0,0,79.0,1,2005-06,5.5,108.4,105.2,105.2,104.8,98.9,98.9,3.6,6.3,6.3,0.102,2.25,20.0,0.026,0.099,0.062,8.9,8.8,0.593,0.589,0.118,0.124,97.83,102.26,85.22,102.26,0.063,271,0.7,1.2,Donta Smith
923,Donyell,1610612739,CLE,33.0,81,50,31,0.617,2077.3116666666665,265,671,0.395,128,395,0.324,92,123,0.748,105,387,492,60,90,59,41,24,160,100,750,130,1640.4,5,0,1630.0,1,2005-06,25.6,107.2,107.0,107.0,104.7,105.0,105.0,2.4,2.0,2.0,0.048,0.67,6.8,0.052,0.196,0.124,10.3,10.3,0.49,0.517,0.177,0.179,93.79,93.72,78.1,93.72,0.098,4079,3.3,8.3,Donyell Marshall
2748,Dorell,1610612748,MIA,20.0,20,14,6,0.7,132.365,20,43,0.465,3,6,0.5,15,17,0.882,2,30,32,8,14,3,1,3,12,11,58,-55,106.4,0,0,109.0,1,2005-06,6.6,85.8,85.0,85.0,106.6,102.9,102.9,-20.8,-17.9,-17.9,0.129,0.57,11.1,0.016,0.231,0.125,19.4,19.3,0.5,0.574,0.216,0.224,95.94,98.09,81.74,98.09,0.131,267,1.0,2.2,Dorell Wright
57,Doug,1610612742,DAL,36.0,7,5,2,0.714,185.19666666666663,9,26,0.346,0,1,0.0,8,12,0.667,2,11,13,14,6,9,1,2,10,12,26,-13,86.6,0,0,73.0,1,2005-06,26.5,99.4,98.3,98.3,99.5,100.3,100.3,-0.1,-2.0,-2.0,0.115,2.33,26.9,0.012,0.064,0.038,11.5,11.7,0.346,0.416,0.095,0.095,90.57,90.71,75.6,90.71,0.047,347,1.3,3.7,Doug Christie
2400,Drew,1610612739,CLE,24.0,79,49,30,0.62,2173.931666666667,334,652,0.512,1,3,0.333,176,258,0.682,237,428,665,56,106,52,49,59,190,209,845,8,1924.0,23,0,1769.0,1,2005-06,27.5,103.5,104.3,104.3,103.1,103.6,103.6,0.4,0.8,0.8,0.044,0.53,6.0,0.113,0.21,0.16,11.4,11.4,0.513,0.552,0.185,0.187,91.01,90.42,75.35,90.42,0.119,4084,4.2,8.3,Drew Gooden
101204,Dwayne,1610612738,BOS,23.0,14,7,7,0.5,86.51333333333334,4,10,0.4,0,0,0.0,6,13,0.462,10,21,31,2,3,1,3,2,14,10,14,20,63.2,0,0,55.0,1,2005-06,6.2,95.3,91.9,91.9,82.8,81.8,81.8,12.5,10.1,10.1,0.034,0.67,9.5,0.132,0.236,0.188,14.3,14.5,0.4,0.445,0.096,0.1,92.89,95.15,79.29,95.15,0.078,173,0.3,0.7,Dwayne Jones
2730,Dwight,1610612753,ORL,20.0,82,36,46,0.439,3020.61,468,881,0.531,0,2,0.0,356,598,0.595,288,734,1022,125,217,65,115,85,277,466,1292,24,3028.9,60,0,2799.0,1,2005-06,36.8,105.1,106.6,106.6,105.2,106.1,106.1,-0.1,0.5,0.5,0.07,0.58,8.4,0.108,0.26,0.186,14.6,14.6,0.531,0.565,0.211,0.213,90.46,89.42,74.51,89.42,0.138,5625,5.7,10.7,Dwight Howard
2548,Dwyane,1610612748,MIA,24.0,75,48,27,0.64,2892.383333333333,699,1413,0.495,13,76,0.171,629,803,0.783,107,323,430,503,268,146,58,67,217,586,2040,485,3654.5,16,2,3394.0,1,2005-06,38.6,109.9,110.5,110.5,101.0,102.1,102.1,8.8,8.4,8.4,0.312,1.88,19.8,0.04,0.112,0.078,10.5,10.6,0.499,0.577,0.318,0.321,94.36,93.57,77.98,93.57,0.186,5643,9.3,18.8,Dwyane Wade
2853,Earl,1610612748,MIA,24.0,8,4,4,0.5,44.873333333333335,5,16,0.313,0,0,0.0,3,4,0.75,2,8,10,0,5,0,0,1,10,4,13,-33,20.0,0,0,23.0,1,2005-06,5.6,75.8,73.1,73.1,117.8,111.0,111.0,-42.0,-37.9,-37.9,0.0,0.0,0.0,0.043,0.186,0.111,21.7,22.0,0.313,0.366,0.223,0.233,93.87,98.41,82.01,98.41,-0.044,93,0.6,2.0,Earl Barron
1863,Earl,1610612743,DEN,30.0,60,35,25,0.583,1542.445,271,661,0.41,62,179,0.346,152,174,0.874,21,60,81,230,83,48,4,39,73,124,756,-54,1271.2,1,0,1233.0,1,2005-06,25.7,102.8,103.6,103.6,106.2,105.9,105.9,-3.4,-2.3,-2.3,0.254,2.77,22.1,0.013,0.041,0.026,8.0,7.9,0.457,0.513,0.229,0.234,96.38,96.11,80.09,96.11,0.107,3097,4.5,11.0,Earl Boykins
2248,Earl,1610612760,SEA,27.0,70,39,31,0.557,1577.66,219,509,0.43,110,272,0.404,75,111,0.676,24,134,158,289,136,68,10,19,159,122,623,145,1344.1,1,0,1336.0,2,2005-06,22.5,106.8,106.9,106.9,101.7,102.0,102.0,5.1,4.9,4.9,0.289,2.13,29.4,0.016,0.083,0.05,13.8,13.8,0.538,0.558,0.193,0.197,96.59,96.39,80.32,96.39,0.096,3163,3.1,7.3,Earl Watson
101188,Eddie,1610612741,CHI,23.0,19,10,9,0.526,141.20833333333334,15,37,0.405,1,7,0.143,8,10,0.8,7,21,28,8,9,9,2,3,17,8,39,16,108.6,0,0,98.0,1,2005-06,7.4,96.7,94.0,94.0,86.5,86.4,86.4,10.2,7.5,7.5,0.094,0.89,13.6,0.05,0.138,0.096,15.3,15.4,0.419,0.471,0.156,0.162,95.11,96.54,80.45,96.54,0.09,281,0.8,1.9,Eddie Basden
2109,Eddie,1610612754,IND,27.0,41,24,17,0.585,122.18333333333334,10,45,0.222,7,23,0.304,18,23,0.783,0,15,15,12,9,11,1,4,13,12,45,0,108.0,0,0,103.0,1,2005-06,3.0,102.1,94.0,94.0,95.2,91.5,91.5,6.9,2.4,2.4,0.176,1.33,15.6,0.0,0.111,0.057,11.7,11.8,0.3,0.408,0.215,0.232,99.26,105.48,87.9,105.48,0.059,265,0.2,1.1,Eddie Gill
2204,Eddie,1610612750,MIN,24.0,70,30,40,0.429,1359.3366666666666,130,370,0.351,16,82,0.195,44,74,0.595,107,282,389,40,43,13,148,26,125,61,320,-155,1286.8,6,0,1087.0,1,2005-06,19.4,96.8,97.3,97.3,102.6,103.1,103.1,-5.8,-5.8,-5.8,0.049,0.93,8.2,0.082,0.204,0.145,8.8,8.9,0.373,0.397,0.154,0.157,89.82,89.41,74.51,89.41,0.088,2528,1.9,5.3,Eddie Griffin
2067,Eddie,1610612756,PHX,28.0,81,53,28,0.654,1421.125,320,759,0.422,123,316,0.389,33,41,0.805,15,117,132,148,76,42,12,23,96,53,796,80,1262.4,0,0,1307.0,1,2005-06,17.5,106.0,104.4,104.4,102.2,102.4,102.4,3.8,2.0,2.0,0.17,1.95,14.8,0.011,0.078,0.045,7.6,7.6,0.503,0.512,0.265,0.272,97.63,98.29,81.91,98.29,0.097,2921,4.0,9.4,Eddie House
224,Eddie,1610612763,MEM,34.0,75,45,30,0.6,2436.61,292,722,0.404,133,374,0.356,168,215,0.781,35,244,279,177,93,131,27,37,201,194,885,315,1866.3,1,0,1790.0,1,2005-06,32.5,105.8,107.0,107.0,99.4,99.6,99.6,6.4,7.5,7.5,0.124,1.9,16.4,0.016,0.106,0.062,8.6,8.6,0.497,0.542,0.178,0.182,88.31,87.77,73.14,87.77,0.097,4447,3.9,9.6,Eddie Jones
2201,Eddy,1610612752,NYK,23.0,72,20,52,0.278,1865.9333333333332,336,597,0.563,0,0,0.0,307,486,0.632,145,287,432,19,179,28,56,46,239,342,979,-389,1598.9,10,0,1598.0,1,2005-06,25.9,99.4,100.7,100.7,111.0,111.6,111.6,-11.6,-11.0,-11.0,0.02,0.11,1.9,0.085,0.165,0.125,17.7,17.7,0.563,0.604,0.242,0.245,92.12,91.3,76.08,91.3,0.099,3549,4.7,8.3,Eddy Curry
2059,Eduardo,1610612743,DEN,29.0,64,33,31,0.516,1449.4416666666666,127,301,0.422,4,12,0.333,89,114,0.781,128,197,325,52,54,53,34,28,165,127,347,0,1022.0,3,0,902.0,1,2005-06,22.6,101.8,102.1,102.1,101.1,100.8,100.8,0.7,1.4,1.4,0.054,0.96,11.4,0.085,0.138,0.111,11.8,11.8,0.429,0.494,0.121,0.123,96.82,96.82,80.68,96.82,0.069,2904,2.0,4.7,Eduardo Najera
1882,Elton,1610612746,LAC,27.0,79,44,35,0.557,3098.805,756,1435,0.527,1,3,0.333,440,568,0.775,236,554,790,208,173,81,201,65,227,459,1953,185,3886.0,45,0,3516.0,1,2005-06,39.2,104.3,104.9,104.9,101.0,102.0,102.0,3.4,2.9,2.9,0.127,1.2,10.1,0.082,0.173,0.13,8.4,8.4,0.527,0.58,0.272,0.276,94.65,93.9,78.25,93.9,0.176,6065,9.6,18.2,Elton Brand
2731,Emeka,1610612766,CHA,23.0,26,8,18,0.308,874.1383333333333,131,316,0.415,0,0,0.0,82,125,0.656,94,167,261,31,53,22,50,28,88,91,344,-70,866.7,16,0,780.0,1,2005-06,33.6,97.7,99.4,99.4,101.7,103.2,103.2,-4.0,-3.9,-3.9,0.06,0.58,6.8,0.104,0.201,0.151,11.6,11.6,0.415,0.464,0.216,0.216,95.26,93.73,78.11,93.73,0.102,1705,5.0,12.2,Emeka Okafor
15,Eric,1610612741,CHI,35.0,29,14,15,0.483,228.23,24,61,0.393,9,33,0.273,2,5,0.4,4,19,23,13,11,6,1,3,20,9,59,20,116.1,0,0,118.0,1,2005-06,7.9,96.7,97.0,97.0,94.3,92.5,92.5,2.4,4.5,4.5,0.086,1.18,15.1,0.016,0.083,0.048,12.8,12.6,0.467,0.467,0.136,0.142,96.63,97.48,81.23,97.48,0.044,463,0.8,2.1,Eric Piatkowski
727,Eric,1610612739,CLE,33.0,82,50,32,0.61,2351.338333333333,163,399,0.409,1,10,0.1,64,93,0.688,38,160,198,346,116,76,19,30,218,119,391,78,1316.6,1,0,1126.0,1,2005-06,28.7,103.8,103.9,103.9,100.4,101.4,101.4,3.4,2.5,2.5,0.224,2.98,38.2,0.017,0.071,0.044,12.8,12.9,0.41,0.444,0.11,0.111,90.98,90.47,75.4,90.47,0.056,4417,2.0,4.9,Eric Snow
677,Eric,1610612761,TOR,33.0,28,9,19,0.321,351.74833333333333,29,75,0.387,5,18,0.278,28,38,0.737,10,40,50,15,15,7,2,1,55,25,91,-53,185.5,0,0,179.0,1,2005-06,12.6,104.2,103.8,103.8,110.8,109.7,109.7,-6.6,-5.9,-5.9,0.065,1.0,12.2,0.031,0.129,0.079,12.2,12.3,0.42,0.496,0.143,0.144,93.97,94.64,78.86,94.64,0.028,688,1.0,2.7,Eric Williams
956,Erick,1610612742,DAL,30.0,82,60,22,0.732,1934.0583333333332,171,347,0.493,0,0,0.0,127,215,0.591,273,367,640,51,115,27,106,40,263,180,469,239,1597.5,7,0,1426.0,1,2005-06,23.6,108.2,108.2,108.2,101.9,101.0,101.0,6.3,7.2,7.2,0.041,0.44,8.3,0.152,0.203,0.177,18.8,18.9,0.493,0.531,0.132,0.134,88.97,89.37,74.48,89.37,0.082,3592,2.1,4.2,Erick Dampier
911,Ervin,1610612749,MIL,38.0,18,9,9,0.5,80.865,7,17,0.412,0,0,0.0,1,2,0.5,5,19,24,2,5,1,2,3,23,2,15,-35,50.8,0,0,47.0,1,2005-06,4.5,103.4,96.2,96.2,121.6,119.9,119.9,-18.1,-23.7,-23.7,0.045,0.4,8.0,0.068,0.216,0.148,20.0,20.1,0.412,0.419,0.128,0.139,89.27,93.19,77.66,93.19,0.007,158,0.4,0.9,Ervin Johnson
101212,Esteban,1610612737,ATL,22.0,57,14,43,0.246,494.88166666666666,34,80,0.425,0,1,0.0,33,53,0.623,61,83,144,7,38,15,11,18,111,53,101,-8,324.3,1,0,304.0,1,2005-06,8.7,103.3,103.2,103.2,106.2,102.9,102.9,-3.0,0.3,0.3,0.021,0.18,4.7,0.118,0.186,0.15,25.5,25.6,0.425,0.489,0.121,0.123,94.92,96.46,80.38,96.46,0.018,989,0.6,1.4,Esteban Batista
2041,Etan,1610612764,WAS,28.0,71,35,36,0.493,1121.2066666666667,131,246,0.533,0,0,0.0,75,125,0.6,99,180,279,14,51,20,68,32,148,112,337,2,905.8,1,0,806.0,1,2005-06,15.8,103.1,103.7,103.7,104.1,102.9,102.9,-1.0,0.8,0.8,0.02,0.27,3.8,0.089,0.172,0.129,13.8,13.9,0.533,0.56,0.14,0.141,94.43,94.72,78.93,94.72,0.079,2205,1.8,3.5,Etan Thomas
101177,Fabricio,1610612759,SAS,31.0,59,46,13,0.78,489.8633333333333,44,93,0.473,0,2,0.0,15,27,0.556,57,66,123,27,28,9,11,10,91,25,103,-37,323.1,0,0,293.0,1,2005-06,8.3,99.7,95.8,95.8,101.4,99.3,99.3,-1.7,-3.5,-3.5,0.089,0.96,16.8,0.122,0.14,0.131,17.4,17.5,0.473,0.491,0.121,0.127,91.08,93.87,78.23,93.87,0.043,956,0.7,1.6,Fabricio Oberto
2436,Flip,1610612739,CLE,26.0,76,35,41,0.461,2111.7833333333333,321,768,0.418,37,141,0.262,172,242,0.711,33,120,153,197,135,68,11,63,133,192,851,-66,1432.1,0,0,1396.0,2,2005-06,27.8,103.8,104.1,104.1,105.8,106.4,106.4,-2.0,-2.3,-2.3,0.16,1.46,16.3,0.016,0.059,0.038,11.1,11.2,0.442,0.487,0.216,0.219,92.88,92.52,77.1,92.52,0.072,4084,4.2,10.1,Flip Murray
1922,Francisco,1610612743,DEN,30.0,72,39,33,0.542,1579.2983333333334,151,284,0.532,1,5,0.2,49,74,0.662,99,240,339,47,65,54,45,15,211,77,352,60,1061.3,3,0,937.0,1,2005-06,21.9,103.2,103.9,103.9,100.7,101.3,101.3,2.5,2.6,2.6,0.044,0.72,11.0,0.069,0.156,0.114,15.2,15.2,0.533,0.556,0.111,0.112,94.82,94.22,78.52,94.22,0.063,3090,2.1,3.9,Francisco Elson
101128,Francisco,1610612758,SAC,24.0,67,36,31,0.537,1301.22,130,325,0.4,39,137,0.285,78,101,0.772,39,146,185,94,75,41,47,11,135,87,377,-31,929.0,1,0,871.0,1,2005-06,19.4,100.2,99.9,99.9,100.8,100.7,100.7,-0.7,-0.9,-0.9,0.118,1.25,17.5,0.031,0.111,0.072,14.0,13.9,0.46,0.51,0.154,0.158,93.94,94.12,78.43,94.12,0.069,2547,1.9,4.9,Francisco Garcia
2410,Fred,1610612754,IND,27.0,68,33,35,0.485,1836.54,233,559,0.417,63,187,0.337,122,160,0.763,18,152,170,154,107,55,20,26,142,138,651,2,1204.0,0,0,1188.0,1,2005-06,27.0,98.7,98.6,98.6,98.6,98.1,98.1,0.0,0.5,0.5,0.154,1.44,17.3,0.01,0.082,0.047,12.0,12.0,0.473,0.517,0.183,0.187,92.51,92.78,77.32,92.78,0.083,3542,3.4,8.2,Fred Jones
56,Gary,1610612748,MIA,37.0,81,52,29,0.642,2304.8716666666664,230,547,0.42,66,230,0.287,100,126,0.794,34,199,233,257,102,71,10,24,169,115,626,124,1432.1,0,0,1344.0,1,2005-06,28.5,104.4,104.3,104.3,101.1,101.7,101.7,3.4,2.6,2.6,0.176,2.52,26.6,0.015,0.087,0.052,10.6,10.6,0.481,0.52,0.139,0.141,93.49,93.28,77.73,93.28,0.082,4483,2.8,6.8,Gary Payton
2809,Gerald,1610612748,MIA,23.0,18,12,6,0.667,239.45166666666665,30,89,0.337,7,26,0.269,17,23,0.739,7,23,30,33,15,7,5,12,28,19,84,-6,190.5,0,0,178.0,1,2005-06,13.3,99.3,97.3,97.3,99.0,99.0,99.0,0.3,-1.7,-1.7,0.228,2.2,22.3,0.028,0.091,0.06,10.1,10.2,0.376,0.424,0.211,0.216,94.81,95.82,79.85,95.82,0.063,479,1.7,4.9,Gerald Fitch
101123,Gerald,1610612738,BOS,20.0,32,13,19,0.406,373.68,66,138,0.478,6,20,0.3,29,37,0.784,10,31,41,18,22,13,4,2,41,21,167,-37,272.2,0,0,266.0,1,2005-06,11.7,96.6,95.1,95.1,100.2,97.9,97.9,-3.6,-2.8,-2.8,0.093,0.82,9.2,0.031,0.083,0.059,11.3,11.3,0.5,0.541,0.214,0.219,96.68,98.52,82.1,98.52,0.085,759,2.1,4.3,Gerald Green
2222,Gerald,1610612766,CHA,23.0,55,19,36,0.345,1895.0333333333333,317,589,0.538,14,50,0.28,188,306,0.614,123,289,412,96,99,138,115,64,150,285,836,-58,2134.4,10,0,1864.0,1,2005-06,34.5,102.1,103.5,103.5,104.6,105.6,105.6,-2.4,-2.0,-2.0,0.082,0.97,10.5,0.063,0.168,0.112,10.8,10.8,0.55,0.578,0.188,0.191,96.51,95.39,79.49,95.39,0.136,3775,5.8,10.7,Gerald Wallace
2240,Gilbert,1610612764,WAS,24.0,80,40,40,0.5,3384.255,746,1668,0.447,199,540,0.369,655,799,0.82,59,221,280,484,297,161,25,62,286,597,2346,207,3669.0,9,0,3681.0,1,2005-06,42.3,107.8,109.2,109.2,105.7,106.3,106.3,2.1,2.9,2.9,0.261,1.63,17.4,0.017,0.069,0.042,10.7,10.6,0.507,0.581,0.297,0.301,95.63,94.7,78.92,94.7,0.147,6683,9.3,20.9,Gilbert Arenas
1921,Gordan,1610612762,UTA,29.0,37,18,19,0.486,956.17,166,383,0.433,18,59,0.305,43,57,0.754,15,55,70,63,63,16,4,13,87,72,393,-82,568.5,0,0,584.0,1,2005-06,25.8,98.1,99.8,99.8,104.3,103.8,103.8,-6.2,-4.1,-4.1,0.128,1.0,11.8,0.017,0.064,0.04,11.8,11.8,0.457,0.482,0.227,0.23,90.35,89.78,74.82,89.78,0.059,1784,4.5,10.4,Gordan Giricek
255,Grant,1610612753,ORL,33.0,21,6,15,0.286,612.685,119,243,0.49,2,8,0.25,78,102,0.765,15,65,80,48,35,24,6,20,50,88,318,-45,541.0,0,0,508.0,1,2005-06,29.2,102.6,103.8,103.8,106.1,107.8,107.8,-3.5,-3.9,-3.9,0.142,1.37,12.9,0.026,0.122,0.073,9.4,9.4,0.494,0.552,0.243,0.245,93.0,91.7,76.42,91.7,0.126,1171,5.7,11.6,Grant Hill
1761,Greg,1610612743,DEN,29.0,73,41,32,0.562,1758.1716666666666,181,417,0.434,86,243,0.354,43,55,0.782,31,178,209,127,52,87,20,12,180,81,491,13,1201.3,0,0,1127.0,1,2005-06,24.1,102.7,102.7,102.7,102.1,102.0,102.0,0.6,0.7,0.7,0.11,2.44,20.6,0.018,0.105,0.061,8.4,8.4,0.537,0.556,0.122,0.126,96.55,96.62,80.52,96.62,0.076,3533,2.5,5.7,Greg Buckner
731,Greg,1610612762,UTA,33.0,60,30,30,0.5,807.0433333333333,61,124,0.492,0,0,0.0,24,48,0.5,82,143,225,58,46,6,66,18,129,52,146,-143,673.0,0,0,573.0,1,2005-06,13.5,94.4,94.5,94.5,103.8,103.7,103.7,-9.5,-9.2,-9.2,0.122,1.26,23.0,0.108,0.188,0.148,18.3,18.5,0.492,0.503,0.111,0.112,88.97,88.95,74.12,88.95,0.075,1493,1.0,2.1,Greg Ostertag
2775,Ha,1610612757,POR,20.0,27,4,23,0.148,211.73666666666668,18,31,0.581,0,0,0.0,8,17,0.471,14,35,49,1,14,3,8,2,41,16,44,-56,123.3,0,0,116.0,1,2005-06,7.8,99.7,98.8,98.8,112.4,110.2,110.2,-12.6,-11.5,-11.5,0.008,0.07,1.9,0.066,0.18,0.121,26.9,26.2,0.581,0.572,0.113,0.12,90.59,91.93,76.6,91.93,0.026,401,0.7,1.1,Ha Ha
101124,Hakim,1610612763,MEM,23.0,68,42,26,0.618,724.015,101,228,0.443,0,0,0.0,76,115,0.661,43,101,144,30,56,14,21,36,113,94,278,-78,544.8,0,0,522.0,1,2005-06,10.6,98.2,96.0,96.0,103.0,101.6,101.6,-4.9,-5.5,-5.5,0.08,0.54,8.2,0.063,0.147,0.105,15.3,15.4,0.443,0.499,0.213,0.221,90.59,92.25,76.88,92.25,0.06,1391,1.5,3.4,Hakim Warrick
2045,Hedo,1610612753,ORL,27.0,78,35,43,0.449,2615.2916666666665,398,877,0.454,114,283,0.403,255,296,0.861,70,263,333,216,130,70,21,30,234,201,1165,-55,2031.6,1,0,2010.0,1,2005-06,33.5,104.2,105.7,105.7,105.8,106.8,106.8,-1.6,-1.0,-1.0,0.142,1.66,16.1,0.03,0.106,0.069,9.7,9.6,0.519,0.578,0.202,0.206,90.73,89.66,74.71,89.66,0.111,4883,5.1,11.2,Hedo Turkoglu
458,Howard,1610612743,DEN,33.0,32,17,15,0.531,394.365,34,103,0.33,13,42,0.31,20,24,0.833,3,30,33,69,21,11,2,6,34,27,101,-68,262.1,0,0,242.0,2,2005-06,12.3,95.6,93.8,93.8,103.7,101.8,101.8,-8.1,-7.9,-7.9,0.294,3.29,33.8,0.008,0.081,0.044,10.3,10.3,0.393,0.445,0.151,0.158,95.23,97.07,80.89,97.07,0.072,795,1.1,3.2,Howard Eisley
101113,Ike,1610612744,GSW,22.0,69,26,43,0.377,1031.4083333333333,175,334,0.524,0,0,0.0,136,168,0.81,95,134,229,29,78,15,30,41,164,129,486,-78,861.3,3,0,834.0,1,2005-06,14.9,100.7,100.7,100.7,104.4,104.0,104.0,-3.7,-3.3,-3.3,0.051,0.37,5.7,0.089,0.136,0.112,15.2,15.1,0.524,0.596,0.204,0.208,95.07,95.24,79.37,95.24,0.092,2041,2.5,4.8,Ike Diogu
2137,Ime,1610612752,NYK,28.0,8,3,5,0.375,114.27,9,24,0.375,1,3,0.333,3,6,0.5,3,14,17,6,2,1,0,1,8,5,22,-13,52.4,0,0,48.0,1,2005-06,14.3,100.1,97.6,97.6,104.3,100.9,100.9,-4.2,-3.3,-3.3,0.082,3.0,17.1,0.032,0.13,0.084,5.7,5.8,0.396,0.413,0.119,0.121,87.72,90.31,75.26,90.31,0.051,212,1.1,3.0,Ime Udoka
1956,Ira,1610612739,CLE,31.0,36,23,13,0.639,353.34,17,57,0.298,3,13,0.231,11,16,0.688,21,35,56,9,12,5,10,5,47,10,48,-19,161.7,0,0,146.0,1,2005-06,9.8,105.2,102.8,102.8,101.8,101.7,101.7,3.4,1.1,1.1,0.039,0.75,10.6,0.062,0.096,0.079,14.1,14.1,0.325,0.375,0.096,0.099,94.26,95.36,79.47,95.36,0.008,689,0.5,1.6,Ira Newble
2747,JR,1610612740,NOK,20.0,55,24,31,0.436,989.1316666666668,144,366,0.393,52,140,0.371,83,101,0.822,19,91,110,58,54,37,4,22,90,76,423,-121,711.0,1,0,725.0,1,2005-06,18.0,97.5,98.8,98.8,105.5,105.1,105.1,-8.0,-6.3,-6.3,0.102,1.07,11.1,0.02,0.101,0.059,10.4,10.3,0.464,0.515,0.215,0.219,92.47,92.06,76.71,92.06,0.079,1896,2.6,6.7,JR Smith
2866,Jackie,1610612752,NYK,21.0,55,16,39,0.291,739.66,117,215,0.544,0,0,0.0,58,77,0.753,67,116,183,25,62,17,31,29,127,63,292,113,631.1,0,0,596.0,1,2005-06,13.4,109.5,108.5,108.5,102.5,100.4,100.4,7.0,8.1,8.1,0.056,0.4,7.5,0.109,0.165,0.139,18.6,18.5,0.544,0.587,0.188,0.193,92.07,93.42,77.85,93.42,0.088,1438,2.1,3.9,Jackie Butler
2761,Jackson,1610612740,NOK,25.0,41,22,19,0.537,405.6433333333333,26,66,0.394,0,0,0.0,21,44,0.477,33,53,86,11,21,12,11,11,78,40,73,25,240.7,0,0,216.0,1,2005-06,9.9,99.4,98.8,98.8,97.3,95.6,95.6,2.1,3.2,3.2,0.042,0.52,9.2,0.085,0.144,0.114,17.6,17.9,0.394,0.428,0.121,0.123,90.91,91.94,76.62,91.94,0.009,777,0.6,1.6,Jackson Vroman
1521,Jacque,1610612751,NJN,31.0,80,48,32,0.6,1234.3116666666667,107,245,0.437,1,6,0.167,59,81,0.728,16,75,91,123,52,42,1,10,140,78,274,-186,644.7,0,0,575.0,1,2005-06,15.4,94.3,91.4,91.4,100.3,98.1,98.1,-6.0,-6.8,-6.8,0.182,2.37,27.1,0.014,0.063,0.038,11.5,11.4,0.439,0.488,0.124,0.13,91.4,93.84,78.2,93.84,0.051,2401,1.3,3.1,Jacque Vaughn
2054,Jake,1610612763,MEM,27.0,51,30,21,0.588,732.4,100,165,0.606,0,0,0.0,57,87,0.655,78,134,212,13,39,14,32,19,107,66,257,123,629.9,5,0,574.0,1,2005-06,14.4,109.1,108.1,108.1,99.2,99.0,99.0,9.9,9.2,9.2,0.03,0.33,5.1,0.125,0.192,0.16,15.3,15.3,0.606,0.632,0.159,0.163,87.4,87.89,73.24,87.89,0.104,1341,2.0,3.2,Jake Tsakalidis
2063,Jake,1610612766,CHA,28.0,51,16,35,0.314,817.7266666666667,114,261,0.437,1,3,0.333,41,60,0.683,62,121,183,39,33,26,23,9,157,57,270,-27,662.1,0,0,591.0,1,2005-06,16.0,97.6,98.0,98.0,99.8,98.4,98.4,-2.3,-0.4,-0.4,0.08,1.18,10.8,0.071,0.164,0.113,9.2,9.2,0.439,0.47,0.171,0.174,96.49,96.97,80.81,96.97,0.058,1642,2.2,5.1,Jake Voskuhl
147,Jalen,1610612752,NYK,33.0,72,21,51,0.292,1982.2616666666668,290,685,0.423,59,172,0.343,248,318,0.78,28,183,211,181,115,30,13,38,156,231,887,-260,1425.7,1,0,1424.0,2,2005-06,27.5,103.7,104.6,104.6,110.9,111.9,111.9,-7.2,-7.3,-7.3,0.158,1.57,16.3,0.015,0.103,0.057,10.4,10.3,0.466,0.538,0.213,0.218,93.92,93.11,77.59,93.11,0.088,3855,4.0,9.5,Jalen Rose
2048,Jamaal,1610612749,MIL,28.0,82,40,42,0.488,2464.4566666666665,287,615,0.467,0,0,0.0,178,333,0.535,220,558,778,56,166,29,80,59,276,278,752,-101,1930.6,17,0,1804.0,1,2005-06,30.1,102.1,103.2,103.2,104.5,105.1,105.1,-2.4,-1.8,-1.8,0.036,0.34,5.7,0.096,0.244,0.17,16.8,16.9,0.467,0.494,0.174,0.175,92.16,91.42,76.19,91.42,0.078,4687,3.5,7.5,Jamaal Magloire
2224,Jamaal,1610612754,IND,28.0,42,20,22,0.476,1121.9633333333334,158,386,0.409,16,70,0.229,58,91,0.637,35,98,133,211,109,49,6,28,96,88,390,26,922.1,1,0,860.0,1,2005-06,26.7,99.8,100.8,100.8,100.2,100.2,100.2,-0.4,0.6,0.6,0.336,1.94,28.2,0.032,0.087,0.06,14.6,14.6,0.43,0.458,0.219,0.222,92.28,91.87,76.56,91.87,0.093,2154,3.8,9.2,Jamaal Tinsley
2037,Jamal,1610612752,NYK,26.0,79,21,58,0.266,2555.4483333333333,366,879,0.416,101,293,0.345,295,357,0.826,36,212,248,301,175,87,15,43,150,218,1128,-307,2008.1,3,0,1982.0,1,2005-06,32.3,101.9,102.5,102.5,108.9,108.6,108.6,-7.0,-6.1,-6.1,0.212,1.72,20.1,0.015,0.092,0.053,11.7,11.6,0.474,0.544,0.209,0.215,93.17,93.01,77.5,93.01,0.115,4950,4.6,11.1,Jamal Crawford
2441,Jamal,1610612758,SAC,23.0,12,5,7,0.417,38.516666666666666,5,7,0.714,0,0,0.0,0,2,0.0,5,13,18,5,0,0,4,0,5,2,10,6,51.1,0,0,41.0,1,2005-06,3.2,89.8,85.2,85.2,84.9,77.8,77.8,4.9,7.4,7.4,0.238,0.0,38.5,0.122,0.0,0.0,0.0,0.0,0.714,0.635,0.084,0.089,94.09,100.94,84.12,100.94,0.287,81,0.4,0.6,Jamal Sampson
2749,Jameer,1610612753,ORL,24.0,62,31,31,0.5,1784.0166666666669,347,719,0.483,70,165,0.424,141,181,0.779,39,141,180,302,148,70,9,41,174,172,905,68,1663.0,2,0,1615.0,1,2005-06,28.8,106.6,107.2,107.2,104.4,105.4,105.4,2.2,1.8,1.8,0.297,2.04,24.2,0.025,0.084,0.055,11.9,11.9,0.531,0.567,0.244,0.249,91.58,90.89,75.74,90.89,0.128,3381,5.6,11.6,Jameer Nelson
2592,James,1610612756,PHX,25.0,75,50,25,0.667,1771.65,243,581,0.418,110,285,0.386,103,121,0.851,44,209,253,57,35,38,49,12,142,128,699,180,1314.1,2,0,1293.0,1,2005-06,23.6,111.2,110.8,110.8,104.5,105.2,105.2,6.7,5.7,5.7,0.044,1.63,7.9,0.026,0.114,0.072,4.9,4.8,0.513,0.551,0.166,0.17,98.47,98.32,81.93,98.32,0.077,3617,3.2,7.7,James Jones
1899,James,1610612748,MIA,29.0,67,44,23,0.657,1913.71,159,395,0.403,117,290,0.403,48,61,0.787,33,286,319,89,58,54,20,10,196,81,483,210,1163.3,1,0,1156.0,1,2005-06,28.6,109.7,110.2,110.2,103.4,104.1,104.1,6.3,6.0,6.0,0.066,1.53,15.8,0.019,0.151,0.088,10.3,10.2,0.551,0.572,0.114,0.116,93.99,93.46,77.88,93.46,0.069,3719,2.4,5.9,James Posey
101189,James,1610612746,LAC,24.0,59,34,25,0.576,753.1883333333334,77,151,0.51,10,20,0.5,39,50,0.78,63,134,197,29,28,19,21,12,95,48,203,-50,574.9,3,0,519.0,1,2005-06,12.8,103.1,101.9,101.9,104.2,103.7,103.7,-1.1,-1.7,-1.7,0.059,1.04,12.6,0.091,0.184,0.139,12.1,12.2,0.543,0.587,0.121,0.125,92.56,93.36,77.8,93.36,0.092,1453,1.3,2.6,James Singleton
2839,James,1610612741,CHI,25.0,22,10,12,0.455,150.215,10,19,0.526,0,0,0.0,8,14,0.571,12,27,39,1,7,0,3,3,35,10,28,16,78.3,0,0,74.0,2,2005-06,6.8,106.1,101.6,101.6,99.3,97.7,97.7,6.9,3.9,3.9,0.011,0.14,2.9,0.08,0.179,0.13,20.6,21.1,0.526,0.556,0.092,0.095,96.8,99.7,83.08,99.7,0.015,314,0.5,0.9,James Thomas
2457,Jannero,1610612741,CHI,26.0,57,28,29,0.491,645.73,109,292,0.373,39,103,0.379,17,21,0.81,8,53,61,94,61,24,2,9,57,40,274,6,505.2,0,0,520.0,1,2005-06,11.3,97.0,95.5,95.5,97.0,95.8,95.8,0.0,-0.3,-0.3,0.266,1.54,20.6,0.012,0.079,0.045,13.3,13.4,0.44,0.455,0.239,0.248,96.83,98.23,81.86,98.23,0.079,1327,1.9,5.1,Jannero Pargo
2407,Jared,1610612764,WAS,24.0,77,39,38,0.506,1950.8516666666667,187,415,0.451,16,50,0.32,99,168,0.589,164,215,379,148,99,58,50,35,223,156,489,71,1390.8,2,0,1248.0,1,2005-06,25.3,105.2,105.3,105.3,102.8,103.0,103.0,2.4,2.3,2.3,0.114,1.49,20.1,0.083,0.114,0.098,13.4,13.5,0.47,0.5,0.133,0.136,94.48,94.36,78.63,94.36,0.064,3826,2.4,5.4,Jared Jeffries
101127,Jarrett,1610612757,POR,22.0,79,20,59,0.253,1598.8116666666667,189,428,0.442,20,76,0.263,128,160,0.8,18,142,160,219,102,41,2,20,138,128,526,-375,1073.5,0,0,1011.0,1,2005-06,20.2,95.1,94.7,94.7,108.0,107.5,107.5,-12.9,-12.8,-12.8,0.249,2.15,26.9,0.012,0.093,0.052,12.5,12.4,0.465,0.528,0.173,0.179,90.89,91.25,76.04,91.25,0.095,3047,2.4,5.4,Jarrett Jack
2260,Jarron,1610612762,UTA,27.0,79,39,40,0.494,1729.4516666666666,129,280,0.461,0,0,0.0,157,219,0.717,134,199,333,97,61,36,27,30,252,233,415,-21,1088.1,1,0,971.0,1,2005-06,21.9,99.3,100.1,100.1,100.2,100.0,100.0,-0.9,0.1,0.1,0.096,1.59,18.0,0.081,0.128,0.104,11.3,11.4,0.461,0.551,0.118,0.119,88.98,88.73,73.94,88.73,0.068,3185,1.6,3.5,Jarron Collins
2553,Jarvis,1610612764,WAS,24.0,21,9,12,0.429,515.8333333333334,77,183,0.421,17,47,0.362,25,30,0.833,19,57,76,27,22,16,1,11,38,23,196,13,356.7,0,0,350.0,1,2005-06,24.6,102.4,103.3,103.3,102.8,102.3,102.3,-0.4,1.0,1.0,0.087,1.23,11.1,0.034,0.112,0.071,9.0,9.0,0.467,0.499,0.18,0.185,96.83,96.64,80.53,96.64,0.083,1040,3.7,8.7,Jarvis Hayes
2215,Jason,1610612751,NJN,27.0,71,44,27,0.62,1894.86,104,262,0.397,3,12,0.25,44,86,0.512,93,249,342,70,61,46,40,22,251,129,255,150,967.4,0,0,842.0,1,2005-06,26.7,101.6,102.2,102.2,97.2,97.4,97.4,4.4,4.8,4.8,0.056,1.15,16.1,0.051,0.138,0.095,14.1,14.2,0.403,0.425,0.09,0.09,91.75,91.41,76.17,91.41,0.03,3597,1.5,3.7,Jason Collins
2078,Jason,1610612758,SAC,28.0,66,34,32,0.515,817.8083333333333,86,221,0.389,9,31,0.29,37,56,0.661,12,59,71,70,43,31,5,19,85,56,218,-54,473.2,0,0,440.0,1,2005-06,12.4,96.5,94.9,94.9,98.4,98.2,98.2,-1.9,-3.3,-3.3,0.152,1.63,19.4,0.016,0.073,0.045,11.9,12.0,0.41,0.444,0.164,0.168,91.86,92.79,77.33,92.79,0.047,1580,1.3,3.3,Jason Hart
2574,Jason,1610612748,MIA,25.0,51,30,21,0.588,665.0633333333334,79,177,0.446,21,53,0.396,28,33,0.848,12,59,71,37,20,7,3,9,89,29,207,-80,357.7,0,0,356.0,1,2005-06,13.0,96.7,95.3,95.3,103.3,102.0,102.0,-6.6,-6.7,-6.7,0.094,1.85,14.9,0.018,0.091,0.054,8.1,8.0,0.506,0.54,0.139,0.144,94.88,96.17,80.14,96.17,0.055,1337,1.5,3.5,Jason Kapono
467,Jason,1610612751,NJN,33.0,80,49,31,0.613,2975.3966666666665,366,905,0.404,139,395,0.352,194,244,0.795,86,494,580,672,192,150,29,27,157,174,1065,269,3114.0,28,8,2814.0,1,2005-06,37.2,104.6,105.3,105.3,100.2,101.0,101.0,4.3,4.3,4.3,0.369,3.5,36.0,0.03,0.174,0.101,10.3,10.2,0.481,0.526,0.184,0.188,93.12,92.41,77.01,92.41,0.158,5740,4.6,11.3,Jason Kidd
101131,Jason,1610612765,DET,23.0,26,20,6,0.769,158.76666666666668,23,54,0.426,0,0,0.0,14,42,0.333,12,16,28,3,11,4,5,1,14,23,60,-98,114.1,1,0,109.0,1,2005-06,6.1,96.1,91.0,91.0,120.9,120.8,120.8,-24.8,-29.7,-29.7,0.031,0.27,3.4,0.074,0.107,0.09,12.5,12.7,0.426,0.414,0.216,0.228,101.17,104.0,86.67,104.0,0.013,346,0.9,2.1,Jason Maxiell
2202,Jason,1610612744,GSW,25.0,75,32,43,0.427,2876.793333333333,641,1438,0.446,183,477,0.384,276,410,0.673,105,333,438,232,167,97,37,73,206,312,1741,41,2849.6,5,0,2862.0,1,2005-06,38.4,104.6,105.7,105.7,103.7,104.6,104.6,0.9,1.1,1.1,0.149,1.39,11.5,0.035,0.116,0.075,8.3,8.3,0.509,0.538,0.275,0.276,96.23,95.35,79.46,95.35,0.124,5704,8.5,19.2,Jason Richardson
1891,Jason,1610612742,DAL,28.0,80,58,22,0.725,2797.965,516,1099,0.47,171,416,0.411,168,210,0.8,31,127,158,306,135,100,27,45,196,193,1371,479,2265.6,2,0,2260.0,1,2005-06,35.0,111.3,112.1,112.1,102.6,103.2,103.2,8.7,9.0,9.0,0.189,2.27,18.7,0.012,0.048,0.03,8.2,8.3,0.547,0.575,0.219,0.221,89.94,89.32,74.43,89.32,0.113,5212,6.5,13.7,Jason Terry
1715,Jason,1610612748,MIA,30.0,59,38,21,0.644,1873.8033333333333,268,606,0.442,107,288,0.372,85,98,0.867,6,133,139,287,100,53,5,21,101,84,728,212,1399.3,1,0,1377.0,1,2005-06,31.8,107.9,108.2,108.2,101.8,102.4,102.4,6.1,5.9,5.9,0.234,2.87,27.9,0.004,0.07,0.039,9.7,9.7,0.531,0.561,0.181,0.186,94.08,93.68,78.07,93.68,0.106,3656,4.5,10.3,Jason Williams
1902,Jeff,1610612754,IND,29.0,63,30,33,0.476,1580.8416666666667,138,250,0.552,0,4,0.0,96,159,0.604,224,350,574,50,64,41,27,28,191,132,372,75,1275.8,7,0,1132.0,1,2005-06,25.1,103.3,102.9,102.9,100.6,100.2,100.2,2.7,2.7,2.7,0.05,0.78,11.5,0.146,0.227,0.186,14.7,14.7,0.552,0.581,0.11,0.112,91.07,91.42,76.19,91.42,0.107,3008,2.2,4.0,Jeff Foster
976,Jeff,1610612751,NJN,31.0,28,15,13,0.536,486.025,63,143,0.441,3,16,0.188,20,29,0.69,11,39,50,52,29,11,2,5,37,28,149,-176,297.0,0,0,280.0,1,2005-06,17.4,94.6,93.1,93.1,110.8,111.4,111.4,-16.2,-18.3,-18.3,0.212,1.79,21.9,0.024,0.087,0.055,12.2,12.2,0.451,0.478,0.175,0.181,91.81,92.29,76.91,92.29,0.073,932,2.3,5.1,Jeff McInnis
1983,Jermaine,1610612749,MIL,30.0,30,17,13,0.567,202.07333333333327,11,26,0.423,1,4,0.25,12,14,0.857,8,19,27,25,13,4,1,3,19,24,35,-117,106.9,0,0,98.0,1,2005-06,6.7,92.8,88.0,88.0,116.9,113.3,113.3,-24.2,-25.3,-25.3,0.217,1.92,36.2,0.043,0.095,0.07,18.8,18.5,0.442,0.544,0.097,0.106,94.55,98.58,82.15,98.58,0.059,409,0.4,0.9,Jermaine Jackson
979,Jermaine,1610612754,IND,27.0,51,26,25,0.51,1802.3933333333332,380,805,0.472,3,10,0.3,261,368,0.709,102,374,476,133,151,27,117,58,177,325,1024,103,2075.7,19,0,1924.0,1,2005-06,35.3,102.1,103.8,103.8,99.8,100.5,100.5,2.3,3.3,3.3,0.148,0.88,10.6,0.061,0.204,0.136,12.1,12.1,0.474,0.53,0.289,0.291,91.95,90.84,75.7,90.84,0.152,3407,7.5,15.8,Jermaine O'Neal
1744,Jerome,1610612752,NYK,30.0,45,11,34,0.244,405.9483333333333,56,121,0.463,0,0,0.0,25,40,0.625,39,52,91,12,51,3,23,6,104,39,137,-142,291.2,0,0,292.0,1,2005-06,9.0,90.7,90.9,90.9,109.5,107.5,107.5,-18.8,-16.7,-16.7,0.058,0.24,6.0,0.097,0.142,0.118,25.4,25.3,0.463,0.494,0.205,0.211,92.89,93.65,78.04,93.65,0.0,787,1.2,2.7,Jerome James
711,Jerry,1610612742,DAL,31.0,55,41,14,0.745,1525.1833333333334,242,603,0.401,36,130,0.277,195,221,0.882,32,121,153,160,121,37,10,33,96,180,715,145,1158.6,0,0,1158.0,1,2005-06,27.7,106.0,105.9,105.9,102.7,101.6,101.6,3.3,4.3,4.3,0.186,1.32,16.3,0.022,0.082,0.053,12.3,12.3,0.431,0.511,0.242,0.248,91.46,91.98,76.65,91.98,0.099,2932,4.4,11.0,Jerry Stackhouse
754,Jim,1610612747,LAL,35.0,40,27,13,0.675,512.145,47,160,0.294,18,74,0.243,9,13,0.692,11,65,76,35,35,12,6,5,51,14,121,2,283.7,0,0,286.0,2,2005-06,12.8,99.5,99.0,99.0,98.4,99.4,99.4,1.1,-0.4,-0.4,0.099,1.0,14.8,0.021,0.112,0.069,14.8,14.8,0.35,0.365,0.168,0.172,97.87,97.57,81.31,97.57,0.025,1044,1.2,4.0,Jim Jackson
2412,Jiri,1610612749,MIL,26.0,58,30,28,0.517,865.8583333333333,86,222,0.387,14,49,0.286,65,87,0.747,22,89,111,62,41,34,1,14,65,85,251,-195,541.2,0,0,508.0,1,2005-06,14.9,96.2,94.6,94.6,107.1,105.3,105.3,-10.9,-10.7,-10.7,0.122,1.51,16.9,0.025,0.112,0.066,11.2,11.3,0.419,0.482,0.154,0.157,95.55,97.21,81.01,97.21,0.07,1750,1.5,3.8,Jiri Welsch
2207,Joe,1610612737,ATL,25.0,82,26,56,0.317,3339.66,632,1395,0.453,128,360,0.356,261,330,0.791,98,237,335,536,267,103,31,40,187,267,1653,-374,2994.0,13,1,2920.0,1,2005-06,40.7,103.2,104.0,104.0,108.4,110.1,110.1,-5.3,-6.1,-6.1,0.29,2.01,23.1,0.03,0.078,0.053,11.5,11.4,0.499,0.537,0.241,0.246,92.67,91.61,76.34,91.61,0.125,6380,7.7,17.0,Joe Johnson
693,Joe,1610612749,MIL,30.0,44,20,24,0.455,886.91,145,305,0.475,0,2,0.0,89,115,0.774,83,147,230,31,40,24,13,20,120,122,379,-14,772.5,5,0,714.0,1,2005-06,20.2,106.2,105.7,105.7,106.9,106.5,106.5,-0.7,-0.8,-0.8,0.058,0.78,7.2,0.095,0.187,0.138,9.3,9.4,0.475,0.533,0.198,0.202,93.96,94.33,78.61,94.33,0.098,1743,3.3,6.9,Joe Smith
2038,Joel,1610612757,POR,26.0,56,16,40,0.286,1395.335,131,239,0.548,0,0,0.0,82,154,0.532,146,245,391,43,76,20,130,35,149,132,344,-237,1251.7,6,0,1078.0,1,2005-06,24.9,99.1,100.4,100.4,109.0,109.7,109.7,-9.9,-9.3,-9.3,0.049,0.57,10.0,0.111,0.188,0.149,17.7,17.9,0.548,0.561,0.131,0.131,88.04,87.2,72.67,87.2,0.09,2535,2.3,4.3,Joel Przybilla
101121,Joey,1610612761,TOR,24.0,80,26,54,0.325,1580.6016666666667,198,414,0.478,29,87,0.333,108,133,0.812,57,187,244,60,92,37,13,27,228,115,533,-176,973.8,0,0,966.0,1,2005-06,19.8,104.3,104.4,104.4,108.8,109.2,109.2,-4.5,-4.8,-4.8,0.061,0.65,9.6,0.038,0.125,0.081,14.7,14.7,0.513,0.564,0.164,0.167,93.57,93.35,77.79,93.35,0.056,3061,2.5,5.2,Joey Graham
101130,Johan,1610612760,SEA,20.0,68,26,42,0.382,1282.2733333333333,153,300,0.51,0,0,0.0,47,75,0.627,109,187,296,15,60,25,51,25,213,68,353,-149,898.7,2,0,816.0,1,2005-06,18.9,104.3,105.6,105.6,110.6,110.7,110.7,-6.3,-5.1,-5.1,0.018,0.25,3.7,0.089,0.155,0.122,14.6,14.7,0.51,0.53,0.14,0.141,94.16,93.58,77.99,93.58,0.047,2490,2.3,4.4,Johan Petro
2823,John,1610612737,ATL,24.0,40,11,29,0.275,295.99333333333334,31,64,0.484,0,0,0.0,8,11,0.727,18,30,48,5,12,3,15,7,76,14,70,-89,177.1,0,0,159.0,1,2005-06,7.4,98.6,95.3,95.3,111.4,109.9,109.9,-12.7,-14.7,-14.7,0.028,0.42,5.8,0.065,0.111,0.087,14.0,14.0,0.484,0.508,0.122,0.127,93.75,96.0,80.0,96.0,0.001,591,0.8,1.6,John Edwards
101249,John,1610612745,HOU,23.0,13,4,9,0.308,106.64166666666668,14,36,0.389,2,9,0.222,0,0,0.0,2,3,5,12,7,5,0,2,6,1,30,-7,62.0,0,0,59.0,1,2005-06,8.2,92.1,89.2,89.2,101.8,96.1,96.1,-9.7,-6.9,-6.9,0.2,1.71,21.8,0.017,0.033,0.024,12.7,12.7,0.417,0.417,0.176,0.186,90.0,94.07,78.39,94.07,0.055,213,1.1,2.8,John Lucas III
2422,John,1610612755,PHI,26.0,82,38,44,0.463,2059.366666666667,219,521,0.42,26,87,0.299,155,200,0.775,48,172,220,223,125,73,13,59,178,175,619,-190,1350.5,3,0,1260.0,1,2005-06,25.1,102.3,102.1,102.1,106.4,106.2,106.2,-4.2,-4.1,-4.1,0.172,1.78,23.3,0.024,0.087,0.055,13.0,13.1,0.445,0.508,0.159,0.163,95.12,95.31,79.42,95.31,0.069,4078,2.7,6.4,John Salmons
1519,John,1610612751,NJN,30.0,16,5,11,0.313,127.45,6,15,0.4,0,0,0.0,3,4,0.75,10,10,20,2,8,3,2,2,17,5,15,-12,49.0,0,0,47.0,3,2005-06,8.0,102.4,99.1,99.1,106.2,104.3,104.3,-3.7,-5.1,-5.1,0.026,0.25,7.4,0.096,0.094,0.095,29.6,29.9,0.4,0.447,0.091,0.094,86.3,88.51,73.75,88.51,0.003,235,0.4,0.9,John Thomas
468,Jon,1610612745,HOU,36.0,20,7,13,0.35,342.24666666666667,25,65,0.385,12,32,0.375,24,29,0.828,1,30,31,26,22,13,1,2,25,18,86,-46,182.2,0,0,183.0,1,2005-06,17.1,99.0,99.2,99.2,107.3,107.3,107.3,-8.4,-8.0,-8.0,0.129,1.18,21.0,0.003,0.09,0.047,17.7,17.5,0.477,0.553,0.133,0.138,91.4,91.3,76.09,91.3,0.062,654,1.3,3.3,Jon Barry
1886,Jonathan,1610612754,IND,25.0,2,1,1,0.5,20.683333333333334,4,5,0.8,0,0,0.0,2,2,1.0,0,4,4,2,0,0,1,1,2,3,10,-8,20.8,0,0,18.0,1,2005-06,10.3,108.6,102.5,102.5,120.3,116.7,116.7,-11.8,-14.2,-14.2,0.167,0.0,25.0,0.0,0.235,0.0,0.0,0.0,0.8,0.85,0.146,0.148,91.06,95.15,79.29,95.15,0.169,40,2.0,2.5,Jonathan Bender
101181,Jose,1610612761,TOR,24.0,64,18,46,0.281,1486.7416666666666,132,312,0.423,7,43,0.163,78,92,0.848,30,111,141,288,101,42,4,29,93,96,349,-108,987.2,2,0,877.0,1,2005-06,23.2,105.5,105.1,105.1,108.7,108.3,108.3,-3.2,-3.2,-3.2,0.301,2.85,38.8,0.021,0.079,0.05,13.6,13.6,0.434,0.495,0.138,0.141,93.98,94.34,78.61,94.34,0.085,2915,2.1,4.9,Jose Calderon
2735,Josh,1610612737,ATL,23.0,74,24,50,0.324,2248.833333333333,278,504,0.552,32,65,0.492,154,201,0.766,134,253,387,131,101,86,39,49,184,152,742,-188,1676.9,6,0,1542.0,1,2005-06,30.4,106.1,105.8,105.8,109.6,110.8,110.8,-3.5,-4.9,-4.9,0.095,1.3,15.8,0.063,0.119,0.091,12.2,12.3,0.583,0.626,0.137,0.14,92.9,92.53,77.11,92.53,0.106,4347,3.8,6.8,Josh Childress
2668,Josh,1610612756,PHX,25.0,6,2,4,0.333,16.89666666666667,2,7,0.286,0,2,0.0,2,3,0.667,3,1,4,1,1,2,0,0,3,3,6,-16,17.3,0,0,15.0,3,2005-06,2.8,67.3,63.9,63.9,111.9,100.0,100.0,-44.7,-36.1,-36.1,0.125,1.0,10.0,0.12,0.0,0.0,10.0,9.7,0.286,0.361,0.191,0.211,98.06,106.53,88.77,106.53,0.041,36,0.3,1.2,Josh Davis
2572,Josh,1610612742,DAL,26.0,59,44,15,0.746,1915.19,350,743,0.471,27,63,0.429,196,267,0.734,123,248,371,111,79,68,26,51,167,213,923,314,1737.7,12,0,1620.0,1,2005-06,32.5,111.2,112.2,112.2,102.3,102.9,102.9,8.9,9.3,9.3,0.1,1.41,10.6,0.07,0.138,0.104,7.5,7.5,0.489,0.536,0.225,0.227,90.73,90.09,75.07,90.09,0.123,3585,5.9,12.6,Josh Howard
2694,Josh,1610612742,DAL,23.0,37,25,12,0.676,429.0283333333333,37,81,0.457,0,0,0.0,36,45,0.8,28,53,81,9,22,7,4,8,52,32,110,-2,231.7,0,0,222.0,1,2005-06,11.6,106.9,104.1,104.1,105.4,104.3,104.3,1.5,-0.2,-0.2,0.034,0.41,6.7,0.077,0.134,0.106,16.4,16.7,0.457,0.546,0.132,0.137,89.39,91.07,75.89,91.07,0.055,814,1.0,2.2,Josh Powell
2746,Josh,1610612737,ATL,20.0,80,26,54,0.325,2558.563333333333,329,774,0.425,34,110,0.309,210,292,0.719,176,355,531,191,162,64,208,33,260,235,902,-317,2479.7,11,0,2202.0,1,2005-06,32.0,101.9,102.1,102.1,107.1,107.8,107.8,-5.2,-5.7,-5.7,0.124,1.18,15.2,0.07,0.146,0.108,12.9,12.9,0.447,0.5,0.187,0.19,92.72,92.33,76.94,92.33,0.097,4904,4.1,9.7,Josh Smith
2413,Juan,1610612757,POR,27.0,76,19,57,0.25,1920.2733333333333,357,821,0.435,65,170,0.382,156,194,0.804,30,147,177,149,113,58,6,42,157,146,935,-335,1449.9,0,0,1454.0,1,2005-06,25.3,99.1,99.6,99.6,110.1,108.8,108.8,-11.0,-9.1,-9.1,0.144,1.32,12.8,0.016,0.082,0.048,9.7,9.7,0.474,0.516,0.242,0.249,90.46,90.8,75.67,90.8,0.09,3631,4.7,10.8,Juan Dixon
101125,Julius,1610612743,DEN,22.0,14,7,7,0.5,33.016666666666666,5,13,0.385,0,0,0.0,3,8,0.375,5,2,7,6,8,2,0,4,7,4,13,2,28.4,0,0,30.0,1,2005-06,2.4,102.4,93.1,93.1,103.2,86.7,86.7,-0.9,6.4,6.4,0.333,0.75,19.4,0.0,0.0,0.0,25.8,26.2,0.385,0.393,0.313,0.334,93.33,106.86,89.05,106.86,-0.025,72,0.4,0.9,Julius Hodge
1908,Jumaine,1610612766,CHA,27.0,76,23,53,0.303,2088.43,298,736,0.405,115,335,0.343,88,121,0.727,105,271,376,63,74,68,22,21,200,125,799,-250,1540.7,3,0,1533.0,1,2005-06,27.5,99.7,100.2,100.2,105.8,106.3,106.3,-6.1,-6.0,-6.0,0.05,0.85,6.8,0.047,0.143,0.091,8.0,8.0,0.483,0.506,0.179,0.183,96.09,95.62,79.69,95.62,0.077,4161,3.9,9.7,Jumaine Jones
2770,Justin,1610612750,MIN,24.0,72,26,46,0.361,996.515,119,295,0.403,0,1,0.0,87,120,0.725,53,71,124,41,52,23,15,42,163,108,325,-172,597.3,0,0,566.0,2,2005-06,13.8,95.3,93.2,93.2,101.8,100.4,100.4,-6.5,-7.2,-7.2,0.072,0.79,9.2,0.056,0.073,0.064,11.7,11.8,0.403,0.467,0.183,0.188,93.46,95.11,79.26,95.11,0.026,1959,1.7,4.1,Justin Reed
436,Juwan,1610612745,HOU,33.0,80,34,46,0.425,2537.145,394,859,0.459,0,4,0.0,154,191,0.806,168,367,535,112,133,49,8,63,235,155,942,-250,1790.0,10,0,1703.0,1,2005-06,31.7,96.4,97.5,97.5,102.0,102.8,102.8,-5.6,-5.4,-5.4,0.084,0.84,9.4,0.068,0.148,0.108,11.2,11.2,0.459,0.499,0.198,0.201,90.79,89.91,74.93,89.91,0.091,4755,4.9,10.7,Juwan Howard
2416,Kareem,1610612766,CHA,25.0,47,13,34,0.277,1111.2716666666668,181,469,0.386,57,164,0.348,55,77,0.714,18,85,103,50,65,38,13,9,79,68,474,-179,760.6,0,0,786.0,1,2005-06,23.6,97.1,97.5,97.5,104.8,105.4,105.4,-7.7,-7.9,-7.9,0.079,0.77,8.1,0.015,0.083,0.047,10.6,10.5,0.447,0.471,0.221,0.225,97.0,96.52,80.43,96.52,0.06,2233,3.9,10.0,Kareem Rush
2586,Keith,1610612745,HOU,26.0,72,25,47,0.347,1912.415,215,544,0.395,65,200,0.325,127,186,0.683,55,200,255,128,90,71,9,45,167,163,622,-205,1270.0,0,0,1230.0,2,2005-06,26.6,97.2,96.8,96.8,102.7,102.4,102.4,-5.5,-5.7,-5.7,0.117,1.42,15.2,0.029,0.109,0.069,10.7,10.7,0.455,0.497,0.169,0.173,93.17,93.49,77.91,93.49,0.073,3728,3.0,7.6,Keith Bogans
2693,Keith,1610612762,UTA,26.0,66,36,30,0.545,1232.0583333333334,120,340,0.353,24,82,0.293,106,133,0.797,11,67,78,151,76,42,9,11,131,116,370,-119,767.1,0,0,725.0,1,2005-06,18.7,97.7,98.7,98.7,103.9,103.9,103.9,-6.2,-5.1,-5.1,0.219,1.99,24.0,0.01,0.064,0.036,12.1,12.1,0.388,0.464,0.18,0.182,89.33,88.87,74.05,88.87,0.056,2280,1.8,5.2,Keith McLeod
1496,Keith,1610612742,DAL,30.0,53,38,15,0.717,1089.4683333333332,164,387,0.424,50,136,0.368,94,113,0.832,54,138,192,37,71,31,11,24,121,82,472,95,812.9,2,0,835.0,1,2005-06,20.6,107.1,106.7,106.7,103.3,102.3,102.3,3.8,4.4,4.4,0.06,0.52,6.7,0.052,0.13,0.091,12.9,13.0,0.488,0.54,0.211,0.214,91.92,92.52,77.1,92.52,0.089,2101,3.1,7.3,Keith Van Horn
1509,Kelvin,1610612765,DET,31.0,27,12,15,0.444,333.2033333333333,36,84,0.429,0,0,0.0,26,35,0.743,20,50,70,4,18,6,12,11,52,32,98,-52,224.0,0,0,208.0,2,2005-06,12.3,93.0,92.8,92.8,101.5,101.0,101.0,-8.5,-8.1,-8.1,0.022,0.22,3.3,0.062,0.162,0.111,14.6,14.8,0.429,0.493,0.164,0.166,90.22,90.54,75.45,90.54,0.053,628,1.3,3.1,Kelvin Cato
2570,Kendrick,1610612738,BOS,21.0,68,25,43,0.368,1332.27,137,266,0.515,0,2,0.0,80,130,0.615,140,264,404,69,107,21,105,32,199,115,354,-56,1213.3,4,0,1079.0,1,2005-06,19.6,101.9,101.6,101.6,103.8,103.3,103.3,-1.8,-1.7,-1.7,0.081,0.64,13.9,0.115,0.212,0.164,21.5,21.4,0.515,0.548,0.145,0.149,93.5,93.85,78.21,93.85,0.081,2599,2.0,3.9,Kendrick Perkins
1903,Kenny,1610612758,SAC,28.0,82,44,38,0.537,2292.89,305,604,0.505,0,1,0.0,138,204,0.676,199,419,618,168,135,72,39,50,196,188,748,-37,1939.6,20,1,1756.0,1,2005-06,28.0,101.4,102.2,102.2,102.3,103.0,103.0,-0.9,-0.8,-0.8,0.122,1.24,16.9,0.089,0.188,0.139,13.6,13.5,0.505,0.539,0.163,0.165,94.55,93.9,78.25,93.9,0.111,4486,3.7,7.4,Kenny Thomas
2030,Kenyon,1610612743,DEN,28.0,56,25,31,0.446,1545.9383333333333,297,600,0.495,5,22,0.227,121,170,0.712,93,260,353,79,72,43,52,43,171,124,720,55,1475.1,7,0,1347.0,1,2005-06,27.6,104.1,104.9,104.9,101.4,102.9,102.9,2.7,2.0,2.0,0.086,1.1,9.6,0.064,0.17,0.119,8.7,8.7,0.499,0.533,0.216,0.219,96.02,94.9,79.08,94.9,0.112,3053,5.3,10.7,Kenyon Martin
101207,Kevin,1610612766,CHA,27.0,39,12,27,0.308,340.18333333333334,22,88,0.25,10,54,0.185,16,17,0.941,4,22,26,48,25,26,2,6,63,16,70,-2,232.2,0,0,210.0,1,2005-06,8.7,94.8,91.7,91.7,95.5,91.1,91.1,-0.6,0.6,0.6,0.242,1.92,28.6,0.011,0.071,0.039,14.9,14.8,0.307,0.367,0.151,0.159,96.56,100.53,83.78,100.53,0.015,709,0.6,2.3,Kevin Burleson
708,Kevin,1610612750,MIN,30.0,76,31,45,0.408,2957.3966666666665,626,1191,0.526,8,30,0.267,396,489,0.81,214,752,966,308,180,104,107,36,206,444,1656,40,3730.2,62,0,3360.0,1,2005-06,38.9,102.2,103.8,103.8,101.4,102.7,102.7,0.8,1.1,1.1,0.194,1.71,16.3,0.081,0.26,0.175,9.6,9.5,0.529,0.589,0.252,0.256,91.34,90.03,75.03,90.03,0.214,5537,8.2,15.7,Kevin Garnett
2755,Kevin,1610612758,SAC,23.0,72,40,32,0.556,1912.825,262,546,0.48,66,179,0.369,188,222,0.847,58,203,261,97,81,55,9,34,138,174,778,38,1347.7,2,0,1330.0,1,2005-06,26.6,103.0,103.4,103.4,102.2,102.2,102.2,0.8,1.2,1.2,0.085,1.2,11.8,0.032,0.107,0.07,9.9,9.9,0.54,0.604,0.169,0.172,95.88,95.7,79.75,95.7,0.099,3809,3.6,7.6,Kevin Martin
1563,Kevin,1610612755,PHI,33.0,70,33,37,0.471,1069.27,75,174,0.431,1,3,0.333,41,49,0.837,13,85,98,101,29,33,3,9,103,56,192,-202,540.1,0,0,464.0,1,2005-06,15.3,98.5,97.3,97.3,106.1,105.5,105.5,-7.7,-8.1,-8.1,0.154,3.48,31.0,0.013,0.085,0.048,8.9,8.9,0.434,0.491,0.096,0.099,93.05,93.87,78.22,93.87,0.053,2075,1.1,2.5,Kevin Ollie
2039,Keyon,1610612753,ORL,26.0,50,23,27,0.46,1136.986666666667,178,405,0.44,13,43,0.302,101,121,0.835,11,67,78,109,82,49,4,25,116,118,470,37,804.1,0,0,776.0,1,2005-06,22.7,103.4,103.3,103.3,100.8,101.1,101.1,2.6,2.3,2.3,0.166,1.33,16.8,0.011,0.059,0.036,12.6,12.6,0.456,0.513,0.222,0.227,90.52,90.45,75.37,90.45,0.082,2137,3.6,8.1,Keyon Dooling
2550,Kirk,1610612741,CHI,25.0,81,40,41,0.494,2954.6866666666665,451,1078,0.418,126,341,0.37,256,314,0.815,29,259,288,514,188,94,21,45,251,302,1284,-22,2557.6,11,0,2442.0,1,2005-06,36.5,101.7,103.4,103.4,101.2,103.4,103.4,0.5,0.0,0.0,0.289,2.73,26.9,0.01,0.087,0.049,9.8,9.8,0.477,0.528,0.212,0.215,95.61,93.81,78.17,93.81,0.115,5763,5.6,13.3,Kirk Hinrich
2745,Kirk,1610612740,NOK,23.0,68,28,40,0.412,1309.725,205,453,0.453,46,129,0.357,86,117,0.735,55,106,161,102,70,29,23,17,106,109,542,27,974.2,1,0,955.0,1,2005-06,19.3,103.5,103.2,103.2,102.5,102.2,102.2,1.0,1.0,1.0,0.13,1.46,15.1,0.045,0.088,0.067,10.4,10.3,0.503,0.537,0.204,0.209,89.67,89.97,74.98,89.97,0.091,2456,3.0,6.7,Kirk Snyder
977,Kobe,1610612747,LAL,27.0,80,45,35,0.563,3277.1,978,2173,0.45,180,518,0.347,696,819,0.85,71,354,425,360,250,147,30,82,233,650,2832,318,4163.0,4,0,4151.0,1,2005-06,41.0,108.4,109.7,109.7,103.7,105.0,105.0,4.7,4.7,4.7,0.228,1.44,11.5,0.022,0.112,0.067,8.0,8.0,0.491,0.559,0.378,0.384,94.36,93.2,77.67,93.2,0.181,6371,12.2,27.2,Kobe Bryant
2743,Kris,1610612762,UTA,21.0,62,27,35,0.435,619.3766666666667,77,203,0.379,0,5,0.0,34,65,0.523,56,101,157,30,31,23,16,15,82,57,188,-80,507.4,1,0,453.0,1,2005-06,10.0,94.9,94.7,94.7,105.3,100.8,100.8,-10.4,-6.1,-6.1,0.09,0.97,10.2,0.087,0.176,0.129,10.5,10.6,0.379,0.406,0.187,0.192,90.51,92.57,77.14,92.57,0.068,1191,1.2,3.3,Kris Humphries
703,Kurt,1610612756,PHX,33.0,53,36,17,0.679,1411.115,190,391,0.486,0,0,0.0,75,92,0.815,102,313,415,57,57,23,54,21,193,129,455,242,1212.5,8,0,1081.0,1,2005-06,26.6,107.4,108.1,108.1,97.9,98.9,98.9,9.5,9.2,9.2,0.057,1.0,10.4,0.076,0.211,0.147,10.4,10.4,0.486,0.527,0.156,0.157,97.46,96.66,80.55,96.66,0.091,2832,3.6,7.4,Kurt Thomas
2198,Kwame,1610612747,LAL,24.0,72,39,33,0.542,1978.285,204,388,0.526,0,1,0.0,128,235,0.545,182,291,473,72,100,27,46,40,196,222,536,75,1330.6,7,0,1227.0,1,2005-06,27.5,104.4,104.9,104.9,101.4,102.4,102.4,3.0,2.5,2.5,0.056,0.72,10.9,0.096,0.152,0.125,15.1,15.1,0.526,0.545,0.136,0.138,92.64,91.95,76.62,91.95,0.073,3780,2.8,5.4,Kwame Brown
2594,Kyle,1610612755,PHI,25.0,82,38,44,0.463,2562.833333333333,327,761,0.43,184,438,0.42,101,119,0.849,27,243,270,163,98,65,26,20,224,124,939,-53,1682.5,1,0,1738.0,1,2005-06,31.3,104.1,104.4,104.4,105.5,105.9,105.9,-1.4,-1.5,-1.5,0.101,1.66,15.4,0.011,0.099,0.054,9.2,9.1,0.551,0.577,0.155,0.161,95.89,95.52,79.6,95.52,0.077,5112,4.0,9.3,Kyle Korver
1885,Lamar,1610612747,LAL,26.0,80,45,35,0.563,3220.7883333333334,445,925,0.481,80,215,0.372,216,313,0.69,181,557,738,443,213,75,64,58,256,286,1186,241,2940.1,29,2,2725.0,1,2005-06,40.3,105.8,107.0,107.0,102.2,103.2,103.2,3.6,3.8,3.8,0.22,2.08,25.8,0.058,0.176,0.117,12.4,12.4,0.524,0.558,0.179,0.18,93.93,92.93,77.44,92.93,0.13,6238,5.6,11.6,Lamar Odom
441,Lamond,1610612751,NJN,33.0,57,37,20,0.649,575.5416666666666,72,181,0.398,27,78,0.346,25,40,0.625,29,103,132,13,22,17,7,2,66,32,196,-42,423.9,0,0,416.0,1,2005-06,10.1,98.1,94.9,94.9,102.4,99.3,99.3,-4.3,-4.4,-4.4,0.042,0.59,5.5,0.053,0.188,0.12,9.4,9.4,0.472,0.493,0.177,0.183,90.04,92.95,77.46,92.95,0.084,1118,1.3,3.2,Lamond Murray
1919,Laron,1610612747,LAL,28.0,25,14,11,0.56,278.75666666666666,40,84,0.476,3,18,0.167,21,24,0.875,8,35,43,15,24,11,5,3,25,23,104,-40,202.1,0,0,197.0,1,2005-06,11.2,93.0,90.0,90.0,95.8,96.9,96.9,-2.8,-6.9,-6.9,0.104,0.63,11.2,0.029,0.127,0.078,17.9,18.0,0.494,0.55,0.19,0.199,93.87,94.88,79.07,94.88,0.104,550,1.6,3.4,Laron Profit
1716,Larry,1610612739,CLE,27.0,36,23,13,0.639,1281.1483333333333,192,469,0.409,28,76,0.368,146,193,0.756,26,135,161,131,99,53,21,34,117,143,558,25,1070.7,1,0,1026.0,1,2005-06,35.6,107.5,108.5,108.5,105.4,107.0,107.0,2.1,1.5,1.5,0.174,1.32,16.6,0.021,0.111,0.066,12.6,12.6,0.439,0.504,0.234,0.235,93.25,92.07,76.73,92.07,0.086,2452,5.3,13.0,Larry Hughes
101160,Lawrence,1610612763,MEM,23.0,33,23,10,0.697,180.75833333333333,20,44,0.455,0,2,0.0,11,23,0.478,26,23,49,5,5,8,2,4,30,18,51,4,142.3,1,0,125.0,1,2005-06,5.5,99.5,92.8,92.8,98.4,93.0,93.0,1.1,-0.2,-0.2,0.048,1.0,7.8,0.149,0.131,0.14,7.8,7.8,0.455,0.471,0.141,0.154,89.36,95.2,79.33,95.2,0.061,361,0.6,1.3,Lawrence Roberts
2544,LeBron,1610612739,CLE,21.0,79,47,32,0.595,3360.616666666667,875,1823,0.48,127,379,0.335,601,814,0.738,75,481,556,521,260,123,66,65,181,591,2478,275,4233.7,21,5,4060.0,1,2005-06,42.5,107.2,108.2,108.2,103.1,104.4,104.4,4.2,3.8,3.8,0.315,2.0,17.7,0.023,0.15,0.086,8.9,8.8,0.515,0.568,0.329,0.336,92.25,91.25,76.05,91.25,0.192,6404,11.1,23.1,LeBron James
2571,Leandro,1610612756,PHX,23.0,57,36,21,0.632,1592.2616666666668,273,567,0.481,87,196,0.444,111,147,0.755,31,119,150,158,89,48,6,33,145,142,744,111,1234.0,0,0,1247.0,1,2005-06,27.9,110.1,109.7,109.7,106.6,106.6,106.6,3.5,3.1,3.1,0.143,1.78,18.0,0.02,0.072,0.047,10.1,10.1,0.558,0.589,0.197,0.201,98.9,99.06,82.55,99.06,0.088,3290,4.8,9.9,Leandro Barbosa
1924,Lee,1610612755,PHI,31.0,22,11,11,0.5,237.22833333333327,40,80,0.5,0,0,0.0,13,15,0.867,23,19,42,7,10,8,4,4,32,13,93,0,179.9,0,0,166.0,1,2005-06,10.8,107.6,106.0,106.0,105.9,105.3,105.3,1.7,0.7,0.7,0.048,0.7,6.8,0.101,0.084,0.093,9.7,9.7,0.5,0.537,0.178,0.185,94.37,95.4,79.5,95.4,0.076,470,1.8,3.6,Lee Nailon
101132,Linas,1610612743,DEN,21.0,61,33,28,0.541,518.9433333333334,77,173,0.445,2,13,0.154,57,81,0.704,38,78,116,15,16,10,13,13,87,56,213,-25,427.7,0,0,392.0,1,2005-06,8.5,100.5,99.2,99.2,102.6,100.6,100.6,-2.1,-1.3,-1.3,0.047,0.94,6.3,0.069,0.151,0.109,6.7,6.7,0.451,0.51,0.183,0.189,97.36,98.92,82.44,98.92,0.071,1064,1.3,2.8,Linas Kleiza
283,Lindsey,1610612765,DET,35.0,30,21,9,0.7,353.245,37,100,0.37,11,43,0.256,2,4,0.5,10,30,40,62,20,19,1,3,44,11,87,24,268.0,0,0,240.0,1,2005-06,11.8,98.4,96.2,96.2,93.5,91.0,91.0,4.9,5.2,5.2,0.283,3.1,33.7,0.028,0.088,0.057,10.9,10.9,0.425,0.427,0.157,0.163,90.38,92.67,77.23,92.67,0.076,676,1.2,3.3,Lindsey Hunter
2669,Linton,1610612740,NOK,26.0,36,13,23,0.361,524.4933333333333,61,149,0.409,13,36,0.361,18,27,0.667,40,82,122,14,28,12,12,10,61,26,153,-48,364.4,1,0,350.0,2,2005-06,14.6,103.4,102.4,102.4,107.6,106.8,106.8,-4.1,-4.4,-4.4,0.042,0.5,6.9,0.079,0.173,0.125,13.7,13.8,0.453,0.476,0.164,0.167,90.29,91.06,75.88,91.06,0.062,993,1.7,4.1,Linton Johnson
2437,Lonny,1610612766,CHA,27.0,41,13,28,0.317,400.54333333333335,45,104,0.433,0,0,0.0,28,35,0.8,45,72,117,4,20,11,8,15,56,40,118,20,301.4,1,0,277.0,2,2005-06,9.8,102.4,101.7,101.7,100.7,99.6,99.6,1.7,2.0,2.0,0.017,0.2,2.8,0.114,0.198,0.154,14.0,13.9,0.433,0.494,0.152,0.157,92.75,93.59,77.99,93.59,0.075,783,1.1,2.5,Lonny Baxter
2254,Loren,1610612761,TOR,28.0,27,7,20,0.259,324.02666666666664,28,59,0.475,0,1,0.0,6,14,0.429,44,66,110,4,16,9,23,4,49,23,62,-21,280.0,1,0,240.0,1,2005-06,12.0,108.0,107.7,107.7,108.5,108.6,108.6,-0.5,-0.9,-0.9,0.018,0.25,4.7,0.134,0.216,0.173,18.8,18.8,0.475,0.476,0.111,0.114,93.38,93.47,77.89,93.47,0.066,624,1.0,2.2,Loren Woods
953,Lorenzen,1610612763,MEM,30.0,78,47,31,0.603,1688.795,194,406,0.478,0,2,0.0,66,117,0.564,142,253,395,48,67,52,46,44,201,106,454,141,1227.0,3,0,1093.0,1,2005-06,21.7,101.0,102.0,102.0,97.1,97.0,97.0,3.9,4.9,4.9,0.049,0.72,8.4,0.091,0.163,0.127,11.7,11.7,0.478,0.496,0.149,0.153,86.85,86.45,72.04,86.45,0.077,3037,2.5,5.2,Lorenzen Wright
101150,Lou,1610612755,PHI,19.0,30,14,16,0.467,144.70333333333335,23,52,0.442,2,9,0.222,8,13,0.615,3,16,19,10,13,5,0,8,13,9,56,-24,95.8,0,0,97.0,1,2005-06,4.8,99.2,94.7,94.7,105.6,100.7,100.7,-6.5,-6.0,-6.0,0.12,0.77,12.5,0.022,0.119,0.071,16.3,16.1,0.462,0.485,0.218,0.234,90.35,94.7,78.92,94.7,0.061,282,0.8,1.7,Lou Williams
2739,Luke,1610612739,CLE,24.0,36,19,17,0.528,315.3233333333333,29,85,0.341,12,36,0.333,26,33,0.788,16,24,40,25,31,11,2,4,30,24,96,-25,189.5,0,0,199.0,1,2005-06,8.8,97.5,97.3,97.3,103.3,103.1,103.1,-5.8,-5.9,-5.9,0.137,0.81,16.0,0.049,0.083,0.065,19.9,19.9,0.412,0.482,0.176,0.182,93.5,93.69,78.08,93.69,0.047,621,0.8,2.4,Luke Jackson
2557,Luke,1610612760,SEA,25.0,79,34,45,0.43,2625.0066666666667,334,799,0.418,43,149,0.289,199,227,0.877,47,188,235,550,162,123,22,40,178,197,910,-217,2290.0,12,0,2028.0,1,2005-06,33.2,108.0,109.5,109.5,113.2,113.9,113.9,-5.2,-4.4,-4.4,0.312,3.4,34.2,0.018,0.078,0.047,10.1,10.1,0.445,0.506,0.177,0.18,95.27,94.34,78.62,94.34,0.102,5165,4.2,10.1,Luke Ridnour
101195,Luke,1610612741,CHI,24.0,20,11,9,0.55,148.58333333333334,16,26,0.615,0,0,0.0,4,13,0.308,8,21,29,7,5,1,3,3,21,10,36,10,88.3,0,0,80.0,1,2005-06,7.4,96.4,96.0,96.0,96.1,94.3,94.3,0.3,1.8,1.8,0.072,1.4,15.9,0.051,0.144,0.095,11.4,11.4,0.615,0.567,0.109,0.111,95.29,96.43,80.36,96.43,0.063,301,0.8,1.3,Luke Schenscher
2575,Luke,1610612747,LAL,26.0,69,38,31,0.551,1332.6633333333334,135,328,0.412,18,55,0.327,57,76,0.75,88,159,247,156,78,41,15,21,119,88,345,63,965.4,1,0,878.0,1,2005-06,19.3,104.7,103.6,103.6,101.4,101.6,101.6,3.3,1.9,1.9,0.189,2.0,26.1,0.067,0.125,0.095,13.1,13.1,0.439,0.477,0.148,0.152,92.62,92.98,77.48,92.98,0.086,2588,2.0,4.8,Luke Walton
2736,Luol,1610612741,CHI,21.0,78,39,39,0.5,2603.623333333333,442,954,0.463,21,78,0.269,207,276,0.75,127,389,516,147,105,72,50,67,128,213,1112,105,2212.7,11,0,2040.0,1,2005-06,33.4,102.0,103.6,103.6,99.6,101.3,101.3,2.4,2.3,2.3,0.095,1.4,11.0,0.048,0.145,0.097,7.9,7.9,0.474,0.517,0.202,0.204,96.01,94.44,78.7,94.44,0.125,5117,5.7,12.2,Luol Deng
101129,Luther,1610612745,HOU,23.0,80,32,48,0.4,2309.971666666667,254,630,0.403,113,313,0.361,86,123,0.699,33,233,266,215,119,89,9,37,169,98,707,-40,1523.7,1,0,1497.0,1,2005-06,28.9,98.5,98.3,98.3,99.3,99.6,99.6,-0.8,-1.3,-1.3,0.167,1.81,21.1,0.015,0.102,0.059,11.7,11.7,0.493,0.517,0.163,0.167,89.89,89.88,74.9,89.88,0.087,4334,3.2,7.9,Luther Head
2573,Maciej,1610612745,HOU,21.0,6,1,5,0.167,27.65,2,11,0.182,0,0,0.0,0,2,0.0,4,5,9,2,3,0,0,1,2,2,4,-3,14.8,0,0,15.0,2,2005-06,4.6,88.8,87.3,87.3,105.6,94.4,94.4,-16.8,-7.2,-7.2,0.133,0.67,11.8,0.148,0.0,0.0,17.6,17.8,0.182,0.168,0.234,0.24,88.81,94.61,78.84,94.61,-0.041,55,0.3,1.8,Maciej Lampe
2124,Malik,1610612741,CHI,28.0,54,28,26,0.519,701.4716666666667,121,247,0.49,1,1,1.0,23,38,0.605,44,96,140,20,34,14,16,14,92,52,266,49,520.0,0,0,487.0,1,2005-06,13.0,98.5,99.4,99.4,96.1,96.3,96.3,2.4,3.0,3.0,0.047,0.59,6.3,0.059,0.131,0.095,10.7,10.7,0.492,0.504,0.183,0.186,98.12,97.58,81.31,97.58,0.074,1429,2.2,4.6,Malik Allen
990,Malik,1610612752,NYK,31.0,72,20,52,0.278,1117.9266666666667,105,281,0.374,1,1,1.0,107,137,0.781,84,175,259,67,80,43,14,35,145,125,318,-278,820.3,4,0,759.0,1,2005-06,15.5,98.9,99.9,99.9,111.7,111.4,111.4,-12.8,-11.5,-11.5,0.099,0.84,13.6,0.077,0.178,0.125,16.2,16.4,0.375,0.466,0.169,0.17,94.18,93.82,78.18,93.82,0.064,2172,1.5,3.9,Malik Rose
1938,Manu,1610612759,SAS,28.0,65,51,14,0.785,1812.965,309,669,0.462,83,217,0.382,280,360,0.778,42,188,230,235,121,101,26,33,156,311,981,409,1869.5,2,0,1783.0,1,2005-06,27.9,109.1,107.9,107.9,97.0,96.5,96.5,12.1,11.4,11.4,0.215,1.94,19.9,0.025,0.108,0.068,10.2,10.2,0.524,0.593,0.238,0.245,92.01,92.8,77.33,92.8,0.148,3510,4.8,10.3,Manu Ginobili
1531,Marc,1610612740,NOK,31.0,64,28,36,0.438,1027.1,174,369,0.472,1,2,0.5,66,82,0.805,86,131,217,44,65,13,8,27,126,89,415,-139,739.4,2,0,719.0,2,2005-06,16.0,101.0,101.4,101.4,108.4,107.9,107.9,-7.4,-6.5,-6.5,0.078,0.68,8.6,0.089,0.143,0.115,12.6,12.6,0.473,0.512,0.209,0.214,90.66,90.69,75.57,90.69,0.079,1934,2.7,5.8,Marc Jackson
2556,Marcus,1610612750,MIN,24.0,58,20,38,0.345,1496.0283333333334,219,468,0.468,22,63,0.349,118,147,0.803,23,112,135,220,119,54,11,30,162,133,578,-114,1146.0,0,0,1085.0,2,2005-06,25.8,99.6,100.1,100.1,103.9,103.7,103.7,-4.3,-3.6,-3.6,0.251,1.85,25.2,0.017,0.077,0.048,13.6,13.7,0.491,0.543,0.199,0.202,93.94,93.75,78.13,93.75,0.094,2918,3.8,8.1,Marcus Banks
948,Marcus,1610612743,DEN,32.0,56,29,27,0.518,1856.9983333333328,302,649,0.465,1,11,0.091,111,156,0.712,132,536,668,115,92,79,184,15,158,143,716,34,2387.1,30,0,2026.0,1,2005-06,33.2,102.2,103.3,103.3,100.2,101.8,101.8,2.1,1.4,1.4,0.099,1.25,12.4,0.073,0.276,0.178,9.9,9.9,0.466,0.499,0.189,0.191,98.51,97.21,81.01,97.21,0.153,3751,5.4,11.6,Marcus Camby
2033,Marcus,1610612740,NOK,27.0,3,0,3,0.0,38.98333333333333,9,17,0.529,1,1,1.0,1,2,0.5,1,6,7,1,2,0,0,1,5,1,20,-12,27.9,0,0,29.0,1,2005-06,13.0,97.4,97.3,97.3,116.8,115.1,115.1,-19.4,-17.8,-17.8,0.05,0.5,4.8,0.029,0.188,0.104,9.5,9.6,0.559,0.559,0.238,0.243,89.79,90.5,75.42,90.5,0.087,74,3.0,5.7,Marcus Fizer
2435,Mario,1610612753,ORL,26.0,28,8,20,0.286,212.70666666666668,31,69,0.449,0,0,0.0,18,23,0.783,24,36,60,3,15,2,3,9,69,17,80,-16,156.5,0,0,153.0,1,2005-06,7.6,104.5,102.9,102.9,108.9,109.1,109.1,-4.3,-6.2,-6.2,0.024,0.2,3.1,0.121,0.185,0.153,15.3,15.4,0.449,0.506,0.193,0.199,92.0,92.63,77.2,92.63,0.012,415,1.1,2.5,Mario Kasun
1548,Mark,1610612750,MIN,30.0,81,28,53,0.346,2239.556666666667,373,734,0.508,0,0,0.0,168,222,0.757,96,269,365,99,194,40,76,45,254,212,914,-160,1654.5,3,0,1610.0,2,2005-06,27.6,101.0,102.4,102.4,104.5,106.2,106.2,-3.6,-3.8,-3.8,0.076,0.51,8.8,0.049,0.124,0.089,17.3,17.2,0.508,0.549,0.211,0.213,94.16,92.76,77.3,92.76,0.077,4331,4.6,9.1,Mark Blount
2058,Mark,1610612750,MIN,30.0,62,27,35,0.435,676.3666666666667,27,66,0.409,0,7,0.0,20,47,0.426,50,91,141,11,26,23,17,10,114,62,74,-21,353.7,0,0,306.0,1,2005-06,10.9,95.3,96.1,96.1,97.8,97.6,97.6,-2.5,-1.5,-1.5,0.025,0.42,8.9,0.072,0.139,0.104,21.0,21.0,0.409,0.427,0.076,0.077,90.43,90.13,75.11,90.13,0.015,1269,0.4,1.1,Mark Madsen
2060,Marko,1610612750,MIN,27.0,75,31,44,0.413,2101.6383333333333,226,566,0.399,40,133,0.301,95,138,0.688,60,173,233,293,127,108,21,35,189,141,587,39,1566.1,2,0,1411.0,1,2005-06,28.0,100.6,101.6,101.6,99.9,101.0,101.0,0.7,0.6,0.6,0.223,2.31,27.9,0.031,0.085,0.058,12.1,12.1,0.435,0.468,0.169,0.172,90.44,89.52,74.6,89.52,0.082,3927,3.0,7.5,Marko Jaric
2605,Marquis,1610612742,DAL,25.0,62,43,19,0.694,1766.3166666666666,246,512,0.48,4,19,0.211,138,183,0.754,81,143,224,172,100,67,13,39,143,153,634,161,1300.8,0,0,1194.0,1,2005-06,28.5,107.0,106.5,106.5,101.1,101.1,101.1,5.8,5.4,5.4,0.162,1.72,19.9,0.05,0.084,0.067,11.6,11.6,0.484,0.535,0.18,0.184,89.87,90.09,75.07,90.09,0.1,3306,4.0,8.3,Marquis Daniels
101110,Martell,1610612757,POR,19.0,61,11,50,0.18,1070.0,139,348,0.399,65,182,0.357,61,71,0.859,29,101,130,34,43,21,14,15,90,60,404,-245,673.0,0,0,703.0,1,2005-06,17.5,97.5,97.6,97.6,112.1,110.0,110.0,-14.6,-12.4,-12.4,0.055,0.79,7.4,0.026,0.105,0.063,9.4,9.4,0.493,0.533,0.179,0.183,91.18,92.03,76.69,92.03,0.07,2056,2.3,5.7,Martell Webster
101149,Martynas,1610612739,CLE,20.0,6,1,5,0.167,9.366666666666667,0,1,0.0,0,0,0.0,0,0,0.0,1,3,4,0,0,2,0,0,1,0,0,11,10.8,0,0,8.0,1,2005-06,1.6,104.2,104.5,104.5,67.1,50.0,50.0,37.1,54.5,54.5,0.0,0.0,0.0,0.0,0.0,0.0,0.0,0.0,0.0,0.0,0.04,0.042,102.39,117.86,98.22,117.86,0.152,22,0.0,0.2,Martynas Andriuskevicius
101107,Marvin,1610612737,ATL,20.0,79,25,54,0.316,1952.2616666666668,235,531,0.443,13,53,0.245,189,253,0.747,122,261,383,63,83,48,24,56,227,181,672,-87,1359.1,4,0,1275.0,1,2005-06,24.7,105.1,104.0,104.0,107.0,106.8,106.8,-1.9,-2.8,-2.8,0.052,0.76,8.0,0.064,0.142,0.102,10.5,10.5,0.455,0.523,0.161,0.166,94.76,95.34,79.45,95.34,0.075,3887,3.0,6.7,Marvin Williams
2043,Mateen,1610612760,SEA,28.0,27,10,17,0.37,230.475,25,71,0.352,4,16,0.25,19,24,0.792,2,12,14,42,14,3,2,2,30,17,73,-37,153.8,0,0,143.0,1,2005-06,8.5,100.0,98.3,98.3,110.0,106.3,106.3,-10.0,-8.0,-8.0,0.318,3.0,30.2,0.008,0.055,0.03,10.1,10.2,0.38,0.448,0.18,0.186,93.55,96.01,80.01,96.01,0.054,461,0.9,2.6,Mateen Cleaves
2440,Matt,1610612755,PHI,26.0,56,24,32,0.429,630.8166666666667,70,140,0.5,3,15,0.2,32,47,0.681,48,73,121,28,30,20,7,17,100,36,175,-6,413.2,0,0,381.0,2,2005-06,11.3,100.6,98.8,98.8,99.9,97.7,97.7,0.7,1.1,1.1,0.075,0.93,12.7,0.077,0.115,0.096,13.6,13.7,0.511,0.545,0.13,0.135,95.09,97.02,80.85,97.02,0.06,1265,1.3,2.5,Matt Barnes
2588,Matt,1610612761,TOR,26.0,78,26,52,0.333,1709.515,209,467,0.448,102,243,0.42,63,76,0.829,86,198,284,56,32,49,31,16,216,88,583,-108,1215.8,2,0,1185.0,1,2005-06,21.9,106.8,106.4,106.4,110.5,109.6,109.6,-3.7,-3.3,-3.3,0.053,1.75,9.6,0.052,0.131,0.09,5.5,5.4,0.557,0.582,0.142,0.146,92.63,93.19,77.66,93.19,0.076,3319,2.7,6.0,Matt Bonner
2679,Matt,1610612766,CHA,25.0,78,24,54,0.308,1275.3833333333334,192,476,0.403,72,185,0.389,138,168,0.821,34,123,157,35,48,47,11,28,120,113,594,-34,960.9,0,0,974.0,1,2005-06,16.4,100.0,99.9,99.9,103.0,101.6,101.6,-2.9,-1.7,-1.7,0.048,0.73,5.6,0.025,0.105,0.062,7.7,7.6,0.479,0.54,0.198,0.206,96.87,97.57,81.31,97.57,0.086,2597,2.5,6.1,Matt Carroll
1723,Matt,1610612762,UTA,30.0,71,35,36,0.493,1943.8033333333333,322,678,0.475,14,39,0.359,227,313,0.725,158,210,368,98,109,59,14,54,202,263,885,-98,1583.6,4,0,1511.0,1,2005-06,27.4,101.4,101.8,101.8,105.0,104.8,104.8,-3.6,-3.0,-3.0,0.095,0.9,9.5,0.085,0.115,0.1,10.6,10.7,0.485,0.542,0.214,0.218,91.51,91.42,76.18,91.42,0.105,3708,4.5,9.5,Matt Harpring
101190,Matt,1610612748,MIA,23.0,2,2,0,1.0,3.3833333333333333,1,1,1.0,0,0,0.0,0,2,0.0,0,0,0,0,1,0,0,0,0,2,2,-13,1.0,0,0,2.0,1,2005-06,1.7,22.5,20.0,20.0,163.0,166.7,166.7,-140.5,-146.7,-146.7,0.0,0.0,0.0,0.0,0.0,0.0,33.3,34.7,1.0,0.532,0.3,0.324,128.25,134.78,112.32,134.78,-0.095,10,0.5,0.5,Matt Walsh
2230,Maurice,1610612765,DET,27.0,80,64,16,0.8,1138.7483333333332,154,341,0.452,43,116,0.371,52,65,0.8,76,87,163,60,39,41,15,6,122,51,403,17,817.6,0,0,781.0,1,2005-06,14.2,103.5,102.0,102.0,100.8,100.5,100.5,2.7,1.5,1.5,0.088,1.54,12.8,0.066,0.081,0.073,8.3,8.3,0.515,0.545,0.16,0.166,90.25,91.03,75.86,91.03,0.082,2152,1.9,4.3,Maurice Evans
1508,Maurice,1610612752,NYK,29.0,67,17,50,0.254,1209.4983333333332,182,389,0.468,0,1,0.0,58,83,0.699,65,164,229,53,103,21,14,27,177,113,422,-143,778.3,1,0,774.0,1,2005-06,18.1,101.4,101.1,101.1,107.6,107.0,107.0,-6.2,-5.9,-5.9,0.078,0.51,9.1,0.06,0.145,0.103,17.7,17.7,0.468,0.496,0.198,0.202,92.57,92.94,77.45,92.94,0.054,2340,2.7,5.8,Maurice Taylor
2246,Mehmet,1610612762,UTA,27.0,82,41,41,0.5,2944.4933333333333,519,1128,0.46,80,234,0.342,354,454,0.78,211,535,746,194,163,40,73,66,285,345,1472,-115,2834.2,35,0,2718.0,1,2005-06,35.9,102.8,104.2,104.2,105.6,106.0,106.0,-2.7,-1.8,-1.8,0.126,1.19,11.6,0.077,0.198,0.137,9.8,9.7,0.496,0.554,0.231,0.236,90.2,89.4,74.5,89.4,0.144,5477,6.3,13.8,Mehmet Okur
2408,Melvin,1610612766,CHA,28.0,57,20,37,0.351,1348.05,216,425,0.508,0,2,0.0,128,192,0.667,94,183,277,76,100,29,44,29,160,199,560,-73,1125.4,2,0,1059.0,1,2005-06,23.7,99.1,99.5,99.5,102.7,102.1,102.1,-3.6,-2.5,-2.5,0.1,0.76,11.1,0.068,0.146,0.105,14.6,14.6,0.508,0.55,0.201,0.205,94.08,94.11,78.42,94.11,0.094,2640,3.8,7.5,Melvin Ely
2684,Melvin,1610612759,SAS,25.0,16,14,2,0.875,112.93,16,33,0.485,2,3,0.667,7,10,0.7,4,19,23,3,8,5,0,2,20,9,41,-19,80.1,0,0,79.0,1,2005-06,7.1,93.7,89.0,89.0,96.5,95.5,95.5,-2.8,-6.5,-6.5,0.048,0.38,6.1,0.04,0.173,0.109,16.3,16.5,0.515,0.548,0.183,0.191,91.34,94.15,78.46,94.15,0.077,219,1.0,2.1,Melvin Sanders
1897,Metta,1610612758,SAC,26.0,56,36,20,0.643,2206.9566666666665,350,867,0.404,78,253,0.308,206,305,0.675,75,211,286,203,131,122,41,62,164,268,984,347,1989.7,2,0,1877.0,2,2005-06,39.4,106.1,106.9,106.9,97.9,98.9,98.9,8.2,8.0,8.0,0.157,1.55,15.2,0.036,0.098,0.068,9.8,9.8,0.449,0.491,0.234,0.236,93.29,92.48,77.07,92.48,0.096,4255,6.3,15.5,Metta World Peace
2214,Michael,1610612755,PHI,27.0,46,24,22,0.522,367.43666666666667,32,79,0.405,1,5,0.2,2,3,0.667,40,67,107,17,19,5,7,3,39,9,67,-54,237.9,0,0,216.0,1,2005-06,8.0,94.3,91.7,91.7,102.1,100.4,100.4,-7.8,-8.7,-8.7,0.085,0.89,14.7,0.108,0.19,0.148,16.4,16.3,0.411,0.417,0.12,0.126,90.88,92.88,77.4,92.88,0.071,715,0.7,1.7,Michael Bradley
1720,Michael,1610612748,MIA,29.0,31,19,12,0.613,371.1383333333333,37,88,0.42,0,0,0.0,24,30,0.8,23,62,85,8,14,10,7,7,45,26,98,-102,249.0,0,0,225.0,1,2005-06,12.0,93.2,89.4,89.4,103.8,104.5,104.5,-10.7,-15.2,-15.2,0.039,0.57,6.4,0.066,0.174,0.121,11.2,11.4,0.42,0.484,0.141,0.146,92.86,94.48,78.73,94.48,0.073,735,1.2,2.8,Michael Doleac
714,Michael,1610612759,SAS,33.0,77,59,18,0.766,2037.9183333333333,286,695,0.412,110,279,0.394,98,115,0.852,31,216,247,116,62,37,7,12,97,80,780,231,1320.4,1,0,1341.0,1,2005-06,26.5,103.4,102.0,102.0,97.1,96.5,96.5,6.4,5.5,5.5,0.096,1.87,12.7,0.017,0.108,0.064,6.8,6.7,0.491,0.523,0.182,0.19,90.56,91.49,76.24,91.49,0.098,3894,3.7,9.0,Michael Finley
1709,Michael,1610612738,BOS,31.0,48,20,28,0.417,918.3133333333334,107,240,0.446,0,0,0.0,24,47,0.511,50,170,220,23,55,22,33,13,122,57,238,-91,646.5,2,0,591.0,2,2005-06,19.1,93.7,94.8,94.8,98.7,100.0,100.0,-5.0,-5.2,-5.2,0.044,0.42,6.8,0.061,0.201,0.132,16.2,16.2,0.446,0.456,0.169,0.172,88.64,87.55,72.96,87.55,0.063,1673,2.2,5.0,Michael Olowokandi
2072,Michael,1610612749,MIL,26.0,80,39,41,0.488,3129.8866666666668,682,1516,0.45,163,413,0.395,501,571,0.877,78,264,342,229,170,95,5,84,157,435,2028,83,2911.9,0,0,2962.0,1,2005-06,39.1,105.0,106.3,106.3,104.7,105.3,105.3,0.3,1.0,1.0,0.133,1.35,10.6,0.026,0.09,0.058,7.9,7.8,0.504,0.574,0.277,0.281,94.14,93.31,77.76,93.31,0.138,6095,8.5,19.0,Michael Redd
1913,Michael,1610612764,WAS,29.0,76,39,37,0.513,1010.0783333333334,34,77,0.442,0,2,0.0,37,74,0.5,122,149,271,27,38,33,31,10,179,68,105,-56,624.7,0,0,531.0,1,2005-06,13.3,104.0,102.6,102.6,105.1,104.9,104.9,-1.1,-2.2,-2.2,0.042,0.71,15.3,0.121,0.163,0.141,21.6,21.8,0.442,0.479,0.064,0.066,94.88,95.59,79.66,95.59,0.032,2006,0.4,1.0,Michael Ruffin
2552,Michael,1610612741,CHI,23.0,66,31,35,0.47,1222.3966666666668,200,444,0.45,0,0,0.0,133,204,0.652,118,232,350,59,95,19,56,48,209,170,533,-59,1171.5,6,0,1092.0,1,2005-06,18.5,98.2,99.2,99.2,99.7,100.7,100.7,-1.4,-1.5,-1.5,0.084,0.62,8.6,0.099,0.19,0.145,13.8,13.8,0.45,0.499,0.233,0.236,94.81,93.83,78.19,93.83,0.086,2378,3.0,6.7,Michael Sweetney
2554,Mickael,1610612744,GSW,24.0,52,20,32,0.385,1179.3633333333332,169,418,0.404,56,176,0.318,87,143,0.608,58,105,163,44,78,33,10,31,132,112,481,-131,793.6,1,0,830.0,1,2005-06,22.7,97.6,97.9,97.9,104.0,103.2,103.2,-6.4,-5.3,-5.3,0.066,0.56,7.3,0.046,0.092,0.068,12.9,12.9,0.471,0.5,0.206,0.209,95.67,95.85,79.87,95.85,0.052,2352,3.3,8.0,Mickael Pietrus
1710,Mike,1610612758,SAC,28.0,82,44,38,0.537,3166.766666666667,597,1382,0.432,192,497,0.386,342,403,0.849,29,211,240,444,199,82,10,33,169,351,1728,141,2759.0,8,0,2788.0,1,2005-06,38.6,105.4,106.5,106.5,103.4,103.9,103.9,2.0,2.6,2.6,0.244,2.23,20.2,0.01,0.067,0.039,9.0,9.0,0.501,0.554,0.249,0.252,95.33,94.58,78.82,94.58,0.117,6229,7.3,16.9,Mike Bibby
2399,Mike,1610612744,GSW,25.0,81,33,48,0.407,2577.53,331,816,0.406,74,260,0.285,196,252,0.778,78,321,399,237,120,60,32,27,199,264,932,-44,1922.3,3,0,1826.0,1,2005-06,31.8,103.0,103.7,103.7,103.8,104.3,104.3,-0.8,-0.7,-0.7,0.147,1.98,18.5,0.029,0.125,0.076,9.4,9.3,0.451,0.503,0.178,0.18,96.88,96.32,80.26,96.32,0.089,5168,4.1,10.1,Mike Dunleavy
2229,Mike,1610612761,TOR,31.0,79,25,54,0.316,2924.57,576,1228,0.469,169,382,0.442,283,338,0.837,45,217,262,460,206,72,3,71,214,296,1604,-136,2627.4,11,0,2645.0,1,2005-06,37.0,107.9,108.6,108.6,110.2,110.9,110.9,-2.3,-2.3,-2.3,0.276,2.23,22.7,0.016,0.084,0.049,10.1,10.1,0.538,0.583,0.245,0.25,93.33,92.72,77.27,92.72,0.125,5646,7.3,15.5,Mike James
2034,Mike,1610612763,MEM,26.0,74,42,32,0.568,2267.583333333333,354,760,0.466,138,339,0.407,168,210,0.8,42,355,397,200,140,52,27,29,173,175,1014,83,1887.4,6,1,1907.0,1,2005-06,30.6,102.7,103.1,103.1,101.1,101.2,101.2,1.6,1.9,1.9,0.171,1.43,17.0,0.02,0.168,0.094,11.9,11.7,0.557,0.595,0.206,0.213,88.85,88.61,73.84,88.61,0.141,4188,4.8,10.3,Mike Miller
2366,Mike,1610612760,SEA,27.0,47,21,26,0.447,347.4483333333333,29,90,0.322,3,19,0.158,25,41,0.61,9,30,39,32,24,14,1,11,34,38,86,-5,201.8,0,0,190.0,2,2005-06,7.4,99.4,97.8,97.8,98.3,96.8,96.8,1.1,1.0,1.0,0.158,1.33,19.4,0.026,0.085,0.056,14.5,14.6,0.339,0.398,0.169,0.175,93.11,94.63,78.86,94.63,0.034,679,0.6,1.9,Mike Wilks
1630,Mikki,1610612760,SEA,30.0,47,18,29,0.383,583.1016666666667,54,124,0.435,0,2,0.0,46,62,0.742,44,86,130,27,40,7,15,9,92,65,154,-8,376.5,0,0,355.0,1,2005-06,12.4,107.2,108.2,108.2,109.8,107.9,107.9,-2.6,0.3,0.3,0.069,0.68,12.3,0.078,0.155,0.116,18.2,18.3,0.435,0.509,0.146,0.147,94.18,94.54,78.79,94.54,0.044,1143,1.1,2.6,Mikki Moore
1960,Milt,1610612762,UTA,28.0,71,33,38,0.465,1375.635,171,403,0.424,1,16,0.063,98,150,0.653,17,117,134,190,110,47,14,47,125,124,441,-91,959.8,0,0,888.0,1,2005-06,19.4,98.2,98.9,98.9,102.9,102.0,102.0,-4.7,-3.0,-3.0,0.257,1.73,24.6,0.013,0.091,0.052,14.2,14.3,0.426,0.47,0.192,0.195,90.84,90.93,75.78,90.93,0.081,2600,2.4,5.7,Milt Palacio
2590,Mo,1610612749,MIL,23.0,58,27,31,0.466,1531.205,267,629,0.424,73,191,0.382,96,113,0.85,30,113,143,230,105,52,7,27,146,140,703,-95,1291.6,1,0,1267.0,1,2005-06,26.4,102.3,103.1,103.1,107.4,106.2,106.2,-5.0,-3.1,-3.1,0.259,2.19,22.7,0.019,0.082,0.049,10.4,10.4,0.483,0.518,0.224,0.229,94.41,94.58,78.81,94.58,0.1,3017,4.6,10.8,Mo Williams
101145,Monta,1610612744,GSW,20.0,49,16,33,0.327,885.965,132,318,0.415,28,82,0.341,42,59,0.712,22,83,105,78,58,32,11,31,69,56,334,8,648.0,0,0,631.0,1,2005-06,18.1,99.9,99.4,99.4,100.0,98.9,98.9,-0.1,0.5,0.5,0.152,1.34,16.3,0.023,0.093,0.057,12.1,12.1,0.459,0.486,0.191,0.196,97.43,98.2,81.83,98.2,0.082,1812,2.7,6.5,Monta Ellis
983,Moochie,1610612740,NOK,32.0,45,14,31,0.311,423.6333333333333,46,112,0.411,4,14,0.286,29,42,0.69,12,42,54,50,33,20,1,10,49,33,125,-50,294.8,0,0,275.0,2,2005-06,9.4,96.2,95.2,95.2,104.3,101.3,101.3,-8.1,-6.1,-6.1,0.215,1.52,23.4,0.029,0.106,0.067,15.4,15.5,0.429,0.479,0.178,0.184,87.83,89.62,74.69,89.62,0.071,790,1.0,2.5,Moochie Norris
2050,Morris,1610612761,TOR,28.0,82,27,55,0.329,3140.273333333333,478,1096,0.436,177,448,0.395,241,294,0.82,65,316,381,190,126,104,15,21,223,261,1374,-217,2347.2,3,0,2360.0,1,2005-06,38.3,107.1,107.7,107.7,110.4,111.6,111.6,-3.3,-3.8,-3.8,0.1,1.51,12.4,0.021,0.115,0.066,8.2,8.2,0.517,0.561,0.196,0.199,93.58,92.8,77.34,92.8,0.093,6079,5.8,13.4,Morris Peterson
101126,Nate,1610612752,NYK,22.0,72,21,51,0.292,1543.6516666666666,230,565,0.407,58,146,0.397,152,202,0.752,56,111,167,147,114,59,1,44,201,166,670,-85,1156.9,0,0,1162.0,1,2005-06,21.4,102.5,102.4,102.4,105.8,104.4,104.4,-3.3,-2.0,-2.0,0.17,1.29,16.0,0.039,0.076,0.058,12.4,12.5,0.458,0.512,0.222,0.227,93.08,93.8,78.17,93.8,0.071,3004,3.2,7.8,Nate Robinson
1737,Nazr,1610612759,SAS,28.0,80,62,18,0.775,1389.118333333333,190,377,0.504,0,0,0.0,113,144,0.785,163,255,418,40,91,21,49,55,220,116,493,134,1173.6,5,0,1091.0,1,2005-06,17.4,106.0,104.1,104.1,99.6,99.1,99.1,6.4,5.0,5.0,0.047,0.44,7.0,0.127,0.193,0.161,16.0,15.9,0.504,0.56,0.175,0.181,90.09,91.1,75.92,91.1,0.09,2638,2.4,4.7,Nazr Mohammed
2420,Nenad,1610612751,NJN,22.0,80,48,32,0.6,2469.335,447,881,0.507,1,4,0.25,185,265,0.698,182,331,513,88,133,32,63,84,297,272,1080,269,1979.6,12,0,1872.0,1,2005-06,30.9,104.5,105.8,105.8,99.2,99.3,99.3,5.3,6.5,6.5,0.063,0.66,7.2,0.078,0.142,0.11,10.9,10.9,0.508,0.541,0.214,0.215,91.96,91.35,76.13,91.35,0.089,4682,5.6,11.0,Nenad Krstic
2403,ene,1610612743,DEN,23.0,1,0,1,0.0,2.55,0,1,0.0,0,0,0.0,0,0,0.0,0,0,0,0,2,0,0,0,1,0,0,-6,-2.0,0,0,0.0,1,2005-06,2.6,40.0,33.3,33.3,136.1,133.3,133.3,-96.1,-100.0,-100.0,0.0,0.0,0.0,0.0,0.0,0.0,66.7,66.7,0.0,0.0,0.429,0.5,102.4,112.94,94.12,112.94,-0.533,6,0.0,1.0,Nene
2555,Nick,1610612760,SEA,25.0,66,27,39,0.409,1448.045,207,394,0.525,0,3,0.0,79,113,0.699,143,225,368,74,77,21,35,33,213,112,493,39,1136.6,8,0,1047.0,1,2005-06,21.9,109.9,111.2,111.2,109.8,110.1,110.1,0.1,1.1,1.1,0.079,0.96,12.5,0.102,0.168,0.134,13.0,12.9,0.525,0.556,0.157,0.16,93.68,93.01,77.51,93.01,0.08,2810,3.1,6.0,Nick Collison
89,Nick,1610612759,SAS,34.0,65,51,14,0.785,986.0233333333332,136,343,0.397,55,154,0.357,28,41,0.683,6,85,91,123,57,16,3,12,60,47,355,2,648.7,0,0,662.0,1,2005-06,15.2,98.7,97.4,97.4,98.6,97.5,97.5,0.1,-0.2,-0.2,0.22,2.16,22.7,0.006,0.089,0.048,10.5,10.5,0.477,0.492,0.199,0.205,89.15,90.28,75.23,90.28,0.089,1857,2.1,5.3,Nick Van Exel
2401,Nikoloz,1610612756,PHX,23.0,17,11,6,0.647,99.025,13,37,0.351,1,3,0.333,9,14,0.643,9,13,22,3,6,1,2,2,8,11,36,-31,69.9,0,0,68.0,2,2005-06,5.8,92.5,87.4,87.4,105.9,103.9,103.9,-13.3,-16.6,-16.6,0.057,0.5,5.8,0.078,0.118,0.098,11.5,11.5,0.365,0.417,0.206,0.219,95.46,99.13,82.61,99.13,0.051,206,0.8,2.2,Nikoloz Tskitishvili
101230,Noel,1610612760,SEA,24.0,12,7,5,0.583,81.61333333333333,6,25,0.24,1,3,0.333,5,8,0.625,3,10,13,2,8,2,3,3,13,5,18,-5,43.6,0,0,44.0,1,2005-06,6.8,100.9,100.0,100.0,105.3,98.8,98.8,-4.5,1.2,1.2,0.043,0.25,5.1,0.037,0.128,0.082,20.5,20.8,0.26,0.316,0.197,0.202,92.73,96.16,80.13,96.16,-0.033,160,0.5,2.1,Noel Felix
101158,Orien,1610612738,BOS,24.0,80,31,49,0.388,1234.59,100,253,0.395,9,40,0.225,45,68,0.662,37,108,145,129,109,77,10,13,181,56,254,-102,773.5,0,0,711.0,1,2005-06,15.4,94.5,93.7,93.7,98.7,96.5,96.5,-4.3,-2.8,-2.8,0.178,1.18,24.7,0.031,0.091,0.061,20.8,20.9,0.413,0.449,0.142,0.145,94.02,95.47,79.56,95.47,0.039,2438,1.3,3.2,Orien Greene
970,Othella,1610612741,CHI,32.0,72,36,36,0.5,823.8333333333334,135,273,0.495,0,0,0.0,76,121,0.628,54,100,154,39,61,7,13,15,131,126,346,14,588.3,1,0,579.0,1,2005-06,11.4,101.9,102.6,102.6,100.7,101.0,101.0,1.2,1.6,1.6,0.079,0.64,9.1,0.066,0.123,0.095,14.3,14.3,0.495,0.53,0.211,0.214,94.49,94.04,78.37,94.04,0.06,1608,1.9,3.8,Othella Harrington
136,P.J.,1610612740,NOK,36.0,75,33,42,0.44,2380.201666666667,269,583,0.461,0,0,0.0,139,168,0.827,182,365,547,90,90,46,50,36,216,141,677,-163,1666.4,9,0,1506.0,1,2005-06,31.7,100.5,101.6,101.6,104.5,104.8,104.8,-4.1,-3.2,-3.2,0.062,1.0,10.8,0.079,0.167,0.121,10.8,10.8,0.461,0.515,0.145,0.147,91.16,90.57,75.47,90.57,0.088,4482,3.6,7.8,P.J. Brown
2776,Pape,1610612761,TOR,24.0,42,14,28,0.333,589.7133333333334,53,123,0.431,0,0,0.0,41,57,0.719,54,92,146,8,30,21,19,19,118,54,147,-137,424.2,1,0,381.0,1,2005-06,14.0,101.2,100.7,100.7,111.6,111.3,111.3,-10.4,-10.6,-10.6,0.022,0.27,4.3,0.093,0.185,0.135,16.1,16.1,0.431,0.496,0.135,0.138,94.17,94.54,78.78,94.54,0.035,1155,1.3,2.9,Pape Sow
2469,Pat,1610612756,PHX,32.0,42,28,14,0.667,346.0466666666667,63,127,0.496,2,7,0.286,13,21,0.619,21,52,73,16,33,6,13,8,62,27,141,-43,276.6,0,0,270.0,1,2005-06,8.2,102.2,100.1,100.1,107.1,106.5,106.5,-4.9,-6.4,-6.4,0.071,0.48,8.6,0.06,0.131,0.098,17.7,17.8,0.504,0.517,0.207,0.213,98.93,100.22,83.51,100.22,0.051,724,1.5,3.0,Pat Burke
1727,Pat,1610612753,ORL,29.0,57,20,37,0.351,937.6733333333332,101,242,0.417,50,129,0.388,30,37,0.811,31,77,108,38,38,12,9,5,108,35,282,-9,493.6,0,0,520.0,1,2005-06,16.5,102.3,102.1,102.1,106.0,104.4,104.4,-3.8,-2.4,-2.4,0.071,1.0,11.4,0.036,0.09,0.063,11.4,11.4,0.521,0.546,0.144,0.148,90.06,90.81,75.68,90.81,0.053,1790,1.8,4.2,Pat Garrity
2200,Pau,1610612763,MEM,25.0,80,47,33,0.588,3135.11,600,1194,0.503,3,12,0.25,425,617,0.689,191,522,713,371,235,46,153,114,184,545,1628,301,3402.1,33,1,3113.0,1,2005-06,39.2,104.3,105.3,105.3,99.7,100.2,100.2,4.6,5.1,5.1,0.234,1.58,17.8,0.067,0.176,0.122,11.3,11.3,0.504,0.555,0.261,0.263,88.53,87.9,73.25,87.9,0.166,5746,7.5,14.9,Pau Gasol
1718,Paul,1610612738,BOS,28.0,79,32,47,0.405,3084.465,689,1462,0.471,111,314,0.354,627,812,0.772,77,453,530,375,273,107,34,88,223,613,2116,-58,3464.5,17,1,3414.0,1,2005-06,39.0,105.4,106.8,106.8,106.2,107.5,107.5,-0.9,-0.7,-0.7,0.224,1.37,15.3,0.028,0.153,0.092,11.1,11.1,0.509,0.582,0.307,0.311,95.43,94.19,78.49,94.19,0.16,6045,8.7,18.5,Paul Pierce
2750,Pavel,1610612742,DAL,21.0,1,0,1,0.0,18.066666666666663,0,2,0.0,0,0,0.0,3,6,0.5,0,7,7,0,2,0,1,1,0,3,3,2,12.4,0,0,12.0,1,2005-06,18.1,73.2,73.5,73.5,70.0,67.6,67.6,3.2,5.9,5.9,0.0,0.0,0.0,0.0,0.0,0.0,28.6,30.1,0.0,0.323,0.184,0.179,89.06,90.33,75.28,90.33,0.109,34,0.0,2.0,Pavel Podkolzin
978,Peja,1610612754,IND,29.0,71,31,40,0.437,2601.255,445,1018,0.437,162,404,0.401,238,260,0.915,79,336,415,136,103,45,10,37,171,194,1290,75,2054.0,5,0,2113.0,2,2005-06,36.6,105.5,106.2,106.2,104.3,105.1,105.1,1.2,1.1,1.1,0.089,1.32,10.0,0.032,0.13,0.082,7.6,7.5,0.517,0.57,0.213,0.218,92.94,92.27,76.89,92.27,0.113,5011,6.3,14.3,Peja Stojakovic
2056,Primoz,1610612766,CHA,26.0,79,25,54,0.316,2165.403333333333,409,791,0.517,0,2,0.0,164,224,0.732,181,259,440,45,85,19,32,50,227,207,982,-331,1645.5,7,0,1569.0,1,2005-06,27.4,98.5,99.8,99.8,107.4,107.9,107.9,-8.9,-8.1,-8.1,0.037,0.53,4.4,0.08,0.136,0.105,8.4,8.3,0.517,0.552,0.199,0.202,94.76,93.89,78.24,93.89,0.092,4241,5.2,10.0,Primoz Brezec
2047,Quentin,1610612752,NYK,26.0,55,11,44,0.2,1442.18,163,459,0.355,64,188,0.34,61,91,0.67,65,165,230,88,56,39,6,35,134,78,451,-270,938.0,0,0,923.0,1,2005-06,26.2,98.8,99.2,99.2,109.4,109.6,109.6,-10.5,-10.3,-10.3,0.105,1.57,13.7,0.046,0.123,0.084,8.7,8.7,0.425,0.452,0.172,0.175,92.25,91.98,76.65,91.98,0.062,2771,3.0,8.3,Quentin Richardson
2624,Quinton,1610612746,LAC,25.0,67,39,28,0.582,1515.118333333333,130,308,0.422,0,7,0.0,57,75,0.76,38,132,170,79,47,51,16,30,155,71,317,112,793.5,0,0,700.0,1,2005-06,22.6,103.7,103.7,103.7,98.2,99.0,99.0,5.5,4.7,4.7,0.077,1.68,16.9,0.028,0.084,0.058,10.1,10.1,0.422,0.465,0.118,0.12,93.58,93.2,77.67,93.2,0.044,2929,1.9,4.6,Quinton Ross
2417,Qyntel,1610612752,NYK,25.0,49,14,35,0.286,1012.4666666666668,129,254,0.508,22,60,0.367,49,76,0.645,44,146,190,47,61,32,13,14,96,62,329,-89,701.5,2,0,678.0,1,2005-06,20.7,101.9,102.4,102.4,106.6,106.1,106.1,-4.7,-3.7,-3.7,0.08,0.77,11.9,0.047,0.16,0.103,15.5,15.4,0.551,0.572,0.154,0.158,93.23,93.18,77.65,93.18,0.092,1958,2.6,5.2,Qyntel Woods
1711,Raef,1610612738,BOS,30.0,82,33,49,0.402,2032.5616666666667,238,552,0.431,112,286,0.392,51,75,0.68,80,326,406,115,65,29,72,27,273,76,639,-19,1536.7,3,0,1474.0,1,2005-06,24.8,104.1,105.4,105.4,105.5,105.9,105.9,-1.3,-0.5,-0.5,0.087,1.77,15.0,0.042,0.168,0.106,8.5,8.5,0.533,0.546,0.144,0.146,95.25,94.45,78.71,94.45,0.074,4000,2.9,6.7,Raef LaFrentz
2737,Rafael,1610612761,TOR,25.0,52,17,35,0.327,600.8033333333333,53,145,0.366,0,1,0.0,15,28,0.536,43,101,144,15,42,24,6,18,104,37,121,-116,364.3,0,0,340.0,1,2005-06,11.6,97.5,97.7,97.7,108.1,106.7,106.7,-10.7,-8.9,-8.9,0.038,0.36,7.0,0.072,0.195,0.13,19.5,19.6,0.366,0.385,0.151,0.153,93.89,94.43,78.69,94.43,0.017,1177,1.0,2.8,Rafael Araujo
1747,Rafer,1610612745,HOU,29.0,63,27,36,0.429,2431.2,280,738,0.379,102,312,0.327,99,143,0.692,36,219,255,425,157,101,15,20,194,131,761,-82,1895.5,6,0,1775.0,1,2005-06,38.6,99.3,100.2,100.2,101.2,102.1,102.1,-1.9,-2.0,-2.0,0.3,2.71,30.6,0.015,0.092,0.054,11.3,11.4,0.449,0.475,0.185,0.187,90.71,89.89,74.91,89.89,0.094,4557,4.4,11.7,Rafer Alston
1952,Raja,1610612756,PHX,29.0,79,54,25,0.684,2958.893333333333,425,930,0.457,197,446,0.442,115,146,0.788,44,209,253,207,89,76,22,22,248,226,1162,368,1981.1,1,0,2015.0,1,2005-06,37.5,109.4,109.7,109.7,102.4,103.7,103.7,7.0,6.0,6.0,0.098,2.33,16.0,0.016,0.069,0.043,6.9,6.9,0.563,0.584,0.163,0.165,97.87,97.15,80.96,97.15,0.075,5993,5.4,11.8,Raja Bell
2450,Randy,1610612741,CHI,26.0,4,3,1,0.75,10.52,1,1,1.0,0,0,0.0,0,0,0.0,1,0,1,0,0,0,0,0,2,0,2,-1,3.2,0,0,3.0,1,2005-06,2.6,122.2,104.8,104.8,115.2,115.0,115.0,7.0,-10.2,-10.2,0.0,0.0,0.0,0.0,0.0,0.0,0.0,0.0,1.0,1.0,0.043,0.05,86.6,93.54,77.95,93.54,0.012,21,0.3,0.3,Randy Holcomb
988,Randy,1610612741,CHI,31.0,5,3,2,0.6,22.256666666666668,0,2,0.0,0,0,0.0,0,0,0.0,1,3,4,1,1,1,0,2,6,0,0,9,8.3,0,0,7.0,1,2005-06,4.5,96.1,93.8,93.8,76.1,73.5,73.5,20.0,20.3,20.3,0.053,1.0,25.0,0.038,0.12,0.078,25.0,25.0,0.0,0.0,0.054,0.056,101.54,104.6,87.16,104.6,-0.089,48,0.0,0.4,Randy Livingston
101119,Rashad,1610612750,MIN,21.0,79,31,48,0.392,1362.243333333333,241,535,0.45,67,180,0.372,78,106,0.736,29,114,143,63,86,44,22,26,176,92,627,-111,1005.1,0,0,1032.0,1,2005-06,17.2,97.1,97.7,97.7,100.7,101.9,101.9,-3.6,-4.2,-4.2,0.088,0.73,8.6,0.023,0.082,0.053,11.8,11.8,0.513,0.539,0.228,0.232,92.53,91.7,76.42,91.7,0.075,2602,3.1,6.8,Rashad McCants
1740,Rashard,1610612760,SEA,26.0,78,33,45,0.423,2875.776666666666,538,1151,0.467,142,370,0.384,350,428,0.818,111,279,390,182,141,102,50,52,191,341,1568,-200,2624.0,5,0,2586.0,1,2005-06,36.9,108.6,110.2,110.2,113.0,113.9,113.9,-4.4,-3.7,-3.7,0.106,1.29,10.9,0.039,0.106,0.072,8.5,8.5,0.529,0.585,0.228,0.231,94.7,93.65,78.04,93.65,0.115,5613,6.9,14.8,Rashard Lewis
739,Rasheed,1610612765,DET,31.0,80,63,17,0.788,2779.56,459,1067,0.43,155,434,0.357,136,183,0.743,90,457,547,182,85,82,130,16,232,180,1209,615,2689.4,12,0,2517.0,1,2005-06,34.7,110.3,111.4,111.4,98.3,99.0,99.0,12.0,12.4,12.4,0.109,2.14,12.9,0.034,0.173,0.103,6.0,6.0,0.503,0.527,0.212,0.214,88.27,87.49,72.91,87.49,0.119,5060,5.7,13.3,Rasheed Wallace
1725,Rasho,1610612759,SAS,30.0,80,61,19,0.763,1515.0883333333334,172,334,0.515,0,2,0.0,18,30,0.6,114,195,309,33,53,21,88,13,209,47,362,247,1056.3,1,0,922.0,1,2005-06,18.9,102.8,102.1,102.1,92.9,93.5,93.5,9.9,8.7,8.7,0.033,0.62,7.6,0.084,0.128,0.107,12.2,12.2,0.515,0.521,0.125,0.128,90.42,90.45,75.38,90.45,0.062,2855,2.2,4.2,Rasho Nesterovic
2446,Rasual,1610612740,NOK,27.0,79,36,43,0.456,1874.5966666666664,257,633,0.406,92,242,0.38,79,114,0.693,51,181,232,40,65,33,45,27,142,81,685,-67,1192.4,1,0,1205.0,1,2005-06,23.7,102.4,102.4,102.4,104.4,104.1,104.1,-2.1,-1.7,-1.7,0.037,0.62,5.1,0.028,0.106,0.066,8.2,8.2,0.479,0.501,0.184,0.187,90.66,90.78,75.65,90.78,0.067,3542,3.3,8.0,Rasual Butler
101185,Rawle,1610612742,DAL,24.0,23,13,10,0.565,241.3,24,60,0.4,1,3,0.333,22,29,0.759,8,23,31,10,15,8,7,6,17,20,71,-18,153.2,0,0,143.0,1,2005-06,10.5,99.9,96.1,96.1,101.9,99.8,99.8,-2.0,-3.7,-3.7,0.07,0.67,10.1,0.037,0.097,0.068,15.2,15.3,0.408,0.488,0.168,0.174,89.89,92.6,77.17,92.6,0.064,465,1.0,2.6,Rawle Marshall
951,Ray,1610612760,SEA,30.0,78,35,43,0.449,3022.2233333333334,681,1500,0.454,269,653,0.412,324,359,0.903,71,261,332,286,188,105,16,50,151,308,1955,-51,2957.4,1,0,3084.0,1,2005-06,38.7,109.8,111.9,111.9,111.6,112.5,112.5,-1.9,-0.6,-0.6,0.166,1.52,13.5,0.025,0.094,0.059,8.9,8.8,0.544,0.59,0.269,0.274,94.13,92.87,77.39,92.87,0.137,5840,8.7,19.2,Ray Allen
101109,Raymond,1610612766,CHA,22.0,80,26,54,0.325,2405.708333333333,345,883,0.391,97,271,0.358,161,222,0.725,77,188,265,446,182,102,8,58,181,230,948,-117,2083.0,13,0,1976.0,1,2005-06,30.1,101.6,102.3,102.3,105.0,104.9,104.9,-3.4,-2.6,-2.6,0.298,2.45,27.8,0.031,0.086,0.057,11.3,11.3,0.446,0.483,0.21,0.215,95.81,95.52,79.6,95.52,0.097,4790,4.3,11.0,Raymond Felton
2558,Reece,1610612749,MIL,25.0,12,5,7,0.417,53.84666666666666,6,12,0.5,0,2,0.0,1,4,0.25,0,0,0,3,1,1,0,0,1,3,13,-24,19.5,0,0,18.0,1,2005-06,4.5,101.7,95.0,95.0,121.4,116.7,116.7,-19.7,-21.7,-21.7,0.111,3.0,16.7,0.0,0.0,0.0,5.6,5.6,0.5,0.472,0.134,0.141,85.33,90.03,75.03,90.03,0.037,100,0.5,1.0,Reece Gaines
2501,Reggie,1610612743,DEN,26.0,67,26,41,0.388,1392.925,131,268,0.489,0,1,0.0,115,217,0.53,171,331,502,38,85,40,10,41,166,207,377,-208,1101.4,6,0,1017.0,2,2005-06,20.8,102.7,104.1,104.1,111.1,111.5,111.5,-8.4,-7.4,-7.4,0.042,0.45,7.7,0.121,0.268,0.19,17.3,17.5,0.489,0.519,0.143,0.144,94.01,93.23,77.69,93.23,0.083,2702,2.0,4.0,Reggie Evans
1888,Richard,1610612765,DET,28.0,80,64,16,0.8,2824.785,649,1322,0.491,55,120,0.458,256,303,0.845,84,172,256,275,173,52,16,71,207,256,1609,519,2359.7,0,0,2331.0,1,2005-06,35.3,108.8,109.9,109.9,99.6,100.2,100.2,9.2,9.6,9.6,0.183,1.59,14.5,0.032,0.064,0.048,9.1,9.1,0.512,0.553,0.272,0.276,89.02,88.3,73.58,88.3,0.115,5205,8.1,16.5,Richard Hamilton
2210,Richard,1610612751,NJN,26.0,78,49,29,0.628,3058.82,495,1005,0.493,60,188,0.319,471,580,0.812,95,439,534,297,174,59,17,64,193,443,1521,241,2661.3,20,0,2564.0,1,2005-06,39.2,103.6,104.0,104.0,99.7,100.2,100.2,3.9,3.8,3.8,0.175,1.71,17.1,0.032,0.149,0.09,10.0,10.1,0.522,0.603,0.217,0.22,92.33,91.89,76.58,91.89,0.145,5865,6.3,12.9,Richard Jefferson
2499,Richie,1610612745,HOU,28.0,33,13,20,0.394,342.47,39,100,0.39,23,70,0.329,7,10,0.7,3,30,33,21,8,4,2,2,30,8,108,2,189.1,0,0,197.0,2,2005-06,10.4,100.3,99.7,99.7,104.1,100.6,100.6,-3.8,-0.9,-0.9,0.097,2.63,15.8,0.009,0.093,0.05,6.0,6.0,0.505,0.517,0.145,0.15,92.44,94.33,78.61,94.33,0.065,677,1.2,3.0,Richie Frahm
1594,Rick,1610612745,HOU,34.0,27,9,18,0.333,246.93,21,54,0.389,5,13,0.385,7,12,0.583,1,21,22,35,22,8,1,2,22,8,54,-36,137.9,0,0,134.0,2,2005-06,9.1,95.0,93.1,93.1,103.4,100.9,100.9,-8.3,-7.7,-7.7,0.243,1.59,30.2,0.005,0.083,0.047,19.0,18.9,0.435,0.455,0.154,0.162,88.79,90.78,75.65,90.78,0.053,467,0.8,2.0,Rick Brunson
1729,Ricky,1610612750,MIN,26.0,78,29,49,0.372,3206.8816666666667,584,1304,0.448,73,242,0.302,275,345,0.797,65,286,351,394,213,91,17,71,190,300,1516,-67,2639.2,3,0,2550.0,2,2005-06,41.1,102.3,103.9,103.9,103.5,104.8,104.8,-1.2,-0.8,-0.8,0.211,1.85,19.1,0.022,0.09,0.057,10.3,10.3,0.476,0.521,0.236,0.238,94.7,93.38,77.82,93.38,0.112,6232,7.5,16.7,Ricky Davis
109,Robert,1610612759,SAS,35.0,63,48,15,0.762,1181.746666666667,112,292,0.384,53,144,0.368,44,68,0.647,71,171,242,79,41,43,51,9,115,77,321,235,970.9,1,0,883.0,1,2005-06,18.8,106.2,104.1,104.1,95.2,94.4,94.4,11.0,9.8,9.8,0.106,1.93,17.7,0.065,0.152,0.109,9.2,9.3,0.474,0.499,0.144,0.147,91.22,92.51,77.09,92.51,0.092,2284,1.8,4.6,Robert Horry
2741,Robert,1610612760,SEA,20.0,47,20,27,0.426,986.5516666666666,124,241,0.515,0,0,0.0,53,91,0.582,94,170,264,8,49,15,56,25,142,87,301,-72,793.8,2,0,715.0,1,2005-06,21.0,105.0,105.9,105.9,109.3,108.8,108.8,-4.2,-3.0,-3.0,0.012,0.16,2.4,0.099,0.176,0.138,14.6,14.5,0.515,0.536,0.146,0.149,95.18,95.0,79.16,95.0,0.066,1946,2.6,5.1,Robert Swift
101156,Robert,1610612762,UTA,24.0,23,10,13,0.435,211.83,23,57,0.404,0,0,0.0,3,6,0.5,16,27,43,17,14,7,8,6,41,7,49,-44,157.1,0,0,139.0,1,2005-06,9.2,90.6,91.6,91.6,103.5,100.0,100.0,-12.9,-8.4,-8.4,0.138,1.21,18.7,0.073,0.129,0.101,15.4,15.4,0.404,0.411,0.154,0.158,91.33,92.45,77.04,92.45,0.036,403,1.0,2.5,Robert Whaley
2648,Ronald,1610612750,MIN,25.0,36,14,22,0.389,265.32166666666666,33,63,0.524,0,1,0.0,14,41,0.341,21,28,49,14,14,12,0,9,44,30,80,-69,181.8,0,0,167.0,1,2005-06,7.4,91.6,91.2,91.2,104.5,102.1,102.1,-12.9,-10.9,-10.9,0.092,1.0,12.6,0.076,0.111,0.093,12.6,12.8,0.524,0.494,0.165,0.168,91.97,93.26,77.72,93.26,0.041,509,0.9,1.8,Ronald Dupree
101179,Ronnie,1610612758,SAC,23.0,29,15,14,0.517,149.95833333333334,21,58,0.362,6,27,0.222,12,12,1.0,5,10,15,11,10,6,0,4,10,9,60,-33,102.5,0,0,104.0,1,2005-06,5.2,92.7,87.2,87.2,100.7,99.3,99.3,-8.0,-12.1,-12.1,0.153,1.1,13.1,0.032,0.063,0.048,11.9,11.9,0.414,0.474,0.212,0.229,93.44,96.99,80.82,96.99,0.081,305,0.7,2.0,Ronnie Price
101142,Ronny,1610612747,LAL,23.0,23,14,9,0.609,161.23,15,30,0.5,0,0,0.0,15,27,0.556,11,26,37,8,7,3,10,4,30,21,45,-13,133.4,0,0,116.0,1,2005-06,7.0,105.0,102.5,102.5,105.9,105.9,105.9,-0.9,-3.4,-3.4,0.078,1.14,14.0,0.07,0.167,0.118,12.3,12.3,0.5,0.537,0.136,0.142,94.44,95.57,79.64,95.57,0.059,320,0.7,1.3,Ronny Turiaf
2767,Royal,1610612737,ATL,24.0,73,24,49,0.329,977.6283333333332,116,264,0.439,4,10,0.4,24,33,0.727,31,65,96,74,23,24,7,9,147,60,260,-135,556.2,0,0,496.0,1,2005-06,13.4,99.9,99.0,99.0,106.9,105.6,105.6,-7.0,-6.6,-6.6,0.119,3.22,19.6,0.032,0.078,0.053,6.1,6.1,0.447,0.467,0.137,0.14,92.11,93.07,77.56,93.07,0.037,1891,1.6,3.6,Royal Ivey
1739,Ruben,1610612743,DEN,30.0,71,29,42,0.408,1792.4683333333332,327,635,0.515,1,13,0.077,203,338,0.601,118,126,244,127,150,76,21,82,150,252,858,-205,1482.3,0,0,1424.0,2,2005-06,25.2,100.7,101.1,101.1,105.6,106.4,106.4,-4.9,-5.3,-5.3,0.126,0.85,11.9,0.069,0.072,0.071,14.1,14.1,0.516,0.547,0.236,0.24,92.88,92.33,76.94,92.33,0.093,3438,4.6,8.9,Ruben Patterson
1763,Ryan,1610612745,HOU,30.0,68,28,40,0.412,652.0083333333333,37,124,0.298,3,22,0.136,11,14,0.786,31,57,88,24,13,21,6,8,85,20,88,-111,297.6,0,0,257.0,1,2005-06,9.6,93.9,91.0,91.0,98.9,97.9,97.9,-5.0,-6.8,-6.8,0.062,1.85,14.4,0.048,0.089,0.069,7.8,7.8,0.31,0.338,0.101,0.106,90.19,92.06,76.72,92.06,0.012,1237,0.5,1.8,Ryan Bowen
101155,Ryan,1610612738,BOS,23.0,61,26,35,0.426,1376.235,173,355,0.487,3,9,0.333,112,149,0.752,102,196,298,58,55,35,5,32,83,112,461,3,970.6,8,0,900.0,1,2005-06,22.6,104.9,105.3,105.3,104.8,105.1,105.1,0.0,0.2,0.2,0.069,1.05,10.8,0.081,0.151,0.117,10.2,10.3,0.492,0.548,0.159,0.16,93.72,93.39,77.82,93.39,0.101,2676,2.8,5.8,Ryan Gomes
101136,Salim,1610612737,ATL,23.0,61,20,41,0.328,1236.0583333333334,204,492,0.415,82,216,0.38,99,110,0.9,12,104,116,75,82,27,3,20,118,108,589,-100,848.7,0,0,922.0,1,2005-06,20.3,103.2,102.7,102.7,108.7,108.1,108.1,-5.4,-5.4,-5.4,0.107,0.91,10.8,0.01,0.089,0.049,11.8,11.8,0.498,0.545,0.218,0.224,95.16,95.68,79.74,95.68,0.081,2480,3.3,8.1,Salim Stoudamire
208,Sam,1610612746,LAC,36.0,78,45,33,0.577,2652.76,493,1112,0.443,70,190,0.368,289,335,0.863,40,247,287,491,175,74,11,35,225,259,1345,231,2505.9,12,0,2363.0,1,2005-06,34.0,105.0,106.0,106.0,101.0,102.1,102.1,4.0,3.9,3.9,0.31,2.81,25.6,0.016,0.091,0.055,9.1,9.1,0.475,0.534,0.244,0.247,95.05,94.08,78.4,94.08,0.126,5212,6.3,14.3,Sam Cassell
955,Samaki,1610612754,IND,30.0,7,6,1,0.857,21.89,0,2,0.0,0,0,0.0,2,2,1.0,0,3,3,0,2,0,1,1,7,1,2,-11,6.6,0,0,7.0,1,2005-06,3.1,67.6,63.6,63.6,98.8,92.9,92.9,-31.2,-29.2,-29.2,0.0,0.0,0.0,0.0,0.0,0.0,40.0,41.0,0.0,0.347,0.102,0.11,88.68,94.29,78.57,94.29,-0.126,44,0.0,0.3,Samaki Walker
2223,Samuel,1610612755,PHI,26.0,66,29,37,0.439,1760.73,196,369,0.531,0,1,0.0,93,132,0.705,159,382,541,25,107,34,160,25,244,113,485,-100,1646.7,10,0,1439.0,1,2005-06,26.7,102.2,103.0,103.0,103.4,104.6,104.6,-1.1,-1.6,-1.6,0.022,0.23,4.5,0.095,0.223,0.16,19.1,19.1,0.531,0.568,0.139,0.14,94.4,93.48,77.9,93.48,0.088,3407,3.0,5.6,Samuel Dalembert
101180,Sarunas,1610612754,IND,30.0,75,37,38,0.493,1557.2833333333333,170,429,0.396,86,236,0.364,121,133,0.91,19,134,153,227,116,40,4,16,108,91,547,50,1087.1,1,0,1101.0,1,2005-06,20.8,99.8,98.8,98.8,99.0,97.8,97.8,0.8,1.0,1.0,0.257,1.96,27.5,0.012,0.084,0.049,14.1,14.0,0.497,0.561,0.171,0.178,93.46,94.46,78.71,94.46,0.104,3075,2.3,5.7,Sarunas Jasikevicius
2562,Sasha,1610612739,CLE,22.0,53,32,21,0.604,812.7516666666667,87,212,0.41,35,96,0.365,32,49,0.653,16,64,80,25,42,19,6,12,103,38,241,16,407.5,0,0,431.0,1,2005-06,15.3,101.0,101.1,101.1,101.2,100.1,100.1,-0.2,1.0,1.0,0.051,0.6,8.3,0.02,0.086,0.051,14.0,14.0,0.493,0.516,0.153,0.156,91.87,92.28,76.9,92.28,0.03,1563,1.6,4.0,Sasha Pavlovic
2756,Sasha,1610612747,LAL,22.0,82,45,37,0.549,1448.615,108,312,0.346,59,172,0.343,46,52,0.885,33,126,159,139,50,48,3,15,150,74,321,47,823.3,0,0,780.0,1,2005-06,17.7,103.3,102.1,102.1,100.2,100.8,100.8,3.1,1.3,1.3,0.152,2.78,26.5,0.023,0.091,0.056,9.5,9.5,0.441,0.479,0.119,0.123,91.79,92.07,76.72,92.07,0.059,2784,1.3,3.8,Sasha Vujacic
1513,Scot,1610612754,IND,31.0,45,23,22,0.511,771.3883333333333,70,154,0.455,0,0,0.0,29,38,0.763,73,145,218,24,26,37,20,13,115,51,169,51,611.6,0,0,525.0,1,2005-06,17.1,105.3,105.5,105.5,100.7,100.7,100.7,4.5,4.8,4.8,0.046,0.92,11.0,0.1,0.194,0.148,11.9,11.8,0.455,0.495,0.115,0.119,91.0,90.91,75.76,90.91,0.076,1452,1.6,3.4,Scot Pollard
1909,Scott,1610612751,NJN,30.0,62,37,25,0.597,718.32,71,201,0.353,42,121,0.347,27,34,0.794,56,109,165,41,21,28,12,11,90,34,211,-107,569.5,1,0,539.0,1,2005-06,11.6,95.5,94.0,94.0,102.7,100.9,100.9,-7.2,-7.0,-7.0,0.104,1.95,14.7,0.079,0.163,0.12,7.6,7.6,0.458,0.489,0.153,0.157,90.13,91.61,76.34,91.61,0.091,1365,1.1,3.2,Scott Padgett
1752,Sean,1610612759,SAS,30.0,25,19,6,0.76,180.625,37,71,0.521,0,3,0.0,7,12,0.583,12,31,43,7,7,5,7,2,21,8,81,-36,172.1,0,0,155.0,1,2005-06,7.2,97.3,93.3,93.3,106.2,103.9,103.9,-8.8,-10.7,-10.7,0.074,1.0,7.8,0.071,0.191,0.13,7.8,7.8,0.521,0.531,0.205,0.219,91.64,94.6,78.84,94.6,0.123,357,1.5,2.8,Sean Marks
101118,Sean,1610612766,CHA,22.0,23,7,16,0.304,398.4316666666667,70,171,0.409,0,5,0.0,49,64,0.766,42,67,109,22,33,17,12,16,58,46,189,-22,406.8,1,0,378.0,1,2005-06,17.3,98.8,97.8,97.8,101.9,100.6,100.6,-3.0,-2.8,-2.8,0.105,0.67,8.6,0.097,0.18,0.135,12.9,13.0,0.409,0.474,0.243,0.251,96.16,97.28,81.07,97.28,0.102,808,3.0,7.4,Sean May
2742,Sebastian,1610612757,POR,21.0,68,17,51,0.25,1641.1666666666667,228,578,0.394,57,162,0.352,130,175,0.743,19,101,120,247,115,66,6,39,167,150,643,-327,1258.5,0,0,1211.0,1,2005-06,24.1,95.9,97.2,97.2,108.2,107.3,107.3,-12.3,-10.1,-10.1,0.273,2.15,24.4,0.012,0.067,0.039,11.4,11.3,0.444,0.491,0.217,0.222,90.81,90.59,75.5,90.59,0.081,3091,3.4,8.5,Sebastian Telfair
2752,Sergei,1610612758,SAC,23.0,26,9,17,0.346,343.06333333333333,29,87,0.333,9,34,0.265,10,14,0.714,11,41,52,19,12,7,5,7,41,11,77,-143,191.9,0,0,181.0,2,2005-06,13.2,90.8,91.5,91.5,115.5,115.2,115.2,-24.7,-23.8,-23.8,0.091,1.58,15.2,0.033,0.134,0.081,9.6,9.7,0.385,0.413,0.139,0.143,91.09,90.88,75.73,90.88,0.036,655,1.1,3.3,Sergei Monia
1000,Shandon,1610612748,MIA,32.0,48,31,17,0.646,638.1883333333334,54,126,0.429,5,19,0.263,13,18,0.722,18,63,81,30,24,17,6,7,75,19,126,-6,313.2,0,0,288.0,1,2005-06,13.3,104.5,103.0,103.0,102.3,102.6,102.6,2.2,0.4,0.4,0.072,1.25,16.0,0.032,0.102,0.068,12.8,12.8,0.448,0.47,0.115,0.119,91.4,91.91,76.59,91.91,0.037,1217,1.1,2.6,Shandon Anderson
2203,Shane,1610612763,MEM,27.0,81,49,32,0.605,2839.391666666667,303,621,0.488,65,165,0.394,147,208,0.707,164,265,429,136,90,92,114,46,223,223,818,357,2064.8,4,0,1860.0,1,2005-06,35.1,103.9,104.8,104.8,97.5,97.9,97.9,6.4,7.0,7.0,0.081,1.51,14.5,0.063,0.097,0.081,9.6,9.6,0.54,0.574,0.135,0.137,88.45,87.88,73.23,87.88,0.093,5196,3.7,7.7,Shane Battier
406,Shaquille,1610612748,MIA,34.0,59,42,17,0.712,1805.7283333333328,480,800,0.6,0,0,0.0,221,471,0.469,172,369,541,113,168,23,104,34,230,419,1181,269,2212.7,24,1,2089.0,1,2005-06,30.6,110.1,111.5,111.5,103.1,104.0,104.0,7.0,7.6,7.6,0.111,0.67,8.8,0.108,0.21,0.162,13.1,13.0,0.6,0.586,0.296,0.3,94.13,93.17,77.64,93.17,0.142,3507,8.1,13.6,Shaquille O'Neal
949,Shareef,1610612758,SAC,29.0,72,38,34,0.528,1961.3566666666663,332,632,0.525,5,22,0.227,218,278,0.784,106,251,357,149,108,48,42,65,227,209,887,162,1700.9,3,0,1578.0,1,2005-06,27.2,106.5,107.3,107.3,102.7,103.0,103.0,3.8,4.4,4.4,0.13,1.38,14.7,0.057,0.133,0.095,10.7,10.7,0.529,0.588,0.199,0.201,93.91,93.4,77.83,93.4,0.112,3814,4.6,8.8,Shareef Abdur-Rahim
101213,Sharrod,1610612756,PHX,24.0,3,3,0,1.0,13.033333333333331,2,3,0.667,0,0,0.0,0,0,0.0,1,2,3,0,2,0,1,1,7,2,4,-11,8.6,0,0,9.0,1,2005-06,4.3,96.6,89.3,89.3,121.3,128.6,128.6,-24.7,-39.3,-39.3,0.0,0.0,0.0,0.0,0.0,0.0,40.0,40.0,0.667,0.667,0.152,0.162,102.31,103.12,85.93,103.12,-0.136,28,0.7,1.0,Sharrod Ford
2733,Shaun,1610612746,LAC,20.0,61,33,28,0.541,1525.3566666666666,149,349,0.427,1,8,0.125,53,77,0.688,41,142,183,273,111,46,32,20,160,90,352,-70,1104.1,1,0,965.0,1,2005-06,25.0,100.0,99.3,99.3,100.3,100.9,100.9,-0.3,-1.6,-1.6,0.283,2.46,35.4,0.028,0.092,0.061,14.4,14.5,0.428,0.46,0.148,0.15,93.91,93.98,78.32,93.98,0.075,2976,2.4,5.7,Shaun Livingston
101183,Shavlik,1610612755,PHI,22.0,57,23,34,0.404,486.9166666666667,44,97,0.454,0,0,0.0,43,71,0.606,55,78,133,19,21,19,12,12,83,58,131,22,391.1,0,0,345.0,1,2005-06,8.5,104.6,101.3,101.3,100.3,97.2,97.2,4.2,4.2,4.2,0.062,0.9,11.1,0.119,0.16,0.14,12.3,12.5,0.454,0.511,0.136,0.14,93.44,96.46,80.38,96.46,0.066,969,0.8,1.7,Shavlik Randolph
1890,Shawn,1610612756,PHX,28.0,81,53,28,0.654,3263.225,716,1365,0.525,96,290,0.331,241,298,0.809,249,710,959,143,125,160,137,55,223,240,1769,412,3900.3,60,0,3561.0,1,2005-06,40.3,109.6,109.9,109.9,102.4,103.7,103.7,7.1,6.2,6.2,0.068,1.14,8.1,0.078,0.21,0.146,7.1,7.1,0.56,0.591,0.218,0.222,98.46,97.73,81.44,97.73,0.159,6644,8.8,16.9,Shawn Marion
2098,Slava,1610612747,LAL,27.0,2,0,2,0.0,6.233333333333333,1,2,0.5,0,0,0.0,0,0,0.0,0,0,0,1,0,0,0,0,1,0,2,14,3.5,0,0,3.0,1,2005-06,3.1,138.5,142.9,142.9,50.0,46.2,46.2,88.5,96.7,96.7,0.125,0.0,33.3,0.0,0.0,0.0,0.0,0.0,0.5,0.5,0.125,0.122,101.8,103.96,86.63,103.96,0.054,14,0.5,1.0,Slava Medvedenko
2470,Smush,1610612747,LAL,25.0,82,45,37,0.549,2773.4733333333334,348,779,0.447,120,328,0.366,125,180,0.694,37,234,271,302,147,140,16,35,213,169,941,213,2040.2,2,0,1946.0,1,2005-06,33.8,106.6,108.0,108.0,103.6,104.0,104.0,3.0,3.9,3.9,0.165,2.05,23.1,0.014,0.087,0.05,11.2,11.2,0.524,0.548,0.162,0.163,94.75,93.96,78.3,93.96,0.087,5429,4.2,9.5,Smush Parker
2049,Speedy,1610612740,NOK,28.0,71,33,38,0.465,2018.881666666667,304,736,0.413,17,63,0.27,246,320,0.769,39,154,193,339,154,108,6,60,177,313,871,42,1799.1,4,0,1648.0,1,2005-06,28.4,103.0,103.5,103.5,102.9,102.2,102.2,0.1,1.3,1.3,0.306,2.2,24.8,0.02,0.081,0.05,11.2,11.2,0.425,0.497,0.234,0.238,90.83,90.95,75.79,90.95,0.115,3821,4.3,10.4,Speedy Claxton
278,Stacey,1610612753,ORL,37.0,36,12,24,0.333,385.2783333333333,25,73,0.342,0,0,0.0,21,30,0.7,18,35,53,23,11,12,6,7,40,27,71,41,212.1,0,0,183.0,1,2005-06,10.7,102.1,100.3,100.3,94.1,94.6,94.6,8.0,5.7,5.7,0.092,2.09,18.9,0.051,0.094,0.073,9.0,9.2,0.342,0.412,0.118,0.12,89.48,90.08,75.06,90.08,0.048,723,0.7,2.0,Stacey Augmon
101211,Stephen,1610612739,CLE,24.0,22,10,12,0.455,174.795,21,54,0.389,2,10,0.2,14,15,0.933,5,22,27,7,13,5,2,5,31,10,58,10,108.9,0,0,108.0,3,2005-06,7.9,108.4,102.8,102.8,103.1,100.0,100.0,5.3,2.8,2.8,0.063,0.54,8.6,0.027,0.135,0.078,16.0,16.1,0.407,0.479,0.179,0.189,94.01,98.03,81.7,98.03,0.033,357,1.0,2.5,Stephen Graham
1536,Stephen,1610612754,IND,28.0,81,41,40,0.506,2909.7833333333333,472,1148,0.411,117,339,0.345,268,341,0.786,48,264,312,225,203,104,43,70,195,257,1329,35,2278.9,0,0,2277.0,1,2005-06,35.9,100.9,101.9,101.9,101.1,101.8,101.8,-0.2,0.1,0.1,0.141,1.11,13.0,0.017,0.092,0.055,11.7,11.8,0.462,0.512,0.237,0.24,92.13,91.38,76.15,91.38,0.094,5554,5.8,14.2,Stephen Jackson
950,Stephon,1610612752,NYK,29.0,60,18,42,0.3,2193.4166666666665,349,774,0.451,33,104,0.317,246,326,0.755,25,150,175,382,157,63,4,51,143,259,977,-262,1804.0,7,0,1701.0,1,2005-06,36.6,101.7,103.3,103.3,109.2,109.9,109.9,-7.5,-6.6,-6.6,0.305,2.43,26.3,0.012,0.072,0.042,10.8,10.8,0.472,0.532,0.216,0.218,94.21,93.2,77.67,93.2,0.12,4268,5.8,12.9,Stephon Marbury
2581,Steve,1610612757,POR,26.0,68,16,52,0.235,1781.2183333333332,206,470,0.438,76,184,0.413,72,91,0.791,26,120,146,306,83,42,5,16,107,75,560,-367,1252.2,3,0,1182.0,1,2005-06,26.2,100.7,101.3,101.3,112.5,112.4,112.4,-11.8,-11.1,-11.1,0.277,3.69,34.2,0.015,0.074,0.044,9.3,9.2,0.519,0.549,0.153,0.157,89.8,89.59,74.66,89.59,0.099,3325,3.0,6.9,Steve Blake
1883,Steve,1610612752,NYK,29.0,70,25,45,0.357,2393.345,333,765,0.435,25,83,0.301,314,399,0.787,74,216,290,345,214,74,17,37,204,316,1005,-228,1929.5,2,1,1847.0,2,2005-06,34.2,101.5,102.2,102.2,106.6,107.7,107.7,-5.1,-5.5,-5.5,0.257,1.61,23.0,0.034,0.096,0.066,14.2,14.3,0.452,0.534,0.222,0.225,91.44,90.64,75.53,90.64,0.109,4530,4.8,10.9,Steve Francis
959,Steve,1610612756,PHX,32.0,79,54,25,0.684,2795.8866666666668,541,1056,0.512,150,342,0.439,257,279,0.921,47,286,333,826,276,61,12,31,120,318,1489,472,3070.6,43,1,2944.0,1,2005-06,35.4,111.6,112.3,112.3,102.8,104.1,104.1,8.8,8.2,8.2,0.435,2.99,36.5,0.018,0.099,0.06,12.2,12.1,0.583,0.632,0.227,0.233,98.34,97.45,81.21,97.45,0.166,5679,6.8,13.4,Steve Nash
2212,Steven,1610612755,PHI,24.0,69,33,36,0.478,1312.2966666666666,175,291,0.601,0,0,0.0,71,138,0.514,110,161,271,17,64,12,76,36,120,107,421,-56,971.7,2,0,885.0,1,2005-06,19.0,102.6,102.1,102.1,104.2,103.7,103.7,-1.6,-1.5,-1.5,0.021,0.27,4.0,0.087,0.124,0.106,14.9,14.8,0.601,0.598,0.141,0.146,94.42,94.84,79.04,94.84,0.077,2585,2.5,4.2,Steven Hunter
2031,Stromile,1610612745,HOU,26.0,66,26,40,0.394,1344.0716666666667,225,458,0.491,0,2,0.0,136,209,0.651,103,188,291,25,91,38,50,36,198,172,586,-135,1145.7,3,0,1078.0,1,2005-06,20.4,97.2,96.5,96.5,101.0,101.5,101.5,-3.9,-5.0,-5.0,0.04,0.27,3.7,0.082,0.14,0.112,13.6,13.7,0.491,0.533,0.225,0.231,89.6,89.71,74.76,89.71,0.089,2507,3.4,6.9,Stromile Swift
2551,T.J.,1610612749,MIL,23.0,72,34,38,0.472,2557.36,328,789,0.416,35,104,0.337,187,248,0.754,63,248,311,473,219,104,7,53,196,218,878,20,2074.7,10,0,1919.0,1,2005-06,35.5,103.5,104.8,104.8,103.9,104.4,104.4,-0.4,0.4,0.4,0.298,2.16,29.7,0.025,0.105,0.064,13.8,13.8,0.438,0.489,0.197,0.199,93.04,92.25,76.88,92.25,0.099,4915,4.6,11.0,T.J. Ford
2419,Tayshaun,1610612765,DET,26.0,82,64,18,0.78,2898.12,455,999,0.455,64,183,0.35,182,238,0.765,104,242,346,186,91,62,39,54,96,211,1156,647,2062.2,3,0,1954.0,1,2005-06,35.3,110.2,111.4,111.4,98.2,98.9,98.9,12.0,12.5,12.5,0.106,2.04,13.5,0.037,0.088,0.062,6.6,6.6,0.487,0.524,0.196,0.198,88.52,87.76,73.14,87.76,0.099,5292,5.5,12.2,Tayshaun Prince
2242,Terence,1610612753,ORL,27.0,22,9,13,0.409,191.9,16,49,0.327,0,2,0.0,3,3,1.0,6,32,38,4,7,6,5,1,19,3,35,-4,112.6,0,0,99.0,1,2005-06,8.7,103.5,101.1,101.1,104.3,101.1,101.1,-0.8,0.0,0.0,0.034,0.57,6.6,0.034,0.185,0.108,11.5,11.4,0.327,0.348,0.132,0.138,89.33,91.8,76.5,91.8,0.043,365,0.7,2.2,Terence Morris
689,Theo,1610612757,POR,33.0,55,18,37,0.327,1301.3083333333334,108,189,0.571,0,0,0.0,54,83,0.651,89,190,279,28,47,18,88,7,143,102,270,-184,917.8,1,0,789.0,1,2005-06,23.7,96.5,97.5,97.5,105.5,104.9,104.9,-8.9,-7.4,-7.4,0.036,0.6,9.2,0.073,0.153,0.114,15.5,15.6,0.571,0.599,0.098,0.099,90.06,89.84,74.86,89.84,0.082,2434,2.0,3.4,Theo Ratliff
1495,Tim,1610612759,SAS,30.0,80,61,19,0.763,2783.758333333333,574,1185,0.484,2,5,0.4,335,533,0.629,231,650,881,253,198,70,162,65,219,448,1485,520,3419.7,52,0,3085.0,1,2005-06,34.8,105.9,106.6,106.6,96.3,97.1,97.1,9.5,9.5,9.5,0.162,1.28,13.5,0.091,0.239,0.167,10.6,10.6,0.485,0.523,0.274,0.277,89.87,89.21,74.35,89.21,0.172,5188,7.2,14.8,Tim Duncan
1501,Tim,1610612756,PHX,29.0,29,16,13,0.552,665.2233333333334,113,262,0.431,46,111,0.414,28,42,0.667,22,109,131,20,33,16,7,19,78,44,300,26,523.2,0,0,543.0,2,2005-06,22.9,111.2,111.3,111.3,111.2,109.7,109.7,0.0,1.6,1.6,0.042,0.61,6.0,0.034,0.17,0.101,9.9,9.9,0.519,0.535,0.206,0.209,97.57,98.2,81.84,98.2,0.07,1363,3.9,9.0,Tim Thomas
389,Toni,1610612749,MIL,37.0,65,30,35,0.462,1017.7666666666668,116,298,0.389,45,147,0.306,40,56,0.714,26,124,150,139,66,33,17,2,87,53,317,-41,789.5,0,0,751.0,1,2005-06,15.7,104.5,104.3,104.3,108.8,107.0,107.0,-4.3,-2.7,-2.7,0.209,2.11,26.4,0.026,0.133,0.077,12.5,12.5,0.465,0.491,0.169,0.173,94.51,95.39,79.49,95.39,0.082,2029,1.8,4.6,Toni Kukoc
2754,Tony,1610612738,BOS,24.0,51,20,31,0.392,978.0516666666666,129,274,0.471,11,34,0.324,100,134,0.746,32,79,111,67,67,51,18,27,126,108,369,-71,742.7,0,0,696.0,1,2005-06,19.2,98.9,98.0,98.0,101.6,100.3,100.3,-2.7,-2.3,-2.3,0.119,1.0,14.4,0.037,0.085,0.062,14.4,14.3,0.491,0.554,0.181,0.188,95.17,96.22,80.18,96.22,0.077,1947,2.5,5.4,Tony Allen
1499,Tony,1610612753,ORL,30.0,82,36,46,0.439,2215.008333333333,280,552,0.507,0,6,0.0,89,134,0.664,145,312,457,49,88,46,69,30,250,140,649,-126,1527.9,6,0,1385.0,1,2005-06,27.0,103.8,105.3,105.3,105.9,108.2,108.2,-2.1,-2.9,-2.9,0.035,0.56,6.5,0.075,0.149,0.113,11.7,11.8,0.507,0.531,0.15,0.152,89.98,88.4,73.67,88.4,0.074,4075,3.4,6.7,Tony Battie
960,Tony,1610612765,DET,32.0,24,15,9,0.625,384.9333333333333,71,161,0.441,20,47,0.426,20,27,0.741,14,39,53,33,19,13,1,5,28,24,182,-22,318.1,0,0,316.0,2,2005-06,16.0,104.0,103.0,103.0,106.7,107.0,107.0,-2.7,-4.0,-4.0,0.151,1.74,14.7,0.034,0.118,0.071,8.4,8.4,0.503,0.526,0.218,0.225,91.28,91.59,76.32,91.59,0.106,738,3.0,6.7,Tony Delk
2225,Tony,1610612759,SAS,24.0,80,61,19,0.763,2714.69,623,1136,0.548,11,36,0.306,253,358,0.707,38,223,261,460,249,83,4,78,161,296,1510,511,2525.2,8,0,2416.0,1,2005-06,33.9,107.0,107.7,107.7,96.4,97.5,97.5,10.6,10.1,10.1,0.311,1.85,23.0,0.016,0.082,0.051,12.5,12.4,0.553,0.584,0.266,0.27,91.3,90.45,75.38,90.45,0.154,5112,7.8,14.2,Tony Parker
1503,Tracy,1610612745,HOU,27.0,47,27,20,0.574,1744.986666666667,410,1011,0.406,73,234,0.312,254,340,0.747,46,261,307,225,120,59,41,32,88,273,1147,63,2032.9,6,0,1952.0,1,2005-06,37.1,102.4,104.0,104.0,101.3,102.4,102.4,1.1,1.6,1.6,0.268,1.88,15.0,0.027,0.153,0.09,8.0,8.0,0.442,0.494,0.338,0.344,91.4,90.22,75.19,90.22,0.159,3285,8.7,21.5,Tracy McGrady
101143,Travis,1610612753,ORL,24.0,23,9,14,0.391,245.965,29,69,0.42,25,57,0.439,5,6,0.833,4,17,21,16,10,7,0,0,22,10,88,-56,148.2,0,0,164.0,1,2005-06,10.7,99.0,97.2,97.2,112.7,108.9,108.9,-13.7,-11.8,-11.8,0.126,1.6,16.3,0.015,0.076,0.043,10.2,10.2,0.601,0.614,0.144,0.149,93.73,96.21,80.17,96.21,0.081,494,1.3,3.0,Travis Diener
2566,Travis,1610612757,POR,21.0,69,17,52,0.246,1153.275,162,368,0.44,14,53,0.264,62,89,0.697,48,141,189,34,37,31,46,21,112,78,400,-288,871.8,1,0,791.0,1,2005-06,16.7,94.8,93.9,93.9,107.3,106.2,106.2,-12.5,-12.3,-12.3,0.055,0.92,7.1,0.043,0.123,0.083,7.7,7.7,0.459,0.491,0.18,0.183,91.8,92.75,77.29,92.75,0.079,2221,2.3,5.3,Travis Outlaw
2239,Trenton,1610612750,MIN,27.0,77,31,46,0.403,2514.2116666666666,286,616,0.464,7,23,0.304,131,176,0.744,82,134,216,203,124,43,29,42,201,158,710,-90,1365.7,1,0,1280.0,1,2005-06,32.7,100.8,102.1,102.1,103.0,104.0,104.0,-2.2,-1.9,-1.9,0.129,1.64,19.9,0.036,0.055,0.046,12.2,12.2,0.47,0.512,0.153,0.155,90.8,89.81,74.84,89.81,0.058,4703,3.7,8.0,Trenton Hassell
2772,Trevor,1610612753,ORL,20.0,57,24,33,0.421,999.2666666666668,93,226,0.412,1,5,0.2,77,127,0.606,78,140,218,61,62,57,11,18,100,101,264,-11,759.1,2,0,680.0,2,2005-06,17.5,102.0,102.1,102.1,101.4,101.3,101.3,0.6,0.8,0.8,0.096,0.98,14.9,0.081,0.15,0.115,15.1,15.3,0.414,0.468,0.152,0.154,93.59,93.52,77.94,93.52,0.085,1934,1.6,4.0,Trevor Ariza
1607,Troy,1610612750,MIN,30.0,36,17,19,0.472,799.5966666666667,127,333,0.381,40,101,0.396,48,52,0.923,8,36,44,106,40,12,4,16,55,74,342,-32,561.8,0,0,564.0,1,2005-06,22.2,100.6,101.5,101.5,102.7,103.8,103.8,-2.2,-2.4,-2.4,0.239,2.65,21.4,0.011,0.046,0.028,8.1,8.0,0.441,0.48,0.229,0.236,90.29,89.42,74.51,89.42,0.088,1491,3.5,9.3,Troy Hudson
2211,Troy,1610612744,GSW,26.0,74,30,44,0.405,2516.181666666667,363,838,0.433,58,181,0.32,251,319,0.787,195,548,743,101,108,47,26,58,191,250,1035,-121,2189.1,34,0,2083.0,1,2005-06,34.0,102.5,104.0,104.0,105.4,106.4,106.4,-2.9,-2.4,-2.4,0.066,0.94,8.5,0.075,0.225,0.147,9.1,9.1,0.468,0.529,0.191,0.193,95.86,94.71,78.93,94.71,0.12,4965,4.9,11.3,Troy Murphy
1731,Tyronn,1610612737,ATL,29.0,51,17,34,0.333,1233.7916666666667,192,418,0.459,58,127,0.457,118,138,0.855,13,69,82,157,75,26,3,25,113,124,560,-117,905.9,0,0,915.0,1,2005-06,24.2,105.1,104.2,104.2,107.9,109.0,109.0,-2.7,-4.8,-4.8,0.225,2.09,22.2,0.011,0.06,0.035,10.6,10.6,0.529,0.585,0.199,0.206,93.33,93.25,77.71,93.25,0.104,2396,3.8,8.2,Tyronn Lue
2199,Tyson,1610612741,CHI,23.0,79,39,40,0.494,2120.74,160,283,0.565,0,1,0.0,97,193,0.503,265,449,714,81,123,41,104,20,298,193,417,91,1707.3,9,0,1502.0,1,2005-06,26.8,102.9,104.1,104.1,99.7,101.1,101.1,3.2,3.0,3.0,0.056,0.66,14.1,0.126,0.209,0.168,21.5,21.5,0.565,0.567,0.104,0.105,94.44,93.3,77.75,93.3,0.083,4107,2.0,3.6,Tyson Chandler
2617,Udonis,1610612748,MIA,26.0,81,52,29,0.642,2490.445,300,591,0.508,0,2,0.0,157,199,0.789,167,467,634,95,80,50,17,25,216,164,757,271,1781.3,14,0,1620.0,1,2005-06,30.7,108.3,108.3,108.3,101.5,102.3,102.3,6.8,5.9,5.9,0.057,1.19,11.2,0.075,0.19,0.135,9.4,9.4,0.508,0.558,0.138,0.141,93.78,93.38,77.82,93.38,0.104,4837,3.7,7.3,Udonis Haslem
2751,Viktor,1610612757,POR,23.0,69,16,53,0.232,1492.165,158,342,0.462,10,30,0.333,77,111,0.694,114,193,307,88,84,50,29,20,209,132,403,-296,1056.4,3,0,966.0,1,2005-06,21.6,102.0,102.3,102.3,113.0,112.6,112.6,-11.1,-10.3,-10.3,0.094,1.05,15.5,0.084,0.15,0.116,14.8,14.9,0.477,0.516,0.15,0.151,88.82,88.85,74.04,88.85,0.062,2757,2.3,5.0,Viktor Khryapa
452,Vin,1610612746,LAC,34.0,8,5,3,0.625,85.00333333333333,7,15,0.467,0,0,0.0,13,18,0.722,2,17,19,4,9,4,4,3,13,13,27,19,70.8,0,0,66.0,1,2005-06,10.6,102.1,101.2,101.2,94.2,89.6,89.6,7.8,11.7,11.7,0.078,0.44,11.1,0.028,0.0,0.0,25.0,25.1,0.467,0.589,0.177,0.183,89.38,92.04,76.7,92.04,0.091,163,0.9,1.9,Vin Baker
1713,Vince,1610612751,NJN,29.0,79,49,30,0.62,2905.825,653,1518,0.43,125,367,0.341,480,601,0.799,135,327,462,338,213,94,53,55,235,489,1911,330,3200.4,8,1,3130.0,1,2005-06,36.8,104.0,104.6,104.6,98.3,98.7,98.7,5.7,5.8,5.8,0.235,1.59,14.5,0.048,0.116,0.082,9.1,9.1,0.471,0.536,0.316,0.321,92.57,92.14,76.78,92.14,0.148,5580,8.3,19.2,Vince Carter
958,Vitaly,1610612758,SAC,31.0,33,17,16,0.515,352.72,37,71,0.521,0,0,0.0,10,17,0.588,27,37,64,9,16,2,2,7,50,23,84,-64,170.3,0,0,165.0,2,2005-06,10.7,104.7,102.4,102.4,113.7,112.4,112.4,-9.0,-10.0,-10.0,0.041,0.56,8.6,0.08,0.137,0.105,15.2,15.5,0.521,0.535,0.123,0.125,89.61,91.11,75.92,91.11,0.032,671,1.1,2.2,Vitaly Potapenko
2209,Vladimir,1610612746,LAC,25.0,77,35,42,0.455,1973.995,262,643,0.407,138,354,0.39,93,114,0.816,64,294,358,136,93,61,29,36,210,88,755,-113,1565.6,7,0,1567.0,2,2005-06,25.6,105.3,105.2,105.2,108.2,108.8,108.8,-2.9,-3.6,-3.6,0.112,1.46,14.8,0.033,0.155,0.094,10.1,10.1,0.515,0.545,0.175,0.179,95.59,95.36,79.46,95.36,0.09,3934,3.4,8.4,Vladimir Radmanovic
101144,Von,1610612747,LAL,20.0,16,6,10,0.375,72.75833333333334,6,38,0.158,2,17,0.118,6,8,0.75,5,3,8,4,1,3,0,4,12,8,20,-25,43.6,0,0,40.0,1,2005-06,4.5,92.1,86.0,86.0,103.7,101.4,101.4,-11.6,-15.4,-15.4,0.114,4.0,8.5,0.057,0.039,0.049,2.1,2.1,0.184,0.241,0.256,0.268,91.12,95.33,79.44,95.33,-0.078,143,0.4,2.4,Von Wafer
702,Voshon,1610612757,POR,33.0,26,4,22,0.154,457.72333333333336,75,191,0.393,25,78,0.321,16,31,0.516,5,42,47,41,31,21,4,11,39,29,191,-42,352.9,1,0,354.0,2,2005-06,17.6,97.1,97.8,97.8,103.1,102.4,102.4,-6.0,-4.7,-4.7,0.155,1.32,14.9,0.011,0.099,0.054,11.2,11.2,0.458,0.467,0.228,0.232,94.74,94.69,78.91,94.69,0.073,903,2.9,7.3,Voshon Lenard
1887,Wally,1610612738,BOS,29.0,72,33,39,0.458,2728.855,493,1012,0.487,102,255,0.4,278,310,0.897,77,236,313,213,136,40,19,54,150,245,1366,30,2102.1,2,0,2112.0,2,2005-06,37.9,104.2,106.0,106.0,104.1,105.6,105.6,0.1,0.5,0.5,0.139,1.57,14.3,0.031,0.092,0.062,9.1,9.1,0.538,0.595,0.22,0.223,91.32,89.91,74.93,89.91,0.123,5114,6.8,14.1,Wally Szczerbiak
962,Walter,1610612746,LAC,32.0,36,15,21,0.417,353.1983333333333,33,99,0.333,10,45,0.222,12,21,0.571,15,53,68,23,19,8,5,7,52,24,88,5,224.1,0,0,215.0,1,2005-06,9.8,96.7,95.8,95.8,96.6,94.4,94.4,0.1,1.4,1.4,0.112,1.21,15.3,0.042,0.155,0.098,12.7,12.6,0.384,0.407,0.163,0.168,93.13,94.66,78.88,94.66,0.037,694,0.9,2.8,Walter McCarty
101134,Wayne,1610612748,MIA,23.0,43,26,17,0.605,414.2766666666666,58,120,0.483,0,0,0.0,30,34,0.882,38,50,88,7,24,13,1,7,70,35,146,-37,280.1,0,0,269.0,1,2005-06,9.6,94.1,91.5,91.5,97.7,96.7,96.7,-3.6,-5.2,-5.2,0.031,0.29,4.2,0.095,0.122,0.108,14.5,14.5,0.483,0.541,0.171,0.177,93.3,95.12,79.27,95.12,0.065,824,1.3,2.8,Wayne Simien
101198,Will,1610612744,GSW,23.0,15,7,8,0.467,162.31833333333333,21,52,0.404,2,9,0.222,10,16,0.625,3,9,12,19,14,7,0,7,10,12,54,-56,103.9,0,0,101.0,1,2005-06,10.8,94.8,93.6,93.6,112.8,110.7,110.7,-17.9,-17.1,-17.1,0.218,1.36,20.7,0.017,0.057,0.036,15.2,15.2,0.423,0.457,0.191,0.198,95.17,96.7,80.58,96.7,0.06,327,1.4,3.5,Will Bynum
2584,Willie,1610612755,PHI,24.0,10,4,6,0.4,152.66333333333333,28,66,0.424,10,19,0.526,4,5,0.8,1,14,15,5,12,2,0,2,13,7,70,-29,89.5,0,0,104.0,1,2005-06,15.3,96.8,94.6,94.6,106.4,103.0,103.0,-9.6,-8.4,-8.4,0.065,0.42,5.9,0.007,0.086,0.048,14.1,14.1,0.5,0.513,0.241,0.248,91.41,94.01,78.34,94.01,0.06,297,2.8,6.6,Willie Green
2397,ao Ming,1610612745,HOU,25.0,57,27,30,0.474,1948.96,467,900,0.519,0,1,0.0,337,395,0.853,148,433,581,85,147,30,94,72,195,377,1271,89,2320.7,34,0,2185.0,1,2005-06,34.2,100.9,101.8,101.8,99.6,99.6,99.6,1.3,2.2,2.2,0.092,0.58,6.5,0.083,0.223,0.156,11.3,11.3,0.519,0.592,0.293,0.298,91.2,90.77,75.64,90.77,0.183,3689,8.2,15.8,Yao Ming
101117,Yaroslav,1610612746,LAC,19.0,24,12,12,0.5,126.99666666666668,9,30,0.3,2,7,0.286,7,10,0.7,5,8,13,9,6,3,0,2,11,12,27,-7,59.1,0,0,57.0,1,2005-06,5.3,88.8,86.9,86.9,94.2,88.8,88.8,-5.4,-2.0,-2.0,0.12,1.5,18.4,0.037,0.074,0.054,12.2,12.1,0.333,0.392,0.13,0.137,97.27,101.29,84.41,101.29,0.025,267,0.4,1.3,Yaroslav Korolev
2216,Zach,1610612757,POR,24.0,74,21,53,0.284,2545.068333333333,536,1229,0.436,16,55,0.291,245,343,0.714,193,399,592,144,165,57,14,92,185,313,1333,-442,2307.4,21,0,2227.0,1,2005-06,34.4,98.5,100.5,100.5,110.1,110.4,110.4,-11.6,-9.9,-9.9,0.111,0.87,8.5,0.079,0.175,0.125,9.8,9.8,0.443,0.483,0.284,0.288,88.65,87.65,73.04,87.65,0.114,4656,7.2,16.6,Zach Randolph
2560,Zarko,1610612744,GSW,25.0,61,22,39,0.361,505.435,67,174,0.385,5,20,0.25,60,84,0.714,37,74,111,20,35,13,7,16,87,64,199,-107,387.2,1,0,375.0,1,2005-06,8.3,97.1,96.5,96.5,108.6,105.6,105.6,-11.5,-9.1,-9.1,0.069,0.57,7.5,0.07,0.166,0.114,13.2,13.2,0.399,0.472,0.216,0.222,94.51,96.15,80.13,96.15,0.048,1005,1.1,2.9,Zarko Cabarkapa
2585,Zaza,1610612737,ATL,22.0,78,26,52,0.333,2451.955,307,681,0.451,0,2,0.0,297,404,0.735,264,349,613,129,180,89,39,90,286,345,911,-227,2044.1,21,0,1909.0,1,2005-06,31.4,104.7,105.3,105.3,108.7,110.1,110.1,-4.0,-4.7,-4.7,0.084,0.72,11.0,0.113,0.16,0.136,15.3,15.4,0.451,0.53,0.193,0.195,91.81,90.98,75.82,90.98,0.087,4644,3.9,8.7,Zaza Pachulia
1442,Zeljko,1610612746,LAC,34.0,29,18,11,0.621,412.40833333333336,52,96,0.542,0,0,0.0,31,41,0.756,13,51,64,9,24,5,19,6,59,52,135,-121,273.3,0,0,256.0,1,2005-06,14.2,93.3,91.9,91.9,107.6,106.7,106.7,-14.3,-14.8,-14.8,0.039,0.38,6.0,0.034,0.14,0.086,16.1,16.3,0.542,0.592,0.152,0.155,94.81,95.96,79.97,95.96,0.061,825,1.8,3.3,Zeljko Rebraca
1985,Zendon,1610612755,PHI,31.0,12,8,4,0.667,48.45333333333333,7,14,0.5,0,0,0.0,12,18,0.667,3,8,11,0,6,4,0,4,5,10,26,-19,45.2,0,0,45.0,2,2005-06,4.0,98.3,92.6,92.6,118.5,115.1,115.1,-20.2,-22.4,-22.4,0.0,0.0,0.0,0.068,0.0,0.0,21.4,21.5,0.5,0.593,0.262,0.283,89.08,93.12,77.6,93.12,0.1,95,0.6,1.2,Zendon Hamilton
2565,Zoran,1610612751,NJN,23.0,56,31,25,0.554,595.5583333333333,66,183,0.361,13,56,0.232,46,66,0.697,14,60,74,53,43,20,4,18,91,62,191,-68,388.3,0,0,379.0,1,2005-06,10.6,92.6,89.2,89.2,97.1,95.2,95.2,-4.5,-6.0,-6.0,0.179,1.23,17.0,0.025,0.108,0.067,13.8,14.0,0.396,0.45,0.201,0.209,89.29,91.88,76.57,91.88,0.042,1140,1.2,3.3,Zoran Planinic
980,Zydrunas,1610612739,CLE,31.0,78,48,30,0.615,2283.1466666666665,450,889,0.506,0,5,0.0,317,380,0.834,245,346,591,91,155,38,136,51,280,294,1217,188,2429.7,18,0,2247.0,1,2005-06,29.3,104.6,105.3,105.3,100.8,101.2,101.2,3.8,4.0,4.0,0.073,0.59,7.0,0.115,0.158,0.137,12.0,11.9,0.506,0.576,0.243,0.248,90.73,90.28,75.23,90.28,0.133,4301,5.8,11.4,Zydrunas Ilgauskas
