PLAYER_ID,NICKNAME,TEAM_ID,TEAM_ABBREVIATION,AGE,GP,W,L,W_PCT,MIN_trad,FGM,FGA,FG_PCT,FG3M,FG3A,FG3_PCT,FTM,FTA,FT_PCT,OREB,DREB,REB,AST,TOV,STL,BLK,BLKA,PF,PFD,PTS,PLUS_MINUS,NBA_FANTASY_PTS,DD2,TD3,WNBA_FANTASY_PTS,TEAM_COUNT,SEASON,MIN_adv,E_OFF_RATING,OFF_RATING,sp_work_OFF_RATING,E_DEF_RATING,DEF_RATING,sp_work_DEF_RATING,E_NET_RATING,NET_RATING,sp_work_NET_RATING,AST_PCT,AST_TO,AST_RATIO,OREB_PCT,DREB_PCT,REB_PCT,TM_TOV_PCT,E_TOV_PCT,EFG_PCT,TS_PCT,USG_PCT,E_USG_PCT,E_PACE,PACE,PACE_PER40,sp_work_PACE,PIE,POSS,FGM_PG,FGA_PG,PLAYER_NAME
243,Aaron,1610612747,LAL,34.0,10,4,6,0.4,131.02333333333334,11,17,0.647,0,0,0.0,0,0,0.0,1,17,18,13,8,4,0,0,14,1,22,-13,67.1,0,0,61.0,1,2006-07,13.1,98.2,96.5,96.5,102.3,103.1,103.1,-4.2,-6.6,-6.6,0.165,1.63,34.2,0.008,0.137,0.072,21.1,21.1,0.647,0.647,0.085,0.089,93.37,93.78,78.15,93.78,0.073,258,1.1,1.7,Aaron McKie
1425,Aaron,1610612746,LAC,35.0,38,15,23,0.395,374.155,29,53,0.547,0,1,0.0,18,22,0.818,27,58,85,7,18,7,14,3,56,28,76,-14,233.5,0,0,210.0,1,2006-07,9.8,96.7,96.5,96.5,98.9,97.9,97.9,-2.2,-1.4,-1.4,0.03,0.39,7.9,0.078,0.163,0.121,20.2,20.5,0.547,0.606,0.1,0.101,90.64,91.21,76.01,91.21,0.065,709,0.8,1.4,Aaron Williams
200747,Adam,1610612766,CHA,22.0,78,30,48,0.385,2325.83,355,944,0.376,87,258,0.337,120,169,0.71,54,176,230,163,130,28,6,37,179,145,917,-238,1409.5,0,0,1465.0,1,2006-07,29.8,98.8,99.5,99.5,105.7,105.6,105.6,-7.0,-6.1,-6.1,0.121,1.25,12.4,0.023,0.081,0.051,9.9,9.9,0.422,0.45,0.216,0.22,95.2,94.92,79.1,94.92,0.051,4620,4.6,12.1,Adam Morrison
1502,Adonal,1610612744,GSW,32.0,48,19,29,0.396,475.0133333333333,48,85,0.565,0,0,0.0,11,25,0.44,51,75,126,19,23,11,50,4,61,25,107,-51,446.7,0,0,374.0,1,2006-07,9.9,104.9,104.3,104.3,108.2,107.7,107.7,-3.2,-3.4,-3.4,0.054,0.83,13.7,0.104,0.15,0.127,16.5,16.7,0.565,0.557,0.105,0.106,101.6,102.16,85.13,102.16,0.072,1003,1.0,1.8,Adonal Foyle
1559,Adrian,1610612741,CHI,32.0,54,32,22,0.593,584.7516666666667,61,129,0.473,0,6,0.0,15,19,0.789,40,69,109,59,38,32,4,10,78,18,137,74,426.3,0,0,377.0,1,2006-07,10.8,103.4,102.6,102.6,96.0,96.1,96.1,7.3,6.6,6.6,0.154,1.55,25.1,0.075,0.122,0.099,16.2,16.2,0.473,0.499,0.132,0.135,93.39,93.7,78.08,93.7,0.079,1141,1.1,2.4,Adrian Griffin
1733,Al,1610612744,GSW,27.0,78,42,36,0.538,2562.6566666666668,495,1083,0.457,127,293,0.433,168,242,0.694,151,345,496,149,169,65,24,60,269,232,1285,-25,2201.7,8,0,2235.0,2,2006-07,32.9,102.5,103.7,103.7,103.3,104.3,104.3,-0.8,-0.6,-0.6,0.097,0.88,9.9,0.058,0.138,0.097,11.2,11.2,0.516,0.54,0.228,0.229,98.77,97.75,81.45,97.75,0.096,5221,6.3,13.9,Al Harrington
2744,Al,1610612738,BOS,22.0,69,20,49,0.29,2319.0133333333333,453,882,0.514,0,1,0.0,201,295,0.681,237,519,756,88,136,48,106,91,232,237,1107,-167,2472.2,38,0,2259.0,1,2006-07,33.6,100.7,102.7,102.7,104.9,106.0,106.0,-4.2,-3.3,-3.3,0.071,0.65,7.2,0.11,0.239,0.175,11.1,11.0,0.514,0.547,0.226,0.228,92.86,91.5,76.25,91.5,0.139,4410,6.6,12.8,Al Jefferson
101187,Alan,1610612766,CHA,24.0,17,7,10,0.412,255.62166666666667,37,81,0.457,5,20,0.25,19,23,0.826,11,21,32,21,22,7,0,5,33,23,98,-17,166.9,0,0,170.0,1,2006-07,15.0,97.5,95.5,95.5,100.8,99.4,99.4,-3.3,-3.9,-3.9,0.144,0.95,15.8,0.045,0.089,0.067,16.5,16.4,0.488,0.538,0.194,0.202,94.57,96.24,80.2,96.24,0.067,514,2.2,4.8,Alan Anderson
673,Alan,1610612755,PHI,34.0,38,9,29,0.237,417.6883333333333,43,67,0.642,0,0,0.0,33,47,0.702,48,59,107,10,12,9,12,5,62,45,119,0,313.4,0,0,278.0,1,2006-07,11.0,102.9,101.5,101.5,104.0,102.2,102.2,-1.2,-0.7,-0.7,0.036,0.83,9.3,0.115,0.152,0.133,11.1,10.9,0.642,0.679,0.103,0.109,92.87,94.35,78.62,94.35,0.09,824,1.1,1.8,Alan Henderson
200792,Alexander,1610612763,MEM,24.0,59,15,44,0.254,752.6716666666666,91,169,0.538,0,0,0.0,78,118,0.661,50,131,181,17,47,25,35,16,137,98,260,-12,635.7,3,0,578.0,1,2006-07,12.8,109.0,108.4,108.4,111.0,109.1,109.1,-1.9,-0.6,-0.6,0.033,0.36,5.9,0.076,0.193,0.135,16.4,16.5,0.538,0.588,0.158,0.161,96.35,97.44,81.2,97.44,0.064,1527,1.5,2.9,Alexander Johnson
200810,Allan,1610612738,BOS,23.0,47,9,38,0.191,709.6083333333333,100,259,0.386,48,116,0.414,42,55,0.764,18,51,69,43,42,20,3,12,85,46,290,-15,464.3,0,0,496.0,1,2006-07,15.1,99.0,99.7,99.7,102.1,100.5,100.5,-3.1,-0.8,-0.8,0.105,1.02,11.7,0.024,0.083,0.051,11.4,11.4,0.479,0.512,0.198,0.202,94.56,94.97,79.14,94.97,0.057,1402,2.1,5.5,Allan Ray
947,Allen,1610612743,DEN,32.0,65,31,34,0.477,2761.2716666666665,581,1313,0.442,62,197,0.315,485,610,0.795,23,170,193,468,268,123,13,63,95,489,1709,-11,2782.6,17,0,2704.0,2,2006-07,42.5,103.4,104.6,104.6,102.8,104.9,104.9,0.6,-0.2,-0.2,0.302,1.75,20.2,0.008,0.061,0.035,11.6,11.6,0.466,0.54,0.288,0.291,99.41,97.84,81.53,97.84,0.133,5629,8.9,20.2,Allen Iverson
297,Alonzo,1610612748,MIA,37.0,77,43,34,0.558,1571.6366666666668,238,425,0.56,0,0,0.0,185,308,0.601,126,224,350,18,129,13,178,40,219,257,661,-78,1552.0,1,0,1411.0,1,2006-07,20.4,101.5,100.9,100.9,102.2,102.7,102.7,-0.7,-1.8,-1.8,0.02,0.14,2.5,0.089,0.137,0.115,18.2,18.2,0.56,0.59,0.204,0.208,92.47,92.49,77.08,92.49,0.084,3017,3.1,5.5,Alonzo Mourning
1541,Alvin,1610612746,LAC,32.0,2,2,0,1.0,9.633333333333333,0,2,0.0,0,1,0.0,2,4,0.5,1,0,1,3,3,2,0,0,0,2,2,-8,10.7,0,0,10.0,1,2006-07,4.8,98.6,95.2,95.2,138.6,133.3,133.3,-40.0,-38.1,-38.1,0.429,1.0,30.0,0.0,0.0,0.0,30.0,30.7,0.0,0.266,0.259,0.257,100.85,104.64,87.2,104.64,0.012,21,0.0,1.0,Alvin Williams
2405,Amar'e,1610612756,PHX,24.0,82,61,21,0.744,2689.005,607,1055,0.575,0,3,0.0,457,585,0.781,222,564,786,84,232,78,110,82,295,448,1671,447,3072.2,46,0,2917.0,1,2006-07,32.8,112.3,113.9,113.9,104.5,105.6,105.6,7.8,8.3,8.3,0.049,0.36,5.2,0.091,0.204,0.151,14.4,14.2,0.575,0.637,0.252,0.256,98.64,97.4,81.17,97.4,0.144,5454,7.4,12.9,Amar'e Stoudemire
101161,Amir,1610612765,DET,20.0,8,3,5,0.375,124.2,18,33,0.545,0,3,0.0,11,14,0.786,15,22,37,3,9,5,13,3,19,9,47,0,140.9,2,0,123.0,1,2006-07,15.5,101.4,101.2,101.2,101.7,100.8,100.8,-0.3,0.4,0.4,0.039,0.33,5.9,0.128,0.155,0.143,17.6,17.6,0.545,0.6,0.17,0.176,93.24,93.72,78.1,93.72,0.117,242,2.3,4.1,Amir Johnson
2760,Anderson,1610612739,CLE,24.0,81,49,32,0.605,1932.345,191,401,0.476,0,9,0.0,165,268,0.616,191,354,545,75,67,76,52,44,269,299,547,248,1630.5,7,0,1423.0,1,2006-07,23.9,103.9,104.0,104.0,97.1,97.1,97.1,6.8,6.8,6.8,0.06,1.12,11.3,0.097,0.192,0.143,10.1,10.1,0.476,0.527,0.135,0.137,93.86,93.8,78.16,93.8,0.094,3771,2.4,5.0,Anderson Varejao
101154,Andray,1610612764,WAS,20.0,56,27,29,0.482,682.15,86,197,0.437,4,27,0.148,30,49,0.612,77,114,191,39,49,17,32,21,94,50,206,-84,591.7,1,0,538.0,1,2006-07,12.2,101.1,101.4,101.4,107.7,107.2,107.2,-6.6,-5.8,-5.8,0.094,0.8,12.7,0.107,0.174,0.139,16.0,16.0,0.447,0.471,0.169,0.172,95.84,95.94,79.95,95.94,0.071,1361,1.5,3.5,Andray Blatche
2857,Andre,1610612741,CHI,25.0,6,5,1,0.833,28.525,4,8,0.5,0,0,0.0,0,0,0.0,1,4,5,7,4,0,0,1,4,1,8,-1,20.5,0,0,20.0,1,2006-07,4.8,87.2,82.5,82.5,88.3,85.5,85.5,-1.1,-2.9,-2.9,0.368,1.75,36.8,0.038,0.16,0.098,21.1,21.1,0.5,0.5,0.169,0.18,100.66,105.17,87.64,105.17,0.088,63,0.7,1.3,Andre Barrett
2810,Andre,1610612760,SEA,26.0,38,16,22,0.421,270.92333333333335,42,74,0.568,0,1,0.0,9,15,0.6,26,48,74,2,29,6,4,7,26,16,93,-12,185.8,0,0,189.0,1,2006-07,7.1,96.5,93.3,93.3,99.2,96.9,96.9,-2.7,-3.6,-3.6,0.014,0.07,1.8,0.1,0.168,0.136,26.4,26.0,0.568,0.577,0.171,0.183,93.98,96.74,80.61,96.74,0.091,550,1.1,1.9,Andre Brown
2738,Andre,1610612755,PHI,23.0,76,30,46,0.395,3061.5616666666665,443,991,0.447,48,155,0.31,452,551,0.82,77,357,434,432,261,152,33,37,200,393,1386,-211,2848.8,7,3,2670.0,1,2006-07,40.3,101.4,102.2,102.2,104.4,105.6,105.6,-3.1,-3.5,-3.5,0.242,1.66,22.4,0.027,0.124,0.076,13.5,13.5,0.471,0.562,0.224,0.227,92.95,92.08,76.73,92.08,0.13,5869,5.8,13.0,Andre Iguodala
1889,Andre,1610612755,PHI,31.0,80,43,37,0.538,2965.87,424,909,0.466,5,35,0.143,222,283,0.784,97,255,352,625,222,110,10,73,184,250,1075,-17,2572.9,19,1,2297.0,2,2006-07,37.1,104.5,105.7,105.7,104.7,106.2,106.2,-0.1,-0.5,-0.5,0.329,2.82,33.2,0.035,0.088,0.062,11.8,11.8,0.469,0.52,0.189,0.19,95.63,94.39,78.65,94.39,0.116,5839,5.3,11.4,Andre Miller
200745,Andrea,1610612761,TOR,21.0,65,35,30,0.538,1629.45,267,625,0.427,100,268,0.373,117,142,0.824,52,203,255,50,107,32,53,23,180,157,751,42,1280.0,1,0,1326.0,1,2006-07,25.1,106.1,105.8,105.8,104.1,104.4,104.4,2.0,1.4,1.4,0.051,0.47,5.9,0.034,0.13,0.082,12.7,12.7,0.507,0.546,0.222,0.226,95.33,95.35,79.46,95.35,0.077,3236,4.1,9.6,Andrea Bargnani
2601,Andreas,1610612760,SEA,25.0,13,3,10,0.231,80.55833333333334,8,17,0.471,0,0,0.0,1,2,0.5,2,6,8,1,9,0,0,1,19,3,17,-27,19.1,0,0,26.0,1,2006-07,6.2,90.5,91.8,91.8,110.9,106.8,106.8,-20.4,-15.0,-15.0,0.02,0.11,3.6,0.027,0.085,0.055,32.1,32.3,0.471,0.475,0.153,0.154,94.54,95.63,79.69,95.63,-0.05,159,0.6,1.3,Andreas Glyniadakis
1905,Andrei,1610612762,UTA,26.0,70,44,26,0.629,2048.8783333333336,197,418,0.471,16,75,0.213,174,239,0.728,88,241,329,202,135,74,144,20,172,206,584,34,1800.8,3,0,1567.0,1,2006-07,29.3,105.6,107.1,107.1,106.0,106.0,106.0,-0.4,1.1,1.1,0.145,1.5,23.4,0.047,0.123,0.085,15.6,15.7,0.49,0.558,0.145,0.146,94.17,93.48,77.9,93.48,0.092,3985,2.8,6.0,Andrei Kirilenko
2804,Andres,1610612741,CHI,27.0,53,31,22,0.585,1405.825,273,584,0.467,80,209,0.383,123,145,0.848,42,259,301,57,104,27,24,26,164,164,749,45,1244.7,8,0,1289.0,1,2006-07,26.5,101.2,101.5,101.5,98.7,99.8,99.8,2.5,1.8,1.8,0.073,0.55,7.1,0.031,0.186,0.109,12.9,12.9,0.536,0.578,0.237,0.241,96.93,96.23,80.19,96.23,0.122,2816,5.2,11.0,Andres Nocioni
101106,Andrew,1610612749,MIL,22.0,66,25,41,0.379,2258.03,348,629,0.553,1,5,0.2,112,194,0.577,168,416,584,198,150,49,35,47,216,269,809,-131,1908.8,19,0,1760.0,1,2006-07,34.2,104.1,105.4,105.4,107.8,108.0,108.0,-3.7,-2.6,-2.6,0.138,1.32,18.6,0.078,0.2,0.138,14.1,14.1,0.554,0.566,0.172,0.173,94.45,93.79,78.16,93.79,0.11,4404,5.3,9.5,Andrew Bogut
101115,Andrew,1610612747,LAL,19.0,82,42,40,0.512,1793.4216666666666,247,443,0.558,0,3,0.0,143,214,0.668,139,345,484,94,115,12,128,43,249,165,637,-114,1663.8,10,0,1495.0,1,2006-07,21.9,102.8,103.0,103.0,105.2,105.8,105.8,-2.4,-2.8,-2.8,0.085,0.82,12.6,0.083,0.191,0.139,15.5,15.4,0.558,0.593,0.163,0.166,95.55,95.12,79.27,95.12,0.097,3547,3.0,5.4,Andrew Bynum
2740,Andris,1610612744,GSW,21.0,82,42,40,0.512,2382.1,348,581,0.599,0,0,0.0,87,167,0.521,251,511,762,88,119,67,136,69,304,188,783,120,2319.4,24,0,2039.0,1,2006-07,29.0,105.9,107.0,107.0,102.8,104.2,104.2,3.1,2.9,2.9,0.053,0.74,10.2,0.106,0.215,0.161,13.8,13.8,0.599,0.598,0.139,0.139,100.79,99.64,83.04,99.64,0.105,4935,4.2,7.1,Andris Biedrins
1712,Antawn,1610612764,WAS,31.0,70,37,33,0.529,2661.53,512,1139,0.45,138,379,0.364,226,307,0.736,134,428,562,136,104,80,36,46,194,253,1388,90,2510.4,22,0,2456.0,1,2006-07,38.0,109.5,111.3,111.3,109.2,110.1,110.1,0.3,1.2,1.2,0.084,1.31,9.0,0.05,0.17,0.108,6.9,6.9,0.51,0.545,0.224,0.226,97.44,96.23,80.19,96.23,0.116,5348,7.3,16.3,Antawn Jamison
1853,Anthony,1610612743,DEN,32.0,2,2,0,1.0,37.20666666666666,3,8,0.375,0,2,0.0,0,0,0.0,0,3,3,11,6,0,1,0,4,1,6,6,23.1,0,0,22.0,1,2006-07,18.6,100.8,102.6,102.6,94.6,94.9,94.9,6.2,7.7,7.7,0.423,1.83,44.0,0.0,0.059,0.033,24.0,24.0,0.375,0.375,0.156,0.155,101.66,100.63,83.86,100.63,0.045,78,1.5,4.0,Anthony Carter
1533,Anthony,1610612737,ATL,32.0,67,40,27,0.597,1300.361666666667,142,343,0.414,25,73,0.342,46,61,0.754,22,79,101,201,76,33,3,9,119,74,355,-123,809.7,0,0,754.0,2,2006-07,19.4,101.8,100.9,100.9,106.8,105.7,105.7,-5.0,-4.8,-4.8,0.249,2.64,31.0,0.018,0.065,0.042,11.7,11.7,0.45,0.48,0.156,0.159,92.77,93.61,78.01,93.61,0.065,2535,2.1,5.1,Anthony Johnson
1515,Anthony,1610612761,TOR,32.0,73,43,30,0.589,2437.1283333333336,328,687,0.477,115,261,0.441,132,159,0.83,60,223,283,153,71,73,11,21,135,147,903,310,1653.1,0,0,1622.0,1,2006-07,33.4,108.0,108.1,108.1,100.5,101.4,101.4,7.5,6.7,6.7,0.096,2.15,15.7,0.027,0.096,0.062,7.3,7.2,0.561,0.596,0.155,0.158,94.35,93.9,78.25,93.9,0.096,4763,4.5,9.4,Anthony Parker
101194,Anthony,1610612744,GSW,24.0,20,7,13,0.35,226.59333333333333,44,104,0.423,21,55,0.382,2,3,0.667,2,19,21,10,13,12,0,3,27,1,111,-56,174.2,0,0,187.0,1,2006-07,11.3,98.2,99.4,99.4,112.8,110.7,110.7,-14.6,-11.3,-11.3,0.071,0.77,7.8,0.008,0.083,0.044,10.2,10.1,0.524,0.527,0.219,0.221,102.48,102.85,85.7,102.85,0.062,485,2.2,5.2,Anthony Roberson
952,Antoine,1610612748,MIA,30.0,78,42,36,0.538,1817.763333333333,265,668,0.397,84,305,0.275,46,105,0.438,92,247,339,130,141,48,17,47,173,105,660,-36,1315.8,3,0,1343.0,1,2006-07,23.3,101.9,100.8,100.8,101.3,102.9,102.9,0.6,-2.2,-2.2,0.122,0.92,13.2,0.054,0.141,0.098,14.3,14.3,0.46,0.462,0.219,0.224,91.76,91.52,76.27,91.52,0.067,3485,3.4,8.6,Antoine Walker
101120,Antoine,1610612751,NJN,23.0,63,33,30,0.524,1137.355,110,251,0.438,19,59,0.322,44,73,0.603,38,137,175,55,43,30,10,25,120,63,283,-181,652.5,1,0,612.0,1,2006-07,18.1,99.2,96.9,96.9,103.5,103.2,103.2,-4.3,-6.3,-6.3,0.081,1.28,14.4,0.036,0.123,0.081,11.3,11.3,0.476,0.5,0.131,0.137,92.97,94.18,78.48,94.18,0.056,2211,1.7,4.0,Antoine Wright
1498,Antonio,1610612764,WAS,32.0,80,41,39,0.513,1761.0233333333333,172,389,0.442,19,63,0.302,208,250,0.832,18,133,151,290,69,39,9,31,79,204,571,-25,1262.2,3,0,1127.0,1,2006-07,22.0,107.1,107.6,107.6,108.1,107.9,107.9,-1.0,-0.4,-0.4,0.261,4.2,34.1,0.01,0.08,0.044,8.1,8.0,0.467,0.572,0.141,0.145,94.77,94.62,78.85,94.62,0.111,3466,2.2,4.9,Antonio Daniels
686,Antonio,1610612765,DET,32.0,82,53,29,0.646,1729.1816666666666,284,540,0.526,0,0,0.0,96,139,0.691,165,331,496,72,75,61,65,8,240,143,664,270,1670.2,8,0,1484.0,1,2006-07,21.1,107.1,107.2,107.2,98.4,98.3,98.3,8.7,8.9,8.9,0.072,0.96,9.6,0.099,0.2,0.149,10.0,10.0,0.526,0.552,0.18,0.184,89.65,89.7,74.75,89.7,0.123,3223,3.5,6.6,Antonio McDyess
1506,Austin,1610612742,DAL,32.0,61,49,12,0.803,727.4616666666667,78,222,0.351,26,91,0.286,45,52,0.865,33,153,186,44,33,14,6,19,68,44,227,17,543.2,0,0,523.0,1,2006-07,11.9,98.7,96.5,96.5,97.9,95.4,95.4,0.8,1.2,1.2,0.104,1.33,13.6,0.046,0.208,0.127,10.2,10.3,0.41,0.463,0.169,0.176,93.15,95.41,79.51,95.41,0.1,1446,1.3,3.6,Austin Croshere
1884,Baron,1610612744,GSW,28.0,63,36,27,0.571,2220.92,452,1030,0.439,85,280,0.304,275,369,0.745,51,225,276,509,193,135,29,56,181,321,1264,243,2657.7,20,1,2462.0,1,2006-07,35.3,107.6,109.2,109.2,102.7,103.9,103.9,4.9,5.3,5.3,0.356,2.64,27.1,0.023,0.101,0.062,10.3,10.2,0.48,0.53,0.263,0.266,101.07,99.79,83.15,99.79,0.141,4616,7.2,16.3,Baron Davis
2732,Ben,1610612741,CHI,24.0,82,49,33,0.598,2703.7883333333334,609,1338,0.455,155,375,0.413,380,440,0.864,35,223,258,296,249,64,17,55,252,360,1753,352,2500.6,0,0,2624.0,1,2006-07,33.0,103.8,105.5,105.5,98.3,98.9,98.9,5.6,6.6,6.6,0.194,1.19,14.3,0.013,0.082,0.048,12.1,12.0,0.513,0.572,0.286,0.29,96.64,95.58,79.65,95.58,0.127,5382,7.4,16.3,Ben Gordon
1112,Ben,1610612741,CHI,32.0,77,45,32,0.584,2696.648333333333,192,424,0.453,1,5,0.2,109,267,0.408,303,518,821,186,101,111,156,28,153,246,494,168,2458.2,12,0,2036.0,1,2006-07,35.0,101.6,102.9,102.9,97.8,99.6,99.6,3.9,3.3,3.3,0.101,1.84,22.2,0.113,0.196,0.154,12.1,12.2,0.454,0.456,0.107,0.106,95.85,94.37,78.65,94.37,0.107,5298,2.5,5.5,Ben Wallace
2757,Beno,1610612759,SAS,24.0,73,53,20,0.726,948.0883333333334,127,344,0.369,33,115,0.287,53,60,0.883,11,71,82,122,56,27,1,19,70,56,340,19,649.4,0,0,633.0,1,2006-07,13.0,103.5,101.2,101.2,101.4,101.4,101.4,2.1,-0.2,-0.2,0.22,2.18,22.2,0.012,0.078,0.045,10.2,10.2,0.417,0.459,0.205,0.213,91.88,92.95,77.46,92.95,0.072,1847,1.7,4.7,Beno Udrih
2774,Bernard,1610612751,NJN,26.0,31,9,22,0.29,278.2416666666667,19,62,0.306,0,2,0.0,23,27,0.852,10,38,48,19,16,17,2,10,32,22,61,-70,188.1,0,0,166.0,2,2006-07,9.0,92.2,88.6,88.6,99.4,97.8,97.8,-7.2,-9.2,-9.2,0.119,1.19,17.4,0.036,0.134,0.085,14.7,14.7,0.306,0.413,0.143,0.151,95.49,98.25,81.87,98.25,0.062,560,0.6,2.0,Bernard Robinson
448,Bo,1610612753,ORL,36.0,41,21,20,0.512,459.8833333333333,34,51,0.667,0,0,0.0,13,22,0.591,47,59,106,16,21,17,6,7,57,23,81,-3,280.2,0,0,249.0,1,2006-07,11.2,102.0,101.3,101.3,101.8,102.5,102.5,0.2,-1.3,-1.3,0.055,0.76,16.3,0.114,0.144,0.129,21.4,21.5,0.667,0.667,0.081,0.083,91.31,91.33,76.11,91.33,0.073,879,0.8,1.2,Bo Outlaw
1517,Bobby,1610612740,NOK,34.0,56,30,26,0.536,1329.5966666666666,204,518,0.394,54,165,0.327,130,168,0.774,42,136,178,141,78,50,6,34,98,131,592,34,1107.1,0,0,1077.0,1,2006-07,23.7,103.5,103.0,103.0,102.2,101.7,101.7,1.3,1.3,1.3,0.179,1.81,17.4,0.031,0.103,0.067,9.6,9.6,0.446,0.5,0.224,0.23,92.99,93.41,77.84,93.41,0.101,2588,3.6,9.3,Bobby Jackson
200784,Bobby,1610612755,PHI,23.0,44,15,29,0.341,335.48833333333334,43,93,0.462,1,9,0.111,23,41,0.561,22,35,57,16,18,11,1,5,59,35,110,36,220.4,0,0,208.0,1,2006-07,7.6,104.1,102.1,102.1,98.3,94.7,94.7,5.8,7.4,7.4,0.075,0.89,11.0,0.067,0.11,0.088,12.3,12.4,0.468,0.495,0.172,0.176,93.19,95.86,79.88,95.86,0.039,663,1.0,2.1,Bobby Jones
1719,Bonzi,1610612745,HOU,30.0,28,13,15,0.464,590.0966666666667,85,207,0.411,1,7,0.143,46,82,0.561,26,94,120,31,57,24,13,23,62,67,217,7,461.5,0,0,443.0,1,2006-07,21.1,98.4,98.0,98.0,95.5,97.8,97.8,2.9,0.2,0.2,0.1,0.54,9.4,0.047,0.162,0.106,17.3,17.2,0.413,0.446,0.235,0.242,89.93,89.03,74.19,89.03,0.069,1097,3.0,7.4,Bonzi Wells
2564,Boris,1610612756,PHX,25.0,73,55,18,0.753,2267.518333333333,306,569,0.538,15,45,0.333,82,120,0.683,91,226,317,352,154,28,38,29,177,160,709,207,1661.4,6,1,1525.0,1,2006-07,31.1,109.9,110.6,110.6,104.6,105.3,105.3,5.2,5.3,5.3,0.219,2.29,31.3,0.045,0.099,0.073,13.7,13.7,0.551,0.57,0.153,0.156,97.46,96.84,80.7,96.84,0.09,4558,4.2,7.8,Boris Diaw
2411,Bostjan,1610612751,NJN,26.0,76,39,37,0.513,1531.6466666666668,226,495,0.457,112,265,0.423,132,164,0.805,27,226,253,61,69,30,26,26,183,143,696,-20,1190.1,1,0,1234.0,1,2006-07,20.2,102.8,100.7,100.7,102.5,101.7,101.7,0.2,-1.1,-1.1,0.072,0.88,8.7,0.019,0.149,0.085,9.9,9.9,0.57,0.614,0.187,0.193,94.2,95.54,79.61,95.54,0.104,3055,3.0,6.5,Bostjan Nachbar
101152,Bracey,1610612750,MIN,22.0,19,6,13,0.316,190.1383333333333,24,60,0.4,6,20,0.3,13,18,0.722,7,14,21,15,6,9,1,3,6,15,67,52,138.7,0,0,129.0,1,2006-07,10.0,109.8,109.7,109.7,97.9,95.6,95.6,11.9,14.1,14.1,0.114,2.5,16.7,0.037,0.084,0.059,6.7,6.7,0.45,0.493,0.17,0.172,95.51,96.69,80.57,96.69,0.091,382,1.3,3.2,Bracey Wright
1802,Brad,1610612758,SAC,31.0,63,26,37,0.413,1783.3,224,494,0.453,5,33,0.152,115,149,0.772,79,322,401,224,108,38,39,25,155,133,568,88,1508.2,3,1,1352.0,1,2006-07,28.3,104.7,105.9,105.9,103.2,104.1,104.1,1.5,1.7,1.7,0.196,2.07,25.0,0.045,0.187,0.116,12.1,12.1,0.459,0.508,0.166,0.167,97.85,96.9,80.75,96.9,0.103,3612,3.6,7.8,Brad Miller
101138,Brandon,1610612740,NOK,22.0,21,8,13,0.381,161.505,15,44,0.341,0,1,0.0,12,16,0.75,13,30,43,3,10,2,3,3,16,13,42,-18,103.1,0,0,98.0,1,2006-07,7.7,97.3,96.5,96.5,107.0,102.9,102.9,-9.7,-6.3,-6.3,0.03,0.3,4.6,0.076,0.221,0.141,15.4,15.6,0.341,0.411,0.167,0.17,91.45,93.62,78.02,93.62,0.05,316,0.7,2.1,Brandon Bass
200750,Brandon,1610612757,POR,22.0,57,23,34,0.404,2014.506666666667,349,765,0.456,55,146,0.377,202,241,0.838,58,192,250,230,116,67,10,30,139,226,955,-191,1715.0,4,0,1644.0,1,2006-07,35.3,103.0,104.6,104.6,109.1,109.5,109.5,-6.1,-4.9,-4.9,0.202,1.98,18.9,0.03,0.107,0.067,9.5,9.5,0.492,0.548,0.225,0.227,91.01,90.1,75.09,90.1,0.121,3779,6.1,13.4,Brandon Roy
2217,Brendan,1610612764,WAS,27.0,77,39,38,0.506,1739.9,198,355,0.558,0,0,0.0,115,210,0.548,195,282,477,47,90,34,88,33,208,185,511,61,1429.9,7,0,1279.0,1,2006-07,22.6,106.0,107.3,107.3,104.8,105.5,105.5,1.2,1.9,1.9,0.04,0.52,8.0,0.109,0.167,0.137,15.4,15.4,0.558,0.571,0.134,0.136,96.21,95.33,79.44,95.33,0.078,3454,2.6,4.6,Brendan Haywood
699,Brent,1610612759,SAS,35.0,75,53,22,0.707,1631.0833333333333,202,425,0.475,128,287,0.446,103,117,0.88,17,143,160,138,61,56,12,12,88,73,635,223,1177.0,0,0,1197.0,1,2006-07,21.7,107.4,107.3,107.3,100.8,101.4,101.4,6.6,6.0,6.0,0.132,2.26,20.8,0.012,0.091,0.053,9.2,9.0,0.626,0.666,0.15,0.156,92.81,92.58,77.15,92.58,0.112,3163,2.7,5.7,Brent Barry
1510,Brevin,1610612766,CHA,31.0,45,17,28,0.378,1272.79,152,363,0.419,1,18,0.056,103,128,0.805,14,101,115,296,95,67,3,19,113,102,408,-91,1105.0,2,0,960.0,1,2006-07,28.3,99.6,100.4,100.4,102.9,103.5,103.5,-3.3,-3.1,-3.1,0.378,3.12,36.6,0.011,0.085,0.047,11.8,11.7,0.42,0.487,0.179,0.183,95.56,94.96,79.13,94.96,0.11,2512,3.4,8.1,Brevin Knight
2073,Brian,1610612763,MEM,30.0,28,6,22,0.214,312.7583333333333,42,85,0.494,18,44,0.409,25,27,0.926,13,46,59,31,23,22,1,4,42,34,127,-34,290.3,0,0,281.0,1,2006-07,11.2,103.0,101.0,101.0,108.2,106.3,106.3,-5.1,-5.3,-5.3,0.169,1.35,20.5,0.042,0.164,0.1,15.2,15.2,0.6,0.655,0.171,0.176,93.87,95.69,79.74,95.69,0.122,623,1.5,3.0,Brian Cardinal
2567,Brian,1610612747,LAL,26.0,65,31,34,0.477,1018.37,185,408,0.453,46,115,0.4,34,47,0.723,61,154,215,65,51,25,27,18,134,41,450,79,910.5,3,0,880.0,1,2006-07,15.7,107.5,107.7,107.7,105.0,104.6,104.6,2.5,3.0,3.0,0.1,1.27,11.9,0.064,0.156,0.111,9.3,9.4,0.51,0.525,0.208,0.211,96.04,96.11,80.09,96.11,0.089,2047,2.8,6.3,Brian Cook
2243,Brian,1610612738,BOS,29.0,54,19,35,0.352,1026.6233333333332,77,191,0.403,44,110,0.4,18,23,0.783,24,81,105,59,44,23,18,4,130,33,216,-75,509.5,0,0,506.0,1,2006-07,19.0,100.2,100.4,100.4,104.0,104.0,104.0,-3.8,-3.6,-3.6,0.092,1.34,19.4,0.025,0.084,0.055,14.5,14.5,0.518,0.537,0.108,0.11,94.56,94.52,78.76,94.52,0.034,2020,1.4,3.5,Brian Scalabrine
1730,Brian,1610612749,MIL,31.0,67,22,45,0.328,1522.605,124,253,0.49,0,0,0.0,46,79,0.582,106,279,385,58,75,18,64,25,195,75,294,-120,1014.0,2,0,901.0,1,2006-07,22.7,103.7,104.8,104.8,108.2,108.3,108.3,-4.4,-3.5,-3.5,0.054,0.77,13.8,0.074,0.195,0.135,17.9,17.8,0.49,0.511,0.108,0.11,93.99,93.46,77.88,93.46,0.057,2957,1.9,3.8,Brian Skinner
1477,Bruce,1610612759,SAS,36.0,82,58,24,0.707,2464.141666666667,189,467,0.405,89,232,0.384,43,73,0.589,23,200,223,117,65,62,25,12,175,104,510,590,1149.1,0,0,1113.0,1,2006-07,30.1,106.7,108.3,108.3,93.9,94.8,94.8,12.8,13.5,13.5,0.068,1.8,17.3,0.011,0.082,0.049,9.6,9.5,0.5,0.511,0.108,0.109,91.65,90.53,75.44,90.53,0.049,4630,2.3,5.7,Bruce Bowen
101139,CJ,1610612762,UTA,20.0,37,23,14,0.622,372.4716666666667,40,116,0.345,7,32,0.219,14,23,0.609,11,24,35,25,28,11,4,8,60,18,101,-55,197.5,0,0,198.0,1,2006-07,10.1,99.7,99.9,99.9,109.0,107.9,107.9,-9.3,-8.1,-8.1,0.097,0.89,13.9,0.028,0.068,0.047,15.6,15.6,0.375,0.4,0.177,0.181,95.71,96.07,80.06,96.07,-0.004,748,1.1,3.1,CJ Miles
1916,Calvin,1610612764,WAS,31.0,44,22,22,0.5,379.57666666666665,31,66,0.47,1,2,0.5,6,10,0.6,27,54,81,18,9,4,29,2,71,21,69,42,283.2,1,0,235.0,1,2006-07,8.6,105.4,106.0,106.0,101.2,98.6,98.6,4.2,7.4,7.4,0.067,2.0,18.4,0.071,0.151,0.11,9.2,9.2,0.477,0.49,0.091,0.092,97.41,98.45,82.04,98.45,0.044,771,0.7,1.5,Calvin Booth
2306,Carlos,1610612753,ORL,27.0,72,36,36,0.5,1303.8583333333331,203,478,0.425,14,51,0.275,132,166,0.795,31,103,134,202,90,39,2,26,131,142,552,41,1048.8,0,0,984.0,1,2006-07,18.1,101.0,101.0,101.0,99.6,99.6,99.6,1.5,1.4,1.4,0.286,2.24,24.2,0.027,0.084,0.056,10.8,10.7,0.439,0.501,0.222,0.23,91.0,91.0,75.84,91.0,0.111,2475,2.8,6.6,Carlos Arroyo
2430,Carlos,1610612762,UTA,25.0,74,45,29,0.608,2556.741666666667,647,1154,0.561,0,0,0.0,255,372,0.685,235,632,867,221,194,70,21,91,217,274,1549,163,2999.9,53,0,2819.0,1,2006-07,34.6,107.7,109.2,109.2,105.7,106.3,106.3,2.1,2.9,2.9,0.158,1.14,12.8,0.099,0.258,0.18,11.2,11.2,0.561,0.588,0.262,0.265,95.11,94.22,78.51,94.22,0.181,5026,8.7,15.6,Carlos Boozer
2568,Carlos,1610612765,DET,24.0,82,53,29,0.646,1371.7283333333332,156,376,0.415,46,138,0.333,70,89,0.787,67,199,266,88,61,46,8,34,97,80,428,60,980.2,0,0,936.0,1,2006-07,16.7,101.7,101.1,101.1,98.3,98.2,98.2,3.4,2.9,2.9,0.108,1.44,15.5,0.05,0.149,0.099,10.8,10.8,0.476,0.515,0.158,0.162,91.28,91.64,76.37,91.64,0.103,2611,1.9,4.6,Carlos Delfino
2546,Carmelo,1610612743,DEN,23.0,65,37,28,0.569,2485.548333333333,691,1453,0.476,40,149,0.268,459,568,0.808,143,248,391,249,234,77,23,104,203,384,1881,88,2789.7,4,1,2761.0,1,2006-07,38.2,107.7,108.7,108.7,105.0,107.0,107.0,2.7,1.7,1.7,0.183,1.06,11.5,0.06,0.099,0.08,10.8,10.7,0.489,0.552,0.328,0.335,100.31,98.88,82.4,98.88,0.134,5120,10.6,22.4,Carmelo Anthony
2406,Caron,1610612764,WAS,27.0,63,37,26,0.587,2474.315,451,975,0.463,18,72,0.25,283,328,0.863,147,320,467,233,181,134,17,63,188,228,1203,58,2384.9,21,0,2223.0,1,2006-07,39.3,108.2,110.0,110.0,107.7,108.9,108.9,0.5,1.2,1.2,0.154,1.29,15.2,0.059,0.136,0.096,11.8,11.8,0.472,0.537,0.227,0.229,97.76,96.4,80.33,96.4,0.119,4969,7.2,15.5,Caron Butler
200841,Cedric,1610612737,ATL,24.0,23,9,14,0.391,198.98666666666668,11,39,0.282,2,13,0.154,2,6,0.333,3,20,23,9,9,5,2,6,32,10,26,-26,79.1,0,0,74.0,1,2006-07,8.7,95.1,92.4,92.4,100.3,97.0,97.0,-5.1,-4.6,-4.6,0.075,1.0,15.0,0.014,0.096,0.054,15.0,15.1,0.308,0.312,0.107,0.112,93.81,96.73,80.61,96.73,-0.022,397,0.5,1.7,Cedric Bozeman
200759,Cedric,1610612740,NOK,21.0,43,19,24,0.442,533.9433333333334,55,132,0.417,0,0,0.0,16,33,0.485,44,63,107,12,22,8,23,8,75,34,126,-99,343.4,0,0,307.0,1,2006-07,12.4,93.8,93.8,93.8,103.0,102.6,102.6,-9.3,-8.8,-8.8,0.037,0.55,6.6,0.082,0.119,0.1,12.1,12.2,0.417,0.43,0.142,0.144,93.41,93.58,77.99,93.58,0.033,1037,1.3,3.1,Cedric Simmons
101112,Channing,1610612752,NYK,24.0,72,29,43,0.403,1896.1716666666664,298,689,0.433,3,18,0.167,85,108,0.787,91,304,395,67,100,36,42,23,216,118,684,-137,1392.5,3,0,1305.0,1,2006-07,26.3,101.0,101.6,101.6,106.1,105.9,105.9,-5.0,-4.3,-4.3,0.063,0.67,7.4,0.051,0.17,0.111,11.1,11.1,0.435,0.464,0.199,0.202,92.45,92.28,76.9,92.28,0.072,3655,4.1,9.6,Channing Frye
2294,Charlie,1610612749,MIL,28.0,82,28,54,0.341,2847.931666666667,426,974,0.437,127,361,0.352,131,168,0.78,57,181,238,247,104,97,4,47,213,161,1110,-251,1965.1,0,0,1924.0,1,2006-07,34.7,103.6,105.0,105.0,109.1,109.5,109.5,-5.5,-4.5,-4.5,0.137,2.38,17.7,0.02,0.068,0.044,7.4,7.4,0.503,0.53,0.181,0.183,94.56,93.75,78.13,93.75,0.079,5563,5.2,11.9,Charlie Bell
101111,Charlie,1610612749,MIL,22.0,39,17,22,0.436,984.3083333333332,180,383,0.47,29,86,0.337,73,89,0.82,62,166,228,36,54,24,12,17,108,76,462,-15,843.6,6,0,827.0,1,2006-07,25.2,106.5,107.4,107.4,107.4,107.5,107.5,-0.9,-0.1,-0.1,0.058,0.67,7.0,0.066,0.176,0.121,10.5,10.5,0.508,0.547,0.215,0.217,95.54,95.09,79.24,95.09,0.101,1944,4.6,9.8,Charlie Villanueva
1497,Chauncey,1610612765,DET,30.0,70,48,22,0.686,2533.468333333333,348,815,0.427,109,316,0.345,386,437,0.883,23,214,237,502,140,84,17,25,161,324,1191,369,2391.4,16,0,2241.0,1,2006-07,36.2,110.3,110.5,110.5,101.9,103.0,103.0,8.4,7.5,7.5,0.321,3.59,30.7,0.01,0.089,0.05,8.6,8.5,0.494,0.591,0.212,0.217,89.34,88.74,73.95,88.74,0.146,4692,5.0,11.6,Chauncey Billups
2547,Chris,1610612761,TOR,23.0,69,41,28,0.594,2657.6866666666665,543,1094,0.496,12,35,0.343,463,590,0.785,186,555,741,175,179,39,90,67,163,446,1561,187,2920.7,42,0,2747.0,1,2006-07,38.5,106.9,107.5,107.5,102.8,103.8,103.8,4.1,3.8,3.8,0.115,0.98,10.2,0.075,0.217,0.147,10.5,10.5,0.502,0.577,0.266,0.268,94.34,93.63,78.02,93.63,0.158,5180,7.9,15.9,Chris Bosh
2768,Chris,1610612741,CHI,24.0,78,46,32,0.59,1905.66,197,483,0.408,88,245,0.359,76,101,0.752,23,146,169,310,105,69,6,28,150,108,558,165,1345.8,1,0,1275.0,1,2006-07,24.4,101.4,101.5,101.5,96.6,96.6,96.6,4.8,4.9,4.9,0.252,2.95,32.9,0.012,0.077,0.045,11.1,11.1,0.499,0.529,0.145,0.147,95.84,95.8,79.84,95.8,0.095,3792,2.5,6.2,Chris Duhon
2549,Chris,1610612746,LAC,25.0,75,38,37,0.507,2175.8083333333334,294,652,0.451,0,1,0.0,166,224,0.741,160,428,588,79,147,41,116,44,251,184,754,-175,1902.1,14,0,1735.0,1,2006-07,29.0,100.1,101.0,101.0,104.0,104.6,104.6,-3.9,-3.7,-3.7,0.061,0.54,8.1,0.083,0.211,0.148,15.1,15.1,0.451,0.502,0.194,0.196,91.19,90.55,75.46,90.55,0.09,4093,3.9,8.7,Chris Kaman
200840,Chris,1610612749,MIL,23.0,5,1,4,0.2,11.786666666666669,0,3,0.0,0,0,0.0,0,0,0.0,0,0,0,0,2,0,0,0,1,0,0,-2,-2.0,0,0,0.0,1,2006-07,2.4,100.2,85.2,85.2,113.2,96.2,96.2,-13.1,-11.0,-11.0,0.0,0.0,0.0,0.0,0.0,0.0,40.0,40.0,0.0,0.0,0.161,0.185,91.71,107.92,89.93,107.92,-0.174,27,0.0,0.6,Chris McCray
101108,Chris,1610612740,NOK,22.0,64,31,33,0.484,2352.735,381,871,0.437,50,143,0.35,292,357,0.818,54,226,280,569,161,118,3,49,154,319,1104,-46,2495.5,27,1,2245.0,1,2006-07,36.8,105.2,106.7,106.7,106.7,107.8,107.8,-1.6,-1.1,-1.1,0.397,3.53,32.6,0.022,0.104,0.061,9.2,9.2,0.466,0.537,0.223,0.227,93.12,92.0,76.67,92.0,0.15,4512,6.0,13.6,Chris Paul
200809,Chris,1610612748,MIA,23.0,42,18,24,0.429,407.90833333333336,48,131,0.366,20,57,0.351,25,37,0.676,6,24,30,65,21,15,0,9,32,38,141,12,298.5,0,0,286.0,1,2006-07,9.7,101.3,99.2,99.2,99.1,97.8,97.8,2.2,1.4,1.4,0.289,3.1,27.8,0.015,0.062,0.038,9.0,9.0,0.443,0.479,0.194,0.2,88.78,90.31,75.26,90.31,0.088,768,1.1,3.1,Chris Quinn
185,Chris,1610612765,DET,34.0,61,35,26,0.574,1820.631666666667,289,639,0.452,4,11,0.364,102,160,0.638,124,313,437,188,107,60,41,24,143,127,684,106,1686.4,13,0,1515.0,2,2006-07,29.8,106.1,106.8,106.8,103.7,104.4,104.4,2.4,2.4,2.4,0.17,1.76,18.7,0.075,0.196,0.134,10.6,10.7,0.455,0.482,0.213,0.215,89.68,89.07,74.23,89.07,0.109,3390,4.7,10.5,Chris Webber
2404,Chris,1610612760,SEA,24.0,82,31,51,0.378,2585.82,433,819,0.529,0,6,0.0,240,351,0.684,178,451,629,82,127,70,38,47,248,264,1106,-63,2180.8,20,0,2033.0,1,2006-07,31.5,106.8,108.3,108.3,108.1,109.1,109.1,-1.3,-0.8,-0.8,0.05,0.65,6.9,0.073,0.189,0.131,10.8,10.7,0.529,0.568,0.191,0.193,94.78,93.72,78.1,93.72,0.103,5038,5.3,10.0,Chris Wilcox
101236,Chuck,1610612745,HOU,24.0,78,50,28,0.641,1713.785,192,335,0.573,0,0,0.0,55,89,0.618,204,317,521,47,64,70,18,35,281,94,439,322,1334.7,4,0,1183.0,1,2006-07,22.0,105.0,104.1,104.1,92.5,93.8,93.8,12.5,10.3,10.3,0.043,0.73,9.7,0.122,0.188,0.155,13.1,13.2,0.573,0.587,0.116,0.118,93.2,92.99,77.49,92.99,0.089,3310,2.5,4.3,Chuck Hayes
1088,Chucky,1610612763,MEM,32.0,75,20,55,0.267,2063.938333333333,310,715,0.434,116,306,0.379,252,311,0.81,18,121,139,346,127,50,4,33,136,234,988,-120,1708.8,3,0,1697.0,1,2006-07,27.5,107.6,107.9,107.9,110.6,110.8,110.8,-3.0,-3.0,-3.0,0.276,2.72,26.2,0.009,0.061,0.035,9.6,9.6,0.515,0.58,0.21,0.213,96.39,96.19,80.16,96.19,0.109,4137,4.1,9.5,Chucky Atkins
361,Clifford,1610612751,NJN,40.0,50,27,23,0.54,955.2866666666666,81,218,0.372,25,66,0.379,16,36,0.444,31,91,122,51,30,12,23,7,98,45,203,-227,500.9,0,0,471.0,1,2006-07,19.1,97.9,96.3,96.3,108.6,107.9,107.9,-10.7,-11.5,-11.5,0.092,1.7,16.1,0.033,0.098,0.065,9.5,9.5,0.429,0.434,0.129,0.132,92.68,93.71,78.09,93.71,0.033,1859,1.6,4.4,Clifford Robinson
1894,Corey,1610612746,LAC,27.0,75,37,38,0.493,2290.8016666666667,367,808,0.454,13,65,0.2,519,633,0.82,90,352,442,208,201,65,14,66,244,428,1266,87,2144.4,9,0,2087.0,1,2006-07,30.5,104.1,104.7,104.7,102.5,103.0,103.0,1.7,1.7,1.7,0.16,1.03,13.9,0.043,0.16,0.104,13.5,13.4,0.462,0.583,0.254,0.258,94.06,93.57,77.97,93.57,0.13,4470,4.9,10.8,Corey Maggette
722,Corliss,1610612758,SAC,33.0,68,31,37,0.456,1337.256666666667,236,463,0.51,0,2,0.0,148,207,0.715,63,158,221,39,97,29,15,34,183,193,620,61,978.7,3,0,968.0,1,2006-07,19.7,104.0,104.0,104.0,100.2,101.2,101.2,3.7,2.9,2.9,0.054,0.4,5.7,0.051,0.117,0.085,14.1,14.1,0.51,0.559,0.222,0.226,95.27,94.8,79.0,94.8,0.082,2634,3.5,6.8,Corliss Williamson
200783,Craig,1610612750,MIN,23.0,82,32,50,0.39,1536.565,246,463,0.531,0,6,0.0,116,186,0.624,149,266,415,49,74,51,18,43,223,165,608,-131,1312.5,3,0,1210.0,1,2006-07,18.7,99.6,99.5,99.5,104.4,104.3,104.3,-4.8,-4.8,-4.8,0.056,0.66,7.4,0.103,0.184,0.144,11.1,11.1,0.531,0.558,0.182,0.187,93.04,93.08,77.56,93.08,0.101,2986,3.0,5.6,Craig Smith
1749,Cuttino,1610612746,LAC,31.0,78,38,40,0.487,2841.0216666666665,388,882,0.44,101,246,0.411,200,239,0.837,52,215,267,198,145,92,24,35,186,180,1077,-24,1897.4,0,0,1875.0,1,2006-07,36.4,102.4,103.3,103.3,102.7,103.8,103.8,-0.4,-0.5,-0.5,0.117,1.37,15.0,0.02,0.079,0.05,11.0,10.9,0.497,0.546,0.181,0.184,93.38,92.48,77.06,92.48,0.084,5474,5.0,11.3,Cuttino Mobley
2788,DJ,1610612742,DAL,26.0,21,18,3,0.857,78.585,5,16,0.313,0,0,0.0,7,8,0.875,3,8,11,6,5,3,5,1,17,4,17,-19,58.2,0,0,50.0,1,2006-07,3.7,98.1,91.3,91.3,109.3,102.5,102.5,-11.2,-11.2,-11.2,0.113,1.2,19.4,0.045,0.111,0.079,16.1,16.4,0.313,0.435,0.144,0.153,91.52,98.03,81.69,98.03,0.017,160,0.2,0.8,DJ Mbenga
2563,Dahntay,1610612763,MEM,26.0,78,21,57,0.269,1670.5666666666666,220,461,0.477,5,12,0.417,138,174,0.793,47,106,153,68,92,39,22,37,192,146,583,-126,959.6,0,0,931.0,1,2006-07,21.4,107.3,107.0,107.0,110.9,110.0,110.0,-3.6,-3.0,-3.0,0.066,0.74,9.8,0.031,0.07,0.051,13.3,13.2,0.483,0.542,0.169,0.173,94.3,94.83,79.03,94.83,0.047,3288,2.8,5.9,Dahntay Jones
2402,Dajuan,1610612744,GSW,24.0,1,1,0,1.0,6.783333333333333,1,1,1.0,1,1,1.0,1,2,0.5,0,0,0,1,1,0,0,0,1,1,4,2,4.5,0,0,6.0,1,2006-07,6.8,122.5,121.4,121.4,117.6,100.0,100.0,4.9,21.4,21.4,0.2,1.0,25.0,0.0,0.0,0.0,25.0,25.8,1.5,1.064,0.214,0.207,94.25,102.6,85.5,102.6,0.069,14,1.0,1.0,Dajuan Wagner
905,Dale,1610612765,DET,38.0,46,32,14,0.696,464.0966666666667,33,74,0.446,0,0,0.0,17,26,0.654,59,78,137,12,15,10,34,3,59,21,83,50,382.4,1,0,320.0,1,2006-07,10.1,100.7,100.9,100.9,95.7,94.0,94.0,5.1,6.9,6.9,0.041,0.8,10.6,0.123,0.164,0.144,13.3,13.3,0.446,0.486,0.099,0.1,89.82,90.55,75.46,90.55,0.079,870,0.7,1.6,Dale Davis
2863,Damien,1610612760,SEA,27.0,82,31,51,0.378,2037.155,262,602,0.435,50,122,0.41,150,170,0.882,87,142,229,156,116,92,16,28,157,118,724,-249,1440.8,0,0,1375.0,1,2006-07,24.8,102.8,103.3,103.3,109.3,109.2,109.2,-6.5,-5.9,-5.9,0.121,1.34,16.5,0.045,0.076,0.06,12.3,12.2,0.477,0.535,0.173,0.176,94.39,94.19,78.49,94.19,0.079,3992,3.2,7.3,Damien Wilkins
200806,Damir,1610612749,MIL,21.0,30,7,23,0.233,170.39,19,52,0.365,6,16,0.375,7,11,0.636,11,20,31,6,15,3,1,7,22,11,51,-45,94.2,0,0,102.0,1,2006-07,5.7,99.4,100.3,100.3,117.0,111.1,111.1,-17.6,-10.8,-10.8,0.059,0.4,7.7,0.065,0.117,0.091,19.2,19.3,0.423,0.449,0.19,0.193,93.24,95.22,79.35,95.22,0.02,334,0.6,1.7,Damir Markota
1800,Damon,1610612739,CLE,30.0,60,37,23,0.617,1172.8216666666667,137,355,0.386,89,231,0.385,30,44,0.682,9,57,66,94,36,16,2,9,53,26,393,94,631.2,0,0,678.0,1,2006-07,19.5,104.4,105.1,105.1,102.2,102.5,102.5,2.2,2.7,2.7,0.128,2.61,19.0,0.007,0.051,0.028,7.3,7.1,0.511,0.525,0.148,0.154,95.31,94.89,79.07,94.89,0.069,2334,2.3,5.9,Damon Jones
757,Damon,1610612763,MEM,33.0,62,15,47,0.242,1501.4216666666666,171,437,0.391,59,175,0.337,66,83,0.795,31,108,139,299,101,47,2,22,95,57,467,-229,1128.3,2,0,1062.0,1,2006-07,24.2,102.1,102.4,102.4,109.7,110.5,110.5,-7.6,-8.1,-8.1,0.313,2.96,34.6,0.022,0.08,0.05,11.7,11.6,0.459,0.493,0.168,0.174,95.21,94.74,78.95,94.74,0.087,2968,2.8,7.0,Damon Stoudamire
2424,Dan,1610612757,POR,28.0,50,21,29,0.42,444.195,54,151,0.358,16,61,0.262,42,53,0.792,7,36,43,70,27,14,1,5,55,41,166,50,340.6,0,0,325.0,1,2006-07,8.9,105.0,105.3,105.3,102.5,99.4,99.4,2.5,5.9,5.9,0.259,2.59,26.2,0.017,0.091,0.053,10.1,10.0,0.411,0.476,0.2,0.211,90.91,92.18,76.81,92.18,0.08,853,1.1,3.0,Dan Dickau
2429,Dan,1610612749,MIL,29.0,54,19,35,0.352,840.2816666666666,108,228,0.474,0,1,0.0,42,90,0.467,94,152,246,29,49,22,32,16,141,80,258,-105,709.7,4,0,641.0,1,2006-07,15.6,103.2,103.5,103.5,108.3,108.3,108.3,-5.1,-4.8,-4.8,0.053,0.59,8.4,0.112,0.192,0.151,14.1,14.2,0.474,0.482,0.168,0.17,94.68,94.48,78.74,94.48,0.058,1642,2.0,4.2,Dan Gadzuric
101137,Daniel,1610612746,LAC,24.0,61,30,31,0.492,711.905,65,161,0.404,14,44,0.318,35,45,0.778,9,64,73,90,50,32,4,10,62,41,179,46,459.6,0,0,428.0,1,2006-07,11.7,101.7,99.9,99.9,97.6,95.6,95.6,4.2,4.3,4.3,0.215,1.8,27.9,0.014,0.091,0.055,15.5,15.6,0.447,0.495,0.152,0.156,90.34,92.14,76.78,92.14,0.076,1360,1.1,2.6,Daniel Ewing
200789,Daniel,1610612739,CLE,21.0,60,33,27,0.55,987.575,98,231,0.424,52,124,0.419,28,39,0.718,28,64,92,69,44,23,8,12,94,43,276,84,538.9,0,0,551.0,1,2006-07,16.5,102.3,101.3,101.3,98.5,96.6,96.6,3.8,4.7,4.7,0.11,1.57,19.3,0.028,0.069,0.047,12.3,12.2,0.537,0.556,0.13,0.135,91.82,93.13,77.6,93.13,0.058,1913,1.6,3.9,Daniel Gibson
1504,Danny,1610612760,SEA,31.0,14,6,8,0.429,158.03833333333333,15,30,0.5,0,1,0.0,10,13,0.769,13,30,43,1,15,1,0,4,38,18,40,-7,81.1,0,0,86.0,1,2006-07,11.3,106.5,106.4,106.4,106.0,105.9,105.9,0.5,0.5,0.5,0.01,0.07,2.0,0.093,0.213,0.153,30.0,29.0,0.5,0.56,0.145,0.152,91.62,91.72,76.44,91.72,0.016,298,1.1,2.1,Danny Fortson
101122,Danny,1610612754,IND,24.0,82,35,47,0.427,2785.3083333333334,398,868,0.459,110,288,0.382,236,294,0.803,114,267,381,114,135,67,61,40,245,240,1142,-145,2019.2,3,0,2003.0,1,2006-07,34.0,100.8,102.0,102.0,104.0,104.4,104.4,-3.2,-2.3,-2.3,0.07,0.84,9.2,0.041,0.102,0.071,10.9,10.8,0.522,0.573,0.178,0.182,95.16,94.4,78.67,94.4,0.09,5470,4.9,10.6,Danny Granger
2443,Darius,1610612764,WAS,29.0,37,14,23,0.378,699.56,118,225,0.524,0,2,0.0,46,54,0.852,44,90,134,38,43,17,10,16,105,46,282,3,537.8,0,0,508.0,1,2006-07,18.9,104.4,104.8,104.8,106.9,104.5,104.5,-2.5,0.3,0.3,0.092,0.88,11.5,0.064,0.136,0.099,13.0,13.0,0.524,0.567,0.184,0.186,95.19,96.09,80.08,96.09,0.084,1400,3.2,6.1,Darius Songaila
2545,Darko,1610612753,ORL,22.0,80,38,42,0.475,1913.0516666666667,249,548,0.454,0,1,0.0,141,230,0.613,145,292,437,90,124,44,140,38,219,183,639,-1,1726.4,6,0,1534.0,1,2006-07,23.9,102.1,103.0,103.0,101.7,102.7,102.7,0.5,0.3,0.3,0.081,0.73,10.3,0.085,0.161,0.124,14.3,14.4,0.454,0.492,0.187,0.189,91.92,91.05,75.88,91.05,0.088,3623,3.1,6.9,Darko Milicic
353,Darrell,1610612754,IND,39.0,81,34,47,0.42,1275.34,156,377,0.414,72,214,0.336,73,93,0.785,34,101,135,191,76,70,6,5,102,97,457,-56,1057.5,1,0,1007.0,1,2006-07,15.7,101.0,99.5,99.5,103.2,101.9,101.9,-2.2,-2.4,-2.4,0.25,2.51,28.0,0.027,0.085,0.055,11.1,11.1,0.509,0.547,0.167,0.174,95.29,96.67,80.56,96.67,0.112,2571,1.9,4.7,Darrell Armstrong
239,Darrick,1610612761,TOR,36.0,31,16,15,0.516,219.75333333333333,33,94,0.351,13,37,0.351,15,21,0.714,2,10,12,43,12,3,0,6,22,18,94,-19,169.9,0,0,168.0,1,2006-07,7.1,100.6,97.2,97.2,106.1,101.5,101.5,-5.5,-4.3,-4.3,0.347,3.58,27.2,0.008,0.047,0.026,7.6,7.6,0.42,0.455,0.217,0.228,96.69,100.59,83.82,100.59,0.071,461,1.1,3.0,Darrick Martin
2758,David,1610612754,IND,24.0,24,8,16,0.333,190.06,30,58,0.517,0,0,0.0,11,22,0.5,9,33,42,6,26,5,12,7,47,28,71,-44,155.4,0,0,153.0,1,2006-07,7.9,88.8,88.0,88.0,100.6,97.1,97.1,-11.8,-9.1,-9.1,0.063,0.23,6.1,0.051,0.18,0.117,26.3,26.1,0.517,0.525,0.209,0.217,99.75,102.03,85.03,102.03,0.026,400,1.3,2.4,David Harrison
101135,David,1610612752,NYK,24.0,58,26,32,0.448,1730.545,240,400,0.6,0,0,0.0,141,173,0.815,196,406,602,104,92,48,23,39,155,144,621,84,1620.4,29,0,1469.0,1,2006-07,29.8,107.3,107.9,107.9,104.7,105.1,105.1,2.6,2.8,2.8,0.095,1.13,15.5,0.119,0.238,0.18,13.7,13.7,0.6,0.652,0.142,0.145,94.59,94.13,78.44,94.13,0.157,3389,4.1,6.9,David Lee
200786,David,1610612749,MIL,23.0,68,22,46,0.324,791.7116666666667,65,177,0.367,17,53,0.321,37,43,0.86,42,81,123,65,40,25,9,7,77,41,184,-180,491.1,0,0,457.0,1,2006-07,11.6,103.6,101.3,101.3,111.9,110.7,110.7,-8.3,-9.3,-9.3,0.122,1.63,21.6,0.052,0.109,0.08,13.3,13.3,0.415,0.47,0.131,0.136,94.62,96.22,80.18,96.22,0.053,1572,1.0,2.6,David Noel
133,David,1610612739,CLE,36.0,35,20,15,0.571,352.365,22,75,0.293,9,38,0.237,20,28,0.714,3,32,35,37,17,12,4,2,32,24,73,-12,201.5,0,0,186.0,1,2006-07,10.1,97.2,95.5,95.5,96.4,97.3,97.3,0.8,-1.7,-1.7,0.172,2.18,26.2,0.009,0.09,0.05,12.1,12.0,0.353,0.418,0.133,0.139,93.89,94.27,78.55,94.27,0.05,692,0.6,2.1,David Wesley
2561,David,1610612740,NOK,26.0,52,28,24,0.538,1899.6616666666664,377,792,0.476,8,25,0.32,187,227,0.824,126,298,424,114,98,42,38,50,143,185,949,36,1770.8,15,0,1655.0,1,2006-07,36.5,105.9,107.6,107.6,106.5,107.2,107.2,-0.6,0.4,0.4,0.103,1.16,10.3,0.067,0.169,0.116,8.9,8.9,0.481,0.532,0.232,0.235,92.83,91.78,76.49,91.78,0.124,3643,7.3,15.2,David West
2205,DeSagana,1610612742,DAL,25.0,81,66,15,0.815,1479.763333333333,71,151,0.47,0,1,0.0,48,86,0.558,166,272,438,30,63,40,113,21,244,70,190,88,1156.6,1,0,964.0,1,2006-07,18.3,104.8,103.3,103.3,99.7,98.8,98.8,5.1,4.4,4.4,0.03,0.48,10.6,0.118,0.193,0.155,22.2,22.4,0.47,0.503,0.078,0.08,91.19,92.24,76.86,92.24,0.057,2825,0.9,1.9,DeSagana Diop
2052,DeShawn,1610612764,WAS,26.0,82,41,41,0.5,2419.3716666666664,347,753,0.461,74,183,0.404,152,216,0.704,55,161,216,218,119,65,19,38,155,168,920,-65,1639.2,1,0,1596.0,1,2006-07,29.5,107.0,108.4,108.4,109.0,110.0,110.0,-1.9,-1.7,-1.7,0.139,1.83,18.3,0.022,0.07,0.045,10.0,10.0,0.51,0.542,0.173,0.174,97.96,96.89,80.74,96.89,0.076,4891,4.2,9.2,DeShawn Stevenson
200793,Dee,1610612762,UTA,22.0,49,29,20,0.592,449.53333333333336,32,98,0.327,6,28,0.214,24,37,0.649,8,32,40,83,31,22,7,3,51,27,94,18,322.5,0,0,281.0,1,2006-07,9.2,104.1,101.9,101.9,102.0,100.3,100.3,2.1,1.6,1.6,0.269,2.68,36.4,0.018,0.078,0.046,13.6,13.6,0.357,0.411,0.135,0.141,94.05,95.89,79.91,95.89,0.061,900,0.7,2.0,Dee Brown
2753,Delonte,1610612738,BOS,23.0,69,23,46,0.333,2218.985,306,717,0.427,65,178,0.365,168,197,0.853,32,176,208,304,140,74,34,32,152,144,845,-258,1734.6,5,0,1638.0,1,2006-07,32.2,99.8,101.1,101.1,105.8,106.7,106.7,-6.1,-5.6,-5.6,0.237,2.17,24.5,0.015,0.085,0.05,11.3,11.2,0.472,0.526,0.19,0.193,94.64,93.63,78.03,93.63,0.099,4322,4.4,10.4,Delonte West
2035,DerMarr,1610612743,DEN,27.0,39,22,17,0.564,419.2433333333333,50,154,0.325,19,88,0.216,16,21,0.762,10,47,57,17,27,16,12,8,39,14,135,-52,285.9,0,0,284.0,1,2006-07,10.7,91.7,91.7,91.7,97.8,97.5,97.5,-6.1,-5.8,-5.8,0.068,0.63,8.2,0.021,0.106,0.062,13.0,13.0,0.386,0.414,0.183,0.188,101.75,101.9,84.91,101.9,0.04,890,1.3,3.9,DerMarr Johnson
1507,Derek,1610612766,CHA,32.0,50,20,30,0.4,1190.375,126,294,0.429,54,152,0.355,93,106,0.877,29,84,113,133,56,52,7,7,115,90,399,19,855.1,1,0,817.0,1,2006-07,23.8,104.7,105.6,105.6,104.3,104.2,104.2,0.5,1.3,1.3,0.174,2.38,25.4,0.026,0.076,0.05,10.7,10.6,0.52,0.586,0.148,0.153,93.41,93.05,77.54,93.05,0.089,2302,2.5,5.9,Derek Anderson
965,Derek,1610612762,UTA,32.0,82,51,31,0.622,2286.8683333333333,258,675,0.382,48,156,0.308,262,307,0.853,30,119,149,274,120,83,6,38,234,245,826,159,1562.8,1,0,1475.0,1,2006-07,27.9,106.5,107.6,107.6,104.0,103.5,103.5,2.5,4.1,4.1,0.183,2.28,23.1,0.014,0.057,0.035,10.1,10.0,0.418,0.51,0.177,0.183,94.3,94.0,78.33,94.0,0.069,4467,3.1,8.2,Derek Fisher
101114,Deron,1610612762,UTA,23.0,80,51,29,0.638,2949.701666666667,494,1083,0.456,82,255,0.322,227,296,0.767,41,226,267,745,246,78,13,88,254,248,1297,150,2761.9,30,0,2573.0,1,2006-07,36.9,107.6,109.3,109.3,106.0,106.4,106.4,1.6,2.9,2.9,0.404,3.03,33.8,0.015,0.082,0.049,11.1,11.2,0.494,0.535,0.221,0.222,94.41,93.49,77.91,93.49,0.124,5738,6.2,13.5,Deron Williams
2824,Desmon,1610612760,SEA,25.0,8,2,6,0.25,31.81,5,15,0.333,2,8,0.25,1,1,1.0,0,1,1,9,1,1,0,0,2,1,13,16,29.7,0,0,27.0,1,2006-07,4.0,109.7,108.5,108.5,93.5,85.9,85.9,16.2,22.5,22.5,0.346,9.0,36.0,0.0,0.028,0.015,4.0,3.9,0.4,0.421,0.208,0.219,102.16,107.14,89.28,107.14,0.09,71,0.6,1.9,Desmon Farmer
2046,Desmond,1610612740,NOK,29.0,75,35,40,0.467,2575.221666666667,407,900,0.452,0,0,0.0,214,323,0.663,124,221,345,115,192,52,22,79,174,306,1028,-154,1644.5,2,0,1636.0,1,2006-07,34.3,102.0,103.3,103.3,104.8,105.9,105.9,-2.7,-2.7,-2.7,0.076,0.6,8.5,0.048,0.09,0.069,14.2,14.2,0.452,0.493,0.215,0.217,93.37,92.29,76.91,92.29,0.064,4941,5.4,12.0,Desmond Mason
1904,Devean,1610612742,DAL,29.0,60,49,11,0.817,1283.05,146,370,0.395,53,150,0.353,36,48,0.75,57,156,213,33,51,46,23,12,143,53,381,77,842.1,0,0,818.0,1,2006-07,21.4,104.7,103.1,103.1,100.9,100.0,100.0,3.8,3.0,3.0,0.043,0.65,6.9,0.047,0.132,0.088,10.7,10.7,0.466,0.487,0.156,0.161,91.55,92.67,77.22,92.67,0.059,2478,2.4,6.2,Devean George
2484,Devin,1610612740,NOK,28.0,58,29,29,0.5,1661.945,233,555,0.42,81,227,0.357,123,155,0.794,55,196,251,149,91,44,9,36,139,126,670,-8,1262.7,2,0,1257.0,1,2006-07,28.7,103.4,104.1,104.1,104.3,104.6,104.6,-0.8,-0.5,-0.5,0.143,1.64,17.3,0.033,0.123,0.078,10.6,10.5,0.493,0.538,0.192,0.196,92.73,92.29,76.91,92.29,0.094,3199,4.0,9.6,Devin Brown
2734,Devin,1610612742,DAL,24.0,80,65,15,0.813,2081.365,292,593,0.492,14,50,0.28,215,261,0.824,45,151,196,296,146,96,21,52,242,307,813,566,1697.2,0,0,1553.0,1,2006-07,26.0,110.7,111.0,111.0,96.5,96.2,96.2,14.2,14.8,14.8,0.22,2.03,25.9,0.024,0.074,0.051,12.8,12.7,0.504,0.574,0.187,0.192,92.39,92.44,77.04,92.44,0.103,3995,3.7,7.4,Devin Harris
101159,Dijon,1610612737,ATL,24.0,6,1,5,0.167,50.17166666666667,6,15,0.4,0,2,0.0,5,6,0.833,3,5,8,2,1,0,0,2,2,5,17,-9,28.6,0,0,27.0,1,2006-07,8.4,101.8,96.9,96.9,105.0,104.0,104.0,-3.2,-7.1,-7.1,0.071,2.0,10.0,0.071,0.125,0.098,5.0,4.8,0.4,0.482,0.173,0.19,91.1,93.76,78.13,93.76,0.076,97,1.0,2.5,Dijon Thompson
87,Dikembe,1610612745,HOU,41.0,75,49,26,0.653,1288.7616666666668,85,153,0.556,0,0,0.0,60,87,0.69,164,324,488,13,38,22,76,10,156,86,230,104,1091.1,3,0,927.0,1,2006-07,17.2,101.4,100.0,100.0,95.5,96.2,96.2,5.9,3.8,3.8,0.016,0.34,5.3,0.127,0.25,0.189,15.5,15.7,0.556,0.601,0.082,0.084,91.36,91.66,76.38,91.66,0.108,2466,1.1,2.0,Dikembe Mutombo
1717,Dirk,1610612742,DAL,29.0,78,64,14,0.821,2820.3,673,1341,0.502,72,173,0.416,498,551,0.904,122,571,693,263,167,52,62,50,171,422,1916,626,3317.1,41,0,3172.0,1,2006-07,36.2,112.5,113.7,113.7,101.4,102.1,102.1,11.1,11.6,11.6,0.169,1.57,13.2,0.048,0.217,0.134,8.4,8.3,0.529,0.605,0.283,0.289,91.69,90.88,75.74,90.88,0.201,5343,8.6,17.2,Dirk Nowitzki
101182,Donell,1610612764,WAS,24.0,47,21,26,0.447,368.61,56,140,0.4,3,17,0.176,11,21,0.524,14,39,53,45,25,17,3,6,34,17,126,-95,292.1,0,0,267.0,1,2006-07,7.8,91.4,89.0,89.0,103.0,100.1,100.1,-11.6,-11.1,-11.1,0.236,1.8,20.5,0.034,0.109,0.069,11.4,11.4,0.411,0.422,0.209,0.216,92.98,95.58,79.65,95.58,0.079,727,1.2,3.0,Donell Taylor
923,Donyell,1610612739,CLE,34.0,81,49,32,0.605,1359.9633333333334,209,493,0.424,95,271,0.351,53,80,0.663,86,237,323,46,67,39,43,19,130,69,566,156,1201.6,2,0,1194.0,1,2006-07,16.8,101.1,100.7,100.7,98.1,97.0,97.0,3.0,3.7,3.7,0.058,0.69,7.2,0.061,0.177,0.117,10.4,10.4,0.52,0.536,0.188,0.193,96.02,96.76,80.63,96.76,0.113,2769,2.6,6.1,Donyell Marshall
2748,Dorell,1610612748,MIA,21.0,66,32,34,0.485,1292.4216666666666,162,364,0.445,5,34,0.147,64,86,0.744,40,232,272,95,65,41,46,19,112,75,393,-158,1057.9,4,0,939.0,1,2006-07,19.6,98.8,98.1,98.1,103.0,104.7,104.7,-4.3,-6.5,-6.5,0.126,1.46,16.9,0.033,0.183,0.11,11.6,11.6,0.452,0.489,0.167,0.171,92.44,91.99,76.66,91.99,0.103,2479,2.5,5.5,Dorell Wright
57,Doug,1610612746,LAC,37.0,7,2,5,0.286,81.95333333333333,5,17,0.294,1,6,0.167,2,3,0.667,3,8,11,8,5,3,1,1,11,3,13,-34,45.2,0,0,41.0,1,2006-07,11.7,93.4,91.0,91.0,112.0,109.4,109.4,-18.6,-18.4,-18.4,0.182,1.6,25.0,0.036,0.103,0.068,15.6,16.0,0.324,0.355,0.134,0.134,89.99,92.25,76.87,92.25,0.023,155,0.7,2.4,Doug Christie
2400,Drew,1610612739,CLE,25.0,80,49,31,0.613,2237.958333333333,371,784,0.473,1,6,0.167,142,199,0.714,263,418,681,88,115,70,28,50,210,174,885,0,2013.2,25,0,1851.0,1,2006-07,28.0,102.3,102.5,102.5,101.7,102.5,102.5,0.7,0.0,0.0,0.067,0.77,8.2,0.119,0.202,0.159,10.7,10.7,0.474,0.508,0.199,0.203,92.0,91.53,76.27,91.53,0.116,4268,4.6,9.8,Drew Gooden
101204,Dwayne,1610612739,CLE,24.0,4,3,1,0.75,18.285,0,1,0.0,0,0,0.0,3,6,0.5,1,5,6,0,2,0,0,1,3,6,3,2,8.2,0,0,9.0,1,2006-07,4.6,105.8,102.9,102.9,97.3,94.4,94.4,8.5,8.4,8.4,0.0,0.0,0.0,0.0,0.0,0.0,33.3,35.5,0.0,0.412,0.136,0.141,90.57,93.19,77.66,93.19,-0.012,35,0.0,0.3,Dwayne Jones
2730,Dwight,1610612753,ORL,21.0,82,40,42,0.488,3023.42,526,873,0.603,1,2,0.5,390,666,0.586,283,725,1008,158,317,70,156,90,245,546,1443,96,3250.6,60,0,3062.0,1,2006-07,36.9,102.3,104.2,104.2,101.6,102.9,102.9,0.7,1.4,1.4,0.092,0.5,9.6,0.105,0.254,0.182,19.3,19.3,0.603,0.619,0.225,0.226,92.46,91.03,75.86,91.03,0.162,5742,6.4,10.6,Dwight Howard
2548,Dwyane,1610612748,MIA,25.0,51,27,24,0.529,1930.621666666667,472,962,0.491,21,79,0.266,432,535,0.807,51,188,239,384,216,107,62,36,117,384,1397,96,2550.8,15,0,2379.0,1,2006-07,37.9,105.7,106.1,106.1,101.4,104.1,104.1,4.3,2.0,2.0,0.378,1.78,21.4,0.029,0.096,0.064,12.0,12.0,0.502,0.583,0.333,0.339,94.85,93.41,77.84,93.41,0.195,3767,9.3,18.9,Dwyane Wade
2853,Earl,1610612748,MIA,25.0,28,11,17,0.393,202.61166666666668,24,83,0.289,0,1,0.0,17,18,0.944,19,22,41,5,11,6,4,5,21,23,65,-19,140.7,0,0,131.0,1,2006-07,7.2,95.6,93.7,93.7,101.9,99.7,99.7,-6.3,-6.1,-6.1,0.045,0.45,4.7,0.096,0.125,0.11,10.3,10.3,0.289,0.357,0.227,0.238,90.83,92.75,77.29,92.75,0.029,394,0.9,3.0,Earl Barron
1863,Earl,1610612749,MIL,31.0,66,21,45,0.318,2031.16,323,769,0.42,95,239,0.397,220,245,0.898,49,90,139,291,120,56,2,30,92,170,961,-253,1618.3,3,0,1602.0,2,2006-07,30.8,101.2,102.4,102.4,107.1,108.4,108.4,-5.9,-6.0,-6.0,0.241,2.43,22.7,0.023,0.044,0.033,9.4,9.3,0.482,0.548,0.209,0.213,98.27,97.09,80.91,97.09,0.109,4106,4.9,11.7,Earl Boykins
2248,Earl,1610612760,SEA,28.0,77,31,46,0.403,2151.8966666666665,263,687,0.383,92,280,0.329,108,147,0.735,34,151,185,437,167,99,23,41,152,149,726,-129,1802.5,3,0,1684.0,1,2006-07,27.9,104.4,105.4,105.4,108.2,107.8,107.8,-3.8,-2.4,-2.4,0.318,2.62,32.2,0.016,0.074,0.045,12.3,12.3,0.45,0.483,0.191,0.193,94.42,94.09,78.41,94.09,0.091,4205,3.4,8.9,Earl Watson
2204,Eddie,1610612750,MIN,25.0,13,7,6,0.538,91.58833333333334,7,27,0.259,0,1,0.0,4,5,0.8,7,18,25,4,6,0,7,5,8,9,18,-74,69.0,0,0,61.0,1,2006-07,7.0,76.4,75.9,75.9,118.9,116.8,116.8,-42.5,-40.8,-40.8,0.083,0.67,10.3,0.068,0.207,0.132,15.4,15.3,0.259,0.308,0.161,0.168,96.31,97.48,81.23,97.48,0.044,187,0.5,2.1,Eddie Griffin
2067,Eddie,1610612751,NJN,29.0,56,27,29,0.482,945.5266666666666,180,421,0.428,75,175,0.429,33,36,0.917,14,78,92,67,27,27,3,11,69,26,468,-64,741.9,0,0,762.0,1,2006-07,16.9,104.0,102.4,102.4,108.5,107.7,107.7,-4.5,-5.2,-5.2,0.127,2.48,12.7,0.014,0.088,0.049,5.1,5.1,0.517,0.536,0.213,0.222,95.55,96.61,80.51,96.61,0.097,1920,3.2,7.5,Eddie House
224,Eddie,1610612748,MIA,35.0,64,30,34,0.469,1593.9116666666666,178,422,0.422,78,222,0.351,59,75,0.787,31,159,190,109,47,68,10,16,124,83,493,-45,1071.5,1,0,1026.0,2,2006-07,24.9,101.3,101.1,101.1,102.4,102.6,102.6,-1.1,-1.5,-1.5,0.111,2.32,17.9,0.021,0.105,0.063,7.7,7.7,0.514,0.542,0.146,0.149,92.24,92.21,76.84,92.21,0.086,3062,2.8,6.6,Eddie Jones
2201,Eddy,1610612752,NYK,24.0,81,32,49,0.395,2848.595,585,1016,0.576,1,1,1.0,405,659,0.615,195,376,571,68,295,34,40,93,265,524,1576,-199,2290.2,18,0,2364.0,1,2006-07,35.2,102.2,103.6,103.6,108.2,108.0,108.0,-6.0,-4.4,-4.4,0.045,0.23,4.1,0.076,0.141,0.109,17.7,17.7,0.576,0.603,0.256,0.258,92.41,91.88,76.56,91.88,0.103,5471,7.2,12.5,Eddy Curry
2059,Eduardo,1610612743,DEN,30.0,75,40,35,0.533,1657.93,204,354,0.576,1,12,0.083,88,123,0.715,131,179,310,64,56,73,26,33,207,120,497,13,1206.0,2,0,1070.0,1,2006-07,22.1,105.3,106.1,106.1,104.3,104.7,104.7,0.9,1.4,1.4,0.056,1.14,12.2,0.079,0.108,0.094,10.7,10.6,0.578,0.609,0.117,0.12,100.26,99.68,83.07,99.68,0.075,3427,2.7,4.7,Eduardo Najera
1882,Elton,1610612746,LAC,28.0,80,40,40,0.5,3077.45,645,1211,0.533,1,1,1.0,351,461,0.761,268,476,744,235,202,77,179,56,238,402,1642,26,3453.3,38,0,3134.0,1,2006-07,38.5,103.3,104.7,104.7,103.3,104.3,104.3,-0.1,0.4,0.4,0.142,1.16,12.7,0.093,0.162,0.128,11.0,10.9,0.533,0.581,0.236,0.239,93.83,92.73,77.28,92.73,0.154,5946,8.1,15.1,Elton Brand
2731,Emeka,1610612766,CHA,24.0,67,29,38,0.433,2328.891666666667,394,740,0.532,0,0,0.0,175,295,0.593,258,499,757,80,111,57,172,66,210,227,963,-116,2567.4,39,0,2258.0,1,2006-07,34.8,100.3,101.7,101.7,102.6,103.8,103.8,-2.2,-2.0,-2.0,0.06,0.72,7.5,0.111,0.222,0.166,10.4,10.5,0.532,0.554,0.191,0.192,93.74,92.58,77.15,92.58,0.14,4480,5.9,11.0,Emeka Okafor
15,Eric,1610612756,PHX,36.0,11,9,2,0.818,72.8,9,25,0.36,7,18,0.389,2,2,1.0,2,7,9,4,5,0,1,1,6,2,27,-3,41.8,0,0,49.0,1,2006-07,6.6,106.1,102.8,102.8,113.9,107.1,107.1,-7.8,-4.3,-4.3,0.085,0.8,11.4,0.028,0.093,0.061,14.3,14.3,0.5,0.522,0.2,0.208,89.67,93.96,78.3,93.96,0.044,144,0.8,2.3,Eric Piatkowski
727,Eric,1610612739,CLE,34.0,82,50,32,0.61,1929.015,135,324,0.417,0,4,0.0,72,113,0.637,35,153,188,330,111,55,16,29,185,119,342,-25,1164.6,1,0,1002.0,1,2006-07,23.5,99.7,99.0,99.0,98.6,99.7,99.7,1.1,-0.6,-0.6,0.259,2.97,40.4,0.018,0.082,0.049,13.6,13.6,0.417,0.458,0.112,0.115,93.14,92.98,77.48,92.98,0.067,3736,1.6,4.0,Eric Snow
677,Eric,1610612766,CHA,34.0,21,12,9,0.571,121.21666666666668,19,47,0.404,8,19,0.421,8,14,0.571,3,14,17,7,7,3,0,2,12,9,54,4,86.9,0,0,92.0,2,2006-07,5.8,103.9,101.3,101.3,102.1,101.3,101.3,1.8,0.0,0.0,0.103,1.0,10.4,0.028,0.115,0.074,10.4,10.4,0.489,0.508,0.226,0.238,91.5,93.06,77.55,93.06,0.07,237,0.9,2.2,Eric Williams
956,Erick,1610612742,DAL,31.0,76,64,12,0.842,1915.3366666666664,209,334,0.626,0,0,0.0,119,191,0.623,217,349,566,44,107,24,82,26,239,157,537,433,1493.2,8,0,1359.0,1,2006-07,25.2,110.0,111.3,111.3,98.5,98.5,98.5,11.5,12.8,12.8,0.034,0.41,7.7,0.127,0.194,0.161,18.7,18.8,0.626,0.642,0.128,0.129,91.36,90.8,75.66,90.8,0.093,3609,2.8,4.4,Erick Dampier
101141,Ersan,1610612749,MIL,20.0,66,23,43,0.348,972.9733333333334,139,363,0.383,54,148,0.365,70,89,0.787,58,131,189,49,51,27,17,17,147,96,402,-200,783.3,0,0,782.0,1,2006-07,14.7,99.3,98.9,98.9,109.5,108.9,108.9,-10.2,-10.0,-10.0,0.086,0.96,9.8,0.058,0.142,0.099,10.2,10.2,0.457,0.5,0.204,0.209,94.88,95.31,79.43,95.31,0.065,1929,2.1,5.5,Ersan Ilyasova
101212,Esteban,1610612737,ATL,23.0,13,4,9,0.308,81.21333333333334,8,16,0.5,0,0,0.0,4,7,0.571,7,23,30,4,4,3,0,2,13,9,20,-25,67.0,0,0,60.0,1,2006-07,6.2,81.3,79.6,79.6,102.8,95.7,95.7,-21.5,-16.0,-16.0,0.105,1.0,14.8,0.083,0.291,0.184,14.8,14.8,0.5,0.524,0.123,0.129,91.16,95.45,79.54,95.45,0.134,162,0.6,1.2,Esteban Batista
2041,Etan,1610612764,WAS,29.0,65,29,36,0.446,1245.6866666666667,159,277,0.574,0,0,0.0,77,138,0.558,136,241,377,29,71,22,89,35,162,125,395,-39,1152.9,7,0,1023.0,1,2006-07,19.2,106.5,108.4,108.4,108.6,109.7,109.7,-2.2,-1.3,-1.3,0.036,0.41,6.7,0.111,0.209,0.159,16.3,16.2,0.574,0.585,0.145,0.147,95.44,94.14,78.45,94.14,0.088,2440,2.4,4.3,Etan Thomas
101177,Fabricio,1610612759,SAS,32.0,79,57,22,0.722,1365.01,158,281,0.562,0,0,0.0,33,51,0.647,131,237,368,68,69,25,24,26,213,95,349,203,970.6,3,0,883.0,1,2006-07,17.3,107.3,107.0,107.0,99.3,99.3,99.3,8.1,7.7,7.7,0.075,0.99,15.5,0.106,0.184,0.146,15.7,15.7,0.562,0.575,0.125,0.129,91.71,91.81,76.51,91.81,0.077,2612,2.0,3.6,Fabricio Oberto
2436,Flip,1610612765,DET,27.0,69,43,26,0.623,1476.7966666666666,177,438,0.404,24,83,0.289,87,120,0.725,26,87,113,187,90,49,13,28,96,105,465,42,977.1,1,0,913.0,1,2006-07,21.4,102.9,103.2,103.2,101.5,101.6,101.6,1.4,1.6,1.6,0.207,2.08,24.3,0.018,0.061,0.039,11.7,11.7,0.432,0.474,0.183,0.186,90.5,90.34,75.28,90.34,0.071,2778,2.6,6.3,Flip Murray
1922,Francisco,1610612759,SAS,31.0,70,51,19,0.729,1332.7066666666667,144,282,0.511,0,2,0.0,62,80,0.775,81,255,336,55,86,31,59,27,184,79,350,146,1019.7,1,0,921.0,1,2006-07,19.0,104.6,103.9,103.9,97.6,97.5,97.5,7.0,6.4,6.4,0.063,0.64,12.0,0.068,0.2,0.137,18.7,18.8,0.511,0.552,0.142,0.146,91.81,92.17,76.81,92.17,0.078,2550,2.1,4.0,Francisco Elson
101128,Francisco,1610612758,SAC,25.0,79,33,46,0.418,1409.5083333333334,163,380,0.429,53,149,0.356,95,114,0.833,53,152,205,87,70,45,43,14,190,104,474,-30,1044.5,0,0,995.0,1,2006-07,17.8,102.8,102.2,102.2,103.1,102.6,102.6,-0.3,-0.4,-0.4,0.101,1.24,14.9,0.038,0.107,0.073,12.0,11.9,0.499,0.551,0.154,0.158,97.64,98.16,81.8,98.16,0.071,2874,2.1,4.8,Francisco Garcia
2410,Fred,1610612757,POR,28.0,63,25,38,0.397,1319.445,139,361,0.385,39,128,0.305,95,114,0.833,23,92,115,108,67,48,16,19,121,96,412,-221,837.0,0,0,802.0,2,2006-07,20.9,98.8,98.6,98.6,107.2,107.1,107.1,-8.3,-8.5,-8.5,0.134,1.61,18.5,0.018,0.074,0.045,11.5,11.4,0.439,0.501,0.164,0.168,94.46,94.6,78.84,94.6,0.059,2601,2.2,5.7,Fred Jones
56,Gary,1610612748,MIA,38.0,68,35,33,0.515,1502.7916666666667,144,366,0.393,32,123,0.26,38,57,0.667,18,114,132,201,66,43,3,25,117,67,358,-211,889.9,1,0,815.0,1,2006-07,22.1,99.7,99.2,99.2,104.4,105.9,105.9,-4.7,-6.7,-6.7,0.217,3.05,30.5,0.013,0.078,0.046,10.0,10.0,0.437,0.458,0.144,0.147,91.16,90.79,75.66,90.79,0.066,2833,2.1,5.4,Gary Payton
101123,Gerald,1610612738,BOS,21.0,81,24,57,0.296,1779.736666666667,310,739,0.419,95,258,0.368,128,159,0.805,68,140,208,83,120,41,24,44,198,125,843,-213,1292.1,0,0,1359.0,1,2006-07,22.0,97.4,98.4,98.4,105.6,104.7,104.7,-8.2,-6.3,-6.3,0.089,0.69,8.2,0.038,0.088,0.062,11.9,11.9,0.484,0.521,0.23,0.234,94.48,94.42,78.69,94.42,0.07,3504,3.8,9.1,Gerald Green
2222,Gerald,1610612766,CHA,24.0,72,29,43,0.403,2640.3016666666667,478,952,0.502,39,120,0.325,309,447,0.691,142,376,518,185,160,144,69,112,209,366,1304,-249,2682.1,16,0,2472.0,1,2006-07,36.7,100.5,101.7,101.7,105.1,106.3,106.3,-4.6,-4.6,-4.6,0.123,1.16,12.5,0.054,0.156,0.103,10.8,10.7,0.523,0.568,0.221,0.225,94.88,93.78,78.15,93.78,0.133,5153,6.6,13.2,Gerald Wallace
2240,Gilbert,1610612764,WAS,25.0,74,39,35,0.527,2941.701666666667,647,1548,0.418,205,584,0.351,606,718,0.844,61,277,338,443,236,139,13,68,249,521,2105,192,3395.1,10,0,3395.0,1,2006-07,39.8,109.3,111.4,111.4,107.7,108.5,108.5,1.6,2.9,2.9,0.257,1.88,17.6,0.02,0.098,0.058,9.4,9.3,0.484,0.565,0.302,0.307,98.52,97.24,81.03,97.24,0.142,5968,8.7,20.9,Gilbert Arenas
1921,Gordan,1610612762,UTA,30.0,61,36,25,0.59,1188.3583333333331,176,381,0.462,52,122,0.426,71,87,0.816,24,105,129,63,64,28,5,15,122,80,475,160,759.3,0,0,785.0,1,2006-07,19.5,106.7,107.2,107.2,101.0,100.9,100.9,5.7,6.3,6.3,0.09,0.98,11.6,0.022,0.097,0.059,11.7,11.7,0.53,0.566,0.181,0.186,91.86,91.71,76.42,91.71,0.082,2279,2.9,6.2,Gordan Giricek
255,Grant,1610612753,ORL,34.0,65,31,34,0.477,2008.52,342,660,0.518,2,12,0.167,248,324,0.765,53,184,237,138,144,61,25,37,146,232,934,-66,1539.4,0,0,1483.0,1,2006-07,30.9,100.4,101.8,101.8,101.8,103.1,103.1,-1.3,-1.4,-1.4,0.125,0.96,12.8,0.029,0.097,0.064,13.4,13.3,0.52,0.582,0.213,0.218,92.6,91.39,76.16,91.39,0.116,3817,5.3,10.2,Grant Hill
1761,Greg,1610612742,DAL,30.0,76,61,15,0.803,1371.715,123,299,0.411,32,103,0.311,27,34,0.794,35,123,158,70,40,47,7,22,152,52,305,21,721.6,0,0,673.0,1,2006-07,18.0,104.6,103.2,103.2,102.4,101.9,101.9,2.2,1.3,1.3,0.082,1.75,16.5,0.027,0.094,0.061,9.4,9.4,0.465,0.486,0.116,0.12,92.49,93.36,77.8,93.36,0.047,2661,1.6,3.9,Greg Buckner
101124,Hakim,1610612763,MEM,24.0,82,22,60,0.268,2152.451666666667,373,712,0.524,0,8,0.0,299,388,0.771,130,290,420,75,161,43,30,58,232,295,1045,-401,1719.5,9,0,1686.0,1,2006-07,26.2,102.1,102.2,102.2,111.1,110.9,110.9,-9.0,-8.7,-8.7,0.064,0.47,6.7,0.064,0.145,0.105,14.3,14.4,0.524,0.592,0.218,0.221,95.45,95.44,79.54,95.44,0.098,4266,4.5,8.7,Hakim Warrick
200801,Hassan,1610612751,NJN,23.0,61,31,30,0.508,495.45166666666665,75,135,0.556,0,1,0.0,24,36,0.667,35,42,77,13,22,17,4,11,47,27,174,-18,326.9,0,0,306.0,1,2006-07,8.1,101.6,98.2,98.2,99.0,98.6,98.6,2.6,-0.4,-0.4,0.043,0.59,7.0,0.077,0.082,0.08,11.8,11.8,0.556,0.577,0.157,0.164,94.8,96.59,80.49,96.59,0.076,990,1.2,2.2,Hassan Adams
2045,Hedo,1610612753,ORL,28.0,73,36,37,0.493,2268.045,345,823,0.419,109,281,0.388,171,219,0.781,57,236,293,233,143,70,16,16,221,167,970,149,1786.1,0,0,1777.0,1,2006-07,31.1,104.5,105.6,105.6,101.6,102.6,102.6,2.8,3.1,3.1,0.171,1.63,18.0,0.028,0.11,0.07,11.1,11.0,0.485,0.528,0.213,0.216,92.71,91.79,76.49,91.79,0.096,4345,4.7,11.3,Hedo Turkoglu
200756,Hilton,1610612740,NOK,22.0,56,28,28,0.5,634.2066666666667,68,125,0.544,0,0,0.0,40,67,0.597,58,91,149,10,35,12,26,9,79,57,176,-18,448.8,0,0,411.0,1,2006-07,11.3,97.6,97.2,97.2,98.7,97.4,97.4,-1.1,-0.1,-0.1,0.027,0.29,5.0,0.094,0.144,0.119,17.6,17.5,0.544,0.57,0.136,0.141,90.37,91.16,75.97,91.16,0.073,1196,1.2,2.2,Hilton Armstrong
101113,Ike,1610612754,IND,23.0,59,22,37,0.373,759.7683333333333,127,266,0.477,0,0,0.0,112,140,0.8,75,128,203,25,67,8,26,35,122,110,366,-35,682.1,1,0,662.0,2,2006-07,12.9,98.2,97.2,97.2,100.7,98.7,98.7,-2.5,-1.5,-1.5,0.061,0.37,6.0,0.098,0.165,0.132,16.0,16.0,0.477,0.559,0.225,0.23,95.24,96.72,80.6,96.72,0.102,1525,2.2,4.5,Ike Diogu
2137,Ime,1610612757,POR,29.0,75,31,44,0.413,2143.5516666666667,237,514,0.461,89,219,0.406,66,89,0.742,95,184,279,112,73,71,17,33,207,100,629,-145,1322.8,2,0,1285.0,1,2006-07,28.6,103.0,104.5,104.5,106.6,107.4,107.4,-3.6,-2.9,-2.9,0.085,1.53,15.1,0.048,0.098,0.072,9.9,9.9,0.548,0.569,0.136,0.137,90.75,89.79,74.83,89.79,0.071,3997,3.2,6.9,Ime Udoka
1956,Ira,1610612739,CLE,32.0,15,12,3,0.8,129.08166666666668,16,37,0.432,8,15,0.533,6,10,0.6,13,17,30,2,3,6,0,3,17,5,46,-3,100.0,0,0,98.0,1,2006-07,8.6,102.4,95.5,95.5,98.5,98.5,98.5,3.9,-3.0,-3.0,0.026,0.67,4.3,0.096,0.132,0.113,6.5,6.5,0.541,0.556,0.146,0.159,94.65,97.98,81.65,97.98,0.08,266,1.1,2.5,Ira Newble
200829,Ivan,1610612755,PHI,25.0,11,0,11,0.0,41.305,5,13,0.385,0,1,0.0,5,7,0.714,7,4,11,1,1,0,0,1,8,5,15,-9,28.7,0,0,27.0,1,2006-07,3.8,95.7,93.0,93.0,114.9,102.3,102.3,-19.2,-9.3,-9.3,0.038,1.0,5.6,0.149,0.0,0.0,5.6,5.5,0.385,0.466,0.17,0.179,93.55,100.52,83.77,100.52,0.036,86,0.5,1.2,Ivan McFarlin
200826,J.J.,1610612742,DAL,23.0,33,26,7,0.788,191.295,28,78,0.359,6,21,0.286,16,24,0.667,7,18,25,24,14,1,1,5,19,26,78,-36,136.0,1,0,137.0,1,2006-07,5.8,99.2,93.8,93.8,104.9,104.5,104.5,-5.7,-10.7,-10.7,0.24,1.71,19.0,0.036,0.096,0.065,11.1,11.1,0.397,0.44,0.231,0.25,92.89,95.73,79.77,95.73,0.06,384,0.8,2.4,J.J. Barea
200755,JJ,1610612753,ORL,23.0,42,19,23,0.452,622.32,80,195,0.41,38,98,0.388,54,60,0.9,10,42,52,36,21,12,0,4,52,37,252,0,383.4,0,0,402.0,1,2006-07,14.8,101.8,102.1,102.1,103.8,103.1,103.1,-2.1,-1.0,-1.0,0.1,1.71,13.1,0.018,0.07,0.045,7.6,7.5,0.508,0.569,0.173,0.18,92.9,93.1,77.58,93.1,0.086,1213,1.9,4.6,JJ Redick
2747,JR,1610612743,DEN,21.0,63,38,25,0.603,1471.3533333333332,284,644,0.441,149,382,0.39,102,126,0.81,30,113,143,91,85,49,9,27,147,106,819,101,1216.1,0,0,1318.0,1,2006-07,23.4,107.0,107.7,107.7,103.9,105.0,105.0,3.1,2.7,2.7,0.098,1.07,10.4,0.02,0.075,0.048,9.7,9.7,0.557,0.585,0.223,0.227,100.11,99.29,82.74,99.29,0.092,3053,4.5,10.2,JR Smith
2866,Jackie,1610612759,SAS,22.0,11,8,3,0.727,102.95833333333331,16,35,0.457,0,0,0.0,9,10,0.9,6,16,22,5,10,2,0,2,16,8,41,-38,70.9,1,0,72.0,1,2006-07,9.4,93.6,90.4,90.4,109.5,110.2,110.2,-15.9,-19.7,-19.7,0.088,0.5,9.3,0.063,0.167,0.115,18.5,18.4,0.457,0.52,0.22,0.234,90.77,92.08,76.73,92.08,0.064,198,1.5,3.2,Jackie Butler
1521,Jacque,1610612759,SAS,32.0,64,48,16,0.75,759.995,71,167,0.425,1,2,0.5,49,65,0.754,8,60,68,131,40,24,2,12,74,70,192,158,508.1,0,0,444.0,1,2006-07,11.9,107.7,105.5,105.5,94.3,94.4,94.4,13.4,11.1,11.1,0.27,3.28,35.6,0.012,0.076,0.047,10.9,10.9,0.428,0.491,0.146,0.151,89.96,90.82,75.68,90.82,0.082,1437,1.1,2.6,Jacque Vaughn
2054,Jake,1610612745,HOU,28.0,36,12,24,0.333,389.47,29,72,0.403,0,0,0.0,26,39,0.667,42,62,104,5,24,8,12,7,51,30,84,-29,252.3,0,0,233.0,2,2006-07,10.8,97.9,96.7,96.7,99.6,99.9,99.9,-1.6,-3.1,-3.1,0.022,0.21,4.2,0.11,0.168,0.138,20.3,20.3,0.403,0.471,0.133,0.137,90.79,91.2,76.0,91.2,0.053,737,0.8,2.0,Jake Tsakalidis
2063,Jake,1610612766,CHA,29.0,73,30,43,0.411,1043.19,121,255,0.475,0,0,0.0,77,113,0.681,84,172,256,44,56,30,24,18,199,98,319,-106,798.2,1,0,727.0,1,2006-07,14.3,101.8,101.6,101.6,107.9,106.3,106.3,-6.1,-4.7,-4.7,0.067,0.79,10.9,0.083,0.185,0.132,13.8,13.8,0.475,0.523,0.154,0.157,94.54,95.36,79.47,95.36,0.059,2068,1.7,3.5,Jake Voskuhl
147,Jalen,1610612756,PHX,34.0,29,22,7,0.759,245.81666666666663,38,86,0.442,21,47,0.447,11,12,0.917,3,20,23,16,9,5,2,2,22,14,108,-52,171.6,0,0,182.0,1,2006-07,8.5,96.2,95.5,95.5,103.5,103.8,103.8,-7.3,-8.2,-8.2,0.119,1.78,13.7,0.012,0.085,0.048,7.7,7.7,0.564,0.592,0.184,0.187,97.31,97.54,81.28,97.54,0.095,494,1.3,3.0,Jalen Rose
2048,Jamaal,1610612757,POR,29.0,81,31,50,0.383,1703.2616666666668,199,395,0.504,0,0,0.0,131,242,0.541,151,341,492,30,129,21,66,43,226,236,529,-253,1296.4,6,0,1225.0,1,2006-07,21.0,99.5,99.9,99.9,107.3,107.9,107.9,-7.8,-7.9,-7.9,0.03,0.23,4.5,0.096,0.227,0.16,19.4,19.5,0.504,0.527,0.175,0.177,89.55,89.11,74.26,89.11,0.074,3161,2.5,4.9,Jamaal Magloire
2224,Jamaal,1610612754,IND,29.0,72,31,41,0.431,2242.7616666666668,346,889,0.389,61,193,0.316,172,239,0.72,60,180,240,494,200,117,25,60,190,201,925,-88,2180.0,7,0,2004.0,1,2006-07,31.1,99.9,101.2,101.2,102.7,104.0,104.0,-2.8,-2.8,-2.8,0.379,2.47,29.2,0.026,0.084,0.054,11.8,11.8,0.424,0.465,0.234,0.236,95.67,94.48,78.73,94.48,0.108,4431,4.8,12.3,Jamaal Tinsley
2037,Jamal,1610612752,NYK,27.0,59,26,33,0.441,2197.87,354,886,0.4,103,322,0.32,228,272,0.838,44,145,189,259,162,57,8,36,114,170,1039,-114,1687.3,4,0,1720.0,1,2006-07,37.3,103.7,105.2,105.2,107.8,108.1,108.1,-4.1,-3.0,-3.0,0.203,1.6,18.4,0.021,0.068,0.045,11.5,11.4,0.458,0.517,0.232,0.238,94.28,93.47,77.89,93.47,0.099,4286,6.0,15.0,Jamal Crawford
2441,Jamal,1610612743,DEN,24.0,22,15,7,0.682,124.52,9,14,0.643,0,1,0.0,6,14,0.429,15,33,48,5,10,2,7,3,17,10,24,-12,106.1,0,0,95.0,1,2006-07,5.7,100.5,95.8,95.8,102.5,100.4,100.4,-2.0,-4.6,-4.6,0.058,0.5,13.9,0.121,0.252,0.188,27.8,28.4,0.643,0.595,0.107,0.109,96.45,99.84,83.2,99.84,0.087,259,0.4,0.6,Jamal Sampson
2749,Jameer,1610612753,ORL,25.0,77,37,40,0.481,2330.603333333333,376,875,0.43,65,194,0.335,183,221,0.828,50,186,236,330,184,73,5,60,225,199,1000,-18,1828.2,0,0,1787.0,1,2006-07,30.3,101.8,103.4,103.4,102.8,103.5,103.5,-1.0,-0.1,-0.1,0.242,1.79,22.3,0.023,0.084,0.054,12.4,12.4,0.467,0.514,0.223,0.227,93.4,92.36,76.97,92.36,0.095,4477,4.9,11.4,Jameer Nelson
200788,James,1610612753,ORL,23.0,2,2,0,1.0,7.316666666666666,1,3,0.333,0,0,0.0,0,0,0.0,1,2,3,2,0,0,0,1,2,1,2,-1,8.6,0,0,7.0,1,2006-07,3.7,122.5,113.3,113.3,141.1,138.5,138.5,-18.6,-25.1,-25.1,0.333,0.0,40.0,0.0,0.0,0.0,0.0,0.0,0.333,0.333,0.176,0.202,87.38,91.85,76.54,91.85,0.066,15,0.5,1.5,James Augustine
2592,James,1610612756,PHX,26.0,76,58,18,0.763,1375.888333333333,162,440,0.368,90,238,0.378,71,81,0.877,33,143,176,45,28,28,42,12,115,95,485,163,945.7,0,0,936.0,1,2006-07,18.1,108.0,107.4,107.4,100.5,100.6,100.6,7.5,6.8,6.8,0.048,1.61,8.3,0.025,0.1,0.064,5.1,5.1,0.47,0.51,0.162,0.167,96.53,96.74,80.62,96.74,0.067,2761,2.1,5.8,James Jones
2591,James,1610612764,WAS,23.0,11,7,4,0.636,54.61833333333333,4,9,0.444,0,0,0.0,3,5,0.6,5,6,11,2,2,0,3,2,14,4,11,0,34.2,0,0,30.0,1,2006-07,5.0,114.3,110.5,110.5,114.6,107.4,107.4,-0.3,3.1,3.1,0.054,1.0,13.3,0.096,0.092,0.094,13.3,13.2,0.444,0.491,0.109,0.115,89.1,93.59,78.0,93.59,0.0,105,0.4,0.8,James Lang
1899,James,1610612748,MIA,30.0,71,40,31,0.563,1918.92,186,432,0.431,97,259,0.375,81,98,0.827,66,291,357,94,55,71,23,16,193,143,550,-31,1346.4,1,0,1286.0,1,2006-07,27.0,102.3,101.8,101.8,101.7,102.6,102.6,0.5,-0.8,-0.8,0.078,1.71,15.1,0.036,0.157,0.097,8.8,8.8,0.543,0.579,0.127,0.129,92.33,92.15,76.79,92.15,0.094,3684,2.6,6.1,James Posey
101189,James,1610612746,LAC,25.0,53,27,26,0.509,376.4116666666667,30,82,0.366,3,14,0.214,22,29,0.759,36,70,106,17,17,15,17,2,45,25,85,-13,316.7,0,0,275.0,1,2006-07,7.1,100.3,99.5,99.5,100.5,97.6,97.6,-0.2,1.8,1.8,0.075,1.0,13.1,0.09,0.194,0.139,13.1,13.2,0.384,0.449,0.132,0.135,93.4,95.19,79.33,95.19,0.083,733,0.6,1.5,James Singleton
200778,James,1610612759,SAS,24.0,6,4,2,0.667,136.55833333333334,18,41,0.439,2,7,0.286,12,15,0.8,3,17,20,5,5,3,1,3,7,12,50,-22,88.5,0,0,85.0,1,2006-07,22.8,98.4,97.3,97.3,104.2,105.8,105.8,-5.8,-8.5,-8.5,0.065,1.0,8.8,0.022,0.128,0.075,8.8,8.7,0.463,0.525,0.175,0.183,91.56,91.39,76.16,91.39,0.09,260,3.0,6.8,James White
2457,Jannero,1610612740,NOK,27.0,82,39,43,0.476,1710.1016666666667,283,692,0.409,81,209,0.388,104,122,0.852,20,160,180,203,122,53,4,34,121,115,751,-92,1320.5,1,0,1329.0,1,2006-07,20.9,97.3,97.9,97.9,100.5,100.7,100.7,-3.2,-2.8,-2.8,0.218,1.66,19.1,0.012,0.096,0.053,11.5,11.4,0.467,0.504,0.23,0.237,91.76,91.35,76.12,91.35,0.102,3254,3.5,8.4,Jannero Pargo
2407,Jared,1610612752,NYK,25.0,55,21,34,0.382,1306.6583333333333,95,206,0.461,2,20,0.1,31,68,0.456,111,127,238,67,61,44,30,15,150,70,223,-173,770.1,0,0,678.0,1,2006-07,23.8,102.9,103.2,103.2,108.2,108.7,108.7,-5.3,-5.5,-5.5,0.08,1.1,18.4,0.092,0.107,0.1,16.8,16.8,0.466,0.473,0.103,0.105,91.87,91.53,76.27,91.53,0.043,2475,1.7,3.7,Jared Jeffries
2876,Jared,1610612749,MIL,25.0,27,8,19,0.296,243.49666666666667,15,43,0.349,0,0,0.0,3,10,0.3,21,50,71,13,14,5,6,10,45,8,33,-72,156.7,0,0,139.0,1,2006-07,9.0,102.2,101.8,101.8,115.0,113.8,113.8,-12.8,-12.0,-12.0,0.076,0.93,17.6,0.087,0.218,0.151,18.9,18.8,0.349,0.348,0.111,0.113,96.49,97.18,80.99,97.18,0.023,487,0.6,1.6,Jared Reiner
101127,Jarrett,1610612757,POR,23.0,79,30,49,0.38,2650.74,320,705,0.454,63,180,0.35,243,279,0.871,18,190,208,417,187,86,9,31,202,211,946,-302,1919.1,3,0,1824.0,1,2006-07,33.6,101.3,102.7,102.7,108.2,108.8,108.8,-7.0,-6.1,-6.1,0.265,2.23,29.5,0.007,0.081,0.043,13.2,13.1,0.499,0.571,0.175,0.181,90.24,89.37,74.48,89.37,0.103,4934,4.1,8.9,Jarrett Jack
2260,Jarron,1610612762,UTA,28.0,82,51,31,0.622,913.28,75,170,0.441,0,0,0.0,54,83,0.651,71,100,171,60,37,13,8,18,147,113,204,103,525.2,0,0,477.0,1,2006-07,11.1,100.6,101.7,101.7,97.6,96.1,96.1,3.0,5.6,5.6,0.102,1.62,19.7,0.078,0.126,0.1,12.2,12.2,0.441,0.494,0.116,0.119,93.16,93.42,77.85,93.42,0.045,1779,0.9,2.1,Jarron Collins
2553,Jarvis,1610612764,WAS,25.0,81,40,41,0.494,1626.2883333333334,224,546,0.41,66,183,0.361,71,84,0.845,42,168,210,80,56,48,13,14,160,69,585,-178,1084.0,0,0,1063.0,1,2006-07,20.1,105.2,105.0,105.0,111.0,109.8,109.8,-5.8,-4.8,-4.8,0.082,1.43,11.1,0.025,0.109,0.065,7.8,7.8,0.471,0.502,0.171,0.176,95.57,96.2,80.17,96.2,0.064,3250,2.8,6.7,Jarvis Hayes
2215,Jason,1610612751,NJN,28.0,80,40,40,0.5,1843.725,55,151,0.364,0,2,0.0,59,127,0.465,90,226,316,46,73,40,38,21,273,151,169,71,778.2,0,0,687.0,1,2006-07,23.0,103.5,103.7,103.7,100.2,100.8,100.8,3.4,2.9,2.9,0.034,0.63,14.0,0.053,0.129,0.091,22.2,22.4,0.364,0.408,0.071,0.072,92.54,92.17,76.81,92.17,0.006,3525,0.7,1.9,Jason Collins
2078,Jason,1610612746,LAC,29.0,36,15,21,0.417,845.245,100,224,0.446,7,29,0.241,42,47,0.894,14,84,98,103,38,44,1,11,83,47,249,-38,618.1,0,0,547.0,2,2006-07,23.5,103.0,104.1,104.1,105.3,105.7,105.7,-2.4,-1.7,-1.7,0.195,2.71,26.6,0.018,0.109,0.063,9.8,9.9,0.462,0.509,0.153,0.154,93.45,92.79,77.33,92.79,0.084,1629,2.8,6.2,Jason Hart
2574,Jason,1610612748,MIA,26.0,67,34,33,0.507,1767.4616666666666,278,563,0.494,108,210,0.514,66,74,0.892,26,154,180,81,70,38,2,14,135,61,730,-22,1117.5,2,0,1179.0,1,2006-07,26.4,104.0,103.2,103.2,102.9,104.5,104.5,1.1,-1.3,-1.3,0.079,1.16,10.9,0.016,0.087,0.053,9.4,9.4,0.59,0.613,0.174,0.179,92.13,91.79,76.49,91.79,0.094,3390,4.1,8.4,Jason Kapono
467,Jason,1610612751,NJN,34.0,80,41,39,0.513,2932.93,369,908,0.406,124,361,0.343,179,230,0.778,135,520,655,736,213,127,23,34,146,190,1041,87,3168.0,32,12,2856.0,1,2006-07,36.7,105.8,105.8,105.8,104.0,104.9,104.9,1.8,0.9,0.9,0.405,3.46,37.8,0.048,0.186,0.117,10.9,10.9,0.475,0.516,0.188,0.192,93.88,93.42,77.85,93.42,0.16,5725,4.6,11.4,Jason Kidd
101131,Jason,1610612765,DET,24.0,67,44,23,0.657,942.71,131,262,0.5,0,0,0.0,72,137,0.526,88,98,186,14,53,30,60,21,110,120,334,52,795.2,2,0,714.0,1,2006-07,14.1,103.0,102.3,102.3,98.2,97.2,97.2,4.8,5.0,5.0,0.025,0.26,3.6,0.097,0.103,0.1,13.6,13.6,0.5,0.518,0.182,0.186,90.24,91.04,75.87,91.04,0.07,1769,2.0,3.9,Jason Maxiell
2202,Jason,1610612744,GSW,26.0,51,29,22,0.569,1674.9633333333334,306,734,0.417,110,300,0.367,92,140,0.657,72,187,259,172,82,54,32,29,129,114,814,100,1558.8,4,0,1527.0,1,2006-07,32.8,106.2,107.8,107.8,103.4,104.4,104.4,2.7,3.3,3.3,0.153,2.1,16.4,0.042,0.111,0.076,7.8,7.8,0.492,0.512,0.22,0.221,101.93,100.7,83.92,100.7,0.097,3506,6.0,14.4,Jason Richardson
1891,Jason,1610612742,DAL,29.0,81,67,14,0.827,2846.116666666667,514,1063,0.484,162,370,0.438,160,199,0.804,41,190,231,422,152,81,17,26,170,183,1350,566,2402.2,6,0,2361.0,1,2006-07,35.1,111.4,112.3,112.3,101.1,102.0,102.0,10.3,10.3,10.3,0.244,2.78,24.5,0.016,0.072,0.044,8.8,8.8,0.56,0.587,0.211,0.214,91.36,90.61,75.51,90.61,0.127,5378,6.3,13.1,Jason Terry
1715,Jason,1610612748,MIA,31.0,61,34,27,0.557,1865.1166666666663,235,569,0.413,100,295,0.339,94,103,0.913,18,123,141,322,100,58,1,15,68,71,664,34,1393.2,4,0,1345.0,1,2006-07,30.6,104.0,103.6,103.6,102.1,103.6,103.6,1.9,0.1,0.1,0.275,3.22,31.3,0.011,0.066,0.039,9.7,9.6,0.501,0.54,0.176,0.182,92.33,91.86,76.55,91.86,0.112,3585,3.9,9.3,Jason Williams
1902,Jeff,1610612754,IND,30.0,75,32,43,0.427,1739.753333333333,122,260,0.469,0,1,0.0,78,122,0.639,253,356,609,57,70,62,37,25,202,134,322,-68,1365.3,1,0,1186.0,1,2006-07,23.2,101.0,101.5,101.5,102.4,103.1,103.1,-1.4,-1.6,-1.6,0.049,0.81,12.9,0.143,0.222,0.181,15.9,15.9,0.469,0.513,0.097,0.099,93.51,92.95,77.46,92.95,0.092,3362,1.6,3.5,Jeff Foster
976,Jeff,1610612766,CHA,32.0,38,17,21,0.447,702.4583333333334,71,181,0.392,1,8,0.125,22,32,0.688,14,48,62,124,42,14,0,7,72,35,165,-100,425.4,0,0,380.0,1,2006-07,18.5,99.8,100.0,100.0,107.2,106.5,106.5,-7.5,-6.5,-6.5,0.276,2.95,34.3,0.021,0.074,0.047,11.6,11.6,0.395,0.423,0.154,0.156,93.34,93.58,77.98,93.58,0.058,1364,1.9,4.8,Jeff McInnis
200978,Jeremy,1610612757,POR,23.0,6,4,2,0.667,19.85,3,6,0.5,2,3,0.667,0,0,0.0,1,1,2,0,1,1,0,0,2,0,8,-1,12.4,0,0,14.0,2,2006-07,3.3,131.8,125.0,125.0,138.5,133.3,133.3,-6.6,-8.3,-8.3,0.0,0.0,0.0,0.056,0.0,0.0,14.3,14.3,0.667,0.667,0.132,0.144,99.34,103.98,86.65,103.98,0.053,44,0.5,1.0,Jeremy Richardson
979,Jermaine,1610612754,IND,28.0,69,32,37,0.464,2458.793333333333,498,1141,0.436,0,7,0.0,343,447,0.767,153,508,661,167,203,50,182,100,232,419,1339,10,2875.7,34,0,2631.0,1,2006-07,35.6,100.9,102.5,102.5,101.5,102.6,102.6,-0.5,-0.1,-0.1,0.128,0.82,9.8,0.063,0.214,0.138,11.9,11.9,0.436,0.5,0.282,0.284,93.91,92.66,77.22,92.66,0.139,4754,7.2,16.5,Jermaine O'Neal
1744,Jerome,1610612752,NYK,31.0,41,19,22,0.463,272.96,33,79,0.418,0,0,0.0,10,18,0.556,21,45,66,3,23,6,15,7,73,15,76,-70,199.7,0,0,187.0,1,2006-07,6.7,86.9,85.0,85.0,100.0,97.4,97.4,-13.1,-12.4,-12.4,0.023,0.13,2.7,0.07,0.16,0.113,20.4,20.4,0.418,0.437,0.178,0.186,91.66,93.9,78.25,93.9,-0.003,532,0.8,1.9,Jerome James
711,Jerry,1610612742,DAL,32.0,67,55,12,0.821,1614.5316666666668,280,654,0.428,62,162,0.383,182,215,0.847,39,106,145,187,117,51,10,39,78,167,804,261,1324.5,0,0,1320.0,1,2006-07,24.1,109.2,108.6,108.6,102.0,100.8,100.8,7.2,7.8,7.8,0.195,1.6,17.8,0.026,0.07,0.048,11.1,11.1,0.476,0.537,0.239,0.245,93.08,93.87,78.23,93.87,0.11,3164,4.2,9.8,Jerry Stackhouse
2207,Joe,1610612737,ATL,26.0,57,21,36,0.368,2359.425,536,1139,0.471,119,312,0.381,235,314,0.748,53,186,239,249,176,60,11,45,115,274,1426,-179,2123.3,2,0,2175.0,1,2006-07,41.4,101.0,102.7,102.7,105.1,106.8,106.8,-4.0,-4.1,-4.1,0.216,1.41,14.7,0.024,0.084,0.054,10.4,10.3,0.523,0.558,0.281,0.285,91.98,90.48,75.4,90.48,0.14,4449,9.4,20.0,Joe Johnson
693,Joe,1610612755,PHI,31.0,65,36,29,0.554,1503.2816666666668,214,477,0.449,0,5,0.0,125,148,0.845,120,280,400,49,76,37,27,21,148,167,553,8,1222.5,8,0,1130.0,2,2006-07,23.1,101.6,102.0,102.0,101.7,101.7,101.7,-0.2,0.3,0.3,0.055,0.64,7.4,0.085,0.194,0.14,11.4,11.4,0.449,0.51,0.182,0.186,93.89,93.68,78.07,93.68,0.101,2934,3.3,7.3,Joe Smith
2038,Joel,1610612757,POR,27.0,43,19,24,0.442,700.68,37,78,0.474,0,0,0.0,10,27,0.37,59,109,168,12,40,10,67,16,124,42,84,-32,494.6,0,0,418.0,1,2006-07,16.3,97.5,100.1,100.1,100.4,101.8,101.8,-2.9,-1.7,-1.7,0.027,0.3,8.5,0.091,0.172,0.131,28.2,28.2,0.474,0.467,0.088,0.089,88.56,86.8,72.33,86.8,0.028,1262,0.9,1.8,Joel Przybilla
101121,Joey,1610612761,TOR,25.0,79,47,32,0.595,1319.2233333333334,192,388,0.495,9,31,0.29,110,131,0.84,55,193,248,44,49,30,4,26,161,100,503,74,919.6,1,0,872.0,1,2006-07,16.7,106.0,104.7,104.7,103.2,102.0,102.0,2.8,2.8,2.8,0.053,0.9,8.2,0.045,0.153,0.1,9.1,9.1,0.506,0.564,0.168,0.173,95.56,96.71,80.59,96.71,0.084,2658,2.4,4.9,Joey Graham
101130,Johan,1610612760,SEA,21.0,81,31,50,0.383,1510.013333333333,226,438,0.516,0,0,0.0,50,77,0.649,92,243,335,45,82,39,47,13,237,71,502,-229,1147.5,3,0,1054.0,1,2006-07,18.6,99.7,100.4,100.4,107.5,106.9,106.9,-7.8,-6.5,-6.5,0.05,0.55,7.5,0.064,0.175,0.119,13.7,13.7,0.516,0.532,0.166,0.169,93.9,93.82,78.18,93.82,0.069,2934,2.8,5.4,Johan Petro
101249,John,1610612745,HOU,24.0,47,28,19,0.596,383.4633333333333,62,156,0.397,15,59,0.254,15,19,0.789,9,27,36,33,15,17,0,6,38,20,154,-10,282.7,0,0,272.0,1,2006-07,8.2,98.5,95.3,95.3,100.1,99.6,99.6,-1.5,-4.3,-4.3,0.167,2.2,15.6,0.023,0.077,0.049,7.1,7.1,0.446,0.468,0.21,0.223,90.39,92.13,76.77,92.13,0.078,747,1.3,3.3,John Lucas III
2422,John,1610612758,SAC,27.0,79,32,47,0.405,2134.4733333333334,236,517,0.456,40,112,0.357,159,204,0.779,47,217,264,254,119,73,27,46,177,154,671,-183,1549.8,2,1,1429.0,1,2006-07,27.0,102.7,102.8,102.8,106.1,106.7,106.7,-3.4,-4.0,-4.0,0.196,2.13,25.9,0.023,0.104,0.064,12.1,12.1,0.495,0.553,0.152,0.155,96.53,96.21,80.18,96.21,0.091,4272,3.0,6.5,John Salmons
200770,Jordan,1610612747,LAL,20.0,72,37,35,0.514,1089.73,124,294,0.422,45,137,0.328,27,38,0.711,22,97,119,137,73,44,7,12,77,49,320,13,748.3,0,0,723.0,1,2006-07,15.1,103.7,103.2,103.2,101.9,102.6,102.6,1.7,0.7,0.7,0.204,1.88,26.4,0.021,0.092,0.057,14.1,14.0,0.498,0.515,0.158,0.163,93.24,93.18,77.65,93.18,0.085,2115,1.7,4.1,Jordan Farmar
200816,Jorge,1610612761,TOR,29.0,67,36,31,0.537,1909.3083333333332,222,529,0.42,66,193,0.342,57,78,0.731,48,282,330,125,64,78,15,16,90,120,567,95,1365.5,3,0,1274.0,1,2006-07,28.5,104.5,104.2,104.2,101.0,101.7,101.7,3.5,2.6,2.6,0.099,1.95,16.6,0.027,0.155,0.092,8.5,8.5,0.482,0.503,0.153,0.155,93.83,93.65,78.04,93.65,0.094,3725,3.3,7.9,Jorge Garbajosa
101181,Jose,1610612761,TOR,25.0,77,45,32,0.584,1613.6266666666668,263,505,0.521,25,75,0.333,117,143,0.818,21,113,134,387,110,63,5,18,136,154,668,39,1503.3,7,0,1350.0,1,2006-07,21.0,107.1,106.0,106.0,104.5,104.7,104.7,2.6,1.3,1.3,0.397,3.52,36.5,0.014,0.076,0.045,10.4,10.3,0.546,0.588,0.19,0.195,95.07,95.47,79.56,95.47,0.134,3208,3.4,6.6,Jose Calderon
200767,Josh,1610612751,NJN,22.0,61,33,28,0.541,668.6683333333333,99,171,0.579,0,0,0.0,56,103,0.544,64,112,176,10,33,11,21,16,94,72,254,15,543.2,1,0,504.0,1,2006-07,11.0,104.1,101.1,101.1,100.1,99.4,99.4,4.0,1.7,1.7,0.027,0.3,3.9,0.099,0.162,0.132,12.7,12.7,0.579,0.587,0.167,0.174,93.37,95.08,79.23,95.08,0.089,1321,1.6,2.8,Josh Boone
2735,Josh,1610612737,ATL,24.0,55,22,33,0.4,2023.915,261,518,0.504,26,77,0.338,167,210,0.795,123,217,340,127,80,58,36,56,118,164,715,-110,1515.5,7,0,1396.0,1,2006-07,36.8,101.9,102.4,102.4,104.0,105.2,105.2,-2.1,-2.8,-2.8,0.108,1.59,15.6,0.064,0.112,0.088,9.8,9.8,0.529,0.586,0.155,0.157,92.54,91.81,76.51,91.81,0.117,3871,4.7,9.4,Josh Childress
2572,Josh,1610612742,DAL,27.0,70,57,13,0.814,2455.4333333333334,493,1075,0.459,92,239,0.385,243,294,0.827,130,345,475,127,123,82,56,26,180,262,1321,482,2372.5,13,0,2291.0,1,2006-07,35.1,110.7,112.2,112.2,101.0,101.6,101.6,9.7,10.6,10.6,0.088,1.03,8.8,0.058,0.153,0.105,8.5,8.5,0.501,0.548,0.248,0.251,91.8,90.91,75.76,90.91,0.132,4646,7.0,15.4,Josh Howard
2694,Josh,1610612744,GSW,24.0,37,16,21,0.432,353.005,43,93,0.462,0,0,0.0,30,42,0.714,24,64,88,21,29,5,12,10,61,35,116,-132,275.1,0,0,259.0,2,2006-07,9.5,92.4,91.2,91.2,109.1,108.1,108.1,-16.7,-17.0,-17.0,0.1,0.72,12.9,0.063,0.165,0.115,17.8,18.0,0.462,0.52,0.165,0.168,102.13,103.27,86.06,103.27,0.062,758,1.2,2.5,Josh Powell
2746,Josh,1610612737,ATL,21.0,72,28,44,0.389,2647.1583333333333,436,993,0.439,38,152,0.25,268,387,0.693,165,456,621,236,227,101,207,52,241,313,1178,-210,2974.2,32,0,2689.0,1,2006-07,36.8,101.7,103.2,103.2,105.8,106.8,106.8,-4.2,-3.6,-3.6,0.157,1.04,14.5,0.065,0.183,0.124,14.0,14.0,0.458,0.506,0.237,0.239,92.97,91.84,76.53,91.84,0.123,5052,6.1,13.8,Josh Smith
2413,Juan,1610612761,TOR,28.0,81,40,41,0.494,1925.9733333333331,299,703,0.425,79,226,0.35,101,116,0.871,27,131,158,123,101,76,9,34,177,98,778,-101,1306.1,0,0,1308.0,2,2006-07,23.8,102.7,103.0,103.0,105.8,105.4,105.4,-3.0,-2.4,-2.4,0.112,1.22,12.6,0.015,0.074,0.044,10.4,10.3,0.482,0.516,0.2,0.204,93.39,93.41,77.84,93.41,0.072,3743,3.7,8.7,Juan Dixon
101125,Julius,1610612749,MIL,23.0,9,2,7,0.222,64.33,6,12,0.5,0,0,0.0,3,4,0.75,2,6,8,12,3,4,0,2,6,2,15,-5,51.6,0,0,43.0,2,2006-07,7.1,100.7,95.5,95.5,103.4,101.6,101.6,-2.8,-6.1,-6.1,0.293,4.0,41.4,0.027,0.079,0.054,10.3,10.4,0.5,0.545,0.11,0.114,93.94,97.37,81.14,97.37,0.102,132,0.7,1.3,Julius Hodge
1908,Jumaine,1610612756,PHX,28.0,18,14,4,0.778,138.12166666666667,14,51,0.275,10,32,0.313,2,2,1.0,6,17,23,1,7,5,1,3,19,6,40,-15,80.1,0,0,86.0,1,2006-07,7.7,98.9,97.5,97.5,104.7,102.8,102.8,-5.8,-5.3,-5.3,0.011,0.14,1.7,0.042,0.133,0.085,11.9,11.7,0.373,0.386,0.186,0.195,96.12,97.65,81.38,97.65,0.008,281,0.8,2.8,Jumaine Jones
2454,Junior,1610612763,MEM,26.0,29,8,21,0.276,542.955,57,137,0.416,7,26,0.269,31,46,0.674,12,56,68,89,52,21,5,10,79,39,152,-26,393.1,0,0,368.0,1,2006-07,18.7,103.4,102.1,102.1,105.8,104.4,104.4,-2.4,-2.4,-2.4,0.246,1.71,29.7,0.024,0.11,0.068,17.3,17.4,0.442,0.483,0.169,0.173,96.48,97.78,81.48,97.78,0.055,1106,2.0,4.7,Junior Harrington
2770,Justin,1610612750,MIN,25.0,41,17,24,0.415,318.12833333333333,40,107,0.374,0,0,0.0,26,30,0.867,15,31,46,17,22,5,3,19,44,32,106,-63,188.7,0,0,185.0,1,2006-07,7.8,96.7,97.6,97.6,109.9,106.0,106.0,-13.2,-8.5,-8.5,0.085,0.77,10.6,0.045,0.103,0.072,13.8,13.8,0.374,0.441,0.191,0.194,98.33,99.66,83.05,99.66,0.029,657,1.0,2.6,Justin Reed
200818,Justin,1610612758,SAC,23.0,26,7,19,0.269,333.32,54,88,0.614,0,1,0.0,23,63,0.365,51,64,115,2,15,5,16,7,51,38,131,-59,320.0,2,0,290.0,1,2006-07,12.8,106.0,104.4,104.4,113.5,112.4,112.4,-7.5,-7.9,-7.9,0.01,0.13,1.5,0.153,0.204,0.178,11.4,11.3,0.614,0.566,0.169,0.174,96.37,97.56,81.3,97.56,0.084,675,2.1,3.4,Justin Williams
436,Juwan,1610612745,HOU,34.0,80,52,28,0.65,2122.5333333333333,309,665,0.465,0,0,0.0,155,188,0.824,138,332,470,131,112,29,8,38,205,133,773,70,1532.5,9,0,1448.0,1,2006-07,26.5,104.0,103.8,103.8,101.0,102.9,102.9,3.0,0.8,0.8,0.105,1.17,13.3,0.068,0.162,0.115,11.3,11.3,0.465,0.517,0.185,0.191,92.21,91.44,76.2,91.44,0.093,4061,3.9,8.3,Juwan Howard
2586,Keith,1610612753,ORL,27.0,59,29,30,0.492,989.675,99,245,0.404,53,137,0.387,47,63,0.746,16,77,93,59,46,28,2,13,98,42,298,47,542.1,0,0,563.0,1,2006-07,16.8,104.1,103.4,103.4,101.5,101.1,101.1,2.6,2.3,2.3,0.094,1.28,15.6,0.018,0.084,0.052,12.2,12.2,0.512,0.546,0.147,0.152,91.86,92.35,76.95,92.35,0.057,1906,1.7,4.2,Keith Bogans
2693,Keith,1610612754,IND,27.0,48,17,31,0.354,717.8866666666667,73,188,0.388,16,45,0.356,69,78,0.885,4,39,43,90,46,24,5,6,51,61,231,-28,458.6,0,0,438.0,2,2006-07,15.0,103.3,104.1,104.1,105.6,104.5,104.5,-2.2,-0.5,-0.5,0.184,1.96,25.3,0.006,0.056,0.031,12.9,12.8,0.431,0.52,0.16,0.163,99.16,99.29,82.74,99.29,0.067,1475,1.5,3.9,Keith McLeod
101235,Kelenna,1610612744,GSW,23.0,41,18,23,0.439,669.26,98,220,0.445,34,79,0.43,61,78,0.782,26,68,94,28,39,22,10,17,49,56,291,-159,502.8,0,0,511.0,1,2006-07,16.3,98.7,97.7,97.7,108.6,109.3,109.3,-9.8,-11.6,-11.6,0.068,0.72,8.7,0.036,0.097,0.066,12.1,12.1,0.523,0.572,0.183,0.187,101.02,101.2,84.33,101.2,0.084,1413,2.4,5.4,Kelenna Azubuike
1509,Kelvin,1610612752,NYK,32.0,18,8,10,0.444,95.415,7,22,0.318,0,0,0.0,8,12,0.667,12,19,31,0,6,3,10,2,10,8,22,-22,92.2,0,0,79.0,1,2006-07,5.3,90.2,83.8,83.8,93.6,94.0,94.0,-3.4,-10.2,-10.2,0.0,0.0,0.0,0.111,0.179,0.145,17.6,18.0,0.318,0.403,0.152,0.159,96.28,99.61,83.01,99.61,0.087,197,0.4,1.2,Kelvin Cato
2570,Kendrick,1610612738,BOS,22.0,72,19,53,0.264,1576.3583333333331,132,269,0.491,0,3,0.0,60,100,0.6,113,259,372,94,113,23,96,24,214,91,324,-124,1155.4,5,0,1028.0,1,2006-07,21.9,98.3,99.6,99.6,102.3,102.3,102.3,-4.1,-2.7,-2.7,0.095,0.83,18.1,0.075,0.173,0.124,21.7,21.7,0.491,0.518,0.123,0.124,93.47,92.83,77.36,92.83,0.061,3028,1.8,3.7,Kendrick Perkins
1903,Kenny,1610612758,SAC,29.0,62,25,37,0.403,1411.7233333333334,146,303,0.482,0,1,0.0,39,76,0.513,134,243,377,76,90,43,16,33,141,72,331,-181,984.4,4,0,902.0,1,2006-07,22.8,101.1,101.7,101.7,107.0,108.4,108.4,-5.9,-6.7,-6.7,0.085,0.84,15.1,0.096,0.191,0.141,17.9,17.9,0.482,0.492,0.134,0.136,96.42,95.47,79.56,95.47,0.07,2811,2.4,4.9,Kenny Thomas
2030,Kenyon,1610612743,DEN,29.0,2,0,2,0.0,62.59166666666667,8,16,0.5,0,1,0.0,3,12,0.25,6,14,20,1,5,0,0,0,10,9,19,-9,39.5,1,0,40.0,1,2006-07,31.3,95.7,97.0,97.0,100.1,101.5,101.5,-4.4,-4.5,-4.5,0.023,0.2,3.7,0.086,0.23,0.153,18.5,18.3,0.5,0.446,0.171,0.173,104.59,103.14,85.95,103.14,0.025,133,4.0,8.0,Kenyon Martin
708,Kevin,1610612750,MIN,31.0,76,32,44,0.421,2995.0783333333334,638,1341,0.476,12,56,0.214,416,498,0.835,183,792,975,313,205,89,126,50,184,407,1704,10,3783.5,66,3,3434.0,1,2006-07,39.4,103.5,104.4,104.4,104.0,104.4,104.4,-0.5,-0.1,-0.1,0.19,1.53,15.1,0.068,0.275,0.175,9.9,9.9,0.48,0.546,0.272,0.276,92.59,91.97,76.64,91.97,0.191,5745,8.4,17.6,Kevin Garnett
2755,Kevin,1610612758,SAC,24.0,80,32,48,0.4,2818.325,505,1067,0.473,127,333,0.381,481,570,0.844,69,273,342,173,135,98,11,52,181,402,1618,-165,2479.9,2,0,2478.0,1,2006-07,35.2,103.9,104.7,104.7,106.9,107.9,107.9,-3.0,-3.1,-3.1,0.108,1.28,10.7,0.025,0.104,0.064,8.3,8.3,0.533,0.614,0.226,0.23,98.26,97.44,81.2,97.44,0.127,5728,6.3,13.3,Kevin Martin
1563,Kevin,1610612755,PHI,34.0,53,19,34,0.358,919.0166666666668,81,187,0.433,0,2,0.0,37,45,0.822,8,66,74,130,47,21,1,13,76,53,199,-169,501.8,0,0,447.0,1,2006-07,17.3,97.1,96.7,96.7,105.5,105.0,105.0,-8.3,-8.2,-8.2,0.229,2.77,34.0,0.01,0.078,0.044,12.3,12.2,0.433,0.481,0.129,0.133,90.64,91.06,75.89,91.06,0.066,1731,1.5,3.5,Kevin Ollie
788,Kevin,1610612742,DAL,44.0,5,3,2,0.6,42.6,5,13,0.385,0,0,0.0,2,2,1.0,2,6,8,1,2,2,1,0,11,2,12,6,30.1,0,0,27.0,1,2006-07,8.5,121.3,115.6,115.6,109.4,106.4,106.4,11.9,9.2,9.2,0.034,0.5,5.9,0.057,0.171,0.114,11.8,11.8,0.385,0.432,0.176,0.184,84.06,87.32,72.77,87.32,0.012,77,1.0,2.6,Kevin Willis
200838,Kevinn,1610612738,BOS,23.0,6,0,6,0.0,99.96666666666668,12,27,0.444,1,2,0.5,6,9,0.667,7,8,15,5,4,3,3,2,12,8,31,5,70.5,0,0,64.0,1,2006-07,16.7,99.9,101.0,101.0,104.5,101.0,101.0,-4.6,0.0,0.0,0.078,1.25,12.5,0.065,0.101,0.08,10.0,10.0,0.463,0.501,0.148,0.151,92.82,93.87,78.23,93.87,0.067,198,2.0,4.5,Kevinn Pinkney
2039,Keyon,1610612753,ORL,27.0,66,33,33,0.5,1435.1433333333334,188,458,0.41,31,96,0.323,114,141,0.809,22,64,86,112,72,52,15,29,125,117,521,20,921.2,0,0,884.0,1,2006-07,21.7,103.6,103.7,103.7,103.6,103.5,103.5,0.0,0.2,0.2,0.135,1.56,16.0,0.016,0.048,0.032,10.3,10.2,0.444,0.501,0.184,0.19,92.04,92.01,76.68,92.01,0.068,2758,2.8,6.9,Keyon Dooling
2550,Kirk,1610612741,CHI,26.0,80,48,32,0.6,2838.998333333333,475,1061,0.448,140,337,0.415,237,284,0.835,32,242,274,500,191,100,23,58,274,281,1327,322,2583.8,10,0,2487.0,1,2006-07,35.5,103.5,104.7,104.7,97.5,98.7,98.7,6.0,6.0,6.0,0.291,2.62,26.7,0.011,0.086,0.049,10.2,10.2,0.514,0.559,0.213,0.216,96.14,95.02,79.18,95.02,0.124,5613,5.9,13.3,Kirk Hinrich
2745,Kirk,1610612745,HOU,24.0,39,23,16,0.59,562.5133333333333,66,146,0.452,11,44,0.25,49,75,0.653,17,66,83,39,26,11,12,10,51,51,192,-45,393.1,0,0,371.0,1,2006-07,14.4,100.7,97.7,97.7,101.7,101.8,101.8,-1.0,-4.1,-4.1,0.125,1.5,15.9,0.032,0.122,0.077,10.6,10.7,0.49,0.536,0.168,0.175,91.62,92.93,77.44,92.93,0.083,1089,1.7,3.7,Kirk Snyder
977,Kobe,1610612747,LAL,28.0,77,39,38,0.506,3139.675,813,1757,0.463,137,398,0.344,667,768,0.868,75,364,439,413,255,111,36,78,205,614,2430,102,3762.3,10,0,3713.0,1,2006-07,40.8,106.5,108.1,108.1,105.9,106.9,106.9,0.6,1.3,1.3,0.249,1.62,15.0,0.025,0.118,0.072,9.3,9.2,0.502,0.58,0.328,0.333,96.8,95.59,79.66,95.59,0.172,6263,10.6,22.8,Kobe Bryant
2743,Kris,1610612761,TOR,22.0,60,35,25,0.583,670.155,87,185,0.47,0,0,0.0,53,79,0.671,78,109,187,18,32,14,21,28,98,79,227,-39,551.4,0,0,502.0,1,2006-07,11.2,105.1,102.8,102.8,107.1,105.3,105.3,-2.0,-2.5,-2.5,0.043,0.56,6.7,0.115,0.172,0.143,11.9,11.9,0.47,0.516,0.166,0.172,94.11,95.94,79.95,95.94,0.074,1337,1.5,3.1,Kris Humphries
703,Kurt,1610612756,PHX,34.0,67,51,16,0.761,1208.42,126,259,0.486,0,1,0.0,56,71,0.789,86,293,379,24,35,24,29,14,156,87,308,248,922.8,3,0,817.0,1,2006-07,18.0,111.6,112.1,112.1,100.0,100.5,100.5,11.5,11.5,11.5,0.026,0.69,6.9,0.078,0.239,0.163,10.0,10.0,0.486,0.531,0.122,0.123,96.52,96.07,80.05,96.07,0.085,2404,1.9,3.9,Kurt Thomas
2198,Kwame,1610612747,LAL,25.0,41,24,17,0.585,1131.5366666666666,143,242,0.591,0,1,0.0,59,134,0.44,81,163,244,75,76,39,49,26,124,139,345,73,938.3,4,0,840.0,1,2006-07,27.6,109.1,110.9,110.9,106.9,107.0,107.0,2.2,3.9,3.9,0.097,0.99,16.8,0.08,0.16,0.12,17.0,16.8,0.591,0.573,0.148,0.152,95.12,94.3,78.58,94.3,0.08,2217,3.5,5.9,Kwame Brown
2594,Kyle,1610612755,PHI,26.0,74,30,44,0.405,2288.145,372,845,0.44,132,307,0.43,191,209,0.914,30,229,259,105,117,57,20,31,188,156,1067,-177,1649.3,0,0,1717.0,1,2006-07,30.9,100.5,101.1,101.1,104.8,105.5,105.5,-4.3,-4.3,-4.3,0.083,0.9,9.1,0.014,0.105,0.059,10.2,10.1,0.518,0.569,0.206,0.212,93.93,93.34,77.78,93.34,0.098,4457,5.0,11.4,Kyle Korver
200768,Kyle,1610612763,MEM,21.0,10,2,8,0.2,175.42166666666665,14,38,0.368,3,8,0.375,25,28,0.893,12,19,31,32,12,14,1,3,20,26,56,60,174.2,0,0,152.0,1,2006-07,17.5,112.0,109.2,109.2,94.0,93.3,93.3,18.0,15.9,15.9,0.269,2.67,34.0,0.07,0.121,0.095,12.8,12.7,0.408,0.556,0.156,0.161,92.72,94.26,78.55,94.26,0.14,347,1.4,3.8,Kyle Lowry
200746,LaMarcus,1610612757,POR,21.0,63,24,39,0.381,1391.756666666667,241,479,0.503,0,2,0.0,83,115,0.722,144,168,312,24,43,22,73,22,186,101,565,-58,1217.4,6,0,1091.0,1,2006-07,22.1,103.8,105.2,105.2,106.5,106.0,106.0,-2.7,-0.8,-0.8,0.03,0.56,4.0,0.109,0.138,0.123,7.2,7.2,0.503,0.533,0.188,0.191,91.21,90.86,75.72,90.86,0.089,2617,3.8,7.6,LaMarcus Aldridge
1885,Lamar,1610612747,LAL,27.0,56,30,26,0.536,2202.1766666666667,319,681,0.468,54,182,0.297,198,283,0.7,102,445,547,270,163,53,32,36,182,229,890,77,2043.4,25,1,1931.0,1,2006-07,39.3,106.1,107.4,107.4,105.1,106.0,106.0,1.0,1.5,1.5,0.193,1.66,21.8,0.048,0.207,0.128,13.1,13.2,0.508,0.552,0.195,0.196,96.27,95.29,79.41,95.29,0.124,4378,5.7,12.2,Lamar Odom
1716,Larry,1610612739,CLE,28.0,70,44,26,0.629,2595.9566666666665,381,953,0.4,74,222,0.333,209,309,0.676,41,226,267,256,154,89,26,55,164,229,1045,214,1940.4,1,0,1872.0,1,2006-07,37.1,103.2,104.6,104.6,98.9,100.3,100.3,4.3,4.3,4.3,0.162,1.66,17.1,0.015,0.093,0.053,10.3,10.3,0.439,0.48,0.214,0.216,93.6,92.29,76.91,92.29,0.083,4992,5.4,13.6,Larry Hughes
101160,Lawrence,1610612763,MEM,24.0,54,14,40,0.259,968.675,94,208,0.452,0,2,0.0,95,131,0.725,101,160,261,30,36,36,13,40,133,99,283,-38,752.2,0,0,672.0,1,2006-07,17.9,105.1,104.5,104.5,107.8,106.8,106.8,-2.8,-2.4,-2.4,0.048,0.83,9.1,0.105,0.18,0.141,10.9,10.9,0.452,0.533,0.136,0.139,95.01,95.71,79.76,95.71,0.073,1935,1.7,3.9,Lawrence Roberts
2544,LeBron,1610612739,CLE,22.0,78,47,31,0.603,3190.29,772,1621,0.476,99,310,0.319,489,701,0.698,83,443,526,470,250,125,55,49,171,517,2132,378,3758.2,16,1,3587.0,1,2006-07,40.9,104.2,105.6,105.6,98.7,99.9,99.9,5.5,5.7,5.7,0.281,1.88,17.9,0.026,0.147,0.084,9.5,9.4,0.507,0.552,0.303,0.309,93.07,91.92,76.6,91.92,0.181,6124,9.9,20.8,LeBron James
2571,Leandro,1610612756,PHX,24.0,80,59,21,0.738,2613.423333333333,529,1111,0.476,190,438,0.434,196,232,0.845,22,192,214,317,146,96,15,47,210,235,1444,462,2363.3,5,0,2387.0,1,2006-07,32.7,113.2,113.7,113.7,103.5,104.4,104.4,9.8,9.3,9.3,0.188,2.17,19.0,0.009,0.072,0.042,8.7,8.7,0.562,0.595,0.231,0.234,98.16,97.52,81.27,97.52,0.115,5295,6.6,13.9,Leandro Barbosa
200796,Leon,1610612738,BOS,23.0,63,19,44,0.302,719.8016666666666,79,177,0.446,0,2,0.0,106,144,0.736,97,118,215,10,47,14,22,14,104,128,264,-40,598.0,1,0,561.0,1,2006-07,11.4,95.1,95.3,95.3,98.7,96.8,96.8,-3.7,-1.5,-1.5,0.026,0.21,3.3,0.13,0.187,0.156,15.7,15.8,0.446,0.549,0.174,0.178,93.75,94.53,78.77,94.53,0.1,1408,1.3,2.8,Leon Powe
101132,Linas,1610612743,DEN,22.0,79,42,37,0.532,1487.996666666667,200,474,0.422,83,221,0.376,115,135,0.852,77,189,266,45,79,28,14,31,200,90,598,73,1031.7,1,0,1076.0,1,2006-07,18.8,104.4,104.3,104.3,102.2,102.1,102.1,2.2,2.2,2.2,0.047,0.57,6.8,0.051,0.126,0.088,12.0,12.0,0.509,0.561,0.172,0.175,99.78,99.87,83.23,99.87,0.066,3099,2.5,6.0,Linas Kleiza
283,Lindsey,1610612765,DET,36.0,52,36,16,0.692,744.585,94,244,0.385,38,119,0.319,30,33,0.909,9,38,47,93,35,34,7,8,56,41,256,-71,539.9,0,0,516.0,1,2006-07,14.3,100.7,97.7,97.7,103.5,102.4,102.4,-2.8,-4.7,-4.7,0.225,2.66,24.0,0.012,0.054,0.033,9.0,9.1,0.463,0.495,0.179,0.187,90.23,92.12,76.77,92.12,0.083,1427,1.8,4.7,Lindsey Hunter
2669,Linton,1610612740,NOK,27.0,54,27,27,0.5,720.0216666666666,93,190,0.489,10,30,0.333,30,37,0.811,52,111,163,18,27,33,18,4,101,35,226,0,574.6,0,0,519.0,1,2006-07,13.3,101.8,100.9,100.9,100.0,99.3,99.3,1.8,1.6,1.6,0.041,0.67,7.1,0.072,0.16,0.115,10.7,10.7,0.516,0.548,0.145,0.149,92.37,93.13,77.61,93.13,0.09,1386,1.7,3.5,Linton Johnson
953,Lorenzen,1610612737,ATL,31.0,67,23,44,0.343,1035.4533333333334,82,183,0.448,0,0,0.0,9,32,0.281,85,131,216,40,39,28,28,20,204,44,173,-138,621.2,0,0,541.0,1,2006-07,15.5,98.2,98.3,98.3,105.3,104.6,104.6,-7.1,-6.4,-6.4,0.06,1.03,14.5,0.084,0.14,0.111,14.1,14.1,0.448,0.439,0.104,0.106,91.28,91.55,76.3,91.55,0.02,1969,1.2,2.7,Lorenzen Wright
200811,Lou,1610612755,PHI,24.0,11,6,5,0.545,88.93833333333333,6,15,0.4,0,0,0.0,4,10,0.4,13,15,28,1,5,1,8,4,15,12,16,-23,73.1,0,0,63.0,2,2006-07,8.1,90.5,87.6,87.6,104.0,102.3,102.3,-13.4,-14.6,-14.6,0.02,0.2,3.8,0.127,0.161,0.144,19.2,19.7,0.4,0.412,0.116,0.12,92.96,95.26,79.38,95.26,0.036,178,0.5,1.4,Lou Amundson
101150,Lou,1610612755,PHI,20.0,61,23,38,0.377,688.4216666666666,93,211,0.441,12,37,0.324,64,92,0.696,17,53,70,110,46,22,1,22,42,88,262,38,534.0,0,0,500.0,1,2006-07,11.3,101.6,100.7,100.7,99.0,96.4,96.4,2.6,4.3,4.3,0.264,2.39,27.0,0.025,0.081,0.053,11.3,11.3,0.469,0.521,0.191,0.197,93.4,95.14,79.28,95.14,0.109,1354,1.5,3.5,Lou Williams
2739,Luke,1610612761,TOR,25.0,13,8,5,0.615,137.56833333333333,19,43,0.442,5,17,0.294,5,9,0.556,2,8,10,13,7,5,1,3,15,10,48,-24,90.5,0,0,88.0,2,2006-07,10.6,101.9,101.4,101.4,111.7,107.8,107.8,-9.8,-6.3,-6.3,0.157,1.86,19.4,0.015,0.061,0.037,10.4,10.5,0.5,0.511,0.18,0.182,95.75,97.7,81.41,97.7,0.052,277,1.5,3.3,Luke Jackson
2557,Luke,1610612760,SEA,26.0,71,29,42,0.408,2091.076666666667,301,695,0.433,49,139,0.353,128,159,0.805,28,136,164,368,156,83,19,36,181,165,779,-163,1677.8,6,0,1564.0,1,2006-07,29.5,103.6,104.8,104.8,107.4,108.3,108.3,-3.9,-3.6,-3.6,0.276,2.36,28.6,0.014,0.069,0.041,12.1,12.1,0.468,0.509,0.196,0.198,95.72,94.78,78.98,94.78,0.088,4122,4.2,9.8,Luke Ridnour
101195,Luke,1610612757,POR,25.0,11,4,7,0.364,118.03,7,23,0.304,0,0,0.0,5,7,0.714,10,15,25,1,4,2,4,4,25,7,19,-2,64.5,0,0,57.0,1,2006-07,10.7,100.8,102.2,102.2,105.0,102.1,102.1,-4.2,0.0,0.0,0.014,0.25,3.2,0.084,0.132,0.107,12.9,12.9,0.304,0.364,0.116,0.117,94.08,94.76,78.96,94.76,-0.009,232,0.6,2.1,Luke Schenscher
2575,Luke,1610612747,LAL,27.0,60,35,25,0.583,1982.01,264,557,0.474,48,124,0.387,108,145,0.745,87,215,302,257,118,60,21,37,117,137,684,11,1556.9,5,0,1453.0,1,2006-07,33.0,105.8,107.0,107.0,106.3,106.8,106.8,-0.5,0.2,0.2,0.194,2.18,25.8,0.046,0.11,0.079,11.8,11.8,0.517,0.551,0.164,0.165,97.96,97.21,81.01,97.21,0.099,4015,4.4,9.3,Luke Walton
2736,Luol,1610612741,CHI,22.0,82,49,33,0.598,3071.3783333333336,630,1218,0.517,1,7,0.143,279,359,0.777,148,431,579,204,153,97,48,85,167,314,1540,417,2822.8,17,0,2614.0,1,2006-07,37.5,103.7,104.9,104.9,97.1,98.2,98.2,6.6,6.7,6.7,0.115,1.33,11.8,0.049,0.141,0.095,8.8,8.8,0.518,0.56,0.219,0.222,96.06,95.0,79.17,95.0,0.145,6083,7.7,14.9,Luol Deng
101129,Luther,1610612745,HOU,24.0,80,51,29,0.638,2210.545,306,700,0.437,177,401,0.441,83,105,0.79,31,221,252,194,137,76,5,40,133,87,872,49,1571.4,0,0,1657.0,1,2006-07,27.6,102.8,101.9,101.9,100.3,101.8,101.8,2.4,0.2,0.2,0.155,1.42,18.0,0.014,0.1,0.057,12.7,12.7,0.564,0.584,0.179,0.184,93.82,93.53,77.94,93.53,0.102,4328,3.8,8.8,Luther Head
2696,Lynn,1610612749,MIL,27.0,41,10,31,0.244,431.775,61,141,0.433,18,52,0.346,27,32,0.844,2,25,27,53,18,17,1,6,32,33,167,-23,314.9,0,0,301.0,1,2006-07,10.5,104.4,103.4,103.4,105.5,105.1,105.1,-1.1,-1.7,-1.7,0.205,2.94,23.5,0.005,0.059,0.032,8.0,8.0,0.496,0.538,0.18,0.185,94.02,94.6,78.84,94.6,0.089,847,1.5,3.4,Lynn Greer
1766,Maceo,1610612754,IND,31.0,47,22,25,0.468,404.5683333333333,49,76,0.645,3,7,0.429,37,47,0.787,21,53,74,16,32,12,18,9,65,64,138,-41,308.8,0,0,291.0,1,2006-07,8.6,100.3,97.5,97.5,104.0,100.8,100.8,-3.7,-3.4,-3.4,0.067,0.5,11.3,0.058,0.146,0.102,22.5,22.1,0.664,0.714,0.136,0.146,95.77,98.65,82.21,98.65,0.087,825,1.0,1.6,Maceo Baston
2124,Malik,1610612741,CHI,29.0,60,35,25,0.583,638.3333333333334,107,258,0.415,0,1,0.0,28,34,0.824,42,77,119,16,21,17,16,11,85,39,242,71,486.8,0,0,443.0,1,2006-07,10.6,103.4,102.8,102.8,97.4,98.0,98.0,5.9,4.8,4.8,0.041,0.76,5.2,0.068,0.122,0.095,6.8,6.8,0.415,0.443,0.202,0.207,94.79,94.78,78.99,94.78,0.061,1266,1.8,4.3,Malik Allen
990,Malik,1610612752,NYK,32.0,65,25,40,0.385,809.9233333333333,74,186,0.398,2,8,0.25,42,52,0.808,47,128,175,65,65,26,9,15,120,54,192,-130,539.5,1,0,504.0,1,2006-07,12.5,99.8,98.0,98.0,107.1,105.8,105.8,-7.2,-7.8,-7.8,0.135,1.0,19.1,0.06,0.169,0.114,19.1,19.2,0.403,0.46,0.151,0.155,91.47,92.9,77.41,92.9,0.057,1564,1.1,2.9,Malik Rose
1938,Manu,1610612759,SAS,29.0,75,56,19,0.747,2060.4216666666666,396,854,0.464,128,323,0.396,320,372,0.86,59,268,327,263,157,109,27,40,155,311,1240,543,2277.9,1,0,2230.0,1,2006-07,27.5,108.9,109.1,109.1,95.2,95.1,95.1,13.7,14.0,14.0,0.223,1.68,18.4,0.031,0.135,0.085,11.0,10.9,0.539,0.609,0.259,0.265,93.57,93.52,77.94,93.52,0.171,4006,5.3,11.4,Manu Ginobili
1531,Marc,1610612740,NOK,32.0,56,23,33,0.411,1024.628333333333,159,388,0.41,0,1,0.0,90,103,0.874,62,130,192,58,65,21,7,25,89,96,408,-143,744.4,4,0,714.0,1,2006-07,18.3,98.0,98.5,98.5,106.7,106.4,106.4,-8.7,-7.9,-7.9,0.099,0.89,10.5,0.062,0.14,0.099,11.7,11.7,0.41,0.471,0.223,0.227,92.02,91.91,76.59,91.91,0.076,1968,2.8,6.9,Marc Jackson
2556,Marcus,1610612756,PHX,25.0,45,32,13,0.711,502.8,84,196,0.429,5,29,0.172,48,60,0.8,10,28,38,60,40,23,3,10,70,57,221,-139,394.6,0,0,376.0,1,2006-07,11.2,96.0,95.2,95.2,108.7,107.6,107.6,-12.7,-12.4,-12.4,0.223,1.5,18.6,0.019,0.058,0.038,12.4,12.4,0.441,0.497,0.232,0.237,97.37,98.28,81.9,98.28,0.065,1024,1.9,4.4,Marcus Banks
948,Marcus,1610612743,DEN,33.0,70,39,31,0.557,2368.835,312,659,0.473,0,2,0.0,161,221,0.729,164,652,816,223,122,87,231,24,183,178,785,113,2930.7,32,0,2460.0,1,2006-07,33.8,106.6,107.9,107.9,103.4,105.6,105.6,3.2,2.3,2.3,0.137,1.83,20.2,0.071,0.265,0.171,11.1,11.1,0.473,0.519,0.158,0.158,101.03,99.38,82.82,99.38,0.142,4905,4.5,9.4,Marcus Camby
200790,Marcus,1610612740,NOK,23.0,13,4,9,0.308,103.35666666666668,7,15,0.467,3,7,0.429,5,7,0.714,2,9,11,5,6,2,1,0,10,8,22,-33,45.7,0,0,47.0,1,2006-07,8.0,99.4,99.0,99.0,121.8,118.1,118.1,-22.4,-19.1,-19.1,0.069,0.83,17.2,0.023,0.107,0.065,20.7,20.6,0.567,0.608,0.106,0.109,91.97,93.58,77.98,93.58,0.037,204,0.5,1.2,Marcus Vinicius
200766,Marcus,1610612751,NJN,21.0,79,40,39,0.506,1314.5116666666668,208,526,0.395,46,163,0.282,72,85,0.847,29,134,163,260,142,29,2,36,96,89,534,-36,1070.6,0,0,1065.0,1,2006-07,16.6,101.3,98.9,98.9,101.6,100.9,100.9,-0.3,-2.0,-2.0,0.346,1.83,27.0,0.024,0.102,0.064,14.7,14.7,0.439,0.474,0.24,0.25,94.28,95.8,79.83,95.8,0.099,2632,2.6,6.7,Marcus Williams
200776,Mardy,1610612752,NYK,22.0,52,19,33,0.365,777.0866666666667,87,228,0.382,13,47,0.277,48,82,0.585,28,76,104,83,57,32,3,14,75,51,235,-98,532.3,3,0,505.0,1,2006-07,14.9,97.8,97.2,97.2,103.9,103.9,103.9,-6.1,-6.7,-6.7,0.188,1.46,20.4,0.037,0.105,0.071,14.0,14.1,0.41,0.445,0.184,0.188,93.25,93.55,77.96,93.55,0.062,1516,1.7,4.4,Mardy Collins
1548,Mark,1610612750,MIN,31.0,82,32,50,0.39,2544.3166666666666,427,839,0.509,9,31,0.29,147,195,0.754,136,369,505,67,159,43,58,47,239,191,1010,-293,1860.5,8,0,1793.0,1,2006-07,31.0,100.7,101.6,101.6,106.7,107.4,107.4,-6.0,-5.8,-5.8,0.045,0.42,5.8,0.059,0.148,0.105,13.8,13.8,0.514,0.546,0.197,0.199,93.37,92.66,77.22,92.66,0.083,4907,5.2,10.2,Mark Blount
2058,Mark,1610612750,MIN,31.0,56,24,32,0.429,473.315,23,43,0.535,0,0,0.0,15,29,0.517,35,52,87,10,21,10,10,4,100,42,61,-15,219.4,0,0,198.0,1,2006-07,8.5,101.9,100.0,100.0,101.6,100.1,100.1,0.3,-0.1,-0.1,0.031,0.48,11.4,0.081,0.113,0.097,23.9,24.2,0.535,0.547,0.074,0.076,92.07,93.6,78.0,93.6,0.0,916,0.4,0.8,Mark Madsen
2060,Marko,1610612750,MIN,28.0,70,26,44,0.371,1554.9433333333334,136,325,0.418,32,85,0.376,67,88,0.761,54,130,184,145,88,75,16,18,172,78,371,-155,994.3,0,0,914.0,1,2006-07,22.2,98.5,99.3,99.3,104.2,104.8,104.8,-5.7,-5.5,-5.5,0.147,1.65,24.3,0.037,0.089,0.063,14.8,14.7,0.468,0.51,0.132,0.134,94.05,93.35,77.79,93.35,0.059,3029,1.9,4.6,Marko Jaric
2605,Marquis,1610612754,IND,26.0,45,23,22,0.511,800.4166666666666,129,281,0.459,6,26,0.231,56,80,0.7,26,56,82,57,55,27,7,17,56,88,320,-78,550.9,0,0,533.0,1,2006-07,17.8,98.4,98.2,98.2,102.5,103.2,103.2,-4.1,-5.0,-5.0,0.126,1.04,13.3,0.032,0.073,0.052,12.9,12.8,0.47,0.506,0.201,0.206,95.2,94.96,79.13,94.96,0.081,1584,2.9,6.2,Marquis Daniels
101110,Martell,1610612757,POR,20.0,82,32,50,0.39,1759.385,195,492,0.396,91,250,0.364,93,132,0.705,43,197,240,52,76,35,19,16,126,109,574,-149,1026.0,0,0,1065.0,1,2006-07,21.5,100.6,101.1,101.1,107.0,106.7,106.7,-6.4,-5.7,-5.7,0.05,0.68,7.7,0.025,0.123,0.073,11.2,11.2,0.489,0.522,0.162,0.166,91.36,91.25,76.04,91.25,0.066,3364,2.4,6.0,Martell Webster
101107,Marvin,1610612737,ATL,21.0,64,21,43,0.328,2178.81,306,706,0.433,11,45,0.244,216,265,0.815,84,253,337,121,127,52,30,57,191,180,839,-193,1543.9,4,0,1472.0,1,2006-07,34.0,101.5,102.2,102.2,106.7,106.5,106.5,-5.2,-4.3,-4.3,0.094,0.95,11.3,0.041,0.128,0.084,11.9,11.9,0.441,0.51,0.197,0.201,91.89,91.61,76.34,91.61,0.082,4152,4.8,11.0,Marvin Williams
2440,Matt,1610612744,GSW,27.0,76,40,36,0.526,1812.73,275,628,0.438,106,290,0.366,90,123,0.732,91,259,350,156,105,73,41,25,188,94,746,-22,1637.0,8,0,1586.0,1,2006-07,23.9,105.4,105.5,105.5,105.1,105.7,105.7,0.3,-0.2,-0.2,0.131,1.49,16.6,0.048,0.137,0.092,11.1,11.1,0.522,0.547,0.18,0.183,102.7,102.36,85.3,102.36,0.093,3858,3.6,8.3,Matt Barnes
2588,Matt,1610612759,SAS,27.0,56,46,10,0.821,653.4466666666667,106,237,0.447,36,94,0.383,27,38,0.711,64,92,156,22,25,17,11,7,67,34,275,29,554.2,1,0,545.0,1,2006-07,11.7,104.1,102.9,102.9,102.1,102.2,102.2,2.0,0.8,0.8,0.061,0.88,7.3,0.1,0.151,0.125,8.3,8.3,0.523,0.542,0.195,0.201,91.57,92.08,76.73,92.08,0.102,1263,1.9,4.2,Matt Bonner
2679,Matt,1610612766,CHA,26.0,72,28,44,0.389,1878.245,285,658,0.433,111,267,0.416,188,208,0.904,35,172,207,91,73,53,9,37,176,136,869,-117,1366.9,0,0,1402.0,1,2006-07,26.1,103.6,103.3,103.3,106.5,106.9,106.9,-2.9,-3.7,-3.7,0.083,1.25,10.1,0.019,0.099,0.058,8.1,8.0,0.517,0.58,0.192,0.2,93.78,93.75,78.13,93.75,0.092,3677,4.0,9.1,Matt Carroll
2782,Matt,1610612737,ATL,25.0,19,9,10,0.474,147.06166666666667,16,54,0.296,3,22,0.136,5,6,0.833,8,16,24,7,3,3,1,4,13,7,40,6,88.3,0,0,82.0,1,2006-07,7.7,96.0,93.1,93.1,94.2,91.7,91.7,1.8,1.4,1.4,0.088,2.33,10.4,0.05,0.109,0.078,4.5,4.5,0.324,0.353,0.17,0.179,96.12,98.9,82.41,98.9,0.043,304,0.8,2.8,Matt Freije
1723,Matt,1610612762,UTA,31.0,77,49,28,0.636,1964.631666666667,322,656,0.491,13,39,0.333,237,309,0.767,117,236,353,99,118,52,11,42,232,264,894,227,1537.1,2,0,1485.0,1,2006-07,25.5,109.1,110.0,110.0,104.4,104.3,104.3,4.8,5.7,5.7,0.083,0.84,9.8,0.062,0.131,0.095,11.7,11.7,0.501,0.564,0.201,0.204,93.77,93.4,77.84,93.4,0.099,3827,4.2,8.5,Matt Harpring
200772,Maurice,1610612742,DAL,23.0,32,26,6,0.813,214.365,22,70,0.314,5,15,0.333,20,33,0.606,1,20,21,7,15,4,3,7,27,19,69,-69,110.7,0,0,116.0,1,2006-07,6.7,88.2,85.2,85.2,102.4,101.4,101.4,-14.2,-16.2,-16.2,0.065,0.47,6.5,0.004,0.089,0.047,13.9,14.1,0.35,0.408,0.207,0.214,94.24,96.4,80.33,96.4,-0.002,431,0.7,2.2,Maurice Ager
2230,Maurice,1610612747,LAL,28.0,76,39,37,0.513,1732.2016666666666,234,542,0.432,48,133,0.361,122,155,0.787,93,128,221,74,57,38,14,48,126,114,638,-4,1113.2,0,0,1085.0,1,2006-07,22.8,106.5,106.3,106.3,106.1,106.3,106.3,0.3,0.0,0.0,0.07,1.3,10.0,0.055,0.077,0.066,7.7,7.7,0.476,0.523,0.173,0.176,93.92,93.92,78.27,93.92,0.073,3388,3.1,7.1,Maurice Evans
1508,Maurice,1610612758,SAC,30.0,12,3,9,0.25,103.26333333333334,8,28,0.286,0,0,0.0,8,13,0.615,10,18,28,5,6,4,1,5,16,9,24,29,74.1,0,0,67.0,1,2006-07,8.6,99.7,99.0,99.0,83.1,81.9,81.9,16.6,17.1,17.1,0.078,0.83,11.1,0.097,0.167,0.133,13.3,13.4,0.286,0.356,0.173,0.175,92.36,93.43,77.86,93.43,0.041,198,0.7,2.3,Maurice Taylor
2246,Mehmet,1610612762,UTA,28.0,80,49,31,0.613,2664.4466666666667,490,1061,0.462,129,336,0.384,296,387,0.765,160,419,579,156,125,36,38,39,257,286,1405,38,2430.8,21,0,2417.0,1,2006-07,33.3,108.1,109.5,109.5,108.1,108.6,108.6,0.0,0.9,0.9,0.097,1.25,10.3,0.065,0.169,0.117,8.3,8.3,0.523,0.571,0.226,0.23,94.2,93.41,77.84,93.41,0.118,5181,6.1,13.3,Mehmet Okur
2408,Melvin,1610612759,SAS,29.0,30,7,23,0.233,308.7,29,80,0.363,0,0,0.0,31,47,0.66,15,38,53,18,28,6,8,9,51,41,89,-94,193.6,0,0,188.0,2,2006-07,10.3,87.4,86.9,86.9,102.1,100.0,100.0,-14.7,-13.1,-13.1,0.115,0.64,12.1,0.045,0.125,0.083,18.8,19.1,0.363,0.442,0.184,0.186,97.31,98.58,82.15,98.58,0.02,628,1.0,2.7,Melvin Ely
1897,Metta,1610612758,SAC,27.0,70,28,42,0.4,2640.9483333333333,458,1040,0.44,93,260,0.358,307,415,0.74,102,352,454,235,146,149,43,75,205,332,1316,39,2643.3,11,0,2482.0,1,2006-07,37.7,105.5,106.7,106.7,104.7,105.8,105.8,0.8,0.9,0.9,0.153,1.61,14.6,0.04,0.143,0.09,9.1,9.1,0.485,0.538,0.233,0.235,96.63,95.53,79.61,95.53,0.121,5252,6.5,14.9,Metta World Peace
1720,Michael,1610612748,MIA,30.0,56,26,30,0.464,698.355,82,175,0.469,0,1,0.0,36,41,0.878,44,111,155,22,30,18,15,11,96,36,200,-75,488.0,1,0,443.0,1,2006-07,12.5,100.3,98.5,98.5,103.1,103.4,103.4,-2.8,-4.9,-4.9,0.053,0.73,8.9,0.068,0.167,0.118,12.2,12.2,0.469,0.518,0.15,0.154,91.7,92.34,76.95,92.34,0.073,1339,1.5,3.1,Michael Doleac
714,Michael,1610612759,SAS,34.0,82,58,24,0.707,1823.315,273,663,0.412,104,286,0.364,90,98,0.918,34,189,223,108,46,32,16,7,76,63,740,179,1267.6,1,0,1271.0,1,2006-07,22.2,106.3,106.4,106.4,101.3,101.5,101.5,4.9,4.9,4.9,0.1,2.35,12.7,0.02,0.107,0.065,5.4,5.3,0.49,0.524,0.189,0.196,91.49,91.38,76.15,91.38,0.098,3476,3.3,8.1,Michael Finley
1709,Michael,1610612738,BOS,32.0,24,5,19,0.208,233.59166666666667,19,46,0.413,0,0,0.0,2,3,0.667,14,34,48,5,17,8,13,4,48,6,40,-31,151.1,0,0,135.0,1,2006-07,9.7,85.2,87.3,87.3,93.4,93.8,93.8,-8.2,-6.5,-6.5,0.038,0.29,7.2,0.057,0.157,0.103,24.6,24.5,0.413,0.423,0.121,0.124,93.8,92.47,77.06,92.47,0.013,449,0.8,1.9,Michael Olowokandi
2072,Michael,1610612749,MIL,27.0,53,22,31,0.415,2036.0,477,1025,0.465,117,306,0.382,345,416,0.829,42,154,196,124,122,63,9,67,78,293,1416,2,1931.2,0,0,1997.0,1,2006-07,38.4,106.8,108.8,108.8,108.3,108.6,108.6,-1.5,0.2,0.2,0.104,1.02,8.6,0.022,0.082,0.052,8.5,8.4,0.522,0.586,0.287,0.293,95.65,94.64,78.87,94.64,0.134,4012,9.0,19.3,Michael Redd
1913,Michael,1610612764,WAS,30.0,30,12,18,0.4,270.49833333333333,5,18,0.278,0,0,0.0,7,19,0.368,35,27,62,6,12,6,8,1,43,17,17,-99,130.4,0,0,113.0,1,2006-07,9.0,92.8,89.9,89.9,106.8,105.9,105.9,-14.0,-16.0,-16.0,0.037,0.5,13.3,0.122,0.103,0.113,26.7,27.1,0.278,0.322,0.064,0.066,93.84,95.73,79.78,95.73,-0.003,533,0.2,0.6,Michael Ruffin
2552,Michael,1610612741,CHI,24.0,48,29,19,0.604,385.27,58,134,0.433,0,0,0.0,37,66,0.561,45,75,120,28,42,9,11,28,79,55,153,29,357.0,1,0,341.0,1,2006-07,8.0,97.7,97.3,97.3,94.1,93.6,93.6,3.6,3.7,3.7,0.122,0.67,12.1,0.116,0.187,0.152,18.2,18.0,0.433,0.469,0.223,0.231,96.76,97.18,80.98,97.18,0.065,780,1.2,2.8,Michael Sweetney
101153,Mickael,1610612760,SEA,24.0,70,26,44,0.371,1238.7033333333334,122,264,0.462,11,47,0.234,66,82,0.805,59,114,173,56,49,24,22,11,108,73,321,-70,701.6,0,0,653.0,1,2006-07,17.7,103.5,103.9,103.9,106.3,105.8,105.8,-2.8,-1.9,-1.9,0.07,1.14,13.9,0.05,0.096,0.073,12.1,12.1,0.483,0.535,0.125,0.128,93.78,93.81,78.18,93.81,0.059,2409,1.7,3.8,Mickael Gelabale
2554,Mickael,1610612744,GSW,25.0,72,37,35,0.514,1937.2266666666667,286,586,0.488,93,240,0.388,136,210,0.648,81,246,327,62,105,48,55,28,220,175,801,-175,1490.4,4,0,1489.0,1,2006-07,26.9,102.8,103.1,103.1,106.0,107.1,107.1,-3.3,-4.0,-4.0,0.049,0.59,7.3,0.04,0.126,0.083,12.4,12.4,0.567,0.59,0.171,0.172,101.62,100.97,84.14,100.97,0.078,4069,4.0,8.1,Mickael Pietrus
1710,Mike,1610612758,SAC,29.0,82,33,49,0.402,2783.866666666667,471,1166,0.404,173,481,0.36,288,347,0.83,39,224,263,388,197,88,6,28,139,290,1403,-35,2385.6,2,0,2415.0,1,2006-07,33.9,104.3,105.4,105.4,105.5,106.2,106.2,-1.2,-0.9,-0.9,0.235,1.97,20.5,0.014,0.084,0.048,10.4,10.3,0.478,0.532,0.237,0.241,98.72,97.84,81.53,97.84,0.106,5681,5.7,14.2,Mike Bibby
2399,Mike,1610612754,IND,26.0,82,34,48,0.415,2580.63,384,850,0.452,70,224,0.313,211,269,0.784,84,347,431,228,149,84,22,30,203,248,1049,-79,2077.2,7,0,1990.0,2,2006-07,31.5,102.2,103.2,103.2,104.4,105.1,105.1,-2.2,-1.8,-1.8,0.142,1.53,17.0,0.032,0.136,0.084,11.1,11.1,0.493,0.542,0.187,0.19,97.73,96.93,80.78,96.93,0.102,5219,4.7,10.4,Mike Dunleavy
200837,Mike,1610612764,WAS,23.0,2,0,2,0.0,12.766666666666667,1,4,0.25,0,0,0.0,0,0,0.0,1,1,2,1,0,0,0,0,1,1,2,-3,5.9,0,0,5.0,1,2006-07,6.4,99.7,92.9,92.9,120.4,107.4,107.4,-20.7,-14.6,-14.6,0.1,0.0,20.0,0.056,0.0,0.0,0.0,0.0,0.25,0.25,0.114,0.125,94.3,103.39,86.16,103.39,0.013,28,0.5,2.0,Mike Hall
2229,Mike,1610612750,MIN,32.0,82,32,50,0.39,2069.0733333333333,297,702,0.423,80,215,0.372,154,184,0.837,25,138,163,297,129,55,7,40,171,151,828,-195,1526.1,2,0,1492.0,1,2006-07,25.2,101.4,101.7,101.7,106.5,107.2,107.2,-5.1,-5.4,-5.4,0.232,2.3,24.5,0.013,0.069,0.042,10.7,10.7,0.48,0.529,0.202,0.205,93.34,92.91,77.43,92.91,0.085,4016,3.6,8.6,Mike James
2034,Mike,1610612763,MEM,27.0,70,17,53,0.243,2739.515,465,1010,0.46,202,498,0.406,161,203,0.793,52,326,378,298,179,54,18,36,138,208,1293,-303,2230.6,6,0,2315.0,1,2006-07,39.1,103.9,104.8,104.8,109.8,110.6,110.6,-5.9,-5.8,-5.8,0.189,1.66,19.0,0.02,0.128,0.074,11.4,11.4,0.56,0.588,0.208,0.212,95.5,94.79,78.99,94.79,0.116,5415,6.6,14.4,Mike Miller
2366,Mike,1610612760,SEA,28.0,47,14,33,0.298,533.7633333333333,66,141,0.468,5,15,0.333,33,42,0.786,15,39,54,79,31,15,4,9,53,44,170,20,379.3,1,0,346.0,1,2006-07,11.4,104.3,105.8,105.8,104.5,103.5,103.5,-0.2,2.3,2.3,0.238,2.55,29.4,0.03,0.078,0.054,11.5,11.5,0.486,0.533,0.162,0.166,92.16,91.95,76.63,91.95,0.088,1021,1.4,3.0,Mike Wilks
1630,Mikki,1610612751,NJN,31.0,79,39,40,0.494,2081.5216666666665,308,506,0.609,0,1,0.0,160,235,0.681,145,258,403,74,113,46,60,44,261,235,776,8,1575.6,2,0,1465.0,1,2006-07,26.3,104.6,105.1,105.1,104.4,104.6,104.6,0.3,0.5,0.5,0.059,0.65,9.3,0.075,0.131,0.104,14.2,14.2,0.609,0.637,0.16,0.162,92.77,92.45,77.04,92.45,0.089,4004,3.9,6.4,Mikki Moore
101148,Mile,1610612751,NJN,23.0,5,3,2,0.6,5.87,0,3,0.0,0,0,0.0,0,0,0.0,0,1,1,0,3,0,0,1,1,0,0,-17,-1.8,0,0,1.0,1,2006-07,1.2,0.0,0.0,0.0,143.1,130.8,130.8,-143.1,-130.8,-130.8,0.0,0.0,0.0,0.0,0.0,0.0,50.0,50.0,0.0,0.0,0.5,0.75,81.28,102.21,85.18,102.21,-0.293,12,0.0,0.6,Mile Ilic
2590,Mo,1610612749,MIL,24.0,68,24,44,0.353,2471.688333333333,468,1049,0.446,79,228,0.346,159,186,0.855,54,275,329,416,203,85,6,50,201,179,1174,-83,2262.8,11,1,2180.0,1,2006-07,36.3,105.1,107.0,107.0,108.9,108.9,108.9,-3.8,-1.8,-1.8,0.266,2.05,23.8,0.023,0.119,0.07,11.6,11.6,0.484,0.519,0.239,0.241,95.14,94.26,78.55,94.26,0.111,4857,6.9,15.4,Mo Williams
101145,Monta,1610612744,GSW,21.0,77,39,38,0.506,2637.91,480,1010,0.475,39,143,0.273,273,358,0.763,62,181,243,319,221,132,21,63,210,319,1272,30,2280.1,2,0,2179.0,1,2006-07,34.3,105.4,106.2,106.2,104.2,105.6,105.6,1.2,0.6,0.6,0.185,1.44,18.8,0.023,0.068,0.045,13.0,12.9,0.495,0.545,0.221,0.225,101.7,100.59,83.82,100.59,0.094,5527,6.2,13.1,Monta Ellis
2050,Morris,1610612761,TOR,29.0,71,40,31,0.563,1514.9016666666666,222,517,0.429,106,295,0.359,84,123,0.683,32,205,237,47,53,45,12,7,126,106,634,-128,1106.9,1,0,1138.0,1,2006-07,21.3,102.5,101.9,101.9,105.7,105.9,105.9,-3.2,-4.0,-4.0,0.052,0.89,7.0,0.021,0.143,0.081,7.9,7.9,0.532,0.555,0.185,0.19,94.9,95.12,79.27,95.12,0.087,2998,3.1,7.3,Morris Peterson
200754,Mouhamed,1610612760,SEA,21.0,28,5,23,0.179,169.45333333333335,18,49,0.367,0,0,0.0,17,29,0.586,16,29,45,0,11,3,12,3,33,20,53,-49,141.0,0,0,128.0,1,2006-07,6.1,91.4,90.3,90.3,107.7,105.3,105.3,-16.3,-15.1,-15.1,0.0,0.0,0.0,0.086,0.18,0.13,14.9,15.1,0.367,0.429,0.187,0.19,94.13,95.74,79.79,95.74,0.025,339,0.6,1.8,Mouhamed Sene
101126,Nate,1610612752,NYK,23.0,64,23,41,0.359,1355.763333333333,227,523,0.434,83,213,0.39,108,139,0.777,55,97,152,90,72,50,6,28,160,119,645,-26,1058.4,0,0,1082.0,1,2006-07,21.2,101.7,102.0,102.0,104.5,103.4,103.4,-2.8,-1.3,-1.3,0.119,1.25,12.2,0.042,0.075,0.059,9.7,9.6,0.513,0.552,0.211,0.216,93.51,93.84,78.2,93.84,0.091,2655,3.5,8.2,Nate Robinson
1737,Nazr,1610612765,DET,29.0,51,34,17,0.667,773.3783333333333,118,222,0.532,0,0,0.0,50,82,0.61,89,140,229,9,43,27,40,12,133,66,286,-33,732.3,2,0,658.0,1,2006-07,15.2,103.9,103.9,103.9,104.0,105.9,105.9,-0.1,-2.0,-2.0,0.02,0.21,2.9,0.121,0.182,0.152,13.9,13.9,0.532,0.554,0.181,0.184,90.97,90.12,75.1,90.12,0.084,1450,2.3,4.4,Nazr Mohammed
2420,Nenad,1610612751,NJN,23.0,26,11,15,0.423,848.3916666666667,170,323,0.526,0,1,0.0,86,121,0.711,51,125,176,46,52,10,24,32,88,101,426,4,756.2,5,0,716.0,1,2006-07,32.6,103.1,103.7,103.7,102.9,103.4,103.4,0.2,0.2,0.2,0.102,0.88,9.7,0.062,0.156,0.109,11.0,11.0,0.526,0.566,0.227,0.23,94.19,93.69,78.08,93.69,0.114,1656,6.5,12.4,Nenad Krstic
2403,ene,1610612743,DEN,24.0,64,33,31,0.516,1715.015,294,516,0.57,0,1,0.0,195,283,0.689,150,299,449,77,127,62,59,42,209,226,783,122,1673.3,12,0,1551.0,1,2006-07,26.8,105.7,106.0,106.0,100.8,102.1,102.1,4.9,3.9,3.9,0.072,0.61,9.1,0.093,0.17,0.133,15.0,15.0,0.57,0.611,0.193,0.196,99.15,98.38,81.98,98.38,0.112,3508,4.6,8.1,Nene
2555,Nick,1610612760,SEA,26.0,82,31,51,0.378,2378.14,318,636,0.5,0,2,0.0,154,199,0.774,229,437,666,82,123,48,66,67,289,194,790,-103,1931.2,18,0,1766.0,1,2006-07,29.0,103.9,105.4,105.4,106.6,106.9,106.9,-2.7,-1.5,-1.5,0.055,0.67,8.8,0.1,0.194,0.147,13.3,13.2,0.5,0.546,0.16,0.162,93.53,92.71,77.26,92.71,0.091,4577,3.9,7.8,Nick Collison
101158,Orien,1610612754,IND,25.0,41,14,27,0.341,253.79,23,62,0.371,2,11,0.182,15,25,0.6,12,32,44,22,28,17,4,3,38,20,63,-55,183.8,0,0,173.0,1,2006-07,6.2,92.2,89.2,89.2,100.5,97.0,97.0,-8.2,-7.8,-7.8,0.15,0.79,18.0,0.047,0.129,0.087,23.0,22.8,0.387,0.432,0.169,0.179,96.42,99.77,83.14,99.77,0.042,520,0.6,1.5,Orien Greene
970,Othella,1610612766,CHA,33.0,26,8,18,0.308,220.2933333333333,25,56,0.446,0,0,0.0,17,22,0.773,13,25,38,6,15,1,1,5,49,23,67,-38,112.6,0,0,115.0,1,2006-07,8.5,91.1,90.5,90.5,97.4,95.3,95.3,-6.3,-4.8,-4.8,0.054,0.4,6.8,0.062,0.113,0.088,17.0,17.3,0.446,0.51,0.169,0.173,94.31,95.65,79.71,95.65,0.011,430,1.0,2.2,Othella Harrington
136,P.J.,1610612741,CHI,37.0,72,42,30,0.583,1455.8366666666666,170,418,0.407,0,2,0.0,96,122,0.787,129,218,347,48,85,24,52,50,187,112,436,193,1067.4,3,0,983.0,1,2006-07,20.2,102.2,103.1,103.1,95.3,95.3,95.3,6.8,7.8,7.8,0.049,0.56,7.9,0.09,0.153,0.122,14.0,14.1,0.407,0.462,0.172,0.172,94.41,94.0,78.33,94.0,0.06,2836,2.4,5.8,P.J. Brown
200782,P.J.,1610612761,TOR,22.0,17,5,12,0.294,83.38833333333334,11,22,0.5,0,0,0.0,8,14,0.571,11,12,23,3,6,2,0,2,12,9,30,-32,62.1,0,0,60.0,1,2006-07,4.9,91.1,89.7,89.7,112.0,105.9,105.9,-20.9,-16.2,-16.2,0.061,0.5,8.1,0.103,0.171,0.13,16.2,16.1,0.5,0.533,0.161,0.169,103.29,107.07,89.22,107.07,0.06,185,0.6,1.3,P.J. Tucker
2776,Pape,1610612761,TOR,25.0,7,4,3,0.571,34.233333333333334,3,9,0.333,0,0,0.0,4,6,0.667,6,5,11,2,1,1,1,2,2,5,10,-31,31.2,0,0,27.0,1,2006-07,4.9,89.3,85.3,85.3,133.4,125.0,125.0,-44.1,-39.7,-39.7,0.1,2.0,14.3,0.146,0.172,0.157,7.1,6.8,0.333,0.43,0.141,0.155,100.17,105.86,88.22,105.86,0.081,75,0.4,1.3,Pape Sow
2469,Pat,1610612756,PHX,33.0,23,19,4,0.826,163.85666666666663,23,65,0.354,6,22,0.273,8,13,0.615,12,35,47,5,7,3,2,4,19,14,60,-30,131.9,0,0,128.0,1,2006-07,7.1,97.4,94.4,94.4,106.9,104.2,104.2,-9.6,-9.8,-9.8,0.051,0.71,6.0,0.069,0.2,0.135,8.4,8.5,0.4,0.424,0.206,0.214,95.5,98.28,81.9,98.28,0.069,337,1.0,2.8,Pat Burke
1727,Pat,1610612753,ORL,30.0,33,14,19,0.424,277.405,22,70,0.314,11,32,0.344,16,18,0.889,12,30,42,14,14,7,0,4,37,17,71,11,149.4,0,0,152.0,1,2006-07,8.4,103.5,102.3,102.3,106.4,102.1,102.1,-2.9,0.1,0.1,0.082,1.0,13.2,0.047,0.12,0.083,13.2,13.2,0.393,0.456,0.151,0.156,88.8,91.19,75.99,91.19,0.035,532,0.7,2.1,Pat Garrity
200753,Patrick,1610612744,GSW,21.0,16,4,12,0.25,118.75,10,32,0.313,0,0,0.0,11,17,0.647,7,14,21,9,8,6,8,0,26,11,31,18,103.7,0,0,89.0,1,2006-07,7.4,109.8,109.6,109.6,104.7,100.0,100.0,5.1,9.6,9.6,0.106,1.13,15.8,0.065,0.119,0.093,14.0,14.2,0.313,0.393,0.173,0.174,99.47,101.86,84.88,101.86,0.013,249,0.6,2.0,Patrick O'Bryant
2200,Pau,1610612763,MEM,26.0,59,17,42,0.288,2132.508333333333,462,858,0.538,3,11,0.273,299,400,0.748,149,432,581,201,162,29,126,75,137,352,1226,-241,2527.7,33,1,2321.0,1,2006-07,36.1,106.4,107.1,107.1,111.8,112.6,112.6,-5.4,-5.5,-5.5,0.166,1.24,14.4,0.076,0.211,0.145,11.6,11.6,0.54,0.593,0.247,0.25,97.33,96.69,80.57,96.69,0.154,4293,7.8,14.5,Pau Gasol
200781,Paul,1610612746,LAC,22.0,31,14,17,0.452,179.83166666666668,22,52,0.423,0,0,0.0,7,10,0.7,21,23,44,7,8,6,5,3,28,12,51,-15,139.3,0,0,124.0,1,2006-07,5.8,95.2,92.2,92.2,99.0,93.3,93.3,-3.8,-1.1,-1.1,0.08,0.88,9.9,0.104,0.13,0.116,11.3,11.2,0.423,0.452,0.154,0.161,93.05,97.42,81.19,97.42,0.061,359,0.7,1.7,Paul Davis
200794,Paul,1610612762,UTA,22.0,82,51,31,0.622,1472.1466666666668,209,398,0.525,1,3,0.333,140,208,0.673,183,240,423,62,94,67,74,53,236,166,559,144,1488.6,7,0,1327.0,1,2006-07,18.0,107.3,107.4,107.4,102.4,101.7,101.7,4.9,5.7,5.7,0.068,0.66,9.6,0.131,0.182,0.156,14.5,14.6,0.526,0.571,0.174,0.178,92.42,92.66,77.22,92.66,0.11,2834,2.5,4.9,Paul Millsap
1718,Paul,1610612738,BOS,29.0,47,20,27,0.426,1739.743333333333,373,850,0.439,107,275,0.389,320,402,0.796,39,238,277,194,152,48,13,53,122,318,1173,1,1827.4,5,0,1873.0,1,2006-07,37.0,105.3,106.9,106.9,105.6,106.9,106.9,-0.3,0.0,0.0,0.209,1.28,14.2,0.024,0.143,0.083,11.1,11.1,0.502,0.571,0.302,0.305,95.44,94.14,78.45,94.14,0.146,3413,7.9,18.1,Paul Pierce
978,Peja,1610612740,NOK,30.0,13,8,5,0.615,425.08166666666665,83,196,0.423,34,84,0.405,31,38,0.816,11,43,54,11,19,8,4,9,29,27,231,11,329.3,0,0,354.0,1,2006-07,32.7,103.8,106.1,106.1,104.2,104.1,104.1,-0.4,2.0,2.0,0.045,0.58,4.6,0.024,0.108,0.064,7.9,7.8,0.51,0.543,0.239,0.242,93.46,92.42,77.02,92.42,0.102,816,6.4,15.1,Peja Stojakovic
200822,Pops,1610612742,DAL,23.0,12,9,3,0.75,71.30833333333334,11,17,0.647,0,0,0.0,7,18,0.389,9,12,21,0,9,1,0,1,8,10,29,6,48.2,0,0,52.0,1,2006-07,5.9,107.9,100.7,100.7,100.9,99.3,99.3,7.0,1.4,1.4,0.0,0.0,0.0,0.122,0.167,0.144,25.7,26.5,0.647,0.582,0.205,0.214,93.51,97.6,81.34,97.6,0.059,147,0.9,1.4,Pops Mensah-Bonsu
2056,Primoz,1610612766,CHA,27.0,58,22,36,0.379,838.3616666666667,122,274,0.445,1,3,0.333,43,68,0.632,80,104,184,23,38,11,23,23,161,65,288,-128,607.3,1,0,564.0,1,2006-07,14.5,99.1,100.8,100.8,106.3,106.7,106.7,-7.2,-5.9,-5.9,0.044,0.61,6.3,0.094,0.14,0.116,10.4,10.4,0.447,0.474,0.183,0.184,94.92,93.95,78.3,93.95,0.037,1626,2.1,4.7,Primoz Brezec
2047,Quentin,1610612752,NYK,27.0,49,21,28,0.429,1620.965,228,545,0.418,97,258,0.376,83,120,0.692,65,287,352,108,70,36,7,27,133,97,636,-64,1279.4,8,0,1279.0,1,2006-07,33.1,105.0,105.5,105.5,107.7,107.9,107.9,-2.7,-2.4,-2.4,0.113,1.54,13.9,0.044,0.182,0.115,9.0,9.0,0.507,0.532,0.187,0.189,93.3,92.97,77.47,92.97,0.106,3145,4.7,11.1,Quentin Richardson
200763,Quincy,1610612758,SAC,23.0,42,16,26,0.381,359.13666666666666,48,126,0.381,12,50,0.24,11,15,0.733,11,26,37,15,15,15,4,5,21,18,119,-38,227.9,0,0,221.0,1,2006-07,8.6,100.1,100.1,100.1,106.3,105.0,105.0,-6.2,-4.8,-4.8,0.071,1.0,9.3,0.028,0.068,0.048,9.3,9.2,0.429,0.449,0.173,0.178,98.7,99.3,82.75,99.3,0.057,742,1.1,3.0,Quincy Douby
2624,Quinton,1610612746,LAC,26.0,81,40,41,0.494,1700.4366666666667,177,379,0.467,2,10,0.2,68,87,0.782,60,130,190,86,33,70,32,24,179,88,424,-120,1054.0,0,0,906.0,1,2006-07,21.0,102.8,102.0,102.0,103.9,104.0,104.0,-1.1,-2.1,-2.1,0.079,2.61,16.0,0.038,0.078,0.058,6.1,6.2,0.47,0.508,0.119,0.122,93.81,94.11,78.43,94.11,0.058,3309,2.2,4.7,Quinton Ross
1711,Raef,1610612757,POR,31.0,27,9,18,0.333,352.2633333333333,39,102,0.382,2,23,0.087,20,26,0.769,25,45,70,8,13,7,11,4,57,18,100,-114,237.0,0,0,216.0,1,2006-07,13.0,99.7,99.1,99.1,117.1,114.4,114.4,-17.3,-15.3,-15.3,0.038,0.62,6.0,0.073,0.155,0.111,9.7,9.7,0.392,0.441,0.168,0.172,89.49,90.82,75.68,90.82,0.034,661,1.4,3.8,Raef LaFrentz
2737,Rafael,1610612762,UTA,26.0,28,17,11,0.607,247.4933333333333,27,65,0.415,0,0,0.0,18,29,0.621,22,44,66,10,17,6,2,7,39,22,72,57,173.2,0,0,164.0,1,2006-07,8.8,105.4,104.2,104.2,95.3,93.9,93.9,10.1,10.3,10.3,0.067,0.59,9.4,0.091,0.205,0.144,16.0,16.2,0.415,0.463,0.164,0.166,94.6,95.81,79.84,95.81,0.06,497,1.0,2.3,Rafael Araujo
1747,Rafer,1610612745,HOU,30.0,82,52,30,0.634,3040.2466666666664,383,1020,0.375,192,529,0.363,130,177,0.734,29,253,282,444,170,129,10,31,195,136,1088,460,2339.4,3,0,2284.0,1,2006-07,37.1,105.6,105.8,105.8,96.7,98.2,98.2,8.9,7.6,7.6,0.232,2.61,25.8,0.01,0.083,0.047,9.9,9.9,0.47,0.496,0.19,0.193,93.82,93.06,77.55,93.06,0.09,5901,4.7,12.4,Rafer Alston
1952,Raja,1610612756,PHX,30.0,78,59,19,0.756,2917.3716666666664,410,950,0.432,205,496,0.413,118,152,0.776,48,203,251,196,83,50,22,23,233,198,1143,510,1871.2,1,0,1939.0,1,2006-07,37.4,111.5,112.6,112.6,102.4,103.6,103.6,9.1,8.9,8.9,0.094,2.36,15.1,0.018,0.067,0.044,6.4,6.4,0.539,0.562,0.168,0.169,98.53,97.49,81.24,97.49,0.069,5916,5.3,12.2,Raja Bell
200765,Rajon,1610612738,BOS,21.0,78,21,57,0.269,1830.9383333333333,188,450,0.418,6,29,0.207,119,184,0.647,74,218,292,297,137,128,8,47,181,165,501,39,1567.9,3,0,1368.0,1,2006-07,23.5,100.2,101.3,101.3,100.5,99.7,99.7,-0.3,1.6,1.6,0.26,2.17,30.7,0.041,0.129,0.083,14.2,14.2,0.424,0.472,0.162,0.164,94.16,94.0,78.33,94.0,0.1,3577,2.4,5.8,Rajon Rondo
201043,Randolph,1610612752,NYK,21.0,5,1,4,0.2,43.65,1,6,0.167,0,0,0.0,2,6,0.333,1,8,9,1,2,2,1,0,4,4,4,-12,23.3,0,0,20.0,1,2006-07,8.7,97.5,96.5,96.5,109.4,113.3,113.3,-11.8,-16.8,-16.8,0.037,0.5,8.3,0.021,0.19,0.1,16.7,17.2,0.167,0.231,0.109,0.107,93.49,92.37,76.98,92.37,0.008,85,0.2,1.2,Randolph Morris
200751,Randy,1610612750,MIN,23.0,82,32,50,0.39,1879.3333333333333,300,691,0.434,68,185,0.368,164,192,0.854,49,169,218,232,152,53,21,56,184,161,832,-166,1511.6,1,0,1498.0,1,2006-07,22.9,100.8,101.1,101.1,105.9,105.5,105.5,-5.2,-4.4,-4.4,0.216,1.53,20.0,0.028,0.095,0.061,13.1,13.1,0.483,0.536,0.224,0.228,93.15,93.17,77.64,93.17,0.095,3645,3.7,8.4,Randy Foye
988,Randy,1610612760,SEA,32.0,4,0,4,0.0,25.816666666666663,0,3,0.0,0,0,0.0,0,0,0.0,1,0,1,4,1,0,0,0,2,0,0,-42,6.2,0,0,5.0,1,2006-07,6.5,64.6,57.1,57.1,155.3,152.2,152.2,-90.6,-95.0,-95.0,0.308,4.0,50.0,0.033,0.0,0.021,12.5,12.5,0.0,0.0,0.069,0.078,82.18,88.32,73.6,88.32,-0.016,49,0.0,0.8,Randy Livingston
101119,Rashad,1610612750,MIN,22.0,37,10,27,0.27,554.325,62,177,0.35,20,75,0.267,40,58,0.69,14,33,47,38,40,26,7,9,71,42,184,-5,356.4,0,0,355.0,1,2006-07,15.0,102.9,102.0,102.0,103.2,102.8,102.8,-0.3,-0.8,-0.8,0.111,0.95,13.4,0.026,0.063,0.045,14.1,14.3,0.407,0.454,0.201,0.204,92.37,92.96,77.46,92.96,0.028,1075,1.7,4.8,Rashad McCants
1740,Rashard,1610612760,SEA,27.0,60,23,37,0.383,2347.838333333333,463,1005,0.461,151,387,0.39,265,315,0.841,91,305,396,145,118,68,39,40,143,257,1342,-27,2237.7,13,0,2248.0,1,2006-07,39.1,106.3,107.8,107.8,107.1,108.2,108.2,-0.9,-0.4,-0.4,0.108,1.23,10.3,0.041,0.14,0.09,8.4,8.4,0.536,0.587,0.243,0.245,94.23,93.09,77.58,93.09,0.134,4549,7.7,16.8,Rashard Lewis
739,Rasheed,1610612765,DET,32.0,75,48,27,0.64,2418.9533333333334,357,843,0.423,104,296,0.351,108,137,0.788,90,453,543,127,94,75,118,19,225,131,926,221,2253.1,12,0,2086.0,1,2006-07,32.3,107.4,107.9,107.9,102.3,103.4,103.4,5.1,4.5,4.5,0.089,1.35,11.3,0.04,0.201,0.121,8.4,8.4,0.485,0.513,0.198,0.2,89.0,88.32,73.6,88.32,0.109,4461,4.8,11.2,Rasheed Wallace
1725,Rasho,1610612761,TOR,31.0,80,46,34,0.575,1676.295,230,421,0.546,0,1,0.0,34,50,0.68,115,245,360,74,56,37,84,21,193,81,494,103,1344.0,0,0,1170.0,1,2006-07,21.0,104.2,104.0,104.0,99.5,100.3,100.3,4.7,3.7,3.7,0.068,1.32,12.9,0.076,0.152,0.115,9.8,9.8,0.546,0.558,0.139,0.142,92.74,92.4,77.0,92.4,0.087,3219,2.9,5.3,Rasho Nesterovic
2446,Rasual,1610612740,NOK,28.0,81,39,42,0.481,2222.858333333333,314,788,0.398,134,363,0.369,56,87,0.644,42,214,256,63,67,40,54,28,148,77,818,-95,1434.7,1,0,1459.0,1,2006-07,27.4,99.2,100.5,100.5,102.1,103.0,103.0,-3.0,-2.4,-2.4,0.048,0.94,6.6,0.019,0.099,0.059,7.0,7.0,0.484,0.495,0.184,0.186,92.03,91.04,75.87,91.04,0.069,4220,3.9,9.7,Rasual Butler
101185,Rawle,1610612754,IND,25.0,40,12,28,0.3,361.3733333333333,32,89,0.36,4,18,0.222,31,45,0.689,8,21,29,13,19,12,5,8,22,34,99,-45,185.3,0,0,179.0,1,2006-07,9.0,93.2,90.5,90.5,98.6,96.1,96.1,-5.4,-5.5,-5.5,0.063,0.68,9.1,0.021,0.061,0.04,13.3,13.5,0.382,0.455,0.148,0.151,98.55,101.28,84.4,101.28,0.042,761,0.8,2.2,Rawle Marshall
951,Ray,1610612760,SEA,31.0,55,22,33,0.4,2218.9933333333333,505,1153,0.438,165,443,0.372,279,309,0.903,57,190,247,228,154,82,11,34,113,242,1454,-51,2217.4,4,0,2280.0,1,2006-07,40.3,106.2,108.0,108.0,108.1,109.0,109.0,-1.9,-1.0,-1.0,0.183,1.48,13.8,0.027,0.093,0.059,9.3,9.2,0.51,0.564,0.287,0.293,94.86,93.65,78.04,93.65,0.134,4326,9.2,21.0,Ray Allen
101109,Raymond,1610612766,CHA,23.0,78,31,47,0.397,2832.2316666666666,393,1024,0.384,103,312,0.33,204,256,0.797,51,216,267,545,230,118,10,48,180,238,1093,-120,2384.9,11,0,2264.0,1,2006-07,36.3,101.9,103.1,103.1,104.5,105.3,105.3,-2.6,-2.2,-2.2,0.314,2.37,28.5,0.018,0.081,0.049,12.0,12.0,0.434,0.481,0.215,0.218,94.69,93.76,78.13,93.76,0.1,5534,5.0,13.1,Raymond Felton
2501,Reggie,1610612743,DEN,27.0,66,37,29,0.561,1126.9316666666666,117,215,0.544,0,0,0.0,91,183,0.497,156,304,460,45,95,42,16,34,144,173,325,69,1023.5,6,0,946.0,1,2006-07,17.1,103.1,104.3,104.3,99.8,101.1,101.1,3.3,3.2,3.2,0.06,0.47,10.3,0.132,0.261,0.196,21.7,21.8,0.544,0.55,0.145,0.147,98.58,97.39,81.16,97.39,0.104,2284,1.8,3.3,Reggie Evans
200764,Renaldo,1610612752,NYK,22.0,68,28,40,0.412,1064.185,139,275,0.505,5,27,0.185,51,90,0.567,97,197,294,44,49,57,44,18,146,66,334,-22,1006.8,4,0,879.0,1,2006-07,15.6,100.8,99.3,99.3,99.5,98.5,98.5,1.3,0.8,0.8,0.071,0.9,10.8,0.091,0.189,0.139,12.0,12.0,0.515,0.531,0.149,0.154,92.96,94.13,78.45,94.13,0.114,2067,2.0,4.0,Renaldo Balkman
200970,Renaldo,1610612744,GSW,25.0,1,0,1,0.0,27.395,2,10,0.2,0,0,0.0,1,2,0.5,0,2,2,0,1,2,0,2,4,1,5,15,12.4,0,0,11.0,1,2006-07,27.4,109.1,109.7,109.7,87.6,86.9,86.9,21.5,22.8,22.8,0.0,0.0,0.0,0.0,0.071,0.034,8.3,8.4,0.2,0.23,0.169,0.171,107.58,107.76,89.8,107.76,-0.056,62,2.0,10.0,Renaldo Major
1888,Richard,1610612765,DET,29.0,75,48,27,0.64,2763.405,547,1170,0.468,44,129,0.341,347,403,0.861,75,207,282,285,159,59,15,67,232,315,1485,352,2313.9,2,0,2244.0,1,2006-07,36.8,108.0,108.8,108.8,100.8,101.7,101.7,7.2,7.1,7.1,0.184,1.79,16.0,0.029,0.08,0.055,8.9,8.9,0.486,0.551,0.255,0.26,89.6,88.89,74.08,88.89,0.115,5112,7.3,15.6,Richard Hamilton
2210,Richard,1610612751,NJN,27.0,55,30,25,0.545,1955.975,303,665,0.456,52,145,0.359,239,326,0.733,48,192,240,148,120,34,8,38,123,236,897,16,1413.0,1,0,1421.0,1,2006-07,35.6,105.6,105.3,105.3,103.9,105.0,105.0,1.7,0.3,0.3,0.131,1.23,13.6,0.026,0.103,0.065,11.1,11.1,0.495,0.555,0.219,0.22,93.69,93.3,77.75,93.3,0.095,3804,5.5,12.1,Richard Jefferson
1729,Ricky,1610612750,MIN,27.0,81,32,49,0.395,3021.425,506,1089,0.465,123,310,0.397,239,285,0.839,54,261,315,385,210,80,23,37,189,271,1374,-224,2428.5,2,0,2403.0,1,2006-07,37.3,101.3,101.9,101.9,105.3,105.8,105.8,-3.9,-4.0,-4.0,0.215,1.83,21.3,0.02,0.088,0.055,11.6,11.6,0.521,0.566,0.215,0.219,93.81,93.31,77.76,93.31,0.11,5878,6.2,13.4,Ricky Davis
200823,Robert,1610612748,MIA,23.0,12,1,11,0.083,135.69,19,60,0.317,5,23,0.217,8,12,0.667,4,12,16,8,6,3,2,6,8,9,51,-14,91.2,0,0,90.0,1,2006-07,11.3,95.7,96.2,96.2,102.7,101.1,101.1,-7.0,-5.0,-5.0,0.116,1.33,10.1,0.025,0.09,0.055,7.6,7.6,0.358,0.391,0.233,0.237,91.63,92.15,76.79,92.15,0.044,260,1.6,5.0,Robert Hite
109,Robert,1610612759,SAS,36.0,68,45,23,0.662,1124.055,90,251,0.359,50,149,0.336,38,64,0.594,73,156,229,77,44,45,41,4,105,71,268,185,872.3,0,0,796.0,1,2006-07,16.5,103.7,103.4,103.4,95.2,94.8,94.8,8.5,8.6,8.6,0.106,1.75,19.2,0.069,0.139,0.105,11.0,11.0,0.458,0.48,0.135,0.137,91.67,91.98,76.65,91.98,0.078,2154,1.3,3.7,Robert Horry
200760,Rodney,1610612755,PHI,23.0,67,24,43,0.358,1169.09,182,392,0.464,25,72,0.347,53,87,0.609,39,89,128,26,43,38,23,14,118,63,442,-126,774.6,0,0,743.0,1,2006-07,17.4,99.8,100.1,100.1,104.9,104.9,104.9,-5.1,-4.7,-4.7,0.037,0.6,5.2,0.036,0.08,0.058,8.6,8.6,0.496,0.514,0.183,0.186,94.5,94.33,78.61,94.33,0.058,2289,2.7,5.9,Rodney Carney
2427,Roger,1610612764,WAS,26.0,62,27,35,0.435,492.3783333333333,59,179,0.33,33,102,0.324,14,16,0.875,7,38,45,35,19,13,6,4,66,18,165,-68,309.5,0,0,316.0,1,2006-07,7.9,100.7,99.5,99.5,109.9,106.0,106.0,-9.2,-6.5,-6.5,0.115,1.84,14.6,0.013,0.084,0.045,7.9,7.9,0.422,0.443,0.179,0.184,94.97,97.24,81.04,97.24,0.032,996,1.0,2.9,Roger Mason Jr.
101232,Roger,1610612762,UTA,24.0,3,3,0,1.0,13.3,0,3,0.0,0,1,0.0,2,2,1.0,3,0,3,0,3,0,0,0,2,1,2,-10,2.6,0,0,5.0,1,2006-07,4.4,96.6,96.0,96.0,151.8,136.0,136.0,-55.2,-40.0,-40.0,0.0,0.0,0.0,0.2,0.0,0.0,42.9,43.6,0.0,0.258,0.212,0.216,85.25,90.23,75.19,90.23,-0.114,25,0.0,1.0,Roger Powell
2648,Ronald,1610612765,DET,26.0,19,11,8,0.579,94.32333333333334,11,31,0.355,0,0,0.0,3,9,0.333,5,12,17,5,3,5,1,2,12,8,25,-9,67.9,0,0,59.0,1,2006-07,5.0,106.5,103.2,103.2,104.5,102.5,102.5,2.0,0.7,0.7,0.083,1.67,11.6,0.055,0.141,0.097,7.0,7.0,0.355,0.358,0.171,0.181,96.27,98.72,82.27,98.72,0.029,189,0.6,1.6,Ronald Dupree
200758,Ronnie,1610612762,UTA,22.0,56,36,20,0.643,675.1033333333334,102,193,0.528,0,9,0.0,56,83,0.675,37,38,75,24,24,37,6,16,44,60,260,-13,491.0,0,0,445.0,1,2006-07,12.1,103.3,103.0,103.0,104.8,102.9,102.9,-1.5,0.2,0.2,0.057,1.0,8.7,0.057,0.064,0.06,8.7,8.6,0.528,0.566,0.162,0.166,95.41,96.45,80.37,96.45,0.09,1349,1.8,3.4,Ronnie Brewer
101179,Ronnie,1610612758,SAC,24.0,58,21,37,0.362,562.8033333333333,67,172,0.39,21,65,0.323,37,55,0.673,15,56,71,48,33,28,4,10,64,58,192,-56,412.2,0,0,396.0,1,2006-07,9.7,102.7,102.3,102.3,106.1,103.6,103.6,-3.3,-1.3,-1.3,0.14,1.45,17.3,0.029,0.105,0.067,11.9,11.9,0.451,0.489,0.181,0.184,96.15,97.48,81.24,97.48,0.068,1123,1.2,3.0,Ronnie Price
101142,Ronny,1610612747,LAL,24.0,72,35,37,0.486,1086.9483333333333,147,268,0.549,0,1,0.0,89,134,0.664,88,171,259,63,52,17,78,29,202,133,383,17,1021.3,2,0,895.0,1,2006-07,15.1,106.7,107.1,107.1,106.6,105.5,105.5,0.2,1.6,1.6,0.092,1.21,14.3,0.078,0.161,0.118,11.8,11.8,0.549,0.586,0.15,0.155,95.84,96.16,80.13,96.16,0.084,2169,2.0,3.7,Ronny Turiaf
2767,Royal,1610612737,ATL,25.0,53,19,34,0.358,538.5666666666667,64,143,0.448,5,16,0.313,24,35,0.686,15,36,51,45,31,24,4,8,62,37,157,-71,338.7,0,0,314.0,1,2006-07,10.2,100.1,97.4,97.4,106.8,103.6,103.6,-6.7,-6.3,-6.3,0.14,1.45,19.1,0.03,0.074,0.052,13.1,13.2,0.465,0.496,0.156,0.162,92.46,95.19,79.32,95.19,0.054,1066,1.2,2.7,Royal Ivey
1739,Ruben,1610612749,MIL,31.0,81,27,54,0.333,2507.605,475,867,0.548,3,19,0.158,241,376,0.641,190,250,440,232,199,110,25,97,232,296,1194,-168,2276.0,10,0,2139.0,1,2006-07,31.0,105.1,106.3,106.3,108.5,109.0,109.0,-3.4,-2.8,-2.8,0.154,1.17,15.9,0.079,0.104,0.091,13.7,13.6,0.55,0.578,0.218,0.222,94.34,93.63,78.03,93.63,0.109,4876,5.9,10.7,Ruben Patterson
200752,Rudy,1610612763,MEM,20.0,78,20,58,0.256,2103.31,321,760,0.422,52,143,0.364,152,209,0.727,93,255,348,100,140,71,74,53,192,153,846,-125,1708.6,5,0,1636.0,1,2006-07,27.0,105.2,105.4,105.4,107.7,108.4,108.4,-2.5,-3.0,-3.0,0.078,0.71,9.1,0.047,0.127,0.087,12.8,12.8,0.457,0.497,0.206,0.209,97.02,96.61,80.51,96.61,0.072,4234,4.1,9.7,Rudy Gay
101155,Ryan,1610612738,BOS,24.0,73,19,54,0.26,2274.515,338,723,0.467,16,42,0.381,189,233,0.811,125,282,407,119,105,48,13,44,169,161,881,-362,1625.9,6,1,1545.0,1,2006-07,31.2,100.2,101.2,101.2,108.2,109.3,109.3,-8.0,-8.0,-8.0,0.092,1.13,11.3,0.058,0.136,0.096,10.0,10.0,0.479,0.534,0.187,0.188,93.71,92.75,77.29,92.75,0.093,4391,4.6,9.9,Ryan Gomes
200797,Ryan,1610612766,CHA,22.0,27,8,19,0.296,185.265,20,36,0.556,0,0,0.0,24,40,0.6,11,20,31,1,16,4,7,4,40,26,64,-92,119.7,0,0,118.0,1,2006-07,6.9,93.6,90.7,90.7,118.0,113.1,113.1,-24.4,-22.4,-22.4,0.01,0.06,1.4,0.059,0.125,0.089,22.5,22.7,0.556,0.597,0.167,0.172,94.51,98.06,81.72,98.06,0.017,375,0.7,1.3,Ryan Hollins
101136,Salim,1610612737,ATL,24.0,61,22,39,0.361,1034.05,177,425,0.416,56,155,0.361,61,68,0.897,6,68,74,61,55,21,2,6,88,66,471,-94,665.3,0,0,708.0,1,2006-07,17.0,99.4,99.4,99.4,105.7,105.1,105.1,-6.3,-5.7,-5.7,0.112,1.11,10.7,0.006,0.068,0.037,9.7,9.6,0.482,0.518,0.215,0.221,94.54,94.81,79.01,94.81,0.075,2053,2.9,7.0,Salim Stoudamire
208,Sam,1610612746,LAC,37.0,58,31,27,0.534,1407.3366666666666,261,625,0.418,32,109,0.294,160,182,0.879,27,140,167,270,101,28,8,25,126,160,714,90,1326.4,3,0,1255.0,1,2006-07,24.3,102.5,103.9,103.9,101.4,101.8,101.8,1.1,2.1,2.1,0.34,2.67,25.2,0.02,0.101,0.06,9.4,9.4,0.443,0.506,0.253,0.257,94.59,93.79,78.16,93.79,0.125,2766,4.5,10.8,Sam Cassell
2223,Samuel,1610612755,PHI,27.0,82,35,47,0.427,2534.6633333333334,356,658,0.541,0,2,0.0,167,224,0.746,239,494,733,64,161,47,159,32,287,192,879,-19,2311.6,23,0,2088.0,1,2006-07,30.9,103.1,104.0,104.0,103.1,104.4,104.4,0.0,-0.3,-0.3,0.041,0.4,6.5,0.104,0.208,0.156,16.4,16.4,0.541,0.581,0.166,0.168,92.29,91.29,76.07,91.29,0.106,4819,4.3,8.0,Samuel Dalembert
101180,Sarunas,1610612744,GSW,31.0,63,30,33,0.476,972.565,128,322,0.398,44,130,0.338,86,95,0.905,15,54,69,172,90,26,1,11,75,72,386,-103,717.8,0,0,725.0,2,2006-07,15.4,97.6,96.9,96.9,102.9,102.8,102.8,-5.3,-5.8,-5.8,0.31,1.91,27.8,0.015,0.056,0.035,14.6,14.4,0.466,0.531,0.195,0.204,97.65,98.04,81.7,98.04,0.096,1993,2.0,5.1,Sarunas Jasikevicius
2562,Sasha,1610612739,CLE,23.0,67,42,25,0.627,1534.3283333333334,222,490,0.453,60,148,0.405,100,126,0.794,23,135,158,105,102,55,17,36,145,109,604,244,1065.1,0,0,1071.0,1,2006-07,22.9,103.1,103.9,103.9,96.7,96.7,96.7,6.4,7.2,7.2,0.11,1.03,14.0,0.015,0.092,0.053,13.6,13.6,0.514,0.554,0.186,0.19,93.84,93.48,77.9,93.48,0.082,3002,3.3,7.3,Sasha Pavlovic
2756,Sasha,1610612747,LAL,23.0,73,35,38,0.479,934.4716666666668,105,268,0.392,60,161,0.373,43,49,0.878,28,79,107,64,30,41,1,11,103,41,313,-48,633.4,0,0,628.0,1,2006-07,12.8,106.0,105.7,105.7,109.1,107.8,107.8,-3.1,-2.0,-2.0,0.107,2.13,16.8,0.029,0.091,0.059,7.9,7.8,0.504,0.54,0.15,0.155,93.64,94.36,78.63,94.36,0.07,1832,1.4,3.7,Sasha Vujacic
1513,Scot,1610612739,CLE,32.0,24,11,13,0.458,108.76333333333334,11,26,0.423,0,0,0.0,2,4,0.5,15,16,31,3,4,4,1,2,27,10,24,-4,76.7,0,0,68.0,1,2006-07,4.5,99.1,96.1,96.1,100.4,97.1,97.1,-1.3,-1.0,-1.0,0.053,0.75,8.6,0.146,0.162,0.153,11.4,11.5,0.423,0.432,0.133,0.138,88.92,91.8,76.5,91.8,0.026,207,0.5,1.1,Scot Pollard
1909,Scott,1610612763,MEM,31.0,31,16,15,0.516,230.82166666666663,16,56,0.286,8,33,0.242,6,13,0.462,16,38,54,8,9,5,3,4,35,9,46,9,137.8,0,0,132.0,2,2006-07,7.4,102.7,99.1,99.1,99.8,97.8,97.8,3.0,1.3,1.3,0.058,0.89,10.1,0.073,0.167,0.121,11.4,11.4,0.357,0.373,0.139,0.146,90.9,93.47,77.9,93.47,0.023,451,0.5,1.8,Scott Padgett
1752,Sean,1610612756,PHX,31.0,3,2,1,0.667,17.2,2,6,0.333,0,1,0.0,2,2,1.0,0,3,3,0,0,0,1,1,4,1,6,-12,12.6,0,0,11.0,1,2006-07,5.7,82.6,79.5,79.5,110.5,107.5,107.5,-27.9,-28.0,-28.0,0.0,0.0,0.0,0.0,0.214,0.094,0.0,0.0,0.333,0.436,0.163,0.17,106.66,110.23,91.86,110.23,0.025,39,0.7,2.0,Sean Marks
101118,Sean,1610612766,CHA,23.0,35,13,22,0.371,837.98,164,328,0.5,2,3,0.667,86,112,0.768,73,160,233,66,56,19,24,20,100,83,416,3,867.6,7,0,803.0,1,2006-07,23.9,104.5,104.5,104.5,104.6,104.4,104.4,-0.1,0.2,0.2,0.139,1.18,13.2,0.091,0.192,0.143,11.2,11.2,0.503,0.551,0.229,0.233,94.45,94.51,78.76,94.51,0.135,1650,4.7,9.4,Sean May
2742,Sebastian,1610612738,BOS,22.0,78,21,57,0.269,1577.9033333333334,176,474,0.371,37,128,0.289,90,110,0.818,17,91,108,218,98,43,11,29,166,93,479,-49,999.6,0,0,950.0,1,2006-07,20.2,100.7,102.6,102.6,104.9,104.1,104.1,-4.2,-1.5,-1.5,0.223,2.22,26.1,0.011,0.061,0.036,11.7,11.7,0.41,0.458,0.173,0.175,95.36,94.82,79.02,94.82,0.054,3116,2.3,6.1,Sebastian Telfair
200771,Sergio,1610612757,POR,21.0,67,24,43,0.358,861.7866666666666,101,239,0.423,24,85,0.282,21,26,0.808,20,71,91,218,77,35,2,12,72,38,247,-103,717.2,1,0,654.0,1,2006-07,12.9,99.5,99.6,99.6,108.0,106.6,106.6,-8.5,-7.0,-7.0,0.416,2.83,39.9,0.024,0.093,0.056,14.1,14.1,0.473,0.493,0.171,0.175,92.15,92.65,77.21,92.65,0.11,1670,1.5,3.6,Sergio Rodriguez
1742,Shammond,1610612747,LAL,32.0,30,15,15,0.5,344.9783333333333,35,86,0.407,20,50,0.4,4,6,0.667,11,29,40,31,13,12,0,1,20,15,94,-29,211.5,0,0,209.0,1,2006-07,11.5,100.4,100.0,100.0,105.1,104.3,104.3,-4.7,-4.3,-4.3,0.15,2.38,23.3,0.032,0.088,0.059,9.8,9.8,0.523,0.53,0.134,0.137,92.86,93.36,77.8,93.36,0.08,671,1.2,2.9,Shammond Williams
2203,Shane,1610612745,HOU,28.0,82,52,30,0.634,2988.3116666666665,292,654,0.446,157,373,0.421,88,113,0.779,67,271,338,175,72,79,60,26,190,185,829,366,1842.1,1,0,1777.0,1,2006-07,36.4,104.2,104.1,104.1,96.7,98.4,98.4,7.5,5.7,5.7,0.092,2.43,18.4,0.023,0.091,0.058,7.6,7.6,0.567,0.589,0.119,0.121,93.15,92.34,76.95,92.34,0.082,5767,3.6,8.0,Shane Battier
200769,Shannon,1610612739,CLE,21.0,23,16,7,0.696,201.5283333333333,28,74,0.378,7,25,0.28,10,14,0.714,6,15,21,10,14,7,3,5,24,9,73,-60,129.2,0,0,131.0,1,2006-07,8.8,96.6,95.1,95.1,110.7,110.8,110.8,-14.0,-15.7,-15.7,0.091,0.71,9.6,0.03,0.079,0.054,13.5,13.4,0.426,0.455,0.208,0.218,91.89,92.53,77.11,92.53,0.035,389,1.2,3.2,Shannon Brown
406,Shaquille,1610612748,MIA,35.0,40,25,15,0.625,1134.5833333333333,283,479,0.591,0,0,0.0,124,294,0.422,97,200,297,79,95,8,55,15,139,261,690,40,1258.9,8,0,1192.0,1,2006-07,28.4,104.0,104.5,104.5,101.4,102.1,102.1,2.6,2.4,2.4,0.138,0.83,10.1,0.094,0.188,0.142,12.1,12.1,0.591,0.567,0.299,0.302,88.99,88.48,73.74,88.48,0.132,2087,7.1,12.0,Shaquille O'Neal
949,Shareef,1610612758,SAC,30.0,80,31,49,0.388,2014.6666666666667,310,654,0.474,3,20,0.15,170,234,0.726,122,276,398,109,116,53,40,68,243,179,793,-187,1597.1,4,0,1489.0,1,2006-07,25.2,102.4,103.3,103.3,107.0,107.8,107.8,-4.6,-4.4,-4.4,0.092,0.94,11.1,0.062,0.148,0.104,11.8,11.8,0.476,0.524,0.194,0.196,96.56,95.78,79.81,95.78,0.08,4016,3.9,8.2,Shareef Abdur-Rahim
2733,Shaun,1610612746,LAC,21.0,54,25,29,0.463,1611.4133333333334,208,449,0.463,5,16,0.313,82,116,0.707,56,128,184,274,108,59,29,21,135,107,503,-155,1290.8,2,0,1142.0,1,2006-07,29.8,101.9,102.8,102.8,105.9,107.1,107.1,-3.9,-4.3,-4.3,0.283,2.54,31.1,0.038,0.082,0.06,12.3,12.2,0.469,0.503,0.17,0.173,93.95,93.06,77.55,93.06,0.096,3114,3.9,8.3,Shaun Livingston
101183,Shavlik,1610612755,PHI,23.0,13,4,9,0.308,179.38,23,48,0.479,0,0,0.0,12,22,0.545,19,35,54,4,9,7,10,9,23,24,58,7,170.8,0,0,150.0,1,2006-07,13.8,96.5,96.6,96.6,92.8,93.0,93.0,3.6,3.6,3.6,0.038,0.44,5.6,0.102,0.194,0.148,12.7,12.7,0.479,0.503,0.165,0.167,94.59,94.46,78.72,94.46,0.111,350,1.8,3.7,Shavlik Randolph
1890,Shawn,1610612756,PHX,29.0,80,60,20,0.75,3010.343333333333,561,1071,0.524,80,252,0.317,201,248,0.81,172,613,785,134,114,156,122,45,216,180,1403,600,3266.0,37,0,2958.0,1,2006-07,37.6,113.4,114.4,114.4,103.5,104.7,104.7,9.9,9.7,9.7,0.065,1.18,9.4,0.063,0.198,0.135,8.0,8.0,0.561,0.594,0.189,0.192,98.69,97.67,81.39,97.67,0.138,6127,7.0,13.4,Shawn Marion
200761,Shawne,1610612754,IND,21.0,46,19,27,0.413,556.22,75,160,0.469,19,52,0.365,11,20,0.55,33,50,83,22,24,6,8,7,69,27,180,-127,330.6,0,0,332.0,1,2006-07,12.1,98.8,97.5,97.5,110.5,108.3,108.3,-11.7,-10.8,-10.8,0.068,0.92,10.3,0.063,0.097,0.08,11.2,11.2,0.528,0.533,0.156,0.161,92.57,94.11,78.42,94.11,0.053,1086,1.6,3.5,Shawne Williams
200749,Shelden,1610612737,ATL,23.0,81,30,51,0.37,1513.44,166,365,0.455,2,4,0.5,110,144,0.764,131,304,435,44,96,52,39,23,199,144,444,-235,1209.0,8,0,1107.0,1,2006-07,18.7,97.6,97.7,97.7,105.5,106.0,106.0,-7.9,-8.3,-8.3,0.051,0.46,7.7,0.089,0.213,0.15,16.8,16.9,0.458,0.518,0.156,0.159,92.15,91.85,76.54,91.85,0.093,2898,2.0,4.5,Shelden Williams
2098,Slava,1610612737,ATL,28.0,14,4,10,0.286,81.19833333333334,12,29,0.414,1,2,0.5,17,20,0.85,4,10,14,2,5,0,2,1,16,14,42,-14,62.8,0,0,63.0,1,2006-07,5.8,97.8,97.4,97.4,109.8,104.5,104.5,-12.0,-7.1,-7.1,0.048,0.4,4.3,0.056,0.156,0.103,10.9,11.2,0.431,0.556,0.249,0.25,89.45,91.92,76.6,91.92,0.071,154,0.9,2.1,Slava Medvedenko
2470,Smush,1610612747,LAL,26.0,82,42,40,0.512,2457.39,342,785,0.436,110,301,0.365,113,175,0.646,45,161,206,228,153,119,10,43,211,176,907,-82,1730.2,0,0,1709.0,1,2006-07,30.0,105.8,106.9,106.9,108.3,108.9,108.9,-2.5,-2.0,-2.0,0.141,1.49,18.4,0.019,0.068,0.044,12.3,12.3,0.506,0.526,0.181,0.183,97.84,97.1,80.92,97.1,0.065,4978,4.2,9.6,Smush Parker
200780,Solomon,1610612737,ATL,22.0,58,20,38,0.345,665.735,65,128,0.508,0,1,0.0,59,75,0.787,49,87,136,11,25,11,42,17,124,65,189,-176,502.7,1,0,442.0,1,2006-07,11.5,97.9,98.6,98.6,111.4,110.8,110.8,-13.5,-12.1,-12.1,0.028,0.44,5.5,0.076,0.142,0.108,12.6,12.7,0.508,0.587,0.125,0.128,93.97,93.91,78.26,93.91,0.056,1294,1.1,2.2,Solomon Jones
2049,Speedy,1610612737,ATL,29.0,42,13,29,0.31,1053.9816666666666,91,278,0.327,6,28,0.214,33,60,0.55,12,69,81,185,75,72,4,20,131,77,221,-120,748.7,3,0,645.0,1,2006-07,25.1,94.6,95.8,95.8,100.5,101.5,101.5,-5.9,-5.7,-5.7,0.291,2.47,32.8,0.011,0.071,0.04,13.3,13.3,0.338,0.363,0.163,0.166,92.96,91.88,76.57,91.88,0.046,2015,2.2,6.6,Speedy Claxton
101211,Stephen,1610612757,POR,25.0,14,5,9,0.357,164.715,17,40,0.425,3,11,0.273,8,9,0.889,6,15,21,5,13,4,1,3,25,9,45,-56,79.7,0,0,84.0,1,2006-07,11.8,99.6,96.9,96.9,115.6,111.6,111.6,-16.0,-14.8,-14.8,0.055,0.38,8.2,0.044,0.105,0.075,21.3,21.0,0.463,0.512,0.159,0.169,91.19,94.13,78.44,94.13,0.021,319,1.2,2.9,Stephen Graham
1536,Stephen,1610612744,GSW,29.0,75,43,32,0.573,2478.5116666666668,409,944,0.433,100,311,0.322,243,299,0.813,61,161,222,287,183,84,34,56,200,230,1161,144,2028.9,1,0,2006.0,2,2006-07,33.0,104.5,105.8,105.8,101.5,103.0,103.0,3.0,2.8,2.8,0.183,1.57,18.6,0.024,0.066,0.045,11.9,11.8,0.486,0.54,0.217,0.22,99.28,97.88,81.57,97.88,0.092,5055,5.5,12.6,Stephen Jackson
950,Stephon,1610612752,NYK,30.0,74,31,43,0.419,2748.035,395,952,0.415,123,345,0.357,297,386,0.769,36,177,213,403,179,71,10,67,185,280,1210,-167,2134.1,0,0,2111.0,1,2006-07,37.1,104.0,105.1,105.1,107.9,108.6,108.6,-4.0,-3.4,-3.4,0.249,2.25,23.6,0.014,0.068,0.041,10.5,10.5,0.48,0.539,0.213,0.215,93.13,92.33,76.94,92.33,0.101,5293,5.3,12.9,Stephon Marbury
2581,Steve,1610612743,DEN,27.0,82,43,39,0.524,2224.3216666666667,209,509,0.411,67,208,0.322,43,64,0.672,21,148,169,408,129,61,8,13,121,72,528,-46,1420.8,3,0,1310.0,2,2006-07,27.1,105.1,105.8,105.8,106.1,106.6,106.6,-1.0,-0.8,-0.8,0.26,3.16,38.0,0.01,0.068,0.039,12.0,12.0,0.476,0.491,0.131,0.133,97.47,96.92,80.77,96.92,0.074,4486,2.5,6.2,Steve Blake
1883,Steve,1610612752,NYK,30.0,44,15,29,0.341,1237.1766666666667,140,343,0.408,42,111,0.378,175,211,0.829,33,124,157,170,100,41,12,22,126,155,497,-20,999.4,1,0,972.0,1,2006-07,28.1,104.5,104.6,104.6,105.4,105.9,105.9,-0.9,-1.3,-1.3,0.223,1.7,24.2,0.028,0.107,0.068,14.2,14.2,0.469,0.57,0.192,0.197,93.7,93.41,77.84,93.41,0.1,2413,3.2,7.8,Steve Francis
959,Steve,1610612756,PHX,33.0,76,59,17,0.776,2682.435,517,971,0.532,156,343,0.455,222,247,0.899,30,239,269,884,287,57,6,31,117,262,1412,609,2962.8,53,0,2847.0,1,2006-07,35.3,115.4,116.7,116.7,103.9,105.4,105.4,11.5,11.3,11.3,0.468,3.08,39.7,0.013,0.085,0.052,12.9,12.8,0.613,0.654,0.223,0.228,98.9,97.6,81.34,97.6,0.165,5452,6.8,12.8,Steve Nash
200779,Steve,1610612745,HOU,24.0,35,20,15,0.571,190.58,18,50,0.36,13,39,0.333,2,2,1.0,4,22,26,6,4,5,0,0,21,7,51,-31,102.2,0,0,106.0,1,2006-07,5.4,95.7,89.9,89.9,104.4,101.3,101.3,-8.7,-11.4,-11.4,0.055,1.5,9.8,0.02,0.119,0.067,6.6,6.6,0.49,0.501,0.126,0.134,93.79,98.23,81.86,98.23,0.053,397,0.5,1.4,Steve Novak
2212,Steven,1610612755,PHI,25.0,70,32,38,0.457,1604.6166666666666,188,326,0.577,0,0,0.0,74,151,0.49,114,221,335,26,65,13,76,26,137,123,450,-278,1093.0,2,0,989.0,1,2006-07,22.9,96.8,96.4,96.4,104.2,104.9,104.9,-7.3,-8.5,-8.5,0.028,0.4,5.4,0.077,0.14,0.11,13.5,13.4,0.577,0.573,0.131,0.134,92.27,92.16,76.8,92.16,0.079,3073,2.7,4.7,Steven Hunter
200848,Steven,1610612755,PHI,24.0,8,0,8,0.0,28.13833333333333,2,8,0.25,0,0,0.0,1,2,0.5,1,5,6,0,2,1,0,1,4,3,5,-13,13.2,0,0,13.0,1,2006-07,3.5,75.1,68.4,68.4,98.9,91.2,91.2,-23.7,-22.8,-22.8,0.0,0.0,0.0,0.033,0.2,0.109,18.2,18.4,0.25,0.282,0.169,0.185,89.15,97.23,81.03,97.23,-0.026,57,0.3,1.0,Steven Smith
2031,Stromile,1610612763,MEM,27.0,54,15,39,0.278,1029.2333333333331,161,346,0.465,0,5,0.0,97,134,0.724,85,165,250,17,69,30,62,28,146,113,419,-198,951.5,4,0,870.0,1,2006-07,19.1,99.7,99.6,99.6,110.4,108.9,108.9,-10.7,-9.3,-9.3,0.029,0.25,3.4,0.086,0.17,0.128,14.0,14.1,0.465,0.517,0.204,0.208,96.05,96.77,80.64,96.77,0.077,2073,3.0,6.4,Stromile Swift
2551,T.J.,1610612761,TOR,24.0,75,43,32,0.573,2242.891666666667,393,902,0.436,21,69,0.304,240,293,0.819,53,183,236,595,231,101,8,48,186,242,1047,31,2318.7,20,0,2117.0,1,2006-07,29.9,103.7,103.7,103.7,102.3,102.9,102.9,1.4,0.8,0.8,0.448,2.58,31.9,0.025,0.083,0.055,12.4,12.4,0.447,0.508,0.258,0.26,94.82,94.56,78.8,94.56,0.129,4416,5.2,12.0,T.J. Ford
200814,Tarence,1610612763,MEM,23.0,48,13,35,0.271,966.7733333333332,139,304,0.457,13,46,0.283,78,98,0.796,29,68,97,41,46,53,1,22,57,80,369,-111,662.9,0,0,628.0,1,2006-07,20.1,104.5,104.8,104.8,110.9,109.8,109.8,-6.4,-5.0,-5.0,0.068,0.89,9.4,0.032,0.075,0.054,10.6,10.6,0.479,0.532,0.178,0.181,97.56,97.91,81.59,97.91,0.075,1966,2.9,6.3,Tarence Kinsey
2419,Tayshaun,1610612765,DET,27.0,82,53,29,0.646,3000.78,459,997,0.46,81,210,0.386,172,224,0.768,144,285,429,227,98,51,55,41,116,205,1171,312,2246.3,5,0,2120.0,1,2006-07,36.6,107.8,108.4,108.4,101.7,102.6,102.6,6.1,5.8,5.8,0.127,2.32,16.0,0.051,0.101,0.076,6.9,6.9,0.501,0.534,0.188,0.19,89.47,88.83,74.03,88.83,0.106,5550,5.6,12.2,Tayshaun Prince
200757,Thabo,1610612741,CHI,23.0,71,42,29,0.592,867.9233333333333,109,256,0.426,15,42,0.357,23,45,0.511,35,118,153,60,60,33,11,11,100,39,256,85,601.6,1,0,572.0,1,2006-07,12.2,100.4,98.5,98.5,94.3,93.2,93.2,6.1,5.3,5.3,0.109,1.0,15.2,0.04,0.138,0.089,15.2,15.2,0.455,0.464,0.167,0.172,96.34,97.86,81.55,97.86,0.063,1765,1.5,3.6,Thabo Sefolosha
689,Theo,1610612738,BOS,34.0,2,1,1,0.5,43.68333333333333,1,3,0.333,0,0,0.0,3,4,0.75,2,5,7,0,1,1,3,0,6,4,5,-20,24.4,0,0,20.0,1,2006-07,21.8,95.9,95.7,95.7,119.7,121.3,121.3,-23.8,-25.7,-25.7,0.0,0.0,0.0,0.047,0.116,0.081,16.7,17.4,0.333,0.525,0.059,0.058,99.97,99.44,82.87,99.44,0.022,92,0.5,1.5,Theo Ratliff
1495,Tim,1610612759,SAS,31.0,80,58,22,0.725,2725.9333333333334,618,1131,0.546,1,9,0.111,362,568,0.637,213,633,846,273,224,66,190,93,203,470,1599,748,3567.7,45,0,3231.0,1,2006-07,34.1,108.9,111.1,111.1,95.3,96.5,96.5,13.7,14.6,14.6,0.182,1.22,14.5,0.09,0.239,0.168,11.9,11.9,0.547,0.579,0.279,0.279,91.71,90.23,75.19,90.23,0.189,5125,7.7,14.1,Tim Duncan
1501,Tim,1610612746,LAC,30.0,76,37,39,0.487,2053.81,299,723,0.414,136,356,0.382,102,144,0.708,63,315,378,171,106,55,28,21,228,122,836,168,1689.1,2,0,1687.0,1,2006-07,27.0,104.7,104.8,104.8,100.6,100.6,100.6,4.1,4.3,4.3,0.142,1.61,16.1,0.034,0.153,0.096,10.0,10.0,0.508,0.532,0.198,0.202,92.95,92.89,77.41,92.89,0.097,3974,3.9,9.5,Tim Thomas
2754,Tony,1610612738,BOS,25.0,33,12,21,0.364,804.595,133,259,0.514,8,33,0.242,105,134,0.784,35,89,124,56,75,49,12,29,87,103,379,-49,719.8,0,0,689.0,1,2006-07,24.4,102.4,102.5,102.5,104.1,105.4,105.4,-1.7,-3.0,-3.0,0.12,0.75,12.6,0.047,0.116,0.082,16.9,16.7,0.529,0.596,0.213,0.22,97.42,96.79,80.66,96.79,0.108,1622,4.0,7.8,Tony Allen
1499,Tony,1610612753,ORL,31.0,66,36,30,0.545,1574.5716666666667,176,360,0.489,0,1,0.0,52,77,0.675,92,252,344,35,61,29,30,22,185,79,404,1,985.3,3,0,901.0,1,2006-07,23.9,99.4,101.3,101.3,100.0,100.7,100.7,-0.6,0.6,0.6,0.036,0.57,7.2,0.065,0.168,0.118,12.5,12.5,0.489,0.513,0.135,0.136,91.19,89.97,74.98,89.97,0.071,2943,2.7,5.5,Tony Battie
2225,Tony,1610612759,SAS,25.0,77,55,22,0.714,2498.9066666666668,570,1096,0.52,15,38,0.395,274,350,0.783,34,216,250,420,191,82,6,69,137,279,1429,513,2432.0,5,0,2290.0,1,2006-07,32.5,107.3,109.0,109.0,97.2,98.3,98.3,10.1,10.6,10.6,0.307,2.2,22.6,0.015,0.09,0.054,10.3,10.3,0.527,0.572,0.272,0.273,92.16,90.88,75.74,90.88,0.155,4736,7.4,14.2,Tony Parker
1503,Tracy,1610612745,HOU,28.0,71,50,21,0.704,2538.9533333333334,638,1480,0.431,126,381,0.331,345,488,0.707,56,322,378,458,213,92,36,56,136,376,1747,404,3058.6,15,0,2965.0,1,2006-07,35.8,106.7,107.0,107.0,97.9,99.3,99.3,8.8,7.7,7.7,0.353,2.15,19.4,0.023,0.127,0.075,9.0,9.0,0.474,0.515,0.34,0.347,93.49,92.67,77.23,92.67,0.161,4915,9.0,20.8,Tracy McGrady
101143,Travis,1610612753,ORL,25.0,26,12,14,0.462,288.2583333333333,34,80,0.425,18,50,0.36,12,15,0.8,3,15,18,35,13,4,0,0,27,10,98,6,171.1,0,0,177.0,1,2006-07,11.1,103.8,103.3,103.3,103.5,103.5,103.5,0.3,-0.2,-0.2,0.21,2.69,26.5,0.011,0.053,0.033,9.8,9.7,0.538,0.566,0.152,0.161,91.08,91.33,76.11,91.33,0.08,552,1.3,3.1,Travis Diener
2566,Travis,1610612757,POR,22.0,67,25,42,0.373,1532.2916666666667,246,567,0.434,10,37,0.27,143,181,0.79,65,152,217,52,66,61,74,25,150,129,645,-127,1322.4,2,0,1194.0,1,2006-07,22.9,102.4,102.4,102.4,107.0,106.6,106.6,-4.6,-4.2,-4.2,0.061,0.79,6.8,0.046,0.106,0.076,8.6,8.6,0.443,0.499,0.213,0.218,92.48,92.6,77.17,92.6,0.086,2955,3.7,8.5,Travis Outlaw
2239,Trenton,1610612750,MIN,28.0,76,28,48,0.368,2222.565,217,443,0.49,6,25,0.24,72,92,0.783,83,160,243,203,80,22,26,23,144,81,512,-180,1172.1,1,0,1060.0,1,2006-07,29.2,102.2,102.4,102.4,106.2,106.9,106.9,-4.0,-4.5,-4.5,0.138,2.54,26.4,0.041,0.073,0.058,10.4,10.4,0.497,0.529,0.117,0.119,93.01,92.62,77.18,92.62,0.064,4295,2.9,5.8,Trenton Hassell
2772,Trevor,1610612753,ORL,21.0,57,32,25,0.561,1277.9283333333333,200,371,0.539,0,7,0.0,106,171,0.62,98,151,249,65,84,59,19,29,134,126,506,38,1052.3,1,0,976.0,1,2006-07,22.4,100.3,101.3,101.3,98.9,99.1,99.1,1.4,2.2,2.2,0.092,0.77,11.0,0.084,0.124,0.104,14.2,14.1,0.539,0.567,0.186,0.19,92.13,91.61,76.34,91.61,0.118,2431,3.5,6.5,Trevor Ariza
1607,Troy,1610612750,MIN,31.0,34,14,20,0.412,554.13,74,195,0.379,28,80,0.35,26,32,0.813,8,40,48,73,40,14,2,6,23,34,202,-66,377.1,0,0,383.0,1,2006-07,16.3,96.6,97.4,97.4,103.6,104.0,104.0,-6.9,-6.6,-6.6,0.227,1.83,22.6,0.016,0.077,0.046,12.4,12.4,0.451,0.483,0.205,0.209,93.72,93.16,77.64,93.16,0.086,1078,2.2,5.7,Troy Hudson
2211,Troy,1610612754,IND,27.0,68,24,44,0.353,1851.9216666666664,266,581,0.458,58,147,0.395,108,145,0.745,100,314,414,126,78,46,42,24,196,128,698,-210,1569.8,8,0,1472.0,2,2006-07,27.2,100.8,101.5,101.5,107.3,107.4,107.4,-6.5,-5.8,-5.8,0.112,1.62,14.8,0.053,0.175,0.112,9.2,9.2,0.508,0.541,0.172,0.174,96.25,95.82,79.85,95.82,0.101,3700,3.9,8.5,Troy Murphy
1731,Tyronn,1610612737,ATL,30.0,56,22,34,0.393,1487.855,218,524,0.416,56,161,0.348,144,163,0.883,19,85,104,201,85,24,0,28,101,129,636,-191,1049.3,3,0,1045.0,1,2006-07,26.6,101.2,102.5,102.5,109.1,109.2,109.2,-7.9,-6.7,-6.7,0.242,2.36,22.9,0.013,0.063,0.037,9.7,9.6,0.469,0.534,0.206,0.211,92.34,91.7,76.42,91.7,0.099,2842,3.9,9.4,Tyronn Lue
200748,Tyrus,1610612741,CHI,20.0,72,44,28,0.611,966.235,134,282,0.475,0,2,0.0,106,175,0.606,89,180,269,40,94,46,76,37,162,141,374,151,1028.8,2,0,927.0,1,2006-07,13.4,101.8,101.9,101.9,93.6,93.3,93.3,8.2,8.6,8.6,0.066,0.43,8.0,0.092,0.179,0.136,18.9,19.1,0.475,0.521,0.201,0.204,97.58,97.72,81.43,97.72,0.093,1958,1.9,3.9,Tyrus Thomas
2199,Tyson,1610612740,NOK,24.0,73,34,39,0.466,2525.1366666666668,292,468,0.624,0,1,0.0,106,201,0.527,320,584,904,66,126,37,129,24,244,204,690,-20,2245.8,34,0,1992.0,1,2006-07,34.6,103.5,104.9,104.9,104.3,105.4,105.4,-0.9,-0.5,-0.5,0.04,0.52,8.8,0.126,0.244,0.183,16.8,16.8,0.624,0.62,0.121,0.122,92.74,91.65,76.38,91.65,0.119,4823,4.0,6.4,Tyson Chandler
2617,Udonis,1610612748,MIA,27.0,79,43,36,0.544,2482.901666666666,353,717,0.492,0,4,0.0,138,203,0.68,188,466,654,97,110,49,26,45,236,209,844,8,1889.3,21,0,1745.0,1,2006-07,31.4,103.9,104.2,104.2,102.0,103.7,103.7,1.9,0.6,0.6,0.064,0.88,9.6,0.082,0.188,0.137,10.9,10.9,0.492,0.523,0.17,0.173,93.14,92.21,76.85,92.21,0.1,4761,4.5,9.1,Udonis Haslem
101166,Uros,1610612761,TOR,24.0,20,9,11,0.45,71.99333333333334,14,26,0.538,1,2,0.5,9,13,0.692,7,7,14,1,9,1,2,3,11,9,38,-36,56.3,0,0,60.0,1,2006-07,3.6,84.8,81.6,81.6,113.5,102.5,102.5,-28.7,-20.8,-20.8,0.036,0.11,2.4,0.08,0.113,0.093,21.4,21.6,0.558,0.599,0.225,0.237,99.16,106.34,88.62,106.34,0.065,158,0.7,1.3,Uros Slokar
2779,Vassilis,1610612745,HOU,24.0,31,21,10,0.677,271.9033333333333,23,72,0.319,5,29,0.172,34,42,0.81,5,17,22,28,29,7,1,7,33,37,85,-30,148.4,0,0,156.0,1,2006-07,8.8,93.1,90.3,90.3,97.1,96.6,96.6,-4.1,-6.3,-6.3,0.207,0.97,18.8,0.019,0.063,0.041,19.5,19.7,0.354,0.47,0.2,0.208,92.98,94.62,78.85,94.62,0.03,538,0.7,2.3,Vassilis Spanoulis
2751,Viktor,1610612741,CHI,24.0,33,19,14,0.576,230.82666666666665,27,70,0.386,0,6,0.0,19,26,0.731,20,37,57,21,16,10,1,5,53,22,73,-16,189.9,0,0,173.0,1,2006-07,7.0,100.5,95.9,95.9,102.6,100.8,100.8,-2.1,-5.0,-5.0,0.145,1.31,17.5,0.09,0.176,0.132,13.3,13.5,0.386,0.448,0.179,0.185,96.68,99.82,83.18,99.82,0.046,484,0.8,2.1,Viktor Khryapa
1713,Vince,1610612751,NJN,30.0,82,41,41,0.5,3126.0066666666667,726,1598,0.454,156,437,0.357,462,576,0.802,114,378,492,393,217,82,30,67,266,502,2070,54,3368.9,13,2,3335.0,1,2006-07,38.1,105.3,105.5,105.5,103.9,104.7,104.7,1.4,0.9,0.9,0.245,1.81,16.0,0.039,0.127,0.083,8.8,8.8,0.503,0.559,0.302,0.307,93.63,93.22,77.68,93.22,0.149,6072,8.9,19.5,Vince Carter
958,Vitaly,1610612758,SAC,32.0,3,1,2,0.333,12.883333333333333,0,4,0.0,0,0,0.0,0,0,0.0,0,2,2,0,2,0,0,1,3,0,0,-5,0.4,0,0,2.0,1,2006-07,4.3,83.2,79.3,79.3,98.6,93.3,93.3,-15.4,-14.0,-14.0,0.0,0.0,0.0,0.0,0.0,0.0,33.3,33.3,0.0,0.0,0.176,0.184,104.4,109.91,91.59,109.91,-0.226,29,0.0,1.3,Vitaly Potapenko
2209,Vladimir,1610612747,LAL,26.0,55,31,24,0.564,986.0666666666668,134,316,0.424,40,118,0.339,53,73,0.726,53,127,180,66,69,25,18,27,125,62,361,-112,736.0,1,0,733.0,1,2006-07,17.9,100.4,101.1,101.1,106.7,106.4,106.4,-6.3,-5.3,-5.3,0.113,0.96,13.6,0.054,0.133,0.093,14.3,14.3,0.487,0.518,0.187,0.189,96.34,96.12,80.1,96.12,0.069,1971,2.4,5.7,Vladimir Radmanovic
101144,Von,1610612746,LAC,21.0,1,1,0,1.0,0.8983333333333333,0,1,0.0,0,1,0.0,0,0,0.0,0,0,0,0,0,0,0,0,0,0,0,-1,0.0,0,0,0.0,1,2006-07,0.9,109.9,66.7,66.7,83.3,83.3,83.3,26.6,-16.7,-16.7,0.0,0.0,0.0,0.0,0.0,0.0,0.0,0.0,0.0,0.0,0.167,0.275,257.54,320.59,267.16,320.59,-1.0,6,0.0,1.0,Von Wafer
1887,Wally,1610612738,BOS,30.0,32,11,21,0.344,899.9366666666666,161,388,0.415,44,106,0.415,113,126,0.897,16,82,98,55,54,18,3,20,65,95,479,-42,688.1,0,0,718.0,1,2006-07,28.1,104.3,105.9,105.9,107.8,108.1,108.1,-3.4,-2.2,-2.2,0.107,1.02,10.1,0.019,0.097,0.058,9.9,9.8,0.472,0.54,0.243,0.249,96.61,95.74,79.78,95.74,0.092,1794,5.0,12.1,Wally Szczerbiak
200835,Walter,1610612766,CHA,28.0,48,19,29,0.396,935.52,174,330,0.527,53,115,0.461,41,53,0.774,28,111,139,26,32,17,7,12,76,77,442,-13,687.8,1,0,708.0,1,2006-07,19.5,102.6,102.8,102.8,103.8,103.2,103.2,-1.2,-0.4,-0.4,0.049,0.81,6.4,0.031,0.126,0.078,7.8,7.8,0.608,0.625,0.186,0.19,94.4,94.59,78.82,94.59,0.113,1841,3.6,6.9,Walter Herrmann
101134,Wayne,1610612748,MIA,24.0,8,1,7,0.125,92.78333333333332,9,23,0.391,0,0,0.0,5,7,0.714,5,6,11,4,3,2,0,4,13,7,23,-25,45.2,0,0,42.0,1,2006-07,11.6,87.7,89.4,89.4,101.9,100.6,100.6,-14.3,-11.2,-11.2,0.082,1.33,12.1,0.051,0.077,0.063,9.1,9.1,0.391,0.441,0.145,0.146,89.77,89.5,74.58,89.5,0.023,170,1.1,2.9,Wayne Simien
200807,Will,1610612765,DET,23.0,14,8,6,0.571,165.66666666666666,9,30,0.3,1,5,0.2,6,6,1.0,6,9,15,17,12,5,0,2,9,7,25,-20,71.5,0,0,68.0,1,2006-07,11.8,90.4,91.5,91.5,96.7,96.5,96.5,-6.3,-5.0,-5.0,0.193,1.42,27.4,0.032,0.057,0.044,19.4,19.5,0.317,0.383,0.119,0.12,89.84,89.38,74.49,89.38,0.045,306,0.6,2.1,Will Blalock
101215,Will,1610612746,LAC,24.0,7,1,6,0.143,51.395,0,3,0.0,0,0,0.0,0,4,0.0,3,4,7,9,2,0,0,0,7,4,0,-11,19.9,0,0,16.0,2,2006-07,7.3,89.2,87.5,87.5,100.0,96.0,96.0,-10.8,-8.5,-8.5,0.3,4.5,56.3,0.058,0.078,0.068,12.5,12.7,0.0,0.0,0.061,0.061,88.31,91.06,75.88,91.06,-0.015,96,0.0,0.4,Will Conroy
2584,Willie,1610612755,PHI,25.0,74,31,43,0.419,1842.0983333333331,357,868,0.411,51,157,0.325,74,111,0.667,42,116,158,112,106,56,4,30,144,108,839,-237,1270.6,0,0,1280.0,1,2006-07,24.9,99.9,100.2,100.2,106.2,106.6,106.6,-6.3,-6.4,-6.4,0.111,1.06,9.9,0.024,0.067,0.045,9.3,9.3,0.441,0.458,0.251,0.255,93.63,93.25,77.7,93.25,0.059,3575,4.8,11.7,Willie Green
200821,Yakhouba,1610612743,DEN,24.0,64,33,31,0.516,1176.5983333333334,100,292,0.342,49,170,0.288,35,53,0.66,27,83,110,55,37,30,7,19,132,52,284,20,572.5,0,0,572.0,1,2006-07,18.4,101.8,102.1,102.1,99.8,101.1,101.1,2.0,1.0,1.0,0.068,1.49,13.5,0.022,0.066,0.044,9.1,9.1,0.426,0.45,0.124,0.127,100.76,100.01,83.34,100.01,0.023,2449,1.6,4.6,Yakhouba Diawara
2397,ao Ming,1610612745,HOU,26.0,48,32,16,0.667,1623.72,423,819,0.516,0,2,0.0,356,413,0.862,101,351,452,94,167,17,94,64,159,332,1202,296,2051.4,20,0,1970.0,1,2006-07,33.8,105.9,106.2,106.2,96.6,97.4,97.4,9.3,8.9,8.9,0.115,0.56,7.5,0.067,0.214,0.143,13.3,13.2,0.516,0.601,0.324,0.331,94.44,93.92,78.26,93.92,0.185,3184,8.8,17.1,Yao Ming
101117,Yaroslav,1610612746,LAC,20.0,10,6,4,0.6,40.605,4,16,0.25,1,5,0.2,3,6,0.5,1,2,3,4,1,3,0,1,0,3,12,-23,29.6,0,0,26.0,1,2006-07,4.1,90.9,86.4,86.4,115.3,110.7,110.7,-24.4,-24.3,-24.3,0.19,4.0,17.4,0.0,0.074,0.0,4.3,4.2,0.281,0.322,0.202,0.218,93.17,97.52,81.27,97.52,0.041,81,0.4,1.6,Yaroslav Korolev
2216,Zach,1610612757,POR,25.0,68,25,43,0.368,2424.865,600,1286,0.467,14,48,0.292,394,481,0.819,199,489,688,147,215,53,15,109,184,393,1608,-132,2643.1,36,0,2593.0,1,2006-07,35.7,103.2,105.4,105.4,108.2,108.8,108.8,-5.0,-3.4,-3.4,0.126,0.68,7.9,0.089,0.23,0.157,11.6,11.6,0.472,0.537,0.328,0.33,90.47,89.25,74.37,89.25,0.162,4518,8.8,18.9,Zach Randolph
2585,Zaza,1610612737,ATL,23.0,72,26,46,0.361,2025.445,291,614,0.474,0,1,0.0,293,373,0.786,199,301,500,106,162,77,36,70,267,274,875,-100,1811.0,13,0,1707.0,1,2006-07,28.1,100.0,101.2,101.2,103.2,103.6,103.6,-3.3,-2.4,-2.4,0.092,0.65,10.1,0.104,0.163,0.133,15.4,15.5,0.474,0.562,0.214,0.215,91.68,90.94,75.79,90.94,0.108,3834,4.0,8.5,Zaza Pachulia
980,Zydrunas,1610612739,CLE,32.0,78,48,30,0.615,2129.7233333333334,385,793,0.485,0,1,0.0,155,192,0.807,242,357,599,123,141,48,98,33,257,165,925,254,2125.3,17,0,1939.0,1,2006-07,27.3,102.3,103.6,103.6,97.7,97.9,97.9,4.6,5.7,5.7,0.099,0.87,10.8,0.115,0.182,0.147,12.4,12.4,0.485,0.527,0.215,0.218,91.05,90.34,75.29,90.34,0.121,4021,4.9,10.2,Zydrunas Ilgauskas
