PLAYER_ID,PLAYER_NAME,NICKNAME,TEAM_ID,TEAM_ABBREVIATION,AGE,GP,W,L,W_PCT,MIN_trad,FGM,FGA,FG_PCT,FG3M,FG3A,FG3_PCT,FTM,FTA,FT_PCT,OREB,DREB,REB,AST,TOV,STL,BLK,BLKA,PF,PFD,PTS,PLUS_MINUS,NBA_FANTASY_PTS,DD2,TD3,WNBA_FANTASY_PTS,TEAM_COUNT,SEASON,MIN_adv,E_OFF_RATING,OFF_RATING,sp_work_OFF_RATING,E_DEF_RATING,DEF_RATING,sp_work_DEF_RATING,E_NET_RATING,NET_RATING,sp_work_NET_RATING,AST_PCT,AST_TO,AST_RATIO,OREB_PCT,DREB_PCT,REB_PCT,TM_TOV_PCT,E_TOV_PCT,EFG_PCT,TS_PCT,USG_PCT,E_USG_PCT,E_PACE,PACE,PACE_PER40,sp_work_PACE,PIE,POSS,FGM_PG,FGA_PG
201985,AJ Price,AJ,1610612754,IND,23.0,56,23,33,0.411,865.3116666666666,145,354,0.41,60,174,0.345,60,75,0.8,12,76,88,106,59,35,3,19,53,76,410,49,729.6,0,0,740.0,1,2009-10,15.5,102.0,103.2,103.2,100.6,99.3,99.3,1.4,3.9,3.9,0.198,1.8,19.4,0.013,0.085,0.049,10.8,10.7,0.494,0.53,0.219,0.225,100.51,100.54,83.78,100.54,0.103,1802,2.6,6.3
201166,Aaron Brooks,Aaron,1610612745,HOU,25.0,82,42,40,0.512,2919.423333333333,575,1331,0.432,209,525,0.398,245,298,0.822,54,161,215,434,232,69,14,80,199,250,1604,-26,2530.0,6,0,2628.0,1,2009-10,35.6,104.8,106.6,106.6,105.6,106.4,106.4,-0.7,0.2,0.2,0.253,1.87,20.5,0.018,0.057,0.037,11.0,10.9,0.511,0.549,0.254,0.258,96.77,95.6,79.67,95.6,0.103,5796,7.0,16.2
201189,Aaron Gray,Aaron,1610612740,NOH,25.0,32,11,21,0.344,310.92833333333334,42,82,0.512,0,0,0.0,20,28,0.714,45,61,106,22,18,9,11,8,54,20,104,-13,306.2,0,0,272.0,2,2009-10,9.7,102.8,100.8,100.8,104.4,104.0,104.0,-1.6,-3.1,-3.1,0.109,1.22,16.3,0.149,0.205,0.176,13.3,13.4,0.512,0.551,0.16,0.164,92.89,94.02,78.35,94.02,0.101,612,1.3,2.6
201151,Acie Law,Acie,1610612741,CHI,25.0,26,11,15,0.423,233.70666666666668,35,75,0.467,5,16,0.313,38,49,0.776,3,14,17,26,17,11,1,13,16,32,113,20,191.4,0,0,185.0,3,2009-10,9.0,115.3,112.8,112.8,108.6,107.5,107.5,6.7,5.3,5.3,0.17,1.53,18.6,0.014,0.061,0.038,12.1,12.2,0.5,0.585,0.214,0.221,96.72,98.28,81.9,98.28,0.097,476,1.3,2.9
200747,Adam Morrison,Adam,1610612747,LAL,25.0,31,23,8,0.742,240.92333333333332,32,85,0.376,5,21,0.238,5,8,0.625,10,22,32,18,10,3,2,6,17,5,74,-38,144.4,0,0,139.0,1,2009-10,7.8,98.6,98.1,98.1,107.4,106.5,106.5,-8.8,-8.3,-8.3,0.121,1.8,15.4,0.039,0.094,0.065,8.5,8.6,0.406,0.418,0.178,0.183,94.99,95.63,79.69,95.63,0.047,481,1.0,2.7
1733,Al Harrington,Al,1610612752,NYK,30.0,72,26,46,0.361,2195.298333333333,448,1030,0.435,140,409,0.342,240,317,0.757,88,317,405,110,132,62,26,51,209,264,1276,-225,2059.0,6,0,2107.0,1,2009-10,30.5,104.7,104.9,104.9,109.6,109.9,109.9,-4.8,-5.0,-5.0,0.088,0.83,7.8,0.04,0.153,0.095,9.4,9.4,0.503,0.546,0.262,0.267,96.43,96.18,80.15,96.18,0.104,4397,6.2,14.3
201143,Al Horford,Al,1610612737,ATL,24.0,81,52,29,0.642,2844.9416666666666,467,847,0.551,1,1,1.0,213,270,0.789,236,563,799,189,122,59,91,53,225,245,1148,458,2718.3,39,0,2437.0,1,2009-10,35.1,111.3,113.1,113.1,103.1,104.5,104.5,8.2,8.6,8.6,0.102,1.55,14.8,0.088,0.207,0.148,9.6,9.6,0.552,0.594,0.177,0.179,91.46,90.18,75.15,90.18,0.132,5344,5.8,10.5
2744,Al Jefferson,Al,1610612750,MIN,25.0,76,15,61,0.197,2463.16,560,1125,0.498,0,4,0.0,181,266,0.68,180,523,703,137,136,63,98,59,205,223,1301,-516,2697.1,35,0,2463.0,1,2009-10,32.4,99.0,99.6,99.6,110.0,110.0,110.0,-11.0,-10.4,-10.4,0.099,1.01,9.1,0.072,0.224,0.145,9.0,9.0,0.498,0.524,0.242,0.247,97.34,97.07,80.89,97.07,0.131,4981,7.4,14.8
201154,Al Thornton,Al,1610612764,WAS,26.0,75,25,50,0.333,2079.2366666666667,320,676,0.473,11,31,0.355,153,211,0.725,116,178,294,90,102,45,35,46,206,215,804,-304,1429.8,3,0,1359.0,2,2009-10,27.7,99.1,100.3,100.3,106.7,107.8,107.8,-7.5,-7.5,-7.5,0.072,0.88,9.4,0.057,0.092,0.074,10.6,10.6,0.482,0.523,0.189,0.192,93.08,92.04,76.7,92.04,0.069,3984,4.3,9.0
201169,Alando Tucker,Alando,1610612750,MIN,26.0,15,5,10,0.333,95.48333333333332,17,39,0.436,1,7,0.143,16,21,0.762,6,4,10,4,5,0,0,3,6,14,51,-44,64.0,0,0,66.0,2,2009-10,6.4,106.6,100.5,100.5,125.5,127.2,127.2,-18.9,-26.7,-26.7,0.077,0.8,6.9,0.058,0.039,0.049,8.6,8.7,0.449,0.529,0.229,0.243,97.8,100.04,83.37,100.04,0.068,203,1.1,2.6
201582,Alexis Ajinca,Alexis,1610612766,CHA,22.0,6,1,5,0.167,29.516666666666666,5,10,0.5,0,0,0.0,0,1,0.0,1,3,4,0,2,1,1,1,5,5,10,4,18.8,0,0,18.0,1,2009-10,4.9,97.1,94.6,94.6,85.5,81.7,81.7,11.5,13.0,13.0,0.0,0.0,0.0,0.033,0.103,0.068,16.7,16.1,0.5,0.479,0.179,0.193,90.97,94.32,78.6,94.32,0.033,56,0.8,1.7
947,Allen Iverson,Allen,1610612755,PHI,35.0,28,10,18,0.357,864.3233333333334,136,316,0.43,9,25,0.36,104,131,0.794,16,63,79,113,64,19,2,23,48,104,385,-42,648.3,0,0,628.0,2,2009-10,30.9,101.3,101.9,101.9,104.3,105.2,105.2,-3.0,-3.3,-3.3,0.209,1.77,20.5,0.019,0.075,0.047,11.6,11.6,0.445,0.515,0.225,0.227,94.64,93.96,78.3,93.96,0.092,1699,4.9,11.3
202087,Alonzo Gee,Alonzo,1610612764,WAS,23.0,11,0,11,0.0,181.6833333333333,28,59,0.475,7,9,0.778,18,29,0.621,15,18,33,7,10,7,1,12,13,23,81,-5,145.1,1,0,144.0,1,2009-10,16.5,100.4,100.6,100.6,101.8,101.7,101.7,-1.4,-1.2,-1.2,0.071,0.7,7.8,0.079,0.115,0.095,11.1,11.3,0.534,0.564,0.204,0.205,91.32,91.28,76.07,91.28,0.106,345,2.5,5.4
2405,Amar'e Stoudemire,Amar'e,1610612756,PHX,27.0,82,54,28,0.659,2837.5616666666665,704,1264,0.557,1,6,0.167,487,632,0.771,230,502,732,82,213,52,83,103,281,479,1896,322,3089.4,31,0,2981.0,1,2009-10,34.6,113.5,114.8,114.8,108.1,109.4,109.4,5.4,5.4,5.4,0.047,0.38,4.5,0.088,0.166,0.13,11.6,11.6,0.557,0.615,0.27,0.273,97.83,96.67,80.56,96.67,0.137,5722,8.6,15.4
101161,Amir Johnson,Amir,1610612761,TOR,23.0,82,40,42,0.488,1452.6533333333334,208,334,0.623,0,4,0.0,95,149,0.638,154,241,395,48,63,44,66,22,255,144,511,50,1324.0,2,0,1174.0,1,2009-10,17.7,107.8,107.1,107.1,104.8,104.3,104.3,3.0,2.8,2.8,0.05,0.76,9.4,0.111,0.16,0.136,12.4,12.3,0.623,0.639,0.141,0.145,94.87,95.43,79.52,95.43,0.095,2874,2.5,4.1
2760,Anderson Varejao,Anderson,1610612739,CLE,27.0,76,57,19,0.75,2165.623333333333,267,467,0.572,1,5,0.2,116,175,0.663,189,389,578,87,67,71,67,36,223,176,651,512,1822.1,11,0,1593.0,1,2009-10,28.5,111.6,113.0,113.0,99.0,99.9,99.9,12.6,13.1,13.1,0.062,1.3,12.5,0.097,0.182,0.142,9.6,9.6,0.573,0.598,0.13,0.132,92.17,91.2,76.0,91.2,0.11,4102,3.5,6.1
101154,Andray Blatche,Andray,1610612764,WAS,23.0,81,26,55,0.321,2255.951666666667,478,999,0.478,13,44,0.295,174,234,0.744,158,351,509,170,182,85,71,87,218,221,1143,-281,2294.8,16,0,2147.0,1,2009-10,27.9,100.0,101.0,101.0,106.7,107.4,107.4,-6.7,-6.4,-6.4,0.138,0.93,11.7,0.071,0.167,0.118,12.6,12.5,0.485,0.519,0.254,0.258,94.26,93.45,77.87,93.45,0.12,4391,5.9,12.3
2738,Andre Iguodala,Andre,1610612755,PHI,26.0,82,27,55,0.329,3192.6783333333333,496,1120,0.443,94,303,0.31,315,430,0.733,82,447,529,472,218,141,55,33,145,339,1401,-259,3113.8,11,0,2888.0,1,2009-10,38.9,103.1,104.1,104.1,107.4,108.2,108.2,-4.3,-4.1,-4.1,0.238,2.17,23.7,0.027,0.151,0.088,11.0,10.9,0.485,0.535,0.215,0.218,93.74,92.95,77.46,92.95,0.128,6181,6.0,13.7
1889,Andre Miller,Andre,1610612757,POR,34.0,82,50,32,0.61,2499.688333333333,404,908,0.445,16,80,0.2,322,392,0.821,81,185,266,445,173,93,9,71,169,290,1146,299,2265.7,9,0,2077.0,1,2009-10,30.5,109.9,110.5,110.5,102.9,104.0,104.0,7.0,6.5,6.5,0.296,2.57,26.3,0.036,0.081,0.059,10.2,10.2,0.454,0.53,0.235,0.24,89.54,88.81,74.01,88.81,0.124,4624,4.9,11.1
200745,Andrea Bargnani,Andrea,1610612761,TOR,24.0,80,39,41,0.488,2799.285,537,1143,0.47,121,325,0.372,181,234,0.774,105,388,493,93,120,25,111,43,215,218,1376,-150,2395.1,10,0,2355.0,1,2009-10,35.0,109.0,110.3,110.3,112.9,114.0,114.0,-3.9,-3.7,-3.7,0.053,0.78,6.4,0.04,0.145,0.093,8.2,8.2,0.523,0.552,0.221,0.223,95.18,94.16,78.47,94.16,0.094,5515,6.7,14.3
1905,Andrei Kirilenko,Andrei,1610612762,UTA,29.0,58,37,21,0.638,1680.5733333333333,244,482,0.506,26,89,0.292,174,234,0.744,76,188,264,158,79,83,71,18,102,173,688,238,1624.8,1,0,1444.0,1,2009-10,29.0,106.5,107.3,107.3,99.8,100.5,100.5,6.7,6.8,6.8,0.143,2.0,19.1,0.049,0.112,0.082,9.6,9.6,0.533,0.588,0.175,0.177,96.3,95.58,79.65,95.58,0.124,3352,4.2,8.3
2804,Andres Nocioni,Andres,1610612758,SAC,30.0,75,22,53,0.293,1477.28,234,587,0.399,96,249,0.386,71,99,0.717,32,190,222,75,67,32,26,39,160,101,635,-154,1120.9,0,0,1144.0,1,2009-10,19.7,103.8,104.4,104.4,109.9,110.1,110.1,-6.1,-5.7,-5.7,0.077,1.12,9.7,0.021,0.131,0.074,8.7,8.7,0.48,0.504,0.203,0.206,97.44,97.07,80.89,97.07,0.067,2995,3.1,7.8
101106,Andrew Bogut,Andrew,1610612749,MIL,25.0,69,40,29,0.58,2229.37,473,910,0.52,0,2,0.0,149,237,0.629,208,493,701,127,131,39,175,64,222,294,1095,225,2637.7,37,0,2351.0,1,2009-10,32.3,103.1,104.8,104.8,98.2,99.0,99.0,4.9,5.8,5.8,0.101,0.97,10.0,0.092,0.235,0.161,10.3,10.3,0.52,0.54,0.232,0.234,93.68,92.54,77.12,92.54,0.149,4287,6.9,13.2
101115,Andrew Bynum,Andrew,1610612747,LAL,22.0,65,47,18,0.723,1976.9466666666667,392,688,0.57,0,1,0.0,193,261,0.739,177,364,541,68,115,35,94,51,193,201,977,276,2000.2,21,0,1844.0,1,2009-10,30.4,107.1,108.9,108.9,101.2,101.6,101.6,6.0,7.4,7.4,0.055,0.59,6.9,0.092,0.184,0.139,11.7,11.7,0.57,0.608,0.206,0.208,95.21,94.24,78.54,94.24,0.13,3877,6.0,10.6
2740,Andris Biedrins,Andris,1610612744,GSW,24.0,33,10,23,0.303,762.945,81,137,0.591,0,0,0.0,4,25,0.16,63,196,259,57,32,20,44,6,117,38,166,-126,722.3,1,0,610.0,1,2009-10,23.1,100.5,100.2,100.2,108.5,108.1,108.1,-8.0,-8.0,-8.0,0.105,1.78,24.1,0.081,0.255,0.167,13.5,13.5,0.591,0.561,0.1,0.102,100.94,101.23,84.36,101.23,0.095,1610,2.5,4.2
1712,Antawn Jamison,Antawn,1610612739,CLE,34.0,66,32,34,0.485,2405.8033333333333,478,1036,0.461,85,247,0.344,194,300,0.647,136,419,555,84,91,71,21,46,179,276,1235,58,2212.0,25,0,2143.0,2,2009-10,36.5,106.5,107.7,107.7,105.8,106.9,106.9,0.7,0.7,0.7,0.058,0.92,6.3,0.058,0.18,0.119,6.8,6.8,0.502,0.529,0.234,0.237,94.9,93.9,78.25,93.9,0.112,4718,7.2,15.7
1853,Anthony Carter,Anthony,1610612743,DEN,35.0,54,32,22,0.593,858.795,76,181,0.42,17,63,0.27,11,13,0.846,17,72,89,160,58,39,13,6,72,25,180,-32,624.8,0,0,550.0,1,2009-10,15.9,103.6,104.0,104.0,105.3,105.5,105.5,-1.7,-1.5,-1.5,0.264,2.76,39.5,0.021,0.086,0.054,14.3,14.3,0.467,0.482,0.125,0.127,97.25,96.92,80.76,96.92,0.079,1731,1.4,3.4
1533,Anthony Johnson,Anthony,1610612753,ORL,35.0,31,25,6,0.806,406.025,49,111,0.441,13,39,0.333,19,20,0.95,8,40,48,63,26,11,1,1,32,25,130,28,292.1,0,0,278.0,1,2009-10,13.1,110.0,107.6,107.6,102.4,104.9,104.9,7.6,2.7,2.7,0.249,2.42,30.1,0.021,0.098,0.061,12.4,12.5,0.5,0.543,0.16,0.166,94.89,94.81,79.01,94.81,0.093,805,1.6,3.6
201627,Anthony Morrow,Anthony,1610612744,GSW,24.0,69,24,45,0.348,2018.1233333333328,329,703,0.468,140,307,0.456,101,114,0.886,61,198,259,104,84,65,16,33,158,103,899,-63,1524.8,3,0,1564.0,1,2009-10,29.2,106.4,107.6,107.6,109.3,109.0,109.0,-2.8,-1.4,-1.4,0.075,1.24,11.2,0.03,0.1,0.064,9.0,8.9,0.568,0.597,0.173,0.177,102.19,101.75,84.79,101.75,0.087,4277,4.8,10.2
1515,Anthony Parker,Anthony,1610612739,CLE,35.0,81,61,20,0.753,2288.833333333333,206,475,0.434,108,261,0.414,75,95,0.789,30,201,231,157,71,63,18,12,151,105,595,407,1279.7,0,0,1253.0,1,2009-10,28.3,110.3,111.0,111.0,101.4,102.6,102.6,8.9,8.4,8.4,0.095,2.21,21.2,0.015,0.088,0.053,9.6,9.5,0.547,0.576,0.117,0.119,94.25,93.38,77.81,93.38,0.065,4468,2.5,5.9
201576,Anthony Randolph,Anthony,1610612744,GSW,20.0,33,11,22,0.333,749.0666666666667,137,309,0.443,1,5,0.2,109,136,0.801,73,142,215,42,49,28,51,28,92,100,384,-74,893.0,5,0,800.0,1,2009-10,22.7,103.9,105.1,105.1,109.8,109.4,109.4,-6.0,-4.3,-4.3,0.089,0.86,9.1,0.096,0.193,0.144,10.6,10.7,0.445,0.521,0.233,0.235,103.4,103.01,85.84,103.01,0.113,1605,4.2,9.4
201229,Anthony Tolliver,Anthony,1610612744,GSW,25.0,46,17,29,0.37,1427.63,193,449,0.43,50,152,0.329,103,134,0.769,84,236,320,87,46,32,33,18,128,110,539,-8,1202.5,12,0,1126.0,2,2009-10,31.0,108.8,109.5,109.5,109.2,109.3,109.3,-0.3,0.2,0.2,0.084,1.89,13.5,0.057,0.165,0.111,7.2,7.2,0.486,0.531,0.166,0.167,101.98,101.59,84.66,101.59,0.087,3015,4.2,9.8
101120,Antoine Wright,Antoine,1610612761,TOR,26.0,67,32,35,0.478,1392.0583333333334,162,399,0.406,58,173,0.335,53,77,0.688,38,152,190,71,58,30,11,21,134,63,435,1,834.5,0,0,836.0,1,2009-10,20.8,109.3,108.8,108.8,107.8,108.1,108.1,1.6,0.7,0.7,0.075,1.22,12.6,0.029,0.112,0.072,10.3,10.3,0.479,0.502,0.157,0.161,95.61,95.69,79.74,95.69,0.053,2766,2.4,6.0
202079,Antonio Anderson,Antonio,1610612760,OKC,25.0,1,0,1,0.0,14.616666666666667,1,3,0.333,0,0,0.0,0,0,0.0,1,0,1,0,1,0,0,0,1,0,2,-2,2.2,0,0,3.0,1,2009-10,14.6,90.7,93.9,93.9,98.1,100.0,100.0,-7.3,-6.1,-6.1,0.0,0.0,0.0,0.0,0.0,0.0,25.0,25.0,0.333,0.333,0.1,0.1,111.32,108.37,90.31,108.37,-0.03,33,1.0,3.0
686,Antonio McDyess,Antonio,1610612759,SAS,35.0,77,46,31,0.597,1617.121666666667,205,428,0.479,0,2,0.0,36,57,0.632,149,306,455,83,79,43,32,10,147,75,446,217,1262.5,3,0,1134.0,1,2009-10,21.0,106.5,106.9,106.9,99.9,100.4,100.4,6.6,6.5,6.5,0.076,1.05,13.5,0.097,0.191,0.145,12.9,12.8,0.479,0.492,0.148,0.151,92.82,92.45,77.04,92.45,0.092,3121,2.7,5.6
201167,Arron Afflalo,Arron,1610612743,DEN,24.0,82,53,29,0.646,2220.9966666666664,272,585,0.465,108,249,0.434,72,98,0.735,59,193,252,138,74,46,30,50,225,85,724,183,1387.4,1,0,1374.0,1,2009-10,27.1,108.0,109.0,109.0,104.1,104.8,104.8,3.9,4.2,4.2,0.093,1.86,16.5,0.027,0.087,0.057,8.9,8.8,0.557,0.576,0.139,0.141,97.29,96.5,80.41,96.5,0.065,4462,3.3,7.1
201948,Austin Daye,Austin,1610612765,DET,22.0,69,22,47,0.319,914.915,137,295,0.464,29,95,0.305,46,56,0.821,34,140,174,34,48,25,26,11,114,50,349,-115,713.8,1,0,688.0,1,2009-10,13.3,100.9,101.9,101.9,109.4,108.5,108.5,-8.5,-6.7,-6.7,0.063,0.71,8.5,0.036,0.178,0.1,12.0,12.0,0.514,0.546,0.176,0.181,93.05,92.99,77.49,92.99,0.086,1774,2.0,4.3
1884,Baron Davis,Baron,1610612746,LAC,31.0,75,27,48,0.36,2522.6916666666666,412,1015,0.406,82,296,0.277,239,291,0.821,52,214,266,598,211,126,43,58,210,248,1145,-192,2657.2,18,1,2429.0,1,2009-10,33.6,102.6,103.7,103.7,106.4,107.6,107.6,-3.7,-3.9,-3.9,0.385,2.83,30.7,0.021,0.086,0.054,10.8,10.8,0.446,0.501,0.237,0.24,96.03,95.0,79.17,95.0,0.116,4995,5.5,13.5
2732,Ben Gordon,Ben,1610612765,DET,27.0,62,18,44,0.29,1729.5716666666667,291,699,0.416,75,234,0.321,198,230,0.861,26,93,119,166,118,49,6,26,147,190,855,-194,1293.8,0,0,1325.0,1,2009-10,27.9,103.4,104.7,104.7,111.0,110.9,110.9,-7.6,-6.2,-6.2,0.167,1.41,15.4,0.015,0.062,0.037,11.0,10.9,0.47,0.534,0.241,0.246,91.54,90.97,75.81,90.97,0.086,3283,4.7,11.3
1112,Ben Wallace,Ben,1610612765,DET,35.0,69,25,44,0.362,1975.38,158,292,0.541,0,2,0.0,65,160,0.406,245,352,597,105,64,86,84,18,131,155,381,-45,1700.9,4,0,1423.0,1,2009-10,28.6,102.9,104.5,104.5,105.0,105.7,105.7,-2.1,-1.3,-1.3,0.081,1.64,19.7,0.124,0.203,0.161,12.0,12.0,0.541,0.526,0.099,0.1,89.8,88.83,74.02,88.83,0.107,3656,2.3,4.2
2757,Beno Udrih,Beno,1610612758,SAC,27.0,79,24,55,0.304,2476.5583333333334,415,841,0.493,75,199,0.377,118,141,0.837,38,181,219,372,136,89,10,25,166,125,1023,-177,2004.8,6,1,1887.0,1,2009-10,31.3,102.8,103.9,103.9,107.8,108.3,108.3,-5.1,-4.4,-4.4,0.239,2.74,26.5,0.015,0.076,0.045,9.7,9.6,0.538,0.566,0.181,0.185,96.07,95.35,79.46,95.35,0.112,4937,5.3,10.6
201628,Bobby Brown,Bobby,1610612746,LAC,25.0,45,14,31,0.311,519.075,88,237,0.371,26,98,0.265,13,15,0.867,9,29,38,88,46,15,1,9,42,28,215,-89,394.6,0,0,399.0,2,2009-10,11.5,99.4,98.8,98.8,108.1,107.8,107.8,-8.7,-8.9,-8.9,0.289,1.91,23.3,0.017,0.058,0.037,12.2,12.2,0.426,0.441,0.248,0.256,93.83,94.23,78.52,94.23,0.067,1020,2.0,5.3
2250,Bobby Simmons,Bobby,1610612751,NJN,30.0,23,2,21,0.087,394.6816666666667,42,117,0.359,20,63,0.317,18,20,0.9,11,52,63,15,19,15,3,4,52,23,122,-43,255.1,0,0,256.0,1,2009-10,17.2,91.9,92.1,92.1,99.6,98.4,98.4,-7.8,-6.4,-6.4,0.065,0.79,9.4,0.026,0.14,0.079,11.9,11.9,0.444,0.485,0.162,0.165,94.1,94.56,78.8,94.56,0.056,781,1.8,5.1
2564,Boris Diaw,Boris,1610612766,CHA,28.0,82,44,38,0.537,2906.168333333333,373,773,0.483,66,206,0.32,113,147,0.769,131,293,424,325,178,60,57,30,219,159,925,159,2094.3,5,0,1974.0,1,2009-10,35.4,103.1,104.7,104.7,100.8,101.7,101.7,2.4,3.0,3.0,0.185,1.83,24.3,0.049,0.105,0.078,13.3,13.3,0.525,0.552,0.161,0.163,92.8,91.69,76.41,91.69,0.093,5548,4.5,9.4
1802,Brad Miller,Brad,1610612741,CHI,34.0,82,41,41,0.5,1949.6933333333332,250,581,0.43,37,132,0.28,182,220,0.827,83,316,399,154,107,44,29,32,189,205,719,-19,1540.8,7,0,1455.0,1,2009-10,23.8,100.7,101.4,101.4,102.4,102.7,102.7,-1.7,-1.3,-1.3,0.122,1.44,16.6,0.043,0.162,0.103,11.5,11.4,0.462,0.53,0.175,0.18,96.09,95.61,79.67,95.61,0.096,3898,3.0,7.1
101138,Brandon Bass,Brandon,1610612753,ORL,25.0,50,38,12,0.76,648.295,119,233,0.511,0,0,0.0,52,63,0.825,54,73,127,19,31,12,27,16,69,48,290,42,556.9,0,0,514.0,1,2009-10,13.0,108.9,107.7,107.7,103.0,104.2,104.2,5.9,3.5,3.5,0.048,0.61,6.1,0.086,0.113,0.1,10.0,10.0,0.511,0.556,0.199,0.206,94.43,94.4,78.67,94.4,0.097,1274,2.4,4.7
201943,Brandon Jennings,Brandon,1610612749,MIL,20.0,82,46,36,0.561,2670.721666666667,451,1216,0.371,145,388,0.374,223,273,0.817,49,233,282,470,200,105,18,70,191,213,1270,118,2482.4,2,0,2413.0,1,2009-10,32.6,102.6,103.9,103.9,100.8,101.5,101.5,1.8,2.5,2.5,0.298,2.35,23.5,0.018,0.095,0.054,10.0,10.0,0.431,0.475,0.256,0.26,93.7,92.8,77.33,92.8,0.105,5159,5.5,14.8
200750,Brandon Roy,Brandon,1610612757,POR,25.0,65,42,23,0.646,2418.5416666666665,491,1038,0.473,73,221,0.33,343,440,0.78,73,212,285,305,129,61,16,45,136,344,1398,247,2299.5,1,0,2215.0,1,2009-10,37.2,110.5,111.7,111.7,104.5,106.5,106.5,6.0,5.2,5.2,0.228,2.36,18.3,0.033,0.094,0.064,7.8,7.7,0.508,0.568,0.263,0.266,90.07,88.71,73.93,88.71,0.143,4476,7.6,16.0
201575,Brandon Rush,Brandon,1610612754,IND,24.0,82,32,50,0.39,2490.918333333333,297,702,0.423,124,302,0.411,56,89,0.629,41,305,346,112,93,56,65,31,159,88,774,-201,1627.2,4,0,1598.0,1,2009-10,30.4,100.6,101.2,101.2,104.3,104.3,104.3,-3.7,-3.1,-3.1,0.07,1.2,11.8,0.016,0.119,0.067,9.8,9.8,0.511,0.522,0.147,0.149,98.5,98.18,81.82,98.18,0.07,5075,3.6,8.6
2217,Brendan Haywood,Brendan,1610612742,DAL,30.0,77,37,40,0.481,2354.83,276,491,0.562,0,1,0.0,152,245,0.62,278,437,715,43,99,26,158,59,209,213,704,47,2079.5,19,0,1830.0,2,2009-10,30.6,104.3,105.2,105.2,103.1,104.2,104.2,1.2,1.0,1.0,0.028,0.43,5.8,0.121,0.186,0.154,13.4,13.4,0.562,0.588,0.132,0.135,94.27,93.31,77.76,93.31,0.102,4578,3.6,6.4
2073,Brian Cardinal,Brian,1610612750,MIN,33.0,29,4,25,0.138,267.1116666666667,14,36,0.389,3,9,0.333,17,18,0.944,7,22,29,24,7,9,3,0,56,24,48,-58,147.8,0,0,128.0,1,2009-10,9.2,97.0,96.6,96.6,107.2,106.1,106.1,-10.2,-9.5,-9.5,0.131,3.43,31.6,0.026,0.086,0.055,9.2,9.3,0.431,0.546,0.082,0.084,99.3,100.0,83.34,100.0,0.026,554,0.5,1.2
2567,Brian Cook,Brian,1610612745,HOU,29.0,15,6,9,0.4,44.458333333333336,7,23,0.304,2,9,0.222,5,7,0.714,1,8,9,1,6,0,2,0,5,5,21,-30,33.3,0,0,37.0,1,2009-10,3.0,87.6,85.6,85.6,121.2,112.3,112.3,-33.6,-26.7,-26.7,0.05,0.17,3.0,0.017,0.174,0.085,18.2,18.1,0.348,0.403,0.267,0.28,107.86,113.36,94.47,113.36,0.015,104,0.5,1.5
2243,Brian Scalabrine,Brian,1610612738,BOS,32.0,52,32,20,0.615,471.895,29,85,0.341,16,49,0.327,4,6,0.667,9,39,48,27,17,9,4,1,59,15,78,-61,198.1,0,0,195.0,1,2009-10,9.1,99.1,98.6,98.6,105.8,105.2,105.2,-6.7,-6.6,-6.6,0.092,1.59,20.5,0.02,0.094,0.056,12.9,12.9,0.435,0.445,0.103,0.106,91.9,92.41,77.01,92.41,0.017,908,0.6,1.6
1730,Brian Skinner,Brian,1610612746,LAC,34.0,16,5,11,0.313,123.32166666666669,10,25,0.4,0,0,0.0,6,8,0.75,9,18,27,0,7,3,4,1,20,9,26,-42,72.4,0,0,67.0,1,2009-10,7.7,94.1,94.4,94.4,107.8,108.7,108.7,-13.8,-14.2,-14.2,0.0,0.0,0.0,0.072,0.168,0.116,19.4,19.7,0.4,0.456,0.13,0.135,93.19,92.64,77.2,92.64,0.026,234,0.6,1.6
201572,Brook Lopez,Brook,1610612751,NJN,22.0,82,12,70,0.146,3026.7066666666665,563,1129,0.499,0,2,0.0,416,509,0.817,270,439,709,187,204,55,139,78,251,397,1542,-594,3051.3,33,0,2826.0,1,2009-10,36.9,98.9,99.8,99.8,109.3,109.9,109.9,-10.4,-10.1,-10.1,0.116,0.92,10.7,0.09,0.157,0.122,11.7,11.7,0.499,0.57,0.233,0.236,93.61,92.92,77.44,92.92,0.126,5858,6.9,13.8
201957,Byron Mullens,Byron,1610612760,OKC,21.0,13,10,3,0.769,54.295,7,19,0.368,0,0,0.0,0,0,0.0,3,7,10,1,4,2,0,1,13,0,14,-32,29.5,0,0,29.0,1,2009-10,4.2,95.5,90.3,90.3,112.9,120.7,120.7,-17.4,-30.5,-30.5,0.03,0.25,4.2,0.056,0.121,0.089,16.7,16.7,0.368,0.368,0.185,0.199,99.67,99.01,82.51,99.01,-0.02,113,0.5,1.5
201228,C.J. Watson,C.J.,1610612744,GSW,26.0,65,18,47,0.277,1787.945,247,528,0.468,45,145,0.31,128,166,0.771,28,141,169,180,69,103,8,22,124,150,667,2,1403.8,0,0,1283.0,1,2009-10,27.5,105.9,106.7,106.7,106.6,106.3,106.3,-0.7,0.4,0.4,0.143,2.61,21.4,0.015,0.08,0.047,8.2,8.1,0.51,0.555,0.157,0.161,102.33,102.1,85.08,102.1,0.09,3797,3.8,8.1
101139,CJ Miles,CJ,1610612762,UTA,23.0,63,42,21,0.667,1496.985,241,562,0.429,74,217,0.341,66,95,0.695,42,126,168,105,81,58,17,28,190,89,622,162,1125.1,0,0,1119.0,1,2009-10,23.8,107.9,109.6,109.6,104.4,103.7,103.7,3.5,5.9,5.9,0.104,1.3,13.3,0.029,0.088,0.058,10.3,10.3,0.495,0.515,0.198,0.201,96.91,96.51,80.43,96.51,0.06,3003,3.8,8.9
201171,Carl Landry,Carl,1610612758,SAC,26.0,80,34,46,0.425,2468.8816666666667,499,931,0.536,1,3,0.333,344,427,0.806,188,280,468,66,136,55,63,113,234,350,1343,-99,2221.6,8,0,2114.0,2,2009-10,30.9,103.2,104.9,104.9,106.0,106.8,106.8,-2.9,-1.9,-1.9,0.048,0.49,5.0,0.076,0.119,0.097,10.3,10.3,0.537,0.6,0.224,0.227,95.4,94.3,78.59,94.3,0.121,4847,6.2,11.6
2306,Carlos Arroyo,Carlos,1610612748,MIA,30.0,72,43,29,0.597,1584.54,178,375,0.475,7,25,0.28,76,90,0.844,26,104,130,225,54,36,6,14,102,93,439,57,1004.5,1,0,885.0,1,2009-10,22.0,103.0,102.5,102.5,99.6,100.7,100.7,3.4,1.9,1.9,0.23,4.17,32.5,0.018,0.069,0.044,7.8,7.8,0.484,0.529,0.14,0.143,89.82,89.51,74.6,89.51,0.093,2956,2.5,5.2
2430,Carlos Boozer,Carlos,1610612762,UTA,28.0,78,50,28,0.641,2672.713333333333,617,1098,0.562,0,0,0.0,285,384,0.742,181,693,874,247,212,84,36,96,270,282,1519,255,3086.3,55,0,2880.0,1,2009-10,34.3,108.9,110.7,110.7,104.8,105.3,105.3,4.1,5.4,5.4,0.155,1.17,14.4,0.074,0.271,0.174,12.3,12.3,0.562,0.599,0.245,0.249,96.43,95.38,79.48,95.38,0.163,5297,7.9,14.1
2568,Carlos Delfino,Carlos,1610612749,MIL,27.0,75,42,33,0.56,2279.4,299,732,0.408,134,365,0.367,93,119,0.782,51,343,394,202,119,80,21,34,138,97,825,109,1784.8,4,0,1757.0,1,2009-10,30.4,103.1,104.1,104.1,101.1,101.7,101.7,2.0,2.5,2.5,0.14,1.7,18.3,0.022,0.165,0.09,10.8,10.8,0.5,0.526,0.18,0.182,93.28,92.55,77.13,92.55,0.103,4395,4.0,9.8
2546,Carmelo Anthony,Carmelo,1610612743,DEN,26.0,69,45,24,0.652,2634.225,688,1502,0.458,59,187,0.316,508,612,0.83,152,302,454,222,209,88,30,109,225,453,1943,283,2965.8,10,0,2914.0,1,2009-10,38.2,110.4,111.7,111.7,105.1,106.2,106.2,5.3,5.5,5.5,0.159,1.06,10.1,0.058,0.115,0.087,9.5,9.5,0.478,0.548,0.327,0.332,97.13,96.05,80.04,96.05,0.14,5267,10.0,21.8
2406,Caron Butler,Caron,1610612742,DAL,30.0,74,35,39,0.473,2783.61,450,1051,0.428,42,145,0.29,264,315,0.838,104,357,461,156,160,116,24,69,193,215,1206,-22,2253.2,9,0,2145.0,2,2009-10,37.6,104.0,104.8,104.8,104.7,105.7,105.7,-0.7,-0.9,-0.9,0.092,0.98,10.4,0.038,0.132,0.085,10.6,10.6,0.448,0.507,0.216,0.219,95.08,94.26,78.55,94.26,0.095,5480,6.1,14.2
201858,Cartier Martin,Cartier,1610612764,WAS,25.0,18,5,13,0.278,389.75,50,136,0.368,17,49,0.347,24,30,0.8,25,43,68,16,19,11,1,6,48,33,141,0,263.6,0,0,266.0,2,2009-10,21.7,104.0,103.2,103.2,103.4,103.6,103.6,0.6,-0.4,-0.4,0.065,0.84,8.7,0.061,0.111,0.086,10.3,10.3,0.43,0.473,0.181,0.187,99.54,99.82,83.18,99.82,0.051,812,2.8,7.6
202132,Cedric Jackson,Cedric,1610612764,WAS,24.0,12,11,1,0.917,74.53833333333333,6,20,0.3,1,6,0.167,7,12,0.583,2,6,8,14,11,3,2,3,7,8,20,-9,54.6,0,0,53.0,3,2009-10,6.2,95.9,94.2,94.2,97.2,97.5,97.5,-1.3,-3.3,-3.3,0.333,1.27,27.5,0.026,0.074,0.051,21.6,21.9,0.325,0.396,0.21,0.216,99.69,100.46,83.72,100.46,0.036,154,0.5,1.7
101112,Channing Frye,Channing,1610612756,PHX,27.0,81,54,27,0.667,2190.0816666666665,317,703,0.451,172,392,0.439,98,121,0.81,66,361,427,113,73,64,74,14,263,116,904,359,1926.9,4,0,1892.0,1,2009-10,27.0,115.8,115.9,115.9,107.2,108.0,108.0,8.5,7.9,7.9,0.072,1.55,12.0,0.033,0.158,0.099,7.7,7.7,0.573,0.598,0.167,0.17,97.43,97.03,80.86,97.03,0.091,4431,3.9,8.7
2294,Charlie Bell,Charlie,1610612749,MIL,31.0,71,37,34,0.521,1610.94,169,443,0.381,73,200,0.365,48,67,0.716,31,101,132,104,54,39,12,25,136,75,459,28,872.4,0,0,870.0,1,2009-10,22.7,100.6,101.8,101.8,100.3,99.6,99.6,0.2,2.2,2.2,0.097,1.93,16.5,0.018,0.066,0.041,8.6,8.6,0.464,0.486,0.145,0.147,94.79,94.56,78.8,94.56,0.048,3153,2.4,6.2
101111,Charlie Villanueva,Charlie,1610612765,DET,25.0,78,27,51,0.346,1847.5566666666664,363,827,0.439,99,282,0.351,106,130,0.815,85,280,365,53,74,48,55,27,223,104,931,-284,1683.5,2,0,1654.0,1,2009-10,23.7,103.0,103.6,103.6,112.2,112.6,112.6,-9.3,-9.0,-9.0,0.053,0.72,5.2,0.046,0.174,0.106,7.3,7.3,0.499,0.526,0.234,0.238,91.5,91.05,75.87,91.05,0.1,3519,4.7,10.6
201978,Chase Budinger,Chase,1610612745,HOU,22.0,74,38,36,0.514,1488.2883333333334,249,565,0.441,92,249,0.369,67,87,0.77,38,182,220,88,48,34,11,33,85,73,657,1,1140.0,2,0,1147.0,1,2009-10,20.1,107.6,107.9,107.9,107.4,107.4,107.4,0.1,0.5,0.5,0.096,1.83,11.9,0.024,0.129,0.074,6.5,6.5,0.522,0.545,0.186,0.189,97.49,97.37,81.14,97.37,0.101,3013,3.4,7.6
1497,Chauncey Billups,Chauncey,1610612743,DEN,33.0,73,50,23,0.685,2489.596666666667,402,962,0.418,157,407,0.386,466,512,0.91,25,203,228,409,177,82,9,61,153,329,1427,214,2410.1,4,0,2403.0,1,2009-10,34.1,110.0,111.6,111.6,105.5,107.1,107.1,4.5,4.5,4.5,0.27,2.31,23.2,0.01,0.082,0.047,10.1,10.0,0.499,0.601,0.239,0.244,96.92,95.51,79.6,95.51,0.138,4950,5.5,13.2
2365,Chris Andersen,Chris,1610612743,DEN,31.0,76,49,27,0.645,1694.965,142,251,0.566,0,3,0.0,164,236,0.695,147,336,483,33,59,42,143,17,171,182,448,335,1573.1,4,0,1334.0,1,2009-10,22.3,111.3,112.2,112.2,101.1,101.6,101.6,10.2,10.6,10.6,0.028,0.56,7.3,0.091,0.191,0.143,13.0,13.2,0.566,0.631,0.107,0.107,97.74,97.09,80.91,97.09,0.105,3416,1.9,3.3
2547,Chris Bosh,Chris,1610612761,TOR,26.0,70,35,35,0.5,2525.525,600,1158,0.518,8,22,0.364,470,590,0.797,205,554,759,166,169,43,68,74,170,453,1678,4,3001.8,49,0,2833.0,1,2009-10,36.1,110.1,110.9,110.9,109.8,110.6,110.6,0.3,0.3,0.3,0.116,0.98,9.5,0.089,0.223,0.159,9.6,9.6,0.522,0.592,0.285,0.288,95.21,94.48,78.73,94.48,0.167,4967,8.6,16.5
201604,Chris Douglas-Roberts,Chris,1610612751,NJN,23.0,67,12,55,0.179,1729.8766666666668,255,573,0.445,14,54,0.259,133,157,0.847,45,153,198,93,97,55,19,61,101,114,657,-365,1159.1,2,0,1110.0,1,2009-10,25.8,95.4,96.0,96.0,106.7,106.8,106.8,-11.2,-10.9,-10.9,0.099,0.96,11.2,0.026,0.096,0.06,11.7,11.7,0.457,0.512,0.193,0.196,93.79,93.47,77.89,93.47,0.081,3369,3.8,8.6
2768,Chris Duhon,Chris,1610612752,NYK,27.0,67,25,42,0.373,2071.825,168,451,0.373,90,258,0.349,68,95,0.716,28,150,178,378,110,59,3,16,83,89,494,-142,1350.6,2,0,1264.0,1,2009-10,30.9,105.6,106.5,106.5,109.3,110.0,110.0,-3.7,-3.5,-3.5,0.258,3.44,38.7,0.014,0.078,0.045,11.2,11.2,0.472,0.501,0.13,0.132,96.03,95.34,79.45,95.34,0.077,4115,2.5,6.7
201805,Chris Hunter,Chris,1610612744,GSW,25.0,60,19,41,0.317,782.9366666666666,109,217,0.502,0,4,0.0,52,69,0.754,56,111,167,37,30,13,35,22,132,65,270,1,639.9,1,0,570.0,1,2009-10,13.0,108.7,109.7,109.7,110.2,109.1,109.1,-1.5,0.6,0.6,0.065,1.23,11.8,0.069,0.146,0.106,9.6,9.5,0.502,0.546,0.147,0.151,102.26,102.32,85.27,102.32,0.061,1665,1.8,3.6
2549,Chris Kaman,Chris,1610612746,LAC,28.0,76,29,47,0.382,2608.401666666666,589,1202,0.49,0,6,0.0,230,307,0.749,184,520,704,120,223,37,94,66,213,250,1408,-294,2602.8,33,0,2494.0,1,2009-10,34.3,100.2,100.9,100.9,105.6,106.6,106.6,-5.5,-5.7,-5.7,0.086,0.54,7.1,0.073,0.199,0.137,13.3,13.3,0.49,0.527,0.267,0.27,95.37,94.57,78.81,94.57,0.118,5139,7.8,15.8
101108,Chris Paul,Chris,1610612740,NOH,25.0,45,23,22,0.511,1712.388333333333,314,637,0.493,52,127,0.409,161,190,0.847,20,171,191,480,112,96,8,19,118,248,841,9,1990.2,23,1,1772.0,1,2009-10,38.1,107.3,107.9,107.9,106.2,107.3,107.3,1.0,0.6,0.6,0.456,4.29,36.6,0.012,0.105,0.058,8.5,8.5,0.534,0.584,0.223,0.226,93.5,92.73,77.27,92.73,0.167,3303,7.0,14.2
200809,Chris Quinn,Chris,1610612751,NJN,26.0,25,4,21,0.16,223.3766666666667,20,56,0.357,10,32,0.313,6,6,1.0,1,15,16,29,10,9,1,2,15,14,56,-46,138.7,0,0,131.0,1,2009-10,8.9,96.4,93.7,93.7,107.0,102.4,102.4,-10.6,-8.8,-8.8,0.232,2.9,29.9,0.005,0.069,0.038,10.3,10.2,0.446,0.477,0.142,0.149,92.33,95.73,79.78,95.73,0.072,442,0.8,2.2
201181,Chris Richard,Chris,1610612741,CHI,25.0,18,7,11,0.389,223.68,15,29,0.517,0,0,0.0,7,11,0.636,19,40,59,7,14,8,4,4,50,7,37,-28,140.3,0,0,127.0,1,2009-10,12.4,93.3,92.3,92.3,101.2,96.1,96.1,-8.0,-3.9,-3.9,0.051,0.5,12.7,0.08,0.186,0.131,25.5,25.5,0.517,0.547,0.094,0.097,95.14,98.18,81.81,98.18,0.033,452,0.8,1.6
2404,Chris Wilcox,Chris,1610612765,DET,27.0,34,9,25,0.265,440.89166666666665,63,120,0.525,0,0,0.0,26,52,0.5,44,73,117,13,38,13,12,5,64,49,152,-145,348.9,1,0,332.0,1,2009-10,13.0,93.2,94.4,94.4,111.3,110.8,110.8,-18.1,-16.4,-16.4,0.051,0.34,6.7,0.098,0.194,0.141,19.5,19.6,0.525,0.532,0.186,0.189,91.9,91.51,76.25,91.51,0.072,837,1.9,3.5
101236,Chuck Hayes,Chuck,1610612745,HOU,27.0,82,42,40,0.512,1772.815,161,329,0.489,0,0,0.0,36,66,0.545,151,314,465,139,74,73,43,54,219,92,358,3,1398.5,4,0,1194.0,1,2009-10,21.6,104.6,105.7,105.7,103.5,104.6,104.6,1.1,1.1,1.1,0.11,1.88,24.3,0.087,0.189,0.137,13.0,13.0,0.489,0.5,0.11,0.111,95.34,94.29,78.58,94.29,0.077,3465,2.0,4.0
1088,Chucky Atkins,Chucky,1610612765,DET,35.0,40,15,25,0.375,643.7966666666666,57,157,0.363,22,73,0.301,25,27,0.926,5,24,29,91,32,17,0,5,53,36,161,-54,351.3,0,0,337.0,1,2009-10,16.1,102.2,101.5,101.5,108.1,106.3,106.3,-5.9,-4.8,-4.8,0.22,2.84,31.2,0.008,0.045,0.024,11.0,11.0,0.433,0.477,0.137,0.141,91.19,92.27,76.89,92.27,0.054,1240,1.4,3.9
201207,Coby Karl,Coby,1610612744,GSW,27.0,7,2,5,0.286,113.24833333333332,11,32,0.344,2,11,0.182,4,6,0.667,4,14,18,15,10,3,1,2,14,6,28,-29,74.1,0,0,71.0,2,2009-10,16.2,97.5,95.4,95.4,107.3,108.4,108.4,-9.8,-13.0,-13.0,0.197,1.5,25.0,0.032,0.131,0.078,16.7,16.8,0.375,0.404,0.167,0.171,100.34,100.88,84.06,100.88,0.037,239,1.6,4.6
201147,Corey Brewer,Corey,1610612750,MIN,24.0,82,15,67,0.183,2481.978333333333,409,949,0.431,82,237,0.346,166,256,0.648,70,209,279,193,164,117,29,59,224,211,1066,-507,1964.3,1,0,1912.0,1,2009-10,30.3,99.8,100.4,100.4,109.9,110.6,110.6,-10.1,-10.2,-10.2,0.122,1.18,13.6,0.028,0.088,0.057,11.6,11.6,0.474,0.502,0.212,0.215,98.49,97.85,81.54,97.85,0.067,5064,5.0,11.6
1894,Corey Maggette,Corey,1610612744,GSW,30.0,70,21,49,0.3,2081.133333333333,457,886,0.516,13,50,0.26,460,551,0.835,92,281,373,172,168,51,4,84,231,387,1387,-287,2089.6,5,0,2055.0,1,2009-10,29.7,105.2,106.4,106.4,111.7,112.4,112.4,-6.4,-6.0,-6.0,0.133,1.02,11.6,0.045,0.139,0.092,11.4,11.4,0.523,0.615,0.265,0.266,103.4,102.47,85.4,102.47,0.127,4433,6.5,12.7
201584,Courtney Lee,Courtney,1610612751,NJN,24.0,71,11,60,0.155,2375.02,338,775,0.436,76,225,0.338,133,153,0.869,60,192,252,121,76,93,20,42,130,115,885,-415,1631.9,0,0,1560.0,1,2009-10,33.5,101.1,101.6,101.6,110.4,110.3,110.3,-9.4,-8.7,-8.7,0.086,1.59,11.7,0.026,0.089,0.056,7.4,7.3,0.485,0.525,0.174,0.178,93.43,93.24,77.7,93.24,0.08,4608,4.8,10.9
200783,Craig Smith,Craig,1610612746,LAC,26.0,75,25,50,0.333,1231.9983333333332,226,397,0.569,1,5,0.2,132,208,0.635,97,190,287,84,88,33,25,45,194,160,585,-91,1141.4,1,0,1073.0,1,2009-10,16.4,99.9,100.6,100.6,103.6,103.5,103.5,-3.8,-2.9,-2.9,0.124,0.95,12.6,0.081,0.16,0.12,13.2,13.3,0.571,0.599,0.214,0.216,92.16,91.87,76.56,91.87,0.113,2347,3.0,5.3
201571,D.J. Augustin,D.J.,1610612766,CHA,22.0,80,43,37,0.538,1472.493333333333,168,435,0.386,70,178,0.393,102,131,0.779,11,86,97,193,74,45,5,47,127,120,508,13,989.9,0,0,968.0,1,2009-10,18.4,100.1,100.4,100.4,100.0,100.0,100.0,0.1,0.4,0.4,0.232,2.61,25.6,0.008,0.06,0.034,9.8,9.7,0.467,0.516,0.172,0.179,91.94,91.76,76.47,91.76,0.083,2816,2.1,5.4
2788,DJ Mbenga,DJ,1610612747,LAL,29.0,49,33,16,0.673,355.095,48,103,0.466,0,0,0.0,9,19,0.474,32,55,87,8,15,5,29,4,54,22,105,-35,308.4,1,0,268.0,1,2009-10,7.2,98.8,96.9,96.9,101.2,99.9,99.9,-2.4,-2.9,-2.9,0.037,0.53,6.0,0.086,0.147,0.117,11.2,11.2,0.466,0.471,0.16,0.166,92.11,93.61,78.01,93.61,0.065,685,1.0,2.1
201591,DJ White,DJ,1610612760,OKC,23.0,12,5,7,0.417,101.86666666666666,25,41,0.61,0,0,0.0,9,10,0.9,10,13,23,4,3,5,3,1,12,7,59,8,113.6,0,0,102.0,1,2009-10,8.5,104.2,104.3,104.3,100.7,100.5,100.5,3.5,3.8,3.8,0.069,1.33,7.5,0.103,0.13,0.117,5.7,5.7,0.61,0.65,0.198,0.203,98.43,98.48,82.07,98.48,0.157,209,2.1,3.4
201969,DaJuan Summers,DaJuan,1610612765,DET,22.0,44,13,31,0.295,405.1233333333333,46,130,0.354,15,42,0.357,27,38,0.711,14,31,45,16,16,8,7,11,52,24,134,-107,241.0,0,0,240.0,1,2009-10,9.2,94.3,93.8,93.8,108.1,104.9,104.9,-13.8,-11.1,-11.1,0.07,1.0,8.9,0.033,0.084,0.057,8.9,9.0,0.412,0.457,0.178,0.183,93.34,95.02,79.19,95.02,0.03,793,1.0,3.0
201161,Daequan Cook,Daequan,1610612748,MIA,23.0,45,23,22,0.511,691.195,81,253,0.32,40,126,0.317,21,25,0.84,9,73,82,43,24,14,10,8,50,18,223,-17,433.9,0,0,436.0,1,2009-10,15.4,96.6,95.5,95.5,97.8,98.1,98.1,-1.2,-2.6,-2.6,0.109,1.79,13.1,0.013,0.104,0.058,7.3,7.3,0.399,0.422,0.189,0.197,90.02,90.35,75.29,90.35,0.058,1310,1.8,5.6
2563,Dahntay Jones,Dahntay,1610612754,IND,29.0,76,28,48,0.368,1891.765,287,623,0.461,4,32,0.125,198,257,0.77,48,181,229,150,129,40,39,46,237,210,776,-231,1383.8,1,0,1317.0,1,2009-10,24.9,98.6,98.9,98.9,104.0,104.4,104.4,-5.3,-5.5,-5.5,0.133,1.16,14.8,0.025,0.093,0.059,12.7,12.7,0.464,0.527,0.198,0.201,99.84,99.46,82.89,99.46,0.069,3912,3.8,8.2
2863,Damien Wilkins,Damien,1610612750,MIN,30.0,80,14,66,0.175,1585.1666666666667,165,381,0.433,18,61,0.295,103,129,0.798,72,177,249,135,76,66,25,18,144,105,451,-276,1149.3,3,0,1035.0,1,2009-10,19.8,100.0,100.5,100.5,108.7,108.7,108.7,-8.7,-8.1,-8.1,0.126,1.78,21.0,0.044,0.113,0.078,11.8,11.7,0.457,0.515,0.137,0.141,97.52,97.29,81.08,97.29,0.075,3206,2.1,4.8
2429,Dan Gadzuric,Dan,1610612749,MIL,32.0,32,16,16,0.5,313.92833333333334,39,89,0.438,0,0,0.0,10,25,0.4,38,54,92,12,15,9,13,10,63,31,88,35,267.4,0,0,236.0,1,2009-10,9.8,97.0,97.3,97.3,92.9,91.3,91.3,4.1,6.0,6.0,0.061,0.8,9.6,0.108,0.177,0.14,12.0,11.8,0.438,0.44,0.155,0.161,95.84,96.56,80.46,96.56,0.054,630,1.2,2.8
200789,Daniel Gibson,Daniel,1610612739,CLE,24.0,56,42,14,0.75,1068.3666666666666,125,268,0.466,71,149,0.477,34,49,0.694,13,60,73,70,36,25,7,10,79,45,355,152,607.6,0,0,633.0,1,2009-10,19.1,109.0,107.7,107.7,100.1,101.1,101.1,8.8,6.6,6.6,0.104,1.94,17.8,0.013,0.054,0.035,9.1,9.1,0.599,0.613,0.139,0.144,92.55,92.62,77.18,92.62,0.073,2069,2.2,4.8
201568,Danilo Gallinari,Danilo,1610612752,NYK,21.0,81,28,53,0.346,2746.635,392,927,0.423,186,488,0.381,251,307,0.818,65,333,398,135,110,75,58,25,191,285,1221,-131,2190.1,5,0,2206.0,1,2009-10,33.9,105.9,106.6,106.6,108.5,109.0,109.0,-2.6,-2.4,-2.4,0.077,1.23,10.4,0.024,0.127,0.075,8.4,8.4,0.523,0.575,0.191,0.194,95.74,95.2,79.33,95.2,0.094,5448,4.8,11.4
101122,Danny Granger,Danny,1610612754,IND,27.0,62,25,37,0.403,2278.22,488,1139,0.428,158,438,0.361,363,428,0.848,67,275,342,171,157,94,51,65,183,287,1497,-38,2441.9,3,0,2458.0,1,2009-10,36.7,103.7,104.9,104.9,104.6,105.4,105.4,-0.8,-0.5,-0.5,0.134,1.09,10.4,0.029,0.119,0.075,9.6,9.5,0.498,0.564,0.282,0.288,99.19,98.28,81.9,98.28,0.13,4657,7.9,18.4
201980,Danny Green,Danny,1610612739,CLE,23.0,20,14,6,0.7,114.81333333333332,15,39,0.385,6,22,0.273,4,6,0.667,8,9,17,5,5,6,3,5,9,8,40,-21,89.9,0,0,86.0,1,2009-10,5.7,100.7,96.6,96.6,106.7,104.3,104.3,-6.0,-7.7,-7.7,0.074,1.0,9.8,0.071,0.075,0.073,9.8,9.7,0.462,0.48,0.174,0.186,94.49,97.62,81.35,97.62,0.067,232,0.8,2.0
201967,Dante Cunningham,Dante,1610612757,POR,23.0,63,37,26,0.587,707.3833333333333,106,214,0.495,0,2,0.0,31,48,0.646,54,106,160,14,15,24,22,8,97,46,243,46,579.0,1,0,509.0,1,2009-10,11.2,110.1,108.5,108.5,104.6,103.5,103.5,5.5,5.0,5.0,0.032,0.93,5.3,0.08,0.163,0.121,5.7,5.7,0.495,0.517,0.16,0.166,92.14,93.3,77.75,93.3,0.08,1364,1.7,3.4
2443,Darius Songaila,Darius,1610612740,NOH,32.0,75,34,41,0.453,1409.7033333333334,241,488,0.494,1,6,0.167,60,74,0.811,59,173,232,70,81,62,14,24,206,82,543,-91,1073.4,0,0,998.0,1,2009-10,18.8,104.2,104.3,104.3,106.9,106.7,106.7,-2.6,-2.4,-2.4,0.081,0.86,10.4,0.044,0.137,0.09,12.1,12.1,0.495,0.522,0.194,0.197,94.3,94.35,78.63,94.35,0.069,2760,3.2,6.5
2545,Darko Milicic,Darko,1610612750,MIN,25.0,32,3,29,0.094,684.9516666666667,100,204,0.49,0,1,0.0,15,28,0.536,47,104,151,47,35,22,34,8,82,29,215,-106,599.7,2,0,525.0,2,2009-10,21.4,99.8,99.3,99.3,108.9,107.0,107.0,-9.2,-7.7,-7.7,0.105,1.34,15.8,0.066,0.163,0.112,11.7,11.7,0.49,0.497,0.157,0.161,97.48,98.6,82.17,98.6,0.077,1408,3.1,6.4
201616,Darnell Jackson,Darnell,1610612749,MIL,24.0,28,25,3,0.893,122.37833333333332,9,30,0.3,1,4,0.25,4,6,0.667,9,13,22,4,13,2,4,4,21,6,23,-45,60.4,0,0,62.0,2,2009-10,4.4,90.6,84.8,84.8,103.0,104.0,104.0,-12.4,-19.2,-19.2,0.056,0.31,8.0,0.08,0.096,0.089,26.0,26.2,0.317,0.352,0.166,0.177,96.83,99.63,83.02,99.63,-0.023,256,0.3,1.1
201589,Darrell Arthur,Darrell,1610612763,MEM,22.0,32,14,18,0.438,457.3033333333333,63,146,0.432,0,1,0.0,17,30,0.567,37,73,110,15,22,14,14,18,60,28,143,-109,359.5,1,0,324.0,1,2009-10,14.3,98.9,97.4,97.4,110.9,109.6,109.6,-12.0,-12.2,-12.2,0.052,0.68,7.6,0.075,0.164,0.118,11.1,11.2,0.432,0.449,0.168,0.172,96.0,97.3,81.08,97.3,0.06,929,2.0,4.6
201954,Darren Collison,Darren,1610612740,NOH,22.0,76,34,42,0.447,2109.1316666666667,376,789,0.477,46,115,0.4,148,174,0.851,41,151,192,432,202,78,4,60,92,152,946,-176,1868.4,14,1,1780.0,1,2009-10,27.8,104.3,105.2,105.2,108.7,108.8,108.8,-4.4,-3.6,-3.6,0.323,2.14,28.9,0.02,0.077,0.048,13.5,13.5,0.506,0.546,0.227,0.23,95.65,95.19,79.32,95.19,0.115,4171,4.9,10.4
2431,David Andersen,David,1610612745,HOU,30.0,63,33,30,0.524,890.8033333333333,147,340,0.432,27,78,0.346,46,67,0.687,54,154,208,44,37,15,12,20,119,76,367,31,726.6,0,0,700.0,1,2009-10,14.1,104.9,105.8,105.8,103.1,103.6,103.6,1.8,2.2,2.2,0.084,1.19,9.7,0.059,0.177,0.116,8.2,8.2,0.472,0.497,0.199,0.202,95.71,95.08,79.23,95.08,0.084,1761,2.3,5.4
101135,David Lee,David,1610612752,NYK,27.0,81,28,53,0.346,3018.98,686,1258,0.545,0,8,0.0,268,330,0.812,228,721,949,295,189,85,40,105,257,257,1640,-259,3407.3,53,1,3134.0,1,2009-10,37.3,105.4,106.5,106.5,110.0,110.1,110.1,-4.6,-3.6,-3.6,0.172,1.56,15.7,0.077,0.249,0.162,10.1,10.0,0.545,0.584,0.235,0.239,96.29,95.75,79.79,95.75,0.159,6003,8.5,15.5
2561,David West,David,1610612740,NOH,29.0,81,37,44,0.457,2948.651666666666,619,1226,0.505,7,27,0.259,296,342,0.865,164,441,605,239,173,76,60,71,233,305,1541,-176,2860.5,21,0,2664.0,1,2009-10,36.4,106.2,107.1,107.1,108.7,109.8,109.8,-2.5,-2.7,-2.7,0.135,1.38,13.4,0.058,0.159,0.108,9.7,9.7,0.508,0.56,0.238,0.241,94.79,93.92,78.27,93.92,0.123,5760,7.6,15.1
201599,DeAndre Jordan,DeAndre,1610612746,LAC,21.0,70,23,47,0.329,1137.335,144,238,0.605,0,2,0.0,48,128,0.375,122,230,352,21,75,16,62,22,152,112,336,-246,948.9,8,0,865.0,1,2009-10,16.2,100.0,99.9,99.9,109.9,110.1,110.1,-9.9,-10.2,-10.2,0.029,0.28,5.3,0.111,0.218,0.163,19.1,19.2,0.605,0.571,0.145,0.147,95.24,95.21,79.34,95.21,0.073,2248,2.1,3.4
201971,DeJuan Blair,DeJuan,1610612759,SAS,21.0,82,50,32,0.61,1494.3166666666666,275,495,0.556,0,2,0.0,88,161,0.547,200,326,526,65,112,50,39,60,224,124,638,99,1521.7,8,0,1407.0,1,2009-10,18.2,106.7,106.2,106.2,102.8,103.0,103.0,3.9,3.2,3.2,0.07,0.58,8.8,0.139,0.221,0.18,15.2,15.1,0.556,0.564,0.197,0.204,95.08,95.21,79.34,95.21,0.114,2966,3.4,6.0
201942,DeMar DeRozan,DeMar,1610612761,TOR,20.0,77,36,41,0.468,1663.6416666666669,255,512,0.498,4,16,0.25,148,194,0.763,66,157,223,53,62,43,18,42,176,145,662,-234,1130.1,0,0,1064.0,1,2009-10,21.6,106.5,106.8,106.8,112.0,113.3,113.3,-5.5,-6.5,-6.5,0.048,0.85,7.4,0.042,0.097,0.07,8.7,8.7,0.502,0.554,0.18,0.182,95.58,94.87,79.06,94.87,0.066,3279,3.3,6.6
201960,DeMarre Carroll,DeMarre,1610612763,MEM,23.0,71,34,37,0.479,795.2683333333333,88,222,0.396,0,6,0.0,33,53,0.623,53,97,150,33,24,28,9,20,107,49,209,-53,525.5,0,0,466.0,1,2009-10,11.2,104.1,102.8,102.8,105.7,104.4,104.4,-1.7,-1.6,-1.6,0.059,1.38,10.9,0.068,0.118,0.093,7.9,7.9,0.396,0.426,0.141,0.145,99.63,100.89,84.07,100.89,0.043,1659,1.2,3.1
2205,DeSagana Diop,DeSagana,1610612766,CHA,28.0,27,14,13,0.519,261.805,15,29,0.517,0,0,0.0,2,9,0.222,24,41,65,5,12,5,14,1,31,9,32,8,162.5,0,0,140.0,1,2009-10,9.7,107.4,110.6,110.6,104.1,104.8,104.8,3.3,5.8,5.8,0.028,0.42,10.2,0.105,0.159,0.133,24.5,24.0,0.517,0.485,0.079,0.082,91.37,89.75,74.79,89.75,0.045,480,0.6,1.1
2052,DeShawn Stevenson,DeShawn,1610612742,DAL,29.0,64,31,33,0.484,882.7616666666667,46,163,0.282,19,87,0.218,25,35,0.714,11,80,91,56,30,16,6,4,74,37,136,-100,365.2,0,0,346.0,2,2009-10,13.8,102.3,101.2,101.2,105.7,105.5,105.5,-3.4,-4.3,-4.3,0.09,1.87,21.1,0.013,0.092,0.052,11.3,11.3,0.34,0.381,0.106,0.108,95.27,95.92,79.93,95.92,0.022,1752,0.7,2.5
2753,Delonte West,Delonte,1610612739,CLE,26.0,60,42,18,0.7,1500.0716666666667,194,436,0.445,25,77,0.325,115,142,0.81,29,140,169,196,90,55,28,38,86,115,528,204,1183.8,1,0,1084.0,1,2009-10,25.0,107.3,108.0,108.0,99.7,101.0,101.0,7.5,7.0,7.0,0.21,2.18,25.0,0.021,0.093,0.059,11.5,11.5,0.474,0.53,0.18,0.184,92.9,92.0,76.66,92.0,0.104,2877,3.2,7.3
965,Derek Fisher,Derek,1610612747,LAL,35.0,82,57,25,0.695,2227.465,212,558,0.38,78,224,0.348,113,132,0.856,25,145,170,201,78,90,9,18,202,150,615,354,1339.5,0,0,1262.0,1,2009-10,27.2,109.0,110.0,110.0,101.5,102.6,102.6,7.5,7.4,7.4,0.125,2.58,22.5,0.012,0.065,0.039,8.7,8.7,0.45,0.499,0.137,0.139,95.46,94.51,78.76,94.51,0.054,4400,2.6,6.8
101114,Deron Williams,Deron,1610612762,UTA,26.0,76,50,26,0.658,2801.5,494,1053,0.469,96,259,0.371,335,418,0.801,50,253,303,798,252,96,16,64,208,381,1419,432,3063.6,44,0,2840.0,1,2009-10,36.9,110.8,112.5,112.5,103.4,104.3,104.3,7.3,8.2,8.2,0.429,3.17,34.9,0.02,0.093,0.058,11.0,11.0,0.515,0.574,0.237,0.239,96.45,95.29,79.41,95.29,0.146,5550,6.5,13.9
201974,Derrick Brown,Derrick,1610612766,CHA,22.0,57,34,23,0.596,535.4066666666666,68,147,0.463,2,7,0.286,48,72,0.667,31,47,78,19,19,21,10,25,53,50,186,-13,382.1,0,0,347.0,1,2009-10,9.4,100.3,98.8,98.8,98.9,98.3,98.3,1.4,0.4,0.4,0.061,1.0,8.7,0.062,0.087,0.075,8.7,8.8,0.469,0.52,0.165,0.17,94.2,95.21,79.34,95.21,0.076,1053,1.2,2.6
201565,Derrick Rose,Derrick,1610612741,CHI,21.0,78,41,37,0.526,2870.95,672,1373,0.489,16,60,0.267,259,338,0.766,65,228,293,469,217,57,27,93,96,259,1619,-37,2709.1,6,0,2565.0,1,2009-10,36.8,101.9,103.2,103.2,102.5,103.6,103.6,-0.5,-0.4,-0.4,0.297,2.16,21.2,0.023,0.076,0.05,9.8,9.8,0.495,0.532,0.268,0.271,95.58,94.48,78.73,94.48,0.137,5644,8.6,17.6
2046,Desmond Mason,Desmond,1610612758,SAC,32.0,5,1,4,0.2,65.5,5,12,0.417,0,0,0.0,3,4,0.75,4,9,13,2,4,1,1,0,5,3,13,-40,33.6,0,0,32.0,1,2009-10,13.1,98.1,93.5,93.5,126.7,126.8,126.8,-28.6,-33.3,-33.3,0.051,0.5,10.0,0.054,0.184,0.106,20.0,20.2,0.417,0.472,0.123,0.127,88.41,90.5,75.42,90.5,0.045,124,1.0,2.4
1904,Devean George,Devean,1610612744,GSW,32.0,45,13,32,0.289,760.6883333333334,89,206,0.432,48,123,0.39,16,23,0.696,21,93,114,32,15,41,10,0,89,22,242,10,564.8,0,0,538.0,1,2009-10,16.9,110.5,110.9,110.9,110.1,109.4,109.4,0.4,1.6,1.6,0.057,2.13,12.1,0.027,0.123,0.074,5.7,5.7,0.549,0.56,0.13,0.131,101.85,101.97,84.98,101.97,0.064,1609,2.0,4.6
2484,Devin Brown,Devin,1610612741,CHI,31.0,50,26,24,0.52,1059.9916666666666,136,361,0.377,58,164,0.354,69,86,0.802,29,95,124,65,62,33,6,23,72,70,399,-26,700.3,0,0,724.0,2,2009-10,21.2,103.1,103.2,103.2,104.2,104.1,104.1,-1.1,-0.8,-0.8,0.095,1.05,12.3,0.026,0.089,0.057,11.8,11.8,0.457,0.5,0.192,0.196,95.5,95.46,79.55,95.46,0.062,2104,2.7,7.2
2734,Devin Harris,Devin,1610612751,NJN,27.0,64,11,53,0.172,2220.641666666667,356,884,0.403,60,217,0.276,308,386,0.798,24,179,203,423,181,79,18,56,178,338,1080,-481,2068.1,6,0,1960.0,1,2009-10,34.7,99.8,100.7,100.7,111.2,111.5,111.5,-11.4,-10.8,-10.8,0.332,2.34,25.6,0.011,0.088,0.047,10.9,10.9,0.437,0.512,0.247,0.25,94.73,94.18,78.48,94.18,0.104,4352,5.6,13.8
1717,Dirk Nowitzki,Dirk,1610612742,DAL,32.0,81,54,27,0.667,3038.681666666667,720,1496,0.481,51,121,0.421,536,586,0.915,80,540,620,218,149,70,79,50,208,495,2027,343,3396.0,19,1,3214.0,1,2009-10,37.5,108.4,108.7,108.7,102.0,103.3,103.3,6.3,5.4,5.4,0.128,1.46,10.3,0.028,0.178,0.106,7.1,7.0,0.498,0.578,0.284,0.289,94.61,93.9,78.25,93.9,0.161,5954,8.9,18.5
201187,Dominic McGuire,Dominic,1610612758,SAC,24.0,51,12,39,0.235,307.28833333333336,19,52,0.365,0,0,0.0,0,7,0.0,23,56,79,11,17,5,4,8,35,9,38,-132,159.3,0,0,146.0,2,2009-10,6.0,90.9,88.7,88.7,107.0,106.0,106.0,-16.1,-17.3,-17.3,0.059,0.65,13.3,0.069,0.168,0.118,20.5,20.5,0.365,0.345,0.103,0.107,94.79,96.38,80.32,96.38,0.036,604,0.4,1.0
201590,Donte Greene,Donte,1610612758,SAC,22.0,76,22,54,0.289,1630.1566666666668,244,553,0.441,69,183,0.377,90,140,0.643,53,181,234,71,93,41,53,43,150,118,647,-161,1223.3,1,0,1209.0,1,2009-10,21.4,101.6,102.0,102.0,105.8,106.4,106.4,-4.2,-4.4,-4.4,0.067,0.76,9.2,0.033,0.112,0.072,12.0,11.9,0.504,0.526,0.189,0.193,98.05,97.58,81.32,97.58,0.07,3307,3.2,7.3
2748,Dorell Wright,Dorell,1610612748,MIA,24.0,72,40,32,0.556,1495.97,194,419,0.463,61,157,0.389,61,69,0.884,50,185,235,91,53,52,32,10,94,54,510,27,1127.5,0,0,1065.0,1,2009-10,20.8,102.8,101.9,101.9,99.9,101.1,101.1,2.9,0.8,0.8,0.102,1.72,15.6,0.035,0.129,0.082,9.1,8.9,0.536,0.567,0.152,0.16,90.63,90.45,75.38,90.45,0.113,2821,2.7,5.8
2400,Drew Gooden,Drew,1610612746,LAC,28.0,70,33,37,0.471,1755.3666666666666,288,602,0.478,1,8,0.125,186,216,0.861,207,335,542,47,108,41,58,44,194,175,763,-281,1672.9,19,0,1551.0,2,2009-10,25.1,103.0,102.8,102.8,109.9,111.0,111.0,-6.9,-8.2,-8.2,0.045,0.44,5.5,0.122,0.199,0.16,12.7,12.7,0.479,0.547,0.205,0.21,94.6,94.2,78.5,94.2,0.105,3446,4.1,8.6
101204,Dwayne Jones,Dwayne,1610612756,PHX,27.0,2,2,0,1.0,6.933333333333334,0,0,0.0,0,0,0.0,0,0,0.0,0,2,2,0,0,0,0,0,1,0,0,-3,2.4,0,0,2.0,1,2009-10,3.5,145.8,123.5,123.5,129.6,141.2,141.2,16.2,-17.6,-17.6,0.0,0.0,0.0,0.0,0.333,0.0,0.0,0.0,0.0,0.0,0.0,0.0,113.95,117.69,98.08,117.69,0.027,17,0.0,0.0
2730,Dwight Howard,Dwight,1610612753,ORL,24.0,82,59,23,0.72,2842.8016666666667,510,834,0.612,0,7,0.0,483,816,0.592,284,798,1082,144,274,75,228,63,287,669,1503,620,3652.4,64,0,3335.0,1,2009-10,34.7,111.2,112.2,112.2,99.4,100.9,100.9,11.8,11.3,11.3,0.087,0.53,8.9,0.11,0.28,0.199,16.9,17.0,0.612,0.63,0.241,0.241,93.49,92.34,76.95,92.34,0.167,5469,6.2,10.2
2548,Dwyane Wade,Dwyane,1610612748,MIA,28.0,77,45,32,0.584,2792.435,719,1511,0.476,73,243,0.3,534,702,0.761,107,266,373,501,252,142,82,64,181,498,2045,355,3664.1,17,0,3440.0,1,2009-10,36.3,109.1,110.1,110.1,101.6,103.8,103.8,7.5,6.3,6.3,0.334,1.99,19.5,0.041,0.098,0.07,9.8,9.8,0.5,0.562,0.337,0.342,93.91,92.51,77.09,92.51,0.178,5390,9.3,19.6
2853,Earl Barron,Earl,1610612752,NYK,28.0,7,3,4,0.429,231.94666666666663,30,68,0.441,0,0,0.0,22,29,0.759,31,46,77,8,11,4,4,7,24,25,82,5,199.4,2,0,183.0,1,2009-10,33.1,116.9,119.1,119.1,115.8,116.4,116.4,1.1,2.7,2.7,0.05,0.73,7.9,0.142,0.232,0.185,10.9,11.0,0.441,0.508,0.18,0.179,92.76,91.68,76.4,91.68,0.088,440,4.3,9.7
1863,Earl Boykins,Earl,1610612764,WAS,34.0,67,22,45,0.328,1117.0233333333333,172,403,0.427,19,60,0.317,77,89,0.865,17,58,75,171,69,24,3,25,48,74,440,-233,798.5,0,0,759.0,1,2009-10,16.7,98.1,97.8,97.8,109.2,109.2,109.2,-11.2,-11.5,-11.5,0.269,2.48,25.2,0.015,0.055,0.034,10.2,10.1,0.45,0.498,0.2,0.207,93.39,93.55,77.96,93.55,0.1,2185,2.6,6.0
201947,Earl Clark,Earl,1610612756,PHX,22.0,51,36,15,0.706,383.39,56,151,0.371,2,5,0.4,26,36,0.722,18,44,62,21,23,7,13,13,25,28,140,-34,282.9,0,0,265.0,1,2009-10,7.5,103.7,101.5,101.5,105.1,105.3,105.3,-1.5,-3.7,-3.7,0.093,0.91,9.9,0.047,0.109,0.079,10.8,10.9,0.377,0.42,0.208,0.216,98.91,99.91,83.26,99.91,0.06,796,1.1,3.0
2248,Earl Watson,Earl,1610612754,IND,31.0,79,31,48,0.392,2322.0316666666668,223,524,0.426,53,184,0.288,120,169,0.71,54,186,240,399,175,104,16,31,181,169,619,-110,1690.5,2,0,1551.0,1,2009-10,29.4,102.5,103.6,103.6,104.6,105.5,105.5,-2.1,-2.0,-2.0,0.257,2.28,33.9,0.023,0.077,0.05,14.9,14.9,0.476,0.517,0.146,0.147,99.02,98.11,81.76,98.11,0.079,4738,2.8,6.6
2067,Eddie House,Eddie,1610612752,NYK,32.0,68,37,31,0.544,1216.7733333333333,173,455,0.38,79,227,0.348,48,52,0.923,13,96,109,85,47,40,7,10,81,41,473,34,825.3,0,0,840.0,2,2009-10,17.9,102.4,101.5,101.5,102.3,101.0,101.0,0.1,0.4,0.4,0.115,1.81,14.0,0.011,0.081,0.046,7.8,7.7,0.467,0.495,0.192,0.199,93.74,94.7,78.91,94.7,0.075,2412,2.5,6.7
2201,Eddy Curry,Eddy,1610612752,NYK,27.0,7,3,4,0.429,62.016666666666666,8,21,0.381,0,0,0.0,10,17,0.588,4,9,13,0,13,0,1,2,13,16,26,-21,31.6,0,0,41.0,1,2009-10,8.9,84.5,81.3,81.3,99.0,100.0,100.0,-14.5,-18.7,-18.7,0.0,0.0,0.0,0.06,0.141,0.099,31.0,31.3,0.381,0.456,0.276,0.285,104.15,105.65,88.04,105.65,-0.051,139,1.1,3.0
2059,Eduardo Najera,Eduardo,1610612742,DAL,33.0,46,24,22,0.522,684.665,62,146,0.425,19,64,0.297,14,24,0.583,34,81,115,29,25,26,14,9,94,32,157,-31,433.5,0,0,400.0,2,2009-10,14.9,102.9,100.8,100.8,105.8,103.5,103.5,-2.9,-2.7,-2.7,0.061,1.16,13.7,0.049,0.129,0.087,11.8,11.9,0.49,0.501,0.117,0.121,95.42,97.52,81.27,97.52,0.043,1394,1.3,3.2
1882,Elton Brand,Elton,1610612755,PHI,31.0,76,27,49,0.355,2297.12,412,858,0.48,0,1,0.0,172,233,0.738,179,282,461,109,131,82,80,54,232,193,996,-67,2067.7,7,0,1890.0,1,2009-10,30.2,103.9,105.2,105.2,106.7,107.0,107.0,-2.8,-1.8,-1.8,0.078,0.83,9.1,0.082,0.131,0.107,10.9,10.9,0.48,0.518,0.214,0.217,93.0,92.28,76.9,92.28,0.091,4422,5.4,11.3
2731,Emeka Okafor,Emeka,1610612740,NOH,27.0,82,37,45,0.451,2370.065,348,656,0.53,0,0,0.0,154,274,0.562,251,491,742,55,111,54,127,60,218,237,850,-133,2254.9,27,0,2009.0,1,2009-10,28.9,104.7,105.7,105.7,107.6,108.4,108.4,-2.9,-2.6,-2.6,0.035,0.5,5.8,0.108,0.221,0.163,11.8,11.8,0.53,0.547,0.169,0.171,94.67,93.86,78.22,93.86,0.1,4629,4.2,8.0
201569,Eric Gordon,Eric,1610612746,LAC,21.0,62,23,39,0.371,2228.9966666666664,352,784,0.449,119,321,0.371,222,299,0.742,25,135,160,186,144,69,14,52,96,238,1045,-231,1621.0,0,0,1676.0,1,2009-10,36.0,103.2,104.1,104.1,107.8,109.5,109.5,-4.6,-5.4,-5.4,0.135,1.29,15.0,0.012,0.062,0.037,11.6,11.6,0.525,0.571,0.21,0.214,96.05,94.92,79.1,94.92,0.086,4412,5.7,12.6
201953,Eric Maynor,Eric,1610612760,OKC,23.0,81,53,28,0.654,1269.493333333333,154,368,0.418,22,71,0.31,52,72,0.722,21,108,129,266,85,40,10,28,115,68,382,42,1000.8,3,0,899.0,2,2009-10,15.7,101.5,99.9,99.9,98.6,97.9,97.9,2.8,2.0,2.0,0.339,3.13,35.5,0.018,0.084,0.052,11.3,11.3,0.448,0.478,0.168,0.174,94.38,95.47,79.56,95.47,0.1,2521,1.9,4.5
956,Erick Dampier,Erick,1610612742,DAL,34.0,55,32,23,0.582,1280.145,133,213,0.624,1,3,0.333,61,101,0.604,128,272,400,31,61,15,77,25,153,91,328,158,1069.5,7,0,944.0,1,2009-10,23.3,108.6,108.4,108.4,100.7,101.8,101.8,7.9,6.6,6.6,0.035,0.51,8.8,0.107,0.206,0.159,17.3,17.5,0.627,0.637,0.114,0.115,94.15,93.68,78.07,93.68,0.09,2495,2.4,3.9
101141,Ersan Ilyasova,Ersan,1610612749,MIL,23.0,81,46,35,0.568,1897.6866666666667,323,729,0.443,81,241,0.336,113,158,0.715,157,360,517,84,71,53,23,38,251,190,840,165,1743.4,11,0,1674.0,1,2009-10,23.4,103.3,104.4,104.4,99.8,99.5,99.5,3.6,4.9,4.9,0.072,1.18,8.8,0.079,0.198,0.136,7.5,7.4,0.499,0.526,0.201,0.205,95.03,94.69,78.91,94.69,0.107,3734,4.0,9.0
2041,Etan Thomas,Etan,1610612760,OKC,32.0,23,13,10,0.565,320.74,31,68,0.456,0,0,0.0,13,22,0.591,18,46,64,1,18,4,16,10,39,23,75,-28,195.3,0,0,180.0,1,2009-10,13.9,98.6,99.5,99.5,102.5,102.8,102.8,-3.9,-3.2,-3.2,0.005,0.06,1.0,0.063,0.156,0.11,18.8,18.6,0.456,0.483,0.135,0.139,92.29,91.74,76.45,91.74,0.046,609,1.3,3.0
101177,Fabricio Oberto,Fabricio,1610612764,WAS,35.0,57,18,39,0.316,649.93,35,56,0.625,0,0,0.0,13,17,0.765,34,71,105,51,36,11,9,2,121,41,83,-47,309.5,0,0,279.0,1,2009-10,11.4,99.9,100.3,100.3,104.9,103.7,103.7,-5.0,-3.4,-3.4,0.112,1.42,33.8,0.055,0.114,0.085,23.8,23.9,0.625,0.654,0.071,0.072,92.4,92.69,77.24,92.69,0.028,1253,0.6,1.0
2436,Flip Murray,Flip,1610612741,CHI,30.0,75,37,38,0.493,1673.0783333333334,268,683,0.392,69,221,0.312,141,194,0.727,28,155,183,135,91,46,16,44,126,137,746,5,1263.1,0,0,1257.0,2,2009-10,22.3,103.1,103.8,103.8,102.9,103.2,103.2,0.2,0.6,0.6,0.141,1.48,13.6,0.018,0.093,0.056,9.2,9.2,0.443,0.485,0.233,0.237,93.76,93.34,77.78,93.34,0.081,3247,3.6,9.1
1922,Francisco Elson,Francisco,1610612755,PHI,34.0,12,4,8,0.333,65.715,5,15,0.333,0,0,0.0,2,5,0.4,6,8,14,2,1,1,0,1,7,5,12,-1,33.8,0,0,30.0,2,2009-10,5.5,104.0,103.8,103.8,106.4,101.5,101.5,-2.4,2.4,2.4,0.049,2.0,10.0,0.088,0.157,0.118,5.0,5.0,0.333,0.349,0.124,0.127,94.11,96.42,80.35,96.42,0.024,130,0.4,1.3
101128,Francisco Garcia,Francisco,1610612758,SAC,28.0,25,7,18,0.28,575.4083333333333,82,176,0.466,23,59,0.39,15,17,0.882,11,55,66,45,21,10,19,8,49,24,202,-14,414.7,0,0,394.0,1,2009-10,23.0,102.7,104.6,104.6,106.4,106.3,106.3,-3.7,-1.7,-1.7,0.119,2.14,18.1,0.018,0.098,0.057,8.4,8.4,0.531,0.55,0.156,0.158,95.21,94.39,78.66,94.39,0.083,1134,3.3,7.0
202066,Garrett Temple,Garrett,1610612759,SAS,24.0,27,12,15,0.444,334.1033333333333,44,101,0.436,13,37,0.351,35,50,0.7,6,25,31,21,27,13,6,2,42,44,136,-4,234.7,0,0,239.0,3,2009-10,12.4,102.1,100.4,100.4,101.7,100.7,100.7,0.5,-0.3,-0.3,0.104,0.78,12.2,0.018,0.072,0.045,15.7,15.8,0.5,0.553,0.193,0.197,97.3,98.56,82.13,98.56,0.056,685,1.6,3.7
201588,George Hill,George,1610612759,SAS,24.0,78,48,30,0.615,2276.333333333333,353,738,0.478,75,188,0.399,183,237,0.772,42,163,205,226,101,69,26,52,222,224,964,202,1733.0,1,0,1660.0,1,2009-10,29.2,106.9,108.0,108.0,102.3,102.9,102.9,4.6,5.0,5.0,0.154,2.24,19.4,0.019,0.075,0.047,8.7,8.6,0.529,0.572,0.187,0.19,93.57,92.81,77.34,92.81,0.091,4392,4.5,9.5
201945,Gerald Henderson,Gerald,1610612766,CHA,22.0,43,27,16,0.628,355.025,37,104,0.356,4,19,0.211,35,47,0.745,15,40,55,13,14,10,9,8,25,33,113,-17,241.5,0,0,223.0,1,2009-10,8.3,95.9,93.5,93.5,95.8,95.0,95.0,0.1,-1.5,-1.5,0.071,0.93,8.6,0.042,0.11,0.076,9.2,9.2,0.375,0.453,0.172,0.18,93.04,94.57,78.81,94.57,0.078,696,0.9,2.4
2222,Gerald Wallace,Gerald,1610612766,CHA,27.0,76,41,35,0.539,3119.418333333333,456,943,0.484,52,140,0.371,422,544,0.776,150,612,762,161,178,117,83,106,194,461,1386,136,2963.9,33,0,2761.0,1,2009-10,41.0,101.7,103.9,103.9,100.1,101.4,101.4,1.6,2.5,2.5,0.09,0.9,10.6,0.052,0.206,0.13,11.7,11.7,0.511,0.586,0.202,0.203,92.65,91.02,75.85,91.02,0.144,5910,6.0,12.4
2240,Gilbert Arenas,Gilbert,1610612764,WAS,28.0,32,11,21,0.344,1168.513333333333,253,616,0.411,63,181,0.348,153,207,0.739,17,116,133,230,117,41,9,41,95,166,722,-82,1259.6,5,1,1248.0,1,2009-10,36.5,101.9,104.0,104.0,106.5,107.3,107.3,-4.6,-3.3,-3.3,0.351,1.97,21.8,0.014,0.1,0.056,11.1,11.1,0.462,0.511,0.305,0.307,97.59,96.29,80.24,96.29,0.126,2342,7.9,19.3
201175,Glen Davis,Glen,1610612738,BOS,24.0,54,28,26,0.519,933.1733333333332,122,279,0.437,0,4,0.0,96,138,0.696,101,104,205,35,53,21,14,50,132,116,340,-86,690.5,0,0,650.0,1,2009-10,17.3,100.6,99.9,99.9,104.7,105.1,105.1,-4.1,-5.2,-5.2,0.064,0.66,8.2,0.115,0.124,0.12,12.4,12.4,0.437,0.5,0.193,0.199,92.57,92.66,77.22,92.66,0.062,1805,2.3,5.2
201609,Goran Dragic,Goran,1610612756,PHX,24.0,80,53,27,0.663,1442.2283333333332,222,491,0.452,74,188,0.394,117,159,0.736,38,133,171,241,126,48,8,29,131,130,635,72,1243.7,1,0,1233.0,1,2009-10,18.0,110.5,109.2,109.2,105.9,106.2,106.2,4.6,3.0,3.0,0.264,1.91,26.0,0.028,0.091,0.06,13.6,13.6,0.527,0.566,0.206,0.213,95.77,96.18,80.15,96.18,0.105,2883,2.8,6.1
255,Grant Hill,Grant,1610612756,PHX,37.0,81,54,27,0.667,2430.36,336,703,0.478,35,80,0.438,205,251,0.817,74,371,445,193,108,60,36,32,165,205,912,170,1915.5,6,0,1777.0,1,2009-10,30.0,111.5,112.0,112.0,107.4,108.7,108.7,4.1,3.3,3.3,0.111,1.79,17.3,0.033,0.143,0.092,9.7,9.7,0.503,0.561,0.165,0.168,98.2,97.39,81.16,97.39,0.098,4934,4.1,8.7
201141,Greg Oden,Greg,1610612757,POR,22.0,21,13,8,0.619,501.7633333333333,92,152,0.605,0,0,0.0,49,64,0.766,64,114,178,19,39,8,48,11,84,63,233,78,604.1,5,0,542.0,1,2009-10,23.9,111.5,113.1,113.1,102.7,102.8,102.8,8.8,10.3,10.3,0.066,0.49,8.0,0.144,0.24,0.194,16.5,16.4,0.605,0.647,0.206,0.209,88.18,87.48,72.9,87.48,0.148,907,4.4,7.2
101124,Hakim Warrick,Hakim,1610612741,CHI,27.0,76,36,40,0.474,1557.22,265,550,0.482,1,7,0.143,202,274,0.737,127,187,314,52,80,24,18,28,126,227,733,-155,1233.8,3,0,1184.0,2,2009-10,20.5,99.8,100.3,100.3,106.1,104.9,104.9,-6.4,-4.6,-4.6,0.058,0.65,6.5,0.08,0.126,0.102,9.9,10.0,0.483,0.547,0.215,0.217,95.24,95.57,79.64,95.57,0.102,3094,3.5,7.2
201632,Hamed Haddadi,Hamed,1610612763,MEM,25.0,36,18,18,0.5,240.1483333333333,24,62,0.387,0,3,0.0,14,19,0.737,26,49,75,10,20,1,14,9,57,18,62,-62,192.0,0,0,177.0,1,2009-10,6.7,94.8,94.0,94.0,107.8,105.6,105.6,-13.0,-11.6,-11.6,0.064,0.5,10.0,0.1,0.2,0.149,20.0,19.9,0.387,0.441,0.155,0.16,98.68,100.14,83.45,100.14,0.029,499,0.7,1.7
201934,Hasheem Thabeet,Hasheem,1610612763,MEM,23.0,68,32,36,0.471,883.2966666666666,77,131,0.588,0,0,0.0,54,93,0.581,85,158,243,11,43,15,89,16,162,85,208,-77,785.1,0,0,670.0,1,2009-10,13.0,100.5,102.2,102.2,106.3,104.8,104.8,-5.8,-2.6,-2.6,0.018,0.26,4.8,0.092,0.179,0.135,18.9,19.0,0.588,0.605,0.104,0.105,96.94,96.84,80.7,96.84,0.064,1767,1.1,1.9
2045,Hedo Turkoglu,Hedo,1610612761,TOR,31.0,74,37,37,0.5,2271.5533333333333,276,674,0.409,108,289,0.374,175,226,0.774,42,301,343,304,125,55,32,24,220,161,835,-123,1838.6,2,0,1764.0,1,2009-10,30.7,108.6,109.8,109.8,112.0,112.9,112.9,-3.4,-3.1,-3.1,0.199,2.43,25.2,0.02,0.135,0.078,10.4,10.4,0.49,0.54,0.18,0.181,94.78,93.9,78.25,93.9,0.088,4451,3.7,9.1
201611,Henry Walker,Henry,1610612752,NYK,22.0,35,15,20,0.429,768.255,120,232,0.517,50,116,0.431,39,49,0.796,15,73,88,40,28,23,3,8,83,43,329,-14,544.6,0,0,559.0,2,2009-10,22.0,111.5,110.7,110.7,111.1,110.4,110.4,0.4,0.3,0.3,0.079,1.43,12.4,0.02,0.1,0.06,8.7,8.7,0.625,0.649,0.162,0.165,96.91,97.56,81.3,97.56,0.081,1553,3.4,6.6
200756,Hilton Armstrong,Hilton,1610612745,HOU,25.0,33,11,22,0.333,335.3183333333333,28,79,0.354,0,1,0.0,15,32,0.469,27,54,81,21,22,15,12,11,59,37,71,-34,258.7,0,0,227.0,3,2009-10,10.2,97.1,95.1,95.1,101.8,101.0,101.0,-4.7,-5.9,-5.9,0.095,0.95,15.2,0.078,0.168,0.121,15.9,16.2,0.354,0.381,0.153,0.156,95.3,96.62,80.52,96.62,0.031,678,0.8,2.4
101133,Ian Mahinmi,Ian,1610612759,SAS,23.0,26,16,10,0.615,164.64333333333337,35,55,0.636,0,0,0.0,31,47,0.66,13,39,52,2,15,3,8,7,32,31,101,-17,184.4,0,0,177.0,1,2009-10,6.3,98.3,94.4,94.4,99.9,98.0,98.0,-1.6,-3.6,-3.6,0.024,0.13,2.2,0.079,0.207,0.148,16.1,16.2,0.636,0.667,0.241,0.252,96.66,99.56,82.97,99.56,0.149,339,1.3,2.1
2137,Ime Udoka,Ime,1610612758,SAC,32.0,69,21,48,0.304,944.24,91,241,0.378,26,91,0.286,42,57,0.737,51,140,191,58,42,34,6,18,83,46,250,-72,644.2,1,0,605.0,1,2009-10,13.7,103.2,102.3,102.3,104.0,103.7,103.7,-0.8,-1.3,-1.3,0.091,1.38,15.8,0.053,0.146,0.099,11.4,11.5,0.432,0.47,0.139,0.143,97.03,97.58,81.31,97.58,0.073,1897,1.3,3.5
200826,J.J. Barea,J.J.,1610612742,DAL,26.0,78,52,26,0.667,1545.5633333333333,232,527,0.44,56,157,0.357,76,90,0.844,17,129,146,258,102,35,6,31,119,144,596,-46,1179.2,1,0,1138.0,1,2009-10,19.8,105.6,104.5,104.5,106.5,106.3,106.3,-1.0,-1.8,-1.8,0.269,2.53,27.9,0.012,0.086,0.05,11.0,11.0,0.493,0.526,0.196,0.202,93.56,94.12,78.43,94.12,0.095,3034,3.0,6.8
201592,J.R. Giddens,J.R.,1610612752,NYK,25.0,32,18,14,0.563,239.09333333333333,28,60,0.467,0,10,0.0,13,23,0.565,16,35,51,13,17,9,2,5,29,17,69,-69,165.7,0,0,155.0,2,2009-10,7.5,100.9,95.7,95.7,109.6,110.0,110.0,-8.8,-14.3,-14.3,0.096,0.76,12.9,0.067,0.154,0.109,16.8,17.0,0.467,0.492,0.154,0.162,95.94,98.27,81.89,98.27,0.062,490,0.9,1.9
201581,JJ Hickson,JJ,1610612739,CLE,21.0,81,60,21,0.741,1691.3383333333334,289,522,0.554,0,1,0.0,111,163,0.681,110,290,400,40,92,36,39,64,132,108,689,55,1362.0,4,0,1279.0,1,2009-10,20.9,108.1,108.3,108.3,105.5,106.8,106.8,2.6,1.5,1.5,0.037,0.43,5.5,0.073,0.173,0.126,12.7,12.7,0.554,0.58,0.186,0.189,94.61,93.94,78.28,93.94,0.099,3312,3.6,6.4
200755,JJ Redick,JJ,1610612753,ORL,26.0,82,59,23,0.72,1808.1566666666668,243,553,0.439,111,274,0.405,191,222,0.86,17,138,155,158,63,28,4,15,118,179,788,179,1244.0,0,0,1276.0,1,2009-10,22.1,108.9,108.7,108.7,102.8,103.8,103.8,6.1,4.9,4.9,0.143,2.51,18.4,0.01,0.076,0.044,7.3,7.2,0.54,0.606,0.175,0.182,94.5,94.13,78.44,94.13,0.102,3549,3.0,6.7
2747,JR Smith,JR,1610612743,DEN,24.0,75,48,27,0.64,2081.825,428,1033,0.414,158,467,0.338,142,201,0.706,28,206,234,183,139,99,20,31,174,169,1156,255,1929.3,0,0,1969.0,1,2009-10,27.8,109.9,111.0,111.0,104.1,104.9,104.9,5.7,6.1,6.1,0.149,1.32,12.7,0.014,0.1,0.057,9.7,9.6,0.491,0.515,0.261,0.267,97.7,96.8,80.67,96.8,0.098,4198,5.7,13.8
201580,JaVale McGee,JaVale,1610612764,WAS,22.0,60,17,43,0.283,967.905,156,307,0.508,0,1,0.0,74,116,0.638,88,155,243,14,51,16,101,19,122,102,386,-173,998.6,6,0,877.0,1,2009-10,16.1,99.8,99.7,99.7,108.0,108.0,108.0,-8.2,-8.3,-8.3,0.024,0.27,3.3,0.095,0.162,0.129,12.1,12.1,0.508,0.539,0.19,0.195,93.32,93.36,77.8,93.36,0.096,1874,2.6,5.1
2048,Jamaal Magloire,Jamaal,1610612748,MIA,32.0,36,22,14,0.611,359.4033333333333,28,56,0.5,0,0,0.0,21,59,0.356,41,80,121,1,17,9,11,7,59,47,77,-11,266.7,0,0,239.0,1,2009-10,10.0,101.8,99.7,99.7,102.3,101.6,101.6,-0.6,-1.9,-1.9,0.005,0.06,1.0,0.116,0.231,0.173,16.7,17.0,0.5,0.47,0.128,0.131,88.67,89.88,74.9,89.88,0.053,674,0.8,1.6
2224,Jamaal Tinsley,Jamaal,1610612763,MEM,32.0,38,23,15,0.605,588.7716666666666,52,140,0.371,7,39,0.179,22,27,0.815,11,55,66,108,63,33,5,10,67,38,133,-3,425.2,0,0,390.0,1,2009-10,15.5,103.3,104.1,104.1,105.4,104.7,104.7,-2.1,-0.5,-0.5,0.251,1.71,33.5,0.019,0.093,0.056,19.6,19.5,0.396,0.438,0.153,0.158,96.46,96.4,80.34,96.4,0.062,1184,1.4,3.7
2037,Jamal Crawford,Jamal,1610612737,ATL,30.0,79,51,28,0.646,2459.9866666666667,496,1105,0.449,163,427,0.382,270,315,0.857,34,167,201,238,137,61,12,47,132,234,1425,256,2105.2,0,0,2173.0,1,2009-10,31.1,110.3,111.3,111.3,105.9,106.7,106.7,4.4,4.6,4.6,0.163,1.74,14.8,0.014,0.07,0.042,8.5,8.5,0.523,0.573,0.249,0.254,93.22,92.46,77.05,92.46,0.12,4755,6.3,14.0
200081,Jamario Moon,Jamario,1610612739,CLE,30.0,61,48,13,0.787,1052.17,114,247,0.462,32,100,0.32,36,45,0.8,26,165,191,49,23,34,30,8,69,40,296,76,767.7,0,0,696.0,1,2009-10,17.2,106.0,104.4,104.4,98.5,99.8,99.8,7.5,4.5,4.5,0.073,2.13,14.5,0.026,0.149,0.091,6.8,6.8,0.526,0.555,0.124,0.129,94.57,94.66,78.88,94.66,0.101,2066,1.9,4.0
2749,Jameer Nelson,Jameer,1610612753,ORL,28.0,65,46,19,0.708,1860.0516666666667,317,706,0.449,86,226,0.381,98,116,0.845,26,168,194,353,139,48,2,39,147,130,818,319,1591.3,4,0,1551.0,1,2009-10,28.6,109.1,109.6,109.6,98.7,100.9,100.9,10.3,8.7,8.7,0.323,2.54,28.4,0.015,0.092,0.055,11.2,11.1,0.51,0.54,0.222,0.226,93.31,92.05,76.71,92.05,0.118,3571,4.9,10.9
201935,James Harden,James,1610612760,OKC,20.0,76,47,29,0.618,1738.36,233,578,0.403,93,248,0.375,194,240,0.808,47,197,244,137,106,80,20,45,200,192,753,184,1445.3,0,0,1427.0,1,2009-10,22.9,105.7,104.8,104.8,99.8,99.9,99.9,5.9,4.9,4.9,0.13,1.29,14.7,0.028,0.111,0.071,11.4,11.4,0.484,0.551,0.199,0.203,94.96,95.3,79.42,95.3,0.097,3459,3.1,7.6
201949,James Johnson,James,1610612741,CHI,23.0,65,30,35,0.462,757.1766666666666,95,210,0.452,15,46,0.326,51,70,0.729,34,94,128,48,62,21,43,16,126,56,256,-137,611.6,0,0,575.0,1,2009-10,11.6,94.8,94.9,94.9,104.1,103.0,103.0,-9.3,-8.1,-8.1,0.104,0.77,13.8,0.044,0.123,0.083,17.8,17.7,0.488,0.532,0.174,0.179,97.24,97.69,81.41,97.69,0.058,1535,1.5,3.2
2592,James Jones,James,1610612748,MIA,29.0,36,21,15,0.583,503.4816666666667,43,119,0.361,37,90,0.411,23,28,0.821,4,41,45,17,11,11,4,7,45,21,146,-14,259.5,0,0,275.0,1,2009-10,14.0,100.2,99.7,99.7,100.6,101.9,101.9,-0.4,-2.2,-2.2,0.056,1.55,11.0,0.008,0.082,0.045,7.1,6.9,0.517,0.556,0.127,0.135,91.57,91.19,75.99,91.19,0.057,960,1.2,3.3
1899,James Posey,James,1610612740,NOH,33.0,77,35,42,0.455,1731.4683333333332,126,345,0.365,81,242,0.335,66,80,0.825,32,297,329,117,51,42,19,11,204,121,399,-76,1101.3,0,0,1048.0,1,2009-10,22.5,105.9,106.5,106.5,108.1,108.7,108.7,-2.2,-2.2,-2.2,0.096,2.29,21.3,0.02,0.186,0.102,9.3,9.3,0.483,0.525,0.114,0.116,93.09,92.55,77.13,92.55,0.067,3337,1.6,4.5
101189,James Singleton,James,1610612764,WAS,28.0,57,24,33,0.421,977.8766666666668,97,254,0.382,7,37,0.189,53,62,0.855,108,168,276,31,49,28,43,18,113,74,254,-147,795.7,2,0,710.0,2,2009-10,17.2,97.7,97.6,97.6,106.2,105.4,105.4,-8.5,-7.8,-7.8,0.051,0.63,8.5,0.107,0.187,0.144,13.5,13.6,0.396,0.452,0.15,0.152,92.61,93.02,77.51,93.02,0.077,1895,1.7,4.5
201191,JamesOn Curry,JamesOn,1610612746,LAC,24.0,1,0,1,0.0,0.065,0,0,0.0,0,0,0.0,0,0,0.0,0,0,0,0,0,0,0,0,0,0,0,0,0.0,0,0,0.0,1,2009-10,0.1,0.0,0.0,0.0,0.0,0.0,0.0,0.0,0.0,0.0,0.0,0.0,0.0,0.0,0.0,0.0,0.0,0.0,0.0,0.0,0.0,0.0,0.0,369.23,307.69,369.23,0.0,0,0.0,0.0
2457,Jannero Pargo,Jannero,1610612741,CHI,30.0,63,27,36,0.429,828.5233333333333,132,381,0.346,38,138,0.275,42,45,0.933,9,69,78,89,50,29,2,13,68,42,344,-62,614.1,0,0,611.0,1,2009-10,13.2,100.2,98.9,98.9,105.1,102.8,102.8,-5.0,-3.9,-3.9,0.182,1.78,16.6,0.011,0.085,0.047,9.3,9.3,0.396,0.429,0.236,0.247,94.67,96.32,80.26,96.32,0.062,1664,2.1,6.0
201162,Jared Dudley,Jared,1610612756,PHX,24.0,82,54,28,0.659,1990.861666666667,225,490,0.459,120,262,0.458,104,138,0.754,99,182,281,115,68,81,16,34,162,139,674,215,1406.7,2,0,1384.0,1,2009-10,24.3,112.6,112.2,112.2,106.1,106.8,106.8,6.5,5.3,5.3,0.082,1.69,15.6,0.053,0.088,0.071,9.3,9.3,0.582,0.612,0.135,0.138,97.08,96.92,80.77,96.92,0.083,4020,2.7,6.0
2407,Jared Jeffries,Jared,1610612745,HOU,28.0,70,28,42,0.4,1793.4833333333331,138,314,0.439,21,71,0.296,75,120,0.625,130,158,288,101,76,62,71,31,203,162,372,-52,1192.1,2,0,1048.0,2,2009-10,25.6,104.2,104.7,104.7,105.2,105.3,105.3,-1.0,-0.6,-0.6,0.08,1.33,18.6,0.072,0.09,0.081,14.0,14.0,0.473,0.507,0.11,0.112,95.04,94.7,78.92,94.7,0.048,3524,2.0,4.5
101127,Jarrett Jack,Jarrett,1610612761,TOR,26.0,82,40,42,0.488,2243.44,323,671,0.481,82,199,0.412,203,241,0.842,30,192,222,413,163,60,6,38,151,185,931,-97,1851.9,2,0,1780.0,1,2009-10,27.4,109.2,109.1,109.1,110.8,111.9,111.9,-1.7,-2.8,-2.8,0.277,2.53,30.7,0.014,0.088,0.052,12.1,12.0,0.542,0.599,0.185,0.19,96.24,95.8,79.83,95.8,0.11,4491,3.9,8.2
2260,Jarron Collins,Jarron,1610612756,PHX,31.0,34,24,10,0.706,260.46,12,31,0.387,0,0,0.0,10,25,0.4,22,40,62,6,10,2,3,5,42,40,34,-9,122.4,0,0,112.0,1,2009-10,7.7,101.2,99.6,99.6,101.7,101.7,101.7,-0.5,-2.0,-2.0,0.031,0.6,10.5,0.078,0.145,0.111,17.5,17.2,0.387,0.405,0.082,0.087,98.37,99.15,82.62,99.15,0.01,539,0.4,0.9
2553,Jarvis Hayes,Jarvis,1610612751,NJN,28.0,45,8,37,0.178,1032.48,138,328,0.421,60,179,0.335,14,18,0.778,9,99,108,40,28,29,9,8,91,16,350,-154,625.6,0,0,634.0,1,2009-10,22.9,102.2,102.0,102.0,109.8,108.9,108.9,-7.6,-6.9,-6.9,0.064,1.43,9.9,0.009,0.101,0.054,6.9,6.9,0.512,0.521,0.161,0.163,93.48,93.91,78.26,93.91,0.058,2013,3.1,7.3
2215,Jason Collins,Jason,1610612737,ATL,31.0,24,17,7,0.708,114.72666666666667,8,23,0.348,0,1,0.0,0,2,0.0,5,9,14,4,5,3,2,3,21,5,16,-10,48.8,0,0,44.0,1,2009-10,4.8,91.5,91.9,91.9,102.6,96.2,96.2,-11.0,-4.3,-4.3,0.053,0.8,12.1,0.041,0.075,0.058,15.2,15.2,0.348,0.335,0.107,0.111,95.45,98.32,81.93,98.32,-0.024,235,0.3,1.0
2078,Jason Hart,Jason,1610612740,NOH,32.0,5,2,3,0.4,22.145,1,2,0.5,0,0,0.0,0,0,0.0,0,2,2,6,3,2,1,0,4,1,2,5,19.4,0,0,16.0,2,2009-10,4.4,96.1,93.5,93.5,80.2,76.0,76.0,15.8,17.5,17.5,0.353,2.0,54.5,0.0,0.0,0.0,27.3,27.3,0.5,0.5,0.1,0.107,99.84,104.04,86.7,104.04,0.063,46,0.2,0.4
2574,Jason Kapono,Jason,1610612755,PHI,29.0,57,15,42,0.263,975.99,126,301,0.419,63,171,0.368,9,15,0.6,14,52,66,39,34,21,6,4,80,15,324,-107,508.7,0,0,546.0,1,2009-10,17.1,101.7,102.5,102.5,110.1,108.4,108.4,-8.4,-5.9,-5.9,0.063,1.15,10.3,0.014,0.058,0.035,8.9,8.9,0.523,0.527,0.156,0.158,94.22,94.55,78.79,94.55,0.045,1926,2.2,5.3
467,Jason Kidd,Jason,1610612742,DAL,37.0,80,53,27,0.663,2880.89,284,671,0.423,176,414,0.425,80,99,0.808,48,397,445,724,195,145,35,13,142,103,824,273,2789.0,26,2,2529.0,1,2009-10,36.0,107.8,107.9,107.9,101.8,103.6,103.6,6.1,4.3,4.3,0.361,3.71,44.2,0.018,0.138,0.079,11.9,11.9,0.554,0.577,0.143,0.145,95.12,94.21,78.51,94.21,0.133,5668,3.6,8.4
101131,Jason Maxiell,Jason,1610612765,DET,27.0,76,24,52,0.316,1549.6916666666666,212,415,0.511,0,1,0.0,89,155,0.574,161,240,401,39,68,36,38,35,175,139,513,-195,1206.7,7,0,1101.0,1,2009-10,20.4,103.4,104.0,104.0,110.3,110.4,110.4,-6.8,-6.4,-6.4,0.04,0.57,6.6,0.105,0.18,0.14,11.5,11.5,0.511,0.531,0.161,0.163,90.79,90.49,75.41,90.49,0.081,2918,2.8,5.5
2202,Jason Richardson,Jason,1610612756,PHX,29.0,79,52,27,0.658,2485.0583333333334,473,998,0.474,157,400,0.393,136,184,0.739,81,323,404,143,92,66,33,36,169,149,1239,303,2143.3,3,0,2141.0,1,2009-10,31.5,114.3,114.9,114.9,107.8,109.0,109.0,6.5,5.9,5.9,0.085,1.55,10.9,0.035,0.122,0.082,7.0,7.0,0.553,0.574,0.205,0.207,98.2,97.39,81.16,97.39,0.103,5045,6.0,12.6
201160,Jason Smith,Jason,1610612755,PHI,24.0,56,15,41,0.268,658.3433333333334,75,174,0.431,10,29,0.345,29,42,0.69,54,81,135,33,35,21,28,20,110,43,189,-52,512.5,0,0,465.0,1,2009-10,11.8,104.7,102.7,102.7,108.7,105.8,105.8,-4.1,-3.1,-3.1,0.076,0.94,12.6,0.086,0.135,0.11,13.4,13.4,0.46,0.491,0.153,0.157,94.36,96.57,80.47,96.57,0.048,1319,1.3,3.1
1891,Jason Terry,Jason,1610612742,DAL,32.0,77,51,26,0.662,2539.5016666666666,456,1041,0.438,136,373,0.365,232,268,0.866,19,121,140,292,109,94,17,41,142,195,1280,178,2110.0,1,0,2070.0,1,2009-10,33.0,107.2,107.3,107.3,103.2,104.2,104.2,4.0,3.1,3.1,0.194,2.68,18.8,0.008,0.048,0.028,7.0,7.0,0.503,0.552,0.224,0.229,94.64,94.14,78.45,94.14,0.106,4992,5.9,13.5
201574,Jason Thompson,Jason,1610612758,SAC,23.0,75,22,53,0.293,2357.3516666666665,370,784,0.472,1,10,0.1,198,277,0.715,224,413,637,124,139,41,73,68,279,239,939,-226,2092.4,24,0,1929.0,1,2009-10,31.4,101.5,103.3,103.3,106.9,107.5,107.5,-5.4,-4.3,-4.3,0.084,0.89,10.6,0.094,0.182,0.137,11.9,11.9,0.473,0.518,0.195,0.197,96.15,95.05,79.21,95.05,0.095,4655,4.9,10.5
1715,Jason Williams,Jason,1610612753,ORL,34.0,82,59,23,0.72,1702.9183333333333,189,426,0.444,84,221,0.38,31,41,0.756,7,119,126,298,87,53,3,8,65,41,493,262,1172.2,1,0,1113.0,1,2009-10,20.8,110.1,110.0,110.0,101.9,102.8,102.8,8.1,7.2,7.2,0.265,3.43,36.0,0.004,0.067,0.037,10.5,10.5,0.542,0.555,0.14,0.143,94.94,94.6,78.83,94.6,0.1,3366,2.3,5.2
101214,Jawad Williams,Jawad,1610612739,CLE,27.0,54,40,14,0.741,742.1216666666667,81,206,0.393,30,93,0.323,32,45,0.711,16,67,83,34,18,12,5,14,73,37,224,-33,407.6,0,0,405.0,1,2009-10,13.7,104.4,103.9,103.9,105.3,104.6,104.6,-0.9,-0.7,-0.7,0.073,1.89,12.2,0.023,0.09,0.057,6.5,6.5,0.466,0.496,0.149,0.153,93.89,94.43,78.69,94.43,0.048,1449,1.5,3.8
201965,Jeff Ayres,Jeff,1610612757,POR,23.0,39,23,16,0.59,405.0233333333333,43,65,0.662,0,0,0.0,18,20,0.9,25,73,98,1,12,7,16,6,76,25,104,-59,280.1,0,0,249.0,1,2009-10,10.4,107.5,105.8,105.8,114.3,112.2,112.2,-6.8,-6.4,-6.4,0.004,0.08,1.1,0.07,0.202,0.136,13.8,13.8,0.662,0.705,0.098,0.102,91.19,92.79,77.33,92.79,0.066,779,1.1,1.7
1902,Jeff Foster,Jeff,1610612754,IND,33.0,16,3,13,0.188,254.79666666666665,22,46,0.478,0,1,0.0,5,9,0.556,34,47,81,21,14,3,4,3,45,16,49,-8,184.7,0,0,165.0,1,2009-10,15.9,105.3,105.1,105.1,106.6,106.4,106.4,-1.3,-1.3,-1.3,0.118,1.5,25.0,0.131,0.186,0.158,16.7,16.5,0.478,0.49,0.104,0.107,99.38,99.56,82.97,99.56,0.06,528,1.4,2.9
201145,Jeff Green,Jeff,1610612760,OKC,23.0,82,50,32,0.61,3043.0666666666666,485,1070,0.453,104,312,0.333,165,223,0.74,112,378,490,134,135,104,72,44,221,178,1239,124,2421.0,11,0,2319.0,1,2009-10,37.1,106.0,107.3,107.3,104.1,105.4,105.4,2.0,2.0,2.0,0.071,0.99,9.4,0.039,0.127,0.084,9.4,9.4,0.502,0.53,0.19,0.193,95.21,94.07,78.39,94.07,0.091,5967,5.9,13.0
201952,Jeff Teague,Jeff,1610612737,ATL,22.0,71,50,21,0.704,718.4983333333333,90,227,0.396,7,32,0.219,41,49,0.837,5,62,67,122,50,34,11,22,82,54,228,-42,576.4,1,0,514.0,1,2009-10,10.1,102.5,100.8,100.8,104.4,103.3,103.3,-1.9,-2.6,-2.6,0.258,2.44,29.1,0.007,0.091,0.047,11.9,11.9,0.412,0.459,0.174,0.183,96.49,97.8,81.5,97.8,0.077,1462,1.3,3.2
979,Jermaine O'Neal,Jermaine,1610612748,MIA,31.0,70,37,33,0.529,1991.3366666666664,394,745,0.529,0,2,0.0,162,225,0.72,124,362,486,92,125,25,95,62,212,215,950,188,1906.2,14,0,1768.0,1,2009-10,28.4,106.4,107.8,107.8,101.3,102.6,102.6,5.1,5.2,5.2,0.078,0.74,8.7,0.068,0.19,0.13,11.8,11.8,0.529,0.563,0.228,0.229,92.46,91.28,76.07,91.28,0.119,3783,5.6,10.6
201966,Jermaine Taylor,Jermaine,1610612745,HOU,23.0,31,13,18,0.419,302.6983333333333,45,119,0.378,5,22,0.227,33,46,0.717,21,25,46,16,19,10,3,20,15,31,128,-119,227.2,1,0,221.0,1,2009-10,9.8,92.9,93.2,93.2,113.6,111.5,111.5,-20.7,-18.3,-18.3,0.096,0.84,9.2,0.06,0.095,0.075,10.9,10.9,0.399,0.46,0.218,0.223,98.0,98.71,82.26,98.71,0.067,620,1.5,3.8
711,Jerry Stackhouse,Jerry,1610612749,MIL,35.0,42,29,13,0.69,854.7383333333333,129,316,0.408,45,130,0.346,55,69,0.797,19,81,100,70,66,21,9,12,56,65,358,50,607.0,0,0,633.0,1,2009-10,20.4,103.6,105.1,105.1,102.3,101.6,101.6,1.3,3.5,3.5,0.133,1.06,14.5,0.023,0.096,0.059,13.6,13.7,0.479,0.517,0.218,0.22,93.01,92.63,77.19,92.63,0.084,1646,3.1,7.5
201573,Jerryd Bayless,Jerryd,1610612757,POR,21.0,74,45,29,0.608,1304.24,200,483,0.414,29,92,0.315,201,242,0.831,18,102,120,172,94,26,5,40,152,186,630,-6,1031.0,0,0,1013.0,1,2009-10,17.6,106.5,105.4,105.4,105.5,105.6,105.6,1.0,-0.2,-0.2,0.226,1.83,20.1,0.015,0.084,0.049,11.0,11.0,0.444,0.534,0.24,0.247,90.85,91.25,76.04,91.25,0.093,2479,2.7,6.5
201149,Joakim Noah,Joakim,1610612741,CHI,25.0,64,35,29,0.547,1924.69,262,520,0.504,0,0,0.0,163,219,0.744,220,484,704,132,117,32,100,46,198,189,687,-95,2008.8,28,0,1787.0,1,2009-10,30.1,101.3,102.0,102.0,102.7,103.7,103.7,-1.3,-1.6,-1.6,0.107,1.13,15.2,0.117,0.241,0.181,13.5,13.5,0.504,0.557,0.17,0.172,94.59,93.81,78.17,93.81,0.133,3745,4.1,8.1
201975,Jodie Meeks,Jodie,1610612755,PHI,22.0,60,23,37,0.383,718.8166666666667,104,268,0.388,42,132,0.318,31,39,0.795,9,90,99,39,25,18,5,14,52,35,281,-15,502.3,0,0,507.0,2,2009-10,12.0,105.5,105.3,105.3,108.7,105.5,105.5,-3.2,-0.2,-0.2,0.08,1.56,11.1,0.012,0.137,0.071,7.1,7.2,0.466,0.493,0.187,0.191,96.87,98.4,82.0,98.4,0.073,1468,1.7,4.5
201570,Joe Alexander,Joe,1610612741,CHI,23.0,8,1,7,0.125,28.898333333333333,1,6,0.167,0,1,0.0,2,3,0.667,2,3,5,2,0,1,1,0,9,2,4,-10,19.0,0,0,15.0,1,2009-10,3.6,110.5,113.1,113.1,135.0,116.2,116.2,-24.5,-3.1,-3.1,0.091,0.0,22.2,0.065,0.0,0.0,0.0,0.0,0.167,0.273,0.099,0.102,100.46,107.13,89.28,107.13,-0.033,61,0.1,0.8
2207,Joe Johnson,Joe,1610612737,ATL,29.0,76,50,26,0.658,2885.775,635,1386,0.458,129,350,0.369,220,269,0.818,74,279,353,369,145,82,5,52,145,219,1619,349,2712.1,4,0,2644.0,1,2009-10,38.0,111.1,112.9,112.9,105.1,106.6,106.6,6.0,6.2,6.2,0.216,2.54,18.4,0.027,0.102,0.064,7.2,7.2,0.505,0.538,0.264,0.267,91.7,90.31,75.26,90.31,0.126,5434,8.4,18.2
693,Joe Smith,Joe,1610612737,ATL,34.0,64,42,22,0.656,591.9383333333334,77,193,0.399,1,7,0.143,39,48,0.813,66,91,157,21,22,6,19,10,95,45,194,-17,466.9,1,0,423.0,1,2009-10,9.2,107.6,107.3,107.3,109.1,108.4,108.4,-1.6,-1.1,-1.1,0.055,0.95,8.1,0.109,0.167,0.136,8.5,8.6,0.402,0.453,0.175,0.179,92.09,92.52,77.1,92.52,0.058,1139,1.2,3.0
201202,Joel Anthony,Joel,1610612748,MIA,27.0,80,46,34,0.575,1322.378333333333,76,159,0.478,0,0,0.0,66,92,0.717,123,126,249,12,45,20,109,22,158,74,218,-4,876.8,0,0,737.0,1,2009-10,16.5,101.3,100.0,100.0,98.4,99.5,99.5,2.8,0.5,0.5,0.014,0.27,4.6,0.097,0.093,0.095,17.4,17.5,0.478,0.546,0.086,0.088,91.33,91.4,76.17,91.4,0.047,2510,1.0,2.0
2038,Joel Przybilla,Joel,1610612757,POR,30.0,30,18,12,0.6,681.2983333333333,45,86,0.523,0,0,0.0,33,51,0.647,72,166,238,8,39,8,43,12,95,63,123,41,534.6,1,0,471.0,1,2009-10,22.7,101.3,101.6,101.6,98.3,98.4,98.4,3.0,3.2,3.2,0.019,0.21,5.1,0.116,0.254,0.187,24.8,25.1,0.523,0.567,0.102,0.103,90.43,90.32,75.27,90.32,0.087,1282,1.5,2.9
201595,Joey Dorsey,Joey,1610612758,SAC,26.0,15,7,8,0.467,106.75166666666668,9,20,0.45,0,0,0.0,5,12,0.417,16,27,43,2,6,3,2,8,21,8,23,23,86.6,0,0,78.0,2,2009-10,7.1,119.7,116.7,116.7,104.8,106.0,106.0,14.9,10.6,10.6,0.025,0.33,6.1,0.15,0.252,0.201,18.2,18.0,0.45,0.455,0.119,0.124,96.47,97.12,80.94,97.12,0.048,216,0.6,1.3
101121,Joey Graham,Joey,1610612743,DEN,28.0,63,43,20,0.683,758.8283333333334,105,202,0.52,2,13,0.154,54,73,0.74,39,84,123,22,43,23,7,18,104,57,266,-40,493.6,0,0,473.0,1,2009-10,12.0,101.9,102.1,102.1,105.3,104.6,104.6,-3.4,-2.5,-2.5,0.046,0.51,7.3,0.056,0.113,0.085,14.3,14.4,0.525,0.568,0.161,0.164,97.26,97.48,81.23,97.48,0.06,1540,1.7,3.2
101130,Johan Petro,Johan,1610612743,DEN,24.0,36,23,13,0.639,435.49,54,101,0.535,0,1,0.0,14,21,0.667,32,97,129,14,23,10,13,4,80,19,122,11,343.8,2,0,311.0,1,2009-10,12.1,107.5,108.0,108.0,107.0,106.4,106.4,0.5,1.7,1.7,0.045,0.61,9.5,0.076,0.226,0.152,15.6,15.6,0.535,0.553,0.137,0.139,94.93,94.96,79.13,94.96,0.069,860,1.5,2.8
2422,John Salmons,John,1610612749,MIL,30.0,81,48,33,0.593,2824.596666666667,437,991,0.441,118,309,0.382,253,305,0.83,35,235,270,223,123,99,26,68,166,235,1245,137,2155.5,0,0,2106.0,2,2009-10,34.9,101.3,102.5,102.5,98.8,99.8,99.8,2.5,2.7,2.7,0.132,1.81,15.2,0.013,0.082,0.048,8.4,8.4,0.501,0.553,0.199,0.203,93.59,92.6,77.16,92.6,0.104,5445,5.4,12.2
201972,Jon Brockman,Jon,1610612758,SAC,23.0,52,15,37,0.288,653.6566666666666,55,103,0.534,0,0,0.0,37,62,0.597,105,108,213,22,23,15,5,8,115,69,147,-32,472.6,1,0,422.0,1,2009-10,12.6,107.2,108.4,108.4,108.9,109.1,109.1,-1.7,-0.7,-0.7,0.049,0.96,12.6,0.155,0.176,0.165,13.1,13.1,0.534,0.564,0.099,0.102,94.8,94.18,78.48,94.18,0.066,1272,1.1,2.0
201973,Jonas Jerebko,Jonas,1610612765,DET,23.0,80,26,54,0.325,2232.2,290,603,0.481,36,115,0.313,125,176,0.71,194,284,478,58,82,79,29,53,230,156,741,-161,1643.6,7,0,1529.0,1,2009-10,27.9,103.8,104.7,104.7,107.3,108.3,108.3,-3.5,-3.6,-3.6,0.041,0.71,7.1,0.088,0.146,0.115,10.0,10.0,0.511,0.545,0.155,0.158,90.21,89.45,74.55,89.45,0.082,4154,3.6,7.5
1886,Jonathan Bender,Jonathan,1610612752,NYK,29.0,25,9,16,0.36,292.4483333333333,40,100,0.4,14,39,0.359,24,26,0.923,15,37,52,16,28,2,17,9,33,21,118,-55,233.4,0,0,238.0,1,2009-10,11.7,97.8,96.8,96.8,108.4,107.8,107.8,-10.6,-11.0,-11.0,0.094,0.57,10.3,0.049,0.128,0.088,17.9,18.0,0.47,0.529,0.206,0.21,96.76,97.49,81.25,97.49,0.068,599,1.6,4.0
201938,Jonny Flynn,Jonny,1610612750,MIN,21.0,81,15,66,0.185,2339.4166666666665,397,952,0.417,77,215,0.358,223,270,0.826,24,167,191,356,233,82,2,61,98,210,1094,-626,1876.2,0,0,1886.0,1,2009-10,28.9,99.0,99.5,99.5,112.2,112.5,112.5,-13.2,-13.0,-13.0,0.245,1.53,21.4,0.01,0.076,0.041,14.0,14.0,0.457,0.511,0.24,0.243,98.89,98.46,82.05,98.46,0.087,4798,4.9,11.8
200770,Jordan Farmar,Jordan,1610612747,LAL,23.0,82,57,25,0.695,1474.0433333333333,224,515,0.435,86,229,0.376,57,85,0.671,14,117,131,127,72,52,11,22,109,81,591,59,1055.7,0,0,1061.0,1,2009-10,18.0,103.2,102.4,102.4,100.8,100.5,100.5,2.4,1.9,1.9,0.139,1.76,17.0,0.009,0.077,0.043,9.6,9.6,0.518,0.535,0.186,0.192,95.17,95.67,79.73,95.67,0.082,2939,2.7,6.3
201941,Jordan Hill,Jordan,1610612745,HOU,22.0,47,18,29,0.383,624.0983333333334,99,201,0.493,0,2,0.0,46,68,0.676,76,99,175,20,30,14,21,8,92,56,244,-19,559.0,0,0,509.0,2,2009-10,13.3,104.9,105.6,105.6,107.7,106.3,106.3,-2.8,-0.8,-0.8,0.052,0.67,7.1,0.113,0.174,0.141,10.7,10.7,0.493,0.528,0.177,0.181,95.49,95.79,79.83,95.79,0.086,1241,2.1,4.3
101181,Jose Calderon,Jose,1610612761,TOR,28.0,68,31,37,0.456,1817.2666666666669,274,568,0.482,68,171,0.398,83,104,0.798,23,119,142,404,99,47,7,25,135,86,699,-24,1538.4,3,0,1421.0,1,2009-10,26.7,109.7,111.1,111.1,112.0,112.5,112.5,-2.2,-1.4,-1.4,0.334,4.08,36.5,0.013,0.067,0.041,9.0,8.9,0.542,0.569,0.173,0.178,95.08,94.3,78.58,94.3,0.109,3582,4.0,8.4
200767,Josh Boone,Josh,1610612751,NJN,25.0,63,9,54,0.143,1045.4633333333334,117,223,0.525,0,0,0.0,19,58,0.328,124,191,315,29,37,30,48,17,111,44,253,-238,871.5,1,0,753.0,1,2009-10,16.6,94.7,93.8,93.8,105.7,105.5,105.5,-11.0,-11.7,-11.7,0.047,0.78,9.2,0.113,0.196,0.152,11.7,11.8,0.525,0.509,0.121,0.124,93.15,93.66,78.05,93.66,0.09,2040,1.9,3.5
2572,Josh Howard,Josh,1610612764,WAS,30.0,35,21,14,0.6,917.8416666666668,157,388,0.405,23,86,0.267,109,139,0.784,30,95,125,48,46,26,11,13,91,114,446,-1,733.0,0,0,716.0,2,2009-10,26.2,108.2,108.1,108.1,107.1,107.7,107.7,1.1,0.4,0.4,0.086,1.04,8.8,0.036,0.105,0.072,8.4,8.5,0.434,0.496,0.246,0.249,95.09,94.87,79.06,94.87,0.073,1810,4.5,11.1
201177,Josh McRoberts,Josh,1610612754,IND,23.0,42,19,23,0.452,524.0316666666666,76,146,0.521,8,23,0.348,19,38,0.5,40,87,127,44,19,17,16,13,74,35,179,-21,477.4,2,0,424.0,1,2009-10,12.5,104.9,104.6,104.6,105.8,105.8,105.8,-0.9,-1.2,-1.2,0.124,2.32,19.5,0.075,0.162,0.119,8.4,8.4,0.548,0.55,0.147,0.15,102.06,102.18,85.15,102.18,0.088,1112,1.8,3.5
2694,Josh Powell,Josh,1610612747,LAL,27.0,63,43,20,0.683,580.8333333333334,71,194,0.366,7,16,0.438,20,31,0.645,44,72,116,35,33,9,6,18,71,30,169,-82,372.7,0,0,357.0,1,2009-10,9.2,99.7,98.8,98.8,105.3,104.6,104.6,-5.6,-5.8,-5.8,0.097,1.06,12.7,0.07,0.125,0.096,12.0,12.0,0.384,0.407,0.181,0.186,94.56,95.33,79.44,95.33,0.038,1146,1.1,3.1
2746,Josh Smith,Josh,1610612737,ATL,24.0,81,52,29,0.642,2870.483333333333,504,999,0.505,0,7,0.0,261,422,0.618,223,482,705,342,198,130,172,63,240,346,1269,393,3336.0,27,1,2920.0,1,2009-10,35.4,110.2,111.8,111.8,102.9,104.5,104.5,7.3,7.3,7.3,0.187,1.73,20.0,0.082,0.174,0.128,11.6,11.5,0.505,0.536,0.221,0.224,92.02,90.66,75.55,90.66,0.13,5421,6.2,12.3
201950,Jrue Holiday,Jrue,1610612755,PHI,20.0,73,24,49,0.329,1766.7616666666668,230,520,0.442,62,159,0.39,65,86,0.756,56,135,191,280,156,79,18,26,153,81,587,-163,1371.2,2,0,1314.0,1,2009-10,24.2,103.9,104.5,104.5,109.0,108.7,108.7,-5.1,-4.2,-4.2,0.239,1.79,28.2,0.033,0.083,0.058,15.7,15.7,0.502,0.526,0.18,0.183,93.75,93.54,77.95,93.54,0.079,3434,3.2,7.1
201153,Julian Wright,Julian,1610612740,NOH,23.0,68,26,42,0.382,870.7,116,232,0.5,2,6,0.333,25,41,0.61,58,86,144,41,44,29,18,12,45,33,259,-22,590.3,0,0,540.0,1,2009-10,12.8,105.0,105.2,105.2,105.4,105.7,105.7,-0.4,-0.5,-0.5,0.066,0.93,12.2,0.07,0.104,0.087,13.1,13.1,0.504,0.518,0.15,0.151,97.03,96.75,80.62,96.75,0.072,1749,1.7,3.4
436,Juwan Howard,Juwan,1610612757,POR,37.0,73,44,29,0.603,1631.5233333333333,191,375,0.509,0,1,0.0,55,70,0.786,108,227,335,61,72,27,10,27,191,73,437,-71,969.5,2,0,907.0,1,2009-10,22.3,104.8,104.6,104.6,105.8,106.6,106.6,-1.0,-2.0,-2.0,0.062,0.85,11.3,0.07,0.158,0.113,13.3,13.4,0.509,0.538,0.14,0.143,88.37,88.16,73.47,88.16,0.07,2991,2.6,5.1
2416,Kareem Rush,Kareem,1610612746,LAC,29.0,7,2,5,0.286,57.77166666666667,4,11,0.364,1,3,0.333,0,0,0.0,1,5,6,4,3,2,3,1,8,3,9,-11,34.2,0,0,30.0,1,2009-10,8.3,107.1,101.8,101.8,110.1,112.7,112.7,-3.0,-10.9,-10.9,0.105,1.33,22.2,0.019,0.085,0.054,16.7,16.7,0.409,0.409,0.108,0.113,90.61,91.81,76.51,91.81,0.025,111,0.6,1.6
2586,Keith Bogans,Keith,1610612759,SAS,30.0,79,50,29,0.633,1559.2266666666667,120,298,0.403,70,196,0.357,37,50,0.74,25,151,176,95,53,45,12,26,156,62,347,31,818.7,0,0,802.0,1,2009-10,19.7,104.5,104.9,104.9,102.6,102.9,102.9,1.9,2.0,2.0,0.086,1.79,20.3,0.017,0.098,0.059,11.3,11.3,0.52,0.542,0.108,0.11,94.8,94.49,78.74,94.49,0.049,3055,1.5,3.8
101235,Kelenna Azubuike,Kelenna,1610612744,GSW,26.0,9,3,6,0.333,231.055,48,88,0.545,10,27,0.37,19,28,0.679,12,29,41,10,7,5,9,6,16,24,125,-41,224.2,0,0,214.0,1,2009-10,25.7,100.5,101.4,101.4,109.6,109.5,109.5,-9.1,-8.0,-8.0,0.07,1.43,8.5,0.05,0.128,0.088,6.0,6.0,0.602,0.623,0.192,0.195,103.58,103.14,85.95,103.14,0.126,496,5.3,9.8
2570,Kendrick Perkins,Kendrick,1610612738,BOS,25.0,78,48,30,0.615,2153.52,314,522,0.602,0,3,0.0,163,280,0.582,155,440,595,80,165,26,132,66,219,228,791,282,1934.0,14,0,1782.0,1,2009-10,27.6,107.4,108.4,108.4,100.0,101.4,101.4,7.4,6.9,6.9,0.057,0.48,9.0,0.087,0.209,0.153,18.5,18.5,0.602,0.613,0.176,0.177,94.02,92.95,77.45,92.95,0.105,4167,4.0,6.7
1903,Kenny Thomas,Kenny,1610612758,SAC,32.0,26,12,14,0.462,313.18333333333334,17,35,0.486,0,0,0.0,7,12,0.583,35,51,86,15,17,10,10,2,42,10,41,-5,209.7,0,0,182.0,1,2009-10,12.0,110.3,108.8,108.8,107.8,108.2,108.2,2.5,0.6,0.6,0.064,0.88,20.5,0.115,0.163,0.139,23.3,23.5,0.486,0.509,0.081,0.083,94.41,94.87,79.06,94.87,0.053,615,0.7,1.3
2030,Kenyon Martin,Kenyon,1610612743,DEN,32.0,58,39,19,0.672,1986.2283333333328,283,620,0.456,8,29,0.276,93,167,0.557,142,404,546,109,91,72,61,34,186,110,667,135,1793.7,23,0,1596.0,1,2009-10,34.2,107.7,108.9,108.9,104.4,105.4,105.4,3.4,3.6,3.6,0.087,1.2,12.2,0.073,0.205,0.139,10.2,10.2,0.463,0.481,0.172,0.174,98.43,97.41,81.18,97.41,0.095,4027,4.9,10.7
201142,Kevin Durant,Kevin,1610612760,OKC,21.0,82,50,32,0.61,3239.325,794,1668,0.476,128,351,0.365,756,840,0.9,105,518,623,231,271,112,84,67,171,539,2472,431,3883.1,25,0,3846.0,1,2009-10,39.5,108.2,109.0,109.0,101.2,102.7,102.7,7.0,6.2,6.2,0.13,0.85,9.1,0.034,0.158,0.098,10.7,10.7,0.514,0.607,0.311,0.317,96.5,95.46,79.55,95.46,0.183,6456,9.7,20.3
708,Kevin Garnett,Kevin,1610612738,BOS,34.0,69,44,25,0.638,2060.1716666666666,402,772,0.521,1,5,0.2,185,221,0.837,78,428,506,185,101,68,57,22,170,198,990,310,2148.7,10,0,1932.0,1,2009-10,29.9,107.1,107.9,107.9,99.0,100.5,100.5,8.1,7.4,7.4,0.148,1.83,16.0,0.045,0.209,0.133,8.7,8.7,0.521,0.569,0.218,0.22,95.07,94.03,78.36,94.03,0.151,4041,5.8,11.2
201567,Kevin Love,Kevin,1610612750,MIN,21.0,60,12,48,0.2,1713.9383333333333,291,646,0.45,35,106,0.33,225,276,0.815,227,431,658,136,117,43,23,60,136,239,842,-225,1916.6,36,0,1803.0,1,2009-10,28.6,101.7,102.1,102.1,109.2,108.7,108.7,-7.5,-6.6,-6.6,0.127,1.16,13.3,0.129,0.255,0.19,11.4,11.5,0.478,0.549,0.216,0.219,99.06,99.13,82.61,99.13,0.146,3544,4.9,10.8
2755,Kevin Martin,Kevin,1610612745,HOU,27.0,46,16,30,0.348,1632.965,289,693,0.417,70,210,0.333,298,340,0.876,29,135,164,111,92,46,6,38,96,224,946,-148,1373.3,1,0,1395.0,2,2009-10,35.5,104.6,106.0,106.0,108.9,110.3,110.3,-4.2,-4.3,-4.3,0.113,1.21,10.7,0.018,0.085,0.051,8.8,8.8,0.468,0.561,0.248,0.252,98.15,96.91,80.76,96.91,0.107,3294,6.3,15.1
1563,Kevin Ollie,Kevin,1610612760,OKC,37.0,25,15,10,0.6,263.2133333333333,18,45,0.4,0,1,0.0,8,8,1.0,3,22,25,20,6,9,0,2,16,15,44,-23,125.0,0,0,107.0,1,2009-10,10.5,98.6,97.1,97.1,102.4,101.0,101.0,-3.8,-3.9,-3.9,0.12,3.33,27.0,0.013,0.092,0.054,8.1,8.1,0.4,0.453,0.092,0.097,93.19,94.55,78.8,94.55,0.065,517,0.7,1.8
2039,Keyon Dooling,Keyon,1610612751,NJN,30.0,53,12,41,0.226,970.52,129,324,0.398,59,157,0.376,47,61,0.77,8,46,54,135,59,34,0,10,82,64,364,-78,674.3,0,0,680.0,1,2009-10,18.3,100.0,98.1,98.1,103.0,102.6,102.6,-3.0,-4.5,-4.5,0.248,2.29,24.9,0.009,0.049,0.029,10.9,10.8,0.489,0.519,0.194,0.202,91.14,92.17,76.8,92.17,0.077,1866,2.4,6.1
2550,Kirk Hinrich,Kirk,1610612741,CHI,29.0,74,40,34,0.541,2481.4816666666666,308,753,0.409,104,280,0.371,85,113,0.752,24,236,260,330,113,85,24,43,204,113,805,-100,1826.0,1,0,1717.0,1,2009-10,33.5,100.4,101.3,101.3,102.5,103.3,103.3,-2.1,-1.9,-1.9,0.203,2.92,26.6,0.01,0.094,0.052,9.1,9.1,0.478,0.501,0.162,0.165,96.3,95.5,79.58,95.5,0.083,4935,4.2,10.2
977,Kobe Bryant,Kobe,1610612747,LAL,31.0,73,51,22,0.699,2835.383333333333,716,1569,0.456,99,301,0.329,439,541,0.811,78,313,391,365,233,113,20,68,187,425,1970,466,3152.7,7,0,3091.0,1,2009-10,38.8,108.5,109.8,109.8,100.0,101.8,101.8,8.5,8.1,8.1,0.23,1.57,15.2,0.028,0.108,0.069,9.7,9.7,0.488,0.545,0.319,0.323,95.54,94.16,78.47,94.16,0.147,5570,9.8,21.5
201585,Kosta Koufos,Kosta,1610612762,UTA,21.0,36,25,11,0.694,172.42333333333335,22,47,0.468,0,0,0.0,9,15,0.6,16,29,45,6,15,2,4,7,26,12,53,-61,119.0,0,0,116.0,1,2009-10,4.8,94.1,90.8,90.8,112.0,106.3,106.3,-17.9,-15.5,-15.5,0.057,0.4,8.1,0.095,0.178,0.136,20.3,20.1,0.468,0.494,0.167,0.178,96.56,100.91,84.1,100.91,0.051,360,0.6,1.3
2743,Kris Humphries,Kris,1610612751,NJN,25.0,69,27,42,0.391,1221.368333333333,180,408,0.441,0,1,0.0,127,190,0.668,120,258,378,32,66,36,48,36,145,162,487,-192,1174.6,4,0,1065.0,2,2009-10,17.7,101.1,100.3,100.3,109.2,108.5,108.5,-8.1,-8.2,-8.2,0.046,0.48,5.4,0.102,0.228,0.164,11.2,11.2,0.441,0.495,0.205,0.211,93.25,93.95,78.29,93.95,0.098,2392,2.6,5.9
703,Kurt Thomas,Kurt,1610612749,MIL,37.0,70,37,33,0.529,1049.265,99,208,0.476,0,0,0.0,12,15,0.8,84,207,291,47,48,26,46,16,159,44,210,-78,797.7,1,0,692.0,1,2009-10,15.0,99.9,100.7,100.7,105.2,103.6,103.6,-5.3,-2.9,-2.9,0.069,0.98,15.2,0.076,0.21,0.139,15.5,15.5,0.476,0.489,0.113,0.114,93.36,93.64,78.04,93.64,0.07,2038,1.4,3.0
2198,Kwame Brown,Kwame,1610612765,DET,28.0,48,16,32,0.333,659.6266666666667,62,124,0.5,0,1,0.0,33,98,0.337,53,124,177,22,43,15,12,13,93,101,157,-105,440.4,0,0,410.0,1,2009-10,13.7,96.3,97.2,97.2,105.7,105.2,105.2,-9.4,-8.0,-8.0,0.056,0.51,9.4,0.083,0.209,0.144,18.4,18.5,0.5,0.47,0.148,0.15,90.75,90.56,75.47,90.56,0.047,1242,1.3,2.6
2594,Kyle Korver,Kyle,1610612762,UTA,29.0,52,36,16,0.692,951.77,138,280,0.493,59,110,0.536,39,49,0.796,10,101,111,89,42,26,12,5,76,38,374,196,712.7,0,0,709.0,1,2009-10,18.3,110.1,110.1,110.1,100.5,99.8,99.8,9.5,10.3,10.3,0.137,2.12,20.9,0.011,0.108,0.061,9.9,9.7,0.598,0.62,0.154,0.16,96.35,96.65,80.54,96.65,0.1,1916,2.7,5.4
200768,Kyle Lowry,Kyle,1610612745,HOU,24.0,68,37,31,0.544,1651.2283333333332,184,464,0.397,37,136,0.272,215,260,0.827,91,156,247,305,116,60,9,37,173,254,620,105,1464.9,2,0,1347.0,1,2009-10,24.3,105.5,107.0,107.0,103.5,103.2,103.2,2.0,3.8,3.8,0.281,2.63,30.6,0.053,0.099,0.075,11.6,11.6,0.436,0.536,0.179,0.183,97.04,96.54,80.45,96.54,0.108,3311,2.7,6.8
201602,Kyle Weaver,Kyle,1610612760,OKC,24.0,12,8,4,0.667,144.435,12,33,0.364,7,19,0.368,5,6,0.833,1,17,18,11,4,6,6,0,13,4,36,-8,106.1,0,0,96.0,1,2009-10,12.0,103.2,101.4,101.4,105.4,102.0,102.0,-2.3,-0.6,-0.6,0.112,2.75,21.6,0.007,0.121,0.065,7.8,7.9,0.47,0.505,0.118,0.122,96.87,99.37,82.81,99.37,0.07,296,1.0,2.8
201178,Kyrylo Fesenko,Kyrylo,1610612762,UTA,23.0,49,28,21,0.571,407.725,52,95,0.547,0,1,0.0,24,57,0.421,33,57,90,15,24,6,19,9,78,40,128,99,309.5,0,0,283.0,1,2009-10,8.3,107.2,106.7,106.7,97.3,92.7,92.7,9.9,14.0,14.0,0.055,0.63,9.4,0.088,0.135,0.113,15.1,15.1,0.547,0.533,0.155,0.161,93.57,96.12,80.1,96.12,0.044,809,1.1,1.9
200746,LaMarcus Aldridge,LaMarcus,1610612757,POR,24.0,78,49,29,0.628,2921.6383333333333,579,1169,0.495,5,16,0.313,230,304,0.757,192,435,627,160,104,67,48,42,231,270,1393,250,2626.4,24,0,2415.0,1,2009-10,37.5,108.6,109.9,109.9,103.7,104.9,104.9,4.8,4.9,4.9,0.099,1.54,10.2,0.072,0.164,0.118,6.6,6.6,0.497,0.535,0.228,0.231,89.4,88.35,73.62,88.35,0.126,5370,7.4,15.0
1885,Lamar Odom,Lamar,1610612747,LAL,30.0,82,57,25,0.695,2584.5816666666665,342,739,0.463,58,182,0.319,140,202,0.693,184,618,802,267,150,75,59,46,227,170,882,305,2496.9,25,0,2277.0,1,2009-10,31.5,105.5,106.0,106.0,99.4,100.3,100.3,6.1,5.7,5.7,0.159,1.78,21.5,0.071,0.232,0.152,12.1,12.0,0.502,0.533,0.166,0.17,95.74,95.09,79.24,95.09,0.131,5127,4.2,9.0
1716,Larry Hughes,Larry,1610612766,CHA,31.0,45,20,25,0.444,1114.5233333333333,137,386,0.355,43,139,0.309,94,113,0.832,23,119,142,137,75,52,15,23,70,95,411,-72,912.9,2,0,867.0,2,2009-10,24.8,102.1,102.3,102.3,105.5,105.6,105.6,-3.4,-3.3,-3.3,0.196,1.83,21.1,0.02,0.114,0.065,11.6,11.6,0.411,0.472,0.201,0.206,96.73,96.64,80.54,96.64,0.084,2245,3.0,8.6
2544,LeBron James,LeBron,1610612739,CLE,25.0,76,60,16,0.789,2965.73,768,1528,0.503,129,387,0.333,593,773,0.767,71,483,554,651,261,125,77,43,119,531,2258,650,4244.3,31,4,3996.0,1,2009-10,39.0,112.3,114.0,114.0,101.4,103.0,103.0,10.8,11.0,11.0,0.398,2.49,23.5,0.027,0.165,0.099,9.4,9.4,0.545,0.604,0.328,0.333,93.99,92.57,77.14,92.57,0.218,5728,10.1,20.1
2571,Leandro Barbosa,Leandro,1610612756,PHX,27.0,44,32,12,0.727,785.6033333333334,155,365,0.425,44,136,0.324,64,73,0.877,11,58,69,64,46,23,12,20,71,56,418,93,655.8,0,0,665.0,1,2009-10,17.9,111.6,111.5,111.5,103.7,105.5,105.5,7.9,6.0,6.0,0.125,1.39,12.7,0.015,0.07,0.044,9.1,9.1,0.485,0.526,0.239,0.246,100.2,99.41,82.84,99.41,0.086,1625,3.5,8.3
200796,Leon Powe,Leon,1610612739,CLE,26.0,20,15,5,0.75,235.70333333333332,21,49,0.429,0,0,0.0,37,63,0.587,19,42,61,0,11,6,2,8,36,49,79,-15,165.2,0,0,156.0,1,2009-10,11.8,101.7,100.2,100.2,102.7,102.0,102.0,-1.0,-1.7,-1.7,0.0,0.0,0.0,0.083,0.172,0.129,12.2,12.5,0.429,0.515,0.17,0.172,91.79,92.76,77.3,92.76,0.053,452,1.1,2.5
201991,Lester Hudson,Lester,1610612763,MEM,25.0,25,18,7,0.72,131.42666666666668,21,53,0.396,5,16,0.313,11,13,0.846,7,11,18,13,14,8,3,1,12,9,58,16,118.1,0,0,116.0,2,2009-10,5.3,109.2,105.1,105.1,106.7,102.3,102.3,2.5,2.9,2.9,0.155,0.93,15.1,0.055,0.085,0.07,16.3,16.3,0.443,0.494,0.23,0.24,94.74,98.61,82.18,98.61,0.079,274,0.8,2.1
283,Lindsey Hunter,Lindsey,1610612741,CHI,39.0,13,2,11,0.154,121.815,5,30,0.167,1,13,0.077,2,2,1.0,1,13,14,9,4,1,0,0,12,4,13,-12,42.3,0,0,39.0,1,2009-10,9.4,103.9,103.9,103.9,112.3,110.0,110.0,-8.5,-6.1,-6.1,0.105,2.25,20.5,0.008,0.107,0.056,9.1,9.1,0.183,0.21,0.131,0.134,89.72,90.63,75.52,90.63,-0.012,231,0.4,2.3
200811,Lou Amundson,Lou,1610612756,PHX,27.0,79,53,26,0.671,1168.0916666666667,152,276,0.551,0,1,0.0,67,123,0.545,128,218,346,31,57,24,73,31,169,110,371,65,1066.7,2,0,942.0,1,2009-10,14.8,109.3,107.7,107.7,104.2,104.5,104.5,5.1,3.2,3.2,0.04,0.54,7.4,0.113,0.186,0.15,13.6,13.6,0.551,0.562,0.142,0.147,97.27,97.84,81.53,97.84,0.086,2376,1.9,3.5
101150,Lou Williams,Lou,1610612755,PHI,23.0,64,23,41,0.359,1911.9766666666667,318,677,0.47,70,206,0.34,192,233,0.824,25,162,187,268,106,80,15,44,110,200,898,-101,1703.4,2,0,1613.0,1,2009-10,29.9,105.7,105.9,105.9,107.8,108.5,108.5,-2.1,-2.7,-2.7,0.219,2.53,23.3,0.014,0.09,0.052,9.2,9.2,0.521,0.576,0.208,0.212,94.97,94.58,78.82,94.58,0.117,3767,5.0,10.6
201601,Luc Mbah a Moute,Luc,1610612749,MIL,23.0,73,42,31,0.575,1866.3283333333331,177,369,0.48,6,17,0.353,93,133,0.699,171,229,400,81,70,60,39,40,181,123,453,24,1281.5,4,0,1138.0,1,2009-10,25.6,101.3,102.2,102.2,99.8,100.2,100.2,1.5,2.0,2.0,0.067,1.16,14.0,0.086,0.134,0.108,12.1,12.1,0.488,0.53,0.12,0.121,92.87,92.25,76.88,92.25,0.076,3563,2.4,5.1
2449,Luis Scola,Luis,1610612745,HOU,30.0,82,42,40,0.512,2671.293333333333,560,1090,0.514,1,5,0.2,208,267,0.779,175,530,705,169,163,63,26,75,246,272,1329,-58,2532.5,32,0,2382.0,1,2009-10,32.6,103.4,105.8,105.8,106.0,106.7,106.7,-2.6,-0.9,-0.9,0.11,1.04,11.0,0.065,0.21,0.135,10.6,10.6,0.514,0.55,0.227,0.228,96.36,95.01,79.18,95.01,0.128,5282,6.8,13.3
2557,Luke Ridnour,Luke,1610612749,MIL,29.0,82,46,36,0.561,1758.575,328,686,0.478,69,181,0.381,127,140,0.907,24,119,143,324,106,54,7,21,182,174,852,3,1586.6,3,0,1510.0,1,2009-10,21.4,102.4,103.4,103.4,103.7,102.3,102.3,-1.3,1.0,1.0,0.314,3.06,27.6,0.013,0.072,0.041,9.0,9.0,0.528,0.57,0.214,0.219,94.72,94.89,79.08,94.89,0.127,3461,4.0,8.4
2575,Luke Walton,Luke,1610612747,LAL,30.0,29,20,9,0.69,271.7733333333333,30,84,0.357,7,17,0.412,2,4,0.5,12,26,38,40,12,10,1,3,19,13,69,-48,195.6,0,0,176.0,1,2009-10,9.4,101.2,100.2,100.2,109.7,109.2,109.2,-8.5,-9.0,-9.0,0.223,3.33,29.0,0.04,0.096,0.067,8.7,8.7,0.399,0.402,0.157,0.161,91.78,92.46,77.05,92.46,0.072,523,1.0,2.9
2736,Luol Deng,Luol,1610612741,CHI,25.0,70,37,33,0.529,2650.6866666666665,473,1014,0.466,32,83,0.386,252,330,0.764,131,381,512,143,134,66,61,53,129,261,1230,58,2305.9,13,0,2171.0,1,2009-10,37.9,102.4,103.5,103.5,101.4,102.6,102.6,0.9,0.9,0.9,0.088,1.07,9.9,0.049,0.139,0.095,9.3,9.3,0.482,0.531,0.215,0.217,95.55,94.44,78.7,94.44,0.116,5221,6.8,14.5
101129,Luther Head,Luther,1610612754,IND,27.0,47,19,28,0.404,813.115,136,311,0.437,37,105,0.352,48,58,0.828,6,74,80,72,54,18,9,12,53,45,357,11,588.0,0,0,600.0,1,2009-10,17.3,103.4,103.2,103.2,102.5,102.4,102.4,0.9,0.8,0.8,0.142,1.33,15.6,0.007,0.085,0.048,11.7,11.7,0.497,0.53,0.206,0.212,100.18,100.33,83.6,100.33,0.085,1698,2.9,6.6
2124,Malik Allen,Malik,1610612743,DEN,32.0,51,36,15,0.706,456.43,46,116,0.397,1,6,0.167,12,13,0.923,36,46,82,16,22,11,5,4,68,15,105,-119,253.4,0,0,236.0,1,2009-10,8.9,100.0,98.3,98.3,112.8,111.4,111.4,-12.8,-13.1,-13.1,0.055,0.73,10.0,0.081,0.107,0.094,13.8,13.8,0.401,0.431,0.14,0.145,93.45,94.81,79.0,94.81,0.025,901,0.9,2.3
201612,Malik Hairston,Malik,1610612759,SAS,23.0,47,35,12,0.745,317.13,40,76,0.526,2,11,0.182,17,30,0.567,13,36,49,16,11,4,9,3,29,23,99,-14,209.8,0,0,192.0,1,2009-10,6.7,111.4,106.6,106.6,108.8,107.9,107.9,2.6,-1.3,-1.3,0.075,1.45,13.9,0.046,0.108,0.079,9.6,9.5,0.539,0.555,0.135,0.143,96.68,99.21,82.68,99.21,0.068,653,0.9,1.6
1938,Manu Ginobili,Manu,1610612759,SAS,32.0,75,46,29,0.613,2149.826666666667,398,903,0.441,132,350,0.377,309,355,0.87,68,216,284,370,154,103,24,47,154,276,1237,392,2359.8,3,0,2277.0,1,2009-10,28.7,110.2,110.8,110.8,102.3,102.6,102.6,8.0,8.2,8.2,0.273,2.4,23.6,0.033,0.104,0.068,9.8,9.7,0.514,0.584,0.247,0.253,95.3,94.94,79.11,94.94,0.15,4272,5.3,12.0
201188,Marc Gasol,Marc,1610612763,MEM,25.0,69,35,34,0.507,2468.92,378,651,0.581,0,1,0.0,252,376,0.67,208,432,640,165,135,69,109,40,254,393,1008,110,2422.5,28,0,2169.0,1,2009-10,35.8,107.1,109.4,109.4,106.3,107.1,107.1,0.8,2.3,2.3,0.1,1.22,14.8,0.088,0.188,0.137,12.1,12.1,0.581,0.617,0.17,0.172,94.59,93.23,77.69,93.23,0.122,4796,5.5,9.4
101162,Marcin Gortat,Marcin,1610612753,ORL,26.0,81,58,23,0.716,1087.95,121,227,0.533,0,3,0.0,51,75,0.68,104,237,341,17,46,17,70,15,138,75,293,37,942.7,0,0,825.0,1,2009-10,13.4,105.6,104.8,104.8,101.4,102.2,102.2,4.2,2.6,2.6,0.024,0.37,5.3,0.096,0.209,0.154,14.3,14.2,0.533,0.563,0.125,0.129,95.27,95.23,79.36,95.23,0.094,2149,1.5,2.8
201158,Marco Belinelli,Marco,1610612761,TOR,24.0,66,29,37,0.439,1120.9516666666666,154,379,0.406,60,158,0.38,101,121,0.835,14,81,95,89,60,42,5,22,80,105,469,79,797.5,0,0,807.0,1,2009-10,17.0,109.5,109.3,109.3,107.2,107.0,107.0,2.2,2.3,2.3,0.119,1.48,15.3,0.013,0.074,0.044,10.3,10.3,0.485,0.543,0.193,0.197,96.41,96.58,80.49,96.58,0.078,2268,2.3,5.7
2556,Marcus Banks,Marcus,1610612761,TOR,28.0,22,12,10,0.545,243.8383333333333,39,73,0.534,7,24,0.292,24,29,0.828,3,20,23,26,20,12,2,4,30,24,109,-19,197.6,0,0,193.0,1,2009-10,11.1,96.8,95.3,95.3,98.9,99.4,99.4,-2.2,-4.0,-4.0,0.215,1.3,19.5,0.013,0.08,0.049,15.0,15.2,0.582,0.635,0.201,0.21,92.02,92.52,77.1,92.52,0.121,470,1.8,3.3
948,Marcus Camby,Marcus,1610612757,POR,36.0,74,37,37,0.5,2314.293333333333,238,501,0.475,2,7,0.286,78,122,0.639,249,622,871,186,91,95,146,16,161,122,556,102,2512.2,17,0,2097.0,2,2009-10,31.3,105.5,107.0,107.0,102.9,104.2,104.2,2.6,2.8,2.8,0.119,2.04,22.4,0.111,0.278,0.194,10.9,10.9,0.477,0.501,0.126,0.126,94.27,93.04,77.54,93.04,0.138,4474,3.2,6.8
2409,Marcus Haislip,Marcus,1610612759,SAS,29.0,10,8,2,0.8,43.766666666666666,10,21,0.476,3,5,0.6,2,5,0.4,4,6,10,0,3,0,2,2,5,3,25,-5,40.0,0,0,42.0,1,2009-10,4.4,92.6,85.6,85.6,95.2,94.3,94.3,-2.6,-8.7,-8.7,0.0,0.0,0.0,0.0,0.113,0.0,11.5,11.5,0.548,0.539,0.26,0.281,92.83,97.06,80.88,97.06,0.09,90,1.0,2.1
202068,Marcus Landry,Marcus,1610612738,BOS,24.0,18,7,11,0.389,110.65,16,43,0.372,9,28,0.321,3,5,0.6,5,14,19,0,6,1,2,2,14,5,44,4,69.8,0,0,78.0,2,2009-10,6.1,109.7,108.4,108.4,109.0,106.2,106.2,0.8,2.2,2.2,0.0,0.0,0.0,0.043,0.124,0.083,11.8,11.7,0.477,0.487,0.194,0.201,96.4,98.26,81.88,98.26,0.034,226,0.9,2.4
201977,Marcus Thornton,Marcus,1610612740,NOH,23.0,73,33,40,0.452,1871.5966666666664,398,883,0.451,117,313,0.374,144,177,0.814,72,139,211,114,76,58,11,46,127,143,1057,-77,1612.2,0,0,1637.0,1,2009-10,25.6,105.7,106.5,106.5,107.9,108.3,108.3,-2.2,-1.8,-1.8,0.103,1.5,9.9,0.04,0.08,0.06,6.6,6.6,0.517,0.55,0.248,0.252,95.07,94.57,78.81,94.57,0.102,3683,5.5,12.1
200766,Marcus Williams,Marcus,1610612763,MEM,24.0,62,27,35,0.435,872.3616666666667,104,271,0.384,24,81,0.296,37,55,0.673,13,80,93,161,74,32,1,11,43,47,269,-137,647.1,0,0,613.0,1,2009-10,14.1,100.8,100.4,100.4,108.4,107.8,107.8,-7.6,-7.4,-7.4,0.274,2.18,30.4,0.015,0.093,0.054,14.0,14.0,0.428,0.456,0.18,0.185,97.07,97.53,81.27,97.53,0.084,1770,1.7,4.4
200776,Mardy Collins,Mardy,1610612746,LAC,25.0,43,15,28,0.349,470.3433333333333,47,128,0.367,4,17,0.235,13,21,0.619,13,37,50,44,32,23,1,7,45,23,111,-108,277.0,0,0,257.0,1,2009-10,10.9,96.8,95.5,95.5,105.9,105.3,105.3,-9.1,-9.8,-9.8,0.151,1.38,20.7,0.029,0.083,0.055,15.0,15.0,0.383,0.404,0.162,0.168,93.68,94.55,78.79,94.55,0.037,918,1.1,3.0
201596,Mario Chalmers,Mario,1610612748,MIA,24.0,73,43,30,0.589,1806.86,182,454,0.401,75,236,0.318,82,110,0.745,25,110,135,246,123,91,12,22,175,157,521,11,1238.0,0,0,1183.0,1,2009-10,24.8,102.2,102.6,102.6,100.7,102.4,102.4,1.5,0.2,0.2,0.217,2.0,28.2,0.014,0.063,0.039,14.1,14.1,0.483,0.519,0.16,0.163,91.94,91.01,75.84,91.01,0.072,3428,2.5,6.2
201238,Mario West,Mario,1610612737,ATL,26.0,39,25,14,0.641,142.22,12,21,0.571,0,1,0.0,6,10,0.6,8,19,27,9,7,8,0,3,25,6,30,-26,92.9,0,0,82.0,1,2009-10,3.6,99.5,92.3,92.3,97.8,94.7,94.7,1.7,-2.4,-2.4,0.092,1.29,22.0,0.062,0.123,0.095,17.1,16.9,0.571,0.591,0.095,0.106,98.61,103.95,86.63,103.95,0.057,298,0.3,0.5
2605,Marquis Daniels,Marquis,1610612738,BOS,29.0,51,32,19,0.627,936.89,124,249,0.498,6,28,0.214,34,56,0.607,27,68,95,66,42,27,6,25,91,58,288,21,558.0,0,0,521.0,1,2009-10,18.4,105.5,104.7,104.7,101.7,103.2,103.2,3.8,1.6,1.6,0.111,1.57,17.4,0.032,0.076,0.055,11.1,11.0,0.51,0.526,0.156,0.162,92.8,92.5,77.08,92.5,0.062,1802,2.4,4.9
201578,Marreese Speights,Marreese,1610612755,PHI,22.0,62,24,38,0.387,1015.8416666666668,212,444,0.477,0,5,0.0,108,145,0.745,85,167,252,36,51,29,34,21,152,122,532,-193,1026.4,3,0,946.0,1,2009-10,16.4,103.7,103.6,103.6,112.7,112.4,112.4,-9.0,-8.8,-8.8,0.062,0.71,6.0,0.087,0.182,0.133,8.5,8.6,0.477,0.524,0.249,0.253,94.48,94.67,78.89,94.67,0.097,1996,3.4,7.2
101110,Martell Webster,Martell,1610612757,POR,23.0,82,50,32,0.61,2005.1616666666664,259,639,0.405,124,332,0.373,126,155,0.813,47,221,268,62,60,45,40,32,153,127,768,110,1377.6,2,0,1392.0,1,2009-10,24.5,106.8,106.9,106.9,104.3,104.2,104.2,2.5,2.8,2.8,0.05,1.03,7.5,0.024,0.124,0.072,7.2,7.2,0.502,0.543,0.177,0.181,90.18,90.18,75.15,90.18,0.081,3770,3.2,7.8
101107,Marvin Williams,Marvin,1610612737,ATL,24.0,81,52,29,0.642,2468.471666666667,302,664,0.455,40,132,0.303,176,215,0.819,106,310,416,93,72,66,46,40,160,153,820,241,1722.7,3,0,1593.0,1,2009-10,30.5,108.4,108.4,108.4,101.9,103.1,103.1,6.5,5.3,5.3,0.056,1.29,10.1,0.045,0.131,0.088,7.8,7.8,0.485,0.54,0.156,0.159,91.41,90.88,75.73,90.88,0.087,4670,3.7,8.2
2440,Matt Barnes,Matt,1610612753,ORL,30.0,81,59,22,0.728,2097.273333333333,271,557,0.487,66,207,0.319,108,146,0.74,106,339,445,134,112,59,30,35,185,125,716,452,1606.0,5,0,1539.0,1,2009-10,25.9,111.7,112.4,112.4,99.4,101.2,101.2,12.3,11.2,11.2,0.097,1.2,15.4,0.055,0.162,0.111,12.9,12.9,0.546,0.576,0.16,0.162,94.52,93.42,77.85,93.42,0.098,4079,3.3,6.9
2588,Matt Bonner,Matt,1610612759,SAS,30.0,65,40,25,0.615,1160.8116666666667,166,372,0.446,90,231,0.39,35,48,0.729,52,162,214,68,39,30,24,8,109,57,457,209,938.8,1,0,937.0,1,2009-10,17.9,110.5,111.3,111.3,102.5,103.0,103.0,8.0,8.3,8.3,0.09,1.74,13.7,0.047,0.14,0.095,7.9,7.8,0.567,0.581,0.165,0.17,94.68,94.07,78.39,94.07,0.099,2284,2.6,5.7
2679,Matt Carroll,Matt,1610612742,DAL,29.0,25,16,9,0.64,120.84166666666668,18,50,0.36,4,19,0.211,6,6,1.0,4,8,12,6,7,5,0,1,13,5,46,-13,77.4,0,0,78.0,1,2009-10,4.8,102.5,96.8,96.8,111.1,103.2,103.2,-8.6,-6.4,-6.4,0.082,0.86,9.1,0.033,0.074,0.052,10.6,10.7,0.4,0.437,0.213,0.227,92.83,99.1,82.59,99.1,0.036,251,0.7,2.0
2230,Maurice Evans,Maurice,1610612737,ATL,31.0,79,51,28,0.646,1317.205,175,393,0.445,57,169,0.337,46,61,0.754,59,95,154,48,20,34,17,20,125,53,453,-9,842.8,0,0,814.0,1,2009-10,16.7,105.7,104.9,104.9,105.5,105.1,105.1,0.2,-0.2,-0.2,0.056,2.4,9.9,0.044,0.076,0.059,4.1,4.1,0.518,0.539,0.144,0.149,94.82,95.33,79.44,95.33,0.067,2614,2.2,5.0
2246,Mehmet Okur,Mehmet,1610612762,UTA,31.0,73,45,28,0.616,2148.925,355,775,0.458,82,213,0.385,196,239,0.82,132,383,515,119,127,38,81,40,223,180,988,182,2014.5,13,0,1942.0,1,2009-10,29.4,106.8,108.6,108.6,103.3,104.2,104.2,3.6,4.4,4.4,0.085,0.94,10.6,0.066,0.186,0.127,11.3,11.3,0.511,0.561,0.209,0.211,96.12,94.91,79.09,94.91,0.106,4247,4.9,10.6
1897,Metta World Peace,Metta,1610612747,LAL,30.0,77,53,24,0.688,2604.7716666666665,306,740,0.414,105,296,0.355,128,186,0.688,99,232,331,234,121,106,21,44,165,192,845,359,1853.2,1,0,1769.0,1,2009-10,33.8,106.4,107.5,107.5,99.6,100.7,100.7,6.7,6.8,6.8,0.132,1.93,19.9,0.039,0.087,0.063,10.3,10.3,0.484,0.514,0.161,0.163,95.16,94.14,78.45,94.14,0.078,5115,4.0,9.6
201563,Michael Beasley,Michael,1610612748,MIA,21.0,78,44,34,0.564,2328.13,468,1040,0.45,28,102,0.275,192,240,0.8,123,375,498,100,131,80,49,70,221,172,1156,14,2159.6,11,0,2040.0,1,2009-10,29.8,104.0,104.9,104.9,103.0,104.9,104.9,0.9,0.0,0.0,0.076,0.76,7.3,0.056,0.17,0.113,9.6,9.5,0.463,0.505,0.253,0.257,92.28,91.02,75.85,91.02,0.109,4421,6.0,13.3
714,Michael Finley,Michael,1610612738,BOS,37.0,46,23,23,0.5,709.045,81,184,0.44,32,82,0.39,8,15,0.533,6,65,71,43,21,10,6,4,33,11,202,8,378.7,0,0,380.0,2,2009-10,15.4,107.8,107.4,107.4,108.2,108.3,108.3,-0.4,-0.9,-0.9,0.09,2.05,16.9,0.009,0.096,0.053,8.3,8.2,0.527,0.53,0.137,0.14,93.12,93.25,77.71,93.25,0.066,1387,1.8,4.0
2072,Michael Redd,Michael,1610612749,MIL,30.0,18,6,12,0.333,492.07,75,213,0.352,18,60,0.3,47,66,0.712,11,43,54,39,15,19,2,21,24,51,215,-101,386.3,0,0,368.0,1,2009-10,27.3,91.7,92.6,92.6,103.2,103.3,103.3,-11.5,-10.7,-10.7,0.143,2.6,13.3,0.019,0.095,0.052,5.1,5.1,0.394,0.444,0.227,0.232,96.29,95.79,79.83,95.79,0.086,984,4.2,11.8
2554,Mickael Pietrus,Mickael,1610612753,ORL,28.0,75,53,22,0.707,1686.9883333333332,233,539,0.432,116,306,0.379,69,109,0.633,39,176,215,49,69,53,31,14,138,100,651,123,1165.5,1,0,1199.0,1,2009-10,22.5,106.3,106.4,106.4,100.6,102.5,102.5,5.6,3.8,3.8,0.048,0.71,7.0,0.024,0.1,0.064,9.8,9.8,0.54,0.555,0.178,0.181,94.32,93.4,77.83,93.4,0.076,3281,3.1,7.2
1710,Mike Bibby,Mike,1610612737,ATL,32.0,80,52,28,0.65,2194.543333333333,268,644,0.416,126,324,0.389,68,79,0.861,20,164,184,310,90,67,3,10,157,87,730,363,1535.8,0,0,1490.0,1,2009-10,27.4,109.6,110.8,110.8,102.5,103.7,103.7,7.0,7.2,7.2,0.204,3.44,28.9,0.01,0.078,0.044,8.4,8.3,0.514,0.538,0.16,0.162,91.68,90.66,75.55,90.66,0.082,4176,3.4,8.1
201144,Mike Conley,Mike,1610612763,MEM,22.0,80,40,40,0.5,2568.498333333333,369,830,0.445,82,212,0.387,139,187,0.743,30,161,191,425,170,109,12,47,178,149,959,35,2018.7,4,0,1899.0,1,2009-10,32.1,107.2,109.1,109.1,108.2,108.8,108.8,-0.9,0.3,0.3,0.245,2.5,28.1,0.012,0.068,0.039,11.3,11.3,0.494,0.526,0.184,0.186,95.76,94.65,78.87,94.65,0.089,5074,4.6,10.4
2399,Mike Dunleavy,Mike,1610612754,IND,29.0,67,26,41,0.388,1485.9416666666666,229,558,0.41,75,236,0.318,133,158,0.842,25,211,236,103,72,38,15,19,105,132,666,-55,1190.7,0,0,1186.0,1,2009-10,22.2,102.2,102.9,102.9,104.0,104.5,104.5,-1.7,-1.6,-1.6,0.112,1.43,13.0,0.016,0.135,0.076,9.1,9.0,0.478,0.531,0.2,0.206,100.42,99.85,83.21,99.85,0.099,3089,3.4,8.3
200839,Mike Harris,Mike,1610612745,HOU,27.0,13,3,10,0.231,95.91666666666669,11,30,0.367,0,1,0.0,7,11,0.636,10,14,24,3,9,5,1,5,14,8,29,-37,71.3,0,0,68.0,2,2009-10,7.4,87.5,86.1,86.1,106.8,103.4,103.4,-19.3,-17.3,-17.3,0.063,0.33,6.4,0.076,0.146,0.105,19.1,19.2,0.367,0.416,0.18,0.189,99.17,101.59,84.66,101.59,0.039,202,0.8,2.3
2229,Mike James,Mike,1610612764,WAS,35.0,4,0,4,0.0,45.7,6,20,0.3,2,6,0.333,4,8,0.5,1,2,3,5,5,3,0,1,3,6,18,2,33.1,0,0,34.0,1,2009-10,11.4,93.6,95.6,95.6,92.6,91.3,91.3,1.0,4.3,4.3,0.192,1.0,14.7,0.02,0.0,0.0,14.7,14.9,0.35,0.383,0.269,0.269,95.89,95.58,79.65,95.58,0.021,90,1.5,5.0
2034,Mike Miller,Mike,1610612764,WAS,30.0,54,17,37,0.315,1804.8966666666668,217,433,0.501,82,171,0.48,70,85,0.824,55,281,336,212,115,39,12,16,131,95,586,-153,1345.2,3,0,1318.0,1,2009-10,33.4,103.3,104.4,104.4,108.6,108.9,108.9,-5.4,-4.4,-4.4,0.178,1.84,26.7,0.033,0.165,0.099,14.5,14.4,0.596,0.623,0.146,0.149,93.07,92.43,77.02,92.43,0.109,3476,4.0,8.0
2366,Mike Wilks,Mike,1610612760,OKC,31.0,4,2,2,0.5,59.06666666666667,6,12,0.5,2,3,0.667,2,4,0.5,1,3,4,4,4,0,0,1,5,4,16,-29,22.8,0,0,26.0,1,2009-10,14.8,85.1,85.0,85.0,113.2,114.3,114.3,-28.1,-29.2,-29.2,0.143,1.0,18.2,0.018,0.0,0.0,18.2,18.4,0.583,0.581,0.14,0.143,86.5,86.14,71.78,86.14,0.046,107,1.5,3.0
1630,Mikki Moore,Mikki,1610612744,GSW,34.0,23,7,16,0.304,405.735,54,90,0.6,0,0,0.0,7,11,0.636,26,43,69,36,21,5,13,4,60,22,115,-130,284.8,0,0,256.0,1,2009-10,17.6,93.7,94.6,94.6,108.7,109.1,109.1,-15.0,-14.5,-14.5,0.131,1.71,23.8,0.062,0.113,0.086,13.9,13.8,0.6,0.606,0.121,0.123,103.22,102.57,85.47,102.57,0.065,865,2.3,3.9
2590,Mo Williams,Mo,1610612739,CLE,27.0,69,50,19,0.725,2358.958333333333,378,855,0.442,159,371,0.429,177,198,0.894,28,178,206,368,173,70,21,23,170,133,1092,260,1991.2,5,0,2007.0,1,2009-10,34.2,108.0,109.0,109.0,102.8,104.2,104.2,5.3,4.8,4.8,0.247,2.13,25.1,0.013,0.078,0.047,11.8,11.7,0.535,0.58,0.214,0.221,93.33,92.25,76.87,92.25,0.109,4553,5.5,12.4
101145,Monta Ellis,Monta,1610612744,GSW,24.0,64,19,45,0.297,2646.613333333333,631,1406,0.449,77,228,0.338,292,388,0.753,47,210,257,340,244,143,25,86,189,296,1631,-398,2709.4,6,0,2641.0,1,2009-10,41.4,103.2,104.4,104.4,110.4,111.4,111.4,-7.2,-7.0,-7.0,0.216,1.39,15.7,0.018,0.083,0.05,11.3,11.3,0.476,0.517,0.291,0.294,103.02,102.01,85.01,102.01,0.104,5623,9.9,22.0
2050,Morris Peterson,Morris,1610612740,NOH,32.0,46,18,28,0.391,972.5533333333332,116,301,0.385,62,171,0.363,33,54,0.611,17,109,126,41,27,25,5,9,81,57,327,-124,602.7,1,0,616.0,1,2009-10,21.1,104.4,104.9,104.9,109.7,111.1,111.1,-5.2,-6.1,-6.1,0.059,1.52,10.5,0.018,0.126,0.07,6.9,6.9,0.488,0.503,0.162,0.163,96.25,95.43,79.52,95.43,0.052,1931,2.5,6.5
101126,Nate Robinson,Nate,1610612738,BOS,26.0,56,23,33,0.411,1115.8516666666667,215,493,0.436,87,223,0.39,50,67,0.746,28,82,110,163,73,49,5,17,116,82,567,-74,1032.5,0,0,1035.0,2,2009-10,19.9,104.5,103.2,103.2,106.5,107.1,107.1,-2.0,-3.9,-3.9,0.249,2.23,21.6,0.025,0.075,0.049,9.7,9.6,0.524,0.543,0.234,0.243,95.37,95.75,79.8,95.75,0.105,2232,3.8,8.8
201605,Nathan Jawai,Nathan,1610612750,MIN,23.0,39,5,34,0.128,411.97,49,111,0.441,0,1,0.0,26,38,0.684,49,55,104,24,27,10,9,18,58,34,124,-75,314.8,0,0,290.0,1,2009-10,10.6,96.2,95.2,95.2,105.6,104.0,104.0,-9.5,-8.9,-8.9,0.09,0.89,13.6,0.107,0.133,0.119,15.3,15.1,0.441,0.485,0.151,0.158,99.97,101.25,84.38,101.25,0.06,870,1.3,2.8
1737,Nazr Mohammed,Nazr,1610612766,CHA,32.0,58,29,29,0.5,984.21,189,342,0.553,0,0,0.0,81,125,0.648,114,190,304,28,53,15,43,34,105,88,459,-11,986.8,4,0,907.0,1,2009-10,17.0,102.6,103.4,103.4,103.3,102.8,102.8,-0.7,0.6,0.6,0.049,0.53,5.8,0.123,0.214,0.167,11.1,11.1,0.553,0.578,0.208,0.21,93.07,92.93,77.44,92.93,0.125,1895,3.3,5.9
2420,Nenad Krstic,Nenad,1610612760,OKC,26.0,76,48,28,0.632,1740.5283333333334,281,560,0.502,1,5,0.2,76,106,0.717,134,249,383,52,58,32,45,25,177,102,639,116,1349.6,3,0,1229.0,1,2009-10,22.9,106.5,107.4,107.4,103.5,104.4,104.4,2.9,3.0,3.0,0.046,0.9,7.3,0.081,0.143,0.113,8.1,8.1,0.503,0.527,0.169,0.171,95.97,95.14,79.29,95.14,0.081,3456,3.7,7.4
2403,Nene,ene,1610612743,DEN,27.0,82,53,29,0.646,2754.5866666666666,421,717,0.587,0,2,0.0,293,416,0.704,166,461,627,203,125,115,82,58,281,372,1135,319,2657.9,14,0,2359.0,1,2009-10,33.6,110.1,112.1,112.1,105.0,106.1,106.1,5.2,5.9,5.9,0.114,1.62,16.5,0.063,0.173,0.118,10.2,10.2,0.587,0.631,0.165,0.166,97.02,95.63,79.69,95.63,0.125,5485,5.1,8.7
2555,Nick Collison,Nick,1610612760,OKC,29.0,75,46,29,0.613,1557.1516666666666,182,309,0.589,1,4,0.25,74,107,0.692,152,232,384,38,63,37,48,27,230,141,439,267,1148.8,2,0,1032.0,1,2009-10,20.8,107.1,107.1,107.1,97.4,97.6,97.6,9.7,9.5,9.5,0.038,0.6,8.2,0.104,0.15,0.127,13.7,13.8,0.591,0.616,0.12,0.121,94.77,94.63,78.86,94.63,0.084,3058,2.4,4.1
201156,Nick Young,Nick,1610612764,WAS,25.0,74,24,50,0.324,1421.3433333333332,233,558,0.418,69,170,0.406,104,130,0.8,20,82,102,48,56,28,8,20,147,102,639,-52,885.4,0,0,930.0,1,2009-10,19.2,103.4,103.7,103.7,105.3,105.7,105.7,-1.9,-1.9,-1.9,0.055,0.86,6.6,0.014,0.06,0.037,7.8,7.8,0.479,0.519,0.211,0.214,94.17,93.85,78.21,93.85,0.057,2780,3.1,7.5
201587,Nicolas Batum,Nicolas,1610612757,POR,21.0,37,23,14,0.622,917.6216666666668,139,268,0.519,54,132,0.409,43,51,0.843,32,109,141,44,27,24,25,11,83,62,375,129,730.2,1,0,712.0,1,2009-10,24.8,113.3,113.6,113.6,104.8,105.8,105.8,8.5,7.8,7.8,0.073,1.63,12.3,0.039,0.132,0.086,7.5,7.5,0.619,0.646,0.159,0.163,91.88,91.31,76.09,91.31,0.106,1742,3.8,7.2
201564,O.J. Mayo,O.J.,1610612763,MEM,22.0,82,40,42,0.488,3113.3716666666664,542,1183,0.458,136,355,0.383,212,262,0.809,61,250,311,242,176,98,17,59,174,191,1432,-57,2337.2,0,0,2351.0,1,2009-10,38.0,105.8,107.8,107.8,108.5,109.2,109.2,-2.7,-1.3,-1.3,0.12,1.38,14.2,0.02,0.086,0.052,10.4,10.3,0.516,0.551,0.203,0.208,96.03,94.86,79.05,94.86,0.092,6164,6.6,14.4
200762,Oleksiy Pecherov,Oleksiy,1610612750,MIN,24.0,44,6,38,0.136,447.2133333333333,77,188,0.41,14,52,0.269,29,32,0.906,32,92,124,11,32,9,14,15,55,30,197,-19,399.3,1,0,392.0,1,2009-10,10.2,100.1,98.7,98.7,103.1,101.3,101.3,-3.1,-2.6,-2.6,0.04,0.34,4.5,0.069,0.203,0.135,13.1,13.1,0.447,0.487,0.219,0.226,98.83,100.41,83.67,100.41,0.086,938,1.8,4.3
201802,Oliver Lafayette,Oliver,1610612738,BOS,26.0,1,0,1,0.0,21.53,3,6,0.5,1,2,0.5,0,0,0.0,1,3,4,2,1,0,0,0,0,0,7,-9,13.8,0,0,14.0,1,2009-10,21.5,92.3,92.5,92.5,117.0,112.2,112.2,-24.7,-19.7,-19.7,0.182,2.0,22.2,0.045,0.0,0.0,11.1,11.1,0.583,0.583,0.167,0.166,88.51,90.29,75.24,90.29,0.111,40,3.0,6.0
201956,Omri Casspi,Omri,1610612758,SAC,22.0,77,24,53,0.312,1931.0933333333328,300,672,0.446,75,203,0.369,117,174,0.672,75,274,349,95,98,54,17,31,125,156,792,-114,1468.3,4,0,1453.0,1,2009-10,25.1,102.7,102.9,102.9,105.6,106.2,106.2,-2.9,-3.2,-3.2,0.076,0.97,10.1,0.038,0.142,0.089,10.4,10.4,0.502,0.529,0.188,0.192,98.06,97.67,81.39,97.67,0.094,3936,3.9,8.7
201629,Othello Hunter,Othello,1610612737,ATL,24.0,7,6,1,0.857,32.97833333333333,4,12,0.333,0,0,0.0,3,4,0.75,6,6,12,0,3,0,1,4,5,3,11,-15,25.4,0,0,25.0,1,2009-10,4.7,92.0,90.8,90.8,119.1,112.0,112.0,-27.1,-21.2,-21.2,0.0,0.0,0.0,0.14,0.167,0.152,17.6,17.9,0.333,0.4,0.189,0.193,105.9,109.89,91.58,109.89,0.034,76,0.6,1.7
201785,Othyus Jeffers,Othyus,1610612762,UTA,24.0,14,10,4,0.714,72.515,12,29,0.414,0,0,0.0,13,19,0.684,8,11,19,1,6,4,0,3,10,12,37,4,67.3,0,0,65.0,1,2009-10,5.2,107.9,105.3,105.3,109.3,100.7,100.7,-1.4,4.7,4.7,0.021,0.17,2.3,0.111,0.151,0.131,13.6,13.5,0.414,0.495,0.234,0.25,95.07,100.28,83.57,100.28,0.084,150,0.9,2.1
200753,Patrick O'Bryant,Patrick,1610612761,TOR,24.0,11,4,7,0.364,50.735,8,15,0.533,0,1,0.0,3,6,0.5,2,9,11,1,5,2,4,2,12,4,19,-21,46.7,0,0,43.0,1,2009-10,4.6,105.6,101.8,101.8,122.7,117.9,117.9,-17.2,-16.0,-16.0,0.033,0.2,4.2,0.047,0.196,0.124,20.8,21.2,0.533,0.539,0.19,0.198,100.63,104.54,87.12,104.54,0.033,109,0.7,1.4
201988,Patty Mills,Patty,1610612757,POR,21.0,10,5,5,0.5,37.73333333333333,10,24,0.417,2,4,0.5,4,7,0.571,1,1,2,5,4,0,0,1,6,4,26,-15,31.9,0,0,35.0,1,2009-10,3.8,106.0,104.7,104.7,132.6,126.8,126.8,-26.6,-22.1,-22.1,0.25,1.25,13.9,0.025,0.037,0.03,11.1,11.1,0.458,0.48,0.32,0.345,103.32,106.22,88.52,106.22,0.034,85,1.0,2.4
2200,Pau Gasol,Pau,1610612747,LAL,29.0,65,46,19,0.708,2403.313333333333,452,844,0.536,0,5,0.0,286,362,0.79,243,491,734,218,143,37,113,60,152,325,1190,309,2704.8,40,0,2442.0,1,2009-10,37.0,108.3,109.4,109.4,102.1,103.3,103.3,6.2,6.0,6.0,0.147,1.52,16.0,0.103,0.203,0.153,10.5,10.5,0.536,0.593,0.21,0.213,95.42,94.39,78.66,94.39,0.16,4737,7.0,13.0
200781,Paul Davis,Paul,1610612764,WAS,25.0,2,1,1,0.5,7.983333333333333,2,4,0.5,0,0,0.0,1,2,0.5,0,0,0,3,0,0,1,0,0,2,5,1,12.5,0,0,10.0,1,2009-10,4.0,95.9,93.8,93.8,82.4,82.4,82.4,13.6,11.4,11.4,0.75,0.0,37.5,0.0,0.0,0.0,0.0,0.0,0.5,0.512,0.294,0.293,98.12,99.21,82.67,99.21,0.262,16,1.0,2.0
200794,Paul Millsap,Paul,1610612762,UTA,25.0,82,53,29,0.646,2276.965,385,716,0.538,1,9,0.111,183,264,0.693,186,373,559,131,116,64,99,61,285,216,954,325,2194.3,12,0,1971.0,1,2009-10,27.8,108.5,109.5,109.5,101.8,101.8,101.8,6.7,7.7,7.7,0.09,1.13,12.1,0.089,0.167,0.129,10.7,10.7,0.538,0.573,0.184,0.187,95.68,95.28,79.4,95.28,0.111,4509,4.7,8.7
1718,Paul Pierce,Paul,1610612738,BOS,32.0,71,45,26,0.634,2410.7466666666664,409,867,0.472,109,263,0.414,369,433,0.852,39,271,310,218,166,84,31,50,196,363,1296,252,2174.0,1,0,2163.0,1,2009-10,34.0,106.0,107.2,107.2,100.7,102.0,102.0,5.2,5.1,5.1,0.15,1.31,15.1,0.019,0.116,0.07,11.5,11.5,0.535,0.613,0.235,0.237,94.69,93.55,77.96,93.55,0.127,4704,5.8,12.2
978,Peja Stojakovic,Peja,1610612740,NOH,33.0,62,32,30,0.516,1946.9183333333333,278,688,0.404,132,352,0.375,96,107,0.897,39,188,227,92,56,48,5,22,83,81,784,-35,1297.4,1,0,1341.0,1,2009-10,31.4,104.4,105.3,105.3,105.9,106.5,106.5,-1.5,-1.2,-1.2,0.072,1.64,10.5,0.02,0.1,0.059,6.4,6.3,0.5,0.533,0.181,0.184,95.43,94.72,78.94,94.72,0.081,3848,4.5,11.1
200822,Pops Mensah-Bonsu,Pops,1610612761,TOR,26.0,20,8,12,0.4,119.68,13,33,0.394,0,0,0.0,13,24,0.542,16,19,35,3,10,4,9,6,20,18,39,-37,114.5,0,0,103.0,2,2009-10,6.0,90.7,91.2,91.2,109.0,105.2,105.2,-18.3,-14.0,-14.0,0.041,0.3,5.2,0.126,0.158,0.142,17.2,17.7,0.394,0.448,0.192,0.194,98.77,100.27,83.56,100.27,0.045,249,0.7,1.7
2056,Primoz Brezec,Primoz,1610612749,MIL,30.0,21,11,10,0.524,95.41666666666669,9,26,0.346,0,0,0.0,1,6,0.167,12,13,25,1,2,1,3,1,19,3,19,1,60.5,0,0,53.0,2,2009-10,4.5,95.4,95.4,95.4,101.3,94.4,94.4,-5.9,1.0,1.0,0.018,0.5,3.1,0.115,0.151,0.132,6.3,6.3,0.346,0.332,0.136,0.14,95.52,98.85,82.38,98.85,-0.006,196,0.4,1.2
2047,Quentin Richardson,Quentin,1610612748,MIA,30.0,76,44,32,0.579,2081.728333333333,242,561,0.431,142,358,0.397,52,71,0.732,64,310,374,93,62,70,18,20,169,83,678,214,1468.3,5,0,1463.0,1,2009-10,27.4,107.8,108.0,108.0,101.5,102.9,102.9,6.3,5.1,5.1,0.067,1.5,12.4,0.033,0.154,0.094,8.3,8.3,0.558,0.572,0.145,0.147,92.83,92.12,76.76,92.12,0.09,3999,3.2,7.4
2624,Quinton Ross,Quinton,1610612764,WAS,29.0,52,24,28,0.462,562.1516666666666,40,111,0.36,4,21,0.19,8,14,0.571,17,32,49,12,11,13,6,7,69,23,92,-89,214.8,0,0,195.0,2,2009-10,10.8,97.0,94.4,94.4,100.6,100.2,100.2,-3.6,-5.8,-5.8,0.033,1.09,8.6,0.03,0.055,0.042,7.9,7.8,0.378,0.393,0.101,0.106,94.56,96.02,80.01,96.02,0.002,1112,0.8,2.1
1747,Rafer Alston,Rafer,1610612748,MIA,33.0,52,13,39,0.25,1420.47,155,446,0.348,58,168,0.345,59,81,0.728,13,116,129,176,95,50,10,26,103,74,427,-132,930.8,1,1,910.0,2,2009-10,27.3,98.4,99.3,99.3,103.2,103.9,103.9,-4.7,-4.5,-4.5,0.2,1.85,23.4,0.009,0.085,0.046,12.6,12.6,0.413,0.443,0.183,0.185,94.44,93.67,78.06,93.67,0.059,2769,3.0,8.6
1952,Raja Bell,Raja,1610612744,GSW,33.0,6,2,4,0.333,180.59,28,61,0.459,12,27,0.444,3,3,1.0,5,18,23,13,5,4,2,1,15,11,71,28,131.1,0,0,131.0,2,2009-10,30.1,102.3,104.8,104.8,94.7,95.0,95.0,7.6,9.8,9.8,0.124,2.6,16.3,0.027,0.112,0.066,6.3,6.2,0.557,0.57,0.168,0.17,90.37,89.17,74.31,89.17,0.112,333,4.7,10.2
200765,Rajon Rondo,Rajon,1610612738,BOS,24.0,81,49,32,0.605,2963.06,459,904,0.508,17,80,0.213,175,282,0.621,100,260,360,794,246,189,11,66,198,268,1110,303,3087.0,40,2,2681.0,1,2009-10,36.6,105.7,107.1,107.1,100.9,102.4,102.4,4.8,4.7,4.7,0.425,3.23,38.4,0.038,0.091,0.065,11.9,11.9,0.517,0.54,0.198,0.2,94.64,93.36,77.8,93.36,0.143,5779,5.7,11.2
201196,Ramon Sessions,Ramon,1610612750,MIN,24.0,82,15,67,0.183,1731.955,253,555,0.456,1,15,0.067,167,233,0.717,58,156,214,258,137,55,5,40,137,212,674,-215,1360.8,1,0,1267.0,1,2009-10,21.1,98.8,99.4,99.4,106.1,105.6,105.6,-7.4,-6.1,-6.1,0.236,1.88,24.5,0.032,0.09,0.061,13.0,13.0,0.457,0.513,0.195,0.198,98.34,98.28,81.9,98.28,0.093,3547,3.1,6.8
201043,Randolph Morris,Randolph,1610612737,ATL,24.0,28,22,6,0.786,124.415,23,41,0.561,0,0,0.0,16,27,0.593,10,28,38,2,12,5,3,3,34,20,62,-15,122.6,0,0,118.0,1,2009-10,4.4,95.3,93.3,93.3,103.3,100.0,100.0,-8.0,-6.7,-6.7,0.027,0.17,3.0,0.079,0.226,0.151,17.9,17.9,0.561,0.586,0.209,0.221,100.83,103.59,86.32,103.59,0.083,270,0.8,1.5
200751,Randy Foye,Randy,1610612764,WAS,26.0,70,21,49,0.3,1667.1866666666667,256,619,0.414,63,182,0.346,129,145,0.89,16,114,130,228,94,33,10,26,123,113,704,-239,1237.0,2,0,1211.0,1,2009-10,23.8,99.4,100.3,100.3,107.5,107.9,107.9,-8.1,-7.6,-7.6,0.234,2.43,22.7,0.01,0.071,0.04,9.4,9.4,0.464,0.516,0.208,0.212,93.63,93.07,77.56,93.07,0.091,3235,3.7,8.8
1740,Rashard Lewis,Rashard,1610612753,ORL,30.0,72,52,20,0.722,2368.596666666667,350,805,0.435,168,423,0.397,145,180,0.806,62,256,318,107,108,78,28,21,180,134,1013,348,1765.1,4,0,1818.0,1,2009-10,32.9,108.8,109.3,109.3,100.1,101.8,101.8,8.7,7.5,7.5,0.075,0.99,9.7,0.028,0.105,0.069,9.8,9.8,0.539,0.573,0.193,0.196,94.27,93.26,77.72,93.26,0.092,4604,4.9,11.2
739,Rasheed Wallace,Rasheed,1610612738,BOS,35.0,79,49,30,0.62,1780.381666666667,266,650,0.409,82,290,0.283,96,125,0.768,42,283,325,80,63,80,70,19,222,118,710,54,1607.0,0,0,1497.0,1,2009-10,22.5,104.0,104.3,104.3,102.1,102.5,102.5,1.9,1.8,1.8,0.076,1.27,9.4,0.025,0.175,0.099,7.4,7.4,0.472,0.504,0.2,0.204,92.78,92.51,77.1,92.51,0.091,3428,3.4,8.2
1725,Rasho Nesterovic,Rasho,1610612761,TOR,34.0,42,19,23,0.452,413.3716666666666,81,149,0.544,0,0,0.0,1,5,0.2,37,52,89,25,16,10,17,6,54,12,163,-107,372.3,0,0,331.0,1,2009-10,9.8,108.1,106.8,106.8,118.5,118.8,118.8,-10.3,-12.0,-12.0,0.091,1.56,13.1,0.103,0.147,0.125,8.4,8.3,0.544,0.539,0.178,0.184,97.48,97.95,81.62,97.95,0.081,841,1.9,3.5
2446,Rasual Butler,Rasual,1610612746,LAC,31.0,82,29,53,0.354,2702.27,356,870,0.409,145,432,0.336,122,145,0.841,39,201,240,116,79,36,68,28,121,92,979,-302,1674.0,0,0,1688.0,1,2009-10,33.0,101.8,102.2,102.2,106.8,107.9,107.9,-5.0,-5.7,-5.7,0.067,1.47,10.4,0.015,0.075,0.045,7.1,7.0,0.493,0.524,0.164,0.168,95.64,94.96,79.13,94.96,0.067,5348,4.3,10.6
951,Ray Allen,Ray,1610612738,BOS,34.0,80,50,30,0.625,2819.036666666667,464,973,0.477,145,399,0.363,231,253,0.913,45,208,253,210,129,64,25,41,182,168,1304,417,2060.6,0,0,2090.0,1,2009-10,35.2,107.8,108.8,108.8,100.4,101.6,101.6,7.4,7.2,7.2,0.118,1.63,15.0,0.018,0.077,0.049,9.2,9.1,0.551,0.601,0.195,0.202,94.17,93.15,77.62,93.15,0.103,5481,5.8,12.2
101109,Raymond Felton,Raymond,1610612766,CHA,26.0,80,42,38,0.525,2642.84,388,846,0.459,60,156,0.385,132,173,0.763,53,235,288,446,168,123,22,48,172,152,968,127,2249.6,5,0,2052.0,1,2009-10,33.0,102.8,104.6,104.6,100.7,101.5,101.5,2.1,3.1,3.1,0.283,2.65,29.1,0.022,0.095,0.058,11.0,10.9,0.494,0.525,0.189,0.192,93.25,92.06,76.71,92.06,0.113,5054,4.9,10.6
2501,Reggie Evans,Reggie,1610612761,TOR,30.0,28,11,17,0.393,310.68,34,69,0.493,0,0,0.0,27,60,0.45,30,75,105,8,22,14,4,8,44,65,95,-5,265.0,0,0,244.0,1,2009-10,11.1,101.2,100.0,100.0,99.7,100.2,100.2,1.5,-0.2,-0.2,0.038,0.36,6.5,0.105,0.25,0.179,17.7,17.5,0.493,0.498,0.167,0.175,95.43,95.79,79.82,95.79,0.08,618,1.2,2.5
202130,Reggie Williams,Reggie,1610612744,GSW,23.0,24,9,15,0.375,781.4866666666667,140,283,0.495,33,92,0.359,52,62,0.839,18,92,110,66,29,23,6,10,49,50,365,-53,654.0,0,0,632.0,1,2009-10,32.6,109.6,110.7,110.7,113.1,113.4,113.4,-3.5,-2.7,-2.7,0.125,2.28,16.4,0.023,0.117,0.069,7.2,7.2,0.553,0.588,0.184,0.188,102.89,102.17,85.15,102.17,0.101,1660,5.8,11.8
200764,Renaldo Balkman,Renaldo,1610612743,DEN,25.0,13,8,5,0.615,90.59666666666666,6,18,0.333,0,7,0.0,2,6,0.333,4,19,23,7,6,8,2,1,16,3,14,-36,76.1,0,0,64.0,1,2009-10,7.0,91.8,94.1,94.1,114.2,110.9,110.9,-22.4,-16.8,-16.8,0.108,1.17,20.6,0.039,0.192,0.114,17.6,17.8,0.333,0.339,0.127,0.128,100.51,100.67,83.89,100.67,0.041,188,0.5,1.4
1888,Richard Hamilton,Richard,1610612765,DET,32.0,46,14,32,0.304,1552.415,293,717,0.409,41,138,0.297,204,241,0.846,30,92,122,202,115,30,3,26,115,155,831,-137,1264.4,2,0,1262.0,1,2009-10,33.7,102.7,103.9,103.9,108.2,109.4,109.4,-5.5,-5.5,-5.5,0.229,1.76,17.8,0.019,0.066,0.041,10.1,10.1,0.437,0.505,0.271,0.275,91.77,90.72,75.6,90.72,0.092,2946,6.4,15.6
2210,Richard Jefferson,Richard,1610612759,SAS,30.0,81,49,32,0.605,2520.305,362,775,0.467,59,187,0.316,211,287,0.735,58,298,356,158,105,45,40,47,178,228,994,311,1808.2,2,0,1737.0,1,2009-10,31.1,107.7,108.4,108.4,101.0,102.2,102.2,6.6,6.2,6.2,0.097,1.5,13.6,0.025,0.12,0.073,9.0,9.0,0.505,0.551,0.181,0.184,93.11,92.27,76.89,92.27,0.092,4849,4.5,9.6
1729,Ricky Davis,Ricky,1610612746,LAC,30.0,36,15,21,0.417,498.82666666666665,62,143,0.434,16,42,0.381,18,31,0.581,10,47,57,39,29,11,3,2,39,25,158,-120,297.9,0,0,298.0,1,2009-10,13.9,98.7,97.4,97.4,109.4,109.1,109.1,-10.6,-11.6,-11.6,0.128,1.34,17.3,0.021,0.103,0.061,12.8,12.9,0.49,0.504,0.169,0.172,93.46,94.21,78.5,94.21,0.062,976,1.7,4.0
201577,Robin Lopez,Robin,1610612756,PHX,22.0,51,32,19,0.627,986.0416666666666,171,291,0.588,0,0,0.0,88,125,0.704,104,144,248,7,41,10,53,17,117,101,430,97,886.1,4,0,811.0,1,2009-10,19.3,112.0,113.2,113.2,107.0,108.0,108.0,5.0,5.2,5.2,0.01,0.17,1.8,0.113,0.135,0.125,10.5,10.4,0.588,0.621,0.166,0.169,98.46,97.46,81.21,97.46,0.097,1999,3.4,5.7
200760,Rodney Carney,Rodney,1610612755,PHI,26.0,68,23,45,0.338,857.015,113,282,0.401,41,135,0.304,52,63,0.825,26,111,137,37,21,25,20,7,79,45,319,-100,652.9,0,0,624.0,1,2009-10,12.6,101.9,101.2,101.2,106.3,105.7,105.7,-4.5,-4.5,-4.5,0.07,1.76,10.1,0.03,0.131,0.08,5.7,5.7,0.473,0.515,0.174,0.178,94.08,94.68,78.9,94.68,0.083,1679,1.7,4.1
201155,Rodney Stuckey,Rodney,1610612765,DET,24.0,73,23,50,0.315,2498.613333333333,449,1109,0.405,18,79,0.228,299,359,0.833,67,214,281,348,163,101,12,101,205,297,1215,-111,2250.2,5,0,2088.0,1,2009-10,34.2,102.4,104.4,104.4,106.3,106.8,106.8,-3.8,-2.4,-2.4,0.246,2.13,19.6,0.027,0.097,0.06,9.2,9.2,0.413,0.479,0.26,0.263,90.86,89.78,74.82,89.78,0.105,4674,6.2,15.2
201958,Rodrigue Beaubois,Rodrigue,1610612742,DAL,22.0,56,36,20,0.643,699.9133333333333,155,299,0.518,45,110,0.409,42,52,0.808,12,66,78,74,54,29,12,9,84,47,397,57,670.6,0,0,676.0,1,2009-10,12.5,110.0,108.4,108.4,104.7,103.4,103.4,5.3,5.0,5.0,0.162,1.37,16.6,0.018,0.094,0.058,12.1,12.0,0.594,0.617,0.232,0.241,97.78,99.1,82.58,99.1,0.108,1438,2.8,5.3
2427,Roger Mason Jr.,Roger,1610612759,SAS,29.0,79,48,31,0.608,1514.5833333333333,193,496,0.389,88,264,0.333,27,34,0.794,11,151,162,137,59,30,14,13,99,43,501,63,973.9,0,0,976.0,1,2009-10,19.2,104.6,105.0,105.0,103.0,102.8,102.8,1.6,2.2,2.2,0.14,2.32,19.5,0.007,0.1,0.054,8.4,8.3,0.478,0.49,0.166,0.171,93.82,93.73,78.11,93.73,0.075,2957,2.4,6.3
101146,Roko Ukic,Roko,1610612749,MIL,25.0,13,8,5,0.615,96.94166666666666,14,30,0.467,3,12,0.25,9,11,0.818,0,3,3,12,6,1,0,1,6,8,40,17,58.6,0,0,60.0,1,2009-10,7.5,114.7,115.9,115.9,109.6,105.8,105.8,5.1,10.1,10.1,0.185,2.0,23.1,0.0,0.034,0.017,11.5,11.4,0.517,0.574,0.188,0.194,92.91,94.08,78.4,94.08,0.075,189,1.1,2.3
200758,Ronnie Brewer,Ronnie,1610612763,MEM,25.0,58,37,21,0.638,1741.915,209,429,0.487,8,31,0.258,85,133,0.639,45,142,187,154,53,91,15,34,80,99,511,82,1231.4,1,0,1072.0,2,2009-10,30.0,105.9,107.1,107.1,103.5,104.5,104.5,2.3,2.6,2.6,0.13,2.91,22.2,0.029,0.087,0.058,7.6,7.6,0.497,0.524,0.14,0.142,95.51,94.54,78.79,94.54,0.087,3428,3.6,7.4
101179,Ronnie Price,Ronnie,1610612762,UTA,27.0,60,40,20,0.667,805.9216666666666,98,242,0.405,18,63,0.286,41,59,0.695,28,46,74,123,56,40,13,19,109,71,255,26,631.3,0,0,576.0,1,2009-10,13.4,100.1,99.8,99.8,98.4,98.0,98.0,1.8,1.7,1.7,0.236,2.2,27.5,0.036,0.059,0.047,12.5,12.5,0.442,0.476,0.175,0.18,95.78,96.13,80.11,96.13,0.064,1613,1.6,4.0
101142,Ronny Turiaf,Ronny,1610612744,GSW,27.0,42,15,27,0.357,871.8183333333334,85,146,0.582,0,1,0.0,37,78,0.474,54,137,191,90,49,23,54,7,98,85,207,-7,753.2,0,0,642.0,1,2009-10,20.8,105.0,105.2,105.2,105.8,106.1,106.1,-0.8,-0.9,-0.9,0.139,1.84,28.1,0.062,0.15,0.107,15.3,15.3,0.582,0.574,0.112,0.113,102.21,101.99,84.99,101.99,0.078,1857,2.0,3.5
201579,Roy Hibbert,Roy,1610612754,IND,23.0,81,31,50,0.383,2034.735,387,782,0.495,3,6,0.5,169,224,0.754,177,287,464,158,145,30,131,65,285,216,946,11,2077.8,10,0,1893.0,1,2009-10,25.1,102.8,103.5,103.5,102.2,102.9,102.9,0.5,0.5,0.5,0.13,1.09,13.4,0.088,0.136,0.113,12.3,12.3,0.497,0.537,0.221,0.224,98.61,97.94,81.61,97.94,0.098,4146,4.8,9.7
2767,Royal Ivey,Royal,1610612749,MIL,28.0,44,26,18,0.591,326.78333333333336,35,83,0.422,14,35,0.4,9,12,0.75,6,28,34,27,11,19,2,6,39,23,93,4,226.3,0,0,210.0,2,2009-10,7.4,103.8,101.2,101.2,103.2,100.9,100.9,0.6,0.3,0.3,0.127,2.45,21.4,0.018,0.088,0.052,8.7,8.7,0.506,0.527,0.132,0.138,94.49,96.8,80.67,96.8,0.067,660,0.8,1.9
201164,Rudy Fernandez,Rudy,1610612757,POR,25.0,62,39,23,0.629,1440.84,160,423,0.378,98,266,0.368,85,98,0.867,35,129,164,127,72,62,11,12,87,104,503,39,1037.3,0,0,1038.0,1,2009-10,23.2,104.4,104.0,104.0,103.4,103.8,103.8,1.0,0.2,0.2,0.146,1.76,19.3,0.025,0.098,0.06,10.9,10.8,0.494,0.54,0.168,0.174,90.89,90.91,75.76,90.91,0.095,2745,2.6,6.8
200752,Rudy Gay,Rudy,1610612763,MEM,23.0,80,39,41,0.488,3174.755,600,1288,0.466,66,202,0.327,301,400,0.753,115,357,472,153,169,118,64,92,201,290,1567,8,2739.9,8,0,2622.0,1,2009-10,39.7,106.4,108.6,108.6,107.5,108.5,108.5,-1.1,0.1,0.1,0.076,0.91,8.6,0.037,0.119,0.077,9.4,9.5,0.491,0.535,0.224,0.226,96.02,94.65,78.87,94.65,0.101,6261,7.5,16.1
201566,Russell Westbrook,Russell,1610612760,OKC,21.0,82,50,32,0.61,2812.583333333333,485,1160,0.418,23,104,0.221,329,422,0.78,143,258,401,652,268,108,34,99,204,330,1322,277,2939.2,24,1,2682.0,1,2009-10,34.3,108.1,108.9,108.9,103.1,104.6,104.6,5.0,4.3,4.3,0.367,2.43,28.8,0.052,0.091,0.072,11.8,11.8,0.428,0.491,0.25,0.254,96.62,95.52,79.6,95.52,0.12,5614,5.9,14.1
201583,Ryan Anderson,Ryan,1610612753,ORL,22.0,63,46,17,0.73,910.485,169,388,0.436,78,211,0.37,71,82,0.866,70,132,202,37,56,25,14,22,81,64,487,163,845.9,1,0,882.0,1,2009-10,14.5,111.5,110.8,110.8,101.1,101.2,101.2,10.4,9.7,9.7,0.069,0.66,7.2,0.081,0.144,0.114,10.8,10.8,0.536,0.574,0.233,0.239,94.53,94.79,78.99,94.79,0.117,1793,2.7,6.2
1763,Ryan Bowen,Ryan,1610612760,OKC,34.0,1,0,1,0.0,7.9,1,1,1.0,0,0,0.0,2,2,1.0,1,1,2,0,0,1,0,0,2,1,4,10,9.4,0,0,8.0,1,2009-10,7.9,133.2,129.4,129.4,64.0,70.6,70.6,69.2,58.8,58.8,0.0,0.0,0.0,0.0,0.077,0.0,0.0,0.0,1.0,1.064,0.083,0.083,107.18,103.29,86.08,103.29,0.184,17,1.0,1.0
101155,Ryan Gomes,Ryan,1610612750,MIN,27.0,76,12,64,0.158,2210.088333333333,327,732,0.447,74,199,0.372,104,126,0.825,76,272,348,124,95,62,16,35,155,104,832,-418,1574.6,1,0,1534.0,1,2009-10,29.1,99.2,99.8,99.8,109.3,109.0,109.0,-10.1,-9.2,-9.2,0.087,1.31,12.4,0.034,0.131,0.081,9.5,9.4,0.497,0.528,0.172,0.176,98.04,97.86,81.55,97.86,0.081,4505,4.3,9.6
200797,Ryan Hollins,Ryan,1610612750,MIN,25.0,73,13,60,0.178,1223.24,169,303,0.558,0,1,0.0,109,158,0.69,79,128,207,51,95,19,38,33,199,178,447,-421,847.9,0,0,819.0,1,2009-10,16.8,94.9,95.0,95.0,111.8,111.0,111.0,-16.9,-16.0,-16.0,0.066,0.54,9.8,0.065,0.105,0.085,18.2,18.3,0.558,0.6,0.164,0.166,98.91,99.18,82.65,99.18,0.053,2519,2.3,4.2
201970,Sam Young,Sam,1610612763,MEM,25.0,80,39,41,0.488,1321.0466666666666,224,497,0.451,11,56,0.196,136,175,0.777,77,124,201,52,94,34,20,53,106,145,595,-230,982.2,0,0,967.0,1,2009-10,16.5,98.5,98.0,98.0,107.7,107.0,107.0,-9.2,-9.0,-9.0,0.068,0.55,7.2,0.056,0.094,0.074,13.1,13.1,0.462,0.518,0.212,0.219,96.45,97.03,80.86,97.03,0.082,2676,2.8,6.2
2223,Samuel Dalembert,Samuel,1610612755,PHI,30.0,82,27,55,0.329,2123.708333333333,285,523,0.545,0,0,0.0,97,133,0.729,239,545,784,64,123,42,151,25,252,120,667,-217,2159.8,22,0,1901.0,1,2009-10,25.9,101.7,102.6,102.6,105.9,106.9,106.9,-4.2,-4.3,-4.3,0.047,0.52,8.3,0.119,0.275,0.196,15.9,16.0,0.545,0.573,0.151,0.152,93.3,92.46,77.05,92.46,0.117,4071,3.5,6.4
2562,Sasha Pavlovic,Sasha,1610612750,MIN,26.0,71,11,60,0.155,876.8,109,300,0.363,35,118,0.297,10,26,0.385,12,105,117,58,53,23,6,12,84,26,263,-280,524.4,0,0,531.0,1,2009-10,12.3,93.8,93.7,93.7,109.2,108.7,108.7,-15.4,-15.0,-15.0,0.105,1.09,13.7,0.013,0.118,0.064,12.6,12.5,0.422,0.422,0.173,0.178,100.42,100.73,83.94,100.73,0.038,1838,1.5,4.2
2756,Sasha Vujacic,Sasha,1610612747,LAL,26.0,67,49,18,0.731,574.86,66,164,0.402,25,81,0.309,28,33,0.848,25,54,79,41,17,20,4,0,67,33,185,-6,396.3,0,0,378.0,1,2009-10,8.6,102.0,101.5,101.5,104.7,101.5,101.5,-2.7,-0.1,-0.1,0.113,2.41,17.5,0.039,0.094,0.065,7.3,7.2,0.479,0.518,0.141,0.148,96.02,97.74,81.45,97.74,0.069,1168,1.0,2.4
1752,Sean Marks,Sean,1610612740,NOH,34.0,14,5,9,0.357,74.605,4,8,0.5,0,0,0.0,2,5,0.4,14,9,23,2,2,0,3,0,17,4,10,-8,47.6,0,0,41.0,1,2009-10,5.3,99.1,95.6,95.6,100.4,98.1,98.1,-1.3,-2.6,-2.6,0.037,1.0,14.3,0.149,0.123,0.138,14.3,14.1,0.5,0.49,0.065,0.068,99.93,102.94,85.79,102.94,0.014,158,0.3,0.6
101118,Sean May,Sean,1610612758,SAC,26.0,37,13,24,0.351,331.18666666666667,51,111,0.459,0,4,0.0,21,32,0.656,20,50,70,17,19,12,7,9,46,30,123,11,270.5,0,0,248.0,1,2009-10,9.0,104.8,105.7,105.7,105.4,104.5,104.5,-0.6,1.2,1.2,0.083,0.89,10.5,0.061,0.154,0.107,11.7,11.8,0.459,0.492,0.194,0.198,94.13,94.13,78.45,94.13,0.074,651,1.4,3.0
201157,Sean Williams,Sean,1610612751,NJN,23.0,20,0,20,0.0,227.3983333333333,21,49,0.429,0,1,0.0,10,19,0.526,21,25,46,1,20,8,19,0,41,17,52,-26,169.7,0,0,153.0,1,2009-10,11.4,90.2,88.7,88.7,94.0,92.9,92.9,-3.8,-4.2,-4.2,0.007,0.05,1.3,0.086,0.113,0.099,25.3,25.5,0.429,0.453,0.149,0.152,96.49,97.84,81.53,97.84,0.013,460,1.1,2.5
2742,Sebastian Telfair,Sebastian,1610612739,CLE,25.0,43,18,25,0.419,659.2416666666667,83,201,0.413,13,56,0.232,29,37,0.784,5,40,45,126,50,24,5,6,71,49,208,-115,488.0,0,0,450.0,2,2009-10,15.3,98.6,97.9,97.9,106.0,105.9,105.9,-7.3,-8.1,-8.1,0.313,2.52,31.9,0.008,0.065,0.037,12.7,12.7,0.445,0.479,0.188,0.192,92.4,92.76,77.3,92.76,0.077,1268,1.9,4.7
201586,Serge Ibaka,Serge,1610612760,OKC,20.0,73,45,28,0.616,1323.3933333333334,201,370,0.543,1,2,0.5,58,92,0.63,138,259,397,10,68,25,97,22,194,86,461,5,1250.4,4,0,1113.0,1,2009-10,18.1,101.7,100.8,100.8,100.1,100.4,100.4,1.6,0.4,0.4,0.013,0.15,2.0,0.107,0.189,0.15,13.9,13.9,0.545,0.562,0.158,0.163,94.17,94.43,78.69,94.43,0.105,2601,2.8,5.1
200771,Sergio Rodriguez,Sergio,1610612752,NYK,24.0,66,21,45,0.318,1047.7266666666667,167,351,0.476,32,91,0.352,68,93,0.731,24,65,89,212,114,50,5,33,84,79,434,-38,909.8,0,0,877.0,2,2009-10,15.9,106.0,105.4,105.4,107.5,107.6,107.6,-1.6,-2.2,-2.2,0.307,1.86,29.5,0.024,0.063,0.044,15.9,15.9,0.521,0.554,0.209,0.214,98.11,98.32,81.93,98.32,0.098,2150,2.5,5.3
2203,Shane Battier,Shane,1610612745,HOU,31.0,67,36,31,0.537,2168.4533333333334,178,447,0.398,101,279,0.362,77,106,0.726,74,238,312,164,64,53,76,21,139,133,534,-16,1477.4,4,0,1369.0,1,2009-10,32.4,103.8,105.2,105.2,104.7,105.4,105.4,-0.9,-0.2,-0.2,0.111,2.56,22.7,0.034,0.113,0.073,8.9,8.9,0.511,0.541,0.114,0.116,95.01,94.11,78.42,94.11,0.077,4248,2.7,6.7
200769,Shannon Brown,Shannon,1610612747,LAL,24.0,82,57,25,0.695,1700.01,253,592,0.427,62,189,0.328,99,121,0.818,30,153,183,108,67,57,31,23,129,90,667,16,1245.6,1,0,1196.0,1,2009-10,20.7,102.0,102.0,102.0,101.0,101.1,101.1,1.0,0.9,0.9,0.105,1.61,13.1,0.017,0.088,0.053,8.2,8.2,0.48,0.517,0.186,0.189,94.83,94.76,78.96,94.76,0.083,3349,3.1,7.2
406,Shaquille O'Neal,Shaquille,1610612739,CLE,38.0,53,40,13,0.755,1240.3866666666668,262,463,0.566,0,1,0.0,112,226,0.496,93,262,355,80,105,15,62,25,169,192,636,95,1308.0,7,0,1225.0,1,2009-10,23.4,105.7,106.8,106.8,101.9,102.6,102.6,3.8,4.3,4.3,0.11,0.76,10.7,0.086,0.214,0.154,14.1,14.0,0.566,0.565,0.251,0.253,93.12,92.31,76.93,92.31,0.114,2382,4.9,8.7
2733,Shaun Livingston,Shaun,1610612764,WAS,24.0,36,10,26,0.278,795.4133333333333,104,201,0.517,0,6,0.0,42,48,0.875,16,62,78,130,58,17,11,8,61,57,250,26,564.6,0,0,514.0,2,2009-10,22.1,105.6,105.8,105.8,105.1,105.7,105.7,0.5,0.1,0.1,0.246,2.24,31.7,0.022,0.084,0.053,14.1,14.1,0.517,0.563,0.16,0.162,92.6,92.24,76.87,92.24,0.093,1540,2.9,5.6
101183,Shavlik Randolph,Shavlik,1610612748,MIA,26.0,6,3,3,0.5,52.98,6,18,0.333,0,0,0.0,2,2,1.0,7,7,14,1,3,1,1,5,9,4,14,10,35.3,0,0,33.0,2,2009-10,8.8,100.5,97.0,97.0,89.5,88.8,88.8,11.1,8.2,8.2,0.031,0.33,4.3,0.117,0.137,0.126,13.0,13.1,0.333,0.371,0.182,0.193,87.76,89.69,74.75,89.69,0.026,100,1.0,3.0
1890,Shawn Marion,Shawn,1610612742,DAL,32.0,75,50,25,0.667,2385.0116666666668,395,778,0.508,3,19,0.158,105,139,0.755,158,319,477,107,99,69,61,61,141,104,898,236,1921.9,6,0,1745.0,1,2009-10,31.8,108.6,108.1,108.1,101.7,103.1,103.1,6.9,5.0,5.0,0.069,1.08,10.2,0.071,0.136,0.104,9.4,9.5,0.51,0.535,0.178,0.181,94.81,94.39,78.66,94.39,0.096,4691,5.3,10.4
200749,Shelden Williams,Shelden,1610612738,BOS,26.0,54,36,18,0.667,597.305,63,121,0.521,0,1,0.0,75,98,0.765,47,99,146,21,30,13,21,11,85,81,201,32,479.7,1,0,436.0,1,2009-10,11.1,105.2,101.4,101.4,99.4,99.6,99.6,5.9,1.8,1.8,0.058,0.7,9.5,0.082,0.168,0.125,13.6,13.9,0.521,0.612,0.149,0.154,92.35,93.98,78.32,93.98,0.097,1175,1.2,2.2
200780,Solomon Jones,Solomon,1610612754,IND,25.0,52,20,32,0.385,674.975,78,176,0.443,0,3,0.0,51,71,0.718,51,93,144,32,40,14,37,18,125,61,207,-136,540.8,0,0,485.0,1,2009-10,13.0,93.5,94.0,94.0,104.8,104.0,104.0,-11.2,-10.0,-10.0,0.077,0.8,11.4,0.069,0.135,0.101,14.2,14.3,0.443,0.499,0.155,0.158,101.3,101.44,84.54,101.44,0.049,1430,1.5,3.4
201603,Sonny Weems,Sonny,1610612761,TOR,23.0,69,32,37,0.464,1367.97,236,458,0.515,2,15,0.133,44,64,0.688,42,150,192,101,65,39,25,25,126,50,518,-55,1026.9,1,0,941.0,1,2009-10,19.8,110.0,108.7,108.7,109.3,109.5,109.5,0.7,-0.8,-0.8,0.11,1.55,15.5,0.034,0.111,0.074,10.0,10.0,0.517,0.533,0.18,0.186,95.9,96.39,80.32,96.39,0.08,2732,3.4,6.6
201150,Spencer Hawes,Spencer,1610612758,SAC,22.0,72,23,49,0.319,1904.0816666666667,312,666,0.468,26,87,0.299,73,106,0.689,145,291,436,158,131,32,83,51,200,105,723,-226,1697.2,9,0,1573.0,1,2009-10,26.4,101.3,102.7,102.7,107.8,108.6,108.6,-6.5,-5.9,-5.9,0.132,1.21,15.8,0.076,0.155,0.115,13.1,13.1,0.488,0.507,0.195,0.197,96.52,95.48,79.57,95.48,0.09,3787,4.3,9.3
201939,Stephen Curry,Stephen,1610612744,GSW,22.0,80,25,55,0.313,2896.213333333333,528,1143,0.462,166,380,0.437,177,200,0.885,48,308,356,472,243,152,19,49,252,208,1399,-187,2804.2,12,1,2735.0,1,2009-10,36.2,106.4,107.5,107.5,109.5,110.2,110.2,-3.2,-2.7,-2.7,0.241,1.94,24.3,0.017,0.106,0.061,12.5,12.5,0.535,0.568,0.215,0.218,103.5,102.66,85.55,102.66,0.107,6185,6.6,14.3
101211,Stephen Graham,Stephen,1610612766,CHA,28.0,70,36,34,0.514,804.265,119,240,0.496,16,50,0.32,42,65,0.646,24,111,135,23,36,20,10,18,94,57,296,-13,546.5,0,0,530.0,1,2009-10,11.5,95.6,96.6,96.6,96.7,95.7,95.7,-1.0,0.8,0.8,0.054,0.64,7.0,0.031,0.14,0.087,11.0,11.0,0.529,0.551,0.169,0.174,93.2,93.19,77.66,93.19,0.088,1548,1.7,3.4
1536,Stephen Jackson,Stephen,1610612766,CHA,32.0,81,44,37,0.543,3128.568333333333,600,1418,0.423,129,393,0.328,338,434,0.779,78,323,401,300,259,132,43,99,197,325,1667,133,2864.2,3,0,2847.0,2,2009-10,38.6,103.6,105.6,105.6,102.2,103.0,103.0,1.4,2.6,2.6,0.17,1.16,13.9,0.027,0.107,0.068,12.0,11.9,0.469,0.518,0.27,0.275,94.47,93.17,77.65,93.17,0.108,6062,7.4,17.5
2581,Steve Blake,Steve,1610612746,LAC,30.0,80,37,43,0.463,2158.79,217,522,0.416,116,294,0.395,36,48,0.75,21,166,187,380,128,58,6,8,123,94,586,-125,1444.4,4,1,1397.0,2,2009-10,27.0,104.1,104.1,104.1,106.8,107.8,107.8,-2.7,-3.6,-3.6,0.272,2.97,36.1,0.01,0.082,0.046,12.2,12.2,0.527,0.539,0.143,0.146,92.02,91.6,76.33,91.6,0.088,4131,2.7,6.5
959,Steve Nash,Steve,1610612756,PHX,36.0,81,53,28,0.654,2659.99,499,985,0.507,124,291,0.426,211,225,0.938,34,234,268,892,295,42,12,29,108,222,1333,378,2859.6,49,0,2725.0,1,2009-10,32.8,115.0,116.1,116.1,107.9,109.4,109.4,7.1,6.7,6.7,0.483,3.02,39.6,0.014,0.082,0.051,13.1,13.0,0.57,0.615,0.223,0.228,98.96,97.79,81.49,97.79,0.155,5426,6.2,12.2
200779,Steve Novak,Steve,1610612746,LAC,27.0,54,15,39,0.278,361.9316666666667,42,108,0.389,22,71,0.31,7,9,0.778,1,32,33,6,2,7,2,0,21,10,113,-85,186.6,0,0,192.0,1,2009-10,6.7,97.1,96.5,96.5,113.7,109.4,109.4,-16.6,-12.9,-12.9,0.025,3.0,5.1,0.003,0.09,0.046,1.7,1.7,0.491,0.505,0.136,0.142,95.9,98.01,81.67,98.01,0.056,744,0.8,2.0
2212,Steven Hunter,Steven,1610612763,MEM,28.0,21,8,13,0.381,157.975,17,43,0.395,0,0,0.0,19,36,0.528,18,24,42,0,9,1,10,3,10,23,53,-32,127.4,0,0,117.0,1,2009-10,7.5,90.6,91.2,91.2,102.3,100.6,100.6,-11.7,-9.4,-9.4,0.0,0.0,0.0,0.108,0.142,0.125,13.0,13.3,0.395,0.45,0.178,0.18,99.31,99.81,83.18,99.81,0.069,328,0.8,2.0
202178,Sundiata Gaines,Sundiata,1610612762,UTA,24.0,32,21,11,0.656,217.115,38,82,0.463,7,26,0.269,23,46,0.5,6,23,29,39,14,12,0,4,17,33,106,14,221.3,0,0,205.0,1,2009-10,6.8,103.1,101.6,101.6,103.0,97.3,97.3,0.1,4.2,4.2,0.289,2.79,25.2,0.027,0.11,0.067,9.0,9.0,0.506,0.518,0.222,0.232,95.88,99.38,82.81,99.38,0.133,447,1.2,2.6
2551,T.J. Ford,T.J.,1610612754,IND,27.0,47,13,34,0.277,1188.935,186,418,0.445,8,50,0.16,104,135,0.77,41,108,149,180,90,44,11,20,102,114,484,-173,1007.8,2,0,931.0,1,2009-10,25.3,98.9,98.6,98.6,105.7,106.0,106.0,-6.8,-7.5,-7.5,0.254,2.0,24.0,0.034,0.091,0.062,12.0,12.0,0.455,0.507,0.207,0.211,99.08,99.07,82.56,99.07,0.096,2459,4.0,8.9
201959,Taj Gibson,Taj,1610612741,CHI,25.0,82,41,41,0.5,2203.5816666666665,311,629,0.494,0,0,0.0,113,175,0.646,226,385,611,70,114,50,104,51,282,154,735,-63,1921.2,18,0,1724.0,1,2009-10,26.9,101.4,102.4,102.4,102.2,103.2,103.2,-0.8,-0.8,-0.8,0.049,0.61,7.8,0.101,0.168,0.135,12.8,12.8,0.494,0.521,0.165,0.167,94.91,94.0,78.34,94.0,0.086,4301,3.8,7.7
201981,Taylor Griffin,Taylor,1610612756,PHX,24.0,8,6,2,0.75,32.48833333333334,4,10,0.4,0,2,0.0,2,4,0.5,0,2,2,1,1,0,2,0,4,2,10,-3,18.9,0,0,17.0,1,2009-10,4.1,105.6,98.5,98.5,104.0,103.0,103.0,1.5,-4.5,-4.5,0.056,1.0,7.1,0.0,0.054,0.0,7.1,7.3,0.4,0.425,0.169,0.178,93.76,97.51,81.26,97.51,0.01,66,0.5,1.3
2419,Tayshaun Prince,Tayshaun,1610612765,DET,30.0,49,12,37,0.245,1663.735,282,580,0.486,27,73,0.37,70,98,0.714,71,177,248,161,60,34,22,19,77,92,661,-145,1308.1,2,0,1209.0,1,2009-10,34.0,104.6,105.9,105.9,109.6,110.6,110.6,-4.9,-4.7,-4.7,0.165,2.68,19.1,0.044,0.122,0.081,7.1,7.1,0.509,0.53,0.19,0.193,89.5,88.54,73.79,88.54,0.11,3069,5.8,11.8
201944,Terrence Williams,Terrence,1610612751,NJN,23.0,78,10,68,0.128,1763.5216666666668,261,651,0.401,31,100,0.31,103,144,0.715,46,302,348,223,124,43,10,40,126,116,656,-262,1443.1,8,1,1364.0,1,2009-10,22.6,98.2,98.1,98.1,106.6,105.9,105.9,-8.3,-7.7,-7.7,0.224,1.8,21.0,0.026,0.18,0.101,11.7,11.7,0.425,0.459,0.213,0.217,93.88,94.26,78.55,94.26,0.099,3466,3.3,8.3
200757,Thabo Sefolosha,Thabo,1610612760,OKC,26.0,82,50,32,0.61,2348.4483333333333,194,441,0.44,41,131,0.313,60,89,0.674,76,311,387,145,90,97,46,25,154,84,489,78,1509.9,3,0,1348.0,1,2009-10,28.6,104.9,105.6,105.6,102.5,103.8,103.8,2.4,1.9,1.9,0.088,1.61,20.3,0.034,0.134,0.084,12.6,12.6,0.486,0.509,0.107,0.109,96.36,95.48,79.57,95.48,0.071,4667,2.4,5.4
201152,Thaddeus Young,Thaddeus,1610612755,PHI,22.0,67,23,44,0.343,2145.418333333333,382,813,0.47,48,138,0.348,114,165,0.691,130,220,350,97,126,81,15,52,133,148,926,-143,1653.5,6,0,1613.0,1,2009-10,32.0,103.6,104.0,104.0,106.7,107.5,107.5,-3.1,-3.5,-3.5,0.075,0.77,8.7,0.062,0.108,0.085,11.4,11.4,0.499,0.523,0.211,0.213,94.4,93.87,78.22,93.87,0.088,4197,5.7,12.1
689,Theo Ratliff,Theo,1610612766,CHA,37.0,49,32,17,0.653,806.1766666666666,70,152,0.461,0,0,0.0,38,50,0.76,59,98,157,25,41,12,61,12,87,51,178,-17,581.9,0,0,506.0,2,2009-10,16.5,103.5,103.7,103.7,103.4,104.5,104.5,0.1,-0.9,-0.9,0.047,0.61,10.3,0.085,0.128,0.108,16.9,17.1,0.461,0.511,0.128,0.13,90.14,89.55,74.62,89.55,0.055,1502,1.4,3.1
1495,Tim Duncan,Tim,1610612759,SAS,34.0,78,47,31,0.603,2438.1866666666665,561,1082,0.518,2,11,0.182,271,374,0.725,221,567,788,246,140,45,117,68,152,301,1395,385,3055.6,38,0,2755.0,1,2009-10,31.3,107.4,109.3,109.3,100.4,101.1,101.1,7.0,8.2,8.2,0.175,1.76,15.0,0.097,0.237,0.169,8.6,8.6,0.519,0.56,0.263,0.264,93.07,91.96,76.63,91.96,0.18,4672,7.2,13.9
1501,Tim Thomas,Tim,1610612742,DAL,33.0,18,10,8,0.556,285.215,49,106,0.462,16,43,0.372,21,24,0.875,13,28,41,14,14,10,2,2,31,19,135,-11,227.2,0,0,230.0,1,2009-10,15.8,111.0,109.1,109.1,113.1,112.8,112.8,-2.2,-3.8,-3.8,0.076,1.0,9.7,0.047,0.108,0.076,9.7,9.7,0.538,0.579,0.204,0.211,92.89,93.82,78.19,93.82,0.082,562,2.7,5.9
201962,Toney Douglas,Toney,1610612752,NYK,24.0,56,22,34,0.393,1086.9766666666667,179,391,0.458,68,175,0.389,55,68,0.809,40,68,108,112,55,42,3,21,116,74,481,-107,858.6,0,0,859.0,1,2009-10,19.4,107.1,107.0,107.0,111.8,111.7,111.7,-4.7,-4.7,-4.7,0.167,2.04,19.0,0.036,0.066,0.051,9.3,9.4,0.545,0.571,0.191,0.193,96.8,96.89,80.74,96.89,0.083,2192,3.2,7.0
2754,Tony Allen,Tony,1610612738,BOS,28.0,54,31,23,0.574,888.705,129,253,0.51,0,5,0.0,72,119,0.605,52,93,145,72,66,59,19,19,109,93,330,-30,780.0,1,0,703.0,1,2009-10,16.5,102.7,100.2,100.2,100.9,101.5,101.5,1.8,-1.3,-1.3,0.141,1.09,16.2,0.063,0.107,0.085,14.9,14.9,0.51,0.54,0.187,0.194,94.75,95.63,79.69,95.63,0.091,1767,2.4,4.7
1499,Tony Battie,Tony,1610612751,NJN,34.0,15,3,12,0.2,133.745,14,40,0.35,1,4,0.25,7,10,0.7,4,19,23,3,3,4,2,1,19,7,36,-53,83.1,0,0,75.0,1,2009-10,8.9,84.0,82.1,82.1,103.5,99.6,99.6,-19.5,-17.5,-17.5,0.042,1.0,5.9,0.025,0.15,0.08,5.9,6.0,0.363,0.405,0.158,0.163,96.3,99.23,82.69,99.23,0.034,274,0.9,2.7
2225,Tony Parker,Tony,1610612759,SAS,28.0,56,34,22,0.607,1727.986666666667,349,716,0.487,10,34,0.294,186,246,0.756,7,128,135,317,149,29,8,65,96,194,894,216,1493.5,3,0,1430.0,1,2009-10,30.9,107.4,108.7,108.7,101.6,102.4,102.4,5.8,6.4,6.4,0.304,2.13,24.6,0.004,0.075,0.041,11.6,11.5,0.494,0.542,0.255,0.258,94.19,93.28,77.73,93.28,0.116,3359,6.2,12.8
1503,Tracy McGrady,Tracy,1610612752,NYK,31.0,30,10,20,0.333,672.4683333333334,91,235,0.387,16,64,0.25,47,63,0.746,22,72,94,99,44,15,14,9,40,52,245,-106,549.3,0,0,512.0,2,2009-10,22.4,106.1,107.6,107.6,115.7,116.4,116.4,-9.6,-8.8,-8.8,0.22,2.25,24.5,0.034,0.114,0.073,10.9,10.8,0.421,0.466,0.205,0.208,95.13,94.18,78.49,94.18,0.078,1324,3.0,7.8
101143,Travis Diener,Travis,1610612757,POR,28.0,9,4,5,0.444,51.20333333333333,2,10,0.2,1,7,0.143,1,4,0.25,0,3,3,8,0,4,0,0,2,2,6,-34,33.6,0,0,26.0,2,2009-10,5.7,92.3,89.2,89.2,119.2,119.8,119.8,-26.9,-30.6,-30.6,0.222,0.0,40.0,0.0,0.056,0.027,0.0,0.0,0.25,0.255,0.099,0.102,102.56,104.06,86.71,104.06,0.038,111,0.2,1.1
2566,Travis Outlaw,Travis,1610612746,LAC,25.0,34,14,20,0.412,730.0733333333334,110,281,0.391,40,105,0.381,49,59,0.831,33,88,121,34,32,18,17,11,43,45,309,-43,578.2,1,0,574.0,2,2009-10,21.5,100.4,99.8,99.8,103.2,103.3,103.3,-2.8,-3.5,-3.5,0.082,1.06,9.1,0.044,0.121,0.082,8.6,8.6,0.463,0.503,0.203,0.207,94.85,95.1,79.25,95.1,0.091,1450,3.2,8.3
2239,Trenton Hassell,Trenton,1610612751,NJN,31.0,52,6,46,0.115,1106.2616666666668,90,219,0.411,0,5,0.0,52,69,0.754,56,96,152,50,47,17,9,15,91,67,232,-354,520.4,1,0,486.0,1,2009-10,21.3,91.7,91.9,91.9,108.4,108.0,108.0,-16.7,-16.1,-16.1,0.077,1.06,14.4,0.049,0.096,0.071,13.5,13.6,0.411,0.465,0.121,0.122,93.69,93.72,78.1,93.72,0.041,2157,1.7,4.2
2772,Trevor Ariza,Trevor,1610612745,HOU,24.0,72,37,35,0.514,2628.883333333333,394,999,0.394,136,407,0.334,148,228,0.649,78,325,403,276,161,126,40,62,162,180,1072,-13,2306.6,6,1,2219.0,1,2009-10,36.5,104.3,106.3,106.3,105.7,106.2,106.2,-1.4,0.1,0.1,0.164,1.71,18.0,0.029,0.132,0.078,10.5,10.5,0.462,0.488,0.21,0.212,96.74,95.55,79.62,95.55,0.093,5224,5.5,13.9
201821,Trey Gilder,Trey,1610612763,MEM,25.0,2,0,2,0.0,5.12,1,1,1.0,0,0,0.0,0,0,0.0,0,1,1,0,0,1,0,0,0,0,2,3,6.2,0,0,5.0,1,2009-10,2.6,78.1,75.0,75.0,55.8,42.9,42.9,22.4,32.1,32.1,0.0,0.0,0.0,0.0,0.0,0.0,0.0,0.0,1.0,1.0,0.083,0.087,104.44,121.88,101.56,121.88,1.0,12,0.5,0.5
2211,Troy Murphy,Troy,1610612754,IND,30.0,72,25,47,0.347,2344.2883333333334,384,813,0.472,128,333,0.384,154,193,0.798,129,608,737,150,100,72,34,41,175,175,1050,-264,2377.4,39,0,2277.0,1,2009-10,32.6,100.5,101.3,101.3,106.1,106.7,106.7,-5.7,-5.4,-5.4,0.108,1.5,13.1,0.054,0.257,0.154,8.7,8.7,0.551,0.585,0.185,0.188,99.06,98.4,82.0,98.4,0.147,4803,5.3,11.3
201951,Ty Lawson,Ty,1610612743,DEN,22.0,65,42,23,0.646,1317.4366666666667,201,390,0.515,34,83,0.41,106,140,0.757,42,82,124,203,82,48,2,45,89,124,542,167,1063.3,0,0,1003.0,1,2009-10,20.3,109.6,110.3,110.3,104.3,104.1,104.1,5.3,6.3,6.3,0.233,2.48,27.6,0.033,0.062,0.048,11.1,11.1,0.559,0.6,0.174,0.176,98.66,98.41,82.01,98.41,0.11,2700,3.1,6.0
201946,Tyler Hansbrough,Tyler,1610612754,IND,24.0,29,11,18,0.379,510.79833333333335,81,225,0.36,0,4,0.0,84,113,0.743,60,78,138,28,21,17,8,31,70,84,246,-56,507.6,3,0,462.0,1,2009-10,17.6,98.7,97.9,97.9,103.0,102.3,102.3,-4.3,-4.4,-4.4,0.097,1.33,8.6,0.106,0.15,0.127,6.4,6.5,0.36,0.448,0.245,0.249,98.82,99.56,82.97,99.56,0.086,1055,2.8,7.8
201936,Tyreke Evans,Tyreke,1610612758,SAC,20.0,72,23,49,0.319,2676.58,533,1165,0.458,36,141,0.255,348,465,0.748,66,314,380,414,216,109,26,83,204,340,1450,-336,2716.0,13,1,2550.0,1,2009-10,37.2,100.5,102.2,102.2,107.5,108.4,108.4,-7.0,-6.2,-6.2,0.268,1.92,20.7,0.024,0.122,0.071,10.8,10.8,0.473,0.529,0.261,0.264,96.07,94.85,79.04,94.85,0.131,5286,7.4,16.2
200748,Tyrus Thomas,Tyrus,1610612766,CHA,23.0,54,33,21,0.611,1220.345,194,420,0.462,0,3,0.0,120,175,0.686,81,254,335,56,92,63,85,35,129,144,508,-30,1346.0,3,0,1195.0,2,2009-10,22.6,97.4,98.2,98.2,98.9,98.9,98.9,-1.5,-0.7,-0.7,0.081,0.61,8.7,0.066,0.2,0.134,14.2,14.3,0.462,0.511,0.214,0.217,95.92,95.52,79.6,95.52,0.125,2422,3.6,7.8
2199,Tyson Chandler,Tyson,1610612766,CHA,27.0,51,28,23,0.549,1163.07,109,190,0.574,0,0,0.0,115,157,0.732,114,206,320,16,91,17,55,24,138,128,333,-15,866.0,5,0,813.0,1,2009-10,22.8,97.6,99.1,99.1,98.9,99.5,99.5,-1.3,-0.3,-0.3,0.023,0.18,4.3,0.105,0.188,0.147,24.5,24.9,0.574,0.643,0.138,0.139,92.62,91.66,76.38,91.66,0.09,2217,2.1,3.7
2617,Udonis Haslem,Udonis,1610612748,MIA,30.0,78,45,33,0.577,2176.643333333333,312,632,0.494,0,0,0.0,147,193,0.762,167,462,629,52,75,30,23,32,174,179,771,65,1687.8,21,0,1558.0,1,2009-10,27.9,103.8,103.4,103.4,100.7,102.0,102.0,3.1,1.4,1.4,0.042,0.69,6.2,0.081,0.22,0.151,8.9,8.9,0.494,0.538,0.168,0.172,91.26,90.84,75.7,90.84,0.123,4123,4.0,8.1
1713,Vince Carter,Vince,1610612753,ORL,33.0,75,54,21,0.72,2310.458333333333,434,1015,0.428,119,324,0.367,257,306,0.84,33,260,293,236,106,53,18,39,189,229,1244,497,2056.6,1,0,2034.0,1,2009-10,30.8,109.8,110.5,110.5,97.7,99.3,99.3,12.1,11.2,11.2,0.177,2.23,15.9,0.015,0.11,0.065,7.2,7.1,0.486,0.541,0.247,0.253,93.89,92.82,77.35,92.82,0.119,4467,5.8,13.5
2209,Vladimir Radmanovic,Vladimir,1610612744,GSW,29.0,41,11,30,0.268,891.085,103,273,0.377,30,108,0.278,20,27,0.741,51,127,178,45,44,29,7,18,97,36,256,-128,601.1,1,0,581.0,2,2009-10,21.7,99.2,99.9,99.9,107.1,106.5,106.5,-8.0,-6.6,-6.6,0.073,1.02,12.0,0.055,0.15,0.1,11.7,11.8,0.432,0.449,0.156,0.159,101.27,101.16,84.3,101.16,0.053,1876,2.5,6.7
201961,Wayne Ellington,Wayne,1610612750,MIN,22.0,76,15,61,0.197,1384.2416666666666,190,448,0.424,64,162,0.395,61,70,0.871,33,126,159,74,74,20,5,24,72,60,505,-195,807.8,0,0,852.0,1,2009-10,18.2,98.6,99.1,99.1,107.0,105.8,105.8,-8.5,-6.7,-6.7,0.085,1.0,11.8,0.023,0.091,0.057,11.8,11.8,0.496,0.527,0.168,0.172,98.82,99.14,82.62,99.14,0.071,2858,2.5,5.9
202083,Wesley Matthews,Wesley,1610612762,UTA,23.0,82,53,29,0.646,2024.5716666666667,273,565,0.483,63,165,0.382,160,193,0.829,50,141,191,124,93,64,15,44,152,168,769,208,1328.2,0,0,1305.0,1,2009-10,24.7,108.7,110.1,110.1,104.5,104.6,104.6,4.2,5.5,5.5,0.09,1.33,14.3,0.027,0.073,0.05,10.7,10.7,0.539,0.592,0.164,0.165,95.69,95.06,79.22,95.06,0.078,4003,3.3,6.9
101198,Will Bynum,Will,1610612765,DET,27.0,63,21,42,0.333,1666.4833333333331,237,534,0.444,12,55,0.218,142,178,0.798,24,118,142,283,115,55,7,51,143,154,628,-297,1293.9,1,0,1189.0,1,2009-10,26.5,102.7,103.4,103.4,112.6,112.9,112.9,-10.0,-9.5,-9.5,0.284,2.46,28.0,0.015,0.081,0.046,11.4,11.4,0.455,0.513,0.199,0.203,91.27,90.83,75.69,90.83,0.093,3154,3.8,8.5
101215,Will Conroy,Will,1610612745,HOU,27.0,5,2,3,0.4,35.86666666666667,3,10,0.3,0,3,0.0,0,2,0.0,0,3,3,7,4,0,0,0,5,3,6,-15,16.1,0,0,16.0,1,2009-10,7.2,95.3,89.2,89.2,117.5,112.5,112.5,-22.3,-23.3,-23.3,0.304,1.75,33.3,0.0,0.077,0.038,19.0,18.3,0.3,0.276,0.163,0.185,92.48,97.7,81.41,97.7,-0.016,74,0.6,2.0
2584,Willie Green,Willie,1610612755,PHI,28.0,73,23,50,0.315,1553.4266666666667,248,543,0.457,47,136,0.346,95,114,0.833,20,109,129,152,67,32,11,16,135,100,638,-149,1082.8,0,0,1052.0,1,2009-10,21.3,102.4,103.2,103.2,107.2,107.8,107.8,-4.8,-4.6,-4.6,0.164,2.27,18.7,0.013,0.075,0.043,8.3,8.2,0.5,0.538,0.19,0.194,93.56,93.01,77.51,93.01,0.084,3005,3.4,7.4
201163,Wilson Chandler,Wilson,1610612752,NYK,23.0,65,23,42,0.354,2319.923333333333,412,860,0.479,40,150,0.267,129,160,0.806,93,255,348,138,108,46,49,42,184,128,993,-124,1794.6,4,0,1709.0,1,2009-10,35.7,104.0,104.7,104.7,107.0,107.4,107.4,-3.1,-2.7,-2.7,0.096,1.28,11.8,0.041,0.114,0.077,9.2,9.2,0.502,0.534,0.2,0.203,95.83,95.38,79.49,95.38,0.088,4610,6.3,13.2
200821,Yakhouba Diawara,Yakhouba,1610612748,MIA,27.0,6,5,1,0.833,44.43333333333333,2,10,0.2,1,6,0.167,0,0,0.0,1,3,4,3,3,1,0,1,8,0,5,-3,14.3,0,0,15.0,1,2009-10,7.4,100.1,97.8,97.8,104.8,100.0,100.0,-4.7,-2.2,-2.2,0.091,1.0,18.8,0.0,0.07,0.0,18.8,18.8,0.25,0.25,0.126,0.131,94.37,97.76,81.47,97.76,-0.046,90,0.3,1.7
201146,Yi Jianlian,i Jianlian,1610612751,NJN,22.0,52,10,42,0.192,1654.5616666666667,227,563,0.403,15,41,0.366,154,193,0.798,115,257,372,47,77,37,52,40,170,138,623,-221,1329.9,9,0,1235.0,1,2009-10,31.8,101.1,101.2,101.2,108.5,108.1,108.1,-7.4,-6.9,-6.9,0.048,0.61,6.1,0.071,0.168,0.118,10.0,10.0,0.417,0.481,0.2,0.203,92.82,92.95,77.46,92.95,0.073,3204,4.4,10.8
2216,Zach Randolph,Zach,1610612763,MEM,28.0,81,39,42,0.481,3050.893333333333,652,1336,0.488,15,52,0.288,362,465,0.778,330,620,950,149,174,80,34,121,226,368,1681,18,3212.5,57,0,3023.0,1,2009-10,37.7,106.5,108.9,108.9,108.3,109.2,109.2,-1.8,-0.2,-0.2,0.08,0.86,8.0,0.111,0.22,0.164,9.4,9.3,0.494,0.546,0.243,0.247,95.62,94.14,78.45,94.14,0.141,5998,8.0,16.5
2585,Zaza Pachulia,Zaza,1610612737,ATL,26.0,78,50,28,0.641,1088.8166666666666,120,246,0.488,0,4,0.0,93,143,0.65,117,176,293,42,58,37,31,29,186,112,333,-16,893.6,1,0,804.0,1,2009-10,14.0,105.3,104.9,104.9,105.1,104.5,104.5,0.2,0.4,0.4,0.058,0.72,10.2,0.106,0.172,0.138,14.1,14.2,0.488,0.539,0.15,0.152,93.42,93.92,78.27,93.92,0.07,2119,1.5,3.2
980,Zydrunas Ilgauskas,Zydrunas,1610612739,CLE,35.0,64,47,17,0.734,1338.5166666666669,194,438,0.443,11,23,0.478,75,101,0.743,114,231,345,48,63,14,50,21,183,78,474,225,1089.0,0,0,1006.0,1,2009-10,20.9,108.4,109.1,109.1,100.5,100.8,100.8,7.9,8.3,8.3,0.058,0.76,8.0,0.092,0.173,0.134,10.6,10.6,0.455,0.491,0.187,0.189,92.45,91.96,76.64,91.96,0.077,2570,3.0,6.8
