PLAYER_ID,NICKNAME,TEAM_ID,TEAM_ABBREVIATION,AGE,GP,W,L,W_PCT,MIN_trad,FGM,FGA,FG_PCT,FG3M,FG3A,FG3_PCT,FTM,FTA,FT_PCT,OREB,DREB,REB,AST,TOV,STL,BLK,BLKA,PF,PFD,PTS,PLUS_MINUS,NBA_FANTASY_PTS,DD2,TD3,WNBA_FANTASY_PTS,TEAM_COUNT,SEASON,MIN_adv,E_OFF_RATING,OFF_RATING,sp_work_OFF_RATING,E_DEF_RATING,DEF_RATING,sp_work_DEF_RATING,E_NET_RATING,NET_RATING,sp_work_NET_RATING,AST_PCT,AST_TO,AST_RATIO,OREB_PCT,DREB_PCT,REB_PCT,TM_TOV_PCT,E_TOV_PCT,EFG_PCT,TS_PCT,USG_PCT,E_USG_PCT,E_PACE,PACE,PACE_PER40,sp_work_PACE,PIE,POSS,FGM_PG,FGA_PG,PLAYER_NAME
201985,AJ,1610612754,IND,24.0,50,22,28,0.44,795.1466666666666,114,320,0.356,41,149,0.275,54,81,0.667,16,56,72,111,53,29,1,12,61,77,323,27,612.9,0,0,607.0,1,2010-11,15.9,104.3,104.4,104.4,102.7,102.2,102.2,1.6,2.2,2.2,0.233,2.09,21.4,0.019,0.073,0.045,10.2,10.2,0.42,0.454,0.223,0.227,95.35,95.56,79.63,95.56,0.075,1579,2.3,6.4,AJ Price
201166,Aaron,1610612756,PHX,26.0,59,26,33,0.441,1284.131666666667,220,587,0.375,70,236,0.297,124,140,0.886,20,58,78,233,99,34,3,42,115,126,634,-165,1089.1,2,0,1089.0,2,2010-11,21.8,105.9,106.8,106.8,112.5,113.4,113.4,-6.6,-6.6,-6.6,0.289,2.35,23.9,0.015,0.046,0.03,10.2,10.1,0.434,0.489,0.251,0.257,96.79,96.01,80.01,96.01,0.078,2571,3.7,9.9,Aaron Brooks
201189,Aaron,1610612740,NOH,26.0,41,21,20,0.512,530.825,56,99,0.566,0,0,0.0,17,34,0.5,59,112,171,16,32,11,12,12,96,30,129,30,395.2,2,0,362.0,1,2010-11,12.9,107.4,107.4,107.4,105.3,103.5,103.5,2.1,3.9,3.9,0.044,0.5,9.9,0.121,0.236,0.178,19.8,19.8,0.566,0.566,0.13,0.132,89.79,90.56,75.47,90.56,0.065,997,1.4,2.4,Aaron Gray
201151,Acie,1610612744,GSW,26.0,51,20,31,0.392,725.8783333333333,81,186,0.435,6,36,0.167,47,64,0.734,12,51,63,84,43,32,0,19,61,60,215,-132,469.6,0,0,432.0,2,2010-11,14.2,100.1,99.0,99.0,108.2,107.8,107.8,-8.1,-8.7,-8.7,0.182,1.95,24.6,0.017,0.072,0.044,12.6,12.6,0.452,0.502,0.156,0.16,95.96,96.68,80.56,96.68,0.07,1460,1.6,3.6,Acie Law
1733,Al,1610612743,DEN,31.0,73,45,28,0.616,1664.5483333333334,281,675,0.416,117,328,0.357,86,117,0.735,76,256,332,101,106,39,10,43,202,112,765,129,1355.9,1,0,1413.0,1,2010-11,22.8,110.3,111.6,111.6,106.7,106.9,106.9,3.6,4.8,4.8,0.096,0.95,10.8,0.047,0.157,0.102,11.3,11.4,0.503,0.527,0.219,0.221,98.8,98.16,81.8,98.16,0.078,3389,3.8,9.2,Al Harrington
201143,Al,1610612737,ATL,25.0,77,41,36,0.532,2703.7066666666665,513,921,0.557,2,4,0.5,150,188,0.798,182,536,718,266,119,59,80,36,193,174,1178,44,2736.6,36,0,2442.0,1,2010-11,35.1,104.5,105.9,105.9,104.4,105.2,105.2,0.2,0.7,0.7,0.169,2.24,19.2,0.073,0.21,0.142,8.6,8.6,0.558,0.587,0.197,0.199,90.93,89.97,74.98,89.97,0.15,5072,6.7,12.0,Al Horford
2744,Al,1610612762,UTA,26.0,82,39,43,0.476,2940.4133333333334,654,1319,0.496,0,0,0.0,220,289,0.761,235,559,794,149,105,46,153,91,238,254,1528,-168,3196.3,37,0,2869.0,1,2010-11,35.9,106.0,107.7,107.7,109.2,110.8,110.8,-3.2,-3.1,-3.1,0.09,1.42,8.8,0.085,0.202,0.143,6.2,6.2,0.496,0.528,0.239,0.242,93.57,92.19,76.83,92.19,0.134,5651,8.0,16.1,Al Jefferson
201154,Al,1610612744,GSW,27.0,71,21,50,0.296,1383.5916666666667,205,431,0.476,4,26,0.154,110,142,0.775,56,157,213,62,64,35,12,24,143,111,524,-145,949.6,0,0,897.0,2,2010-11,19.5,100.6,101.5,101.5,105.4,106.4,106.4,-4.8,-5.0,-5.0,0.072,0.97,10.0,0.042,0.122,0.082,10.4,10.3,0.48,0.531,0.179,0.182,95.54,94.66,78.88,94.66,0.077,2724,2.9,6.1,Al Thornton
202329,Al-Farouq,1610612746,LAC,20.0,81,31,50,0.383,1451.835,160,406,0.394,45,143,0.315,92,119,0.773,75,192,267,60,103,59,25,37,121,92,457,-184,1016.4,0,0,997.0,1,2010-11,17.9,97.2,98.5,98.5,105.0,104.9,104.9,-7.7,-6.4,-6.4,0.067,0.58,9.7,0.052,0.135,0.093,16.6,16.6,0.45,0.499,0.168,0.171,95.41,94.84,79.03,94.84,0.07,2868,2.0,5.0,Al-Farouq Aminu
201582,Alexis,1610612761,TOR,23.0,34,6,28,0.176,339.84,59,133,0.444,12,34,0.353,13,18,0.722,17,61,78,10,18,11,19,5,73,20,143,7,323.6,0,0,303.0,2,2010-11,10.0,102.0,101.3,101.3,103.3,100.6,100.6,-1.3,0.7,0.7,0.049,0.56,5.9,0.052,0.179,0.117,10.7,10.7,0.489,0.507,0.207,0.212,95.43,97.03,80.86,97.03,0.068,688,1.7,3.9,Alexis Ajinca
202087,Alonzo,1610612739,CLE,24.0,56,16,40,0.286,1117.388333333333,121,264,0.458,17,51,0.333,72,92,0.783,62,120,182,38,55,40,18,38,94,62,331,-272,725.4,0,0,684.0,3,2010-11,20.0,98.8,98.9,98.9,109.5,109.9,109.9,-10.7,-11.0,-11.0,0.056,0.69,9.5,0.054,0.111,0.082,13.8,13.8,0.491,0.544,0.142,0.144,94.68,94.48,78.74,94.48,0.069,2185,2.2,4.7,Alonzo Gee
2405,Amar'e,1610612752,NYK,28.0,78,39,39,0.5,2870.0116666666668,744,1482,0.502,10,23,0.435,473,597,0.792,198,438,636,202,250,71,150,120,274,473,1971,61,3450.2,26,0,3261.0,1,2010-11,36.8,109.7,111.2,111.2,108.5,109.9,109.9,1.2,1.3,1.3,0.128,0.81,9.2,0.072,0.157,0.114,11.4,11.4,0.505,0.565,0.307,0.309,97.93,96.63,80.52,96.63,0.137,5770,9.5,19.0,Amar'e Stoudemire
101161,Amir,1610612761,TOR,24.0,72,20,52,0.278,1852.6516666666664,281,495,0.568,0,1,0.0,126,160,0.788,189,272,461,81,69,53,88,48,263,156,688,-126,1716.7,11,0,1512.0,1,2010-11,25.7,105.5,106.6,106.6,108.3,109.1,109.1,-2.8,-2.4,-2.4,0.064,1.17,11.4,0.104,0.158,0.131,9.7,9.6,0.568,0.608,0.152,0.154,95.39,94.57,78.81,94.57,0.097,3633,3.9,6.9,Amir Johnson
2760,Anderson,1610612739,CLE,28.0,31,8,23,0.258,993.895,114,216,0.528,0,2,0.0,54,81,0.667,98,203,301,45,40,27,38,21,87,86,282,-171,865.7,7,0,758.0,1,2010-11,32.1,97.7,99.0,99.0,106.7,108.0,108.0,-9.0,-9.0,-9.0,0.074,1.13,13.4,0.097,0.215,0.154,11.9,11.9,0.528,0.56,0.133,0.135,94.95,93.79,78.16,93.79,0.107,1944,3.7,7.0,Anderson Varejao
101154,Andray,1610612764,WAS,24.0,64,21,43,0.328,2171.931666666667,426,957,0.445,4,18,0.222,220,283,0.777,183,343,526,144,172,98,51,79,182,228,1076,-242,2198.2,17,0,2048.0,1,2010-11,33.9,100.4,101.8,101.8,107.2,107.9,107.9,-6.8,-6.1,-6.1,0.115,0.84,10.3,0.084,0.169,0.125,12.3,12.3,0.447,0.497,0.254,0.256,96.1,95.16,79.3,95.16,0.112,4316,6.7,15.0,Andray Blatche
2738,Andre,1610612755,PHI,27.0,67,36,31,0.537,2468.688333333333,338,759,0.445,61,181,0.337,208,300,0.693,61,326,387,422,138,101,38,23,109,247,945,164,2321.4,11,3,2093.0,1,2010-11,36.8,104.2,105.3,105.3,100.8,101.9,101.9,3.4,3.4,3.4,0.261,3.06,29.0,0.026,0.136,0.081,9.5,9.5,0.486,0.53,0.191,0.192,94.03,93.02,77.51,93.02,0.126,4785,5.0,11.3,Andre Iguodala
1889,Andre,1610612757,POR,35.0,81,47,34,0.58,2649.72,388,844,0.46,4,37,0.108,249,292,0.853,97,205,302,566,197,114,12,60,171,227,1029,254,2421.4,11,0,2153.0,1,2010-11,32.7,108.7,109.5,109.5,104.0,104.9,104.9,4.7,4.6,4.6,0.348,2.87,32.9,0.04,0.087,0.063,11.5,11.4,0.462,0.529,0.203,0.209,89.18,88.47,73.72,88.47,0.126,4898,4.8,10.4,Andre Miller
200745,Andrea,1610612761,TOR,25.0,66,19,47,0.288,2353.048333333333,525,1173,0.448,77,223,0.345,287,350,0.82,74,269,343,119,152,34,46,49,160,295,1414,-316,2092.1,2,0,2113.0,1,2010-11,35.7,104.5,105.7,105.7,112.5,112.9,112.9,-8.0,-7.2,-7.2,0.086,0.78,7.5,0.033,0.124,0.078,9.5,9.5,0.48,0.533,0.279,0.282,95.91,95.2,79.34,95.2,0.1,4676,8.0,17.8,Andrea Bargnani
1905,Andrei,1610612762,UTA,30.0,64,33,31,0.516,1998.9833333333331,253,542,0.467,36,98,0.367,208,270,0.77,100,227,327,192,117,81,74,36,113,200,750,-33,1778.4,4,0,1615.0,1,2010-11,31.2,106.6,108.2,108.2,107.7,108.6,108.6,-1.1,-0.4,-0.4,0.145,1.64,19.8,0.054,0.119,0.087,12.1,12.1,0.5,0.567,0.177,0.178,94.1,93.05,77.54,93.05,0.107,3867,4.0,8.5,Andrei Kirilenko
2804,Andres,1610612755,PHI,31.0,54,23,31,0.426,930.8183333333334,118,277,0.426,42,118,0.356,49,61,0.803,19,150,169,45,47,14,15,16,100,61,327,-139,637.3,2,0,641.0,1,2010-11,17.2,99.7,98.7,98.7,106.6,106.5,106.5,-6.9,-7.8,-7.8,0.076,0.96,11.4,0.021,0.169,0.095,11.9,11.9,0.502,0.538,0.169,0.174,95.1,95.63,79.69,95.63,0.073,1857,2.2,5.1,Andres Nocioni
101106,Andrew,1610612749,MIL,26.0,65,28,37,0.431,2297.373333333333,367,742,0.495,0,4,0.0,96,217,0.442,199,521,720,131,125,47,168,36,217,243,830,10,2410.5,24,0,2111.0,1,2010-11,35.3,98.7,100.4,100.4,98.7,99.5,99.5,0.0,0.8,0.8,0.103,1.05,11.9,0.089,0.237,0.163,11.4,11.4,0.495,0.496,0.197,0.198,91.2,90.03,75.02,90.03,0.126,4296,5.6,11.4,Andrew Bogut
101115,Andrew,1610612747,LAL,23.0,54,36,18,0.667,1500.005,237,413,0.574,0,0,0.0,138,209,0.66,170,338,508,73,74,19,106,31,140,152,612,199,1632.1,17,0,1443.0,1,2010-11,27.8,106.3,107.0,107.0,99.3,99.6,99.6,7.1,7.4,7.4,0.079,0.99,11.1,0.119,0.225,0.173,11.3,11.4,0.574,0.606,0.178,0.18,91.58,91.12,75.93,91.12,0.143,2842,4.4,7.6,Andrew Bynum
2740,Andris,1610612744,GSW,25.0,59,26,33,0.441,1397.09,142,266,0.534,0,0,0.0,10,31,0.323,145,281,426,60,57,52,52,14,198,54,294,-234,1150.2,3,0,988.0,1,2010-11,23.7,102.7,103.0,103.0,110.6,111.4,111.4,-7.9,-8.4,-8.4,0.06,1.05,15.2,0.103,0.219,0.158,14.4,14.4,0.534,0.526,0.104,0.106,97.52,97.02,80.85,97.02,0.07,2826,2.4,4.5,Andris Biedrins
202360,Andy,1610612752,NYK,24.0,5,2,3,0.4,24.1,3,7,0.429,1,4,0.25,1,2,0.5,0,1,1,3,7,1,0,0,0,1,8,-11,9.7,0,0,15.0,1,2010-11,4.8,83.8,79.6,79.6,102.6,102.0,102.0,-18.8,-22.4,-22.4,0.25,0.43,16.7,0.0,0.04,0.0,38.9,39.1,0.5,0.508,0.268,0.278,94.84,97.59,81.33,97.59,0.015,49,0.6,1.4,Andy Rautins
1712,Antawn,1610612739,CLE,35.0,56,9,47,0.161,1842.1966666666667,374,876,0.427,91,263,0.346,171,234,0.731,86,289,375,93,77,50,30,30,137,205,1010,-366,1762.5,10,0,1729.0,1,2010-11,32.9,101.3,103.1,103.1,111.9,113.4,113.4,-10.6,-10.4,-10.4,0.092,1.21,8.1,0.044,0.164,0.101,6.7,6.7,0.479,0.516,0.252,0.255,96.83,95.33,79.44,95.33,0.107,3665,6.7,15.6,Antawn Jamison
1853,Anthony,1610612752,NYK,36.0,33,20,13,0.606,463.2966666666667,45,106,0.425,12,40,0.3,8,8,1.0,7,44,51,69,39,27,6,2,49,13,110,9,334.7,0,0,308.0,2,2010-11,14.0,104.4,103.3,103.3,103.3,102.3,102.3,1.1,0.9,0.9,0.234,1.77,31.7,0.015,0.096,0.056,17.9,17.9,0.481,0.502,0.14,0.144,97.19,98.22,81.85,98.22,0.073,948,1.4,3.2,Anthony Carter
201627,Anthony,1610612751,NJN,25.0,58,17,41,0.293,1856.4266666666667,279,620,0.45,110,260,0.423,96,107,0.897,37,135,172,68,54,19,7,24,135,77,764,-120,1096.4,0,0,1166.0,1,2010-11,32.0,101.0,102.0,102.0,105.1,106.3,106.3,-4.1,-4.3,-4.3,0.063,1.26,8.7,0.02,0.076,0.048,6.9,6.8,0.539,0.573,0.175,0.18,92.34,91.39,76.16,91.39,0.077,3550,4.8,10.7,Anthony Morrow
1515,Anthony,1610612739,CLE,36.0,72,18,54,0.25,2091.18,220,552,0.399,86,227,0.379,74,95,0.779,33,185,218,218,80,67,10,16,109,107,600,-299,1339.6,0,0,1276.0,1,2010-11,29.0,99.8,100.9,100.9,107.6,108.4,108.4,-7.8,-7.5,-7.5,0.164,2.73,24.5,0.016,0.091,0.053,9.0,9.0,0.476,0.505,0.144,0.146,95.27,94.44,78.7,94.44,0.076,4119,3.1,7.7,Anthony Parker
201576,Anthony,1610612750,MIN,21.0,40,11,29,0.275,589.6416666666667,123,264,0.466,1,4,0.25,58,86,0.674,43,117,160,33,53,22,24,16,62,73,305,-140,631.5,5,0,591.0,2,2010-11,14.7,96.8,96.3,96.3,107.6,107.0,107.0,-10.8,-10.7,-10.7,0.103,0.62,8.5,0.069,0.198,0.132,13.6,13.7,0.468,0.505,0.256,0.262,99.4,99.93,83.27,99.93,0.11,1223,3.1,6.6,Anthony Randolph
201229,Anthony,1610612750,MIN,26.0,65,12,53,0.185,1362.415,141,313,0.45,47,115,0.409,105,131,0.802,92,203,295,82,49,28,28,18,145,140,434,-80,1030.0,3,0,970.0,1,2010-11,21.0,102.2,102.3,102.3,106.1,104.8,104.8,-4.0,-2.5,-2.5,0.09,1.67,16.3,0.064,0.153,0.107,9.7,9.8,0.526,0.585,0.13,0.133,97.98,98.53,82.1,98.53,0.091,2791,2.2,4.8,Anthony Tolliver
101120,Antoine,1610612758,SAC,27.0,7,2,5,0.286,31.36,1,8,0.125,0,4,0.0,0,0,0.0,2,1,3,0,1,1,0,0,3,1,2,-24,7.6,0,0,7.0,1,2010-11,4.5,86.7,76.7,76.7,105.7,107.7,107.7,-19.0,-31.0,-31.0,0.0,0.0,0.0,0.0,0.032,0.0,11.1,11.1,0.125,0.125,0.125,0.138,91.32,95.66,79.72,95.66,-0.072,60,0.1,1.1,Antoine Wright
1498,Antonio,1610612755,PHI,36.0,4,1,3,0.25,35.29666666666667,2,5,0.4,0,2,0.0,2,2,1.0,0,5,5,2,1,0,0,0,0,3,6,12,14.0,0,0,13.0,1,2010-11,8.8,112.4,110.8,110.8,94.8,88.2,88.2,17.6,22.5,22.5,0.08,2.0,22.2,0.0,0.139,0.074,11.1,11.3,0.4,0.51,0.093,0.096,86.57,90.43,75.36,90.43,0.082,65,0.5,1.3,Antonio Daniels
686,Antonio,1610612759,SAS,36.0,73,54,19,0.74,1386.4616666666666,169,344,0.491,0,1,0.0,52,77,0.675,122,273,395,84,72,36,39,9,163,76,390,134,1143.0,5,0,1019.0,1,2010-11,19.0,108.1,107.8,107.8,102.3,102.0,102.0,5.8,5.7,5.7,0.093,1.17,15.6,0.095,0.2,0.15,13.4,13.5,0.491,0.516,0.147,0.15,93.87,94.12,78.43,94.12,0.092,2708,2.3,4.7,Antonio McDyess
202356,Armon,1610612757,POR,22.0,38,20,18,0.526,277.43666666666667,46,101,0.455,5,12,0.417,13,22,0.591,11,25,36,45,38,5,1,7,31,22,110,-22,200.7,0,0,208.0,1,2010-11,7.3,94.5,92.7,92.7,97.3,94.4,94.4,-2.8,-1.7,-1.7,0.3,1.18,23.2,0.037,0.093,0.063,19.6,19.6,0.48,0.497,0.228,0.237,96.0,98.36,81.96,98.36,0.077,562,1.2,2.7,Armon Johnson
201167,Arron,1610612743,DEN,25.0,69,40,29,0.58,2324.293333333333,312,627,0.498,105,248,0.423,138,163,0.847,45,206,251,168,71,34,31,39,153,116,867,158,1544.2,3,0,1521.0,1,2010-11,33.7,109.7,111.0,111.0,105.9,107.3,107.3,3.8,3.6,3.6,0.109,2.37,18.0,0.021,0.089,0.056,7.6,7.6,0.581,0.62,0.147,0.15,97.22,96.02,80.02,96.02,0.087,4645,4.5,9.1,Arron Afflalo
201948,Austin,1610612765,DET,23.0,72,26,46,0.361,1446.115,193,471,0.41,69,172,0.401,82,108,0.759,64,210,274,78,59,39,39,22,165,95,537,-133,1157.8,0,0,1114.0,1,2010-11,20.1,104.1,105.0,105.0,108.8,109.5,109.5,-4.7,-4.6,-4.6,0.085,1.32,11.9,0.045,0.16,0.1,9.0,9.0,0.483,0.518,0.181,0.184,92.9,92.24,76.87,92.24,0.078,2776,2.7,6.5,Austin Daye
202340,Avery,1610612738,BOS,20.0,31,21,10,0.677,162.49,23,67,0.343,0,5,0.0,6,12,0.5,4,13,17,12,16,9,0,7,20,11,52,-56,101.4,0,0,99.0,1,2010-11,5.2,84.6,82.8,82.8,101.7,99.1,99.1,-17.1,-16.3,-16.3,0.135,0.75,12.0,0.025,0.078,0.052,16.0,16.0,0.343,0.36,0.238,0.253,96.06,98.37,81.97,98.37,0.005,332,0.7,2.2,Avery Bradley
1884,Baron,1610612739,CLE,32.0,58,24,34,0.414,1649.2883333333334,289,693,0.417,81,239,0.339,101,131,0.771,35,121,156,391,146,78,28,32,143,107,760,-12,1705.7,7,0,1600.0,2,2010-11,28.4,106.7,108.6,108.6,108.1,109.3,109.3,-1.4,-0.7,-0.7,0.388,2.68,30.5,0.021,0.077,0.049,11.4,11.3,0.475,0.506,0.24,0.243,94.83,93.49,77.91,93.49,0.116,3217,5.0,11.9,Baron Davis
2732,Ben,1610612765,DET,28.0,82,30,52,0.366,2130.86,339,770,0.44,107,266,0.402,136,160,0.85,41,154,195,171,141,48,16,30,178,132,921,-116,1462.5,0,0,1522.0,1,2010-11,26.0,105.3,107.2,107.2,108.8,110.0,110.0,-3.5,-2.8,-2.8,0.129,1.21,15.0,0.02,0.082,0.049,12.4,12.2,0.51,0.548,0.206,0.212,92.8,91.49,76.24,91.49,0.075,4061,4.1,9.4,Ben Gordon
202386,Ben,1610612751,NJN,23.0,42,6,36,0.143,437.5783333333333,61,144,0.424,3,8,0.375,33,56,0.589,30,31,61,69,25,13,8,17,29,36,158,-80,372.7,0,0,333.0,1,2010-11,10.4,97.0,95.1,95.1,105.7,103.3,103.3,-8.7,-8.2,-8.2,0.278,2.76,26.1,0.067,0.074,0.07,9.5,9.5,0.434,0.468,0.199,0.206,90.9,92.86,77.38,92.86,0.097,841,1.5,3.4,Ben Uzoh
1112,Ben,1610612765,DET,36.0,54,20,34,0.37,1238.1833333333334,67,149,0.45,1,2,0.5,19,57,0.333,129,221,350,72,44,54,54,14,81,81,154,-171,962.0,1,0,793.0,1,2010-11,22.9,101.0,102.2,102.2,108.2,109.9,109.9,-7.2,-7.6,-7.6,0.086,1.64,24.7,0.106,0.204,0.152,15.1,15.2,0.453,0.442,0.082,0.083,89.35,88.15,73.46,88.15,0.083,2275,1.2,2.8,Ben Wallace
2757,Beno,1610612758,SAC,28.0,79,24,55,0.304,2733.5133333333333,412,824,0.5,65,182,0.357,197,228,0.864,41,224,265,386,141,94,9,36,181,201,1086,-272,2151.0,4,0,2008.0,1,2010-11,34.6,100.4,102.0,102.0,106.0,107.6,107.6,-5.6,-5.6,-5.6,0.219,2.74,26.9,0.014,0.086,0.049,9.8,9.7,0.539,0.587,0.164,0.168,97.85,96.32,80.26,96.32,0.114,5502,5.2,10.4,Beno Udrih
201933,Blake,1610612746,LAC,22.0,82,32,50,0.39,3111.4733333333334,696,1376,0.506,7,24,0.292,446,695,0.642,270,719,989,312,223,63,45,93,252,615,1845,-147,3600.8,63,2,3369.0,1,2010-11,37.9,103.4,105.9,105.9,106.8,108.0,108.0,-3.4,-2.2,-2.2,0.184,1.4,14.1,0.09,0.238,0.164,10.1,10.1,0.508,0.549,0.27,0.273,95.54,93.88,78.23,93.88,0.16,6078,8.5,16.8,Blake Griffin
2250,Bobby,1610612759,SAS,31.0,2,2,0,1.0,15.518333333333333,0,3,0.0,0,3,0.0,0,0,0.0,0,0,0,2,0,0,0,0,2,0,0,6,3.0,0,0,2.0,1,2010-11,7.8,104.8,106.7,106.7,90.4,86.7,86.7,14.4,20.0,20.0,0.182,0.0,40.0,0.0,0.0,0.0,0.0,0.0,0.0,0.0,0.086,0.087,91.68,92.79,77.33,92.79,-0.058,30,0.0,1.5,Bobby Simmons
2564,Boris,1610612766,CHA,29.0,82,34,48,0.415,2778.275,381,774,0.492,78,226,0.345,84,123,0.683,105,309,414,337,166,74,46,30,190,138,924,-238,2120.3,5,1,1993.0,1,2010-11,33.9,101.4,102.8,102.8,105.3,107.3,107.3,-3.9,-4.5,-4.5,0.203,2.03,25.3,0.04,0.118,0.079,12.5,12.5,0.543,0.558,0.166,0.168,92.48,90.97,75.81,90.97,0.1,5265,4.6,9.4,Boris Diaw
1802,Brad,1610612745,HOU,35.0,60,32,28,0.533,1015.4266666666666,132,296,0.446,40,107,0.374,78,94,0.83,44,178,222,145,54,28,21,21,98,95,382,43,958.9,1,0,887.0,1,2010-11,16.9,105.7,106.3,106.3,105.6,104.5,104.5,0.0,1.8,1.8,0.22,2.69,27.1,0.043,0.178,0.11,10.1,10.1,0.514,0.566,0.167,0.17,96.32,96.55,80.46,96.55,0.119,2045,2.2,4.9,Brad Miller
201148,Brandan,1610612751,NJN,23.0,37,14,23,0.378,378.67333333333335,60,117,0.513,0,0,0.0,21,31,0.677,31,58,89,12,14,11,17,10,34,29,141,-67,335.8,1,0,298.0,2,2010-11,10.2,96.0,95.5,95.5,103.8,103.0,103.0,-7.8,-7.5,-7.5,0.053,0.86,7.7,0.078,0.156,0.116,9.0,8.9,0.513,0.54,0.165,0.17,96.12,96.72,80.6,96.72,0.108,758,1.6,3.2,Brandan Wright
101138,Brandon,1610612753,ORL,26.0,76,49,27,0.645,1980.195,332,645,0.515,0,2,0.0,190,233,0.815,134,290,424,57,97,27,52,47,159,162,854,157,1588.3,3,0,1493.0,1,2010-11,26.1,103.7,103.9,103.9,97.2,98.9,98.9,6.4,5.0,5.0,0.051,0.59,6.3,0.073,0.149,0.112,10.8,10.8,0.515,0.571,0.198,0.202,92.5,91.59,76.33,91.59,0.115,3763,4.4,8.5,Brandon Bass
201943,Brandon,1610612749,MIL,21.0,63,27,36,0.429,2168.64,361,926,0.39,98,303,0.323,199,246,0.809,42,192,234,305,146,95,21,51,131,188,1019,-70,1959.3,6,1,1888.0,1,2010-11,34.4,98.3,100.0,100.0,100.4,101.6,101.6,-2.1,-1.6,-1.6,0.261,2.09,20.6,0.019,0.095,0.055,9.9,9.8,0.443,0.493,0.246,0.25,93.1,91.74,76.45,91.74,0.113,4143,5.7,14.7,Brandon Jennings
200750,Brandon,1610612757,POR,26.0,47,25,22,0.532,1309.71,209,523,0.4,38,114,0.333,117,138,0.848,28,93,121,129,55,37,12,25,76,148,573,81,1003.7,1,0,959.0,1,2010-11,27.9,106.5,107.1,107.1,104.0,104.5,104.5,2.5,2.6,2.6,0.168,2.35,16.7,0.022,0.081,0.05,7.1,7.2,0.436,0.491,0.225,0.228,89.54,89.08,74.23,89.08,0.095,2439,4.4,11.1,Brandon Roy
201575,Brandon,1610612754,IND,25.0,67,27,40,0.403,1753.881666666667,217,515,0.421,93,223,0.417,80,106,0.755,33,184,217,62,69,41,35,34,107,80,607,-209,1119.4,0,0,1131.0,1,2010-11,26.2,99.9,100.7,100.7,105.9,106.3,106.3,-6.0,-5.6,-5.6,0.058,0.9,8.9,0.019,0.105,0.062,9.9,10.0,0.512,0.54,0.16,0.161,96.86,96.31,80.26,96.31,0.074,3514,3.2,7.7,Brandon Rush
2217,Brendan,1610612742,DAL,31.0,72,50,22,0.694,1331.365,128,223,0.574,0,1,0.0,64,177,0.362,129,247,376,19,51,16,74,26,146,145,320,-12,1018.7,2,0,895.0,1,2010-11,18.5,104.6,103.6,103.6,103.7,104.0,104.0,0.9,-0.5,-0.5,0.022,0.37,5.1,0.102,0.197,0.149,13.8,13.8,0.574,0.532,0.12,0.124,92.66,92.98,77.48,92.98,0.066,2579,1.8,3.1,Brendan Haywood
2073,Brian,1610612742,DAL,34.0,56,37,19,0.661,617.975,43,100,0.43,42,87,0.483,17,18,0.944,10,49,59,40,17,24,7,4,82,44,145,-26,351.8,0,0,348.0,1,2010-11,11.0,106.5,103.7,103.7,106.1,106.4,106.4,0.5,-2.7,-2.7,0.097,2.35,24.1,0.017,0.085,0.051,10.2,10.3,0.64,0.672,0.093,0.097,91.99,93.13,77.61,93.13,0.054,1202,0.8,1.8,Brian Cardinal
2567,Brian,1610612746,LAC,30.0,40,8,32,0.2,447.22833333333335,72,170,0.424,34,79,0.43,15,24,0.625,19,77,96,15,25,12,11,7,75,26,193,-27,374.7,1,0,384.0,1,2010-11,11.2,99.4,102.5,102.5,108.0,105.1,105.1,-8.7,-2.6,-2.6,0.057,0.6,6.8,0.041,0.186,0.109,11.4,11.3,0.524,0.534,0.202,0.203,94.66,94.45,78.71,94.45,0.077,878,1.8,4.3,Brian Cook
2243,Brian,1610612741,CHI,33.0,18,12,6,0.667,87.97833333333334,10,19,0.526,0,5,0.0,0,0,0.0,1,7,8,6,5,3,4,1,18,2,20,-7,54.6,0,0,48.0,1,2010-11,4.9,105.0,102.2,102.2,103.9,104.3,104.3,1.1,-2.1,-2.1,0.098,1.2,20.0,0.011,0.068,0.041,16.7,16.7,0.526,0.526,0.114,0.12,99.55,100.66,83.88,100.66,0.022,183,0.6,1.1,Brian Scalabrine
1730,Brian,1610612749,MIL,35.0,2,2,0,1.0,5.883333333333334,0,0,0.0,0,0,0.0,0,0,0.0,0,0,0,0,0,0,0,0,0,0,0,-11,0.0,0,0,0.0,1,2010-11,2.9,57.1,57.1,57.1,152.7,146.2,146.2,-95.6,-89.0,-89.0,0.0,0.0,0.0,0.0,0.0,0.0,0.0,0.0,0.0,0.0,0.0,0.0,107.86,110.14,91.78,110.14,0.0,14,0.0,0.0,Brian Skinner
201572,Brook,1610612751,NJN,23.0,82,24,58,0.293,2888.755,644,1309,0.492,0,1,0.0,385,489,0.787,197,291,488,129,176,47,120,82,240,366,1673,-315,2777.1,9,0,2624.0,1,2010-11,35.2,101.6,103.5,103.5,108.6,109.7,109.7,-7.0,-6.2,-6.2,0.087,0.73,7.1,0.07,0.108,0.088,9.6,9.6,0.492,0.549,0.27,0.273,92.16,90.81,75.67,90.81,0.114,5475,7.9,16.0,Brook Lopez
201957,Byron,1610612760,OKC,22.0,13,8,5,0.615,85.09333333333333,9,28,0.321,0,0,0.0,7,14,0.5,6,18,24,0,8,2,3,2,11,10,25,-18,60.8,0,0,59.0,1,2010-11,6.5,93.7,90.5,90.5,108.5,102.9,102.9,-14.8,-12.4,-12.4,0.0,0.0,0.0,0.061,0.228,0.136,18.6,19.0,0.321,0.366,0.204,0.211,95.57,99.84,83.2,99.84,0.018,179,0.7,2.2,Byron Mullens
201228,C.J.,1610612741,CHI,27.0,82,62,20,0.756,1090.7333333333331,146,394,0.371,44,112,0.393,69,93,0.742,16,78,94,186,73,55,11,25,82,100,405,140,921.8,0,0,861.0,1,2010-11,13.3,101.0,99.3,99.3,92.8,92.6,92.6,8.2,6.7,6.7,0.303,2.55,26.7,0.015,0.073,0.044,10.5,10.5,0.426,0.466,0.212,0.218,91.74,92.57,77.14,92.57,0.104,2103,1.8,4.8,C.J. Watson
101139,CJ,1610612762,UTA,24.0,78,36,42,0.462,1968.618333333333,366,899,0.407,109,339,0.322,159,196,0.811,54,201,255,135,93,74,38,46,221,160,1000,55,1751.5,0,0,1723.0,1,2010-11,25.2,104.7,106.0,106.0,103.9,103.9,103.9,0.8,2.2,2.2,0.118,1.45,11.2,0.028,0.109,0.068,7.7,7.7,0.468,0.507,0.244,0.249,93.65,93.07,77.56,93.07,0.092,3804,4.7,11.5,CJ Miles
201171,Carl,1610612740,NOH,27.0,76,25,51,0.329,2007.895,345,687,0.502,0,4,0.0,213,288,0.74,165,182,347,63,109,40,32,54,196,242,903,-164,1520.9,8,0,1457.0,2,2010-11,26.4,102.9,104.4,104.4,107.3,108.7,108.7,-4.4,-4.3,-4.3,0.052,0.58,6.4,0.082,0.098,0.09,11.1,11.1,0.502,0.555,0.204,0.207,94.05,92.77,77.3,92.77,0.085,3882,4.5,9.0,Carl Landry
2306,Carlos,1610612738,BOS,31.0,64,43,21,0.672,1184.755,120,273,0.44,31,69,0.449,39,47,0.83,20,83,103,125,60,21,1,3,71,50,310,102,627.1,0,0,613.0,2,2010-11,18.5,105.2,104.8,104.8,99.1,100.7,100.7,6.1,4.1,4.1,0.16,2.08,26.3,0.019,0.069,0.046,12.6,12.5,0.496,0.528,0.137,0.141,92.65,92.07,76.72,92.07,0.066,2277,1.9,4.3,Carlos Arroyo
2430,Carlos,1610612741,CHI,29.0,59,47,12,0.797,1881.7616666666668,431,845,0.51,0,0,0.0,171,244,0.701,130,435,565,145,149,45,18,86,186,180,1033,276,1968.5,30,0,1869.0,1,2010-11,31.9,107.5,109.3,109.3,100.9,102.4,102.4,6.5,6.9,6.9,0.137,0.97,11.7,0.075,0.242,0.161,12.0,12.0,0.51,0.542,0.267,0.27,92.81,91.41,76.17,91.41,0.142,3597,7.3,14.3,Carlos Boozer
2568,Carlos,1610612749,MIL,28.0,49,21,28,0.429,1590.4633333333334,200,513,0.39,105,284,0.37,60,75,0.8,24,176,200,112,57,76,8,28,72,66,565,-84,1168.0,2,0,1150.0,1,2010-11,32.5,97.5,99.1,99.1,101.5,101.8,101.8,-3.9,-2.7,-2.7,0.123,1.96,15.6,0.015,0.122,0.065,7.9,8.0,0.492,0.517,0.176,0.177,92.02,91.13,75.94,91.13,0.1,3019,4.1,10.5,Carlos Delfino
2546,Carmelo,1610612752,NYK,27.0,77,43,34,0.558,2751.25,684,1503,0.455,95,251,0.378,507,605,0.838,118,445,563,221,206,68,46,108,224,422,1970,187,3113.1,18,0,3077.0,2,2010-11,35.7,110.2,112.2,112.2,106.9,108.4,108.4,3.3,3.8,3.8,0.149,1.07,10.1,0.045,0.16,0.104,9.4,9.4,0.487,0.557,0.318,0.321,97.81,96.24,80.2,96.24,0.143,5506,8.9,19.5,Carmelo Anthony
2406,Caron,1610612742,DAL,31.0,29,21,8,0.724,867.1683333333333,170,378,0.45,28,65,0.431,68,88,0.773,22,96,118,46,49,28,8,21,59,68,436,148,705.6,1,0,700.0,1,2010-11,29.9,107.2,107.2,107.2,98.4,98.5,98.5,8.8,8.7,8.7,0.091,0.94,9.0,0.029,0.109,0.072,9.6,9.6,0.487,0.523,0.251,0.255,93.2,93.16,77.63,93.16,0.093,1684,5.9,13.0,Caron Butler
201858,Cartier,1610612764,WAS,26.0,52,19,33,0.365,542.1883333333334,71,182,0.39,39,99,0.394,28,40,0.7,20,54,74,18,16,18,6,8,52,38,209,19,380.8,0,0,388.0,1,2010-11,10.4,106.1,104.9,104.9,103.7,102.7,102.7,2.3,2.2,2.2,0.05,1.13,7.7,0.037,0.102,0.07,6.8,6.8,0.497,0.524,0.171,0.176,96.35,97.34,81.12,97.34,0.069,1097,1.4,3.5,Cartier Martin
101112,Channing,1610612756,PHX,28.0,77,39,38,0.506,2541.1266666666666,358,829,0.432,171,439,0.39,89,107,0.832,65,448,513,96,73,46,79,14,272,123,976,102,2037.6,8,0,2006.0,1,2010-11,33.0,108.7,109.8,109.8,106.5,107.7,107.7,2.2,2.1,2.1,0.056,1.32,9.2,0.027,0.177,0.104,7.0,7.0,0.535,0.557,0.167,0.169,96.64,95.66,79.72,95.66,0.085,5063,4.6,10.8,Channing Frye
2294,Charlie,1610612744,GSW,32.0,19,7,12,0.368,170.925,12,43,0.279,6,21,0.286,2,4,0.5,6,12,18,13,6,6,1,3,13,7,32,0,88.1,0,0,83.0,1,2010-11,9.0,102.3,101.8,101.8,100.3,100.0,100.0,2.0,1.8,1.8,0.113,2.17,20.3,0.034,0.07,0.051,9.4,9.4,0.349,0.357,0.131,0.133,94.28,94.64,78.86,94.64,0.029,334,0.6,2.3,Charlie Bell
101111,Charlie,1610612765,DET,26.0,76,27,49,0.355,1665.6583333333333,313,708,0.442,125,323,0.387,89,116,0.767,50,245,295,48,66,42,42,11,175,95,840,-137,1452.0,4,0,1476.0,1,2010-11,21.9,103.8,105.8,105.8,109.4,110.2,110.2,-5.6,-4.4,-4.4,0.05,0.73,5.5,0.031,0.165,0.096,7.5,7.6,0.53,0.553,0.229,0.231,92.53,91.34,76.11,91.34,0.099,3170,4.1,9.3,Charlie Villanueva
201978,Chase,1610612745,HOU,23.0,78,41,37,0.526,1737.5233333333333,279,656,0.425,89,274,0.325,118,138,0.855,52,229,281,127,67,41,18,43,114,102,765,142,1402.7,0,0,1380.0,1,2010-11,22.3,107.9,108.5,108.5,103.9,104.1,104.1,4.0,4.4,4.4,0.113,1.9,14.0,0.029,0.131,0.08,7.4,7.4,0.493,0.534,0.195,0.199,96.73,96.37,80.31,96.37,0.099,3483,3.6,8.4,Chase Budinger
1497,Chauncey,1610612752,NYK,34.0,72,38,34,0.528,2310.143333333333,339,794,0.427,146,363,0.402,384,419,0.916,25,165,190,387,177,71,14,43,146,258,1208,119,2094.5,2,0,2101.0,2,2010-11,32.1,110.2,112.0,112.0,107.4,109.1,109.1,2.8,2.9,2.9,0.266,2.19,25.3,0.011,0.071,0.042,11.6,11.5,0.519,0.617,0.221,0.225,97.51,95.99,80.0,95.99,0.122,4613,4.7,11.0,Chauncey Billups
2365,Chris,1610612743,DEN,32.0,45,29,16,0.644,732.32,82,137,0.599,0,1,0.0,86,135,0.637,75,144,219,20,25,23,58,16,79,114,250,90,760.8,2,0,651.0,1,2010-11,16.3,105.8,106.4,106.4,100.6,100.2,100.2,5.2,6.2,6.2,0.043,0.8,8.2,0.102,0.192,0.148,10.3,10.4,0.599,0.636,0.129,0.131,99.1,99.07,82.56,99.07,0.123,1510,1.8,3.0,Chris Andersen
2547,Chris,1610612748,MIA,27.0,77,55,22,0.714,2794.7633333333333,524,1056,0.496,6,25,0.24,384,471,0.815,141,500,641,144,138,59,49,52,172,357,1438,606,2609.2,28,0,2445.0,1,2010-11,36.3,110.8,111.7,111.7,99.4,100.5,100.5,11.5,11.2,11.2,0.086,1.04,9.3,0.057,0.178,0.122,8.9,8.9,0.499,0.569,0.232,0.234,93.45,92.57,77.14,92.57,0.139,5391,6.8,13.7,Chris Bosh
201604,Chris,1610612749,MIL,24.0,44,19,25,0.432,884.07,117,273,0.429,15,46,0.326,74,89,0.831,7,81,88,50,35,29,13,29,73,70,323,-23,594.6,0,0,560.0,1,2010-11,20.1,99.5,99.9,99.9,100.4,101.1,101.1,-0.9,-1.2,-1.2,0.098,1.43,12.7,0.008,0.097,0.052,8.9,8.8,0.456,0.517,0.181,0.186,92.75,92.22,76.85,92.22,0.081,1697,2.7,6.2,Chris Douglas-Roberts
2768,Chris,1610612753,ORL,28.0,51,36,15,0.706,774.0233333333333,49,129,0.38,13,52,0.25,14,25,0.56,9,43,52,118,61,16,2,14,30,36,125,1,357.4,0,0,344.0,1,2010-11,15.2,99.1,97.5,97.5,97.4,97.3,97.3,1.7,0.2,0.2,0.251,1.93,36.9,0.012,0.057,0.035,19.1,19.1,0.43,0.446,0.118,0.122,91.77,92.52,77.1,92.52,0.056,1491,1.0,2.5,Chris Duhon
202419,Chris,1610612757,POR,25.0,14,10,4,0.714,138.88333333333333,9,21,0.429,0,0,0.0,15,20,0.75,12,20,32,3,10,3,9,2,21,14,33,-56,101.9,0,0,92.0,2,2010-11,9.9,87.9,87.8,87.8,109.2,106.4,106.4,-21.3,-18.6,-18.6,0.037,0.3,7.0,0.079,0.154,0.113,23.3,23.4,0.429,0.554,0.126,0.129,95.44,96.77,80.64,96.77,0.05,278,0.6,1.5,Chris Johnson
2549,Chris,1610612746,LAC,29.0,32,11,21,0.344,837.54,177,376,0.471,0,0,0.0,43,57,0.754,51,174,225,46,58,16,48,21,75,40,397,-46,870.0,6,0,796.0,1,2010-11,26.2,97.0,99.0,99.0,101.8,102.6,102.6,-4.8,-3.6,-3.6,0.1,0.79,9.1,0.061,0.2,0.132,11.5,11.5,0.471,0.495,0.242,0.245,96.61,95.28,79.4,95.28,0.121,1669,5.5,11.8,Chris Kaman
101108,Chris,1610612740,NOH,26.0,80,45,35,0.563,2879.643333333333,430,928,0.463,71,183,0.388,337,384,0.878,38,289,327,782,177,188,5,29,196,385,1268,256,3235.4,32,0,2834.0,1,2010-11,36.0,107.3,107.8,107.8,102.1,103.4,103.4,5.2,4.4,4.4,0.441,4.42,38.3,0.014,0.112,0.062,8.7,8.6,0.502,0.578,0.206,0.21,91.26,90.49,75.41,90.49,0.169,5438,5.4,11.6,Chris Paul
200809,Chris,1610612759,SAS,27.0,41,33,8,0.805,292.055,33,91,0.363,11,37,0.297,4,8,0.5,3,22,25,42,12,5,1,4,29,9,81,-36,180.0,0,0,171.0,1,2010-11,7.1,106.4,101.8,101.8,108.2,109.3,109.3,-1.8,-7.5,-7.5,0.236,3.5,28.2,0.011,0.076,0.043,8.1,8.1,0.423,0.428,0.164,0.173,91.14,92.69,77.25,92.69,0.051,567,0.8,2.2,Chris Quinn
2404,Chris,1610612765,DET,28.0,57,22,35,0.386,994.6933333333334,187,322,0.581,0,1,0.0,50,89,0.562,95,176,271,43,43,29,17,17,145,75,424,-8,908.7,3,0,830.0,1,2010-11,17.5,109.2,110.8,110.8,110.3,110.8,110.8,-1.0,0.0,0.0,0.068,1.0,9.7,0.101,0.209,0.152,9.7,9.6,0.581,0.587,0.183,0.187,92.03,91.18,75.98,91.18,0.1,1886,3.3,5.6,Chris Wilcox
201963,Christian,1610612739,CLE,22.0,44,10,34,0.227,946.885,130,306,0.425,25,91,0.275,18,28,0.643,27,96,123,35,47,34,28,24,78,28,303,-202,642.1,0,0,610.0,1,2010-11,21.5,99.7,100.3,100.3,110.1,111.0,111.0,-10.4,-10.7,-10.7,0.061,0.74,8.8,0.028,0.105,0.065,11.8,11.7,0.466,0.476,0.169,0.173,96.24,95.5,79.59,95.5,0.055,1884,3.0,7.0,Christian Eyenga
101236,Chuck,1610612745,HOU,28.0,74,41,33,0.554,2079.16,244,463,0.527,0,2,0.0,94,142,0.662,219,380,599,202,86,79,49,72,200,131,582,209,1901.8,11,1,1639.0,1,2010-11,28.1,110.4,112.0,112.0,104.4,105.8,105.8,5.9,6.1,6.1,0.14,2.35,24.8,0.108,0.186,0.147,10.6,10.6,0.527,0.554,0.13,0.132,96.32,95.0,79.17,95.0,0.106,4095,3.3,6.3,Chuck Hayes
202332,Cole,1610612760,OKC,22.0,18,11,7,0.611,141.47666666666666,8,15,0.533,0,0,0.0,2,4,0.5,13,22,35,4,8,5,7,2,30,5,18,7,94.0,0,0,81.0,1,2010-11,7.9,104.4,100.7,100.7,100.6,98.6,98.6,3.9,2.1,2.1,0.041,0.5,13.8,0.096,0.143,0.121,27.6,27.8,0.533,0.537,0.079,0.082,94.52,97.2,81.0,97.2,0.026,287,0.4,0.8,Cole Aldrich
201147,Corey,1610612742,DAL,25.0,69,22,47,0.319,1510.4233333333334,193,488,0.395,30,112,0.268,136,192,0.708,57,118,175,89,87,100,16,31,159,158,552,-130,1156.5,0,0,1078.0,2,2010-11,21.9,102.3,102.8,102.8,106.1,106.4,106.4,-3.8,-3.6,-3.6,0.09,1.02,11.9,0.036,0.079,0.057,11.6,11.6,0.426,0.482,0.183,0.185,99.59,99.25,82.71,99.25,0.058,3114,2.8,7.1,Corey Brewer
1894,Corey,1610612749,MIL,31.0,67,25,42,0.373,1400.503333333333,253,559,0.453,28,78,0.359,271,325,0.834,44,197,241,84,127,21,5,37,175,225,805,-90,1171.2,1,0,1210.0,1,2010-11,20.9,99.5,100.1,100.1,102.5,102.5,102.5,-3.0,-2.3,-2.3,0.111,0.66,9.2,0.032,0.148,0.089,13.9,13.9,0.478,0.573,0.272,0.277,93.14,92.85,77.37,92.85,0.11,2696,3.8,8.3,Corey Maggette
201584,Courtney,1610612745,HOU,25.0,81,43,38,0.531,1722.621666666667,253,576,0.439,71,174,0.408,95,120,0.792,51,158,209,100,68,58,18,27,102,83,672,11,1232.8,0,0,1204.0,1,2010-11,21.3,106.7,107.5,107.5,106.6,106.9,106.9,0.1,0.6,0.6,0.092,1.47,12.5,0.029,0.092,0.06,8.5,8.5,0.501,0.534,0.175,0.179,96.05,95.55,79.62,95.55,0.084,3425,3.1,7.1,Courtney Lee
202342,Craig,1610612755,PHI,23.0,3,0,3,0.0,32.82666666666667,4,16,0.25,0,5,0.0,0,0,0.0,2,2,4,1,0,1,0,1,3,2,8,-11,17.3,0,0,15.0,1,2010-11,10.9,97.3,101.7,101.7,126.5,122.0,122.0,-29.2,-20.4,-20.4,0.05,0.0,5.9,0.05,0.083,0.063,0.0,0.0,0.25,0.25,0.219,0.22,87.47,87.0,72.5,87.0,-0.018,60,1.3,5.3,Craig Brackins
200783,Craig,1610612746,LAC,27.0,48,17,31,0.354,586.335,104,188,0.553,0,5,0.0,50,68,0.735,43,74,117,31,33,16,7,17,84,54,258,-58,480.9,0,0,452.0,1,2010-11,12.2,99.2,99.2,99.2,104.9,104.3,104.3,-5.7,-5.1,-5.1,0.095,0.94,11.0,0.073,0.136,0.103,11.7,11.7,0.553,0.592,0.189,0.194,94.84,95.09,79.24,95.09,0.101,1162,2.2,3.9,Craig Smith
201571,D.J.,1610612766,CHA,23.0,82,34,48,0.415,2757.095,399,958,0.416,111,333,0.333,269,297,0.906,38,187,225,498,155,54,3,81,152,232,1178,-256,2211.0,7,0,2126.0,1,2010-11,33.6,102.1,103.6,103.6,107.0,108.7,108.7,-4.9,-5.2,-5.2,0.306,3.21,28.9,0.015,0.073,0.043,9.0,8.9,0.474,0.541,0.205,0.211,92.8,91.4,76.17,91.4,0.111,5257,4.9,11.7,D.J. Augustin
2788,DJ,1610612740,NOH,30.0,41,20,21,0.488,329.8333333333333,23,49,0.469,0,0,0.0,13,18,0.722,35,51,86,6,21,6,27,3,52,17,59,-36,249.2,0,0,217.0,1,2010-11,8.0,93.4,93.1,93.1,98.5,97.5,97.5,-5.0,-4.4,-4.4,0.032,0.29,7.2,0.108,0.15,0.13,25.3,25.0,0.469,0.518,0.108,0.112,90.85,91.46,76.22,91.46,0.055,624,0.6,1.2,DJ Mbenga
201591,DJ,1610612766,CHA,24.0,47,23,24,0.489,684.655,111,219,0.507,0,2,0.0,46,64,0.719,43,115,158,19,14,12,20,9,77,44,268,-34,568.1,0,0,509.0,2,2010-11,14.6,101.3,100.8,100.8,104.0,103.3,103.3,-2.7,-2.5,-2.5,0.051,1.36,6.7,0.068,0.173,0.122,5.0,5.0,0.507,0.542,0.18,0.182,90.15,90.69,75.57,90.69,0.112,1293,2.4,4.7,DJ White
201969,DaJuan,1610612765,DET,23.0,22,5,17,0.227,198.76166666666663,28,69,0.406,9,21,0.429,9,20,0.45,2,10,12,2,13,3,1,6,21,11,74,-21,90.4,0,0,105.0,1,2010-11,9.0,102.2,101.8,101.8,106.6,104.8,104.8,-4.4,-3.0,-3.0,0.017,0.15,2.1,0.011,0.053,0.032,13.8,14.0,0.471,0.476,0.212,0.217,93.31,94.3,78.59,94.3,0.007,386,1.3,3.1,DaJuan Summers
201161,Daequan,1610612760,OKC,24.0,43,30,13,0.698,598.255,79,181,0.436,65,154,0.422,16,20,0.8,8,64,72,20,17,14,1,3,51,11,239,77,383.4,0,0,426.0,1,2010-11,13.9,108.3,108.3,108.3,101.3,100.9,100.9,7.0,7.4,7.4,0.055,1.18,8.9,0.014,0.108,0.062,7.6,7.5,0.616,0.63,0.155,0.16,94.57,94.76,78.96,94.76,0.085,1176,1.8,4.2,Daequan Cook
2563,Dahntay,1610612754,IND,30.0,45,22,23,0.489,588.9533333333334,100,214,0.467,14,39,0.359,69,90,0.767,4,61,65,33,31,20,7,13,70,72,283,-37,460.5,0,0,449.0,1,2010-11,13.1,99.6,99.1,99.1,101.4,101.1,101.1,-1.8,-2.0,-2.0,0.103,1.06,10.4,0.007,0.104,0.055,9.7,9.8,0.5,0.558,0.213,0.219,95.33,95.68,79.73,95.68,0.098,1167,2.2,4.8,Dahntay Jones
2863,Damien,1610612737,ATL,31.0,52,25,27,0.481,676.4533333333334,69,137,0.504,2,10,0.2,40,56,0.714,23,67,90,41,21,27,9,10,72,41,180,-122,436.5,0,0,385.0,1,2010-11,13.0,99.3,98.2,98.2,108.0,106.3,106.3,-8.7,-8.1,-8.1,0.099,1.95,18.1,0.037,0.104,0.071,9.3,9.4,0.511,0.557,0.124,0.127,92.91,94.16,78.47,94.16,0.07,1320,1.3,2.6,Damien Wilkins
202345,Damion,1610612751,NJN,23.0,25,7,18,0.28,402.9383333333333,46,103,0.447,0,3,0.0,18,28,0.643,17,68,85,20,25,16,12,9,36,18,110,-30,301.0,0,0,271.0,1,2010-11,16.1,97.7,96.5,96.5,101.0,99.3,99.3,-3.3,-2.8,-2.8,0.082,0.8,12.6,0.043,0.184,0.111,15.7,15.6,0.447,0.477,0.154,0.16,94.0,95.42,79.52,95.42,0.077,797,1.8,4.1,Damion James
2429,Dan,1610612751,NJN,33.0,42,13,29,0.31,462.695,54,129,0.419,0,1,0.0,10,27,0.37,71,64,135,14,29,13,29,9,91,35,118,-63,398.0,0,0,351.0,2,2010-11,11.0,98.2,98.6,98.6,106.0,105.6,105.6,-7.7,-7.0,-7.0,0.046,0.48,7.7,0.139,0.15,0.144,15.8,15.8,0.419,0.419,0.156,0.161,94.87,94.87,79.06,94.87,0.031,915,1.3,3.1,Dan Gadzuric
200789,Daniel,1610612739,CLE,25.0,67,18,49,0.269,1865.0316666666668,264,660,0.4,118,293,0.403,134,163,0.822,24,153,177,201,80,48,21,39,154,138,780,-192,1420.9,0,0,1414.0,1,2010-11,27.8,101.3,102.3,102.3,106.8,107.8,107.8,-5.4,-5.5,-5.5,0.185,2.51,20.0,0.013,0.085,0.048,8.0,7.9,0.489,0.533,0.193,0.198,95.54,94.65,78.87,94.65,0.088,3683,3.9,9.9,Daniel Gibson
201568,Danilo,1610612743,DEN,22.0,62,34,28,0.548,2104.03,265,640,0.414,103,293,0.352,337,391,0.862,59,246,305,104,83,51,27,24,144,297,970,67,1643.0,2,0,1638.0,2,2010-11,33.9,108.2,108.7,108.7,106.1,106.9,106.9,2.1,1.8,1.8,0.074,1.25,10.4,0.029,0.119,0.074,8.3,8.3,0.495,0.597,0.188,0.19,98.31,97.7,81.42,97.7,0.098,4277,4.3,10.3,Danilo Gallinari
101122,Danny,1610612754,IND,28.0,79,36,43,0.456,2762.998333333333,535,1260,0.425,157,407,0.386,395,466,0.848,87,338,425,203,206,89,62,102,213,327,1622,-18,2683.5,5,0,2709.0,1,2010-11,35.0,103.0,104.4,104.4,103.8,104.6,104.6,-0.9,-0.2,-0.2,0.128,0.99,10.9,0.032,0.119,0.076,11.0,11.0,0.487,0.554,0.263,0.266,97.48,96.43,80.36,96.43,0.118,5547,6.8,15.9,Danny Granger
201980,Danny,1610612759,SAS,24.0,8,5,3,0.625,91.49666666666668,17,35,0.486,7,19,0.368,0,0,0.0,3,12,15,2,5,2,1,1,7,4,41,18,66.0,0,0,71.0,1,2010-11,11.4,109.7,104.4,104.4,96.8,97.7,97.7,12.8,6.7,6.7,0.039,0.4,4.8,0.031,0.141,0.082,11.9,11.9,0.586,0.586,0.19,0.203,92.03,93.91,78.25,93.91,0.103,182,2.1,4.4,Danny Green
201967,Dante,1610612766,CHA,24.0,78,39,39,0.5,1636.9333333333334,218,472,0.462,1,13,0.077,45,62,0.726,96,181,277,43,51,54,43,22,177,59,482,-140,1118.9,3,0,997.0,2,2010-11,21.0,101.8,101.1,101.1,105.1,105.4,105.4,-3.3,-4.3,-4.3,0.044,0.84,7.2,0.062,0.126,0.093,8.6,8.6,0.463,0.483,0.156,0.16,90.54,90.73,75.6,90.73,0.064,3090,2.8,6.1,Dante Cunningham
2443,Darius,1610612755,PHI,33.0,10,4,6,0.4,70.57166666666667,7,15,0.467,0,0,0.0,2,4,0.5,2,8,10,2,4,0,0,1,16,4,16,-20,27.0,0,0,28.0,1,2010-11,7.1,100.8,99.3,99.3,115.0,112.5,112.5,-14.1,-13.2,-13.2,0.044,0.5,8.7,0.026,0.136,0.074,17.4,17.6,0.467,0.477,0.126,0.128,95.82,97.6,81.34,97.6,-0.011,143,0.7,1.5,Darius Songaila
2545,Darko,1610612750,MIN,26.0,69,15,54,0.217,1686.2733333333333,271,578,0.469,0,0,0.0,64,115,0.557,133,227,360,104,151,54,140,41,229,102,606,-239,1625.0,5,0,1458.0,1,2010-11,24.4,100.2,101.5,101.5,106.9,107.9,107.9,-6.7,-6.3,-6.3,0.099,0.69,11.8,0.077,0.132,0.104,17.1,17.1,0.469,0.482,0.197,0.199,99.09,98.01,81.67,98.01,0.063,3433,3.9,8.4,Darko Milicic
201616,Darnell,1610612758,SAC,25.0,59,18,41,0.305,485.8233333333333,77,158,0.487,3,11,0.273,30,49,0.612,49,45,94,14,23,12,3,11,61,39,187,-75,342.8,0,0,328.0,1,2010-11,8.2,96.4,95.7,95.7,102.1,101.8,101.8,-5.8,-6.1,-6.1,0.048,0.61,6.5,0.09,0.091,0.091,10.6,10.6,0.497,0.521,0.17,0.175,101.06,101.57,84.64,101.57,0.064,1022,1.3,2.7,Darnell Jackson
201589,Darrell,1610612763,MEM,23.0,80,45,35,0.563,1608.4466666666667,310,624,0.497,0,6,0.0,109,134,0.813,115,227,342,53,88,52,63,31,228,119,729,39,1475.9,2,0,1354.0,1,2010-11,20.1,101.0,100.8,100.8,99.1,99.1,99.1,2.0,1.7,1.7,0.056,0.6,6.4,0.071,0.145,0.108,10.7,10.7,0.497,0.534,0.211,0.216,94.98,95.08,79.23,95.08,0.099,3178,3.9,7.8,Darrell Arthur
201954,Darren,1610612754,IND,23.0,79,36,43,0.456,2360.135,398,870,0.457,41,124,0.331,202,232,0.871,40,185,225,403,194,87,14,55,109,170,1039,-136,2022.5,4,0,1910.0,1,2010-11,29.9,102.5,104.2,104.2,105.8,106.7,106.7,-3.3,-2.6,-2.6,0.28,2.08,26.0,0.017,0.076,0.047,12.5,12.4,0.481,0.534,0.212,0.218,98.23,97.04,80.87,97.04,0.112,4765,5.0,11.0,Darren Collison
2431,David,1610612740,NOH,31.0,40,17,23,0.425,372.52166666666665,56,121,0.463,8,23,0.348,14,22,0.636,20,64,84,13,22,5,9,11,40,22,134,20,274.3,0,0,267.0,2,2010-11,9.3,105.5,104.2,104.2,105.9,102.9,102.9,-0.4,1.3,1.3,0.054,0.59,7.8,0.056,0.19,0.121,13.3,13.3,0.496,0.513,0.18,0.188,93.16,95.09,79.24,95.09,0.08,743,1.4,3.0,David Andersen
101135,David,1610612744,GSW,28.0,73,35,38,0.479,2634.285,496,978,0.507,1,3,0.333,210,267,0.787,217,497,714,233,170,74,31,66,211,211,1203,-119,2554.3,37,0,2361.0,1,2010-11,36.1,107.0,108.1,108.1,109.2,110.1,110.1,-2.3,-2.0,-2.0,0.136,1.37,15.6,0.084,0.194,0.139,11.4,11.3,0.508,0.549,0.209,0.212,97.94,97.05,80.87,97.05,0.119,5321,6.8,13.4,David Lee
2561,David,1610612740,NOH,30.0,70,40,30,0.571,2450.526666666666,528,1040,0.508,2,9,0.222,264,327,0.807,155,374,529,164,142,67,62,69,202,262,1322,145,2447.8,16,0,2275.0,1,2010-11,35.0,105.7,106.6,106.6,102.4,103.6,103.6,3.3,3.0,3.0,0.126,1.15,11.0,0.069,0.17,0.119,9.5,9.5,0.509,0.558,0.257,0.259,90.55,89.64,74.7,89.64,0.138,4581,7.5,14.9,David West
201599,DeAndre,1610612746,LAC,22.0,80,31,49,0.388,2046.765,234,341,0.686,0,1,0.0,98,217,0.452,207,368,575,42,101,41,142,28,255,187,566,-100,1767.0,8,0,1549.0,1,2010-11,25.6,104.4,105.9,105.9,107.0,107.7,107.7,-2.7,-1.8,-1.8,0.031,0.42,7.2,0.108,0.183,0.146,17.3,17.4,0.686,0.648,0.118,0.118,94.74,93.75,78.12,93.75,0.087,3984,2.9,4.3,DeAndre Jordan
201971,DeJuan,1610612759,SAS,22.0,81,60,21,0.741,1733.5233333333333,292,583,0.501,0,2,0.0,90,137,0.657,215,350,565,77,113,95,42,61,213,119,674,135,1765.5,17,0,1590.0,1,2010-11,21.4,109.0,108.6,108.6,103.9,104.6,104.6,5.2,3.9,3.9,0.067,0.68,9.3,0.129,0.208,0.168,13.6,13.6,0.501,0.524,0.193,0.198,95.16,95.0,79.17,95.0,0.104,3431,3.6,7.2,DeJuan Blair
201942,DeMar,1610612761,TOR,21.0,82,22,60,0.268,2851.025,539,1154,0.467,5,52,0.096,327,402,0.813,75,240,315,148,144,85,31,90,217,307,1410,-411,2214.0,1,0,2110.0,1,2010-11,34.8,103.2,104.4,104.4,110.9,111.7,111.7,-7.7,-7.3,-7.3,0.085,1.03,9.1,0.027,0.092,0.058,8.9,8.9,0.469,0.53,0.23,0.232,95.27,94.37,78.65,94.37,0.087,5605,6.6,14.1,DeMar DeRozan
202326,DeMarcus,1610612758,SAC,20.0,81,23,58,0.284,2309.4266666666667,432,1004,0.43,3,18,0.167,276,402,0.687,217,482,699,204,268,85,68,113,332,373,1143,-268,2478.8,26,0,2355.0,1,2010-11,28.5,99.4,101.3,101.3,106.9,107.5,107.5,-7.6,-6.3,-6.3,0.149,0.76,12.3,0.091,0.223,0.154,16.2,16.2,0.432,0.484,0.27,0.272,97.21,96.04,80.04,96.04,0.099,4631,5.3,12.4,DeMarcus Cousins
201960,DeMarre,1610612745,HOU,24.0,12,7,5,0.583,50.013333333333335,4,12,0.333,0,0,0.0,2,2,1.0,2,6,8,4,0,1,1,2,5,6,10,7,31.6,0,0,26.0,2,2010-11,4.2,104.5,102.8,102.8,103.5,98.1,98.1,1.1,4.7,4.7,0.103,0.0,23.5,0.037,0.133,0.081,0.0,0.0,0.333,0.388,0.105,0.11,99.2,102.69,85.58,102.69,0.057,108,0.3,1.0,DeMarre Carroll
2205,DeSagana,1610612766,CHA,29.0,16,6,10,0.375,181.0883333333333,8,24,0.333,0,0,0.0,4,11,0.364,12,28,40,7,11,4,15,1,26,7,20,-40,124.5,0,0,105.0,1,2010-11,11.3,93.7,92.4,92.4,101.9,101.9,101.9,-8.2,-9.6,-9.6,0.063,0.64,14.9,0.069,0.151,0.111,23.4,23.5,0.333,0.347,0.1,0.101,94.01,94.63,78.86,94.63,0.021,354,0.5,1.5,DeSagana Diop
2052,DeShawn,1610612742,DAL,30.0,72,49,23,0.681,1158.388333333333,128,330,0.388,94,249,0.378,33,43,0.767,20,86,106,77,44,21,5,11,71,58,383,31,659.7,0,0,712.0,1,2010-11,16.1,104.6,103.2,103.2,101.4,101.5,101.5,3.2,1.8,1.8,0.101,1.75,16.4,0.019,0.076,0.048,9.4,9.4,0.53,0.549,0.157,0.162,93.07,93.67,78.06,93.67,0.061,2256,1.8,4.6,DeShawn Stevenson
2753,Delonte,1610612738,BOS,27.0,24,13,11,0.542,453.1433333333333,55,120,0.458,12,33,0.364,13,15,0.867,6,31,37,64,30,20,10,9,29,17,135,-87,335.4,0,0,308.0,1,2010-11,18.9,93.4,92.3,92.3,102.9,102.4,102.4,-9.5,-10.1,-10.1,0.268,2.13,29.4,0.015,0.074,0.046,13.8,13.6,0.508,0.533,0.167,0.174,88.32,89.08,74.24,89.08,0.105,840,2.3,5.0,Delonte West
965,Derek,1610612747,LAL,36.0,82,57,25,0.695,2297.008333333333,206,529,0.389,63,159,0.396,83,103,0.806,14,138,152,224,70,99,8,28,192,142,558,447,1327.4,0,0,1211.0,1,2010-11,28.0,110.5,111.7,111.7,101.2,101.8,101.8,9.4,9.8,9.8,0.134,3.2,25.8,0.006,0.06,0.034,8.1,8.1,0.449,0.486,0.125,0.127,93.92,93.14,77.61,93.14,0.052,4461,2.5,6.5,Derek Fisher
101114,Deron,1610612751,NJN,27.0,65,33,32,0.508,2464.911666666667,428,975,0.439,105,317,0.331,348,412,0.845,40,220,260,667,230,79,15,61,190,341,1309,-119,2673.5,34,0,2529.0,2,2010-11,37.9,106.5,108.0,108.0,109.2,110.3,110.3,-2.7,-2.3,-2.3,0.448,2.9,32.6,0.017,0.094,0.055,11.3,11.2,0.493,0.566,0.253,0.257,94.55,93.38,77.82,93.38,0.144,4791,6.6,15.0,Deron Williams
201974,Derrick,1610612752,NYK,23.0,49,22,27,0.449,575.3666666666667,74,131,0.565,5,10,0.5,32,60,0.533,41,58,99,33,35,20,10,11,59,50,185,-43,408.3,0,0,382.0,2,2010-11,11.7,99.7,99.0,99.0,104.0,102.9,102.9,-4.3,-3.9,-3.9,0.093,0.94,14.8,0.077,0.106,0.092,15.7,15.5,0.584,0.588,0.148,0.153,93.02,93.81,78.18,93.81,0.079,1125,1.5,2.7,Derrick Brown
202382,Derrick,1610612747,LAL,23.0,41,29,12,0.707,215.00333333333333,32,66,0.485,0,0,0.0,17,23,0.739,19,24,43,7,19,4,10,9,47,21,81,-56,166.1,0,0,159.0,1,2010-11,5.2,101.2,98.2,98.2,109.6,110.0,110.0,-8.4,-11.8,-11.8,0.054,0.37,6.9,0.09,0.105,0.098,18.6,18.6,0.485,0.532,0.186,0.196,98.43,99.68,83.07,99.68,0.034,445,0.8,1.6,Derrick Caracter
202324,Derrick,1610612762,UTA,19.0,78,25,53,0.321,1535.7216666666666,215,416,0.517,0,0,0.0,103,173,0.595,171,241,412,39,77,29,68,35,246,122,533,-234,1299.9,4,0,1178.0,2,2010-11,19.7,98.3,98.0,98.0,105.5,104.7,104.7,-7.2,-6.7,-6.7,0.044,0.51,6.4,0.114,0.161,0.137,12.7,12.7,0.517,0.542,0.168,0.172,91.57,92.08,76.73,92.08,0.079,2928,2.8,5.3,Derrick Favors
201565,Derrick,1610612741,CHI,22.0,81,62,19,0.765,3025.8366666666666,711,1597,0.445,128,385,0.332,476,555,0.858,81,249,330,623,278,85,51,127,136,390,2026,500,3486.5,23,1,3379.0,1,2010-11,37.4,107.5,109.1,109.1,99.1,100.7,100.7,8.4,8.5,8.5,0.372,2.24,22.8,0.028,0.082,0.056,10.2,10.1,0.485,0.55,0.314,0.319,93.48,92.07,76.73,92.07,0.165,5808,8.8,19.7,Derrick Rose
202365,Devin,1610612747,LAL,21.0,20,15,5,0.75,117.61,21,51,0.412,2,5,0.4,18,23,0.783,15,12,27,2,6,4,5,5,7,14,62,-42,118.4,0,0,111.0,1,2010-11,5.9,91.8,88.9,88.9,105.8,107.3,107.3,-14.1,-18.4,-18.4,0.033,0.33,2.9,0.115,0.092,0.104,8.7,8.7,0.431,0.507,0.227,0.237,101.09,102.03,85.03,102.03,0.112,252,1.1,2.6,Devin Ebanks
2734,Devin,1610612762,UTA,28.0,71,24,47,0.338,2253.78,343,813,0.422,58,180,0.322,335,402,0.833,17,152,169,503,207,70,7,55,163,351,1079,-208,2060.3,9,0,1963.0,2,2010-11,31.7,103.8,105.1,105.1,108.8,110.2,110.2,-5.0,-5.1,-5.1,0.373,2.43,29.5,0.008,0.072,0.04,12.2,12.2,0.458,0.545,0.245,0.247,92.82,91.64,76.37,91.64,0.121,4309,4.8,11.5,Devin Harris
202354,Dexter,1610612748,MIA,23.0,2,2,0,1.0,11.233333333333333,1,3,0.333,0,0,0.0,0,0,0.0,1,2,3,0,2,0,0,0,2,0,2,8,3.6,0,0,5.0,1,2010-11,5.6,142.9,136.4,136.4,103.8,95.7,95.7,39.1,40.7,40.7,0.0,0.0,0.0,0.0,0.0,0.0,40.0,40.0,0.333,0.333,0.2,0.208,90.16,96.14,80.12,96.14,-0.026,22,0.5,1.5,Dexter Pittman
1717,Dirk,1610612742,DAL,33.0,73,55,18,0.753,2503.9366666666665,610,1179,0.517,66,168,0.393,395,443,0.892,50,463,513,190,137,38,47,31,172,353,1681,535,2699.6,16,0,2620.0,1,2010-11,34.3,111.1,110.7,110.7,100.2,100.4,100.4,10.9,10.3,10.3,0.136,1.39,11.3,0.023,0.184,0.109,8.1,8.1,0.545,0.612,0.274,0.282,93.75,93.83,78.19,93.83,0.169,4909,8.4,16.2,Dirk Nowitzki
201187,Dominic,1610612766,CHA,25.0,52,18,34,0.346,760.3883333333333,72,182,0.396,0,2,0.0,30,39,0.769,63,136,199,43,25,10,33,21,94,30,174,-75,581.3,1,0,502.0,1,2010-11,14.6,98.0,98.7,98.7,103.7,102.2,102.2,-5.7,-3.6,-3.6,0.092,1.72,16.1,0.086,0.183,0.135,9.4,9.4,0.396,0.437,0.134,0.136,91.9,92.19,76.83,92.19,0.077,1449,1.4,3.5,Dominic McGuire
202346,Dominique,1610612742,DAL,22.0,18,10,8,0.556,135.11,14,45,0.311,0,4,0.0,14,17,0.824,6,19,25,19,10,5,3,4,7,11,42,-21,114.5,0,0,102.0,1,2010-11,7.5,93.1,90.5,90.5,101.5,99.2,99.2,-8.4,-8.8,-8.8,0.241,1.9,23.2,0.045,0.147,0.096,12.2,12.3,0.311,0.4,0.213,0.222,90.39,92.72,77.27,92.72,0.096,262,0.8,2.5,Dominique Jones
201590,Donte,1610612758,SAC,23.0,69,21,48,0.304,1127.085,156,386,0.404,45,154,0.292,43,65,0.662,49,98,147,48,60,36,20,18,88,55,400,-113,756.4,1,0,752.0,1,2010-11,16.3,101.7,101.6,101.6,105.4,104.9,104.9,-3.7,-3.3,-3.3,0.066,0.8,9.2,0.042,0.087,0.064,11.5,11.5,0.462,0.482,0.179,0.182,98.01,98.25,81.87,98.25,0.056,2289,2.3,5.6,Donte Greene
2748,Dorell,1610612744,GSW,25.0,82,36,46,0.439,3146.778333333333,485,1146,0.423,194,516,0.376,180,228,0.789,88,343,431,242,133,124,63,48,171,167,1344,-132,2652.2,7,0,2585.0,1,2010-11,38.4,106.0,107.1,107.1,108.1,109.0,109.0,-2.1,-1.9,-1.9,0.114,1.82,14.9,0.028,0.112,0.069,8.2,8.2,0.508,0.539,0.19,0.192,98.12,97.18,80.98,97.18,0.093,6366,5.9,14.0,Dorell Wright
2400,Drew,1610612749,MIL,29.0,35,14,21,0.4,859.8783333333333,156,362,0.431,3,20,0.15,81,102,0.794,73,165,238,47,46,21,18,23,98,98,396,-37,823.1,10,1,762.0,1,2010-11,24.6,98.5,99.9,99.9,102.2,102.1,102.1,-3.7,-2.2,-2.2,0.108,1.02,9.4,0.085,0.207,0.144,9.2,9.2,0.435,0.487,0.245,0.248,91.12,90.49,75.41,90.49,0.116,1620,4.5,10.3,Drew Gooden
2730,Dwight,1610612753,ORL,25.0,78,51,27,0.654,2934.9166666666665,619,1044,0.593,0,7,0.0,546,916,0.596,309,789,1098,107,279,107,186,79,258,765,1784,497,3862.1,66,0,3575.0,1,2010-11,37.6,107.2,109.0,109.0,98.6,100.6,100.6,8.6,8.4,8.4,0.067,0.38,5.8,0.113,0.268,0.193,15.1,15.2,0.593,0.616,0.272,0.272,93.64,91.89,76.57,91.89,0.184,5630,7.9,13.4,Dwight Howard
2548,Dwyane,1610612748,MIA,29.0,76,54,22,0.711,2823.2116666666666,692,1384,0.5,63,206,0.306,494,652,0.758,123,362,485,346,237,111,87,71,197,462,1941,574,3399.0,10,1,3231.0,1,2010-11,37.1,111.7,112.8,112.8,101.1,102.4,102.4,10.6,10.4,10.4,0.223,1.46,15.4,0.049,0.127,0.091,10.6,10.5,0.523,0.581,0.308,0.313,94.0,92.97,77.47,92.97,0.164,5471,9.1,18.2,Dwyane Wade
2853,Earl,1610612757,POR,29.0,21,10,11,0.476,305.5083333333333,32,99,0.323,0,0,0.0,15,24,0.625,32,44,76,11,16,8,6,9,46,20,79,-34,212.7,0,0,194.0,3,2010-11,14.5,102.6,104.4,104.4,109.4,109.2,109.2,-6.8,-4.8,-4.8,0.054,0.69,8.1,0.108,0.164,0.135,11.8,11.7,0.323,0.361,0.184,0.186,93.84,93.09,77.58,93.09,0.022,590,1.5,4.7,Earl Barron
1863,Earl,1610612749,MIL,35.0,57,23,34,0.404,861.7683333333333,156,352,0.443,27,71,0.38,69,82,0.841,15,40,55,141,52,38,3,18,43,75,408,41,756.5,0,0,713.0,1,2010-11,15.1,100.3,100.3,100.3,97.5,97.2,97.2,2.7,3.1,3.1,0.301,2.71,24.2,0.018,0.048,0.033,8.9,8.9,0.482,0.526,0.235,0.24,92.1,92.24,76.87,92.24,0.136,1651,2.7,6.2,Earl Boykins
201947,Earl,1610612753,ORL,23.0,42,28,14,0.667,463.79,68,158,0.43,0,5,0.0,27,47,0.574,37,64,101,9,28,8,18,15,45,32,163,-55,347.7,0,0,325.0,2,2010-11,11.0,97.8,96.7,96.7,102.4,102.8,102.8,-4.6,-6.1,-6.1,0.035,0.32,4.2,0.08,0.136,0.108,13.0,13.0,0.43,0.456,0.194,0.201,95.04,95.37,79.48,95.37,0.063,922,1.6,3.8,Earl Clark
2248,Earl,1610612762,UTA,32.0,80,37,43,0.463,1567.35,126,307,0.41,36,107,0.336,55,82,0.671,52,130,182,278,116,61,17,22,146,82,343,9,1096.4,1,0,995.0,1,2010-11,19.6,104.7,105.8,105.8,105.5,105.3,105.3,-0.8,0.6,0.6,0.26,2.4,37.5,0.036,0.091,0.063,15.7,15.7,0.469,0.5,0.135,0.136,91.57,91.22,76.01,91.22,0.075,2975,1.6,3.8,Earl Watson
202334,Ed,1610612761,TOR,22.0,65,16,49,0.246,1601.753333333333,215,373,0.576,0,0,0.0,71,128,0.555,168,294,462,40,48,39,67,35,183,91,501,-341,1385.4,13,0,1215.0,1,2010-11,24.6,101.1,101.4,101.4,110.8,111.2,111.2,-9.8,-9.8,-9.8,0.039,0.83,7.8,0.107,0.19,0.148,9.3,9.3,0.576,0.583,0.131,0.134,94.78,94.44,78.7,94.44,0.098,3136,3.3,5.7,Ed Davis
2067,Eddie,1610612748,MIA,33.0,56,39,17,0.696,978.3666666666668,128,321,0.399,68,175,0.389,38,40,0.95,9,83,92,62,29,32,3,9,68,22,362,105,641.4,0,0,654.0,1,2010-11,17.5,106.3,106.5,106.5,101.0,101.5,101.5,5.3,5.0,5.0,0.104,2.14,14.7,0.01,0.083,0.048,6.9,6.8,0.505,0.535,0.169,0.177,92.56,92.21,76.84,92.21,0.085,1885,2.3,5.7,Eddie House
2059,Eduardo,1610612766,CHA,34.0,31,14,17,0.452,372.2916666666667,26,72,0.361,11,34,0.324,6,11,0.545,14,30,44,20,13,11,6,2,52,21,69,10,189.8,0,0,178.0,1,2010-11,12.0,100.6,100.6,100.6,98.8,98.3,98.3,1.8,2.3,2.3,0.089,1.54,18.2,0.039,0.078,0.059,11.8,11.8,0.438,0.449,0.112,0.114,91.05,91.28,76.07,91.28,0.023,705,0.8,2.3,Eduardo Najera
202327,Ekpe,1610612744,GSW,24.0,58,28,30,0.483,1029.513333333333,97,222,0.437,0,0,0.0,42,64,0.656,80,101,181,40,48,22,86,10,144,82,236,105,789.2,0,0,673.0,1,2010-11,17.8,107.7,108.3,108.3,101.3,102.2,102.2,6.4,6.1,6.1,0.051,0.83,11.8,0.078,0.097,0.088,14.1,14.2,0.437,0.472,0.128,0.13,96.69,95.95,79.96,95.95,0.039,2048,1.7,3.8,Ekpe Udoh
1882,Elton,1610612755,PHI,32.0,81,41,40,0.506,2809.133333333333,502,981,0.512,0,1,0.0,213,273,0.78,237,439,676,120,101,92,106,47,244,229,1217,135,2701.2,24,0,2409.0,1,2010-11,34.7,104.5,105.8,105.8,103.1,103.3,103.3,1.4,2.5,2.5,0.07,1.19,9.1,0.087,0.164,0.125,7.6,7.6,0.512,0.553,0.196,0.197,93.2,92.53,77.11,92.53,0.116,5415,6.2,12.1,Elton Brand
2731,Emeka,1610612740,NOH,28.0,72,43,29,0.597,2286.7533333333336,300,524,0.573,0,1,0.0,145,258,0.562,230,454,684,42,119,40,127,68,230,212,745,144,2010.8,23,0,1805.0,1,2010-11,31.8,105.4,106.4,106.4,101.5,102.5,102.5,3.9,3.8,3.8,0.029,0.35,5.3,0.11,0.22,0.164,14.9,14.9,0.573,0.584,0.157,0.158,90.55,89.66,74.72,89.66,0.102,4262,4.2,7.3,Emeka Okafor
202339,Eric,1610612746,LAC,21.0,81,32,49,0.395,1840.5333333333333,206,486,0.424,32,116,0.276,99,133,0.744,68,155,223,289,194,92,26,34,130,125,543,-219,1404.1,1,0,1323.0,1,2010-11,22.7,98.7,99.7,99.7,105.6,106.1,106.1,-6.9,-6.4,-6.4,0.254,1.49,28.2,0.038,0.086,0.062,18.9,18.9,0.457,0.499,0.175,0.18,94.72,94.03,78.36,94.03,0.083,3611,2.5,6.0,Eric Bledsoe
201569,Eric,1610612746,LAC,22.0,56,25,31,0.446,2112.0666666666666,427,949,0.45,106,291,0.364,287,348,0.825,45,119,164,244,151,71,18,65,115,255,1247,2,1925.8,1,0,1939.0,1,2010-11,37.7,105.5,108.2,108.2,107.1,108.2,108.2,-1.7,-0.1,-0.1,0.197,1.62,16.4,0.022,0.057,0.04,10.2,10.1,0.506,0.566,0.258,0.262,95.73,94.04,78.37,94.04,0.118,4140,7.6,16.9,Eric Gordon
201953,Eric,1610612760,OKC,24.0,82,55,27,0.671,1199.635,134,333,0.402,37,96,0.385,43,59,0.729,25,96,121,238,77,35,6,10,96,49,348,196,896.2,0,0,826.0,1,2010-11,14.6,109.0,107.4,107.4,100.5,99.0,99.0,8.5,8.5,8.5,0.313,3.09,35.3,0.023,0.08,0.052,11.4,11.4,0.458,0.485,0.164,0.169,93.22,94.63,78.86,94.63,0.092,2363,1.6,4.1,Eric Maynor
956,Erick,1610612748,MIA,35.0,51,36,15,0.706,814.8016666666666,52,89,0.584,0,1,0.0,24,44,0.545,53,124,177,22,32,14,47,10,82,45,128,111,524.4,1,0,449.0,1,2010-11,16.0,106.2,106.2,106.2,99.5,100.0,100.0,6.7,6.2,6.2,0.039,0.69,13.6,0.074,0.148,0.114,19.8,19.7,0.584,0.591,0.079,0.081,93.36,93.14,77.61,93.14,0.063,1587,1.0,1.7,Erick Dampier
101141,Ersan,1610612749,MIL,24.0,60,25,35,0.417,1505.285,221,507,0.436,36,121,0.298,93,104,0.894,105,260,365,56,63,51,24,32,159,135,571,57,1255.0,8,0,1178.0,1,2010-11,25.1,101.7,102.9,102.9,100.6,101.0,101.0,1.1,1.9,1.9,0.064,0.89,8.3,0.069,0.19,0.126,9.4,9.4,0.471,0.516,0.186,0.189,92.73,91.95,76.62,91.95,0.104,2885,3.7,8.5,Ersan Ilyasova
2041,Etan,1610612737,ATL,33.0,13,6,7,0.462,82.07333333333334,10,21,0.476,0,0,0.0,12,15,0.8,6,17,23,2,5,1,4,3,11,9,32,-26,72.6,0,0,67.0,1,2010-11,6.3,98.1,97.6,97.6,117.5,111.2,111.2,-19.4,-13.7,-13.7,0.05,0.4,5.7,0.07,0.218,0.14,14.3,14.5,0.476,0.58,0.176,0.177,95.08,97.96,81.63,97.96,0.093,166,0.8,1.6,Etan Thomas
202323,Evan,1610612755,PHI,22.0,78,40,38,0.513,1797.4016666666666,225,529,0.425,14,44,0.318,101,125,0.808,42,264,306,159,80,49,14,43,138,104,565,-47,1279.7,2,0,1170.0,1,2010-11,23.0,102.2,101.0,101.0,102.4,102.2,102.2,-0.2,-1.2,-1.2,0.137,1.99,19.4,0.024,0.149,0.086,9.8,9.7,0.439,0.484,0.164,0.17,93.96,94.6,78.84,94.6,0.087,3540,2.9,6.8,Evan Turner
101177,Fabricio,1610612757,POR,36.0,5,4,1,0.8,44.695,3,5,0.6,0,0,0.0,1,2,0.5,3,4,7,0,3,0,0,0,10,2,7,-20,12.4,0,0,14.0,1,2010-11,8.9,88.6,86.5,86.5,107.6,102.0,102.0,-19.0,-15.5,-15.5,0.0,0.0,0.0,0.065,0.083,0.074,33.3,33.8,0.6,0.595,0.085,0.086,101.72,105.78,88.15,105.78,-0.026,96,0.6,1.0,Fabricio Oberto
1922,Francisco,1610612762,UTA,35.0,62,34,28,0.548,609.935,54,113,0.478,0,0,0.0,26,31,0.839,35,80,115,33,32,21,14,5,84,38,134,-59,394.5,0,0,352.0,1,2010-11,9.8,98.5,98.6,98.6,103.2,102.2,102.2,-4.6,-3.6,-3.6,0.09,1.03,17.2,0.06,0.146,0.102,16.7,16.7,0.478,0.529,0.12,0.122,92.45,92.82,77.35,92.82,0.066,1171,0.9,1.8,Francisco Elson
101128,Francisco,1610612758,SAC,29.0,58,18,40,0.31,1385.6266666666668,207,475,0.436,81,224,0.362,65,76,0.855,24,109,133,71,45,51,49,17,126,73,560,-114,1081.1,1,0,1045.0,1,2010-11,23.9,99.9,101.7,101.7,105.6,106.4,106.4,-5.6,-4.6,-4.6,0.079,1.58,11.4,0.016,0.082,0.048,7.2,7.2,0.521,0.551,0.169,0.172,98.17,96.91,80.76,96.91,0.081,2805,3.6,8.2,Francisco Garcia
202371,Gani,1610612756,PHX,22.0,1,1,0,1.0,1.9333333333333331,0,0,0.0,0,0,0.0,0,0,0.0,0,0,0,0,0,0,0,0,1,0,0,-2,0.0,0,0,0.0,1,2010-11,1.9,66.7,50.0,50.0,144.9,100.0,100.0,-78.3,-50.0,-50.0,0.0,0.0,0.0,0.0,0.0,0.0,0.0,0.0,0.0,0.0,0.0,0.0,71.5,99.31,82.76,99.31,-0.4,4,0.0,0.0,Gani Lawal
202081,Garret,1610612756,PHX,24.0,21,10,11,0.476,101.29333333333334,17,31,0.548,0,0,0.0,11,22,0.5,16,12,28,3,10,1,4,6,20,13,45,-16,88.1,0,0,86.0,1,2010-11,4.8,107.7,104.6,104.6,113.8,110.4,110.4,-6.1,-5.8,-5.8,0.041,0.3,5.6,0.15,0.136,0.144,18.5,18.6,0.548,0.553,0.196,0.204,101.4,104.49,87.07,104.49,0.044,219,0.8,1.5,Garret Siler
202066,Garrett,1610612766,CHA,25.0,24,12,12,0.5,230.19333333333333,20,68,0.294,10,37,0.27,7,17,0.412,1,22,23,32,23,11,6,5,24,13,57,-32,160.6,0,0,156.0,3,2010-11,9.6,102.1,100.7,100.7,108.7,108.4,108.4,-6.6,-7.7,-7.7,0.209,1.39,24.4,0.005,0.106,0.053,17.6,17.6,0.368,0.378,0.2,0.205,88.81,89.56,74.63,89.56,0.028,430,0.8,2.8,Garrett Temple
201814,Gary,1610612743,DEN,26.0,63,39,24,0.619,790.7683333333333,124,273,0.454,19,58,0.328,59,87,0.678,28,88,116,49,46,23,6,27,77,64,326,-33,579.7,0,0,568.0,1,2010-11,12.6,108.0,108.2,108.2,110.1,110.0,110.0,-2.1,-1.9,-1.9,0.094,1.07,12.1,0.035,0.111,0.073,11.4,11.3,0.489,0.524,0.188,0.193,100.94,100.88,84.07,100.88,0.067,1661,2.0,4.3,Gary Forbes
202390,Gary,1610612759,SAS,26.0,80,59,21,0.738,1684.5616666666667,285,632,0.451,129,308,0.419,84,104,0.808,21,175,196,96,78,27,4,15,148,91,783,87,1177.2,0,0,1266.0,1,2010-11,21.1,110.0,108.2,108.2,106.2,106.0,106.0,3.8,2.2,2.2,0.094,1.23,11.3,0.013,0.106,0.06,9.2,9.2,0.553,0.578,0.2,0.208,93.92,94.73,78.94,94.73,0.085,3331,3.6,7.9,Gary Neal
201588,George,1610612759,SAS,25.0,76,56,20,0.737,2147.9766666666665,287,633,0.453,77,204,0.377,233,270,0.863,24,175,199,193,99,66,21,40,153,222,884,280,1574.3,0,0,1527.0,1,2010-11,28.3,110.2,110.1,110.1,102.9,103.1,103.1,7.3,7.0,7.0,0.142,1.95,18.7,0.012,0.083,0.049,9.6,9.5,0.514,0.588,0.179,0.185,93.92,93.87,78.22,93.87,0.096,4194,3.8,8.3,George Hill
201945,Gerald,1610612766,CHA,23.0,68,29,39,0.426,1661.2416666666666,259,570,0.454,7,36,0.194,128,163,0.785,49,158,207,101,64,50,32,34,118,158,653,-100,1234.9,0,0,1132.0,1,2010-11,24.4,101.4,102.3,102.3,104.0,105.0,105.0,-2.6,-2.7,-2.7,0.106,1.58,12.5,0.031,0.099,0.066,7.9,7.9,0.461,0.509,0.199,0.201,91.66,90.81,75.68,90.81,0.09,3136,3.8,8.4,Gerald Henderson
2222,Gerald,1610612757,POR,28.0,71,36,35,0.507,2693.0333333333333,386,851,0.454,62,186,0.333,279,374,0.746,111,458,569,173,152,105,63,90,183,320,1113,118,2407.3,18,0,2253.0,2,2010-11,37.9,106.1,107.2,107.2,103.1,104.7,104.7,3.0,2.4,2.4,0.108,1.14,12.8,0.044,0.181,0.113,11.3,11.3,0.49,0.548,0.202,0.203,91.64,90.43,75.36,90.43,0.117,5071,5.4,12.0,Gerald Wallace
2240,Gilbert,1610612753,ORL,29.0,70,35,35,0.5,1796.1933333333334,269,734,0.366,97,327,0.297,120,153,0.784,22,167,189,274,177,74,21,29,188,146,755,-16,1500.8,3,0,1505.0,2,2010-11,25.7,102.5,103.4,103.4,103.2,104.1,104.1,-0.7,-0.7,-0.7,0.256,1.55,21.9,0.012,0.094,0.053,14.1,14.1,0.433,0.471,0.242,0.246,95.41,94.56,78.8,94.56,0.075,3542,3.8,10.5,Gilbert Arenas
201175,Glen,1610612738,BOS,25.0,78,54,24,0.692,2297.776666666666,359,801,0.448,2,15,0.133,195,265,0.736,101,324,425,92,85,78,30,64,231,235,915,141,1802.0,5,0,1650.0,1,2010-11,29.5,102.2,102.6,102.6,98.6,99.0,99.0,3.6,3.6,3.6,0.069,1.08,8.4,0.051,0.148,0.101,7.7,7.8,0.449,0.499,0.21,0.212,91.17,90.76,75.63,90.76,0.092,4337,4.6,10.3,Glen Davis
201609,Goran,1610612745,HOU,25.0,70,37,33,0.529,1233.875,192,441,0.435,56,155,0.361,83,133,0.624,36,106,142,204,117,50,10,26,125,152,523,-213,1062.4,5,1,1045.0,2,2010-11,17.6,100.6,99.4,99.4,107.3,107.2,107.2,-6.7,-7.8,-7.8,0.291,1.74,25.0,0.029,0.089,0.058,14.3,14.3,0.499,0.524,0.22,0.228,95.39,96.01,80.01,96.01,0.089,2458,2.7,6.3,Goran Dragic
202330,Gordon,1610612762,UTA,21.0,72,33,39,0.458,1217.67,142,293,0.485,35,74,0.473,69,97,0.711,41,98,139,81,70,30,19,16,106,119,388,-195,753.3,0,0,741.0,1,2010-11,16.9,102.8,103.1,103.1,110.8,111.1,111.1,-8.0,-8.0,-8.0,0.106,1.16,16.6,0.035,0.089,0.061,14.4,14.4,0.544,0.578,0.149,0.153,93.77,93.46,77.89,93.46,0.068,2368,2.0,4.1,Gordon Hayward
255,Grant,1610612756,PHX,38.0,80,39,41,0.488,2408.915,399,825,0.484,45,114,0.395,213,257,0.829,77,261,338,200,134,64,35,43,184,245,1056,49,1924.6,4,0,1837.0,1,2010-11,30.1,108.6,109.5,109.5,107.1,108.5,108.5,1.5,1.0,1.0,0.126,1.49,15.7,0.033,0.108,0.072,10.5,10.5,0.511,0.563,0.199,0.201,97.56,96.54,80.45,96.54,0.092,4846,5.0,10.3,Grant Hill
202328,Greg,1610612765,DET,21.0,80,30,50,0.375,2221.863333333333,303,550,0.551,0,1,0.0,145,233,0.622,248,353,601,105,81,93,45,68,196,186,751,-135,1962.7,21,0,1733.0,1,2010-11,27.8,104.8,107.0,107.0,108.8,109.5,109.5,-4.0,-2.5,-2.5,0.075,1.3,12.5,0.116,0.181,0.147,9.6,9.7,0.551,0.575,0.153,0.154,90.84,89.6,74.67,89.6,0.108,4133,3.8,6.9,Greg Monroe
202349,Greivis,1610612763,MEM,24.0,70,41,29,0.586,859.9166666666666,95,233,0.408,25,86,0.291,34,44,0.773,12,61,73,151,70,22,4,13,83,55,249,-65,571.1,0,0,550.0,1,2010-11,12.3,97.7,98.5,98.5,103.9,102.7,102.7,-6.2,-4.2,-4.2,0.266,2.16,32.1,0.014,0.08,0.045,14.9,14.8,0.461,0.493,0.164,0.17,93.81,94.0,78.33,94.0,0.072,1687,1.4,3.3,Greivis Vasquez
101124,Hakim,1610612756,PHX,28.0,80,39,41,0.488,1415.5216666666668,228,446,0.511,1,11,0.091,212,294,0.721,88,208,296,69,79,32,9,34,100,221,669,-183,1171.7,3,0,1117.0,1,2010-11,17.7,104.8,104.3,104.3,109.0,110.0,110.0,-4.2,-5.6,-5.6,0.081,0.87,9.5,0.065,0.153,0.109,10.8,10.9,0.512,0.581,0.206,0.209,96.85,96.66,80.55,96.66,0.111,2840,2.9,5.6,Hakim Warrick
202380,Hamady,1610612764,WAS,24.0,16,3,13,0.188,80.17666666666666,4,5,0.8,0,0,0.0,6,12,0.5,2,5,7,0,3,2,5,0,18,9,14,-33,40.4,0,0,35.0,1,2010-11,5.0,89.4,86.0,86.0,112.3,111.5,111.5,-22.9,-25.6,-25.6,0.0,0.0,0.0,0.023,0.07,0.044,23.1,22.6,0.8,0.681,0.07,0.076,93.63,95.79,79.82,95.79,-0.016,164,0.3,0.3,Hamady Ndiaye
201632,Hamed,1610612763,MEM,26.0,31,18,13,0.581,168.38666666666666,30,58,0.517,0,1,0.0,15,23,0.652,24,44,68,5,11,2,13,8,29,16,75,48,198.1,1,0,178.0,1,2010-11,5.4,115.4,113.1,113.1,103.9,101.5,101.5,11.5,11.6,11.6,0.042,0.45,6.0,0.152,0.273,0.213,13.1,13.1,0.517,0.55,0.196,0.204,94.82,96.92,80.77,96.92,0.115,344,1.0,1.9,Hamed Haddadi
201934,Hasheem,1610612745,HOU,24.0,47,23,24,0.489,373.3133333333333,17,40,0.425,0,0,0.0,19,35,0.543,24,51,75,4,17,9,16,8,76,35,53,-123,207.0,0,0,182.0,2,2010-11,7.9,98.3,97.8,97.8,113.0,110.9,110.9,-14.8,-13.1,-13.1,0.015,0.24,5.1,0.063,0.151,0.104,21.8,22.3,0.425,0.478,0.086,0.087,95.3,96.43,80.36,96.43,0.004,738,0.4,0.9,Hasheem Thabeet
202355,Hassan,1610612758,SAC,22.0,1,1,0,1.0,1.7433333333333334,0,0,0.0,0,0,0.0,0,0,0.0,0,0,0,0,0,0,0,0,2,0,0,-4,0.0,0,0,0.0,1,2010-11,1.7,0.0,0.0,0.0,144.9,133.3,133.3,-144.9,-133.3,-133.3,0.0,0.0,0.0,0.0,0.0,0.0,0.0,0.0,0.0,0.0,0.0,0.0,65.53,82.6,68.83,82.6,-2.0,3,0.0,0.0,Hassan Whiteside
2045,Hedo,1610612753,ORL,32.0,81,48,33,0.593,2540.143333333333,322,722,0.446,127,310,0.41,106,156,0.679,45,311,356,343,132,72,34,16,247,133,877,303,2004.7,6,1,1915.0,2,2010-11,31.4,109.1,109.9,109.9,102.7,104.3,104.3,6.4,5.6,5.6,0.207,2.6,27.1,0.019,0.125,0.073,10.4,10.4,0.534,0.555,0.165,0.168,93.89,92.85,77.37,92.85,0.094,4926,4.0,8.9,Hedo Turkoglu
201611,Henry,1610612752,NYK,23.0,61,32,29,0.525,783.91,104,236,0.441,59,153,0.386,31,44,0.705,16,106,122,34,37,21,6,11,81,32,298,88,539.4,0,0,567.0,1,2010-11,12.9,105.6,105.4,105.4,99.4,99.6,99.6,6.2,5.8,5.8,0.069,0.92,10.5,0.02,0.133,0.076,11.4,11.3,0.566,0.583,0.161,0.165,98.44,98.49,82.08,98.49,0.079,1606,1.7,3.9,Henry Walker
200756,Hilton,1610612737,ATL,26.0,53,15,38,0.283,488.785,37,76,0.487,2,4,0.5,16,33,0.485,42,89,131,14,28,18,21,12,84,46,92,-101,359.2,0,0,317.0,2,2010-11,9.2,93.6,93.1,93.1,103.6,101.5,101.5,-10.0,-8.4,-8.4,0.046,0.5,10.5,0.085,0.188,0.135,21.1,21.1,0.5,0.508,0.107,0.11,95.94,97.22,81.02,97.22,0.055,981,0.7,1.4,Hilton Armstrong
101133,Ian,1610612742,DAL,24.0,56,39,17,0.696,487.8783333333333,55,98,0.561,0,2,0.0,63,82,0.768,43,77,120,8,25,14,15,7,105,66,173,67,391.0,1,0,359.0,1,2010-11,8.7,110.8,108.7,108.7,102.0,100.0,100.0,8.8,8.7,8.7,0.025,0.32,4.7,0.099,0.152,0.127,14.6,15.0,0.561,0.645,0.151,0.153,92.77,94.55,78.79,94.55,0.069,953,1.0,1.8,Ian Mahinmi
101113,Ike,1610612746,LAC,27.0,36,16,20,0.444,469.615,83,148,0.561,0,0,0.0,41,62,0.661,41,74,115,2,22,3,3,16,72,59,207,-67,344.0,1,0,336.0,1,2010-11,13.0,97.2,99.5,99.5,107.7,105.3,105.3,-10.5,-5.8,-5.8,0.008,0.09,1.0,0.082,0.164,0.121,11.1,11.0,0.561,0.59,0.179,0.183,94.38,94.39,78.66,94.39,0.091,917,2.3,4.1,Ike Diogu
2137,Ime,1610612759,SAS,33.0,20,16,4,0.8,130.00666666666666,5,21,0.238,0,8,0.0,4,8,0.5,5,14,19,13,5,8,1,3,14,6,14,-15,78.3,0,0,64.0,1,2010-11,6.5,104.7,96.6,96.6,104.2,103.9,103.9,0.6,-7.3,-7.3,0.153,2.6,30.2,0.04,0.105,0.073,11.6,11.8,0.238,0.285,0.103,0.109,91.76,95.63,79.69,95.63,0.03,261,0.3,1.1,Ime Udoka
202397,Ish,1610612763,MEM,22.0,43,21,22,0.488,441.6516666666666,43,115,0.374,3,10,0.3,12,21,0.571,7,40,47,79,34,18,2,5,37,34,101,-49,301.9,0,0,270.0,2,2010-11,10.3,102.5,101.2,101.2,106.9,107.0,107.0,-4.4,-5.8,-5.8,0.268,2.32,33.2,0.016,0.09,0.053,14.3,14.3,0.387,0.406,0.155,0.159,97.23,97.76,81.47,97.76,0.06,901,1.0,2.7,Ish Smith
200826,J.J.,1610612742,DAL,27.0,81,56,25,0.691,1668.9666666666667,285,649,0.439,66,189,0.349,133,157,0.847,29,130,159,317,136,30,1,43,136,196,769,156,1392.3,3,0,1373.0,1,2010-11,20.6,107.7,106.7,106.7,101.8,102.1,102.1,5.9,4.6,4.6,0.314,2.33,27.2,0.019,0.078,0.05,11.7,11.6,0.49,0.535,0.234,0.242,92.32,92.57,77.14,92.57,0.111,3222,3.5,8.0,J.J. Barea
201581,JJ,1610612739,CLE,22.0,80,19,61,0.238,2256.32,429,936,0.458,0,5,0.0,247,367,0.673,217,478,695,91,173,48,54,111,215,257,1105,-532,2208.5,28,0,2095.0,1,2010-11,28.2,98.3,99.1,99.1,110.1,111.1,111.1,-11.9,-12.0,-12.0,0.075,0.53,6.7,0.094,0.218,0.155,12.7,12.7,0.458,0.503,0.249,0.253,95.7,94.93,79.11,94.93,0.106,4464,5.4,11.7,JJ Hickson
200755,JJ,1610612753,ORL,27.0,59,37,22,0.627,1512.935,197,447,0.441,87,219,0.397,112,128,0.875,6,107,113,102,53,29,3,8,80,105,593,100,924.6,0,0,959.0,1,2010-11,25.6,104.8,105.4,105.4,100.8,102.4,102.4,3.9,3.0,3.0,0.11,1.92,15.9,0.004,0.07,0.038,8.2,8.1,0.538,0.589,0.159,0.167,95.86,94.85,79.04,94.85,0.092,2995,3.3,7.6,JJ Redick
2747,JR,1610612743,DEN,25.0,79,49,30,0.62,1967.59,341,784,0.435,124,318,0.39,163,221,0.738,45,277,322,175,100,92,16,35,173,187,969,250,1841.9,2,0,1806.0,1,2010-11,24.9,111.5,112.4,112.4,105.7,105.9,105.9,5.8,6.5,6.5,0.141,1.75,15.2,0.024,0.142,0.084,8.7,8.6,0.514,0.55,0.216,0.22,98.19,97.7,81.42,97.7,0.108,4000,4.3,9.9,JR Smith
201580,JaVale,1610612764,WAS,23.0,79,23,56,0.291,2192.56,332,604,0.55,0,3,0.0,134,230,0.583,223,411,634,38,102,41,193,38,232,202,798,-230,2215.8,21,1,1938.0,1,2010-11,27.8,102.1,103.2,103.2,106.5,107.8,107.8,-4.4,-4.5,-4.5,0.027,0.37,4.5,0.103,0.189,0.146,12.1,12.1,0.55,0.566,0.162,0.165,96.07,94.98,79.15,94.98,0.104,4323,4.2,7.6,JaVale McGee
2048,Jamaal,1610612748,MIA,33.0,18,14,4,0.778,157.59833333333333,13,22,0.591,0,0,0.0,9,18,0.5,17,44,61,3,5,4,2,2,26,14,35,13,125.7,0,0,111.0,1,2010-11,8.8,101.6,99.7,99.7,94.5,94.7,94.7,7.1,4.9,4.9,0.031,0.6,7.9,0.115,0.286,0.202,13.2,13.2,0.591,0.585,0.101,0.105,91.23,91.98,76.65,91.98,0.1,301,0.7,1.2,Jamaal Magloire
2037,Jamal,1610612737,ATL,31.0,76,40,36,0.526,2296.991666666667,368,874,0.421,119,349,0.341,222,260,0.854,22,108,130,241,145,57,14,38,97,170,1077,2,1662.5,0,0,1709.0,1,2010-11,30.2,105.2,106.5,106.5,106.5,106.5,106.5,-1.3,0.0,0.0,0.178,1.66,17.8,0.01,0.05,0.03,10.7,10.6,0.489,0.545,0.224,0.231,92.68,92.13,76.78,92.13,0.092,4410,4.8,11.5,Jamal Crawford
200081,Jamario,1610612746,LAC,31.0,59,20,39,0.339,1042.263333333333,101,248,0.407,38,123,0.309,15,17,0.882,23,142,165,52,22,28,33,7,65,19,255,-150,692.0,0,0,632.0,2,2010-11,17.7,98.9,99.4,99.4,105.4,106.3,106.3,-6.5,-6.9,-6.9,0.074,2.36,15.8,0.022,0.136,0.079,6.7,6.7,0.484,0.499,0.118,0.12,96.77,96.16,80.13,96.16,0.074,2085,1.7,4.2,Jamario Moon
2749,Jameer,1610612753,ORL,29.0,76,49,27,0.645,2318.8233333333333,374,838,0.446,119,297,0.401,130,162,0.802,37,189,226,456,194,75,3,36,209,156,997,311,1992.2,4,0,1954.0,1,2010-11,30.5,108.3,109.5,109.5,100.8,102.5,102.5,7.5,7.0,7.0,0.324,2.35,29.3,0.017,0.082,0.05,12.5,12.4,0.517,0.548,0.217,0.221,93.28,91.95,76.63,91.95,0.111,4442,4.9,11.0,Jameer Nelson
202341,James,1610612759,SAS,22.0,26,17,9,0.654,286.23833333333334,31,81,0.383,18,46,0.391,14,18,0.778,2,21,23,18,13,3,6,6,24,17,94,-49,162.6,0,0,171.0,1,2010-11,11.0,100.3,99.5,99.5,107.3,107.0,107.0,-7.0,-7.5,-7.5,0.103,1.38,15.0,0.007,0.079,0.043,10.8,10.8,0.494,0.529,0.16,0.165,94.54,95.08,79.23,95.08,0.051,564,1.2,3.1,James Anderson
201935,James,1610612760,OKC,21.0,82,55,27,0.671,2188.5383333333334,298,684,0.436,113,324,0.349,289,343,0.843,42,213,255,176,106,92,24,46,207,257,998,207,1810.0,0,0,1774.0,1,2010-11,26.7,109.2,109.2,109.2,103.5,104.3,104.3,5.7,4.9,4.9,0.136,1.66,15.8,0.02,0.096,0.06,9.5,9.5,0.518,0.598,0.193,0.197,94.56,94.22,78.52,94.22,0.108,4295,3.6,8.3,James Harden
201949,James,1610612761,TOR,24.0,38,15,23,0.395,821.155,108,237,0.456,8,34,0.235,47,71,0.662,37,105,142,89,64,33,37,17,95,47,271,-68,720.9,0,0,650.0,2,2010-11,21.6,104.0,105.1,105.1,107.1,108.2,108.2,-3.1,-3.1,-3.1,0.161,1.39,21.1,0.049,0.132,0.091,15.2,15.2,0.473,0.505,0.18,0.183,95.71,94.73,78.94,94.73,0.079,1612,2.8,6.2,James Johnson
2592,James,1610612748,MIA,30.0,81,57,24,0.704,1549.09,146,346,0.422,123,287,0.429,60,72,0.833,23,137,160,43,21,29,19,3,129,80,475,241,854.5,0,0,897.0,1,2010-11,19.1,108.6,107.2,107.2,100.0,100.4,100.4,8.6,6.8,6.8,0.043,2.05,9.9,0.016,0.088,0.054,4.8,4.8,0.6,0.629,0.115,0.122,93.24,93.67,78.06,93.67,0.07,3040,1.8,4.3,James Jones
1899,James,1610612754,IND,34.0,49,19,30,0.388,839.0883333333334,81,241,0.336,67,212,0.316,11,15,0.733,10,137,147,34,24,24,6,2,103,45,240,-27,533.4,0,0,548.0,1,2010-11,17.1,95.7,96.4,96.4,99.3,97.7,97.7,-3.6,-1.4,-1.4,0.068,1.42,11.1,0.011,0.167,0.085,7.9,7.9,0.475,0.485,0.143,0.146,95.88,96.28,80.23,96.28,0.063,1681,1.7,4.9,James Posey
201162,Jared,1610612756,PHX,25.0,82,40,42,0.488,2139.595,300,629,0.477,105,253,0.415,162,218,0.743,111,207,318,108,77,87,20,30,139,174,867,-31,1654.6,2,0,1612.0,1,2010-11,26.1,106.1,106.0,106.0,106.3,106.6,106.6,-0.2,-0.5,-0.5,0.078,1.4,11.8,0.054,0.098,0.076,8.4,8.5,0.56,0.598,0.167,0.17,95.78,95.7,79.75,95.7,0.097,4262,3.7,7.7,Jared Dudley
2407,Jared,1610612752,NYK,29.0,42,20,22,0.476,601.0583333333333,30,86,0.349,2,9,0.222,12,29,0.414,62,54,116,36,21,31,17,9,75,40,74,104,390.2,0,0,324.0,2,2010-11,14.3,116.3,116.9,116.9,105.3,105.6,105.6,11.0,11.4,11.4,0.079,1.71,23.2,0.107,0.095,0.101,13.5,13.5,0.36,0.375,0.088,0.09,95.34,94.95,79.13,94.95,0.03,1175,0.7,2.0,Jared Jeffries
101127,Jarrett,1610612740,NOH,27.0,83,39,44,0.47,1722.256666666667,260,637,0.408,33,108,0.306,182,214,0.85,20,153,173,242,110,54,6,40,102,179,735,-177,1375.6,0,0,1303.0,2,2010-11,20.8,100.1,101.6,101.6,105.7,106.3,106.3,-5.6,-4.7,-4.7,0.251,2.2,22.5,0.012,0.096,0.053,10.2,10.2,0.434,0.503,0.224,0.229,91.56,90.61,75.51,90.61,0.109,3239,3.1,7.7,Jarrett Jack
2260,Jarron,1610612757,POR,32.0,28,11,17,0.393,181.36333333333332,6,21,0.286,0,0,0.0,7,10,0.7,14,10,24,2,7,4,1,5,29,21,19,6,58.8,0,0,55.0,2,2010-11,6.5,95.1,92.7,92.7,95.9,91.9,91.9,-0.9,0.9,0.9,0.018,0.29,5.7,0.073,0.058,0.066,20.0,20.3,0.286,0.374,0.077,0.08,94.79,98.06,81.71,98.06,-0.022,372,0.2,0.8,Jarron Collins
2215,Jason,1610612737,ATL,32.0,49,27,22,0.551,593.3433333333334,34,71,0.479,1,1,1.0,27,41,0.659,30,72,102,22,26,9,9,8,97,67,96,87,279.4,0,0,257.0,1,2010-11,12.1,102.4,103.3,103.3,94.6,95.0,95.0,7.8,8.4,8.4,0.051,0.85,16.1,0.058,0.125,0.093,19.0,19.0,0.486,0.539,0.094,0.095,90.39,89.8,74.83,89.8,0.024,1107,0.7,1.4,Jason Collins
2574,Jason,1610612755,PHI,30.0,24,9,15,0.375,111.51833333333332,7,28,0.25,1,8,0.125,1,2,0.5,3,8,11,4,2,2,1,2,4,3,16,35,42.2,0,0,38.0,1,2010-11,4.6,107.6,107.1,107.1,100.0,98.7,98.7,7.6,8.5,8.5,0.043,2.0,11.8,0.024,0.065,0.044,5.9,5.7,0.268,0.277,0.109,0.114,98.33,99.21,82.68,99.21,0.011,238,0.3,1.2,Jason Kapono
467,Jason,1610612742,DAL,38.0,80,56,24,0.7,2652.846666666667,215,596,0.361,133,391,0.34,67,77,0.87,35,316,351,655,179,134,29,14,119,80,630,171,2343.7,9,2,2095.0,1,2010-11,33.2,107.1,107.3,107.3,103.4,104.6,104.6,3.7,2.7,2.7,0.357,3.66,44.8,0.014,0.122,0.07,12.2,12.2,0.472,0.5,0.14,0.142,93.89,93.27,77.73,93.27,0.113,5171,2.7,7.5,Jason Kidd
101131,Jason,1610612765,DET,28.0,57,17,40,0.298,930.1183333333332,93,189,0.492,0,0,0.0,51,99,0.515,66,107,173,17,44,24,21,26,92,87,237,-134,561.1,0,0,517.0,1,2010-11,16.3,103.4,104.4,104.4,109.9,111.3,111.3,-6.5,-6.8,-6.8,0.028,0.39,5.7,0.077,0.126,0.102,14.9,15.0,0.492,0.51,0.14,0.141,92.27,91.24,76.03,91.24,0.047,1762,1.6,3.3,Jason Maxiell
2202,Jason,1610612753,ORL,30.0,80,47,33,0.588,2715.1216666666664,472,1056,0.447,189,479,0.395,116,159,0.73,67,264,331,147,95,93,13,28,162,120,1249,263,2089.7,1,0,2128.0,2,2010-11,33.9,109.3,110.4,110.4,104.0,105.5,105.5,5.3,4.9,4.9,0.087,1.55,10.7,0.026,0.098,0.063,6.9,6.9,0.536,0.555,0.202,0.204,95.36,94.18,78.49,94.18,0.096,5328,5.9,13.2,Jason Richardson
201160,Jason,1610612740,NOH,25.0,77,44,33,0.571,1101.825,136,307,0.443,0,2,0.0,59,70,0.843,89,152,241,36,53,26,32,16,150,62,331,-7,795.2,0,0,724.0,1,2010-11,14.3,100.8,99.9,99.9,100.0,98.5,98.5,0.8,1.3,1.3,0.055,0.68,8.4,0.085,0.141,0.113,12.4,12.4,0.443,0.49,0.163,0.167,91.71,92.88,77.4,92.88,0.067,2114,1.8,4.0,Jason Smith
1891,Jason,1610612742,DAL,33.0,82,57,25,0.695,2564.365,492,1091,0.451,127,351,0.362,182,214,0.85,24,129,153,334,167,93,13,47,140,178,1293,331,2128.6,1,0,2119.0,1,2010-11,31.3,109.8,109.7,109.7,103.4,103.7,103.7,6.5,5.9,5.9,0.223,2.0,19.8,0.01,0.051,0.031,9.9,9.9,0.509,0.545,0.24,0.245,93.12,93.03,77.52,93.03,0.105,4987,6.0,13.3,Jason Terry
201574,Jason,1610612758,SAC,24.0,75,24,51,0.32,1748.0666666666666,271,534,0.507,0,3,0.0,121,200,0.605,144,310,454,88,99,28,44,42,212,186,663,-140,1456.8,9,0,1349.0,1,2010-11,23.3,101.9,103.3,103.3,105.8,106.6,106.6,-4.0,-3.3,-3.3,0.078,0.89,10.9,0.082,0.183,0.131,12.2,12.2,0.507,0.533,0.178,0.179,97.52,96.46,80.39,96.46,0.089,3501,3.6,7.1,Jason Thompson
1715,Jason,1610612763,MEM,35.0,27,19,8,0.704,295.1083333333333,22,67,0.328,10,38,0.263,0,0,0.0,3,27,30,52,18,11,1,0,8,3,54,43,186.0,0,0,170.0,2,2010-11,10.9,106.2,103.5,103.5,96.7,98.3,98.3,9.5,5.2,5.2,0.244,2.89,38.0,0.01,0.091,0.051,13.1,13.1,0.403,0.403,0.125,0.13,95.39,95.8,79.84,95.8,0.081,595,0.8,2.5,Jason Williams
101214,Jawad,1610612739,CLE,28.0,26,6,20,0.231,391.1116666666667,41,126,0.325,13,45,0.289,9,12,0.75,7,41,48,22,16,9,3,8,34,16,104,-84,214.6,0,0,211.0,1,2010-11,15.0,97.9,99.6,99.6,110.4,111.0,111.0,-12.5,-11.4,-11.4,0.093,1.38,13.0,0.017,0.118,0.063,9.5,9.5,0.377,0.396,0.164,0.17,95.98,94.87,79.06,94.87,0.033,775,1.6,4.8,Jawad Williams
202399,Jeff,1610612744,GSW,25.0,23,7,16,0.304,195.935,23,54,0.426,0,0,0.0,11,19,0.579,23,35,58,10,9,4,5,14,28,18,57,3,159.6,0,0,143.0,1,2010-11,8.5,108.4,108.0,108.0,109.6,106.4,106.4,-1.2,1.6,1.6,0.075,1.11,12.3,0.117,0.187,0.151,11.1,11.1,0.426,0.457,0.159,0.163,93.87,95.42,79.52,95.42,0.064,388,1.0,2.3,Jeff Adrien
1902,Jeff,1610612754,IND,34.0,56,25,31,0.446,939.8633333333332,80,167,0.479,0,3,0.0,27,48,0.563,160,190,350,46,26,24,31,14,127,73,187,50,815.0,0,0,693.0,1,2010-11,16.8,103.9,104.7,104.7,100.7,100.4,100.4,3.2,4.3,4.3,0.073,1.77,17.6,0.154,0.198,0.175,10.0,10.0,0.479,0.497,0.098,0.099,95.69,95.45,79.54,95.45,0.098,1854,1.4,3.0,Jeff Foster
201145,Jeff,1610612738,BOS,24.0,75,45,30,0.6,2427.62,368,820,0.449,64,211,0.303,198,244,0.811,73,287,360,108,99,53,37,38,210,188,998,-2,1763.0,4,0,1710.0,2,2010-11,32.4,105.9,106.6,106.6,104.7,106.0,106.0,1.3,0.6,0.6,0.075,1.09,9.5,0.033,0.121,0.078,8.7,8.7,0.488,0.538,0.193,0.195,94.32,93.42,77.85,93.42,0.084,4710,4.9,10.9,Jeff Green
201952,Jeff,1610612737,ATL,23.0,70,36,34,0.514,962.5383333333332,133,304,0.438,18,48,0.375,77,97,0.794,11,91,102,138,64,45,25,32,82,77,361,-64,836.4,0,0,759.0,1,2010-11,13.8,101.4,100.2,100.2,104.1,103.6,103.6,-2.7,-3.4,-3.4,0.236,2.16,25.1,0.012,0.097,0.056,11.6,11.7,0.467,0.521,0.193,0.199,94.41,95.2,79.33,95.2,0.099,1909,1.9,4.3,Jeff Teague
202379,Jeremy,1610612762,UTA,23.0,49,22,27,0.449,462.91,76,115,0.661,0,1,0.0,26,37,0.703,36,61,97,24,19,17,17,7,50,33,178,-15,413.4,0,0,367.0,1,2010-11,9.4,103.1,102.5,102.5,105.9,104.4,104.4,-2.8,-1.9,-1.9,0.09,1.26,13.7,0.082,0.142,0.112,10.9,10.9,0.661,0.678,0.144,0.148,93.55,94.46,78.72,94.46,0.128,912,1.6,2.3,Jeremy Evans
202391,Jeremy,1610612744,GSW,22.0,29,10,19,0.345,284.5133333333333,28,72,0.389,1,5,0.2,19,25,0.76,12,22,34,42,18,33,9,8,31,33,76,8,287.8,0,0,237.0,1,2010-11,9.8,105.5,105.7,105.7,103.1,103.2,103.2,2.5,2.5,2.5,0.207,2.33,29.6,0.039,0.082,0.059,12.7,12.6,0.396,0.458,0.151,0.155,95.12,94.98,79.15,94.98,0.088,560,1.0,2.5,Jeremy Lin
979,Jermaine,1610612738,BOS,32.0,24,13,11,0.542,431.225,50,109,0.459,0,1,0.0,29,43,0.674,25,63,88,12,27,2,30,7,65,44,129,15,321.6,1,0,293.0,1,2010-11,18.0,100.0,98.7,98.7,96.1,96.9,96.9,3.9,1.7,1.7,0.046,0.44,7.2,0.068,0.141,0.109,16.2,16.2,0.459,0.504,0.171,0.176,90.86,91.11,75.92,91.11,0.052,819,2.1,4.5,Jermaine O'Neal
201966,Jermaine,1610612758,SAC,24.0,34,8,26,0.235,482.245,94,196,0.48,14,45,0.311,21,28,0.75,26,36,62,32,46,14,5,22,39,34,223,-100,356.4,0,0,369.0,2,2010-11,14.2,102.5,102.1,102.1,112.6,111.9,111.9,-10.1,-9.8,-9.8,0.105,0.7,11.1,0.053,0.08,0.066,16.0,16.1,0.515,0.535,0.22,0.226,99.74,100.28,83.57,100.28,0.069,1007,2.8,5.8,Jermaine Taylor
711,Jerry,1610612748,MIA,36.0,7,5,2,0.714,49.74333333333333,3,12,0.25,1,4,0.25,5,7,0.714,1,6,7,3,2,0,2,2,3,4,12,-4,28.9,0,0,27.0,1,2010-11,7.1,95.7,93.9,93.9,100.1,101.1,101.1,-4.4,-7.2,-7.2,0.1,1.5,15.0,0.019,0.13,0.07,10.0,10.0,0.292,0.398,0.155,0.161,92.64,93.12,77.6,93.12,0.042,98,0.4,1.7,Jerry Stackhouse
201573,Jerryd,1610612761,TOR,22.0,71,25,46,0.352,1495.2833333333333,218,517,0.422,49,146,0.336,166,206,0.806,26,139,165,266,127,38,5,42,149,170,651,-287,1250.0,2,0,1217.0,2,2010-11,21.1,101.2,100.9,100.9,110.1,110.2,110.2,-8.9,-9.3,-9.3,0.294,2.09,26.7,0.018,0.095,0.056,12.8,12.7,0.469,0.536,0.217,0.224,93.63,93.7,78.09,93.7,0.1,2911,3.1,7.3,Jerryd Bayless
201149,Joakim,1610612741,CHI,26.0,48,36,12,0.75,1575.5283333333334,211,402,0.525,0,1,0.0,139,188,0.739,182,316,498,107,90,48,72,48,156,148,561,178,1589.1,21,0,1406.0,1,2010-11,32.8,105.5,106.9,106.9,99.6,101.1,101.1,5.8,5.7,5.7,0.105,1.19,15.6,0.12,0.2,0.161,13.2,13.2,0.525,0.579,0.163,0.165,94.16,92.81,77.35,92.81,0.128,3048,4.4,8.4,Joakim Noah
201975,Jodie,1610612755,PHI,23.0,74,40,34,0.541,2062.0466666666666,242,570,0.425,138,348,0.397,152,170,0.894,21,150,171,78,60,63,4,30,97,115,774,89,1237.2,0,0,1295.0,1,2010-11,27.9,105.7,105.4,105.4,103.7,103.4,103.4,2.0,2.0,2.0,0.056,1.3,10.1,0.011,0.076,0.043,7.8,7.7,0.546,0.6,0.152,0.157,94.33,94.55,78.8,94.55,0.077,4066,3.3,7.7,Jodie Meeks
2207,Joe,1610612737,ATL,30.0,72,38,34,0.528,2554.405,514,1161,0.443,89,300,0.297,195,243,0.802,59,232,291,338,146,47,7,50,131,200,1312,87,2184.2,2,0,2138.0,1,2010-11,35.5,105.4,107.0,107.0,104.7,105.5,105.5,0.7,1.6,1.6,0.23,2.32,19.4,0.025,0.097,0.062,8.4,8.3,0.481,0.517,0.261,0.264,90.86,89.85,74.87,89.85,0.112,4787,7.1,16.1,Joe Johnson
693,Joe,1610612747,LAL,35.0,16,14,2,0.875,69.34833333333333,3,16,0.188,0,0,0.0,2,2,1.0,3,18,21,4,5,0,4,1,13,5,8,-9,46.2,0,0,41.0,2,2010-11,4.3,90.1,87.0,87.0,92.8,93.8,93.8,-2.7,-6.8,-6.8,0.093,0.8,15.4,0.043,0.217,0.138,19.2,19.3,0.188,0.237,0.133,0.139,99.49,100.71,83.92,100.71,0.013,146,0.2,1.0,Joe Smith
201202,Joel,1610612748,MIA,28.0,75,55,20,0.733,1463.0566666666666,53,99,0.535,0,0,0.0,47,73,0.644,104,162,266,24,36,10,93,13,194,65,153,123,781.2,0,0,649.0,1,2010-11,19.5,107.2,106.2,106.2,99.4,101.4,101.4,7.8,4.8,4.8,0.024,0.67,12.5,0.079,0.104,0.093,18.8,18.8,0.535,0.583,0.054,0.055,91.96,91.49,76.24,91.49,0.033,2783,0.7,1.3,Joel Anthony
2038,Joel,1610612766,CHA,31.0,36,18,18,0.5,519.7633333333333,25,44,0.568,0,0,0.0,14,27,0.519,37,108,145,13,29,5,15,7,79,37,64,-74,288.5,0,0,262.0,2,2010-11,14.4,99.4,99.5,99.5,107.4,105.6,105.6,-8.0,-6.1,-6.1,0.038,0.45,13.3,0.076,0.223,0.149,29.6,29.6,0.568,0.573,0.077,0.078,89.23,89.95,74.96,89.95,0.049,967,0.7,1.2,Joel Przybilla
201595,Joey,1610612761,TOR,27.0,43,11,32,0.256,521.98,52,99,0.525,0,0,0.0,31,65,0.477,79,111,190,27,39,24,17,11,78,44,135,-13,487.5,4,0,434.0,1,2010-11,12.1,100.3,100.5,100.5,102.3,101.2,101.2,-2.0,-0.7,-0.7,0.078,0.69,13.8,0.145,0.231,0.186,19.9,20.1,0.525,0.529,0.141,0.141,92.36,92.79,77.32,92.79,0.091,1006,1.2,2.3,Joey Dorsey
101121,Joey,1610612739,CLE,29.0,39,9,30,0.231,586.25,82,179,0.458,9,30,0.3,29,36,0.806,8,76,84,18,28,6,7,8,73,38,202,-77,340.8,0,0,339.0,1,2010-11,15.0,96.2,97.8,97.8,105.6,105.0,105.0,-9.4,-7.2,-7.2,0.054,0.64,7.5,0.014,0.133,0.074,11.7,11.6,0.483,0.518,0.172,0.175,94.41,93.87,78.23,93.87,0.057,1149,2.1,4.6,Joey Graham
101130,Johan,1610612751,NJN,25.0,77,22,55,0.286,893.4133333333333,129,290,0.445,0,4,0.0,15,28,0.536,62,150,212,44,46,34,34,3,178,37,273,-156,751.4,0,0,665.0,1,2010-11,11.6,96.2,94.5,94.5,102.6,101.4,101.4,-6.4,-6.9,-6.9,0.088,0.96,11.2,0.071,0.175,0.122,11.7,11.7,0.445,0.452,0.18,0.187,91.5,92.87,77.39,92.87,0.058,1710,1.7,3.8,Johan Petro
101249,John,1610612741,CHI,28.0,2,1,1,0.5,10.106666666666667,1,3,0.333,0,1,0.0,0,2,0.0,0,0,0,1,0,0,0,0,0,1,2,-3,3.5,0,0,3.0,1,2010-11,5.1,82.4,89.5,89.5,101.4,105.3,105.3,-19.1,-15.8,-15.8,0.167,0.0,20.0,0.0,0.0,0.0,0.0,0.0,0.333,0.258,0.19,0.179,95.84,90.24,75.2,90.24,-0.053,19,0.5,1.5,John Lucas III
2422,John,1610612749,MIL,31.0,73,30,43,0.411,2554.103333333333,373,898,0.415,83,219,0.379,195,240,0.813,27,239,266,252,137,72,28,56,157,194,1024,-57,1884.2,1,0,1825.0,1,2010-11,35.0,97.5,99.0,99.0,99.1,100.1,100.1,-1.6,-1.1,-1.1,0.179,1.84,18.0,0.011,0.1,0.054,9.8,9.8,0.462,0.51,0.207,0.209,92.18,91.01,75.84,91.01,0.097,4840,5.1,12.3,John Salmons
202322,John,1610612764,WAS,20.0,69,19,50,0.275,2606.055,398,972,0.409,34,115,0.296,301,393,0.766,35,282,317,574,261,121,35,84,175,324,1131,-439,2579.4,26,1,2368.0,1,2010-11,37.8,98.9,100.2,100.2,107.9,109.0,109.0,-9.0,-8.8,-8.8,0.357,2.2,29.0,0.013,0.112,0.06,13.2,13.2,0.427,0.494,0.233,0.236,97.34,96.19,80.16,96.19,0.117,5233,5.8,14.1,John Wall
201972,Jon,1610612749,MIL,24.0,63,28,35,0.444,677.4716666666667,48,94,0.511,0,0,0.0,40,59,0.678,74,110,184,18,24,14,3,12,119,84,136,38,410.8,0,0,372.0,1,2010-11,10.8,102.4,101.5,101.5,100.2,97.9,97.9,2.2,3.6,3.6,0.041,0.75,11.0,0.109,0.179,0.142,14.7,14.8,0.511,0.567,0.095,0.097,92.42,93.88,78.23,93.88,0.056,1320,0.8,1.5,Jon Brockman
201938,Jonny,1610612750,MIN,22.0,53,10,43,0.189,982.86,108,296,0.365,31,100,0.31,32,42,0.762,12,65,77,182,113,34,3,9,58,53,279,-178,642.4,0,0,643.0,1,2010-11,18.5,100.4,100.3,100.3,109.8,109.4,109.4,-9.4,-9.0,-9.0,0.284,1.61,29.9,0.012,0.07,0.04,18.6,18.5,0.417,0.444,0.186,0.19,98.19,98.41,82.01,98.41,0.057,2017,2.0,5.6,Jonny Flynn
202348,Jordan,1610612764,WAS,22.0,42,17,25,0.405,1026.645,192,500,0.384,33,128,0.258,73,84,0.869,31,74,105,117,83,39,3,20,63,65,490,-228,834.5,2,1,829.0,2,2010-11,24.4,99.3,99.9,99.9,109.5,110.8,110.8,-10.2,-10.9,-10.9,0.197,1.41,16.0,0.028,0.074,0.05,11.3,11.3,0.417,0.456,0.258,0.264,96.6,95.75,79.79,95.75,0.078,2046,4.6,11.9,Jordan Crawford
200770,Jordan,1610612751,NJN,24.0,73,23,50,0.315,1795.9516666666666,255,651,0.392,109,304,0.359,82,100,0.82,24,149,173,368,139,62,6,31,128,101,701,-175,1525.6,8,0,1487.0,1,2010-11,24.6,99.9,99.7,99.7,106.9,106.5,106.5,-7.0,-6.7,-6.7,0.341,2.65,30.7,0.013,0.087,0.049,11.6,11.6,0.475,0.504,0.205,0.212,93.25,93.5,77.92,93.5,0.108,3528,3.5,8.9,Jordan Farmar
201941,Jordan,1610612745,HOU,23.0,72,38,34,0.528,1124.496666666667,173,352,0.491,0,2,0.0,60,85,0.706,128,178,306,29,62,14,52,25,157,78,406,-153,952.7,2,0,873.0,1,2010-11,15.6,103.1,103.4,103.4,109.8,110.4,110.4,-6.7,-7.1,-7.1,0.043,0.47,6.1,0.111,0.163,0.136,13.0,12.9,0.491,0.521,0.173,0.179,95.51,95.1,79.25,95.1,0.074,2230,2.4,4.9,Jordan Hill
101181,Jose,1610612761,TOR,29.0,68,18,50,0.265,2102.2033333333334,262,596,0.44,57,156,0.365,88,103,0.854,30,172,202,605,148,81,7,30,143,92,669,-169,1934.9,12,0,1709.0,1,2010-11,30.9,104.4,105.8,105.8,109.7,110.2,110.2,-5.3,-4.5,-4.5,0.412,4.09,43.6,0.015,0.088,0.05,10.7,10.6,0.487,0.522,0.164,0.167,96.48,95.64,79.7,95.64,0.118,4197,3.9,8.8,Jose Calderon
2735,Josh,1610612756,PHX,28.0,54,23,31,0.426,893.77,121,214,0.565,1,16,0.063,29,59,0.492,69,86,155,42,44,33,23,23,68,47,272,-129,645.0,0,0,582.0,1,2010-11,16.6,105.4,105.1,105.1,110.9,111.9,111.9,-5.5,-6.8,-6.8,0.072,0.95,12.9,0.08,0.102,0.091,13.5,13.5,0.568,0.567,0.139,0.143,95.48,95.11,79.26,95.11,0.081,1767,2.2,4.0,Josh Childress
2572,Josh,1610612764,WAS,31.0,18,3,15,0.167,408.6166666666667,58,162,0.358,7,29,0.241,29,47,0.617,18,56,74,24,20,13,5,10,34,38,152,-87,310.8,0,0,293.0,1,2010-11,22.7,95.7,97.9,97.9,106.5,106.9,106.9,-10.8,-9.0,-9.0,0.095,1.2,10.6,0.039,0.144,0.087,8.8,8.8,0.38,0.416,0.211,0.213,98.98,97.62,81.35,97.62,0.06,825,3.2,9.0,Josh Howard
201177,Josh,1610612754,IND,24.0,72,34,38,0.472,1596.9883333333332,211,386,0.547,23,60,0.383,88,119,0.739,109,273,382,150,93,47,57,38,165,103,533,55,1435.4,3,0,1296.0,1,2010-11,22.2,104.9,104.7,104.7,102.5,102.8,102.8,2.4,1.8,1.8,0.143,1.61,22.1,0.072,0.16,0.119,13.7,13.6,0.576,0.608,0.144,0.148,98.24,98.22,81.85,98.22,0.111,3266,2.9,5.4,Josh McRoberts
2694,Josh,1610612737,ATL,28.0,54,29,25,0.537,653.145,94,208,0.452,0,1,0.0,36,45,0.8,49,86,135,22,53,5,5,16,78,43,224,-119,396.0,0,0,401.0,1,2010-11,12.1,97.4,97.0,97.0,108.1,105.3,105.3,-10.6,-8.3,-8.3,0.059,0.42,7.2,0.082,0.141,0.112,17.4,17.5,0.452,0.492,0.195,0.2,93.41,94.8,79.0,94.8,0.053,1284,1.7,3.9,Josh Powell
2746,Josh,1610612737,ATL,25.0,77,43,34,0.558,2644.83,497,1041,0.477,51,154,0.331,229,316,0.725,134,523,657,255,197,99,120,43,217,293,1274,76,2904.9,31,1,2675.0,1,2010-11,34.3,104.2,105.3,105.3,102.3,103.4,103.4,1.8,1.9,1.9,0.168,1.29,15.7,0.055,0.208,0.133,12.1,12.1,0.502,0.54,0.245,0.249,91.64,90.66,75.55,90.66,0.135,4987,6.5,13.5,Josh Smith
201950,Jrue,1610612755,PHI,21.0,82,41,41,0.5,2900.6983333333333,446,999,0.446,81,222,0.365,172,209,0.823,68,264,332,531,218,120,29,60,203,177,1145,175,2568.9,15,1,2387.0,1,2010-11,35.4,106.2,106.8,106.8,103.4,103.9,103.9,2.8,2.9,2.9,0.282,2.44,29.0,0.025,0.095,0.06,11.9,11.8,0.487,0.525,0.204,0.208,93.98,93.49,77.91,93.49,0.105,5655,5.4,12.2,Jrue Holiday
201153,Julian,1610612761,TOR,24.0,52,9,43,0.173,765.9616666666667,82,160,0.513,2,10,0.2,22,43,0.512,47,71,118,58,43,39,20,8,45,33,188,-25,550.6,0,0,484.0,1,2010-11,14.7,102.9,102.6,102.6,103.9,102.6,102.6,-1.0,0.0,0.0,0.11,1.35,20.6,0.066,0.093,0.08,15.3,15.4,0.519,0.525,0.128,0.131,94.44,95.19,79.33,95.19,0.079,1507,1.6,3.1,Julian Wright
436,Juwan,1610612748,MIA,38.0,57,43,14,0.754,591.5133333333333,55,125,0.44,0,0,0.0,29,35,0.829,36,86,122,23,25,10,4,7,61,33,139,20,336.9,0,0,312.0,1,2010-11,10.4,105.5,103.6,103.6,103.0,101.9,101.9,2.5,1.7,1.7,0.062,0.92,12.1,0.067,0.145,0.108,13.2,13.3,0.44,0.495,0.129,0.133,91.72,93.04,77.53,93.04,0.065,1147,1.0,2.2,Juwan Howard
2586,Keith,1610612741,CHI,31.0,82,62,20,0.756,1461.3333333333333,124,307,0.404,90,237,0.38,21,32,0.656,19,129,148,101,41,38,9,8,113,48,359,167,788.1,0,0,792.0,1,2010-11,17.8,105.8,107.4,107.4,100.1,101.6,101.6,5.7,5.8,5.8,0.098,2.46,21.7,0.014,0.093,0.054,8.8,8.9,0.55,0.559,0.114,0.115,92.68,91.28,76.07,91.28,0.058,2782,1.5,3.7,Keith Bogans
2570,Kendrick,1610612760,OKC,26.0,29,21,8,0.724,742.0133333333333,67,130,0.515,0,0,0.0,40,72,0.556,62,170,232,26,56,9,26,19,91,53,174,96,540.4,1,0,502.0,2,2010-11,25.6,104.2,105.7,105.7,97.3,98.6,98.6,6.9,7.1,7.1,0.052,0.46,10.7,0.09,0.227,0.161,23.0,23.0,0.515,0.538,0.133,0.134,95.07,93.77,78.14,93.77,0.074,1446,2.3,4.5,Kendrick Perkins
2030,Kenyon,1610612743,DEN,33.0,48,31,17,0.646,1233.18,185,362,0.511,2,9,0.222,42,72,0.583,67,230,297,109,59,43,35,21,136,51,414,205,1108.9,3,0,978.0,1,2010-11,25.7,110.5,111.9,111.9,102.6,103.7,103.7,7.9,8.2,8.2,0.13,1.85,19.5,0.059,0.183,0.125,10.5,10.5,0.514,0.526,0.164,0.166,96.8,95.67,79.73,95.67,0.095,2460,3.9,7.5,Kenyon Martin
201142,Kevin,1610612760,OKC,22.0,78,52,26,0.667,3037.6216666666664,711,1538,0.462,145,414,0.35,594,675,0.88,57,476,533,214,218,88,76,49,159,412,2161,269,3395.6,14,0,3381.0,1,2010-11,38.9,109.7,110.8,110.8,105.0,106.8,106.8,4.7,4.1,4.1,0.127,0.98,9.5,0.02,0.154,0.089,9.7,9.6,0.509,0.589,0.296,0.302,96.3,95.02,79.19,95.02,0.159,6025,9.1,19.7,Kevin Durant
708,Kevin,1610612738,BOS,35.0,71,49,22,0.69,2219.7566666666667,434,822,0.528,1,5,0.2,187,217,0.862,83,548,631,171,115,95,57,19,148,210,1056,551,2410.7,28,0,2163.0,1,2010-11,31.3,108.5,109.2,109.2,95.4,96.4,96.4,13.1,12.9,12.9,0.127,1.49,14.2,0.044,0.249,0.155,9.5,9.6,0.529,0.575,0.219,0.221,93.23,92.45,77.04,92.45,0.168,4276,6.1,11.6,Kevin Garnett
201567,Kevin,1610612750,MIN,22.0,73,17,56,0.233,2610.543333333333,482,1026,0.47,88,211,0.417,424,499,0.85,330,782,1112,184,155,45,28,96,148,421,1476,-272,3150.4,64,0,3006.0,1,2010-11,35.8,102.6,104.2,104.2,108.6,109.5,109.5,-6.0,-5.3,-5.3,0.116,1.19,11.6,0.121,0.3,0.208,9.8,9.8,0.513,0.593,0.224,0.227,99.09,97.9,81.58,97.9,0.184,5330,6.6,14.1,Kevin Love
2755,Kevin,1610612745,HOU,28.0,80,42,38,0.525,2602.5333333333333,553,1267,0.436,176,459,0.383,594,669,0.888,28,230,258,198,184,80,15,63,155,411,1876,163,2583.6,0,0,2698.0,1,2010-11,32.5,110.0,111.6,111.6,107.2,108.2,108.2,2.8,3.4,3.4,0.128,1.08,10.3,0.011,0.09,0.05,9.6,9.5,0.506,0.601,0.289,0.295,97.96,96.83,80.69,96.83,0.13,5244,6.9,15.8,Kevin Martin
202338,Kevin,1610612764,WAS,21.0,58,15,43,0.259,634.6283333333333,66,147,0.449,0,0,0.0,22,31,0.71,80,72,152,10,42,17,28,18,126,23,154,-198,444.4,0,0,406.0,1,2010-11,10.9,95.4,94.3,94.3,110.3,109.2,109.2,-14.9,-14.9,-14.9,0.025,0.24,4.7,0.11,0.12,0.115,19.6,19.8,0.449,0.479,0.132,0.135,97.1,98.17,81.81,98.17,0.024,1296,1.1,2.5,Kevin Seraphin
2039,Keyon,1610612749,MIL,31.0,80,35,45,0.438,1756.615,206,519,0.397,81,234,0.346,78,94,0.83,12,105,117,243,91,54,4,17,119,119,571,74,1158.9,2,0,1128.0,1,2010-11,22.0,101.4,101.3,101.3,98.0,98.4,98.4,3.4,2.9,2.9,0.226,2.67,27.3,0.007,0.062,0.035,10.2,10.2,0.475,0.509,0.171,0.176,91.48,91.36,76.14,91.36,0.086,3332,2.6,6.5,Keyon Dooling
2550,Kirk,1610612737,ATL,30.0,72,24,48,0.333,2156.6583333333333,278,623,0.446,75,188,0.399,106,126,0.841,21,161,182,288,121,75,17,29,185,126,737,-384,1542.4,3,0,1466.0,2,2010-11,30.0,97.9,98.8,98.8,107.3,108.2,108.2,-9.5,-9.4,-9.4,0.221,2.38,26.8,0.01,0.08,0.044,11.2,11.1,0.506,0.543,0.167,0.171,93.4,92.58,77.15,92.58,0.086,4162,3.9,8.7,Kirk Hinrich
977,Kobe,1610612747,LAL,32.0,82,57,25,0.695,2778.6633333333334,740,1639,0.451,115,356,0.323,483,583,0.828,83,336,419,388,243,99,12,70,172,450,2078,423,3252.8,9,1,3222.0,1,2010-11,33.9,110.6,111.5,111.5,102.8,104.2,104.2,7.8,7.3,7.3,0.258,1.6,15.5,0.031,0.121,0.077,9.7,9.6,0.487,0.548,0.343,0.35,93.41,92.36,76.97,92.36,0.156,5361,9.0,20.0,Kobe Bryant
201585,Kosta,1610612743,DEN,22.0,50,17,33,0.34,433.6,68,150,0.453,0,2,0.0,24,43,0.558,57,73,130,7,31,10,25,15,59,31,160,-51,400.5,0,0,367.0,2,2010-11,8.7,103.0,102.3,102.3,109.1,107.5,107.5,-6.1,-5.3,-5.3,0.025,0.23,3.4,0.119,0.165,0.141,15.0,15.0,0.453,0.474,0.184,0.189,101.5,102.62,85.52,102.62,0.062,926,1.4,3.0,Kosta Koufos
2743,Kris,1610612751,NJN,26.0,74,23,51,0.311,2060.7633333333333,307,583,0.527,0,1,0.0,127,191,0.665,225,546,771,84,103,33,80,42,168,222,741,-244,2028.2,29,0,1822.0,1,2010-11,27.8,101.4,101.7,101.7,106.7,107.8,107.8,-5.3,-6.1,-6.1,0.069,0.82,9.8,0.111,0.279,0.194,12.0,12.1,0.527,0.555,0.17,0.173,92.61,91.95,76.62,91.95,0.138,3946,4.1,7.9,Kris Humphries
703,Kurt,1610612741,CHI,38.0,52,39,13,0.75,1178.1533333333334,95,186,0.511,1,1,1.0,20,32,0.625,75,226,301,60,42,32,42,5,164,77,211,158,842.2,0,0,721.0,1,2010-11,22.7,104.1,105.9,105.9,97.4,98.3,98.3,6.7,7.6,7.6,0.074,1.43,19.8,0.067,0.199,0.134,13.9,13.9,0.513,0.527,0.095,0.096,92.58,91.36,76.14,91.36,0.073,2236,1.8,3.6,Kurt Thomas
2198,Kwame,1610612766,CHA,29.0,66,27,39,0.409,1714.165,194,375,0.517,0,0,0.0,136,231,0.589,147,303,450,43,69,26,39,42,174,231,524,-233,1254.5,8,0,1147.0,1,2010-11,26.0,99.1,100.7,100.7,106.4,107.7,107.7,-7.3,-7.0,-7.0,0.041,0.62,7.3,0.09,0.197,0.142,11.7,11.7,0.517,0.55,0.15,0.151,91.24,89.96,74.96,89.96,0.083,3209,2.9,5.7,Kwame Brown
2594,Kyle,1610612741,CHI,30.0,82,62,20,0.756,1649.1233333333332,242,557,0.434,120,289,0.415,77,87,0.885,12,138,150,124,60,35,20,10,156,63,681,305,1152.0,0,0,1185.0,1,2010-11,20.1,106.8,107.3,107.3,98.2,99.3,99.3,8.6,8.0,8.0,0.121,2.07,16.1,0.008,0.084,0.047,7.8,7.7,0.542,0.572,0.176,0.182,92.59,91.93,76.61,91.93,0.089,3184,3.0,6.8,Kyle Korver
200768,Kyle,1610612745,HOU,25.0,75,40,35,0.533,2563.1833333333334,345,809,0.426,129,343,0.376,192,251,0.765,89,220,309,500,158,102,23,43,207,260,1011,310,2348.8,10,1,2199.0,1,2010-11,34.2,109.6,111.4,111.4,104.6,105.6,105.6,5.1,5.8,5.8,0.289,3.16,31.7,0.035,0.088,0.061,10.0,10.0,0.506,0.55,0.184,0.186,97.27,95.99,79.99,95.99,0.107,5132,4.6,10.8,Kyle Lowry
201602,Kyle,1610612762,UTA,25.0,5,1,4,0.2,69.34,9,25,0.36,3,7,0.429,7,8,0.875,2,8,10,7,7,2,2,2,3,7,28,0,55.5,0,0,56.0,1,2010-11,13.9,85.0,85.7,85.7,82.2,84.4,84.4,2.8,1.3,1.3,0.212,1.0,16.3,0.026,0.116,0.069,16.3,16.5,0.42,0.491,0.232,0.232,94.41,92.76,77.3,92.76,0.116,133,1.8,5.0,Kyle Weaver
201178,Kyrylo,1610612762,UTA,24.0,53,29,24,0.547,455.94,44,100,0.44,0,1,0.0,18,46,0.391,34,74,108,18,25,4,16,9,90,39,106,38,297.6,0,0,272.0,1,2010-11,8.6,100.3,100.0,100.0,98.8,95.4,95.4,1.5,4.6,4.6,0.063,0.72,10.9,0.077,0.173,0.125,15.2,15.3,0.44,0.441,0.142,0.145,92.53,94.28,78.56,94.28,0.024,894,0.8,1.9,Kyrylo Fesenko
200746,LaMarcus,1610612757,POR,25.0,81,48,33,0.593,3211.4216666666666,707,1415,0.5,4,23,0.174,351,444,0.791,278,431,709,170,153,82,94,54,220,397,1769,286,3249.8,36,0,3004.0,1,2010-11,39.6,107.3,109.1,109.1,103.2,104.2,104.2,4.1,4.9,4.9,0.099,1.11,8.8,0.092,0.152,0.121,7.9,7.9,0.501,0.549,0.257,0.258,89.96,88.78,73.99,88.78,0.141,5938,8.7,17.5,LaMarcus Aldridge
1885,Lamar,1610612747,LAL,31.0,82,57,25,0.695,2638.715,473,893,0.53,68,178,0.382,166,246,0.675,175,535,710,249,139,47,61,42,200,206,1180,379,2590.5,28,0,2423.0,1,2010-11,32.2,109.0,109.8,109.8,101.4,102.8,102.8,7.6,7.0,7.0,0.154,1.79,18.0,0.069,0.198,0.135,10.1,10.0,0.568,0.589,0.194,0.198,93.14,92.15,76.79,92.15,0.143,5077,5.8,10.9,Lamar Odom
202362,Lance,1610612754,IND,20.0,12,3,9,0.25,114.69666666666669,13,39,0.333,0,5,0.0,11,14,0.786,1,17,18,21,16,4,0,5,14,10,37,-1,86.1,0,0,84.0,1,2010-11,9.6,97.1,97.5,97.5,97.0,94.3,94.3,0.0,3.2,3.2,0.309,1.31,25.6,0.008,0.127,0.069,19.5,19.5,0.333,0.41,0.217,0.223,99.84,101.07,84.22,101.07,0.057,237,1.1,3.3,Lance Stephenson
202361,Landry,1610612752,NYK,23.0,82,42,40,0.512,2541.3283333333334,299,602,0.497,86,219,0.393,113,147,0.769,105,416,521,155,107,80,17,36,114,134,797,67,1838.7,11,0,1753.0,1,2010-11,31.0,109.8,110.4,110.4,107.8,108.7,108.7,2.1,1.6,1.6,0.087,1.45,16.7,0.043,0.165,0.105,11.5,11.5,0.568,0.598,0.134,0.135,98.2,97.53,81.27,97.53,0.098,5156,3.6,7.3,Landry Fields
202082,Larry,1610612764,WAS,28.0,12,7,5,0.583,142.73333333333332,15,32,0.469,6,13,0.462,4,9,0.444,1,14,15,8,5,9,5,0,18,6,40,13,107.0,0,0,97.0,2,2010-11,11.9,98.9,97.6,97.6,91.9,93.1,93.1,7.0,4.5,4.5,0.089,1.6,16.3,0.007,0.101,0.053,10.2,10.2,0.563,0.556,0.123,0.127,96.79,96.85,80.71,96.85,0.073,288,1.3,2.7,Larry Owens
202336,Larry,1610612749,MIL,22.0,60,28,32,0.467,872.1616666666666,116,268,0.433,0,0,0.0,28,50,0.56,59,119,178,16,38,22,72,13,117,39,260,-145,741.6,1,0,642.0,1,2010-11,14.5,93.3,92.4,92.4,100.9,100.6,100.6,-7.6,-8.2,-8.2,0.033,0.42,4.6,0.066,0.142,0.103,11.0,11.0,0.433,0.448,0.172,0.176,92.85,93.45,77.88,93.45,0.06,1695,1.9,4.5,Larry Sanders
202351,Lazar,1610612750,MIN,24.0,42,10,32,0.238,419.41833333333335,55,154,0.357,17,60,0.283,33,42,0.786,23,47,70,28,19,12,7,12,44,32,160,-118,324.0,0,0,313.0,1,2010-11,10.0,97.5,98.3,98.3,113.9,111.2,111.2,-16.4,-12.9,-12.9,0.107,1.47,12.7,0.048,0.118,0.08,8.6,8.7,0.412,0.464,0.183,0.187,101.24,102.03,85.02,102.03,0.061,890,1.3,3.7,Lazar Hayward
2544,LeBron,1610612748,MIA,26.0,79,57,22,0.722,3062.9816666666666,758,1485,0.51,92,279,0.33,503,663,0.759,80,510,590,554,284,124,50,38,163,466,2111,619,3888.0,31,4,3695.0,1,2010-11,38.8,110.4,111.5,111.5,99.9,101.4,101.4,10.5,10.1,10.1,0.343,1.95,21.3,0.029,0.163,0.101,10.9,10.9,0.541,0.594,0.307,0.312,93.69,92.52,77.1,92.52,0.201,5916,9.6,18.8,LeBron James
2571,Leandro,1610612761,TOR,28.0,58,17,41,0.293,1394.6133333333332,294,653,0.45,72,213,0.338,109,137,0.796,14,85,99,119,84,50,6,40,112,119,769,-147,1150.3,0,0,1171.0,1,2010-11,24.0,104.5,105.3,105.3,110.0,110.2,110.2,-5.5,-4.8,-4.8,0.147,1.42,13.0,0.01,0.062,0.036,9.2,9.2,0.505,0.539,0.249,0.254,96.16,95.68,79.74,95.68,0.093,2774,5.1,11.3,Leandro Barbosa
200796,Leon,1610612763,MEM,27.0,30,10,20,0.333,327.7316666666667,59,119,0.496,0,2,0.0,40,72,0.556,24,39,63,7,12,10,4,18,44,64,158,-76,274.1,0,0,256.0,2,2010-11,10.9,99.2,99.0,99.0,109.5,110.4,110.4,-10.3,-11.3,-11.3,0.038,0.58,4.2,0.073,0.138,0.103,7.1,7.1,0.496,0.524,0.224,0.234,92.98,92.71,77.26,92.71,0.072,631,2.0,4.0,Leon Powe
201991,Lester,1610612764,WAS,26.0,11,3,8,0.273,73.33333333333333,6,24,0.25,4,15,0.267,2,4,0.5,1,4,5,17,7,4,1,0,10,3,18,-15,57.5,0,0,54.0,1,2010-11,6.7,83.2,82.6,82.6,92.7,87.0,87.0,-9.5,-4.4,-4.4,0.447,2.43,34.7,0.012,0.06,0.034,14.3,14.1,0.333,0.349,0.195,0.204,94.07,97.53,81.27,97.53,0.043,144,0.5,2.2,Lester Hudson
101132,Linas,1610612761,TOR,26.0,39,12,27,0.308,1031.9616666666666,178,406,0.438,39,131,0.298,41,65,0.631,37,140,177,40,65,19,7,17,99,50,436,-61,721.4,4,0,744.0,1,2010-11,26.5,104.1,105.3,105.3,109.0,108.5,108.5,-4.9,-3.3,-3.3,0.06,0.62,7.4,0.037,0.147,0.091,12.1,12.0,0.486,0.502,0.212,0.214,95.71,95.4,79.5,95.4,0.066,2054,4.6,10.4,Linas Kleiza
200811,Lou,1610612744,GSW,28.0,46,20,26,0.435,691.1066666666667,83,183,0.454,0,0,0.0,34,87,0.391,81,104,185,17,24,14,33,16,87,76,200,-87,564.5,0,0,496.0,1,2010-11,15.0,101.1,101.2,101.2,106.5,107.3,107.3,-5.4,-6.1,-6.1,0.039,0.71,6.5,0.109,0.145,0.127,9.2,9.2,0.454,0.452,0.152,0.155,96.57,96.16,80.13,96.16,0.056,1383,1.8,4.0,Lou Amundson
101150,Lou,1610612755,PHI,24.0,75,39,36,0.52,1747.335,323,795,0.406,88,253,0.348,293,356,0.823,32,117,149,252,102,47,17,52,128,252,1027,93,1673.8,0,0,1644.0,1,2010-11,23.3,104.0,103.7,103.7,101.9,101.5,101.5,2.1,2.2,2.2,0.248,2.47,19.4,0.019,0.066,0.043,7.8,7.8,0.462,0.54,0.27,0.277,94.36,94.69,78.91,94.69,0.122,3455,4.3,10.6,Lou Williams
201601,Luc,1610612749,MIL,24.0,79,34,45,0.43,2093.0416666666665,198,428,0.463,0,7,0.0,133,188,0.707,169,251,420,68,77,72,28,38,180,149,529,-58,1358.0,8,0,1217.0,1,2010-11,26.5,98.2,99.6,99.6,98.8,99.7,99.7,-0.7,-0.2,-0.2,0.054,0.88,10.4,0.08,0.129,0.103,11.7,11.7,0.463,0.518,0.131,0.132,91.33,90.25,75.21,90.25,0.076,3910,2.5,5.4,Luc Mbah a Moute
2449,Luis,1610612745,HOU,31.0,74,38,36,0.514,2411.838333333333,569,1129,0.504,0,3,0.0,214,290,0.738,147,459,606,185,147,48,44,77,227,263,1352,229,2485.7,19,0,2327.0,1,2010-11,32.6,109.5,111.6,111.6,106.4,107.3,107.3,3.0,4.3,4.3,0.131,1.26,11.6,0.061,0.194,0.127,9.2,9.3,0.504,0.538,0.255,0.255,98.06,96.71,80.59,96.71,0.125,4868,7.7,15.3,Luis Scola
202337,Luke,1610612757,POR,22.0,24,11,13,0.458,137.29333333333332,15,55,0.273,3,16,0.188,3,9,0.333,6,24,30,6,8,2,2,2,15,8,36,-32,85.0,1,0,83.0,1,2010-11,5.7,90.7,88.0,88.0,102.1,98.3,98.3,-11.4,-10.3,-10.3,0.077,0.75,8.2,0.036,0.166,0.096,11.0,11.0,0.3,0.305,0.202,0.211,96.07,99.47,82.89,99.47,0.008,283,0.6,2.3,Luke Babbitt
202376,Luke,1610612739,CLE,23.0,49,29,20,0.592,640.6383333333333,79,206,0.383,16,66,0.242,19,26,0.731,40,103,143,30,16,15,17,14,80,26,193,-75,489.6,1,0,446.0,2,2010-11,13.1,99.5,98.6,98.6,103.3,104.2,104.2,-3.8,-5.6,-5.6,0.078,1.88,11.4,0.063,0.159,0.111,6.1,6.1,0.422,0.444,0.165,0.169,95.02,95.08,79.23,95.08,0.069,1267,1.6,4.2,Luke Harangody
2557,Luke,1610612750,MIN,30.0,71,13,58,0.183,2159.16,319,681,0.468,81,184,0.44,121,137,0.883,37,162,199,384,158,89,10,25,146,137,840,-246,1793.8,3,0,1702.0,1,2010-11,30.4,102.1,103.6,103.6,108.0,109.0,109.0,-5.9,-5.4,-5.4,0.274,2.43,30.1,0.017,0.074,0.045,12.4,12.3,0.528,0.567,0.174,0.177,99.36,98.2,81.84,98.2,0.104,4414,4.5,9.6,Luke Ridnour
2575,Luke,1610612747,LAL,31.0,54,39,15,0.722,484.3883333333333,38,116,0.328,8,34,0.235,7,10,0.7,9,58,67,62,31,9,4,5,38,18,91,34,272.4,0,0,254.0,1,2010-11,9.0,101.6,101.0,101.0,98.0,97.0,97.0,3.6,3.9,3.9,0.183,2.0,29.0,0.019,0.107,0.067,14.5,14.5,0.362,0.378,0.144,0.146,92.37,93.1,77.58,93.1,0.049,938,0.7,2.1,Luke Walton
2736,Luol,1610612741,CHI,26.0,82,62,20,0.756,3207.918333333333,531,1155,0.46,115,333,0.345,253,336,0.753,116,360,476,230,156,78,48,61,162,281,1430,523,2568.2,8,0,2503.0,1,2010-11,39.1,106.0,107.0,107.0,97.6,98.8,98.8,8.4,8.2,8.2,0.119,1.47,13.6,0.037,0.112,0.075,9.2,9.2,0.51,0.549,0.205,0.208,93.18,92.17,76.81,92.17,0.112,6169,6.5,14.1,Luol Deng
101129,Luther,1610612758,SAC,28.0,36,8,28,0.222,585.5816666666667,68,164,0.415,25,64,0.391,39,50,0.78,16,44,60,70,32,10,9,11,43,37,200,-107,402.0,0,0,393.0,1,2010-11,16.3,99.7,100.0,100.0,107.9,108.8,108.8,-8.2,-8.8,-8.8,0.194,2.19,24.6,0.027,0.079,0.053,11.3,11.1,0.491,0.538,0.161,0.167,94.86,94.31,78.59,94.31,0.083,1148,1.9,4.6,Luther Head
2124,Malik,1610612753,ORL,33.0,18,9,9,0.5,178.30166666666668,11,31,0.355,0,0,0.0,1,2,0.5,12,20,32,4,3,1,4,1,30,6,23,-56,79.4,0,0,69.0,1,2010-11,9.9,93.7,90.5,90.5,104.9,105.1,105.1,-11.2,-14.6,-14.6,0.036,1.33,10.3,0.061,0.116,0.086,7.7,7.7,0.355,0.361,0.087,0.09,92.87,94.36,78.63,94.36,0.004,348,0.6,1.7,Malik Allen
202412,Manny,1610612739,CLE,21.0,54,7,47,0.13,933.3466666666668,108,289,0.374,34,92,0.37,71,93,0.763,36,104,140,85,63,31,7,27,65,72,321,-237,667.5,1,0,656.0,1,2010-11,17.3,96.7,97.1,97.1,109.4,110.1,110.1,-12.6,-13.0,-13.0,0.153,1.35,17.7,0.037,0.117,0.075,13.2,13.2,0.433,0.486,0.186,0.189,95.39,94.88,79.07,94.88,0.073,1846,2.0,5.4,Manny Harris
1938,Manu,1610612759,SAS,33.0,80,61,19,0.763,2425.49,441,1018,0.433,154,441,0.349,357,410,0.871,42,253,295,393,174,123,28,49,163,385,1393,540,2615.5,0,0,2537.0,1,2010-11,30.3,112.2,111.8,111.8,100.7,100.7,100.7,11.6,11.0,11.0,0.249,2.26,22.5,0.019,0.103,0.063,9.9,9.9,0.509,0.581,0.248,0.256,96.38,96.55,80.46,96.55,0.138,4880,5.5,12.7,Manu Ginobili
201188,Marc,1610612763,MEM,26.0,81,46,35,0.568,2586.4566666666665,364,691,0.527,3,7,0.429,220,294,0.748,154,415,569,200,146,74,136,56,265,338,951,138,2417.8,14,0,2143.0,1,2010-11,31.9,104.4,106.4,106.4,102.7,103.9,103.9,1.7,2.6,2.6,0.117,1.37,17.2,0.063,0.172,0.117,12.6,12.5,0.529,0.58,0.168,0.171,93.45,92.0,76.67,92.0,0.112,4962,4.5,8.5,Marc Gasol
101162,Marcin,1610612756,PHX,27.0,80,43,37,0.538,2032.8916666666669,338,603,0.561,1,4,0.25,140,193,0.725,148,483,631,70,81,36,91,57,188,182,817,23,1979.2,24,0,1773.0,2,2010-11,25.4,105.2,105.7,105.7,103.7,105.2,105.2,1.4,0.5,0.5,0.057,0.86,8.3,0.076,0.239,0.158,9.6,9.7,0.561,0.594,0.173,0.175,94.34,93.46,77.88,93.46,0.132,3960,4.2,7.5,Marcin Gortat
201158,Marco,1610612740,NOH,25.0,80,44,36,0.55,1957.1616666666664,302,691,0.437,134,324,0.414,98,125,0.784,17,134,151,92,77,38,6,26,146,128,836,85,1210.2,0,0,1301.0,1,2010-11,24.5,106.0,106.7,106.7,104.5,105.0,105.0,1.5,1.6,1.6,0.077,1.19,10.1,0.009,0.077,0.043,8.4,8.4,0.534,0.56,0.195,0.199,91.28,90.78,75.65,90.78,0.072,3713,3.8,8.6,Marco Belinelli
2556,Marcus,1610612761,TOR,29.0,3,1,2,0.333,21.75,0,2,0.0,0,0,0.0,6,8,0.75,0,1,1,3,2,1,0,0,4,5,6,9,12.7,0,0,12.0,1,2010-11,7.3,111.3,108.7,108.7,94.2,89.1,89.1,17.1,19.6,19.6,0.188,1.5,27.3,0.0,0.048,0.026,18.2,19.0,0.0,0.543,0.148,0.145,97.59,101.52,84.6,101.52,0.014,46,0.0,0.7,Marcus Banks
948,Marcus,1610612757,POR,37.0,59,32,27,0.542,1540.375,117,294,0.398,0,1,0.0,43,70,0.614,182,424,606,121,62,40,92,8,140,86,277,29,1519.7,8,0,1268.0,1,2010-11,26.1,106.1,106.4,106.4,103.7,105.1,105.1,2.4,1.3,1.3,0.114,1.95,23.9,0.122,0.313,0.213,12.2,12.2,0.398,0.426,0.116,0.118,88.88,88.16,73.46,88.16,0.118,2825,2.0,5.0,Marcus Camby
202408,Marcus,1610612762,UTA,24.0,4,2,2,0.5,18.311666666666667,2,3,0.667,0,0,0.0,0,0,0.0,0,3,3,0,1,0,1,0,1,0,4,-17,9.6,0,0,9.0,1,2010-11,4.6,78.1,78.6,78.6,126.9,119.0,119.0,-48.9,-40.5,-40.5,0.0,0.0,0.0,0.0,0.0,0.0,25.0,25.0,0.667,0.667,0.089,0.092,107.05,110.09,91.74,110.09,0.062,42,0.5,0.8,Marcus Cousin
201977,Marcus,1610612758,SAC,24.0,73,37,36,0.507,1775.79,350,807,0.434,88,240,0.367,145,184,0.788,61,197,258,135,93,64,9,53,110,139,933,-119,1571.1,2,0,1560.0,2,2010-11,24.3,100.2,101.3,101.3,103.9,104.4,104.4,-3.6,-3.1,-3.1,0.133,1.45,12.1,0.034,0.115,0.074,8.3,8.3,0.488,0.525,0.241,0.245,96.13,95.38,79.48,95.38,0.113,3523,4.8,11.1,Marcus Thornton
201596,Mario,1610612748,MIA,25.0,70,52,18,0.743,1579.31,155,388,0.399,83,231,0.359,54,62,0.871,12,134,146,177,91,76,7,12,158,74,447,262,1045.7,0,0,1019.0,1,2010-11,22.6,108.4,108.8,108.8,99.6,100.5,100.5,8.8,8.4,8.4,0.172,1.95,26.1,0.008,0.083,0.048,13.4,13.3,0.506,0.538,0.146,0.15,93.11,92.53,77.11,92.53,0.071,3048,2.2,5.5,Mario Chalmers
201238,Mario,1610612751,NJN,27.0,6,1,5,0.167,115.95833333333331,9,21,0.429,1,4,0.25,3,5,0.6,2,9,11,10,2,7,0,2,13,8,22,-7,69.2,0,0,58.0,1,2010-11,19.3,106.1,105.8,105.8,106.1,105.7,105.7,0.0,0.2,0.2,0.123,5.0,28.6,0.017,0.101,0.053,5.7,5.7,0.452,0.474,0.098,0.101,93.47,93.76,78.13,93.76,0.05,223,1.5,3.5,Mario West
2605,Marquis,1610612738,BOS,30.0,49,37,12,0.755,938.305,114,232,0.491,4,21,0.19,39,57,0.684,24,89,113,64,38,39,22,18,63,61,271,1,647.6,0,0,574.0,1,2010-11,19.1,99.9,98.6,98.6,98.8,98.4,98.4,1.1,0.2,0.2,0.113,1.68,17.9,0.029,0.102,0.066,10.6,10.6,0.5,0.527,0.146,0.152,91.81,92.62,77.18,92.62,0.092,1809,2.3,4.7,Marquis Daniels
201578,Marreese,1610612755,PHI,23.0,64,33,31,0.516,733.5483333333333,144,291,0.495,1,4,0.25,55,73,0.753,64,146,210,30,40,8,19,17,120,71,344,54,682.0,0,0,639.0,1,2010-11,11.5,103.0,101.4,101.4,98.1,97.2,97.2,4.9,4.2,4.2,0.069,0.75,7.6,0.094,0.197,0.148,10.1,10.2,0.497,0.532,0.222,0.228,94.83,96.03,80.02,96.03,0.101,1464,2.3,4.5,Marreese Speights
101110,Martell,1610612750,MIN,24.0,46,7,39,0.152,1094.4666666666667,152,340,0.447,55,132,0.417,94,122,0.77,36,111,147,53,58,28,9,20,101,104,453,-251,761.9,0,0,782.0,1,2010-11,23.8,101.1,101.6,101.6,112.4,112.2,112.2,-11.4,-10.5,-10.5,0.079,0.91,10.5,0.031,0.108,0.068,11.5,11.5,0.528,0.575,0.177,0.179,97.85,97.69,81.41,97.69,0.078,2220,3.3,7.4,Martell Webster
101107,Marvin,1610612737,ATL,25.0,65,34,31,0.523,1864.55,246,537,0.458,37,110,0.336,147,174,0.845,68,245,313,88,62,34,23,31,104,127,676,-42,1292.6,3,0,1228.0,1,2010-11,28.7,103.7,104.0,104.0,104.9,104.7,104.7,-1.2,-0.7,-0.7,0.076,1.42,11.7,0.04,0.14,0.091,8.2,8.1,0.493,0.551,0.17,0.174,90.34,90.32,75.27,90.32,0.095,3500,3.8,8.3,Marvin Williams
2440,Matt,1610612747,LAL,31.0,53,36,17,0.679,1019.8583333333332,131,279,0.47,34,107,0.318,60,77,0.779,73,155,228,71,58,39,22,15,127,69,356,22,861.1,2,0,811.0,1,2010-11,19.2,103.4,103.9,103.9,102.2,102.4,102.4,1.2,1.5,1.5,0.112,1.22,16.1,0.072,0.144,0.109,13.2,13.1,0.53,0.569,0.162,0.165,93.84,93.52,77.93,93.52,0.097,1983,2.5,5.3,Matt Barnes
2588,Matt,1610612759,SAS,31.0,66,48,18,0.727,1431.7116666666666,172,371,0.464,105,230,0.457,32,43,0.744,60,179,239,60,27,26,21,7,110,41,481,256,971.8,1,0,979.0,1,2010-11,21.7,112.0,111.2,111.2,103.4,102.4,102.4,8.6,8.8,8.8,0.063,2.22,12.6,0.046,0.127,0.088,5.7,5.7,0.605,0.617,0.134,0.137,93.27,94.02,78.35,94.02,0.086,2809,2.6,5.6,Matt Bonner
2679,Matt,1610612766,CHA,30.0,54,24,30,0.444,581.9866666666667,89,199,0.447,17,46,0.37,40,52,0.769,12,56,68,23,23,17,6,15,43,45,235,-64,397.1,0,0,389.0,1,2010-11,10.8,100.0,98.3,98.3,106.3,105.1,105.1,-6.4,-6.8,-6.8,0.068,1.0,8.7,0.021,0.106,0.062,8.7,8.6,0.49,0.53,0.185,0.194,92.68,93.98,78.32,93.98,0.081,1146,1.6,3.7,Matt Carroll
200772,Maurice,1610612750,MIN,27.0,4,1,3,0.25,28.99833333333333,6,11,0.545,3,4,0.75,0,0,0.0,0,2,2,1,4,1,0,0,4,2,15,-6,17.9,0,0,23.0,1,2010-11,7.2,92.1,91.4,91.4,105.1,100.0,100.0,-12.9,-8.6,-8.6,0.063,0.25,6.3,0.0,0.08,0.033,25.0,25.0,0.682,0.682,0.208,0.216,94.09,96.83,80.69,96.83,0.074,58,1.5,2.8,Maurice Ager
2230,Maurice,1610612764,WAS,32.0,73,36,37,0.493,1548.915,177,424,0.417,55,167,0.329,52,58,0.897,52,104,156,45,33,34,14,30,129,53,461,-265,826.7,0,0,813.0,2,2010-11,21.2,98.5,98.3,98.3,106.4,106.4,106.4,-7.9,-8.2,-8.2,0.046,1.36,8.5,0.032,0.07,0.05,6.2,6.3,0.482,0.513,0.137,0.14,95.44,95.56,79.63,95.56,0.052,3077,2.4,5.8,Maurice Evans
2246,Mehmet,1610612762,UTA,32.0,13,5,8,0.385,168.43,22,62,0.355,5,16,0.313,15,20,0.75,9,21,30,19,7,4,4,3,18,12,64,-33,145.5,0,0,134.0,1,2010-11,13.0,104.6,104.9,104.9,117.5,113.5,113.5,-12.9,-8.7,-8.7,0.179,2.71,19.8,0.056,0.169,0.105,7.3,7.2,0.395,0.452,0.209,0.214,92.82,94.33,78.61,94.33,0.071,329,1.7,4.8,Mehmet Okur
2408,Melvin,1610612743,DEN,33.0,30,18,12,0.6,366.475,28,51,0.549,0,0,0.0,13,21,0.619,27,47,74,14,14,4,11,6,50,20,69,9,209.8,0,0,187.0,1,2010-11,12.2,110.5,110.3,110.3,108.3,108.6,108.6,2.2,1.7,1.7,0.052,1.0,15.7,0.078,0.131,0.105,15.7,15.9,0.549,0.573,0.091,0.092,96.95,96.86,80.71,96.86,0.044,738,0.9,1.7,Melvin Ely
1897,Metta,1610612747,LAL,31.0,82,57,25,0.695,2409.7533333333336,261,658,0.397,83,233,0.356,92,136,0.676,100,167,267,175,90,124,36,42,181,136,697,428,1669.9,0,0,1542.0,1,2010-11,29.4,110.0,111.1,111.1,101.1,102.0,102.0,8.9,9.1,9.1,0.103,1.94,17.7,0.043,0.069,0.056,9.1,9.2,0.46,0.485,0.15,0.151,93.56,92.66,77.22,92.66,0.061,4655,3.2,8.0,Metta World Peace
201563,Michael,1610612750,MIN,22.0,73,14,59,0.192,2361.458333333333,561,1246,0.45,60,164,0.366,219,291,0.753,118,291,409,158,195,54,52,81,222,222,1401,-279,2251.8,8,0,2240.0,1,2010-11,32.3,101.7,102.8,102.8,107.3,108.4,108.4,-5.6,-5.6,-5.6,0.118,0.81,9.2,0.048,0.122,0.085,11.3,11.3,0.474,0.51,0.279,0.284,99.63,98.61,82.18,98.61,0.094,4849,7.7,17.1,Michael Beasley
2072,Michael,1610612749,MIL,31.0,10,6,4,0.6,134.31833333333333,18,45,0.4,4,17,0.235,4,4,1.0,0,8,8,12,4,2,1,0,4,2,44,10,76.6,0,0,74.0,1,2010-11,13.4,108.0,108.1,108.1,103.2,104.6,104.6,4.8,3.4,3.4,0.132,3.0,19.0,0.0,0.063,0.031,6.3,6.4,0.444,0.47,0.173,0.176,93.41,92.73,77.28,92.73,0.067,260,1.8,4.5,Michael Redd
2554,Mickael,1610612756,PHX,29.0,57,33,24,0.579,1106.89,143,365,0.392,85,236,0.36,39,57,0.684,15,111,126,33,39,29,21,11,101,57,410,-24,721.7,0,0,754.0,2,2010-11,19.4,100.6,99.6,99.6,98.6,100.3,100.3,1.9,-0.7,-0.7,0.052,0.85,7.1,0.014,0.1,0.058,8.4,8.4,0.508,0.526,0.178,0.183,94.21,93.82,78.18,93.82,0.067,2159,2.5,6.4,Mickael Pietrus
1710,Mike,1610612748,MIA,33.0,80,49,31,0.613,2284.415,248,576,0.431,153,348,0.44,39,62,0.629,17,178,195,265,101,50,9,6,175,98,688,180,1395.5,0,0,1419.0,3,2010-11,28.6,107.6,108.5,108.5,104.3,105.3,105.3,3.3,3.2,3.2,0.173,2.62,27.4,0.008,0.082,0.046,10.4,10.4,0.563,0.57,0.144,0.146,91.3,90.52,75.43,90.52,0.072,4328,3.1,7.2,Mike Bibby
201144,Mike,1610612763,MEM,23.0,81,46,35,0.568,2871.7316666666666,423,953,0.444,80,217,0.369,181,247,0.733,32,215,247,528,176,144,18,71,182,230,1107,297,2505.4,7,0,2286.0,1,2010-11,35.5,107.3,109.2,109.2,102.4,103.8,103.8,4.9,5.4,5.4,0.273,3.0,29.8,0.012,0.079,0.045,9.9,10.0,0.486,0.521,0.194,0.195,94.45,92.94,77.45,92.94,0.108,5559,5.2,11.8,Mike Conley
2399,Mike,1610612754,IND,30.0,61,28,33,0.459,1682.7133333333334,240,520,0.462,102,254,0.402,100,125,0.8,28,248,276,105,69,40,30,13,107,110,682,85,1311.7,1,0,1305.0,1,2010-11,27.6,103.3,104.2,104.2,101.7,101.6,101.6,1.6,2.6,2.6,0.097,1.52,14.1,0.016,0.142,0.08,9.2,9.2,0.56,0.593,0.166,0.169,97.88,97.46,81.21,97.46,0.107,3414,3.9,8.5,Mike Dunleavy
200839,Mike,1610612745,HOU,28.0,4,3,1,0.75,15.683333333333334,3,6,0.5,0,0,0.0,2,4,0.5,2,3,5,1,1,0,1,2,2,3,8,18,17.5,0,0,16.0,1,2010-11,3.9,135.7,123.5,123.5,80.3,77.4,77.4,55.3,46.1,46.1,0.071,1.0,10.0,0.0,0.0,0.0,10.0,10.2,0.5,0.515,0.2,0.214,93.1,99.47,82.89,99.47,0.094,34,0.8,1.5,Mike Harris
2034,Mike,1610612748,MIA,31.0,41,27,14,0.659,837.645,81,202,0.401,43,118,0.364,23,34,0.676,38,146,184,51,41,20,2,10,88,36,228,-33,550.3,3,0,550.0,1,2010-11,20.4,105.4,104.5,104.5,106.9,107.1,107.1,-1.5,-2.5,-2.5,0.096,1.24,16.7,0.048,0.174,0.112,13.4,13.3,0.507,0.525,0.138,0.143,92.99,93.29,77.74,93.29,0.075,1632,2.0,4.9,Mike Miller
2590,Mo,1610612746,LAC,28.0,58,19,39,0.328,1788.545,291,730,0.399,79,244,0.324,151,177,0.853,21,132,153,380,171,53,10,27,150,139,812,-332,1583.6,12,0,1550.0,2,2010-11,30.8,99.1,100.7,100.7,108.9,110.5,110.5,-9.8,-9.8,-9.8,0.361,2.22,28.2,0.012,0.077,0.043,12.7,12.6,0.453,0.503,0.242,0.246,96.43,94.94,79.11,94.94,0.095,3544,5.0,12.6,Mo Williams
101145,Monta,1610612744,GSW,25.0,80,35,45,0.438,3226.673333333333,726,1611,0.451,137,379,0.361,340,431,0.789,44,237,281,450,252,168,23,59,203,381,1929,-233,3262.2,10,0,3179.0,1,2010-11,40.3,105.4,106.7,106.7,108.8,110.1,110.1,-3.4,-3.3,-3.3,0.234,1.79,18.0,0.014,0.076,0.044,10.1,10.1,0.493,0.536,0.278,0.281,97.46,96.31,80.26,96.31,0.115,6466,9.1,20.1,Monta Ellis
2050,Morris,1610612760,OKC,33.0,4,2,2,0.5,22.933333333333334,2,5,0.4,0,1,0.0,0,0,0.0,0,3,3,1,0,0,0,0,5,0,4,8,9.1,0,0,8.0,1,2010-11,5.7,104.1,102.1,102.1,88.9,87.2,87.2,15.2,14.8,14.8,0.053,0.0,16.7,0.0,0.0,0.0,0.0,0.0,0.4,0.4,0.093,0.096,97.53,99.42,82.85,99.42,0.0,48,0.5,1.3,Morris Peterson
201203,Mustafa,1610612764,WAS,26.0,22,5,17,0.227,159.11833333333334,21,59,0.356,1,10,0.1,8,15,0.533,7,15,22,25,18,5,3,2,15,10,51,-7,120.9,0,0,115.0,1,2010-11,7.2,99.5,97.2,97.2,100.7,99.4,99.4,-1.2,-2.2,-2.2,0.258,1.39,22.9,0.045,0.1,0.072,16.5,16.6,0.364,0.389,0.228,0.236,95.7,97.44,81.2,97.44,0.048,323,1.0,2.7,Mustafa Shakur
101126,Nate,1610612760,OKC,27.0,59,44,15,0.746,1013.2433333333332,150,376,0.399,65,200,0.325,36,44,0.818,15,75,90,111,68,29,4,8,115,70,401,37,706.5,1,0,733.0,2,2010-11,17.2,100.7,101.1,101.1,99.5,99.7,99.7,1.2,1.4,1.4,0.183,1.63,19.3,0.017,0.077,0.048,11.8,11.8,0.485,0.507,0.212,0.217,93.37,93.09,77.57,93.09,0.069,1970,2.5,6.4,Nate Robinson
1737,Nazr,1610612760,OKC,33.0,75,40,35,0.533,1279.6,234,448,0.522,0,1,0.0,67,112,0.598,140,228,368,23,70,30,56,48,184,100,535,12,1199.1,3,0,1098.0,2,2010-11,17.1,105.7,105.8,105.8,105.0,105.0,105.0,0.7,0.8,0.8,0.031,0.33,3.9,0.119,0.187,0.153,11.9,11.9,0.522,0.538,0.202,0.206,92.48,92.45,77.04,92.45,0.091,2461,3.1,6.0,Nazr Mohammed
2420,Nenad,1610612738,BOS,27.0,71,44,27,0.62,1571.0666666666666,231,452,0.511,0,0,0.0,113,146,0.774,124,211,335,27,56,26,25,35,184,119,575,38,1114.5,3,0,1039.0,2,2010-11,22.1,105.7,106.2,106.2,104.2,104.4,104.4,1.6,1.8,1.8,0.027,0.48,4.5,0.087,0.143,0.115,9.3,9.3,0.511,0.557,0.168,0.169,94.78,94.48,78.74,94.48,0.074,3084,3.3,6.4,Nenad Krstic
2403,ene,1610612743,DEN,28.0,75,46,29,0.613,2290.7966666666666,402,654,0.615,1,5,0.2,286,402,0.711,145,426,571,149,134,84,73,56,238,330,1091,320,2336.7,14,0,2126.0,1,2010-11,30.5,110.2,112.0,112.0,103.2,104.5,104.5,7.1,7.4,7.4,0.104,1.11,13.5,0.07,0.183,0.13,12.1,12.0,0.615,0.657,0.189,0.192,96.89,95.53,79.61,95.53,0.132,4550,5.4,8.7,Nene
2555,Nick,1610612760,OKC,30.0,71,48,23,0.676,1523.73,137,242,0.566,0,0,0.0,55,73,0.753,119,197,316,69,55,42,31,25,210,118,329,309,975.7,1,0,860.0,1,2010-11,21.5,111.1,111.5,111.5,100.6,100.8,100.8,10.5,10.7,10.7,0.068,1.25,17.4,0.084,0.13,0.108,13.9,13.8,0.566,0.6,0.097,0.099,93.21,92.91,77.43,92.91,0.067,2947,1.9,3.4,Nick Collison
201156,Nick,1610612764,WAS,26.0,64,14,50,0.219,2033.77,412,935,0.441,105,271,0.387,186,228,0.816,26,148,174,75,90,45,17,30,144,170,1115,-279,1532.3,0,0,1593.0,1,2010-11,31.8,99.6,100.7,100.7,107.6,107.9,107.9,-8.0,-7.2,-7.2,0.066,0.83,6.3,0.013,0.076,0.043,7.5,7.5,0.497,0.538,0.24,0.245,96.68,96.01,80.01,96.01,0.089,4075,6.4,14.6,Nick Young
201587,Nicolas,1610612757,POR,22.0,80,47,33,0.588,2521.846666666667,367,807,0.455,118,342,0.345,138,164,0.841,109,252,361,123,83,68,49,41,194,188,990,49,1875.7,6,0,1826.0,1,2010-11,31.5,106.4,107.0,107.0,105.8,106.4,106.4,0.6,0.6,0.6,0.08,1.48,11.4,0.045,0.114,0.078,7.7,7.6,0.528,0.563,0.174,0.177,90.86,90.34,75.29,90.34,0.093,4756,4.6,10.1,Nicolas Batum
201593,Nikola,1610612750,MIN,25.0,65,15,50,0.231,887.4083333333333,136,263,0.517,0,0,0.0,87,114,0.763,90,103,193,27,91,18,35,34,181,107,359,-215,699.1,1,0,685.0,1,2010-11,13.7,96.0,97.0,97.0,108.8,107.8,107.8,-12.8,-10.8,-10.8,0.052,0.3,6.2,0.095,0.121,0.108,20.9,21.1,0.517,0.573,0.193,0.195,98.65,98.55,82.13,98.55,0.049,1813,2.1,4.0,Nikola Pekovic
201564,O.J.,1610612763,MEM,23.0,71,37,34,0.521,1869.36,304,747,0.407,96,264,0.364,99,131,0.756,35,135,170,145,99,73,26,43,127,101,803,121,1422.5,0,0,1412.0,1,2010-11,26.3,106.1,107.7,107.7,104.7,105.1,105.1,1.5,2.6,2.6,0.116,1.46,14.0,0.019,0.076,0.047,9.5,9.4,0.471,0.499,0.208,0.213,96.04,95.13,79.28,95.13,0.076,3716,4.3,10.5,O.J. Mayo
201600,Omer,1610612741,CHI,24.0,82,62,20,0.756,989.4483333333334,78,141,0.553,0,0,0.0,73,145,0.503,112,194,306,32,64,20,56,26,153,116,229,234,808.2,1,0,719.0,1,2010-11,12.1,104.8,103.2,103.2,90.8,90.2,90.2,14.0,13.1,13.1,0.049,0.5,10.5,0.118,0.196,0.158,21.0,21.3,0.553,0.559,0.123,0.125,92.1,93.14,77.62,93.14,0.076,1911,1.0,1.7,Omer Asik
201956,Omri,1610612758,SAC,23.0,71,17,54,0.239,1702.18,225,546,0.412,92,247,0.372,68,101,0.673,74,233,307,74,68,54,13,20,115,93,610,-137,1222.4,4,0,1217.0,1,2010-11,24.0,102.6,103.9,103.9,107.5,108.5,108.5,-5.0,-4.6,-4.6,0.063,1.09,10.1,0.042,0.144,0.091,9.3,9.3,0.496,0.517,0.163,0.165,99.26,98.19,81.82,98.19,0.082,3493,3.2,7.7,Omri Casspi
101158,Orien,1610612751,NJN,29.0,3,0,3,0.0,5.3,1,2,0.5,0,0,0.0,1,2,0.5,0,0,0,1,0,1,0,1,0,1,3,5,7.5,0,0,6.0,1,2010-11,1.8,126.3,136.4,136.4,102.5,90.9,90.9,23.8,45.5,45.5,0.167,0.0,25.0,0.0,0.0,0.0,0.0,0.0,0.5,0.521,0.176,0.181,97.99,99.62,83.02,99.62,0.176,11,0.3,0.7,Orien Greene
201785,Othyus,1610612764,WAS,25.0,17,8,9,0.471,322.405,31,65,0.477,1,4,0.25,30,46,0.652,25,42,67,20,14,17,0,11,32,38,93,17,240.4,1,0,215.0,2,2010-11,19.0,110.1,108.3,108.3,104.0,104.4,104.4,6.1,3.9,3.9,0.088,1.43,16.5,0.078,0.132,0.105,11.6,11.7,0.485,0.546,0.131,0.133,97.19,97.81,81.51,97.81,0.082,653,1.8,3.8,Othyus Jeffers
202377,Pape,1610612737,ATL,23.0,3,0,3,0.0,20.98333333333333,2,6,0.333,0,1,0.0,3,3,1.0,2,1,3,2,3,1,0,2,1,3,7,-7,13.6,0,0,14.0,1,2010-11,7.0,85.4,88.4,88.4,111.1,102.3,102.3,-25.6,-13.9,-13.9,0.222,0.67,16.7,0.087,0.0,0.0,25.0,24.4,0.333,0.478,0.204,0.217,97.22,99.51,82.92,99.51,0.058,43,0.7,2.0,Pape Sy
201607,Patrick,1610612740,NOH,27.0,7,3,4,0.429,19.15333333333333,0,5,0.0,0,2,0.0,3,4,0.75,1,1,2,2,1,0,1,1,1,2,3,-4,10.4,0,0,9.0,1,2010-11,2.7,91.0,91.7,91.7,109.3,100.0,100.0,-18.4,-8.3,-8.3,0.167,2.0,20.0,0.05,0.0,0.0,10.0,10.2,0.0,0.222,0.19,0.193,87.86,91.47,76.23,91.47,-0.018,36,0.0,0.7,Patrick Ewing
202335,Patrick,1610612745,HOU,22.0,52,29,23,0.558,867.5366666666666,149,267,0.558,0,2,0.0,30,42,0.714,86,114,200,41,31,17,37,10,77,38,328,8,760.5,4,0,677.0,1,2010-11,16.7,105.8,106.1,106.1,104.5,105.8,105.8,1.3,0.3,0.3,0.078,1.32,11.5,0.097,0.129,0.113,8.7,8.7,0.558,0.574,0.16,0.163,94.81,94.09,78.41,94.09,0.108,1702,2.9,5.1,Patrick Patterson
201988,Patty,1610612757,POR,22.0,64,40,24,0.625,782.705,135,328,0.412,47,133,0.353,36,47,0.766,19,32,51,109,62,27,1,18,63,72,353,-98,599.7,0,0,616.0,1,2010-11,12.2,99.1,97.3,97.3,106.6,105.0,105.0,-7.5,-7.6,-7.6,0.261,1.76,21.0,0.023,0.046,0.034,11.9,11.9,0.483,0.506,0.231,0.24,92.43,93.98,78.32,93.98,0.085,1542,2.1,5.1,Patty Mills
2200,Pau,1610612747,LAL,30.0,82,57,25,0.695,3037.083333333333,593,1120,0.529,1,3,0.333,354,430,0.823,268,568,836,273,142,48,130,85,203,363,1541,534,3345.7,43,1,3007.0,1,2010-11,37.0,109.8,110.8,110.8,101.3,102.1,102.1,8.6,8.6,8.6,0.148,1.92,15.8,0.091,0.183,0.138,8.2,8.2,0.53,0.589,0.214,0.217,93.28,92.48,77.07,92.48,0.159,5865,7.2,13.7,Pau Gasol
202331,Paul,1610612754,IND,21.0,61,29,32,0.475,1264.805,179,395,0.453,41,138,0.297,77,101,0.762,37,187,224,65,70,62,26,29,127,75,476,-8,1036.3,0,0,982.0,1,2010-11,20.7,103.9,104.2,104.2,104.0,104.1,104.1,-0.1,0.0,0.0,0.082,0.93,11.3,0.029,0.145,0.087,12.2,12.2,0.505,0.542,0.172,0.175,97.99,97.76,81.47,97.76,0.093,2572,2.9,6.5,Paul George
200794,Paul,1610612762,UTA,26.0,76,36,40,0.474,2604.9483333333333,525,988,0.531,9,23,0.391,256,338,0.757,164,415,579,187,145,103,69,68,272,266,1315,16,2661.3,19,0,2434.0,1,2010-11,34.3,106.6,108.3,108.3,107.0,107.4,107.4,-0.4,0.9,0.9,0.121,1.29,12.8,0.067,0.166,0.118,9.9,9.9,0.536,0.578,0.223,0.225,94.0,93.06,77.55,93.06,0.129,5037,6.9,13.0,Paul Millsap
1718,Paul,1610612738,BOS,33.0,80,55,25,0.688,2774.0616666666665,507,1021,0.497,111,297,0.374,386,449,0.86,34,396,430,260,171,80,51,50,231,352,1511,594,2639.0,7,1,2574.0,1,2010-11,34.7,108.0,109.3,109.3,96.7,97.8,97.8,11.4,11.4,11.4,0.152,1.52,15.8,0.015,0.144,0.084,10.4,10.4,0.551,0.62,0.236,0.239,93.13,92.05,76.71,92.05,0.141,5313,6.3,12.8,Paul Pierce
978,Peja,1610612742,DAL,34.0,33,25,8,0.758,616.5766666666667,100,227,0.441,57,136,0.419,23,25,0.92,14,61,75,29,17,13,2,6,24,17,280,124,441.5,0,0,471.0,3,2010-11,18.7,110.9,110.9,110.9,101.4,102.1,102.1,9.4,8.9,8.9,0.069,1.71,10.2,0.025,0.101,0.065,6.0,6.0,0.566,0.588,0.186,0.189,95.77,95.44,79.54,95.44,0.098,1233,3.0,6.9,Peja Stojakovic
200817,Pooh,1610612758,SAC,27.0,62,16,46,0.258,858.0866666666667,106,259,0.409,6,30,0.2,37,41,0.902,9,61,70,162,51,29,2,11,54,49,255,-88,624.0,0,0,555.0,1,2010-11,13.8,99.3,99.4,99.4,105.2,105.5,105.5,-5.9,-6.1,-6.1,0.281,3.18,33.2,0.01,0.071,0.039,10.5,10.4,0.421,0.46,0.155,0.16,101.02,100.86,84.05,100.86,0.086,1814,1.7,4.2,Pooh Jeter
200822,Pops,1610612740,NOH,27.0,7,6,1,0.857,35.14,1,3,0.333,0,0,0.0,0,0,0.0,3,8,11,2,2,0,0,0,11,0,2,-16,16.2,0,0,15.0,1,2010-11,5.0,91.4,87.0,87.0,109.8,105.6,105.6,-18.4,-18.6,-18.6,0.08,1.0,28.6,0.0,0.276,0.0,28.6,28.6,0.333,0.333,0.064,0.068,92.09,96.3,80.25,96.3,-0.015,69,0.1,0.4,Pops Mensah-Bonsu
2047,Quentin,1610612753,ORL,31.0,57,37,20,0.649,955.37,87,255,0.341,42,146,0.288,33,44,0.75,39,139,178,38,33,25,5,14,74,54,249,67,576.6,0,0,567.0,1,2010-11,16.8,102.2,103.5,103.5,99.9,100.3,100.3,2.2,3.1,3.1,0.064,1.15,11.0,0.042,0.152,0.096,9.5,9.6,0.424,0.454,0.145,0.146,93.39,92.62,77.18,92.62,0.065,1848,1.5,4.5,Quentin Richardson
202347,Quincy,1610612740,NOH,23.0,66,35,31,0.53,733.5716666666667,73,180,0.406,18,50,0.36,24,34,0.706,23,65,88,28,16,17,10,12,63,28,188,-70,400.6,0,0,376.0,1,2010-11,11.1,98.2,97.3,97.3,102.4,102.9,102.9,-4.2,-5.6,-5.6,0.064,1.75,11.7,0.033,0.091,0.062,6.7,6.7,0.456,0.482,0.136,0.14,89.05,89.25,74.38,89.25,0.054,1367,1.1,2.7,Quincy Pondexter
2624,Quinton,1610612751,NJN,30.0,36,7,29,0.194,353.25,26,59,0.441,0,3,0.0,5,14,0.357,10,20,30,10,7,3,6,2,40,17,57,16,128.0,0,0,115.0,1,2010-11,9.8,98.4,96.8,96.8,92.8,91.3,91.3,5.6,5.4,5.4,0.045,1.43,12.2,0.029,0.055,0.042,8.5,8.5,0.441,0.437,0.092,0.095,92.45,93.96,78.3,93.96,0.01,680,0.7,1.6,Quinton Ross
1952,Raja,1610612762,UTA,34.0,68,34,34,0.5,2097.13,191,467,0.409,68,193,0.352,91,102,0.892,31,145,176,118,63,56,14,19,169,127,541,-213,1076.2,0,0,1043.0,1,2010-11,30.8,104.0,105.6,105.6,109.4,110.7,110.7,-5.4,-5.1,-5.1,0.083,1.87,17.0,0.015,0.072,0.044,9.1,9.1,0.482,0.528,0.125,0.125,94.45,93.2,77.67,93.2,0.049,4069,2.8,6.9,Raja Bell
200765,Rajon,1610612738,BOS,25.0,68,47,21,0.691,2526.7816666666668,318,670,0.475,10,43,0.233,75,132,0.568,87,210,297,760,234,153,11,51,120,157,721,439,2475.4,31,3,2116.0,1,2010-11,37.2,107.6,108.6,108.6,98.6,99.8,99.8,9.0,8.9,8.9,0.448,3.25,44.2,0.041,0.086,0.065,13.6,13.6,0.482,0.495,0.179,0.181,93.15,92.18,76.82,92.18,0.131,4857,4.7,9.9,Rajon Rondo
201196,Ramon,1610612739,CLE,25.0,81,19,62,0.235,2132.701666666667,362,776,0.466,3,15,0.2,348,423,0.823,46,209,255,419,178,60,8,62,93,315,1075,-497,2035.5,7,0,1888.0,1,2010-11,26.3,100.6,101.3,101.3,112.0,112.8,112.8,-11.4,-11.5,-11.5,0.351,2.35,26.8,0.021,0.1,0.06,11.4,11.4,0.468,0.559,0.237,0.241,96.22,95.52,79.6,95.52,0.135,4239,4.5,9.6,Ramon Sessions
200751,Randy,1610612746,LAC,27.0,63,28,35,0.444,1551.2983333333334,206,531,0.388,71,217,0.327,133,149,0.893,13,90,103,170,95,47,21,25,122,99,616,-196,1103.6,0,0,1096.0,1,2010-11,24.6,101.5,102.8,102.8,108.2,108.9,108.9,-6.8,-6.1,-6.1,0.18,1.79,19.9,0.009,0.059,0.034,11.1,11.0,0.455,0.516,0.195,0.201,95.75,94.85,79.04,94.85,0.073,3061,3.3,8.4,Randy Foye
1740,Rashard,1610612764,WAS,31.0,57,24,33,0.421,1824.505,252,582,0.433,87,244,0.357,77,96,0.802,71,219,290,92,87,52,30,16,159,100,668,-67,1313.0,6,0,1301.0,2,2010-11,32.0,101.9,102.6,102.6,103.4,104.3,104.3,-1.5,-1.6,-1.6,0.082,1.06,11.5,0.039,0.122,0.08,10.8,10.8,0.508,0.535,0.176,0.178,94.8,94.05,78.38,94.05,0.081,3571,4.4,10.2,Rashard Lewis
2446,Rasual,1610612741,CHI,32.0,47,17,30,0.362,769.785,79,237,0.333,46,136,0.338,18,27,0.667,10,67,77,27,24,8,15,9,37,14,222,-88,399.9,0,0,418.0,2,2010-11,16.4,94.4,95.0,95.0,102.0,101.9,101.9,-7.6,-6.9,-6.9,0.059,1.13,9.1,0.013,0.088,0.05,8.1,8.0,0.43,0.446,0.154,0.159,95.58,95.28,79.4,95.28,0.048,1537,1.7,5.0,Rasual Butler
951,Ray,1610612738,BOS,35.0,80,55,25,0.688,2890.0066666666667,480,978,0.491,168,378,0.444,193,219,0.881,51,223,274,219,117,77,16,35,147,153,1321,455,2140.3,0,0,2168.0,1,2010-11,36.1,106.7,108.0,108.0,98.5,99.7,99.7,8.1,8.2,8.2,0.122,1.87,15.8,0.021,0.08,0.052,8.5,8.3,0.577,0.615,0.192,0.198,92.54,91.42,76.19,91.42,0.112,5506,6.0,12.2,Ray Allen
101109,Raymond,1610612743,DEN,27.0,75,44,31,0.587,2737.295,427,1005,0.425,116,329,0.353,194,241,0.805,48,221,269,625,221,125,11,39,150,206,1164,133,2611.3,27,1,2446.0,2,2010-11,36.5,109.0,109.5,109.5,106.1,107.3,107.3,2.9,2.2,2.2,0.347,2.83,32.2,0.018,0.081,0.05,11.4,11.3,0.483,0.524,0.21,0.215,98.7,97.89,81.58,97.89,0.115,5587,5.7,13.4,Raymond Felton
2501,Reggie,1610612761,TOR,31.0,30,11,19,0.367,798.13,42,103,0.408,0,1,0.0,48,88,0.545,119,226,345,38,39,29,6,21,89,96,132,-176,669.0,2,0,585.0,1,2010-11,26.6,100.8,101.7,101.7,111.8,112.3,112.3,-11.0,-10.7,-10.7,0.07,0.97,17.3,0.15,0.302,0.224,17.7,17.8,0.408,0.466,0.1,0.102,93.82,93.22,77.68,93.22,0.099,1545,1.4,3.4,Reggie Evans
202130,Reggie,1610612744,GSW,24.0,80,36,44,0.45,1626.2683333333334,268,572,0.469,102,241,0.423,100,134,0.746,45,171,216,121,57,28,3,22,124,116,738,-65,1214.7,0,0,1239.0,1,2010-11,20.3,105.7,105.0,105.0,107.4,107.3,107.3,-1.7,-2.4,-2.4,0.118,2.12,15.0,0.027,0.104,0.066,7.1,7.0,0.558,0.585,0.184,0.189,96.0,96.4,80.33,96.4,0.099,3272,3.4,7.2,Reggie Williams
200764,Renaldo,1610612752,NYK,26.0,8,6,2,0.75,62.655,6,13,0.462,1,2,0.5,3,4,0.75,2,5,7,2,1,4,2,2,15,3,16,3,44.4,0,0,38.0,2,2010-11,7.8,106.5,105.2,105.2,106.1,102.2,102.2,0.4,3.0,3.0,0.047,2.0,11.1,0.029,0.078,0.053,5.6,5.6,0.5,0.542,0.104,0.106,101.28,103.81,86.51,103.81,0.022,135,0.8,1.6,Renaldo Balkman
1888,Richard,1610612765,DET,33.0,55,19,36,0.345,1498.0383333333334,288,671,0.429,55,144,0.382,146,172,0.849,24,102,126,171,88,39,4,21,95,118,777,-145,1225.7,0,0,1215.0,1,2010-11,27.2,104.4,105.4,105.4,109.7,110.3,110.3,-5.3,-4.9,-4.9,0.199,1.94,17.1,0.017,0.076,0.045,8.8,8.8,0.47,0.52,0.255,0.26,91.66,90.97,75.81,90.97,0.096,2836,5.2,12.2,Richard Hamilton
2210,Richard,1610612759,SAS,31.0,81,60,21,0.741,2458.528333333333,304,642,0.474,135,307,0.44,148,195,0.759,54,256,310,107,93,38,34,27,164,160,891,291,1546.5,1,0,1587.0,1,2010-11,30.4,108.8,109.3,109.3,102.5,103.0,103.0,6.4,6.3,6.3,0.064,1.15,11.5,0.024,0.105,0.066,10.0,10.0,0.579,0.612,0.152,0.154,94.39,93.98,78.32,93.98,0.079,4808,3.8,7.9,Richard Jefferson
201577,Robin,1610612756,PHX,23.0,67,33,34,0.493,991.125,179,357,0.501,0,0,0.0,74,100,0.74,82,134,216,8,48,18,45,42,143,96,432,-46,844.2,2,0,782.0,1,2010-11,14.8,105.8,106.9,106.9,107.7,108.7,108.7,-2.0,-1.8,-1.8,0.012,0.17,1.8,0.084,0.134,0.11,10.5,10.5,0.501,0.539,0.198,0.201,98.68,97.76,81.46,97.76,0.068,2014,2.7,5.3,Robin Lopez
200760,Rodney,1610612763,MEM,27.0,27,13,14,0.481,335.30833333333334,46,110,0.418,17,38,0.447,18,27,0.667,13,35,48,11,16,12,5,4,33,19,127,-83,236.1,0,0,237.0,2,2010-11,12.4,98.2,98.5,98.5,109.3,110.2,110.2,-11.2,-11.7,-11.7,0.054,0.69,7.4,0.036,0.11,0.071,10.8,10.7,0.495,0.521,0.176,0.179,98.7,98.13,81.78,98.13,0.061,684,1.7,4.1,Rodney Carney
201155,Rodney,1610612765,DET,25.0,70,25,45,0.357,2183.4416666666666,363,827,0.439,26,90,0.289,330,381,0.866,70,146,216,361,155,76,10,74,177,269,1082,-81,1985.7,7,0,1857.0,1,2010-11,31.2,106.9,108.7,108.7,109.4,110.6,110.6,-2.6,-1.9,-1.9,0.27,2.33,24.1,0.033,0.075,0.053,10.3,10.3,0.455,0.544,0.238,0.243,91.76,90.5,75.41,90.5,0.112,4116,5.2,11.8,Rodney Stuckey
201958,Rodrigue,1610612742,DAL,23.0,28,19,9,0.679,495.6716666666667,94,223,0.422,25,83,0.301,23,30,0.767,7,45,52,64,47,20,8,16,76,36,236,-17,431.4,0,0,433.0,1,2010-11,17.7,100.4,98.9,98.9,100.3,99.6,99.6,0.2,-0.7,-0.7,0.213,1.36,18.4,0.014,0.093,0.054,13.5,13.5,0.478,0.5,0.25,0.256,97.2,98.29,81.91,98.29,0.064,1010,3.4,8.0,Rodrigue Beaubois
2427,Roger,1610612752,NYK,30.0,26,10,16,0.385,319.0133333333333,26,77,0.338,16,44,0.364,7,10,0.7,5,38,43,20,6,6,2,2,25,7,75,-56,174.6,0,0,170.0,1,2010-11,12.3,97.8,98.6,98.6,107.6,107.5,107.5,-9.8,-9.0,-9.0,0.099,3.33,19.0,0.015,0.125,0.068,5.7,5.6,0.442,0.461,0.118,0.124,96.13,95.77,79.81,95.77,0.055,637,1.0,3.0,Roger Mason Jr.
2648,Ronald,1610612761,TOR,30.0,3,0,3,0.0,12.751666666666669,1,4,0.25,0,1,0.0,0,0,0.0,0,3,3,1,0,0,0,1,2,0,2,-5,7.1,0,0,6.0,1,2010-11,4.3,79.8,84.0,84.0,100.2,96.3,96.3,-20.4,-12.3,-12.3,0.125,0.0,20.0,0.0,0.0,0.0,0.0,0.0,0.25,0.25,0.143,0.141,98.4,97.87,81.56,97.87,0.032,25,0.3,1.3,Ronald Dupree
200758,Ronnie,1610612741,CHI,26.0,81,61,20,0.753,1781.44,205,427,0.48,6,27,0.222,87,133,0.654,55,207,262,140,55,106,22,25,82,110,503,240,1356.4,0,0,1167.0,1,2010-11,22.0,102.6,101.8,101.8,92.8,93.9,93.9,9.7,7.9,7.9,0.126,2.55,20.6,0.032,0.113,0.073,8.1,8.1,0.487,0.518,0.137,0.14,92.78,92.55,77.13,92.55,0.112,3419,2.5,5.3,Ronnie Brewer
101179,Ronnie,1610612762,UTA,28.0,59,31,28,0.525,716.8016666666666,74,210,0.352,20,69,0.29,29,39,0.744,22,39,61,56,55,42,5,13,106,60,197,10,440.2,0,0,428.0,1,2010-11,12.1,100.7,102.3,102.3,100.9,100.5,100.5,-0.2,1.8,1.8,0.123,1.02,16.5,0.032,0.06,0.046,16.2,16.3,0.4,0.434,0.18,0.184,91.5,90.94,75.78,90.94,0.02,1351,1.3,3.6,Ronnie Price
101142,Ronny,1610612752,NYK,28.0,64,32,32,0.5,1140.6933333333334,103,163,0.632,0,0,0.0,61,98,0.622,64,143,207,92,41,35,73,16,160,87,267,-11,936.4,2,0,782.0,1,2010-11,17.8,103.6,103.8,103.8,102.7,103.2,103.2,1.0,0.6,0.6,0.122,2.24,27.2,0.054,0.124,0.088,12.1,12.1,0.632,0.648,0.094,0.096,97.89,97.54,81.28,97.54,0.079,2306,1.6,2.5,Ronny Turiaf
201579,Roy,1610612754,IND,24.0,81,37,44,0.457,2244.0216666666665,410,890,0.461,0,4,0.0,205,275,0.745,182,428,610,166,185,33,142,75,256,285,1025,-29,2346.0,21,0,2151.0,1,2010-11,27.7,102.4,103.9,103.9,104.0,104.4,104.4,-1.6,-0.4,-0.4,0.123,0.9,12.2,0.084,0.185,0.136,13.6,13.6,0.461,0.507,0.234,0.237,97.58,96.68,80.57,96.68,0.106,4515,5.1,11.0,Roy Hibbert
2767,Royal,1610612760,OKC,29.0,25,20,5,0.8,154.70833333333334,16,38,0.421,7,16,0.438,2,2,1.0,2,14,16,7,5,6,1,1,17,5,41,-33,86.7,0,0,85.0,1,2010-11,6.2,97.5,94.5,94.5,106.1,102.8,102.8,-8.6,-8.3,-8.3,0.077,1.4,14.0,0.012,0.087,0.049,10.0,9.8,0.513,0.527,0.121,0.13,93.97,96.96,80.8,96.96,0.054,309,0.6,1.5,Royal Ivey
201164,Rudy,1610612757,POR,26.0,78,46,32,0.59,1820.7316666666663,213,575,0.37,116,361,0.321,126,146,0.863,37,135,172,193,88,87,14,15,134,141,668,92,1378.9,0,0,1351.0,1,2010-11,23.3,105.0,104.7,104.7,103.3,103.2,103.2,1.7,1.5,1.5,0.171,2.19,21.2,0.021,0.083,0.051,9.7,9.6,0.471,0.522,0.179,0.186,91.34,91.45,76.21,91.45,0.089,3488,2.7,7.4,Rudy Fernandez
200752,Rudy,1610612763,MEM,24.0,54,30,24,0.556,2151.7633333333333,409,869,0.471,57,144,0.396,194,241,0.805,82,254,336,153,135,91,58,42,131,166,1069,137,2013.7,4,0,1913.0,1,2010-11,39.8,104.1,106.4,106.4,101.9,103.1,103.1,2.2,3.3,3.3,0.116,1.13,12.1,0.039,0.124,0.081,10.7,10.7,0.503,0.548,0.23,0.232,94.73,93.13,77.61,93.13,0.122,4175,7.6,16.1,Rudy Gay
201566,Russell,1610612760,OKC,22.0,82,55,27,0.671,2847.38,614,1390,0.442,34,103,0.33,531,631,0.842,121,258,379,670,316,155,30,103,207,430,1793,113,3491.8,31,3,3246.0,1,2010-11,34.7,108.1,108.9,108.9,105.2,106.8,106.8,2.9,2.1,2.1,0.422,2.12,25.1,0.045,0.091,0.068,11.9,11.9,0.454,0.538,0.311,0.312,96.35,95.29,79.41,95.29,0.154,5650,7.5,17.0,Russell Westbrook
201583,Ryan,1610612753,ORL,23.0,64,43,21,0.672,1424.368333333333,226,525,0.43,134,341,0.393,95,117,0.812,129,226,355,52,49,30,38,25,137,94,681,278,1340.0,6,0,1358.0,1,2010-11,22.3,108.1,109.1,109.1,98.9,99.5,99.5,9.2,9.6,9.6,0.061,1.06,7.7,0.091,0.161,0.126,7.2,7.2,0.558,0.591,0.195,0.198,94.14,93.45,77.87,93.45,0.126,2778,3.5,8.2,Ryan Anderson
101155,Ryan,1610612746,LAC,28.0,76,29,47,0.382,2095.1866666666665,207,505,0.41,72,211,0.341,61,85,0.718,61,193,254,118,55,62,12,11,159,62,547,-114,1195.8,1,0,1139.0,1,2010-11,27.6,104.2,105.9,105.9,108.0,108.8,108.8,-3.9,-2.9,-2.9,0.084,2.15,16.5,0.03,0.096,0.063,7.7,7.7,0.481,0.504,0.126,0.127,95.45,94.3,78.58,94.3,0.058,4118,2.7,6.6,Ryan Gomes
200797,Ryan,1610612739,CLE,26.0,70,17,53,0.243,1181.5816666666667,131,219,0.598,0,0,0.0,111,163,0.681,70,116,186,26,67,22,42,31,199,162,373,-129,760.2,0,0,713.0,1,2010-11,16.9,101.7,102.5,102.5,107.3,107.2,107.2,-5.6,-4.7,-4.7,0.035,0.39,6.8,0.062,0.101,0.082,17.4,17.5,0.598,0.642,0.139,0.141,94.17,93.86,78.22,93.86,0.047,2301,1.9,3.1,Ryan Hollins
201970,Sam,1610612763,MEM,26.0,78,44,34,0.564,1577.0566666666666,233,494,0.472,17,50,0.34,89,116,0.767,40,147,187,71,61,68,23,55,120,94,572,76,1114.9,0,0,1029.0,1,2010-11,20.2,104.4,105.0,105.0,102.6,103.2,103.2,1.8,1.9,1.9,0.069,1.16,10.5,0.027,0.097,0.062,9.0,9.0,0.489,0.525,0.17,0.174,94.4,93.87,78.22,93.87,0.08,3093,3.0,6.3,Sam Young
202396,Samardo,1610612739,CLE,22.0,37,4,33,0.108,701.4166666666666,110,241,0.456,0,3,0.0,68,110,0.618,75,83,158,17,53,15,18,34,88,103,288,-141,549.1,2,0,529.0,1,2010-11,19.0,97.8,98.8,98.8,108.7,108.2,108.2,-10.9,-9.4,-9.4,0.043,0.32,4.7,0.102,0.129,0.115,14.8,14.7,0.456,0.498,0.211,0.214,95.75,95.46,79.55,95.46,0.058,1390,3.0,6.5,Samardo Samuels
2223,Samuel,1610612758,SAC,31.0,80,22,58,0.275,1937.4616666666664,268,567,0.473,0,2,0.0,108,148,0.73,212,445,657,67,132,36,116,34,225,130,644,-252,1856.9,16,0,1672.0,1,2010-11,24.2,101.1,101.3,101.3,105.1,106.6,106.6,-4.0,-5.2,-5.2,0.054,0.51,8.0,0.109,0.232,0.17,15.8,15.9,0.473,0.509,0.171,0.174,96.94,96.16,80.14,96.16,0.1,3858,3.4,7.1,Samuel Dalembert
2562,Sasha,1610612738,BOS,27.0,31,13,18,0.419,362.015,29,72,0.403,12,31,0.387,6,10,0.6,1,31,32,16,12,10,7,2,34,11,76,-79,177.4,0,0,170.0,3,2010-11,11.7,98.0,95.8,95.8,106.7,106.1,106.1,-8.7,-10.3,-10.3,0.072,1.33,15.5,0.003,0.091,0.047,11.7,11.5,0.486,0.497,0.113,0.119,91.48,92.75,77.29,92.75,0.038,696,0.9,2.3,Sasha Pavlovic
2756,Sasha,1610612751,NJN,27.0,67,26,41,0.388,1647.4233333333334,239,595,0.402,97,262,0.37,81,96,0.844,30,156,186,132,66,54,5,24,136,94,656,-277,1188.2,1,0,1189.0,2,2010-11,24.6,100.6,100.8,100.8,110.7,110.8,110.8,-10.1,-9.9,-9.9,0.134,2.0,15.8,0.018,0.101,0.058,7.9,7.9,0.483,0.515,0.191,0.195,93.09,92.92,77.43,92.92,0.08,3208,3.6,8.9,Sasha Vujacic
1752,Sean,1610612757,POR,35.0,29,15,14,0.517,208.45833333333331,19,44,0.432,2,2,1.0,5,8,0.625,16,24,40,4,11,3,5,1,44,6,45,-73,112.0,0,0,107.0,1,2010-11,7.2,90.7,88.2,88.2,107.3,105.9,105.9,-16.6,-17.7,-17.7,0.033,0.36,6.3,0.074,0.122,0.097,17.5,17.6,0.455,0.473,0.123,0.128,95.45,97.4,81.17,97.4,0.006,424,0.7,1.5,Sean Marks
2742,Sebastian,1610612750,MIN,26.0,37,11,26,0.297,710.58,97,241,0.402,28,78,0.359,44,60,0.733,17,37,54,111,64,25,3,17,64,55,266,-89,517.3,0,0,515.0,1,2010-11,19.2,100.4,101.4,101.4,107.6,107.4,107.4,-7.1,-6.0,-6.0,0.246,1.73,25.1,0.022,0.053,0.036,14.5,14.5,0.461,0.497,0.19,0.194,100.09,99.67,83.06,99.67,0.068,1475,2.6,6.5,Sebastian Telfair
201623,Semih,1610612739,CLE,24.0,41,31,10,0.756,594.8816666666667,62,111,0.559,0,0,0.0,39,60,0.65,37,81,118,20,34,15,24,16,104,52,163,-33,417.6,0,0,379.0,2,2010-11,14.5,99.7,98.7,98.7,101.1,100.7,100.7,-1.4,-2.0,-2.0,0.054,0.59,10.5,0.07,0.146,0.109,17.8,17.8,0.559,0.593,0.134,0.138,92.14,92.79,77.33,92.79,0.057,1145,1.5,2.7,Semih Erden
201586,Serge,1610612760,OKC,21.0,82,55,27,0.671,2215.708333333333,335,617,0.543,0,1,0.0,138,184,0.75,214,408,622,22,71,31,198,34,267,148,808,137,2203.4,12,0,1910.0,1,2010-11,27.0,107.3,108.1,108.1,103.4,104.9,104.9,4.0,3.2,3.2,0.016,0.31,2.8,0.102,0.183,0.144,8.9,9.0,0.543,0.579,0.156,0.158,94.59,93.58,77.98,93.58,0.109,4319,4.1,7.5,Serge Ibaka
2203,Shane,1610612763,MEM,32.0,82,42,40,0.512,2374.4866666666667,229,509,0.45,102,267,0.382,64,93,0.688,90,283,373,185,79,69,81,14,158,134,624,190,1720.1,3,0,1584.0,2,2010-11,29.0,109.1,110.9,110.9,106.0,107.1,107.1,3.1,3.8,3.8,0.109,2.34,22.7,0.038,0.123,0.08,9.7,9.7,0.55,0.567,0.116,0.117,96.79,95.46,79.55,95.46,0.081,4728,2.8,6.2,Shane Battier
200769,Shannon,1610612747,LAL,25.0,82,57,25,0.695,1568.3283333333334,273,643,0.425,74,212,0.349,92,101,0.911,35,122,157,96,75,67,16,29,124,72,712,111,1218.4,0,0,1205.0,1,2010-11,19.1,104.2,103.1,103.1,100.2,100.0,100.0,4.0,3.1,3.1,0.107,1.28,11.2,0.022,0.073,0.048,8.8,8.7,0.482,0.518,0.215,0.222,93.42,93.96,78.3,93.96,0.088,3078,3.3,7.8,Shannon Brown
406,Shaquille,1610612738,BOS,39.0,37,28,9,0.757,751.575,134,201,0.667,0,0,0.0,73,131,0.557,48,130,178,26,56,16,42,13,120,101,341,193,711.6,3,0,661.0,1,2010-11,20.3,111.1,112.8,112.8,98.0,98.5,98.5,13.2,14.3,14.3,0.051,0.46,7.7,0.083,0.182,0.138,16.5,16.4,0.667,0.659,0.197,0.2,93.19,92.25,76.88,92.25,0.1,1438,3.6,5.4,Shaquille O'Neal
2733,Shaun,1610612766,CHA,25.0,73,31,42,0.425,1260.7416666666666,185,397,0.466,1,4,0.25,108,125,0.864,29,120,149,164,88,47,29,18,109,112,479,-70,1043.8,0,0,945.0,1,2010-11,17.3,97.2,97.0,97.0,99.9,100.1,100.1,-2.8,-3.1,-3.1,0.241,1.86,23.4,0.024,0.099,0.062,12.6,12.5,0.467,0.53,0.196,0.202,90.67,90.67,75.56,90.67,0.115,2384,2.5,5.4,Shaun Livingston
1890,Shawn,1610612742,DAL,33.0,80,56,24,0.7,2252.9133333333334,434,834,0.52,5,33,0.152,126,164,0.768,168,383,551,110,130,68,50,44,144,121,999,-5,2049.2,12,0,1901.0,1,2010-11,28.2,105.1,105.0,105.0,103.9,105.0,105.0,1.2,0.0,0.0,0.084,0.85,9.6,0.08,0.173,0.128,11.3,11.3,0.523,0.551,0.21,0.214,93.18,92.74,77.29,92.74,0.123,4351,5.4,10.4,Shawn Marion
200761,Shawne,1610612752,NYK,25.0,64,33,31,0.516,1323.105,164,385,0.426,85,212,0.401,41,49,0.837,60,179,239,47,46,39,51,19,164,50,454,4,1035.3,1,0,1005.0,1,2010-11,20.7,108.6,108.3,108.3,108.6,108.3,108.3,-0.1,0.0,0.0,0.054,1.02,9.4,0.044,0.139,0.091,9.2,9.2,0.536,0.558,0.149,0.152,96.91,97.17,80.98,97.17,0.072,2680,2.6,6.0,Shawne Williams
200749,Shelden,1610612752,NYK,27.0,59,38,21,0.644,910.3683333333332,103,220,0.468,0,0,0.0,58,75,0.773,93,180,273,32,43,23,26,25,126,81,264,-37,743.6,0,0,667.0,2,2010-11,15.4,104.5,105.6,105.6,106.2,107.8,107.8,-1.7,-2.2,-2.2,0.053,0.74,9.7,0.101,0.197,0.149,13.0,13.1,0.468,0.522,0.141,0.142,98.47,97.25,81.04,97.25,0.079,1846,1.7,3.7,Shelden Williams
202395,Sherron,1610612766,CHA,24.0,20,8,12,0.4,65.88166666666666,7,25,0.28,2,10,0.2,1,1,1.0,0,5,5,8,4,2,0,2,2,3,17,-16,37.0,0,0,36.0,1,2010-11,3.3,97.8,94.6,94.6,112.2,108.7,108.7,-14.4,-14.1,-14.1,0.19,2.0,21.6,0.0,0.079,0.041,10.8,10.7,0.32,0.334,0.204,0.217,90.26,93.26,77.72,93.26,0.037,129,0.4,1.3,Sherron Collins
202374,Solomon,1610612761,TOR,23.0,12,1,11,0.083,59.01,3,15,0.2,0,0,0.0,0,2,0.0,7,7,14,2,3,2,2,3,5,1,6,-13,34.8,0,0,30.0,1,2010-11,4.9,90.2,92.2,92.2,108.2,100.8,100.8,-18.0,-8.6,-8.6,0.051,0.67,9.5,0.097,0.119,0.107,14.3,14.4,0.2,0.189,0.139,0.138,93.35,95.58,79.65,95.58,-0.003,116,0.3,1.3,Solomon Alabi
200780,Solomon,1610612754,IND,26.0,39,15,24,0.385,528.1766666666666,49,121,0.405,0,1,0.0,41,62,0.661,45,68,113,30,35,12,22,16,94,55,139,-60,386.6,0,0,350.0,1,2010-11,13.5,96.3,96.1,96.1,102.6,100.9,100.9,-6.3,-4.8,-4.8,0.094,0.86,14.0,0.082,0.134,0.107,16.4,16.4,0.405,0.469,0.154,0.158,96.85,97.79,81.49,97.79,0.038,1072,1.3,3.1,Solomon Jones
201603,Sonny,1610612761,TOR,24.0,59,17,42,0.288,1413.1883333333333,228,513,0.444,17,61,0.279,72,94,0.766,39,114,153,104,86,34,2,36,87,67,545,-341,906.6,0,0,891.0,1,2010-11,24.0,101.9,101.9,101.9,112.4,113.4,113.4,-10.5,-11.5,-11.5,0.12,1.21,14.0,0.027,0.087,0.056,11.6,11.6,0.461,0.492,0.198,0.202,97.01,96.53,80.44,96.53,0.066,2836,3.9,8.7,Sonny Weems
201150,Spencer,1610612755,PHI,23.0,81,41,40,0.506,1718.2883333333334,264,568,0.465,9,37,0.243,47,88,0.534,129,336,465,121,97,29,71,41,201,90,584,-54,1526.5,7,0,1379.0,1,2010-11,21.2,102.2,102.9,102.9,103.7,104.0,104.0,-1.5,-1.1,-1.1,0.112,1.25,14.7,0.076,0.203,0.139,11.8,11.8,0.473,0.481,0.187,0.19,93.24,92.8,77.33,92.8,0.085,3314,3.3,7.0,Spencer Hawes
201939,Stephen,1610612744,GSW,23.0,74,33,41,0.446,2488.9933333333333,505,1053,0.48,151,342,0.442,212,227,0.934,52,234,286,432,226,109,20,40,233,193,1373,-17,2525.2,5,0,2500.0,1,2010-11,33.6,107.3,108.5,108.5,107.9,108.4,108.4,-0.6,0.0,0.0,0.268,1.91,24.1,0.021,0.097,0.058,12.6,12.5,0.551,0.595,0.237,0.242,98.54,97.74,81.45,97.74,0.121,5059,6.8,14.2,Stephen Curry
101211,Stephen,1610612751,NJN,29.0,59,19,40,0.322,958.4533333333334,81,200,0.405,5,21,0.238,31,38,0.816,17,106,123,40,38,14,1,7,106,40,198,-297,412.6,0,0,396.0,1,2010-11,16.2,98.1,96.9,96.9,111.0,111.5,111.5,-12.9,-14.6,-14.6,0.066,1.05,13.6,0.019,0.117,0.068,12.9,12.9,0.418,0.457,0.121,0.126,92.29,92.6,77.17,92.6,0.031,1836,1.4,3.4,Stephen Graham
1536,Stephen,1610612766,CHA,33.0,67,30,37,0.448,2404.5016666666666,435,1059,0.411,121,359,0.337,249,305,0.816,53,251,304,241,209,80,28,78,161,230,1240,-253,2081.3,3,1,2122.0,1,2010-11,35.9,101.4,102.9,102.9,106.2,108.1,108.1,-4.9,-5.2,-5.2,0.184,1.15,14.7,0.024,0.109,0.067,12.7,12.7,0.468,0.52,0.27,0.273,92.82,91.32,76.1,91.32,0.1,4567,6.5,15.8,Stephen Jackson
2581,Steve,1610612747,LAL,31.0,79,55,24,0.696,1581.2416666666666,110,306,0.359,73,193,0.378,26,30,0.867,19,137,156,170,73,40,3,8,99,45,319,76,817.2,0,0,804.0,1,2010-11,20.0,104.7,104.1,104.1,101.1,101.7,101.7,3.6,2.4,2.4,0.157,2.33,30.2,0.012,0.083,0.049,13.0,13.0,0.479,0.5,0.112,0.115,92.4,92.39,76.99,92.39,0.059,3045,1.4,3.9,Steve Blake
959,Steve,1610612756,PHX,37.0,75,39,36,0.52,2496.778333333333,399,811,0.492,81,205,0.395,227,249,0.912,40,220,260,855,265,48,4,18,87,228,1106,288,2591.5,41,0,2406.0,1,2010-11,33.3,111.2,112.6,112.6,106.7,107.9,107.9,4.5,4.8,4.8,0.498,3.23,42.5,0.017,0.088,0.053,13.2,13.0,0.542,0.601,0.205,0.212,97.46,96.28,80.23,96.28,0.152,5030,5.3,10.8,Steve Nash
200779,Steve,1610612759,SAS,28.0,30,18,12,0.6,215.03666666666663,35,67,0.522,26,46,0.565,8,8,1.0,4,24,28,3,4,1,5,0,14,6,104,-40,156.1,0,0,173.0,2,2010-11,7.2,106.0,105.2,105.2,116.3,115.9,115.9,-10.3,-10.8,-10.8,0.025,0.75,3.8,0.019,0.118,0.067,5.1,5.2,0.716,0.737,0.155,0.159,94.01,94.53,78.78,94.53,0.114,426,1.2,2.2,Steve Novak
202178,Sundiata,1610612751,NJN,25.0,24,9,15,0.375,300.59,42,105,0.4,9,38,0.237,18,36,0.5,13,25,38,42,27,16,1,8,25,31,111,-35,243.6,0,0,234.0,3,2010-11,12.5,101.4,100.7,100.7,106.7,103.3,103.3,-5.2,-2.6,-2.6,0.232,1.56,22.1,0.041,0.083,0.061,14.2,14.2,0.443,0.459,0.217,0.222,92.78,94.61,78.84,94.61,0.073,583,1.8,4.4,Sundiata Gaines
2551,T.J.,1610612754,IND,28.0,41,17,24,0.415,773.1266666666667,91,236,0.386,6,32,0.188,35,48,0.729,17,64,81,141,63,35,8,16,69,59,223,-12,597.7,0,0,537.0,1,2010-11,18.9,96.4,97.3,97.3,98.2,97.3,97.3,-1.8,0.0,0.0,0.308,2.24,30.6,0.021,0.083,0.051,13.7,13.7,0.398,0.434,0.183,0.186,95.65,95.67,79.73,95.67,0.083,1535,2.2,5.8,T.J. Ford
201959,Taj,1610612741,CHI,26.0,80,60,20,0.75,1742.246666666667,234,502,0.466,1,8,0.125,100,148,0.676,162,296,458,58,71,39,106,49,203,116,569,259,1569.6,6,0,1376.0,1,2010-11,21.8,104.9,105.0,105.0,96.0,97.0,97.0,8.9,8.0,8.0,0.054,0.82,8.3,0.096,0.167,0.133,10.1,10.2,0.467,0.502,0.166,0.169,91.77,91.23,76.03,91.23,0.094,3308,2.9,6.3,Taj Gibson
2419,Tayshaun,1610612765,DET,31.0,78,29,49,0.372,2561.5666666666666,473,1001,0.473,34,98,0.347,118,168,0.702,78,251,329,215,82,30,41,28,90,156,1098,-136,1946.3,4,0,1818.0,1,2010-11,32.8,105.5,107.4,107.4,109.4,110.3,110.3,-3.9,-2.9,-2.9,0.142,2.62,15.7,0.032,0.112,0.07,6.0,6.0,0.49,0.511,0.209,0.211,90.33,89.14,74.28,89.14,0.101,4757,6.1,12.8,Tayshaun Prince
201944,Terrence,1610612745,HOU,24.0,21,7,14,0.333,290.035,43,115,0.374,6,22,0.273,14,21,0.667,4,47,51,38,33,9,0,7,25,18,106,-74,218.2,0,0,219.0,2,2010-11,13.8,93.3,93.8,93.8,106.9,105.4,105.4,-13.6,-11.6,-11.6,0.244,1.15,19.4,0.013,0.167,0.086,16.8,16.9,0.4,0.427,0.238,0.242,94.09,94.5,78.75,94.5,0.074,567,2.0,5.5,Terrence Williams
200757,Thabo,1610612760,OKC,27.0,79,53,26,0.671,2049.208333333333,157,333,0.471,28,102,0.275,59,79,0.747,65,281,346,111,55,97,38,21,171,65,401,103,1332.7,2,0,1156.0,1,2010-11,25.9,108.6,108.8,108.8,105.4,106.0,106.0,3.3,2.8,2.8,0.076,2.02,20.7,0.034,0.143,0.089,10.3,10.3,0.514,0.545,0.091,0.093,96.67,96.29,80.25,96.29,0.069,4105,2.0,4.2,Thabo Sefolosha
201152,Thaddeus,1610612755,PHI,23.0,82,41,41,0.5,2134.8366666666666,458,847,0.541,6,22,0.273,123,174,0.707,153,281,434,82,99,90,26,42,170,171,1045,161,1937.8,2,0,1799.0,1,2010-11,26.0,105.6,105.4,105.4,100.9,101.1,101.1,4.7,4.3,4.3,0.067,0.83,7.5,0.075,0.133,0.105,9.0,9.0,0.544,0.566,0.216,0.222,94.0,94.02,78.35,94.02,0.123,4172,5.6,10.3,Thaddeus Young
689,Theo,1610612747,LAL,38.0,10,10,0,1.0,70.50166666666667,1,6,0.167,0,0,0.0,0,2,0.0,6,7,13,3,3,2,5,1,7,6,2,-27,40.1,0,0,32.0,1,2010-11,7.1,90.2,87.7,87.7,102.2,102.6,102.6,-12.0,-15.0,-15.0,0.06,1.0,25.0,0.073,0.095,0.083,25.0,23.3,0.167,0.145,0.051,0.06,99.95,101.1,84.25,101.1,0.01,146,0.1,0.6,Theo Ratliff
201168,Tiago,1610612759,SAS,26.0,60,43,17,0.717,738.045,101,191,0.529,0,1,0.0,76,140,0.543,72,129,201,26,32,29,17,22,91,127,278,-25,664.2,1,0,597.0,1,2010-11,12.3,105.6,103.5,103.5,105.4,104.8,104.8,0.2,-1.3,-1.3,0.06,0.81,8.4,0.104,0.178,0.142,10.3,10.3,0.529,0.55,0.174,0.18,93.75,94.95,79.13,94.95,0.096,1457,1.7,3.2,Tiago Splitter
1495,Tim,1610612759,SAS,35.0,76,60,16,0.789,2156.218333333333,419,838,0.5,0,4,0.0,184,257,0.716,169,509,678,203,122,50,146,47,119,193,1022,457,2606.1,27,1,2295.0,1,2010-11,28.4,109.6,110.3,110.3,99.5,100.3,100.3,10.1,10.0,10.0,0.15,1.66,15.8,0.084,0.233,0.162,9.5,9.6,0.5,0.537,0.225,0.226,95.18,94.52,78.77,94.52,0.154,4261,5.5,11.0,Tim Duncan
202389,Timofey,1610612743,DEN,24.0,45,27,18,0.6,524.095,63,133,0.474,0,0,0.0,37,52,0.712,46,75,121,15,35,15,25,15,84,46,163,-42,415.7,1,0,379.0,2,2010-11,11.6,102.9,102.8,102.8,105.8,105.8,105.8,-3.0,-3.0,-3.0,0.045,0.43,7.3,0.088,0.142,0.115,17.0,17.0,0.474,0.523,0.158,0.161,98.31,98.32,81.93,98.32,0.054,1069,1.4,3.0,Timofey Mozgov
201962,Toney,1610612752,NYK,25.0,81,41,40,0.506,1971.075,314,755,0.416,143,383,0.373,85,107,0.794,65,179,244,244,89,89,4,28,177,98,856,111,1704.8,3,0,1673.0,1,2010-11,24.3,107.4,107.6,107.6,104.8,104.8,104.8,2.7,2.8,2.8,0.202,2.74,21.6,0.032,0.092,0.061,7.9,7.8,0.511,0.534,0.194,0.199,97.64,97.53,81.28,97.53,0.099,4004,3.9,9.3,Toney Douglas
2754,Tony,1610612763,MEM,29.0,72,40,32,0.556,1494.35,251,492,0.51,4,23,0.174,137,182,0.753,70,123,193,104,86,129,44,36,161,135,643,50,1463.6,1,0,1290.0,1,2010-11,20.8,103.4,103.2,103.2,98.9,100.4,100.4,4.4,2.9,2.9,0.113,1.21,13.6,0.049,0.088,0.068,11.3,11.3,0.514,0.562,0.195,0.2,95.1,94.47,78.72,94.47,0.109,2924,3.5,6.8,Tony Allen
1499,Tony,1610612755,PHI,35.0,38,14,24,0.368,376.9916666666667,45,96,0.469,2,3,0.667,8,14,0.571,17,82,99,12,12,5,15,1,59,15,100,-32,284.8,0,0,253.0,1,2010-11,9.9,94.6,93.4,93.4,99.4,97.7,97.7,-4.8,-4.3,-4.3,0.055,1.0,9.5,0.043,0.209,0.125,9.5,9.5,0.479,0.489,0.138,0.143,92.52,93.96,78.3,93.96,0.079,738,1.2,2.5,Tony Battie
2225,Tony,1610612759,SAS,29.0,78,60,18,0.769,2527.6583333333333,555,1069,0.519,25,70,0.357,233,303,0.769,30,208,238,513,200,90,3,81,135,241,1368,308,2502.1,9,0,2330.0,1,2010-11,32.4,108.1,109.0,109.0,101.7,102.5,102.5,6.5,6.4,6.4,0.345,2.57,26.8,0.013,0.082,0.049,10.4,10.4,0.531,0.569,0.251,0.254,95.33,94.54,78.78,94.54,0.139,4973,7.1,13.7,Tony Parker
1503,Tracy,1610612765,DET,32.0,72,25,47,0.347,1685.503333333333,227,514,0.442,30,88,0.341,90,129,0.698,49,202,251,252,102,66,34,22,101,131,574,-88,1451.2,3,0,1307.0,1,2010-11,23.4,102.4,103.7,103.7,106.1,106.6,106.6,-3.8,-2.9,-2.9,0.244,2.47,27.2,0.03,0.137,0.081,11.0,11.0,0.471,0.503,0.186,0.189,89.92,89.15,74.29,89.15,0.109,3132,3.2,7.1,Tracy McGrady
2566,Travis,1610612751,NJN,26.0,82,24,58,0.293,2357.695,274,731,0.375,76,252,0.302,132,171,0.772,54,271,325,84,71,34,36,32,148,141,756,-345,1411.0,0,0,1381.0,1,2010-11,28.8,100.4,101.3,101.3,108.8,109.1,109.1,-8.5,-7.8,-7.8,0.059,1.18,8.7,0.023,0.121,0.072,7.4,7.4,0.427,0.469,0.171,0.174,92.15,91.58,76.32,91.58,0.062,4501,3.3,8.9,Travis Outlaw
2772,Trevor,1610612740,NOH,25.0,75,43,32,0.573,2599.8483333333334,303,762,0.398,82,271,0.303,138,197,0.701,61,347,408,162,118,120,31,43,180,157,826,9,1893.6,3,0,1780.0,1,2010-11,34.7,104.2,104.5,104.5,103.6,104.7,104.7,0.6,-0.2,-0.2,0.099,1.37,14.4,0.025,0.151,0.086,10.5,10.5,0.451,0.487,0.174,0.177,91.42,90.74,75.62,90.74,0.08,4924,4.0,10.2,Trevor Ariza
202344,Trevor,1610612764,WAS,23.0,65,15,50,0.231,1063.0916666666667,139,253,0.549,0,1,0.0,68,101,0.673,98,153,251,35,38,29,42,9,115,78,346,-173,874.7,5,0,774.0,1,2010-11,16.4,101.0,101.2,101.2,108.1,108.6,108.6,-7.1,-7.4,-7.4,0.051,0.92,9.5,0.088,0.148,0.117,10.3,10.3,0.549,0.582,0.135,0.138,96.15,95.79,79.82,95.79,0.096,2114,2.1,3.9,Trevor Booker
201234,Trey,1610612747,LAL,26.0,8,3,5,0.375,94.36666666666666,12,33,0.364,1,3,0.333,9,10,0.9,2,5,7,11,5,1,1,3,12,6,34,-19,59.9,0,0,57.0,2,2010-11,11.8,98.1,96.1,96.1,105.7,104.3,104.3,-7.5,-8.2,-8.2,0.19,2.2,20.4,0.02,0.054,0.037,9.3,9.4,0.379,0.455,0.207,0.21,91.04,92.58,77.15,92.58,0.045,180,1.5,4.1,Trey Johnson
2211,Troy,1610612738,BOS,31.0,35,13,22,0.371,465.9066666666667,42,114,0.368,5,33,0.152,20,30,0.667,22,91,113,23,20,15,3,13,47,26,109,-125,313.1,0,0,286.0,2,2010-11,13.3,88.4,88.1,88.1,103.9,102.7,102.7,-15.5,-14.6,-14.6,0.088,1.15,13.5,0.049,0.204,0.126,11.8,11.8,0.39,0.428,0.147,0.151,92.18,92.88,77.4,92.88,0.078,905,1.2,3.3,Troy Murphy
201951,Ty,1610612743,DEN,23.0,80,49,31,0.613,2102.6,346,688,0.503,69,171,0.404,172,225,0.764,67,142,209,377,137,80,4,69,133,180,933,234,1864.3,4,0,1756.0,1,2010-11,26.3,111.0,112.8,112.8,106.6,107.4,107.4,4.4,5.4,5.4,0.272,2.75,29.1,0.033,0.068,0.051,10.6,10.5,0.553,0.593,0.19,0.193,99.06,97.94,81.61,97.94,0.114,4291,4.3,8.6,Ty Lawson
201946,Tyler,1610612754,IND,25.0,70,34,36,0.486,1535.405,285,613,0.465,0,2,0.0,197,253,0.779,145,221,366,41,76,37,15,43,160,217,767,-120,1347.7,7,0,1278.0,1,2010-11,21.9,101.1,102.5,102.5,106.0,106.1,106.1,-4.9,-3.6,-3.6,0.047,0.54,4.9,0.09,0.145,0.117,9.0,9.0,0.465,0.529,0.224,0.227,97.01,96.26,80.21,96.26,0.105,3075,4.1,8.8,Tyler Hansbrough
201936,Tyreke,1610612758,SAC,21.0,57,18,39,0.316,2107.056666666667,382,933,0.409,43,148,0.291,205,266,0.771,46,229,275,319,184,85,30,68,143,202,1012,-198,1981.5,6,0,1879.0,1,2010-11,37.0,99.4,101.7,101.7,104.9,106.4,106.4,-5.5,-4.7,-4.7,0.255,1.73,20.5,0.021,0.113,0.065,11.8,11.8,0.432,0.482,0.253,0.255,96.41,94.65,78.88,94.65,0.109,4153,6.7,16.4,Tyreke Evans
200748,Tyrus,1610612766,CHA,24.0,41,18,23,0.439,861.0716666666667,156,331,0.471,0,3,0.0,107,136,0.787,65,159,224,29,65,30,66,33,113,117,419,-22,954.3,4,0,864.0,1,2010-11,21.0,100.2,100.4,100.4,101.5,101.7,101.7,-1.4,-1.3,-1.3,0.064,0.45,6.0,0.084,0.19,0.139,13.5,13.4,0.471,0.536,0.241,0.248,92.65,92.45,77.04,92.45,0.124,1658,3.8,8.1,Tyrus Thomas
2199,Tyson,1610612742,DAL,28.0,74,54,20,0.73,2058.5116666666668,266,407,0.654,0,0,0.0,216,295,0.732,206,486,692,32,88,36,80,25,240,258,748,295,1886.4,18,0,1704.0,1,2010-11,27.8,109.1,109.3,109.3,101.0,101.3,101.3,8.1,8.0,8.0,0.024,0.36,4.8,0.113,0.233,0.177,13.3,13.4,0.654,0.697,0.141,0.142,93.69,93.46,77.88,93.46,0.12,3996,3.6,5.5,Tyson Chandler
2617,Udonis,1610612748,MIA,31.0,13,8,5,0.615,344.9216666666667,44,86,0.512,0,0,0.0,16,20,0.8,29,77,106,6,14,7,3,3,39,28,104,53,256.2,4,0,236.0,1,2010-11,26.5,108.4,108.2,108.2,99.0,100.4,100.4,9.3,7.8,7.8,0.029,0.43,5.2,0.09,0.219,0.157,12.1,12.2,0.512,0.549,0.145,0.146,95.1,94.49,78.74,94.49,0.104,679,3.4,6.6,Udonis Haslem
1713,Vince,1610612756,PHX,34.0,73,38,35,0.521,2051.5616666666665,389,891,0.437,116,321,0.361,128,173,0.74,54,221,275,146,90,67,20,38,193,163,1022,127,1742.0,2,0,1733.0,2,2010-11,28.1,106.8,108.0,108.0,103.3,104.6,104.6,3.4,3.4,3.4,0.116,1.62,12.2,0.027,0.108,0.068,7.5,7.5,0.502,0.528,0.23,0.234,95.82,94.68,78.9,94.68,0.092,4042,5.3,12.2,Vince Carter
2209,Vladimir,1610612744,GSW,30.0,74,32,42,0.432,1169.1816666666666,137,318,0.431,70,173,0.405,30,34,0.882,64,148,212,79,57,44,44,15,157,40,374,52,953.9,0,0,911.0,1,2010-11,15.8,108.1,108.5,108.5,105.5,105.1,105.1,2.7,3.4,3.4,0.096,1.39,16.8,0.056,0.132,0.093,12.2,12.2,0.541,0.562,0.147,0.149,96.46,96.44,80.36,96.44,0.072,2336,1.9,4.3,Vladimir Radmanovic
101144,Von,1610612738,BOS,25.0,58,45,13,0.776,552.545,67,159,0.421,18,67,0.269,32,38,0.842,7,42,49,35,20,18,5,12,39,28,184,7,344.3,0,0,332.0,1,2010-11,9.5,93.0,92.0,92.0,91.4,91.6,91.6,1.6,0.5,0.5,0.111,1.75,15.2,0.013,0.074,0.045,8.7,8.7,0.478,0.524,0.161,0.166,94.39,94.78,78.98,94.78,0.09,1092,1.2,2.7,Von Wafer
201961,Wayne,1610612750,MIN,23.0,62,14,48,0.226,1181.245,160,397,0.403,48,121,0.397,42,53,0.792,26,82,108,72,53,28,3,18,85,42,410,-203,687.6,0,0,700.0,1,2010-11,19.1,99.8,100.3,100.3,108.7,108.7,108.7,-8.9,-8.3,-8.3,0.098,1.36,13.2,0.021,0.07,0.045,9.7,9.7,0.463,0.488,0.169,0.172,98.57,98.32,81.93,98.32,0.054,2419,2.6,6.4,Wayne Ellington
202325,Wesley,1610612750,MIN,23.0,79,17,62,0.215,2069.37,271,682,0.397,103,289,0.356,64,92,0.696,51,189,240,148,95,58,54,18,163,69,709,-220,1460.0,0,0,1424.0,1,2010-11,26.2,102.5,103.7,103.7,108.9,109.1,109.1,-6.4,-5.4,-5.4,0.108,1.56,15.4,0.024,0.091,0.057,9.9,9.8,0.473,0.491,0.165,0.168,99.6,98.91,82.42,98.91,0.06,4269,3.4,8.6,Wesley Johnson
202083,Wesley,1610612757,POR,24.0,82,48,34,0.585,2758.393333333333,440,979,0.449,154,378,0.407,266,315,0.844,48,210,258,164,138,102,9,64,195,263,1300,157,2050.6,1,0,2098.0,1,2010-11,33.6,106.7,107.5,107.5,104.2,104.7,104.7,2.5,2.8,2.8,0.101,1.19,11.6,0.018,0.085,0.051,9.7,9.7,0.528,0.582,0.209,0.213,91.07,90.5,75.41,90.5,0.097,5207,5.4,11.9,Wesley Matthews
101198,Will,1610612765,DET,28.0,61,23,38,0.377,1125.1966666666667,182,406,0.448,16,50,0.32,102,122,0.836,15,59,74,195,83,52,4,42,113,109,482,-170,948.3,0,0,879.0,1,2010-11,18.4,103.6,104.1,104.1,111.1,111.0,111.0,-7.5,-6.9,-6.9,0.289,2.35,26.6,0.014,0.06,0.036,11.3,11.3,0.468,0.524,0.221,0.227,92.53,92.34,76.95,92.34,0.092,2155,3.0,6.7,Will Bynum
2584,Willie,1610612740,NOH,29.0,77,44,33,0.571,1673.91,270,609,0.443,54,155,0.348,78,100,0.78,22,139,161,74,67,36,13,30,143,95,672,-62,1056.2,0,0,1059.0,1,2010-11,21.7,100.9,100.3,100.3,100.8,101.9,101.9,0.1,-1.6,-1.6,0.08,1.1,9.3,0.014,0.087,0.051,8.4,8.4,0.488,0.515,0.202,0.207,91.23,91.04,75.87,91.04,0.073,3169,3.5,7.9,Willie Green
202378,Willie,1610612746,LAC,21.0,19,5,14,0.263,133.80166666666668,13,35,0.371,5,15,0.333,6,8,0.75,1,11,12,27,8,6,0,4,16,11,37,25,101.9,0,0,93.0,1,2010-11,7.0,103.8,102.6,102.6,99.5,94.7,94.7,4.3,7.9,7.9,0.307,3.38,36.5,0.008,0.096,0.049,10.8,10.9,0.443,0.48,0.155,0.159,92.62,95.42,79.52,95.42,0.082,268,0.7,1.8,Willie Warren
201163,Wilson,1610612743,DEN,24.0,72,41,31,0.569,2400.4166666666665,429,953,0.45,112,320,0.35,130,161,0.807,75,333,408,120,104,48,94,36,199,121,1100,175,2091.6,6,0,2024.0,2,2010-11,33.3,107.8,108.6,108.6,103.4,104.5,104.5,4.4,4.1,4.1,0.079,1.15,9.6,0.032,0.134,0.084,8.4,8.3,0.509,0.537,0.205,0.208,98.66,97.75,81.46,97.75,0.094,4876,6.0,13.2,Wilson Chandler
202333,Xavier,1610612763,MEM,20.0,38,19,19,0.5,527.4316666666666,65,160,0.406,2,17,0.118,33,52,0.635,9,28,37,18,13,11,3,9,48,43,165,-46,265.4,0,0,250.0,1,2010-11,13.9,98.6,99.4,99.4,104.8,103.2,103.2,-6.2,-3.8,-3.8,0.054,1.38,8.5,0.017,0.055,0.036,6.2,6.1,0.413,0.451,0.165,0.171,92.79,93.15,77.62,93.15,0.033,1020,1.7,4.2,Xavier Henry
2397,ao Ming,1610612745,HOU,30.0,5,1,4,0.2,90.51833333333332,18,37,0.486,0,0,0.0,15,16,0.938,7,20,27,4,7,0,8,3,13,17,51,-27,106.4,0,0,98.0,1,2010-11,18.1,97.1,99.5,99.5,111.4,112.0,112.0,-14.3,-12.5,-12.5,0.077,0.57,7.3,0.074,0.198,0.138,12.7,12.7,0.486,0.579,0.241,0.242,102.48,101.02,84.18,101.02,0.133,189,3.6,7.4,Yao Ming
201146,i Jianlian,1610612764,WAS,23.0,63,17,46,0.27,1111.835,145,347,0.418,3,13,0.231,62,91,0.681,79,169,248,25,51,27,32,20,115,69,355,-221,816.1,3,0,749.0,1,2010-11,17.6,98.4,99.4,99.4,108.6,108.2,108.2,-10.2,-8.8,-8.8,0.036,0.49,5.4,0.067,0.159,0.111,10.9,11.0,0.422,0.459,0.173,0.174,95.81,95.52,79.6,95.52,0.063,2200,2.3,5.5,Yi Jianlian
202220,Zabian,1610612756,PHX,26.0,24,14,10,0.583,291.6983333333333,51,125,0.408,3,10,0.3,16,17,0.941,5,15,20,51,29,20,2,3,30,21,121,-44,258.5,0,0,239.0,1,2010-11,12.2,100.0,97.8,97.8,103.7,104.6,104.6,-3.8,-6.8,-6.8,0.295,1.76,24.2,0.017,0.053,0.034,13.7,13.6,0.42,0.457,0.24,0.251,95.95,96.59,80.49,96.59,0.08,585,2.1,5.2,Zabian Dowdell
2216,Zach,1610612763,MEM,29.0,75,43,32,0.573,2723.5583333333334,598,1188,0.503,8,43,0.186,300,396,0.758,326,588,914,163,151,63,25,109,175,327,1504,261,2958.3,53,0,2765.0,1,2010-11,36.3,106.6,109.1,109.1,102.6,104.4,104.4,4.0,4.7,4.7,0.1,1.08,9.8,0.125,0.233,0.178,9.1,9.0,0.507,0.552,0.247,0.25,93.92,91.99,76.66,91.99,0.162,5227,8.0,15.8,Zach Randolph
2585,Zaza,1610612737,ATL,27.0,79,43,36,0.544,1243.7816666666668,107,232,0.461,0,0,0.0,135,179,0.754,119,214,333,58,69,34,22,44,184,163,349,-132,934.6,4,0,852.0,1,2010-11,15.7,101.5,101.2,101.2,107.5,106.4,106.4,-6.0,-5.2,-5.2,0.074,0.84,13.2,0.103,0.189,0.146,15.7,15.8,0.461,0.562,0.141,0.144,90.92,91.5,76.25,91.5,0.076,2367,1.4,2.9,Zaza Pachulia
980,Zydrunas,1610612748,MIA,36.0,72,51,21,0.708,1145.3533333333332,162,319,0.508,0,1,0.0,36,46,0.783,108,179,287,26,52,23,58,12,185,43,360,212,934.4,3,0,835.0,1,2010-11,15.9,111.3,112.4,112.4,101.9,102.5,102.5,9.4,9.9,9.9,0.033,0.5,6.2,0.108,0.161,0.136,12.4,12.5,0.508,0.531,0.158,0.159,92.94,92.22,76.85,92.22,0.065,2198,2.3,4.4,Zydrunas Ilgauskas
