PLAYER_ID,NICKNAME,TEAM_ID,TEAM_ABBREVIATION,AGE,GP,W,L,W_PCT,MIN_trad,FGM,FGA,FG_PCT,FG3M,FG3A,FG3_PCT,FTM,FTA,FT_PCT,OREB,DREB,REB,AST,TOV,STL,BLK,BLKA,PF,PFD,PTS,PLUS_MINUS,NBA_FANTASY_PTS,DD2,TD3,WNBA_FANTASY_PTS,TEAM_COUNT,SEASON,MIN_adv,E_OFF_RATING,OFF_RATING,sp_work_OFF_RATING,E_DEF_RATING,DEF_RATING,sp_work_DEF_RATING,E_NET_RATING,NET_RATING,sp_work_NET_RATING,AST_PCT,AST_TO,AST_RATIO,OREB_PCT,DREB_PCT,REB_PCT,TM_TOV_PCT,E_TOV_PCT,EFG_PCT,TS_PCT,USG_PCT,E_USG_PCT,E_PACE,PACE,PACE_PER40,sp_work_PACE,PIE,POSS,FGM_PG,FGA_PG,PLAYER_NAME
201985,AJ,1610612764,WAS,26.0,57,21,36,0.368,1277.996666666667,161,413,0.39,70,200,0.35,49,62,0.79,20,94,114,205,64,33,3,13,73,69,441,-65,929.3,1,0,902.0,1,2012-13,22.4,97.6,98.2,98.2,99.9,100.1,100.1,-2.3,-1.9,-1.9,0.273,3.2,29.0,0.015,0.074,0.044,9.0,9.0,0.475,0.501,0.177,0.181,93.03,92.66,77.21,92.66,0.096,2458,2.8,7.2,AJ Price
201166,Aaron,1610612745,HOU,28.0,53,20,33,0.377,996.7983333333332,143,316,0.453,50,134,0.373,40,52,0.769,13,67,80,114,67,30,10,32,94,68,376,-201,696.0,0,0,700.0,2,2012-13,18.8,100.2,101.4,101.4,110.9,111.3,111.3,-10.7,-10.0,-10.0,0.19,1.7,22.0,0.013,0.07,0.04,12.9,12.9,0.532,0.555,0.178,0.181,94.81,94.09,78.41,94.09,0.073,1951,2.7,6.0,Aaron Brooks
201189,Aaron,1610612761,TOR,28.0,42,14,28,0.333,513.3416666666667,48,90,0.533,0,0,0.0,23,44,0.523,48,85,133,33,36,7,5,12,85,36,119,-87,328.1,1,0,309.0,1,2012-13,12.2,96.7,96.2,96.2,104.4,104.3,104.3,-7.6,-8.1,-8.1,0.103,0.92,18.3,0.094,0.181,0.136,20.0,20.2,0.533,0.544,0.131,0.132,93.0,93.32,77.76,93.32,0.053,995,1.1,2.1,Aaron Gray
1733,Al,1610612753,ORL,33.0,10,3,7,0.3,118.85833333333332,20,57,0.351,8,30,0.267,3,4,0.75,6,21,27,10,7,4,1,1,18,3,51,-35,106.4,0,0,106.0,1,2012-13,11.9,100.2,100.4,100.4,116.2,117.5,117.5,-16.0,-17.1,-17.1,0.141,1.43,13.2,0.049,0.191,0.116,9.2,9.2,0.421,0.434,0.242,0.249,96.17,95.51,79.59,95.51,0.061,239,2.0,5.7,Al Harrington
201143,Al,1610612737,ATL,27.0,74,42,32,0.568,2756.445,576,1060,0.543,3,6,0.5,134,208,0.644,195,562,757,240,147,78,78,40,163,195,1289,164,2878.4,43,0,2601.0,1,2012-13,37.2,104.8,105.8,105.8,101.5,102.6,102.6,3.3,3.2,3.2,0.149,1.63,15.6,0.077,0.206,0.144,9.6,9.6,0.545,0.56,0.219,0.221,93.62,92.68,77.24,92.68,0.143,5319,7.8,14.3,Al Horford
2744,Al,1610612762,UTA,28.0,78,41,37,0.526,2578.1283333333336,611,1236,0.494,2,17,0.118,167,217,0.77,156,564,720,164,105,80,89,84,170,180,1391,-159,2903.0,37,0,2615.0,1,2012-13,33.1,104.1,105.1,105.1,107.6,108.5,108.5,-3.5,-3.4,-3.4,0.119,1.56,10.3,0.063,0.237,0.148,6.6,6.6,0.495,0.522,0.257,0.26,92.6,91.79,76.49,91.79,0.148,4934,7.8,15.8,Al Jefferson
202329,Al-Farouq,1610612740,NOH,22.0,76,25,51,0.329,2066.103333333333,225,474,0.475,4,19,0.211,101,137,0.737,139,446,585,103,116,92,51,38,153,101,555,-76,1724.5,10,0,1533.0,1,2012-13,27.2,104.1,105.3,105.3,105.4,105.9,105.9,-1.4,-0.6,-0.6,0.076,0.89,13.7,0.07,0.23,0.149,15.4,15.4,0.479,0.519,0.143,0.144,91.67,90.91,75.76,90.91,0.103,3889,3.0,6.2,Al-Farouq Aminu
101187,Alan,1610612761,TOR,30.0,65,31,34,0.477,1495.0116666666668,236,616,0.383,95,285,0.333,126,147,0.857,34,114,148,103,80,48,7,30,131,155,693,-80,1110.1,0,0,1149.0,1,2012-13,23.0,103.4,104.0,104.0,107.1,106.9,106.9,-3.7,-2.8,-2.8,0.125,1.29,12.0,0.023,0.084,0.052,9.3,9.3,0.46,0.509,0.231,0.237,91.79,91.65,76.37,91.65,0.079,2855,3.6,9.5,Alan Anderson
202692,Alec,1610612762,UTA,21.0,64,32,32,0.5,1136.6033333333332,163,388,0.42,33,92,0.359,92,129,0.713,37,108,145,92,74,35,13,35,114,123,451,99,833.0,0,0,817.0,1,2012-13,17.8,105.9,106.0,106.0,102.1,102.1,102.1,3.8,4.0,4.0,0.127,1.24,15.1,0.033,0.098,0.065,12.1,12.1,0.463,0.507,0.196,0.201,94.83,94.79,78.99,94.79,0.074,2249,2.5,6.1,Alec Burks
203144,Alexey,1610612750,MIN,24.0,77,30,47,0.39,1839.5283333333332,236,635,0.372,85,288,0.295,108,150,0.72,41,134,175,286,147,54,27,38,117,140,665,-78,1400.0,2,0,1373.0,1,2012-13,23.9,100.2,100.7,100.7,102.5,102.8,102.8,-2.3,-2.1,-2.1,0.248,1.95,25.2,0.021,0.075,0.047,12.9,13.0,0.439,0.474,0.202,0.206,95.19,94.8,79.0,94.8,0.076,3633,3.1,8.2,Alexey Shved
202087,Alonzo,1610612739,CLE,26.0,82,24,58,0.293,2540.5316666666668,305,744,0.41,69,219,0.315,163,205,0.795,75,245,320,133,132,107,29,78,199,143,842,-350,1701.5,2,0,1636.0,1,2012-13,31.0,101.1,102.7,102.7,109.1,109.7,109.7,-8.0,-7.0,-7.0,0.081,1.01,12.0,0.028,0.105,0.064,12.0,12.0,0.456,0.505,0.166,0.168,95.6,94.58,78.82,94.58,0.064,5006,3.7,9.1,Alonzo Gee
2405,Amar'e,1610612752,NYK,30.0,29,16,13,0.552,681.9416666666667,154,267,0.577,0,0,0.0,105,130,0.808,60,85,145,13,50,10,21,32,89,98,413,26,649.5,0,0,633.0,1,2012-13,23.5,108.0,107.6,107.6,105.1,104.9,104.9,2.9,2.7,2.7,0.037,0.26,3.3,0.092,0.139,0.115,12.8,12.9,0.577,0.637,0.254,0.257,90.94,91.22,76.02,91.22,0.129,1292,5.3,9.2,Amar'e Stoudemire
101161,Amir,1610612761,TOR,26.0,81,34,47,0.42,2324.81,336,606,0.554,5,13,0.385,136,187,0.727,227,384,611,122,117,81,110,35,301,175,813,213,2185.2,15,0,1933.0,1,2012-13,28.7,106.1,107.6,107.6,102.0,102.3,102.3,4.1,5.4,5.4,0.085,1.04,13.2,0.101,0.172,0.137,12.6,12.6,0.559,0.591,0.158,0.16,92.71,91.91,76.59,91.91,0.109,4439,4.1,7.5,Amir Johnson
2760,Anderson,1610612739,CLE,30.0,25,5,20,0.2,900.905,138,289,0.478,0,5,0.0,77,102,0.755,138,223,361,84,44,37,14,17,68,96,353,-75,1021.2,16,0,900.0,1,2012-13,36.0,100.1,103.4,103.4,107.4,107.3,107.3,-7.3,-4.0,-4.0,0.157,1.91,18.2,0.141,0.272,0.2,9.5,9.5,0.478,0.529,0.178,0.18,95.05,93.53,77.94,93.53,0.164,1753,5.5,11.6,Anderson Varejao
101154,Andray,1610612751,BKN,26.0,82,49,33,0.598,1555.1783333333333,346,676,0.512,3,22,0.136,148,216,0.685,161,256,417,85,123,86,54,63,163,195,843,-25,1767.9,7,0,1628.0,1,2012-13,19.0,102.2,103.3,103.3,103.5,103.0,103.0,-1.3,0.3,0.3,0.108,0.69,8.7,0.104,0.185,0.142,12.6,12.6,0.514,0.547,0.258,0.263,91.18,90.93,75.77,90.93,0.146,2930,4.2,8.2,Andray Blatche
203083,Andre,1610612765,DET,19.0,60,23,37,0.383,1242.69,208,342,0.608,1,2,0.5,59,159,0.371,169,288,457,30,57,59,95,27,144,123,476,-50,1474.4,9,0,1272.0,1,2012-13,20.7,103.8,103.7,103.7,105.3,106.1,106.1,-1.5,-2.4,-2.4,0.04,0.53,6.0,0.133,0.235,0.183,11.4,11.4,0.61,0.578,0.167,0.17,93.05,92.74,77.28,92.74,0.137,2405,3.5,5.7,Andre Drummond
2738,Andre,1610612743,DEN,29.0,80,57,23,0.713,2778.8883333333333,396,879,0.451,91,287,0.317,155,270,0.574,82,341,423,433,206,139,52,30,127,221,1038,380,2562.1,10,1,2367.0,1,2012-13,34.7,107.9,109.0,109.0,100.5,102.2,102.2,7.3,6.9,6.9,0.224,2.1,26.5,0.03,0.118,0.075,12.6,12.6,0.502,0.52,0.186,0.188,97.81,96.5,80.41,96.5,0.109,5585,5.0,11.0,Andre Iguodala
1889,Andre,1610612743,DEN,37.0,82,57,25,0.695,2151.2883333333334,303,632,0.479,17,64,0.266,163,194,0.84,60,178,238,484,172,73,11,68,159,189,786,209,1877.6,4,0,1693.0,1,2012-13,26.2,107.1,107.4,107.4,101.9,103.2,103.2,5.2,4.2,4.2,0.326,2.81,35.3,0.028,0.08,0.055,12.6,12.5,0.493,0.548,0.176,0.18,97.17,96.46,80.38,96.46,0.115,4336,3.7,7.7,Andre Miller
200745,Andrea,1610612761,TOR,27.0,35,10,25,0.286,1002.5066666666668,170,426,0.399,38,123,0.309,65,77,0.844,26,102,128,38,54,21,23,22,64,87,443,-113,731.6,0,0,735.0,1,2012-13,28.6,101.5,102.6,102.6,107.4,108.5,108.5,-5.8,-5.9,-5.9,0.064,0.7,6.9,0.026,0.107,0.065,9.8,9.8,0.444,0.482,0.23,0.233,95.61,94.63,78.86,94.63,0.07,1978,4.9,12.2,Andrea Bargnani
1905,Andrei,1610612750,MIN,32.0,64,26,38,0.406,2033.8866666666668,284,560,0.507,35,120,0.292,188,250,0.752,102,260,362,177,119,96,62,33,82,203,791,-27,1845.9,7,0,1681.0,1,2012-13,31.8,101.3,102.7,102.7,102.8,103.2,103.2,-1.4,-0.5,-0.5,0.144,1.49,18.3,0.05,0.137,0.091,12.3,12.3,0.538,0.59,0.17,0.173,95.28,94.45,78.71,94.45,0.125,3999,4.4,8.8,Andrei Kirilenko
101106,Andrew,1610612744,GSW,28.0,32,19,13,0.594,785.71,83,184,0.451,1,1,1.0,19,38,0.5,68,177,245,67,35,20,55,14,85,54,186,37,770.5,1,0,649.0,1,2012-13,24.6,105.6,105.7,105.7,102.8,103.4,103.4,2.8,2.3,2.3,0.121,1.91,22.0,0.089,0.212,0.153,11.5,11.6,0.454,0.463,0.134,0.135,96.61,96.28,80.23,96.28,0.092,1576,2.6,5.8,Andrew Bogut
202726,Andrew,1610612747,LAL,24.0,1,1,0,1.0,6.2,0,2,0.0,0,0,0.0,0,0,0.0,1,0,1,0,0,0,0,0,0,0,0,-12,1.2,0,0,1.0,1,2012-13,6.2,34.0,30.8,30.8,122.3,114.3,114.3,-88.3,-83.5,-83.5,0.0,0.0,0.0,0.0,0.0,0.0,0.0,0.0,0.0,0.0,0.143,0.157,96.15,104.52,87.1,104.52,-0.13,13,0.0,2.0,Andrew Goudelock
203094,Andrew,1610612753,ORL,23.0,75,18,57,0.24,1249.4083333333333,256,486,0.527,0,0,0.0,75,94,0.798,69,189,258,44,79,24,32,21,133,90,587,-157,1051.6,2,0,1001.0,1,2012-13,16.7,96.3,96.6,96.6,103.2,103.0,103.0,-6.9,-6.4,-6.4,0.062,0.56,6.8,0.056,0.153,0.104,12.2,12.1,0.527,0.557,0.216,0.221,94.86,94.82,79.01,94.82,0.101,2468,3.4,6.5,Andrew Nicholson
2740,Andris,1610612744,GSW,27.0,53,28,25,0.528,495.2166666666666,10,21,0.476,0,0,0.0,4,13,0.308,34,119,153,14,14,15,42,3,101,14,24,-75,385.6,0,0,305.0,1,2012-13,9.3,97.3,96.0,96.0,102.1,101.7,101.7,-4.8,-5.7,-5.7,0.039,1.0,25.5,0.068,0.219,0.147,25.5,25.6,0.476,0.449,0.037,0.037,96.93,97.8,81.5,97.8,0.045,1000,0.2,0.4,Andris Biedrins
1712,Antawn,1610612747,LAL,37.0,76,41,35,0.539,1635.5916666666667,267,575,0.464,84,233,0.361,94,136,0.691,109,253,362,50,53,30,22,28,124,116,712,16,1324.4,5,0,1312.0,1,2012-13,21.5,106.7,106.6,106.6,104.3,106.1,106.1,2.3,0.5,0.5,0.051,0.94,6.8,0.066,0.146,0.107,7.2,7.2,0.537,0.561,0.183,0.188,96.97,96.21,80.18,96.21,0.099,3279,3.5,7.6,Antawn Jamison
203076,Anthony,1610612740,NOH,20.0,64,23,41,0.359,1845.9516666666664,349,676,0.516,0,6,0.0,169,225,0.751,165,357,522,63,89,75,112,47,158,202,867,-154,2059.9,20,0,1826.0,1,2012-13,28.8,102.4,104.0,104.0,107.9,107.8,107.8,-5.5,-3.8,-3.8,0.06,0.71,6.8,0.094,0.213,0.152,9.6,9.6,0.516,0.559,0.212,0.215,91.68,91.04,75.86,91.04,0.135,3491,5.5,10.6,Anthony Davis
201627,Anthony,1610612742,DAL,27.0,41,25,16,0.61,383.045,64,145,0.441,16,43,0.372,20,22,0.909,11,19,30,13,8,13,1,8,43,18,164,-56,253.5,0,0,251.0,2,2012-13,9.3,100.4,97.8,97.8,107.3,105.7,105.7,-6.9,-7.9,-7.9,0.058,1.63,7.5,0.029,0.056,0.042,4.6,4.6,0.497,0.53,0.186,0.197,93.0,94.99,79.16,94.99,0.065,760,1.6,3.5,Anthony Morrow
201576,Anthony,1610612743,DEN,23.0,39,29,10,0.744,328.9033333333333,56,114,0.491,0,8,0.0,31,45,0.689,29,66,95,12,37,19,21,14,41,29,143,4,358.0,1,0,330.0,1,2012-13,8.4,105.5,103.3,103.3,103.6,102.7,102.7,1.9,0.6,0.6,0.054,0.32,6.5,0.091,0.174,0.136,20.0,20.2,0.491,0.534,0.213,0.217,100.81,102.3,85.25,102.3,0.096,701,1.4,2.9,Anthony Randolph
201229,Anthony,1610612737,ATL,28.0,62,28,34,0.452,963.16,82,216,0.38,45,133,0.338,44,51,0.863,31,124,155,32,36,15,12,9,66,44,253,-63,532.0,0,0,539.0,1,2012-13,15.5,98.5,96.7,96.7,99.8,99.5,99.5,-1.3,-2.9,-2.9,0.052,0.89,10.4,0.032,0.128,0.08,11.7,11.7,0.484,0.531,0.129,0.132,95.04,96.03,80.03,96.03,0.064,1923,1.3,3.5,Anthony Tolliver
203102,Arnett,1610612755,PHI,22.0,47,20,27,0.426,541.7083333333334,78,134,0.582,0,0,0.0,18,28,0.643,76,69,145,10,19,17,10,13,43,24,174,-84,425.0,1,0,383.0,1,2012-13,11.5,99.0,97.4,97.4,106.4,104.4,104.4,-7.4,-7.0,-7.0,0.031,0.53,5.7,0.132,0.134,0.133,10.9,10.8,0.582,0.595,0.135,0.14,92.56,94.19,78.49,94.19,0.099,1058,1.7,2.9,Arnett Moultrie
203382,Aron,1610612759,SAS,26.0,16,11,5,0.688,141.355,18,36,0.5,0,1,0.0,7,12,0.583,12,20,32,5,11,1,6,0,23,9,43,-2,98.9,0,0,94.0,1,2012-13,8.8,101.0,98.0,98.0,101.1,97.1,97.1,-0.1,0.9,0.9,0.053,0.45,8.8,0.084,0.138,0.111,19.3,19.2,0.5,0.521,0.158,0.164,99.48,103.06,85.88,103.06,0.042,301,1.1,2.3,Aron Baynes
201167,Arron,1610612753,ORL,27.0,64,18,46,0.281,2306.65,397,905,0.439,72,240,0.3,191,223,0.857,29,210,239,206,138,40,11,59,137,188,1057,-321,1667.8,0,0,1676.0,1,2012-13,36.0,100.5,101.5,101.5,107.9,109.2,109.2,-7.4,-7.6,-7.6,0.146,1.49,15.4,0.013,0.095,0.054,10.3,10.2,0.478,0.527,0.224,0.228,94.16,93.15,77.63,93.15,0.087,4486,6.2,14.1,Arron Afflalo
201948,Austin,1610612763,MEM,25.0,55,34,21,0.618,675.6333333333333,90,208,0.433,41,98,0.418,26,34,0.765,16,107,123,42,29,14,22,9,82,29,247,22,536.6,0,0,525.0,2,2012-13,12.3,104.4,103.2,103.2,102.8,102.3,102.3,1.7,0.9,0.9,0.093,1.45,14.3,0.024,0.161,0.092,9.9,9.9,0.531,0.554,0.163,0.168,95.03,95.84,79.87,95.84,0.085,1354,1.6,3.8,Austin Daye
203085,Austin,1610612740,NOH,20.0,61,21,40,0.344,1417.55,145,390,0.372,28,86,0.326,59,108,0.546,16,93,109,127,74,26,9,53,122,105,377,-158,729.3,0,0,711.0,1,2012-13,23.2,100.9,101.7,101.7,107.6,107.1,107.1,-6.7,-5.4,-5.4,0.142,1.72,19.8,0.012,0.07,0.04,11.5,11.6,0.408,0.431,0.169,0.172,89.92,89.77,74.81,89.77,0.031,2644,2.4,6.4,Austin Rivers
202340,Avery,1610612738,BOS,22.0,50,27,23,0.54,1434.635,192,478,0.402,40,126,0.317,37,49,0.755,30,81,111,104,72,64,19,37,129,65,461,-44,927.2,0,0,882.0,1,2012-13,28.7,101.6,101.6,101.6,100.3,102.4,102.4,1.3,-0.7,-0.7,0.115,1.44,15.3,0.023,0.055,0.04,10.6,10.7,0.444,0.461,0.189,0.19,94.51,93.53,77.94,93.53,0.049,2784,3.8,9.6,Avery Bradley
2732,Ben,1610612766,CHA,30.0,75,19,56,0.253,1559.993333333333,310,760,0.408,113,292,0.387,107,127,0.843,18,112,130,141,136,35,16,49,134,128,840,-430,1224.5,0,0,1326.0,1,2012-13,20.8,97.9,97.9,97.9,113.3,113.5,113.5,-15.4,-15.6,-15.6,0.18,1.04,13.0,0.011,0.076,0.042,12.5,12.4,0.482,0.515,0.265,0.276,94.75,94.66,78.88,94.66,0.076,3100,4.1,10.1,Ben Gordon
203162,Ben,1610612754,IND,25.0,28,20,8,0.714,200.3,15,45,0.333,6,23,0.261,21,27,0.778,2,16,18,21,18,7,2,2,23,22,57,-31,119.1,0,0,120.0,1,2012-13,7.2,87.2,85.0,85.0,93.9,94.1,94.1,-6.7,-9.1,-9.1,0.202,1.17,21.9,0.008,0.071,0.039,18.8,18.8,0.4,0.501,0.155,0.163,97.02,98.13,81.78,98.13,0.05,413,0.5,1.6,Ben Hansbrough
2757,Beno,1610612753,ORL,30.0,66,24,42,0.364,1456.6466666666668,210,476,0.441,34,102,0.333,84,103,0.816,34,107,141,302,108,41,3,23,90,108,538,-151,1184.2,3,0,1103.0,2,2012-13,22.1,96.7,98.1,98.1,103.5,103.6,103.6,-6.8,-5.4,-5.4,0.329,2.8,32.5,0.022,0.072,0.046,11.6,11.6,0.477,0.516,0.186,0.189,96.3,95.61,79.68,95.61,0.107,2905,3.2,7.2,Beno Udrih
203108,Bernard,1610612742,DAL,28.0,46,24,22,0.522,457.025,53,103,0.515,0,2,0.0,25,41,0.61,52,79,131,6,18,12,38,11,64,37,131,-21,429.2,0,0,368.0,1,2012-13,9.9,103.6,101.9,101.9,104.1,103.7,103.7,-0.5,-1.8,-1.8,0.02,0.33,4.1,0.107,0.173,0.139,12.4,12.4,0.515,0.541,0.129,0.133,98.65,99.67,83.06,99.67,0.076,947,1.2,2.2,Bernard James
202687,Bismack,1610612766,CHA,20.0,80,20,60,0.25,2186.201666666667,156,346,0.451,0,0,0.0,74,142,0.521,194,388,582,35,82,28,143,53,195,124,386,-371,1567.9,7,0,1345.0,1,2012-13,27.3,100.0,101.1,101.1,109.0,109.4,109.4,-8.9,-8.4,-8.4,0.025,0.43,6.6,0.088,0.186,0.136,15.5,15.6,0.451,0.472,0.101,0.103,93.22,92.54,77.12,92.54,0.063,4206,2.0,4.3,Bismack Biyombo
201933,Blake,1610612746,LAC,24.0,80,55,25,0.688,2598.4083333333333,577,1072,0.538,5,28,0.179,281,426,0.66,186,476,662,299,185,97,50,60,231,436,1440,387,2938.9,28,1,2700.0,1,2012-13,32.5,110.6,113.0,113.0,104.0,105.0,105.0,6.6,8.0,8.0,0.192,1.62,17.3,0.077,0.2,0.138,10.7,10.6,0.541,0.572,0.25,0.254,93.38,91.97,76.64,91.97,0.15,4974,7.2,13.4,Blake Griffin
2564,Boris,1610612759,SAS,31.0,75,55,20,0.733,1708.76,179,332,0.539,30,78,0.385,47,65,0.723,66,188,254,180,84,52,27,12,143,72,435,154,1162.8,0,0,1057.0,1,2012-13,22.8,106.4,106.2,106.2,101.4,101.6,101.6,5.0,4.6,4.6,0.152,2.14,28.8,0.043,0.109,0.078,13.5,13.4,0.584,0.603,0.119,0.121,95.95,95.96,79.96,95.96,0.08,3414,2.4,4.4,Boris Diaw
203078,Bradley,1610612764,WAS,20.0,56,21,35,0.375,1744.5716666666667,282,687,0.41,91,236,0.386,125,159,0.786,43,168,211,137,90,50,29,42,113,104,780,-92,1385.7,3,0,1377.0,1,2012-13,31.2,97.7,98.3,98.3,100.8,100.6,100.6,-3.2,-2.2,-2.2,0.136,1.52,14.0,0.024,0.096,0.06,9.2,9.1,0.477,0.515,0.218,0.22,94.49,94.3,78.59,94.3,0.093,3420,5.0,12.3,Bradley Beal
201148,Brandan,1610612742,DAL,25.0,64,33,31,0.516,1148.7583333333334,241,404,0.597,0,3,0.0,59,96,0.615,85,175,260,38,34,26,76,25,78,86,541,100,1182.0,1,0,1043.0,1,2012-13,17.9,107.9,107.0,107.0,102.8,102.1,102.1,5.1,4.9,4.9,0.054,1.12,7.4,0.077,0.143,0.112,6.6,6.6,0.597,0.606,0.185,0.191,96.16,96.92,80.77,96.92,0.129,2313,3.8,6.3,Brandan Wright
101138,Brandon,1610612738,BOS,28.0,81,41,40,0.506,2239.245,286,589,0.486,0,2,0.0,129,150,0.86,129,296,425,84,80,44,64,45,188,124,701,-176,1581.0,3,0,1426.0,1,2012-13,27.6,100.8,101.1,101.1,102.9,104.6,104.6,-2.1,-3.5,-3.5,0.06,1.05,10.3,0.063,0.137,0.101,9.8,9.8,0.486,0.535,0.154,0.156,94.04,93.15,77.62,93.15,0.081,4334,3.5,7.3,Brandon Bass
201943,Brandon,1610612749,MIL,23.0,80,38,42,0.475,2896.891666666667,497,1247,0.399,173,461,0.375,230,281,0.819,59,187,246,521,203,125,10,55,155,237,1397,-286,2675.7,13,0,2607.0,1,2012-13,36.2,100.2,101.3,101.3,104.5,106.2,106.2,-4.3,-5.0,-5.0,0.296,2.57,25.0,0.019,0.064,0.041,9.7,9.7,0.468,0.51,0.234,0.238,97.38,96.07,80.06,96.07,0.107,5799,6.2,15.6,Brandon Jennings
202688,Brandon,1610612765,DET,21.0,75,29,46,0.387,2365.4166666666665,357,878,0.407,120,327,0.367,165,225,0.733,54,193,247,303,205,58,8,57,157,227,999,-122,1742.9,3,0,1801.0,1,2012-13,31.5,99.6,100.9,100.9,102.7,103.6,103.6,-3.1,-2.7,-2.7,0.216,1.48,20.5,0.023,0.083,0.053,13.8,13.8,0.475,0.511,0.223,0.227,93.34,92.28,76.9,92.28,0.082,4548,4.8,11.7,Brandon Knight
200750,Brandon,1610612750,MIN,28.0,5,4,1,0.8,121.86,11,35,0.314,0,9,0.0,7,10,0.7,3,11,14,23,7,3,0,1,5,8,29,6,82.3,0,0,72.0,1,2012-13,24.4,103.8,107.0,107.0,102.9,104.4,104.4,0.8,2.6,2.6,0.267,3.29,32.9,0.029,0.088,0.061,10.0,10.1,0.314,0.368,0.179,0.179,92.23,90.2,75.17,90.2,0.07,229,2.2,7.0,Brandon Roy
201575,Brandon,1610612744,GSW,27.0,2,1,1,0.5,25.348333333333333,6,9,0.667,0,2,0.0,2,3,0.667,0,1,1,2,3,0,0,1,5,3,14,6,15.2,0,0,17.0,1,2012-13,12.7,99.1,96.3,96.3,86.3,88.5,88.5,12.7,7.8,7.8,0.154,0.67,14.3,0.0,0.037,0.019,21.4,19.6,0.667,0.678,0.2,0.228,100.13,100.36,83.63,100.36,0.067,54,3.0,4.5,Brandon Rush
2217,Brendan,1610612766,CHA,33.0,61,15,46,0.246,1162.085,93,216,0.431,0,1,0.0,30,66,0.455,125,165,290,29,50,16,49,19,125,55,216,-175,752.5,1,0,665.0,1,2012-13,19.1,96.7,97.5,97.5,104.9,105.4,105.4,-8.2,-7.9,-7.9,0.04,0.58,9.0,0.102,0.144,0.122,15.4,15.4,0.431,0.441,0.112,0.115,93.93,93.33,77.77,93.33,0.047,2261,1.5,3.5,Brendan Haywood
203148,Brian,1610612740,NOH,27.0,78,26,52,0.333,1323.7983333333334,213,511,0.417,59,153,0.386,70,77,0.909,17,80,97,219,71,37,3,33,108,111,555,-172,1048.9,2,0,1010.0,1,2012-13,17.0,100.3,99.5,99.5,108.7,107.7,107.7,-8.4,-8.2,-8.2,0.301,3.08,26.3,0.013,0.068,0.039,8.5,8.5,0.475,0.509,0.212,0.219,89.41,90.21,75.18,90.21,0.1,2503,2.7,6.6,Brian Roberts
201572,Brook,1610612751,BKN,25.0,74,46,28,0.622,2253.3716666666664,570,1094,0.521,0,1,0.0,297,392,0.758,208,304,512,70,131,33,154,68,152,304,1437,288,2586.4,12,0,2393.0,1,2012-13,30.5,107.5,108.7,108.7,102.7,102.5,102.5,4.8,6.1,6.1,0.061,0.53,4.8,0.096,0.138,0.117,8.9,8.9,0.521,0.567,0.282,0.285,90.99,90.53,75.44,90.53,0.148,4263,7.7,14.8,Brook Lopez
201957,Byron,1610612766,CHA,24.0,53,13,40,0.245,1427.665,217,563,0.385,66,208,0.317,64,99,0.646,71,266,337,81,74,34,32,27,110,93,564,-419,1213.9,8,0,1180.0,1,2012-13,26.9,96.8,98.1,98.1,113.0,113.1,113.1,-16.2,-14.9,-14.9,0.102,1.09,10.6,0.046,0.196,0.116,9.7,9.7,0.444,0.465,0.21,0.213,94.91,94.24,78.53,94.24,0.085,2803,4.1,10.6,Byron Mullens
201228,C.J.,1610612751,BKN,29.0,80,47,33,0.588,1521.2833333333333,192,459,0.418,88,214,0.411,71,91,0.78,38,107,145,161,69,66,12,18,123,109,543,23,1123.5,0,0,1093.0,1,2012-13,19.0,103.6,102.9,102.9,102.7,102.3,102.3,0.8,0.6,0.6,0.178,2.33,22.1,0.025,0.075,0.049,9.5,9.5,0.514,0.544,0.168,0.173,90.18,90.67,75.55,90.67,0.093,2876,2.4,5.7,C.J. Watson
101139,CJ,1610612739,CLE,26.0,65,19,46,0.292,1363.9233333333334,255,614,0.415,126,328,0.384,93,107,0.869,24,150,174,63,69,49,17,21,138,82,729,-85,1161.3,0,0,1224.0,1,2012-13,21.0,101.2,102.2,102.2,105.2,105.5,105.5,-4.1,-3.3,-3.3,0.083,0.91,8.0,0.017,0.114,0.064,8.8,8.7,0.518,0.551,0.234,0.24,95.34,94.7,78.92,94.7,0.096,2693,3.9,9.4,CJ Miles
201171,Carl,1610612744,GSW,29.0,81,46,35,0.568,1875.6916666666664,325,602,0.54,1,3,0.333,223,273,0.817,180,303,483,65,115,35,31,58,190,229,874,-12,1634.1,7,0,1555.0,1,2012-13,23.2,103.1,102.8,102.8,104.2,103.9,103.9,-1.1,-1.0,-1.0,0.056,0.57,7.2,0.098,0.158,0.129,12.8,12.7,0.541,0.605,0.195,0.199,96.12,96.4,80.33,96.4,0.115,3780,4.0,7.4,Carl Landry
2430,Carlos,1610612741,CHI,31.0,79,43,36,0.544,2546.24,544,1140,0.477,0,2,0.0,193,264,0.731,175,596,771,179,176,66,28,90,239,220,1281,-74,2580.7,44,0,2419.0,1,2012-13,32.2,99.3,101.1,101.1,102.0,102.5,102.5,-2.7,-1.5,-1.5,0.132,1.02,11.1,0.069,0.244,0.155,11.0,10.9,0.477,0.51,0.255,0.258,91.74,90.71,75.59,90.71,0.138,4810,6.9,14.4,Carlos Boozer
2568,Carlos,1610612745,HOU,30.0,67,38,29,0.567,1689.263333333333,251,620,0.405,158,421,0.375,48,56,0.857,18,202,220,135,72,68,9,26,114,54,708,247,1333.5,0,0,1375.0,1,2012-13,25.2,108.7,109.5,109.5,102.5,102.7,102.7,6.2,6.8,6.8,0.125,1.88,15.9,0.01,0.118,0.064,8.5,8.5,0.532,0.549,0.181,0.186,97.97,97.48,81.23,97.48,0.095,3437,3.7,9.3,Carlos Delfino
2546,Carmelo,1610612752,NYK,29.0,67,47,20,0.701,2481.853333333333,669,1489,0.449,157,414,0.379,425,512,0.83,134,326,460,171,175,52,32,88,205,414,1920,308,2805.5,10,0,2876.0,1,2012-13,37.0,110.5,112.0,112.0,104.4,105.8,105.8,6.1,6.2,6.2,0.137,0.98,8.3,0.055,0.142,0.097,8.5,8.5,0.502,0.56,0.349,0.353,92.02,90.75,75.63,90.75,0.151,4700,10.0,22.2,Carmelo Anthony
2406,Caron,1610612746,LAC,33.0,78,55,23,0.705,1879.3666666666663,305,720,0.424,128,330,0.388,75,90,0.833,41,182,223,78,72,51,11,29,139,74,813,253,1311.6,0,0,1366.0,1,2012-13,24.1,110.1,111.3,111.3,103.6,104.6,104.6,6.5,6.8,6.8,0.063,1.08,8.6,0.023,0.105,0.064,7.9,7.9,0.513,0.535,0.199,0.202,93.58,92.62,77.19,92.62,0.075,3630,3.9,9.2,Caron Butler
201858,Cartier,1610612764,WAS,28.0,41,8,33,0.195,693.8733333333333,96,252,0.381,58,146,0.397,20,28,0.714,11,89,100,20,32,19,6,7,58,42,270,-47,463.0,0,0,498.0,1,2012-13,16.9,97.1,97.1,97.1,100.9,99.9,99.9,-3.8,-2.9,-2.9,0.049,0.63,6.3,0.015,0.125,0.069,10.1,10.1,0.496,0.511,0.191,0.195,93.8,94.29,78.57,94.29,0.073,1359,2.3,6.1,Cartier Martin
202718,Chandler,1610612745,HOU,24.0,76,42,34,0.553,2758.3766666666666,456,939,0.486,152,395,0.385,113,155,0.729,79,325,404,269,147,75,32,71,148,148,1177,150,2239.3,8,0,2216.0,1,2012-13,36.3,105.8,107.0,107.0,103.2,104.1,104.1,2.6,2.9,2.9,0.157,1.83,18.9,0.029,0.117,0.073,10.3,10.3,0.567,0.584,0.182,0.184,98.56,97.51,81.26,97.51,0.107,5598,6.0,12.4,Chandler Parsons
202724,Charles,1610612755,PHI,24.0,59,29,30,0.492,440.9483333333333,49,121,0.405,1,2,0.5,12,22,0.545,8,24,32,44,21,15,2,12,22,18,111,-34,245.4,0,0,222.0,2,2012-13,7.5,95.8,92.1,92.1,96.3,94.7,94.7,-0.6,-2.6,-2.6,0.167,2.1,22.6,0.017,0.05,0.033,10.8,10.7,0.409,0.425,0.145,0.155,97.12,99.88,83.23,99.88,0.053,912,0.8,2.1,Charles Jenkins
101111,Charlie,1610612765,DET,28.0,69,26,43,0.377,1091.8633333333332,175,464,0.377,90,259,0.347,27,49,0.551,49,192,241,54,39,31,39,10,96,40,467,-90,1008.2,2,0,992.0,1,2012-13,15.8,103.9,103.7,103.7,107.8,108.2,108.2,-3.9,-4.5,-4.5,0.082,1.38,9.3,0.043,0.181,0.109,6.7,6.7,0.474,0.481,0.212,0.216,94.6,94.52,78.76,94.52,0.091,2153,2.5,6.7,Charlie Villanueva
201978,Chase,1610612750,MIN,25.0,23,12,11,0.522,507.5933333333333,79,191,0.414,26,81,0.321,32,42,0.762,15,56,71,25,23,14,7,9,29,32,216,21,378.7,0,0,380.0,1,2012-13,22.1,101.5,102.5,102.5,99.1,100.3,100.3,2.4,2.2,2.2,0.08,1.09,9.7,0.029,0.114,0.07,8.9,8.9,0.482,0.516,0.203,0.207,95.63,94.61,78.84,94.61,0.088,1000,3.4,8.3,Chase Budinger
1497,Chauncey,1610612746,LAC,36.0,22,16,6,0.727,418.3,53,132,0.402,33,90,0.367,45,48,0.938,2,30,32,49,26,12,1,3,25,37,184,46,308.9,0,0,324.0,1,2012-13,19.0,112.0,113.2,113.2,107.5,107.9,107.9,4.5,5.2,5.2,0.168,1.88,21.6,0.005,0.085,0.044,11.5,11.4,0.527,0.601,0.194,0.2,92.0,91.34,76.12,91.34,0.095,798,2.4,6.0,Chauncey Billups
2365,Chris,1610612748,MIA,34.0,42,39,3,0.929,624.47,71,123,0.577,2,3,0.667,63,93,0.677,57,115,172,17,24,16,44,13,89,87,207,96,594.9,0,0,518.0,1,2012-13,14.9,107.3,106.2,106.2,97.3,99.0,99.0,10.0,7.2,7.2,0.045,0.71,8.3,0.102,0.18,0.144,11.7,11.7,0.585,0.631,0.14,0.144,92.36,92.08,76.74,92.08,0.109,1203,1.7,2.9,Chris Andersen
2547,Chris,1610612748,MIA,29.0,74,58,16,0.784,2454.35,485,907,0.535,21,74,0.284,241,302,0.798,131,370,501,123,128,66,101,41,168,232,1232,474,2390.7,15,0,2211.0,1,2012-13,33.2,111.8,112.2,112.2,101.0,102.4,102.4,10.8,9.8,9.8,0.081,0.96,9.5,0.064,0.153,0.113,9.9,9.9,0.546,0.592,0.225,0.228,92.68,91.91,76.59,91.91,0.129,4706,6.6,12.3,Chris Bosh
203142,Chris,1610612752,NYK,29.0,56,38,18,0.679,861.6216666666667,182,380,0.479,59,140,0.421,63,83,0.759,34,85,119,27,50,16,12,32,104,74,486,56,703.3,0,0,747.0,1,2012-13,15.4,108.6,108.2,108.2,103.8,103.8,103.8,4.7,4.4,4.4,0.055,0.54,5.5,0.041,0.104,0.073,10.1,10.1,0.557,0.583,0.25,0.256,91.81,92.0,76.67,92.0,0.09,1644,3.3,6.8,Chris Copeland
201604,Chris,1610612742,DAL,26.0,6,1,5,0.167,63.08166666666666,5,14,0.357,0,4,0.0,7,10,0.7,0,5,5,4,1,2,0,0,4,5,17,-13,34.0,0,0,30.0,1,2012-13,10.5,96.2,96.7,96.7,109.8,105.6,105.6,-13.6,-8.9,-8.9,0.103,4.0,16.7,0.0,0.082,0.038,4.2,4.3,0.357,0.462,0.138,0.137,92.77,94.35,78.63,94.35,0.052,123,0.8,2.3,Chris Douglas-Roberts
2768,Chris,1610612747,LAL,30.0,46,23,23,0.5,820.0416666666666,47,123,0.382,33,91,0.363,6,13,0.462,11,57,68,133,40,20,1,4,56,17,133,-8,437.1,1,0,409.0,1,2012-13,17.8,106.2,105.8,105.8,105.8,106.6,106.6,0.5,-0.8,-0.8,0.236,3.33,44.2,0.013,0.066,0.04,13.3,13.3,0.516,0.517,0.089,0.091,96.42,96.2,80.17,96.2,0.06,1646,1.0,2.7,Chris Duhon
202419,Chris,1610612750,MIN,27.0,30,8,22,0.267,284.215,48,75,0.64,0,0,0.0,21,34,0.618,20,40,60,8,13,7,28,2,49,33,117,-24,293.0,0,0,255.0,1,2012-13,9.5,106.9,106.6,106.6,111.0,110.2,110.2,-4.1,-3.5,-3.5,0.042,0.62,7.1,0.076,0.137,0.108,11.5,11.7,0.64,0.65,0.165,0.166,93.95,94.41,78.67,94.41,0.091,557,1.6,2.5,Chris Johnson
203187,Chris,1610612763,MEM,23.0,8,4,4,0.5,102.10166666666667,11,25,0.44,6,18,0.333,1,2,0.5,5,6,11,2,3,4,0,3,5,2,29,36,54.2,0,0,56.0,1,2012-13,12.8,111.4,111.7,111.7,93.3,92.5,92.5,18.1,19.2,19.2,0.025,0.67,6.5,0.046,0.062,0.053,9.7,9.7,0.56,0.56,0.121,0.124,92.76,93.08,77.57,93.08,0.062,197,1.4,3.1,Chris Johnson
2549,Chris,1610612742,DAL,31.0,66,31,35,0.47,1362.9766666666667,313,617,0.507,0,1,0.0,67,85,0.788,97,275,372,51,103,29,52,28,141,91,693,-128,1355.9,3,0,1278.0,1,2012-13,20.7,100.1,100.1,100.1,104.8,105.5,105.5,-4.6,-5.3,-5.3,0.066,0.5,6.3,0.075,0.203,0.141,12.7,12.7,0.507,0.529,0.251,0.255,95.63,95.3,79.41,95.3,0.113,2714,4.7,9.3,Chris Kaman
101108,Chris,1610612746,LAC,28.0,70,50,20,0.714,2334.8866666666668,412,856,0.481,76,232,0.328,286,323,0.885,53,209,262,678,159,169,10,23,143,281,1186,432,2895.4,31,0,2560.0,1,2012-13,33.4,112.1,114.3,114.3,103.3,104.5,104.5,8.7,9.7,9.7,0.443,4.26,37.0,0.024,0.096,0.06,8.7,8.7,0.526,0.594,0.223,0.225,93.77,92.32,76.94,92.32,0.178,4489,5.9,12.2,Chris Paul
200809,Chris,1610612739,CLE,29.0,7,0,7,0.0,78.33333333333333,4,16,0.25,0,5,0.0,2,2,1.0,1,1,2,9,6,3,0,0,4,7,10,11,28.9,0,0,27.0,1,2012-13,11.2,93.6,97.4,97.4,89.9,89.5,89.5,3.7,7.9,7.9,0.155,1.5,28.1,0.013,0.015,0.014,18.8,18.8,0.25,0.296,0.131,0.132,94.44,92.83,77.36,92.83,0.006,151,0.6,2.3,Chris Quinn
202698,Chris,1610612764,WAS,23.0,57,17,40,0.298,923.965,92,241,0.382,7,36,0.194,40,70,0.571,51,133,184,37,45,38,24,13,124,62,231,-90,648.3,1,0,583.0,1,2012-13,16.2,97.1,97.0,97.0,101.7,100.5,100.5,-4.6,-3.6,-3.6,0.065,0.82,10.5,0.054,0.146,0.099,12.7,12.7,0.396,0.425,0.154,0.157,94.58,95.15,79.29,95.15,0.045,1819,1.6,4.2,Chris Singleton
2404,Chris,1610612738,BOS,30.0,61,33,28,0.541,829.4733333333334,110,153,0.719,0,1,0.0,39,58,0.672,55,125,180,22,34,32,28,4,125,52,259,-46,654.0,0,0,581.0,1,2012-13,13.6,101.1,100.4,100.4,101.7,102.1,102.1,-0.6,-1.7,-1.7,0.041,0.65,9.4,0.072,0.141,0.109,14.5,14.5,0.719,0.725,0.117,0.119,96.4,96.52,80.44,96.52,0.092,1659,1.8,2.5,Chris Wilcox
203203,Chris,1610612742,DAL,23.0,3,2,1,0.667,4.375,1,2,0.5,0,0,0.0,0,0,0.0,0,0,0,0,1,0,0,0,0,1,2,-8,1.0,0,0,2.0,1,2012-13,1.5,55.1,46.2,46.2,130.1,127.3,127.3,-75.0,-81.1,-81.1,0.0,0.0,0.0,0.0,0.0,0.0,33.3,33.3,0.5,0.5,0.2,0.253,118.71,131.66,109.71,131.66,0.0,13,0.3,0.7,Chris Wright
101236,Chuck,1610612758,SAC,30.0,74,27,47,0.365,1208.8666666666666,84,190,0.442,0,1,0.0,30,48,0.625,113,186,299,112,44,31,18,25,114,41,198,-28,827.8,0,0,707.0,1,2012-13,16.3,102.3,103.4,103.4,104.5,104.3,104.3,-2.2,-0.9,-0.9,0.135,2.55,30.4,0.091,0.156,0.123,12.0,12.0,0.442,0.469,0.093,0.095,94.56,94.2,78.5,94.2,0.076,2369,1.1,2.6,Chuck Hayes
202332,Cole,1610612758,SAC,24.0,45,20,25,0.444,387.74,44,80,0.55,0,0,0.0,12,20,0.6,30,90,120,9,23,5,23,8,60,18,100,9,318.5,2,0,285.0,2,2012-13,8.6,106.2,105.1,105.1,104.3,103.7,103.7,1.9,1.5,1.5,0.032,0.39,7.4,0.075,0.22,0.148,19.0,19.0,0.55,0.563,0.121,0.125,100.47,101.33,84.44,101.33,0.071,817,1.0,1.8,Cole Aldrich
201147,Corey,1610612743,DEN,27.0,82,57,25,0.695,2002.6583333333333,375,883,0.425,91,307,0.296,149,216,0.69,55,180,235,124,102,118,23,59,154,164,990,149,1779.0,0,0,1722.0,1,2012-13,24.4,107.0,106.6,106.6,101.5,102.7,102.7,5.5,3.9,3.9,0.097,1.22,10.3,0.027,0.084,0.056,8.5,8.5,0.476,0.506,0.228,0.233,98.85,98.4,82.0,98.4,0.088,4101,4.6,10.8,Corey Brewer
1894,Corey,1610612765,DET,33.0,18,7,11,0.389,256.9216666666667,27,76,0.355,5,21,0.238,36,48,0.75,5,20,25,19,17,6,2,8,42,32,95,-17,160.5,0,0,160.0,1,2012-13,14.3,98.2,98.4,98.4,101.4,102.3,102.3,-3.1,-3.9,-3.9,0.121,1.12,14.3,0.018,0.079,0.047,12.8,12.8,0.388,0.489,0.197,0.202,91.09,90.61,75.51,90.61,0.033,486,1.5,4.2,Corey Maggette
202809,Cory,1610612766,CHA,24.0,6,3,3,0.5,32.235,6,19,0.316,1,5,0.2,1,2,0.5,1,2,3,5,0,3,0,0,5,3,14,-7,34.1,0,0,29.0,1,2012-13,5.4,106.3,97.1,97.1,114.2,110.4,110.4,-7.9,-13.3,-13.3,0.278,0.0,20.0,0.032,0.057,0.045,0.0,0.0,0.342,0.352,0.274,0.297,95.18,101.26,84.38,101.26,0.046,69,1.0,3.2,Cory Higgins
202709,Cory,1610612759,SAS,21.0,28,19,9,0.679,387.86,51,110,0.464,6,21,0.286,18,21,0.857,12,40,52,53,21,15,4,10,25,27,126,-6,303.9,0,0,275.0,1,2012-13,13.9,101.2,100.5,100.5,102.7,100.7,100.7,-1.5,-0.2,-0.2,0.199,2.52,27.3,0.031,0.102,0.066,10.8,10.9,0.491,0.528,0.157,0.161,97.75,99.0,82.5,99.0,0.092,798,1.8,3.9,Cory Joseph
201584,Courtney,1610612738,BOS,27.0,78,40,38,0.513,1940.9666666666667,246,530,0.464,58,156,0.372,62,72,0.861,31,159,190,143,84,89,21,25,139,66,612,-93,1300.5,0,0,1223.0,1,2012-13,24.9,102.0,101.2,101.2,102.5,103.0,103.0,-0.6,-1.8,-1.8,0.116,1.7,18.1,0.018,0.084,0.052,10.6,10.7,0.519,0.545,0.155,0.158,93.73,93.87,78.23,93.87,0.079,3784,3.2,6.8,Courtney Lee
201571,D.J.,1610612754,IND,25.0,76,45,31,0.592,1226.3866666666668,103,294,0.35,67,190,0.353,83,99,0.838,20,71,91,170,68,34,3,20,64,85,356,-37,763.2,0,0,758.0,1,2012-13,16.1,97.3,96.6,96.6,98.4,99.4,99.4,-1.1,-2.8,-2.8,0.242,2.5,29.8,0.016,0.057,0.037,11.9,11.8,0.464,0.527,0.144,0.151,92.88,92.7,77.25,92.7,0.089,2384,1.4,3.9,D.J. Augustin
201591,DJ,1610612738,BOS,26.0,12,4,8,0.333,85.97666666666667,12,23,0.522,0,0,0.0,5,9,0.556,4,9,13,4,2,1,6,2,5,7,29,27,69.6,0,0,60.0,1,2012-13,7.2,107.3,104.2,104.2,93.4,89.6,89.6,13.9,14.6,14.6,0.07,2.0,12.1,0.053,0.1,0.078,6.1,6.1,0.522,0.538,0.158,0.165,88.68,91.84,76.53,91.84,0.097,166,1.0,1.9,DJ White
201969,DaJuan,1610612746,LAC,25.0,2,1,1,0.5,6.655,1,4,0.25,0,0,0.0,0,0,0.0,0,2,2,1,0,0,0,0,0,0,2,0,5.9,0,0,5.0,1,2012-13,3.3,86.5,85.7,85.7,93.2,85.7,85.7,-6.7,0.0,0.0,0.25,0.0,20.0,0.0,0.0,0.0,0.0,0.0,0.25,0.25,0.286,0.288,96.5,100.98,84.15,100.98,0.083,14,0.5,2.0,DaJuan Summers
201161,Daequan,1610612741,CHI,26.0,49,25,24,0.51,440.75,51,167,0.305,26,91,0.286,9,12,0.75,7,54,61,19,15,8,7,3,26,11,137,-42,268.7,0,0,273.0,2,2012-13,9.0,99.4,99.3,99.3,105.3,104.8,104.8,-5.8,-5.4,-5.4,0.072,1.27,9.3,0.015,0.129,0.069,7.3,7.3,0.383,0.398,0.181,0.188,95.98,96.27,80.23,96.27,0.043,887,1.0,3.4,Daequan Cook
2563,Dahntay,1610612737,ATL,32.0,78,35,43,0.449,1016.56,82,222,0.369,11,49,0.224,87,113,0.77,24,77,101,48,38,22,6,17,119,97,262,-99,501.2,0,0,478.0,2,2012-13,13.0,101.7,98.7,98.7,103.5,102.6,102.6,-1.8,-3.9,-3.9,0.07,1.26,13.4,0.024,0.072,0.049,10.6,10.6,0.394,0.482,0.135,0.14,96.24,98.1,81.75,98.1,0.029,2069,1.1,2.8,Dahntay Jones
203081,Damian,1610612757,POR,22.0,82,33,49,0.402,3166.87,553,1288,0.429,185,503,0.368,271,321,0.844,42,215,257,531,243,74,19,78,172,278,1562,-62,2702.9,7,0,2721.0,1,2012-13,38.6,105.0,106.3,106.3,107.2,107.8,107.8,-2.1,-1.5,-1.5,0.28,2.19,24.2,0.014,0.07,0.042,11.1,11.0,0.501,0.546,0.237,0.241,93.99,93.14,77.62,93.14,0.105,6160,6.7,15.7,Damian Lillard
2863,Damien,1610612755,PHI,33.0,61,22,39,0.361,1095.125,145,316,0.459,17,51,0.333,81,109,0.743,32,73,105,91,49,37,18,17,98,94,388,-137,766.5,0,0,711.0,1,2012-13,18.0,101.5,100.9,100.9,105.5,105.7,105.7,-4.0,-4.8,-4.8,0.134,1.86,18.0,0.029,0.069,0.049,9.7,9.7,0.486,0.533,0.171,0.175,93.2,93.36,77.8,93.36,0.071,2113,2.4,5.2,Damien Wilkins
202345,Damion,1610612751,BKN,25.0,2,2,0,1.0,0.39,0,0,0.0,0,0,0.0,0,0,0.0,0,1,1,0,0,0,0,0,0,0,0,-1,1.2,0,0,1.0,1,2012-13,0.2,0.0,0.0,0.0,34.7,25.0,25.0,-34.7,-25.0,-25.0,0.0,0.0,0.0,0.0,0.0,0.0,0.0,0.0,0.0,0.0,0.0,0.0,177.23,307.69,256.41,307.69,-0.4,1,0.0,0.0,Damion James
200789,Daniel,1610612739,CLE,27.0,46,11,35,0.239,919.355,84,247,0.34,56,163,0.344,26,37,0.703,5,55,60,82,31,30,4,7,89,53,250,-204,516.0,0,0,516.0,1,2012-13,20.0,94.5,95.9,95.9,108.0,107.4,107.4,-13.5,-11.5,-11.5,0.147,2.65,21.9,0.005,0.067,0.034,8.3,8.2,0.453,0.475,0.14,0.144,94.03,93.61,78.01,93.61,0.044,1794,1.8,5.4,Daniel Gibson
202350,Daniel,1610612760,OKC,22.0,13,10,3,0.769,103.885,12,26,0.462,0,0,0.0,9,17,0.529,13,13,26,4,4,4,3,2,13,10,33,-15,87.2,0,0,77.0,1,2012-13,8.0,96.0,93.0,93.0,100.2,100.0,100.0,-4.2,-7.0,-7.0,0.062,1.0,9.5,0.113,0.121,0.117,9.5,9.6,0.462,0.493,0.156,0.161,97.69,99.34,82.78,99.34,0.07,215,0.9,2.0,Daniel Orton
201568,Danilo,1610612743,DEN,24.0,71,50,21,0.704,2308.5783333333334,364,871,0.418,135,362,0.373,286,348,0.822,65,302,367,176,111,64,36,58,130,297,1149,334,2042.4,2,0,2027.0,1,2012-13,32.5,108.8,110.3,110.3,101.6,103.0,103.0,7.2,7.3,7.3,0.113,1.59,13.5,0.028,0.13,0.08,8.5,8.5,0.495,0.561,0.21,0.214,97.41,96.09,80.08,96.09,0.113,4621,5.1,12.3,Danilo Gallinari
101122,Danny,1610612754,IND,30.0,5,4,1,0.8,73.66666666666667,10,35,0.286,2,10,0.2,5,8,0.625,3,6,9,3,4,2,1,2,6,8,27,-16,47.3,0,0,47.0,1,2012-13,14.7,92.5,92.9,92.9,102.3,102.8,102.8,-9.8,-10.0,-10.0,0.079,0.75,6.5,0.043,0.081,0.063,8.7,8.8,0.314,0.35,0.262,0.263,92.28,91.87,76.56,91.87,0.01,140,2.0,7.0,Danny Granger
201980,Danny,1610612759,SAS,26.0,80,57,23,0.713,2200.565,297,663,0.448,177,413,0.429,67,79,0.848,36,208,244,141,94,92,54,27,124,79,838,313,1686.3,0,0,1692.0,1,2012-13,27.5,106.3,106.3,106.3,98.5,98.7,98.7,7.8,7.5,7.5,0.095,1.5,15.1,0.018,0.092,0.057,10.1,10.1,0.581,0.6,0.164,0.168,95.91,95.81,79.84,95.81,0.089,4384,3.7,8.3,Danny Green
201967,Dante,1610612750,MIN,26.0,80,30,50,0.375,2010.05,314,671,0.468,0,6,0.0,67,103,0.65,142,266,408,67,56,84,38,33,153,87,695,-98,1595.1,3,0,1414.0,1,2012-13,25.1,100.0,100.4,100.4,101.8,102.5,102.5,-1.8,-2.1,-2.1,0.056,1.2,7.9,0.069,0.139,0.102,6.6,6.7,0.468,0.485,0.17,0.173,94.97,94.42,78.68,94.42,0.092,3946,3.9,8.4,Dante Cunningham
203130,Darius,1610612747,LAL,23.0,4,4,0,1.0,5.611666666666666,0,4,0.0,0,1,0.0,0,0,0.0,1,3,4,1,0,0,0,0,0,0,0,-8,6.3,0,0,5.0,1,2012-13,1.4,54.3,43.8,43.8,97.4,100.0,100.0,-43.1,-56.3,-56.3,0.333,0.0,20.0,0.083,0.0,0.0,0.0,0.0,0.0,0.0,0.222,0.269,120.95,132.58,110.48,132.58,0.032,16,0.0,1.0,Darius Johnson-Odom
203121,Darius,1610612740,NOH,23.0,52,14,38,0.269,694.0,44,108,0.407,22,56,0.393,8,8,1.0,8,70,78,44,23,17,12,4,89,21,118,-58,341.6,0,0,320.0,1,2012-13,13.3,99.9,99.7,99.7,105.0,103.7,103.7,-5.0,-4.0,-4.0,0.1,1.91,24.7,0.012,0.111,0.06,12.9,12.9,0.509,0.529,0.089,0.092,90.18,90.85,75.71,90.85,0.038,1311,0.8,2.1,Darius Miller
202721,Darius,1610612747,LAL,22.0,48,23,25,0.479,682.6933333333334,73,188,0.388,24,66,0.364,24,37,0.649,24,33,57,76,45,21,2,11,58,34,194,-15,400.4,0,0,397.0,1,2012-13,14.2,100.7,99.9,99.9,99.9,100.0,100.0,0.8,-0.1,-0.1,0.175,1.69,23.5,0.034,0.045,0.04,13.9,13.8,0.452,0.475,0.156,0.162,96.95,97.27,81.06,97.27,0.046,1377,1.5,3.9,Darius Morris
2545,Darko,1610612738,BOS,28.0,1,0,1,0.0,4.5,0,1,0.0,0,0,0.0,0,0,0.0,0,1,1,0,2,0,0,0,1,0,0,-3,-0.8,0,0,1.0,1,2012-13,4.5,60.7,60.0,60.0,90.0,90.0,90.0,-29.3,-30.0,-30.0,0.0,0.0,0.0,0.0,0.0,0.0,66.7,66.7,0.0,0.0,0.231,0.253,106.03,106.67,88.89,106.67,-0.286,10,0.0,1.0,Darko Milicic
201589,Darrell,1610612763,MEM,25.0,59,37,22,0.627,969.9716666666668,162,359,0.451,5,18,0.278,33,46,0.717,68,101,169,33,43,24,33,20,126,56,362,-102,742.3,0,0,683.0,1,2012-13,16.4,96.9,96.2,96.2,102.1,100.9,100.9,-5.2,-4.6,-4.6,0.06,0.77,7.3,0.07,0.11,0.09,9.5,9.4,0.458,0.477,0.196,0.202,91.51,92.39,76.99,92.39,0.065,1859,2.7,6.1,Darrell Arthur
201954,Darren,1610612742,DAL,25.0,81,41,40,0.506,2371.7066666666665,341,724,0.471,48,136,0.353,242,275,0.88,31,188,219,415,173,100,8,59,139,230,972,-82,2008.3,3,0,1870.0,1,2012-13,29.3,103.7,103.9,103.9,105.7,105.7,105.7,-2.0,-1.8,-1.8,0.264,2.4,29.1,0.014,0.078,0.047,12.1,12.1,0.504,0.575,0.19,0.194,97.0,96.91,80.76,96.91,0.11,4790,4.2,8.9,Darren Collison
101135,David,1610612744,GSW,30.0,79,46,33,0.582,2907.35,602,1160,0.519,0,4,0.0,255,320,0.797,218,668,886,279,207,67,22,104,246,244,1459,177,3000.7,56,1,2802.0,1,2012-13,36.8,106.2,107.0,107.0,103.1,104.3,104.3,3.1,2.7,2.7,0.158,1.35,15.6,0.078,0.221,0.152,11.6,11.6,0.519,0.561,0.23,0.232,96.76,95.83,79.86,95.83,0.141,5814,7.6,14.7,David Lee
2561,David,1610612754,IND,32.0,73,43,30,0.589,2435.401666666666,502,1009,0.498,4,19,0.211,242,315,0.768,145,418,563,213,157,74,69,62,149,282,1250,367,2517.1,16,1,2316.0,1,2012-13,33.4,104.9,105.9,105.9,96.4,98.2,98.2,8.5,7.7,7.7,0.157,1.36,14.0,0.062,0.167,0.116,10.3,10.3,0.5,0.545,0.243,0.246,93.27,91.95,76.63,91.95,0.151,4670,6.9,13.8,David West
201599,DeAndre,1610612746,LAC,24.0,82,56,26,0.683,2009.69,314,488,0.643,0,0,0.0,96,249,0.386,210,384,594,28,100,48,112,31,192,201,724,274,1858.8,12,0,1666.0,1,2012-13,24.5,111.4,113.4,113.4,104.1,105.5,105.5,7.3,8.0,8.0,0.02,0.28,3.9,0.114,0.207,0.161,13.8,13.8,0.643,0.606,0.158,0.16,93.06,91.63,76.36,91.63,0.099,3822,3.8,6.0,DeAndre Jordan
202732,DeAndre,1610612760,OKC,25.0,39,30,9,0.769,290.005,21,47,0.447,7,19,0.368,9,18,0.5,13,40,53,15,14,18,3,9,33,18,58,-28,193.1,0,0,175.0,1,2012-13,7.4,97.1,93.2,93.2,99.9,98.0,98.0,-2.8,-4.8,-4.8,0.077,1.07,17.9,0.045,0.138,0.092,16.7,16.7,0.521,0.528,0.104,0.109,96.44,99.39,82.83,99.39,0.059,601,0.5,1.2,DeAndre Liggins
201971,DeJuan,1610612759,SAS,24.0,61,44,17,0.721,850.9883333333333,142,271,0.524,0,1,0.0,44,70,0.629,66,164,230,45,49,37,10,22,112,53,328,-23,763.5,1,0,697.0,1,2012-13,14.0,100.7,99.4,99.4,102.0,100.8,100.8,-1.4,-1.4,-1.4,0.084,0.92,11.4,0.082,0.192,0.138,12.4,12.4,0.524,0.543,0.183,0.187,96.7,97.92,81.6,97.92,0.098,1737,2.3,4.4,DeJuan Blair
201942,DeMar,1610612761,TOR,23.0,82,34,48,0.415,3013.0466666666666,548,1231,0.445,34,120,0.283,355,427,0.831,48,272,320,204,151,76,24,80,173,333,1485,-112,2324.0,0,0,2243.0,1,2012-13,36.7,102.0,103.4,103.4,104.3,105.1,105.1,-2.3,-1.7,-1.7,0.12,1.35,11.5,0.016,0.095,0.055,8.5,8.5,0.459,0.523,0.238,0.241,93.64,92.61,77.17,92.61,0.1,5807,6.7,15.0,DeMar DeRozan
202326,DeMarcus,1610612758,SAC,22.0,75,26,49,0.347,2289.3166666666666,482,1036,0.465,4,22,0.182,312,423,0.738,222,524,746,199,225,108,55,97,269,399,1280,-299,2737.7,35,1,2555.0,1,2012-13,30.5,102.2,104.1,104.1,109.5,110.2,110.2,-7.3,-6.1,-6.1,0.154,0.88,12.1,0.097,0.245,0.168,13.7,13.7,0.467,0.524,0.278,0.281,96.64,95.42,79.52,95.42,0.132,4541,6.4,13.8,DeMarcus Cousins
201960,DeMarre,1610612762,UTA,26.0,66,34,32,0.515,1110.8116666666667,149,324,0.46,20,70,0.286,75,98,0.765,87,101,188,61,34,58,24,25,119,71,393,117,922.1,0,0,826.0,1,2012-13,16.8,105.6,105.9,105.9,100.3,100.4,100.4,5.3,5.6,5.6,0.085,1.79,13.1,0.081,0.096,0.088,7.3,7.4,0.491,0.535,0.158,0.161,93.56,93.36,77.8,93.36,0.091,2159,2.3,4.9,DeMarre Carroll
203199,DeQuan,1610612753,ORL,23.0,63,14,49,0.222,803.0183333333333,95,218,0.436,9,35,0.257,34,51,0.667,17,88,105,16,30,19,22,13,55,46,233,-179,476.0,0,0,445.0,1,2012-13,12.7,99.3,98.8,98.8,110.2,109.3,109.3,-10.9,-10.5,-10.5,0.03,0.53,5.6,0.02,0.11,0.064,10.5,10.5,0.456,0.485,0.146,0.15,95.56,96.18,80.15,96.18,0.051,1604,1.5,3.5,DeQuan Jones
2205,DeSagana,1610612766,CHA,31.0,22,3,19,0.136,225.9933333333333,8,27,0.296,0,1,0.0,0,1,0.0,10,41,51,13,8,5,16,0,19,3,16,-26,151.7,0,0,122.0,1,2012-13,10.3,97.5,97.1,97.1,103.9,104.3,104.3,-6.3,-7.2,-7.2,0.087,1.63,27.1,0.044,0.167,0.107,16.7,16.5,0.296,0.292,0.069,0.073,94.93,94.94,79.12,94.94,0.055,450,0.4,1.2,DeSagana Diop
2052,DeShawn,1610612737,ATL,32.0,56,30,26,0.536,1157.8183333333334,98,262,0.374,76,209,0.364,12,23,0.522,18,104,122,52,23,29,6,5,69,33,284,-54,590.4,0,0,604.0,1,2012-13,20.7,103.0,102.9,102.9,104.1,104.5,104.5,-1.1,-1.6,-1.6,0.063,2.26,15.0,0.016,0.092,0.054,6.6,6.6,0.519,0.522,0.116,0.118,95.57,95.46,79.55,95.46,0.05,2294,1.8,4.7,DeShawn Stevenson
965,Derek,1610612760,OKC,38.0,33,22,11,0.667,574.735,55,161,0.342,30,80,0.375,35,38,0.921,2,35,37,47,30,19,3,5,55,48,175,65,325.9,0,0,333.0,2,2012-13,17.4,107.2,106.2,106.2,100.7,100.3,100.3,6.5,5.9,5.9,0.117,1.57,18.4,0.004,0.061,0.034,11.8,11.8,0.435,0.492,0.164,0.168,95.12,95.71,79.76,95.71,0.043,1145,1.7,4.9,Derek Fisher
101114,Deron,1610612751,BKN,29.0,78,46,32,0.59,2842.16,495,1124,0.44,169,447,0.378,317,369,0.859,29,203,232,604,218,75,30,54,194,316,1476,168,2757.4,21,0,2691.0,1,2012-13,36.4,106.7,108.6,108.6,104.9,105.5,105.5,1.8,3.1,3.1,0.364,2.77,28.8,0.01,0.076,0.043,10.4,10.3,0.516,0.574,0.238,0.242,91.99,90.91,75.76,90.91,0.134,5384,6.3,14.4,Deron Williams
202324,Derrick,1610612762,UTA,21.0,77,40,37,0.519,1786.861666666667,274,568,0.482,0,5,0.0,179,260,0.688,184,362,546,75,129,67,130,60,247,206,727,-6,1956.7,9,0,1742.0,1,2012-13,23.2,101.4,102.5,102.5,102.8,102.4,102.4,-1.5,0.1,0.1,0.071,0.58,8.4,0.103,0.21,0.155,14.5,14.6,0.482,0.533,0.201,0.204,92.72,92.43,77.03,92.43,0.116,3436,3.6,7.4,Derrick Favors
202682,Derrick,1610612750,MIN,22.0,78,29,49,0.372,1915.825,338,786,0.43,65,196,0.332,192,272,0.706,96,334,430,46,101,44,37,67,127,186,933,-197,1660.0,8,0,1636.0,1,2012-13,24.6,98.7,99.7,99.7,104.0,104.2,104.2,-5.3,-4.5,-4.5,0.044,0.46,4.4,0.05,0.183,0.114,9.6,9.6,0.471,0.515,0.234,0.237,95.44,94.81,79.01,94.81,0.103,3771,4.3,10.1,Derrick Williams
202365,Devin,1610612747,LAL,23.0,19,8,11,0.421,196.59,24,73,0.329,6,22,0.273,11,14,0.786,10,31,41,10,11,3,1,7,23,12,65,-22,130.2,0,0,130.0,1,2012-13,10.3,97.7,97.7,97.7,104.4,103.5,103.5,-6.8,-5.8,-5.8,0.094,0.91,9.9,0.045,0.144,0.093,10.9,11.0,0.37,0.411,0.194,0.198,96.93,97.3,81.08,97.3,0.045,399,1.3,3.8,Devin Ebanks
2734,Devin,1610612737,ATL,30.0,58,35,23,0.603,1421.33,194,443,0.438,77,230,0.335,112,154,0.727,6,110,116,197,88,64,13,17,103,150,577,156,1154.7,0,0,1121.0,1,2012-13,24.5,105.2,104.3,104.3,97.8,98.3,98.3,7.4,6.0,6.0,0.215,2.24,24.9,0.004,0.076,0.042,11.1,11.1,0.525,0.565,0.191,0.197,94.7,94.9,79.08,94.9,0.096,2804,3.3,7.6,Devin Harris
202354,Dexter,1610612763,MEM,25.0,11,9,2,0.818,31.851666666666667,4,11,0.364,0,0,0.0,0,3,0.0,7,5,12,0,3,0,0,4,8,3,8,-29,19.4,0,0,20.0,2,2012-13,2.9,81.4,73.1,73.1,118.3,116.4,116.4,-36.9,-43.3,-43.3,0.0,0.0,0.0,0.0,0.156,0.0,20.0,19.6,0.364,0.325,0.19,0.212,95.06,100.97,84.14,100.97,-0.049,67,0.4,1.0,Dexter Pittman
203197,Diante,1610612756,PHX,24.0,19,3,16,0.158,149.405,16,49,0.327,3,15,0.2,5,10,0.5,5,10,15,31,16,10,0,4,5,7,40,-47,118.5,0,0,109.0,1,2012-13,7.9,87.7,87.4,87.4,105.7,101.6,101.6,-18.0,-14.2,-14.2,0.352,1.94,30.7,0.03,0.068,0.047,15.8,15.9,0.357,0.375,0.196,0.2,97.61,99.76,83.13,99.76,0.067,309,0.8,2.6,Diante Garrett
203079,Dion,1610612739,CLE,21.0,61,20,41,0.328,1756.305,336,815,0.412,63,203,0.31,159,213,0.746,22,127,149,183,121,59,16,70,113,151,894,-154,1451.3,0,0,1439.0,1,2012-13,28.8,103.3,105.4,105.4,109.6,109.8,109.8,-6.3,-4.3,-4.3,0.178,1.51,15.0,0.012,0.081,0.044,10.0,10.0,0.451,0.492,0.258,0.261,94.52,93.51,77.92,93.51,0.083,3419,5.5,13.4,Dion Waiters
1717,Dirk,1610612742,DAL,35.0,53,28,25,0.528,1661.3983333333333,343,728,0.471,65,157,0.414,166,193,0.86,37,326,363,132,70,38,37,18,93,207,917,56,1705.6,6,0,1627.0,1,2012-13,31.3,105.1,103.8,103.8,104.5,103.1,103.1,0.6,0.8,0.8,0.132,1.89,13.1,0.023,0.199,0.113,6.9,6.9,0.516,0.564,0.24,0.247,94.56,95.83,79.86,95.83,0.144,3332,6.5,13.7,Dirk Nowitzki
201187,Dominic,1610612754,IND,27.0,26,7,19,0.269,386.8616666666667,24,56,0.429,0,0,0.0,3,10,0.3,19,59,78,20,12,13,11,6,39,9,51,-101,234.6,0,0,197.0,3,2012-13,14.9,98.7,97.9,97.9,109.3,110.1,110.1,-10.5,-12.2,-12.2,0.08,1.67,21.5,0.051,0.165,0.107,12.9,13.0,0.429,0.422,0.088,0.09,91.25,91.26,76.05,91.26,0.051,730,0.9,2.2,Dominic McGuire
202346,Dominique,1610612742,DAL,24.0,29,9,20,0.31,337.635,40,109,0.367,1,9,0.111,35,53,0.66,18,27,45,83,38,14,2,9,29,39,116,-22,304.5,0,0,277.0,1,2012-13,11.6,99.5,98.8,98.8,102.5,101.0,101.0,-3.0,-2.2,-2.2,0.403,2.18,32.5,0.053,0.075,0.064,14.9,15.0,0.372,0.438,0.227,0.23,94.85,95.89,79.91,95.89,0.09,671,1.4,3.8,Dominique Jones
202388,Donald,1610612740,NOH,25.0,23,6,17,0.261,263.16333333333336,27,78,0.346,7,19,0.368,20,25,0.8,3,25,28,38,14,5,0,14,17,24,81,-67,172.6,0,0,164.0,2,2012-13,11.4,86.9,86.6,86.6,103.2,100.0,100.0,-16.2,-13.4,-13.4,0.284,2.71,27.0,0.01,0.098,0.051,9.9,9.9,0.391,0.455,0.171,0.177,91.93,93.57,77.97,93.57,0.09,514,1.2,3.4,Donald Sloan
202700,Donatas,1610612745,HOU,22.0,44,27,17,0.614,537.5083333333333,97,213,0.455,24,83,0.289,32,51,0.627,36,57,93,31,37,7,10,10,73,56,250,39,422.1,0,0,432.0,1,2012-13,12.2,107.3,107.9,107.9,104.3,104.1,104.1,3.1,3.8,3.8,0.091,0.84,10.2,0.069,0.105,0.087,12.1,12.2,0.512,0.531,0.22,0.222,98.2,98.01,81.67,98.01,0.062,1096,2.2,4.8,Donatas Motiejunas
2748,Dorell,1610612755,PHI,27.0,79,32,47,0.405,1782.7783333333334,237,599,0.396,135,361,0.374,120,141,0.851,42,260,302,150,64,62,35,16,98,108,729,-177,1543.4,0,0,1510.0,1,2012-13,22.6,99.1,98.3,98.3,104.8,104.4,104.4,-5.7,-6.1,-6.1,0.138,2.34,17.2,0.022,0.152,0.084,7.3,7.3,0.508,0.551,0.181,0.186,93.01,93.53,77.95,93.53,0.115,3492,3.0,7.6,Dorell Wright
203117,Doron,1610612753,ORL,21.0,47,16,31,0.34,577.7783333333333,60,163,0.368,14,37,0.378,20,34,0.588,8,38,46,32,26,13,0,11,52,31,154,-83,270.2,0,0,272.0,2,2012-13,12.3,97.2,97.7,97.7,106.2,104.7,104.7,-8.9,-7.0,-7.0,0.085,1.23,13.6,0.013,0.067,0.039,11.0,11.0,0.411,0.433,0.152,0.156,95.83,96.29,80.24,96.29,0.024,1158,1.3,3.5,Doron Lamb
203110,Draymond,1610612744,GSW,23.0,79,45,34,0.57,1060.9283333333333,84,257,0.327,14,67,0.209,45,55,0.818,58,202,260,53,51,42,25,12,159,55,227,-79,768.5,0,0,688.0,1,2012-13,13.4,100.6,97.0,97.0,100.1,97.9,97.9,0.5,-0.9,-0.9,0.076,1.04,13.7,0.055,0.178,0.118,13.2,13.2,0.354,0.404,0.135,0.141,97.24,100.15,83.46,100.15,0.051,2183,1.1,3.3,Draymond Green
2400,Drew,1610612749,MIL,31.0,16,9,7,0.563,151.43833333333333,20,61,0.328,1,5,0.2,11,16,0.688,13,18,31,6,9,5,6,8,21,14,52,-16,122.2,0,0,112.0,1,2012-13,9.5,99.4,99.3,99.3,104.6,104.6,104.6,-5.3,-5.2,-5.2,0.065,0.67,7.2,0.076,0.118,0.096,10.8,10.8,0.336,0.382,0.213,0.217,97.28,97.31,81.09,97.31,0.03,307,1.3,3.8,Drew Gooden
2730,Dwight,1610612747,LAL,27.0,76,42,34,0.553,2721.7816666666668,470,813,0.578,1,6,0.167,355,721,0.492,251,694,945,108,225,84,186,75,291,604,1296,138,3177.0,48,0,2890.0,1,2012-13,35.8,105.1,106.3,106.3,101.7,103.4,103.4,3.4,2.9,2.9,0.068,0.48,7.3,0.094,0.244,0.172,15.2,15.4,0.579,0.573,0.223,0.224,96.05,94.73,78.94,94.73,0.126,5363,6.2,10.7,Dwight Howard
2548,Dwyane,1610612748,MIA,31.0,69,55,14,0.797,2390.5516666666667,569,1093,0.521,17,66,0.258,308,425,0.725,86,258,344,352,194,128,56,36,140,322,1463,571,2761.8,4,0,2544.0,1,2012-13,34.6,112.3,113.1,113.1,99.3,100.9,100.9,13.0,12.3,12.3,0.248,1.81,19.3,0.042,0.112,0.079,10.6,10.6,0.528,0.571,0.288,0.291,93.89,92.83,77.35,92.83,0.153,4625,8.2,15.8,Dwyane Wade
202734,E'Twaun,1610612753,ORL,24.0,75,19,56,0.253,1682.295,237,598,0.396,67,197,0.34,47,59,0.797,48,119,167,206,105,51,23,17,122,73,588,-304,1214.4,1,0,1176.0,1,2012-13,22.4,97.2,97.4,97.4,107.2,106.3,106.3,-10.0,-8.9,-8.9,0.195,1.96,22.0,0.028,0.072,0.049,11.2,11.2,0.452,0.471,0.192,0.196,94.36,94.64,78.87,94.64,0.068,3312,3.2,8.0,E'Twaun Moore
2853,Earl,1610612752,NYK,31.0,12,1,11,0.083,158.16166666666666,18,51,0.353,0,0,0.0,3,7,0.429,22,39,61,5,11,5,6,2,24,7,39,-18,141.7,1,0,127.0,2,2012-13,13.2,91.3,90.3,90.3,98.3,95.9,95.9,-7.0,-5.6,-5.6,0.054,0.45,7.1,0.111,0.26,0.175,15.7,15.7,0.353,0.361,0.173,0.178,95.4,97.12,80.93,97.12,0.065,320,1.5,4.3,Earl Barron
201947,Earl,1610612747,LAL,25.0,59,37,22,0.627,1363.0783333333334,170,386,0.44,35,104,0.337,53,76,0.697,82,243,325,65,62,36,44,30,102,53,428,-81,1093.5,11,0,1013.0,1,2012-13,23.1,102.9,102.4,102.4,105.4,106.2,106.2,-2.5,-3.9,-3.9,0.073,1.05,11.9,0.061,0.172,0.118,11.3,11.3,0.486,0.51,0.154,0.159,97.07,96.95,80.79,96.95,0.087,2765,2.9,6.5,Earl Clark
2248,Earl,1610612762,UTA,34.0,48,24,24,0.5,829.0566666666666,37,120,0.308,5,28,0.179,17,25,0.68,23,64,87,190,69,40,8,5,94,35,96,-51,560.4,0,0,474.0,1,2012-13,17.3,101.2,102.5,102.5,105.9,105.5,105.5,-4.7,-3.1,-3.1,0.326,2.75,48.6,0.028,0.086,0.055,17.6,17.7,0.329,0.366,0.104,0.105,94.42,94.0,78.33,94.0,0.059,1623,0.8,2.5,Earl Watson
202334,Ed,1610612763,MEM,24.0,81,43,38,0.531,1630.8766666666668,260,482,0.539,0,0,0.0,103,167,0.617,152,308,460,63,63,38,85,37,191,125,623,-34,1575.5,9,0,1392.0,2,2012-13,20.1,102.0,102.1,102.1,102.2,102.6,102.6,-0.2,-0.4,-0.4,0.066,1.0,9.2,0.097,0.201,0.149,9.2,9.2,0.539,0.561,0.175,0.179,90.91,90.71,75.59,90.71,0.118,3072,3.2,6.0,Ed Davis
2201,Eddy,1610612742,DAL,30.0,2,1,1,0.5,24.75,4,8,0.5,0,0,0.0,1,4,0.25,2,2,4,0,3,0,0,2,7,2,9,6,10.8,0,0,13.0,1,2012-13,12.4,99.5,101.9,101.9,94.9,90.6,90.6,4.5,11.3,11.3,0.0,0.0,0.0,0.087,0.0,0.0,23.1,23.5,0.5,0.461,0.228,0.223,101.66,102.79,85.66,102.79,-0.062,53,2.0,4.0,Eddy Curry
202327,Ekpe,1610612749,MIL,26.0,76,36,40,0.474,1312.246666666667,117,269,0.435,0,1,0.0,89,119,0.748,113,138,251,43,43,39,85,24,139,97,323,-52,1017.7,1,0,865.0,1,2012-13,17.3,98.2,98.9,98.9,101.0,100.3,100.3,-2.8,-1.5,-1.5,0.049,1.0,10.5,0.081,0.105,0.092,10.5,10.6,0.435,0.503,0.121,0.123,96.0,95.95,79.95,95.95,0.064,2616,1.5,3.5,Ekpe Udoh
1882,Elton,1610612742,DAL,34.0,72,35,37,0.486,1526.9983333333332,226,478,0.473,0,1,0.0,66,93,0.71,130,300,430,70,57,50,90,21,192,93,518,-60,1502.0,8,0,1298.0,1,2012-13,21.2,103.0,102.1,102.1,104.4,104.1,104.1,-1.5,-2.1,-2.1,0.072,1.23,10.9,0.088,0.189,0.14,8.9,8.8,0.473,0.499,0.167,0.172,95.75,96.31,80.26,96.31,0.096,3066,3.1,6.6,Elton Brand
2731,Emeka,1610612764,WAS,30.0,79,27,52,0.342,2051.951666666667,328,687,0.477,0,0,0.0,109,191,0.571,199,493,692,93,107,45,77,44,145,164,765,-48,1993.9,20,0,1794.0,1,2012-13,26.0,98.3,99.3,99.3,100.1,100.1,100.1,-1.8,-0.8,-0.8,0.077,0.87,9.5,0.095,0.239,0.167,11.0,11.0,0.477,0.496,0.193,0.194,94.01,93.53,77.95,93.53,0.122,3990,4.2,8.7,Emeka Okafor
202683,Enes,1610612762,UTA,21.0,70,35,35,0.5,1077.746666666667,206,379,0.544,1,1,1.0,93,117,0.795,135,169,304,31,101,28,32,43,116,119,506,116,996.3,2,0,962.0,1,2012-13,15.4,102.1,103.1,103.1,98.4,98.0,98.0,3.8,5.1,5.1,0.05,0.31,5.5,0.125,0.155,0.14,17.9,18.0,0.545,0.588,0.206,0.211,96.03,95.8,79.83,95.8,0.13,2154,2.9,5.4,Enes Freedom
202339,Eric,1610612746,LAC,23.0,76,52,24,0.684,1553.0083333333334,253,568,0.445,31,78,0.397,106,134,0.791,78,147,225,233,137,109,55,38,112,135,643,123,1617.5,2,0,1460.0,1,2012-13,20.4,103.0,102.6,102.6,97.6,98.4,98.4,5.5,4.1,4.1,0.249,1.7,23.4,0.053,0.094,0.074,13.8,13.7,0.473,0.513,0.219,0.225,93.89,93.68,78.07,93.68,0.125,3030,3.3,7.5,Eric Bledsoe
201569,Eric,1610612740,NOH,24.0,42,16,26,0.381,1263.8,235,584,0.402,56,173,0.324,187,222,0.842,10,67,77,137,117,45,8,36,75,173,713,-36,1052.9,0,0,1089.0,1,2012-13,30.1,105.5,106.7,106.7,108.4,108.2,108.2,-2.9,-1.5,-1.5,0.183,1.17,14.6,0.008,0.058,0.032,12.5,12.5,0.45,0.523,0.281,0.284,93.07,92.58,77.15,92.58,0.086,2438,5.6,13.9,Eric Gordon
201953,Eric,1610612757,POR,26.0,64,40,24,0.625,962.7133333333334,106,281,0.377,34,96,0.354,45,62,0.726,9,37,46,182,79,22,1,12,55,50,291,-72,609.2,0,0,599.0,2,2012-13,15.0,105.2,104.0,104.0,108.4,107.0,107.0,-3.2,-3.0,-3.0,0.295,2.3,31.9,0.01,0.04,0.025,13.9,13.9,0.438,0.472,0.181,0.186,94.93,96.1,80.09,96.1,0.061,1921,1.7,4.4,Eric Maynor
101141,Ersan,1610612749,MIL,26.0,73,34,39,0.466,2012.2733333333333,371,803,0.462,95,214,0.444,125,157,0.796,154,366,520,117,75,68,36,43,185,187,962,12,1998.5,18,0,1902.0,1,2012-13,27.6,103.9,105.0,105.0,103.7,104.8,104.8,0.2,0.2,0.2,0.092,1.56,11.0,0.072,0.185,0.126,7.0,7.0,0.521,0.552,0.202,0.204,98.45,97.42,81.18,97.42,0.119,4086,5.1,11.0,Ersan Ilyasova
203095,Evan,1610612743,DEN,20.0,38,25,13,0.658,428.27,75,152,0.493,22,54,0.407,30,39,0.769,6,29,35,44,32,19,1,21,65,32,202,59,338.0,0,0,343.0,1,2012-13,11.3,108.0,106.9,106.9,100.4,100.2,100.2,7.6,6.6,6.6,0.153,1.38,18.0,0.014,0.06,0.039,13.1,13.1,0.566,0.597,0.198,0.204,98.93,99.53,82.94,99.53,0.075,888,2.0,4.0,Evan Fournier
202323,Evan,1610612755,PHI,24.0,82,34,48,0.415,2891.7533333333336,441,1053,0.419,58,159,0.365,154,208,0.74,56,461,517,354,187,71,17,87,197,208,1094,-216,2322.4,14,0,2199.0,1,2012-13,35.3,99.9,100.7,100.7,103.4,104.5,104.5,-3.5,-3.8,-3.8,0.192,1.89,21.0,0.019,0.162,0.09,11.1,11.1,0.446,0.478,0.209,0.213,93.78,92.9,77.42,92.9,0.095,5596,5.4,12.8,Evan Turner
203097,Fab,1610612738,BOS,23.0,6,3,3,0.5,35.995,3,6,0.5,0,0,0.0,1,4,0.25,0,3,3,0,1,2,2,0,7,2,7,-7,21.6,0,0,18.0,1,2012-13,6.0,95.6,90.1,90.1,104.7,102.9,102.9,-9.1,-12.8,-12.8,0.0,0.0,0.0,0.0,0.073,0.039,11.1,11.4,0.5,0.451,0.113,0.115,89.83,93.35,77.79,93.35,-0.01,71,0.5,1.0,Fab Melo
203105,Festus,1610612744,GSW,23.0,78,44,34,0.564,1120.0616666666667,74,169,0.438,0,0,0.0,43,81,0.531,141,172,313,22,63,23,74,25,157,76,191,-51,827.6,0,0,720.0,1,2012-13,14.4,101.3,100.2,100.2,102.0,101.1,101.1,-0.8,-0.9,-0.9,0.028,0.35,7.5,0.126,0.147,0.137,21.5,21.8,0.438,0.467,0.106,0.108,95.51,96.44,80.37,96.44,0.042,2235,0.9,2.2,Festus Ezeli
101128,Francisco,1610612745,HOU,31.0,58,24,34,0.414,1029.4116666666666,118,300,0.393,67,179,0.374,18,21,0.857,8,83,91,63,32,46,38,5,88,18,321,-53,744.7,0,0,710.0,2,2012-13,17.7,102.6,103.6,103.6,105.2,105.5,105.5,-2.6,-1.9,-1.9,0.095,1.97,15.6,0.008,0.08,0.044,7.9,7.9,0.505,0.519,0.146,0.148,96.51,95.87,79.89,95.87,0.063,2049,2.0,5.2,Francisco Garcia
202066,Garrett,1610612764,WAS,27.0,51,24,27,0.471,1155.5966666666666,105,258,0.407,26,80,0.325,26,37,0.703,29,94,123,115,61,50,17,12,94,55,262,-22,722.1,0,0,660.0,1,2012-13,22.7,99.6,99.3,99.3,99.7,99.6,99.6,-0.1,-0.3,-0.3,0.151,1.89,25.6,0.025,0.082,0.054,13.6,13.5,0.457,0.478,0.13,0.133,93.91,94.12,78.44,94.12,0.059,2258,2.1,5.1,Garrett Temple
202390,Gary,1610612759,SAS,28.0,68,47,21,0.691,1483.8333333333333,246,597,0.412,89,251,0.355,64,74,0.865,13,130,143,129,69,30,2,18,93,70,645,101,1037.1,0,0,1070.0,1,2012-13,21.8,105.4,105.1,105.1,101.4,101.2,101.2,4.0,3.9,3.9,0.137,1.87,15.7,0.009,0.085,0.049,8.4,8.3,0.487,0.512,0.211,0.216,96.35,96.63,80.52,96.63,0.077,2980,3.6,8.8,Gary Neal
201588,George,1610612754,IND,27.0,76,46,30,0.605,2619.616666666667,386,871,0.443,130,353,0.368,174,213,0.817,47,237,284,355,116,81,26,28,134,202,1076,418,2154.3,3,0,2059.0,1,2012-13,34.5,104.8,106.4,106.4,96.0,97.9,97.9,8.7,8.5,8.5,0.22,3.06,24.9,0.018,0.087,0.054,8.2,8.1,0.518,0.558,0.184,0.188,92.53,90.96,75.8,90.96,0.123,4962,5.1,11.5,George Hill
101123,Gerald,1610612754,IND,27.0,60,37,23,0.617,1080.445,155,424,0.366,59,188,0.314,52,65,0.8,31,110,141,50,53,19,23,15,64,56,421,-8,738.2,0,0,755.0,1,2012-13,18.0,95.5,95.6,95.6,95.1,96.3,96.3,0.4,-0.7,-0.7,0.087,0.94,9.0,0.027,0.095,0.061,9.5,9.5,0.435,0.465,0.207,0.212,92.84,92.18,76.82,92.18,0.078,2078,2.6,7.1,Gerald Green
201945,Gerald,1610612766,CHA,25.0,68,15,53,0.221,2133.2716666666665,382,855,0.447,33,100,0.33,258,313,0.824,55,195,250,177,108,68,34,48,149,287,1055,-404,1818.5,2,0,1719.0,1,2012-13,31.4,98.7,100.1,100.1,109.5,110.1,110.1,-10.7,-10.0,-10.0,0.152,1.64,13.8,0.025,0.097,0.06,8.4,8.5,0.466,0.531,0.232,0.235,93.97,93.06,77.55,93.06,0.103,4140,5.6,12.6,Gerald Henderson
2222,Gerald,1610612751,BKN,30.0,69,41,28,0.594,2075.7233333333334,182,458,0.397,46,163,0.282,121,190,0.637,69,250,319,181,110,97,46,30,118,185,531,141,1504.3,3,0,1363.0,1,2012-13,30.1,105.6,107.1,107.1,102.7,103.0,103.0,2.9,4.0,4.0,0.131,1.65,21.6,0.034,0.124,0.079,13.1,13.2,0.448,0.49,0.143,0.144,91.44,90.65,75.54,90.65,0.079,3912,2.6,6.6,Gerald Wallace
201175,Glen,1610612753,ORL,27.0,34,13,21,0.382,1064.2766666666666,214,478,0.448,0,2,0.0,84,117,0.718,55,191,246,70,64,32,21,45,88,126,512,-26,1007.2,10,0,934.0,1,2012-13,31.3,100.4,100.8,100.8,102.2,101.8,101.8,-1.8,-1.0,-1.0,0.115,1.09,10.6,0.053,0.182,0.118,9.7,9.6,0.448,0.483,0.255,0.26,92.31,92.28,76.9,92.28,0.108,2043,6.3,14.1,Glen Davis
201609,Goran,1610612756,PHX,27.0,77,25,52,0.325,2581.1916666666666,401,906,0.443,88,276,0.319,244,326,0.748,60,178,238,569,212,124,26,39,214,302,1134,-242,2511.1,19,0,2329.0,1,2012-13,33.5,100.5,102.3,102.3,106.4,106.9,106.9,-6.0,-4.7,-4.7,0.344,2.68,31.2,0.023,0.073,0.047,11.6,11.6,0.491,0.54,0.213,0.216,96.32,95.25,79.37,95.25,0.113,5121,5.2,11.8,Goran Dragic
202330,Gordon,1610612762,UTA,23.0,72,37,35,0.514,2104.201666666667,336,773,0.435,102,246,0.415,243,294,0.827,51,174,225,213,120,58,38,47,125,256,1017,107,1774.5,0,0,1749.0,1,2012-13,29.2,105.8,106.7,106.7,103.9,104.2,104.2,1.8,2.5,2.5,0.163,1.78,17.4,0.025,0.087,0.056,9.8,9.7,0.501,0.564,0.211,0.217,94.49,93.94,78.28,93.94,0.109,4119,4.7,10.7,Gordon Hayward
255,Grant,1610612746,LAC,40.0,29,15,14,0.517,436.67333333333335,38,98,0.388,3,11,0.273,14,24,0.583,6,43,49,26,25,11,7,7,39,24,93,1,219.8,0,0,207.0,1,2012-13,15.1,100.7,101.0,101.0,100.1,101.2,101.2,0.6,-0.2,-0.2,0.09,1.04,16.4,0.014,0.095,0.055,15.7,15.7,0.403,0.428,0.138,0.142,92.02,91.4,76.17,91.4,0.033,833,1.3,3.4,Grant Hill
202328,Greg,1610612765,DET,23.0,81,29,52,0.358,2687.26,514,1058,0.486,0,4,0.0,270,392,0.689,236,541,777,281,234,105,55,122,190,320,1298,-226,2897.9,37,1,2676.0,1,2012-13,33.2,99.5,100.8,100.8,104.9,106.0,106.0,-5.5,-5.2,-5.2,0.189,1.2,16.1,0.089,0.212,0.149,13.4,13.4,0.486,0.527,0.244,0.248,92.87,91.78,76.48,91.78,0.142,5159,6.3,13.1,Greg Monroe
202962,Greg,1610612745,HOU,22.0,70,41,29,0.586,1110.3416666666667,170,274,0.62,0,1,0.0,81,130,0.623,111,210,321,25,41,18,40,36,175,88,421,118,976.7,2,0,883.0,1,2012-13,15.9,108.6,109.0,109.0,103.1,103.5,103.5,5.4,5.5,5.5,0.036,0.61,6.3,0.099,0.18,0.14,10.3,10.3,0.62,0.636,0.144,0.147,98.39,98.0,81.67,98.0,0.096,2264,2.4,3.9,Greg Smith
201880,Greg,1610612750,MIN,27.0,76,28,48,0.368,1209.3433333333332,127,278,0.457,0,0,0.0,53,69,0.768,61,200,261,30,59,44,90,25,184,105,307,-87,1008.2,1,0,866.0,1,2012-13,15.9,97.0,97.2,97.2,100.7,100.6,100.6,-3.7,-3.4,-3.4,0.04,0.51,7.5,0.05,0.176,0.111,14.8,14.8,0.457,0.498,0.136,0.139,94.9,94.84,79.03,94.84,0.064,2387,1.7,3.7,Greg Stiemsma
202349,Greivis,1610612740,NOH,26.0,78,26,52,0.333,2685.2116666666666,438,1012,0.433,83,243,0.342,124,154,0.805,43,294,337,704,247,66,6,65,190,187,1083,-183,2512.4,25,1,2351.0,1,2012-13,34.4,104.5,106.3,106.3,108.8,109.3,109.3,-4.3,-3.0,-3.0,0.432,2.85,34.7,0.017,0.119,0.067,12.2,12.2,0.474,0.502,0.227,0.229,91.26,90.26,75.22,90.26,0.118,5035,5.6,13.0,Greivis Vasquez
202970,Gustavo,1610612749,MIL,28.0,55,17,38,0.309,734.7016666666667,92,167,0.551,0,0,0.0,20,50,0.4,60,139,199,71,47,22,17,15,107,55,204,-6,619.3,2,0,552.0,2,2012-13,13.4,102.7,101.6,101.6,101.8,101.5,101.5,0.9,0.1,0.1,0.142,1.51,23.1,0.085,0.185,0.136,15.3,15.3,0.551,0.54,0.141,0.146,95.61,96.23,80.2,96.23,0.085,1469,1.7,3.0,Gustavo Ayon
101124,Hakim,1610612766,CHA,30.0,28,6,22,0.214,488.905,67,165,0.406,0,3,0.0,60,88,0.682,21,68,89,25,29,13,6,21,37,60,194,-135,366.3,1,0,346.0,2,2012-13,17.5,94.5,95.7,95.7,108.7,107.8,107.8,-14.2,-12.2,-12.2,0.091,0.86,9.6,0.042,0.141,0.091,11.1,11.3,0.406,0.476,0.215,0.216,95.8,95.63,79.69,95.63,0.075,966,2.4,5.9,Hakim Warrick
201632,Hamed,1610612756,PHX,28.0,30,10,20,0.333,321.56333333333333,35,82,0.427,0,0,0.0,14,27,0.519,43,68,111,12,31,6,27,6,60,23,84,0,303.2,0,0,273.0,2,2012-13,10.7,94.4,93.6,93.6,96.8,93.8,93.8,-2.4,-0.1,-0.1,0.058,0.39,8.7,0.122,0.203,0.161,22.5,22.6,0.427,0.447,0.164,0.168,96.17,98.15,81.79,98.15,0.055,658,1.2,2.7,Hamed Haddadi
203084,Harrison,1610612744,GSW,21.0,81,46,35,0.568,2057.5316666666668,276,628,0.439,52,145,0.359,144,190,0.758,53,280,333,98,101,52,14,47,140,164,748,48,1391.6,4,0,1363.0,1,2012-13,25.4,104.4,104.5,104.5,102.4,102.5,102.5,2.1,2.0,2.0,0.072,0.97,10.7,0.026,0.129,0.08,11.1,11.1,0.481,0.526,0.174,0.176,97.2,97.13,80.94,97.13,0.077,4146,3.4,7.8,Harrison Barnes
201934,Hasheem,1610612760,OKC,26.0,66,50,16,0.758,769.93,64,106,0.604,0,0,0.0,32,53,0.604,69,126,195,11,41,30,60,14,148,63,160,137,639.5,1,0,546.0,1,2012-13,11.7,106.5,104.3,104.3,94.6,94.4,94.4,11.9,9.9,9.9,0.021,0.27,6.1,0.1,0.156,0.13,22.7,22.6,0.604,0.619,0.098,0.102,94.41,95.48,79.57,95.48,0.06,1524,1.0,1.6,Hasheem Thabeet
2045,Hedo,1610612753,ORL,34.0,11,1,10,0.091,188.89,14,53,0.264,1,24,0.042,3,6,0.5,4,22,26,23,12,7,1,2,11,15,32,-82,109.7,0,0,98.0,1,2012-13,17.2,92.1,91.7,91.7,112.5,114.9,114.9,-20.4,-23.2,-23.2,0.2,1.92,25.6,0.021,0.116,0.068,13.3,13.2,0.274,0.288,0.167,0.172,89.53,88.81,74.01,88.81,0.035,349,1.3,4.8,Hedo Turkoglu
203156,Henry,1610612740,NOH,23.0,2,0,2,0.0,4.783333333333333,2,3,0.667,0,0,0.0,0,0,0.0,2,0,2,0,1,0,0,0,1,0,4,1,5.4,0,0,6.0,1,2012-13,2.4,112.6,111.1,111.1,100.0,90.0,90.0,12.6,21.1,21.1,0.0,0.0,0.0,0.333,0.0,0.0,25.0,25.0,0.667,0.667,0.364,0.368,89.71,95.33,79.44,95.33,0.154,9,1.0,1.5,Henry Sims
101133,Ian,1610612754,IND,26.0,80,49,31,0.613,1322.1266666666668,149,329,0.453,0,2,0.0,104,171,0.608,115,196,311,27,92,39,66,31,201,153,402,-137,1038.7,0,0,950.0,1,2012-13,16.5,94.5,94.3,94.3,98.6,99.6,99.6,-4.1,-5.3,-5.3,0.038,0.29,5.1,0.086,0.151,0.118,17.4,17.6,0.453,0.497,0.172,0.174,92.28,91.96,76.63,91.96,0.059,2531,1.9,4.1,Ian Mahinmi
202697,Iman,1610612752,NYK,23.0,45,30,15,0.667,996.2716666666666,109,275,0.396,51,127,0.402,36,47,0.766,31,105,136,75,37,43,7,20,99,61,305,-16,693.7,0,0,667.0,1,2012-13,22.1,105.6,105.3,105.3,105.3,104.7,104.7,0.3,0.6,0.6,0.12,2.03,18.3,0.032,0.113,0.072,9.0,9.1,0.489,0.516,0.155,0.159,91.37,91.78,76.49,91.78,0.071,1892,2.4,6.1,Iman Shumpert
202738,Isaiah,1610612758,SAC,24.0,79,27,52,0.342,2121.451666666667,366,832,0.44,115,321,0.358,253,287,0.882,29,132,161,316,140,67,3,63,167,243,1100,-139,1837.2,2,0,1832.0,1,2012-13,26.9,103.4,105.1,105.1,107.5,107.8,107.8,-4.1,-2.6,-2.6,0.243,2.26,22.5,0.014,0.065,0.039,10.0,9.9,0.509,0.574,0.224,0.228,97.64,96.67,80.56,96.67,0.106,4260,4.6,10.5,Isaiah Thomas
202397,Ish,1610612749,MIL,24.0,52,14,38,0.269,516.0816666666667,56,159,0.352,8,27,0.296,3,7,0.429,12,49,61,87,37,21,9,10,26,16,123,-59,379.7,0,0,339.0,2,2012-13,9.9,94.6,94.4,94.4,100.6,98.3,98.3,-5.9,-3.9,-3.9,0.256,2.35,30.4,0.021,0.091,0.055,12.9,12.9,0.377,0.379,0.168,0.173,94.29,95.52,79.6,95.52,0.07,1017,1.1,3.1,Ish Smith
201274,Ivan,1610612737,ATL,29.0,69,35,34,0.507,1034.868333333333,185,356,0.52,1,13,0.077,81,131,0.618,76,190,266,46,71,56,14,45,131,138,452,-22,979.2,3,0,905.0,1,2012-13,15.0,99.3,97.8,97.8,100.1,98.7,98.7,-0.8,-0.9,-0.9,0.079,0.65,8.7,0.075,0.187,0.131,13.4,13.4,0.521,0.546,0.207,0.214,95.14,96.55,80.45,96.55,0.11,2080,2.7,5.2,Ivan Johnson
200826,J.J.,1610612750,MIN,29.0,74,29,45,0.392,1712.8333333333333,316,758,0.417,97,280,0.346,105,134,0.784,34,173,207,294,145,32,0,46,131,191,834,-63,1474.4,1,0,1496.0,1,2012-13,23.1,100.1,100.5,100.5,102.2,102.2,102.2,-2.0,-1.7,-1.7,0.301,2.03,23.6,0.019,0.104,0.059,11.6,11.5,0.481,0.51,0.242,0.25,96.14,95.97,79.97,95.97,0.107,3422,4.3,10.2,J.J. Barea
201581,JJ,1610612757,POR,24.0,80,33,47,0.413,2322.565,418,744,0.562,0,2,0.0,182,268,0.679,266,562,828,88,145,48,51,71,160,213,1018,-265,2295.6,40,0,2132.0,1,2012-13,29.0,102.2,102.8,102.8,107.5,108.2,108.2,-5.3,-5.3,-5.3,0.065,0.61,8.1,0.117,0.251,0.183,13.3,13.2,0.562,0.591,0.196,0.199,93.59,93.05,77.54,93.05,0.137,4491,5.2,9.3,JJ Hickson
200755,JJ,1610612749,MIL,29.0,78,26,52,0.333,2379.4616666666666,382,880,0.434,165,451,0.366,171,190,0.9,17,154,171,296,138,38,9,21,117,208,1100,-93,1752.2,0,0,1826.0,2,2012-13,30.5,104.4,104.9,104.9,106.4,107.3,107.3,-2.0,-2.4,-2.4,0.193,2.14,21.3,0.007,0.065,0.036,9.9,9.9,0.528,0.571,0.203,0.208,95.5,94.83,79.03,94.83,0.096,4710,4.9,11.3,JJ Redick
2747,JR,1610612752,NYK,27.0,80,53,27,0.663,2677.943333333333,527,1249,0.422,155,436,0.356,237,311,0.762,64,361,425,218,134,100,24,46,226,280,1446,296,2521.0,8,0,2492.0,1,2012-13,33.5,108.3,109.0,109.0,102.4,103.3,103.3,5.9,5.7,5.7,0.147,1.63,12.5,0.024,0.142,0.082,7.7,7.7,0.484,0.522,0.26,0.264,92.07,91.38,76.15,91.38,0.119,5101,6.6,15.6,JR Smith
201580,JaVale,1610612743,DEN,25.0,79,54,25,0.684,1433.4116666666666,303,527,0.575,1,1,1.0,110,186,0.591,158,223,381,24,90,30,157,34,184,137,717,65,1681.2,2,0,1497.0,1,2012-13,18.1,106.0,105.4,105.4,102.4,102.8,102.8,3.5,2.6,2.6,0.027,0.27,3.3,0.113,0.141,0.128,12.5,12.5,0.576,0.589,0.206,0.211,98.97,99.05,82.54,99.05,0.111,2952,3.8,6.7,JaVale McGee
203109,Jae,1610612742,DAL,22.0,78,41,37,0.526,1353.165,141,367,0.384,63,192,0.328,47,73,0.644,35,152,187,94,49,63,17,18,128,68,392,-32,948.4,0,0,896.0,1,2012-13,17.3,103.1,101.5,101.5,102.4,101.8,101.8,0.7,-0.3,-0.3,0.103,1.92,17.3,0.026,0.112,0.069,9.0,9.0,0.47,0.491,0.146,0.151,96.74,97.76,81.47,97.76,0.062,2745,1.8,4.7,Jae Crowder
2224,Jamaal,1610612762,UTA,35.0,66,39,27,0.591,1220.5366666666666,86,234,0.368,39,127,0.307,18,26,0.692,17,98,115,290,106,64,14,10,106,34,229,5,930.0,0,0,829.0,1,2012-13,18.5,102.9,103.8,103.8,102.7,103.3,103.3,0.1,0.5,0.5,0.354,2.74,45.2,0.015,0.082,0.049,16.5,16.5,0.451,0.467,0.133,0.135,92.28,91.65,76.38,91.65,0.081,2327,1.3,3.5,Jamaal Tinsley
2037,Jamal,1610612746,LAC,33.0,76,51,25,0.671,2230.32,445,1016,0.438,149,396,0.376,216,248,0.871,22,106,128,193,146,79,13,33,71,199,1255,365,1828.1,0,0,1909.0,1,2012-13,29.3,106.8,108.0,108.0,99.4,100.2,100.2,7.4,7.8,7.8,0.148,1.32,13.3,0.01,0.047,0.029,10.0,10.0,0.511,0.558,0.252,0.257,94.44,93.54,77.95,93.54,0.116,4360,5.9,13.4,Jamal Crawford
2749,Jameer,1610612753,ORL,31.0,56,17,39,0.304,1977.055,306,780,0.392,121,355,0.341,89,102,0.873,23,186,209,413,154,71,6,47,161,151,822,-167,1769.3,14,0,1719.0,1,2012-13,35.3,101.0,102.7,102.7,106.0,107.6,107.6,-4.9,-4.9,-4.9,0.326,2.68,29.8,0.012,0.096,0.054,11.1,11.1,0.47,0.498,0.223,0.226,94.73,93.23,77.69,93.23,0.099,3850,5.5,13.9,Jameer Nelson
202341,James,1610612745,HOU,24.0,39,26,13,0.667,401.2466666666666,52,126,0.413,21,60,0.35,24,28,0.857,18,54,72,42,25,15,5,5,25,22,149,95,333.4,0,0,324.0,2,2012-13,10.3,112.9,113.1,113.1,100.9,101.2,101.2,12.0,11.9,11.9,0.144,1.68,20.6,0.047,0.125,0.088,12.3,12.2,0.496,0.539,0.169,0.175,99.22,98.99,82.49,98.99,0.095,826,1.3,3.2,James Anderson
201935,James,1610612745,HOU,23.0,78,43,35,0.551,2984.518333333333,585,1337,0.438,179,486,0.368,674,792,0.851,62,317,379,455,295,142,38,106,178,534,2023,195,3405.3,9,1,3396.0,1,2012-13,38.3,107.1,108.8,108.8,104.4,105.9,105.9,2.7,2.9,2.9,0.257,1.54,18.7,0.021,0.105,0.064,12.2,12.1,0.504,0.6,0.285,0.289,99.11,97.59,81.33,97.59,0.149,6077,7.5,17.1,James Harden
201949,James,1610612758,SAC,26.0,54,17,37,0.315,878.4333333333333,117,283,0.413,2,21,0.095,40,67,0.597,49,96,145,58,68,41,50,31,99,60,276,-279,742.0,0,0,663.0,1,2012-13,16.3,96.7,97.9,97.9,112.1,113.0,113.0,-15.4,-15.1,-15.1,0.11,0.85,13.4,0.053,0.116,0.083,15.7,15.5,0.417,0.442,0.187,0.192,95.39,94.4,78.66,94.4,0.054,1719,2.2,5.2,James Johnson
2592,James,1610612748,MIA,32.0,38,32,6,0.842,220.57333333333327,21,61,0.344,16,53,0.302,2,4,0.5,0,22,22,13,3,2,6,0,16,4,60,-16,126.9,0,0,127.0,1,2012-13,5.8,96.8,90.8,90.8,95.7,97.6,97.6,1.1,-6.8,-6.8,0.11,4.33,16.7,0.0,0.088,0.049,3.8,3.8,0.475,0.478,0.135,0.146,91.55,93.57,77.98,93.57,0.063,437,0.6,1.6,James Jones
200778,James,1610612752,NYK,30.0,57,41,16,0.719,435.40833333333336,50,116,0.431,14,41,0.341,11,19,0.579,5,43,48,29,17,13,4,7,44,15,125,-84,260.1,0,0,250.0,1,2012-13,7.6,102.7,99.7,99.7,108.9,108.4,108.4,-6.1,-8.7,-8.7,0.107,1.71,17.0,0.011,0.105,0.056,9.9,10.0,0.491,0.503,0.148,0.154,94.16,95.8,79.83,95.8,0.051,865,0.9,2.0,James White
202686,Jan,1610612764,WAS,23.0,51,15,36,0.294,601.365,57,114,0.5,0,1,0.0,12,39,0.308,43,79,122,28,27,15,17,15,107,45,126,-43,383.4,0,0,340.0,1,2012-13,11.8,101.1,101.0,101.0,104.2,103.2,103.2,-3.1,-2.2,-2.2,0.069,1.04,15.0,0.074,0.133,0.104,14.4,14.5,0.5,0.48,0.121,0.122,93.03,93.51,77.92,93.51,0.031,1163,1.1,2.2,Jan Vesely
2457,Jannero,1610612766,CHA,33.0,32,11,21,0.344,507.4433333333333,78,212,0.368,39,116,0.336,12,13,0.923,10,25,35,67,41,18,3,7,42,29,207,-85,371.5,0,0,390.0,3,2012-13,15.9,99.9,98.9,98.9,108.4,107.8,107.8,-8.5,-8.9,-8.9,0.233,1.63,20.6,0.021,0.057,0.038,12.6,12.6,0.46,0.475,0.233,0.24,93.1,93.88,78.24,93.88,0.062,994,2.4,6.6,Jannero Pargo
203099,Jared,1610612742,DAL,22.0,8,4,4,0.5,25.685,6,14,0.429,2,3,0.667,2,2,1.0,1,2,3,1,2,1,0,3,3,2,16,-9,22.1,0,0,24.0,1,2012-13,3.2,97.7,92.9,92.9,110.2,105.2,105.2,-12.5,-12.3,-12.3,0.111,0.5,5.6,0.0,0.0,0.0,11.1,11.2,0.5,0.538,0.279,0.295,101.48,106.52,88.77,106.52,0.085,56,0.8,1.8,Jared Cunningham
201162,Jared,1610612756,PHX,27.0,79,24,55,0.304,2169.9733333333334,313,669,0.468,106,271,0.391,129,162,0.796,79,166,245,203,101,75,8,28,128,144,861,-126,1607.5,1,0,1581.0,1,2012-13,27.5,99.2,100.3,100.3,103.4,103.5,103.5,-4.2,-3.2,-3.2,0.147,2.01,19.4,0.035,0.079,0.057,9.7,9.7,0.547,0.582,0.17,0.173,95.56,94.98,79.15,94.98,0.098,4299,4.0,8.5,Jared Dudley
2407,Jared,1610612757,POR,31.0,38,16,22,0.421,349.81333333333333,16,54,0.296,0,2,0.0,12,23,0.522,26,34,60,14,17,6,6,10,58,31,44,12,156.0,0,0,142.0,1,2012-13,9.2,105.5,101.3,101.3,102.8,101.6,101.6,2.7,-0.3,-0.3,0.058,0.82,14.6,0.077,0.103,0.09,17.7,17.9,0.296,0.343,0.104,0.108,92.38,94.82,79.01,94.82,-0.009,698,0.4,1.4,Jared Jeffries
203096,Jared,1610612738,BOS,21.0,45,22,23,0.489,891.5316666666666,111,225,0.493,1,5,0.2,47,63,0.746,92,172,264,35,29,22,22,31,154,87,270,42,742.3,4,0,658.0,1,2012-13,19.8,102.2,101.9,101.9,98.5,98.3,98.3,3.7,3.6,3.6,0.062,1.21,11.0,0.112,0.195,0.155,9.1,9.2,0.496,0.534,0.146,0.149,92.16,92.36,76.97,92.36,0.091,1706,2.5,5.0,Jared Sullinger
101127,Jarrett,1610612744,GSW,29.0,79,47,32,0.595,2348.576666666667,387,857,0.452,82,203,0.404,167,198,0.843,21,222,243,439,157,60,11,26,134,211,1023,83,2029.1,8,0,1929.0,1,2012-13,29.7,105.2,105.1,105.1,103.0,103.6,103.6,2.2,1.5,1.5,0.3,2.8,28.5,0.009,0.089,0.051,10.2,10.2,0.499,0.542,0.207,0.211,96.4,96.2,80.17,96.2,0.118,4713,4.9,10.8,Jarrett Jack
202363,Jarvis,1610612748,MIA,25.0,13,10,3,0.769,58.21666666666667,3,7,0.429,0,0,0.0,2,4,0.5,2,7,9,3,6,1,2,2,10,4,8,-23,26.3,0,0,26.0,2,2012-13,4.5,83.7,78.9,78.9,100.0,101.9,101.9,-16.3,-23.0,-23.0,0.107,0.5,16.7,0.038,0.113,0.079,33.3,33.8,0.429,0.457,0.125,0.133,87.33,89.05,74.21,89.05,-0.007,109,0.2,0.5,Jarvis Varnado
2215,Jason,1610612764,WAS,34.0,38,19,19,0.5,384.6333333333333,9,29,0.31,0,0,0.0,23,32,0.719,22,38,60,8,18,12,10,6,85,42,41,3,173.0,0,0,153.0,2,2012-13,10.1,97.9,98.8,98.8,96.9,96.3,96.3,1.0,2.5,2.5,0.029,0.44,11.6,0.059,0.1,0.079,26.1,26.1,0.31,0.476,0.073,0.074,94.6,94.47,78.72,94.47,-0.015,749,0.2,0.8,Jason Collins
467,Jason,1610612752,NYK,40.0,76,49,27,0.645,2042.5966666666664,152,409,0.372,114,325,0.351,40,48,0.833,50,273,323,249,76,125,25,7,125,59,458,188,1593.1,0,0,1444.0,1,2012-13,26.9,108.7,108.6,108.6,103.2,104.2,104.2,5.5,4.5,4.5,0.178,3.28,33.0,0.024,0.144,0.082,10.1,10.1,0.511,0.532,0.113,0.115,92.25,91.87,76.56,91.87,0.099,3916,2.0,5.4,Jason Kidd
101131,Jason,1610612765,DET,30.0,72,24,48,0.333,1788.8116666666667,204,457,0.446,0,0,0.0,90,145,0.621,135,274,409,54,81,32,95,22,172,154,498,-187,1369.8,5,0,1215.0,1,2012-13,24.8,98.4,99.6,99.6,104.5,105.4,105.4,-6.1,-5.8,-5.8,0.049,0.67,8.2,0.077,0.16,0.118,12.3,12.4,0.446,0.478,0.155,0.156,91.78,90.8,75.67,90.8,0.07,3389,2.8,6.3,Jason Maxiell
2202,Jason,1610612755,PHI,32.0,33,13,20,0.394,936.4816666666668,135,336,0.402,57,167,0.341,20,33,0.606,19,108,127,51,26,40,15,9,57,39,347,-11,714.9,0,0,692.0,1,2012-13,28.4,102.2,101.9,101.9,101.9,102.7,102.7,0.3,-0.8,-0.8,0.081,1.96,11.9,0.02,0.121,0.068,6.1,6.1,0.487,0.495,0.183,0.187,93.22,92.98,77.48,92.98,0.079,1816,4.1,10.2,Jason Richardson
201160,Jason,1610612740,NOH,27.0,51,19,32,0.373,875.635,167,341,0.49,0,4,0.0,86,102,0.843,64,122,186,34,55,15,45,30,123,104,420,-70,819.2,1,0,760.0,1,2012-13,17.2,101.2,100.7,100.7,104.9,103.9,103.9,-3.8,-3.2,-3.2,0.072,0.62,7.1,0.077,0.144,0.111,11.5,11.6,0.49,0.544,0.234,0.24,90.75,91.44,76.2,91.44,0.102,1660,3.3,6.7,Jason Smith
1891,Jason,1610612738,BOS,35.0,79,40,39,0.506,2123.6183333333333,281,648,0.434,123,331,0.372,114,131,0.87,19,140,159,198,102,66,11,15,110,82,799,60,1415.8,1,0,1433.0,1,2012-13,26.9,100.5,100.5,100.5,100.1,100.7,100.7,0.3,-0.2,-0.2,0.152,1.94,19.9,0.01,0.067,0.039,10.3,10.1,0.529,0.566,0.173,0.179,93.74,93.47,77.9,93.47,0.09,4169,3.6,8.2,Jason Terry
201574,Jason,1610612758,SAC,26.0,82,28,54,0.341,2284.69,374,745,0.502,0,3,0.0,143,206,0.694,172,377,549,84,101,48,61,71,227,186,891,-243,1901.8,13,0,1742.0,1,2012-13,27.9,103.5,104.7,104.7,108.7,109.2,109.2,-5.2,-4.5,-4.5,0.059,0.83,8.2,0.076,0.175,0.124,9.9,9.9,0.502,0.533,0.182,0.184,96.56,95.73,79.77,95.73,0.09,4539,4.6,9.1,Jason Thompson
202399,Jeff,1610612766,CHA,27.0,52,13,39,0.25,713.0083333333333,72,168,0.429,0,2,0.0,65,100,0.65,68,128,196,36,32,18,27,17,80,91,209,-93,601.2,1,0,531.0,1,2012-13,13.7,98.4,98.1,98.1,106.3,105.0,105.0,-7.9,-7.0,-7.0,0.082,1.13,12.7,0.091,0.187,0.137,11.3,11.4,0.429,0.493,0.154,0.157,93.04,93.78,78.15,93.78,0.086,1395,1.4,3.2,Jeff Adrien
201965,Jeff,1610612754,IND,26.0,37,24,13,0.649,369.1333333333333,61,126,0.484,2,4,0.5,21,23,0.913,29,75,104,15,23,6,12,10,44,24,145,56,323.3,1,0,302.0,1,2012-13,10.0,104.8,102.4,102.4,95.1,95.8,95.8,9.7,6.6,6.6,0.068,0.65,8.7,0.08,0.177,0.132,13.3,13.2,0.492,0.533,0.183,0.191,95.64,96.42,80.35,96.42,0.11,745,1.6,3.4,Jeff Ayres
201145,Jeff,1610612738,BOS,26.0,81,41,40,0.506,2251.475,376,806,0.467,70,182,0.385,214,265,0.808,55,263,318,128,132,56,68,63,175,219,1036,5,1849.6,1,0,1800.0,1,2012-13,27.8,100.2,100.2,100.2,100.2,101.3,101.3,0.1,-1.1,-1.1,0.1,0.97,10.8,0.026,0.115,0.072,11.1,11.2,0.51,0.561,0.216,0.22,93.89,93.4,77.83,93.4,0.106,4407,4.6,10.0,Jeff Green
201952,Jeff,1610612737,ATL,25.0,80,43,37,0.538,2628.438333333333,439,974,0.451,89,248,0.359,199,226,0.881,25,155,180,579,230,117,28,79,181,234,1166,74,2455.5,15,0,2304.0,1,2012-13,32.9,103.2,103.8,103.8,101.9,102.8,102.8,1.3,1.1,1.1,0.348,2.52,30.8,0.01,0.06,0.035,12.2,12.2,0.496,0.543,0.226,0.229,95.19,94.52,78.77,94.52,0.111,5185,5.5,12.2,Jeff Teague
203106,Jeffery,1610612766,CHA,24.0,77,18,59,0.234,1507.4416666666666,172,399,0.431,53,154,0.344,75,103,0.728,51,99,150,63,48,47,15,39,136,68,472,-272,884.5,0,0,862.0,1,2012-13,19.6,97.2,96.9,96.9,106.1,105.5,105.5,-8.9,-8.6,-8.6,0.072,1.31,11.3,0.033,0.066,0.049,8.6,8.6,0.497,0.531,0.147,0.15,94.12,94.54,78.78,94.54,0.055,2961,2.2,5.2,Jeffery Taylor
202379,Jeremy,1610612762,UTA,25.0,37,20,17,0.541,215.06833333333333,27,44,0.614,0,1,0.0,21,33,0.636,26,32,58,11,8,8,13,1,30,28,75,24,216.1,0,0,186.0,1,2012-13,5.8,108.7,105.1,105.1,104.3,100.0,100.0,4.4,5.1,5.1,0.076,1.38,14.1,0.119,0.145,0.132,10.3,10.3,0.614,0.641,0.125,0.13,96.36,100.1,83.42,100.1,0.115,449,0.7,1.2,Jeremy Evans
203087,Jeremy,1610612760,OKC,21.0,23,20,3,0.87,146.59166666666667,24,68,0.353,9,30,0.3,14,14,1.0,5,13,18,5,6,2,2,6,13,7,71,-45,106.1,0,0,111.0,1,2012-13,6.4,96.6,93.4,93.4,110.0,110.1,110.1,-13.3,-16.7,-16.7,0.063,0.83,6.0,0.032,0.088,0.06,7.1,7.0,0.419,0.479,0.238,0.252,92.65,94.14,78.45,94.14,0.064,289,1.0,3.0,Jeremy Lamb
202391,Jeremy,1610612745,HOU,24.0,82,45,37,0.549,2639.955,396,897,0.441,87,257,0.339,216,275,0.785,32,215,247,497,236,134,29,65,205,265,1095,133,2389.9,9,0,2252.0,1,2012-13,32.2,106.4,107.7,107.7,104.0,105.1,105.1,2.3,2.6,2.6,0.29,2.11,28.4,0.013,0.081,0.047,13.5,13.5,0.49,0.538,0.206,0.208,99.19,98.07,81.72,98.07,0.098,5391,4.8,10.9,Jeremy Lin
202951,Jeremy,1610612755,PHI,27.0,39,9,30,0.231,655.1233333333333,99,250,0.396,25,74,0.338,42,62,0.677,8,41,49,92,50,13,2,28,46,50,265,-109,456.8,0,0,461.0,2,2012-13,16.8,95.5,97.5,97.5,105.9,105.1,105.1,-10.4,-7.6,-7.6,0.254,1.84,21.9,0.011,0.067,0.037,11.9,11.9,0.446,0.478,0.224,0.228,91.79,91.15,75.96,91.15,0.073,1237,2.5,6.4,Jeremy Pargo
202719,Jeremy,1610612737,ATL,22.0,21,10,11,0.476,68.41333333333333,9,24,0.375,0,0,0.0,4,6,0.667,6,14,20,1,6,1,2,5,10,8,22,7,50.5,0,0,49.0,2,2012-13,3.3,93.2,86.9,86.9,86.1,85.0,85.0,7.0,1.9,1.9,0.028,0.17,2.9,0.083,0.187,0.136,17.6,17.8,0.375,0.413,0.196,0.216,95.91,99.98,83.32,99.98,0.055,145,0.4,1.1,Jeremy Tyler
979,Jermaine,1610612756,PHX,34.0,55,17,38,0.309,1028.725,179,371,0.482,0,0,0.0,96,115,0.835,82,211,293,42,73,19,78,43,126,110,454,-132,1086.6,5,0,983.0,1,2012-13,18.7,96.0,96.5,96.5,102.8,103.5,103.5,-6.8,-7.0,-7.0,0.074,0.58,7.8,0.081,0.204,0.143,13.6,13.6,0.482,0.538,0.217,0.221,93.3,92.74,77.28,92.74,0.125,1991,3.3,6.7,Jermaine O'Neal
711,Jerry,1610612751,BKN,38.0,37,24,13,0.649,543.6816666666666,66,172,0.384,30,89,0.337,20,23,0.87,5,28,33,35,24,7,4,4,31,20,182,27,283.1,0,0,302.0,1,2012-13,14.7,102.9,102.9,102.9,104.6,102.2,102.2,-1.7,0.7,0.7,0.107,1.46,14.5,0.009,0.056,0.031,10.0,10.0,0.471,0.5,0.166,0.17,92.21,93.28,77.73,93.28,0.057,1066,1.8,4.6,Jerry Stackhouse
201573,Jerryd,1610612763,MEM,24.0,80,54,26,0.675,1764.715,260,621,0.419,71,201,0.353,102,122,0.836,22,154,176,264,120,59,17,30,168,116,693,6,1408.2,0,0,1356.0,1,2012-13,22.1,101.3,101.4,101.4,101.4,100.9,100.9,-0.1,0.5,0.5,0.254,2.2,25.0,0.013,0.092,0.051,11.4,11.3,0.476,0.514,0.202,0.208,91.51,91.73,76.44,91.73,0.097,3367,3.3,7.8,Jerryd Bayless
202690,Jimmer,1610612758,SAC,24.0,69,25,44,0.362,966.5166666666668,172,409,0.421,65,156,0.417,85,99,0.859,19,52,71,92,68,31,3,28,64,75,494,-81,751.2,0,0,790.0,1,2012-13,14.0,105.3,106.9,106.9,111.7,110.8,110.8,-6.3,-3.9,-3.9,0.154,1.35,15.2,0.019,0.056,0.037,11.2,11.1,0.5,0.546,0.229,0.235,96.42,96.07,80.06,96.07,0.084,1932,2.5,5.9,Jimmer Fredette
202710,Jimmy,1610612741,CHI,23.0,82,45,37,0.549,2133.5733333333333,239,512,0.467,40,105,0.381,187,233,0.803,136,192,328,115,62,78,31,55,97,178,705,55,1536.1,4,0,1406.0,1,2012-13,26.0,102.0,103.2,103.2,100.1,100.7,100.7,1.9,2.4,2.4,0.088,1.85,14.6,0.064,0.092,0.077,7.8,7.8,0.506,0.574,0.144,0.147,91.42,90.64,75.54,90.64,0.106,4008,2.9,6.2,Jimmy Butler III
201149,Joakim,1610612741,CHI,28.0,66,36,30,0.545,2426.2616666666668,303,630,0.481,0,5,0.0,178,237,0.751,260,473,733,262,176,78,141,60,185,225,784,62,2537.6,33,2,2217.0,1,2012-13,36.8,99.7,100.9,100.9,98.4,99.3,99.3,1.3,1.6,1.6,0.176,1.49,22.2,0.11,0.193,0.152,14.9,15.0,0.481,0.534,0.17,0.172,92.47,91.48,76.23,91.48,0.139,4619,4.6,9.5,Joakim Noah
201975,Jodie,1610612747,LAL,25.0,78,45,33,0.577,1663.23,205,530,0.387,122,342,0.357,86,96,0.896,37,134,171,69,52,58,5,34,103,75,618,55,1063.7,0,0,1106.0,1,2012-13,21.3,106.4,106.2,106.2,103.9,104.9,104.9,2.5,1.3,1.3,0.066,1.33,10.0,0.022,0.076,0.049,7.6,7.5,0.502,0.54,0.161,0.167,96.5,96.16,80.13,96.16,0.07,3338,2.6,6.8,Jodie Meeks
2207,Joe,1610612751,BKN,32.0,72,43,29,0.597,2642.0616666666665,445,1052,0.423,148,395,0.375,132,161,0.82,53,165,218,253,123,49,14,20,99,142,1170,289,1877.1,0,0,1915.0,1,2012-13,36.7,107.8,109.4,109.4,103.4,103.8,103.8,4.4,5.6,5.6,0.163,2.06,16.9,0.021,0.066,0.043,8.2,8.2,0.493,0.521,0.216,0.219,90.26,89.38,74.48,89.38,0.092,4926,6.2,14.6,Joe Johnson
201202,Joel,1610612748,MIA,30.0,62,50,12,0.806,566.1766666666666,35,68,0.515,0,0,0.0,17,28,0.607,45,70,115,13,22,13,42,5,49,27,87,28,387.5,0,0,325.0,1,2012-13,9.1,107.6,104.3,104.3,102.5,103.2,103.2,5.1,1.1,1.1,0.034,0.59,11.3,0.088,0.123,0.106,19.1,19.1,0.515,0.542,0.083,0.087,91.95,93.05,77.54,93.05,0.059,1105,0.6,1.1,Joel Anthony
200777,Joel,1610612757,POR,26.0,51,15,36,0.294,477.3366666666666,58,142,0.408,0,0,0.0,18,27,0.667,40,79,119,13,19,13,11,14,67,31,134,-93,349.3,0,0,314.0,1,2012-13,9.4,91.3,91.8,91.8,103.6,101.0,101.0,-12.3,-9.2,-9.2,0.05,0.68,7.0,0.077,0.168,0.12,10.2,10.2,0.408,0.435,0.161,0.165,92.26,93.22,77.68,93.22,0.059,923,1.1,2.8,Joel Freeland
2038,Joel,1610612749,MIL,33.0,12,4,8,0.333,68.08333333333333,1,4,0.25,0,0,0.0,0,2,0.0,5,16,21,4,4,1,2,1,10,1,2,-46,38.2,0,0,33.0,1,2012-13,5.7,90.4,90.6,90.6,126.7,124.8,124.8,-36.3,-34.2,-34.2,0.08,1.0,30.8,0.063,0.242,0.145,30.8,31.1,0.25,0.205,0.056,0.056,96.29,96.94,80.78,96.94,0.028,138,0.1,0.3,Joel Przybilla
101130,Johan,1610612737,ATL,27.0,31,13,18,0.419,351.71,48,110,0.436,1,4,0.25,11,12,0.917,33,79,112,16,24,10,9,4,48,17,108,-93,299.4,2,0,275.0,1,2012-13,11.3,95.4,94.6,94.6,108.3,107.6,107.6,-12.9,-12.9,-12.9,0.076,0.67,10.4,0.093,0.23,0.16,15.6,15.5,0.441,0.468,0.175,0.181,96.24,96.97,80.81,96.97,0.081,710,1.5,3.5,Johan Petro
203089,John,1610612749,MIL,22.0,63,27,36,0.429,827.1483333333333,162,336,0.482,0,3,0.0,56,105,0.533,116,181,297,31,47,19,42,20,83,87,380,-37,918.9,6,0,830.0,1,2012-13,13.1,100.2,100.6,100.6,102.7,102.3,102.3,-2.5,-1.7,-1.7,0.063,0.66,6.7,0.125,0.21,0.166,10.2,10.2,0.482,0.497,0.216,0.221,97.01,97.0,80.83,97.0,0.121,1667,2.6,5.3,John Henson
203098,John,1610612737,ATL,22.0,61,30,31,0.492,901.8283333333334,131,294,0.446,53,138,0.384,59,70,0.843,17,77,94,56,40,12,10,11,37,45,374,-124,596.8,0,0,621.0,1,2012-13,14.8,98.0,97.2,97.2,105.9,104.6,104.6,-7.9,-7.4,-7.4,0.105,1.4,13.4,0.019,0.086,0.052,9.6,9.5,0.536,0.576,0.176,0.183,95.22,96.23,80.19,96.23,0.092,1813,2.1,4.8,John Jenkins
101249,John,1610612761,TOR,30.0,63,26,37,0.413,827.1416666666667,129,334,0.386,57,151,0.377,18,25,0.72,8,57,65,105,26,23,1,11,50,49,333,-93,614.5,0,0,608.0,1,2012-13,13.1,102.1,101.3,101.3,108.4,106.0,106.0,-6.3,-4.7,-4.7,0.233,4.04,22.2,0.009,0.076,0.04,5.5,5.5,0.472,0.483,0.203,0.21,90.31,91.63,76.36,91.63,0.092,1570,2.0,5.3,John Lucas III
2422,John,1610612758,SAC,33.0,76,26,50,0.342,2278.3783333333336,244,612,0.399,99,267,0.371,85,110,0.773,33,174,207,226,85,51,25,31,143,99,672,-38,1402.4,1,0,1356.0,1,2012-13,30.0,105.8,107.4,107.4,106.7,108.0,108.0,-0.9,-0.6,-0.6,0.142,2.66,23.2,0.015,0.078,0.047,8.7,8.8,0.48,0.509,0.146,0.147,96.59,95.33,79.44,95.33,0.063,4520,3.2,8.1,John Salmons
202322,John,1610612764,WAS,22.0,49,24,25,0.49,1602.125,324,735,0.441,12,45,0.267,246,306,0.804,35,161,196,373,157,65,37,44,117,221,906,44,1849.7,14,0,1691.0,1,2012-13,32.7,102.1,102.8,102.8,100.7,101.2,101.2,1.5,1.6,1.6,0.407,2.38,26.7,0.022,0.1,0.061,11.2,11.2,0.449,0.521,0.286,0.289,96.5,95.89,79.91,95.89,0.146,3197,6.6,15.0,John Wall
202720,Jon,1610612763,MEM,24.0,28,14,14,0.5,186.54166666666663,25,52,0.481,0,3,0.0,6,13,0.462,13,24,37,8,8,6,0,1,21,11,56,-65,122.4,0,0,113.0,2,2012-13,6.7,90.8,89.0,89.0,108.8,106.0,106.0,-18.0,-17.0,-17.0,0.074,1.0,10.8,0.065,0.143,0.101,10.8,10.9,0.481,0.485,0.153,0.159,96.3,98.55,82.13,98.55,0.061,383,0.9,1.9,Jon Leuer
201973,Jonas,1610612765,DET,26.0,49,13,36,0.265,891.6283333333333,142,316,0.449,25,83,0.301,68,88,0.773,68,117,185,43,42,38,8,18,90,75,377,-81,759.5,0,0,722.0,1,2012-13,18.2,102.5,102.6,102.6,108.1,108.0,108.0,-5.6,-5.4,-5.4,0.079,1.02,9.8,0.076,0.146,0.109,9.6,9.6,0.489,0.531,0.195,0.2,93.94,93.97,78.31,93.97,0.095,1752,2.9,6.4,Jonas Jerebko
202685,Jonas,1610612761,TOR,21.0,62,25,37,0.403,1481.5983333333334,204,366,0.557,0,0,0.0,146,185,0.789,121,251,372,45,94,17,78,30,188,156,554,-125,1258.9,8,0,1161.0,1,2012-13,23.9,100.6,101.9,101.9,104.3,105.6,105.6,-3.6,-3.7,-3.7,0.051,0.48,7.6,0.087,0.176,0.132,15.9,16.0,0.557,0.619,0.169,0.171,93.28,92.11,76.75,92.11,0.099,2834,3.3,5.9,Jonas Valančiūnas
202348,Jordan,1610612738,BOS,24.0,70,23,47,0.329,1708.5283333333334,301,725,0.415,83,246,0.337,129,159,0.811,44,165,209,225,141,39,7,26,106,134,814,-167,1399.3,1,1,1423.0,2,2012-13,24.4,95.4,95.9,95.9,100.8,100.8,100.8,-5.4,-4.9,-4.9,0.244,1.6,19.4,0.026,0.094,0.06,12.2,12.1,0.472,0.512,0.248,0.252,94.85,94.62,78.85,94.62,0.108,3367,4.3,10.4,Jordan Crawford
202706,Jordan,1610612743,DEN,22.0,40,26,14,0.65,396.58,84,201,0.418,27,73,0.37,13,26,0.5,32,63,95,23,19,15,8,14,24,19,208,-25,406.5,0,0,399.0,1,2012-13,9.9,104.6,101.4,101.4,105.8,104.7,104.7,-1.2,-3.3,-3.3,0.089,1.21,9.1,0.074,0.153,0.113,7.5,7.5,0.485,0.49,0.236,0.246,96.32,98.4,82.0,98.4,0.11,814,2.1,5.0,Jordan Hamilton
201941,Jordan,1610612747,LAL,25.0,29,12,17,0.414,457.97333333333336,77,155,0.497,0,2,0.0,40,61,0.656,82,84,166,13,26,8,19,10,55,45,194,-32,467.7,0,0,427.0,1,2012-13,15.8,103.1,103.4,103.4,107.0,106.4,106.4,-3.9,-3.0,-3.0,0.05,0.5,5.9,0.156,0.177,0.166,11.7,11.8,0.497,0.533,0.188,0.191,95.76,95.9,79.92,95.9,0.108,913,2.7,5.3,Jordan Hill
101181,Jose,1610612765,DET,31.0,73,23,50,0.315,2159.3866666666668,312,635,0.491,130,282,0.461,72,80,0.9,20,156,176,518,126,58,8,20,99,87,826,-251,1886.2,11,2,1782.0,2,2012-13,29.6,100.9,101.8,101.8,107.3,108.3,108.3,-6.4,-6.5,-6.5,0.396,4.11,39.7,0.009,0.079,0.043,9.6,9.6,0.594,0.616,0.167,0.171,92.48,91.59,76.33,91.59,0.135,4128,4.3,8.7,Jose Calderon
203006,Josh,1610612742,DAL,27.0,3,2,1,0.667,8.703333333333333,2,4,0.5,1,2,0.5,0,0,0.0,0,1,1,1,0,0,0,0,3,0,5,-5,7.7,0,0,8.0,1,2012-13,2.9,93.8,88.2,88.2,116.3,111.1,111.1,-22.5,-22.9,-22.9,0.2,0.0,20.0,0.0,0.0,0.0,0.0,0.0,0.625,0.625,0.222,0.235,91.55,96.51,80.43,96.51,0.069,17,0.7,1.3,Josh Akognon
2735,Josh,1610612751,BKN,30.0,14,8,6,0.571,100.11833333333334,6,21,0.286,1,3,0.333,1,2,0.5,6,9,15,5,0,2,2,0,3,2,14,-35,51.5,0,0,43.0,1,2012-13,7.2,94.9,90.0,90.0,104.5,101.4,101.4,-9.6,-11.4,-11.4,0.085,0.0,18.5,0.047,0.095,0.068,0.0,0.0,0.31,0.32,0.091,0.096,94.81,98.76,82.3,98.76,0.051,200,0.4,1.5,Josh Childress
202725,Josh,1610612748,MIA,24.0,6,3,3,0.5,30.661666666666665,4,9,0.444,1,5,0.2,1,2,0.5,3,4,7,0,3,1,1,0,4,1,10,-1,21.4,0,0,22.0,1,2012-13,5.1,97.3,86.4,86.4,93.5,95.1,95.1,3.8,-8.7,-8.7,0.0,0.0,0.0,0.0,0.1,0.0,23.1,23.3,0.5,0.506,0.181,0.199,94.43,99.41,82.84,99.41,0.039,66,0.7,1.5,Josh Harrellson
2572,Josh,1610612750,MIN,33.0,11,5,6,0.455,207.15666666666667,31,77,0.403,5,16,0.313,7,12,0.583,9,27,36,4,10,10,3,4,18,10,74,-17,152.2,1,0,145.0,1,2012-13,18.8,97.9,96.6,96.6,101.5,101.2,101.2,-3.6,-4.6,-4.6,0.034,0.4,4.1,0.043,0.131,0.086,10.3,10.4,0.435,0.45,0.196,0.201,94.48,95.23,79.36,95.23,0.065,412,2.8,7.0,Josh Howard
201177,Josh,1610612766,CHA,26.0,67,19,48,0.284,1487.4433333333334,156,343,0.455,24,84,0.286,65,85,0.765,93,232,325,141,66,32,27,18,131,70,401,-245,1113.5,3,0,1009.0,2,2012-13,22.2,98.7,98.7,98.7,106.8,106.9,106.9,-8.1,-8.2,-8.2,0.151,2.14,24.0,0.064,0.162,0.113,11.2,11.2,0.49,0.527,0.136,0.139,93.95,93.89,78.24,93.89,0.09,2906,2.3,5.1,Josh McRoberts
202729,Josh,1610612763,MEM,22.0,10,6,4,0.6,58.836666666666666,6,22,0.273,1,6,0.167,7,11,0.636,0,5,5,4,7,2,0,3,7,6,20,-40,31.0,0,0,34.0,1,2012-13,5.9,73.5,70.7,70.7,109.8,102.4,102.4,-36.3,-31.7,-31.7,0.143,0.57,10.5,0.0,0.089,0.041,18.4,18.5,0.295,0.373,0.25,0.262,95.43,100.75,83.96,100.75,-0.018,123,0.6,2.2,Josh Selby
2746,Josh,1610612737,ATL,27.0,76,40,36,0.526,2682.855,550,1182,0.465,61,201,0.303,166,321,0.517,133,506,639,321,226,94,136,39,175,301,1327,83,3039.3,29,0,2808.0,1,2012-13,35.3,103.5,104.6,104.6,101.6,102.8,102.8,1.9,1.8,1.8,0.204,1.42,17.2,0.052,0.188,0.121,12.1,12.1,0.491,0.501,0.263,0.266,95.64,94.59,78.83,94.59,0.123,5282,7.2,15.6,Josh Smith
201950,Jrue,1610612755,PHI,23.0,78,34,44,0.436,2925.575,555,1288,0.431,91,247,0.368,182,242,0.752,89,240,329,625,292,123,32,76,170,252,1383,-127,2888.3,20,1,2738.0,1,2012-13,37.5,99.5,100.7,100.7,102.0,103.1,103.1,-2.5,-2.4,-2.4,0.358,2.14,27.0,0.03,0.084,0.056,12.6,12.6,0.466,0.496,0.261,0.264,93.84,92.78,77.32,92.78,0.115,5660,7.1,16.5,Jrue Holiday
202933,Julyan,1610612743,DEN,24.0,4,2,2,0.5,27.8,2,2,1.0,0,0,0.0,3,4,0.75,2,1,3,2,2,1,0,0,4,3,7,7,14.6,0,0,14.0,1,2012-13,7.0,113.5,107.3,107.3,102.8,98.1,98.1,10.7,9.2,9.2,0.111,1.0,25.0,0.0,0.0,0.0,25.0,25.8,1.0,0.931,0.086,0.087,88.58,93.24,77.7,93.24,0.063,55,0.5,0.5,Julyan Stone
202458,Justin,1610612742,DAL,27.0,2,0,2,0.0,4.366666666666666,0,2,0.0,0,0,0.0,0,0,0.0,0,0,0,0,0,0,0,0,0,0,0,-2,0.0,0,0,0.0,1,2012-13,2.2,100.0,87.5,87.5,128.6,128.6,128.6,-28.6,-41.1,-41.1,0.0,0.0,0.0,0.0,0.0,0.0,0.0,0.0,0.0,0.0,0.2,0.222,76.95,82.44,68.7,82.44,-0.121,8,0.0,1.0,Justin Dentmon
203200,Justin,1610612755,PHI,24.0,9,4,5,0.444,142.00333333333333,16,48,0.333,4,16,0.25,6,8,0.75,0,14,14,15,9,3,6,2,7,6,42,12,99.3,0,0,93.0,1,2012-13,15.8,104.7,102.8,102.8,97.1,97.9,97.9,7.5,5.0,5.0,0.155,1.67,19.7,0.0,0.089,0.046,11.8,11.9,0.375,0.408,0.191,0.195,94.86,95.32,79.43,95.32,0.053,281,1.8,5.3,Justin Holiday
436,Juwan,1610612748,MIA,40.0,7,7,0,1.0,50.66666666666666,10,19,0.526,0,0,0.0,1,1,1.0,0,8,8,6,4,0,0,2,9,2,21,-13,35.6,0,0,35.0,1,2012-13,7.2,104.6,103.1,103.1,115.8,115.3,115.3,-11.2,-12.2,-12.2,0.207,1.5,20.7,0.0,0.0,0.0,13.8,13.6,0.526,0.54,0.217,0.231,91.5,92.37,76.97,92.37,0.066,97,1.4,2.7,Juwan Howard
202695,Kawhi,1610612759,SAS,22.0,58,43,15,0.741,1810.131666666667,260,526,0.494,65,174,0.374,104,126,0.825,63,283,346,93,62,97,32,28,99,91,689,357,1568.7,6,0,1451.0,1,2012-13,31.2,106.9,107.5,107.5,96.8,97.3,97.3,10.1,10.1,10.1,0.077,1.5,12.6,0.04,0.155,0.101,8.4,8.4,0.556,0.592,0.164,0.166,95.38,94.87,79.06,94.87,0.115,3575,4.5,9.1,Kawhi Leonard
2586,Keith,1610612751,BKN,33.0,74,44,30,0.595,1408.0,108,284,0.38,84,245,0.343,11,17,0.647,16,104,120,76,49,28,4,1,108,35,311,-34,616.0,0,0,655.0,1,2012-13,19.0,103.9,103.2,103.2,104.2,103.7,103.7,-0.2,-0.5,-0.5,0.084,1.55,18.3,0.012,0.076,0.044,11.8,11.8,0.528,0.533,0.11,0.113,91.11,91.62,76.35,91.62,0.042,2677,1.5,3.8,Keith Bogans
202689,Kemba,1610612766,CHA,23.0,82,21,61,0.256,2858.7,526,1244,0.423,107,332,0.322,296,371,0.798,60,223,283,471,200,160,31,103,153,325,1455,-464,2874.1,5,0,2698.0,1,2012-13,34.9,98.5,100.3,100.3,108.2,109.0,109.0,-9.7,-8.7,-8.7,0.308,2.36,22.8,0.02,0.082,0.05,9.7,9.6,0.466,0.517,0.25,0.255,93.83,92.66,77.22,92.66,0.125,5525,6.4,15.2,Kemba Walker
203088,Kendall,1610612756,PHX,21.0,48,12,36,0.25,702.34,56,151,0.371,23,73,0.315,8,14,0.571,4,38,42,143,57,22,4,5,48,26,143,-185,428.9,0,0,403.0,1,2012-13,14.6,95.9,94.7,94.7,109.1,108.3,108.3,-13.2,-13.6,-13.6,0.306,2.51,40.1,0.006,0.056,0.03,16.0,16.0,0.447,0.455,0.131,0.136,96.53,97.49,81.24,97.49,0.058,1431,1.2,3.1,Kendall Marshall
2570,Kendrick,1610612760,OKC,28.0,78,58,20,0.744,1954.2783333333332,143,313,0.457,0,1,0.0,44,72,0.611,110,356,466,111,109,43,83,36,227,70,330,404,1324.7,0,0,1159.0,1,2012-13,25.1,110.3,110.4,110.4,98.5,99.6,99.6,11.8,10.9,10.9,0.078,1.02,19.6,0.064,0.169,0.121,19.2,19.3,0.457,0.479,0.105,0.106,96.02,95.47,79.56,95.47,0.056,3878,1.8,4.0,Kendrick Perkins
202702,Kenneth,1610612743,DEN,23.0,80,55,25,0.688,2247.5783333333334,380,689,0.552,0,0,0.0,163,266,0.613,260,474,734,77,113,81,83,75,234,235,923,219,2298.3,31,0,2062.0,1,2012-13,28.1,107.5,109.3,109.3,102.5,103.6,103.6,5.1,5.7,5.7,0.051,0.68,7.7,0.116,0.212,0.164,11.4,11.3,0.552,0.573,0.177,0.179,96.37,95.06,79.21,95.06,0.121,4434,4.8,8.6,Kenneth Faried
203145,Kent,1610612744,GSW,23.0,61,34,27,0.557,266.8183333333333,43,116,0.371,10,34,0.294,27,44,0.614,5,17,22,22,18,17,4,6,27,31,123,-34,227.4,0,0,219.0,1,2012-13,4.4,96.9,91.1,91.1,94.7,90.1,90.1,2.2,1.0,1.0,0.159,1.22,12.4,0.019,0.055,0.038,10.1,10.3,0.414,0.454,0.247,0.264,99.0,104.7,87.25,104.7,0.063,560,0.7,1.9,Kent Bazemore
2030,Kenyon,1610612752,NYK,35.0,18,13,5,0.722,431.28333333333336,56,93,0.602,0,0,0.0,17,40,0.425,34,61,95,8,16,16,17,4,64,28,129,59,338.0,1,0,298.0,1,2012-13,24.0,109.9,109.7,109.7,101.4,101.3,101.3,8.5,8.5,8.5,0.03,0.5,5.9,0.087,0.151,0.12,11.9,11.9,0.602,0.583,0.141,0.144,88.47,88.59,73.83,88.59,0.078,792,3.1,5.2,Kenyon Martin
201142,Kevin,1610612760,OKC,24.0,81,60,21,0.741,3118.8166666666666,731,1433,0.51,139,334,0.416,679,750,0.905,46,594,640,374,280,116,105,44,143,526,2280,717,3992.0,19,3,3875.0,1,2012-13,38.5,112.1,113.1,113.1,99.4,100.9,100.9,12.7,12.2,12.2,0.213,1.34,15.5,0.017,0.179,0.106,11.6,11.6,0.559,0.647,0.295,0.298,95.76,94.6,78.83,94.6,0.202,6131,9.0,17.7,Kevin Durant
708,Kevin,1610612738,BOS,37.0,68,36,32,0.529,2022.23,422,850,0.496,2,16,0.125,158,201,0.786,75,455,530,159,110,78,62,19,154,221,1004,111,2188.5,19,0,1975.0,1,2012-13,29.7,99.7,99.2,99.2,96.2,96.4,96.4,3.5,2.8,2.8,0.147,1.45,13.2,0.042,0.229,0.14,9.1,9.1,0.498,0.535,0.246,0.251,92.4,92.52,77.1,92.52,0.16,3899,6.2,12.5,Kevin Garnett
203158,Kevin,1610612739,CLE,23.0,32,5,27,0.156,334.01666666666665,43,107,0.402,0,0,0.0,9,15,0.6,38,40,78,10,8,9,5,13,25,16,95,55,237.6,1,0,211.0,1,2012-13,10.4,106.9,107.9,107.9,100.9,98.7,98.7,6.0,9.2,9.2,0.043,1.25,7.6,0.107,0.127,0.116,6.1,6.1,0.402,0.418,0.155,0.158,94.82,95.42,79.52,95.42,0.063,661,1.3,3.3,Kevin Jones
201567,Kevin,1610612750,MIN,24.0,18,9,9,0.5,617.9616666666667,105,298,0.352,20,92,0.217,100,142,0.704,64,188,252,42,39,13,9,33,34,111,330,2,722.4,14,0,688.0,1,2012-13,34.3,100.1,101.9,101.9,101.8,101.9,101.9,-1.7,0.0,0.0,0.117,1.08,9.4,0.094,0.306,0.194,8.7,8.8,0.386,0.458,0.273,0.275,96.67,95.77,79.81,95.77,0.144,1234,5.8,16.6,Kevin Love
2755,Kevin,1610612760,OKC,30.0,77,57,20,0.74,2136.2466666666664,350,778,0.45,158,371,0.426,219,246,0.89,31,147,178,106,101,72,8,32,138,163,1077,439,1588.6,0,0,1679.0,1,2012-13,27.7,112.7,112.9,112.9,101.0,102.2,102.2,11.6,10.7,10.7,0.081,1.05,9.7,0.017,0.066,0.044,9.2,9.2,0.551,0.608,0.206,0.21,96.32,95.66,79.72,95.66,0.098,4250,4.5,10.1,Kevin Martin
203122,Kevin,1610612762,UTA,23.0,17,11,6,0.647,52.388333333333335,7,28,0.25,1,5,0.2,0,0,0.0,0,4,4,2,3,1,0,0,4,1,15,-45,22.8,0,0,24.0,1,2012-13,3.1,88.9,82.7,82.7,129.8,123.6,123.6,-40.9,-40.9,-40.9,0.083,0.67,6.1,0.0,0.089,0.037,9.1,9.1,0.268,0.268,0.238,0.26,94.9,100.79,83.99,100.79,-0.038,110,0.4,1.6,Kevin Murphy
202338,Kevin,1610612764,WAS,23.0,79,27,52,0.342,1720.8183333333334,330,716,0.461,0,0,0.0,61,88,0.693,107,239,346,57,130,24,59,36,211,101,721,-218,1340.7,4,0,1290.0,1,2012-13,21.8,95.0,95.2,95.2,101.1,101.1,101.1,-6.2,-5.9,-5.9,0.063,0.44,6.0,0.061,0.137,0.099,13.8,13.8,0.461,0.478,0.233,0.236,94.19,94.1,78.42,94.1,0.069,3363,4.2,9.1,Kevin Seraphin
2039,Keyon,1610612763,MEM,33.0,7,6,1,0.857,81.68666666666667,10,21,0.476,5,12,0.417,6,7,0.857,0,1,1,8,5,1,0,0,8,10,31,-20,42.2,0,0,47.0,1,2012-13,11.7,96.0,91.8,91.8,101.7,105.1,105.1,-5.7,-13.2,-13.2,0.195,1.6,21.6,0.0,0.0,0.0,13.5,13.5,0.595,0.644,0.153,0.162,92.61,93.14,77.61,93.14,0.074,159,1.4,3.0,Keyon Dooling
203114,Khris,1610612765,DET,21.0,27,9,18,0.333,475.41833333333335,62,141,0.44,14,45,0.311,27,32,0.844,4,46,50,28,11,15,4,8,53,23,165,26,313.0,0,0,295.0,1,2012-13,17.6,109.7,110.2,110.2,107.4,107.9,107.9,2.3,2.3,2.3,0.085,2.55,14.4,0.009,0.109,0.058,5.7,5.7,0.489,0.532,0.156,0.159,95.52,95.11,79.26,95.11,0.063,944,2.3,5.2,Khris Middleton
203119,Kim,1610612765,DET,24.0,41,13,28,0.317,406.56666666666666,42,112,0.375,14,50,0.28,21,29,0.724,8,29,37,26,19,16,3,8,46,25,119,-57,240.4,0,0,234.0,1,2012-13,9.9,101.9,100.6,100.6,110.0,107.2,107.2,-8.1,-6.5,-6.5,0.097,1.37,15.4,0.019,0.076,0.047,11.2,11.2,0.438,0.477,0.152,0.158,95.33,97.22,81.02,97.22,0.038,822,1.0,2.7,Kim English
2550,Kirk,1610612741,CHI,32.0,60,38,22,0.633,1764.375,159,422,0.377,71,182,0.39,70,98,0.714,16,142,158,314,99,63,25,30,192,127,459,98,1284.6,1,0,1178.0,1,2012-13,29.4,102.2,103.4,103.4,99.0,100.1,100.1,3.2,3.3,3.3,0.267,3.17,35.7,0.009,0.08,0.045,11.3,11.3,0.461,0.493,0.145,0.147,93.14,92.09,76.74,92.09,0.073,3378,2.7,7.0,Kirk Hinrich
202691,Klay,1610612744,GSW,23.0,82,47,35,0.573,2935.943333333333,508,1205,0.422,211,526,0.401,132,157,0.841,32,274,306,183,157,86,45,36,237,147,1359,110,2236.7,0,0,2321.0,1,2012-13,35.8,105.4,106.0,106.0,103.6,104.2,104.2,1.8,1.8,1.8,0.099,1.17,11.3,0.011,0.089,0.051,9.7,9.7,0.509,0.533,0.216,0.218,96.9,96.3,80.25,96.3,0.076,5891,6.2,14.7,Klay Thompson
977,Kobe,1610612747,LAL,34.0,78,42,36,0.538,3012.613333333333,738,1595,0.463,132,407,0.324,525,626,0.839,66,367,433,469,287,106,25,71,173,467,2133,139,3462.1,16,2,3429.0,1,2012-13,38.6,107.4,108.5,108.5,104.7,106.6,106.6,2.7,1.9,1.9,0.286,1.63,17.9,0.022,0.116,0.071,10.9,10.9,0.504,0.57,0.313,0.317,97.12,95.75,79.79,95.75,0.156,6020,9.5,20.4,Kobe Bryant
201585,Kosta,1610612743,DEN,24.0,81,57,24,0.704,1817.12,295,508,0.581,0,1,0.0,58,104,0.558,211,351,562,32,53,44,103,38,246,81,648,299,1758.4,6,0,1536.0,1,2012-13,22.4,108.8,110.2,110.2,100.9,101.2,101.2,7.9,9.0,9.0,0.026,0.6,5.0,0.115,0.192,0.154,8.3,8.3,0.581,0.585,0.143,0.145,96.53,95.73,79.77,95.73,0.103,3611,3.6,6.3,Kosta Koufos
2743,Kris,1610612751,BKN,28.0,65,36,29,0.554,1191.1833333333334,139,310,0.448,0,2,0.0,97,123,0.789,126,239,365,32,57,16,33,35,127,115,375,-93,951.0,6,0,870.0,1,2012-13,18.3,102.9,102.8,102.8,106.5,106.5,106.5,-3.6,-3.7,-3.7,0.043,0.56,7.0,0.11,0.211,0.16,12.6,12.6,0.448,0.515,0.161,0.164,91.62,91.65,76.38,91.65,0.092,2270,2.1,4.8,Kris Humphries
203126,Kris,1610612751,BKN,24.0,10,7,3,0.7,53.90166666666666,2,14,0.143,0,3,0.0,5,8,0.625,1,6,7,1,2,3,0,1,3,4,9,-6,25.9,0,0,23.0,2,2012-13,5.4,101.2,96.3,96.3,104.5,100.0,100.0,-3.3,-3.7,-3.7,0.028,0.5,4.8,0.017,0.115,0.063,9.5,9.7,0.143,0.257,0.157,0.166,92.63,97.07,80.89,97.07,-0.003,108,0.2,1.4,Kris Joseph
703,Kurt,1610612752,NYK,40.0,39,20,19,0.513,392.39,45,83,0.542,1,1,1.0,6,13,0.462,24,65,89,21,8,10,16,2,52,21,97,-22,305.3,0,0,260.0,1,2012-13,10.1,102.6,100.7,100.7,103.7,103.4,103.4,-1.2,-2.8,-2.8,0.085,2.63,17.8,0.06,0.169,0.114,6.8,6.8,0.548,0.547,0.114,0.117,92.02,93.03,77.52,93.03,0.082,760,1.2,2.1,Kurt Thomas
2198,Kwame,1610612755,PHI,31.0,22,7,15,0.318,269.475,17,37,0.459,0,0,0.0,7,19,0.368,23,51,74,9,8,6,10,8,37,20,41,-40,183.3,0,0,156.0,1,2012-13,12.2,95.7,95.0,95.0,102.2,102.1,102.1,-6.5,-7.1,-7.1,0.051,1.13,14.3,0.084,0.199,0.139,12.7,12.8,0.459,0.452,0.093,0.094,92.83,93.25,77.71,93.25,0.05,522,0.8,1.7,Kwame Brown
2594,Kyle,1610612737,ATL,32.0,74,41,33,0.554,2258.735,277,601,0.461,189,414,0.457,67,78,0.859,23,270,293,146,70,70,37,12,170,77,810,199,1631.6,0,0,1652.0,1,2012-13,30.5,105.7,106.0,106.0,101.3,101.9,101.9,4.4,4.1,4.1,0.094,2.09,17.3,0.011,0.118,0.067,8.3,8.2,0.618,0.637,0.141,0.145,94.9,94.5,78.75,94.5,0.089,4455,3.7,8.1,Kyle Korver
200768,Kyle,1610612761,TOR,27.0,68,27,41,0.397,2020.1933333333332,250,623,0.401,101,279,0.362,190,239,0.795,56,265,321,435,157,94,24,44,218,224,791,40,2025.7,11,1,1884.0,1,2012-13,29.7,104.6,106.1,106.1,104.3,105.0,105.0,0.3,1.1,1.1,0.336,2.77,33.0,0.029,0.135,0.082,11.9,11.9,0.482,0.543,0.197,0.199,94.64,93.63,78.02,93.63,0.123,3939,3.7,9.2,Kyle Lowry
203124,Kyle,1610612753,ORL,23.0,57,11,46,0.193,637.9166666666666,101,197,0.513,0,1,0.0,30,45,0.667,65,144,209,52,37,11,26,20,107,49,232,-55,634.8,2,0,567.0,1,2012-13,11.2,101.5,100.9,100.9,106.9,104.8,104.8,-5.4,-3.8,-3.8,0.122,1.41,17.0,0.1,0.214,0.158,12.1,12.1,0.513,0.535,0.173,0.178,95.14,96.39,80.32,96.39,0.101,1278,1.8,3.5,Kyle O'Quinn
202713,Kyle,1610612765,DET,25.0,82,29,53,0.354,2292.923333333333,275,642,0.428,70,200,0.35,100,124,0.806,109,221,330,77,98,57,37,47,217,120,720,-160,1415.5,1,0,1385.0,1,2012-13,28.0,100.3,101.5,101.5,104.7,105.5,105.5,-4.5,-4.1,-4.1,0.053,0.79,8.9,0.048,0.101,0.074,11.3,11.2,0.483,0.517,0.155,0.158,92.92,92.0,76.67,92.0,0.058,4404,3.4,7.8,Kyle Singler
202681,Kyrie,1610612739,CLE,21.0,59,19,40,0.322,2047.871666666667,484,1070,0.452,109,279,0.391,248,290,0.855,34,182,216,350,191,89,21,66,146,248,1325,-177,2248.2,4,0,2220.0,1,2012-13,34.7,102.6,104.0,104.0,107.7,108.7,108.7,-5.1,-4.6,-4.6,0.315,1.83,20.3,0.016,0.095,0.053,11.1,11.0,0.503,0.553,0.292,0.298,96.55,95.48,79.57,95.48,0.139,4079,8.2,18.1,Kyrie Irving
200746,LaMarcus,1610612757,POR,27.0,74,32,42,0.432,2789.92,638,1318,0.484,2,14,0.143,282,348,0.81,175,495,670,192,143,62,91,35,187,324,1560,-24,2968.0,38,0,2730.0,1,2012-13,37.7,104.5,106.1,106.1,105.9,106.8,106.8,-1.4,-0.7,-0.7,0.125,1.34,10.6,0.064,0.187,0.124,7.9,7.9,0.485,0.53,0.262,0.264,93.54,92.45,77.04,92.45,0.135,5380,8.6,17.8,LaMarcus Aldridge
1885,Lamar,1610612746,LAC,33.0,82,56,26,0.683,1615.9766666666667,146,366,0.399,18,90,0.2,20,42,0.476,117,363,480,142,86,69,58,25,214,60,330,295,1414.0,0,0,1224.0,1,2012-13,19.7,104.9,105.3,105.3,95.4,95.4,95.4,9.5,9.9,9.9,0.128,1.65,23.2,0.075,0.222,0.15,14.1,14.0,0.423,0.429,0.13,0.132,93.97,93.76,78.13,93.76,0.09,3147,1.8,4.5,Lamar Odom
202362,Lance,1610612754,IND,22.0,78,46,32,0.59,2278.1016666666665,275,598,0.46,62,188,0.33,75,115,0.652,47,257,304,223,109,81,16,34,162,113,687,380,1568.3,2,0,1470.0,1,2012-13,29.2,106.1,107.0,107.0,97.4,98.9,98.9,8.7,8.2,8.2,0.15,2.05,22.8,0.021,0.112,0.067,11.2,11.1,0.512,0.53,0.149,0.151,92.67,91.54,76.28,91.54,0.088,4357,3.5,7.7,Lance Stephenson
202498,Lance,1610612740,NOH,25.0,59,19,40,0.322,646.1666666666666,53,106,0.5,0,0,0.0,43,59,0.729,44,71,115,17,14,11,7,16,78,57,149,-54,352.5,0,0,317.0,1,2012-13,11.0,101.1,99.5,99.5,104.5,101.9,101.9,-3.5,-2.4,-2.4,0.043,1.21,10.5,0.072,0.119,0.095,8.6,8.6,0.5,0.565,0.106,0.111,88.08,89.92,74.93,89.92,0.056,1198,0.9,1.8,Lance Thomas
202361,Landry,1610612761,TOR,25.0,51,21,30,0.412,1036.69,102,223,0.457,2,14,0.143,34,53,0.642,59,149,208,60,42,32,8,21,63,53,240,-28,657.6,2,0,590.0,1,2012-13,20.3,105.0,105.4,105.4,105.7,106.2,106.2,-0.7,-0.8,-0.8,0.084,1.43,17.2,0.06,0.149,0.105,12.1,12.1,0.462,0.487,0.126,0.129,92.97,92.53,77.11,92.53,0.077,1993,2.0,4.4,Landry Fields
202336,Larry,1610612749,MIL,24.0,71,34,37,0.479,1937.4466666666667,306,605,0.506,0,2,0.0,84,136,0.618,224,448,672,83,87,53,201,35,233,115,696,36,2301.9,26,1,1959.0,1,2012-13,27.3,100.7,101.8,101.8,99.0,100.2,100.2,1.8,1.5,1.5,0.068,0.95,9.9,0.107,0.22,0.162,10.4,10.4,0.506,0.523,0.169,0.17,97.06,95.97,79.97,95.97,0.122,3862,4.3,8.5,Larry Sanders
202730,Lavoy,1610612755,PHI,24.0,79,34,45,0.43,1668.7016666666666,206,454,0.454,0,1,0.0,43,60,0.717,159,236,395,73,55,24,55,20,180,77,455,-102,1220.5,3,0,1081.0,1,2012-13,21.1,98.2,98.2,98.2,101.0,100.4,100.4,-2.9,-2.2,-2.2,0.068,1.33,12.0,0.093,0.147,0.119,9.0,9.0,0.454,0.474,0.146,0.149,91.53,91.8,76.5,91.8,0.071,3176,2.6,5.7,Lavoy Allen
202351,Lazar,1610612750,MIN,26.0,4,0,4,0.0,31.07333333333333,2,10,0.2,0,4,0.0,6,6,1.0,0,4,4,3,0,2,0,2,3,3,10,-26,25.3,0,0,21.0,1,2012-13,7.8,79.3,76.9,76.9,118.1,113.4,113.4,-38.8,-36.5,-36.5,0.2,0.0,18.8,0.0,0.0,0.0,0.0,0.0,0.2,0.396,0.181,0.183,98.4,101.95,84.96,101.95,0.077,65,0.5,2.5,Lazar Hayward
2544,LeBron,1610612748,MIA,28.0,76,61,15,0.803,2877.055,765,1354,0.565,103,254,0.406,403,535,0.753,97,513,610,551,226,129,67,41,110,439,2036,720,3956.5,36,4,3692.0,1,2012-13,37.9,113.4,114.2,114.2,99.3,101.9,101.9,14.1,12.3,12.3,0.344,2.44,23.3,0.039,0.18,0.115,9.6,9.6,0.603,0.64,0.294,0.298,93.87,92.28,76.9,92.28,0.221,5549,10.1,17.8,LeBron James
2571,Leandro,1610612738,BOS,30.0,41,23,18,0.561,512.785,83,193,0.43,18,47,0.383,31,41,0.756,8,38,46,58,21,17,6,13,51,39,215,-17,405.2,0,0,383.0,1,2012-13,12.5,97.8,95.4,95.4,99.7,99.7,99.7,-1.9,-4.3,-4.3,0.201,2.76,20.1,0.016,0.073,0.046,7.3,7.2,0.477,0.509,0.202,0.211,93.98,95.15,79.29,95.15,0.093,1030,2.0,4.7,Leandro Barbosa
101132,Linas,1610612761,TOR,28.0,20,9,11,0.45,375.965,48,144,0.333,20,66,0.303,32,38,0.842,10,42,52,16,14,4,2,7,45,27,148,-44,238.4,0,0,248.0,1,2012-13,18.8,101.6,102.3,102.3,107.7,108.8,108.8,-6.1,-6.5,-6.5,0.077,1.14,8.4,0.026,0.117,0.07,7.4,7.3,0.403,0.46,0.217,0.221,89.82,89.05,74.21,89.05,0.049,698,2.4,7.2,Linas Kleiza
200811,Lou,1610612740,NOH,30.0,39,11,28,0.282,371.455,32,81,0.395,0,0,0.0,12,36,0.333,48,58,106,11,19,16,12,11,53,33,76,-65,284.7,0,0,249.0,3,2012-13,9.5,98.2,95.7,95.7,108.2,104.2,104.2,-10.0,-8.5,-8.5,0.051,0.58,8.7,0.128,0.177,0.151,15.0,15.0,0.395,0.392,0.14,0.145,89.48,92.39,76.99,92.39,0.042,713,0.8,2.1,Lou Amundson
101150,Lou,1610612737,ATL,26.0,39,22,17,0.564,1119.0233333333333,187,443,0.422,72,196,0.367,105,121,0.868,8,72,80,139,74,44,10,23,55,105,551,5,943.5,1,0,950.0,1,2012-13,28.7,102.1,102.2,102.2,102.1,102.4,102.4,0.0,-0.2,-0.2,0.218,1.88,19.6,0.007,0.065,0.036,10.4,10.4,0.503,0.555,0.232,0.236,93.18,93.04,77.53,93.04,0.111,2174,4.8,11.4,Lou Williams
201601,Luc,1610612749,MIL,26.0,58,28,30,0.483,1326.18,151,377,0.401,13,37,0.351,72,126,0.571,89,167,256,55,70,42,14,36,82,99,387,-85,874.7,1,0,823.0,1,2012-13,22.9,100.8,100.0,100.0,101.2,103.1,103.1,-0.4,-3.0,-3.0,0.063,0.79,9.8,0.063,0.121,0.091,12.5,12.6,0.418,0.447,0.164,0.167,97.16,96.6,80.5,96.6,0.058,2667,2.6,6.5,Luc Mbah a Moute
2449,Luis,1610612756,PHX,33.0,82,25,57,0.305,2184.215,432,915,0.472,3,16,0.188,181,230,0.787,158,383,541,182,126,67,35,53,257,227,1048,-211,2150.2,15,0,1978.0,1,2012-13,26.6,99.2,100.9,100.9,105.5,105.6,105.6,-6.3,-4.8,-4.8,0.14,1.44,13.7,0.071,0.185,0.126,9.5,9.5,0.474,0.516,0.228,0.23,96.31,95.42,79.52,95.42,0.113,4340,5.3,11.2,Luis Scola
202337,Luke,1610612757,POR,24.0,62,24,38,0.387,730.375,86,234,0.368,62,178,0.348,10,13,0.769,15,122,137,29,22,14,5,3,82,12,244,-2,486.9,0,0,510.0,1,2012-13,11.8,102.4,100.7,100.7,105.8,103.0,103.0,-3.4,-2.3,-2.3,0.064,1.32,10.0,0.02,0.171,0.093,7.6,7.6,0.5,0.509,0.156,0.162,94.67,96.71,80.59,96.71,0.064,1487,1.4,3.8,Luke Babbitt
2557,Luke,1610612750,MIN,32.0,82,31,51,0.378,2474.123333333333,367,811,0.453,66,212,0.311,139,164,0.848,41,165,206,311,130,82,15,36,187,163,939,-135,1813.7,2,0,1716.0,1,2012-13,30.2,100.2,101.2,101.2,103.7,104.3,104.3,-3.5,-3.1,-3.1,0.211,2.39,23.7,0.016,0.071,0.043,9.9,9.8,0.493,0.532,0.178,0.182,95.57,94.84,79.03,94.84,0.088,4897,4.5,9.9,Luke Ridnour
2575,Luke,1610612739,CLE,33.0,50,16,34,0.32,857.18,71,181,0.392,20,67,0.299,10,20,0.5,38,107,145,166,60,42,13,9,98,47,172,-55,700.0,0,0,613.0,1,2012-13,17.1,102.7,102.5,102.5,105.6,105.0,105.0,-2.9,-2.5,-2.5,0.286,2.77,39.9,0.045,0.135,0.089,14.4,14.4,0.448,0.453,0.131,0.134,94.02,94.36,78.63,94.36,0.081,1679,1.4,3.6,Luke Walton
202545,Luke,1610612756,PHX,26.0,16,6,10,0.375,58.178333333333335,9,26,0.346,1,5,0.2,0,0,0.0,1,9,10,3,0,0,0,0,5,0,19,-42,35.5,0,0,33.0,1,2012-13,3.6,78.5,74.6,74.6,112.9,107.8,107.8,-34.4,-33.1,-33.1,0.103,0.0,10.3,0.012,0.145,0.069,0.0,0.0,0.365,0.365,0.181,0.195,101.75,106.84,89.04,106.84,0.046,130,0.6,1.6,Luke Zeller
2736,Luol,1610612741,CHI,28.0,75,42,33,0.56,2902.873333333333,466,1093,0.426,75,233,0.322,230,282,0.816,162,314,476,222,144,81,32,69,105,266,1237,-2,2336.2,9,0,2236.0,1,2012-13,38.7,100.5,101.9,101.9,100.7,101.9,101.9,-0.2,0.0,0.0,0.131,1.54,14.0,0.055,0.11,0.083,9.1,9.1,0.461,0.508,0.21,0.213,92.84,91.71,76.42,91.71,0.111,5545,6.2,14.6,Luol Deng
203146,Maalik,1610612746,LAC,22.0,27,10,17,0.37,201.955,26,88,0.295,7,31,0.226,17,19,0.895,1,6,7,27,15,6,0,9,26,16,76,-59,127.9,0,0,129.0,2,2012-13,7.5,98.0,95.3,95.3,114.2,110.0,110.0,-16.3,-14.7,-14.7,0.233,1.8,19.6,0.005,0.032,0.018,10.9,10.8,0.335,0.394,0.24,0.251,92.23,95.31,79.42,95.31,0.015,401,1.0,3.3,Maalik Wayns
202723,Malcolm,1610612750,MIN,23.0,16,7,9,0.438,288.64,29,76,0.382,8,24,0.333,12,20,0.6,15,24,39,20,10,12,6,6,30,20,78,12,198.8,0,0,181.0,1,2012-13,18.0,100.0,100.2,100.2,98.0,98.2,98.2,2.1,2.0,2.0,0.111,2.0,17.2,0.05,0.088,0.068,8.6,8.7,0.434,0.46,0.144,0.145,93.9,93.71,78.09,93.71,0.054,564,1.8,4.8,Malcolm Lee
202952,Malcolm,1610612741,CHI,24.0,12,6,6,0.5,56.78,5,10,0.5,0,0,0.0,5,8,0.625,5,11,16,4,3,2,2,1,8,6,15,37,49.2,0,0,43.0,2,2012-13,4.7,119.3,117.8,117.8,86.7,84.0,84.0,32.5,33.8,33.8,0.1,1.33,19.0,0.083,0.2,0.139,14.3,14.6,0.5,0.555,0.133,0.135,88.02,90.03,75.03,90.03,0.095,107,0.4,0.8,Malcolm Thomas
1938,Manu,1610612759,SAS,35.0,60,45,15,0.75,1393.2166666666667,229,539,0.425,83,235,0.353,164,206,0.796,30,171,201,274,132,80,13,26,114,176,705,231,1504.2,1,0,1449.0,1,2012-13,23.2,106.1,105.6,105.6,98.3,97.5,97.5,7.8,8.1,8.1,0.308,2.08,26.6,0.023,0.116,0.072,12.8,12.7,0.502,0.56,0.238,0.244,98.88,99.48,82.9,99.48,0.13,2886,3.8,9.0,Manu Ginobili
202705,MarShon,1610612751,BKN,24.0,73,41,32,0.562,911.7816666666666,155,335,0.463,15,55,0.273,69,94,0.734,32,72,104,76,69,34,16,28,93,79,394,-57,713.8,0,0,689.0,1,2012-13,12.5,99.4,98.5,98.5,102.1,101.6,101.6,-2.6,-3.1,-3.1,0.153,1.1,14.6,0.036,0.083,0.059,13.3,13.2,0.485,0.523,0.217,0.224,91.93,92.6,77.17,92.6,0.085,1758,2.1,4.6,MarShon Brooks
201188,Marc,1610612763,MEM,28.0,80,55,25,0.688,2796.05,429,869,0.494,1,14,0.071,268,316,0.848,184,438,622,318,157,80,139,30,255,358,1127,433,2850.4,18,0,2506.0,1,2012-13,35.0,102.9,104.5,104.5,95.4,96.3,96.3,7.5,8.2,8.2,0.19,2.03,21.4,0.069,0.166,0.117,10.5,10.6,0.494,0.559,0.192,0.194,90.34,89.23,74.36,89.23,0.146,5201,5.4,10.9,Marc Gasol
101162,Marcin,1610612756,PHX,29.0,61,21,40,0.344,1875.7516666666668,295,566,0.521,0,3,0.0,90,138,0.652,128,388,516,75,99,40,98,45,127,153,680,-199,1726.7,17,0,1547.0,1,2012-13,30.8,98.8,100.2,100.2,105.0,105.7,105.7,-6.1,-5.4,-5.4,0.063,0.76,9.4,0.067,0.217,0.14,12.4,12.4,0.521,0.543,0.171,0.174,95.41,94.43,78.69,94.43,0.114,3691,4.8,9.3,Marcin Gortat
201158,Marco,1610612741,CHI,27.0,73,40,33,0.548,1881.545,241,610,0.395,79,221,0.357,141,168,0.839,13,127,140,148,82,44,6,37,140,163,702,-42,1160.0,0,0,1169.0,1,2012-13,25.8,100.6,101.3,101.3,102.1,103.0,103.0,-1.5,-1.7,-1.7,0.132,1.8,16.3,0.007,0.068,0.038,9.0,9.0,0.46,0.513,0.184,0.189,91.53,90.83,75.69,90.83,0.07,3569,3.3,8.4,Marco Belinelli
948,Marcus,1610612752,NYK,39.0,24,16,8,0.667,250.43666666666667,17,53,0.321,0,0,0.0,8,19,0.421,24,56,80,14,15,7,14,4,28,18,42,-16,207.0,0,0,178.0,1,2012-13,10.4,96.7,96.4,96.4,97.5,98.3,98.3,-0.8,-1.9,-1.9,0.096,0.93,15.4,0.094,0.229,0.16,16.5,16.6,0.321,0.342,0.145,0.147,91.19,90.95,75.79,90.95,0.067,471,0.7,2.2,Marcus Camby
202694,Marcus,1610612756,PHX,23.0,77,35,42,0.455,1523.91,222,526,0.422,86,233,0.369,66,117,0.564,80,197,277,62,77,45,20,31,160,95,596,-122,1139.4,0,0,1151.0,2,2012-13,19.8,101.1,101.6,101.6,105.4,105.7,105.7,-4.2,-4.1,-4.1,0.068,0.81,8.6,0.051,0.13,0.09,10.7,10.7,0.504,0.516,0.184,0.188,98.26,97.91,81.59,97.91,0.067,3111,2.9,6.8,Marcus Morris Sr.
201977,Marcus,1610612758,SAC,26.0,72,26,46,0.361,1726.4066666666668,332,774,0.429,141,379,0.372,111,126,0.881,50,131,181,91,68,61,4,29,105,112,916,-287,1396.7,0,0,1459.0,1,2012-13,24.0,101.5,102.9,102.9,110.8,111.2,111.2,-9.3,-8.3,-8.3,0.092,1.34,9.2,0.028,0.08,0.053,6.9,6.9,0.52,0.552,0.228,0.232,96.11,95.25,79.38,95.25,0.098,3425,4.6,10.8,Marcus Thornton
201596,Mario,1610612748,MIA,27.0,77,62,15,0.805,2067.508333333333,227,529,0.429,123,301,0.409,89,112,0.795,19,152,171,273,119,118,12,24,196,123,666,569,1551.7,0,0,1493.0,1,2012-13,26.9,113.0,113.9,113.9,98.3,100.2,100.2,14.6,13.7,13.7,0.183,2.29,28.3,0.011,0.076,0.046,12.3,12.3,0.545,0.576,0.156,0.16,93.82,92.54,77.12,92.54,0.079,3996,2.9,6.9,Mario Chalmers
202693,Markieff,1610612756,PHX,23.0,82,25,57,0.305,1836.9816666666663,266,653,0.407,45,134,0.336,93,127,0.732,131,265,396,108,104,77,64,51,209,121,670,-361,1626.2,3,0,1501.0,1,2012-13,22.4,98.5,99.3,99.3,108.6,108.7,108.7,-10.1,-9.4,-9.4,0.095,1.04,11.7,0.07,0.154,0.11,11.3,11.3,0.442,0.473,0.195,0.198,95.76,95.36,79.47,95.36,0.075,3641,3.2,8.0,Markieff Morris
2605,Marquis,1610612749,MIL,32.0,59,27,32,0.458,1085.0866666666666,132,351,0.376,20,72,0.278,40,54,0.741,48,102,150,65,45,51,10,25,77,49,324,-101,739.5,0,0,681.0,1,2012-13,18.4,96.1,96.2,96.2,99.9,100.0,100.0,-3.8,-3.8,-3.8,0.096,1.44,13.4,0.039,0.095,0.065,9.3,9.3,0.405,0.432,0.166,0.169,96.68,96.55,80.45,96.55,0.059,2173,2.2,5.9,Marquis Daniels
203104,Marquis,1610612741,CHI,20.0,48,24,24,0.5,391.9216666666667,43,113,0.381,4,23,0.174,9,16,0.563,3,41,44,63,35,9,7,12,47,14,99,-11,259.3,0,0,242.0,1,2012-13,8.2,95.3,96.3,96.3,97.9,96.0,96.0,-2.6,0.3,0.3,0.275,1.8,28.8,0.008,0.11,0.058,16.0,16.1,0.398,0.412,0.182,0.187,90.85,91.24,76.04,91.24,0.051,738,0.9,2.4,Marquis Teague
201578,Marreese,1610612739,CLE,25.0,79,39,40,0.494,1300.006666666667,260,584,0.445,3,10,0.3,135,175,0.771,146,240,386,47,80,24,53,51,175,143,658,-148,1342.7,5,0,1248.0,2,2012-13,16.5,99.3,99.0,99.0,103.7,103.8,103.8,-4.4,-4.8,-4.8,0.067,0.59,5.9,0.109,0.194,0.15,10.1,10.2,0.448,0.498,0.252,0.257,94.52,94.6,78.83,94.6,0.106,2550,3.3,7.4,Marreese Speights
101110,Martell,1610612764,WAS,26.0,76,28,48,0.368,2200.0866666666666,281,636,0.442,139,329,0.422,168,198,0.848,53,241,294,143,90,49,17,34,166,161,869,-32,1544.3,1,0,1577.0,1,2012-13,28.9,99.9,100.4,100.4,101.2,100.8,100.8,-1.3,-0.4,-0.4,0.105,1.59,15.0,0.024,0.11,0.067,9.4,9.4,0.551,0.601,0.166,0.169,94.93,94.88,79.07,94.88,0.095,4341,3.7,8.4,Martell Webster
101107,Marvin,1610612762,UTA,27.0,73,40,33,0.548,1727.1516666666666,199,470,0.423,54,166,0.325,77,99,0.778,55,208,263,77,60,37,38,30,98,83,529,-96,1125.1,2,0,1073.0,1,2012-13,23.7,100.3,100.9,100.9,103.6,103.9,103.9,-3.3,-3.0,-3.0,0.072,1.28,11.8,0.032,0.124,0.078,9.2,9.2,0.481,0.515,0.151,0.154,92.35,91.93,76.61,91.93,0.076,3309,2.7,6.4,Marvin Williams
2440,Matt,1610612746,LAC,33.0,80,55,25,0.688,2057.915,312,675,0.462,111,325,0.342,87,117,0.744,111,255,366,123,90,82,63,34,233,93,822,288,1790.7,1,0,1712.0,1,2012-13,25.7,105.8,106.5,106.5,99.0,99.1,99.1,6.8,7.4,7.4,0.095,1.37,13.1,0.056,0.124,0.09,9.6,9.6,0.544,0.566,0.176,0.18,94.12,93.79,78.16,93.79,0.1,4017,3.9,8.4,Matt Barnes
2588,Matt,1610612759,SAS,33.0,68,47,21,0.691,908.5533333333332,112,230,0.487,53,120,0.442,11,15,0.733,25,104,129,36,16,17,19,3,86,31,288,79,588.8,1,0,578.0,1,2012-13,13.4,106.2,105.3,105.3,102.1,101.1,101.1,4.0,4.3,4.3,0.057,2.25,12.5,0.029,0.116,0.073,5.5,5.5,0.602,0.609,0.124,0.126,96.91,97.79,81.49,97.79,0.073,1851,1.6,3.4,Matt Bonner
2679,Matt,1610612766,CHA,32.0,1,0,1,0.0,5.85,0,0,0.0,0,0,0.0,0,0,0.0,0,0,0,1,0,0,0,0,1,1,0,-2,1.5,0,0,1.0,1,2012-13,5.9,81.0,80.0,80.0,102.5,90.9,90.9,-21.5,-10.9,-10.9,0.333,0.0,100.0,0.0,0.0,0.0,0.0,0.0,0.0,0.0,0.0,0.0,80.57,86.15,71.79,86.15,0.0,10,0.0,0.0,Matt Carroll
203090,Maurice,1610612753,ORL,20.0,76,18,58,0.237,1973.605,260,564,0.461,32,117,0.274,73,128,0.57,122,213,335,50,69,88,62,52,144,92,625,-468,1483.0,1,0,1342.0,1,2012-13,26.0,95.6,96.4,96.4,107.5,108.0,108.0,-11.9,-11.6,-11.6,0.04,0.72,6.8,0.06,0.11,0.084,9.3,9.3,0.489,0.504,0.156,0.159,94.42,93.83,78.19,93.83,0.072,3848,3.4,7.4,Maurice Harkless
1897,Metta,1610612747,LAL,33.0,75,40,35,0.533,2529.635,332,824,0.403,141,412,0.342,124,169,0.734,101,271,372,112,98,122,42,56,198,143,929,193,1937.4,2,0,1882.0,1,2012-13,33.7,107.1,107.9,107.9,102.2,103.7,103.7,4.9,4.2,4.2,0.067,1.14,10.1,0.04,0.103,0.072,8.8,8.8,0.488,0.517,0.174,0.176,96.51,95.44,79.53,95.44,0.075,5020,4.4,11.0,Metta World Peace
203086,Meyers,1610612757,POR,21.0,69,28,41,0.406,1206.2516666666668,151,277,0.545,3,7,0.429,72,89,0.809,80,175,255,33,49,11,38,19,168,89,377,-152,830.5,1,0,766.0,1,2012-13,17.5,100.0,99.4,99.4,108.1,106.6,106.6,-8.1,-7.2,-7.2,0.045,0.67,8.3,0.07,0.154,0.112,12.3,12.3,0.551,0.596,0.137,0.141,93.71,94.63,78.86,94.63,0.071,2387,2.2,4.0,Meyers Leonard
201563,Michael,1610612756,PHX,24.0,75,24,51,0.32,1554.0566666666666,310,766,0.405,45,144,0.313,94,126,0.746,52,230,282,111,144,31,34,48,107,105,759,-336,1314.9,2,0,1327.0,1,2012-13,20.7,97.2,97.5,97.5,108.6,109.0,109.0,-11.4,-11.5,-11.5,0.125,0.77,10.3,0.033,0.153,0.092,13.4,13.4,0.434,0.462,0.27,0.276,96.08,95.8,79.83,95.8,0.08,3111,4.1,10.2,Michael Beasley
203077,Michael,1610612766,CHA,19.0,78,20,58,0.256,2024.763333333333,281,613,0.458,2,9,0.222,140,187,0.749,131,324,455,117,101,54,70,96,164,149,704,-286,1696.5,6,0,1526.0,1,2012-13,26.0,99.7,100.6,100.6,107.8,107.8,107.8,-8.2,-7.2,-7.2,0.096,1.16,12.8,0.063,0.17,0.115,11.1,11.1,0.46,0.506,0.175,0.179,92.97,92.54,77.12,92.54,0.094,3901,3.6,7.9,Michael Kidd-Gilchrist
101153,Mickael,1610612750,MIN,30.0,36,10,26,0.278,643.955,72,139,0.518,16,52,0.308,21,24,0.875,32,67,99,26,16,16,4,6,47,27,181,-67,382.8,0,0,362.0,1,2012-13,17.9,99.5,99.1,99.1,104.4,104.0,104.0,-4.9,-4.8,-4.8,0.064,1.63,13.6,0.051,0.108,0.08,8.4,8.4,0.576,0.605,0.115,0.118,93.59,93.99,78.33,93.99,0.081,1258,2.0,3.9,Mickael Gelabale
2554,Mickael,1610612761,TOR,31.0,19,10,9,0.526,386.32,34,98,0.347,20,64,0.313,12,18,0.667,5,31,36,9,16,12,6,5,33,18,100,-36,194.7,0,0,201.0,1,2012-13,20.3,102.7,103.0,103.0,105.2,107.4,107.4,-2.5,-4.3,-4.3,0.034,0.56,6.9,0.014,0.09,0.051,12.2,12.2,0.449,0.472,0.149,0.152,92.01,90.95,75.79,90.95,0.028,730,1.8,5.2,Mickael Pietrus
201144,Mike,1610612763,MEM,25.0,80,54,26,0.675,2756.575,414,940,0.44,106,293,0.362,234,282,0.83,43,182,225,487,189,174,24,50,171,278,1168,506,2573.5,7,0,2382.0,1,2012-13,34.5,104.2,105.7,105.7,95.1,96.0,96.0,9.0,9.7,9.7,0.287,2.58,28.2,0.016,0.07,0.042,10.9,10.9,0.497,0.549,0.205,0.209,91.02,89.93,74.94,89.93,0.133,5168,5.2,11.8,Mike Conley
2399,Mike,1610612749,MIL,32.0,75,33,42,0.44,1942.55,276,624,0.442,128,299,0.428,105,128,0.82,31,260,291,145,90,39,35,17,135,144,785,99,1483.7,1,0,1497.0,1,2012-13,25.9,102.9,104.0,104.0,101.9,102.4,102.4,1.0,1.6,1.6,0.114,1.61,15.9,0.015,0.13,0.072,9.9,9.8,0.545,0.577,0.17,0.173,97.38,96.6,80.5,96.6,0.099,3928,3.7,8.3,Mike Dunleavy
2229,Mike,1610612742,DAL,38.0,45,27,18,0.6,861.8083333333333,101,271,0.373,48,125,0.384,23,29,0.793,9,63,72,139,55,26,3,14,95,33,273,30,599.9,0,0,590.0,1,2012-13,19.2,106.8,105.3,105.3,103.8,103.3,103.3,3.0,1.9,1.9,0.236,2.53,29.0,0.011,0.071,0.042,11.5,11.5,0.461,0.481,0.18,0.184,94.44,95.33,79.44,95.33,0.057,1710,2.2,6.0,Mike James
2034,Mike,1610612748,MIA,33.0,59,47,12,0.797,899.6433333333333,100,231,0.433,73,175,0.417,8,11,0.727,18,139,157,99,35,21,4,8,63,18,281,55,657.9,0,0,660.0,1,2012-13,15.2,107.3,106.1,106.1,102.0,103.7,103.7,5.3,2.4,2.4,0.167,2.83,26.8,0.023,0.153,0.093,9.5,9.5,0.591,0.596,0.141,0.145,92.77,92.49,77.07,92.49,0.104,1740,1.7,3.9,Mike Miller
203118,Mike,1610612737,ATL,24.0,40,19,21,0.475,375.72833333333335,70,147,0.476,0,1,0.0,43,56,0.768,39,71,110,12,21,4,2,15,32,36,183,-44,330.0,2,0,317.0,1,2012-13,9.4,98.0,96.8,96.8,104.8,102.6,102.6,-6.7,-5.8,-5.8,0.058,0.57,5.8,0.103,0.188,0.146,10.1,10.3,0.476,0.533,0.226,0.231,95.64,97.22,81.02,97.22,0.114,761,1.8,3.7,Mike Scott
203101,Miles,1610612754,IND,24.0,14,9,5,0.643,55.03333333333333,5,21,0.238,0,0,0.0,3,4,0.75,12,10,22,2,3,0,3,3,5,2,13,-12,48.4,0,0,43.0,1,2012-13,3.9,92.1,87.5,87.5,100.5,98.3,98.3,-8.4,-10.8,-10.8,0.061,0.67,7.1,0.174,0.0,0.0,10.7,10.8,0.238,0.286,0.181,0.188,100.49,104.23,86.86,104.23,0.04,120,0.4,1.5,Miles Plumlee
203141,Mirza,1610612751,BKN,27.0,53,28,25,0.528,499.425,71,185,0.384,37,108,0.343,9,11,0.818,33,62,95,23,20,13,8,10,53,21,188,-20,379.5,0,0,385.0,1,2012-13,9.4,101.7,100.2,100.2,104.3,103.2,103.2,-2.6,-3.0,-3.0,0.08,1.15,9.9,0.065,0.132,0.097,8.6,8.6,0.484,0.495,0.189,0.196,91.99,93.18,77.65,93.18,0.075,974,1.3,3.5,Mirza Teletovic
2590,Mo,1610612762,UTA,30.0,46,22,24,0.478,1417.77,229,533,0.43,59,154,0.383,75,85,0.882,24,86,110,285,125,46,9,30,105,102,592,-64,1191.5,3,0,1156.0,1,2012-13,30.8,103.2,103.4,103.4,105.8,106.2,106.2,-2.6,-2.7,-2.7,0.324,2.28,29.2,0.017,0.065,0.04,12.8,12.7,0.485,0.519,0.22,0.225,93.47,93.15,77.63,93.15,0.095,2757,5.0,11.6,Mo Williams
101145,Monta,1610612749,MIL,27.0,82,38,44,0.463,3076.403333333333,597,1436,0.416,94,328,0.287,289,374,0.773,45,271,316,496,254,169,36,47,164,337,1577,-45,3061.2,9,0,2893.0,1,2012-13,37.5,102.3,103.5,103.5,102.7,104.3,104.3,-0.4,-0.9,-0.9,0.262,1.95,21.1,0.013,0.087,0.049,10.8,10.8,0.448,0.493,0.258,0.261,98.09,96.77,80.64,96.77,0.11,6206,7.3,17.5,Monta Ellis
201986,Nando,1610612759,SAS,26.0,72,50,22,0.694,920.2916666666666,105,241,0.436,31,82,0.378,35,44,0.795,23,115,138,138,81,41,6,15,87,60,276,-38,708.6,0,0,677.0,1,2012-13,12.8,100.4,98.6,98.6,101.7,100.7,100.7,-1.3,-2.1,-2.1,0.233,1.7,28.7,0.027,0.122,0.077,16.8,16.9,0.5,0.53,0.167,0.171,96.24,97.61,81.34,97.61,0.084,1872,1.5,3.3,Nando De Colo
101126,Nate,1610612741,CHI,29.0,82,45,37,0.549,2086.258333333333,399,921,0.433,141,348,0.405,135,169,0.799,29,155,184,358,144,85,10,37,207,185,1074,31,1972.8,3,0,1947.0,1,2012-13,25.4,101.9,103.0,103.0,101.9,102.5,102.5,0.0,0.6,0.6,0.312,2.49,23.9,0.014,0.077,0.044,9.6,9.6,0.51,0.54,0.246,0.25,91.57,90.81,75.68,90.81,0.12,3951,4.9,11.2,Nate Robinson
1737,Nazr,1610612741,CHI,35.0,63,33,30,0.524,692.9283333333333,66,180,0.367,0,2,0.0,34,47,0.723,73,122,195,26,24,21,32,18,97,40,166,-10,574.0,2,0,493.0,1,2012-13,11.0,99.1,98.8,98.8,99.8,98.8,98.8,-0.7,0.1,0.1,0.06,1.08,10.3,0.104,0.191,0.145,9.5,9.6,0.367,0.414,0.15,0.153,89.85,90.43,75.36,90.43,0.066,1300,1.0,2.9,Nazr Mohammed
2403,ene,1610612764,WAS,30.0,61,26,35,0.426,1659.29,285,594,0.48,0,1,0.0,196,269,0.729,101,306,407,177,139,55,37,32,171,275,766,93,1656.9,7,0,1534.0,1,2012-13,27.2,101.3,101.7,101.7,98.3,98.3,98.3,3.0,3.4,3.4,0.184,1.27,17.2,0.063,0.183,0.124,13.5,13.5,0.48,0.538,0.233,0.235,95.11,94.9,79.08,94.9,0.125,3271,4.7,9.7,Nene
2555,Nick,1610612760,OKC,32.0,81,60,21,0.741,1582.9033333333334,176,296,0.595,0,4,0.0,60,78,0.769,123,210,333,121,69,51,30,27,197,104,412,368,1167.1,1,0,1028.0,1,2012-13,19.5,111.8,112.3,112.3,99.5,99.7,99.7,12.3,12.5,12.5,0.112,1.75,23.2,0.086,0.128,0.109,13.2,13.3,0.595,0.624,0.113,0.114,96.22,95.91,79.93,95.91,0.087,3150,2.2,3.7,Nick Collison
201156,Nick,1610612755,PHI,28.0,59,23,36,0.39,1411.285,224,542,0.413,75,210,0.357,105,128,0.82,24,106,130,84,50,36,14,18,84,114,628,-95,1010.0,0,0,1017.0,1,2012-13,23.9,97.7,98.1,98.1,103.0,102.5,102.5,-5.3,-4.4,-4.4,0.099,1.68,11.5,0.016,0.075,0.045,6.8,6.8,0.482,0.525,0.205,0.21,93.23,93.21,77.67,93.21,0.085,2753,3.8,9.2,Nick Young
201587,Nicolas,1610612757,POR,24.0,73,32,41,0.438,2806.563333333333,352,833,0.423,165,444,0.372,178,210,0.848,97,315,412,360,190,91,83,19,139,168,1047,-109,2413.4,7,2,2332.0,1,2012-13,38.4,104.4,105.4,105.4,106.8,107.8,107.8,-2.5,-2.4,-2.4,0.199,1.89,24.5,0.036,0.115,0.075,12.9,12.9,0.522,0.566,0.178,0.182,94.19,93.32,77.77,93.32,0.104,5468,4.8,11.4,Nicolas Batum
201593,Nikola,1610612750,MIN,27.0,62,26,36,0.419,1959.378333333333,385,741,0.52,0,0,0.0,241,324,0.744,230,315,545,53,101,43,50,86,143,268,1011,-20,1922.5,26,0,1795.0,1,2012-13,31.6,102.0,103.7,103.7,104.0,104.3,104.3,-1.9,-0.5,-0.5,0.048,0.52,5.1,0.115,0.171,0.142,9.7,9.7,0.52,0.572,0.221,0.223,94.74,93.83,78.19,93.83,0.13,3830,6.2,12.0,Nikola Pekovic
202696,Nikola,1610612753,ORL,22.0,77,19,58,0.247,2559.133333333333,461,889,0.519,0,3,0.0,86,126,0.683,273,644,917,143,141,61,79,58,218,135,1008,-383,2601.9,46,0,2348.0,1,2012-13,33.2,98.6,99.6,99.6,106.7,107.9,107.9,-8.1,-8.3,-8.3,0.093,1.01,11.7,0.107,0.258,0.182,11.5,11.5,0.519,0.534,0.191,0.194,93.66,92.66,77.21,92.66,0.132,4953,6.0,11.5,Nikola Vučević
202701,Nolan,1610612757,POR,24.0,40,13,27,0.325,287.64,42,114,0.368,6,28,0.214,20,28,0.714,7,20,27,35,29,7,1,7,26,27,110,-13,189.9,0,0,194.0,1,2012-13,7.2,92.9,91.4,91.4,97.2,93.0,93.0,-4.3,-1.6,-1.6,0.229,1.21,18.4,0.023,0.068,0.045,15.3,15.2,0.395,0.435,0.234,0.245,94.37,97.29,81.07,97.29,0.051,581,1.1,2.9,Nolan Smith
202708,Norris,1610612748,MIA,24.0,80,65,15,0.813,1590.18,179,425,0.421,35,98,0.357,52,80,0.65,18,112,130,164,104,57,7,29,155,91,445,7,935.0,1,0,902.0,1,2012-13,19.9,106.1,104.1,104.1,103.0,104.0,104.0,3.1,0.1,0.1,0.165,1.58,22.5,0.013,0.071,0.044,14.2,14.3,0.462,0.483,0.168,0.173,91.39,91.75,76.46,91.75,0.049,3041,2.2,5.3,Norris Cole
201564,O.J.,1610612742,DAL,25.0,82,41,41,0.5,2913.235,461,1026,0.449,142,349,0.407,191,233,0.82,36,255,291,361,210,93,23,51,195,212,1255,-103,2283.7,2,0,2281.0,1,2012-13,35.5,102.9,103.9,103.9,105.0,105.5,105.5,-2.0,-1.6,-1.6,0.191,1.72,21.3,0.013,0.086,0.051,12.4,12.4,0.519,0.556,0.206,0.209,96.61,95.95,79.96,95.95,0.091,5818,5.6,12.5,O.J. Mayo
201600,Omer,1610612745,HOU,26.0,82,45,37,0.549,2464.0533333333333,332,614,0.541,0,1,0.0,168,299,0.562,275,681,956,75,173,46,87,83,223,229,832,288,2317.7,33,0,2129.0,1,2012-13,30.0,107.3,108.7,108.7,101.3,102.3,102.3,5.9,6.4,6.4,0.046,0.43,7.5,0.116,0.269,0.195,17.4,17.4,0.541,0.558,0.162,0.164,98.51,97.37,81.14,97.37,0.11,4983,4.0,7.5,Omer Asik
201956,Omri,1610612739,CLE,25.0,43,10,33,0.233,502.66833333333335,63,160,0.394,25,76,0.329,22,41,0.537,20,94,114,28,22,25,12,11,45,36,173,-47,440.8,0,0,414.0,1,2012-13,11.7,94.2,95.4,95.4,100.5,98.7,98.7,-6.3,-3.2,-3.2,0.093,1.27,12.2,0.036,0.193,0.109,9.6,9.6,0.472,0.486,0.177,0.179,92.87,93.1,77.59,93.1,0.1,967,1.5,3.7,Omri Casspi
203111,Orlando,1610612754,IND,24.0,51,31,20,0.608,618.6566666666666,72,180,0.4,36,94,0.383,23,32,0.719,20,90,110,47,29,11,9,18,51,27,203,-5,436.5,0,0,436.0,1,2012-13,12.1,98.7,97.0,97.0,97.1,97.7,97.7,1.7,-0.7,-0.7,0.135,1.62,17.4,0.033,0.138,0.088,10.7,10.7,0.5,0.523,0.161,0.168,92.23,92.72,77.26,92.72,0.097,1197,1.4,3.5,Orlando Johnson
200782,P.J.,1610612756,PHX,28.0,79,25,54,0.316,1910.4333333333332,210,444,0.473,22,70,0.314,64,86,0.744,132,218,350,109,67,62,19,36,145,96,506,-171,1265.5,3,0,1149.0,1,2012-13,24.2,99.2,100.5,100.5,104.0,104.4,104.4,-4.8,-3.9,-3.9,0.085,1.63,16.5,0.067,0.118,0.092,10.1,10.2,0.498,0.525,0.125,0.127,96.11,95.27,79.4,95.27,0.078,3781,2.7,5.6,P.J. Tucker
203143,Pablo,1610612752,NYK,36.0,78,53,25,0.679,1263.0816666666667,100,220,0.455,53,134,0.396,22,25,0.88,41,102,143,236,86,69,2,8,127,70,275,172,927.6,0,0,849.0,1,2012-13,16.2,108.8,107.7,107.7,100.9,100.5,100.5,7.9,7.3,7.3,0.277,2.74,42.7,0.034,0.089,0.061,15.6,15.6,0.575,0.595,0.117,0.121,91.24,91.89,76.57,91.89,0.089,2416,1.3,2.8,Pablo Prigioni
201976,Patrick,1610612745,HOU,24.0,41,23,18,0.561,712.5916666666667,79,189,0.418,36,96,0.375,34,41,0.829,45,64,109,117,44,37,21,7,83,51,228,120,664.3,0,0,606.0,1,2012-13,17.4,106.1,106.4,106.4,98.7,98.5,98.5,7.4,7.9,7.9,0.262,2.66,31.8,0.059,0.088,0.073,12.0,12.0,0.513,0.551,0.15,0.154,95.94,95.95,79.96,95.95,0.104,1428,1.9,4.6,Patrick Beverley
202335,Patrick,1610612758,SAC,24.0,71,31,40,0.437,1774.92,319,623,0.512,51,132,0.386,48,63,0.762,113,224,337,81,61,31,40,22,138,65,737,62,1414.9,4,0,1348.0,2,2012-13,25.0,108.2,109.1,109.1,107.1,107.7,107.7,1.1,1.4,1.4,0.07,1.33,10.2,0.065,0.127,0.096,7.7,7.7,0.553,0.566,0.173,0.175,98.44,97.72,81.43,97.72,0.092,3619,4.5,8.8,Patrick Patterson
201988,Patty,1610612759,SAS,24.0,58,39,19,0.672,656.3833333333333,113,241,0.469,52,130,0.4,16,19,0.842,9,41,50,62,39,26,4,9,55,42,294,35,498.0,0,0,518.0,1,2012-13,11.3,106.9,105.8,105.8,104.7,103.3,103.3,2.2,2.4,2.4,0.147,1.59,17.8,0.015,0.062,0.04,11.2,11.1,0.577,0.59,0.193,0.199,97.64,98.8,82.33,98.8,0.082,1352,1.9,4.2,Patty Mills
2200,Pau,1610612747,LAL,32.0,49,27,22,0.551,1654.9566666666667,270,579,0.466,8,28,0.286,125,178,0.702,111,310,421,200,104,24,61,40,93,148,673,99,1629.2,15,2,1472.0,1,2012-13,33.8,106.1,106.6,106.6,102.8,103.7,103.7,3.3,2.9,2.9,0.196,1.92,20.6,0.07,0.177,0.126,10.7,10.8,0.473,0.512,0.203,0.205,96.53,95.92,79.93,95.92,0.124,3308,5.5,11.8,Pau Gasol
202331,Paul,1610612754,IND,23.0,79,48,31,0.608,2971.893333333333,493,1176,0.419,170,469,0.362,221,274,0.807,88,515,603,327,233,143,51,77,227,251,1377,367,2940.1,23,1,2865.0,1,2012-13,37.6,103.2,104.4,104.4,95.9,98.1,98.1,7.3,6.4,6.4,0.191,1.4,17.7,0.03,0.167,0.101,12.6,12.6,0.491,0.531,0.231,0.235,93.09,91.51,76.26,91.51,0.134,5669,6.2,14.9,Paul George
200794,Paul,1610612762,UTA,28.0,78,41,37,0.526,2374.768333333333,429,875,0.49,13,39,0.333,264,356,0.742,177,377,554,201,138,102,80,78,232,316,1135,4,2509.3,15,0,2267.0,1,2012-13,30.4,105.4,106.2,106.2,105.5,105.9,105.9,0.0,0.3,0.3,0.143,1.46,14.6,0.078,0.173,0.124,10.0,10.1,0.498,0.55,0.227,0.228,92.76,92.24,76.87,92.24,0.123,4560,5.5,11.2,Paul Millsap
1718,Paul,1610612738,BOS,35.0,77,41,36,0.532,2575.1366666666668,476,1092,0.436,145,382,0.38,333,423,0.787,45,442,487,370,214,84,30,75,210,355,1430,122,2697.4,12,3,2660.0,1,2012-13,33.4,103.1,103.8,103.8,99.6,101.3,101.3,3.5,2.6,2.6,0.245,1.73,19.9,0.019,0.169,0.099,11.5,11.5,0.502,0.559,0.271,0.274,94.61,93.54,77.95,93.54,0.141,5015,6.2,14.2,Paul Pierce
203103,Perry,1610612760,OKC,21.0,38,30,8,0.789,279.8666666666667,39,99,0.394,0,2,0.0,10,15,0.667,12,50,62,10,15,5,6,6,23,11,88,0,195.4,0,0,182.0,1,2012-13,7.4,101.9,98.8,98.8,99.9,99.3,99.3,1.9,-0.5,-0.5,0.057,0.67,7.6,0.044,0.172,0.11,11.5,11.5,0.394,0.417,0.19,0.198,94.86,96.65,80.54,96.65,0.065,565,1.0,2.6,Perry Jones III
2047,Quentin,1610612752,NYK,33.0,1,1,0,1.0,28.916666666666668,1,11,0.091,1,4,0.25,2,2,1.0,5,5,10,1,2,0,0,0,1,1,5,-9,16.5,0,0,17.0,1,2012-13,28.9,83.4,82.8,82.8,98.2,98.3,98.3,-14.8,-15.5,-15.5,0.056,0.5,6.7,0.0,0.143,0.0,13.3,13.4,0.136,0.21,0.197,0.2,95.91,96.28,80.23,96.28,0.006,58,1.0,11.0,Quentin Richardson
203112,Quincy,1610612761,TOR,22.0,29,13,16,0.448,342.33666666666664,42,75,0.56,1,2,0.5,31,38,0.816,30,47,77,11,17,13,15,5,53,31,116,95,291.9,0,0,261.0,1,2012-13,11.8,109.0,110.6,110.6,96.8,95.9,95.9,12.2,14.8,14.8,0.051,0.65,9.1,0.092,0.135,0.114,14.0,14.2,0.567,0.632,0.146,0.146,91.41,91.21,76.01,91.21,0.095,650,1.4,2.6,Quincy Acy
203113,Quincy,1610612743,DEN,20.0,7,6,1,0.857,25.683333333333334,4,12,0.333,0,1,0.0,1,2,0.5,1,1,2,3,1,1,0,2,3,1,9,-5,17.9,0,0,16.0,1,2012-13,3.7,102.3,95.1,95.1,106.0,103.3,103.3,-3.7,-8.2,-8.2,0.143,3.0,17.6,0.032,0.033,0.033,5.9,5.9,0.333,0.349,0.187,0.199,108.55,114.0,95.0,114.0,0.017,61,0.6,1.7,Quincy Miller
202347,Quincy,1610612763,MEM,25.0,59,43,16,0.729,1243.185,128,299,0.428,60,152,0.395,59,75,0.787,43,89,132,61,42,35,6,24,95,63,375,53,705.9,0,0,710.0,1,2012-13,21.1,103.0,102.6,102.6,101.4,101.1,101.1,1.6,1.5,1.5,0.076,1.45,14.0,0.035,0.074,0.054,9.7,9.7,0.528,0.565,0.134,0.138,91.99,92.3,76.92,92.3,0.069,2399,2.2,5.1,Quincy Pondexter
200765,Rajon,1610612738,BOS,27.0,38,18,20,0.474,1422.775,225,465,0.484,12,50,0.24,60,93,0.645,43,169,212,420,148,70,9,24,96,124,522,-57,1495.4,20,5,1324.0,1,2012-13,37.4,99.3,99.6,99.6,100.6,102.0,102.0,-1.3,-2.4,-2.4,0.49,2.84,39.0,0.032,0.122,0.078,13.8,13.8,0.497,0.516,0.213,0.215,94.9,94.06,78.38,94.06,0.145,2793,5.9,12.2,Rajon Rondo
201196,Ramon,1610612766,CHA,27.0,61,13,48,0.213,1651.56,276,676,0.408,33,107,0.308,291,347,0.839,27,142,169,230,104,48,7,66,91,254,876,-379,1484.8,0,0,1418.0,1,2012-13,27.1,97.6,98.4,98.4,109.9,110.4,110.4,-12.3,-12.0,-12.0,0.266,2.21,19.7,0.015,0.087,0.05,8.9,8.9,0.433,0.529,0.247,0.252,96.21,95.59,79.66,95.59,0.12,3297,4.5,11.1,Ramon Sessions
200751,Randy,1610612762,UTA,29.0,82,43,39,0.524,2248.9066666666668,293,738,0.397,178,434,0.41,118,144,0.819,17,110,127,167,92,66,27,32,190,116,882,-86,1471.9,0,0,1540.0,1,2012-13,27.4,103.2,104.2,104.2,106.0,106.4,106.4,-2.8,-2.2,-2.2,0.116,1.82,15.9,0.008,0.052,0.03,8.8,8.7,0.518,0.55,0.18,0.185,93.17,92.51,77.1,92.51,0.062,4338,3.6,9.0,Randy Foye
1740,Rashard,1610612748,MIA,33.0,55,47,8,0.855,791.9816666666667,103,249,0.414,51,131,0.389,28,45,0.622,19,102,121,30,33,21,14,9,67,46,285,-19,547.2,0,0,557.0,1,2012-13,14.4,103.6,102.0,102.0,103.0,104.1,104.1,0.6,-2.1,-2.1,0.063,0.91,9.0,0.027,0.134,0.083,9.9,9.9,0.516,0.53,0.177,0.182,92.21,92.46,77.05,92.46,0.075,1532,1.9,4.5,Rashard Lewis
739,Rasheed,1610612752,NYK,38.0,21,16,5,0.762,296.04,55,142,0.387,22,69,0.319,14,20,0.7,11,72,83,6,10,13,15,6,40,17,146,6,328.6,0,0,313.0,1,2012-13,14.1,101.2,99.6,99.6,97.7,97.7,97.7,3.5,1.9,1.9,0.039,0.6,3.6,0.037,0.235,0.138,6.0,6.0,0.465,0.484,0.261,0.268,92.1,92.83,77.35,92.83,0.117,570,2.6,6.8,Rasheed Wallace
951,Ray,1610612748,MIA,37.0,79,63,16,0.797,2035.2516666666668,292,651,0.449,139,332,0.419,140,158,0.886,40,177,217,135,103,67,15,21,129,120,863,174,1468.9,0,0,1518.0,1,2012-13,25.8,109.2,108.6,108.6,103.7,104.8,104.8,5.5,3.8,3.8,0.107,1.31,14.3,0.022,0.09,0.057,10.9,10.7,0.555,0.599,0.185,0.193,92.29,92.03,76.69,92.03,0.096,3914,3.7,8.2,Ray Allen
101109,Raymond,1610612752,NYK,29.0,68,47,21,0.691,2312.8083333333334,377,882,0.427,93,258,0.36,101,128,0.789,51,143,194,372,155,94,14,35,130,138,948,280,1907.8,3,0,1823.0,1,2012-13,34.0,111.1,112.3,112.3,105.1,106.3,106.3,5.9,5.9,5.9,0.26,2.4,25.4,0.022,0.067,0.044,10.6,10.6,0.48,0.505,0.217,0.219,92.18,91.17,75.98,91.17,0.097,4402,5.5,13.0,Raymond Felton
2501,Reggie,1610612751,BKN,33.0,80,48,32,0.6,1967.2233333333331,125,261,0.479,0,0,0.0,113,222,0.509,260,628,888,43,111,74,13,46,199,199,363,119,1643.1,8,0,1468.0,1,2012-13,24.6,106.3,106.5,106.5,102.0,102.8,102.8,4.4,3.8,3.8,0.032,0.39,8.2,0.136,0.342,0.237,21.3,21.7,0.479,0.506,0.11,0.111,90.46,90.02,75.02,90.02,0.108,3680,1.6,3.3,Reggie Evans
202704,Reggie,1610612760,OKC,23.0,70,50,20,0.714,992.6083333333332,149,325,0.458,24,104,0.231,52,62,0.839,21,145,166,122,53,29,13,13,84,68,374,105,829.2,0,0,770.0,1,2012-13,14.2,105.8,103.9,103.9,98.3,97.2,97.2,7.5,6.7,6.7,0.204,2.3,23.1,0.023,0.142,0.085,10.1,10.1,0.495,0.531,0.183,0.19,94.56,95.92,79.93,95.92,0.114,1970,2.1,4.6,Reggie Jackson
202130,Reggie,1610612766,CHA,26.0,40,7,33,0.175,379.95666666666665,57,132,0.432,22,72,0.306,10,21,0.476,8,43,51,39,19,12,1,2,19,13,146,-33,285.7,0,0,284.0,1,2012-13,9.5,101.4,101.2,101.2,108.1,105.4,105.4,-6.7,-4.2,-4.2,0.18,2.05,19.6,0.019,0.11,0.063,9.5,9.5,0.515,0.517,0.186,0.192,91.99,93.23,77.69,93.23,0.095,737,1.4,3.3,Reggie Williams
1888,Richard,1610612741,CHI,35.0,50,28,22,0.56,1087.9133333333334,204,475,0.429,16,52,0.308,66,77,0.857,16,67,83,119,84,24,5,25,93,66,490,-33,771.1,0,0,766.0,1,2012-13,21.8,97.4,98.9,98.9,99.6,100.8,100.8,-2.2,-1.9,-1.9,0.191,1.42,16.8,0.015,0.063,0.039,11.8,11.8,0.446,0.481,0.244,0.248,92.57,91.33,76.11,91.33,0.071,2073,4.1,9.5,Richard Hamilton
2210,Richard,1610612744,GSW,33.0,56,30,26,0.536,568.3633333333333,62,136,0.456,14,45,0.311,38,53,0.717,5,79,84,31,23,14,7,10,45,50,176,13,363.3,0,0,347.0,1,2012-13,10.1,101.7,100.3,100.3,100.0,97.9,97.9,1.7,2.4,2.4,0.088,1.35,14.7,0.009,0.134,0.075,10.9,10.8,0.507,0.552,0.139,0.146,96.41,98.18,81.81,98.18,0.083,1155,1.1,2.4,Richard Jefferson
201937,Ricky,1610612750,MIN,22.0,57,18,39,0.316,1690.9083333333333,185,514,0.36,27,92,0.293,211,264,0.799,44,185,229,418,172,137,5,46,143,245,608,-84,1763.8,13,1,1566.0,1,2012-13,29.7,100.6,101.3,101.3,103.4,103.1,103.1,-2.8,-1.8,-1.8,0.391,2.43,34.0,0.026,0.121,0.071,14.0,14.1,0.386,0.482,0.212,0.213,95.61,95.37,79.47,95.37,0.118,3348,3.2,9.0,Ricky Rubio
203135,Robert,1610612747,LAL,24.0,32,19,13,0.594,203.445,18,48,0.375,0,0,0.0,7,11,0.636,9,25,34,6,10,0,10,8,38,11,43,-52,112.8,0,0,103.0,1,2012-13,6.4,97.7,94.6,94.6,110.0,109.3,109.3,-12.3,-14.7,-14.7,0.045,0.6,8.7,0.041,0.123,0.08,14.5,14.5,0.375,0.407,0.127,0.134,101.09,103.1,85.92,103.1,0.002,443,0.6,1.5,Robert Sacre
201577,Robin,1610612740,NOH,25.0,82,27,55,0.329,2135.7633333333333,384,719,0.534,0,0,0.0,161,207,0.778,226,236,462,64,110,32,128,67,167,184,929,-142,1949.4,9,0,1775.0,1,2012-13,26.0,102.4,103.8,103.8,106.6,106.8,106.8,-4.2,-3.1,-3.1,0.051,0.58,6.5,0.111,0.12,0.115,11.2,11.2,0.534,0.573,0.196,0.199,91.34,90.64,75.53,90.64,0.103,4024,4.7,8.8,Robin Lopez
201155,Rodney,1610612765,DET,27.0,76,24,52,0.316,2171.093333333333,304,748,0.406,55,182,0.302,213,272,0.783,43,169,212,270,134,51,17,55,127,224,876,-286,1605.4,1,0,1549.0,1,2012-13,28.6,100.0,101.0,101.0,107.3,108.1,108.1,-7.4,-7.2,-7.2,0.208,2.01,21.3,0.02,0.083,0.05,10.6,10.5,0.443,0.505,0.206,0.21,93.1,92.29,76.91,92.29,0.088,4181,4.0,9.8,Rodney Stuckey
201958,Rodrigue,1610612742,DAL,25.0,45,17,28,0.378,549.2833333333333,65,176,0.369,21,72,0.292,30,38,0.789,9,48,57,84,33,19,4,7,54,36,181,37,411.4,0,0,389.0,1,2012-13,12.2,102.8,100.6,100.6,99.2,97.7,97.7,3.6,2.9,2.9,0.237,2.55,27.2,0.016,0.085,0.05,10.7,10.7,0.429,0.47,0.178,0.185,97.18,99.01,82.51,99.01,0.074,1135,1.4,3.9,Rodrigue Beaubois
2427,Roger,1610612740,NOH,32.0,69,20,49,0.29,1218.5083333333334,132,305,0.433,66,159,0.415,39,43,0.907,11,121,132,74,51,26,11,11,104,23,369,1,698.4,0,0,715.0,1,2012-13,17.7,107.2,106.6,106.6,108.9,108.3,108.3,-1.7,-1.7,-1.7,0.091,1.45,16.7,0.01,0.107,0.058,11.5,11.4,0.541,0.57,0.137,0.143,90.5,91.04,75.86,91.04,0.064,2330,1.9,4.4,Roger Mason Jr.
200758,Ronnie,1610612760,OKC,28.0,60,43,17,0.717,852.3066666666666,70,198,0.354,23,76,0.303,16,39,0.41,42,98,140,50,18,43,6,14,33,31,179,1,551.0,1,0,490.0,2,2012-13,14.2,106.1,104.4,104.4,103.0,104.1,104.1,3.1,0.2,0.2,0.087,2.78,17.6,0.048,0.121,0.083,6.3,6.4,0.412,0.416,0.124,0.127,93.42,93.68,78.07,93.68,0.065,1662,1.2,3.3,Ronnie Brewer
101179,Ronnie,1610612757,POR,30.0,39,18,21,0.462,509.8416666666666,39,120,0.325,10,39,0.256,17,24,0.708,13,31,44,73,34,26,3,9,61,34,105,-74,320.3,0,0,290.0,1,2012-13,13.1,97.3,96.7,96.7,103.6,102.0,102.0,-6.3,-5.3,-5.3,0.232,2.15,30.7,0.027,0.065,0.046,14.3,14.3,0.367,0.402,0.148,0.152,92.04,93.02,77.51,93.02,0.038,977,1.0,3.1,Ronnie Price
101142,Ronny,1610612746,LAC,30.0,65,47,18,0.723,700.7,49,97,0.505,0,0,0.0,23,63,0.365,45,107,152,35,29,19,35,18,80,58,121,28,488.9,0,0,416.0,1,2012-13,10.8,97.8,97.0,97.0,94.5,95.1,95.1,3.2,1.9,1.9,0.074,1.21,18.5,0.067,0.143,0.107,15.3,15.4,0.505,0.485,0.097,0.1,94.77,94.88,79.06,94.88,0.06,1386,0.8,1.5,Ronny Turiaf
201579,Roy,1610612754,IND,26.0,79,49,30,0.62,2268.77,385,859,0.448,1,4,0.25,166,224,0.741,296,360,656,113,162,39,206,85,279,255,937,387,2466.7,23,1,2197.0,1,2012-13,28.7,104.8,106.1,106.1,95.7,97.3,97.3,9.2,8.7,8.7,0.083,0.7,9.1,0.133,0.151,0.142,13.1,13.1,0.449,0.489,0.223,0.225,92.36,91.03,75.86,91.03,0.101,4308,4.9,10.9,Roy Hibbert
2767,Royal,1610612755,PHI,31.0,53,20,33,0.377,698.445,62,144,0.431,37,88,0.42,9,16,0.563,16,41,57,32,20,23,3,5,73,38,170,-90,344.4,0,0,348.0,1,2012-13,13.2,96.6,95.4,95.4,101.0,100.4,100.4,-4.4,-5.0,-5.0,0.073,1.6,15.8,0.023,0.061,0.041,9.9,9.9,0.559,0.563,0.109,0.114,93.17,94.01,78.35,94.01,0.042,1357,1.2,2.7,Royal Ivey
200752,Rudy,1610612761,TOR,26.0,75,46,29,0.613,2687.0133333333333,521,1253,0.416,84,260,0.323,240,295,0.814,99,362,461,202,198,113,53,84,182,232,1366,217,2522.2,6,0,2445.0,2,2012-13,35.8,102.1,104.1,104.1,99.0,99.9,99.9,3.1,4.2,4.2,0.134,1.02,11.4,0.038,0.142,0.089,11.2,11.1,0.449,0.494,0.264,0.269,92.56,91.2,76.0,91.2,0.113,5107,6.9,16.7,Rudy Gay
201566,Russell,1610612760,OKC,24.0,82,60,22,0.732,2860.98,673,1535,0.438,97,300,0.323,460,575,0.8,111,317,428,607,273,145,24,74,189,393,1903,630,3561.1,23,1,3373.0,1,2012-13,34.9,111.8,112.5,112.5,99.6,101.2,101.2,12.2,11.2,11.2,0.372,2.22,22.7,0.043,0.104,0.076,10.2,10.2,0.47,0.532,0.322,0.324,96.51,95.42,79.52,95.42,0.155,5684,8.2,18.7,Russell Westbrook
201583,Ryan,1610612740,NOH,25.0,81,27,54,0.333,2502.768333333333,472,1115,0.423,213,557,0.382,152,180,0.844,191,328,519,97,97,42,31,58,179,164,1309,-257,2199.3,11,0,2284.0,1,2012-13,30.9,103.5,104.7,104.7,110.1,110.0,110.0,-6.6,-5.4,-5.4,0.071,1.0,7.0,0.077,0.144,0.109,7.0,7.0,0.519,0.548,0.237,0.241,90.37,89.86,74.89,89.86,0.11,4683,5.8,13.8,Ryan Anderson
200797,Ryan,1610612746,LAC,28.0,60,43,17,0.717,663.2466666666667,70,114,0.614,0,0,0.0,66,88,0.75,50,89,139,11,44,6,34,17,133,80,206,58,465.3,0,0,436.0,1,2012-13,11.1,102.6,101.2,101.2,97.4,96.9,96.9,5.2,4.4,4.4,0.027,0.25,5.3,0.081,0.128,0.106,21.3,21.2,0.614,0.674,0.133,0.138,92.2,93.07,77.56,93.07,0.058,1287,1.2,1.9,Ryan Hollins
201970,Sam,1610612754,IND,28.0,56,36,20,0.643,692.915,58,148,0.392,16,52,0.308,23,43,0.535,26,97,123,42,33,15,8,9,62,38,155,-86,401.6,0,0,382.0,1,2012-13,12.4,94.2,93.5,93.5,98.2,99.2,99.2,-4.0,-5.7,-5.7,0.107,1.27,17.4,0.037,0.127,0.084,13.6,13.6,0.446,0.464,0.129,0.133,93.57,93.45,77.87,93.45,0.064,1344,1.0,2.6,Sam Young
202396,Samardo,1610612739,CLE,24.0,18,3,15,0.167,195.54666666666665,22,60,0.367,0,1,0.0,14,24,0.583,10,18,28,8,6,3,3,4,30,20,58,-26,115.6,0,0,106.0,1,2012-13,10.9,95.3,96.7,96.7,104.8,102.5,102.5,-9.5,-5.8,-5.8,0.069,1.33,9.3,0.046,0.107,0.073,7.0,7.1,0.367,0.411,0.172,0.172,96.74,97.08,80.9,97.08,0.016,394,1.2,3.3,Samardo Samuels
2223,Samuel,1610612749,MIL,33.0,47,22,25,0.468,764.6866666666666,137,253,0.542,1,1,1.0,38,55,0.691,105,171,276,21,51,17,53,17,90,43,313,-109,834.7,8,0,751.0,1,2012-13,16.3,99.1,99.7,99.7,106.8,107.1,107.1,-7.8,-7.3,-7.3,0.044,0.41,6.0,0.123,0.238,0.175,14.6,14.6,0.543,0.565,0.18,0.183,98.02,97.58,81.31,97.58,0.117,1557,2.9,5.4,Samuel Dalembert
2562,Sasha,1610612757,POR,29.0,39,15,24,0.385,527.5066666666667,42,119,0.353,18,60,0.3,1,6,0.167,7,49,56,32,14,24,5,5,59,14,103,-32,291.2,0,0,267.0,1,2012-13,13.5,101.9,102.1,102.1,105.4,104.4,104.4,-3.6,-2.3,-2.3,0.093,2.29,19.4,0.013,0.1,0.054,8.5,8.4,0.429,0.423,0.113,0.118,93.42,93.72,78.1,93.72,0.034,1026,1.1,3.1,Sasha Pavlovic
203159,Scott,1610612744,GSW,23.0,6,4,2,0.667,21.25,3,6,0.5,0,1,0.0,2,2,1.0,0,1,1,6,8,2,0,0,0,1,8,-10,16.2,0,0,19.0,1,2012-13,3.5,73.1,70.8,70.8,94.6,91.7,91.7,-21.5,-20.8,-20.8,0.6,0.75,28.6,0.0,0.05,0.0,38.1,38.3,0.5,0.581,0.288,0.3,105.08,108.42,90.35,108.42,0.092,48,0.5,1.0,Scott Machado
2742,Sebastian,1610612761,TOR,28.0,59,21,38,0.356,980.08,112,309,0.362,53,150,0.353,54,69,0.783,13,71,84,153,64,37,11,15,104,66,331,-32,741.3,0,0,717.0,2,2012-13,16.6,97.8,98.1,98.1,99.5,99.2,99.2,-1.7,-1.2,-1.2,0.252,2.39,27.5,0.013,0.073,0.042,11.5,11.5,0.448,0.488,0.183,0.188,94.06,94.03,78.36,94.03,0.077,1915,1.9,5.2,Sebastian Telfair
201586,Serge,1610612760,OKC,23.0,80,58,22,0.725,2486.3283333333334,446,778,0.573,20,57,0.351,143,191,0.749,222,395,617,43,125,28,242,32,213,154,1055,489,2544.9,15,0,2275.0,1,2012-13,31.1,110.3,110.8,110.8,99.0,100.2,100.2,11.2,10.6,10.6,0.028,0.34,4.2,0.1,0.147,0.126,12.1,12.1,0.586,0.612,0.178,0.18,95.97,95.21,79.34,95.21,0.116,4916,5.6,9.7,Serge Ibaka
2203,Shane,1610612748,MIA,34.0,72,59,13,0.819,1786.2616666666668,152,362,0.42,136,316,0.43,32,38,0.842,37,128,165,72,34,41,55,10,149,67,472,339,1032.0,0,0,1037.0,1,2012-13,24.8,111.7,111.3,111.3,99.8,101.5,101.5,11.9,9.8,9.8,0.058,2.12,14.8,0.024,0.071,0.049,7.0,7.0,0.608,0.623,0.109,0.111,92.78,92.14,76.79,92.14,0.059,3431,2.1,5.0,Shane Battier
200769,Shannon,1610612756,PHX,27.0,59,17,42,0.288,1401.993333333333,240,571,0.42,39,141,0.277,98,125,0.784,44,105,149,108,74,59,15,30,92,83,617,-195,1105.8,0,0,1061.0,1,2012-13,23.8,99.2,100.4,100.4,107.3,107.5,107.5,-8.1,-7.1,-7.1,0.127,1.46,13.6,0.031,0.078,0.054,9.3,9.2,0.454,0.493,0.217,0.225,94.77,94.17,78.47,94.17,0.083,2750,4.1,9.7,Shannon Brown
2733,Shaun,1610612739,CLE,27.0,66,20,46,0.303,1454.79,166,346,0.48,0,4,0.0,85,98,0.867,31,127,158,215,76,48,31,13,127,101,417,-120,1090.1,0,0,948.0,2,2012-13,22.0,100.9,101.2,101.2,105.0,105.4,105.4,-4.0,-4.1,-4.1,0.229,2.83,31.6,0.021,0.091,0.055,11.2,11.2,0.48,0.536,0.142,0.145,94.43,94.1,78.42,94.1,0.089,2851,2.5,5.2,Shaun Livingston
101183,Shavlik,1610612738,BOS,29.0,16,7,9,0.438,198.07166666666663,28,48,0.583,0,0,0.0,11,27,0.407,28,42,70,4,10,8,7,7,38,29,67,6,192.0,0,0,171.0,1,2012-13,12.4,110.1,110.1,110.1,108.5,107.4,107.4,1.6,2.7,2.7,0.028,0.4,5.5,0.151,0.22,0.186,13.7,13.5,0.583,0.559,0.158,0.164,93.58,94.03,78.36,94.03,0.078,386,1.8,3.0,Shavlik Randolph
1890,Shawn,1610612742,DAL,35.0,67,32,35,0.478,2010.2783333333332,355,690,0.514,23,73,0.315,79,101,0.782,146,379,525,163,103,75,47,26,111,77,812,-161,1949.5,14,0,1767.0,1,2012-13,30.0,101.2,101.1,101.1,104.3,104.7,104.7,-3.1,-3.6,-3.6,0.129,1.58,16.3,0.075,0.185,0.132,10.3,10.3,0.531,0.553,0.185,0.189,96.73,96.63,80.53,96.63,0.128,4040,5.3,10.3,Shawn Marion
202714,Shelvin,1610612737,ATL,23.0,31,13,18,0.419,415.99,58,126,0.46,18,49,0.367,9,16,0.563,3,37,40,68,34,15,0,5,39,21,143,-32,304.0,0,0,299.0,3,2012-13,13.4,100.8,98.1,98.1,104.2,102.7,102.7,-3.4,-4.6,-4.6,0.265,2.0,28.8,0.008,0.088,0.05,14.4,14.5,0.532,0.537,0.183,0.189,94.01,96.0,80.0,96.0,0.081,835,1.9,4.1,Shelvin Mack
200780,Solomon,1610612752,NYK,28.0,2,2,0,1.0,26.05,0,1,0.0,0,0,0.0,0,0,0.0,1,2,3,0,3,0,1,0,3,2,0,1,3.6,0,0,5.0,1,2012-13,13.0,100.3,102.0,102.0,97.6,98.0,98.0,2.7,4.0,4.0,0.0,0.0,0.0,0.0,0.0,0.0,75.0,75.0,0.0,0.0,0.073,0.073,92.17,91.21,76.01,91.21,-0.051,49,0.0,0.5,Solomon Jones
201150,Spencer,1610612755,PHI,25.0,82,34,48,0.415,2233.32,376,811,0.464,31,87,0.356,122,157,0.777,173,417,590,183,131,24,113,52,233,145,905,-139,2167.5,19,0,1983.0,1,2012-13,27.2,99.1,99.9,99.9,102.8,103.6,103.6,-3.7,-3.8,-3.8,0.134,1.4,15.3,0.075,0.187,0.13,10.9,11.0,0.483,0.514,0.204,0.207,93.73,92.97,77.47,92.97,0.109,4337,4.6,9.9,Spencer Hawes
201939,Stephen,1610612744,GSW,25.0,78,45,33,0.577,2982.555,626,1388,0.451,272,600,0.453,262,291,0.9,59,255,314,539,240,126,12,45,198,266,1786,133,3145.3,15,0,3187.0,1,2012-13,38.2,106.2,107.0,107.0,103.9,104.7,104.7,2.4,2.3,2.3,0.298,2.25,23.6,0.02,0.083,0.052,10.5,10.5,0.549,0.589,0.257,0.261,97.31,96.55,80.46,96.55,0.138,5996,8.0,17.8,Stephen Curry
1536,Stephen,1610612759,SAS,35.0,55,40,15,0.727,1075.085,123,330,0.373,46,170,0.271,49,70,0.7,22,133,155,80,77,37,14,15,89,64,341,97,723.0,1,0,724.0,1,2012-13,19.5,104.8,104.4,104.4,100.4,99.8,99.8,4.4,4.7,4.7,0.11,1.04,15.4,0.022,0.122,0.075,14.9,14.9,0.442,0.473,0.183,0.188,96.26,96.71,80.59,96.71,0.056,2164,2.2,6.0,Stephen Jackson
2581,Steve,1610612747,LAL,33.0,45,29,16,0.644,1174.763333333333,114,270,0.422,72,171,0.421,27,35,0.771,21,111,132,173,62,34,6,11,83,49,327,29,802.9,0,0,784.0,1,2012-13,26.1,104.6,104.6,104.6,102.5,103.1,103.1,2.1,1.5,1.5,0.227,2.79,33.2,0.018,0.09,0.055,11.9,11.9,0.556,0.573,0.13,0.133,96.32,96.06,80.05,96.06,0.086,2348,2.5,6.0,Steve Blake
959,Steve,1610612747,LAL,39.0,50,26,24,0.52,1626.795,236,475,0.497,57,130,0.438,107,116,0.922,26,116,142,333,126,30,5,11,70,117,636,36,1284.9,8,0,1238.0,1,2012-13,32.5,106.2,106.9,106.9,104.9,106.5,106.5,1.3,0.4,0.4,0.31,2.64,34.2,0.016,0.07,0.043,12.9,12.8,0.557,0.605,0.171,0.177,98.0,96.91,80.76,96.91,0.113,3295,4.7,9.5,Steve Nash
200779,Steve,1610612752,NYK,30.0,81,53,28,0.654,1640.6916666666666,178,430,0.414,149,351,0.425,30,33,0.909,17,135,152,35,12,28,8,4,97,36,535,245,865.9,0,0,943.0,1,2012-13,20.3,109.6,108.9,108.9,103.1,102.7,102.7,6.5,6.2,6.2,0.032,2.92,7.2,0.011,0.089,0.049,2.5,2.4,0.587,0.602,0.126,0.13,92.07,92.6,77.16,92.6,0.07,3188,2.2,5.3,Steve Novak
201959,Taj,1610612741,CHI,28.0,65,38,27,0.585,1459.3766666666668,214,441,0.485,0,4,0.0,89,131,0.679,125,220,345,61,76,27,90,41,166,107,517,112,1297.5,5,0,1157.0,1,2012-13,22.5,102.4,103.3,103.3,97.6,98.1,98.1,4.8,5.3,5.3,0.071,0.8,9.6,0.086,0.152,0.119,11.9,12.0,0.485,0.518,0.177,0.182,91.33,90.7,75.58,90.7,0.098,2741,3.3,6.8,Taj Gibson
2419,Tayshaun,1610612763,MEM,33.0,82,44,38,0.537,2631.605,359,820,0.438,38,94,0.404,96,130,0.738,72,292,364,196,89,48,25,29,86,120,852,111,1712.8,2,0,1596.0,2,2012-13,32.1,102.8,103.8,103.8,100.5,101.5,101.5,2.3,2.3,2.3,0.122,2.2,16.8,0.029,0.113,0.071,7.6,7.7,0.461,0.486,0.17,0.172,90.79,89.97,74.97,89.97,0.093,4931,4.4,10.0,Tayshaun Prince
202227,Terrel,1610612740,NOH,25.0,20,7,13,0.35,137.15166666666667,4,27,0.148,0,8,0.0,7,10,0.7,4,22,26,9,17,2,3,5,17,9,15,-1,57.7,0,0,60.0,2,2012-13,6.9,94.9,89.2,89.2,93.9,89.3,89.3,0.9,0.0,0.0,0.107,0.53,15.5,0.032,0.169,0.102,29.3,29.6,0.148,0.239,0.164,0.173,86.2,91.17,75.97,91.17,-0.024,260,0.2,1.4,Terrel Harris
203093,Terrence,1610612745,HOU,21.0,19,9,10,0.474,275.7,43,94,0.457,5,19,0.263,13,17,0.765,28,37,65,15,13,12,19,10,21,14,104,-3,284.5,1,0,251.0,1,2012-13,14.5,103.5,103.5,103.5,106.1,106.1,106.1,-2.6,-2.6,-2.6,0.09,1.15,11.5,0.092,0.133,0.112,10.0,10.0,0.484,0.512,0.173,0.179,98.63,98.63,82.19,98.63,0.102,572,2.3,4.9,Terrence Jones
203082,Terrence,1610612761,TOR,22.0,73,29,44,0.397,1239.2683333333334,186,457,0.407,65,196,0.332,30,42,0.714,35,109,144,53,48,43,14,21,122,46,467,-68,842.3,0,0,843.0,1,2012-13,17.0,102.8,103.3,103.3,106.1,106.2,106.2,-3.4,-2.8,-2.8,0.073,1.1,9.2,0.028,0.093,0.06,8.3,8.3,0.478,0.491,0.191,0.195,93.03,92.76,77.3,92.76,0.06,2395,2.5,6.3,Terrence Ross
201944,Terrence,1610612738,BOS,26.0,24,11,13,0.458,317.99833333333333,48,97,0.495,5,15,0.333,9,21,0.429,4,40,44,38,22,11,2,5,13,17,110,-12,236.8,0,0,223.0,1,2012-13,13.2,102.8,101.7,101.7,102.2,102.5,102.5,0.7,-0.8,-0.8,0.19,1.73,23.0,0.013,0.122,0.07,13.3,13.2,0.521,0.518,0.182,0.188,95.43,95.77,79.81,95.77,0.101,631,2.0,4.0,Terrence Williams
200757,Thabo,1610612760,OKC,29.0,81,59,22,0.728,2228.745,224,466,0.481,108,258,0.419,57,69,0.826,58,259,317,125,64,103,44,20,177,64,613,501,1557.9,0,0,1457.0,1,2012-13,27.5,110.1,110.3,110.3,97.5,98.0,98.0,12.5,12.2,12.2,0.08,1.95,18.2,0.029,0.108,0.072,9.3,9.3,0.597,0.617,0.112,0.114,96.3,96.0,80.0,96.0,0.083,4436,2.8,5.8,Thabo Sefolosha
201152,Thaddeus,1610612755,PHI,25.0,76,33,43,0.434,2628.5383333333334,509,958,0.531,1,8,0.125,108,188,0.574,182,389,571,125,90,133,55,50,191,174,1127,-34,2473.7,21,0,2200.0,1,2012-13,34.6,101.8,102.9,102.9,101.9,103.1,103.1,-0.2,-0.2,-0.2,0.078,1.39,9.9,0.07,0.151,0.11,7.2,7.2,0.532,0.541,0.197,0.199,93.88,92.85,77.37,92.85,0.115,5072,6.7,12.6,Thaddeus Young
203080,Thomas,1610612745,HOU,22.0,70,30,40,0.429,1055.715,138,321,0.43,0,1,0.0,57,109,0.523,122,193,315,46,88,41,26,34,124,94,333,-147,893.0,3,0,828.0,2,2012-13,15.1,100.3,100.9,100.9,107.3,107.6,107.6,-7.1,-6.7,-6.7,0.073,0.52,9.1,0.111,0.188,0.148,17.4,17.5,0.43,0.451,0.187,0.19,94.94,94.55,78.79,94.55,0.069,2076,2.0,4.6,Thomas Robinson
201168,Tiago,1610612759,SAS,28.0,81,58,23,0.716,1997.015,315,563,0.56,0,2,0.0,208,285,0.73,144,371,515,130,100,63,64,80,161,249,838,378,1932.0,11,0,1737.0,1,2012-13,24.7,106.4,105.9,105.9,96.1,96.2,96.2,10.3,9.6,9.6,0.099,1.3,14.1,0.081,0.178,0.133,10.8,10.9,0.56,0.609,0.179,0.183,96.51,96.66,80.55,96.66,0.127,4017,3.9,7.0,Tiago Splitter
1495,Tim,1610612759,SAS,37.0,69,50,19,0.725,2078.0316666666668,490,976,0.502,2,7,0.286,245,300,0.817,124,562,686,184,147,50,183,75,117,257,1227,459,2878.2,36,0,2565.0,1,2012-13,30.1,107.6,108.1,108.1,97.1,97.8,97.8,10.5,10.3,10.3,0.151,1.25,12.8,0.067,0.258,0.17,10.2,10.2,0.503,0.554,0.276,0.279,95.43,94.87,79.06,94.87,0.178,4124,7.1,14.1,Tim Duncan
203317,Tim,1610612745,HOU,24.0,3,3,0,1.0,11.733333333333333,1,3,0.333,0,0,0.0,1,1,1.0,0,1,1,1,4,1,0,0,1,1,3,-7,4.7,0,0,7.0,1,2012-13,3.9,66.8,69.6,69.6,100.2,100.0,100.0,-33.4,-30.4,-30.4,0.25,0.25,12.5,0.0,0.0,0.0,50.0,47.4,0.333,0.436,0.259,0.287,95.97,94.09,78.41,94.09,-0.05,23,0.3,1.0,Tim Ohlbrecht
202389,Timofey,1610612743,DEN,26.0,41,27,14,0.659,366.2083333333333,44,87,0.506,0,2,0.0,20,26,0.769,50,57,107,9,25,6,18,7,57,19,108,-72,296.9,1,0,272.0,1,2012-13,8.9,98.6,96.1,96.1,105.8,105.7,105.7,-7.2,-9.6,-9.6,0.039,0.36,6.8,0.131,0.141,0.136,18.9,18.9,0.506,0.549,0.141,0.146,97.16,98.44,82.03,98.44,0.069,751,1.1,2.1,Timofey Mozgov
202699,Tobias,1610612753,ORL,20.0,55,16,39,0.291,1298.595,233,512,0.455,34,108,0.315,103,137,0.752,73,214,287,69,66,32,44,43,120,99,603,-168,1212.9,9,0,1145.0,2,2012-13,23.6,98.3,100.0,100.0,106.1,106.6,106.6,-7.8,-6.6,-6.6,0.087,1.05,9.7,0.053,0.17,0.109,9.3,9.3,0.488,0.527,0.216,0.218,95.94,94.9,79.09,94.9,0.104,2568,4.2,9.3,Tobias Harris
201962,Toney,1610612758,SAC,27.0,71,36,35,0.507,1288.01,188,466,0.403,82,216,0.38,76,84,0.905,34,104,138,151,81,71,3,31,145,81,534,105,1067.1,0,0,1053.0,2,2012-13,18.1,108.6,108.9,108.9,105.4,104.9,104.9,3.1,4.0,4.0,0.176,1.86,20.6,0.026,0.081,0.053,11.1,11.0,0.491,0.531,0.191,0.197,99.16,99.26,82.72,99.26,0.077,2663,2.6,6.6,Toney Douglas
2754,Tony,1610612763,MEM,31.0,79,54,25,0.684,2109.095,284,638,0.445,3,24,0.125,134,187,0.717,121,242,363,98,94,119,44,64,211,137,705,216,1682.6,2,0,1495.0,1,2012-13,26.7,101.2,102.0,102.0,94.3,95.4,95.4,6.9,6.7,6.7,0.076,1.04,10.7,0.059,0.122,0.09,10.3,10.3,0.447,0.489,0.177,0.179,90.66,89.75,74.79,89.75,0.085,3920,3.6,8.1,Tony Allen
2225,Tony,1610612759,SAS,31.0,66,47,19,0.712,2173.89,519,995,0.522,24,68,0.353,279,330,0.845,18,180,198,499,170,54,6,64,92,280,1341,449,2337.1,17,1,2182.0,1,2012-13,32.9,108.3,108.8,108.8,97.6,98.6,98.6,10.7,10.2,10.2,0.396,2.94,27.6,0.009,0.081,0.048,9.4,9.4,0.534,0.588,0.276,0.28,95.77,95.06,79.21,95.06,0.161,4309,7.9,15.1,Tony Parker
203100,Tony,1610612763,MEM,20.0,35,28,7,0.8,271.94666666666666,33,86,0.384,4,16,0.25,21,29,0.724,13,15,28,43,29,8,4,13,34,22,91,-57,196.1,0,0,190.0,1,2012-13,7.8,94.6,92.9,92.9,106.2,101.8,101.8,-11.6,-8.9,-8.9,0.262,1.48,25.1,0.046,0.056,0.051,17.0,17.0,0.407,0.461,0.204,0.213,92.8,95.58,79.65,95.58,0.049,537,0.9,2.5,Tony Wroten
203129,Tornike,1610612751,BKN,21.0,19,11,8,0.579,92.69166666666666,10,23,0.435,1,2,0.5,9,16,0.563,9,14,23,3,11,3,1,2,11,10,30,10,63.1,1,0,65.0,1,2012-13,4.9,97.9,96.4,96.4,95.2,92.6,92.6,2.7,3.8,3.8,0.05,0.27,6.8,0.09,0.165,0.124,25.0,25.0,0.457,0.499,0.179,0.188,96.54,98.65,82.21,98.65,0.053,192,0.5,1.2,Tornike Shengelia
2566,Travis,1610612758,SAC,28.0,38,7,31,0.184,443.79333333333335,74,177,0.418,14,50,0.28,38,52,0.731,17,44,61,21,19,11,8,4,35,40,200,-35,342.7,0,0,334.0,1,2012-13,11.7,102.3,104.3,104.3,108.9,107.4,107.4,-6.6,-3.1,-3.1,0.079,1.11,8.7,0.036,0.095,0.065,7.9,7.9,0.458,0.5,0.216,0.217,96.27,95.99,79.99,95.99,0.078,884,1.9,4.7,Travis Outlaw
2772,Trevor,1610612764,WAS,28.0,56,25,31,0.446,1470.705,188,451,0.417,76,209,0.364,78,95,0.821,44,222,266,113,84,72,20,19,72,76,530,-46,1210.7,2,0,1169.0,1,2012-13,26.3,98.3,98.4,98.4,98.7,99.2,99.2,-0.4,-0.8,-0.8,0.132,1.35,16.5,0.029,0.147,0.088,12.3,12.2,0.501,0.538,0.174,0.178,93.88,93.59,77.99,93.59,0.118,2856,3.4,8.1,Trevor Ariza
202344,Trevor,1610612764,WAS,25.0,48,18,30,0.375,886.885,108,220,0.491,0,5,0.0,40,72,0.556,98,141,239,40,31,32,16,17,95,61,256,-151,715.8,3,0,631.0,1,2012-13,18.5,95.3,95.4,95.4,104.7,104.1,104.1,-9.3,-8.7,-8.7,0.079,1.29,12.3,0.105,0.163,0.133,9.5,9.6,0.491,0.509,0.143,0.145,93.45,93.66,78.05,93.66,0.091,1730,2.3,4.6,Trevor Booker
202684,Tristan,1610612739,CLE,22.0,82,24,58,0.293,2564.161666666667,390,799,0.488,0,3,0.0,177,291,0.608,306,467,773,108,123,60,71,123,234,258,957,-234,2316.6,31,0,2100.0,1,2012-13,31.3,101.3,103.0,103.0,107.0,107.6,107.6,-5.7,-4.6,-4.6,0.069,0.88,9.3,0.114,0.196,0.153,10.6,10.6,0.488,0.516,0.181,0.183,94.67,93.61,78.01,93.61,0.102,4999,4.8,9.7,Tristan Thompson
2211,Troy,1610612742,DAL,33.0,14,6,8,0.429,255.96666666666667,22,61,0.361,11,35,0.314,10,11,0.909,7,42,49,7,7,10,6,1,29,10,65,-20,175.3,0,0,164.0,1,2012-13,18.3,97.9,98.0,98.0,103.4,101.6,101.6,-5.5,-3.6,-3.6,0.045,1.0,8.8,0.027,0.158,0.094,8.8,8.8,0.451,0.494,0.131,0.132,93.52,94.32,78.6,94.32,0.071,502,1.6,4.4,Troy Murphy
201951,Ty,1610612743,DEN,25.0,73,49,24,0.671,2512.67,448,971,0.461,85,232,0.366,235,311,0.756,36,162,198,501,182,107,8,104,135,262,1216,285,2368.1,9,0,2230.0,1,2012-13,34.4,108.5,110.2,110.2,104.1,104.9,104.9,4.4,5.3,5.3,0.295,2.75,27.9,0.014,0.063,0.039,10.1,10.2,0.505,0.549,0.219,0.22,98.28,97.1,80.92,97.1,0.118,5091,6.1,13.3,Ty Lawson
201946,Tyler,1610612754,IND,27.0,81,49,32,0.605,1365.5366666666666,176,407,0.432,0,3,0.0,216,300,0.72,161,212,373,36,78,29,18,63,152,258,568,-9,1132.6,6,0,1071.0,1,2012-13,16.9,96.6,96.9,96.9,97.2,97.6,97.6,-0.6,-0.8,-0.8,0.05,0.46,5.5,0.11,0.15,0.13,11.9,11.9,0.432,0.527,0.198,0.203,91.98,91.66,76.38,91.66,0.109,2613,2.2,5.0,Tyler Hansbrough
202715,Tyler,1610612758,SAC,22.0,9,3,6,0.333,31.50333333333333,3,11,0.273,0,2,0.0,2,2,1.0,3,7,10,2,5,0,1,1,2,1,8,-10,21.0,0,0,22.0,1,2012-13,3.5,89.2,84.8,84.8,106.9,98.5,98.5,-17.8,-13.7,-13.7,0.111,0.4,10.5,0.075,0.0,0.0,26.3,26.5,0.273,0.337,0.205,0.217,94.86,101.32,84.44,101.32,0.042,66,0.3,1.2,Tyler Honeycutt
203092,Tyler,1610612739,CLE,23.0,77,24,53,0.312,2033.1783333333333,245,559,0.438,0,4,0.0,120,157,0.764,159,279,438,96,95,35,70,49,251,187,610,-260,1499.6,7,0,1354.0,1,2012-13,26.4,99.0,101.2,101.2,106.9,107.2,107.2,-8.0,-6.0,-6.0,0.075,1.01,11.7,0.074,0.145,0.108,11.6,11.6,0.438,0.486,0.157,0.159,94.75,93.62,78.02,93.62,0.064,3955,3.2,7.3,Tyler Zeller
201936,Tyreke,1610612758,SAC,23.0,65,20,45,0.308,2016.0633333333333,366,765,0.478,45,133,0.338,210,271,0.775,56,231,287,229,128,90,27,58,133,183,987,-217,1897.9,1,0,1782.0,1,2012-13,31.0,102.6,104.5,104.5,108.3,109.6,109.6,-5.7,-5.1,-5.1,0.19,1.79,18.3,0.028,0.121,0.073,10.2,10.3,0.508,0.558,0.223,0.224,96.75,95.37,79.47,95.37,0.118,4000,5.6,11.8,Tyreke Evans
200748,Tyrus,1610612766,CHA,26.0,26,9,17,0.346,359.94666666666666,48,136,0.353,3,8,0.375,26,31,0.839,16,44,60,19,17,14,15,10,51,30,125,-90,295.5,0,0,265.0,1,2012-13,13.8,95.6,95.2,95.2,107.5,106.3,106.3,-11.9,-11.1,-11.1,0.094,1.12,10.3,0.043,0.122,0.082,9.2,9.2,0.364,0.418,0.206,0.213,94.01,94.75,78.96,94.75,0.05,705,1.8,5.2,Tyrus Thomas
203116,Tyshawn,1610612751,BKN,23.0,38,23,15,0.605,220.50333333333333,32,87,0.368,6,13,0.462,15,27,0.556,2,16,18,21,25,13,0,11,25,17,85,-66,152.1,0,0,156.0,1,2012-13,5.8,98.6,94.4,94.4,110.7,108.9,108.9,-12.1,-14.6,-14.6,0.181,0.84,14.4,0.01,0.078,0.043,17.1,17.3,0.402,0.43,0.249,0.262,94.38,97.2,81.0,97.2,0.028,446,0.8,2.3,Tyshawn Taylor
2199,Tyson,1610612752,NYK,30.0,66,42,24,0.636,2163.53,255,400,0.638,0,0,0.0,179,258,0.694,269,434,703,62,87,42,75,19,188,213,689,249,1889.6,20,0,1688.0,1,2012-13,32.8,110.2,111.2,111.2,103.7,105.1,105.1,6.5,6.1,6.1,0.044,0.71,9.3,0.126,0.217,0.17,13.1,13.1,0.638,0.671,0.126,0.128,92.45,91.44,76.2,91.44,0.121,4121,3.9,6.1,Tyson Chandler
2617,Udonis,1610612748,MIA,33.0,75,60,15,0.8,1413.8416666666667,129,251,0.514,0,0,0.0,32,45,0.711,97,307,404,38,45,30,15,19,173,88,290,272,921.8,1,0,822.0,1,2012-13,18.9,110.4,110.7,110.7,98.5,100.2,100.2,11.9,10.5,10.5,0.037,0.84,10.8,0.082,0.229,0.16,12.7,12.7,0.514,0.535,0.105,0.107,93.54,92.63,77.19,92.63,0.074,2722,1.7,3.3,Udonis Haslem
203139,Viacheslav,1610612765,DET,25.0,25,8,17,0.32,223.7133333333333,33,46,0.717,0,0,0.0,11,37,0.297,24,21,45,9,14,5,9,6,32,29,77,-22,172.5,1,0,159.0,1,2012-13,8.9,101.0,100.7,100.7,107.2,105.1,105.1,-6.2,-4.4,-4.4,0.062,0.64,10.5,0.108,0.099,0.103,16.3,16.4,0.717,0.618,0.15,0.153,96.28,97.41,81.18,97.41,0.057,453,1.3,1.8,Viacheslav Kravtsov
201964,Victor,1610612757,POR,24.0,49,19,30,0.388,812.1216666666667,74,189,0.392,25,87,0.287,14,30,0.467,31,88,119,43,43,26,12,12,75,37,187,-108,465.3,0,0,450.0,1,2012-13,16.6,100.2,100.5,100.5,109.2,106.9,106.9,-9.0,-6.4,-6.4,0.079,1.0,14.9,0.039,0.119,0.078,14.9,14.9,0.458,0.462,0.137,0.139,93.08,93.92,78.26,93.92,0.04,1586,1.5,3.9,Victor Claver
1713,Vince,1610612742,DAL,36.0,81,41,40,0.506,2092.75,372,855,0.435,162,399,0.406,182,223,0.816,58,276,334,194,106,74,44,31,226,221,1088,242,2027.8,1,0,2014.0,1,2012-13,25.8,107.0,106.6,106.6,102.2,101.3,101.3,4.8,5.4,5.4,0.148,1.83,15.5,0.029,0.127,0.079,8.5,8.5,0.53,0.571,0.223,0.228,96.7,97.33,81.11,97.33,0.113,4250,4.6,10.6,Vince Carter
2209,Vladimir,1610612741,CHI,32.0,25,11,14,0.44,143.605,13,43,0.302,5,27,0.185,2,3,0.667,10,18,28,8,7,8,4,1,29,7,33,-38,107.6,0,0,98.0,1,2012-13,5.7,91.5,89.2,89.2,103.2,101.1,101.1,-11.7,-11.9,-11.9,0.099,1.14,13.6,0.064,0.135,0.097,11.9,11.8,0.36,0.372,0.158,0.167,91.61,93.76,78.13,93.76,0.017,278,0.5,1.7,Vladimir Radmanovic
201961,Wayne,1610612739,CLE,25.0,78,39,39,0.5,1660.835,226,529,0.427,94,240,0.392,68,75,0.907,25,141,166,104,57,45,3,26,81,68,614,17,1056.2,0,0,1074.0,2,2012-13,21.3,101.4,102.6,102.6,101.7,102.5,102.5,-0.3,0.1,0.1,0.1,1.82,14.4,0.015,0.086,0.05,7.9,7.9,0.516,0.546,0.165,0.168,93.85,92.93,77.44,92.93,0.088,3222,2.9,6.8,Wayne Ellington
202325,Wesley,1610612756,PHX,25.0,50,14,36,0.28,952.5833333333334,161,396,0.407,50,155,0.323,27,35,0.771,21,102,123,34,48,22,18,14,56,32,399,-231,669.6,0,0,686.0,1,2012-13,19.1,94.7,95.2,95.2,106.4,106.7,106.7,-11.8,-11.6,-11.6,0.061,0.71,6.9,0.021,0.107,0.063,9.8,9.7,0.47,0.485,0.206,0.21,99.21,98.81,82.34,98.81,0.069,1959,3.2,7.9,Wesley Johnson
202083,Wesley,1610612757,POR,26.0,69,28,41,0.406,2402.6383333333333,352,808,0.436,169,425,0.398,149,187,0.797,35,156,191,174,109,90,18,45,172,202,1022,-85,1727.2,1,0,1772.0,1,2012-13,34.8,105.6,106.7,106.7,107.8,108.8,108.8,-2.2,-2.1,-2.1,0.115,1.6,14.9,0.015,0.068,0.041,9.3,9.3,0.54,0.574,0.188,0.191,93.79,92.83,77.36,92.83,0.079,4652,5.1,11.7,Wesley Matthews
203115,Will,1610612757,POR,22.0,73,27,46,0.37,893.77,118,309,0.382,9,65,0.138,50,65,0.769,36,109,145,58,60,34,9,24,56,48,295,-205,625.0,1,0,593.0,1,2012-13,12.2,94.1,93.6,93.6,107.4,105.7,105.7,-13.4,-12.1,-12.1,0.113,0.97,12.7,0.039,0.132,0.083,13.2,13.2,0.396,0.437,0.198,0.203,93.89,94.87,79.06,94.87,0.065,1771,1.6,4.2,Will Barton
101198,Will,1610612765,DET,30.0,65,26,39,0.4,1219.165,253,540,0.469,24,76,0.316,106,131,0.809,28,69,97,231,125,45,5,49,128,117,636,-169,1123.9,3,0,1088.0,1,2012-13,18.8,102.1,101.2,101.2,108.7,109.2,109.2,-6.6,-8.1,-8.1,0.341,1.85,24.3,0.023,0.06,0.041,13.1,13.1,0.491,0.532,0.258,0.267,94.87,95.06,79.22,95.06,0.107,2427,3.9,8.3,Will Bynum
101215,Will,1610612750,MIN,30.0,4,2,2,0.5,20.436666666666667,0,9,0.0,0,3,0.0,1,2,0.5,1,0,1,0,0,0,0,3,1,1,1,-40,2.2,0,0,2.0,1,2012-13,5.1,42.2,42.5,42.5,142.4,139.0,139.0,-100.2,-96.5,-96.5,0.0,0.0,0.0,0.033,0.0,0.0,0.0,0.0,0.0,0.051,0.208,0.213,94.32,95.12,79.27,95.12,-0.188,40,0.0,2.3,Will Conroy
2584,Willie,1610612746,LAC,31.0,72,48,24,0.667,1187.7816666666668,178,386,0.461,71,166,0.428,23,32,0.719,17,80,97,55,31,29,12,16,96,31,450,90,740.9,0,0,755.0,1,2012-13,16.5,107.4,107.7,107.7,103.0,104.1,104.1,4.4,3.6,3.6,0.07,1.77,11.3,0.015,0.074,0.044,6.4,6.4,0.553,0.562,0.166,0.169,91.76,91.17,75.97,91.17,0.067,2260,2.5,5.4,Willie Green
201163,Wilson,1610612743,DEN,26.0,43,33,10,0.767,1079.361666666667,210,455,0.462,52,126,0.413,88,111,0.793,45,173,218,58,60,45,12,30,119,86,560,177,1019.6,0,0,1002.0,1,2012-13,25.1,109.4,109.4,109.4,100.1,100.9,100.9,9.3,8.5,8.5,0.082,0.97,9.3,0.043,0.151,0.099,9.6,9.6,0.519,0.556,0.224,0.229,99.1,98.66,82.22,98.66,0.106,2213,4.9,10.6,Wilson Chandler
202333,Xavier,1610612740,NOH,22.0,50,16,34,0.32,625.1366666666667,66,161,0.41,4,11,0.364,58,92,0.63,21,69,90,13,31,16,5,21,72,74,194,-143,353.5,0,0,343.0,1,2012-13,12.5,94.4,95.1,95.1,108.3,106.7,106.7,-13.9,-11.6,-11.6,0.036,0.42,5.3,0.033,0.129,0.078,12.6,12.6,0.422,0.481,0.169,0.173,91.24,91.56,76.3,91.56,0.039,1190,1.3,3.2,Xavier Henry
2216,Zach,1610612763,MEM,31.0,76,51,25,0.671,2606.991666666667,471,1024,0.46,2,23,0.087,225,300,0.75,310,544,854,108,150,61,31,98,180,272,1169,294,2481.8,45,0,2317.0,1,2012-13,34.3,102.2,104.1,104.1,97.6,98.3,98.3,4.6,5.7,5.7,0.073,0.72,7.6,0.12,0.226,0.171,10.6,10.6,0.461,0.506,0.227,0.23,90.31,89.19,74.32,89.19,0.139,4852,6.2,13.5,Zach Randolph
2585,Zaza,1610612737,ATL,29.0,52,29,23,0.558,1134.3116666666667,114,241,0.473,0,3,0.0,78,103,0.757,132,204,336,79,70,35,12,34,128,108,306,-26,898.7,4,0,815.0,1,2012-13,21.8,102.4,101.4,101.4,101.6,102.6,102.6,0.8,-1.2,-1.2,0.107,1.13,18.1,0.122,0.186,0.154,16.0,16.1,0.473,0.534,0.142,0.145,93.17,93.2,77.67,93.2,0.092,2203,2.2,4.6,Zaza Pachulia
