PLAYER_ID,NICKNAME,TEAM_ID,TEAM_ABBREVIATION,AGE,GP,W,L,W_PCT,MIN_trad,FGM,FGA,FG_PCT,FG3M,FG3A,FG3_PCT,FTM,FTA,FT_PCT,OREB,DREB,REB,AST,TOV,STL,BLK,BLKA,PF,PFD,PTS,PLUS_MINUS,NBA_FANTASY_PTS,DD2,TD3,WNBA_FANTASY_PTS,TEAM_COUNT,SEASON,MIN_adv,E_OFF_RATING,OFF_RATING,sp_work_OFF_RATING,E_DEF_RATING,DEF_RATING,sp_work_DEF_RATING,E_NET_RATING,NET_RATING,sp_work_NET_RATING,AST_PCT,AST_TO,AST_RATIO,OREB_PCT,DREB_PCT,REB_PCT,TM_TOV_PCT,E_TOV_PCT,EFG_PCT,TS_PCT,USG_PCT,E_USG_PCT,E_PACE,PACE,PACE_PER40,sp_work_PACE,PIE,POSS,FGM_PG,FGA_PG,PLAYER_NAME
201985,AJ,1610612750,MIN,27.0,28,15,13,0.536,99.36833333333334,19,46,0.413,6,22,0.273,0,2,0.0,1,9,10,13,7,1,0,0,5,3,44,2,71.5,0,0,75.0,1,2013-14,3.5,92.7,89.1,89.1,94.8,88.2,88.2,-2.1,0.9,0.9,0.271,1.86,19.7,0.008,0.075,0.04,10.6,10.5,0.478,0.469,0.213,0.23,96.34,101.92,84.94,101.92,0.09,211,0.7,1.6,AJ Price
201166,Aaron,1610612743,DEN,29.0,72,42,30,0.583,1557.2716666666668,233,581,0.401,96,248,0.387,83,95,0.874,43,97,140,233,117,52,13,37,146,106,645,-95,1240.5,2,0,1244.0,2,2013-14,21.6,104.1,104.1,104.1,106.6,106.7,106.7,-2.5,-2.6,-2.6,0.238,1.99,23.9,0.027,0.061,0.044,12.0,12.0,0.484,0.518,0.201,0.205,99.89,99.82,83.18,99.82,0.079,3233,3.2,8.1,Aaron Brooks
201189,Aaron,1610612758,SAC,29.0,37,12,25,0.324,354.375,27,61,0.443,0,1,0.0,11,20,0.55,42,69,111,22,31,10,8,10,64,16,65,-84,254.2,0,0,234.0,2,2013-14,9.6,98.4,97.6,97.6,110.0,108.7,108.7,-11.6,-11.1,-11.1,0.092,0.71,17.7,0.113,0.199,0.154,25.0,25.2,0.443,0.466,0.122,0.125,96.6,97.52,81.27,97.52,0.044,718,0.7,1.6,Aaron Gray
203519,Adonis,1610612755,PHI,21.0,6,2,4,0.333,37.583333333333336,6,14,0.429,1,5,0.2,1,1,1.0,0,3,3,3,1,0,0,1,6,2,14,8,21.1,0,0,21.0,2,2013-14,6.3,105.7,108.2,108.2,94.9,91.0,91.0,10.8,17.2,17.2,0.115,3.0,16.7,0.0,0.079,0.041,5.6,5.4,0.464,0.485,0.176,0.184,95.48,96.43,80.35,96.43,0.04,73,1.0,2.3,Adonis Thomas
1733,Al,1610612764,WAS,34.0,34,20,14,0.588,511.365,82,207,0.396,34,100,0.34,27,35,0.771,15,65,80,28,34,14,0,10,72,40,225,46,371.0,0,0,395.0,1,2013-14,15.0,106.6,106.8,106.8,102.5,102.1,102.1,4.1,4.7,4.7,0.089,0.82,9.9,0.032,0.138,0.085,12.0,12.0,0.478,0.506,0.225,0.228,94.99,95.09,79.24,95.09,0.061,1012,2.4,6.1,Al Harrington
201143,Al,1610612737,ATL,28.0,29,16,13,0.552,957.73,238,420,0.567,4,11,0.364,58,85,0.682,66,178,244,76,64,27,44,14,56,67,538,73,1093.8,9,0,1004.0,1,2013-14,33.0,104.4,104.3,104.3,100.7,101.1,101.1,3.7,3.1,3.1,0.139,1.19,12.7,0.072,0.189,0.131,10.7,10.7,0.571,0.588,0.244,0.246,97.05,96.88,80.73,96.88,0.153,1939,8.2,14.5,Al Horford
2744,Al,1610612766,CHA,29.0,73,38,35,0.521,2553.238333333333,700,1376,0.509,3,15,0.2,191,277,0.69,156,636,792,155,124,67,79,74,176,212,1594,31,3090.9,42,0,2836.0,1,2013-14,35.0,102.7,103.6,103.6,101.5,103.1,103.1,1.2,0.5,0.5,0.122,1.25,8.7,0.063,0.247,0.156,7.0,7.0,0.51,0.532,0.293,0.297,94.5,93.39,77.82,93.39,0.17,4971,9.6,18.8,Al Jefferson
202329,Al-Farouq,1610612740,NOP,23.0,80,33,47,0.413,2045.4266666666667,234,494,0.474,13,48,0.271,91,137,0.664,129,367,496,114,88,82,38,48,147,115,572,-254,1610.2,5,0,1435.0,1,2013-14,25.6,103.7,103.4,103.4,107.5,108.8,108.8,-3.8,-5.4,-5.4,0.083,1.3,15.0,0.064,0.188,0.125,11.6,11.6,0.487,0.516,0.14,0.142,94.63,94.2,78.5,94.2,0.093,3997,2.9,6.2,Al-Farouq Aminu
101187,Alan,1610612751,BKN,31.0,78,43,35,0.551,1772.51,194,485,0.4,84,248,0.339,92,118,0.78,40,135,175,81,62,48,11,24,147,136,564,-52,1010.5,0,0,1022.0,1,2013-14,22.7,103.9,103.4,103.4,103.6,104.7,104.7,0.3,-1.2,-1.2,0.074,1.31,11.9,0.024,0.078,0.052,9.1,9.1,0.487,0.525,0.156,0.16,93.42,93.12,77.6,93.12,0.059,3434,2.5,6.2,Alan Anderson
202692,Alec,1610612762,UTA,22.0,78,24,54,0.308,2193.108333333333,380,831,0.457,50,143,0.35,279,373,0.748,59,198,257,212,149,69,14,67,190,310,1089,-286,1815.4,0,0,1774.0,1,2013-14,28.1,100.6,101.5,101.5,108.0,108.1,108.1,-7.4,-6.6,-6.6,0.168,1.42,15.6,0.027,0.095,0.06,11.0,11.0,0.487,0.547,0.232,0.235,94.15,93.68,78.06,93.68,0.101,4279,4.9,10.7,Alec Burks
203458,Alex,1610612756,PHX,21.0,42,24,18,0.571,362.28333333333336,33,78,0.423,0,0,0.0,20,31,0.645,39,60,99,4,26,4,18,7,68,25,86,-55,250.8,0,0,233.0,1,2013-14,8.6,100.1,98.2,98.2,106.1,106.4,106.4,-5.9,-8.2,-8.2,0.017,0.15,3.3,0.106,0.171,0.138,21.5,21.4,0.423,0.469,0.134,0.14,99.25,100.1,83.42,100.1,0.027,759,0.8,1.9,Alex Len
203144,Alexey,1610612750,MIN,25.0,63,28,35,0.444,664.0566666666666,76,237,0.321,30,102,0.294,68,90,0.756,21,60,81,68,48,26,16,15,36,75,250,-35,527.2,0,0,513.0,1,2013-14,10.5,98.6,97.6,97.6,102.2,100.5,100.5,-3.6,-2.9,-2.9,0.162,1.42,17.3,0.028,0.09,0.058,12.2,12.2,0.384,0.452,0.206,0.213,96.06,97.37,81.14,97.37,0.072,1349,1.2,3.8,Alexey Shved
201582,Alexis,1610612740,NOP,26.0,56,22,34,0.393,950.5783333333334,136,249,0.546,0,1,0.0,56,67,0.836,94,183,277,40,63,23,46,15,187,64,328,-101,864.4,3,0,783.0,1,2013-14,17.0,102.4,102.9,102.9,108.1,107.7,107.7,-5.7,-4.8,-4.8,0.067,0.63,10.5,0.106,0.201,0.154,16.5,16.5,0.546,0.589,0.163,0.166,93.66,93.64,78.04,93.64,0.084,1849,2.4,4.4,Alexis Ajinca
203459,Allen,1610612757,POR,22.0,15,12,3,0.8,99.77833333333334,12,33,0.364,6,14,0.429,3,4,0.75,1,8,9,6,3,2,1,2,10,5,33,2,58.8,0,0,60.0,1,2013-14,6.7,108.0,104.3,104.3,106.2,104.9,104.9,1.9,-0.5,-0.5,0.088,2.0,14.0,0.01,0.077,0.045,7.0,6.9,0.455,0.475,0.154,0.163,97.47,99.82,83.18,99.82,0.042,209,0.8,2.2,Allen Crabbe
202087,Alonzo,1610612739,CLE,27.0,65,29,36,0.446,1019.735,98,236,0.415,19,58,0.328,43,61,0.705,35,114,149,47,44,39,15,15,96,45,258,-228,625.3,0,0,581.0,1,2013-14,15.7,98.7,98.4,98.4,106.7,108.1,108.1,-8.0,-9.7,-9.7,0.071,1.07,13.2,0.033,0.11,0.071,12.4,12.4,0.456,0.491,0.132,0.134,97.22,96.71,80.59,96.71,0.053,2041,1.5,3.6,Alonzo Gee
2405,Amar'e,1610612752,NYK,31.0,65,26,39,0.4,1466.185,311,558,0.557,0,0,0.0,150,203,0.739,112,208,320,34,91,23,37,33,159,184,772,-158,1296.0,5,0,1246.0,1,2013-14,22.6,103.3,103.6,103.6,109.5,109.8,109.8,-6.1,-6.2,-6.2,0.044,0.37,4.4,0.08,0.155,0.117,11.8,11.8,0.557,0.596,0.236,0.239,90.93,90.67,75.56,90.67,0.12,2776,4.8,8.6,Amar'e Stoudemire
101161,Amir,1610612761,TOR,27.0,77,43,34,0.558,2213.8783333333336,344,612,0.562,20,66,0.303,91,143,0.636,172,333,505,115,123,56,88,37,271,152,799,189,1886.5,13,0,1727.0,1,2013-14,28.8,106.8,107.8,107.8,102.2,103.4,103.4,4.6,4.3,4.3,0.085,0.93,12.6,0.08,0.153,0.117,13.5,13.5,0.578,0.592,0.162,0.165,93.7,92.7,77.25,92.7,0.1,4277,4.5,7.9,Amir Johnson
2760,Anderson,1610612739,CLE,31.0,65,25,40,0.385,1800.2383333333332,227,459,0.495,0,7,0.0,92,135,0.681,187,442,629,140,72,69,39,25,164,152,546,63,1762.8,16,0,1531.0,1,2013-14,27.7,103.5,104.9,104.9,102.4,103.2,103.2,1.1,1.7,1.7,0.122,1.94,19.1,0.1,0.253,0.174,9.8,9.9,0.495,0.527,0.145,0.147,94.57,93.52,77.93,93.52,0.131,3509,3.5,7.1,Anderson Varejao
101154,Andray,1610612751,BKN,27.0,73,40,33,0.548,1618.128333333333,321,674,0.476,15,54,0.278,164,221,0.742,120,270,390,112,110,75,38,43,166,190,821,21,1686.0,6,0,1564.0,1,2013-14,22.2,105.9,106.2,106.2,105.5,105.6,105.6,0.4,0.6,0.6,0.126,1.02,11.3,0.079,0.176,0.127,11.1,11.1,0.487,0.532,0.248,0.252,94.46,94.29,78.57,94.29,0.124,3180,4.4,9.2,Andray Blatche
203083,Andre,1610612765,DET,20.0,81,29,52,0.358,2619.0783333333334,479,769,0.623,0,2,0.0,137,328,0.418,440,631,1071,35,110,101,131,44,273,259,1095,-233,3018.7,57,0,2665.0,1,2013-14,32.3,103.6,105.2,105.2,108.6,109.4,109.4,-5.0,-4.2,-4.2,0.021,0.32,3.3,0.157,0.253,0.202,10.3,10.4,0.623,0.599,0.166,0.167,96.7,95.57,79.64,95.57,0.135,5208,5.9,9.5,Andre Drummond
2738,Andre,1610612744,GSW,30.0,63,41,22,0.651,2039.7083333333333,220,458,0.48,62,175,0.354,86,132,0.652,53,240,293,263,100,95,18,21,103,130,588,567,1573.1,2,0,1432.0,1,2013-14,32.4,110.5,110.9,110.9,96.8,97.4,97.4,13.7,13.5,13.5,0.17,2.63,29.9,0.027,0.112,0.072,11.4,11.4,0.548,0.57,0.133,0.134,97.92,97.45,81.21,97.45,0.099,4145,3.5,7.3,Andre Iguodala
1889,Andre,1610612764,WAS,38.0,58,32,26,0.552,981.8766666666668,106,231,0.459,11,21,0.524,60,77,0.779,28,102,130,197,61,34,9,22,75,80,283,48,802.5,0,0,707.0,2,2013-14,16.9,103.6,103.2,103.2,100.1,101.0,101.0,3.6,2.2,2.2,0.307,3.23,37.7,0.029,0.1,0.066,11.7,11.7,0.483,0.534,0.148,0.152,93.84,93.57,77.97,93.57,0.118,1917,1.8,4.0,Andre Miller
203460,Andre,1610612760,OKC,22.0,40,30,10,0.75,399.04333333333335,33,68,0.485,2,13,0.154,7,10,0.7,36,58,94,15,19,19,10,5,74,14,75,26,278.3,0,0,244.0,1,2013-14,10.0,106.0,103.9,103.9,99.3,100.7,100.7,6.7,3.2,3.2,0.051,0.79,14.0,0.096,0.135,0.117,17.8,17.9,0.5,0.518,0.099,0.103,97.67,97.91,81.6,97.91,0.044,814,0.8,1.7,Andre Roberson
200745,Andrea,1610612752,NYK,28.0,42,15,27,0.357,1257.12,222,502,0.442,30,108,0.278,84,102,0.824,69,153,222,45,58,14,52,19,100,107,558,-123,1031.9,4,0,987.0,1,2013-14,29.9,100.8,101.6,101.6,107.1,107.7,107.7,-6.3,-6.1,-6.1,0.063,0.78,6.9,0.053,0.137,0.092,8.9,8.9,0.472,0.51,0.22,0.223,92.1,91.49,76.24,91.49,0.089,2407,5.3,12.0,Andrea Bargnani
1905,Andrei,1610612751,BKN,33.0,45,30,15,0.667,857.3083333333333,82,160,0.513,1,5,0.2,61,119,0.513,55,91,146,72,54,40,19,17,65,99,226,-50,632.2,1,0,563.0,1,2013-14,19.1,102.8,102.4,102.4,105.9,105.4,105.4,-3.1,-2.9,-2.9,0.131,1.33,21.1,0.068,0.116,0.092,15.8,16.0,0.516,0.532,0.142,0.144,93.4,93.75,78.13,93.75,0.079,1674,1.8,3.6,Andrei Kirilenko
101106,Andrew,1610612744,GSW,29.0,67,40,27,0.597,1769.4083333333333,235,375,0.627,0,0,0.0,22,64,0.344,182,489,671,112,97,47,121,14,210,96,492,311,1872.2,13,0,1611.0,1,2013-14,26.4,107.8,108.3,108.3,98.8,99.3,99.3,9.1,9.0,9.0,0.087,1.15,18.3,0.107,0.264,0.189,15.8,15.8,0.627,0.61,0.123,0.124,98.51,98.01,81.68,98.01,0.123,3606,3.5,5.6,Andrew Bogut
101115,Andrew,1610612754,IND,26.0,26,11,15,0.423,515.5116666666667,94,225,0.418,0,0,0.0,37,49,0.755,53,92,145,29,34,6,29,12,31,41,225,-135,513.5,2,0,469.0,2,2013-14,19.8,93.5,95.6,95.6,105.3,108.3,108.3,-11.8,-12.7,-12.7,0.099,0.85,9.4,0.095,0.174,0.133,11.0,11.0,0.418,0.456,0.237,0.24,97.5,95.11,79.26,95.11,0.102,1019,3.6,8.7,Andrew Bynum
203094,Andrew,1610612753,ORL,24.0,76,19,57,0.25,1173.5333333333333,180,420,0.429,28,89,0.315,47,57,0.825,53,202,255,25,51,18,23,13,150,74,435,-153,850.5,3,0,825.0,1,2013-14,15.4,96.5,95.5,95.5,102.3,102.3,102.3,-5.8,-6.8,-6.8,0.037,0.49,4.8,0.045,0.169,0.108,9.8,9.8,0.462,0.489,0.191,0.196,95.18,95.65,79.71,95.65,0.07,2342,2.4,5.5,Andrew Nicholson
2740,Andris,1610612762,UTA,28.0,6,0,6,0.0,44.583333333333336,1,1,1.0,0,0,0.0,1,6,0.167,2,15,17,0,2,0,0,0,6,5,3,2,21.4,0,0,20.0,1,2013-14,7.4,91.8,92.5,92.5,98.1,94.4,94.4,-6.3,-1.9,-1.9,0.0,0.0,0.0,0.0,0.319,0.0,33.3,35.5,1.0,0.412,0.056,0.053,96.49,97.97,81.64,97.97,0.047,93,0.2,0.2,Andris Biedrins
1712,Antawn,1610612746,LAC,38.0,22,15,7,0.682,247.55666666666667,29,92,0.315,8,41,0.195,18,25,0.72,9,46,55,7,7,9,3,3,29,19,84,55,189.5,0,0,178.0,1,2013-14,11.3,101.2,100.0,100.0,90.2,89.2,89.2,11.0,10.8,10.8,0.047,1.0,6.0,0.034,0.174,0.104,6.0,6.0,0.359,0.408,0.196,0.203,97.58,98.69,82.24,98.69,0.064,509,1.3,4.2,Antawn Jamison
203461,Anthony,1610612739,CLE,21.0,52,20,32,0.385,662.6383333333333,80,225,0.356,13,53,0.245,44,69,0.638,49,106,155,17,47,21,8,15,93,46,217,-83,468.5,2,0,460.0,1,2013-14,12.7,99.3,98.7,98.7,105.4,104.5,104.5,-6.1,-5.7,-5.7,0.043,0.36,5.3,0.068,0.16,0.112,14.6,14.7,0.384,0.425,0.194,0.199,97.5,98.19,81.82,98.19,0.037,1353,1.5,4.3,Anthony Bennett
203076,Anthony,1610612740,NOP,21.0,67,29,38,0.433,2357.7716666666665,522,1005,0.519,2,9,0.222,348,440,0.791,207,466,673,105,109,89,189,68,200,359,1394,-113,3084.1,36,0,2730.0,1,2013-14,35.2,105.4,106.6,106.6,107.1,108.7,108.7,-1.7,-2.1,-2.1,0.078,0.96,7.4,0.091,0.208,0.15,7.7,7.7,0.52,0.582,0.25,0.252,95.06,93.84,78.2,93.84,0.164,4601,7.8,15.0,Anthony Davis
201627,Anthony,1610612740,NOP,28.0,76,32,44,0.421,1425.753333333333,238,520,0.458,88,195,0.451,72,87,0.828,29,111,140,59,51,38,12,11,102,77,636,45,991.5,0,0,1023.0,1,2013-14,18.8,104.8,105.5,105.5,105.2,104.3,104.3,-0.4,1.2,1.2,0.069,1.16,9.0,0.02,0.081,0.05,7.7,7.6,0.542,0.57,0.188,0.193,93.42,93.49,77.91,93.49,0.087,2782,3.1,6.8,Anthony Morrow
201576,Anthony,1610612743,DEN,24.0,43,15,28,0.349,527.0033333333333,68,176,0.386,18,61,0.295,52,69,0.754,20,102,122,32,39,26,19,12,64,50,206,-114,496.4,0,0,468.0,1,2013-14,12.3,96.9,95.1,95.1,105.4,104.4,104.4,-8.5,-9.3,-9.3,0.104,0.82,11.6,0.036,0.185,0.11,14.1,14.1,0.438,0.499,0.196,0.202,100.95,102.33,85.27,102.33,0.091,1119,1.6,4.1,Anthony Randolph
201229,Anthony,1610612766,CHA,29.0,64,33,31,0.516,1298.1016666666667,129,307,0.42,102,247,0.413,33,41,0.805,33,135,168,42,23,19,15,7,82,56,393,77,736.6,0,0,773.0,1,2013-14,20.3,103.6,104.2,104.2,101.5,101.5,101.5,2.0,2.6,2.6,0.049,1.83,10.9,0.025,0.104,0.064,5.9,5.9,0.586,0.605,0.118,0.122,96.22,95.94,79.95,95.94,0.072,2599,2.0,4.8,Anthony Tolliver
203462,Archie,1610612756,PHX,19.0,52,32,20,0.615,532.88,76,167,0.455,5,36,0.139,37,55,0.673,25,62,87,20,44,20,11,18,45,55,194,-88,377.4,0,0,368.0,1,2013-14,10.2,97.7,97.2,97.2,105.4,105.1,105.1,-7.6,-7.9,-7.9,0.061,0.45,7.9,0.045,0.108,0.077,17.3,17.2,0.47,0.507,0.185,0.192,99.61,99.98,83.32,99.98,0.068,1110,1.5,3.2,Archie Goodwin
202620,Arinze,1610612739,CLE,26.0,5,2,3,0.4,30.15,1,5,0.2,0,0,0.0,1,2,0.5,2,6,8,3,1,0,0,1,3,3,3,-6,16.1,0,0,14.0,2,2013-14,6.0,105.6,101.6,101.6,121.8,118.6,118.6,-16.2,-17.1,-17.1,0.13,3.0,30.0,0.0,0.261,0.0,10.0,10.1,0.2,0.255,0.096,0.102,93.99,97.11,80.93,97.11,0.037,63,0.2,1.0,Arinze Onuaku
203102,Arnett,1610612755,PHI,23.0,12,0,12,0.0,187.06,16,38,0.421,0,0,0.0,4,5,0.8,11,24,35,2,7,8,4,4,22,5,36,-58,110.0,0,0,97.0,1,2013-14,15.6,96.7,96.6,96.6,112.9,112.4,112.4,-16.2,-15.9,-15.9,0.015,0.29,4.1,0.053,0.132,0.09,14.3,14.2,0.421,0.448,0.1,0.104,103.67,103.92,86.6,103.92,0.037,408,1.3,3.2,Arnett Moultrie
203382,Aron,1610612759,SAS,27.0,53,41,12,0.774,490.8083333333333,71,163,0.436,0,0,0.0,19,21,0.905,57,88,145,34,36,2,5,17,77,37,161,27,371.0,0,0,354.0,1,2013-14,9.3,108.3,106.0,106.0,104.5,102.7,102.7,3.8,3.3,3.3,0.103,0.94,14.0,0.119,0.186,0.152,14.9,14.9,0.436,0.467,0.184,0.191,96.5,98.38,81.99,98.38,0.061,1003,1.3,3.1,Aron Baynes
201167,Arron,1610612753,ORL,28.0,73,21,52,0.288,2552.3416666666667,464,1011,0.459,128,300,0.427,274,336,0.815,32,230,262,248,146,35,3,59,136,241,1330,-365,1984.4,1,0,2044.0,1,2013-14,35.0,99.5,100.7,100.7,107.0,108.0,108.0,-7.5,-7.4,-7.4,0.169,1.7,16.1,0.013,0.092,0.052,9.5,9.4,0.522,0.574,0.228,0.233,95.93,94.93,79.11,94.93,0.106,5051,6.4,13.8,Arron Afflalo
201948,Austin,1610612759,SAS,26.0,22,16,6,0.727,148.22333333333333,24,68,0.353,12,37,0.324,6,10,0.6,5,22,27,8,5,4,4,1,18,8,66,2,129.4,0,0,129.0,2,2013-14,6.7,108.0,106.2,106.2,109.2,106.3,106.3,-1.1,0.0,0.0,0.081,1.6,9.3,0.034,0.156,0.093,5.8,5.9,0.441,0.456,0.224,0.23,96.63,98.77,82.31,98.77,0.062,306,1.1,3.1,Austin Daye
203085,Austin,1610612740,NOP,21.0,69,27,42,0.391,1338.685,192,474,0.405,36,99,0.364,110,173,0.636,26,103,129,160,77,45,9,50,134,134,530,-16,1009.8,1,0,963.0,1,2013-14,19.4,107.0,106.7,106.7,106.6,106.7,106.7,0.5,0.0,0.0,0.193,2.08,20.3,0.02,0.08,0.05,9.8,9.8,0.443,0.482,0.209,0.215,93.87,93.94,78.29,93.94,0.067,2613,2.8,6.9,Austin Rivers
202340,Avery,1610612738,BOS,23.0,60,19,41,0.317,1855.095,361,825,0.438,79,200,0.395,90,112,0.804,48,178,226,85,96,63,11,43,145,106,891,-127,1415.7,1,0,1429.0,1,2013-14,30.9,100.5,102.1,102.1,104.3,104.2,104.2,-3.8,-2.1,-2.1,0.079,0.89,8.1,0.025,0.097,0.061,9.1,9.1,0.485,0.51,0.231,0.233,96.32,95.62,79.68,95.62,0.082,3672,6.0,13.8,Avery Bradley
2732,Ben,1610612766,CHA,31.0,19,8,11,0.421,278.76166666666666,37,108,0.343,8,29,0.276,17,21,0.81,3,24,27,21,21,10,2,10,18,21,99,19,177.9,0,0,179.0,1,2013-14,14.7,96.8,99.8,99.8,94.3,95.6,95.6,2.5,4.2,4.2,0.122,1.0,13.3,0.01,0.082,0.044,13.3,13.2,0.38,0.422,0.219,0.221,96.29,94.19,78.49,94.19,0.05,545,1.9,5.7,Ben Gordon
203463,Ben,1610612758,SAC,21.0,82,28,54,0.341,2186.9066666666668,255,679,0.376,95,297,0.32,115,143,0.804,53,182,235,82,96,45,18,43,201,123,720,-206,1218.0,0,0,1258.0,1,2013-14,26.7,101.8,103.6,103.6,107.6,108.1,108.1,-5.7,-4.5,-4.5,0.058,0.85,8.9,0.024,0.086,0.054,10.5,10.4,0.446,0.485,0.166,0.168,97.26,96.19,80.16,96.19,0.042,4378,3.1,8.3,Ben McLemore
2757,Beno,1610612763,MEM,31.0,41,18,23,0.439,642.9166666666666,78,178,0.438,19,42,0.452,25,30,0.833,10,49,59,116,47,23,4,7,50,40,200,-104,478.8,1,0,448.0,2,2013-14,15.7,102.6,102.5,102.5,111.2,111.4,111.4,-8.6,-8.9,-8.9,0.278,2.47,32.6,0.015,0.085,0.048,13.2,13.3,0.492,0.523,0.167,0.169,94.12,94.07,78.39,94.07,0.086,1264,1.9,4.3,Beno Udrih
203108,Bernard,1610612742,DAL,29.0,30,17,13,0.567,146.005,11,23,0.478,0,1,0.0,6,11,0.545,15,27,42,3,10,3,8,4,24,13,28,-4,105.9,0,0,95.0,1,2013-14,4.9,101.3,98.4,98.4,104.1,99.7,99.7,-2.8,-1.3,-1.3,0.029,0.3,7.7,0.105,0.178,0.142,25.6,24.5,0.478,0.503,0.106,0.117,98.0,101.59,84.65,101.59,0.042,309,0.4,0.8,Bernard James
202687,Bismack,1610612766,CHA,21.0,77,42,35,0.545,1072.4566666666667,88,144,0.611,0,0,0.0,46,89,0.517,105,261,366,8,40,7,86,21,124,84,222,-40,912.2,1,0,782.0,1,2013-14,13.9,98.0,98.9,98.9,100.6,100.9,100.9,-2.5,-1.9,-1.9,0.012,0.2,3.4,0.094,0.235,0.165,17.2,17.3,0.611,0.606,0.094,0.096,93.94,93.36,77.8,93.36,0.099,2086,1.1,1.9,Bismack Biyombo
201933,Blake,1610612746,LAC,25.0,80,56,24,0.7,2863.3016666666667,718,1359,0.528,12,44,0.273,482,674,0.715,192,565,757,309,224,92,51,67,265,581,1930,571,3506.9,43,1,3294.0,1,2013-14,35.8,111.2,112.9,112.9,101.6,103.1,103.1,9.6,9.8,9.8,0.185,1.38,14.2,0.07,0.191,0.133,10.3,10.2,0.533,0.583,0.286,0.289,98.4,96.96,80.8,96.96,0.162,5787,9.0,17.0,Blake Griffin
2564,Boris,1610612759,SAS,32.0,79,60,19,0.759,1974.0716666666667,302,580,0.521,45,112,0.402,68,92,0.739,74,252,326,222,121,44,32,23,140,109,717,317,1548.2,2,0,1462.0,1,2013-14,25.0,109.3,109.6,109.6,101.3,101.3,101.3,8.0,8.3,8.3,0.162,1.83,23.1,0.041,0.126,0.085,12.6,12.6,0.559,0.578,0.167,0.171,97.26,97.1,80.92,97.1,0.098,3986,3.8,7.3,Boris Diaw
203078,Bradley,1610612764,WAS,21.0,73,40,33,0.548,2530.018333333333,481,1149,0.419,138,343,0.402,149,189,0.788,54,219,273,243,128,71,18,40,153,171,1249,110,2080.1,1,0,2081.0,1,2013-14,34.7,103.8,104.8,104.8,101.8,102.7,102.7,2.0,2.0,2.0,0.155,1.9,15.2,0.022,0.09,0.056,8.0,8.0,0.479,0.507,0.24,0.244,94.96,94.11,78.43,94.11,0.095,4965,6.6,15.7,Bradley Beal
201148,Brandan,1610612742,DAL,26.0,58,36,22,0.621,1077.385,224,331,0.677,0,0,0.0,77,106,0.726,102,142,244,31,35,32,55,17,94,78,525,122,1090.3,2,0,974.0,1,2013-14,18.6,114.3,111.5,111.5,108.0,106.2,106.2,6.3,5.3,5.3,0.046,0.89,7.0,0.103,0.139,0.121,7.9,7.9,0.677,0.695,0.172,0.178,93.43,95.36,79.47,95.36,0.137,2144,3.9,5.7,Brandan Wright
101138,Brandon,1610612738,BOS,29.0,82,25,57,0.305,2266.398333333333,352,725,0.486,2,6,0.333,205,239,0.858,161,309,470,87,102,36,71,48,190,192,911,-399,1824.5,5,0,1684.0,1,2013-14,27.6,98.3,99.3,99.3,106.3,107.1,107.1,-8.0,-7.8,-7.8,0.065,0.85,8.5,0.071,0.143,0.106,10.0,10.0,0.487,0.549,0.184,0.186,95.58,94.73,78.94,94.73,0.099,4449,4.3,8.8,Brandon Bass
203561,Brandon,1610612755,PHI,22.0,51,15,36,0.294,575.0283333333333,54,128,0.422,2,10,0.2,34,53,0.642,38,71,109,28,35,24,8,11,92,59,144,-32,377.8,0,0,347.0,1,2013-14,11.3,97.5,97.5,97.5,102.6,99.6,99.6,-5.1,-2.1,-2.1,0.074,0.8,13.0,0.062,0.127,0.093,16.3,16.3,0.43,0.476,0.136,0.14,99.38,100.88,84.07,100.88,0.04,1205,1.1,2.5,Brandon Davies
201943,Brandon,1610612765,DET,24.0,80,28,52,0.35,2728.113333333333,423,1135,0.373,154,457,0.337,241,321,0.751,59,185,244,609,215,101,8,44,157,229,1241,-184,2559.3,18,0,2466.0,1,2013-14,34.1,103.8,105.8,105.8,108.1,108.9,108.9,-4.3,-3.1,-3.1,0.334,2.83,29.1,0.02,0.069,0.043,10.3,10.2,0.441,0.486,0.228,0.232,98.19,96.91,80.76,96.91,0.1,5502,5.3,14.2,Brandon Jennings
202688,Brandon,1610612749,MIL,22.0,72,13,59,0.181,2400.083333333333,461,1092,0.422,110,338,0.325,259,323,0.802,46,209,255,352,188,69,17,59,146,326,1291,-442,2195.0,4,0,2180.0,1,2013-14,33.3,101.3,102.7,102.7,110.5,111.3,111.3,-9.3,-8.6,-8.6,0.262,1.87,19.9,0.019,0.092,0.054,10.6,10.6,0.473,0.523,0.263,0.267,94.63,93.68,78.06,93.68,0.111,4666,6.4,15.2,Brandon Knight
201575,Brandon,1610612762,UTA,28.0,38,13,25,0.342,417.9683333333333,30,90,0.333,16,47,0.34,3,5,0.6,5,39,44,24,20,5,9,5,31,8,79,-94,189.8,0,0,191.0,1,2013-14,11.0,96.3,96.4,96.4,108.6,106.9,106.9,-12.3,-10.5,-10.5,0.085,1.2,17.8,0.011,0.095,0.052,14.8,14.7,0.422,0.428,0.116,0.121,94.08,94.8,79.0,94.8,0.031,822,0.8,2.4,Brandon Rush
203148,Brian,1610612740,NOP,28.0,72,28,44,0.389,1666.8083333333334,244,581,0.42,64,178,0.36,125,133,0.94,17,119,136,234,95,43,7,30,132,131,677,-135,1246.2,0,0,1211.0,1,2013-14,23.2,102.6,102.8,102.8,107.3,107.1,107.1,-4.8,-4.3,-4.3,0.226,2.46,24.3,0.011,0.074,0.043,9.9,9.8,0.475,0.529,0.198,0.203,94.19,94.2,78.5,94.2,0.09,3274,3.4,8.1,Brian Roberts
201572,Brook,1610612751,BKN,26.0,17,7,10,0.412,533.41,129,229,0.563,0,1,0.0,94,115,0.817,39,63,102,16,28,9,30,13,52,87,352,-21,587.4,0,0,548.0,1,2013-14,31.4,102.5,102.9,102.9,102.7,105.1,105.1,-0.3,-2.2,-2.2,0.059,0.57,4.9,0.078,0.113,0.096,8.6,8.7,0.563,0.629,0.265,0.269,94.51,93.23,77.69,93.23,0.153,1037,7.6,13.5,Brook Lopez
201957,Byron,1610612755,PHI,25.0,45,16,29,0.356,414.41833333333335,73,165,0.442,33,89,0.371,10,20,0.5,24,68,92,14,27,15,11,11,64,19,189,-141,371.4,0,0,380.0,2,2013-14,9.2,96.9,95.7,95.7,114.8,112.2,112.2,-17.9,-16.4,-16.4,0.06,0.52,6.5,0.054,0.172,0.109,12.5,12.6,0.542,0.544,0.205,0.211,98.39,100.13,83.44,100.13,0.075,865,1.6,3.7,Byron Mullens
201228,C.J.,1610612754,IND,30.0,63,48,15,0.762,1193.2816666666668,146,334,0.437,53,145,0.366,69,88,0.784,19,82,101,107,60,60,8,13,66,99,414,137,839.7,0,0,811.0,1,2013-14,18.9,100.7,100.8,100.8,93.6,94.6,94.6,7.1,6.2,6.2,0.144,1.78,19.8,0.016,0.065,0.041,11.1,11.1,0.516,0.555,0.159,0.163,97.4,96.8,80.67,96.8,0.096,2400,2.3,5.3,C.J. Watson
203468,CJ,1610612757,POR,22.0,38,21,17,0.553,475.74,74,178,0.416,30,80,0.375,23,34,0.676,7,41,48,27,35,14,2,11,53,27,201,-20,312.1,0,0,338.0,1,2013-14,12.5,101.3,102.3,102.3,105.3,104.3,104.3,-4.0,-2.1,-2.1,0.089,0.77,10.5,0.013,0.081,0.047,13.7,13.7,0.5,0.521,0.201,0.205,98.26,98.27,81.89,98.27,0.054,974,1.9,4.7,CJ McCollum
101139,CJ,1610612739,CLE,27.0,51,21,30,0.412,984.1233333333332,178,409,0.435,83,211,0.393,64,75,0.853,18,85,103,52,44,46,15,15,103,64,503,45,843.6,0,0,863.0,1,2013-14,19.3,104.1,104.7,104.7,102.0,102.8,102.8,2.1,1.9,1.9,0.088,1.18,9.7,0.017,0.089,0.052,8.2,8.2,0.537,0.569,0.213,0.217,96.37,95.72,79.77,95.72,0.092,1966,3.5,8.0,CJ Miles
201171,Carl,1610612758,SAC,30.0,18,5,13,0.278,232.96666666666667,31,60,0.517,0,0,0.0,14,17,0.824,15,42,57,5,9,3,1,4,34,19,76,-66,154.9,0,0,146.0,1,2013-14,12.9,98.2,98.3,98.3,111.9,110.6,110.6,-13.7,-12.3,-12.3,0.036,0.56,6.3,0.064,0.177,0.121,11.3,11.0,0.517,0.563,0.139,0.144,97.46,97.97,81.64,97.97,0.079,472,1.7,3.3,Carl Landry
2430,Carlos,1610612741,CHI,32.0,76,43,33,0.566,2141.123333333333,447,980,0.456,0,2,0.0,148,193,0.767,137,495,632,118,154,53,22,89,216,152,1042,-30,2048.4,25,0,1942.0,1,2013-14,28.2,97.7,99.8,99.8,99.2,100.8,100.8,-1.5,-1.0,-1.0,0.105,0.77,8.8,0.063,0.239,0.149,11.5,11.5,0.456,0.489,0.257,0.259,94.5,92.74,77.29,92.74,0.12,4143,5.9,12.9,Carlos Boozer
2546,Carmelo,1610612752,NYK,30.0,77,35,42,0.455,2981.7316666666666,743,1643,0.452,167,415,0.402,459,541,0.848,145,477,622,242,198,95,51,71,224,438,2112,104,3461.4,22,0,3435.0,1,2013-14,38.7,106.8,108.3,108.3,105.9,107.1,107.1,0.9,1.3,1.3,0.156,1.22,10.5,0.049,0.171,0.108,8.6,8.5,0.503,0.561,0.318,0.323,92.51,91.35,76.12,91.35,0.162,5689,9.6,21.3,Carmelo Anthony
2406,Caron,1610612760,OKC,34.0,56,21,35,0.375,1419.05,213,540,0.394,98,249,0.394,63,75,0.84,21,208,229,82,60,47,17,13,120,59,587,-152,1116.8,2,0,1124.0,2,2013-14,25.3,102.1,102.5,102.5,107.9,107.8,107.8,-5.8,-5.3,-5.3,0.099,1.37,11.5,0.015,0.149,0.082,8.4,8.4,0.485,0.512,0.2,0.204,95.72,95.59,79.66,95.59,0.086,2825,3.8,9.6,Caron Butler
203467,Carrick,1610612739,CLE,23.0,7,2,5,0.286,38.1,7,14,0.5,2,5,0.4,3,4,0.75,1,5,6,4,4,0,0,1,4,5,19,4,28.2,0,0,31.0,1,2013-14,5.4,109.6,108.5,108.5,104.8,101.2,101.2,4.7,7.3,7.3,0.143,1.0,16.7,0.033,0.128,0.087,16.7,16.8,0.571,0.603,0.217,0.221,102.25,104.57,87.14,104.57,0.087,82,1.0,2.0,Carrick Felix
201858,Cartier,1610612737,ATL,29.0,59,27,32,0.458,869.835,111,264,0.42,59,151,0.391,48,65,0.738,13,97,110,33,34,27,7,9,71,61,329,-126,578.5,0,0,599.0,2,2013-14,14.7,97.6,96.2,96.2,104.1,103.2,103.2,-6.5,-7.0,-7.0,0.064,0.97,9.2,0.015,0.115,0.064,9.5,9.5,0.532,0.562,0.166,0.173,96.45,97.62,81.35,97.62,0.075,1768,1.9,4.5,Cartier Martin
203810,Casper,1610612755,PHI,24.0,9,3,6,0.333,115.76333333333334,18,42,0.429,7,21,0.333,5,6,0.833,0,9,9,10,5,8,0,1,11,9,48,-5,92.8,0,0,90.0,1,2013-14,12.9,102.2,99.6,99.6,101.1,100.8,100.8,1.0,-1.2,-1.2,0.135,2.0,16.7,0.0,0.077,0.04,8.3,8.4,0.512,0.538,0.188,0.196,99.75,101.17,84.31,101.17,0.091,243,2.0,4.7,Casper Ware
202718,Chandler,1610612745,HOU,25.0,74,50,24,0.676,2782.5783333333334,466,987,0.472,130,351,0.37,164,221,0.742,69,340,409,298,144,88,29,64,168,195,1226,323,2370.8,7,0,2297.0,1,2013-14,37.6,110.2,111.2,111.2,104.0,105.8,105.8,6.3,5.4,5.4,0.168,2.07,19.6,0.027,0.117,0.074,9.5,9.4,0.538,0.565,0.191,0.194,98.65,97.39,81.15,97.39,0.111,5653,6.3,13.3,Chandler Parsons
101112,Channing,1610612756,PHX,31.0,82,48,34,0.585,2312.305,336,778,0.432,160,432,0.37,78,95,0.821,73,343,416,98,89,60,63,15,245,121,910,297,1836.2,0,0,1830.0,1,2013-14,28.2,110.4,111.2,111.2,104.4,104.9,104.9,6.0,6.4,6.4,0.061,1.1,9.7,0.032,0.149,0.091,8.8,8.8,0.535,0.555,0.172,0.174,97.56,96.94,80.79,96.94,0.082,4670,4.1,9.5,Channing Frye
101111,Charlie,1610612765,DET,29.0,20,5,15,0.25,179.67666666666668,35,92,0.38,14,56,0.25,8,14,0.571,6,28,34,6,7,4,5,3,16,9,92,-72,161.8,0,0,164.0,1,2013-14,9.0,94.0,95.3,95.3,117.2,116.6,116.6,-23.3,-21.3,-21.3,0.063,0.86,5.4,0.026,0.163,0.085,6.3,6.3,0.457,0.469,0.246,0.25,96.04,95.64,79.7,95.64,0.081,360,1.8,4.6,Charlie Villanueva
201978,Chase,1610612750,MIN,26.0,41,21,20,0.512,750.7866666666666,100,254,0.394,42,120,0.35,32,39,0.821,19,84,103,31,24,19,2,9,58,36,274,0,483.1,0,0,492.0,1,2013-14,18.3,105.4,106.4,106.4,106.3,106.2,106.2,-0.9,0.1,0.1,0.063,1.29,9.5,0.024,0.107,0.065,7.3,7.4,0.476,0.505,0.17,0.172,97.01,96.6,80.5,96.6,0.066,1510,2.4,6.2,Chase Budinger
1497,Chauncey,1610612765,DET,37.0,19,7,12,0.368,309.47,24,79,0.304,14,48,0.292,10,12,0.833,4,24,28,42,25,8,1,2,25,17,72,-42,170.6,0,0,174.0,1,2013-14,16.3,99.5,100.3,100.3,106.7,107.3,107.3,-7.2,-7.0,-7.0,0.196,1.68,27.6,0.012,0.082,0.046,16.4,16.5,0.392,0.427,0.152,0.153,96.03,95.31,79.43,95.31,0.04,615,1.3,4.2,Chauncey Billups
2365,Chris,1610612748,MIA,35.0,72,49,23,0.681,1396.0216666666668,177,275,0.644,3,12,0.25,120,169,0.71,129,250,379,19,53,32,97,16,162,159,477,162,1294.3,1,0,1136.0,1,2013-14,19.4,107.7,107.2,107.2,100.6,100.6,100.6,7.0,6.6,6.6,0.021,0.36,4.5,0.108,0.186,0.149,12.5,12.6,0.649,0.683,0.136,0.138,91.96,92.18,76.82,92.18,0.118,2674,2.5,3.8,Chris Andersen
203569,Chris,1610612738,BOS,24.0,14,3,11,0.214,132.33,8,30,0.267,6,27,0.222,0,0,0.0,4,13,17,3,3,6,0,0,13,4,22,-17,61.9,0,0,60.0,1,2013-14,9.5,98.9,97.0,97.0,101.3,101.5,101.5,-2.4,-4.5,-4.5,0.034,1.0,8.3,0.027,0.102,0.062,8.3,8.3,0.367,0.367,0.109,0.113,95.47,96.3,80.25,96.3,0.021,263,0.6,2.1,Chris Babb
2547,Chris,1610612748,MIA,30.0,79,53,26,0.671,2531.3516666666665,492,953,0.516,74,218,0.339,223,272,0.82,98,424,522,87,125,80,78,32,192,202,1281,447,2386.9,6,0,2280.0,1,2013-14,32.0,110.6,110.9,110.9,100.8,102.0,102.0,9.8,8.9,8.9,0.056,0.7,6.8,0.047,0.175,0.115,9.7,9.7,0.555,0.597,0.224,0.226,93.51,92.83,77.36,92.83,0.126,4901,6.2,12.1,Chris Bosh
203142,Chris,1610612754,IND,30.0,41,25,16,0.61,264.61,55,117,0.47,33,79,0.418,10,14,0.714,7,25,32,18,14,3,7,6,38,12,153,-6,234.4,0,0,256.0,1,2013-14,6.5,105.8,103.6,103.6,109.7,107.3,107.3,-3.9,-3.7,-3.7,0.124,1.29,11.6,0.027,0.098,0.062,9.0,9.0,0.611,0.621,0.228,0.239,93.81,95.87,79.89,95.87,0.097,535,1.3,2.9,Chris Copeland
201604,Chris,1610612766,CHA,27.0,49,27,22,0.551,1015.52,111,252,0.44,51,132,0.386,66,82,0.805,16,103,119,51,36,29,16,11,61,65,339,-10,657.3,0,0,650.0,1,2013-14,20.7,102.8,102.2,102.2,102.3,102.6,102.6,0.6,-0.4,-0.4,0.081,1.42,13.7,0.016,0.1,0.058,9.7,9.6,0.542,0.588,0.143,0.148,94.85,94.96,79.13,94.96,0.082,2008,2.3,5.1,Chris Douglas-Roberts
203187,Chris,1610612738,BOS,24.0,40,11,29,0.275,789.1483333333333,85,214,0.397,43,127,0.339,37,43,0.86,31,66,97,31,22,27,4,14,63,38,250,15,483.9,0,0,483.0,1,2013-14,19.7,102.7,103.1,103.1,104.0,102.2,102.2,-1.3,0.9,0.9,0.059,1.41,10.8,0.037,0.089,0.062,7.7,7.7,0.498,0.537,0.137,0.14,95.41,96.01,80.01,96.01,0.066,1579,2.1,5.4,Chris Johnson
2549,Chris,1610612747,LAL,32.0,39,13,26,0.333,735.975,176,346,0.509,0,3,0.0,52,68,0.765,54,175,229,58,74,11,40,18,93,53,404,-60,844.8,6,0,793.0,1,2013-14,18.9,99.9,100.0,100.0,103.7,103.7,103.7,-3.8,-3.7,-3.7,0.14,0.78,11.4,0.071,0.214,0.145,14.5,14.6,0.509,0.537,0.26,0.263,101.74,101.68,84.73,101.68,0.121,1558,4.5,8.9,Chris Kaman
101108,Chris,1610612746,LAC,29.0,62,44,18,0.71,2170.983333333333,406,870,0.467,78,212,0.368,295,345,0.855,38,230,268,663,145,154,4,32,157,276,1185,530,2830.1,39,0,2510.0,1,2013-14,35.0,111.6,113.2,113.2,100.1,101.9,101.9,11.6,11.3,11.3,0.459,4.57,36.4,0.018,0.101,0.061,8.0,7.9,0.511,0.58,0.23,0.234,99.79,98.17,81.81,98.17,0.179,4453,6.5,14.0,Chris Paul
202698,Chris,1610612764,WAS,24.0,25,13,12,0.52,249.96833333333333,25,67,0.373,7,19,0.368,18,25,0.72,18,37,55,6,17,9,3,5,25,22,75,-65,169.0,0,0,167.0,1,2013-14,10.0,91.2,91.9,91.9,106.1,103.4,103.4,-14.9,-11.5,-11.5,0.043,0.35,5.9,0.064,0.167,0.11,16.7,16.8,0.425,0.481,0.167,0.168,94.93,95.82,79.85,95.82,0.062,495,1.0,2.7,Chris Singleton
203147,Chris,1610612752,NYK,26.0,2,0,2,0.0,1.9566666666666668,0,0,0.0,0,0,0.0,0,0,0.0,0,0,0,0,0,0,0,0,0,0,0,-3,0.0,0,0,0.0,1,2013-14,1.0,104.2,100.0,100.0,202.7,225.0,225.0,-98.5,-125.0,-125.0,0.0,0.0,0.0,0.0,0.0,0.0,0.0,0.0,0.0,0.0,0.0,0.0,125.11,122.66,102.21,122.66,0.0,6,0.0,0.0,Chris Smith
202874,Chris,1610612749,MIL,25.0,8,1,7,0.125,125.50666666666666,21,35,0.6,0,1,0.0,6,15,0.4,10,10,20,5,5,7,5,3,17,12,48,-25,110.5,0,0,97.0,1,2013-14,15.7,108.4,107.5,107.5,113.9,113.4,113.4,-5.4,-5.8,-5.8,0.058,1.0,9.8,0.09,0.078,0.084,9.8,9.7,0.6,0.577,0.161,0.167,97.85,98.48,82.07,98.48,0.072,253,2.6,4.4,Chris Wright
101236,Chuck,1610612761,TOR,31.0,61,33,28,0.541,753.3616666666667,56,130,0.431,0,1,0.0,20,25,0.8,69,141,210,35,33,34,12,16,95,33,132,61,541.5,1,0,469.0,2,2013-14,12.4,105.1,104.2,104.2,100.5,99.9,99.9,4.6,4.3,4.3,0.069,1.06,16.7,0.089,0.195,0.14,15.8,15.8,0.431,0.468,0.101,0.104,94.2,94.84,79.03,94.84,0.073,1487,0.9,2.1,Chuck Hayes
203469,Cody,1610612766,CHA,21.0,82,43,39,0.524,1416.6816666666666,172,404,0.426,0,1,0.0,146,200,0.73,118,235,353,92,87,40,41,43,170,163,490,-85,1207.6,1,0,1097.0,1,2013-14,17.3,98.6,98.5,98.5,100.8,101.6,101.6,-2.2,-3.0,-3.0,0.106,1.06,13.6,0.08,0.159,0.12,12.9,13.0,0.426,0.498,0.178,0.182,97.4,97.07,80.89,97.07,0.086,2866,2.1,4.9,Cody Zeller
202332,Cole,1610612752,NYK,25.0,46,26,20,0.565,330.01666666666665,33,61,0.541,0,0,0.0,26,30,0.867,37,92,129,14,18,8,30,4,40,21,92,-16,363.8,3,0,311.0,1,2013-14,7.2,106.0,104.3,104.3,107.2,105.7,105.7,-1.2,-1.5,-1.5,0.063,0.78,13.1,0.113,0.279,0.197,16.8,16.9,0.541,0.62,0.124,0.128,94.28,95.7,79.75,95.7,0.137,655,0.7,1.3,Cole Aldrich
201147,Corey,1610612750,MIN,28.0,81,40,41,0.494,2609.353333333333,388,807,0.481,59,211,0.28,163,227,0.718,63,144,207,135,105,151,30,43,210,191,998,333,1886.9,0,0,1761.0,1,2013-14,32.2,108.7,110.4,110.4,104.0,104.5,104.5,4.7,5.9,5.9,0.075,1.29,11.8,0.023,0.056,0.039,9.2,9.2,0.517,0.55,0.159,0.162,101.88,100.86,84.05,100.86,0.066,5487,4.8,10.0,Corey Brewer
202709,Cory,1610612759,SAS,22.0,68,52,16,0.765,935.98,126,265,0.475,12,38,0.316,79,96,0.823,32,75,107,114,43,35,14,18,84,79,343,-3,746.4,0,0,674.0,1,2013-14,13.8,106.1,104.3,104.3,104.5,104.3,104.3,1.6,0.1,0.1,0.18,2.65,24.6,0.038,0.079,0.06,9.3,9.3,0.498,0.558,0.167,0.173,96.24,97.18,80.98,97.18,0.088,1893,1.9,3.9,Cory Joseph
201584,Courtney,1610612763,MEM,28.0,79,47,32,0.595,1972.9633333333331,295,614,0.48,72,194,0.371,99,112,0.884,29,158,187,115,73,65,28,27,127,77,761,68,1363.9,0,0,1321.0,2,2013-14,25.0,101.2,102.3,102.3,100.5,101.0,101.0,0.7,1.3,1.3,0.093,1.58,13.7,0.015,0.083,0.049,8.7,8.6,0.539,0.574,0.168,0.173,92.32,91.59,76.32,91.59,0.094,3773,3.7,7.8,Courtney Lee
201571,D.J.,1610612741,CHI,26.0,71,44,27,0.62,1938.6433333333332,298,718,0.415,133,332,0.401,201,227,0.885,15,115,130,313,125,53,3,51,147,195,930,61,1598.5,2,0,1618.0,2,2013-14,27.3,101.2,102.5,102.5,100.1,101.1,101.1,1.1,1.4,1.4,0.297,2.5,25.1,0.008,0.059,0.034,10.0,10.0,0.508,0.569,0.221,0.227,92.16,91.16,75.97,91.16,0.117,3687,4.2,10.1,D.J. Augustin
203474,DJ,1610612749,MIL,23.0,3,0,3,0.0,14.631666666666666,3,7,0.429,0,0,0.0,1,1,1.0,1,4,5,0,0,0,0,1,0,1,7,1,13.0,0,0,12.0,1,2013-14,4.9,77.7,78.6,78.6,84.8,80.8,80.8,-7.1,-2.2,-2.2,0.0,0.0,0.0,0.0,0.308,0.0,0.0,0.0,0.429,0.47,0.2,0.217,87.07,88.58,73.81,88.58,0.224,28,1.0,2.3,DJ Stephens
201591,DJ,1610612766,CHA,27.0,2,2,0,1.0,10.183333333333334,0,1,0.0,0,0,0.0,0,0,0.0,0,2,2,0,0,1,0,0,1,0,0,-2,5.4,0,0,4.0,1,2013-14,5.1,133.3,127.3,127.3,147.9,142.9,142.9,-14.6,-15.6,-15.6,0.0,0.0,0.0,0.0,0.0,0.0,0.0,0.0,0.0,0.0,0.037,0.04,97.29,101.34,84.45,101.34,0.018,22,0.0,0.5,DJ White
203081,Damian,1610612757,POR,23.0,82,54,28,0.659,2936.615,553,1304,0.424,218,554,0.394,371,426,0.871,35,253,288,457,193,64,22,85,197,325,1695,358,2791.1,6,0,2830.0,1,2013-14,35.8,110.4,111.5,111.5,105.1,105.5,105.5,5.4,6.0,6.0,0.249,2.37,21.5,0.012,0.082,0.047,9.1,9.0,0.508,0.568,0.244,0.25,97.8,97.16,80.97,97.16,0.117,5946,6.7,15.9,Damian Lillard
202345,Damion,1610612759,SAS,26.0,5,1,4,0.2,50.355,2,9,0.222,0,2,0.0,2,2,1.0,1,11,12,3,1,0,1,0,3,3,6,12,26.9,0,0,23.0,1,2013-14,10.1,114.0,113.7,113.7,107.8,102.0,102.0,6.2,11.8,11.8,0.071,3.0,21.4,0.0,0.229,0.0,7.1,7.2,0.222,0.304,0.095,0.095,94.47,97.23,81.02,97.23,0.051,102,0.4,1.8,Damion James
202350,Daniel,1610612755,PHI,23.0,22,7,15,0.318,250.8033333333333,21,47,0.447,0,0,0.0,23,30,0.767,16,45,61,15,18,6,16,7,38,30,65,-35,208.7,1,0,185.0,1,2013-14,11.4,92.4,93.1,93.1,101.0,100.2,100.2,-8.6,-7.1,-7.1,0.097,0.83,16.3,0.059,0.184,0.118,19.6,19.3,0.447,0.54,0.126,0.131,101.69,101.72,84.77,101.72,0.074,533,1.0,2.1,Daniel Orton
101122,Danny,1610612746,LAC,31.0,41,31,10,0.756,847.5983333333334,116,307,0.378,43,128,0.336,63,67,0.94,31,102,133,41,46,12,17,17,62,54,338,96,600.1,0,0,613.0,2,2013-14,20.7,99.4,100.4,100.4,93.9,94.5,94.5,5.5,5.9,5.9,0.08,0.89,9.7,0.035,0.114,0.075,10.9,10.9,0.448,0.502,0.195,0.198,97.93,97.12,80.93,97.12,0.083,1712,2.8,7.5,Danny Granger
201980,Danny,1610612759,SAS,27.0,68,54,14,0.794,1651.1,218,505,0.432,132,318,0.415,50,63,0.794,25,204,229,104,76,65,61,12,107,56,618,331,1350.8,1,0,1335.0,1,2013-14,24.3,106.2,106.4,106.4,96.4,96.5,96.5,9.8,9.9,9.9,0.092,1.37,14.7,0.016,0.117,0.069,10.7,10.7,0.562,0.58,0.162,0.165,97.39,97.23,81.02,97.23,0.091,3345,3.2,7.4,Danny Green
201967,Dante,1610612750,MIN,27.0,81,39,42,0.481,1634.84,236,509,0.464,0,5,0.0,38,67,0.567,112,218,330,83,42,62,58,15,146,67,510,-41,1348.5,2,0,1163.0,1,2013-14,20.2,104.0,103.7,103.7,104.8,104.8,104.8,-0.8,-1.1,-1.1,0.08,1.98,12.5,0.065,0.134,0.098,6.3,6.3,0.464,0.474,0.151,0.155,97.94,98.08,81.73,98.08,0.081,3339,2.9,6.3,Dante Cunningham
203130,Darius,1610612755,PHI,24.0,3,0,3,0.0,15.295,0,7,0.0,0,3,0.0,0,2,0.0,0,2,2,1,2,1,0,0,3,4,0,-3,4.9,0,0,5.0,1,2013-14,5.1,77.2,73.5,73.5,87.1,77.8,77.8,-9.9,-4.2,-4.2,0.1,0.5,9.1,0.0,0.0,0.0,18.2,18.4,0.0,0.0,0.256,0.271,101.3,109.84,91.53,109.84,-0.328,34,0.0,2.3,Darius Johnson-Odom
203121,Darius,1610612740,NOP,24.0,45,14,31,0.311,722.7633333333333,73,166,0.44,25,77,0.325,29,36,0.806,9,43,52,43,22,24,9,5,88,26,200,50,403.9,0,0,386.0,1,2013-14,16.1,103.8,104.8,104.8,102.9,101.8,101.8,1.0,3.1,3.1,0.09,1.95,17.6,0.013,0.06,0.037,9.0,8.9,0.515,0.55,0.125,0.129,94.25,94.3,78.59,94.3,0.046,1423,1.6,3.7,Darius Miller
202721,Darius,1610612763,MEM,23.0,27,16,11,0.593,312.815,39,96,0.406,12,38,0.316,17,26,0.654,7,19,26,44,27,13,0,6,33,28,107,-65,216.2,0,0,215.0,3,2013-14,11.6,89.9,89.3,89.3,102.1,98.4,98.4,-12.2,-9.1,-9.1,0.259,1.63,25.0,0.021,0.066,0.042,15.3,15.1,0.469,0.498,0.181,0.193,94.93,96.98,80.81,96.98,0.065,628,1.4,3.6,Darius Morris
201589,Darrell,1610612743,DEN,26.0,68,33,35,0.485,1161.105,162,410,0.395,24,64,0.375,53,62,0.855,52,158,210,61,58,39,47,15,185,57,401,72,944.5,0,0,868.0,1,2013-14,17.1,102.4,102.2,102.2,99.1,99.1,99.1,3.3,3.1,3.1,0.082,1.05,11.0,0.044,0.126,0.086,10.4,10.4,0.424,0.459,0.181,0.185,100.05,100.13,83.44,100.13,0.055,2421,2.4,6.0,Darrell Arthur
201954,Darren,1610612746,LAC,26.0,80,56,24,0.7,2069.306666666667,324,694,0.467,71,189,0.376,192,224,0.857,47,141,188,297,132,93,15,39,150,166,911,217,1774.1,1,0,1683.0,1,2013-14,25.9,108.9,109.2,109.2,103.2,103.9,103.9,5.7,5.3,5.3,0.225,2.25,24.4,0.023,0.064,0.045,10.8,10.8,0.518,0.575,0.194,0.198,97.21,96.76,80.64,96.76,0.108,4169,4.1,8.7,Darren Collison
101135,David,1610612744,GSW,31.0,69,42,27,0.609,2288.3033333333333,513,981,0.523,0,1,0.0,231,296,0.78,182,461,643,147,152,48,26,94,206,213,1257,467,2319.1,34,0,2195.0,1,2013-14,33.2,108.3,109.4,109.4,98.7,99.4,99.4,9.6,10.0,10.0,0.101,0.97,10.4,0.081,0.193,0.139,10.7,10.8,0.523,0.566,0.24,0.241,98.58,97.74,81.45,97.74,0.134,4661,7.4,14.2,David Lee
2561,David,1610612754,IND,33.0,80,54,26,0.675,2472.145,458,939,0.488,4,15,0.267,198,251,0.789,120,422,542,223,133,61,74,49,186,229,1118,407,2374.9,8,0,2157.0,1,2013-14,30.9,104.0,105.7,105.7,95.6,97.6,97.6,8.4,8.1,8.1,0.158,1.68,15.8,0.051,0.159,0.108,9.4,9.5,0.49,0.533,0.217,0.219,95.09,93.36,77.8,93.36,0.139,4816,5.7,11.7,David West
201599,DeAndre,1610612746,LAC,25.0,82,57,25,0.695,2870.435,348,515,0.676,0,0,0.0,160,374,0.428,331,783,1114,74,123,80,203,31,264,309,856,494,3029.8,42,0,2610.0,1,2013-14,35.0,111.5,113.0,113.0,102.3,104.3,104.3,9.1,8.7,8.7,0.036,0.6,8.4,0.119,0.26,0.193,13.9,14.0,0.676,0.63,0.123,0.123,98.23,96.67,80.56,96.67,0.121,5776,4.2,6.3,DeAndre Jordan
202732,DeAndre,1610612748,MIA,26.0,1,1,0,1.0,1.4,1,1,1.0,0,0,0.0,0,0,0.0,1,0,1,0,0,0,0,0,0,0,2,1,3.2,0,0,3.0,1,2013-14,1.4,233.3,175.0,175.0,200.0,200.0,200.0,33.3,-25.0,-25.0,0.0,0.0,0.0,0.0,0.0,0.0,0.0,0.0,1.0,1.0,0.167,0.2,102.86,120.0,100.0,120.0,0.161,4,1.0,1.0,DeAndre Liggins
201971,DeJuan,1610612742,DAL,25.0,78,46,32,0.59,1213.8233333333333,210,393,0.534,0,2,0.0,77,121,0.636,139,229,368,70,77,60,21,46,192,96,497,-4,1209.6,2,0,1097.0,1,2013-14,15.6,107.3,106.0,106.0,106.1,105.3,105.3,1.2,0.7,0.7,0.088,0.91,11.8,0.114,0.198,0.155,13.0,13.0,0.534,0.557,0.187,0.192,97.49,98.51,82.09,98.51,0.097,2481,2.7,5.0,DeJuan Blair
201942,DeMar,1610612761,TOR,24.0,79,45,34,0.57,3016.6266666666666,604,1407,0.429,64,210,0.305,519,630,0.824,51,292,343,313,176,86,28,57,197,452,1791,182,2838.1,2,0,2739.0,1,2013-14,38.2,105.9,107.7,107.7,102.5,104.6,104.6,3.4,3.1,3.1,0.189,1.78,14.5,0.017,0.099,0.058,8.1,8.1,0.452,0.532,0.278,0.282,93.8,92.05,76.71,92.05,0.128,5785,7.6,17.8,DeMar DeRozan
202326,DeMarcus,1610612758,SAC,23.0,71,28,43,0.394,2297.9416666666666,591,1191,0.496,0,7,0.0,432,595,0.726,218,613,831,207,251,109,91,108,270,536,1614,-17,3270.7,53,0,3052.0,1,2013-14,32.4,103.2,105.4,105.4,105.1,106.0,106.0,-1.8,-0.7,-0.7,0.175,0.82,10.9,0.097,0.275,0.185,13.2,13.1,0.496,0.555,0.323,0.326,96.93,95.49,79.58,95.49,0.182,4578,8.3,16.8,DeMarcus Cousins
201960,DeMarre,1610612737,ATL,27.0,73,37,36,0.507,2340.505,302,642,0.47,97,268,0.362,109,141,0.773,107,296,403,134,79,108,21,35,188,135,810,100,1802.6,3,0,1702.0,1,2013-14,32.1,105.2,105.4,105.4,101.8,103.2,103.2,3.4,2.2,2.2,0.088,1.7,14.7,0.048,0.127,0.088,8.6,8.6,0.546,0.575,0.149,0.153,96.65,95.94,79.95,95.94,0.091,4677,4.1,8.8,DeMarre Carroll
203471,Dennis,1610612737,ATL,20.0,49,21,28,0.429,641.4083333333333,72,188,0.383,10,42,0.238,29,43,0.674,5,55,60,93,61,17,0,15,54,59,183,-205,384.5,0,0,380.0,1,2013-14,13.1,96.1,95.2,95.2,112.3,111.8,111.8,-16.2,-16.6,-16.6,0.247,1.52,25.8,0.008,0.091,0.049,16.9,16.9,0.41,0.442,0.188,0.196,95.21,95.83,79.86,95.83,0.047,1284,1.5,3.8,Dennis Schröder
965,Derek,1610612760,OKC,39.0,81,59,22,0.728,1428.0216666666668,141,361,0.391,88,229,0.384,55,71,0.775,12,110,122,117,49,70,3,7,157,119,425,237,916.9,0,0,898.0,1,2013-14,17.6,108.7,108.2,108.2,99.5,99.3,99.3,9.2,8.9,8.9,0.12,2.39,21.0,0.009,0.077,0.044,8.8,8.8,0.512,0.542,0.136,0.139,96.8,97.11,80.92,97.11,0.063,2879,1.7,4.5,Derek Fisher
101114,Deron,1610612751,BKN,30.0,64,37,27,0.578,2059.345,322,716,0.45,98,268,0.366,173,216,0.801,15,153,168,392,143,93,13,35,148,189,915,187,1879.6,5,0,1785.0,1,2013-14,32.2,108.3,109.0,109.0,103.1,104.6,104.6,5.2,4.4,4.4,0.312,2.74,29.3,0.008,0.079,0.044,10.7,10.6,0.518,0.564,0.214,0.219,94.37,93.41,77.84,93.41,0.117,4013,5.0,11.2,Deron Williams
202324,Derrick,1610612762,UTA,22.0,73,25,48,0.342,2201.193333333333,390,747,0.522,0,1,0.0,190,284,0.669,199,438,637,91,129,75,108,67,236,224,970,-338,2290.9,25,0,2064.0,1,2013-14,30.2,101.3,102.6,102.6,110.1,110.8,110.8,-8.7,-8.2,-8.2,0.072,0.71,8.4,0.092,0.212,0.151,11.9,11.8,0.522,0.556,0.206,0.21,93.48,92.62,77.19,92.62,0.118,4252,5.3,10.2,Derrick Favors
201565,Derrick,1610612741,CHI,25.0,10,5,5,0.5,310.8883333333333,58,164,0.354,16,47,0.34,27,32,0.844,9,23,32,43,34,5,1,18,15,23,159,-32,245.9,0,0,262.0,1,2013-14,31.1,97.3,98.2,98.2,100.5,103.9,103.9,-3.2,-5.7,-5.7,0.257,1.26,16.9,0.027,0.068,0.048,13.3,13.3,0.402,0.446,0.289,0.295,97.09,95.03,79.19,95.03,0.073,617,5.8,16.4,Derrick Rose
202682,Derrick,1610612758,SAC,23.0,78,29,49,0.372,1820.2016666666664,206,482,0.427,26,99,0.263,186,259,0.718,71,252,323,56,76,48,20,32,114,172,624,-180,1223.6,5,0,1165.0,2,2013-14,23.3,102.3,102.5,102.5,106.8,106.8,106.8,-4.5,-4.3,-4.3,0.049,0.74,7.7,0.037,0.134,0.085,10.5,10.4,0.454,0.524,0.158,0.162,97.58,97.47,81.22,97.47,0.08,3686,2.6,6.2,Derrick Williams
2734,Devin,1610612742,DAL,31.0,40,24,16,0.6,817.7933333333333,96,254,0.378,31,101,0.307,92,115,0.8,8,77,85,178,59,28,2,15,72,118,315,156,715.0,1,0,669.0,1,2013-14,20.4,115.8,112.6,112.6,104.7,104.2,104.2,11.1,8.4,8.4,0.312,3.02,33.0,0.01,0.096,0.054,10.9,10.9,0.439,0.517,0.195,0.203,94.92,96.46,80.39,96.46,0.098,1652,2.4,6.4,Devin Harris
203473,Dewayne,1610612753,ORL,24.0,31,7,24,0.226,390.42333333333335,38,83,0.458,0,0,0.0,21,32,0.656,38,89,127,5,18,7,22,4,66,33,97,-59,325.9,0,0,287.0,3,2013-14,12.6,94.7,95.4,95.4,104.7,102.0,102.0,-10.0,-6.7,-6.7,0.021,0.28,4.2,0.096,0.255,0.171,15.0,15.0,0.458,0.5,0.129,0.131,95.06,95.96,79.96,95.96,0.077,777,1.2,2.7,Dewayne Dedmon
202354,Dexter,1610612737,ATL,26.0,2,0,2,0.0,2.94,0,1,0.0,0,0,0.0,0,2,0.0,3,0,3,0,0,0,0,0,0,1,0,-2,3.6,0,0,3.0,1,2013-14,1.5,69.4,50.0,50.0,66.7,66.7,66.7,2.8,-16.7,-16.7,0.0,0.0,0.0,0.0,0.0,0.0,0.0,0.0,0.0,0.0,0.25,0.273,72.49,81.63,68.03,81.63,-1.5,4,0.0,0.5,Dexter Pittman
203197,Diante,1610612762,UTA,25.0,71,23,48,0.324,1047.5716666666667,101,265,0.381,36,96,0.375,10,12,0.833,11,86,97,120,75,41,5,13,75,22,248,-116,607.4,0,0,593.0,1,2013-14,14.8,99.1,98.3,98.3,105.2,103.7,103.7,-6.1,-5.3,-5.3,0.183,1.6,25.8,0.01,0.084,0.047,16.1,16.1,0.449,0.459,0.148,0.152,92.62,93.68,78.07,93.68,0.056,2041,1.4,3.7,Diante Garrett
203079,Dion,1610612739,CLE,22.0,70,28,42,0.4,2072.03,430,993,0.433,92,250,0.368,161,235,0.685,32,163,195,209,154,63,17,66,153,189,1113,-54,1746.5,1,0,1769.0,1,2013-14,29.6,101.3,102.7,102.7,103.7,104.6,104.6,-2.4,-1.9,-1.9,0.183,1.36,14.3,0.015,0.079,0.046,10.6,10.6,0.479,0.508,0.264,0.269,95.41,94.31,78.59,94.31,0.091,4083,6.1,14.2,Dion Waiters
202091,Dionte,1610612756,PHX,27.0,31,15,16,0.484,197.8733333333333,22,62,0.355,9,31,0.29,18,24,0.75,13,25,38,8,6,2,3,4,19,13,71,-23,137.6,0,0,136.0,1,2013-14,6.4,102.7,98.3,98.3,107.7,105.9,105.9,-5.0,-7.6,-7.6,0.067,1.33,9.1,0.059,0.136,0.094,6.8,6.9,0.427,0.489,0.163,0.17,96.48,99.46,82.88,99.46,0.072,414,0.7,2.0,Dionte Christmas
1717,Dirk,1610612742,DAL,36.0,80,48,32,0.6,2628.068333333333,633,1273,0.497,131,329,0.398,338,376,0.899,40,458,498,216,117,73,45,19,165,377,1735,322,2893.6,6,0,2816.0,1,2013-14,32.9,110.5,109.4,109.4,105.5,103.9,103.9,4.9,5.5,5.5,0.14,1.85,12.3,0.016,0.184,0.1,6.7,6.6,0.549,0.603,0.26,0.268,95.17,96.37,80.31,96.37,0.161,5292,7.9,15.9,Dirk Nowitzki
202388,Donald,1610612754,IND,26.0,48,31,17,0.646,392.1766666666667,44,117,0.376,10,42,0.238,12,20,0.6,4,40,44,50,22,10,1,10,19,23,110,-79,248.8,0,0,236.0,1,2013-14,8.2,93.3,91.8,91.8,104.8,102.2,102.2,-11.5,-10.4,-10.4,0.223,2.27,25.3,0.01,0.101,0.056,11.1,11.1,0.419,0.437,0.17,0.178,92.89,94.86,79.05,94.86,0.075,776,0.9,2.4,Donald Sloan
202700,Donatas,1610612745,HOU,23.0,62,42,20,0.677,952.1983333333334,131,296,0.443,21,84,0.25,58,96,0.604,60,165,225,34,49,20,21,21,132,104,341,52,736.0,3,0,703.0,1,2013-14,15.4,104.4,103.8,103.8,100.4,100.6,100.6,4.0,3.2,3.2,0.058,0.69,8.1,0.062,0.163,0.113,11.6,11.6,0.478,0.504,0.172,0.177,100.34,100.54,83.79,100.54,0.068,1989,2.1,4.8,Donatas Motiejunas
2748,Dorell,1610612757,POR,28.0,68,48,20,0.706,984.49,111,297,0.374,69,202,0.342,52,69,0.754,29,162,191,64,39,23,16,4,62,42,343,52,746.2,0,0,745.0,1,2013-14,14.5,105.9,106.6,106.6,104.6,103.0,103.0,1.3,3.6,3.6,0.096,1.64,15.0,0.029,0.157,0.093,9.1,9.1,0.49,0.524,0.159,0.163,97.5,97.95,81.63,97.95,0.09,1999,1.6,4.4,Dorell Wright
203117,Doron,1610612753,ORL,22.0,53,13,40,0.245,694.81,63,160,0.394,36,90,0.4,29,36,0.806,8,41,49,43,27,11,1,6,54,26,191,-2,323.3,0,0,343.0,1,2013-14,13.1,100.2,100.7,100.7,100.8,99.8,99.8,-0.6,0.9,0.9,0.093,1.59,17.6,0.012,0.061,0.036,11.1,11.0,0.506,0.543,0.131,0.134,94.12,94.37,78.64,94.37,0.047,1359,1.2,3.0,Doron Lamb
203110,Draymond,1610612744,GSW,24.0,82,51,31,0.622,1796.7416666666666,187,459,0.407,55,165,0.333,82,123,0.667,86,323,409,152,91,102,72,25,231,138,511,144,1660.8,4,0,1475.0,1,2013-14,21.9,104.3,102.9,102.9,98.4,98.1,98.1,5.9,4.8,4.8,0.127,1.67,20.0,0.046,0.173,0.11,12.0,12.0,0.467,0.498,0.146,0.149,98.67,99.46,82.88,99.46,0.09,3706,2.3,5.6,Draymond Green
2400,Drew,1610612764,WAS,32.0,22,12,10,0.545,395.1016666666667,76,143,0.531,7,17,0.412,24,27,0.889,37,77,114,15,17,10,7,9,53,33,183,-28,376.3,1,0,353.0,1,2013-14,18.0,105.2,105.0,105.0,110.5,108.7,108.7,-5.3,-3.7,-3.7,0.066,0.88,8.0,0.099,0.214,0.156,9.1,9.1,0.556,0.591,0.2,0.204,91.6,92.45,77.04,92.45,0.127,761,3.5,6.5,Drew Gooden
202779,Dwight,1610612761,TOR,25.0,14,5,9,0.357,146.03166666666667,15,48,0.313,5,17,0.294,8,9,0.889,4,19,23,10,10,8,0,4,11,13,43,0,99.6,0,0,97.0,1,2013-14,10.4,100.5,102.8,102.8,102.2,101.4,101.4,-1.7,1.4,1.4,0.115,1.0,14.1,0.025,0.139,0.078,14.1,13.9,0.365,0.414,0.181,0.187,94.74,94.01,78.34,94.01,0.061,284,1.1,3.4,Dwight Buycks
2730,Dwight,1610612745,HOU,28.0,71,48,23,0.676,2396.411666666667,473,800,0.591,2,7,0.286,349,638,0.547,231,635,866,131,229,60,128,81,240,476,1297,339,2867.7,47,0,2672.0,1,2013-14,33.8,110.1,111.3,111.3,102.2,104.3,104.3,7.9,7.0,7.0,0.091,0.57,9.0,0.102,0.25,0.18,15.7,15.9,0.593,0.6,0.241,0.241,97.77,96.26,80.22,96.26,0.146,4807,6.7,11.3,Dwight Howard
2548,Dwyane,1610612748,MIA,32.0,54,36,18,0.667,1774.6533333333334,415,761,0.545,9,32,0.281,189,258,0.733,60,181,241,252,161,79,29,24,106,205,1028,141,1858.2,4,0,1746.0,1,2013-14,32.9,107.2,107.3,107.3,102.6,103.0,103.0,4.6,4.3,4.3,0.249,1.57,19.6,0.041,0.106,0.076,12.5,12.5,0.551,0.588,0.272,0.276,94.7,94.45,78.71,94.45,0.144,3487,7.7,14.1,Dwyane Wade
202734,E'Twaun,1610612753,ORL,25.0,79,22,57,0.278,1505.7283333333332,195,456,0.428,57,161,0.354,52,68,0.765,29,107,136,112,55,60,13,29,106,62,499,-147,994.2,0,0,950.0,1,2013-14,19.1,97.8,97.0,97.0,101.2,102.0,102.0,-3.4,-5.0,-5.0,0.122,2.04,17.2,0.019,0.07,0.045,8.5,8.4,0.49,0.513,0.159,0.164,96.69,96.67,80.56,96.67,0.074,3035,2.5,5.8,E'Twaun Moore
201947,Earl,1610612752,NYK,26.0,54,22,32,0.407,768.4383333333334,97,261,0.372,41,122,0.336,22,34,0.647,22,121,143,18,31,17,25,15,67,28,257,-136,550.6,0,0,543.0,2,2013-14,14.2,96.0,95.5,95.5,104.4,104.8,104.8,-8.5,-9.3,-9.3,0.039,0.58,5.5,0.028,0.159,0.092,9.5,9.5,0.45,0.466,0.176,0.181,95.69,95.73,79.77,95.73,0.063,1536,1.8,4.8,Earl Clark
2248,Earl,1610612757,POR,35.0,24,17,7,0.708,160.59333333333333,3,11,0.273,2,7,0.286,4,4,1.0,5,10,15,28,17,5,1,1,33,11,12,-9,73.0,0,0,69.0,1,2013-14,6.7,99.2,96.3,96.3,100.0,97.9,97.9,-0.8,-1.6,-1.6,0.246,1.65,48.3,0.031,0.061,0.047,29.3,29.4,0.364,0.47,0.08,0.083,96.16,98.63,82.2,98.63,0.0,328,0.1,0.5,Earl Watson
202334,Ed,1610612763,MEM,25.0,63,38,25,0.603,956.0833333333334,155,290,0.534,0,0,0.0,47,89,0.528,92,168,260,27,40,17,43,25,114,69,357,54,849.5,4,0,764.0,1,2013-14,15.2,102.4,102.5,102.5,98.4,99.1,99.1,4.0,3.4,3.4,0.045,0.68,6.8,0.097,0.177,0.137,10.1,10.1,0.534,0.542,0.171,0.175,93.13,92.73,77.27,92.73,0.104,1843,2.5,4.6,Ed Davis
202327,Ekpe,1610612749,MIL,27.0,42,7,35,0.167,803.7833333333333,57,143,0.399,0,0,0.0,30,47,0.638,61,87,148,31,38,15,44,15,96,47,144,-168,507.1,1,0,441.0,1,2013-14,19.1,99.4,99.2,99.2,108.6,108.9,108.9,-9.2,-9.7,-9.7,0.059,0.82,13.2,0.077,0.105,0.091,16.2,16.3,0.399,0.44,0.116,0.117,92.61,92.53,77.11,92.53,0.035,1541,1.4,3.4,Ekpe Udoh
203548,Elias,1610612747,LAL,24.0,2,1,1,0.5,11.383333333333333,0,1,0.0,0,0,0.0,0,0,0.0,1,0,1,1,0,1,0,0,0,2,0,-6,5.7,0,0,4.0,1,2013-14,5.7,117.7,116.0,116.0,132.0,134.6,134.6,-14.3,-18.6,-18.6,0.091,0.0,50.0,0.0,0.0,0.0,0.0,0.0,0.0,0.0,0.036,0.036,107.86,107.53,89.6,107.53,0.025,25,0.0,0.5,Elias Harris
202343,Elliot,1610612755,PHI,25.0,67,13,54,0.194,1157.2016666666666,140,337,0.415,37,125,0.296,87,119,0.731,30,100,130,72,68,35,3,31,126,85,404,-359,714.0,0,0,719.0,1,2013-14,17.3,92.5,92.4,92.4,107.4,106.6,106.6,-14.9,-14.1,-14.1,0.104,1.06,13.6,0.023,0.087,0.053,12.9,12.8,0.47,0.519,0.163,0.168,101.45,101.87,84.89,101.87,0.055,2450,2.1,5.0,Elliot Williams
1882,Elton,1610612737,ATL,35.0,73,34,39,0.466,1413.6583333333333,179,332,0.539,0,2,0.0,61,94,0.649,97,264,361,74,60,40,88,14,192,91,419,-60,1287.2,3,0,1110.0,1,2013-14,19.4,103.8,103.3,103.3,105.1,105.1,105.1,-1.3,-1.8,-1.8,0.081,1.23,14.6,0.075,0.19,0.134,11.8,11.8,0.539,0.561,0.138,0.142,96.67,96.86,80.71,96.86,0.088,2848,2.5,4.5,Elton Brand
202683,Enes,1610612762,UTA,22.0,80,23,57,0.288,2138.16,419,853,0.491,0,1,0.0,149,204,0.73,222,376,598,75,144,28,42,73,230,202,987,-482,1883.1,24,0,1800.0,1,2013-14,26.7,99.2,99.8,99.8,112.0,112.0,112.0,-12.8,-12.2,-12.2,0.064,0.52,6.4,0.103,0.195,0.146,12.4,12.4,0.491,0.523,0.228,0.232,93.1,92.85,77.37,92.85,0.101,4147,5.2,10.7,Enes Freedom
202339,Eric,1610612756,PHX,24.0,43,28,15,0.651,1416.4733333333334,265,556,0.477,50,140,0.357,183,237,0.772,27,175,202,235,143,69,14,28,99,183,763,136,1463.9,4,0,1416.0,1,2013-14,32.9,105.4,105.7,105.7,100.5,101.5,101.5,4.9,4.3,4.3,0.272,1.64,22.7,0.019,0.12,0.071,13.8,13.8,0.522,0.578,0.244,0.249,98.23,97.63,81.36,97.63,0.141,2887,6.2,12.9,Eric Bledsoe
201569,Eric,1610612740,NOP,25.0,64,26,38,0.406,2057.276666666666,356,817,0.436,101,258,0.391,175,223,0.785,30,135,165,208,134,74,12,65,114,183,988,-270,1622.0,0,0,1634.0,1,2013-14,32.1,104.2,105.1,105.1,110.4,111.5,111.5,-6.2,-6.4,-6.4,0.164,1.55,16.5,0.015,0.071,0.042,10.6,10.7,0.498,0.54,0.227,0.229,95.66,94.76,78.97,94.76,0.089,4057,5.6,12.8,Eric Gordon
201953,Eric,1610612755,PHI,27.0,31,11,20,0.355,326.6766666666667,32,101,0.317,12,37,0.324,6,11,0.545,9,30,39,52,29,9,3,3,17,12,82,-170,213.8,0,0,209.0,2,2013-14,10.5,86.1,86.4,86.4,112.7,111.2,111.2,-26.5,-24.8,-24.8,0.291,1.79,27.8,0.025,0.1,0.059,15.5,15.5,0.376,0.387,0.178,0.184,95.96,96.46,80.39,96.46,0.058,653,1.0,3.3,Eric Maynor
203513,Erik,1610612741,CHI,23.0,24,13,11,0.542,62.15166666666666,3,13,0.231,0,3,0.0,0,0,0.0,2,6,8,2,2,0,4,1,7,0,6,-50,28.6,0,0,24.0,1,2013-14,2.6,71.1,63.4,63.4,111.1,104.7,104.7,-40.0,-41.4,-41.4,0.065,1.0,11.8,0.027,0.102,0.06,11.8,11.8,0.231,0.231,0.101,0.114,91.35,99.63,83.02,99.63,-0.011,131,0.1,0.5,Erik Murphy
101141,Ersan,1610612749,MIL,27.0,55,10,45,0.182,1478.505,237,579,0.409,37,131,0.282,107,130,0.823,107,235,342,72,61,46,8,29,135,156,618,-267,1237.4,8,0,1177.0,1,2013-14,26.9,97.5,99.2,99.2,107.4,107.3,107.3,-9.9,-8.1,-8.1,0.086,1.18,9.3,0.068,0.168,0.115,7.9,7.9,0.441,0.486,0.21,0.211,94.77,94.0,78.34,94.0,0.097,2880,4.3,10.5,Ersan Ilyasova
203095,Evan,1610612743,DEN,21.0,76,35,41,0.461,1503.48,228,544,0.419,89,237,0.376,93,123,0.756,34,168,202,112,100,34,7,28,179,107,638,10,1071.4,0,0,1123.0,1,2013-14,19.8,102.4,102.4,102.4,102.3,102.0,102.0,0.1,0.4,0.4,0.119,1.12,13.8,0.021,0.107,0.063,12.3,12.3,0.501,0.533,0.191,0.195,101.65,101.78,84.82,101.78,0.069,3187,3.0,7.2,Evan Fournier
202323,Evan,1610612754,IND,25.0,81,29,52,0.358,2456.9616666666666,434,1021,0.425,50,156,0.321,213,262,0.813,62,346,408,262,189,67,7,108,195,207,1131,-377,2046.6,9,0,1999.0,2,2013-14,30.3,98.5,99.5,99.5,105.5,106.9,106.9,-7.0,-7.4,-7.4,0.174,1.39,16.5,0.024,0.134,0.079,11.9,11.9,0.45,0.498,0.229,0.233,100.41,99.31,82.76,99.31,0.093,5083,5.4,12.6,Evan Turner
101128,Francisco,1610612745,HOU,32.0,55,33,22,0.6,1083.25,118,294,0.401,69,193,0.358,10,19,0.526,21,101,122,63,30,27,33,13,120,27,315,33,705.9,0,0,689.0,1,2013-14,19.7,105.9,104.7,104.7,102.6,103.2,103.2,3.3,1.5,1.5,0.09,2.1,15.9,0.02,0.086,0.054,7.6,7.6,0.519,0.521,0.131,0.134,99.26,99.57,82.97,99.57,0.054,2247,2.1,5.3,Francisco Garcia
203539,Gal,1610612742,DAL,26.0,31,18,13,0.581,291.69166666666666,30,86,0.349,5,20,0.25,8,12,0.667,5,22,27,63,31,4,1,9,31,12,73,0,183.9,0,0,178.0,1,2013-14,9.4,105.3,102.9,102.9,107.3,103.8,103.8,-1.9,-0.8,-0.8,0.299,2.03,33.9,0.016,0.085,0.048,16.7,16.7,0.378,0.4,0.176,0.182,97.85,100.63,83.86,100.63,0.04,614,1.0,2.8,Gal Mekel
202066,Garrett,1610612764,WAS,28.0,75,40,35,0.533,638.075,51,141,0.362,6,29,0.207,30,43,0.698,21,47,68,72,42,35,11,7,72,56,138,-86,423.6,0,0,376.0,1,2013-14,8.5,97.5,94.1,94.1,103.1,99.7,99.7,-5.6,-5.6,-5.6,0.18,1.71,26.4,0.033,0.08,0.055,15.4,15.3,0.383,0.431,0.138,0.146,93.15,96.4,80.34,96.4,0.048,1274,0.7,1.9,Garrett Temple
202390,Gary,1610612766,CHA,29.0,52,19,33,0.365,1113.4816666666666,193,471,0.41,68,180,0.378,94,105,0.895,10,80,90,83,64,18,0,14,65,92,548,-171,770.5,0,0,825.0,2,2013-14,21.4,99.4,99.2,99.2,108.2,107.3,107.3,-8.8,-8.0,-8.0,0.137,1.3,12.5,0.009,0.076,0.042,9.7,9.6,0.482,0.53,0.235,0.241,93.97,94.47,78.73,94.47,0.085,2194,3.7,9.1,Gary Neal
201588,George,1610612754,IND,28.0,76,50,26,0.658,2433.688333333333,272,616,0.442,95,260,0.365,142,176,0.807,53,230,283,265,92,75,23,33,158,198,781,319,1720.1,0,0,1620.0,1,2013-14,32.0,102.7,104.6,104.6,96.5,98.0,98.0,6.2,6.6,6.6,0.17,2.88,25.3,0.023,0.089,0.058,8.8,8.8,0.519,0.563,0.146,0.148,94.31,92.76,77.3,92.76,0.101,4707,3.6,8.1,George Hill
101123,Gerald,1610612756,PHX,28.0,82,48,34,0.585,2329.8783333333336,448,1006,0.445,204,510,0.4,195,230,0.848,48,227,275,122,145,70,42,21,220,156,1295,43,1999.0,0,0,2120.0,1,2013-14,28.4,107.4,107.9,107.9,106.2,106.8,106.8,1.3,1.1,1.1,0.085,0.84,8.9,0.021,0.098,0.06,10.6,10.6,0.547,0.585,0.233,0.237,98.59,98.11,81.76,98.11,0.097,4758,5.5,12.3,Gerald Green
201945,Gerald,1610612766,CHA,26.0,77,40,37,0.519,2460.623333333333,403,930,0.433,40,115,0.348,235,309,0.761,31,279,310,199,113,51,32,38,159,270,1081,-70,1887.5,0,0,1796.0,1,2013-14,32.0,101.0,102.2,102.2,101.9,103.4,103.4,-0.9,-1.3,-1.3,0.137,1.76,14.4,0.013,0.112,0.063,8.2,8.2,0.455,0.507,0.221,0.224,94.01,92.75,77.29,92.75,0.092,4750,5.2,12.1,Gerald Henderson
2222,Gerald,1610612738,BOS,31.0,58,19,39,0.328,1416.22,116,230,0.504,19,64,0.297,47,101,0.465,36,176,212,143,97,73,14,17,79,127,298,-174,930.9,1,0,846.0,1,2013-14,24.4,98.2,98.6,98.6,104.4,104.4,104.4,-6.3,-5.8,-5.8,0.152,1.47,27.7,0.025,0.131,0.076,18.8,18.9,0.546,0.543,0.115,0.117,95.51,95.34,79.45,95.34,0.081,2807,2.0,4.0,Gerald Wallace
203507,Giannis,1610612749,MIL,19.0,77,14,63,0.182,1896.8083333333332,173,418,0.414,41,118,0.347,138,202,0.683,78,261,339,150,122,60,61,29,173,168,525,-179,1397.8,2,0,1297.0,1,2013-14,24.6,103.6,103.8,103.8,107.9,108.3,108.3,-4.4,-4.5,-4.5,0.12,1.23,19.1,0.042,0.14,0.091,15.6,15.7,0.463,0.518,0.148,0.15,94.52,94.24,78.53,94.24,0.073,3719,2.2,5.4,Giannis Antetokounmpo
203540,Gigi,1610612765,DET,26.0,34,9,25,0.265,237.54666666666665,34,97,0.351,7,39,0.179,8,10,0.8,14,32,46,11,11,6,1,0,20,9,83,38,164.7,0,0,161.0,1,2013-14,7.0,104.6,102.5,102.5,96.0,94.8,94.8,8.6,7.7,7.7,0.071,1.0,8.9,0.052,0.145,0.094,8.9,8.9,0.387,0.409,0.198,0.205,96.11,97.7,81.42,97.7,0.058,484,1.0,2.9,Gigi Datome
201175,Glen,1610612746,LAC,28.0,68,30,38,0.441,1661.88,271,593,0.457,4,11,0.364,95,137,0.693,108,243,351,77,76,58,29,50,159,138,641,-166,1362.7,5,0,1247.0,2,2013-14,24.4,99.0,100.0,100.0,104.8,105.0,105.0,-5.9,-5.0,-5.0,0.08,1.01,9.5,0.065,0.149,0.106,9.4,9.4,0.46,0.491,0.2,0.203,95.12,94.58,78.81,94.58,0.084,3273,4.0,8.7,Glen Davis
203318,Glen,1610612764,WAS,23.0,11,2,9,0.182,108.63,11,37,0.297,5,17,0.294,5,7,0.714,4,16,20,7,9,6,1,1,7,6,32,13,78.5,0,0,78.0,1,2013-14,9.9,88.3,90.5,90.5,90.8,84.6,84.6,-2.6,5.9,5.9,0.101,0.78,12.5,0.031,0.16,0.088,16.1,16.0,0.365,0.399,0.186,0.19,95.55,97.65,81.38,97.65,0.063,221,1.0,3.4,Glen Rice
201609,Goran,1610612756,PHX,28.0,76,45,31,0.592,2667.9933333333333,552,1093,0.505,122,299,0.408,316,416,0.76,69,176,245,447,213,104,22,60,206,367,1542,302,2671.5,7,0,2608.0,1,2013-14,35.1,110.3,111.1,111.1,103.9,105.5,105.5,6.5,5.6,5.6,0.274,2.1,23.2,0.027,0.066,0.046,11.0,11.0,0.561,0.604,0.241,0.246,98.06,96.95,80.79,96.95,0.134,5389,7.3,14.4,Goran Dragic
202330,Gordon,1610612762,UTA,24.0,77,23,54,0.299,2799.635,426,1032,0.413,85,280,0.304,311,381,0.816,62,329,391,400,212,110,40,54,155,386,1248,-395,2555.2,9,0,2424.0,1,2013-14,36.4,101.6,102.8,102.8,110.0,110.2,110.2,-8.4,-7.4,-7.4,0.237,1.89,22.1,0.023,0.126,0.073,11.7,11.7,0.454,0.52,0.227,0.23,93.74,93.11,77.6,93.11,0.112,5434,5.5,13.4,Gordon Hayward
203476,Gorgui,1610612750,MIN,24.0,60,32,28,0.533,817.8233333333334,113,227,0.498,1,1,1.0,59,93,0.634,103,197,300,39,54,30,50,21,108,74,286,-40,890.5,9,0,786.0,1,2013-14,13.6,99.8,100.4,100.4,103.6,103.9,103.9,-3.7,-3.5,-3.5,0.076,0.72,10.7,0.117,0.234,0.174,14.9,15.0,0.5,0.534,0.167,0.17,98.69,98.25,81.88,98.25,0.111,1683,1.9,3.8,Gorgui Dieng
202328,Greg,1610612765,DET,24.0,82,29,53,0.354,2689.4483333333333,504,1015,0.497,0,1,0.0,241,367,0.657,256,504,760,171,166,91,47,107,205,300,1249,-151,2665.5,35,0,2456.0,1,2013-14,32.8,103.7,105.6,105.6,107.8,108.3,108.3,-4.1,-2.7,-2.7,0.101,1.03,11.3,0.088,0.196,0.138,11.0,11.0,0.497,0.531,0.211,0.212,97.42,96.33,80.28,96.33,0.118,5395,6.1,12.4,Greg Monroe
201141,Greg,1610612748,MIA,26.0,23,16,7,0.696,212.145,27,49,0.551,0,0,0.0,13,23,0.565,23,31,54,1,12,7,13,5,52,26,67,-33,181.3,0,0,162.0,1,2013-14,9.2,100.2,101.0,101.0,107.7,108.2,108.2,-7.5,-7.2,-7.2,0.007,0.08,1.4,0.112,0.158,0.135,16.9,16.6,0.551,0.567,0.15,0.154,94.59,94.01,78.34,94.01,0.039,414,1.2,2.1,Greg Oden
202962,Greg,1610612745,HOU,23.0,11,7,4,0.636,100.295,18,28,0.643,0,0,0.0,2,5,0.4,11,16,27,0,5,1,2,6,17,4,38,-16,74.4,0,0,71.0,1,2013-14,9.1,104.4,102.9,102.9,109.1,110.0,110.0,-4.7,-7.2,-7.2,0.0,0.0,0.0,0.103,0.155,0.129,14.3,14.2,0.643,0.629,0.146,0.152,99.46,99.79,83.15,99.79,0.079,208,1.6,2.5,Greg Smith
201880,Greg,1610612740,NOP,28.0,55,21,34,0.382,1006.5066666666668,70,122,0.574,0,1,0.0,19,32,0.594,72,154,226,36,44,35,57,10,169,58,159,-170,716.2,0,0,605.0,1,2013-14,18.3,97.0,97.6,97.6,106.6,105.6,105.6,-9.5,-8.0,-8.0,0.055,0.82,16.7,0.072,0.165,0.117,20.5,20.4,0.574,0.584,0.081,0.083,92.79,92.95,77.46,92.95,0.053,1942,1.3,2.2,Greg Stiemsma
202349,Greivis,1610612761,TOR,27.0,79,46,33,0.582,1778.8983333333333,277,658,0.421,109,289,0.377,95,108,0.88,20,153,173,323,128,31,5,32,143,91,758,165,1430.1,1,0,1435.0,2,2013-14,22.5,104.5,105.5,105.5,100.2,101.0,101.0,4.4,4.5,4.5,0.31,2.52,28.0,0.011,0.088,0.05,11.1,11.1,0.504,0.537,0.211,0.216,93.34,92.54,77.12,92.54,0.108,3434,3.5,8.3,Greivis Vasquez
202970,Gustavo,1610612737,ATL,29.0,26,12,14,0.462,429.25,52,102,0.51,0,0,0.0,8,20,0.4,42,83,125,28,29,25,10,14,47,28,112,-26,380.0,1,0,335.0,1,2013-14,16.5,100.0,98.5,98.5,101.6,102.0,102.0,-1.6,-3.5,-3.5,0.101,0.97,16.6,0.101,0.2,0.15,17.2,17.3,0.51,0.505,0.146,0.149,95.41,95.94,79.95,95.94,0.089,860,2.0,3.9,Gustavo Ayon
202380,Hamady,1610612758,SAC,27.0,14,5,9,0.357,74.25333333333333,3,9,0.333,0,0,0.0,0,1,0.0,5,13,18,3,3,0,4,2,15,6,6,-27,41.1,0,0,35.0,1,2013-14,5.3,91.8,89.8,89.8,106.7,101.9,101.9,-14.9,-12.1,-12.1,0.065,1.0,20.0,0.057,0.178,0.113,20.0,19.4,0.333,0.318,0.072,0.076,94.63,97.93,81.61,97.93,0.007,147,0.2,0.6,Hamady Ndiaye
203084,Harrison,1610612744,GSW,22.0,78,48,30,0.615,2203.7566666666667,271,679,0.399,66,190,0.347,130,181,0.718,66,245,311,116,84,65,20,41,158,155,738,-50,1456.2,1,0,1401.0,1,2013-14,28.3,101.2,101.1,101.1,102.1,101.9,101.9,-0.8,-0.8,-0.8,0.08,1.38,12.0,0.029,0.108,0.069,8.7,8.8,0.448,0.486,0.166,0.168,98.67,98.81,82.34,98.81,0.067,4530,3.5,8.7,Harrison Barnes
201934,Hasheem,1610612760,OKC,27.0,23,18,5,0.783,192.41333333333333,13,23,0.565,0,0,0.0,1,5,0.2,9,31,40,1,14,4,9,1,47,6,27,-2,101.5,0,0,94.0,1,2013-14,8.4,103.0,98.3,98.3,98.7,99.0,99.0,4.3,-0.7,-0.7,0.008,0.07,2.5,0.054,0.154,0.108,35.0,34.8,0.565,0.536,0.09,0.095,97.97,100.16,83.47,100.16,-0.005,402,0.6,1.0,Hasheem Thabeet
2045,Hedo,1610612746,LAC,35.0,38,27,11,0.711,391.885,42,109,0.385,22,50,0.44,9,18,0.5,11,78,89,33,16,19,10,7,50,15,115,8,342.3,0,0,317.0,1,2013-14,10.3,104.2,102.8,102.8,102.0,101.0,101.0,2.3,1.8,1.8,0.127,2.06,19.9,0.028,0.184,0.11,9.6,9.6,0.486,0.492,0.15,0.155,96.24,97.38,81.15,97.38,0.085,792,1.1,2.9,Hedo Turkoglu
203156,Henry,1610612755,PHI,24.0,46,11,35,0.239,875.0333333333333,130,274,0.474,0,1,0.0,90,121,0.744,104,133,237,52,41,28,20,21,116,101,350,-138,815.4,4,0,735.0,2,2013-14,19.0,97.1,98.3,98.3,106.0,105.9,105.9,-8.9,-7.6,-7.6,0.101,1.27,12.3,0.109,0.157,0.131,9.7,9.8,0.474,0.535,0.181,0.183,97.94,97.4,81.16,97.4,0.099,1774,2.8,6.0,Henry Sims
200756,Hilton,1610612744,GSW,29.0,15,12,3,0.8,96.605,9,19,0.474,0,0,0.0,7,16,0.438,19,28,47,5,6,4,4,2,11,15,25,16,106.9,1,0,93.0,1,2013-14,6.4,103.1,99.0,99.0,92.6,92.4,92.4,10.5,6.6,6.6,0.074,0.83,13.5,0.162,0.272,0.214,16.2,16.2,0.474,0.48,0.133,0.14,97.06,99.13,82.6,99.13,0.123,201,0.6,1.3,Hilton Armstrong
203138,Hollis,1610612755,PHI,23.0,77,18,59,0.234,1741.695,171,372,0.46,67,167,0.401,52,73,0.712,73,174,247,73,60,53,12,21,144,61,461,-361,1001.9,0,0,978.0,1,2013-14,22.6,98.2,99.6,99.6,109.3,108.7,108.7,-11.1,-9.1,-9.1,0.061,1.22,13.7,0.039,0.103,0.069,11.3,11.2,0.55,0.57,0.111,0.113,100.74,100.26,83.55,100.26,0.059,3623,2.2,4.8,Hollis Thompson
203546,Ian,1610612762,UTA,23.0,23,3,20,0.13,171.59666666666666,26,67,0.388,11,31,0.355,5,7,0.714,3,16,19,15,14,8,2,5,24,3,68,17,129.3,0,0,133.0,1,2013-14,7.5,97.6,98.8,98.8,96.2,90.6,90.6,1.4,8.2,8.2,0.147,1.07,15.2,0.017,0.09,0.054,14.1,14.1,0.47,0.485,0.212,0.217,94.26,96.51,80.42,96.51,0.057,339,1.1,2.9,Ian Clark
101133,Ian,1610612754,IND,27.0,77,51,26,0.662,1247.8033333333333,91,189,0.481,0,1,0.0,90,145,0.621,107,150,257,24,58,41,72,23,207,128,272,10,897.4,0,0,779.0,1,2013-14,16.2,96.4,96.6,96.6,95.1,95.9,95.9,1.2,0.6,0.6,0.031,0.41,7.1,0.085,0.119,0.102,17.2,17.3,0.481,0.538,0.112,0.114,95.38,94.86,79.05,94.86,0.045,2463,1.2,2.5,Ian Mahinmi
202697,Iman,1610612752,NYK,24.0,74,36,38,0.486,1962.256666666667,183,484,0.378,76,228,0.333,53,71,0.746,81,227,308,129,79,92,13,16,209,94,495,154,1294.1,0,0,1218.0,1,2013-14,26.5,107.0,107.2,107.2,101.8,102.6,102.6,5.2,4.6,4.6,0.097,1.63,17.8,0.042,0.124,0.082,10.9,10.9,0.457,0.48,0.139,0.142,91.92,91.5,76.25,91.5,0.061,3732,2.5,6.5,Iman Shumpert
203477,Isaiah,1610612745,HOU,23.0,22,14,8,0.636,252.245,31,87,0.356,18,55,0.327,21,29,0.724,7,17,24,22,21,8,4,6,25,19,101,-39,177.8,0,0,189.0,1,2013-14,11.5,105.0,103.0,103.0,109.7,109.6,109.6,-4.8,-6.6,-6.6,0.144,1.05,15.3,0.026,0.062,0.045,14.6,14.7,0.46,0.506,0.2,0.206,102.15,103.23,86.03,103.23,0.045,541,1.4,4.0,Isaiah Canaan
202738,Isaiah,1610612758,SAC,25.0,72,26,46,0.361,2497.285,496,1096,0.453,127,364,0.349,346,407,0.85,47,163,210,454,213,93,8,57,185,343,1465,30,2488.0,7,1,2458.0,1,2013-14,34.7,104.9,106.8,106.8,104.8,106.1,106.1,0.1,0.7,0.7,0.317,2.13,23.5,0.019,0.065,0.042,11.0,11.0,0.51,0.574,0.254,0.258,98.19,96.75,80.62,96.75,0.136,5031,6.9,15.2,Isaiah Thomas
202397,Ish,1610612756,PHX,25.0,70,39,31,0.557,1006.4666666666668,119,281,0.423,1,23,0.043,22,39,0.564,31,98,129,179,65,49,13,19,66,59,261,-11,805.3,0,0,694.0,1,2013-14,14.4,102.5,101.6,101.6,101.6,101.3,101.3,0.9,0.3,0.3,0.275,2.75,33.1,0.03,0.099,0.064,12.0,12.0,0.425,0.438,0.155,0.159,97.3,97.93,81.61,97.93,0.093,2045,1.7,4.0,Ish Smith
200826,J.J.,1610612750,MIN,30.0,79,40,39,0.506,1471.3183333333334,254,656,0.387,73,231,0.316,79,100,0.79,16,138,154,303,125,26,0,43,129,125,660,-96,1252.3,1,0,1242.0,1,2013-14,18.6,99.1,99.5,99.5,103.4,103.2,103.2,-4.3,-3.7,-3.7,0.353,2.42,26.9,0.01,0.093,0.049,11.1,11.1,0.443,0.471,0.238,0.244,97.28,97.19,80.99,97.19,0.095,2986,3.2,8.3,J.J. Barea
201581,JJ,1610612743,DEN,25.0,69,31,38,0.449,1859.445,332,654,0.508,0,8,0.0,150,290,0.517,206,426,632,96,128,47,51,63,177,218,814,-189,1882.4,26,0,1738.0,1,2013-14,26.9,101.4,102.7,102.7,106.9,107.1,107.1,-5.5,-4.4,-4.4,0.085,0.75,9.5,0.104,0.22,0.161,12.7,12.7,0.508,0.521,0.205,0.208,100.0,99.23,82.69,99.23,0.113,3834,4.8,9.5,JJ Hickson
200755,JJ,1610612746,LAC,30.0,35,24,11,0.686,987.285,181,398,0.455,73,185,0.395,97,106,0.915,9,65,74,78,42,28,3,8,65,77,532,212,788.8,0,0,819.0,1,2013-14,28.2,113.1,114.7,114.7,104.5,105.1,105.1,8.6,9.6,9.6,0.116,1.86,14.0,0.009,0.064,0.038,7.5,7.4,0.546,0.598,0.209,0.214,99.1,98.09,81.74,98.09,0.099,2026,5.2,11.4,JJ Redick
2747,JR,1610612752,NYK,28.0,74,34,40,0.459,2421.213333333333,396,955,0.415,189,480,0.394,90,138,0.652,35,261,296,219,108,65,20,18,196,157,1071,1,1901.7,1,0,1945.0,1,2013-14,32.7,106.9,107.6,107.6,107.9,108.1,108.1,-1.0,-0.6,-0.6,0.152,2.03,16.3,0.015,0.117,0.064,8.0,8.0,0.514,0.527,0.213,0.216,92.36,91.96,76.63,91.96,0.091,4651,5.4,12.9,JR Smith
201580,JaVale,1610612743,DEN,26.0,5,1,4,0.2,79.49,17,38,0.447,0,0,0.0,1,1,1.0,10,7,17,2,8,1,7,3,16,5,35,-5,74.4,0,0,70.0,1,2013-14,15.9,107.0,107.2,107.2,106.9,109.5,109.5,0.1,-2.3,-2.3,0.035,0.25,4.2,0.12,0.106,0.114,16.7,16.5,0.447,0.455,0.241,0.247,102.52,101.14,84.29,101.14,0.026,167,3.4,7.6,JaVale McGee
203109,Jae,1610612742,DAL,23.0,78,47,31,0.603,1253.5,130,296,0.439,50,151,0.331,46,61,0.754,46,148,194,60,41,59,21,13,100,61,356,241,877.8,0,0,820.0,1,2013-14,16.1,111.2,107.6,107.6,99.0,96.7,96.7,12.1,10.9,10.9,0.067,1.46,14.2,0.039,0.119,0.081,9.7,9.7,0.524,0.551,0.128,0.134,95.43,98.13,81.77,98.13,0.077,2544,1.7,3.8,Jae Crowder
203479,Jamaal,1610612763,MEM,22.0,21,11,10,0.524,161.52333333333334,16,39,0.41,5,11,0.455,2,2,1.0,4,19,23,6,11,4,2,3,23,8,39,13,82.6,0,0,85.0,1,2013-14,7.7,104.1,102.2,102.2,99.1,98.1,98.1,5.0,4.0,4.0,0.053,0.55,10.5,0.026,0.121,0.074,19.3,19.3,0.474,0.489,0.137,0.142,94.05,95.39,79.49,95.39,0.027,321,0.8,1.9,Jamaal Franklin
2224,Jamaal,1610612762,UTA,36.0,8,0,8,0.0,110.2,4,20,0.2,1,15,0.067,0,0,0.0,2,9,11,23,9,2,0,2,10,2,9,-47,53.7,0,0,48.0,1,2013-14,13.8,87.7,88.1,88.1,107.9,110.5,110.5,-20.2,-22.4,-22.4,0.359,2.56,44.2,0.019,0.094,0.055,17.3,17.3,0.225,0.225,0.119,0.123,92.73,91.47,76.23,91.47,0.03,210,0.5,2.5,Jamaal Tinsley
2037,Jamal,1610612746,LAC,34.0,69,47,22,0.681,2094.3016666666667,421,1011,0.416,161,446,0.361,279,322,0.866,34,124,158,223,135,59,12,17,120,202,1282,272,1884.1,2,0,1966.0,1,2013-14,30.4,109.4,110.0,110.0,103.3,104.1,104.1,6.1,5.9,5.9,0.181,1.65,14.9,0.016,0.056,0.037,9.0,8.9,0.496,0.556,0.264,0.27,98.56,97.91,81.59,97.91,0.111,4281,6.1,14.7,Jamal Crawford
2749,Jameer,1610612753,ORL,32.0,68,21,47,0.309,2178.983333333333,294,747,0.394,136,391,0.348,96,112,0.857,29,202,231,476,166,52,5,35,146,143,820,-272,1816.2,6,0,1777.0,1,2013-14,32.0,102.0,102.8,102.8,108.6,109.6,109.6,-6.5,-6.8,-6.8,0.341,2.87,33.1,0.013,0.095,0.054,11.6,11.5,0.485,0.515,0.197,0.201,95.69,94.87,79.06,94.87,0.097,4317,4.3,11.0,Jameer Nelson
202341,James,1610612755,PHI,25.0,80,19,61,0.238,2309.245,309,717,0.431,115,351,0.328,77,106,0.726,59,241,300,149,106,74,28,39,154,84,810,-543,1593.5,0,0,1578.0,1,2013-14,28.9,96.5,97.4,97.4,107.7,108.1,108.1,-11.2,-10.7,-10.7,0.099,1.41,14.7,0.023,0.106,0.062,10.4,10.4,0.511,0.53,0.156,0.159,101.92,101.24,84.37,101.24,0.072,4859,3.9,9.0,James Anderson
201935,James,1610612745,HOU,24.0,73,48,25,0.658,2777.46,549,1205,0.456,177,483,0.366,576,665,0.866,61,283,344,446,265,115,29,61,177,427,1851,409,3099.8,14,1,3106.0,1,2013-14,38.0,110.7,112.1,112.1,103.1,104.9,104.9,7.6,7.2,7.2,0.266,1.68,20.3,0.023,0.094,0.06,12.1,12.0,0.529,0.618,0.27,0.276,99.19,97.75,81.46,97.75,0.156,5658,7.5,16.5,James Harden
201949,James,1610612763,MEM,27.0,52,33,19,0.635,956.3166666666668,143,308,0.464,22,87,0.253,76,90,0.844,60,106,166,111,66,42,57,21,102,67,384,96,980.7,1,0,881.0,1,2013-14,18.4,106.0,106.0,106.0,99.6,100.2,100.2,6.5,5.8,5.8,0.175,1.68,21.1,0.067,0.11,0.089,12.5,12.6,0.5,0.552,0.192,0.197,93.62,93.31,77.76,93.31,0.115,1853,2.8,5.9,James Johnson
2592,James,1610612748,MIA,33.0,20,15,5,0.75,235.72833333333327,31,68,0.456,28,54,0.519,7,11,0.636,2,21,23,9,4,3,4,2,6,12,97,78,155.1,0,0,171.0,1,2013-14,11.8,114.0,113.2,113.2,94.5,96.3,96.3,19.5,16.9,16.9,0.06,2.25,10.5,0.011,0.093,0.056,4.7,4.7,0.662,0.666,0.16,0.164,89.33,88.78,73.98,88.78,0.104,438,1.6,3.4,James Jones
203263,James,1610612755,PHI,23.0,13,3,10,0.231,165.45166666666665,15,46,0.326,8,25,0.32,6,9,0.667,1,18,19,8,7,6,2,0,11,8,44,-36,95.8,0,0,95.0,2,2013-14,12.7,92.3,90.5,90.5,103.4,102.4,102.4,-11.1,-11.9,-11.9,0.082,1.14,12.3,0.005,0.102,0.053,10.8,10.8,0.413,0.44,0.15,0.156,96.06,97.48,81.23,97.48,0.05,338,1.2,3.5,James Nunnally
203480,James,1610612740,NOP,24.0,4,2,2,0.5,29.933333333333334,5,15,0.333,3,6,0.5,1,2,0.5,0,8,8,0,1,1,2,0,3,1,14,7,31.6,0,0,31.0,2,2013-14,7.5,101.5,105.0,105.0,93.1,91.8,91.8,8.4,13.2,13.2,0.0,0.0,0.0,0.0,0.222,0.11,5.9,5.9,0.433,0.441,0.239,0.238,97.95,97.02,80.85,97.02,0.096,60,1.3,3.8,James Southerland
202686,Jan,1610612743,DEN,24.0,54,22,32,0.407,776.3783333333333,89,173,0.514,0,0,0.0,19,56,0.339,81,110,191,21,36,53,35,17,121,57,197,-113,685.7,0,0,585.0,2,2013-14,14.4,94.6,95.4,95.4,103.3,101.7,101.7,-8.8,-6.2,-6.2,0.043,0.58,8.2,0.095,0.158,0.123,14.1,14.1,0.514,0.498,0.13,0.132,96.05,96.39,80.32,96.39,0.067,1551,1.6,3.2,Jan Vesely
2457,Jannero,1610612766,CHA,34.0,29,15,14,0.517,241.7483333333333,52,118,0.441,24,60,0.4,8,11,0.727,1,19,20,52,26,14,1,4,17,12,136,-51,257.0,0,0,262.0,1,2013-14,8.3,99.1,99.4,99.4,110.8,109.5,109.5,-11.7,-10.1,-10.1,0.433,2.0,26.0,0.004,0.085,0.042,13.0,12.9,0.542,0.554,0.273,0.283,95.28,95.7,79.75,95.7,0.125,481,1.8,4.1,Jannero Pargo
203099,Jared,1610612758,SAC,23.0,13,5,8,0.385,80.145,6,21,0.286,1,7,0.143,13,16,0.813,1,5,6,8,2,3,0,3,16,14,26,-2,52.2,0,0,47.0,2,2013-14,6.2,98.6,98.8,98.8,99.5,94.3,94.3,-0.9,4.5,4.5,0.154,4.0,20.5,0.012,0.055,0.034,5.1,5.3,0.31,0.464,0.164,0.167,99.18,101.82,84.85,101.82,0.028,165,0.5,1.6,Jared Cunningham
201162,Jared,1610612746,LAC,28.0,74,51,23,0.689,1728.9716666666666,196,447,0.438,81,225,0.36,38,58,0.655,36,124,160,104,56,41,10,18,146,58,511,215,956.0,0,0,958.0,1,2013-14,23.4,108.4,109.2,109.2,102.2,102.4,102.4,6.2,6.8,6.8,0.087,1.86,16.4,0.021,0.07,0.046,8.8,8.9,0.529,0.541,0.134,0.136,97.84,97.38,81.15,97.38,0.053,3497,2.6,6.0,Jared Dudley
203096,Jared,1610612738,BOS,22.0,74,23,51,0.311,2041.2316666666663,384,899,0.427,56,208,0.269,158,203,0.778,241,360,601,118,119,35,49,53,251,206,982,-13,2013.2,22,0,1925.0,1,2013-14,27.6,101.1,102.7,102.7,104.0,103.5,103.5,-2.9,-0.8,-0.8,0.097,0.99,9.6,0.112,0.183,0.146,9.7,9.7,0.458,0.497,0.234,0.237,95.86,95.3,79.41,95.3,0.104,4062,5.2,12.1,Jared Sullinger
101127,Jarrett,1610612739,CLE,30.0,80,32,48,0.4,2252.11,286,698,0.41,63,185,0.341,125,149,0.839,22,201,223,324,133,56,22,34,133,156,760,-240,1614.6,1,0,1526.0,1,2013-14,28.2,100.2,100.9,100.9,105.2,106.4,106.4,-5.0,-5.6,-5.6,0.232,2.44,26.6,0.009,0.089,0.049,10.9,10.9,0.455,0.498,0.176,0.18,95.02,94.16,78.47,94.16,0.086,4421,3.6,8.7,Jarrett Jack
202363,Jarvis,1610612755,PHI,26.0,24,5,19,0.208,339.34,36,60,0.6,0,0,0.0,27,52,0.519,19,44,63,13,10,10,29,2,62,38,99,-94,301.1,0,0,253.0,2,2013-14,14.1,96.6,96.3,96.3,108.1,107.5,107.5,-11.6,-11.2,-11.2,0.059,1.3,12.1,0.053,0.126,0.089,9.3,9.4,0.6,0.597,0.119,0.121,100.44,100.85,84.05,100.85,0.062,706,1.5,2.5,Jarvis Varnado
2215,Jason,1610612751,BKN,35.0,22,16,6,0.727,172.10833333333332,11,24,0.458,0,3,0.0,3,4,0.75,7,12,19,4,7,8,1,2,30,7,25,-31,73.8,0,0,66.0,1,2013-14,7.8,99.9,98.0,98.0,109.2,107.8,107.8,-9.2,-9.8,-9.8,0.034,0.57,10.8,0.042,0.077,0.059,18.9,19.0,0.458,0.485,0.086,0.089,95.65,97.19,81.0,97.19,0.003,350,0.5,1.1,Jason Collins
101131,Jason,1610612753,ORL,31.0,34,7,27,0.206,488.4716666666667,47,105,0.448,0,0,0.0,15,31,0.484,28,58,86,9,14,8,20,7,47,37,109,-89,295.7,0,0,260.0,1,2013-14,14.4,97.0,98.6,98.6,107.5,108.1,108.1,-10.5,-9.5,-9.5,0.027,0.64,6.3,0.055,0.119,0.086,9.9,9.9,0.448,0.459,0.12,0.122,96.23,95.17,79.31,95.17,0.042,970,1.4,3.1,Jason Maxiell
201160,Jason,1610612740,NOP,28.0,31,11,20,0.355,830.1033333333334,131,282,0.465,0,0,0.0,39,50,0.78,51,130,181,29,28,11,29,21,100,57,301,-64,653.7,2,0,591.0,1,2013-14,26.8,105.1,105.4,105.4,107.8,108.0,108.0,-2.7,-2.5,-2.5,0.054,1.04,8.0,0.06,0.169,0.112,7.7,7.8,0.465,0.495,0.178,0.18,94.77,94.51,78.76,94.51,0.071,1624,4.2,9.1,Jason Smith
1891,Jason,1610612751,BKN,36.0,35,17,18,0.486,570.315,55,152,0.362,39,103,0.379,10,15,0.667,4,33,37,56,27,13,0,6,48,25,159,-66,299.4,0,0,317.0,1,2013-14,16.3,102.2,102.1,102.1,108.3,107.5,107.5,-6.1,-5.4,-5.4,0.156,2.07,23.3,0.007,0.065,0.034,11.3,11.2,0.49,0.501,0.144,0.149,94.35,94.73,78.94,94.73,0.047,1123,1.6,4.3,Jason Terry
201574,Jason,1610612758,SAC,27.0,82,28,54,0.341,2006.6666666666667,251,496,0.506,0,0,0.0,84,145,0.579,153,374,527,53,95,32,56,35,251,147,586,-9,1466.9,8,0,1342.0,1,2013-14,24.5,104.2,106.0,106.0,104.6,105.6,105.6,-0.4,0.4,0.4,0.04,0.56,7.5,0.077,0.188,0.133,13.4,13.4,0.506,0.523,0.143,0.144,96.54,95.3,79.42,95.3,0.073,3972,3.1,6.0,Jason Thompson
202399,Jeff,1610612749,MIL,28.0,53,17,36,0.321,961.9283333333332,143,275,0.52,0,0,0.0,76,119,0.639,102,204,306,38,39,24,36,27,108,100,362,-72,927.2,4,0,826.0,2,2013-14,18.1,103.8,104.3,104.3,107.5,107.5,107.5,-3.7,-3.2,-3.2,0.064,0.97,9.4,0.104,0.223,0.162,9.7,9.6,0.52,0.553,0.164,0.168,95.47,95.26,79.38,95.26,0.115,1904,2.7,5.2,Jeff Adrien
201965,Jeff,1610612759,SAS,27.0,73,55,18,0.753,952.255,101,174,0.58,0,0,0.0,38,55,0.691,89,169,258,60,63,13,25,17,146,69,240,119,690.6,0,0,634.0,1,2013-14,13.0,108.7,107.6,107.6,101.8,101.4,101.4,6.9,6.2,6.2,0.085,0.95,18.6,0.102,0.172,0.139,19.6,19.6,0.58,0.605,0.12,0.123,97.36,98.04,81.7,98.04,0.068,1944,1.4,2.4,Jeff Ayres
201145,Jeff,1610612738,BOS,27.0,82,25,57,0.305,2805.3,482,1171,0.412,135,396,0.341,283,356,0.795,54,326,380,138,165,57,47,49,180,281,1382,-355,2192.0,2,0,2243.0,1,2013-14,34.2,98.6,100.3,100.3,105.9,106.4,106.4,-7.3,-6.1,-6.1,0.085,0.84,8.5,0.018,0.121,0.067,10.1,10.1,0.469,0.52,0.232,0.234,96.51,95.42,79.51,95.42,0.089,5568,5.9,14.3,Jeff Green
201952,Jeff,1610612737,ATL,26.0,79,37,42,0.468,2541.9216666666666,456,1040,0.438,74,225,0.329,318,376,0.846,34,174,208,528,232,89,17,73,158,325,1304,117,2431.6,13,0,2326.0,1,2013-14,32.2,103.9,104.7,104.7,102.3,103.4,103.4,1.6,1.3,1.3,0.347,2.28,26.9,0.014,0.069,0.042,11.8,11.8,0.474,0.541,0.25,0.253,97.68,96.79,80.66,96.79,0.118,5149,5.8,13.2,Jeff Teague
203481,Jeff,1610612740,NOP,24.0,58,21,37,0.362,684.4133333333333,69,129,0.535,0,1,0.0,52,73,0.712,49,101,150,26,20,15,50,18,73,55,190,28,584.0,0,0,496.0,1,2013-14,11.8,105.5,104.9,104.9,103.4,102.2,102.2,2.1,2.7,2.7,0.057,1.3,12.5,0.075,0.147,0.112,9.6,9.7,0.535,0.59,0.118,0.121,94.56,95.38,79.48,95.38,0.089,1356,1.2,2.2,Jeff Withey
203106,Jeffery,1610612766,CHA,25.0,26,12,14,0.462,629.2033333333334,82,218,0.376,18,67,0.269,26,47,0.553,15,45,60,22,25,13,5,19,62,41,208,-75,342.0,0,0,344.0,1,2013-14,24.2,93.9,95.1,95.1,100.8,100.2,100.2,-6.9,-5.1,-5.1,0.06,0.88,7.7,0.022,0.075,0.047,8.7,8.8,0.417,0.436,0.184,0.187,96.47,96.08,80.07,96.08,0.029,1254,3.2,8.4,Jeffery Taylor
202379,Jeremy,1610612762,UTA,26.0,66,23,43,0.348,1209.4066666666668,175,332,0.527,0,2,0.0,51,75,0.68,120,190,310,44,40,42,46,23,139,77,401,-177,1063.0,3,0,931.0,1,2013-14,18.3,99.4,98.8,98.8,106.8,106.2,106.2,-7.4,-7.4,-7.4,0.061,1.1,9.8,0.101,0.167,0.133,8.9,8.9,0.527,0.549,0.149,0.154,93.02,93.55,77.96,93.55,0.102,2356,2.7,5.0,Jeremy Evans
203087,Jeremy,1610612760,OKC,22.0,78,57,21,0.731,1537.855,263,609,0.432,88,247,0.356,51,64,0.797,27,162,189,115,61,56,26,19,143,69,665,215,1249.3,0,0,1221.0,1,2013-14,19.7,107.7,107.1,107.1,99.7,100.0,100.0,8.1,7.1,7.1,0.123,1.89,14.2,0.018,0.104,0.062,7.5,7.5,0.504,0.522,0.197,0.203,96.53,96.66,80.55,96.66,0.094,3095,3.4,7.8,Jeremy Lamb
202391,Jeremy,1610612745,HOU,25.0,71,48,23,0.676,2054.025,295,662,0.446,82,229,0.358,218,265,0.823,34,153,187,294,176,68,27,41,166,226,890,175,1664.4,3,1,1643.0,1,2013-14,28.9,107.2,107.1,107.1,102.0,103.2,103.2,5.2,3.9,3.9,0.229,1.67,23.5,0.017,0.067,0.044,14.0,14.1,0.508,0.572,0.198,0.202,100.16,99.63,83.03,99.63,0.095,4268,4.2,9.3,Jeremy Lin
202719,Jeremy,1610612752,NYK,23.0,41,20,21,0.488,397.52166666666665,60,116,0.517,0,0,0.0,26,48,0.542,38,71,109,8,26,6,20,5,70,40,146,-51,340.8,1,0,315.0,1,2013-14,9.7,106.3,103.4,103.4,110.8,108.5,108.5,-4.5,-5.1,-5.1,0.032,0.31,4.6,0.099,0.189,0.144,15.0,15.2,0.517,0.532,0.183,0.187,93.82,96.12,80.1,96.12,0.069,791,1.5,2.8,Jeremy Tyler
979,Jermaine,1610612744,GSW,35.0,44,27,17,0.614,883.3233333333334,125,248,0.504,0,0,0.0,99,132,0.75,85,157,242,25,52,14,40,23,102,125,349,21,786.9,2,0,724.0,1,2013-14,20.1,104.7,104.0,104.0,101.2,101.8,101.8,3.4,2.1,2.1,0.045,0.48,6.5,0.099,0.164,0.134,13.5,13.6,0.504,0.57,0.181,0.184,96.58,96.62,80.51,96.62,0.1,1770,2.8,5.6,Jermaine O'Neal
201573,Jerryd,1610612738,BOS,25.0,72,24,48,0.333,1685.743333333333,248,617,0.402,76,212,0.358,94,118,0.797,22,123,145,194,82,60,9,21,161,110,666,-111,1256.0,0,0,1219.0,2,2013-14,23.4,103.3,104.4,104.4,107.8,107.9,107.9,-4.4,-3.5,-3.5,0.187,2.37,20.7,0.013,0.076,0.043,8.7,8.7,0.464,0.498,0.193,0.198,93.93,93.38,77.82,93.38,0.075,3282,3.4,8.6,Jerryd Bayless
202690,Jimmer,1610612741,CHI,25.0,49,20,29,0.408,518.655,107,227,0.471,40,84,0.476,19,21,0.905,8,44,52,64,48,14,3,10,35,26,273,-23,434.4,0,0,463.0,2,2013-14,10.6,104.7,104.1,104.1,106.6,107.0,107.0,-2.0,-2.9,-2.9,0.221,1.33,18.4,0.015,0.083,0.049,13.8,13.8,0.559,0.578,0.237,0.244,95.53,95.65,79.71,95.65,0.112,1037,2.2,4.6,Jimmer Fredette
202710,Jimmy,1610612741,CHI,24.0,67,43,24,0.642,2590.4933333333333,275,693,0.397,68,240,0.283,260,338,0.769,87,243,330,175,102,127,36,49,106,272,878,189,1923.5,5,0,1777.0,1,2013-14,38.7,101.5,102.9,102.9,97.3,98.9,98.9,4.2,4.0,4.0,0.11,1.72,15.5,0.034,0.095,0.065,9.1,9.1,0.446,0.522,0.167,0.169,92.48,91.09,75.91,91.09,0.095,4912,4.1,10.3,Jimmy Butler III
201149,Joakim,1610612741,CHI,29.0,80,48,32,0.6,2819.695,380,800,0.475,0,2,0.0,247,335,0.737,282,618,900,431,194,99,121,75,245,288,1007,231,3199.5,47,4,2778.0,1,2013-14,35.2,101.7,103.5,103.5,97.7,99.1,99.1,3.9,4.4,4.4,0.258,2.22,27.3,0.102,0.221,0.161,12.3,12.3,0.475,0.531,0.185,0.187,92.37,90.9,75.75,90.9,0.156,5338,4.8,10.0,Joakim Noah
201975,Jodie,1610612747,LAL,26.0,77,25,52,0.325,2556.0116666666668,413,892,0.463,162,404,0.401,221,258,0.857,30,164,194,138,111,111,4,56,119,186,1209,-511,1882.8,0,0,1933.0,1,2013-14,33.2,101.4,101.9,101.9,110.3,110.8,110.8,-8.9,-8.8,-8.8,0.085,1.24,11.1,0.011,0.061,0.036,8.9,8.8,0.554,0.601,0.185,0.19,101.42,100.99,84.15,100.99,0.087,5360,5.4,11.6,Jodie Meeks
2207,Joe,1610612751,BKN,33.0,79,43,36,0.544,2574.6066666666666,462,1018,0.454,162,404,0.401,159,195,0.815,48,222,270,216,120,47,10,17,129,157,1245,56,1944.0,0,0,2007.0,1,2013-14,32.6,105.4,106.3,106.3,104.2,105.8,105.8,1.1,0.4,0.4,0.148,1.8,15.0,0.02,0.09,0.056,8.4,8.3,0.533,0.564,0.221,0.224,93.33,92.22,76.85,92.22,0.106,4963,5.8,12.9,Joe Johnson
201202,Joel,1610612738,BOS,31.0,33,16,17,0.485,186.135,12,32,0.375,0,0,0.0,4,8,0.5,15,23,38,2,3,3,12,2,17,5,28,-34,118.6,0,0,98.0,2,2013-14,5.6,101.5,97.9,97.9,105.0,104.4,104.4,-3.5,-6.5,-6.5,0.016,0.67,4.9,0.078,0.127,0.102,7.3,7.4,0.375,0.394,0.091,0.094,96.87,98.9,82.41,98.9,0.039,379,0.4,1.0,Joel Anthony
200777,Joel,1610612757,POR,27.0,52,37,15,0.712,727.2383333333333,77,162,0.475,0,2,0.0,20,29,0.69,88,120,208,36,32,10,22,9,95,39,174,27,541.6,0,0,482.0,1,2013-14,14.0,105.9,105.8,105.8,105.4,103.9,103.9,0.5,1.9,1.9,0.072,1.13,14.8,0.113,0.155,0.134,13.2,13.2,0.475,0.498,0.12,0.123,96.62,97.39,81.16,97.39,0.071,1475,1.5,3.1,Joel Freeland
203089,John,1610612749,MIL,23.0,70,12,58,0.171,1856.3733333333328,344,639,0.538,0,1,0.0,91,177,0.514,171,326,497,113,114,41,116,35,185,152,779,-428,1901.9,11,0,1703.0,1,2013-14,26.5,98.8,99.4,99.4,110.2,110.9,110.9,-11.5,-11.5,-11.5,0.111,0.99,11.9,0.093,0.18,0.136,12.0,12.1,0.538,0.543,0.201,0.204,93.86,93.3,77.75,93.3,0.118,3602,4.9,9.1,John Henson
203098,John,1610612737,ATL,23.0,13,6,7,0.462,157.55666666666667,16,42,0.381,4,18,0.222,4,4,1.0,3,19,22,11,11,1,1,4,11,5,40,-26,77.9,0,0,81.0,1,2013-14,12.1,99.9,96.0,96.0,104.7,105.9,105.9,-4.8,-9.9,-9.9,0.113,1.0,16.9,0.019,0.112,0.068,16.9,16.7,0.429,0.457,0.152,0.163,97.31,98.71,82.26,98.71,0.044,327,1.2,3.2,John Jenkins
101249,John,1610612762,UTA,31.0,42,10,32,0.238,591.445,62,190,0.326,25,84,0.298,10,16,0.625,12,27,39,42,22,14,0,4,41,30,159,-168,288.8,0,0,293.0,1,2013-14,14.1,91.6,91.7,91.7,108.1,106.0,106.0,-16.5,-14.2,-14.2,0.12,1.91,16.3,0.019,0.048,0.033,8.6,8.4,0.392,0.403,0.157,0.163,94.39,95.24,79.36,95.24,0.029,1173,1.5,4.5,John Lucas III
2422,John,1610612761,TOR,34.0,78,46,32,0.59,1725.77,150,413,0.363,63,163,0.387,40,52,0.769,20,143,163,147,54,47,19,25,124,55,403,-8,963.1,0,0,908.0,2,2013-14,22.1,102.1,101.9,101.9,102.3,102.4,102.4,-0.1,-0.5,-0.5,0.135,2.72,23.0,0.011,0.085,0.047,8.5,8.5,0.439,0.462,0.126,0.129,94.7,94.76,78.97,94.76,0.056,3411,1.9,5.3,John Salmons
202322,John,1610612764,WAS,23.0,82,44,38,0.537,2979.865,579,1337,0.433,108,308,0.351,317,394,0.805,38,295,333,721,295,149,40,53,219,326,1583,196,3336.1,29,2,3123.0,1,2013-14,36.3,104.6,106.0,106.0,101.7,102.5,102.5,2.9,3.5,3.5,0.392,2.44,28.6,0.013,0.102,0.057,11.7,11.7,0.473,0.524,0.267,0.271,96.86,95.88,79.9,95.88,0.135,5945,7.1,16.3,John Wall
202720,Jon,1610612763,MEM,25.0,49,24,25,0.49,641.6566666666666,121,246,0.492,23,49,0.469,37,47,0.787,37,121,158,20,27,18,13,20,63,38,302,-13,587.6,1,0,565.0,1,2013-14,13.1,105.8,105.4,105.4,106.8,106.0,106.0,-1.0,-0.6,-0.6,0.052,0.74,6.3,0.061,0.208,0.133,8.6,8.6,0.539,0.566,0.208,0.212,92.71,93.25,77.71,93.25,0.119,1244,2.5,5.0,Jon Leuer
201973,Jonas,1610612765,DET,27.0,64,23,41,0.359,741.085,98,208,0.471,31,74,0.419,43,59,0.729,51,124,175,39,43,21,6,8,85,46,270,-87,576.5,0,0,569.0,1,2013-14,11.6,100.1,101.0,101.0,106.9,106.2,106.2,-6.8,-5.2,-5.2,0.088,0.91,12.3,0.061,0.17,0.112,13.6,13.6,0.546,0.577,0.158,0.161,96.22,96.12,80.1,96.12,0.095,1479,1.5,3.3,Jonas Jerebko
202685,Jonas,1610612761,TOR,22.0,81,47,34,0.58,2282.21,359,676,0.531,0,1,0.0,198,260,0.762,226,488,714,57,136,24,71,62,249,247,916,101,2007.3,25,0,1877.0,1,2013-14,28.2,106.2,107.6,107.6,103.7,105.1,105.1,2.5,2.5,2.5,0.041,0.42,5.8,0.104,0.22,0.163,13.8,13.8,0.531,0.579,0.183,0.186,94.32,93.08,77.57,93.08,0.113,4421,4.4,8.3,Jonas Valančiūnas
202348,Jordan,1610612744,GSW,25.0,81,39,42,0.481,1859.545,327,788,0.415,90,285,0.316,146,169,0.864,28,155,183,281,134,47,5,21,120,124,890,-181,1553.1,3,1,1548.0,2,2013-14,23.0,99.7,100.4,100.4,104.7,105.1,105.1,-4.9,-4.7,-4.7,0.256,2.1,22.2,0.014,0.081,0.047,10.6,10.5,0.472,0.516,0.232,0.237,97.33,96.77,80.64,96.77,0.104,3747,4.0,9.7,Jordan Crawford
200770,Jordan,1610612747,LAL,27.0,41,16,25,0.39,912.3166666666668,151,364,0.415,70,160,0.438,44,59,0.746,20,84,104,199,95,38,8,15,65,62,416,-90,882.3,0,0,881.0,1,2013-14,22.3,103.0,102.3,102.3,106.9,107.7,107.7,-3.9,-5.4,-5.4,0.343,2.09,29.2,0.02,0.088,0.054,14.0,13.9,0.511,0.533,0.223,0.23,101.35,101.33,84.44,101.33,0.103,1933,3.7,8.9,Jordan Farmar
202706,Jordan,1610612745,HOU,23.0,60,31,29,0.517,1019.6566666666666,147,376,0.391,70,198,0.354,40,51,0.784,32,162,194,52,46,44,20,12,67,45,404,-104,860.8,0,0,848.0,2,2013-14,17.0,100.3,99.1,99.1,104.3,103.9,103.9,-3.9,-4.8,-4.8,0.084,1.13,10.5,0.029,0.148,0.088,9.3,9.3,0.484,0.507,0.183,0.188,99.11,99.92,83.26,99.92,0.095,2121,2.5,6.3,Jordan Hamilton
201941,Jordan,1610612747,LAL,26.0,72,24,48,0.333,1499.7583333333334,286,521,0.549,0,1,0.0,124,181,0.685,194,341,535,54,75,29,64,31,172,163,696,-304,1623.0,15,0,1471.0,1,2013-14,20.8,98.8,99.4,99.4,108.2,108.8,108.8,-9.5,-9.4,-9.4,0.063,0.72,7.4,0.124,0.217,0.17,10.3,10.3,0.549,0.579,0.194,0.197,98.96,98.35,81.96,98.35,0.129,3066,4.0,7.2,Jordan Hill
203268,Jorge,1610612751,BKN,25.0,15,8,7,0.533,244.03666666666663,25,54,0.463,3,12,0.25,9,12,0.75,3,19,22,30,14,10,1,5,37,16,62,-38,152.4,0,0,139.0,1,2013-14,16.3,100.6,98.6,98.6,108.4,107.5,107.5,-7.8,-8.9,-8.9,0.204,2.14,29.1,0.013,0.084,0.048,13.6,13.6,0.491,0.523,0.136,0.141,93.57,94.9,79.09,94.9,0.049,485,1.7,3.6,Jorge Gutierrez
101181,Jose,1610612742,DAL,32.0,81,49,32,0.605,2468.28,341,748,0.456,191,425,0.449,52,63,0.825,29,163,192,377,103,69,11,16,136,98,925,-2,1857.9,1,0,1845.0,1,2013-14,30.5,108.6,108.4,108.4,108.2,108.9,108.9,0.5,-0.5,-0.5,0.223,3.66,30.1,0.013,0.068,0.041,8.2,8.2,0.584,0.596,0.16,0.162,95.84,95.61,79.67,95.61,0.095,4926,4.2,9.2,Jose Calderon
2735,Josh,1610612740,NOP,31.0,4,2,2,0.5,23.843333333333334,0,0,0.0,0,0,0.0,0,0,0.0,0,3,3,2,1,1,0,0,1,0,0,11,8.6,0,0,7.0,1,2013-14,6.0,135.4,135.6,135.6,108.3,104.2,104.2,27.1,31.4,31.4,0.095,2.0,66.7,0.0,0.13,0.0,33.3,33.3,0.0,0.0,0.02,0.02,91.8,93.61,78.01,93.61,0.042,45,0.0,0.0,Josh Childress
202725,Josh,1610612765,DET,25.0,32,12,20,0.375,317.37666666666667,38,82,0.463,12,31,0.387,5,7,0.714,30,46,76,15,10,6,15,3,44,11,93,8,259.7,0,0,238.0,1,2013-14,9.9,100.1,99.2,99.2,100.3,99.2,99.2,-0.1,0.0,0.0,0.074,1.5,13.6,0.084,0.143,0.112,9.1,9.1,0.537,0.547,0.125,0.129,97.35,98.31,81.92,98.31,0.083,654,1.2,2.6,Josh Harrellson
201177,Josh,1610612766,CHA,27.0,78,39,39,0.5,2360.048333333333,247,566,0.436,105,291,0.361,62,85,0.729,85,288,373,333,83,58,46,24,189,95,661,38,1837.1,2,0,1680.0,1,2013-14,30.3,103.4,104.6,104.6,102.4,103.2,103.2,1.0,1.3,1.3,0.215,4.01,32.6,0.037,0.124,0.081,8.1,8.1,0.529,0.548,0.137,0.138,93.01,92.08,76.74,92.08,0.097,4517,3.2,7.3,Josh McRoberts
2694,Josh,1610612745,HOU,31.0,1,0,1,0.0,19.366666666666667,2,6,0.333,0,0,0.0,0,0,0.0,0,5,5,0,1,0,1,2,1,0,4,-7,12.0,0,0,11.0,1,2013-14,19.4,87.7,86.8,86.8,108.2,105.3,105.3,-20.6,-18.4,-18.4,0.0,0.0,0.0,0.0,0.0,0.0,14.3,14.3,0.333,0.333,0.167,0.172,92.45,94.18,78.49,94.18,0.049,38,2.0,6.0,Josh Powell
2746,Josh,1610612765,DET,28.0,77,28,49,0.364,2730.276666666666,517,1233,0.419,70,265,0.264,160,301,0.532,102,418,520,252,199,105,110,39,197,271,1264,-195,2712.0,12,0,2536.0,1,2013-14,35.5,103.1,104.8,104.8,107.2,108.4,108.4,-4.1,-3.6,-3.6,0.147,1.27,13.9,0.034,0.155,0.092,11.0,11.0,0.448,0.463,0.241,0.244,97.86,96.57,80.48,96.57,0.09,5494,6.7,16.0,Josh Smith
201950,Jrue,1610612740,NOP,24.0,34,15,19,0.441,1143.4083333333333,203,454,0.447,30,77,0.39,51,63,0.81,28,114,142,268,105,56,12,29,92,70,487,24,1158.4,9,0,1063.0,1,2013-14,33.6,107.7,108.7,108.7,106.2,107.4,107.4,1.5,1.4,1.4,0.358,2.55,31.4,0.024,0.102,0.063,12.3,12.3,0.48,0.505,0.224,0.226,96.17,95.19,79.32,95.19,0.114,2264,6.0,13.4,Jrue Holiday
202933,Julyan,1610612761,TOR,25.0,21,9,12,0.429,120.07333333333334,7,17,0.412,2,8,0.25,2,3,0.667,2,18,20,12,5,3,0,0,13,4,18,-50,64.0,0,0,58.0,1,2013-14,5.7,88.4,86.6,86.6,109.8,105.9,105.9,-21.4,-19.4,-19.4,0.179,2.4,34.3,0.016,0.149,0.081,14.3,14.2,0.471,0.491,0.087,0.093,90.73,93.34,77.79,93.34,0.066,231,0.3,0.8,Julyan Stone
203120,Justin,1610612748,MIA,24.0,8,4,4,0.5,72.14666666666666,9,20,0.45,3,9,0.333,5,5,1.0,4,3,7,0,4,5,0,1,8,9,26,-23,45.4,0,0,46.0,2,2013-14,9.0,100.6,98.6,98.6,114.4,114.8,114.8,-13.9,-16.2,-16.2,0.0,0.0,0.0,0.063,0.059,0.061,15.4,15.3,0.525,0.586,0.169,0.177,93.69,94.47,78.73,94.47,0.051,142,1.1,2.5,Justin Hamilton
202695,Kawhi,1610612759,SAS,23.0,66,54,12,0.818,1922.575,337,645,0.522,69,182,0.379,101,126,0.802,76,336,412,133,80,114,50,34,127,119,844,374,1949.9,7,0,1786.0,1,2013-14,29.1,107.3,108.0,108.0,97.7,98.1,98.1,9.6,9.9,9.9,0.103,1.66,14.6,0.042,0.167,0.108,8.8,8.8,0.576,0.602,0.18,0.183,97.23,96.7,80.58,96.7,0.132,3868,5.1,9.8,Kawhi Leonard
2586,Keith,1610612738,BOS,34.0,6,1,5,0.167,55.21333333333333,3,6,0.5,3,6,0.5,3,3,1.0,0,3,3,3,1,1,0,1,2,2,12,-6,22.1,0,0,23.0,1,2013-14,9.2,89.4,90.9,90.9,99.1,93.8,93.8,-9.7,-2.9,-2.9,0.088,3.0,30.0,0.0,0.06,0.025,10.0,8.8,0.75,0.82,0.054,0.066,95.12,96.93,80.78,96.93,0.095,110,0.5,1.0,Keith Bogans
203482,Kelly,1610612738,BOS,23.0,70,18,52,0.257,1399.955,234,502,0.466,40,114,0.351,99,122,0.811,140,225,365,109,106,35,27,35,227,125,607,-5,1288.5,3,0,1245.0,1,2013-14,20.0,102.9,104.0,104.0,105.1,104.7,104.7,-2.3,-0.7,-0.7,0.123,1.03,14.2,0.097,0.164,0.129,13.8,13.8,0.506,0.546,0.201,0.205,97.23,96.91,80.76,96.91,0.09,2834,3.3,7.2,Kelly Olynyk
202689,Kemba,1610612766,CHA,24.0,73,38,35,0.521,2613.965,449,1143,0.393,109,327,0.333,282,337,0.837,39,267,306,447,169,86,32,73,128,295,1289,129,2511.7,9,1,2387.0,1,2013-14,35.8,102.2,103.5,103.5,99.1,100.9,100.9,3.1,2.6,2.6,0.291,2.64,23.4,0.015,0.099,0.057,8.8,8.9,0.441,0.499,0.255,0.258,94.7,93.26,77.71,93.26,0.123,5077,6.2,15.7,Kemba Walker
203088,Kendall,1610612747,LAL,22.0,54,14,40,0.259,1563.8466666666666,170,419,0.406,71,178,0.399,19,36,0.528,15,140,155,477,150,48,4,26,76,49,430,-171,1337.5,15,0,1237.0,1,2013-14,29.0,103.3,104.2,104.2,109.0,109.1,109.1,-5.7,-5.0,-5.0,0.426,3.18,45.0,0.01,0.083,0.048,14.2,14.1,0.49,0.494,0.161,0.163,101.4,100.87,84.06,100.87,0.095,3283,3.1,7.8,Kendall Marshall
2570,Kendrick,1610612760,OKC,29.0,62,48,14,0.774,1206.5866666666666,87,193,0.451,0,1,0.0,37,67,0.552,82,223,305,67,90,26,32,25,177,65,211,44,761.5,0,0,699.0,1,2013-14,19.5,102.6,103.2,103.2,100.8,101.6,101.6,1.9,1.6,1.6,0.076,0.74,17.6,0.071,0.174,0.126,23.6,23.7,0.451,0.474,0.115,0.116,97.13,96.47,80.39,96.47,0.042,2428,1.4,3.1,Kendrick Perkins
202702,Kenneth,1610612743,DEN,24.0,80,36,44,0.45,2178.0733333333333,447,820,0.545,0,3,0.0,202,311,0.65,238,446,684,96,135,70,69,66,193,276,1096,-157,2342.8,27,0,2154.0,1,2013-14,27.2,105.8,106.5,106.5,108.6,109.7,109.7,-2.8,-3.2,-3.2,0.071,0.71,8.1,0.103,0.204,0.152,11.4,11.4,0.545,0.573,0.208,0.212,100.75,99.92,83.27,99.92,0.126,4528,5.6,10.3,Kenneth Faried
203145,Kent,1610612747,LAL,24.0,67,35,32,0.522,911.1516666666666,147,343,0.429,43,128,0.336,66,109,0.606,10,107,117,91,79,43,13,13,102,92,403,-251,768.9,0,0,766.0,2,2013-14,13.6,95.3,94.5,94.5,107.1,107.0,107.0,-11.8,-12.4,-12.4,0.167,1.15,16.1,0.01,0.115,0.061,14.0,14.1,0.491,0.515,0.218,0.222,103.07,103.54,86.29,103.54,0.071,1962,2.2,5.1,Kent Bazemore
203484,Kentavious,1610612765,DET,21.0,80,28,52,0.35,1582.513333333333,182,460,0.396,59,185,0.319,47,61,0.77,38,118,156,55,28,75,12,18,145,58,470,-60,972.7,0,0,914.0,1,2013-14,19.8,103.0,103.3,103.3,104.4,104.5,104.5,-1.4,-1.2,-1.2,0.05,1.96,9.7,0.022,0.077,0.047,4.9,4.9,0.46,0.483,0.136,0.138,97.94,97.82,81.52,97.82,0.05,3215,2.3,5.8,Kentavious Caldwell-Pope
2030,Kenyon,1610612752,NYK,36.0,32,13,19,0.406,632.955,63,123,0.512,0,1,0.0,11,19,0.579,36,98,134,50,26,25,27,6,85,21,137,31,502.8,0,0,425.0,1,2013-14,19.8,104.6,103.5,103.5,99.7,100.9,100.9,4.8,2.6,2.6,0.118,1.92,24.0,0.06,0.158,0.11,12.5,12.5,0.512,0.521,0.116,0.119,91.82,91.76,76.47,91.76,0.081,1210,2.0,3.8,Kenyon Martin
201142,Kevin,1610612760,OKC,25.0,81,58,23,0.716,3121.7066666666665,849,1688,0.503,192,491,0.391,703,805,0.873,58,540,598,445,285,103,59,42,174,522,2593,510,4179.1,27,3,4152.0,1,2013-14,38.5,109.7,111.4,111.4,101.7,103.3,103.3,8.0,8.1,8.1,0.259,1.56,16.2,0.02,0.164,0.096,10.3,10.3,0.56,0.635,0.322,0.327,99.05,97.54,81.28,97.54,0.206,6342,10.5,20.8,Kevin Durant
708,Kevin,1610612751,BKN,38.0,54,27,27,0.5,1108.5533333333333,157,356,0.441,0,3,0.0,38,47,0.809,60,298,358,82,69,43,40,9,123,67,352,-27,1084.6,3,0,958.0,1,2013-14,20.5,99.3,99.3,99.3,100.5,100.3,100.3,-1.2,-1.0,-1.0,0.13,1.19,15.5,0.059,0.28,0.172,13.1,13.1,0.441,0.467,0.19,0.194,92.38,92.44,77.04,92.44,0.122,2132,2.9,6.6,Kevin Garnett
201567,Kevin,1610612750,MIN,25.0,77,39,38,0.506,2796.5,650,1421,0.457,190,505,0.376,520,633,0.821,224,739,963,341,196,59,35,63,136,496,2010,356,3763.1,65,3,3692.0,1,2013-14,36.3,108.5,110.5,110.5,104.1,104.6,104.6,4.4,5.9,5.9,0.205,1.74,15.3,0.076,0.267,0.168,8.8,8.8,0.524,0.591,0.281,0.284,101.63,100.46,83.72,100.46,0.191,5858,8.4,18.5,Kevin Love
2755,Kevin,1610612750,MIN,31.0,68,32,36,0.471,2176.918333333333,440,1023,0.43,115,297,0.387,303,340,0.891,34,169,203,121,106,66,6,54,123,222,1298,177,1833.1,1,0,1881.0,1,2013-14,32.0,107.7,109.4,109.4,105.5,105.8,105.8,2.2,3.6,3.6,0.09,1.14,8.7,0.015,0.081,0.046,7.6,7.6,0.486,0.553,0.243,0.248,101.55,100.62,83.85,100.62,0.096,4569,6.5,15.0,Kevin Martin
202338,Kevin,1610612764,WAS,24.0,53,25,28,0.472,578.425,111,220,0.505,0,0,0.0,27,31,0.871,53,75,128,17,41,3,26,14,103,39,249,-31,474.1,0,0,452.0,1,2013-14,10.9,97.4,97.9,97.9,101.8,99.5,99.5,-4.4,-1.6,-1.6,0.054,0.41,5.9,0.09,0.139,0.113,14.1,14.1,0.505,0.533,0.21,0.216,93.29,94.15,78.45,94.15,0.073,1128,2.1,4.2,Kevin Seraphin
203114,Khris,1610612749,MIL,22.0,82,15,67,0.183,2460.3866666666668,376,854,0.44,120,290,0.414,118,137,0.861,60,250,310,169,123,83,20,35,243,126,990,-382,1801.5,0,0,1795.0,1,2013-14,30.0,101.5,102.2,102.2,109.7,109.7,109.7,-8.2,-7.5,-7.5,0.114,1.37,14.0,0.024,0.106,0.064,10.2,10.2,0.511,0.541,0.186,0.19,94.31,93.97,78.3,93.97,0.079,4807,4.6,10.4,Khris Middleton
2550,Kirk,1610612741,CHI,33.0,73,45,28,0.616,2116.4066666666668,243,619,0.393,85,242,0.351,95,125,0.76,31,161,192,286,120,80,26,32,203,152,666,144,1523.4,1,0,1441.0,1,2013-14,29.0,100.0,101.3,101.3,96.6,97.6,97.6,3.4,3.8,3.8,0.224,2.38,26.4,0.015,0.077,0.046,11.1,11.1,0.461,0.494,0.171,0.173,92.68,91.65,76.37,91.65,0.076,4037,3.3,8.5,Kirk Hinrich
202691,Klay,1610612744,GSW,24.0,81,51,30,0.63,2867.7883333333334,559,1259,0.444,223,535,0.417,147,185,0.795,38,211,249,181,135,74,37,48,234,167,1488,534,2256.3,1,0,2363.0,1,2013-14,35.4,109.0,109.4,109.4,99.5,100.3,100.3,9.5,9.1,9.1,0.097,1.34,10.9,0.014,0.07,0.043,8.1,8.2,0.533,0.555,0.224,0.227,98.31,97.77,81.48,97.77,0.084,5842,6.9,15.5,Klay Thompson
977,Kobe,1610612747,LAL,35.0,6,2,4,0.333,177.28333333333333,31,73,0.425,3,16,0.188,18,21,0.857,2,24,26,38,34,7,1,5,9,16,83,-32,161.2,0,0,166.0,1,2013-14,29.5,97.4,98.6,98.6,107.9,106.9,106.9,-10.5,-8.3,-8.3,0.369,1.12,24.7,0.012,0.13,0.074,22.1,22.0,0.445,0.505,0.29,0.293,97.62,97.47,81.23,97.47,0.097,359,5.2,12.2,Kobe Bryant
201585,Kosta,1610612763,MEM,25.0,80,48,32,0.6,1349.365,227,459,0.495,0,0,0.0,60,93,0.645,160,258,418,39,67,32,71,34,182,86,514,38,1316.1,4,0,1177.0,1,2013-14,16.9,101.8,101.4,101.4,99.6,99.7,99.7,2.1,1.7,1.7,0.047,0.58,6.4,0.118,0.195,0.156,11.1,11.1,0.495,0.514,0.187,0.192,92.01,92.11,76.76,92.11,0.104,2587,2.8,5.7,Kosta Koufos
2743,Kris,1610612738,BOS,29.0,69,22,47,0.319,1375.8383333333334,231,461,0.501,0,2,0.0,117,144,0.813,127,282,409,67,64,31,61,23,136,140,579,-176,1382.3,8,0,1239.0,1,2013-14,19.9,97.8,98.7,98.7,105.2,104.3,104.3,-7.3,-5.6,-5.6,0.087,1.05,10.2,0.089,0.213,0.149,9.7,9.8,0.501,0.552,0.189,0.192,94.6,94.62,78.85,94.62,0.132,2700,3.3,6.7,Kris Humphries
2594,Kyle,1610612737,ATL,33.0,71,37,34,0.521,2408.4533333333334,289,609,0.475,185,392,0.472,87,94,0.926,22,260,282,208,102,70,24,13,147,86,850,212,1680.4,0,0,1713.0,1,2013-14,33.9,105.4,106.1,106.1,102.4,103.0,103.0,2.9,3.2,3.2,0.127,2.04,22.1,0.009,0.111,0.06,10.8,10.6,0.626,0.653,0.136,0.141,96.92,96.33,80.28,96.33,0.094,4862,4.1,8.6,Kyle Korver
200768,Kyle,1610612761,TOR,28.0,79,45,34,0.57,2861.951666666667,457,1080,0.423,190,500,0.38,313,385,0.813,88,281,369,586,194,121,15,51,267,390,1417,269,2952.8,18,2,2834.0,1,2013-14,36.2,107.2,108.9,108.9,102.6,104.3,104.3,4.6,4.5,4.5,0.336,3.02,28.9,0.031,0.1,0.065,9.6,9.6,0.511,0.567,0.222,0.226,95.75,94.23,78.53,94.23,0.138,5625,5.8,13.7,Kyle Lowry
203124,Kyle,1610612753,ORL,24.0,69,20,49,0.29,1188.075,186,371,0.501,0,3,0.0,57,83,0.687,100,264,364,78,78,39,88,21,165,72,429,-30,1285.8,2,0,1125.0,1,2013-14,17.2,102.2,101.3,101.3,101.8,102.4,102.4,0.4,-1.2,-1.2,0.104,1.0,13.8,0.09,0.213,0.154,13.8,13.8,0.501,0.526,0.181,0.186,96.79,96.92,80.77,96.92,0.11,2398,2.7,5.4,Kyle O'Quinn
202713,Kyle,1610612765,DET,26.0,82,29,53,0.354,2337.415,269,602,0.447,94,246,0.382,152,184,0.826,116,187,303,75,79,61,38,43,211,153,784,-227,1478.1,1,0,1454.0,1,2013-14,28.5,102.4,103.5,103.5,107.1,108.2,108.2,-4.8,-4.7,-4.7,0.047,0.95,9.0,0.046,0.08,0.062,9.4,9.4,0.525,0.574,0.137,0.14,97.93,96.92,80.76,96.92,0.065,4716,3.3,7.3,Kyle Singler
202681,Kyrie,1610612739,CLE,22.0,71,28,43,0.394,2495.67,532,1237,0.43,123,344,0.358,291,338,0.861,52,207,259,433,190,108,23,57,163,261,1478,-218,2641.3,7,1,2555.0,1,2013-14,35.2,101.7,103.7,103.7,106.8,108.6,108.6,-5.1,-4.9,-4.9,0.311,2.28,21.7,0.02,0.085,0.051,9.5,9.5,0.48,0.533,0.274,0.28,96.02,94.29,78.58,94.29,0.13,4914,7.5,17.4,Kyrie Irving
200746,LaMarcus,1610612757,POR,28.0,69,46,23,0.667,2498.891666666667,652,1423,0.458,3,15,0.2,296,360,0.822,166,599,765,178,123,63,68,41,147,294,1603,368,3058.0,40,0,2811.0,1,2013-14,36.2,110.5,112.1,112.1,103.4,104.6,104.6,7.1,7.5,7.5,0.128,1.45,9.4,0.065,0.229,0.148,6.5,6.5,0.459,0.507,0.296,0.299,97.22,95.95,79.96,95.95,0.155,4992,9.4,20.6,LaMarcus Aldridge
202362,Lance,1610612754,IND,23.0,78,53,25,0.679,2752.04,427,870,0.491,86,244,0.352,140,197,0.711,95,463,558,359,210,54,7,44,195,202,1080,282,2261.1,20,5,2205.0,1,2013-14,35.3,102.9,104.1,104.1,96.8,99.0,99.0,6.1,5.2,5.2,0.217,1.71,23.6,0.037,0.16,0.102,13.8,13.8,0.54,0.564,0.191,0.195,94.96,93.36,77.8,93.36,0.127,5355,5.5,11.2,Lance Stephenson
202498,Lance,1610612740,NOP,26.0,5,3,2,0.6,42.23166666666667,2,9,0.222,0,0,0.0,2,4,0.5,2,5,7,3,2,0,0,4,4,2,6,-3,16.9,0,0,16.0,1,2013-14,8.4,90.4,90.4,90.4,101.6,95.1,95.1,-11.2,-4.8,-4.8,0.12,1.5,18.8,0.047,0.102,0.076,12.5,12.7,0.222,0.279,0.14,0.145,90.75,93.77,78.14,93.77,0.0,83,0.4,1.8,Lance Thomas
202361,Landry,1610612761,TOR,26.0,30,14,16,0.467,322.195,27,67,0.403,0,5,0.0,14,22,0.636,15,44,59,20,11,10,3,6,25,22,68,-37,196.8,0,0,173.0,1,2013-14,10.7,103.9,102.7,102.7,105.2,105.4,105.4,-1.2,-2.7,-2.7,0.096,1.82,18.5,0.049,0.138,0.094,10.2,10.2,0.403,0.443,0.12,0.125,95.09,95.57,79.64,95.57,0.066,632,0.9,2.2,Landry Fields
202336,Larry,1610612749,MIL,25.0,23,3,20,0.13,584.4316666666666,76,162,0.469,0,1,0.0,26,55,0.473,60,105,165,19,26,18,40,22,74,42,178,-111,552.5,2,0,478.0,1,2013-14,25.4,95.4,96.4,96.4,104.7,105.4,105.4,-9.4,-9.1,-9.1,0.055,0.73,8.2,0.095,0.185,0.138,11.2,11.2,0.469,0.478,0.163,0.164,94.01,93.22,77.68,93.22,0.084,1131,3.3,7.0,Larry Sanders
202730,Lavoy,1610612754,IND,25.0,65,18,47,0.277,1071.4583333333333,134,300,0.447,2,13,0.154,33,50,0.66,119,192,311,71,44,24,33,11,126,51,303,-211,909.7,3,0,801.0,2,2013-14,16.5,95.4,94.7,94.7,104.7,103.5,103.5,-9.3,-8.8,-8.8,0.105,1.61,16.2,0.098,0.179,0.136,10.0,10.1,0.45,0.47,0.139,0.143,101.1,102.01,85.01,102.01,0.087,2272,2.1,4.6,Lavoy Allen
2544,LeBron,1610612748,MIA,29.0,77,52,25,0.675,2901.87,767,1353,0.567,116,306,0.379,439,585,0.75,81,452,533,488,270,121,26,42,126,459,2089,409,3631.6,12,1,3520.0,1,2013-14,37.7,111.4,112.0,112.0,103.5,105.1,105.1,7.9,6.9,6.9,0.311,1.81,20.7,0.034,0.165,0.104,11.5,11.4,0.61,0.649,0.303,0.309,94.04,93.04,77.53,93.04,0.2,5634,10.0,17.6,LeBron James
2571,Leandro,1610612756,PHX,31.0,20,12,8,0.6,367.605,56,131,0.427,7,25,0.28,31,39,0.795,5,32,37,32,19,7,4,10,30,30,150,53,256.4,0,0,248.0,1,2013-14,18.4,105.3,106.6,106.6,100.4,98.5,98.5,5.0,8.1,8.1,0.146,1.68,16.1,0.013,0.087,0.049,9.5,9.5,0.454,0.506,0.196,0.199,96.78,97.08,80.9,97.08,0.087,740,2.8,6.6,Leandro Barbosa
203485,Lorenzo,1610612755,PHI,23.0,26,2,24,0.077,223.75,26,86,0.302,3,30,0.1,9,13,0.692,8,20,28,41,16,13,3,10,19,14,64,2,191.1,0,0,168.0,1,2013-14,8.6,94.2,95.0,95.0,97.2,94.2,94.2,-3.0,0.8,0.8,0.281,2.56,27.5,0.03,0.089,0.057,10.7,10.8,0.32,0.349,0.195,0.199,102.89,104.04,86.7,104.04,0.063,484,1.0,3.3,Lorenzo Brown
200811,Lou,1610612741,CHI,31.0,19,11,8,0.579,184.67,16,32,0.5,0,0,0.0,6,24,0.25,28,27,55,6,14,9,11,5,49,21,38,-31,159.0,0,0,139.0,2,2013-14,9.7,96.9,94.5,94.5,101.3,102.2,102.2,-4.4,-7.7,-7.7,0.057,0.43,9.4,0.144,0.146,0.145,21.9,22.4,0.5,0.446,0.136,0.139,94.24,95.0,79.17,95.0,0.005,364,0.8,1.7,Lou Amundson
101150,Lou,1610612737,ATL,27.0,60,26,34,0.433,1444.6516666666666,197,493,0.4,79,231,0.342,152,179,0.849,10,114,124,210,92,45,4,20,65,146,625,-167,1143.8,0,0,1136.0,1,2013-14,24.1,104.4,103.8,103.8,109.5,109.9,109.9,-5.1,-6.1,-6.1,0.234,2.28,24.1,0.007,0.08,0.045,10.6,10.5,0.48,0.547,0.205,0.211,97.06,97.12,80.93,97.12,0.096,2928,3.3,8.2,Lou Williams
201601,Luc,1610612750,MIN,27.0,64,31,33,0.484,1003.0233333333332,87,193,0.451,4,17,0.235,46,67,0.687,56,90,146,36,40,30,14,24,68,58,224,-153,545.2,0,0,498.0,2,2013-14,15.7,99.0,99.0,99.0,106.5,106.4,106.4,-7.5,-7.4,-7.4,0.056,0.9,12.0,0.052,0.092,0.071,13.4,13.4,0.461,0.503,0.112,0.115,96.1,96.19,80.16,96.19,0.054,2008,1.4,3.0,Luc Mbah a Moute
2449,Luis,1610612754,IND,34.0,82,56,26,0.683,1399.125,263,560,0.47,1,7,0.143,99,136,0.728,86,305,391,81,108,26,16,30,164,123,626,4,1234.7,1,0,1183.0,1,2013-14,17.1,98.0,98.5,98.5,97.8,98.3,98.3,0.2,0.2,0.2,0.106,0.75,10.0,0.063,0.215,0.141,13.3,13.4,0.471,0.505,0.234,0.237,95.06,94.57,78.81,94.57,0.115,2756,3.2,6.8,Luis Scola
202337,Luke,1610612740,NOP,25.0,27,9,18,0.333,473.39,60,154,0.39,36,95,0.379,14,18,0.778,18,70,88,29,15,7,11,8,52,16,170,70,358.1,0,0,359.0,1,2013-14,17.5,114.8,114.8,114.8,107.6,106.9,106.9,7.2,7.9,7.9,0.089,1.93,14.0,0.042,0.16,0.101,7.2,7.3,0.506,0.525,0.173,0.176,92.07,92.37,76.98,92.37,0.072,910,2.2,5.7,Luke Babbitt
2557,Luke,1610612766,CHA,33.0,61,22,39,0.361,1140.5216666666668,126,327,0.385,37,108,0.343,17,26,0.654,23,74,97,176,66,32,8,8,92,57,306,-198,740.4,0,0,696.0,2,2013-14,18.7,99.0,98.4,98.4,107.3,107.2,107.2,-8.2,-8.8,-8.8,0.248,2.67,30.3,0.02,0.069,0.044,11.4,11.4,0.442,0.452,0.161,0.165,93.29,93.6,78.0,93.6,0.063,2223,2.1,5.4,Luke Ridnour
2736,Luol,1610612739,CLE,29.0,63,29,34,0.46,2212.6666666666665,371,860,0.431,57,189,0.302,212,268,0.791,99,262,361,183,114,62,9,62,111,237,1011,7,1817.7,8,0,1754.0,2,2013-14,35.1,101.9,103.8,103.8,102.3,103.8,103.8,-0.4,0.0,0.0,0.141,1.61,14.3,0.043,0.117,0.08,8.9,8.9,0.465,0.517,0.22,0.222,94.58,93.03,77.53,93.03,0.107,4292,5.9,13.7,Luol Deng
203146,Maalik,1610612746,LAC,23.0,2,2,0,1.0,9.373333333333331,1,2,0.5,0,0,0.0,0,0,0.0,0,2,2,2,0,2,0,0,4,0,2,-10,13.4,0,0,10.0,1,2013-14,4.7,96.7,90.5,90.5,110.4,116.0,116.0,-13.6,-25.5,-25.5,0.333,0.0,50.0,0.0,0.167,0.0,0.0,0.0,0.5,0.5,0.095,0.102,117.58,117.78,98.15,117.78,0.086,21,0.5,1.0,Maalik Wayns
202952,Malcolm,1610612762,UTA,25.0,8,2,6,0.25,62.725,7,16,0.438,1,4,0.25,0,2,0.0,5,16,21,2,9,0,3,0,5,3,15,5,43.2,0,0,45.0,2,2013-14,7.8,111.3,110.0,110.0,108.0,103.0,103.0,3.3,7.0,7.0,0.043,0.22,7.1,0.1,0.211,0.167,32.1,32.3,0.469,0.444,0.181,0.184,98.01,101.01,84.18,101.01,0.049,130,0.9,2.0,Malcolm Thomas
202412,Manny,1610612747,LAL,24.0,9,2,7,0.222,179.705,28,70,0.4,7,20,0.35,10,12,0.833,7,27,34,11,9,4,1,6,10,14,73,-51,136.3,0,0,135.0,1,2013-14,20.0,98.8,97.8,97.8,109.7,110.2,110.2,-10.9,-12.4,-12.4,0.104,1.22,11.8,0.036,0.142,0.088,9.7,9.4,0.45,0.485,0.2,0.211,98.71,98.96,82.47,98.96,0.084,368,3.1,7.8,Manny Harris
1938,Manu,1610612759,SAS,36.0,68,52,16,0.765,1550.4516666666666,294,627,0.469,90,258,0.349,160,188,0.851,30,172,202,293,139,70,17,32,128,194,838,421,1641.9,1,0,1597.0,1,2013-14,22.8,112.5,112.2,112.2,99.5,99.3,99.3,13.0,12.9,12.9,0.274,2.11,25.7,0.021,0.107,0.067,12.2,12.2,0.541,0.59,0.238,0.244,98.71,98.91,82.43,98.91,0.132,3199,4.3,9.2,Manu Ginobili
202705,MarShon,1610612747,LAL,25.0,35,13,22,0.371,316.61,57,125,0.456,13,25,0.52,32,44,0.727,10,44,54,25,24,14,4,7,21,41,159,25,291.3,0,0,287.0,3,2013-14,9.0,105.8,104.7,104.7,101.6,101.0,101.0,4.2,3.7,3.7,0.121,1.04,12.9,0.033,0.132,0.085,12.4,12.4,0.508,0.551,0.227,0.232,101.41,102.18,85.15,102.18,0.108,674,1.6,3.6,MarShon Brooks
201188,Marc,1610612763,MEM,29.0,59,40,19,0.678,1970.2316666666663,336,711,0.473,2,11,0.182,185,241,0.768,84,340,424,215,111,59,76,27,150,279,859,15,1984.3,10,0,1770.0,1,2013-14,33.4,101.7,103.4,103.4,102.2,103.3,103.3,-0.4,0.0,0.0,0.18,1.94,18.8,0.046,0.185,0.116,9.7,9.7,0.474,0.526,0.22,0.223,91.67,90.45,75.37,90.45,0.131,3719,5.7,12.1,Marc Gasol
101162,Marcin,1610612764,WAS,30.0,81,44,37,0.543,2654.975,455,840,0.542,1,1,1.0,157,229,0.686,202,565,767,138,126,41,121,51,201,209,1068,292,2555.4,37,0,2298.0,1,2013-14,32.8,104.6,105.9,105.9,99.8,100.4,100.4,4.8,5.5,5.5,0.08,1.1,11.5,0.077,0.218,0.147,10.5,10.5,0.542,0.568,0.179,0.18,96.19,95.31,79.43,95.31,0.125,5273,5.6,10.4,Marcin Gortat
201158,Marco,1610612759,SAS,28.0,80,61,19,0.763,2015.825,337,695,0.485,126,293,0.43,111,131,0.847,18,208,226,179,95,50,7,31,130,153,911,261,1526.7,1,0,1556.0,1,2013-14,25.2,109.9,109.9,109.9,102.6,102.9,102.9,7.3,7.1,7.1,0.13,1.88,17.6,0.01,0.101,0.058,9.3,9.3,0.576,0.605,0.186,0.191,97.24,97.13,80.94,97.13,0.1,4066,4.2,8.7,Marco Belinelli
202694,Marcus,1610612756,PHX,24.0,82,48,34,0.585,1799.881666666667,288,651,0.442,99,260,0.381,121,159,0.761,84,235,319,88,95,72,18,25,157,142,796,122,1485.8,0,0,1482.0,1,2013-14,21.9,108.6,107.9,107.9,103.8,104.5,104.5,4.8,3.4,3.4,0.077,0.93,9.7,0.048,0.131,0.09,10.5,10.5,0.518,0.552,0.197,0.202,98.09,98.05,81.71,98.05,0.096,3675,3.5,7.9,Marcus Morris Sr.
201977,Marcus,1610612751,BKN,27.0,72,33,39,0.458,1740.6733333333334,252,639,0.394,109,316,0.345,90,112,0.804,57,141,198,77,67,58,11,19,110,85,703,-31,1196.1,0,0,1225.0,2,2013-14,24.2,104.4,105.0,105.0,105.1,105.3,105.3,-0.6,-0.3,-0.3,0.072,1.15,9.3,0.033,0.084,0.058,8.1,8.1,0.48,0.511,0.193,0.196,94.87,94.53,78.77,94.53,0.074,3418,3.5,8.9,Marcus Thornton
201596,Mario,1610612748,MIA,28.0,73,49,24,0.671,2178.1366666666668,254,560,0.454,87,226,0.385,121,163,0.742,41,173,214,357,162,119,16,39,210,172,716,304,1751.3,1,0,1644.0,1,2013-14,29.8,110.7,110.9,110.9,102.6,104.2,104.2,8.1,6.7,6.7,0.232,2.2,31.1,0.022,0.085,0.055,14.1,14.1,0.531,0.567,0.17,0.173,94.55,93.72,78.1,93.72,0.085,4261,3.5,7.7,Mario Chalmers
202693,Markieff,1610612756,PHX,24.0,81,47,34,0.58,2153.1,411,845,0.486,34,108,0.315,259,327,0.792,139,346,485,144,147,68,51,35,232,260,1115,135,2123.0,11,0,2016.0,1,2013-14,26.6,107.2,107.1,107.1,102.9,103.6,103.6,4.2,3.4,3.4,0.112,0.98,11.2,0.066,0.159,0.113,11.4,11.5,0.507,0.564,0.228,0.232,98.53,98.25,81.87,98.25,0.122,4399,5.1,10.4,Markieff Morris
203104,Marquis,1610612751,BKN,21.0,40,20,20,0.5,442.415,38,119,0.319,5,18,0.278,26,35,0.743,1,39,40,58,39,10,5,19,46,29,107,-69,248.0,0,0,240.0,2,2013-14,11.1,93.2,94.1,94.1,102.5,102.2,102.2,-9.3,-8.1,-8.1,0.222,1.49,25.0,0.002,0.09,0.045,16.8,16.9,0.34,0.398,0.176,0.18,93.65,93.36,77.8,93.36,0.031,861,1.0,3.0,Marquis Teague
201578,Marreese,1610612744,GSW,26.0,79,48,31,0.608,982.23,195,442,0.441,8,31,0.258,110,134,0.821,101,189,290,32,66,10,34,20,148,120,508,-121,970.0,1,0,926.0,1,2013-14,12.4,95.6,94.6,94.6,101.4,99.1,99.1,-5.8,-4.6,-4.6,0.061,0.48,5.4,0.097,0.185,0.141,11.1,11.0,0.45,0.507,0.243,0.251,98.99,100.67,83.89,100.67,0.103,2046,2.5,5.6,Marreese Speights
101110,Martell,1610612764,WAS,27.0,78,42,36,0.538,2157.115,254,587,0.433,146,372,0.392,105,125,0.84,38,184,222,97,58,41,15,11,150,127,759,-13,1280.9,1,0,1336.0,1,2013-14,27.7,104.4,104.3,104.3,104.9,104.8,104.8,-0.5,-0.4,-0.4,0.068,1.67,12.2,0.018,0.092,0.054,7.3,7.3,0.557,0.591,0.144,0.148,95.02,95.12,79.26,95.12,0.074,4277,3.3,7.5,Martell Webster
101107,Marvin,1610612762,UTA,28.0,66,24,42,0.364,1673.5816666666667,231,526,0.439,84,234,0.359,57,73,0.781,82,252,334,78,53,54,31,17,151,72,603,-174,1322.8,3,0,1269.0,1,2013-14,25.4,104.7,104.9,104.9,110.4,110.6,110.6,-5.6,-5.7,-5.7,0.075,1.47,11.3,0.05,0.16,0.104,7.7,7.7,0.519,0.54,0.167,0.17,93.08,92.87,77.39,92.87,0.088,3243,3.5,8.0,Marvin Williams
203486,Mason,1610612751,BKN,24.0,70,37,33,0.529,1274.7616666666668,199,302,0.659,0,3,0.0,122,195,0.626,99,209,308,60,77,49,55,35,171,143,520,-91,1214.6,4,0,1096.0,1,2013-14,18.2,106.0,104.8,104.8,107.3,108.1,108.1,-1.3,-3.3,-3.3,0.082,0.78,11.4,0.084,0.175,0.13,14.6,14.7,0.659,0.67,0.168,0.172,93.9,94.06,78.38,94.06,0.114,2494,2.8,4.3,Mason Plumlee
2440,Matt,1610612746,LAC,34.0,63,45,18,0.714,1735.236666666667,231,527,0.438,97,283,0.343,66,90,0.733,60,232,292,125,85,56,28,27,185,65,625,353,1329.9,2,0,1307.0,1,2013-14,27.5,113.0,114.3,114.3,103.9,103.9,103.9,9.1,10.4,10.4,0.101,1.47,16.0,0.036,0.125,0.083,10.9,10.9,0.53,0.552,0.162,0.163,99.35,98.81,82.34,98.81,0.076,3564,3.7,8.4,Matt Barnes
2588,Matt,1610612759,SAS,34.0,61,43,18,0.705,690.0433333333333,73,164,0.445,42,98,0.429,9,12,0.75,16,114,130,31,16,15,11,3,49,11,197,112,461.5,1,0,452.0,1,2013-14,11.3,108.9,107.0,107.0,101.9,100.9,100.9,7.0,6.1,6.1,0.063,1.94,14.3,0.024,0.163,0.095,7.4,7.4,0.573,0.582,0.119,0.122,95.08,96.38,80.31,96.38,0.084,1399,1.2,2.7,Matt Bonner
203521,Matthew,1610612739,CLE,23.0,72,29,43,0.403,1271.07,122,296,0.412,57,155,0.368,38,48,0.792,29,94,123,187,60,33,5,6,121,63,339,71,821.1,3,0,782.0,1,2013-14,17.7,104.7,104.1,104.1,100.9,100.4,100.4,3.8,3.7,3.7,0.217,3.12,33.2,0.022,0.072,0.047,10.6,10.6,0.508,0.534,0.128,0.132,95.52,95.99,80.0,95.99,0.073,2531,1.7,4.1,Matthew Dellavedova
203090,Maurice,1610612753,ORL,21.0,80,22,58,0.275,1949.6066666666663,224,483,0.464,59,154,0.383,85,143,0.594,69,195,264,80,86,97,50,44,140,108,592,-306,1383.8,1,0,1289.0,1,2013-14,24.4,99.2,99.8,99.8,106.4,107.2,107.2,-7.2,-7.4,-7.4,0.063,0.93,11.2,0.036,0.103,0.069,12.0,12.1,0.525,0.542,0.145,0.147,96.18,95.48,79.56,95.48,0.071,3868,2.8,6.0,Maurice Harkless
2408,Melvin,1610612740,NOP,36.0,2,2,0,1.0,27.25,3,6,0.5,0,0,0.0,0,0,0.0,0,1,1,0,0,0,1,0,5,0,6,-15,10.2,0,0,9.0,1,2013-14,13.6,129.6,125.0,125.0,143.2,150.0,150.0,-13.6,-25.0,-25.0,0.0,0.0,0.0,0.0,0.045,0.024,0.0,0.0,0.5,0.5,0.113,0.117,86.88,86.31,71.93,86.31,-0.004,48,1.5,3.0,Melvin Ely
1897,Metta,1610612752,NYK,34.0,29,10,19,0.345,388.2033333333333,56,141,0.397,17,54,0.315,10,16,0.625,18,41,59,17,19,24,8,7,44,24,139,-3,312.3,0,0,296.0,1,2013-14,13.4,102.2,99.6,99.6,100.1,99.0,99.0,2.1,0.6,0.6,0.07,0.89,9.2,0.045,0.112,0.077,10.3,10.3,0.457,0.469,0.187,0.195,96.04,97.8,81.5,97.8,0.067,787,1.9,4.9,Metta World Peace
203086,Meyers,1610612757,POR,22.0,40,20,20,0.5,355.21166666666664,41,91,0.451,0,6,0.0,16,21,0.762,26,85,111,18,15,7,5,3,76,26,98,-87,279.2,0,0,251.0,1,2013-14,8.9,96.9,96.2,96.2,109.3,108.1,108.1,-12.3,-12.0,-12.0,0.08,1.2,13.5,0.07,0.234,0.151,11.3,11.3,0.451,0.489,0.135,0.139,100.87,101.82,84.85,101.82,0.063,755,1.0,2.3,Meyers Leonard
201563,Michael,1610612748,MIA,25.0,55,36,19,0.655,831.4216666666666,177,355,0.499,21,54,0.389,61,79,0.772,31,141,172,42,57,23,21,18,93,54,436,-45,780.4,0,0,759.0,1,2013-14,15.1,106.9,105.0,105.0,107.9,107.8,107.8,-1.0,-2.8,-2.8,0.088,0.74,8.6,0.043,0.186,0.117,11.7,11.7,0.528,0.559,0.247,0.255,93.39,94.28,78.56,94.28,0.108,1633,3.2,6.5,Michael Beasley
203487,Michael,1610612755,PHI,22.0,70,18,52,0.257,2413.9133333333334,427,1054,0.405,55,208,0.264,258,367,0.703,101,336,437,441,247,130,43,110,213,354,1167,-450,2624.9,16,2,2446.0,1,2013-14,34.5,99.1,100.9,100.9,108.1,109.1,109.1,-9.0,-8.2,-8.2,0.292,1.79,23.1,0.038,0.141,0.087,13.0,13.0,0.431,0.48,0.254,0.256,101.9,100.48,83.73,100.48,0.104,5036,6.1,15.1,Michael Carter-Williams
203077,Michael,1610612766,CHA,20.0,62,35,27,0.565,1502.0683333333334,167,353,0.473,1,9,0.111,113,184,0.614,109,215,324,52,60,43,39,38,145,140,448,9,1100.8,1,0,989.0,1,2013-14,24.2,100.8,102.0,102.0,98.8,100.6,100.6,2.0,1.4,1.4,0.055,0.87,9.5,0.075,0.141,0.109,10.9,11.0,0.475,0.516,0.153,0.155,93.14,91.71,76.43,91.71,0.075,2855,2.7,5.7,Michael Kidd-Gilchrist
201144,Mike,1610612763,MEM,26.0,73,46,27,0.63,2445.8783333333336,463,1030,0.45,105,291,0.361,225,276,0.815,41,172,213,441,150,110,13,50,141,248,1256,151,2392.1,5,0,2261.0,1,2013-14,33.5,105.0,107.1,107.1,103.7,104.1,104.1,1.4,3.0,3.0,0.293,2.94,25.4,0.017,0.076,0.046,8.6,8.6,0.5,0.545,0.24,0.244,92.16,91.03,75.86,91.03,0.13,4644,6.3,14.1,Mike Conley
2399,Mike,1610612741,CHI,33.0,82,48,34,0.585,2583.715,333,774,0.43,123,324,0.38,140,164,0.854,46,299,345,186,108,64,46,21,163,161,929,176,1844.0,0,0,1803.0,1,2013-14,31.5,100.3,101.7,101.7,97.5,98.6,98.6,2.7,3.0,3.0,0.119,1.72,16.4,0.018,0.116,0.068,9.5,9.5,0.51,0.549,0.166,0.17,93.01,91.85,76.54,91.85,0.096,4957,4.1,9.4,Mike Dunleavy
200839,Mike,1610612762,UTA,31.0,20,1,19,0.05,224.78666666666663,29,61,0.475,0,2,0.0,26,27,0.963,15,18,33,5,11,16,7,4,36,20,84,14,189.1,0,0,168.0,1,2013-14,11.2,99.2,99.1,99.1,97.5,96.5,96.5,1.7,2.6,2.6,0.037,0.45,5.6,0.061,0.078,0.069,12.2,12.4,0.475,0.576,0.158,0.161,96.59,97.16,80.97,97.16,0.082,456,1.5,3.1,Mike Harris
2229,Mike,1610612741,CHI,39.0,11,3,8,0.273,77.10666666666667,5,21,0.238,1,5,0.2,0,2,0.0,0,7,7,17,5,2,0,2,11,5,11,-8,45.9,0,0,40.0,1,2013-14,7.0,105.5,103.7,103.7,110.6,107.2,107.2,-5.1,-3.5,-3.5,0.347,3.4,38.6,0.0,0.109,0.052,11.4,11.4,0.262,0.251,0.171,0.175,83.54,85.6,71.33,85.6,0.013,136,0.5,1.9,Mike James
2034,Mike,1610612763,MEM,34.0,82,50,32,0.61,1706.48,213,443,0.481,107,233,0.459,46,56,0.821,30,177,207,130,77,26,5,7,95,50,579,-52,1038.4,0,0,1085.0,1,2013-14,20.8,103.6,103.7,103.7,106.0,106.3,106.3,-2.5,-2.6,-2.6,0.116,1.69,19.4,0.018,0.111,0.063,11.5,11.4,0.602,0.619,0.14,0.144,93.54,93.34,77.79,93.34,0.092,3335,2.6,5.4,Mike Miller
203488,Mike,1610612737,ATL,22.0,20,10,10,0.5,214.97,31,73,0.425,0,3,0.0,14,14,1.0,17,35,52,7,12,3,10,5,29,16,76,-92,175.9,0,0,161.0,1,2013-14,10.7,94.3,92.8,92.8,114.8,114.5,114.5,-20.4,-21.7,-21.7,0.058,0.58,7.1,0.078,0.181,0.127,12.2,12.2,0.425,0.48,0.185,0.192,97.99,98.92,82.43,98.92,0.065,445,1.6,3.7,Mike Muscala
203118,Mike,1610612737,ATL,25.0,80,36,44,0.45,1481.815,301,628,0.479,62,200,0.31,103,132,0.78,62,222,284,75,79,30,7,27,121,109,767,-192,1252.3,1,0,1262.0,1,2013-14,18.5,101.3,100.9,100.9,107.6,107.3,107.3,-6.3,-6.4,-6.4,0.091,0.95,8.9,0.043,0.154,0.098,9.4,9.4,0.529,0.559,0.232,0.239,96.57,96.95,80.79,96.95,0.104,2993,3.8,7.9,Mike Scott
203101,Miles,1610612756,PHX,25.0,80,47,33,0.588,1963.7183333333328,286,553,0.517,0,0,0.0,74,132,0.561,198,428,626,43,111,50,90,33,185,116,646,46,1770.7,11,0,1595.0,1,2013-14,24.5,105.0,105.6,105.6,103.3,104.3,104.3,1.7,1.3,1.3,0.033,0.39,5.6,0.101,0.216,0.159,14.5,14.5,0.517,0.529,0.16,0.163,97.6,96.88,80.73,96.88,0.101,3961,3.6,6.9,Miles Plumlee
203545,Miroslav,1610612749,MIL,26.0,48,7,41,0.146,464.5466666666667,68,126,0.54,0,0,0.0,45,55,0.818,54,54,108,23,28,7,13,17,84,49,181,-49,377.1,0,0,352.0,1,2013-14,9.7,101.7,100.3,100.3,107.7,105.5,105.5,-6.0,-5.2,-5.2,0.084,0.82,11.4,0.114,0.116,0.115,13.9,13.9,0.54,0.603,0.167,0.172,94.05,95.63,79.69,95.63,0.08,925,1.4,2.6,Miroslav Raduljica
203141,Mirza,1610612751,BKN,28.0,72,41,31,0.569,1395.5883333333334,221,529,0.418,136,349,0.39,44,62,0.71,60,206,266,57,54,29,23,23,143,55,622,-95,1128.7,2,0,1185.0,1,2013-14,19.4,105.6,105.0,105.0,109.0,109.0,109.0,-3.4,-4.0,-4.0,0.069,1.06,8.6,0.045,0.157,0.1,8.1,8.1,0.546,0.559,0.197,0.202,94.36,94.58,78.82,94.58,0.09,2757,3.1,7.3,Mirza Teletovic
2590,Mo,1610612757,POR,31.0,74,49,25,0.662,1833.236666666667,280,672,0.417,83,225,0.369,78,89,0.876,42,111,153,321,149,55,10,19,197,110,721,74,1432.1,2,0,1408.0,1,2013-14,24.8,106.1,108.2,108.2,105.9,105.7,105.7,0.2,2.5,2.5,0.266,2.15,27.2,0.022,0.058,0.04,12.6,12.6,0.478,0.507,0.2,0.203,98.08,97.24,81.04,97.24,0.075,3705,3.8,9.1,Mo Williams
101145,Monta,1610612742,DAL,28.0,82,49,33,0.598,3022.555,576,1278,0.451,69,209,0.33,339,430,0.788,38,257,295,471,264,141,23,44,197,378,1560,48,2848.5,6,0,2723.0,1,2013-14,36.9,108.8,108.9,108.9,107.3,108.2,108.2,1.4,0.6,0.6,0.245,1.78,21.3,0.013,0.088,0.051,12.0,12.0,0.478,0.532,0.257,0.26,95.96,95.51,79.59,95.51,0.106,6019,7.0,15.6,Monta Ellis
201203,Mustafa,1610612760,OKC,29.0,3,2,1,0.667,11.483333333333333,0,3,0.0,0,1,0.0,1,2,0.5,0,0,0,4,2,0,0,0,2,1,1,-8,5.0,0,0,5.0,1,2013-14,3.8,58.2,57.7,57.7,87.8,88.5,88.5,-29.6,-30.8,-30.8,0.667,2.0,40.0,0.0,0.0,0.0,20.0,20.2,0.0,0.129,0.222,0.228,108.6,108.68,90.57,108.68,-0.109,26,0.0,1.0,Mustafa Shakur
201986,Nando,1610612761,TOR,27.0,47,36,11,0.766,494.37,64,153,0.418,18,53,0.34,31,35,0.886,14,59,73,65,35,22,6,7,48,38,177,-2,411.1,0,0,389.0,2,2013-14,10.5,105.7,104.1,104.1,106.4,106.1,106.1,-0.7,-2.0,-2.0,0.203,1.86,24.2,0.029,0.125,0.077,13.0,13.0,0.477,0.526,0.18,0.186,94.94,95.78,79.82,95.78,0.092,995,1.4,3.3,Nando De Colo
101126,Nate,1610612743,DEN,30.0,44,22,22,0.5,866.0783333333334,164,383,0.428,58,154,0.377,71,85,0.835,21,60,81,112,58,36,4,18,92,83,457,85,784.2,0,0,788.0,1,2013-14,19.7,105.4,104.4,104.4,98.8,99.9,99.9,6.7,4.5,4.5,0.226,1.93,19.0,0.025,0.063,0.045,9.9,9.8,0.504,0.544,0.236,0.246,97.1,96.99,80.82,96.99,0.107,1753,3.7,8.7,Nate Robinson
203489,Nate,1610612749,MIL,23.0,58,10,48,0.172,1309.3583333333331,170,389,0.437,18,62,0.29,59,90,0.656,33,116,149,187,57,35,15,30,67,88,417,-26,969.3,0,0,871.0,1,2013-14,22.6,101.1,101.7,101.7,102.9,102.7,102.7,-1.8,-1.0,-1.0,0.227,3.28,27.8,0.025,0.09,0.057,8.5,8.5,0.46,0.486,0.163,0.167,94.57,94.38,78.65,94.38,0.093,2574,2.9,6.7,Nate Wolters
1737,Nazr,1610612741,CHI,36.0,80,47,33,0.588,562.4383333333334,54,126,0.429,0,0,0.0,16,30,0.533,66,109,175,20,37,14,30,8,77,30,124,-17,459.0,0,0,407.0,1,2013-14,7.0,92.9,92.5,92.5,93.5,93.1,93.1,-0.6,-0.6,-0.6,0.066,0.54,10.2,0.121,0.188,0.156,18.9,18.9,0.429,0.445,0.144,0.148,90.17,90.55,75.46,90.55,0.081,1055,0.7,1.6,Nazr Mohammed
203517,Nemanja,1610612744,GSW,23.0,24,17,7,0.708,142.35666666666663,8,39,0.205,3,18,0.167,7,8,0.875,3,12,15,13,13,0,1,3,13,9,26,-69,53.5,0,0,59.0,1,2013-14,5.9,86.7,83.3,83.3,106.3,105.6,105.6,-19.6,-22.3,-22.3,0.16,1.0,18.8,0.02,0.079,0.05,18.8,19.0,0.244,0.306,0.162,0.17,100.66,103.01,85.84,103.01,-0.013,305,0.3,1.6,Nemanja Nedovic
2403,ene,1610612764,WAS,31.0,53,30,23,0.566,1560.385,299,594,0.503,1,5,0.2,155,266,0.583,65,229,294,153,117,64,47,31,164,256,754,118,1552.3,2,0,1424.0,1,2013-14,29.4,102.6,103.1,103.1,99.3,99.7,99.7,3.3,3.4,3.4,0.166,1.31,15.5,0.043,0.155,0.098,11.9,11.9,0.504,0.53,0.237,0.24,96.19,95.71,79.76,95.71,0.108,3118,5.6,11.2,Nene
201979,Nick,1610612763,MEM,25.0,71,42,29,0.592,1172.575,142,311,0.457,19,61,0.311,44,72,0.611,23,114,137,207,101,66,8,25,117,83,347,20,942.9,0,0,858.0,1,2013-14,16.5,100.7,100.2,100.2,98.8,98.9,98.9,1.9,1.3,1.3,0.273,2.05,31.9,0.022,0.098,0.062,15.6,15.5,0.487,0.506,0.172,0.177,92.76,92.9,77.42,92.9,0.093,2265,2.0,4.4,Nick Calathes
2555,Nick,1610612760,OKC,33.0,81,58,23,0.716,1353.1766666666667,134,241,0.556,4,17,0.235,66,93,0.71,116,177,293,104,71,30,28,25,187,116,338,335,948.6,0,0,855.0,1,2013-14,16.7,111.3,111.2,111.2,99.1,98.2,98.2,12.2,13.0,13.0,0.108,1.46,22.7,0.089,0.129,0.109,15.5,15.5,0.564,0.599,0.115,0.116,96.61,97.05,80.88,97.05,0.073,2726,1.7,3.0,Nick Collison
201156,Nick,1610612747,LAL,29.0,64,21,43,0.328,1809.486666666667,387,889,0.435,135,350,0.386,235,285,0.825,29,137,166,95,95,46,12,35,156,209,1144,-86,1564.7,0,0,1656.0,1,2013-14,28.3,104.9,105.5,105.5,107.1,107.6,107.6,-2.2,-2.1,-2.1,0.091,1.0,8.0,0.016,0.072,0.044,8.0,7.9,0.511,0.564,0.263,0.27,99.95,99.49,82.91,99.49,0.092,3747,6.0,13.9,Nick Young
201587,Nicolas,1610612757,POR,25.0,82,54,28,0.659,2955.978333333333,381,819,0.465,145,402,0.361,163,203,0.803,116,495,611,420,208,75,57,18,156,203,1070,329,2621.2,16,2,2510.0,1,2013-14,36.0,109.9,111.1,111.1,104.8,105.7,105.7,5.1,5.4,5.4,0.208,2.02,27.3,0.038,0.161,0.1,13.5,13.5,0.554,0.589,0.162,0.164,97.7,96.75,80.62,96.75,0.118,5962,4.6,10.0,Nicolas Batum
201593,Nikola,1610612750,MIN,28.0,54,27,27,0.5,1663.4366666666667,379,701,0.541,0,0,0.0,186,249,0.747,206,262,468,50,84,30,23,70,129,208,944,277,1655.6,23,0,1568.0,1,2013-14,30.8,108.4,110.6,110.6,102.8,102.9,102.9,5.6,7.7,7.7,0.049,0.6,5.3,0.117,0.163,0.139,8.9,8.9,0.541,0.582,0.223,0.225,100.35,99.29,82.74,99.29,0.125,3446,7.0,13.0,Nikola Pekovic
202696,Nikola,1610612753,ORL,23.0,57,19,38,0.333,1812.265,353,696,0.507,0,0,0.0,105,137,0.766,185,441,626,104,112,60,47,37,169,138,811,-176,1927.2,36,0,1755.0,1,2013-14,31.8,100.4,101.6,101.6,105.5,106.7,106.7,-5.1,-5.1,-5.1,0.098,0.93,10.7,0.101,0.248,0.174,11.5,11.5,0.507,0.536,0.214,0.216,96.19,95.11,79.26,95.11,0.134,3595,6.2,12.2,Nikola Vučević
202708,Norris,1610612748,MIA,25.0,82,54,28,0.659,2014.34,207,500,0.414,60,174,0.345,53,68,0.779,17,143,160,248,127,77,5,36,156,81,527,102,1210.0,0,0,1159.0,1,2013-14,24.6,107.0,106.3,106.3,102.9,103.4,103.4,4.2,2.9,2.9,0.187,1.95,27.4,0.01,0.077,0.045,14.0,14.0,0.474,0.497,0.153,0.157,92.27,92.39,76.99,92.39,0.062,3872,2.5,6.1,Norris Cole
201564,O.J.,1610612749,MIL,26.0,52,10,42,0.192,1346.11,224,550,0.407,84,227,0.37,76,88,0.864,24,100,124,113,95,28,13,35,111,76,608,-357,954.3,0,0,1011.0,1,2013-14,25.9,94.6,95.3,95.3,108.4,108.2,108.2,-13.8,-12.9,-12.9,0.152,1.19,14.2,0.017,0.076,0.046,12.0,11.9,0.484,0.516,0.225,0.229,95.02,94.78,78.98,94.78,0.074,2651,4.3,10.6,O.J. Mayo
203136,Ognjen,1610612744,GSW,24.0,21,16,5,0.762,92.46666666666668,5,13,0.385,0,0,0.0,5,11,0.455,10,11,21,2,10,3,4,1,17,7,15,-60,54.2,0,0,52.0,1,2013-14,4.4,86.8,85.0,85.0,114.1,114.6,114.6,-27.3,-29.7,-29.7,0.034,0.2,6.7,0.088,0.121,0.103,33.3,33.5,0.385,0.42,0.12,0.126,105.79,106.68,88.9,106.68,-0.01,206,0.2,0.6,Ognjen Kuzmic
201600,Omer,1610612745,HOU,27.0,48,32,16,0.667,968.0883333333334,101,190,0.532,0,0,0.0,78,126,0.619,101,277,378,25,59,14,37,30,92,96,280,58,865.1,6,0,785.0,1,2013-14,20.2,105.5,105.0,105.0,102.1,102.0,102.0,3.4,3.1,3.1,0.039,0.42,7.5,0.104,0.263,0.187,17.7,17.9,0.532,0.57,0.134,0.136,100.23,100.5,83.75,100.5,0.109,2025,2.1,4.0,Omer Asik
201956,Omri,1610612745,HOU,26.0,71,46,25,0.648,1282.8333333333333,173,410,0.422,61,176,0.347,83,122,0.68,55,205,260,88,72,44,14,23,100,97,490,147,1036.0,1,0,1015.0,1,2013-14,18.1,107.1,106.3,106.3,101.0,100.9,100.9,6.2,5.3,5.3,0.105,1.22,14.0,0.043,0.144,0.096,11.5,11.5,0.496,0.528,0.177,0.181,100.0,100.43,83.69,100.43,0.095,2686,2.4,5.8,Omri Casspi
203111,Orlando,1610612758,SAC,25.0,45,34,11,0.756,392.375,36,113,0.319,9,47,0.191,19,26,0.731,9,46,55,20,15,6,2,14,26,18,100,-22,205.0,0,0,200.0,2,2013-14,8.7,92.0,91.7,91.7,96.7,96.2,96.2,-4.7,-4.5,-4.5,0.087,1.33,12.6,0.022,0.113,0.067,9.4,9.4,0.358,0.402,0.154,0.161,94.31,94.68,78.9,94.68,0.051,781,0.8,2.5,Orlando Johnson
201785,Othyus,1610612750,MIN,28.0,6,2,4,0.333,46.70166666666667,3,6,0.5,0,2,0.0,3,4,0.75,1,8,9,1,1,0,0,0,3,2,9,29,20.3,0,0,19.0,2,2013-14,7.8,120.9,119.1,119.1,91.2,88.5,88.5,29.7,30.6,30.6,0.026,1.0,10.0,0.032,0.174,0.117,10.0,10.2,0.5,0.58,0.088,0.09,88.43,90.45,75.37,90.45,0.072,89,0.5,1.0,Othyus Jeffers
203490,Otto,1610612764,WAS,21.0,37,20,17,0.541,318.9533333333333,33,91,0.363,4,21,0.19,8,12,0.667,21,36,57,10,14,8,1,3,26,13,78,-6,174.4,0,0,167.0,1,2013-14,8.6,95.2,94.7,94.7,100.1,96.7,96.7,-4.8,-2.0,-2.0,0.051,0.71,8.4,0.064,0.13,0.094,11.8,11.6,0.385,0.405,0.146,0.152,93.42,95.34,79.45,95.34,0.046,637,0.9,2.5,Otto Porter Jr.
200782,P.J.,1610612756,PHX,29.0,81,48,33,0.593,2490.1266666666666,265,615,0.431,74,191,0.387,156,201,0.776,161,368,529,141,102,110,23,51,204,206,760,126,1903.3,11,0,1770.0,1,2013-14,30.7,107.6,108.3,108.3,104.7,105.9,105.9,2.9,2.4,2.4,0.08,1.38,14.9,0.064,0.146,0.105,10.7,10.8,0.491,0.54,0.139,0.14,98.87,98.04,81.7,98.04,0.088,5089,3.3,7.6,P.J. Tucker
203143,Pablo,1610612752,NYK,37.0,66,29,37,0.439,1282.5233333333333,88,191,0.461,65,140,0.464,11,12,0.917,36,93,129,228,60,67,2,5,132,61,252,32,895.8,0,0,812.0,1,2013-14,19.4,106.8,106.3,106.3,105.0,104.6,104.6,1.7,1.7,1.7,0.258,3.8,47.1,0.029,0.084,0.055,12.4,12.4,0.631,0.642,0.093,0.095,90.67,91.08,75.9,91.08,0.09,2429,1.3,2.9,Pablo Prigioni
201976,Patrick,1610612745,HOU,25.0,56,39,17,0.696,1750.7,199,481,0.414,92,255,0.361,83,102,0.814,72,124,196,151,66,77,23,31,174,105,573,293,1268.7,0,0,1212.0,1,2013-14,31.3,110.9,112.3,112.3,101.9,104.0,104.0,9.0,8.3,8.3,0.123,2.29,20.3,0.044,0.068,0.056,8.9,8.9,0.509,0.545,0.147,0.149,97.53,95.92,79.93,95.92,0.07,3500,3.6,8.6,Patrick Beverley
202335,Patrick,1610612761,TOR,25.0,65,37,28,0.569,1532.46,225,489,0.46,55,151,0.364,50,71,0.704,117,225,342,78,65,55,37,12,159,64,555,168,1293.4,1,0,1214.0,2,2013-14,23.6,106.8,107.0,107.0,100.8,101.6,101.6,6.0,5.3,5.3,0.083,1.2,11.7,0.074,0.15,0.111,9.8,9.8,0.516,0.533,0.17,0.173,94.54,94.11,78.42,94.11,0.095,3008,3.5,7.5,Patrick Patterson
201988,Patty,1610612759,SAS,25.0,81,62,19,0.765,1527.4633333333334,309,666,0.464,135,318,0.425,73,82,0.89,34,135,169,149,63,68,9,21,114,108,826,338,1420.3,0,0,1433.0,1,2013-14,18.9,109.1,108.4,108.4,98.3,97.5,97.5,10.8,10.9,10.9,0.157,2.37,16.4,0.023,0.084,0.055,6.9,6.9,0.565,0.588,0.219,0.225,97.05,97.76,81.47,97.76,0.12,3110,3.8,8.2,Patty Mills
2200,Pau,1610612747,LAL,33.0,60,21,39,0.35,1884.2216666666664,425,885,0.48,4,14,0.286,187,254,0.736,124,456,580,201,141,27,92,57,124,231,1041,-354,2254.5,30,0,2064.0,1,2013-14,31.4,101.3,102.2,102.2,110.4,110.8,110.8,-9.1,-8.6,-8.6,0.184,1.43,15.0,0.065,0.228,0.148,10.5,10.5,0.482,0.522,0.261,0.264,101.02,100.36,83.63,100.36,0.136,3933,7.1,14.8,Pau Gasol
202331,Paul,1610612754,IND,24.0,80,54,26,0.675,2898.3083333333334,577,1362,0.424,182,500,0.364,401,464,0.864,64,478,542,283,224,151,22,67,198,386,1737,371,3106.9,12,1,3090.0,1,2013-14,36.2,102.7,104.5,104.5,96.3,98.0,98.0,6.4,6.5,6.5,0.177,1.26,13.7,0.023,0.157,0.093,10.9,10.8,0.49,0.555,0.278,0.282,94.94,93.3,77.75,93.3,0.157,5635,7.2,17.0,Paul George
200794,Paul,1610612737,ATL,29.0,74,36,38,0.486,2481.668333333333,483,1047,0.461,76,212,0.358,286,391,0.731,154,473,627,232,185,129,78,69,210,354,1328,124,2864.4,30,1,2677.0,1,2013-14,33.5,104.0,105.2,105.2,102.6,103.3,103.3,1.4,1.9,1.9,0.16,1.25,14.2,0.064,0.193,0.129,11.3,11.3,0.498,0.545,0.251,0.254,97.26,96.38,80.32,96.38,0.135,4996,6.5,14.1,Paul Millsap
1718,Paul,1610612751,BKN,36.0,75,42,33,0.56,2098.0383333333334,321,712,0.451,112,300,0.373,256,310,0.826,26,322,348,178,153,86,31,40,190,243,1010,71,1892.6,1,0,1882.0,1,2013-14,28.0,103.7,104.0,104.0,101.6,102.5,102.5,2.1,1.5,1.5,0.146,1.16,15.1,0.014,0.163,0.09,13.0,13.0,0.529,0.595,0.221,0.226,93.76,93.17,77.64,93.17,0.12,4077,4.3,9.5,Paul Pierce
203544,Pero,1610612737,ATL,31.0,50,23,27,0.46,924.8083333333332,123,294,0.418,56,171,0.327,50,66,0.758,57,152,209,58,55,19,12,12,126,89,352,131,727.8,3,0,737.0,1,2013-14,18.5,104.8,104.9,104.9,101.0,99.9,99.9,3.8,5.0,5.0,0.1,1.05,13.2,0.061,0.168,0.114,12.6,12.6,0.514,0.545,0.178,0.182,96.68,97.08,80.9,97.08,0.077,1889,2.5,5.9,Pero Antic
203103,Perry,1610612760,OKC,22.0,62,45,17,0.726,764.4866666666667,83,181,0.459,22,61,0.361,28,42,0.667,28,86,114,26,21,14,19,8,62,33,216,54,469.8,0,0,444.0,1,2013-14,12.3,106.7,105.0,105.0,101.0,101.5,101.5,5.7,3.5,3.5,0.05,1.24,10.5,0.039,0.11,0.076,8.5,8.5,0.519,0.541,0.126,0.13,96.05,96.57,80.47,96.57,0.066,1538,1.3,2.9,Perry Jones III
203491,Peyton,1610612765,DET,23.0,24,9,15,0.375,224.34,18,57,0.316,7,25,0.28,11,15,0.733,2,12,14,34,18,9,1,8,27,17,54,-32,133.8,0,0,129.0,1,2013-14,9.3,101.6,102.6,102.6,108.0,107.7,107.7,-6.3,-5.1,-5.1,0.258,1.89,29.3,0.008,0.058,0.031,15.5,15.6,0.377,0.425,0.162,0.165,90.63,90.29,75.24,90.29,0.033,417,0.8,2.4,Peyton Siva
203515,Phil,1610612738,BOS,23.0,75,23,52,0.307,1131.6466666666668,78,253,0.308,28,106,0.264,29,45,0.644,20,85,105,241,87,68,5,10,97,54,213,-27,832.5,2,0,733.0,1,2013-14,15.1,101.7,102.0,102.0,102.6,102.4,102.4,-0.9,-0.4,-0.4,0.305,2.77,40.0,0.018,0.077,0.047,14.5,14.5,0.364,0.39,0.141,0.143,95.49,95.44,79.53,95.44,0.066,2241,1.0,3.4,Phil Pressey
203112,Quincy,1610612758,SAC,23.0,63,22,41,0.349,847.695,66,141,0.468,4,15,0.267,35,53,0.66,72,144,216,28,30,23,26,10,122,51,171,-136,589.2,0,0,517.0,2,2013-14,13.5,102.3,102.1,102.1,110.0,108.2,108.2,-7.8,-6.1,-6.1,0.051,0.93,12.6,0.08,0.167,0.123,13.5,13.5,0.482,0.52,0.099,0.101,96.29,97.2,81.0,97.2,0.063,1702,1.0,2.2,Quincy Acy
203113,Quincy,1610612743,DEN,21.0,52,21,31,0.404,789.1016666666667,94,256,0.367,30,94,0.319,39,55,0.709,36,111,147,26,48,22,32,16,70,41,257,-60,586.4,1,0,568.0,1,2013-14,15.2,103.3,103.5,103.5,107.6,107.0,107.0,-4.3,-3.5,-3.5,0.047,0.54,7.3,0.042,0.141,0.09,13.5,13.6,0.426,0.459,0.169,0.173,101.86,102.07,85.06,102.07,0.052,1677,1.8,4.9,Quincy Miller
202347,Quincy,1610612763,MEM,26.0,15,7,8,0.467,270.30833333333334,31,79,0.392,11,34,0.324,21,26,0.808,10,16,26,20,15,5,1,8,18,20,94,-106,158.2,0,0,163.0,1,2013-14,18.0,95.9,95.2,95.2,113.9,115.0,115.0,-18.0,-19.8,-19.8,0.126,1.33,16.0,0.039,0.065,0.052,12.0,12.0,0.462,0.52,0.178,0.183,92.17,92.07,76.73,92.07,0.06,517,2.1,5.3,Quincy Pondexter
200765,Rajon,1610612738,BOS,28.0,30,6,24,0.2,998.2316666666668,141,350,0.403,26,90,0.289,42,67,0.627,22,142,164,294,99,40,2,27,65,81,350,-172,1014.8,13,1,918.0,1,2013-14,33.3,99.4,101.4,101.4,110.2,110.6,110.6,-10.7,-9.2,-9.2,0.48,2.97,38.1,0.021,0.163,0.085,12.8,12.8,0.44,0.461,0.207,0.209,95.95,94.85,79.04,94.85,0.124,1977,4.7,11.7,Rajon Rondo
201196,Ramon,1610612749,MIL,28.0,83,30,53,0.361,2214.036666666667,330,769,0.429,35,124,0.282,326,404,0.807,38,165,203,340,148,49,9,61,90,288,1021,-165,1800.6,3,0,1715.0,2,2013-14,26.7,101.7,102.1,102.1,105.4,105.6,105.6,-3.7,-3.6,-3.6,0.258,2.3,23.6,0.017,0.074,0.046,10.3,10.3,0.452,0.539,0.219,0.223,95.33,95.06,79.21,95.06,0.114,4380,4.0,9.3,Ramon Sessions
200751,Randy,1610612743,DEN,30.0,81,36,45,0.444,2484.971666666667,361,875,0.413,189,498,0.38,157,185,0.849,36,196,232,287,145,67,39,43,205,133,1068,-126,1949.9,4,0,1988.0,1,2013-14,30.7,104.0,105.4,105.4,107.3,108.0,108.0,-3.2,-2.6,-2.6,0.173,1.98,20.8,0.013,0.077,0.044,10.5,10.4,0.521,0.558,0.182,0.185,101.4,100.41,83.67,100.41,0.083,5203,4.5,10.8,Randy Foye
1740,Rashard,1610612748,MIA,34.0,60,41,19,0.683,971.005,98,236,0.415,46,134,0.343,26,33,0.788,24,86,110,57,35,53,8,6,90,38,268,51,633.5,0,0,603.0,1,2013-14,16.2,107.4,105.8,105.8,103.0,103.2,103.2,4.4,2.6,2.6,0.088,1.63,16.7,0.029,0.096,0.064,10.2,10.2,0.513,0.535,0.138,0.143,91.92,92.59,77.16,92.59,0.064,1874,1.6,3.9,Rashard Lewis
2446,Rasual,1610612754,IND,35.0,50,30,20,0.6,378.22833333333335,51,110,0.464,26,62,0.419,8,14,0.571,6,35,41,17,11,7,9,1,30,11,136,-44,247.7,0,0,252.0,1,2013-14,7.6,99.8,97.9,97.9,105.6,104.4,104.4,-5.8,-6.6,-6.6,0.075,1.55,11.7,0.016,0.09,0.053,7.6,7.6,0.582,0.585,0.151,0.157,93.2,94.61,78.84,94.61,0.079,748,1.0,2.2,Rasual Butler
951,Ray,1610612748,MIA,38.0,73,47,26,0.644,1935.765,240,543,0.442,116,309,0.375,105,116,0.905,23,182,205,143,84,54,8,9,115,94,701,162,1263.5,0,0,1289.0,1,2013-14,26.5,108.6,108.4,108.4,104.1,104.8,104.8,4.5,3.7,3.7,0.117,1.7,17.7,0.014,0.102,0.059,10.4,10.2,0.549,0.59,0.162,0.168,92.32,92.12,76.77,92.12,0.091,3727,3.3,7.4,Ray Allen
203492,Ray,1610612758,SAC,23.0,45,16,29,0.356,896.705,113,300,0.377,22,59,0.373,32,43,0.744,18,61,79,120,39,22,9,22,69,42,280,-95,608.8,1,0,563.0,1,2013-14,19.9,102.7,103.8,103.8,108.6,108.6,108.6,-5.9,-4.8,-4.8,0.216,3.08,25.2,0.02,0.071,0.045,8.2,8.2,0.413,0.439,0.176,0.179,94.67,94.16,78.47,94.16,0.063,1754,2.5,6.7,Ray McCallum
101109,Raymond,1610612752,NYK,30.0,65,31,34,0.477,2017.31,240,608,0.395,62,195,0.318,88,122,0.721,54,143,197,365,129,78,27,31,157,128,630,25,1599.9,2,0,1464.0,1,2013-14,31.0,106.6,108.1,108.1,106.9,107.8,107.8,-0.3,0.3,0.3,0.275,2.83,31.5,0.027,0.076,0.051,11.1,11.2,0.446,0.476,0.181,0.182,92.64,91.61,76.34,91.61,0.082,3856,3.7,9.4,Raymond Felton
203493,Reggie,1610612746,LAC,23.0,43,30,13,0.698,395.5733333333333,43,121,0.355,22,73,0.301,7,9,0.778,11,43,54,12,13,9,1,2,26,11,115,-16,214.8,0,0,223.0,1,2013-14,9.2,97.0,96.0,96.0,97.8,97.5,97.5,-0.8,-1.5,-1.5,0.049,0.92,8.0,0.026,0.095,0.062,8.7,8.7,0.446,0.46,0.149,0.154,99.67,100.35,83.63,100.35,0.055,825,1.0,2.8,Reggie Bullock Jr.
2501,Reggie,1610612758,SAC,34.0,54,18,36,0.333,898.9816666666667,71,150,0.473,0,0,0.0,72,130,0.554,115,219,334,21,58,37,3,28,119,97,214,-99,708.3,2,0,649.0,2,2013-14,16.6,100.0,101.6,101.6,107.0,107.5,107.5,-7.0,-5.8,-5.8,0.037,0.36,7.2,0.125,0.26,0.19,19.9,20.3,0.473,0.516,0.132,0.131,94.84,93.89,78.24,93.89,0.082,1760,1.3,2.8,Reggie Evans
202704,Reggie,1610612760,OKC,24.0,80,57,23,0.713,2277.47,403,916,0.44,83,245,0.339,158,177,0.893,43,270,313,331,168,85,9,57,142,159,1047,349,2033.1,2,0,1962.0,1,2013-14,28.5,108.6,109.0,109.0,100.5,101.6,101.6,8.0,7.4,7.4,0.231,1.97,22.2,0.02,0.113,0.068,11.2,11.3,0.485,0.527,0.223,0.227,97.37,96.67,80.55,96.67,0.115,4591,5.0,11.5,Reggie Jackson
202130,Reggie,1610612760,OKC,27.0,3,3,0,1.0,16.683333333333334,5,9,0.556,1,3,0.333,0,0,0.0,0,0,0,1,2,1,0,0,1,0,11,-5,13.5,0,0,15.0,1,2013-14,5.6,96.5,88.2,88.2,102.0,106.1,106.1,-5.5,-17.8,-17.8,0.143,0.5,8.3,0.0,0.0,0.0,16.7,16.7,0.611,0.611,0.289,0.314,94.08,96.38,80.32,96.38,0.105,34,1.7,3.0,Reggie Williams
2210,Richard,1610612762,UTA,34.0,82,25,57,0.305,2212.583333333333,294,654,0.45,123,301,0.409,120,162,0.741,18,201,219,130,94,56,14,31,168,149,831,-413,1404.8,0,0,1443.0,1,2013-14,27.0,100.3,101.0,101.0,110.4,110.9,110.9,-10.1,-9.9,-9.9,0.098,1.38,13.7,0.008,0.097,0.052,9.9,9.9,0.544,0.573,0.17,0.173,93.22,92.68,77.23,92.68,0.073,4276,3.6,8.0,Richard Jefferson
203495,Ricky,1610612742,DAL,21.0,11,5,6,0.455,33.18,6,17,0.353,3,8,0.375,4,4,1.0,0,2,2,2,2,1,0,0,2,2,19,9,25.4,0,0,28.0,1,2013-14,3.0,114.1,107.2,107.2,101.0,91.5,91.5,13.1,15.7,15.7,0.1,1.0,8.7,0.0,0.056,0.031,8.7,8.8,0.441,0.506,0.276,0.293,93.45,101.27,84.39,101.27,0.074,69,0.5,1.5,Ricky Ledo
201937,Ricky,1610612750,MIN,23.0,82,40,42,0.488,2637.893333333333,255,670,0.381,44,133,0.331,227,283,0.802,61,281,342,704,221,191,11,67,218,279,781,379,2632.4,15,2,2275.0,1,2013-14,32.2,109.2,111.0,111.0,103.9,104.4,104.4,5.3,6.6,6.6,0.362,3.19,40.8,0.022,0.11,0.065,12.8,12.9,0.413,0.491,0.161,0.162,101.46,100.34,83.62,100.34,0.105,5522,3.1,8.2,Ricky Rubio
203133,Robbie,1610612750,MIN,25.0,53,26,27,0.491,655.1533333333333,67,177,0.379,32,89,0.36,15,16,0.938,35,97,132,23,10,16,2,6,57,21,181,36,417.9,0,0,404.0,1,2013-14,12.4,103.7,104.4,104.4,102.6,101.9,101.9,1.1,2.5,2.5,0.052,2.3,10.6,0.049,0.152,0.098,4.6,4.6,0.469,0.492,0.123,0.126,98.4,98.36,81.97,98.36,0.072,1344,1.3,3.3,Robbie Hummel
203496,Robert,1610612745,HOU,23.0,7,4,3,0.571,33.83,6,14,0.429,4,11,0.364,0,0,0.0,2,3,5,0,1,2,0,0,3,1,16,17,27.0,0,0,29.0,1,2013-14,4.8,118.2,114.5,114.5,91.1,87.3,87.3,27.1,27.2,27.2,0.0,0.0,0.0,0.0,0.075,0.0,6.7,6.7,0.571,0.571,0.192,0.203,95.69,99.32,82.77,99.32,0.078,69,0.9,2.0,Robert Covington
203135,Robert,1610612747,LAL,25.0,65,20,45,0.308,1088.8,143,300,0.477,0,0,0.0,64,94,0.681,82,172,254,51,44,24,47,28,134,89,350,-153,900.3,0,0,797.0,1,2013-14,16.8,101.6,101.5,101.5,107.3,107.1,107.1,-5.7,-5.6,-5.6,0.072,1.16,11.6,0.073,0.153,0.113,10.0,10.1,0.477,0.513,0.154,0.155,101.5,101.68,84.74,101.68,0.07,2295,2.2,4.6,Robert Sacre
201577,Robin,1610612757,POR,26.0,82,54,28,0.659,2603.616666666667,355,644,0.551,0,1,0.0,198,242,0.818,326,374,700,73,84,25,139,30,196,203,908,316,2265.5,29,0,2009.0,1,2013-14,31.8,109.5,110.6,110.6,103.8,104.6,104.6,5.8,6.0,6.0,0.041,0.87,8.0,0.122,0.138,0.13,9.2,9.3,0.551,0.605,0.139,0.141,96.95,96.08,80.07,96.08,0.102,5212,4.3,7.9,Robin Lopez
201155,Rodney,1610612765,DET,28.0,73,27,46,0.37,1950.3833333333332,372,853,0.436,24,88,0.273,244,292,0.836,39,130,169,152,125,54,10,49,131,213,1012,-164,1509.8,0,0,1485.0,1,2013-14,26.7,103.8,105.1,105.1,108.7,109.5,109.5,-4.9,-4.4,-4.4,0.129,1.22,12.2,0.019,0.067,0.042,10.0,9.9,0.45,0.516,0.24,0.246,97.05,96.07,80.06,96.07,0.087,3907,5.1,11.7,Rodney Stuckey
2427,Roger,1610612748,MIA,33.0,25,18,7,0.72,259.98833333333334,25,67,0.373,17,48,0.354,7,7,1.0,1,21,22,19,9,6,1,0,26,3,74,-4,140.9,0,0,146.0,1,2013-14,10.4,110.7,107.6,107.6,109.5,107.6,107.6,1.2,0.1,0.1,0.105,2.11,19.6,0.004,0.086,0.046,9.3,9.2,0.5,0.528,0.137,0.145,92.73,94.9,79.08,94.9,0.046,512,1.0,2.7,Roger Mason Jr.
200758,Ronnie,1610612741,CHI,29.0,24,17,7,0.708,160.28833333333333,3,15,0.2,1,8,0.125,0,2,0.0,2,12,14,10,2,6,1,0,4,2,7,-50,57.8,0,0,46.0,2,2013-14,6.7,102.9,97.3,97.3,112.6,112.6,112.6,-9.7,-15.3,-15.3,0.085,5.0,35.7,0.013,0.07,0.043,7.1,7.2,0.233,0.22,0.05,0.053,97.13,99.87,83.23,99.87,0.027,334,0.1,0.6,Ronnie Brewer
101179,Ronnie,1610612753,ORL,31.0,31,9,22,0.29,376.90833333333336,28,92,0.304,9,43,0.209,9,13,0.692,8,35,43,66,26,25,2,4,50,24,74,-21,279.6,0,0,246.0,1,2013-14,12.2,96.9,96.5,96.5,99.6,99.3,99.3,-2.8,-2.8,-2.8,0.263,2.54,34.7,0.021,0.098,0.058,13.7,13.7,0.353,0.379,0.15,0.153,94.05,94.37,78.64,94.37,0.053,741,0.9,3.0,Ronnie Price
101142,Ronny,1610612750,MIN,31.0,31,16,15,0.516,605.645,64,107,0.598,0,0,0.0,21,50,0.42,55,119,174,24,24,8,50,13,65,54,149,-23,543.8,0,0,463.0,1,2013-14,19.5,101.9,102.0,102.0,103.0,103.0,103.0,-1.2,-1.0,-1.0,0.06,1.0,13.6,0.087,0.193,0.139,13.6,13.6,0.598,0.578,0.11,0.112,97.37,97.32,81.1,97.32,0.089,1223,2.1,3.5,Ronny Turiaf
201579,Roy,1610612754,IND,27.0,81,55,26,0.679,2408.9616666666666,331,754,0.439,2,5,0.4,207,269,0.77,202,336,538,91,148,29,182,47,269,269,871,358,2138.1,15,0,1924.0,1,2013-14,29.7,103.4,105.2,105.2,95.9,97.5,97.5,7.5,7.8,7.8,0.06,0.61,8.2,0.09,0.13,0.111,13.3,13.3,0.44,0.499,0.193,0.195,94.07,92.51,77.1,92.51,0.08,4642,4.1,9.3,Roy Hibbert
2767,Royal,1610612760,OKC,32.0,2,2,0,1.0,4.8,0,2,0.0,0,1,0.0,0,0,0.0,0,1,1,0,0,0,0,0,1,0,0,-4,1.2,0,0,1.0,1,2013-14,2.4,106.4,75.0,75.0,126.9,125.0,125.0,-20.5,-50.0,-50.0,0.0,0.0,0.0,0.0,0.0,0.0,0.0,0.0,0.0,0.0,0.167,0.207,67.6,80.0,66.67,80.0,-0.308,8,0.0,1.0,Royal Ivey
203091,Royce,1610612758,SAC,23.0,3,1,2,0.333,8.906666666666666,0,1,0.0,0,0,0.0,0,0,0.0,0,0,0,0,0,0,0,0,2,0,0,-6,0.0,0,0,0.0,1,2013-14,3.0,97.3,84.2,84.2,134.8,115.8,115.8,-37.5,-31.6,-31.6,0.0,0.0,0.0,0.0,0.0,0.0,0.0,0.0,0.0,0.0,0.053,0.061,88.28,102.4,85.33,102.4,-0.074,19,0.0,0.3,Royce White
200752,Rudy,1610612758,SAC,27.0,73,27,46,0.37,2530.7266666666665,537,1179,0.455,65,197,0.33,318,387,0.822,113,324,437,209,224,95,56,79,171,272,1457,-68,2523.9,11,0,2470.0,2,2013-14,34.7,104.1,105.7,105.7,106.0,106.8,106.8,-2.0,-1.1,-1.1,0.146,0.93,11.7,0.045,0.133,0.089,12.6,12.6,0.483,0.54,0.271,0.274,96.36,95.23,79.36,95.23,0.124,5015,7.4,16.2,Rudy Gay
203497,Rudy,1610612762,UTA,22.0,45,7,38,0.156,433.69166666666666,36,74,0.486,0,0,0.0,32,65,0.492,51,104,155,7,32,8,41,7,57,60,104,-25,415.5,0,0,364.0,1,2013-14,9.6,95.3,94.7,94.7,98.8,96.7,96.7,-3.5,-2.0,-2.0,0.026,0.22,4.9,0.114,0.226,0.171,22.4,22.6,0.486,0.507,0.134,0.137,95.08,96.4,80.33,96.4,0.09,867,0.8,1.6,Rudy Gobert
201566,Russell,1610612760,OKC,25.0,46,34,12,0.739,1411.7033333333334,346,791,0.437,68,214,0.318,242,293,0.826,55,208,263,319,177,88,7,39,104,207,1002,221,1904.1,11,2,1842.0,1,2013-14,30.7,110.8,112.1,112.1,102.5,104.6,104.6,8.3,7.5,7.5,0.38,1.8,22.5,0.041,0.136,0.092,12.5,12.5,0.48,0.545,0.33,0.333,101.31,99.71,83.09,99.71,0.161,2933,7.5,17.2,Russell Westbrook
201583,Ryan,1610612740,NOP,26.0,22,12,10,0.545,794.7533333333333,155,354,0.438,67,164,0.409,59,62,0.952,66,76,142,17,20,10,7,13,47,51,436,30,662.9,4,0,696.0,1,2013-14,36.1,110.8,112.3,112.3,109.1,110.3,110.3,1.7,2.0,2.0,0.032,0.85,4.1,0.081,0.098,0.089,4.8,4.8,0.532,0.572,0.216,0.22,96.05,94.85,79.04,94.85,0.101,1570,7.0,16.1,Ryan Anderson
101155,Ryan,1610612760,OKC,31.0,5,3,2,0.6,34.25,3,8,0.375,0,2,0.0,0,0,0.0,0,4,4,1,1,0,0,1,5,0,6,7,11.3,0,0,11.0,1,2013-14,6.9,86.4,83.6,83.6,76.6,77.1,77.1,9.8,6.4,6.4,0.048,1.0,10.0,0.0,0.114,0.058,10.0,10.0,0.375,0.375,0.11,0.115,98.89,100.2,83.5,100.2,0.0,73,0.6,1.6,Ryan Gomes
200797,Ryan,1610612746,LAC,29.0,61,43,18,0.705,481.7916666666667,53,72,0.736,0,0,0.0,35,56,0.625,31,59,90,8,29,9,31,8,87,53,141,9,352.0,0,0,319.0,1,2013-14,7.9,105.0,101.0,101.0,98.7,97.2,97.2,6.3,3.8,3.8,0.026,0.28,6.0,0.068,0.108,0.09,21.8,21.7,0.736,0.73,0.113,0.12,98.61,101.32,84.43,101.32,0.06,1002,0.9,1.2,Ryan Hollins
203527,Ryan,1610612747,LAL,23.0,59,15,44,0.254,1311.8666666666666,157,371,0.423,48,142,0.338,110,135,0.815,42,177,219,95,47,32,45,23,147,121,472,-86,1061.3,2,0,988.0,1,2013-14,22.2,105.6,105.8,105.8,108.9,108.3,108.3,-3.3,-2.5,-2.5,0.104,2.02,16.7,0.032,0.129,0.081,8.3,8.2,0.488,0.548,0.155,0.159,101.86,102.07,85.05,102.07,0.072,2782,2.7,6.3,Ryan Kelly
2223,Samuel,1610612742,DAL,34.0,80,48,32,0.6,1613.68,214,377,0.568,0,1,0.0,101,137,0.737,200,341,541,38,90,41,94,36,210,102,529,20,1550.2,5,0,1378.0,1,2013-14,20.2,106.2,105.5,105.5,104.4,104.6,104.6,1.8,0.8,0.8,0.035,0.42,6.7,0.133,0.218,0.176,15.8,15.9,0.568,0.605,0.148,0.149,95.28,95.48,79.57,95.48,0.101,3207,2.7,4.7,Samuel Dalembert
2756,Sasha,1610612746,LAC,30.0,2,1,1,0.5,10.386666666666668,2,5,0.4,1,2,0.5,0,0,0.0,0,3,3,0,3,1,0,1,1,1,5,-12,8.6,0,0,11.0,1,2013-14,5.2,77.3,73.9,73.9,119.8,116.0,116.0,-42.6,-42.1,-42.1,0.0,0.0,0.0,0.0,0.214,0.0,37.5,37.5,0.5,0.5,0.296,0.32,106.75,110.91,92.43,110.91,0.045,23,1.0,2.5,Sasha Vujacic
203816,Scotty,1610612739,CLE,24.0,2,2,0,1.0,6.766666666666667,0,4,0.0,0,2,0.0,1,2,0.5,0,0,0,1,0,1,0,1,0,1,1,-6,5.5,0,0,4.0,1,2013-14,3.4,79.3,73.3,73.3,92.4,106.3,106.3,-13.1,-32.9,-32.9,0.2,0.0,16.7,0.0,0.0,0.0,0.0,0.0,0.0,0.102,0.294,0.307,114.49,109.95,91.63,109.95,-0.095,15,0.0,2.0,Scotty Hopson
201586,Serge,1610612760,OKC,24.0,81,59,22,0.728,2665.9333333333334,524,978,0.536,23,60,0.383,156,199,0.784,224,485,709,85,123,39,219,33,233,163,1227,404,2856.3,29,0,2560.0,1,2013-14,32.9,108.4,109.8,109.8,101.0,102.5,102.5,7.4,7.3,7.3,0.051,0.69,6.7,0.09,0.171,0.133,9.6,9.7,0.548,0.576,0.195,0.196,98.65,97.29,81.07,97.29,0.124,5407,6.5,12.1,Serge Ibaka
203508,Sergey,1610612739,CLE,20.0,22,7,15,0.318,155.82333333333332,12,35,0.343,4,19,0.211,9,10,0.9,0,16,16,6,11,3,1,1,22,11,37,-49,66.2,0,0,71.0,1,2013-14,7.1,89.7,88.9,88.9,105.3,103.1,103.1,-15.6,-14.2,-14.2,0.059,0.55,10.5,0.0,0.106,0.051,19.3,19.5,0.4,0.47,0.142,0.144,98.44,99.96,83.3,99.96,0.01,323,0.5,1.6,Sergey Karasev
203552,Seth,1610612739,CLE,23.0,2,1,1,0.5,12.916666666666666,1,3,0.333,1,1,1.0,0,0,0.0,0,1,1,0,0,2,0,0,0,2,3,1,10.2,0,0,9.0,2,2013-14,6.5,80.6,88.9,88.9,85.6,88.5,88.5,-4.9,0.4,0.4,0.0,0.0,0.0,0.0,0.0,0.0,0.0,0.0,0.5,0.5,0.103,0.101,105.24,98.48,82.06,98.48,0.086,27,0.5,1.5,Seth Curry
203498,Shabazz,1610612750,MIN,21.0,37,21,16,0.568,289.9483333333333,57,124,0.46,3,11,0.273,26,40,0.65,24,29,53,6,16,8,1,15,24,29,143,-75,226.6,0,0,223.0,1,2013-14,7.8,98.2,97.6,97.6,112.1,110.7,110.7,-13.9,-13.0,-13.0,0.038,0.38,3.7,0.075,0.094,0.084,9.9,9.8,0.472,0.505,0.222,0.232,96.92,97.84,81.53,97.84,0.08,592,1.5,3.4,Shabazz Muhammad
2203,Shane,1610612748,MIA,35.0,73,49,24,0.671,1467.5833333333333,105,275,0.382,73,210,0.348,15,23,0.652,34,104,138,63,21,50,39,6,124,67,298,195,804.1,0,0,750.0,1,2013-14,20.1,109.8,110.4,110.4,101.4,103.1,103.1,8.5,7.2,7.2,0.057,3.0,17.1,0.027,0.076,0.053,5.7,5.7,0.515,0.523,0.098,0.099,94.56,93.53,77.94,93.53,0.043,2854,1.4,3.8,Shane Battier
202197,Shane,1610612739,CLE,27.0,2,0,2,0.0,11.766666666666667,1,3,0.333,0,0,0.0,0,0,0.0,1,1,2,0,1,0,0,1,1,1,2,-8,3.4,0,0,4.0,1,2013-14,5.9,82.4,78.3,78.3,110.0,104.0,104.0,-27.6,-25.7,-25.7,0.0,0.0,0.0,0.0,0.0,0.0,25.0,25.0,0.333,0.333,0.154,0.161,92.76,97.9,81.59,97.9,-0.02,23,0.5,1.5,Shane Edwards
203499,Shane,1610612742,DAL,21.0,48,26,22,0.542,489.4383333333333,52,137,0.38,12,38,0.316,16,25,0.64,11,31,42,71,39,26,1,12,46,32,132,63,330.9,0,0,311.0,1,2013-14,10.2,106.2,103.6,103.6,100.8,97.4,97.4,5.4,6.2,6.2,0.208,1.82,27.6,0.023,0.069,0.045,15.2,15.1,0.423,0.446,0.166,0.173,94.78,97.63,81.36,97.63,0.053,996,1.1,2.9,Shane Larkin
200769,Shannon,1610612752,NYK,28.0,29,19,10,0.655,251.28666666666663,24,66,0.364,0,2,0.0,15,21,0.714,7,21,28,9,18,13,0,2,24,15,63,-72,131.1,0,0,126.0,2,2013-14,8.7,99.2,95.3,95.3,107.1,105.6,105.6,-7.9,-10.3,-10.3,0.059,0.5,8.8,0.029,0.084,0.057,17.6,17.6,0.364,0.419,0.162,0.17,97.32,99.9,83.25,99.9,0.024,514,0.8,2.3,Shannon Brown
2733,Shaun,1610612751,BKN,28.0,76,42,34,0.553,1974.1433333333332,235,487,0.483,1,6,0.167,158,191,0.827,67,179,246,245,105,93,31,29,172,162,629,61,1558.7,1,0,1369.0,1,2013-14,26.0,105.5,105.7,105.7,103.2,104.1,104.1,2.3,1.6,1.6,0.201,2.33,26.5,0.038,0.097,0.068,11.4,11.4,0.484,0.551,0.161,0.163,92.31,91.86,76.55,91.86,0.099,3779,3.1,6.4,Shaun Livingston
101183,Shavlik,1610612756,PHX,30.0,14,8,6,0.571,94.94833333333334,7,14,0.5,0,0,0.0,6,11,0.545,7,18,25,1,5,3,1,3,15,12,20,42,58.5,0,0,54.0,1,2013-14,6.8,111.6,110.5,110.5,90.4,89.4,89.4,21.2,21.2,21.2,0.014,0.2,4.0,0.08,0.178,0.133,20.0,20.1,0.5,0.531,0.109,0.112,94.55,95.55,79.62,95.55,0.055,190,0.5,1.0,Shavlik Randolph
1890,Shawn,1610612742,DAL,36.0,76,44,32,0.579,2408.693333333333,341,708,0.482,58,162,0.358,51,65,0.785,132,365,497,124,95,90,37,28,125,54,791,-133,1859.4,9,0,1724.0,1,2013-14,31.7,107.5,106.8,106.8,107.5,109.2,109.2,0.0,-2.4,-2.4,0.076,1.31,12.9,0.058,0.153,0.107,9.9,9.9,0.523,0.537,0.155,0.158,96.11,95.66,79.72,95.66,0.093,4792,4.5,9.3,Shawn Marion
200761,Shawne,1610612747,LAL,28.0,36,14,22,0.389,750.7683333333333,73,192,0.38,42,129,0.326,14,20,0.7,25,142,167,30,21,19,30,8,93,21,202,25,573.4,1,0,539.0,1,2013-14,20.9,102.5,102.7,102.7,100.9,100.3,100.3,1.6,2.4,2.4,0.058,1.43,11.9,0.032,0.172,0.104,8.3,8.3,0.49,0.503,0.13,0.132,98.63,98.84,82.37,98.84,0.066,1540,2.0,5.3,Shawne Williams
202714,Shelvin,1610612737,ATL,24.0,73,33,40,0.452,1490.4016666666666,209,501,0.417,62,184,0.337,64,74,0.865,21,139,160,271,89,50,2,30,100,69,544,-49,1209.5,1,0,1141.0,1,2013-14,20.4,104.0,103.7,103.7,105.4,105.2,105.2,-1.5,-1.5,-1.5,0.288,3.04,30.3,0.015,0.096,0.055,10.0,10.0,0.479,0.51,0.187,0.191,96.42,96.63,80.53,96.63,0.096,2998,2.9,6.9,Shelvin Mack
203524,Solomon,1610612754,IND,23.0,28,17,11,0.607,225.59,17,40,0.425,7,23,0.304,6,7,0.857,9,32,41,12,13,5,2,2,19,9,47,12,122.2,0,0,121.0,1,2013-14,8.1,102.8,103.0,103.0,100.7,100.2,100.2,2.1,2.8,2.8,0.078,0.92,17.6,0.039,0.137,0.088,19.1,19.1,0.513,0.545,0.111,0.114,92.63,92.77,77.31,92.77,0.066,436,0.6,1.4,Solomon Hill
200780,Solomon,1610612753,ORL,29.0,11,2,9,0.182,85.19833333333334,6,17,0.353,0,0,0.0,2,4,0.5,8,8,16,2,2,2,2,1,12,6,14,-25,46.2,0,0,40.0,1,2013-14,7.7,94.0,90.2,90.2,105.4,106.4,106.4,-11.4,-16.2,-16.2,0.039,1.0,8.7,0.092,0.101,0.096,8.7,8.8,0.353,0.373,0.106,0.112,95.69,97.18,80.99,97.18,0.016,174,0.5,1.5,Solomon Jones
201150,Spencer,1610612739,CLE,26.0,80,26,54,0.325,2469.583333333333,403,883,0.456,128,308,0.416,119,152,0.783,131,529,660,240,173,44,94,56,237,171,1053,-482,2446.0,25,0,2357.0,2,2013-14,30.9,99.4,100.6,100.6,108.6,110.2,110.2,-9.2,-9.6,-9.6,0.152,1.39,17.6,0.051,0.203,0.128,12.7,12.7,0.529,0.554,0.194,0.196,100.47,99.2,82.67,99.2,0.111,5107,5.0,11.0,Spencer Hawes
201939,Stephen,1610612744,GSW,26.0,78,50,28,0.641,2845.858333333333,652,1383,0.471,261,615,0.424,308,348,0.885,46,288,334,666,294,128,14,34,194,311,1873,574,3404.8,28,4,3418.0,1,2013-14,36.5,109.7,110.6,110.6,100.3,101.0,101.0,9.4,9.6,9.6,0.372,2.27,26.9,0.016,0.097,0.058,11.9,11.8,0.566,0.61,0.275,0.281,98.86,98.15,81.79,98.15,0.164,5826,8.4,17.7,Stephen Curry
1536,Stephen,1610612746,LAC,36.0,9,6,3,0.667,106.785,6,26,0.231,1,14,0.071,2,4,0.5,2,8,10,5,6,6,1,0,11,7,15,25,49.5,0,0,45.0,1,2013-14,11.9,104.5,103.7,103.7,93.2,91.8,91.8,11.3,11.9,11.9,0.071,0.83,12.8,0.02,0.087,0.053,15.4,15.5,0.25,0.27,0.14,0.142,97.08,98.22,81.85,98.22,-0.011,218,0.7,2.9,Stephen Jackson
2581,Steve,1610612744,GSW,34.0,55,31,24,0.564,1498.1683333333333,133,353,0.377,79,210,0.376,33,43,0.767,13,146,159,307,102,54,8,7,85,76,378,-173,1113.3,3,1,1047.0,2,2013-14,27.2,99.3,99.2,99.2,104.2,104.4,104.4,-4.9,-5.2,-5.2,0.303,3.01,39.3,0.008,0.092,0.051,13.1,13.1,0.489,0.508,0.138,0.14,99.08,99.06,82.55,99.06,0.088,3086,2.4,6.4,Steve Blake
959,Steve,1610612747,LAL,40.0,15,4,11,0.267,312.61833333333334,36,94,0.383,8,24,0.333,22,24,0.917,4,25,29,86,31,7,2,4,18,21,102,-65,261.8,1,0,243.0,1,2013-14,20.8,98.4,99.1,99.1,107.7,108.2,108.2,-9.3,-9.1,-9.1,0.428,2.77,38.7,0.012,0.076,0.043,14.0,14.0,0.426,0.488,0.184,0.186,103.64,103.03,85.86,103.03,0.09,669,2.4,6.3,Steve Nash
200779,Steve,1610612761,TOR,31.0,54,28,26,0.519,540.375,60,146,0.411,52,122,0.426,6,6,1.0,8,50,58,13,5,12,4,0,44,12,178,74,310.1,0,0,333.0,1,2013-14,10.0,106.3,105.4,105.4,105.6,103.2,103.2,0.7,2.2,2.2,0.038,2.6,7.9,0.014,0.098,0.054,3.0,3.0,0.589,0.599,0.12,0.125,95.17,96.64,80.54,96.64,0.071,1112,1.1,2.7,Steve Novak
203500,Steven,1610612760,OKC,20.0,81,59,22,0.728,1197.3233333333333,93,185,0.503,0,0,0.0,79,136,0.581,142,190,332,43,71,40,57,13,203,125,265,57,947.9,1,0,834.0,1,2013-14,14.8,107.0,106.3,106.3,103.2,103.7,103.7,3.8,2.6,2.6,0.05,0.61,11.9,0.123,0.157,0.14,19.7,19.8,0.503,0.541,0.114,0.116,96.99,97.06,80.88,97.06,0.052,2418,1.1,2.3,Steven Adams
201959,Taj,1610612741,CHI,29.0,82,48,34,0.585,2351.11,429,896,0.479,0,7,0.0,211,281,0.751,200,358,558,91,150,41,112,93,207,272,1069,138,2184.1,15,0,2024.0,1,2013-14,28.7,101.0,101.7,101.7,97.4,98.1,98.1,3.6,3.6,3.6,0.075,0.61,7.2,0.088,0.147,0.118,11.9,11.9,0.479,0.524,0.227,0.232,92.01,91.32,76.1,91.32,0.117,4462,5.2,10.9,Taj Gibson
2419,Tayshaun,1610612763,MEM,34.0,76,46,30,0.605,1948.375,200,492,0.407,20,69,0.29,34,60,0.567,32,202,234,119,41,39,19,13,63,65,454,45,1046.3,0,0,943.0,1,2013-14,25.6,101.7,103.2,103.2,101.0,101.8,101.8,0.7,1.5,1.5,0.09,2.9,17.5,0.017,0.11,0.063,6.0,6.0,0.427,0.438,0.134,0.136,90.98,89.95,74.95,89.95,0.065,3647,2.6,6.5,Tayshaun Prince
203093,Terrence,1610612745,HOU,22.0,76,51,25,0.671,2078.06,386,712,0.542,31,101,0.307,118,195,0.605,162,366,528,87,71,53,99,64,139,154,921,123,2070.1,18,0,1871.0,1,2013-14,27.3,109.9,109.9,109.9,105.8,107.3,107.3,4.1,2.6,2.6,0.067,1.23,9.1,0.082,0.167,0.127,7.5,7.4,0.564,0.577,0.181,0.185,97.77,97.09,80.91,97.09,0.122,4209,5.1,9.4,Terrence Jones
203082,Terrence,1610612761,TOR,23.0,81,47,34,0.58,2159.0916666666667,318,751,0.423,161,408,0.395,82,98,0.837,43,209,252,79,88,64,27,34,183,89,879,128,1484.9,0,0,1553.0,1,2013-14,26.7,107.5,108.2,108.2,103.5,105.2,105.2,4.0,3.0,3.0,0.06,0.9,8.2,0.02,0.099,0.06,9.1,9.2,0.531,0.553,0.183,0.186,95.0,93.91,78.26,93.91,0.075,4225,3.9,9.3,Terrence Ross
200757,Thabo,1610612760,OKC,30.0,61,44,17,0.721,1584.095,141,340,0.415,48,152,0.316,53,69,0.768,50,170,220,94,55,79,17,18,90,52,383,119,1021.0,0,0,937.0,1,2013-14,26.0,105.8,105.7,105.7,101.0,101.9,101.9,4.8,3.9,3.9,0.082,1.71,18.1,0.034,0.102,0.07,10.6,10.6,0.485,0.517,0.117,0.119,97.97,97.62,81.35,97.62,0.069,3219,2.3,5.6,Thabo Sefolosha
201152,Thaddeus,1610612755,PHI,26.0,79,18,61,0.228,2717.6116666666667,582,1283,0.454,90,292,0.308,163,229,0.712,166,310,476,182,165,167,36,83,213,219,1417,-652,2705.2,11,0,2571.0,1,2013-14,34.4,97.4,99.2,99.2,109.0,110.1,110.1,-11.6,-10.9,-10.9,0.114,1.1,10.5,0.056,0.115,0.084,9.5,9.5,0.489,0.512,0.239,0.241,101.84,100.39,83.65,100.39,0.101,5669,7.4,16.2,Thaddeus Young
203080,Thomas,1610612757,POR,23.0,70,47,23,0.671,872.975,141,293,0.481,0,1,0.0,57,101,0.564,105,202,307,34,57,23,20,31,131,97,339,-88,830.4,1,0,766.0,1,2013-14,12.5,104.2,104.0,104.0,108.9,109.0,109.0,-4.8,-4.9,-4.9,0.061,0.6,7.9,0.113,0.229,0.17,13.3,13.3,0.481,0.502,0.191,0.197,96.92,96.96,80.8,96.96,0.092,1763,2.0,4.2,Thomas Robinson
201168,Tiago,1610612759,SAS,29.0,59,46,13,0.78,1271.165,181,346,0.523,0,3,0.0,121,173,0.699,123,240,363,90,75,29,31,43,117,145,483,266,1158.6,5,0,1056.0,1,2013-14,21.5,105.0,104.8,104.8,94.5,94.8,94.8,10.5,10.0,10.0,0.103,1.2,15.3,0.097,0.176,0.138,12.8,12.8,0.523,0.572,0.171,0.174,97.66,97.63,81.36,97.63,0.111,2589,3.1,5.9,Tiago Splitter
1495,Tim,1610612759,SAS,38.0,74,56,18,0.757,2158.1583333333333,444,906,0.49,0,5,0.0,231,316,0.731,158,563,721,220,159,43,139,67,134,267,1119,300,2701.2,30,0,2424.0,1,2013-14,29.2,107.4,108.2,108.2,100.7,101.5,101.5,6.7,6.7,6.7,0.159,1.38,15.4,0.079,0.255,0.171,11.2,11.2,0.49,0.535,0.251,0.254,96.41,95.66,79.72,95.66,0.154,4306,6.0,12.2,Tim Duncan
203501,Tim,1610612752,NYK,22.0,81,37,44,0.457,1875.4783333333328,294,687,0.428,130,358,0.363,106,128,0.828,19,102,121,66,47,44,7,25,144,100,824,-169,1174.2,0,0,1243.0,1,2013-14,23.2,103.3,103.0,103.0,109.3,109.0,109.0,-5.9,-6.0,-6.0,0.059,1.4,7.8,0.01,0.058,0.033,5.5,5.5,0.523,0.554,0.187,0.192,94.25,94.48,78.73,94.48,0.073,3716,3.6,8.5,Tim Hardaway Jr.
202389,Timofey,1610612743,DEN,27.0,82,36,46,0.439,1770.04,285,545,0.523,4,24,0.167,196,260,0.754,171,357,528,62,122,27,100,51,213,229,770,23,1755.6,10,0,1618.0,1,2013-14,21.6,104.5,105.5,105.5,103.5,104.5,104.5,0.9,1.0,1.0,0.055,0.51,7.3,0.094,0.187,0.141,14.4,14.5,0.527,0.584,0.186,0.188,100.75,99.78,83.15,99.78,0.11,3673,3.5,6.6,Timofey Mozgov
202699,Tobias,1610612753,ORL,21.0,61,16,45,0.262,1849.545,332,716,0.464,32,126,0.254,197,244,0.807,88,336,424,82,78,41,24,54,143,159,893,-231,1641.8,7,0,1561.0,1,2013-14,30.3,100.2,101.4,101.4,106.8,107.7,107.7,-6.6,-6.3,-6.3,0.077,1.05,8.4,0.047,0.187,0.115,8.0,7.9,0.486,0.542,0.218,0.222,95.45,94.49,78.74,94.49,0.116,3640,5.4,11.7,Tobias Harris
201962,Toney,1610612748,MIA,28.0,51,33,18,0.647,674.6916666666667,73,190,0.384,31,102,0.304,25,34,0.735,18,69,87,68,34,19,5,13,81,40,202,-13,446.4,0,0,436.0,2,2013-14,13.2,103.2,102.0,102.0,102.4,102.3,102.3,0.8,-0.3,-0.3,0.157,2.0,22.1,0.028,0.109,0.068,11.1,11.1,0.466,0.493,0.161,0.166,93.59,94.23,78.52,94.23,0.057,1320,1.4,3.7,Toney Douglas
2754,Tony,1610612763,MEM,32.0,55,31,24,0.564,1278.205,204,413,0.494,11,47,0.234,76,121,0.628,79,129,208,94,90,90,19,35,121,89,495,91,1122.6,1,0,1026.0,1,2013-14,23.2,104.8,105.9,105.9,101.1,101.2,101.2,3.7,4.7,4.7,0.115,1.04,14.5,0.064,0.108,0.086,13.9,13.8,0.507,0.531,0.194,0.199,93.03,92.47,77.06,92.47,0.092,2450,3.7,7.5,Tony Allen
203502,Tony,1610612765,DET,22.0,21,6,15,0.286,79.12833333333333,5,12,0.417,1,1,1.0,11,19,0.579,15,11,26,2,4,6,3,4,9,11,22,9,79.2,0,0,69.0,1,2013-14,3.8,102.2,99.4,99.4,98.9,93.1,93.1,3.3,6.2,6.2,0.04,0.5,7.4,0.156,0.167,0.16,14.8,15.2,0.458,0.54,0.129,0.132,92.58,96.75,80.63,96.75,0.098,159,0.2,0.6,Tony Mitchell
203183,Tony,1610612749,MIL,24.0,3,0,3,0.0,9.75,3,5,0.6,0,1,0.0,0,0,0.0,1,0,1,1,0,1,0,0,0,0,6,2,11.7,0,0,10.0,1,2013-14,3.3,124.7,122.2,122.2,121.7,111.1,111.1,3.1,11.1,11.1,0.2,0.0,16.7,0.0,0.0,0.0,0.0,0.0,0.6,0.6,0.238,0.242,83.89,88.62,73.85,88.62,0.163,18,1.0,1.7,Tony Mitchell
2225,Tony,1610612759,SAS,32.0,68,51,17,0.75,1996.9283333333333,456,914,0.499,25,67,0.373,197,243,0.811,17,138,155,388,151,36,9,53,86,198,1134,274,1886.0,2,0,1792.0,1,2013-14,29.4,107.5,108.2,108.2,100.8,101.3,101.3,6.7,6.8,6.8,0.31,2.57,24.9,0.009,0.068,0.04,9.7,9.7,0.513,0.555,0.263,0.266,96.84,96.29,80.24,96.29,0.129,4006,6.7,13.4,Tony Parker
203503,Tony,1610612741,CHI,22.0,77,46,31,0.597,1230.7066666666667,129,336,0.384,57,178,0.32,31,41,0.756,19,105,124,68,44,29,15,24,84,42,346,-117,684.8,0,0,683.0,1,2013-14,16.0,95.7,95.7,95.7,99.9,100.4,100.4,-4.2,-4.7,-4.7,0.095,1.55,14.6,0.015,0.085,0.05,9.5,9.4,0.469,0.489,0.146,0.151,92.56,92.3,76.92,92.3,0.058,2363,1.7,4.4,Tony Snell
203100,Tony,1610612755,PHI,21.0,72,18,54,0.25,1764.6683333333333,345,808,0.427,40,188,0.213,209,326,0.641,69,159,228,217,204,78,16,78,151,240,939,-438,1616.1,1,1,1612.0,1,2013-14,24.5,95.7,96.6,96.6,107.8,108.2,108.2,-12.1,-11.6,-11.6,0.21,1.06,15.8,0.036,0.087,0.061,14.9,14.9,0.452,0.493,0.271,0.275,102.1,101.5,84.58,101.5,0.083,3729,4.8,11.2,Tony Wroten
203129,Tornike,1610612741,CHI,22.0,26,14,12,0.538,154.80666666666667,13,28,0.464,0,6,0.0,3,8,0.375,4,12,16,14,12,3,1,4,18,9,29,-34,69.2,0,0,67.0,2,2013-14,6.0,103.4,98.8,98.8,114.4,111.1,111.1,-11.0,-12.4,-12.4,0.141,1.17,24.6,0.026,0.088,0.055,21.1,20.9,0.464,0.46,0.117,0.127,94.79,98.45,82.04,98.45,0.019,320,0.5,1.1,Tornike Shengelia
203315,Toure',1610612752,NYK,24.0,51,26,25,0.51,372.44166666666666,56,129,0.434,5,12,0.417,23,39,0.59,13,31,44,49,34,19,1,11,46,32,140,-33,292.3,0,0,278.0,1,2013-14,7.3,103.1,99.6,99.6,104.4,103.1,103.1,-1.3,-3.5,-3.5,0.215,1.44,21.3,0.036,0.08,0.059,14.8,14.8,0.453,0.479,0.209,0.218,96.67,98.98,82.48,98.98,0.067,765,1.1,2.5,Toure' Murry
2566,Travis,1610612758,SAC,29.0,63,22,41,0.349,1065.04,130,326,0.399,41,117,0.35,42,52,0.808,36,132,168,48,26,20,19,11,94,47,343,-103,707.6,1,0,678.0,1,2013-14,16.9,100.5,100.6,100.6,105.1,104.8,104.8,-4.7,-4.3,-4.3,0.076,1.85,11.3,0.032,0.12,0.076,6.1,6.1,0.462,0.492,0.153,0.156,96.86,96.97,80.8,96.97,0.071,2146,2.1,5.2,Travis Outlaw
2772,Trevor,1610612764,WAS,28.0,77,41,36,0.532,2722.54,389,853,0.456,180,442,0.407,149,193,0.772,99,376,475,191,132,126,20,46,179,165,1107,196,2269.5,11,0,2245.0,1,2013-14,35.4,104.8,105.6,105.6,101.2,102.1,102.1,3.5,3.5,3.5,0.105,1.45,15.2,0.037,0.142,0.089,10.5,10.5,0.562,0.59,0.173,0.175,97.13,96.35,80.29,96.35,0.107,5466,5.1,11.1,Trevor Ariza
202344,Trevor,1610612764,WAS,26.0,72,36,36,0.5,1553.4216666666666,222,403,0.551,0,2,0.0,47,76,0.618,149,230,379,64,58,41,45,19,131,63,491,-56,1241.8,5,0,1106.0,1,2013-14,21.6,105.6,106.3,106.3,106.9,107.2,107.2,-1.3,-1.0,-1.0,0.061,1.1,11.5,0.097,0.159,0.127,10.4,10.4,0.551,0.563,0.142,0.144,94.79,94.32,78.6,94.32,0.09,3040,3.1,5.6,Trevor Booker
203504,Trey,1610612762,UTA,21.0,70,24,46,0.343,2262.43,341,897,0.38,111,336,0.33,102,113,0.903,37,171,208,396,131,42,6,29,145,101,895,-256,1751.6,8,0,1706.0,1,2013-14,32.3,104.2,105.3,105.3,110.7,111.2,111.2,-6.4,-5.9,-5.9,0.28,3.02,27.0,0.017,0.081,0.048,8.9,8.9,0.442,0.473,0.216,0.219,93.7,93.02,77.52,93.02,0.083,4385,4.9,12.8,Trey Burke
202684,Tristan,1610612739,CLE,23.0,82,33,49,0.402,2593.6116666666667,363,761,0.477,0,1,0.0,235,339,0.693,269,485,754,72,108,42,35,101,188,258,961,-228,2096.8,36,0,1941.0,1,2013-14,31.6,102.1,103.7,103.7,107.1,108.7,108.7,-4.9,-5.0,-5.0,0.044,0.67,6.6,0.099,0.193,0.144,9.9,9.9,0.477,0.528,0.173,0.175,95.2,93.78,78.15,93.78,0.098,5080,4.4,9.3,Tristan Thompson
203584,Troy,1610612745,HOU,22.0,5,3,2,0.6,74.8,15,31,0.484,12,25,0.48,0,0,0.0,0,4,4,5,3,0,0,1,6,2,42,28,51.3,0,0,63.0,1,2013-14,15.0,126.7,126.7,126.7,104.8,106.1,106.1,22.0,20.6,20.6,0.114,1.67,12.8,0.0,0.057,0.028,7.7,7.7,0.677,0.677,0.2,0.206,94.93,94.33,78.61,94.33,0.088,146,3.0,6.2,Troy Daniels
201951,Ty,1610612743,DEN,26.0,62,29,33,0.468,2221.5033333333336,347,806,0.431,72,202,0.356,324,406,0.798,40,175,215,543,200,100,10,58,113,309,1090,-49,2292.5,23,0,2140.0,1,2013-14,35.8,105.9,107.8,107.8,107.5,108.9,108.9,-1.6,-1.2,-1.2,0.369,2.72,31.3,0.017,0.076,0.046,11.5,11.6,0.475,0.554,0.224,0.225,101.71,100.15,83.46,100.15,0.13,4637,5.6,13.0,Ty Lawson
201946,Tyler,1610612761,TOR,28.0,64,38,26,0.594,978.03,93,196,0.474,0,2,0.0,126,185,0.681,120,167,287,17,47,28,19,17,132,155,312,-5,775.9,1,0,710.0,1,2013-14,15.3,100.8,102.1,102.1,100.8,101.9,101.9,0.0,0.2,0.2,0.029,0.36,5.0,0.118,0.178,0.147,13.8,13.8,0.474,0.562,0.144,0.148,95.78,94.7,78.91,94.7,0.09,1925,1.5,3.1,Tyler Hansbrough
203092,Tyler,1610612739,CLE,24.0,70,27,43,0.386,1049.4083333333333,156,290,0.538,0,1,0.0,87,121,0.719,103,179,282,36,60,18,38,29,137,103,399,-5,899.4,3,0,829.0,1,2013-14,15.0,100.9,100.8,100.8,101.3,101.5,101.5,-0.4,-0.7,-0.7,0.055,0.6,8.2,0.098,0.167,0.132,13.6,13.7,0.538,0.581,0.168,0.172,95.65,95.55,79.63,95.55,0.099,2094,2.2,4.1,Tyler Zeller
201936,Tyreke,1610612740,NOP,24.0,72,32,40,0.444,2027.8416666666667,391,897,0.436,21,95,0.221,239,310,0.771,76,265,341,363,175,84,21,103,155,241,1042,-205,2135.7,10,1,1977.0,1,2013-14,28.2,104.4,104.2,104.2,108.7,109.8,109.8,-4.4,-5.6,-5.6,0.313,2.07,23.1,0.039,0.136,0.087,11.2,11.1,0.448,0.504,0.266,0.272,94.51,94.09,78.41,94.09,0.128,3983,5.4,12.5,Tyreke Evans
203116,Tyshawn,1610612751,BKN,24.0,23,11,12,0.478,270.19166666666666,31,91,0.341,3,12,0.25,24,30,0.8,3,12,15,36,31,12,1,8,29,18,89,-132,169.0,1,0,169.0,1,2013-14,11.7,95.5,93.0,93.0,119.3,118.2,118.2,-23.8,-25.2,-25.2,0.242,1.16,20.8,0.011,0.048,0.028,17.9,18.1,0.357,0.427,0.222,0.231,94.21,95.93,79.94,95.93,0.027,542,1.3,4.0,Tyshawn Taylor
2199,Tyson,1610612752,NYK,31.0,55,24,31,0.436,1661.9133333333334,191,322,0.593,0,1,0.0,98,155,0.632,159,370,529,59,71,36,63,19,145,152,480,15,1429.3,16,0,1266.0,1,2013-14,30.2,107.2,108.3,108.3,106.9,107.5,107.5,0.3,0.8,0.8,0.054,0.83,11.3,0.099,0.238,0.167,13.7,13.6,0.593,0.615,0.128,0.129,92.27,91.51,76.26,91.51,0.113,3163,3.5,5.9,Tyson Chandler
2617,Udonis,1610612748,MIA,34.0,46,30,16,0.652,652.87,74,146,0.507,0,0,0.0,25,44,0.568,42,133,175,13,24,11,15,10,79,61,173,-69,456.5,0,0,413.0,1,2013-14,14.2,103.7,102.2,102.2,106.1,107.3,107.3,-2.4,-5.1,-5.1,0.032,0.54,6.4,0.071,0.231,0.15,11.9,11.9,0.507,0.523,0.137,0.142,92.0,92.09,76.74,92.09,0.073,1250,1.6,3.2,Udonis Haslem
203505,Vander,1610612738,BOS,21.0,3,1,2,0.333,14.666666666666666,2,4,0.5,0,1,0.0,1,5,0.2,0,3,3,1,2,0,0,0,1,2,5,6,8.1,0,0,9.0,1,2013-14,4.9,108.6,110.0,110.0,98.1,79.4,79.4,10.4,30.6,30.6,0.091,0.5,11.1,0.0,0.0,0.0,22.2,21.7,0.5,0.403,0.25,0.253,94.78,104.73,87.27,104.73,0.0,30,0.7,1.3,Vander Blue
203139,Viacheslav,1610612756,PHX,26.0,20,13,7,0.65,59.46666666666667,8,15,0.533,0,0,0.0,4,8,0.5,9,8,17,1,6,0,1,3,7,4,20,-45,38.9,0,0,40.0,1,2013-14,3.0,86.8,79.4,79.4,119.2,115.5,115.5,-32.4,-36.1,-36.1,0.034,0.17,3.8,0.132,0.154,0.142,23.1,23.5,0.533,0.54,0.168,0.181,98.83,104.93,87.44,104.93,0.052,131,0.4,0.8,Viacheslav Kravtsov
201964,Victor,1610612757,POR,25.0,21,13,8,0.619,183.73833333333332,17,42,0.405,3,18,0.167,10,11,0.909,9,30,39,12,11,3,3,2,16,9,47,23,118.8,0,0,113.0,1,2013-14,8.7,109.8,105.4,105.4,100.5,99.5,99.5,9.4,6.0,6.0,0.094,1.09,17.1,0.052,0.14,0.101,15.7,15.8,0.44,0.502,0.141,0.147,93.84,96.27,80.22,96.27,0.072,369,0.8,2.0,Victor Claver
203506,Victor,1610612753,ORL,22.0,80,23,57,0.288,2486.4933333333333,392,936,0.419,74,226,0.327,248,318,0.78,43,286,329,327,256,129,37,90,210,269,1106,-270,2233.3,7,1,2168.0,1,2013-14,31.1,97.8,98.6,98.6,102.7,104.1,104.1,-4.9,-5.6,-5.6,0.225,1.28,19.7,0.017,0.114,0.066,15.4,15.4,0.458,0.514,0.24,0.243,97.07,96.0,80.0,96.0,0.097,4976,4.9,11.7,Victor Oladipo
1713,Vince,1610612742,DAL,37.0,81,49,32,0.605,1972.9566666666667,330,811,0.407,146,371,0.394,161,196,0.821,67,217,284,212,108,61,35,24,209,200,967,174,1805.8,1,0,1801.0,1,2013-14,24.4,107.6,106.0,106.0,104.6,102.5,102.5,3.0,3.6,3.6,0.17,1.96,17.4,0.034,0.113,0.073,8.9,8.9,0.497,0.539,0.223,0.229,95.88,97.63,81.36,97.63,0.098,4028,4.1,10.0,Vince Carter
203543,Vitor,1610612738,BOS,26.0,37,13,24,0.351,487.615,64,147,0.435,12,40,0.3,24,37,0.649,42,86,128,16,41,14,27,15,74,32,164,-97,423.6,1,0,402.0,1,2013-14,13.2,92.6,92.7,92.7,101.9,101.5,101.5,-9.2,-8.9,-8.9,0.059,0.39,7.2,0.087,0.175,0.131,18.5,18.6,0.476,0.502,0.189,0.191,94.76,94.89,79.08,94.89,0.071,958,1.7,4.0,Vitor Faverani
201961,Wayne,1610612742,DAL,26.0,45,23,22,0.511,392.95,55,126,0.437,25,59,0.424,10,11,0.909,8,35,43,19,11,16,2,5,33,12,145,-27,268.1,0,0,268.0,1,2013-14,8.7,108.0,104.7,104.7,111.3,109.0,109.0,-3.3,-4.3,-4.3,0.068,1.73,11.9,0.02,0.094,0.055,6.9,6.8,0.536,0.554,0.15,0.158,98.74,101.39,84.49,101.39,0.068,834,1.2,2.8,Wayne Ellington
202325,Wesley,1610612747,LAL,26.0,79,27,52,0.342,2240.0016666666666,277,651,0.425,100,271,0.369,61,77,0.792,70,278,348,124,90,86,77,23,207,61,715,-372,1717.6,4,0,1613.0,1,2013-14,28.4,101.0,101.7,101.7,108.6,108.8,108.8,-7.6,-7.1,-7.1,0.082,1.38,13.8,0.03,0.117,0.074,10.0,10.0,0.502,0.522,0.149,0.151,101.46,101.07,84.22,101.07,0.066,4699,3.5,8.2,Wesley Johnson
202083,Wesley,1610612757,POR,27.0,82,54,28,0.659,2780.26,445,1009,0.441,201,511,0.393,252,301,0.837,51,238,289,197,110,76,14,41,176,283,1343,307,2145.3,1,0,2210.0,1,2013-14,33.9,109.6,111.1,111.1,104.7,105.7,105.7,4.9,5.4,5.4,0.109,1.79,13.6,0.018,0.082,0.05,7.6,7.6,0.541,0.588,0.193,0.196,97.51,96.45,80.37,96.45,0.094,5589,5.4,12.3,Wesley Matthews
203115,Will,1610612757,POR,23.0,41,27,14,0.659,386.63666666666666,65,156,0.417,10,33,0.303,26,32,0.813,16,58,74,33,18,9,7,7,31,24,166,-17,334.3,2,0,315.0,1,2013-14,9.4,99.6,98.0,98.0,100.2,99.7,99.7,-0.7,-1.8,-1.8,0.149,1.83,14.9,0.039,0.136,0.089,8.1,8.1,0.449,0.488,0.21,0.216,96.6,97.64,81.37,97.64,0.107,785,1.6,3.8,Will Barton
101198,Will,1610612765,DET,31.0,56,17,39,0.304,1054.1483333333333,184,430,0.428,20,62,0.323,97,121,0.802,24,75,99,216,103,39,7,31,121,96,485,-108,962.8,1,0,912.0,1,2013-14,18.8,101.2,101.8,101.8,106.8,107.5,107.5,-5.7,-5.6,-5.6,0.327,2.1,27.0,0.021,0.071,0.045,12.9,12.8,0.451,0.502,0.233,0.238,97.81,97.22,81.01,97.22,0.095,2141,3.3,7.7,Will Bynum
2584,Willie,1610612746,LAC,32.0,55,38,17,0.691,869.25,102,271,0.376,41,121,0.339,28,34,0.824,12,66,78,50,34,22,11,7,96,33,273,83,506.6,0,0,508.0,1,2013-14,15.8,104.6,103.6,103.6,98.7,98.7,98.7,6.0,4.9,4.9,0.09,1.47,13.4,0.014,0.072,0.044,9.1,9.2,0.452,0.477,0.162,0.166,97.98,98.46,82.05,98.46,0.042,1781,1.9,4.9,Willie Green
201163,Wilson,1610612743,DEN,27.0,62,27,35,0.435,1926.72,307,738,0.416,122,351,0.348,110,152,0.724,58,236,294,114,79,46,31,32,193,107,846,-174,1521.8,2,0,1530.0,1,2013-14,31.1,102.9,104.4,104.4,107.6,108.9,108.9,-4.7,-4.5,-4.5,0.093,1.44,11.4,0.028,0.119,0.073,7.9,7.9,0.499,0.526,0.193,0.195,100.81,99.49,82.91,99.49,0.077,3996,5.0,11.9,Wilson Chandler
202333,Xavier,1610612747,LAL,23.0,43,16,27,0.372,908.1766666666666,144,345,0.417,28,81,0.346,116,177,0.655,25,89,114,51,57,44,7,30,79,134,432,-38,741.3,0,0,727.0,1,2013-14,21.1,102.6,101.7,101.7,103.7,104.0,104.0,-1.1,-2.3,-2.3,0.09,0.89,9.6,0.026,0.091,0.058,10.7,10.7,0.458,0.511,0.223,0.227,101.19,101.48,84.57,101.48,0.072,1923,3.3,8.0,Xavier Henry
2216,Zach,1610612763,MEM,32.0,79,49,30,0.62,2705.005,560,1198,0.467,2,20,0.1,250,337,0.742,265,530,795,200,183,54,23,115,210,331,1372,169,2674.0,47,0,2523.0,1,2013-14,34.2,104.7,106.6,106.6,103.2,103.6,103.6,1.5,3.0,3.0,0.124,1.09,11.5,0.102,0.211,0.156,10.6,10.6,0.468,0.51,0.258,0.261,91.65,90.59,75.49,90.59,0.128,5113,7.1,15.2,Zach Randolph
2585,Zaza,1610612749,MIL,30.0,53,10,43,0.189,1324.575,149,349,0.427,0,1,0.0,110,130,0.846,141,192,333,136,92,45,14,36,124,134,408,-181,1096.6,4,0,995.0,1,2013-14,25.0,101.6,102.5,102.5,110.2,108.9,108.9,-8.6,-6.4,-6.4,0.16,1.48,21.3,0.107,0.162,0.133,14.4,14.5,0.427,0.502,0.167,0.169,94.06,94.26,78.55,94.26,0.09,2594,2.8,6.6,Zaza Pachulia
