PLAYER_ID,PLAYER_NAME_trad,NICKNAME,TEAM_ID,TEAM_ABBREVIATION,AGE,GP,W,L,W_PCT,MIN_trad,FGM,FGA,FG_PCT,FG3M,FG3A,FG3_PCT,FTM,FTA,FT_PCT,OREB,DREB,REB,AST,TOV,STL,BLK,BLKA,PF,PFD,PTS,PLUS_MINUS,NBA_FANTASY_PTS,DD2,TD3,WNBA_FANTASY_PTS,TEAM_COUNT,SEASON,PLAYER_NAME_adv,MIN_adv,E_OFF_RATING,OFF_RATING,sp_work_OFF_RATING,E_DEF_RATING,DEF_RATING,sp_work_DEF_RATING,E_NET_RATING,NET_RATING,sp_work_NET_RATING,AST_PCT,AST_TO,AST_RATIO,OREB_PCT,DREB_PCT,REB_PCT,TM_TOV_PCT,E_TOV_PCT,EFG_PCT,TS_PCT,USG_PCT,E_USG_PCT,E_PACE,PACE,PACE_PER40,sp_work_PACE,PIE,POSS,FGM_PG,FGA_PG
201985,AJ Price,AJ,1610612739,CLE,28.0,26,11,15,0.423,323.49,51,137,0.372,15,57,0.263,16,24,0.667,6,26,32,46,14,7,0,5,15,31,133,-64,247.4,0,0,240.0,3,2014-15,AJ Price,12.4,94.4,94.4,94.4,106.6,104.5,104.5,-12.2,-10.0,-10.0,0.254,3.29,22.2,0.017,0.085,0.048,6.8,6.7,0.427,0.451,0.218,0.226,92.17,93.11,77.59,93.11,0.089,627,2.0,5.3
201166,Aaron Brooks,Aaron,1610612741,CHI,30.0,82,50,32,0.61,1884.6133333333328,344,817,0.421,121,313,0.387,145,174,0.833,32,134,166,261,157,54,15,52,189,148,954,209,1594.7,1,0,1640.0,1,2014-15,Aaron Brooks,23.0,106.9,107.2,107.2,101.7,102.1,102.1,5.2,5.0,5.0,0.245,1.66,20.0,0.017,0.068,0.043,12.0,12.0,0.495,0.534,0.246,0.252,94.68,94.35,78.63,94.35,0.092,3715,4.2,10.0
203932,Aaron Gordon,Aaron,1610612753,ORL,19.0,47,14,33,0.298,796.925,93,208,0.447,13,48,0.271,44,61,0.721,46,123,169,33,38,21,22,15,83,52,243,-163,586.3,1,0,544.0,1,2014-15,Aaron Gordon,17.0,98.9,97.9,97.9,104.5,105.8,105.8,-5.6,-7.9,-7.9,0.064,0.87,10.8,0.058,0.151,0.105,12.5,12.4,0.478,0.517,0.151,0.156,96.63,96.52,80.43,96.52,0.074,1585,2.0,4.4
203940,Adreian Payne,Adreian,1610612750,MIN,24.0,32,7,25,0.219,739.6383333333333,91,220,0.414,1,9,0.111,30,46,0.652,48,114,162,30,44,19,9,10,88,43,213,-244,492.4,3,0,462.0,2,2014-15,Adreian Payne,23.1,99.1,98.8,98.8,116.0,115.8,115.8,-16.9,-17.0,-17.0,0.067,0.68,9.5,0.066,0.168,0.115,13.9,14.0,0.416,0.443,0.173,0.176,94.36,94.59,78.82,94.59,0.047,1459,2.8,6.9
201143,Al Horford,Al,1610612737,ATL,29.0,76,56,20,0.737,2318.1666666666665,519,965,0.538,11,36,0.306,107,141,0.759,131,413,544,244,100,68,98,37,121,126,1156,287,2572.8,14,1,2287.0,1,2014-15,Al Horford,30.5,107.6,107.5,107.5,101.0,100.8,100.8,6.6,6.7,6.7,0.178,2.44,17.8,0.061,0.173,0.12,7.3,7.3,0.544,0.563,0.22,0.225,95.84,96.02,80.02,96.02,0.145,4627,6.8,12.7
2744,Al Jefferson,Al,1610612766,CHA,30.0,65,25,40,0.385,1991.7733333333333,486,1010,0.481,2,5,0.4,108,165,0.655,99,449,548,113,68,47,84,53,139,137,1082,-116,2234.1,22,0,2007.0,1,2014-15,Al Jefferson,30.6,98.3,99.8,99.8,101.9,103.2,103.2,-3.7,-3.4,-3.4,0.11,1.66,8.9,0.049,0.23,0.137,5.4,5.4,0.482,0.5,0.265,0.267,95.14,93.78,78.15,93.78,0.142,3900,7.5,15.5
202329,Al-Farouq Aminu,Al-Farouq,1610612742,DAL,24.0,74,45,29,0.608,1365.7883333333334,147,357,0.412,34,124,0.274,84,118,0.712,114,228,342,59,55,70,62,22,137,94,412,105,1251.9,4,0,1111.0,1,2014-15,Al-Farouq Aminu,18.5,107.0,105.6,105.6,101.3,100.3,100.3,5.7,5.3,5.3,0.062,1.07,11.3,0.081,0.161,0.121,10.5,10.5,0.459,0.504,0.146,0.151,97.46,98.6,82.17,98.6,0.091,2784,2.0,4.8
101187,Alan Anderson,Alan,1610612751,BKN,32.0,74,35,39,0.473,1744.2983333333334,195,440,0.443,73,210,0.348,82,101,0.812,31,173,204,83,60,56,5,29,148,128,545,-57,1037.3,0,0,1027.0,1,2014-15,Alan Anderson,23.6,99.9,100.0,100.0,101.2,101.1,101.1,-1.4,-1.0,-1.0,0.074,1.38,13.3,0.018,0.096,0.057,9.6,9.6,0.526,0.563,0.139,0.142,95.67,95.67,79.72,95.67,0.071,3466,2.6,5.9
202692,Alec Burks,Alec,1610612762,UTA,23.0,27,9,18,0.333,899.0716666666667,121,300,0.403,26,68,0.382,106,129,0.822,19,95,114,82,52,17,5,24,64,96,374,-129,647.8,2,0,640.0,1,2014-15,Alec Burks,33.3,103.7,105.1,105.1,111.1,112.3,112.3,-7.3,-7.2,-7.2,0.145,1.58,16.8,0.022,0.113,0.067,10.7,10.6,0.447,0.524,0.206,0.21,92.89,91.8,76.5,91.8,0.083,1717,4.5,11.1
203945,Alex Kirk,Alex,1610612739,CLE,23.0,5,2,3,0.4,13.985,1,4,0.25,0,0,0.0,2,2,1.0,1,0,1,1,0,0,0,0,1,1,4,-14,6.7,0,0,6.0,1,2014-15,Alex Kirk,2.8,79.3,75.9,75.9,141.1,120.0,120.0,-61.8,-44.1,-44.1,0.125,0.0,16.7,0.0,0.0,0.0,0.0,0.0,0.25,0.41,0.167,0.17,91.44,101.25,84.38,101.25,0.028,29,0.2,0.8
203458,Alex Len,Alex,1610612756,PHX,22.0,69,35,34,0.507,1518.0,179,353,0.507,1,3,0.333,73,104,0.702,142,312,454,32,74,34,105,31,213,101,432,-25,1367.8,10,0,1197.0,1,2014-15,Alex Len,22.0,101.9,102.5,102.5,101.4,102.9,102.9,0.5,-0.3,-0.3,0.03,0.43,6.4,0.092,0.196,0.145,14.7,14.7,0.508,0.542,0.133,0.135,100.21,99.23,82.69,99.23,0.084,3131,2.6,5.1
203144,Alexey Shved,Alexey,1610612752,NYK,26.0,42,10,32,0.238,767.24,133,335,0.397,47,139,0.338,121,150,0.807,23,76,99,106,48,30,6,26,48,99,434,-132,771.8,2,0,758.0,3,2014-15,Alexey Shved,18.3,96.5,96.0,96.0,105.1,105.1,105.1,-8.5,-9.1,-9.1,0.26,2.21,19.1,0.027,0.096,0.06,8.6,8.6,0.467,0.541,0.251,0.258,97.63,97.85,81.54,97.85,0.131,1569,3.2,8.0
201582,Alexis Ajinca,Alexis,1610612740,NOP,27.0,68,41,27,0.603,956.5366666666666,181,329,0.55,0,0,0.0,81,99,0.818,104,211,315,47,69,21,51,18,151,91,443,-12,1038.5,5,0,949.0,1,2014-15,Alexis Ajinca,14.1,103.4,103.0,103.0,104.0,103.2,103.2,-0.6,-0.2,-0.2,0.084,0.68,9.6,0.115,0.22,0.169,14.1,14.1,0.55,0.595,0.21,0.214,91.91,92.48,77.07,92.48,0.134,1839,2.7,4.8
203459,Allen Crabbe,Allen,1610612757,POR,23.0,51,36,15,0.706,682.9983333333333,63,153,0.412,30,85,0.353,12,16,0.75,7,66,73,39,15,19,15,2,74,19,168,-25,401.1,0,0,378.0,1,2014-15,Allen Crabbe,13.4,100.1,98.9,98.9,101.9,100.9,100.9,-1.8,-2.0,-2.0,0.082,2.6,18.3,0.01,0.092,0.052,7.0,7.0,0.51,0.525,0.111,0.115,96.86,98.0,81.67,98.0,0.051,1396,1.2,3.0
202087,Alonzo Gee,Alonzo,1610612757,POR,28.0,54,21,33,0.389,661.4866666666667,87,186,0.468,13,35,0.371,54,77,0.701,37,57,94,25,33,35,7,24,58,47,241,-100,484.3,0,0,457.0,2,2014-15,Alonzo Gee,12.2,100.8,99.9,99.9,106.4,106.1,106.1,-5.6,-6.1,-6.1,0.062,0.76,9.0,0.054,0.083,0.069,11.8,11.9,0.503,0.548,0.164,0.168,99.59,100.17,83.48,100.17,0.075,1373,1.6,3.4
2405,Amar'e Stoudemire,Amar'e,1610612742,DAL,32.0,59,19,40,0.322,1244.375,273,490,0.557,0,4,0.0,134,186,0.72,110,219,329,45,78,29,38,44,161,189,680,-54,1265.3,4,0,1188.0,2,2014-15,Amar'e Stoudemire,21.1,103.5,103.8,103.8,108.4,106.3,106.3,-4.9,-2.5,-2.5,0.064,0.58,6.5,0.091,0.187,0.138,11.3,11.2,0.557,0.595,0.232,0.238,93.36,94.16,78.47,94.16,0.131,2444,4.6,8.3
101161,Amir Johnson,Amir,1610612761,TOR,28.0,75,44,31,0.587,1978.75,298,519,0.574,19,46,0.413,79,129,0.612,159,297,456,117,110,44,59,52,225,130,694,59,1615.7,6,0,1492.0,1,2014-15,Amir Johnson,26.4,106.7,107.6,107.6,104.4,105.8,105.8,2.2,1.8,1.8,0.092,1.06,14.5,0.082,0.146,0.115,13.7,13.7,0.592,0.603,0.155,0.157,95.57,94.54,78.79,94.54,0.093,3893,4.0,6.9
2760,Anderson Varejao,Anderson,1610612739,CLE,32.0,26,16,10,0.615,635.6016666666667,111,200,0.555,0,2,0.0,33,45,0.733,57,113,170,35,35,19,16,16,58,48,255,5,581.5,2,0,530.0,1,2014-15,Anderson Varejao,24.4,104.4,105.8,105.8,105.3,105.7,105.7,-0.9,0.1,0.1,0.09,1.0,12.0,0.096,0.191,0.144,12.0,12.1,0.555,0.58,0.182,0.185,94.02,93.23,77.69,93.23,0.112,1236,4.3,7.7
203958,Andre Dawkins,Andre,1610612748,MIA,23.0,4,2,2,0.5,21.67833333333333,1,6,0.167,1,6,0.167,0,0,0.0,0,2,2,1,1,0,0,0,3,0,3,-4,5.9,0,0,7.0,1,2014-15,Andre Dawkins,5.4,87.1,88.4,88.4,105.4,100.0,100.0,-18.3,-11.6,-11.6,0.077,1.0,12.5,0.0,0.0,0.0,12.5,12.5,0.25,0.25,0.149,0.153,92.42,94.1,78.42,94.1,-0.041,43,0.3,1.5
203083,Andre Drummond,Andre,1610612765,DET,21.0,82,32,50,0.39,2501.858333333333,494,961,0.514,0,2,0.0,142,365,0.389,437,667,1104,55,120,73,153,58,285,274,1130,-57,3095.3,48,0,2741.0,1,2014-15,Andre Drummond,30.5,103.3,104.9,104.9,105.5,105.5,105.5,-2.2,-0.6,-0.6,0.037,0.46,4.2,0.162,0.272,0.215,9.2,9.3,0.514,0.504,0.217,0.219,95.09,94.34,78.61,94.34,0.125,4903,6.0,11.7
2738,Andre Iguodala,Andre,1610612744,GSW,31.0,77,64,13,0.831,2068.593333333333,231,496,0.466,74,212,0.349,68,114,0.596,44,213,257,228,88,89,25,8,100,134,604,440,1508.4,0,0,1391.0,1,2014-15,Andre Iguodala,26.9,109.0,108.5,108.5,96.7,98.0,98.0,12.2,10.5,10.5,0.151,2.59,26.5,0.021,0.094,0.06,10.2,10.2,0.54,0.553,0.131,0.135,99.89,99.49,82.91,99.49,0.09,4283,3.0,6.4
1889,Andre Miller,Andre,1610612758,SAC,39.0,81,44,37,0.543,1253.2716666666668,145,290,0.5,7,34,0.206,58,77,0.753,37,116,153,284,104,32,6,29,103,88,355,-126,974.6,1,0,875.0,2,2014-15,Andre Miller,15.5,102.6,102.6,102.6,106.9,107.4,107.4,-4.3,-4.8,-4.8,0.352,2.73,39.8,0.031,0.092,0.063,14.6,14.6,0.512,0.548,0.152,0.155,94.05,93.8,78.16,93.8,0.105,2445,1.8,3.6
203460,Andre Roberson,Andre,1610612760,OKC,23.0,67,41,26,0.612,1286.1133333333332,92,201,0.458,21,85,0.247,23,48,0.479,60,195,255,70,46,53,29,18,141,34,228,106,839.0,1,0,738.0,1,2014-15,Andre Roberson,19.2,105.2,105.9,105.9,100.0,100.3,100.3,5.2,5.6,5.6,0.075,1.52,20.6,0.046,0.143,0.095,13.5,13.6,0.51,0.513,0.088,0.089,99.3,98.87,82.39,98.87,0.06,2628,1.4,3.0
200745,Andrea Bargnani,Andrea,1610612752,NYK,29.0,29,5,24,0.172,785.3416666666667,164,361,0.454,15,41,0.366,87,107,0.813,32,95,127,46,42,2,27,7,53,102,430,-270,696.4,2,0,676.0,1,2014-15,Andrea Bargnani,27.1,94.0,94.6,94.6,111.5,112.8,112.8,-17.5,-18.2,-18.2,0.119,1.1,9.3,0.039,0.128,0.081,8.5,8.5,0.475,0.527,0.258,0.262,94.87,94.03,78.36,94.03,0.109,1543,5.7,12.4
1905,Andrei Kirilenko,Andrei,1610612751,BKN,34.0,7,3,4,0.429,36.39666666666667,0,5,0.0,0,0,0.0,3,4,0.75,2,6,8,1,1,1,0,2,1,2,3,-29,16.1,0,0,14.0,1,2014-15,Andrei Kirilenko,5.2,88.2,87.8,87.8,128.3,132.4,132.4,-40.2,-44.6,-44.6,0.038,1.0,11.1,0.057,0.146,0.105,11.1,11.4,0.0,0.222,0.092,0.093,96.91,95.61,79.68,95.61,0.03,74,0.0,0.7
101106,Andrew Bogut,Andrew,1610612744,GSW,30.0,67,58,9,0.866,1582.5333333333333,200,355,0.563,0,0,0.0,22,42,0.524,141,402,543,180,106,39,113,19,188,75,422,537,1693.6,6,0,1449.0,1,2014-15,Andrew Bogut,23.6,111.7,112.6,112.6,95.2,95.7,95.7,16.5,16.9,16.9,0.149,1.7,27.4,0.092,0.237,0.168,16.1,16.1,0.563,0.565,0.131,0.133,99.55,98.86,82.39,98.86,0.113,3253,3.0,5.3
203094,Andrew Nicholson,Andrew,1610612753,ORL,25.0,40,14,26,0.35,492.0966666666667,83,190,0.437,13,41,0.317,15,25,0.6,17,65,82,22,24,6,12,2,51,35,194,-83,355.4,0,0,347.0,1,2014-15,Andrew Nicholson,12.3,96.4,95.5,95.5,104.2,105.2,105.2,-7.8,-9.7,-9.7,0.076,0.92,8.9,0.035,0.13,0.084,9.7,9.7,0.471,0.483,0.207,0.213,94.56,94.57,78.81,94.57,0.067,975,2.1,4.8
203952,Andrew Wiggins,Andrew,1610612750,MIN,20.0,82,16,66,0.195,2968.7966666666666,497,1137,0.437,39,126,0.31,354,466,0.76,134,240,374,170,177,86,50,67,190,376,1387,-553,2321.8,2,0,2242.0,1,2014-15,Andrew Wiggins,36.2,100.2,101.5,101.5,110.3,111.3,111.3,-10.1,-9.7,-9.7,0.097,0.96,10.0,0.044,0.085,0.064,10.4,10.5,0.454,0.517,0.223,0.226,96.54,95.46,79.55,95.46,0.081,5915,6.1,13.9
203461,Anthony Bennett,Anthony,1610612750,MIN,22.0,57,12,45,0.211,893.825,125,297,0.421,7,23,0.304,41,64,0.641,52,164,216,48,36,27,16,20,87,51,298,-294,722.2,2,0,655.0,1,2014-15,Anthony Bennett,15.7,96.7,96.9,96.9,113.1,113.3,113.3,-16.4,-16.4,-16.4,0.087,1.33,11.7,0.054,0.202,0.121,8.8,8.8,0.433,0.458,0.172,0.176,98.57,98.33,81.94,98.33,0.079,1834,2.2,5.2
203076,Anthony Davis,Anthony,1610612740,NOP,22.0,68,39,29,0.574,2454.695,642,1199,0.535,1,12,0.083,371,461,0.805,173,523,696,149,95,100,200,57,141,377,1656,268,3519.7,42,0,3102.0,1,2014-15,Anthony Davis,36.1,108.4,109.9,109.9,103.3,103.8,103.8,5.1,6.1,6.1,0.109,1.57,9.1,0.072,0.215,0.144,5.8,5.8,0.536,0.591,0.272,0.276,94.28,93.4,77.83,93.4,0.192,4765,9.4,17.6
201627,Anthony Morrow,Anthony,1610612760,OKC,29.0,74,42,32,0.568,1805.6133333333328,285,615,0.463,141,325,0.434,79,89,0.888,40,155,195,60,38,54,11,15,135,84,790,224,1271.0,2,0,1316.0,1,2014-15,Anthony Morrow,24.4,106.4,106.9,106.9,102.2,101.8,101.8,4.2,5.1,5.1,0.05,1.58,8.0,0.021,0.081,0.051,5.1,5.1,0.578,0.604,0.16,0.164,98.76,98.68,82.23,98.68,0.092,3728,3.9,8.3
201229,Anthony Tolliver,Anthony,1610612765,DET,30.0,76,36,40,0.474,1432.785,161,393,0.41,106,290,0.366,54,69,0.783,51,185,236,59,51,24,16,17,137,82,482,103,922.7,1,0,963.0,2,2014-15,Anthony Tolliver,18.9,106.3,106.5,106.5,103.1,103.3,103.3,3.2,3.2,3.2,0.061,1.16,11.1,0.034,0.134,0.082,9.6,9.6,0.545,0.569,0.145,0.148,96.29,96.13,80.11,96.13,0.069,2875,2.1,5.2
203462,Archie Goodwin,Archie,1610612756,PHX,20.0,41,16,25,0.39,534.8316666666667,79,201,0.393,12,41,0.293,61,83,0.735,27,47,74,44,48,18,9,21,55,74,231,-163,418.8,0,0,415.0,1,2014-15,Archie Goodwin,13.0,91.7,91.7,91.7,107.1,106.3,106.3,-15.4,-14.7,-14.7,0.149,0.92,13.4,0.043,0.089,0.064,14.6,14.6,0.423,0.486,0.225,0.23,97.55,97.96,81.63,97.96,0.065,1090,1.9,4.9
202620,Arinze Onuaku,Arinze,1610612750,MIN,27.0,6,0,6,0.0,68.25833333333334,12,14,0.857,0,0,0.0,3,8,0.375,7,14,21,4,2,1,3,1,6,4,27,-18,68.2,0,0,60.0,1,2014-15,Arinze Onuaku,11.4,111.2,110.9,110.9,120.9,121.4,121.4,-9.7,-10.5,-10.5,0.089,2.0,16.7,0.108,0.192,0.152,8.3,8.5,0.857,0.771,0.125,0.125,97.51,97.39,81.16,97.39,0.13,137,2.0,2.3
203382,Aron Baynes,Aron,1610612759,SAS,28.0,70,49,21,0.7,1122.34,185,327,0.566,1,4,0.25,90,104,0.865,109,209,318,35,65,16,22,34,162,114,461,136,944.1,5,0,891.0,1,2014-15,Aron Baynes,16.0,104.4,104.3,104.3,97.6,97.5,97.5,6.8,6.8,6.8,0.049,0.54,7.4,0.1,0.18,0.141,13.7,13.7,0.567,0.618,0.172,0.176,97.07,97.15,80.96,97.15,0.106,2262,2.6,4.7
201167,Arron Afflalo,Arron,1610612757,POR,29.0,78,35,43,0.449,2501.548333333333,375,884,0.424,118,333,0.354,167,198,0.843,27,220,247,129,116,41,7,63,167,146,1035,-23,1552.9,0,0,1625.0,2,2014-15,Arron Afflalo,32.1,104.5,106.3,106.3,105.6,106.4,106.4,-1.2,-0.2,-0.2,0.079,1.11,10.7,0.01,0.085,0.048,9.6,9.5,0.491,0.533,0.188,0.191,97.25,96.06,80.05,96.06,0.068,4999,4.8,11.3
201948,Austin Daye,Austin,1610612737,ATL,27.0,34,17,17,0.5,343.99333333333334,50,141,0.355,24,71,0.338,5,6,0.833,10,65,75,17,23,12,5,2,39,7,129,-43,272.5,2,0,279.0,2,2014-15,Austin Daye,10.1,99.2,98.4,98.4,102.3,102.8,102.8,-3.1,-4.4,-4.4,0.083,0.74,9.2,0.028,0.18,0.105,12.5,12.5,0.44,0.449,0.211,0.217,98.56,98.65,82.21,98.65,0.066,701,1.5,4.1
203085,Austin Rivers,Austin,1610612746,LAC,22.0,76,46,30,0.605,1562.99,203,496,0.409,39,131,0.298,85,126,0.675,27,125,152,155,65,48,14,25,146,103,530,-128,1065.9,0,0,1000.0,2,2014-15,Austin Rivers,20.6,101.4,100.4,100.4,104.6,104.0,104.0,-3.2,-3.6,-3.6,0.157,2.38,20.1,0.017,0.079,0.047,8.4,8.4,0.449,0.481,0.174,0.179,95.36,96.11,80.09,96.11,0.064,3122,2.7,6.5
202340,Avery Bradley,Avery,1610612738,BOS,24.0,77,37,40,0.481,2427.5466666666666,434,1013,0.428,124,352,0.352,79,100,0.79,46,195,241,135,109,82,15,49,177,92,1071,-87,1744.7,1,0,1765.0,1,2014-15,Avery Bradley,31.5,100.1,101.7,101.7,102.5,102.8,102.8,-2.4,-1.1,-1.1,0.087,1.24,10.4,0.018,0.079,0.048,8.4,8.4,0.49,0.507,0.207,0.21,99.11,98.17,81.81,98.17,0.071,4950,5.6,13.2
2732,Ben Gordon,Ben,1610612753,ORL,32.0,56,17,39,0.304,790.3716666666667,129,295,0.437,35,97,0.361,56,67,0.836,6,57,63,50,55,14,1,14,60,67,349,-137,489.6,0,0,527.0,1,2014-15,Ben Gordon,14.1,97.2,96.0,96.0,106.2,106.0,106.0,-8.9,-9.9,-9.9,0.111,0.91,11.6,0.008,0.072,0.04,12.8,12.8,0.497,0.538,0.213,0.22,95.27,95.95,79.96,95.95,0.073,1590,2.3,5.3
203463,Ben McLemore,Ben,1610612758,SAC,22.0,82,29,53,0.354,2670.105,363,831,0.437,140,391,0.358,130,160,0.813,31,210,241,140,138,77,19,37,219,131,996,-36,1645.2,0,0,1709.0,1,2014-15,Ben McLemore,32.6,103.2,104.8,104.8,104.5,105.4,105.4,-1.3,-0.6,-0.6,0.082,1.01,11.9,0.012,0.076,0.045,11.7,11.7,0.521,0.552,0.17,0.172,98.17,96.99,80.83,96.99,0.064,5394,4.4,10.1
2757,Beno Udrih,Beno,1610612763,MEM,32.0,79,55,24,0.696,1494.4666666666667,246,505,0.487,26,97,0.268,87,102,0.853,20,123,143,220,89,46,8,20,88,96,605,-4,1179.6,0,0,1102.0,1,2014-15,Beno Udrih,18.9,101.3,100.5,100.5,101.0,101.0,101.0,0.3,-0.5,-0.5,0.236,2.47,25.7,0.014,0.081,0.048,10.4,10.4,0.513,0.55,0.191,0.197,94.32,94.69,78.9,94.69,0.112,2953,3.1,6.4
203108,Bernard James,Bernard,1610612742,DAL,30.0,16,6,10,0.375,157.65333333333334,12,27,0.444,0,0,0.0,20,23,0.87,18,21,39,4,6,2,15,8,17,14,44,-9,141.8,0,0,121.0,1,2014-15,Bernard James,9.9,99.4,99.4,99.4,101.1,100.0,100.0,-1.7,-0.6,-0.6,0.039,0.67,8.3,0.11,0.128,0.119,12.5,12.7,0.444,0.593,0.119,0.12,97.31,97.89,81.57,97.89,0.092,318,0.8,1.7
202687,Bismack Biyombo,Bismack,1610612766,CHA,22.0,64,26,38,0.406,1243.1016666666667,101,186,0.543,0,0,0.0,102,175,0.583,159,248,407,16,52,18,99,26,140,140,304,-31,1115.4,6,0,961.0,1,2014-15,Bismack Biyombo,19.4,97.5,98.2,98.2,98.7,99.3,99.3,-1.2,-1.1,-1.1,0.021,0.31,4.8,0.116,0.192,0.153,15.5,15.7,0.543,0.578,0.114,0.115,94.04,93.44,77.87,93.44,0.095,2418,1.6,2.9
201933,Blake Griffin,Blake,1610612746,LAC,26.0,67,47,20,0.701,2355.7883333333334,574,1144,0.502,10,25,0.4,311,427,0.728,126,382,508,354,152,63,35,50,196,392,1469,583,2751.6,18,0,2537.0,1,2014-15,Blake Griffin,35.2,115.1,116.9,116.9,103.5,104.7,104.7,11.5,12.2,12.2,0.246,2.33,19.3,0.056,0.161,0.11,8.3,8.3,0.506,0.551,0.278,0.281,97.11,95.85,79.87,95.85,0.146,4708,8.6,17.1
202711,Bojan Bogdanovic,Bojan,1610612751,BKN,26.0,78,36,42,0.462,1853.8583333333331,261,576,0.453,91,256,0.355,87,106,0.821,50,163,213,68,78,34,9,42,104,90,700,-178,1108.6,0,0,1158.0,1,2014-15,Bojan Bogdanovic,23.8,103.1,103.2,103.2,107.9,108.1,108.1,-4.9,-4.9,-4.9,0.057,0.87,8.9,0.028,0.086,0.057,10.2,10.1,0.532,0.562,0.169,0.172,94.98,94.83,79.02,94.83,0.073,3663,3.3,7.4
2564,Boris Diaw,Boris,1610612759,SAS,33.0,81,55,26,0.679,1984.3,291,632,0.46,54,169,0.32,72,93,0.774,78,270,348,233,126,36,23,26,148,109,708,291,1526.1,1,0,1461.0,1,2014-15,Boris Diaw,24.5,105.6,106.3,106.3,98.8,98.9,98.9,6.8,7.4,7.4,0.181,1.85,22.6,0.041,0.137,0.09,12.2,12.2,0.503,0.526,0.18,0.183,95.51,95.19,79.32,95.19,0.095,3935,3.6,7.8
203078,Bradley Beal,Bradley,1610612764,WAS,22.0,63,37,26,0.587,2107.4366666666665,363,851,0.427,106,259,0.409,130,166,0.783,57,184,241,194,123,76,18,49,136,144,962,192,1701.2,2,0,1691.0,1,2014-15,Bradley Beal,33.5,104.7,105.6,105.6,98.9,101.1,101.1,5.7,4.5,4.5,0.144,1.58,15.7,0.029,0.085,0.058,10.0,9.9,0.489,0.521,0.222,0.226,96.21,94.73,78.94,94.73,0.092,4161,5.8,13.5
201148,Brandan Wright,Brandan,1610612756,PHX,27.0,75,37,38,0.493,1448.5733333333333,233,363,0.642,0,3,0.0,78,112,0.696,128,193,321,41,34,50,94,23,102,94,544,-15,1388.7,3,0,1194.0,3,2014-15,Brandan Wright,19.3,103.7,103.1,103.1,103.6,103.2,103.2,0.1,-0.1,-0.1,0.044,1.21,8.5,0.088,0.129,0.109,7.0,7.0,0.642,0.66,0.134,0.138,96.75,97.17,80.98,97.17,0.128,2926,3.1,4.8
101138,Brandon Bass,Brandon,1610612738,BOS,30.0,82,40,42,0.488,1928.67,344,683,0.504,9,32,0.281,169,214,0.79,139,259,398,104,83,41,32,56,140,155,866,-177,1635.6,5,0,1523.0,1,2014-15,Brandon Bass,23.5,100.6,100.6,100.6,102.8,103.5,103.5,-2.1,-2.9,-2.9,0.091,1.25,10.8,0.07,0.131,0.1,8.6,8.6,0.51,0.557,0.195,0.2,97.89,97.58,81.32,97.58,0.11,3890,4.2,8.3
203561,Brandon Davies,Brandon,1610612755,PHI,23.0,27,6,21,0.222,422.845,55,137,0.401,8,34,0.235,24,37,0.649,38,45,83,30,29,18,7,13,59,44,142,-161,332.6,0,0,313.0,2,2014-15,Brandon Davies,15.7,93.8,94.7,94.7,112.9,112.7,112.7,-19.1,-18.0,-18.0,0.123,1.03,14.2,0.084,0.119,0.1,13.7,13.7,0.431,0.463,0.183,0.186,99.49,99.1,82.58,99.1,0.05,871,2.0,5.1
201943,Brandon Jennings,Brandon,1610612765,DET,25.0,41,17,24,0.415,1172.8066666666666,218,543,0.401,76,211,0.36,120,143,0.839,21,83,104,272,90,44,4,28,64,127,632,33,1218.8,5,0,1180.0,1,2014-15,Brandon Jennings,28.6,103.9,105.0,105.0,103.1,104.2,104.2,0.8,0.8,0.8,0.384,3.02,28.2,0.016,0.071,0.042,9.3,9.3,0.471,0.522,0.25,0.254,97.19,96.22,80.18,96.22,0.127,2358,5.3,13.2
202688,Brandon Knight,Brandon,1610612756,PHX,23.0,63,33,30,0.524,2035.1916666666664,375,888,0.422,125,321,0.389,195,223,0.874,28,216,244,330,189,90,10,37,114,222,1070,-78,1968.8,2,0,1969.0,2,2014-15,Brandon Knight,32.3,100.2,100.9,100.9,101.3,102.6,102.6,-1.1,-1.7,-1.7,0.272,1.75,22.0,0.014,0.104,0.059,12.6,12.6,0.493,0.543,0.25,0.254,98.59,97.62,81.35,97.62,0.129,4136,6.0,14.1
201575,Brandon Rush,Brandon,1610612744,GSW,29.0,33,27,6,0.818,271.06333333333333,11,54,0.204,3,27,0.111,5,11,0.455,4,37,41,12,11,5,12,4,27,7,30,-124,137.2,0,0,120.0,1,2014-15,Brandon Rush,8.2,94.5,91.6,91.6,113.4,113.5,113.5,-18.9,-21.9,-21.9,0.063,1.09,14.6,0.014,0.136,0.072,13.4,13.4,0.231,0.255,0.106,0.111,102.77,104.39,86.99,104.39,0.005,592,0.3,1.6
2217,Brendan Haywood,Brendan,1610612739,CLE,35.0,22,14,8,0.636,119.03,14,30,0.467,0,0,0.0,7,13,0.538,6,23,29,2,10,2,10,3,17,10,35,-50,98.8,0,0,90.0,1,2014-15,Brendan Haywood,5.4,85.4,82.5,82.5,106.7,105.9,105.9,-21.3,-23.3,-23.3,0.032,0.2,4.3,0.048,0.176,0.114,21.3,21.0,0.467,0.49,0.169,0.181,95.71,97.79,81.49,97.79,0.05,246,0.6,1.4
203148,Brian Roberts,Brian,1610612766,CHA,29.0,72,30,42,0.417,1329.9366666666667,176,452,0.389,62,193,0.321,66,74,0.892,13,96,109,162,57,33,6,14,75,98,480,-87,913.8,0,0,891.0,1,2014-15,Brian Roberts,18.5,97.1,97.6,97.6,101.3,101.3,101.3,-4.2,-3.8,-3.8,0.209,2.84,23.1,0.009,0.07,0.039,8.1,8.1,0.458,0.495,0.182,0.187,94.42,94.18,78.48,94.18,0.086,2615,2.4,6.3
201572,Brook Lopez,Brook,1610612751,BKN,27.0,72,34,38,0.472,2100.275,506,987,0.513,1,10,0.1,223,274,0.814,214,321,535,50,104,43,126,49,206,236,1236,-104,2356.0,17,0,2160.0,1,2014-15,Brook Lopez,29.2,102.8,103.2,103.2,105.3,106.3,106.3,-2.5,-3.2,-3.2,0.044,0.48,4.0,0.102,0.152,0.127,8.3,8.2,0.513,0.558,0.257,0.262,95.0,94.38,78.65,94.38,0.13,4142,7.0,13.7
203998,Bruno Caboclo,Bruno,1610612761,TOR,19.0,8,7,1,0.875,23.416666666666668,4,12,0.333,2,3,0.667,0,0,0.0,1,1,2,0,4,0,1,0,3,0,10,-27,11.4,0,0,16.0,1,2014-15,Bruno Caboclo,2.9,69.4,61.7,61.7,129.7,130.2,130.2,-60.3,-68.5,-68.5,0.0,0.0,0.0,0.043,0.0,0.0,25.0,25.0,0.417,0.417,0.281,0.315,87.04,92.24,76.87,92.24,-0.042,47,0.5,1.5
203955,Bryce Cotton,Bryce,1610612762,UTA,22.0,15,9,6,0.6,159.38666666666666,29,69,0.42,7,20,0.35,15,18,0.833,3,15,18,15,12,4,0,4,6,15,80,0,124.1,0,0,128.0,1,2014-15,Bryce Cotton,10.6,100.8,98.8,98.8,101.3,100.6,100.6,-0.5,-1.8,-1.8,0.169,1.25,14.4,0.018,0.097,0.056,11.5,11.5,0.471,0.52,0.227,0.238,100.43,101.79,84.83,101.79,0.106,341,1.9,4.6
201228,C.J. Watson,C.J.,1610612754,IND,31.0,57,25,32,0.439,1421.9516666666666,181,417,0.434,70,175,0.4,138,167,0.826,18,145,163,208,100,57,9,17,107,162,570,4,1175.6,0,0,1143.0,1,2014-15,C.J. Watson,24.9,100.5,100.9,100.9,101.2,102.1,102.1,-0.6,-1.2,-1.2,0.229,2.08,26.1,0.012,0.1,0.056,12.6,12.5,0.518,0.581,0.18,0.185,97.27,96.61,80.51,96.61,0.113,2881,3.2,7.3
203912,C.J. Wilcox,C.J.,1610612746,LAC,24.0,21,15,6,0.714,100.56666666666666,16,38,0.421,7,19,0.368,2,2,1.0,1,6,7,8,10,3,1,1,7,3,41,-19,63.4,0,0,71.0,1,2014-15,C.J. Wilcox,4.8,89.9,89.0,89.0,100.8,98.1,98.1,-10.9,-9.0,-9.0,0.151,0.8,14.3,0.01,0.056,0.033,17.9,17.6,0.513,0.527,0.21,0.223,98.43,100.23,83.53,100.23,0.059,210,0.8,1.8
203468,CJ McCollum,CJ,1610612757,POR,23.0,62,37,25,0.597,973.0983333333334,159,365,0.436,55,139,0.396,51,73,0.699,14,77,91,64,48,43,8,25,81,61,424,117,734.2,0,0,736.0,1,2014-15,CJ McCollum,15.7,103.1,101.7,101.7,97.8,97.0,97.0,5.4,4.7,4.7,0.104,1.33,12.6,0.014,0.074,0.045,9.5,9.4,0.511,0.534,0.198,0.205,96.53,97.57,81.31,97.57,0.079,1990,2.6,5.9
101139,CJ Miles,CJ,1610612754,IND,28.0,70,31,39,0.443,1841.0616666666667,329,827,0.398,154,446,0.345,130,161,0.807,18,196,214,75,73,60,26,26,132,128,942,159,1496.3,1,0,1557.0,1,2014-15,CJ Miles,26.3,102.5,103.1,103.1,98.4,99.3,99.3,4.0,3.8,3.8,0.069,1.03,7.2,0.009,0.101,0.056,7.0,7.0,0.491,0.525,0.23,0.235,97.26,96.52,80.43,96.52,0.091,3711,4.7,11.8
203946,Cameron Bairstow,Cameron,1610612741,CHI,24.0,18,12,6,0.667,63.531666666666666,3,14,0.214,0,0,0.0,4,5,0.8,6,2,8,1,3,2,1,2,8,3,10,-20,27.1,0,0,25.0,1,2014-15,Cameron Bairstow,3.5,105.3,99.2,99.2,121.8,115.5,115.5,-16.5,-16.3,-16.3,0.021,0.33,5.0,0.09,0.037,0.066,15.0,14.9,0.214,0.309,0.126,0.14,92.52,97.84,81.53,97.84,-0.019,130,0.2,0.8
201171,Carl Landry,Carl,1610612758,SAC,31.0,70,26,44,0.371,1191.7133333333334,190,369,0.515,0,0,0.0,123,150,0.82,99,169,268,26,54,15,17,42,132,115,503,-218,905.6,3,0,861.0,1,2014-15,Carl Landry,17.0,97.9,98.6,98.6,107.1,107.4,107.4,-9.2,-8.8,-8.8,0.04,0.48,5.0,0.082,0.135,0.109,10.4,10.5,0.515,0.578,0.18,0.182,96.69,96.26,80.22,96.26,0.096,2386,2.7,5.3
2430,Carlos Boozer,Carlos,1610612747,LAL,33.0,71,18,53,0.254,1691.71,371,743,0.499,0,0,0.0,94,150,0.627,111,371,482,95,92,41,12,64,184,109,836,-319,1623.9,10,0,1519.0,1,2014-15,Carlos Boozer,23.8,100.7,101.2,101.2,110.0,110.6,110.6,-9.3,-9.3,-9.3,0.101,1.03,9.5,0.062,0.223,0.14,9.2,9.2,0.499,0.517,0.231,0.235,97.24,96.71,80.59,96.71,0.115,3408,5.2,10.5
2546,Carmelo Anthony,Carmelo,1610612752,NYK,31.0,40,10,30,0.25,1427.625,358,806,0.444,61,179,0.341,189,237,0.797,72,192,264,122,89,40,17,36,87,202,966,-108,1547.8,5,0,1527.0,1,2014-15,Carmelo Anthony,35.7,105.1,106.5,106.5,109.3,111.0,111.0,-4.2,-4.5,-4.5,0.161,1.37,10.9,0.052,0.14,0.095,8.0,7.9,0.482,0.531,0.319,0.324,92.82,91.52,76.27,91.52,0.14,2729,9.0,20.2
2406,Caron Butler,Caron,1610612765,DET,35.0,78,30,48,0.385,1623.4583333333333,161,396,0.407,83,219,0.379,55,61,0.902,21,175,196,79,49,43,4,8,120,45,460,-21,905.7,0,0,912.0,1,2014-15,Caron Butler,20.8,101.8,102.7,102.7,103.6,103.6,103.6,-1.7,-0.9,-0.9,0.074,1.61,14.4,0.012,0.111,0.06,8.9,8.9,0.511,0.544,0.129,0.132,94.04,93.61,78.01,93.61,0.065,3169,2.1,5.1
201858,Cartier Martin,Cartier,1610612765,DET,30.0,23,7,16,0.304,198.20666666666668,15,53,0.283,6,33,0.182,0,0,0.0,0,20,20,11,5,3,1,3,20,6,36,21,83.5,0,0,81.0,1,2014-15,Cartier Martin,8.6,100.6,101.0,101.0,98.1,95.7,95.7,2.5,5.4,5.4,0.085,2.2,15.9,0.0,0.104,0.047,7.2,7.2,0.34,0.34,0.124,0.128,93.93,94.93,79.11,94.93,0.012,392,0.7,2.3
202718,Chandler Parsons,Chandler,1610612742,DAL,26.0,66,41,25,0.621,2186.175,383,829,0.462,132,347,0.38,139,193,0.72,64,259,323,161,96,69,19,37,140,185,1037,202,1834.1,3,0,1829.0,1,2014-15,Chandler Parsons,33.1,108.4,109.0,109.0,103.9,105.0,105.0,4.5,4.0,4.0,0.111,1.68,13.8,0.029,0.119,0.074,8.2,8.2,0.542,0.567,0.201,0.205,97.79,96.98,80.82,96.98,0.105,4428,5.8,12.6
101112,Channing Frye,Channing,1610612753,ORL,32.0,75,23,52,0.307,1869.7166666666667,191,487,0.392,136,346,0.393,31,35,0.886,27,266,293,94,78,47,39,9,191,79,549,-247,1221.6,2,0,1244.0,1,2014-15,Channing Frye,24.9,99.9,100.3,100.3,107.4,107.2,107.2,-7.6,-6.9,-6.9,0.074,1.21,14.0,0.014,0.151,0.081,11.6,11.6,0.532,0.546,0.139,0.141,95.64,95.55,79.63,95.55,0.062,3726,2.5,6.5
101111,Charlie Villanueva,Charlie,1610612742,DAL,30.0,64,37,27,0.578,678.1,150,362,0.414,83,221,0.376,20,35,0.571,30,119,149,19,28,15,22,10,64,25,403,-54,693.3,0,0,728.0,1,2014-15,Charlie Villanueva,10.6,103.4,101.0,101.0,106.7,104.7,104.7,-3.3,-3.7,-3.7,0.047,0.68,4.5,0.041,0.165,0.103,6.6,6.6,0.529,0.534,0.252,0.261,99.96,102.14,85.12,102.14,0.104,1443,2.3,5.7
201978,Chase Budinger,Chase,1610612750,MIN,27.0,67,8,59,0.119,1285.88,169,390,0.433,52,143,0.364,67,81,0.827,33,165,198,64,49,44,10,28,72,60,457,-261,903.6,0,0,879.0,1,2014-15,Chase Budinger,19.2,98.5,98.9,98.9,109.0,108.2,108.2,-10.5,-9.3,-9.3,0.082,1.31,12.0,0.026,0.131,0.078,9.2,9.1,0.5,0.537,0.161,0.165,97.38,97.52,81.27,97.52,0.086,2604,2.5,5.8
2365,Chris Andersen,Chris,1610612748,MIA,36.0,60,27,33,0.45,1131.71,120,207,0.58,4,13,0.308,76,114,0.667,76,223,299,43,40,26,61,21,88,106,320,-1,964.3,1,0,840.0,1,2014-15,Chris Andersen,18.9,100.4,100.0,100.0,99.9,100.4,100.4,0.5,-0.4,-0.4,0.063,1.08,12.5,0.075,0.201,0.141,11.6,11.8,0.589,0.622,0.123,0.125,93.2,93.16,77.63,93.16,0.12,2200,2.0,3.5
2547,Chris Bosh,Chris,1610612748,MIA,31.0,44,19,25,0.432,1555.965,343,745,0.46,63,168,0.375,179,232,0.772,46,264,310,95,95,41,25,30,69,152,928,-99,1545.5,7,0,1528.0,1,2014-15,Chris Bosh,35.4,101.7,101.6,101.6,103.9,105.8,105.8,-2.2,-4.1,-4.1,0.121,1.0,9.2,0.032,0.176,0.106,9.2,9.2,0.503,0.548,0.282,0.29,92.28,91.53,76.27,91.53,0.143,2978,7.8,16.9
203142,Chris Copeland,Chris,1610612754,IND,31.0,50,19,31,0.38,827.485,112,310,0.361,52,167,0.311,33,45,0.733,23,88,111,51,59,11,11,23,78,48,309,-29,525.7,1,0,567.0,1,2014-15,Chris Copeland,16.5,99.3,100.4,100.4,103.2,103.1,103.1,-3.9,-2.6,-2.6,0.102,0.86,11.7,0.027,0.106,0.066,13.5,13.4,0.445,0.468,0.206,0.212,95.34,94.9,79.08,94.9,0.048,1643,2.2,6.2
201604,Chris Douglas-Roberts,Chris,1610612746,LAC,28.0,12,5,7,0.417,102.53833333333333,5,21,0.238,1,7,0.143,8,8,1.0,1,11,12,4,0,1,0,4,14,5,19,-15,42.4,0,0,38.0,1,2014-15,Chris Douglas-Roberts,8.5,101.8,101.0,101.0,109.6,105.3,105.3,-7.8,-4.3,-4.3,0.058,0.0,13.8,0.01,0.138,0.066,0.0,0.0,0.262,0.387,0.108,0.11,94.11,96.43,80.36,96.43,0.016,203,0.4,1.8
203187,Chris Johnson,Chris,1610612762,UTA,25.0,29,9,20,0.31,526.765,62,154,0.403,28,95,0.295,14,16,0.875,8,47,55,15,15,26,7,10,44,19,166,-31,338.5,0,0,330.0,3,2014-15,Chris Johnson,18.2,98.9,97.2,97.2,101.6,100.4,100.4,-2.7,-3.2,-3.2,0.046,1.0,7.9,0.014,0.086,0.05,7.9,7.9,0.494,0.515,0.139,0.145,98.04,99.51,82.92,99.51,0.064,1094,2.1,5.3
2549,Chris Kaman,Chris,1610612757,POR,33.0,74,47,27,0.635,1398.1716666666666,283,549,0.515,0,0,0.0,72,102,0.706,149,335,484,65,108,18,54,35,140,94,638,-7,1424.3,4,0,1331.0,1,2014-15,Chris Kaman,18.9,103.3,102.4,102.4,102.7,103.1,103.1,0.6,-0.7,-0.7,0.079,0.6,8.5,0.105,0.235,0.17,14.1,14.1,0.515,0.537,0.222,0.228,95.35,95.56,79.63,95.56,0.124,2789,3.8,7.4
101108,Chris Paul,Chris,1610612746,LAC,30.0,82,56,26,0.683,2857.2433333333333,568,1170,0.485,139,349,0.398,289,321,0.9,52,324,376,838,190,156,15,21,203,299,1564,733,3595.2,40,1,3259.0,1,2014-15,Chris Paul,34.8,115.1,116.7,116.7,102.9,104.0,104.0,12.2,12.7,12.7,0.441,4.41,35.8,0.019,0.111,0.066,8.1,8.1,0.545,0.596,0.232,0.234,97.38,96.21,80.18,96.21,0.173,5729,6.9,14.3
101236,Chuck Hayes,Chuck,1610612761,TOR,32.0,29,17,12,0.586,255.35166666666663,22,46,0.478,0,0,0.0,6,11,0.545,18,33,51,20,8,10,4,7,37,12,50,38,175.2,0,0,149.0,1,2014-15,Chuck Hayes,8.8,112.1,113.3,113.3,104.6,104.5,104.5,7.6,8.8,8.8,0.105,2.5,25.3,0.071,0.139,0.104,10.1,10.1,0.478,0.492,0.104,0.106,95.76,95.3,79.42,95.3,0.052,504,0.8,1.6
203921,Cleanthony Early,Cleanthony,1610612752,NYK,24.0,39,6,33,0.154,647.045,76,214,0.355,22,84,0.262,36,48,0.75,22,75,97,36,40,24,12,17,57,41,210,-163,448.4,0,0,437.0,1,2014-15,Cleanthony Early,16.6,90.2,90.5,90.5,103.2,102.8,102.8,-13.1,-12.3,-12.3,0.102,0.9,11.5,0.032,0.122,0.075,12.8,12.9,0.407,0.447,0.19,0.195,95.64,95.7,79.75,95.7,0.058,1288,1.9,5.5
203991,Clint Capela,Clint,1610612745,HOU,21.0,12,8,4,0.667,89.63833333333334,14,29,0.483,0,0,0.0,4,23,0.174,10,26,36,2,5,1,9,4,14,13,32,8,103.2,0,0,90.0,1,2014-15,Clint Capela,7.5,99.4,97.4,97.4,93.8,92.4,92.4,5.6,5.0,5.0,0.037,0.4,4.3,0.099,0.218,0.164,10.6,10.8,0.483,0.409,0.206,0.213,103.71,105.49,87.91,105.49,0.06,196,1.2,2.4
203469,Cody Zeller,Cody,1610612766,CHA,22.0,62,27,35,0.435,1486.685,172,373,0.461,1,1,1.0,127,164,0.774,97,265,362,100,62,34,49,43,156,147,472,16,1243.4,2,0,1101.0,1,2014-15,Cody Zeller,24.0,100.2,101.2,101.2,98.8,100.0,100.0,1.4,1.2,1.2,0.106,1.61,16.4,0.064,0.175,0.119,10.2,10.2,0.462,0.53,0.153,0.155,95.75,94.73,78.94,94.73,0.1,2925,2.8,6.0
202332,Cole Aldrich,Cole,1610612752,NYK,26.0,61,11,50,0.18,976.2983333333332,144,301,0.478,0,0,0.0,50,64,0.781,101,237,338,75,59,37,65,15,122,64,338,-273,1103.1,6,0,955.0,1,2014-15,Cole Aldrich,16.0,90.8,91.6,91.6,106.7,105.1,105.1,-15.9,-13.5,-13.5,0.143,1.27,16.2,0.099,0.249,0.172,12.7,12.7,0.478,0.513,0.178,0.182,93.89,94.18,78.48,94.18,0.133,1908,2.4,4.9
201147,Corey Brewer,Corey,1610612745,HOU,29.0,80,42,38,0.525,2087.385,343,805,0.426,63,235,0.268,168,226,0.743,80,217,297,173,131,114,19,56,173,195,917,-31,1800.9,3,0,1716.0,2,2014-15,Corey Brewer,26.1,102.7,103.1,103.1,103.3,103.6,103.6,-0.6,-0.5,-0.5,0.131,1.32,14.3,0.036,0.101,0.068,10.8,10.8,0.465,0.507,0.206,0.209,101.8,101.47,84.56,101.47,0.088,4408,4.3,10.1
203928,Cory Jefferson,Cory,1610612751,BKN,24.0,50,18,32,0.36,531.1583333333333,75,167,0.449,2,15,0.133,31,54,0.574,47,98,145,16,20,10,21,16,61,40,183,76,454.0,1,0,408.0,1,2014-15,Cory Jefferson,10.6,103.0,102.9,102.9,96.3,94.7,94.7,6.8,8.2,8.2,0.047,0.8,7.0,0.087,0.173,0.131,8.8,8.8,0.455,0.48,0.17,0.174,96.86,97.73,81.44,97.73,0.087,1075,1.5,3.3
202709,Cory Joseph,Cory,1610612759,SAS,23.0,79,53,26,0.671,1443.6883333333333,207,411,0.504,16,44,0.364,105,143,0.734,44,148,192,188,67,46,17,32,105,140,535,173,1169.4,0,0,1057.0,1,2014-15,Cory Joseph,18.3,104.6,103.9,103.9,98.3,97.7,97.7,6.4,6.2,6.2,0.205,2.81,25.9,0.032,0.101,0.067,9.2,9.2,0.523,0.564,0.166,0.171,94.84,95.44,79.53,95.44,0.11,2868,2.6,5.2
201584,Courtney Lee,Courtney,1610612763,MEM,29.0,77,51,26,0.662,2354.4266666666667,288,643,0.448,90,224,0.402,111,129,0.86,21,157,178,151,78,75,12,18,129,70,777,120,1400.1,0,0,1370.0,1,2014-15,Courtney Lee,30.6,104.9,105.4,105.4,102.8,103.2,103.2,2.1,2.2,2.2,0.096,1.94,16.4,0.009,0.069,0.039,8.5,8.4,0.518,0.555,0.148,0.152,94.02,93.6,78.0,93.6,0.072,4600,3.7,8.4
201571,D.J. Augustin,D.J.,1610612760,OKC,27.0,82,37,45,0.451,1963.785,258,647,0.399,83,246,0.337,178,205,0.868,20,141,161,353,145,49,3,50,93,205,777,-72,1510.7,4,0,1478.0,2,2014-15,D.J. Augustin,23.9,102.2,103.3,103.3,105.1,105.6,105.6,-2.9,-2.3,-2.3,0.286,2.43,28.6,0.009,0.071,0.039,11.7,11.7,0.463,0.527,0.194,0.198,96.17,95.44,79.53,95.44,0.1,3913,3.1,7.9
2563,Dahntay Jones,Dahntay,1610612746,LAC,34.0,33,23,10,0.697,123.33,6,21,0.286,0,4,0.0,9,11,0.818,1,10,11,2,1,3,0,1,23,11,21,-79,45.2,0,0,40.0,1,2014-15,Dahntay Jones,3.7,88.8,82.2,82.2,111.5,108.6,108.6,-22.6,-26.3,-26.3,0.027,2.0,6.9,0.007,0.081,0.042,3.4,3.5,0.286,0.406,0.094,0.103,97.64,102.75,85.62,102.75,-0.011,259,0.2,0.6
203081,Damian Lillard,Damian,1610612757,POR,24.0,82,51,31,0.622,2924.565,590,1360,0.434,196,572,0.343,344,398,0.864,49,329,378,507,222,97,21,66,164,360,1720,305,3066.1,6,0,3037.0,1,2014-15,Damian Lillard,35.7,107.3,108.9,108.9,102.7,103.6,103.6,4.6,5.3,5.3,0.285,2.28,22.5,0.016,0.107,0.063,9.9,9.8,0.506,0.56,0.262,0.267,96.64,95.53,79.61,95.53,0.137,5819,7.2,16.6
204014,Damjan Rudez,Damjan,1610612754,IND,29.0,68,28,40,0.412,1047.395,119,263,0.452,69,170,0.406,16,23,0.696,8,39,47,53,47,16,5,5,79,25,323,33,474.9,0,0,534.0,1,2014-15,Damjan Rudez,15.4,100.3,100.1,100.1,101.0,100.0,100.0,-0.7,0.1,0.1,0.079,1.13,14.2,0.007,0.037,0.022,12.6,12.6,0.584,0.591,0.134,0.137,95.34,95.85,79.87,95.85,0.05,2107,1.8,3.9
201568,Danilo Gallinari,Danilo,1610612743,DEN,26.0,59,23,36,0.39,1425.8316666666667,228,568,0.401,107,301,0.355,171,191,0.895,31,187,218,83,57,47,20,33,94,182,734,18,1264.1,0,0,1276.0,1,2014-15,Danilo Gallinari,24.2,104.7,105.6,105.6,103.3,104.3,104.3,1.4,1.2,1.2,0.094,1.46,10.5,0.02,0.13,0.073,7.2,7.2,0.496,0.563,0.214,0.217,98.96,98.05,81.71,98.05,0.113,2904,3.9,9.6
101122,Danny Granger,Danny,1610612756,PHX,32.0,30,11,19,0.367,612.7416666666667,65,162,0.401,30,84,0.357,28,37,0.757,20,60,80,17,24,13,6,9,67,31,188,-106,342.5,0,0,353.0,1,2014-15,Danny Granger,20.4,99.2,98.5,98.5,107.2,108.1,108.1,-8.0,-9.5,-9.5,0.049,0.71,7.8,0.035,0.102,0.069,11.0,10.9,0.494,0.527,0.156,0.161,90.7,90.64,75.53,90.64,0.05,1159,2.2,5.4
201980,Danny Green,Danny,1610612759,SAS,28.0,81,55,26,0.679,2311.488333333333,322,738,0.436,191,457,0.418,111,127,0.874,54,289,343,158,93,101,87,20,163,98,946,430,2065.6,2,0,2014.0,1,2014-15,Danny Green,28.5,108.4,108.9,108.9,98.4,99.0,99.0,9.9,9.8,9.8,0.101,1.7,15.3,0.025,0.122,0.075,9.0,8.9,0.566,0.596,0.17,0.175,95.95,95.45,79.54,95.45,0.104,4586,4.0,9.1
201967,Dante Cunningham,Dante,1610612740,NOP,28.0,66,37,29,0.561,1652.185,155,339,0.457,1,10,0.1,29,47,0.617,70,186,256,50,35,46,37,24,101,39,340,-30,936.2,1,0,813.0,1,2014-15,Dante Cunningham,25.0,104.5,104.1,104.1,103.7,104.5,104.5,0.8,-0.4,-0.4,0.045,1.43,11.2,0.045,0.113,0.08,7.8,7.9,0.459,0.473,0.109,0.112,92.41,92.23,76.86,92.23,0.059,3166,2.3,5.1
203957,Dante Exum,Dante,1610612762,UTA,19.0,82,38,44,0.463,1817.05,145,416,0.349,83,264,0.314,20,32,0.625,27,104,131,198,118,41,14,3,147,68,393,93,894.2,0,0,915.0,1,2014-15,Dante Exum,22.2,102.3,102.0,102.0,99.0,99.3,99.3,3.3,2.7,2.7,0.169,1.68,26.6,0.016,0.057,0.037,15.8,15.8,0.448,0.457,0.137,0.141,91.07,91.03,75.86,91.03,0.037,3446,1.8,5.1
203121,Darius Miller,Darius,1610612740,NOP,25.0,5,1,4,0.2,43.36666666666667,1,7,0.143,0,1,0.0,0,0,0.0,0,1,1,2,1,1,0,0,8,0,2,-12,8.2,0,0,7.0,1,2014-15,Darius Miller,8.7,86.1,83.1,83.1,99.3,96.6,96.6,-13.1,-13.5,-13.5,0.074,2.0,20.0,0.0,0.027,0.014,10.0,10.0,0.143,0.143,0.084,0.089,95.5,98.51,82.09,98.51,-0.083,89,0.2,1.4
202721,Darius Morris,Darius,1610612751,BKN,24.0,38,14,24,0.368,299.2283333333333,36,106,0.34,7,33,0.212,4,9,0.444,7,20,27,48,21,9,0,5,20,15,83,-63,193.4,0,0,183.0,1,2014-15,Darius Morris,7.9,92.0,90.3,90.3,103.2,100.3,100.3,-11.2,-10.0,-10.0,0.281,2.29,27.0,0.021,0.067,0.043,11.8,11.7,0.373,0.377,0.19,0.199,93.95,96.17,80.14,96.17,0.049,598,0.9,2.8
201589,Darrell Arthur,Darrell,1610612743,DEN,27.0,58,22,36,0.379,987.855,155,384,0.404,26,110,0.236,46,59,0.78,53,118,171,57,47,48,26,10,146,53,382,-13,847.7,2,0,784.0,1,2014-15,Darrell Arthur,17.0,98.5,98.5,98.5,98.7,98.1,98.1,-0.2,0.4,0.4,0.096,1.21,11.0,0.049,0.112,0.08,9.1,9.1,0.438,0.466,0.199,0.202,99.31,99.66,83.05,99.66,0.067,2040,2.7,6.6
201954,Darren Collison,Darren,1610612758,SAC,27.0,45,16,29,0.356,1564.7233333333334,260,550,0.473,60,161,0.373,145,184,0.788,19,124,143,252,112,67,14,25,95,143,725,35,1405.6,3,0,1342.0,1,2014-15,Darren Collison,34.8,105.6,106.4,106.4,104.4,105.7,105.7,1.2,0.8,0.8,0.263,2.25,25.3,0.013,0.076,0.046,11.2,11.3,0.527,0.575,0.206,0.21,98.75,97.73,81.45,97.73,0.12,3191,5.8,12.2
101135,David Lee,David,1610612744,GSW,32.0,49,37,12,0.755,904.3733333333332,160,313,0.511,0,2,0.0,68,104,0.654,81,176,257,85,49,31,26,21,83,71,388,25,945.9,1,0,844.0,1,2014-15,David Lee,18.5,105.8,104.9,104.9,102.6,103.6,103.6,3.2,1.3,1.3,0.142,1.73,17.2,0.086,0.19,0.138,9.9,9.9,0.511,0.541,0.192,0.197,100.01,99.89,83.24,99.89,0.121,1882,3.3,6.4
204065,David Stockton,David,1610612758,SAC,24.0,3,1,2,0.333,33.083333333333336,2,6,0.333,1,2,0.5,3,6,0.5,0,2,2,9,4,2,0,0,1,3,8,23,25.9,0,0,24.0,1,2014-15,David Stockton,11.0,116.4,119.2,119.2,83.8,85.3,85.3,32.7,33.8,33.8,0.333,2.25,42.9,0.0,0.044,0.026,19.0,18.5,0.417,0.463,0.15,0.161,109.63,107.37,89.47,107.37,0.071,73,0.7,2.0
204033,David Wear,David,1610612758,SAC,24.0,2,0,2,0.0,6.966666666666667,0,2,0.0,0,1,0.0,0,0,0.0,2,0,2,1,0,0,0,0,1,0,0,-9,3.9,0,0,3.0,1,2014-15,David Wear,3.5,93.3,93.3,93.3,160.6,153.3,153.3,-67.3,-60.0,-60.0,0.143,0.0,33.3,0.0,0.0,0.0,0.0,0.0,0.0,0.0,0.087,0.091,101.01,103.35,86.12,103.35,-0.031,15,0.0,1.0
2561,David West,David,1610612754,IND,34.0,66,32,34,0.485,1895.31,323,686,0.471,4,20,0.2,119,161,0.739,108,341,449,223,120,48,48,25,160,154,769,-19,1810.3,7,0,1637.0,1,2014-15,David West,28.7,101.2,101.8,101.8,101.1,103.1,103.1,0.1,-1.2,-1.2,0.199,1.86,20.2,0.056,0.171,0.115,10.9,10.9,0.474,0.508,0.208,0.21,96.09,94.88,79.07,94.88,0.121,3760,4.9,10.4
201599,DeAndre Jordan,DeAndre,1610612746,LAC,26.0,82,56,26,0.683,2820.0416666666665,379,534,0.71,1,4,0.25,187,471,0.397,397,829,1226,61,109,81,183,16,245,378,946,622,3191.7,47,0,2762.0,1,2014-15,DeAndre Jordan,34.4,114.3,116.1,116.1,103.1,104.5,104.5,11.2,11.7,11.7,0.03,0.56,6.6,0.144,0.289,0.218,11.9,12.0,0.711,0.638,0.134,0.135,96.74,95.35,79.46,95.35,0.132,5588,4.6,6.5
201971,DeJuan Blair,DeJuan,1610612764,WAS,26.0,29,15,14,0.517,180.3683333333333,26,57,0.456,0,0,0.0,4,6,0.667,16,40,56,3,13,7,1,7,41,8,56,-61,138.7,0,0,131.0,1,2014-15,DeJuan Blair,6.2,93.4,91.6,91.6,105.5,105.9,105.9,-12.1,-14.3,-14.3,0.029,0.23,4.0,0.092,0.207,0.153,17.3,17.2,0.456,0.469,0.172,0.182,98.19,99.0,82.5,99.0,0.051,368,0.9,2.0
201942,DeMar DeRozan,DeMar,1610612761,TOR,25.0,60,37,23,0.617,2100.2716666666665,409,990,0.413,25,88,0.284,361,434,0.832,41,236,277,210,137,73,11,69,122,294,1204,131,1966.4,4,0,1884.0,1,2014-15,DeMar DeRozan,35.0,106.5,108.3,108.3,103.9,105.6,105.6,2.6,2.7,2.7,0.174,1.53,13.8,0.02,0.113,0.067,9.0,9.0,0.426,0.51,0.282,0.286,95.28,93.71,78.09,93.71,0.115,4110,6.8,16.5
202326,DeMarcus Cousins,DeMarcus,1610612758,SAC,24.0,59,23,36,0.39,2013.1816666666664,498,1066,0.467,2,8,0.25,423,541,0.782,185,562,747,210,254,90,103,109,241,517,1421,59,2957.4,47,2,2766.0,1,2014-15,DeMarcus Cousins,34.1,103.4,105.2,105.2,103.4,104.2,104.2,0.1,1.1,1.1,0.202,0.83,11.9,0.096,0.269,0.186,14.4,14.4,0.468,0.545,0.334,0.339,98.43,97.22,81.02,97.22,0.18,4085,8.4,18.1
201960,DeMarre Carroll,DeMarre,1610612737,ATL,28.0,70,53,17,0.757,2188.548333333333,318,653,0.487,120,304,0.395,127,181,0.702,99,273,372,118,75,94,17,39,154,157,883,207,1764.4,3,0,1715.0,1,2014-15,DeMarre Carroll,31.3,107.5,108.6,108.6,101.9,102.9,102.9,5.7,5.6,5.6,0.083,1.57,12.8,0.048,0.125,0.088,8.1,8.1,0.579,0.603,0.165,0.168,96.95,96.01,80.01,96.01,0.099,4359,4.5,9.3
203471,Dennis Schröder,Dennis,1610612737,ATL,21.0,77,57,20,0.74,1516.0566666666666,284,665,0.427,52,148,0.351,148,179,0.827,29,135,164,317,150,49,4,74,127,172,768,8,1449.3,5,0,1407.0,1,2014-15,Dennis Schröder,19.7,102.4,102.6,102.6,102.7,102.4,102.4,-0.3,0.2,0.2,0.373,2.11,26.1,0.02,0.089,0.055,12.4,12.4,0.466,0.516,0.267,0.274,94.46,94.51,78.76,94.51,0.113,2986,3.7,8.6
101114,Deron Williams,Deron,1610612751,BKN,31.0,68,34,34,0.5,2114.036666666667,298,771,0.387,87,237,0.367,201,241,0.834,29,208,237,448,154,64,17,36,157,211,884,-14,1929.4,11,0,1818.0,1,2014-15,Deron Williams,31.1,104.6,105.4,105.4,104.5,105.3,105.3,0.1,0.2,0.2,0.326,2.91,30.4,0.014,0.099,0.056,10.4,10.4,0.443,0.504,0.219,0.223,95.17,94.42,78.68,94.42,0.106,4148,4.4,11.3
202324,Derrick Favors,Derrick,1610612762,UTA,23.0,74,33,41,0.446,2279.61,482,918,0.525,1,6,0.167,222,332,0.669,196,411,607,112,121,60,123,69,210,244,1187,61,2511.4,23,0,2273.0,1,2014-15,Derrick Favors,30.8,104.5,105.0,105.0,102.3,103.4,103.4,2.2,1.5,1.5,0.09,0.93,8.6,0.09,0.185,0.138,9.3,9.3,0.526,0.558,0.237,0.241,92.31,91.56,76.3,91.56,0.138,4346,6.5,12.4
201565,Derrick Rose,Derrick,1610612741,CHI,26.0,51,33,18,0.647,1529.881666666667,338,835,0.405,76,271,0.28,152,187,0.813,35,126,161,251,161,36,16,49,63,141,904,124,1468.7,4,0,1496.0,1,2014-15,Derrick Rose,30.0,105.2,105.9,105.9,101.0,102.2,102.2,4.1,3.7,3.7,0.289,1.56,18.9,0.022,0.075,0.05,12.1,12.1,0.45,0.493,0.305,0.31,97.29,96.42,80.35,96.42,0.106,3078,6.6,16.4
202682,Derrick Williams,Derrick,1610612758,SAC,24.0,74,27,47,0.365,1461.67,217,485,0.447,49,156,0.314,134,196,0.684,41,161,202,50,56,34,4,35,67,121,617,-261,992.4,1,0,994.0,1,2014-15,Derrick Williams,19.8,102.5,102.3,102.3,109.6,110.1,110.1,-7.2,-7.7,-7.7,0.057,0.89,7.4,0.029,0.103,0.067,8.2,8.3,0.498,0.54,0.185,0.189,98.85,98.73,82.28,98.73,0.082,2993,2.9,6.6
2734,Devin Harris,Devin,1610612742,DAL,32.0,76,45,31,0.592,1685.15,219,524,0.418,95,266,0.357,132,162,0.815,13,122,135,237,85,78,14,21,147,187,665,96,1373.5,0,0,1316.0,1,2014-15,Devin Harris,22.2,107.9,107.2,107.2,104.6,103.7,103.7,3.3,3.4,3.4,0.207,2.79,25.8,0.007,0.072,0.039,9.2,9.3,0.509,0.559,0.175,0.179,97.72,98.47,82.06,98.47,0.092,3446,2.9,6.9
203906,Devyn Marble,Devyn,1610612753,ORL,22.0,16,3,13,0.188,208.16166666666663,14,44,0.318,4,22,0.182,5,16,0.313,5,26,31,17,9,9,2,3,14,10,37,-16,123.7,0,0,111.0,1,2014-15,Devyn Marble,13.0,101.2,100.9,100.9,103.0,102.0,102.0,-1.8,-1.1,-1.1,0.102,1.89,22.1,0.022,0.127,0.072,11.7,11.7,0.364,0.362,0.122,0.124,102.78,103.42,86.18,103.42,0.035,443,0.9,2.8
203473,Dewayne Dedmon,Dewayne,1610612753,ORL,25.0,59,17,42,0.288,845.0616666666666,91,162,0.562,0,1,0.0,34,64,0.531,118,177,295,9,51,16,50,19,141,53,216,-23,730.5,2,0,652.0,1,2014-15,Dewayne Dedmon,14.3,98.0,97.0,97.0,98.5,97.6,97.6,-0.5,-0.6,-0.6,0.016,0.18,3.6,0.135,0.208,0.171,20.4,20.4,0.562,0.568,0.124,0.128,94.71,95.65,79.71,95.65,0.08,1677,1.5,2.7
203079,Dion Waiters,Dion,1610612760,OKC,23.0,80,46,34,0.575,2208.05,375,946,0.396,73,246,0.297,117,172,0.68,41,151,192,163,113,90,21,52,155,145,940,57,1634.9,1,0,1590.0,2,2014-15,Dion Waiters,27.6,104.5,106.0,106.0,104.2,104.3,104.3,0.3,1.7,1.7,0.116,1.44,12.6,0.017,0.066,0.041,8.7,8.7,0.435,0.46,0.218,0.222,98.37,97.63,81.36,97.63,0.062,4482,4.7,11.8
1717,Dirk Nowitzki,Dirk,1610612742,DAL,37.0,77,47,30,0.61,2281.625,487,1062,0.459,104,274,0.38,255,289,0.882,44,413,457,143,82,39,33,23,160,304,1333,240,2229.9,6,0,2181.0,1,2014-15,Dirk Nowitzki,29.6,109.1,107.8,107.8,104.8,103.5,103.5,4.3,4.4,4.4,0.101,1.74,10.1,0.02,0.183,0.102,5.8,5.8,0.508,0.56,0.244,0.251,96.26,97.43,81.19,97.43,0.133,4649,6.3,13.8
202388,Donald Sloan,Donald,1610612754,IND,27.0,53,22,31,0.415,1106.74,145,355,0.408,41,131,0.313,60,77,0.779,12,131,143,190,65,23,0,32,47,66,391,-83,851.6,1,0,811.0,1,2014-15,Donald Sloan,20.9,96.7,97.3,97.3,101.6,101.5,101.5,-4.9,-4.2,-4.2,0.291,2.92,29.5,0.01,0.115,0.062,10.1,10.1,0.466,0.503,0.181,0.185,94.71,94.53,78.77,94.53,0.114,2184,2.7,6.7
202700,Donatas Motiejunas,Donatas,1610612745,HOU,24.0,71,48,23,0.676,2036.9683333333328,353,700,0.504,49,133,0.368,100,166,0.602,137,284,421,130,123,56,34,42,203,226,855,100,1702.2,7,0,1635.0,1,2014-15,Donatas Motiejunas,28.7,103.6,105.1,105.1,101.0,102.4,102.4,2.6,2.7,2.7,0.109,1.06,12.7,0.066,0.14,0.102,12.0,12.0,0.539,0.553,0.19,0.193,98.02,96.67,80.56,96.67,0.097,4098,5.0,9.9
2748,Dorell Wright,Dorell,1610612757,POR,29.0,48,28,20,0.583,592.4866666666667,72,190,0.379,41,108,0.38,34,42,0.81,14,97,111,41,18,20,11,3,55,38,219,77,488.7,0,0,474.0,1,2014-15,Dorell Wright,12.3,106.6,105.6,105.6,100.6,100.1,100.1,6.0,5.5,5.5,0.102,2.28,15.5,0.023,0.157,0.09,6.8,6.7,0.487,0.525,0.164,0.171,97.21,97.95,81.62,97.95,0.09,1214,1.5,4.0
203926,Doug McDermott,Doug,1610612741,CHI,23.0,36,23,13,0.639,320.8333333333333,43,107,0.402,13,41,0.317,10,15,0.667,6,37,43,6,17,4,1,8,29,18,109,-82,167.6,0,0,181.0,1,2014-15,Doug McDermott,8.9,95.4,92.8,92.8,107.6,107.8,107.8,-12.2,-15.1,-15.1,0.033,0.35,4.4,0.019,0.113,0.067,12.5,12.4,0.463,0.48,0.18,0.188,95.22,96.42,80.35,96.42,0.044,652,1.2,3.0
203110,Draymond Green,Draymond,1610612744,GSW,25.0,79,64,15,0.81,2489.991666666667,339,765,0.443,111,329,0.337,132,200,0.66,114,533,647,291,133,123,99,33,253,204,921,839,2666.9,18,1,2414.0,1,2014-15,Draymond Green,31.5,112.5,113.1,113.1,96.0,97.3,97.3,16.5,15.8,15.8,0.155,2.19,22.8,0.046,0.195,0.124,10.4,10.4,0.516,0.54,0.169,0.171,101.43,100.5,83.75,100.5,0.112,5220,4.3,9.7
2400,Drew Gooden,Drew,1610612764,WAS,33.0,51,31,20,0.608,863.73,110,276,0.399,23,59,0.39,34,44,0.773,72,151,223,49,28,21,9,15,91,58,277,0,680.1,2,0,632.0,1,2014-15,Drew Gooden,16.9,101.6,101.5,101.5,101.2,101.3,101.3,0.4,0.1,0.1,0.089,1.75,13.1,0.085,0.166,0.127,7.5,7.5,0.44,0.469,0.167,0.171,94.77,94.75,78.96,94.75,0.086,1704,2.2,5.4
204079,Drew Gordon,Drew,1610612755,PHI,24.0,9,0,9,0.0,71.185,8,19,0.421,0,3,0.0,1,2,0.5,7,11,18,2,8,1,0,1,7,7,17,-34,36.6,0,0,39.0,1,2014-15,Drew Gordon,7.9,88.4,86.7,86.7,111.3,107.5,107.5,-22.9,-20.8,-20.8,0.044,0.25,6.7,0.083,0.162,0.118,26.7,26.8,0.421,0.428,0.155,0.159,104.06,106.88,89.06,106.88,0.031,158,0.9,2.1
202779,Dwight Buycks,Dwight,1610612747,LAL,26.0,6,1,5,0.167,122.72833333333334,18,40,0.45,7,11,0.636,9,10,0.9,2,10,12,14,12,3,0,5,3,10,52,-24,84.4,0,0,91.0,1,2014-15,Dwight Buycks,20.5,99.8,102.1,102.1,113.4,110.3,110.3,-13.6,-8.2,-8.2,0.206,1.17,20.0,0.017,0.083,0.05,17.1,17.0,0.538,0.586,0.207,0.21,93.99,94.26,78.55,94.26,0.096,239,3.0,6.7
2730,Dwight Howard,Dwight,1610612745,HOU,29.0,41,29,12,0.707,1222.7733333333333,251,423,0.593,1,2,0.5,143,271,0.528,110,321,431,50,115,28,53,37,137,230,646,216,1366.2,23,0,1290.0,1,2014-15,Dwight Howard,29.8,105.2,106.9,106.9,97.0,97.5,97.5,8.2,9.3,9.3,0.072,0.43,7.1,0.092,0.259,0.177,16.3,16.3,0.595,0.596,0.232,0.234,98.62,97.59,81.32,97.59,0.141,2478,6.1,10.3
203939,Dwight Powell,Dwight,1610612742,DAL,23.0,29,11,18,0.379,236.35166666666663,31,67,0.463,3,11,0.273,25,33,0.758,18,32,50,9,11,9,6,7,40,28,90,-1,197.5,0,0,182.0,2,2014-15,Dwight Powell,8.2,103.2,104.1,104.1,107.5,103.0,103.0,-4.4,1.1,1.1,0.058,0.82,8.7,0.071,0.147,0.106,10.7,10.8,0.485,0.552,0.166,0.167,98.65,100.33,83.6,100.33,0.068,491,1.1,2.3
2548,Dwyane Wade,Dwyane,1610612748,MIA,33.0,62,28,34,0.452,1970.8766666666668,509,1084,0.47,29,102,0.284,284,370,0.768,58,161,219,299,209,73,21,42,105,257,1331,-58,2115.3,3,0,2066.0,1,2014-15,Dwyane Wade,31.8,104.1,105.0,105.0,105.4,107.1,107.1,-1.2,-2.1,-2.1,0.3,1.43,17.1,0.032,0.085,0.059,11.9,11.9,0.483,0.534,0.338,0.344,93.75,92.61,77.17,92.61,0.141,3813,8.2,17.5
202734,E'Twaun Moore,E'Twaun,1610612741,CHI,26.0,56,36,20,0.643,504.28833333333336,62,139,0.446,13,38,0.342,12,20,0.6,12,34,46,33,14,20,6,10,45,21,149,-27,317.7,0,0,293.0,1,2014-15,E'Twaun Moore,9.0,103.2,100.7,100.7,102.7,102.0,102.0,0.5,-1.3,-1.3,0.106,2.36,16.8,0.024,0.066,0.045,7.1,7.2,0.493,0.504,0.14,0.146,95.19,96.71,80.59,96.71,0.06,1009,1.1,2.5
2853,Earl Barron,Earl,1610612756,PHX,33.0,16,5,11,0.313,142.83833333333334,12,39,0.308,2,4,0.5,6,12,0.5,14,14,28,5,5,4,2,2,26,11,32,-57,86.1,0,0,79.0,1,2014-15,Earl Barron,8.9,86.0,86.1,86.1,105.6,103.0,103.0,-19.7,-16.9,-16.9,0.06,1.0,9.1,0.08,0.118,0.096,9.1,9.2,0.333,0.361,0.151,0.153,97.0,98.12,81.77,98.12,-0.002,288,0.8,2.4
201947,Earl Clark,Earl,1610612751,BKN,27.0,10,6,4,0.6,93.11666666666666,11,30,0.367,4,14,0.286,1,4,0.25,1,22,23,3,6,3,4,0,12,4,27,-28,74.1,0,0,71.0,1,2014-15,Earl Clark,9.3,89.2,89.1,89.1,103.3,100.0,100.0,-14.1,-10.9,-10.9,0.058,0.5,7.3,0.01,0.21,0.113,14.6,14.7,0.433,0.425,0.174,0.176,99.61,101.29,84.41,101.29,0.054,193,1.1,3.0
202334,Ed Davis,Ed,1610612747,LAL,26.0,79,20,59,0.253,1840.0333333333333,282,469,0.601,0,0,0.0,92,189,0.487,230,370,600,94,58,49,98,51,202,146,656,-265,1900.0,6,0,1644.0,1,2014-15,Ed Davis,23.3,100.9,101.9,101.9,108.3,108.5,108.5,-7.4,-6.6,-6.6,0.082,1.62,13.4,0.118,0.208,0.161,8.3,8.2,0.601,0.594,0.144,0.147,96.08,95.55,79.63,95.55,0.121,3652,3.6,5.9
202327,Ekpe Udoh,Ekpe,1610612746,LAC,28.0,33,24,9,0.727,128.45,11,24,0.458,0,0,0.0,7,9,0.778,7,19,26,8,7,8,7,2,20,6,29,-11,110.2,0,0,93.0,1,2014-15,Ekpe Udoh,3.9,95.7,91.7,91.7,98.6,96.6,96.6,-2.8,-4.9,-4.9,0.107,1.14,18.6,0.057,0.14,0.1,16.3,16.3,0.458,0.519,0.122,0.129,95.96,99.03,82.52,99.03,0.07,266,0.3,0.7
203901,Elfrid Payton,Elfrid,1610612753,ORL,21.0,82,25,57,0.305,2488.6666666666665,301,708,0.425,11,42,0.262,118,214,0.551,107,242,349,533,203,142,20,102,193,210,731,-204,2232.3,12,2,1948.0,1,2014-15,Elfrid Payton,30.3,101.6,102.3,102.3,105.0,105.7,105.7,-3.4,-3.4,-3.4,0.314,2.63,34.7,0.042,0.099,0.07,13.2,13.2,0.433,0.456,0.179,0.182,96.28,95.62,79.68,95.62,0.09,4941,3.7,8.6
202407,Elijah Millsap,Elijah,1610612762,UTA,27.0,47,25,22,0.532,923.5983333333334,81,238,0.34,28,90,0.311,58,86,0.674,28,122,150,58,67,56,16,28,124,69,248,56,664.0,0,0,628.0,1,2014-15,Elijah Millsap,19.7,101.0,100.0,100.0,95.4,96.1,96.1,5.6,3.9,3.9,0.101,0.87,14.4,0.03,0.126,0.079,16.6,16.7,0.399,0.45,0.164,0.17,93.62,93.7,78.09,93.7,0.049,1796,1.7,5.1
202343,Elliot Williams,Elliot,1610612755,PHI,26.0,13,6,7,0.462,118.755,14,37,0.378,8,18,0.444,1,4,0.25,0,8,8,12,4,4,0,2,12,5,37,8,72.6,0,0,73.0,2,2014-15,Elliot Williams,9.1,99.7,101.7,101.7,98.1,96.2,96.2,1.6,5.5,5.5,0.15,3.0,21.8,0.0,0.065,0.033,7.3,7.3,0.486,0.477,0.162,0.164,95.23,95.19,79.32,95.19,0.049,233,1.1,2.8
1882,Elton Brand,Elton,1610612737,ATL,36.0,36,25,11,0.694,485.67333333333335,42,95,0.442,0,1,0.0,12,23,0.522,28,72,100,22,18,17,25,4,54,36,96,3,357.0,0,0,302.0,1,2014-15,Elton Brand,13.5,102.2,102.0,102.0,101.0,100.8,100.8,1.3,1.2,1.2,0.07,1.22,15.2,0.057,0.144,0.101,12.4,12.4,0.442,0.457,0.114,0.117,95.11,95.27,79.39,95.27,0.059,960,1.2,2.6
202683,Enes Freedom,Enes,1610612760,OKC,23.0,75,32,43,0.427,2135.64,482,928,0.519,16,45,0.356,183,234,0.782,277,394,671,55,145,36,29,76,189,196,1163,-34,2100.7,31,0,2035.0,2,2014-15,Enes Freedom,28.5,106.4,108.5,108.5,108.9,109.1,109.1,-2.6,-0.7,-0.7,0.044,0.38,4.5,0.128,0.191,0.159,11.8,11.8,0.528,0.564,0.238,0.241,95.67,94.66,78.88,94.66,0.124,4209,6.4,12.4
202339,Eric Bledsoe,Eric,1610612756,PHX,25.0,81,39,42,0.481,2799.5733333333333,468,1046,0.447,88,272,0.324,353,441,0.8,72,351,423,493,274,127,45,51,189,384,1377,36,2866.1,13,2,2725.0,1,2014-15,Eric Bledsoe,34.6,103.9,104.6,104.6,102.5,103.9,103.9,1.4,0.7,0.7,0.273,1.8,24.7,0.026,0.121,0.074,13.8,13.7,0.489,0.555,0.233,0.238,98.92,97.89,81.58,97.89,0.13,5707,5.8,12.9
201569,Eric Gordon,Eric,1610612740,NOP,26.0,61,35,26,0.574,2018.111666666667,285,694,0.411,141,315,0.448,107,133,0.805,28,131,159,229,122,50,14,41,145,120,818,68,1422.3,1,0,1475.0,1,2014-15,Eric Gordon,33.1,105.8,107.5,107.5,104.6,105.6,105.6,1.2,1.8,1.8,0.177,1.88,20.7,0.014,0.065,0.04,11.1,11.1,0.512,0.544,0.196,0.198,93.44,92.24,76.86,92.24,0.076,3877,4.7,11.4
203961,Eric Moreland,Eric,1610612758,SAC,23.0,3,0,3,0.0,2.078333333333333,1,1,1.0,0,0,0.0,0,0,0.0,0,1,1,0,0,0,0,0,1,0,2,1,3.2,0,0,3.0,1,2014-15,Eric Moreland,0.7,175.0,140.0,140.0,138.9,85.7,85.7,36.1,54.3,54.3,0.0,0.0,0.0,0.0,0.0,0.0,0.0,0.0,1.0,1.0,0.2,0.25,96.08,138.57,115.48,138.57,0.154,5,0.3,0.3
203475,Erick Green,Erick,1610612743,DEN,24.0,43,15,28,0.349,409.8883333333333,61,162,0.377,14,47,0.298,10,12,0.833,7,24,31,39,14,12,0,3,26,15,146,-81,263.7,0,0,254.0,1,2014-15,Erick Green,9.5,96.8,96.7,96.7,107.7,105.9,105.9,-11.0,-9.3,-9.3,0.165,2.79,17.7,0.015,0.06,0.035,6.4,6.4,0.42,0.436,0.181,0.186,97.67,98.54,82.12,98.54,0.063,840,1.4,3.8
101141,Ersan Ilyasova,Ersan,1610612749,MIL,28.0,58,26,32,0.448,1319.006666666667,263,557,0.472,74,190,0.389,69,107,0.645,80,197,277,56,45,36,19,30,149,159,669,23,1205.4,6,0,1186.0,1,2014-15,Ersan Ilyasova,22.7,103.3,104.4,104.4,101.4,103.1,103.1,1.9,1.3,1.3,0.07,1.24,7.9,0.062,0.157,0.108,6.4,6.4,0.539,0.554,0.217,0.218,96.82,95.47,79.56,95.47,0.106,2618,4.5,9.6
203095,Evan Fournier,Evan,1610612753,ORL,22.0,58,19,39,0.328,1661.16,253,575,0.44,85,225,0.378,107,147,0.728,28,125,153,120,82,40,2,37,116,127,698,-146,1105.6,0,0,1140.0,1,2014-15,Evan Fournier,28.6,101.5,102.0,102.0,105.6,106.1,106.1,-4.1,-4.1,-4.1,0.115,1.46,14.3,0.018,0.078,0.048,9.7,9.7,0.514,0.546,0.197,0.2,95.42,94.96,79.14,94.96,0.076,3281,4.4,9.9
202323,Evan Turner,Evan,1610612738,BOS,26.0,82,40,42,0.488,2259.7166666666667,320,746,0.429,33,119,0.277,106,141,0.752,40,377,417,449,198,83,19,39,180,132,779,-101,2060.9,7,3,1882.0,1,2014-15,Evan Turner,27.6,100.7,101.9,101.9,103.2,103.7,103.7,-2.4,-1.8,-1.8,0.302,2.27,30.8,0.017,0.163,0.089,13.6,13.6,0.451,0.482,0.193,0.195,98.32,97.54,81.28,97.54,0.11,4583,3.9,9.1
203105,Festus Ezeli,Festus,1610612744,GSW,25.0,46,39,7,0.848,503.625,76,139,0.547,0,0,0.0,49,78,0.628,60,95,155,9,32,7,42,17,77,62,201,14,515.5,0,0,463.0,1,2014-15,Festus Ezeli,10.9,104.1,101.2,101.2,98.6,99.8,99.8,5.5,1.4,1.4,0.028,0.28,4.1,0.115,0.165,0.141,14.7,14.9,0.547,0.58,0.173,0.177,99.49,100.22,83.51,100.22,0.091,1051,1.7,3.0
101128,Francisco Garcia,Francisco,1610612745,HOU,33.0,14,10,4,0.714,200.40166666666667,17,63,0.27,10,45,0.222,1,4,0.25,3,14,17,15,10,9,5,2,20,10,45,-10,119.9,0,0,115.0,1,2014-15,Francisco Garcia,14.3,97.1,97.0,97.0,98.5,98.0,98.0,-1.3,-1.0,-1.0,0.128,1.5,16.9,0.014,0.066,0.04,11.2,11.1,0.349,0.347,0.163,0.17,95.26,95.57,79.64,95.57,0.015,396,1.2,4.5
203128,Furkan Aldemir,Furkan,1610612755,PHI,23.0,41,9,32,0.22,540.4933333333333,40,78,0.513,0,5,0.0,13,27,0.481,78,98,176,28,17,17,16,10,96,37,93,-102,428.2,1,0,363.0,1,2014-15,Furkan Aldemir,13.2,98.1,98.5,98.5,108.4,106.8,106.8,-10.3,-8.2,-8.2,0.079,1.65,20.6,0.126,0.189,0.155,12.5,12.6,0.513,0.517,0.083,0.084,96.07,96.62,80.52,96.62,0.066,1082,1.0,1.9
203539,Gal Mekel,Gal,1610612742,DAL,27.0,4,2,2,0.5,43.48166666666667,3,20,0.15,0,3,0.0,0,0,0.0,0,1,1,13,2,2,0,3,1,1,6,2,30.7,0,0,24.0,1,2014-15,Gal Mekel,10.9,98.1,101.2,101.2,100.0,98.8,98.8,-1.9,2.4,2.4,0.448,6.5,37.1,0.0,0.023,0.012,5.7,5.7,0.15,0.15,0.234,0.24,93.68,92.73,77.27,92.73,0.014,84,0.8,5.0
202066,Garrett Temple,Garrett,1610612764,WAS,29.0,52,28,24,0.538,735.48,68,170,0.4,33,88,0.375,35,48,0.729,24,66,90,56,34,42,9,10,76,53,204,-49,515.0,0,0,485.0,1,2014-15,Garrett Temple,14.1,97.4,96.3,96.3,97.8,98.0,98.0,-0.4,-1.7,-1.7,0.119,1.65,19.8,0.033,0.085,0.059,12.0,12.1,0.497,0.534,0.136,0.139,96.87,97.28,81.06,97.28,0.069,1478,1.3,3.3
203914,Gary Harris,Gary,1610612743,DEN,20.0,55,18,37,0.327,718.955,66,217,0.304,21,103,0.204,35,47,0.745,21,43,64,29,38,39,7,19,71,41,188,-173,408.3,0,0,394.0,1,2014-15,Gary Harris,13.1,94.8,95.3,95.3,107.5,105.9,105.9,-12.7,-10.7,-10.7,0.061,0.76,9.5,0.026,0.061,0.042,12.5,12.5,0.353,0.395,0.16,0.162,100.31,100.81,84.01,100.81,0.017,1504,1.2,3.9
202390,Gary Neal,Gary,1610612750,MIN,30.0,54,24,30,0.444,1192.3266666666666,188,503,0.374,50,164,0.305,117,135,0.867,14,115,129,100,65,23,1,25,88,101,543,-100,854.8,0,0,870.0,2,2014-15,Gary Neal,22.1,98.8,98.1,98.1,102.9,104.0,104.0,-4.1,-6.0,-6.0,0.152,1.54,13.8,0.011,0.095,0.053,9.0,8.9,0.423,0.483,0.231,0.24,95.82,95.63,79.69,95.63,0.08,2396,3.5,9.3
201588,George Hill,George,1610612754,IND,29.0,43,26,17,0.605,1267.128333333333,255,535,0.477,69,193,0.358,113,143,0.79,25,154,179,220,69,44,14,26,111,148,692,161,1341.8,2,1,1276.0,1,2014-15,George Hill,29.5,107.0,107.5,107.5,99.8,101.4,101.4,7.2,6.2,6.2,0.304,3.19,24.8,0.02,0.118,0.07,7.8,7.8,0.541,0.579,0.24,0.243,94.85,93.83,78.19,93.83,0.151,2481,5.9,12.4
101123,Gerald Green,Gerald,1610612756,PHX,29.0,74,34,40,0.459,1446.1833333333334,324,778,0.416,137,387,0.354,99,120,0.825,33,153,186,91,104,42,12,15,145,108,884,-2,1301.7,0,0,1406.0,1,2014-15,Gerald Green,19.5,106.1,106.2,106.2,105.9,106.1,106.1,0.3,0.1,0.1,0.11,0.88,8.9,0.022,0.104,0.063,10.2,10.1,0.504,0.532,0.277,0.284,98.9,98.81,82.34,98.81,0.093,2975,4.4,10.5
201945,Gerald Henderson,Gerald,1610612766,CHA,27.0,80,32,48,0.4,2315.055,370,847,0.437,45,136,0.331,184,217,0.848,36,237,273,206,110,51,22,34,135,222,969,-32,1714.6,2,0,1639.0,1,2014-15,Gerald Henderson,28.9,98.9,100.2,100.2,99.1,100.6,100.6,-0.2,-0.4,-0.4,0.152,1.87,16.3,0.015,0.101,0.058,8.7,8.7,0.463,0.514,0.207,0.209,95.35,94.03,78.36,94.03,0.094,4528,4.6,10.6
2222,Gerald Wallace,Gerald,1610612738,BOS,32.0,32,15,17,0.469,286.1483333333333,14,34,0.412,1,3,0.333,6,15,0.4,17,40,57,11,18,15,4,5,19,23,35,29,158.9,0,0,142.0,1,2014-15,Gerald Wallace,8.9,105.4,106.1,106.1,100.6,100.7,100.7,4.8,5.4,5.4,0.05,0.61,15.9,0.059,0.139,0.099,26.1,25.9,0.426,0.431,0.088,0.091,96.63,96.29,80.24,96.29,0.045,573,0.4,1.1
203507,Giannis Antetokounmpo,Giannis,1610612749,MIL,20.0,81,41,40,0.506,2540.59,383,780,0.491,7,44,0.159,257,347,0.741,100,442,542,207,173,73,85,65,254,286,1030,8,2291.9,10,0,2102.0,1,2014-15,Giannis Antetokounmpo,31.4,100.7,101.6,101.6,99.7,101.1,101.1,1.1,0.6,0.6,0.133,1.2,15.8,0.041,0.177,0.11,13.2,13.2,0.496,0.552,0.193,0.196,96.04,94.98,79.15,94.98,0.111,5017,4.7,9.6
203540,Gigi Datome,Gigi,1610612738,BOS,27.0,21,11,10,0.524,209.21833333333333,43,89,0.483,18,40,0.45,1,1,1.0,3,26,29,9,9,2,7,0,15,8,105,68,171.3,0,0,179.0,2,2014-15,Gigi Datome,10.0,105.5,106.2,106.2,92.5,91.6,91.6,13.0,14.6,14.6,0.073,1.0,8.4,0.013,0.116,0.064,8.4,8.4,0.584,0.587,0.201,0.207,95.81,96.01,80.01,96.01,0.12,422,2.0,4.2
201175,Glen Davis,Glen,1610612746,LAC,29.0,74,52,22,0.703,904.0383333333332,117,255,0.459,0,4,0.0,60,95,0.632,43,126,169,39,39,41,21,28,132,81,294,-81,702.3,0,0,626.0,1,2014-15,Glen Davis,12.2,96.1,95.0,95.0,99.6,98.9,98.9,-3.5,-3.9,-3.9,0.073,1.0,10.3,0.045,0.134,0.09,10.3,10.4,0.459,0.495,0.168,0.173,96.19,97.11,80.93,97.11,0.066,1824,1.6,3.4
203318,Glen Rice,Glen,1610612764,WAS,24.0,5,4,1,0.8,42.60333333333333,3,15,0.2,1,7,0.143,4,6,0.667,2,2,4,2,2,0,0,1,11,7,11,-22,16.8,0,0,18.0,1,2014-15,Glen Rice,8.5,86.6,84.7,84.7,112.1,114.6,114.6,-25.4,-29.9,-29.9,0.083,1.0,9.5,0.044,0.054,0.049,9.5,9.2,0.233,0.312,0.19,0.211,94.08,94.08,78.4,94.08,-0.113,85,0.6,3.0
203922,Glenn Robinson III,Glenn,1610612755,PHI,21.0,35,2,33,0.057,260.77166666666665,26,67,0.388,5,19,0.263,16,24,0.667,15,24,39,11,11,6,1,3,15,16,73,27,146.3,0,0,142.0,2,2014-15,Glenn Robinson III,7.5,106.7,106.7,106.7,103.6,100.4,100.4,3.1,6.3,6.3,0.064,1.0,10.9,0.054,0.092,0.073,10.9,11.0,0.425,0.471,0.143,0.146,98.65,100.23,83.52,100.23,0.053,541,0.7,1.9
201609,Goran Dragic,Goran,1610612748,MIA,29.0,78,41,37,0.526,2640.023333333333,502,1002,0.501,90,259,0.347,181,234,0.774,81,193,274,350,173,78,15,49,195,227,1275,20,2234.8,4,0,2175.0,2,2014-15,Goran Dragic,33.8,104.6,105.6,105.6,104.0,105.7,105.7,0.6,-0.1,-0.1,0.212,2.02,21.6,0.031,0.072,0.052,10.7,10.6,0.546,0.577,0.211,0.214,98.48,97.24,81.04,97.24,0.111,5360,6.4,12.8
202330,Gordon Hayward,Gordon,1610612762,UTA,25.0,76,35,41,0.461,2617.51,484,1087,0.445,120,330,0.364,375,462,0.812,54,319,373,313,206,108,30,60,131,374,1463,105,2588.1,2,0,2545.0,1,2014-15,Gordon Hayward,34.4,104.7,105.8,105.8,102.7,103.9,103.9,2.1,1.9,1.9,0.211,1.52,17.3,0.021,0.124,0.072,11.4,11.4,0.5,0.567,0.257,0.261,93.19,92.17,76.81,92.17,0.139,5030,6.4,14.3
203476,Gorgui Dieng,Gorgui,1610612750,MIN,25.0,73,16,57,0.219,2193.028333333333,259,512,0.506,1,6,0.167,191,244,0.783,223,386,609,146,126,71,126,61,188,199,710,-383,2124.8,18,0,1860.0,1,2014-15,Gorgui Dieng,30.0,99.4,100.6,100.6,108.6,109.0,109.0,-9.1,-8.4,-8.4,0.105,1.16,16.3,0.101,0.186,0.142,14.1,14.1,0.507,0.573,0.149,0.151,96.64,95.88,79.9,95.88,0.112,4374,3.5,7.0
203511,Grant Jerrett,Grant,1610612762,UTA,21.0,8,6,2,0.75,50.931666666666665,7,26,0.269,1,15,0.067,1,1,1.0,2,7,9,3,3,2,2,0,11,1,16,-20,40.3,0,0,37.0,2,2014-15,Grant Jerrett,6.4,94.2,91.7,91.7,116.6,109.1,109.1,-22.3,-17.3,-17.3,0.091,1.0,9.4,0.032,0.152,0.083,9.4,9.2,0.288,0.303,0.234,0.249,98.52,103.2,86.0,103.2,-0.018,109,0.9,3.3
202328,Greg Monroe,Greg,1610612765,DET,25.0,69,25,44,0.362,2137.1966666666667,423,853,0.496,0,0,0.0,252,336,0.75,229,475,704,142,149,78,34,85,148,276,1098,-24,2342.8,35,0,2168.0,1,2014-15,Greg Monroe,31.0,102.0,103.0,103.0,103.7,103.7,103.7,-1.7,-0.7,-0.7,0.119,0.95,11.0,0.099,0.23,0.16,11.5,11.5,0.496,0.549,0.234,0.238,94.76,94.27,78.56,94.27,0.15,4200,6.1,12.4
202962,Greg Smith,Greg,1610612742,DAL,24.0,42,27,15,0.643,362.805,30,49,0.612,0,0,0.0,20,39,0.513,26,53,79,9,11,7,11,9,53,26,80,-25,231.3,0,0,204.0,1,2014-15,Greg Smith,8.6,96.6,93.0,93.0,97.8,96.4,96.4,-1.2,-3.4,-3.4,0.039,0.82,10.2,0.067,0.131,0.1,12.5,12.8,0.612,0.605,0.096,0.099,95.49,98.04,81.7,98.04,0.059,741,0.7,1.2
201880,Greg Stiemsma,Greg,1610612761,TOR,29.0,17,13,4,0.765,65.60166666666667,6,8,0.75,0,0,0.0,2,4,0.5,9,6,15,3,7,2,0,0,15,3,14,-27,35.5,0,0,36.0,1,2014-15,Greg Stiemsma,3.9,105.2,97.7,97.7,122.0,118.9,118.9,-16.8,-21.2,-21.2,0.077,0.43,15.0,0.15,0.113,0.133,35.0,35.4,0.75,0.717,0.113,0.121,92.25,96.95,80.79,96.95,0.014,133,0.4,0.5
202349,Greivis Vasquez,Greivis,1610612761,TOR,28.0,82,49,33,0.598,1990.645,296,725,0.408,133,351,0.379,50,66,0.758,22,194,216,302,119,46,10,29,177,83,775,72,1536.2,0,0,1538.0,1,2014-15,Greivis Vasquez,24.3,107.3,107.2,107.2,104.8,105.5,105.5,2.5,1.6,1.6,0.247,2.54,25.7,0.011,0.099,0.055,10.1,10.1,0.5,0.514,0.196,0.201,94.72,94.41,78.68,94.41,0.086,3919,3.6,8.8
203084,Harrison Barnes,Harrison,1610612744,GSW,23.0,82,67,15,0.817,2318.3316666666665,316,656,0.482,87,215,0.405,108,150,0.72,117,336,453,116,71,61,19,32,146,118,827,531,1713.6,6,0,1643.0,1,2014-15,Harrison Barnes,28.3,110.5,110.0,110.0,98.0,98.4,98.4,12.5,11.6,11.6,0.068,1.63,12.7,0.051,0.133,0.094,7.8,7.8,0.548,0.573,0.147,0.149,100.73,100.71,83.92,100.71,0.089,4847,3.9,8.0
202355,Hassan Whiteside,Hassan,1610612748,MIA,26.0,48,18,30,0.375,1142.2066666666667,243,387,0.628,0,0,0.0,78,156,0.5,145,337,482,6,58,27,123,30,129,146,564,-57,1543.4,22,1,1352.0,1,2014-15,Hassan Whiteside,23.8,103.4,104.7,104.7,105.6,106.8,106.8,-2.2,-2.1,-2.1,0.009,0.1,1.2,0.134,0.293,0.216,11.2,11.2,0.628,0.619,0.202,0.206,94.21,93.06,77.55,93.06,0.173,2210,5.1,8.1
2045,Hedo Turkoglu,Hedo,1610612746,LAC,36.0,62,42,20,0.677,704.6083333333333,83,188,0.441,60,139,0.432,6,11,0.545,5,94,99,37,29,19,7,0,66,19,232,14,455.3,0,0,480.0,1,2014-15,Hedo Turkoglu,11.4,104.5,103.8,103.8,104.3,102.1,102.1,0.2,1.7,1.7,0.08,1.28,14.3,0.007,0.135,0.071,11.2,11.2,0.601,0.602,0.142,0.146,95.91,97.28,81.07,97.28,0.074,1423,1.3,3.0
203156,Henry Sims,Henry,1610612755,PHI,25.0,73,14,59,0.192,1398.611666666667,238,502,0.474,4,22,0.182,106,137,0.774,121,238,359,79,99,39,30,30,135,112,586,-327,1243.3,4,0,1166.0,1,2014-15,Henry Sims,19.2,90.3,90.7,90.7,101.8,102.9,102.9,-11.5,-12.2,-12.2,0.109,0.8,10.7,0.08,0.17,0.123,13.4,13.4,0.478,0.521,0.2,0.206,98.42,97.66,81.38,97.66,0.111,2856,3.3,6.9
201611,Henry Walker,Henry,1610612748,MIA,27.0,24,12,12,0.5,627.5483333333333,58,168,0.345,45,132,0.341,14,18,0.778,7,75,82,29,24,24,9,9,76,23,175,0,391.9,0,0,397.0,1,2014-15,Henry Walker,26.1,100.2,101.4,101.4,101.0,101.0,101.0,-0.8,0.3,0.3,0.071,1.21,12.7,0.012,0.118,0.066,10.5,10.5,0.479,0.497,0.142,0.145,95.71,95.15,79.29,95.15,0.049,1242,2.4,7.0
203138,Hollis Thompson,Hollis,1610612755,PHI,24.0,71,13,58,0.183,1775.97,224,543,0.413,115,287,0.401,63,89,0.708,53,145,198,85,66,57,26,25,141,73,626,-340,1174.1,0,0,1190.0,1,2014-15,Hollis Thompson,25.0,93.2,93.7,93.7,102.4,103.3,103.3,-9.3,-9.6,-9.6,0.083,1.29,11.7,0.027,0.082,0.053,9.1,9.0,0.518,0.538,0.154,0.159,99.22,98.52,82.1,98.52,0.07,3650,3.2,7.6
203546,Ian Clark,Ian,1610612743,DEN,24.0,30,9,21,0.3,192.19166666666663,19,55,0.345,10,30,0.333,9,9,1.0,4,12,16,12,9,9,3,3,20,8,57,-41,121.2,0,0,119.0,2,2014-15,Ian Clark,6.4,99.8,96.4,96.4,109.3,105.3,105.3,-9.5,-9.0,-9.0,0.097,1.33,15.0,0.02,0.065,0.041,11.3,11.3,0.436,0.483,0.152,0.159,94.01,97.4,81.17,97.4,0.042,387,0.6,1.8
101133,Ian Mahinmi,Ian,1610612754,IND,28.0,61,28,33,0.459,1145.8516666666667,117,212,0.552,0,0,0.0,31,102,0.304,105,251,356,33,59,30,46,16,172,107,265,-6,910.7,2,0,806.0,1,2014-15,Ian Mahinmi,18.8,99.8,100.5,100.5,99.3,99.2,99.2,0.5,1.4,1.4,0.045,0.56,9.5,0.09,0.215,0.153,17.0,16.9,0.552,0.516,0.122,0.125,95.08,94.82,79.02,94.82,0.073,2245,1.9,3.5
202697,Iman Shumpert,Iman,1610612739,CLE,25.0,62,34,28,0.548,1544.63,193,471,0.41,67,196,0.342,43,64,0.672,55,169,224,135,91,81,16,13,138,89,496,62,1167.3,2,0,1116.0,2,2014-15,Iman Shumpert,24.9,105.4,105.7,105.7,102.8,103.2,103.2,2.6,2.6,2.6,0.137,1.48,18.6,0.037,0.107,0.073,12.6,12.5,0.481,0.497,0.172,0.176,93.52,93.2,77.66,93.2,0.077,2992,3.1,7.6
203477,Isaiah Canaan,Isaiah,1610612755,PHI,24.0,47,24,23,0.511,937.955,146,378,0.386,91,246,0.37,49,60,0.817,18,69,87,98,62,29,3,28,83,60,432,-60,717.4,0,0,772.0,2,2014-15,Isaiah Canaan,20.0,97.2,97.1,97.1,101.0,100.8,100.8,-3.8,-3.7,-3.7,0.189,1.58,17.4,0.017,0.073,0.044,11.0,11.0,0.507,0.534,0.211,0.217,97.46,97.64,81.37,97.64,0.085,1913,3.1,8.0
202738,Isaiah Thomas,Isaiah,1610612738,BOS,26.0,67,40,27,0.597,1726.055,335,796,0.421,129,346,0.373,302,348,0.868,33,120,153,284,143,57,5,54,150,273,1101,177,1753.6,0,0,1791.0,2,2014-15,Isaiah Thomas,25.8,108.9,108.8,108.8,104.5,104.0,104.0,4.4,4.8,4.8,0.269,1.99,20.7,0.018,0.069,0.043,10.4,10.4,0.502,0.58,0.271,0.276,98.89,99.14,82.62,99.14,0.129,3568,5.0,11.9
202397,Ish Smith,Ish,1610612755,PHI,26.0,55,24,31,0.436,831.4566666666667,143,367,0.39,18,60,0.3,34,57,0.596,15,85,100,180,78,36,6,20,50,65,338,-102,776.0,0,0,720.0,2,2014-15,Ish Smith,15.1,93.9,94.5,94.5,101.2,100.7,100.7,-7.3,-6.2,-6.2,0.388,2.31,27.7,0.016,0.1,0.056,12.0,12.0,0.414,0.431,0.236,0.243,99.02,98.98,82.48,98.98,0.103,1717,2.6,6.7
200826,J.J. Barea,J.J.,1610612742,DAL,31.0,77,49,28,0.636,1361.685,225,536,0.42,54,167,0.323,76,94,0.809,23,111,134,263,70,33,1,33,104,112,580,123,1167.3,0,0,1099.0,1,2014-15,J.J. Barea,17.7,109.4,108.0,108.0,104.8,103.0,103.0,4.5,4.9,4.9,0.295,3.76,28.9,0.017,0.081,0.049,7.7,7.7,0.47,0.502,0.209,0.215,95.8,97.26,81.05,97.26,0.102,2753,2.9,7.0
201581,JJ Hickson,JJ,1610612743,DEN,26.0,73,26,47,0.356,1411.2733333333333,218,459,0.475,0,2,0.0,116,201,0.577,150,302,452,57,96,36,35,56,136,138,552,-232,1296.9,9,0,1203.0,1,2014-15,JJ Hickson,19.3,97.9,98.2,98.2,105.0,105.8,105.8,-7.1,-7.6,-7.6,0.069,0.59,8.1,0.099,0.205,0.152,13.6,13.7,0.475,0.504,0.197,0.2,98.23,97.73,81.44,97.73,0.1,2867,3.0,6.3
200755,JJ Redick,JJ,1610612746,LAC,31.0,78,55,23,0.705,2409.0783333333334,447,938,0.477,200,458,0.437,183,203,0.901,22,145,167,137,95,39,8,26,134,162,1277,626,1728.9,0,0,1875.0,1,2014-15,JJ Redick,30.9,113.4,114.7,114.7,101.6,102.4,102.4,11.7,12.3,12.3,0.085,1.44,11.0,0.009,0.059,0.035,7.6,7.5,0.583,0.622,0.201,0.207,97.62,96.66,80.55,96.66,0.096,4865,5.7,12.0
2747,JR Smith,JR,1610612739,CLE,29.0,70,38,32,0.543,2079.4566666666665,315,755,0.417,163,426,0.383,54,72,0.75,30,188,218,195,97,82,22,16,163,80,847,160,1616.1,0,0,1631.0,2,2014-15,JR Smith,29.7,107.9,108.6,108.6,105.1,105.0,105.0,2.8,3.6,3.6,0.145,2.01,18.1,0.015,0.091,0.053,9.0,9.0,0.525,0.538,0.188,0.191,94.91,94.64,78.87,94.64,0.083,4105,4.5,10.8
203960,JaKarr Sampson,JaKarr,1610612755,PHI,22.0,74,17,57,0.23,1131.1833333333334,146,346,0.422,31,127,0.244,63,94,0.67,35,128,163,77,76,38,26,33,135,78,386,-335,813.1,0,0,785.0,1,2014-15,JaKarr Sampson,15.3,92.9,91.8,91.8,103.8,104.0,104.0,-11.0,-12.2,-12.2,0.121,1.01,14.2,0.028,0.112,0.068,14.0,14.1,0.467,0.498,0.173,0.178,100.36,100.89,84.07,100.89,0.058,2354,2.0,4.7
203210,JaMychal Green,JaMychal,1610612763,MEM,25.0,24,10,14,0.417,163.93,27,47,0.574,0,6,0.0,8,10,0.8,19,26,45,4,14,5,5,3,25,9,62,-25,138.0,0,0,131.0,2,2014-15,JaMychal Green,6.8,95.4,95.3,95.3,103.1,101.2,101.2,-7.8,-5.9,-5.9,0.04,0.29,5.7,0.11,0.167,0.137,20.0,20.2,0.574,0.603,0.168,0.171,98.69,99.7,83.08,99.7,0.092,338,1.1,2.0
201580,JaVale McGee,JaVale,1610612743,DEN,27.0,23,8,15,0.348,256.02166666666665,42,79,0.532,0,0,0.0,22,33,0.667,18,43,61,3,18,2,20,9,30,29,106,-70,231.7,0,0,214.0,2,2014-15,JaVale McGee,11.1,97.7,97.4,97.4,109.1,109.3,109.3,-11.4,-11.9,-11.9,0.021,0.17,2.6,0.066,0.16,0.113,15.5,15.7,0.532,0.567,0.187,0.187,102.39,102.46,85.38,102.46,0.086,544,1.8,3.4
203913,Jabari Brown,Jabari,1610612747,LAL,22.0,19,4,15,0.211,568.3616666666667,70,170,0.412,23,62,0.371,64,85,0.753,3,33,36,40,32,12,2,12,33,64,227,-128,340.2,0,0,354.0,1,2014-15,Jabari Brown,29.9,98.7,100.9,100.9,112.1,111.7,111.7,-13.4,-10.8,-10.8,0.113,1.25,14.3,0.005,0.062,0.032,11.5,11.5,0.479,0.547,0.183,0.186,96.51,95.64,79.7,95.64,0.064,1130,3.7,8.9
203953,Jabari Parker,Jabari,1610612749,MIL,20.0,25,13,12,0.52,738.435,129,263,0.49,4,16,0.25,46,66,0.697,50,88,138,42,47,31,5,21,42,61,308,-114,597.6,2,0,564.0,1,2014-15,Jabari Parker,29.5,99.0,99.6,99.6,104.0,106.4,106.4,-5.0,-6.8,-6.8,0.095,0.89,11.0,0.069,0.121,0.095,12.3,12.3,0.498,0.527,0.202,0.204,98.57,97.11,80.93,97.11,0.1,1488,5.2,10.5
204022,Jack Cooley,Jack,1610612762,UTA,24.0,16,10,6,0.625,87.145,9,22,0.409,0,0,0.0,9,21,0.429,10,15,25,1,3,6,3,2,23,17,27,-5,82.5,0,0,71.0,1,2014-15,Jack Cooley,5.4,95.2,91.1,91.1,97.4,95.2,95.2,-2.2,-4.1,-4.1,0.019,0.33,2.8,0.1,0.183,0.137,8.3,8.5,0.409,0.432,0.156,0.165,100.4,103.83,86.52,103.83,0.018,190,0.6,1.4
203109,Jae Crowder,Jae,1610612738,BOS,24.0,82,47,35,0.573,1646.628333333333,229,545,0.42,61,208,0.293,109,141,0.773,72,221,293,94,49,72,25,25,137,117,628,73,1362.6,0,0,1270.0,2,2014-15,Jae Crowder,20.1,105.9,105.8,105.8,103.0,103.0,103.0,2.8,2.8,2.8,0.087,1.92,12.6,0.041,0.132,0.085,6.5,6.5,0.476,0.517,0.169,0.174,97.88,97.95,81.62,97.95,0.092,3350,2.8,6.6
203479,Jamaal Franklin,Jamaal,1610612743,DEN,23.0,3,1,2,0.333,13.178333333333333,1,2,0.5,1,2,0.5,0,0,0.0,1,1,2,3,3,0,1,0,4,1,3,-9,9.9,0,0,11.0,1,2014-15,Jamaal Franklin,4.4,98.0,100.0,100.0,146.4,128.1,128.1,-48.4,-28.1,-28.1,0.273,1.0,37.5,0.059,0.0,0.0,37.5,37.5,0.75,0.75,0.132,0.136,110.44,116.55,97.13,116.55,0.0,32,0.3,0.7
2037,Jamal Crawford,Jamal,1610612746,LAC,35.0,64,44,20,0.688,1703.0366666666666,332,839,0.396,119,364,0.327,227,252,0.901,18,106,124,158,92,59,14,21,108,164,1010,83,1522.8,0,0,1557.0,1,2014-15,Jamal Crawford,26.6,107.9,107.9,107.9,105.6,106.3,106.3,2.3,1.6,1.6,0.16,1.72,13.3,0.011,0.062,0.036,7.7,7.7,0.467,0.532,0.27,0.278,96.84,96.52,80.43,96.52,0.103,3438,5.2,13.1
2749,Jameer Nelson,Jameer,1610612743,DEN,33.0,63,25,38,0.397,1406.015,205,504,0.407,89,258,0.345,24,36,0.667,33,113,146,253,109,47,6,20,136,71,523,-13,1127.7,0,0,1117.0,3,2014-15,Jameer Nelson,22.3,104.2,104.4,104.4,104.8,105.0,105.0,-0.5,-0.6,-0.6,0.278,2.32,28.7,0.023,0.081,0.051,12.4,12.4,0.495,0.503,0.195,0.199,96.58,96.43,80.35,96.43,0.081,2827,3.3,8.0
203516,James Ennis III,James,1610612748,MIA,24.0,62,27,35,0.435,1051.41,101,247,0.409,31,95,0.326,79,94,0.84,51,125,176,48,39,25,17,25,89,71,312,-6,682.2,1,0,651.0,1,2014-15,James Ennis III,17.0,100.6,100.0,100.0,100.7,100.2,100.2,-0.1,-0.2,-0.2,0.074,1.23,12.8,0.051,0.121,0.086,10.4,10.4,0.472,0.541,0.142,0.146,92.45,92.93,77.44,92.93,0.081,2035,1.6,4.0
201935,James Harden,James,1610612745,HOU,25.0,81,56,25,0.691,2980.865,647,1470,0.44,208,555,0.375,715,824,0.868,75,384,459,565,321,154,60,106,208,542,2217,335,3936.3,21,4,3877.0,1,2014-15,James Harden,36.8,107.7,109.2,109.2,101.8,103.5,103.5,5.8,5.7,5.7,0.34,1.76,20.8,0.025,0.126,0.075,11.8,11.8,0.511,0.605,0.308,0.313,99.08,97.61,81.35,97.61,0.184,6056,8.0,18.1
201949,James Johnson,James,1610612761,TOR,28.0,70,40,30,0.571,1369.9533333333334,238,404,0.589,11,51,0.216,67,102,0.657,61,196,257,95,79,54,70,24,155,80,554,147,1297.9,2,0,1165.0,1,2014-15,James Johnson,19.6,108.9,109.5,109.5,101.9,103.1,103.1,7.0,6.4,6.4,0.114,1.2,15.3,0.046,0.142,0.094,12.7,12.7,0.603,0.617,0.17,0.174,95.48,94.62,78.85,94.62,0.115,2688,3.4,5.8
2592,James Jones,James,1610612739,CLE,34.0,57,35,22,0.614,669.3716666666667,74,201,0.368,63,175,0.36,39,46,0.848,9,53,62,24,13,13,8,3,67,42,250,-111,410.4,0,0,441.0,1,2014-15,James Jones,11.7,101.9,101.7,101.7,112.5,110.6,110.6,-10.6,-8.9,-8.9,0.059,1.85,9.4,0.013,0.084,0.047,5.1,5.0,0.525,0.565,0.153,0.159,94.77,95.7,79.75,95.7,0.056,1338,1.3,3.5
203949,James Michael McAdoo,James Michael,1610612744,GSW,22.0,15,11,4,0.733,137.17,24,44,0.545,0,0,0.0,14,25,0.56,15,22,37,2,6,5,9,3,21,20,62,9,145.4,0,0,129.0,1,2014-15,James Michael McAdoo,9.1,113.2,109.7,109.7,103.2,103.7,103.7,10.1,6.0,6.0,0.02,0.33,3.2,0.107,0.149,0.128,9.7,9.5,0.545,0.564,0.185,0.196,101.53,102.88,85.73,102.88,0.083,290,1.6,2.9
203923,James Young,James,1610612738,BOS,19.0,31,14,17,0.452,332.075,36,102,0.353,17,66,0.258,16,29,0.552,9,33,42,13,5,8,2,1,22,18,105,5,199.9,0,0,197.0,1,2014-15,James Young,10.7,103.3,103.5,103.5,106.2,103.5,103.5,-2.8,0.0,0.0,0.059,2.6,9.8,0.023,0.101,0.059,3.8,3.8,0.436,0.457,0.149,0.153,98.34,99.52,82.93,99.52,0.05,691,1.2,3.3
2457,Jannero Pargo,Jannero,1610612766,CHA,35.0,9,2,7,0.222,73.185,15,35,0.429,9,22,0.409,2,2,1.0,0,3,3,8,3,0,0,1,8,5,41,-2,53.6,0,0,61.0,1,2014-15,Jannero Pargo,8.1,95.6,95.8,95.8,99.6,97.9,97.9,-4.0,-2.1,-2.1,0.216,2.67,17.0,0.0,0.042,0.019,6.4,6.4,0.557,0.571,0.238,0.249,93.41,94.12,78.43,94.12,0.095,144,1.7,3.9
203099,Jared Cunningham,Jared,1610612746,LAC,24.0,19,12,7,0.632,89.00333333333333,12,33,0.364,4,13,0.308,7,13,0.538,1,8,9,10,7,3,0,2,12,9,35,-5,62.8,0,0,64.0,1,2014-15,Jared Cunningham,4.7,101.0,96.3,96.3,97.9,96.4,96.4,3.1,-0.1,-0.1,0.204,1.43,17.9,0.011,0.091,0.051,12.5,12.6,0.424,0.452,0.225,0.24,99.59,102.74,85.61,102.74,0.033,188,0.6,1.7
201162,Jared Dudley,Jared,1610612749,MIL,29.0,72,39,33,0.542,1716.753333333333,198,423,0.468,74,192,0.385,48,67,0.716,45,175,220,130,62,72,11,16,113,85,518,105,1164.0,0,0,1108.0,1,2014-15,Jared Dudley,23.8,100.5,100.6,100.6,96.9,97.5,97.5,3.6,3.2,3.2,0.115,2.1,20.1,0.027,0.1,0.065,9.6,9.6,0.556,0.572,0.135,0.137,95.74,95.38,79.49,95.38,0.091,3410,2.8,5.9
203096,Jared Sullinger,Jared,1610612738,BOS,23.0,58,26,32,0.448,1566.3483333333334,311,708,0.439,52,184,0.283,96,129,0.744,147,294,441,134,78,44,42,36,153,128,770,-23,1680.2,12,0,1569.0,1,2014-15,Jared Sullinger,27.0,100.4,101.9,101.9,103.4,103.2,103.2,-3.0,-1.3,-1.3,0.14,1.72,13.7,0.089,0.187,0.137,8.0,8.0,0.476,0.503,0.231,0.234,97.91,97.33,81.11,97.33,0.12,3185,5.4,12.2
203950,Jarnell Stokes,Jarnell,1610612763,MEM,21.0,19,12,7,0.632,126.14166666666668,21,37,0.568,0,0,0.0,15,28,0.536,16,18,34,4,7,5,5,6,25,22,57,16,126.8,0,0,115.0,1,2014-15,Jarnell Stokes,6.6,95.3,95.4,95.4,89.7,87.5,87.5,5.6,7.9,7.9,0.053,0.57,6.6,0.12,0.137,0.129,11.5,11.6,0.568,0.578,0.188,0.193,98.32,99.51,82.92,99.51,0.095,259,1.1,1.9
101127,Jarrett Jack,Jarrett,1610612751,BKN,31.0,80,36,44,0.45,2240.8783333333336,359,817,0.439,39,146,0.267,200,227,0.881,19,226,245,373,191,75,13,28,143,193,957,-314,1883.5,5,0,1790.0,1,2014-15,Jarrett Jack,28.0,99.0,99.4,99.4,106.8,106.9,106.9,-7.8,-7.5,-7.5,0.286,1.95,25.2,0.009,0.099,0.054,12.9,12.9,0.463,0.522,0.222,0.225,95.31,95.09,79.25,95.09,0.11,4448,4.5,10.2
101131,Jason Maxiell,Jason,1610612766,CHA,32.0,61,22,39,0.361,877.9033333333333,81,192,0.422,0,0,0.0,41,71,0.577,86,117,203,19,29,18,44,19,96,86,203,-155,632.1,0,0,549.0,1,2014-15,Jason Maxiell,14.4,94.0,93.5,93.5,102.6,102.3,102.3,-8.6,-8.8,-8.8,0.036,0.66,6.9,0.088,0.128,0.107,10.6,10.7,0.422,0.455,0.125,0.128,95.6,96.01,80.01,96.01,0.058,1756,1.3,3.1
2202,Jason Richardson,Jason,1610612755,PHI,34.0,19,4,15,0.211,416.4616666666666,62,178,0.348,31,96,0.323,17,22,0.773,13,53,66,38,16,13,3,2,28,22,172,-71,340.2,0,0,339.0,1,2014-15,Jason Richardson,21.9,92.0,92.8,92.8,100.1,101.4,101.4,-8.0,-8.7,-8.7,0.171,2.38,15.8,0.027,0.125,0.072,6.6,6.6,0.435,0.458,0.213,0.218,96.91,95.84,79.86,95.84,0.092,832,3.3,9.4
201160,Jason Smith,Jason,1610612752,NYK,29.0,82,17,65,0.207,1784.8666666666666,257,592,0.434,15,42,0.357,127,153,0.83,98,226,324,140,104,32,44,33,205,153,656,-424,1378.8,3,0,1287.0,1,2014-15,Jason Smith,21.8,97.7,98.0,98.0,111.1,110.8,110.8,-13.4,-12.8,-12.8,0.134,1.35,15.4,0.054,0.133,0.092,11.4,11.5,0.447,0.497,0.193,0.196,93.92,93.9,78.25,93.9,0.076,3502,3.1,7.2
1891,Jason Terry,Jason,1610612745,HOU,37.0,77,53,24,0.688,1641.26,188,446,0.422,126,323,0.39,39,48,0.813,15,106,121,147,74,66,19,7,116,32,541,139,1087.7,0,0,1105.0,1,2014-15,Jason Terry,21.3,102.7,103.0,103.0,99.1,99.4,99.4,3.6,3.7,3.7,0.139,1.99,21.6,0.009,0.06,0.035,10.9,10.8,0.563,0.579,0.137,0.142,100.01,99.7,83.08,99.7,0.077,3416,2.4,5.8
201574,Jason Thompson,Jason,1610612758,SAC,28.0,81,29,52,0.358,1990.995,201,428,0.47,0,1,0.0,89,143,0.622,139,391,530,85,84,33,57,35,239,133,491,-186,1440.5,7,0,1286.0,1,2014-15,Jason Thompson,24.6,102.1,103.1,103.1,106.8,107.5,107.5,-4.7,-4.4,-4.4,0.063,1.01,12.8,0.072,0.195,0.135,12.6,12.7,0.47,0.5,0.128,0.129,97.07,96.29,80.24,96.29,0.072,3989,2.5,5.3
202399,Jeff Adrien,Jeff,1610612745,HOU,29.0,17,1,16,0.059,215.33166666666668,19,44,0.432,0,0,0.0,22,38,0.579,23,54,77,15,9,4,9,9,30,38,60,-14,204.9,0,0,178.0,1,2014-15,Jeff Adrien,12.7,98.7,100.0,100.0,103.5,101.6,101.6,-4.8,-1.6,-1.6,0.104,1.67,17.6,0.091,0.244,0.163,10.6,10.6,0.432,0.494,0.134,0.137,98.33,98.64,82.2,98.64,0.098,439,1.1,2.6
201965,Jeff Ayres,Jeff,1610612759,SAS,28.0,51,33,18,0.647,382.77,55,95,0.579,0,0,0.0,27,36,0.75,37,80,117,14,26,8,8,3,60,32,137,-54,320.4,0,0,300.0,1,2014-15,Jeff Ayres,7.5,101.0,98.6,98.6,109.0,106.9,106.9,-8.0,-8.3,-8.3,0.061,0.54,9.3,0.095,0.219,0.155,17.3,17.2,0.579,0.618,0.153,0.161,94.96,97.06,80.88,97.06,0.096,779,1.1,1.9
201145,Jeff Green,Jeff,1610612763,MEM,28.0,78,41,37,0.526,2454.773333333333,416,967,0.43,97,292,0.332,239,287,0.833,64,264,328,134,108,53,34,66,147,222,1168,-135,1915.6,1,0,1901.0,2,2014-15,Jeff Green,31.5,100.3,101.3,101.3,103.5,104.4,104.4,-3.2,-3.1,-3.1,0.089,1.24,10.1,0.026,0.108,0.067,8.1,8.1,0.48,0.534,0.217,0.221,96.25,95.37,79.48,95.37,0.095,4885,5.3,12.4
201952,Jeff Teague,Jeff,1610612737,ATL,27.0,73,53,20,0.726,2227.8616666666667,408,887,0.46,71,207,0.343,275,319,0.862,30,154,184,513,205,125,31,68,139,293,1162,388,2415.3,10,0,2242.0,1,2014-15,Jeff Teague,30.5,108.5,109.4,109.4,99.9,101.1,101.1,8.6,8.3,8.3,0.367,2.5,29.3,0.014,0.068,0.042,11.7,11.7,0.5,0.566,0.247,0.25,97.48,96.57,80.47,96.57,0.133,4489,5.6,12.2
203481,Jeff Withey,Jeff,1610612740,NOP,25.0,37,17,20,0.459,258.585,32,64,0.5,0,0,0.0,34,50,0.68,23,41,64,11,12,4,18,15,26,37,98,-42,245.3,0,0,217.0,1,2014-15,Jeff Withey,7.0,103.8,101.4,101.4,109.2,108.5,108.5,-5.4,-7.1,-7.1,0.07,0.92,9.9,0.089,0.173,0.129,10.8,11.0,0.5,0.57,0.171,0.175,94.42,95.88,79.9,95.88,0.098,514,0.9,1.7
203106,Jeffery Taylor,Jeffery,1610612766,CHA,26.0,29,11,18,0.379,430.40833333333336,45,114,0.395,11,36,0.306,26,41,0.634,14,39,53,22,19,12,1,14,36,30,127,-127,243.6,0,0,239.0,1,2014-15,Jeffery Taylor,14.8,90.7,90.4,90.4,104.4,105.9,105.9,-13.7,-15.4,-15.4,0.093,1.16,12.7,0.03,0.09,0.059,11.0,11.0,0.443,0.481,0.161,0.165,93.74,93.23,77.69,93.23,0.049,837,1.6,3.9
203924,Jerami Grant,Jerami,1610612755,PHI,21.0,65,18,47,0.277,1376.5483333333334,124,352,0.352,49,156,0.314,114,193,0.591,49,149,198,79,85,40,68,35,144,139,411,-176,1006.1,0,0,953.0,1,2014-15,Jerami Grant,21.2,94.8,94.9,94.9,100.8,100.1,100.1,-6.0,-5.2,-5.2,0.095,0.93,13.0,0.033,0.104,0.068,14.0,14.1,0.422,0.47,0.162,0.164,98.84,99.13,82.61,99.13,0.047,2828,1.9,5.4
202077,Jerel McNeal,Jerel,1610612756,PHX,28.0,6,1,5,0.167,36.333333333333336,3,11,0.273,1,2,0.5,2,2,1.0,0,3,3,2,5,3,1,1,5,2,9,-3,22.6,0,0,23.0,1,2014-15,Jerel McNeal,6.1,87.6,85.1,85.1,94.7,91.7,91.7,-7.1,-6.5,-6.5,0.118,0.4,10.5,0.0,0.0,0.0,26.3,26.5,0.318,0.379,0.21,0.217,93.51,96.44,80.37,96.44,-0.006,74,0.5,1.8
202379,Jeremy Evans,Jeremy,1610612762,UTA,27.0,38,19,19,0.5,265.81333333333333,32,58,0.552,2,5,0.4,24,29,0.828,26,45,71,13,5,11,12,4,29,25,90,32,258.7,0,0,222.0,1,2014-15,Jeremy Evans,7.0,101.2,100.8,100.8,94.9,93.5,93.5,6.3,7.2,7.2,0.084,2.6,14.8,0.099,0.155,0.128,5.7,5.6,0.569,0.636,0.125,0.131,93.34,94.26,78.55,94.26,0.14,519,0.8,1.5
203087,Jeremy Lamb,Jeremy,1610612760,OKC,23.0,47,27,20,0.574,632.6633333333333,104,250,0.416,38,111,0.342,49,55,0.891,8,99,107,44,27,21,6,7,52,41,295,-72,543.4,1,0,538.0,1,2014-15,Jeremy Lamb,13.5,97.7,97.6,97.6,104.0,104.1,104.1,-6.3,-6.5,-6.5,0.125,1.63,12.8,0.012,0.148,0.08,7.8,7.8,0.492,0.538,0.212,0.218,94.32,94.34,78.62,94.34,0.119,1248,2.2,5.3
202391,Jeremy Lin,Jeremy,1610612747,LAL,26.0,74,19,55,0.257,1906.7233333333331,277,654,0.424,65,176,0.369,213,268,0.795,26,170,196,339,166,82,32,52,189,277,832,-253,1751.7,3,0,1660.0,1,2014-15,Jeremy Lin,25.8,101.8,102.1,102.1,108.6,108.7,108.7,-6.8,-6.6,-6.6,0.279,2.04,26.4,0.013,0.09,0.051,12.9,13.0,0.473,0.539,0.215,0.217,97.38,97.2,81.0,97.2,0.098,3862,3.7,8.8
202366,Jerome Jordan,Jerome,1610612751,BKN,28.0,44,17,27,0.386,383.00666666666666,50,94,0.532,0,0,0.0,38,44,0.864,52,53,105,13,22,8,15,15,58,31,138,-76,330.5,1,0,302.0,1,2014-15,Jerome Jordan,8.7,93.9,94.2,94.2,105.9,103.7,103.7,-12.0,-9.6,-9.6,0.06,0.59,8.8,0.128,0.136,0.132,14.9,14.8,0.532,0.609,0.153,0.157,96.03,96.88,80.73,96.88,0.093,772,1.1,2.1
203968,Jerrelle Benimon,Jerrelle,1610612743,DEN,23.0,2,2,0,1.0,2.723333333333333,0,0,0.0,0,0,0.0,0,0,0.0,1,2,3,0,1,0,0,0,0,0,0,6,2.6,0,0,3.0,1,2014-15,Jerrelle Benimon,1.4,120.0,100.0,100.0,0.0,0.0,0.0,120.0,100.0,100.0,0.0,0.0,0.0,0.0,0.0,0.0,100.0,100.0,0.0,0.0,0.143,0.167,79.31,96.94,80.78,96.94,0.3,6,0.0,0.0
201573,Jerryd Bayless,Jerryd,1610612749,MIL,26.0,77,39,38,0.506,1717.378333333333,220,516,0.426,37,120,0.308,121,137,0.883,22,189,211,233,133,59,12,27,163,123,598,-14,1280.7,0,0,1221.0,1,2014-15,Jerryd Bayless,22.3,99.3,99.5,99.5,98.6,99.5,99.5,0.6,0.0,0.0,0.221,1.75,24.8,0.013,0.109,0.062,14.2,14.1,0.462,0.519,0.185,0.189,95.26,94.71,78.92,94.71,0.09,3382,2.9,6.7
202690,Jimmer Fredette,Jimmer,1610612740,NOP,26.0,50,27,23,0.54,508.9633333333333,63,166,0.38,9,48,0.188,43,45,0.956,8,32,40,58,33,15,2,6,43,39,178,42,331.0,0,0,319.0,1,2014-15,Jimmer Fredette,10.2,107.6,107.3,107.3,104.9,102.9,102.9,2.7,4.4,4.4,0.171,1.76,21.2,0.015,0.061,0.038,12.0,11.9,0.407,0.479,0.182,0.189,95.71,96.71,80.6,96.71,0.062,1024,1.3,3.3
202710,Jimmy Butler III,Jimmy,1610612741,CHI,25.0,65,40,25,0.615,2513.4733333333334,421,912,0.462,73,193,0.378,386,463,0.834,114,265,379,212,93,114,36,59,108,341,1301,238,2430.8,4,0,2265.0,1,2014-15,Jimmy Butler III,38.7,105.9,107.4,107.4,101.8,102.7,102.7,4.1,4.6,4.6,0.142,2.28,14.9,0.045,0.099,0.073,6.5,6.5,0.502,0.583,0.213,0.215,95.21,94.13,78.44,94.13,0.138,4934,6.5,14.0
201149,Joakim Noah,Joakim,1610612741,CHI,30.0,67,39,28,0.582,2048.645,190,427,0.445,0,2,0.0,105,174,0.603,219,427,646,312,123,48,74,44,203,170,485,78,1971.2,15,0,1687.0,1,2014-15,Joakim Noah,30.6,103.8,104.4,104.4,101.4,102.3,102.3,2.3,2.0,2.0,0.227,2.54,33.1,0.105,0.2,0.153,13.0,13.1,0.445,0.482,0.135,0.137,95.43,94.73,78.94,94.73,0.111,4041,2.8,6.4
201975,Jodie Meeks,Jodie,1610612765,DET,27.0,60,29,31,0.483,1462.371666666667,222,534,0.416,74,212,0.349,145,160,0.906,12,92,104,79,57,59,6,20,76,121,663,-95,1044.3,0,0,1050.0,1,2014-15,Jodie Meeks,24.4,101.2,101.2,101.2,105.0,105.5,105.5,-3.8,-4.3,-4.3,0.091,1.39,10.7,0.008,0.063,0.034,7.7,7.7,0.485,0.548,0.196,0.202,95.65,95.42,79.51,95.42,0.087,2921,3.7,8.9
203925,Joe Harris,Joe,1610612739,CLE,23.0,51,32,19,0.627,492.99,48,120,0.4,31,84,0.369,9,15,0.6,7,34,41,26,27,7,2,4,62,11,136,-103,224.2,0,0,252.0,1,2014-15,Joe Harris,9.7,101.2,100.8,100.8,113.4,111.6,111.6,-12.2,-10.7,-10.7,0.083,0.96,14.5,0.014,0.073,0.042,15.1,15.0,0.529,0.537,0.137,0.142,95.32,96.25,80.2,96.25,0.022,990,0.9,2.4
204060,Joe Ingles,Joe,1610612762,UTA,27.0,79,36,43,0.456,1672.6033333333332,147,354,0.415,72,202,0.356,30,40,0.75,22,153,175,182,98,72,10,8,124,61,396,-49,1027.0,0,0,989.0,1,2014-15,Joe Ingles,21.2,100.2,100.0,100.0,102.1,102.3,102.3,-1.9,-2.2,-2.2,0.171,1.86,28.0,0.013,0.094,0.054,15.1,15.0,0.517,0.533,0.126,0.129,92.32,92.34,76.95,92.34,0.072,3229,1.9,4.5
2207,Joe Johnson,Joe,1610612751,BKN,34.0,80,38,42,0.475,2790.873333333333,446,1025,0.435,121,337,0.359,141,176,0.801,53,331,384,292,137,59,14,24,120,177,1154,-121,2134.8,3,0,2097.0,1,2014-15,Joe Johnson,34.9,103.6,104.6,104.6,106.2,107.0,107.0,-2.5,-2.5,-2.5,0.169,2.13,19.0,0.019,0.122,0.071,8.9,8.9,0.494,0.523,0.203,0.205,94.13,93.33,77.77,93.33,0.101,5433,5.6,12.8
201202,Joel Anthony,Joel,1610612765,DET,32.0,49,25,24,0.51,406.44,36,62,0.581,0,0,0.0,15,22,0.682,32,61,93,5,12,12,49,4,55,17,87,12,377.1,0,0,307.0,1,2014-15,Joel Anthony,8.3,99.8,98.4,98.4,97.3,96.5,96.5,2.5,1.9,1.9,0.019,0.42,5.7,0.074,0.142,0.107,13.6,13.5,0.581,0.607,0.091,0.095,94.07,95.13,79.27,95.13,0.08,804,0.7,1.3
200777,Joel Freeland,Joel,1610612757,POR,28.0,48,34,14,0.708,616.655,74,151,0.49,0,0,0.0,21,25,0.84,62,129,191,16,23,9,23,6,93,36,169,62,495.2,1,0,440.0,1,2014-15,Joel Freeland,12.8,103.8,102.8,102.8,96.8,96.4,96.4,6.9,6.4,6.4,0.039,0.7,8.0,0.101,0.193,0.149,11.5,11.4,0.49,0.522,0.131,0.136,96.35,96.99,80.82,96.99,0.082,1237,1.5,3.1
201595,Joey Dorsey,Joey,1610612745,HOU,31.0,69,48,21,0.696,854.33,80,145,0.552,0,1,0.0,24,83,0.289,103,176,279,25,41,40,25,25,157,61,184,15,710.3,0,0,618.0,1,2014-15,Joey Dorsey,12.4,103.0,103.5,103.5,102.3,101.8,101.8,0.7,1.7,1.7,0.043,0.61,10.0,0.108,0.205,0.154,16.3,16.6,0.552,0.507,0.109,0.11,99.84,99.84,83.2,99.84,0.058,1770,1.2,2.1
203530,Joffrey Lauvergne,Joffrey,1610612743,DEN,23.0,24,9,15,0.375,267.9533333333333,36,89,0.404,3,16,0.188,18,28,0.643,27,50,77,13,22,8,10,14,43,22,93,-112,236.9,0,0,222.0,1,2014-15,Joffrey Lauvergne,11.2,89.8,89.7,89.7,110.5,108.8,108.8,-20.7,-19.1,-19.1,0.09,0.59,9.6,0.082,0.198,0.133,16.3,16.1,0.421,0.459,0.185,0.193,98.56,99.42,82.85,99.42,0.063,552,1.5,3.7
203089,John Henson,John,1610612749,MIL,24.0,67,35,32,0.522,1228.465,196,346,0.566,0,0,0.0,78,137,0.569,124,188,312,59,87,28,135,19,152,114,470,-76,1334.9,2,0,1167.0,1,2014-15,John Henson,18.3,96.2,96.5,96.5,97.6,98.6,98.6,-1.4,-2.1,-2.1,0.084,0.68,10.6,0.103,0.147,0.126,15.7,15.8,0.566,0.578,0.181,0.183,95.51,94.89,79.07,94.89,0.112,2416,2.9,5.2
203098,John Jenkins,John,1610612737,ATL,24.0,24,13,11,0.542,297.12333333333333,49,99,0.495,21,52,0.404,16,19,0.842,2,37,39,13,8,10,0,5,15,19,135,-25,223.3,0,0,228.0,1,2014-15,John Jenkins,12.4,94.9,94.4,94.4,98.8,97.9,97.9,-3.9,-3.5,-3.5,0.081,1.63,10.2,0.006,0.115,0.061,6.3,6.2,0.601,0.629,0.169,0.175,98.02,98.71,82.26,98.71,0.117,609,2.0,4.1
101249,John Lucas III,John,1610612765,DET,32.0,21,8,13,0.381,271.735,42,104,0.404,9,29,0.31,5,5,1.0,4,12,16,60,16,8,0,2,18,9,98,-47,215.2,0,0,199.0,1,2014-15,John Lucas III,12.9,97.2,96.1,96.1,106.3,105.5,105.5,-9.1,-9.4,-9.4,0.392,3.75,33.0,0.015,0.047,0.03,8.8,8.8,0.447,0.461,0.205,0.211,92.82,93.71,78.09,93.71,0.092,532,2.0,5.0
2422,John Salmons,John,1610612740,NOP,35.0,21,9,12,0.429,269.695,16,48,0.333,8,26,0.308,2,4,0.5,4,17,21,13,5,9,4,0,25,5,42,-63,120.7,0,0,110.0,1,2014-15,John Salmons,12.8,97.3,96.4,96.4,109.5,107.5,107.5,-12.1,-11.2,-11.2,0.078,2.6,19.1,0.013,0.068,0.038,7.4,7.4,0.417,0.422,0.09,0.093,92.69,93.97,78.31,93.97,0.024,526,0.8,2.3
202322,John Wall,John,1610612764,WAS,24.0,79,45,34,0.57,2836.5333333333333,519,1166,0.445,65,217,0.3,284,362,0.785,36,330,366,792,304,138,45,44,180,285,1387,280,3259.2,40,0,2976.0,1,2014-15,John Wall,35.9,103.4,104.4,104.4,98.1,99.6,99.6,5.3,4.8,4.8,0.446,2.61,32.7,0.013,0.111,0.064,12.6,12.6,0.473,0.523,0.253,0.257,97.63,96.44,80.37,96.44,0.151,5703,6.6,14.8
203948,Johnny O'Bryant III,Johnny,1610612749,MIL,22.0,34,17,17,0.5,367.62666666666667,44,120,0.367,0,0,0.0,12,27,0.444,26,38,64,17,25,5,4,10,44,24,100,-99,204.3,0,0,199.0,1,2014-15,Johnny O'Bryant III,10.8,90.7,90.5,90.5,104.4,103.3,103.3,-13.7,-12.8,-12.8,0.076,0.68,9.8,0.07,0.108,0.089,14.5,14.4,0.367,0.379,0.188,0.194,95.34,96.03,80.03,96.03,0.012,733,1.3,3.5
202720,Jon Leuer,Jon,1610612763,MEM,26.0,63,45,18,0.714,824.0133333333333,121,273,0.443,7,29,0.241,37,59,0.627,50,157,207,46,35,17,9,15,86,48,286,-28,646.4,1,0,598.0,1,2014-15,Jon Leuer,13.1,96.9,96.3,96.3,98.0,97.4,97.4,-1.2,-1.1,-1.1,0.091,1.31,12.1,0.06,0.188,0.124,9.2,9.2,0.456,0.478,0.181,0.186,94.88,95.42,79.51,95.42,0.093,1633,1.9,4.3
201973,Jonas Jerebko,Jonas,1610612738,BOS,28.0,75,37,38,0.493,1230.16,169,379,0.446,54,140,0.386,56,66,0.848,93,189,282,71,44,46,18,16,135,63,448,139,1040.9,1,0,983.0,2,2014-15,Jonas Jerebko,16.4,105.0,105.3,105.3,99.8,99.2,99.2,5.2,6.0,6.0,0.091,1.61,13.6,0.071,0.156,0.112,8.4,8.4,0.517,0.549,0.16,0.164,95.03,95.21,79.34,95.21,0.1,2436,2.3,5.1
202685,Jonas Valančiūnas,Jonas,1610612761,TOR,23.0,80,47,33,0.588,2095.9133333333334,373,652,0.572,0,1,0.0,217,276,0.786,215,478,693,39,109,33,95,63,222,235,963,-27,2128.1,22,0,1951.0,1,2014-15,Jonas Valanciunas,26.2,104.9,106.2,106.2,105.6,106.9,106.9,-0.7,-0.7,-0.7,0.031,0.36,4.2,0.106,0.229,0.168,11.7,11.8,0.572,0.623,0.192,0.193,94.96,93.81,78.17,93.81,0.134,4096,4.7,8.2
203919,Jordan Adams,Jordan,1610612763,MEM,20.0,30,14,16,0.467,248.4183333333333,35,86,0.407,10,25,0.4,14,23,0.609,9,19,28,16,14,16,7,8,24,20,94,17,206.6,0,0,194.0,1,2014-15,Jordan Adams,8.3,101.7,101.4,101.4,100.3,97.8,97.8,1.5,3.6,3.6,0.101,1.14,12.8,0.035,0.075,0.055,11.2,11.1,0.465,0.489,0.186,0.195,94.97,96.32,80.27,96.32,0.072,498,1.2,2.9
203903,Jordan Clarkson,Jordan,1610612747,LAL,23.0,59,11,48,0.186,1475.8233333333333,267,596,0.448,38,121,0.314,131,158,0.829,56,135,191,206,96,51,12,39,109,135,703,-241,1334.2,2,0,1264.0,1,2014-15,Jordan Clarkson,25.0,100.4,100.8,100.8,109.0,109.1,109.1,-8.6,-8.3,-8.3,0.243,2.15,21.3,0.036,0.097,0.065,9.9,9.9,0.48,0.528,0.23,0.234,94.3,94.08,78.4,94.08,0.109,2892,4.5,10.1
200770,Jordan Farmar,Jordan,1610612746,LAC,28.0,36,23,13,0.639,529.44,61,158,0.386,35,97,0.361,10,11,0.909,8,34,42,67,32,20,5,3,52,24,167,-44,360.9,0,0,361.0,1,2014-15,Jordan Farmar,14.7,97.8,97.1,97.1,102.4,101.1,101.1,-4.6,-4.0,-4.0,0.213,2.09,25.6,0.015,0.065,0.04,12.2,12.2,0.497,0.513,0.166,0.171,96.47,97.42,81.18,97.42,0.064,1074,1.7,4.4
202706,Jordan Hamilton,Jordan,1610612746,LAC,24.0,14,10,4,0.714,122.07,14,35,0.4,10,21,0.476,0,0,0.0,2,14,16,7,4,2,0,2,14,0,38,-29,69.7,0,0,75.0,1,2014-15,Jordan Hamilton,8.7,100.3,97.2,97.2,107.2,107.0,107.0,-6.8,-9.8,-9.8,0.09,1.75,15.2,0.017,0.108,0.065,8.7,8.7,0.543,0.543,0.141,0.149,98.26,99.88,83.23,99.88,0.053,252,1.0,2.5
201941,Jordan Hill,Jordan,1610612747,LAL,27.0,70,19,51,0.271,1874.29,357,777,0.459,3,11,0.273,124,168,0.738,174,382,556,103,106,34,52,30,164,130,841,-398,1814.7,22,0,1675.0,1,2014-15,Jordan Hill,26.8,98.6,99.3,99.3,109.5,110.0,110.0,-10.9,-10.7,-10.7,0.096,0.97,9.7,0.086,0.208,0.144,10.0,10.0,0.461,0.494,0.222,0.225,96.96,96.36,80.3,96.36,0.108,3765,5.1,11.1
203268,Jorge Gutierrez,Jorge,1610612749,MIL,26.0,20,10,10,0.5,174.405,22,41,0.537,0,3,0.0,9,13,0.692,5,20,25,22,12,6,0,1,25,14,53,-27,122.0,0,0,112.0,2,2014-15,Jorge Gutierrez,8.7,92.3,92.3,92.3,99.5,99.4,99.4,-7.2,-7.1,-7.1,0.212,1.83,27.5,0.028,0.106,0.068,15.0,14.9,0.537,0.567,0.146,0.151,96.59,96.6,80.5,96.6,0.079,350,1.1,2.1
101181,Jose Calderon,Jose,1610612752,NYK,33.0,42,7,35,0.167,1270.2283333333332,147,354,0.415,59,142,0.415,29,32,0.906,19,105,124,198,75,31,0,12,76,36,382,-340,845.8,2,0,825.0,1,2014-15,Jose Calderon,30.2,96.7,98.1,98.1,111.1,111.7,111.7,-14.4,-13.6,-13.6,0.251,2.64,30.9,0.015,0.089,0.05,11.7,11.7,0.499,0.519,0.158,0.16,93.97,93.11,77.59,93.11,0.082,2462,3.5,8.4
201177,Josh McRoberts,Josh,1610612748,MIA,28.0,17,8,9,0.471,295.8933333333333,28,53,0.528,8,19,0.421,8,13,0.615,7,38,45,33,22,12,3,5,41,14,72,32,198.5,0,0,188.0,1,2014-15,Josh McRoberts,17.4,103.9,103.6,103.6,97.7,97.5,97.5,6.2,6.1,6.1,0.168,1.5,28.9,0.027,0.14,0.085,19.3,19.3,0.604,0.613,0.129,0.132,90.61,90.84,75.7,90.84,0.074,559,1.6,3.1
2746,Josh Smith,Josh,1610612745,HOU,29.0,83,41,42,0.494,2300.5216666666665,414,987,0.419,72,228,0.316,127,255,0.498,152,378,530,277,206,87,116,48,228,194,1027,14,2481.5,15,0,2312.0,2,2014-15,Josh Smith,27.7,101.9,102.6,102.6,101.8,102.0,102.0,0.1,0.7,0.7,0.207,1.34,17.5,0.061,0.155,0.107,13.0,13.0,0.456,0.467,0.242,0.245,99.28,98.85,82.37,98.85,0.097,4729,5.0,11.9
201950,Jrue Holiday,Jrue,1610612740,NOP,25.0,40,20,20,0.5,1303.003333333333,238,534,0.446,51,135,0.378,65,76,0.855,32,103,135,274,91,63,23,31,110,70,592,99,1332.0,5,0,1224.0,1,2014-15,Jrue Holiday,32.6,108.8,109.9,109.9,105.3,105.9,105.9,3.5,4.0,4.0,0.322,3.01,29.4,0.025,0.081,0.053,9.8,9.8,0.493,0.522,0.224,0.227,95.51,94.82,79.02,94.82,0.111,2572,6.0,13.4
203944,Julius Randle,Julius,1610612747,LAL,20.0,1,0,1,0.0,13.566666666666666,1,3,0.333,0,0,0.0,0,2,0.0,0,0,0,0,1,0,0,0,1,1,2,-18,1.0,0,0,2.0,1,2014-15,Julius Randle,13.6,58.3,60.0,60.0,132.4,126.9,126.9,-74.1,-66.9,-66.9,0.0,0.0,0.0,0.0,0.0,0.0,20.0,20.5,0.333,0.258,0.172,0.17,89.58,90.22,75.18,90.22,-0.242,25,1.0,3.0
203120,Justin Hamilton,Justin,1610612750,MIN,25.0,41,6,35,0.146,712.5566666666666,85,178,0.478,10,31,0.323,39,47,0.83,57,77,134,36,26,27,30,11,70,57,219,-175,578.8,2,0,513.0,2,2014-15,Justin Hamilton,17.4,98.4,97.6,97.6,110.3,110.7,110.7,-11.9,-13.0,-13.0,0.09,1.38,13.8,0.083,0.114,0.098,10.0,10.0,0.506,0.551,0.144,0.148,93.58,93.77,78.14,93.77,0.084,1395,2.1,4.3
203200,Justin Holiday,Justin,1610612744,GSW,26.0,59,49,10,0.831,657.4533333333334,91,235,0.387,35,109,0.321,37,45,0.822,12,61,73,48,29,40,12,11,54,33,254,-13,540.6,0,0,514.0,1,2014-15,Justin Holiday,11.1,101.3,99.1,99.1,98.2,99.4,99.4,3.1,-0.4,-0.4,0.114,1.66,14.5,0.017,0.081,0.051,8.8,8.7,0.462,0.498,0.182,0.19,100.09,100.61,83.84,100.61,0.079,1374,1.5,4.0
203994,Jusuf Nurkić,Jusuf,1610612743,DEN,20.0,62,21,41,0.339,1103.2583333333334,171,383,0.446,0,2,0.0,84,132,0.636,125,257,382,50,86,52,68,38,207,119,426,-6,1233.4,4,0,1098.0,1,2014-15,Jusuf Nurkić,17.8,100.4,102.2,102.2,101.9,101.7,101.7,-1.5,0.5,0.5,0.072,0.58,8.6,0.102,0.225,0.162,14.8,14.9,0.446,0.483,0.203,0.205,99.18,98.37,81.98,98.37,0.088,2253,2.8,6.2
203909,KJ McDaniels,KJ,1610612745,HOU,22.0,62,19,43,0.306,1351.895,172,434,0.396,43,150,0.287,100,133,0.752,65,135,200,72,105,44,70,33,126,96,487,-259,1072.0,1,0,1030.0,2,2014-15,KJ McDaniels,21.8,91.9,91.7,91.7,100.5,100.4,100.4,-8.6,-8.7,-8.7,0.095,0.69,10.7,0.043,0.098,0.069,15.6,15.7,0.446,0.494,0.188,0.192,98.27,98.4,82.0,98.4,0.067,2762,2.8,7.0
203564,Kalin Lucas,Kalin,1610612763,MEM,26.0,1,0,1,0.0,5.53,0,1,0.0,0,0,0.0,0,0,0.0,0,0,0,0,0,1,0,0,1,0,0,-7,3.0,0,0,2.0,1,2014-15,Kalin Lucas,5.5,81.0,66.7,66.7,120.6,125.0,125.0,-39.6,-58.3,-58.3,0.0,0.0,0.0,0.0,0.0,0.0,0.0,0.0,0.0,0.0,0.053,0.063,96.87,104.16,86.8,104.16,-0.05,12,0.0,1.0
202695,Kawhi Leonard,Kawhi,1610612759,SAS,24.0,64,46,18,0.719,2032.9,394,822,0.479,67,192,0.349,202,252,0.802,85,376,461,161,97,148,48,33,128,212,1057,440,2342.7,14,0,2138.0,1,2014-15,Kawhi Leonard,31.8,109.1,109.7,109.7,97.1,98.3,98.3,12.0,11.4,11.4,0.124,1.66,13.5,0.044,0.181,0.115,8.1,8.1,0.52,0.567,0.227,0.231,96.2,95.37,79.47,95.37,0.148,4029,6.2,12.8
203482,Kelly Olynyk,Kelly,1610612738,BOS,24.0,64,31,33,0.484,1423.4466666666667,251,528,0.475,61,175,0.349,93,136,0.684,92,211,303,109,98,64,39,31,213,142,656,228,1394.1,3,0,1335.0,1,2014-15,Kelly Olynyk,22.2,104.7,105.5,105.5,100.0,98.9,98.9,4.7,6.6,6.6,0.115,1.11,13.6,0.061,0.146,0.103,12.3,12.3,0.533,0.558,0.206,0.208,98.92,99.09,82.57,99.09,0.094,2955,3.9,8.3
202689,Kemba Walker,Kemba,1610612766,CHA,25.0,62,21,41,0.339,2118.603333333333,378,981,0.385,85,280,0.304,234,283,0.827,35,185,220,318,100,89,31,76,92,268,1075,-188,2076.0,4,0,1938.0,1,2014-15,Kemba Walker,34.2,97.6,99.4,99.4,102.2,104.2,104.2,-4.6,-4.7,-4.7,0.272,3.18,21.0,0.015,0.088,0.05,6.6,6.6,0.429,0.486,0.254,0.259,95.07,93.29,77.74,93.29,0.121,4121,6.1,15.8
203088,Kendall Marshall,Kendall,1610612749,MIL,23.0,28,13,15,0.464,417.45,46,101,0.455,18,46,0.391,8,9,0.889,2,26,28,86,35,21,0,6,26,21,118,55,308.6,0,0,292.0,1,2014-15,Kendall Marshall,14.9,107.9,106.3,106.3,99.8,99.6,99.6,8.1,6.7,6.7,0.301,2.46,38.2,0.006,0.063,0.037,15.6,15.5,0.545,0.562,0.155,0.16,93.42,94.17,78.48,94.17,0.093,819,1.6,3.6
2570,Kendrick Perkins,Kendrick,1610612739,CLE,30.0,68,38,30,0.559,1148.2933333333333,102,227,0.449,0,1,0.0,42,83,0.506,91,229,320,51,95,16,42,27,162,80,246,21,785.5,0,0,733.0,2,2014-15,Kendrick Perkins,16.9,101.0,100.9,100.9,100.3,100.0,100.0,0.7,0.9,0.9,0.065,0.54,12.4,0.077,0.19,0.134,23.2,23.2,0.449,0.467,0.136,0.139,96.4,96.54,80.45,96.54,0.051,2310,1.5,3.3
202702,Kenneth Faried,Kenneth,1610612743,DEN,25.0,75,30,45,0.4,2085.905,373,736,0.507,1,8,0.125,199,288,0.691,242,426,668,89,118,62,57,68,211,289,946,-38,2120.1,26,0,1942.0,1,2014-15,Kenneth Faried,27.8,105.9,107.2,107.2,107.1,107.8,107.8,-1.2,-0.6,-0.6,0.067,0.75,8.4,0.108,0.209,0.156,11.1,11.0,0.507,0.548,0.199,0.202,98.21,97.28,81.07,97.28,0.116,4222,5.0,9.8
203145,Kent Bazemore,Kent,1610612737,ATL,25.0,75,53,22,0.707,1323.49,141,331,0.426,48,132,0.364,60,100,0.6,21,201,222,78,73,52,33,23,127,87,390,-99,955.4,0,0,908.0,1,2014-15,Kent Bazemore,17.6,101.1,99.8,99.8,101.9,102.2,102.2,-0.8,-2.4,-2.4,0.093,1.07,14.8,0.016,0.145,0.082,13.9,13.9,0.498,0.52,0.151,0.157,96.31,96.78,80.65,96.78,0.068,2651,1.9,4.4
203484,Kentavious Caldwell-Pope,Kentavious,1610612765,DET,22.0,82,32,50,0.39,2586.805,390,972,0.401,153,444,0.345,110,158,0.696,46,209,255,109,94,93,18,32,161,142,1043,70,1751.5,0,0,1782.0,1,2014-15,Kentavious Caldwell-Pope,31.5,104.7,106.2,106.2,104.2,104.8,104.8,0.5,1.4,1.4,0.065,1.16,8.8,0.016,0.082,0.048,7.6,7.6,0.48,0.501,0.19,0.192,95.94,95.0,79.16,95.0,0.065,5118,4.8,11.9
2030,Kenyon Martin,Kenyon,1610612749,MIL,37.0,11,7,4,0.636,104.065,9,22,0.409,0,0,0.0,2,2,1.0,6,13,19,5,3,5,6,3,13,1,20,-9,80.3,0,0,66.0,1,2014-15,Kenyon Martin,9.5,99.5,95.9,95.9,101.8,100.5,100.5,-2.3,-4.6,-4.6,0.068,1.67,16.1,0.061,0.0,0.0,9.7,9.7,0.409,0.437,0.11,0.116,97.82,100.32,83.6,100.32,0.056,218,0.8,2.0
201142,Kevin Durant,Kevin,1610612760,OKC,26.0,27,18,9,0.667,912.615,238,467,0.51,64,159,0.403,146,171,0.854,16,162,178,110,74,24,25,8,40,133,686,168,1137.6,5,0,1136.0,1,2014-15,Kevin Durant,33.8,106.7,109.5,109.5,99.5,101.0,101.0,7.2,8.5,8.5,0.213,1.49,15.3,0.017,0.163,0.092,10.3,10.2,0.578,0.633,0.28,0.285,100.63,98.59,82.16,98.59,0.194,1879,8.8,17.3
708,Kevin Garnett,Kevin,1610612750,MIN,39.0,47,20,27,0.426,952.4616666666668,143,306,0.467,1,7,0.143,36,45,0.8,48,263,311,77,46,46,17,5,109,59,323,-24,954.7,3,0,838.0,2,2014-15,Kevin Garnett,20.3,102.7,101.9,101.9,102.6,102.6,102.6,0.1,-0.6,-0.6,0.131,1.67,17.1,0.054,0.289,0.173,10.2,10.2,0.469,0.496,0.179,0.184,93.85,94.19,78.49,94.19,0.126,1863,3.0,6.5
201567,Kevin Love,Kevin,1610612739,CLE,26.0,75,50,25,0.667,2531.765,413,952,0.434,144,392,0.367,258,321,0.804,142,589,731,168,122,51,39,56,140,275,1228,399,2505.2,38,0,2451.0,1,2014-15,Kevin Love,33.8,109.6,111.1,111.1,103.0,103.6,103.6,6.6,7.5,7.5,0.104,1.38,12.1,0.058,0.235,0.148,8.8,8.8,0.509,0.562,0.214,0.216,94.76,93.83,78.19,93.83,0.135,4962,5.5,12.7
2755,Kevin Martin,Kevin,1610612750,MIN,32.0,39,11,28,0.282,1302.4666666666667,267,625,0.427,75,191,0.393,170,193,0.881,19,123,142,89,76,33,1,24,76,125,779,-253,1108.9,0,0,1153.0,1,2014-15,Kevin Martin,33.4,100.8,102.1,102.1,111.7,112.2,112.2,-10.9,-10.1,-10.1,0.123,1.17,10.2,0.014,0.097,0.055,8.7,8.7,0.487,0.549,0.262,0.266,97.31,96.48,80.4,96.48,0.105,2623,6.8,16.0
202338,Kevin Seraphin,Kevin,1610612764,WAS,25.0,79,45,34,0.57,1235.1366666666668,231,450,0.513,0,2,0.0,58,82,0.707,87,201,288,59,98,10,59,18,197,87,520,-159,1063.1,1,0,1005.0,1,2014-15,Kevin Seraphin,15.6,98.6,99.0,99.0,104.0,104.6,104.6,-5.4,-5.7,-5.7,0.085,0.6,9.2,0.074,0.159,0.118,15.3,15.2,0.513,0.535,0.216,0.22,92.82,92.34,76.95,92.34,0.086,2364,2.9,5.7
203114,Khris Middleton,Khris,1610612749,MIL,23.0,79,40,39,0.506,2378.1183333333333,406,869,0.467,109,268,0.407,134,156,0.859,48,299,347,182,113,122,11,33,183,134,1055,320,2030.4,1,0,1959.0,1,2014-15,Khris Middleton,30.1,102.9,103.9,103.9,96.0,96.7,96.7,6.9,7.2,7.2,0.123,1.61,14.8,0.021,0.123,0.073,9.2,9.2,0.53,0.563,0.194,0.198,96.3,95.52,79.6,95.52,0.116,4721,5.1,11.0
2550,Kirk Hinrich,Kirk,1610612741,CHI,34.0,66,37,29,0.561,1609.9666666666667,142,381,0.373,58,168,0.345,35,50,0.7,20,101,121,148,73,46,14,28,144,67,377,40,851.2,0,0,824.0,1,2014-15,Kirk Hinrich,24.4,103.2,103.4,103.4,101.4,102.0,102.0,1.9,1.4,1.4,0.143,2.03,23.7,0.012,0.058,0.036,11.7,11.7,0.449,0.468,0.129,0.132,95.82,95.47,79.55,95.47,0.041,3200,2.2,5.8
202691,Klay Thompson,Klay,1610612744,GSW,25.0,77,64,13,0.831,2454.59,602,1299,0.463,239,545,0.439,225,256,0.879,27,220,247,222,149,87,60,52,122,196,1668,776,2589.4,1,0,2670.0,1,2014-15,Klay Thompson,31.9,113.5,114.1,114.1,97.7,98.9,98.9,15.8,15.2,15.2,0.137,1.49,12.5,0.011,0.082,0.049,8.4,8.4,0.555,0.591,0.272,0.275,101.3,100.37,83.64,100.37,0.126,5131,7.8,16.9
977,Kobe Bryant,Kobe,1610612747,LAL,36.0,35,10,25,0.286,1206.868333333333,266,713,0.373,54,184,0.293,196,241,0.813,26,173,199,197,128,47,7,27,65,178,782,-294,1350.3,4,2,1340.0,1,2014-15,Kobe Bryant,34.5,100.4,102.1,102.1,112.6,113.9,113.9,-12.2,-11.9,-11.9,0.3,1.54,17.3,0.02,0.147,0.08,11.3,11.2,0.411,0.477,0.337,0.343,98.29,96.89,80.74,96.89,0.118,2434,7.6,20.4
201585,Kosta Koufos,Kosta,1610612763,MEM,26.0,81,55,26,0.679,1348.246666666667,182,358,0.508,0,0,0.0,55,85,0.647,121,305,426,37,69,29,63,22,148,92,419,99,1192.7,0,0,1066.0,1,2014-15,Kosta Koufos,16.6,99.1,98.5,98.5,94.9,94.2,94.2,4.3,4.3,4.3,0.044,0.54,7.3,0.087,0.219,0.153,13.7,13.8,0.508,0.53,0.154,0.158,93.89,94.5,78.75,94.5,0.111,2646,2.2,4.4
203123,Kostas Papanikolaou,Kostas,1610612745,HOU,24.0,43,29,14,0.674,795.43,69,197,0.35,31,106,0.292,13,18,0.722,39,79,118,85,55,29,13,13,71,29,182,-37,522.1,0,0,500.0,1,2014-15,Kostas Papanikolaou,18.5,98.9,99.1,99.1,101.5,102.1,102.1,-2.6,-3.0,-3.0,0.166,1.55,24.6,0.047,0.098,0.072,15.9,15.9,0.429,0.444,0.14,0.144,98.47,98.03,81.69,98.03,0.056,1630,1.6,4.6
2743,Kris Humphries,Kris,1610612764,WAS,30.0,64,37,27,0.578,1344.9566666666667,211,446,0.473,0,7,0.0,87,117,0.744,118,298,416,57,46,34,25,25,130,130,509,-87,1224.7,3,0,1100.0,1,2014-15,Kris Humphries,21.0,99.7,99.9,99.9,101.3,102.4,102.4,-1.6,-2.5,-2.5,0.068,1.24,9.5,0.089,0.216,0.153,7.7,7.7,0.473,0.512,0.181,0.184,95.19,94.54,78.78,94.54,0.119,2639,3.3,7.0
203937,Kyle Anderson,Kyle,1610612759,SAS,21.0,33,22,11,0.667,358.08,31,89,0.348,3,11,0.273,9,14,0.643,5,67,72,28,10,15,7,6,28,14,74,-35,258.4,0,0,221.0,1,2014-15,Kyle Anderson,10.9,101.1,100.1,100.1,105.9,105.5,105.5,-4.7,-5.3,-5.3,0.116,2.8,21.2,0.015,0.189,0.105,7.6,7.5,0.365,0.389,0.13,0.135,95.12,95.78,79.81,95.78,0.071,716,0.9,2.7
2594,Kyle Korver,Kyle,1610612737,ATL,34.0,75,58,17,0.773,2417.7816666666668,292,600,0.487,221,449,0.492,106,118,0.898,15,289,304,196,107,52,42,12,140,120,911,624,1744.8,1,0,1820.0,1,2014-15,Kyle Korver,32.2,110.8,111.6,111.6,99.8,99.3,99.3,11.0,12.3,12.3,0.111,1.83,20.8,0.007,0.117,0.065,11.3,11.2,0.671,0.699,0.139,0.143,96.49,96.35,80.29,96.35,0.097,4866,3.9,8.0
200768,Kyle Lowry,Kyle,1610612761,TOR,29.0,70,43,27,0.614,2414.4,430,1043,0.412,132,391,0.338,252,312,0.808,54,274,328,473,173,109,13,58,212,296,1244,202,2540.1,13,2,2421.0,1,2014-15,Kyle Lowry,34.5,107.5,109.5,109.5,104.5,105.4,105.4,3.0,4.1,4.1,0.312,2.73,25.9,0.022,0.115,0.068,9.5,9.5,0.476,0.527,0.246,0.249,96.5,95.19,79.32,95.19,0.126,4791,6.1,14.9
203124,Kyle O'Quinn,Kyle,1610612753,ORL,25.0,51,15,36,0.294,823.9066666666666,119,242,0.492,12,43,0.279,44,57,0.772,46,153,199,59,55,31,39,11,110,52,294,-123,776.3,3,0,704.0,1,2014-15,Kyle O'Quinn,16.2,96.0,95.2,95.2,102.5,101.9,101.9,-6.4,-6.7,-6.7,0.119,1.07,15.5,0.059,0.184,0.123,14.5,14.4,0.517,0.55,0.179,0.185,94.87,95.54,79.62,95.54,0.101,1633,2.3,4.7
202713,Kyle Singler,Kyle,1610612760,OKC,27.0,80,36,44,0.45,1743.638333333333,172,446,0.386,96,241,0.398,40,52,0.769,33,161,194,85,55,47,21,27,153,65,480,-94,989.3,0,0,991.0,2,2014-15,Kyle Singler,21.8,103.3,104.5,104.5,106.1,106.6,106.6,-2.9,-2.0,-2.0,0.071,1.55,13.9,0.017,0.091,0.053,9.0,9.0,0.493,0.512,0.129,0.13,96.96,96.19,80.15,96.19,0.048,3483,2.2,5.6
202681,Kyrie Irving,Kyrie,1610612739,CLE,23.0,75,52,23,0.693,2729.863333333333,578,1235,0.468,157,378,0.415,315,365,0.863,55,182,237,389,186,114,20,63,146,284,1628,422,2711.9,6,0,2679.0,1,2014-15,Kyrie Irving,36.4,111.0,112.4,112.4,104.5,104.8,104.8,6.5,7.7,7.7,0.236,2.09,19.9,0.021,0.067,0.044,9.5,9.4,0.532,0.583,0.255,0.26,95.27,94.55,78.8,94.55,0.128,5382,7.7,16.5
200746,LaMarcus Aldridge,LaMarcus,1610612757,POR,29.0,71,48,23,0.676,2511.588333333333,659,1415,0.466,37,105,0.352,306,362,0.845,177,549,726,124,122,48,68,37,125,288,1661,338,2944.2,39,0,2780.0,1,2014-15,LaMarcus Aldridge,35.4,108.2,109.9,109.9,102.5,103.4,103.4,5.7,6.6,6.6,0.089,1.02,6.8,0.069,0.209,0.14,6.7,6.7,0.479,0.528,0.297,0.3,96.45,95.29,79.41,95.29,0.156,4991,9.3,19.9
202362,Lance Stephenson,Lance,1610612766,CHA,24.0,61,23,38,0.377,1573.2383333333332,207,550,0.376,18,105,0.171,69,110,0.627,39,238,277,240,128,38,8,29,134,113,501,-217,1203.4,2,0,1128.0,1,2014-15,Lance Stephenson,25.8,94.3,95.6,95.6,101.8,102.5,102.5,-7.5,-6.9,-6.9,0.259,1.88,25.0,0.023,0.151,0.085,13.3,13.2,0.393,0.419,0.206,0.211,95.69,94.73,78.95,94.73,0.077,3104,3.4,9.0
202498,Lance Thomas,Lance,1610612752,NYK,27.0,62,20,42,0.323,1490.645,182,442,0.412,7,22,0.318,72,99,0.727,65,130,195,69,74,37,8,35,101,88,443,-342,841.5,0,0,804.0,2,2014-15,Lance Thomas,24.0,95.6,95.9,95.9,106.2,107.0,107.0,-10.6,-11.1,-11.1,0.079,0.93,11.0,0.043,0.089,0.065,11.7,11.8,0.42,0.456,0.169,0.172,94.23,93.72,78.1,93.72,0.052,2901,2.9,7.1
202361,Landry Fields,Landry,1610612761,TOR,27.0,26,16,10,0.615,216.47333333333333,20,41,0.488,1,2,0.5,5,6,0.833,10,16,26,15,8,11,0,2,9,8,46,-78,124.7,0,0,110.0,1,2014-15,Landry Fields,8.3,93.1,90.7,90.7,111.6,110.2,110.2,-18.5,-19.5,-19.5,0.112,1.88,22.4,0.046,0.078,0.062,11.9,12.0,0.5,0.527,0.105,0.11,94.72,96.57,80.47,96.57,0.068,439,0.8,1.6
204038,Langston Galloway,Langston,1610612752,NYK,23.0,45,12,33,0.267,1457.4033333333334,204,511,0.399,62,176,0.352,63,78,0.808,37,153,190,150,61,52,12,22,129,89,533,-271,1117.0,0,0,1063.0,1,2014-15,Langston Galloway,32.4,96.3,97.3,97.3,105.9,106.6,106.6,-9.6,-9.4,-9.4,0.175,2.46,19.9,0.024,0.108,0.065,8.1,8.1,0.46,0.489,0.187,0.19,94.46,93.65,78.04,93.65,0.082,2841,4.5,11.4
203580,Larry Drew II,Larry,1610612755,PHI,25.0,12,4,8,0.333,219.10666666666663,20,58,0.345,4,26,0.154,2,3,0.667,1,14,15,45,25,6,0,0,13,18,46,-73,124.5,0,0,122.0,1,2014-15,Larry Drew II,18.3,87.4,87.0,87.0,106.2,104.1,104.1,-18.7,-17.1,-17.1,0.381,1.8,34.9,0.004,0.069,0.034,19.4,19.3,0.379,0.388,0.168,0.173,94.81,95.95,79.96,95.95,0.052,439,1.7,4.8
202336,Larry Sanders,Larry,1610612749,MIL,26.0,27,12,15,0.444,585.5616666666666,86,172,0.5,0,0,0.0,24,48,0.5,67,99,166,23,28,26,39,17,104,37,196,-90,596.7,0,0,515.0,1,2014-15,Larry Sanders,21.7,95.1,96.3,96.3,100.7,101.3,101.3,-5.6,-5.0,-5.0,0.065,0.82,9.4,0.113,0.163,0.138,11.5,11.5,0.5,0.507,0.166,0.168,98.55,97.59,81.32,97.59,0.084,1175,3.2,6.4
202730,Lavoy Allen,Lavoy,1610612754,IND,26.0,63,29,34,0.46,1070.0483333333334,141,299,0.472,0,0,0.0,33,47,0.702,123,200,323,73,40,15,42,10,102,51,315,88,943.1,4,0,825.0,1,2014-15,Lavoy Allen,17.0,103.2,103.4,103.4,99.9,99.3,99.3,3.3,4.1,4.1,0.107,1.83,16.8,0.108,0.187,0.146,9.2,9.2,0.472,0.493,0.147,0.15,94.82,94.94,79.12,94.94,0.107,2117,2.2,4.7
2544,LeBron James,LeBron,1610612739,CLE,30.0,69,50,19,0.725,2493.4216666666666,624,1279,0.488,120,339,0.354,375,528,0.71,51,365,416,511,272,109,49,48,135,412,1743,541,3210.7,22,2,3106.0,1,2014-15,LeBron James,36.1,112.2,113.8,113.8,102.4,102.8,102.8,9.8,10.9,10.9,0.366,1.88,22.4,0.022,0.147,0.086,11.9,11.9,0.535,0.577,0.318,0.324,94.92,94.06,78.38,94.06,0.171,4889,9.0,18.5
2571,Leandro Barbosa,Leandro,1610612744,GSW,32.0,66,54,12,0.818,982.1566666666666,183,386,0.474,43,112,0.384,58,74,0.784,23,68,91,99,44,41,8,16,87,60,467,-5,827.7,0,0,798.0,1,2014-15,Leandro Barbosa,14.9,103.8,102.3,102.3,101.7,101.7,101.7,2.1,0.6,0.6,0.162,2.25,17.6,0.023,0.066,0.044,7.8,7.8,0.53,0.558,0.2,0.206,99.64,100.33,83.61,100.33,0.096,2045,2.8,5.8
201991,Lester Hudson,Lester,1610612746,LAC,30.0,5,5,0,1.0,55.553333333333335,6,14,0.429,3,6,0.5,3,4,0.75,1,7,8,5,3,6,1,1,4,3,18,-6,53.1,0,0,48.0,1,2014-15,Lester Hudson,11.1,94.4,92.7,92.7,97.8,100.9,100.9,-3.4,-8.2,-8.2,0.172,1.67,20.8,0.019,0.121,0.073,12.5,12.6,0.536,0.571,0.157,0.162,94.35,93.75,78.12,93.75,0.146,110,1.2,2.8
203485,Lorenzo Brown,Lorenzo,1610612750,MIN,24.0,29,6,23,0.207,548.6133333333333,52,122,0.426,6,28,0.214,12,19,0.632,14,56,70,90,30,28,6,9,49,18,122,-94,413.0,0,0,356.0,1,2014-15,Lorenzo Brown,18.9,104.2,104.3,104.3,112.0,111.5,111.5,-7.9,-7.2,-7.2,0.257,3.0,35.9,0.028,0.111,0.07,12.0,12.0,0.451,0.468,0.133,0.136,94.36,94.54,78.78,94.54,0.076,1073,1.8,4.2
200811,Lou Amundson,Lou,1610612752,NYK,32.0,53,17,36,0.321,937.2516666666668,109,255,0.427,0,1,0.0,41,87,0.471,94,174,268,70,62,22,52,27,126,80,259,-148,845.6,3,0,745.0,2,2014-15,Lou Amundson,17.7,96.7,96.7,96.7,103.6,103.6,103.6,-6.9,-7.0,-7.0,0.118,1.13,16.4,0.098,0.188,0.143,14.5,14.6,0.427,0.442,0.173,0.175,94.03,94.03,78.36,94.03,0.07,1826,2.1,4.8
101150,Lou Williams,Lou,1610612761,TOR,28.0,80,48,32,0.6,2015.515,375,928,0.404,152,447,0.34,340,395,0.861,24,127,151,164,101,88,10,45,103,256,1242,298,1862.2,0,0,1905.0,1,2014-15,Lou Williams,25.2,111.4,111.9,111.9,104.6,105.3,105.3,6.8,6.6,6.6,0.136,1.62,12.1,0.012,0.064,0.038,7.5,7.4,0.486,0.564,0.257,0.267,96.39,95.84,79.87,95.84,0.117,4039,4.7,11.6
201601,Luc Mbah a Moute,Luc,1610612755,PHI,28.0,67,16,51,0.239,1916.3766666666668,251,636,0.395,62,202,0.307,96,163,0.589,82,246,328,106,99,81,21,53,104,130,660,-365,1419.6,4,0,1360.0,1,2014-15,Luc Mbah a Moute,28.6,91.3,91.8,91.8,100.6,101.3,101.3,-9.3,-9.5,-9.5,0.101,1.07,11.6,0.039,0.128,0.082,10.8,10.8,0.443,0.466,0.185,0.188,96.7,96.03,80.03,96.03,0.081,3833,3.7,9.5
203512,Lucas Nogueira,Lucas,1610612761,TOR,22.0,6,3,3,0.5,23.05,2,8,0.25,0,0,0.0,2,4,0.5,2,9,11,1,2,2,0,0,6,2,6,-11,24.7,0,0,22.0,1,2014-15,Lucas Nogueira,3.8,93.3,86.3,86.3,114.0,112.2,112.2,-20.7,-26.0,-26.0,0.071,0.5,7.7,0.063,0.0,0.0,15.4,15.7,0.25,0.307,0.188,0.199,99.33,104.12,86.77,104.12,0.036,51,0.3,1.3
2449,Luis Scola,Luis,1610612754,IND,35.0,81,37,44,0.457,1659.0633333333333,300,642,0.467,5,20,0.25,158,226,0.699,138,388,526,105,94,47,18,45,192,215,763,36,1652.7,9,0,1529.0,1,2014-15,Luis Scola,20.5,100.3,101.4,101.4,100.4,100.5,100.5,-0.1,0.9,0.9,0.11,1.12,11.2,0.081,0.232,0.156,10.0,10.0,0.471,0.515,0.221,0.225,96.69,96.1,80.08,96.1,0.13,3325,3.7,7.9
202337,Luke Babbitt,Luke,1610612740,NOP,26.0,63,34,29,0.54,829.5733333333334,92,192,0.479,59,115,0.513,13,19,0.684,12,99,111,24,26,17,11,11,63,19,256,-102,483.2,0,0,506.0,1,2014-15,Luke Babbitt,13.2,101.9,101.3,101.3,106.9,107.5,107.5,-5.1,-6.2,-6.2,0.044,0.92,9.6,0.015,0.117,0.067,10.4,10.4,0.633,0.639,0.122,0.125,95.64,95.67,79.73,95.67,0.072,1654,1.5,3.0
2557,Luke Ridnour,Luke,1610612753,ORL,34.0,47,13,34,0.277,682.925,75,176,0.426,20,63,0.317,18,21,0.857,8,60,68,96,38,20,4,3,67,47,188,-129,447.6,0,0,420.0,1,2014-15,Luke Ridnour,14.5,96.5,95.3,95.3,106.3,105.6,105.6,-9.8,-10.3,-10.3,0.22,2.53,30.1,0.012,0.088,0.05,11.9,11.9,0.483,0.507,0.145,0.149,96.24,97.17,80.98,97.17,0.073,1389,1.6,3.7
2736,Luol Deng,Luol,1610612748,MIA,30.0,72,33,39,0.458,2420.556666666667,369,787,0.469,78,220,0.355,191,251,0.761,103,273,376,139,108,65,22,42,109,195,1007,-9,1819.7,5,0,1774.0,1,2014-15,Luol Deng,33.6,105.2,106.3,106.3,105.1,107.0,107.0,0.1,-0.7,-0.7,0.094,1.29,12.1,0.046,0.115,0.082,9.4,9.4,0.518,0.561,0.192,0.194,93.52,92.21,76.84,92.21,0.103,4661,5.1,10.9
202723,Malcolm Lee,Malcolm,1610612755,PHI,25.0,1,0,1,0.0,2.0166666666666666,0,1,0.0,0,0,0.0,0,0,0.0,0,0,0,0,0,0,0,0,0,0,0,3,0.0,0,0,0.0,1,2014-15,Malcolm Lee,2.0,166.7,140.0,140.0,100.0,80.0,80.0,66.7,60.0,60.0,0.0,0.0,0.0,0.0,0.0,0.0,0.0,0.0,0.0,0.0,0.167,0.192,97.59,119.01,99.17,119.01,-0.1,5,0.0,1.0
202952,Malcolm Thomas,Malcolm,1610612755,PHI,26.0,17,2,15,0.118,194.28,18,40,0.45,0,7,0.0,9,13,0.692,16,40,56,7,13,3,1,5,17,12,45,-109,121.7,0,0,116.0,1,2014-15,Malcolm Thomas,11.4,85.1,85.2,85.2,113.3,110.7,110.7,-28.2,-25.5,-25.5,0.065,0.54,10.6,0.075,0.211,0.139,19.7,19.8,0.45,0.492,0.126,0.127,102.38,103.52,86.27,103.52,0.071,418,1.1,2.4
1938,Manu Ginobili,Manu,1610612759,SAS,37.0,70,47,23,0.671,1586.868333333333,251,589,0.426,89,258,0.345,147,204,0.721,28,183,211,293,154,67,20,37,138,223,738,315,1537.7,3,0,1505.0,1,2014-15,Manu Ginobili,22.7,106.3,106.1,106.1,96.7,96.4,96.4,9.6,9.8,9.8,0.29,1.9,26.0,0.018,0.113,0.067,13.7,13.7,0.502,0.544,0.231,0.235,97.02,97.29,81.08,97.29,0.113,3217,3.6,8.4
201188,Marc Gasol,Marc,1610612763,MEM,30.0,81,55,26,0.679,2687.03,530,1072,0.494,3,17,0.176,350,440,0.795,115,515,630,307,176,70,131,51,208,404,1413,225,3056.5,20,0,2755.0,1,2014-15,Marc Gasol,33.2,105.3,106.6,106.6,101.9,102.7,102.7,3.4,3.9,3.9,0.193,1.74,17.6,0.046,0.199,0.123,10.1,10.1,0.496,0.558,0.245,0.247,94.05,93.11,77.59,93.11,0.151,5224,6.5,13.2
101162,Marcin Gortat,Marcin,1610612764,WAS,31.0,82,46,36,0.561,2452.7166666666667,439,775,0.566,0,3,0.0,123,175,0.703,180,537,717,97,100,49,110,50,191,166,1001,256,2383.9,22,0,2133.0,1,2014-15,Marcin Gortat,29.9,103.5,104.2,104.2,97.5,99.1,99.1,6.0,5.1,5.1,0.062,0.97,9.2,0.076,0.209,0.145,9.5,9.5,0.566,0.587,0.173,0.175,97.03,95.91,79.93,95.91,0.133,4904,5.4,9.5
201158,Marco Belinelli,Marco,1610612759,SAS,29.0,62,41,21,0.661,1388.3433333333332,199,470,0.423,86,230,0.374,84,99,0.848,26,131,157,94,61,31,3,9,85,91,568,0,938.4,0,0,973.0,1,2014-15,Marco Belinelli,22.4,105.1,105.3,105.3,105.1,104.8,104.8,0.1,0.5,0.5,0.105,1.54,14.1,0.02,0.095,0.058,9.2,9.1,0.515,0.553,0.186,0.19,95.6,95.65,79.71,95.65,0.082,2760,3.2,7.6
202694,Marcus Morris Sr.,Marcus,1610612756,PHX,25.0,81,39,42,0.481,2045.003333333333,331,763,0.434,112,313,0.358,71,113,0.628,73,312,385,133,73,63,16,25,188,114,845,-61,1670.5,5,0,1633.0,1,2014-15,Marcus Morris Sr.,25.2,104.2,104.6,104.6,105.9,106.0,106.0,-1.7,-1.3,-1.3,0.1,1.82,13.0,0.035,0.151,0.092,7.2,7.2,0.507,0.52,0.188,0.19,98.62,98.36,81.97,98.36,0.091,4188,4.1,9.4
203935,Marcus Smart,Marcus,1610612738,BOS,21.0,67,35,32,0.522,1808.2266666666667,175,477,0.367,91,272,0.335,82,127,0.646,61,161,222,208,90,99,18,23,176,157,523,56,1362.4,0,0,1278.0,1,2014-15,Marcus Smart,27.0,103.7,104.7,104.7,101.3,101.4,101.4,2.4,3.4,3.4,0.161,2.31,25.1,0.032,0.089,0.06,10.9,10.8,0.462,0.491,0.149,0.152,97.85,97.36,81.13,97.36,0.066,3635,2.6,7.1
201977,Marcus Thornton,Marcus,1610612756,PHX,28.0,48,19,29,0.396,720.5916666666667,140,345,0.406,54,143,0.378,46,56,0.821,23,63,86,36,27,27,7,24,38,41,380,-4,612.2,0,0,624.0,2,2014-15,Marcus Thornton,15.0,99.2,100.1,100.1,102.2,101.7,101.7,-3.0,-1.6,-1.6,0.087,1.33,8.4,0.029,0.087,0.057,6.3,6.2,0.484,0.514,0.228,0.236,97.97,97.75,81.46,97.75,0.102,1477,2.9,7.2
201596,Mario Chalmers,Mario,1610612748,MIA,29.0,80,36,44,0.45,2368.358333333333,267,663,0.403,73,248,0.294,206,266,0.774,24,182,206,307,173,122,10,42,251,280,813,-145,1743.7,4,0,1663.0,1,2014-15,Mario Chalmers,29.6,99.7,100.4,100.4,102.8,104.0,104.0,-3.1,-3.6,-3.6,0.216,1.77,24.5,0.011,0.08,0.046,13.8,13.7,0.458,0.521,0.183,0.188,93.86,93.0,77.5,93.0,0.076,4599,3.3,8.3
203900,Markel Brown,Markel,1610612751,BKN,23.0,47,23,24,0.489,781.4166666666666,76,210,0.362,17,64,0.266,47,57,0.825,16,91,107,39,27,31,12,13,57,60,216,-23,504.9,1,0,465.0,1,2014-15,Markel Brown,16.6,105.3,104.8,104.8,105.9,106.4,106.4,-0.6,-1.5,-1.5,0.07,1.44,12.9,0.02,0.12,0.069,8.9,9.0,0.402,0.459,0.147,0.149,96.28,96.29,80.24,96.29,0.055,1568,1.6,4.5
202693,Markieff Morris,Markieff,1610612756,PHX,25.0,82,39,43,0.476,2580.688333333333,512,1100,0.465,57,179,0.318,177,232,0.763,110,396,506,192,170,101,39,42,245,224,1258,105,2403.2,12,0,2293.0,1,2014-15,Markieff Morris,31.5,103.6,104.6,104.6,101.4,102.6,102.6,2.2,2.0,2.0,0.12,1.13,12.3,0.043,0.149,0.097,10.9,10.9,0.491,0.523,0.232,0.234,98.6,97.62,81.35,97.62,0.107,5249,6.2,13.4
201578,Marreese Speights,Marreese,1610612744,GSW,27.0,76,62,14,0.816,1206.9533333333334,318,646,0.492,5,18,0.278,150,178,0.843,109,216,325,72,82,20,34,25,189,166,791,180,1369.0,1,0,1301.0,1,2014-15,Marreese Speights,15.9,109.2,108.7,108.7,101.0,101.2,101.2,8.2,7.4,7.4,0.098,0.88,8.2,0.091,0.168,0.131,9.3,9.3,0.496,0.546,0.281,0.287,102.1,102.27,85.22,102.27,0.117,2566,4.2,8.5
101110,Martell Webster,Martell,1610612764,WAS,28.0,32,12,20,0.375,351.62833333333333,24,91,0.264,10,43,0.233,48,64,0.75,10,36,46,17,22,7,1,2,24,39,106,-135,188.7,0,0,195.0,1,2014-15,Martell Webster,11.0,90.5,89.0,89.0,109.4,108.6,108.6,-19.0,-19.7,-19.7,0.081,0.77,10.7,0.028,0.099,0.064,13.8,13.9,0.319,0.445,0.174,0.179,97.33,98.49,82.08,98.49,0.037,725,0.8,2.8
101107,Marvin Williams,Marvin,1610612766,CHA,29.0,78,32,46,0.41,2034.6916666666664,210,495,0.424,95,265,0.358,62,87,0.713,58,328,386,100,60,69,36,12,146,81,577,-157,1445.2,1,0,1368.0,1,2014-15,Marvin Williams,26.1,97.9,98.2,98.2,102.2,102.7,102.7,-4.3,-4.5,-4.5,0.078,1.67,14.4,0.027,0.161,0.092,8.6,8.7,0.52,0.541,0.131,0.134,95.86,95.51,79.59,95.51,0.088,4062,2.7,6.3
203486,Mason Plumlee,Mason,1610612751,BKN,25.0,82,38,44,0.463,1742.62,280,489,0.573,0,3,0.0,157,317,0.495,175,337,512,74,106,65,63,59,207,252,717,-180,1720.4,12,0,1559.0,1,2014-15,Mason Plumlee,21.3,101.6,102.0,102.0,107.2,106.6,106.6,-5.6,-4.6,-4.6,0.069,0.7,9.1,0.103,0.198,0.151,13.1,13.1,0.573,0.57,0.192,0.195,93.73,93.76,78.14,93.76,0.104,3393,3.4,6.0
2440,Matt Barnes,Matt,1610612746,LAC,35.0,76,51,25,0.671,2271.2233333333334,277,624,0.444,136,376,0.362,74,95,0.779,51,251,302,114,87,67,50,27,240,90,764,524,1561.4,1,0,1550.0,1,2014-15,Matt Barnes,29.9,114.1,115.2,115.2,102.2,103.3,103.3,12.0,11.9,11.9,0.067,1.31,13.1,0.023,0.108,0.067,10.0,10.0,0.553,0.574,0.145,0.147,97.62,96.64,80.53,96.64,0.064,4563,3.6,8.2
2588,Matt Bonner,Matt,1610612759,SAS,35.0,72,49,23,0.681,935.465,94,230,0.409,46,126,0.365,30,37,0.811,29,86,115,47,11,10,12,8,65,24,264,39,527.5,0,0,516.0,1,2014-15,Matt Bonner,13.0,104.5,103.9,103.9,103.5,102.4,102.4,1.1,1.5,1.5,0.074,4.27,15.5,0.031,0.093,0.062,3.6,3.6,0.509,0.536,0.123,0.126,94.81,95.57,79.64,95.57,0.063,1868,1.3,3.2
203521,Matthew Dellavedova,Matthew,1610612739,CLE,24.0,67,43,24,0.642,1380.2333333333331,111,307,0.362,68,167,0.407,29,38,0.763,37,89,126,204,61,24,2,20,152,68,319,38,793.2,2,0,769.0,1,2014-15,Matthew Dellavedova,20.6,104.5,104.7,104.7,103.9,103.0,103.0,0.6,1.7,1.7,0.228,3.34,34.5,0.026,0.066,0.046,10.3,10.4,0.472,0.493,0.125,0.127,93.1,93.43,77.86,93.43,0.052,2683,1.7,4.6
203090,Maurice Harkless,Maurice,1610612753,ORL,22.0,45,9,36,0.2,674.2233333333334,63,158,0.399,10,56,0.179,22,41,0.537,38,68,106,25,27,32,9,8,66,35,158,-88,418.7,0,0,381.0,1,2014-15,Maurice Harkless,15.0,96.6,95.7,95.7,101.5,102.1,102.1,-5.0,-6.5,-6.5,0.056,0.93,11.0,0.055,0.104,0.079,11.9,11.8,0.43,0.449,0.13,0.134,96.95,97.11,80.92,97.11,0.046,1364,1.4,3.5
203086,Meyers Leonard,Meyers,1610612757,POR,23.0,55,32,23,0.582,846.585,125,245,0.51,47,112,0.42,30,32,0.938,46,204,250,32,39,10,14,6,113,57,327,19,708.0,3,0,704.0,1,2014-15,Meyers Leonard,15.4,100.6,99.9,99.9,99.6,99.3,99.3,1.0,0.6,0.6,0.063,0.82,9.8,0.055,0.22,0.141,11.9,11.8,0.606,0.631,0.157,0.162,95.83,96.27,80.23,96.27,0.116,1702,2.3,4.5
201563,Michael Beasley,Michael,1610612748,MIA,26.0,24,11,13,0.458,504.805,92,212,0.434,8,34,0.235,20,26,0.769,12,77,89,32,37,15,13,12,66,34,212,3,413.8,1,0,397.0,1,2014-15,Michael Beasley,21.0,97.4,98.2,98.2,96.7,97.2,97.2,0.7,1.0,1.0,0.113,0.86,11.0,0.025,0.148,0.089,12.7,12.7,0.453,0.474,0.236,0.24,96.05,95.42,79.52,95.42,0.078,1000,3.8,8.8
203487,Michael Carter-Williams,Michael,1610612749,MIL,23.0,66,21,45,0.318,2149.943333333333,364,919,0.396,36,153,0.235,202,291,0.694,64,289,353,442,253,111,30,71,167,275,966,-165,2222.6,11,3,2079.0,2,2014-15,Michael Carter-Williams,32.6,94.6,95.2,95.2,98.3,99.0,99.0,-3.7,-3.7,-3.7,0.374,1.75,25.3,0.029,0.134,0.08,14.5,14.5,0.416,0.461,0.264,0.268,97.17,96.54,80.45,96.54,0.115,4322,5.5,13.9
203077,Michael Kidd-Gilchrist,Michael,1610612766,CHA,21.0,55,27,28,0.491,1587.37,224,482,0.465,0,0,0.0,150,214,0.701,109,307,416,77,63,30,38,63,115,170,598,73,1353.7,12,0,1227.0,1,2014-15,Michael Kidd-Gilchrist,28.9,99.3,100.5,100.5,96.3,97.4,97.4,3.0,3.1,3.1,0.078,1.22,10.7,0.066,0.191,0.128,8.8,8.8,0.465,0.519,0.179,0.183,95.65,94.57,78.81,94.57,0.11,3115,4.1,8.8
201144,Mike Conley,Mike,1610612763,MEM,27.0,70,47,23,0.671,2224.985,393,882,0.446,107,277,0.386,214,249,0.859,29,180,209,375,156,89,14,50,139,229,1107,216,2073.3,6,0,2004.0,1,2014-15,Mike Conley,31.8,105.3,106.6,106.6,101.5,101.7,101.7,3.8,4.9,4.9,0.278,2.4,24.7,0.014,0.084,0.049,10.3,10.2,0.506,0.558,0.233,0.237,94.06,93.34,77.78,93.34,0.124,4329,5.6,12.6
2399,Mike Dunleavy,Mike,1610612741,CHI,34.0,63,41,22,0.651,1837.7966666666664,209,481,0.435,107,263,0.407,70,87,0.805,28,220,248,114,60,39,21,15,123,75,595,209,1183.6,0,0,1184.0,1,2014-15,Mike Dunleavy,29.2,105.8,106.9,106.9,100.4,101.5,101.5,5.4,5.4,5.4,0.094,1.9,16.5,0.015,0.112,0.065,8.7,8.7,0.546,0.573,0.14,0.143,94.6,93.56,77.96,93.56,0.081,3590,3.3,7.6
2034,Mike Miller,Mike,1610612739,CLE,35.0,52,31,21,0.596,701.18,37,114,0.325,32,98,0.327,3,4,0.75,4,87,91,46,23,14,4,3,74,7,109,-71,318.2,0,0,314.0,1,2014-15,Mike Miller,13.5,99.0,98.8,98.8,104.7,103.8,103.8,-5.7,-5.0,-5.0,0.101,2.0,24.9,0.006,0.123,0.064,12.4,12.4,0.465,0.471,0.089,0.091,94.68,95.19,79.32,95.19,0.037,1390,0.7,2.2
203488,Mike Muscala,Mike,1610612737,ATL,23.0,40,26,14,0.65,502.14,83,151,0.55,9,22,0.409,22,25,0.88,52,67,119,25,21,16,19,8,52,31,197,54,461.3,1,0,420.0,1,2014-15,Mike Muscala,12.6,103.7,103.6,103.6,98.3,98.8,98.8,5.4,4.8,4.8,0.08,1.19,12.0,0.106,0.129,0.118,10.1,10.1,0.579,0.608,0.16,0.165,95.53,95.3,79.42,95.3,0.11,1000,2.1,3.8
203118,Mike Scott,Mike,1610612737,ATL,26.0,68,52,16,0.765,1123.0566666666666,201,453,0.444,66,192,0.344,61,77,0.792,45,154,199,75,39,25,3,16,83,69,529,22,925.3,0,0,925.0,1,2014-15,Mike Scott,16.5,103.1,101.9,101.9,102.1,100.9,100.9,1.0,1.0,1.0,0.115,1.92,12.5,0.042,0.133,0.089,6.5,6.5,0.517,0.543,0.213,0.22,94.45,95.55,79.62,95.55,0.104,2235,3.0,6.7
203101,Miles Plumlee,Miles,1610612749,MIL,26.0,73,34,39,0.466,1194.236666666667,136,254,0.535,0,0,0.0,22,46,0.478,112,208,320,34,51,41,66,20,111,51,294,0,999.0,1,0,862.0,2,2014-15,Miles Plumlee,16.4,105.5,105.5,105.5,105.3,104.8,104.8,0.2,0.6,0.6,0.041,0.67,9.4,0.096,0.177,0.137,14.2,14.2,0.535,0.536,0.12,0.122,96.57,96.78,80.65,96.78,0.084,2401,1.9,3.5
203545,Miroslav Raduljica,Miroslav,1610612750,MIN,27.0,5,0,5,0.0,22.75,3,8,0.375,0,0,0.0,2,2,1.0,2,3,5,0,2,1,0,1,8,2,8,-3,15.0,0,0,15.0,1,2014-15,Miroslav Raduljica,4.6,104.0,104.3,104.3,111.0,104.1,104.1,-7.0,0.3,0.3,0.0,0.0,0.0,0.087,0.167,0.122,18.2,18.4,0.375,0.45,0.216,0.217,97.18,100.22,83.52,100.22,-0.024,46,0.6,1.6
203141,Mirza Teletovic,Mirza,1610612751,BKN,29.0,40,16,24,0.4,892.3683333333333,122,319,0.382,62,193,0.321,33,46,0.717,27,167,194,46,53,14,16,10,74,51,339,-10,677.8,1,0,701.0,1,2014-15,Mirza Teletovic,22.3,97.9,98.6,98.6,99.7,99.8,99.8,-1.8,-1.2,-1.2,0.087,0.87,10.5,0.03,0.175,0.104,12.1,12.1,0.48,0.5,0.197,0.2,95.3,94.91,79.09,94.91,0.088,1770,3.1,8.0
203956,Mitch McGary,Mitch,1610612760,OKC,23.0,32,20,12,0.625,484.935,88,165,0.533,0,2,0.0,25,40,0.625,53,112,165,14,31,16,16,12,72,30,201,47,485.0,3,0,444.0,1,2014-15,Mitch McGary,15.2,106.9,106.4,106.4,102.8,100.8,100.8,4.0,5.6,5.6,0.043,0.45,6.2,0.105,0.218,0.162,13.7,13.6,0.533,0.55,0.18,0.186,100.21,101.46,84.55,101.46,0.104,1020,2.8,5.2
2590,Mo Williams,Mo,1610612766,CHA,32.0,68,20,48,0.294,1980.1666666666667,341,860,0.397,119,348,0.342,163,187,0.872,22,152,174,424,172,46,14,20,162,145,964,-100,1816.8,13,0,1801.0,2,2014-15,Mo Williams,29.1,100.9,102.1,102.1,104.4,105.2,105.2,-3.5,-3.1,-3.1,0.358,2.47,27.7,0.011,0.078,0.043,11.2,11.2,0.466,0.512,0.243,0.248,96.89,95.97,79.97,95.97,0.105,3970,5.0,12.6
101145,Monta Ellis,Monta,1610612742,DAL,29.0,80,50,30,0.625,2699.245,602,1354,0.445,81,284,0.285,228,303,0.752,34,156,190,329,198,148,25,36,197,288,1513,213,2555.5,3,0,2459.0,1,2014-15,Monta Ellis,33.7,107.6,108.4,108.4,103.4,104.5,104.5,4.2,3.9,3.9,0.2,1.66,16.3,0.013,0.056,0.035,9.8,9.8,0.475,0.509,0.273,0.277,98.55,97.69,81.41,97.69,0.097,5494,7.5,16.9
101126,Nate Robinson,Nate,1610612743,DEN,31.0,42,22,20,0.524,590.9333333333333,88,255,0.345,31,112,0.277,31,46,0.674,17,33,50,97,30,20,3,7,76,42,238,-126,482.5,0,0,462.0,2,2014-15,Nate Robinson,14.1,94.7,93.6,93.6,102.9,103.7,103.7,-8.1,-10.1,-10.1,0.303,3.23,24.4,0.027,0.052,0.04,7.5,7.5,0.406,0.432,0.225,0.235,96.56,96.74,80.62,96.74,0.063,1188,2.1,6.1
203489,Nate Wolters,Nate,1610612749,MIL,24.0,21,14,7,0.667,246.6783333333333,20,57,0.351,0,7,0.0,2,6,0.333,8,26,34,21,13,8,2,4,18,14,42,-12,131.3,0,0,117.0,2,2014-15,Nate Wolters,11.7,95.6,96.5,96.5,99.0,97.1,97.1,-3.4,-0.7,-0.7,0.127,1.62,22.6,0.032,0.101,0.067,14.0,13.9,0.351,0.352,0.131,0.134,93.61,94.08,78.4,94.08,0.04,479,1.0,2.7
1737,Nazr Mohammed,Nazr,1610612741,CHI,37.0,23,13,10,0.565,128.04333333333332,13,30,0.433,0,0,0.0,1,3,0.333,11,27,38,3,7,4,5,3,16,3,27,10,97.1,0,0,86.0,1,2014-15,Nazr Mohammed,5.6,101.7,100.0,100.0,100.1,95.7,95.7,1.6,4.3,4.3,0.038,0.43,7.3,0.087,0.209,0.148,17.1,16.9,0.433,0.431,0.131,0.138,93.22,96.15,80.13,96.15,0.064,256,0.6,1.3
2403,Nene,ene,1610612764,WAS,32.0,67,37,30,0.552,1693.4733333333334,307,601,0.511,1,5,0.2,122,202,0.604,84,261,345,123,124,66,22,39,180,223,737,165,1475.5,2,0,1382.0,1,2014-15,Nene,25.3,103.7,103.7,103.7,97.8,99.0,99.0,5.9,4.7,4.7,0.117,0.99,13.2,0.053,0.153,0.105,13.3,13.2,0.512,0.534,0.215,0.219,96.1,95.51,79.59,95.51,0.097,3373,4.6,9.0
203457,Nerlens Noel,Nerlens,1610612755,PHI,21.0,75,18,57,0.24,2311.2366666666667,302,653,0.462,0,0,0.0,140,230,0.609,185,426,611,128,146,133,142,39,208,223,744,-432,2348.2,18,0,2033.0,1,2014-15,Nerlens Noel,30.8,91.3,91.8,91.8,100.4,100.9,100.9,-9.1,-9.1,-9.1,0.099,0.88,12.4,0.074,0.184,0.127,14.2,14.2,0.462,0.493,0.17,0.173,97.44,96.94,80.78,96.94,0.108,4663,4.0,8.7
201979,Nick Calathes,Nick,1610612763,MEM,26.0,58,36,22,0.621,837.9366666666666,104,247,0.421,11,43,0.256,24,45,0.533,19,87,106,146,61,63,5,22,100,45,243,86,732.2,0,0,642.0,1,2014-15,Nick Calathes,14.4,98.0,97.6,97.6,92.2,91.2,91.2,5.9,6.4,6.4,0.274,2.39,30.9,0.022,0.101,0.061,12.9,12.9,0.443,0.455,0.171,0.177,94.66,95.32,79.43,95.32,0.094,1653,1.8,4.3
2555,Nick Collison,Nick,1610612760,OKC,34.0,66,38,28,0.576,1100.7333333333331,106,253,0.419,16,60,0.267,45,65,0.692,90,160,250,90,45,35,25,12,156,80,273,84,843.0,0,0,749.0,1,2014-15,Nick Collison,16.7,102.9,102.7,102.7,100.3,99.0,99.0,2.6,3.7,3.7,0.12,2.0,21.7,0.076,0.14,0.107,10.8,10.8,0.451,0.485,0.126,0.13,96.76,97.48,81.24,97.48,0.07,2236,1.6,3.8
203910,Nick Johnson,Nick,1610612745,HOU,22.0,28,18,10,0.643,262.34833333333336,26,75,0.347,5,21,0.238,17,25,0.68,13,26,39,11,19,7,3,7,34,18,74,-47,148.3,0,0,149.0,1,2014-15,Nick Johnson,9.4,94.2,91.9,91.9,101.4,100.0,100.0,-7.2,-8.1,-8.1,0.069,0.58,9.4,0.045,0.089,0.067,16.2,16.4,0.38,0.43,0.167,0.173,100.11,102.09,85.08,102.09,0.019,557,0.9,2.7
201156,Nick Young,Nick,1610612747,LAL,30.0,42,12,30,0.286,1000.18,174,476,0.366,83,225,0.369,132,148,0.892,17,79,96,41,44,23,11,15,83,102,563,-67,797.7,0,0,851.0,1,2014-15,Nick Young,23.8,102.3,102.3,102.3,105.1,105.8,105.8,-2.8,-3.5,-3.5,0.071,0.93,6.7,0.016,0.077,0.045,7.1,7.0,0.453,0.52,0.248,0.257,97.64,97.28,81.07,97.28,0.083,2029,4.1,11.3
201587,Nicolas Batum,Nicolas,1610612757,POR,26.0,71,43,28,0.606,2380.093333333333,240,600,0.4,100,309,0.324,84,98,0.857,62,354,416,341,132,78,40,14,106,97,664,214,1896.7,5,0,1757.0,1,2014-15,Nicolas Batum,33.5,107.2,108.6,108.6,103.0,104.1,104.1,4.3,4.5,4.5,0.2,2.58,30.6,0.026,0.141,0.085,11.8,11.8,0.483,0.516,0.143,0.145,96.87,95.73,79.78,95.73,0.098,4747,3.4,8.5
203917,Nik Stauskas,Nik,1610612758,SAC,21.0,73,26,47,0.356,1126.52,108,296,0.365,48,149,0.322,55,64,0.859,11,77,88,67,40,20,17,25,92,53,319,-128,596.1,0,0,596.0,1,2014-15,Nik Stauskas,15.4,101.4,102.2,102.2,108.3,108.1,108.1,-7.0,-5.9,-5.9,0.092,1.68,15.5,0.01,0.066,0.038,9.3,9.3,0.446,0.492,0.138,0.141,98.08,97.79,81.49,97.79,0.043,2298,1.5,4.1
202703,Nikola Mirotic,Nikola,1610612741,CHI,24.0,82,50,32,0.61,1654.121666666667,253,624,0.405,99,313,0.316,228,284,0.803,63,341,404,97,89,54,54,36,172,221,833,169,1698.3,8,0,1649.0,1,2014-15,Nikola Mirotic,20.2,105.2,105.4,105.4,99.1,100.4,100.4,6.1,5.0,5.0,0.102,1.09,10.4,0.039,0.193,0.119,9.5,9.5,0.485,0.556,0.225,0.231,95.11,94.41,78.68,94.41,0.131,3256,3.1,7.6
201593,Nikola Pekovic,Nikola,1610612750,MIN,29.0,31,9,22,0.29,815.0616666666666,139,328,0.424,0,0,0.0,108,129,0.837,89,145,234,27,42,19,12,45,59,105,386,-57,758.3,11,0,709.0,1,2014-15,Nikola Pekovic,26.3,100.0,101.7,101.7,105.9,106.1,106.1,-5.9,-4.4,-4.4,0.057,0.64,5.9,0.104,0.181,0.141,9.2,9.3,0.424,0.502,0.224,0.227,96.12,95.23,79.36,95.23,0.112,1624,4.5,10.6
202696,Nikola Vučević,Nikola,1610612753,ORL,24.0,74,21,53,0.284,2528.6633333333334,631,1206,0.523,2,6,0.333,164,218,0.752,238,572,810,147,148,54,54,43,220,212,1428,-302,2796.5,45,0,2603.0,1,2014-15,Nikola Vučević,34.2,100.6,101.3,101.3,106.6,107.5,107.5,-6.0,-6.1,-6.1,0.106,0.99,9.2,0.095,0.236,0.164,9.3,9.3,0.524,0.548,0.254,0.258,96.27,95.5,79.58,95.5,0.146,5034,8.5,16.3
203943,Noah Vonleh,Noah,1610612766,CHA,19.0,25,8,17,0.32,258.51666666666665,30,76,0.395,5,13,0.385,18,26,0.692,28,58,86,4,11,4,9,12,20,24,83,-67,220.2,1,0,204.0,1,2014-15,Noah Vonleh,10.3,89.0,88.8,88.8,102.2,102.2,102.2,-13.2,-13.3,-13.3,0.029,0.36,3.8,0.092,0.227,0.154,10.6,10.7,0.428,0.475,0.167,0.17,94.48,94.6,78.83,94.6,0.105,510,1.2,3.0
202708,Norris Cole,Norris,1610612740,NOP,26.0,75,37,38,0.493,1831.1083333333331,230,558,0.412,55,176,0.313,58,81,0.716,13,146,159,255,99,57,15,27,124,91,573,-185,1263.3,0,0,1186.0,2,2014-15,Norris Cole,24.4,102.1,101.6,101.6,105.5,107.0,107.0,-3.4,-5.3,-5.3,0.229,2.58,26.8,0.008,0.08,0.045,10.4,10.4,0.461,0.483,0.179,0.183,91.7,91.29,76.07,91.29,0.078,3483,3.1,7.4
201564,O.J. Mayo,O.J.,1610612749,MIL,27.0,71,39,32,0.549,1697.365,296,701,0.422,99,277,0.357,115,139,0.827,30,157,187,197,128,57,18,29,165,119,806,-65,1422.9,0,0,1439.0,1,2014-15,O.J. Mayo,23.9,99.5,100.3,100.3,100.1,101.8,101.8,-0.6,-1.5,-1.5,0.194,1.54,18.2,0.019,0.089,0.055,11.8,11.8,0.493,0.529,0.232,0.236,98.2,97.03,80.85,97.03,0.094,3424,4.2,9.9
203136,Ognjen Kuzmic,Ognjen,1610612744,GSW,25.0,16,13,3,0.813,71.73666666666666,8,12,0.667,0,0,0.0,4,4,1.0,7,10,17,6,5,2,1,0,13,2,20,-39,53.4,0,0,49.0,1,2014-15,Ognjen Kuzmic,4.5,85.9,78.6,78.6,111.7,107.2,107.2,-25.8,-28.6,-28.6,0.154,1.2,24.0,0.109,0.115,0.113,20.0,20.2,0.667,0.727,0.109,0.118,97.78,104.38,86.98,104.38,0.085,159,0.5,0.8
201600,Omer Asik,Omer,1610612740,NOP,28.0,76,43,33,0.566,1981.8083333333332,213,412,0.517,0,0,0.0,131,225,0.582,244,504,748,72,95,29,54,89,144,184,557,19,1716.6,13,0,1543.0,1,2014-15,Omer Asik,26.1,103.7,104.8,104.8,103.3,103.8,103.8,0.4,1.0,1.0,0.054,0.76,10.6,0.123,0.26,0.191,14.0,14.0,0.517,0.545,0.138,0.14,93.16,92.41,77.01,92.41,0.109,3807,2.8,5.4
201956,Omri Casspi,Omri,1610612758,SAC,27.0,67,23,44,0.343,1416.381666666667,209,427,0.489,35,87,0.402,140,191,0.733,54,206,260,102,88,31,9,34,107,139,593,-184,1090.0,1,0,1070.0,1,2014-15,Omri Casspi,21.1,101.9,102.3,102.3,107.8,108.2,108.2,-5.8,-6.0,-6.0,0.121,1.16,14.6,0.04,0.14,0.092,12.6,12.6,0.53,0.58,0.182,0.186,98.43,98.06,81.72,98.06,0.101,2888,3.1,6.4
203490,Otto Porter Jr.,Otto,1610612764,WAS,22.0,74,41,33,0.554,1432.055,176,391,0.45,35,104,0.337,58,79,0.734,70,151,221,65,52,44,30,18,97,75,445,-36,977.7,0,0,914.0,1,2014-15,Otto Porter Jr.,19.4,103.0,102.3,102.3,102.5,103.2,103.2,0.6,-0.9,-0.9,0.068,1.25,12.0,0.051,0.103,0.078,9.6,9.6,0.495,0.523,0.147,0.152,94.53,94.52,78.77,94.52,0.08,2815,2.4,5.3
200782,P.J. Tucker,P.J.,1610612756,PHX,30.0,78,36,42,0.462,2383.45,261,596,0.438,87,252,0.345,104,143,0.727,114,388,502,122,96,107,23,32,179,160,713,-49,1792.4,4,0,1684.0,1,2014-15,P.J. Tucker,30.6,102.4,102.6,102.6,102.7,103.8,103.8,-0.3,-1.2,-1.2,0.076,1.27,13.9,0.046,0.157,0.101,10.9,10.9,0.511,0.541,0.138,0.139,98.02,97.4,81.17,97.4,0.093,4841,3.3,7.6
203798,PJ Hairston,PJ,1610612766,CHA,22.0,45,19,26,0.422,687.2733333333333,87,269,0.323,49,163,0.301,31,36,0.861,22,70,92,21,22,21,13,11,61,35,254,-105,475.9,1,0,484.0,1,2014-15,PJ Hairston,15.3,97.3,97.5,97.5,105.3,105.7,105.7,-8.0,-8.1,-8.1,0.051,0.95,6.4,0.028,0.101,0.062,6.7,6.7,0.414,0.446,0.19,0.196,96.78,96.49,80.4,96.49,0.05,1385,1.9,6.0
203143,Pablo Prigioni,Pablo,1610612745,HOU,38.0,67,25,42,0.373,1196.628333333333,91,228,0.399,57,166,0.343,35,41,0.854,30,89,119,171,62,79,1,4,88,63,274,-66,851.3,0,0,781.0,2,2014-15,Pablo Prigioni,17.9,101.7,101.0,101.0,105.5,104.4,104.4,-3.8,-3.3,-3.3,0.213,2.76,35.7,0.025,0.076,0.05,12.9,12.9,0.524,0.557,0.113,0.117,95.21,96.05,80.04,96.05,0.086,2401,1.4,3.4
201976,Patrick Beverley,Patrick,1610612745,HOU,26.0,56,35,21,0.625,1726.6783333333333,204,532,0.383,115,323,0.356,45,60,0.75,67,170,237,192,83,59,23,35,182,78,568,71,1303.4,2,0,1276.0,1,2014-15,Patrick Beverley,30.8,104.5,106.3,106.3,102.2,103.6,103.6,2.2,2.7,2.7,0.171,2.31,23.0,0.038,0.099,0.068,9.9,10.0,0.492,0.509,0.161,0.162,98.66,97.19,80.99,97.19,0.071,3485,3.6,9.5
203565,Patrick Christopher,Patrick,1610612763,MEM,27.0,4,2,2,0.5,28.73333333333333,3,12,0.25,0,4,0.0,0,0,0.0,2,4,6,0,1,1,0,2,6,1,6,-18,15.2,0,0,14.0,1,2014-15,Patrick Christopher,7.2,84.2,80.7,80.7,107.0,108.5,108.5,-22.8,-27.8,-27.8,0.0,0.0,0.0,0.071,0.154,0.111,7.7,7.7,0.25,0.25,0.203,0.211,95.62,96.89,80.74,96.89,-0.04,57,0.8,3.0
202335,Patrick Patterson,Patrick,1610612761,TOR,26.0,81,49,32,0.605,2156.29,240,535,0.449,105,283,0.371,63,80,0.788,127,306,433,155,54,60,44,20,149,82,648,253,1658.1,3,0,1549.0,1,2014-15,Patrick Patterson,26.6,110.6,111.4,111.4,105.3,105.8,105.8,5.3,5.6,5.6,0.108,2.87,19.9,0.057,0.145,0.1,6.9,6.9,0.547,0.568,0.127,0.13,95.39,94.82,79.02,94.82,0.099,4266,3.0,6.6
201988,Patty Mills,Patty,1610612759,SAS,26.0,51,37,14,0.725,801.33,128,336,0.381,62,182,0.341,33,40,0.825,21,54,75,87,35,28,2,12,58,50,351,155,626.5,0,0,635.0,1,2014-15,Patty Mills,15.7,104.7,104.6,104.6,95.8,94.7,94.7,8.9,9.9,9.9,0.172,2.49,18.3,0.025,0.064,0.045,7.4,7.4,0.473,0.496,0.208,0.213,97.78,98.39,81.99,98.39,0.083,1639,2.5,6.6
2200,Pau Gasol,Pau,1610612741,CHI,34.0,78,48,30,0.615,2680.7433333333333,570,1153,0.494,12,26,0.462,294,366,0.803,220,699,919,210,158,25,147,61,147,324,1446,190,3221.8,54,0,2931.0,1,2014-15,Pau Gasol,34.4,104.7,106.1,106.1,101.7,102.9,102.9,3.0,3.2,3.2,0.142,1.33,12.4,0.08,0.237,0.161,9.4,9.4,0.5,0.55,0.242,0.244,96.28,95.1,79.25,95.1,0.169,5322,7.3,14.8
202331,Paul George,Paul,1610612754,IND,25.0,6,5,1,0.833,90.91666666666669,18,49,0.367,9,22,0.409,8,11,0.727,4,18,22,6,12,5,1,0,11,8,53,15,94.4,0,0,102.0,1,2014-15,Paul George,15.2,101.9,101.7,101.7,94.9,92.2,92.2,7.0,9.5,9.5,0.122,0.5,8.3,0.045,0.173,0.115,16.7,16.7,0.459,0.492,0.319,0.327,93.04,94.5,78.75,94.5,0.106,178,3.0,8.2
200794,Paul Millsap,Paul,1610612737,ATL,30.0,73,55,18,0.753,2389.5333333333333,443,930,0.476,77,216,0.356,255,337,0.757,139,431,570,223,166,130,69,65,201,291,1218,408,2667.5,15,0,2486.0,1,2014-15,Paul Millsap,32.7,108.7,110.3,110.3,101.0,102.1,102.1,7.7,8.3,8.3,0.149,1.34,15.2,0.062,0.181,0.123,11.3,11.3,0.518,0.565,0.233,0.235,96.95,95.7,79.75,95.7,0.13,4771,6.1,12.7
1718,Paul Pierce,Paul,1610612764,WAS,37.0,73,40,33,0.548,1913.665,293,656,0.447,118,303,0.389,164,210,0.781,45,249,294,144,92,46,24,32,160,171,868,163,1554.8,2,0,1564.0,1,2014-15,Paul Pierce,26.2,103.6,104.1,104.1,98.6,99.8,99.8,5.0,4.4,4.4,0.115,1.57,14.6,0.024,0.128,0.078,9.3,9.3,0.537,0.58,0.195,0.197,97.71,96.86,80.71,96.86,0.101,3859,4.0,9.0
203544,Pero Antic,Pero,1610612737,ATL,32.0,63,46,17,0.73,1037.2133333333334,108,296,0.365,52,173,0.301,88,123,0.715,58,131,189,49,49,18,14,16,132,123,356,153,703.3,0,0,710.0,1,2014-15,Pero Antic,16.5,105.1,106.2,106.2,99.1,98.3,98.3,6.0,7.9,7.9,0.072,1.0,11.0,0.056,0.127,0.092,11.0,10.9,0.453,0.508,0.167,0.171,98.18,98.11,81.76,98.11,0.053,2113,1.7,4.7
203103,Perry Jones III,Perry,1610612760,OKC,23.0,43,23,20,0.535,631.1616666666666,73,184,0.397,14,60,0.233,24,37,0.649,6,70,76,18,24,17,8,10,50,35,184,-130,353.2,0,0,342.0,1,2014-15,Perry Jones III,14.7,98.1,98.1,98.1,107.4,108.2,108.2,-9.3,-10.2,-10.2,0.046,0.75,7.5,0.009,0.105,0.057,10.0,9.9,0.435,0.459,0.152,0.156,98.25,97.91,81.6,97.91,0.044,1288,1.7,4.3
203515,Phil Pressey,Phil,1610612738,BOS,24.0,50,22,28,0.44,600.1483333333333,64,174,0.368,16,65,0.246,33,49,0.673,13,67,80,117,41,30,6,16,54,56,177,1,515.5,1,0,462.0,1,2014-15,Phil Pressey,12.0,98.0,98.1,98.1,97.2,97.2,97.2,0.8,0.9,0.9,0.3,2.85,32.9,0.02,0.104,0.062,11.5,11.6,0.414,0.453,0.171,0.175,98.27,98.22,81.85,98.22,0.093,1223,1.3,3.5
203112,Quincy Acy,Quincy,1610612752,NYK,24.0,68,12,56,0.176,1287.0816666666667,152,331,0.459,18,60,0.3,76,97,0.784,79,222,301,68,60,27,22,10,147,108,398,-211,948.2,1,0,883.0,1,2014-15,Quincy Acy,18.9,94.4,94.6,94.6,102.4,101.9,101.9,-8.1,-7.3,-7.3,0.091,1.13,13.5,0.059,0.176,0.116,12.0,12.0,0.486,0.533,0.151,0.155,93.7,93.87,78.22,93.87,0.089,2503,2.2,4.9
203113,Quincy Miller,Quincy,1610612765,DET,22.0,10,2,8,0.2,119.73166666666668,9,38,0.237,3,18,0.167,8,11,0.727,4,16,20,8,5,7,5,5,9,7,29,44,96.0,0,0,84.0,2,2014-15,Quincy Miller,12.0,103.6,105.1,105.1,88.0,87.7,87.7,15.5,17.4,17.4,0.092,1.6,14.3,0.03,0.116,0.073,8.9,9.0,0.276,0.338,0.162,0.167,102.02,101.43,84.52,101.43,0.046,253,0.9,3.8
202347,Quincy Pondexter,Quincy,1610612740,NOP,27.0,75,48,27,0.64,1793.4766666666667,188,447,0.421,91,244,0.373,71,96,0.74,53,142,195,94,51,19,24,25,150,89,538,11,991.0,0,0,1004.0,2,2014-15,Quincy Pondexter,23.9,103.3,103.3,103.3,103.2,103.1,103.1,0.1,0.3,0.3,0.08,1.84,14.8,0.03,0.079,0.055,8.1,8.0,0.522,0.55,0.135,0.139,93.39,93.46,77.88,93.46,0.057,3493,2.5,6.0
200765,Rajon Rondo,Rajon,1610612742,DAL,29.0,68,34,34,0.5,2018.8216666666667,275,645,0.426,27,86,0.314,31,78,0.397,73,300,373,538,210,91,7,34,153,112,608,-60,1946.6,15,3,1742.0,2,2014-15,Rajon Rondo,29.7,101.7,101.7,101.7,102.9,102.6,102.6,-1.2,-0.9,-0.9,0.393,2.56,37.7,0.036,0.145,0.091,14.7,14.7,0.447,0.448,0.191,0.194,98.98,99.11,82.59,99.11,0.108,4157,4.0,9.5
201196,Ramon Sessions,Ramon,1610612764,WAS,29.0,64,26,38,0.406,1188.0733333333333,125,334,0.374,19,60,0.317,133,173,0.769,23,121,144,182,86,29,0,22,73,135,402,-162,848.8,0,0,805.0,2,2014-15,Ramon Sessions,18.6,97.2,96.6,96.6,102.8,103.5,103.5,-5.6,-6.9,-6.9,0.258,2.12,26.8,0.02,0.095,0.059,12.6,12.7,0.403,0.49,0.187,0.191,94.82,94.82,79.02,94.82,0.093,2347,2.0,5.2
200751,Randy Foye,Randy,1610612743,DEN,31.0,50,15,35,0.3,1086.48,148,402,0.368,94,263,0.357,45,55,0.818,9,76,85,119,60,34,11,17,97,50,435,-103,790.5,0,0,823.0,1,2014-15,Randy Foye,21.7,101.5,102.0,102.0,106.2,106.5,106.5,-4.7,-4.5,-4.5,0.176,1.98,19.7,0.008,0.071,0.038,9.9,9.9,0.485,0.51,0.19,0.194,99.24,98.85,82.38,98.85,0.066,2236,3.0,8.0
2446,Rasual Butler,Rasual,1610612764,WAS,36.0,75,39,36,0.52,1504.631666666667,218,517,0.422,91,235,0.387,53,67,0.791,27,170,197,63,48,29,22,12,98,51,580,-55,1015.9,0,0,1033.0,1,2014-15,Rasual Butler,20.1,100.4,99.7,99.7,101.9,101.7,101.7,-1.6,-1.9,-1.9,0.067,1.31,9.6,0.018,0.105,0.063,7.3,7.3,0.51,0.531,0.173,0.178,95.3,95.72,79.77,95.72,0.084,3002,2.9,6.9
203492,Ray McCallum,Ray,1610612758,SAC,24.0,68,22,46,0.324,1435.7916666666667,206,470,0.438,34,111,0.306,57,84,0.679,52,128,180,188,85,45,11,36,92,83,503,-240,1084.0,0,0,1017.0,1,2014-15,Ray McCallum,21.1,100.4,101.5,101.5,109.2,109.6,109.6,-8.9,-8.1,-8.1,0.21,2.21,24.0,0.035,0.089,0.061,10.9,10.9,0.474,0.496,0.175,0.178,98.63,97.94,81.61,97.94,0.083,2928,3.0,6.9
101109,Raymond Felton,Raymond,1610612742,DAL,31.0,29,14,15,0.483,281.39,43,106,0.406,10,34,0.294,12,15,0.8,2,24,26,41,18,11,4,7,17,16,108,-20,227.7,0,0,215.0,1,2014-15,Raymond Felton,9.7,98.2,96.2,96.2,101.4,100.5,100.5,-3.3,-4.3,-4.3,0.237,2.28,23.8,0.007,0.08,0.043,10.5,10.5,0.453,0.48,0.199,0.206,97.59,99.02,82.52,99.02,0.092,583,1.5,3.7
203493,Reggie Bullock Jr.,Reggie,1610612756,PHX,24.0,36,19,17,0.528,337.88166666666666,24,70,0.343,15,46,0.326,6,9,0.667,1,49,50,8,8,10,4,3,19,8,69,-4,175.0,0,0,170.0,2,2014-15,Reggie Bullock Jr.,9.4,95.8,95.3,95.3,97.1,94.9,94.9,-1.3,0.4,0.4,0.038,1.0,8.9,0.003,0.14,0.071,8.9,8.9,0.45,0.466,0.111,0.114,94.97,96.39,80.32,96.39,0.055,675,0.7,1.9
2501,Reggie Evans,Reggie,1610612758,SAC,35.0,47,16,31,0.34,763.8416666666667,58,137,0.423,0,2,0.0,60,97,0.619,97,202,299,32,45,22,5,33,91,79,176,-45,618.8,2,0,561.0,1,2014-15,Reggie Evans,16.3,102.2,103.4,103.4,106.7,106.9,106.9,-4.4,-3.5,-3.5,0.065,0.71,12.3,0.124,0.27,0.195,17.3,17.5,0.423,0.49,0.128,0.129,94.49,93.85,78.21,93.85,0.096,1497,1.2,2.9
202704,Reggie Jackson,Reggie,1610612765,DET,25.0,77,37,40,0.481,2268.2433333333333,432,996,0.434,72,241,0.299,181,218,0.83,56,271,327,462,186,62,9,69,167,207,1117,113,2229.4,15,2,2120.0,2,2014-15,Reggie Jackson,29.5,104.4,105.6,105.6,102.8,103.6,103.6,1.6,2.0,2.0,0.333,2.48,26.6,0.023,0.115,0.069,10.7,10.7,0.47,0.511,0.244,0.249,95.56,94.65,78.87,94.65,0.128,4483,5.6,12.9
202130,Reggie Williams,Reggie,1610612759,SAS,28.0,20,15,5,0.75,105.065,15,39,0.385,3,19,0.158,4,4,1.0,5,12,17,10,2,1,0,1,12,3,37,-36,73.4,0,0,69.0,1,2014-15,Reggie Williams,5.3,99.3,92.1,92.1,114.3,113.7,113.7,-15.0,-21.6,-21.6,0.169,5.0,19.2,0.045,0.117,0.08,3.8,3.8,0.423,0.454,0.176,0.192,91.89,95.71,79.76,95.71,0.061,214,0.8,2.0
2210,Richard Jefferson,Richard,1610612742,DAL,35.0,74,46,28,0.622,1244.1483333333333,144,324,0.444,66,155,0.426,78,114,0.684,25,158,183,61,52,32,11,20,115,97,432,11,820.1,2,0,828.0,1,2014-15,Richard Jefferson,16.8,106.0,104.3,104.3,102.5,102.2,102.2,3.5,2.0,2.0,0.073,1.17,12.5,0.02,0.121,0.072,10.6,10.7,0.546,0.577,0.15,0.155,97.84,98.79,82.32,98.79,0.074,2541,1.9,4.4
203495,Ricky Ledo,Ricky,1610612752,NYK,22.0,17,4,13,0.235,244.04166666666663,32,96,0.333,10,27,0.37,16,22,0.727,16,20,36,19,26,6,1,11,21,19,90,-53,156.7,0,0,169.0,2,2014-15,Ricky Ledo,14.4,92.9,94.7,94.7,107.7,105.3,105.3,-14.8,-10.6,-10.6,0.143,0.73,12.6,0.061,0.086,0.073,17.2,17.3,0.385,0.426,0.232,0.236,96.55,96.67,80.56,96.67,0.033,491,1.9,5.6
201937,Ricky Rubio,Ricky,1610612750,MIN,24.0,22,7,15,0.318,692.1266666666667,78,219,0.356,13,51,0.255,57,71,0.803,19,106,125,193,64,38,1,12,59,83,226,-12,718.5,7,1,635.0,1,2014-15,Ricky Rubio,31.5,101.7,102.7,102.7,103.4,104.2,104.2,-1.7,-1.4,-1.4,0.422,3.02,37.9,0.026,0.152,0.087,12.6,12.6,0.386,0.452,0.193,0.196,98.03,97.16,80.97,97.16,0.124,1405,3.5,10.0
203133,Robbie Hummel,Robbie,1610612750,MIN,26.0,45,5,40,0.111,741.79,79,172,0.459,16,51,0.314,24,29,0.828,31,103,134,27,18,16,9,4,86,49,198,-149,456.3,2,0,425.0,1,2014-15,Robbie Hummel,16.5,101.1,102.4,102.4,111.8,111.5,111.5,-10.7,-9.1,-9.1,0.058,1.5,11.7,0.04,0.147,0.091,7.8,7.8,0.506,0.536,0.12,0.121,96.31,95.87,79.89,95.87,0.063,1475,1.8,3.8
203496,Robert Covington,Robert,1610612755,PHI,24.0,70,18,52,0.257,1955.9216666666664,299,756,0.396,167,446,0.374,178,217,0.82,65,251,316,105,128,97,31,32,189,160,943,-146,1735.7,1,0,1787.0,1,2014-15,Robert Covington,27.9,96.1,97.1,97.1,100.5,100.8,100.8,-4.4,-3.7,-3.7,0.095,0.82,9.7,0.03,0.128,0.077,11.9,11.8,0.506,0.554,0.213,0.218,97.5,96.84,80.7,96.84,0.1,3946,4.3,10.8
203135,Robert Sacre,Robert,1610612747,LAL,26.0,67,19,48,0.284,1133.3183333333334,126,306,0.412,0,1,0.0,55,82,0.671,89,144,233,55,36,28,43,13,121,73,307,-67,846.1,0,0,737.0,1,2014-15,Robert Sacre,16.9,100.2,100.2,100.2,102.8,103.0,103.0,-2.6,-2.8,-2.8,0.076,1.53,12.6,0.074,0.127,0.099,8.2,8.3,0.412,0.449,0.149,0.15,95.7,95.66,79.71,95.66,0.062,2257,1.9,4.6
201577,Robin Lopez,Robin,1610612757,POR,27.0,59,38,21,0.644,1637.8583333333331,234,437,0.535,0,1,0.0,98,127,0.772,190,204,394,55,73,16,84,31,122,124,566,146,1348.3,6,0,1215.0,1,2014-15,Robin Lopez,27.8,107.0,107.6,107.6,102.3,103.2,103.2,4.7,4.3,4.3,0.05,0.75,8.9,0.116,0.115,0.116,11.8,11.8,0.535,0.574,0.153,0.156,95.61,94.94,79.12,94.94,0.089,3242,4.0,7.4
203918,Rodney Hood,Rodney,1610612762,UTA,22.0,50,27,23,0.54,1064.38,155,374,0.414,62,170,0.365,61,80,0.763,9,108,117,83,45,30,12,12,119,52,433,59,778.9,0,0,779.0,1,2014-15,Rodney Hood,21.3,102.0,102.6,102.6,98.7,98.8,98.8,3.3,3.8,3.8,0.136,1.84,15.5,0.008,0.101,0.055,8.4,8.4,0.497,0.529,0.192,0.196,92.63,92.31,76.93,92.31,0.08,2038,3.1,7.5
201155,Rodney Stuckey,Rodney,1610612754,IND,29.0,71,34,37,0.479,1873.503333333333,332,754,0.44,55,141,0.39,177,216,0.819,36,212,248,219,118,56,10,48,131,195,896,-19,1602.1,2,0,1550.0,1,2014-15,Rodney Stuckey,26.4,99.6,100.9,100.9,100.2,101.5,101.5,-0.7,-0.6,-0.6,0.2,1.86,18.5,0.019,0.107,0.064,10.0,9.9,0.477,0.528,0.23,0.234,95.78,94.59,78.83,94.59,0.115,3694,4.7,10.6
101179,Ronnie Price,Ronnie,1610612747,LAL,32.0,43,13,30,0.302,982.0733333333334,77,223,0.345,31,109,0.284,36,45,0.8,19,50,69,165,52,67,4,10,118,51,221,-74,712.3,0,0,628.0,1,2014-15,Ronnie Price,22.8,102.7,103.2,103.2,105.7,106.4,106.4,-3.0,-3.3,-3.3,0.244,3.17,35.8,0.018,0.052,0.035,11.3,11.3,0.415,0.455,0.132,0.134,96.65,96.12,80.1,96.12,0.055,1962,1.8,5.2
101142,Ronny Turiaf,Ronny,1610612750,MIN,32.0,2,0,2,0.0,19.366666666666667,0,0,0.0,0,0,0.0,0,0,0.0,0,1,1,2,0,0,0,0,0,0,0,-8,4.2,0,0,3.0,1,2014-15,Ronny Turiaf,9.7,99.4,95.2,95.2,113.7,111.6,111.6,-14.3,-16.4,-16.4,0.167,0.0,100.0,0.0,0.0,0.0,0.0,0.0,0.0,0.0,0.0,0.0,102.16,105.34,87.78,105.34,0.042,42,0.0,0.0
201579,Roy Hibbert,Roy,1610612754,IND,28.0,76,34,42,0.447,1926.425,317,710,0.446,0,2,0.0,168,204,0.824,156,384,540,84,107,18,125,44,216,246,802,-64,1898.0,18,0,1712.0,1,2014-15,Roy Hibbert,25.3,99.8,101.2,101.2,101.2,102.4,102.4,-1.4,-1.1,-1.1,0.076,0.79,8.4,0.082,0.193,0.139,10.7,10.8,0.446,0.501,0.216,0.217,94.14,92.91,77.43,92.91,0.108,3718,4.2,9.3
200752,Rudy Gay,Rudy,1610612758,SAC,28.0,68,25,43,0.368,2408.248333333333,508,1116,0.455,79,220,0.359,337,393,0.858,98,301,399,250,183,71,41,62,157,262,1432,-107,2438.8,2,0,2384.0,1,2014-15,Rudy Gay,35.4,104.6,106.1,106.1,106.9,108.4,108.4,-2.3,-2.4,-2.4,0.185,1.37,14.6,0.042,0.124,0.084,10.7,10.6,0.491,0.556,0.263,0.268,98.41,97.04,80.86,97.04,0.131,4872,7.5,16.4
203497,Rudy Gobert,Rudy,1610612762,UTA,23.0,82,38,44,0.463,2158.425,258,427,0.604,0,2,0.0,170,273,0.623,265,510,775,109,111,64,189,38,175,231,686,5,2427.5,25,0,2076.0,1,2014-15,Rudy Gobert,26.3,100.0,99.9,99.9,98.8,99.4,99.4,1.2,0.5,0.5,0.087,0.98,14.1,0.123,0.232,0.178,14.4,14.5,0.604,0.627,0.138,0.14,92.55,92.28,76.9,92.28,0.16,4142,3.1,5.2
203893,Russ Smith,Russ,1610612763,MEM,24.0,12,7,5,0.583,65.06666666666666,8,25,0.32,2,11,0.182,12,13,0.923,1,5,6,8,12,3,0,1,13,7,30,22,46.2,0,0,52.0,2,2014-15,Russ Smith,5.4,91.6,94.3,94.3,81.2,78.7,78.7,10.4,15.6,15.6,0.216,0.67,15.7,0.013,0.068,0.039,23.5,23.7,0.36,0.488,0.251,0.251,103.93,104.02,86.68,104.02,0.029,141,0.7,2.1
201566,Russell Westbrook,Russell,1610612760,OKC,26.0,67,40,27,0.597,2301.8233333333333,627,1471,0.426,86,288,0.299,546,654,0.835,124,364,488,574,293,140,14,88,184,443,1886,247,3501.6,31,11,3342.0,1,2014-15,Russell Westbrook,34.4,109.1,111.0,111.0,105.0,106.3,106.3,4.1,4.7,4.7,0.43,1.96,21.9,0.051,0.151,0.101,11.2,11.2,0.455,0.536,0.368,0.372,100.68,99.23,82.69,99.23,0.187,4769,9.4,22.0
201583,Ryan Anderson,Ryan,1610612740,NOP,27.0,61,33,28,0.541,1674.66,291,729,0.399,122,359,0.34,129,151,0.854,108,187,295,55,62,33,20,29,113,137,833,-19,1366.5,3,0,1411.0,1,2014-15,Ryan Anderson,27.5,106.8,107.3,107.3,108.7,108.4,108.4,-1.9,-1.1,-1.1,0.054,0.89,6.1,0.063,0.114,0.088,6.8,6.8,0.483,0.524,0.225,0.23,94.01,93.91,78.26,93.91,0.09,3284,4.8,12.0
200797,Ryan Hollins,Ryan,1610612758,SAC,30.0,46,13,33,0.283,441.0783333333333,53,82,0.646,0,0,0.0,31,54,0.574,36,67,103,14,25,6,19,9,65,56,137,-54,331.6,0,0,304.0,1,2014-15,Ryan Hollins,9.6,98.6,97.7,97.7,103.4,103.0,103.0,-4.8,-5.3,-5.3,0.048,0.56,9.5,0.085,0.137,0.113,17.0,17.3,0.646,0.648,0.131,0.134,97.38,98.05,81.71,98.05,0.073,898,1.2,1.8
203527,Ryan Kelly,Ryan,1610612747,LAL,24.0,52,11,41,0.212,1233.236666666667,104,309,0.337,45,134,0.336,79,95,0.832,13,133,146,92,37,30,24,12,118,59,332,-148,770.2,0,0,723.0,1,2014-15,Ryan Kelly,23.7,99.9,101.3,101.3,107.3,107.4,107.4,-7.4,-6.1,-6.1,0.113,2.49,19.2,0.01,0.109,0.058,7.7,7.7,0.409,0.473,0.14,0.143,94.69,94.02,78.35,94.02,0.053,2415,2.0,5.9
2223,Samuel Dalembert,Samuel,1610612752,NYK,35.0,32,5,27,0.156,543.5833333333334,57,130,0.438,0,0,0.0,14,20,0.7,53,115,168,29,39,14,41,6,70,28,128,-175,499.1,1,0,435.0,1,2014-15,Samuel Dalembert,17.0,92.7,92.4,92.4,106.4,108.3,108.3,-13.6,-15.8,-15.8,0.088,0.74,14.0,0.101,0.218,0.159,18.8,18.9,0.438,0.461,0.149,0.154,93.27,92.59,77.15,92.59,0.087,1044,1.8,4.1
203930,Sean Kilpatrick,Sean,1610612750,MIN,25.0,4,2,2,0.5,71.515,7,20,0.35,4,13,0.308,4,4,1.0,1,5,6,4,2,3,0,1,3,3,22,17,42.2,0,0,42.0,1,2014-15,Sean Kilpatrick,17.9,104.7,105.4,105.4,97.4,93.9,93.9,7.3,11.5,11.5,0.082,2.0,14.3,0.017,0.078,0.049,7.1,7.2,0.45,0.506,0.15,0.151,97.87,99.34,82.78,99.34,0.065,148,1.8,5.0
2742,Sebastian Telfair,Sebastian,1610612760,OKC,30.0,16,4,12,0.25,327.0833333333333,46,125,0.368,18,60,0.3,24,34,0.706,2,28,30,45,18,10,0,9,29,36,134,-64,249.5,0,0,247.0,1,2014-15,Sebastian Telfair,20.4,89.9,91.7,91.7,102.4,102.9,102.9,-12.4,-11.2,-11.2,0.29,2.5,22.3,0.006,0.088,0.046,8.9,8.9,0.44,0.479,0.219,0.224,93.02,91.87,76.56,91.87,0.096,629,2.9,7.8
201586,Serge Ibaka,Serge,1610612760,OKC,25.0,64,35,29,0.547,2115.785,374,786,0.476,77,205,0.376,92,110,0.836,135,364,499,55,97,30,155,26,194,115,917,162,2056.3,17,0,1918.0,1,2014-15,Serge Ibaka,33.1,104.8,106.7,106.7,101.2,102.8,102.8,3.6,3.9,3.9,0.041,0.57,5.6,0.063,0.158,0.112,9.8,9.8,0.525,0.549,0.19,0.192,97.92,96.34,80.28,96.34,0.107,4245,5.8,12.3
203508,Sergey Karasev,Sergey,1610612751,BKN,21.0,33,12,21,0.364,555.2233333333334,54,134,0.403,16,54,0.296,29,38,0.763,22,44,66,46,24,23,1,11,45,34,153,18,349.2,0,0,329.0,1,2014-15,Sergey Karasev,16.8,102.2,103.1,103.1,101.4,101.4,101.4,0.7,1.7,1.7,0.123,1.92,20.8,0.041,0.078,0.06,10.9,10.9,0.463,0.508,0.139,0.141,96.21,95.83,79.86,95.83,0.062,1108,1.6,4.1
203552,Seth Curry,Seth,1610612756,PHX,24.0,2,2,0,1.0,7.8,0,3,0.0,0,1,0.0,0,0,0.0,0,2,2,1,0,0,0,0,2,0,0,-4,3.9,0,0,3.0,1,2014-15,Seth Curry,3.9,75.6,75.0,75.0,98.0,100.0,100.0,-22.5,-25.0,-25.0,0.2,0.0,25.0,0.0,0.286,0.125,0.0,0.0,0.0,0.0,0.167,0.178,99.08,98.46,82.05,98.46,-0.111,16,0.0,1.5
203498,Shabazz Muhammad,Shabazz,1610612750,MIN,22.0,38,6,32,0.158,865.6233333333333,194,397,0.489,20,51,0.392,104,145,0.717,63,91,154,44,35,18,7,33,49,123,512,-160,802.8,1,0,780.0,1,2014-15,Shabazz Muhammad,22.8,100.7,102.0,102.0,110.3,110.9,110.9,-9.7,-8.9,-8.9,0.091,1.26,8.2,0.069,0.111,0.089,6.5,6.5,0.514,0.556,0.239,0.245,98.66,97.73,81.44,97.73,0.119,1761,5.1,10.4
203894,Shabazz Napier,Shabazz,1610612748,MIA,23.0,51,24,27,0.471,1011.58,87,228,0.382,43,118,0.364,44,56,0.786,17,96,113,130,81,40,4,8,76,77,261,-32,642.6,0,0,635.0,1,2014-15,Shabazz Napier,19.8,99.9,99.7,99.7,101.3,101.9,101.9,-1.3,-2.2,-2.2,0.216,1.6,27.9,0.018,0.102,0.06,17.4,17.5,0.476,0.517,0.154,0.157,91.79,91.58,76.32,91.58,0.075,1935,1.7,4.5
203499,Shane Larkin,Shane,1610612752,NYK,22.0,76,16,60,0.211,1864.575,187,432,0.433,35,116,0.302,61,78,0.782,29,147,176,226,83,93,9,30,150,90,470,-398,1243.2,1,0,1111.0,1,2014-15,Shane Larkin,24.5,95.9,96.0,96.0,106.9,106.7,106.7,-11.0,-10.7,-10.7,0.201,2.72,29.1,0.015,0.084,0.049,10.7,10.7,0.473,0.504,0.134,0.137,92.7,92.71,77.26,92.71,0.078,3595,2.5,5.7
200769,Shannon Brown,Shannon,1610612748,MIA,29.0,5,3,2,0.6,88.76,7,19,0.368,3,7,0.429,3,4,0.75,0,1,1,3,4,4,0,0,8,4,20,-16,33.7,0,0,35.0,1,2014-15,Shannon Brown,17.8,106.9,104.1,104.1,112.3,112.9,112.9,-5.4,-8.7,-8.7,0.049,0.75,10.7,0.0,0.013,0.0,14.3,14.4,0.447,0.482,0.14,0.145,91.22,92.2,76.84,92.2,0.009,170,1.4,3.8
2733,Shaun Livingston,Shaun,1610612744,GSW,29.0,78,64,14,0.821,1468.2283333333332,198,396,0.5,0,2,0.0,65,91,0.714,43,140,183,259,102,49,20,16,110,95,461,51,1174.1,1,0,1041.0,1,2014-15,Shaun Livingston,18.8,103.2,101.4,101.4,99.2,100.4,100.4,4.0,1.0,1.0,0.267,2.54,32.5,0.03,0.088,0.061,12.8,12.8,0.5,0.529,0.159,0.164,98.09,98.4,82.0,98.4,0.1,3020,2.5,5.1
101183,Shavlik Randolph,Shavlik,1610612756,PHX,31.0,21,11,10,0.524,126.24666666666668,9,35,0.257,0,5,0.0,6,12,0.5,16,22,38,4,3,5,3,2,16,12,24,-24,96.6,0,0,82.0,2,2014-15,Shavlik Randolph,6.0,91.8,91.6,91.6,102.9,99.6,99.6,-11.1,-8.0,-8.0,0.051,1.33,8.3,0.101,0.182,0.136,6.3,6.3,0.257,0.298,0.142,0.144,98.9,100.57,83.8,100.57,0.033,263,0.4,1.7
1890,Shawn Marion,Shawn,1610612739,CLE,37.0,57,36,21,0.632,1100.8383333333334,119,267,0.446,12,46,0.261,26,34,0.765,64,138,202,51,33,27,27,22,58,29,276,51,723.9,0,0,649.0,1,2014-15,Shawn Marion,19.3,106.3,106.7,106.7,104.1,103.7,103.7,2.2,3.1,3.1,0.069,1.55,13.9,0.058,0.126,0.092,9.0,9.0,0.468,0.489,0.126,0.128,94.67,94.64,78.87,94.64,0.074,2163,2.1,4.7
200761,Shawne Williams,Shawne,1610612765,DET,29.0,63,26,37,0.413,1086.6966666666667,121,300,0.403,64,178,0.36,35,40,0.875,36,130,166,44,30,25,21,10,135,36,341,-100,714.2,1,0,707.0,2,2014-15,Shawne Williams,17.2,102.1,102.4,102.4,106.9,107.5,107.5,-4.8,-5.1,-5.1,0.068,1.47,11.2,0.035,0.131,0.082,7.6,7.7,0.51,0.537,0.149,0.152,92.0,91.65,76.38,91.65,0.062,2078,1.9,4.8
203963,Shayne Whittington,Shayne,1610612754,IND,24.0,20,9,11,0.45,108.16166666666666,19,42,0.452,1,6,0.167,18,23,0.783,10,19,29,6,5,5,2,7,18,16,57,16,116.8,0,0,107.0,1,2014-15,Shayne Whittington,5.4,111.2,109.8,109.8,108.3,102.8,102.8,2.9,7.0,7.0,0.094,1.2,9.4,0.094,0.178,0.136,7.8,7.9,0.464,0.547,0.243,0.247,92.18,95.19,79.33,95.19,0.106,215,1.0,2.1
202714,Shelvin Mack,Shelvin,1610612737,ATL,25.0,55,37,18,0.673,832.7683333333333,117,292,0.401,40,127,0.315,25,31,0.806,8,71,79,155,49,30,2,19,32,36,299,44,673.3,1,0,637.0,1,2014-15,Shelvin Mack,15.1,102.5,102.4,102.4,101.8,100.1,100.1,0.7,2.3,2.3,0.298,3.16,30.5,0.01,0.086,0.048,9.6,9.6,0.469,0.489,0.19,0.197,94.74,95.59,79.66,95.59,0.101,1661,2.1,5.3
204021,Sim Bhullar,Sim,1610612758,SAC,22.0,3,1,2,0.333,2.685,1,2,0.5,0,0,0.0,0,0,0.0,0,1,1,1,0,0,1,0,0,0,2,1,7.7,0,0,6.0,1,2014-15,Sim Bhullar,0.9,157.7,100.0,100.0,123.0,100.0,100.0,34.7,0.0,0.0,0.5,0.0,33.3,0.0,0.0,0.0,0.0,0.0,0.5,0.5,0.286,0.45,83.31,116.2,96.83,116.2,0.304,7,0.3,0.7
203524,Solomon Hill,Solomon,1610612754,IND,24.0,82,38,44,0.463,2380.963333333333,251,634,0.396,68,208,0.327,159,193,0.824,70,244,314,184,115,66,18,59,177,164,729,-180,1518.8,1,0,1463.0,1,2014-15,Solomon Hill,29.0,99.9,100.7,100.7,103.5,104.4,104.4,-3.5,-3.7,-3.7,0.121,1.6,18.0,0.029,0.103,0.066,11.2,11.3,0.45,0.507,0.159,0.161,94.59,93.77,78.14,93.77,0.071,4648,3.1,7.7
203915,Spencer Dinwiddie,Spencer,1610612765,DET,22.0,34,12,22,0.353,455.26166666666666,51,169,0.302,12,65,0.185,31,34,0.912,4,44,48,104,33,19,6,7,53,36,145,-70,400.6,1,0,359.0,1,2014-15,Spencer Dinwiddie,13.4,94.7,95.2,95.2,103.4,103.1,103.1,-8.7,-7.9,-7.9,0.394,3.15,32.4,0.008,0.1,0.05,10.3,10.3,0.337,0.394,0.208,0.215,94.42,94.31,78.59,94.31,0.074,895,1.5,5.0
201150,Spencer Hawes,Spencer,1610612746,LAC,27.0,73,52,21,0.712,1274.02,163,415,0.393,55,176,0.313,44,68,0.647,30,228,258,88,61,24,53,26,173,70,425,-92,1036.6,0,0,980.0,1,2014-15,Spencer Hawes,17.5,101.8,101.3,101.3,104.6,104.4,104.4,-2.8,-3.1,-3.1,0.11,1.44,14.8,0.024,0.173,0.1,10.2,10.3,0.459,0.478,0.181,0.185,96.23,96.54,80.45,96.54,0.068,2557,2.2,5.7
201939,Stephen Curry,Stephen,1610612744,GSW,27.0,80,67,13,0.838,2613.2,653,1341,0.487,286,646,0.443,308,337,0.914,56,285,341,619,249,163,16,36,158,298,1900,919,3525.7,23,0,3504.0,1,2014-15,Stephen Curry,32.7,114.2,114.7,114.7,97.2,98.5,98.5,17.0,16.3,16.3,0.358,2.49,26.4,0.022,0.1,0.063,10.6,10.6,0.594,0.638,0.277,0.283,102.39,101.47,84.56,101.47,0.178,5534,8.2,16.8
2581,Steve Blake,Steve,1610612757,POR,35.0,81,51,30,0.63,1529.1816666666666,122,327,0.373,77,219,0.352,29,41,0.707,16,121,137,288,104,41,5,6,118,83,350,109,980.4,0,0,944.0,1,2014-15,Steve Blake,18.9,104.1,103.1,103.1,100.5,99.9,99.9,3.6,3.2,3.2,0.264,2.77,39.1,0.01,0.073,0.043,14.1,14.1,0.491,0.507,0.129,0.132,96.3,97.09,80.91,97.09,0.07,3098,1.5,4.0
200779,Steve Novak,Steve,1610612760,OKC,32.0,35,12,23,0.343,197.145,22,56,0.393,19,48,0.396,0,2,0.0,2,20,22,11,5,0,2,2,23,2,63,-53,106.9,0,0,119.0,2,2014-15,Steve Novak,5.6,97.6,96.4,96.4,117.2,112.6,112.6,-19.6,-16.1,-16.1,0.088,2.2,15.1,0.009,0.1,0.052,6.8,6.9,0.563,0.554,0.129,0.133,97.83,100.43,83.69,100.43,0.045,419,0.6,1.6
203500,Steven Adams,Steven,1610612760,OKC,21.0,70,37,33,0.529,1770.55,217,399,0.544,0,2,0.0,103,205,0.502,199,324,523,66,99,38,86,27,222,186,537,46,1536.6,10,0,1374.0,1,2014-15,Steven Adams,25.3,103.1,105.3,105.3,102.9,103.5,103.5,0.2,1.8,1.8,0.056,0.67,10.1,0.107,0.179,0.142,15.2,15.1,0.544,0.549,0.142,0.144,97.17,95.86,79.88,95.86,0.083,3527,3.1,5.7
203933,T.J. Warren,T.J.,1610612756,PHX,21.0,40,17,23,0.425,614.13,113,214,0.528,5,21,0.238,14,19,0.737,41,44,85,25,27,18,9,9,51,24,245,-94,438.5,0,0,414.0,1,2014-15,T.J. Warren,15.4,96.6,96.7,96.7,103.9,105.2,105.2,-7.4,-8.5,-8.5,0.069,0.93,9.2,0.061,0.071,0.066,9.9,9.8,0.54,0.551,0.173,0.177,98.54,97.86,81.55,97.86,0.084,1258,2.8,5.4
201959,Taj Gibson,Taj,1610612741,CHI,30.0,62,38,24,0.613,1691.9033333333334,254,506,0.502,0,0,0.0,132,184,0.717,162,234,396,71,77,36,75,55,162,162,640,39,1477.7,8,0,1329.0,1,2014-15,Taj Gibson,27.3,103.9,104.7,104.7,102.1,103.0,103.0,1.8,1.7,1.7,0.071,0.92,9.6,0.095,0.132,0.114,10.4,10.5,0.502,0.545,0.175,0.177,94.02,93.25,77.71,93.25,0.1,3279,4.1,8.2
204028,Tarik Black,Tarik,1610612747,LAL,23.0,63,25,38,0.397,1195.3133333333333,157,273,0.575,0,1,0.0,65,118,0.551,142,226,368,42,48,19,24,29,158,92,379,-79,964.6,5,0,875.0,2,2014-15,Tarik Black,19.0,101.8,101.5,101.5,104.6,105.3,105.3,-2.9,-3.8,-3.8,0.059,0.88,10.1,0.114,0.201,0.155,11.5,11.6,0.575,0.583,0.138,0.141,94.06,93.91,78.26,93.91,0.093,2343,2.5,4.3
2419,Tayshaun Prince,Tayshaun,1610612765,DET,35.0,58,27,31,0.466,1396.7416666666666,177,402,0.44,31,67,0.463,49,65,0.754,52,158,210,93,35,29,16,9,55,57,434,-131,925.5,0,0,858.0,3,2014-15,Tayshaun Prince,24.1,99.9,100.5,100.5,104.7,105.0,105.0,-4.8,-4.5,-4.5,0.109,2.66,16.6,0.036,0.114,0.074,6.3,6.3,0.479,0.504,0.15,0.153,93.28,92.84,77.37,92.84,0.089,2697,3.1,6.9
203093,Terrence Jones,Terrence,1610612745,HOU,23.0,33,24,9,0.727,889.4716666666667,158,299,0.528,13,37,0.351,57,94,0.606,78,142,220,36,37,18,59,29,78,65,386,79,898.0,8,0,809.0,1,2014-15,Terrence Jones,27.0,105.7,105.4,105.4,100.3,100.6,100.6,5.3,4.8,4.8,0.067,0.97,8.7,0.088,0.143,0.117,8.9,9.0,0.55,0.567,0.184,0.187,98.49,98.46,82.05,98.46,0.113,1820,4.8,9.1
203082,Terrence Ross,Terrence,1610612761,TOR,24.0,82,49,33,0.598,2091.768333333333,309,753,0.41,145,390,0.372,44,56,0.786,32,194,226,86,69,53,25,30,136,53,807,37,1372.2,0,0,1420.0,1,2014-15,Terrence Ross,25.5,108.8,109.7,109.7,107.7,109.0,109.0,1.1,0.6,0.6,0.063,1.25,9.2,0.016,0.095,0.055,7.4,7.4,0.507,0.519,0.181,0.184,94.89,93.95,78.29,93.95,0.066,4099,3.8,9.2
200757,Thabo Sefolosha,Thabo,1610612737,ATL,31.0,52,43,9,0.827,975.6566666666666,104,249,0.418,25,78,0.321,45,58,0.776,53,170,223,75,38,53,21,17,67,48,278,171,842.1,1,0,749.0,1,2014-15,Thabo Sefolosha,18.8,105.6,105.8,105.8,95.3,94.6,94.6,10.3,11.2,11.2,0.116,1.97,19.3,0.056,0.169,0.114,9.8,9.8,0.468,0.506,0.143,0.147,94.9,95.17,79.31,95.17,0.106,1912,2.0,4.8
201152,Thaddeus Young,Thaddeus,1610612751,BKN,27.0,76,25,51,0.329,2433.9816666666666,451,968,0.466,38,115,0.33,131,200,0.655,127,284,411,173,117,124,25,69,171,154,1071,-214,2153.7,3,0,1991.0,2,2014-15,Thaddeus Young,32.0,102.5,103.4,103.4,106.9,107.9,107.9,-4.4,-4.5,-4.5,0.118,1.48,12.8,0.052,0.121,0.086,8.7,8.7,0.486,0.507,0.212,0.214,96.3,95.47,79.56,95.47,0.097,4843,5.9,12.7
203080,Thomas Robinson,Thomas,1610612755,PHI,24.0,54,26,28,0.481,797.7066666666667,126,260,0.485,0,2,0.0,56,106,0.528,95,208,303,33,59,32,20,25,104,84,308,13,818.1,4,0,748.0,2,2014-15,Thomas Robinson,14.8,98.9,99.7,99.7,99.5,99.3,99.3,-0.6,0.4,0.4,0.07,0.56,8.3,0.106,0.25,0.176,14.8,14.8,0.485,0.502,0.19,0.195,99.06,98.74,82.29,98.74,0.113,1644,2.3,4.8
201168,Tiago Splitter,Tiago,1610612759,SAS,30.0,52,34,18,0.654,1029.815,169,303,0.558,0,0,0.0,90,120,0.75,91,161,252,78,60,35,37,27,103,111,428,231,1003.4,1,0,902.0,1,2014-15,Tiago Splitter,19.8,109.7,109.6,109.6,97.3,97.7,97.7,12.3,11.9,11.9,0.11,1.3,15.8,0.092,0.155,0.124,12.1,12.2,0.558,0.601,0.181,0.183,96.02,95.88,79.9,95.88,0.115,2050,3.3,5.8
1495,Tim Duncan,Tim,1610612759,SAS,39.0,77,53,24,0.688,2226.8016666666667,419,819,0.512,2,7,0.286,230,311,0.74,170,534,704,230,131,63,151,67,165,240,1070,305,2770.8,33,1,2434.0,1,2014-15,Tim Duncan,28.9,106.3,106.9,106.9,99.3,100.2,100.2,7.0,6.8,6.8,0.166,1.76,17.4,0.081,0.236,0.161,9.9,9.9,0.513,0.56,0.221,0.223,95.68,94.96,79.14,94.96,0.156,4409,5.4,10.6
204025,Tim Frazier,Tim,1610612757,POR,24.0,11,3,8,0.273,239.4983333333333,21,61,0.344,5,17,0.294,10,21,0.476,6,22,28,60,25,8,0,2,26,22,57,-6,179.6,1,0,166.0,2,2014-15,Tim Frazier,21.8,98.0,98.6,98.6,101.4,100.8,100.8,-3.4,-2.2,-2.2,0.361,2.4,38.7,0.023,0.089,0.056,16.1,16.1,0.385,0.406,0.17,0.173,98.72,98.71,82.26,98.71,0.057,495,1.9,5.5
203501,Tim Hardaway Jr.,Tim,1610612752,NYK,23.0,70,16,54,0.229,1681.263333333333,279,717,0.389,121,354,0.342,125,156,0.801,12,144,156,127,82,20,14,42,119,137,804,-350,1201.7,0,0,1276.0,1,2014-15,Tim Hardaway Jr.,24.0,97.3,97.5,97.5,108.1,108.6,108.6,-10.9,-11.1,-11.1,0.134,1.55,12.8,0.007,0.088,0.047,8.3,8.2,0.474,0.512,0.229,0.235,94.34,94.04,78.37,94.04,0.079,3301,4.0,10.2
202389,Timofey Mozgov,Timofey,1610612739,CLE,28.0,81,49,32,0.605,2045.53,314,566,0.555,2,6,0.333,155,216,0.718,203,388,591,55,116,33,97,54,227,193,785,260,1850.7,18,0,1693.0,2,2014-15,Timofey Mozgov,25.3,108.3,110.3,110.3,103.5,103.6,103.6,4.8,6.7,6.7,0.04,0.47,6.6,0.1,0.186,0.143,13.9,13.9,0.557,0.594,0.166,0.167,96.35,95.48,79.57,95.48,0.098,4063,3.9,7.0
202699,Tobias Harris,Tobias,1610612753,ORL,22.0,68,20,48,0.294,2369.1366666666668,442,949,0.466,87,239,0.364,193,245,0.788,73,357,430,124,115,69,36,70,134,188,1164,-294,2066.0,11,0,2015.0,1,2014-15,Tobias Harris,34.8,100.2,101.6,101.6,106.7,107.7,107.7,-6.6,-6.1,-6.1,0.088,1.08,9.6,0.031,0.154,0.092,8.9,8.9,0.512,0.551,0.222,0.225,95.69,94.58,78.81,94.58,0.113,4664,6.5,14.0
201962,Toney Douglas,Toney,1610612740,NOP,29.0,12,7,5,0.583,176.56666666666666,19,51,0.373,5,18,0.278,8,13,0.615,2,20,22,24,10,11,4,1,20,10,51,7,148.4,0,0,132.0,1,2014-15,Toney Douglas,14.7,106.4,104.5,104.5,101.5,102.1,102.1,4.9,2.4,2.4,0.214,2.4,26.4,0.012,0.111,0.064,11.0,11.0,0.422,0.45,0.18,0.187,90.64,91.21,76.01,91.21,0.071,335,1.6,4.3
2754,Tony Allen,Tony,1610612763,MEM,33.0,63,46,17,0.73,1647.6983333333333,225,455,0.495,10,29,0.345,79,126,0.627,103,177,280,86,86,129,30,52,166,92,539,247,1395.0,2,0,1233.0,1,2014-15,Tony Allen,26.2,105.1,104.6,104.6,94.9,96.1,96.1,10.2,8.5,8.5,0.081,1.0,12.6,0.065,0.106,0.086,12.6,12.6,0.505,0.528,0.162,0.166,95.12,94.71,78.92,94.71,0.087,3237,3.6,7.2
2225,Tony Parker,Tony,1610612759,SAS,33.0,68,48,20,0.706,1952.615,404,832,0.486,38,89,0.427,130,166,0.783,15,114,129,335,146,44,2,46,108,147,976,200,1625.3,1,0,1570.0,1,2014-15,Tony Parker,28.7,107.4,107.9,107.9,102.0,103.1,103.1,5.4,4.7,4.7,0.278,2.29,24.2,0.008,0.059,0.035,10.6,10.5,0.508,0.539,0.242,0.247,95.8,95.08,79.24,95.08,0.102,3876,5.9,12.2
203503,Tony Snell,Tony,1610612741,CHI,23.0,72,43,29,0.597,1412.1583333333333,159,371,0.429,73,197,0.371,44,55,0.8,31,145,176,62,48,32,11,21,86,42,435,53,820.2,1,0,832.0,1,2014-15,Tony Snell,19.6,104.2,104.3,104.3,101.4,102.1,102.1,2.8,2.2,2.2,0.068,1.29,12.3,0.021,0.096,0.06,9.5,9.5,0.527,0.55,0.139,0.142,95.26,94.92,79.1,94.92,0.07,2789,2.2,5.2
203100,Tony Wroten,Tony,1610612755,PHI,22.0,30,4,26,0.133,894.57,175,434,0.403,37,142,0.261,120,180,0.667,22,64,86,157,113,48,8,37,72,123,507,-234,900.7,2,0,899.0,1,2014-15,Tony Wroten,29.8,93.9,95.5,95.5,106.6,108.2,108.2,-12.7,-12.7,-12.7,0.338,1.39,20.0,0.023,0.073,0.047,14.4,14.4,0.446,0.494,0.3,0.303,98.95,97.41,81.18,97.41,0.097,1814,5.8,14.5
203315,Toure' Murry,Toure',1610612762,UTA,25.0,5,3,2,0.6,18.125,2,5,0.4,0,0,0.0,2,2,1.0,1,0,1,1,4,1,0,0,2,1,6,0,7.7,0,0,10.0,2,2014-15,Toure' Murry,3.6,91.3,83.8,83.8,86.8,83.8,83.8,4.5,0.0,0.0,0.111,0.25,9.1,0.0,0.0,0.0,36.4,36.8,0.4,0.51,0.25,0.267,92.27,97.99,81.66,97.99,-0.011,37,0.4,1.0
204037,Travis Wear,Travis,1610612752,NYK,24.0,51,7,44,0.137,671.9933333333333,84,209,0.402,11,30,0.367,20,26,0.769,31,75,106,40,35,15,11,5,55,24,199,-80,429.2,0,0,408.0,1,2014-15,Travis Wear,13.2,96.2,94.8,94.8,101.7,101.0,101.0,-5.5,-6.2,-6.2,0.104,1.14,13.5,0.047,0.116,0.081,11.8,11.8,0.428,0.451,0.172,0.179,92.98,93.97,78.3,93.97,0.063,1316,1.6,4.1
2772,Trevor Ariza,Trevor,1610612745,HOU,29.0,82,56,26,0.683,2930.12,366,910,0.402,194,555,0.35,122,143,0.853,77,382,459,209,141,152,17,34,186,126,1048,230,2278.3,3,0,2248.0,1,2014-15,Trevor Ariza,35.7,104.2,105.5,105.5,100.0,101.5,101.5,4.2,4.0,4.0,0.112,1.48,15.8,0.026,0.127,0.076,10.7,10.7,0.509,0.539,0.163,0.166,98.64,97.31,81.09,97.31,0.095,5936,4.5,11.1
202344,Trevor Booker,Trevor,1610612762,UTA,27.0,79,37,42,0.468,1563.8333333333333,226,464,0.487,29,84,0.345,86,148,0.581,139,258,397,83,88,43,41,21,144,116,567,33,1331.9,3,0,1244.0,1,2014-15,Trevor Booker,19.8,102.7,102.2,102.2,101.8,101.2,101.2,0.9,1.0,1.0,0.093,0.94,11.8,0.09,0.167,0.129,12.5,12.6,0.518,0.536,0.177,0.181,92.06,92.54,77.12,92.54,0.106,3016,2.9,5.9
203504,Trey Burke,Trey,1610612762,UTA,22.0,76,35,41,0.461,2287.8416666666667,370,1005,0.368,124,390,0.318,109,145,0.752,31,173,204,328,124,65,15,50,119,116,973,-47,1825.8,3,0,1789.0,1,2014-15,Trey Burke,30.1,102.9,103.6,103.6,104.5,105.3,105.3,-1.6,-1.7,-1.7,0.245,2.65,21.6,0.014,0.077,0.045,8.2,8.2,0.43,0.455,0.232,0.237,93.2,92.48,77.07,92.48,0.085,4422,4.9,13.2
202684,Tristan Thompson,Tristan,1610612739,CLE,24.0,82,53,29,0.646,2193.938333333333,267,488,0.547,0,0,0.0,159,248,0.641,274,383,657,39,83,34,61,51,189,232,693,218,1741.9,14,0,1579.0,1,2014-15,Tristan Thompson,26.8,108.8,110.5,110.5,104.2,104.5,104.5,4.5,5.9,5.9,0.028,0.47,5.4,0.124,0.174,0.149,11.4,11.5,0.547,0.58,0.139,0.14,94.28,93.41,77.84,93.41,0.097,4253,3.3,6.0
203584,Troy Daniels,Troy,1610612766,CHA,23.0,47,15,32,0.319,397.39666666666665,61,165,0.37,43,118,0.364,11,13,0.846,8,25,33,22,20,6,1,8,40,19,176,-85,249.6,0,0,288.0,3,2014-15,Troy Daniels,8.5,94.3,94.3,94.3,106.6,105.1,105.1,-12.4,-10.8,-10.8,0.111,1.1,10.3,0.018,0.064,0.039,9.4,9.4,0.5,0.515,0.203,0.209,96.55,97.23,81.03,97.23,0.052,806,1.3,3.5
201951,Ty Lawson,Ty,1610612743,DEN,27.0,75,29,46,0.387,2665.411666666667,404,926,0.436,70,205,0.341,265,363,0.73,42,192,234,720,185,92,9,58,128,285,1143,-32,2621.8,28,0,2369.0,1,2014-15,Ty Lawson,35.5,104.8,107.3,107.3,106.6,107.6,107.6,-1.8,-0.3,-0.3,0.408,3.89,36.0,0.015,0.072,0.042,9.3,9.3,0.474,0.526,0.203,0.203,99.83,98.2,81.83,98.2,0.125,5446,5.4,12.3
203898,Tyler Ennis,Tyler,1610612749,MIL,20.0,33,11,22,0.333,411.42333333333335,52,144,0.361,12,43,0.279,5,7,0.714,7,28,35,73,42,18,5,6,36,19,121,-61,299.5,0,0,287.0,2,2014-15,Tyler Ennis,12.5,96.1,96.0,96.0,103.8,103.4,103.4,-7.7,-7.3,-7.3,0.278,1.74,27.9,0.016,0.073,0.043,16.0,16.0,0.403,0.411,0.199,0.203,97.21,97.42,81.18,97.42,0.053,835,1.6,4.4
201946,Tyler Hansbrough,Tyler,1610612761,TOR,29.0,74,45,29,0.608,1057.6,86,165,0.521,1,7,0.143,97,139,0.698,106,159,265,21,20,30,15,14,141,134,270,193,734.5,2,0,647.0,1,2014-15,Tyler Hansbrough,14.3,112.1,112.6,112.6,101.6,102.3,102.3,10.6,10.3,10.3,0.029,1.05,7.9,0.106,0.159,0.132,7.5,7.5,0.524,0.597,0.104,0.107,94.31,93.74,78.12,93.74,0.074,2056,1.2,2.2
204020,Tyler Johnson,Tyler,1610612748,MIA,23.0,32,15,17,0.469,602.9966666666667,70,167,0.419,18,48,0.375,32,47,0.681,14,67,81,42,30,33,9,11,42,38,190,-63,446.2,1,0,415.0,1,2014-15,Tyler Johnson,18.8,96.9,96.8,96.8,101.8,101.5,101.5,-4.9,-4.7,-4.7,0.115,1.4,16.2,0.023,0.108,0.066,11.5,11.6,0.473,0.506,0.161,0.165,96.31,96.56,80.46,96.56,0.083,1210,2.2,5.2
203092,Tyler Zeller,Tyler,1610612738,BOS,25.0,82,40,42,0.488,1730.775,340,619,0.549,0,0,0.0,153,186,0.823,146,319,465,113,76,18,52,57,205,182,833,-119,1694.5,3,0,1551.0,1,2014-15,Tyler Zeller,21.1,99.5,100.3,100.3,102.5,102.3,102.3,-3.0,-2.0,-2.0,0.106,1.49,12.7,0.081,0.178,0.13,8.5,8.5,0.549,0.594,0.195,0.198,98.29,98.01,81.67,98.01,0.127,3511,4.1,7.5
201936,Tyreke Evans,Tyreke,1610612740,NOP,25.0,79,43,36,0.544,2689.8166666666666,521,1165,0.447,69,227,0.304,202,291,0.694,82,334,416,521,246,100,37,112,198,238,1313,166,2758.7,18,1,2593.0,1,2014-15,Tyreke Evans,34.0,107.5,109.2,109.2,105.3,106.0,106.0,2.2,3.2,3.2,0.316,2.12,25.3,0.03,0.127,0.078,11.9,11.9,0.477,0.508,0.255,0.257,93.78,92.71,77.26,92.71,0.118,5196,6.6,14.7
200748,Tyrus Thomas,Tyrus,1610612763,MEM,28.0,2,2,0,1.0,6.516666666666667,1,1,1.0,0,0,0.0,2,2,1.0,0,0,0,1,0,0,0,0,0,1,4,1,5.5,0,0,5.0,1,2014-15,Tyrus Thomas,3.3,116.3,106.7,106.7,112.6,115.4,115.4,3.7,-8.7,-8.7,0.2,0.0,33.3,0.0,0.0,0.0,0.0,0.0,1.0,1.064,0.125,0.137,99.73,103.12,85.93,103.12,0.152,15,0.5,0.5
2199,Tyson Chandler,Tyson,1610612742,DAL,32.0,75,47,28,0.627,2285.84,293,440,0.666,0,0,0.0,185,257,0.72,294,570,864,84,105,42,91,28,169,244,771,230,2227.8,31,0,1985.0,1,2014-15,Tyson Chandler,30.5,107.6,107.3,107.3,102.2,102.6,102.6,5.5,4.7,4.7,0.053,0.8,11.3,0.129,0.244,0.188,14.2,14.1,0.666,0.697,0.126,0.128,97.16,97.1,80.92,97.1,0.141,4630,3.9,5.9
2617,Udonis Haslem,Udonis,1610612748,MIA,35.0,62,31,31,0.5,994.8116666666666,107,239,0.448,2,10,0.2,45,64,0.703,71,187,258,46,41,21,13,25,113,74,261,-156,700.6,3,0,635.0,1,2014-15,Udonis Haslem,16.0,97.4,97.3,97.3,104.5,105.5,105.5,-7.1,-8.2,-8.2,0.078,1.12,13.0,0.072,0.195,0.132,11.5,11.6,0.452,0.488,0.141,0.144,93.35,92.93,77.44,92.93,0.082,1927,1.7,3.9
203505,Vander Blue,Vander,1610612747,LAL,22.0,2,0,2,0.0,73.71666666666667,9,30,0.3,2,10,0.2,2,5,0.4,2,7,9,8,6,3,0,2,4,3,22,-38,47.8,0,0,47.0,1,2014-15,Vander Blue,36.9,92.7,94.7,94.7,115.7,119.7,119.7,-23.0,-25.0,-25.0,0.178,1.33,17.4,0.021,0.104,0.055,13.0,13.0,0.333,0.342,0.202,0.205,101.76,98.97,82.48,98.97,0.026,152,4.5,15.0
201964,Victor Claver,Victor,1610612757,POR,26.0,10,6,4,0.6,75.98333333333333,9,20,0.45,6,11,0.545,0,0,0.0,3,17,20,1,4,1,1,2,12,5,24,21,51.5,0,0,55.0,1,2014-15,Victor Claver,7.6,105.3,102.0,102.0,90.0,87.7,87.7,15.3,14.3,14.3,0.019,0.25,4.0,0.04,0.227,0.133,16.0,16.0,0.6,0.6,0.145,0.15,94.2,96.97,80.81,96.97,0.071,153,0.9,2.0
203506,Victor Oladipo,Victor,1610612753,ORL,23.0,72,22,50,0.306,2572.7883333333334,473,1086,0.436,84,248,0.339,262,320,0.819,51,251,302,295,204,120,19,95,187,260,1292,-305,2309.9,3,0,2251.0,1,2014-15,Victor Oladipo,35.7,101.1,101.8,101.8,106.8,107.8,107.8,-5.7,-6.1,-6.1,0.188,1.45,17.0,0.02,0.102,0.06,11.8,11.8,0.474,0.527,0.249,0.251,95.97,95.2,79.33,95.2,0.099,5105,6.6,15.1
1713,Vince Carter,Vince,1610612763,MEM,38.0,66,45,21,0.682,1091.243333333333,135,406,0.333,69,232,0.297,45,57,0.789,27,106,133,79,43,43,14,15,102,72,384,31,790.1,0,0,779.0,1,2014-15,Vince Carter,16.5,99.8,99.7,99.7,100.1,99.2,99.2,-0.3,0.5,0.5,0.11,1.84,14.2,0.024,0.096,0.06,7.7,7.8,0.417,0.445,0.193,0.197,95.29,95.76,79.8,95.76,0.058,2187,2.0,6.2
201961,Wayne Ellington,Wayne,1610612747,LAL,27.0,65,18,47,0.277,1674.638333333333,254,617,0.412,90,243,0.37,52,64,0.813,31,179,210,105,50,33,2,31,77,75,650,-121,1114.5,1,0,1125.0,1,2014-15,Wayne Ellington,25.8,100.6,100.4,100.4,103.8,104.2,104.2,-3.3,-3.9,-3.9,0.101,2.1,13.1,0.017,0.105,0.06,6.3,6.2,0.485,0.504,0.182,0.186,95.79,95.71,79.75,95.71,0.083,3343,3.9,9.5
202325,Wesley Johnson,Wesley,1610612747,LAL,27.0,76,20,56,0.263,2244.563333333333,286,691,0.414,91,259,0.351,90,112,0.804,67,252,319,124,87,59,45,15,162,89,753,-310,1546.8,3,0,1495.0,1,2014-15,Wesley Johnson,29.5,102.0,102.6,102.6,108.8,109.3,109.3,-6.8,-6.7,-6.7,0.084,1.43,13.1,0.029,0.116,0.071,9.2,9.1,0.48,0.509,0.161,0.164,96.76,96.3,80.25,96.3,0.068,4499,3.8,9.1
202083,Wesley Matthews,Wesley,1610612757,POR,28.0,60,41,19,0.683,2024.1716666666664,337,752,0.448,173,445,0.389,109,145,0.752,38,184,222,139,81,77,10,24,132,163,956,272,1610.9,0,0,1664.0,1,2014-15,Wesley Matthews,33.7,105.9,106.0,106.0,99.4,99.3,99.3,6.5,6.8,6.8,0.11,1.72,13.4,0.018,0.085,0.052,7.8,7.8,0.563,0.586,0.193,0.197,97.19,97.19,80.99,97.19,0.1,4096,5.6,12.5
203115,Will Barton,Will,1610612743,DEN,24.0,58,30,28,0.517,983.8633333333332,150,353,0.425,23,85,0.271,74,94,0.787,26,136,162,81,61,48,19,32,70,69,397,-29,852.9,2,0,797.0,2,2014-15,Will Barton,17.0,98.5,98.7,98.7,100.8,99.4,99.4,-2.3,-0.7,-0.7,0.135,1.33,15.1,0.024,0.134,0.077,11.4,11.4,0.458,0.503,0.197,0.202,97.48,98.06,81.72,98.06,0.103,2002,2.6,6.1
101198,Will Bynum,Will,1610612764,WAS,32.0,7,4,3,0.571,66.68666666666667,10,31,0.323,0,9,0.0,2,4,0.5,2,4,6,18,8,1,1,2,9,5,22,-50,54.2,0,0,50.0,1,2014-15,Will Bynum,9.5,89.3,86.7,86.7,130.3,129.5,129.5,-41.0,-42.8,-42.8,0.486,2.25,30.5,0.029,0.061,0.044,13.6,13.6,0.323,0.336,0.261,0.272,93.26,95.01,79.18,95.01,0.028,135,1.4,4.4
203805,Will Cherry,Will,1610612761,TOR,24.0,8,6,2,0.75,69.42166666666667,5,19,0.263,2,9,0.222,3,6,0.5,1,4,5,8,4,6,1,2,10,4,15,-7,50.0,0,0,44.0,1,2014-15,Will Cherry,8.7,102.6,102.2,102.2,106.3,105.8,105.8,-3.7,-3.6,-3.6,0.174,2.0,23.5,0.014,0.056,0.035,11.8,11.9,0.316,0.347,0.165,0.168,94.99,95.42,79.51,95.42,0.013,137,0.6,2.4
2584,Willie Green,Willie,1610612753,ORL,33.0,52,15,37,0.288,951.1966666666668,118,306,0.386,42,121,0.347,28,34,0.824,14,65,79,68,48,26,5,10,81,40,306,-85,547.8,0,0,557.0,1,2014-15,Willie Green,18.3,94.7,94.1,94.1,99.3,99.0,99.0,-4.7,-4.9,-4.9,0.121,1.42,15.6,0.015,0.067,0.041,11.0,11.0,0.454,0.477,0.172,0.177,95.46,95.9,79.92,95.9,0.052,1905,2.3,5.9
201163,Wilson Chandler,Wilson,1610612743,DEN,28.0,78,28,50,0.359,2471.151666666666,418,975,0.429,139,406,0.342,110,142,0.775,96,379,475,134,110,58,29,48,231,121,1085,-217,2007.0,8,0,2007.0,1,2014-15,Wilson Chandler,31.7,102.7,104.7,104.7,107.8,108.6,108.6,-5.1,-3.9,-3.9,0.086,1.22,10.5,0.036,0.155,0.093,8.6,8.6,0.5,0.523,0.198,0.201,98.46,97.18,80.98,97.18,0.087,4992,5.4,12.5
202333,Xavier Henry,Xavier,1610612747,LAL,24.0,9,1,8,0.111,85.56666666666666,3,13,0.231,0,0,0.0,14,24,0.583,2,2,4,3,3,3,0,0,6,16,20,14,35.3,0,0,33.0,1,2014-15,Xavier Henry,9.5,111.8,108.8,108.8,103.9,99.4,99.4,8.0,9.4,9.4,0.048,1.0,9.7,0.022,0.027,0.025,9.7,10.1,0.231,0.424,0.142,0.139,92.58,95.93,79.94,95.93,0.0,170,0.3,1.4
203897,Zach LaVine,Zach,1610612750,MIN,20.0,77,15,62,0.195,1901.7216666666664,286,677,0.422,57,167,0.341,149,177,0.842,27,187,214,276,193,54,10,38,158,137,778,-540,1447.8,4,0,1453.0,1,2014-15,Zach LaVine,24.7,98.0,98.2,98.2,112.4,112.4,112.4,-14.5,-14.2,-14.2,0.25,1.43,22.6,0.014,0.103,0.058,15.8,15.8,0.465,0.515,0.218,0.224,96.55,96.43,80.36,96.43,0.079,3821,3.7,8.8
2216,Zach Randolph,Zach,1610612763,MEM,33.0,71,51,20,0.718,2303.59,454,932,0.487,7,20,0.35,228,298,0.765,225,522,747,153,156,69,14,82,175,288,1143,345,2361.9,38,0,2216.0,1,2014-15,Zach Randolph,32.4,106.1,107.4,107.4,99.9,100.6,100.6,6.3,6.8,6.8,0.111,0.98,11.1,0.103,0.23,0.167,11.4,11.4,0.491,0.538,0.24,0.242,93.65,92.79,77.32,92.79,0.143,4474,6.4,13.1
2585,Zaza Pachulia,Zaza,1610612749,MIL,31.0,73,34,39,0.466,1729.6666666666667,240,529,0.454,0,3,0.0,126,160,0.788,197,303,500,178,133,80,21,40,170,161,606,262,1643.0,15,0,1486.0,1,2014-15,Zaza Pachulia,23.7,103.9,104.8,104.8,97.0,97.3,97.3,6.9,7.5,7.5,0.155,1.34,19.5,0.118,0.183,0.15,14.6,14.6,0.454,0.506,0.186,0.189,96.21,95.64,79.7,95.64,0.112,3448,3.3,7.2
204054,Zoran Dragic,Zoran,1610612748,MIA,26.0,16,6,10,0.375,75.22333333333333,11,30,0.367,3,14,0.214,3,5,0.6,5,3,8,5,5,2,0,1,6,8,28,-15,46.1,0,0,48.0,2,2014-15,Zoran Dragic,4.7,93.8,92.4,92.4,109.4,101.3,101.3,-15.6,-8.9,-8.9,0.116,1.0,11.9,0.06,0.041,0.051,11.9,11.8,0.417,0.435,0.208,0.217,96.01,100.5,83.75,100.5,0.033,157,0.7,1.9
