PLAYER_ID,PLAYER_NAME,NICKNAME,TEAM_ID,TEAM_ABBREVIATION,AGE,GP,W,L,W_PCT,MIN_trad,FGM,FGA,FG_PCT,FG3M,FG3A,FG3_PCT,FTM,FTA,FT_PCT,OREB,DREB,REB,AST,TOV,STL,BLK,BLKA,PF,PFD,PTS,PLUS_MINUS,NBA_FANTASY_PTS,DD2,TD3,WNBA_FANTASY_PTS,TEAM_COUNT,SEASON,MIN_adv,E_OFF_RATING,OFF_RATING,sp_work_OFF_RATING,E_DEF_RATING,DEF_RATING,sp_work_DEF_RATING,E_NET_RATING,NET_RATING,sp_work_NET_RATING,AST_PCT,AST_TO,AST_RATIO,OREB_PCT,DREB_PCT,REB_PCT,TM_TOV_PCT,E_TOV_PCT,EFG_PCT,TS_PCT,USG_PCT,E_USG_PCT,E_PACE,PACE,PACE_PER40,sp_work_PACE,PIE,POSS,FGM_PG,FGA_PG
201166,Aaron Brooks,Aaron,1610612741,CHI,31.0,69,36,33,0.522,1107.71,188,469,0.401,66,185,0.357,49,64,0.766,21,80,101,180,82,30,10,33,132,77,491,-12,920.2,0,0,918.0,1,2015-16,16.1,102.1,102.3,102.3,103.5,102.3,102.3,-1.4,0.0,0.0,0.265,2.2,23.7,0.018,0.068,0.043,10.8,10.8,0.471,0.494,0.225,0.231,97.23,97.72,81.43,97.72,0.073,2249,2.7,6.8
203932,Aaron Gordon,Aaron,1610612753,ORL,20.0,78,32,46,0.41,1863.12,274,579,0.473,42,142,0.296,129,193,0.668,154,353,507,128,66,59,55,34,153,146,719,-75,1795.4,12,0,1624.0,1,2015-16,23.9,102.9,103.2,103.2,104.2,104.6,104.6,-1.3,-1.4,-1.4,0.103,1.94,14.9,0.08,0.189,0.133,7.7,7.7,0.509,0.541,0.169,0.171,98.85,98.51,82.09,98.51,0.113,3813,3.5,7.4
1626151,Aaron Harrison,Aaron,1610612766,CHA,21.0,21,15,6,0.714,93.3,5,19,0.263,3,10,0.3,5,12,0.417,4,11,15,2,4,6,0,0,10,8,18,-7,53.0,0,0,50.0,1,2015-16,4.4,100.9,94.7,94.7,98.7,98.1,98.1,2.2,-3.4,-3.4,0.033,0.5,6.5,0.045,0.112,0.08,12.9,13.2,0.342,0.371,0.132,0.138,102.89,106.5,88.75,106.5,0.013,207,0.2,0.9
203940,Adreian Payne,Adreian,1610612750,MIN,25.0,52,18,34,0.346,485.59,53,145,0.366,9,32,0.281,17,26,0.654,20,91,111,29,36,16,11,8,77,33,132,-120,353.7,0,0,335.0,1,2015-16,9.3,100.7,98.8,98.8,111.5,110.8,110.8,-10.8,-12.0,-12.0,0.093,0.81,13.0,0.044,0.198,0.121,16.1,16.3,0.397,0.422,0.175,0.18,96.48,97.71,81.43,97.71,0.039,988,1.0,2.8
201143,Al Horford,Al,1610612737,ATL,30.0,82,48,34,0.585,2631.181666666667,529,1048,0.505,88,256,0.344,103,129,0.798,148,448,596,263,107,68,121,34,163,118,1249,231,2818.7,17,0,2574.0,1,2015-16,32.1,103.1,102.9,102.9,98.2,98.7,98.7,4.9,4.2,4.2,0.165,2.46,17.8,0.056,0.158,0.109,7.3,7.3,0.547,0.565,0.202,0.206,99.76,99.66,83.05,99.66,0.137,5464,6.5,12.8
2744,Al Jefferson,Al,1610612766,CHA,31.0,47,33,14,0.702,1096.4383333333333,245,505,0.485,0,0,0.0,72,111,0.649,57,244,301,70,34,30,41,36,117,81,562,46,1207.2,7,0,1075.0,1,2015-16,23.3,103.4,103.2,103.2,99.7,100.7,100.7,3.7,2.5,2.5,0.114,2.06,10.7,0.05,0.216,0.133,5.2,5.2,0.485,0.507,0.24,0.245,97.68,97.27,81.06,97.27,0.124,2217,5.2,10.7
202329,Al-Farouq Aminu,Al-Farouq,1610612757,POR,25.0,82,44,38,0.537,2340.8883333333333,299,719,0.416,126,349,0.361,115,156,0.737,98,401,499,138,120,72,53,35,171,139,839,59,1899.8,8,0,1852.0,1,2015-16,28.5,107.7,108.2,108.2,106.1,106.7,106.7,1.5,1.6,1.6,0.087,1.15,13.2,0.041,0.168,0.104,11.5,11.5,0.503,0.533,0.166,0.169,99.01,98.51,82.09,98.51,0.088,4796,3.6,8.8
101187,Alan Anderson,Alan,1610612764,WAS,33.0,13,8,5,0.615,192.1833333333333,21,59,0.356,12,37,0.324,11,15,0.733,1,26,27,14,2,4,1,3,25,11,65,30,131.4,0,0,128.0,1,2015-16,14.8,103.6,104.5,104.5,98.1,96.3,96.3,5.5,8.2,8.2,0.112,7.0,17.5,0.005,0.131,0.068,2.5,2.5,0.458,0.495,0.151,0.157,100.25,100.78,83.98,100.78,0.067,402,1.6,4.5
1626210,Alan Williams,Alan,1610612756,PHX,23.0,10,3,7,0.3,68.15,10,24,0.417,0,0,0.0,9,14,0.643,14,24,38,5,6,4,5,3,15,12,29,1,103.1,1,0,90.0,1,2015-16,6.8,109.6,107.7,107.7,109.8,108.4,108.4,-0.2,-0.7,-0.7,0.096,0.83,12.2,0.165,0.348,0.247,14.6,14.6,0.417,0.481,0.194,0.201,107.52,109.17,90.98,109.17,0.11,156,1.0,2.4
202692,Alec Burks,Alec,1610612762,UTA,24.0,31,13,18,0.419,797.2733333333333,137,334,0.41,32,79,0.405,106,141,0.752,16,93,109,63,51,18,4,27,71,108,412,-13,652.3,0,0,660.0,1,2015-16,25.7,100.7,101.8,101.8,102.7,101.4,101.4,-2.0,0.5,0.5,0.14,1.24,12.4,0.019,0.121,0.069,10.0,10.0,0.458,0.52,0.246,0.251,95.52,95.61,79.67,95.61,0.099,1578,4.4,10.8
203458,Alex Len,Alex,1610612756,PHX,23.0,78,23,55,0.295,1820.795,264,624,0.423,1,7,0.143,174,239,0.728,178,416,594,97,145,38,62,60,230,176,703,-288,1716.3,19,0,1595.0,1,2015-16,23.3,97.4,98.2,98.2,105.2,105.9,105.9,-7.7,-7.7,-7.7,0.087,0.67,9.9,0.091,0.223,0.156,14.9,14.9,0.424,0.482,0.202,0.204,100.34,99.58,82.99,99.58,0.091,3779,3.4,8.0
1627293,Alex Stepheson,Alex,1610612763,MEM,28.0,8,2,6,0.25,72.15166666666667,9,27,0.333,0,0,0.0,4,12,0.333,19,9,28,2,0,1,5,6,12,8,22,-2,76.6,1,0,64.0,2,2015-16,9.0,91.4,92.7,92.7,95.2,94.6,94.6,-3.8,-2.0,-2.0,0.053,0.0,5.9,0.176,0.108,0.147,0.0,0.0,0.333,0.341,0.166,0.17,99.8,99.46,82.88,99.46,0.038,150,1.1,3.4
201582,Alexis Ajinca,Alexis,1610612740,NOP,28.0,59,20,39,0.339,860.715,150,315,0.476,0,1,0.0,52,62,0.839,75,194,269,31,54,19,36,12,134,68,352,-65,832.3,4,0,762.0,1,2015-16,14.6,99.6,98.8,98.8,102.6,101.4,101.4,-3.0,-2.6,-2.6,0.059,0.57,7.3,0.085,0.227,0.154,12.6,12.6,0.476,0.514,0.201,0.206,98.04,99.04,82.54,99.04,0.095,1767,2.5,5.3
203459,Allen Crabbe,Allen,1610612757,POR,24.0,81,43,38,0.531,2104.958333333333,311,678,0.459,112,285,0.393,98,113,0.867,27,189,216,99,64,63,16,14,192,82,832,42,1412.7,0,0,1417.0,1,2015-16,26.0,106.2,106.5,106.5,106.1,105.5,105.5,0.1,1.0,1.0,0.072,1.55,11.2,0.012,0.086,0.049,7.2,7.2,0.541,0.572,0.159,0.163,98.89,99.07,82.56,99.07,0.075,4344,3.8,8.4
202087,Alonzo Gee,Alonzo,1610612740,NOP,29.0,73,27,46,0.37,1632.0016666666668,132,255,0.518,17,60,0.283,44,66,0.667,60,185,245,72,55,63,13,23,169,54,325,-195,900.0,0,0,811.0,1,2015-16,22.4,100.1,100.3,100.3,104.1,104.7,104.7,-4.0,-4.4,-4.4,0.063,1.31,17.5,0.035,0.111,0.073,13.4,13.4,0.551,0.572,0.091,0.092,99.61,99.25,82.71,99.25,0.053,3351,1.8,3.5
2405,Amar'e Stoudemire,Amar'e,1610612748,MIA,33.0,52,30,22,0.577,762.3016666666666,125,221,0.566,0,0,0.0,50,67,0.746,65,157,222,27,47,18,41,29,92,74,300,9,736.9,2,0,667.0,1,2015-16,14.7,104.2,103.6,103.6,102.5,103.6,103.6,1.7,0.0,0.0,0.054,0.57,8.3,0.092,0.206,0.151,14.5,14.5,0.566,0.599,0.176,0.18,95.48,95.24,79.36,95.24,0.109,1517,2.4,4.3
101161,Amir Johnson,Amir,1610612738,BOS,29.0,79,45,34,0.57,1800.128333333333,249,426,0.585,10,43,0.233,69,121,0.57,178,327,505,138,94,52,83,26,214,117,577,138,1701.0,8,0,1500.0,1,2015-16,22.8,105.9,106.9,106.9,101.3,102.3,102.3,4.6,4.6,4.6,0.11,1.47,19.3,0.092,0.173,0.132,13.1,13.2,0.596,0.602,0.136,0.137,100.18,99.19,82.66,99.19,0.103,3705,3.2,5.4
2760,Anderson Varejao,Anderson,1610612744,GSW,33.0,53,41,12,0.774,495.6066666666667,53,124,0.427,0,1,0.0,32,50,0.64,37,104,141,35,22,16,10,5,70,65,138,22,415.7,0,0,366.0,2,2015-16,9.4,102.2,102.8,102.8,102.6,100.0,100.0,-0.4,2.8,2.8,0.102,1.59,17.2,0.068,0.204,0.134,10.8,10.8,0.427,0.473,0.143,0.147,98.12,99.03,82.53,99.03,0.08,1019,1.0,2.3
203083,Andre Drummond,Andre,1610612765,DET,22.0,81,43,38,0.531,2665.4666666666667,552,1060,0.521,2,6,0.333,208,586,0.355,395,803,1198,67,155,119,112,72,245,404,1314,127,3390.1,66,0,3043.0,1,2015-16,32.9,104.3,105.9,105.9,102.3,103.6,103.6,2.0,2.4,2.4,0.042,0.43,4.3,0.135,0.309,0.217,10.0,10.1,0.522,0.499,0.239,0.24,97.45,96.09,80.08,96.09,0.14,5336,6.8,13.1
2738,Andre Iguodala,Andre,1610612744,GSW,32.0,65,59,6,0.908,1731.6416666666669,176,368,0.478,54,154,0.351,51,83,0.614,52,211,263,219,79,73,19,10,102,90,457,457,1298.1,1,0,1177.0,1,2015-16,26.6,113.5,112.7,112.7,99.1,99.6,99.6,14.4,13.2,13.2,0.165,2.77,31.2,0.031,0.11,0.073,11.2,11.2,0.552,0.565,0.117,0.12,101.77,101.88,84.9,101.88,0.089,3663,2.7,5.7
1889,Andre Miller,Andre,1610612759,SAS,40.0,39,20,19,0.513,461.19,59,106,0.557,2,8,0.25,24,32,0.75,12,39,51,87,37,16,0,11,46,28,144,32,346.7,0,0,316.0,2,2015-16,11.8,111.0,109.7,109.7,105.9,107.0,107.0,5.1,2.8,2.8,0.276,2.35,35.8,0.031,0.087,0.061,15.2,15.2,0.566,0.6,0.156,0.162,91.45,91.54,76.28,91.54,0.096,883,1.5,2.7
203460,Andre Roberson,Andre,1610612760,OKC,24.0,70,48,22,0.686,1553.2916666666667,136,274,0.496,32,103,0.311,33,54,0.611,79,172,251,47,35,53,42,18,133,44,337,260,958.7,0,0,857.0,1,2015-16,22.2,110.1,110.9,110.9,100.8,101.7,101.7,9.3,9.2,9.2,0.039,1.34,12.3,0.053,0.102,0.079,9.2,9.2,0.555,0.566,0.092,0.093,98.85,98.05,81.71,98.05,0.058,3158,1.9,3.9
200745,Andrea Bargnani,Andrea,1610612751,BKN,30.0,46,11,35,0.239,633.66,127,279,0.455,3,16,0.188,47,57,0.825,28,69,97,18,26,4,9,14,61,52,304,-191,460.4,0,0,448.0,1,2015-16,13.8,95.6,95.6,95.6,111.2,110.2,110.2,-15.7,-14.7,-14.7,0.051,0.69,5.2,0.042,0.117,0.077,7.5,7.5,0.461,0.5,0.227,0.234,96.68,97.15,80.96,97.15,0.073,1281,2.8,6.1
101106,Andrew Bogut,Andrew,1610612744,GSW,31.0,70,62,8,0.886,1451.26,175,279,0.627,1,1,1.0,24,50,0.48,121,371,492,162,83,33,114,7,221,74,375,396,1566.4,5,0,1324.0,1,2015-16,20.7,111.4,112.0,112.0,97.2,97.9,97.9,14.1,14.1,14.1,0.145,1.95,29.6,0.086,0.229,0.163,15.2,15.2,0.629,0.623,0.115,0.116,101.07,100.41,83.68,100.41,0.106,3021,2.5,4.0
202726,Andrew Goudelock,Andrew,1610612745,HOU,27.0,8,5,3,0.625,49.708333333333336,9,20,0.45,1,9,0.111,3,4,0.75,1,1,2,4,7,6,2,0,4,3,22,10,47.4,0,0,45.0,1,2015-16,6.2,108.0,105.5,105.5,94.4,97.2,97.2,13.6,8.3,8.3,0.118,0.57,12.1,0.021,0.013,0.016,21.2,21.4,0.475,0.506,0.234,0.243,105.1,104.77,87.31,104.77,0.074,109,1.1,2.5
203094,Andrew Nicholson,Andrew,1610612753,ORL,26.0,56,22,34,0.393,822.7716666666666,146,310,0.471,41,114,0.36,51,65,0.785,34,167,201,25,41,10,22,8,69,61,384,34,717.7,0,0,715.0,1,2015-16,14.7,99.8,100.6,100.6,98.6,97.8,97.8,1.2,2.8,2.8,0.05,0.61,6.2,0.041,0.191,0.118,10.2,10.1,0.537,0.567,0.205,0.209,96.81,96.79,80.65,96.79,0.119,1653,2.6,5.5
203952,Andrew Wiggins,Andrew,1610612750,MIN,21.0,81,29,52,0.358,2844.59,594,1294,0.459,57,190,0.3,430,565,0.761,105,186,291,164,182,78,46,88,165,394,1675,-67,2460.2,1,0,2435.0,1,2015-16,35.1,105.7,106.7,106.7,106.6,107.9,107.9,-1.0,-1.3,-1.3,0.098,0.9,8.7,0.039,0.066,0.053,9.6,9.6,0.481,0.543,0.267,0.269,98.16,97.09,80.91,97.09,0.094,5757,7.3,16.0
203461,Anthony Bennett,Anthony,1610612761,TOR,23.0,19,12,7,0.632,84.24666666666667,8,27,0.296,3,14,0.214,9,10,0.9,6,17,23,0,4,5,0,2,8,5,28,-30,66.6,0,0,64.0,1,2015-16,4.4,101.8,94.0,94.0,114.3,112.9,112.9,-12.5,-19.0,-19.0,0.0,0.0,0.0,0.059,0.262,0.139,11.4,11.3,0.352,0.446,0.166,0.181,97.94,102.56,85.46,102.56,0.063,182,0.4,1.4
1626148,Anthony Brown,Anthony,1610612747,LAL,23.0,29,4,25,0.138,598.6666666666666,39,126,0.31,20,70,0.286,17,20,0.85,9,61,70,19,15,14,5,10,34,18,115,-35,269.5,0,0,262.0,1,2015-16,20.6,98.8,100.3,100.3,103.1,102.6,102.6,-4.3,-2.3,-2.3,0.048,1.27,11.2,0.014,0.101,0.055,8.9,8.9,0.389,0.427,0.109,0.11,97.52,96.98,80.81,96.98,0.037,1206,1.3,4.3
203076,Anthony Davis,Anthony,1610612740,NOP,23.0,61,24,37,0.393,2164.26,560,1136,0.493,35,108,0.324,326,430,0.758,130,497,627,116,121,78,125,54,148,360,1481,-200,2895.4,36,0,2665.0,1,2015-16,35.5,102.6,103.7,103.7,107.3,107.8,107.8,-4.7,-4.1,-4.1,0.1,0.96,7.5,0.059,0.234,0.145,7.8,7.7,0.508,0.559,0.29,0.296,99.13,98.35,81.96,98.35,0.165,4425,9.2,18.6
201627,Anthony Morrow,Anthony,1610612760,OKC,30.0,68,46,22,0.676,926.4316666666666,136,333,0.408,79,204,0.387,29,39,0.744,10,52,62,24,17,22,5,8,64,30,380,112,554.4,0,0,599.0,1,2015-16,13.6,109.7,110.9,110.9,105.7,105.6,105.6,4.0,5.3,5.3,0.037,1.41,6.2,0.011,0.054,0.033,4.4,4.3,0.527,0.543,0.167,0.171,98.93,98.42,82.01,98.42,0.057,1905,2.0,4.9
201229,Anthony Tolliver,Anthony,1610612765,DET,31.0,72,36,36,0.5,1340.61,128,332,0.386,98,272,0.36,29,47,0.617,39,190,229,52,28,26,16,13,86,56,383,8,833.8,0,0,846.0,1,2015-16,18.6,101.7,102.3,102.3,102.4,102.4,102.4,-0.7,0.0,0.0,0.058,1.86,12.1,0.026,0.143,0.081,6.5,6.5,0.533,0.543,0.122,0.125,96.35,96.06,80.05,96.06,0.076,2687,1.8,4.6
203462,Archie Goodwin,Archie,1610612756,PHX,21.0,57,14,43,0.246,1113.7783333333334,176,422,0.417,23,99,0.232,130,193,0.674,27,115,142,118,100,27,13,45,84,157,505,-209,872.4,1,0,868.0,1,2015-16,19.5,100.7,101.7,101.7,111.6,110.6,110.6,-11.0,-9.0,-9.0,0.174,1.18,16.2,0.023,0.104,0.062,13.8,13.8,0.444,0.498,0.227,0.231,100.91,100.87,84.06,100.87,0.072,2341,3.1,7.4
203382,Aron Baynes,Aron,1610612765,DET,29.0,81,43,38,0.531,1232.9466666666667,194,384,0.505,0,2,0.0,126,165,0.764,140,244,384,51,67,21,52,26,151,154,514,-56,1203.3,1,0,1095.0,1,2015-16,15.2,100.9,101.0,101.0,105.6,104.4,104.4,-4.7,-3.4,-3.4,0.07,0.76,8.8,0.106,0.202,0.152,11.6,11.7,0.505,0.563,0.184,0.187,96.99,97.48,81.24,97.48,0.112,2518,2.4,4.7
201167,Arron Afflalo,Arron,1610612752,NYK,30.0,71,27,44,0.38,2370.923333333333,354,799,0.443,91,238,0.382,110,131,0.84,23,243,266,144,82,25,10,47,142,123,909,-151,1467.2,1,0,1480.0,1,2015-16,33.4,103.1,104.0,104.0,106.3,107.4,107.4,-3.3,-3.4,-3.4,0.097,1.76,13.4,0.01,0.098,0.055,7.6,7.6,0.5,0.531,0.178,0.181,94.96,94.09,78.41,94.09,0.076,4650,5.0,11.3
203085,Austin Rivers,Austin,1610612746,LAC,23.0,67,42,25,0.627,1463.775,226,516,0.438,62,185,0.335,79,116,0.681,22,108,130,99,61,48,9,32,137,96,593,-162,1007.5,0,0,998.0,1,2015-16,21.8,101.1,98.7,98.7,103.2,102.8,102.8,-2.1,-4.0,-4.0,0.116,1.62,13.6,0.015,0.07,0.043,8.4,8.4,0.498,0.523,0.188,0.196,98.42,99.8,83.17,99.8,0.069,3024,3.4,7.7
202340,Avery Bradley,Avery,1610612738,BOS,25.0,76,45,31,0.592,2536.123333333333,456,1019,0.447,147,407,0.361,96,123,0.78,48,172,220,158,109,117,19,44,164,100,1155,215,1955.0,0,0,1952.0,1,2015-16,33.4,107.0,108.5,108.5,102.8,103.9,103.9,4.2,4.6,4.6,0.095,1.45,11.8,0.018,0.065,0.041,8.1,8.1,0.52,0.538,0.197,0.2,100.76,99.57,82.98,99.57,0.082,5248,6.0,13.4
1626253,Axel Toupane,Axel,1610612743,DEN,23.0,21,9,12,0.429,305.425,25,70,0.357,13,40,0.325,13,17,0.765,8,23,31,15,6,7,6,1,40,13,76,-17,168.7,0,0,161.0,1,2015-16,14.5,107.6,108.2,108.2,109.7,110.4,110.4,-2.1,-2.2,-2.2,0.068,2.5,15.3,0.028,0.076,0.053,6.1,6.1,0.45,0.49,0.122,0.125,97.01,96.42,80.35,96.42,0.029,612,1.2,3.3
203463,Ben McLemore,Ben,1610612758,SAC,23.0,68,28,40,0.412,1442.7833333333333,195,455,0.429,67,185,0.362,74,103,0.718,34,114,148,79,99,52,10,24,140,89,531,22,914.1,0,0,949.0,1,2015-16,21.2,104.8,105.8,105.8,105.4,104.6,104.6,-0.6,1.2,1.2,0.076,0.8,11.7,0.023,0.076,0.05,14.6,14.6,0.502,0.531,0.172,0.174,103.36,103.23,86.03,103.23,0.048,3096,2.9,6.7
2757,Beno Udrih,Beno,1610612763,MEM,33.0,44,26,18,0.591,707.6533333333333,86,198,0.434,15,44,0.341,18,20,0.9,8,64,72,116,53,14,1,7,51,39,205,-21,457.4,1,0,438.0,2,2015-16,16.1,100.9,100.0,100.0,102.0,101.7,101.7,-1.2,-1.7,-1.7,0.256,2.19,30.9,0.012,0.091,0.052,14.1,14.1,0.472,0.496,0.167,0.172,94.71,95.27,79.39,95.27,0.077,1406,2.0,4.5
202687,Bismack Biyombo,Bismack,1610612761,TOR,23.0,82,56,26,0.683,1807.8433333333328,156,288,0.542,0,1,0.0,142,226,0.628,182,473,655,29,71,19,133,45,225,182,454,84,1668.5,9,0,1442.0,1,2015-16,22.0,104.4,104.4,104.4,100.6,101.3,101.3,3.8,3.1,3.1,0.025,0.41,5.9,0.1,0.249,0.176,14.5,14.6,0.542,0.586,0.114,0.117,94.64,94.27,78.56,94.27,0.105,3538,1.9,3.5
201933,Blake Griffin,Blake,1610612746,LAC,27.0,35,22,13,0.629,1170.2816666666668,301,603,0.499,6,18,0.333,141,194,0.727,51,243,294,170,83,28,17,12,95,185,749,179,1408.8,13,0,1309.0,1,2015-16,33.4,108.0,108.6,108.6,100.1,101.3,101.3,7.9,7.3,7.3,0.258,2.05,18.0,0.044,0.196,0.122,8.8,8.8,0.504,0.544,0.289,0.292,99.06,98.17,81.81,98.17,0.171,2395,8.6,17.2
1626246,Boban Marjanovic,Boban,1610612759,SAS,27.0,54,47,7,0.87,507.805,105,174,0.603,0,0,0.0,87,114,0.763,73,121,194,21,29,12,23,13,54,82,297,54,637.3,3,0,582.0,1,2015-16,9.4,109.6,106.8,106.8,103.1,102.3,102.3,6.5,4.5,4.5,0.072,0.72,7.7,0.154,0.246,0.201,10.6,10.6,0.603,0.662,0.22,0.229,93.48,95.09,79.24,95.09,0.181,1010,1.9,3.2
1626171,Bobby Portis Jr.,Bobby,1610612741,CHI,21.0,62,29,33,0.468,1102.08,186,436,0.427,16,52,0.308,48,66,0.727,123,214,337,52,54,25,22,23,100,66,436,-178,1005.4,6,0,935.0,1,2015-16,17.8,100.6,100.4,100.4,108.6,108.0,108.0,-7.9,-7.6,-7.6,0.076,0.96,9.1,0.101,0.186,0.142,9.4,9.5,0.445,0.469,0.203,0.207,97.15,97.47,81.23,97.47,0.093,2234,3.0,7.0
202711,Bojan Bogdanovic,Bojan,1610612751,BKN,27.0,79,21,58,0.266,2114.6283333333336,324,749,0.433,129,338,0.382,110,132,0.833,36,219,255,99,115,29,5,74,119,114,887,-391,1328.5,1,0,1438.0,1,2015-16,26.8,100.6,100.8,100.8,109.4,109.9,109.9,-8.8,-9.2,-9.2,0.073,0.86,9.7,0.017,0.105,0.061,11.3,11.3,0.519,0.55,0.19,0.194,97.47,97.14,80.95,97.14,0.072,4280,4.1,9.5
2564,Boris Diaw,Boris,1610612759,SAS,34.0,76,64,12,0.842,1385.53,202,383,0.527,25,69,0.362,56,76,0.737,58,175,233,176,97,26,21,16,102,89,485,291,1072.6,0,0,1013.0,1,2015-16,18.2,107.4,106.6,106.6,96.6,96.4,96.4,10.8,10.2,10.2,0.182,1.81,25.6,0.045,0.124,0.086,14.1,14.1,0.56,0.582,0.164,0.168,97.49,97.94,81.61,97.94,0.099,2828,2.7,5.0
203078,Bradley Beal,Bradley,1610612764,WAS,23.0,55,28,27,0.509,1708.245,359,799,0.449,105,271,0.387,135,176,0.767,41,147,188,162,112,54,11,27,117,137,958,-24,1509.6,0,0,1543.0,1,2015-16,31.1,103.6,104.8,104.8,105.2,105.0,105.0,-1.6,-0.2,-0.2,0.153,1.45,14.2,0.024,0.088,0.055,9.8,9.7,0.515,0.547,0.245,0.25,101.01,100.54,83.78,100.54,0.099,3570,6.5,14.5
201148,Brandan Wright,Brandan,1610612763,MEM,28.0,12,6,6,0.5,212.1233333333333,35,52,0.673,0,0,0.0,13,24,0.542,14,29,43,6,10,5,15,1,21,25,83,-56,193.6,0,0,172.0,1,2015-16,17.7,100.2,100.0,100.0,113.1,111.1,111.1,-13.0,-11.1,-11.1,0.05,0.6,7.7,0.066,0.134,0.1,12.8,12.7,0.673,0.663,0.152,0.156,95.69,96.62,80.52,96.62,0.106,423,2.9,4.3
1626183,Branden Dawson,Branden,1610612746,LAC,23.0,6,5,1,0.833,28.865,2,5,0.4,0,0,0.0,1,1,1.0,2,2,4,0,0,0,1,2,2,1,5,-15,12.8,0,0,11.0,1,2015-16,4.8,98.0,91.5,91.5,122.6,121.1,121.1,-24.6,-29.5,-29.5,0.0,0.0,0.0,0.091,0.0,0.0,0.0,0.0,0.4,0.46,0.078,0.092,92.59,96.45,80.37,96.45,0.03,59,0.3,0.8
101138,Brandon Bass,Brandon,1610612747,LAL,31.0,66,16,50,0.242,1342.4116666666666,174,317,0.549,0,2,0.0,125,148,0.845,104,181,285,74,42,33,55,35,125,115,473,-22,1148.0,0,0,1008.0,1,2015-16,20.3,104.3,105.3,105.3,106.9,106.2,106.2,-2.6,-0.9,-0.9,0.088,1.76,14.9,0.074,0.136,0.104,8.4,8.4,0.549,0.619,0.136,0.138,98.08,97.88,81.57,97.88,0.105,2739,2.6,4.8
201943,Brandon Jennings,Brandon,1610612753,ORL,26.0,48,20,28,0.417,867.505,112,304,0.368,51,155,0.329,57,78,0.731,16,80,96,170,57,29,7,8,57,65,332,12,753.2,1,0,721.0,2,2015-16,18.1,103.7,103.2,103.2,103.3,102.9,102.9,0.4,0.3,0.3,0.298,2.98,30.1,0.017,0.092,0.053,10.1,10.1,0.452,0.491,0.192,0.198,99.62,100.01,83.34,100.01,0.095,1811,2.3,6.3
202688,Brandon Knight,Brandon,1610612756,PHX,24.0,52,16,36,0.308,1870.3866666666668,371,895,0.415,120,351,0.342,156,183,0.852,36,166,202,263,177,61,20,34,124,204,1018,-210,1720.9,4,1,1765.0,1,2015-16,36.0,100.6,102.0,102.0,107.5,107.4,107.4,-6.8,-5.5,-5.5,0.234,1.49,18.6,0.018,0.09,0.053,12.5,12.5,0.482,0.522,0.258,0.263,100.7,100.05,83.37,100.05,0.101,3900,7.1,17.2
201575,Brandon Rush,Brandon,1610612744,GSW,30.0,72,63,9,0.875,1054.7416666666666,111,260,0.427,65,157,0.414,18,28,0.643,21,160,181,57,33,20,23,9,57,18,305,-31,703.7,0,0,694.0,1,2015-16,14.6,109.0,107.8,107.8,108.7,108.7,108.7,0.2,-0.9,-0.9,0.072,1.73,15.7,0.021,0.14,0.084,9.1,9.1,0.552,0.56,0.125,0.128,100.89,101.46,84.55,101.46,0.071,2224,1.5,3.6
203148,Brian Roberts,Brian,1610612757,POR,30.0,51,26,25,0.51,470.14666666666665,74,165,0.448,15,42,0.357,42,47,0.894,6,35,41,54,23,10,2,7,35,49,205,-63,348.2,0,0,339.0,2,2015-16,9.2,99.3,98.8,98.8,105.4,105.7,105.7,-6.2,-7.0,-7.0,0.205,2.35,20.8,0.012,0.075,0.042,8.8,8.8,0.494,0.552,0.188,0.196,98.19,98.32,81.93,98.32,0.097,965,1.5,3.2
1627362,Briante Weber,Briante,1610612748,MIA,23.0,7,3,4,0.429,168.655,14,39,0.359,0,5,0.0,3,4,0.75,8,17,25,21,9,9,3,2,12,8,31,-67,119.5,0,0,101.0,2,2015-16,24.1,96.4,97.9,97.9,118.8,119.2,119.2,-22.5,-21.2,-21.2,0.175,2.33,29.6,0.037,0.115,0.068,12.7,12.7,0.359,0.38,0.117,0.118,96.54,95.63,79.69,95.63,0.059,338,2.0,5.6
201572,Brook Lopez,Brook,1610612751,BKN,28.0,73,21,52,0.288,2456.548333333333,591,1157,0.511,2,14,0.143,317,403,0.787,204,369,573,146,175,58,124,61,215,333,1501,-121,2778.6,26,0,2586.0,1,2015-16,33.7,102.6,103.4,103.4,106.3,105.8,105.8,-3.7,-2.4,-2.4,0.106,0.83,8.9,0.086,0.153,0.12,10.6,10.6,0.512,0.562,0.272,0.276,96.53,96.33,80.28,96.33,0.127,4928,8.1,15.8
203998,Bruno Caboclo,Bruno,1610612761,TOR,20.0,6,6,0,1.0,42.68333333333333,1,12,0.083,1,7,0.143,0,0,0.0,1,1,2,1,4,2,1,2,2,0,3,-8,11.9,0,0,13.0,1,2015-16,7.1,92.2,85.7,85.7,94.7,98.9,98.9,-2.5,-13.1,-13.1,0.033,0.25,5.9,0.02,0.021,0.02,23.5,23.5,0.125,0.125,0.152,0.164,98.65,100.09,83.4,100.09,-0.056,91,0.2,2.0
203955,Bryce Cotton,Bryce,1610612763,MEM,23.0,8,1,7,0.125,38.75833333333333,4,10,0.4,0,3,0.0,0,0,0.0,0,0,0,3,5,3,0,0,2,0,8,-24,16.5,0,0,17.0,2,2015-16,4.8,104.0,98.7,98.7,135.0,129.1,129.1,-31.0,-30.4,-30.4,0.136,0.6,16.7,0.0,0.0,0.0,27.8,27.8,0.4,0.4,0.17,0.179,93.23,97.84,81.53,97.84,0.007,79,0.5,1.3
1626214,Bryce Dejean-Jones,Bryce,1610612740,NOP,23.0,14,8,6,0.571,278.5566666666667,28,69,0.406,12,32,0.375,11,21,0.524,8,40,48,15,11,10,2,6,17,18,79,-39,184.1,0,0,178.0,1,2015-16,19.9,99.4,100.0,100.0,106.4,106.8,106.8,-7.0,-6.8,-6.8,0.076,1.36,14.3,0.025,0.157,0.084,10.5,10.6,0.493,0.505,0.14,0.141,96.87,96.41,80.34,96.41,0.07,559,2.0,4.9
201228,C.J. Watson,C.J.,1610612753,ORL,32.0,33,14,19,0.424,655.7033333333334,47,137,0.343,14,48,0.292,34,39,0.872,10,56,66,88,25,19,5,3,49,40,142,-51,400.2,0,0,358.0,1,2015-16,19.9,104.9,104.3,104.3,107.3,107.8,107.8,-2.3,-3.5,-3.5,0.18,3.52,33.1,0.015,0.084,0.05,9.4,9.4,0.394,0.461,0.117,0.12,100.74,100.84,84.03,100.84,0.059,1376,1.4,4.2
203912,C.J. Wilcox,C.J.,1610612746,LAC,25.0,23,15,8,0.652,166.81833333333333,26,66,0.394,9,23,0.391,9,12,0.75,1,11,12,10,2,10,2,2,15,13,70,22,133.4,0,0,125.0,1,2015-16,7.3,106.0,102.0,102.0,97.3,95.7,95.7,8.7,6.3,6.3,0.09,5.0,12.0,0.006,0.057,0.034,2.4,2.4,0.462,0.491,0.19,0.2,98.29,101.0,84.16,101.0,0.072,351,1.1,2.9
203468,CJ McCollum,CJ,1610612757,POR,24.0,80,44,36,0.55,2779.7616666666668,641,1431,0.448,197,472,0.417,187,226,0.827,47,212,259,341,196,97,23,91,187,206,1666,157,2652.3,2,0,2703.0,1,2015-16,34.7,106.8,107.5,107.5,104.8,104.9,104.9,2.1,2.6,2.6,0.211,1.74,16.5,0.016,0.075,0.045,9.5,9.5,0.517,0.544,0.266,0.27,98.54,98.18,81.81,98.18,0.112,5691,8.0,17.9
101139,CJ Miles,CJ,1610612754,IND,29.0,64,34,30,0.531,1463.6066666666666,259,634,0.409,142,387,0.367,93,124,0.75,25,150,175,63,70,53,29,28,142,106,753,2,1233.5,0,0,1297.0,1,2015-16,22.9,102.2,102.7,102.7,102.8,102.5,102.5,-0.5,0.2,0.2,0.069,0.9,7.7,0.017,0.099,0.058,8.5,8.5,0.521,0.547,0.221,0.225,101.03,100.95,84.12,100.95,0.082,3076,4.0,9.9
203946,Cameron Bairstow,Cameron,1610612765,DET,25.0,18,4,14,0.222,102.6,13,40,0.325,1,5,0.2,7,8,0.875,4,24,28,6,4,2,3,5,19,6,34,-8,87.6,0,0,79.0,1,2015-16,5.7,91.2,92.3,92.3,98.3,94.6,94.6,-7.1,-2.3,-2.3,0.091,1.5,11.1,0.034,0.203,0.12,7.4,7.5,0.338,0.391,0.196,0.198,102.75,104.09,86.74,104.09,0.052,221,0.7,2.2
1626166,Cameron Payne,Cameron,1610612760,OKC,21.0,57,44,13,0.772,697.6133333333333,114,278,0.41,36,111,0.324,19,24,0.792,9,76,85,108,44,36,6,11,80,28,283,-28,629.0,0,0,596.0,1,2015-16,12.2,104.3,104.1,104.1,107.1,105.9,105.9,-2.8,-1.8,-1.8,0.241,2.45,24.5,0.012,0.108,0.059,10.0,10.0,0.475,0.49,0.199,0.206,97.6,98.26,81.88,98.26,0.089,1427,2.0,4.9
201171,Carl Landry,Carl,1610612755,PHI,32.0,36,5,31,0.139,569.39,139,250,0.556,6,13,0.462,67,91,0.736,49,97,146,32,22,12,9,16,69,61,351,-112,615.2,0,0,577.0,1,2015-16,15.8,102.0,102.3,102.3,112.3,111.6,111.6,-10.4,-9.3,-9.3,0.102,1.45,9.3,0.081,0.178,0.127,6.4,6.4,0.568,0.605,0.236,0.239,100.41,100.61,83.84,100.61,0.133,1193,3.9,6.9
2546,Carmelo Anthony,Carmelo,1610612752,NYK,32.0,72,32,40,0.444,2529.8,567,1307,0.434,105,310,0.339,334,403,0.829,98,458,556,299,176,62,38,76,180,317,1573,-43,2812.7,22,0,2733.0,1,2015-16,35.1,105.1,106.5,106.5,105.8,107.4,107.4,-0.7,-0.9,-0.9,0.209,1.7,15.3,0.039,0.173,0.107,9.0,9.0,0.474,0.53,0.291,0.295,95.85,94.5,78.75,94.5,0.143,4982,7.9,18.2
2406,Caron Butler,Caron,1610612758,SAC,36.0,17,2,15,0.118,175.66833333333332,25,59,0.424,3,18,0.167,10,12,0.833,5,17,22,10,3,9,1,0,19,9,63,-41,131.4,0,0,118.0,1,2015-16,10.3,93.4,93.1,93.1,105.6,106.2,106.2,-12.3,-13.1,-13.1,0.099,3.33,13.0,0.025,0.098,0.059,3.9,3.9,0.449,0.49,0.159,0.163,102.06,101.92,84.93,101.92,0.075,377,1.5,3.5
202718,Chandler Parsons,Chandler,1610612742,DAL,27.0,61,29,32,0.475,1799.39,320,651,0.492,104,251,0.414,93,136,0.684,29,256,285,169,95,46,21,42,114,131,837,-2,1538.5,3,0,1529.0,1,2015-16,29.5,105.5,105.3,105.3,104.2,105.0,105.0,1.3,0.3,0.3,0.158,1.78,17.4,0.017,0.141,0.08,9.8,9.7,0.571,0.589,0.204,0.208,95.95,95.65,79.7,95.65,0.115,3580,5.2,10.7
101112,Channing Frye,Channing,1610612739,CLE,33.0,70,35,35,0.5,1199.4066666666668,152,347,0.438,91,235,0.387,30,35,0.857,35,199,234,71,43,29,28,6,127,64,425,103,940.3,0,0,935.0,2,2015-16,17.1,105.9,106.8,106.8,102.2,102.0,102.0,3.7,4.8,4.8,0.086,1.65,14.9,0.03,0.172,0.1,9.0,9.0,0.569,0.586,0.153,0.156,94.66,94.29,78.57,94.29,0.088,2351,2.2,5.0
101111,Charlie Villanueva,Charlie,1610612742,DAL,31.0,62,29,33,0.468,665.0366666666666,125,327,0.382,47,172,0.273,22,24,0.917,24,128,152,24,31,18,15,12,71,16,319,-89,605.4,0,0,608.0,1,2015-16,10.7,98.7,97.2,97.2,106.6,105.2,105.2,-7.9,-8.0,-8.0,0.063,0.77,6.1,0.032,0.193,0.108,7.9,7.9,0.454,0.473,0.236,0.244,98.54,99.89,83.24,99.89,0.084,1395,2.0,5.3
201978,Chase Budinger,Chase,1610612756,PHX,28.0,66,29,37,0.439,929.7166666666668,104,239,0.435,24,86,0.279,39,56,0.696,43,107,150,64,44,32,10,12,62,47,271,2,629.0,0,0,593.0,2,2015-16,14.1,102.6,101.9,101.9,102.7,102.1,102.1,-0.1,-0.3,-0.3,0.098,1.45,17.3,0.043,0.115,0.078,11.9,11.8,0.485,0.514,0.138,0.142,99.36,100.03,83.36,100.03,0.074,1941,1.6,3.6
2365,Chris Andersen,Chris,1610612763,MEM,37.0,27,11,16,0.407,402.5316666666667,38,72,0.528,4,14,0.286,25,36,0.694,36,62,98,12,9,15,13,6,29,35,105,-70,315.6,0,0,275.0,2,2015-16,14.9,101.4,101.1,101.1,112.1,111.3,111.3,-10.7,-10.1,-10.1,0.045,1.33,10.9,0.088,0.175,0.129,8.2,8.3,0.556,0.598,0.108,0.109,93.23,93.67,78.06,93.67,0.095,790,1.4,2.7
2547,Chris Bosh,Chris,1610612748,MIA,32.0,53,29,24,0.547,1777.9183333333333,358,767,0.467,81,222,0.365,213,268,0.795,48,342,390,128,78,36,34,32,101,205,1010,29,1802.0,15,0,1749.0,1,2015-16,33.5,102.0,101.5,101.5,100.3,101.0,101.0,1.7,0.5,0.5,0.129,1.64,11.8,0.028,0.188,0.111,7.2,7.1,0.52,0.571,0.247,0.253,94.51,94.41,78.68,94.41,0.151,3503,6.8,14.5
203142,Chris Copeland,Chris,1610612749,MIL,32.0,24,10,14,0.417,155.93,17,51,0.333,10,36,0.278,6,7,0.857,1,9,10,11,6,2,0,2,17,7,50,-79,78.5,0,0,85.0,1,2015-16,6.5,93.2,90.7,90.7,119.2,116.4,116.4,-26.0,-25.7,-25.7,0.12,1.83,15.5,0.006,0.064,0.033,8.5,8.4,0.431,0.462,0.169,0.177,93.47,95.89,79.91,95.89,0.026,312,0.7,2.1
203187,Chris Johnson,Chris,1610612762,UTA,26.0,70,38,32,0.543,856.855,72,194,0.371,27,99,0.273,34,42,0.81,27,105,132,45,40,32,20,14,100,29,205,1,546.9,0,0,513.0,1,2015-16,12.2,102.3,99.2,99.2,97.6,97.2,97.2,4.6,2.0,2.0,0.082,1.13,15.1,0.032,0.118,0.076,13.4,13.4,0.441,0.482,0.131,0.137,94.68,96.3,80.25,96.3,0.053,1702,1.0,2.8
2549,Chris Kaman,Chris,1610612757,POR,34.0,16,11,5,0.688,111.76666666666668,20,43,0.465,1,4,0.25,3,3,1.0,7,17,24,11,8,1,1,2,15,3,44,-31,87.3,0,0,84.0,1,2015-16,7.0,93.4,90.7,90.7,106.6,105.4,105.4,-13.2,-14.6,-14.6,0.186,1.38,17.5,0.067,0.148,0.11,12.7,12.6,0.477,0.496,0.202,0.213,94.71,96.63,80.52,96.63,0.081,226,1.3,2.7
1626191,Chris McCullough,Chris,1610612751,BKN,21.0,24,7,17,0.292,362.385,44,109,0.404,13,34,0.382,11,23,0.478,25,43,68,9,15,28,12,9,39,17,112,-119,312.1,0,0,282.0,1,2015-16,15.1,100.2,101.1,101.1,116.3,115.8,115.8,-16.1,-14.7,-14.7,0.038,0.6,6.3,0.063,0.126,0.092,10.4,10.5,0.463,0.47,0.158,0.16,98.83,98.61,82.18,98.61,0.056,740,1.8,4.5
101108,Chris Paul,Chris,1610612746,LAC,31.0,74,50,24,0.676,2420.238333333333,515,1114,0.462,122,329,0.371,294,328,0.896,39,271,310,738,194,152,13,29,185,295,1446,553,3226.0,38,0,2946.0,1,2015-16,32.7,111.7,112.3,112.3,99.8,101.3,101.3,11.9,11.0,11.0,0.493,3.8,33.8,0.017,0.105,0.063,8.9,8.9,0.517,0.575,0.265,0.269,98.74,97.78,81.48,97.78,0.184,4935,7.0,15.1
1626174,Christian Wood,Christian,1610612755,PHI,20.0,17,0,17,0.0,144.79833333333335,22,53,0.415,4,11,0.364,13,21,0.619,13,25,38,3,2,5,7,10,11,20,61,-49,145.1,0,0,130.0,1,2015-16,8.5,95.4,94.7,94.7,108.9,107.7,107.7,-13.5,-13.0,-13.0,0.035,1.5,4.4,0.075,0.155,0.113,2.9,3.0,0.453,0.49,0.185,0.187,105.56,106.58,88.81,106.58,0.094,318,1.3,3.1
101236,Chuck Hayes,Chuck,1610612746,LAC,33.0,2,1,1,0.5,23.83333333333333,1,2,0.5,0,0,0.0,2,2,1.0,0,8,8,2,3,0,0,0,6,1,4,-3,13.6,0,0,14.0,1,2015-16,11.9,89.1,88.2,88.2,91.0,90.6,90.6,-2.0,-2.3,-2.3,0.133,0.67,25.0,0.0,0.25,0.0,37.5,38.1,0.5,0.694,0.113,0.112,103.96,104.73,87.27,104.73,0.054,51,0.5,1.0
203921,Cleanthony Early,Cleanthony,1610612752,NYK,25.0,17,6,11,0.353,153.82333333333332,12,40,0.3,4,15,0.267,3,4,0.75,4,22,26,6,9,2,3,4,16,4,31,0,77.2,0,0,77.0,1,2015-16,9.0,96.2,97.0,97.0,95.7,96.7,96.7,0.4,0.3,0.3,0.058,0.67,10.5,0.024,0.124,0.075,15.8,15.9,0.35,0.371,0.147,0.148,95.95,95.02,79.18,95.02,0.022,304,0.7,2.4
1626146,Cliff Alexander,Cliff,1610612757,POR,20.0,8,3,5,0.375,35.958333333333336,5,10,0.5,0,0,0.0,0,0,0.0,2,4,6,0,1,1,2,1,1,0,10,-13,25.2,0,0,22.0,1,2015-16,4.5,93.3,83.5,83.5,108.5,103.9,103.9,-15.1,-20.4,-20.4,0.0,0.0,0.0,0.065,0.105,0.087,9.1,9.1,0.5,0.5,0.134,0.151,95.82,103.45,86.21,103.45,0.074,79,0.6,1.3
203991,Clint Capela,Clint,1610612745,HOU,22.0,77,39,38,0.506,1470.71,231,397,0.582,0,1,0.0,80,211,0.379,194,300,494,47,60,59,92,46,190,148,542,100,1598.3,10,0,1385.0,1,2015-16,19.1,106.1,105.9,105.9,103.1,102.2,102.2,3.1,3.7,3.7,0.05,0.78,7.8,0.123,0.202,0.161,10.0,10.1,0.582,0.553,0.156,0.159,99.78,100.29,83.58,100.29,0.105,3067,3.0,5.2
203469,Cody Zeller,Cody,1610612766,CHA,23.0,73,42,31,0.575,1773.7316666666666,231,437,0.529,1,10,0.1,175,232,0.754,138,317,455,71,68,57,63,60,204,184,638,164,1582.5,5,0,1405.0,1,2015-16,24.3,107.6,108.4,108.4,103.2,103.4,103.4,4.4,5.0,5.0,0.061,1.04,10.5,0.077,0.178,0.128,10.0,10.0,0.53,0.592,0.152,0.154,97.91,97.48,81.23,97.48,0.095,3595,3.2,6.0
202332,Cole Aldrich,Cole,1610612746,LAC,27.0,60,41,19,0.683,799.6366666666667,134,225,0.596,0,0,0.0,60,84,0.714,86,202,288,50,64,47,68,18,139,74,328,-26,1029.6,3,0,896.0,1,2015-16,13.3,100.7,99.1,99.1,99.8,99.8,99.8,1.0,-0.7,-0.7,0.107,0.78,13.2,0.11,0.252,0.182,16.9,17.0,0.596,0.626,0.185,0.19,95.92,96.7,80.59,96.7,0.146,1604,2.2,3.8
201147,Corey Brewer,Corey,1610612745,HOU,30.0,82,41,41,0.5,1668.8833333333334,212,552,0.384,61,224,0.272,105,140,0.75,42,157,199,109,78,84,19,27,168,138,590,-87,1223.3,0,0,1165.0,1,2015-16,20.4,102.2,101.8,101.8,104.3,104.0,104.0,-2.2,-2.1,-2.1,0.102,1.4,13.6,0.023,0.09,0.056,9.8,9.7,0.439,0.481,0.172,0.176,102.13,102.49,85.41,102.49,0.06,3558,2.6,6.7
203928,Cory Jefferson,Cory,1610612756,PHX,25.0,8,2,6,0.25,50.06333333333333,9,22,0.409,0,1,0.0,4,6,0.667,6,10,16,0,0,0,1,3,8,4,22,-6,44.2,0,0,40.0,1,2015-16,6.3,97.0,98.1,98.1,107.3,104.8,104.8,-10.4,-6.7,-6.7,0.0,0.0,0.0,0.0,0.0,0.0,0.0,0.0,0.409,0.446,0.203,0.21,99.62,100.19,83.49,100.19,0.07,105,1.1,2.8
202709,Cory Joseph,Cory,1610612761,TOR,24.0,80,54,26,0.675,2046.4016666666664,257,585,0.439,30,110,0.273,133,174,0.764,39,171,210,250,102,63,20,46,131,160,677,275,1451.0,0,0,1333.0,1,2015-16,25.6,107.1,107.1,107.1,100.2,100.9,100.9,6.9,6.2,6.2,0.199,2.45,24.6,0.019,0.08,0.05,10.0,10.1,0.465,0.512,0.166,0.17,95.39,95.08,79.23,95.08,0.089,4065,3.2,7.3
1626262,Coty Clarke,Coty,1610612738,BOS,23.0,3,0,3,0.0,5.801666666666667,2,4,0.5,2,2,1.0,0,0,0.0,0,1,1,0,1,0,0,0,0,0,6,4,6.2,0,0,9.0,1,2015-16,1.9,153.1,150.0,150.0,128.7,107.7,107.7,24.4,42.3,42.3,0.0,0.0,0.0,0.0,0.2,0.0,20.0,20.0,0.75,0.75,0.357,0.363,93.66,103.42,86.18,103.42,0.118,12,0.7,1.3
201584,Courtney Lee,Courtney,1610612766,CHA,30.0,79,49,30,0.62,2334.4733333333334,290,639,0.454,82,217,0.378,99,118,0.839,29,176,205,136,72,85,28,27,134,74,761,149,1478.0,0,0,1410.0,2,2015-16,29.6,106.2,107.1,107.1,103.3,104.1,104.1,2.9,3.0,3.0,0.088,1.89,15.3,0.013,0.077,0.045,8.1,8.0,0.518,0.551,0.146,0.15,95.82,95.03,79.2,95.03,0.071,4627,3.7,8.1
1626245,Cristiano Felicio,Cristiano,1610612741,CHI,23.0,31,14,17,0.452,320.7033333333333,40,72,0.556,0,4,0.0,25,35,0.714,30,72,102,26,13,6,13,5,31,22,105,53,310.4,0,0,271.0,1,2015-16,10.3,107.0,107.5,107.5,101.4,99.5,99.5,5.6,8.0,8.0,0.115,2.0,20.5,0.094,0.218,0.157,10.2,10.3,0.556,0.601,0.135,0.136,97.11,97.81,81.51,97.81,0.123,654,1.3,2.3
1626156,D'Angelo Russell,D'Angelo,1610612747,LAL,20.0,80,17,63,0.213,2259.08,392,956,0.41,130,370,0.351,140,190,0.737,47,227,274,266,196,93,13,50,142,174,1054,-546,1903.8,1,0,1936.0,1,2015-16,28.2,97.3,98.4,98.4,110.3,110.1,110.1,-13.0,-11.7,-11.7,0.213,1.36,17.7,0.019,0.101,0.058,13.1,13.1,0.478,0.507,0.238,0.241,97.69,97.17,80.97,97.17,0.088,4568,4.9,12.0
201571,D.J. Augustin,D.J.,1610612743,DEN,28.0,62,35,27,0.565,1177.6233333333332,148,350,0.423,68,168,0.405,103,128,0.805,8,87,95,198,84,38,4,32,85,135,467,-32,920.0,2,0,912.0,2,2015-16,19.0,104.4,105.1,105.1,105.8,106.1,106.1,-1.4,-1.0,-1.0,0.257,2.36,28.8,0.007,0.072,0.04,12.2,12.2,0.52,0.575,0.18,0.183,98.38,97.91,81.59,97.91,0.098,2398,2.4,5.6
2563,Dahntay Jones,Dahntay,1610612739,CLE,35.0,1,0,1,0.0,42.35,6,14,0.429,1,2,0.5,0,0,0.0,1,4,5,2,0,1,2,2,6,1,13,-1,31.0,0,0,27.0,1,2015-16,42.4,104.3,110.1,110.1,110.4,108.6,108.6,-6.1,1.5,1.5,0.067,0.0,12.5,0.0,0.095,0.0,0.0,0.0,0.464,0.464,0.156,0.157,92.42,90.67,75.56,90.67,0.047,79,6.0,14.0
203081,Damian Lillard,Damian,1610612757,POR,25.0,75,40,35,0.533,2675.7616666666668,618,1474,0.419,229,610,0.375,414,464,0.892,45,257,302,512,242,65,28,93,165,383,1879,94,3046.4,15,0,3108.0,1,2015-16,35.7,108.1,109.4,109.4,107.3,107.8,107.8,0.9,1.6,1.6,0.33,2.12,21.2,0.016,0.093,0.054,10.0,10.0,0.497,0.56,0.304,0.31,99.4,98.54,82.11,98.54,0.143,5495,8.2,19.7
203996,Damien Inglis,Damien,1610612749,MIL,21.0,20,5,15,0.25,156.35166666666666,13,37,0.351,3,13,0.231,7,8,0.875,2,29,31,10,11,6,3,3,11,7,36,-44,104.2,0,0,98.0,1,2015-16,7.8,88.9,85.7,85.7,98.9,99.4,99.4,-10.0,-13.7,-13.7,0.112,0.91,16.1,0.013,0.171,0.097,17.7,17.9,0.392,0.444,0.149,0.158,95.38,96.86,80.72,96.86,0.076,315,0.7,1.9
204014,Damjan Rudez,Damjan,1610612750,MIN,30.0,33,9,24,0.273,277.285,25,62,0.403,17,50,0.34,8,8,1.0,5,15,20,11,13,3,1,4,33,6,75,-13,114.5,0,0,131.0,1,2015-16,8.4,105.6,104.4,104.4,107.7,106.9,106.9,-2.1,-2.5,-2.5,0.058,0.85,12.2,0.019,0.056,0.038,14.4,14.5,0.54,0.572,0.123,0.126,97.47,98.41,82.01,98.41,0.025,569,0.8,1.9
201568,Danilo Gallinari,Danilo,1610612743,DEN,27.0,53,22,31,0.415,1838.7066666666667,287,700,0.41,87,239,0.364,375,432,0.868,52,229,281,135,77,42,19,49,87,334,1036,-101,1681.7,3,0,1661.0,1,2015-16,34.7,103.4,105.0,105.0,106.8,107.8,107.8,-3.5,-2.8,-2.8,0.122,1.75,12.2,0.027,0.127,0.075,7.0,7.0,0.472,0.582,0.226,0.228,98.45,97.26,81.05,97.26,0.124,3727,5.4,13.2
201980,Danny Green,Danny,1610612759,SAS,29.0,79,65,14,0.823,2061.525,211,561,0.376,116,349,0.332,34,46,0.739,48,255,303,141,75,79,64,21,141,63,572,506,1501.1,0,0,1418.0,1,2015-16,26.1,108.0,108.1,108.1,95.3,95.7,95.7,12.7,12.5,12.5,0.092,1.88,17.7,0.024,0.121,0.074,9.4,9.4,0.48,0.492,0.143,0.145,95.12,94.88,79.07,94.88,0.07,4074,2.7,7.1
201967,Dante Cunningham,Dante,1610612740,NOP,29.0,80,28,52,0.35,1970.9483333333333,186,412,0.451,55,174,0.316,57,82,0.695,57,179,236,77,41,42,33,24,173,63,484,-280,1066.7,0,0,1002.0,1,2015-16,24.6,102.7,103.0,103.0,109.1,109.3,109.3,-6.4,-6.3,-6.3,0.056,1.88,13.6,0.028,0.097,0.061,7.2,7.2,0.518,0.54,0.11,0.111,98.51,98.24,81.87,98.24,0.047,4022,2.3,5.2
201589,Darrell Arthur,Darrell,1610612743,DEN,28.0,70,26,44,0.371,1515.9916666666666,221,489,0.452,45,117,0.385,40,53,0.755,86,207,293,96,66,53,48,21,185,52,527,-52,1259.6,2,0,1163.0,1,2015-16,21.7,101.4,102.2,102.2,103.5,104.0,104.0,-2.1,-1.8,-1.8,0.102,1.45,14.2,0.055,0.132,0.093,9.8,9.8,0.498,0.514,0.165,0.168,98.24,97.63,81.36,97.63,0.079,3085,3.2,7.0
201954,Darren Collison,Darren,1610612758,SAC,28.0,74,29,45,0.392,2218.846666666667,377,776,0.486,87,217,0.401,194,226,0.858,28,141,169,318,130,77,4,59,142,168,1035,-70,1827.8,4,0,1771.0,1,2015-16,30.0,104.8,105.9,105.9,107.2,107.5,107.5,-2.4,-1.6,-1.6,0.219,2.45,24.2,0.012,0.062,0.037,9.9,9.8,0.542,0.591,0.19,0.193,101.66,100.94,84.12,100.94,0.106,4669,5.1,10.5
1626199,Darrun Hilliard,Darrun,1610612765,DET,23.0,38,17,21,0.447,383.01666666666665,52,131,0.397,19,50,0.38,29,40,0.725,5,40,45,27,19,9,1,4,28,29,152,-3,257.5,0,0,263.0,1,2015-16,10.1,102.3,100.6,100.6,102.3,102.3,102.3,0.0,-1.7,-1.7,0.117,1.42,13.8,0.013,0.103,0.057,9.7,9.8,0.469,0.511,0.19,0.198,96.1,96.87,80.73,96.87,0.073,778,1.4,3.4
101135,David Lee,David,1610612742,DAL,33.0,55,27,28,0.491,902.93,178,335,0.531,0,1,0.0,71,93,0.763,101,204,305,84,66,22,28,42,114,73,427,-85,1003.0,4,0,916.0,2,2015-16,16.4,99.3,98.4,98.4,102.4,102.4,102.4,-3.1,-4.0,-4.0,0.162,1.27,15.9,0.108,0.218,0.163,12.5,12.5,0.531,0.568,0.21,0.215,99.78,100.21,83.51,100.21,0.138,1880,3.2,6.1
2561,David West,David,1610612759,SAS,35.0,78,63,15,0.808,1404.2283333333332,244,448,0.545,3,7,0.429,63,80,0.788,72,237,309,143,68,44,55,27,142,96,554,330,1368.3,1,0,1207.0,1,2015-16,18.0,107.1,107.5,107.5,95.2,95.3,95.3,11.8,12.2,12.2,0.15,2.1,20.7,0.055,0.168,0.113,9.9,9.8,0.548,0.573,0.175,0.179,96.6,96.38,80.31,96.38,0.12,2812,3.1,5.7
201599,DeAndre Jordan,DeAndre,1610612746,LAC,27.0,77,51,26,0.662,2597.681666666667,357,508,0.703,0,1,0.0,266,619,0.43,267,792,1059,90,107,51,177,20,207,465,980,436,2962.8,49,0,2585.0,1,2015-16,33.7,110.5,111.1,111.1,100.3,102.1,102.1,10.2,8.9,8.9,0.051,0.84,9.1,0.105,0.286,0.199,10.8,10.9,0.703,0.628,0.155,0.154,98.22,97.09,80.91,97.09,0.141,5239,4.6,6.6
201971,DeJuan Blair,DeJuan,1610612764,WAS,27.0,29,12,17,0.414,218.07,28,68,0.412,0,1,0.0,5,13,0.385,20,37,57,11,15,8,2,4,53,20,61,-39,160.9,0,0,149.0,1,2015-16,7.5,98.1,96.2,96.2,109.4,105.7,105.7,-11.3,-9.5,-9.5,0.077,0.73,11.0,0.081,0.18,0.126,15.0,15.0,0.412,0.414,0.166,0.172,101.82,104.55,87.13,104.55,0.016,478,1.0,2.3
201942,DeMar DeRozan,DeMar,1610612761,TOR,26.0,78,53,25,0.679,2803.795,614,1377,0.446,47,139,0.338,555,653,0.85,64,285,349,315,175,81,21,97,167,432,1830,174,2852.3,3,0,2745.0,1,2015-16,35.9,107.1,108.8,108.8,104.1,106.0,106.0,3.0,2.8,2.8,0.208,1.8,14.7,0.023,0.103,0.063,8.2,8.1,0.463,0.55,0.291,0.297,95.91,94.31,78.59,94.31,0.139,5518,7.9,17.7
202326,DeMarcus Cousins,DeMarcus,1610612758,SAC,25.0,65,29,36,0.446,2245.835,601,1332,0.451,70,210,0.333,476,663,0.718,158,589,747,214,249,101,92,119,236,577,1748,39,3295.4,47,1,3165.0,1,2015-16,34.6,104.4,106.3,106.3,104.4,104.9,104.9,0.0,1.3,1.3,0.167,0.86,10.2,0.07,0.249,0.162,11.9,11.9,0.477,0.538,0.351,0.352,103.41,102.25,85.21,102.25,0.156,4772,9.2,20.5
201960,DeMarre Carroll,DeMarre,1610612761,TOR,29.0,26,16,10,0.615,786.4416666666667,105,270,0.389,46,118,0.39,30,50,0.6,31,91,122,27,28,44,6,18,63,45,286,45,594.9,0,0,581.0,1,2015-16,30.2,104.6,105.7,105.7,101.9,103.1,103.1,2.7,2.6,2.6,0.056,0.96,7.8,0.037,0.118,0.076,8.1,8.1,0.474,0.49,0.176,0.179,96.79,95.76,79.8,95.76,0.071,1571,4.0,10.4
1626153,Delon Wright,Delon,1610612761,TOR,24.0,27,19,8,0.704,229.275,36,80,0.45,5,13,0.385,26,35,0.743,8,29,37,31,16,8,3,8,7,22,103,13,210.9,0,0,198.0,1,2015-16,8.5,105.8,102.8,102.8,100.6,99.6,99.6,5.2,3.3,3.3,0.226,1.94,21.5,0.035,0.12,0.079,11.1,11.2,0.481,0.54,0.218,0.226,94.65,96.51,80.43,96.51,0.124,460,1.3,3.0
203471,Dennis Schröder,Dennis,1610612737,ATL,22.0,80,47,33,0.588,1620.9583333333333,329,781,0.421,77,239,0.322,144,182,0.791,25,179,204,349,183,70,9,69,138,177,879,225,1701.3,2,0,1667.0,1,2015-16,20.3,103.5,103.4,103.4,95.7,95.9,95.9,7.8,7.5,7.5,0.368,1.91,25.1,0.016,0.106,0.062,13.1,13.1,0.471,0.51,0.286,0.293,98.03,97.93,81.61,97.93,0.121,3296,4.1,9.8
101114,Deron Williams,Deron,1610612742,DAL,32.0,65,31,34,0.477,2106.0216666666665,321,775,0.414,97,282,0.344,179,206,0.869,19,171,190,378,150,61,14,39,155,177,918,2,1788.0,4,0,1733.0,1,2015-16,32.4,104.3,104.9,104.9,104.0,104.8,104.8,0.4,0.1,0.1,0.295,2.52,27.2,0.009,0.079,0.045,10.8,10.8,0.477,0.53,0.218,0.221,96.25,95.6,79.67,95.6,0.1,4193,4.9,11.9
202324,Derrick Favors,Derrick,1610612762,UTA,24.0,62,30,32,0.484,1983.2016666666664,418,811,0.515,0,4,0.0,180,254,0.709,169,334,503,94,104,74,91,63,150,200,1016,97,2151.6,19,0,1943.0,1,2015-16,32.0,104.4,105.6,105.6,103.3,103.2,103.2,1.1,2.3,2.3,0.086,0.9,8.4,0.089,0.18,0.134,9.3,9.3,0.515,0.551,0.234,0.239,93.03,92.54,77.12,92.54,0.14,3827,6.7,13.1
201565,Derrick Rose,Derrick,1610612741,CHI,27.0,66,32,34,0.485,2097.423333333333,447,1048,0.427,44,150,0.293,142,179,0.793,46,179,225,311,175,44,14,76,84,153,1080,-166,1815.5,1,0,1776.0,1,2015-16,31.8,101.6,103.1,103.1,105.8,106.9,106.9,-4.2,-3.8,-3.8,0.25,1.78,19.3,0.021,0.078,0.05,10.9,10.9,0.448,0.479,0.266,0.27,99.12,97.9,81.59,97.9,0.094,4276,6.8,15.9
202682,Derrick Williams,Derrick,1610612752,NYK,25.0,80,32,48,0.4,1434.865,254,565,0.45,44,150,0.293,194,256,0.758,47,249,296,75,61,29,9,37,69,175,746,-205,1266.7,4,0,1237.0,1,2015-16,17.9,98.8,98.9,98.9,106.3,105.9,105.9,-7.5,-7.0,-7.0,0.096,1.23,9.2,0.032,0.169,0.1,7.5,7.5,0.488,0.55,0.23,0.234,96.13,96.31,80.26,96.31,0.127,2878,3.2,7.1
1626164,Devin Booker,Devin,1610612756,PHX,19.0,76,20,56,0.263,2107.665,367,867,0.423,99,289,0.343,215,256,0.84,27,160,187,200,160,44,20,64,225,243,1048,-373,1604.4,3,0,1662.0,1,2015-16,27.7,98.9,100.3,100.3,108.5,108.7,108.7,-9.6,-8.4,-8.4,0.162,1.25,15.0,0.012,0.075,0.043,12.0,11.9,0.48,0.535,0.228,0.231,100.53,99.76,83.13,99.76,0.074,4379,4.8,11.4
2734,Devin Harris,Devin,1610612742,DAL,33.0,64,35,29,0.547,1280.45,167,374,0.447,52,158,0.329,101,140,0.721,18,120,138,118,66,60,13,17,124,141,487,-91,982.6,0,0,941.0,1,2015-16,20.0,101.3,100.0,100.0,102.9,102.6,102.6,-1.6,-2.6,-2.6,0.149,1.79,19.2,0.014,0.089,0.052,10.7,10.7,0.516,0.559,0.168,0.175,99.25,100.05,83.38,100.05,0.083,2658,2.6,5.8
203906,Devyn Marble,Devyn,1610612753,ORL,23.0,28,12,16,0.429,248.74666666666667,21,71,0.296,8,32,0.25,10,24,0.417,6,32,38,12,7,13,1,3,25,17,60,-13,158.6,0,0,146.0,1,2015-16,8.9,97.0,96.7,96.7,101.2,97.9,97.9,-4.2,-1.2,-1.2,0.072,1.71,11.9,0.021,0.12,0.069,6.9,7.0,0.352,0.368,0.153,0.155,99.43,101.21,84.34,101.21,0.029,521,0.8,2.5
203473,Dewayne Dedmon,Dewayne,1610612753,ORL,26.0,58,21,37,0.362,704.875,99,177,0.559,0,0,0.0,57,76,0.75,67,161,228,13,32,22,46,15,109,62,255,-36,720.1,1,0,632.0,1,2015-16,12.2,101.0,102.3,102.3,103.8,103.5,103.5,-2.7,-1.1,-1.1,0.029,0.41,5.1,0.095,0.223,0.16,12.5,12.5,0.559,0.606,0.151,0.152,98.09,97.62,81.35,97.62,0.109,1424,1.7,3.1
203079,Dion Waiters,Dion,1610612760,OKC,24.0,78,53,25,0.679,2151.623333333333,282,706,0.399,86,240,0.358,112,157,0.713,36,166,202,154,120,81,15,34,143,128,762,213,1403.4,0,0,1396.0,1,2015-16,27.6,109.1,110.5,110.5,105.4,106.0,106.0,3.7,4.4,4.4,0.103,1.28,14.7,0.016,0.073,0.045,11.5,11.4,0.46,0.492,0.173,0.176,99.96,99.02,82.51,99.02,0.058,4446,3.6,9.1
1717,Dirk Nowitzki,Dirk,1610612742,DAL,38.0,75,38,37,0.507,2363.5066666666667,498,1112,0.448,126,342,0.368,250,280,0.893,52,437,489,132,84,52,52,14,161,302,1372,254,2384.8,10,0,2327.0,1,2015-16,31.5,107.7,106.8,106.8,104.1,102.7,102.7,3.6,4.2,4.2,0.096,1.57,9.1,0.022,0.182,0.103,5.8,5.8,0.504,0.555,0.249,0.255,95.61,96.66,80.55,96.66,0.134,4786,6.6,14.8
202388,Donald Sloan,Donald,1610612751,BKN,28.0,61,13,48,0.213,1317.8033333333333,154,350,0.44,38,99,0.384,78,104,0.75,17,156,173,268,80,32,4,24,73,97,424,-125,1061.6,3,0,975.0,1,2015-16,21.6,103.2,103.4,103.4,108.3,107.9,107.9,-5.1,-4.5,-4.5,0.293,3.35,35.9,0.013,0.119,0.067,10.7,10.8,0.494,0.536,0.163,0.165,96.88,96.92,80.77,96.92,0.099,2658,2.5,5.7
202700,Donatas Motiejunas,Donatas,1610612745,HOU,25.0,37,19,18,0.514,546.6933333333334,90,205,0.439,16,57,0.281,34,53,0.642,37,72,109,41,44,17,5,9,69,67,230,45,444.3,0,0,440.0,1,2015-16,14.8,105.8,105.5,105.5,101.2,101.5,101.5,4.6,4.0,4.0,0.116,0.93,13.0,0.069,0.124,0.097,13.9,14.0,0.478,0.504,0.214,0.217,100.23,100.22,83.52,100.22,0.066,1141,2.4,5.5
203926,Doug McDermott,Doug,1610612741,CHI,24.0,81,41,40,0.506,1860.56,291,644,0.452,110,259,0.425,72,84,0.857,37,158,195,59,53,14,6,33,127,66,764,-68,1093.5,0,0,1168.0,1,2015-16,23.0,101.1,101.6,101.6,104.8,104.6,104.6,-3.7,-3.0,-3.0,0.049,1.11,7.5,0.019,0.08,0.049,6.7,6.7,0.537,0.561,0.166,0.171,98.97,98.78,82.32,98.78,0.069,3852,3.6,8.0
203110,Draymond Green,Draymond,1610612744,GSW,26.0,81,73,8,0.901,2807.998333333333,401,819,0.49,100,258,0.388,229,329,0.696,134,635,769,598,259,119,113,55,240,310,1131,1072,3387.8,33,13,3062.0,1,2015-16,34.7,116.4,117.0,117.0,97.5,99.1,99.1,18.9,18.0,18.0,0.277,2.31,32.8,0.05,0.198,0.131,14.2,14.2,0.551,0.587,0.184,0.186,103.22,102.13,85.11,102.13,0.136,5974,5.0,10.1
2400,Drew Gooden,Drew,1610612764,WAS,34.0,30,18,12,0.6,305.17833333333334,33,103,0.32,7,41,0.171,9,14,0.643,28,57,85,13,13,8,11,6,40,19,82,-83,247.5,2,0,225.0,1,2015-16,10.2,98.0,97.1,97.1,109.9,109.2,109.2,-12.0,-12.2,-12.2,0.066,1.0,9.6,0.083,0.198,0.136,9.6,9.6,0.354,0.376,0.169,0.174,100.98,101.76,84.8,101.76,0.048,645,1.1,3.4
1626251,Duje Dukan,Duje,1610612758,SAC,24.0,1,0,1,0.0,24.23333333333333,2,10,0.2,2,5,0.4,0,0,0.0,2,2,4,1,0,1,0,0,2,0,6,-8,15.3,0,0,15.0,1,2015-16,24.2,85.9,86.5,86.5,104.0,101.9,101.9,-18.1,-15.4,-15.4,0.067,0.0,9.1,0.051,0.069,0.059,0.0,0.0,0.3,0.3,0.154,0.16,102.36,103.0,85.83,103.0,0.013,52,2.0,10.0
2730,Dwight Howard,Dwight,1610612745,HOU,30.0,71,34,37,0.479,2279.6633333333334,372,600,0.62,0,6,0.0,232,474,0.489,238,597,835,98,166,69,113,48,219,385,976,18,2505.0,38,0,2273.0,1,2015-16,32.1,105.4,106.5,106.5,105.2,105.6,105.6,0.2,0.9,0.9,0.071,0.59,9.1,0.103,0.261,0.182,15.5,15.5,0.62,0.604,0.184,0.186,98.97,98.27,81.89,98.27,0.128,4655,5.2,8.5
203939,Dwight Powell,Dwight,1610612742,DAL,24.0,69,35,34,0.507,991.6283333333332,146,296,0.493,2,16,0.125,105,142,0.739,84,189,273,44,40,36,24,20,118,116,399,-81,932.6,3,0,838.0,1,2015-16,14.4,99.8,97.7,97.7,100.8,100.0,100.0,-1.0,-2.3,-2.3,0.077,1.1,10.0,0.082,0.188,0.135,9.1,9.0,0.497,0.557,0.175,0.182,97.76,99.18,82.65,99.18,0.117,2032,2.1,4.3
2548,Dwyane Wade,Dwyane,1610612748,MIA,34.0,74,43,31,0.581,2257.995,540,1183,0.456,7,44,0.159,322,406,0.793,82,220,302,344,203,79,42,42,116,274,1409,-7,2447.4,2,0,2304.0,1,2015-16,30.5,104.9,105.1,105.1,103.9,105.5,105.5,1.0,-0.4,-0.4,0.267,1.69,18.0,0.038,0.096,0.068,10.6,10.6,0.459,0.517,0.31,0.315,96.03,95.25,79.37,95.25,0.131,4486,7.3,16.0
202734,E'Twaun Moore,E'Twaun,1610612741,CHI,27.0,59,29,30,0.492,1263.1,187,389,0.481,47,104,0.452,22,35,0.629,19,114,133,99,53,37,18,25,103,41,443,-37,863.1,0,0,832.0,1,2015-16,21.4,103.6,104.0,104.0,104.6,105.0,105.0,-1.0,-0.9,-0.9,0.118,1.87,17.8,0.015,0.082,0.05,9.5,9.5,0.541,0.548,0.157,0.16,98.32,97.97,81.64,97.97,0.073,2572,3.2,6.6
202334,Ed Davis,Ed,1610612757,POR,27.0,81,43,38,0.531,1684.1866666666667,206,337,0.611,0,0,0.0,114,204,0.559,224,375,599,88,64,57,72,25,202,155,526,22,1699.8,9,0,1471.0,1,2015-16,20.8,104.6,104.5,104.5,103.3,103.5,103.5,1.3,1.0,1.0,0.078,1.38,15.2,0.125,0.211,0.168,11.1,11.1,0.611,0.616,0.125,0.128,97.25,97.2,81.0,97.2,0.123,3404,2.5,4.2
204002,Edy Tavares,Edy,1610612737,ATL,24.0,11,7,4,0.636,72.65,11,19,0.579,0,0,0.0,3,8,0.375,7,14,21,3,5,1,6,2,8,4,25,-10,70.7,0,0,63.0,1,2015-16,6.6,109.8,109.8,109.8,112.9,114.1,114.1,-3.1,-4.3,-4.3,0.055,0.6,9.7,0.115,0.0,0.0,16.1,16.4,0.579,0.555,0.167,0.168,102.62,102.08,85.07,102.08,0.071,153,1.0,1.7
203901,Elfrid Payton,Elfrid,1610612753,ORL,22.0,73,32,41,0.438,2144.92,318,730,0.436,30,92,0.326,112,190,0.589,77,184,261,467,177,89,20,87,159,168,778,-70,1941.7,14,1,1754.0,1,2015-16,29.4,102.3,103.7,103.7,104.4,105.1,105.1,-2.1,-1.4,-1.4,0.317,2.64,32.1,0.034,0.087,0.06,12.2,12.1,0.456,0.478,0.198,0.201,98.85,97.85,81.54,97.85,0.091,4368,4.4,10.0
202407,Elijah Millsap,Elijah,1610612762,UTA,28.0,20,9,11,0.45,172.775,11,39,0.282,1,12,0.083,13,18,0.722,6,29,35,19,9,7,3,4,33,15,36,21,127.5,0,0,111.0,1,2015-16,8.6,102.6,100.6,100.6,96.0,93.2,93.2,6.6,7.4,7.4,0.164,2.11,25.0,0.033,0.152,0.094,11.8,12.0,0.295,0.384,0.141,0.146,95.3,97.65,81.38,97.65,0.041,349,0.6,2.0
202343,Elliot Williams,Elliot,1610612766,CHA,27.0,5,4,1,0.8,45.138333333333335,2,10,0.2,1,4,0.25,3,4,0.75,1,3,4,4,1,0,0,0,2,5,8,-3,17.8,0,0,17.0,1,2015-16,9.0,99.6,98.9,98.9,100.2,103.5,103.5,-0.6,-4.6,-4.6,0.143,4.0,23.5,0.024,0.068,0.047,5.9,6.0,0.25,0.34,0.138,0.137,93.13,91.98,76.65,91.98,0.023,87,0.4,2.0
1882,Elton Brand,Elton,1610612755,PHI,37.0,17,2,15,0.118,224.695,31,72,0.431,0,1,0.0,8,9,0.889,9,54,63,18,11,9,8,2,32,17,70,-38,212.6,1,0,185.0,1,2015-16,13.2,91.6,90.1,90.1,97.3,97.1,97.1,-5.6,-7.0,-7.0,0.142,1.64,17.3,0.034,0.22,0.124,10.6,10.5,0.431,0.461,0.168,0.174,100.82,101.79,84.83,101.79,0.095,474,1.8,4.2
1626144,Emmanuel Mudiay,Emmanuel,1610612743,DEN,20.0,68,29,39,0.426,2067.8866666666668,329,905,0.364,74,232,0.319,140,209,0.67,32,200,232,372,217,65,35,84,141,156,872,-118,1791.4,4,0,1750.0,1,2015-16,30.4,103.3,104.7,104.7,107.1,107.9,107.9,-3.7,-3.1,-3.1,0.281,1.71,23.4,0.015,0.097,0.055,13.7,13.7,0.404,0.437,0.25,0.253,99.36,98.31,81.93,98.31,0.068,4242,4.8,13.3
202683,Enes Freedom,Enes,1610612760,OKC,24.0,82,55,27,0.671,1720.6783333333333,414,719,0.576,10,21,0.476,200,251,0.797,249,415,664,33,115,26,33,79,166,208,1038,127,1946.3,25,0,1863.0,1,2015-16,21.0,109.1,110.3,110.3,106.4,106.6,106.6,2.7,3.8,3.8,0.032,0.29,3.4,0.145,0.23,0.189,11.8,11.8,0.583,0.626,0.229,0.234,98.29,97.68,81.4,97.68,0.162,3499,5.0,8.8
202339,Eric Bledsoe,Eric,1610612756,PHX,26.0,31,12,19,0.387,1058.7716666666668,223,492,0.453,48,129,0.372,138,172,0.802,18,107,125,190,110,63,19,25,75,149,632,-49,1203.0,3,0,1159.0,1,2015-16,34.2,101.3,103.1,103.1,103.5,104.8,104.8,-2.2,-1.7,-1.7,0.298,1.73,21.9,0.016,0.1,0.058,12.7,12.7,0.502,0.557,0.27,0.273,102.22,100.74,83.95,100.74,0.139,2217,7.2,15.9
201569,Eric Gordon,Eric,1610612740,NOP,27.0,45,14,31,0.311,1481.3516666666667,231,552,0.418,113,294,0.384,111,125,0.888,10,89,99,121,73,43,14,30,98,113,686,-70,1084.3,0,0,1133.0,1,2015-16,32.9,102.5,103.6,103.6,105.1,105.9,105.9,-2.6,-2.3,-2.3,0.129,1.66,15.1,0.007,0.059,0.033,9.1,9.1,0.521,0.565,0.203,0.205,99.33,98.49,82.07,98.49,0.081,3039,5.1,12.3
203961,Eric Moreland,Eric,1610612758,SAC,24.0,8,1,7,0.125,47.583333333333336,3,6,0.5,0,0,0.0,2,4,0.5,3,8,11,1,3,0,4,2,4,3,8,7,31.7,0,0,28.0,1,2015-16,5.9,105.0,107.7,107.7,102.9,101.0,101.0,2.2,6.7,6.7,0.029,0.33,8.3,0.067,0.136,0.106,25.0,25.5,0.5,0.515,0.096,0.096,105.27,104.91,87.43,104.91,0.047,104,0.4,0.8
203475,Erick Green,Erick,1610612743,DEN,25.0,9,6,3,0.667,42.13333333333333,5,13,0.385,1,5,0.2,2,2,1.0,3,3,6,3,0,1,0,0,4,2,13,-1,27.7,0,0,25.0,2,2015-16,4.7,115.6,113.1,113.1,117.1,114.3,114.3,-1.5,-1.2,-1.2,0.107,0.0,18.8,0.081,0.1,0.09,0.0,0.0,0.423,0.468,0.138,0.151,93.53,95.7,79.75,95.7,0.061,84,0.6,1.4
101141,Ersan Ilyasova,Ersan,1610612753,ORL,29.0,74,35,39,0.473,1880.3866666666668,280,661,0.424,96,259,0.371,111,154,0.721,144,259,403,67,71,52,33,41,171,177,767,-137,1535.1,4,0,1503.0,2,2015-16,25.4,102.2,103.2,103.2,106.4,107.2,107.2,-4.3,-4.0,-4.0,0.055,0.94,7.7,0.069,0.15,0.106,8.2,8.2,0.496,0.526,0.18,0.182,98.55,97.69,81.41,97.69,0.086,3835,3.8,8.9
203095,Evan Fournier,Evan,1610612753,ORL,23.0,79,33,46,0.418,2566.088333333333,429,929,0.462,156,390,0.4,199,238,0.836,33,192,225,214,133,96,2,70,214,213,1213,-191,1965.0,0,0,2004.0,1,2015-16,32.5,103.1,104.3,104.3,106.8,107.6,107.6,-3.7,-3.3,-3.3,0.128,1.61,15.6,0.013,0.077,0.044,9.7,9.6,0.546,0.587,0.2,0.203,97.83,96.86,80.71,96.86,0.087,5168,5.4,11.8
202323,Evan Turner,Evan,1610612738,BOS,27.0,81,47,34,0.58,2270.6983333333333,343,753,0.456,20,83,0.241,148,179,0.827,50,347,397,359,169,80,28,43,139,159,854,97,2023.9,4,0,1846.0,1,2015-16,28.0,101.8,102.5,102.5,100.0,100.5,100.5,1.8,2.0,2.0,0.247,2.12,26.4,0.02,0.145,0.082,12.4,12.4,0.469,0.513,0.184,0.187,101.22,100.67,83.89,100.67,0.12,4763,4.2,9.3
203105,Festus Ezeli,Festus,1610612744,GSW,26.0,46,42,4,0.913,770.1883333333334,125,228,0.548,0,0,0.0,70,132,0.53,91,166,257,32,38,18,50,20,94,110,320,223,842.4,6,0,745.0,1,2015-16,16.7,110.9,111.1,111.1,96.6,96.8,96.8,14.3,14.3,14.3,0.06,0.84,9.0,0.121,0.196,0.161,10.6,10.7,0.548,0.559,0.177,0.18,101.84,101.65,84.71,101.65,0.105,1626,2.7,5.0
1626163,Frank Kaminsky,Frank,1610612766,CHA,23.0,81,47,34,0.58,1707.5733333333333,215,525,0.41,68,202,0.337,108,148,0.73,69,266,335,98,58,38,43,48,126,109,606,-18,1340.0,1,0,1269.0,1,2015-16,21.1,100.8,100.8,100.8,101.2,101.7,101.7,-0.4,-0.9,-0.9,0.095,1.69,13.2,0.038,0.15,0.094,7.8,7.8,0.474,0.513,0.166,0.17,97.99,97.74,81.45,97.74,0.09,3483,2.7,6.5
202066,Garrett Temple,Garrett,1610612764,WAS,30.0,80,40,40,0.5,1951.195,201,505,0.398,89,258,0.345,91,125,0.728,36,176,212,140,64,69,18,35,195,135,582,-38,1243.4,0,0,1197.0,1,2015-16,24.4,101.5,101.6,101.6,101.0,101.6,101.6,0.4,0.0,0.0,0.102,2.19,18.3,0.018,0.091,0.054,8.4,8.4,0.486,0.52,0.14,0.142,100.49,100.12,83.44,100.12,0.057,4052,2.5,6.3
203914,Gary Harris,Gary,1610612743,DEN,21.0,76,31,45,0.408,2438.6366666666668,359,765,0.469,105,297,0.354,109,133,0.82,54,166,220,147,98,97,18,46,143,100,932,-211,1663.5,0,0,1634.0,1,2015-16,32.1,103.5,105.1,105.1,108.6,109.2,109.2,-5.1,-4.1,-4.1,0.093,1.5,13.8,0.021,0.069,0.044,9.2,9.2,0.538,0.566,0.16,0.163,98.63,97.57,81.31,97.57,0.076,4953,4.7,10.1
202390,Gary Neal,Gary,1610612764,WAS,31.0,40,18,22,0.45,807.4283333333333,151,325,0.465,41,100,0.41,47,55,0.855,11,72,83,47,29,20,1,11,55,42,390,-162,594.1,0,0,603.0,1,2015-16,20.2,101.2,100.4,100.4,110.2,110.2,110.2,-9.0,-9.9,-9.9,0.099,1.62,11.1,0.014,0.093,0.053,6.9,6.8,0.528,0.558,0.204,0.211,99.77,100.17,83.47,100.17,0.09,1687,3.8,8.1
201588,George Hill,George,1610612754,IND,30.0,74,41,33,0.554,2524.4133333333334,326,739,0.441,128,314,0.408,114,150,0.76,58,240,298,259,101,83,17,33,149,195,894,95,1839.1,0,0,1779.0,1,2015-16,34.1,102.8,103.3,103.3,100.3,101.5,101.5,2.5,1.9,1.9,0.157,2.56,22.3,0.023,0.093,0.058,8.7,8.7,0.528,0.555,0.157,0.16,98.31,97.47,81.22,97.47,0.094,5126,4.4,10.0
101123,Gerald Green,Gerald,1610612748,MIA,30.0,69,40,29,0.58,1557.2183333333332,230,587,0.392,84,260,0.323,72,92,0.783,25,138,163,56,46,38,19,19,123,79,616,44,1020.6,0,0,1033.0,1,2015-16,22.6,103.5,103.7,103.7,102.2,102.9,102.9,1.3,0.9,0.9,0.057,1.22,7.7,0.017,0.085,0.052,6.4,6.3,0.463,0.491,0.192,0.198,95.6,95.15,79.3,95.15,0.06,3095,3.3,8.5
201945,Gerald Henderson,Gerald,1610612757,POR,28.0,72,39,33,0.542,1431.0666666666666,232,529,0.439,48,136,0.353,112,146,0.767,30,181,211,75,68,39,19,18,87,133,624,25,1095.7,0,0,1074.0,1,2015-16,19.9,106.0,106.0,106.0,104.4,104.7,104.7,1.6,1.3,1.3,0.084,1.1,10.1,0.02,0.121,0.071,9.2,9.2,0.484,0.526,0.201,0.203,97.83,97.71,81.42,97.71,0.093,2907,3.2,7.3
203507,Giannis Antetokounmpo,Giannis,1610612749,MIL,21.0,80,32,48,0.4,2823.4133333333334,513,1013,0.506,28,109,0.257,296,409,0.724,113,499,612,345,208,94,113,62,258,331,1350,-170,3014.9,21,5,2749.0,1,2015-16,35.3,103.9,104.8,104.8,106.6,107.9,107.9,-2.6,-3.1,-3.1,0.195,1.66,19.7,0.042,0.18,0.112,11.9,11.9,0.52,0.566,0.221,0.223,96.65,95.64,79.7,95.64,0.128,5628,6.4,12.7
203922,Glenn Robinson III,Glenn,1610612754,IND,22.0,45,24,21,0.533,508.1983333333333,65,151,0.43,14,37,0.378,27,39,0.692,12,56,68,26,18,17,9,14,21,35,171,-37,351.6,0,0,331.0,1,2015-16,11.3,98.7,98.5,98.5,103.1,102.0,102.0,-4.4,-3.6,-3.6,0.077,1.44,12.3,0.022,0.109,0.065,8.5,8.5,0.477,0.508,0.157,0.161,97.24,97.85,81.54,97.85,0.08,1036,1.4,3.4
201609,Goran Dragic,Goran,1610612748,MIA,30.0,72,44,28,0.611,2362.62,417,875,0.477,64,205,0.312,120,165,0.727,54,223,277,419,185,71,17,40,188,184,1018,202,2057.9,5,0,1954.0,1,2015-16,32.8,105.5,106.1,106.1,101.4,102.5,102.5,4.1,3.6,3.6,0.276,2.26,27.0,0.024,0.091,0.058,11.9,11.9,0.513,0.537,0.211,0.215,96.68,95.85,79.88,95.85,0.107,4733,5.8,12.2
202330,Gordon Hayward,Gordon,1610612762,UTA,26.0,80,38,42,0.475,2892.9566666666665,521,1202,0.433,143,410,0.349,393,477,0.824,61,336,397,296,202,95,27,57,183,377,1578,95,2662.4,4,0,2658.0,1,2015-16,36.2,103.8,105.2,105.2,102.8,103.6,103.6,1.0,1.6,1.6,0.181,1.47,15.6,0.022,0.121,0.071,10.6,10.6,0.493,0.559,0.25,0.256,93.85,92.88,77.4,92.88,0.126,5600,6.5,15.0
203476,Gorgui Dieng,Gorgui,1610612750,MIN,26.0,82,29,53,0.354,2220.068333333333,308,579,0.532,6,20,0.3,205,248,0.827,157,428,585,143,140,94,96,51,219,208,827,-7,2173.5,15,0,1941.0,1,2015-16,27.1,106.6,106.2,106.2,105.8,106.5,106.5,0.8,-0.3,-0.3,0.099,1.02,14.7,0.077,0.196,0.138,14.4,14.4,0.537,0.601,0.165,0.169,96.84,96.69,80.57,96.69,0.115,4475,3.8,7.1
202328,Greg Monroe,Greg,1610612749,MIL,26.0,79,32,47,0.405,2314.185,491,941,0.522,0,1,0.0,228,308,0.74,218,478,696,178,129,72,67,98,163,253,1210,-110,2600.2,32,0,2362.0,1,2015-16,29.3,104.8,105.8,105.8,107.5,108.2,108.2,-2.7,-2.4,-2.4,0.128,1.38,12.9,0.099,0.215,0.157,9.3,9.3,0.522,0.562,0.231,0.234,96.47,95.73,79.78,95.73,0.146,4616,6.2,11.9
202962,Greg Smith,Greg,1610612750,MIN,25.0,18,8,10,0.444,191.94,18,32,0.563,0,0,0.0,7,17,0.412,12,30,42,6,7,4,1,8,28,14,43,-77,110.4,0,0,101.0,1,2015-16,10.7,95.9,94.7,94.7,113.7,114.5,114.5,-17.8,-19.8,-19.8,0.049,0.86,11.3,0.059,0.169,0.111,13.2,13.3,0.563,0.545,0.104,0.108,98.13,98.41,82.0,98.41,0.045,394,1.0,1.8
202349,Greivis Vasquez,Greivis,1610612749,MIL,29.0,23,9,14,0.391,459.9116666666667,45,138,0.326,18,73,0.247,22,26,0.846,5,42,47,91,40,10,0,8,42,28,130,-94,312.9,0,0,306.0,1,2015-16,20.0,98.7,99.2,99.2,107.6,108.9,108.9,-8.9,-9.7,-9.7,0.32,2.28,32.7,0.011,0.093,0.052,14.4,14.3,0.391,0.435,0.184,0.189,95.1,94.24,78.54,94.24,0.061,900,2.0,6.0
203084,Harrison Barnes,Harrison,1610612744,GSW,24.0,66,59,7,0.894,2041.5766666666664,295,633,0.466,82,214,0.383,102,134,0.761,77,248,325,117,57,41,10,36,136,132,774,451,1435.5,1,0,1400.0,1,2015-16,30.9,112.1,112.0,112.0,101.6,101.8,101.8,10.5,10.2,10.2,0.077,2.05,13.5,0.038,0.114,0.078,6.6,6.6,0.531,0.559,0.156,0.159,100.99,100.93,84.11,100.93,0.079,4299,4.5,9.6
202355,Hassan Whiteside,Hassan,1610612748,MIA,27.0,73,42,31,0.575,2125.3566666666666,413,682,0.606,0,0,0.0,214,329,0.65,238,627,865,29,137,44,269,41,201,275,1040,86,2923.5,41,3,2560.0,1,2015-16,29.1,104.7,105.5,105.5,101.7,103.5,103.5,3.0,1.9,1.9,0.022,0.21,2.9,0.116,0.282,0.202,13.9,13.8,0.606,0.629,0.201,0.205,95.2,93.99,78.32,93.99,0.172,4164,5.7,9.3
203156,Henry Sims,Henry,1610612751,BKN,26.0,14,2,12,0.143,262.87166666666667,33,77,0.429,0,0,0.0,25,30,0.833,21,51,72,9,12,9,14,1,37,21,91,-94,247.9,0,0,218.0,1,2015-16,18.8,95.6,96.7,96.7,112.4,112.4,112.4,-16.8,-15.7,-15.7,0.054,0.75,8.0,0.072,0.208,0.134,10.7,10.8,0.429,0.504,0.168,0.17,100.09,99.52,82.93,99.52,0.076,541,2.4,5.5
203138,Hollis Thompson,Hollis,1610612755,PHI,25.0,77,10,67,0.13,2153.85,270,680,0.397,149,392,0.38,69,96,0.719,54,218,272,99,76,36,24,17,187,88,758,-369,1336.9,0,0,1398.0,1,2015-16,28.0,98.4,98.9,98.9,106.8,107.7,107.7,-8.4,-8.8,-8.8,0.072,1.3,11.1,0.024,0.099,0.06,8.5,8.5,0.507,0.525,0.157,0.161,100.79,100.12,83.43,100.12,0.058,4506,3.5,8.8
203546,Ian Clark,Ian,1610612744,GSW,25.0,66,59,7,0.894,578.18,89,202,0.441,30,84,0.357,28,34,0.824,13,55,68,64,43,17,13,11,58,22,236,-80,460.6,0,0,458.0,1,2015-16,8.8,104.9,102.2,102.2,110.0,109.8,109.8,-5.1,-7.6,-7.6,0.171,1.49,19.8,0.023,0.09,0.058,13.3,13.3,0.515,0.544,0.193,0.201,98.28,99.62,83.02,99.62,0.074,1205,1.3,3.1
101133,Ian Mahinmi,Ian,1610612754,IND,29.0,71,41,30,0.577,1815.763333333333,264,448,0.589,0,0,0.0,132,225,0.587,138,369,507,104,100,65,75,41,220,173,660,112,1744.4,9,0,1551.0,1,2015-16,25.6,102.5,102.9,102.9,98.2,99.3,99.3,4.3,3.6,3.6,0.09,1.04,13.8,0.076,0.197,0.137,13.2,13.3,0.589,0.603,0.157,0.158,99.49,98.76,82.3,98.76,0.111,3725,3.7,6.3
202697,Iman Shumpert,Iman,1610612739,CLE,26.0,54,39,15,0.722,1316.33,114,305,0.374,43,146,0.295,40,51,0.784,32,171,203,92,57,54,19,16,119,60,311,183,854.6,1,0,795.0,1,2015-16,24.4,108.5,108.2,108.2,100.7,100.4,100.4,7.8,7.8,7.8,0.1,1.61,19.3,0.025,0.127,0.077,11.9,12.0,0.444,0.475,0.13,0.133,95.46,95.72,79.77,95.72,0.061,2614,2.1,5.6
203477,Isaiah Canaan,Isaiah,1610612755,PHI,25.0,77,10,67,0.13,1965.8483333333331,260,722,0.36,176,485,0.363,150,180,0.833,20,154,174,137,91,56,12,39,133,131,846,-484,1373.3,0,0,1469.0,1,2015-16,25.5,95.2,95.9,95.9,107.8,108.2,108.2,-12.6,-12.3,-12.3,0.12,1.51,13.6,0.009,0.079,0.042,9.0,8.8,0.482,0.528,0.191,0.198,99.7,99.13,82.61,99.13,0.071,4067,3.4,9.4
202738,Isaiah Thomas,Isaiah,1610612738,BOS,27.0,82,48,34,0.585,2644.403333333333,591,1382,0.428,167,465,0.359,474,544,0.871,46,197,243,509,220,91,9,109,167,452,1823,297,2958.1,7,0,2942.0,1,2015-16,32.2,106.4,108.1,108.1,102.7,103.2,103.2,3.7,5.0,5.0,0.312,2.31,21.7,0.016,0.071,0.043,9.4,9.4,0.488,0.562,0.289,0.293,101.78,100.7,83.92,100.7,0.142,5558,7.2,16.9
202397,Ish Smith,Ish,1610612755,PHI,27.0,77,16,61,0.208,2238.81,397,967,0.411,56,170,0.329,122,176,0.693,43,262,305,502,175,88,24,54,133,170,972,-345,2252.0,12,0,2059.0,2,2015-16,29.1,100.5,101.7,101.7,108.0,108.9,108.9,-7.5,-7.3,-7.3,0.37,2.87,29.2,0.018,0.114,0.065,10.2,10.2,0.44,0.465,0.235,0.238,100.43,99.41,82.84,99.41,0.109,4633,5.2,12.6
200826,J.J. Barea,J.J.,1610612742,DAL,32.0,74,38,36,0.514,1666.9083333333333,317,711,0.446,100,260,0.385,74,96,0.771,26,126,152,302,113,26,2,45,110,129,808,-72,1414.4,2,0,1418.0,1,2015-16,22.5,105.9,105.0,105.0,107.7,107.0,107.0,-1.8,-2.0,-2.0,0.301,2.67,25.9,0.015,0.075,0.045,9.7,9.7,0.516,0.536,0.229,0.235,96.9,97.6,81.34,97.6,0.105,3387,4.3,9.6
201581,JJ Hickson,JJ,1610612764,WAS,27.0,35,17,18,0.486,436.5466666666667,80,155,0.516,0,1,0.0,46,103,0.447,39,93,132,23,25,15,14,15,47,63,206,-59,460.9,2,0,419.0,2,2015-16,12.5,96.7,96.7,96.7,104.0,104.0,104.0,-7.3,-7.2,-7.2,0.091,0.92,9.2,0.083,0.201,0.142,10.0,10.1,0.516,0.514,0.22,0.222,100.34,100.33,83.61,100.33,0.107,916,2.3,4.4
1626266,JJ O'Brien,JJ,1610612762,UTA,24.0,2,2,0,1.0,6.266666666666667,0,1,0.0,0,0,0.0,0,0,0.0,0,1,1,0,0,1,0,0,1,0,0,-8,4.2,0,0,3.0,1,2015-16,3.1,76.9,71.4,71.4,125.0,120.0,120.0,-48.1,-48.6,-48.6,0.0,0.0,0.0,0.0,0.0,0.0,0.0,0.0,0.0,0.0,0.071,0.077,104.94,111.06,92.55,111.06,0.0,14,0.0,0.5
200755,JJ Redick,JJ,1610612746,LAC,32.0,75,50,25,0.667,2096.8316666666665,422,880,0.48,200,421,0.475,182,205,0.888,10,129,139,106,78,42,5,21,135,193,1226,509,1614.8,0,0,1765.0,1,2015-16,28.0,111.5,112.0,112.0,99.4,100.5,100.5,12.1,11.5,11.5,0.08,1.36,9.2,0.005,0.057,0.032,6.8,6.8,0.593,0.632,0.22,0.224,98.63,97.91,81.59,97.91,0.107,4285,5.6,11.7
2747,JR Smith,JR,1610612739,CLE,30.0,77,53,24,0.688,2361.988333333333,353,850,0.415,204,510,0.4,45,71,0.634,43,174,217,130,59,81,21,20,204,98,955,308,1657.4,1,0,1710.0,1,2015-16,30.7,110.5,112.2,112.2,104.5,105.6,105.6,6.1,6.5,6.5,0.082,2.2,12.1,0.018,0.076,0.047,5.5,5.5,0.535,0.542,0.177,0.178,95.76,94.55,78.79,94.55,0.067,4654,4.6,11.0
203960,JaKarr Sampson,JaKarr,1610612743,DEN,23.0,73,18,55,0.247,1159.7316666666666,140,317,0.442,14,63,0.222,80,122,0.656,46,144,190,46,70,23,33,32,142,85,374,-233,769.0,0,0,736.0,2,2015-16,15.9,98.7,98.2,98.2,105.2,105.3,105.3,-6.5,-7.1,-7.1,0.062,0.66,9.4,0.038,0.118,0.078,14.3,14.4,0.464,0.504,0.165,0.168,99.34,99.54,82.95,99.54,0.047,2375,1.9,4.3
203210,JaMychal Green,JaMychal,1610612763,MEM,26.0,78,39,39,0.5,1446.12,230,495,0.465,15,45,0.333,103,137,0.752,139,234,373,67,83,46,33,48,189,111,578,-44,1280.1,7,0,1191.0,1,2015-16,18.5,103.1,103.2,103.2,105.0,104.5,104.5,-2.0,-1.3,-1.3,0.074,0.81,9.5,0.092,0.174,0.131,11.8,11.8,0.48,0.52,0.188,0.193,97.83,98.0,81.67,98.0,0.09,2950,2.9,6.3
201580,JaVale McGee,JaVale,1610612742,DAL,28.0,34,15,19,0.441,369.78333333333336,77,134,0.575,0,1,0.0,18,36,0.5,53,80,133,3,21,5,26,10,49,38,172,-54,408.1,1,0,370.0,1,2015-16,10.9,97.8,96.2,96.2,104.4,102.4,102.4,-6.6,-6.2,-6.2,0.015,0.14,1.7,0.136,0.208,0.172,12.0,12.1,0.575,0.574,0.206,0.212,95.38,97.09,80.91,97.09,0.122,744,2.3,3.9
203953,Jabari Parker,Jabari,1610612749,MIL,21.0,76,32,44,0.421,2407.971666666667,443,899,0.493,9,35,0.257,175,228,0.768,123,272,395,130,116,69,29,77,154,171,1070,-193,1917.0,6,0,1800.0,1,2015-16,31.7,103.1,103.9,103.9,106.5,107.7,107.7,-3.4,-3.8,-3.8,0.086,1.12,10.4,0.053,0.114,0.084,9.3,9.3,0.498,0.535,0.206,0.208,96.7,95.81,79.84,95.81,0.093,4801,5.8,11.8
203109,Jae Crowder,Jae,1610612738,BOS,25.0,73,43,30,0.589,2308.19,360,813,0.443,122,363,0.336,196,239,0.82,70,303,373,135,83,126,35,20,198,183,1038,217,2088.1,5,0,1990.0,1,2015-16,31.6,105.9,107.4,107.4,101.4,102.6,102.6,4.5,4.8,4.8,0.087,1.63,11.9,0.028,0.125,0.075,7.3,7.3,0.518,0.565,0.181,0.184,101.74,100.43,83.69,100.43,0.103,4823,4.9,11.1
1626143,Jahlil Okafor,Jahlil,1610612755,PHI,20.0,53,6,47,0.113,1590.565,397,781,0.508,1,6,0.167,133,194,0.686,122,251,373,65,124,22,61,68,140,163,928,-494,1598.1,11,0,1533.0,1,2015-16,30.0,92.0,92.7,92.7,108.6,108.4,108.4,-16.6,-15.7,-15.7,0.088,0.52,6.2,0.075,0.16,0.117,11.8,11.7,0.509,0.536,0.272,0.278,97.37,97.08,80.9,97.08,0.117,3223,7.5,14.7
2037,Jamal Crawford,Jamal,1610612746,LAC,36.0,79,51,28,0.646,2126.15,379,939,0.404,117,344,0.34,245,271,0.904,20,125,145,183,113,52,12,26,122,220,1120,169,1647.5,0,0,1693.0,1,2015-16,26.9,105.5,104.8,104.8,103.1,102.8,102.8,2.3,2.0,2.0,0.145,1.62,13.6,0.009,0.058,0.034,8.4,8.3,0.466,0.529,0.239,0.246,97.97,98.45,82.05,98.45,0.095,4401,4.8,11.9
2749,Jameer Nelson,Jameer,1610612743,DEN,34.0,39,12,27,0.308,1035.655,113,307,0.368,43,144,0.299,30,35,0.857,19,96,115,190,66,25,5,11,100,54,299,-132,746.0,0,0,707.0,1,2015-16,26.6,101.3,102.5,102.5,108.4,109.5,109.5,-7.0,-7.1,-7.1,0.287,2.88,32.9,0.017,0.097,0.055,11.4,11.4,0.438,0.464,0.163,0.166,96.64,95.59,79.66,95.59,0.07,2069,2.9,7.9
202341,James Anderson,James,1610612758,SAC,27.0,51,19,32,0.373,720.9833333333333,67,178,0.376,23,86,0.267,22,29,0.759,13,73,86,41,42,21,14,11,54,30,179,-82,406.7,0,0,399.0,1,2015-16,14.1,101.2,100.8,100.8,104.4,105.7,105.7,-3.2,-4.8,-4.8,0.078,0.98,15.0,0.017,0.091,0.055,15.3,15.3,0.441,0.469,0.134,0.137,103.44,103.03,85.85,103.03,0.041,1544,1.3,3.5
203516,James Ennis III,James,1610612740,NOP,25.0,22,11,11,0.5,328.515,54,113,0.478,26,58,0.448,25,34,0.735,21,21,42,21,19,16,5,5,28,32,159,-45,284.9,0,0,290.0,3,2015-16,14.9,105.1,104.7,104.7,111.5,110.5,110.5,-6.4,-5.8,-5.8,0.104,1.11,12.4,0.066,0.069,0.067,11.2,11.3,0.593,0.621,0.196,0.2,96.11,96.73,80.61,96.73,0.092,659,2.5,5.1
201935,James Harden,James,1610612745,HOU,26.0,82,41,41,0.5,3124.635,710,1617,0.439,236,657,0.359,720,837,0.86,63,438,501,612,374,139,51,95,229,555,2376,124,4091.2,23,3,4105.0,1,2015-16,38.1,107.2,108.6,108.6,106.0,106.9,106.9,1.2,1.6,1.6,0.354,1.64,20.7,0.019,0.14,0.079,12.7,12.6,0.512,0.598,0.319,0.325,99.83,98.74,82.28,98.74,0.174,6437,8.7,19.7
201949,James Johnson,James,1610612761,TOR,29.0,57,35,22,0.614,925.7316666666668,114,240,0.475,20,66,0.303,39,68,0.574,28,98,126,67,54,29,33,13,84,54,287,8,670.7,0,0,624.0,1,2015-16,16.2,104.4,104.9,104.9,104.9,105.1,105.1,-0.5,-0.2,-0.2,0.113,1.24,17.1,0.031,0.11,0.07,13.8,13.8,0.517,0.532,0.157,0.16,94.6,94.24,78.53,94.24,0.067,1823,2.0,4.2
2592,James Jones,James,1610612739,CLE,35.0,48,33,15,0.688,463.42,58,142,0.408,41,104,0.394,21,26,0.808,8,42,50,14,13,11,10,3,50,26,178,-21,309.0,0,0,325.0,1,2015-16,9.7,96.1,96.1,96.1,100.7,99.7,99.7,-4.7,-3.6,-3.6,0.054,1.08,7.9,0.016,0.087,0.05,7.3,7.2,0.553,0.58,0.156,0.163,95.98,96.48,80.4,96.48,0.071,938,1.2,3.0
203949,James Michael McAdoo,James Michael,1610612744,GSW,23.0,41,37,4,0.902,261.525,45,84,0.536,1,2,0.5,26,49,0.531,30,28,58,17,16,10,8,15,39,31,117,-88,250.1,0,0,229.0,1,2015-16,6.4,99.6,97.3,97.3,115.4,114.4,114.4,-15.9,-17.1,-17.1,0.11,1.06,12.1,0.107,0.115,0.111,11.4,11.5,0.542,0.554,0.194,0.201,99.68,101.31,84.43,101.31,0.074,555,1.1,2.0
203923,James Young,James,1610612738,BOS,20.0,29,12,17,0.414,198.90166666666667,11,36,0.306,6,26,0.231,1,4,0.25,4,22,26,9,5,6,1,2,17,3,29,-27,89.7,0,0,84.0,1,2015-16,6.9,100.4,98.6,98.6,106.5,104.3,104.3,-6.1,-5.7,-5.7,0.063,1.8,17.3,0.019,0.113,0.063,9.6,9.7,0.389,0.384,0.092,0.095,99.0,100.99,84.16,100.99,0.025,417,0.4,1.2
203099,Jared Cunningham,Jared,1610612739,CLE,25.0,44,31,13,0.705,410.385,36,105,0.343,12,39,0.308,36,55,0.655,3,35,38,20,21,14,2,17,41,46,120,-43,222.6,0,0,222.0,2,2015-16,9.3,99.9,98.5,98.5,103.1,103.4,103.4,-3.2,-4.8,-4.8,0.074,0.95,11.6,0.008,0.088,0.048,12.1,12.3,0.4,0.464,0.166,0.169,96.38,96.9,80.75,96.9,0.032,827,0.8,2.4
201162,Jared Dudley,Jared,1610612764,WAS,30.0,81,40,41,0.494,2097.6716666666666,233,487,0.478,100,238,0.42,72,98,0.735,54,232,286,171,80,75,18,6,190,107,638,60,1436.7,0,0,1381.0,1,2015-16,25.9,104.1,105.1,105.1,103.0,103.3,103.3,1.1,1.7,1.7,0.112,2.14,21.9,0.026,0.113,0.069,10.3,10.2,0.581,0.602,0.127,0.129,99.82,99.23,82.69,99.23,0.077,4329,2.9,6.0
203096,Jared Sullinger,Jared,1610612738,BOS,24.0,81,47,34,0.58,1914.62,351,806,0.435,29,103,0.282,103,161,0.64,194,479,673,187,102,75,47,50,209,163,834,213,2186.1,25,0,1967.0,1,2015-16,23.6,105.7,107.4,107.4,101.3,102.1,102.1,4.4,5.3,5.3,0.148,1.83,16.0,0.094,0.243,0.167,8.7,8.7,0.453,0.476,0.216,0.217,100.44,99.25,82.71,99.25,0.122,3960,4.3,10.0
204067,Jarell Eddie,Jarell,1610612764,WAS,24.0,26,13,13,0.5,146.76666666666668,20,65,0.308,15,47,0.319,8,8,1.0,2,21,23,5,1,5,1,3,5,5,63,-33,115.1,0,0,118.0,1,2015-16,5.6,94.6,89.8,89.8,105.5,102.2,102.2,-10.9,-12.4,-12.4,0.058,5.0,6.7,0.012,0.134,0.07,1.3,1.3,0.423,0.46,0.191,0.201,100.86,105.15,87.62,105.15,0.088,325,0.8,2.5
1626185,Jarell Martin,Jarell,1610612763,MEM,22.0,27,10,17,0.37,379.54,54,116,0.466,0,2,0.0,45,62,0.726,39,47,86,15,19,8,7,15,58,42,153,-39,304.7,0,0,284.0,1,2015-16,14.1,101.3,102.0,102.0,107.0,106.1,106.1,-5.8,-4.1,-4.1,0.065,0.79,8.5,0.091,0.131,0.11,10.7,10.7,0.466,0.534,0.179,0.182,96.62,96.69,80.57,96.69,0.071,761,2.0,4.3
203950,Jarnell Stokes,Jarnell,1610612763,MEM,22.0,7,1,6,0.143,18.58333333333333,3,5,0.6,0,0,0.0,1,2,0.5,1,3,4,1,0,1,0,0,1,1,7,9,16.3,0,0,14.0,2,2015-16,2.7,101.0,100.0,100.0,80.6,76.3,76.3,20.3,23.7,23.7,0.083,0.0,14.3,0.0,0.0,0.0,0.0,0.0,0.6,0.595,0.133,0.141,95.05,98.15,81.79,98.15,0.162,38,0.4,0.7
101127,Jarrett Jack,Jarrett,1610612751,BKN,32.0,32,10,22,0.313,1026.6533333333334,140,358,0.391,31,102,0.304,100,112,0.893,9,127,136,236,94,34,7,23,77,83,411,-131,957.2,6,0,896.0,1,2015-16,32.1,101.3,101.8,101.8,107.1,107.7,107.7,-5.8,-6.0,-6.0,0.34,2.51,32.1,0.009,0.125,0.066,12.8,12.7,0.434,0.505,0.209,0.213,98.35,97.81,81.51,97.81,0.106,2089,4.4,11.2
201160,Jason Smith,Jason,1610612753,ORL,30.0,76,33,43,0.434,1180.861666666667,244,503,0.485,4,16,0.25,54,67,0.806,53,166,219,62,57,33,65,21,163,78,546,-37,1138.8,1,0,1027.0,1,2015-16,15.5,102.2,101.9,101.9,104.0,103.0,103.0,-1.8,-1.1,-1.1,0.087,1.09,9.6,0.045,0.144,0.094,8.8,8.7,0.489,0.513,0.218,0.224,98.29,98.86,82.38,98.86,0.088,2427,3.2,6.6
1891,Jason Terry,Jason,1610612745,HOU,38.0,72,37,35,0.514,1257.7016666666666,151,376,0.402,93,261,0.356,27,33,0.818,14,65,79,103,49,47,9,4,91,32,422,31,790.3,0,0,809.0,1,2015-16,17.5,106.6,106.1,106.1,106.9,106.9,106.9,-0.3,-0.8,-0.8,0.125,2.1,19.0,0.011,0.052,0.031,9.1,9.0,0.525,0.54,0.146,0.15,99.6,99.88,83.23,99.88,0.062,2641,2.1,5.2
201574,Jason Thompson,Jason,1610612761,TOR,29.0,47,38,9,0.809,471.3983333333333,52,108,0.481,5,15,0.333,38,54,0.704,32,102,134,29,15,12,20,8,80,39,147,-7,432.3,0,0,379.0,2,2015-16,10.0,105.8,104.4,104.4,104.6,105.5,105.5,1.2,-1.1,-1.1,0.094,1.93,16.4,0.067,0.209,0.139,8.5,8.5,0.505,0.558,0.137,0.14,97.03,97.29,81.08,97.29,0.085,957,1.1,2.3
201965,Jeff Ayres,Jeff,1610612746,LAC,29.0,17,11,6,0.647,106.61833333333334,12,23,0.522,0,1,0.0,6,6,1.0,4,18,22,5,6,0,3,3,18,7,30,-46,66.9,0,0,63.0,1,2015-16,6.3,97.3,90.6,90.6,115.5,111.2,111.2,-18.2,-20.5,-20.5,0.078,0.83,13.5,0.04,0.154,0.101,16.2,16.4,0.522,0.585,0.134,0.142,95.52,100.85,84.04,100.85,0.055,224,0.7,1.4
201145,Jeff Green,Jeff,1610612746,LAC,29.0,80,48,32,0.6,2253.245,354,824,0.43,67,213,0.315,164,220,0.745,74,258,332,138,93,58,40,56,164,182,939,-40,1745.4,1,0,1672.0,2,2015-16,28.2,103.5,103.7,103.7,103.6,104.8,104.8,-0.1,-1.0,-1.0,0.102,1.48,12.0,0.033,0.116,0.075,8.1,8.1,0.47,0.51,0.204,0.207,95.56,94.91,79.09,94.91,0.087,4458,4.4,10.3
201952,Jeff Teague,Jeff,1610612737,ATL,28.0,79,47,32,0.595,2254.701666666667,434,988,0.439,110,274,0.401,261,312,0.837,33,181,214,470,218,97,24,88,167,249,1239,67,2345.8,4,0,2275.0,1,2015-16,28.5,102.5,103.2,103.2,100.9,102.1,102.1,1.5,1.1,1.1,0.341,2.16,26.0,0.014,0.074,0.045,12.1,12.0,0.495,0.551,0.259,0.263,100.27,99.36,82.8,99.36,0.119,4674,5.5,12.5
203481,Jeff Withey,Jeff,1610612762,UTA,26.0,51,25,26,0.49,657.885,87,162,0.537,0,2,0.0,43,59,0.729,56,117,173,20,28,21,53,16,75,49,217,57,648.6,2,0,558.0,1,2015-16,12.9,102.0,100.8,100.8,97.6,97.8,97.8,4.4,3.0,3.0,0.051,0.71,8.4,0.089,0.183,0.136,11.8,11.9,0.537,0.577,0.149,0.153,92.35,92.84,77.37,92.84,0.113,1282,1.7,3.2
203924,Jerami Grant,Jerami,1610612755,PHI,22.0,77,9,68,0.117,2066.333333333333,251,599,0.419,35,146,0.24,212,322,0.658,99,262,361,135,110,54,127,76,215,284,749,-494,1817.7,3,0,1642.0,1,2015-16,26.8,96.5,96.0,96.0,105.7,106.6,106.6,-9.1,-10.7,-10.7,0.106,1.23,13.6,0.046,0.122,0.084,11.1,11.2,0.448,0.506,0.179,0.183,99.96,99.79,83.16,99.79,0.073,4278,3.3,7.8
202379,Jeremy Evans,Jeremy,1610612742,DAL,28.0,30,16,14,0.533,251.40833333333333,26,48,0.542,4,16,0.25,15,21,0.714,11,43,54,2,7,6,9,2,19,20,71,-42,176.8,0,0,161.0,1,2015-16,8.4,97.9,93.9,93.9,102.4,99.5,99.5,-4.5,-5.6,-5.6,0.013,0.29,3.0,0.042,0.151,0.099,10.6,10.6,0.583,0.62,0.109,0.116,100.05,103.67,86.39,103.67,0.087,537,0.9,1.6
203087,Jeremy Lamb,Jeremy,1610612766,CHA,24.0,66,40,26,0.606,1227.255,230,510,0.451,56,181,0.309,64,88,0.727,44,208,252,77,50,42,30,20,105,85,580,152,1163.9,1,0,1109.0,1,2015-16,18.6,101.6,102.0,102.0,95.7,95.8,95.8,5.9,6.2,6.2,0.111,1.54,11.4,0.035,0.157,0.097,7.4,7.4,0.506,0.529,0.214,0.219,97.99,97.72,81.43,97.72,0.119,2497,3.5,7.7
202391,Jeremy Lin,Jeremy,1610612766,CHA,27.0,78,47,31,0.603,2047.555,300,728,0.412,76,226,0.336,238,292,0.815,42,211,253,235,150,58,42,65,165,311,914,84,1720.1,1,0,1678.0,1,2015-16,26.3,103.1,103.5,103.5,100.4,101.2,101.2,2.7,2.2,2.2,0.192,1.57,18.8,0.02,0.097,0.059,12.0,12.1,0.464,0.534,0.217,0.22,98.37,97.74,81.45,97.74,0.092,4165,3.8,9.3
1626170,Jerian Grant,Jerian,1610612752,NYK,23.0,76,29,47,0.382,1264.7733333333333,154,391,0.394,22,100,0.22,96,123,0.78,23,120,143,177,87,50,10,29,97,112,426,-166,956.1,0,0,888.0,1,2015-16,16.6,97.3,97.3,97.3,103.8,103.9,103.9,-6.5,-6.5,-6.5,0.236,2.03,25.0,0.017,0.091,0.054,12.3,12.3,0.422,0.479,0.185,0.189,96.62,96.59,80.49,96.59,0.082,2545,2.0,5.1
201573,Jerryd Bayless,Jerryd,1610612749,MIL,27.0,52,21,31,0.404,1504.8183333333334,185,437,0.423,101,231,0.437,70,90,0.778,21,120,141,163,73,47,11,20,111,88,541,-185,1055.7,1,0,1062.0,1,2015-16,28.9,102.9,103.1,103.1,107.7,109.1,109.1,-4.9,-6.0,-6.0,0.168,2.23,22.9,0.015,0.081,0.048,10.3,10.2,0.539,0.568,0.164,0.167,95.6,94.9,79.08,94.9,0.08,2972,3.6,8.4
202690,Jimmer Fredette,Jimmer,1610612759,SAS,27.0,6,1,5,0.167,17.558333333333334,2,5,0.4,1,2,0.5,4,5,0.8,0,0,0,1,2,1,0,0,2,2,9,-25,11.5,0,0,13.0,2,2015-16,2.9,47.1,44.7,44.7,118.2,110.5,110.5,-71.1,-65.8,-65.8,0.5,0.5,10.0,0.0,0.0,0.0,20.0,19.6,0.5,0.625,0.225,0.242,97.87,103.88,86.57,103.88,0.068,38,0.3,0.8
202710,Jimmy Butler III,Jimmy,1610612741,CHI,26.0,67,37,30,0.552,2473.625,470,1035,0.454,64,205,0.312,395,475,0.832,79,279,358,321,132,110,43,56,124,368,1399,-12,2637.1,10,2,2448.0,1,2015-16,36.9,102.5,104.2,104.2,103.3,104.5,104.5,-0.8,-0.3,-0.3,0.218,2.43,18.9,0.031,0.103,0.068,7.8,7.8,0.485,0.562,0.242,0.245,97.89,96.53,80.44,96.53,0.141,4976,7.0,15.4
201149,Joakim Noah,Joakim,1610612741,CHI,31.0,29,15,14,0.517,635.4233333333333,51,133,0.383,0,1,0.0,22,45,0.489,87,168,255,110,52,18,29,16,77,43,124,-34,684.0,1,0,583.0,1,2015-16,21.9,99.1,98.8,98.8,99.2,99.9,99.9,-0.2,-1.2,-1.2,0.256,2.12,34.7,0.123,0.235,0.179,16.4,16.5,0.383,0.406,0.137,0.139,98.19,98.01,81.68,98.01,0.115,1288,1.8,4.6
201975,Jodie Meeks,Jodie,1610612765,DET,28.0,3,3,0,1.0,43.486666666666665,7,20,0.35,4,9,0.444,4,4,1.0,1,4,5,3,1,0,0,2,2,2,22,9,31.5,0,0,34.0,1,2015-16,14.5,100.4,96.6,96.6,88.0,92.7,92.7,12.4,3.9,3.9,0.143,3.0,11.5,0.022,0.089,0.056,3.8,3.9,0.45,0.506,0.232,0.243,94.42,93.82,78.18,93.82,0.103,88,2.3,6.7
203925,Joe Harris,Joe,1610612739,CLE,24.0,5,5,0,1.0,15.103333333333332,1,4,0.25,1,4,0.25,0,0,0.0,0,3,3,2,1,0,0,0,1,0,3,-21,8.6,0,0,9.0,1,2015-16,3.0,95.9,88.6,88.6,151.2,162.5,162.5,-55.2,-73.9,-73.9,0.182,2.0,28.6,0.0,0.0,0.0,14.3,14.3,0.375,0.375,0.128,0.142,106.02,106.47,88.72,106.47,0.038,35,0.2,0.8
204060,Joe Ingles,Joe,1610612762,UTA,28.0,81,40,41,0.494,1241.0966666666666,124,291,0.426,81,210,0.386,13,18,0.722,19,132,151,96,65,55,4,7,98,43,342,2,779.2,0,0,788.0,1,2015-16,15.3,99.7,99.4,99.4,101.8,100.3,100.3,-2.1,-0.9,-0.9,0.125,1.48,21.0,0.015,0.109,0.061,14.2,14.1,0.565,0.572,0.128,0.133,94.43,95.24,79.37,95.24,0.079,2474,1.5,3.6
2207,Joe Johnson,Joe,1610612748,MIA,35.0,81,31,50,0.383,2703.3,377,859,0.439,120,313,0.383,118,142,0.831,49,243,292,318,159,61,4,28,146,137,992,-55,1855.4,3,0,1852.0,2,2015-16,33.4,105.3,105.6,105.6,106.4,106.5,106.5,-1.1,-0.9,-0.9,0.172,2.0,22.7,0.019,0.092,0.056,11.4,11.4,0.509,0.538,0.178,0.18,96.41,96.17,80.14,96.17,0.081,5413,4.7,10.6
1626202,Joe Young,Joe,1610612754,IND,24.0,41,19,22,0.463,383.5133333333333,62,169,0.367,10,46,0.217,20,25,0.8,6,44,50,65,33,15,0,6,30,26,154,-33,323.5,0,0,309.0,1,2015-16,9.4,98.2,97.8,97.8,103.3,102.1,102.1,-5.1,-4.4,-4.4,0.261,1.97,23.5,0.015,0.106,0.061,11.9,11.9,0.396,0.428,0.233,0.24,99.19,100.0,83.33,100.0,0.079,800,1.5,4.1
201202,Joel Anthony,Joel,1610612765,DET,33.0,19,12,7,0.632,95.70333333333332,6,10,0.6,0,0,0.0,6,8,0.75,8,13,21,1,2,2,12,1,15,6,18,-17,84.7,0,0,68.0,1,2015-16,5.0,95.8,91.7,91.7,102.8,102.7,102.7,-7.0,-11.0,-11.0,0.02,0.5,5.9,0.077,0.135,0.105,11.8,12.1,0.6,0.666,0.071,0.074,93.19,95.29,79.41,95.29,0.077,192,0.3,0.5
203530,Joffrey Lauvergne,Joffrey,1610612743,DEN,24.0,59,24,35,0.407,1041.243333333333,195,380,0.513,13,53,0.245,62,69,0.899,77,213,290,56,54,13,15,32,115,66,465,-221,927.0,5,0,880.0,1,2015-16,17.6,100.1,101.0,101.0,109.8,110.8,110.8,-9.7,-9.8,-9.8,0.093,1.04,10.7,0.073,0.204,0.138,10.4,10.4,0.53,0.567,0.196,0.199,97.61,96.72,80.6,96.72,0.114,2091,3.3,6.4
203089,John Henson,John,1610612749,MIL,25.0,57,22,35,0.386,959.4733333333334,164,291,0.564,0,1,0.0,69,117,0.59,87,134,221,54,64,18,109,12,131,85,397,-146,1060.2,3,0,926.0,1,2015-16,16.8,97.5,96.6,96.6,102.4,103.4,103.4,-4.8,-6.8,-6.8,0.096,0.84,11.7,0.092,0.133,0.113,13.9,13.9,0.564,0.58,0.188,0.192,96.02,96.0,80.0,96.0,0.103,1911,2.9,5.1
203098,John Jenkins,John,1610612756,PHX,25.0,43,18,25,0.419,480.3033333333333,71,160,0.444,16,51,0.314,20,24,0.833,8,49,57,35,27,8,1,6,22,23,178,-65,298.9,0,0,304.0,2,2015-16,11.2,99.7,98.7,98.7,106.4,105.6,105.6,-6.6,-6.9,-6.9,0.111,1.3,15.2,0.015,0.094,0.054,11.7,11.6,0.494,0.522,0.167,0.174,102.27,103.13,85.95,103.13,0.075,1035,1.7,3.7
202322,John Wall,John,1610612764,WAS,25.0,77,37,40,0.481,2784.015,572,1349,0.424,115,328,0.351,272,344,0.791,42,337,379,789,318,145,59,73,159,292,1531,101,3463.3,49,4,3222.0,1,2015-16,36.2,104.0,105.8,105.8,103.3,104.1,104.1,0.7,1.7,1.7,0.449,2.48,30.4,0.015,0.122,0.068,12.3,12.2,0.467,0.51,0.28,0.284,100.56,99.33,82.77,99.33,0.144,5763,7.4,17.5
203948,Johnny O'Bryant III,Johnny,1610612749,MIL,23.0,66,27,39,0.409,857.085,86,209,0.411,1,1,1.0,27,40,0.675,65,111,176,32,31,18,8,18,100,39,200,-130,506.2,0,0,461.0,1,2015-16,13.0,100.5,99.7,99.7,106.2,106.6,106.6,-5.7,-6.9,-6.9,0.057,1.03,11.1,0.079,0.133,0.106,10.7,10.7,0.414,0.441,0.135,0.139,94.36,94.56,78.8,94.56,0.045,1682,1.3,3.2
202720,Jon Leuer,Jon,1610612756,PHX,27.0,67,22,45,0.328,1255.3183333333334,224,466,0.481,42,110,0.382,77,101,0.762,76,297,373,72,75,38,30,30,125,95,567,-65,1251.6,10,0,1190.0,1,2015-16,18.7,101.3,101.7,101.7,104.3,103.9,103.9,-3.0,-2.2,-2.2,0.09,0.96,11.0,0.058,0.23,0.143,11.4,11.4,0.526,0.555,0.195,0.199,101.82,101.86,84.89,101.86,0.126,2661,3.3,7.0
201973,Jonas Jerebko,Jonas,1610612738,BOS,29.0,78,47,31,0.603,1176.496666666667,118,286,0.413,43,108,0.398,61,78,0.782,77,211,288,62,52,20,24,23,137,71,340,32,858.6,1,0,821.0,1,2015-16,15.1,101.4,101.1,101.1,98.5,98.1,98.1,2.9,3.0,3.0,0.078,1.19,14.3,0.06,0.17,0.115,12.0,12.0,0.488,0.531,0.133,0.136,100.61,100.98,84.15,100.98,0.08,2454,1.5,3.7
202685,Jonas Valanciunas,Jonas,1610612761,TOR,24.0,60,40,20,0.667,1556.9216666666666,303,536,0.565,0,0,0.0,162,213,0.761,184,363,547,42,85,25,80,48,158,188,768,147,1717.4,22,0,1567.0,1,2015-16,25.9,109.1,110.8,110.8,106.1,107.1,107.1,3.0,3.7,3.7,0.045,0.49,5.5,0.125,0.245,0.185,11.2,11.2,0.565,0.61,0.204,0.207,95.49,94.28,78.57,94.28,0.142,3073,5.1,8.9
203613,Jonathon Simmons,Jonathon,1610612759,SAS,26.0,55,47,8,0.855,812.83,122,242,0.504,18,47,0.383,69,92,0.75,16,80,96,58,53,24,5,24,103,90,331,94,567.2,0,0,561.0,1,2015-16,14.8,108.4,107.2,107.2,101.2,101.0,101.0,7.2,6.3,6.3,0.108,1.09,14.9,0.022,0.099,0.063,13.6,13.5,0.541,0.586,0.183,0.19,96.62,97.23,81.03,97.23,0.071,1642,2.2,4.4
203919,Jordan Adams,Jordan,1610612763,MEM,21.0,2,0,2,0.0,14.666666666666666,2,6,0.333,0,1,0.0,3,5,0.6,0,2,2,3,2,3,0,0,2,2,7,4,20.9,0,0,18.0,1,2015-16,7.3,100.8,103.0,103.0,95.5,88.2,88.2,5.3,14.8,14.8,0.273,1.5,23.1,0.0,0.0,0.0,15.4,15.2,0.333,0.427,0.286,0.286,106.56,109.64,91.36,109.64,0.092,33,1.0,3.0
203903,Jordan Clarkson,Jordan,1610612747,LAL,24.0,79,17,62,0.215,2552.435,475,1098,0.433,111,320,0.347,164,204,0.804,93,220,313,192,135,88,7,87,168,185,1225,-628,2038.6,1,0,2031.0,1,2015-16,32.3,98.4,99.8,99.8,111.5,111.9,111.9,-13.1,-12.1,-12.1,0.139,1.42,12.7,0.033,0.086,0.059,8.9,8.9,0.483,0.516,0.225,0.228,98.26,97.38,81.15,97.38,0.087,5178,6.0,13.9
200770,Jordan Farmar,Jordan,1610612763,MEM,29.0,12,2,10,0.167,291.2933333333333,42,100,0.42,16,45,0.356,10,10,1.0,4,21,25,37,18,15,2,7,22,17,110,-64,228.5,0,0,222.0,1,2015-16,24.3,99.1,101.0,101.0,112.7,112.7,112.7,-13.6,-11.7,-11.7,0.198,2.06,23.3,0.012,0.085,0.044,11.3,11.3,0.5,0.527,0.178,0.182,95.61,94.67,78.89,94.67,0.084,576,3.5,8.3
202706,Jordan Hamilton,Jordan,1610612740,NOP,25.0,11,4,7,0.364,303.675,49,116,0.422,13,45,0.289,14,21,0.667,12,50,62,25,17,8,3,5,24,18,125,-64,252.9,1,0,247.0,1,2015-16,27.6,104.1,104.2,104.2,115.3,114.2,114.2,-11.2,-10.0,-10.0,0.128,1.47,15.0,0.039,0.172,0.103,10.2,10.2,0.478,0.499,0.203,0.208,97.57,98.0,81.67,98.0,0.082,619,4.5,10.5
201941,Jordan Hill,Jordan,1610612754,IND,28.0,73,40,33,0.548,1512.6666666666667,278,549,0.506,0,1,0.0,89,125,0.712,156,295,451,87,92,36,37,31,155,91,645,48,1443.7,9,0,1329.0,1,2015-16,20.7,102.5,102.6,102.6,101.3,101.2,101.2,1.2,1.3,1.3,0.096,0.95,11.1,0.1,0.186,0.143,11.7,11.7,0.506,0.534,0.201,0.204,96.63,96.62,80.52,96.62,0.118,3049,3.8,7.5
203895,Jordan McRae,Jordan,1610612739,CLE,25.0,22,10,12,0.455,195.95166666666665,34,78,0.436,10,22,0.455,21,28,0.75,4,16,20,25,15,3,1,8,17,23,99,44,157.5,0,0,162.0,2,2015-16,8.9,107.2,107.0,107.0,96.7,94.3,94.3,10.6,12.7,12.7,0.216,1.67,19.2,0.021,0.075,0.05,11.5,11.5,0.5,0.548,0.244,0.253,93.22,94.43,78.69,94.43,0.096,383,1.5,3.5
1626175,Jordan Mickey,Jordan,1610612738,BOS,21.0,16,9,7,0.563,57.178333333333335,8,22,0.364,0,0,0.0,5,10,0.5,6,7,13,1,1,0,11,5,5,7,21,6,70.1,0,0,57.0,1,2015-16,3.6,98.2,94.1,94.1,89.0,88.3,88.3,9.3,5.8,5.8,0.03,1.0,3.6,0.091,0.111,0.101,3.6,3.5,0.364,0.398,0.193,0.208,97.85,100.32,83.6,100.32,0.072,119,0.5,1.4
203268,Jorge Gutierrez,Jorge,1610612766,CHA,27.0,12,9,3,0.75,63.3,6,11,0.545,0,2,0.0,10,11,0.909,0,7,7,17,6,3,0,0,3,10,22,8,58.9,0,0,52.0,1,2015-16,5.3,114.7,108.1,108.1,103.2,103.7,103.7,11.6,4.4,4.4,0.395,2.83,43.6,0.0,0.092,0.0,15.4,15.4,0.545,0.694,0.148,0.155,99.65,102.37,85.31,102.37,0.143,136,0.5,0.9
101181,Jose Calderon,Jose,1610612752,NYK,34.0,72,29,43,0.403,2023.8383333333331,209,455,0.459,84,203,0.414,42,48,0.875,22,207,229,298,87,63,7,10,135,76,544,-75,1388.8,1,0,1295.0,1,2015-16,28.1,104.3,105.5,105.5,106.3,107.2,107.2,-2.0,-1.7,-1.7,0.213,3.43,34.7,0.011,0.098,0.056,10.1,10.1,0.552,0.571,0.124,0.126,95.18,94.25,78.54,94.25,0.088,3970,2.9,6.3
203962,Josh Huestis,Josh,1610612760,OKC,24.0,5,2,3,0.4,54.98333333333333,5,12,0.417,4,6,0.667,0,4,0.0,2,8,10,0,3,1,2,0,3,2,14,2,32.0,0,0,34.0,1,2015-16,11.0,104.2,108.1,108.1,107.7,103.5,103.5,-3.4,4.6,4.6,0.0,0.0,0.0,0.038,0.138,0.091,17.6,17.9,0.583,0.509,0.135,0.132,98.09,98.21,81.84,98.21,0.042,111,1.0,2.4
201177,Josh McRoberts,Josh,1610612748,MIA,29.0,42,27,15,0.643,594.6933333333334,55,148,0.372,12,49,0.245,28,40,0.7,22,83,105,81,30,18,7,8,68,34,150,5,442.5,1,0,398.0,1,2015-16,14.2,103.8,102.6,102.6,101.9,102.0,102.0,1.9,0.6,0.6,0.204,2.7,29.3,0.039,0.139,0.091,10.9,10.8,0.412,0.453,0.148,0.154,95.26,95.73,79.77,95.73,0.072,1185,1.3,3.5
1626196,Josh Richardson,Josh,1610612748,MIA,22.0,52,29,23,0.558,1106.95,123,272,0.452,53,115,0.461,42,63,0.667,21,86,107,73,35,36,25,20,107,61,341,39,726.9,0,0,696.0,1,2015-16,21.3,104.6,104.3,104.3,101.4,102.5,102.5,3.1,1.8,1.8,0.098,2.09,17.8,0.02,0.075,0.048,8.6,8.6,0.55,0.569,0.134,0.137,95.69,95.27,79.39,95.27,0.066,2197,2.4,5.2
2746,Josh Smith,Josh,1610612745,HOU,30.0,55,31,24,0.564,879.9733333333334,127,349,0.364,41,143,0.287,37,67,0.552,51,141,192,90,77,34,47,15,118,64,332,-76,863.4,0,0,817.0,2,2015-16,16.0,97.9,96.7,96.7,101.9,101.5,101.5,-4.0,-4.7,-4.7,0.172,1.17,16.4,0.053,0.154,0.102,14.0,14.1,0.423,0.439,0.221,0.226,100.12,100.97,84.14,100.97,0.066,1857,2.3,6.3
201950,Jrue Holiday,Jrue,1610612740,NOP,26.0,65,27,38,0.415,1830.881666666667,410,935,0.439,87,259,0.336,182,216,0.843,27,168,195,391,167,88,22,49,148,184,1089,27,2072.5,5,0,1982.0,1,2015-16,28.2,105.6,106.7,106.7,105.9,106.1,106.1,-0.3,0.6,0.6,0.365,2.34,24.6,0.014,0.094,0.053,10.5,10.5,0.485,0.529,0.283,0.287,99.71,99.13,82.61,99.13,0.129,3783,6.3,14.4
203944,Julius Randle,Julius,1610612747,LAL,21.0,81,17,64,0.21,2286.1966666666667,358,835,0.429,10,36,0.278,193,270,0.715,172,657,829,144,149,53,29,81,242,212,919,-681,2226.8,34,1,2066.0,1,2015-16,28.2,97.7,98.9,98.9,113.0,113.0,113.0,-15.4,-14.1,-14.1,0.111,0.97,11.6,0.069,0.292,0.174,12.0,12.0,0.435,0.482,0.209,0.212,98.12,97.52,81.27,97.52,0.11,4632,4.4,10.3
1626147,Justin Anderson,Justin,1610612742,DAL,22.0,55,28,27,0.509,646.8766666666667,71,175,0.406,22,83,0.265,44,55,0.8,18,114,132,29,24,19,25,11,45,34,208,7,517.9,1,0,479.0,1,2015-16,11.8,101.9,100.7,100.7,99.8,99.3,99.3,2.1,1.4,1.4,0.071,1.21,11.4,0.026,0.167,0.096,9.4,9.5,0.469,0.522,0.152,0.155,98.17,99.06,82.55,99.06,0.094,1329,1.3,3.2
202712,Justin Harper,Justin,1610612751,BKN,26.0,5,4,1,0.8,35.083333333333336,4,10,0.4,4,9,0.444,1,2,0.5,0,1,1,0,2,1,0,0,3,1,13,-32,15.2,0,0,20.0,1,2015-16,7.0,89.8,84.5,84.5,141.7,133.3,133.3,-51.9,-48.8,-48.8,0.0,0.0,0.0,0.0,0.0,0.0,15.4,15.5,0.6,0.597,0.167,0.177,90.14,95.77,79.81,95.77,0.021,71,0.8,2.0
203200,Justin Holiday,Justin,1610612741,CHI,27.0,53,28,25,0.528,772.5866666666667,88,228,0.386,36,105,0.343,27,37,0.73,12,78,90,56,39,32,19,20,61,47,239,-89,545.0,0,0,523.0,2,2015-16,14.6,101.5,100.5,100.5,104.9,104.5,104.5,-3.4,-4.0,-4.0,0.111,1.44,16.5,0.015,0.098,0.057,11.5,11.5,0.465,0.489,0.16,0.164,98.72,99.41,82.84,99.41,0.059,1588,1.7,4.3
1626159,Justise Winslow,Justise,1610612748,MIA,20.0,78,46,32,0.59,2232.135,195,462,0.422,32,116,0.276,80,117,0.684,81,322,403,118,95,68,26,43,184,92,502,111,1349.6,0,0,1243.0,1,2015-16,28.6,102.9,102.7,102.7,99.0,100.3,100.3,3.9,2.4,2.4,0.077,1.24,16.2,0.038,0.14,0.091,13.0,13.1,0.457,0.489,0.122,0.124,96.45,95.88,79.9,95.88,0.064,4461,2.5,5.9
203994,Jusuf Nurkić,Jusuf,1610612743,DEN,21.0,32,14,18,0.438,547.075,101,242,0.417,0,3,0.0,61,99,0.616,65,110,175,40,55,24,44,26,91,93,263,-7,682.0,4,0,614.0,1,2015-16,17.1,103.8,104.7,104.7,105.1,105.3,105.3,-1.3,-0.6,-0.6,0.123,0.73,10.5,0.113,0.2,0.155,14.4,14.5,0.417,0.46,0.266,0.272,98.31,97.83,81.52,97.83,0.085,1115,3.2,7.6
203909,KJ McDaniels,KJ,1610612745,HOU,23.0,37,17,20,0.459,235.32333333333327,29,72,0.403,7,25,0.28,24,30,0.8,16,26,42,10,17,7,6,3,30,21,89,75,176.4,0,0,174.0,1,2015-16,6.4,112.7,108.1,108.1,93.8,93.3,93.3,18.9,14.9,14.9,0.059,0.59,8.8,0.067,0.091,0.08,15.0,15.2,0.451,0.522,0.179,0.188,100.4,102.8,85.67,102.8,0.062,504,0.8,1.9
1626157,Karl-Anthony Towns,Karl-Anthony,1610612750,MIN,20.0,82,29,53,0.354,2626.485,625,1153,0.542,30,88,0.341,223,275,0.811,229,629,858,161,183,58,138,69,245,244,1503,-131,3179.1,52,0,2944.0,1,2015-16,32.0,106.0,106.8,106.8,108.1,109.3,109.3,-2.1,-2.5,-2.5,0.108,0.88,10.0,0.092,0.242,0.169,11.4,11.3,0.555,0.59,0.243,0.247,97.99,97.06,80.88,97.06,0.154,5311,7.6,14.1
202695,Kawhi Leonard,Kawhi,1610612759,SAS,25.0,72,60,12,0.833,2379.563333333333,551,1090,0.506,129,291,0.443,292,334,0.874,95,398,493,186,105,128,71,29,133,281,1523,653,2885.6,12,0,2729.0,1,2015-16,33.0,109.2,110.0,110.0,94.9,95.9,95.9,14.3,14.1,14.1,0.128,1.77,12.3,0.042,0.164,0.106,6.9,6.9,0.565,0.616,0.252,0.258,95.77,94.95,79.12,94.95,0.17,4702,7.7,15.1
203951,Keith Appling,Keith,1610612753,ORL,24.0,5,0,5,0.0,26.85,2,8,0.25,0,3,0.0,2,2,1.0,0,1,1,1,3,1,0,0,5,2,6,14,8.7,0,0,10.0,1,2015-16,5.4,101.7,100.0,100.0,81.4,72.4,72.4,20.3,27.6,27.6,0.059,0.33,7.7,0.0,0.0,0.0,23.1,23.3,0.25,0.338,0.2,0.201,95.32,101.9,84.92,101.9,-0.063,56,0.4,1.6
203482,Kelly Olynyk,Kelly,1610612738,BOS,25.0,69,40,29,0.58,1394.8466666666666,253,556,0.455,85,210,0.405,96,128,0.75,72,209,281,105,74,52,33,33,163,119,687,218,1362.7,1,0,1328.0,1,2015-16,20.2,102.9,103.6,103.6,97.7,96.8,96.8,5.2,6.8,6.8,0.119,1.42,13.3,0.047,0.138,0.092,9.3,9.4,0.531,0.561,0.204,0.207,101.56,101.67,84.73,101.67,0.111,2963,3.7,8.1
1626162,Kelly Oubre Jr.,Kelly,1610612764,WAS,20.0,63,31,32,0.492,671.3816666666667,90,211,0.427,25,79,0.316,31,49,0.633,25,108,133,13,34,22,7,20,100,51,236,-47,468.1,0,0,465.0,1,2015-16,10.7,102.0,100.4,100.4,104.0,103.0,103.0,-2.0,-2.6,-2.6,0.029,0.38,4.7,0.035,0.155,0.095,12.3,12.2,0.486,0.507,0.166,0.173,101.09,102.42,85.35,102.42,0.051,1428,1.4,3.3
202689,Kemba Walker,Kemba,1610612766,CHA,26.0,81,47,34,0.58,2885.15,568,1331,0.427,182,490,0.371,371,438,0.847,56,301,357,421,171,126,39,103,111,346,1689,239,3072.9,3,0,2979.0,1,2015-16,35.6,106.4,107.4,107.4,102.2,103.6,103.6,4.2,3.8,3.8,0.253,2.46,19.9,0.019,0.102,0.06,8.1,8.1,0.495,0.554,0.261,0.265,97.73,96.57,80.47,96.57,0.135,5814,7.0,16.4
203088,Kendall Marshall,Kendall,1610612755,PHI,24.0,30,3,27,0.1,399.64666666666665,43,118,0.364,16,49,0.327,9,13,0.692,2,26,28,73,43,16,2,5,30,21,111,-114,265.1,0,0,264.0,1,2015-16,13.3,97.7,98.0,98.0,112.3,111.1,111.1,-14.6,-13.1,-13.1,0.266,1.7,30.4,0.005,0.067,0.034,17.9,17.9,0.432,0.449,0.179,0.181,102.42,102.81,85.68,102.81,0.049,855,1.4,3.9
2570,Kendrick Perkins,Kendrick,1610612740,NOP,31.0,37,13,24,0.351,542.0416666666666,40,75,0.533,0,0,0.0,11,25,0.44,25,103,128,31,41,11,11,7,64,26,91,-77,316.1,0,0,294.0,1,2015-16,14.6,105.0,103.7,103.7,110.9,109.7,109.7,-5.8,-6.0,-6.0,0.077,0.76,19.5,0.048,0.196,0.122,25.8,25.9,0.533,0.529,0.103,0.106,98.72,99.84,83.2,99.84,0.046,1123,1.1,2.0
202702,Kenneth Faried,Kenneth,1610612743,DEN,26.0,67,26,41,0.388,1694.4516666666666,349,626,0.558,1,2,0.5,136,222,0.613,235,346,581,79,91,32,60,59,169,209,835,-109,1835.7,21,0,1680.0,1,2015-16,25.3,104.7,106.5,106.5,109.1,110.0,110.0,-4.3,-3.5,-3.5,0.077,0.87,8.9,0.132,0.21,0.17,10.2,10.2,0.558,0.577,0.203,0.207,98.14,96.9,80.75,96.9,0.126,3425,5.2,9.3
203145,Kent Bazemore,Kent,1610612737,ATL,26.0,75,44,31,0.587,2082.7966666666666,320,725,0.441,109,305,0.357,123,151,0.815,28,351,379,171,138,98,38,38,176,172,872,76,1853.3,1,0,1803.0,1,2015-16,27.8,102.6,102.8,102.8,99.5,100.6,100.6,3.2,2.3,2.3,0.127,1.24,15.5,0.013,0.156,0.088,12.5,12.5,0.517,0.551,0.195,0.199,100.17,99.54,82.95,99.54,0.1,4308,4.3,9.7
203484,Kentavious Caldwell-Pope,Kentavious,1610612765,DET,23.0,76,41,35,0.539,2788.7316666666666,403,960,0.42,114,369,0.309,185,228,0.811,70,212,282,138,105,110,17,35,167,189,1105,173,1926.4,1,0,1893.0,1,2015-16,36.7,104.6,106.5,106.5,102.6,103.9,103.9,2.0,2.6,2.6,0.075,1.31,10.6,0.023,0.077,0.048,8.1,8.1,0.479,0.521,0.177,0.18,97.95,96.45,80.37,96.45,0.077,5616,5.3,12.6
201142,Kevin Durant,Kevin,1610612760,OKC,27.0,72,52,20,0.722,2577.62,698,1381,0.505,186,481,0.387,447,498,0.898,45,544,589,361,250,69,85,38,137,326,2029,646,3489.3,27,1,3473.0,1,2015-16,35.8,113.4,114.5,114.5,102.2,102.9,102.9,11.2,11.6,11.6,0.23,1.44,16.4,0.018,0.188,0.11,11.4,11.3,0.573,0.634,0.298,0.305,100.21,99.34,82.78,99.34,0.194,5347,9.7,19.2
708,Kevin Garnett,Kevin,1610612750,MIN,40.0,38,14,24,0.368,555.675,54,115,0.47,0,1,0.0,14,21,0.667,15,135,150,62,16,28,10,2,70,26,122,56,493.0,0,0,410.0,1,2015-16,14.6,103.0,102.0,102.0,96.4,97.4,97.4,6.6,4.6,4.6,0.164,3.88,30.5,0.028,0.235,0.135,7.9,7.9,0.47,0.491,0.114,0.117,96.09,96.1,80.08,96.1,0.109,1115,1.4,3.0
201567,Kevin Love,Kevin,1610612739,CLE,27.0,77,53,24,0.688,2424.395,409,977,0.419,158,439,0.36,258,314,0.822,149,613,762,185,142,58,41,53,159,281,1234,428,2580.9,35,0,2537.0,1,2015-16,31.5,111.0,112.4,112.4,102.6,103.6,103.6,8.4,8.8,8.8,0.119,1.3,12.8,0.064,0.258,0.162,9.8,9.8,0.499,0.553,0.233,0.235,94.87,93.82,78.18,93.82,0.143,4744,5.3,12.7
2755,Kevin Martin,Kevin,1610612759,SAS,33.0,55,24,31,0.436,1094.98,156,419,0.372,49,136,0.36,153,172,0.89,14,96,110,58,54,26,3,21,83,105,514,-123,766.0,0,0,789.0,2,2015-16,19.9,101.4,101.0,101.0,106.8,106.4,106.4,-5.4,-5.4,-5.4,0.089,1.07,9.6,0.013,0.09,0.051,8.9,8.9,0.431,0.52,0.217,0.222,98.24,98.65,82.21,98.65,0.074,2250,2.8,7.6
202338,Kevin Seraphin,Kevin,1610612752,NYK,26.0,48,15,33,0.313,526.4883333333333,84,205,0.41,0,2,0.0,19,23,0.826,31,95,126,47,43,8,36,12,67,20,187,-86,497.7,0,0,448.0,1,2015-16,11.0,92.6,92.7,92.7,102.9,100.4,100.4,-10.4,-7.6,-7.6,0.157,1.09,15.4,0.056,0.172,0.114,14.1,14.1,0.41,0.435,0.219,0.223,96.78,97.92,81.6,97.92,0.078,1072,1.8,4.3
1626172,Kevon Looney,Kevon,1610612744,GSW,20.0,5,4,1,0.8,20.598333333333333,4,7,0.571,1,2,0.5,0,0,0.0,4,6,10,0,1,0,0,1,2,0,9,-22,20.0,0,0,20.0,1,2015-16,4.1,109.8,100.0,100.0,151.6,146.8,146.8,-41.8,-46.8,-46.8,0.0,0.0,0.0,0.0,0.0,0.0,12.5,12.5,0.643,0.643,0.14,0.154,102.91,109.52,91.27,109.52,0.105,47,0.8,1.4
203114,Khris Middleton,Khris,1610612749,MIL,24.0,79,33,46,0.418,2852.0,507,1142,0.444,143,361,0.396,277,312,0.888,44,258,302,331,180,131,19,42,204,249,1434,-33,2562.9,1,0,2510.0,1,2015-16,36.1,104.6,105.6,105.6,104.8,106.4,106.4,-0.2,-0.8,-0.8,0.183,1.84,18.6,0.016,0.091,0.054,10.1,10.1,0.507,0.56,0.224,0.229,97.44,96.27,80.22,96.27,0.108,5726,6.4,14.5
2550,Kirk Hinrich,Kirk,1610612737,ATL,35.0,46,26,20,0.565,630.9983333333333,49,129,0.38,24,62,0.387,15,16,0.938,8,62,70,73,30,15,2,6,64,33,137,13,351.5,0,0,338.0,2,2015-16,13.7,100.2,99.8,99.8,98.7,98.5,98.5,1.5,1.3,1.3,0.173,2.43,30.5,0.012,0.093,0.052,12.6,12.6,0.473,0.504,0.113,0.117,96.72,97.03,80.86,97.03,0.056,1274,1.1,2.8
202691,Klay Thompson,Klay,1610612744,GSW,26.0,80,71,9,0.888,2666.415,651,1386,0.47,276,650,0.425,193,221,0.873,35,271,306,166,138,60,49,42,152,167,1771,837,2576.2,0,0,2737.0,1,2015-16,33.3,115.4,116.0,116.0,99.7,101.3,101.3,15.7,14.6,14.6,0.094,1.2,9.3,0.014,0.09,0.055,7.7,7.7,0.569,0.597,0.26,0.263,102.43,101.35,84.46,101.35,0.114,5636,8.1,17.3
977,Kobe Bryant,Kobe,1610612747,LAL,37.0,66,13,53,0.197,1863.3233333333333,398,1113,0.358,133,467,0.285,232,281,0.826,41,206,247,184,129,62,13,36,115,174,1161,-569,1829.4,2,0,1875.0,1,2015-16,28.2,98.3,100.1,100.1,114.0,114.9,114.9,-15.8,-14.8,-14.8,0.183,1.43,12.0,0.02,0.111,0.063,8.4,8.3,0.417,0.469,0.314,0.319,99.74,98.46,82.05,98.46,0.089,3820,6.0,16.9
201585,Kosta Koufos,Kosta,1610612758,SAC,27.0,78,32,46,0.41,1482.4,236,444,0.532,0,0,0.0,57,104,0.548,169,254,423,33,48,40,70,30,185,92,529,-229,1368.1,5,0,1205.0,1,2015-16,19.0,100.9,101.2,101.2,108.0,107.8,107.8,-7.1,-6.6,-6.6,0.034,0.69,5.8,0.107,0.17,0.138,8.4,8.4,0.532,0.54,0.152,0.155,100.96,100.91,84.09,100.91,0.088,3105,3.0,5.7
203123,Kostas Papanikolaou,Kostas,1610612743,DEN,25.0,26,8,18,0.308,294.015,24,66,0.364,10,32,0.313,9,14,0.643,8,32,40,16,21,13,5,8,24,17,67,-9,172.0,0,0,169.0,1,2015-16,11.3,98.6,97.9,97.9,98.7,100.3,100.3,-0.2,-2.4,-2.4,0.077,0.76,14.5,0.027,0.107,0.067,19.1,19.2,0.439,0.464,0.141,0.145,94.93,94.44,78.7,94.44,0.044,581,0.9,2.5
2743,Kris Humphries,Kris,1610612737,ATL,31.0,53,29,24,0.547,834.7133333333334,121,295,0.41,34,108,0.315,67,84,0.798,57,161,218,36,38,16,23,17,94,76,343,-103,737.6,1,0,709.0,3,2015-16,15.7,100.7,101.2,101.2,106.0,105.5,105.5,-5.3,-4.3,-4.3,0.068,0.95,8.8,0.064,0.19,0.126,9.3,9.4,0.468,0.517,0.189,0.192,101.13,101.09,84.24,101.09,0.087,1745,2.3,5.6
204001,Kristaps Porziņģis,Kristaps,1610612752,NYK,20.0,72,28,44,0.389,2046.4616666666664,373,886,0.421,81,243,0.333,201,240,0.838,132,394,526,94,121,53,134,26,205,224,1028,12,2240.2,21,0,2103.0,1,2015-16,28.4,103.9,104.6,104.6,104.1,104.3,104.3,-0.2,0.3,0.3,0.076,0.78,7.7,0.063,0.184,0.124,10.0,10.0,0.467,0.518,0.243,0.245,95.39,94.93,79.11,94.93,0.113,4048,5.2,12.3
203937,Kyle Anderson,Kyle,1610612759,SAS,22.0,78,64,14,0.821,1245.0616666666667,138,295,0.468,12,37,0.324,62,83,0.747,25,219,244,123,59,60,29,16,97,80,350,202,1035.3,1,0,907.0,1,2015-16,16.0,107.7,106.1,106.1,97.7,97.5,97.5,10.0,8.6,8.6,0.14,2.08,23.9,0.022,0.179,0.104,11.5,11.5,0.488,0.528,0.143,0.147,94.72,95.53,79.61,95.53,0.102,2473,1.8,3.8
2594,Kyle Korver,Kyle,1610612737,ATL,35.0,80,46,34,0.575,2400.665,268,617,0.434,158,397,0.398,45,54,0.833,14,246,260,164,98,60,35,12,161,66,739,428,1484.0,0,0,1511.0,1,2015-16,30.0,104.5,105.5,105.5,98.1,98.3,98.3,6.4,7.2,7.2,0.095,1.67,18.4,0.006,0.096,0.053,11.0,10.9,0.562,0.577,0.132,0.135,99.7,99.17,82.64,99.17,0.068,4995,3.4,7.7
200768,Kyle Lowry,Kyle,1610612761,TOR,30.0,77,54,23,0.701,2851.155,512,1198,0.427,212,547,0.388,398,491,0.811,55,310,365,494,225,158,34,74,211,433,1634,376,3164.0,12,1,3089.0,1,2015-16,37.0,108.6,110.8,110.8,102.7,104.4,104.4,5.9,6.4,6.4,0.293,2.2,23.2,0.02,0.111,0.066,10.6,10.5,0.516,0.578,0.256,0.26,95.39,93.63,78.02,93.63,0.145,5571,6.6,15.6
203124,Kyle O'Quinn,Kyle,1610612752,NYK,26.0,65,26,39,0.4,764.2883333333333,129,271,0.476,5,22,0.227,46,60,0.767,76,174,250,72,61,20,49,18,107,57,309,-59,863.0,1,0,774.0,1,2015-16,11.8,100.0,99.9,99.9,104.1,103.8,103.8,-4.1,-3.9,-3.9,0.161,1.18,16.8,0.097,0.208,0.155,14.2,14.2,0.485,0.52,0.206,0.212,96.53,96.69,80.57,96.69,0.123,1540,2.0,4.2
202713,Kyle Singler,Kyle,1610612760,OKC,28.0,68,43,25,0.632,977.1183333333332,86,221,0.389,30,97,0.309,29,44,0.659,50,91,141,24,32,30,9,13,120,43,231,-22,521.2,0,0,504.0,1,2015-16,14.4,103.3,103.1,103.1,104.0,103.8,103.8,-0.7,-0.6,-0.6,0.035,0.75,8.1,0.048,0.087,0.068,10.8,10.8,0.457,0.481,0.113,0.117,99.88,100.09,83.41,100.09,0.031,2033,1.3,3.3
202681,Kyrie Irving,Kyrie,1610612739,CLE,24.0,53,37,16,0.698,1667.3733333333332,394,879,0.448,84,262,0.321,169,191,0.885,44,113,157,250,124,56,18,54,107,152,1041,206,1702.4,1,0,1680.0,1,2015-16,31.5,110.4,111.6,111.6,104.7,105.8,105.8,5.7,5.8,5.8,0.253,2.02,18.9,0.026,0.071,0.048,9.4,9.3,0.496,0.54,0.285,0.293,95.53,94.52,78.77,94.52,0.122,3290,7.4,16.6
200746,LaMarcus Aldridge,LaMarcus,1610612759,SAS,30.0,74,61,13,0.824,2260.86,536,1045,0.513,0,16,0.0,259,302,0.858,176,456,632,110,99,38,81,37,151,240,1331,508,2512.4,26,0,2311.0,1,2015-16,30.6,109.1,109.6,109.6,97.1,97.9,97.9,12.1,11.7,11.7,0.081,1.11,7.9,0.084,0.199,0.144,7.1,7.1,0.513,0.565,0.258,0.26,94.88,94.3,78.58,94.3,0.151,4435,7.2,14.1
203934,Lamar Patterson,Lamar,1610612737,ATL,24.0,35,23,12,0.657,394.9,28,80,0.35,12,49,0.245,16,22,0.727,4,46,50,39,23,9,2,5,45,23,84,33,212.5,0,0,207.0,1,2015-16,11.3,106.3,106.3,106.3,103.2,102.1,102.1,3.1,4.2,4.2,0.134,1.7,25.7,0.01,0.122,0.065,15.1,15.2,0.425,0.468,0.123,0.126,99.82,100.4,83.67,100.4,0.037,825,0.8,2.3
202362,Lance Stephenson,Lance,1610612763,MEM,25.0,69,36,33,0.522,1372.3066666666666,228,474,0.481,30,78,0.385,87,111,0.784,40,183,223,133,94,43,9,30,135,94,573,-64,1102.1,1,0,1063.0,2,2015-16,19.9,103.5,103.7,103.7,105.9,106.2,106.2,-2.4,-2.5,-2.5,0.152,1.41,17.8,0.029,0.135,0.081,12.6,12.5,0.513,0.548,0.194,0.199,97.46,97.24,81.03,97.24,0.098,2783,3.3,6.9
202498,Lance Thomas,Lance,1610612752,NYK,28.0,59,25,34,0.424,1313.39,169,382,0.442,44,109,0.404,102,119,0.857,34,97,131,53,57,22,7,24,109,108,484,-43,750.7,0,0,770.0,1,2015-16,22.3,103.1,102.9,102.9,103.2,103.5,103.5,-0.1,-0.6,-0.6,0.066,0.93,9.8,0.027,0.069,0.049,10.5,10.5,0.5,0.557,0.166,0.172,96.65,96.57,80.48,96.57,0.064,2629,2.9,6.5
204038,Langston Galloway,Langston,1610612752,NYK,24.0,82,32,50,0.39,2033.2983333333332,231,588,0.393,77,224,0.344,86,114,0.754,43,245,288,207,61,77,22,22,177,86,625,-104,1517.1,1,0,1395.0,1,2015-16,24.8,100.3,100.8,100.8,103.2,103.4,103.4,-2.9,-2.6,-2.6,0.161,3.39,22.9,0.02,0.115,0.068,6.8,6.7,0.458,0.49,0.151,0.155,96.7,96.38,80.31,96.38,0.083,4083,2.8,7.2
1626204,Larry Nance Jr.,Larry,1610612747,LAL,23.0,63,14,49,0.222,1265.715,158,300,0.527,1,10,0.1,32,47,0.681,101,211,312,44,41,54,23,19,124,58,349,-94,979.4,3,0,860.0,1,2015-16,20.1,100.7,101.4,101.4,105.9,104.8,104.8,-5.2,-3.4,-3.4,0.055,1.07,10.9,0.076,0.165,0.12,10.1,10.1,0.528,0.544,0.124,0.126,96.87,97.06,80.89,97.06,0.09,2556,2.5,4.8
202730,Lavoy Allen,Lavoy,1610612754,IND,27.0,79,43,36,0.544,1598.8066666666666,191,370,0.516,0,0,0.0,46,73,0.63,162,262,424,76,69,26,42,22,147,72,428,191,1185.8,4,0,1064.0,1,2015-16,20.2,105.1,104.8,104.8,98.2,98.9,98.9,6.9,6.0,6.0,0.07,1.1,13.9,0.101,0.159,0.13,12.6,12.6,0.516,0.532,0.128,0.131,96.39,96.16,80.13,96.16,0.09,3203,2.4,4.7
2544,LeBron James,LeBron,1610612739,CLE,31.0,76,56,20,0.737,2708.5783333333334,737,1416,0.52,87,282,0.309,359,491,0.731,111,454,565,514,249,104,49,69,143,413,1920,618,3579.0,28,3,3392.0,1,2015-16,35.6,112.4,114.0,114.0,101.4,102.6,102.6,11.0,11.4,11.4,0.339,2.06,21.6,0.042,0.167,0.106,10.5,10.4,0.551,0.588,0.305,0.311,95.83,94.61,78.85,94.61,0.189,5344,9.7,18.6
2571,Leandro Barbosa,Leandro,1610612744,GSW,33.0,68,60,8,0.882,1079.205,171,370,0.462,39,110,0.355,52,62,0.839,28,89,117,82,53,44,10,20,107,65,433,41,805.4,0,0,779.0,1,2015-16,15.9,106.9,106.0,106.0,103.9,103.4,103.4,3.1,2.6,2.6,0.112,1.55,15.4,0.025,0.079,0.052,9.9,10.0,0.515,0.545,0.174,0.179,101.02,101.7,84.75,101.7,0.072,2278,2.5,5.4
203485,Lorenzo Brown,Lorenzo,1610612765,DET,25.0,8,1,7,0.125,60.73333333333333,8,25,0.32,1,8,0.125,3,4,0.75,0,7,7,11,9,3,1,0,4,3,20,-30,47.9,0,0,47.0,1,2015-16,7.6,89.6,89.8,89.8,118.7,114.3,114.3,-29.1,-24.5,-24.5,0.306,1.22,23.9,0.0,0.0,0.0,19.6,19.2,0.34,0.374,0.248,0.261,98.22,99.98,83.32,99.98,0.047,127,1.0,3.1
200811,Lou Amundson,Lou,1610612752,NYK,33.0,29,11,18,0.379,204.435,19,53,0.358,0,0,0.0,14,27,0.519,23,26,49,12,15,6,7,3,44,22,52,-47,152.8,0,0,139.0,1,2015-16,7.0,90.5,89.4,89.4,99.9,100.5,100.5,-9.4,-11.1,-11.1,0.107,0.8,13.2,0.098,0.118,0.108,16.5,16.3,0.358,0.401,0.166,0.175,95.54,95.8,79.83,95.8,0.009,407,0.7,1.8
101150,Lou Williams,Lou,1610612747,LAL,29.0,67,14,53,0.209,1906.7116666666664,283,693,0.408,110,320,0.344,352,424,0.83,31,138,169,167,107,62,19,40,107,258,1028,-399,1617.3,0,0,1636.0,1,2015-16,28.5,99.6,100.9,100.9,110.4,111.0,111.0,-10.8,-10.2,-10.2,0.149,1.56,14.6,0.015,0.072,0.043,9.4,9.3,0.488,0.584,0.221,0.227,99.14,98.26,81.88,98.26,0.104,3902,4.2,10.3
201601,Luc Mbah a Moute,Luc,1610612746,LAC,29.0,75,49,26,0.653,1273.835,94,207,0.454,13,40,0.325,30,57,0.526,60,111,171,30,34,44,19,32,100,46,231,155,636.2,0,0,571.0,1,2015-16,17.0,109.0,107.0,107.0,97.5,98.6,98.6,11.5,8.3,8.3,0.032,0.88,10.1,0.049,0.081,0.065,11.4,11.5,0.486,0.498,0.095,0.097,96.65,96.95,80.8,96.95,0.039,2544,1.3,2.8
203512,Lucas Nogueira,Lucas,1610612761,TOR,23.0,29,17,12,0.586,224.73,28,44,0.636,1,3,0.333,8,15,0.533,18,28,46,7,11,12,12,3,29,11,65,24,191.7,0,0,167.0,1,2015-16,7.7,111.6,107.8,107.8,103.5,103.5,103.5,8.1,4.3,4.3,0.044,0.64,10.1,0.079,0.117,0.099,15.9,16.0,0.648,0.642,0.12,0.125,96.17,97.82,81.52,97.82,0.075,460,1.0,1.5
1626242,Luis Montero,Luis,1610612757,POR,23.0,12,6,6,0.5,42.03666666666667,5,19,0.263,1,9,0.111,3,4,0.75,0,4,4,1,4,0,0,2,1,3,14,-39,16.3,0,0,20.0,1,2015-16,3.5,64.2,64.3,64.3,122.2,112.0,112.0,-58.0,-47.8,-47.8,0.067,0.25,3.8,0.0,0.108,0.048,15.4,15.5,0.289,0.337,0.255,0.266,91.51,95.35,79.45,95.35,-0.01,84,0.4,1.6
2449,Luis Scola,Luis,1610612761,TOR,36.0,76,50,26,0.658,1636.195,269,598,0.45,65,161,0.404,61,84,0.726,84,276,360,66,68,46,27,35,178,107,664,-26,1346.0,3,0,1301.0,1,2015-16,21.5,104.0,105.1,105.1,106.7,107.0,107.0,-2.7,-1.9,-1.9,0.066,0.97,8.6,0.052,0.179,0.114,8.8,8.8,0.504,0.523,0.19,0.193,95.71,95.08,79.23,95.08,0.086,3258,3.5,7.9
202337,Luke Babbitt,Luke,1610612740,NOP,27.0,47,16,31,0.34,845.0833333333334,122,289,0.422,44,109,0.404,39,50,0.78,25,123,148,53,23,11,7,25,90,48,327,-26,615.1,1,0,608.0,1,2015-16,18.0,105.7,105.7,105.7,108.8,108.2,108.2,-3.1,-2.5,-2.5,0.092,2.3,13.8,0.028,0.147,0.086,6.0,5.9,0.498,0.526,0.168,0.172,99.61,99.91,83.26,99.91,0.072,1767,2.6,6.1
2736,Luol Deng,Luol,1610612748,MIA,31.0,74,45,29,0.608,2393.918333333333,339,745,0.455,88,256,0.344,145,192,0.755,108,335,443,140,81,74,29,31,122,165,911,24,1880.6,13,0,1788.0,1,2015-16,32.4,104.1,104.3,104.3,102.8,103.9,103.9,1.3,0.5,0.5,0.087,1.73,13.3,0.047,0.139,0.094,7.7,7.7,0.514,0.549,0.168,0.171,96.8,96.23,80.19,96.23,0.101,4800,4.6,10.1
1938,Manu Ginobili,Manu,1610612759,SAS,38.0,58,47,11,0.81,1134.1016666666667,197,435,0.453,70,179,0.391,91,112,0.813,26,120,146,177,99,66,11,22,99,138,555,329,1127.7,0,0,1102.0,1,2015-16,19.6,108.8,107.8,107.8,93.9,93.1,93.1,14.9,14.6,14.6,0.234,1.79,23.2,0.025,0.101,0.065,13.0,13.0,0.533,0.573,0.227,0.231,98.23,99.1,82.59,99.1,0.119,2335,3.4,7.5
201188,Marc Gasol,Marc,1610612763,MEM,31.0,52,30,22,0.577,1791.045,328,707,0.464,2,3,0.667,203,245,0.829,58,304,362,196,118,50,70,25,141,230,861,11,1831.4,9,1,1661.0,1,2015-16,34.4,102.8,104.1,104.1,102.9,103.9,103.9,-0.1,0.1,0.1,0.195,1.66,17.3,0.033,0.179,0.104,10.4,10.5,0.465,0.528,0.237,0.239,94.38,93.37,77.81,93.37,0.13,3487,6.3,13.6
1626273,Marcelo Huertas,Marcelo,1610612747,LAL,33.0,53,8,45,0.151,868.8166666666667,97,230,0.422,16,61,0.262,27,29,0.931,18,72,90,182,80,26,7,14,76,34,237,19,637.0,0,0,591.0,1,2015-16,16.4,101.6,102.9,102.9,101.5,101.1,101.1,0.1,1.7,1.7,0.327,2.28,36.4,0.02,0.082,0.051,16.0,15.8,0.457,0.488,0.161,0.165,96.39,95.94,79.95,95.94,0.08,1731,1.8,4.3
101162,Marcin Gortat,Marcin,1610612764,WAS,32.0,75,35,40,0.467,2255.9166666666665,433,764,0.567,0,1,0.0,146,207,0.705,222,519,741,106,121,47,96,50,193,213,1012,63,2368.2,41,0,2145.0,1,2015-16,30.1,103.8,105.2,105.2,103.0,103.8,103.8,0.9,1.3,1.3,0.072,0.88,9.8,0.096,0.226,0.161,11.2,11.2,0.567,0.592,0.186,0.188,100.18,99.1,82.58,99.1,0.13,4658,5.8,10.2
201158,Marco Belinelli,Marco,1610612758,SAC,30.0,68,27,41,0.397,1671.6816666666666,245,635,0.386,91,297,0.306,115,138,0.833,10,107,117,127,80,37,2,9,91,127,696,-186,1063.9,0,0,1109.0,1,2015-16,24.6,100.2,101.0,101.0,106.6,106.7,106.7,-6.4,-5.7,-5.7,0.117,1.59,14.2,0.006,0.064,0.034,9.0,8.9,0.457,0.5,0.193,0.199,101.49,101.06,84.21,101.06,0.063,3527,3.6,9.3
202694,Marcus Morris Sr.,Marcus,1610612765,DET,26.0,80,42,38,0.525,2856.451666666667,410,945,0.434,108,298,0.362,203,271,0.749,91,313,404,201,140,67,23,29,170,261,1131,158,2047.3,4,0,2024.0,1,2015-16,35.7,104.9,106.3,106.3,103.1,104.0,104.0,1.8,2.4,2.4,0.107,1.44,14.3,0.03,0.114,0.07,10.0,10.0,0.491,0.531,0.182,0.184,97.36,96.26,80.22,96.26,0.086,5739,5.1,11.8
203935,Marcus Smart,Marcus,1610612738,BOS,22.0,61,36,25,0.59,1666.805,184,529,0.348,61,241,0.253,129,166,0.777,76,179,255,185,80,91,18,40,183,188,558,84,1388.5,2,1,1277.0,1,2015-16,27.3,102.8,103.1,103.1,100.2,100.6,100.6,2.6,2.5,2.5,0.162,2.31,21.4,0.041,0.102,0.07,9.2,9.2,0.405,0.463,0.168,0.172,102.45,102.13,85.11,102.13,0.072,3544,3.0,8.7
201977,Marcus Thornton,Marcus,1610612764,WAS,29.0,61,32,29,0.525,1108.0783333333334,216,542,0.399,91,270,0.337,67,79,0.848,38,112,150,84,51,47,4,21,90,57,590,43,998.0,0,0,1017.0,2,2015-16,18.2,104.5,104.8,104.8,104.8,104.0,104.0,-0.3,0.8,0.8,0.125,1.65,11.8,0.032,0.099,0.065,7.2,7.2,0.482,0.511,0.235,0.24,101.63,101.86,84.89,101.86,0.091,2363,3.5,8.9
201596,Mario Chalmers,Mario,1610612748,MIA,30.0,61,38,23,0.623,1372.7666666666669,182,444,0.41,46,149,0.309,218,262,0.832,24,133,157,230,110,88,13,27,181,239,628,75,1354.4,0,0,1263.0,2,2015-16,22.5,103.7,104.0,104.0,100.8,101.7,101.7,2.9,2.3,2.3,0.27,2.09,25.6,0.018,0.097,0.058,12.2,12.2,0.462,0.561,0.214,0.218,97.29,96.75,80.63,96.75,0.116,2772,3.0,7.3
1626209,Mario Hezonja,Mario,1610612753,ORL,21.0,79,33,46,0.418,1412.8533333333332,181,418,0.433,67,192,0.349,49,54,0.907,28,148,176,109,97,39,17,15,124,57,478,-2,923.7,0,0,942.0,1,2015-16,17.9,102.2,102.6,102.6,103.6,102.7,102.7,-1.4,-0.1,-0.1,0.113,1.12,16.8,0.019,0.108,0.062,15.0,15.0,0.513,0.541,0.166,0.169,98.22,98.46,82.05,98.46,0.065,2899,2.3,5.3
203900,Markel Brown,Markel,1610612751,BKN,24.0,62,12,50,0.194,982.3516666666668,127,322,0.394,38,121,0.314,71,94,0.755,23,99,122,91,54,38,15,10,94,87,363,-235,750.9,1,0,720.0,1,2015-16,15.8,102.3,102.5,102.5,113.7,113.5,113.5,-11.4,-11.0,-11.0,0.142,1.69,17.9,0.023,0.106,0.063,10.6,10.6,0.453,0.5,0.183,0.187,97.84,97.82,81.52,97.82,0.065,1995,2.0,5.2
202693,Markieff Morris,Markieff,1610612764,WAS,26.0,64,22,42,0.344,1628.875,305,718,0.425,47,155,0.303,108,147,0.735,73,279,352,124,135,58,34,40,184,133,765,-89,1514.4,2,0,1472.0,2,2015-16,25.5,100.5,102.2,102.2,104.8,104.5,104.5,-4.3,-2.3,-2.3,0.125,0.92,11.9,0.043,0.177,0.108,13.0,13.0,0.458,0.489,0.24,0.243,100.38,99.69,83.08,99.69,0.088,3377,4.8,11.2
201578,Marreese Speights,Marreese,1610612744,GSW,28.0,72,64,8,0.889,832.4166666666666,197,456,0.432,24,62,0.387,94,114,0.825,77,162,239,61,66,19,34,31,117,114,512,11,983.3,1,0,942.0,1,2015-16,11.6,106.8,105.2,105.2,105.1,104.1,104.1,1.7,1.1,1.1,0.126,0.92,9.6,0.092,0.182,0.138,10.4,10.4,0.458,0.506,0.293,0.302,98.87,100.1,83.42,100.1,0.109,1732,2.7,6.3
101107,Marvin Williams,Marvin,1610612766,CHA,30.0,81,47,34,0.58,2338.165,338,747,0.452,152,378,0.402,120,144,0.833,127,394,521,110,62,58,77,28,133,129,948,248,2081.2,10,0,2001.0,1,2015-16,28.9,107.9,108.5,108.5,102.7,103.6,103.6,5.2,5.0,5.0,0.074,1.77,11.2,0.053,0.165,0.109,6.3,6.3,0.554,0.585,0.166,0.169,96.97,96.24,80.2,96.24,0.11,4695,4.2,9.2
203486,Mason Plumlee,Mason,1610612757,POR,26.0,82,44,38,0.537,2083.5133333333333,267,517,0.516,0,4,0.0,215,335,0.642,201,427,628,226,154,68,85,64,253,272,749,36,2146.6,15,0,1909.0,1,2015-16,25.4,108.2,109.0,109.0,107.0,107.4,107.4,1.2,1.6,1.6,0.161,1.47,21.6,0.096,0.203,0.149,14.7,14.7,0.516,0.564,0.171,0.173,98.43,97.85,81.54,97.85,0.106,4233,3.3,6.3
2440,Matt Barnes,Matt,1610612763,MEM,36.0,76,38,38,0.5,2190.153333333333,264,693,0.381,119,370,0.322,111,138,0.804,84,336,420,163,121,78,57,35,234,103,758,-210,1790.5,7,1,1730.0,1,2015-16,28.8,101.9,103.2,103.2,107.4,107.7,107.7,-5.5,-4.5,-4.5,0.117,1.35,15.7,0.036,0.16,0.095,11.7,11.7,0.467,0.503,0.175,0.177,96.34,95.57,79.64,95.57,0.078,4355,3.5,9.1
2588,Matt Bonner,Matt,1610612759,SAS,36.0,30,25,5,0.833,205.91166666666663,29,57,0.509,15,34,0.441,3,4,0.75,3,24,27,9,3,6,1,2,16,5,76,63,139.9,0,0,141.0,1,2015-16,6.9,116.2,111.8,111.8,98.8,97.8,97.8,17.5,14.0,14.0,0.061,3.0,12.7,0.018,0.119,0.073,4.2,4.2,0.64,0.647,0.14,0.146,92.11,94.41,78.67,94.41,0.094,408,1.0,1.9
203521,Matthew Dellavedova,Matthew,1610612739,CLE,25.0,76,54,22,0.711,1867.3333333333333,207,511,0.405,98,239,0.41,57,66,0.864,33,129,162,337,116,44,9,20,178,90,569,381,1311.9,1,0,1272.0,1,2015-16,24.6,109.7,110.0,110.0,99.7,99.7,99.7,10.0,10.3,10.3,0.265,2.91,34.0,0.018,0.068,0.043,11.7,11.7,0.501,0.527,0.155,0.159,95.33,95.2,79.33,95.2,0.077,3704,2.7,6.7
203090,Maurice Harkless,Maurice,1610612757,POR,23.0,78,40,38,0.513,1457.045,195,411,0.474,39,140,0.279,69,111,0.622,101,179,280,67,62,49,35,31,124,74,498,29,1124.5,4,0,1052.0,1,2015-16,18.7,106.4,106.8,106.8,104.7,105.5,105.5,1.7,1.3,1.3,0.068,1.08,11.4,0.068,0.117,0.092,10.5,10.5,0.522,0.541,0.153,0.155,99.14,98.57,82.14,98.57,0.08,2987,2.5,5.3
1897,Metta World Peace,Metta,1610612747,LAL,36.0,35,6,29,0.171,589.8766666666667,55,177,0.311,26,84,0.31,40,57,0.702,19,70,89,27,15,22,11,15,67,42,176,-66,407.3,0,0,384.0,1,2015-16,16.9,96.5,96.5,96.5,102.6,101.4,101.4,-6.1,-4.9,-4.9,0.078,1.8,11.0,0.029,0.112,0.069,6.1,6.1,0.384,0.435,0.162,0.165,94.98,95.53,79.61,95.53,0.047,1170,1.6,5.1
203086,Meyers Leonard,Meyers,1610612757,POR,24.0,61,33,28,0.541,1332.5933333333332,195,435,0.448,86,228,0.377,35,46,0.761,51,263,314,92,77,8,18,8,183,61,511,100,1026.8,4,0,1055.0,1,2015-16,21.8,107.4,108.5,108.5,106.4,105.3,105.3,1.0,3.2,3.2,0.103,1.19,14.8,0.037,0.192,0.115,12.4,12.3,0.547,0.561,0.174,0.176,97.37,97.31,81.09,97.31,0.082,2708,3.2,7.1
201563,Michael Beasley,Michael,1610612745,HOU,27.0,20,10,10,0.5,362.5866666666666,107,205,0.522,3,9,0.333,38,49,0.776,29,69,98,16,24,11,9,13,39,32,255,-67,432.6,1,0,412.0,1,2015-16,18.1,101.2,100.9,100.9,109.6,109.3,109.3,-8.4,-8.3,-8.3,0.086,0.67,6.0,0.073,0.173,0.123,9.0,9.0,0.529,0.563,0.284,0.29,101.03,101.34,84.45,101.34,0.148,764,5.4,10.3
203487,Michael Carter-Williams,Michael,1610612749,MIL,24.0,54,21,33,0.389,1649.3033333333333,251,555,0.452,15,55,0.273,106,162,0.654,48,228,276,281,153,80,41,43,162,175,623,-130,1585.7,6,0,1437.0,1,2015-16,30.5,102.0,102.3,102.3,105.3,105.9,105.9,-3.3,-3.6,-3.6,0.264,1.84,26.5,0.03,0.138,0.085,14.4,14.4,0.466,0.497,0.206,0.21,97.44,97.03,80.86,97.03,0.099,3330,4.6,10.3
203077,Michael Kidd-Gilchrist,Michael,1610612766,CHA,22.0,7,5,2,0.714,204.74166666666667,33,61,0.541,3,7,0.429,20,29,0.69,12,33,45,9,8,3,3,8,9,22,89,58,166.5,2,0,158.0,1,2015-16,29.2,110.2,110.5,110.5,95.0,96.6,96.6,15.2,13.9,13.9,0.069,1.13,10.1,0.058,0.146,0.104,9.0,8.8,0.566,0.603,0.173,0.179,96.93,96.0,80.0,96.0,0.112,410,4.7,8.7
201144,Mike Conley,Mike,1610612763,MEM,28.0,56,33,23,0.589,1760.5116666666668,294,696,0.422,78,215,0.363,191,229,0.834,26,138,164,342,84,67,16,33,100,184,857,66,1731.8,4,0,1607.0,1,2015-16,31.4,105.1,105.7,105.7,103.4,104.5,104.5,1.7,1.2,1.2,0.324,4.07,28.1,0.015,0.082,0.048,6.9,6.9,0.478,0.538,0.225,0.231,94.48,93.74,78.11,93.74,0.129,3449,5.3,12.4
2399,Mike Dunleavy,Mike,1610612741,CHI,35.0,31,13,18,0.419,702.6366666666667,77,188,0.41,39,99,0.394,29,37,0.784,8,75,83,39,26,14,10,11,66,34,222,-66,426.1,0,0,431.0,1,2015-16,22.7,105.5,106.5,106.5,111.2,111.6,111.6,-5.7,-5.2,-5.2,0.076,1.5,14.6,0.011,0.105,0.058,9.7,9.7,0.513,0.543,0.141,0.144,97.68,97.04,80.87,97.04,0.052,1424,2.5,6.1
2034,Mike Miller,Mike,1610612743,DEN,36.0,47,21,26,0.447,372.96,22,62,0.355,19,52,0.365,0,0,0.0,6,47,53,40,17,13,4,3,53,6,63,-90,220.6,0,0,209.0,1,2015-16,7.9,96.1,95.3,95.3,110.4,109.2,109.2,-14.2,-13.9,-13.9,0.159,2.35,33.6,0.014,0.127,0.067,14.3,14.3,0.508,0.508,0.089,0.092,98.54,99.55,82.96,99.55,0.045,782,0.5,1.3
203488,Mike Muscala,Mike,1610612737,ATL,24.0,60,34,26,0.567,564.8916666666667,76,152,0.5,12,39,0.308,31,39,0.795,38,79,117,34,27,13,27,2,72,35,195,-33,479.4,0,0,438.0,1,2015-16,9.4,99.8,97.5,97.5,102.0,100.5,100.5,-2.2,-3.0,-3.0,0.099,1.26,14.7,0.068,0.138,0.104,11.7,11.7,0.539,0.576,0.152,0.158,97.13,98.99,82.49,98.99,0.084,1166,1.3,2.5
203118,Mike Scott,Mike,1610612737,ATL,27.0,75,46,29,0.613,1146.2233333333334,176,376,0.468,62,158,0.392,50,63,0.794,53,153,206,78,42,25,17,12,102,58,464,114,912.2,0,0,894.0,1,2015-16,15.3,100.4,99.7,99.7,95.2,94.4,94.4,5.2,5.2,5.2,0.106,1.86,14.9,0.046,0.126,0.087,8.0,8.0,0.551,0.575,0.171,0.176,98.9,99.69,83.07,99.69,0.1,2375,2.3,5.0
203101,Miles Plumlee,Miles,1610612749,MIL,27.0,61,23,38,0.377,869.8966666666666,140,233,0.601,0,0,0.0,34,59,0.576,94,138,232,16,40,21,50,14,73,54,314,-101,789.4,0,0,704.0,1,2015-16,14.3,98.6,98.0,98.0,103.1,103.6,103.6,-4.5,-5.6,-5.6,0.03,0.4,5.1,0.109,0.153,0.131,12.7,12.7,0.601,0.606,0.151,0.154,96.79,96.84,80.7,96.84,0.109,1754,2.3,3.8
203141,Mirza Teletovic,Mirza,1610612756,PHX,30.0,79,23,56,0.291,1685.4766666666667,332,777,0.427,181,460,0.393,120,155,0.774,55,247,302,89,84,32,21,36,159,131,965,-170,1535.9,2,0,1643.0,1,2015-16,21.3,103.1,103.9,103.9,108.9,108.4,108.4,-5.8,-4.6,-4.6,0.088,1.06,8.7,0.03,0.146,0.086,8.2,8.2,0.544,0.571,0.229,0.233,102.03,101.84,84.87,101.84,0.105,3573,4.2,9.8
203956,Mitch McGary,Mitch,1610612760,OKC,24.0,20,17,3,0.85,72.45,11,23,0.478,0,4,0.0,4,10,0.4,4,14,18,3,7,1,2,3,10,6,26,-48,54.1,0,0,53.0,1,2015-16,3.6,90.6,84.4,84.4,122.5,118.9,118.9,-31.9,-34.4,-34.4,0.071,0.43,7.9,0.055,0.2,0.126,18.4,18.7,0.478,0.474,0.192,0.208,102.65,107.99,89.99,107.99,0.046,167,0.6,1.2
2590,Mo Williams,Mo,1610612739,CLE,33.0,41,27,14,0.659,747.7783333333333,132,302,0.437,36,102,0.353,38,42,0.905,6,66,72,98,57,14,5,14,60,39,338,-50,571.4,0,0,582.0,1,2015-16,18.2,98.0,98.8,98.8,103.0,102.3,102.3,-5.0,-3.5,-3.5,0.231,1.72,20.7,0.008,0.087,0.047,12.0,12.0,0.497,0.527,0.222,0.227,95.65,95.58,79.65,95.58,0.094,1490,3.2,7.4
101145,Monta Ellis,Monta,1610612754,IND,30.0,81,44,37,0.543,2733.968333333333,436,1021,0.427,87,282,0.309,162,206,0.786,42,229,271,383,203,150,37,33,174,194,1121,108,2378.7,1,0,2236.0,1,2015-16,33.8,102.6,103.6,103.6,100.1,101.8,101.8,2.5,1.8,1.8,0.222,1.89,22.6,0.015,0.08,0.048,12.0,12.0,0.47,0.504,0.208,0.21,100.05,98.72,82.27,98.72,0.096,5625,5.4,12.6
1626149,Montrezl Harrell,Montrezl,1610612745,HOU,22.0,39,17,22,0.436,378.6116666666667,58,90,0.644,0,1,0.0,24,46,0.522,25,40,65,17,17,11,11,8,48,32,140,38,292.5,0,0,266.0,1,2015-16,9.7,107.8,107.1,107.1,102.7,102.2,102.2,5.0,4.9,4.9,0.067,1.0,11.7,0.066,0.098,0.082,11.7,11.8,0.644,0.635,0.141,0.144,101.43,101.99,84.99,101.99,0.078,804,1.5,2.3
1626167,Myles Turner,Myles,1610612754,IND,20.0,60,32,28,0.533,1367.185,264,530,0.498,3,14,0.214,88,121,0.727,68,264,332,41,67,25,86,24,158,122,619,-69,1344.9,4,0,1217.0,1,2015-16,22.8,99.3,99.2,99.2,100.6,101.6,101.6,-1.3,-2.5,-2.5,0.05,0.61,5.9,0.049,0.182,0.117,9.7,9.7,0.501,0.531,0.207,0.211,100.24,99.76,83.13,99.76,0.105,2842,4.4,8.8
101126,Nate Robinson,Nate,1610612740,NOP,32.0,2,0,2,0.0,23.296666666666667,0,1,0.0,0,1,0.0,0,0,0.0,0,0,0,4,0,1,0,0,5,0,0,-20,9.0,0,0,6.0,1,2015-16,11.6,72.1,73.5,73.5,115.4,112.0,112.0,-43.4,-38.5,-38.5,0.286,0.0,80.0,0.0,0.0,0.0,0.0,0.0,0.0,0.0,0.018,0.019,101.45,101.99,84.99,101.99,-0.016,49,0.0,0.5
1737,Nazr Mohammed,Nazr,1610612760,OKC,38.0,5,5,0,1.0,19.45833333333333,3,5,0.6,0,0,0.0,2,2,1.0,1,3,4,0,3,0,0,0,4,1,8,-3,9.8,0,0,12.0,1,2015-16,3.9,75.5,73.8,73.8,84.9,81.0,81.0,-9.5,-7.1,-7.1,0.0,0.0,0.0,0.0,0.143,0.0,33.3,33.8,0.6,0.68,0.2,0.206,100.05,103.61,86.34,103.61,0.051,42,0.6,1.0
202357,Nemanja Bjelica,Nemanja,1610612750,MIN,28.0,60,20,40,0.333,1074.8033333333333,110,235,0.468,48,125,0.384,40,55,0.727,49,161,210,82,47,26,21,10,154,61,308,-127,777.0,3,0,742.0,1,2015-16,17.9,102.1,101.9,101.9,107.3,107.6,107.6,-5.2,-5.7,-5.7,0.115,1.74,21.1,0.047,0.156,0.101,12.1,12.1,0.57,0.594,0.123,0.127,98.37,98.3,81.91,98.3,0.073,2200,1.8,3.9
2403,Nene,ene,1610612764,WAS,33.0,57,28,29,0.491,1093.91,209,384,0.544,0,3,0.0,107,185,0.578,52,207,259,97,76,54,26,22,156,165,525,31,1145.3,1,0,1041.0,1,2015-16,19.2,103.8,102.7,102.7,101.4,101.4,101.4,2.3,1.3,1.3,0.145,1.28,15.1,0.049,0.199,0.123,11.9,11.9,0.544,0.564,0.218,0.223,100.76,101.3,84.41,101.3,0.113,2309,3.7,6.7
203457,Nerlens Noel,Nerlens,1610612755,PHI,22.0,67,10,57,0.149,1965.245,306,587,0.521,1,2,0.5,134,227,0.59,154,388,542,122,158,118,100,39,192,195,747,-460,2076.4,16,0,1848.0,1,2015-16,29.3,94.6,95.5,95.5,105.6,106.3,106.3,-11.0,-10.8,-10.8,0.107,0.77,12.6,0.075,0.195,0.134,16.3,16.3,0.522,0.544,0.187,0.189,99.93,99.14,82.62,99.14,0.113,4048,4.6,8.8
2555,Nick Collison,Nick,1610612760,OKC,35.0,59,39,20,0.661,699.2783333333333,50,109,0.459,0,2,0.0,23,33,0.697,68,103,171,52,50,15,16,10,107,42,123,23,449.2,0,0,408.0,1,2015-16,11.9,103.5,102.3,102.3,100.4,100.0,100.0,3.1,2.3,2.3,0.103,1.04,22.9,0.095,0.141,0.118,22.0,22.2,0.459,0.498,0.105,0.107,97.04,97.78,81.48,97.78,0.048,1420,0.8,1.8
201156,Nick Young,Nick,1610612747,LAL,31.0,54,13,41,0.241,1033.41,126,372,0.339,77,237,0.325,63,76,0.829,14,83,97,34,30,23,7,10,50,45,392,-202,619.4,0,0,660.0,1,2015-16,19.1,97.7,98.3,98.3,108.5,107.9,107.9,-10.8,-9.6,-9.6,0.058,1.13,7.3,0.013,0.081,0.046,6.5,6.4,0.442,0.483,0.182,0.188,96.7,96.66,80.55,96.66,0.058,2080,2.3,6.9
201587,Nicolas Batum,Nicolas,1610612766,CHA,27.0,70,41,29,0.586,2447.56,372,873,0.426,139,399,0.348,163,192,0.849,55,373,428,403,205,65,43,27,114,151,1046,211,2283.1,11,2,2232.0,1,2015-16,35.0,106.9,107.5,107.5,102.1,103.5,103.5,4.8,4.0,4.0,0.262,1.97,26.0,0.022,0.148,0.086,13.2,13.1,0.506,0.546,0.209,0.215,97.83,96.9,80.75,96.9,0.116,4948,5.3,12.5
203917,Nik Stauskas,Nik,1610612755,PHI,22.0,73,8,65,0.11,1809.05,210,545,0.385,106,325,0.326,91,118,0.771,23,160,183,138,94,44,20,34,115,98,617,-402,1141.6,0,0,1172.0,1,2015-16,24.8,95.7,96.5,96.5,107.4,107.5,107.5,-11.7,-11.0,-11.0,0.119,1.47,16.7,0.012,0.089,0.049,11.4,11.3,0.483,0.517,0.163,0.166,100.78,100.26,83.55,100.26,0.062,3785,2.9,7.5
203999,Nikola Jokić,Nikola,1610612743,DEN,21.0,80,31,49,0.388,1732.5516666666667,307,600,0.512,28,84,0.333,154,190,0.811,181,379,560,189,104,79,50,57,208,198,796,93,2034.5,16,0,1831.0,1,2015-16,21.7,104.2,105.5,105.5,102.9,103.1,103.1,1.3,2.4,2.4,0.176,1.82,19.4,0.099,0.223,0.159,10.7,10.6,0.535,0.582,0.194,0.198,97.2,96.5,80.41,96.5,0.145,3488,3.8,7.5
202703,Nikola Mirotic,Nikola,1610612741,CHI,25.0,66,37,29,0.561,1646.11,248,609,0.407,135,346,0.39,146,181,0.807,58,304,362,100,102,58,46,24,151,137,777,41,1571.4,5,0,1582.0,1,2015-16,24.9,104.6,105.3,105.3,104.4,104.7,104.7,0.2,0.7,0.7,0.095,0.98,11.2,0.035,0.174,0.106,11.4,11.5,0.518,0.564,0.209,0.211,98.72,98.27,81.89,98.27,0.103,3379,3.8,9.2
201593,Nikola Pekovic,Nikola,1610612750,MIN,30.0,12,2,10,0.167,156.315,19,50,0.38,0,0,0.0,16,20,0.8,7,14,21,11,9,1,0,2,22,18,54,-63,89.7,0,0,88.0,1,2015-16,13.0,96.8,96.0,96.0,115.0,115.9,115.9,-18.3,-19.9,-19.9,0.131,1.22,13.8,0.048,0.098,0.072,11.3,11.4,0.38,0.459,0.204,0.208,92.26,92.28,76.9,92.28,0.033,299,1.6,4.2
202696,Nikola Vučević,Nikola,1610612753,ORL,25.0,65,28,37,0.431,2036.8216666666667,533,1046,0.51,2,9,0.222,113,150,0.753,174,402,576,179,123,53,70,56,173,159,1181,-46,2386.7,29,0,2184.0,1,2015-16,31.3,103.3,104.9,104.9,105.6,106.1,106.1,-2.2,-1.2,-1.2,0.154,1.46,12.7,0.084,0.203,0.142,8.7,8.7,0.511,0.531,0.265,0.267,97.75,96.76,80.64,96.76,0.14,4107,8.2,16.1
203943,Noah Vonleh,Noah,1610612757,POR,20.0,78,41,37,0.526,1173.493333333333,117,278,0.421,11,46,0.239,38,51,0.745,91,214,305,30,50,27,26,24,152,48,283,-62,803.0,0,0,735.0,1,2015-16,15.0,102.7,103.5,103.5,105.5,105.3,105.3,-2.8,-1.8,-1.8,0.037,0.6,7.9,0.074,0.184,0.128,13.1,13.1,0.441,0.471,0.13,0.132,96.54,96.29,80.24,96.29,0.056,2345,1.5,3.6
1626181,Norman Powell,Norman,1610612761,TOR,23.0,49,32,17,0.653,725.2266666666667,97,229,0.424,36,89,0.404,43,53,0.811,16,95,111,47,32,29,10,24,59,43,273,66,561.7,0,0,545.0,1,2015-16,14.8,109.1,108.9,108.9,104.1,104.2,104.2,5.0,4.8,4.8,0.102,1.47,14.2,0.023,0.129,0.078,9.6,9.7,0.502,0.541,0.174,0.179,94.78,94.78,78.98,94.78,0.087,1431,2.0,4.7
202708,Norris Cole,Norris,1610612740,NOP,27.0,45,20,25,0.444,1198.3133333333333,196,484,0.405,33,102,0.324,52,65,0.8,10,141,151,167,75,37,5,17,102,72,477,-104,959.7,2,0,912.0,1,2015-16,26.6,102.3,102.7,102.7,107.8,107.2,107.2,-5.5,-4.5,-4.5,0.219,2.23,22.1,0.008,0.122,0.063,9.9,9.9,0.439,0.465,0.212,0.216,98.9,98.94,82.45,98.94,0.078,2473,4.4,10.8
201564,O.J. Mayo,O.J.,1610612749,MIL,28.0,41,17,24,0.415,1089.6766666666667,119,321,0.371,52,162,0.321,31,40,0.775,13,92,105,118,72,48,8,17,126,45,321,-56,720.0,0,0,708.0,1,2015-16,26.6,101.1,101.3,101.3,102.3,103.5,103.5,-1.2,-2.2,-2.2,0.156,1.64,22.4,0.012,0.082,0.048,13.7,13.6,0.452,0.474,0.165,0.169,97.55,96.89,80.74,96.89,0.047,2196,2.9,7.8
201600,Omer Asik,Omer,1610612740,NOP,29.0,68,29,39,0.426,1178.1733333333334,104,195,0.533,0,0,0.0,61,112,0.545,120,294,414,26,60,21,23,38,124,104,269,-205,876.8,2,0,797.0,1,2015-16,17.3,98.5,98.7,98.7,107.9,107.5,107.5,-9.4,-8.8,-8.8,0.032,0.43,7.8,0.095,0.258,0.172,18.0,18.2,0.533,0.551,0.114,0.115,97.29,97.39,81.16,97.39,0.079,2393,1.5,2.9
201956,Omri Casspi,Omri,1610612758,SAC,28.0,69,27,42,0.391,1880.405,299,622,0.481,112,274,0.409,103,159,0.648,58,352,410,95,94,56,17,29,154,136,813,9,1572.5,6,0,1576.0,1,2015-16,27.3,104.8,105.6,105.6,105.0,104.6,104.6,-0.2,1.0,1.0,0.074,1.01,10.8,0.03,0.176,0.104,10.7,10.7,0.571,0.587,0.174,0.177,102.44,102.22,85.18,102.22,0.102,3990,4.3,9.0
203111,Orlando Johnson,Orlando,1610612740,NOP,27.0,7,1,6,0.143,101.71,9,34,0.265,2,10,0.2,6,8,0.75,4,11,15,2,4,3,3,3,9,6,26,-37,61.0,0,0,57.0,2,2015-16,14.5,93.4,94.0,94.0,109.5,112.2,112.2,-16.1,-18.3,-18.3,0.031,0.5,4.5,0.031,0.115,0.066,9.1,9.2,0.294,0.346,0.167,0.169,102.56,100.99,84.16,100.99,0.015,215,1.3,4.9
203490,Otto Porter Jr.,Otto,1610612764,WAS,23.0,75,36,39,0.48,2275.873333333333,339,717,0.473,98,267,0.367,95,126,0.754,97,294,391,120,70,105,32,27,163,115,871,45,1861.2,5,0,1754.0,1,2015-16,30.3,103.8,105.3,105.3,103.2,103.9,103.9,0.6,1.5,1.5,0.076,1.71,12.5,0.042,0.132,0.086,7.3,7.3,0.541,0.564,0.159,0.16,100.95,99.92,83.26,99.92,0.093,4726,4.5,9.6
200782,P.J. Tucker,P.J.,1610612756,PHX,31.0,82,23,59,0.28,2539.5983333333334,239,582,0.411,68,206,0.33,106,142,0.746,165,347,512,177,111,106,20,44,202,155,652,-356,1798.9,7,0,1661.0,1,2015-16,31.0,99.2,100.7,100.7,106.5,107.1,107.1,-7.2,-6.4,-6.4,0.104,1.59,19.0,0.062,0.138,0.098,11.9,11.9,0.469,0.506,0.125,0.127,100.33,99.32,82.77,99.32,0.078,5246,2.9,7.1
203798,PJ Hairston,PJ,1610612763,MEM,23.0,66,31,35,0.47,1313.12,145,408,0.355,70,241,0.29,50,64,0.781,25,149,174,38,41,32,11,16,137,65,410,-191,763.8,1,0,778.0,2,2015-16,19.9,101.4,102.4,102.4,107.5,108.4,108.4,-6.0,-5.9,-5.9,0.045,0.93,7.4,0.018,0.119,0.065,8.0,8.0,0.441,0.47,0.161,0.164,97.35,96.45,80.37,96.45,0.039,2622,2.2,6.2
203143,Pablo Prigioni,Pablo,1610612746,LAC,39.0,59,37,22,0.627,822.6366666666667,55,147,0.374,28,95,0.295,7,8,0.875,38,76,114,130,49,53,1,5,82,32,145,-65,589.8,0,0,525.0,1,2015-16,13.9,98.3,96.2,96.2,101.0,100.4,100.4,-2.7,-4.1,-4.1,0.235,2.65,39.5,0.045,0.092,0.068,14.9,14.9,0.469,0.482,0.108,0.112,95.56,96.92,80.76,96.92,0.075,1663,0.9,2.5
1626192,Pat Connaughton,Pat,1610612757,POR,23.0,34,17,17,0.5,143.46666666666667,13,49,0.265,5,21,0.238,5,5,1.0,11,21,32,10,10,2,0,5,6,5,36,-13,85.4,0,0,87.0,1,2015-16,4.2,90.3,88.0,88.0,97.1,93.0,93.0,-6.7,-5.0,-5.0,0.115,1.0,14.1,0.071,0.126,0.099,14.1,14.0,0.316,0.352,0.178,0.188,96.64,100.04,83.36,100.04,0.053,300,0.4,1.4
201976,Patrick Beverley,Patrick,1610612745,HOU,27.0,71,35,36,0.493,2040.6483333333333,258,594,0.434,124,310,0.4,60,88,0.682,73,177,250,239,91,94,26,32,234,99,700,135,1627.5,1,0,1553.0,1,2015-16,28.7,107.6,108.9,108.9,104.6,105.4,105.4,3.1,3.5,3.5,0.175,2.63,24.8,0.035,0.087,0.061,9.4,9.5,0.539,0.553,0.153,0.154,99.31,98.35,81.95,98.35,0.076,4176,3.6,8.4
202335,Patrick Patterson,Patrick,1610612761,TOR,27.0,79,54,25,0.684,2019.5583333333332,204,493,0.414,106,293,0.362,29,34,0.853,77,265,342,94,65,53,32,10,128,54,543,403,1284.4,0,0,1255.0,1,2015-16,25.6,109.8,110.9,110.9,100.6,101.7,101.7,9.2,9.2,9.2,0.07,1.45,14.1,0.04,0.128,0.085,9.8,9.7,0.521,0.534,0.127,0.131,94.61,93.61,78.01,93.61,0.078,3957,2.6,6.2
201988,Patty Mills,Patty,1610612759,SAS,27.0,81,66,15,0.815,1662.06,260,612,0.425,123,320,0.384,47,58,0.81,27,131,158,226,76,59,6,12,102,121,690,380,1337.6,0,0,1327.0,1,2015-16,20.5,109.0,108.5,108.5,96.8,96.4,96.4,12.2,12.1,12.1,0.197,2.97,24.1,0.017,0.078,0.048,8.1,8.1,0.525,0.541,0.189,0.193,97.64,98.06,81.72,98.06,0.097,3381,3.2,7.6
2200,Pau Gasol,Pau,1610612741,CHI,35.0,72,36,36,0.5,2291.358333333333,467,995,0.469,24,69,0.348,229,289,0.792,155,638,793,294,164,42,146,59,148,261,1187,-3,2979.6,46,2,2674.0,1,2015-16,31.8,102.4,104.2,104.2,103.5,104.4,104.4,-1.2,-0.2,-0.2,0.215,1.79,18.6,0.065,0.249,0.161,10.4,10.4,0.481,0.529,0.244,0.246,98.75,97.47,81.23,97.47,0.165,4656,6.5,13.8
202331,Paul George,Paul,1610612754,IND,26.0,81,44,37,0.543,2818.9333333333334,605,1449,0.418,210,566,0.371,454,528,0.86,79,484,563,329,265,152,29,77,230,434,1874,180,3321.1,15,0,3338.0,1,2015-16,34.8,103.3,104.3,104.3,100.0,101.5,101.5,3.3,2.8,2.8,0.203,1.24,14.5,0.027,0.165,0.097,11.7,11.6,0.49,0.557,0.296,0.301,99.95,98.79,82.33,98.79,0.151,5811,7.5,17.9
200794,Paul Millsap,Paul,1610612737,ATL,31.0,81,48,33,0.593,2646.9166666666665,501,1066,0.47,74,232,0.319,309,408,0.757,198,534,732,265,191,147,139,71,237,360,1385,216,3327.9,32,0,3028.0,1,2015-16,32.7,104.1,105.6,105.6,100.1,101.6,101.6,4.0,4.0,4.0,0.162,1.39,15.5,0.075,0.189,0.134,11.2,11.2,0.505,0.556,0.238,0.24,99.78,98.39,81.99,98.39,0.141,5426,6.2,13.2
1718,Paul Pierce,Paul,1610612746,LAC,38.0,68,44,24,0.647,1230.6133333333332,144,397,0.363,75,242,0.31,54,66,0.818,12,174,186,71,58,33,17,17,129,61,417,56,838.7,0,0,849.0,1,2015-16,18.1,105.6,104.1,104.1,103.3,103.0,103.0,2.2,1.2,1.2,0.088,1.22,12.7,0.01,0.135,0.074,10.4,10.4,0.457,0.489,0.177,0.18,96.9,97.75,81.46,97.75,0.058,2519,2.1,5.8
203515,Phil Pressey,Phil,1610612757,POR,25.0,23,3,20,0.13,283.4433333333333,30,78,0.385,4,18,0.222,13,25,0.52,3,28,31,75,33,18,4,9,28,21,77,-39,259.7,0,0,231.0,2,2015-16,12.3,96.5,95.8,95.8,103.3,102.2,102.2,-6.7,-6.4,-6.4,0.395,2.27,38.1,0.009,0.095,0.05,16.8,16.8,0.41,0.433,0.174,0.178,105.0,105.93,88.27,105.93,0.08,626,1.3,3.4
203112,Quincy Acy,Quincy,1610612758,SAC,25.0,59,21,38,0.356,875.8933333333333,119,214,0.556,19,49,0.388,50,68,0.735,65,123,188,27,27,29,24,6,103,75,307,-126,705.1,0,0,647.0,1,2015-16,14.8,98.7,99.2,99.2,106.2,105.2,105.2,-7.5,-6.0,-6.0,0.045,1.0,9.1,0.071,0.139,0.104,9.1,9.1,0.6,0.629,0.128,0.131,101.28,101.46,84.55,101.46,0.089,1844,2.0,3.6
1626154,RJ Hunter,RJ,1610612738,BOS,22.0,36,21,15,0.583,314.5683333333333,36,98,0.367,19,63,0.302,6,7,0.857,2,35,37,13,11,14,4,4,29,10,97,-28,203.9,0,0,202.0,1,2015-16,8.7,92.1,90.3,90.3,95.6,94.5,94.5,-3.5,-4.2,-4.2,0.068,1.18,10.4,0.006,0.113,0.056,8.8,8.8,0.464,0.48,0.15,0.155,100.16,101.78,84.81,101.78,0.062,667,1.0,2.7
200765,Rajon Rondo,Rajon,1610612758,SAC,30.0,72,29,43,0.403,2536.688333333333,355,782,0.454,62,170,0.365,87,150,0.58,77,358,435,839,278,141,10,54,175,153,859,-154,2814.5,37,6,2497.0,1,2015-16,35.2,103.3,104.9,104.9,106.8,107.7,107.7,-3.5,-2.8,-2.8,0.473,3.02,42.6,0.03,0.136,0.083,14.1,14.1,0.494,0.506,0.186,0.187,103.25,102.1,85.08,102.1,0.13,5393,4.9,10.9
1626176,Rakeem Christmas,Rakeem,1610612754,IND,24.0,1,1,0,1.0,6.1,2,2,1.0,0,0,0.0,0,0,0.0,1,0,1,0,0,0,0,0,1,0,4,-10,5.2,0,0,5.0,1,2015-16,6.1,116.7,107.7,107.7,202.0,184.6,184.6,-85.4,-76.9,-76.9,0.0,0.0,0.0,0.0,0.0,0.0,0.0,0.0,1.0,1.0,0.143,0.154,93.95,102.3,85.25,102.3,0.076,13,2.0,2.0
201196,Ramon Sessions,Ramon,1610612764,WAS,30.0,82,41,41,0.5,1667.035,280,592,0.473,36,111,0.324,214,283,0.756,25,178,203,239,115,46,5,40,102,213,810,-54,1450.1,3,0,1390.0,1,2015-16,20.3,102.5,101.8,101.8,103.9,103.2,103.2,-1.4,-1.4,-1.4,0.228,2.08,22.3,0.015,0.108,0.061,10.7,10.7,0.503,0.565,0.214,0.22,100.55,101.2,84.33,101.2,0.116,3512,3.4,7.2
200751,Randy Foye,Randy,1610612760,OKC,32.0,81,37,44,0.457,1641.505,169,482,0.351,75,250,0.3,61,74,0.824,24,132,156,161,86,39,29,26,131,69,474,26,1020.7,0,0,1002.0,2,2015-16,20.3,103.4,104.1,104.1,102.5,103.1,103.1,1.0,1.0,1.0,0.144,1.87,21.2,0.014,0.076,0.045,11.3,11.3,0.428,0.461,0.157,0.16,97.79,97.21,81.01,97.21,0.051,3321,2.1,6.0
1626173,Rashad Vaughn,Rashad,1610612749,MIL,19.0,70,30,40,0.429,1000.6933333333334,81,266,0.305,43,147,0.293,12,15,0.8,11,77,88,39,28,29,16,25,73,18,217,-145,488.1,0,0,477.0,1,2015-16,14.3,99.4,99.1,99.1,106.2,107.2,107.2,-6.7,-8.1,-8.1,0.055,1.39,11.5,0.011,0.077,0.044,8.3,8.2,0.385,0.398,0.13,0.133,96.63,96.34,80.28,96.34,0.024,2017,1.2,3.8
2446,Rasual Butler,Rasual,1610612759,SAS,37.0,46,41,5,0.891,431.51166666666666,49,104,0.471,15,49,0.306,11,16,0.688,3,53,56,24,8,13,23,4,11,15,124,80,327.2,0,0,291.0,1,2015-16,9.4,109.6,105.5,105.5,97.6,98.1,98.1,12.0,7.3,7.3,0.079,3.0,16.8,0.008,0.118,0.067,5.6,5.6,0.543,0.558,0.123,0.129,95.02,96.55,80.46,96.55,0.095,876,1.1,2.3
203526,Raul Neto,Raul,1610612762,UTA,24.0,81,40,41,0.494,1498.6016666666667,180,418,0.431,64,162,0.395,52,70,0.743,17,103,120,174,109,62,2,28,122,108,476,76,964.0,0,0,962.0,1,2015-16,18.5,103.3,103.2,103.2,99.7,99.9,99.9,3.6,3.3,3.3,0.19,1.6,23.8,0.012,0.071,0.042,14.9,14.9,0.507,0.53,0.172,0.176,92.34,92.26,76.89,92.26,0.07,2871,2.2,5.2
203492,Ray McCallum,Ray,1610612759,SAS,25.0,41,30,11,0.732,474.38166666666666,55,146,0.377,15,42,0.357,12,15,0.8,8,39,47,60,24,12,7,13,29,18,137,21,316.4,0,0,297.0,2,2015-16,11.6,104.9,104.5,104.5,101.8,102.4,102.4,3.1,2.1,2.1,0.185,2.5,25.3,0.016,0.083,0.049,10.1,10.1,0.428,0.449,0.164,0.168,94.77,94.66,78.88,94.66,0.065,936,1.3,3.6
101109,Raymond Felton,Raymond,1610612742,DAL,32.0,80,40,40,0.5,2191.995,277,682,0.406,60,213,0.282,149,176,0.847,36,222,258,284,121,68,15,32,141,154,763,-67,1626.6,3,1,1531.0,1,2015-16,27.4,105.8,104.2,104.2,105.0,105.8,105.8,0.8,-1.6,-1.6,0.205,2.35,24.4,0.017,0.099,0.058,10.4,10.4,0.45,0.502,0.179,0.184,96.2,96.51,80.43,96.51,0.086,4409,3.5,8.5
203493,Reggie Bullock Jr.,Reggie,1610612765,DET,25.0,37,22,15,0.595,428.845,43,98,0.439,22,53,0.415,14,15,0.933,14,54,68,27,8,10,2,5,29,15,122,-58,272.1,0,0,263.0,1,2015-16,11.6,102.4,102.6,102.6,109.9,109.9,109.9,-7.5,-7.3,-7.3,0.1,3.38,19.4,0.03,0.136,0.078,5.8,5.7,0.551,0.583,0.113,0.117,95.22,95.14,79.28,95.14,0.085,852,1.2,2.6
202704,Reggie Jackson,Reggie,1610612765,DET,26.0,79,43,36,0.544,2424.2116666666666,540,1244,0.434,118,334,0.353,291,337,0.864,58,195,253,492,223,59,11,69,187,266,1489,131,2517.6,9,0,2492.0,1,2015-16,30.7,105.7,107.3,107.3,104.1,104.8,104.8,1.6,2.5,2.5,0.344,2.21,23.4,0.022,0.083,0.051,10.6,10.6,0.482,0.535,0.283,0.288,97.89,96.84,80.7,96.84,0.13,4896,6.8,15.7
2210,Richard Jefferson,Richard,1610612739,CLE,36.0,74,51,23,0.689,1325.625,143,312,0.458,66,173,0.382,58,87,0.667,15,113,128,59,43,33,14,11,129,79,410,-45,750.1,0,0,757.0,1,2015-16,17.9,100.4,100.6,100.6,102.7,102.0,102.0,-2.3,-1.4,-1.4,0.07,1.37,13.1,0.011,0.085,0.048,9.5,9.5,0.564,0.585,0.133,0.136,95.3,95.52,79.6,95.52,0.06,2634,1.9,4.2
1626158,Richaun Holmes,Richaun,1610612755,PHI,22.0,51,7,44,0.137,702.0016666666667,114,222,0.514,8,44,0.182,51,74,0.689,62,73,135,33,32,19,40,19,92,65,287,-53,643.5,0,0,581.0,1,2015-16,13.8,102.6,102.8,102.8,105.1,106.3,106.3,-2.5,-3.6,-3.6,0.073,1.03,10.3,0.085,0.104,0.094,10.0,10.0,0.532,0.564,0.171,0.175,102.02,101.33,84.44,101.33,0.082,1482,2.2,4.4
201937,Ricky Rubio,Ricky,1610612750,MIN,25.0,76,28,48,0.368,2322.62,219,586,0.374,62,190,0.326,266,314,0.847,40,286,326,658,193,162,10,32,201,262,766,18,2467.2,14,0,2156.0,1,2015-16,30.6,106.8,107.5,107.5,105.7,107.0,107.0,1.1,0.5,0.5,0.402,3.41,41.8,0.018,0.124,0.072,12.3,12.3,0.427,0.529,0.173,0.176,98.02,97.12,80.93,97.12,0.126,4696,2.9,7.7
203496,Robert Covington,Robert,1610612755,PHI,25.0,67,10,57,0.149,1903.0533333333333,274,712,0.385,170,482,0.353,140,177,0.791,65,354,419,97,143,105,40,40,232,132,858,-280,1798.3,7,0,1834.0,1,2015-16,28.4,97.3,98.2,98.2,105.1,105.2,105.2,-7.7,-7.0,-7.0,0.083,0.68,9.5,0.031,0.187,0.106,13.9,13.9,0.504,0.543,0.209,0.213,100.84,100.34,83.61,100.34,0.09,3978,4.1,10.6
203135,Robert Sacre,Robert,1610612747,LAL,27.0,25,2,23,0.08,320.09,31,75,0.413,0,0,0.0,25,38,0.658,32,40,72,14,12,4,10,9,43,26,87,-33,224.4,0,0,201.0,1,2015-16,12.8,97.9,98.8,98.8,104.5,102.9,102.9,-6.6,-4.1,-4.1,0.072,1.17,11.7,0.086,0.124,0.104,10.0,10.2,0.413,0.474,0.139,0.138,98.8,99.12,82.6,99.12,0.05,658,1.2,3.0
201577,Robin Lopez,Robin,1610612752,NYK,28.0,82,32,50,0.39,2218.94,357,662,0.539,0,1,0.0,128,161,0.795,268,334,602,114,133,16,129,27,182,141,842,-99,2037.4,15,0,1848.0,1,2015-16,27.1,103.7,104.3,104.3,105.2,106.5,106.5,-1.5,-2.2,-2.2,0.083,0.86,11.6,0.12,0.145,0.133,13.5,13.6,0.539,0.574,0.174,0.176,94.89,94.06,78.38,94.06,0.106,4346,4.4,8.1
203918,Rodney Hood,Rodney,1610612762,UTA,23.0,79,39,40,0.494,2541.016666666667,408,972,0.42,161,449,0.359,172,200,0.86,38,229,267,213,125,73,16,39,202,162,1149,131,1930.9,0,0,1968.0,1,2015-16,32.2,104.9,106.1,106.1,102.9,103.0,103.0,2.0,3.1,3.1,0.142,1.7,15.3,0.016,0.095,0.056,9.0,8.9,0.503,0.542,0.215,0.218,91.83,91.26,76.05,91.26,0.092,4822,5.2,12.3
201155,Rodney Stuckey,Rodney,1610612754,IND,30.0,58,33,25,0.569,1275.4633333333334,183,443,0.413,20,83,0.241,131,158,0.829,19,137,156,142,76,43,8,30,77,136,517,11,994.2,0,0,937.0,1,2015-16,22.0,101.0,100.9,100.9,100.2,101.2,101.2,0.8,-0.3,-0.3,0.179,1.87,19.5,0.015,0.103,0.06,10.4,10.4,0.436,0.504,0.202,0.207,97.85,97.47,81.23,97.47,0.096,2599,3.2,7.6
1626178,Rondae Hollis-Jefferson,Rondae,1610612751,BKN,21.0,29,7,22,0.241,615.4566666666667,63,138,0.457,4,14,0.286,37,52,0.712,39,115,154,43,26,39,16,8,61,47,167,-61,555.3,2,0,478.0,1,2015-16,21.2,98.5,98.9,98.9,101.4,102.1,102.1,-2.9,-3.2,-3.2,0.1,1.65,18.5,0.061,0.179,0.12,11.2,11.3,0.471,0.519,0.131,0.132,99.1,98.58,82.15,98.58,0.096,1254,2.2,4.8
101179,Ronnie Price,Ronnie,1610612756,PHX,33.0,62,20,42,0.323,1211.1833333333334,116,302,0.384,68,196,0.347,31,41,0.756,25,74,99,147,70,74,13,12,161,72,331,-73,861.3,0,0,819.0,1,2015-16,19.5,97.7,98.3,98.3,101.0,100.6,100.6,-3.2,-2.3,-2.3,0.187,2.1,27.3,0.019,0.06,0.039,13.0,13.0,0.497,0.517,0.135,0.137,100.51,100.38,83.65,100.38,0.057,2525,1.9,4.9
201579,Roy Hibbert,Roy,1610612747,LAL,29.0,81,17,64,0.21,1877.87,182,411,0.443,0,2,0.0,117,145,0.807,132,266,398,95,76,32,110,30,252,150,481,-684,1451.1,3,0,1258.0,1,2015-16,23.2,94.6,95.8,95.8,112.6,113.7,113.7,-18.0,-17.9,-17.9,0.082,1.25,14.6,0.064,0.139,0.1,11.7,11.8,0.443,0.507,0.13,0.13,98.05,96.97,80.8,96.97,0.06,3791,2.2,5.1
200752,Rudy Gay,Rudy,1610612758,SAC,29.0,70,29,41,0.414,2378.71,466,1007,0.463,74,215,0.344,198,254,0.78,103,353,456,120,139,100,51,60,184,212,1204,-82,2245.2,7,0,2156.0,1,2015-16,34.0,104.2,105.5,105.5,106.4,107.0,107.0,-2.2,-1.5,-1.5,0.078,0.86,8.8,0.043,0.145,0.094,10.1,10.1,0.5,0.538,0.222,0.225,102.02,101.1,84.25,101.1,0.101,5006,6.7,14.4
203497,Rudy Gobert,Rudy,1610612762,UTA,24.0,61,33,28,0.541,1932.0733333333333,198,354,0.559,0,0,0.0,161,283,0.569,208,460,668,91,114,45,135,42,163,240,557,150,1921.1,20,0,1676.0,1,2015-16,31.7,104.3,105.5,105.5,100.0,100.6,100.6,4.3,4.9,4.9,0.073,0.8,13.1,0.115,0.242,0.18,16.5,16.7,0.559,0.582,0.143,0.143,92.63,91.82,76.52,91.82,0.126,3681,3.2,5.8
203893,Russ Smith,Russ,1610612763,MEM,25.0,15,6,9,0.4,66.185,7,22,0.318,1,5,0.2,8,13,0.615,1,8,9,11,7,5,1,5,5,8,23,-41,61.3,0,0,56.0,1,2015-16,4.4,91.5,83.2,83.2,114.9,108.6,108.6,-23.3,-25.3,-25.3,0.314,1.57,23.9,0.015,0.129,0.071,15.2,15.3,0.341,0.415,0.219,0.239,101.21,109.15,90.96,109.15,0.072,149,0.5,1.5
201566,Russell Westbrook,Russell,1610612760,OKC,27.0,80,55,25,0.688,2749.468333333333,656,1444,0.454,101,341,0.296,465,573,0.812,145,481,626,834,342,163,20,84,200,434,1878,634,4087.2,54,18,3805.0,1,2015-16,34.4,113.0,114.8,114.8,102.2,103.5,103.5,10.8,11.3,11.3,0.468,2.44,29.0,0.054,0.16,0.109,11.9,11.9,0.489,0.554,0.311,0.313,100.28,98.87,82.39,98.87,0.188,5661,8.2,18.1
201583,Ryan Anderson,Ryan,1610612740,NOP,28.0,66,24,42,0.364,2008.13,397,929,0.427,131,358,0.366,199,228,0.873,131,265,396,73,90,38,25,41,109,194,1124,31,1807.7,8,0,1850.0,1,2015-16,30.4,105.7,107.1,107.1,106.9,106.9,106.9,-1.2,0.2,0.2,0.059,0.81,6.1,0.062,0.136,0.097,7.6,7.5,0.498,0.546,0.238,0.242,99.94,99.3,82.75,99.3,0.109,4166,6.0,14.1
200797,Ryan Hollins,Ryan,1610612763,MEM,31.0,37,18,19,0.486,459.67333333333335,49,79,0.62,0,0,0.0,26,42,0.619,47,51,98,10,24,6,21,13,62,49,124,-148,313.6,0,0,286.0,2,2015-16,12.4,95.7,97.5,97.5,113.0,112.2,112.2,-17.3,-14.7,-14.7,0.034,0.42,7.6,0.093,0.124,0.107,18.2,18.3,0.62,0.636,0.116,0.117,94.79,94.24,78.53,94.24,0.059,895,1.3,2.1
203527,Ryan Kelly,Ryan,1610612747,LAL,25.0,36,3,33,0.083,469.8066666666667,55,149,0.369,5,37,0.135,37,54,0.685,21,100,121,20,18,13,10,13,39,44,152,0,378.2,0,0,344.0,1,2015-16,13.1,98.0,99.0,99.0,99.0,97.8,97.8,-0.9,1.2,1.2,0.07,1.11,9.5,0.04,0.202,0.119,8.5,8.5,0.386,0.44,0.173,0.176,99.9,100.02,83.35,100.02,0.085,973,1.5,4.1
1626257,Salah Mejri,Salah,1610612742,DAL,30.0,34,16,18,0.471,397.23,49,78,0.628,0,1,0.0,27,46,0.587,41,82,123,10,23,8,36,15,54,44,125,43,396.6,3,0,346.0,1,2015-16,11.7,108.8,106.8,106.8,102.4,101.3,101.3,6.4,5.5,5.5,0.038,0.43,7.6,0.105,0.19,0.149,17.4,17.5,0.628,0.636,0.138,0.141,95.16,96.61,80.51,96.61,0.095,799,1.4,2.3
1626155,Sam Dekker,Sam,1610612745,HOU,22.0,3,1,2,0.333,6.148333333333333,0,0,0.0,0,0,0.0,0,0,0.0,0,1,1,0,0,1,0,0,0,0,0,-2,4.2,0,0,3.0,1,2015-16,2.0,126.9,113.3,113.3,124.0,111.8,111.8,2.8,1.6,1.6,0.0,0.0,0.0,0.0,0.0,0.0,0.0,0.0,0.0,0.0,0.0,0.0,112.11,124.91,104.09,124.91,0.063,15,0.0,0.0
201619,Sasha Kaun,Sasha,1610612739,CLE,31.0,25,18,7,0.72,95.395,9,17,0.529,0,0,0.0,5,11,0.455,12,14,26,3,7,4,5,5,11,6,23,-3,78.7,0,0,70.0,1,2015-16,3.8,91.6,86.1,86.1,94.4,92.9,92.9,-2.9,-6.8,-6.8,0.052,0.43,9.7,0.121,0.137,0.129,22.6,22.0,0.529,0.527,0.119,0.134,97.67,101.64,84.7,101.64,0.075,208,0.4,0.7
2756,Sasha Vujacic,Sasha,1610612752,NYK,32.0,61,22,39,0.361,908.3916666666668,106,277,0.383,52,143,0.364,32,39,0.821,26,123,149,84,44,34,5,8,83,53,296,-42,673.8,0,0,659.0,1,2015-16,14.9,102.3,102.5,102.5,104.1,103.9,103.9,-1.8,-1.4,-1.4,0.146,1.91,20.0,0.026,0.132,0.078,10.5,10.4,0.477,0.503,0.159,0.164,96.85,96.91,80.76,96.91,0.078,1826,1.7,4.5
203930,Sean Kilpatrick,Sean,1610612751,BKN,26.0,31,7,24,0.226,616.175,123,270,0.456,39,114,0.342,60,67,0.896,12,44,56,29,31,12,2,14,37,52,345,-146,466.7,0,0,497.0,2,2015-16,19.9,104.2,106.0,106.0,116.5,117.0,117.0,-12.3,-11.0,-11.0,0.078,0.94,8.1,0.018,0.074,0.045,8.6,8.6,0.528,0.576,0.227,0.23,100.04,99.01,82.51,99.01,0.087,1268,4.0,8.7
201586,Serge Ibaka,Serge,1610612760,OKC,26.0,78,54,24,0.692,2500.293333333333,416,869,0.479,60,184,0.326,91,121,0.752,141,392,533,66,108,38,148,27,211,102,983,532,2171.6,9,0,2014.0,1,2015-16,32.1,112.3,114.2,114.2,102.5,104.0,104.0,9.9,10.2,10.2,0.037,0.61,6.0,0.057,0.143,0.103,9.9,9.9,0.513,0.533,0.174,0.176,99.87,98.34,81.95,98.34,0.085,5126,5.3,11.1
203508,Sergey Karasev,Sergey,1610612751,BKN,22.0,40,9,31,0.225,399.42333333333335,30,74,0.405,11,37,0.297,26,28,0.929,8,50,58,35,22,6,2,3,27,33,97,-6,221.1,0,0,217.0,1,2015-16,10.0,106.9,105.3,105.3,105.9,105.0,105.0,1.0,0.3,0.3,0.114,1.59,24.3,0.022,0.131,0.077,15.3,15.4,0.48,0.562,0.117,0.12,99.32,100.46,83.72,100.46,0.064,832,0.8,1.9
203552,Seth Curry,Seth,1610612758,SAC,25.0,44,17,27,0.386,691.7433333333333,102,224,0.455,50,111,0.45,45,54,0.833,9,51,60,67,36,22,3,12,41,40,299,-36,510.5,1,0,526.0,1,2015-16,15.7,104.0,104.7,104.7,107.7,107.0,107.0,-3.7,-2.3,-2.3,0.148,1.86,19.2,0.013,0.071,0.042,10.3,10.3,0.567,0.603,0.172,0.176,101.34,101.31,84.42,101.31,0.091,1459,2.3,5.1
203498,Shabazz Muhammad,Shabazz,1610612750,MIN,23.0,82,29,53,0.354,1681.985,317,681,0.465,44,152,0.289,185,242,0.764,100,167,267,52,70,24,7,55,94,183,863,-267,1284.4,0,0,1288.0,1,2015-16,20.5,102.1,101.3,101.3,108.8,109.1,109.1,-6.6,-7.8,-7.8,0.055,0.74,5.7,0.062,0.102,0.082,7.7,7.7,0.498,0.548,0.222,0.229,97.44,97.71,81.43,97.71,0.098,3424,3.9,8.3
203894,Shabazz Napier,Shabazz,1610612753,ORL,24.0,55,23,32,0.418,599.865,68,201,0.338,34,104,0.327,33,45,0.733,9,46,55,97,46,23,1,7,38,47,203,-53,440.5,0,0,437.0,1,2015-16,10.9,99.6,99.1,99.1,104.8,103.7,103.7,-5.2,-4.6,-4.6,0.253,2.11,26.7,0.015,0.077,0.045,12.7,12.6,0.423,0.46,0.196,0.202,96.14,96.86,80.72,96.86,0.071,1212,1.2,3.7
203499,Shane Larkin,Shane,1610612751,BKN,23.0,78,20,58,0.256,1750.6516666666666,222,502,0.442,39,108,0.361,83,107,0.776,28,152,180,342,146,95,12,31,121,123,566,-344,1470.0,0,0,1341.0,1,2015-16,22.4,99.9,100.2,100.2,109.5,109.9,109.9,-9.6,-9.7,-9.7,0.3,2.34,33.0,0.016,0.092,0.052,14.1,14.1,0.481,0.515,0.172,0.175,97.5,97.18,80.99,97.18,0.094,3545,2.8,6.4
2733,Shaun Livingston,Shaun,1610612744,GSW,30.0,78,69,9,0.885,1519.5333333333333,203,379,0.536,2,12,0.167,80,93,0.86,42,127,169,237,78,57,27,18,140,88,488,207,1220.3,0,0,1064.0,1,2015-16,19.5,109.7,109.0,109.0,101.2,102.1,102.1,8.5,6.8,6.8,0.222,3.04,32.4,0.028,0.078,0.054,10.7,10.6,0.538,0.581,0.14,0.144,98.96,98.89,82.41,98.89,0.095,3127,2.6,4.9
203963,Shayne Whittington,Shayne,1610612754,IND,25.0,7,4,3,0.571,40.71666666666667,5,11,0.455,0,2,0.0,1,2,0.5,5,7,12,3,5,1,1,0,7,2,11,-6,30.9,0,0,30.0,1,2015-16,5.8,86.8,82.4,82.4,95.2,90.5,90.5,-8.4,-8.1,-8.1,0.12,0.6,15.0,0.106,0.0,0.0,25.0,25.2,0.455,0.463,0.172,0.182,94.57,99.62,83.01,99.62,0.048,85,0.7,1.6
202714,Shelvin Mack,Shelvin,1610612762,UTA,26.0,52,27,25,0.519,1057.9366666666667,182,415,0.439,39,125,0.312,45,61,0.738,13,115,128,187,95,34,3,23,72,69,448,97,898.1,3,0,876.0,2,2015-16,20.3,104.3,105.2,105.2,100.8,100.3,100.3,3.6,4.9,4.9,0.292,1.97,25.9,0.013,0.111,0.063,13.2,13.1,0.486,0.507,0.229,0.234,93.85,93.65,78.04,93.65,0.101,2062,3.5,8.0
203524,Solomon Hill,Solomon,1610612754,IND,25.0,59,31,28,0.525,866.1666666666666,93,208,0.447,24,74,0.324,36,42,0.857,39,127,166,57,33,37,11,13,68,37,246,46,641.7,1,0,589.0,1,2015-16,14.7,104.5,104.8,104.8,100.3,101.1,101.1,4.2,3.7,3.7,0.093,1.73,18.0,0.043,0.136,0.091,10.4,10.4,0.505,0.543,0.128,0.131,99.34,98.81,82.34,98.81,0.091,1773,1.6,3.5
201603,Sonny Weems,Sonny,1610612756,PHX,29.0,43,6,37,0.14,498.355,42,110,0.382,15,41,0.366,8,15,0.533,7,46,53,49,41,10,1,10,47,16,107,-97,236.1,0,0,246.0,2,2015-16,11.6,96.5,96.9,96.9,107.1,105.0,105.0,-10.7,-8.1,-8.1,0.148,1.2,23.7,0.012,0.098,0.051,19.8,19.8,0.45,0.459,0.129,0.132,102.28,103.06,85.88,103.06,0.031,1065,1.0,2.6
203915,Spencer Dinwiddie,Spencer,1610612741,CHI,23.0,12,5,7,0.417,159.23,19,54,0.352,1,10,0.1,19,33,0.576,4,13,17,22,7,3,0,4,20,31,58,-56,113.4,0,0,104.0,1,2015-16,13.3,82.8,82.1,82.1,99.8,101.3,101.3,-17.0,-19.1,-19.1,0.297,3.14,22.4,0.021,0.083,0.049,7.1,7.2,0.361,0.423,0.207,0.213,95.73,95.41,79.51,95.41,0.056,319,1.6,4.5
201150,Spencer Hawes,Spencer,1610612766,CHA,28.0,57,30,27,0.526,1035.003333333333,124,306,0.405,38,102,0.373,54,65,0.831,51,193,244,109,58,22,27,13,111,60,340,45,885.3,1,0,829.0,1,2015-16,18.2,101.1,101.1,101.1,98.9,99.3,99.3,2.1,1.8,1.8,0.171,1.88,21.6,0.047,0.175,0.112,11.5,11.6,0.467,0.508,0.168,0.171,98.08,97.85,81.55,97.85,0.094,2114,2.2,5.4
1626169,Stanley Johnson,Stanley,1610612765,DET,20.0,73,37,36,0.507,1687.0716666666667,225,600,0.375,63,205,0.307,80,102,0.784,58,248,306,118,114,55,12,35,178,83,593,-138,1224.2,3,0,1214.0,1,2015-16,23.1,100.3,100.6,100.6,104.0,104.2,104.2,-3.7,-3.6,-3.6,0.113,1.04,13.5,0.031,0.147,0.086,13.0,13.0,0.428,0.46,0.191,0.196,98.33,98.1,81.75,98.1,0.064,3441,3.1,8.2
201939,Stephen Curry,Stephen,1610612744,GSW,28.0,79,71,8,0.899,2699.975,805,1598,0.504,402,886,0.454,363,400,0.908,68,362,430,527,262,169,15,52,161,356,2375,1022,3971.5,15,2,4102.0,1,2015-16,34.2,116.7,117.5,117.5,98.3,99.8,99.8,18.3,17.7,17.7,0.315,2.01,20.7,0.026,0.117,0.076,10.3,10.2,0.63,0.669,0.314,0.32,103.82,102.75,85.62,102.75,0.197,5779,10.2,20.2
2581,Steve Blake,Steve,1610612765,DET,36.0,58,34,24,0.586,986.4,93,240,0.388,52,151,0.344,16,20,0.8,9,80,89,200,81,24,5,10,70,48,254,-56,666.8,0,0,653.0,1,2015-16,17.0,99.9,99.0,99.0,103.6,102.3,102.3,-3.7,-3.3,-3.3,0.311,2.47,37.8,0.008,0.083,0.043,15.3,15.3,0.496,0.51,0.143,0.148,96.53,97.62,81.35,97.62,0.078,2011,1.6,4.1
200779,Steve Novak,Steve,1610612749,MIL,33.0,10,8,2,0.8,44.28833333333333,8,18,0.444,7,15,0.467,1,1,1.0,0,5,5,0,1,0,0,0,3,2,24,7,29.0,0,0,36.0,2,2015-16,4.4,108.1,101.9,101.9,102.1,100.0,100.0,6.0,1.9,1.9,0.0,0.0,0.0,0.0,0.096,0.053,5.3,5.1,0.639,0.651,0.162,0.182,105.67,110.01,91.67,110.01,0.087,104,0.8,1.8
203500,Steven Adams,Steven,1610612760,OKC,22.0,80,54,26,0.675,2014.388333333333,261,426,0.613,0,0,0.0,114,196,0.582,219,314,533,62,84,42,89,31,223,195,636,478,1677.6,6,0,1493.0,1,2015-16,25.2,110.1,111.8,111.8,99.0,99.9,99.9,11.1,11.9,11.9,0.042,0.74,9.5,0.109,0.142,0.126,12.8,12.8,0.613,0.621,0.125,0.127,99.13,97.96,81.63,97.96,0.087,4105,3.3,5.3
204456,T.J. McConnell,T.J.,1610612755,PHI,24.0,81,10,71,0.123,1605.9416666666666,218,464,0.47,31,89,0.348,26,41,0.634,43,207,250,367,140,95,10,24,114,74,493,-276,1518.5,0,0,1351.0,1,2015-16,19.8,98.9,98.4,98.4,106.8,106.5,106.5,-7.9,-8.1,-8.1,0.36,2.62,37.1,0.026,0.134,0.078,14.1,14.2,0.503,0.511,0.167,0.171,99.21,99.55,82.95,99.55,0.116,3328,2.7,5.7
203933,T.J. Warren,T.J.,1610612756,PHX,22.0,47,14,33,0.298,1070.19,221,441,0.501,28,70,0.4,45,64,0.703,57,90,147,44,32,37,16,15,94,64,515,-113,884.4,1,0,840.0,1,2015-16,22.8,100.5,102.6,102.6,107.7,107.3,107.3,-7.2,-4.7,-4.7,0.068,1.38,8.1,0.05,0.088,0.068,5.9,5.9,0.533,0.549,0.195,0.198,101.62,100.71,83.93,100.71,0.092,2242,4.7,9.4
201959,Taj Gibson,Taj,1610612741,CHI,31.0,73,37,36,0.507,1935.5583333333332,263,500,0.526,0,3,0.0,101,146,0.692,206,298,504,106,78,47,77,54,180,161,627,-153,1684.8,7,0,1485.0,1,2015-16,26.5,101.7,102.2,102.2,104.4,105.3,105.3,-2.7,-3.1,-3.1,0.083,1.36,14.3,0.104,0.14,0.122,10.5,10.4,0.526,0.556,0.144,0.148,97.0,96.36,80.3,96.36,0.096,3870,3.6,6.8
204028,Tarik Black,Tarik,1610612747,LAL,24.0,39,6,33,0.154,495.59,57,104,0.548,0,0,0.0,19,45,0.422,44,113,157,16,22,14,18,9,78,38,133,20,419.4,0,0,370.0,1,2015-16,12.7,102.1,102.8,102.8,101.4,99.4,99.4,0.7,3.4,3.4,0.053,0.73,9.8,0.086,0.228,0.155,13.4,13.6,0.548,0.537,0.13,0.13,96.21,96.85,80.71,96.85,0.081,993,1.5,2.7
2419,Tayshaun Prince,Tayshaun,1610612750,MIN,36.0,77,27,50,0.351,1461.5616666666667,102,229,0.445,4,23,0.174,13,19,0.684,32,115,147,74,27,36,13,4,62,28,221,-129,628.4,0,0,544.0,1,2015-16,19.0,101.7,101.0,101.0,103.5,105.0,105.0,-1.9,-4.0,-4.0,0.073,2.74,21.8,0.022,0.078,0.051,8.0,8.0,0.454,0.466,0.081,0.083,95.23,94.85,79.04,94.85,0.049,2882,1.3,3.0
203093,Terrence Jones,Terrence,1610612745,HOU,24.0,50,24,26,0.48,1044.235,166,367,0.452,25,79,0.316,77,116,0.664,62,149,211,41,49,23,39,39,86,82,434,-240,885.7,0,0,835.0,1,2015-16,20.9,101.6,101.8,101.8,112.2,112.0,112.0,-10.5,-10.3,-10.3,0.069,0.84,8.1,0.056,0.148,0.1,9.7,9.6,0.486,0.519,0.19,0.195,99.63,99.61,83.01,99.61,0.082,2159,3.3,7.3
203082,Terrence Ross,Terrence,1610612761,TOR,25.0,73,53,20,0.726,1747.3766666666668,270,626,0.431,131,339,0.386,49,62,0.79,21,164,185,56,46,54,25,15,120,46,720,243,1217.0,1,0,1250.0,1,2015-16,23.9,106.3,107.2,107.2,100.6,101.2,101.2,5.6,6.0,6.0,0.053,1.22,7.4,0.012,0.092,0.052,6.1,6.1,0.536,0.551,0.178,0.183,94.91,94.21,78.51,94.21,0.082,3448,3.7,8.6
1626179,Terry Rozier,Terry,1610612738,BOS,22.0,39,24,15,0.615,311.325,29,106,0.274,6,27,0.222,8,10,0.8,24,39,63,37,19,6,1,4,23,15,72,-46,205.1,0,0,192.0,1,2015-16,8.0,94.1,92.8,92.8,100.6,100.3,100.3,-6.6,-7.5,-7.5,0.199,1.95,22.3,0.062,0.118,0.088,11.4,11.4,0.302,0.326,0.168,0.176,100.24,101.06,84.22,101.06,0.044,657,0.7,2.7
200757,Thabo Sefolosha,Thabo,1610612737,ATL,32.0,75,42,33,0.56,1757.665,188,371,0.507,42,123,0.341,62,99,0.626,52,282,334,107,68,85,37,26,109,85,480,-24,1339.3,1,0,1207.0,1,2015-16,23.4,101.0,100.3,100.3,97.9,98.8,98.8,3.1,1.5,1.5,0.093,1.57,18.2,0.03,0.15,0.092,11.6,11.5,0.563,0.579,0.121,0.125,99.14,99.01,82.51,99.01,0.096,3587,2.5,4.9
201152,Thaddeus Young,Thaddeus,1610612751,BKN,28.0,73,21,52,0.288,2407.418333333333,495,963,0.514,7,30,0.233,105,163,0.644,176,484,660,136,136,112,37,77,182,157,1102,-232,2409.0,28,0,2203.0,1,2015-16,33.0,103.0,103.4,103.4,107.4,108.0,108.0,-4.4,-4.6,-4.6,0.094,1.0,10.4,0.076,0.208,0.142,10.4,10.4,0.518,0.533,0.217,0.219,96.71,96.3,80.25,96.3,0.118,4826,6.8,13.2
203648,Thanasis Antetokounmpo,Thanasis,1610612752,NYK,23.0,2,1,1,0.5,6.25,3,4,0.75,0,1,0.0,0,0,0.0,0,1,1,0,0,0,0,0,2,0,6,-6,7.2,0,0,7.0,1,2015-16,3.1,108.7,107.7,107.7,134.8,142.9,142.9,-26.1,-35.2,-35.2,0.0,0.0,0.0,0.0,0.0,0.0,0.0,0.0,0.75,0.75,0.286,0.288,106.44,103.68,86.4,103.68,0.14,13,1.5,2.0
203080,Thomas Robinson,Thomas,1610612751,BKN,25.0,71,16,55,0.225,916.4483333333334,130,291,0.447,0,1,0.0,47,109,0.431,136,223,359,46,69,39,36,26,111,90,307,-278,962.8,8,0,862.0,1,2015-16,12.9,96.9,96.6,96.6,110.7,110.3,110.3,-13.9,-13.6,-13.6,0.08,0.67,10.2,0.134,0.255,0.19,15.3,15.2,0.447,0.453,0.186,0.192,98.01,98.34,81.95,98.34,0.091,1867,1.8,4.1
201168,Tiago Splitter,Tiago,1610612737,ATL,31.0,36,21,15,0.583,579.4733333333334,81,155,0.523,0,2,0.0,39,48,0.813,45,75,120,30,24,20,12,19,71,46,201,102,462.0,0,0,415.0,1,2015-16,16.1,103.5,103.1,103.1,94.2,94.8,94.8,9.3,8.3,8.3,0.077,1.25,13.0,0.081,0.126,0.104,10.4,10.4,0.523,0.571,0.15,0.154,99.14,99.03,82.52,99.03,0.088,1197,2.3,4.3
202353,Tibor Pleiss,Tibor,1610612762,UTA,26.0,12,7,5,0.583,81.54,11,25,0.44,0,2,0.0,2,2,1.0,6,9,15,2,8,1,2,4,19,1,24,-16,46.0,0,0,47.0,1,2015-16,6.8,101.7,95.7,95.7,107.7,106.1,106.1,-6.0,-10.4,-10.4,0.043,0.25,5.6,0.087,0.118,0.103,22.2,22.3,0.44,0.464,0.186,0.199,92.75,96.25,80.21,96.25,-0.004,164,0.9,2.1
1495,Tim Duncan,Tim,1610612759,SAS,40.0,61,50,11,0.82,1536.4266666666667,215,441,0.488,0,2,0.0,92,131,0.702,115,332,447,163,90,47,78,38,125,112,522,426,1587.9,11,0,1382.0,1,2015-16,25.2,107.6,108.1,108.1,93.8,94.5,94.5,13.7,13.6,13.6,0.153,1.81,21.8,0.079,0.212,0.148,12.0,12.0,0.488,0.523,0.171,0.174,94.99,94.41,78.68,94.41,0.122,3030,3.5,7.2
204025,Tim Frazier,Tim,1610612740,NOP,25.0,51,25,26,0.49,741.255,96,229,0.419,16,48,0.333,53,74,0.716,26,84,110,162,65,33,2,22,73,84,261,-31,676.0,2,0,619.0,2,2015-16,14.5,104.2,102.8,102.8,104.7,104.6,104.6,-0.5,-1.8,-1.8,0.339,2.49,33.1,0.035,0.111,0.073,13.3,13.3,0.454,0.499,0.192,0.198,97.08,97.78,81.48,97.78,0.1,1508,1.9,4.5
203501,Tim Hardaway Jr.,Tim,1610612737,ATL,24.0,51,29,22,0.569,864.11,114,265,0.43,48,143,0.336,50,56,0.893,7,79,86,51,23,21,7,15,48,47,326,101,566.7,0,0,567.0,1,2015-16,16.9,104.1,104.4,104.4,98.0,97.8,97.8,6.1,6.6,6.6,0.089,2.22,14.2,0.008,0.084,0.048,6.4,6.3,0.521,0.563,0.159,0.164,98.56,98.54,82.12,98.54,0.082,1766,2.2,5.2
202389,Timofey Mozgov,Timofey,1610612739,CLE,29.0,76,52,24,0.684,1325.5883333333334,203,359,0.565,1,7,0.143,68,95,0.716,110,227,337,33,71,22,57,30,159,116,475,2,1094.9,2,0,1004.0,1,2015-16,17.4,104.4,104.6,104.6,103.7,104.0,104.0,0.7,0.6,0.6,0.039,0.46,6.6,0.087,0.168,0.129,14.1,14.1,0.567,0.593,0.16,0.165,94.97,94.76,78.97,94.76,0.089,2611,2.7,4.7
202699,Tobias Harris,Tobias,1610612765,DET,23.0,76,37,39,0.487,2513.395,417,889,0.469,80,239,0.335,202,243,0.831,96,414,510,169,108,65,40,71,153,189,1116,18,2188.5,12,0,2085.0,2,2015-16,33.1,103.1,104.8,104.8,103.7,104.3,104.3,-0.5,0.5,0.5,0.106,1.56,13.3,0.038,0.166,0.101,8.5,8.5,0.514,0.56,0.192,0.195,96.94,95.88,79.9,95.88,0.116,5017,5.5,11.7
201962,Toney Douglas,Toney,1610612740,NOP,30.0,61,22,39,0.361,1262.2883333333334,183,445,0.411,81,203,0.399,84,99,0.848,25,118,143,157,64,70,5,29,131,96,531,-140,1099.1,1,0,1062.0,1,2015-16,20.7,104.9,104.4,104.4,109.7,109.5,109.5,-4.8,-5.1,-5.1,0.188,2.45,22.1,0.019,0.099,0.056,9.0,9.0,0.502,0.543,0.189,0.192,99.21,99.53,82.94,99.53,0.085,2615,3.0,7.3
2754,Tony Allen,Tony,1610612763,MEM,34.0,64,34,30,0.531,1619.8216666666667,215,469,0.458,15,42,0.357,90,138,0.652,104,192,296,70,78,110,18,59,175,105,535,-91,1301.2,1,0,1172.0,1,2015-16,25.3,102.8,103.9,103.9,104.1,105.2,105.2,-1.3,-1.4,-1.4,0.068,0.9,10.3,0.063,0.128,0.094,11.5,11.5,0.474,0.505,0.167,0.17,94.78,93.77,78.14,93.77,0.075,3142,3.4,7.3
2225,Tony Parker,Tony,1610612759,SAS,34.0,72,59,13,0.819,1980.4416666666664,350,710,0.493,27,65,0.415,130,171,0.76,17,159,176,379,131,54,11,39,114,147,857,412,1700.7,3,0,1569.0,1,2015-16,27.5,107.5,107.8,107.8,96.9,97.1,97.1,10.6,10.7,10.7,0.294,2.89,29.2,0.009,0.08,0.046,10.1,10.1,0.512,0.546,0.211,0.214,94.87,94.58,78.82,94.58,0.112,3899,4.9,9.9
203503,Tony Snell,Tony,1610612741,CHI,24.0,64,33,31,0.516,1301.013333333333,126,339,0.372,56,155,0.361,30,33,0.909,19,180,199,63,52,16,17,28,100,38,338,97,718.3,1,0,722.0,1,2015-16,20.3,101.4,101.5,101.5,96.9,97.3,97.3,4.5,4.1,4.1,0.07,1.21,13.4,0.014,0.117,0.068,11.1,11.1,0.454,0.478,0.134,0.137,98.73,98.49,82.07,98.49,0.054,2663,2.0,5.3
203100,Tony Wroten,Tony,1610612752,NYK,23.0,8,0,8,0.0,144.3,22,65,0.338,3,17,0.176,20,37,0.541,2,19,21,20,29,3,0,11,11,24,67,-68,102.2,0,0,117.0,1,2015-16,18.0,84.8,86.1,86.1,108.9,109.2,109.2,-24.2,-23.1,-23.1,0.274,0.69,15.2,0.013,0.13,0.069,22.0,22.3,0.362,0.412,0.32,0.32,103.19,102.29,85.24,102.29,0.022,309,2.8,8.1
2772,Trevor Ariza,Trevor,1610612745,HOU,31.0,81,40,41,0.494,2859.1216666666664,357,859,0.416,185,499,0.371,126,161,0.783,67,299,366,188,113,160,26,38,177,114,1025,40,2191.2,1,0,2136.0,1,2015-16,35.3,107.3,108.4,108.4,107.0,108.1,108.1,0.4,0.3,0.3,0.1,1.66,15.3,0.023,0.106,0.064,9.2,9.2,0.523,0.551,0.156,0.158,99.35,98.33,81.94,98.33,0.084,5868,4.4,10.6
202344,Trevor Booker,Trevor,1610612762,UTA,28.0,79,39,40,0.494,1632.0333333333333,190,388,0.49,12,41,0.293,71,106,0.67,166,286,452,83,81,59,41,18,169,83,463,64,1348.9,4,0,1210.0,1,2015-16,20.7,101.8,102.4,102.4,100.2,98.9,98.9,1.6,3.5,3.5,0.083,1.02,13.9,0.102,0.178,0.14,13.5,13.5,0.505,0.533,0.141,0.144,93.85,94.22,78.52,94.22,0.1,3180,2.4,4.9
203504,Trey Burke,Trey,1610612762,UTA,23.0,64,31,33,0.484,1365.7916666666667,262,634,0.413,88,256,0.344,67,82,0.817,18,94,112,148,80,35,6,33,86,77,679,0,1078.4,0,0,1109.0,1,2015-16,21.3,100.9,102.3,102.3,103.0,102.6,102.6,-2.1,-0.4,-0.4,0.201,1.85,16.6,0.013,0.07,0.041,8.9,8.9,0.483,0.507,0.242,0.247,94.01,93.52,77.93,93.52,0.099,2666,4.1,9.9
1626168,Trey Lyles,Trey,1610612762,UTA,20.0,80,38,42,0.475,1382.3933333333334,191,436,0.438,49,128,0.383,57,82,0.695,59,240,299,59,65,26,18,15,114,77,488,-45,1002.3,2,0,983.0,1,2015-16,17.3,102.0,101.6,101.6,103.0,103.3,103.3,-0.9,-1.7,-1.7,0.072,0.91,9.9,0.043,0.18,0.111,10.9,10.9,0.494,0.517,0.178,0.183,92.46,92.52,77.1,92.52,0.09,2665,2.4,5.5
202684,Tristan Thompson,Tristan,1610612739,CLE,25.0,82,57,25,0.695,2269.266666666667,247,420,0.588,0,0,0.0,149,242,0.616,268,470,738,62,61,38,51,38,202,224,643,357,1827.6,23,0,1621.0,1,2015-16,27.7,109.6,111.0,111.0,101.7,102.2,102.2,7.8,8.7,8.7,0.04,1.02,9.5,0.116,0.209,0.162,9.4,9.4,0.588,0.611,0.114,0.116,95.64,94.81,79.01,94.81,0.106,4466,3.0,5.1
203584,Troy Daniels,Troy,1610612766,CHA,24.0,43,25,18,0.581,476.25666666666666,89,187,0.476,59,122,0.484,5,9,0.556,7,50,57,21,24,11,3,3,40,11,242,-43,359.9,0,0,407.0,1,2015-16,11.1,101.8,100.1,100.1,104.2,105.2,105.2,-2.4,-5.1,-5.1,0.083,0.88,8.9,0.014,0.103,0.057,10.2,10.2,0.634,0.634,0.195,0.202,99.55,99.93,83.27,99.93,0.098,995,2.1,4.3
201951,Ty Lawson,Ty,1610612754,IND,28.0,66,31,35,0.47,1411.1916666666666,139,354,0.393,36,108,0.333,59,86,0.686,26,94,120,237,95,53,7,28,87,83,373,-159,957.5,1,0,886.0,2,2015-16,21.4,99.5,99.9,99.9,105.7,105.6,105.6,-6.2,-5.7,-5.7,0.251,2.49,32.7,0.017,0.064,0.04,13.1,13.1,0.444,0.476,0.145,0.147,101.49,101.33,84.44,101.33,0.068,2984,2.1,5.4
203898,Tyler Ennis,Tyler,1610612749,MIL,21.0,46,17,29,0.37,654.4783333333334,84,187,0.449,13,39,0.333,25,34,0.735,13,62,75,95,46,25,1,18,64,36,206,-70,470.5,0,0,441.0,1,2015-16,14.2,98.7,98.3,98.3,104.2,104.1,104.1,-5.5,-5.8,-5.8,0.225,2.07,27.8,0.02,0.097,0.059,13.5,13.4,0.484,0.51,0.168,0.173,95.35,95.6,79.67,95.6,0.075,1306,1.8,4.1
201946,Tyler Hansbrough,Tyler,1610612766,CHA,30.0,44,28,16,0.636,342.65833333333336,32,71,0.451,2,3,0.667,38,65,0.585,40,49,89,8,12,12,7,13,55,51,104,-34,267.8,1,0,241.0,1,2015-16,7.8,106.1,102.9,102.9,107.3,107.0,107.0,-1.2,-4.1,-4.1,0.038,0.67,6.5,0.108,0.148,0.127,9.8,10.0,0.465,0.522,0.144,0.146,96.75,98.41,82.01,98.41,0.054,700,0.7,1.6
204020,Tyler Johnson,Tyler,1610612748,MIA,24.0,36,19,17,0.528,862.5566666666666,118,243,0.486,27,71,0.38,51,64,0.797,28,81,109,79,47,24,14,20,66,64,314,9,630.3,0,0,605.0,1,2015-16,24.0,100.8,100.3,100.3,98.4,99.6,99.6,2.4,0.7,0.7,0.151,1.68,20.0,0.034,0.091,0.064,11.9,11.8,0.541,0.579,0.167,0.172,94.35,94.02,78.35,94.02,0.098,1688,3.3,6.8
203092,Tyler Zeller,Tyler,1610612738,BOS,26.0,60,38,22,0.633,709.9383333333334,138,290,0.476,0,0,0.0,88,108,0.815,62,116,178,29,46,10,22,20,97,93,364,-65,671.1,1,0,635.0,1,2015-16,11.8,98.5,98.0,98.0,101.9,102.3,102.3,-3.4,-4.3,-4.3,0.073,0.63,7.0,0.08,0.148,0.114,11.1,11.2,0.476,0.539,0.225,0.23,101.93,101.96,84.97,101.96,0.102,1508,2.3,4.8
201936,Tyreke Evans,Tyreke,1610612740,NOP,26.0,25,11,14,0.44,765.335,136,314,0.433,33,85,0.388,74,93,0.796,20,109,129,164,73,32,8,23,66,74,379,-14,826.8,6,0,785.0,1,2015-16,30.6,104.5,105.6,105.6,105.4,105.9,105.9,-0.9,-0.3,-0.3,0.366,2.25,27.6,0.026,0.142,0.084,12.3,12.3,0.486,0.534,0.254,0.254,95.42,94.73,78.95,94.73,0.131,1506,5.4,12.6
2199,Tyson Chandler,Tyson,1610612756,PHX,33.0,66,18,48,0.273,1617.9133333333334,183,314,0.583,0,1,0.0,106,171,0.62,175,401,576,64,93,36,44,23,145,155,472,-393,1406.2,20,0,1272.0,1,2015-16,24.5,95.5,96.3,96.3,108.1,107.9,107.9,-12.6,-11.5,-11.5,0.064,0.69,11.7,0.103,0.251,0.174,17.0,17.0,0.583,0.606,0.126,0.128,99.21,98.87,82.39,98.87,0.117,3328,2.8,4.8
1626145,Tyus Jones,Tyus,1610612750,MIN,20.0,37,13,24,0.351,572.72,56,156,0.359,16,53,0.302,28,39,0.718,7,40,47,108,33,31,3,12,33,35,156,-135,443.4,0,0,395.0,1,2015-16,15.5,100.3,98.6,98.6,110.3,109.3,109.3,-10.0,-10.7,-10.7,0.278,3.27,34.7,0.012,0.073,0.041,10.6,10.5,0.41,0.45,0.151,0.159,98.3,99.57,82.97,99.57,0.077,1184,1.5,4.2
2617,Udonis Haslem,Udonis,1610612748,MIA,36.0,37,25,12,0.676,259.53833333333336,23,61,0.377,1,9,0.111,12,16,0.75,10,65,75,14,5,5,2,1,25,22,59,-16,186.0,0,0,163.0,1,2015-16,7.0,100.7,97.5,97.5,100.7,100.6,100.6,0.0,-3.1,-3.1,0.08,2.8,16.1,0.043,0.26,0.156,5.7,5.7,0.385,0.434,0.131,0.138,93.82,95.43,79.53,95.43,0.09,516,0.6,1.6
203506,Victor Oladipo,Victor,1610612753,ORL,24.0,72,32,40,0.444,2379.33,425,970,0.438,98,282,0.348,205,247,0.83,48,297,345,282,153,116,54,68,174,206,1153,-24,2347.0,3,1,2218.0,1,2015-16,33.0,104.0,105.0,105.0,104.5,105.4,105.4,-0.6,-0.4,-0.4,0.182,1.84,18.7,0.02,0.121,0.071,10.1,10.1,0.489,0.534,0.224,0.228,98.77,97.87,81.56,97.87,0.111,4849,5.9,13.5
1713,Vince Carter,Vince,1610612763,MEM,39.0,60,33,27,0.55,1005.3533333333334,133,343,0.388,59,169,0.349,70,84,0.833,31,115,146,56,35,38,16,14,101,76,395,-35,781.2,0,0,764.0,1,2015-16,16.8,102.9,104.0,104.0,106.0,105.6,105.6,-3.1,-1.6,-1.6,0.089,1.6,12.0,0.029,0.117,0.071,7.5,7.4,0.474,0.52,0.177,0.181,97.51,97.16,80.97,97.16,0.08,2034,2.2,5.7
201961,Wayne Ellington,Wayne,1610612751,BKN,28.0,76,18,58,0.237,1614.9766666666667,218,561,0.389,96,268,0.358,54,63,0.857,20,154,174,83,45,48,5,24,82,47,586,-322,1033.3,0,0,1045.0,1,2015-16,21.2,96.3,96.7,96.7,106.9,106.6,106.6,-10.6,-10.0,-10.0,0.082,1.84,11.6,0.012,0.096,0.053,6.3,6.3,0.474,0.498,0.172,0.176,97.12,97.07,80.89,97.07,0.068,3268,2.9,7.4
202325,Wesley Johnson,Wesley,1610612746,LAC,28.0,80,51,29,0.638,1665.8116666666667,208,515,0.404,103,309,0.333,30,46,0.652,37,211,248,49,54,89,56,8,173,41,549,121,1301.1,0,0,1239.0,1,2015-16,20.8,103.7,102.7,102.7,100.4,99.9,99.9,3.3,2.7,2.7,0.045,0.91,7.7,0.022,0.121,0.072,8.5,8.5,0.504,0.513,0.153,0.157,98.78,99.56,82.96,99.56,0.069,3468,2.6,6.4
202083,Wesley Matthews,Wesley,1610612742,DAL,29.0,78,40,38,0.513,2644.3016666666667,331,854,0.388,189,525,0.36,126,146,0.863,27,211,238,151,78,78,17,39,179,151,977,104,1696.1,0,0,1745.0,1,2015-16,33.9,108.4,108.0,108.0,105.7,106.0,106.0,2.7,2.0,2.0,0.088,1.94,13.2,0.01,0.08,0.045,6.8,6.8,0.498,0.532,0.171,0.174,95.15,95.16,79.3,95.16,0.065,5243,4.2,10.9
203115,Will Barton,Will,1610612743,DEN,25.0,82,33,49,0.402,2353.3716666666664,425,983,0.432,112,325,0.345,216,268,0.806,59,417,476,203,139,71,39,58,147,204,1178,-131,2244.7,6,0,2189.0,1,2015-16,28.7,102.4,103.7,103.7,105.8,106.8,106.8,-3.5,-3.1,-3.1,0.147,1.46,14.1,0.024,0.177,0.099,9.7,9.6,0.489,0.535,0.226,0.231,98.32,97.27,81.06,97.27,0.125,4778,5.2,12.0
1626161,Willie Cauley-Stein,Willie,1610612758,SAC,22.0,66,26,40,0.394,1411.545,191,339,0.563,0,2,0.0,81,125,0.648,134,218,352,37,46,47,66,22,146,89,463,-78,1233.9,3,0,1078.0,1,2015-16,21.4,105.4,105.6,105.6,108.1,106.8,106.8,-2.7,-1.2,-1.2,0.038,0.8,7.7,0.094,0.15,0.122,9.6,9.6,0.563,0.588,0.131,0.133,100.93,101.51,84.59,101.51,0.088,2965,2.9,5.1
203186,Willie Reed,Willie,1610612751,BKN,26.0,39,8,31,0.205,425.6333333333333,76,133,0.571,0,0,0.0,30,55,0.545,49,73,122,10,16,6,30,8,47,63,182,-80,435.4,0,0,386.0,1,2015-16,10.9,97.9,97.2,97.2,105.8,104.4,104.4,-7.9,-7.2,-7.2,0.039,0.63,5.4,0.113,0.174,0.143,8.7,8.7,0.571,0.579,0.175,0.18,97.12,98.06,81.71,98.06,0.114,861,1.9,3.4
204098,Xavier Munford,Xavier,1610612763,MEM,24.0,14,3,11,0.214,244.2933333333333,32,77,0.416,9,23,0.391,7,14,0.5,3,28,31,22,15,13,3,7,25,15,80,-25,183.2,0,0,174.0,1,2015-16,17.4,102.8,105.5,105.5,112.3,110.7,110.7,-9.5,-5.1,-5.1,0.136,1.47,18.5,0.011,0.129,0.064,12.6,12.5,0.474,0.481,0.168,0.172,96.31,95.69,79.74,95.69,0.064,487,2.3,5.5
203897,Zach LaVine,Zach,1610612750,MIN,21.0,82,29,53,0.354,2293.483333333333,433,959,0.452,123,316,0.389,161,203,0.793,27,201,228,251,155,69,17,61,193,153,1150,-294,1903.1,0,0,1924.0,1,2015-16,28.0,104.0,104.2,104.2,109.5,110.4,110.4,-5.5,-6.2,-6.2,0.187,1.62,17.3,0.012,0.089,0.051,10.7,10.7,0.516,0.548,0.228,0.233,99.02,98.5,82.08,98.5,0.091,4705,5.3,11.7
2216,Zach Randolph,Zach,1610612763,MEM,34.0,68,37,31,0.544,2016.405,431,907,0.475,6,26,0.231,172,216,0.796,179,350,529,142,105,43,13,72,146,190,1040,-11,1950.8,17,1,1829.0,1,2015-16,29.7,103.8,105.9,105.9,105.8,106.9,106.9,-2.0,-1.1,-1.1,0.125,1.35,11.3,0.088,0.187,0.136,8.4,8.4,0.479,0.519,0.247,0.247,94.67,93.26,77.71,93.26,0.13,3932,6.3,13.3
2585,Zaza Pachulia,Zaza,1610612742,DAL,32.0,76,40,36,0.526,2004.1066666666663,219,470,0.466,0,3,0.0,212,276,0.768,249,469,718,128,119,64,22,48,181,260,650,0,1842.6,26,0,1668.0,1,2015-16,26.4,104.1,103.9,103.9,103.2,103.8,103.8,0.9,0.1,0.1,0.101,1.08,15.1,0.124,0.237,0.18,14.0,14.2,0.466,0.55,0.163,0.164,94.56,94.4,78.67,94.4,0.118,3940,2.9,6.2
