PLAYER_ID,NICKNAME,TEAM_ID,TEAM_ABBREVIATION,AGE,GP,W,L,W_PCT,MIN_trad,FGM,FGA,FG_PCT,FG3M,FG3A,FG3_PCT,FTM,FTA,FT_PCT,OREB,DREB,REB,AST,TOV,STL,BLK,BLKA,PF,PFD,PTS,PLUS_MINUS,NBA_FANTASY_PTS,DD2,TD3,WNBA_FANTASY_PTS,TEAM_COUNT,SEASON,MIN_adv,E_OFF_RATING,OFF_RATING,sp_work_OFF_RATING,E_DEF_RATING,DEF_RATING,sp_work_DEF_RATING,E_NET_RATING,NET_RATING,sp_work_NET_RATING,AST_PCT,AST_TO,AST_RATIO,OREB_PCT,DREB_PCT,REB_PCT,TM_TOV_PCT,E_TOV_PCT,EFG_PCT,TS_PCT,USG_PCT,E_USG_PCT,E_PACE,PACE,PACE_PER40,sp_work_PACE,PIE,POSS,FGM_PG,FGA_PG,PLAYER_NAME
1627773,AJ,1610612742,DAL,24.0,22,4,18,0.182,163.23166666666663,17,42,0.405,5,10,0.5,9,20,0.45,8,28,36,4,10,1,13,5,21,13,48,-5,129.2,0,0,121.0,1,2016-17,7.4,102.2,101.2,101.2,102.8,101.5,101.5,-0.6,-0.3,-0.3,0.038,0.4,6.1,0.045,0.172,0.106,15.2,15.4,0.464,0.472,0.165,0.167,95.66,96.75,80.62,96.75,0.043,327,0.8,1.9,AJ Hammons
201166,Aaron,1610612754,IND,32.0,65,36,29,0.554,893.7316666666667,121,300,0.403,48,128,0.375,32,40,0.8,18,51,69,125,66,25,9,14,93,55,322,-32,628.3,0,0,632.0,1,2016-17,13.7,101.5,101.8,101.8,104.5,103.4,103.4,-3.0,-1.6,-1.6,0.216,1.89,24.6,0.019,0.056,0.037,13.0,13.0,0.483,0.507,0.186,0.191,96.54,96.91,80.76,96.91,0.062,1803,1.9,4.6,Aaron Brooks
203932,Aaron,1610612753,ORL,21.0,80,29,51,0.363,2297.965,393,865,0.454,77,267,0.288,156,217,0.719,116,289,405,150,89,65,40,44,172,168,1019,-163,1956.0,7,0,1861.0,1,2016-17,28.7,105.4,107.2,107.2,108.2,110.4,110.4,-2.8,-3.1,-3.1,0.097,1.69,12.5,0.048,0.124,0.086,7.4,7.4,0.499,0.53,0.197,0.2,99.71,97.91,81.59,97.91,0.088,4680,4.9,10.8,Aaron Gordon
1626151,Aaron,1610612766,CHA,22.0,5,2,3,0.4,16.566666666666666,0,4,0.0,0,2,0.0,1,2,0.5,0,3,3,3,0,0,0,0,2,1,1,-5,9.1,0,0,7.0,1,2016-17,3.3,83.3,79.4,79.4,101.9,100.0,100.0,-18.6,-20.6,-20.6,0.375,0.0,37.5,0.0,0.0,0.0,0.0,0.0,0.0,0.102,0.132,0.142,92.43,95.61,79.68,95.61,0.0,34,0.0,0.8,Aaron Harrison
203940,Adreian,1610612750,MIN,26.0,18,5,13,0.278,135.27166666666668,23,54,0.426,3,15,0.2,14,19,0.737,9,24,33,7,8,8,7,1,32,13,63,8,150.1,0,0,136.0,1,2016-17,7.5,102.6,101.8,101.8,102.2,98.6,98.6,0.4,3.2,3.2,0.089,0.88,9.0,0.06,0.179,0.117,10.3,10.3,0.454,0.505,0.219,0.224,96.68,98.82,82.35,98.82,0.081,278,1.3,3.0,Adreian Payne
201143,Al,1610612738,BOS,31.0,68,46,22,0.676,2193.2616666666668,379,801,0.473,86,242,0.355,108,135,0.8,95,370,465,337,115,52,86,25,138,124,952,215,2314.5,8,0,2116.0,1,2016-17,32.3,110.7,112.1,112.1,105.8,107.2,107.2,5.0,4.8,4.8,0.239,2.93,25.7,0.044,0.162,0.105,8.8,8.8,0.527,0.553,0.196,0.199,98.96,97.71,81.42,97.71,0.125,4464,5.6,11.8,Al Horford
2744,Al,1610612754,IND,32.0,66,33,33,0.5,930.635,235,471,0.499,0,1,0.0,65,85,0.765,75,203,278,57,33,19,16,32,125,74,535,-98,1026.1,1,0,940.0,1,2016-17,14.1,102.3,102.2,102.2,108.1,107.6,107.6,-5.8,-5.4,-5.4,0.114,1.73,9.5,0.077,0.225,0.148,5.5,5.5,0.499,0.526,0.254,0.26,96.91,97.2,81.0,97.2,0.133,1886,3.6,7.1,Al Jefferson
202329,Al-Farouq,1610612757,POR,26.0,61,33,28,0.541,1772.9183333333333,183,466,0.393,70,212,0.33,96,136,0.706,77,374,451,99,94,60,44,24,102,115,532,22,1439.7,4,0,1360.0,1,2016-17,29.1,107.7,108.1,108.1,105.9,107.1,107.1,1.8,0.9,0.9,0.082,1.05,13.8,0.044,0.204,0.126,13.1,13.1,0.468,0.506,0.155,0.158,98.38,97.64,81.37,97.64,0.092,3601,3.0,7.6,Al-Farouq Aminu
101187,Alan,1610612746,LAC,34.0,30,20,10,0.667,308.36833333333334,30,80,0.375,14,44,0.318,12,16,0.75,3,21,24,11,7,3,0,0,35,19,86,-77,133.3,0,0,141.0,1,2016-17,10.3,103.1,101.9,101.9,114.0,112.2,112.2,-10.8,-10.3,-10.3,0.052,1.57,10.6,0.01,0.067,0.039,6.7,6.7,0.463,0.494,0.137,0.142,95.84,97.13,80.94,97.13,0.023,618,1.0,2.7,Alan Anderson
1626210,Alan,1610612756,PHX,24.0,47,11,36,0.234,707.7133333333334,138,267,0.517,0,1,0.0,70,112,0.625,94,198,292,23,37,27,32,20,125,100,346,2,870.9,15,0,779.0,1,2016-17,15.1,105.6,106.2,106.2,105.8,105.1,105.1,-0.3,1.2,1.2,0.049,0.62,6.1,0.121,0.255,0.188,9.8,9.8,0.517,0.547,0.203,0.206,102.8,102.86,85.71,102.86,0.127,1509,2.9,5.7,Alan Williams
202692,Alec,1610612762,UTA,25.0,42,26,16,0.619,653.04,99,248,0.399,25,76,0.329,60,78,0.769,17,103,120,30,35,18,5,21,50,59,283,1,506.0,0,0,504.0,1,2016-17,15.5,105.1,104.4,104.4,104.9,104.9,104.9,0.2,-0.5,-0.5,0.074,0.86,8.7,0.026,0.158,0.091,10.1,10.1,0.45,0.501,0.212,0.219,95.94,96.25,80.21,96.25,0.087,1313,2.4,5.9,Alec Burks
203518,Alex,1610612760,OKC,23.0,68,37,31,0.544,1055.1966666666667,134,341,0.393,94,247,0.381,44,49,0.898,18,68,86,40,33,37,8,8,114,51,406,1,671.2,0,0,716.0,1,2016-17,15.5,106.0,107.2,107.2,108.3,107.8,107.8,-2.3,-0.6,-0.6,0.055,1.21,9.3,0.016,0.066,0.04,7.6,7.6,0.531,0.56,0.153,0.157,101.03,100.76,83.97,100.76,0.052,2222,2.0,5.0,Alex Abrines
203458,Alex,1610612756,PHX,24.0,77,21,56,0.273,1559.5966666666666,230,463,0.497,3,12,0.25,150,208,0.721,156,354,510,44,102,38,98,47,242,155,613,-397,1597.0,11,0,1442.0,1,2016-17,20.3,99.4,100.8,100.8,110.5,111.9,111.9,-11.1,-11.1,-11.1,0.043,0.43,6.3,0.091,0.222,0.154,14.5,14.6,0.5,0.553,0.174,0.176,103.49,102.09,85.07,102.09,0.095,3304,3.0,6.0,Alex Len
1627816,Alex,1610612755,PHI,23.0,6,0,6,0.0,156.83333333333334,25,54,0.463,6,19,0.316,8,10,0.8,11,18,29,5,3,3,2,4,14,8,64,-36,118.3,0,0,114.0,1,2016-17,26.1,106.7,105.8,105.8,116.4,115.9,115.9,-9.7,-10.0,-10.0,0.052,1.67,7.6,0.065,0.122,0.092,4.5,4.5,0.519,0.548,0.162,0.166,99.28,99.93,83.27,99.93,0.08,325,4.2,9.0,Alex Poythress
201582,Alexis,1610612740,NOP,29.0,39,15,24,0.385,584.335,89,178,0.5,0,4,0.0,29,40,0.725,46,131,177,12,31,20,22,13,77,45,207,-60,532.4,1,0,480.0,1,2016-17,15.0,100.5,100.2,100.2,105.3,105.3,105.3,-4.7,-5.1,-5.1,0.031,0.39,5.1,0.076,0.2,0.14,13.1,13.0,0.5,0.529,0.166,0.171,100.42,100.55,83.79,100.55,0.088,1225,2.3,4.6,Alexis Ajinca
203459,Allen,1610612757,POR,25.0,79,39,40,0.494,2254.108333333333,303,647,0.468,134,302,0.444,105,124,0.847,19,207,226,94,62,54,20,16,171,96,845,-117,1417.2,0,0,1447.0,1,2016-17,28.5,106.1,106.8,106.8,108.9,109.7,109.7,-2.8,-2.9,-2.9,0.063,1.52,11.0,0.008,0.091,0.05,7.3,7.2,0.572,0.602,0.146,0.149,99.93,99.24,82.7,99.24,0.074,4669,3.8,8.2,Allen Crabbe
202087,Alonzo,1610612743,DEN,30.0,13,4,9,0.308,89.41666666666667,3,14,0.214,0,3,0.0,5,9,0.556,4,11,15,6,4,5,1,2,14,6,11,-18,52.0,0,0,44.0,1,2016-17,6.9,107.8,104.2,104.2,106.3,103.3,103.3,1.4,0.9,0.9,0.092,1.5,21.4,0.043,0.11,0.077,14.3,14.3,0.214,0.306,0.103,0.108,104.33,107.63,89.69,107.63,0.008,191,0.2,1.1,Alonzo Gee
101161,Amir,1610612738,BOS,30.0,80,51,29,0.638,1607.985,213,370,0.576,27,66,0.409,67,100,0.67,118,248,366,140,77,51,62,28,211,113,520,208,1431.2,0,0,1279.0,1,2016-17,20.1,111.4,112.3,112.3,103.4,104.6,104.6,8.0,7.7,7.7,0.125,1.82,22.2,0.074,0.15,0.113,12.2,12.2,0.612,0.628,0.136,0.138,97.96,97.02,80.85,97.02,0.091,3231,2.7,4.6,Amir Johnson
2760,Anderson,1610612744,GSW,34.0,14,12,2,0.857,91.86166666666666,5,14,0.357,0,0,0.0,8,11,0.727,12,15,27,10,8,3,3,0,16,10,18,-30,75.4,0,0,67.0,1,2016-17,6.6,104.0,101.5,101.5,112.4,114.6,114.6,-8.4,-13.1,-13.1,0.152,1.25,27.0,0.12,0.0,0.0,21.6,21.7,0.357,0.478,0.12,0.124,102.27,102.41,85.35,102.41,0.048,194,0.4,1.0,Anderson Varejao
203083,Andre,1610612765,DET,23.0,81,36,45,0.444,2409.4216666666666,483,911,0.53,2,7,0.286,137,355,0.386,345,770,1115,90,152,124,89,58,237,293,1105,-275,3065.0,49,0,2738.0,1,2016-17,29.7,102.6,104.3,104.3,109.0,109.9,109.9,-6.3,-5.6,-5.6,0.06,0.59,6.9,0.132,0.341,0.229,11.6,11.6,0.531,0.518,0.222,0.224,96.51,95.3,79.41,95.3,0.136,4780,6.0,11.2,Andre Drummond
2738,Andre,1610612744,GSW,33.0,76,64,12,0.842,1997.5416666666667,219,415,0.528,64,177,0.362,72,102,0.706,51,253,304,261,58,76,39,10,97,100,574,527,1617.3,0,0,1433.0,1,2016-17,26.3,114.3,114.1,114.1,101.0,101.7,101.7,13.4,12.4,12.4,0.169,4.5,33.4,0.027,0.114,0.074,7.4,7.4,0.605,0.624,0.111,0.113,101.92,101.67,84.72,101.67,0.102,4232,2.9,5.5,Andre Iguodala
203460,Andre,1610612760,OKC,25.0,79,46,33,0.582,2375.8366666666666,215,463,0.464,45,184,0.245,47,111,0.423,98,305,403,79,51,94,79,36,204,95,522,145,1592.1,2,0,1395.0,1,2016-17,30.1,106.1,108.1,108.1,103.3,104.7,104.7,2.8,3.4,3.4,0.045,1.55,12.3,0.039,0.124,0.081,7.9,7.9,0.513,0.51,0.099,0.1,101.08,99.47,82.89,99.47,0.059,4912,2.7,5.9,Andre Roberson
101106,Andrew,1610612739,CLE,32.0,27,8,19,0.296,583.1833333333333,38,81,0.469,0,1,0.0,3,11,0.273,56,162,218,49,43,13,25,2,86,28,79,-34,485.1,0,0,422.0,2,2016-17,21.6,95.7,95.1,95.1,97.4,97.4,97.4,-1.7,-2.2,-2.2,0.133,1.14,27.5,0.096,0.286,0.189,24.2,24.2,0.469,0.46,0.104,0.106,93.14,93.46,77.88,93.46,0.092,1131,1.4,3.0,Andrew Bogut
1626150,Andrew,1610612763,MEM,22.0,72,38,34,0.528,1473.8733333333332,117,360,0.325,43,156,0.276,148,194,0.763,23,113,136,198,85,53,21,30,194,158,425,-26,1022.2,0,0,950.0,1,2016-17,20.5,102.3,102.8,102.8,102.5,102.9,102.9,-0.3,0.0,0.0,0.209,2.33,27.0,0.015,0.079,0.046,11.6,11.7,0.385,0.477,0.162,0.164,94.76,94.35,78.62,94.35,0.053,2885,1.6,5.0,Andrew Harrison
203094,Andrew,1610612751,BKN,27.0,38,20,18,0.526,341.9916666666667,43,111,0.387,5,27,0.185,9,14,0.643,15,46,61,10,17,16,6,3,55,15,100,-129,237.2,0,0,220.0,2,2016-17,9.0,96.0,95.4,95.4,113.7,113.1,113.1,-17.6,-17.7,-17.7,0.047,0.59,7.0,0.045,0.133,0.089,11.9,11.8,0.41,0.427,0.172,0.178,97.48,98.04,81.7,98.04,0.031,696,1.1,2.9,Andrew Nicholson
203952,Andrew,1610612750,MIN,22.0,82,31,51,0.378,3048.3683333333333,709,1570,0.452,103,289,0.356,412,542,0.76,102,226,328,189,187,82,30,101,183,393,1933,-17,2759.1,1,0,2777.0,1,2016-17,37.2,109.8,111.1,111.1,110.4,111.3,111.3,-0.5,-0.2,-0.2,0.104,1.01,8.6,0.034,0.077,0.056,8.6,8.6,0.484,0.534,0.286,0.288,97.56,96.58,80.48,96.58,0.095,6131,8.6,19.1,Andrew Wiggins
203461,Anthony,1610612751,BKN,24.0,23,3,20,0.13,264.15,38,92,0.413,13,48,0.271,26,36,0.722,25,53,78,12,12,5,3,7,18,25,115,-68,238.6,0,0,234.0,1,2016-17,11.5,107.5,107.0,107.0,118.1,118.5,118.5,-10.6,-11.5,-11.5,0.075,1.0,9.0,0.092,0.187,0.14,9.0,9.1,0.484,0.533,0.188,0.191,104.03,104.12,86.77,104.12,0.094,572,1.7,4.0,Anthony Bennett
1626148,Anthony,1610612753,ORL,24.0,11,3,8,0.273,159.025,18,50,0.36,7,27,0.259,0,0,0.0,8,25,33,8,6,5,1,1,15,1,43,4,106.6,0,0,103.0,2,2016-17,14.5,102.0,100.0,100.0,100.7,100.3,100.3,1.3,-0.3,-0.3,0.08,1.33,12.5,0.045,0.147,0.095,9.4,9.4,0.43,0.43,0.152,0.158,94.67,95.83,79.86,95.83,0.058,320,1.6,4.5,Anthony Brown
203076,Anthony,1610612740,NOP,24.0,75,31,44,0.413,2707.661666666667,770,1526,0.505,40,134,0.299,519,647,0.802,172,712,884,157,181,94,167,56,168,521,2099,51,3997.3,49,0,3702.0,1,2016-17,36.1,104.2,105.2,105.2,102.5,104.1,104.1,1.7,1.1,1.1,0.11,0.87,7.4,0.062,0.241,0.155,8.5,8.4,0.518,0.58,0.321,0.326,100.19,98.95,82.46,98.95,0.192,5577,10.3,20.3,Anthony Davis
201627,Anthony,1610612741,CHI,31.0,49,25,24,0.51,714.0733333333334,98,252,0.389,41,133,0.308,34,37,0.919,12,19,31,25,6,24,2,10,44,42,271,21,417.7,0,0,420.0,2,2016-17,14.6,104.5,105.6,105.6,106.4,105.1,105.1,-1.8,0.4,0.4,0.052,4.17,8.4,0.015,0.026,0.02,2.0,2.0,0.47,0.505,0.158,0.161,99.74,99.82,83.18,99.82,0.055,1492,2.0,5.1,Anthony Morrow
201229,Anthony,1610612758,SAC,32.0,65,26,39,0.4,1476.725,155,351,0.442,90,230,0.391,61,82,0.744,51,186,237,77,56,34,20,16,109,81,461,-99,966.9,1,0,973.0,1,2016-17,22.7,105.8,106.3,106.3,110.6,110.5,110.5,-4.8,-4.2,-4.2,0.077,1.38,14.8,0.036,0.132,0.084,10.7,10.8,0.57,0.595,0.133,0.135,97.77,97.63,81.36,97.63,0.073,3016,2.4,5.4,Anthony Tolliver
203462,Archie,1610612751,BKN,22.0,15,8,7,0.533,214.14,36,66,0.545,5,15,0.333,33,42,0.786,7,21,28,24,14,4,5,8,8,32,110,-36,192.6,0,0,185.0,2,2016-17,14.3,103.3,100.9,100.9,108.7,109.2,109.2,-5.4,-8.3,-8.3,0.186,1.71,19.5,0.036,0.093,0.066,11.4,11.4,0.583,0.651,0.203,0.209,99.53,100.53,83.78,100.53,0.127,449,2.4,4.4,Archie Goodwin
202620,Arinze,1610612753,ORL,29.0,8,3,5,0.375,28.33333333333333,2,4,0.5,0,0,0.0,0,0,0.0,2,4,6,2,2,0,1,0,3,1,4,-15,15.2,0,0,14.0,1,2016-17,3.5,83.0,80.4,80.4,114.5,105.3,105.3,-31.5,-24.9,-24.9,0.143,1.0,25.0,0.0,0.167,0.0,25.0,25.0,0.5,0.5,0.097,0.103,90.3,95.72,79.76,95.72,0.049,56,0.3,0.5,Arinze Onuaku
203382,Aron,1610612765,DET,30.0,75,34,41,0.453,1162.545,143,279,0.513,0,0,0.0,79,94,0.84,111,222,333,32,50,17,39,21,166,124,365,137,930.6,2,0,842.0,1,2016-17,15.5,103.7,103.0,103.0,98.5,97.1,97.1,5.2,5.9,5.9,0.039,0.64,7.9,0.093,0.183,0.138,12.4,12.4,0.513,0.57,0.139,0.143,97.22,98.25,81.87,98.25,0.085,2378,1.9,3.7,Aron Baynes
201167,Arron,1610612758,SAC,31.0,61,23,38,0.377,1579.815,185,420,0.44,62,151,0.411,83,93,0.892,9,116,125,78,42,21,6,27,104,84,515,-247,821.0,0,0,834.0,1,2016-17,25.9,104.4,104.8,104.8,112.1,113.2,113.2,-7.7,-8.5,-8.5,0.077,1.86,13.5,0.006,0.077,0.042,7.3,7.2,0.514,0.559,0.143,0.147,96.17,95.56,79.63,95.56,0.058,3154,3.0,6.9,Arron Afflalo
203085,Austin,1610612746,LAC,24.0,74,43,31,0.581,2053.6983333333333,323,731,0.442,111,299,0.371,132,191,0.691,20,141,161,204,115,48,10,47,187,165,889,-6,1447.2,0,0,1481.0,1,2016-17,27.8,107.9,108.0,108.0,108.0,108.1,108.1,-0.1,-0.1,-0.1,0.155,1.77,18.0,0.01,0.068,0.039,10.2,10.1,0.518,0.545,0.198,0.203,98.19,98.12,81.76,98.12,0.068,4197,4.4,9.9,Austin Rivers
202340,Avery,1610612738,BOS,26.0,55,34,21,0.618,1834.49,359,775,0.463,108,277,0.39,68,93,0.731,65,269,334,122,88,68,11,60,141,74,894,72,1626.8,10,0,1616.0,1,2016-17,33.4,108.7,110.4,110.4,107.5,108.7,108.7,1.2,1.7,1.7,0.107,1.39,11.9,0.035,0.143,0.09,8.6,8.6,0.533,0.548,0.215,0.218,99.24,97.9,81.58,97.9,0.099,3745,6.5,14.1,Avery Bradley
1626253,Axel,1610612740,NOP,24.0,4,2,2,0.5,47.46333333333333,5,9,0.556,1,4,0.25,0,0,0.0,0,1,1,0,0,1,1,0,6,2,11,-11,18.2,0,0,17.0,2,2016-17,11.9,96.7,95.9,95.9,103.5,108.3,108.3,-6.8,-12.5,-12.5,0.0,0.0,0.0,0.0,0.0,0.0,0.0,0.0,0.611,0.611,0.084,0.086,99.43,97.59,81.33,97.59,0.02,97,1.3,2.3,Axel Toupane
1627791,Ben,1610612742,DAL,22.0,3,2,1,0.667,9.866666666666667,0,3,0.0,0,1,0.0,0,0,0.0,0,2,2,0,1,0,0,0,1,1,0,-12,1.4,0,0,2.0,1,2016-17,3.3,91.5,79.2,79.2,135.5,134.8,134.8,-44.0,-55.6,-55.6,0.0,0.0,0.0,0.0,0.0,0.0,25.0,25.0,0.0,0.0,0.16,0.184,106.15,114.32,95.27,114.32,-0.061,24,0.0,1.0,Ben Bentil
203463,Ben,1610612758,SAC,24.0,61,27,34,0.443,1176.2383333333332,180,419,0.43,65,170,0.382,70,93,0.753,19,110,129,51,62,29,6,22,108,83,495,-135,769.3,1,0,810.0,1,2016-17,19.3,102.0,102.5,102.5,108.5,108.4,108.4,-6.5,-5.9,-5.9,0.068,0.82,9.0,0.017,0.096,0.057,10.9,10.8,0.507,0.538,0.197,0.201,97.04,96.88,80.73,96.88,0.06,2376,3.0,6.9,Ben McLemore
2757,Beno,1610612765,DET,34.0,39,18,21,0.462,560.18,92,197,0.467,11,32,0.344,32,34,0.941,6,51,57,131,36,13,0,15,29,35,227,86,494.9,0,0,452.0,1,2016-17,14.4,103.3,103.8,103.8,97.9,97.2,97.2,5.4,6.6,6.6,0.364,3.64,34.7,0.011,0.089,0.051,9.5,9.5,0.495,0.535,0.195,0.201,95.46,95.54,79.62,95.54,0.13,1121,2.4,5.1,Beno Udrih
202687,Bismack,1610612753,ORL,24.0,81,29,52,0.358,1793.415,179,339,0.528,0,0,0.0,125,234,0.534,157,410,567,74,95,25,91,44,202,205,483,-346,1527.4,10,0,1356.0,1,2016-17,22.1,98.8,100.3,100.3,108.2,108.9,108.9,-9.4,-8.6,-8.6,0.065,0.78,12.1,0.083,0.227,0.153,15.5,15.5,0.528,0.546,0.134,0.135,96.82,95.79,79.83,95.79,0.087,3561,2.2,4.2,Bismack Biyombo
201933,Blake,1610612746,LAC,28.0,61,40,21,0.656,2076.1766666666667,479,971,0.493,38,113,0.336,320,421,0.76,112,385,497,300,142,57,22,36,157,363,1316,442,2457.4,19,1,2309.0,1,2016-17,34.0,115.2,116.7,116.7,104.6,106.2,106.2,10.6,10.5,10.5,0.235,2.11,18.8,0.057,0.181,0.122,8.9,8.9,0.513,0.569,0.276,0.278,98.72,97.3,81.08,97.3,0.152,4208,7.9,15.9,Blake Griffin
1626246,Boban,1610612765,DET,28.0,35,16,19,0.457,293.27,72,132,0.545,0,0,0.0,47,58,0.81,46,84,130,9,10,6,12,11,25,52,191,32,404.5,5,0,366.0,1,2016-17,8.4,104.3,105.0,105.0,102.4,100.2,100.2,1.9,4.8,4.8,0.054,0.9,5.2,0.145,0.285,0.212,5.7,5.7,0.545,0.606,0.239,0.248,97.19,97.96,81.63,97.96,0.196,600,2.1,3.8,Boban Marjanovic
201628,Bobby,1610612745,HOU,32.0,25,18,7,0.72,123.03,23,60,0.383,14,35,0.4,2,2,1.0,0,6,6,14,5,1,0,1,5,2,62,-34,88.2,0,0,98.0,1,2016-17,4.9,105.0,99.6,99.6,117.0,115.4,115.4,-12.1,-15.7,-15.7,0.175,2.8,17.5,0.0,0.044,0.023,6.3,6.3,0.5,0.509,0.219,0.234,102.26,105.73,88.11,105.73,0.069,275,0.9,2.4,Bobby Brown
1626171,Bobby,1610612741,CHI,22.0,64,30,34,0.469,1000.4516666666668,183,375,0.488,32,96,0.333,39,59,0.661,75,221,296,35,37,16,11,23,94,44,437,-80,888.7,5,0,854.0,1,2016-17,15.6,101.7,102.4,102.4,106.0,105.9,105.9,-4.3,-3.4,-3.4,0.059,0.95,7.4,0.07,0.22,0.142,7.8,7.8,0.531,0.545,0.19,0.193,97.37,97.11,80.92,97.11,0.11,2019,2.9,5.9,Bobby Portis
202711,Bojan,1610612764,WAS,28.0,81,23,58,0.284,2082.855,376,845,0.445,144,392,0.367,217,243,0.893,37,240,277,111,131,34,7,70,146,170,1113,-264,1603.9,0,0,1727.0,2,2016-17,25.7,103.2,104.1,104.1,110.2,110.9,110.9,-7.0,-6.8,-6.8,0.086,0.85,9.4,0.018,0.111,0.065,11.1,11.0,0.53,0.585,0.219,0.224,102.74,102.01,85.01,102.01,0.091,4443,4.6,10.4,Bojan Bogdanovic
2564,Boris,1610612762,UTA,35.0,73,45,28,0.616,1282.6933333333334,146,327,0.446,20,81,0.247,26,35,0.743,46,112,158,170,87,18,9,8,83,56,338,20,776.6,0,0,740.0,1,2016-17,17.6,106.0,104.9,104.9,103.6,104.8,104.8,2.4,0.0,0.0,0.207,1.95,28.4,0.039,0.09,0.065,14.5,14.5,0.477,0.494,0.154,0.158,93.09,93.03,77.52,93.03,0.071,2495,2.0,4.5,Boris Diaw
203078,Bradley,1610612764,WAS,24.0,77,48,29,0.623,2684.0133333333333,637,1322,0.482,223,552,0.404,282,342,0.825,53,187,240,267,156,83,21,60,169,283,1779,334,2623.5,1,0,2717.0,1,2016-17,34.9,112.1,113.5,113.5,106.5,107.9,107.9,5.6,5.6,5.6,0.154,1.71,14.2,0.02,0.07,0.045,8.3,8.2,0.566,0.604,0.258,0.263,100.11,98.84,82.37,98.84,0.119,5538,8.3,17.2,Bradley Beal
201148,Brandan,1610612763,MEM,29.0,28,14,14,0.5,446.875,83,135,0.615,0,1,0.0,23,35,0.657,31,47,78,15,10,11,20,11,42,36,189,35,388.1,0,0,344.0,1,2016-17,16.0,106.1,106.1,106.1,102.3,102.1,102.1,3.9,4.0,4.0,0.06,1.5,8.6,0.069,0.101,0.085,5.7,5.7,0.615,0.628,0.161,0.166,93.54,93.66,78.05,93.66,0.116,872,3.0,4.8,Brandan Wright
101138,Brandon,1610612746,LAC,32.0,52,29,23,0.558,576.865,107,186,0.575,1,3,0.333,77,88,0.875,43,86,129,21,29,14,11,16,45,68,292,-145,524.3,0,0,493.0,1,2016-17,11.1,103.5,102.0,102.0,116.8,114.5,114.5,-13.3,-12.5,-12.5,0.063,0.72,7.7,0.076,0.15,0.113,10.6,10.6,0.578,0.65,0.192,0.2,96.51,98.19,81.82,98.19,0.122,1181,2.1,3.6,Brandon Bass
1627742,Brandon,1610612747,LAL,19.0,79,26,53,0.329,2279.2616666666668,276,686,0.402,55,187,0.294,133,214,0.621,60,256,316,166,116,50,36,50,158,192,740,-383,1510.2,0,0,1449.0,1,2016-17,28.9,104.6,105.7,105.7,112.6,112.9,112.9,-8.1,-7.2,-7.2,0.105,1.43,15.7,0.025,0.114,0.068,10.9,10.9,0.442,0.474,0.166,0.169,100.44,99.79,83.16,99.79,0.055,4720,3.5,8.7,Brandon Ingram
201943,Brandon,1610612764,WAS,27.0,81,37,44,0.457,1801.48,192,535,0.359,79,252,0.313,114,152,0.75,29,167,196,395,128,70,4,17,116,140,577,-63,1498.7,3,0,1395.0,2,2016-17,22.2,105.1,106.6,106.6,108.0,108.6,108.6,-2.9,-2.0,-2.0,0.308,3.09,35.1,0.015,0.089,0.052,11.4,11.4,0.433,0.479,0.172,0.175,99.84,98.85,82.38,98.85,0.089,3716,2.4,6.6,Brandon Jennings
202688,Brandon,1610612756,PHX,25.0,54,16,38,0.296,1139.7883333333334,209,525,0.398,45,139,0.324,132,154,0.857,25,93,118,130,88,27,5,29,87,141,595,-326,939.6,0,0,952.0,1,2016-17,21.1,98.8,99.0,99.0,110.9,112.6,112.6,-12.1,-13.6,-13.6,0.194,1.48,16.0,0.02,0.082,0.05,10.9,10.9,0.441,0.502,0.248,0.253,102.72,101.83,84.86,101.83,0.088,2419,3.9,9.7,Brandon Knight
201575,Brandon,1610612750,MIN,31.0,47,15,32,0.319,1029.905,70,187,0.374,44,114,0.386,13,18,0.722,16,83,99,45,28,22,23,9,42,19,197,-40,490.3,0,0,475.0,1,2016-17,21.9,108.9,109.2,109.2,109.8,111.3,111.3,-0.8,-2.1,-2.1,0.058,1.61,16.7,0.017,0.081,0.05,10.4,10.5,0.492,0.505,0.097,0.097,96.75,95.94,79.95,95.94,0.043,2060,1.5,4.0,Brandon Rush
203148,Brian,1610612766,CHA,31.0,41,16,25,0.39,416.27166666666665,46,122,0.377,17,44,0.386,33,39,0.846,5,34,39,52,26,9,1,10,18,34,142,-58,270.8,0,0,270.0,1,2016-17,10.2,99.0,97.1,97.1,106.0,104.8,104.8,-7.0,-7.7,-7.7,0.214,2.0,23.9,0.012,0.084,0.048,11.9,12.0,0.447,0.51,0.181,0.186,94.48,95.94,79.95,95.94,0.077,835,1.1,3.0,Brian Roberts
1627362,Briante,1610612766,CHA,24.0,20,12,8,0.6,204.97166666666664,25,60,0.417,1,10,0.1,11,16,0.688,8,18,26,21,8,12,1,2,16,14,62,-50,155.7,0,0,136.0,2,2016-17,10.2,102.3,100.0,100.0,113.2,112.9,112.9,-10.8,-12.9,-12.9,0.168,2.63,21.9,0.037,0.107,0.068,8.3,8.3,0.425,0.462,0.167,0.173,91.23,92.38,76.99,92.38,0.072,395,1.3,3.0,Briante Weber
1627744,Brice,1610612746,LAC,23.0,3,1,2,0.333,9.216666666666669,2,7,0.286,0,0,0.0,0,0,0.0,1,2,3,1,1,2,1,1,0,0,4,7,17.1,0,0,14.0,1,2016-17,3.1,123.9,110.0,110.0,78.9,75.0,75.0,44.9,35.0,35.0,0.167,1.0,11.1,0.0,0.0,0.0,11.1,11.1,0.286,0.286,0.348,0.385,95.72,104.16,86.8,104.16,0.108,20,0.7,2.3,Brice Johnson
201572,Brook,1610612751,BKN,29.0,75,20,55,0.267,2222.0316666666668,555,1172,0.474,134,387,0.346,295,364,0.81,121,282,403,176,184,38,124,50,192,297,1539,-156,2588.6,2,0,2576.0,1,2016-17,29.6,103.4,104.7,104.7,107.6,108.5,108.5,-4.2,-3.8,-3.8,0.143,0.96,10.5,0.053,0.116,0.085,10.9,10.9,0.531,0.578,0.286,0.29,104.04,102.95,85.8,102.95,0.124,4778,7.4,15.6,Brook Lopez
203998,Bruno,1610612761,TOR,21.0,9,8,1,0.889,40.29833333333333,6,16,0.375,2,6,0.333,0,0,0.0,5,5,10,4,2,2,1,1,4,0,14,1,39.0,0,0,36.0,1,2016-17,4.5,97.5,88.4,88.4,91.2,91.5,91.5,6.2,-3.1,-3.1,0.154,2.0,18.2,0.1,0.125,0.111,9.1,9.1,0.438,0.438,0.175,0.192,95.38,100.05,83.38,100.05,0.094,86,0.7,1.8,Bruno Caboclo
1627854,Bryn,1610612759,SAS,23.0,36,24,12,0.667,284.895,36,99,0.364,17,53,0.321,5,6,0.833,2,21,23,23,11,1,0,3,20,4,94,-51,148.1,0,0,159.0,1,2016-17,7.9,94.2,92.1,92.1,102.9,101.7,101.7,-8.7,-9.7,-9.7,0.146,2.09,17.0,0.006,0.072,0.038,8.1,8.1,0.449,0.462,0.172,0.181,95.83,97.47,81.22,97.47,0.048,581,1.0,2.8,Bryn Forbes
1627741,Buddy,1610612758,SAC,24.0,82,31,51,0.378,1888.1833333333332,327,767,0.426,148,379,0.391,64,76,0.842,35,234,269,121,101,38,9,44,115,62,866,-212,1410.3,0,0,1498.0,2,2016-17,23.0,102.0,102.0,102.0,107.5,107.9,107.9,-5.5,-5.8,-5.8,0.101,1.2,11.9,0.018,0.12,0.07,9.9,9.9,0.523,0.541,0.209,0.214,98.91,98.76,82.3,98.76,0.084,3892,4.0,9.4,Buddy Hield
201228,C.J.,1610612753,ORL,33.0,62,20,42,0.323,1012.5,96,248,0.387,32,105,0.305,57,66,0.864,16,73,89,114,47,43,2,10,84,73,281,-186,646.8,0,0,606.0,1,2016-17,16.3,97.5,98.5,98.5,107.5,107.0,107.0,-9.9,-8.5,-8.5,0.174,2.43,26.1,0.015,0.075,0.043,10.8,10.7,0.452,0.507,0.139,0.142,98.51,98.23,81.86,98.23,0.063,2067,1.5,4.0,C.J. Watson
203912,C.J.,1610612753,ORL,26.0,22,8,14,0.364,107.73,8,31,0.258,3,15,0.2,2,2,1.0,4,8,12,12,6,2,1,0,8,7,21,-17,56.4,0,0,54.0,1,2016-17,4.9,96.0,95.5,95.5,109.1,104.1,104.1,-13.1,-8.6,-8.6,0.174,2.0,24.0,0.03,0.081,0.052,12.0,12.0,0.306,0.329,0.143,0.149,96.43,98.91,82.43,98.91,0.022,223,0.4,1.4,C.J. Wilcox
203468,CJ,1610612757,POR,25.0,80,40,40,0.5,2795.58,692,1441,0.48,185,439,0.421,268,294,0.912,60,229,289,285,172,72,42,76,202,232,1837,61,2781.3,1,0,2824.0,1,2016-17,34.9,109.0,109.6,109.6,107.9,108.9,108.9,1.2,0.7,0.7,0.175,1.66,14.1,0.021,0.08,0.051,8.5,8.5,0.544,0.585,0.268,0.274,99.29,98.58,82.15,98.58,0.125,5750,8.7,18.0,CJ McCollum
101139,CJ,1610612754,IND,30.0,76,39,37,0.513,1776.3516666666667,281,647,0.434,169,409,0.413,84,93,0.903,30,199,229,48,40,46,25,22,151,85,815,76,1334.8,0,0,1403.0,1,2016-17,23.4,106.9,107.7,107.7,105.9,106.0,106.0,0.9,1.7,1.7,0.041,1.2,6.2,0.017,0.114,0.065,5.2,5.2,0.565,0.592,0.179,0.183,97.77,97.35,81.12,97.35,0.086,3609,3.7,8.5,CJ Miles
1626166,Cameron,1610612741,CHI,22.0,31,16,15,0.516,462.06,64,193,0.332,27,86,0.314,5,8,0.625,3,45,48,55,29,14,4,8,52,19,160,-69,325.1,0,0,326.0,2,2016-17,14.9,95.9,97.1,97.1,104.5,103.2,103.2,-8.6,-6.1,-6.1,0.195,1.9,19.6,0.006,0.098,0.05,10.3,10.3,0.402,0.407,0.212,0.215,98.89,98.84,82.37,98.84,0.041,946,2.1,6.2,Cameron Payne
1627747,Caris,1610612751,BKN,22.0,57,15,42,0.263,1236.8666666666666,171,380,0.45,59,184,0.321,67,93,0.72,23,165,188,110,59,49,8,14,91,86,468,-92,970.6,0,0,939.0,1,2016-17,21.7,105.0,104.7,104.7,107.6,107.9,107.9,-2.7,-3.2,-3.2,0.132,1.86,18.6,0.018,0.124,0.071,10.0,10.0,0.528,0.556,0.161,0.164,104.53,104.53,87.11,104.53,0.086,2691,3.0,6.7,Caris LeVert
2546,Carmelo,1610612752,NYK,33.0,74,29,45,0.392,2538.08,602,1389,0.433,151,421,0.359,304,365,0.833,62,376,438,213,153,60,34,38,198,277,1659,-233,2633.1,7,0,2649.0,1,2016-17,34.3,106.1,107.8,107.8,111.1,112.7,112.7,-5.1,-4.8,-4.8,0.141,1.39,11.2,0.023,0.143,0.082,8.0,8.0,0.488,0.535,0.286,0.29,98.51,97.04,80.86,97.04,0.118,5138,8.1,18.8,Carmelo Anthony
202718,Chandler,1610612763,MEM,28.0,34,18,16,0.529,674.675,75,222,0.338,25,93,0.269,35,43,0.814,6,78,84,55,24,20,5,15,52,37,210,-47,444.3,0,0,424.0,1,2016-17,19.8,104.0,103.5,103.5,107.6,108.1,108.1,-3.6,-4.5,-4.5,0.122,2.29,17.2,0.009,0.128,0.067,7.5,7.5,0.394,0.436,0.181,0.184,94.03,94.05,78.38,94.05,0.056,1328,2.2,6.5,Chandler Parsons
101112,Channing,1610612739,CLE,34.0,74,44,30,0.595,1397.8316666666667,238,520,0.458,137,335,0.409,63,74,0.851,37,253,290,45,53,33,37,9,138,87,676,59,1248.5,2,0,1288.0,1,2016-17,18.9,110.1,110.5,110.5,109.0,109.3,109.3,1.0,1.2,1.2,0.05,0.85,6.9,0.027,0.172,0.103,8.1,8.1,0.589,0.612,0.193,0.196,98.15,97.81,81.51,97.81,0.101,2860,3.2,7.0,Channing Frye
1626184,Chasson,1610612752,NYK,24.0,26,8,18,0.308,299.0416666666667,40,98,0.408,16,47,0.34,41,43,0.953,6,26,32,34,19,9,2,9,39,37,137,-10,240.4,0,0,241.0,2,2016-17,11.5,106.2,107.2,107.2,109.6,106.4,106.4,-3.4,0.8,0.8,0.173,1.79,20.1,0.02,0.086,0.053,11.2,11.2,0.49,0.586,0.193,0.197,98.49,99.52,82.93,99.52,0.084,613,1.5,3.8,Chasson Randle
1627767,Cheick,1610612740,NOP,20.0,17,9,8,0.529,198.655,36,76,0.474,0,0,0.0,15,21,0.714,23,50,73,4,7,4,7,3,17,15,87,-53,206.6,3,0,186.0,1,2016-17,11.7,101.5,99.8,99.8,110.9,111.9,111.9,-9.4,-12.1,-12.1,0.031,0.57,4.1,0.106,0.254,0.176,7.2,7.3,0.474,0.51,0.198,0.203,101.07,101.48,84.57,101.48,0.113,419,2.1,4.5,Cheick Diallo
1627778,Chinanu,1610612745,HOU,20.0,5,2,3,0.4,51.6,5,7,0.714,0,0,0.0,4,4,1.0,2,8,10,3,4,3,1,0,6,2,14,-45,38.5,0,0,35.0,1,2016-17,10.3,98.6,95.6,95.6,140.0,136.6,136.6,-41.4,-41.0,-41.0,0.086,0.75,18.8,0.042,0.163,0.103,25.0,25.4,0.714,0.799,0.105,0.108,101.79,104.65,87.21,104.65,0.072,113,1.0,1.4,Chinanu Onuaku
2365,Chris,1610612739,CLE,38.0,12,8,4,0.667,113.79333333333334,9,22,0.409,0,3,0.0,10,14,0.714,9,22,31,5,5,5,7,2,20,10,28,8,103.7,0,0,88.0,1,2016-17,9.5,112.7,111.3,111.3,108.4,107.3,107.3,4.3,3.9,3.9,0.063,1.0,12.8,0.088,0.172,0.135,12.8,13.1,0.409,0.497,0.134,0.136,96.5,97.65,81.38,97.65,0.063,231,0.8,1.8,Chris Andersen
1626191,Chris,1610612764,WAS,22.0,16,1,15,0.063,80.45333333333333,16,32,0.5,1,7,0.143,3,5,0.6,9,10,19,2,3,2,2,3,7,3,36,50,70.8,0,0,66.0,2,2016-17,5.0,122.2,120.9,120.9,95.4,91.3,91.3,26.8,29.6,29.6,0.036,0.67,5.1,0.115,0.118,0.117,7.7,7.7,0.516,0.526,0.189,0.198,100.2,102.92,85.76,102.92,0.085,172,1.0,2.0,Chris McCullough
101108,Chris,1610612746,LAC,32.0,61,43,18,0.705,1920.8233333333333,374,785,0.476,124,302,0.411,232,260,0.892,40,264,304,563,147,119,8,14,146,225,1104,579,2547.3,24,1,2349.0,1,2016-17,31.5,116.2,117.3,117.3,101.3,102.8,102.8,14.9,14.4,14.4,0.444,3.83,35.1,0.022,0.132,0.08,9.2,9.1,0.555,0.614,0.239,0.243,98.18,96.97,80.81,96.97,0.182,3889,6.1,12.9,Chris Paul
1626174,Christian,1610612766,CHA,21.0,13,5,8,0.385,106.98166666666668,12,23,0.522,0,5,0.0,11,15,0.733,14,15,29,2,7,3,6,2,11,17,35,19,92.8,0,0,84.0,1,2016-17,8.2,103.1,102.8,102.8,97.6,95.3,95.3,5.5,7.5,7.5,0.031,0.29,5.1,0.128,0.128,0.128,17.9,18.1,0.522,0.591,0.15,0.153,94.08,95.34,79.45,95.34,0.093,214,0.9,1.8,Christian Wood
203991,Clint,1610612745,HOU,23.0,65,44,21,0.677,1551.3016666666667,362,563,0.643,0,0,0.0,94,177,0.531,178,348,526,63,87,34,79,58,179,136,818,215,1795.7,15,0,1633.0,1,2016-17,23.9,113.7,114.9,114.9,106.0,107.5,107.5,7.8,7.4,7.4,0.066,0.72,8.0,0.113,0.222,0.167,11.0,11.0,0.643,0.638,0.199,0.201,101.21,99.99,83.32,99.99,0.13,3220,5.6,8.7,Clint Capela
203469,Cody,1610612766,CHA,24.0,62,33,29,0.532,1725.4716666666666,253,443,0.571,0,1,0.0,133,196,0.679,135,270,405,99,65,62,58,55,189,160,639,210,1568.5,6,0,1383.0,1,2016-17,27.8,108.4,110.0,110.0,102.9,104.1,104.1,5.4,6.0,6.0,0.087,1.52,14.3,0.076,0.157,0.116,9.4,9.4,0.571,0.604,0.153,0.154,97.57,96.29,80.24,96.29,0.096,3463,4.1,7.1,Cody Zeller
202332,Cole,1610612750,MIN,28.0,62,23,39,0.371,531.045,45,86,0.523,0,0,0.0,15,22,0.682,51,107,158,25,17,25,23,7,85,26,105,-30,459.1,1,0,384.0,1,2016-17,8.6,107.3,105.5,105.5,107.4,107.1,107.1,-0.1,-1.6,-1.6,0.063,1.47,18.2,0.098,0.212,0.154,12.4,12.3,0.523,0.549,0.091,0.094,97.4,98.34,81.95,98.34,0.076,1082,0.7,1.4,Cole Aldrich
201147,Corey,1610612747,LAL,31.0,82,47,35,0.573,1281.2166666666667,147,348,0.422,27,118,0.229,50,68,0.735,32,134,166,97,55,61,20,28,133,70,371,71,903.7,0,0,823.0,2,2016-17,15.6,107.5,108.8,108.8,104.6,104.6,104.6,3.0,4.2,4.2,0.104,1.76,18.3,0.024,0.104,0.063,10.4,10.4,0.461,0.491,0.143,0.145,101.25,100.67,83.89,100.67,0.057,2668,1.8,4.2,Corey Brewer
202709,Cory,1610612761,TOR,25.0,80,49,31,0.613,2002.7233333333331,299,661,0.452,48,135,0.356,94,122,0.77,51,184,235,265,108,66,13,41,140,157,740,43,1548.5,1,0,1446.0,1,2016-17,25.0,108.7,108.8,108.8,106.8,107.8,107.8,2.0,1.1,1.1,0.2,2.45,24.4,0.025,0.092,0.058,9.9,9.9,0.489,0.518,0.179,0.183,97.43,96.95,80.79,96.95,0.089,4045,3.7,8.3,Cory Joseph
201584,Courtney,1610612752,NYK,31.0,77,29,48,0.377,2459.4133333333334,321,704,0.456,108,269,0.401,85,98,0.867,53,206,259,179,69,81,24,22,141,75,835,-233,1660.3,0,0,1591.0,1,2016-17,31.9,105.8,107.4,107.4,110.8,112.1,112.1,-4.9,-4.7,-4.7,0.104,2.59,18.0,0.021,0.082,0.051,6.9,6.9,0.533,0.559,0.144,0.145,97.87,96.57,80.47,96.57,0.077,4948,4.2,9.1,Courtney Lee
1626245,Cristiano,1610612741,CHI,24.0,66,31,35,0.47,1040.0733333333333,128,221,0.579,0,0,0.0,60,93,0.645,124,187,311,40,33,25,17,18,110,72,316,-34,842.2,3,0,751.0,1,2016-17,15.8,102.9,103.5,103.5,103.0,104.1,104.1,-0.1,-0.7,-0.7,0.061,1.21,11.9,0.114,0.176,0.145,9.8,9.9,0.579,0.603,0.124,0.126,97.26,96.43,80.36,96.43,0.1,2080,1.9,3.3,Cristiano Felicio
1626156,D'Angelo,1610612747,LAL,21.0,63,21,42,0.333,1810.5783333333331,351,867,0.405,135,384,0.352,147,188,0.782,31,190,221,303,176,87,16,38,130,146,984,-357,1836.7,2,0,1849.0,1,2016-17,28.7,104.7,105.2,105.2,113.4,114.3,114.3,-8.7,-9.1,-9.1,0.269,1.72,21.2,0.016,0.108,0.06,12.3,12.3,0.483,0.518,0.264,0.267,100.87,100.24,83.53,100.24,0.099,3775,5.6,13.8,D'Angelo Russell
201571,D.J.,1610612753,ORL,29.0,78,29,49,0.372,1538.255,195,517,0.377,95,274,0.347,131,161,0.814,15,102,117,209,90,31,1,35,101,142,616,-444,1075.9,0,0,1101.0,1,2016-17,19.7,94.6,95.5,95.5,109.6,110.1,110.1,-15.1,-14.6,-14.6,0.237,2.32,23.7,0.009,0.067,0.037,10.2,10.1,0.469,0.524,0.194,0.199,97.39,96.65,80.55,96.65,0.08,3101,2.5,6.6,D.J. Augustin
2563,Dahntay,1610612739,CLE,36.0,1,0,1,0.0,12.0,3,8,0.375,0,2,0.0,3,4,0.75,1,1,2,1,1,0,0,1,1,3,9,2,11.9,0,0,12.0,1,2016-17,12.0,113.8,125.0,125.0,109.5,109.5,109.5,4.3,15.5,15.5,0.2,1.0,9.1,0.0,0.077,0.0,9.1,8.5,0.375,0.461,0.417,0.414,85.92,82.0,68.33,82.0,0.076,20,3.0,8.0,Dahntay Jones
1627745,Damian,1610612744,GSW,22.0,10,7,3,0.7,85.08333333333333,8,16,0.5,0,0,0.0,3,10,0.3,9,14,23,0,6,1,4,1,15,6,19,-28,55.6,0,0,52.0,1,2016-17,8.5,91.8,89.1,89.1,106.7,106.4,106.4,-14.9,-17.2,-17.2,0.0,0.0,0.0,0.101,0.192,0.142,22.2,22.7,0.5,0.466,0.135,0.138,96.61,98.16,81.8,98.16,0.016,175,0.8,1.6,Damian Jones
203081,Damian,1610612757,POR,26.0,75,38,37,0.507,2693.075,661,1488,0.444,214,579,0.37,488,545,0.895,46,322,368,440,197,68,20,100,152,419,2024,80,3192.6,11,0,3222.0,1,2016-17,35.9,110.1,111.8,111.8,108.9,110.4,110.4,1.2,1.4,1.4,0.277,2.23,18.8,0.017,0.118,0.067,8.4,8.3,0.516,0.586,0.304,0.309,99.7,98.21,81.84,98.21,0.159,5511,8.8,19.8,Damian Lillard
204014,Damjan,1610612753,ORL,31.0,45,12,33,0.267,313.56,31,88,0.352,20,64,0.313,0,0,0.0,5,20,25,20,9,12,1,1,31,5,82,-76,172.0,0,0,173.0,1,2016-17,7.0,94.8,95.0,95.0,112.1,107.2,107.2,-17.4,-12.2,-12.2,0.101,2.22,17.1,0.014,0.071,0.04,7.7,7.7,0.466,0.466,0.134,0.138,96.25,98.28,81.9,98.28,0.036,643,0.7,2.0,Damjan Rudez
1627849,Daniel,1610612764,WAS,23.0,19,12,7,0.632,74.90333333333334,12,27,0.444,0,0,0.0,0,2,0.0,5,17,22,3,3,2,0,4,17,3,24,-30,57.9,0,0,53.0,1,2016-17,3.9,98.9,94.2,94.2,119.4,115.1,115.1,-20.5,-21.0,-21.0,0.07,1.0,8.8,0.065,0.258,0.154,8.8,8.9,0.444,0.43,0.177,0.19,93.95,98.05,81.71,98.05,0.045,154,0.6,1.4,Daniel Ochefu
201568,Danilo,1610612743,DEN,28.0,63,31,32,0.492,2134.0066666666667,335,750,0.447,126,324,0.389,349,387,0.902,39,286,325,135,82,40,15,27,93,288,1145,159,1820.5,4,0,1841.0,1,2016-17,33.9,112.1,113.9,113.9,109.4,110.5,110.5,2.7,3.4,3.4,0.09,1.65,11.9,0.018,0.13,0.075,7.2,7.2,0.531,0.622,0.198,0.2,100.53,99.27,82.73,99.27,0.114,4417,5.3,11.9,Danilo Gallinari
201980,Danny,1610612759,SAS,30.0,68,51,17,0.75,1806.825,176,449,0.392,118,311,0.379,27,32,0.844,31,193,224,124,76,70,57,13,120,43,497,268,1256.8,0,0,1217.0,1,2016-17,26.6,108.9,109.7,109.7,101.1,101.7,101.7,7.8,8.0,8.0,0.097,1.63,18.7,0.018,0.104,0.062,11.4,11.5,0.523,0.537,0.135,0.137,94.47,93.9,78.25,93.9,0.069,3528,2.6,6.6,Danny Green
201967,Dante,1610612740,NOP,30.0,66,28,38,0.424,1648.5783333333334,174,359,0.485,71,181,0.392,16,27,0.593,56,221,277,37,28,39,28,19,100,29,435,-52,995.9,0,0,954.0,1,2016-17,25.0,105.9,105.8,105.8,106.2,106.6,106.6,-0.3,-0.7,-0.7,0.031,1.32,8.5,0.034,0.129,0.082,6.4,6.4,0.584,0.586,0.107,0.108,99.77,99.59,82.99,99.59,0.068,3408,2.6,5.4,Dante Cunningham
203957,Dante,1610612762,UTA,21.0,66,40,26,0.606,1227.7616666666668,155,363,0.427,44,149,0.295,58,73,0.795,30,102,132,111,80,21,12,29,146,94,412,-1,755.9,0,0,765.0,1,2016-17,18.6,103.6,102.7,102.7,101.6,102.1,102.1,2.0,0.6,0.6,0.144,1.39,18.9,0.026,0.082,0.055,13.7,13.6,0.488,0.521,0.176,0.181,94.41,94.55,78.79,94.55,0.054,2411,2.3,5.5,Dante Exum
1627863,Danuel,1610612764,WAS,24.0,1,0,1,0.0,0.8266666666666667,0,0,0.0,0,0,0.0,0,0,0.0,0,1,1,0,0,0,0,0,0,0,0,0,1.2,0,0,1.0,1,2016-17,0.8,0.0,0.0,0.0,0.0,0.0,0.0,0.0,0.0,0.0,0.0,0.0,0.0,0.0,0.0,0.0,0.0,0.0,0.0,0.0,0.0,0.0,58.06,87.1,72.58,87.1,0.0,1,0.0,0.0,Danuel House Jr.
203967,Dario,1610612755,PHI,23.0,81,28,53,0.346,2129.023333333333,381,927,0.411,106,341,0.311,172,220,0.782,112,401,513,182,183,57,30,76,162,194,1040,-307,2006.6,10,0,2015.0,1,2016-17,26.3,99.7,100.6,100.6,106.9,106.8,106.8,-7.2,-6.2,-6.2,0.145,0.99,13.1,0.051,0.183,0.117,13.2,13.2,0.468,0.508,0.24,0.244,101.53,101.06,84.22,101.06,0.103,4468,4.7,11.4,Dario Saric
201589,Darrell,1610612743,DEN,29.0,41,20,21,0.488,638.54,95,215,0.442,53,117,0.453,19,22,0.864,25,87,112,42,36,19,21,5,76,22,262,-23,543.4,0,0,549.0,1,2016-17,15.6,108.4,108.2,108.2,108.8,109.7,109.7,-0.4,-1.5,-1.5,0.099,1.17,13.9,0.038,0.133,0.086,11.9,11.9,0.565,0.583,0.176,0.18,99.86,99.56,82.97,99.56,0.077,1323,2.3,5.2,Darrell Arthur
201954,Darren,1610612758,SAC,29.0,68,26,42,0.382,2063.32,340,714,0.476,73,175,0.417,147,171,0.86,23,129,152,312,114,67,9,36,119,123,900,-132,1664.4,4,0,1589.0,1,2016-17,30.3,106.1,107.6,107.6,110.4,111.2,111.2,-4.3,-3.6,-3.6,0.243,2.74,25.9,0.012,0.066,0.039,9.5,9.4,0.527,0.57,0.195,0.2,96.24,95.26,79.39,95.26,0.1,4102,5.0,10.5,Darren Collison
1626199,Darrun,1610612765,DET,24.0,39,19,20,0.487,380.9966666666666,47,126,0.373,12,46,0.261,21,28,0.75,2,31,33,33,28,11,2,6,39,28,127,13,227.1,0,0,231.0,1,2016-17,9.8,100.4,100.7,100.7,100.5,100.1,100.1,-0.1,0.5,0.5,0.133,1.18,16.6,0.005,0.082,0.043,14.1,14.0,0.421,0.459,0.191,0.196,96.1,96.19,80.16,96.19,0.039,768,1.2,3.2,Darrun Hilliard
101135,David,1610612759,SAS,34.0,79,58,21,0.734,1476.9583333333333,248,420,0.59,0,0,0.0,80,113,0.708,149,292,441,124,82,31,40,41,125,89,576,315,1422.2,7,0,1283.0,1,2016-17,18.7,110.2,109.8,109.8,99.2,99.5,99.5,11.0,10.3,10.3,0.126,1.51,18.4,0.106,0.189,0.149,12.2,12.1,0.59,0.613,0.161,0.166,98.36,98.36,81.97,98.36,0.126,3028,3.1,5.3,David Lee
1628021,David,1610612747,LAL,24.0,20,5,15,0.25,397.2416666666667,47,81,0.58,1,5,0.2,25,39,0.641,17,46,63,14,11,13,7,9,36,27,120,10,265.6,0,0,238.0,1,2016-17,19.9,102.8,103.3,103.3,100.6,101.9,101.9,2.2,1.3,1.3,0.048,1.27,11.4,0.042,0.114,0.078,8.9,8.9,0.586,0.611,0.118,0.12,100.85,99.99,83.32,99.99,0.076,827,2.4,4.1,David Nwaba
2561,David,1610612744,GSW,36.0,68,56,12,0.824,854.08,135,252,0.536,3,8,0.375,43,56,0.768,47,156,203,151,78,42,48,8,105,73,316,120,978.1,0,0,853.0,1,2016-17,12.6,107.7,107.1,107.1,98.6,98.6,98.6,9.1,8.5,8.5,0.26,1.94,29.8,0.063,0.169,0.121,15.4,15.4,0.542,0.571,0.191,0.194,96.85,97.12,80.93,97.12,0.123,1715,2.0,3.7,David West
202722,Davis,1610612759,SAS,24.0,67,51,16,0.761,807.5583333333333,103,234,0.44,69,173,0.399,28,34,0.824,22,76,98,46,32,20,28,6,75,38,303,116,601.6,0,0,612.0,1,2016-17,12.1,106.0,104.8,104.8,99.7,99.2,99.2,6.3,5.6,5.6,0.084,1.44,14.2,0.027,0.093,0.06,9.8,9.8,0.588,0.609,0.148,0.155,97.88,98.7,82.25,98.7,0.077,1672,1.5,3.5,Davis Bertans
201599,DeAndre,1610612746,LAC,28.0,81,51,30,0.63,2570.305,412,577,0.714,0,2,0.0,205,425,0.482,298,816,1114,96,115,51,134,22,212,336,1029,455,2949.8,41,0,2609.0,1,2016-17,31.7,113.5,114.7,114.7,103.7,105.8,105.8,9.7,8.9,8.9,0.054,0.83,9.8,0.122,0.305,0.217,11.7,11.8,0.714,0.673,0.152,0.153,98.46,97.0,80.83,97.0,0.15,5190,5.1,7.1,DeAndre Jordan
202732,DeAndre,1610612742,DAL,29.0,62,40,22,0.645,776.5633333333334,55,142,0.387,17,46,0.37,25,40,0.625,20,88,108,54,42,47,14,16,81,48,152,53,503.6,0,0,453.0,2,2016-17,12.5,108.2,107.8,107.8,105.4,104.2,104.2,2.8,3.6,3.6,0.097,1.29,21.2,0.026,0.112,0.069,16.5,16.4,0.447,0.476,0.113,0.116,97.12,97.78,81.49,97.78,0.046,1580,0.9,2.3,DeAndre Liggins
1627761,DeAndre',1610612737,ATL,22.0,38,20,18,0.526,370.74,47,98,0.48,1,18,0.056,6,16,0.375,14,45,59,28,16,8,5,17,21,21,101,-47,236.8,0,0,215.0,1,2016-17,9.8,100.1,99.5,99.5,103.4,103.3,103.3,-3.4,-3.8,-3.8,0.123,1.75,18.9,0.037,0.12,0.078,10.8,10.7,0.485,0.481,0.144,0.15,97.0,97.36,81.14,97.36,0.072,743,1.2,2.6,DeAndre' Bembry
201942,DeMar,1610612761,TOR,27.0,74,47,27,0.635,2620.241666666667,721,1545,0.467,33,124,0.266,545,647,0.842,70,316,386,290,180,78,13,91,134,409,2020,147,3011.2,5,0,2911.0,1,2016-17,35.4,110.2,111.3,111.3,107.0,108.7,108.7,3.3,2.5,2.5,0.204,1.61,12.6,0.027,0.119,0.074,7.8,7.8,0.477,0.552,0.337,0.342,97.7,96.43,80.36,96.43,0.155,5270,9.7,20.9,DeMar DeRozan
202326,DeMarcus,1610612740,NOP,26.0,72,30,42,0.417,2465.363333333333,647,1432,0.452,131,363,0.361,517,670,0.772,152,642,794,332,269,100,93,105,278,589,1942,-25,3702.8,46,2,3585.0,2,2016-17,34.2,106.7,108.6,108.6,109.0,109.5,109.5,-2.2,-0.9,-0.9,0.262,1.23,14.4,0.064,0.273,0.167,11.6,11.6,0.498,0.562,0.359,0.364,97.12,96.04,80.04,96.04,0.178,4943,9.0,19.9,DeMarcus Cousins
201960,DeMarre,1610612761,TOR,30.0,72,44,28,0.611,1881.3833333333332,220,550,0.4,109,320,0.341,89,117,0.761,63,212,275,74,54,81,27,28,143,99,638,114,1349.0,2,0,1312.0,1,2016-17,26.1,109.5,110.6,110.6,106.2,107.8,107.8,3.3,2.8,2.8,0.056,1.37,10.1,0.034,0.113,0.074,7.4,7.4,0.499,0.53,0.154,0.156,96.82,95.62,79.69,95.62,0.071,3752,3.1,7.6,DeMarre Carroll
1627749,Dejounte,1610612759,SAS,20.0,38,29,9,0.763,321.4816666666667,50,116,0.431,9,23,0.391,21,30,0.7,6,36,42,48,38,8,6,9,29,25,130,1,256.4,0,0,257.0,1,2016-17,8.5,103.2,100.2,100.2,100.3,100.5,100.5,2.9,-0.3,-0.3,0.236,1.26,22.2,0.02,0.106,0.066,17.6,17.7,0.47,0.503,0.23,0.241,96.05,97.42,81.19,97.42,0.075,654,1.3,3.1,Dejounte Murray
1626153,Delon,1610612761,TOR,25.0,27,19,8,0.704,446.44666666666666,49,116,0.422,10,30,0.333,42,55,0.764,16,32,48,57,25,27,11,13,31,46,150,90,382.1,0,0,341.0,1,2016-17,16.5,104.9,104.9,104.9,96.2,95.7,95.7,8.8,9.2,9.2,0.204,2.28,25.4,0.036,0.073,0.054,11.2,11.3,0.466,0.535,0.163,0.167,94.48,94.78,78.98,94.78,0.105,886,1.8,4.3,Delon Wright
1627743,Demetrius,1610612738,BOS,22.0,5,1,4,0.2,17.013333333333332,3,4,0.75,1,1,1.0,3,6,0.5,2,2,4,3,0,0,0,0,0,4,10,1,19.3,0,0,18.0,1,2016-17,3.4,124.2,105.6,105.6,117.8,108.8,108.8,6.3,-3.3,-3.3,0.3,0.0,30.0,0.0,0.0,0.0,0.0,0.0,0.875,0.753,0.159,0.172,87.46,98.75,82.29,98.75,0.194,36,0.6,0.8,Demetrius Jackson
203471,Dennis,1610612737,ATL,23.0,79,42,37,0.532,2484.8233333333333,548,1214,0.451,100,294,0.34,218,255,0.855,42,206,248,499,258,74,16,112,149,226,1414,-76,2472.1,10,0,2441.0,1,2016-17,31.5,103.4,105.3,105.3,105.4,106.8,106.8,-2.0,-1.5,-1.5,0.34,1.93,24.0,0.017,0.079,0.048,12.4,12.4,0.493,0.533,0.272,0.276,100.32,98.74,82.28,98.74,0.117,5113,6.9,15.4,Dennis Schröder
1627756,Denzel,1610612741,CHI,23.0,57,28,29,0.491,976.5283333333332,102,288,0.354,73,208,0.351,14,18,0.778,11,140,151,63,49,30,7,4,86,18,291,-18,628.7,1,0,652.0,1,2016-17,17.1,103.9,104.0,104.0,104.5,104.8,104.8,-0.5,-0.7,-0.7,0.095,1.29,15.4,0.011,0.143,0.075,12.0,12.0,0.481,0.492,0.153,0.156,97.93,97.74,81.45,97.74,0.058,1987,1.8,5.1,Denzel Valentine
101114,Deron,1610612739,CLE,33.0,64,25,39,0.391,1657.3266666666666,263,600,0.438,85,234,0.363,90,109,0.826,14,133,147,360,138,31,8,23,138,115,701,-93,1396.4,3,0,1371.0,2,2016-17,25.9,104.7,105.1,105.1,107.5,107.5,107.5,-2.8,-2.4,-2.4,0.35,2.61,31.7,0.009,0.086,0.046,12.1,12.0,0.509,0.541,0.219,0.224,94.3,94.11,78.43,94.11,0.1,3243,4.1,9.4,Deron Williams
202324,Derrick,1610612762,UTA,25.0,50,33,17,0.66,1185.611666666667,203,417,0.487,3,10,0.3,67,109,0.615,92,213,305,56,60,45,40,31,103,91,476,57,1121.0,6,0,1010.0,1,2016-17,23.7,105.1,104.2,104.2,102.3,101.5,101.5,2.8,2.6,2.6,0.079,0.93,9.6,0.083,0.185,0.135,10.3,10.3,0.49,0.512,0.204,0.208,92.72,93.52,77.93,93.52,0.108,2308,4.1,8.3,Derrick Favors
1627884,Derrick,1610612756,PHX,20.0,32,7,25,0.219,545.4,68,121,0.562,3,11,0.273,29,41,0.707,39,40,79,12,13,14,13,6,63,32,168,33,348.8,0,0,316.0,1,2016-17,17.0,107.9,108.5,108.5,103.5,104.3,104.3,4.4,4.2,4.2,0.03,0.92,7.3,0.068,0.068,0.068,7.9,7.9,0.574,0.604,0.117,0.117,102.99,102.31,85.26,102.31,0.06,1155,2.1,3.8,Derrick Jones Jr.
201565,Derrick,1610612752,NYK,28.0,64,26,38,0.406,2081.825,460,977,0.471,13,60,0.217,221,253,0.874,66,180,246,283,147,44,17,85,84,187,1154,-165,1909.7,2,0,1818.0,1,2016-17,32.5,107.3,108.8,108.8,111.1,113.0,113.0,-3.9,-4.2,-4.2,0.216,1.93,18.6,0.03,0.082,0.056,9.7,9.7,0.477,0.53,0.254,0.256,99.19,97.69,81.41,97.69,0.112,4243,7.2,15.3,Derrick Rose
202682,Derrick,1610612739,CLE,26.0,50,16,34,0.32,804.315,108,244,0.443,30,97,0.309,58,89,0.652,19,111,130,28,28,14,7,18,60,69,304,-59,537.0,0,0,534.0,2,2016-17,16.1,104.4,103.8,103.8,107.6,108.2,108.2,-3.2,-4.4,-4.4,0.054,1.0,8.2,0.024,0.132,0.079,8.2,8.3,0.504,0.537,0.175,0.177,96.5,96.53,80.44,96.53,0.074,1623,2.2,4.9,Derrick Williams
1626164,Devin,1610612756,PHX,20.0,78,24,54,0.308,2730.5533333333333,606,1431,0.423,147,405,0.363,367,441,0.832,46,203,249,268,241,72,21,91,242,359,1726,-225,2464.8,0,0,2576.0,1,2016-17,35.0,105.6,107.7,107.7,110.0,111.6,111.6,-4.4,-3.9,-3.9,0.16,1.11,12.6,0.016,0.073,0.044,11.3,11.3,0.475,0.531,0.28,0.284,103.61,101.87,84.89,101.87,0.089,5795,7.8,18.3,Devin Booker
2734,Devin,1610612742,DAL,34.0,65,29,36,0.446,1087.16,136,341,0.399,58,177,0.328,107,129,0.829,11,116,127,136,57,43,7,18,101,135,437,39,886.4,0,0,858.0,1,2016-17,16.7,105.5,105.2,105.2,103.4,102.5,102.5,2.1,2.7,2.7,0.197,2.39,23.0,0.01,0.111,0.06,9.6,9.6,0.484,0.549,0.191,0.194,95.45,95.99,79.99,95.99,0.095,2164,2.1,5.2,Devin Harris
203473,Dewayne,1610612759,SAS,27.0,76,55,21,0.724,1329.6883333333333,161,259,0.622,0,0,0.0,65,93,0.699,129,367,496,44,61,37,61,26,180,96,387,191,1281.2,6,0,1123.0,1,2016-17,17.5,105.9,106.0,106.0,97.5,98.0,98.0,8.4,8.0,8.0,0.049,0.72,10.9,0.1,0.266,0.186,15.2,15.1,0.622,0.645,0.118,0.122,95.98,95.64,79.7,95.64,0.124,2639,2.1,3.4,Dewayne Dedmon
1627738,Deyonta,1610612763,MEM,20.0,36,23,13,0.639,238.05,24,47,0.511,0,0,0.0,10,18,0.556,20,40,60,2,8,3,17,1,40,17,58,-42,185.0,0,0,160.0,1,2016-17,6.6,97.6,95.8,95.8,104.8,102.2,102.2,-7.2,-6.4,-6.4,0.015,0.25,3.1,0.077,0.157,0.117,12.5,12.3,0.511,0.528,0.113,0.119,95.37,97.49,81.24,97.49,0.06,478,0.7,1.3,Deyonta Davis
1627754,Diamond,1610612746,LAC,20.0,7,6,1,0.857,24.255,3,13,0.231,0,0,0.0,4,4,1.0,1,5,6,0,2,0,1,3,5,2,10,-27,18.2,0,0,18.0,1,2016-17,3.5,57.4,54.9,54.9,116.1,107.8,107.8,-58.7,-52.9,-52.9,0.0,0.0,0.0,0.0,0.0,0.0,11.8,11.9,0.231,0.339,0.309,0.324,95.11,100.93,84.11,100.93,-0.014,51,0.4,1.9,Diamond Stone
203079,Dion,1610612748,MIA,25.0,46,27,19,0.587,1384.225,281,663,0.424,85,215,0.395,82,127,0.646,18,135,153,200,103,42,20,40,95,114,729,83,1295.6,2,0,1291.0,1,2016-17,30.1,106.5,108.1,108.1,103.8,105.5,105.5,2.7,2.6,2.6,0.234,1.94,19.6,0.013,0.095,0.054,10.1,10.1,0.488,0.507,0.26,0.264,98.04,96.57,80.48,96.57,0.1,2790,6.1,14.4,Dion Waiters
1717,Dirk,1610612742,DAL,39.0,54,23,31,0.426,1424.235,296,678,0.437,79,209,0.378,98,112,0.875,23,330,353,82,51,30,38,11,113,120,769,-13,1468.6,8,0,1419.0,1,2016-17,26.4,104.8,103.7,103.7,106.4,105.0,105.0,-1.6,-1.3,-1.3,0.099,1.61,9.6,0.016,0.238,0.126,6.0,5.9,0.495,0.529,0.246,0.255,96.06,97.23,81.03,97.23,0.124,2897,5.5,12.6,Dirk Nowitzki
1627734,Domantas,1610612760,OKC,21.0,81,46,35,0.568,1631.4883333333332,192,481,0.399,51,159,0.321,44,67,0.657,46,242,288,82,83,39,32,29,200,69,479,16,1077.6,2,0,1042.0,1,2016-17,20.1,102.0,104.2,104.2,101.9,102.5,102.5,0.2,1.7,1.7,0.073,0.99,12.1,0.027,0.146,0.086,12.3,12.3,0.452,0.469,0.156,0.158,99.61,98.25,81.88,98.25,0.049,3320,2.4,5.9,Domantas Sabonis
202700,Donatas,1610612740,NOP,26.0,34,16,18,0.471,478.685,57,138,0.413,11,47,0.234,25,49,0.51,26,75,101,32,31,18,11,6,55,49,150,-120,375.2,0,0,352.0,1,2016-17,14.1,103.0,101.7,101.7,114.0,112.8,112.8,-11.1,-11.1,-11.1,0.096,1.03,14.4,0.052,0.16,0.104,14.0,13.9,0.453,0.47,0.168,0.174,101.18,102.38,85.32,102.38,0.053,1018,1.7,4.1,Donatas Motiejunas
1627827,Dorian,1610612742,DAL,24.0,81,33,48,0.407,1641.8416666666667,124,333,0.372,56,191,0.293,46,61,0.754,55,167,222,67,45,52,25,24,125,53,350,-120,902.9,0,0,849.0,1,2016-17,20.3,104.1,103.2,103.2,105.6,105.5,105.5,-1.5,-2.3,-2.3,0.061,1.49,14.1,0.034,0.109,0.071,9.5,9.5,0.456,0.486,0.115,0.117,93.28,93.71,78.1,93.71,0.049,3184,1.5,4.1,Dorian Finney-Smith
203926,Doug,1610612760,OKC,25.0,66,35,31,0.53,1507.7266666666667,222,497,0.447,77,208,0.37,71,84,0.845,20,159,179,58,38,13,5,26,79,61,592,-29,909.8,1,0,942.0,2,2016-17,22.8,105.5,107.3,107.3,108.6,109.1,109.1,-3.1,-1.8,-1.8,0.06,1.53,9.3,0.013,0.105,0.058,6.1,6.0,0.524,0.554,0.162,0.165,97.63,96.64,80.53,96.64,0.077,3047,3.4,7.5,Doug McDermott
1627733,Dragan,1610612756,PHX,19.0,43,13,30,0.302,573.6433333333333,57,161,0.354,28,101,0.277,4,11,0.364,23,80,103,23,32,10,22,2,74,15,146,-25,368.1,1,0,364.0,1,2016-17,13.3,105.0,105.4,105.4,107.0,106.7,106.7,-2.0,-1.3,-1.3,0.057,0.72,10.5,0.039,0.135,0.087,14.5,14.5,0.441,0.44,0.145,0.148,100.06,100.03,83.36,100.03,0.033,1191,1.3,3.7,Dragan Bender
203110,Draymond,1610612744,GSW,27.0,76,62,14,0.816,2470.8866666666668,272,650,0.418,81,263,0.308,151,213,0.709,98,501,599,533,184,154,106,41,217,221,776,820,2890.3,17,5,2509.0,1,2016-17,32.5,115.2,116.2,116.2,99.3,100.9,100.9,16.0,15.3,15.3,0.272,2.9,36.3,0.041,0.183,0.117,12.5,12.6,0.481,0.522,0.159,0.16,103.35,102.08,85.07,102.08,0.117,5262,3.6,8.6,Draymond Green
2730,Dwight,1610612737,ATL,31.0,74,37,37,0.5,2198.72,388,613,0.633,0,2,0.0,226,424,0.533,296,644,940,104,170,64,92,40,203,337,1002,-114,2584.0,53,0,2358.0,1,2016-17,29.7,101.1,103.0,103.0,103.2,105.0,105.0,-2.1,-2.0,-2.0,0.076,0.61,9.6,0.133,0.278,0.207,15.8,15.8,0.633,0.627,0.19,0.191,99.82,98.04,81.7,98.04,0.151,4479,5.2,8.3,Dwight Howard
203939,Dwight,1610612742,DAL,25.0,77,30,47,0.39,1333.4533333333334,194,377,0.515,21,74,0.284,107,141,0.759,93,213,306,49,34,61,39,26,135,128,516,-168,1222.7,2,0,1092.0,1,2016-17,17.3,104.2,103.7,103.7,110.6,109.0,109.0,-6.3,-5.4,-5.4,0.062,1.44,9.4,0.069,0.179,0.12,6.5,6.5,0.542,0.588,0.162,0.166,93.77,94.69,78.91,94.69,0.107,2618,2.5,4.9,Dwight Powell
2548,Dwyane,1610612741,CHI,35.0,60,29,31,0.483,1792.1966666666667,414,955,0.434,45,145,0.31,223,281,0.794,63,207,270,228,138,86,41,49,112,198,1096,-73,2005.0,2,0,1893.0,1,2016-17,29.9,103.1,104.3,104.3,105.6,106.1,106.1,-2.4,-1.8,-1.8,0.221,1.65,15.8,0.033,0.113,0.072,9.6,9.6,0.457,0.508,0.289,0.293,98.22,97.41,81.17,97.41,0.121,3634,6.9,15.9,Dwyane Wade
202734,E'Twaun,1610612740,NOP,28.0,73,32,41,0.438,1819.6833333333332,283,619,0.457,77,208,0.37,57,74,0.77,33,119,152,164,62,50,32,24,131,63,700,-111,1312.4,0,0,1257.0,1,2016-17,24.9,104.3,104.4,104.4,106.6,107.4,107.4,-2.4,-3.0,-3.0,0.138,2.65,18.7,0.017,0.062,0.04,7.1,7.1,0.519,0.537,0.171,0.174,100.15,99.71,83.09,99.71,0.073,3781,3.9,8.5,E'Twaun Moore
202334,Ed,1610612757,POR,28.0,46,19,27,0.413,788.995,75,142,0.528,0,0,0.0,50,81,0.617,96,148,244,26,37,15,22,21,137,66,200,-129,605.8,3,0,544.0,1,2016-17,17.2,104.9,104.8,104.8,110.8,111.7,111.7,-5.9,-6.8,-6.8,0.05,0.7,10.7,0.114,0.186,0.149,15.2,15.4,0.528,0.563,0.118,0.119,98.77,98.4,82.0,98.4,0.061,1609,1.6,3.1,Ed Davis
204002,Edy,1610612739,CLE,25.0,2,1,1,0.5,27.6,4,5,0.8,0,0,0.0,0,3,0.0,4,7,11,1,2,0,6,0,3,2,8,10,38.7,0,0,32.0,2,2016-17,13.8,108.2,109.6,109.6,93.0,92.2,92.2,15.2,17.5,17.5,0.071,0.5,11.1,0.138,0.226,0.183,22.2,21.5,0.8,0.633,0.133,0.137,89.74,89.57,74.64,89.57,0.138,52,2.0,2.5,Edy Tavares
203901,Elfrid,1610612753,ORL,23.0,82,29,53,0.354,2412.1716666666666,430,912,0.471,40,146,0.274,146,211,0.692,89,298,387,529,178,88,40,100,177,191,1046,-147,2509.9,18,5,2258.0,1,2016-17,29.4,104.7,106.6,106.6,107.5,109.2,109.2,-2.7,-2.6,-2.6,0.329,2.97,30.9,0.035,0.12,0.077,10.4,10.4,0.493,0.52,0.211,0.213,100.25,98.58,82.15,98.58,0.117,4945,5.2,11.1,Elfrid Payton
202407,Elijah,1610612756,PHX,29.0,2,1,1,0.5,23.133333333333333,1,7,0.143,0,2,0.0,1,2,0.5,3,3,6,1,2,0,0,0,2,2,3,-6,9.7,0,0,10.0,1,2016-17,11.6,91.2,86.7,86.7,93.0,100.0,100.0,-1.8,-13.3,-13.3,0.067,0.5,9.1,0.0,0.115,0.0,18.2,18.4,0.143,0.19,0.192,0.199,94.58,93.37,77.81,93.37,-0.036,45,0.5,3.5,Elijah Millsap
1626144,Emmanuel,1610612743,DEN,21.0,55,25,30,0.455,1405.5616666666667,208,551,0.377,56,178,0.315,131,167,0.784,29,149,178,217,123,41,13,46,95,119,603,-132,1181.1,1,0,1162.0,1,2016-17,25.6,106.8,108.6,108.6,112.3,113.3,113.3,-5.5,-4.7,-4.7,0.222,1.76,22.5,0.02,0.104,0.062,12.7,12.8,0.428,0.483,0.222,0.224,101.93,100.64,83.87,100.64,0.074,2950,3.8,10.0,Emmanuel Mudiay
202683,Enes,1610612760,OKC,25.0,72,43,29,0.597,1532.835,402,737,0.545,5,38,0.132,224,285,0.786,195,287,482,67,123,32,38,91,154,234,1033,54,1798.9,18,0,1727.0,1,2016-17,21.3,107.8,109.3,109.3,107.9,108.0,108.0,-0.1,1.3,1.3,0.078,0.54,6.4,0.126,0.185,0.156,11.7,11.7,0.549,0.599,0.271,0.275,99.17,98.44,82.03,98.44,0.154,3149,5.6,10.2,Enes Freedom
202339,Eric,1610612756,PHX,27.0,66,22,44,0.333,2176.248333333333,449,1034,0.434,104,310,0.335,388,458,0.847,52,268,320,418,224,91,31,43,164,323,1390,-183,2543.0,7,1,2476.0,1,2016-17,33.0,106.1,107.9,107.9,110.2,111.6,111.6,-4.1,-3.8,-3.8,0.309,1.87,22.4,0.023,0.124,0.072,12.0,11.9,0.485,0.563,0.275,0.28,103.09,101.56,84.63,101.56,0.141,4600,6.8,15.7,Eric Bledsoe
201569,Eric,1610612745,HOU,28.0,75,50,25,0.667,2323.465,412,1016,0.406,246,661,0.372,147,175,0.84,29,172,201,188,121,48,41,48,150,152,1217,295,1886.2,0,0,2030.0,1,2016-17,31.0,110.8,112.3,112.3,104.6,106.1,106.1,6.2,6.2,6.2,0.125,1.55,13.5,0.012,0.068,0.04,8.7,8.6,0.527,0.557,0.217,0.22,103.06,101.67,84.73,101.67,0.082,4917,5.5,13.5,Eric Gordon
101141,Ersan,1610612737,ATL,30.0,82,35,47,0.427,2142.398333333333,384,890,0.431,142,402,0.353,161,207,0.778,115,366,481,141,116,58,23,47,211,227,1071,-31,1986.7,10,0,1997.0,3,2016-17,26.1,102.8,103.9,103.9,103.7,104.3,104.3,-0.9,-0.4,-0.4,0.107,1.22,11.4,0.052,0.163,0.108,9.4,9.4,0.511,0.546,0.216,0.22,101.46,100.62,83.85,100.62,0.106,4484,4.7,10.9,Ersan Ilyasova
203095,Evan,1610612753,ORL,24.0,68,23,45,0.338,2233.661666666667,408,930,0.439,128,360,0.356,223,277,0.805,44,165,209,202,141,66,4,64,180,210,1167,-194,1789.8,1,0,1846.0,1,2016-17,32.8,102.2,104.4,104.4,107.1,108.8,108.8,-4.9,-4.4,-4.4,0.144,1.43,14.6,0.019,0.072,0.045,10.2,10.1,0.508,0.555,0.229,0.233,99.6,97.78,81.48,97.78,0.085,4552,6.0,13.7,Evan Fournier
202323,Evan,1610612757,POR,28.0,65,34,31,0.523,1658.56,235,552,0.426,31,118,0.263,85,103,0.825,36,211,247,205,100,53,24,37,121,99,586,-178,1320.9,2,0,1223.0,1,2016-17,25.5,103.0,103.3,103.3,107.4,108.8,108.8,-4.5,-5.5,-5.5,0.196,2.05,22.8,0.021,0.125,0.073,11.1,11.1,0.454,0.491,0.182,0.186,99.29,98.5,82.08,98.5,0.088,3408,3.6,8.5,Evan Turner
1626163,Frank,1610612766,CHA,24.0,75,31,44,0.413,1954.015,320,802,0.399,116,354,0.328,118,156,0.756,57,279,336,162,76,46,34,36,139,116,874,43,1684.2,4,0,1648.0,1,2016-17,26.1,108.3,108.7,108.7,107.3,108.3,108.3,1.0,0.4,0.4,0.131,2.13,14.6,0.029,0.141,0.086,6.9,6.9,0.471,0.502,0.216,0.22,98.16,97.51,81.26,97.51,0.085,3982,4.3,10.7,Frank Kaminsky
1627832,Fred,1610612761,TOR,23.0,37,25,12,0.676,293.81,39,111,0.351,11,29,0.379,18,22,0.818,4,38,42,35,15,16,3,15,36,18,107,65,251.9,0,0,233.0,1,2016-17,7.9,103.6,101.2,101.2,91.4,90.3,90.3,12.2,10.8,10.8,0.18,2.33,20.5,0.013,0.118,0.067,8.8,8.8,0.401,0.443,0.199,0.205,97.66,99.41,82.84,99.41,0.078,608,1.1,3.0,Fred VanVleet
202066,Garrett,1610612758,SAC,31.0,65,25,40,0.385,1728.381666666667,183,432,0.424,82,220,0.373,58,74,0.784,32,152,184,168,78,84,28,19,141,91,506,-178,1236.8,0,0,1164.0,1,2016-17,26.6,104.6,105.3,105.3,109.7,110.6,110.6,-5.2,-5.3,-5.3,0.146,2.15,23.8,0.019,0.09,0.055,11.0,11.0,0.519,0.545,0.139,0.142,97.5,96.77,80.64,96.77,0.071,3488,2.8,6.6,Garrett Temple
203914,Gary,1610612743,DEN,22.0,57,29,28,0.509,1782.2883333333334,320,637,0.502,107,255,0.42,104,134,0.776,48,130,178,164,76,71,8,35,92,95,851,81,1471.6,0,0,1458.0,1,2016-17,31.3,115.0,116.1,116.1,114.0,113.9,113.9,1.0,2.2,2.2,0.129,2.16,17.6,0.027,0.076,0.051,8.1,8.1,0.586,0.611,0.183,0.185,100.41,99.98,83.32,99.98,0.091,3713,5.6,11.2,Gary Harris
202390,Gary,1610612737,ATL,32.0,2,1,1,0.5,18.33333333333333,0,7,0.0,0,2,0.0,4,4,1.0,0,1,1,1,0,0,0,0,1,2,4,-5,6.7,0,0,6.0,1,2016-17,9.2,80.6,83.8,83.8,98.6,94.7,94.7,-18.0,-11.0,-11.0,0.125,0.0,10.0,0.0,0.067,0.0,0.0,0.0,0.0,0.228,0.205,0.201,98.18,98.18,81.82,98.18,-0.044,37,0.0,3.5,Gary Neal
1627780,Gary,1610612749,MIL,24.0,6,2,4,0.333,99.23333333333332,8,22,0.364,1,9,0.111,3,5,0.6,0,12,12,13,10,3,4,3,9,5,20,-58,64.9,0,0,60.0,1,2016-17,16.5,88.6,87.5,87.5,115.1,115.3,115.3,-26.5,-27.8,-27.8,0.224,1.3,27.7,0.0,0.122,0.063,21.3,21.2,0.386,0.413,0.157,0.162,96.75,97.23,81.02,97.23,0.041,200,1.3,3.7,Gary Payton II
201588,George,1610612762,UTA,31.0,49,33,16,0.673,1543.9916666666666,289,606,0.477,94,233,0.403,157,196,0.801,23,144,167,204,85,50,11,18,114,187,829,258,1433.4,0,0,1416.0,1,2016-17,31.5,109.7,109.8,109.8,101.0,101.3,101.3,8.7,8.5,8.5,0.227,2.4,21.0,0.016,0.095,0.056,8.7,8.7,0.554,0.599,0.229,0.236,92.92,92.74,77.28,92.74,0.128,2985,5.9,12.4,George Hill
1627777,Georges,1610612754,IND,24.0,23,11,12,0.478,92.73166666666668,9,36,0.25,1,12,0.083,2,2,1.0,2,15,17,5,5,3,0,7,6,2,21,3,52.9,0,0,50.0,1,2016-17,4.0,102.7,102.6,102.6,108.0,100.0,100.0,-5.3,2.6,2.6,0.074,1.0,10.6,0.019,0.16,0.084,10.6,10.7,0.264,0.285,0.184,0.189,97.58,101.45,84.55,101.45,0.02,195,0.4,1.6,Georges Niang
1627834,Georgios,1610612758,SAC,19.0,22,7,15,0.318,355.01666666666665,56,102,0.549,0,2,0.0,12,14,0.857,24,62,86,20,24,3,17,2,44,19,124,-30,293.2,2,0,270.0,1,2016-17,16.1,104.3,103.9,103.9,110.4,108.9,108.9,-6.1,-5.0,-5.0,0.085,0.83,13.2,0.078,0.169,0.127,15.8,15.8,0.549,0.573,0.165,0.169,96.87,97.75,81.46,97.75,0.082,726,2.5,4.6,Georgios Papagiannis
101123,Gerald,1610612738,BOS,31.0,47,32,15,0.681,537.8833333333333,95,232,0.409,39,111,0.351,33,41,0.805,16,68,84,33,25,9,7,11,48,25,262,9,435.3,0,0,450.0,1,2016-17,11.4,107.0,107.4,107.4,105.7,107.3,107.3,1.3,0.0,0.0,0.1,1.32,10.7,0.028,0.122,0.075,8.1,8.1,0.494,0.524,0.223,0.228,98.8,97.89,81.58,97.89,0.081,1101,2.0,4.9,Gerald Green
201945,Gerald,1610612755,PHI,29.0,72,24,48,0.333,1667.1233333333332,234,553,0.423,61,173,0.353,133,165,0.806,34,151,185,112,62,40,15,28,129,139,662,-307,1155.0,0,0,1130.0,1,2016-17,23.2,99.7,100.4,100.4,108.1,108.8,108.8,-8.4,-8.3,-8.3,0.108,1.81,14.0,0.02,0.092,0.055,7.8,7.8,0.478,0.529,0.175,0.179,100.9,100.25,83.55,100.25,0.073,3474,3.3,7.7,Gerald Henderson
203507,Giannis,1610612749,MIL,22.0,80,42,38,0.525,2845.036666666667,656,1259,0.521,49,180,0.272,471,612,0.77,142,558,700,434,234,131,151,70,246,474,1832,46,3935.0,32,3,3579.0,1,2016-17,35.6,107.4,108.6,108.6,105.9,107.5,107.5,1.5,1.1,1.1,0.269,1.85,19.7,0.052,0.199,0.127,10.6,10.7,0.541,0.599,0.28,0.283,96.47,95.24,79.37,95.24,0.176,5638,8.2,15.7,Giannis Antetokounmpo
203922,Glenn,1610612754,IND,23.0,69,35,34,0.507,1426.7066666666667,158,338,0.467,49,125,0.392,54,76,0.711,57,189,246,47,37,41,20,18,63,71,419,-73,930.7,3,0,883.0,1,2016-17,20.7,103.7,102.9,102.9,105.5,105.3,105.3,-1.8,-2.4,-2.4,0.048,1.27,10.4,0.041,0.127,0.085,8.1,8.1,0.54,0.564,0.125,0.129,98.71,99.17,82.64,99.17,0.081,2947,2.3,4.9,Glenn Robinson III
201609,Goran,1610612748,MIA,31.0,73,40,33,0.548,2459.438333333333,534,1124,0.475,117,289,0.405,298,377,0.79,62,217,279,423,212,89,13,67,199,268,1483,66,2546.3,6,0,2506.0,1,2016-17,33.7,106.7,108.4,108.4,106.0,107.3,107.3,0.6,1.1,1.1,0.283,2.0,22.2,0.025,0.087,0.056,11.1,11.0,0.527,0.575,0.262,0.268,98.16,96.78,80.65,96.78,0.13,4964,7.3,15.4,Goran Dragic
202330,Gordon,1610612762,UTA,27.0,73,46,27,0.63,2515.535,545,1156,0.471,149,374,0.398,362,429,0.844,49,345,394,252,140,73,20,42,117,317,1601,347,2590.8,2,0,2582.0,1,2016-17,34.5,109.5,110.6,110.6,102.4,103.8,103.8,7.1,6.8,6.8,0.179,1.8,14.7,0.021,0.136,0.081,8.1,8.1,0.536,0.595,0.269,0.276,93.44,92.39,76.99,92.39,0.158,4850,7.5,15.8,Gordon Hayward
203476,Gorgui,1610612750,MIN,27.0,82,31,51,0.378,2653.215,332,661,0.502,16,43,0.372,136,167,0.814,188,459,647,158,107,88,95,48,254,168,816,33,2271.4,13,0,2003.0,1,2016-17,32.4,108.3,110.1,110.1,108.2,109.3,109.3,0.2,0.8,0.8,0.086,1.48,15.8,0.073,0.181,0.126,10.7,10.7,0.514,0.555,0.14,0.141,96.75,95.49,79.58,95.49,0.092,5275,4.0,8.1,Gorgui Dieng
202328,Greg,1610612749,MIL,27.0,81,42,39,0.519,1822.6933333333332,387,726,0.533,0,4,0.0,177,239,0.741,167,365,532,187,140,92,38,66,168,225,951,137,2119.9,13,0,1930.0,1,2016-17,22.5,110.1,111.0,111.0,106.4,107.0,107.0,3.7,4.0,4.0,0.165,1.34,16.2,0.099,0.208,0.155,12.1,12.1,0.533,0.572,0.238,0.242,97.0,96.33,80.28,96.33,0.139,3654,4.8,9.0,Greg Monroe
202349,Greivis,1610612751,BKN,30.0,3,1,2,0.333,38.56666666666667,2,8,0.25,1,3,0.333,2,3,0.667,0,2,2,5,1,1,1,1,6,1,7,-13,21.9,0,0,19.0,1,2016-17,12.9,95.9,94.1,94.1,114.6,113.4,113.4,-18.7,-19.3,-19.3,0.185,5.0,33.3,0.0,0.048,0.022,6.7,6.5,0.313,0.376,0.104,0.11,102.41,103.92,86.6,103.92,0.009,85,0.7,2.7,Greivis Vasquez
203084,Harrison,1610612742,DAL,25.0,79,32,47,0.405,2803.51,599,1280,0.468,78,222,0.351,242,281,0.861,93,301,394,116,102,65,15,49,128,271,1518,-135,2302.8,1,0,2266.0,1,2016-17,35.5,103.6,104.0,104.0,105.7,106.2,106.2,-2.1,-2.2,-2.2,0.076,1.14,7.2,0.034,0.117,0.075,6.3,6.3,0.498,0.541,0.252,0.255,93.89,93.53,77.94,93.53,0.112,5455,7.6,16.2,Harrison Barnes
202355,Hassan,1610612748,MIA,28.0,77,39,38,0.506,2513.3766666666666,542,973,0.557,0,0,0.0,225,358,0.628,293,795,1088,57,154,57,161,63,226,309,1309,97,3200.1,58,0,2890.0,1,2016-17,32.6,106.6,108.7,108.7,105.3,106.6,106.6,1.3,2.0,2.0,0.037,0.37,4.3,0.115,0.313,0.214,11.6,11.5,0.557,0.579,0.223,0.226,97.12,95.57,79.64,95.57,0.163,5002,7.0,12.6,Hassan Whiteside
1627740,Henry,1610612765,DET,20.0,19,8,11,0.421,146.24333333333334,23,64,0.359,10,35,0.286,4,8,0.5,8,33,41,7,14,1,1,2,6,7,60,-3,111.7,1,0,122.0,1,2016-17,7.7,101.0,99.7,99.7,103.0,101.7,101.7,-2.0,-2.0,-2.0,0.074,0.5,8.0,0.05,0.217,0.131,16.1,15.8,0.438,0.444,0.234,0.248,95.74,96.99,80.82,96.99,0.076,297,1.2,3.4,Henry Ellenson
203138,Hollis,1610612740,NOP,26.0,40,12,28,0.3,752.1833333333333,77,200,0.385,32,95,0.337,19,29,0.655,19,93,112,35,11,20,6,12,69,24,205,-71,458.9,0,0,436.0,2,2016-17,18.8,98.8,99.7,99.7,104.7,104.3,104.3,-6.0,-4.5,-4.5,0.072,3.18,13.5,0.024,0.115,0.07,4.2,4.3,0.465,0.482,0.131,0.133,98.46,98.18,81.82,98.18,0.058,1538,1.9,5.0,Hollis Thompson
203546,Ian,1610612744,GSW,26.0,77,63,14,0.818,1136.525,211,433,0.487,61,163,0.374,44,58,0.759,22,99,121,90,55,39,8,24,77,54,527,36,893.2,0,0,893.0,1,2016-17,14.8,106.1,105.1,105.1,103.0,103.6,103.6,3.1,1.5,1.5,0.122,1.64,14.9,0.02,0.078,0.051,9.1,9.1,0.558,0.575,0.192,0.198,100.61,100.83,84.03,100.83,0.092,2388,2.7,5.6,Ian Clark
101133,Ian,1610612764,WAS,30.0,31,19,12,0.613,554.8016666666666,65,111,0.586,0,0,0.0,43,75,0.573,47,103,150,19,34,33,24,10,90,60,173,31,518.5,0,0,456.0,1,2016-17,17.9,104.3,105.1,105.1,104.0,102.4,102.4,0.3,2.7,2.7,0.05,0.56,9.6,0.085,0.184,0.134,17.2,17.3,0.586,0.601,0.138,0.14,98.9,99.32,82.77,99.32,0.082,1148,2.1,3.6,Ian Mahinmi
202697,Iman,1610612739,CLE,27.0,76,48,28,0.632,1937.2416666666663,201,489,0.411,94,261,0.36,71,90,0.789,39,179,218,109,78,62,27,13,150,104,567,43,1181.1,0,0,1166.0,1,2016-17,25.5,110.1,110.7,110.7,108.2,109.0,109.0,1.9,1.7,1.7,0.08,1.4,15.2,0.021,0.088,0.056,10.8,10.9,0.507,0.536,0.14,0.142,97.98,97.4,81.17,97.4,0.055,3921,2.6,6.4,Iman Shumpert
203477,Isaiah,1610612741,CHI,26.0,39,19,20,0.487,592.1066666666667,63,173,0.364,25,94,0.266,30,33,0.909,6,44,50,37,21,22,1,7,35,30,181,-84,344.5,0,0,339.0,1,2016-17,15.2,99.9,100.0,100.0,106.5,105.7,105.7,-6.6,-5.7,-5.7,0.099,1.76,15.1,0.009,0.074,0.04,8.6,8.6,0.436,0.483,0.151,0.156,96.39,96.71,80.59,96.71,0.056,1185,1.6,4.4,Isaiah Canaan
1627819,Isaiah,1610612745,HOU,22.0,4,3,1,0.75,52.0,1,7,0.143,0,2,0.0,1,2,0.5,1,2,3,3,0,1,1,0,6,4,3,-19,17.1,0,0,13.0,1,2016-17,13.0,105.9,103.5,103.5,120.5,121.2,121.2,-14.6,-17.7,-17.7,0.07,0.0,27.3,0.019,0.037,0.028,0.0,0.0,0.143,0.19,0.064,0.065,103.9,104.77,87.31,104.77,-0.013,114,0.3,1.8,Isaiah Taylor
202738,Isaiah,1610612738,BOS,28.0,76,51,25,0.671,2569.451666666667,682,1473,0.463,245,646,0.379,590,649,0.909,42,162,204,448,210,70,13,114,167,481,2199,275,3154.8,5,0,3262.0,1,2016-17,33.8,113.6,115.1,115.1,108.6,110.5,110.5,5.0,4.6,4.6,0.305,2.13,18.7,0.017,0.061,0.04,8.7,8.7,0.546,0.625,0.332,0.337,99.85,98.32,81.93,98.32,0.161,5278,9.0,19.4,Isaiah Thomas
1627785,Isaiah,1610612751,BKN,22.0,73,17,56,0.233,1643.4716666666666,204,508,0.402,44,149,0.295,91,113,0.805,32,152,184,192,142,42,36,52,175,118,543,-116,1143.8,1,0,1119.0,1,2016-17,22.5,103.5,104.0,104.0,106.4,107.0,107.0,-2.9,-3.1,-3.1,0.173,1.35,21.5,0.019,0.084,0.053,15.9,15.9,0.445,0.487,0.18,0.183,102.31,101.74,84.78,101.74,0.052,3479,2.8,7.0,Isaiah Whitehead
202397,Ish,1610612765,DET,28.0,81,37,44,0.457,1955.215,329,749,0.439,28,105,0.267,72,102,0.706,21,214,235,418,112,61,33,36,127,111,758,48,1837.0,3,0,1627.0,1,2016-17,24.1,104.8,105.4,105.4,104.2,104.6,104.6,0.6,0.8,0.8,0.319,3.73,31.5,0.01,0.109,0.058,8.4,8.5,0.458,0.477,0.201,0.204,97.63,97.18,80.98,97.18,0.107,3966,4.1,9.2,Ish Smith
1627826,Ivica,1610612747,LAL,20.0,38,8,30,0.211,608.515,126,238,0.529,0,3,0.0,32,49,0.653,41,118,159,30,30,14,33,24,66,51,284,-134,630.8,4,0,567.0,1,2016-17,16.0,103.6,103.1,103.1,113.0,113.7,113.7,-9.4,-10.5,-10.5,0.078,1.0,9.4,0.065,0.188,0.126,9.4,9.4,0.529,0.547,0.201,0.204,102.9,102.82,85.68,102.82,0.1,1305,3.3,6.3,Ivica Zubac
200826,J.J.,1610612742,DAL,33.0,35,11,24,0.314,770.775,142,343,0.414,53,148,0.358,44,51,0.863,9,75,84,193,63,14,1,15,30,72,381,10,753.3,0,0,741.0,1,2016-17,22.0,104.6,102.8,102.8,102.8,103.7,103.7,1.8,-0.9,-0.9,0.421,3.06,31.0,0.012,0.102,0.057,10.1,10.1,0.491,0.521,0.254,0.261,95.18,95.56,79.63,95.56,0.134,1546,4.1,9.8,J.J. Barea
200755,JJ,1610612746,LAC,33.0,78,50,28,0.641,2198.1316666666667,396,890,0.445,201,468,0.429,180,202,0.891,11,160,171,110,98,54,13,19,125,163,1173,473,1646.2,0,0,1789.0,1,2016-17,28.2,114.6,115.8,115.8,104.9,106.2,106.2,9.7,9.6,9.6,0.074,1.12,9.4,0.005,0.07,0.039,8.4,8.3,0.558,0.599,0.211,0.217,98.77,97.71,81.42,97.71,0.089,4495,5.1,11.4,JJ Redick
2747,JR,1610612739,CLE,31.0,41,25,16,0.61,1187.2216666666666,123,356,0.346,95,271,0.351,10,15,0.667,17,96,113,62,26,40,11,5,77,32,351,72,706.6,0,0,723.0,1,2016-17,29.0,111.4,112.5,112.5,108.1,110.0,110.0,3.3,2.6,2.6,0.071,2.38,13.8,0.014,0.078,0.046,5.8,5.8,0.479,0.484,0.143,0.145,99.02,97.7,81.42,97.7,0.046,2421,3.0,8.7,JR Smith
203210,JaMychal,1610612763,MEM,27.0,77,40,37,0.519,2101.103333333333,250,500,0.5,55,145,0.379,134,167,0.802,167,377,544,84,94,47,34,42,248,153,689,-28,1616.8,10,0,1534.0,1,2016-17,27.3,104.9,105.6,105.6,104.4,105.2,105.2,0.4,0.3,0.3,0.064,0.89,11.2,0.081,0.186,0.133,12.5,12.5,0.555,0.601,0.144,0.147,94.32,93.62,78.02,93.62,0.093,4078,3.2,6.5,JaMychal Green
201580,JaVale,1610612744,GSW,29.0,77,62,15,0.805,739.0983333333334,208,319,0.652,0,3,0.0,56,111,0.505,100,144,244,17,40,19,67,15,109,81,472,312,1008.3,0,0,905.0,1,2016-17,9.6,121.4,122.6,122.6,102.7,102.5,102.5,18.6,20.1,20.1,0.032,0.43,4.0,0.138,0.167,0.154,9.5,9.4,0.652,0.642,0.221,0.226,105.11,104.69,87.24,104.69,0.125,1607,2.7,4.1,JaVale McGee
203953,Jabari,1610612749,MIL,22.0,51,22,29,0.431,1727.881666666667,399,814,0.49,65,178,0.365,162,218,0.743,79,235,314,142,93,50,22,64,111,159,1025,-87,1737.8,2,0,1690.0,1,2016-17,33.9,106.8,108.1,108.1,109.3,110.6,110.6,-2.5,-2.5,-2.5,0.137,1.53,12.4,0.048,0.134,0.092,8.1,8.1,0.53,0.563,0.257,0.26,98.47,97.28,81.07,97.28,0.121,3502,7.8,16.0,Jabari Parker
203109,Jae,1610612738,BOS,26.0,72,48,24,0.667,2335.3783333333336,333,720,0.463,157,394,0.398,176,217,0.811,48,367,415,155,80,73,23,12,161,159,999,351,1937.5,7,0,1918.0,1,2016-17,32.4,112.3,114.1,114.1,104.5,106.3,106.3,7.8,7.8,7.8,0.097,1.94,14.8,0.021,0.149,0.087,7.6,7.6,0.572,0.613,0.169,0.17,99.94,98.29,81.91,98.29,0.103,4773,4.6,10.0,Jae Crowder
1626143,Jahlil,1610612755,PHI,21.0,50,15,35,0.3,1133.9833333333331,242,471,0.514,0,0,0.0,106,158,0.671,81,159,240,58,91,20,49,45,122,141,590,-322,1081.0,2,0,1026.0,1,2016-17,22.7,95.1,96.5,96.5,109.5,110.1,110.1,-14.5,-13.7,-13.7,0.097,0.64,8.4,0.067,0.145,0.104,13.2,13.2,0.514,0.546,0.244,0.247,98.93,97.93,81.61,97.93,0.097,2311,4.8,9.4,Jahlil Okafor
1627774,Jake,1610612757,POR,23.0,35,16,19,0.457,248.77666666666667,26,89,0.292,13,51,0.255,13,17,0.765,6,18,24,11,11,9,3,4,22,12,78,-1,148.3,0,0,150.0,1,2016-17,7.1,99.1,97.3,97.3,99.5,98.3,98.3,-0.4,-0.9,-0.9,0.072,1.0,9.2,0.022,0.065,0.044,9.2,9.3,0.365,0.404,0.186,0.191,98.83,100.33,83.61,100.33,0.025,522,0.7,2.5,Jake Layman
1627751,Jakob,1610612761,TOR,21.0,54,38,16,0.704,626.43,67,115,0.583,0,0,0.0,31,57,0.544,78,87,165,12,29,17,20,11,113,47,165,-6,463.0,0,0,416.0,1,2016-17,11.6,101.8,100.9,100.9,101.5,101.0,101.0,0.3,-0.1,-0.1,0.03,0.41,6.6,0.118,0.15,0.133,15.9,16.0,0.583,0.589,0.117,0.121,95.71,96.43,80.36,96.43,0.057,1256,1.2,2.1,Jakob Poeltl
2037,Jamal,1610612746,LAC,37.0,82,51,31,0.622,2157.068333333333,359,870,0.413,116,322,0.36,174,203,0.857,17,112,129,214,134,61,14,17,115,163,1008,23,1574.8,0,0,1617.0,1,2016-17,26.3,106.7,106.9,106.9,108.4,107.9,107.9,-1.7,-1.0,-1.0,0.159,1.6,16.5,0.008,0.051,0.03,10.3,10.2,0.479,0.525,0.22,0.225,98.51,98.66,82.21,98.66,0.079,4465,4.4,10.6,Jamal Crawford
1627750,Jamal,1610612743,DEN,20.0,82,40,42,0.488,1764.6433333333334,295,730,0.404,115,344,0.334,106,120,0.883,41,173,214,170,113,51,24,33,124,109,811,77,1434.8,1,0,1460.0,1,2016-17,21.5,109.1,110.2,110.2,108.1,108.0,108.0,1.0,2.2,2.2,0.142,1.5,16.1,0.023,0.095,0.059,10.7,10.6,0.483,0.518,0.212,0.216,101.14,100.7,83.91,100.7,0.078,3700,3.6,8.9,Jamal Murray
2749,Jameer,1610612743,DEN,35.0,75,34,41,0.453,2044.8116666666667,268,604,0.444,106,273,0.388,45,63,0.714,28,164,192,385,128,54,8,22,197,78,687,128,1552.9,4,0,1494.0,1,2016-17,27.3,110.8,112.5,112.5,109.7,109.6,109.6,1.1,2.9,2.9,0.258,3.01,33.7,0.013,0.08,0.046,11.2,11.2,0.531,0.544,0.156,0.157,100.07,99.39,82.82,99.39,0.075,4237,3.6,8.1,Jameer Nelson
203516,James,1610612763,MEM,26.0,64,32,32,0.5,1500.5583333333334,146,321,0.455,51,137,0.372,86,110,0.782,69,190,259,64,59,46,19,29,165,87,429,45,971.8,1,0,933.0,1,2016-17,23.4,104.6,105.4,105.4,103.9,103.8,103.8,0.7,1.5,1.5,0.067,1.08,13.0,0.045,0.126,0.085,11.9,12.0,0.534,0.581,0.127,0.129,95.05,94.75,78.96,94.75,0.07,2962,2.3,5.0,James Ennis III
201935,James,1610612745,HOU,27.0,81,54,27,0.667,2946.72,674,1533,0.44,262,756,0.347,746,881,0.847,95,564,659,907,464,121,38,86,215,500,2356,424,4520.3,64,22,4502.0,1,2016-17,36.4,113.6,115.6,115.6,107.3,108.9,108.9,6.3,6.7,6.7,0.505,1.95,27.9,0.031,0.185,0.109,14.3,14.1,0.525,0.613,0.333,0.341,102.97,101.32,84.43,101.32,0.19,6223,8.3,18.9,James Harden
201949,James,1610612748,MIA,30.0,76,40,36,0.526,2084.9166666666665,368,769,0.479,87,256,0.34,152,215,0.707,66,310,376,276,171,76,86,41,197,163,975,140,2155.2,4,0,2038.0,1,2016-17,27.4,104.9,105.8,105.8,102.2,102.8,102.8,2.7,3.0,3.0,0.21,1.61,21.1,0.031,0.145,0.088,13.1,13.0,0.535,0.564,0.215,0.219,98.69,98.0,81.66,98.0,0.12,4263,4.8,10.1,James Johnson
2592,James,1610612739,CLE,36.0,48,28,20,0.583,380.605,44,92,0.478,31,66,0.47,13,20,0.65,3,34,37,14,10,6,10,1,37,18,132,-100,235.4,0,0,246.0,1,2016-17,7.9,99.8,97.7,97.7,111.0,110.6,110.6,-11.2,-12.9,-12.9,0.062,1.4,11.3,0.008,0.089,0.049,8.1,8.0,0.647,0.655,0.133,0.139,96.53,97.74,81.45,97.74,0.067,775,0.9,1.9,James Jones
203949,James Michael,1610612744,GSW,24.0,52,43,9,0.827,457.445,62,117,0.53,2,8,0.25,21,42,0.5,34,57,91,18,19,18,29,10,47,33,147,-40,405.2,0,0,352.0,1,2016-17,8.8,100.6,98.5,98.5,101.3,103.0,103.0,-0.7,-4.4,-4.4,0.06,0.95,10.3,0.072,0.115,0.094,10.9,11.0,0.538,0.543,0.145,0.149,99.46,99.68,83.07,99.68,0.077,951,1.2,2.3,James Michael McAdoo
203923,James,1610612738,BOS,21.0,29,16,13,0.552,220.10333333333327,25,58,0.431,12,35,0.343,6,9,0.667,6,20,26,4,4,10,2,1,15,8,68,-38,137.2,0,0,134.0,1,2016-17,7.6,100.8,97.9,97.9,106.4,107.4,107.4,-5.7,-9.5,-9.5,0.03,1.0,5.8,0.025,0.091,0.057,5.8,5.7,0.534,0.549,0.125,0.133,99.96,100.97,84.14,100.97,0.063,466,0.9,2.0,James Young
201162,Jared,1610612756,PHX,31.0,64,17,47,0.266,1362.44,157,346,0.454,77,203,0.379,43,65,0.662,31,194,225,121,73,42,16,8,154,77,434,-46,986.5,0,0,973.0,1,2016-17,21.3,102.9,103.6,103.6,103.9,105.2,105.2,-1.0,-1.6,-1.6,0.126,1.66,21.3,0.021,0.134,0.077,12.8,12.8,0.565,0.579,0.136,0.138,103.24,102.22,85.19,102.22,0.079,2902,2.5,5.4,Jared Dudley
203096,Jared,1610612761,TOR,25.0,11,2,9,0.182,117.73666666666666,15,47,0.319,3,18,0.167,4,8,0.5,10,17,27,3,4,4,1,4,17,9,37,-29,84.9,0,0,80.0,1,2016-17,10.7,89.7,90.8,90.8,105.3,104.7,104.7,-15.6,-13.9,-13.9,0.048,0.75,5.3,0.068,0.159,0.106,7.0,7.0,0.351,0.366,0.199,0.204,96.49,96.21,80.18,96.21,0.027,238,1.4,4.3,Jared Sullinger
204067,Jarell,1610612756,PHX,25.0,5,0,5,0.0,62.34166666666667,6,19,0.316,4,16,0.25,8,9,0.889,1,6,7,0,1,1,0,0,1,6,24,-5,34.4,0,0,37.0,1,2016-17,12.5,89.8,90.8,90.8,93.1,93.7,93.7,-3.4,-2.9,-2.9,0.0,0.0,0.0,0.012,0.071,0.042,4.2,4.2,0.421,0.523,0.152,0.154,109.87,108.95,90.79,108.95,0.082,141,1.2,3.8,Jarell Eddie
1626185,Jarell,1610612763,MEM,23.0,42,23,19,0.548,558.4216666666666,58,151,0.384,9,25,0.36,40,50,0.8,42,120,162,8,28,17,9,22,91,37,165,-70,421.4,1,0,396.0,1,2016-17,13.3,95.4,94.4,94.4,99.5,99.8,99.8,-4.1,-5.4,-5.4,0.025,0.29,3.8,0.067,0.206,0.134,13.3,13.4,0.414,0.477,0.156,0.161,97.35,97.69,81.41,97.69,0.069,1132,1.4,3.6,Jarell Martin
203950,Jarnell,1610612743,DEN,23.0,2,0,2,0.0,6.543333333333333,1,1,1.0,0,0,0.0,1,2,0.5,1,1,2,2,0,1,0,0,3,1,3,0,11.4,0,0,9.0,1,2016-17,3.3,115.3,114.3,114.3,118.3,114.3,114.3,-3.1,0.0,0.0,0.4,0.0,50.0,0.0,0.0,0.0,0.0,0.0,1.0,0.798,0.111,0.111,100.5,102.7,85.58,102.7,0.121,14,0.5,0.5,Jarnell Stokes
101127,Jarrett,1610612740,NOP,33.0,2,1,1,0.5,33.083333333333336,2,3,0.667,0,1,0.0,2,2,1.0,0,0,0,5,3,2,0,0,4,2,6,-6,16.5,0,0,15.0,1,2016-17,16.5,88.1,88.4,88.4,102.4,98.5,98.5,-14.3,-10.1,-10.1,0.263,1.67,41.7,0.0,0.0,0.0,25.0,25.3,0.667,0.773,0.089,0.09,97.67,99.39,82.82,99.39,0.051,69,1.0,1.5,Jarrett Jack
1627784,Jarrod,1610612742,DAL,24.0,9,2,7,0.222,114.74666666666668,16,38,0.421,3,9,0.333,5,7,0.714,8,14,22,9,3,2,4,2,8,5,40,-62,94.9,0,0,86.0,1,2016-17,12.7,95.2,95.1,95.1,122.0,122.1,122.1,-26.8,-27.0,-27.0,0.141,3.0,17.0,0.059,0.132,0.091,5.7,5.7,0.461,0.487,0.169,0.174,94.3,94.33,78.61,94.33,0.081,225,1.8,4.2,Jarrod Uthoff
201160,Jason,1610612764,WAS,31.0,74,45,29,0.608,1067.743333333333,174,329,0.529,37,78,0.474,35,51,0.686,64,194,258,37,58,21,54,15,168,58,420,-10,952.1,0,0,902.0,1,2016-17,14.4,106.1,106.5,106.5,106.7,106.4,106.4,-0.6,0.1,0.1,0.052,0.64,8.3,0.061,0.178,0.121,13.0,13.0,0.585,0.598,0.166,0.169,98.68,98.68,82.23,98.68,0.087,2189,2.4,4.4,Jason Smith
1891,Jason,1610612749,MIL,39.0,74,37,37,0.5,1365.0833333333333,105,243,0.432,73,171,0.427,24,29,0.828,15,91,106,98,36,46,20,8,95,30,307,107,743.2,0,0,716.0,1,2016-17,18.4,107.1,107.9,107.9,102.4,103.4,103.4,4.7,4.5,4.5,0.1,2.72,25.2,0.012,0.066,0.04,9.3,9.2,0.582,0.6,0.096,0.098,95.82,95.03,79.19,95.03,0.058,2695,1.4,3.3,Jason Terry
1627759,Jaylen,1610612738,BOS,20.0,78,50,28,0.641,1341.3266666666666,192,422,0.455,46,134,0.343,85,124,0.685,45,175,220,64,68,35,18,34,142,105,515,-123,966.0,0,0,951.0,1,2016-17,17.2,103.0,101.8,101.8,105.1,106.2,106.2,-2.1,-4.4,-4.4,0.077,0.94,10.6,0.033,0.127,0.081,11.3,11.2,0.509,0.54,0.176,0.183,99.01,99.09,82.57,99.09,0.071,2768,2.5,5.4,Jaylen Brown
201145,Jeff,1610612753,ORL,30.0,69,26,43,0.377,1533.745,220,558,0.394,53,193,0.275,145,168,0.863,39,175,214,81,75,37,13,20,103,142,638,-296,1091.3,1,0,1086.0,1,2016-17,22.2,97.5,98.5,98.5,106.6,107.8,107.8,-9.1,-9.2,-9.2,0.089,1.08,10.3,0.023,0.109,0.065,9.6,9.5,0.442,0.505,0.2,0.204,98.84,97.82,81.51,97.82,0.077,3122,3.2,8.1,Jeff Green
201952,Jeff,1610612754,IND,29.0,82,42,40,0.512,2657.025,402,909,0.442,90,252,0.357,360,415,0.867,33,297,330,639,216,100,32,92,165,341,1254,49,2788.5,16,0,2577.0,1,2016-17,32.4,108.1,109.0,109.0,106.9,107.9,107.9,1.2,1.1,1.1,0.359,2.96,32.9,0.013,0.111,0.063,11.1,11.1,0.492,0.574,0.219,0.221,98.99,98.09,81.75,98.09,0.131,5425,4.9,11.1,Jeff Teague
203481,Jeff,1610612762,UTA,27.0,51,33,18,0.647,432.34833333333336,55,103,0.534,0,1,0.0,36,48,0.75,52,69,121,7,14,16,32,15,52,37,146,-22,431.7,0,0,370.0,1,2016-17,8.5,107.9,103.9,103.9,108.0,106.8,106.8,-0.1,-2.8,-2.8,0.025,0.5,4.8,0.121,0.159,0.14,9.6,9.6,0.534,0.588,0.139,0.145,95.95,98.31,81.92,98.31,0.096,887,1.1,2.0,Jeff Withey
203924,Jerami,1610612760,OKC,23.0,80,43,37,0.538,1531.0016666666668,152,328,0.463,43,116,0.371,90,147,0.612,38,167,205,46,44,33,79,26,149,102,437,-187,1044.0,0,0,955.0,2,2016-17,19.1,102.7,104.0,104.0,108.1,108.4,108.4,-5.4,-4.4,-4.4,0.044,1.05,9.4,0.023,0.106,0.064,9.0,9.1,0.529,0.556,0.122,0.123,100.44,99.68,83.07,99.68,0.058,3158,1.9,4.1,Jerami Grant
203087,Jeremy,1610612766,CHA,25.0,62,27,35,0.435,1142.545,226,491,0.46,41,146,0.281,110,129,0.853,30,234,264,75,40,27,23,17,98,111,603,-40,1142.3,1,0,1083.0,1,2016-17,18.4,107.6,107.4,107.4,108.7,108.9,108.9,-1.1,-1.5,-1.5,0.113,1.88,11.4,0.026,0.2,0.113,6.1,6.0,0.502,0.55,0.228,0.235,95.9,95.93,79.94,95.93,0.124,2281,3.6,7.9,Jeremy Lamb
202391,Jeremy,1610612751,BKN,28.0,36,13,23,0.361,882.5883333333334,175,400,0.438,58,156,0.372,115,141,0.816,11,124,135,184,86,42,14,26,79,138,523,-83,1043.0,3,0,1012.0,1,2016-17,24.5,103.5,103.3,103.3,106.4,108.1,108.1,-2.9,-4.7,-4.7,0.338,2.14,25.1,0.012,0.128,0.071,11.7,11.7,0.51,0.566,0.255,0.259,106.86,106.08,88.4,106.08,0.131,1955,4.9,11.1,Jeremy Lin
1626170,Jerian,1610612741,CHI,24.0,63,29,34,0.46,1028.43,128,301,0.425,49,134,0.366,65,73,0.89,17,94,111,121,44,47,8,9,93,64,370,52,805.7,1,0,761.0,1,2016-17,16.3,106.4,107.5,107.5,103.8,104.8,104.8,2.6,2.7,2.7,0.172,2.75,24.4,0.016,0.09,0.052,8.9,8.8,0.507,0.555,0.159,0.163,97.0,96.05,80.04,96.05,0.084,2056,2.0,4.8,Jerian Grant
201573,Jerryd,1610612755,PHI,28.0,3,1,2,0.333,71.49,11,32,0.344,2,5,0.4,9,10,0.9,3,9,12,13,9,0,0,4,4,7,33,-21,57.9,0,0,60.0,1,2016-17,23.8,93.3,93.8,93.8,106.3,108.3,108.3,-12.9,-14.6,-14.6,0.361,1.44,22.0,0.041,0.115,0.079,15.3,15.4,0.375,0.453,0.279,0.284,97.84,96.68,80.57,96.68,0.097,144,3.7,10.7,Jerryd Bayless
202710,Jimmy,1610612741,CHI,27.0,76,40,36,0.526,2808.9566666666665,570,1252,0.455,91,248,0.367,585,676,0.865,129,341,470,417,159,143,32,58,112,493,1816,205,3371.5,15,2,3144.0,1,2016-17,37.0,106.4,108.0,108.0,103.4,104.7,104.7,3.0,3.3,3.3,0.243,2.62,19.7,0.044,0.118,0.081,7.5,7.5,0.492,0.586,0.261,0.265,97.78,96.48,80.4,96.48,0.164,5654,7.5,16.5,Jimmy Butler III
201149,Joakim,1610612752,NYK,32.0,46,17,29,0.37,1014.5816666666668,99,202,0.49,0,1,0.0,34,78,0.436,162,241,403,103,58,30,37,12,127,81,232,-143,1013.1,5,0,872.0,1,2016-17,22.1,105.0,106.2,106.2,111.0,112.6,112.6,-5.9,-6.4,-6.4,0.138,1.78,25.8,0.146,0.229,0.187,14.5,14.6,0.49,0.491,0.124,0.125,98.44,97.2,81.0,97.2,0.094,2049,2.2,4.4,Joakim Noah
201975,Jodie,1610612753,ORL,29.0,36,14,22,0.389,737.6216666666667,103,256,0.402,56,137,0.409,65,74,0.878,5,72,77,45,36,34,4,12,41,58,327,-101,564.9,0,0,581.0,1,2016-17,20.5,104.9,105.9,105.9,110.4,111.7,111.7,-5.4,-5.8,-5.8,0.089,1.25,12.2,0.007,0.1,0.052,9.8,9.7,0.512,0.567,0.192,0.196,100.24,99.17,82.64,99.17,0.081,1518,2.9,7.1,Jodie Meeks
203925,Joe,1610612751,BKN,25.0,52,10,42,0.192,1138.375,154,362,0.425,85,221,0.385,35,49,0.714,16,131,147,54,55,30,8,24,121,46,428,-284,744.4,0,0,790.0,1,2016-17,21.9,97.4,97.9,97.9,107.9,109.1,109.1,-10.5,-11.2,-11.2,0.076,0.98,10.9,0.013,0.103,0.058,11.1,11.2,0.543,0.558,0.159,0.161,105.53,104.63,87.19,104.63,0.061,2479,3.0,7.0,Joe Harris
204060,Joe,1610612762,UTA,29.0,82,51,31,0.622,1972.1583333333333,204,451,0.452,123,279,0.441,50,68,0.735,23,238,261,225,107,96,8,16,163,81,581,158,1436.7,0,0,1398.0,1,2016-17,24.1,109.3,108.5,108.5,104.6,104.4,104.4,4.8,4.0,4.0,0.168,2.1,27.6,0.013,0.123,0.07,13.1,13.2,0.589,0.604,0.135,0.139,94.02,94.45,78.71,94.45,0.09,3881,2.5,5.5,Joe Ingles
2207,Joe,1610612762,UTA,36.0,78,47,31,0.603,1842.9283333333333,273,626,0.436,106,258,0.411,63,77,0.818,33,210,243,144,69,36,18,12,93,64,715,116,1315.6,0,0,1316.0,1,2016-17,23.6,108.4,107.6,107.6,104.3,104.3,104.3,4.1,3.3,3.3,0.125,2.09,16.6,0.019,0.115,0.069,7.9,7.9,0.521,0.542,0.181,0.186,93.25,93.57,77.97,93.57,0.095,3592,3.5,8.0,Joe Johnson
1626202,Joe,1610612754,IND,25.0,33,18,15,0.545,135.16333333333333,26,72,0.361,5,23,0.217,11,15,0.733,1,16,17,15,5,4,0,5,5,12,68,-57,117.9,0,0,113.0,1,2016-17,4.1,86.4,87.1,87.1,112.5,106.2,106.2,-26.1,-19.1,-19.1,0.203,3.0,15.3,0.006,0.0,0.0,5.1,5.1,0.396,0.433,0.251,0.26,99.86,102.28,85.23,102.28,0.087,287,0.8,2.2,Joe Young
201202,Joel,1610612759,SAS,34.0,19,15,4,0.789,121.965,10,16,0.625,0,0,0.0,5,8,0.625,8,23,31,3,4,2,6,1,11,6,25,-13,86.7,0,0,75.0,1,2016-17,6.4,92.2,89.6,89.6,99.5,93.3,93.3,-7.3,-3.7,-3.7,0.041,0.75,11.1,0.06,0.178,0.118,14.8,15.1,0.625,0.64,0.086,0.088,95.12,99.57,82.97,99.57,0.087,251,0.5,0.8,Joel Anthony
1627762,Joel,1610612762,UTA,23.0,12,8,4,0.667,52.53333333333333,9,16,0.563,1,4,0.25,3,6,0.5,4,13,17,2,2,1,2,1,1,3,22,12,52.4,0,0,48.0,1,2016-17,4.4,106.3,100.9,100.9,95.0,91.7,91.7,11.3,9.2,9.2,0.065,1.0,8.7,0.077,0.22,0.153,8.7,8.8,0.594,0.59,0.172,0.18,95.32,99.59,82.99,99.59,0.154,110,0.8,1.3,Joel Bolomboy
203954,Joel,1610612755,PHI,23.0,31,13,18,0.419,786.06,200,429,0.466,36,98,0.367,191,244,0.783,61,182,243,66,117,27,76,36,112,219,627,67,1209.6,9,0,1178.0,1,2016-17,25.4,102.4,102.8,102.8,99.1,98.7,98.7,3.2,4.1,4.1,0.174,0.56,9.1,0.08,0.218,0.152,16.2,16.3,0.508,0.584,0.356,0.363,100.25,100.3,83.58,100.3,0.174,1642,6.5,13.8,Joel Embiid
203530,Joffrey,1610612741,CHI,25.0,70,41,29,0.586,980.105,148,336,0.44,33,98,0.337,46,73,0.63,72,179,251,70,56,25,6,25,83,72,375,-89,818.2,0,0,791.0,2,2016-17,14.0,102.2,103.3,103.3,107.8,106.9,106.9,-5.6,-3.6,-3.6,0.11,1.25,14.2,0.069,0.182,0.124,11.3,11.3,0.49,0.509,0.185,0.188,98.86,98.73,82.28,98.73,0.094,2008,2.1,4.8,Joffrey Lauvergne
203089,John,1610612749,MIL,26.0,58,26,32,0.448,1122.5266666666666,159,309,0.515,0,1,0.0,74,107,0.692,92,203,295,57,52,29,78,18,151,106,392,-49,1100.5,0,0,958.0,1,2016-17,19.4,105.2,106.3,106.3,107.0,108.2,108.2,-1.8,-1.9,-1.9,0.076,1.1,12.2,0.084,0.179,0.132,11.1,11.2,0.515,0.55,0.163,0.164,96.66,95.61,79.68,95.61,0.092,2233,2.7,5.3,John Henson
203098,John,1610612756,PHX,26.0,4,0,4,0.0,12.933333333333334,2,5,0.4,1,2,0.5,2,2,1.0,0,1,1,1,0,0,0,0,0,1,7,9,9.7,0,0,10.0,1,2016-17,3.2,130.8,137.0,137.0,109.2,96.6,96.6,21.6,40.5,40.5,0.083,0.0,14.3,0.0,0.091,0.0,0.0,0.0,0.5,0.595,0.188,0.182,100.06,103.92,86.6,103.92,0.102,27,0.5,1.3,John Jenkins
101249,John,1610612750,MIN,34.0,5,3,2,0.6,10.68,1,4,0.25,0,1,0.0,0,0,0.0,0,0,0,1,0,2,0,0,0,0,2,12,9.5,0,0,7.0,1,2016-17,2.1,117.3,108.3,108.3,70.4,56.0,56.0,46.9,52.3,52.3,0.2,0.0,20.0,0.0,0.0,0.0,0.0,0.0,0.25,0.25,0.154,0.166,94.47,110.11,91.76,110.11,0.073,24,0.2,0.8,John Lucas III
202322,John,1610612764,WAS,26.0,78,48,30,0.615,2835.483333333333,647,1435,0.451,89,272,0.327,422,527,0.801,59,267,326,831,322,157,49,86,151,414,1805,248,3738.7,50,0,3463.0,1,2016-17,36.4,111.2,113.0,113.0,107.3,108.8,108.8,3.9,4.2,4.2,0.45,2.58,29.5,0.021,0.094,0.058,11.4,11.4,0.482,0.541,0.299,0.302,101.08,99.63,83.03,99.63,0.153,5887,8.3,18.4,John Wall
203948,Johnny,1610612766,CHA,24.0,11,4,7,0.364,80.65166666666667,15,30,0.5,3,6,0.5,5,6,0.833,9,10,19,6,6,0,1,0,10,4,38,-26,66.8,0,0,68.0,2,2016-17,7.3,105.6,101.8,101.8,120.8,119.3,119.3,-15.2,-17.5,-17.5,0.125,1.0,13.3,0.113,0.152,0.13,13.3,13.4,0.55,0.582,0.205,0.211,97.26,99.69,83.07,99.69,0.08,169,1.4,2.7,Johnny O'Bryant III
202720,Jon,1610612765,DET,28.0,75,34,41,0.453,1943.7383333333328,310,646,0.48,49,167,0.293,98,113,0.867,102,300,402,111,66,31,26,41,145,97,767,-76,1520.9,3,0,1443.0,1,2016-17,25.9,101.8,102.4,102.4,104.1,104.5,104.5,-2.3,-2.0,-2.0,0.088,1.68,12.8,0.049,0.156,0.1,7.6,7.6,0.518,0.551,0.169,0.173,97.1,96.63,80.53,96.63,0.1,3915,4.1,8.6,Jon Leuer
201973,Jonas,1610612738,BOS,30.0,78,51,27,0.654,1231.763333333333,114,262,0.435,45,130,0.346,26,37,0.703,59,213,272,71,39,25,17,17,122,43,299,36,818.9,0,0,771.0,1,2016-17,15.8,108.9,109.1,109.1,105.8,107.4,107.4,3.1,1.7,1.7,0.081,1.82,18.3,0.048,0.164,0.108,10.0,10.0,0.521,0.537,0.113,0.115,98.92,98.04,81.7,98.04,0.069,2513,1.5,3.4,Jonas Jerebko
202685,Jonas,1610612761,TOR,25.0,80,50,30,0.625,2065.475,391,702,0.557,1,2,0.5,176,217,0.811,226,533,759,57,106,37,63,34,216,222,959,108,2149.3,29,0,1976.0,1,2016-17,25.8,109.6,111.1,111.1,107.2,109.1,109.1,2.4,2.0,2.0,0.043,0.54,5.9,0.112,0.264,0.188,11.0,11.0,0.558,0.601,0.193,0.195,96.62,95.15,79.29,95.15,0.136,4106,4.9,8.8,Jonas Valančiūnas
1626780,Jonathan,1610612742,DAL,29.0,17,4,13,0.235,231.21,35,95,0.368,15,45,0.333,21,29,0.724,1,21,22,26,21,8,0,5,21,23,106,-83,174.4,0,0,185.0,1,2016-17,13.6,97.3,96.6,96.6,116.9,114.1,114.1,-19.6,-17.5,-17.5,0.215,1.24,16.7,0.004,0.107,0.05,13.5,13.6,0.447,0.492,0.249,0.253,96.88,98.4,82.0,98.4,0.062,474,2.1,5.6,Jonathan Gibson
203613,Jonathon,1610612759,SAS,27.0,78,60,18,0.769,1392.4666666666667,177,421,0.42,30,102,0.294,99,132,0.75,20,140,160,126,76,47,25,39,146,113,483,210,1004.0,0,0,943.0,1,2016-17,17.9,105.5,105.0,105.0,96.6,96.6,96.6,8.8,8.4,8.4,0.137,1.66,18.3,0.015,0.097,0.057,11.1,11.2,0.456,0.504,0.176,0.179,97.57,97.81,81.51,97.81,0.067,2824,2.3,5.4,Jonathon Simmons
203903,Jordan,1610612747,LAL,25.0,82,26,56,0.317,2396.555,477,1071,0.445,117,356,0.329,134,168,0.798,49,197,246,213,164,88,8,58,150,145,1205,-422,1943.7,0,0,1973.0,1,2016-17,29.2,103.0,104.2,104.2,112.0,112.6,112.6,-8.9,-8.3,-8.3,0.143,1.3,14.1,0.02,0.083,0.05,10.8,10.8,0.5,0.526,0.228,0.232,101.32,100.47,83.73,100.47,0.084,5015,5.8,13.1,Jordan Clarkson
202348,Jordan,1610612740,NOP,28.0,19,9,10,0.474,442.3033333333333,105,218,0.482,37,95,0.389,20,26,0.769,4,30,34,57,25,11,2,1,30,22,267,16,407.3,0,0,421.0,1,2016-17,23.3,112.6,113.5,113.5,112.5,111.8,111.8,0.1,1.6,1.6,0.192,2.28,18.5,0.009,0.069,0.04,8.1,8.0,0.567,0.582,0.254,0.259,98.44,98.38,81.98,98.38,0.102,907,5.5,11.5,Jordan Crawford
200770,Jordan,1610612758,SAC,30.0,2,1,1,0.5,35.38,4,12,0.333,4,9,0.444,0,0,0.0,1,2,3,9,3,2,0,1,1,1,12,-1,32.1,0,0,32.0,1,2016-17,17.7,114.5,113.7,113.7,120.9,125.4,125.4,-6.4,-11.7,-11.7,0.346,3.0,37.5,0.03,0.057,0.044,12.5,12.5,0.5,0.5,0.183,0.191,96.3,94.97,79.14,94.97,0.087,73,2.0,6.0,Jordan Farmar
201941,Jordan,1610612750,MIN,29.0,7,2,5,0.286,46.56666666666667,5,13,0.385,0,0,0.0,2,2,1.0,8,6,14,0,4,1,0,1,9,3,12,12,27.8,0,0,28.0,1,2016-17,6.7,107.5,102.2,102.2,93.6,90.1,90.1,13.9,12.1,12.1,0.0,0.0,0.0,0.182,0.122,0.151,22.2,22.4,0.385,0.432,0.171,0.18,90.23,94.32,78.6,94.32,0.015,92,0.7,1.9,Jordan Hill
203895,Jordan,1610612739,CLE,26.0,37,26,11,0.703,383.50666666666666,58,150,0.387,18,51,0.353,27,34,0.794,6,35,41,19,14,8,6,17,31,27,161,-60,266.7,0,0,267.0,1,2016-17,10.4,105.2,104.9,104.9,112.7,112.8,112.8,-7.5,-7.9,-7.9,0.083,1.36,9.6,0.015,0.088,0.052,7.1,7.1,0.447,0.488,0.208,0.216,97.04,97.19,80.99,97.19,0.059,777,1.6,4.1,Jordan McRae
1626175,Jordan,1610612738,BOS,22.0,25,9,16,0.36,141.03166666666667,15,34,0.441,0,1,0.0,8,14,0.571,13,21,34,7,9,3,6,6,12,10,38,-58,107.3,0,0,97.0,1,2016-17,5.6,99.2,94.6,94.6,116.1,116.6,116.6,-16.9,-22.0,-22.0,0.084,0.78,12.5,0.087,0.163,0.122,16.1,16.0,0.441,0.473,0.148,0.157,97.55,99.72,83.1,99.72,0.06,296,0.6,1.4,Jordan Mickey
101181,Jose,1610612737,ATL,35.0,41,15,26,0.366,538.7983333333333,55,134,0.41,20,64,0.313,11,12,0.917,15,59,74,88,41,11,1,3,36,15,141,-105,356.8,0,0,347.0,2,2016-17,13.1,95.7,96.1,96.1,105.4,106.1,106.1,-9.7,-10.0,-10.0,0.251,2.15,33.0,0.025,0.111,0.066,15.4,15.3,0.485,0.506,0.14,0.144,98.95,98.4,82.0,98.4,0.077,1107,1.3,3.3,Jose Calderon
203962,Josh,1610612760,OKC,25.0,2,0,2,0.0,30.883333333333333,6,11,0.545,2,4,0.5,0,1,0.0,4,5,9,3,0,0,3,0,0,1,14,3,38.3,0,0,34.0,1,2016-17,15.4,111.3,113.2,113.2,104.9,108.8,108.8,6.4,4.4,4.4,0.115,0.0,21.4,0.118,0.139,0.129,0.0,0.0,0.636,0.612,0.139,0.146,108.61,105.69,88.07,105.69,0.137,68,3.0,5.5,Josh Huestis
201177,Josh,1610612748,MIA,30.0,22,6,16,0.273,381.2133333333333,44,118,0.373,13,31,0.419,6,9,0.667,23,51,74,50,23,10,4,13,31,10,107,-73,289.8,0,0,272.0,1,2016-17,17.3,100.1,100.9,100.9,109.4,110.1,110.1,-9.3,-9.2,-9.2,0.2,2.17,25.6,0.058,0.139,0.097,11.8,11.8,0.428,0.439,0.171,0.175,93.81,93.11,77.59,93.11,0.071,737,2.0,5.4,Josh McRoberts
1626196,Josh,1610612748,MIA,23.0,53,23,30,0.434,1614.355,202,513,0.394,75,227,0.33,60,77,0.779,35,133,168,140,65,60,39,17,132,92,539,7,1182.6,0,0,1120.0,1,2016-17,30.5,104.4,105.2,105.2,103.3,105.3,105.3,1.2,-0.1,-0.1,0.128,2.15,18.7,0.021,0.082,0.051,8.7,8.6,0.467,0.493,0.165,0.168,97.52,96.26,80.22,96.26,0.069,3242,3.8,9.7,Josh Richardson
201950,Jrue,1610612740,NOP,27.0,67,32,35,0.478,2189.903333333333,405,893,0.454,100,281,0.356,119,168,0.708,46,218,264,488,194,100,44,38,133,144,1029,38,2315.8,16,0,2169.0,1,2016-17,32.7,103.7,104.3,104.3,102.8,103.7,103.7,0.9,0.7,0.7,0.355,2.52,29.6,0.02,0.092,0.057,11.8,11.8,0.51,0.532,0.232,0.235,100.12,99.36,82.8,99.36,0.121,4537,6.0,13.3,Jrue Holiday
1627823,Juancho,1610612743,DEN,21.0,62,30,32,0.484,841.9016666666666,101,224,0.451,46,113,0.407,57,76,0.75,43,144,187,29,31,30,12,12,62,65,305,-34,667.9,1,0,651.0,1,2016-17,13.6,107.7,107.9,107.9,111.3,110.1,110.1,-3.6,-2.2,-2.2,0.048,0.94,9.2,0.047,0.171,0.107,9.8,9.8,0.554,0.592,0.139,0.144,101.03,101.51,84.59,101.51,0.086,1783,1.6,3.6,Juancho Hernangomez
203944,Julius,1610612747,LAL,22.0,74,24,50,0.324,2132.1066666666666,377,773,0.488,17,63,0.27,204,282,0.723,150,486,636,264,173,49,37,74,248,194,975,-452,2219.2,18,3,2064.0,1,2016-17,28.8,103.1,104.2,104.2,113.3,114.0,114.0,-10.2,-9.8,-9.8,0.195,1.53,19.8,0.066,0.231,0.145,13.0,13.0,0.499,0.543,0.212,0.215,100.9,100.05,83.37,100.05,0.113,4437,5.1,10.4,Julius Randle
1626147,Justin,1610612755,PHI,23.0,75,24,51,0.32,1227.2333333333331,186,439,0.424,58,194,0.299,102,129,0.791,69,176,245,66,66,41,23,18,109,94,532,-194,1051.0,0,0,1029.0,2,2016-17,16.4,101.8,101.5,101.5,108.3,108.6,108.6,-6.6,-7.1,-7.1,0.089,1.0,10.5,0.054,0.151,0.1,10.5,10.5,0.49,0.537,0.202,0.206,97.35,97.35,81.13,97.35,0.091,2481,2.5,5.9,Justin Anderson
203120,Justin,1610612751,BKN,27.0,64,14,50,0.219,1176.513333333333,174,379,0.459,55,180,0.306,39,52,0.75,71,191,262,55,43,29,43,19,91,56,442,-292,1011.9,1,0,958.0,1,2016-17,18.4,98.2,98.0,98.0,109.5,109.8,109.8,-11.3,-11.7,-11.7,0.074,1.28,11.0,0.057,0.152,0.104,8.6,8.6,0.532,0.55,0.158,0.162,103.43,103.36,86.14,103.36,0.092,2536,2.7,5.9,Justin Hamilton
202712,Justin,1610612755,PHI,27.0,3,1,2,0.333,31.316666666666663,5,12,0.417,2,7,0.286,0,0,0.0,2,3,5,2,4,0,0,1,2,0,12,-11,17.0,0,0,21.0,1,2016-17,10.4,94.6,95.5,95.5,112.6,113.6,113.6,-18.0,-18.1,-18.1,0.1,0.5,11.1,0.0,0.0,0.0,22.2,22.2,0.5,0.5,0.208,0.214,102.88,101.93,84.94,101.93,0.039,67,1.7,4.0,Justin Harper
203200,Justin,1610612752,NYK,28.0,82,31,51,0.378,1639.1233333333332,233,538,0.433,97,273,0.355,66,80,0.825,27,198,225,102,66,65,31,19,109,69,629,-41,1274.0,0,0,1245.0,1,2016-17,20.0,103.4,104.5,104.5,105.0,105.3,105.3,-1.7,-0.8,-0.8,0.095,1.55,13.8,0.016,0.114,0.065,8.9,8.9,0.523,0.549,0.166,0.169,98.64,98.0,81.67,98.0,0.092,3340,2.8,6.6,Justin Holiday
1626159,Justise,1610612748,MIA,21.0,18,4,14,0.222,625.295,80,225,0.356,7,35,0.2,29,47,0.617,23,71,94,66,33,26,6,18,52,40,196,-6,470.8,1,0,427.0,1,2016-17,34.7,101.1,102.8,102.8,101.5,103.9,103.9,-0.4,-1.1,-1.1,0.153,2.0,19.2,0.035,0.107,0.071,9.6,9.6,0.371,0.399,0.198,0.2,97.53,95.61,79.67,95.61,0.059,1249,4.4,12.5,Justise Winslow
203994,Jusuf,1610612757,POR,22.0,65,34,31,0.523,1390.98,271,534,0.507,0,1,0.0,120,210,0.571,154,313,467,123,143,50,74,43,161,185,662,-53,1635.9,13,0,1500.0,2,2016-17,21.4,104.4,106.3,106.3,106.5,107.7,107.7,-2.1,-1.4,-1.4,0.142,0.86,13.8,0.108,0.212,0.161,16.0,16.0,0.507,0.528,0.232,0.235,100.65,99.19,82.66,99.19,0.117,2869,4.2,8.2,Jusuf Nurkić
203909,KJ,1610612751,BKN,24.0,49,28,21,0.571,505.51,77,169,0.456,20,66,0.303,32,38,0.842,15,67,82,13,29,19,18,11,49,26,206,-45,405.9,0,0,395.0,2,2016-17,10.3,104.4,103.6,103.6,107.4,107.2,107.2,-3.1,-3.6,-3.6,0.04,0.45,5.7,0.03,0.125,0.079,12.7,12.7,0.515,0.555,0.18,0.185,100.37,100.84,84.03,100.84,0.076,1059,1.6,3.4,KJ McDaniels
1626157,Karl-Anthony,1610612750,MIN,21.0,82,31,51,0.378,3030.33,802,1480,0.542,101,275,0.367,356,428,0.832,296,711,1007,220,212,56,103,91,241,382,2061,-26,3864.4,62,1,3707.0,1,2016-17,37.0,109.9,111.8,111.8,110.8,112.1,112.1,-0.9,-0.3,-0.3,0.127,1.04,10.5,0.101,0.247,0.173,10.1,10.1,0.576,0.618,0.271,0.274,97.11,95.73,79.77,95.73,0.17,6041,9.8,18.0,Karl-Anthony Towns
202695,Kawhi,1610612759,SAS,26.0,74,54,20,0.73,2474.48,636,1312,0.485,147,387,0.38,469,533,0.88,80,350,430,260,154,133,55,33,122,399,1888,434,3204.0,9,0,3101.0,1,2016-17,33.4,112.6,113.8,113.8,104.0,105.1,105.1,8.6,8.7,8.7,0.182,1.69,13.3,0.034,0.143,0.089,7.9,7.9,0.541,0.61,0.306,0.312,95.79,94.78,78.98,94.78,0.174,4891,8.6,17.7,Kawhi Leonard
1627770,Kay,1610612739,CLE,22.0,42,25,17,0.595,385.75,62,158,0.392,7,22,0.318,35,49,0.714,3,38,41,58,30,18,7,11,38,35,166,-53,347.2,0,0,322.0,1,2016-17,9.2,101.0,98.4,98.4,106.5,104.9,104.9,-5.5,-6.5,-6.5,0.261,1.93,21.5,0.008,0.092,0.052,11.1,11.2,0.415,0.462,0.243,0.251,97.77,99.86,83.21,99.86,0.079,802,1.5,3.8,Kay Felder
203482,Kelly,1610612738,BOS,26.0,75,49,26,0.653,1538.33,260,508,0.512,68,192,0.354,90,123,0.732,73,288,361,148,96,44,29,30,207,135,678,16,1456.2,2,0,1401.0,1,2016-17,20.5,103.7,105.1,105.1,104.2,105.2,105.2,-0.4,-0.1,-0.1,0.159,1.54,18.4,0.046,0.181,0.113,11.9,11.9,0.579,0.603,0.185,0.188,99.85,98.69,82.25,98.69,0.11,3172,3.5,6.8,Kelly Olynyk
1626162,Kelly,1610612764,WAS,21.0,79,47,32,0.595,1605.255,186,442,0.421,54,188,0.287,75,99,0.758,61,200,261,47,50,58,17,35,195,97,501,-42,1059.7,1,0,1013.0,1,2016-17,20.3,106.0,105.3,105.3,105.6,106.0,106.0,0.4,-0.6,-0.6,0.042,0.94,8.1,0.038,0.122,0.081,8.6,8.6,0.482,0.516,0.143,0.147,99.53,99.66,83.05,99.66,0.055,3323,2.4,5.6,Kelly Oubre Jr.
202689,Kemba,1610612766,CHA,27.0,79,36,43,0.456,2739.3083333333334,643,1449,0.444,240,602,0.399,304,359,0.847,45,263,308,434,168,85,22,111,119,329,1830,189,3003.6,8,0,3026.0,1,2016-17,34.7,109.0,110.9,110.9,105.4,107.4,107.4,3.5,3.5,3.5,0.282,2.58,19.7,0.016,0.095,0.055,7.6,7.6,0.527,0.569,0.286,0.291,98.2,96.44,80.36,96.44,0.137,5502,8.1,18.3,Kemba Walker
202702,Kenneth,1610612743,DEN,27.0,61,29,32,0.475,1295.8766666666668,228,416,0.548,0,6,0.0,131,189,0.693,183,279,462,55,59,43,40,41,124,157,587,-60,1413.9,11,0,1270.0,1,2016-17,21.2,109.0,110.7,110.7,112.1,112.3,112.3,-3.0,-1.7,-1.7,0.064,0.93,9.0,0.135,0.218,0.175,9.6,9.6,0.548,0.588,0.179,0.181,100.83,99.95,83.29,99.95,0.124,2692,3.7,6.8,Kenneth Faried
203145,Kent,1610612737,ATL,27.0,73,39,34,0.534,1962.7816666666668,295,721,0.409,92,266,0.346,119,168,0.708,45,186,231,177,125,91,52,30,165,147,801,-106,1647.7,1,0,1587.0,1,2016-17,26.9,102.9,104.3,104.3,105.2,106.0,106.0,-2.3,-1.7,-1.7,0.14,1.42,16.1,0.022,0.089,0.056,11.4,11.4,0.473,0.504,0.202,0.204,100.35,99.31,82.76,99.31,0.074,4044,4.0,9.9,Kent Bazemore
203484,Kentavious,1610612765,DET,24.0,76,33,43,0.434,2528.4933333333333,370,928,0.399,153,437,0.35,154,185,0.832,55,193,248,193,86,89,12,29,118,138,1047,-148,1851.1,1,0,1843.0,1,2016-17,33.3,103.7,105.4,105.4,107.7,108.6,108.6,-4.0,-3.3,-3.3,0.111,2.24,15.1,0.02,0.079,0.048,6.7,6.7,0.481,0.519,0.187,0.191,97.6,96.43,80.36,96.43,0.078,5088,4.9,12.2,Kentavious Caldwell-Pope
201142,Kevin,1610612744,GSW,28.0,62,51,11,0.823,2070.36,551,1026,0.537,117,312,0.375,336,384,0.875,39,474,513,300,138,66,99,27,117,283,1555,711,2977.6,23,1,2815.0,1,2016-17,33.4,117.2,118.0,118.0,101.3,102.3,102.3,16.0,15.7,15.7,0.218,2.17,18.5,0.02,0.207,0.122,8.5,8.5,0.594,0.651,0.271,0.276,103.71,102.86,85.71,102.86,0.186,4444,8.9,16.5,Kevin Durant
201567,Kevin,1610612739,CLE,28.0,60,40,20,0.667,1884.645,370,867,0.427,145,389,0.373,257,295,0.871,148,518,666,116,122,53,21,58,125,241,1142,337,2215.2,41,0,2217.0,1,2016-17,31.4,113.2,115.5,115.5,106.0,107.1,107.1,7.2,8.4,8.4,0.093,0.95,9.4,0.077,0.267,0.172,9.9,9.9,0.51,0.573,0.253,0.255,99.67,98.17,81.81,98.17,0.148,3861,6.2,14.5,Kevin Love
202338,Kevin,1610612754,IND,27.0,49,23,26,0.469,559.315,109,198,0.551,0,2,0.0,14,22,0.636,41,101,142,23,29,7,20,7,66,20,232,-101,488.9,0,0,451.0,1,2016-17,11.4,101.1,99.6,99.6,111.0,109.4,109.4,-9.9,-9.8,-9.8,0.069,0.79,8.8,0.07,0.181,0.125,11.2,11.2,0.551,0.559,0.184,0.189,96.87,98.31,81.92,98.31,0.095,1151,2.2,4.0,Kevin Seraphin
1626172,Kevon,1610612744,GSW,21.0,53,44,9,0.83,446.9966666666666,56,107,0.523,2,9,0.222,21,34,0.618,44,80,124,29,17,15,17,14,64,30,135,-17,406.3,0,0,354.0,1,2016-17,8.4,102.7,100.1,100.1,102.6,103.5,103.5,0.2,-3.4,-3.4,0.094,1.71,17.4,0.093,0.164,0.129,10.2,10.1,0.533,0.553,0.126,0.133,101.41,102.28,85.24,102.28,0.085,960,1.1,2.0,Kevon Looney
203114,Khris,1610612749,MIL,25.0,29,19,10,0.655,889.0466666666666,150,333,0.45,45,104,0.433,81,92,0.88,11,112,123,99,65,41,7,12,79,74,426,90,801.1,0,0,789.0,1,2016-17,30.7,109.7,110.8,110.8,104.0,105.4,105.4,5.7,5.4,5.4,0.175,1.52,18.6,0.014,0.135,0.076,12.2,12.1,0.518,0.57,0.227,0.232,94.67,93.59,77.99,93.59,0.104,1732,5.2,11.5,Khris Middleton
202691,Klay,1610612744,GSW,27.0,78,66,12,0.846,2649.04,644,1376,0.468,268,647,0.414,186,218,0.853,49,236,285,160,128,66,40,43,139,159,1742,800,2514.0,0,0,2667.0,1,2016-17,34.0,115.6,116.5,116.5,100.9,102.4,102.4,14.7,14.1,14.1,0.09,1.25,9.1,0.02,0.081,0.053,7.3,7.3,0.565,0.592,0.258,0.262,102.17,101.02,84.18,101.02,0.109,5582,8.3,17.6,Klay Thompson
201585,Kosta,1610612758,SAC,28.0,71,27,44,0.38,1419.371666666667,216,392,0.551,0,1,0.0,38,62,0.613,118,285,403,47,61,36,48,28,172,66,470,-156,1215.1,4,0,1088.0,1,2016-17,20.0,102.0,103.0,103.0,107.8,108.5,108.5,-5.7,-5.5,-5.5,0.053,0.77,8.9,0.084,0.202,0.143,11.6,11.6,0.551,0.56,0.151,0.154,96.14,95.38,79.49,95.38,0.093,2820,3.0,5.5,Kosta Koufos
1627739,Kris,1610612750,MIN,23.0,78,30,48,0.385,1333.0,118,313,0.377,21,73,0.288,36,59,0.61,24,142,166,188,89,78,36,18,178,66,293,-132,1027.2,1,0,896.0,1,2016-17,17.1,105.7,105.5,105.5,108.6,108.9,108.9,-2.9,-3.4,-3.4,0.2,2.11,30.5,0.018,0.112,0.064,14.4,14.4,0.411,0.432,0.139,0.142,96.76,96.7,80.59,96.7,0.051,2666,1.5,4.0,Kris Dunn
2743,Kris,1610612737,ATL,32.0,56,31,25,0.554,688.6483333333333,87,214,0.407,19,54,0.352,64,82,0.78,60,146,206,29,28,15,21,12,69,76,257,-67,627.7,0,0,583.0,1,2016-17,12.3,97.3,96.9,96.9,101.7,101.1,101.1,-4.4,-4.2,-4.2,0.07,1.04,9.4,0.083,0.214,0.146,9.1,9.1,0.451,0.514,0.176,0.18,98.09,98.59,82.16,98.59,0.105,1411,1.6,3.8,Kris Humphries
204001,Kristaps,1610612752,NYK,21.0,66,26,40,0.394,2164.4133333333334,443,985,0.45,112,314,0.357,198,252,0.786,111,364,475,97,118,47,129,31,244,219,1196,-101,2321.5,12,0,2232.0,1,2016-17,32.8,104.6,106.4,106.4,107.7,108.7,108.7,-3.1,-2.4,-2.4,0.073,0.82,7.4,0.05,0.159,0.105,9.0,9.0,0.507,0.546,0.24,0.244,99.16,97.86,81.55,97.86,0.106,4414,6.7,14.9,Kristaps Porziņģis
203937,Kyle,1610612759,SAS,23.0,72,53,19,0.736,1020.0916666666668,93,209,0.445,15,40,0.375,45,57,0.789,33,175,208,91,39,51,26,15,63,56,246,179,824.1,0,0,714.0,1,2016-17,14.2,107.2,105.3,105.3,96.7,96.2,96.2,10.5,9.1,9.1,0.126,2.33,24.9,0.034,0.167,0.103,10.7,10.7,0.481,0.525,0.118,0.122,96.61,97.73,81.44,97.73,0.098,2072,1.3,2.9,Kyle Anderson
2594,Kyle,1610612739,CLE,36.0,67,33,34,0.493,1753.0666666666666,239,515,0.464,162,359,0.451,38,42,0.905,7,179,186,110,69,34,21,8,107,55,678,-169,1162.2,0,0,1246.0,2,2016-17,26.2,104.6,105.2,105.2,109.5,110.8,110.8,-4.9,-5.7,-5.7,0.093,1.59,15.6,0.004,0.1,0.053,9.8,9.7,0.621,0.635,0.147,0.151,99.99,99.15,82.62,99.15,0.081,3638,3.6,7.7,Kyle Korver
200768,Kyle,1610612761,TOR,31.0,60,36,24,0.6,2244.025,426,918,0.464,193,468,0.412,299,365,0.819,48,238,286,417,173,88,19,57,170,298,1344,356,2460.7,11,1,2454.0,1,2016-17,37.4,112.8,114.1,114.1,104.6,106.4,106.4,8.2,7.7,7.7,0.293,2.41,25.2,0.022,0.109,0.065,10.5,10.4,0.569,0.623,0.243,0.249,96.85,95.46,79.55,95.46,0.147,4469,7.1,15.3,Kyle Lowry
203124,Kyle,1610612752,NYK,27.0,79,29,50,0.367,1229.1683333333333,215,413,0.521,2,17,0.118,64,83,0.771,157,282,439,117,76,36,104,27,174,98,496,-161,1542.3,6,0,1334.0,1,2016-17,15.6,102.1,103.7,103.7,108.9,109.1,109.1,-6.8,-5.4,-5.4,0.149,1.54,18.3,0.12,0.219,0.169,11.9,11.8,0.523,0.552,0.182,0.186,97.83,96.96,80.8,96.96,0.132,2470,2.7,5.2,Kyle O'Quinn
202713,Kyle,1610612760,OKC,29.0,32,15,17,0.469,385.2466666666666,34,83,0.41,7,37,0.189,13,17,0.765,8,40,48,9,11,7,5,5,29,13,88,8,184.1,0,0,176.0,1,2016-17,12.0,102.0,103.3,103.3,101.2,101.3,101.3,0.8,2.0,2.0,0.034,0.82,8.1,0.019,0.109,0.061,9.9,10.0,0.452,0.486,0.112,0.113,99.19,98.56,82.13,98.56,0.046,787,1.1,2.6,Kyle Singler
1627787,Kyle,1610612745,HOU,24.0,14,12,2,0.857,43.88333333333333,4,14,0.286,4,13,0.308,1,2,0.5,4,6,10,2,5,3,1,0,4,2,13,-38,35.0,0,0,37.0,1,2016-17,3.1,84.5,79.6,79.6,120.4,118.8,118.8,-35.9,-39.2,-39.2,0.069,0.4,9.1,0.087,0.136,0.111,22.7,22.9,0.429,0.437,0.177,0.187,107.61,111.57,92.97,111.57,0.033,103,0.3,1.0,Kyle Wiltjer
202681,Kyrie,1610612739,CLE,25.0,72,47,25,0.653,2524.63,671,1420,0.473,177,441,0.401,297,328,0.905,52,178,230,418,180,83,24,75,157,244,1816,334,2860.0,8,0,2855.0,1,2016-17,35.1,114.2,116.7,116.7,109.1,110.3,110.3,5.1,6.4,6.4,0.278,2.32,19.6,0.02,0.068,0.045,8.4,8.3,0.535,0.58,0.295,0.301,99.12,97.54,81.29,97.54,0.135,5133,9.3,19.7,Kyrie Irving
200746,LaMarcus,1610612759,SAS,31.0,72,52,20,0.722,2335.0116666666668,500,1049,0.477,23,56,0.411,220,271,0.812,172,351,523,139,98,46,88,32,158,238,1243,272,2383.1,18,0,2196.0,1,2016-17,32.4,109.1,110.5,110.5,103.0,104.4,104.4,6.1,6.2,6.2,0.1,1.42,9.8,0.076,0.153,0.115,6.9,7.0,0.488,0.532,0.248,0.249,94.47,93.27,77.72,93.27,0.122,4533,6.9,14.6,LaMarcus Aldridge
203934,Lamar,1610612737,ATL,25.0,5,1,4,0.2,40.36666666666667,3,15,0.2,1,6,0.167,2,3,0.667,1,6,7,6,4,1,0,2,6,2,9,13,25.4,0,0,25.0,1,2016-17,8.1,100.2,101.3,101.3,83.4,83.5,83.5,16.8,17.7,17.7,0.25,1.5,23.1,0.026,0.122,0.08,15.4,15.2,0.233,0.276,0.23,0.234,93.96,93.34,77.79,93.34,-0.004,78,0.6,3.0,Lamar Patterson
202362,Lance,1610612754,IND,26.0,18,8,10,0.444,361.6166666666667,54,120,0.45,6,20,0.3,8,13,0.615,4,48,52,59,26,5,3,1,32,22,122,11,270.9,0,0,255.0,3,2016-17,20.1,101.3,101.9,101.9,99.8,101.0,101.0,1.6,1.0,1.0,0.254,2.27,28.1,0.01,0.128,0.069,12.4,12.3,0.475,0.485,0.181,0.185,97.76,96.9,80.75,96.9,0.089,732,3.0,6.7,Lance Stephenson
202498,Lance,1610612752,NYK,29.0,46,15,31,0.326,967.6483333333332,97,244,0.398,38,85,0.447,43,51,0.843,32,110,142,35,25,21,5,17,85,49,275,-203,550.9,1,0,542.0,1,2016-17,21.0,101.5,102.6,102.6,111.2,112.4,112.4,-9.7,-9.8,-9.8,0.053,1.4,10.7,0.031,0.109,0.069,7.6,7.7,0.475,0.516,0.131,0.132,98.3,97.28,81.06,97.28,0.055,1956,2.1,5.3,Lance Thomas
204038,Langston,1610612758,SAC,25.0,74,29,45,0.392,1494.3916666666669,207,545,0.38,120,308,0.39,51,64,0.797,27,129,156,93,46,46,6,19,96,53,585,-60,1021.7,0,0,1058.0,2,2016-17,20.2,103.2,103.2,103.2,104.6,105.5,105.5,-1.4,-2.3,-2.3,0.098,2.02,13.1,0.017,0.082,0.05,6.5,6.5,0.49,0.51,0.18,0.185,99.47,99.03,82.52,99.03,0.067,3088,2.8,7.4,Langston Galloway
1626204,Larry,1610612747,LAL,24.0,63,21,42,0.333,1441.84,190,361,0.526,10,36,0.278,59,80,0.738,120,249,369,96,56,82,39,10,149,82,449,-133,1342.8,7,0,1166.0,1,2016-17,22.9,103.3,104.1,104.1,108.3,108.2,108.2,-5.0,-4.1,-4.1,0.096,1.71,17.5,0.08,0.18,0.127,10.2,10.2,0.54,0.567,0.133,0.134,101.0,100.67,83.89,100.67,0.101,3020,3.0,5.7,Larry Nance Jr.
202336,Larry,1610612739,CLE,28.0,5,2,3,0.4,12.693333333333332,1,4,0.25,0,0,0.0,2,2,1.0,3,1,4,0,2,1,1,0,5,1,4,-1,12.8,0,0,12.0,1,2016-17,2.5,93.4,92.6,92.6,100.6,96.3,96.3,-7.2,-3.7,-3.7,0.0,0.0,0.0,0.0,0.077,0.0,28.6,29.1,0.25,0.41,0.226,0.224,99.45,102.1,85.08,102.1,-0.056,27,0.2,0.8,Larry Sanders
202730,Lavoy,1610612754,IND,28.0,61,31,30,0.508,871.3216666666667,77,168,0.458,0,1,0.0,23,33,0.697,105,114,219,57,29,18,24,13,78,25,177,-124,622.3,2,0,537.0,1,2016-17,14.3,103.1,102.5,102.5,109.5,109.3,109.3,-6.4,-6.8,-6.8,0.093,1.97,21.2,0.116,0.134,0.125,10.8,10.8,0.458,0.485,0.103,0.106,97.86,98.28,81.9,98.28,0.069,1783,1.3,2.8,Lavoy Allen
2544,LeBron,1610612739,CLE,32.0,74,51,23,0.689,2794.575,736,1344,0.548,124,342,0.363,358,531,0.674,97,542,639,646,303,92,44,60,134,440,1954,483,3794.8,42,13,3635.0,1,2016-17,37.8,114.9,116.7,116.7,107.1,108.5,108.5,7.7,8.3,8.3,0.388,2.13,25.7,0.036,0.189,0.114,12.1,12.0,0.594,0.619,0.292,0.297,98.38,97.0,80.84,97.0,0.183,5655,9.9,18.2,LeBron James
2571,Leandro,1610612756,PHX,34.0,67,20,47,0.299,963.3983333333332,172,392,0.439,35,98,0.357,40,45,0.889,15,89,104,81,48,31,8,22,82,53,419,-66,734.3,0,0,717.0,1,2016-17,14.4,104.6,104.2,104.2,106.5,107.2,107.2,-1.8,-3.0,-3.0,0.128,1.69,15.1,0.015,0.093,0.054,8.9,8.9,0.483,0.509,0.201,0.207,101.15,100.97,84.14,100.97,0.083,2024,2.6,5.9,Leandro Barbosa
101150,Lou,1610612745,HOU,30.0,81,34,47,0.42,1993.4133333333332,428,998,0.429,163,446,0.365,402,457,0.88,26,176,202,239,160,80,20,57,92,273,1421,48,2161.9,0,0,2225.0,2,2016-17,24.6,108.6,110.1,110.1,109.0,109.1,109.1,-0.4,0.9,0.9,0.193,1.49,15.1,0.012,0.084,0.048,10.1,10.0,0.511,0.593,0.277,0.283,103.22,102.49,85.41,102.49,0.133,4260,5.3,12.3,Lou Williams
201601,Luc,1610612746,LAC,30.0,80,49,31,0.613,1787.185,191,378,0.505,43,110,0.391,59,87,0.678,44,126,170,39,46,81,35,31,122,82,484,261,1048.5,0,0,968.0,1,2016-17,22.3,112.3,112.2,112.2,102.0,103.6,103.6,10.3,8.6,8.6,0.029,0.85,7.8,0.026,0.067,0.048,9.2,9.2,0.562,0.581,0.114,0.117,98.38,97.67,81.39,97.67,0.056,3612,2.4,4.7,Luc Mbah a Moute
203512,Lucas,1610612761,TOR,24.0,57,34,23,0.596,1088.25,103,156,0.66,3,12,0.25,44,67,0.657,82,162,244,42,46,52,89,9,137,57,253,178,985.8,0,0,824.0,1,2016-17,19.1,112.6,111.8,111.8,102.8,103.2,103.2,9.8,8.6,8.6,0.053,0.91,15.4,0.077,0.139,0.109,16.8,16.8,0.67,0.682,0.093,0.095,97.54,97.74,81.45,97.74,0.085,2210,1.8,2.7,Lucas Nogueira
2449,Luis,1610612751,BKN,37.0,36,7,29,0.194,460.90833333333336,71,151,0.47,17,50,0.34,25,37,0.676,51,88,139,37,34,14,4,8,63,33,184,-83,426.3,1,0,413.0,1,2016-17,12.8,102.9,102.5,102.5,111.0,111.2,111.2,-8.0,-8.6,-8.6,0.124,1.09,15.7,0.105,0.189,0.146,14.4,14.3,0.526,0.55,0.18,0.185,102.58,102.68,85.57,102.68,0.089,987,2.0,4.2,Luis Scola
202337,Luke,1610612748,MIA,28.0,68,35,33,0.515,1064.9383333333333,113,281,0.402,87,210,0.414,11,15,0.733,12,129,141,36,25,20,11,6,118,29,324,-9,615.2,0,0,650.0,1,2016-17,15.7,104.0,104.5,104.5,102.3,104.5,104.5,1.8,0.0,0.0,0.049,1.44,10.4,0.011,0.116,0.065,7.2,7.2,0.557,0.563,0.13,0.133,97.23,95.96,79.97,95.96,0.054,2125,1.7,4.1,Luke Babbitt
2736,Luol,1610612747,LAL,32.0,56,18,38,0.321,1485.8733333333332,164,424,0.387,51,165,0.309,46,63,0.73,63,232,295,74,43,48,20,24,61,68,425,-195,1051.0,5,0,981.0,1,2016-17,26.5,102.0,102.8,102.8,108.4,108.9,108.9,-6.4,-6.1,-6.1,0.073,1.72,13.1,0.04,0.155,0.096,7.6,7.6,0.447,0.47,0.141,0.143,100.3,99.66,83.05,99.66,0.077,3082,2.9,7.6,Luol Deng
1627781,Malachi,1610612758,SAC,21.0,22,9,13,0.409,198.1183333333333,28,68,0.412,8,28,0.286,15,19,0.789,3,20,23,11,8,5,1,0,23,20,79,-17,133.1,0,0,133.0,1,2016-17,9.0,100.6,99.0,99.0,104.6,103.2,103.2,-4.0,-4.2,-4.2,0.092,1.38,11.6,0.015,0.099,0.058,8.4,8.4,0.471,0.517,0.189,0.195,96.68,98.12,81.77,98.12,0.057,405,1.3,3.1,Malachi Richardson
1627763,Malcolm,1610612749,MIL,24.0,75,38,37,0.507,1982.39,290,635,0.457,78,193,0.404,109,126,0.865,47,166,213,317,113,84,12,41,140,128,767,87,1673.1,2,1,1567.0,1,2016-17,26.4,109.2,110.1,110.1,106.5,107.5,107.5,2.7,2.6,2.6,0.239,2.81,28.4,0.025,0.086,0.056,10.1,10.1,0.518,0.555,0.182,0.186,96.37,95.51,79.59,95.51,0.098,3938,3.9,8.5,Malcolm Brogdon
1627098,Malcolm,1610612737,ATL,28.0,73,37,36,0.507,1247.55,145,388,0.374,26,110,0.236,75,93,0.806,10,113,123,193,95,39,1,20,112,115,391,32,853.1,0,0,813.0,1,2016-17,17.1,102.1,101.9,101.9,100.0,100.5,100.5,2.2,1.4,1.4,0.241,2.03,27.0,0.008,0.09,0.048,13.3,13.3,0.407,0.456,0.181,0.187,98.69,98.55,82.13,98.55,0.064,2559,2.0,5.3,Malcolm Delaney
1627736,Malik,1610612743,DEN,20.0,22,12,10,0.545,164.895,33,73,0.452,9,28,0.321,8,10,0.8,5,12,17,11,8,7,0,6,10,9,83,58,132.9,0,0,134.0,1,2016-17,7.5,111.0,109.9,109.9,96.0,94.4,94.4,15.0,15.5,15.5,0.098,1.38,11.3,0.032,0.064,0.05,8.2,8.3,0.514,0.536,0.216,0.222,103.72,105.09,87.57,105.09,0.086,362,1.5,3.3,Malik Beasley
202412,Manny,1610612742,DAL,27.0,4,1,3,0.25,24.75,3,15,0.2,0,2,0.0,2,4,0.5,3,6,9,2,2,0,0,3,1,2,8,-21,19.8,0,0,19.0,1,2016-17,6.2,78.6,86.0,86.0,129.7,125.5,125.5,-51.1,-39.5,-39.5,0.143,1.0,9.5,0.073,0.0,0.0,9.5,9.6,0.2,0.239,0.292,0.294,100.93,97.94,81.62,97.94,0.006,50,0.8,3.8,Manny Harris
1938,Manu,1610612759,SAS,39.0,69,51,18,0.739,1291.45,171,439,0.39,89,227,0.392,86,107,0.804,28,129,157,183,96,82,16,19,119,126,517,258,1177.9,0,0,1142.0,1,2016-17,18.7,111.0,109.8,109.8,100.6,100.3,100.3,10.4,9.5,9.5,0.199,1.91,24.0,0.022,0.099,0.06,12.6,12.5,0.491,0.532,0.188,0.195,100.93,101.65,84.71,101.65,0.087,2734,2.5,6.4,Manu Ginobili
201188,Marc,1610612763,MEM,32.0,74,40,34,0.541,2531.0333333333333,532,1160,0.459,104,268,0.388,278,332,0.837,60,404,464,338,166,67,99,23,171,317,1446,64,2841.8,11,2,2684.0,1,2016-17,34.2,106.5,107.7,107.7,105.1,106.7,106.7,1.4,1.0,1.0,0.246,2.04,18.7,0.024,0.167,0.094,9.2,9.2,0.503,0.554,0.262,0.267,94.43,93.21,77.68,93.21,0.151,4921,7.2,15.7,Marc Gasol
1626273,Marcelo,1610612747,LAL,34.0,23,5,18,0.217,236.56166666666667,25,68,0.368,4,19,0.211,9,17,0.529,2,22,24,52,19,10,2,5,16,14,63,-43,186.8,0,0,167.0,1,2016-17,10.3,100.8,102.2,102.2,113.1,109.9,109.9,-12.3,-7.7,-7.7,0.311,2.74,35.4,0.008,0.102,0.051,12.9,13.0,0.397,0.417,0.17,0.171,101.12,101.86,84.88,101.86,0.066,500,1.1,3.0,Marcelo Huertas
101162,Marcin,1610612764,WAS,33.0,82,49,33,0.598,2555.478333333333,390,674,0.579,0,2,0.0,103,159,0.648,238,611,849,121,119,40,61,51,213,180,883,202,2267.3,36,0,2055.0,1,2016-17,31.2,110.2,112.1,112.1,107.4,108.6,108.6,2.8,3.5,3.5,0.065,1.02,12.3,0.093,0.243,0.168,12.1,12.1,0.579,0.593,0.146,0.147,99.85,98.44,82.04,98.44,0.11,5249,4.8,8.2,Marcin Gortat
201158,Marco,1610612766,CHA,31.0,74,34,40,0.459,1777.5633333333333,264,615,0.429,102,283,0.36,150,168,0.893,14,164,178,147,70,44,9,11,90,148,780,44,1303.1,1,0,1313.0,1,2016-17,24.0,107.2,106.9,106.9,107.4,107.5,107.5,-0.1,-0.6,-0.6,0.131,2.1,16.4,0.008,0.093,0.05,7.8,7.7,0.512,0.566,0.187,0.193,97.98,98.06,81.72,98.06,0.088,3663,3.6,8.3,Marco Belinelli
1627875,Marcus,1610612753,ORL,23.0,5,2,3,0.4,47.516666666666666,2,7,0.286,1,2,0.5,9,10,0.9,1,8,9,3,2,1,0,0,5,5,14,-25,30.3,0,0,29.0,1,2016-17,9.5,89.8,89.0,89.0,114.4,115.2,115.2,-24.5,-26.2,-26.2,0.13,1.5,17.6,0.0,0.151,0.0,11.8,12.2,0.357,0.614,0.122,0.124,100.39,100.51,83.76,100.51,0.08,100,0.4,1.4,Marcus Georges-Hunt
202694,Marcus,1610612765,DET,27.0,79,36,43,0.456,2565.09,421,1007,0.418,118,357,0.331,145,185,0.784,77,289,366,160,87,52,25,22,168,178,1105,-106,1928.2,5,0,1903.0,1,2016-17,32.5,102.8,104.3,104.3,105.7,106.3,106.3,-2.8,-2.0,-2.0,0.095,1.84,12.0,0.027,0.116,0.069,6.5,6.5,0.477,0.508,0.201,0.202,97.01,96.0,80.0,96.0,0.08,5128,5.3,12.7,Marcus Morris Sr.
203935,Marcus,1610612738,BOS,23.0,79,51,28,0.646,2399.2883333333334,269,749,0.359,94,332,0.283,203,250,0.812,78,227,305,364,159,125,34,49,192,252,835,130,2065.0,2,0,1916.0,1,2016-17,30.4,107.2,108.3,108.3,104.7,105.3,105.3,2.5,3.0,3.0,0.226,2.29,26.4,0.032,0.092,0.062,11.5,11.5,0.422,0.486,0.183,0.185,100.28,99.45,82.87,99.45,0.082,4962,3.4,9.5,Marcus Smart
201977,Marcus,1610612764,WAS,30.0,33,15,18,0.455,574.6716666666666,84,210,0.4,28,80,0.35,23,27,0.852,22,54,76,41,25,19,3,10,48,34,219,-147,412.7,0,0,408.0,1,2016-17,17.4,102.1,102.8,102.8,114.8,115.0,115.0,-12.7,-12.2,-12.2,0.108,1.64,14.4,0.037,0.104,0.068,8.8,8.7,0.467,0.494,0.183,0.188,98.27,97.81,81.51,97.81,0.069,1169,2.5,6.4,Marcus Thornton
1626209,Mario,1610612753,ORL,22.0,65,20,45,0.308,960.2833333333332,117,330,0.355,43,144,0.299,40,50,0.8,20,126,146,62,58,30,15,16,74,53,317,-287,662.2,0,0,658.0,1,2016-17,14.8,94.5,95.1,95.1,109.6,109.2,109.2,-15.2,-14.2,-14.2,0.11,1.07,13.1,0.019,0.133,0.073,12.3,12.3,0.42,0.45,0.187,0.191,97.46,97.35,81.12,97.35,0.059,1942,1.8,5.1,Mario Hezonja
202693,Markieff,1610612764,WAS,27.0,76,45,31,0.592,2374.333333333333,406,889,0.457,71,196,0.362,180,215,0.837,107,386,493,126,129,82,42,46,254,186,1063,179,2086.6,9,0,2001.0,1,2016-17,31.2,109.4,111.1,111.1,105.5,106.9,106.9,3.8,4.2,4.2,0.076,0.98,10.2,0.046,0.162,0.105,10.4,10.4,0.497,0.54,0.203,0.204,100.15,98.73,82.27,98.73,0.089,4871,5.3,11.7,Markieff Morris
1627737,Marquese,1610612756,PHX,19.0,82,24,58,0.293,1743.36,284,632,0.449,72,224,0.321,113,181,0.624,96,252,348,60,108,67,70,56,263,178,753,-382,1563.6,3,0,1507.0,1,2016-17,21.3,102.5,104.3,104.3,113.4,113.8,113.8,-10.8,-9.5,-9.5,0.051,0.56,6.8,0.052,0.148,0.098,12.3,12.3,0.506,0.529,0.194,0.196,103.58,102.46,85.39,102.46,0.063,3709,3.5,7.7,Marquese Chriss
201578,Marreese,1610612746,LAC,29.0,82,51,31,0.622,1285.861666666667,244,548,0.445,103,277,0.372,120,137,0.876,88,285,373,65,69,23,41,24,229,148,711,-33,1379.1,4,0,1380.0,1,2016-17,15.7,106.0,105.3,105.3,108.3,106.3,106.3,-2.3,-0.9,-0.9,0.085,0.94,8.7,0.069,0.218,0.144,9.3,9.3,0.539,0.584,0.234,0.239,97.38,98.59,82.16,98.59,0.114,2637,3.0,6.7,Marreese Speights
1627850,Marshall,1610612752,NYK,24.0,21,6,15,0.286,170.18,16,30,0.533,0,0,0.0,8,19,0.421,23,28,51,10,12,4,4,5,23,17,40,-3,128.2,1,0,117.0,1,2016-17,8.1,107.4,108.4,108.4,109.2,105.6,105.6,-1.9,2.8,2.8,0.082,0.83,16.7,0.124,0.163,0.143,20.0,19.9,0.533,0.521,0.121,0.125,97.55,98.72,82.27,98.72,0.06,344,0.8,1.4,Marshall Plumlee
101107,Marvin,1610612766,CHA,31.0,76,32,44,0.421,2294.543333333333,297,704,0.422,124,354,0.35,131,150,0.873,89,411,500,106,60,58,53,35,134,128,849,-32,1881.0,11,0,1801.0,1,2016-17,30.2,105.9,107.1,107.1,106.4,107.9,107.9,-0.5,-0.8,-0.8,0.072,1.77,11.3,0.037,0.18,0.107,6.4,6.4,0.51,0.551,0.16,0.163,97.83,96.58,80.49,96.58,0.096,4619,3.9,9.3,Marvin Williams
203486,Mason,1610612743,DEN,27.0,81,38,43,0.469,2147.58,334,623,0.536,0,6,0.0,174,300,0.58,170,435,605,284,134,69,92,51,226,252,842,-1,2343.0,19,0,2053.0,2,2016-17,26.5,111.2,112.6,112.6,111.3,111.9,111.9,0.0,0.7,0.7,0.187,2.12,24.2,0.08,0.2,0.141,11.4,11.4,0.536,0.558,0.18,0.181,99.05,98.13,81.78,98.13,0.112,4377,4.1,7.7,Mason Plumlee
2440,Matt,1610612744,GSW,37.0,74,38,36,0.514,1775.9133333333334,185,473,0.391,87,263,0.331,70,89,0.787,70,314,384,195,107,48,26,21,185,69,527,-65,1395.3,4,0,1341.0,2,2016-17,24.0,104.4,105.4,105.4,106.9,107.4,107.4,-2.5,-2.0,-2.0,0.162,1.82,23.9,0.04,0.176,0.109,13.1,13.1,0.483,0.514,0.155,0.156,98.01,97.25,81.04,97.25,0.081,3601,2.5,6.4,Matt Barnes
203521,Matthew,1610612749,MIL,26.0,76,39,37,0.513,1986.0016666666668,208,534,0.39,79,215,0.367,82,96,0.854,24,123,147,357,133,53,0,28,153,101,577,-72,1314.9,0,0,1266.0,1,2016-17,26.1,106.0,107.0,107.0,107.0,108.1,108.1,-1.1,-1.1,-1.1,0.259,2.68,33.6,0.012,0.063,0.038,12.5,12.5,0.463,0.501,0.158,0.161,97.51,96.59,80.49,96.59,0.066,3983,2.7,7.0,Matthew Dellavedova
203090,Maurice,1610612757,POR,24.0,77,38,39,0.494,2223.063333333333,314,624,0.503,68,194,0.351,77,124,0.621,125,216,341,88,86,85,70,49,214,108,773,48,1693.2,2,0,1580.0,1,2016-17,28.9,111.7,112.8,112.8,108.3,110.6,110.6,3.4,2.2,2.2,0.056,1.02,10.3,0.057,0.093,0.075,10.1,10.1,0.558,0.57,0.149,0.151,99.47,97.95,81.63,97.95,0.069,4514,4.1,8.1,Maurice Harkless
1626254,Maurice,1610612752,NYK,25.0,32,10,22,0.313,331.455,39,86,0.453,1,7,0.143,19,26,0.731,22,42,64,8,12,15,8,11,30,22,98,-2,243.8,1,0,217.0,1,2016-17,10.4,102.5,103.4,103.4,103.9,102.7,102.7,-1.4,0.8,0.8,0.037,0.67,6.8,0.064,0.131,0.096,10.3,10.2,0.459,0.503,0.142,0.145,97.55,97.68,81.4,97.68,0.069,671,1.2,2.7,Maurice Ndour
1897,Metta,1610612747,LAL,37.0,25,8,17,0.32,160.33,19,68,0.279,9,38,0.237,10,16,0.625,5,15,20,11,7,10,2,3,18,10,57,-59,126.5,0,0,121.0,1,2016-17,6.4,92.4,91.8,91.8,110.3,108.4,108.4,-17.9,-16.7,-16.7,0.113,1.57,11.7,0.028,0.098,0.06,7.4,7.5,0.346,0.38,0.221,0.226,97.63,98.8,82.33,98.8,0.029,328,0.8,2.7,Metta World Peace
203086,Meyers,1610612757,POR,25.0,74,37,37,0.5,1221.9033333333334,146,378,0.386,74,213,0.347,35,40,0.875,27,210,237,71,35,13,28,8,172,71,401,-30,879.9,1,0,865.0,1,2016-17,16.5,105.0,105.2,105.2,107.6,107.0,107.0,-2.6,-1.9,-1.9,0.085,2.03,14.1,0.022,0.171,0.096,7.0,7.0,0.484,0.507,0.154,0.157,99.46,99.62,83.02,99.62,0.061,2544,2.0,5.1,Meyers Leonard
201563,Michael,1610612749,MIL,28.0,56,23,33,0.411,934.5,216,406,0.532,18,43,0.419,78,105,0.743,40,153,193,53,66,27,27,19,92,79,528,-41,935.1,1,0,900.0,1,2016-17,16.7,106.9,107.5,107.5,108.5,109.3,109.3,-1.6,-1.9,-1.9,0.096,0.8,9.3,0.045,0.162,0.105,11.6,11.6,0.554,0.584,0.243,0.248,97.91,97.31,81.09,97.31,0.116,1892,3.9,7.3,Michael Beasley
203487,Michael,1610612741,CHI,25.0,45,25,20,0.556,846.4516666666667,112,306,0.366,15,64,0.234,58,77,0.753,24,129,153,113,66,38,23,23,102,84,297,-28,767.1,0,0,700.0,1,2016-17,18.8,103.3,104.0,104.0,104.1,105.1,105.1,-0.8,-1.1,-1.1,0.203,1.71,21.9,0.026,0.152,0.087,12.8,12.7,0.391,0.437,0.203,0.207,98.47,97.68,81.4,97.68,0.07,1718,2.5,6.8,Michael Carter-Williams
1627771,Michael,1610612765,DET,25.0,9,7,2,0.778,31.55,1,10,0.1,0,4,0.0,2,2,1.0,2,1,3,2,0,0,0,0,2,1,4,-3,10.6,0,0,9.0,1,2016-17,3.5,108.2,101.6,101.6,110.0,103.1,103.1,-1.8,-1.5,-1.5,0.087,0.0,15.4,0.0,0.033,0.0,0.0,0.0,0.1,0.184,0.151,0.157,91.34,97.37,81.14,97.37,-0.027,63,0.1,1.1,Michael Gbinije
203077,Michael,1610612766,CHA,23.0,81,36,45,0.444,2349.4083333333333,295,618,0.477,1,9,0.111,152,194,0.784,156,409,565,114,56,81,77,70,187,177,743,-6,2010.0,11,0,1739.0,1,2016-17,29.0,105.4,106.7,106.7,103.8,105.8,105.8,1.6,0.9,0.9,0.074,2.04,13.0,0.064,0.171,0.117,6.4,6.4,0.478,0.528,0.144,0.146,97.77,96.25,80.21,96.25,0.093,4689,3.6,7.6,Michael Kidd-Gilchrist
201144,Mike,1610612763,MEM,29.0,69,35,34,0.507,2291.863333333333,464,1009,0.46,171,419,0.408,316,368,0.859,31,210,241,433,156,92,19,37,126,292,1415,188,2530.7,8,0,2482.0,1,2016-17,33.2,108.6,109.6,109.6,105.5,106.2,106.2,3.1,3.4,3.4,0.329,2.78,24.9,0.014,0.095,0.054,9.0,8.9,0.545,0.604,0.256,0.263,94.64,93.87,78.22,93.87,0.16,4499,6.7,14.6,Mike Conley
2399,Mike,1610612737,ATL,36.0,53,34,19,0.642,840.9383333333334,93,220,0.423,53,134,0.396,36,45,0.8,18,97,115,50,28,15,7,7,67,43,275,-36,526.0,0,0,537.0,2,2016-17,15.9,98.2,97.9,97.9,102.5,102.0,102.0,-4.3,-4.2,-4.2,0.097,1.79,15.8,0.02,0.109,0.065,8.8,8.8,0.543,0.573,0.137,0.141,98.53,98.92,82.43,98.92,0.077,1751,1.8,4.2,Mike Dunleavy
2034,Mike,1610612743,DEN,37.0,20,9,11,0.45,150.54333333333332,9,23,0.391,8,20,0.4,2,2,1.0,2,36,38,22,13,2,0,0,9,1,28,-5,99.6,0,0,100.0,1,2016-17,7.5,105.5,104.6,104.6,108.7,105.4,105.4,-3.3,-0.9,-0.9,0.195,1.69,37.3,0.014,0.243,0.129,22.0,22.1,0.565,0.586,0.102,0.104,103.18,105.22,87.68,105.22,0.084,329,0.5,1.2,Mike Miller
203488,Mike,1610612737,ATL,25.0,70,36,34,0.514,1236.861666666667,170,337,0.504,46,110,0.418,49,64,0.766,76,164,240,95,55,30,41,10,97,83,435,-76,1023.5,0,0,958.0,1,2016-17,17.7,102.0,102.5,102.5,105.1,105.4,105.4,-3.1,-2.9,-2.9,0.121,1.73,18.4,0.059,0.13,0.094,10.7,10.7,0.573,0.596,0.145,0.149,99.77,99.41,82.84,99.41,0.097,2561,2.4,4.8,Mike Muscala
203118,Mike,1610612737,ATL,28.0,18,7,11,0.389,194.95666666666668,17,59,0.288,4,27,0.148,7,8,0.875,10,27,37,17,8,4,3,4,12,10,45,-42,127.9,0,0,117.0,1,2016-17,10.8,93.3,92.7,92.7,101.7,102.8,102.8,-8.5,-10.1,-10.1,0.15,2.13,19.3,0.047,0.143,0.092,9.1,9.1,0.322,0.36,0.162,0.165,97.93,97.74,81.45,97.74,0.058,396,0.9,3.3,Mike Scott
1627861,Mike,1610612766,CHA,22.0,2,0,2,0.0,25.183333333333334,1,4,0.25,0,0,0.0,0,0,0.0,2,1,3,1,1,0,0,1,2,0,2,-17,6.1,0,0,6.0,1,2016-17,12.6,70.1,65.3,65.3,97.5,98.0,98.0,-27.3,-32.7,-32.7,0.091,1.0,16.7,0.0,0.0,0.0,16.7,16.7,0.25,0.25,0.098,0.105,91.41,94.35,78.62,94.35,-0.016,49,0.5,2.0,Mike Tobey
203101,Miles,1610612766,CHA,28.0,45,19,26,0.422,484.61,44,92,0.478,0,0,0.0,25,39,0.641,38,57,95,21,30,18,13,12,73,40,113,-66,321.5,0,0,291.0,2,2016-17,10.8,101.1,100.0,100.0,107.0,107.2,107.2,-5.9,-7.2,-7.2,0.065,0.7,13.0,0.082,0.112,0.097,18.6,18.7,0.478,0.518,0.128,0.131,95.64,96.08,80.06,96.08,0.04,972,1.0,2.0,Miles Plumlee
1627851,Mindaugas,1610612752,NYK,27.0,68,24,44,0.353,1016.3083333333332,158,369,0.428,54,168,0.321,55,68,0.809,47,79,126,69,51,29,11,35,79,69,425,-3,748.7,0,0,754.0,1,2016-17,14.9,104.1,105.6,105.6,105.4,105.4,105.4,-1.3,0.2,0.2,0.102,1.35,13.3,0.044,0.075,0.059,9.8,9.8,0.501,0.533,0.186,0.188,99.39,98.69,82.24,98.69,0.075,2086,2.3,5.4,Mindaugas Kuzminskas
203141,Mirza,1610612749,MIL,31.0,70,36,34,0.514,1133.3583333333331,156,418,0.373,104,305,0.341,35,45,0.778,11,151,162,48,37,12,13,9,109,45,451,72,755.4,0,0,815.0,1,2016-17,16.2,106.4,106.8,106.8,103.1,103.9,103.9,3.3,2.9,2.9,0.063,1.3,9.2,0.01,0.132,0.073,7.1,7.1,0.498,0.515,0.188,0.191,96.72,96.16,80.13,96.16,0.061,2273,2.2,6.0,Mirza Teletovic
101145,Monta,1610612754,IND,31.0,74,39,35,0.527,1997.7083333333333,247,557,0.443,43,135,0.319,93,128,0.727,19,185,204,236,135,78,27,31,149,129,630,-71,1408.8,0,0,1323.0,1,2016-17,27.0,106.6,106.5,106.5,107.1,108.5,108.5,-0.5,-2.0,-2.0,0.171,1.75,24.0,0.01,0.092,0.052,13.7,13.7,0.482,0.514,0.166,0.169,98.1,97.5,81.25,97.5,0.069,4062,3.3,7.5,Monta Ellis
1626149,Montrezl,1610612745,HOU,23.0,58,39,19,0.672,1063.5583333333334,225,345,0.652,1,7,0.143,76,121,0.628,81,138,219,64,44,20,42,39,126,114,527,107,1027.8,3,0,935.0,1,2016-17,18.3,112.4,114.3,114.3,108.8,109.0,109.0,3.6,5.3,5.3,0.097,1.45,12.9,0.075,0.123,0.099,8.9,8.7,0.654,0.662,0.17,0.176,102.53,101.57,84.64,101.57,0.108,2245,3.9,5.9,Montrezl Harrell
1626167,Myles,1610612754,IND,21.0,81,42,39,0.519,2541.005,444,869,0.511,40,115,0.348,245,303,0.809,139,450,589,106,105,74,172,45,262,257,1173,143,2671.8,15,0,2400.0,1,2016-17,31.4,108.3,109.1,109.1,105.1,106.4,106.4,3.2,2.8,2.8,0.065,1.01,8.8,0.059,0.172,0.119,8.7,8.7,0.534,0.585,0.195,0.197,98.49,97.52,81.27,97.52,0.112,5162,5.5,10.7,Myles Turner
202357,Nemanja,1610612750,MIN,29.0,65,28,37,0.431,1189.645,151,356,0.424,56,177,0.316,45,61,0.738,57,187,244,79,59,40,20,12,154,68,403,-13,935.3,3,0,902.0,1,2016-17,18.3,104.6,104.0,104.0,103.4,103.6,103.6,1.2,0.5,0.5,0.102,1.34,15.2,0.047,0.157,0.101,11.3,11.3,0.503,0.526,0.159,0.165,97.31,97.5,81.25,97.5,0.078,2405,2.3,5.5,Nemanja Bjelica
2403,ene,1610612745,HOU,34.0,67,47,20,0.701,1197.73,245,397,0.617,3,9,0.333,116,197,0.589,95,187,282,65,73,56,39,36,163,152,609,194,1256.9,0,0,1149.0,1,2016-17,17.9,109.3,110.4,110.4,102.7,102.0,102.0,6.6,8.4,8.4,0.088,0.89,10.5,0.074,0.147,0.111,11.8,11.7,0.621,0.63,0.191,0.193,104.52,104.4,87.0,104.4,0.11,2593,3.7,5.9,Nene
203457,Nerlens,1610612742,DAL,23.0,51,24,27,0.471,1046.8233333333333,184,309,0.595,0,1,0.0,77,111,0.694,93,201,294,50,51,65,50,11,126,112,445,-83,1166.8,3,0,1019.0,2,2016-17,20.5,103.0,102.3,102.3,105.6,105.6,105.6,-2.6,-3.3,-3.3,0.078,0.98,10.9,0.09,0.198,0.143,11.1,11.1,0.595,0.622,0.171,0.176,98.7,99.02,82.52,99.02,0.126,2154,3.6,6.1,Nerlens Noel
2555,Nick,1610612760,OKC,36.0,20,10,10,0.5,127.77333333333333,14,23,0.609,0,1,0.0,5,8,0.625,9,22,31,12,4,2,2,0,17,9,33,-39,96.2,0,0,84.0,1,2016-17,6.4,86.8,87.4,87.4,104.1,102.3,102.3,-17.2,-14.9,-14.9,0.171,3.0,28.6,0.059,0.168,0.109,9.5,9.4,0.609,0.622,0.097,0.101,97.52,98.05,81.71,98.05,0.12,261,0.7,1.2,Nick Collison
201156,Nick,1610612747,LAL,32.0,60,19,41,0.317,1556.2666666666669,272,633,0.43,170,421,0.404,77,90,0.856,25,113,138,58,36,37,14,11,137,82,791,-210,1160.6,0,0,1259.0,1,2016-17,25.9,105.2,106.4,106.4,112.1,112.6,112.6,-6.9,-6.2,-6.2,0.057,1.61,7.6,0.015,0.074,0.043,4.7,4.7,0.564,0.588,0.192,0.195,100.6,99.81,83.17,99.81,0.075,3231,4.5,10.6,Nick Young
201587,Nicolas,1610612766,CHA,28.0,77,35,42,0.455,2617.248333333333,393,975,0.403,135,405,0.333,243,284,0.856,46,435,481,456,194,86,29,40,109,185,1164,69,2576.2,15,1,2466.0,1,2016-17,34.0,107.4,109.1,109.1,106.2,108.2,108.2,1.2,1.0,1.0,0.273,2.35,26.4,0.017,0.164,0.09,11.2,11.1,0.472,0.529,0.215,0.221,98.76,97.08,80.9,97.08,0.118,5301,5.1,12.7,Nicolas Batum
1627852,Nicolas,1610612742,DAL,24.0,54,18,36,0.333,521.3783333333333,52,141,0.369,29,95,0.305,17,22,0.773,26,69,95,47,26,17,8,5,43,25,150,-107,383.5,0,0,371.0,1,2016-17,9.7,102.4,101.1,101.1,113.2,111.1,111.1,-10.8,-9.9,-9.9,0.144,1.81,21.1,0.048,0.148,0.094,11.7,11.6,0.472,0.498,0.148,0.153,94.91,96.44,80.36,96.44,0.072,1046,1.0,2.6,Nicolas Brussino
1627879,Nicolas,1610612759,SAS,27.0,18,15,3,0.833,173.95333333333335,20,47,0.426,10,27,0.37,9,9,1.0,1,9,10,28,19,4,1,2,19,11,59,-44,109.0,0,0,117.0,1,2016-17,9.7,94.6,93.1,93.1,104.3,104.6,104.6,-9.7,-11.5,-11.5,0.301,1.47,28.9,0.006,0.051,0.029,19.6,19.4,0.532,0.579,0.179,0.19,95.35,96.03,80.02,96.03,0.063,346,1.1,2.6,Nicolas Laprovittola
203917,Nik,1610612755,PHI,23.0,80,27,53,0.338,2187.7116666666666,251,634,0.396,132,359,0.368,122,150,0.813,21,205,226,188,128,45,32,35,144,130,756,-188,1412.2,0,0,1456.0,1,2016-17,27.3,102.3,103.1,103.1,107.1,107.4,107.4,-4.8,-4.2,-4.2,0.129,1.47,18.5,0.009,0.091,0.05,12.6,12.6,0.5,0.54,0.161,0.164,100.29,99.79,83.16,99.79,0.067,4550,3.1,7.9,Nik Stauskas
203999,Nikola,1610612743,DEN,22.0,73,37,36,0.507,2037.7283333333328,494,854,0.578,45,139,0.324,188,228,0.825,212,506,718,359,171,61,55,50,214,234,1221,299,2798.1,39,6,2575.0,1,2016-17,27.9,114.9,116.3,116.3,109.8,109.7,109.7,5.1,6.5,6.5,0.266,2.1,24.2,0.106,0.248,0.178,11.5,11.5,0.605,0.64,0.231,0.234,100.78,100.23,83.52,100.23,0.167,4264,6.8,11.7,Nikola Jokić
202703,Nikola,1610612741,CHI,26.0,70,37,33,0.529,1678.9116666666666,258,625,0.413,129,377,0.342,99,128,0.773,61,323,384,75,80,53,55,31,128,117,744,198,1561.3,8,0,1548.0,1,2016-17,24.0,107.7,108.2,108.2,103.0,102.7,102.7,4.7,5.4,5.4,0.069,0.94,9.0,0.036,0.186,0.111,9.6,9.6,0.516,0.546,0.194,0.198,97.96,97.85,81.54,97.85,0.104,3428,3.7,8.9,Nikola Mirotic
202696,Nikola,1610612753,ORL,26.0,75,27,48,0.36,2162.735,483,1031,0.468,23,75,0.307,107,160,0.669,176,603,779,208,117,76,74,34,180,151,1096,-140,2675.8,38,0,2406.0,1,2016-17,28.8,102.5,104.3,104.3,106.1,107.8,107.8,-3.6,-3.5,-3.5,0.157,1.78,14.6,0.077,0.272,0.173,8.2,8.2,0.48,0.498,0.241,0.243,100.76,99.13,82.61,99.13,0.142,4474,6.4,13.7,Nikola Vučević
203943,Noah,1610612757,POR,21.0,74,38,36,0.514,1265.375,130,270,0.481,7,20,0.35,60,94,0.638,131,256,387,31,64,30,27,29,154,80,327,-88,944.9,4,0,866.0,1,2016-17,17.1,103.0,103.1,103.1,105.0,105.9,105.9,-2.0,-2.8,-2.8,0.036,0.48,7.6,0.098,0.199,0.148,15.7,15.7,0.494,0.525,0.129,0.131,98.16,97.74,81.45,97.74,0.073,2569,1.8,3.6,Noah Vonleh
1626181,Norman,1610612761,TOR,24.0,76,47,29,0.618,1367.6516666666666,227,506,0.449,56,173,0.324,126,159,0.792,26,143,169,82,70,52,14,38,127,115,636,83,1089.8,0,0,1075.0,1,2016-17,18.0,109.1,109.3,109.3,105.4,106.5,106.5,3.8,2.8,2.8,0.094,1.17,11.2,0.02,0.107,0.063,9.6,9.6,0.504,0.552,0.208,0.212,97.9,97.31,81.09,97.31,0.087,2775,3.0,6.7,Norman Powell
202708,Norris,1610612760,OKC,28.0,13,5,8,0.385,124.92666666666666,16,52,0.308,3,13,0.231,8,10,0.8,0,11,11,14,7,8,0,3,18,8,43,-16,94.2,0,0,87.0,1,2016-17,9.6,97.8,97.3,97.3,104.2,103.1,103.1,-6.4,-5.8,-5.8,0.177,2.0,17.9,0.0,0.092,0.043,9.0,9.0,0.337,0.381,0.215,0.22,98.87,99.71,83.09,99.71,0.033,259,1.2,4.0,Norris Cole
1627855,Okaro,1610612748,MIA,24.0,35,26,9,0.743,471.175,33,87,0.379,12,34,0.353,20,22,0.909,25,57,82,21,18,10,10,9,52,36,98,68,269.9,0,0,253.0,1,2016-17,13.5,111.0,109.8,109.8,102.4,102.3,102.3,8.6,7.5,7.5,0.061,1.17,15.4,0.053,0.124,0.088,13.2,13.3,0.448,0.507,0.106,0.109,95.85,96.42,80.35,96.42,0.05,945,0.9,2.5,Okaro White
201600,Omer,1610612740,NOP,30.0,31,12,19,0.387,482.1233333333333,31,65,0.477,0,0,0.0,23,39,0.59,48,115,163,15,14,5,10,13,51,37,85,-60,334.1,1,0,293.0,1,2016-17,15.6,99.4,98.9,98.9,104.4,104.7,104.7,-4.9,-5.8,-5.8,0.044,1.07,13.5,0.092,0.228,0.159,12.6,12.6,0.477,0.517,0.086,0.088,99.64,99.76,83.13,99.76,0.073,1001,1.0,2.1,Omer Asik
201956,Omri,1610612750,MIN,29.0,36,12,24,0.333,642.155,77,164,0.47,15,43,0.349,17,29,0.586,27,85,112,37,29,23,3,12,50,36,186,-102,424.9,0,0,402.0,3,2016-17,17.8,103.9,106.0,106.0,112.2,112.8,112.8,-8.3,-6.8,-6.8,0.087,1.28,15.2,0.042,0.145,0.091,11.9,11.9,0.515,0.526,0.138,0.14,98.22,97.02,80.85,97.02,0.069,1292,2.1,4.6,Omri Casspi
203490,Otto,1610612764,WAS,24.0,80,48,32,0.6,2605.0716666666667,414,803,0.516,148,341,0.434,99,119,0.832,118,396,514,121,44,116,42,12,193,127,1075,191,2303.3,12,0,2174.0,1,2016-17,32.6,110.3,111.6,111.6,107.2,108.4,108.4,3.1,3.2,3.2,0.066,2.75,11.9,0.045,0.154,0.099,4.3,4.3,0.608,0.628,0.147,0.149,100.48,99.37,82.81,99.37,0.109,5401,5.2,10.0,Otto Porter Jr.
200782,P.J.,1610612761,TOR,32.0,81,35,46,0.432,2235.895,199,482,0.413,70,196,0.357,72,93,0.774,117,354,471,99,66,116,19,34,196,107,540,-76,1592.7,3,0,1450.0,2,2016-17,27.6,104.9,105.7,105.7,106.1,107.2,107.2,-1.2,-1.5,-1.5,0.063,1.5,14.3,0.05,0.16,0.103,9.6,9.6,0.485,0.516,0.111,0.113,99.99,99.05,82.54,99.05,0.079,4610,2.5,6.0,P.J. Tucker
1627783,Pascal,1610612761,TOR,23.0,55,35,20,0.636,859.0866666666667,103,205,0.502,1,7,0.143,22,32,0.688,64,121,185,17,33,26,45,18,109,26,229,-52,656.5,0,0,574.0,1,2016-17,15.6,106.5,105.3,105.3,106.4,107.3,107.3,0.1,-2.1,-2.1,0.028,0.52,6.3,0.077,0.148,0.112,12.2,12.3,0.505,0.523,0.129,0.131,96.92,97.08,80.9,97.08,0.06,1730,1.9,3.7,Pascal Siakam
1626192,Pat,1610612757,POR,24.0,39,18,21,0.462,315.94666666666666,37,72,0.514,17,33,0.515,7,9,0.778,10,42,52,28,17,6,2,5,23,6,98,-17,209.4,0,0,211.0,1,2016-17,8.1,103.9,101.8,101.8,109.1,105.9,105.9,-5.2,-4.1,-4.1,0.137,1.65,23.3,0.032,0.13,0.082,14.2,14.1,0.632,0.645,0.127,0.132,95.99,98.37,81.98,98.37,0.088,652,0.9,1.8,Pat Connaughton
1627868,Patricio,1610612753,ORL,24.0,5,2,3,0.4,43.11666666666667,0,7,0.0,0,5,0.0,0,0,0.0,1,6,7,0,3,0,0,0,4,0,0,-14,5.4,0,0,7.0,1,2016-17,8.6,93.3,94.3,94.3,114.4,112.9,112.9,-21.1,-18.7,-18.7,0.0,0.0,0.0,0.022,0.0,0.0,30.0,30.0,0.0,0.0,0.1,0.103,95.65,95.74,79.78,95.74,-0.049,87,0.0,1.4,Patricio Garino
201976,Patrick,1610612745,HOU,28.0,67,46,21,0.687,2057.963333333333,228,543,0.42,110,288,0.382,73,95,0.768,95,298,393,281,100,99,25,30,222,164,639,354,1804.1,6,0,1671.0,1,2016-17,30.7,113.3,114.7,114.7,106.0,106.3,106.3,7.3,8.4,8.4,0.184,2.81,29.1,0.044,0.144,0.093,10.4,10.4,0.521,0.546,0.14,0.141,101.64,100.88,84.06,100.88,0.085,4321,3.4,8.1,Patrick Beverley
1627775,Patrick,1610612744,GSW,21.0,71,57,14,0.803,1073.995,106,245,0.433,41,123,0.333,29,37,0.784,21,79,100,77,36,32,15,18,62,36,282,-43,622.5,0,0,594.0,1,2016-17,15.1,104.3,103.0,103.0,104.9,105.0,105.0,-0.7,-2.0,-2.0,0.099,2.14,20.5,0.019,0.069,0.044,9.6,9.6,0.516,0.54,0.116,0.119,102.0,102.62,85.51,102.62,0.056,2297,1.5,3.5,Patrick McCaw
202335,Patrick,1610612761,TOR,28.0,65,42,23,0.646,1598.5316666666668,154,384,0.401,94,253,0.372,43,60,0.717,62,231,293,76,38,40,23,11,120,67,445,347,1061.6,1,0,1034.0,1,2016-17,24.6,113.4,114.0,114.0,102.5,103.6,103.6,10.9,10.4,10.4,0.066,2.0,14.5,0.04,0.143,0.092,7.2,7.2,0.523,0.542,0.123,0.125,97.32,96.48,80.4,96.48,0.075,3219,2.4,5.9,Patrick Patterson
201988,Patty,1610612759,SAS,28.0,80,60,20,0.75,1754.4133333333334,273,621,0.44,147,355,0.414,66,80,0.825,24,117,141,280,101,65,3,15,109,102,759,410,1451.2,1,0,1463.0,1,2016-17,21.9,111.9,111.3,111.3,99.9,100.1,100.1,12.0,11.2,11.2,0.236,2.77,27.1,0.014,0.065,0.04,9.8,9.7,0.558,0.578,0.184,0.189,98.96,99.08,82.57,99.08,0.1,3623,3.4,7.8,Patty Mills
2200,Pau,1610612759,SAS,36.0,64,47,17,0.734,1626.735,303,604,0.502,56,104,0.538,130,184,0.707,107,394,501,150,81,24,70,37,110,161,792,227,1819.2,11,0,1687.0,1,2016-17,25.4,110.7,110.8,110.8,104.0,104.0,104.0,6.8,6.8,6.8,0.143,1.85,16.3,0.069,0.245,0.159,8.8,8.8,0.548,0.578,0.213,0.216,95.48,95.4,79.5,95.4,0.143,3236,4.7,9.4,Pau Gasol
202331,Paul,1610612754,IND,27.0,75,39,36,0.52,2689.346666666667,622,1348,0.461,195,496,0.393,336,374,0.898,58,434,492,251,220,119,27,53,206,314,1775,167,2959.9,11,0,3005.0,1,2016-17,35.9,108.9,110.2,110.2,106.0,107.2,107.2,2.9,3.1,3.1,0.157,1.14,12.7,0.023,0.161,0.094,11.2,11.1,0.534,0.587,0.287,0.29,98.16,97.0,80.83,97.0,0.136,5435,8.3,18.0,Paul George
200794,Paul,1610612737,ATL,32.0,69,40,29,0.58,2342.83,430,972,0.442,75,241,0.311,311,405,0.768,111,422,533,252,158,90,62,55,186,308,1246,135,2561.6,19,0,2410.0,1,2016-17,34.0,105.0,106.2,106.2,102.9,103.5,103.5,2.1,2.7,2.7,0.172,1.59,16.1,0.047,0.171,0.11,10.1,10.1,0.481,0.542,0.241,0.243,100.23,99.39,82.82,99.39,0.126,4853,6.2,14.1,Paul Millsap
1718,Paul,1610612746,LAC,39.0,25,16,9,0.64,277.09833333333336,28,70,0.4,15,43,0.349,10,13,0.769,1,47,48,10,16,4,5,2,40,17,81,28,164.6,0,0,172.0,1,2016-17,11.1,107.4,107.9,107.9,105.0,103.5,103.5,2.4,4.4,4.4,0.049,0.63,9.9,0.004,0.154,0.083,15.8,15.7,0.507,0.535,0.145,0.149,97.71,98.13,81.78,98.13,0.044,568,1.1,2.8,Paul Pierce
1627835,Paul,1610612741,CHI,23.0,44,21,23,0.477,843.38,88,221,0.398,33,99,0.333,31,40,0.775,15,110,125,36,40,15,16,10,78,37,240,15,497.0,0,0,496.0,1,2016-17,19.2,103.3,104.2,104.2,101.7,102.4,102.4,1.6,1.7,1.7,0.062,0.9,11.4,0.017,0.125,0.071,12.7,12.7,0.473,0.503,0.143,0.145,97.94,97.21,81.01,97.21,0.05,1701,2.0,5.0,Paul Zipser
203510,Pierre,1610612742,DAL,25.0,9,4,5,0.444,84.40166666666667,13,39,0.333,3,11,0.273,6,7,0.857,1,8,9,19,3,2,0,2,5,9,35,55,77.3,0,0,70.0,1,2016-17,9.4,117.9,117.3,117.3,86.3,85.5,85.5,31.7,31.8,31.8,0.322,6.33,30.2,0.011,0.098,0.051,4.8,4.7,0.372,0.416,0.222,0.232,97.72,98.39,81.99,98.39,0.104,173,1.4,4.3,Pierre Jackson
203112,Quincy,1610612751,BKN,26.0,38,11,27,0.289,557.7333333333333,70,170,0.412,37,90,0.411,45,60,0.75,20,95,115,18,21,14,15,7,67,58,222,-38,453.0,0,0,450.0,2,2016-17,14.7,102.1,103.0,103.0,106.9,107.1,107.1,-4.8,-4.1,-4.1,0.053,0.86,7.7,0.034,0.168,0.1,8.9,8.9,0.521,0.565,0.165,0.169,101.12,100.61,83.84,100.61,0.083,1174,1.8,4.5,Quincy Acy
1626188,Quinn,1610612740,NOP,24.0,14,9,5,0.643,187.46,33,66,0.5,11,26,0.423,2,5,0.4,1,6,7,26,13,4,0,1,13,9,79,-41,125.4,0,0,131.0,2,2016-17,13.4,108.8,106.3,106.3,116.6,117.6,117.6,-7.8,-11.3,-11.3,0.198,2.0,24.3,0.006,0.037,0.021,12.1,12.1,0.583,0.579,0.192,0.199,96.84,97.56,81.3,97.56,0.068,382,2.4,4.7,Quinn Cook
1626154,RJ,1610612741,CHI,23.0,3,2,1,0.667,9.15,0,1,0.0,0,1,0.0,0,0,0.0,0,1,1,0,0,0,0,0,0,0,0,-10,1.2,0,0,1.0,1,2016-17,3.1,27.8,26.3,26.3,85.6,78.9,78.9,-57.8,-52.6,-52.6,0.0,0.0,0.0,0.0,0.0,0.0,0.0,0.0,0.0,0.0,0.038,0.042,93.17,99.67,83.06,99.67,0.0,19,0.0,0.3,RJ Hunter
200765,Rajon,1610612741,CHI,31.0,69,34,35,0.493,1842.7016666666664,229,561,0.408,50,133,0.376,30,50,0.6,73,282,355,461,169,99,11,33,144,74,538,-60,1816.5,6,1,1624.0,1,2016-17,26.7,104.2,105.3,105.3,106.3,107.4,107.4,-2.2,-2.2,-2.2,0.361,2.73,38.0,0.038,0.151,0.094,13.9,13.9,0.453,0.461,0.174,0.177,97.96,96.97,80.81,96.97,0.106,3732,3.3,8.1,Rajon Rondo
1626176,Rakeem,1610612754,IND,25.0,29,14,15,0.483,219.3883333333333,19,43,0.442,0,0,0.0,21,29,0.724,26,30,56,4,8,3,6,6,37,28,59,-34,151.2,0,0,137.0,1,2016-17,7.6,97.7,97.6,97.6,108.3,105.5,105.5,-10.6,-7.9,-7.9,0.027,0.5,5.9,0.105,0.139,0.121,11.8,11.8,0.442,0.529,0.119,0.123,98.43,99.77,83.14,99.77,0.049,457,0.7,1.5,Rakeem Christmas
201196,Ramon,1610612766,CHA,31.0,50,23,27,0.46,810.6766666666666,100,263,0.38,21,62,0.339,91,118,0.771,11,62,73,129,46,27,3,25,43,87,312,-80,637.1,0,0,595.0,1,2016-17,16.2,103.4,102.0,102.0,108.1,107.5,107.5,-4.8,-5.5,-5.5,0.24,2.8,26.2,0.013,0.071,0.043,9.3,9.4,0.42,0.495,0.192,0.197,99.62,100.57,83.81,100.57,0.079,1705,2.0,5.3,Ramon Sessions
200751,Randy,1610612751,BKN,33.0,69,17,52,0.246,1284.2783333333334,118,325,0.363,67,203,0.33,54,63,0.857,9,146,155,135,80,35,9,18,99,49,357,-205,797.5,0,0,802.0,1,2016-17,18.6,101.9,102.4,102.4,108.9,109.9,109.9,-7.0,-7.6,-7.6,0.153,1.69,23.8,0.007,0.108,0.058,14.1,14.1,0.466,0.506,0.143,0.145,103.71,102.99,85.82,102.99,0.057,2757,1.7,4.7,Randy Foye
1626173,Rashad,1610612749,MIL,20.0,41,18,23,0.439,458.5366666666667,57,156,0.365,26,81,0.321,2,5,0.4,4,45,49,23,14,19,10,4,32,5,142,-77,308.3,0,0,298.0,1,2016-17,11.2,99.3,98.7,98.7,107.0,106.9,106.9,-7.7,-8.2,-8.2,0.085,1.64,11.8,0.009,0.102,0.055,7.2,7.2,0.449,0.449,0.169,0.173,96.24,96.57,80.47,96.57,0.052,922,1.4,3.8,Rashad Vaughn
203526,Raul,1610612762,UTA,25.0,40,24,16,0.6,345.90166666666664,41,91,0.451,10,31,0.323,8,9,0.889,4,26,30,34,15,21,5,10,48,16,100,84,250.0,0,0,226.0,1,2016-17,8.6,109.6,107.3,107.3,95.7,95.0,95.0,13.9,12.3,12.3,0.14,2.27,23.8,0.012,0.073,0.044,10.5,10.4,0.505,0.527,0.14,0.147,95.77,97.14,80.95,97.14,0.062,699,1.0,2.3,Raul Neto
101109,Raymond,1610612746,LAC,33.0,80,50,30,0.625,1699.8283333333334,221,514,0.43,46,144,0.319,50,64,0.781,33,185,218,191,83,66,22,22,125,66,538,-164,1267.1,0,0,1169.0,1,2016-17,21.2,104.6,104.1,104.1,108.7,108.2,108.2,-4.1,-4.1,-4.1,0.172,2.3,23.4,0.019,0.106,0.063,10.2,10.2,0.475,0.496,0.163,0.166,97.95,98.42,82.02,98.42,0.078,3476,2.8,6.4,Raymond Felton
203493,Reggie,1610612765,DET,26.0,31,13,18,0.419,466.79333333333335,54,128,0.422,28,73,0.384,5,7,0.714,13,51,64,29,10,18,3,5,22,12,141,55,314.3,0,0,304.0,1,2016-17,15.1,104.7,105.2,105.2,99.8,100.2,100.2,4.9,5.0,5.0,0.086,2.9,17.2,0.026,0.11,0.066,5.9,5.9,0.531,0.538,0.128,0.131,98.07,97.64,81.36,97.64,0.081,953,1.7,4.1,Reggie Bullock Jr.
202704,Reggie,1610612765,DET,27.0,52,23,29,0.442,1424.395,284,677,0.419,66,184,0.359,118,136,0.868,21,93,114,270,114,35,5,31,129,144,752,-224,1299.8,4,0,1282.0,1,2016-17,27.4,101.7,102.8,102.8,110.4,110.8,110.8,-8.7,-8.0,-8.0,0.306,2.37,24.1,0.013,0.072,0.04,10.2,10.2,0.468,0.51,0.261,0.264,96.83,96.18,80.15,96.18,0.092,2856,5.5,13.0,Reggie Jackson
202130,Reggie,1610612740,NOP,30.0,6,1,5,0.167,79.45333333333333,8,23,0.348,5,11,0.455,6,7,0.857,2,4,6,4,0,3,0,0,2,4,27,-24,49.2,0,0,48.0,1,2016-17,13.2,89.5,91.2,91.2,109.5,106.5,106.5,-20.0,-15.4,-15.4,0.087,0.0,13.3,0.019,0.056,0.034,0.0,0.0,0.457,0.518,0.128,0.132,101.72,102.1,85.08,102.1,0.079,170,1.3,3.8,Reggie Williams
2210,Richard,1610612739,CLE,37.0,79,50,29,0.633,1613.61,153,343,0.446,62,186,0.333,80,108,0.741,28,175,203,78,52,26,10,18,153,111,448,130,864.6,1,0,863.0,1,2016-17,20.4,110.3,110.5,110.5,106.9,106.5,106.5,3.4,4.0,4.0,0.068,1.5,15.0,0.018,0.103,0.062,10.0,10.0,0.536,0.574,0.121,0.123,98.12,98.18,81.82,98.18,0.053,3300,1.9,4.3,Richard Jefferson
1626158,Richaun,1610612755,PHI,23.0,57,16,41,0.281,1192.7,230,412,0.558,27,77,0.351,72,103,0.699,94,217,311,58,55,42,55,23,136,88,559,-228,1255.2,5,0,1149.0,1,2016-17,20.9,102.4,102.4,102.4,110.0,109.6,109.6,-7.6,-7.2,-7.2,0.081,1.05,10.2,0.079,0.178,0.129,9.7,9.6,0.591,0.611,0.184,0.188,100.79,100.99,84.16,100.99,0.116,2487,4.0,7.2,Richaun Holmes
201937,Ricky,1610612750,MIN,26.0,75,28,47,0.373,2469.11,261,650,0.402,60,196,0.306,254,285,0.891,68,237,305,682,195,128,10,31,202,233,836,-8,2444.0,25,1,2159.0,1,2016-17,32.9,109.0,110.5,110.5,109.9,111.3,111.3,-1.0,-0.7,-0.7,0.385,3.5,41.5,0.028,0.1,0.064,11.9,11.8,0.448,0.539,0.171,0.174,97.09,95.82,79.85,95.82,0.114,4942,3.5,8.7,Ricky Rubio
203496,Robert,1610612755,PHI,26.0,67,27,40,0.403,2118.57,292,732,0.399,137,412,0.333,143,174,0.822,92,344,436,102,131,127,69,29,203,126,864,-152,1997.2,12,0,1931.0,1,2016-17,31.6,99.8,101.1,101.1,103.3,104.1,104.1,-3.5,-3.0,-3.0,0.075,0.78,9.8,0.041,0.158,0.099,12.6,12.6,0.492,0.534,0.188,0.19,101.81,100.72,83.93,100.72,0.091,4436,4.4,10.9,Robert Covington
201577,Robin,1610612741,CHI,29.0,81,40,41,0.494,2270.7566666666667,382,775,0.493,0,2,0.0,75,104,0.721,244,276,520,80,91,18,117,39,151,120,839,74,1897.0,8,0,1709.0,1,2016-17,28.0,105.3,107.2,107.2,105.1,105.9,105.9,0.2,1.4,1.4,0.054,0.88,8.1,0.102,0.12,0.111,9.2,9.2,0.493,0.511,0.172,0.174,97.28,96.04,80.03,96.04,0.083,4549,4.7,9.6,Robin Lopez
203918,Rodney,1610612762,UTA,24.0,59,40,19,0.678,1593.2733333333333,272,666,0.408,114,307,0.371,90,115,0.783,16,186,202,96,65,38,11,18,132,105,748,108,1216.4,0,0,1258.0,1,2016-17,27.0,106.8,107.2,107.2,102.6,103.2,103.2,4.2,4.0,4.0,0.102,1.48,11.0,0.011,0.117,0.066,7.4,7.4,0.494,0.522,0.227,0.231,93.26,92.76,77.3,92.76,0.086,3072,4.6,11.3,Rodney Hood
203585,Rodney,1610612748,MIA,25.0,78,40,38,0.513,1965.8866666666668,190,460,0.413,73,220,0.332,44,71,0.62,94,162,256,124,56,46,18,24,140,70,497,7,1126.2,0,0,1078.0,1,2016-17,25.2,105.3,107.1,107.1,105.5,106.8,106.8,-0.2,0.3,0.3,0.088,2.21,18.5,0.047,0.083,0.065,8.3,8.3,0.492,0.506,0.123,0.124,96.96,95.59,79.66,95.59,0.056,3912,2.4,5.9,Rodney McGruder
201155,Rodney,1610612754,IND,31.0,39,17,22,0.436,696.18,91,244,0.373,19,60,0.317,80,107,0.748,6,78,84,84,53,16,0,16,44,76,281,-33,502.8,0,0,500.0,1,2016-17,17.9,104.6,103.3,103.3,105.4,106.1,106.1,-0.8,-2.8,-2.8,0.184,1.58,19.5,0.009,0.109,0.06,12.3,12.4,0.412,0.483,0.218,0.222,96.8,97.08,80.9,97.08,0.075,1411,2.3,6.3,Rodney Stuckey
1627758,Ron,1610612752,NYK,24.0,52,14,38,0.269,857.0333333333333,82,217,0.378,23,86,0.267,28,43,0.651,12,86,98,107,56,34,8,16,74,56,215,-56,563.1,0,0,527.0,1,2016-17,16.5,103.4,104.2,104.2,106.0,106.5,106.5,-2.5,-2.3,-2.3,0.188,1.91,26.9,0.014,0.1,0.056,14.1,14.0,0.431,0.456,0.149,0.152,96.82,96.22,80.18,96.22,0.057,1710,1.6,4.2,Ron Baker
1626178,Rondae,1610612751,BKN,22.0,78,19,59,0.244,1761.4083333333333,235,542,0.434,15,67,0.224,190,253,0.751,96,356,452,154,116,82,44,46,177,187,675,-265,1710.4,8,0,1548.0,1,2016-17,22.6,101.9,102.2,102.2,106.6,107.7,107.7,-4.6,-5.5,-5.5,0.135,1.33,16.6,0.053,0.186,0.121,12.5,12.6,0.447,0.517,0.185,0.187,104.95,104.29,86.91,104.29,0.098,3801,3.0,6.9,Rondae Hollis-Jefferson
101179,Ronnie,1610612756,PHX,34.0,14,4,10,0.286,134.195,4,24,0.167,3,17,0.176,3,4,0.75,3,8,11,18,3,11,1,2,14,6,14,-43,87.2,0,0,70.0,1,2016-17,9.6,97.6,96.2,96.2,110.5,111.8,111.8,-12.8,-15.7,-15.7,0.188,6.0,38.3,0.018,0.059,0.036,6.4,6.4,0.229,0.272,0.085,0.087,102.91,103.01,85.85,103.01,0.032,289,0.3,1.7,Ronnie Price
201579,Roy,1610612743,DEN,30.0,48,24,24,0.5,682.31,80,147,0.544,0,0,0.0,61,75,0.813,54,98,152,21,32,8,46,12,100,64,221,-22,564.9,1,0,502.0,2,2016-17,14.2,104.9,103.6,103.6,105.3,105.6,105.6,-0.3,-2.0,-2.0,0.048,0.66,8.9,0.077,0.127,0.103,13.6,13.7,0.544,0.614,0.136,0.139,98.93,99.4,82.84,99.4,0.071,1416,1.7,3.1,Roy Hibbert
200752,Rudy,1610612758,SAC,30.0,30,11,19,0.367,1012.8916666666668,201,442,0.455,42,113,0.372,118,138,0.855,35,155,190,83,74,44,26,23,79,110,562,66,1050.5,4,0,1017.0,1,2016-17,33.8,106.5,108.6,108.6,104.9,106.3,106.3,1.6,2.3,2.3,0.14,1.12,12.7,0.034,0.156,0.094,11.3,11.2,0.502,0.559,0.246,0.251,98.1,96.48,80.4,96.48,0.125,2045,6.7,14.7,Rudy Gay
203497,Rudy,1610612762,UTA,25.0,81,51,30,0.63,2743.7466666666664,413,625,0.661,0,1,0.0,311,476,0.653,314,721,1035,97,147,49,214,56,246,420,1137,435,3166.5,58,0,2795.0,1,2016-17,33.9,108.7,110.3,110.3,100.6,102.0,102.0,8.1,8.3,8.3,0.057,0.66,9.0,0.124,0.259,0.194,13.6,13.6,0.661,0.681,0.166,0.167,93.11,91.77,76.47,91.77,0.161,5246,5.1,7.7,Rudy Gobert
201566,Russell,1610612760,OKC,28.0,81,46,35,0.568,2801.748333333333,824,1941,0.425,200,583,0.343,710,840,0.845,137,727,864,840,438,132,31,91,190,541,2558,249,4905.8,62,42,4788.0,1,2016-17,34.6,107.9,110.6,110.6,104.7,106.1,106.1,3.2,4.5,4.5,0.543,1.92,23.5,0.046,0.251,0.147,12.3,12.2,0.476,0.554,0.402,0.408,102.32,100.39,83.66,100.39,0.23,5854,10.2,24.0,Russell Westbrook
201583,Ryan,1610612745,HOU,29.0,72,50,22,0.694,2116.391666666667,323,773,0.418,204,506,0.403,129,150,0.86,112,218,330,68,55,31,14,25,142,134,979,408,1557.0,2,0,1671.0,1,2016-17,29.4,113.8,115.9,115.9,105.8,107.0,107.0,7.9,8.9,8.9,0.046,1.24,7.1,0.052,0.103,0.077,5.7,5.7,0.55,0.583,0.178,0.179,101.81,100.3,83.59,100.3,0.079,4428,4.5,10.7,Ryan Anderson
203527,Ryan,1610612737,ATL,26.0,16,6,10,0.375,110.13333333333334,8,28,0.286,4,10,0.4,5,6,0.833,1,17,18,8,4,4,5,2,5,6,25,4,81.6,0,0,73.0,1,2016-17,6.9,97.3,95.1,95.1,94.7,92.5,92.5,2.6,2.6,2.6,0.116,2.0,18.6,0.009,0.144,0.078,9.3,9.4,0.357,0.408,0.142,0.147,96.26,98.5,82.08,98.5,0.073,225,0.5,1.8,Ryan Kelly
1626257,Salah,1610612742,DAL,31.0,73,29,44,0.397,905.0833333333334,88,137,0.642,1,3,0.333,36,61,0.59,97,211,308,14,40,32,61,9,152,87,213,-18,842.6,1,0,722.0,1,2016-17,12.4,102.5,101.5,101.5,102.3,102.0,102.0,0.2,-0.5,-0.5,0.025,0.35,6.4,0.109,0.254,0.179,18.3,18.4,0.646,0.65,0.105,0.107,92.48,93.05,77.54,93.05,0.099,1750,1.2,1.9,Salah Mejri
1626155,Sam,1610612745,HOU,23.0,77,52,25,0.675,1419.065,203,429,0.473,60,187,0.321,38,68,0.559,94,190,284,76,41,38,21,18,83,53,504,76,1094.8,0,0,1042.0,1,2016-17,18.4,109.0,110.1,110.1,106.2,106.4,106.4,2.8,3.7,3.7,0.079,1.85,13.2,0.064,0.126,0.095,7.1,7.1,0.543,0.549,0.148,0.15,102.23,101.63,84.69,101.63,0.087,2988,2.6,5.6,Sam Dekker
2756,Sasha,1610612752,NYK,33.0,42,14,28,0.333,408.22833333333335,42,136,0.309,23,74,0.311,17,24,0.708,12,47,59,52,16,13,2,5,38,17,124,-9,301.8,0,0,288.0,1,2016-17,9.7,99.9,100.8,100.8,101.4,100.5,100.5,-1.4,0.4,0.4,0.189,3.25,24.5,0.027,0.109,0.067,7.5,7.5,0.393,0.423,0.168,0.173,99.23,99.24,82.7,99.24,0.062,838,1.0,3.2,Sasha Vujacic
203930,Sean,1610612751,BKN,27.0,70,14,56,0.2,1753.5566666666666,305,735,0.415,105,308,0.341,204,242,0.843,22,258,280,157,135,45,6,59,118,179,919,-226,1508.5,4,0,1563.0,1,2016-17,25.1,102.3,103.3,103.3,108.7,109.6,109.6,-6.4,-6.3,-6.3,0.147,1.16,13.9,0.012,0.136,0.075,12.0,11.9,0.486,0.546,0.232,0.237,103.54,102.66,85.55,102.66,0.099,3755,4.4,10.5,Sean Kilpatrick
203902,Semaj,1610612760,OKC,24.0,64,36,28,0.563,972.6416666666668,77,223,0.345,12,63,0.19,17,31,0.548,19,68,87,130,43,28,7,12,79,32,183,-140,544.4,0,0,482.0,1,2016-17,15.2,102.1,102.2,102.2,108.6,108.5,108.5,-6.5,-6.3,-6.3,0.193,3.02,31.7,0.019,0.073,0.045,10.5,10.5,0.372,0.387,0.123,0.127,97.05,97.02,80.85,97.02,0.042,1958,1.2,3.5,Semaj Christon
201586,Serge,1610612761,TOR,27.0,79,37,42,0.468,2422.08,471,982,0.48,124,317,0.391,107,125,0.856,129,409,538,75,105,41,124,30,215,128,1173,-142,2321.1,11,0,2240.0,2,2016-17,30.7,104.6,106.0,106.0,107.2,108.9,108.9,-2.6,-2.9,-2.9,0.05,0.71,6.2,0.053,0.169,0.111,8.6,8.6,0.543,0.566,0.208,0.211,97.89,96.47,80.39,96.47,0.106,4868,6.0,12.4,Serge Ibaka
200771,Sergio,1610612755,PHI,31.0,68,24,44,0.353,1517.4116666666666,210,536,0.392,92,252,0.365,18,27,0.667,21,136,157,344,128,49,4,20,95,45,530,-138,1265.4,1,0,1229.0,1,2016-17,22.3,100.7,102.0,102.0,106.0,107.0,107.0,-5.3,-5.0,-5.0,0.349,2.69,33.9,0.013,0.088,0.051,12.6,12.6,0.478,0.484,0.189,0.194,99.81,98.76,82.3,98.76,0.094,3130,3.1,7.9,Sergio Rodriguez
203552,Seth,1610612742,DAL,26.0,70,30,40,0.429,2029.03,338,703,0.481,137,322,0.425,85,100,0.85,25,154,179,189,92,79,7,27,126,113,898,-37,1562.3,1,0,1575.0,1,2016-17,29.0,104.9,105.0,105.0,105.6,105.2,105.2,-0.7,-0.2,-0.2,0.159,2.05,18.5,0.013,0.084,0.047,9.0,8.9,0.578,0.601,0.193,0.197,93.5,93.62,78.02,93.62,0.103,3944,4.8,10.0,Seth Curry
203498,Shabazz,1610612750,MIN,24.0,78,29,49,0.372,1515.5216666666668,288,598,0.482,49,145,0.338,147,190,0.774,84,136,220,35,56,22,6,49,86,140,772,-76,1116.5,1,0,1132.0,1,2016-17,19.4,105.3,106.3,106.3,106.8,107.9,107.9,-1.5,-1.6,-1.6,0.038,0.63,4.5,0.055,0.094,0.074,7.3,7.2,0.523,0.566,0.209,0.214,97.93,96.95,80.79,96.95,0.094,3048,3.7,7.7,Shabazz Muhammad
203894,Shabazz,1610612757,POR,25.0,53,26,27,0.491,512.2816666666666,73,183,0.399,34,92,0.37,38,49,0.776,8,53,61,67,41,32,2,9,38,50,218,16,452.7,0,0,448.0,1,2016-17,9.7,109.7,108.1,108.1,107.1,105.7,105.7,2.6,2.4,2.4,0.2,1.63,21.6,0.017,0.108,0.064,13.2,13.1,0.492,0.533,0.215,0.224,95.54,96.88,80.74,96.88,0.094,1030,1.4,3.5,Shabazz Napier
2733,Shaun,1610612744,GSW,31.0,76,63,13,0.829,1344.746666666667,173,316,0.547,1,3,0.333,42,60,0.7,28,123,151,139,62,38,20,10,120,59,389,151,890.7,0,0,796.0,1,2016-17,17.7,107.7,107.9,107.9,100.2,102.5,102.5,7.6,5.4,5.4,0.146,2.24,25.7,0.022,0.084,0.055,11.5,11.4,0.549,0.568,0.132,0.135,98.4,97.21,81.01,97.21,0.073,2726,2.3,4.2,Shaun Livingston
1627848,Shawn,1610612755,PHI,24.0,18,5,13,0.278,233.615,61,109,0.56,7,19,0.368,19,35,0.543,41,44,85,13,13,9,9,9,49,27,148,20,310.5,1,0,289.0,1,2016-17,13.0,110.5,112.3,112.3,108.0,107.7,107.7,2.6,4.5,4.5,0.087,1.0,8.7,0.163,0.186,0.174,8.7,8.6,0.592,0.595,0.241,0.245,101.37,100.68,83.9,100.68,0.128,489,3.4,6.1,Shawn Long
1627815,Sheldon,1610612764,WAS,24.0,30,17,13,0.567,286.7633333333333,30,75,0.4,7,30,0.233,23,27,0.852,4,30,34,15,5,8,2,4,17,29,90,-55,178.3,0,0,166.0,1,2016-17,9.6,95.9,94.6,94.6,104.6,105.3,105.3,-8.7,-10.8,-10.8,0.078,3.0,14.0,0.013,0.103,0.057,4.7,4.7,0.447,0.518,0.138,0.143,97.56,97.92,81.6,97.92,0.077,589,1.0,2.5,Sheldon Mac
202714,Shelvin,1610612762,UTA,27.0,55,34,21,0.618,1205.1266666666668,170,381,0.446,37,120,0.308,53,77,0.688,20,105,125,154,90,42,3,19,100,66,430,16,856.0,0,0,836.0,1,2016-17,21.9,105.1,105.0,105.0,104.8,104.7,104.7,0.3,0.3,0.3,0.21,1.71,23.4,0.018,0.087,0.053,13.7,13.7,0.495,0.518,0.191,0.195,93.44,93.58,77.98,93.58,0.079,2354,3.1,6.9,Shelvin Mack
1627746,Skal,1610612758,SAC,21.0,33,9,24,0.273,611.6383333333333,117,218,0.537,3,8,0.375,52,74,0.703,51,111,162,27,37,16,13,16,64,64,289,-41,573.9,2,0,539.0,1,2016-17,18.5,104.3,104.4,104.4,107.2,107.2,107.2,-2.9,-2.8,-2.8,0.071,0.73,8.5,0.086,0.175,0.132,11.7,11.8,0.544,0.577,0.209,0.212,97.78,97.7,81.42,97.7,0.106,1242,3.5,6.6,Skal Labissiere
203524,Solomon,1610612740,NOP,26.0,80,34,46,0.425,2374.3016666666667,183,478,0.383,94,270,0.348,103,128,0.805,51,256,307,141,82,72,32,25,182,103,563,5,1372.9,0,0,1313.0,1,2016-17,29.7,104.3,105.0,105.0,103.4,104.0,104.0,0.9,1.0,1.0,0.08,1.72,18.6,0.021,0.101,0.062,10.8,10.8,0.481,0.527,0.114,0.115,100.61,99.97,83.31,99.97,0.053,4923,2.3,6.0,Solomon Hill
203915,Spencer,1610612751,BKN,24.0,59,13,46,0.22,1333.7416666666666,134,302,0.444,38,101,0.376,126,159,0.792,27,137,164,185,66,44,23,21,119,113,432,-134,1041.3,0,0,953.0,1,2016-17,22.6,101.4,102.1,102.1,106.3,106.8,106.8,-4.9,-4.7,-4.7,0.21,2.8,29.9,0.02,0.097,0.059,10.7,10.6,0.507,0.581,0.14,0.144,101.2,100.64,83.87,100.64,0.087,2795,2.3,5.1,Spencer Dinwiddie
201150,Spencer,1610612749,MIL,29.0,54,27,27,0.5,797.1283333333333,134,277,0.484,25,81,0.309,44,52,0.846,38,153,191,81,49,15,30,16,77,55,337,-173,773.7,3,0,724.0,2,2016-17,14.8,99.0,99.6,99.6,109.2,110.7,110.7,-10.2,-11.2,-11.2,0.174,1.65,18.9,0.046,0.187,0.116,11.4,11.4,0.529,0.562,0.193,0.197,100.04,99.06,82.55,99.06,0.109,1650,2.5,5.1,Spencer Hawes
1626169,Stanley,1610612765,DET,21.0,77,35,42,0.455,1370.625,129,365,0.353,45,154,0.292,36,53,0.679,36,153,189,105,71,56,24,16,121,50,339,3,892.3,0,0,838.0,1,2016-17,17.8,104.0,103.7,103.7,103.7,103.8,103.8,0.2,0.0,0.0,0.106,1.48,18.6,0.025,0.116,0.068,12.6,12.6,0.415,0.436,0.144,0.148,96.98,97.08,80.9,97.08,0.048,2774,1.7,4.7,Stanley Johnson
201939,Stephen,1610612744,GSW,29.0,79,65,14,0.823,2638.555,675,1443,0.468,324,789,0.411,325,362,0.898,61,292,353,524,239,142,17,55,183,277,1999,1015,3446.6,9,0,3518.0,1,2016-17,33.4,118.1,120.1,120.1,100.9,102.7,102.7,17.2,17.4,17.4,0.287,2.19,22.4,0.024,0.101,0.065,10.2,10.1,0.58,0.624,0.286,0.292,105.07,103.28,86.07,103.28,0.151,5690,8.5,18.3,Stephen Curry
1627757,Stephen,1610612753,ORL,20.0,19,8,11,0.421,107.76,10,31,0.323,0,0,0.0,3,5,0.6,11,24,35,4,3,2,5,7,17,2,23,-40,89.0,0,0,76.0,1,2016-17,5.7,94.9,93.1,93.1,112.7,110.0,110.0,-17.8,-16.9,-16.9,0.056,1.33,10.0,0.085,0.247,0.155,7.5,7.5,0.323,0.346,0.142,0.149,95.24,97.33,81.11,97.33,0.046,217,0.5,1.6,Stephen Zimmerman
200779,Steve,1610612749,MIL,34.0,8,6,2,0.75,21.916666666666668,2,7,0.286,1,6,0.167,0,0,0.0,0,3,3,0,0,0,0,0,1,0,5,0,8.6,0,0,9.0,1,2016-17,2.7,104.3,92.9,92.9,105.9,102.6,102.6,-1.6,-9.8,-9.8,0.0,0.0,0.0,0.0,0.0,0.0,0.0,0.0,0.357,0.357,0.149,0.169,81.3,87.6,73.0,87.6,0.028,42,0.3,0.9,Steve Novak
203500,Steven,1610612760,OKC,23.0,80,47,33,0.588,2389.365,374,655,0.571,0,1,0.0,157,257,0.611,281,332,613,86,146,89,78,44,195,266,905,195,2124.6,16,0,1938.0,1,2016-17,29.9,106.6,109.2,109.2,103.9,104.9,104.9,2.8,4.2,4.2,0.054,0.59,8.6,0.11,0.136,0.122,14.6,14.6,0.571,0.589,0.159,0.16,101.16,99.46,82.88,99.46,0.097,4944,4.7,8.2,Steven Adams
204456,T.J.,1610612755,PHI,25.0,81,27,54,0.333,2133.3966666666665,236,512,0.461,11,55,0.2,73,90,0.811,39,212,251,534,159,134,10,29,139,104,556,-316,1931.2,5,0,1640.0,1,2016-17,26.3,100.5,100.9,100.9,106.7,107.1,107.1,-6.2,-6.2,-6.2,0.374,3.36,42.9,0.018,0.097,0.057,12.8,12.8,0.472,0.504,0.142,0.144,102.21,101.81,84.84,101.81,0.107,4507,2.9,6.3,T.J. McConnell
203933,T.J.,1610612756,PHX,23.0,66,20,46,0.303,2048.03,403,814,0.495,26,98,0.265,119,154,0.773,125,214,339,75,57,76,39,42,175,118,951,-281,1758.3,5,0,1621.0,1,2016-17,31.0,105.2,107.0,107.0,112.0,113.4,113.4,-6.8,-6.4,-6.4,0.056,1.32,7.4,0.057,0.103,0.079,5.6,5.6,0.511,0.539,0.188,0.19,103.66,102.13,85.11,102.13,0.091,4357,6.1,12.3,T.J. Warren
201959,Taj,1610612760,OKC,32.0,78,41,37,0.526,1988.5583333333332,365,709,0.515,3,13,0.231,113,158,0.715,158,327,485,73,105,41,65,60,163,153,846,2,1750.5,11,0,1619.0,2,2016-17,25.5,104.9,106.4,106.4,104.6,105.9,105.9,0.4,0.5,0.5,0.057,0.7,7.6,0.075,0.163,0.118,11.0,11.0,0.517,0.543,0.188,0.19,98.39,97.06,80.88,97.06,0.097,4012,4.7,9.1,Taj Gibson
204028,Tarik,1610612747,LAL,25.0,67,24,43,0.358,1090.8983333333333,150,294,0.51,1,2,0.5,82,109,0.752,144,199,343,39,58,29,44,30,173,101,383,-49,1014.1,2,0,912.0,1,2016-17,16.3,103.6,105.0,105.0,105.5,105.9,105.9,-1.9,-0.9,-0.9,0.052,0.67,8.9,0.123,0.177,0.149,13.3,13.2,0.512,0.56,0.152,0.154,100.72,99.84,83.2,99.84,0.085,2255,2.2,4.4,Tarik Black
1627752,Taurean,1610612737,ATL,23.0,59,28,31,0.475,981.4416666666668,114,285,0.4,33,102,0.324,74,94,0.787,25,132,157,55,61,43,27,25,96,72,335,-29,754.9,0,0,720.0,1,2016-17,16.6,97.6,98.0,98.0,98.4,98.6,98.6,-0.8,-0.6,-0.6,0.091,0.9,12.4,0.024,0.125,0.075,13.8,13.8,0.458,0.513,0.168,0.171,100.01,99.75,83.12,99.75,0.074,2031,1.9,4.8,Taurean Prince
203093,Terrence,1610612749,MIL,25.0,54,20,34,0.37,1270.8566666666666,231,492,0.47,19,75,0.253,103,170,0.606,65,241,306,59,48,40,54,40,67,133,584,-59,1273.7,6,0,1156.0,2,2016-17,23.5,103.1,102.7,102.7,104.8,105.5,105.5,-1.7,-2.9,-2.9,0.075,1.23,8.8,0.048,0.178,0.113,7.2,7.1,0.489,0.515,0.209,0.216,99.51,99.41,82.84,99.41,0.11,2640,4.3,9.1,Terrence Jones
203082,Terrence,1610612753,ORL,26.0,78,39,39,0.5,1954.9666666666667,326,746,0.437,142,391,0.363,64,77,0.831,18,188,206,88,68,87,33,17,143,65,858,126,1529.2,0,0,1534.0,2,2016-17,25.1,111.1,111.8,111.8,107.8,108.9,108.9,3.3,2.9,2.9,0.066,1.29,9.5,0.009,0.096,0.052,7.3,7.3,0.532,0.55,0.185,0.189,99.81,98.95,82.46,98.95,0.078,4034,4.2,9.6,Terrence Ross
1626179,Terry,1610612738,BOS,23.0,74,47,27,0.635,1263.0383333333334,151,411,0.367,57,179,0.318,51,66,0.773,40,187,227,131,47,45,11,22,69,82,410,-12,999.9,1,0,937.0,1,2016-17,17.1,102.3,102.0,102.0,102.5,102.7,102.7,-0.2,-0.7,-0.7,0.164,2.79,21.3,0.03,0.14,0.085,7.6,7.6,0.437,0.466,0.167,0.172,98.28,98.26,81.88,98.26,0.091,2588,2.0,5.6,Terry Rozier
200757,Thabo,1610612737,ATL,33.0,62,32,30,0.516,1595.565,174,395,0.441,41,120,0.342,55,75,0.733,54,216,270,107,58,96,31,25,97,63,444,-65,1251.5,0,0,1116.0,1,2016-17,25.7,102.7,102.9,102.9,103.3,104.3,104.3,-0.5,-1.4,-1.4,0.099,1.84,18.0,0.033,0.131,0.083,9.8,9.8,0.492,0.519,0.131,0.134,99.55,98.99,82.49,98.99,0.086,3282,2.8,6.4,Thabo Sefolosha
201152,Thaddeus,1610612754,IND,29.0,74,40,34,0.541,2236.5916666666667,362,687,0.527,45,118,0.381,45,86,0.523,131,317,448,122,95,113,29,45,135,105,814,63,1865.6,7,0,1713.0,1,2016-17,30.2,107.2,107.7,107.7,104.7,105.8,105.8,2.4,1.9,1.9,0.082,1.28,13.0,0.062,0.138,0.101,10.1,10.1,0.56,0.562,0.163,0.165,98.98,98.2,81.83,98.2,0.097,4565,4.9,9.3,Thaddeus Young
203080,Thomas,1610612747,LAL,26.0,48,15,33,0.313,560.4083333333333,105,196,0.536,0,1,0.0,31,66,0.47,84,139,223,31,46,26,9,16,76,54,241,-83,614.1,1,0,565.0,1,2016-17,11.7,103.6,103.6,103.6,111.1,110.9,110.9,-7.5,-7.2,-7.2,0.088,0.67,10.3,0.14,0.263,0.198,15.3,15.2,0.536,0.535,0.2,0.206,99.28,99.4,82.83,99.4,0.114,1161,2.2,4.1,Thomas Robinson
1627748,Thon,1610612749,MIL,20.0,57,31,26,0.544,562.1883333333334,83,181,0.459,28,74,0.378,32,49,0.653,40,74,114,23,17,10,26,12,84,44,226,-27,488.3,0,0,463.0,1,2016-17,9.9,106.7,105.0,105.0,105.4,106.6,106.6,1.3,-1.6,-1.6,0.069,1.35,9.5,0.075,0.145,0.109,7.0,7.0,0.536,0.558,0.181,0.187,93.94,94.13,78.44,94.13,0.072,1098,1.5,3.2,Thon Maker
201168,Tiago,1610612755,PHI,32.0,8,1,7,0.125,75.96666666666667,14,31,0.452,2,6,0.333,9,11,0.818,8,14,22,4,6,1,1,5,8,7,39,-4,71.4,0,0,71.0,1,2016-17,9.5,106.9,105.0,105.0,110.1,108.2,108.2,-3.2,-3.2,-3.2,0.089,0.67,8.7,0.088,0.2,0.137,13.0,13.1,0.484,0.544,0.214,0.222,98.97,100.78,83.98,100.78,0.106,160,1.8,3.9,Tiago Splitter
204025,Tim,1610612740,NOP,26.0,65,26,39,0.4,1524.6516666666666,163,404,0.403,40,128,0.313,98,129,0.76,34,139,173,335,101,56,6,26,133,135,464,-86,1259.1,7,1,1136.0,1,2016-17,23.5,103.8,104.5,104.5,106.8,107.1,107.1,-3.0,-2.6,-2.6,0.312,3.32,37.3,0.022,0.087,0.054,11.2,11.3,0.453,0.504,0.161,0.163,99.83,99.33,82.77,99.33,0.084,3153,2.5,6.2,Tim Frazier
203501,Tim,1610612737,ATL,25.0,79,42,37,0.532,2153.475,415,912,0.455,149,417,0.357,164,214,0.766,35,189,224,182,106,55,15,49,103,172,1143,156,1788.8,0,0,1838.0,1,2016-17,27.3,106.1,106.9,106.9,103.1,103.9,103.9,3.1,3.0,3.0,0.137,1.72,14.1,0.016,0.083,0.05,8.2,8.2,0.537,0.568,0.218,0.223,100.67,99.87,83.22,99.87,0.104,4491,5.3,11.5,Tim Hardaway Jr.
1627817,Tim,1610612757,POR,22.0,16,6,10,0.375,80.04166666666667,13,29,0.448,5,13,0.385,0,3,0.0,4,10,14,11,11,2,3,3,6,5,31,1,68.3,0,0,71.0,1,2016-17,5.0,97.9,94.6,94.6,97.9,94.0,94.0,0.0,0.6,0.6,0.234,1.0,21.2,0.048,0.108,0.08,21.2,21.0,0.534,0.511,0.224,0.236,96.45,100.15,83.46,100.15,0.081,167,0.8,1.8,Tim Quarterman
202389,Timofey,1610612747,LAL,30.0,54,16,38,0.296,1103.86,169,328,0.515,0,1,0.0,63,78,0.808,104,160,264,43,72,16,31,26,133,93,401,-196,851.3,1,0,802.0,1,2016-17,20.4,99.8,101.1,101.1,109.0,109.8,109.8,-9.2,-8.7,-8.7,0.061,0.6,9.0,0.088,0.146,0.116,15.1,15.1,0.515,0.553,0.168,0.17,99.39,98.47,82.06,98.47,0.072,2265,3.1,6.1,Timofey Mozgov
1627789,Timothe,1610612755,PHI,22.0,69,23,46,0.333,1189.91,145,361,0.402,50,161,0.311,105,123,0.854,25,124,149,75,73,32,10,41,154,92,445,-57,789.3,0,0,803.0,1,2016-17,17.2,101.4,101.4,101.4,103.8,103.4,103.4,-2.4,-2.0,-2.0,0.093,1.03,13.3,0.021,0.1,0.061,12.9,13.0,0.471,0.536,0.175,0.177,101.6,101.78,84.81,101.78,0.053,2520,2.1,5.2,Timothe Luwawu-Cabarrot
202699,Tobias,1610612765,DET,24.0,82,37,45,0.451,2566.443333333333,511,1063,0.481,109,314,0.347,190,226,0.841,63,353,416,142,96,60,39,46,133,164,1321,1,2234.2,3,0,2186.0,1,2016-17,31.3,104.3,105.5,105.5,105.5,106.1,106.1,-1.3,-0.5,-0.5,0.087,1.48,10.2,0.024,0.14,0.08,6.9,6.9,0.532,0.568,0.214,0.218,97.41,96.57,80.48,96.57,0.113,5177,6.2,13.0,Tobias Harris
203107,Tomas,1610612764,WAS,25.0,57,33,24,0.579,719.2083333333334,61,147,0.415,9,37,0.243,23,33,0.697,25,58,83,92,38,26,6,9,60,45,154,12,449.6,1,0,402.0,1,2016-17,12.6,104.7,102.7,102.7,102.4,101.6,101.6,2.3,1.1,1.1,0.183,2.42,31.6,0.036,0.078,0.057,13.1,13.0,0.446,0.477,0.122,0.127,95.69,96.97,80.81,96.97,0.064,1451,1.1,2.6,Tomas Satoransky
201962,Toney,1610612763,MEM,31.0,24,15,9,0.625,393.8033333333333,43,117,0.368,7,42,0.167,24,29,0.828,13,48,61,56,21,18,5,9,50,32,117,11,322.2,0,0,287.0,1,2016-17,16.4,107.4,106.1,106.1,107.7,105.9,105.9,-0.3,0.2,0.2,0.214,2.67,27.3,0.031,0.137,0.079,10.2,10.2,0.397,0.451,0.158,0.165,96.28,97.69,81.41,97.69,0.073,806,1.8,4.9,Toney Douglas
2754,Tony,1610612763,MEM,35.0,71,36,35,0.507,1913.7383333333328,274,595,0.461,15,54,0.278,80,130,0.615,166,225,391,98,100,115,29,72,178,105,643,-9,1591.2,5,0,1435.0,1,2016-17,27.0,105.6,105.9,105.9,104.4,105.1,105.1,1.2,0.8,0.8,0.083,0.98,11.5,0.086,0.123,0.104,11.7,11.8,0.473,0.493,0.178,0.181,93.84,93.33,77.77,93.33,0.08,3702,3.9,8.4,Tony Allen
2225,Tony,1610612759,SAS,35.0,63,46,17,0.73,1587.0266666666666,265,569,0.466,23,69,0.333,85,117,0.726,9,104,113,285,89,34,2,42,92,116,638,177,1220.1,0,0,1131.0,1,2016-17,25.2,108.0,109.6,109.6,102.6,103.1,103.1,5.4,6.5,6.5,0.276,3.2,28.7,0.006,0.066,0.037,9.0,8.9,0.486,0.514,0.204,0.207,93.95,93.02,77.52,93.02,0.093,3065,4.2,9.0,Tony Parker
203503,Tony,1610612749,MIL,25.0,80,42,38,0.525,2335.655,246,541,0.455,144,355,0.406,47,58,0.81,22,226,248,96,55,55,14,10,125,56,683,-117,1276.6,1,0,1309.0,1,2016-17,29.2,107.0,108.0,108.0,108.2,109.8,109.8,-1.2,-1.8,-1.8,0.058,1.75,13.4,0.01,0.098,0.055,7.7,7.7,0.588,0.603,0.121,0.122,96.86,95.73,79.77,95.73,0.065,4643,3.1,6.8,Tony Snell
1626203,Treveon,1610612766,CHA,23.0,27,10,17,0.37,188.9033333333333,19,40,0.475,9,15,0.6,10,15,0.667,5,17,22,6,3,6,1,7,18,14,57,-39,110.4,0,0,108.0,1,2016-17,7.0,94.6,93.6,93.6,106.2,104.3,104.3,-11.6,-10.6,-10.6,0.058,2.0,10.7,0.025,0.088,0.056,5.4,5.4,0.588,0.612,0.119,0.121,94.31,95.67,79.72,95.67,0.065,377,0.7,1.5,Treveon Graham
2772,Trevor,1610612745,HOU,32.0,80,53,27,0.663,2772.61,326,798,0.409,191,555,0.344,93,126,0.738,54,404,458,175,73,147,20,20,133,126,936,366,2176.1,3,0,2094.0,1,2016-17,34.7,112.9,114.9,114.9,107.1,108.6,108.6,5.7,6.2,6.2,0.088,2.4,15.9,0.019,0.143,0.081,6.6,6.6,0.528,0.548,0.14,0.141,102.78,101.16,84.3,101.16,0.085,5844,4.1,10.0,Trevor Ariza
202344,Trevor,1610612751,BKN,29.0,71,18,53,0.254,1754.315,305,591,0.516,25,78,0.321,74,110,0.673,143,428,571,138,127,75,28,36,152,102,709,-335,1783.2,16,0,1649.0,1,2016-17,24.7,99.3,100.1,100.1,107.3,108.2,108.2,-7.9,-8.1,-8.1,0.131,1.09,15.3,0.079,0.223,0.153,14.1,14.0,0.537,0.554,0.185,0.188,103.12,102.32,85.26,102.32,0.127,3724,4.3,8.3,Trevor Booker
203504,Trey,1610612764,WAS,24.0,57,35,22,0.614,702.79,116,255,0.455,31,70,0.443,22,29,0.759,7,40,47,100,48,11,5,9,54,31,285,-160,491.4,0,0,495.0,1,2016-17,12.3,99.4,98.6,98.6,108.7,108.8,108.8,-9.3,-10.2,-10.2,0.23,2.08,24.1,0.01,0.057,0.034,11.6,11.5,0.516,0.532,0.2,0.205,96.33,96.68,80.56,96.68,0.081,1408,2.0,4.5,Trey Burke
1626168,Trey,1610612762,UTA,21.0,71,43,28,0.606,1158.35,159,439,0.362,65,204,0.319,57,79,0.722,48,187,235,69,64,26,20,16,97,59,440,26,899.5,1,0,901.0,1,2016-17,16.3,103.9,103.9,103.9,103.0,103.1,103.1,0.9,0.8,0.8,0.098,1.08,11.4,0.042,0.158,0.101,10.6,10.5,0.436,0.464,0.209,0.214,94.43,94.4,78.66,94.4,0.076,2282,2.2,6.2,Trey Lyles
202684,Tristan,1610612739,CLE,26.0,78,50,28,0.641,2336.3816666666667,262,437,0.6,0,3,0.0,106,213,0.498,286,429,715,77,64,39,84,45,176,190,630,133,1908.5,19,0,1668.0,1,2016-17,30.0,110.6,112.3,112.3,107.7,109.0,109.0,2.9,3.3,3.3,0.046,1.2,11.4,0.12,0.177,0.148,9.5,9.5,0.6,0.594,0.112,0.112,98.28,96.92,80.77,96.92,0.089,4708,3.4,5.6,Tristan Thompson
203584,Troy,1610612763,MEM,25.0,67,33,34,0.493,1183.3016666666667,185,495,0.374,138,355,0.389,43,54,0.796,22,78,100,46,45,20,4,12,90,67,551,89,767.0,0,0,883.0,1,2016-17,17.7,104.6,104.9,104.9,104.3,104.3,104.3,0.3,0.6,0.6,0.065,1.02,7.6,0.017,0.068,0.041,7.4,7.4,0.513,0.531,0.203,0.209,95.87,95.73,79.78,95.73,0.065,2396,2.8,7.4,Troy Daniels
1627786,Troy,1610612745,HOU,22.0,30,19,11,0.633,556.5866666666667,73,167,0.437,18,62,0.29,21,32,0.656,15,54,69,25,32,27,10,10,60,24,185,-76,384.3,0,0,371.0,2,2016-17,18.6,100.1,101.1,101.1,105.5,107.3,107.3,-5.4,-6.3,-6.3,0.072,0.78,10.5,0.026,0.093,0.06,13.4,13.4,0.491,0.511,0.169,0.171,98.78,97.49,81.25,97.49,0.055,1128,2.4,5.6,Troy Williams
201951,Ty,1610612758,SAC,29.0,69,25,44,0.362,1732.1233333333332,237,522,0.454,34,118,0.288,173,217,0.797,44,135,179,334,129,74,6,53,119,176,681,-156,1507.8,3,1,1388.0,1,2016-17,25.1,104.4,105.0,105.0,108.6,109.4,109.4,-4.2,-4.5,-4.5,0.3,2.59,30.9,0.026,0.077,0.052,11.9,11.9,0.487,0.551,0.19,0.193,98.3,97.68,81.4,97.68,0.106,3526,3.4,7.6,Ty Lawson
203898,Tyler,1610612747,LAL,22.0,53,28,25,0.528,588.1466666666666,90,208,0.433,27,70,0.386,21,25,0.84,9,36,45,86,45,25,2,16,58,29,228,-1,447.0,0,0,440.0,2,2016-17,11.1,103.5,103.5,103.5,103.7,103.4,103.4,-0.2,0.1,0.1,0.211,1.91,24.7,0.015,0.065,0.039,12.9,12.9,0.498,0.521,0.189,0.194,100.23,100.38,83.65,100.38,0.07,1229,1.7,3.9,Tyler Ennis
204020,Tyler,1610612748,MIA,25.0,73,35,38,0.479,2177.483333333333,357,824,0.433,93,250,0.372,195,254,0.768,50,243,293,233,90,84,44,53,176,211,1002,35,1997.1,0,0,1877.0,1,2016-17,29.8,104.0,104.8,104.8,103.5,104.3,104.3,0.4,0.6,0.6,0.17,2.59,18.5,0.022,0.111,0.065,7.2,7.1,0.49,0.535,0.203,0.207,98.21,97.46,81.21,97.46,0.108,4426,4.9,11.3,Tyler Johnson
1627755,Tyler,1610612756,PHX,21.0,61,15,46,0.246,1122.73,184,437,0.421,21,79,0.266,55,71,0.775,20,75,95,226,77,48,5,28,73,68,444,-142,979.0,6,0,892.0,1,2016-17,18.4,101.8,102.9,102.9,108.3,108.2,108.2,-6.5,-5.3,-5.3,0.297,2.94,29.3,0.016,0.063,0.039,10.0,10.0,0.445,0.474,0.199,0.202,103.49,102.97,85.81,102.97,0.095,2402,3.0,7.2,Tyler Ulis
203092,Tyler,1610612738,BOS,27.0,51,32,19,0.627,524.655,78,158,0.494,0,1,0.0,22,39,0.564,43,81,124,42,20,7,21,16,61,49,178,-2,453.8,1,0,400.0,1,2016-17,10.3,104.5,104.1,104.1,104.4,104.6,104.6,0.2,-0.5,-0.5,0.125,2.1,17.7,0.078,0.143,0.111,8.4,8.4,0.494,0.508,0.159,0.164,99.44,99.49,82.91,99.49,0.085,1089,1.5,3.1,Tyler Zeller
201936,Tyreke,1610612758,SAC,27.0,40,17,23,0.425,788.065,150,370,0.405,42,118,0.356,69,92,0.75,13,124,137,124,61,35,9,26,60,74,411,-151,832.4,0,0,802.0,2,2016-17,19.7,97.5,97.9,97.9,106.1,107.4,107.4,-8.6,-9.5,-9.5,0.281,2.03,20.9,0.015,0.155,0.083,10.3,10.2,0.462,0.501,0.262,0.27,98.53,97.79,81.49,97.79,0.118,1606,3.8,9.3,Tyreke Evans
2199,Tyson,1610612756,PHX,34.0,47,15,32,0.319,1297.61,153,228,0.671,0,0,0.0,91,124,0.734,153,386,539,30,65,33,24,11,126,102,397,-74,1194.8,12,0,1080.0,1,2016-17,27.6,106.7,107.8,107.8,109.5,110.8,110.8,-2.8,-3.1,-3.1,0.033,0.46,7.9,0.114,0.306,0.207,17.2,17.2,0.671,0.703,0.112,0.113,101.9,100.75,83.95,100.75,0.13,2728,3.3,4.9,Tyson Chandler
1626145,Tyus,1610612750,MIN,21.0,60,23,37,0.383,774.3883333333333,75,181,0.414,26,73,0.356,33,43,0.767,10,57,67,156,38,48,5,4,50,51,209,34,644.4,0,0,564.0,1,2016-17,12.9,110.7,110.3,110.3,108.2,108.3,108.3,2.5,2.0,2.0,0.276,4.11,39.7,0.013,0.078,0.045,9.7,9.6,0.486,0.523,0.132,0.135,97.47,97.56,81.3,97.56,0.096,1575,1.3,3.0,Tyus Jones
2617,Udonis,1610612748,MIA,37.0,16,6,10,0.375,130.17666666666668,11,23,0.478,0,3,0.0,9,15,0.6,8,28,36,6,8,6,1,1,22,15,31,-68,96.2,0,0,87.0,1,2016-17,8.1,82.7,82.3,82.3,106.5,107.5,107.5,-23.8,-25.2,-25.2,0.094,0.75,13.6,0.054,0.217,0.13,18.2,18.3,0.478,0.524,0.13,0.131,98.53,98.27,81.89,98.27,0.073,266,0.7,1.4,Udonis Haslem
203506,Victor,1610612760,OKC,25.0,67,39,28,0.582,2222.6383333333333,412,932,0.442,127,352,0.361,116,154,0.753,39,252,291,176,119,78,21,52,155,120,1067,175,1858.2,3,0,1859.0,1,2016-17,33.2,104.5,106.7,106.7,102.1,102.6,102.6,2.5,4.1,4.1,0.122,1.48,13.6,0.017,0.109,0.063,9.2,9.2,0.51,0.534,0.21,0.213,101.09,99.77,83.14,99.77,0.095,4613,6.1,13.9,Victor Oladipo
1713,Vince,1610612763,MEM,40.0,73,36,37,0.493,1799.56,193,490,0.394,112,296,0.378,88,115,0.765,36,191,227,133,50,60,36,16,163,111,586,157,1295.9,0,0,1250.0,1,2016-17,24.7,107.1,108.5,108.5,103.6,104.5,104.5,3.6,4.0,4.0,0.112,2.66,18.3,0.02,0.109,0.063,6.9,6.9,0.508,0.542,0.147,0.149,95.02,93.98,78.32,93.98,0.078,3531,2.6,6.7,Vince Carter
1627735,Wade,1610612763,MEM,21.0,33,18,15,0.545,404.955,36,115,0.313,3,22,0.136,31,37,0.838,11,35,46,61,39,18,7,10,40,32,106,-139,288.7,0,0,266.0,1,2016-17,12.3,90.9,90.3,90.3,107.8,107.1,107.1,-16.9,-16.8,-16.8,0.262,1.56,26.2,0.025,0.085,0.054,16.7,16.9,0.326,0.404,0.186,0.191,96.72,97.37,81.14,97.37,0.051,821,1.1,3.5,Wade Baldwin IV
201961,Wayne,1610612748,MIA,29.0,62,35,27,0.565,1499.7166666666667,231,555,0.416,149,394,0.378,37,43,0.86,18,114,132,70,30,35,4,9,70,44,648,86,998.4,0,0,1077.0,1,2016-17,24.2,107.1,108.0,108.0,104.4,105.2,105.2,2.7,2.7,2.7,0.07,2.33,10.5,0.012,0.076,0.043,4.5,4.5,0.55,0.565,0.174,0.179,97.3,96.55,80.46,96.55,0.082,3018,3.7,9.0,Wayne Ellington
1627782,Wayne,1610612763,MEM,22.0,14,6,8,0.429,236.00333333333333,25,58,0.431,7,28,0.25,14,22,0.636,1,15,16,13,12,6,1,3,18,14,71,-42,118.7,0,0,121.0,2,2016-17,16.9,98.4,98.3,98.3,105.8,106.9,106.9,-7.4,-8.6,-8.6,0.09,1.08,14.0,0.004,0.06,0.034,12.9,12.9,0.491,0.525,0.159,0.162,94.78,94.37,78.64,94.37,0.044,463,1.8,4.1,Wayne Selden
202325,Wesley,1610612746,LAC,29.0,68,40,28,0.588,810.1183333333333,73,200,0.365,29,118,0.246,11,17,0.647,26,155,181,23,18,29,30,4,83,18,186,-56,596.7,0,0,537.0,1,2016-17,11.9,101.3,100.0,100.0,104.2,102.4,102.4,-2.9,-2.4,-2.4,0.042,1.28,9.3,0.031,0.186,0.109,7.3,7.2,0.438,0.448,0.122,0.126,98.07,99.6,83.0,99.6,0.067,1673,1.1,2.9,Wesley Johnson
202083,Wesley,1610612742,DAL,30.0,73,29,44,0.397,2494.805,333,847,0.393,174,479,0.363,146,179,0.816,18,241,259,210,102,77,15,24,161,212,986,-193,1785.8,0,0,1813.0,1,2016-17,34.2,103.4,104.0,104.0,106.8,107.7,107.7,-3.5,-3.7,-3.7,0.138,2.06,17.0,0.007,0.105,0.054,8.3,8.2,0.496,0.533,0.193,0.196,94.04,93.41,77.84,93.41,0.081,4849,4.6,11.6,Wesley Matthews
203115,Will,1610612743,DEN,26.0,60,31,29,0.517,1705.0566666666666,295,666,0.443,87,235,0.37,143,190,0.753,58,201,259,206,97,48,28,45,110,138,820,-80,1570.8,2,0,1524.0,1,2016-17,28.4,107.7,108.8,108.8,110.6,111.0,111.0,-2.9,-2.1,-2.1,0.185,2.12,19.7,0.032,0.12,0.075,9.3,9.2,0.508,0.547,0.207,0.211,100.14,99.46,82.88,99.46,0.102,3531,4.9,11.1,Will Barton
1626161,Willie,1610612758,SAC,23.0,75,29,46,0.387,1420.79,255,481,0.53,0,2,0.0,101,151,0.669,85,254,339,80,69,53,44,34,147,109,611,-206,1359.8,8,0,1224.0,1,2016-17,18.9,102.5,102.6,102.6,108.8,109.5,109.5,-6.3,-6.9,-6.9,0.093,1.16,11.5,0.062,0.18,0.121,9.9,9.9,0.53,0.558,0.195,0.199,96.9,96.54,80.45,96.54,0.106,2854,3.4,6.4,Willie Cauley-Stein
203186,Willie,1610612748,MIA,27.0,71,39,32,0.549,1030.7166666666667,162,285,0.568,1,4,0.25,49,88,0.557,129,203,332,26,31,18,47,23,137,89,374,36,975.4,4,0,863.0,1,2016-17,14.5,104.4,103.8,103.8,101.7,101.9,101.9,2.6,1.9,1.9,0.04,0.84,6.8,0.119,0.192,0.155,8.1,8.1,0.57,0.578,0.15,0.153,98.25,98.42,82.02,98.42,0.108,2111,2.3,4.0,Willie Reed
1626195,Willy,1610612752,NYK,23.0,72,27,45,0.375,1324.41,246,465,0.529,4,15,0.267,91,125,0.728,170,332,502,96,100,41,36,35,150,126,587,-54,1464.4,11,0,1343.0,1,2016-17,18.4,104.8,106.4,106.4,107.5,107.6,107.6,-2.7,-1.1,-1.1,0.116,0.96,13.4,0.123,0.237,0.181,14.0,14.0,0.533,0.564,0.199,0.202,99.11,98.36,81.97,98.36,0.133,2703,3.4,6.5,Willy Hernangomez
201163,Wilson,1610612743,DEN,30.0,71,35,36,0.493,2196.6833333333334,433,939,0.461,110,326,0.337,141,194,0.727,103,357,460,141,114,51,30,36,172,157,1117,-36,2009.5,9,0,1990.0,1,2016-17,30.9,110.1,111.1,111.1,111.8,112.1,112.1,-1.7,-1.0,-1.0,0.097,1.24,11.1,0.046,0.162,0.103,9.0,8.9,0.52,0.545,0.217,0.221,100.42,99.83,83.19,99.83,0.098,4573,6.1,13.2,Wilson Chandler
1627812,Yogi,1610612742,DAL,24.0,46,18,28,0.391,1197.0116666666668,160,394,0.406,68,176,0.386,74,89,0.831,20,91,111,172,70,42,9,22,90,104,462,-117,936.2,0,0,915.0,2,2016-17,26.0,104.2,103.7,103.7,108.3,107.8,107.8,-4.1,-4.2,-4.2,0.232,2.46,25.4,0.017,0.081,0.048,10.4,10.4,0.492,0.533,0.192,0.196,95.89,96.32,80.27,96.32,0.084,2394,3.5,8.6,Yogi Ferrell
203897,Zach,1610612750,MIN,22.0,47,16,31,0.34,1748.8033333333333,326,710,0.459,120,310,0.387,117,140,0.836,19,141,160,139,85,41,10,38,104,107,889,-117,1357.5,0,0,1410.0,1,2016-17,37.2,106.5,108.4,108.4,110.1,111.2,111.2,-3.6,-2.8,-2.8,0.128,1.64,14.0,0.011,0.087,0.048,8.6,8.5,0.544,0.576,0.215,0.218,96.39,95.05,79.21,95.05,0.095,3454,6.9,15.1,Zach LaVine
2216,Zach,1610612763,MEM,35.0,73,38,35,0.521,1786.235,433,964,0.449,21,94,0.223,141,193,0.731,182,416,598,122,99,38,10,69,136,197,1028,75,1973.6,20,0,1865.0,1,2016-17,24.5,104.1,105.8,105.8,105.2,105.8,105.8,-1.1,0.0,0.0,0.131,1.23,9.6,0.096,0.246,0.167,7.8,7.8,0.46,0.49,0.28,0.285,94.38,93.33,77.77,93.33,0.152,3509,5.9,13.2,Zach Randolph
2585,Zaza,1610612744,GSW,33.0,70,58,12,0.829,1268.3333333333333,164,307,0.534,0,2,0.0,98,126,0.778,140,270,410,132,87,59,33,34,166,147,426,418,1305.0,4,0,1152.0,1,2016-17,18.1,115.8,116.7,116.7,100.0,101.0,101.0,15.8,15.7,15.7,0.131,1.52,22.6,0.115,0.202,0.161,14.9,15.0,0.534,0.588,0.15,0.151,102.92,102.01,85.01,102.01,0.1,2693,2.3,4.4,Zaza Pachulia
