PLAYER_ID,NICKNAME,TEAM_ID,TEAM_ABBREVIATION,AGE,GP,W,L,W_PCT,MIN_trad,FGM,FGA,FG_PCT,FG3M,FG3A,FG3_PCT,FTM,FTA,FT_PCT,OREB,DREB,REB,AST,TOV,STL,BLK,BLKA,PF,PFD,PTS,PLUS_MINUS,NBA_FANTASY_PTS,DD2,TD3,WNBA_FANTASY_PTS,TEAM_COUNT,SEASON,MIN_adv,E_OFF_RATING,OFF_RATING,sp_work_OFF_RATING,E_DEF_RATING,DEF_RATING,sp_work_DEF_RATING,E_NET_RATING,NET_RATING,sp_work_NET_RATING,AST_PCT,AST_TO,AST_RATIO,OREB_PCT,DREB_PCT,REB_PCT,TM_TOV_PCT,E_TOV_PCT,EFG_PCT,TS_PCT,USG_PCT,E_USG_PCT,E_PACE,PACE,PACE_PER40,sp_work_PACE,PIE,POSS,FGM_PG,FGA_PG,PLAYER_NAME
201166,Aaron,1610612750,MIN,33.0,32,19,13,0.594,189.41333333333333,28,69,0.406,11,31,0.355,8,11,0.727,7,10,17,20,11,6,0,4,28,11,75,-75,132.4,0,0,135.0,1,2017-18,5.9,102.2,98.5,98.5,119.1,115.7,115.7,-16.9,-17.2,-17.2,0.161,1.82,19.0,0.036,0.057,0.046,10.5,10.5,0.486,0.508,0.192,0.201,97.6,100.86,84.05,100.86,0.044,395,0.9,2.2,Aaron Brooks
203932,Aaron,1610612753,ORL,22.0,58,19,39,0.328,1909.0783333333331,375,865,0.434,115,342,0.336,157,225,0.698,87,370,457,136,107,59,45,42,111,192,1022,-92,1979.4,17,0,1938.0,1,2017-18,32.9,104.8,106.3,106.3,107.1,108.3,108.3,-2.3,-2.0,-2.0,0.111,1.27,11.3,0.044,0.191,0.116,8.9,8.9,0.5,0.53,0.238,0.243,101.73,100.43,83.69,100.43,0.113,3989,6.5,14.9,Aaron Gordon
1626151,Aaron,1610612742,DAL,23.0,9,2,7,0.222,233.2516666666667,19,69,0.275,9,43,0.209,13,17,0.765,4,20,24,11,3,9,2,0,27,13,60,-72,135.3,0,0,126.0,1,2017-18,25.9,98.6,98.1,98.1,112.0,112.2,112.2,-13.4,-14.1,-14.1,0.072,3.67,12.1,0.015,0.091,0.049,3.3,3.3,0.341,0.392,0.147,0.151,98.88,98.98,82.49,98.98,0.022,479,2.1,7.7,Aaron Harrison
1628935,Aaron,1610612745,HOU,32.0,1,0,1,0.0,34.5,3,9,0.333,1,4,0.25,1,2,0.5,2,1,3,1,1,0,0,1,4,3,8,-10,12.1,0,0,13.0,1,2017-18,34.5,88.9,88.1,88.1,104.1,107.8,107.8,-15.2,-19.8,-19.8,0.053,1.0,8.3,0.056,0.031,0.044,8.3,8.4,0.389,0.405,0.149,0.152,92.3,91.13,75.94,91.13,-0.01,67,3.0,9.0,Aaron Jackson
1627846,Abdel,1610612738,BOS,24.0,48,33,15,0.688,521.5266666666666,50,149,0.336,23,65,0.354,23,39,0.59,13,58,71,26,34,15,10,11,45,31,146,-109,311.2,0,0,316.0,1,2017-18,10.9,98.1,97.1,97.1,108.2,107.3,107.3,-10.1,-10.3,-10.3,0.078,0.76,11.5,0.024,0.111,0.067,15.0,15.0,0.413,0.439,0.162,0.169,99.53,100.46,83.72,100.46,0.033,1093,1.0,3.1,Abdel Nader
203940,Adreian,1610612753,ORL,27.0,5,0,5,0.0,42.54833333333333,7,10,0.7,2,3,0.667,5,6,0.833,2,7,9,0,2,2,0,0,6,5,21,-13,35.8,0,0,36.0,1,2017-18,8.5,98.7,103.5,103.5,120.9,115.9,115.9,-22.2,-12.4,-12.4,0.0,0.0,0.0,0.044,0.226,0.118,13.3,13.7,0.8,0.831,0.155,0.151,98.49,98.15,81.79,98.15,0.12,86,1.4,2.0,Adreian Payne
201143,Al,1610612738,BOS,32.0,72,47,25,0.653,2277.025,368,753,0.489,97,226,0.429,94,120,0.783,103,428,531,339,132,43,78,26,138,134,927,345,2303.7,15,0,2136.0,1,2017-18,31.6,108.2,108.9,108.9,101.1,101.6,101.6,7.1,7.3,7.3,0.225,2.57,26.6,0.047,0.178,0.115,10.3,10.3,0.553,0.575,0.183,0.186,97.75,97.23,81.03,97.23,0.134,4617,5.1,10.5,Al Horford
2744,Al,1610612754,IND,33.0,36,17,19,0.472,483.56,111,208,0.534,0,3,0.0,30,36,0.833,30,113,143,30,21,16,23,19,66,33,252,-11,564.6,1,0,503.0,1,2017-18,13.4,105.0,105.4,105.4,107.8,107.2,107.2,-2.8,-1.8,-1.8,0.098,1.43,11.1,0.061,0.227,0.144,7.7,7.6,0.534,0.563,0.218,0.227,98.03,98.07,81.73,98.07,0.135,991,3.1,5.8,Al Jefferson
202329,Al-Farouq,1610612757,POR,27.0,69,40,29,0.58,2072.1716666666666,230,582,0.395,125,339,0.369,59,80,0.738,97,428,525,84,79,79,40,16,136,86,644,220,1678.0,9,0,1616.0,1,2017-18,30.0,107.9,109.6,109.6,103.5,104.4,104.4,4.4,5.2,5.2,0.056,1.06,10.8,0.045,0.198,0.121,10.1,10.1,0.503,0.522,0.145,0.146,99.69,98.47,82.06,98.47,0.09,4250,3.3,8.4,Al-Farouq Aminu
1626210,Alan,1610612756,PHX,25.0,5,1,4,0.2,70.335,7,18,0.389,0,0,0.0,6,9,0.667,3,19,22,8,7,5,1,3,13,9,20,1,69.4,0,0,62.0,1,2017-18,14.1,90.7,90.9,90.9,92.3,90.8,90.8,-1.6,0.1,0.1,0.195,1.14,21.6,0.039,0.26,0.148,18.9,18.9,0.389,0.455,0.184,0.186,96.59,97.25,81.04,97.25,0.089,143,1.4,3.6,Alan Williams
202692,Alec,1610612762,UTA,26.0,64,37,27,0.578,1058.66,170,414,0.411,47,142,0.331,107,124,0.863,19,173,192,67,60,37,8,24,75,98,494,-11,899.9,0,0,890.0,1,2017-18,16.5,106.1,104.3,104.3,105.8,105.3,105.3,0.3,-1.0,-1.0,0.104,1.12,11.3,0.019,0.168,0.094,10.1,10.1,0.467,0.527,0.221,0.229,97.02,98.03,81.69,98.03,0.101,2167,2.7,6.5,Alec Burks
1628409,Alec,1610612756,PHX,23.0,20,2,18,0.1,224.855,28,74,0.378,18,58,0.31,8,10,0.8,8,29,37,12,4,2,2,0,13,10,82,35,152.4,0,0,157.0,1,2017-18,11.2,107.6,108.9,108.9,106.6,101.7,101.7,1.0,7.3,7.3,0.073,3.0,12.9,0.032,0.12,0.076,4.3,4.2,0.5,0.523,0.151,0.156,100.94,102.68,85.57,102.68,0.071,481,1.4,3.7,Alec Peters
203518,Alex,1610612760,OKC,24.0,75,42,33,0.56,1134.1866666666667,115,291,0.395,84,221,0.38,39,46,0.848,26,88,114,28,25,38,8,9,124,53,353,42,644.8,0,0,671.0,1,2017-18,15.1,106.5,107.7,107.7,106.3,106.5,106.5,0.3,1.2,1.2,0.036,1.12,7.7,0.021,0.079,0.049,6.9,6.9,0.54,0.567,0.126,0.129,98.51,97.91,81.59,97.91,0.048,2320,1.5,3.9,Alex Abrines
1627936,Alex,1610612747,LAL,24.0,37,16,21,0.432,561.91,50,116,0.431,13,43,0.302,21,30,0.7,15,50,65,75,42,23,10,8,52,38,134,-3,381.5,0,0,353.0,1,2017-18,15.2,102.3,100.5,100.5,101.5,100.8,100.8,0.8,-0.3,-0.3,0.185,1.79,30.4,0.026,0.086,0.056,17.0,17.1,0.487,0.519,0.128,0.132,101.41,102.64,85.53,102.64,0.062,1202,1.4,3.1,Alex Caruso
203458,Alex,1610612756,PHX,25.0,69,20,49,0.29,1395.3466666666666,214,378,0.566,1,3,0.333,158,231,0.684,175,343,518,82,78,27,61,43,158,189,587,-257,1517.6,12,0,1364.0,1,2017-18,20.2,101.4,101.8,101.8,110.3,110.4,110.4,-8.8,-8.6,-8.6,0.093,1.05,12.8,0.116,0.228,0.172,12.2,12.2,0.567,0.612,0.164,0.169,103.37,103.1,85.91,103.1,0.129,2997,3.1,5.5,Alex Len
1627816,Alex,1610612754,IND,24.0,25,10,15,0.4,104.125,11,26,0.423,4,11,0.364,0,0,0.0,7,10,17,2,2,3,1,0,16,2,26,-21,59.4,0,0,57.0,1,2017-18,4.2,105.0,102.8,102.8,116.5,115.8,115.8,-11.5,-13.0,-13.0,0.026,1.0,6.7,0.061,0.102,0.08,6.7,6.7,0.5,0.5,0.112,0.119,96.4,97.73,81.44,97.73,0.032,215,0.4,1.0,Alex Poythress
1628035,Alfonzo,1610612761,TOR,25.0,14,13,1,0.929,53.43833333333333,8,15,0.533,3,9,0.333,2,3,0.667,1,6,7,1,3,1,1,0,8,3,21,-14,33.9,0,0,36.0,1,2017-18,3.8,111.0,101.8,101.8,112.0,114.0,114.0,-1.0,-12.3,-12.3,0.027,0.33,5.0,0.022,0.098,0.066,15.0,14.8,0.633,0.643,0.158,0.175,99.04,102.4,85.33,102.4,0.052,114,0.6,1.1,Alfonzo McKinnie
203459,Allen,1610612751,BKN,26.0,75,25,50,0.333,2197.2,337,827,0.407,201,532,0.378,115,135,0.852,28,296,324,117,78,47,35,26,168,101,990,-78,1722.3,0,0,1796.0,1,2017-18,29.3,105.6,106.9,106.9,108.8,108.8,108.8,-3.2,-1.9,-1.9,0.082,1.5,11.0,0.012,0.13,0.07,7.3,7.2,0.529,0.558,0.183,0.188,101.61,100.98,84.15,100.98,0.084,4627,4.5,11.0,Allen Crabbe
101161,Amir,1610612755,PHI,31.0,74,47,27,0.635,1170.3016666666667,140,260,0.538,10,32,0.313,52,85,0.612,123,207,330,118,55,45,44,27,192,74,342,9,1127.0,1,0,978.0,1,2017-18,15.8,103.6,102.5,102.5,101.3,101.0,101.0,2.3,1.5,1.5,0.137,2.15,25.0,0.102,0.169,0.136,11.7,11.7,0.558,0.575,0.125,0.128,102.93,103.67,86.39,103.67,0.088,2513,1.9,3.5,Amir Johnson
203083,Andre,1610612765,DET,24.0,78,37,41,0.474,2624.8483333333334,466,881,0.529,0,11,0.0,239,395,0.605,399,848,1247,237,200,114,127,60,250,338,1171,-53,3545.9,62,0,3137.0,1,2017-18,33.7,105.7,107.0,107.0,106.9,108.0,108.0,-1.2,-1.0,-1.0,0.14,1.19,15.8,0.145,0.329,0.234,13.4,13.4,0.529,0.555,0.207,0.209,98.88,97.79,81.49,97.79,0.156,5348,6.0,11.3,Andre Drummond
2738,Andre,1610612744,GSW,34.0,64,46,18,0.719,1622.4783333333332,148,320,0.463,33,117,0.282,55,87,0.632,50,196,246,210,67,54,38,12,99,98,384,276,1203.2,0,0,1057.0,1,2017-18,25.4,110.4,109.1,109.1,100.5,101.3,101.3,9.8,7.9,7.9,0.169,3.13,33.1,0.033,0.109,0.074,10.6,10.5,0.514,0.536,0.112,0.116,100.97,101.15,84.29,101.15,0.081,3422,2.3,5.0,Andre Iguodala
201281,Andre,1610612747,LAL,32.0,2,1,1,0.5,64.13333333333334,8,17,0.471,5,9,0.556,3,3,1.0,1,5,6,7,3,3,3,0,3,5,24,20,56.7,0,0,54.0,1,2017-18,32.1,109.2,109.2,109.2,93.8,95.1,95.1,15.3,14.1,14.1,0.149,2.33,25.0,0.016,0.072,0.046,10.7,10.6,0.618,0.655,0.136,0.141,106.98,106.28,88.57,106.28,0.099,142,4.0,8.5,Andre Ingram
203460,Andre,1610612760,OKC,26.0,39,24,15,0.615,1036.6783333333333,87,162,0.537,8,36,0.222,12,38,0.316,75,110,185,46,30,45,35,10,89,37,194,188,695.0,0,0,593.0,1,2017-18,26.6,106.4,106.7,106.7,96.4,97.3,97.3,10.0,9.4,9.4,0.059,1.53,18.0,0.068,0.109,0.088,11.7,11.8,0.562,0.543,0.085,0.087,97.4,96.82,80.68,96.82,0.065,2087,2.2,4.2,Andre Roberson
101106,Andrew,1610612747,LAL,33.0,24,7,17,0.292,216.395,17,25,0.68,0,0,0.0,2,2,1.0,26,52,78,15,19,4,13,1,40,6,36,-29,184.1,0,0,163.0,1,2017-18,9.0,94.2,95.2,95.2,99.7,100.2,100.2,-5.5,-5.1,-5.1,0.099,0.79,25.0,0.104,0.223,0.162,31.7,31.7,0.68,0.696,0.085,0.086,102.33,101.59,84.66,101.59,0.081,455,0.7,1.0,Andrew Bogut
1626150,Andrew,1610612763,MEM,23.0,56,17,39,0.304,1326.2716666666668,181,429,0.422,47,142,0.331,124,159,0.78,23,108,131,177,81,38,26,29,138,167,533,-201,1066.7,0,0,1016.0,1,2017-18,23.7,100.6,101.3,101.3,108.2,108.5,108.5,-7.7,-7.3,-7.3,0.222,2.19,23.4,0.017,0.085,0.051,10.7,10.7,0.477,0.534,0.195,0.201,95.24,94.79,78.99,94.79,0.083,2614,3.2,7.7,Andrew Harrison
1628510,Andrew,1610612737,ATL,25.0,15,1,14,0.067,209.10666666666663,25,73,0.342,18,49,0.367,1,4,0.25,4,30,34,6,8,3,1,2,12,6,69,-76,122.8,0,0,135.0,1,2017-18,13.9,93.2,91.6,91.6,110.8,110.3,110.3,-17.6,-18.6,-18.6,0.05,0.75,6.8,0.016,0.133,0.072,9.1,9.0,0.466,0.461,0.16,0.169,102.43,103.53,86.27,103.53,0.049,455,1.7,4.9,Andrew White III
203952,Andrew,1610612750,MIN,23.0,82,47,35,0.573,2978.7033333333334,569,1300,0.438,112,338,0.331,202,314,0.643,82,276,358,160,138,91,51,62,163,240,1452,208,2409.6,1,0,2366.0,1,2017-18,36.3,111.0,112.5,112.5,107.7,108.9,108.9,3.3,3.5,3.5,0.08,1.16,9.2,0.028,0.094,0.061,7.9,7.9,0.481,0.505,0.228,0.232,98.79,97.56,81.3,97.56,0.076,6052,6.9,15.9,Andrew Wiggins
1627790,Ante,1610612739,CLE,21.0,32,21,11,0.656,214.24,49,67,0.731,0,0,0.0,21,29,0.724,24,36,60,5,11,2,13,2,30,24,119,-39,232.5,0,0,214.0,1,2017-18,6.7,107.1,105.7,105.7,114.1,114.9,114.9,-7.0,-9.1,-9.1,0.039,0.45,5.3,0.112,0.179,0.145,11.7,11.5,0.731,0.746,0.171,0.183,100.93,101.27,84.39,101.27,0.132,453,1.5,2.1,Ante Zizic
1626148,Anthony,1610612750,MIN,25.0,1,0,1,0.0,3.733333333333333,1,1,1.0,1,1,1.0,0,0,0.0,0,0,0,1,0,0,0,0,0,0,3,3,4.5,0,0,5.0,1,2017-18,3.7,135.1,120.0,120.0,93.4,90.0,90.0,41.8,30.0,30.0,0.333,0.0,50.0,0.0,0.0,0.0,0.0,0.0,1.5,1.5,0.1,0.113,119.06,128.57,107.14,128.57,0.229,10,1.0,1.0,Anthony Brown
203076,Anthony,1610612740,NOP,25.0,75,45,30,0.6,2727.2366666666667,780,1462,0.534,55,162,0.34,495,598,0.828,187,644,831,174,162,115,193,45,159,558,2110,294,4130.2,50,1,3786.0,1,2017-18,36.4,108.8,109.2,109.2,103.4,104.3,104.3,5.4,5.0,5.0,0.104,1.07,8.5,0.07,0.213,0.146,7.9,7.9,0.552,0.612,0.291,0.297,103.33,102.71,85.6,102.71,0.188,5838,10.4,19.5,Anthony Davis
201229,Anthony,1610612765,DET,33.0,79,37,42,0.468,1757.055,219,472,0.464,159,365,0.436,106,133,0.797,50,191,241,90,58,32,21,13,144,118,703,24,1228.2,1,0,1299.0,1,2017-18,22.2,105.8,105.9,105.9,104.7,105.0,105.0,1.0,0.9,0.9,0.076,1.55,13.4,0.027,0.109,0.067,8.6,8.5,0.632,0.663,0.144,0.15,98.16,97.94,81.61,97.94,0.086,3581,2.8,6.0,Anthony Tolliver
1628469,Antonio,1610612741,CHI,21.0,19,3,16,0.158,313.9,53,143,0.371,15,52,0.288,30,39,0.769,4,29,33,20,11,7,1,9,19,25,151,-6,233.6,0,0,235.0,1,2017-18,16.5,106.6,108.2,108.2,109.4,109.4,109.4,-2.8,-1.3,-1.3,0.096,1.82,10.6,0.011,0.089,0.049,5.8,5.8,0.423,0.471,0.227,0.236,99.96,99.24,82.7,99.24,0.064,650,2.8,7.5,Antonio Blakeney
1628499,Antonius,1610612737,ATL,24.0,17,7,10,0.412,122.53,8,21,0.381,3,4,0.75,4,6,0.667,3,11,14,2,7,7,5,1,23,5,23,-45,71.8,0,0,66.0,2,2017-18,7.2,89.6,87.2,87.2,102.0,101.1,101.1,-12.4,-13.9,-13.9,0.025,0.29,6.1,0.022,0.085,0.052,21.2,21.4,0.452,0.486,0.107,0.111,101.08,102.83,85.69,102.83,0.005,258,0.5,1.2,Antonius Cleveland
203382,Aron,1610612738,BOS,31.0,81,54,27,0.667,1484.493333333333,210,446,0.471,3,21,0.143,59,78,0.756,130,304,434,93,80,22,51,33,200,109,482,185,1281.3,4,0,1158.0,1,2017-18,18.3,103.9,104.1,104.1,97.0,97.7,97.7,6.9,6.5,6.5,0.095,1.16,14.2,0.086,0.196,0.141,12.3,12.2,0.474,0.502,0.166,0.17,97.23,96.78,80.65,96.78,0.087,2989,2.6,5.5,Aron Baynes
201167,Arron,1610612753,ORL,32.0,53,16,37,0.302,681.575,65,162,0.401,27,70,0.386,22,26,0.846,4,62,66,30,21,4,9,8,56,25,179,-95,321.2,0,0,328.0,1,2017-18,12.9,100.9,100.9,100.9,106.4,107.6,107.6,-5.4,-6.8,-6.8,0.066,1.43,13.3,0.006,0.082,0.046,9.3,9.4,0.485,0.516,0.127,0.13,98.34,97.79,81.49,97.79,0.042,1388,1.2,3.1,Arron Afflalo
203085,Austin,1610612746,LAC,25.0,61,30,31,0.492,2056.5916666666667,341,805,0.424,136,360,0.378,102,159,0.642,27,118,145,242,109,74,16,57,152,133,920,-64,1618.0,0,0,1623.0,1,2017-18,33.7,108.4,110.0,110.0,110.5,111.6,111.6,-2.2,-1.7,-1.7,0.179,2.22,19.8,0.013,0.058,0.035,8.9,8.9,0.508,0.526,0.206,0.21,98.99,97.78,81.48,97.78,0.073,4192,5.6,13.2,Austin Rivers
202340,Avery,1610612746,LAC,27.0,46,22,24,0.478,1433.07,259,625,0.414,75,203,0.369,63,82,0.768,22,94,116,94,101,51,8,53,92,88,656,-122,1012.2,0,0,1059.0,2,2017-18,31.2,103.2,104.0,104.0,107.0,108.3,108.3,-3.8,-4.2,-4.2,0.105,0.93,11.0,0.014,0.068,0.04,11.8,11.8,0.474,0.496,0.229,0.233,98.7,97.72,81.43,97.72,0.06,2918,5.6,13.6,Avery Bradley
1628389,Bam,1610612748,MIA,20.0,69,34,35,0.493,1368.185,174,340,0.512,0,7,0.0,129,179,0.721,118,263,381,101,66,32,41,29,138,170,477,-31,1238.7,7,0,1105.0,1,2017-18,19.8,102.1,101.9,101.9,102.1,102.6,102.6,0.0,-0.6,-0.6,0.115,1.53,17.2,0.086,0.194,0.14,11.3,11.3,0.512,0.57,0.157,0.162,96.41,96.29,80.24,96.29,0.111,2738,2.5,4.9,Bam Adebayo
203463,Ben,1610612763,MEM,25.0,56,7,49,0.125,1090.62,157,373,0.421,55,159,0.346,53,64,0.828,34,105,139,51,61,38,15,17,139,66,422,-317,763.3,0,0,773.0,1,2017-18,19.5,97.5,97.9,97.9,110.6,111.4,111.4,-13.2,-13.5,-13.5,0.078,0.84,10.0,0.03,0.101,0.064,11.9,11.9,0.495,0.526,0.182,0.187,98.54,97.99,81.66,97.99,0.056,2219,2.8,6.7,Ben McLemore
1628500,Ben,1610612754,IND,23.0,2,1,1,0.5,9.283333333333331,0,0,0.0,0,0,0.0,0,0,0.0,0,1,1,1,0,0,0,0,4,1,0,-15,2.7,0,0,2.0,1,2017-18,4.6,87.4,95.2,95.2,163.6,175.0,175.0,-76.1,-79.8,-79.8,0.111,0.0,100.0,0.0,0.167,0.059,0.0,0.0,0.0,0.0,0.0,0.0,114.48,106.0,88.33,106.0,-0.041,21,0.0,0.0,Ben Moore
1627732,Ben,1610612755,PHI,21.0,81,51,30,0.63,2731.5533333333333,544,998,0.545,0,11,0.0,191,341,0.56,145,514,659,661,278,140,70,49,211,319,1279,388,3413.3,38,12,3019.0,1,2017-18,33.7,109.4,109.5,109.5,101.4,102.9,102.9,8.0,6.6,6.6,0.362,2.38,31.6,0.053,0.171,0.115,13.3,13.3,0.545,0.557,0.219,0.222,102.62,101.77,84.81,101.77,0.154,5793,6.7,12.3,Ben Simmons
202687,Bismack,1610612753,ORL,25.0,82,25,57,0.305,1494.89,183,352,0.52,0,1,0.0,102,157,0.65,144,324,468,66,84,21,95,40,158,155,468,-429,1392.6,7,0,1234.0,1,2017-18,18.2,97.2,97.9,97.9,110.4,111.4,111.4,-13.2,-13.6,-13.6,0.07,0.79,11.5,0.091,0.209,0.149,14.7,14.7,0.52,0.556,0.146,0.15,98.73,97.92,81.6,97.92,0.098,3042,2.2,4.3,Bismack Biyombo
201933,Blake,1610612765,DET,29.0,58,28,30,0.483,1969.8216666666667,436,996,0.438,111,322,0.345,259,330,0.785,73,355,428,334,165,40,18,46,139,321,1242,60,2265.6,16,3,2231.0,2,2017-18,34.0,107.5,108.9,108.9,105.7,107.0,107.0,1.8,1.9,1.9,0.286,2.02,20.4,0.036,0.175,0.106,10.1,10.1,0.493,0.544,0.285,0.289,99.77,98.54,82.12,98.54,0.144,4036,7.5,17.2,Blake Griffin
1626246,Boban,1610612746,LAC,29.0,39,18,21,0.462,337.87,79,148,0.534,0,0,0.0,77,97,0.794,48,96,144,22,36,10,11,14,51,78,235,55,467.8,1,0,443.0,2,2017-18,8.7,111.8,109.8,109.8,105.4,103.5,103.5,6.5,6.3,6.3,0.1,0.61,8.8,0.151,0.274,0.215,14.4,14.5,0.534,0.616,0.276,0.286,100.52,102.36,85.3,102.36,0.166,725,2.0,3.8,Boban Marjanovic
201628,Bobby,1610612745,HOU,33.0,20,17,3,0.85,114.93333333333334,19,58,0.328,11,40,0.275,1,2,0.5,0,7,7,11,9,4,0,2,6,1,50,-59,77.9,0,0,87.0,1,2017-18,5.7,93.6,91.1,91.1,115.5,115.5,115.5,-21.9,-24.5,-24.5,0.19,1.22,13.9,0.0,0.061,0.029,11.4,11.4,0.422,0.425,0.252,0.26,101.14,102.53,85.44,102.53,0.039,246,1.0,2.9,Bobby Brown
1626171,Bobby,1610612741,CHI,23.0,73,25,48,0.342,1642.52,382,811,0.471,80,223,0.359,120,156,0.769,159,339,498,123,103,50,23,56,130,148,964,-83,1862.1,12,0,1811.0,1,2017-18,22.5,106.2,107.4,107.4,109.2,109.5,109.5,-3.0,-2.1,-2.1,0.126,1.19,11.2,0.089,0.207,0.145,9.4,9.3,0.52,0.548,0.25,0.257,101.05,100.32,83.6,100.32,0.133,3428,5.2,11.1,Bobby Portis
203992,Bogdan,1610612758,SAC,25.0,78,26,52,0.333,2175.155,344,772,0.446,129,329,0.392,100,119,0.84,31,192,223,258,125,72,16,33,172,121,917,-362,1710.6,0,0,1703.0,1,2017-18,27.9,101.8,102.6,102.6,110.8,111.2,111.2,-9.0,-8.6,-8.6,0.183,2.06,21.5,0.014,0.094,0.053,10.4,10.4,0.529,0.556,0.192,0.196,97.35,96.77,80.64,96.77,0.087,4393,4.4,9.9,Bogdan Bogdanović
202711,Bojan,1610612754,IND,29.0,80,47,33,0.588,2464.4616666666666,404,852,0.474,155,386,0.402,178,205,0.868,30,240,270,119,106,55,8,61,129,168,1141,89,1726.5,0,0,1811.0,1,2017-18,30.8,106.7,106.4,106.4,104.3,104.9,104.9,2.4,1.5,1.5,0.071,1.12,10.3,0.012,0.097,0.055,9.1,9.1,0.565,0.605,0.185,0.191,98.48,98.36,81.97,98.36,0.091,5056,5.1,10.7,Bojan Bogdanovic
203078,Bradley,1610612764,WAS,25.0,82,43,39,0.524,2976.701666666667,683,1484,0.46,199,530,0.375,292,369,0.791,61,302,363,373,214,96,36,62,160,298,1857,178,3034.1,4,0,3056.0,1,2017-18,36.3,107.6,108.7,108.7,105.3,106.3,106.3,2.3,2.4,2.4,0.206,1.74,16.9,0.021,0.101,0.062,9.7,9.6,0.527,0.564,0.268,0.277,98.74,97.82,81.52,97.82,0.125,6081,8.3,18.1,Bradley Beal
201148,Brandan,1610612745,HOU,30.0,28,11,17,0.393,380.875,59,102,0.578,0,0,0.0,21,33,0.636,33,62,95,13,8,13,26,7,32,26,139,42,381.5,0,0,325.0,2,2017-18,13.6,104.4,103.0,103.0,98.5,97.7,97.7,5.9,5.3,5.3,0.056,1.63,9.5,0.086,0.161,0.124,5.8,5.8,0.578,0.596,0.14,0.146,96.91,97.98,81.65,97.98,0.14,778,2.1,3.6,Brandan Wright
1627742,Brandon,1610612747,LAL,20.0,59,27,32,0.458,1974.5616666666667,358,761,0.47,41,105,0.39,192,282,0.681,57,257,314,230,149,45,43,59,163,237,949,-127,1785.8,6,0,1710.0,1,2017-18,33.5,103.0,104.7,104.7,106.0,107.5,107.5,-2.9,-2.7,-2.7,0.177,1.54,18.2,0.027,0.121,0.074,11.8,11.8,0.497,0.536,0.218,0.22,103.01,101.47,84.56,101.47,0.096,4168,6.1,12.9,Brandon Ingram
201943,Brandon,1610612749,MIL,28.0,14,8,6,0.571,205.14333333333332,27,72,0.375,9,33,0.273,10,10,1.0,5,26,31,44,18,6,4,2,11,12,73,-63,188.2,1,0,177.0,1,2017-18,14.7,96.3,97.7,97.7,112.0,110.8,110.8,-15.7,-13.1,-13.1,0.331,2.44,32.1,0.022,0.131,0.073,13.1,13.0,0.438,0.478,0.191,0.197,101.73,101.55,84.62,101.55,0.097,431,1.9,5.1,Brandon Jennings
203464,Brandon,1610612759,SAS,27.0,64,38,26,0.594,575.84,55,127,0.433,15,54,0.278,22,43,0.512,6,62,68,37,29,25,7,5,58,59,147,-9,351.1,0,0,331.0,1,2017-18,9.0,100.2,98.8,98.8,100.0,98.5,98.5,0.2,0.3,0.3,0.096,1.28,17.5,0.011,0.109,0.06,13.7,13.7,0.492,0.504,0.131,0.135,99.12,100.57,83.81,100.57,0.051,1200,0.9,2.0,Brandon Paul
1627362,Briante,1610612763,MEM,25.0,18,8,10,0.444,236.50333333333333,19,43,0.442,4,11,0.364,8,10,0.8,8,27,35,22,15,18,5,3,28,14,50,-106,179.0,0,0,157.0,2,2017-18,13.1,100.0,99.4,99.4,122.1,121.0,121.0,-22.2,-21.6,-21.6,0.139,1.47,25.9,0.03,0.13,0.074,17.6,17.8,0.488,0.527,0.111,0.113,100.92,101.68,84.73,101.68,0.058,502,1.1,2.4,Briante Weber
1627744,Brice,1610612763,MEM,24.0,18,2,16,0.111,97.96666666666668,20,42,0.476,0,1,0.0,3,5,0.6,9,22,31,2,5,9,6,3,13,3,43,-8,123.2,0,0,106.0,2,2017-18,5.4,98.1,98.6,98.6,105.9,100.9,100.9,-7.8,-2.3,-2.3,0.03,0.4,3.9,0.08,0.227,0.148,9.8,9.8,0.476,0.486,0.193,0.2,104.29,106.57,88.81,106.57,0.106,216,1.1,2.3,Brice Johnson
201572,Brook,1610612747,LAL,30.0,74,34,40,0.459,1734.9466666666667,369,793,0.465,112,325,0.345,111,158,0.703,74,220,294,126,98,30,98,23,195,161,961,-78,1788.8,4,0,1749.0,1,2017-18,23.4,105.0,106.2,106.2,107.8,108.6,108.6,-2.8,-2.3,-2.3,0.113,1.29,11.7,0.041,0.12,0.081,9.1,9.0,0.536,0.557,0.23,0.234,103.03,102.03,85.03,102.03,0.092,3692,5.0,10.7,Brook Lopez
203998,Bruno,1610612758,SAC,22.0,12,4,8,0.333,106.29833333333332,9,31,0.29,3,17,0.176,5,6,0.833,7,15,22,4,4,3,4,1,8,5,26,11,75.4,0,0,69.0,2,2017-18,8.9,101.1,99.5,99.5,94.8,97.1,97.1,6.2,2.4,2.4,0.056,1.0,9.8,0.062,0.146,0.102,9.8,9.6,0.339,0.386,0.152,0.16,95.67,95.28,79.4,95.28,0.052,214,0.8,2.6,Bruno Caboclo
1627854,Bryn,1610612759,SAS,24.0,80,46,34,0.575,1516.8916666666669,209,497,0.421,89,228,0.39,48,72,0.667,12,98,110,80,37,28,2,19,108,64,555,122,860.0,0,0,894.0,1,2017-18,19.0,106.8,106.3,106.3,103.2,102.8,102.8,3.5,3.5,3.5,0.077,2.16,12.5,0.008,0.065,0.036,5.8,5.7,0.51,0.525,0.159,0.166,97.54,97.94,81.61,97.94,0.055,3102,2.6,6.2,Bryn Forbes
1627741,Buddy,1610612758,SAC,25.0,80,27,53,0.338,2024.2316666666663,416,933,0.446,176,408,0.431,71,81,0.877,55,252,307,155,124,85,22,54,148,75,1079,-154,1876.9,0,0,1931.0,1,2017-18,25.3,102.6,103.1,103.1,106.5,107.2,107.2,-3.9,-4.1,-4.1,0.127,1.25,12.5,0.027,0.129,0.076,10.0,9.9,0.54,0.557,0.236,0.243,96.83,96.26,80.22,96.26,0.109,4066,5.2,11.7,Buddy Hield
203710,C.J.,1610612746,LAC,28.0,38,17,21,0.447,706.5016666666667,87,197,0.442,22,78,0.282,13,16,0.813,12,44,56,43,20,31,13,10,63,15,209,-33,452.7,0,0,418.0,1,2017-18,18.6,105.5,105.4,105.4,106.6,106.7,106.7,-1.1,-1.2,-1.2,0.086,2.15,16.0,0.017,0.058,0.038,7.5,7.5,0.497,0.512,0.134,0.138,100.36,100.35,83.62,100.35,0.053,1470,2.3,5.2,C.J. Williams
203468,CJ,1610612757,POR,26.0,81,48,33,0.593,2923.67,667,1505,0.443,189,476,0.397,209,250,0.836,53,268,321,272,151,77,35,100,168,209,1732,118,2710.2,1,0,2738.0,1,2017-18,36.1,106.3,107.3,107.3,104.7,105.8,105.8,1.6,1.6,1.6,0.156,1.8,13.4,0.017,0.089,0.053,7.4,7.4,0.506,0.536,0.259,0.265,99.19,98.2,81.84,98.2,0.109,5993,8.2,18.6,CJ McCollum
101139,CJ,1610612761,TOR,31.0,70,50,20,0.714,1336.5,227,599,0.379,164,454,0.361,81,97,0.835,18,134,152,55,39,37,21,19,134,76,699,270,1098.9,0,0,1186.0,1,2017-18,19.1,109.4,109.8,109.8,102.2,101.8,101.8,7.2,8.0,8.0,0.061,1.41,7.6,0.013,0.097,0.055,5.4,5.3,0.516,0.545,0.214,0.221,99.99,99.99,83.32,99.99,0.077,2807,3.2,8.6,CJ Miles
1628403,Caleb,1610612757,POR,21.0,27,16,11,0.593,189.34666666666664,24,60,0.4,1,8,0.125,12,18,0.667,15,39,54,14,18,5,3,4,37,15,61,-11,152.8,0,0,146.0,1,2017-18,7.0,97.8,95.9,95.9,101.6,99.0,99.0,-3.8,-3.1,-3.1,0.124,0.78,14.1,0.075,0.207,0.139,18.2,18.0,0.408,0.449,0.189,0.2,96.78,98.99,82.49,98.99,0.054,391,0.9,2.2,Caleb Swanigan
1626166,Cameron,1610612741,CHI,23.0,25,7,18,0.28,581.5233333333333,87,215,0.405,35,91,0.385,12,16,0.75,18,51,69,113,36,26,9,21,44,26,221,-89,542.3,1,0,508.0,1,2017-18,23.3,101.5,103.2,103.2,110.2,110.7,110.7,-8.7,-7.5,-7.5,0.294,3.14,30.5,0.027,0.089,0.056,9.7,9.7,0.486,0.498,0.183,0.187,101.46,100.37,83.64,100.37,0.088,1217,3.5,8.6,Cameron Payne
1627747,Caris,1610612751,BKN,23.0,71,25,46,0.352,1863.6833333333332,320,735,0.435,85,245,0.347,133,187,0.711,53,207,260,299,153,82,22,49,159,183,858,-263,1777.5,3,0,1710.0,1,2017-18,26.2,102.3,101.8,101.8,108.4,108.2,108.2,-6.2,-6.4,-6.4,0.265,1.95,23.7,0.026,0.104,0.065,12.1,12.1,0.493,0.525,0.216,0.224,101.92,102.25,85.21,102.25,0.099,3965,4.5,10.4,Caris LeVert
2546,Carmelo,1610612760,OKC,34.0,78,46,32,0.59,2501.14,472,1168,0.404,169,474,0.357,148,193,0.767,67,386,453,103,99,47,49,54,197,155,1261,271,2148.1,6,0,2178.0,1,2017-18,32.1,109.7,111.6,111.6,105.6,106.4,106.4,4.1,5.2,5.2,0.061,1.04,7.1,0.025,0.158,0.088,6.8,6.8,0.476,0.503,0.223,0.226,100.31,99.12,82.6,99.12,0.086,5165,6.1,15.0,Carmelo Anthony
1626224,Cedi,1610612739,CLE,23.0,61,35,26,0.574,672.4933333333333,90,186,0.484,32,87,0.368,26,46,0.565,19,101,120,41,32,22,3,4,78,40,238,35,486.5,0,0,481.0,1,2017-18,11.0,110.8,111.8,111.8,109.1,107.9,107.9,1.7,3.9,3.9,0.084,1.28,14.7,0.028,0.149,0.089,11.5,11.5,0.57,0.577,0.151,0.156,99.96,100.14,83.45,100.14,0.067,1394,1.5,3.0,Cedi Osman
202718,Chandler,1610612763,MEM,29.0,36,12,24,0.333,691.3833333333333,108,234,0.462,51,121,0.421,17,27,0.63,14,76,90,69,35,18,11,10,53,31,284,-85,547.5,0,0,552.0,1,2017-18,19.2,105.9,105.7,105.7,112.4,111.7,111.7,-6.5,-6.0,-6.0,0.158,1.97,19.8,0.021,0.117,0.068,10.0,10.0,0.571,0.578,0.18,0.186,97.2,97.61,81.34,97.61,0.092,1406,3.0,6.5,Chandler Parsons
101112,Channing,1610612747,LAL,35.0,53,28,25,0.528,694.8583333333333,104,212,0.491,39,115,0.339,17,19,0.895,12,123,135,38,21,18,13,4,69,38,264,114,555.0,0,0,538.0,2,2017-18,13.1,112.4,111.9,111.9,104.5,103.7,103.7,7.9,8.2,8.2,0.077,1.81,13.7,0.019,0.164,0.097,7.6,7.5,0.583,0.599,0.151,0.155,99.81,100.41,83.67,100.41,0.092,1451,2.0,4.0,Channing Frye
1628429,Charles,1610612740,NOP,23.0,13,8,5,0.615,38.105,2,14,0.143,1,8,0.125,1,2,0.5,0,2,2,1,1,1,0,1,0,2,6,-9,11.9,0,0,12.0,1,2017-18,2.9,86.1,84.3,84.3,105.2,100.0,100.0,-19.0,-15.7,-15.7,0.038,1.0,5.9,0.0,0.049,0.022,5.9,5.9,0.179,0.202,0.163,0.174,98.51,102.03,85.03,102.03,-0.034,83,0.2,1.1,Charles Cooke
1627767,Cheick,1610612740,NOP,21.0,52,29,23,0.558,580.95,102,176,0.58,0,0,0.0,50,66,0.758,47,164,211,19,28,11,21,15,82,49,254,-106,603.7,3,0,548.0,1,2017-18,11.2,103.8,102.7,102.7,110.9,110.0,110.0,-7.1,-7.4,-7.4,0.048,0.68,7.6,0.079,0.262,0.173,11.2,11.1,0.58,0.619,0.168,0.174,102.12,103.07,85.89,103.07,0.118,1241,2.0,3.4,Cheick Diallo
1627778,Chinanu,1610612745,HOU,21.0,1,0,1,0.0,21.566666666666663,2,5,0.4,0,0,0.0,0,0,0.0,1,3,4,1,3,0,0,0,4,2,4,-8,7.3,0,0,9.0,1,2017-18,21.6,80.5,80.0,80.0,96.9,97.6,97.6,-16.4,-17.6,-17.6,0.1,0.33,11.1,0.045,0.136,0.091,33.3,33.3,0.4,0.4,0.182,0.187,90.18,90.14,75.12,90.14,-0.033,40,2.0,5.0,Chinanu Onuaku
1628449,Chris,1610612744,GSW,25.0,1,1,0,1.0,1.3166666666666669,0,1,0.0,0,1,0.0,0,0,0.0,0,1,1,0,0,0,0,0,0,0,0,-2,1.2,0,0,1.0,1,2017-18,1.3,0.0,0.0,0.0,106.4,100.0,100.0,-106.4,-100.0,-100.0,0.0,0.0,0.0,0.0,1.0,0.5,0.0,0.0,0.0,0.0,0.333,0.5,70.72,91.14,75.95,91.14,0.0,3,0.0,1.0,Chris Boucher
1626191,Chris,1610612764,WAS,23.0,19,11,8,0.579,89.76666666666667,18,42,0.429,1,8,0.125,9,14,0.643,7,18,25,4,2,0,5,1,8,8,46,-16,95.0,0,0,86.0,1,2017-18,4.7,104.0,99.0,99.0,111.2,111.2,111.2,-7.1,-12.2,-12.2,0.082,2.0,7.3,0.07,0.188,0.128,3.6,3.7,0.44,0.478,0.219,0.23,104.35,106.94,89.12,106.94,0.103,204,0.9,2.2,Chris McCullough
101108,Chris,1610612745,HOU,33.0,58,50,8,0.862,1846.5566666666664,367,798,0.46,144,379,0.38,203,221,0.919,37,276,313,457,128,96,14,16,141,210,1081,499,2344.1,14,1,2215.0,1,2017-18,31.8,116.6,116.6,116.6,103.8,103.3,103.3,12.8,13.2,13.2,0.389,3.57,31.0,0.02,0.151,0.086,8.7,8.6,0.55,0.604,0.241,0.248,98.39,98.6,82.16,98.6,0.166,3792,6.3,13.8,Chris Paul
203991,Clint,1610612745,HOU,24.0,74,62,12,0.838,2034.1083333333331,441,676,0.652,0,1,0.0,144,257,0.56,241,561,802,68,103,58,137,65,185,217,1026,379,2572.4,42,0,2286.0,1,2017-18,27.5,113.2,114.2,114.2,104.1,104.9,104.9,9.2,9.3,9.3,0.055,0.66,7.1,0.119,0.278,0.198,10.8,10.7,0.652,0.65,0.19,0.194,98.84,98.05,81.71,98.05,0.155,4151,6.0,9.1,Clint Capela
203469,Cody,1610612766,CHA,25.0,33,14,19,0.424,627.1833333333333,85,156,0.545,2,3,0.667,61,85,0.718,67,110,177,31,33,14,21,21,81,76,233,23,563.9,1,0,513.0,1,2017-18,19.0,105.3,106.8,106.8,105.0,104.7,104.7,0.3,2.1,2.1,0.075,0.94,12.1,0.097,0.184,0.138,12.9,12.8,0.551,0.602,0.152,0.156,100.4,99.8,83.17,99.8,0.096,1302,2.6,4.7,Cody Zeller
202332,Cole,1610612750,MIN,29.0,21,14,7,0.667,48.69833333333333,5,15,0.333,0,0,0.0,2,6,0.333,3,12,15,3,1,2,1,1,11,3,12,-2,42.5,0,0,36.0,1,2017-18,2.3,111.4,100.9,100.9,113.0,102.7,102.7,-1.6,-1.8,-1.8,0.081,3.0,13.6,0.057,0.286,0.158,4.5,4.6,0.333,0.34,0.151,0.161,98.43,108.42,90.35,108.42,0.028,110,0.2,0.7,Cole Aldrich
201147,Corey,1610612760,OKC,32.0,72,32,40,0.444,1208.5183333333334,142,316,0.449,31,110,0.282,65,90,0.722,43,111,154,65,49,79,14,25,139,90,380,-56,892.3,0,0,816.0,2,2017-18,16.8,105.9,105.8,105.8,108.4,108.1,108.1,-2.5,-2.3,-2.3,0.073,1.33,13.8,0.033,0.089,0.06,10.4,10.4,0.498,0.534,0.136,0.139,103.56,103.74,86.45,103.74,0.059,2614,2.0,4.4,Corey Brewer
202709,Cory,1610612754,IND,26.0,82,48,34,0.585,2209.918333333333,256,604,0.424,67,190,0.353,70,94,0.745,39,224,263,260,87,80,18,28,141,130,649,-50,1561.6,1,0,1435.0,1,2017-18,27.0,105.7,105.4,105.4,105.7,106.5,106.5,0.0,-1.1,-1.1,0.164,2.99,26.2,0.017,0.101,0.059,8.8,8.8,0.479,0.503,0.143,0.147,98.07,97.89,81.58,97.89,0.078,4506,3.1,7.4,Cory Joseph
201584,Courtney,1610612752,NYK,32.0,76,27,49,0.355,2309.978333333333,343,755,0.454,113,278,0.406,114,124,0.919,30,194,224,180,84,80,17,29,109,74,913,-255,1658.8,1,0,1624.0,1,2017-18,30.4,103.7,105.3,105.3,109.8,110.8,110.8,-6.1,-5.5,-5.5,0.113,2.14,16.9,0.013,0.082,0.048,7.9,7.8,0.529,0.564,0.165,0.169,99.2,98.02,81.68,98.02,0.085,4718,4.5,9.9,Courtney Lee
1626245,Cristiano,1610612741,CHI,25.0,55,13,42,0.236,977.45,127,215,0.591,0,2,0.0,54,81,0.667,83,150,233,55,54,16,11,19,104,66,308,-335,697.1,3,0,650.0,1,2017-18,17.8,93.6,94.8,94.8,111.6,111.2,111.2,-18.0,-16.4,-16.4,0.093,1.02,15.3,0.076,0.158,0.114,15.0,15.0,0.591,0.614,0.133,0.136,99.31,98.9,82.42,98.9,0.082,2012,2.3,3.9,Cristiano Felicio
1626156,D'Angelo,1610612751,BKN,22.0,48,16,32,0.333,1233.715,278,672,0.414,90,278,0.324,97,131,0.74,30,159,189,249,147,36,17,23,93,137,743,-182,1355.3,5,1,1377.0,1,2017-18,25.7,104.6,105.2,105.2,111.7,112.4,112.4,-7.1,-7.2,-7.2,0.348,1.69,22.2,0.023,0.122,0.072,13.1,13.1,0.481,0.509,0.295,0.301,103.64,103.04,85.87,103.04,0.109,2652,5.8,14.0,D'Angelo Russell
201571,D.J.,1610612753,ORL,30.0,75,23,52,0.307,1760.0483333333334,244,540,0.452,114,272,0.419,164,189,0.868,30,130,160,287,123,54,0,43,94,184,766,-128,1427.5,2,0,1435.0,1,2017-18,23.5,101.5,102.5,102.5,105.5,106.3,106.3,-4.0,-3.8,-3.8,0.251,2.33,27.9,0.016,0.072,0.044,11.9,11.9,0.557,0.615,0.182,0.186,100.51,99.57,82.97,99.57,0.107,3656,3.3,7.2,D.J. Augustin
1628391,D.J.,1610612749,MIL,22.0,22,12,10,0.545,71.09833333333333,9,16,0.563,2,5,0.4,1,2,0.5,2,8,10,3,4,3,1,0,7,1,21,-41,45.5,0,0,44.0,1,2017-18,3.2,89.7,82.2,82.2,118.6,112.9,112.9,-28.9,-30.7,-30.7,0.075,0.75,12.5,0.029,0.157,0.083,16.7,16.8,0.625,0.622,0.127,0.141,94.26,100.93,84.11,100.93,0.065,152,0.4,0.7,D.J. Wilson
1626177,Dakari,1610612760,OKC,22.0,31,21,10,0.677,161.37,22,39,0.564,0,0,0.0,11,20,0.55,16,18,34,8,3,6,8,4,27,16,55,33,146.8,0,0,125.0,1,2017-18,5.2,101.3,98.2,98.2,90.3,87.3,87.3,10.9,10.9,10.9,0.083,2.67,13.3,0.099,0.111,0.105,5.0,5.1,0.564,0.575,0.139,0.142,94.86,98.01,81.68,98.01,0.089,328,0.7,1.3,Dakari Johnson
1627745,Damian,1610612744,GSW,23.0,15,7,8,0.467,88.71166666666667,11,22,0.5,0,0,0.0,3,5,0.6,5,9,14,2,4,1,3,3,14,10,25,0,52.8,0,0,49.0,1,2017-18,5.9,102.0,98.4,98.4,99.8,97.8,97.8,2.2,0.5,0.5,0.037,0.5,6.7,0.06,0.093,0.078,13.3,13.2,0.5,0.517,0.143,0.151,96.55,99.29,82.74,99.29,0.033,183,0.7,1.5,Damian Jones
203081,Damian,1610612757,POR,27.0,73,44,29,0.603,2669.89,621,1415,0.439,227,629,0.361,493,538,0.916,62,263,325,481,206,77,27,89,117,396,1962,345,3179.5,11,0,3203.0,1,2017-18,36.6,108.3,110.7,110.7,103.5,104.5,104.5,4.8,6.1,6.1,0.301,2.33,20.8,0.022,0.094,0.058,8.9,8.8,0.519,0.594,0.295,0.301,100.19,98.61,82.18,98.61,0.165,5489,8.5,19.4,Damian Lillard
2863,Damien,1610612754,IND,38.0,19,10,9,0.526,152.405,13,39,0.333,4,18,0.222,3,4,0.75,5,11,16,9,5,2,1,0,7,3,33,27,69.7,0,0,68.0,1,2017-18,8.0,110.1,110.5,110.5,106.4,103.6,103.6,3.7,7.0,7.0,0.075,1.8,16.4,0.031,0.072,0.051,9.1,9.1,0.385,0.405,0.125,0.129,96.68,97.79,81.49,97.79,0.034,313,0.7,2.1,Damien Wilkins
1627814,Damion,1610612737,ATL,25.0,15,4,11,0.267,404.4116666666667,62,152,0.408,15,60,0.25,22,29,0.759,11,60,71,29,14,19,1,13,25,29,161,-24,335.7,0,0,316.0,1,2017-18,27.0,99.3,100.7,100.7,105.1,104.3,104.3,-5.8,-3.6,-3.6,0.109,2.07,14.1,0.024,0.138,0.08,6.8,6.7,0.457,0.489,0.182,0.188,102.57,102.25,85.21,102.25,0.086,865,4.1,10.1,Damion Lee
1628422,Damyean,1610612752,NYK,24.0,44,11,33,0.25,474.06166666666667,72,161,0.447,22,68,0.324,16,23,0.696,9,75,84,31,17,12,2,4,34,22,182,-38,354.3,2,0,347.0,1,2017-18,10.8,98.5,98.6,98.6,102.8,101.4,101.4,-4.3,-2.8,-2.8,0.098,1.82,14.3,0.018,0.142,0.082,7.8,7.8,0.516,0.532,0.169,0.175,99.13,99.73,83.11,99.73,0.092,980,1.6,3.7,Damyean Dotson
1627772,Daniel,1610612760,OKC,22.0,6,5,1,0.833,27.72833333333333,5,11,0.455,2,5,0.4,0,0,0.0,0,5,5,8,2,1,0,1,2,1,12,-12,31.0,0,0,29.0,1,2017-18,4.6,85.9,78.9,78.9,103.7,101.8,101.8,-17.8,-22.8,-22.8,0.615,4.0,38.1,0.0,0.167,0.083,9.5,9.5,0.545,0.545,0.2,0.219,92.92,97.81,81.51,97.81,0.186,57,0.8,1.8,Daniel Hamilton
1628464,Daniel,1610612738,BOS,26.0,63,44,19,0.698,935.63,126,233,0.541,18,58,0.31,61,81,0.753,90,184,274,56,56,30,48,15,157,87,331,1,921.8,2,0,835.0,1,2017-18,14.9,103.7,103.1,103.1,102.0,101.9,101.9,1.6,1.2,1.2,0.099,1.0,14.7,0.092,0.189,0.141,14.7,14.7,0.579,0.616,0.15,0.155,97.75,98.06,81.72,98.06,0.105,1901,2.0,3.7,Daniel Theis
201568,Danilo,1610612746,LAC,29.0,21,11,10,0.524,671.055,102,256,0.398,36,111,0.324,81,87,0.931,9,92,101,41,26,13,10,14,30,80,321,11,546.7,0,0,545.0,1,2017-18,32.0,104.5,104.5,104.5,104.3,104.2,104.2,0.2,0.3,0.3,0.097,1.58,11.3,0.013,0.133,0.073,7.2,7.2,0.469,0.545,0.205,0.21,97.92,97.96,81.63,97.96,0.103,1373,4.9,12.2,Danilo Gallinari
201980,Danny,1610612759,SAS,31.0,70,40,30,0.571,1791.0866666666666,217,561,0.387,116,320,0.363,50,65,0.769,41,208,249,110,74,63,80,16,122,67,600,89,1418.8,0,0,1361.0,1,2017-18,25.6,104.9,105.1,105.1,102.3,102.7,102.7,2.6,2.4,2.4,0.089,1.49,14.2,0.022,0.115,0.068,9.6,9.6,0.49,0.509,0.163,0.166,96.06,95.83,79.86,95.83,0.073,3577,3.1,8.0,Danny Green
201967,Dante,1610612751,BKN,31.0,73,34,39,0.466,1561.885,164,364,0.451,58,168,0.345,31,52,0.596,78,220,298,48,33,39,30,24,111,52,417,-80,1020.6,1,0,959.0,2,2017-18,21.4,106.5,106.2,106.2,106.4,107.3,107.3,0.1,-1.1,-1.1,0.042,1.45,10.3,0.049,0.133,0.092,7.1,7.1,0.53,0.539,0.114,0.118,102.38,102.12,85.1,102.12,0.065,3303,2.2,5.0,Dante Cunningham
203957,Dante,1610612762,UTA,22.0,14,10,4,0.714,234.51833333333332,42,87,0.483,5,18,0.278,25,31,0.806,4,22,26,43,20,8,3,4,20,26,114,32,222.7,0,0,210.0,1,2017-18,16.8,109.3,106.5,106.5,98.9,98.4,98.4,10.4,8.1,8.1,0.27,2.15,26.1,0.018,0.083,0.053,12.1,12.2,0.511,0.566,0.223,0.229,100.17,101.72,84.77,101.72,0.117,493,3.0,6.2,Dante Exum
1627863,Danuel,1610612756,PHX,25.0,23,6,17,0.261,402.625,56,129,0.434,15,58,0.259,25,31,0.806,13,63,76,25,11,7,6,12,23,25,152,19,308.7,0,0,294.0,1,2017-18,17.5,104.4,106.7,106.7,104.8,103.4,103.4,-0.4,3.2,3.2,0.092,2.27,14.1,0.032,0.14,0.088,6.2,6.2,0.492,0.533,0.16,0.166,101.18,100.74,83.95,100.74,0.091,841,2.4,5.6,Danuel House Jr.
203967,Dario,1610612755,PHI,24.0,78,49,29,0.628,2310.07,403,890,0.453,157,399,0.393,178,207,0.86,154,366,520,202,148,51,20,55,160,175,1141,286,2133.0,13,0,2162.0,1,2017-18,29.6,108.9,108.9,108.9,102.2,103.0,103.0,6.7,5.9,5.9,0.129,1.36,15.2,0.067,0.147,0.108,11.1,11.1,0.541,0.582,0.204,0.209,101.55,101.15,84.29,101.15,0.115,4868,5.2,11.4,Dario Saric
203121,Darius,1610612740,NOP,28.0,82,48,34,0.585,1944.44,216,487,0.444,147,358,0.411,58,67,0.866,18,146,164,111,58,28,17,7,160,45,637,-22,1077.3,0,0,1149.0,1,2017-18,23.7,108.7,108.1,108.1,107.6,108.7,108.7,1.2,-0.6,-0.6,0.076,1.91,16.4,0.009,0.07,0.041,8.6,8.5,0.594,0.617,0.124,0.129,102.35,102.1,85.08,102.1,0.056,4137,2.6,5.9,Darius Miller
201589,Darrell,1610612743,DEN,30.0,19,12,7,0.632,140.77166666666668,22,47,0.468,8,23,0.348,2,3,0.667,3,12,15,9,15,8,3,2,22,3,54,-33,103.5,0,0,108.0,1,2017-18,7.4,100.6,99.7,99.7,112.8,110.1,110.1,-12.2,-10.5,-10.5,0.101,0.6,12.5,0.021,0.087,0.054,20.8,20.7,0.553,0.559,0.188,0.199,102.46,104.17,86.81,104.17,0.039,305,1.2,2.5,Darrell Arthur
201954,Darren,1610612754,IND,30.0,69,39,30,0.565,2018.36,316,638,0.495,96,205,0.468,127,144,0.882,37,141,178,368,86,92,15,32,122,120,855,128,1855.6,6,0,1711.0,1,2017-18,29.3,109.8,110.0,110.0,106.6,107.5,107.5,3.2,2.6,2.6,0.257,4.28,32.0,0.019,0.072,0.046,7.5,7.4,0.571,0.61,0.17,0.175,98.49,97.97,81.64,97.97,0.114,4130,4.6,9.2,Darren Collison
1626199,Darrun,1610612759,SAS,25.0,14,8,6,0.571,95.195,5,19,0.263,0,6,0.0,6,7,0.857,0,7,7,11,4,2,0,2,7,5,16,12,42.9,0,0,38.0,1,2017-18,6.8,114.5,112.2,112.2,111.5,106.6,106.6,3.0,5.6,5.6,0.147,2.75,29.7,0.0,0.08,0.04,10.8,10.8,0.263,0.362,0.119,0.125,95.92,99.08,82.57,99.08,0.026,197,0.4,1.4,Darrun Hilliard
1628021,David,1610612741,CHI,25.0,70,26,44,0.371,1645.9533333333334,202,423,0.478,18,52,0.346,133,203,0.655,89,237,326,104,77,59,29,48,158,150,555,-240,1289.2,3,0,1179.0,1,2017-18,23.5,102.5,103.9,103.9,108.9,109.7,109.7,-6.5,-5.8,-5.8,0.094,1.35,14.9,0.05,0.142,0.095,11.1,11.1,0.499,0.542,0.153,0.155,100.69,99.65,83.04,99.65,0.075,3398,2.9,6.0,David Nwaba
204065,David,1610612762,UTA,27.0,3,3,0,1.0,9.333333333333334,2,3,0.667,2,3,0.667,4,4,1.0,0,0,0,0,1,0,0,0,3,2,10,-11,9.0,0,0,12.0,1,2017-18,3.1,86.6,81.0,81.0,142.6,127.3,127.3,-56.0,-46.3,-46.3,0.0,0.0,0.0,0.0,0.0,0.0,16.7,17.4,1.0,1.05,0.25,0.254,101.01,110.57,92.14,110.57,0.12,21,0.7,1.0,David Stockton
2561,David,1610612744,GSW,37.0,73,52,21,0.712,998.6966666666668,216,378,0.571,3,8,0.375,60,79,0.759,64,174,238,138,80,47,75,11,120,82,495,35,1273.6,0,0,1118.0,1,2017-18,13.7,104.5,103.6,103.6,99.5,101.7,101.7,5.0,1.9,1.9,0.22,1.73,21.9,0.072,0.163,0.122,12.7,12.7,0.575,0.6,0.223,0.227,97.31,96.63,80.52,96.63,0.145,2009,3.0,5.2,David West
202722,Davis,1610612759,SAS,25.0,77,43,34,0.558,1086.2083333333333,161,366,0.44,94,252,0.373,40,49,0.816,18,135,153,74,36,26,28,6,93,53,456,89,876.6,0,0,885.0,1,2017-18,14.1,105.3,104.1,104.1,101.6,100.6,100.6,3.7,3.5,3.5,0.102,2.06,14.9,0.017,0.122,0.07,7.3,7.2,0.568,0.588,0.168,0.175,97.62,98.63,82.19,98.63,0.092,2237,2.1,4.8,Davis Bertans
1628432,Davon,1610612756,PHX,23.0,21,2,19,0.095,242.15833333333333,22,76,0.289,11,38,0.289,8,12,0.667,2,37,39,13,10,10,2,7,17,10,63,-75,155.3,0,0,150.0,1,2017-18,11.5,90.8,91.1,91.1,106.7,105.4,105.4,-15.9,-14.2,-14.2,0.087,1.3,12.4,0.007,0.149,0.072,9.5,9.6,0.362,0.388,0.158,0.162,102.5,102.97,85.81,102.97,0.047,519,1.0,3.6,Davon Reed
1628368,De'Aaron,1610612758,SAC,20.0,73,24,49,0.329,2025.53,328,797,0.412,47,153,0.307,141,195,0.723,33,171,204,320,173,70,20,64,163,196,844,-414,1665.8,3,0,1595.0,1,2017-18,27.7,100.2,101.6,101.6,110.9,111.8,111.8,-10.7,-10.2,-10.2,0.24,1.85,23.3,0.016,0.087,0.05,12.6,12.6,0.441,0.478,0.227,0.231,99.13,98.06,81.72,98.06,0.074,4142,4.5,10.9,De'Aaron Fox
201599,DeAndre,1610612746,LAC,29.0,77,39,38,0.506,2423.4366666666665,373,578,0.645,0,0,0.0,181,312,0.58,329,842,1171,117,137,39,70,33,203,291,927,-129,2697.7,46,0,2433.0,1,2017-18,31.5,106.2,107.9,107.9,109.0,110.3,110.3,-2.8,-2.4,-2.4,0.074,0.85,12.0,0.132,0.339,0.236,14.1,14.1,0.645,0.648,0.151,0.153,99.96,98.61,82.17,98.61,0.152,4975,4.8,7.5,DeAndre Jordan
202732,DeAndre,1610612740,NOP,30.0,58,34,24,0.586,723.5583333333333,40,106,0.377,19,53,0.358,2,5,0.4,7,68,75,48,20,37,14,6,81,30,101,-211,396.0,0,0,345.0,2,2017-18,12.5,99.3,98.0,98.0,110.2,111.2,111.2,-10.9,-13.2,-13.2,0.091,2.4,27.3,0.01,0.1,0.054,11.4,11.4,0.467,0.467,0.079,0.082,98.29,98.48,82.07,98.48,0.035,1477,0.7,1.8,DeAndre Liggins
1627761,DeAndre',1610612737,ATL,23.0,26,8,18,0.308,455.2166666666666,53,128,0.414,11,30,0.367,19,33,0.576,8,64,72,49,47,21,12,11,38,33,136,-75,347.9,0,0,334.0,1,2017-18,17.5,101.5,99.2,99.2,105.3,106.7,106.7,-3.8,-7.5,-7.5,0.166,1.04,20.5,0.017,0.142,0.079,19.7,19.7,0.457,0.477,0.179,0.186,100.37,100.86,84.05,100.86,0.063,955,2.0,4.9,DeAndre' Bembry
201942,DeMar,1610612761,TOR,28.0,80,57,23,0.713,2711.721666666667,645,1413,0.456,89,287,0.31,461,559,0.825,59,256,315,417,175,85,22,78,151,394,1840,442,2989.5,0,0,2875.0,1,2017-18,33.9,112.2,114.2,114.2,105.4,106.5,106.5,6.9,7.7,7.7,0.245,2.38,18.7,0.021,0.091,0.057,7.8,7.8,0.488,0.555,0.286,0.292,100.84,99.47,82.89,99.47,0.135,5624,8.1,17.7,DeMar DeRozan
202326,DeMarcus,1610612740,NOP,27.0,48,27,21,0.563,1737.07,406,864,0.47,104,294,0.354,294,394,0.746,105,512,617,257,242,79,76,61,183,376,1210,78,2558.9,38,3,2498.0,1,2017-18,36.2,107.9,108.5,108.5,106.2,106.6,106.6,1.7,1.9,1.9,0.241,1.06,16.8,0.065,0.292,0.183,15.8,15.8,0.53,0.583,0.318,0.324,100.76,100.29,83.58,100.29,0.167,3634,8.5,18.0,DeMarcus Cousins
201960,DeMarre,1610612751,BKN,31.0,73,25,48,0.342,2179.7166666666667,325,785,0.414,145,391,0.371,188,246,0.764,105,374,479,147,103,59,30,56,165,180,983,-64,1942.3,13,0,1932.0,1,2017-18,29.9,105.1,106.5,106.5,107.7,107.8,107.8,-2.6,-1.2,-1.2,0.106,1.43,12.9,0.045,0.165,0.104,9.0,9.0,0.506,0.55,0.194,0.197,100.61,99.88,83.23,99.88,0.101,4532,4.5,10.8,DeMarre Carroll
1627749,Dejounte,1610612759,SAS,21.0,81,47,34,0.58,1742.925,270,609,0.443,9,34,0.265,105,148,0.709,110,349,459,231,134,97,31,46,151,145,654,151,1801.3,7,0,1609.0,1,2017-18,21.5,103.8,103.0,103.0,98.1,98.7,98.7,5.7,4.3,4.3,0.202,1.72,22.2,0.061,0.196,0.128,12.9,12.9,0.451,0.485,0.201,0.207,97.19,97.27,81.06,97.27,0.117,3532,3.3,7.5,Dejounte Murray
1626153,Delon,1610612761,TOR,26.0,69,49,20,0.71,1432.7233333333334,201,432,0.465,56,153,0.366,97,117,0.829,45,153,198,200,78,72,33,26,81,126,555,236,1329.6,1,0,1219.0,1,2017-18,20.8,109.9,110.0,110.0,102.1,102.7,102.7,7.8,7.3,7.3,0.202,2.56,26.4,0.031,0.107,0.069,10.3,10.2,0.53,0.574,0.169,0.173,98.33,97.96,81.63,97.96,0.116,2934,2.9,6.3,Delon Wright
1627743,Demetrius,1610612755,PHI,23.0,15,12,3,0.8,79.95,7,18,0.389,1,7,0.143,1,2,0.5,5,7,12,9,10,5,1,3,7,2,16,-38,51.9,0,0,50.0,2,2017-18,5.3,90.6,86.2,86.2,109.0,110.3,110.3,-18.3,-24.1,-24.1,0.188,0.9,23.7,0.06,0.086,0.073,26.3,26.4,0.417,0.424,0.156,0.162,97.83,99.66,83.05,99.66,0.037,167,0.5,1.2,Demetrius Jackson
203471,Dennis,1610612737,ATL,24.0,67,21,46,0.313,2077.9216666666666,500,1146,0.436,76,262,0.29,225,265,0.849,44,164,208,417,183,72,6,113,147,270,1301,-277,2227.1,5,0,2158.0,1,2017-18,31.0,103.6,105.2,105.2,110.2,111.8,111.8,-6.6,-6.7,-6.7,0.352,2.28,22.5,0.021,0.081,0.05,9.9,9.8,0.469,0.515,0.299,0.305,100.46,98.94,82.45,98.94,0.116,4287,7.5,17.1,Dennis Schröder
1628372,Dennis,1610612742,DAL,20.0,69,22,47,0.319,2049.105,404,1024,0.395,106,339,0.313,134,193,0.694,50,210,260,358,194,71,18,101,152,178,1048,-325,1970.0,6,1,1950.0,1,2017-18,29.7,102.0,102.4,102.4,110.1,110.1,110.1,-8.1,-7.6,-7.6,0.301,1.85,21.6,0.023,0.106,0.063,11.7,11.7,0.446,0.473,0.28,0.287,98.38,98.16,81.8,98.16,0.087,4188,5.9,14.8,Dennis Smith Jr.
1627756,Denzel,1610612741,CHI,24.0,77,26,51,0.338,2095.141666666667,301,721,0.417,143,370,0.386,38,51,0.745,48,345,393,244,99,65,11,28,185,45,783,-269,1749.6,5,0,1715.0,1,2017-18,27.2,100.6,101.7,101.7,108.3,108.6,108.6,-7.7,-6.8,-6.8,0.178,2.46,22.6,0.021,0.168,0.09,9.1,9.1,0.517,0.527,0.17,0.174,100.2,99.56,82.96,99.56,0.091,4359,3.9,9.4,Denzel Valentine
202324,Derrick,1610612762,UTA,26.0,77,46,31,0.597,2153.401666666666,395,702,0.563,14,63,0.222,140,215,0.651,198,354,552,102,88,54,82,41,164,176,944,143,2079.4,15,0,1884.0,1,2017-18,28.0,106.5,106.2,106.2,103.0,102.6,102.6,3.4,3.6,3.6,0.075,1.16,10.4,0.097,0.167,0.133,8.9,8.9,0.573,0.593,0.181,0.186,96.79,97.13,80.94,97.13,0.119,4351,5.1,9.1,Derrick Favors
1627884,Derrick,1610612748,MIA,21.0,20,9,11,0.45,245.17166666666665,21,53,0.396,3,18,0.167,16,24,0.667,21,17,38,9,7,4,13,4,24,19,61,-36,164.1,0,0,145.0,2,2017-18,12.3,96.6,96.8,96.8,102.5,103.2,103.2,-6.0,-6.5,-6.5,0.056,1.29,11.3,0.077,0.066,0.072,8.8,8.8,0.425,0.48,0.124,0.126,97.51,97.11,80.92,97.11,0.046,494,1.1,2.7,Derrick Jones Jr.
201565,Derrick,1610612750,MIN,29.0,25,15,10,0.6,419.24,81,186,0.435,7,30,0.233,40,46,0.87,13,22,35,37,35,7,4,16,16,31,209,-53,304.5,0,0,310.0,2,2017-18,16.8,108.1,107.7,107.7,112.5,113.9,113.9,-4.4,-6.2,-6.2,0.136,1.06,13.2,0.033,0.053,0.043,12.5,12.6,0.454,0.507,0.245,0.25,102.9,102.47,85.39,102.47,0.068,896,3.2,7.4,Derrick Rose
1628476,Derrick,1610612748,MIA,23.0,16,8,8,0.5,147.21333333333334,8,25,0.32,7,17,0.412,6,6,1.0,2,14,16,16,2,7,3,1,7,6,29,-30,100.2,0,0,88.0,1,2017-18,9.2,98.6,97.0,97.0,109.2,107.5,107.5,-10.6,-10.5,-10.5,0.17,8.0,34.8,0.014,0.095,0.056,4.3,4.4,0.46,0.525,0.092,0.096,94.81,96.35,80.29,96.35,0.082,296,0.5,1.6,Derrick Walton Jr.
1628401,Derrick,1610612759,SAS,23.0,17,7,10,0.412,138.72833333333332,16,33,0.485,8,13,0.615,14,20,0.7,5,21,26,9,6,4,3,2,8,14,54,31,113.7,0,0,111.0,1,2017-18,8.2,102.7,101.0,101.0,88.6,87.5,87.5,14.1,13.5,13.5,0.098,1.5,15.5,0.034,0.128,0.084,10.3,10.6,0.606,0.646,0.146,0.149,101.97,103.45,86.21,103.45,0.124,294,0.9,1.9,Derrick White
202682,Derrick,1610612747,LAL,27.0,2,1,1,0.5,8.525,1,4,0.25,0,2,0.0,0,0,0.0,0,1,1,0,0,0,0,2,0,0,2,-5,3.2,0,0,3.0,1,2017-18,4.3,33.9,33.3,33.3,61.5,52.2,52.2,-27.6,-18.8,-18.8,0.0,0.0,0.0,0.0,0.143,0.05,0.0,0.0,0.25,0.25,0.167,0.185,113.06,123.87,103.23,123.87,0.0,21,0.5,2.0,Derrick Williams
1626164,Devin,1610612756,PHX,21.0,54,16,38,0.296,1865.2966666666664,455,1054,0.432,147,384,0.383,289,329,0.878,26,218,244,253,194,47,14,60,168,290,1346,-358,2007.3,4,0,2112.0,1,2017-18,34.5,101.5,102.9,102.9,111.6,112.2,112.2,-10.1,-9.3,-9.3,0.233,1.3,15.5,0.013,0.112,0.062,11.9,11.8,0.501,0.561,0.301,0.309,104.68,103.68,86.4,103.68,0.123,4036,8.4,19.5,Devin Booker
2734,Devin,1610612743,DEN,35.0,71,33,38,0.465,1339.5216666666668,187,454,0.412,79,227,0.348,142,170,0.835,12,115,127,152,76,47,12,22,158,173,595,104,1076.4,0,0,1071.0,2,2017-18,18.9,110.0,109.4,109.4,106.8,105.3,105.3,3.2,4.1,4.1,0.165,2.0,20.2,0.009,0.085,0.047,10.1,10.0,0.499,0.563,0.194,0.201,99.17,100.08,83.4,100.08,0.076,2788,2.6,6.4,Devin Harris
1628421,Devin,1610612764,WAS,23.0,1,0,1,0.0,13.213333333333331,1,3,0.333,0,0,0.0,0,0,0.0,2,3,5,0,0,1,0,1,2,2,2,10,11.0,0,0,9.0,1,2017-18,13.2,108.1,113.8,113.8,83.9,85.2,85.2,24.2,28.6,28.6,0.0,0.0,0.0,0.095,0.25,0.152,0.0,0.0,0.333,0.333,0.083,0.082,105.2,101.72,84.76,101.72,0.085,29,1.0,3.0,Devin Robinson
203473,Dewayne,1610612737,ATL,28.0,62,18,44,0.29,1542.2733333333333,250,477,0.524,50,141,0.355,67,86,0.779,100,389,489,90,85,40,51,12,162,97,617,-158,1526.8,15,0,1428.0,1,2017-18,24.9,102.0,103.2,103.2,107.6,108.3,108.3,-5.6,-5.1,-5.1,0.09,1.06,13.2,0.065,0.249,0.158,12.4,12.3,0.577,0.599,0.166,0.172,100.59,99.61,83.01,99.61,0.119,3203,4.0,7.7,Dewayne Dedmon
1627738,Deyonta,1610612763,MEM,21.0,62,16,46,0.258,942.6733333333332,161,265,0.608,0,0,0.0,38,57,0.667,75,175,250,40,32,15,39,6,125,48,360,-160,850.0,1,0,758.0,1,2017-18,15.2,102.1,101.0,101.0,109.5,109.3,109.3,-7.4,-8.3,-8.3,0.068,1.25,11.0,0.078,0.182,0.13,8.8,8.8,0.608,0.621,0.144,0.15,99.36,99.98,83.32,99.98,0.108,1965,2.6,4.3,Deyonta Davis
1628415,Dillon,1610612763,MEM,22.0,82,22,60,0.268,2349.8316666666665,340,772,0.44,94,264,0.356,124,166,0.747,49,208,257,135,124,73,17,48,233,177,898,-244,1554.9,0,0,1564.0,1,2017-18,28.7,101.5,102.4,102.4,106.8,107.4,107.4,-5.3,-5.0,-5.0,0.092,1.09,12.3,0.021,0.092,0.056,11.3,11.2,0.501,0.531,0.184,0.188,96.57,95.9,79.92,95.9,0.063,4690,4.1,9.4,Dillon Brooks
203079,Dion,1610612748,MIA,26.0,30,16,14,0.533,917.53,163,410,0.398,52,170,0.306,51,69,0.739,8,69,77,113,70,23,9,19,61,74,429,-85,716.9,0,0,735.0,1,2017-18,30.6,99.8,100.9,100.9,104.6,106.2,106.2,-4.8,-5.3,-5.3,0.21,1.61,18.1,0.009,0.078,0.043,11.2,11.2,0.461,0.487,0.25,0.253,97.73,96.49,80.41,96.49,0.076,1851,5.4,13.7,Dion Waiters
1717,Dirk,1610612742,DAL,40.0,77,24,53,0.312,1900.3383333333331,346,758,0.456,138,337,0.409,97,108,0.898,22,416,438,120,51,43,45,5,146,119,927,-55,1845.6,5,0,1799.0,1,2017-18,24.7,106.3,105.5,105.5,109.7,107.5,107.5,-3.4,-2.0,-2.0,0.098,2.35,12.4,0.012,0.227,0.118,5.3,5.2,0.547,0.575,0.199,0.206,97.47,98.8,82.33,98.8,0.119,3922,4.5,9.8,Dirk Nowitzki
1627734,Domantas,1610612754,IND,22.0,74,45,29,0.608,1810.12,340,661,0.514,13,37,0.351,168,224,0.75,165,407,572,151,137,40,32,48,220,216,861,34,1852.9,15,0,1741.0,1,2017-18,24.5,106.7,107.2,107.2,104.9,105.8,105.8,1.8,1.4,1.4,0.127,1.1,14.4,0.093,0.227,0.16,13.1,13.1,0.524,0.567,0.214,0.22,98.44,97.76,81.46,97.76,0.121,3678,4.6,8.9,Domantas Sabonis
1628378,Donovan,1610612762,UTA,21.0,79,46,33,0.582,2638.11,595,1362,0.437,187,550,0.34,239,297,0.805,52,244,296,291,215,118,27,81,213,264,1616,359,2627.7,0,0,2680.0,1,2017-18,33.4,107.3,108.3,108.3,100.9,101.5,101.5,6.4,6.8,6.8,0.189,1.35,14.6,0.02,0.093,0.057,10.8,10.8,0.506,0.541,0.283,0.289,98.34,97.65,81.38,97.65,0.109,5364,7.5,17.2,Donovan Mitchell
1627827,Dorian,1610612742,DAL,25.0,21,4,17,0.19,448.34,46,121,0.38,20,67,0.299,11,15,0.733,22,53,75,26,21,10,4,8,43,13,123,-24,273.0,1,0,272.0,1,2017-18,21.3,101.1,100.0,100.0,103.0,102.7,102.7,-1.9,-2.7,-2.7,0.086,1.24,14.9,0.043,0.121,0.079,12.0,12.0,0.463,0.482,0.144,0.148,97.03,97.69,81.41,97.69,0.051,913,2.2,5.8,Dorian Finney-Smith
203926,Doug,1610612742,DAL,26.0,81,30,51,0.37,1768.0016666666668,237,508,0.467,92,216,0.426,64,81,0.79,40,160,200,79,56,19,16,27,122,72,630,-36,1037.5,0,0,1071.0,2,2017-18,21.8,104.0,103.9,103.9,105.7,105.1,105.1,-1.7,-1.2,-1.2,0.065,1.41,11.7,0.022,0.087,0.055,8.3,8.3,0.557,0.579,0.144,0.149,98.97,99.28,82.74,99.28,0.069,3661,2.9,6.3,Doug McDermott
1627733,Dragan,1610612756,PHX,20.0,82,21,61,0.256,2069.38,187,484,0.386,118,322,0.366,39,51,0.765,40,321,361,130,112,22,53,24,166,59,531,-471,1272.2,3,0,1290.0,1,2017-18,25.2,99.5,100.6,100.6,110.7,110.9,110.9,-11.2,-10.3,-10.3,0.089,1.16,17.4,0.018,0.149,0.082,15.0,15.0,0.508,0.524,0.125,0.128,102.84,102.2,85.17,102.2,0.058,4397,2.3,5.9,Dragan Bender
203110,Draymond,1610612744,GSW,28.0,70,48,22,0.686,2286.853333333333,281,619,0.454,77,256,0.301,134,173,0.775,75,460,535,508,202,95,91,33,185,178,773,309,2533.0,23,3,2265.0,1,2017-18,32.7,112.7,111.9,111.9,103.7,105.2,105.2,9.0,6.7,6.7,0.286,2.51,36.1,0.036,0.183,0.117,14.4,14.4,0.516,0.556,0.168,0.172,102.99,102.64,85.53,102.64,0.117,4882,4.0,8.8,Draymond Green
1628407,Dwayne,1610612766,CHA,22.0,53,25,28,0.472,712.9983333333333,72,192,0.375,11,43,0.256,20,25,0.8,4,120,124,38,23,16,2,4,46,25,175,11,411.8,0,0,384.0,1,2017-18,13.5,105.2,104.6,104.6,103.9,104.7,104.7,1.3,-0.2,-0.2,0.077,1.65,14.6,0.005,0.158,0.081,8.8,8.7,0.404,0.431,0.13,0.137,101.55,101.49,84.57,101.49,0.058,1514,1.4,3.6,Dwayne Bacon
202779,Dwight,1610612765,DET,29.0,29,10,19,0.345,427.2366666666667,82,198,0.414,15,45,0.333,36,41,0.878,12,29,41,59,39,19,2,25,39,43,215,4,376.7,0,0,372.0,1,2017-18,14.7,102.5,101.0,101.0,100.7,100.5,100.5,1.9,0.6,0.6,0.24,1.51,18.7,0.028,0.067,0.047,12.3,12.4,0.452,0.498,0.266,0.274,96.43,97.24,81.03,97.24,0.084,865,2.8,6.8,Dwight Buycks
2730,Dwight,1610612766,CHA,32.0,81,35,46,0.432,2463.343333333333,506,911,0.555,1,7,0.143,334,582,0.574,255,757,1012,105,208,48,131,79,249,439,1347,89,3047.9,53,0,2823.0,1,2017-18,30.4,108.1,109.6,109.6,106.4,108.2,108.2,1.7,1.4,1.4,0.069,0.5,7.1,0.101,0.295,0.199,14.0,14.1,0.556,0.577,0.238,0.241,100.96,99.41,82.84,99.41,0.136,5110,6.2,11.2,Dwight Howard
203939,Dwight,1610612742,DAL,26.0,79,23,56,0.291,1671.745,255,430,0.593,28,84,0.333,133,185,0.719,135,309,444,91,59,67,32,25,186,217,671,6,1578.3,5,0,1432.0,1,2017-18,21.2,106.0,105.3,105.3,106.0,104.5,104.5,0.0,0.9,0.9,0.085,1.54,13.8,0.08,0.19,0.134,9.0,8.9,0.626,0.656,0.151,0.156,96.93,97.97,81.64,97.97,0.119,3401,3.2,5.4,Dwight Powell
2548,Dwyane,1610612748,MIA,36.0,67,37,30,0.552,1536.1133333333332,299,682,0.438,32,111,0.288,135,189,0.714,50,202,252,228,140,61,47,33,124,141,765,25,1593.4,3,0,1493.0,2,2017-18,22.9,105.8,106.4,106.4,105.6,105.1,105.1,0.2,1.3,1.3,0.245,1.63,20.1,0.032,0.124,0.079,12.4,12.4,0.462,0.5,0.251,0.256,100.72,100.71,83.93,100.71,0.104,3215,4.5,10.2,Dwyane Wade
202734,E'Twaun,1610612740,NOP,29.0,82,48,34,0.585,2585.858333333333,423,832,0.508,128,301,0.425,48,68,0.706,57,181,238,187,102,79,12,35,182,75,1022,148,1759.1,0,0,1757.0,1,2017-18,31.5,108.7,108.7,108.7,105.3,106.1,106.1,3.3,2.6,2.6,0.099,1.83,16.3,0.023,0.065,0.045,8.9,8.9,0.585,0.593,0.158,0.161,102.94,102.57,85.47,102.57,0.073,5528,5.2,10.1,E'Twaun Moore
202334,Ed,1610612757,POR,29.0,78,48,30,0.615,1470.885,170,292,0.582,0,1,0.0,74,111,0.667,183,392,575,40,66,32,52,30,188,118,414,90,1350.0,6,0,1197.0,1,2017-18,18.9,107.0,107.9,107.9,103.9,103.9,103.9,3.1,4.1,4.1,0.039,0.61,9.0,0.121,0.254,0.188,14.8,14.8,0.582,0.607,0.12,0.123,96.8,96.37,80.31,96.37,0.115,2939,2.2,3.7,Ed Davis
1628410,Edmond,1610612754,IND,22.0,1,0,1,0.0,2.1666666666666665,1,1,1.0,0,0,0.0,0,0,0.0,0,1,1,0,0,0,0,0,1,1,2,-6,3.2,0,0,3.0,1,2017-18,2.2,50.0,40.0,40.0,147.1,160.0,160.0,-97.1,-120.0,-120.0,0.0,0.0,0.0,0.0,0.5,0.2,0.0,0.0,1.0,1.0,0.2,0.25,104.57,110.77,92.31,110.77,0.235,5,1.0,1.0,Edmond Sumner
202327,Ekpe,1610612762,UTA,31.0,63,36,27,0.571,809.6716666666666,60,120,0.5,0,1,0.0,42,56,0.75,68,82,150,53,20,43,74,11,105,60,162,63,752.5,0,0,599.0,1,2017-18,12.9,106.3,103.6,103.6,101.3,100.3,100.3,5.0,3.3,3.3,0.093,2.65,24.4,0.086,0.105,0.095,9.2,9.2,0.5,0.56,0.089,0.093,97.49,99.21,82.68,99.21,0.072,1677,1.0,1.9,Ekpe Udoh
203901,Elfrid,1610612756,PHX,24.0,63,13,50,0.206,1808.51,329,667,0.493,30,92,0.326,109,168,0.649,64,210,274,393,168,83,22,56,147,158,797,-459,1862.3,8,2,1704.0,2,2017-18,28.7,102.9,103.9,103.9,114.3,115.6,115.6,-11.5,-11.7,-11.7,0.328,2.34,30.3,0.033,0.117,0.074,13.0,12.9,0.516,0.538,0.211,0.215,102.55,101.47,84.56,101.47,0.108,3818,5.2,10.6,Elfrid Payton
2731,Emeka,1610612740,NOP,35.0,26,16,10,0.615,353.235,48,95,0.505,0,0,0.0,18,22,0.818,47,73,120,8,13,8,25,11,30,21,114,0,356.0,0,0,308.0,1,2017-18,13.6,103.3,103.0,103.0,100.5,102.7,102.7,2.7,0.3,0.3,0.028,0.62,6.4,0.12,0.175,0.148,10.4,10.3,0.505,0.545,0.133,0.137,106.16,105.18,87.65,105.18,0.096,773,1.8,3.7,Emeka Okafor
1626144,Emmanuel,1610612752,NYK,22.0,64,29,35,0.453,1244.2233333333334,204,526,0.388,47,148,0.318,98,129,0.76,26,126,152,206,113,41,11,46,80,111,553,-267,1087.4,1,0,1062.0,2,2017-18,19.4,101.4,102.0,102.0,113.0,111.5,111.5,-11.5,-9.5,-9.5,0.254,1.82,22.9,0.019,0.099,0.058,12.6,12.5,0.433,0.474,0.231,0.237,101.1,101.46,84.55,101.46,0.08,2622,3.2,8.2,Emmanuel Mudiay
202683,Enes,1610612752,NYK,26.0,71,27,44,0.38,1829.7,422,713,0.592,0,2,0.0,156,184,0.848,273,507,780,105,122,36,37,68,187,177,1000,-185,2190.5,39,0,2031.0,1,2017-18,25.8,104.4,106.6,106.6,110.7,111.5,111.5,-6.3,-4.9,-4.9,0.091,0.86,10.3,0.146,0.279,0.212,12.0,11.9,0.592,0.63,0.212,0.215,99.35,97.96,81.63,97.96,0.161,3733,5.9,10.0,Enes Freedom
202339,Eric,1610612749,MIL,28.0,74,40,34,0.541,2321.613333333333,468,989,0.473,125,360,0.347,252,317,0.795,51,233,284,370,216,149,42,44,185,300,1313,121,2565.8,3,1,2474.0,2,2017-18,31.4,109.8,110.7,110.7,106.7,107.9,107.9,3.2,2.7,2.7,0.246,1.71,21.6,0.023,0.1,0.063,12.6,12.6,0.536,0.582,0.254,0.258,99.53,98.57,82.14,98.57,0.125,4763,6.3,13.4,Eric Bledsoe
201569,Eric,1610612745,HOU,29.0,69,55,14,0.797,2153.983333333333,415,970,0.428,218,608,0.359,195,241,0.809,25,145,170,154,130,44,27,51,116,188,1243,587,1761.0,0,0,1927.0,1,2017-18,31.2,115.7,116.4,116.4,102.6,103.5,103.5,13.1,13.0,13.0,0.113,1.18,11.4,0.011,0.065,0.039,9.6,9.6,0.54,0.578,0.238,0.244,100.64,99.89,83.24,99.89,0.09,4485,6.0,14.1,Eric Gordon
203961,Eric,1610612765,DET,26.0,67,32,35,0.478,805.115,66,122,0.541,0,0,0.0,11,29,0.379,81,197,278,78,41,31,51,10,116,60,143,4,798.6,2,0,663.0,1,2017-18,12.0,100.3,100.3,100.3,99.6,99.3,99.3,0.7,1.1,1.1,0.141,1.9,30.8,0.096,0.243,0.168,16.2,16.2,0.541,0.531,0.097,0.1,96.09,96.25,80.21,96.25,0.103,1608,1.0,1.8,Eric Moreland
1628571,Erik,1610612762,UTA,24.0,4,4,0,1.0,7.521666666666666,0,2,0.0,0,1,0.0,0,0,0.0,0,1,1,0,1,1,0,1,0,0,0,-9,3.2,0,0,3.0,1,2017-18,1.9,94.1,82.4,82.4,123.4,127.8,127.8,-29.3,-45.4,-45.4,0.0,0.0,0.0,0.0,0.2,0.091,33.3,33.3,0.0,0.0,0.158,0.189,106.96,111.68,93.06,111.68,-0.031,17,0.0,0.5,Erik McCree
101141,Ersan,1610612755,PHI,31.0,69,36,33,0.522,1729.6483333333333,277,613,0.452,91,253,0.36,105,135,0.778,118,287,405,90,72,61,26,24,157,163,750,23,1560.0,7,0,1510.0,2,2017-18,25.1,106.6,107.0,107.0,105.1,106.1,106.1,1.6,0.9,0.9,0.078,1.25,10.8,0.067,0.161,0.114,8.6,8.6,0.526,0.558,0.183,0.187,100.88,100.17,83.47,100.17,0.099,3605,4.0,8.9,Ersan Ilyasova
203095,Evan,1610612753,ORL,25.0,57,20,37,0.351,1837.215,368,802,0.459,127,335,0.379,150,173,0.867,23,157,180,165,95,47,16,46,138,136,1013,-117,1570.5,0,0,1611.0,1,2017-18,32.2,106.2,107.1,107.1,109.3,110.3,110.3,-3.1,-3.2,-3.2,0.138,1.74,14.6,0.012,0.084,0.048,8.4,8.3,0.538,0.577,0.226,0.23,102.21,101.32,84.43,101.32,0.093,3881,6.5,14.1,Evan Fournier
202323,Evan,1610612757,POR,29.0,79,48,31,0.608,2033.8283333333331,258,577,0.447,42,132,0.318,91,107,0.85,30,214,244,173,99,47,29,15,163,116,649,-51,1330.3,0,0,1260.0,1,2017-18,25.7,103.5,104.5,104.5,105.0,105.6,105.6,-1.5,-1.1,-1.1,0.128,1.75,19.3,0.014,0.1,0.057,11.0,11.0,0.484,0.52,0.153,0.156,99.2,98.4,82.0,98.4,0.071,4168,3.3,7.3,Evan Turner
1626163,Frank,1610612766,CHA,25.0,79,35,44,0.443,1835.1883333333333,307,716,0.429,104,274,0.38,155,194,0.799,46,242,288,129,66,36,19,39,95,145,873,-57,1511.1,0,0,1504.0,1,2017-18,23.2,106.9,107.7,107.7,110.0,110.0,110.0,-3.1,-2.3,-2.3,0.113,1.95,13.0,0.023,0.139,0.078,6.7,6.6,0.501,0.545,0.202,0.208,99.15,98.79,82.32,98.79,0.098,3791,3.9,9.1,Frank Kaminsky
1628412,Frank,1610612758,SAC,24.0,52,17,35,0.327,983.9933333333332,144,380,0.379,31,86,0.36,94,115,0.817,30,100,130,147,65,34,10,24,72,100,413,-34,856.5,0,0,809.0,1,2017-18,18.9,103.4,103.7,103.7,105.3,105.4,105.4,-1.9,-1.7,-1.7,0.233,2.26,22.9,0.03,0.107,0.067,10.1,10.1,0.42,0.48,0.226,0.231,94.53,94.37,78.64,94.37,0.091,1934,2.8,7.3,Frank Mason III
1628373,Frank,1610612752,NYK,19.0,78,28,50,0.359,1705.6483333333333,182,500,0.364,50,157,0.318,49,68,0.721,37,140,177,250,131,65,18,21,181,72,463,-100,1168.4,1,0,1106.0,1,2017-18,21.9,102.2,102.4,102.4,105.0,104.6,104.6,-2.8,-2.2,-2.2,0.21,1.91,27.4,0.021,0.079,0.05,14.4,14.4,0.414,0.437,0.166,0.171,98.75,98.82,82.35,98.82,0.048,3501,2.3,6.4,Frank Ntilikina
1627832,Fred,1610612761,TOR,24.0,76,55,21,0.724,1520.0883333333334,232,545,0.426,108,261,0.414,84,101,0.832,25,159,184,243,74,68,19,46,130,117,656,352,1428.3,0,0,1365.0,1,2017-18,20.0,112.0,112.2,112.2,99.9,101.1,101.1,12.1,11.1,11.1,0.231,3.28,26.9,0.016,0.102,0.06,8.2,8.2,0.525,0.556,0.188,0.194,98.48,97.76,81.47,97.76,0.111,3100,3.1,7.2,Fred VanVleet
1627788,Furkan,1610612755,PHI,20.0,14,11,3,0.786,79.73333333333333,8,28,0.286,5,17,0.294,2,4,0.5,2,9,11,4,2,2,1,1,12,4,23,-44,49.2,0,0,49.0,1,2017-18,5.7,94.9,90.5,90.5,120.9,119.8,119.8,-26.1,-29.3,-29.3,0.077,2.0,11.1,0.02,0.123,0.064,5.6,5.6,0.375,0.386,0.159,0.167,102.65,105.65,88.04,105.65,0.01,179,0.6,2.0,Furkan Korkmaz
202066,Garrett,1610612758,SAC,32.0,65,23,42,0.354,1615.0766666666666,199,476,0.418,89,227,0.392,60,78,0.769,22,130,152,124,79,57,27,15,135,87,547,-263,1088.4,0,0,1080.0,1,2017-18,24.8,99.8,100.7,100.7,108.4,108.1,108.1,-8.6,-7.4,-7.4,0.115,1.57,17.4,0.013,0.084,0.047,11.1,11.1,0.512,0.536,0.16,0.163,96.88,96.56,80.47,96.56,0.065,3238,3.1,7.3,Garrett Temple
203914,Gary,1610612743,DEN,23.0,67,37,30,0.552,2304.55,440,908,0.485,156,394,0.396,134,162,0.827,37,139,176,194,119,122,15,41,119,145,1170,175,1964.2,0,0,1970.0,1,2017-18,34.4,110.7,111.7,111.7,107.5,108.2,108.2,3.3,3.5,3.5,0.128,1.63,15.0,0.016,0.061,0.039,9.2,9.2,0.57,0.597,0.204,0.208,99.16,98.41,82.01,98.41,0.098,4729,6.6,13.6,Gary Harris
1627780,Gary,1610612747,LAL,25.0,23,10,13,0.435,220.86,30,74,0.405,6,25,0.24,3,9,0.333,13,31,44,21,7,7,3,4,30,5,69,12,176.3,1,0,160.0,2,2017-18,9.6,109.1,109.9,109.9,106.6,104.9,104.9,2.6,4.9,4.9,0.13,3.0,19.8,0.056,0.144,0.098,6.6,6.6,0.446,0.443,0.162,0.166,99.76,100.19,83.49,100.19,0.058,456,1.3,3.2,Gary Payton II
201588,George,1610612739,CLE,32.0,67,28,39,0.418,1812.1266666666668,236,513,0.46,85,205,0.415,110,140,0.786,42,139,181,186,88,61,27,18,128,154,667,-123,1339.2,0,0,1295.0,2,2017-18,27.0,107.2,108.5,108.5,111.4,111.8,111.8,-4.3,-3.3,-3.3,0.145,2.11,22.0,0.023,0.081,0.051,10.4,10.4,0.543,0.58,0.161,0.164,97.04,96.27,80.23,96.27,0.079,3633,3.5,7.7,George Hill
1627777,Georges,1610612762,UTA,25.0,9,9,0,1.0,31.68,4,11,0.364,0,4,0.0,1,2,0.5,3,6,9,3,3,2,0,1,1,2,9,-13,27.3,0,0,25.0,1,2017-18,3.5,90.1,80.6,80.6,99.7,98.6,98.6,-9.6,-18.1,-18.1,0.167,1.0,16.7,0.103,0.182,0.145,16.7,16.8,0.364,0.379,0.19,0.208,102.76,109.09,90.91,109.09,0.086,72,0.4,1.2,Georges Niang
1627834,Georgios,1610612757,POR,20.0,17,3,14,0.176,121.61166666666666,18,42,0.429,0,0,0.0,0,0,0.0,13,24,37,9,8,4,6,2,12,3,36,-5,115.9,0,0,102.0,2,2017-18,7.2,109.5,110.5,110.5,119.2,114.2,114.2,-9.7,-3.7,-3.7,0.097,1.13,15.3,0.1,0.216,0.154,13.6,13.6,0.429,0.429,0.17,0.175,99.01,100.65,83.87,100.65,0.071,257,1.1,2.5,Georgios Papagiannis
101123,Gerald,1610612745,HOU,32.0,41,33,8,0.805,929.155,168,413,0.407,110,298,0.369,51,60,0.85,15,118,133,25,31,24,15,7,87,47,497,93,780.1,0,0,843.0,1,2017-18,22.7,106.8,107.3,107.3,102.7,102.7,102.7,4.1,4.6,4.6,0.045,0.81,5.1,0.016,0.124,0.069,6.3,6.3,0.54,0.566,0.219,0.226,99.75,99.52,82.94,99.52,0.088,1929,4.1,10.1,Gerald Green
1628492,Gian,1610612742,DAL,24.0,7,0,7,0.0,63.63333333333333,6,18,0.333,6,15,0.4,2,2,1.0,1,6,7,3,2,2,0,0,8,6,20,19,36.9,0,0,40.0,1,2017-18,9.1,105.1,104.5,104.5,91.7,89.6,89.6,13.4,14.8,14.8,0.071,1.5,12.5,0.016,0.102,0.057,8.3,8.4,0.5,0.53,0.147,0.15,100.02,101.46,84.55,101.46,0.045,134,0.9,2.6,Gian Clavell
203507,Giannis,1610612749,MIL,23.0,75,39,36,0.52,2756.2033333333334,742,1402,0.529,43,140,0.307,487,641,0.76,156,597,753,361,223,109,106,85,231,511,2014,148,3881.1,42,1,3601.0,1,2017-18,36.7,108.8,109.4,109.4,105.4,106.5,106.5,3.5,2.8,2.8,0.237,1.62,15.9,0.06,0.218,0.141,9.8,9.8,0.545,0.598,0.307,0.312,98.38,97.61,81.34,97.61,0.186,5600,9.9,18.7,Giannis Antetokounmpo
203922,Glenn,1610612754,IND,24.0,23,14,9,0.609,337.77666666666664,36,85,0.424,14,34,0.412,9,11,0.818,11,26,37,17,5,13,1,5,14,15,95,-1,201.9,0,0,191.0,1,2017-18,14.7,103.9,103.3,103.3,104.9,103.9,103.9,-1.0,-0.6,-0.6,0.068,3.4,15.2,0.03,0.078,0.052,4.5,4.5,0.506,0.529,0.119,0.123,98.09,98.83,82.36,98.83,0.071,697,1.6,3.7,Glenn Robinson III
201609,Goran,1610612748,MIA,32.0,75,39,36,0.52,2377.545,484,1075,0.45,111,300,0.37,217,271,0.801,54,252,306,359,166,63,12,52,180,254,1296,21,2260.7,3,0,2222.0,1,2017-18,31.7,105.0,106.2,106.2,104.9,106.0,106.0,0.1,0.2,0.2,0.245,2.16,20.9,0.023,0.105,0.064,9.7,9.7,0.502,0.543,0.25,0.254,98.56,97.49,81.24,97.49,0.115,4834,6.5,14.3,Goran Dragic
202330,Gordon,1610612738,BOS,28.0,1,0,1,0.0,5.25,1,2,0.5,0,1,0.0,0,0,0.0,0,1,1,0,0,0,0,0,1,0,2,3,3.2,0,0,3.0,1,2017-18,5.3,100.0,109.1,109.1,87.2,81.8,81.8,12.8,27.3,27.3,0.0,0.0,0.0,0.0,0.2,0.091,0.0,0.0,0.5,0.5,0.154,0.154,102.03,100.57,83.81,100.57,0.048,11,1.0,2.0,Gordon Hayward
203476,Gorgui,1610612750,MIN,28.0,79,45,34,0.57,1332.615,186,388,0.479,19,61,0.311,79,102,0.775,106,254,360,71,59,45,39,29,147,94,470,-202,1201.5,2,0,1088.0,1,2017-18,16.9,105.4,103.9,103.9,111.0,110.5,110.5,-5.6,-6.6,-6.6,0.08,1.2,12.5,0.078,0.201,0.137,10.4,10.5,0.504,0.543,0.159,0.164,98.93,99.83,83.19,99.83,0.093,2763,2.4,4.9,Gorgui Dieng
202328,Greg,1610612738,BOS,28.0,51,21,30,0.412,1040.8483333333334,218,386,0.565,0,0,0.0,88,119,0.739,109,241,350,114,94,44,23,27,95,105,524,-213,1222.0,9,1,1122.0,3,2017-18,20.4,100.5,100.9,100.9,110.9,110.5,110.5,-10.3,-9.6,-9.6,0.189,1.21,17.6,0.104,0.244,0.172,14.5,14.5,0.565,0.598,0.218,0.223,99.84,99.86,83.22,99.86,0.153,2163,4.3,7.6,Greg Monroe
1627824,Guerschon,1610612738,BOS,22.0,33,24,9,0.727,235.05666666666667,26,61,0.426,12,37,0.324,15,22,0.682,17,35,52,16,12,4,5,1,23,14,79,-7,180.4,0,0,177.0,1,2017-18,7.1,102.9,101.0,101.0,104.6,101.8,101.8,-1.7,-0.8,-0.8,0.107,1.33,16.2,0.065,0.152,0.105,12.1,12.2,0.525,0.559,0.146,0.151,97.75,99.96,83.3,99.96,0.08,488,0.8,1.8,Guerschon Yabusele
203084,Harrison,1610612742,DAL,26.0,77,24,53,0.312,2634.47,537,1208,0.445,119,333,0.357,259,313,0.827,77,391,468,152,118,49,14,51,94,242,1452,-327,2312.6,8,0,2317.0,1,2017-18,34.2,102.7,103.4,103.4,108.7,109.5,109.5,-6.0,-6.1,-6.1,0.101,1.29,9.4,0.028,0.154,0.089,7.3,7.3,0.494,0.539,0.247,0.253,97.63,96.98,80.81,96.98,0.114,5322,7.0,15.7,Harrison Barnes
202355,Hassan,1610612748,MIA,29.0,54,30,24,0.556,1364.07,312,578,0.54,2,2,1.0,128,182,0.703,174,444,618,54,92,37,94,52,131,169,754,-79,1877.6,28,0,1690.0,1,2017-18,25.3,101.4,102.1,102.1,103.8,105.0,105.0,-2.4,-2.8,-2.8,0.068,0.59,6.8,0.121,0.317,0.218,11.5,11.4,0.542,0.573,0.235,0.24,99.18,98.25,81.87,98.25,0.176,2792,5.8,10.7,Hassan Whiteside
1627740,Henry,1610612765,DET,21.0,38,21,17,0.553,328.92333333333335,53,146,0.363,20,60,0.333,25,29,0.862,10,71,81,20,18,5,0,2,22,21,151,-5,275.2,1,0,282.0,1,2017-18,8.7,98.9,97.5,97.5,98.3,97.0,97.0,0.7,0.5,0.5,0.098,1.11,10.2,0.029,0.208,0.118,9.1,9.1,0.432,0.476,0.233,0.241,99.24,100.62,83.85,100.62,0.096,685,1.4,3.8,Henry Ellenson
203546,Ian,1610612740,NOP,27.0,74,43,31,0.581,1454.34,222,495,0.448,62,195,0.318,45,59,0.763,10,117,127,110,57,33,10,28,120,55,551,26,940.4,0,0,936.0,1,2017-18,19.7,107.7,107.1,107.1,106.0,106.0,106.0,1.7,1.0,1.0,0.107,1.93,16.1,0.007,0.074,0.043,8.4,8.3,0.511,0.529,0.168,0.174,101.81,102.08,85.07,102.08,0.062,3090,3.0,6.7,Ian Clark
101133,Ian,1610612764,WAS,31.0,77,42,35,0.545,1145.3266666666666,138,248,0.556,0,2,0.0,90,128,0.703,135,177,312,53,100,38,42,26,230,116,366,14,959.9,1,0,891.0,1,2017-18,14.9,106.7,106.6,106.6,105.0,105.2,105.2,1.6,1.4,1.4,0.068,0.53,11.6,0.118,0.156,0.137,21.8,21.9,0.556,0.601,0.15,0.154,98.56,98.51,82.09,98.51,0.061,2342,1.8,3.2,Ian Mahinmi
1628387,Ike,1610612754,IND,19.0,11,5,6,0.455,29.79,4,9,0.444,0,0,0.0,5,6,0.833,5,4,9,0,2,1,3,2,1,3,13,-14,33.8,0,0,30.0,1,2017-18,2.7,110.8,104.6,104.6,134.1,130.2,130.2,-23.3,-25.5,-25.5,0.0,0.0,0.0,0.152,0.138,0.145,14.3,14.7,0.444,0.558,0.179,0.189,98.71,103.12,85.93,103.12,0.109,65,0.4,0.8,Ike Anigbogu
202697,Iman,1610612758,SAC,28.0,14,9,5,0.643,276.195,22,58,0.379,7,26,0.269,11,15,0.733,7,34,41,17,16,9,4,3,22,14,62,28,159.7,0,0,153.0,1,2017-18,19.7,108.5,108.4,108.4,103.2,103.1,103.1,5.4,5.4,5.4,0.084,1.06,17.3,0.026,0.113,0.072,16.3,16.4,0.44,0.48,0.125,0.128,100.99,101.06,84.22,101.06,0.049,580,1.6,4.1,Iman Shumpert
203477,Isaiah,1610612756,PHX,27.0,20,9,11,0.45,421.6933333333333,52,137,0.38,22,66,0.333,46,51,0.902,6,39,45,76,29,16,1,12,36,41,172,20,362.0,0,0,349.0,2,2017-18,21.1,108.4,109.2,109.2,108.7,108.0,108.0,-0.3,1.2,1.2,0.276,2.62,28.8,0.014,0.094,0.054,11.0,11.0,0.46,0.539,0.193,0.199,97.75,97.72,81.43,97.72,0.096,863,2.6,6.9,Isaiah Canaan
1628439,Isaiah,1610612752,NYK,23.0,18,4,14,0.222,239.47,33,72,0.458,2,9,0.222,12,18,0.667,10,31,41,16,16,2,4,9,45,15,80,-45,155.2,0,0,151.0,1,2017-18,13.3,102.0,102.0,102.0,107.8,109.7,109.7,-5.8,-7.7,-7.7,0.098,1.0,14.2,0.041,0.118,0.081,14.2,14.3,0.472,0.501,0.175,0.179,101.15,100.22,83.52,100.22,0.033,497,1.8,4.0,Isaiah Hicks
1627819,Isaiah,1610612737,ATL,23.0,67,18,49,0.269,1167.0116666666668,163,390,0.418,20,80,0.25,99,141,0.702,22,72,94,206,84,34,10,33,116,121,445,-36,914.8,0,0,853.0,1,2017-18,17.4,103.2,103.2,103.2,105.6,103.9,103.9,-2.4,-0.8,-0.8,0.272,2.45,27.7,0.018,0.058,0.039,11.3,11.3,0.444,0.492,0.195,0.2,101.0,101.8,84.83,101.8,0.069,2467,2.4,5.8,Isaiah Taylor
202738,Isaiah,1610612747,LAL,29.0,32,15,17,0.469,861.68,157,421,0.373,55,188,0.293,117,131,0.893,17,50,67,153,95,15,3,43,58,117,486,-119,754.9,0,0,797.0,2,2017-18,26.9,106.9,107.9,107.9,113.9,114.8,114.8,-7.0,-6.9,-6.9,0.268,1.61,21.0,0.019,0.056,0.037,13.1,13.1,0.438,0.508,0.276,0.281,103.98,103.05,85.88,103.05,0.077,1854,4.9,13.2,Isaiah Thomas
1627785,Isaiah,1610612751,BKN,23.0,16,2,14,0.125,179.65833333333333,40,86,0.465,7,18,0.389,13,19,0.684,4,22,26,20,24,8,2,8,23,13,100,-8,167.2,0,0,173.0,1,2017-18,11.2,97.1,96.6,96.6,102.9,99.0,99.0,-5.8,-2.3,-2.3,0.213,0.83,14.5,0.022,0.113,0.069,17.4,17.3,0.506,0.53,0.274,0.282,100.22,102.46,85.38,102.46,0.087,384,2.5,5.4,Isaiah Whitehead
202397,Ish,1610612765,DET,29.0,82,39,43,0.476,2042.635,389,801,0.486,35,101,0.347,81,116,0.698,27,197,224,360,108,64,20,46,140,133,894,44,1846.8,3,0,1681.0,1,2017-18,24.9,106.3,106.8,106.8,104.9,105.9,105.9,1.4,0.8,0.8,0.273,3.33,27.3,0.013,0.095,0.054,8.2,8.2,0.507,0.525,0.203,0.207,99.25,98.58,82.15,98.58,0.106,4199,4.7,9.8,Ish Smith
1628397,Ivan,1610612763,MEM,21.0,36,6,30,0.167,515.61,86,152,0.566,0,0,0.0,29,36,0.806,53,105,158,32,35,12,13,12,55,39,201,-96,478.6,3,0,441.0,1,2017-18,14.3,101.0,102.5,102.5,111.6,110.9,110.9,-10.5,-8.4,-8.4,0.095,0.91,13.6,0.102,0.216,0.157,14.9,14.9,0.566,0.599,0.167,0.171,99.24,98.87,82.39,98.87,0.111,1059,2.4,4.2,Ivan Rabb
1627826,Ivica,1610612747,LAL,21.0,43,19,24,0.442,409.82166666666666,61,122,0.5,0,1,0.0,39,51,0.765,45,78,123,25,26,8,15,12,47,46,161,42,389.1,1,0,355.0,1,2017-18,9.5,100.2,99.8,99.8,96.2,94.7,94.7,4.0,5.0,5.0,0.095,0.96,12.8,0.101,0.168,0.135,13.3,13.3,0.5,0.557,0.172,0.178,101.01,102.02,85.01,102.02,0.108,870,1.4,2.8,Ivica Zubac
200826,J.J.,1610612742,DAL,34.0,69,23,46,0.333,1603.2616666666668,303,690,0.439,115,313,0.367,80,102,0.784,15,186,201,434,143,35,3,24,83,139,801,18,1664.2,6,0,1627.0,1,2017-18,23.2,107.0,107.5,107.5,108.3,106.8,106.8,-1.3,0.7,0.7,0.426,3.03,33.1,0.009,0.12,0.064,10.9,10.9,0.522,0.545,0.243,0.249,97.46,97.92,81.6,97.92,0.133,3268,4.4,10.0,J.J. Barea
200755,JJ,1610612755,PHI,34.0,70,45,25,0.643,2115.853333333333,404,879,0.46,193,460,0.42,197,218,0.904,9,169,178,210,103,35,6,30,123,168,1198,311,1746.6,0,0,1861.0,1,2017-18,30.2,110.2,109.4,109.4,102.1,102.4,102.4,8.1,7.0,7.0,0.149,2.04,16.6,0.004,0.071,0.04,8.1,8.0,0.569,0.614,0.206,0.216,103.33,103.62,86.35,103.62,0.108,4563,5.8,12.6,JJ Redick
2747,JR,1610612739,CLE,32.0,80,49,31,0.613,2244.145,240,595,0.403,143,381,0.375,39,56,0.696,29,206,235,141,81,68,11,7,161,74,662,-116,1311.5,0,0,1339.0,1,2017-18,28.1,110.5,110.9,110.9,112.8,113.2,113.2,-2.3,-2.3,-2.3,0.087,1.74,16.7,0.013,0.092,0.053,9.6,9.6,0.524,0.534,0.136,0.139,99.36,99.03,82.53,99.03,0.052,4626,3.0,7.4,JR Smith
203960,JaKarr,1610612758,SAC,25.0,22,6,16,0.273,344.21666666666664,44,81,0.543,5,10,0.5,10,16,0.625,21,57,78,9,8,8,22,7,48,19,103,1,292.1,0,0,255.0,1,2017-18,15.6,99.5,99.9,99.9,99.9,100.0,100.0,-0.4,-0.1,-0.1,0.041,1.13,8.7,0.058,0.161,0.11,7.7,7.6,0.574,0.585,0.124,0.127,95.46,95.24,79.37,95.24,0.087,684,2.0,3.7,JaKarr Sampson
203210,JaMychal,1610612763,MEM,28.0,55,11,44,0.2,1541.8133333333333,223,488,0.457,43,127,0.339,80,111,0.721,147,317,464,79,76,32,25,41,153,93,569,-250,1339.3,16,0,1269.0,1,2017-18,28.0,101.4,102.5,102.5,110.4,110.5,110.5,-9.0,-8.0,-8.0,0.082,1.04,11.4,0.096,0.218,0.155,11.0,11.0,0.501,0.53,0.178,0.181,95.8,95.25,79.37,95.25,0.101,3057,4.1,8.9,JaMychal Green
201580,JaVale,1610612744,GSW,30.0,65,45,20,0.692,615.3866666666667,136,219,0.621,0,6,0.0,38,52,0.731,59,110,169,33,27,21,57,8,91,44,310,39,769.3,0,0,668.0,1,2017-18,9.5,110.9,110.5,110.5,106.7,107.9,107.9,4.3,2.6,2.6,0.08,1.22,11.0,0.101,0.166,0.136,9.0,8.9,0.621,0.641,0.183,0.189,102.85,102.49,85.41,102.49,0.118,1316,2.1,3.4,JaVale McGee
1628444,Jabari,1610612738,BOS,23.0,13,8,5,0.615,114.53,15,26,0.577,3,7,0.429,6,13,0.462,6,13,19,8,8,3,1,2,7,7,39,18,77.8,0,0,77.0,1,2017-18,8.8,113.3,108.7,108.7,102.3,102.1,102.1,11.0,6.6,6.6,0.099,1.0,17.0,0.055,0.105,0.081,17.0,16.8,0.635,0.615,0.141,0.15,98.41,100.58,83.82,100.58,0.076,241,1.2,2.0,Jabari Bird
203953,Jabari,1610612749,MIL,23.0,31,16,15,0.516,742.7483333333333,160,332,0.482,31,81,0.383,40,54,0.741,42,109,151,59,45,25,10,17,50,36,391,-65,720.7,3,0,702.0,1,2017-18,24.0,106.0,105.9,105.9,109.5,109.7,109.7,-3.5,-3.9,-3.9,0.129,1.31,12.8,0.055,0.145,0.1,9.8,9.8,0.529,0.55,0.228,0.233,100.67,100.62,83.85,100.62,0.111,1555,5.2,10.7,Jabari Parker
204022,Jack,1610612758,SAC,27.0,7,4,3,0.571,87.27333333333333,13,27,0.481,0,0,0.0,14,19,0.737,14,16,30,6,3,1,0,4,13,19,40,-4,85.0,0,0,78.0,1,2017-18,12.5,95.0,95.4,95.4,98.7,100.0,100.0,-3.7,-4.6,-4.6,0.128,2.0,13.3,0.131,0.184,0.155,6.7,6.8,0.481,0.566,0.185,0.192,94.87,94.05,78.37,94.05,0.143,173,1.9,3.9,Jack Cooley
1626643,Jacob,1610612755,PHI,28.0,3,2,1,0.667,6.083333333333333,1,2,0.5,0,1,0.0,0,0,0.0,0,0,0,0,1,0,0,0,0,0,2,0,1.0,0,0,2.0,1,2017-18,2.0,71.4,66.7,66.7,66.7,62.5,62.5,4.8,4.2,4.2,0.0,0.0,0.0,0.0,0.0,0.0,33.3,33.3,0.5,0.5,0.188,0.2,114.41,122.3,101.92,122.3,0.0,15,0.3,0.7,Jacob Pullen
1628451,Jacob,1610612751,BKN,23.0,5,1,4,0.2,33.25666666666667,1,4,0.25,1,2,0.5,1,2,0.5,2,9,11,2,0,1,0,0,4,1,4,13,23.2,0,0,20.0,1,2017-18,6.7,94.3,94.4,94.4,81.5,76.4,76.4,12.8,18.1,18.1,0.091,0.0,28.6,0.053,0.225,0.141,0.0,0.0,0.375,0.41,0.063,0.062,100.77,103.92,86.6,103.92,0.084,72,0.2,0.8,Jacob Wiley
203109,Jae,1610612762,UTA,27.0,80,52,28,0.65,2089.545,271,671,0.404,110,341,0.323,121,148,0.818,59,216,275,99,74,64,21,34,187,119,773,27,1432.5,0,0,1427.0,2,2017-18,26.1,107.9,107.9,107.9,106.9,107.2,107.2,1.0,0.6,0.6,0.071,1.34,10.9,0.029,0.103,0.066,8.1,8.1,0.486,0.525,0.169,0.172,99.83,99.67,83.06,99.67,0.061,4339,3.4,8.4,Jae Crowder
1626143,Jahlil,1610612751,BKN,22.0,28,7,21,0.25,352.83166666666665,77,138,0.558,1,4,0.25,21,29,0.724,21,64,85,12,21,3,18,14,51,36,176,-163,338.0,0,0,316.0,2,2017-18,12.6,92.3,92.6,92.6,116.6,115.2,115.2,-24.3,-22.6,-22.6,0.07,0.57,6.6,0.058,0.19,0.122,11.5,11.4,0.562,0.584,0.216,0.224,97.05,97.47,81.23,97.47,0.105,716,2.8,4.9,Jahlil Okafor
1627774,Jake,1610612757,POR,24.0,35,22,13,0.629,160.32666666666665,14,47,0.298,4,20,0.2,2,3,0.667,4,12,16,11,5,6,4,1,13,2,34,-21,94.7,0,0,85.0,1,2017-18,4.6,97.6,94.7,94.7,109.7,106.2,106.2,-12.1,-11.5,-11.5,0.099,2.2,17.2,0.024,0.078,0.05,7.8,7.8,0.34,0.352,0.139,0.149,96.19,99.25,82.71,99.25,0.027,340,0.4,1.3,Jake Layman
1627751,Jakob,1610612761,TOR,22.0,82,59,23,0.72,1523.545,253,384,0.659,1,2,0.5,60,101,0.594,165,228,393,57,85,39,100,35,212,115,567,249,1456.1,4,0,1296.0,1,2017-18,18.6,111.0,111.9,111.9,103.3,103.7,103.7,7.6,8.3,8.3,0.054,0.67,10.1,0.107,0.15,0.129,15.1,14.9,0.66,0.662,0.143,0.148,99.32,98.72,82.27,98.72,0.097,3129,3.1,4.7,Jakob Poeltl
1627883,Jalen,1610612742,DAL,25.0,16,3,13,0.188,181.37166666666667,26,68,0.382,10,26,0.385,12,19,0.632,13,25,38,4,7,5,1,9,22,18,74,-32,136.6,0,0,138.0,2,2017-18,11.3,108.2,109.3,109.3,118.8,115.9,115.9,-10.6,-6.6,-6.6,0.032,0.57,4.6,0.063,0.154,0.104,8.0,8.0,0.456,0.485,0.193,0.2,96.59,97.26,81.05,97.26,0.051,364,1.6,4.3,Jalen Jones
2037,Jamal,1610612750,MIN,38.0,80,45,35,0.563,1653.2583333333334,308,742,0.415,104,314,0.331,102,113,0.903,21,78,99,185,95,40,9,17,85,117,822,-152,1270.3,0,0,1308.0,1,2017-18,20.7,108.2,108.4,108.4,112.9,112.8,112.8,-4.7,-4.5,-4.5,0.177,1.95,17.4,0.013,0.05,0.031,8.9,8.9,0.485,0.519,0.231,0.239,98.32,98.26,81.89,98.26,0.079,3384,3.9,9.3,Jamal Crawford
1627750,Jamal,1610612743,DEN,21.0,81,46,35,0.568,2564.718333333333,479,1062,0.451,165,436,0.378,229,253,0.905,82,215,297,274,172,79,28,55,173,202,1352,226,2268.4,1,0,2302.0,1,2017-18,31.7,113.0,113.9,113.9,109.7,110.2,110.2,3.3,3.7,3.7,0.159,1.59,17.1,0.033,0.087,0.06,10.8,10.6,0.529,0.576,0.223,0.231,98.37,97.75,81.46,97.75,0.096,5237,5.9,13.1,Jamal Murray
1627866,Jameel,1610612742,DAL,24.0,3,1,2,0.333,26.85,7,12,0.583,0,0,0.0,3,5,0.6,4,5,9,0,1,0,0,2,2,5,17,-5,26.8,0,0,26.0,1,2017-18,9.0,108.2,105.8,105.8,114.5,113.2,113.2,-6.3,-7.4,-7.4,0.0,0.0,0.0,0.138,0.2,0.167,6.7,6.6,0.583,0.599,0.234,0.254,92.28,93.85,78.21,93.85,0.151,52,2.3,4.0,Jameel Warney
2749,Jameer,1610612765,DET,36.0,50,25,25,0.5,1013.165,95,244,0.389,41,124,0.331,16,20,0.8,13,91,104,179,67,27,4,9,81,48,247,-107,666.3,0,0,633.0,2,2017-18,20.3,104.3,103.1,103.1,108.5,108.7,108.7,-4.1,-5.7,-5.7,0.255,2.67,35.9,0.013,0.088,0.052,13.4,13.4,0.473,0.489,0.137,0.142,99.83,100.34,83.62,100.34,0.065,2124,1.9,4.9,Jameer Nelson
1628503,Jamel,1610612753,ORL,25.0,15,4,11,0.267,279.0083333333333,31,79,0.392,8,29,0.276,7,12,0.583,4,34,38,18,8,2,3,3,11,11,77,-6,156.6,0,0,151.0,1,2017-18,18.6,101.3,103.5,103.5,105.1,104.4,104.4,-3.9,-0.9,-0.9,0.098,2.25,16.4,0.013,0.119,0.064,7.3,7.3,0.443,0.457,0.142,0.145,97.88,97.12,80.93,97.12,0.062,564,2.1,5.3,Jamel Artis
203516,James,1610612765,DET,27.0,72,25,47,0.347,1604.03,182,384,0.474,51,153,0.333,97,116,0.836,73,151,224,71,56,47,18,24,134,92,512,-182,1026.3,1,0,988.0,2,2017-18,22.3,102.5,102.3,102.3,107.0,107.9,107.9,-4.5,-5.6,-5.6,0.069,1.27,12.6,0.045,0.096,0.07,10.0,10.0,0.54,0.588,0.134,0.138,97.28,96.97,80.81,96.97,0.073,3240,2.5,5.3,James Ennis III
201935,James,1610612745,HOU,28.0,72,59,13,0.819,2550.785,651,1449,0.449,265,722,0.367,624,727,0.858,41,348,389,630,315,126,50,98,169,505,2191,522,3815.8,31,4,3827.0,1,2017-18,35.4,114.6,116.2,116.2,104.7,106.2,106.2,9.9,10.0,10.0,0.449,2.0,23.4,0.017,0.137,0.078,11.7,11.6,0.541,0.619,0.353,0.361,99.69,98.29,81.91,98.29,0.194,5223,9.0,20.1,James Harden
201949,James,1610612748,MIA,31.0,73,37,36,0.507,1943.2866666666664,309,614,0.503,57,185,0.308,113,162,0.698,61,297,358,280,141,70,51,27,192,125,788,0,1859.6,6,0,1725.0,1,2017-18,26.6,105.4,105.9,105.9,104.9,105.8,105.8,0.5,0.1,0.1,0.22,1.99,25.4,0.032,0.148,0.091,12.8,12.7,0.55,0.575,0.185,0.191,98.38,97.74,81.45,97.74,0.112,3956,4.2,8.4,James Johnson
203949,James Michael,1610612755,PHI,25.0,3,1,2,0.333,17.95,2,7,0.286,2,7,0.286,2,2,1.0,0,2,2,0,1,0,1,0,1,1,8,1,12.4,0,0,14.0,1,2017-18,6.0,104.7,102.6,102.6,101.2,100.0,100.0,3.5,2.6,2.6,0.0,0.0,0.0,0.0,0.125,0.059,11.1,11.3,0.429,0.508,0.22,0.221,102.58,104.29,86.91,104.29,0.046,39,0.7,2.3,James Michael McAdoo
1627821,James,1610612751,BKN,24.0,10,1,9,0.1,119.93166666666669,6,24,0.25,4,19,0.211,0,0,0.0,8,16,24,4,4,1,0,0,10,1,16,-26,49.8,0,0,50.0,1,2017-18,12.0,99.0,98.0,98.0,116.0,111.3,111.3,-17.0,-13.3,-13.3,0.044,1.0,12.5,0.059,0.138,0.096,12.5,12.5,0.333,0.333,0.099,0.102,97.78,100.26,83.55,100.26,0.019,254,0.6,2.4,James Webb III
203923,James,1610612755,PHI,22.0,6,4,2,0.667,61.10833333333333,5,14,0.357,3,10,0.3,4,6,0.667,0,2,2,2,1,0,0,0,4,3,17,-26,21.4,0,0,24.0,1,2017-18,10.2,95.7,90.2,90.2,110.2,110.6,110.6,-14.6,-20.4,-20.4,0.053,2.0,10.0,0.0,0.029,0.016,5.0,5.1,0.464,0.511,0.131,0.137,93.63,96.22,80.19,96.22,0.024,122,0.8,2.3,James Young
203966,Jamil,1610612746,LAC,27.0,15,6,9,0.4,273.75666666666666,38,81,0.469,27,63,0.429,2,4,0.5,3,29,32,10,8,5,8,2,34,8,105,-1,189.4,0,0,200.0,1,2017-18,18.3,105.2,106.2,106.2,104.1,105.4,105.4,1.0,0.8,0.8,0.056,1.25,9.9,0.01,0.1,0.055,7.9,7.9,0.636,0.634,0.145,0.148,98.11,97.05,80.87,97.05,0.067,551,2.5,5.4,Jamil Wilson
201162,Jared,1610612756,PHX,32.0,48,7,41,0.146,686.485,48,122,0.393,29,80,0.363,27,35,0.771,8,86,94,78,28,24,11,5,85,41,152,2,458.8,0,0,423.0,1,2017-18,14.3,105.9,106.6,106.6,106.7,106.4,106.4,-0.8,0.1,0.1,0.153,2.79,32.0,0.011,0.126,0.067,11.5,11.5,0.512,0.553,0.102,0.104,101.16,100.97,84.14,100.97,0.062,1444,1.0,2.5,Jared Dudley
204067,Jarell,1610612741,CHI,26.0,3,1,2,0.333,8.616666666666667,0,2,0.0,0,2,0.0,0,0,0.0,0,1,1,0,0,1,0,0,0,0,0,1,4.2,0,0,3.0,2,2017-18,2.9,104.7,90.0,90.0,101.4,100.0,100.0,3.2,-10.0,-10.0,0.0,0.0,0.0,0.0,0.167,0.059,0.0,0.0,0.0,0.0,0.091,0.104,94.59,103.06,85.88,103.06,0.0,20,0.0,0.7,Jarell Eddie
1626185,Jarell,1610612763,MEM,24.0,73,21,52,0.288,1660.6266666666668,221,496,0.446,34,98,0.347,89,116,0.767,97,221,318,73,86,39,49,39,211,96,565,-264,1234.1,2,0,1166.0,1,2017-18,22.7,100.8,100.6,100.6,107.5,108.1,108.1,-6.8,-7.6,-7.6,0.073,0.85,10.3,0.057,0.139,0.096,12.1,12.2,0.48,0.516,0.168,0.172,97.33,97.16,80.97,97.16,0.066,3357,3.0,6.8,Jarell Martin
1628386,Jarrett,1610612751,BKN,20.0,72,25,47,0.347,1441.115,234,397,0.589,5,15,0.333,114,147,0.776,144,244,388,49,82,28,88,39,147,110,587,-142,1392.1,4,0,1261.0,1,2017-18,20.0,104.0,104.1,104.1,107.7,108.2,108.2,-3.6,-4.1,-4.1,0.055,0.6,8.2,0.096,0.157,0.127,13.8,13.8,0.596,0.636,0.162,0.165,100.28,100.01,83.34,100.01,0.108,2993,3.3,5.5,Jarrett Allen
101127,Jarrett,1610612752,NYK,34.0,62,26,36,0.419,1547.5683333333334,189,443,0.427,25,86,0.291,63,75,0.84,22,169,191,348,115,35,4,20,98,102,466,-16,1219.2,3,1,1108.0,1,2017-18,25.0,106.7,108.2,108.2,108.2,109.0,109.0,-1.5,-0.7,-0.7,0.302,3.03,37.1,0.014,0.106,0.061,12.2,12.2,0.455,0.489,0.164,0.167,99.17,98.12,81.77,98.12,0.089,3167,3.0,7.1,Jarrett Jack
201160,Jason,1610612764,WAS,32.0,33,15,18,0.455,284.74666666666667,45,115,0.391,4,32,0.125,19,21,0.905,18,35,53,14,16,3,13,8,44,26,113,-83,229.6,0,0,216.0,1,2017-18,8.6,98.0,95.5,95.5,111.6,111.3,111.3,-13.5,-15.8,-15.8,0.084,0.88,9.2,0.06,0.122,0.09,10.5,10.4,0.409,0.455,0.204,0.215,101.26,102.74,85.62,102.74,0.046,616,1.4,3.5,Jason Smith
1891,Jason,1610612749,MIL,40.0,51,27,24,0.529,813.6466666666666,59,154,0.383,40,115,0.348,8,9,0.889,5,43,48,59,25,42,13,5,52,11,166,19,452.1,0,0,423.0,1,2017-18,16.0,107.6,107.0,107.0,105.8,105.5,105.5,1.8,1.5,1.5,0.098,2.36,24.6,0.006,0.056,0.031,10.4,10.3,0.513,0.525,0.097,0.1,98.96,99.4,82.84,99.4,0.047,1682,1.2,3.0,Jason Terry
1628393,Jawun,1610612746,LAC,21.0,48,24,24,0.5,777.8583333333333,89,253,0.352,15,54,0.278,38,49,0.776,9,75,84,100,44,36,6,25,97,66,231,9,563.8,0,0,514.0,1,2017-18,16.2,106.5,106.2,106.2,105.0,104.1,104.1,1.5,2.1,2.1,0.177,2.27,24.0,0.011,0.092,0.053,10.6,10.5,0.381,0.421,0.17,0.176,102.69,103.27,86.06,103.27,0.046,1661,1.9,5.3,Jawun Evans
1627759,Jaylen,1610612738,BOS,21.0,70,47,23,0.671,2151.745,373,803,0.465,121,306,0.395,150,233,0.644,66,280,346,114,124,70,26,53,181,203,1017,341,1767.2,2,0,1790.0,1,2017-18,30.7,107.4,109.0,109.0,100.3,101.3,101.3,7.1,7.7,7.7,0.081,0.92,10.0,0.03,0.124,0.078,10.9,10.8,0.54,0.562,0.208,0.212,98.79,97.62,81.35,97.62,0.089,4378,5.3,11.5,Jaylen Brown
1628537,Jaylen,1610612737,ATL,22.0,6,2,4,0.333,98.49,13,32,0.406,2,10,0.2,0,0,0.0,2,14,16,7,6,2,1,5,2,2,28,-42,60.7,0,0,59.0,1,2017-18,16.4,87.7,87.1,87.1,105.4,105.0,105.0,-17.7,-17.9,-17.9,0.13,1.17,15.6,0.018,0.125,0.072,13.3,13.3,0.438,0.438,0.154,0.16,105.93,106.49,88.74,106.49,0.077,217,2.2,5.3,Jaylen Morris
1628369,Jayson,1610612738,BOS,20.0,80,53,27,0.663,2442.911666666667,397,835,0.475,105,242,0.434,213,258,0.826,50,352,402,128,114,83,58,59,170,199,1112,343,2095.4,4,0,2029.0,1,2017-18,30.5,107.0,107.7,107.7,100.3,100.8,100.8,6.7,6.9,6.9,0.081,1.12,10.7,0.021,0.138,0.081,9.6,9.6,0.538,0.586,0.192,0.196,97.94,97.42,81.18,97.42,0.108,4959,5.0,10.4,Jayson Tatum
201145,Jeff,1610612739,CLE,31.0,78,47,31,0.603,1827.8,295,618,0.477,53,170,0.312,203,234,0.868,60,186,246,99,75,41,34,39,149,188,846,104,1439.7,1,0,1394.0,1,2017-18,23.4,109.5,109.9,109.9,105.4,106.2,106.2,4.1,3.7,3.7,0.081,1.32,11.0,0.034,0.095,0.066,8.4,8.4,0.52,0.587,0.19,0.194,100.62,100.04,83.37,100.04,0.09,3793,3.8,7.9,Jeff Green
201952,Jeff,1610612750,MIN,30.0,70,41,29,0.586,2311.2616666666668,354,794,0.446,84,228,0.368,202,239,0.845,24,185,209,492,177,102,23,47,171,228,994,138,2180.8,13,0,2029.0,1,2017-18,33.0,111.2,112.7,112.7,108.7,110.0,110.0,2.5,2.7,2.7,0.298,2.78,31.4,0.011,0.081,0.046,11.3,11.3,0.499,0.553,0.201,0.204,99.39,98.11,81.76,98.11,0.105,4729,5.1,11.3,Jeff Teague
203481,Jeff,1610612742,DAL,28.0,10,2,8,0.2,39.3,6,16,0.375,2,10,0.2,1,2,0.5,1,9,10,0,2,0,3,1,3,4,15,21,34.0,0,0,33.0,1,2017-18,3.9,108.5,106.0,106.0,82.4,81.0,81.0,26.1,25.0,25.0,0.0,0.0,0.0,0.023,0.22,0.119,10.5,10.6,0.438,0.444,0.2,0.205,100.45,102.6,85.5,102.6,0.084,84,0.6,1.6,Jeff Withey
203924,Jerami,1610612760,OKC,24.0,81,48,33,0.593,1647.111666666667,244,456,0.535,32,110,0.291,162,240,0.675,86,233,319,57,54,31,77,45,155,218,682,17,1420.3,2,0,1306.0,1,2017-18,20.3,105.8,106.5,106.5,105.0,104.7,104.7,0.8,1.7,1.7,0.055,1.06,8.5,0.05,0.14,0.094,8.1,8.0,0.57,0.607,0.161,0.165,98.56,98.37,81.97,98.37,0.101,3356,3.0,5.6,Jerami Grant
202379,Jeremy,1610612737,ATL,30.0,1,0,1,0.0,5.35,1,1,1.0,0,0,0.0,0,0,0.0,1,0,1,0,1,0,0,0,1,0,2,-4,2.2,0,0,3.0,1,2017-18,5.4,97.4,100.0,100.0,142.9,123.1,123.1,-45.5,-23.1,-23.1,0.0,0.0,0.0,0.143,0.0,0.077,50.0,50.0,1.0,1.0,0.143,0.14,105.51,112.15,93.46,112.15,0.025,12,1.0,1.0,Jeremy Evans
203087,Jeremy,1610612766,CHA,26.0,80,36,44,0.45,1967.36,380,832,0.457,94,254,0.37,179,208,0.861,49,275,324,186,93,61,32,32,138,175,1033,77,1886.8,0,0,1823.0,1,2017-18,24.6,108.1,109.3,109.3,107.2,107.9,107.9,0.9,1.3,1.3,0.154,2.0,15.6,0.024,0.14,0.08,7.8,7.7,0.513,0.559,0.22,0.225,99.75,98.9,82.42,98.9,0.116,4064,4.8,10.4,Jeremy Lamb
202391,Jeremy,1610612751,BKN,29.0,1,0,1,0.0,25.183333333333334,5,12,0.417,1,2,0.5,7,7,1.0,0,0,0,4,3,0,0,1,3,4,18,-6,21.0,0,0,23.0,1,2017-18,25.2,108.9,109.5,109.5,120.7,119.0,119.0,-11.8,-9.5,-9.5,0.235,1.33,18.2,0.0,0.0,0.0,13.6,13.6,0.458,0.597,0.254,0.261,119.62,120.08,100.07,120.08,0.071,63,5.0,12.0,Jeremy Lin
1626170,Jerian,1610612741,CHI,25.0,74,24,50,0.324,1686.33,209,503,0.416,61,187,0.326,140,188,0.745,31,140,171,342,89,63,8,17,132,175,619,-252,1461.2,5,0,1335.0,1,2017-18,22.8,100.7,102.0,102.0,109.3,109.1,109.1,-8.6,-7.1,-7.1,0.314,3.84,33.9,0.017,0.084,0.049,8.8,8.8,0.476,0.528,0.172,0.177,98.78,98.24,81.87,98.24,0.095,3448,2.8,6.8,Jerian Grant
201573,Jerryd,1610612755,PHI,29.0,39,21,18,0.538,924.6916666666668,109,262,0.416,54,146,0.37,35,44,0.795,15,65,80,54,46,23,6,18,91,43,307,-69,525.0,0,0,553.0,1,2017-18,23.7,102.3,102.2,102.2,105.7,105.5,105.5,-3.4,-3.4,-3.4,0.085,1.17,14.1,0.016,0.066,0.041,12.0,12.1,0.519,0.546,0.146,0.15,102.85,102.99,85.82,102.99,0.047,1983,2.8,6.7,Jerryd Bayless
202710,Jimmy,1610612750,MIN,28.0,59,37,22,0.627,2163.9966666666664,437,921,0.474,70,200,0.35,363,425,0.854,79,235,314,288,108,116,24,43,78,307,1307,374,2427.8,3,0,2259.0,1,2017-18,36.7,113.3,114.7,114.7,105.1,106.4,106.4,8.3,8.3,8.3,0.204,2.67,19.3,0.038,0.112,0.075,7.2,7.2,0.512,0.59,0.245,0.251,96.92,95.76,79.8,95.76,0.151,4325,7.4,15.6,Jimmy Butler III
201149,Joakim,1610612752,NYK,33.0,7,1,6,0.143,40.145,5,10,0.5,0,0,0.0,2,4,0.5,6,8,14,4,4,2,2,0,5,6,12,0,42.8,0,0,38.0,1,2017-18,5.7,85.1,84.3,84.3,88.9,86.2,86.2,-3.8,-1.9,-1.9,0.2,1.0,20.0,0.128,0.2,0.161,20.0,20.2,0.5,0.51,0.162,0.164,103.14,105.22,87.68,105.22,0.114,89,0.7,1.4,Joakim Noah
201975,Jodie,1610612764,WAS,30.0,77,41,36,0.532,1118.7283333333332,157,393,0.399,72,210,0.343,101,117,0.863,15,111,126,70,37,29,4,20,55,78,487,-153,805.2,0,0,821.0,1,2017-18,14.5,103.6,102.3,102.3,108.7,109.2,109.2,-5.1,-6.8,-6.8,0.1,1.89,12.9,0.013,0.102,0.056,6.8,6.7,0.491,0.548,0.179,0.189,99.54,99.93,83.27,99.93,0.092,2332,2.0,5.1,Jodie Meeks
203925,Joe,1610612751,BKN,26.0,78,27,51,0.346,1974.5983333333331,305,621,0.491,150,358,0.419,86,104,0.827,51,209,260,128,91,35,20,46,153,93,846,-120,1424.0,2,0,1494.0,1,2017-18,25.3,104.5,105.1,105.1,108.4,108.4,108.4,-3.9,-3.3,-3.3,0.101,1.41,14.5,0.024,0.101,0.063,10.3,10.3,0.612,0.634,0.161,0.166,100.87,100.59,83.82,100.59,0.089,4145,3.9,8.0,Joe Harris
204060,Joe,1610612762,UTA,30.0,82,48,34,0.585,2578.498333333333,335,718,0.467,204,464,0.44,66,83,0.795,24,320,344,392,159,90,20,23,178,141,940,265,2111.8,4,0,2100.0,1,2017-18,31.4,106.8,107.7,107.7,102.3,102.4,102.4,4.5,5.3,5.3,0.222,2.47,30.0,0.01,0.125,0.068,12.2,12.2,0.609,0.623,0.156,0.159,97.98,97.56,81.3,97.56,0.107,5236,4.1,8.8,Joe Ingles
2207,Joe,1610612745,HOU,37.0,55,35,20,0.636,1204.75,146,360,0.406,40,145,0.276,40,45,0.889,14,158,172,83,49,18,7,3,67,40,372,-80,728.9,0,0,717.0,2,2017-18,21.9,101.5,101.3,101.3,105.4,104.9,104.9,-3.9,-3.6,-3.6,0.109,1.69,16.2,0.011,0.13,0.07,9.6,9.6,0.461,0.49,0.157,0.161,97.89,98.17,81.81,98.17,0.07,2468,2.7,6.5,Joe Johnson
1626202,Joe,1610612754,IND,26.0,53,28,25,0.528,558.1166666666667,80,186,0.43,25,66,0.379,22,29,0.759,12,51,63,39,26,14,1,9,39,37,207,-53,360.1,0,0,364.0,1,2017-18,10.5,101.9,99.9,99.9,107.4,106.7,106.7,-5.5,-6.8,-6.8,0.103,1.5,14.9,0.02,0.091,0.055,9.9,9.9,0.497,0.521,0.169,0.178,97.45,98.73,82.28,98.73,0.07,1160,1.5,3.5,Joe Young
1627762,Joel,1610612749,MIL,24.0,6,3,3,0.5,37.66,3,6,0.5,0,1,0.0,3,6,0.5,6,4,10,0,2,2,0,1,3,3,9,-13,25.0,0,0,23.0,1,2017-18,6.3,79.9,75.6,75.6,98.5,93.8,93.8,-18.6,-18.1,-18.1,0.0,0.0,0.0,0.133,0.121,0.128,18.2,18.8,0.5,0.521,0.115,0.12,97.99,103.24,86.03,103.24,0.071,82,0.5,1.0,Joel Bolomboy
203954,Joel,1610612755,PHI,24.0,63,41,22,0.651,1912.135,510,1056,0.483,66,214,0.308,359,467,0.769,143,547,690,199,234,40,111,74,209,410,1445,486,2790.5,38,0,2702.0,1,2017-18,30.4,111.4,110.6,110.6,99.7,98.9,98.9,11.7,11.7,11.7,0.182,0.85,11.7,0.078,0.255,0.173,13.8,13.8,0.514,0.573,0.33,0.339,100.35,101.09,84.24,101.09,0.177,4034,8.1,16.8,Joel Embiid
203530,Joffrey,1610612759,SAS,26.0,55,30,25,0.545,533.9083333333333,98,190,0.516,0,5,0.0,30,47,0.638,63,108,171,41,33,9,3,20,45,38,226,-66,495.7,1,0,462.0,1,2017-18,9.7,101.4,100.5,100.5,107.2,106.3,106.3,-5.9,-5.8,-5.8,0.121,1.24,14.3,0.118,0.207,0.162,11.5,11.6,0.516,0.536,0.192,0.199,99.75,100.56,83.8,100.56,0.119,1118,1.8,3.5,Joffrey Lauvergne
1628381,John,1610612737,ATL,20.0,74,21,53,0.284,1784.62,314,545,0.576,16,47,0.34,133,186,0.715,176,365,541,98,105,47,80,48,215,187,777,-220,1849.2,11,0,1686.0,1,2017-18,24.1,100.5,101.0,101.0,107.1,107.3,107.3,-6.7,-6.2,-6.2,0.09,0.93,11.9,0.094,0.201,0.147,12.7,12.7,0.591,0.62,0.174,0.179,100.22,99.88,83.23,99.88,0.119,3719,4.2,7.4,John Collins
203089,John,1610612749,MIL,27.0,76,39,37,0.513,1969.505,287,502,0.572,1,7,0.143,90,158,0.57,150,363,513,114,84,45,109,31,202,149,665,165,1829.6,10,0,1601.0,1,2017-18,25.9,110.3,111.2,111.2,105.4,106.3,106.3,5.0,4.9,4.9,0.083,1.36,14.8,0.083,0.185,0.136,10.9,10.9,0.573,0.582,0.149,0.151,98.01,97.18,80.98,97.18,0.097,3974,3.8,6.6,John Henson
204066,John,1610612739,CLE,29.0,24,17,7,0.708,174.44166666666666,17,59,0.288,11,36,0.306,9,13,0.692,6,18,24,5,8,7,2,2,10,13,54,-29,109.3,0,0,112.0,1,2017-18,7.3,104.9,103.5,103.5,112.5,112.3,112.3,-7.5,-8.8,-8.8,0.04,0.63,6.4,0.036,0.104,0.07,10.3,10.3,0.381,0.417,0.178,0.186,100.35,101.12,84.27,101.12,0.034,369,0.7,2.5,John Holland
202322,John,1610612764,WAS,27.0,41,23,18,0.561,1409.83,280,667,0.42,62,167,0.371,175,241,0.726,22,128,150,393,158,57,45,45,80,200,797,128,1714.5,19,0,1606.0,1,2017-18,34.4,109.1,109.8,109.8,105.4,106.1,106.1,3.7,3.8,3.8,0.425,2.49,29.7,0.016,0.088,0.053,11.9,11.9,0.466,0.515,0.281,0.286,101.09,100.44,83.7,100.44,0.13,2958,6.8,16.3,John Wall
1628405,Johnathan,1610612742,DAL,23.0,11,1,10,0.091,175.765,40,75,0.533,1,6,0.167,15,28,0.536,14,35,49,7,9,3,2,7,18,23,96,-17,171.3,1,0,163.0,1,2017-18,16.0,99.9,100.9,100.9,105.5,104.3,104.3,-5.5,-3.4,-3.4,0.078,0.78,6.7,0.071,0.2,0.131,8.7,8.7,0.54,0.55,0.24,0.244,94.8,94.9,79.08,94.9,0.126,345,3.6,6.8,Johnathan Motley
203948,Johnny,1610612766,CHA,25.0,36,15,21,0.417,379.06166666666667,68,171,0.398,14,43,0.326,21,25,0.84,29,64,93,14,15,9,6,7,45,26,171,-87,333.6,0,0,322.0,1,2017-18,10.5,94.6,94.1,94.1,104.9,104.8,104.8,-10.4,-10.7,-10.7,0.067,0.93,6.6,0.063,0.173,0.112,7.1,7.1,0.439,0.47,0.219,0.227,100.46,100.8,84.0,100.8,0.08,795,1.9,4.8,Johnny O'Bryant III
202720,Jon,1610612765,DET,29.0,8,5,3,0.625,136.46666666666667,15,36,0.417,0,3,0.0,13,15,0.867,7,25,32,5,7,1,3,3,16,13,43,12,93.9,0,0,88.0,1,2017-18,17.1,99.7,96.7,96.7,96.9,94.9,94.9,2.8,1.8,1.8,0.051,0.71,9.3,0.049,0.179,0.113,13.0,12.8,0.417,0.505,0.151,0.159,101.93,104.64,87.2,104.64,0.07,301,1.9,4.5,Jon Leuer
201973,Jonas,1610612762,UTA,31.0,74,45,29,0.608,1133.515,159,341,0.466,65,157,0.414,46,57,0.807,53,193,246,42,27,24,12,15,127,57,429,56,868.2,0,0,854.0,1,2017-18,15.3,107.8,105.9,105.9,104.2,104.2,104.2,3.6,1.7,1.7,0.057,1.56,9.7,0.048,0.175,0.112,6.2,6.2,0.562,0.586,0.151,0.157,96.79,97.65,81.38,97.65,0.091,2314,2.1,4.6,Jonas Jerebko
202685,Jonas,1610612761,TOR,26.0,77,56,21,0.727,1727.24,390,687,0.568,30,74,0.405,170,211,0.806,183,477,660,81,115,29,69,47,192,181,980,227,2072.5,26,0,1947.0,1,2017-18,22.4,111.7,112.9,112.9,106.0,107.2,107.2,5.8,5.6,5.6,0.075,0.7,8.3,0.106,0.263,0.187,11.8,11.8,0.59,0.628,0.222,0.225,100.13,99.04,82.54,99.04,0.151,3576,5.1,8.9,Jonas Valančiūnas
1626780,Jonathan,1610612738,BOS,30.0,4,2,2,0.5,39.935,14,23,0.609,6,12,0.5,0,0,0.0,0,3,3,4,3,0,0,0,5,3,34,-1,40.6,0,0,47.0,1,2017-18,10.0,114.0,114.0,114.0,113.0,113.8,113.8,1.0,0.2,0.2,0.148,1.33,13.3,0.0,0.071,0.038,10.0,10.0,0.739,0.739,0.28,0.286,104.31,103.97,86.64,103.97,0.115,86,3.5,5.8,Jonathan Gibson
1628371,Jonathan,1610612753,ORL,20.0,27,11,16,0.407,535.4116666666666,55,145,0.379,16,46,0.348,19,25,0.76,16,83,99,18,27,33,30,5,48,37,145,-100,452.8,0,0,404.0,1,2017-18,19.8,94.1,93.2,93.2,101.1,101.8,101.8,-7.0,-8.6,-8.6,0.053,0.67,9.0,0.029,0.141,0.087,13.5,13.4,0.434,0.465,0.149,0.155,100.1,100.23,83.52,100.23,0.071,1116,2.0,5.4,Jonathan Isaac
203613,Jonathon,1610612753,ORL,28.0,69,21,48,0.304,2029.246666666667,354,761,0.465,69,204,0.338,185,241,0.768,61,178,239,171,146,58,16,54,175,199,962,-296,1581.3,0,0,1589.0,1,2017-18,29.4,103.8,104.6,104.6,110.9,111.4,111.4,-7.2,-6.9,-6.9,0.131,1.17,14.5,0.03,0.087,0.059,12.4,12.3,0.511,0.555,0.215,0.22,100.34,99.75,83.12,99.75,0.077,4214,5.1,11.0,Jonathon Simmons
1628395,Jordan,1610612744,GSW,23.0,57,43,14,0.754,808.9133333333333,116,185,0.627,0,4,0.0,30,44,0.682,60,147,207,102,51,35,56,16,92,43,262,159,885.4,1,0,753.0,1,2017-18,14.2,115.0,113.2,113.2,103.0,104.3,104.3,11.9,8.9,8.9,0.166,2.0,28.6,0.082,0.162,0.126,14.3,14.3,0.627,0.641,0.134,0.139,101.57,101.77,84.81,101.77,0.111,1718,2.0,3.2,Jordan Bell
203903,Jordan,1610612739,CLE,26.0,81,40,41,0.494,1887.3983333333333,430,954,0.451,112,318,0.352,152,190,0.8,57,160,217,221,127,58,6,51,107,154,1124,-38,1780.9,1,0,1802.0,2,2017-18,23.3,104.4,104.6,104.6,105.3,106.5,106.5,-0.8,-1.9,-1.9,0.193,1.74,16.1,0.029,0.08,0.055,9.3,9.2,0.509,0.542,0.253,0.264,101.81,101.14,84.29,101.14,0.115,3994,5.3,11.8,Jordan Clarkson
202348,Jordan,1610612740,NOP,29.0,5,3,2,0.6,53.28333333333333,12,27,0.444,8,14,0.571,1,1,1.0,2,2,4,13,5,1,1,2,7,0,33,-19,58.3,0,0,62.0,1,2017-18,10.7,114.0,110.7,110.7,128.6,125.2,125.2,-14.7,-14.5,-14.5,0.351,2.6,28.9,0.036,0.036,0.036,11.1,11.0,0.593,0.601,0.23,0.241,107.27,110.35,91.96,110.35,0.09,122,2.4,5.4,Jordan Crawford
1626175,Jordan,1610612748,MIA,23.0,23,15,8,0.652,284.05833333333334,39,82,0.476,2,16,0.125,13,19,0.684,18,63,81,9,18,6,10,6,36,17,93,-30,233.7,0,0,217.0,1,2017-18,12.4,102.6,101.4,101.4,109.2,107.4,107.4,-6.5,-6.0,-6.0,0.051,0.5,7.7,0.065,0.226,0.146,15.4,15.3,0.488,0.515,0.168,0.176,94.64,95.98,79.98,95.98,0.08,570,1.7,3.6,Jordan Mickey
101181,Jose,1610612739,CLE,36.0,57,33,24,0.579,914.325,93,185,0.503,45,97,0.464,24,30,0.8,14,70,84,117,41,27,2,8,81,48,255,65,577.3,0,0,559.0,1,2017-18,16.0,111.8,110.9,110.9,108.7,107.7,107.7,3.1,3.2,3.2,0.175,2.85,32.9,0.017,0.079,0.049,11.5,11.5,0.624,0.643,0.118,0.121,96.71,97.51,81.26,97.51,0.067,1860,1.6,3.2,Jose Calderon
1627982,Josh,1610612756,PHX,24.0,5,0,5,0.0,86.43333333333334,11,41,0.268,3,13,0.231,7,11,0.636,2,8,10,12,7,8,2,6,8,8,32,-69,85.0,0,0,77.0,1,2017-18,17.3,81.6,81.6,81.6,118.2,116.7,116.7,-36.7,-35.1,-35.1,0.24,1.71,18.5,0.017,0.104,0.051,10.8,10.8,0.305,0.349,0.243,0.252,105.37,106.07,88.39,106.07,0.041,190,2.2,8.2,Josh Gray
1628404,Josh,1610612747,LAL,23.0,63,27,36,0.429,1460.5216666666668,176,375,0.469,78,197,0.396,66,94,0.702,42,221,263,80,47,47,16,21,107,76,496,-72,1073.6,8,0,1043.0,1,2017-18,23.2,105.8,106.4,106.4,107.6,108.3,108.3,-1.9,-1.9,-1.9,0.076,1.7,14.7,0.028,0.143,0.086,8.6,8.6,0.573,0.596,0.133,0.137,101.0,100.37,83.64,100.37,0.088,3047,2.8,6.0,Josh Hart
203962,Josh,1610612760,OKC,26.0,69,43,26,0.623,981.5483333333332,60,182,0.33,33,115,0.287,6,20,0.3,42,119,161,20,26,15,43,11,82,25,159,111,530.2,0,0,489.0,1,2017-18,14.2,109.2,109.2,109.2,102.6,103.2,103.2,6.5,6.0,6.0,0.027,0.77,8.5,0.042,0.117,0.08,11.0,11.0,0.42,0.417,0.095,0.098,97.1,96.83,80.69,96.83,0.032,1976,0.9,2.6,Josh Huestis
1628367,Josh,1610612756,PHX,21.0,77,19,58,0.247,1959.2183333333328,389,932,0.417,57,217,0.263,177,279,0.634,95,256,351,119,146,80,35,82,218,224,1012,-530,1810.7,5,0,1769.0,1,2017-18,25.4,98.3,98.6,98.6,110.3,110.3,110.3,-12.0,-11.7,-11.7,0.105,0.82,9.0,0.044,0.123,0.083,11.0,11.1,0.448,0.48,0.253,0.259,103.38,103.23,86.02,103.23,0.072,4195,5.1,12.1,Josh Jackson
203705,Josh,1610612737,ATL,28.0,18,3,15,0.167,216.165,15,46,0.326,8,22,0.364,8,8,1.0,2,17,19,57,9,8,1,2,16,18,46,-1,172.3,0,0,148.0,1,2017-18,12.0,103.1,103.1,103.1,106.0,103.6,103.6,-3.0,-0.5,-0.5,0.37,6.33,49.1,0.009,0.079,0.043,7.8,7.8,0.413,0.464,0.119,0.122,98.67,99.81,83.18,99.81,0.085,450,0.8,2.6,Josh Magette
201177,Josh,1610612742,DAL,31.0,2,2,0,1.0,5.75,0,1,0.0,0,1,0.0,0,0,0.0,0,0,0,0,0,0,0,0,2,0,0,0,0.0,0,0,0.0,1,2017-18,2.9,100.0,85.7,85.7,101.0,100.0,100.0,-1.0,-14.3,-14.3,0.0,0.0,0.0,0.0,0.0,0.0,0.0,0.0,0.0,0.0,0.071,0.083,99.67,108.52,90.43,108.52,-0.128,14,0.0,0.5,Josh McRoberts
1626196,Josh,1610612748,MIA,24.0,81,44,37,0.543,2689.475,399,885,0.451,127,336,0.378,120,142,0.845,69,216,285,231,140,121,75,38,199,192,1045,41,2181.5,0,0,2080.0,1,2017-18,33.2,104.3,105.0,105.0,103.6,104.2,104.2,0.7,0.8,0.8,0.131,1.65,17.6,0.025,0.08,0.053,10.7,10.6,0.523,0.551,0.176,0.181,97.98,97.38,81.15,97.38,0.086,5456,4.9,10.9,Josh Richardson
2746,Josh,1610612740,NOP,32.0,3,2,1,0.667,11.821666666666667,1,4,0.25,0,0,0.0,0,0,0.0,3,1,4,0,0,0,0,0,3,0,2,-10,6.8,0,0,6.0,1,2017-18,3.9,77.5,73.1,73.1,103.7,107.4,107.4,-26.2,-34.3,-34.3,0.0,0.0,0.0,0.136,0.1,0.125,0.0,0.0,0.25,0.25,0.118,0.131,106.54,107.6,89.67,107.6,-0.045,26,0.3,1.3,Josh Smith
201950,Jrue,1610612740,NOP,28.0,81,47,34,0.58,2926.733333333333,615,1244,0.494,120,356,0.337,187,238,0.786,62,303,365,486,213,123,64,57,201,226,1537,319,3052.0,8,1,2882.0,1,2017-18,36.1,108.9,109.4,109.4,103.2,104.5,104.5,5.7,4.9,4.9,0.243,2.28,23.8,0.022,0.095,0.06,10.4,10.4,0.543,0.57,0.225,0.229,103.14,102.25,85.21,102.25,0.118,6242,7.6,15.4,Jrue Holiday
1627823,Juancho,1610612743,DEN,22.0,25,15,10,0.6,277.08,29,75,0.387,14,50,0.28,10,12,0.833,18,36,54,12,9,6,3,4,25,13,82,-24,182.8,0,0,180.0,1,2017-18,11.1,106.8,105.1,105.1,111.2,109.2,109.2,-4.4,-4.2,-4.2,0.06,1.33,11.9,0.062,0.139,0.098,8.9,8.9,0.48,0.511,0.134,0.138,97.72,99.44,82.86,99.44,0.061,574,1.2,3.0,Juancho Hernangomez
203944,Julius,1610612747,LAL,23.0,82,35,47,0.427,2190.383333333333,504,904,0.558,10,45,0.222,305,425,0.718,181,473,654,210,213,43,45,105,274,340,1323,-81,2473.8,28,1,2373.0,1,2017-18,26.7,106.2,107.0,107.0,107.5,108.4,108.4,-1.3,-1.4,-1.4,0.158,0.99,13.9,0.082,0.202,0.144,14.1,14.1,0.563,0.606,0.251,0.256,102.1,101.3,84.41,101.3,0.135,4615,6.1,11.0,Julius Randle
202933,Julyan,1610612766,CHA,29.0,23,10,13,0.435,174.755,6,13,0.462,6,13,0.462,1,2,0.5,1,28,29,26,7,4,2,1,21,6,19,38,103.8,0,0,92.0,1,2017-18,7.6,107.0,106.6,106.6,101.2,97.3,97.3,5.9,9.3,9.3,0.187,3.71,55.3,0.005,0.153,0.079,14.9,14.9,0.692,0.684,0.051,0.052,101.52,103.69,86.41,103.69,0.06,379,0.3,0.6,Julyan Stone
1626147,Justin,1610612755,PHI,24.0,38,27,11,0.711,519.15,87,202,0.431,34,103,0.33,28,38,0.737,25,68,93,25,16,15,7,13,54,31,236,-82,435.1,0,0,432.0,1,2017-18,13.7,100.2,98.3,98.3,105.7,105.4,105.4,-5.5,-7.2,-7.2,0.078,1.56,9.6,0.046,0.12,0.084,6.2,6.2,0.515,0.54,0.188,0.198,100.68,101.75,84.79,101.75,0.087,1099,2.3,5.3,Justin Anderson
203200,Justin,1610612741,CHI,29.0,72,24,48,0.333,2264.925,290,782,0.371,161,449,0.359,135,164,0.823,31,260,291,153,93,80,31,30,134,122,876,-180,1694.7,2,0,1703.0,1,2017-18,31.5,102.9,104.2,104.2,107.5,108.2,108.2,-4.7,-4.0,-4.0,0.097,1.65,14.0,0.013,0.114,0.062,8.5,8.5,0.474,0.513,0.177,0.181,101.36,100.42,83.68,100.42,0.069,4742,4.0,10.9,Justin Holiday
1628382,Justin,1610612758,SAC,23.0,68,21,47,0.309,1506.2583333333334,185,419,0.442,57,185,0.308,26,36,0.722,27,160,187,74,40,28,13,12,81,49,453,-238,871.4,0,0,853.0,1,2017-18,22.2,100.5,101.2,101.2,108.7,108.8,108.8,-8.2,-7.6,-7.6,0.071,1.85,13.6,0.018,0.109,0.062,7.3,7.3,0.51,0.521,0.139,0.142,97.79,97.42,81.18,97.42,0.064,3054,2.7,6.2,Justin Jackson
1628383,Justin,1610612750,MIN,21.0,1,0,1,0.0,3.733333333333333,1,2,0.5,0,0,0.0,0,0,0.0,0,0,0,0,0,1,0,0,1,0,2,3,5.0,0,0,4.0,1,2017-18,3.7,135.1,120.0,120.0,93.4,90.0,90.0,41.8,30.0,30.0,0.0,0.0,0.0,0.0,0.0,0.0,0.0,0.0,0.5,0.5,0.2,0.225,119.06,128.57,107.14,128.57,0.057,10,1.0,2.0,Justin Patton
1626159,Justise,1610612748,MIA,22.0,68,33,35,0.485,1680.4566666666667,207,488,0.424,49,129,0.38,66,104,0.635,64,306,370,148,77,54,33,43,140,97,529,25,1379.0,2,0,1270.0,1,2017-18,24.7,103.6,103.8,103.8,102.1,102.9,102.9,1.6,1.0,1.0,0.134,1.92,19.6,0.037,0.178,0.107,10.2,10.1,0.474,0.496,0.158,0.163,98.19,97.72,81.43,97.72,0.092,3417,3.0,7.2,Justise Winslow
203994,Jusuf,1610612757,POR,23.0,79,48,31,0.608,2088.11,480,951,0.505,0,7,0.0,172,273,0.63,189,519,708,143,183,64,111,67,247,277,1132,157,2538.1,27,0,2333.0,1,2017-18,26.4,105.3,106.7,106.7,102.2,103.1,103.1,3.1,3.6,3.6,0.115,0.78,10.3,0.087,0.237,0.162,13.2,13.1,0.505,0.528,0.257,0.262,99.81,98.73,82.28,98.73,0.127,4297,6.1,12.0,Jusuf Nurkić
1628443,Kadeem,1610612738,BOS,25.0,18,9,9,0.5,107.18833333333332,6,22,0.273,0,11,0.0,7,9,0.778,4,7,11,12,9,3,2,1,15,7,19,-20,56.2,0,0,52.0,1,2017-18,6.0,95.4,91.6,91.6,102.5,100.0,100.0,-7.1,-8.4,-8.4,0.167,1.33,25.5,0.034,0.067,0.049,19.1,19.2,0.273,0.366,0.132,0.141,98.16,101.43,84.52,101.43,0.006,226,0.3,1.2,Kadeem Allen
1626157,Karl-Anthony,1610612750,MIN,22.0,82,47,35,0.573,2918.188333333333,639,1172,0.545,120,285,0.421,345,402,0.858,238,774,1012,199,159,64,115,64,285,380,1743,372,3633.9,68,0,3432.0,1,2017-18,35.6,113.5,115.3,115.3,107.7,109.2,109.2,5.9,6.1,6.1,0.105,1.25,11.7,0.085,0.272,0.179,9.3,9.3,0.596,0.646,0.225,0.229,97.6,96.15,80.13,96.15,0.165,5852,7.8,14.3,Karl-Anthony Towns
202695,Kawhi,1610612759,SAS,27.0,9,5,4,0.556,209.86166666666668,52,111,0.468,11,35,0.314,31,38,0.816,6,36,42,21,16,18,9,5,9,27,146,17,292.9,0,0,274.0,1,2017-18,23.3,100.9,99.3,99.3,95.2,95.4,95.4,5.7,3.9,3.9,0.191,1.31,12.8,0.029,0.159,0.098,9.8,9.7,0.518,0.572,0.304,0.313,98.11,98.81,82.34,98.81,0.182,432,5.8,12.3,Kawhi Leonard
1627770,Kay,1610612765,DET,23.0,16,6,10,0.375,139.54166666666666,21,70,0.3,4,19,0.211,11,12,0.917,3,15,18,20,16,3,1,4,11,16,57,-48,104.6,0,0,107.0,2,2017-18,8.7,91.3,90.2,90.2,108.7,105.4,105.4,-17.3,-15.1,-15.1,0.247,1.25,17.9,0.019,0.108,0.06,14.3,14.4,0.329,0.379,0.28,0.284,100.14,102.34,85.28,102.34,0.038,296,1.3,4.4,Kay Felder
203482,Kelly,1610612748,MIA,27.0,76,42,34,0.553,1778.6816666666666,316,636,0.497,106,280,0.379,134,174,0.77,89,342,431,207,147,62,35,38,222,217,872,233,1843.7,7,0,1810.0,1,2017-18,23.4,109.4,110.0,110.0,104.5,104.6,104.6,4.9,5.3,5.3,0.18,1.41,19.4,0.052,0.2,0.126,13.8,13.8,0.58,0.612,0.213,0.219,96.8,96.5,80.42,96.5,0.122,3596,4.2,8.4,Kelly Olynyk
1626162,Kelly,1610612764,WAS,22.0,81,43,38,0.531,2230.6566666666668,318,790,0.403,126,369,0.341,191,233,0.82,59,304,363,98,90,80,35,56,234,210,953,-113,1790.6,0,0,1770.0,1,2017-18,27.5,105.9,105.9,105.9,107.5,108.2,108.2,-1.6,-2.4,-2.4,0.067,1.09,9.1,0.026,0.136,0.081,8.3,8.3,0.482,0.534,0.188,0.193,99.8,99.49,82.91,99.49,0.079,4622,3.9,9.8,Kelly Oubre Jr.
202689,Kemba,1610612766,CHA,28.0,80,36,44,0.45,2735.8783333333336,588,1363,0.431,231,601,0.384,363,420,0.864,32,216,248,444,179,91,24,89,98,323,1770,204,2899.6,3,0,2923.0,1,2017-18,34.2,109.7,111.3,111.3,106.3,108.0,108.0,3.5,3.3,3.3,0.264,2.48,20.6,0.011,0.077,0.044,8.3,8.2,0.516,0.572,0.267,0.273,100.85,99.31,82.76,99.31,0.131,5669,7.4,17.0,Kemba Walker
2570,Kendrick,1610612739,CLE,33.0,1,0,1,0.0,14.533333333333331,1,2,0.5,0,0,0.0,1,2,0.5,0,1,1,2,1,1,0,1,1,1,3,3,9.2,0,0,8.0,1,2017-18,14.5,123.4,134.5,134.5,116.6,116.1,116.1,6.8,18.4,18.4,0.182,2.0,33.3,0.0,0.091,0.042,16.7,17.0,0.5,0.521,0.118,0.115,103.18,99.08,82.57,99.08,0.042,29,1.0,2.0,Kendrick Perkins
202702,Kenneth,1610612743,DEN,28.0,32,16,16,0.5,460.7533333333333,76,148,0.514,0,1,0.0,36,51,0.706,68,85,153,18,23,12,13,10,51,53,188,-42,450.6,3,0,409.0,1,2017-18,14.4,103.9,103.2,103.2,108.6,108.1,108.1,-4.6,-5.0,-5.0,0.064,0.78,8.5,0.135,0.193,0.162,10.8,10.9,0.514,0.552,0.173,0.178,98.15,98.71,82.26,98.71,0.108,950,2.4,4.6,Kenneth Faried
203145,Kent,1610612737,ATL,28.0,65,19,46,0.292,1789.4416666666666,284,676,0.42,108,274,0.394,160,201,0.796,25,223,248,228,157,100,45,35,147,177,836,-162,1753.6,0,0,1710.0,1,2017-18,27.5,103.7,104.5,104.5,107.4,108.9,108.9,-3.7,-4.5,-4.5,0.199,1.45,19.9,0.014,0.124,0.069,13.7,13.7,0.5,0.547,0.221,0.227,100.2,99.1,82.58,99.1,0.099,3696,4.4,10.4,Kent Bazemore
203484,Kentavious,1610612747,LAL,25.0,74,31,43,0.419,2457.905,340,798,0.426,159,415,0.383,153,194,0.789,60,327,387,162,97,106,16,20,145,159,992,-51,1968.4,4,0,1944.0,1,2017-18,33.2,105.0,106.5,106.5,106.1,107.4,107.4,-1.1,-0.9,-0.9,0.093,1.67,14.3,0.023,0.127,0.075,8.6,8.5,0.526,0.561,0.165,0.169,102.78,101.4,84.5,101.4,0.092,5190,4.6,10.8,Kentavious Caldwell-Pope
201142,Kevin,1610612744,GSW,29.0,68,49,19,0.721,2325.095,630,1222,0.516,173,413,0.419,359,404,0.889,31,433,464,366,207,50,119,38,133,326,1792,351,3197.8,15,2,3133.0,1,2017-18,34.2,115.7,115.9,115.9,106.8,108.9,108.9,8.9,7.0,7.0,0.243,1.77,18.7,0.015,0.169,0.099,10.6,10.5,0.586,0.64,0.293,0.299,103.3,102.24,85.2,102.24,0.168,4954,9.3,18.0,Kevin Durant
201567,Kevin,1610612739,CLE,29.0,59,37,22,0.627,1651.0083333333334,334,729,0.458,137,330,0.415,234,266,0.88,101,445,546,103,90,43,24,49,120,232,1039,77,1959.7,31,0,1959.0,1,2017-18,28.0,112.2,112.7,112.7,111.3,111.3,111.3,0.9,1.4,1.4,0.099,1.14,9.9,0.065,0.274,0.172,8.7,8.7,0.552,0.614,0.248,0.252,98.98,98.75,82.29,98.75,0.15,3410,5.7,12.4,Kevin Love
1626172,Kevon,1610612744,GSW,22.0,66,45,21,0.682,910.07,112,193,0.58,1,5,0.2,42,77,0.545,83,132,215,42,31,34,56,22,106,64,267,122,827.0,0,0,705.0,1,2017-18,13.8,112.4,110.7,110.7,103.8,104.6,104.6,8.6,6.1,6.1,0.062,1.35,14.0,0.094,0.135,0.116,10.3,10.3,0.583,0.588,0.121,0.125,100.3,100.71,83.93,100.71,0.079,1912,1.7,2.9,Kevon Looney
203920,Khem,1610612753,ORL,25.0,42,14,28,0.333,578.4066666666666,68,126,0.54,0,0,0.0,42,61,0.689,70,110,180,34,21,15,21,8,56,54,178,11,532.0,3,0,464.0,1,2017-18,13.8,104.7,104.9,104.9,104.5,104.0,104.0,0.2,0.8,0.8,0.088,1.62,16.2,0.114,0.191,0.152,10.0,10.1,0.54,0.582,0.131,0.132,97.12,97.3,81.08,97.3,0.109,1173,1.6,3.0,Khem Birch
203114,Khris,1610612749,MIL,26.0,82,44,38,0.537,2981.965,593,1272,0.466,146,407,0.359,320,362,0.884,45,384,429,328,191,119,21,55,270,257,1652,97,2887.8,5,1,2835.0,1,2017-18,36.4,109.6,110.3,110.3,107.5,108.7,108.7,2.1,1.6,1.6,0.172,1.72,17.0,0.016,0.133,0.076,9.9,9.8,0.524,0.577,0.239,0.245,98.59,97.78,81.48,97.78,0.114,6074,7.2,15.5,Khris Middleton
202691,Klay,1610612744,GSW,28.0,73,55,18,0.753,2504.2166666666667,575,1177,0.489,229,520,0.44,82,98,0.837,31,246,277,185,128,55,34,29,117,124,1461,397,2209.9,2,0,2330.0,1,2017-18,34.3,113.5,112.6,112.6,103.7,105.6,105.6,9.8,7.1,7.1,0.108,1.45,12.1,0.014,0.089,0.055,8.3,8.3,0.586,0.599,0.232,0.237,101.91,101.38,84.48,101.38,0.103,5300,7.9,16.1,Klay Thompson
1628424,Kobi,1610612763,MEM,20.0,32,6,26,0.188,643.0933333333334,80,189,0.423,11,39,0.282,25,25,1.0,14,36,50,68,44,18,5,12,61,39,196,-213,383.0,0,0,371.0,1,2017-18,20.1,100.5,100.7,100.7,117.5,117.7,117.7,-17.0,-17.0,-17.0,0.157,1.55,21.8,0.021,0.062,0.04,14.1,14.1,0.452,0.49,0.163,0.168,98.06,97.89,81.57,97.89,0.046,1316,2.5,5.9,Kobi Simmons
201585,Kosta,1610612758,SAC,29.0,71,22,49,0.31,1391.065,222,389,0.571,0,0,0.0,33,74,0.446,149,323,472,87,49,47,32,23,146,95,477,-223,1361.9,6,0,1194.0,1,2017-18,19.6,98.8,98.8,98.8,107.1,106.8,106.8,-8.4,-8.0,-8.0,0.1,1.78,15.6,0.1,0.236,0.165,8.8,8.8,0.571,0.566,0.15,0.153,95.76,95.86,79.88,95.86,0.124,2777,3.1,5.5,Kosta Koufos
1627739,Kris,1610612741,CHI,24.0,52,19,33,0.365,1524.8333333333333,286,666,0.429,43,134,0.321,84,114,0.737,24,197,221,310,150,104,27,36,174,112,699,-276,1672.2,4,0,1535.0,1,2017-18,29.3,101.0,102.5,102.5,110.1,110.6,110.6,-9.1,-8.0,-8.0,0.319,2.07,26.3,0.015,0.131,0.071,12.7,12.8,0.462,0.488,0.245,0.247,101.42,100.45,83.71,100.45,0.095,3182,5.5,12.8,Kris Dunn
204001,Kristaps,1610612752,NYK,22.0,48,22,26,0.458,1553.1683333333333,390,889,0.439,90,228,0.395,218,275,0.793,62,254,316,57,93,36,115,43,141,285,1088,15,1912.7,5,0,1853.0,1,2017-18,32.4,105.5,107.1,107.1,105.4,106.7,106.7,0.1,0.4,0.4,0.063,0.61,4.9,0.039,0.154,0.098,8.0,8.0,0.489,0.539,0.305,0.311,99.1,97.78,81.49,97.78,0.125,3165,8.1,18.5,Kristaps Porziņģis
203937,Kyle,1610612759,SAS,24.0,74,41,33,0.554,1978.39,231,438,0.527,19,57,0.333,104,146,0.712,84,312,396,202,94,115,60,31,114,119,585,138,1794.2,6,0,1552.0,1,2017-18,26.7,106.0,105.3,105.3,101.4,102.0,102.0,4.6,3.3,3.3,0.146,2.15,25.3,0.043,0.158,0.1,11.8,11.8,0.549,0.582,0.133,0.136,96.74,96.75,80.62,96.75,0.111,3991,3.1,5.9,Kyle Anderson
1627858,Kyle,1610612742,DAL,26.0,32,9,23,0.281,479.5566666666667,38,99,0.384,4,17,0.235,21,40,0.525,32,75,107,56,24,17,9,13,44,32,101,-29,367.4,1,0,320.0,1,2017-18,15.0,105.4,105.3,105.3,107.8,107.4,107.4,-2.4,-2.1,-2.1,0.163,2.33,28.6,0.06,0.162,0.107,12.2,12.2,0.404,0.433,0.124,0.129,97.16,97.39,81.16,97.39,0.066,969,1.2,3.1,Kyle Collinsworth
2594,Kyle,1610612739,CLE,37.0,73,43,30,0.589,1573.871666666667,222,484,0.459,164,376,0.436,64,72,0.889,9,156,165,88,55,31,27,17,130,70,672,274,1121.0,0,0,1205.0,1,2017-18,21.6,111.7,112.3,112.3,104.2,104.5,104.5,7.5,7.8,7.8,0.079,1.6,13.6,0.006,0.093,0.052,8.5,8.4,0.628,0.652,0.154,0.16,101.22,100.8,84.0,100.8,0.083,3313,3.0,6.6,Kyle Korver
1628398,Kyle,1610612747,LAL,22.0,77,34,43,0.442,2400.905,468,1039,0.45,159,434,0.366,147,208,0.707,88,395,483,141,140,49,34,54,160,160,1242,-123,2142.1,17,0,2191.0,1,2017-18,31.2,104.4,105.3,105.3,106.4,107.5,107.5,-2.0,-2.2,-2.2,0.091,1.01,10.0,0.035,0.154,0.095,10.0,9.9,0.527,0.549,0.219,0.224,102.8,101.81,84.84,101.81,0.104,5088,6.1,13.5,Kyle Kuzma
200768,Kyle,1610612761,TOR,32.0,78,57,21,0.731,2509.6066666666666,403,944,0.427,238,596,0.399,223,261,0.854,66,368,434,537,183,85,19,42,192,306,1267,399,2722.3,23,3,2684.0,1,2017-18,32.2,111.6,113.1,113.1,104.1,105.5,105.5,7.5,7.6,7.6,0.307,2.93,30.3,0.026,0.142,0.085,10.3,10.3,0.553,0.598,0.211,0.215,100.74,99.37,82.81,99.37,0.136,5197,5.2,12.1,Kyle Lowry
203124,Kyle,1610612752,NYK,28.0,77,28,49,0.364,1386.595,224,384,0.583,4,17,0.235,98,127,0.772,121,349,470,158,100,36,98,37,192,112,550,-37,1653.0,8,0,1450.0,1,2017-18,18.0,105.8,105.6,105.6,107.3,106.8,106.8,-1.5,-1.1,-1.1,0.166,1.58,22.7,0.09,0.242,0.168,14.4,14.3,0.589,0.625,0.168,0.173,98.42,98.76,82.3,98.76,0.137,2851,2.9,5.0,Kyle O'Quinn
202713,Kyle,1610612760,OKC,30.0,12,5,7,0.417,58.845,7,21,0.333,2,5,0.4,7,13,0.538,1,9,10,2,3,1,0,2,4,8,23,-1,38.0,0,0,39.0,1,2017-18,4.9,94.8,93.4,93.4,98.0,92.7,92.7,-3.2,0.7,0.7,0.057,0.67,6.3,0.016,0.143,0.08,9.4,9.5,0.381,0.43,0.219,0.228,96.06,99.52,82.93,99.52,0.049,121,0.6,1.8,Kyle Singler
202681,Kyrie,1610612738,BOS,26.0,60,41,19,0.683,1931.425,534,1087,0.491,166,407,0.408,232,261,0.889,33,194,227,306,139,65,17,46,122,204,1466,257,2304.4,1,0,2329.0,1,2017-18,32.2,108.7,110.0,110.0,103.5,104.3,104.3,5.3,5.6,5.6,0.282,2.2,18.7,0.017,0.096,0.057,8.5,8.4,0.568,0.61,0.298,0.307,99.21,98.22,81.85,98.22,0.165,3968,8.9,18.1,Kyrie Irving
200746,LaMarcus,1610612759,SAS,32.0,75,45,30,0.6,2508.6183333333333,687,1347,0.51,27,92,0.293,334,399,0.837,246,389,635,152,111,43,90,44,161,342,1735,281,3013.0,27,0,2815.0,1,2017-18,33.4,107.8,108.7,108.7,102.1,103.3,103.3,5.7,5.4,5.4,0.111,1.37,8.6,0.098,0.156,0.127,6.3,6.2,0.52,0.57,0.288,0.294,95.64,94.67,78.89,94.67,0.159,4955,9.2,18.0,LaMarcus Aldridge
202362,Lance,1610612754,IND,27.0,82,48,34,0.585,1850.0283333333332,303,709,0.427,67,232,0.289,84,127,0.661,62,362,424,235,131,46,17,33,177,128,757,-107,1676.3,3,0,1609.0,1,2017-18,22.6,106.2,106.1,106.1,109.0,109.4,109.4,-2.8,-3.2,-3.2,0.186,1.79,20.8,0.033,0.203,0.115,11.6,11.6,0.475,0.495,0.208,0.215,97.94,97.8,81.5,97.8,0.097,3776,3.7,8.6,Lance Stephenson
202498,Lance,1610612752,NYK,30.0,73,25,48,0.342,1353.0583333333334,102,267,0.382,50,124,0.403,44,53,0.83,44,131,175,44,41,30,14,16,134,65,298,-181,665.0,0,0,655.0,1,2017-18,18.5,101.6,101.4,101.4,107.9,107.3,107.3,-6.3,-5.9,-5.9,0.044,1.07,11.7,0.033,0.098,0.065,10.9,10.9,0.476,0.513,0.106,0.109,98.06,98.37,81.98,98.37,0.037,2765,1.4,3.7,Lance Thomas
204038,Langston,1610612765,DET,26.0,58,28,30,0.483,863.445,126,340,0.371,75,218,0.344,33,41,0.805,13,79,92,58,18,35,5,8,39,39,360,76,659.4,0,0,665.0,1,2017-18,14.9,102.2,101.8,101.8,98.5,97.6,97.6,3.7,4.2,4.2,0.105,3.22,13.4,0.014,0.089,0.051,4.2,4.1,0.481,0.503,0.188,0.195,97.52,98.17,81.81,98.17,0.086,1767,2.2,5.9,Langston Galloway
203580,Larry,1610612740,NOP,28.0,10,6,4,0.6,70.04166666666667,7,24,0.292,3,9,0.333,0,0,0.0,3,0,3,10,3,0,0,0,6,2,17,-13,32.6,0,0,33.0,2,2017-18,7.0,105.2,100.7,100.7,113.1,109.8,109.8,-7.9,-9.1,-9.1,0.196,3.33,27.0,0.045,0.0,0.022,8.1,8.1,0.354,0.354,0.17,0.179,94.48,98.0,81.67,98.0,0.009,143,0.7,2.4,Larry Drew II
1626204,Larry,1610612739,CLE,25.0,66,32,34,0.485,1420.5183333333334,240,413,0.581,2,12,0.167,91,137,0.664,161,291,452,82,51,88,38,19,172,142,573,17,1565.4,11,0,1361.0,2,2017-18,21.5,104.7,104.9,104.9,103.2,103.9,103.9,1.5,1.0,1.0,0.085,1.61,13.5,0.107,0.199,0.152,8.4,8.4,0.584,0.605,0.155,0.158,101.48,101.03,84.19,101.03,0.128,2984,3.6,6.3,Larry Nance Jr.
1628374,Lauri,1610612741,CHI,21.0,68,23,45,0.338,2020.02,374,862,0.434,145,401,0.362,140,166,0.843,79,429,508,79,83,39,40,49,103,188,1033,-387,1915.1,14,0,1923.0,1,2017-18,29.7,100.3,101.5,101.5,110.2,110.5,110.5,-9.8,-9.0,-9.0,0.064,0.95,7.3,0.037,0.217,0.123,7.6,7.6,0.518,0.552,0.215,0.221,100.21,99.49,82.91,99.49,0.114,4183,5.5,12.7,Lauri Markkanen
2544,LeBron,1610612739,CLE,33.0,82,50,32,0.61,3025.588333333333,857,1580,0.542,149,406,0.367,388,531,0.731,97,612,709,747,347,116,71,68,136,439,2251,105,4436.3,52,18,4230.0,1,2017-18,36.9,112.7,113.7,113.7,110.9,112.1,112.1,1.7,1.6,1.6,0.432,2.15,25.8,0.033,0.201,0.119,12.0,11.9,0.59,0.621,0.31,0.316,100.1,99.12,82.6,99.12,0.191,6250,10.5,19.3,LeBron James
1628506,London,1610612739,CLE,23.0,14,8,6,0.571,65.52333333333333,2,13,0.154,0,3,0.0,3,5,0.6,1,3,4,5,1,2,1,1,6,2,7,-20,27.3,0,0,22.0,1,2017-18,4.7,107.0,106.0,106.0,124.1,122.0,122.0,-17.0,-16.0,-16.0,0.102,5.0,23.8,0.015,0.064,0.035,4.8,4.7,0.154,0.23,0.101,0.108,95.78,97.06,80.89,97.06,-0.008,133,0.1,0.9,London Perrantes
1628366,Lonzo,1610612747,LAL,20.0,52,24,28,0.462,1780.0566666666666,203,564,0.36,90,295,0.305,32,71,0.451,69,291,360,376,136,88,43,39,117,69,528,-19,1781.0,13,2,1616.0,1,2017-18,34.2,103.5,104.7,104.7,104.1,105.3,105.3,-0.6,-0.6,-0.6,0.288,2.76,34.0,0.036,0.153,0.095,12.3,12.3,0.44,0.444,0.169,0.172,104.22,102.97,85.81,102.97,0.098,3821,3.9,10.8,Lonzo Ball
203485,Lorenzo,1610612761,TOR,27.0,14,9,5,0.643,138.55,14,34,0.412,2,12,0.167,2,2,1.0,1,14,15,13,3,5,0,1,7,1,32,46,81.5,0,0,72.0,1,2017-18,9.9,106.0,105.1,105.1,88.9,90.7,90.7,17.1,14.3,14.3,0.125,4.33,25.5,0.008,0.097,0.056,5.9,5.9,0.441,0.459,0.123,0.128,95.28,94.75,78.96,94.75,0.076,277,1.0,2.4,Lorenzo Brown
101150,Lou,1610612746,LAC,31.0,79,42,37,0.532,2589.09,582,1337,0.435,186,518,0.359,432,491,0.88,40,158,198,417,234,85,19,82,106,364,1782,120,2723.1,7,0,2791.0,1,2017-18,32.8,110.6,111.8,111.8,110.0,110.2,110.2,0.6,1.6,1.6,0.254,1.78,19.0,0.015,0.059,0.038,10.7,10.6,0.505,0.574,0.285,0.292,102.43,101.77,84.81,101.77,0.127,5504,7.4,16.9,Lou Williams
201601,Luc,1610612745,HOU,31.0,61,52,9,0.852,1564.3466666666666,166,345,0.481,63,173,0.364,65,95,0.684,22,164,186,55,68,72,25,26,100,70,460,303,988.7,0,0,958.0,1,2017-18,25.6,111.8,111.4,111.4,101.2,101.7,101.7,10.6,9.7,9.7,0.052,0.81,10.8,0.015,0.102,0.06,13.4,13.3,0.572,0.595,0.128,0.131,98.95,98.83,82.36,98.83,0.067,3216,2.7,5.7,Luc Mbah a Moute
203512,Lucas,1610612761,TOR,25.0,49,36,13,0.735,417.84,49,80,0.613,5,19,0.263,19,28,0.679,18,69,87,22,16,23,43,4,49,27,122,88,441.4,0,0,368.0,1,2017-18,8.5,108.0,105.5,105.5,96.4,96.2,96.2,11.7,9.3,9.3,0.074,1.38,16.9,0.044,0.16,0.103,12.3,12.3,0.644,0.661,0.114,0.119,98.51,99.77,83.14,99.77,0.106,872,1.0,1.6,Lucas Nogueira
1626242,Luis,1610612765,DET,25.0,2,1,1,0.5,7.95,0,1,0.0,0,0,0.0,0,0,0.0,0,2,2,0,2,0,0,0,0,0,0,-5,0.4,0,0,2.0,1,2017-18,4.0,73.9,64.7,64.7,100.0,94.1,94.1,-26.1,-29.4,-29.4,0.0,0.0,0.0,0.0,0.222,0.111,66.7,66.7,0.0,0.0,0.167,0.189,93.22,102.64,85.53,102.64,-0.031,17,0.0,0.5,Luis Montero
202337,Luke,1610612748,MIA,29.0,50,15,35,0.3,714.7533333333333,91,215,0.423,60,156,0.385,17,22,0.773,7,89,96,31,19,8,7,8,54,18,259,-33,446.7,0,0,476.0,2,2017-18,14.3,106.0,105.6,105.6,108.7,108.3,108.3,-2.7,-2.7,-2.7,0.064,1.63,11.3,0.01,0.123,0.067,6.9,6.9,0.563,0.576,0.147,0.151,99.78,100.16,83.47,100.16,0.068,1495,1.8,4.3,Luke Babbitt
1628379,Luke,1610612765,DET,22.0,73,34,39,0.466,1462.7733333333333,206,465,0.443,81,195,0.415,65,76,0.855,21,155,176,124,69,44,13,19,86,67,558,120,1057.2,1,0,1053.0,1,2017-18,20.0,106.8,107.1,107.1,102.9,103.2,103.2,3.9,3.9,3.9,0.127,1.8,18.0,0.014,0.104,0.059,10.0,10.0,0.53,0.56,0.169,0.175,97.43,97.18,80.98,97.18,0.086,2964,2.8,6.4,Luke Kennard
1628436,Luke,1610612752,NYK,22.0,20,6,14,0.3,326.48833333333334,49,125,0.392,28,79,0.354,8,11,0.727,11,53,64,26,12,6,16,3,28,17,134,-71,303.8,1,0,296.0,1,2017-18,16.3,101.2,102.2,102.2,112.8,111.5,111.5,-11.6,-9.3,-9.3,0.114,2.17,15.6,0.032,0.158,0.094,7.2,7.1,0.504,0.516,0.189,0.192,100.16,100.19,83.49,100.19,0.083,678,2.5,6.3,Luke Kornet
2736,Luol,1610612747,LAL,33.0,1,0,1,0.0,13.133333333333333,1,2,0.5,0,0,0.0,0,0,0.0,0,0,0,1,1,1,0,0,0,0,2,-7,5.5,0,0,5.0,1,2017-18,13.1,83.7,89.7,89.7,110.4,110.0,110.0,-26.8,-20.3,-20.3,0.111,1.0,25.0,0.0,0.0,0.0,25.0,25.0,0.5,0.5,0.091,0.088,111.4,107.82,89.85,107.82,0.039,29,1.0,2.0,Luol Deng
1627781,Malachi,1610612761,TOR,22.0,26,8,18,0.308,323.315,30,90,0.333,12,40,0.3,17,22,0.773,5,29,34,13,10,10,1,7,27,18,89,-56,172.3,0,0,170.0,2,2017-18,12.4,99.9,100.2,100.2,110.5,108.0,108.0,-10.6,-7.8,-7.8,0.058,1.3,10.6,0.015,0.097,0.053,8.1,8.2,0.4,0.446,0.149,0.152,97.55,98.58,82.15,98.58,0.035,662,1.2,3.5,Malachi Richardson
1627763,Malcolm,1610612749,MIL,25.0,48,25,23,0.521,1436.0166666666669,244,503,0.485,62,161,0.385,75,85,0.882,23,133,156,152,66,41,13,40,128,72,625,-62,1136.2,1,0,1103.0,1,2017-18,29.9,107.1,107.1,107.1,107.5,109.2,109.2,-0.4,-2.1,-2.1,0.165,2.3,20.1,0.017,0.097,0.058,8.7,8.7,0.547,0.578,0.189,0.193,97.85,97.05,80.88,97.05,0.094,2903,5.1,10.5,Malcolm Brogdon
1627098,Malcolm,1610612737,ATL,29.0,54,16,38,0.296,1014.1666666666666,109,285,0.382,46,124,0.371,74,92,0.804,9,91,100,163,66,35,6,18,82,107,338,-104,759.5,0,0,729.0,1,2017-18,18.8,102.0,101.9,101.9,106.8,106.4,106.4,-4.7,-4.5,-4.5,0.244,2.47,29.4,0.009,0.09,0.049,11.9,11.9,0.463,0.519,0.166,0.17,99.55,99.77,83.14,99.77,0.081,2104,2.0,5.3,Malcolm Delaney
1626259,Malcolm,1610612761,TOR,25.0,15,15,0,1.0,125.75,13,28,0.464,8,21,0.381,4,4,1.0,4,11,15,3,5,1,2,0,10,3,38,7,64.5,0,0,70.0,1,2017-18,8.4,105.9,105.0,105.0,101.4,102.3,102.3,4.5,2.7,2.7,0.034,0.6,7.9,0.031,0.09,0.06,13.2,13.2,0.607,0.638,0.114,0.118,98.87,98.86,82.39,98.86,0.054,259,0.9,1.9,Malcolm Miller
1627736,Malik,1610612743,DEN,21.0,62,34,28,0.548,582.7316666666667,73,178,0.41,28,82,0.341,22,33,0.667,14,57,71,31,24,15,7,12,36,32,196,-27,369.7,0,0,370.0,1,2017-18,9.4,106.3,104.3,104.3,107.3,105.3,105.3,-1.1,-1.0,-1.0,0.077,1.29,12.6,0.023,0.095,0.058,9.8,9.7,0.489,0.509,0.151,0.159,100.98,102.96,85.8,102.96,0.06,1243,1.2,2.9,Malik Beasley
1628370,Malik,1610612766,CHA,20.0,63,26,37,0.413,853.505,153,425,0.36,83,243,0.342,32,38,0.842,8,58,66,91,49,20,9,13,60,46,421,-191,674.7,0,0,719.0,1,2017-18,13.5,100.6,100.8,100.8,112.7,112.6,112.6,-12.2,-11.8,-11.8,0.178,1.86,15.6,0.008,0.069,0.037,8.4,8.4,0.458,0.477,0.241,0.247,101.64,101.57,84.64,101.57,0.063,1816,2.4,6.7,Malik Monk
1628493,Mangok,1610612766,CHA,25.0,4,3,1,0.75,19.8,4,7,0.571,0,0,0.0,0,1,0.0,3,7,10,0,0,1,0,0,5,1,8,1,23.0,0,0,20.0,1,2017-18,5.0,93.0,95.3,95.3,96.7,95.2,95.2,-3.7,0.1,0.1,0.0,0.0,0.0,0.136,0.333,0.233,0.0,0.0,0.571,0.538,0.137,0.152,103.56,103.03,85.86,103.03,0.129,43,1.0,1.8,Mangok Mathiang
1938,Manu,1610612759,SAS,40.0,65,39,26,0.6,1298.9183333333333,201,463,0.434,64,192,0.333,110,131,0.84,19,123,142,163,105,43,16,25,126,140,576,72,1062.9,0,0,1063.0,1,2017-18,20.0,107.8,107.7,107.7,105.9,105.6,105.6,2.0,2.1,2.1,0.193,1.55,20.7,0.015,0.093,0.054,13.4,13.3,0.503,0.553,0.205,0.212,98.45,98.67,82.22,98.67,0.085,2678,3.1,7.1,Manu Ginobili
202705,MarShon,1610612763,MEM,29.0,7,2,5,0.286,192.58333333333331,51,102,0.5,19,32,0.594,20,23,0.87,8,13,21,25,16,11,3,4,6,17,141,10,229.7,0,0,234.0,1,2017-18,27.5,112.4,115.3,115.3,115.7,115.7,115.7,-3.4,-0.4,-0.4,0.205,1.56,16.4,0.039,0.077,0.056,10.5,10.4,0.593,0.629,0.271,0.281,99.26,97.95,81.63,97.95,0.147,398,7.3,14.6,MarShon Brooks
201188,Marc,1610612763,MEM,33.0,73,21,52,0.288,2408.335,434,1033,0.42,109,320,0.341,281,337,0.834,78,514,592,305,194,54,101,45,185,346,1258,-313,2696.9,25,1,2574.0,1,2017-18,33.0,101.7,102.7,102.7,108.2,109.7,109.7,-6.5,-6.9,-6.9,0.225,1.57,18.3,0.033,0.225,0.127,11.6,11.5,0.473,0.532,0.255,0.261,96.18,95.03,79.19,95.03,0.14,4776,5.9,14.2,Marc Gasol
101162,Marcin,1610612764,WAS,34.0,82,43,39,0.524,2074.495,290,560,0.518,0,0,0.0,110,163,0.675,181,442,623,151,99,40,61,53,175,185,690,107,1868.1,15,0,1666.0,1,2017-18,25.3,106.9,107.4,107.4,105.0,105.3,105.3,1.9,2.1,2.1,0.103,1.53,17.1,0.089,0.213,0.151,11.2,11.2,0.518,0.546,0.153,0.156,98.37,98.0,81.67,98.0,0.104,4243,3.5,6.8,Marcin Gortat
201158,Marco,1610612755,PHI,32.0,80,39,41,0.488,1946.7316666666663,337,764,0.441,149,395,0.377,148,163,0.908,20,131,151,148,94,66,12,21,91,150,971,-28,1514.2,0,0,1575.0,2,2017-18,24.3,105.3,105.4,105.4,107.2,106.8,106.8,-1.9,-1.4,-1.4,0.115,1.57,13.8,0.01,0.066,0.038,8.8,8.7,0.539,0.581,0.197,0.204,100.88,101.06,84.21,101.06,0.093,4112,4.2,9.6,Marco Belinelli
1627875,Marcus,1610612750,MIN,24.0,42,24,18,0.571,224.36166666666668,21,48,0.438,4,15,0.267,13,21,0.619,7,9,16,7,3,6,0,2,32,17,59,-34,103.7,0,0,98.0,1,2017-18,5.3,108.6,105.5,105.5,112.5,109.9,109.9,-3.9,-4.4,-4.4,0.045,2.33,10.4,0.03,0.043,0.036,4.5,4.5,0.479,0.515,0.111,0.118,99.84,102.48,85.4,102.48,0.017,473,0.5,1.1,Marcus Georges-Hunt
202694,Marcus,1610612738,BOS,28.0,54,34,20,0.63,1442.055,262,611,0.429,86,234,0.368,124,154,0.805,43,246,289,72,65,35,12,23,100,127,734,21,1264.8,2,0,1275.0,1,2017-18,26.7,104.7,106.0,106.0,104.8,105.3,105.3,-0.1,0.7,0.7,0.082,1.11,8.9,0.029,0.166,0.097,8.0,8.0,0.499,0.541,0.222,0.227,99.31,98.49,82.08,98.49,0.106,2959,4.9,11.3,Marcus Morris Sr.
1627779,Marcus,1610612766,CHA,24.0,5,4,1,0.8,28.016666666666666,4,14,0.286,2,8,0.25,2,2,1.0,0,4,4,3,0,0,0,1,0,1,12,8,21.3,0,0,21.0,1,2017-18,5.6,120.7,121.1,121.1,110.9,105.2,105.2,9.8,15.9,15.9,0.143,0.0,16.7,0.0,0.167,0.073,0.0,0.0,0.357,0.403,0.224,0.228,96.08,98.51,82.09,98.51,0.077,57,0.8,2.8,Marcus Paige
203935,Marcus,1610612738,BOS,24.0,54,38,16,0.704,1613.5883333333334,189,515,0.367,75,249,0.301,97,133,0.729,43,145,188,259,129,71,23,18,133,152,550,213,1317.1,0,0,1260.0,1,2017-18,29.9,105.9,105.8,105.8,99.4,99.6,99.6,6.5,6.2,6.2,0.234,2.01,26.9,0.026,0.085,0.056,13.4,13.4,0.44,0.479,0.187,0.192,99.13,99.07,82.56,99.07,0.075,3334,3.5,9.5,Marcus Smart
201596,Mario,1610612763,MEM,32.0,66,21,45,0.318,1421.3516666666667,168,443,0.379,53,191,0.277,118,138,0.855,13,144,157,197,117,79,14,32,179,169,507,-60,1152.9,1,0,1100.0,1,2017-18,21.5,101.9,102.3,102.3,105.3,104.8,104.8,-3.4,-2.5,-2.5,0.214,1.68,24.1,0.009,0.104,0.055,14.3,14.3,0.439,0.503,0.186,0.191,99.59,99.62,83.02,99.62,0.072,2956,2.5,6.7,Mario Chalmers
1626209,Mario,1610612753,ORL,23.0,75,21,54,0.28,1657.0433333333333,273,617,0.442,90,267,0.337,86,105,0.819,41,240,281,106,86,81,31,33,134,91,722,-203,1468.2,2,0,1423.0,1,2017-18,22.1,102.4,103.6,103.6,109.5,109.6,109.6,-7.1,-6.0,-6.0,0.101,1.23,12.4,0.024,0.144,0.084,10.1,10.1,0.515,0.544,0.197,0.2,99.32,98.69,82.24,98.69,0.094,3407,3.6,8.2,Mario Hezonja
203900,Markel,1610612745,HOU,26.0,4,4,0,1.0,31.48333333333333,2,7,0.286,1,5,0.2,0,0,0.0,1,4,5,2,2,0,0,0,6,1,5,-17,12.0,0,0,13.0,1,2017-18,7.9,94.1,93.7,93.7,121.9,118.8,118.8,-27.8,-25.1,-25.1,0.105,1.0,18.2,0.029,0.108,0.07,18.2,18.2,0.357,0.357,0.132,0.137,95.35,96.81,80.68,96.81,-0.013,63,0.5,1.8,Markel Brown
1628365,Markelle,1610612755,PHI,20.0,14,11,3,0.786,252.98166666666663,45,111,0.405,0,1,0.0,10,21,0.476,11,32,43,53,17,12,4,18,22,20,100,20,262.1,1,1,228.0,1,2017-18,18.1,102.6,100.9,100.9,96.9,96.1,96.1,5.7,4.8,4.8,0.294,3.12,27.7,0.039,0.105,0.074,8.9,8.9,0.405,0.416,0.218,0.226,105.97,107.3,89.41,107.3,0.094,562,3.2,7.9,Markelle Fultz
202693,Markieff,1610612764,WAS,28.0,73,37,36,0.507,1967.753333333333,330,687,0.48,76,207,0.367,105,128,0.82,75,334,409,142,127,56,38,32,216,121,841,27,1699.8,5,0,1656.0,1,2017-18,27.0,107.0,108.4,108.4,106.9,107.7,107.7,0.1,0.7,0.7,0.107,1.12,14.0,0.04,0.173,0.107,12.6,12.5,0.536,0.566,0.194,0.197,98.06,97.12,80.93,97.12,0.092,3981,4.5,9.4,Markieff Morris
1627737,Marquese,1610612756,PHX,20.0,72,19,53,0.264,1526.9,202,477,0.423,56,190,0.295,96,158,0.608,76,319,395,83,107,51,70,42,205,131,556,-298,1410.5,5,0,1332.0,1,2017-18,21.2,100.5,100.8,100.8,109.9,109.2,109.2,-9.4,-8.4,-8.4,0.081,0.78,11.2,0.046,0.2,0.121,14.5,14.5,0.482,0.509,0.176,0.18,102.74,102.86,85.72,102.86,0.075,3261,2.8,6.6,Marquese Chriss
203104,Marquis,1610612763,MEM,25.0,3,0,3,0.0,73.78333333333333,4,16,0.25,1,4,0.25,2,5,0.4,1,5,6,13,3,4,0,0,5,5,11,-24,46.7,0,0,39.0,1,2017-18,24.6,95.5,98.0,98.0,114.7,117.7,117.7,-19.2,-19.7,-19.7,0.241,4.33,38.2,0.012,0.072,0.04,8.8,8.8,0.281,0.302,0.121,0.125,99.81,97.26,81.05,97.26,0.039,152,1.3,5.3,Marquis Teague
201578,Marreese,1610612753,ORL,30.0,52,15,37,0.288,675.0333333333333,138,349,0.395,86,233,0.369,40,55,0.727,21,112,133,40,40,8,22,9,106,76,402,25,671.6,1,0,721.0,1,2017-18,13.0,104.5,104.9,104.9,104.1,103.4,103.4,0.5,1.6,1.6,0.104,1.0,8.8,0.03,0.152,0.093,8.8,8.8,0.519,0.539,0.265,0.271,99.37,99.52,82.93,99.52,0.089,1401,2.7,6.7,Marreese Speights
1627850,Marshall,1610612749,MIL,25.0,8,5,3,0.625,51.75333333333333,1,3,0.333,0,0,0.0,12,16,0.75,4,13,17,2,3,0,1,2,10,10,14,-1,37.4,0,0,35.0,1,2017-18,6.5,91.1,91.1,91.1,90.2,89.6,89.6,0.9,1.5,1.5,0.063,0.67,12.5,0.074,0.245,0.159,18.8,19.9,0.333,0.697,0.111,0.108,104.9,105.27,87.72,105.27,0.083,112,0.1,0.4,Marshall Plumlee
101107,Marvin,1610612766,CHA,32.0,78,33,45,0.423,2005.8516666666667,258,563,0.458,126,305,0.413,102,123,0.829,74,296,370,96,66,56,38,23,116,102,744,69,1548.0,3,0,1524.0,1,2017-18,25.7,108.0,108.7,108.7,105.5,107.1,107.1,2.4,1.6,1.6,0.069,1.45,12.4,0.036,0.14,0.089,8.5,8.5,0.57,0.603,0.145,0.147,101.14,100.05,83.38,100.05,0.093,4182,3.3,7.2,Marvin Williams
203486,Mason,1610612743,DEN,28.0,74,40,34,0.541,1439.45,221,368,0.601,0,1,0.0,82,179,0.458,132,268,400,142,102,49,81,27,184,159,524,-51,1505.0,3,0,1326.0,1,2017-18,19.5,107.1,107.5,107.5,108.8,108.2,108.2,-1.7,-0.7,-0.7,0.145,1.39,20.6,0.092,0.182,0.138,14.8,14.8,0.601,0.586,0.161,0.166,99.89,99.99,83.32,99.99,0.098,2984,3.0,5.0,Mason Plumlee
1627856,Matt,1610612759,SAS,24.0,4,2,2,0.5,32.2,2,4,0.5,0,0,0.0,0,0,0.0,1,8,9,2,1,2,2,0,7,1,4,15,28.8,0,0,23.0,1,2017-18,8.1,127.8,126.6,126.6,103.4,100.0,100.0,24.3,26.6,26.6,0.071,2.0,28.6,0.04,0.276,0.167,14.3,14.3,0.5,0.5,0.071,0.073,94.81,96.89,80.75,96.89,0.057,64,0.5,1.0,Matt Costello
1628475,Matt,1610612748,MIA,24.0,3,1,2,0.333,11.4,2,6,0.333,1,5,0.2,0,0,0.0,0,1,1,0,1,0,0,0,1,0,5,16,5.2,0,0,7.0,1,2017-18,3.8,131.3,120.8,120.8,56.3,54.2,54.2,75.0,66.7,66.7,0.0,0.0,0.0,0.0,0.083,0.05,14.3,14.3,0.417,0.417,0.28,0.303,95.07,101.05,84.21,101.05,0.0,24,0.7,2.0,Matt Williams Jr.
203521,Matthew,1610612749,MIL,27.0,38,21,17,0.553,712.495,55,152,0.362,29,78,0.372,25,27,0.926,14,50,64,145,49,14,0,6,67,36,164,-79,451.3,0,0,430.0,1,2017-18,18.7,105.7,104.2,104.2,109.2,109.7,109.7,-3.5,-5.5,-5.5,0.296,2.96,40.8,0.021,0.075,0.047,13.8,13.7,0.457,0.5,0.134,0.139,96.48,97.01,80.84,97.01,0.061,1440,1.4,4.0,Matthew Dellavedova
203090,Maurice,1610612757,POR,25.0,59,36,23,0.61,1263.77,147,297,0.495,49,118,0.415,42,59,0.712,46,116,162,53,40,48,43,17,103,51,385,7,891.9,0,0,831.0,1,2017-18,21.4,104.8,105.3,105.3,104.9,105.5,105.5,-0.1,-0.2,-0.2,0.061,1.33,12.7,0.036,0.09,0.063,9.6,9.6,0.577,0.596,0.123,0.126,99.2,98.71,82.26,98.71,0.072,2605,2.5,5.0,Maurice Harkless
1628467,Maxi,1610612742,DAL,26.0,72,20,52,0.278,1206.1083333333331,151,309,0.489,40,128,0.313,44,59,0.746,71,163,234,51,30,26,47,15,114,64,386,-131,932.3,1,0,857.0,1,2017-18,16.8,101.5,101.8,101.8,105.3,105.3,105.3,-3.8,-3.6,-3.6,0.066,1.7,12.3,0.055,0.137,0.095,7.2,7.2,0.553,0.576,0.135,0.138,97.9,97.78,81.49,97.78,0.08,2436,2.1,4.3,Maxi Kleber
203086,Meyers,1610612757,POR,26.0,33,17,16,0.515,253.63666666666663,46,78,0.59,11,26,0.423,9,11,0.818,12,58,70,17,10,7,0,0,36,17,112,-35,232.5,0,0,224.0,1,2017-18,7.7,104.5,103.3,103.3,114.4,112.1,112.1,-9.8,-8.8,-8.8,0.11,1.7,15.6,0.047,0.251,0.144,9.2,9.1,0.66,0.676,0.155,0.163,99.24,100.77,83.98,100.77,0.12,538,1.4,2.4,Meyers Leonard
201563,Michael,1610612752,NYK,29.0,74,24,50,0.324,1653.4416666666666,409,807,0.507,34,86,0.395,124,159,0.78,97,317,414,123,143,36,43,41,145,132,976,-138,1751.3,10,0,1705.0,1,2017-18,22.3,105.3,106.6,106.6,110.8,110.6,110.6,-5.5,-4.0,-4.0,0.122,0.86,10.8,0.057,0.191,0.123,12.6,12.5,0.528,0.556,0.261,0.266,99.47,98.96,82.47,98.96,0.122,3409,5.5,10.9,Michael Beasley
203487,Michael,1610612766,CHA,26.0,52,23,29,0.442,834.7433333333333,76,229,0.332,14,59,0.237,73,89,0.82,37,101,138,116,52,44,23,10,99,106,239,-61,727.6,0,0,641.0,1,2017-18,16.1,103.9,103.5,103.5,107.1,106.9,106.9,-3.2,-3.5,-3.5,0.214,2.23,26.4,0.04,0.131,0.081,11.8,11.9,0.362,0.446,0.166,0.169,97.49,97.75,81.46,97.75,0.07,1699,1.5,4.4,Michael Carter-Williams
203077,Michael,1610612766,CHA,24.0,74,34,40,0.459,1850.2883333333332,282,560,0.504,0,2,0.0,117,171,0.684,84,218,302,71,53,51,32,52,143,141,681,51,1345.9,2,0,1220.0,1,2017-18,25.0,108.1,109.0,109.0,105.8,107.2,107.2,2.3,1.8,1.8,0.057,1.34,9.3,0.044,0.115,0.079,7.0,7.0,0.504,0.536,0.159,0.161,101.05,99.95,83.3,99.95,0.074,3844,3.8,7.6,Michael Kidd-Gilchrist
201144,Mike,1610612763,MEM,30.0,12,7,5,0.583,373.2383333333333,64,168,0.381,24,77,0.312,53,66,0.803,0,27,27,49,18,12,3,8,24,58,205,-17,337.9,0,0,335.0,1,2017-18,31.1,103.2,102.6,102.6,103.1,105.1,105.1,0.1,-2.6,-2.6,0.234,2.72,18.8,0.0,0.07,0.036,6.9,6.8,0.452,0.52,0.26,0.271,96.32,95.68,79.73,95.68,0.109,745,5.3,14.0,Mike Conley
1628455,Mike,1610612740,NOP,27.0,36,11,25,0.306,686.4883333333333,123,321,0.383,26,98,0.265,64,84,0.762,13,77,90,126,49,28,7,22,48,66,336,-41,689.0,0,0,648.0,2,2017-18,19.1,104.4,103.5,103.5,107.1,106.1,106.1,-2.7,-2.6,-2.6,0.279,2.57,23.6,0.017,0.104,0.06,9.2,9.2,0.424,0.469,0.237,0.244,104.94,105.83,88.19,105.83,0.1,1513,3.4,8.9,Mike James
203488,Mike,1610612737,ATL,26.0,53,14,39,0.264,1060.0866666666666,143,312,0.458,62,167,0.371,57,62,0.919,56,174,230,51,42,31,27,9,80,61,405,-77,889.5,2,0,864.0,1,2017-18,20.0,103.2,103.5,103.5,108.1,107.9,107.9,-4.9,-4.4,-4.4,0.074,1.21,11.8,0.049,0.152,0.1,9.7,9.7,0.558,0.597,0.149,0.154,102.53,102.51,85.43,102.51,0.096,2275,2.7,5.9,Mike Muscala
203118,Mike,1610612764,WAS,29.0,76,39,37,0.513,1406.315,276,524,0.527,66,163,0.405,50,76,0.658,50,197,247,80,79,23,10,16,148,77,668,-82,1104.4,0,0,1127.0,1,2017-18,18.5,106.4,105.6,105.6,107.2,107.6,107.6,-0.8,-2.0,-2.0,0.093,1.01,11.2,0.036,0.141,0.088,11.1,11.0,0.59,0.599,0.194,0.201,98.92,99.15,82.63,99.15,0.096,2894,3.6,6.9,Mike Scott
203101,Miles,1610612737,ATL,29.0,55,19,36,0.345,917.6316666666668,105,180,0.583,0,0,0.0,27,60,0.45,77,151,228,45,63,17,30,13,79,48,237,-157,656.1,1,0,604.0,1,2017-18,16.7,99.7,99.1,99.1,106.6,106.4,106.4,-6.9,-7.3,-7.3,0.074,0.71,14.2,0.082,0.16,0.121,19.9,20.0,0.583,0.574,0.127,0.129,100.29,100.64,83.87,100.64,0.071,1916,1.9,3.3,Miles Plumlee
1628462,Milos,1610612746,LAC,31.0,45,29,16,0.644,1134.055,151,360,0.419,88,232,0.379,39,46,0.848,16,110,126,209,97,23,5,9,103,65,429,87,880.7,0,0,908.0,1,2017-18,25.2,109.2,109.8,109.8,107.0,107.4,107.4,2.2,2.4,2.4,0.252,2.15,30.4,0.014,0.09,0.054,14.1,14.1,0.542,0.564,0.178,0.181,102.21,101.75,84.79,101.75,0.079,2418,3.4,8.0,Milos Teodosic
1628495,Milton,1610612751,BKN,24.0,10,2,8,0.2,124.51666666666668,13,47,0.277,4,23,0.174,4,8,0.5,3,15,18,10,2,6,2,5,13,8,34,-12,92.6,0,0,82.0,1,2017-18,12.5,99.1,96.6,96.6,102.5,101.9,101.9,-3.4,-5.3,-5.3,0.122,5.0,16.1,0.021,0.125,0.069,3.2,3.2,0.319,0.337,0.173,0.185,100.59,102.15,85.13,102.15,0.03,266,1.3,4.7,Milton Doyle
1627851,Mindaugas,1610612752,NYK,28.0,1,0,1,0.0,1.85,0,2,0.0,0,0,0.0,0,0,0.0,0,0,0,0,0,0,0,1,0,0,0,0,0.0,0,0,0.0,1,2017-18,1.9,0.0,0.0,0.0,0.0,0.0,0.0,0.0,0.0,0.0,0.0,0.0,0.0,0.0,0.0,0.0,0.0,0.0,0.0,0.0,0.5,0.5,90.81,116.76,97.3,116.76,-4.0,4,0.0,2.0,Mindaugas Kuzminskas
203141,Mirza,1610612749,MIL,32.0,10,4,6,0.4,159.16333333333333,25,57,0.439,21,45,0.467,0,0,0.0,3,20,23,10,7,4,1,1,14,4,71,-33,121.6,0,0,135.0,1,2017-18,15.9,97.6,98.2,98.2,108.9,108.6,108.6,-11.3,-10.4,-10.4,0.103,1.43,13.5,0.021,0.128,0.077,9.5,9.5,0.623,0.623,0.183,0.187,98.59,98.46,82.05,98.46,0.097,327,2.5,5.7,Mirza Teletovic
1628420,Monte,1610612743,DEN,23.0,3,2,1,0.667,25.285,4,6,0.667,0,1,0.0,2,2,1.0,0,2,2,7,1,3,0,0,1,2,10,-7,30.9,0,0,25.0,1,2017-18,8.4,102.8,100.0,100.0,112.6,114.8,114.8,-9.9,-14.8,-14.8,0.368,7.0,46.7,0.0,0.08,0.041,6.7,6.7,0.667,0.727,0.136,0.139,103.04,103.46,86.22,103.46,0.167,55,1.3,2.0,Monte Morris
1626149,Montrezl,1610612746,LAC,24.0,76,39,37,0.513,1293.175,348,548,0.635,1,7,0.143,139,222,0.626,103,203,306,74,68,36,52,41,143,185,836,53,1510.2,0,0,1393.0,1,2017-18,17.0,109.7,109.1,109.1,107.4,107.0,107.0,2.3,2.1,2.1,0.093,1.09,9.5,0.081,0.146,0.115,8.7,8.6,0.636,0.647,0.227,0.237,101.86,102.39,85.32,102.39,0.144,2756,4.6,7.2,Montrezl Harrell
1627988,Myke,1610612763,MEM,25.0,20,3,17,0.15,378.07666666666665,41,109,0.376,19,58,0.328,6,10,0.6,10,28,38,22,19,31,6,7,28,9,107,-30,277.6,0,0,260.0,1,2017-18,18.9,105.1,105.6,105.6,110.7,109.7,109.7,-5.6,-4.1,-4.1,0.083,1.16,14.3,0.026,0.081,0.052,12.3,12.3,0.463,0.472,0.148,0.152,98.99,99.15,82.63,99.15,0.053,782,2.1,5.5,Myke Henry
1626167,Myles,1610612754,IND,22.0,65,39,26,0.6,1836.155,306,639,0.479,56,157,0.357,160,206,0.777,93,324,417,87,96,38,118,26,186,188,828,114,1830.9,11,0,1700.0,1,2017-18,28.2,108.0,108.3,108.3,104.8,105.3,105.3,3.2,3.0,3.0,0.071,0.91,9.5,0.052,0.174,0.114,10.5,10.5,0.523,0.567,0.199,0.202,98.11,97.74,81.45,97.74,0.1,3739,4.7,9.8,Myles Turner
203489,Nate,1610612762,UTA,27.0,5,3,2,0.6,18.78333333333333,1,6,0.167,0,0,0.0,0,0,0.0,1,1,2,1,0,0,0,1,1,1,2,3,5.9,0,0,5.0,1,2017-18,3.8,110.2,105.4,105.4,106.6,105.9,105.9,3.5,-0.5,-0.5,0.077,0.0,14.3,0.045,0.056,0.05,0.0,0.0,0.167,0.167,0.125,0.138,88.37,90.72,75.6,90.72,-0.026,37,0.2,1.2,Nate Wolters
1628513,Naz,1610612762,UTA,24.0,1,0,1,0.0,0.5166666666666667,1,1,1.0,1,1,1.0,0,0,0.0,0,0,0,0,0,0,0,0,0,0,3,5,3.0,0,0,4.0,1,2017-18,0.5,266.0,250.0,250.0,0.0,0.0,0.0,266.0,250.0,250.0,0.0,0.0,0.0,0.0,0.0,0.0,0.0,0.0,1.5,1.5,0.5,0.532,133.78,139.35,116.13,139.35,0.6,2,1.0,1.0,Naz Mitrou-Long
202357,Nemanja,1610612750,MIN,30.0,67,38,29,0.567,1370.9583333333333,171,371,0.461,76,183,0.415,36,45,0.8,53,221,274,86,52,50,16,21,141,49,454,7,1057.8,1,0,1022.0,1,2017-18,20.5,108.4,107.8,107.8,108.0,107.8,107.8,0.4,0.0,0.0,0.088,1.65,16.2,0.039,0.164,0.101,9.8,9.8,0.563,0.581,0.139,0.143,99.07,99.42,82.85,99.42,0.082,2843,2.6,5.5,Nemanja Bjelica
2403,ene,1610612745,HOU,35.0,52,42,10,0.808,758.4066666666666,136,239,0.569,0,2,0.0,68,107,0.636,54,122,176,45,38,28,14,23,123,81,340,264,706.7,0,0,645.0,1,2017-18,14.6,115.5,115.2,115.2,98.4,98.1,98.1,17.1,17.1,17.1,0.093,1.18,12.3,0.074,0.156,0.116,10.4,10.3,0.569,0.594,0.183,0.188,101.77,102.06,85.05,102.06,0.092,1607,2.6,4.6,Nene
203457,Nerlens,1610612742,DAL,24.0,30,6,24,0.2,471.64,55,105,0.524,0,1,0.0,21,28,0.75,48,120,168,20,26,31,22,9,59,41,131,-119,495.6,2,0,425.0,1,2017-18,15.7,95.1,93.8,93.8,106.6,106.1,106.1,-11.6,-12.3,-12.3,0.07,0.77,12.3,0.092,0.273,0.174,16.0,15.9,0.524,0.558,0.131,0.136,98.31,99.28,82.73,99.28,0.115,976,1.8,3.5,Nerlens Noel
2555,Nick,1610612760,OKC,37.0,15,9,6,0.6,74.80666666666667,13,19,0.684,0,0,0.0,5,13,0.385,7,13,20,4,7,0,0,0,7,10,31,-5,54.0,0,0,55.0,1,2017-18,5.0,98.5,97.4,97.4,101.7,100.6,100.6,-3.2,-3.2,-3.2,0.087,0.57,11.1,0.086,0.176,0.129,19.4,19.6,0.684,0.627,0.181,0.188,99.05,100.1,83.42,100.1,0.09,156,0.9,1.3,Nick Collison
201156,Nick,1610612744,GSW,33.0,80,56,24,0.7,1393.1716666666666,201,488,0.412,123,326,0.377,56,65,0.862,20,105,125,36,39,38,7,9,100,70,581,42,881.0,0,0,955.0,1,2017-18,17.4,108.5,106.8,106.8,105.3,106.0,106.0,3.1,0.8,0.8,0.038,0.92,6.1,0.015,0.071,0.044,6.6,6.6,0.538,0.562,0.169,0.176,100.99,101.41,84.51,101.41,0.061,2952,2.5,6.1,Nick Young
201587,Nicolas,1610612766,CHA,29.0,64,27,37,0.422,1980.8233333333333,270,650,0.415,92,274,0.336,108,130,0.831,57,249,306,349,131,65,23,12,72,116,740,7,1763.7,7,2,1663.0,1,2017-18,31.0,107.7,109.2,109.2,107.7,109.6,109.6,0.0,-0.4,-0.4,0.255,2.66,29.6,0.028,0.124,0.075,11.1,11.0,0.486,0.523,0.178,0.182,101.62,100.07,83.39,100.07,0.104,4140,4.2,10.2,Nicolas Batum
1627852,Nicolas,1610612737,ATL,25.0,4,0,4,0.0,9.91,0,2,0.0,0,2,0.0,0,0,0.0,0,3,3,0,0,0,0,0,0,0,0,17,3.6,0,0,3.0,1,2017-18,2.5,114.3,125.0,125.0,40.5,36.4,36.4,73.8,88.6,88.6,0.0,0.0,0.0,0.0,0.2,0.12,0.0,0.0,0.0,0.0,0.083,0.087,100.84,101.72,84.76,101.72,0.041,20,0.0,0.5,Nicolas Brussino
1628502,Nigel,1610612758,SAC,23.0,9,6,3,0.667,122.17166666666668,11,33,0.333,4,16,0.25,1,3,0.333,4,18,22,6,2,2,3,0,8,3,27,9,75.4,0,0,69.0,3,2017-18,13.6,98.0,99.6,99.6,94.9,95.7,95.7,3.1,3.8,3.8,0.077,3.0,14.3,0.03,0.145,0.086,4.8,4.7,0.394,0.393,0.131,0.138,93.47,92.33,76.94,92.33,0.061,235,1.2,3.7,Nigel Hayes-Davis
203917,Nik,1610612751,BKN,24.0,41,14,27,0.341,523.3,60,154,0.39,40,100,0.4,21,29,0.724,4,60,64,39,26,9,4,5,24,25,181,-57,329.3,0,0,350.0,2,2017-18,12.8,100.0,99.7,99.7,105.9,104.3,104.3,-6.0,-4.6,-4.6,0.115,1.5,16.9,0.007,0.107,0.057,11.3,11.2,0.519,0.543,0.159,0.164,99.05,99.94,83.28,99.94,0.072,1086,1.5,3.8,Nik Stauskas
203999,Nikola,1610612743,DEN,23.0,75,43,32,0.573,2442.505,504,1010,0.499,111,280,0.396,266,313,0.85,195,608,803,458,210,90,61,44,212,381,1385,352,3278.6,38,10,3059.0,1,2017-18,32.6,112.6,114.0,114.0,108.0,107.8,107.8,4.6,6.2,6.2,0.286,2.18,25.3,0.081,0.254,0.168,11.6,11.6,0.554,0.603,0.238,0.242,98.04,97.52,81.27,97.52,0.169,4983,6.7,13.5,Nikola Jokić
202703,Nikola,1610612740,NOP,27.0,55,34,21,0.618,1493.98,306,684,0.447,135,358,0.377,112,137,0.818,59,346,405,80,62,44,39,23,108,135,859,149,1652.0,12,0,1645.0,2,2017-18,27.2,109.6,109.6,109.6,105.1,105.4,105.4,4.5,4.2,4.2,0.079,1.29,9.0,0.038,0.213,0.127,7.0,7.0,0.546,0.577,0.223,0.23,103.2,103.04,85.86,103.04,0.13,3214,5.6,12.4,Nikola Mirotic
202696,Nikola,1610612753,ORL,27.0,57,17,40,0.298,1683.128333333333,399,840,0.475,64,204,0.314,77,94,0.819,101,422,523,191,109,56,62,30,144,101,939,-34,2098.1,29,1,1953.0,1,2017-18,29.5,105.2,106.1,106.1,106.5,107.5,107.5,-1.3,-1.3,-1.3,0.184,1.75,16.2,0.059,0.249,0.153,9.2,9.2,0.513,0.533,0.252,0.256,102.38,101.48,84.57,101.48,0.139,3565,7.0,14.7,Nikola Vučević
203943,Noah,1610612741,CHI,22.0,54,24,30,0.444,875.6633333333333,104,234,0.444,20,66,0.303,36,58,0.621,70,241,311,34,31,19,17,17,68,59,264,-39,765.2,3,0,701.0,2,2017-18,16.2,100.9,102.5,102.5,104.7,104.6,104.6,-3.8,-2.1,-2.1,0.059,1.1,10.5,0.074,0.265,0.167,9.5,9.6,0.487,0.509,0.142,0.145,99.08,98.37,81.97,98.37,0.108,1794,1.9,4.3,Noah Vonleh
1626181,Norman,1610612761,TOR,25.0,70,51,19,0.729,1061.5366666666666,150,374,0.401,53,186,0.285,32,39,0.821,14,105,119,89,66,37,16,22,111,52,385,-18,754.3,0,0,752.0,1,2017-18,15.2,105.5,104.8,104.8,105.9,106.7,106.7,-0.4,-1.9,-1.9,0.122,1.35,16.4,0.013,0.1,0.056,12.1,12.1,0.472,0.492,0.185,0.192,99.41,99.41,82.84,99.41,0.056,2210,2.1,5.3,Norman Powell
1628384,OG,1610612761,TOR,20.0,74,51,23,0.689,1481.4616666666666,163,346,0.471,73,197,0.371,39,62,0.629,44,140,184,55,45,52,14,23,130,55,438,294,894.3,0,0,882.0,1,2017-18,20.0,112.4,113.0,113.0,102.2,103.0,103.0,10.2,10.0,10.0,0.049,1.22,11.7,0.03,0.09,0.061,9.5,9.5,0.577,0.587,0.121,0.124,100.23,99.62,83.01,99.62,0.056,3068,2.2,4.7,OG Anunoby
1627855,Okaro,1610612739,CLE,25.0,6,2,4,0.333,79.56333333333333,7,16,0.438,4,11,0.364,2,3,0.667,3,8,11,2,1,1,1,1,6,6,20,-1,41.2,0,0,41.0,1,2017-18,13.3,102.5,101.2,101.2,103.0,100.6,100.6,-0.5,0.6,0.6,0.034,2.0,10.0,0.041,0.099,0.071,5.0,4.9,0.563,0.577,0.101,0.105,98.32,100.15,83.46,100.15,0.057,165,1.2,2.7,Okaro White
204179,Omari,1610612763,MEM,29.0,4,1,3,0.25,75.1,9,21,0.429,4,12,0.333,0,0,0.0,4,7,11,7,3,2,0,1,6,0,22,10,48.7,0,0,48.0,1,2017-18,18.8,123.2,126.5,126.5,119.0,116.0,116.0,4.2,10.5,10.5,0.106,2.33,22.6,0.06,0.103,0.081,9.7,9.7,0.524,0.524,0.139,0.14,98.12,98.11,81.76,98.11,0.053,151,2.3,5.3,Omari Johnson
201600,Omer,1610612741,CHI,31.0,18,7,11,0.389,182.1266666666667,9,22,0.409,0,0,0.0,4,13,0.308,9,38,47,3,9,2,4,4,20,13,22,-32,91.9,0,0,84.0,2,2017-18,10.1,105.5,104.5,104.5,112.1,110.9,110.9,-6.6,-6.4,-6.4,0.02,0.33,7.5,0.054,0.208,0.134,22.5,22.7,0.409,0.397,0.09,0.091,99.8,100.81,84.01,100.81,0.027,379,0.5,1.2,Omer Asik
201956,Omri,1610612744,GSW,30.0,53,40,13,0.755,741.5933333333334,120,207,0.58,10,22,0.455,50,69,0.725,30,170,200,51,37,18,19,13,71,59,300,52,690.5,3,0,635.0,1,2017-18,14.0,107.9,106.5,106.5,102.8,103.4,103.4,5.1,3.2,3.2,0.099,1.38,15.7,0.044,0.205,0.132,11.4,11.4,0.604,0.632,0.157,0.163,101.62,102.01,85.01,102.01,0.119,1577,2.3,3.9,Omri Casspi
203490,Otto,1610612764,WAS,25.0,77,42,35,0.545,2431.536666666667,445,885,0.503,138,313,0.441,106,128,0.828,103,389,492,157,75,116,41,19,151,117,1134,286,2355.9,13,0,2235.0,1,2017-18,31.6,109.6,110.3,110.3,104.5,105.1,105.1,5.0,5.1,5.1,0.096,2.09,13.4,0.044,0.161,0.104,6.4,6.4,0.581,0.602,0.182,0.185,98.35,97.75,81.45,97.75,0.124,4966,5.8,11.5,Otto Porter Jr.
200782,P.J.,1610612745,HOU,33.0,82,65,17,0.793,2281.1866666666665,172,441,0.39,115,310,0.371,43,60,0.717,93,364,457,77,74,78,26,19,205,82,502,525,1403.9,3,0,1359.0,1,2017-18,27.8,113.7,114.8,114.8,102.9,103.4,103.4,10.8,11.4,11.4,0.047,1.04,12.4,0.041,0.16,0.101,12.0,12.0,0.52,0.537,0.103,0.105,99.54,98.82,82.35,98.82,0.059,4692,2.1,5.4,P.J. Tucker
1628408,PJ,1610612760,OKC,21.0,2,1,1,0.5,3.188333333333333,1,2,0.5,0,0,0.0,0,0,0.0,0,1,1,0,1,0,0,0,1,0,2,-3,2.2,0,0,3.0,1,2017-18,1.6,80.0,66.7,66.7,108.7,100.0,100.0,-28.7,-33.3,-33.3,0.0,0.0,0.0,0.0,0.2,0.125,33.3,33.3,0.5,0.5,0.429,0.5,86.11,97.86,81.55,97.86,0.0,6,0.5,1.0,PJ Dozier
1627783,Pascal,1610612761,TOR,24.0,81,59,22,0.728,1679.2266666666667,253,498,0.508,29,132,0.22,54,87,0.621,79,285,364,159,67,62,42,29,166,82,589,303,1509.3,0,0,1349.0,1,2017-18,20.7,111.1,111.2,111.2,102.0,102.3,102.3,9.0,8.9,8.9,0.133,2.37,21.0,0.048,0.168,0.109,8.9,8.8,0.537,0.549,0.154,0.16,98.6,98.4,82.0,98.4,0.102,3441,3.1,6.1,Pascal Siakam
1626192,Pat,1610612757,POR,25.0,82,49,33,0.598,1487.8533333333332,165,390,0.423,74,210,0.352,37,44,0.841,36,125,161,91,43,23,22,23,120,43,441,141,862.7,0,0,857.0,1,2017-18,18.1,107.6,107.8,107.8,104.7,103.5,103.5,2.8,4.3,4.3,0.085,2.12,16.8,0.023,0.08,0.052,7.9,7.9,0.518,0.539,0.128,0.133,98.51,99.01,82.51,99.01,0.058,3073,2.0,4.8,Pat Connaughton
201976,Patrick,1610612746,LAC,29.0,11,5,6,0.455,333.54833333333335,48,119,0.403,24,60,0.4,14,17,0.824,16,29,45,32,25,19,5,4,34,30,134,25,283.0,0,0,283.0,1,2017-18,30.3,109.9,110.9,110.9,105.5,104.9,104.9,4.4,6.0,6.0,0.15,1.28,17.4,0.047,0.092,0.069,13.6,13.6,0.504,0.53,0.198,0.2,96.18,95.99,79.99,95.99,0.076,660,4.4,10.8,Patrick Beverley
1627775,Patrick,1610612744,GSW,22.0,57,41,16,0.719,961.1333333333332,92,225,0.409,19,80,0.238,26,34,0.765,16,66,82,81,41,43,10,19,67,42,229,-85,566.9,0,0,517.0,1,2017-18,16.9,107.2,106.4,106.4,107.9,109.8,109.8,-0.7,-3.5,-3.5,0.113,1.98,22.4,0.017,0.065,0.042,11.4,11.3,0.451,0.477,0.125,0.129,101.08,100.58,83.82,100.58,0.046,2007,1.6,3.9,Patrick McCaw
202335,Patrick,1610612760,OKC,29.0,82,48,34,0.585,1269.9183333333333,106,266,0.398,66,171,0.386,40,46,0.87,32,161,193,57,33,48,23,7,87,52,318,-75,815.1,0,0,776.0,1,2017-18,15.5,102.7,102.6,102.6,105.0,105.7,105.7,-2.3,-3.1,-3.1,0.068,1.73,15.1,0.024,0.128,0.074,8.7,8.8,0.523,0.555,0.112,0.114,96.69,96.4,80.34,96.4,0.074,2552,1.3,3.2,Patrick Patterson
201988,Patty,1610612759,SAS,29.0,82,47,35,0.573,2107.2516666666666,280,682,0.411,154,414,0.372,105,118,0.89,26,128,154,229,106,55,11,14,128,158,819,111,1439.3,0,0,1488.0,1,2017-18,25.7,107.7,107.8,107.8,104.8,105.3,105.3,2.9,2.6,2.6,0.158,2.16,21.5,0.012,0.061,0.036,10.0,9.9,0.523,0.558,0.172,0.177,97.29,97.02,80.85,97.02,0.075,4260,3.4,8.3,Patty Mills
2200,Pau,1610612759,SAS,37.0,77,45,32,0.584,1811.9216666666664,287,627,0.458,43,120,0.358,158,209,0.756,129,490,619,238,108,24,79,36,121,195,775,62,2075.8,16,1,1881.0,1,2017-18,23.5,102.6,102.6,102.6,101.3,101.6,101.6,1.3,1.0,1.0,0.208,2.2,22.3,0.069,0.256,0.164,10.1,10.1,0.492,0.539,0.201,0.205,97.14,97.0,80.83,97.0,0.15,3674,3.7,8.1,Pau Gasol
202331,Paul,1610612760,OKC,28.0,79,47,32,0.595,2890.738333333333,576,1340,0.43,244,609,0.401,338,411,0.822,72,375,447,263,212,161,39,63,233,326,1734,226,3052.9,4,0,3088.0,1,2017-18,36.6,108.1,109.7,109.7,105.2,106.0,106.0,3.0,3.7,3.7,0.143,1.24,13.3,0.023,0.132,0.076,10.7,10.6,0.521,0.57,0.248,0.254,100.31,99.23,82.69,99.23,0.12,5978,7.3,17.0,Paul George
200794,Paul,1610612743,DEN,33.0,38,22,16,0.579,1143.4766666666667,202,435,0.464,39,113,0.345,112,161,0.696,65,180,245,105,73,39,44,23,99,139,555,101,1182.5,2,0,1110.0,1,2017-18,30.1,111.1,111.8,111.8,107.0,107.8,107.8,4.1,3.9,3.9,0.139,1.44,15.4,0.058,0.153,0.107,10.7,10.7,0.509,0.549,0.217,0.222,98.74,98.06,81.72,98.06,0.105,2340,5.3,11.4,Paul Millsap
1627835,Paul,1610612741,CHI,24.0,54,17,37,0.315,824.0,81,234,0.346,37,110,0.336,19,25,0.76,13,118,131,46,43,20,15,14,86,35,218,-217,506.2,0,0,502.0,1,2017-18,15.3,97.4,97.7,97.7,109.8,109.9,109.9,-12.4,-12.2,-12.2,0.086,1.07,13.7,0.015,0.147,0.078,12.8,12.9,0.425,0.445,0.156,0.16,97.17,96.96,80.8,96.96,0.042,1658,1.5,4.3,Paul Zipser
203112,Quincy,1610612751,BKN,27.0,70,26,44,0.371,1359.2216666666666,130,365,0.356,102,292,0.349,49,60,0.817,40,217,257,57,60,33,29,13,149,81,411,-57,930.9,0,0,951.0,1,2017-18,19.4,105.2,104.8,104.8,108.1,106.7,106.7,-2.9,-1.9,-1.9,0.061,0.95,11.2,0.028,0.153,0.091,11.7,11.8,0.496,0.525,0.143,0.146,100.02,100.89,84.08,100.89,0.058,2856,1.9,5.2,Quincy Acy
202347,Quincy,1610612741,CHI,30.0,23,6,17,0.261,195.69166666666663,14,49,0.286,3,22,0.136,14,17,0.824,8,19,27,9,11,8,2,4,24,9,45,-90,109.9,0,0,104.0,1,2017-18,8.5,87.2,88.3,88.3,111.9,109.1,109.1,-24.7,-20.8,-20.8,0.078,0.82,11.7,0.035,0.103,0.066,14.3,14.4,0.316,0.398,0.151,0.152,98.73,99.34,82.78,99.34,0.019,402,0.6,2.1,Quincy Pondexter
1626188,Quinn,1610612744,GSW,25.0,33,21,12,0.636,740.5033333333333,122,252,0.484,46,104,0.442,22,25,0.88,10,72,82,89,32,12,1,16,59,26,312,-39,550.9,0,0,555.0,1,2017-18,22.4,106.4,106.2,106.2,107.6,108.4,108.4,-1.2,-2.2,-2.2,0.179,2.78,23.2,0.014,0.094,0.055,8.3,8.3,0.575,0.593,0.176,0.18,99.1,98.82,82.35,98.82,0.087,1522,3.7,7.6,Quinn Cook
1626154,RJ,1610612745,HOU,24.0,5,3,2,0.6,45.07833333333333,7,20,0.35,3,14,0.214,2,2,1.0,0,5,5,3,2,3,0,1,7,5,19,1,36.5,0,0,36.0,1,2017-18,9.0,98.7,96.7,96.7,95.0,95.7,95.7,3.8,1.1,1.1,0.111,1.5,12.0,0.0,0.094,0.049,8.0,7.7,0.425,0.455,0.214,0.231,97.35,97.96,81.64,97.96,0.052,92,1.4,4.0,RJ Hunter
200765,Rajon,1610612740,NOP,32.0,65,41,24,0.631,1704.965,231,494,0.468,50,150,0.333,25,46,0.543,31,232,263,533,151,70,10,28,119,74,537,18,1741.1,15,2,1543.0,1,2017-18,26.2,106.8,107.5,107.5,106.3,106.8,106.8,0.5,0.8,0.8,0.406,3.53,44.5,0.018,0.124,0.074,12.6,12.6,0.518,0.522,0.164,0.166,104.13,103.59,86.32,103.59,0.115,3675,3.6,7.6,Rajon Rondo
201196,Ramon,1610612764,WAS,32.0,28,10,18,0.357,392.45166666666665,42,117,0.359,8,26,0.308,44,57,0.772,6,32,38,77,30,14,2,8,29,46,136,-83,315.1,0,0,291.0,2,2017-18,14.0,100.8,99.9,99.9,109.9,110.7,110.7,-9.1,-10.8,-10.8,0.297,2.57,30.8,0.015,0.086,0.049,12.0,12.0,0.393,0.479,0.187,0.192,98.71,98.82,82.35,98.82,0.079,810,1.5,4.2,Ramon Sessions
1626173,Rashad,1610612753,ORL,21.0,28,13,15,0.464,211.96833333333333,23,56,0.411,14,37,0.378,4,6,0.667,3,18,21,13,6,5,3,2,15,5,64,-12,126.7,0,0,128.0,3,2017-18,7.6,106.6,104.9,104.9,108.6,106.7,106.7,-1.9,-1.8,-1.8,0.09,2.17,16.7,0.016,0.085,0.052,7.7,7.7,0.536,0.546,0.137,0.142,95.55,97.15,80.96,97.15,0.063,427,0.8,2.0,Rashad Vaughn
203526,Raul,1610612762,UTA,26.0,41,28,13,0.683,498.1566666666667,69,151,0.457,19,47,0.404,26,35,0.743,7,42,49,75,36,13,4,14,38,44,183,119,369.3,0,0,360.0,1,2017-18,12.2,107.7,104.9,104.9,96.8,95.4,95.4,10.9,9.5,9.5,0.23,2.08,27.1,0.014,0.079,0.048,13.0,13.0,0.52,0.55,0.173,0.182,98.29,100.31,83.59,100.31,0.088,1051,1.7,3.7,Raul Neto
101109,Raymond,1610612760,OKC,34.0,82,48,34,0.585,1364.7183333333332,224,552,0.406,81,230,0.352,36,44,0.818,25,131,156,203,76,49,16,24,91,60,565,-46,1175.7,0,0,1135.0,1,2017-18,16.6,103.5,103.5,103.5,105.2,104.7,104.7,-1.7,-1.3,-1.3,0.255,2.67,23.9,0.018,0.097,0.056,9.0,8.9,0.479,0.494,0.21,0.216,95.71,95.93,79.94,95.93,0.101,2722,2.7,6.7,Raymond Felton
203493,Reggie,1610612765,DET,27.0,62,32,30,0.516,1731.56,267,546,0.489,125,281,0.445,39,49,0.796,27,127,154,95,47,47,13,27,70,55,698,23,1158.3,0,0,1192.0,1,2017-18,27.9,106.3,107.5,107.5,105.6,106.9,106.9,0.7,0.6,0.6,0.081,2.02,13.4,0.015,0.072,0.043,6.6,6.6,0.603,0.615,0.153,0.155,99.55,98.41,82.01,98.41,0.084,3551,4.3,8.8,Reggie Bullock Jr.
203687,Reggie,1610612765,DET,26.0,3,3,0,1.0,6.626666666666667,1,2,0.5,1,2,0.5,0,0,0.0,0,0,0,0,0,0,0,0,0,0,3,-5,3.0,0,0,4.0,1,2017-18,2.2,80.4,71.4,71.4,105.6,107.1,107.1,-25.2,-35.7,-35.7,0.0,0.0,0.0,0.0,0.0,0.0,0.0,0.0,0.75,0.75,0.105,0.115,96.48,101.41,84.51,101.41,0.129,14,0.3,0.7,Reggie Hearn
202704,Reggie,1610612765,DET,28.0,45,27,18,0.6,1200.99,246,577,0.426,52,169,0.308,112,134,0.836,29,96,125,238,99,27,4,26,87,123,656,15,1157.0,0,0,1133.0,1,2017-18,26.7,106.1,107.1,107.1,105.9,106.6,106.6,0.2,0.4,0.4,0.331,2.4,24.5,0.023,0.084,0.052,10.2,10.2,0.471,0.516,0.265,0.27,97.6,96.84,80.7,96.84,0.108,2425,5.5,12.8,Reggie Jackson
2210,Richard,1610612743,DEN,38.0,20,10,10,0.5,163.37166666666667,12,27,0.444,2,7,0.286,4,7,0.571,2,15,17,15,5,2,1,1,11,7,30,-42,76.9,0,0,70.0,1,2017-18,8.2,98.1,97.1,97.1,111.9,110.3,110.3,-13.8,-13.2,-13.2,0.135,3.0,30.0,0.011,0.099,0.052,10.0,10.0,0.481,0.499,0.089,0.094,98.83,100.04,83.37,100.04,0.047,342,0.6,1.4,Richard Jefferson
1626158,Richaun,1610612755,PHI,24.0,48,30,18,0.625,745.9216666666666,135,241,0.56,4,31,0.129,37,56,0.661,57,154,211,61,25,20,29,18,97,48,311,-38,777.7,1,0,685.0,1,2017-18,15.5,105.3,104.1,104.1,106.2,105.7,105.7,-0.9,-1.6,-1.6,0.122,2.44,17.5,0.074,0.182,0.131,7.2,7.1,0.568,0.585,0.159,0.166,102.63,103.41,86.18,103.41,0.115,1601,2.8,5.0,Richaun Holmes
201937,Ricky,1610612762,UTA,27.0,77,44,33,0.571,2254.4416666666666,346,827,0.418,96,273,0.352,220,254,0.866,44,307,351,410,207,121,11,43,206,253,1008,209,2233.2,11,0,2129.0,1,2017-18,29.3,105.6,105.9,105.9,101.3,101.2,101.2,4.3,4.7,4.7,0.283,1.98,26.5,0.02,0.139,0.08,13.4,13.3,0.476,0.537,0.222,0.229,97.62,97.48,81.24,97.48,0.115,4575,4.5,10.7,Ricky Rubio
203496,Robert,1610612755,PHI,27.0,80,51,29,0.638,2531.365,345,836,0.413,203,550,0.369,116,136,0.853,55,378,433,156,126,137,72,42,238,124,1009,525,2263.6,7,0,2219.0,1,2017-18,31.6,109.8,109.9,109.9,99.0,100.0,100.0,10.9,9.9,9.9,0.084,1.24,13.3,0.022,0.137,0.082,10.7,10.7,0.534,0.563,0.168,0.172,101.97,101.42,84.52,101.42,0.09,5347,4.3,10.5,Robert Covington
201577,Robin,1610612741,CHI,30.0,64,23,41,0.359,1689.7766666666666,342,645,0.53,4,14,0.286,68,90,0.756,134,156,290,124,107,14,53,25,109,98,756,-200,1384.0,3,0,1308.0,1,2017-18,26.4,100.2,101.6,101.6,107.0,107.7,107.7,-6.8,-6.1,-6.1,0.119,1.16,13.6,0.074,0.093,0.083,11.7,11.7,0.533,0.552,0.203,0.206,99.99,99.0,82.5,99.0,0.087,3491,5.3,10.1,Robin Lopez
203918,Rodney,1610612739,CLE,25.0,60,29,31,0.483,1615.4716666666666,322,751,0.429,127,333,0.381,111,129,0.86,22,143,165,95,70,45,12,20,105,110,882,-69,1323.5,0,0,1383.0,2,2017-18,26.9,107.2,106.6,106.6,108.6,108.9,108.9,-1.4,-2.3,-2.3,0.097,1.36,9.8,0.014,0.091,0.052,7.2,7.2,0.513,0.546,0.24,0.247,98.04,98.22,81.85,98.22,0.09,3309,5.4,12.5,Rodney Hood
203585,Rodney,1610612748,MIA,26.0,18,11,7,0.611,299.24,36,73,0.493,15,35,0.429,4,8,0.5,11,22,33,17,4,8,3,2,21,12,91,33,185.1,0,0,178.0,1,2017-18,16.6,112.0,111.9,111.9,105.9,106.5,106.5,6.1,5.5,5.5,0.075,4.25,17.5,0.035,0.078,0.055,4.1,4.1,0.596,0.595,0.114,0.118,97.13,96.89,80.74,96.89,0.066,604,2.0,4.1,Rodney McGruder
1628681,Rodney,1610612753,ORL,24.0,16,5,11,0.313,289.58666666666664,35,107,0.327,13,52,0.25,13,15,0.867,1,26,27,17,10,3,3,2,26,10,96,-58,161.9,0,0,165.0,1,2017-18,18.1,97.8,98.3,98.3,106.4,107.4,107.4,-8.6,-9.1,-9.1,0.092,1.7,12.1,0.003,0.085,0.043,7.1,7.1,0.388,0.423,0.187,0.191,98.86,98.13,81.77,98.13,0.032,590,2.2,6.7,Rodney Purvis
1627758,Ron,1610612752,NYK,25.0,29,12,17,0.414,384.67333333333335,20,59,0.339,11,33,0.333,20,26,0.769,5,25,30,47,18,26,6,1,33,21,71,16,255.5,0,0,223.0,1,2017-18,13.3,108.2,107.1,107.1,104.0,103.9,103.9,4.2,3.2,3.2,0.161,2.61,34.3,0.014,0.064,0.04,13.1,13.3,0.432,0.504,0.102,0.103,98.08,98.64,82.2,98.64,0.058,786,0.7,2.0,Ron Baker
1626178,Rondae,1610612751,BKN,23.0,68,26,42,0.382,1920.5633333333333,342,724,0.472,13,54,0.241,249,316,0.788,101,358,459,167,121,65,48,58,145,265,946,-185,1965.3,12,0,1811.0,1,2017-18,28.2,105.3,105.9,105.9,108.4,109.6,109.6,-3.1,-3.7,-3.7,0.143,1.38,14.6,0.05,0.175,0.113,10.6,10.5,0.481,0.548,0.217,0.222,102.01,101.18,84.32,101.18,0.119,4033,5.0,10.6,Rondae Hollis-Jefferson
1626220,Royce,1610612762,UTA,25.0,69,43,26,0.623,1149.5516666666667,120,284,0.423,42,118,0.356,61,76,0.803,25,211,236,95,55,36,16,22,105,78,343,194,869.7,1,0,820.0,1,2017-18,16.7,107.6,106.3,106.3,97.4,97.6,97.6,10.3,8.7,8.7,0.122,1.73,20.3,0.022,0.175,0.101,11.8,11.8,0.496,0.54,0.14,0.145,97.61,98.08,81.74,98.08,0.092,2344,1.7,4.1,Royce O'Neale
200752,Rudy,1610612759,SAS,31.0,57,36,21,0.632,1231.1833333333334,253,537,0.471,37,118,0.314,112,145,0.772,76,215,291,73,78,46,38,25,98,118,655,81,1287.7,1,0,1224.0,1,2017-18,21.6,105.6,106.4,106.4,103.9,103.9,103.9,1.7,2.5,2.5,0.097,0.94,9.7,0.06,0.175,0.117,10.4,10.4,0.506,0.545,0.237,0.242,97.45,97.08,80.9,97.08,0.125,2499,4.4,9.4,Rudy Gay
203497,Rudy,1610612762,UTA,26.0,56,37,19,0.661,1816.04,276,444,0.622,0,0,0.0,204,299,0.682,165,436,601,80,107,44,129,50,153,280,756,343,2009.2,31,0,1783.0,1,2017-18,32.4,106.0,107.7,107.7,97.7,98.3,98.3,8.3,9.4,9.4,0.068,0.75,10.5,0.093,0.234,0.165,14.1,14.0,0.622,0.657,0.163,0.166,98.99,97.87,81.56,97.87,0.147,3700,4.9,7.9,Rudy Gobert
201566,Russell,1610612760,OKC,29.0,80,47,33,0.588,2913.6566666666668,757,1687,0.449,97,326,0.298,417,566,0.737,152,652,804,820,381,147,20,84,200,460,2028,384,4342.8,59,25,4083.0,1,2017-18,36.4,110.0,112.3,112.3,104.4,105.6,105.6,5.7,6.6,6.6,0.464,2.15,26.3,0.048,0.226,0.133,12.2,12.1,0.477,0.524,0.326,0.332,101.19,99.59,82.99,99.59,0.186,6037,9.5,21.1,Russell Westbrook
201583,Ryan,1610612745,HOU,30.0,66,52,14,0.788,1725.3666666666666,207,480,0.431,131,339,0.386,72,93,0.774,94,237,331,60,42,24,21,13,126,84,617,252,1197.2,2,0,1229.0,1,2017-18,26.1,112.6,113.8,113.8,106.5,106.9,106.9,6.1,6.9,6.9,0.05,1.43,9.6,0.054,0.139,0.096,6.7,6.7,0.568,0.592,0.141,0.143,100.21,99.5,82.92,99.5,0.077,3579,3.1,7.3,Ryan Anderson
1627853,Ryan,1610612741,CHI,24.0,24,6,18,0.25,304.12166666666667,17,41,0.415,9,31,0.29,5,6,0.833,1,24,25,35,13,13,0,0,18,16,48,-24,156.5,0,0,143.0,1,2017-18,12.7,99.0,100.2,100.2,103.8,102.5,102.5,-4.8,-2.3,-2.3,0.161,2.69,38.0,0.003,0.077,0.039,14.1,14.2,0.524,0.55,0.081,0.081,100.1,100.14,83.45,100.14,0.057,630,0.7,1.7,Ryan Arcidiacono
1626257,Salah,1610612742,DAL,32.0,61,21,40,0.344,728.7566666666667,88,137,0.642,0,3,0.0,38,66,0.576,85,161,246,35,39,22,67,15,121,80,214,20,789.7,1,0,673.0,1,2017-18,11.9,106.5,105.1,105.1,103.7,103.1,103.1,2.8,2.0,2.0,0.071,0.9,14.5,0.113,0.216,0.165,16.1,16.2,0.642,0.644,0.126,0.129,95.97,96.86,80.71,96.86,0.103,1466,1.4,2.2,Salah Mejri
1626155,Sam,1610612746,LAC,24.0,73,36,37,0.493,882.7516666666667,128,259,0.494,10,60,0.167,37,56,0.661,44,130,174,38,33,24,9,18,71,44,303,61,634.8,0,0,591.0,1,2017-18,12.1,108.0,106.6,106.6,103.7,102.5,102.5,4.3,4.2,4.2,0.059,1.15,10.7,0.05,0.136,0.095,9.3,9.3,0.514,0.534,0.148,0.154,101.87,103.18,85.98,103.18,0.079,1889,1.8,3.5,Sam Dekker
203816,Scotty,1610612742,DAL,28.0,1,0,1,0.0,8.378333333333334,0,1,0.0,0,0,0.0,1,2,0.5,0,0,0,1,1,0,0,0,0,1,1,-8,1.5,0,0,2.0,1,2017-18,8.4,87.1,77.3,77.3,123.0,113.6,113.6,-35.9,-36.4,-36.4,0.2,1.0,25.0,0.0,0.0,0.0,25.0,25.8,0.0,0.266,0.111,0.117,114.12,126.04,105.03,126.04,-0.031,22,0.0,1.0,Scotty Hopson
203930,Sean,1610612741,CHI,28.0,52,22,30,0.423,640.055,110,294,0.374,46,144,0.319,64,72,0.889,5,82,87,46,38,13,5,15,33,57,330,-112,519.4,0,0,545.0,4,2017-18,12.3,101.2,101.7,101.7,110.7,110.3,110.3,-9.4,-8.6,-8.6,0.121,1.21,11.2,0.007,0.131,0.066,9.3,9.3,0.452,0.507,0.242,0.247,100.05,99.97,83.31,99.97,0.086,1334,2.1,5.7,Sean Kilpatrick
1628400,Semi,1610612738,BOS,23.0,73,50,23,0.685,1150.21,65,188,0.346,40,125,0.32,25,41,0.61,37,124,161,20,25,21,4,10,91,37,195,-182,468.2,0,0,466.0,1,2017-18,15.8,99.0,97.1,97.1,103.8,103.6,103.6,-4.7,-6.5,-6.5,0.026,0.8,8.0,0.031,0.106,0.068,10.0,10.0,0.452,0.473,0.088,0.091,97.35,98.38,81.99,98.38,0.032,2343,0.9,2.6,Semi Ojeleye
201586,Serge,1610612761,TOR,28.0,76,53,23,0.697,2093.2,379,784,0.483,107,297,0.36,94,118,0.797,78,400,478,62,90,29,99,29,209,95,959,307,1919.6,8,0,1862.0,1,2017-18,27.5,111.8,112.8,112.8,104.6,106.1,106.1,7.2,6.8,6.8,0.044,0.69,6.3,0.037,0.183,0.112,9.1,9.1,0.552,0.574,0.189,0.192,100.82,99.68,83.07,99.68,0.098,4353,5.0,10.3,Serge Ibaka
203498,Shabazz,1610612749,MIL,25.0,43,25,18,0.581,417.9666666666666,84,188,0.447,7,27,0.259,39,50,0.78,23,53,76,14,6,9,3,14,30,36,214,-116,356.2,0,0,335.0,2,2017-18,9.7,104.0,103.0,103.0,115.2,115.7,115.7,-11.2,-12.7,-12.7,0.055,2.33,6.1,0.057,0.136,0.095,2.6,2.6,0.465,0.51,0.225,0.23,99.51,99.74,83.12,99.74,0.09,866,2.0,4.4,Shabazz Muhammad
203894,Shabazz,1610612757,POR,26.0,74,46,28,0.622,1535.465,223,531,0.42,82,218,0.376,116,138,0.841,26,144,170,150,90,81,14,30,84,148,644,84,1268.0,0,0,1236.0,1,2017-18,20.7,105.7,106.0,106.0,103.6,103.6,103.6,2.1,2.4,2.4,0.149,1.67,18.1,0.017,0.09,0.054,10.8,10.8,0.497,0.544,0.192,0.198,97.4,97.3,81.08,97.3,0.099,3117,3.0,7.2,Shabazz Napier
203499,Shane,1610612738,BOS,25.0,54,39,15,0.722,774.7116666666667,84,219,0.384,31,86,0.36,32,37,0.865,15,77,92,98,33,29,2,16,58,59,231,12,548.4,1,0,514.0,1,2017-18,14.3,100.8,99.0,99.0,98.9,98.6,98.6,1.9,0.5,0.5,0.21,2.97,26.6,0.019,0.101,0.059,9.0,9.0,0.454,0.491,0.153,0.158,95.78,96.81,80.68,96.81,0.084,1565,1.6,4.1,Shane Larkin
1627885,Shaquille,1610612756,PHX,24.0,23,3,20,0.13,384.4766666666667,59,124,0.476,6,26,0.231,28,38,0.737,9,52,61,55,22,26,7,17,42,36,152,47,384.7,1,0,340.0,1,2017-18,16.7,107.0,107.9,107.9,104.2,101.8,101.8,2.9,6.1,6.1,0.199,2.5,25.3,0.023,0.13,0.077,10.1,10.1,0.5,0.54,0.173,0.179,103.84,104.62,87.18,104.62,0.101,836,2.6,5.4,Shaquille Harrison
2733,Shaun,1610612744,GSW,32.0,71,49,22,0.69,1129.3166666666666,172,343,0.501,0,5,0.0,50,61,0.82,32,99,131,140,58,35,21,15,117,49,394,112,871.2,0,0,777.0,1,2017-18,15.9,109.8,108.1,108.1,101.3,102.2,102.2,8.5,5.8,5.8,0.169,2.41,24.8,0.033,0.08,0.059,10.3,10.2,0.501,0.533,0.165,0.172,99.89,100.22,83.52,100.22,0.075,2346,2.4,4.8,Shaun Livingston
202714,Shelvin,1610612753,ORL,28.0,69,21,48,0.304,1364.735,178,414,0.43,48,139,0.345,69,97,0.711,23,143,166,272,89,54,8,21,91,94,473,-79,1177.2,1,0,1083.0,1,2017-18,19.8,102.3,103.1,103.1,105.2,105.7,105.7,-2.9,-2.7,-2.7,0.308,3.06,33.2,0.016,0.102,0.059,10.9,10.9,0.488,0.518,0.175,0.179,98.32,97.72,81.44,97.72,0.103,2776,2.6,6.0,Shelvin Mack
1628414,Sindarius,1610612746,LAC,23.0,73,36,37,0.493,1155.88,100,233,0.429,23,61,0.377,59,88,0.67,33,107,140,68,53,48,25,35,125,74,282,-102,718.0,0,0,659.0,1,2017-18,15.8,104.0,103.0,103.0,105.3,105.4,105.4,-1.3,-2.4,-2.4,0.081,1.28,17.3,0.028,0.086,0.058,13.5,13.5,0.479,0.519,0.118,0.123,101.17,101.64,84.7,101.64,0.045,2427,1.4,3.2,Sindarius Thornwell
1627746,Skal,1610612758,SAC,22.0,60,19,41,0.317,1240.2516666666668,205,458,0.448,18,51,0.353,95,118,0.805,98,189,287,72,73,25,49,21,132,120,523,-118,1124.4,3,0,1048.0,1,2017-18,20.7,104.1,104.5,104.5,108.8,108.8,108.8,-4.7,-4.3,-4.3,0.088,0.99,11.1,0.078,0.157,0.117,11.2,11.1,0.467,0.513,0.204,0.209,97.87,97.64,81.37,97.64,0.084,2519,3.4,7.6,Skal Labissiere
203524,Solomon,1610612740,NOP,27.0,12,8,4,0.667,187.1233333333333,11,41,0.268,4,21,0.19,3,6,0.5,9,27,36,22,9,7,1,3,22,8,29,-26,120.2,0,0,107.0,1,2017-18,15.6,103.4,101.9,101.9,106.3,107.1,107.1,-2.9,-5.2,-5.2,0.14,2.44,29.3,0.046,0.124,0.087,12.0,12.1,0.317,0.332,0.113,0.116,107.16,107.48,89.57,107.48,0.033,417,0.9,3.4,Solomon Hill
203915,Spencer,1610612751,BKN,25.0,80,28,52,0.35,2306.025,324,838,0.387,141,433,0.326,218,268,0.813,40,219,259,524,128,68,23,52,186,220,1007,-94,2248.8,7,0,2113.0,1,2017-18,28.8,106.2,107.3,107.3,108.9,108.6,108.6,-2.7,-1.3,-1.3,0.349,4.09,32.8,0.016,0.094,0.054,8.0,8.0,0.471,0.527,0.201,0.206,99.57,99.2,82.67,99.2,0.108,4751,4.1,10.5,Spencer Dinwiddie
1626169,Stanley,1610612765,DET,22.0,69,33,36,0.478,1893.525,210,560,0.375,67,234,0.286,112,145,0.772,33,219,252,112,77,95,14,36,169,108,599,-47,1319.4,2,0,1248.0,1,2017-18,27.4,103.8,104.6,104.6,104.3,105.2,105.2,-0.4,-0.6,-0.6,0.086,1.45,13.7,0.017,0.115,0.065,9.4,9.5,0.435,0.48,0.161,0.164,98.63,97.81,81.51,97.81,0.059,3848,3.0,8.1,Stanley Johnson
201939,Stephen,1610612744,GSW,30.0,51,41,10,0.804,1630.7966666666666,428,864,0.495,212,501,0.423,278,302,0.921,36,225,261,310,153,80,8,21,114,207,1346,486,2235.2,5,0,2305.0,1,2017-18,32.0,120.4,120.6,120.6,105.7,107.7,107.7,14.8,13.0,13.0,0.272,2.03,21.4,0.024,0.124,0.079,10.6,10.5,0.618,0.675,0.29,0.298,105.99,104.92,87.43,104.92,0.165,3575,8.4,16.9,Stephen Curry
1628425,Sterling,1610612749,MIL,23.0,54,26,28,0.481,776.4466666666667,82,205,0.4,32,91,0.352,21,24,0.875,27,116,143,25,25,31,13,19,80,23,217,-49,533.1,0,0,505.0,1,2017-18,14.4,102.8,102.5,102.5,103.7,105.0,105.0,-0.9,-2.5,-2.5,0.049,1.0,9.4,0.035,0.147,0.091,9.4,9.4,0.478,0.503,0.135,0.139,98.36,97.83,81.53,97.83,0.063,1578,1.5,3.8,Sterling Brown
203500,Steven,1610612760,OKC,24.0,76,43,33,0.566,2486.8516666666665,448,712,0.629,0,2,0.0,160,286,0.559,384,301,685,88,128,92,78,46,215,278,1056,321,2392.0,28,0,2169.0,1,2017-18,32.7,109.8,112.1,112.1,104.8,105.7,105.7,4.9,6.4,6.4,0.051,0.69,8.3,0.142,0.123,0.133,12.1,12.1,0.629,0.63,0.16,0.162,100.32,98.84,82.37,98.84,0.109,5119,5.9,9.4,Steven Adams
1628388,T.J.,1610612754,IND,21.0,53,31,22,0.585,459.2433333333333,64,136,0.471,18,42,0.429,10,16,0.625,29,53,82,9,10,5,4,5,45,18,156,-82,284.9,0,0,283.0,1,2017-18,8.7,103.5,101.4,101.4,113.5,113.1,113.1,-10.0,-11.7,-11.7,0.028,0.9,5.6,0.058,0.119,0.087,6.2,6.2,0.537,0.545,0.136,0.144,98.99,100.13,83.44,100.13,0.061,972,1.2,2.6,T.J. Leaf
204456,T.J.,1610612755,PHI,26.0,76,50,26,0.658,1706.6133333333332,210,421,0.499,27,62,0.435,31,39,0.795,37,189,226,303,112,92,13,30,122,49,478,-71,1406.7,2,1,1244.0,1,2017-18,22.5,103.2,103.0,103.0,104.2,104.4,104.4,-1.0,-1.4,-1.4,0.258,2.71,35.5,0.021,0.1,0.062,13.1,13.1,0.531,0.545,0.134,0.138,102.44,102.41,85.34,102.41,0.099,3631,2.8,5.5,T.J. McConnell
203933,T.J.,1610612756,PHX,24.0,65,18,47,0.277,2141.766666666667,529,1063,0.498,20,90,0.222,193,255,0.757,125,208,333,85,85,65,41,53,149,202,1271,-431,2031.1,6,0,1921.0,1,2017-18,33.0,102.1,103.3,103.3,111.6,112.2,112.2,-9.5,-9.0,-9.0,0.069,1.0,6.3,0.055,0.093,0.074,6.3,6.3,0.507,0.541,0.243,0.249,102.61,101.69,84.74,101.69,0.107,4526,8.1,16.4,T.J. Warren
201959,Taj,1610612750,MIN,33.0,82,47,35,0.573,2726.37,425,737,0.577,7,35,0.2,142,185,0.768,194,390,584,99,89,62,59,58,218,154,999,240,2122.3,18,0,1931.0,1,2017-18,33.2,111.8,113.2,113.2,107.1,108.5,108.5,4.7,4.6,4.6,0.051,1.11,9.9,0.072,0.146,0.109,8.9,8.8,0.581,0.61,0.144,0.147,98.45,97.18,80.99,97.18,0.094,5513,5.2,9.0,Taj Gibson
204028,Tarik,1610612745,HOU,26.0,51,40,11,0.784,536.5,75,127,0.591,1,11,0.091,29,63,0.46,63,100,163,13,35,21,30,10,107,52,180,-74,513.1,2,0,459.0,1,2017-18,10.5,98.5,97.7,97.7,104.8,105.0,105.0,-6.3,-7.3,-7.3,0.042,0.37,6.5,0.108,0.181,0.144,17.4,17.3,0.594,0.582,0.147,0.154,100.93,101.28,84.4,101.28,0.073,1136,1.5,2.5,Tarik Black
1627752,Taurean,1610612737,ATL,24.0,82,24,58,0.293,2464.02,415,975,0.426,176,457,0.385,152,180,0.844,50,339,389,214,191,85,42,63,168,190,1158,-366,2135.8,5,0,2191.0,1,2017-18,30.0,102.9,103.8,103.8,109.8,111.4,111.4,-6.9,-7.5,-7.5,0.135,1.12,14.7,0.02,0.138,0.078,13.1,13.1,0.516,0.549,0.216,0.221,101.17,100.03,83.36,100.03,0.09,5145,5.1,11.9,Taurean Prince
1628390,Terrance,1610612760,OKC,20.0,61,37,24,0.607,763.0966666666667,70,169,0.414,40,120,0.333,9,10,0.9,19,28,47,19,11,24,10,7,83,15,189,-84,364.9,0,0,363.0,1,2017-18,12.5,103.9,104.9,104.9,110.4,109.4,109.4,-6.5,-4.5,-4.5,0.035,1.73,9.3,0.023,0.038,0.03,5.4,5.4,0.533,0.545,0.104,0.105,97.55,97.5,81.25,97.5,0.028,1543,1.1,2.8,Terrance Ferguson
203082,Terrence,1610612753,ORL,27.0,24,10,14,0.417,600.3833333333333,76,191,0.398,30,93,0.323,27,36,0.75,10,63,73,38,29,27,11,9,45,27,209,-47,438.6,0,0,426.0,1,2017-18,25.0,103.4,103.9,103.9,105.7,107.7,107.7,-2.3,-3.8,-3.8,0.088,1.31,14.0,0.016,0.102,0.059,10.7,10.6,0.476,0.505,0.166,0.17,103.4,102.21,85.18,102.21,0.061,1279,3.2,8.0,Terrence Ross
1626179,Terry,1610612738,BOS,24.0,80,54,26,0.675,2068.14,316,800,0.395,153,402,0.381,115,149,0.772,63,313,376,232,80,80,19,37,123,147,900,119,1916.2,1,1,1859.0,1,2017-18,25.9,104.0,104.3,104.3,101.0,101.6,101.6,3.0,2.6,2.6,0.184,2.9,19.7,0.029,0.144,0.087,6.8,6.8,0.491,0.52,0.199,0.204,98.03,97.59,81.33,97.59,0.118,4209,4.0,10.0,Terry Rozier
200757,Thabo,1610612762,UTA,34.0,38,16,22,0.421,805.565,118,240,0.492,32,84,0.381,44,54,0.815,29,132,161,33,30,52,12,19,59,47,312,56,716.7,2,0,666.0,1,2017-18,21.2,106.8,104.6,104.6,102.1,100.8,100.8,4.8,3.8,3.8,0.066,1.1,10.1,0.038,0.17,0.104,9.1,9.2,0.558,0.591,0.162,0.168,96.83,98.47,82.05,98.47,0.114,1649,3.1,6.3,Thabo Sefolosha
201152,Thaddeus,1610612754,IND,30.0,81,48,33,0.593,2607.0316666666668,421,864,0.487,58,181,0.32,55,92,0.598,184,328,512,152,105,135,36,63,175,125,955,212,2205.4,9,0,2019.0,1,2017-18,32.2,108.6,108.7,108.7,104.2,105.0,105.0,4.5,3.7,3.7,0.085,1.45,13.1,0.074,0.128,0.101,9.0,9.0,0.521,0.528,0.171,0.175,97.56,97.17,80.97,97.17,0.09,5285,5.2,10.7,Thaddeus Young
1628418,Thomas,1610612747,LAL,20.0,15,7,8,0.467,72.285,8,21,0.381,1,10,0.1,5,9,0.556,3,14,17,6,2,1,2,0,6,9,22,-9,58.4,0,0,52.0,1,2017-18,4.8,103.2,100.0,100.0,106.4,105.9,105.9,-3.3,-5.9,-5.9,0.128,3.0,18.2,0.041,0.197,0.117,6.1,6.1,0.405,0.441,0.161,0.167,99.77,101.6,84.66,101.6,0.075,153,0.5,1.4,Thomas Bryant
1627748,Thon,1610612749,MIL,21.0,74,40,34,0.541,1237.885,130,316,0.411,31,104,0.298,65,93,0.699,75,150,225,46,44,38,53,20,162,82,356,-162,924.0,0,0,840.0,1,2017-18,16.7,106.2,105.8,105.8,110.4,110.8,110.8,-4.2,-5.0,-5.0,0.055,1.05,10.3,0.064,0.13,0.097,9.8,9.8,0.46,0.499,0.147,0.15,97.21,97.25,81.04,97.25,0.05,2491,1.8,4.3,Thon Maker
204025,Tim,1610612764,WAS,27.0,59,31,28,0.525,837.9083333333333,68,172,0.395,17,56,0.304,23,30,0.767,18,97,115,194,57,47,7,15,97,59,176,-86,710.0,0,0,610.0,1,2017-18,14.2,103.7,102.4,102.4,107.9,108.0,108.0,-4.2,-5.5,-5.5,0.327,3.4,44.4,0.021,0.121,0.07,13.0,13.1,0.445,0.475,0.125,0.13,97.47,98.02,81.68,98.02,0.085,1715,1.2,2.9,Tim Frazier
203501,Tim,1610612752,NYK,26.0,57,19,38,0.333,1884.955,360,856,0.421,130,410,0.317,146,179,0.816,32,192,224,155,92,62,10,47,123,185,996,-74,1621.3,2,0,1649.0,1,2017-18,33.1,105.4,107.9,107.9,109.2,109.8,109.8,-3.8,-1.9,-1.9,0.123,1.68,13.1,0.016,0.099,0.057,7.8,7.8,0.496,0.533,0.229,0.232,100.62,99.13,82.61,99.13,0.091,3893,6.3,15.0,Tim Hardaway Jr.
1627817,Tim,1610612745,HOU,23.0,3,2,1,0.667,12.75,1,3,0.333,0,2,0.0,2,2,1.0,0,3,3,1,2,0,0,0,1,1,4,-10,7.1,0,0,8.0,1,2017-18,4.3,55.7,53.1,53.1,92.2,90.0,90.0,-36.5,-36.9,-36.9,0.25,0.5,14.3,0.0,0.188,0.1,28.6,29.1,0.333,0.515,0.167,0.175,112.56,116.71,97.25,116.71,0.1,32,0.3,1.0,Tim Quarterman
202389,Timofey,1610612751,BKN,31.0,31,12,19,0.387,359.4833333333333,52,93,0.559,4,18,0.222,23,30,0.767,32,66,98,11,33,5,13,6,39,35,131,-89,286.1,0,0,280.0,1,2017-18,11.6,94.2,93.4,93.4,105.5,106.2,106.2,-11.2,-12.8,-12.8,0.05,0.33,7.3,0.083,0.178,0.129,22.0,22.0,0.581,0.617,0.161,0.165,104.51,104.62,87.18,104.62,0.085,789,1.7,3.0,Timofey Mozgov
1627789,Timothe,1610612755,PHI,23.0,52,29,23,0.558,806.565,100,267,0.375,53,158,0.335,46,58,0.793,14,58,72,54,38,12,5,20,97,54,299,-5,479.4,0,0,512.0,1,2017-18,15.5,103.4,102.6,102.6,102.7,102.7,102.7,0.7,-0.1,-0.1,0.098,1.42,14.0,0.017,0.064,0.041,9.9,9.9,0.474,0.511,0.168,0.174,102.46,102.87,85.72,102.87,0.041,1727,1.9,5.1,Timothe Luwawu-Cabarrot
202699,Tobias,1610612746,LAC,25.0,80,39,41,0.488,2667.983333333333,562,1221,0.46,183,445,0.411,179,216,0.829,58,379,437,192,105,71,35,67,164,156,1486,-113,2511.4,3,0,2510.0,2,2017-18,33.3,106.7,108.3,108.3,109.3,110.6,110.6,-2.6,-2.3,-2.3,0.115,1.83,12.0,0.021,0.145,0.081,6.5,6.5,0.535,0.565,0.227,0.232,99.52,98.2,81.84,98.2,0.113,5464,7.0,15.3,Tobias Harris
203107,Tomas,1610612764,WAS,26.0,73,39,34,0.534,1642.6533333333334,201,384,0.523,47,101,0.465,75,96,0.781,72,161,233,286,83,52,15,22,131,110,524,81,1350.6,0,0,1224.0,1,2017-18,22.5,107.4,107.1,107.1,104.8,105.6,105.6,2.6,1.5,1.5,0.246,3.45,35.9,0.045,0.099,0.072,10.4,10.4,0.585,0.615,0.134,0.137,98.2,97.98,81.65,97.98,0.106,3367,2.8,5.3,Tomas Satoransky
2754,Tony,1610612740,NOP,36.0,22,12,10,0.545,272.54833333333335,44,91,0.484,4,12,0.333,11,21,0.524,20,27,47,9,19,11,3,11,49,17,103,-19,195.9,0,0,191.0,1,2017-18,12.4,105.2,101.7,101.7,103.7,103.7,103.7,1.6,-2.0,-2.0,0.051,0.47,7.0,0.074,0.091,0.083,14.7,14.8,0.505,0.514,0.181,0.191,102.96,104.7,87.25,104.7,0.036,591,2.0,4.1,Tony Allen
1628396,Tony,1610612762,UTA,20.0,9,6,3,0.667,29.1,3,11,0.273,0,1,0.0,2,2,1.0,4,7,11,1,0,0,0,1,1,1,8,1,22.7,0,0,20.0,1,2017-18,3.2,103.5,93.8,93.8,97.5,96.8,96.8,6.0,-2.9,-2.9,0.056,0.0,7.7,0.105,0.25,0.167,0.0,0.0,0.273,0.337,0.158,0.175,99.33,104.74,87.29,104.74,0.088,65,0.3,1.2,Tony Bradley
2225,Tony,1610612759,SAS,36.0,55,32,23,0.582,1070.871666666667,178,388,0.459,10,37,0.27,55,78,0.705,7,88,95,195,68,28,1,22,52,74,421,-11,846.5,0,0,779.0,1,2017-18,19.5,104.5,104.5,104.5,105.3,105.8,105.8,-0.9,-1.2,-1.2,0.282,2.87,28.4,0.007,0.083,0.045,9.9,9.9,0.472,0.498,0.201,0.206,97.14,96.93,80.78,96.93,0.094,2170,3.2,7.1,Tony Parker
203503,Tony,1610612749,MIL,26.0,75,42,33,0.56,2053.2883333333334,185,425,0.435,108,268,0.403,38,48,0.792,9,132,141,98,36,47,28,18,115,40,516,-56,1021.2,0,0,1013.0,1,2017-18,27.4,108.8,109.4,109.4,108.8,110.3,110.3,0.0,-0.9,-0.9,0.064,2.72,16.9,0.005,0.066,0.036,6.2,6.2,0.562,0.578,0.105,0.106,98.83,97.9,81.59,97.9,0.051,4180,2.5,5.7,Tony Snell
1628470,Torrey,1610612743,DEN,27.0,39,22,17,0.564,628.8816666666667,62,137,0.453,17,58,0.293,22,35,0.629,40,87,127,25,20,12,15,14,63,32,163,-61,413.9,0,0,386.0,1,2017-18,16.1,109.4,108.0,108.0,111.1,110.9,110.9,-1.8,-2.9,-2.9,0.054,1.25,12.8,0.064,0.134,0.1,10.2,10.1,0.515,0.535,0.116,0.122,99.3,100.03,83.35,100.03,0.056,1300,1.6,3.5,Torrey Craig
204037,Travis,1610612747,LAL,27.0,17,7,10,0.412,227.79666666666665,25,72,0.347,17,47,0.362,8,8,1.0,0,38,38,7,6,4,5,1,30,8,75,11,152.1,0,0,155.0,1,2017-18,13.4,104.4,104.0,104.0,103.2,101.9,101.9,1.2,2.1,2.1,0.045,1.17,7.9,0.0,0.163,0.081,6.7,6.8,0.465,0.497,0.152,0.158,100.19,101.04,84.2,101.04,0.052,480,1.5,4.2,Travis Wear
1626203,Treveon,1610612766,CHA,24.0,63,28,35,0.444,1049.5383333333334,96,221,0.434,40,97,0.412,41,59,0.695,42,79,121,59,27,33,2,13,109,61,273,-96,584.7,0,0,563.0,1,2017-18,16.7,103.4,103.4,103.4,108.3,108.0,108.0,-4.9,-4.6,-4.6,0.082,2.19,17.7,0.036,0.079,0.056,8.1,8.1,0.525,0.553,0.112,0.115,99.23,99.36,82.8,99.36,0.047,2174,1.5,3.5,Treveon Graham
2772,Trevor,1610612745,HOU,33.0,67,51,16,0.761,2269.201666666667,268,651,0.412,170,462,0.368,76,89,0.854,33,261,294,105,52,98,13,21,132,89,782,373,1573.3,1,0,1573.0,1,2017-18,33.9,112.1,113.9,113.9,104.3,105.6,105.6,7.8,8.3,8.3,0.066,2.02,12.5,0.014,0.116,0.065,6.2,6.1,0.542,0.567,0.141,0.143,100.42,99.0,82.5,99.0,0.077,4674,4.0,9.7,Trevor Ariza
202344,Trevor,1610612754,IND,30.0,68,36,32,0.529,1158.09,177,343,0.516,8,33,0.242,66,93,0.71,117,201,318,82,59,28,21,26,119,82,428,-23,1020.6,4,0,934.0,3,2017-18,17.0,106.2,105.0,105.0,106.6,105.7,105.7,-0.4,-0.7,-0.7,0.106,1.39,15.6,0.097,0.172,0.134,11.3,11.2,0.528,0.557,0.159,0.165,100.58,101.57,84.64,101.57,0.1,2448,2.6,5.0,Trevor Booker
203504,Trey,1610612752,NYK,25.0,36,10,26,0.278,784.655,193,384,0.503,38,105,0.362,37,57,0.649,13,58,71,170,43,24,4,8,43,58,461,-81,842.2,3,0,796.0,1,2017-18,21.8,110.4,111.1,111.1,114.2,115.3,115.3,-3.8,-4.2,-4.2,0.329,3.95,27.4,0.017,0.074,0.045,6.9,6.9,0.552,0.563,0.249,0.253,99.5,98.67,82.23,98.67,0.129,1607,5.4,10.7,Trey Burke
1626168,Trey,1610612743,DEN,22.0,73,41,32,0.562,1390.6816666666666,270,550,0.491,83,218,0.381,101,143,0.706,55,292,347,91,61,30,34,25,111,125,724,7,1407.9,6,0,1373.0,1,2017-18,19.1,108.1,108.2,108.2,109.0,108.4,108.4,-0.9,-0.2,-0.2,0.105,1.49,11.9,0.039,0.215,0.125,8.0,8.0,0.566,0.591,0.205,0.211,98.77,98.97,82.48,98.97,0.128,2873,3.7,7.5,Trey Lyles
203590,Trey,1610612754,IND,27.0,1,1,0,1.0,1.2333333333333334,0,0,0.0,0,0,0.0,0,0,0.0,0,0,0,0,0,0,0,0,0,0,0,0,0.0,0,0,0.0,1,2017-18,1.2,138.9,100.0,100.0,138.9,133.3,133.3,0.0,-33.3,-33.3,0.0,0.0,0.0,0.0,0.0,0.0,0.0,0.0,0.0,0.0,0.0,0.0,112.09,136.22,113.51,136.22,0.0,4,0.0,0.0,Trey McKinney-Jones
202684,Tristan,1610612739,CLE,27.0,53,27,26,0.509,1072.245,132,235,0.562,0,0,0.0,43,79,0.544,126,226,352,33,36,16,17,20,102,93,307,-138,841.9,3,0,758.0,1,2017-18,20.2,107.0,107.7,107.7,112.1,113.2,113.2,-5.1,-5.5,-5.5,0.043,0.92,9.8,0.113,0.21,0.161,10.7,10.6,0.562,0.569,0.121,0.124,100.54,99.74,83.12,99.74,0.085,2221,2.5,4.4,Tristan Thompson
203584,Troy,1610612756,PHX,26.0,79,20,59,0.253,1622.33,232,575,0.403,183,458,0.4,56,64,0.875,12,115,127,48,56,26,5,16,137,55,703,-408,964.4,0,0,1123.0,1,2017-18,20.5,101.0,101.1,101.1,113.3,113.3,113.3,-12.4,-12.2,-12.2,0.047,0.86,6.8,0.007,0.069,0.037,8.0,7.9,0.563,0.583,0.168,0.174,101.63,101.6,84.67,101.6,0.058,3439,2.9,7.3,Troy Daniels
1627786,Troy,1610612752,NYK,23.0,21,7,14,0.333,307.2033333333333,51,109,0.468,11,38,0.289,20,30,0.667,22,41,63,16,19,20,4,3,34,21,133,-31,285.6,0,0,271.0,2,2017-18,14.6,106.9,108.0,108.0,113.9,112.0,112.0,-7.1,-3.9,-3.9,0.071,0.84,10.3,0.071,0.137,0.103,12.2,12.1,0.518,0.544,0.192,0.196,101.16,101.48,84.57,101.48,0.079,647,2.4,5.2,Troy Williams
1628463,Tyler,1610612737,ATL,24.0,39,11,28,0.282,518.48,67,152,0.441,32,89,0.36,17,21,0.81,45,82,127,27,13,9,4,9,61,23,183,-25,401.9,0,0,395.0,1,2017-18,13.3,105.2,105.0,105.0,108.2,107.1,107.1,-2.9,-2.1,-2.1,0.076,2.08,13.4,0.081,0.171,0.122,6.5,6.5,0.546,0.567,0.139,0.144,100.62,101.19,84.32,101.19,0.082,1092,1.7,3.9,Tyler Cavanaugh
1628416,Tyler,1610612737,ATL,22.0,56,15,41,0.268,974.21,144,382,0.377,72,199,0.362,45,63,0.714,17,113,130,79,37,17,5,27,63,68,405,-149,708.5,0,0,730.0,1,2017-18,17.4,100.9,101.5,101.5,109.3,108.7,108.7,-8.4,-7.1,-7.1,0.128,2.14,15.1,0.016,0.112,0.064,7.1,7.0,0.471,0.494,0.193,0.2,100.72,100.73,83.94,100.73,0.07,2043,2.6,6.8,Tyler Dorsey
203898,Tyler,1610612747,LAL,23.0,54,22,32,0.407,683.3766666666667,94,224,0.42,14,56,0.25,22,29,0.759,19,76,95,105,38,30,10,20,75,41,224,-21,577.5,1,0,518.0,1,2017-18,12.7,101.6,101.2,101.2,102.2,103.0,103.0,-0.6,-1.7,-1.7,0.234,2.76,27.6,0.026,0.101,0.065,10.0,10.0,0.451,0.473,0.169,0.175,101.46,101.29,84.4,101.29,0.081,1444,1.7,4.1,Tyler Ennis
204020,Tyler,1610612748,MIA,26.0,72,39,33,0.542,2052.241666666667,309,711,0.435,119,324,0.367,106,129,0.822,34,214,248,165,81,60,34,39,148,129,843,46,1589.1,0,0,1563.0,1,2017-18,28.5,105.1,105.5,105.5,103.9,104.5,104.5,1.2,1.0,1.0,0.123,2.04,16.3,0.016,0.105,0.06,8.0,8.0,0.518,0.549,0.18,0.185,98.1,97.65,81.37,97.65,0.087,4177,4.3,9.9,Tyler Johnson
1628399,Tyler,1610612743,DEN,22.0,1,1,0,1.0,2.1666666666666665,0,0,0.0,0,0,0.0,0,0,0.0,0,0,0,0,0,0,0,0,0,0,0,-6,0.0,0,0,0.0,1,2017-18,2.2,104.2,75.0,75.0,225.0,225.0,225.0,-120.8,-150.0,-150.0,0.0,0.0,0.0,0.0,0.0,0.0,0.0,0.0,0.0,0.0,0.0,0.0,76.21,88.62,73.85,88.62,0.0,4,0.0,0.0,Tyler Lydon
1627755,Tyler,1610612756,PHX,22.0,71,20,51,0.282,1658.4616666666666,214,551,0.388,42,146,0.288,84,101,0.832,24,104,128,311,127,70,7,42,120,101,554,-315,1278.1,4,0,1189.0,1,2017-18,23.4,100.2,101.4,101.4,110.2,110.0,110.0,-10.1,-8.6,-8.6,0.282,2.45,30.0,0.014,0.061,0.037,12.3,12.3,0.426,0.465,0.184,0.187,101.34,100.85,84.04,100.85,0.073,3477,3.0,7.8,Tyler Ulis
203092,Tyler,1610612749,MIL,28.0,66,27,39,0.409,1108.16,187,334,0.56,10,28,0.357,57,79,0.722,110,195,305,47,47,15,35,34,126,94,441,26,980.5,0,0,903.0,2,2017-18,16.8,105.7,106.8,106.8,106.1,106.0,106.0,-0.3,0.8,0.8,0.063,1.0,10.2,0.094,0.168,0.131,10.2,10.2,0.575,0.598,0.157,0.161,100.69,100.25,83.54,100.25,0.096,2318,2.8,5.1,Tyler Zeller
201936,Tyreke,1610612763,MEM,28.0,52,19,33,0.365,1607.1616666666666,366,809,0.452,114,286,0.399,164,209,0.785,44,221,265,269,117,57,17,65,96,160,1010,27,1836.5,7,0,1806.0,1,2017-18,30.9,105.8,106.5,106.5,105.6,106.4,106.4,0.2,0.1,0.1,0.304,2.3,21.0,0.027,0.137,0.083,9.1,9.1,0.523,0.561,0.277,0.286,96.44,95.78,79.82,95.78,0.16,3218,7.0,15.6,Tyreke Evans
1627820,Tyrone,1610612746,LAC,24.0,30,17,13,0.567,851.185,110,247,0.445,10,40,0.25,61,78,0.782,21,84,105,71,46,27,13,36,83,52,291,-24,597.5,0,0,557.0,1,2017-18,28.4,106.0,106.1,106.1,107.1,107.6,107.6,-1.1,-1.5,-1.5,0.115,1.54,17.7,0.024,0.091,0.058,11.5,11.5,0.466,0.517,0.159,0.163,103.56,103.25,86.04,103.25,0.06,1833,3.7,8.2,Tyrone Wallace
2199,Tyson,1610612756,PHX,35.0,46,15,31,0.326,1150.6933333333334,121,187,0.647,0,0,0.0,58,93,0.624,134,284,418,53,59,16,27,6,106,105,300,-244,951.1,4,0,857.0,1,2017-18,25.0,100.0,100.9,100.9,111.3,111.1,111.1,-11.2,-10.2,-10.2,0.065,0.9,15.4,0.109,0.241,0.174,17.2,17.4,0.647,0.658,0.105,0.106,101.0,100.63,83.86,100.63,0.108,2413,2.6,4.1,Tyson Chandler
1626145,Tyus,1610612750,MIN,22.0,82,47,35,0.573,1466.81,150,328,0.457,45,129,0.349,71,81,0.877,16,116,132,232,59,95,6,18,110,86,416,179,1166.4,0,0,1027.0,1,2017-18,17.9,111.8,110.8,110.8,105.7,105.2,105.2,6.1,5.6,5.6,0.215,3.93,35.6,0.011,0.083,0.047,9.0,9.0,0.526,0.572,0.124,0.129,96.79,97.49,81.24,97.49,0.09,2985,1.8,4.0,Tyus Jones
2617,Udonis,1610612748,MIA,38.0,14,9,5,0.643,71.66333333333333,3,15,0.2,1,8,0.125,1,2,0.5,3,7,10,5,2,0,2,0,3,4,8,-4,31.5,0,0,28.0,1,2017-18,5.1,95.5,91.4,91.4,93.9,92.3,92.3,1.7,-0.9,-0.9,0.119,2.5,21.7,0.039,0.092,0.065,8.7,8.7,0.233,0.252,0.113,0.121,91.27,94.11,78.42,94.11,0.021,139,0.2,1.1,Udonis Haslem
203505,Vander,1610612747,LAL,25.0,5,1,4,0.2,44.91666666666666,1,5,0.2,0,2,0.0,1,2,0.5,0,1,1,3,3,1,0,0,2,1,3,15,8.7,0,0,9.0,1,2017-18,9.0,103.9,103.2,103.2,88.0,85.6,85.6,15.9,17.6,17.6,0.086,1.0,25.0,0.0,0.022,0.013,25.0,25.3,0.2,0.255,0.085,0.085,100.77,102.59,85.49,102.59,-0.014,95,0.2,1.0,Vander Blue
203506,Victor,1610612754,IND,26.0,75,48,27,0.64,2552.0383333333334,640,1342,0.477,161,434,0.371,294,368,0.799,47,343,390,323,219,177,57,90,175,312,1735,334,3170.5,3,0,3077.0,1,2017-18,34.0,109.3,109.9,109.9,102.9,104.0,104.0,6.4,5.9,5.9,0.209,1.47,15.8,0.019,0.132,0.077,10.7,10.7,0.537,0.577,0.295,0.3,98.83,98.04,81.7,98.04,0.148,5225,8.5,17.9,Victor Oladipo
1713,Vince,1610612758,SAC,41.0,58,20,38,0.345,1025.99,114,283,0.403,57,165,0.345,28,37,0.757,18,130,148,69,36,42,26,4,96,59,313,-67,762.1,0,0,723.0,1,2017-18,17.7,102.0,103.4,103.4,106.2,106.7,106.7,-4.2,-3.3,-3.3,0.099,1.92,17.1,0.017,0.13,0.071,8.9,8.9,0.504,0.523,0.144,0.147,96.83,95.91,79.92,95.91,0.073,2050,2.0,4.9,Vince Carter
1626205,Vincent,1610612763,MEM,23.0,4,0,4,0.0,7.406666666666666,3,5,0.6,0,0,0.0,0,0,0.0,2,1,3,0,1,0,1,0,0,0,6,6,11.6,0,0,11.0,1,2017-18,1.9,98.3,105.9,105.9,93.2,75.0,75.0,5.1,30.9,30.9,0.0,0.0,0.0,0.182,0.167,0.176,16.7,16.7,0.6,0.6,0.25,0.269,101.1,106.93,89.11,106.93,0.25,17,0.8,1.3,Vincent Hunter
1627735,Wade,1610612757,POR,22.0,7,4,3,0.571,80.48166666666667,14,21,0.667,4,5,0.8,6,10,0.6,1,7,8,5,4,2,1,1,12,7,38,5,60.1,0,0,61.0,1,2017-18,11.5,106.1,104.2,104.2,101.9,98.2,98.2,4.2,6.0,6.0,0.093,1.25,14.7,0.014,0.09,0.054,11.8,11.6,0.762,0.748,0.159,0.167,97.79,100.49,83.75,100.49,0.094,166,2.0,3.0,Wade Baldwin IV
1627215,Walt,1610612740,NOP,25.0,5,4,1,0.8,35.10166666666667,7,16,0.438,1,1,1.0,2,3,0.667,0,2,2,5,4,0,1,4,5,4,17,-15,25.9,0,0,27.0,1,2017-18,7.0,109.6,109.0,109.0,123.6,123.5,123.5,-13.9,-14.5,-14.5,0.172,1.25,19.2,0.0,0.065,0.033,15.4,15.2,0.469,0.491,0.256,0.272,108.33,108.71,90.59,108.71,0.03,78,1.4,3.2,Walt Lemon Jr.
201961,Wayne,1610612748,MIA,30.0,77,42,35,0.545,2041.2033333333331,285,700,0.407,227,579,0.392,67,78,0.859,23,195,218,79,52,53,8,14,94,59,864,127,1375.1,0,0,1510.0,1,2017-18,26.5,106.4,106.8,106.8,103.9,104.6,104.6,2.5,2.2,2.2,0.06,1.52,9.3,0.011,0.094,0.053,6.1,6.0,0.569,0.588,0.167,0.175,96.65,96.12,80.1,96.12,0.085,4105,3.7,9.1,Wayne Ellington
1627782,Wayne,1610612763,MEM,23.0,35,10,25,0.286,691.33,116,269,0.431,49,122,0.402,44,59,0.746,16,40,56,66,54,18,5,19,59,48,325,-102,506.2,0,0,542.0,1,2017-18,19.8,100.9,100.3,100.3,108.7,108.7,108.7,-7.8,-8.4,-8.4,0.154,1.22,15.9,0.023,0.06,0.041,13.0,13.0,0.522,0.551,0.212,0.22,100.03,100.36,83.64,100.36,0.072,1455,3.3,7.7,Wayne Selden
1628411,Wes,1610612753,ORL,23.0,62,18,44,0.29,1020.305,93,218,0.427,9,46,0.196,34,47,0.723,36,101,137,57,30,33,12,17,81,48,229,-105,583.9,0,0,522.0,1,2017-18,16.5,99.1,100.3,100.3,104.6,104.9,104.9,-5.5,-4.6,-4.6,0.084,1.9,17.5,0.033,0.1,0.065,9.2,9.2,0.447,0.48,0.114,0.117,98.35,97.62,81.35,97.62,0.053,2070,1.5,3.5,Wes Iwundu
202325,Wesley,1610612746,LAC,30.0,74,38,36,0.514,1486.4116666666666,150,368,0.408,60,177,0.339,43,58,0.741,29,187,216,61,55,76,62,9,146,48,403,-62,1112.7,1,0,1016.0,1,2017-18,20.1,105.4,105.2,105.2,107.0,106.5,106.5,-1.6,-1.4,-1.4,0.056,1.11,12.0,0.019,0.122,0.071,10.8,10.8,0.489,0.512,0.126,0.13,101.89,102.21,85.17,102.21,0.058,3156,2.0,5.0,Wesley Johnson
202083,Wesley,1610612742,DAL,31.0,63,20,43,0.317,2131.4333333333334,283,697,0.406,153,402,0.381,83,101,0.822,28,170,198,172,83,76,16,25,140,127,802,-324,1490.6,0,0,1509.0,1,2017-18,33.8,103.1,103.8,103.8,111.1,111.0,111.0,-7.9,-7.2,-7.2,0.125,2.07,17.3,0.013,0.085,0.047,8.3,8.3,0.516,0.541,0.173,0.177,97.38,97.12,80.93,97.12,0.071,4307,4.5,11.1,Wesley Matthews
203115,Will,1610612743,DEN,27.0,81,46,35,0.568,2682.901666666666,465,1028,0.452,156,422,0.37,182,226,0.805,70,339,409,331,149,82,52,70,168,192,1268,123,2508.3,2,0,2432.0,1,2017-18,33.1,109.1,110.7,110.7,108.5,108.6,108.6,0.7,2.1,2.1,0.185,2.22,20.7,0.026,0.126,0.075,9.3,9.3,0.528,0.562,0.201,0.206,99.36,98.63,82.19,98.63,0.109,5517,5.7,12.7,Will Barton
1626161,Willie,1610612758,SAC,24.0,73,23,50,0.315,2043.8233333333333,388,773,0.502,3,12,0.25,153,247,0.619,131,379,510,172,109,77,67,69,185,208,932,-323,2125.0,12,0,1905.0,1,2017-18,28.0,100.6,101.8,101.8,108.8,109.6,109.6,-8.2,-7.8,-7.8,0.135,1.58,14.8,0.064,0.197,0.128,9.4,9.4,0.504,0.529,0.215,0.218,97.58,96.65,80.55,96.65,0.115,4114,5.3,10.6,Willie Cauley-Stein
203186,Willie,1610612765,DET,28.0,42,20,22,0.476,427.855,81,121,0.669,1,2,0.5,32,55,0.582,35,86,121,10,19,9,22,14,56,48,195,16,429.2,1,0,389.0,2,2017-18,10.2,108.3,107.8,107.8,106.5,105.1,105.1,1.8,2.8,2.8,0.035,0.53,5.7,0.08,0.205,0.142,10.9,10.9,0.674,0.671,0.159,0.164,102.82,103.72,86.43,103.72,0.115,920,1.9,2.9,Willie Reed
1626195,Willy,1610612766,CHA,24.0,48,20,28,0.417,494.325,91,164,0.555,5,12,0.417,59,90,0.656,61,122,183,33,35,18,16,14,64,81,246,0,582.1,4,0,535.0,2,2017-18,10.3,103.9,103.2,103.2,105.3,103.1,103.1,-1.4,0.1,0.1,0.109,0.94,12.1,0.115,0.248,0.179,12.8,12.9,0.57,0.604,0.203,0.209,99.78,101.23,84.36,101.23,0.134,1042,1.9,3.4,Willy Hernangomez
201163,Wilson,1610612743,DEN,31.0,74,41,33,0.554,2346.2533333333336,281,631,0.445,88,246,0.358,88,114,0.772,102,296,398,159,92,43,39,24,156,103,738,56,1608.1,4,0,1547.0,1,2017-18,31.7,109.7,110.5,110.5,108.4,109.1,109.1,1.2,1.4,1.4,0.094,1.73,17.1,0.044,0.127,0.085,9.9,9.9,0.515,0.542,0.142,0.144,98.72,98.1,81.75,98.1,0.072,4790,3.8,8.5,Wilson Chandler
204098,Xavier,1610612749,MIL,26.0,6,2,4,0.333,20.75333333333333,1,6,0.167,0,2,0.0,1,2,0.5,1,0,1,4,2,1,0,0,4,1,3,-12,11.2,0,0,10.0,1,2017-18,3.5,86.9,90.5,90.5,125.5,113.6,113.6,-38.6,-23.2,-23.2,0.364,2.0,30.8,0.05,0.0,0.028,15.4,15.5,0.167,0.218,0.184,0.186,96.63,99.45,82.88,99.45,-0.047,42,0.2,1.0,Xavier Munford
1628504,Xavier,1610612763,MEM,24.0,5,0,5,0.0,117.79,12,42,0.286,1,14,0.071,4,9,0.444,0,5,5,18,11,6,3,3,18,13,29,-59,78.0,0,0,71.0,1,2017-18,23.6,91.5,89.6,89.6,113.0,113.7,113.7,-21.4,-24.2,-24.2,0.247,1.64,24.0,0.0,0.053,0.022,14.7,14.7,0.298,0.315,0.207,0.213,100.52,101.26,84.39,101.26,-0.011,249,2.4,8.4,Xavier Rathan-Mayes
202918,Xavier,1610612738,BOS,30.0,2,1,1,0.5,7.498333333333333,0,3,0.0,0,2,0.0,0,0,0.0,1,1,2,0,0,1,0,0,1,0,0,1,5.4,0,0,4.0,1,2017-18,3.7,114.5,105.9,105.9,114.2,100.0,100.0,0.3,5.9,5.9,0.0,0.0,0.0,0.091,0.125,0.105,0.0,0.0,0.0,0.0,0.136,0.16,97.94,108.82,90.69,108.82,-0.07,17,0.0,1.5,Xavier Silas
1627812,Yogi,1610612742,DAL,25.0,82,24,58,0.293,2281.485,311,730,0.426,134,359,0.373,82,103,0.796,26,223,249,201,78,64,9,33,153,136,838,3,1579.3,3,0,1568.0,1,2017-18,27.8,104.2,103.4,103.4,103.8,103.2,103.2,0.4,0.2,0.2,0.137,2.58,19.1,0.011,0.097,0.054,7.4,7.4,0.518,0.54,0.166,0.171,96.99,97.66,81.39,97.66,0.082,4638,3.8,8.9,Yogi Ferrell
1628380,Zach,1610612757,POR,20.0,66,41,25,0.621,1045.45,115,289,0.398,35,113,0.31,27,42,0.643,45,176,221,52,58,17,31,17,133,49,292,16,721.2,0,0,696.0,1,2017-18,15.8,107.7,107.6,107.6,106.6,106.3,106.3,1.1,1.3,1.3,0.07,0.9,12.5,0.044,0.163,0.105,13.9,13.9,0.458,0.475,0.153,0.158,96.3,96.46,80.39,96.46,0.052,2096,1.7,4.4,Zach Collins
203897,Zach,1610612741,CHI,23.0,24,9,15,0.375,656.2866666666666,136,355,0.383,42,123,0.341,87,107,0.813,9,85,94,72,43,24,4,30,55,66,401,-172,662.8,0,0,665.0,1,2017-18,27.3,101.6,102.6,102.6,114.8,114.7,114.7,-13.2,-12.1,-12.1,0.187,1.67,14.0,0.013,0.138,0.071,8.3,8.3,0.442,0.499,0.29,0.296,100.71,100.31,83.59,100.31,0.092,1369,5.7,14.8,Zach LaVine
2216,Zach,1610612758,SAC,36.0,59,18,41,0.305,1507.611666666667,361,763,0.473,51,147,0.347,84,107,0.785,97,300,397,127,116,42,10,40,119,138,857,-353,1563.9,8,0,1536.0,1,2017-18,25.6,101.0,102.5,102.5,114.3,114.7,114.7,-13.3,-12.2,-12.2,0.146,1.09,12.1,0.063,0.215,0.135,11.1,11.0,0.507,0.529,0.27,0.275,97.05,96.17,80.14,96.17,0.122,3028,6.1,12.9,Zach Randolph
2585,Zaza,1610612744,GSW,34.0,69,47,22,0.681,971.7466666666668,149,264,0.564,0,1,0.0,75,93,0.806,89,232,321,109,72,38,17,35,122,94,373,196,1014.7,2,0,913.0,1,2017-18,14.1,116.7,116.5,116.5,105.5,107.1,107.1,11.2,9.4,9.4,0.141,1.51,22.5,0.1,0.223,0.167,14.8,14.8,0.564,0.612,0.165,0.168,102.63,101.95,84.96,101.95,0.106,2065,2.2,3.8,Zaza Pachulia
1627753,hou Qi,1610612745,HOU,22.0,18,14,4,0.778,123.96666666666668,6,32,0.188,2,19,0.105,8,12,0.667,6,16,22,2,10,2,14,3,14,8,22,-67,89.4,0,0,80.0,1,2017-18,6.9,83.8,81.5,81.5,106.8,107.6,107.6,-23.0,-26.1,-26.1,0.028,0.2,4.0,0.042,0.116,0.078,20.0,20.3,0.219,0.295,0.163,0.165,101.2,102.22,85.18,102.22,-0.005,265,0.3,1.8,Zhou Qi
