PLAYER_ID,PLAYER_NAME_trad,NICKNAME,TEAM_ID,TEAM_ABBREVIATION,AGE,GP,W,L,W_PCT,MIN_trad,FGM,FGA,FG_PCT,FG3M,FG3A,FG3_PCT,FTM,FTA,FT_PCT,OREB,DREB,REB,AST,TOV,STL,BLK,BLKA,PF,PFD,PTS,PLUS_MINUS,NBA_FANTASY_PTS,DD2,TD3,WNBA_FANTASY_PTS,TEAM_COUNT,SEASON,PLAYER_NAME_adv,MIN_adv,E_OFF_RATING,OFF_RATING,sp_work_OFF_RATING,E_DEF_RATING,DEF_RATING,sp_work_DEF_RATING,E_NET_RATING,NET_RATING,sp_work_NET_RATING,AST_PCT,AST_TO,AST_RATIO,OREB_PCT,DREB_PCT,REB_PCT,TM_TOV_PCT,E_TOV_PCT,EFG_PCT,TS_PCT,USG_PCT,E_USG_PCT,E_PACE,PACE,PACE_PER40,sp_work_PACE,PIE,POSS,FGM_PG,FGA_PG
203932,Aaron Gordon,Aaron,1610612753,ORL,23.0,78,40,38,0.513,2632.5333333333333,470,1046,0.449,121,347,0.349,185,253,0.731,129,445,574,289,162,57,56,52,172,262,1246,107,2545.3,19,0,2456.0,1,2018-19,Aaron Gordon,33.8,107.0,107.4,107.4,105.2,105.9,105.9,1.8,1.5,1.5,0.166,1.78,18.0,0.047,0.165,0.106,10.1,10.1,0.507,0.538,0.213,0.219,99.77,99.28,82.73,99.28,0.109,5456,6.0,13.4
1628988,Aaron Holiday,Aaron,1610612754,IND,22.0,50,31,19,0.62,645.83,105,262,0.401,43,127,0.339,41,50,0.82,5,62,67,87,40,21,13,12,71,58,294,102,566.9,0,0,559.0,1,2018-19,Aaron Holiday,12.9,107.5,107.2,107.2,100.9,100.2,100.2,6.6,7.0,7.0,0.18,2.18,21.2,0.008,0.088,0.049,9.8,9.7,0.483,0.518,0.206,0.214,102.83,103.35,86.12,103.35,0.078,1393,2.1,5.2
1627846,Abdel Nader,Abdel,1610612760,OKC,25.0,61,38,23,0.623,693.6566666666666,91,215,0.423,32,100,0.32,27,36,0.75,14,102,116,20,26,20,12,8,68,35,241,-154,480.2,0,0,473.0,1,2018-19,Abdel Nader,11.4,97.7,96.4,96.4,107.6,105.8,105.8,-9.9,-9.5,-9.5,0.044,0.77,7.3,0.017,0.139,0.075,9.5,9.4,0.498,0.522,0.148,0.157,103.41,104.97,87.48,104.97,0.066,1512,1.5,3.5
201143,Al Horford,Al,1610612738,BOS,33.0,68,41,27,0.603,1972.6833333333332,387,723,0.535,73,203,0.36,78,95,0.821,120,338,458,283,102,59,86,29,126,121,925,258,2232.1,10,1,2029.0,1,2018-19,Al Horford,29.0,112.6,112.5,112.5,105.5,106.4,106.4,7.1,6.1,6.1,0.203,2.77,24.7,0.062,0.161,0.113,8.9,8.9,0.586,0.605,0.188,0.193,101.25,100.82,84.02,100.82,0.134,4146,5.7,10.6
202329,Al-Farouq Aminu,Al-Farouq,1610612757,POR,28.0,81,52,29,0.642,2291.6983333333333,257,593,0.433,96,280,0.343,150,173,0.867,112,498,610,104,72,68,33,29,143,148,760,384,1879.0,12,0,1772.0,1,2018-19,Al-Farouq Aminu,28.3,114.8,116.3,116.3,107.1,108.2,108.2,7.7,8.2,8.2,0.057,1.44,12.3,0.048,0.204,0.127,8.5,8.5,0.514,0.568,0.134,0.136,102.37,101.22,84.35,101.22,0.097,4828,3.2,7.3
1626210,Alan Williams,Alan,1610612751,BKN,26.0,5,1,4,0.2,25.53333333333333,8,13,0.615,0,1,0.0,2,4,0.5,4,15,19,3,1,1,0,0,2,3,18,16,47.3,0,0,42.0,1,2018-19,Alan Williams,5.1,114.6,115.3,115.3,93.3,88.1,88.1,21.2,27.1,27.1,0.176,3.0,15.8,0.114,0.405,0.264,5.3,5.3,0.615,0.61,0.222,0.227,108.17,110.91,92.43,110.91,0.274,59,1.6,2.6
202692,Alec Burks,Alec,1610612758,SAC,27.0,64,19,45,0.297,1374.9466666666667,192,474,0.405,61,168,0.363,116,141,0.823,30,205,235,128,65,39,21,37,91,122,561,-298,1150.0,1,0,1105.0,3,2018-19,Alec Burks,21.5,103.3,103.6,103.6,113.6,114.6,114.6,-10.3,-11.1,-11.1,0.142,1.97,17.7,0.021,0.151,0.084,9.0,8.9,0.469,0.523,0.185,0.192,100.01,99.46,82.88,99.46,0.091,2857,3.0,7.4
203518,Alex Abrines,Alex,1610612760,OKC,25.0,31,21,10,0.677,588.2733333333333,56,157,0.357,41,127,0.323,12,13,0.923,5,43,48,20,14,17,6,6,53,31,165,29,307.6,0,0,320.0,1,2018-19,Alex Abrines,19.0,101.3,101.3,101.3,99.4,99.8,99.8,2.0,1.6,1.6,0.047,1.43,10.2,0.007,0.067,0.036,7.1,7.1,0.487,0.507,0.12,0.123,104.62,104.4,87.0,104.4,0.041,1284,1.8,5.1
1627936,Alex Caruso,Alex,1610612747,LAL,25.0,25,8,17,0.32,531.1266666666667,77,173,0.445,24,50,0.48,51,64,0.797,20,47,67,77,42,24,9,18,54,58,229,46,481.9,3,0,463.0,1,2018-19,Alex Caruso,21.2,105.2,105.6,105.6,101.7,102.4,102.4,3.6,3.2,3.2,0.205,1.83,24.1,0.035,0.079,0.058,13.1,13.1,0.514,0.569,0.184,0.19,103.17,102.62,85.52,102.62,0.096,1140,3.1,6.9
203458,Alex Len,Alex,1610612737,ATL,26.0,77,28,49,0.364,1544.075,320,648,0.494,74,204,0.363,140,216,0.648,158,266,424,86,97,27,69,45,200,157,854,-163,1682.8,9,0,1630.0,1,2018-19,Alex Len,20.1,105.4,106.0,106.0,110.2,110.4,110.4,-4.8,-4.4,-4.4,0.086,0.89,9.3,0.09,0.159,0.124,10.5,10.5,0.551,0.575,0.214,0.218,107.77,107.31,89.43,107.31,0.1,3447,4.2,8.4
1627816,Alex Poythress,Alex,1610612737,ATL,25.0,21,7,14,0.333,304.9,40,81,0.494,9,23,0.391,18,29,0.621,29,47,76,17,13,4,10,7,47,28,107,-75,252.7,0,0,237.0,1,2018-19,Alex Poythress,14.5,102.1,101.5,101.5,109.5,111.5,111.5,-7.4,-10.0,-10.0,0.085,1.31,13.7,0.085,0.151,0.117,10.5,10.5,0.549,0.571,0.14,0.144,106.82,106.19,88.49,106.19,0.069,671,1.9,3.9
1628035,Alfonzo McKinnie,Alfonzo,1610612744,GSW,26.0,72,53,19,0.736,1003.3583333333332,134,275,0.487,42,118,0.356,27,48,0.563,81,166,247,31,30,18,15,20,134,48,337,11,748.9,1,0,723.0,1,2018-19,Alfonzo McKinnie,13.9,109.9,108.8,108.8,108.0,107.9,107.9,1.9,0.9,0.9,0.041,1.03,8.7,0.075,0.152,0.114,8.4,8.4,0.564,0.569,0.131,0.135,103.33,103.93,86.61,103.93,0.065,2169,1.9,3.8
1628993,Alize Johnson,Alize,1610612754,IND,23.0,14,9,5,0.643,64.43333333333334,4,16,0.25,1,2,0.5,4,8,0.5,4,15,19,1,0,1,3,1,7,4,13,1,49.3,0,0,42.0,1,2018-19,Alize Johnson,4.6,113.3,110.7,110.7,114.7,112.2,112.2,-1.4,-1.6,-1.6,0.018,0.0,4.8,0.051,0.192,0.122,0.0,0.0,0.281,0.333,0.116,0.119,108.12,110.63,92.19,110.63,0.036,150,0.3,1.1
203459,Allen Crabbe,Allen,1610612751,BKN,27.0,43,19,24,0.442,1133.0883333333334,137,373,0.367,98,259,0.378,41,56,0.732,16,132,148,46,46,23,13,10,102,39,413,4,721.6,1,0,777.0,1,2018-19,Allen Crabbe,26.4,105.5,106.5,106.5,106.6,106.1,106.1,-1.1,0.3,0.3,0.059,1.0,9.5,0.013,0.108,0.06,9.5,9.4,0.499,0.519,0.159,0.165,102.88,102.64,85.54,102.64,0.055,2421,3.2,8.7
1629019,Allonzo Trier,Allonzo,1610612752,NYK,23.0,64,13,51,0.203,1458.5633333333333,232,518,0.448,52,132,0.394,179,223,0.803,31,166,197,119,116,28,14,62,117,182,695,-205,1119.9,2,0,1147.0,1,2018-19,Allonzo Trier,22.8,101.6,102.1,102.1,108.6,109.3,109.3,-7.0,-7.2,-7.2,0.131,1.03,13.9,0.02,0.107,0.063,13.6,13.6,0.498,0.564,0.207,0.213,102.02,101.43,84.52,101.43,0.09,3090,3.6,8.1
1628518,Amile Jefferson,Amile,1610612753,ORL,26.0,12,9,3,0.75,68.25,10,16,0.625,0,0,0.0,7,8,0.875,6,15,21,3,1,3,3,1,8,4,27,13,73.7,0,0,63.0,1,2018-19,Amile Jefferson,5.7,130.9,124.3,124.3,120.3,115.5,115.5,10.6,8.8,8.8,0.052,3.0,12.5,0.082,0.25,0.158,4.2,4.3,0.625,0.692,0.125,0.129,99.39,104.09,86.74,104.09,0.111,148,0.8,1.3
101161,Amir Johnson,Amir,1610612755,PHI,32.0,51,32,19,0.627,529.1716666666666,79,157,0.503,12,40,0.3,31,41,0.756,47,100,147,60,45,16,13,6,99,45,201,-70,509.4,0,0,478.0,1,2018-19,Amir Johnson,10.4,107.3,104.7,104.7,110.4,109.7,109.7,-3.1,-5.0,-5.0,0.156,1.33,21.4,0.084,0.185,0.133,16.1,16.1,0.541,0.574,0.169,0.175,103.97,105.63,88.02,105.63,0.08,1159,1.5,3.1
203083,Andre Drummond,Andre,1610612765,DET,25.0,79,40,39,0.506,2646.89,561,1052,0.533,5,38,0.132,243,412,0.59,423,809,1232,112,175,136,138,90,272,325,1370,176,3663.4,69,0,3267.0,1,2018-19,Andre Drummond,33.5,109.6,111.7,111.7,107.1,108.4,108.4,2.4,3.3,3.3,0.068,0.64,7.3,0.151,0.311,0.228,11.5,11.5,0.536,0.555,0.226,0.228,99.65,98.15,81.79,98.15,0.159,5412,7.1,13.3
2738,Andre Iguodala,Andre,1610612744,GSW,35.0,68,47,21,0.691,1577.88,151,302,0.5,48,144,0.333,39,67,0.582,48,204,252,216,52,61,51,4,95,82,389,315,1299.4,0,0,1129.0,1,2018-19,Andre Iguodala,23.2,114.4,113.4,113.4,104.3,104.4,104.4,10.1,9.0,9.0,0.173,4.15,36.0,0.031,0.117,0.076,8.7,8.7,0.579,0.587,0.101,0.104,102.81,103.23,86.03,103.23,0.09,3398,2.2,4.4
201281,Andre Ingram,Andre,1610612747,LAL,33.0,4,1,3,0.25,14.626666666666669,0,6,0.0,0,3,0.0,0,0,0.0,1,1,2,0,1,1,0,0,0,1,0,5,4.4,0,0,4.0,1,2018-19,Andre Ingram,3.7,99.2,97.1,97.1,87.0,87.5,87.5,12.2,9.6,9.6,0.0,0.0,0.0,0.059,0.053,0.056,14.3,14.3,0.0,0.0,0.184,0.193,107.44,108.3,90.25,108.3,-0.093,34,0.0,1.5
101106,Andrew Bogut,Andrew,1610612744,GSW,34.0,11,8,3,0.727,134.36333333333334,18,36,0.5,0,0,0.0,3,3,1.0,12,43,55,11,8,3,8,1,22,8,39,10,146.5,0,0,127.0,1,2018-19,Andrew Bogut,12.2,115.0,114.3,114.3,111.6,110.5,110.5,3.4,3.9,3.9,0.104,1.38,19.6,0.1,0.297,0.208,14.3,14.2,0.5,0.523,0.148,0.151,101.56,102.35,85.29,102.35,0.092,286,1.6,3.3
1626150,Andrew Harrison,Andrew,1610612740,NOP,24.0,17,6,11,0.353,185.785,16,53,0.302,5,25,0.2,17,18,0.944,6,14,20,24,12,4,2,2,34,18,54,-22,120.0,0,0,115.0,3,2018-19,Andrew Harrison,10.9,105.9,103.2,103.2,109.0,108.7,108.7,-3.1,-5.5,-5.5,0.194,2.0,24.7,0.032,0.074,0.053,12.4,12.4,0.349,0.443,0.171,0.179,96.39,97.79,81.49,97.79,0.025,378,0.9,3.1
203952,Andrew Wiggins,Andrew,1610612750,MIN,24.0,73,31,42,0.425,2542.713333333333,498,1209,0.412,118,348,0.339,207,296,0.699,83,269,352,184,138,70,48,88,153,228,1321,-66,2235.4,3,0,2211.0,1,2018-19,Andrew Wiggins,34.8,109.0,110.7,110.7,110.7,111.9,111.9,-1.7,-1.2,-1.2,0.108,1.33,11.1,0.031,0.099,0.065,8.3,8.3,0.461,0.493,0.24,0.244,102.89,101.57,84.64,101.57,0.078,5379,6.8,16.6
1629014,Anfernee Simons,Anfernee,1610612757,POR,20.0,20,17,3,0.85,140.50833333333333,28,63,0.444,10,29,0.345,9,16,0.563,3,10,13,13,11,1,0,3,9,10,75,-52,102.1,0,0,113.0,1,2018-19,Anfernee Simons,7.0,107.9,104.5,104.5,122.8,122.1,122.1,-14.9,-17.6,-17.6,0.135,1.18,13.7,0.022,0.067,0.046,11.6,11.7,0.524,0.535,0.24,0.248,103.27,105.22,87.68,105.22,0.06,309,1.4,3.2
1629116,Angel Delgado,Angel,1610612746,LAC,24.0,2,0,2,0.0,14.766666666666667,1,5,0.2,0,0,0.0,1,2,0.5,2,2,4,0,0,1,0,2,2,1,3,3,10.8,0,0,9.0,1,2018-19,Angel Delgado,7.4,75.1,75.8,75.8,68.1,68.8,68.8,7.1,7.0,7.0,0.0,0.0,0.0,0.083,0.143,0.105,0.0,0.0,0.2,0.255,0.15,0.158,106.62,105.64,88.04,105.64,0.0,33,0.5,2.5
1627790,Ante Zizic,Ante,1610612739,CLE,22.0,59,13,46,0.22,1081.9683333333332,183,331,0.553,0,0,0.0,93,132,0.705,108,212,320,53,61,13,22,35,113,121,459,-80,966.5,4,0,902.0,1,2018-19,Ante Zizic,18.3,105.9,106.3,106.3,110.5,110.2,110.2,-4.6,-3.9,-3.9,0.075,0.87,10.5,0.097,0.193,0.144,12.1,12.1,0.553,0.59,0.178,0.182,99.44,99.35,82.79,99.35,0.103,2243,3.1,5.6
203076,Anthony Davis,Anthony,1610612740,NOP,26.0,56,25,31,0.446,1849.8833333333332,530,1026,0.517,48,145,0.331,344,433,0.794,174,498,672,218,112,88,135,40,132,368,1452,133,3142.4,37,0,2836.0,1,2018-19,Anthony Davis,33.0,111.4,113.5,113.5,108.5,110.1,110.1,2.9,3.4,3.4,0.186,1.95,14.1,0.089,0.249,0.17,7.3,7.2,0.54,0.597,0.288,0.293,105.51,103.73,86.44,103.73,0.197,3996,9.5,18.3
201229,Anthony Tolliver,Anthony,1610612750,MIN,34.0,65,27,38,0.415,1079.3416666666667,99,259,0.382,81,215,0.377,47,60,0.783,15,162,177,46,36,17,21,7,91,54,326,-66,685.4,0,0,706.0,1,2018-19,Anthony Tolliver,16.6,104.0,104.5,104.5,109.0,108.6,108.6,-5.0,-4.1,-4.1,0.059,1.28,12.6,0.012,0.143,0.075,9.9,9.8,0.539,0.571,0.121,0.125,102.64,102.57,85.48,102.57,0.064,2320,1.5,4.0
1628469,Antonio Blakeney,Antonio,1610612741,CHI,22.0,57,14,43,0.246,829.0366666666666,166,396,0.419,36,91,0.396,50,76,0.658,7,99,106,42,35,12,9,31,41,51,418,-148,636.2,0,0,644.0,1,2018-19,Antonio Blakeney,14.5,102.6,102.9,102.9,111.4,110.8,110.8,-8.8,-7.8,-7.8,0.079,1.2,8.3,0.008,0.114,0.061,6.9,6.9,0.465,0.487,0.24,0.246,101.18,101.32,84.44,101.32,0.073,1745,2.9,6.9
203382,Aron Baynes,Aron,1610612738,BOS,32.0,51,32,19,0.627,820.795,105,223,0.471,21,61,0.344,53,62,0.855,88,152,240,57,40,12,34,12,125,96,284,130,755.5,3,0,694.0,1,2018-19,Aron Baynes,16.1,110.1,110.0,110.0,102.8,102.2,102.2,7.3,7.7,7.7,0.092,1.43,16.3,0.103,0.175,0.139,11.5,11.5,0.518,0.567,0.147,0.151,102.54,102.92,85.77,102.92,0.083,1757,2.1,4.4
203085,Austin Rivers,Austin,1610612745,HOU,26.0,76,45,31,0.592,2027.7266666666667,232,572,0.406,104,327,0.318,50,95,0.526,25,137,162,167,68,47,23,24,207,103,618,104,1204.9,0,0,1191.0,2,2018-19,Austin Rivers,26.7,111.2,111.6,111.6,108.3,109.1,109.1,2.9,2.5,2.5,0.12,2.46,19.7,0.012,0.065,0.038,8.0,8.0,0.497,0.503,0.142,0.146,101.64,101.09,84.24,101.09,0.042,4269,3.1,7.5
202340,Avery Bradley,Avery,1610612763,MEM,28.0,63,31,32,0.492,1905.4483333333333,248,608,0.408,86,245,0.351,43,50,0.86,43,132,175,152,89,41,16,48,167,69,625,-82,1145.0,0,0,1152.0,2,2018-19,Avery Bradley,30.2,107.2,108.7,108.7,109.6,110.2,110.2,-2.5,-1.5,-1.5,0.114,1.71,17.5,0.022,0.065,0.044,10.2,10.2,0.479,0.496,0.16,0.163,102.09,101.13,84.27,101.13,0.047,4005,3.9,9.7
1629168,BJ Johnson,BJ,1610612758,SAC,23.0,7,2,5,0.286,49.35,9,18,0.5,3,7,0.429,2,2,1.0,2,6,8,0,2,2,0,2,4,2,23,-16,36.6,0,0,38.0,2,2018-19,BJ Johnson,7.1,104.3,102.8,102.8,121.4,115.3,115.3,-17.2,-12.6,-12.6,0.0,0.0,0.0,0.038,0.15,0.086,9.5,9.6,0.583,0.609,0.178,0.186,103.49,106.99,89.16,106.99,0.074,109,1.3,2.6
1628389,Bam Adebayo,Bam,1610612748,MIA,21.0,82,39,43,0.476,1912.6,280,486,0.576,3,15,0.2,166,226,0.735,165,432,597,184,121,71,65,31,203,227,729,21,2008.4,11,0,1785.0,1,2018-19,Bam Adebayo,23.3,104.8,105.0,105.0,104.2,104.5,104.5,0.6,0.5,0.5,0.146,1.52,20.7,0.083,0.221,0.151,13.6,13.6,0.579,0.623,0.157,0.162,99.76,99.5,82.91,99.5,0.133,3966,3.4,5.9
203463,Ben McLemore,Ben,1610612758,SAC,26.0,19,7,12,0.368,157.6233333333333,25,64,0.391,17,41,0.415,8,12,0.667,3,14,17,4,5,6,3,3,22,7,75,-17,123.4,0,0,131.0,1,2018-19,Ben McLemore,8.3,107.9,105.5,105.5,111.8,109.0,109.0,-3.9,-3.5,-3.5,0.035,0.8,5.1,0.018,0.089,0.053,6.4,6.4,0.523,0.541,0.185,0.193,107.95,110.54,92.12,110.54,0.05,361,1.3,3.4
1627732,Ben Simmons,Ben,1610612755,PHI,22.0,79,50,29,0.633,2700.2633333333333,540,960,0.563,0,6,0.0,257,428,0.6,172,525,697,610,274,112,61,57,209,373,1337,116,3333.4,42,10,2990.0,1,2018-19,Ben Simmons,34.2,110.4,111.3,111.3,107.6,108.9,108.9,2.8,2.4,2.4,0.341,2.23,30.0,0.062,0.179,0.122,13.5,13.5,0.563,0.582,0.215,0.218,104.99,103.99,86.66,103.99,0.145,5838,6.8,12.2
1628656,Billy Garrett,Billy,1610612752,NYK,24.0,4,1,3,0.25,63.43333333333333,11,27,0.407,0,8,0.0,4,4,1.0,0,3,3,7,2,1,1,0,3,4,26,-16,44.1,0,0,40.0,1,2018-19,Billy Garrett,15.9,100.8,97.8,97.8,110.2,106.4,106.4,-9.4,-8.6,-8.6,0.189,3.5,18.4,0.0,0.041,0.022,5.3,5.3,0.407,0.452,0.215,0.221,101.1,104.42,87.02,104.42,0.063,136,2.8,6.8
202687,Bismack Biyombo,Bismack,1610612766,CHA,26.0,54,24,30,0.444,782.4416666666667,89,156,0.571,0,0,0.0,58,91,0.637,81,166,247,33,34,11,41,23,103,82,236,-133,703.9,3,0,620.0,1,2018-19,Bismack Biyombo,14.5,104.9,104.1,104.1,111.0,111.8,111.8,-6.1,-7.7,-7.7,0.064,0.97,12.5,0.099,0.205,0.151,12.9,12.9,0.571,0.602,0.128,0.132,98.65,98.68,82.23,98.68,0.085,1604,1.6,2.9
201933,Blake Griffin,Blake,1610612765,DET,30.0,75,39,36,0.52,2622.333333333333,619,1341,0.462,189,522,0.362,414,550,0.753,100,465,565,402,253,52,28,72,199,573,1841,37,3109.0,21,2,3157.0,1,2018-19,Blake Griffin,35.0,107.6,109.8,109.8,108.2,109.3,109.3,-0.5,0.5,0.5,0.268,1.59,18.0,0.036,0.182,0.105,11.3,11.3,0.532,0.581,0.296,0.3,100.15,98.63,82.19,98.63,0.153,5394,8.3,17.9
1626246,Boban Marjanovic,Boban,1610612755,PHI,30.0,58,31,27,0.534,680.6583333333333,160,260,0.615,4,10,0.4,98,131,0.748,87,178,265,54,59,16,27,18,90,93,422,3,891.0,6,0,831.0,2,2018-19,Boban Marjanovic,11.7,105.7,105.3,105.3,105.6,105.3,105.3,0.1,0.1,0.1,0.128,0.92,12.6,0.124,0.232,0.18,13.7,13.7,0.623,0.664,0.222,0.228,103.8,104.16,86.8,104.16,0.164,1478,2.8,4.5
1626171,Bobby Portis,Bobby,1610612764,WAS,24.0,50,14,36,0.28,1298.1766666666667,279,628,0.444,75,191,0.393,77,97,0.794,109,294,403,72,74,35,20,30,145,92,710,-110,1392.6,14,0,1370.0,2,2018-19,Bobby Portis Jr.,26.0,109.5,109.9,109.9,114.0,114.3,114.3,-4.5,-4.4,-4.4,0.085,0.97,8.8,0.083,0.226,0.154,9.1,9.1,0.504,0.529,0.241,0.246,102.15,101.85,84.87,101.85,0.106,2760,5.6,12.6
203992,Bogdan Bogdanović,Bogdan,1610612758,SAC,26.0,70,32,38,0.457,1947.17,361,863,0.418,134,372,0.36,134,162,0.827,40,203,243,267,117,72,15,39,142,185,990,-39,1826.1,1,0,1808.0,1,2018-19,Bogdan Bogdanović,27.8,108.0,108.2,108.2,108.6,109.3,109.3,-0.7,-1.1,-1.1,0.199,2.28,20.3,0.019,0.098,0.058,8.9,8.9,0.496,0.53,0.22,0.227,103.5,103.07,85.89,103.07,0.099,4184,5.2,12.3
202711,Bojan Bogdanovic,Bojan,1610612754,IND,30.0,81,47,34,0.58,2573.0583333333334,522,1051,0.497,164,386,0.425,246,305,0.807,33,300,333,161,134,69,1,88,138,234,1454,177,2171.1,0,0,2252.0,1,2018-19,Bojan Bogdanovic,31.8,107.7,108.7,108.7,105.1,105.8,105.8,2.5,2.9,2.9,0.095,1.2,11.0,0.013,0.113,0.064,9.1,9.1,0.575,0.613,0.219,0.225,100.11,99.31,82.76,99.31,0.111,5334,6.4,13.0
1629045,Bonzie Colson,Bonzie,1610612749,MIL,23.0,8,6,2,0.75,98.47666666666667,13,39,0.333,5,21,0.238,8,9,0.889,8,22,30,3,3,5,1,3,3,6,39,-22,94.5,2,0,89.0,1,2018-19,Bonzie Colson,12.3,107.4,108.4,108.4,117.7,117.5,117.5,-10.3,-9.2,-9.2,0.04,1.0,6.1,0.065,0.182,0.122,6.1,6.1,0.397,0.454,0.174,0.177,111.34,110.89,92.41,110.89,0.081,227,1.6,4.9
202954,Brad Wanamaker,Brad,1610612738,BOS,29.0,36,27,9,0.75,342.6083333333333,50,105,0.476,16,39,0.41,24,28,0.857,3,38,41,56,19,12,2,2,34,23,140,72,296.2,0,0,281.0,1,2018-19,Brad Wanamaker,9.5,109.2,106.6,106.6,97.1,97.8,97.8,12.1,8.8,8.8,0.225,2.95,29.2,0.008,0.096,0.054,9.9,9.9,0.552,0.597,0.162,0.17,102.09,102.9,85.75,102.9,0.104,738,1.4,2.9
203078,Bradley Beal,Bradley,1610612764,WAS,26.0,82,32,50,0.39,3027.651666666666,764,1609,0.475,209,596,0.351,362,448,0.808,89,322,411,448,224,121,58,64,226,361,2099,-112,3577.2,11,2,3525.0,1,2018-19,Bradley Beal,36.9,110.1,111.7,111.7,112.1,113.5,113.5,-2.0,-1.8,-1.8,0.233,2.0,18.2,0.028,0.104,0.066,9.1,9.0,0.54,0.581,0.278,0.283,104.12,102.79,85.66,102.79,0.128,6486,9.3,19.6
1629164,Brandon Goodwin,Brandon,1610612743,DEN,23.0,16,10,6,0.625,57.053333333333335,6,23,0.261,2,6,0.333,9,11,0.818,1,2,3,14,3,0,0,0,7,10,23,12,44.6,0,0,42.0,1,2018-19,Brandon Goodwin,3.6,110.2,107.2,107.2,102.7,99.2,99.2,7.5,8.0,8.0,0.298,4.67,31.1,0.016,0.038,0.026,6.7,6.7,0.304,0.413,0.22,0.231,101.14,104.32,86.94,104.32,0.046,125,0.4,1.4
1627742,Brandon Ingram,Brandon,1610612747,LAL,21.0,52,25,27,0.481,1760.493333333333,362,729,0.497,31,94,0.33,195,289,0.675,41,226,267,154,129,28,31,50,149,266,950,-59,1549.4,2,0,1520.0,1,2018-19,Brandon Ingram,33.9,105.7,107.3,107.3,107.5,108.8,108.8,-1.8,-1.5,-1.5,0.127,1.19,13.5,0.022,0.113,0.069,11.3,11.3,0.518,0.555,0.227,0.231,105.83,104.41,87.01,104.41,0.092,3828,7.0,14.0
202688,Brandon Knight,Brandon,1610612739,CLE,27.0,39,17,22,0.436,736.545,99,260,0.381,41,129,0.318,27,34,0.794,10,49,59,71,30,21,2,17,62,51,266,-190,482.3,0,0,483.0,2,2018-19,Brandon Knight,18.9,102.8,102.9,102.9,115.5,114.9,114.9,-12.7,-12.0,-12.0,0.147,2.37,18.9,0.012,0.07,0.039,8.0,8.0,0.46,0.484,0.178,0.182,99.17,99.38,82.82,99.38,0.051,1522,2.5,6.7
1629102,Brandon Sampson,Brandon,1610612741,CHI,22.0,14,3,11,0.214,214.305,28,60,0.467,11,29,0.379,4,6,0.667,3,13,16,10,12,8,3,2,19,6,71,-28,126.2,0,0,130.0,1,2018-19,Brandon Sampson,15.3,108.3,107.9,107.9,115.9,113.9,113.9,-7.6,-6.0,-6.0,0.063,0.83,11.8,0.014,0.063,0.038,14.1,14.2,0.558,0.567,0.154,0.155,98.56,99.56,82.97,99.56,0.043,444,2.0,4.3
201572,Brook Lopez,Brook,1610612749,MIL,31.0,81,60,21,0.741,2321.595,355,786,0.452,187,512,0.365,112,133,0.842,33,363,396,98,82,51,179,15,189,127,1009,584,2239.2,2,0,2150.0,1,2018-19,Brook Lopez,28.7,113.9,114.9,114.9,102.8,103.4,103.4,11.1,11.5,11.5,0.055,1.2,9.6,0.014,0.135,0.079,8.0,8.0,0.571,0.597,0.165,0.168,105.54,104.79,87.33,104.79,0.088,5069,4.4,9.7
1628971,Bruce Brown,Bruce,1610612765,DET,22.0,74,35,39,0.473,1449.3166666666666,125,314,0.398,24,93,0.258,45,60,0.75,48,137,185,91,46,40,36,39,178,55,319,-4,859.5,0,0,771.0,1,2018-19,Bruce Brown,19.6,106.7,106.5,106.5,104.7,105.8,105.8,2.0,0.7,0.7,0.087,1.98,19.1,0.032,0.092,0.062,9.7,9.6,0.436,0.469,0.113,0.116,99.53,99.08,82.56,99.08,0.037,2980,1.7,4.2
203998,Bruno Caboclo,Bruno,1610612763,MEM,23.0,34,14,20,0.412,799.7016666666667,96,225,0.427,48,130,0.369,42,50,0.84,42,116,158,50,38,14,33,14,81,37,282,0,649.6,3,0,632.0,1,2018-19,Bruno Caboclo,23.5,108.0,108.4,108.4,107.8,107.5,107.5,0.3,0.9,0.9,0.091,1.32,15.0,0.05,0.137,0.093,11.4,11.3,0.533,0.571,0.15,0.155,99.96,99.94,83.28,99.94,0.078,1658,2.8,6.6
1627854,Bryn Forbes,Bryn,1610612759,SAS,25.0,82,48,34,0.585,2292.6,361,791,0.456,176,413,0.426,69,78,0.885,18,221,239,175,80,45,4,36,159,80,967,-8,1583.3,1,0,1655.0,1,2018-19,Bryn Forbes,28.0,110.3,109.9,109.9,108.9,110.2,110.2,1.5,-0.3,-0.3,0.105,2.19,16.3,0.008,0.096,0.053,7.5,7.4,0.568,0.586,0.171,0.176,99.58,99.21,82.67,99.21,0.077,4741,4.4,9.6
1627741,Buddy Hield,Buddy,1610612758,SAC,26.0,82,39,43,0.476,2614.858333333333,623,1360,0.458,278,651,0.427,171,193,0.886,106,306,412,205,146,58,33,54,202,144,1695,0,2623.9,3,0,2772.0,1,2018-19,Buddy Hield,31.9,108.8,109.4,109.4,108.7,110.0,110.0,0.0,-0.6,-0.6,0.117,1.4,11.5,0.036,0.11,0.072,8.2,8.1,0.56,0.587,0.243,0.25,105.86,104.94,87.45,104.94,0.11,5733,7.6,16.6
203710,C.J. Williams,C.J.,1610612750,MIN,29.0,15,4,11,0.267,128.16666666666666,17,35,0.486,5,16,0.313,0,1,0.0,1,7,8,12,5,6,0,1,16,3,39,-49,79.6,0,0,76.0,1,2018-19,C.J. Williams,8.5,96.9,95.5,95.5,112.1,113.0,113.0,-15.2,-17.5,-17.5,0.158,2.4,23.1,0.007,0.053,0.029,9.6,9.5,0.557,0.55,0.138,0.145,100.09,100.37,83.64,100.37,0.049,267,1.1,2.3
203468,CJ McCollum,CJ,1610612757,POR,27.0,70,43,27,0.614,2375.2566666666667,571,1243,0.459,167,445,0.375,159,192,0.828,62,220,282,207,106,55,28,64,172,166,1468,349,2259.9,1,1,2290.0,1,2018-19,CJ McCollum,33.9,113.7,115.4,115.4,107.8,108.9,108.9,5.9,6.5,6.5,0.133,1.95,12.6,0.025,0.087,0.056,6.5,6.5,0.527,0.553,0.248,0.251,102.51,101.22,84.35,101.22,0.103,5020,8.2,17.8
101139,CJ Miles,CJ,1610612763,MEM,32.0,53,33,20,0.623,856.595,112,311,0.36,67,203,0.33,48,58,0.828,13,82,95,36,30,26,15,17,79,47,339,-16,600.0,0,0,619.0,2,2018-19,CJ Miles,16.2,103.0,103.8,103.8,105.5,105.5,105.5,-2.5,-1.7,-1.7,0.061,1.2,9.0,0.014,0.09,0.051,7.5,7.5,0.468,0.504,0.173,0.179,104.4,104.03,86.69,104.03,0.056,1864,2.1,5.9
1628403,Caleb Swanigan,Caleb,1610612758,SAC,22.0,21,10,11,0.476,178.03333333333333,18,53,0.34,1,7,0.143,6,9,0.667,17,47,64,11,18,6,1,6,28,15,43,-61,139.3,1,0,133.0,2,2018-19,Caleb Swanigan,8.5,89.9,90.9,90.9,109.1,107.6,107.6,-19.2,-16.8,-16.8,0.098,0.61,12.8,0.081,0.236,0.156,20.9,20.9,0.349,0.377,0.17,0.175,102.73,102.86,85.71,102.86,0.053,383,0.9,2.5
1629244,Cam Reynolds,Cam,1610612750,MIN,24.0,19,6,13,0.316,259.4483333333333,33,78,0.423,21,51,0.412,8,9,0.889,4,27,31,13,5,6,2,3,26,8,95,-26,170.7,0,0,176.0,1,2018-19,Cam Reynolds,13.7,105.8,107.5,107.5,113.2,112.4,112.4,-7.4,-4.9,-4.9,0.073,2.6,13.0,0.014,0.102,0.057,5.0,5.0,0.558,0.58,0.141,0.144,101.75,101.29,84.41,101.29,0.063,548,1.7,4.1
1626166,Cameron Payne,Cameron,1610612739,CLE,24.0,40,7,33,0.175,712.225,96,223,0.43,25,84,0.298,33,41,0.805,13,59,72,106,45,28,9,6,64,42,250,-224,561.4,0,0,527.0,2,2018-19,Cameron Payne,17.8,98.8,99.5,99.5,114.6,114.8,114.8,-15.8,-15.2,-15.2,0.225,2.36,27.1,0.017,0.083,0.05,11.5,11.5,0.487,0.519,0.169,0.174,102.43,101.97,84.97,101.97,0.074,1516,2.4,5.6
1627747,Caris LeVert,Caris,1610612751,BKN,24.0,40,19,21,0.475,1062.8866666666668,207,483,0.429,48,154,0.312,85,123,0.691,35,116,151,156,69,42,14,28,77,111,547,-12,1061.2,0,0,1014.0,1,2018-19,Caris LeVert,26.6,107.4,108.5,108.5,107.6,108.7,108.7,-0.2,-0.2,-0.2,0.231,2.26,20.6,0.03,0.1,0.065,9.1,9.1,0.478,0.509,0.235,0.241,103.02,102.02,85.01,102.02,0.103,2256,5.2,12.1
2546,Carmelo Anthony,Carmelo,1610612745,HOU,35.0,10,4,6,0.4,294.14166666666665,49,121,0.405,21,64,0.328,15,22,0.682,9,45,54,5,8,4,7,4,32,21,134,-63,231.3,0,0,236.0,1,2018-19,Carmelo Anthony,29.4,99.8,102.3,102.3,111.4,112.2,112.2,-11.6,-9.9,-9.9,0.028,0.63,3.5,0.027,0.158,0.088,5.6,5.6,0.492,0.513,0.199,0.202,101.47,99.87,83.23,99.87,0.074,611,4.9,12.1
1626224,Cedi Osman,Cedi,1610612739,CLE,24.0,76,17,59,0.224,2443.911666666667,360,844,0.427,130,374,0.348,141,181,0.779,45,312,357,195,114,60,11,49,195,170,991,-641,1810.9,3,0,1815.0,1,2018-19,Cedi Osman,32.2,104.8,106.0,106.0,117.9,118.8,118.8,-13.1,-12.8,-12.8,0.12,1.71,15.9,0.018,0.134,0.073,9.3,9.2,0.504,0.536,0.182,0.186,98.99,98.05,81.71,98.05,0.075,4992,4.7,11.1
1628990,Chandler Hutchison,Chandler,1610612741,CHI,23.0,44,10,34,0.227,894.615,96,209,0.459,14,50,0.28,23,38,0.605,31,154,185,34,25,23,6,11,59,46,229,-115,564.0,1,0,520.0,1,2018-19,Chandler Hutchison,20.3,101.7,101.9,101.9,107.0,107.6,107.6,-5.3,-5.6,-5.6,0.055,1.36,11.9,0.033,0.167,0.1,8.7,8.8,0.493,0.507,0.121,0.123,100.97,100.63,83.86,100.63,0.073,1871,2.2,4.8
202718,Chandler Parsons,Chandler,1610612763,MEM,30.0,25,11,14,0.44,495.77,68,182,0.374,29,94,0.309,22,25,0.88,4,66,70,43,32,19,5,7,45,27,187,-46,375.5,0,0,377.0,1,2018-19,Chandler Parsons,19.8,101.6,101.6,101.6,106.1,107.0,107.0,-4.6,-5.4,-5.4,0.143,1.34,16.0,0.007,0.126,0.066,11.9,11.9,0.453,0.484,0.192,0.199,100.22,99.77,83.14,99.77,0.069,1035,2.7,7.3
101112,Channing Frye,Channing,1610612739,CLE,36.0,36,7,29,0.194,340.995,43,117,0.368,32,79,0.405,11,14,0.786,4,48,52,20,13,6,5,3,44,16,129,-146,241.4,0,0,255.0,1,2018-19,Channing Frye,9.5,99.9,99.3,99.3,124.0,121.9,121.9,-24.2,-22.6,-22.6,0.1,1.54,12.8,0.01,0.158,0.075,8.3,8.3,0.504,0.524,0.174,0.179,96.84,97.97,81.64,97.97,0.053,701,1.2,3.3
1626184,Chasson Randle,Chasson,1610612764,WAS,26.0,49,19,30,0.388,742.91,91,217,0.419,46,115,0.4,43,62,0.694,10,46,56,97,43,25,3,16,91,56,271,-110,524.7,0,0,526.0,1,2018-19,Chasson Randle,15.2,106.1,104.8,104.8,111.8,110.6,110.6,-5.8,-5.8,-5.8,0.182,2.26,25.1,0.013,0.062,0.036,11.1,11.2,0.525,0.555,0.16,0.166,102.87,104.06,86.71,104.06,0.053,1603,1.9,4.4
1627767,Cheick Diallo,Cheick,1610612740,NOP,22.0,64,27,37,0.422,895.645,168,271,0.62,1,4,0.25,50,67,0.746,75,257,332,33,49,29,33,20,113,62,387,-88,971.9,10,0,877.0,1,2018-19,Cheick Diallo,14.0,106.7,105.3,105.3,111.1,110.0,110.0,-4.4,-4.7,-4.7,0.051,0.67,8.6,0.079,0.26,0.171,12.8,12.8,0.622,0.644,0.155,0.161,105.97,107.19,89.32,107.19,0.121,2003,2.6,4.2
1629002,Chimezie Metu,Chimezie,1610612759,SAS,22.0,29,14,15,0.483,145.44,19,58,0.328,0,2,0.0,13,17,0.765,9,27,36,13,15,6,2,3,14,11,51,-1,122.7,0,0,116.0,1,2018-19,Chimezie Metu,5.0,102.9,99.4,99.4,106.5,100.6,100.6,-3.6,-1.3,-1.3,0.14,0.87,13.8,0.061,0.179,0.121,16.0,16.0,0.328,0.389,0.223,0.231,100.15,104.79,87.32,104.79,0.052,319,0.7,2.0
1628449,Chris Boucher,Chris,1610612761,TOR,26.0,28,21,7,0.75,163.16166666666666,34,76,0.447,12,37,0.324,13,15,0.867,16,40,56,2,7,6,24,7,31,15,93,-13,246.2,1,0,223.0,1,2018-19,Chris Boucher,5.8,105.9,105.5,105.5,109.6,109.7,109.7,-3.8,-4.2,-4.2,0.02,0.29,2.2,0.086,0.209,0.148,7.6,7.6,0.526,0.563,0.214,0.221,106.6,106.79,88.99,106.79,0.114,364,1.2,2.7
1629185,Chris Chiozza,Chris,1610612745,HOU,23.0,7,6,1,0.857,32.53333333333333,2,8,0.25,2,5,0.4,0,0,0.0,1,3,4,4,1,1,1,1,2,1,6,-12,21.8,0,0,20.0,1,2018-19,Chris Chiozza,4.6,91.8,83.8,83.8,108.1,108.8,108.8,-16.2,-25.0,-25.0,0.19,4.0,30.8,0.021,0.111,0.053,7.7,7.7,0.375,0.375,0.108,0.118,100.33,104.75,87.3,104.75,0.051,74,0.3,1.1
101108,Chris Paul,Chris,1610612745,HOU,34.0,58,39,19,0.672,1856.775,302,720,0.419,127,355,0.358,175,203,0.862,36,229,265,473,152,114,18,15,146,184,906,300,2177.5,18,1,2035.0,1,2018-19,Chris Paul,32.0,111.9,112.4,112.4,104.8,104.2,104.2,7.1,8.3,8.3,0.382,3.11,33.1,0.019,0.123,0.07,10.6,10.6,0.508,0.56,0.22,0.226,100.3,100.37,83.64,100.37,0.138,3873,5.2,12.4
1626174,Christian Wood,Christian,1610612740,NOP,23.0,21,13,8,0.619,250.305,61,117,0.521,9,26,0.346,41,56,0.732,17,66,83,8,17,7,10,5,17,36,172,-53,317.6,2,0,306.0,2,2018-19,Christian Wood,11.9,101.6,100.9,100.9,110.2,110.3,110.3,-8.6,-9.4,-9.4,0.051,0.47,4.8,0.061,0.231,0.147,10.3,10.2,0.56,0.607,0.247,0.257,108.0,108.35,90.29,108.35,0.146,565,2.9,5.6
203991,Clint Capela,Clint,1610612745,HOU,25.0,67,44,23,0.657,2248.728333333333,474,732,0.648,0,0,0.0,166,261,0.636,298,550,848,96,94,44,102,62,168,224,1114,232,2619.6,45,0,2350.0,1,2018-19,Clint Capela,33.6,113.2,114.0,114.0,107.5,108.7,108.7,5.7,5.4,5.4,0.07,1.02,9.3,0.13,0.241,0.185,9.1,9.1,0.648,0.658,0.18,0.183,99.1,98.21,81.84,98.21,0.156,4594,7.1,10.9
203469,Cody Zeller,Cody,1610612766,CHA,26.0,49,22,27,0.449,1242.9633333333334,190,345,0.551,6,22,0.273,111,141,0.787,110,223,333,102,62,38,41,42,164,152,497,42,1224.6,4,0,1096.0,1,2018-19,Cody Zeller,25.4,110.5,112.3,112.3,109.7,110.9,110.9,0.9,1.4,1.4,0.114,1.65,17.8,0.084,0.171,0.127,10.8,10.9,0.559,0.611,0.159,0.161,102.03,100.64,83.86,100.64,0.101,2609,3.9,7.0
1629012,Collin Sexton,Collin,1610612739,CLE,20.0,82,19,63,0.232,2605.023333333333,519,1206,0.43,119,296,0.402,214,255,0.839,57,179,236,243,185,44,6,101,186,257,1371,-672,1983.7,2,0,2069.0,1,2018-19,Collin Sexton,31.8,104.5,105.6,105.6,117.5,118.1,118.1,-13.0,-12.5,-12.5,0.154,1.31,13.9,0.021,0.072,0.045,10.6,10.6,0.48,0.52,0.247,0.252,99.33,98.54,82.12,98.54,0.073,5347,6.3,14.7
201147,Corey Brewer,Corey,1610612758,SAC,33.0,31,13,18,0.419,491.5683333333333,53,123,0.431,14,44,0.318,31,43,0.721,26,50,76,39,19,32,7,10,63,33,151,1,398.7,0,0,358.0,2,2018-19,Corey Brewer,15.9,107.0,106.6,106.6,107.5,106.6,106.6,-0.5,0.0,0.0,0.107,2.05,19.4,0.045,0.098,0.07,9.5,9.5,0.488,0.532,0.13,0.134,103.39,104.04,86.7,104.04,0.063,1066,1.7,4.0
202709,Cory Joseph,Cory,1610612754,IND,27.0,82,48,34,0.585,2063.4816666666666,226,548,0.412,55,171,0.322,30,43,0.698,39,240,279,321,80,94,22,22,131,92,537,211,1621.3,1,0,1424.0,1,2018-19,Cory Joseph,25.2,107.1,107.6,107.6,101.7,102.4,102.4,5.5,5.2,5.2,0.208,4.01,33.1,0.019,0.111,0.066,8.3,8.3,0.463,0.474,0.134,0.137,100.32,99.69,83.07,99.69,0.087,4280,2.8,6.7
201584,Courtney Lee,Courtney,1610612742,DAL,33.0,34,6,28,0.176,428.23,53,129,0.411,16,55,0.291,14,21,0.667,9,45,54,37,14,21,3,5,32,21,136,-56,314.3,0,0,291.0,2,2018-19,Courtney Lee,12.6,102.8,102.3,102.3,110.3,108.6,108.6,-7.4,-6.4,-6.4,0.13,2.64,19.7,0.019,0.105,0.06,7.4,7.4,0.473,0.492,0.15,0.156,101.52,102.56,85.47,102.56,0.068,916,1.6,3.8
1626245,Cristiano Felicio,Cristiano,1610612741,CHI,26.0,60,16,44,0.267,746.3966666666666,95,179,0.531,0,4,0.0,50,73,0.685,79,139,218,37,33,11,7,24,69,67,240,-130,578.1,0,0,531.0,1,2018-19,Cristiano Felicio,12.4,105.0,103.7,103.7,112.8,111.7,111.7,-7.8,-8.0,-8.0,0.07,1.12,13.2,0.101,0.187,0.143,11.8,11.7,0.531,0.568,0.138,0.142,100.35,101.48,84.57,101.48,0.086,1576,1.6,3.0
1626156,D'Angelo Russell,D'Angelo,1610612751,BKN,23.0,81,42,39,0.519,2447.955,659,1517,0.434,234,635,0.369,160,205,0.78,53,262,315,563,253,100,20,44,141,188,1712,22,3041.5,14,0,3064.0,1,2018-19,D'Angelo Russell,30.2,106.9,108.1,108.1,107.1,107.9,107.9,-0.3,0.2,0.2,0.392,2.23,23.4,0.02,0.099,0.06,10.5,10.4,0.512,0.533,0.311,0.319,103.34,102.4,85.34,102.4,0.141,5227,8.1,18.7
201571,D.J. Augustin,D.J.,1610612753,ORL,31.0,81,42,39,0.519,2268.9616666666666,318,677,0.47,131,311,0.421,181,209,0.866,41,162,203,426,128,52,4,42,115,203,948,169,1870.6,4,0,1820.0,1,2018-19,D.J. Augustin,28.0,109.3,110.4,110.4,106.7,107.2,107.2,2.6,3.2,3.2,0.258,3.33,32.4,0.018,0.071,0.044,9.7,9.7,0.566,0.616,0.169,0.173,99.58,98.88,82.4,98.88,0.103,4683,3.9,8.4
1628391,D.J. Wilson,D.J.,1610612749,MIL,23.0,48,37,11,0.771,882.0383333333333,104,251,0.414,46,127,0.362,26,47,0.553,45,177,222,52,32,18,20,11,85,42,280,81,706.4,2,0,676.0,1,2018-19,D.J. Wilson,18.4,107.8,107.0,107.0,102.5,102.2,102.2,5.3,4.9,4.9,0.08,1.63,14.6,0.047,0.174,0.112,9.0,9.0,0.506,0.515,0.141,0.145,104.98,105.55,87.96,105.55,0.075,1933,2.2,5.2
203474,DJ Stephens,DJ,1610612763,MEM,28.0,1,0,1,0.0,6.733333333333333,1,2,0.5,0,0,0.0,0,0,0.0,0,0,0,0,1,1,0,1,0,0,2,-3,4.0,0,0,4.0,1,2018-19,DJ Stephens,6.7,71.1,70.6,70.6,92.6,93.8,93.8,-21.5,-23.2,-23.2,0.0,0.0,0.0,0.0,0.0,0.0,33.3,33.3,0.5,0.5,0.13,0.137,117.91,117.62,98.02,117.62,0.051,17,1.0,2.0
1629541,Dairis Bertans,Dairis,1610612740,NOP,29.0,12,3,9,0.25,167.04333333333332,12,47,0.255,10,34,0.294,0,0,0.0,2,7,9,10,2,1,0,2,7,7,34,-50,60.8,0,0,65.0,1,2018-19,Dairis Bertans,13.9,98.6,98.1,98.1,113.6,113.1,113.1,-15.0,-15.0,-15.0,0.078,5.0,16.9,0.011,0.036,0.024,3.4,3.4,0.362,0.362,0.12,0.123,105.38,105.89,88.24,105.89,0.013,371,1.0,3.9
1627745,Damian Jones,Damian,1610612744,GSW,24.0,24,15,9,0.625,409.6183333333333,53,74,0.716,0,0,0.0,24,37,0.649,31,44,75,28,16,12,25,11,63,36,130,16,357.0,0,0,307.0,1,2018-19,Damian Jones,17.1,114.1,114.2,114.2,108.9,111.1,111.1,5.2,3.0,3.0,0.084,1.75,20.9,0.086,0.099,0.094,11.9,11.9,0.716,0.72,0.113,0.115,101.78,100.72,83.93,100.72,0.072,855,2.2,3.1
203081,Damian Lillard,Damian,1610612757,POR,28.0,80,51,29,0.638,2837.7566666666667,681,1533,0.444,237,643,0.369,468,513,0.912,68,303,371,551,212,88,34,90,148,394,2067,494,3492.7,13,0,3470.0,1,2018-19,Damian Lillard,35.5,113.8,116.0,116.0,106.9,107.9,107.9,6.9,8.2,8.2,0.299,2.6,22.0,0.023,0.1,0.062,8.5,8.4,0.522,0.588,0.281,0.288,102.58,101.18,84.31,101.18,0.155,5984,8.5,19.2
1627814,Damion Lee,Damion,1610612744,GSW,26.0,32,18,14,0.563,375.1883333333333,56,127,0.441,27,68,0.397,19,22,0.864,8,56,64,13,11,13,0,8,28,26,158,-54,282.3,0,0,288.0,1,2018-19,Damion Lee,11.7,104.2,102.7,102.7,109.1,108.2,108.2,-4.9,-5.5,-5.5,0.051,1.18,8.1,0.02,0.134,0.078,6.8,6.8,0.547,0.578,0.164,0.169,102.44,103.56,86.3,103.56,0.085,805,1.8,4.0
1628422,Damyean Dotson,Damyean,1610612752,NYK,25.0,73,12,61,0.164,2003.805,290,698,0.415,126,342,0.368,73,98,0.745,34,228,262,135,71,58,10,16,135,86,779,-327,1428.9,1,0,1438.0,1,2018-19,Damyean Dotson,27.4,102.6,102.8,102.8,110.0,110.8,110.8,-7.4,-8.0,-8.0,0.104,1.9,14.3,0.016,0.108,0.061,7.5,7.5,0.506,0.526,0.169,0.174,101.56,101.06,84.22,101.06,0.076,4223,4.0,9.6
1627772,Daniel Hamilton,Daniel,1610612737,ATL,23.0,19,7,12,0.368,204.17166666666665,23,60,0.383,8,23,0.348,3,6,0.5,10,37,47,22,16,6,1,5,19,11,57,-26,151.4,0,0,148.0,1,2018-19,Daniel Hamilton,10.7,101.4,101.8,101.8,109.6,106.7,106.7,-8.3,-4.9,-4.9,0.157,1.38,21.8,0.043,0.161,0.102,15.8,15.9,0.45,0.455,0.153,0.157,103.44,104.62,87.18,104.62,0.07,443,1.2,3.2
1628464,Daniel Theis,Daniel,1610612738,BOS,27.0,66,38,28,0.576,907.58,146,266,0.549,26,67,0.388,56,76,0.737,87,138,225,68,33,21,42,15,161,72,374,131,902.0,1,0,819.0,1,2018-19,Daniel Theis,13.8,110.5,110.0,110.0,103.3,102.6,102.6,7.2,7.4,7.4,0.108,2.06,16.9,0.088,0.145,0.116,8.2,8.2,0.598,0.624,0.15,0.155,102.22,102.84,85.7,102.84,0.095,1938,2.2,4.0
201568,Danilo Gallinari,Danilo,1610612746,LAC,30.0,68,40,28,0.588,2059.2116666666666,409,884,0.463,161,372,0.433,367,406,0.904,54,363,417,178,99,49,23,41,129,334,1346,105,2230.4,7,0,2246.0,1,2018-19,Danilo Gallinari,30.3,112.2,113.3,113.3,110.4,111.0,111.0,1.8,2.3,2.3,0.134,1.8,13.4,0.027,0.171,0.101,7.4,7.4,0.554,0.633,0.237,0.242,102.38,101.56,84.63,101.56,0.143,4360,6.0,13.0
201980,Danny Green,Danny,1610612761,TOR,32.0,80,56,24,0.7,2215.465,293,630,0.465,198,435,0.455,37,44,0.841,60,257,317,126,75,73,53,17,171,66,821,638,1693.4,1,0,1714.0,1,2018-19,Danny Green,27.7,117.0,117.7,117.7,102.6,104.3,104.3,14.4,13.4,13.4,0.073,1.68,14.8,0.028,0.107,0.07,8.8,8.8,0.622,0.632,0.139,0.141,102.14,100.98,84.15,100.98,0.079,4667,3.7,7.9
201967,Dante Cunningham,Dante,1610612759,SAS,32.0,64,36,28,0.563,928.46,75,158,0.475,30,65,0.462,14,18,0.778,48,140,188,50,22,27,13,8,71,17,194,-172,592.6,0,0,542.0,1,2018-19,Dante Cunningham,14.5,104.0,103.7,103.7,111.3,111.9,111.9,-7.3,-8.2,-8.2,0.072,2.27,20.9,0.049,0.148,0.098,9.2,9.2,0.57,0.585,0.086,0.088,100.94,100.84,84.03,100.84,0.067,1945,1.2,2.5
203957,Dante Exum,Dante,1610612762,UTA,23.0,42,21,21,0.5,664.0483333333333,101,241,0.419,18,62,0.29,68,86,0.791,16,52,68,110,52,14,5,19,69,75,288,48,539.6,1,0,522.0,1,2018-19,Dante Exum,15.8,105.2,103.8,103.8,102.3,100.6,100.6,3.0,3.2,3.2,0.251,2.12,24.8,0.024,0.077,0.051,11.7,11.8,0.456,0.516,0.207,0.214,101.5,103.08,85.9,103.08,0.082,1427,2.4,5.7
1627863,Danuel House Jr.,Danuel,1610612745,HOU,26.0,39,27,12,0.692,978.665,118,252,0.468,74,178,0.416,56,71,0.789,25,115,140,40,35,21,11,6,80,41,366,169,655.0,0,0,684.0,1,2018-19,Danuel House Jr.,25.1,117.0,117.2,117.2,107.2,108.3,108.3,9.8,8.9,8.9,0.058,1.14,11.2,0.025,0.112,0.069,9.8,9.8,0.615,0.646,0.137,0.141,101.22,100.67,83.89,100.67,0.074,2046,3.0,6.5
203967,Dario Saric,Dario,1610612750,MIN,25.0,81,39,42,0.481,2022.4116666666664,304,696,0.437,118,323,0.365,132,150,0.88,126,331,457,127,97,45,9,40,182,157,858,-67,1661.9,3,0,1668.0,2,2018-19,Dario Saric,25.0,108.3,108.7,108.7,109.6,110.7,110.7,-1.3,-2.0,-2.0,0.089,1.31,12.9,0.058,0.153,0.106,9.9,9.8,0.522,0.563,0.172,0.178,103.8,103.08,85.9,103.08,0.088,4353,3.8,8.6
203121,Darius Miller,Darius,1610612740,NOP,29.0,69,31,38,0.449,1757.505,189,484,0.39,133,364,0.365,56,71,0.789,14,114,128,146,59,40,23,15,165,60,567,17,1069.6,0,0,1100.0,1,2018-19,Darius Miller,25.5,109.3,109.6,109.6,109.0,109.8,109.8,0.2,-0.2,-0.2,0.107,2.47,20.5,0.007,0.059,0.033,8.3,8.2,0.528,0.55,0.131,0.135,105.36,104.82,87.35,104.82,0.048,3850,2.7,7.0
201954,Darren Collison,Darren,1610612754,IND,31.0,76,45,31,0.592,2143.1783333333333,308,659,0.467,79,194,0.407,158,190,0.832,36,196,232,459,125,110,9,33,138,156,853,118,2051.9,6,0,1861.0,1,2018-19,Darren Collison,28.2,108.0,109.6,109.6,106.4,107.4,107.4,1.6,2.2,2.2,0.302,3.67,34.5,0.017,0.089,0.054,9.4,9.4,0.527,0.574,0.176,0.178,100.14,98.95,82.46,98.95,0.114,4428,4.1,8.7
1629133,Daryl Macon,Daryl,1610612742,DAL,23.0,8,4,4,0.5,89.84666666666666,10,27,0.37,5,11,0.455,4,7,0.571,2,10,12,7,6,1,0,4,8,4,29,-6,50.9,0,0,55.0,1,2018-19,Daryl Macon,11.2,103.0,102.7,102.7,106.0,104.7,104.7,-2.9,-2.1,-2.1,0.123,1.17,16.3,0.019,0.099,0.057,14.0,13.9,0.463,0.482,0.167,0.172,100.2,100.97,84.14,100.97,0.041,188,1.3,3.4
1628021,David Nwaba,David,1610612739,CLE,26.0,51,14,37,0.275,984.23,126,262,0.481,24,75,0.32,58,85,0.682,41,122,163,54,29,36,17,28,106,69,334,-77,740.6,0,0,681.0,1,2018-19,David Nwaba,19.3,107.8,108.1,108.1,112.3,111.9,111.9,-4.5,-3.8,-3.8,0.077,1.86,14.1,0.039,0.128,0.082,7.6,7.6,0.527,0.558,0.141,0.145,98.42,98.51,82.09,98.51,0.071,2020,2.5,5.1
202722,Davis Bertans,Davis,1610612759,SAS,26.0,76,44,32,0.579,1631.7083333333333,204,453,0.45,145,338,0.429,53,60,0.883,23,241,264,100,43,35,33,8,133,68,606,257,1233.8,0,0,1251.0,1,2018-19,Davis Bertans,21.5,116.4,115.8,115.8,108.0,108.2,108.2,8.4,7.6,7.6,0.079,2.33,16.2,0.015,0.139,0.08,7.0,6.9,0.61,0.632,0.135,0.14,101.49,101.69,84.75,101.69,0.082,3454,2.7,6.0
1628432,Davon Reed,Davon,1610612754,IND,24.0,10,4,6,0.4,46.91666666666666,5,12,0.417,2,4,0.5,0,0,0.0,2,4,6,3,1,1,0,0,3,1,12,19,25.7,0,0,25.0,1,2018-19,Davon Reed,4.7,115.5,115.0,115.0,97.8,96.3,96.3,17.7,18.7,18.7,0.068,3.0,18.8,0.033,0.073,0.052,6.3,6.3,0.5,0.5,0.104,0.107,108.86,109.98,91.65,109.98,0.048,107,0.5,1.2
1628368,De'Aaron Fox,De'Aaron,1610612758,SAC,21.0,81,39,42,0.481,2545.843333333333,505,1102,0.458,86,232,0.371,303,417,0.727,43,261,304,590,227,133,45,80,204,375,1399,68,2955.8,16,1,2735.0,1,2018-19,De'Aaron Fox,31.4,109.1,110.0,110.0,107.6,109.1,109.1,1.5,0.9,0.9,0.322,2.6,28.1,0.015,0.095,0.054,10.8,10.8,0.497,0.544,0.238,0.242,106.75,105.57,87.97,105.57,0.119,5606,6.2,13.6
1629001,De'Anthony Melton,De'Anthony,1610612756,PHX,21.0,50,13,37,0.26,983.89,100,256,0.391,29,95,0.305,21,28,0.75,25,109,134,159,75,68,23,11,113,49,250,-168,847.3,0,0,754.0,1,2018-19,De'Anthony Melton,19.7,105.5,105.8,105.8,112.2,113.7,113.7,-6.6,-7.9,-7.9,0.214,2.12,31.7,0.025,0.114,0.068,14.9,14.9,0.447,0.466,0.147,0.15,103.04,102.18,85.15,102.18,0.063,2093,2.0,5.1
201599,DeAndre Jordan,DeAndre,1610612752,NYK,30.0,69,25,44,0.362,2047.1833333333332,286,446,0.641,0,0,0.0,186,264,0.705,225,677,902,156,153,42,73,31,167,249,758,-214,2266.4,42,0,2046.0,2,2018-19,DeAndre Jordan,29.7,103.6,105.1,105.1,109.2,110.1,110.1,-5.6,-5.1,-5.1,0.119,1.02,17.8,0.105,0.315,0.21,17.4,17.6,0.641,0.674,0.148,0.15,101.31,100.18,83.48,100.18,0.154,4274,4.1,6.5
1627761,DeAndre' Bembry,DeAndre',1610612737,ATL,24.0,82,29,53,0.354,1931.28,275,616,0.446,50,173,0.289,87,136,0.64,54,304,358,202,142,105,41,45,190,133,687,-229,1715.6,3,0,1589.0,1,2018-19,DeAndre' Bembry,23.6,104.2,104.5,104.5,109.4,109.4,109.4,-5.2,-5.0,-5.0,0.15,1.42,19.8,0.026,0.148,0.086,13.9,13.9,0.487,0.508,0.168,0.173,106.37,106.26,88.55,106.26,0.081,4268,3.4,7.5
201942,DeMar DeRozan,DeMar,1610612759,SAS,29.0,77,44,33,0.571,2688.1566666666668,631,1313,0.481,7,45,0.156,366,441,0.83,54,408,462,475,199,86,36,98,177,380,1635,10,3068.9,12,1,2823.0,1,2018-19,DeMar DeRozan,34.9,110.3,110.9,110.9,108.9,110.9,110.9,1.4,0.0,0.0,0.277,2.39,21.9,0.02,0.147,0.085,9.2,9.1,0.483,0.542,0.277,0.283,99.49,98.32,81.93,98.32,0.135,5510,8.2,17.1
202326,DeMarcus Cousins,DeMarcus,1610612744,GSW,28.0,30,23,7,0.767,770.5783333333334,178,371,0.48,26,95,0.274,106,144,0.736,43,204,247,107,72,40,44,32,109,173,488,65,1124.9,10,0,1036.0,1,2018-19,DeMarcus Cousins,25.7,110.6,111.0,111.0,104.9,106.5,106.5,5.7,4.5,4.5,0.206,1.49,17.5,0.059,0.232,0.153,11.8,11.7,0.515,0.562,0.281,0.286,103.56,102.56,85.47,102.56,0.139,1642,5.9,12.4
201960,DeMarre Carroll,DeMarre,1610612751,BKN,32.0,67,36,31,0.537,1703.4583333333333,227,575,0.395,106,310,0.342,184,242,0.76,68,281,349,85,73,31,10,33,114,162,744,49,1340.3,3,0,1366.0,1,2018-19,DeMarre Carroll,25.4,107.7,108.2,108.2,106.1,106.2,106.2,1.6,2.0,2.0,0.075,1.16,10.1,0.037,0.151,0.094,8.6,8.7,0.487,0.546,0.181,0.186,103.21,102.98,85.81,102.98,0.092,3644,3.4,8.6
1629152,DeVaughn Akoon-Purcell,DeVaughn,1610612743,DEN,26.0,7,7,0,1.0,21.64666666666667,3,10,0.3,0,4,0.0,1,2,0.5,1,3,4,6,2,2,0,1,4,1,7,1,24.8,0,0,21.0,1,2018-19,DeVaughn Akoon-Purcell,3.1,113.7,106.3,106.3,109.6,102.0,102.0,4.1,4.2,4.2,0.375,3.0,31.6,0.043,0.15,0.093,10.5,10.6,0.3,0.322,0.228,0.244,100.27,107.55,89.62,107.55,0.053,48,0.4,1.4
1629028,Deandre Ayton,Deandre,1610612756,PHX,20.0,71,17,54,0.239,2182.688333333333,509,870,0.585,0,4,0.0,141,189,0.746,223,506,729,125,126,61,67,43,209,198,1159,-383,2479.3,39,0,2269.0,1,2018-19,Deandre Ayton,30.7,104.6,105.2,105.2,112.5,113.3,113.3,-8.0,-8.1,-8.1,0.094,0.99,10.4,0.101,0.24,0.169,10.5,10.5,0.585,0.608,0.21,0.213,102.01,101.34,84.45,101.34,0.139,4604,7.2,12.3
1626153,Delon Wright,Delon,1610612763,MEM,27.0,75,45,30,0.6,1698.4366666666667,242,558,0.434,50,168,0.298,119,150,0.793,68,198,266,248,77,88,30,40,103,137,653,3,1621.2,4,3,1453.0,2,2018-19,Delon Wright,22.6,105.7,106.2,106.2,106.3,106.4,106.4,-0.5,-0.1,-0.1,0.217,3.22,26.1,0.037,0.113,0.074,8.1,8.1,0.478,0.523,0.172,0.176,101.6,101.3,84.42,101.3,0.109,3588,3.2,7.4
1627743,Demetrius Jackson,Demetrius,1610612755,PHI,24.0,6,5,1,0.833,39.45166666666667,8,15,0.533,2,6,0.333,4,4,1.0,2,1,3,5,1,2,0,1,4,4,22,-11,38.1,0,0,36.0,1,2018-19,Demetrius Jackson,6.6,106.2,103.3,103.3,115.5,118.2,118.2,-9.3,-14.8,-14.8,0.185,5.0,21.7,0.045,0.024,0.035,4.3,4.4,0.6,0.656,0.182,0.19,108.09,108.28,90.24,108.28,0.109,90,1.3,2.5
1629061,Deng Adel,Deng,1610612739,CLE,22.0,19,4,15,0.211,194.17,11,36,0.306,6,23,0.261,4,4,1.0,3,16,19,5,6,1,4,1,13,7,32,-31,71.3,0,0,72.0,1,2018-19,Deng Adel,10.2,101.0,100.0,100.0,111.2,109.5,109.5,-10.2,-9.5,-9.5,0.038,0.83,10.2,0.014,0.089,0.048,12.2,12.3,0.389,0.424,0.097,0.1,95.45,96.66,80.55,96.66,0.018,394,0.6,1.9
203471,Dennis Schröder,Dennis,1610612760,OKC,25.0,79,47,32,0.595,2313.7516666666666,457,1104,0.414,124,364,0.341,186,227,0.819,38,246,284,323,172,65,12,78,189,219,1224,167,2108.3,3,0,2109.0,1,2018-19,Dennis Schröder,29.3,108.2,109.1,109.1,104.9,105.5,105.5,3.2,3.6,3.6,0.209,1.88,19.0,0.015,0.102,0.057,10.1,10.1,0.47,0.508,0.238,0.243,105.05,104.3,86.92,104.3,0.093,5021,5.8,14.0
1628372,Dennis Smith Jr.,Dennis,1610612752,NYK,21.0,53,21,32,0.396,1508.475,278,650,0.428,67,208,0.322,99,156,0.635,32,123,155,252,154,67,20,53,129,118,722,-152,1393.0,2,1,1370.0,2,2018-19,Dennis Smith Jr.,28.5,101.8,102.4,102.4,106.6,107.7,107.7,-4.8,-5.3,-5.3,0.278,1.64,22.4,0.02,0.075,0.048,13.7,13.7,0.479,0.502,0.242,0.248,102.1,101.3,84.42,101.3,0.084,3191,5.2,12.3
1629126,Deonte Burton,Deonte,1610612760,OKC,25.0,32,21,11,0.656,239.88166666666663,33,82,0.402,8,27,0.296,8,12,0.667,4,24,28,9,9,6,8,7,31,18,82,27,162.1,0,0,155.0,1,2018-19,Deonte Burton,7.5,99.5,96.9,96.9,93.1,92.6,92.6,6.3,4.3,4.3,0.057,1.0,8.7,0.014,0.09,0.051,8.7,8.5,0.451,0.47,0.159,0.168,102.34,103.95,86.63,103.95,0.043,522,1.0,2.6
202324,Derrick Favors,Derrick,1610612762,UTA,27.0,76,46,30,0.605,1766.4716666666666,363,619,0.586,17,78,0.218,154,228,0.675,207,353,560,89,84,56,106,41,163,176,897,186,2104.5,15,0,1887.0,1,2018-19,Derrick Favors,23.2,107.3,106.3,106.3,101.9,101.6,101.6,5.4,4.6,4.6,0.079,1.06,10.0,0.115,0.188,0.152,9.4,9.4,0.6,0.624,0.188,0.194,101.75,102.36,85.3,102.36,0.142,3773,4.8,8.1
1627884,Derrick Jones Jr.,Derrick,1610612748,MIA,22.0,60,31,29,0.517,1153.5366666666666,160,324,0.494,28,91,0.308,74,122,0.607,96,144,240,37,43,46,42,26,123,101,422,-22,986.5,0,0,903.0,1,2018-19,Derrick Jones Jr.,19.2,103.0,103.8,103.8,104.3,105.0,105.0,-1.3,-1.2,-1.2,0.049,0.86,8.1,0.076,0.119,0.097,9.4,9.4,0.537,0.559,0.151,0.157,99.44,98.66,82.22,98.66,0.081,2374,2.7,5.4
201565,Derrick Rose,Derrick,1610612750,MIN,30.0,51,24,27,0.471,1392.1616666666666,363,753,0.482,54,146,0.37,137,160,0.856,33,107,140,220,82,31,12,52,57,121,917,36,1462.0,1,0,1417.0,1,2018-19,Derrick Rose,27.3,110.3,111.5,111.5,109.8,110.8,110.8,0.6,0.7,0.7,0.244,2.68,19.6,0.022,0.07,0.046,7.3,7.3,0.518,0.557,0.261,0.269,104.64,103.61,86.34,103.61,0.128,3012,7.1,14.8
1628401,Derrick White,Derrick,1610612759,SAS,24.0,67,41,26,0.612,1727.9733333333334,260,543,0.479,48,142,0.338,95,123,0.772,35,212,247,263,97,67,47,33,145,138,663,152,1598.9,0,0,1449.0,1,2018-19,Derrick White,25.8,112.6,111.9,111.9,105.8,107.1,107.1,6.7,4.8,4.8,0.206,2.71,27.5,0.022,0.116,0.072,10.1,10.1,0.523,0.555,0.178,0.181,99.01,98.72,82.27,98.72,0.096,3546,3.9,8.1
1626164,Devin Booker,Devin,1610612756,PHX,22.0,64,15,49,0.234,2242.1183333333333,586,1255,0.467,135,414,0.326,393,454,0.866,39,226,265,433,264,56,13,76,200,391,1700,-331,2610.5,12,0,2671.0,1,2018-19,Devin Booker,35.0,107.0,108.2,108.2,114.0,115.1,115.1,-7.1,-6.9,-6.9,0.327,1.64,20.2,0.017,0.099,0.058,12.3,12.3,0.521,0.584,0.32,0.327,103.24,102.17,85.14,102.17,0.134,4771,9.2,19.6
2734,Devin Harris,Devin,1610612742,DAL,36.0,68,28,40,0.412,1070.59,132,347,0.38,62,200,0.31,102,134,0.761,12,100,112,122,56,35,16,19,133,126,428,-94,842.4,0,0,826.0,1,2018-19,Devin Harris,15.7,105.8,105.7,105.7,109.8,109.9,109.9,-4.0,-4.2,-4.2,0.172,2.18,20.9,0.01,0.09,0.049,9.6,9.6,0.47,0.527,0.18,0.186,100.63,100.61,83.84,100.61,0.065,2244,1.9,5.1
1628421,Devin Robinson,Devin,1610612764,WAS,24.0,7,1,6,0.143,94.51666666666668,19,32,0.594,0,2,0.0,9,14,0.643,6,14,20,6,2,4,6,0,11,12,47,-9,108.0,0,0,93.0,1,2018-19,Devin Robinson,13.5,110.4,111.1,111.1,117.0,112.8,112.8,-6.6,-1.7,-1.7,0.095,3.0,13.0,0.058,0.143,0.099,4.3,4.3,0.594,0.616,0.176,0.179,100.34,101.82,84.85,101.82,0.112,198,2.7,4.6
1628984,Devonte' Graham,Devonte',1610612766,CHA,24.0,46,18,28,0.391,676.095,74,216,0.343,34,121,0.281,35,46,0.761,10,53,63,121,30,23,2,12,48,50,217,-100,519.1,0,0,485.0,1,2018-19,Devonte' Graham,14.7,105.0,104.5,104.5,112.1,111.8,111.8,-7.1,-7.3,-7.3,0.266,4.03,31.3,0.013,0.078,0.044,7.8,7.7,0.421,0.459,0.166,0.171,100.7,101.1,84.25,101.1,0.068,1426,1.6,4.7
203473,Dewayne Dedmon,Dewayne,1610612737,ATL,29.0,64,24,40,0.375,1609.2066666666667,259,526,0.492,83,217,0.382,92,113,0.814,105,375,480,90,84,69,71,25,214,100,693,-173,1740.0,11,0,1626.0,1,2018-19,Dewayne Dedmon,25.1,106.6,107.9,107.9,112.2,112.0,112.0,-5.6,-4.1,-4.1,0.079,1.07,12.1,0.063,0.229,0.145,11.3,11.2,0.571,0.602,0.166,0.17,104.38,103.89,86.58,103.89,0.107,3469,4.0,8.2
1627738,Deyonta Davis,Deyonta,1610612737,ATL,22.0,9,3,6,0.333,118.435,15,22,0.682,0,1,0.0,6,10,0.6,10,26,36,5,3,3,5,0,12,6,36,-22,107.7,0,0,93.0,1,2018-19,Deyonta Davis,13.2,97.6,97.8,97.8,109.0,107.6,107.6,-11.4,-9.8,-9.8,0.063,1.67,14.3,0.063,0.193,0.122,8.6,8.7,0.682,0.682,0.099,0.1,107.17,107.81,89.84,107.81,0.108,268,1.7,2.4
1628415,Dillon Brooks,Dillon,1610612763,MEM,23.0,18,9,9,0.5,329.895,49,122,0.402,15,40,0.375,22,30,0.733,9,22,31,16,19,10,4,12,50,23,135,-16,219.2,0,0,225.0,1,2018-19,Dillon Brooks,18.3,106.2,104.9,104.9,106.8,106.5,106.5,-0.6,-1.6,-1.6,0.079,0.84,9.4,0.028,0.076,0.051,11.2,11.2,0.463,0.499,0.207,0.216,97.01,97.7,81.42,97.7,0.034,669,2.7,6.8
203079,Dion Waiters,Dion,1610612748,MIA,27.0,44,20,24,0.455,1137.9033333333334,198,478,0.414,109,289,0.377,22,44,0.5,7,109,116,121,64,29,9,22,72,46,527,-38,897.7,0,0,949.0,1,2018-19,Dion Waiters,25.9,104.2,105.9,105.9,106.3,107.8,107.8,-2.2,-2.0,-2.0,0.164,1.89,17.7,0.006,0.094,0.049,9.4,9.4,0.528,0.53,0.213,0.217,99.3,97.84,81.54,97.84,0.083,2323,4.5,10.9
1717,Dirk Nowitzki,Dirk,1610612742,DAL,41.0,51,17,34,0.333,795.14,135,376,0.359,64,205,0.312,39,50,0.78,5,153,158,35,18,9,18,2,76,40,373,-65,678.1,1,0,684.0,1,2018-19,Dirk Nowitzki,15.6,105.3,104.8,104.8,110.8,109.7,109.7,-5.5,-4.8,-4.8,0.068,1.94,7.8,0.006,0.18,0.092,4.0,4.0,0.444,0.469,0.217,0.227,100.31,101.08,84.24,101.08,0.073,1682,2.6,7.4
1627734,Domantas Sabonis,Domantas,1610612754,IND,23.0,74,43,31,0.581,1838.4466666666667,413,700,0.59,9,17,0.529,208,291,0.715,186,504,690,212,160,48,30,33,239,287,1043,195,2263.0,30,0,2110.0,1,2018-19,Domantas Sabonis,24.8,107.4,108.8,108.8,103.0,103.6,103.6,4.4,5.2,5.2,0.18,1.33,17.8,0.099,0.269,0.184,13.4,13.3,0.596,0.63,0.226,0.233,100.28,99.33,82.78,99.33,0.162,3804,5.6,9.5
202700,Donatas Motiejunas,Donatas,1610612759,SAS,28.0,3,3,0,1.0,12.783333333333331,3,6,0.5,0,0,0.0,0,2,0.0,2,1,3,1,3,0,1,1,6,1,6,-16,11.1,0,0,12.0,1,2018-19,Donatas Motiejunas,4.3,74.1,67.9,67.9,130.4,129.6,129.6,-56.3,-61.8,-61.8,0.2,0.33,9.1,0.154,0.077,0.115,27.3,27.6,0.5,0.436,0.323,0.345,98.53,103.26,86.05,103.26,-0.12,28,1.0,2.0
1628378,Donovan Mitchell,Donovan,1610612762,UTA,22.0,77,49,28,0.636,2598.2716666666665,661,1530,0.432,188,519,0.362,319,396,0.806,59,257,316,322,218,106,31,96,208,295,1829,371,2884.2,1,0,2929.0,1,2018-19,Donovan Mitchell,33.7,109.3,110.5,110.5,102.6,103.7,103.7,6.7,6.8,6.8,0.209,1.48,14.4,0.022,0.093,0.058,9.7,9.7,0.493,0.537,0.309,0.315,102.6,101.5,84.58,101.5,0.117,5493,8.6,19.9
1628978,Donte DiVincenzo,Donte,1610612749,MIL,22.0,27,20,7,0.741,411.2866666666667,50,124,0.403,22,83,0.265,9,12,0.75,16,49,65,31,19,13,6,3,38,24,131,107,293.5,0,0,287.0,1,2018-19,Donte DiVincenzo,15.2,111.1,111.0,111.0,99.6,98.4,98.4,11.4,12.6,12.6,0.102,1.63,17.3,0.036,0.099,0.069,10.6,10.6,0.492,0.507,0.145,0.148,106.06,106.79,88.99,106.79,0.062,911,1.9,4.6
1629055,Donte Grantham,Donte,1610612760,OKC,24.0,3,2,1,0.667,2.431666666666666,0,2,0.0,0,2,0.0,0,0,0.0,0,0,0,0,0,0,0,0,0,0,0,-2,0.0,0,0,0.0,1,2018-19,Donte Grantham,0.8,100.0,66.7,66.7,150.0,120.0,120.0,-50.0,-53.3,-53.3,0.0,0.0,0.0,0.0,0.0,0.0,0.0,0.0,0.0,0.0,0.333,0.5,78.96,108.57,90.47,108.57,-0.182,6,0.0,0.7
1627827,Dorian Finney-Smith,Dorian,1610612742,DAL,26.0,81,33,48,0.407,1985.2833333333333,228,528,0.432,79,254,0.311,73,103,0.709,138,251,389,95,74,69,36,32,186,92,608,-88,1458.3,3,0,1381.0,1,2018-19,Dorian Finney-Smith,24.5,106.0,106.8,106.8,107.9,108.7,108.7,-2.0,-1.9,-1.9,0.07,1.28,12.8,0.064,0.119,0.092,10.0,10.0,0.507,0.53,0.135,0.139,101.47,100.7,83.92,100.7,0.069,4160,2.8,6.5
203926,Doug McDermott,Doug,1610612754,IND,27.0,77,43,34,0.558,1339.665,207,422,0.491,84,206,0.408,66,79,0.835,17,92,109,67,42,18,8,24,104,51,564,132,831.3,0,0,876.0,1,2018-19,Doug McDermott,17.4,107.2,106.8,106.8,103.0,103.2,103.2,4.1,3.6,3.6,0.07,1.6,12.0,0.012,0.066,0.039,7.5,7.4,0.59,0.617,0.152,0.16,100.8,100.88,84.07,100.88,0.075,2830,2.7,5.5
1627733,Dragan Bender,Dragan,1610612756,PHX,21.0,46,9,37,0.196,826.2083333333334,88,197,0.447,22,101,0.218,32,54,0.593,34,149,183,56,37,18,22,4,90,53,230,-159,616.6,5,0,571.0,1,2018-19,Dragan Bender,18.0,103.5,104.6,104.6,112.3,112.7,112.7,-8.8,-8.1,-8.1,0.094,1.51,17.9,0.04,0.168,0.105,11.9,11.8,0.503,0.521,0.13,0.132,104.02,103.3,86.08,103.3,0.066,1771,1.9,4.3
203110,Draymond Green,Draymond,1610612744,GSW,29.0,66,48,18,0.727,2064.693333333333,188,422,0.445,47,165,0.285,63,91,0.692,60,421,481,454,169,95,70,17,197,125,486,462,2070.2,8,0,1798.0,1,2018-19,Draymond Green,31.3,115.5,115.8,115.8,104.2,105.0,105.0,11.2,10.7,10.7,0.261,2.69,41.9,0.031,0.18,0.112,15.6,15.6,0.501,0.526,0.128,0.131,104.1,103.58,86.32,103.58,0.098,4448,2.8,6.4
1629234,Drew Eubanks,Drew,1610612759,SAS,22.0,23,13,10,0.565,113.41,15,26,0.577,0,0,0.0,11,13,0.846,6,28,34,7,8,2,5,1,11,10,41,-21,105.3,0,0,96.0,1,2018-19,Drew Eubanks,4.9,98.4,95.4,95.4,109.2,105.5,105.5,-10.8,-10.0,-10.0,0.1,0.88,14.9,0.056,0.214,0.143,17.0,17.1,0.577,0.646,0.148,0.155,98.11,101.37,84.47,101.37,0.111,241,0.7,1.1
1629130,Duncan Robinson,Duncan,1610612748,MIA,25.0,15,7,8,0.467,160.93666666666667,18,46,0.391,10,35,0.286,4,6,0.667,2,17,19,5,4,5,0,1,11,5,50,-33,91.3,0,0,94.0,1,2018-19,Duncan Robinson,10.7,96.7,98.0,98.0,108.8,108.8,108.8,-12.1,-10.9,-10.9,0.045,1.25,8.8,0.011,0.091,0.052,7.0,6.9,0.5,0.514,0.134,0.139,102.39,101.7,84.75,101.7,0.055,343,1.2,3.1
1628605,Dusty Hannahs,Dusty,1610612763,MEM,25.0,2,0,2,0.0,25.916666666666668,3,12,0.25,0,5,0.0,2,2,1.0,0,1,1,5,1,1,0,1,1,1,8,-10,18.7,0,0,16.0,1,2018-19,Dusty Hannahs,13.0,90.5,91.2,91.2,104.7,108.8,108.8,-14.3,-17.5,-17.5,0.357,5.0,26.3,0.0,0.036,0.016,5.3,5.3,0.25,0.311,0.222,0.229,108.05,105.57,87.97,105.57,0.041,57,1.5,6.0
1628407,Dwayne Bacon,Dwayne,1610612766,CHA,23.0,43,20,23,0.465,758.6683333333333,122,257,0.475,38,87,0.437,34,46,0.739,8,81,89,47,18,12,5,14,72,42,316,-22,526.3,0,0,524.0,1,2018-19,Dwayne Bacon,17.6,110.6,111.2,111.2,112.3,113.2,113.2,-1.7,-2.0,-2.0,0.092,2.61,13.7,0.01,0.105,0.057,5.3,5.3,0.549,0.57,0.167,0.172,100.27,99.59,82.99,99.59,0.069,1578,2.8,6.0
2730,Dwight Howard,Dwight,1610612764,WAS,33.0,9,4,5,0.444,229.53666666666663,43,69,0.623,0,0,0.0,29,48,0.604,24,59,83,4,16,7,4,8,34,48,115,-50,237.6,3,0,224.0,1,2018-19,Dwight Howard,25.5,102.7,104.7,104.7,111.5,113.6,113.6,-8.8,-8.9,-8.9,0.026,0.25,3.6,0.1,0.258,0.177,14.5,14.5,0.623,0.638,0.193,0.196,104.42,102.47,85.39,102.47,0.111,487,4.8,7.7
203939,Dwight Powell,Dwight,1610612742,DAL,27.0,77,31,46,0.403,1662.535,290,486,0.597,39,127,0.307,196,254,0.772,140,271,411,112,67,44,50,27,201,256,815,15,1691.2,6,0,1565.0,1,2018-19,Dwight Powell,21.6,110.8,110.8,110.8,110.3,109.9,109.9,0.5,0.9,0.9,0.101,1.67,14.5,0.081,0.16,0.12,8.7,8.6,0.637,0.682,0.167,0.173,100.78,100.94,84.11,100.94,0.123,3488,3.8,6.3
2548,Dwyane Wade,Dwyane,1610612748,MIA,37.0,72,35,37,0.486,1885.2266666666667,416,960,0.433,86,261,0.33,165,233,0.708,69,216,285,301,166,59,38,34,118,158,1083,-68,2001.5,4,1,1949.0,1,2018-19,Dwyane Wade,26.2,104.4,104.8,104.8,106.2,106.6,106.6,-1.8,-1.8,-1.8,0.264,1.81,19.7,0.033,0.106,0.069,10.8,10.9,0.478,0.51,0.269,0.276,101.76,101.36,84.47,101.36,0.115,3983,5.8,13.3
1629058,Dzanan Musa,Dzanan,1610612751,BKN,20.0,9,4,5,0.444,39.28833333333333,9,22,0.409,1,10,0.1,0,2,0.0,1,4,5,2,4,2,0,1,1,1,19,10,30.0,0,0,31.0,1,2018-19,Dzanan Musa,4.4,98.1,100.0,100.0,95.7,89.4,89.4,2.4,10.6,10.6,0.083,0.5,6.9,0.019,0.105,0.054,13.8,13.9,0.432,0.415,0.25,0.257,102.06,104.46,87.05,104.46,0.053,86,1.0,2.4
202734,E'Twaun Moore,E'Twaun,1610612740,NOP,30.0,53,21,32,0.396,1463.013333333333,256,532,0.481,76,176,0.432,45,59,0.763,35,92,127,102,59,40,8,27,112,51,633,9,1023.4,0,0,1034.0,1,2018-19,E'Twaun Moore,27.6,110.6,111.3,111.3,110.9,111.6,111.6,-0.2,-0.3,-0.3,0.093,1.73,14.2,0.023,0.058,0.041,8.2,8.2,0.553,0.567,0.17,0.174,104.69,104.07,86.73,104.07,0.067,3180,4.8,10.0
202334,Ed Davis,Ed,1610612751,BKN,30.0,81,42,39,0.519,1446.0116666666668,186,302,0.616,0,2,0.0,100,162,0.617,216,478,694,61,64,35,33,24,226,144,472,94,1536.3,6,0,1363.0,1,2018-19,Ed Davis,17.9,105.7,106.5,106.5,102.0,102.2,102.2,3.7,4.3,4.3,0.064,0.95,12.2,0.135,0.307,0.22,12.8,12.8,0.616,0.632,0.125,0.128,101.37,100.93,84.11,100.93,0.139,3023,2.3,3.7
1628410,Edmond Sumner,Edmond,1610612754,IND,23.0,23,14,9,0.609,209.8383333333333,22,64,0.344,7,27,0.259,15,24,0.625,9,15,24,10,10,12,5,4,26,19,66,-33,150.8,0,0,141.0,1,2018-19,Edmond Sumner,9.1,99.3,99.6,99.6,107.3,107.3,107.3,-8.0,-7.8,-7.8,0.063,1.0,10.6,0.038,0.065,0.051,10.6,10.6,0.398,0.443,0.157,0.165,106.4,106.25,88.54,106.25,0.028,466,1.0,2.8
202327,Ekpe Udoh,Ekpe,1610612762,UTA,32.0,51,35,16,0.686,320.01166666666666,50,72,0.694,0,0,0.0,19,30,0.633,27,63,90,28,13,10,31,4,36,26,119,-51,379.0,1,0,319.0,1,2018-19,Ekpe Udoh,6.3,109.2,102.8,102.8,110.7,110.5,110.5,-1.5,-7.7,-7.7,0.131,2.15,22.0,0.09,0.189,0.142,10.2,10.3,0.694,0.698,0.128,0.137,102.4,105.52,87.93,105.52,0.125,705,1.0,1.4
203901,Elfrid Payton,Elfrid,1610612740,NOP,25.0,42,18,24,0.429,1249.7733333333333,179,412,0.434,33,105,0.314,55,74,0.743,49,171,220,320,112,44,17,46,81,77,446,-69,1261.0,10,6,1141.0,1,2018-19,Elfrid Payton,29.8,109.8,110.7,110.7,112.7,112.9,112.9,-2.9,-2.2,-2.2,0.318,2.86,36.5,0.037,0.129,0.083,12.8,12.8,0.475,0.502,0.177,0.181,106.74,106.18,88.48,106.18,0.098,2761,4.3,9.8
1629059,Elie Okobo,Elie,1610612756,PHX,21.0,53,7,46,0.132,958.19,114,290,0.393,39,132,0.295,37,47,0.787,12,86,98,127,69,32,7,13,109,44,304,-212,660.1,0,0,646.0,1,2018-19,Elie Okobo,18.1,101.0,101.1,101.1,111.5,111.1,111.1,-10.5,-9.9,-9.9,0.198,1.84,25.0,0.012,0.092,0.051,13.6,13.6,0.46,0.489,0.168,0.172,100.98,101.12,84.26,101.12,0.053,2013,2.2,5.5
1629150,Emanuel Terry,Emanuel,1610612748,MIA,22.0,3,0,3,0.0,22.731666666666666,4,7,0.571,0,0,0.0,2,4,0.5,3,4,7,2,2,3,0,1,4,3,10,4,28.4,0,0,25.0,2,2018-19,Emanuel Terry,7.6,113.0,117.6,117.6,109.5,112.0,112.0,3.5,5.6,5.6,0.125,1.0,15.4,0.143,0.235,0.184,15.4,15.7,0.571,0.571,0.183,0.185,110.1,106.64,88.86,106.64,0.116,51,1.3,2.3
1626144,Emmanuel Mudiay,Emmanuel,1610612752,NYK,23.0,59,13,46,0.22,1607.0616666666667,330,740,0.446,69,210,0.329,144,186,0.774,33,163,196,228,140,43,19,56,103,140,873,-357,1496.2,1,0,1490.0,1,2018-19,Emmanuel Mudiay,27.2,103.5,104.0,104.0,113.6,114.8,114.8,-10.1,-10.8,-10.8,0.242,1.63,19.2,0.019,0.098,0.057,11.8,11.8,0.493,0.531,0.248,0.254,102.24,101.46,84.55,101.46,0.098,3401,5.6,12.5
202683,Enes Freedom,Enes,1610612757,POR,27.0,67,28,39,0.418,1639.378333333333,375,683,0.549,10,34,0.294,155,197,0.787,257,402,659,116,118,32,26,58,167,198,915,-188,1935.8,32,0,1816.0,2,2018-19,Enes Freedom,24.5,104.4,106.4,106.4,112.2,112.6,112.6,-7.7,-6.2,-6.2,0.12,0.98,11.6,0.138,0.245,0.188,11.8,11.8,0.556,0.594,0.219,0.224,101.25,100.15,83.46,100.15,0.152,3431,5.6,10.2
202339,Eric Bledsoe,Eric,1610612749,MIL,29.0,78,59,19,0.756,2271.705,470,971,0.484,124,377,0.329,177,236,0.75,82,280,362,430,165,116,29,50,156,223,1241,561,2590.4,8,1,2447.0,1,2018-19,Eric Bledsoe,29.1,114.1,115.3,115.3,103.1,104.2,104.2,11.0,11.1,11.1,0.26,2.61,25.8,0.035,0.108,0.074,9.9,9.9,0.548,0.577,0.225,0.229,105.58,104.43,87.03,104.43,0.125,4948,6.0,12.4
201569,Eric Gordon,Eric,1610612745,HOU,30.0,68,44,24,0.647,2158.01,384,938,0.409,216,600,0.36,119,152,0.783,17,131,148,129,90,41,27,67,143,126,1103,348,1588.1,0,0,1732.0,1,2018-19,Eric Gordon,31.7,114.7,116.2,116.2,107.1,108.1,108.1,7.6,8.1,8.1,0.09,1.43,10.6,0.007,0.059,0.033,7.4,7.4,0.525,0.549,0.215,0.219,100.93,99.87,83.22,99.87,0.07,4483,5.6,13.8
203961,Eric Moreland,Eric,1610612761,TOR,27.0,5,3,2,0.6,43.20666666666666,3,7,0.429,1,1,1.0,0,0,0.0,4,16,20,4,5,1,1,1,9,0,7,-17,38.0,0,0,36.0,2,2018-19,Eric Moreland,8.6,86.4,83.7,83.7,101.5,105.6,105.6,-15.1,-21.9,-21.9,0.154,0.8,25.0,0.108,0.348,0.241,31.3,31.3,0.5,0.5,0.117,0.124,100.98,100.54,83.78,100.54,0.095,92,0.6,1.4
101141,Ersan Ilyasova,Ersan,1610612749,MIL,32.0,67,49,18,0.731,1231.3133333333333,167,381,0.438,58,160,0.363,61,74,0.824,94,208,302,52,48,32,20,20,172,114,453,239,1001.4,3,0,969.0,1,2018-19,Ersan Ilyasova,18.4,111.0,111.2,111.2,102.3,101.5,101.5,8.7,9.7,9.7,0.056,1.08,10.1,0.071,0.151,0.112,9.3,9.3,0.514,0.548,0.151,0.155,104.68,105.02,87.52,105.02,0.071,2683,2.5,5.7
203095,Evan Fournier,Evan,1610612753,ORL,26.0,81,42,39,0.519,2553.2816666666668,468,1069,0.438,153,450,0.34,137,170,0.806,38,220,258,295,154,71,12,47,225,168,1226,95,2073.1,1,0,2098.0,1,2018-19,Evan Fournier,31.5,109.1,110.1,110.1,107.3,108.4,108.4,1.8,1.7,1.7,0.17,1.92,18.6,0.014,0.086,0.05,9.7,9.7,0.509,0.536,0.217,0.222,99.78,98.84,82.36,98.84,0.077,5259,5.8,13.2
202323,Evan Turner,Evan,1610612757,POR,30.0,73,47,26,0.644,1605.7133333333334,204,443,0.46,11,52,0.212,75,106,0.708,37,291,328,283,114,33,18,27,110,106,494,30,1351.1,3,2,1218.0,1,2018-19,Evan Turner,22.0,109.7,110.4,110.4,109.2,109.1,109.1,0.5,1.3,1.3,0.242,2.48,31.9,0.022,0.167,0.096,12.8,12.9,0.473,0.504,0.158,0.161,100.98,100.7,83.91,100.7,0.099,3362,2.8,6.1
1628402,Frank Jackson,Frank,1610612740,NOP,21.0,61,22,39,0.361,1168.8633333333332,194,447,0.434,53,169,0.314,54,73,0.74,25,109,134,69,48,25,2,23,92,65,495,-135,792.3,0,0,805.0,1,2018-19,Frank Jackson,19.2,106.2,106.3,106.3,111.5,111.3,111.3,-5.3,-5.0,-5.0,0.08,1.44,11.6,0.019,0.085,0.052,8.1,8.1,0.493,0.517,0.178,0.183,107.36,107.41,89.51,107.41,0.059,2614,3.2,7.3
1626163,Frank Kaminsky,Frank,1610612766,CHA,26.0,47,22,25,0.468,754.69,138,298,0.463,50,139,0.36,79,107,0.738,39,124,163,63,41,12,12,12,68,80,405,42,726.1,2,0,729.0,1,2018-19,Frank Kaminsky,16.1,108.7,109.9,109.9,110.2,109.1,109.1,-1.5,0.9,0.9,0.129,1.54,14.1,0.048,0.164,0.104,9.2,9.1,0.547,0.587,0.216,0.221,100.4,100.36,83.64,100.36,0.106,1591,2.9,6.3
1628412,Frank Mason III,Frank,1610612758,SAC,25.0,38,16,22,0.421,435.47833333333335,71,169,0.42,14,64,0.219,39,57,0.684,6,37,43,84,36,16,4,12,34,50,195,-146,396.6,0,0,376.0,1,2018-19,Frank Mason III,11.5,101.4,99.5,99.5,114.2,114.0,114.0,-12.8,-14.5,-14.5,0.28,2.33,26.8,0.013,0.083,0.047,11.5,11.5,0.462,0.502,0.213,0.221,106.52,107.58,89.65,107.58,0.085,974,1.9,4.4
1628373,Frank Ntilikina,Frank,1610612752,NYK,20.0,43,9,34,0.209,903.6033333333334,95,282,0.337,33,115,0.287,23,30,0.767,12,75,87,121,56,30,14,10,104,39,246,-185,607.9,0,0,575.0,1,2018-19,Frank Ntilikina,21.0,101.8,102.0,102.0,110.0,110.6,110.6,-8.2,-8.5,-8.5,0.195,2.16,25.6,0.012,0.08,0.045,11.8,11.9,0.395,0.417,0.163,0.167,102.32,101.94,84.95,101.94,0.039,1909,2.2,6.6
1627832,Fred VanVleet,Fred,1610612761,TOR,25.0,64,46,18,0.719,1760.253333333333,246,600,0.41,112,296,0.378,97,115,0.843,21,146,167,307,82,57,20,39,110,116,701,298,1510.9,1,0,1441.0,1,2018-19,Fred VanVleet,27.5,112.4,113.1,113.1,103.8,105.0,105.0,8.6,8.1,8.1,0.243,3.74,29.6,0.012,0.078,0.046,7.9,7.9,0.503,0.539,0.177,0.182,100.77,99.87,83.23,99.87,0.095,3663,3.8,9.4
1627788,Furkan Korkmaz,Furkan,1610612755,PHI,21.0,48,30,18,0.625,679.2316666666667,98,245,0.4,47,144,0.326,36,44,0.818,16,91,107,52,25,29,2,9,62,42,279,61,553.4,0,0,547.0,1,2018-19,Furkan Korkmaz,14.2,113.2,110.7,110.7,107.3,107.0,107.0,6.0,3.7,3.7,0.107,2.08,15.3,0.023,0.13,0.077,7.4,7.3,0.496,0.528,0.174,0.181,103.5,104.84,87.36,104.84,0.079,1486,2.0,5.1
202066,Garrett Temple,Garrett,1610612746,LAC,33.0,75,37,38,0.493,2040.5916666666667,208,493,0.422,90,264,0.341,80,107,0.748,28,188,216,106,70,76,30,23,204,109,586,-84,1252.2,0,0,1210.0,2,2018-19,Garrett Temple,27.2,104.5,105.2,105.2,105.8,106.8,106.8,-1.3,-1.6,-1.6,0.075,1.51,14.9,0.014,0.092,0.053,9.8,9.8,0.513,0.543,0.131,0.134,100.0,99.19,82.66,99.19,0.052,4210,2.8,6.6
1629109,Gary Clark,Gary,1610612745,HOU,24.0,51,33,18,0.647,640.6066666666667,50,151,0.331,41,138,0.297,7,7,1.0,24,92,116,18,7,20,26,3,47,18,148,26,445.2,0,0,415.0,1,2018-19,Gary Clark,12.6,110.0,111.8,111.8,109.8,109.8,109.8,0.2,2.0,2.0,0.04,2.57,10.1,0.035,0.144,0.087,3.9,3.9,0.467,0.48,0.106,0.108,100.54,99.73,83.11,99.73,0.061,1331,1.0,3.0
203914,Gary Harris,Gary,1610612743,DEN,24.0,57,38,19,0.667,1639.243333333333,270,637,0.424,82,242,0.339,115,144,0.799,41,119,160,127,68,55,19,42,113,122,737,226,1273.5,0,0,1254.0,1,2018-19,Gary Harris,28.8,109.9,111.6,111.6,104.3,105.3,105.3,5.7,6.2,6.2,0.11,1.87,14.2,0.024,0.07,0.047,7.6,7.6,0.488,0.526,0.195,0.198,100.65,99.4,82.83,99.4,0.076,3401,4.7,11.2
1627780,Gary Payton II,Gary,1610612764,WAS,26.0,3,2,1,0.667,15.916666666666666,5,8,0.625,1,2,0.5,0,0,0.0,1,1,2,4,1,3,1,0,2,0,11,11,30.4,0,0,26.0,1,2018-19,Gary Payton II,5.3,124.9,117.9,117.9,94.5,92.1,92.1,30.4,25.8,25.8,0.333,4.0,30.8,0.067,0.05,0.057,7.7,7.7,0.688,0.688,0.214,0.226,111.4,116.1,96.75,116.1,0.212,39,1.7,2.7
1629018,Gary Trent Jr.,Gary,1610612757,POR,20.0,15,14,1,0.933,110.55,16,50,0.32,5,21,0.238,3,7,0.429,1,10,11,5,4,1,2,2,4,7,40,-8,65.7,0,0,67.0,1,2018-19,Gary Trent Jr.,7.4,114.7,110.3,110.3,115.2,115.1,115.1,-0.5,-4.7,-4.7,0.057,1.25,8.1,0.01,0.08,0.048,6.5,6.4,0.37,0.377,0.213,0.225,102.36,104.42,87.02,104.42,0.023,242,1.1,3.3
201588,George Hill,George,1610612749,MIL,33.0,60,39,21,0.65,1302.305,170,376,0.452,48,153,0.314,70,85,0.824,39,109,148,135,51,52,8,19,102,89,458,144,967.1,0,0,909.0,2,2018-19,George Hill,21.7,108.7,108.9,108.9,103.0,103.3,103.3,5.7,5.6,5.6,0.146,2.65,22.7,0.028,0.075,0.052,8.6,8.5,0.516,0.554,0.147,0.152,102.17,101.93,84.94,101.93,0.079,2760,2.8,6.3
1628994,George King,George,1610612756,PHX,25.0,1,0,1,0.0,5.9,0,0,0.0,0,0,0.0,0,0,0.0,0,1,1,0,0,0,0,0,0,0,0,-9,1.2,0,0,1.0,1,2018-19,George King,5.9,110.3,100.0,100.0,167.7,175.0,175.0,-57.4,-75.0,-75.0,0.0,0.0,0.0,0.0,0.25,0.091,0.0,0.0,0.0,0.0,0.0,0.0,95.19,97.63,81.36,97.63,0.032,12,0.0,0.0
1627777,Georges Niang,Georges,1610612762,UTA,26.0,59,41,18,0.695,516.3483333333334,86,181,0.475,43,105,0.41,20,24,0.833,11,76,87,35,23,10,6,11,57,19,235,-93,416.9,0,0,432.0,1,2018-19,Georges Niang,8.8,107.6,103.9,103.9,109.7,111.6,111.6,-2.1,-7.7,-7.7,0.107,1.52,14.2,0.022,0.135,0.081,9.3,9.2,0.594,0.613,0.17,0.181,103.57,104.39,87.0,104.39,0.09,1120,1.5,3.1
101123,Gerald Green,Gerald,1610612745,HOU,33.0,73,47,26,0.644,1472.9816666666666,231,578,0.4,156,441,0.354,57,68,0.838,30,152,182,40,55,33,27,13,126,49,675,131,1078.4,0,0,1173.0,1,2018-19,Gerald Green,20.2,113.4,114.0,114.0,109.5,109.3,109.3,4.0,4.6,4.6,0.041,0.73,5.7,0.019,0.1,0.059,7.9,7.8,0.535,0.555,0.19,0.196,100.79,100.58,83.82,100.58,0.066,3081,3.2,7.9
203507,Giannis Antetokounmpo,Giannis,1610612749,MIL,24.0,72,56,16,0.778,2358.221666666667,721,1247,0.578,52,203,0.256,500,686,0.729,159,739,898,424,268,92,110,100,232,554,1994,652,4045.6,54,5,3772.0,1,2018-19,Giannis Antetokounmpo,32.8,113.3,114.3,114.3,101.6,101.8,101.8,11.8,12.5,12.5,0.294,1.58,19.0,0.066,0.273,0.176,12.0,12.0,0.599,0.644,0.314,0.322,105.87,105.27,87.73,105.27,0.218,5174,10.0,17.3
203922,Glenn Robinson III,Glenn,1610612765,DET,25.0,47,24,23,0.511,610.1116666666667,74,176,0.42,18,62,0.29,32,40,0.8,17,54,71,21,18,14,8,14,45,34,198,-11,362.7,0,0,352.0,1,2018-19,Glenn Robinson III,13.0,101.7,102.3,102.3,103.3,103.1,103.1,-1.7,-0.8,-0.8,0.053,1.17,9.0,0.026,0.089,0.056,7.7,7.7,0.472,0.511,0.146,0.149,99.6,99.4,82.84,99.4,0.058,1263,1.6,3.7
201609,Goran Dragic,Goran,1610612748,MIA,33.0,36,16,20,0.444,990.5166666666668,179,433,0.413,57,164,0.348,79,101,0.782,20,91,111,174,71,30,5,25,81,76,494,42,922.2,4,1,906.0,1,2018-19,Goran Dragic,27.5,106.8,108.3,108.3,106.3,107.0,107.0,0.5,1.3,1.3,0.259,2.45,24.2,0.019,0.087,0.052,9.9,9.8,0.479,0.517,0.224,0.23,103.53,102.52,85.43,102.52,0.096,2122,5.0,12.0
202330,Gordon Hayward,Gordon,1610612738,BOS,29.0,72,44,28,0.611,1863.3383333333331,296,635,0.466,77,231,0.333,156,187,0.834,51,271,322,244,105,62,23,27,104,182,825,213,1727.4,2,0,1638.0,1,2018-19,Gordon Hayward,25.9,110.5,110.3,110.3,105.8,105.2,105.2,4.8,5.1,5.1,0.185,2.32,22.9,0.026,0.141,0.083,9.8,9.8,0.527,0.575,0.183,0.188,102.27,102.63,85.52,102.63,0.114,3988,4.1,8.8
203476,Gorgui Dieng,Gorgui,1610612750,MIN,29.0,76,33,43,0.434,1031.2216666666666,189,377,0.501,19,56,0.339,88,106,0.83,81,230,311,72,57,48,41,21,134,104,485,-117,1176.2,2,0,1065.0,1,2018-19,Gorgui Dieng,13.6,106.2,105.2,105.2,111.3,109.0,109.0,-5.1,-3.8,-3.8,0.106,1.26,13.0,0.072,0.225,0.145,10.3,10.3,0.527,0.572,0.194,0.201,102.08,103.64,86.36,103.64,0.118,2211,2.5,5.0
1628960,Grayson Allen,Grayson,1610612762,UTA,23.0,38,22,16,0.579,416.29333333333335,67,178,0.376,32,99,0.323,45,60,0.75,3,20,23,25,33,6,6,6,47,47,211,-116,279.1,0,0,315.0,1,2018-19,Grayson Allen,11.0,102.6,99.6,99.6,113.1,113.2,113.2,-10.4,-13.6,-13.6,0.102,0.76,9.5,0.007,0.047,0.027,12.5,12.6,0.466,0.516,0.238,0.248,102.26,103.77,86.48,103.77,0.037,903,1.8,4.7
202328,Greg Monroe,Greg,1610612755,PHI,29.0,43,28,15,0.651,479.9166666666667,92,189,0.487,1,5,0.2,45,72,0.625,67,105,172,24,32,14,8,19,66,52,230,-72,506.4,0,0,471.0,3,2018-19,Greg Monroe,11.2,100.0,100.1,100.1,106.9,106.7,106.7,-6.9,-6.6,-6.6,0.079,0.75,8.7,0.119,0.218,0.165,11.6,11.6,0.489,0.521,0.211,0.217,103.8,103.87,86.56,103.87,0.106,1037,2.1,4.4
1627824,Guerschon Yabusele,Guerschon,1610612738,BOS,23.0,41,27,14,0.659,250.8033333333333,35,77,0.455,9,28,0.321,15,22,0.682,23,30,53,15,15,8,7,4,32,17,94,-18,210.1,0,0,201.0,1,2018-19,Guerschon Yabusele,6.1,106.0,102.4,102.4,106.8,106.0,106.0,-0.8,-3.6,-3.6,0.088,1.0,12.8,0.084,0.104,0.094,12.8,12.9,0.513,0.542,0.168,0.177,100.38,102.49,85.41,102.49,0.068,536,0.9,1.9
1628977,Hamidou Diallo,Hamidou,1610612760,OKC,20.0,51,29,22,0.569,526.28,75,165,0.455,4,24,0.167,36,59,0.61,38,59,97,17,23,21,10,13,77,51,190,-76,401.9,0,0,370.0,1,2018-19,Hamidou Diallo,10.3,103.7,103.5,103.5,109.3,110.3,110.3,-5.6,-6.8,-6.8,0.044,0.74,7.4,0.065,0.11,0.086,10.0,10.0,0.467,0.497,0.16,0.165,104.46,104.11,86.76,104.11,0.049,1142,1.5,3.2
203084,Harrison Barnes,Harrison,1610612758,SAC,27.0,77,34,43,0.442,2532.593333333333,431,1027,0.42,174,441,0.395,229,278,0.824,57,304,361,115,98,50,13,49,122,200,1265,-54,1961.7,4,0,2041.0,2,2018-19,Harrison Barnes,32.9,106.9,108.0,108.0,107.9,109.4,109.4,-1.1,-1.5,-1.5,0.069,1.17,8.5,0.021,0.111,0.066,7.3,7.2,0.504,0.55,0.202,0.208,103.47,102.22,85.19,102.22,0.088,5405,5.6,13.3
1628385,Harry Giles III,Harry,1610612758,SAC,21.0,58,26,32,0.448,819.99,175,348,0.503,0,6,0.0,58,91,0.637,66,156,222,85,73,31,22,12,150,99,408,-106,887.9,0,0,821.0,1,2018-19,Harry Giles III,14.1,105.8,104.1,104.1,108.5,109.1,109.1,-2.8,-5.0,-5.0,0.155,1.16,15.5,0.076,0.171,0.125,13.3,13.4,0.503,0.526,0.227,0.235,106.02,106.54,88.78,106.54,0.09,1813,3.0,6.0
202355,Hassan Whiteside,Hassan,1610612748,MIA,30.0,72,33,39,0.458,1674.2266666666667,388,680,0.571,2,16,0.125,109,243,0.449,257,560,817,56,97,46,136,50,192,226,887,19,2400.4,36,0,2126.0,1,2018-19,Hassan Whiteside,23.3,105.1,107.0,107.0,104.6,106.2,106.2,0.4,0.7,0.7,0.054,0.58,6.0,0.139,0.305,0.222,10.4,10.3,0.572,0.564,0.215,0.222,100.99,99.34,82.78,99.34,0.162,3462,5.4,9.4
1629312,Haywood Highsmith,Haywood,1610612755,PHI,22.0,5,2,3,0.4,39.78333333333333,4,10,0.4,1,5,0.2,0,2,0.0,0,5,5,2,1,1,0,1,1,1,9,-23,20.0,0,0,19.0,1,2018-19,Haywood Highsmith,8.0,102.6,103.4,103.4,129.3,131.0,131.0,-26.6,-27.6,-27.6,0.067,2.0,14.3,0.0,0.143,0.06,7.1,7.2,0.45,0.414,0.115,0.117,106.71,105.57,87.98,105.57,0.038,88,0.8,2.0
1627740,Henry Ellenson,Henry,1610612752,NYK,22.0,19,4,15,0.211,259.1066666666667,39,95,0.411,17,38,0.447,19,25,0.76,5,61,66,16,9,7,2,5,27,24,114,-10,235.2,0,0,231.0,2,2018-19,Henry Ellenson,13.6,104.3,104.0,104.0,106.5,104.7,104.7,-2.3,-0.7,-0.7,0.096,1.78,12.4,0.018,0.214,0.117,7.0,6.9,0.5,0.538,0.186,0.194,100.52,101.52,84.6,101.52,0.102,545,2.1,5.0
203546,Ian Clark,Ian,1610612740,NOP,28.0,60,24,36,0.4,972.5783333333334,151,383,0.394,66,202,0.327,33,37,0.892,13,76,89,94,58,22,8,21,95,39,401,-55,680.8,0,0,710.0,1,2018-19,Ian Clark,16.2,105.9,106.2,106.2,109.6,109.6,109.6,-3.7,-3.4,-3.4,0.132,1.62,17.2,0.012,0.071,0.042,10.6,10.5,0.48,0.502,0.185,0.191,106.26,106.16,88.47,106.16,0.052,2159,2.5,6.4
101133,Ian Mahinmi,Ian,1610612764,WAS,32.0,34,12,22,0.353,497.76666666666665,47,104,0.452,3,16,0.188,42,61,0.689,48,80,128,25,21,25,16,9,84,58,139,-34,432.1,1,0,377.0,1,2018-19,Ian Mahinmi,14.6,101.5,102.1,102.1,104.1,105.3,105.3,-2.6,-3.2,-3.2,0.073,1.19,14.1,0.088,0.161,0.123,11.9,11.9,0.466,0.531,0.128,0.131,101.51,100.63,83.85,100.63,0.068,1043,1.4,3.1
1628387,Ike Anigbogu,Ike,1610612754,IND,20.0,3,2,1,0.667,6.15,0,3,0.0,0,0,0.0,0,0,0.0,1,2,3,1,1,0,1,0,0,0,0,-2,7.1,0,0,6.0,1,2018-19,Ike Anigbogu,2.1,84.6,78.6,78.6,109.4,92.9,92.9,-24.8,-14.3,-14.3,0.2,1.0,20.0,0.143,0.25,0.2,20.0,20.0,0.0,0.0,0.267,0.286,97.09,109.27,91.06,109.27,0.0,14,0.0,1.0
202697,Iman Shumpert,Iman,1610612745,HOU,29.0,62,39,23,0.629,1480.8,167,446,0.374,95,273,0.348,36,45,0.8,27,156,183,112,50,59,24,13,127,78,465,-46,1051.6,0,0,1021.0,2,2018-19,Iman Shumpert,23.9,108.1,109.1,109.1,109.3,110.5,110.5,-1.2,-1.4,-1.4,0.098,2.24,17.8,0.016,0.101,0.057,8.0,8.0,0.481,0.499,0.143,0.145,104.88,103.82,86.52,103.82,0.057,3202,2.7,7.2
1629067,Isaac Bonga,Isaac,1610612747,LAL,19.0,22,7,15,0.318,120.025,5,33,0.152,0,8,0.0,9,15,0.6,9,16,25,15,6,9,4,5,9,10,19,13,104.5,0,0,85.0,1,2018-19,Isaac Bonga,5.5,97.0,96.6,96.6,92.2,89.6,89.6,4.8,7.0,7.0,0.163,2.5,24.6,0.064,0.113,0.089,9.8,9.9,0.152,0.24,0.151,0.157,105.01,106.78,88.98,106.78,0.039,264,0.2,1.5
1629353,Isaac Humphries,Isaac,1610612737,ATL,21.0,5,1,4,0.2,56.43333333333333,6,21,0.286,3,11,0.273,0,0,0.0,4,7,11,0,0,1,0,4,7,3,15,-22,31.2,0,0,31.0,1,2018-19,Isaac Humphries,11.3,96.8,97.7,97.7,114.2,114.7,114.7,-17.4,-17.1,-17.1,0.0,0.0,0.0,0.055,0.123,0.085,0.0,0.0,0.357,0.357,0.142,0.145,110.47,109.72,91.44,109.72,0.012,129,1.2,4.2
1628515,Isaiah Briscoe,Isaiah,1610612753,ORL,23.0,39,17,22,0.436,559.23,55,138,0.399,11,34,0.324,15,26,0.577,5,69,74,87,31,11,2,7,66,52,136,20,363.3,0,0,334.0,1,2018-19,Isaiah Briscoe,14.3,102.7,102.8,102.8,100.2,100.9,100.9,2.4,2.0,2.0,0.226,2.81,32.6,0.008,0.111,0.06,11.6,11.6,0.438,0.455,0.139,0.142,100.5,100.12,83.44,100.12,0.057,1165,1.4,3.5
203477,Isaiah Canaan,Isaiah,1610612749,MIL,28.0,30,10,20,0.333,627.9233333333333,64,164,0.39,34,96,0.354,19,24,0.792,6,52,58,84,35,14,2,11,52,30,181,-174,389.6,0,0,389.0,3,2018-19,Isaiah Canaan,20.9,102.4,102.5,102.5,115.2,114.9,114.9,-12.8,-12.3,-12.3,0.194,2.4,28.7,0.01,0.086,0.047,11.9,11.9,0.494,0.518,0.147,0.15,99.64,99.68,83.07,99.68,0.057,1298,2.1,5.5
1628392,Isaiah Hartenstein,Isaiah,1610612745,HOU,21.0,28,15,13,0.536,221.26,20,41,0.488,2,6,0.333,11,14,0.786,21,26,47,15,13,7,12,6,56,14,53,39,175.9,0,0,155.0,1,2018-19,Isaiah Hartenstein,7.9,112.3,113.0,113.0,104.4,103.4,103.4,7.9,9.6,9.6,0.1,1.15,20.0,0.089,0.118,0.103,17.3,17.3,0.512,0.562,0.112,0.116,102.2,102.4,85.33,102.4,0.031,469,0.7,1.5
1628439,Isaiah Hicks,Isaiah,1610612752,NYK,24.0,3,1,2,0.333,32.333333333333336,4,8,0.5,0,0,0.0,4,5,0.8,2,5,7,2,1,1,3,0,5,5,12,-2,34.4,0,0,29.0,1,2018-19,Isaiah Hicks,10.8,102.2,100.0,100.0,104.3,104.5,104.5,-2.1,-4.5,-4.5,0.118,2.0,15.4,0.059,0.147,0.103,7.7,7.6,0.5,0.588,0.153,0.161,97.77,98.72,82.27,98.72,0.104,67,1.3,2.7
202738,Isaiah Thomas,Isaiah,1610612743,DEN,30.0,12,6,6,0.5,180.78,34,99,0.343,12,43,0.279,17,27,0.63,5,8,13,23,18,5,1,8,17,23,97,-22,147.1,0,0,157.0,1,2018-19,Isaiah Thomas,15.1,99.7,99.0,99.0,105.0,104.5,104.5,-5.3,-5.5,-5.5,0.198,1.28,15.1,0.023,0.04,0.031,11.8,11.9,0.404,0.437,0.274,0.284,106.36,107.0,89.17,107.0,0.039,403,2.8,8.3
202397,Ish Smith,Ish,1610612765,DET,30.0,56,33,23,0.589,1250.99,205,489,0.419,44,135,0.326,47,62,0.758,23,122,145,203,61,28,11,21,109,68,501,83,1035.5,0,0,971.0,1,2018-19,Ish Smith,22.3,110.2,110.8,110.8,106.9,108.1,108.1,3.3,2.7,2.7,0.243,3.33,26.0,0.017,0.097,0.055,7.8,7.8,0.464,0.485,0.193,0.198,99.52,98.67,82.22,98.67,0.086,2578,3.7,8.7
1628397,Ivan Rabb,Ivan,1610612763,MEM,22.0,49,20,29,0.408,720.6816666666666,116,212,0.547,3,15,0.2,49,69,0.71,70,136,206,54,35,17,14,7,90,85,284,-94,670.2,4,0,609.0,1,2018-19,Ivan Rabb,14.7,103.5,103.3,103.3,109.7,109.5,109.5,-6.2,-6.2,-6.2,0.123,1.54,16.3,0.097,0.197,0.146,10.6,10.6,0.554,0.586,0.166,0.171,98.36,98.51,82.09,98.51,0.106,1478,2.4,4.3
1627826,Ivica Zubac,Ivica,1610612746,LAC,22.0,59,32,27,0.542,1039.2,212,379,0.559,0,0,0.0,101,126,0.802,115,247,362,63,70,14,51,47,137,112,525,41,1178.9,8,0,1080.0,2,2018-19,Ivica Zubac,17.6,106.6,106.5,106.5,104.0,104.7,104.7,2.6,1.8,1.8,0.093,0.9,11.1,0.108,0.216,0.164,12.3,12.3,0.559,0.604,0.199,0.204,104.7,104.36,86.97,104.36,0.127,2260,3.6,6.4
200826,J.J. Barea,J.J.,1610612742,DAL,35.0,38,20,18,0.526,751.8083333333333,161,385,0.418,38,128,0.297,55,78,0.705,13,82,95,211,72,22,1,13,50,83,415,58,842.5,3,0,805.0,1,2018-19,J.J. Barea,19.8,108.3,109.5,109.5,105.6,106.3,106.3,2.8,3.2,3.2,0.454,2.93,30.2,0.016,0.106,0.06,10.3,10.3,0.468,0.495,0.263,0.272,103.64,102.73,85.61,102.73,0.131,1612,4.2,10.1
1629122,J.P. Macura,J.P.,1610612766,CHA,24.0,2,1,1,0.5,16.833333333333332,3,9,0.333,0,4,0.0,0,0,0.0,0,3,3,2,0,0,0,1,0,1,6,1,12.6,0,0,11.0,1,2018-19,J.P. Macura,8.4,98.5,89.5,89.5,91.2,91.7,91.7,7.3,-2.2,-2.2,0.2,0.0,18.2,0.0,0.143,0.073,0.0,0.0,0.333,0.333,0.209,0.228,100.83,105.5,87.92,105.5,0.083,38,1.5,4.5
200755,JJ Redick,JJ,1610612755,PHI,35.0,76,49,27,0.645,2379.116666666667,452,1027,0.44,240,605,0.397,228,255,0.894,20,166,186,206,101,32,17,20,129,189,1372,307,1950.2,1,0,2102.0,1,2018-19,JJ Redick,31.3,110.5,110.3,110.3,105.2,104.7,104.7,5.3,5.6,5.6,0.129,2.04,14.4,0.008,0.062,0.036,7.1,7.0,0.557,0.602,0.209,0.217,104.77,105.13,87.61,105.13,0.099,5218,5.9,13.5
2747,JR Smith,JR,1610612739,CLE,33.0,11,1,10,0.091,222.335,27,79,0.342,12,39,0.308,8,10,0.8,0,18,18,21,11,11,3,0,19,10,74,-14,158.1,0,0,153.0,1,2018-19,JR Smith,20.2,102.8,101.5,101.5,103.9,104.9,104.9,-1.1,-3.4,-3.4,0.133,1.91,18.3,0.0,0.08,0.039,9.6,9.5,0.418,0.444,0.176,0.183,101.7,101.9,84.92,101.9,0.051,473,2.5,7.2
203960,JaKarr Sampson,JaKarr,1610612741,CHI,26.0,4,1,3,0.25,127.26666666666668,29,54,0.537,5,14,0.357,17,21,0.81,5,27,32,4,4,4,3,5,8,11,80,-7,141.4,0,0,135.0,1,2018-19,JaKarr Sampson,31.8,105.5,107.3,107.3,107.7,109.6,109.6,-2.1,-2.3,-2.3,0.052,1.0,5.6,0.037,0.196,0.117,5.6,5.6,0.583,0.633,0.234,0.236,99.94,98.25,81.88,98.25,0.162,260,7.3,13.5
203210,JaMychal Green,JaMychal,1610612746,LAC,29.0,65,31,34,0.477,1370.5833333333333,230,476,0.483,71,176,0.403,80,101,0.792,104,305,409,50,87,45,34,37,193,93,611,-214,1326.8,6,0,1299.0,2,2018-19,JaMychal Green,21.1,102.7,103.3,103.3,109.6,109.1,109.1,-6.9,-5.8,-5.8,0.058,0.57,7.6,0.071,0.218,0.143,13.2,13.2,0.558,0.587,0.185,0.19,101.96,101.9,84.91,101.9,0.103,2888,3.5,7.3
201580,JaVale McGee,JaVale,1610612747,LAL,31.0,75,35,40,0.467,1670.6933333333334,400,641,0.624,1,12,0.083,96,152,0.632,195,371,566,52,108,47,148,21,208,158,897,-158,2131.2,14,0,1906.0,1,2018-19,JaVale McGee,22.3,105.6,106.7,106.7,110.5,111.1,111.1,-4.9,-4.4,-4.4,0.045,0.48,6.0,0.112,0.203,0.159,12.5,12.4,0.625,0.634,0.197,0.201,105.69,104.87,87.39,104.87,0.127,3651,5.3,8.5
203953,Jabari Parker,Jabari,1610612764,WAS,24.0,64,18,46,0.281,1724.2716666666668,369,749,0.493,61,195,0.313,131,184,0.712,79,342,421,152,151,46,30,54,145,155,930,-204,1740.2,8,0,1716.0,2,2018-19,Jabari Parker,26.9,104.4,104.6,104.6,110.3,110.8,110.8,-6.0,-6.2,-6.2,0.14,1.01,13.5,0.045,0.187,0.117,13.4,13.3,0.533,0.56,0.236,0.244,103.21,102.85,85.71,102.85,0.111,3706,5.8,11.7
1628980,Jacob Evans,Jacob,1610612744,GSW,22.0,30,21,9,0.7,203.59666666666664,18,53,0.34,4,15,0.267,0,1,0.0,6,19,25,23,11,5,3,3,28,5,40,-35,117.5,0,0,108.0,1,2018-19,Jacob Evans,6.8,100.8,99.8,99.8,108.3,105.9,105.9,-7.5,-6.2,-6.2,0.15,2.09,26.4,0.029,0.084,0.057,12.6,12.6,0.377,0.374,0.134,0.139,100.43,102.08,85.07,102.08,0.021,429,0.6,1.8
203109,Jae Crowder,Jae,1610612762,UTA,28.0,80,48,32,0.6,2165.7316666666666,318,797,0.399,173,522,0.331,142,197,0.721,60,324,384,133,85,64,31,27,170,170,951,227,1811.3,3,0,1831.0,1,2018-19,Jae Crowder,27.1,109.4,109.7,109.7,104.9,105.3,105.3,4.5,4.4,4.4,0.09,1.56,12.1,0.027,0.139,0.083,7.7,7.7,0.508,0.538,0.183,0.189,103.27,102.94,85.78,102.94,0.086,4656,4.0,10.0
1626143,Jahlil Okafor,Jahlil,1610612740,NOP,23.0,59,23,36,0.39,934.8483333333334,212,362,0.586,1,5,0.2,59,89,0.663,82,196,278,40,52,15,40,30,96,97,484,-118,990.6,6,0,913.0,1,2018-19,Jahlil Okafor,15.8,105.5,106.0,106.0,112.1,111.5,111.5,-6.6,-5.5,-5.5,0.064,0.77,8.2,0.084,0.196,0.14,10.7,10.5,0.587,0.603,0.198,0.205,103.72,103.79,86.5,103.79,0.115,2018,3.6,6.1
1627774,Jake Layman,Jake,1610612757,POR,25.0,71,46,25,0.648,1326.9366666666667,216,424,0.509,59,181,0.326,50,71,0.704,56,161,217,53,46,31,30,17,116,83,541,71,1017.9,1,0,992.0,1,2018-19,Jake Layman,18.7,110.4,110.8,110.8,108.7,108.9,108.9,1.7,2.0,2.0,0.056,1.15,9.6,0.041,0.115,0.079,8.3,8.3,0.579,0.594,0.156,0.16,101.27,100.98,84.15,100.98,0.082,2799,3.0,6.0
1627751,Jakob Poeltl,Jakob,1610612759,SAS,23.0,77,43,34,0.558,1272.655,187,290,0.645,0,0,0.0,49,92,0.533,178,232,410,93,48,29,68,19,124,89,423,88,1297.5,1,0,1120.0,1,2018-19,Jakob Poeltl,16.5,110.9,110.0,110.0,106.0,106.1,106.1,4.9,3.9,3.9,0.099,1.94,19.8,0.136,0.171,0.154,10.2,10.2,0.645,0.64,0.125,0.129,100.51,100.91,84.09,100.91,0.11,2668,2.4,3.8
1628973,Jalen Brunson,Jalen,1610612742,DAL,22.0,73,27,46,0.37,1591.2583333333334,264,565,0.467,63,181,0.348,87,120,0.725,25,144,169,230,88,37,4,43,127,158,678,-83,1260.8,3,0,1222.0,1,2018-19,Jalen Brunson,21.8,106.9,107.7,107.7,109.8,110.4,110.4,-2.9,-2.8,-2.8,0.223,2.61,24.6,0.015,0.087,0.05,9.4,9.4,0.523,0.549,0.186,0.19,101.06,100.42,83.68,100.42,0.088,3333,3.6,7.7
1627883,Jalen Jones,Jalen,1610612739,CLE,26.0,16,3,13,0.188,214.1233333333333,26,62,0.419,10,28,0.357,19,27,0.704,11,23,34,7,8,9,2,2,27,18,81,-25,157.3,0,0,154.0,1,2018-19,Jalen Jones,13.4,108.2,105.7,105.7,112.5,112.5,112.5,-4.3,-6.7,-6.7,0.05,0.88,7.8,0.05,0.113,0.08,8.9,9.0,0.5,0.548,0.162,0.168,100.05,101.21,84.34,101.21,0.054,454,1.6,3.9
2037,Jamal Crawford,Jamal,1610612756,PHX,39.0,64,13,51,0.203,1210.9116666666666,174,438,0.397,67,202,0.332,93,110,0.845,8,77,85,229,99,33,12,8,75,91,508,-377,989.5,0,0,979.0,1,2018-19,Jamal Crawford,18.9,101.0,101.4,101.4,115.4,116.5,116.5,-14.4,-15.1,-15.1,0.283,2.31,28.3,0.006,0.061,0.034,12.2,12.2,0.474,0.522,0.198,0.205,104.74,103.99,86.66,103.99,0.083,2632,2.7,6.8
1627750,Jamal Murray,Jamal,1610612743,DEN,22.0,75,49,26,0.653,2447.3116666666665,513,1173,0.437,152,414,0.367,189,223,0.848,65,252,317,363,158,67,27,51,153,204,1367,245,2415.9,4,0,2387.0,1,2018-19,Jamal Murray,32.6,111.4,112.8,112.8,107.8,108.0,108.0,3.5,4.8,4.8,0.22,2.3,20.5,0.026,0.101,0.063,8.9,8.8,0.502,0.538,0.241,0.249,100.2,99.49,82.91,99.49,0.108,5074,6.8,15.6
203516,James Ennis III,James,1610612755,PHI,28.0,58,35,23,0.603,1229.638333333333,138,294,0.469,55,156,0.353,58,81,0.716,60,122,182,41,34,41,23,13,150,68,389,-8,826.9,0,0,795.0,2,2018-19,James Ennis III,21.2,110.0,110.5,110.5,109.5,109.8,109.8,0.5,0.7,0.7,0.047,1.21,10.1,0.048,0.099,0.074,8.4,8.4,0.563,0.59,0.125,0.127,101.37,101.02,84.19,101.02,0.056,2576,2.4,5.1
201935,James Harden,James,1610612745,HOU,29.0,78,51,27,0.654,2866.725,843,1909,0.442,378,1028,0.368,754,858,0.879,66,452,518,586,387,158,58,112,244,564,2818,357,4579.6,34,7,4732.0,1,2018-19,James Harden,36.8,114.4,116.6,116.6,108.7,110.3,110.3,5.7,6.3,6.3,0.394,1.51,18.2,0.023,0.157,0.089,12.0,11.9,0.541,0.616,0.396,0.406,99.71,98.06,81.72,98.06,0.201,5851,10.8,24.5
201949,James Johnson,James,1610612748,MIA,32.0,55,27,28,0.491,1163.8383333333334,164,379,0.433,50,149,0.336,50,70,0.714,22,154,176,135,74,35,27,15,114,59,428,-105,953.7,0,0,913.0,1,2018-19,James Johnson,21.2,102.7,103.2,103.2,106.7,107.9,107.9,-4.0,-4.6,-4.6,0.167,1.82,21.8,0.018,0.123,0.071,12.0,12.0,0.499,0.522,0.177,0.181,99.95,99.11,82.59,99.11,0.079,2406,3.0,6.9
203263,James Nunnally,James,1610612745,HOU,28.0,15,8,7,0.533,101.49333333333334,12,34,0.353,8,25,0.32,4,4,1.0,0,5,5,7,1,1,0,1,10,3,36,-24,54.5,0,0,58.0,2,2018-19,James Nunnally,6.8,112.5,111.0,111.0,125.4,122.0,122.0,-12.8,-11.0,-11.0,0.097,7.0,16.3,0.0,0.053,0.025,2.3,2.3,0.471,0.503,0.153,0.161,101.03,103.1,85.92,103.1,0.035,218,0.8,2.3
201162,Jared Dudley,Jared,1610612751,BKN,33.0,59,28,31,0.475,1219.6483333333333,101,239,0.423,53,151,0.351,32,46,0.696,34,121,155,83,43,36,16,11,131,72,287,35,710.5,0,0,682.0,1,2018-19,Jared Dudley,20.7,108.8,109.4,109.4,107.8,108.6,108.6,1.0,0.8,0.8,0.093,1.93,21.5,0.027,0.096,0.061,11.1,11.2,0.533,0.554,0.104,0.107,100.85,100.22,83.52,100.22,0.049,2553,1.7,4.1
1629123,Jared Terrell,Jared,1610612750,MIN,24.0,14,4,10,0.286,110.92166666666668,12,39,0.308,4,17,0.235,3,6,0.5,1,5,6,12,10,3,2,2,16,3,31,-27,61.2,0,0,63.0,1,2018-19,Jared Terrell,7.9,96.5,94.1,94.1,108.0,106.4,106.4,-11.4,-12.3,-12.3,0.182,1.2,18.8,0.008,0.044,0.025,15.6,15.7,0.359,0.372,0.197,0.203,99.67,101.69,84.74,101.69,-0.009,236,0.9,2.8
1626185,Jarell Martin,Jarell,1610612753,ORL,25.0,42,20,22,0.476,327.88,43,104,0.413,20,57,0.351,9,11,0.818,11,62,73,18,11,3,8,6,51,17,115,31,251.6,0,0,248.0,1,2018-19,Jarell Martin,7.8,107.4,106.0,106.0,102.8,101.6,101.6,4.6,4.4,4.4,0.078,1.64,13.1,0.031,0.185,0.106,8.0,8.0,0.51,0.528,0.153,0.159,101.76,103.06,85.89,103.06,0.065,704,1.0,2.5
1628991,Jaren Jackson Jr.,Jaren,1610612763,MEM,19.0,58,23,35,0.397,1514.6883333333333,298,589,0.506,51,142,0.359,151,197,0.766,73,199,272,64,98,52,82,41,220,205,798,-103,1524.4,2,0,1453.0,1,2018-19,Jaren Jackson Jr.,26.1,100.7,101.3,101.3,103.2,103.6,103.6,-2.5,-2.3,-2.3,0.074,0.65,7.7,0.049,0.132,0.09,11.7,11.7,0.549,0.591,0.231,0.235,97.0,96.48,80.4,96.48,0.1,3029,5.1,10.2
1628417,Jaron Blossomgame,Jaron,1610612739,CLE,25.0,27,4,23,0.148,439.16,47,106,0.443,10,39,0.256,10,13,0.769,26,72,98,13,11,7,8,7,20,17,114,-43,285.1,1,0,265.0,1,2018-19,Jaron Blossomgame,16.3,105.2,103.7,103.7,109.4,109.6,109.6,-4.3,-6.0,-6.0,0.043,1.18,9.6,0.055,0.162,0.107,8.1,8.1,0.491,0.51,0.12,0.124,97.63,98.26,81.88,98.26,0.078,904,1.7,3.9
1629020,Jarred Vanderbilt,Jarred,1610612743,DEN,20.0,17,10,7,0.588,69.18666666666667,9,19,0.474,0,1,0.0,6,10,0.6,7,16,23,3,8,6,1,3,8,7,24,10,69.1,0,0,64.0,1,2018-19,Jarred Vanderbilt,4.1,102.3,96.9,96.9,94.1,92.5,92.5,8.2,4.5,4.5,0.064,0.38,8.6,0.084,0.205,0.143,22.9,23.3,0.474,0.513,0.179,0.186,107.47,111.35,92.79,111.35,0.085,162,0.5,1.1
1628386,Jarrett Allen,Jarrett,1610612751,BKN,21.0,80,42,38,0.525,2095.97,335,568,0.59,6,45,0.133,197,278,0.709,191,481,672,110,103,43,120,48,184,268,873,-119,2230.4,24,0,1987.0,1,2018-19,Jarrett Allen,26.2,107.9,109.2,109.2,110.1,111.6,111.6,-2.2,-2.4,-2.4,0.076,1.07,12.1,0.088,0.208,0.15,11.3,11.4,0.595,0.632,0.158,0.16,103.88,102.55,85.46,102.55,0.121,4472,4.2,7.1
201160,Jason Smith,Jason,1610612740,NOP,33.0,20,10,10,0.5,190.51666666666668,21,59,0.356,9,26,0.346,14,16,0.875,16,36,52,14,13,3,7,2,30,13,65,-49,165.4,0,0,160.0,3,2018-19,Jason Smith,9.5,98.0,96.0,96.0,108.3,108.1,108.1,-10.3,-12.1,-12.1,0.112,1.08,14.9,0.077,0.174,0.125,13.8,14.0,0.432,0.492,0.169,0.174,104.87,106.07,88.39,106.07,0.062,422,1.1,3.0
1628393,Jawun Evans,Jawun,1610612760,OKC,22.0,8,4,4,0.5,64.34833333333333,3,14,0.214,0,3,0.0,0,0,0.0,1,11,12,10,6,3,0,1,8,3,6,-51,38.4,0,0,34.0,2,2018-19,Jawun Evans,8.0,79.5,77.9,77.9,114.1,115.9,115.9,-34.6,-38.0,-38.0,0.238,1.67,33.3,0.015,0.172,0.093,20.0,20.0,0.214,0.214,0.142,0.148,97.85,98.09,81.74,98.09,0.025,131,0.4,1.8
1629121,Jaylen Adams,Jaylen,1610612737,ATL,23.0,34,13,21,0.382,427.5883333333333,38,110,0.345,25,74,0.338,7,9,0.778,11,49,60,65,28,14,5,7,45,13,108,-57,306.5,0,0,296.0,1,2018-19,Jaylen Adams,12.6,103.6,102.5,102.5,108.9,109.1,109.1,-5.3,-6.5,-6.5,0.201,2.32,31.6,0.022,0.109,0.063,13.6,13.5,0.459,0.474,0.131,0.136,106.31,106.81,89.01,106.81,0.055,954,1.1,3.2
1627759,Jaylen Brown,Jaylen,1610612738,BOS,22.0,74,41,33,0.554,1913.3516666666667,368,792,0.465,95,276,0.344,133,202,0.658,65,248,313,100,99,69,32,43,186,171,964,66,1693.6,2,0,1674.0,1,2018-19,Jaylen Brown,25.9,108.1,108.3,108.3,105.1,105.9,105.9,3.0,2.4,2.4,0.079,1.01,9.2,0.032,0.122,0.077,9.1,9.2,0.525,0.547,0.215,0.22,102.61,102.15,85.13,102.15,0.084,4058,5.0,10.7
1628537,Jaylen Morris,Jaylen,1610612749,MIL,23.0,4,4,0,1.0,28.51333333333333,4,10,0.4,1,3,0.333,1,2,0.5,0,5,5,4,1,2,0,1,1,1,10,12,27.0,0,0,24.0,1,2018-19,Jaylen Morris,7.1,109.3,109.2,109.2,89.5,86.8,86.8,19.8,22.5,22.5,0.174,4.0,25.0,0.0,0.147,0.068,6.3,6.3,0.45,0.46,0.15,0.15,110.16,111.95,93.29,111.95,0.109,65,1.0,2.5
1628369,Jayson Tatum,Jayson,1610612738,BOS,21.0,79,48,31,0.608,2454.6966666666667,466,1036,0.45,116,311,0.373,195,228,0.855,70,407,477,168,122,84,57,49,168,204,1243,360,2368.4,8,0,2286.0,1,2018-19,Jayson Tatum,31.1,111.3,111.9,111.9,104.5,105.1,105.1,6.8,6.8,6.8,0.098,1.38,11.8,0.028,0.157,0.093,8.6,8.6,0.506,0.547,0.218,0.222,101.24,100.68,83.9,100.68,0.106,5152,5.9,13.1
201145,Jeff Green,Jeff,1610612764,WAS,32.0,77,29,48,0.377,2096.688333333333,326,687,0.475,111,320,0.347,183,206,0.888,57,252,309,137,101,43,39,25,160,173,946,-94,1667.3,2,0,1667.0,1,2018-19,Jeff Green,27.2,110.0,111.3,111.3,112.5,113.2,113.2,-2.5,-1.9,-1.9,0.093,1.36,13.5,0.027,0.117,0.072,10.0,9.9,0.555,0.608,0.174,0.178,103.36,102.39,85.33,102.39,0.088,4469,4.2,8.9
201952,Jeff Teague,Jeff,1610612750,MIN,31.0,42,23,19,0.548,1264.035,176,416,0.423,35,105,0.333,123,153,0.804,16,90,106,343,97,43,18,31,90,121,510,0,1237.7,11,0,1116.0,1,2018-19,Jeff Teague,30.1,111.2,113.0,113.0,110.7,113.1,113.1,0.5,-0.1,-0.1,0.366,3.54,37.2,0.012,0.067,0.039,10.5,10.5,0.465,0.528,0.186,0.189,103.78,101.85,84.87,101.85,0.103,2683,4.2,9.9
1629203,Jemerrio Jones,Jemerrio,1610612747,LAL,24.0,6,3,3,0.5,143.11666666666667,12,33,0.364,2,10,0.2,1,2,0.5,16,33,49,13,5,7,5,4,10,3,27,28,136.3,1,0,115.0,1,2018-19,Jemerrio Jones,23.9,105.7,108.7,108.7,97.3,98.0,98.0,8.4,10.7,10.7,0.115,2.6,25.0,0.1,0.198,0.15,9.6,9.6,0.394,0.398,0.108,0.109,102.42,100.62,83.85,100.62,0.098,298,2.0,5.5
203924,Jerami Grant,Jerami,1610612760,OKC,25.0,80,48,32,0.6,2612.26,409,823,0.497,115,293,0.392,157,221,0.71,96,321,417,79,67,61,100,63,214,212,1090,300,2124.9,4,0,2023.0,1,2018-19,Jerami Grant,32.7,109.3,111.0,111.0,104.4,105.6,105.6,4.9,5.4,5.4,0.04,1.18,7.4,0.032,0.118,0.073,6.3,6.3,0.567,0.592,0.15,0.152,105.99,104.64,87.2,104.64,0.084,5691,5.1,10.3
203087,Jeremy Lamb,Jeremy,1610612766,CHA,27.0,79,38,41,0.481,2250.09,431,979,0.44,115,330,0.348,231,260,0.888,65,369,434,172,80,88,32,45,140,210,1208,49,2266.8,7,0,2169.0,1,2018-19,Jeremy Lamb,28.5,108.8,110.3,110.3,108.7,109.6,109.6,0.1,0.7,0.7,0.119,2.15,12.8,0.027,0.159,0.091,6.0,5.9,0.499,0.552,0.22,0.225,100.81,99.74,83.12,99.74,0.118,4683,5.5,12.4
202391,Jeremy Lin,Jeremy,1610612761,TOR,30.0,74,31,43,0.419,1436.3133333333333,238,541,0.44,55,187,0.294,176,210,0.838,22,157,179,231,124,47,13,35,144,228,707,-184,1324.3,1,0,1292.0,2,2018-19,Jeremy Lin,19.4,101.8,101.7,101.7,107.5,106.8,106.8,-5.7,-5.1,-5.1,0.249,1.86,23.4,0.014,0.102,0.058,12.6,12.5,0.491,0.558,0.213,0.219,105.63,106.0,88.34,106.0,0.1,3161,3.2,7.3
1626170,Jerian Grant,Jerian,1610612753,ORL,26.0,60,28,32,0.467,938.7733333333332,92,220,0.418,40,110,0.364,26,40,0.65,19,79,98,156,51,44,6,8,78,62,250,-148,700.6,0,0,644.0,1,2018-19,Jerian Grant,15.6,101.2,100.5,100.5,107.5,107.7,107.7,-6.3,-7.3,-7.3,0.242,3.06,35.1,0.019,0.083,0.05,11.5,11.5,0.509,0.526,0.13,0.135,100.16,100.45,83.7,100.45,0.076,1962,1.5,3.7
1629010,Jerome Robinson,Jerome,1610612746,LAC,22.0,33,18,15,0.545,320.52,44,110,0.4,18,57,0.316,6,9,0.667,3,38,41,19,13,11,3,9,46,12,112,-23,218.7,0,0,218.0,1,2018-19,Jerome Robinson,9.7,108.7,107.8,107.8,111.8,111.2,111.2,-3.1,-3.4,-3.4,0.08,1.46,13.1,0.009,0.109,0.061,9.0,8.9,0.482,0.491,0.159,0.167,104.66,105.35,87.79,105.35,0.043,704,1.3,3.3
201573,Jerryd Bayless,Jerryd,1610612750,MIN,30.0,34,15,19,0.441,656.9966666666667,82,230,0.357,29,98,0.296,16,28,0.571,11,51,62,119,32,18,2,8,56,26,209,-161,489.9,2,0,459.0,1,2018-19,Jerryd Bayless,19.3,103.6,105.0,105.0,117.2,117.4,117.4,-13.6,-12.4,-12.4,0.262,3.72,30.4,0.015,0.08,0.045,8.2,8.1,0.42,0.431,0.172,0.177,100.5,99.69,83.08,99.69,0.059,1368,2.4,6.8
1628975,Jevon Carter,Jevon,1610612763,MEM,23.0,39,9,30,0.231,576.5016666666667,56,185,0.303,34,102,0.333,26,32,0.813,14,52,66,69,33,26,11,6,55,28,172,-89,432.7,0,0,415.0,1,2018-19,Jevon Carter,14.8,98.7,99.8,99.8,106.8,106.7,106.7,-8.1,-6.8,-6.8,0.184,2.09,22.8,0.023,0.09,0.055,10.9,11.0,0.395,0.432,0.172,0.176,98.99,98.5,82.08,98.5,0.053,1179,1.4,4.7
202690,Jimmer Fredette,Jimmer,1610612756,PHX,30.0,6,1,5,0.167,64.76666666666667,8,29,0.276,0,13,0.0,6,6,1.0,1,6,7,8,5,3,0,1,5,3,22,-38,46.4,0,0,43.0,1,2018-19,Jimmer Fredette,10.8,90.5,92.1,92.1,120.0,117.6,117.6,-29.5,-25.5,-25.5,0.2,1.6,17.8,0.013,0.088,0.048,11.1,11.2,0.276,0.348,0.242,0.243,104.39,104.5,87.08,104.5,0.033,140,1.3,4.8
202710,Jimmy Butler III,Jimmy,1610612755,PHI,29.0,65,38,27,0.585,2184.9766666666665,418,904,0.462,67,193,0.347,312,365,0.855,121,221,342,263,95,123,39,43,111,274,1215,160,2410.9,3,0,2211.0,2,2018-19,Jimmy Butler III,33.6,111.3,111.9,111.9,107.9,108.3,108.3,3.4,3.6,3.6,0.179,2.77,18.5,0.054,0.094,0.075,6.7,6.7,0.499,0.571,0.218,0.223,102.93,102.44,85.36,102.44,0.126,4660,6.4,13.9
201149,Joakim Noah,Joakim,1610612763,MEM,34.0,42,14,28,0.333,692.485,110,213,0.516,0,1,0.0,78,109,0.716,58,180,238,89,50,20,31,24,96,83,298,4,820.1,4,0,727.0,1,2018-19,Joakim Noah,16.5,103.8,103.5,103.5,102.2,101.7,101.7,1.6,1.8,1.8,0.202,1.78,22.1,0.078,0.247,0.161,12.4,12.5,0.516,0.571,0.191,0.195,100.02,100.4,83.67,100.4,0.142,1438,2.6,5.1
201975,Jodie Meeks,Jodie,1610612761,TOR,31.0,8,7,1,0.875,104.04,21,39,0.538,8,18,0.444,1,1,1.0,1,11,12,8,2,1,1,2,5,2,51,13,81.4,0,0,83.0,1,2018-19,Jodie Meeks,13.0,119.7,118.8,118.8,115.5,113.0,113.0,4.2,5.8,5.8,0.096,4.0,16.3,0.01,0.093,0.056,4.1,4.0,0.641,0.647,0.169,0.175,101.4,102.88,85.74,102.88,0.09,223,2.6,4.9
1629147,Joe Chealey,Joe,1610612766,CHA,23.0,1,0,1,0.0,7.75,1,3,0.333,0,0,0.0,0,0,0.0,0,0,0,1,0,0,0,1,1,0,2,-3,3.5,0,0,3.0,1,2018-19,Joe Chealey,7.8,94.9,87.5,87.5,107.9,113.3,113.3,-13.0,-25.8,-25.8,0.25,0.0,25.0,0.0,0.0,0.0,0.0,0.0,0.333,0.333,0.176,0.19,94.51,96.0,80.0,96.0,0.0,16,1.0,3.0
203925,Joe Harris,Joe,1610612751,BKN,27.0,76,41,35,0.539,2293.5216666666665,374,748,0.5,183,386,0.474,110,133,0.827,52,239,291,181,121,38,17,67,182,121,1041,-78,1705.7,0,0,1806.0,1,2018-19,Joe Harris,30.2,108.1,109.6,109.6,109.8,111.2,111.2,-1.7,-1.6,-1.6,0.114,1.5,16.4,0.022,0.096,0.06,10.9,10.9,0.622,0.645,0.167,0.17,104.08,102.73,85.61,102.73,0.089,4909,4.9,9.8
204060,Joe Ingles,Joe,1610612762,UTA,31.0,82,50,32,0.61,2567.5666666666666,359,802,0.448,189,483,0.391,87,123,0.707,35,295,330,469,193,98,20,31,180,172,994,428,2254.5,7,0,2218.0,1,2018-19,Joe Ingles,31.3,109.4,109.2,109.2,101.6,101.6,101.6,7.8,7.7,7.7,0.262,2.43,30.9,0.013,0.108,0.061,12.7,12.7,0.565,0.581,0.17,0.175,102.03,102.13,85.11,102.13,0.104,5467,4.4,9.8
203954,Joel Embiid,Joel,1610612755,PHI,25.0,64,43,21,0.672,2154.305,580,1199,0.484,79,263,0.3,522,649,0.804,160,711,871,234,226,46,122,76,211,493,1761,373,3435.2,58,2,3281.0,1,2018-19,Joel Embiid,33.7,112.6,112.5,112.5,104.6,104.8,104.8,7.9,7.6,7.6,0.185,1.04,12.0,0.075,0.292,0.191,11.6,11.6,0.517,0.593,0.327,0.334,103.95,103.92,86.6,103.92,0.196,4672,9.1,18.7
1628381,John Collins,John,1610612737,ATL,21.0,61,24,37,0.393,1828.4016666666664,465,831,0.56,55,158,0.348,203,266,0.763,219,376,595,121,120,22,39,65,199,230,1188,-76,2146.5,32,0,2081.0,1,2018-19,John Collins,30.0,109.8,111.7,111.7,112.5,113.0,113.0,-2.7,-1.4,-1.4,0.102,1.01,10.2,0.112,0.196,0.154,10.2,10.1,0.593,0.627,0.23,0.235,106.15,105.0,87.5,105.0,0.136,3990,7.6,13.6
203089,John Henson,John,1610612739,CLE,28.0,14,10,4,0.714,188.40833333333333,31,67,0.463,11,31,0.355,6,10,0.6,16,55,71,14,12,7,11,1,16,9,79,1,227.2,0,0,211.0,1,2018-19,John Henson,13.5,106.2,105.6,105.6,105.7,103.9,103.9,0.5,1.7,1.7,0.108,1.17,14.3,0.074,0.233,0.157,12.2,12.3,0.545,0.553,0.173,0.178,108.84,110.06,91.72,110.06,0.127,429,2.2,4.8
204066,John Holland,John,1610612739,CLE,30.0,1,0,1,0.0,0.7366666666666667,0,0,0.0,0,0,0.0,0,0,0.0,0,0,0,0,0,0,0,0,0,0,0,1,0.0,0,0,0.0,1,2018-19,John Holland,0.7,113.6,50.0,50.0,0.0,0.0,0.0,113.6,50.0,50.0,0.0,0.0,0.0,0.0,0.0,0.0,0.0,0.0,0.0,0.0,0.0,0.0,61.25,97.74,81.45,97.74,0.0,2,0.0,0.0
203098,John Jenkins,John,1610612752,NYK,28.0,26,8,18,0.308,333.105,42,105,0.4,22,58,0.379,15,18,0.833,6,31,37,22,9,0,2,4,10,16,121,-49,195.4,0,0,206.0,2,2018-19,John Jenkins,12.8,100.5,100.3,100.3,106.4,106.7,106.7,-5.9,-6.5,-6.5,0.105,2.44,15.4,0.018,0.083,0.052,6.3,6.3,0.505,0.536,0.16,0.166,100.21,100.15,83.46,100.15,0.074,693,1.6,4.0
202322,John Wall,John,1610612764,WAS,28.0,32,11,21,0.344,1103.78,245,552,0.444,51,169,0.302,122,175,0.697,15,101,116,279,121,49,29,36,71,131,663,-152,1333.7,10,0,1265.0,1,2018-19,John Wall,34.5,105.9,107.1,107.1,111.3,113.2,113.2,-5.5,-6.1,-6.1,0.391,2.31,27.1,0.013,0.087,0.05,11.7,11.8,0.49,0.527,0.286,0.288,105.51,104.04,86.7,104.04,0.123,2390,7.7,17.3
1628405,Johnathan Motley,Johnathan,1610612746,LAC,24.0,22,12,10,0.545,156.01833333333337,39,73,0.534,0,3,0.0,24,40,0.6,18,33,51,11,16,5,3,4,27,24,102,-34,187.7,0,0,180.0,1,2018-19,Johnathan Motley,7.1,98.0,98.0,98.0,108.0,106.9,106.9,-10.0,-8.9,-8.9,0.129,0.69,9.5,0.104,0.213,0.155,13.8,13.6,0.534,0.563,0.266,0.281,106.37,106.91,89.09,106.91,0.119,346,1.8,3.3
1629140,Johnathan Williams,Johnathan,1610612747,LAL,24.0,24,10,14,0.417,371.7033333333333,65,110,0.591,0,2,0.0,27,48,0.563,48,51,99,13,16,8,7,11,62,45,157,55,324.3,3,0,299.0,1,2018-19,Johnathan Williams,15.5,109.7,110.0,110.0,103.6,102.4,102.4,6.1,7.6,7.6,0.051,0.81,8.1,0.116,0.13,0.123,10.0,10.0,0.591,0.599,0.158,0.164,101.89,102.34,85.28,102.34,0.078,790,2.7,4.6
202720,Jon Leuer,Jon,1610612765,DET,30.0,41,16,25,0.39,402.3683333333333,66,113,0.584,1,11,0.091,23,31,0.742,27,70,97,14,23,12,4,7,60,34,156,-116,318.4,0,0,300.0,1,2018-19,Jon Leuer,9.8,94.0,93.9,93.9,107.9,107.2,107.2,-13.9,-13.3,-13.3,0.06,0.61,8.6,0.062,0.182,0.118,14.2,14.1,0.588,0.616,0.157,0.164,100.12,100.45,83.7,100.45,0.091,840,1.6,2.8
1628413,Jonah Bolden,Jonah,1610612755,PHI,23.0,44,24,20,0.545,638.6716666666666,80,162,0.494,34,96,0.354,13,27,0.481,47,118,165,40,36,17,39,6,99,21,207,-29,597.0,1,0,558.0,1,2018-19,Jonah Bolden,14.5,107.3,106.2,106.2,108.2,107.9,107.9,-1.0,-1.8,-1.8,0.085,1.11,15.9,0.067,0.173,0.119,14.3,14.4,0.599,0.595,0.131,0.134,105.44,106.12,88.43,106.12,0.072,1410,1.8,3.7
201973,Jonas Jerebko,Jonas,1610612744,GSW,32.0,73,52,21,0.712,1217.9633333333334,163,355,0.459,69,188,0.367,64,80,0.8,72,216,288,96,43,27,18,13,137,75,459,56,1040.6,1,0,1002.0,1,2018-19,Jonas Jerebko,16.7,110.5,109.6,109.6,107.7,108.1,108.1,2.8,1.5,1.5,0.106,2.23,18.2,0.055,0.168,0.111,8.1,8.1,0.556,0.588,0.144,0.15,102.17,102.45,85.37,102.45,0.092,2607,2.2,4.9
202685,Jonas Valančiūnas,Jonas,1610612763,MEM,27.0,49,31,18,0.633,1091.1733333333334,301,538,0.559,14,48,0.292,147,185,0.795,106,313,419,70,90,19,53,41,146,149,763,71,1496.8,16,0,1410.0,2,2018-19,Jonas Valanciunas,22.3,108.6,109.7,109.7,106.6,107.0,107.0,2.0,2.7,2.7,0.109,0.78,8.9,0.096,0.268,0.184,11.5,11.5,0.572,0.616,0.274,0.277,102.48,101.77,84.81,101.77,0.169,2317,6.1,11.0
1628371,Jonathan Isaac,Jonathan,1610612753,ORL,21.0,75,37,38,0.493,1996.1833333333332,262,611,0.429,86,266,0.323,110,135,0.815,99,312,411,80,75,59,98,28,143,132,720,8,1729.2,3,0,1611.0,1,2018-19,Jonathan Isaac,26.6,107.7,108.2,108.2,106.6,107.3,107.3,1.0,1.0,1.0,0.055,1.07,9.7,0.048,0.152,0.099,9.1,9.1,0.499,0.537,0.16,0.163,100.23,99.69,83.08,99.69,0.082,4131,3.5,8.1
203613,Jonathon Simmons,Jonathon,1610612755,PHI,29.0,56,25,31,0.446,1064.265,133,350,0.38,28,104,0.269,72,97,0.742,27,99,126,128,68,29,15,37,89,104,366,-148,773.2,0,0,736.0,2,2018-19,Jonathon Simmons,19.0,102.4,101.9,101.9,107.5,107.2,107.2,-5.2,-5.3,-5.3,0.175,1.88,21.8,0.024,0.09,0.057,11.6,11.6,0.42,0.466,0.182,0.188,102.01,102.38,85.32,102.38,0.06,2257,2.4,6.3
1628395,Jordan Bell,Jordan,1610612744,GSW,24.0,68,46,22,0.676,788.29,99,192,0.516,0,2,0.0,25,41,0.61,55,129,184,76,42,20,51,11,80,54,223,-100,728.8,0,0,625.0,1,2018-19,Jordan Bell,11.6,107.9,105.7,105.7,111.4,111.2,111.2,-3.5,-5.4,-5.4,0.134,1.81,23.2,0.068,0.154,0.112,12.8,12.8,0.516,0.531,0.133,0.139,101.2,102.36,85.3,102.36,0.083,1677,1.5,2.8
203903,Jordan Clarkson,Jordan,1610612739,CLE,27.0,81,18,63,0.222,2214.48,529,1180,0.448,144,445,0.324,162,192,0.844,82,188,270,196,135,57,13,55,112,168,1364,-350,2057.0,1,0,2114.0,1,2018-19,Jordan Clarkson,27.3,106.5,107.0,107.0,114.4,115.0,115.0,-7.8,-8.0,-8.0,0.153,1.45,12.4,0.035,0.087,0.06,8.5,8.5,0.509,0.539,0.266,0.275,99.66,99.17,82.64,99.17,0.105,4582,6.5,14.6
1628070,Jordan Loyd,Jordan,1610612761,TOR,25.0,12,11,1,0.917,54.833333333333336,8,18,0.444,4,8,0.5,9,11,0.818,1,8,9,6,2,0,0,1,5,8,29,-20,46.8,0,0,48.0,1,2018-19,Jordan Loyd,4.6,93.7,94.5,94.5,110.9,110.2,110.2,-17.2,-15.7,-15.7,0.182,3.0,20.0,0.017,0.133,0.075,6.7,6.5,0.556,0.635,0.159,0.172,111.31,111.17,92.64,111.17,0.121,127,0.7,1.5
203895,Jordan McRae,Jordan,1610612764,WAS,28.0,27,9,18,0.333,332.8433333333333,61,130,0.469,10,35,0.286,28,35,0.8,6,34,40,30,15,13,7,7,26,33,160,-22,298.0,0,0,280.0,1,2018-19,Jordan McRae,12.3,107.6,106.5,106.5,110.6,109.7,109.7,-3.1,-3.3,-3.3,0.131,2.0,15.9,0.017,0.095,0.056,7.9,7.9,0.508,0.55,0.191,0.201,106.01,107.01,89.17,107.01,0.089,743,2.3,4.8
1626296,Jordan Sibert,Jordan,1610612737,ATL,26.0,1,1,0,1.0,4.233333333333333,1,1,1.0,1,1,1.0,0,0,0.0,0,0,0,0,0,0,0,0,0,0,3,-5,3.0,0,0,4.0,1,2018-19,Jordan Sibert,4.2,127.1,133.3,133.3,188.9,170.0,170.0,-61.8,-36.7,-36.7,0.0,0.0,0.0,0.0,0.0,0.0,0.0,0.0,1.5,1.5,0.083,0.08,104.54,107.72,89.76,107.72,0.09,9,1.0,1.0
101181,Jose Calderon,Jose,1610612765,DET,37.0,49,22,27,0.449,631.9633333333334,45,120,0.375,14,57,0.246,9,11,0.818,11,49,60,115,35,16,3,8,64,19,113,-172,379.5,0,0,340.0,1,2018-19,Jose Calderon,12.9,93.5,93.8,93.8,108.2,107.8,107.8,-14.6,-14.0,-14.0,0.282,3.29,42.0,0.015,0.078,0.044,12.8,12.7,0.433,0.453,0.104,0.108,101.28,101.32,84.44,101.32,0.056,1341,0.9,2.4
1628404,Josh Hart,Josh,1610612747,LAL,24.0,67,31,36,0.463,1714.815,189,464,0.407,92,274,0.336,55,80,0.688,35,213,248,93,58,64,40,31,147,87,525,0,1216.1,4,0,1166.0,1,2018-19,Josh Hart,25.6,103.9,105.1,105.1,104.4,104.7,104.7,-0.5,0.4,0.4,0.072,1.6,14.4,0.019,0.109,0.065,9.0,8.9,0.506,0.526,0.13,0.134,106.38,105.57,87.97,105.57,0.063,3764,2.8,6.9
1628367,Josh Jackson,Josh,1610612756,PHX,22.0,79,19,60,0.241,1988.1266666666668,347,841,0.413,73,225,0.324,143,213,0.671,66,281,347,183,173,74,56,71,209,178,910,-430,1817.9,2,0,1773.0,1,2018-19,Josh Jackson,25.2,101.6,102.8,102.8,111.4,112.4,112.4,-9.7,-9.6,-9.6,0.142,1.06,14.2,0.032,0.136,0.084,13.4,13.4,0.456,0.487,0.234,0.238,103.29,102.26,85.22,102.26,0.073,4225,4.4,10.6
1629006,Josh Okogie,Josh,1610612750,MIN,20.0,74,32,42,0.432,1757.17,196,508,0.386,60,215,0.279,118,162,0.728,41,177,218,91,63,88,33,33,166,166,570,-51,1268.1,1,0,1181.0,1,2018-19,Josh Okogie,23.7,109.1,109.6,109.6,110.2,110.6,110.6,-1.2,-1.0,-1.0,0.068,1.44,12.4,0.021,0.098,0.059,8.6,8.6,0.445,0.492,0.148,0.151,104.36,103.89,86.57,103.89,0.051,3797,2.6,6.9
1626196,Josh Richardson,Josh,1610612748,MIA,25.0,73,35,38,0.479,2539.43,423,1026,0.412,164,460,0.357,199,231,0.861,54,209,263,298,113,79,34,63,200,252,1209,68,2197.6,1,0,2160.0,1,2018-19,Josh Richardson,34.8,105.4,106.6,106.6,104.6,105.6,105.6,0.8,0.9,0.9,0.177,2.64,19.5,0.02,0.078,0.049,7.4,7.3,0.492,0.536,0.203,0.209,100.54,99.49,82.91,99.49,0.094,5272,5.8,14.1
201950,Jrue Holiday,Jrue,1610612740,NOP,29.0,67,30,37,0.448,2401.9283333333333,547,1159,0.472,118,363,0.325,208,271,0.768,75,259,334,518,210,109,54,65,148,241,1420,231,2876.8,18,0,2716.0,1,2018-19,Jrue Holiday,35.8,111.8,113.5,113.5,108.2,109.1,109.1,3.6,4.4,4.4,0.308,2.47,25.9,0.03,0.099,0.065,10.5,10.5,0.523,0.555,0.25,0.254,105.37,104.13,86.77,104.13,0.127,5212,8.2,17.3
1627823,Juancho Hernangomez,Juancho,1610612743,DEN,23.0,70,44,26,0.629,1358.1566666666668,138,314,0.439,66,181,0.365,66,86,0.767,64,201,265,55,37,27,24,15,94,74,408,36,924.5,4,0,896.0,1,2018-19,Juancho Hernangomez,19.4,107.6,108.6,108.6,107.0,107.3,107.3,0.6,1.3,1.3,0.054,1.49,12.5,0.044,0.144,0.093,8.4,8.3,0.545,0.58,0.119,0.122,100.22,99.61,83.01,99.61,0.076,2818,2.0,4.5
1627395,Julian Washburn,Julian,1610612763,MEM,27.0,18,7,11,0.389,253.88666666666663,16,48,0.333,5,24,0.208,3,4,0.75,8,33,41,14,7,13,2,1,16,5,40,-22,148.2,0,0,130.0,1,2018-19,Julian Washburn,14.1,103.7,102.9,102.9,106.4,105.0,105.0,-2.7,-2.0,-2.0,0.083,2.0,19.7,0.027,0.128,0.075,9.9,9.9,0.385,0.402,0.096,0.099,96.97,98.03,81.69,98.03,0.053,513,0.9,2.7
203944,Julius Randle,Julius,1610612740,NOP,24.0,73,31,42,0.425,2231.635,571,1089,0.524,67,195,0.344,356,487,0.731,162,472,634,229,208,52,45,91,246,368,1565,-12,2752.3,31,1,2689.0,1,2018-19,Julius Randle,30.6,109.9,111.2,111.2,111.1,111.4,111.4,-1.2,-0.2,-0.2,0.158,1.1,13.2,0.069,0.198,0.134,12.0,12.0,0.555,0.6,0.273,0.278,105.27,104.48,87.07,104.48,0.137,4857,7.8,14.9
1626147,Justin Anderson,Justin,1610612737,ATL,25.0,48,17,31,0.354,463.505,64,157,0.408,24,77,0.312,26,35,0.743,24,60,84,23,23,22,13,9,48,28,178,-79,395.3,1,0,379.0,1,2018-19,Justin Anderson,9.7,104.2,101.9,101.9,108.8,107.6,107.6,-4.6,-5.7,-5.7,0.073,1.0,10.6,0.046,0.119,0.082,10.6,10.5,0.484,0.516,0.166,0.173,107.44,109.25,91.05,109.25,0.067,1046,1.3,3.3
203200,Justin Holiday,Justin,1610612763,MEM,30.0,82,25,57,0.305,2606.6116666666667,300,777,0.386,162,465,0.348,95,106,0.896,46,277,323,146,104,121,36,32,164,115,857,-448,1830.6,3,0,1802.0,2,2018-19,Justin Holiday,31.8,101.0,102.4,102.4,109.0,110.1,110.1,-8.0,-7.7,-7.7,0.084,1.4,13.7,0.017,0.103,0.06,9.7,9.7,0.49,0.52,0.153,0.157,100.85,99.6,83.0,99.6,0.068,5394,3.7,9.5
1628382,Justin Jackson,Justin,1610612742,DAL,24.0,81,36,45,0.444,1613.25,217,485,0.447,87,245,0.355,62,79,0.785,44,168,212,96,29,32,14,5,99,75,583,-51,1090.4,0,0,1070.0,2,2018-19,Justin Jackson,19.9,107.5,107.3,107.3,107.9,108.3,108.3,-0.5,-0.9,-0.9,0.081,3.31,14.9,0.025,0.096,0.06,4.5,4.5,0.537,0.561,0.141,0.144,103.61,103.5,86.25,103.5,0.076,3470,2.7,6.0
1628383,Justin Patton,Justin,1610612755,PHI,22.0,3,2,1,0.667,20.6,2,7,0.286,0,2,0.0,1,2,0.5,2,4,6,3,0,2,0,0,5,1,5,-3,22.7,0,0,18.0,1,2018-19,Justin Patton,6.9,97.3,89.4,89.4,105.8,102.3,102.3,-8.5,-12.9,-12.9,0.25,0.0,27.3,0.065,0.174,0.111,0.0,0.0,0.286,0.317,0.14,0.151,99.82,106.02,88.35,106.02,0.051,47,0.7,2.3
1626159,Justise Winslow,Justise,1610612748,MIA,23.0,66,30,36,0.455,1959.505,324,749,0.433,96,256,0.375,86,137,0.628,63,292,355,282,142,72,19,43,177,128,830,119,1810.0,6,0,1745.0,1,2018-19,Justise Winslow,29.7,106.5,107.6,107.6,103.1,104.2,104.2,3.4,3.4,3.4,0.213,1.99,22.8,0.031,0.141,0.086,11.5,11.5,0.497,0.513,0.206,0.209,100.65,99.61,83.01,99.61,0.097,4058,4.9,11.3
203994,Jusuf Nurkić,Jusuf,1610612757,POR,24.0,72,45,27,0.625,1973.5533333333333,420,826,0.508,3,29,0.103,282,365,0.773,243,505,748,233,168,71,103,66,250,307,1125,428,2726.1,36,1,2457.0,1,2018-19,Jusuf Nurkić,27.4,115.3,117.0,117.0,105.6,106.5,106.5,9.7,10.5,10.5,0.168,1.39,16.8,0.119,0.241,0.181,12.1,12.1,0.51,0.57,0.241,0.244,102.75,101.57,84.64,101.57,0.146,4171,5.8,11.5
1628443,Kadeem Allen,Kadeem,1610612752,NYK,26.0,19,3,16,0.158,415.54833333333335,65,141,0.461,17,36,0.472,42,54,0.778,8,43,51,76,26,16,4,6,46,46,189,-37,398.2,0,0,373.0,1,2018-19,Kadeem Allen,21.9,108.2,107.1,107.1,111.8,111.4,111.4,-3.7,-4.3,-4.3,0.277,2.92,28.6,0.019,0.1,0.06,9.8,9.7,0.521,0.574,0.195,0.203,99.71,100.38,83.65,100.38,0.101,869,3.4,7.4
203564,Kalin Lucas,Kalin,1610612765,DET,30.0,1,0,1,0.0,5.583333333333333,0,1,0.0,0,1,0.0,2,2,1.0,0,3,3,1,0,0,0,0,1,1,2,-3,7.1,0,0,6.0,1,2018-19,Kalin Lucas,5.6,55.1,50.0,50.0,77.3,75.0,75.0,-22.2,-25.0,-25.0,0.5,0.0,33.3,0.0,0.5,0.231,0.0,0.0,0.0,0.532,0.154,0.158,96.8,103.16,85.97,103.16,0.471,12,0.0,1.0
1626157,Karl-Anthony Towns,Karl-Anthony,1610612750,MIN,23.0,77,34,43,0.442,2544.66,681,1314,0.518,142,355,0.4,376,450,0.836,263,691,954,259,240,67,125,77,292,446,1880,56,3749.3,54,0,3619.0,1,2018-19,Karl-Anthony Towns,33.0,109.9,112.2,112.2,110.1,111.3,111.3,-0.2,0.9,0.9,0.169,1.08,13.0,0.097,0.257,0.176,12.0,11.9,0.572,0.622,0.28,0.287,102.65,101.05,84.21,101.05,0.177,5361,8.8,17.1
202695,Kawhi Leonard,Kawhi,1610612761,TOR,28.0,60,41,19,0.683,2040.1833333333332,560,1129,0.496,112,302,0.371,364,426,0.854,78,361,439,199,121,106,24,49,87,357,1596,356,2690.3,14,0,2606.0,1,2018-19,Kawhi Leonard,34.0,114.9,115.7,115.7,105.6,107.8,107.8,9.3,7.9,7.9,0.159,1.64,12.2,0.039,0.165,0.106,7.4,7.4,0.546,0.606,0.3,0.307,101.7,100.31,83.59,100.31,0.172,4272,9.3,18.8
1628966,Keita Bates-Diop,Keita,1610612750,MIN,23.0,30,10,20,0.333,503.37666666666667,60,142,0.423,13,52,0.25,18,28,0.643,16,67,83,17,14,18,14,7,29,17,151,-53,358.1,0,0,328.0,1,2018-19,Keita Bates-Diop,16.8,106.4,107.1,107.1,111.2,112.2,112.2,-4.9,-5.1,-5.1,0.047,1.21,9.1,0.029,0.129,0.077,7.5,7.6,0.468,0.489,0.14,0.143,101.63,100.84,84.03,100.84,0.065,1058,2.0,4.7
203482,Kelly Olynyk,Kelly,1610612748,MIA,28.0,79,39,40,0.494,1812.253333333333,261,564,0.463,113,319,0.354,152,185,0.822,72,303,375,140,114,53,37,23,183,200,787,106,1603.0,4,0,1595.0,1,2018-19,Kelly Olynyk,22.9,106.7,107.9,107.9,105.0,106.0,106.0,1.7,1.9,1.9,0.113,1.23,15.7,0.038,0.16,0.099,12.8,12.7,0.563,0.61,0.175,0.18,100.5,99.51,82.92,99.51,0.102,3773,3.3,7.1
1626162,Kelly Oubre Jr.,Kelly,1610612756,PHX,23.0,69,21,48,0.304,1934.7933333333333,375,842,0.445,108,338,0.32,189,244,0.775,71,254,325,84,103,84,59,72,181,223,1047,-274,1889.0,3,0,1850.0,2,2018-19,Kelly Oubre Jr.,28.0,106.2,107.2,107.2,111.7,113.3,113.3,-5.5,-6.0,-6.0,0.067,0.82,7.4,0.035,0.126,0.08,9.1,9.1,0.51,0.551,0.223,0.229,105.16,103.95,86.62,103.95,0.094,4180,5.4,12.2
202689,Kemba Walker,Kemba,1610612766,CHA,29.0,82,39,43,0.476,2862.605,731,1684,0.434,260,731,0.356,380,450,0.844,52,309,361,484,211,102,34,126,131,422,2102,36,3458.2,10,0,3479.0,1,2018-19,Kemba Walker,34.9,110.0,112.1,112.1,110.5,111.8,111.8,-0.5,0.4,0.4,0.287,2.29,18.9,0.017,0.106,0.06,8.2,8.2,0.511,0.558,0.308,0.315,100.94,99.38,82.82,99.38,0.14,5933,8.9,20.5
202702,Kenneth Faried,Kenneth,1610612745,HOU,29.0,37,21,16,0.568,728.1766666666666,156,265,0.589,8,25,0.32,64,99,0.646,97,153,250,20,33,17,23,20,82,77,384,62,801.0,14,0,742.0,2,2018-19,Kenneth Faried,19.7,112.7,113.7,113.7,109.2,109.6,109.6,3.5,4.1,4.1,0.043,0.61,5.5,0.123,0.21,0.164,9.1,9.1,0.604,0.622,0.194,0.198,102.6,101.94,84.95,101.94,0.124,1546,4.2,7.2
1629026,Kenrich Williams,Kenrich,1610612740,NOP,24.0,46,17,29,0.37,1079.22,107,279,0.384,52,156,0.333,13,19,0.684,55,164,219,83,36,45,19,17,95,46,279,-87,822.3,1,0,761.0,1,2018-19,Kenrich Williams,23.5,107.3,107.8,107.8,110.8,111.6,111.6,-3.5,-3.8,-3.8,0.094,2.31,20.4,0.046,0.145,0.094,8.9,8.9,0.477,0.485,0.119,0.121,106.43,105.77,88.14,105.77,0.062,2379,2.3,6.1
203145,Kent Bazemore,Kent,1610612737,ATL,29.0,67,24,43,0.358,1643.4133333333334,278,691,0.402,96,300,0.32,127,175,0.726,37,224,261,152,121,89,42,34,170,149,779,-297,1592.2,0,0,1550.0,1,2018-19,Kent Bazemore,24.5,101.8,102.5,102.5,109.2,110.2,110.2,-7.4,-7.7,-7.7,0.144,1.26,14.6,0.02,0.126,0.072,11.7,11.6,0.472,0.507,0.215,0.22,107.0,106.15,88.46,106.15,0.083,3627,4.1,10.3
203484,Kentavious Caldwell-Pope,Kentavious,1610612747,LAL,26.0,82,37,45,0.451,2035.135,325,756,0.43,151,435,0.347,137,158,0.867,48,190,238,110,65,73,13,18,137,147,938,-156,1581.6,0,0,1609.0,1,2018-19,Kentavious Caldwell-Pope,24.8,105.7,106.3,106.3,109.4,110.1,110.1,-3.7,-3.7,-3.7,0.077,1.69,11.2,0.022,0.088,0.055,6.6,6.5,0.53,0.568,0.175,0.182,104.87,104.26,86.88,104.26,0.083,4425,4.0,9.2
201142,Kevin Durant,Kevin,1610612744,GSW,30.0,78,54,24,0.692,2701.5316666666668,721,1383,0.521,137,388,0.353,448,506,0.885,33,464,497,457,225,58,84,38,155,381,2027,657,3509.9,16,2,3402.0,1,2018-19,Kevin Durant,34.6,118.0,118.7,118.7,106.0,107.3,107.3,12.1,11.4,11.4,0.251,2.03,20.0,0.013,0.153,0.088,9.8,9.8,0.571,0.631,0.283,0.288,104.3,103.33,86.11,103.33,0.162,5813,9.2,17.7
1628989,Kevin Huerter,Kevin,1610612737,ATL,20.0,75,27,48,0.36,2048.53,275,657,0.419,136,353,0.385,41,56,0.732,60,185,245,214,109,65,25,29,155,59,727,-119,1503.0,1,0,1502.0,1,2018-19,Kevin Huerter,27.3,108.3,109.3,109.3,111.4,111.6,111.6,-3.0,-2.2,-2.2,0.139,1.96,21.3,0.027,0.087,0.056,10.9,10.8,0.522,0.533,0.153,0.156,106.17,105.58,87.99,105.58,0.065,4498,3.7,8.8
1628995,Kevin Knox II,Kevin,1610612752,NYK,19.0,75,15,60,0.2,2157.893333333333,338,914,0.37,125,364,0.343,162,226,0.717,61,274,335,82,114,43,24,60,175,174,963,-638,1575.0,3,0,1639.0,1,2018-19,Kevin Knox II,28.8,100.7,101.4,101.4,113.9,115.1,115.1,-13.2,-13.7,-13.7,0.06,0.72,6.8,0.025,0.12,0.071,9.4,9.4,0.438,0.475,0.219,0.223,102.81,101.87,84.89,101.87,0.055,4574,4.5,12.2
201567,Kevin Love,Kevin,1610612739,CLE,30.0,22,7,15,0.318,597.9116666666666,109,283,0.385,53,147,0.361,103,114,0.904,33,206,239,48,42,6,5,17,54,78,374,-56,723.8,12,0,736.0,1,2018-19,Kevin Love,27.2,109.8,110.5,110.5,114.7,114.7,114.7,-4.9,-4.2,-4.2,0.125,1.14,11.4,0.051,0.344,0.193,10.0,9.9,0.479,0.561,0.259,0.266,100.58,100.23,83.52,100.23,0.148,1247,5.0,12.9
1626172,Kevon Looney,Kevon,1610612744,GSW,23.0,80,56,24,0.7,1481.3233333333333,217,347,0.625,1,10,0.1,65,105,0.619,194,223,417,123,51,46,53,30,211,96,500,306,1430.9,1,0,1239.0,1,2018-19,Kevon Looney,18.5,116.8,116.3,116.3,105.5,106.1,106.1,11.3,10.3,10.3,0.106,2.41,21.7,0.126,0.133,0.129,9.0,9.0,0.627,0.636,0.122,0.125,103.33,103.25,86.04,103.25,0.092,3177,2.7,4.3
203920,Khem Birch,Khem,1610612753,ORL,26.0,50,26,24,0.52,642.8616666666667,91,151,0.603,0,1,0.0,58,83,0.699,79,111,190,38,20,18,29,12,72,67,240,44,646.0,1,0,562.0,1,2018-19,Khem Birch,12.9,106.4,105.9,105.9,103.2,102.7,102.7,3.2,3.2,3.2,0.087,1.9,15.4,0.112,0.166,0.138,8.1,8.1,0.603,0.64,0.136,0.139,100.73,101.21,84.34,101.21,0.116,1356,1.8,3.0
203114,Khris Middleton,Khris,1610612749,MIL,27.0,77,56,21,0.727,2393.338333333333,506,1148,0.441,179,474,0.378,216,258,0.837,50,411,461,331,174,80,7,61,172,188,1407,552,2543.7,7,0,2552.0,1,2018-19,Khris Middleton,31.1,113.2,114.7,114.7,103.0,104.2,104.2,10.2,10.5,10.5,0.194,1.9,18.9,0.021,0.149,0.089,9.9,9.8,0.519,0.558,0.246,0.252,105.69,104.39,86.99,104.39,0.118,5208,6.6,14.9
1629017,Khyri Thomas,Khyri,1610612765,DET,23.0,26,13,13,0.5,195.46833333333333,22,69,0.319,10,35,0.286,7,11,0.636,4,16,20,8,4,7,5,4,22,6,61,-34,129.0,0,0,123.0,1,2018-19,Khyri Thomas,7.5,94.2,94.6,94.6,104.0,102.7,102.7,-9.8,-8.0,-8.0,0.067,2.0,9.4,0.017,0.082,0.046,4.7,4.7,0.391,0.413,0.158,0.166,100.38,100.8,84.0,100.8,0.031,410,0.8,2.7
202691,Klay Thompson,Klay,1610612744,GSW,29.0,78,55,23,0.705,2652.333333333333,655,1402,0.467,241,599,0.402,129,158,0.816,37,262,299,186,115,84,47,40,157,168,1680,349,2595.8,0,0,2668.0,1,2018-19,Klay Thompson,34.0,114.7,115.0,115.0,107.1,108.5,108.5,7.6,6.5,6.5,0.103,1.62,10.5,0.015,0.089,0.055,6.5,6.5,0.553,0.571,0.254,0.259,103.23,102.39,85.32,102.39,0.103,5648,8.4,18.0
1628424,Kobi Simmons,Kobi,1610612739,CLE,21.0,1,0,1,0.0,1.8,0,0,0.0,0,0,0.0,0,0,0.0,0,0,0,0,0,0,0,0,0,0,0,3,0.0,0,0,0.0,1,2018-19,Kobi Simmons,1.8,82.0,100.0,100.0,34.7,33.3,33.3,47.2,66.7,66.7,0.0,0.0,0.0,0.0,0.0,0.0,0.0,0.0,0.0,0.0,0.0,0.0,103.47,93.33,77.78,93.33,0.0,4,0.0,0.0
201585,Kosta Koufos,Kosta,1610612758,SAC,30.0,42,21,21,0.5,501.56166666666667,73,153,0.477,0,0,0.0,10,24,0.417,52,125,177,36,27,15,18,8,68,27,156,-32,494.4,0,0,435.0,1,2018-19,Kosta Koufos,11.9,106.1,106.0,106.0,108.2,107.4,107.4,-2.1,-1.3,-1.3,0.099,1.33,15.9,0.088,0.229,0.156,11.9,11.9,0.477,0.477,0.15,0.155,105.35,105.85,88.2,105.85,0.088,1098,1.7,3.6
1628961,Kostas Antetokounmpo,Kostas,1610612742,DAL,21.0,2,1,1,0.5,10.566666666666666,0,3,0.0,0,0,0.0,2,4,0.5,0,1,1,0,1,2,0,1,0,2,2,3,8.2,0,0,7.0,1,2018-19,Kostas Antetokounmpo,5.3,111.0,104.5,104.5,92.4,87.0,87.0,18.6,17.6,17.6,0.0,0.0,0.0,0.0,0.111,0.056,16.7,17.4,0.0,0.21,0.24,0.243,96.21,102.21,85.17,102.21,-0.033,22,0.0,1.5
1627739,Kris Dunn,Kris,1610612741,CHI,25.0,46,14,32,0.304,1389.3533333333332,215,506,0.425,34,96,0.354,55,69,0.797,19,168,187,277,104,68,21,29,166,81,519,-223,1321.9,2,0,1195.0,1,2018-19,Kris Dunn,30.2,105.0,106.1,106.1,112.0,113.7,113.7,-7.0,-7.6,-7.6,0.29,2.66,30.2,0.013,0.119,0.066,11.4,11.3,0.458,0.484,0.198,0.202,100.77,99.5,82.92,99.5,0.084,2878,4.7,11.0
203937,Kyle Anderson,Kyle,1610612763,MEM,25.0,43,19,24,0.442,1281.5266666666666,150,276,0.543,9,34,0.265,37,64,0.578,48,203,251,128,58,54,37,14,112,60,346,-59,1054.2,2,1,916.0,1,2018-19,Kyle Anderson,29.8,102.1,102.6,102.6,103.8,104.7,104.7,-1.6,-2.1,-2.1,0.155,2.21,26.2,0.038,0.161,0.1,11.9,11.8,0.56,0.569,0.127,0.13,97.43,96.78,80.65,96.78,0.099,2582,3.5,6.4
2594,Kyle Korver,Kyle,1610612762,UTA,38.0,70,39,31,0.557,1333.89,201,483,0.416,138,348,0.397,60,73,0.822,9,153,162,81,59,25,12,18,106,64,600,130,967.9,0,0,1055.0,2,2018-19,Kyle Korver,19.1,107.7,107.5,107.5,103.5,103.9,103.9,4.2,3.6,3.6,0.088,1.37,12.5,0.006,0.105,0.056,9.1,9.0,0.559,0.582,0.174,0.181,103.3,103.2,86.0,103.2,0.078,2880,2.9,6.9
1628398,Kyle Kuzma,Kyle,1610612747,LAL,23.0,70,33,37,0.471,2313.5816666666665,496,1087,0.456,128,422,0.303,188,250,0.752,60,322,382,178,133,41,26,68,170,197,1308,-58,2101.4,4,0,2130.0,1,2018-19,Kyle Kuzma,33.1,106.8,108.4,108.4,108.5,109.7,109.7,-1.7,-1.3,-1.3,0.113,1.34,11.8,0.025,0.127,0.077,8.8,8.8,0.515,0.546,0.233,0.238,106.07,104.67,87.22,104.67,0.096,5049,7.1,15.5
200768,Kyle Lowry,Kyle,1610612761,TOR,33.0,65,47,18,0.723,2213.293333333333,304,739,0.411,157,453,0.347,161,194,0.83,41,271,312,564,182,91,31,30,166,247,926,536,2330.4,20,2,2203.0,1,2018-19,Kyle Lowry,34.1,115.1,116.2,116.2,103.3,105.5,105.5,11.8,10.7,10.7,0.329,3.1,36.1,0.019,0.114,0.069,11.6,11.6,0.518,0.562,0.191,0.195,102.97,101.37,84.47,101.37,0.115,4690,4.7,11.4
203124,Kyle O'Quinn,Kyle,1610612754,IND,29.0,45,27,18,0.6,370.7166666666666,69,136,0.507,1,12,0.083,17,21,0.81,29,90,119,56,31,9,25,6,68,21,156,5,453.8,1,0,400.0,1,2018-19,Kyle O'Quinn,8.2,107.5,106.7,106.7,107.0,107.0,107.0,0.5,-0.3,-0.3,0.204,1.81,24.0,0.078,0.216,0.151,13.3,13.3,0.511,0.537,0.196,0.202,103.56,103.91,86.59,103.91,0.111,806,1.5,3.0
202681,Kyrie Irving,Kyrie,1610612738,BOS,27.0,67,37,30,0.552,2213.846666666667,604,1241,0.487,174,434,0.401,214,245,0.873,71,264,335,464,172,103,34,45,167,243,1596,332,2933.0,21,1,2843.0,1,2018-19,Kyrie Irving,33.0,112.3,113.4,113.4,105.9,107.1,107.1,6.4,6.2,6.2,0.33,2.7,23.5,0.031,0.113,0.072,8.7,8.7,0.557,0.592,0.286,0.292,103.11,102.01,85.01,102.01,0.157,4723,9.0,18.5
200746,LaMarcus Aldridge,LaMarcus,1610612759,SAS,33.0,81,48,33,0.593,2686.65,684,1319,0.519,10,42,0.238,349,412,0.847,251,493,744,194,144,43,107,45,179,381,1727,90,3216.8,32,0,2975.0,1,2018-19,LaMarcus Aldridge,33.2,111.6,112.5,112.5,109.2,111.0,111.0,2.4,1.5,1.5,0.115,1.35,10.6,0.096,0.18,0.139,7.9,7.8,0.522,0.576,0.268,0.272,99.52,98.36,81.97,98.36,0.143,5509,8.4,16.3
202362,Lance Stephenson,Lance,1610612747,LAL,28.0,68,33,35,0.485,1122.7683333333334,184,432,0.426,73,197,0.371,50,73,0.685,32,183,215,140,86,41,7,18,111,67,491,-110,1017.0,1,0,1015.0,1,2018-19,Lance Stephenson,16.5,104.2,103.9,103.9,109.2,108.4,108.4,-5.0,-4.5,-4.5,0.175,1.63,20.3,0.026,0.15,0.088,12.4,12.5,0.51,0.529,0.197,0.203,105.84,106.43,88.69,106.43,0.088,2490,2.7,6.4
202498,Lance Thomas,Lance,1610612752,NYK,31.0,46,7,39,0.152,783.36,78,197,0.396,22,79,0.278,27,36,0.75,21,96,117,27,24,17,7,9,83,42,205,-189,433.9,0,0,419.0,1,2018-19,Lance Thomas,17.0,96.8,97.1,97.1,109.0,107.9,107.9,-12.2,-10.9,-10.9,0.051,1.13,10.2,0.023,0.115,0.068,9.1,9.1,0.452,0.482,0.127,0.131,101.67,102.08,85.07,102.08,0.043,1662,1.7,4.3
1629013,Landry Shamet,Landry,1610612746,LAC,22.0,79,51,28,0.646,1801.8933333333332,240,557,0.431,167,396,0.422,75,93,0.806,21,113,134,117,45,37,10,16,155,83,722,62,1154.3,0,0,1234.0,2,2018-19,Landry Shamet,22.8,110.6,111.0,111.0,109.0,109.3,109.3,1.6,1.7,1.7,0.09,2.6,15.6,0.011,0.06,0.036,6.0,5.9,0.581,0.604,0.145,0.15,103.98,103.64,86.36,103.64,0.063,3889,3.0,7.1
204038,Langston Galloway,Langston,1610612765,DET,27.0,80,41,39,0.513,1745.1716666666666,228,587,0.388,135,380,0.355,81,96,0.844,49,122,171,85,24,37,8,26,135,79,672,37,1115.7,0,0,1153.0,1,2018-19,Langston Galloway,21.8,108.0,108.0,108.0,107.2,107.9,107.9,0.8,0.1,0.1,0.072,3.54,11.7,0.025,0.07,0.047,3.3,3.3,0.503,0.534,0.153,0.16,100.3,99.96,83.3,99.96,0.063,3650,2.9,7.3
1626204,Larry Nance Jr.,Larry,1610612739,CLE,26.0,67,16,51,0.239,1795.4433333333334,249,479,0.52,33,98,0.337,96,134,0.716,168,384,552,214,97,100,40,24,192,159,627,-324,1933.4,18,0,1706.0,1,2018-19,Larry Nance Jr.,26.8,105.3,105.8,105.8,114.4,114.6,114.6,-9.1,-8.8,-8.8,0.179,2.21,25.2,0.09,0.224,0.154,11.4,11.4,0.554,0.583,0.152,0.155,98.24,97.93,81.61,97.93,0.123,3663,3.7,7.1
1628374,Lauri Markkanen,Lauri,1610612741,CHI,22.0,52,16,36,0.308,1682.128333333333,342,795,0.43,120,332,0.361,170,195,0.872,74,396,470,75,85,37,33,38,122,164,974,-197,1775.5,20,0,1779.0,1,2018-19,Lauri Markkanen,32.3,105.4,106.8,106.8,111.4,112.3,112.3,-6.0,-5.5,-5.5,0.07,0.88,7.3,0.043,0.234,0.138,8.2,8.2,0.506,0.553,0.245,0.25,100.36,99.33,82.78,99.33,0.125,3478,6.6,15.3
2544,LeBron James,LeBron,1610612747,LAL,34.0,55,28,27,0.509,1937.4016666666664,558,1095,0.51,111,327,0.339,278,418,0.665,57,408,465,454,197,72,33,52,94,320,1505,116,2862.0,32,8,2745.0,1,2018-19,LeBron James,35.2,107.9,109.6,109.6,106.3,107.6,107.6,1.6,2.0,2.0,0.376,2.3,23.6,0.029,0.193,0.114,10.2,10.2,0.56,0.588,0.311,0.317,105.56,104.12,86.77,104.12,0.188,4218,10.1,19.9
1629022,Lonnie Walker IV,Lonnie,1610612759,SAS,20.0,17,12,5,0.706,117.79833333333332,16,46,0.348,5,13,0.385,8,10,0.8,0,17,17,9,4,7,3,3,7,9,45,-55,104.9,0,0,96.0,1,2018-19,Lonnie Walker IV,6.9,91.5,87.4,87.4,112.6,111.7,111.7,-21.0,-24.3,-24.3,0.143,2.25,14.1,0.0,0.122,0.065,6.3,6.3,0.402,0.446,0.196,0.209,99.55,102.28,85.23,102.28,0.083,254,0.9,2.7
1628366,Lonzo Ball,Lonzo,1610612747,LAL,21.0,47,25,22,0.532,1422.5383333333334,185,456,0.406,75,228,0.329,20,48,0.417,54,197,251,255,103,69,19,25,114,62,465,-16,1309.7,4,1,1222.0,1,2018-19,Lonzo Ball,30.3,103.5,105.3,105.3,105.0,106.1,106.1,-1.4,-0.7,-0.7,0.236,2.48,30.5,0.036,0.124,0.081,12.3,12.3,0.488,0.487,0.167,0.169,106.12,104.67,87.22,104.67,0.087,3105,3.9,9.7
203485,Lorenzo Brown,Lorenzo,1610612761,TOR,28.0,26,20,6,0.769,212.19166666666663,23,71,0.324,6,28,0.214,3,3,1.0,5,26,31,28,16,12,5,7,22,4,55,-34,169.2,0,0,154.0,1,2018-19,Lorenzo Brown,8.2,95.0,93.5,93.5,101.1,100.4,100.4,-6.1,-7.0,-7.0,0.199,1.75,24.1,0.021,0.11,0.066,13.8,13.8,0.366,0.38,0.167,0.176,103.09,104.28,86.9,104.28,0.054,460,0.9,2.7
101150,Lou Williams,Lou,1610612746,LAC,32.0,75,47,28,0.627,1992.5883333333331,484,1138,0.425,105,291,0.361,425,485,0.876,40,182,222,402,181,57,11,73,80,351,1498,196,2390.4,7,1,2363.0,1,2018-19,Lou Williams,26.6,112.2,113.1,113.1,109.6,109.2,109.2,2.6,3.9,3.9,0.318,2.22,20.9,0.019,0.081,0.051,9.4,9.4,0.471,0.554,0.308,0.317,105.93,105.69,88.08,105.69,0.147,4399,6.5,15.2
201601,Luc Mbah a Moute,Luc,1610612746,LAC,32.0,4,2,2,0.5,61.0,8,18,0.444,2,6,0.333,2,5,0.4,2,5,7,2,2,1,1,2,8,3,20,11,35.4,0,0,35.0,1,2018-19,Luc Mbah a Moute,15.3,109.7,107.1,107.1,100.9,99.3,99.3,8.8,7.8,7.8,0.045,1.0,8.3,0.034,0.065,0.051,8.3,8.3,0.5,0.495,0.141,0.15,108.75,110.95,92.46,110.95,0.028,141,2.0,4.5
1629029,Luka Dončić,Luka,1610612742,DAL,20.0,72,28,44,0.389,2317.74,506,1186,0.427,168,514,0.327,346,485,0.713,86,477,563,429,247,77,25,52,137,404,1526,-118,2904.1,24,8,2890.0,1,2018-19,Luka Dončić,32.2,106.8,107.6,107.6,110.0,110.6,110.6,-3.2,-3.1,-3.1,0.317,1.74,20.7,0.036,0.198,0.117,11.9,11.9,0.497,0.545,0.296,0.304,101.64,100.99,84.16,100.99,0.149,4891,7.0,16.5
1628379,Luke Kennard,Luke,1610612765,DET,23.0,63,30,33,0.476,1436.63,228,520,0.438,106,269,0.394,51,61,0.836,12,171,183,114,57,26,10,17,92,60,613,52,1054.6,0,0,1088.0,1,2018-19,Luke Kennard,22.8,107.5,108.5,108.5,107.5,108.2,108.2,0.0,0.3,0.3,0.122,2.0,15.9,0.008,0.121,0.062,8.0,7.9,0.54,0.56,0.179,0.184,98.05,97.34,81.12,97.34,0.09,2933,3.6,8.3
1628436,Luke Kornet,Luke,1610612752,NYK,23.0,46,9,37,0.196,784.0033333333333,107,283,0.378,70,193,0.363,38,46,0.826,28,107,135,54,25,27,42,6,41,51,322,-57,747.0,1,0,719.0,1,2018-19,Luke Kornet,17.0,102.9,102.5,102.5,105.1,106.0,106.0,-2.3,-3.5,-3.5,0.108,2.16,14.2,0.033,0.123,0.079,6.6,6.5,0.502,0.531,0.178,0.184,102.17,101.94,84.95,101.94,0.093,1666,2.3,6.2
2736,Luol Deng,Luol,1610612750,MIN,34.0,22,11,11,0.5,392.225,59,118,0.5,14,44,0.318,25,35,0.714,20,53,73,18,14,15,8,7,24,25,157,87,326.6,0,0,308.0,1,2018-19,Luol Deng,17.8,115.2,115.1,115.1,105.1,105.1,105.1,10.1,10.0,10.0,0.062,1.29,10.9,0.049,0.125,0.088,8.5,8.5,0.559,0.588,0.155,0.16,100.82,100.84,84.03,100.84,0.093,826,2.7,5.4
1627781,Malachi Richardson,Malachi,1610612761,TOR,23.0,22,16,6,0.727,103.42333333333332,9,29,0.31,8,25,0.32,4,5,0.8,2,11,13,0,8,1,0,2,13,5,30,-11,40.6,0,0,53.0,1,2018-19,Malachi Richardson,4.7,91.9,91.6,91.6,99.2,96.2,96.2,-7.3,-4.6,-4.6,0.0,0.0,0.0,0.016,0.087,0.052,20.5,20.4,0.448,0.481,0.142,0.149,108.58,110.46,92.05,110.46,0.003,238,0.4,1.3
1627763,Malcolm Brogdon,Malcolm,1610612749,MIL,26.0,64,49,15,0.766,1831.5916666666667,378,748,0.505,104,244,0.426,141,152,0.928,65,223,288,205,91,46,13,60,102,113,1001,425,1740.1,0,0,1716.0,1,2018-19,Malcolm Brogdon,28.6,113.1,113.4,113.4,102.6,102.7,102.7,10.4,10.7,10.7,0.157,2.25,18.5,0.035,0.107,0.073,8.2,8.2,0.575,0.614,0.202,0.207,105.16,104.93,87.44,104.93,0.12,4002,5.9,11.7
1626259,Malcolm Miller,Malcolm,1610612761,TOR,26.0,10,9,1,0.9,67.1,11,26,0.423,10,21,0.476,3,4,0.75,1,4,5,1,1,1,1,1,5,2,35,-8,47.5,0,0,55.0,1,2018-19,Malcolm Miller,6.7,107.2,105.5,105.5,111.6,110.2,110.2,-4.4,-4.7,-4.7,0.024,1.0,3.3,0.015,0.048,0.034,3.3,3.4,0.615,0.63,0.18,0.186,103.31,104.8,87.33,104.8,0.069,146,1.1,2.6
1627736,Malik Beasley,Malik,1610612743,DEN,22.0,81,53,28,0.654,1878.7233333333331,349,737,0.474,163,405,0.402,56,66,0.848,35,165,200,97,55,55,10,34,116,68,917,135,1442.5,0,0,1507.0,1,2018-19,Malik Beasley,23.2,110.3,111.2,111.2,108.3,107.3,107.3,2.1,3.9,3.9,0.074,1.76,10.6,0.018,0.085,0.051,6.0,6.0,0.584,0.599,0.181,0.187,100.51,100.59,83.82,100.59,0.089,3929,4.3,9.1
1628370,Malik Monk,Malik,1610612766,CHA,21.0,73,34,39,0.466,1258.095,227,586,0.387,109,330,0.33,90,102,0.882,16,121,137,117,86,37,19,32,106,88,653,-44,1074.9,0,0,1128.0,1,2018-19,Malik Monk,17.2,108.0,108.4,108.4,111.2,111.1,111.1,-3.2,-2.7,-2.7,0.143,1.36,14.1,0.012,0.095,0.052,10.4,10.3,0.48,0.518,0.236,0.245,102.37,102.17,85.14,102.17,0.073,2691,3.1,8.0
202705,MarShon Brooks,MarShon,1610612763,MEM,30.0,29,15,14,0.517,386.7533333333333,76,169,0.45,15,54,0.278,23,33,0.697,12,33,45,25,21,9,4,8,33,29,190,-23,299.5,0,0,301.0,1,2018-19,MarShon Brooks,13.3,100.7,101.3,101.3,104.6,104.1,104.1,-3.9,-2.8,-2.8,0.112,1.19,10.9,0.03,0.089,0.058,9.1,9.1,0.494,0.518,0.233,0.24,97.13,97.12,80.93,97.12,0.084,782,2.6,5.8
201188,Marc Gasol,Marc,1610612761,TOR,34.0,79,39,40,0.494,2435.985,390,870,0.448,99,273,0.363,192,253,0.759,80,547,627,349,155,84,86,36,217,287,1071,160,2701.9,19,1,2486.0,2,2018-19,Marc Gasol,30.8,107.5,108.4,108.4,103.6,104.9,104.9,3.8,3.5,3.5,0.222,2.25,23.5,0.034,0.227,0.132,10.4,10.4,0.505,0.546,0.21,0.213,98.2,97.16,80.97,97.16,0.131,4924,4.9,11.0
101162,Marcin Gortat,Marcin,1610612746,LAC,35.0,47,25,22,0.532,750.4816666666667,99,186,0.532,0,0,0.0,35,48,0.729,67,194,261,65,50,6,24,16,92,65,233,-98,683.7,1,0,619.0,1,2018-19,Marcin Gortat,16.0,105.3,106.0,106.0,112.1,112.5,112.5,-6.8,-6.5,-6.5,0.123,1.3,20.1,0.089,0.253,0.172,15.5,15.5,0.532,0.562,0.148,0.15,100.48,99.94,83.28,99.94,0.097,1564,2.1,4.0
201158,Marco Belinelli,Marco,1610612759,SAS,33.0,79,46,33,0.582,1815.3566666666663,285,690,0.413,147,395,0.372,112,124,0.903,16,182,198,132,72,35,8,18,121,109,829,33,1321.6,1,0,1392.0,1,2018-19,Marco Belinelli,23.0,111.8,111.0,111.0,109.8,110.1,110.1,2.0,0.8,0.8,0.102,1.83,14.0,0.009,0.093,0.052,7.7,7.6,0.52,0.557,0.187,0.194,102.19,102.39,85.33,102.39,0.075,3873,3.6,8.7
1629094,Marcus Derrickson,Marcus,1610612744,GSW,23.0,11,9,2,0.818,67.32166666666667,16,33,0.485,10,20,0.5,4,5,0.8,8,5,13,1,3,0,1,1,9,3,46,-10,63.1,0,0,72.0,1,2018-19,Marcus Derrickson,6.1,100.1,96.4,96.4,105.4,104.3,104.3,-5.3,-7.9,-7.9,0.026,0.33,2.6,0.104,0.063,0.083,7.7,7.7,0.636,0.653,0.233,0.247,97.12,99.46,82.89,99.46,0.109,140,1.5,3.0
202694,Marcus Morris Sr.,Marcus,1610612738,BOS,29.0,75,44,31,0.587,2090.5066666666667,377,844,0.447,146,389,0.375,146,173,0.844,76,382,458,109,92,43,25,36,181,165,1046,74,1871.1,5,0,1895.0,1,2018-19,Marcus Morris Sr.,27.9,110.1,110.3,110.3,107.9,108.9,108.9,2.3,1.4,1.4,0.073,1.18,9.7,0.035,0.176,0.106,8.2,8.2,0.533,0.568,0.203,0.208,102.41,101.87,84.89,101.87,0.099,4442,5.0,11.3
203935,Marcus Smart,Marcus,1610612738,BOS,25.0,80,48,32,0.6,2199.7833333333333,239,567,0.422,126,346,0.364,104,129,0.806,57,177,234,321,123,143,28,13,201,153,708,163,1860.3,1,0,1731.0,1,2018-19,Marcus Smart,27.5,110.8,110.5,110.5,105.2,106.7,106.7,5.6,3.8,3.8,0.19,2.61,30.1,0.025,0.077,0.051,11.5,11.5,0.533,0.568,0.144,0.148,101.78,101.24,84.36,101.24,0.079,4633,3.0,7.1
1626209,Mario Hezonja,Mario,1610612752,NYK,24.0,58,12,46,0.207,1206.27,191,464,0.412,42,152,0.276,87,114,0.763,28,211,239,88,88,57,8,29,110,102,511,-262,1036.8,1,1,1010.0,1,2018-19,Mario Hezonja,20.8,101.2,102.0,102.0,111.0,112.0,112.0,-9.7,-10.0,-10.0,0.116,1.0,12.8,0.021,0.168,0.093,12.8,12.8,0.457,0.497,0.208,0.213,101.66,100.79,83.99,100.79,0.082,2529,3.3,8.0
1628365,Markelle Fultz,Markelle,1610612753,ORL,21.0,19,12,7,0.632,426.85,65,155,0.419,4,14,0.286,21,37,0.568,26,44,70,59,25,17,5,17,52,29,155,-8,368.5,0,0,332.0,1,2018-19,Markelle Fultz,22.5,103.1,102.9,102.9,101.9,103.3,103.3,1.2,-0.4,-0.4,0.212,2.36,23.0,0.056,0.088,0.073,9.8,9.8,0.432,0.452,0.189,0.193,105.34,104.69,87.24,104.69,0.069,929,3.4,8.2
202693,Markieff Morris,Markieff,1610612760,OKC,29.0,58,24,34,0.414,1270.5266666666666,204,484,0.421,68,203,0.335,71,92,0.772,61,204,265,79,54,36,22,22,175,99,547,-161,1103.5,2,0,1075.0,2,2018-19,Markieff Morris,21.9,106.2,107.1,107.1,111.5,113.0,113.0,-5.4,-5.9,-5.9,0.092,1.46,12.0,0.045,0.161,0.101,8.2,8.2,0.492,0.521,0.191,0.194,103.72,102.63,85.52,102.63,0.075,2716,3.5,8.3
1627737,Marquese Chriss,Marquese,1610612739,CLE,21.0,43,17,26,0.395,498.8016666666667,67,180,0.372,16,72,0.222,32,45,0.711,40,102,142,22,36,17,11,20,81,44,182,-170,433.4,1,0,418.0,2,2018-19,Marquese Chriss,11.6,101.4,100.7,100.7,119.7,117.9,117.9,-18.3,-17.2,-17.2,0.069,0.61,8.5,0.072,0.216,0.138,13.9,14.0,0.417,0.455,0.196,0.204,99.31,100.42,83.68,100.42,0.054,1048,1.6,4.2
1628963,Marvin Bagley III,Marvin,1610612758,SAC,20.0,62,30,32,0.484,1567.495,356,706,0.504,30,96,0.313,181,262,0.691,162,309,471,62,98,33,59,46,120,224,923,-103,1759.2,19,0,1670.0,1,2018-19,Marvin Bagley III,25.3,107.4,107.8,107.8,110.2,111.0,111.0,-2.8,-3.2,-3.2,0.06,0.63,6.3,0.092,0.18,0.136,9.9,10.0,0.525,0.562,0.237,0.24,104.74,104.19,86.83,104.19,0.124,3405,5.7,11.4
101107,Marvin Williams,Marvin,1610612766,CHA,33.0,75,35,40,0.467,2133.2633333333333,275,652,0.422,140,382,0.366,66,86,0.767,76,331,407,92,47,71,61,21,156,89,756,-6,1731.4,5,0,1659.0,1,2018-19,Marvin Williams,28.4,109.3,110.5,110.5,110.6,110.9,110.9,-1.3,-0.4,-0.4,0.061,1.96,11.1,0.033,0.152,0.091,5.7,5.7,0.529,0.548,0.147,0.15,100.42,99.73,83.11,99.73,0.08,4437,3.7,8.7
203486,Mason Plumlee,Mason,1610612743,DEN,29.0,82,54,28,0.659,1730.92,262,442,0.593,2,10,0.2,111,198,0.561,165,359,524,243,126,66,76,34,252,201,637,72,1930.3,9,0,1690.0,1,2018-19,Mason Plumlee,21.1,108.9,109.3,109.3,106.9,106.1,106.1,2.1,3.2,3.2,0.199,1.93,27.0,0.091,0.198,0.144,14.0,14.0,0.595,0.602,0.159,0.164,99.38,99.6,83.0,99.6,0.115,3571,3.2,5.4
203521,Matthew Dellavedova,Matthew,1610612739,CLE,28.0,48,20,28,0.417,812.1933333333334,98,242,0.405,44,130,0.338,42,52,0.808,6,71,77,181,68,14,2,5,75,58,282,-61,625.9,0,0,616.0,2,2018-19,Matthew Dellavedova,16.9,104.0,103.3,103.3,107.0,107.0,107.0,-3.0,-3.7,-3.7,0.329,2.66,35.1,0.007,0.081,0.044,13.2,13.2,0.496,0.532,0.173,0.178,100.33,100.71,83.92,100.71,0.082,1705,2.0,5.0
203090,Maurice Harkless,Maurice,1610612757,POR,26.0,60,37,23,0.617,1415.13,189,388,0.487,33,120,0.275,49,73,0.671,77,192,269,74,45,67,53,21,163,58,460,237,1208.8,2,0,1076.0,1,2018-19,Maurice Harkless,23.6,113.4,114.6,114.6,106.1,106.8,106.8,7.3,7.9,7.9,0.068,1.64,13.7,0.052,0.128,0.09,8.3,8.3,0.53,0.547,0.135,0.137,102.59,101.67,84.73,101.67,0.073,2998,3.2,6.5
1628467,Maxi Kleber,Maxi,1610612742,DAL,27.0,71,30,41,0.423,1502.1616666666666,175,386,0.453,77,218,0.353,58,74,0.784,90,239,329,70,54,36,78,18,143,74,485,64,1272.8,3,0,1189.0,1,2018-19,Maxi Kleber,21.2,107.1,108.0,108.0,104.9,105.3,105.3,2.2,2.7,2.7,0.068,1.3,12.9,0.057,0.149,0.103,9.9,10.0,0.553,0.579,0.132,0.135,100.98,100.35,83.63,100.35,0.089,3131,2.5,5.4
1628982,Melvin Frazier Jr.,Melvin,1610612753,ORL,22.0,10,8,2,0.8,44.43333333333333,7,21,0.333,0,6,0.0,1,4,0.25,3,2,5,1,1,1,0,0,6,4,15,-9,24.5,0,0,23.0,1,2018-19,Melvin Frazier Jr.,4.4,101.4,96.0,96.0,109.5,109.5,109.5,-8.2,-13.5,-13.5,0.032,1.0,4.0,0.053,0.045,0.05,4.0,4.0,0.333,0.33,0.205,0.221,101.91,104.79,87.32,104.79,-0.02,99,0.7,2.1
203086,Meyers Leonard,Meyers,1610612757,POR,27.0,61,35,26,0.574,877.6783333333333,132,242,0.545,50,111,0.45,43,51,0.843,49,184,233,75,43,13,9,6,105,54,357,-77,772.1,2,0,759.0,1,2018-19,Meyers Leonard,14.4,108.6,108.5,108.5,114.1,112.2,112.2,-5.5,-3.7,-3.7,0.123,1.74,19.6,0.055,0.206,0.13,11.2,11.2,0.649,0.675,0.149,0.153,99.38,100.3,83.58,100.3,0.108,1830,2.2,4.0
201563,Michael Beasley,Michael,1610612747,LAL,30.0,26,11,15,0.423,277.4833333333333,75,153,0.49,3,17,0.176,28,39,0.718,13,47,60,25,27,9,10,9,42,29,181,-39,320.5,0,0,307.0,1,2018-19,Michael Beasley,10.7,103.2,102.8,102.8,109.7,108.8,108.8,-6.5,-6.0,-6.0,0.149,0.93,11.4,0.044,0.153,0.1,12.3,12.2,0.5,0.532,0.288,0.299,102.91,103.53,86.28,103.53,0.105,597,2.9,5.9
203487,Michael Carter-Williams,Michael,1610612753,ORL,27.0,28,17,11,0.607,371.81666666666666,46,123,0.374,10,38,0.263,32,53,0.604,19,51,70,70,20,20,15,8,48,55,134,3,408.0,0,0,354.0,2,2018-19,Michael Carter-Williams,13.3,109.8,109.4,109.4,110.0,109.2,109.2,-0.2,0.2,0.2,0.262,3.5,29.4,0.043,0.143,0.088,8.4,8.5,0.415,0.458,0.176,0.18,105.16,105.79,88.16,105.79,0.085,820,1.6,4.4
203077,Michael Kidd-Gilchrist,Michael,1610612766,CHA,25.0,64,29,35,0.453,1179.1633333333334,158,332,0.476,16,47,0.34,95,123,0.772,88,158,246,61,43,32,39,38,156,108,427,-49,983.7,1,0,892.0,1,2018-19,Michael Kidd-Gilchrist,18.4,106.3,106.4,106.4,106.7,107.4,107.4,-0.4,-0.9,-0.9,0.077,1.42,12.4,0.069,0.129,0.098,8.7,8.8,0.5,0.553,0.153,0.157,101.29,100.91,84.09,100.91,0.075,2467,2.5,5.2
1628969,Mikal Bridges,Mikal,1610612756,PHX,22.0,82,19,63,0.232,2417.115,242,563,0.43,105,313,0.335,95,118,0.805,56,208,264,173,70,129,38,32,201,105,684,-388,1691.3,0,0,1560.0,1,2018-19,Mikal Bridges,29.5,104.8,105.3,105.3,111.3,112.0,112.0,-6.5,-6.8,-6.8,0.097,2.47,20.3,0.023,0.085,0.054,8.2,8.2,0.523,0.556,0.119,0.122,102.79,102.19,85.16,102.19,0.064,5128,3.0,6.9
201144,Mike Conley,Mike,1610612763,MEM,31.0,70,30,40,0.429,2341.8,490,1120,0.438,155,426,0.364,343,406,0.845,40,199,239,449,130,94,22,44,123,369,1478,23,2656.3,10,0,2553.0,1,2018-19,Mike Conley,33.5,105.7,106.3,106.3,105.4,105.6,105.6,0.4,0.7,0.7,0.327,3.45,24.2,0.017,0.088,0.051,7.0,6.9,0.507,0.569,0.262,0.273,98.5,98.11,81.76,98.11,0.151,4782,7.0,16.0
203488,Mike Muscala,Mike,1610612747,LAL,27.0,64,35,29,0.547,1305.881666666667,145,361,0.402,89,256,0.348,70,85,0.824,57,187,244,76,48,22,38,10,130,68,449,33,987.8,1,0,978.0,2,2018-19,Mike Muscala,20.4,108.0,107.6,107.6,106.0,106.5,106.5,2.0,1.0,1.0,0.081,1.58,14.6,0.041,0.133,0.088,9.2,9.2,0.525,0.564,0.138,0.143,105.06,105.03,87.53,105.03,0.07,2859,2.3,5.6
203118,Mike Scott,Mike,1610612755,PHI,30.0,79,44,35,0.557,1395.7816666666668,168,420,0.4,101,252,0.401,22,33,0.667,43,233,276,66,44,26,13,21,156,34,459,42,962.2,0,0,980.0,2,2018-19,Mike Scott,17.7,108.4,108.2,108.2,106.8,106.4,106.4,1.6,1.8,1.8,0.064,1.5,12.1,0.029,0.147,0.09,8.1,8.1,0.52,0.528,0.139,0.143,105.14,105.42,87.85,105.42,0.063,3060,2.1,5.3
1628970,Miles Bridges,Miles,1610612766,CHA,21.0,80,38,42,0.475,1696.3333333333333,237,511,0.464,65,200,0.325,58,77,0.753,67,256,323,95,50,55,49,33,111,62,597,-127,1389.1,1,0,1288.0,1,2018-19,Miles Bridges,21.2,107.2,107.8,107.8,111.3,111.5,111.5,-4.1,-3.7,-3.7,0.081,1.9,13.8,0.037,0.148,0.091,7.3,7.2,0.527,0.548,0.147,0.151,101.66,101.3,84.42,101.3,0.085,3582,3.0,6.4
203101,Miles Plumlee,Miles,1610612737,ATL,30.0,18,1,17,0.056,172.92166666666665,32,48,0.667,0,0,0.0,16,30,0.533,16,23,39,17,10,6,4,3,14,23,80,-43,172.3,0,0,156.0,1,2018-19,Miles Plumlee,9.6,101.9,101.3,101.3,116.4,111.5,111.5,-14.4,-10.2,-10.2,0.155,1.7,19.1,0.085,0.141,0.111,11.2,11.3,0.667,0.654,0.166,0.168,105.25,107.84,89.87,107.84,0.122,387,1.8,2.7
1628462,Milos Teodosic,Milos,1610612746,LAC,32.0,15,8,7,0.533,150.00333333333333,17,40,0.425,10,27,0.37,4,7,0.571,3,13,16,32,21,3,1,2,27,10,48,26,106.2,0,0,114.0,1,2018-19,Milos Teodosic,10.0,118.2,116.6,116.6,110.9,111.2,111.2,7.4,5.4,5.4,0.26,1.52,33.3,0.021,0.084,0.053,21.9,21.9,0.55,0.557,0.171,0.178,106.13,106.72,88.93,106.72,0.036,337,1.1,2.7
1628249,Mitchell Creek,Mitchell,1610612750,MIN,27.0,5,1,4,0.2,47.15,8,16,0.5,0,2,0.0,5,7,0.714,6,6,12,6,1,2,0,2,3,3,21,7,49.4,0,0,43.0,2,2018-19,Mitchell Creek,9.4,101.6,105.0,105.0,99.3,96.1,96.1,2.3,8.9,8.9,0.188,6.0,23.1,0.109,0.105,0.107,3.8,3.8,0.5,0.55,0.169,0.173,102.86,102.82,85.68,102.82,0.14,100,1.6,3.2
1629011,Mitchell Robinson,Mitchell,1610612752,NYK,21.0,66,16,50,0.242,1359.5083333333334,202,291,0.694,0,0,0.0,81,135,0.6,177,246,423,37,35,52,161,23,217,114,485,-202,1652.1,11,0,1371.0,1,2018-19,Mitchell Robinson,20.6,103.4,103.3,103.3,108.7,109.6,109.6,-5.3,-6.2,-6.2,0.042,1.06,8.8,0.122,0.166,0.144,8.3,8.3,0.694,0.692,0.119,0.123,101.45,101.08,84.24,101.08,0.115,2852,3.1,4.4
1628964,Mo Bamba,Mo,1610612753,ORL,21.0,47,19,28,0.404,766.1933333333334,117,243,0.481,21,70,0.3,37,63,0.587,64,169,233,39,43,13,64,15,102,63,292,-240,818.1,1,0,739.0,1,2018-19,Mo Bamba,16.3,94.2,94.3,94.3,108.0,109.2,109.2,-13.8,-14.9,-14.9,0.086,0.91,11.1,0.074,0.213,0.14,12.3,12.2,0.525,0.539,0.174,0.18,100.27,99.7,83.09,99.7,0.103,1590,2.5,5.2
1628420,Monte Morris,Monte,1610612743,DEN,24.0,82,54,28,0.659,1970.2083333333333,346,702,0.493,94,227,0.414,65,81,0.802,35,159,194,297,52,73,4,39,102,101,851,179,1708.3,1,0,1590.0,1,2018-19,Monte Morris,24.0,108.7,109.4,109.4,105.7,105.1,105.1,3.1,4.3,4.3,0.221,5.71,27.4,0.017,0.078,0.047,4.8,4.8,0.56,0.577,0.168,0.173,99.2,99.16,82.63,99.16,0.113,4071,4.2,8.6
1626149,Montrezl Harrell,Montrezl,1610612746,LAC,25.0,82,48,34,0.585,2158.148333333333,546,888,0.615,3,17,0.176,266,414,0.643,184,351,535,162,132,71,110,72,255,361,1361,59,2657.0,17,0,2423.0,1,2018-19,Montrezl Harrell,26.3,111.2,111.9,111.9,109.6,109.9,109.9,1.6,1.9,1.9,0.123,1.23,12.0,0.085,0.146,0.117,9.8,9.7,0.617,0.636,0.227,0.235,104.57,104.09,86.74,104.09,0.14,4666,6.7,10.8
1629021,Moritz Wagner,Moritz,1610612747,LAL,22.0,43,15,28,0.349,446.18,71,171,0.415,22,77,0.286,43,53,0.811,17,68,85,24,39,11,13,17,57,38,207,-97,378.0,0,0,386.0,1,2018-19,Moritz Wagner,10.4,95.1,95.7,95.7,106.5,105.5,105.5,-11.3,-9.8,-9.8,0.084,0.62,9.4,0.035,0.142,0.089,15.3,15.2,0.48,0.533,0.21,0.218,105.54,105.7,88.08,105.7,0.069,982,1.7,4.0
1626167,Myles Turner,Myles,1610612754,IND,23.0,74,43,31,0.581,2118.8166666666666,380,780,0.487,76,196,0.388,148,201,0.736,101,430,531,115,100,60,199,33,195,205,984,121,2470.7,17,0,2224.0,1,2018-19,Myles Turner,28.6,106.2,107.3,107.3,103.6,104.5,104.5,2.6,2.8,2.8,0.083,1.15,10.6,0.048,0.195,0.123,9.2,9.2,0.536,0.567,0.199,0.203,99.8,98.83,82.36,98.83,0.119,4362,5.1,10.5
1628513,Naz Mitrou-Long,Naz,1610612762,UTA,25.0,14,9,5,0.643,83.915,6,20,0.3,2,11,0.182,2,2,1.0,1,5,6,15,8,1,1,1,10,4,16,-39,43.7,0,0,43.0,1,2018-19,Naz Mitrou-Long,6.0,110.4,103.3,103.3,122.3,124.5,124.5,-11.9,-21.2,-21.2,0.25,1.88,34.1,0.011,0.057,0.034,18.2,18.2,0.35,0.383,0.139,0.149,102.79,105.25,87.71,105.25,0.016,184,0.4,1.4
202357,Nemanja Bjelica,Nemanja,1610612758,SAC,31.0,77,38,39,0.494,1787.91,284,593,0.479,103,257,0.401,70,92,0.761,125,319,444,147,82,54,56,36,197,105,741,82,1742.3,9,0,1655.0,1,2018-19,Nemanja Bjelica,23.2,111.1,111.5,111.5,108.0,108.7,108.7,3.1,2.7,2.7,0.107,1.79,17.1,0.065,0.171,0.117,9.5,9.5,0.566,0.585,0.162,0.165,105.8,105.31,87.76,105.31,0.096,3911,3.7,7.7
2403,Nene,ene,1610612745,HOU,36.0,42,29,13,0.69,545.7833333333333,60,116,0.517,0,3,0.0,31,47,0.66,34,89,123,26,11,18,15,9,87,52,151,101,425.6,0,0,366.0,1,2018-19,Nene,13.0,111.4,111.1,111.1,103.0,101.9,101.9,8.5,9.2,9.2,0.07,2.36,15.0,0.058,0.152,0.105,6.4,6.3,0.517,0.552,0.114,0.118,101.03,101.71,84.76,101.71,0.069,1154,1.4,2.8
203457,Nerlens Noel,Nerlens,1610612760,OKC,25.0,77,48,29,0.623,1055.6166666666666,162,276,0.587,0,0,0.0,54,79,0.684,127,198,325,45,48,66,96,10,166,101,378,-75,1273.5,2,0,1072.0,1,2018-19,Nerlens Noel,13.7,99.9,99.0,99.0,102.1,101.7,101.7,-2.2,-2.6,-2.6,0.067,0.94,11.1,0.105,0.176,0.139,11.9,11.9,0.587,0.608,0.137,0.143,103.22,103.88,86.57,103.88,0.122,2277,2.1,3.6
201156,Nick Young,Nick,1610612743,DEN,34.0,4,3,1,0.75,37.13333333333333,3,9,0.333,3,8,0.375,0,0,0.0,0,1,1,2,2,0,1,0,4,0,9,-5,14.2,0,0,17.0,1,2018-19,Nick Young,9.3,98.8,98.7,98.7,105.3,103.8,103.8,-6.6,-5.1,-5.1,0.077,1.0,15.4,0.0,0.026,0.012,15.4,15.4,0.5,0.5,0.126,0.129,100.7,101.47,84.56,101.47,0.003,78,0.8,2.3
201587,Nicolas Batum,Nicolas,1610612766,CHA,30.0,75,35,40,0.467,2354.018333333333,253,562,0.45,116,298,0.389,77,89,0.865,71,319,390,247,117,71,43,19,140,92,699,-21,1762.5,0,0,1680.0,1,2018-19,Nicolas Batum,31.4,108.4,109.7,109.7,109.3,110.3,110.3,-0.9,-0.5,-0.5,0.145,2.11,25.7,0.028,0.131,0.079,12.2,12.1,0.553,0.581,0.129,0.132,100.86,99.83,83.19,99.83,0.084,4898,3.4,7.5
203917,Nik Stauskas,Nik,1610612739,CLE,25.0,68,33,35,0.485,1014.7966666666666,136,338,0.402,70,188,0.372,57,64,0.891,18,109,127,81,51,21,7,18,50,49,399,-255,705.9,0,0,733.0,2,2018-19,Nik Stauskas,14.9,101.4,100.8,100.8,114.3,113.7,113.7,-12.9,-12.9,-12.9,0.123,1.59,16.3,0.016,0.104,0.059,10.2,10.2,0.506,0.545,0.171,0.177,100.69,101.25,84.37,101.25,0.078,2150,2.0,5.0
203999,Nikola Jokić,Nikola,1610612743,DEN,24.0,80,53,27,0.663,2503.5866666666666,616,1206,0.511,83,270,0.307,289,352,0.821,228,637,865,580,248,108,55,67,228,418,1604,315,3753.0,56,12,3458.0,1,2018-19,Nikola Jokić,31.3,111.3,113.3,113.3,107.0,107.5,107.5,4.3,5.8,5.8,0.361,2.34,26.5,0.089,0.249,0.169,11.4,11.3,0.545,0.589,0.271,0.274,99.51,98.4,82.0,98.4,0.188,5140,7.7,15.1
202703,Nikola Mirotic,Nikola,1610612749,MIL,28.0,46,24,22,0.522,1245.195,238,542,0.439,116,318,0.365,105,124,0.847,60,279,339,55,48,31,34,15,107,106,697,118,1333.3,11,0,1337.0,2,2018-19,Nikola Mirotic,27.1,111.9,112.0,112.0,107.6,108.3,108.3,4.3,3.7,3.7,0.061,1.15,7.9,0.045,0.198,0.123,6.9,6.9,0.546,0.584,0.206,0.211,106.97,106.6,88.84,106.6,0.116,2772,5.2,11.8
202696,Nikola Vučević,Nikola,1610612753,ORL,28.0,80,41,39,0.513,2510.1766666666667,701,1354,0.518,84,231,0.364,179,227,0.789,224,736,960,307,159,81,89,60,157,216,1665,218,3628.5,60,1,3356.0,1,2018-19,Nikola Vučević,31.4,109.2,110.4,110.4,105.6,106.4,106.4,3.6,4.0,4.0,0.208,1.93,16.0,0.088,0.286,0.188,8.3,8.3,0.549,0.573,0.276,0.28,100.11,99.22,82.69,99.22,0.185,5194,8.8,16.9
203943,Noah Vonleh,Noah,1610612752,NYK,23.0,68,13,55,0.191,1721.695,207,440,0.47,46,137,0.336,111,156,0.712,113,415,528,129,88,46,51,31,174,155,571,-293,1601.1,18,0,1468.0,1,2018-19,Noah Vonleh,25.3,103.9,104.7,104.7,111.6,112.4,112.4,-7.7,-7.7,-7.7,0.108,1.47,17.8,0.06,0.234,0.145,12.1,12.1,0.523,0.561,0.144,0.147,102.03,101.27,84.39,101.27,0.104,3626,3.0,6.5
1626181,Norman Powell,Norman,1610612761,TOR,26.0,60,45,15,0.75,1126.465,193,400,0.483,68,170,0.4,62,75,0.827,16,123,139,91,65,39,13,21,96,71,516,15,910.3,0,0,918.0,1,2018-19,Norman Powell,18.8,105.8,105.8,105.8,104.7,105.5,105.5,1.1,0.3,0.3,0.119,1.4,15.5,0.013,0.102,0.058,11.1,11.0,0.568,0.596,0.182,0.188,103.8,103.46,86.22,103.46,0.092,2432,3.2,6.7
1628384,OG Anunoby,OG,1610612761,TOR,21.0,67,46,21,0.687,1352.2666666666669,183,404,0.453,67,202,0.332,36,62,0.581,58,139,197,47,55,46,22,32,140,59,469,-49,924.9,0,0,916.0,1,2018-19,OG Anunoby,20.2,105.0,104.9,104.9,105.6,106.5,106.5,-0.6,-1.7,-1.7,0.05,0.85,8.8,0.04,0.1,0.069,10.3,10.3,0.536,0.544,0.148,0.152,103.42,103.04,85.87,103.04,0.057,2903,2.7,6.0
1627855,Okaro White,Okaro,1610612764,WAS,26.0,3,2,1,0.667,6.276666666666666,0,2,0.0,0,2,0.0,0,0,0.0,1,1,2,0,0,0,0,0,0,0,0,-3,2.4,0,0,2.0,1,2018-19,Okaro White,2.1,76.9,66.7,66.7,93.7,92.9,92.9,-16.7,-26.2,-26.2,0.0,0.0,0.0,0.091,0.143,0.111,0.0,0.0,0.0,0.0,0.105,0.118,102.78,110.89,92.41,110.89,-0.028,15,0.0,0.7
1629016,Omari Spellman,Omari,1610612737,ATL,21.0,46,15,31,0.326,804.5416666666666,98,244,0.402,44,128,0.344,32,45,0.711,72,122,194,47,31,26,25,14,67,38,272,-202,697.3,4,0,659.0,1,2018-19,Omari Spellman,17.5,102.4,102.6,102.6,113.9,112.8,112.8,-11.4,-10.3,-10.3,0.085,1.52,13.7,0.08,0.144,0.111,9.0,9.1,0.492,0.516,0.146,0.149,106.45,106.88,89.07,106.88,0.079,1783,2.1,5.3
201956,Omri Casspi,Omri,1610612763,MEM,31.0,36,14,22,0.389,520.435,86,161,0.534,15,43,0.349,39,58,0.672,17,98,115,26,23,20,9,12,35,48,226,19,467.0,0,0,440.0,1,2018-19,Omri Casspi,14.5,104.1,104.3,104.3,103.6,103.2,103.2,0.5,1.1,1.1,0.077,1.13,11.0,0.033,0.184,0.109,9.7,9.8,0.581,0.606,0.17,0.175,100.84,100.95,84.12,100.95,0.118,1098,2.4,4.5
203490,Otto Porter Jr.,Otto,1610612741,CHI,26.0,56,25,31,0.446,1683.7516666666668,299,643,0.465,104,256,0.406,78,96,0.813,54,260,314,120,65,82,31,13,108,111,780,-22,1610.8,6,0,1544.0,2,2018-19,Otto Porter Jr.,30.1,110.3,111.2,111.2,110.2,111.6,111.6,0.1,-0.4,-0.4,0.1,1.85,13.9,0.031,0.153,0.092,7.5,7.5,0.546,0.569,0.185,0.189,104.16,103.07,85.89,103.07,0.103,3612,5.3,11.5
200782,P.J. Tucker,P.J.,1610612745,HOU,34.0,82,53,29,0.646,2802.1266666666666,207,523,0.396,146,387,0.377,41,59,0.695,121,358,479,96,63,132,39,16,252,111,601,242,1769.8,3,0,1664.0,1,2018-19,P.J. Tucker,34.2,112.4,114.0,114.0,108.1,109.5,109.5,4.3,4.5,4.5,0.047,1.52,13.5,0.041,0.129,0.084,8.9,8.9,0.535,0.547,0.094,0.095,99.57,98.22,81.85,98.22,0.056,5728,2.5,6.4
1628408,PJ Dozier,PJ,1610612738,BOS,22.0,6,5,1,0.833,50.84333333333333,8,21,0.381,2,8,0.25,1,2,0.5,6,11,17,5,0,2,0,0,2,3,19,25,52.9,1,0,47.0,1,2018-19,PJ Dozier,8.5,117.2,112.6,112.6,90.1,90.1,90.1,27.1,22.5,22.5,0.125,0.0,18.5,0.102,0.172,0.138,0.0,0.0,0.429,0.434,0.173,0.18,102.77,104.79,87.33,104.79,0.121,111,1.3,3.5
1627783,Pascal Siakam,Pascal,1610612761,TOR,25.0,80,57,23,0.713,2547.613333333333,519,945,0.549,79,214,0.369,237,302,0.785,124,425,549,248,154,73,52,42,241,239,1354,593,2605.8,18,0,2480.0,1,2018-19,Pascal Siakam,31.8,114.2,114.8,114.8,102.6,104.2,104.2,11.6,10.6,10.6,0.141,1.61,16.8,0.05,0.154,0.105,10.5,10.4,0.591,0.628,0.205,0.209,101.92,100.86,84.05,100.86,0.124,5364,6.5,11.8
1626192,Pat Connaughton,Pat,1610612749,MIL,26.0,61,43,18,0.705,1261.1733333333334,163,350,0.466,66,200,0.33,29,40,0.725,61,197,258,122,33,33,25,19,81,37,421,118,1054.6,1,0,983.0,1,2018-19,Pat Connaughton,20.7,111.2,111.0,111.0,106.0,106.1,106.1,5.2,5.0,5.0,0.128,3.7,23.3,0.046,0.135,0.092,6.3,6.3,0.56,0.573,0.13,0.133,104.78,104.84,87.36,104.84,0.094,2746,2.7,5.7
201976,Patrick Beverley,Patrick,1610612746,LAC,30.0,78,48,30,0.615,2137.221666666667,194,477,0.407,112,282,0.397,96,123,0.78,76,312,388,300,85,67,43,25,265,157,596,149,1756.6,6,0,1616.0,1,2018-19,Patrick Beverley,27.4,112.0,112.7,112.7,108.4,108.7,108.7,3.6,4.0,4.0,0.183,3.53,32.7,0.035,0.135,0.087,9.3,9.3,0.524,0.561,0.12,0.122,103.17,102.68,85.57,102.68,0.079,4557,2.5,6.1
1627775,Patrick McCaw,Patrick,1610612761,TOR,23.0,29,17,12,0.586,397.295,26,63,0.413,9,28,0.321,13,15,0.867,7,41,48,29,17,23,2,3,38,15,74,-60,233.1,0,0,210.0,2,2018-19,Patrick McCaw,13.7,104.6,103.6,103.6,110.1,109.9,109.9,-5.5,-6.4,-6.4,0.099,1.71,25.0,0.017,0.105,0.061,14.7,14.7,0.484,0.532,0.093,0.096,101.37,101.97,84.97,101.97,0.049,841,0.9,2.2
202335,Patrick Patterson,Patrick,1610612760,OKC,30.0,63,40,23,0.635,860.6716666666666,82,219,0.374,46,137,0.336,19,30,0.633,42,105,147,31,22,16,13,6,46,34,229,-110,516.9,0,0,511.0,1,2018-19,Patrick Patterson,13.7,101.5,101.5,101.5,107.4,107.3,107.3,-5.9,-5.7,-5.7,0.049,1.41,10.9,0.043,0.114,0.078,7.7,7.7,0.479,0.493,0.118,0.122,105.14,105.18,87.65,105.18,0.06,1885,1.3,3.5
201988,Patty Mills,Patty,1610612759,SAS,30.0,82,48,34,0.585,1907.7083333333333,282,663,0.425,159,404,0.394,88,103,0.854,24,158,182,245,93,49,10,12,129,124,811,201,1480.9,0,0,1515.0,1,2018-19,Patty Mills,23.3,114.4,113.6,113.6,109.0,109.1,109.1,5.4,4.5,4.5,0.174,2.63,23.4,0.012,0.076,0.045,8.9,8.9,0.545,0.572,0.175,0.18,102.41,102.73,85.61,102.73,0.081,4091,3.4,8.1
2200,Pau Gasol,Pau,1610612749,MIL,38.0,30,17,13,0.567,360.545,42,94,0.447,6,13,0.462,28,40,0.7,22,115,137,52,16,5,15,6,29,33,118,-33,404.4,1,0,353.0,2,2018-19,Pau Gasol,12.0,107.0,104.9,104.9,110.9,111.1,111.1,-4.0,-6.2,-6.2,0.209,3.25,28.6,0.058,0.304,0.181,8.8,8.9,0.479,0.529,0.151,0.154,102.21,103.18,85.98,103.18,0.13,782,1.4,3.1
202331,Paul George,Paul,1610612760,OKC,29.0,77,46,31,0.597,2841.306666666667,707,1614,0.438,292,757,0.386,453,540,0.839,105,523,628,318,205,170,34,77,214,420,2159,496,3796.6,24,1,3805.0,1,2018-19,Paul George,36.9,110.4,112.1,112.1,103.1,103.9,103.9,7.3,8.2,8.2,0.173,1.55,13.5,0.033,0.173,0.101,8.7,8.6,0.529,0.583,0.285,0.294,105.51,104.35,86.96,104.35,0.161,6172,9.2,21.0
200794,Paul Millsap,Paul,1610612743,DEN,34.0,70,49,21,0.7,1894.5183333333332,322,665,0.484,58,159,0.365,181,249,0.727,153,352,505,141,95,83,54,51,183,223,883,342,2016.5,14,0,1861.0,1,2018-19,Paul Millsap,27.1,112.8,114.0,114.0,105.1,105.4,105.4,7.7,8.6,8.6,0.104,1.48,13.9,0.078,0.182,0.13,9.4,9.4,0.528,0.57,0.191,0.195,100.08,99.44,82.87,99.44,0.113,3927,4.6,9.5
203112,Quincy Acy,Quincy,1610612756,PHX,28.0,10,2,8,0.2,122.93,4,18,0.222,2,15,0.133,7,10,0.7,3,22,25,8,4,1,4,0,24,14,17,4,70.0,0,0,62.0,1,2018-19,Quincy Acy,12.3,102.1,99.3,99.3,96.9,96.4,96.4,5.2,2.8,2.8,0.088,2.0,22.9,0.022,0.153,0.089,11.4,11.6,0.278,0.379,0.088,0.092,106.78,108.55,90.46,108.55,0.017,276,0.4,1.8
202347,Quincy Pondexter,Quincy,1610612759,SAS,31.0,53,29,24,0.547,291.87833333333333,29,58,0.5,6,18,0.333,34,42,0.81,8,38,46,24,13,11,1,6,24,28,98,-14,212.2,0,0,198.0,1,2018-19,Quincy Pondexter,5.5,102.1,99.2,99.2,105.3,101.4,101.4,-3.2,-2.2,-2.2,0.121,1.85,20.9,0.028,0.123,0.077,11.3,11.5,0.552,0.641,0.129,0.134,99.32,102.62,85.52,102.62,0.09,624,0.5,1.1
1626188,Quinn Cook,Quinn,1610612744,GSW,26.0,74,49,25,0.662,1058.9016666666666,204,439,0.465,81,200,0.405,20,26,0.769,22,135,157,116,50,20,3,19,92,28,509,-133,890.4,0,0,909.0,1,2018-19,Quinn Cook,14.3,107.0,105.8,105.8,111.7,112.1,112.1,-4.7,-6.3,-6.3,0.167,2.32,18.9,0.021,0.123,0.072,8.1,8.1,0.557,0.565,0.2,0.208,100.42,100.79,83.99,100.79,0.093,2227,2.8,5.9
1626154,RJ Hunter,RJ,1610612738,BOS,25.0,1,1,0,1.0,25.683333333333334,6,13,0.462,4,10,0.4,1,2,0.5,1,2,3,3,0,1,0,1,3,1,17,28,28.1,0,0,29.0,1,2018-19,RJ Hunter,25.7,136.0,132.1,132.1,76.4,79.2,79.2,59.6,52.8,52.8,0.15,0.0,17.6,0.037,0.05,0.045,0.0,0.0,0.615,0.612,0.226,0.229,99.46,99.05,82.54,99.05,0.133,53,6.0,13.0
200765,Rajon Rondo,Rajon,1610612747,LAL,33.0,46,19,27,0.413,1368.565,175,432,0.405,51,142,0.359,23,36,0.639,34,209,243,367,127,57,7,34,100,55,424,-245,1331.1,14,1,1213.0,1,2018-19,Rajon Rondo,29.8,104.0,104.7,104.7,111.7,113.3,113.3,-7.7,-8.6,-8.6,0.36,2.89,39.0,0.023,0.142,0.083,13.5,13.5,0.464,0.473,0.172,0.175,105.65,104.55,87.13,104.55,0.099,2986,3.8,9.4
203526,Raul Neto,Raul,1610612762,UTA,27.0,37,26,11,0.703,473.5883333333333,74,161,0.46,20,60,0.333,28,33,0.848,6,56,62,93,35,14,4,9,49,42,196,175,428.9,0,0,407.0,1,2018-19,Raul Neto,12.8,117.5,116.1,116.1,100.6,98.6,98.6,16.9,17.5,17.5,0.251,2.66,30.5,0.014,0.105,0.064,11.5,11.5,0.522,0.558,0.184,0.19,102.93,104.55,87.12,104.55,0.096,1029,2.0,4.4
1628959,Rawle Alkins,Rawle,1610612741,CHI,21.0,10,3,7,0.3,120.35333333333334,13,39,0.333,3,12,0.25,8,12,0.667,11,15,26,13,8,1,0,4,7,7,37,-13,82.7,0,0,81.0,1,2018-19,Rawle Alkins,12.0,105.9,106.3,106.3,111.2,111.8,111.8,-5.3,-5.5,-5.5,0.137,1.63,20.0,0.077,0.12,0.097,12.3,12.3,0.372,0.418,0.173,0.179,102.34,101.9,84.92,101.9,0.051,256,1.3,3.9
1629034,Ray Spalding,Ray,1610612756,PHX,22.0,14,3,11,0.214,147.6266666666667,25,47,0.532,0,3,0.0,4,12,0.333,15,33,48,5,9,9,8,3,23,8,54,-21,161.1,1,0,141.0,2,2018-19,Ray Spalding,10.5,100.6,99.1,99.1,107.2,105.9,105.9,-6.6,-6.8,-6.8,0.052,0.56,7.6,0.091,0.19,0.142,13.6,13.6,0.532,0.516,0.164,0.173,104.06,105.51,87.92,105.51,0.092,325,1.8,3.4
101109,Raymond Felton,Raymond,1610612760,OKC,35.0,33,19,14,0.576,379.37,55,135,0.407,20,61,0.328,12,13,0.923,4,30,34,52,14,10,6,3,29,14,142,15,294.8,0,0,280.0,1,2018-19,Raymond Felton,11.5,100.9,100.9,100.9,98.0,98.3,98.3,2.9,2.6,2.6,0.209,3.71,25.1,0.009,0.074,0.04,6.8,6.8,0.481,0.505,0.165,0.17,103.11,102.99,85.83,102.99,0.089,811,1.7,4.1
203493,Reggie Bullock Jr.,Reggie,1610612747,LAL,28.0,63,27,36,0.429,1878.89,245,594,0.412,148,393,0.377,73,85,0.859,22,151,173,129,65,40,12,23,109,71,711,-48,1203.1,0,0,1265.0,2,2018-19,Reggie Bullock Jr.,29.8,107.5,109.0,109.0,109.6,110.3,110.3,-2.1,-1.3,-1.3,0.096,1.98,15.8,0.011,0.082,0.045,8.0,7.9,0.537,0.563,0.154,0.158,102.1,101.09,84.24,101.09,0.069,3958,3.9,9.4
202704,Reggie Jackson,Reggie,1610612765,DET,29.0,82,41,41,0.5,2288.8683333333333,441,1047,0.421,174,471,0.369,204,236,0.864,45,171,216,344,148,55,9,40,208,189,1260,44,2079.2,0,0,2122.0,1,2018-19,Reggie Jackson,27.9,107.9,108.9,108.9,107.7,108.4,108.4,0.2,0.5,0.5,0.241,2.32,21.2,0.019,0.076,0.046,9.1,9.0,0.504,0.547,0.237,0.245,99.56,98.77,82.31,98.77,0.1,4719,5.4,12.8
1626158,Richaun Holmes,Richaun,1610612756,PHX,25.0,70,16,54,0.229,1183.6883333333333,222,365,0.608,0,0,0.0,128,175,0.731,115,216,331,60,52,42,79,29,194,151,572,-172,1370.2,5,0,1205.0,1,2018-19,Richaun Holmes,16.9,102.9,103.5,103.5,109.5,108.9,108.9,-6.6,-5.4,-5.4,0.082,1.15,10.9,0.095,0.173,0.134,9.5,9.4,0.608,0.647,0.174,0.18,102.34,102.33,85.28,102.33,0.125,2507,3.2,5.2
201937,Ricky Rubio,Ricky,1610612762,UTA,28.0,68,40,28,0.588,1898.95,295,730,0.404,79,254,0.311,195,228,0.855,33,210,243,416,180,91,10,29,180,193,864,250,1902.6,7,0,1804.0,1,2018-19,Ricky Rubio,27.9,109.8,110.4,110.4,103.5,104.1,104.1,6.3,6.3,6.3,0.313,2.31,29.4,0.017,0.107,0.062,12.7,12.6,0.458,0.52,0.221,0.227,102.57,101.92,84.93,101.92,0.103,4030,4.3,10.7
203496,Robert Covington,Robert,1610612750,MIN,28.0,35,20,15,0.571,1202.6016666666667,156,362,0.431,85,225,0.378,68,89,0.764,28,165,193,46,47,74,47,9,126,80,465,63,1081.6,2,0,1031.0,2,2018-19,Robert Covington,34.4,107.4,108.5,108.5,103.7,106.2,106.2,3.7,2.3,2.3,0.055,0.98,9.4,0.022,0.127,0.075,9.6,9.5,0.548,0.58,0.154,0.158,102.8,101.08,84.23,101.08,0.083,2535,4.5,10.3
1629057,Robert Williams III,Robert,1610612738,BOS,21.0,32,18,14,0.563,282.84,36,51,0.706,0,0,0.0,9,15,0.6,27,54,81,7,10,9,40,4,36,12,81,-50,325.7,0,0,267.0,1,2018-19,Robert Williams III,8.8,100.7,98.2,98.2,102.5,104.1,104.1,-1.9,-5.9,-5.9,0.04,0.7,9.3,0.086,0.164,0.126,13.3,13.4,0.706,0.703,0.101,0.105,102.35,102.84,85.7,102.84,0.111,599,1.1,1.6
201577,Robin Lopez,Robin,1610612741,CHI,31.0,74,20,54,0.27,1605.6816666666666,304,535,0.568,7,31,0.226,89,123,0.724,140,146,286,89,96,11,78,19,124,147,704,-142,1351.7,2,0,1264.0,1,2018-19,Robin Lopez,21.7,104.2,105.5,105.5,109.2,109.9,109.9,-5.0,-4.4,-4.4,0.084,0.93,11.5,0.085,0.085,0.085,12.4,12.4,0.575,0.598,0.183,0.186,101.15,100.17,83.48,100.17,0.088,3353,4.1,7.2
1629066,Rodions Kurucs,Rodions,1610612751,BKN,21.0,63,36,27,0.571,1293.75,202,449,0.45,58,184,0.315,72,92,0.783,56,190,246,52,77,41,25,42,146,70,534,-2,1028.2,2,0,1022.0,1,2018-19,Rodions Kurucs,20.5,106.4,107.0,107.0,106.8,107.4,107.4,-0.4,-0.4,-0.4,0.057,0.68,8.4,0.04,0.131,0.086,12.4,12.4,0.514,0.545,0.175,0.179,106.58,106.05,88.38,106.05,0.069,2863,3.2,7.1
203918,Rodney Hood,Rodney,1610612757,POR,26.0,72,29,43,0.403,1892.5633333333333,292,671,0.435,84,236,0.356,137,155,0.884,25,132,157,126,55,59,12,19,146,118,805,-273,1340.4,0,0,1314.0,2,2018-19,Rodney Hood,26.3,105.5,106.3,106.3,112.5,113.7,113.7,-7.0,-7.4,-7.4,0.101,2.29,13.8,0.012,0.071,0.041,6.0,6.0,0.498,0.545,0.178,0.183,98.74,97.86,81.55,97.86,0.075,3864,4.1,9.3
203585,Rodney McGruder,Rodney,1610612746,LAC,27.0,66,31,35,0.47,1549.715,186,461,0.403,79,225,0.351,52,72,0.722,60,178,238,112,64,36,12,29,115,67,503,-38,1036.6,2,0,1028.0,1,2018-19,Rodney McGruder,23.5,103.9,104.9,104.9,105.7,106.3,106.3,-1.8,-1.4,-1.4,0.103,1.75,16.8,0.035,0.106,0.07,9.6,9.6,0.489,0.51,0.147,0.151,101.38,100.62,83.85,100.62,0.068,3252,2.8,7.0
1627758,Ron Baker,Ron,1610612764,WAS,26.0,15,4,11,0.267,151.985,4,20,0.2,1,13,0.077,5,6,0.833,1,10,11,15,5,6,1,1,18,8,14,-20,65.7,0,0,55.0,2,2018-19,Ron Baker,10.1,91.2,89.7,89.7,97.2,94.9,94.9,-6.0,-5.2,-5.2,0.139,3.0,34.9,0.006,0.069,0.035,11.6,11.7,0.225,0.309,0.075,0.077,102.94,105.01,87.51,105.01,0.013,331,0.3,1.3
1626178,Rondae Hollis-Jefferson,Rondae,1610612751,BKN,24.0,59,27,32,0.458,1233.9633333333334,200,487,0.411,9,49,0.184,118,183,0.645,83,227,310,96,68,44,27,46,107,161,527,-10,1188.0,4,0,1084.0,1,2018-19,Rondae Hollis-Jefferson,20.9,105.5,106.3,106.3,105.5,105.6,105.6,0.0,0.7,0.7,0.119,1.41,13.1,0.06,0.17,0.115,9.3,9.3,0.42,0.464,0.21,0.214,104.21,103.84,86.53,103.84,0.088,2656,3.4,8.3
1626220,Royce O'Neale,Royce,1610612762,UTA,26.0,82,50,32,0.61,1671.105,163,343,0.475,68,176,0.386,32,42,0.762,22,263,285,124,70,54,24,19,172,51,426,172,1118.0,1,0,1059.0,1,2018-19,Royce O'Neale,20.4,107.4,106.7,106.7,101.3,101.9,101.9,6.2,4.8,4.8,0.102,1.77,22.3,0.013,0.146,0.082,12.6,12.6,0.574,0.589,0.108,0.111,102.28,102.28,85.24,102.28,0.073,3562,2.0,4.2
200752,Rudy Gay,Rudy,1610612759,SAS,32.0,69,42,27,0.609,1842.2933333333333,376,746,0.504,74,184,0.402,120,147,0.816,63,407,470,182,114,54,34,35,159,135,946,161,1933.0,9,0,1848.0,1,2018-19,Rudy Gay,26.7,111.1,110.9,110.9,106.1,106.8,106.8,5.0,4.1,4.1,0.145,1.6,16.5,0.034,0.209,0.125,10.3,10.3,0.554,0.583,0.216,0.22,99.85,99.55,82.96,99.55,0.128,3823,5.4,10.8
203497,Rudy Gobert,Rudy,1610612762,UTA,27.0,81,50,31,0.617,2576.6866666666665,476,712,0.669,0,0,0.0,332,522,0.636,309,732,1041,161,130,66,187,56,231,468,1284,384,3403.7,66,0,2992.0,1,2018-19,Rudy Gobert,31.8,109.0,110.5,110.5,102.3,103.6,103.6,6.7,6.9,6.9,0.095,1.24,13.0,0.117,0.27,0.194,10.5,10.5,0.669,0.682,0.175,0.177,102.56,101.23,84.36,101.23,0.17,5439,5.9,8.8
201566,Russell Westbrook,Russell,1610612760,OKC,30.0,73,44,29,0.603,2629.4333333333334,630,1473,0.428,119,411,0.29,296,451,0.656,109,698,807,784,325,142,33,68,245,343,1675,294,4019.4,57,34,3735.0,1,2018-19,Russell Westbrook,36.0,110.5,112.4,112.4,106.0,107.4,107.4,4.6,5.0,5.0,0.44,2.41,28.2,0.036,0.255,0.141,11.7,11.7,0.468,0.501,0.301,0.305,106.55,104.93,87.44,104.93,0.164,5751,8.6,20.2
201583,Ryan Anderson,Ryan,1610612748,MIA,31.0,25,7,18,0.28,321.2916666666667,21,69,0.304,9,40,0.225,12,16,0.75,18,36,54,19,14,4,1,7,25,21,63,-73,157.3,0,0,155.0,2,2018-19,Ryan Anderson,12.9,95.7,95.8,95.8,107.5,108.6,108.6,-11.7,-12.8,-12.8,0.088,1.36,17.4,0.055,0.112,0.084,12.8,12.8,0.37,0.414,0.12,0.124,98.92,98.38,81.98,98.38,0.036,664,0.8,2.8
1627853,Ryan Arcidiacono,Ryan,1610612741,CHI,25.0,81,22,59,0.272,1961.3,187,418,0.447,81,217,0.373,89,102,0.873,27,192,219,269,63,65,4,17,171,119,544,-250,1354.3,0,0,1251.0,1,2018-19,Ryan Arcidiacono,24.2,103.9,104.4,104.4,109.8,110.2,110.2,-6.0,-5.8,-5.8,0.191,4.27,33.8,0.013,0.096,0.054,7.9,7.9,0.544,0.588,0.117,0.119,100.17,99.79,83.16,99.79,0.078,4071,2.3,5.2
1629151,Ryan Broekhoff,Ryan,1610612742,DAL,28.0,42,15,27,0.357,453.5866666666666,57,126,0.452,38,93,0.409,15,19,0.789,8,55,63,22,16,6,4,5,35,18,167,70,289.6,0,0,310.0,1,2018-19,Ryan Broekhoff,10.8,110.4,111.2,111.2,104.3,102.8,102.8,6.1,8.3,8.3,0.069,1.38,12.9,0.017,0.113,0.065,9.4,9.3,0.603,0.621,0.14,0.145,100.63,101.01,84.17,101.01,0.075,950,1.4,3.0
1626257,Salah Mejri,Salah,1610612742,DAL,33.0,36,13,23,0.361,399.12666666666667,55,112,0.491,11,34,0.324,20,32,0.625,36,95,131,35,21,10,26,8,55,37,141,-50,437.7,1,0,390.0,1,2018-19,Salah Mejri,11.1,104.1,104.3,104.3,110.6,108.7,108.7,-6.5,-4.4,-4.4,0.137,1.67,19.3,0.081,0.216,0.149,11.6,11.5,0.54,0.559,0.153,0.159,100.62,101.38,84.48,101.38,0.108,837,1.5,3.1
1626155,Sam Dekker,Sam,1610612764,WAS,25.0,47,14,33,0.298,788.605,120,256,0.469,19,62,0.306,28,46,0.609,53,95,148,46,24,38,7,21,47,35,287,-89,644.6,0,0,590.0,2,2018-19,Sam Dekker,16.8,107.5,106.9,106.9,112.4,112.2,112.2,-4.9,-5.3,-5.3,0.081,1.92,13.2,0.064,0.123,0.092,6.9,6.9,0.506,0.519,0.157,0.162,102.16,102.5,85.42,102.5,0.083,1684,2.6,5.4
203159,Scott Machado,Scott,1610612747,LAL,29.0,4,3,1,0.75,19.166666666666668,4,6,0.667,1,1,1.0,1,1,1.0,0,0,0,3,0,1,0,0,2,1,10,0,17.5,0,0,16.0,1,2018-19,Scott Machado,4.8,102.2,110.3,110.3,113.4,110.3,110.3,-11.2,0.0,0.0,0.214,0.0,33.3,0.0,0.0,0.0,0.0,0.0,0.75,0.776,0.13,0.143,100.17,97.67,81.39,97.67,0.135,39,1.0,1.5
1628400,Semi Ojeleye,Semi,1610612738,BOS,24.0,56,39,17,0.696,594.4383333333334,67,158,0.424,28,89,0.315,24,39,0.615,24,62,86,23,19,10,4,10,43,31,186,70,346.7,0,0,351.0,1,2018-19,Semi Ojeleye,10.6,108.5,106.3,106.3,99.5,100.2,100.2,9.0,6.0,6.0,0.054,1.21,10.6,0.038,0.093,0.067,8.7,8.7,0.513,0.531,0.137,0.142,101.23,101.9,84.92,101.9,0.057,1259,1.2,2.8
201586,Serge Ibaka,Serge,1610612761,TOR,29.0,74,53,21,0.716,2010.375,464,877,0.529,49,169,0.29,135,177,0.763,156,445,601,99,114,29,103,30,211,154,1112,257,2263.7,22,0,2125.0,1,2018-19,Serge Ibaka,27.2,113.0,113.5,113.5,105.8,107.4,107.4,7.2,6.1,6.1,0.076,0.87,8.5,0.078,0.204,0.144,9.8,9.8,0.557,0.582,0.227,0.231,101.37,100.39,83.66,100.39,0.123,4204,6.3,11.9
203552,Seth Curry,Seth,1610612757,POR,28.0,74,49,25,0.662,1399.3916666666669,212,465,0.456,113,251,0.45,44,52,0.846,27,93,120,66,61,36,12,15,97,78,581,132,907.0,0,0,976.0,1,2018-19,Seth Curry,18.9,108.7,109.4,109.4,106.2,105.1,105.1,2.5,4.3,4.3,0.068,1.08,10.7,0.019,0.062,0.041,9.9,9.9,0.577,0.595,0.164,0.168,99.97,100.14,83.45,100.14,0.071,2923,2.9,6.3
203894,Shabazz Napier,Shabazz,1610612751,BKN,27.0,56,26,30,0.464,982.8366666666668,169,435,0.389,76,228,0.333,115,138,0.833,18,82,100,143,66,41,16,27,67,112,529,14,968.5,1,0,962.0,1,2018-19,Shabazz Napier,17.6,105.9,105.6,105.6,104.2,104.3,104.3,1.7,1.3,1.3,0.235,2.17,20.3,0.017,0.079,0.047,9.4,9.4,0.476,0.534,0.234,0.242,102.66,102.83,85.69,102.83,0.106,2099,3.0,7.8
1628983,Shai Gilgeous-Alexander,Shai,1610612746,LAC,20.0,82,48,34,0.585,2173.9066666666668,341,716,0.476,51,139,0.367,156,195,0.8,57,175,232,270,141,96,45,67,175,180,889,-110,1854.4,1,0,1724.0,1,2018-19,Shai Gilgeous-Alexander,26.5,108.6,108.8,108.8,110.4,110.8,110.8,-1.9,-2.0,-2.0,0.179,1.91,22.3,0.026,0.078,0.053,11.6,11.6,0.512,0.554,0.182,0.185,103.54,103.25,86.04,103.25,0.083,4669,4.2,8.7
1629003,Shake Milton,Shake,1610612755,PHI,22.0,20,10,10,0.5,268.225,34,87,0.391,14,44,0.318,5,7,0.714,9,26,35,18,6,8,8,4,29,7,87,-1,198.0,0,0,186.0,1,2018-19,Shake Milton,13.4,113.0,110.9,110.9,112.4,112.1,112.1,0.6,-1.1,-1.1,0.086,3.0,15.8,0.031,0.096,0.062,5.3,5.3,0.471,0.483,0.147,0.152,101.56,102.63,85.53,102.63,0.049,576,1.7,4.4
1627885,Shaquille Harrison,Shaquille,1610612741,CHI,25.0,73,20,53,0.274,1429.97,184,426,0.432,24,89,0.27,82,123,0.667,33,189,222,139,60,89,30,41,124,116,474,-316,1245.9,1,0,1097.0,1,2018-19,Shaquille Harrison,19.6,100.2,100.3,100.3,110.3,110.5,110.5,-10.1,-10.2,-10.2,0.142,2.32,20.6,0.022,0.132,0.076,8.9,8.8,0.46,0.494,0.16,0.165,101.16,100.99,84.16,100.99,0.082,3004,2.5,5.8
2733,Shaun Livingston,Shaun,1610612744,GSW,33.0,64,45,19,0.703,966.8916666666668,109,210,0.519,0,2,0.0,40,51,0.784,42,75,117,114,38,31,27,11,74,44,258,46,705.4,0,0,605.0,1,2018-19,Shaun Livingston,15.1,111.4,110.5,110.5,106.3,107.3,107.3,5.1,3.2,3.2,0.154,3.0,29.7,0.043,0.071,0.058,9.9,9.9,0.519,0.555,0.118,0.121,101.48,101.37,84.48,101.37,0.073,2033,1.7,3.3
202714,Shelvin Mack,Shelvin,1610612766,CHA,29.0,57,22,35,0.386,1246.645,163,403,0.404,46,130,0.354,58,84,0.69,18,86,104,183,66,47,4,38,84,65,430,-244,916.3,0,0,865.0,2,2018-19,Shelvin Mack,21.9,99.7,99.3,99.3,108.6,108.4,108.4,-8.9,-9.1,-9.1,0.241,2.77,26.7,0.014,0.069,0.042,9.6,9.6,0.462,0.489,0.179,0.185,97.86,98.15,81.79,98.15,0.077,2543,2.9,7.1
1628414,Sindarius Thornwell,Sindarius,1610612746,LAC,24.0,64,37,27,0.578,313.45166666666665,17,49,0.347,3,15,0.2,25,34,0.735,5,39,44,18,20,14,7,2,41,19,62,-38,184.8,0,0,169.0,1,2018-19,Sindarius Thornwell,4.9,101.2,96.9,96.9,101.6,97.7,97.7,-0.3,-0.8,-0.8,0.079,0.9,17.6,0.015,0.108,0.063,19.6,19.6,0.378,0.485,0.105,0.114,106.91,111.4,92.84,111.4,0.032,711,0.3,0.8
1627746,Skal Labissiere,Skal,1610612757,POR,23.0,22,12,10,0.545,176.47,26,49,0.531,6,13,0.462,9,17,0.529,9,34,43,11,11,5,6,3,29,12,67,-30,157.1,1,0,149.0,2,2018-19,Skal Labissiere,8.0,117.1,112.6,112.6,121.9,120.8,120.8,-4.8,-8.3,-8.3,0.078,1.0,13.9,0.051,0.185,0.12,13.9,14.0,0.592,0.593,0.154,0.161,107.43,110.02,91.69,110.02,0.064,406,1.2,2.2
203524,Solomon Hill,Solomon,1610612740,NOP,28.0,44,14,30,0.318,878.525,68,178,0.382,32,101,0.317,23,32,0.719,34,99,133,55,31,23,10,9,80,37,191,-127,501.1,0,0,477.0,1,2018-19,Solomon Hill,20.0,105.1,106.5,106.5,112.8,113.0,113.0,-7.8,-6.5,-6.5,0.08,1.77,19.7,0.036,0.102,0.069,11.1,11.1,0.472,0.497,0.104,0.105,105.4,104.6,87.17,104.6,0.042,1913,1.5,4.0
203915,Spencer Dinwiddie,Spencer,1610612751,BKN,26.0,68,36,32,0.529,1914.003333333333,366,828,0.442,124,370,0.335,287,356,0.806,26,140,166,311,152,40,17,36,187,284,1143,-84,1827.7,2,0,1858.0,1,2018-19,Spencer Dinwiddie,28.1,106.8,107.1,107.1,108.9,109.8,109.8,-2.2,-2.7,-2.7,0.272,2.05,21.6,0.013,0.069,0.041,10.6,10.5,0.517,0.58,0.242,0.251,102.92,102.33,85.28,102.33,0.11,4092,5.4,12.2
1626169,Stanley Johnson,Stanley,1610612740,NOP,23.0,66,28,38,0.424,1207.37,171,440,0.389,62,215,0.288,50,64,0.781,34,183,217,88,81,60,14,38,114,63,454,-199,987.4,0,0,969.0,2,2018-19,Stanley Johnson,18.3,95.6,95.5,95.5,103.7,103.4,103.4,-8.1,-7.9,-7.9,0.118,1.09,13.8,0.025,0.142,0.081,12.7,12.7,0.459,0.485,0.186,0.193,102.8,102.99,85.82,102.99,0.079,2593,2.6,6.7
201939,Stephen Curry,Stephen,1610612744,GSW,31.0,69,52,17,0.754,2331.1666666666665,632,1340,0.472,354,810,0.437,263,287,0.916,45,324,369,361,192,92,25,36,166,249,1881,689,3024.3,3,0,3199.0,1,2018-19,Stephen Curry,33.8,118.4,119.5,119.5,104.7,105.8,105.8,13.7,13.7,13.7,0.225,1.88,18.0,0.02,0.122,0.075,9.6,9.5,0.604,0.641,0.292,0.298,105.22,104.18,86.81,104.18,0.152,5058,9.2,19.4
1628425,Sterling Brown,Sterling,1610612749,MIL,24.0,58,45,13,0.776,1034.3633333333332,145,312,0.465,53,147,0.361,29,42,0.69,29,155,184,84,46,25,8,20,88,30,372,-1,771.8,0,0,759.0,1,2018-19,Sterling Brown,17.8,106.8,106.4,106.4,105.7,106.1,106.1,1.1,0.2,0.2,0.115,1.83,18.3,0.026,0.13,0.08,10.0,10.0,0.55,0.563,0.149,0.154,105.67,105.71,88.09,105.71,0.078,2275,2.5,5.4
203500,Steven Adams,Steven,1610612760,OKC,25.0,80,47,33,0.588,2669.258333333333,481,809,0.595,0,2,0.0,146,292,0.5,391,369,760,124,135,117,76,50,204,278,1108,389,2650.0,29,0,2378.0,1,2018-19,Steven Adams,33.4,110.6,112.6,112.6,104.9,105.9,105.9,5.7,6.7,6.7,0.063,0.92,10.3,0.129,0.133,0.131,11.2,11.3,0.595,0.591,0.16,0.161,106.31,104.85,87.37,104.85,0.103,5829,6.0,10.1
1629004,Svi Mykhailiuk,Svi,1610612765,DET,22.0,42,19,23,0.452,440.13,46,140,0.329,29,89,0.326,12,20,0.6,9,27,36,37,21,14,1,8,25,19,133,-7,255.7,0,0,265.0,2,2018-19,Svi Mykhailiuk,10.5,105.5,105.2,105.2,108.0,105.7,105.7,-2.5,-0.5,-0.5,0.11,1.76,17.9,0.019,0.055,0.038,10.1,10.2,0.432,0.447,0.157,0.161,103.45,104.7,87.25,104.7,0.039,959,1.1,3.3
1628388,T.J. Leaf,T.J.,1610612754,IND,22.0,58,35,23,0.603,521.5666666666667,99,183,0.541,8,31,0.258,19,31,0.613,43,82,125,24,12,9,19,9,35,25,225,44,483.0,1,0,438.0,1,2018-19,T.J. Leaf,9.0,107.0,105.1,105.1,103.1,101.5,101.5,3.9,3.6,3.6,0.063,2.0,10.3,0.077,0.145,0.111,5.2,5.2,0.563,0.572,0.158,0.167,104.01,105.74,88.12,105.74,0.111,1150,1.7,3.2
204456,T.J. McConnell,T.J.,1610612755,PHI,27.0,76,46,30,0.605,1470.285,220,419,0.525,14,42,0.333,29,37,0.784,28,146,174,258,91,79,17,19,105,44,483,-9,1275.8,0,0,1121.0,1,2018-19,T.J. McConnell,19.3,109.2,108.1,108.1,109.3,108.8,108.8,-0.1,-0.7,-0.7,0.249,2.84,32.9,0.018,0.094,0.057,11.6,11.6,0.542,0.555,0.148,0.153,102.23,103.02,85.85,103.02,0.097,3161,2.9,5.5
203933,T.J. Warren,T.J.,1610612756,PHX,25.0,43,10,33,0.233,1359.9983333333332,297,611,0.486,77,180,0.428,101,124,0.815,31,143,174,64,52,51,29,32,119,93,772,-225,1264.8,0,0,1247.0,1,2018-19,T.J. Warren,31.6,105.5,106.4,106.4,112.7,114.1,114.1,-7.2,-7.7,-7.7,0.073,1.23,8.2,0.022,0.108,0.064,6.7,6.7,0.549,0.58,0.221,0.226,102.93,101.86,84.88,101.86,0.099,2885,6.9,14.2
1628769,Tahjere McCall,Tahjere,1610612751,BKN,24.0,1,0,1,0.0,7.966666666666667,2,3,0.667,0,1,0.0,0,1,0.0,0,1,1,0,0,0,0,0,2,3,4,15,5.2,0,0,5.0,1,2018-19,Tahjere McCall,8.0,151.2,142.9,142.9,80.0,78.9,78.9,71.3,63.9,63.9,0.0,0.0,0.0,0.0,0.2,0.083,0.0,0.0,0.667,0.581,0.136,0.165,116.28,120.5,100.42,120.5,0.033,21,2.0,3.0
201959,Taj Gibson,Taj,1610612750,MIN,34.0,70,32,38,0.457,1686.35,304,537,0.566,11,34,0.324,134,177,0.757,172,286,458,84,73,53,39,54,186,156,753,-81,1631.6,13,0,1490.0,1,2018-19,Taj Gibson,24.1,108.6,109.5,109.5,109.7,111.6,111.6,-1.1,-2.1,-2.1,0.072,1.15,10.9,0.095,0.161,0.128,9.4,9.5,0.576,0.612,0.167,0.171,103.05,101.76,84.8,101.76,0.108,3572,4.3,7.7
1627752,Taurean Prince,Taurean,1610612737,ATL,25.0,55,19,36,0.345,1552.2916666666667,262,594,0.441,123,315,0.39,95,116,0.819,22,177,199,118,100,53,19,15,141,114,742,-243,1273.8,0,0,1326.0,1,2018-19,Taurean Prince,28.2,107.7,108.4,108.4,114.9,115.4,115.4,-7.2,-6.9,-6.9,0.107,1.18,13.8,0.013,0.11,0.06,11.7,11.6,0.545,0.575,0.19,0.195,106.87,106.26,88.55,106.26,0.075,3434,4.8,10.8
1628390,Terrance Ferguson,Terrance,1610612760,OKC,21.0,74,44,30,0.595,1931.0783333333331,185,431,0.429,106,290,0.366,37,51,0.725,33,108,141,72,47,40,16,13,231,60,513,141,911.2,0,0,944.0,1,2018-19,Terrance Ferguson,26.1,109.9,111.0,111.0,106.7,107.1,107.1,3.1,3.9,3.9,0.046,1.53,12.6,0.015,0.055,0.034,8.2,8.2,0.552,0.566,0.104,0.106,105.07,104.34,86.95,104.34,0.027,4187,2.5,5.8
203093,Terrence Jones,Terrence,1610612745,HOU,27.0,2,2,0,1.0,5.1,1,4,0.25,0,2,0.0,0,1,0.0,0,4,4,0,1,0,0,0,1,1,2,-12,5.8,0,0,6.0,1,2018-19,Terrence Jones,2.6,45.0,42.9,42.9,140.2,138.5,138.5,-95.1,-95.6,-95.6,0.0,0.0,0.0,0.0,0.571,0.25,20.0,18.4,0.25,0.225,0.333,0.38,123.11,127.06,105.88,127.06,0.0,14,0.5,2.0
203082,Terrence Ross,Terrence,1610612753,ORL,28.0,81,42,39,0.519,2150.0533333333333,440,1027,0.428,217,566,0.383,126,144,0.875,27,253,280,135,90,72,29,24,119,98,1223,5,1974.5,0,0,2057.0,1,2018-19,Terrence Ross,26.5,104.9,105.3,105.3,105.1,105.9,105.9,-0.3,-0.5,-0.5,0.103,1.5,10.4,0.012,0.113,0.062,6.9,6.8,0.534,0.561,0.23,0.238,100.44,99.9,83.25,99.9,0.11,4489,5.4,12.7
1626179,Terry Rozier,Terry,1610612738,BOS,25.0,79,47,32,0.595,1791.385,258,666,0.387,119,337,0.353,73,93,0.785,32,275,307,231,68,68,21,26,101,108,708,-39,1621.9,1,0,1543.0,1,2018-19,Terry Rozier,22.7,105.0,104.8,104.8,105.2,105.9,105.9,-0.2,-1.1,-1.1,0.193,3.4,23.0,0.016,0.145,0.08,6.8,6.8,0.477,0.501,0.181,0.187,101.18,100.91,84.09,100.91,0.103,3767,3.3,8.4
200757,Thabo Sefolosha,Thabo,1610612762,UTA,35.0,50,28,22,0.56,608.6566666666666,71,149,0.477,34,78,0.436,14,22,0.636,8,115,123,27,25,43,5,4,41,17,190,123,497.1,1,0,470.0,1,2018-19,Thabo Sefolosha,12.2,109.7,108.3,108.3,98.6,99.5,99.5,11.1,8.8,8.8,0.059,1.08,12.7,0.014,0.181,0.102,11.8,11.9,0.591,0.599,0.129,0.133,101.55,101.69,84.74,101.69,0.098,1294,1.4,3.0
201152,Thaddeus Young,Thaddeus,1610612754,IND,31.0,81,47,34,0.58,2488.838333333333,443,841,0.527,51,146,0.349,87,135,0.644,192,331,523,204,123,123,36,51,194,177,1024,134,2311.6,10,0,2120.0,1,2018-19,Thaddeus Young,30.7,108.0,109.0,109.0,105.4,106.5,106.5,2.6,2.5,2.5,0.12,1.66,16.7,0.078,0.132,0.105,10.0,10.0,0.557,0.569,0.179,0.183,99.07,98.14,81.78,98.14,0.104,5092,5.5,10.4
1629033,Theo Pinson,Theo,1610612751,BKN,23.0,18,7,11,0.389,211.3733333333333,25,73,0.342,12,46,0.261,19,22,0.864,4,32,36,21,18,6,0,4,15,15,81,-1,155.7,0,0,162.0,1,2018-19,Theo Pinson,11.7,93.5,93.6,93.6,94.3,94.3,94.3,-0.8,-0.6,-0.6,0.167,1.17,17.1,0.015,0.126,0.07,14.6,14.8,0.425,0.49,0.191,0.196,103.4,103.32,86.1,103.32,0.083,456,1.4,4.1
1628418,Thomas Bryant,Thomas,1610612764,WAS,21.0,72,29,43,0.403,1496.3433333333332,309,502,0.616,33,99,0.333,107,137,0.781,113,341,454,92,60,25,67,31,126,130,758,-107,1656.8,14,0,1521.0,1,2018-19,Thomas Bryant,20.8,108.6,109.0,109.0,112.1,112.6,112.6,-3.5,-3.6,-3.6,0.09,1.53,13.0,0.072,0.219,0.145,8.5,8.4,0.648,0.674,0.17,0.176,103.66,103.28,86.06,103.28,0.135,3224,4.3,7.0
1629118,Thomas Welsh,Thomas,1610612743,DEN,23.0,11,8,3,0.727,36.306666666666665,7,13,0.538,3,7,0.429,1,2,0.5,0,4,4,5,1,0,0,0,3,2,18,2,29.3,0,0,30.0,1,2018-19,Thomas Welsh,3.3,109.9,100.0,100.0,103.3,97.7,97.7,6.6,2.3,2.3,0.2,5.0,25.0,0.0,0.114,0.047,5.0,5.0,0.654,0.648,0.153,0.165,106.74,115.02,95.85,115.02,0.106,87,0.6,1.2
1627748,Thon Maker,Thon,1610612765,DET,22.0,64,44,20,0.688,972.3016666666666,109,268,0.407,49,153,0.32,56,84,0.667,41,161,202,45,33,21,51,13,105,73,323,-4,815.9,0,0,763.0,2,2018-19,Thon Maker,15.2,104.9,104.3,104.3,103.0,103.4,103.4,1.9,0.9,0.9,0.066,1.36,11.7,0.039,0.149,0.095,8.5,8.6,0.498,0.53,0.148,0.152,101.06,101.1,84.25,101.1,0.074,2037,1.7,4.2
204025,Tim Frazier,Tim,1610612749,MIL,28.0,59,27,32,0.458,1119.6633333333334,116,261,0.444,37,101,0.366,41,54,0.759,41,127,168,248,76,30,5,12,112,74,310,-67,912.6,4,0,833.0,2,2018-19,Tim Frazier,19.0,107.7,107.9,107.9,111.0,110.6,110.6,-3.2,-2.7,-2.7,0.286,3.26,40.7,0.035,0.106,0.071,12.5,12.5,0.515,0.544,0.132,0.134,104.49,104.6,87.17,104.6,0.081,2440,2.0,4.4
203501,Tim Hardaway Jr.,Tim,1610612742,DAL,27.0,65,14,51,0.215,2056.6066666666666,390,993,0.393,162,477,0.34,232,276,0.841,33,189,222,159,105,54,8,54,141,244,1174,-401,1759.9,2,0,1841.0,2,2018-19,Tim Hardaway Jr.,31.6,104.1,105.4,105.4,113.2,114.5,114.5,-9.2,-9.1,-9.1,0.125,1.51,11.7,0.015,0.09,0.051,7.7,7.6,0.474,0.527,0.246,0.253,102.23,101.0,84.17,101.0,0.085,4324,6.0,15.3
1627789,Timothe Luwawu-Cabarrot,Timothe,1610612741,CHI,24.0,50,25,25,0.5,669.29,82,218,0.376,36,116,0.31,31,41,0.756,11,86,97,26,21,19,8,18,73,36,231,-209,446.4,1,0,444.0,2,2018-19,Timothe Luwawu-Cabarrot,13.4,98.4,98.5,98.5,113.8,112.9,112.9,-15.4,-14.4,-14.4,0.057,1.24,9.3,0.015,0.125,0.067,7.5,7.4,0.459,0.489,0.156,0.162,103.01,103.35,86.12,103.35,0.049,1440,1.6,4.4
202699,Tobias Harris,Tobias,1610612755,PHI,26.0,82,46,36,0.561,2847.82,611,1254,0.487,156,393,0.397,266,307,0.866,69,576,645,229,151,51,37,59,184,212,1644,17,2874.5,15,0,2850.0,2,2018-19,Tobias Harris,34.7,109.9,110.9,110.9,109.8,110.5,110.5,0.1,0.4,0.4,0.126,1.52,13.0,0.024,0.188,0.108,8.6,8.5,0.549,0.592,0.225,0.23,102.81,102.03,85.03,102.03,0.131,6050,7.5,15.3
203107,Tomas Satoransky,Tomas,1610612764,WAS,27.0,80,32,48,0.4,2163.5666666666666,257,530,0.485,64,162,0.395,131,160,0.819,82,197,279,399,120,82,13,24,172,154,709,-54,1807.3,7,1,1641.0,1,2018-19,Tomas Satoransky,27.0,109.3,110.1,110.1,110.5,110.5,110.5,-1.2,-0.4,-0.4,0.248,3.33,35.6,0.036,0.09,0.063,10.7,10.7,0.545,0.59,0.139,0.141,102.74,102.35,85.29,102.35,0.092,4598,3.2,6.6
1628396,Tony Bradley,Tony,1610612762,UTA,21.0,3,2,1,0.667,35.9,8,16,0.5,0,0,0.0,1,2,0.5,9,6,15,1,3,2,2,0,6,2,17,-18,45.5,1,0,41.0,1,2018-19,Tony Bradley,12.0,106.7,107.3,107.3,128.6,126.2,126.2,-21.9,-18.9,-18.9,0.042,0.33,4.8,0.196,0.188,0.192,14.3,14.4,0.5,0.504,0.2,0.204,110.25,110.97,92.48,110.97,0.085,82,2.7,5.3
2225,Tony Parker,Tony,1610612766,CHA,37.0,56,30,26,0.536,1002.8016666666666,213,463,0.46,13,51,0.255,91,124,0.734,14,69,83,207,75,21,7,40,53,93,530,19,949.1,1,0,889.0,1,2018-19,Tony Parker,17.9,107.1,107.4,107.4,107.4,107.5,107.5,-0.3,-0.1,-0.1,0.331,2.76,25.9,0.013,0.067,0.04,9.4,9.4,0.474,0.512,0.247,0.254,101.74,101.52,84.6,101.52,0.109,2131,3.8,8.3
203503,Tony Snell,Tony,1610612749,MIL,27.0,74,55,19,0.743,1303.915,163,361,0.452,81,204,0.397,37,42,0.881,29,128,157,68,23,26,18,9,90,32,444,172,843.4,0,0,838.0,1,2018-19,Tony Snell,17.6,110.5,110.0,110.0,103.5,103.4,103.4,7.0,6.6,6.6,0.069,2.96,14.6,0.021,0.086,0.055,4.9,4.9,0.564,0.585,0.127,0.131,104.45,104.71,87.26,104.71,0.069,2837,2.2,4.9
1628470,Torrey Craig,Torrey,1610612743,DEN,28.0,75,50,25,0.667,1503.015,160,362,0.442,61,188,0.324,49,70,0.7,89,174,263,72,44,37,46,15,175,61,430,72,1058.6,2,0,992.0,1,2018-19,Torrey Craig,20.0,110.9,112.0,112.0,108.8,108.7,108.7,2.1,3.3,3.3,0.062,1.64,14.2,0.057,0.112,0.084,8.7,8.6,0.526,0.547,0.121,0.124,99.52,99.05,82.54,99.05,0.055,3088,2.1,4.8
1629027,Trae Young,Trae,1610612737,ATL,20.0,81,29,52,0.358,2503.2816666666668,525,1256,0.418,156,482,0.324,343,414,0.829,64,237,301,653,308,72,15,98,140,431,1549,-335,2842.7,30,1,2833.0,1,2018-19,Trae Young,30.9,107.5,108.5,108.5,113.9,114.8,114.8,-6.4,-6.3,-6.3,0.39,2.12,27.3,0.024,0.091,0.057,12.9,12.8,0.48,0.539,0.277,0.283,106.67,105.78,88.15,105.78,0.119,5522,6.5,15.5
1626203,Treveon Graham,Treveon,1610612751,BKN,25.0,35,19,16,0.543,715.3616666666667,64,191,0.335,38,128,0.297,18,22,0.818,23,84,107,34,17,13,7,8,68,39,184,29,406.4,0,0,403.0,1,2018-19,Treveon Graham,20.4,108.0,109.5,109.5,106.2,107.1,107.1,1.8,2.3,2.3,0.062,2.0,13.5,0.028,0.107,0.067,6.7,6.8,0.435,0.458,0.123,0.125,105.72,104.57,87.14,104.57,0.038,1555,1.8,5.5
1628979,Trevon Duval,Trevon,1610612745,HOU,20.0,3,2,1,0.667,5.6033333333333335,2,3,0.667,1,1,1.0,0,0,0.0,0,1,1,2,0,0,0,0,0,0,5,2,9.2,0,0,9.0,1,2018-19,Trevon Duval,1.9,128.7,107.7,107.7,109.1,100.0,100.0,19.6,7.7,7.7,0.667,0.0,40.0,0.0,0.2,0.125,0.0,0.0,0.833,0.833,0.231,0.276,93.72,107.08,89.23,107.08,0.222,13,0.7,1.0
2772,Trevor Ariza,Trevor,1610612764,WAS,33.0,69,22,47,0.319,2348.866666666667,294,736,0.399,145,434,0.334,130,164,0.793,50,321,371,252,106,91,21,33,130,149,863,-332,1916.2,5,0,1855.0,2,2018-19,Trevor Ariza,34.0,106.2,107.6,107.6,113.3,114.4,114.4,-7.1,-6.8,-6.8,0.149,2.38,21.8,0.021,0.139,0.079,9.2,9.1,0.498,0.534,0.164,0.168,102.88,101.73,84.77,101.73,0.085,4981,4.3,10.7
203504,Trey Burke,Trey,1610612742,DAL,26.0,58,16,42,0.276,1124.595,236,548,0.431,56,159,0.352,103,124,0.831,28,71,99,159,49,33,7,39,58,96,631,-35,1059.3,1,0,1025.0,2,2018-19,Trey Burke,19.4,106.1,107.0,107.0,108.2,108.4,108.4,-2.1,-1.5,-1.5,0.229,3.24,19.7,0.023,0.059,0.041,6.1,6.0,0.482,0.524,0.242,0.249,101.7,101.16,84.3,101.16,0.108,2370,4.1,9.4
1626168,Trey Lyles,Trey,1610612743,DEN,23.0,64,42,22,0.656,1119.695,207,495,0.418,51,200,0.255,81,116,0.698,44,202,246,87,68,30,23,24,93,97,546,4,1062.7,0,0,1036.0,1,2018-19,Trey Lyles,17.5,105.2,105.7,105.7,106.4,105.7,105.7,-1.1,0.0,0.0,0.116,1.28,12.4,0.036,0.172,0.103,9.7,9.7,0.47,0.5,0.229,0.236,100.76,100.85,84.04,100.85,0.094,2354,3.2,7.7
202684,Tristan Thompson,Tristan,1610612739,CLE,28.0,43,8,35,0.186,1197.6883333333333,201,380,0.529,0,0,0.0,68,106,0.642,173,265,438,86,59,28,16,36,89,122,470,-302,1197.6,19,0,1082.0,1,2018-19,Tristan Thompson,27.9,105.1,106.5,106.5,117.4,118.8,118.8,-12.3,-12.3,-12.3,0.11,1.46,15.0,0.137,0.237,0.184,10.3,10.3,0.529,0.551,0.175,0.177,98.29,97.05,80.87,97.05,0.121,2420,4.7,8.8
1628972,Troy Brown Jr.,Troy,1610612764,WAS,19.0,52,20,32,0.385,729.7366666666667,97,234,0.415,22,69,0.319,32,47,0.681,35,110,145,80,30,21,5,26,56,41,248,-1,590.0,0,0,547.0,1,2018-19,Troy Brown Jr.,14.0,110.6,110.0,110.0,110.8,110.3,110.3,-0.2,-0.3,-0.3,0.147,2.67,22.0,0.045,0.149,0.095,8.2,8.2,0.462,0.487,0.158,0.164,102.53,103.04,85.87,103.04,0.077,1568,1.9,4.5
1628505,Troy Caupain,Troy,1610612753,ORL,23.0,4,3,1,0.75,15.633333333333333,4,8,0.5,2,3,0.667,0,0,0.0,1,2,3,4,0,1,0,0,0,0,10,8,22.6,0,0,21.0,1,2018-19,Troy Caupain,3.9,133.5,125.0,125.0,108.8,100.0,100.0,24.7,25.0,25.0,0.4,0.0,33.3,0.071,0.154,0.111,0.0,0.0,0.625,0.625,0.216,0.229,91.13,98.25,81.88,98.25,0.218,32,1.0,2.0
203584,Troy Daniels,Troy,1610612756,PHX,27.0,51,13,38,0.255,759.73,113,275,0.411,74,194,0.381,18,23,0.783,13,60,73,26,27,26,5,6,79,31,318,-113,510.6,0,0,553.0,1,2018-19,Troy Daniels,14.9,104.0,104.4,104.4,111.5,110.8,110.8,-7.5,-6.4,-6.4,0.052,0.96,7.8,0.016,0.079,0.047,8.1,8.0,0.545,0.558,0.171,0.176,102.41,102.54,85.45,102.54,0.056,1619,2.2,5.4
1627786,Troy Williams,Troy,1610612758,SAC,24.0,21,7,14,0.333,311.9716666666667,44,98,0.449,14,44,0.318,9,15,0.6,12,47,59,11,9,10,8,6,37,13,111,-67,243.3,0,0,231.0,1,2018-19,Troy Williams,14.9,100.4,100.1,100.1,109.2,109.6,109.6,-8.9,-9.5,-9.5,0.051,1.22,8.8,0.034,0.144,0.086,7.2,7.2,0.52,0.531,0.144,0.146,108.85,108.78,90.65,108.78,0.069,707,2.1,4.7
1628463,Tyler Cavanaugh,Tyler,1610612762,UTA,25.0,11,7,4,0.636,39.498333333333335,3,10,0.3,1,5,0.2,2,2,1.0,3,5,8,1,1,0,0,0,3,1,9,-37,19.1,0,0,19.0,1,2018-19,Tyler Cavanaugh,3.6,90.7,83.5,83.5,127.8,124.2,124.2,-37.1,-40.7,-40.7,0.043,1.0,7.7,0.065,0.128,0.094,7.7,7.8,0.35,0.414,0.118,0.128,104.66,110.59,92.16,110.59,0.034,91,0.3,0.9
1629093,Tyler Davis,Tyler,1610612760,OKC,22.0,1,1,0,1.0,0.9116666666666666,0,1,0.0,0,0,0.0,0,0,0.0,1,0,1,0,0,0,0,0,0,0,0,0,1.2,0,0,1.0,1,2018-19,Tyler Davis,0.9,0.0,0.0,0.0,0.0,0.0,0.0,0.0,0.0,0.0,0.0,0.0,0.0,0.5,0.0,0.333,0.0,0.0,0.0,0.0,0.333,0.5,52.65,78.98,65.81,78.98,1.0,2,0.0,1.0
1628416,Tyler Dorsey,Tyler,1610612763,MEM,23.0,48,11,37,0.229,697.8533333333334,107,264,0.405,44,132,0.333,38,61,0.623,27,86,113,56,27,14,2,19,53,50,296,-35,536.6,0,0,541.0,2,2018-19,Tyler Dorsey,14.5,106.2,106.4,106.4,108.7,108.4,108.4,-2.5,-2.0,-2.0,0.118,2.07,15.1,0.036,0.118,0.076,7.3,7.2,0.489,0.509,0.182,0.189,104.3,104.34,86.95,104.34,0.072,1515,2.2,5.5
204020,Tyler Johnson,Tyler,1610612756,PHX,27.0,57,26,31,0.456,1529.075,217,526,0.413,90,260,0.346,95,127,0.748,34,139,173,166,77,54,27,29,97,113,619,-127,1241.6,0,0,1210.0,2,2018-19,Tyler Johnson,26.8,103.6,104.4,104.4,108.1,108.5,108.5,-4.5,-4.0,-4.0,0.165,2.16,20.1,0.021,0.087,0.053,9.3,9.3,0.498,0.532,0.18,0.184,101.59,101.05,84.21,101.05,0.085,3220,3.8,9.2
1628399,Tyler Lydon,Tyler,1610612743,DEN,23.0,25,20,5,0.8,93.53666666666666,9,18,0.5,4,10,0.4,1,3,0.333,7,11,18,6,4,2,0,3,10,3,23,-11,55.6,0,0,55.0,1,2018-19,Tyler Lydon,3.7,103.5,97.6,97.6,109.5,105.9,105.9,-6.0,-8.3,-8.3,0.087,1.5,20.7,0.062,0.133,0.092,13.8,13.6,0.611,0.595,0.097,0.105,100.48,105.2,87.67,105.2,0.057,208,0.4,0.7
1627755,Tyler Ulis,Tyler,1610612741,CHI,23.0,1,0,1,0.0,0.8283333333333334,0,0,0.0,0,0,0.0,0,0,0.0,0,0,0,0,0,0,0,0,0,0,0,0,0.0,0,0,0.0,1,2018-19,Tyler Ulis,0.8,0.0,0.0,0.0,0.0,0.0,0.0,0.0,0.0,0.0,0.0,0.0,0.0,0.0,0.0,0.0,0.0,0.0,0.0,0.0,0.0,0.0,57.95,86.92,72.43,86.92,0.0,1,0.0,0.0
203092,Tyler Zeller,Tyler,1610612763,MEM,29.0,6,3,3,0.5,92.84666666666666,16,30,0.533,0,1,0.0,14,18,0.778,11,13,24,4,4,1,3,1,20,11,46,12,88.8,0,0,82.0,2,2018-19,Tyler Zeller,15.5,113.5,112.9,112.9,106.0,106.2,106.2,7.5,6.7,6.7,0.069,1.0,8.5,0.105,0.123,0.114,8.5,8.7,0.533,0.607,0.191,0.192,100.34,100.55,83.79,100.55,0.081,194,2.7,5.0
201936,Tyreke Evans,Tyreke,1610612754,IND,29.0,69,41,28,0.594,1401.9833333333331,257,660,0.389,77,216,0.356,115,160,0.719,33,168,201,166,118,58,18,53,117,130,706,64,1306.2,1,0,1302.0,1,2018-19,Tyreke Evans,20.3,106.2,105.9,105.9,102.6,103.9,103.9,3.6,1.9,1.9,0.176,1.41,16.3,0.023,0.114,0.069,11.6,11.6,0.448,0.483,0.255,0.263,100.96,100.43,83.7,100.43,0.082,2937,3.7,9.6
1627820,Tyrone Wallace,Tyrone,1610612746,LAC,25.0,62,34,28,0.548,627.7183333333334,92,217,0.424,4,19,0.211,30,57,0.526,20,81,101,42,36,21,7,32,83,48,218,56,450.2,0,0,421.0,1,2018-19,Tyrone Wallace,10.1,108.5,108.0,108.0,104.6,104.2,104.2,3.9,3.7,3.7,0.09,1.17,13.1,0.03,0.111,0.072,11.2,11.2,0.433,0.45,0.174,0.18,107.66,108.09,90.07,108.09,0.043,1415,1.5,3.5
2199,Tyson Chandler,Tyson,1610612747,LAL,36.0,55,26,29,0.473,874.7566666666667,61,99,0.616,0,1,0.0,51,87,0.586,92,215,307,37,42,21,23,6,110,72,173,-36,686.9,3,0,605.0,2,2018-19,Tyson Chandler,15.9,102.1,102.5,102.5,103.9,104.4,104.4,-1.8,-1.9,-1.9,0.057,0.88,16.8,0.094,0.213,0.154,19.1,19.4,0.616,0.63,0.084,0.085,105.67,105.25,87.7,105.25,0.085,1918,1.1,1.8
1626145,Tyus Jones,Tyus,1610612750,MIN,23.0,68,29,39,0.426,1560.4233333333334,185,446,0.415,40,126,0.317,58,69,0.841,23,111,134,327,47,81,5,21,78,76,468,-2,1330.3,5,0,1141.0,1,2018-19,Tyus Jones,22.9,108.0,108.4,108.4,108.7,108.7,108.7,-0.7,-0.3,-0.3,0.284,6.96,38.6,0.014,0.069,0.041,5.5,5.5,0.46,0.491,0.139,0.143,102.68,102.43,85.36,102.43,0.095,3334,2.7,6.6
2617,Udonis Haslem,Udonis,1610612748,MIA,39.0,10,8,2,0.8,74.5,11,33,0.333,0,12,0.0,3,4,0.75,3,24,27,2,3,0,0,1,9,7,25,-32,57.4,1,0,54.0,1,2018-19,Udonis Haslem,7.5,84.2,82.4,82.4,102.3,103.6,103.6,-18.1,-21.3,-21.3,0.048,0.67,5.0,0.031,0.24,0.136,7.5,7.5,0.333,0.36,0.196,0.207,107.75,108.24,90.2,108.24,0.067,170,1.1,3.3
203506,Victor Oladipo,Victor,1610612754,IND,27.0,36,25,11,0.694,1146.6733333333334,249,588,0.423,74,216,0.343,103,141,0.73,21,181,202,186,82,60,11,50,72,130,675,127,1327.4,5,0,1279.0,1,2018-19,Victor Oladipo,31.9,108.3,110.1,110.1,103.1,104.6,104.6,5.1,5.6,5.6,0.25,2.27,20.3,0.018,0.154,0.087,8.9,8.9,0.486,0.519,0.278,0.282,99.78,98.25,81.87,98.25,0.13,2345,6.9,16.3
1713,Vince Carter,Vince,1610612737,ATL,42.0,76,25,51,0.329,1330.3566666666666,196,468,0.419,123,316,0.389,47,66,0.712,31,163,194,87,48,44,27,9,141,83,562,-179,1090.3,0,0,1108.0,1,2018-19,Vince Carter,17.5,102.2,101.8,101.8,107.8,108.0,108.0,-5.5,-6.3,-6.3,0.097,1.81,13.8,0.021,0.114,0.066,7.6,7.6,0.55,0.565,0.164,0.169,106.81,106.92,89.1,106.92,0.079,2967,2.6,6.2
1629053,Vincent Edwards,Vincent,1610612745,HOU,23.0,2,1,1,0.5,15.716666666666669,1,4,0.25,1,4,0.25,0,0,0.0,1,1,2,0,0,0,0,0,0,1,3,-2,5.4,0,0,6.0,1,2018-19,Vincent Edwards,7.9,109.6,109.1,109.1,117.3,115.2,115.2,-7.7,-6.1,-6.1,0.0,0.0,0.0,0.059,0.059,0.059,0.0,0.0,0.375,0.375,0.111,0.112,99.62,100.78,83.99,100.78,0.023,33,0.5,2.0
1627735,Wade Baldwin IV,Wade,1610612757,POR,23.0,16,10,6,0.625,93.65333333333334,10,33,0.303,2,9,0.222,8,11,0.727,2,13,15,12,14,1,2,5,11,9,30,-66,61.0,0,0,65.0,1,2018-19,Wade Baldwin IV,5.9,82.7,81.7,81.7,117.1,118.5,118.5,-34.3,-36.8,-36.8,0.24,0.86,18.8,0.018,0.123,0.068,21.9,21.9,0.333,0.396,0.227,0.238,101.65,101.74,84.78,101.74,0.021,202,0.6,2.1
1627215,Walt Lemon Jr.,Walt,1610612741,CHI,26.0,6,1,5,0.167,167.15,38,87,0.437,2,5,0.4,8,11,0.727,4,23,27,30,10,11,1,12,14,11,86,-23,189.4,0,0,169.0,1,2018-19,Walt Lemon Jr.,27.9,102.7,103.4,103.4,110.6,111.2,111.2,-8.0,-7.8,-7.8,0.283,3.0,22.9,0.021,0.136,0.076,7.6,7.6,0.448,0.468,0.253,0.262,100.87,100.22,83.52,100.22,0.109,351,6.3,14.5
201961,Wayne Ellington,Wayne,1610612765,DET,31.0,53,26,27,0.491,1296.8483333333334,184,457,0.403,138,372,0.371,39,49,0.796,14,93,107,72,40,54,6,10,92,39,545,-13,921.4,0,0,982.0,2,2018-19,Wayne Ellington,24.5,105.5,106.7,106.7,106.6,107.2,107.2,-1.1,-0.5,-0.5,0.086,1.8,12.3,0.01,0.073,0.039,6.8,6.8,0.554,0.569,0.167,0.171,99.28,98.47,82.06,98.47,0.075,2661,3.5,8.6
1627782,Wayne Selden,Wayne,1610612741,CHI,24.0,75,27,48,0.36,1438.58,196,483,0.406,55,174,0.316,67,92,0.728,37,143,180,109,79,33,13,31,131,81,514,-291,952.5,1,0,950.0,2,2018-19,Wayne Selden,19.2,102.7,102.6,102.6,112.0,112.1,112.1,-9.3,-9.6,-9.6,0.112,1.38,15.4,0.024,0.098,0.06,11.1,11.1,0.463,0.491,0.178,0.183,100.86,100.83,84.03,100.83,0.054,3021,2.6,6.4
1628976,Wendell Carter Jr.,Wendell,1610612741,CHI,20.0,44,10,34,0.227,1109.8,180,371,0.485,6,32,0.188,89,112,0.795,87,220,307,78,65,26,58,28,152,107,455,-292,1127.4,7,0,1014.0,1,2018-19,Wendell Carter Jr.,25.2,95.9,97.8,97.8,109.2,109.5,109.5,-13.3,-11.7,-11.7,0.118,1.2,13.9,0.075,0.198,0.136,11.5,11.5,0.493,0.541,0.192,0.194,100.31,99.17,82.65,99.17,0.1,2282,4.1,8.4
1628411,Wes Iwundu,Wes,1610612753,ORL,24.0,68,36,32,0.529,1233.2,113,274,0.412,29,79,0.367,84,103,0.816,37,147,184,73,44,28,22,25,123,76,339,34,775.3,0,0,725.0,1,2018-19,Wes Iwundu,18.1,104.8,104.9,104.9,103.2,103.1,103.1,1.6,1.7,1.7,0.08,1.66,16.7,0.027,0.108,0.068,10.0,10.1,0.465,0.531,0.125,0.127,101.36,101.34,84.45,101.34,0.056,2598,1.7,4.0
202325,Wesley Johnson,Wesley,1610612764,WAS,31.0,38,17,21,0.447,533.9583333333334,45,128,0.352,25,76,0.329,13,19,0.684,12,60,72,23,18,14,12,0,63,15,128,-92,308.9,0,0,300.0,2,2018-19,Wesley Johnson,14.1,103.8,104.6,104.6,111.7,111.9,111.9,-7.9,-7.3,-7.3,0.054,1.28,13.1,0.02,0.104,0.062,10.2,10.1,0.449,0.469,0.115,0.12,105.36,104.91,87.42,104.91,0.029,1164,1.2,3.4
202083,Wesley Matthews,Wesley,1610612754,IND,32.0,69,27,42,0.391,2091.023333333333,279,698,0.4,150,403,0.372,132,163,0.81,32,138,170,160,91,54,17,30,160,158,840,-90,1406.0,0,0,1462.0,3,2018-19,Wesley Matthews,30.3,106.4,107.4,107.4,109.0,109.4,109.4,-2.6,-2.0,-2.0,0.113,1.76,15.7,0.015,0.063,0.039,8.9,8.9,0.507,0.546,0.175,0.179,101.3,100.62,83.85,100.62,0.062,4383,4.0,10.1
203115,Will Barton,Will,1610612743,DEN,28.0,43,27,16,0.628,1188.9783333333332,185,460,0.402,67,196,0.342,57,74,0.77,32,167,199,124,65,18,22,20,82,60,494,7,973.8,1,0,964.0,1,2018-19,Will Barton,27.7,108.3,109.7,109.7,108.3,109.1,109.1,-0.1,0.6,0.6,0.146,1.91,18.3,0.026,0.137,0.081,9.6,9.5,0.475,0.501,0.195,0.2,101.15,100.16,83.47,100.16,0.08,2477,4.3,10.7
1626161,Willie Cauley-Stein,Willie,1610612758,SAC,25.0,81,39,42,0.481,2212.5466666666666,412,741,0.556,1,2,0.5,140,254,0.551,181,497,678,194,84,96,51,74,227,216,965,54,2426.6,22,0,2132.0,1,2018-19,Willie Cauley-Stein,27.3,109.1,110.0,110.0,107.7,108.7,108.7,1.4,1.2,1.2,0.121,2.31,17.2,0.074,0.213,0.142,7.4,7.4,0.557,0.566,0.173,0.175,105.5,104.58,87.15,104.58,0.118,4818,5.1,9.1
1626195,Willy Hernangomez,Willy,1610612766,CHA,25.0,58,31,27,0.534,811.8533333333334,153,295,0.519,15,39,0.385,100,144,0.694,117,194,311,60,58,16,20,31,98,110,421,-94,934.2,4,0,879.0,1,2018-19,Willy Hernangomez,14.0,107.6,109.2,109.2,114.3,115.3,115.3,-6.7,-6.2,-6.2,0.112,1.03,12.7,0.13,0.24,0.182,12.2,12.2,0.544,0.587,0.206,0.211,104.03,102.82,85.68,102.82,0.118,1745,2.6,5.1
201163,Wilson Chandler,Wilson,1610612746,LAC,32.0,51,35,16,0.686,1176.3283333333334,114,273,0.418,59,158,0.373,18,25,0.72,48,167,215,82,46,25,21,7,123,28,305,107,778.0,0,0,753.0,2,2018-19,Wilson Chandler,23.1,112.9,112.7,112.7,108.8,108.5,108.5,4.1,4.2,4.2,0.089,1.78,19.9,0.041,0.132,0.089,11.2,11.2,0.526,0.537,0.115,0.118,103.14,103.4,86.17,103.4,0.056,2534,2.2,5.4
1628999,Yante Maten,Yante,1610612748,MIA,22.0,2,1,1,0.5,13.033333333333331,1,4,0.25,0,1,0.0,0,0,0.0,1,2,3,0,0,1,0,0,0,1,2,4,8.6,0,0,7.0,1,2018-19,Yante Maten,6.5,92.1,100.0,100.0,88.5,85.2,85.2,3.6,14.8,14.8,0.0,0.0,0.0,0.071,0.095,0.086,0.0,0.0,0.25,0.25,0.133,0.132,101.87,99.44,82.86,99.44,0.063,27,0.5,2.0
1627812,Yogi Ferrell,Yogi,1610612758,SAC,26.0,71,33,38,0.465,1066.6483333333333,153,352,0.435,54,149,0.362,60,67,0.896,13,96,109,137,40,36,4,20,64,89,420,-55,836.3,0,0,800.0,1,2018-19,Yogi Ferrell,15.0,107.7,106.4,106.4,109.0,108.9,108.9,-1.4,-2.6,-2.6,0.176,3.43,24.7,0.011,0.085,0.048,7.2,7.2,0.511,0.55,0.16,0.167,103.23,103.91,86.59,103.91,0.092,2311,2.2,5.0
1629139,Yuta Watanabe,Yuta,1610612763,MEM,24.0,15,5,10,0.333,174.35,15,51,0.294,2,16,0.125,7,10,0.7,4,27,31,8,6,4,1,1,11,6,39,20,97.2,0,0,90.0,1,2018-19,Yuta Watanabe,11.6,109.8,108.5,108.5,103.5,103.0,103.0,6.3,5.5,5.5,0.063,1.33,11.4,0.022,0.152,0.086,8.6,8.6,0.314,0.352,0.148,0.152,99.9,100.76,83.97,100.76,0.036,366,1.0,3.4
1628380,Zach Collins,Zach,1610612757,POR,21.0,77,51,26,0.662,1355.736666666667,189,400,0.473,40,121,0.331,94,126,0.746,109,215,324,71,77,25,66,29,174,126,512,-11,1203.3,0,0,1129.0,1,2018-19,Zach Collins,17.6,107.3,107.9,107.9,108.4,107.8,107.8,-1.2,0.1,0.1,0.076,0.92,11.8,0.078,0.144,0.112,12.8,12.8,0.523,0.562,0.166,0.171,100.12,100.09,83.41,100.09,0.08,2821,2.5,5.2
203897,Zach LaVine,Zach,1610612741,CHI,24.0,63,16,47,0.254,2170.855,530,1135,0.467,120,321,0.374,312,375,0.832,40,254,294,283,215,60,26,99,140,260,1492,-301,2312.3,2,0,2361.0,1,2018-19,Zach LaVine,34.5,103.5,105.8,105.8,111.2,112.4,112.4,-7.7,-6.5,-6.5,0.224,1.32,15.9,0.018,0.113,0.066,12.0,12.0,0.52,0.574,0.298,0.303,101.59,99.98,83.31,99.98,0.125,4519,8.4,18.0
1629155,Zach Lofton,Zach,1610612765,DET,26.0,1,1,0,1.0,3.75,0,1,0.0,0,1,0.0,0,0,0.0,0,0,0,0,1,1,0,0,0,0,0,0,2.0,0,0,2.0,1,2018-19,Zach Lofton,3.8,107.5,100.0,100.0,94.8,100.0,100.0,12.7,0.0,0.0,0.0,0.0,0.0,0.0,0.0,0.0,50.0,50.0,0.0,0.0,0.25,0.269,101.63,102.4,85.33,102.4,-0.056,8,0.0,1.0
2585,Zaza Pachulia,Zaza,1610612765,DET,35.0,68,35,33,0.515,878.165,85,193,0.44,0,4,0.0,97,124,0.782,99,166,265,91,57,31,17,17,151,138,267,-97,808.5,0,0,719.0,1,2018-19,Zaza Pachulia,12.9,100.9,100.8,100.8,105.8,105.3,105.3,-4.9,-4.6,-4.6,0.161,1.6,22.9,0.101,0.184,0.141,14.4,14.4,0.44,0.539,0.147,0.15,99.62,99.89,83.24,99.89,0.088,1821,1.3,2.8
1629015,Zhaire Smith,Zhaire,1610612755,PHI,20.0,6,2,4,0.333,110.61666666666666,14,34,0.412,6,16,0.375,6,8,0.75,3,10,13,10,6,2,2,3,8,4,40,14,76.6,0,0,77.0,1,2018-19,Zhaire Smith,18.4,117.3,118.1,118.1,110.1,110.8,110.8,7.2,7.3,7.3,0.101,1.67,18.5,0.028,0.087,0.058,11.1,11.2,0.5,0.533,0.166,0.169,104.2,103.49,86.24,103.49,0.054,237,2.3,5.7
1627753,Zhou Qi,hou Qi,1610612745,HOU,23.0,1,0,1,0.0,0.955,1,1,1.0,0,0,0.0,0,0,0.0,0,0,0,0,0,0,0,0,0,0,2,-2,2.0,0,0,2.0,1,2018-19,Zhou Qi,1.0,100.0,66.7,66.7,138.9,133.3,133.3,-38.9,-66.7,-66.7,0.0,0.0,0.0,0.0,0.0,0.0,0.0,0.0,1.0,1.0,0.333,0.5,122.64,150.79,125.65,150.79,0.333,3,1.0,1.0
