PLAYER_ID,PLAYER_NAME_trad,NICKNAME,TEAM_ID,TEAM_ABBREVIATION,AGE,GP,W,L,W_PCT,MIN_trad,FGM,FGA,FG_PCT,FG3M,FG3A,FG3_PCT,FTM,FTA,FT_PCT,OREB,DREB,REB,AST,TOV,STL,BLK,BLKA,PF,PFD,PTS,PLUS_MINUS,NBA_FANTASY_PTS,DD2,TD3,WNBA_FANTASY_PTS,TEAM_COUNT,SEASON,PLAYER_NAME_adv,MIN_adv,E_OFF_RATING,OFF_RATING,sp_work_OFF_RATING,E_DEF_RATING,DEF_RATING,sp_work_DEF_RATING,E_NET_RATING,NET_RATING,sp_work_NET_RATING,AST_PCT,AST_TO,AST_RATIO,OREB_PCT,DREB_PCT,REB_PCT,TM_TOV_PCT,E_TOV_PCT,EFG_PCT,TS_PCT,USG_PCT,E_USG_PCT,E_PACE,PACE,PACE_PER40,sp_work_PACE,PIE,POSS,FGM_PG,FGA_PG
203932,Aaron Gordon,Aaron,1610612743,DEN,25.0,50,29,21,0.58,1383.78,231,499,0.463,59,176,0.335,97,149,0.651,77,207,284,161,97,33,34,29,89,137,618,60,1304.3,3,1,1256.0,2,2020-21,Aaron Gordon,27.7,111.8,112.5,112.5,110.4,110.4,110.4,1.4,2.1,2.1,0.165,1.66,19.6,0.055,0.15,0.102,11.8,11.8,0.522,0.547,0.204,0.207,99.83,99.48,82.9,99.48,0.095,2868,4.6,10.0
1628988,Aaron Holiday,Aaron,1610612754,IND,24.0,66,30,36,0.455,1176.0866666666666,170,436,0.39,67,182,0.368,68,83,0.819,15,74,89,123,66,46,13,32,94,74,475,3,877.3,1,0,872.0,1,2020-21,Aaron Holiday,17.8,110.2,110.1,110.1,109.9,110.3,110.3,0.2,-0.2,-0.2,0.139,1.86,18.5,0.012,0.06,0.036,9.9,10.0,0.467,0.503,0.189,0.193,104.48,104.34,86.95,104.34,0.057,2560,2.6,6.6
1630174,Aaron Nesmith,Aaron,1610612738,BOS,21.0,46,22,24,0.478,668.7316666666667,78,178,0.438,40,108,0.37,22,28,0.786,28,99,127,23,23,15,9,12,87,29,218,-7,453.9,0,0,456.0,1,2020-21,Aaron Nesmith,14.5,108.9,108.6,108.6,108.6,109.1,109.1,0.3,-0.5,-0.5,0.047,1.0,9.7,0.041,0.146,0.093,9.7,9.7,0.551,0.573,0.133,0.138,101.2,101.13,84.28,101.13,0.06,1409,1.7,3.9
1627846,Abdel Nader,Abdel,1610612756,PHX,27.0,24,16,8,0.667,355.25,57,116,0.491,18,43,0.419,28,37,0.757,7,55,62,19,19,10,9,7,34,35,160,28,300.9,0,0,297.0,1,2020-21,Abdel Nader,14.8,106.6,106.7,106.7,103.2,101.7,101.7,3.4,5.0,5.0,0.078,1.0,11.2,0.02,0.151,0.088,11.2,11.2,0.569,0.605,0.183,0.189,102.3,102.96,85.8,102.96,0.092,757,2.4,4.8
1629690,Adam Mokoka,Adam,1610612741,CHI,22.0,14,3,11,0.214,56.178333333333335,7,19,0.368,1,10,0.1,0,1,0.0,1,4,5,5,5,2,1,1,5,1,15,-8,32.5,0,0,32.0,1,2020-21,Adam Mokoka,4.0,85.1,83.2,83.2,93.4,90.3,90.3,-8.3,-7.1,-7.1,0.179,1.0,17.2,0.017,0.077,0.045,17.2,17.0,0.395,0.386,0.171,0.186,103.47,106.38,88.65,106.38,0.025,125,0.5,1.4
201143,Al Horford,Al,1610612738,BOS,35.0,28,11,17,0.393,781.755,162,360,0.45,56,152,0.368,18,22,0.818,29,159,188,94,29,25,26,10,48,33,398,-101,888.6,1,0,838.0,1,2020-21,Al Horford,27.9,102.0,102.2,102.2,108.2,109.1,109.1,-6.1,-6.9,-6.9,0.206,3.24,19.2,0.034,0.195,0.114,5.9,5.9,0.528,0.538,0.221,0.227,100.81,100.3,83.58,100.3,0.131,1639,5.8,12.9
202329,Al-Farouq Aminu,Al-Farouq,1610612741,CHI,30.0,23,5,18,0.217,434.14,38,99,0.384,8,37,0.216,18,22,0.818,22,88,110,31,28,19,9,5,29,26,102,-54,336.5,1,0,307.0,2,2020-21,Al-Farouq Aminu,18.9,103.1,102.8,102.8,110.2,109.0,109.0,-7.1,-6.2,-6.2,0.101,1.11,18.8,0.05,0.2,0.125,17.0,16.7,0.424,0.469,0.138,0.142,97.33,98.01,81.68,98.01,0.075,887,1.7,4.3
202692,Alec Burks,Alec,1610612752,NYK,29.0,49,27,22,0.551,1254.56,210,500,0.42,102,246,0.415,101,118,0.856,21,206,227,107,49,31,14,31,102,94,623,125,1141.9,3,0,1149.0,1,2020-21,Alec Burks,25.6,108.9,109.6,109.6,104.0,104.6,104.6,4.9,5.0,5.0,0.135,2.18,15.2,0.016,0.156,0.087,6.9,6.9,0.522,0.564,0.208,0.214,97.83,97.22,81.02,97.22,0.115,2540,4.3,10.2
1630197,Aleksej Pokusevski,Aleksej,1610612760,OKC,19.0,45,13,32,0.289,1089.915,139,408,0.341,58,207,0.28,31,42,0.738,30,182,212,97,99,20,42,10,58,35,367,-393,853.9,1,0,858.0,1,2020-21,Aleksej Pokusevski,24.2,98.2,98.1,98.1,114.5,114.9,114.9,-16.3,-16.7,-16.7,0.133,0.98,15.5,0.025,0.155,0.09,15.9,15.9,0.412,0.43,0.197,0.201,104.57,104.44,87.03,104.44,0.058,2373,3.1,9.1
1629346,Alen Smailagic,Alen,1610612744,GSW,20.0,15,10,5,0.667,83.855,11,27,0.407,4,10,0.4,2,6,0.333,6,10,16,4,5,3,5,2,11,4,28,-32,72.2,0,0,68.0,1,2020-21,Alen Smailagic,5.6,95.7,95.2,95.2,112.4,112.8,112.8,-16.7,-17.6,-17.6,0.078,0.8,10.3,0.065,0.111,0.087,12.8,12.9,0.481,0.472,0.165,0.171,107.28,107.33,89.44,107.33,0.043,188,0.7,1.8
1627936,Alex Caruso,Alex,1610612747,LAL,27.0,58,32,26,0.552,1216.1233333333332,133,305,0.436,55,137,0.401,49,76,0.645,31,139,170,160,76,64,15,23,108,104,370,120,975.0,0,0,913.0,1,2020-21,Alex Caruso,21.0,106.7,107.2,107.2,101.9,101.7,101.7,4.8,5.5,5.5,0.19,2.11,27.9,0.025,0.114,0.069,13.2,13.2,0.526,0.547,0.144,0.147,100.46,100.29,83.58,100.29,0.084,2532,2.3,5.3
203458,Alex Len,Alex,1610612764,WAS,28.0,64,30,34,0.469,978.7383333333332,171,278,0.615,8,25,0.32,73,116,0.629,78,182,260,49,55,20,64,20,127,75,423,-97,1005.5,2,0,908.0,2,2020-21,Alex Len,15.3,106.2,106.9,106.9,110.2,111.0,111.0,-3.9,-4.0,-4.0,0.069,0.89,11.3,0.077,0.174,0.126,12.6,12.7,0.629,0.643,0.161,0.162,107.53,106.79,88.99,106.79,0.097,2173,2.7,4.3
1628035,Alfonzo McKinnie,Alfonzo,1610612747,LAL,28.0,39,22,17,0.564,258.0083333333333,48,93,0.516,16,39,0.41,10,18,0.556,22,32,54,6,5,7,0,7,26,15,122,7,211.8,0,0,212.0,1,2020-21,Alfonzo McKinnie,6.6,104.9,102.0,102.0,102.7,101.3,101.3,2.1,0.7,0.7,0.036,1.2,5.4,0.076,0.113,0.095,4.5,4.5,0.602,0.604,0.164,0.172,102.25,104.46,87.05,104.46,0.1,563,1.2,2.4
1628993,Alize Johnson,Alize,1610612751,BKN,25.0,18,10,8,0.556,188.69333333333333,40,68,0.588,1,6,0.167,13,13,1.0,27,63,90,14,9,5,5,8,16,13,94,-18,244.0,2,0,219.0,1,2020-21,Alize Johnson,10.5,108.2,107.5,107.5,111.7,112.1,112.1,-3.5,-4.5,-4.5,0.11,1.56,14.4,0.127,0.32,0.22,9.3,9.3,0.596,0.638,0.175,0.181,101.12,101.24,84.37,101.24,0.174,398,2.2,3.8
1628578,Amida Brimah,Amida,1610612754,IND,27.0,5,2,3,0.4,29.27833333333333,5,8,0.625,0,0,0.0,3,3,1.0,2,6,8,1,4,0,5,0,4,3,13,22,35.1,0,0,32.0,1,2020-21,Amida Brimah,5.9,117.6,114.9,114.9,84.6,82.1,82.1,33.0,32.8,32.8,0.042,0.25,7.1,0.077,0.15,0.121,28.6,27.9,0.625,0.697,0.176,0.189,106.99,109.84,91.54,109.84,0.111,67,1.0,1.6
1629599,Amir Coffey,Amir,1610612746,LAC,24.0,44,32,12,0.727,394.565,45,103,0.437,23,56,0.411,27,38,0.711,10,34,44,22,15,10,0,7,30,24,140,-26,240.8,0,0,249.0,1,2020-21,Amir Coffey,9.0,100.0,99.9,99.9,102.2,101.1,101.1,-2.2,-1.2,-1.2,0.09,1.47,14.0,0.023,0.081,0.052,9.6,9.6,0.549,0.585,0.145,0.151,99.14,99.76,83.13,99.76,0.07,812,1.0,2.3
2760,Anderson Varejao,Anderson,1610612739,CLE,38.0,5,1,4,0.2,35.93333333333333,4,16,0.25,0,1,0.0,5,9,0.556,7,13,20,3,1,0,2,3,3,5,13,-33,46.5,0,0,40.0,1,2020-21,Anderson Varejao,7.2,82.8,85.9,85.9,123.0,123.5,123.5,-40.2,-37.6,-37.6,0.15,3.0,12.5,0.146,0.342,0.233,4.2,4.2,0.25,0.326,0.228,0.233,108.33,106.2,88.5,106.2,0.09,78,0.8,3.2
203083,Andre Drummond,Andre,1610612747,LAL,27.0,46,19,27,0.413,1241.5883333333334,282,572,0.493,0,8,0.0,123,205,0.6,166,385,551,94,124,63,49,68,149,177,687,-105,1701.2,28,0,1556.0,2,2020-21,Andre Drummond,27.0,106.1,107.5,107.5,110.6,111.4,111.4,-4.5,-3.9,-3.9,0.124,0.76,10.7,0.132,0.336,0.229,14.1,14.1,0.493,0.519,0.269,0.275,99.31,98.31,81.93,98.31,0.139,2540,6.1,12.4
2738,Andre Iguodala,Andre,1610612748,MIA,37.0,63,37,26,0.587,1338.8633333333332,95,248,0.383,60,182,0.33,25,38,0.658,38,183,221,142,67,57,35,2,90,54,275,-82,962.2,0,0,882.0,1,2020-21,Andre Iguodala,21.3,106.5,105.6,105.6,107.9,108.1,108.1,-1.4,-2.5,-2.5,0.153,2.12,30.0,0.03,0.134,0.083,14.1,14.1,0.504,0.519,0.109,0.113,97.49,97.82,81.52,97.82,0.072,2722,1.5,3.9
203460,Andre Roberson,Andre,1610612751,BKN,29.0,5,4,1,0.8,62.92666666666667,2,14,0.143,1,8,0.125,1,2,0.5,7,8,15,4,2,3,1,2,4,2,6,-19,40.0,0,0,34.0,1,2020-21,Andre Roberson,12.6,105.5,100.0,100.0,116.6,118.4,118.4,-11.1,-18.4,-18.4,0.098,2.0,19.0,0.103,0.136,0.118,9.5,9.6,0.179,0.202,0.117,0.123,95.06,96.87,80.73,96.87,0.023,129,0.4,2.8
203952,Andrew Wiggins,Andrew,1610612744,GSW,26.0,71,38,33,0.535,2364.27,505,1058,0.477,140,368,0.38,170,238,0.714,82,265,347,167,126,67,70,44,159,210,1320,0,2271.9,3,0,2248.0,1,2020-21,Andrew Wiggins,33.3,108.3,108.9,108.9,108.4,109.1,109.1,-0.1,-0.2,-0.2,0.11,1.33,11.5,0.034,0.106,0.071,8.7,8.7,0.543,0.568,0.229,0.233,103.78,103.17,85.97,103.17,0.099,5085,7.1,14.9
1629014,Anfernee Simons,Anfernee,1610612757,POR,22.0,64,37,27,0.578,1104.4566666666667,168,401,0.419,120,282,0.426,46,57,0.807,14,126,140,89,43,18,8,17,96,40,502,42,838.5,0,0,903.0,1,2020-21,Anfernee Simons,17.3,115.0,115.2,115.2,114.5,114.4,114.4,0.4,0.8,0.8,0.117,2.07,15.9,0.012,0.109,0.059,7.7,7.7,0.569,0.589,0.18,0.185,98.85,98.83,82.36,98.83,0.079,2284,2.6,6.3
203076,Anthony Davis,Anthony,1610612747,LAL,28.0,36,23,13,0.639,1161.735,301,613,0.491,26,100,0.26,158,214,0.738,62,224,286,110,74,45,59,24,60,176,786,115,1532.2,12,0,1416.0,1,2020-21,Anthony Davis,32.3,110.4,112.5,112.5,105.8,107.4,107.4,4.5,5.2,5.2,0.154,1.49,12.4,0.054,0.198,0.125,8.3,8.3,0.512,0.556,0.287,0.291,100.98,99.29,82.74,99.29,0.153,2399,8.4,17.0
1630162,Anthony Edwards,Anthony,1610612750,MIN,19.0,72,23,49,0.319,2314.1666666666665,505,1211,0.417,171,520,0.329,211,272,0.776,59,277,336,211,160,82,36,68,129,186,1392,-228,2305.7,3,0,2346.0,1,2020-21,Anthony Edwards,32.1,108.9,110.6,110.6,114.1,115.6,115.6,-5.2,-5.0,-5.0,0.142,1.32,12.4,0.023,0.121,0.07,9.4,9.4,0.488,0.523,0.264,0.269,104.17,102.71,85.59,102.71,0.094,4961,7.0,16.8
1630264,Anthony Gill,Anthony,1610612764,WAS,28.0,26,11,15,0.423,218.015,30,60,0.5,7,24,0.292,13,16,0.813,16,35,51,11,8,10,4,5,27,16,80,-17,191.7,0,0,177.0,1,2020-21,Anthony Gill,8.4,107.1,104.1,104.1,106.4,105.6,105.6,0.7,-1.6,-1.6,0.073,1.38,12.8,0.074,0.151,0.114,9.3,9.3,0.558,0.597,0.143,0.15,102.39,104.25,86.87,104.25,0.089,469,1.2,2.3
1630237,Anthony Lamb,Anthony,1610612745,HOU,23.0,24,3,21,0.125,415.21,46,118,0.39,23,71,0.324,18,21,0.857,27,43,70,23,19,6,5,7,34,25,133,-89,265.5,0,0,271.0,1,2020-21,Anthony Lamb,17.3,103.6,105.1,105.1,114.4,114.3,114.3,-10.9,-9.2,-9.2,0.08,1.21,13.5,0.055,0.109,0.079,11.2,11.2,0.487,0.523,0.144,0.146,104.65,103.93,86.61,103.93,0.05,896,1.9,4.9
201229,Anthony Tolliver,Anthony,1610612755,PHI,36.0,11,7,4,0.636,98.97333333333331,4,17,0.235,4,14,0.286,5,6,0.833,3,7,10,2,3,3,2,0,7,4,17,30,44.0,0,0,43.0,1,2020-21,Anthony Tolliver,9.0,107.9,109.8,109.8,96.3,93.2,93.2,11.6,16.6,16.6,0.025,0.67,8.3,0.028,0.071,0.048,12.5,12.2,0.353,0.433,0.09,0.094,104.45,105.24,87.7,105.24,0.022,214,0.4,1.5
1628394,Anžejs Pasečņiks,Anžejs,1610612764,WAS,25.0,1,1,0,1.0,6.316666666666666,0,1,0.0,0,1,0.0,0,0,0.0,1,0,1,1,5,0,0,0,2,0,0,-13,-2.3,0,0,2.0,1,2020-21,Anžejs Pasečņiks,6.3,61.5,57.1,57.1,141.1,161.5,161.5,-79.6,-104.4,-104.4,0.333,0.2,14.3,0.143,0.0,0.083,71.4,71.4,0.0,0.0,0.375,0.4,105.93,102.59,85.49,102.59,-0.26,14,0.0,1.0
1629717,Armoni Brooks,Armoni,1610612745,HOU,23.0,20,3,17,0.15,520.36,78,192,0.406,60,157,0.382,7,12,0.583,10,58,68,30,22,12,5,6,34,10,223,-135,378.6,0,0,415.0,1,2020-21,Armoni Brooks,26.0,103.4,103.9,103.9,115.6,115.6,115.6,-12.3,-11.7,-11.7,0.09,1.36,12.0,0.017,0.112,0.061,8.8,8.8,0.563,0.565,0.175,0.178,103.15,102.94,85.79,102.94,0.068,1114,3.9,9.6
203382,Aron Baynes,Aron,1610612761,TOR,34.0,53,20,33,0.377,980.2766666666666,134,304,0.441,27,103,0.262,29,41,0.707,87,186,273,47,46,17,22,15,119,52,324,-81,793.1,2,0,749.0,1,2020-21,Aron Baynes,18.5,105.7,106.6,106.6,110.4,111.0,111.0,-4.7,-4.4,-4.4,0.07,1.02,11.4,0.082,0.192,0.135,11.1,11.1,0.485,0.503,0.157,0.161,102.01,101.31,84.43,101.31,0.07,2074,2.5,5.7
1630204,Ashton Hagans,Ashton,1610612750,MIN,21.0,2,0,2,0.0,4.066666666666666,0,0,0.0,0,0,0.0,0,0,0.0,0,0,0,0,1,0,0,0,0,0,0,-3,-1.0,0,0,0.0,1,2020-21,Ashton Hagans,2.0,61.5,60.0,60.0,104.2,81.8,81.8,-42.7,-21.8,-21.8,0.0,0.0,0.0,0.0,0.0,0.0,100.0,100.0,0.0,0.0,0.083,0.085,108.59,123.93,103.28,123.93,-0.25,10,0.0,0.0
203085,Austin Rivers,Austin,1610612743,DEN,28.0,36,20,16,0.556,844.9683333333334,104,245,0.424,55,149,0.369,22,31,0.71,8,74,82,81,36,30,2,14,64,34,285,10,564.9,0,0,567.0,2,2020-21,Austin Rivers,23.5,110.1,110.3,110.3,109.5,110.3,110.3,0.6,0.0,0.0,0.136,2.25,21.5,0.009,0.088,0.048,9.6,9.6,0.537,0.551,0.15,0.154,98.21,97.79,81.49,97.79,0.067,1726,2.9,6.8
202340,Avery Bradley,Avery,1610612745,HOU,30.0,27,6,21,0.222,601.925,64,171,0.374,33,101,0.327,12,15,0.8,8,49,57,46,28,21,3,9,55,18,173,-131,354.4,0,0,357.0,2,2020-21,Avery Bradley,22.3,105.6,105.3,105.3,115.1,115.5,115.5,-9.5,-10.2,-10.2,0.108,1.64,18.3,0.013,0.078,0.046,11.1,11.1,0.471,0.487,0.146,0.15,102.42,102.39,85.33,102.39,0.039,1284,2.4,6.3
1626253,Axel Toupane,Axel,1610612749,MIL,28.0,8,2,6,0.25,61.21666666666667,4,11,0.364,1,2,0.5,5,7,0.714,0,6,6,4,0,2,3,2,6,4,14,-3,42.2,0,0,35.0,1,2020-21,Axel Toupane,7.7,96.6,94.0,94.0,94.7,96.3,96.3,1.9,-2.2,-2.2,0.098,0.0,22.2,0.0,0.082,0.042,0.0,0.0,0.409,0.497,0.092,0.099,104.55,105.07,87.56,105.07,0.06,134,0.5,1.4
1628389,Bam Adebayo,Bam,1610612748,MIA,23.0,64,34,30,0.531,2142.616666666667,456,800,0.57,2,8,0.25,283,354,0.799,142,431,573,346,169,75,66,39,145,339,1197,24,2657.6,33,2,2400.0,1,2020-21,Bam Adebayo,33.5,109.8,110.2,110.2,108.7,109.6,109.6,1.1,0.6,0.6,0.267,2.05,23.6,0.07,0.204,0.139,11.5,11.5,0.571,0.626,0.233,0.239,98.29,97.71,81.42,97.71,0.161,4361,7.1,12.5
203463,Ben McLemore,Ben,1610612747,LAL,28.0,53,20,33,0.377,904.81,135,365,0.37,97,280,0.346,39,53,0.736,15,85,100,39,42,23,9,16,88,37,406,-99,638.5,0,0,706.0,2,2020-21,Ben McLemore,17.1,103.5,105.0,105.0,108.9,109.2,109.2,-5.4,-4.2,-4.2,0.064,0.93,8.4,0.015,0.091,0.051,9.1,8.9,0.503,0.523,0.192,0.199,104.81,103.95,86.63,103.95,0.053,1952,2.5,6.9
1627732,Ben Simmons,Ben,1610612755,PHI,24.0,58,42,16,0.724,1877.2883333333332,325,583,0.557,3,10,0.3,176,287,0.613,93,324,417,401,173,93,35,45,171,262,829,329,2141.9,13,4,1906.0,1,2020-21,Ben Simmons,32.4,113.2,113.9,113.9,104.3,106.0,106.0,8.9,8.0,8.0,0.308,2.32,31.2,0.051,0.166,0.111,13.5,13.5,0.56,0.584,0.2,0.203,102.57,101.44,84.54,101.44,0.128,3973,5.6,10.1
202687,Bismack Biyombo,Bismack,1610612766,CHA,28.0,66,28,38,0.424,1348.7816666666668,142,242,0.587,0,1,0.0,47,105,0.448,137,210,347,81,71,17,74,30,141,100,331,-276,1070.9,3,0,941.0,1,2020-21,Bismack Biyombo,20.4,102.6,102.8,102.8,110.7,111.7,111.7,-8.1,-8.9,-8.9,0.087,1.14,18.5,0.094,0.15,0.121,16.2,16.1,0.587,0.574,0.113,0.116,100.01,99.47,82.89,99.47,0.068,2782,2.2,3.7
201933,Blake Griffin,Blake,1610612751,BKN,32.0,46,24,22,0.522,1186.62,174,411,0.423,70,205,0.341,87,117,0.744,35,190,225,140,62,32,15,14,111,148,505,58,1064.0,2,0,1034.0,2,2020-21,Blake Griffin,25.8,112.0,113.1,113.1,111.2,111.0,111.0,0.8,2.1,2.1,0.171,2.26,21.2,0.029,0.159,0.094,9.4,9.3,0.509,0.546,0.191,0.195,98.81,98.38,81.98,98.38,0.092,2435,3.8,8.9
1626246,Boban Marjanovic,Boban,1610612742,DAL,32.0,33,14,19,0.424,271.3183333333333,62,122,0.508,1,8,0.125,31,38,0.816,47,81,128,10,12,2,6,15,29,29,156,23,336.6,3,0,311.0,1,2020-21,Boban Marjanovic,8.2,106.6,107.0,107.0,102.1,101.1,101.1,4.6,5.9,5.9,0.06,0.83,6.2,0.159,0.291,0.223,7.5,7.5,0.512,0.562,0.231,0.236,99.77,100.13,83.44,100.13,0.162,561,1.9,3.7
1626171,Bobby Portis,Bobby,1610612749,MIL,26.0,66,44,22,0.667,1372.1766666666667,313,598,0.523,74,157,0.471,54,73,0.74,124,342,466,71,56,52,26,42,115,67,754,136,1597.7,12,0,1521.0,1,2020-21,Bobby Portis Jr.,20.8,114.0,113.4,113.4,109.1,108.3,108.3,5.0,5.1,5.1,0.075,1.27,9.4,0.085,0.229,0.158,7.4,7.4,0.585,0.598,0.202,0.208,104.06,104.72,87.26,104.72,0.133,2986,4.7,9.1
203992,Bogdan Bogdanović,Bogdan,1610612737,ATL,28.0,44,30,14,0.682,1305.4016666666666,267,565,0.473,146,333,0.438,40,44,0.909,20,140,160,147,54,49,13,19,99,63,720,110,1264.5,0,0,1297.0,1,2020-21,Bogdan Bogdanović,29.7,114.9,114.9,114.9,110.6,111.0,111.0,4.3,3.9,3.9,0.169,2.72,18.7,0.016,0.104,0.061,6.9,6.9,0.602,0.616,0.21,0.215,99.78,99.59,82.99,99.59,0.11,2710,6.1,12.8
202711,Bojan Bogdanovic,Bojan,1610612762,UTA,32.0,72,52,20,0.722,2215.565,406,925,0.439,180,461,0.39,233,265,0.879,40,241,281,136,128,45,4,61,115,187,1225,419,1785.2,0,0,1920.0,1,2020-21,Bojan Bogdanovic,30.8,115.8,116.8,116.8,106.5,107.3,107.3,9.3,9.5,9.5,0.091,1.06,10.4,0.018,0.099,0.06,9.8,9.8,0.536,0.588,0.225,0.228,100.73,99.94,83.28,99.94,0.094,4604,5.6,12.8
1629626,Bol Bol,Bol,1610612743,DEN,21.0,32,21,11,0.656,159.65666666666667,25,58,0.431,9,24,0.375,10,15,0.667,0,24,24,7,13,3,10,0,14,10,69,-80,134.3,0,0,135.0,1,2020-21,Bol Bol,5.0,99.1,94.4,94.4,122.1,119.3,119.3,-23.0,-24.9,-24.9,0.067,0.54,8.4,0.0,0.154,0.074,15.7,15.4,0.509,0.534,0.191,0.206,106.88,110.79,92.32,110.79,0.057,374,0.8,1.8
202954,Brad Wanamaker,Brad,1610612766,CHA,31.0,61,29,32,0.475,1053.3283333333334,115,299,0.385,16,85,0.188,90,101,0.891,18,87,105,174,71,43,11,35,94,92,336,-131,814.0,0,0,739.0,2,2020-21,Brad Wanamaker,17.3,101.4,101.4,101.4,106.4,107.1,107.1,-5.0,-5.7,-5.7,0.251,2.45,29.8,0.016,0.08,0.047,12.2,12.1,0.411,0.489,0.166,0.172,100.71,100.41,83.68,100.41,0.075,2201,1.9,4.9
203078,Bradley Beal,Bradley,1610612764,WAS,28.0,60,32,28,0.533,2146.998333333333,670,1382,0.485,130,373,0.349,408,459,0.889,72,211,283,265,187,69,22,60,140,326,1878,-3,2701.1,4,0,2738.0,1,2020-21,Bradley Beal,35.8,112.9,114.4,114.4,113.2,114.8,114.8,-0.3,-0.4,-0.4,0.202,1.42,13.2,0.033,0.094,0.064,9.3,9.2,0.532,0.593,0.331,0.339,106.67,105.21,87.68,105.21,0.145,4713,11.2,23.0
1629634,Brandon Clarke,Brandon,1610612763,MEM,24.0,59,32,27,0.542,1414.765,256,495,0.517,20,77,0.26,78,113,0.69,97,231,328,95,33,60,51,31,84,103,610,-17,1446.1,3,0,1275.0,1,2020-21,Brandon Clarke,24.0,108.6,109.5,109.5,108.8,109.3,109.3,-0.3,0.2,0.2,0.094,2.88,14.3,0.064,0.16,0.111,5.0,4.9,0.537,0.56,0.167,0.173,102.64,101.99,84.99,101.99,0.11,2996,4.3,8.4
1629164,Brandon Goodwin,Brandon,1610612737,ATL,25.0,47,25,22,0.532,619.5916666666667,84,223,0.377,32,103,0.311,28,43,0.651,8,61,69,95,36,17,0,19,41,43,228,-61,468.3,0,0,458.0,1,2020-21,Brandon Goodwin,13.2,105.7,104.7,104.7,109.7,109.1,109.1,-3.9,-4.4,-4.4,0.246,2.64,25.4,0.012,0.097,0.053,9.6,9.7,0.448,0.471,0.19,0.196,98.28,99.05,82.54,99.05,0.072,1276,1.8,4.7
1627742,Brandon Ingram,Brandon,1610612740,NOP,23.0,61,29,32,0.475,2092.41,513,1101,0.466,143,375,0.381,281,320,0.878,34,265,299,296,154,42,36,53,124,255,1450,43,2332.8,4,0,2344.0,1,2020-21,Brandon Ingram,34.3,113.5,115.1,115.1,113.4,114.2,114.2,0.1,1.0,1.0,0.218,1.92,17.6,0.016,0.126,0.071,9.2,9.1,0.531,0.584,0.279,0.285,101.02,99.97,83.31,99.97,0.128,4358,8.4,18.0
1628968,Brian Bowen II,Brian,1610612754,IND,22.0,6,1,5,0.167,14.865,1,4,0.25,0,1,0.0,1,1,1.0,0,3,3,0,0,0,0,0,1,1,3,3,6.6,0,0,6.0,1,2020-21,Brian Bowen II,2.5,87.2,93.8,93.8,92.5,84.4,84.4,-5.3,9.4,9.4,0.0,0.0,0.0,0.0,0.158,0.071,0.0,0.0,0.25,0.338,0.098,0.113,102.68,103.33,86.11,103.33,0.045,32,0.2,0.7
1630271,Brodric Thomas,Brodric,1610612739,CLE,24.0,32,6,26,0.188,399.27,39,108,0.361,16,59,0.271,31,46,0.674,8,45,53,30,22,15,10,7,40,32,125,-48,286.6,0,0,274.0,2,2020-21,Brodric Thomas,12.5,102.6,103.6,103.6,108.2,108.1,108.1,-5.6,-4.5,-4.5,0.115,1.36,16.6,0.019,0.107,0.062,12.2,12.2,0.435,0.487,0.158,0.161,101.17,100.74,83.95,100.74,0.052,833,1.2,3.4
201572,Brook Lopez,Brook,1610612749,MIL,33.0,70,46,24,0.657,1901.7883333333332,322,640,0.503,95,281,0.338,120,142,0.845,104,243,347,50,64,40,103,18,149,123,859,312,1715.4,3,0,1637.0,1,2020-21,Brook Lopez,27.2,116.0,117.0,117.0,109.1,110.2,110.2,6.8,6.8,6.8,0.033,0.78,6.1,0.054,0.115,0.086,7.9,7.8,0.577,0.611,0.166,0.168,104.64,103.68,86.4,103.68,0.085,4123,4.6,9.1
1628971,Bruce Brown,Bruce,1610612751,BKN,24.0,65,45,20,0.692,1451.1583333333333,235,423,0.556,17,59,0.288,86,117,0.735,111,238,349,104,54,58,28,39,145,84,573,73,1351.8,6,0,1215.0,1,2020-21,Bruce Brown,22.3,117.5,115.9,115.9,111.1,112.4,112.4,6.4,3.5,3.5,0.099,1.93,16.4,0.081,0.154,0.12,8.5,8.5,0.576,0.604,0.157,0.161,100.2,100.24,83.53,100.24,0.098,3016,3.6,6.5
203998,Bruno Caboclo,Bruno,1610612745,HOU,25.0,6,1,5,0.167,36.43333333333333,8,17,0.471,0,5,0.0,1,2,0.5,3,11,14,1,4,0,2,1,6,2,17,0,37.3,0,0,36.0,1,2020-21,Bruno Caboclo,6.1,94.3,96.3,96.3,93.4,94.0,94.0,0.9,2.3,2.3,0.048,0.25,4.3,0.064,0.268,0.159,17.4,17.5,0.471,0.475,0.232,0.239,109.48,108.03,90.03,108.03,0.113,81,1.3,2.8
1628981,Bruno Fernando,Bruno,1610612737,ATL,22.0,33,20,13,0.606,225.9333333333333,18,44,0.409,0,2,0.0,15,22,0.682,16,62,78,10,21,4,3,8,23,19,51,-22,159.6,0,0,153.0,1,2020-21,Bruno Fernando,6.8,100.2,98.8,98.8,107.8,104.7,104.7,-7.6,-6.0,-6.0,0.069,0.48,11.8,0.066,0.256,0.16,24.7,24.8,0.409,0.475,0.133,0.139,101.61,103.78,86.49,103.78,0.069,492,0.5,1.3
1627854,Bryn Forbes,Bryn,1610612749,MIL,27.0,70,45,25,0.643,1354.36,250,529,0.473,154,341,0.452,47,61,0.77,11,101,112,45,44,24,1,22,77,36,701,101,933.9,1,0,1062.0,1,2020-21,Bryn Forbes,19.3,113.6,113.4,113.4,111.0,110.8,110.8,2.6,2.7,2.7,0.045,1.02,7.1,0.008,0.069,0.039,6.9,6.8,0.618,0.631,0.18,0.186,103.97,104.16,86.8,104.16,0.076,2949,3.6,7.6
1627741,Buddy Hield,Buddy,1610612758,SAC,28.0,71,31,40,0.437,2432.858333333333,403,992,0.406,282,721,0.391,88,104,0.846,29,305,334,257,130,63,30,33,175,72,1176,-56,2111.3,2,0,2235.0,1,2020-21,Buddy Hield,34.3,113.5,114.5,114.5,114.9,116.3,116.3,-1.3,-1.8,-1.8,0.141,1.98,18.2,0.012,0.126,0.069,9.2,9.1,0.548,0.567,0.201,0.206,102.31,101.26,84.39,101.26,0.084,5149,5.7,14.0
1629604,CJ Elleby,CJ,1610612757,POR,21.0,30,19,11,0.633,192.38333333333333,25,66,0.379,7,34,0.206,11,15,0.733,11,21,32,10,5,6,3,2,27,13,68,-15,143.4,0,0,135.0,1,2020-21,CJ Elleby,6.4,104.5,102.3,102.3,108.8,107.6,107.6,-4.3,-5.3,-5.3,0.076,2.0,11.4,0.049,0.089,0.069,5.7,5.7,0.432,0.468,0.16,0.167,104.45,106.16,88.47,106.16,0.047,429,0.8,2.2
203468,CJ McCollum,CJ,1610612757,POR,29.0,47,28,19,0.596,1599.7583333333334,405,884,0.458,169,420,0.402,108,133,0.812,30,155,185,223,65,44,21,30,87,117,1087,207,1773.5,2,0,1794.0,1,2020-21,CJ McCollum,34.0,117.2,119.0,119.0,112.0,112.8,112.8,5.2,6.2,6.2,0.22,3.43,18.2,0.018,0.099,0.056,5.3,5.3,0.554,0.577,0.265,0.27,101.14,100.01,83.34,100.01,0.123,3333,8.6,18.8
1628997,Caleb Martin,Caleb,1610612766,CHA,25.0,53,23,30,0.434,818.4866666666667,96,256,0.375,31,125,0.248,41,64,0.641,31,110,141,67,33,37,12,15,62,61,264,-100,647.7,1,0,601.0,1,2020-21,Caleb Martin,15.4,105.3,104.7,104.7,110.3,109.5,109.5,-4.9,-4.9,-4.9,0.123,2.03,17.5,0.036,0.125,0.081,8.6,8.6,0.436,0.465,0.164,0.17,99.28,99.93,83.28,99.93,0.067,1696,1.8,4.8
1629629,Cam Reddish,Cam,1610612737,ATL,21.0,26,10,16,0.385,750.3383333333334,96,263,0.365,33,126,0.262,67,82,0.817,22,82,104,35,34,33,9,22,68,59,292,-49,561.3,0,0,548.0,1,2020-21,Cam Reddish,28.9,110.8,110.9,110.9,113.8,114.9,114.9,-3.0,-4.0,-4.0,0.066,1.03,9.4,0.028,0.109,0.068,9.2,9.2,0.428,0.488,0.183,0.187,103.38,102.8,85.67,102.8,0.053,1614,3.7,10.1
1629244,Cam Reynolds,Cam,1610612745,HOU,26.0,5,3,2,0.6,40.48333333333333,6,18,0.333,3,12,0.25,0,0,0.0,2,3,5,2,0,0,0,0,2,0,15,-26,24.0,0,0,25.0,2,2020-21,Cam Reynolds,8.1,82.8,81.8,81.8,113.5,110.1,110.1,-30.7,-28.3,-28.3,0.095,0.0,10.0,0.037,0.079,0.054,0.0,0.0,0.417,0.417,0.182,0.188,102.75,104.93,87.44,104.93,0.042,88,1.2,3.6
1629661,Cameron Johnson,Cameron,1610612756,PHX,25.0,60,43,17,0.717,1437.4433333333334,203,483,0.42,117,335,0.349,50,59,0.847,33,166,199,86,40,37,16,17,85,69,573,171,1059.8,0,0,1081.0,1,2020-21,Cameron Johnson,24.0,112.8,112.2,112.2,107.1,106.5,106.5,5.7,5.7,5.7,0.083,2.15,13.6,0.023,0.118,0.07,6.3,6.3,0.541,0.563,0.164,0.17,98.21,98.76,82.3,98.76,0.081,2958,3.4,8.1
1628419,Cameron Oliver,Cameron,1610612745,HOU,24.0,4,1,3,0.25,87.38333333333334,19,33,0.576,4,13,0.308,1,4,0.25,5,16,21,5,3,2,4,2,11,3,43,-11,90.7,1,0,85.0,1,2020-21,Cameron Oliver,21.8,109.1,111.2,111.2,117.1,116.4,116.4,-8.0,-5.2,-5.2,0.086,1.67,11.9,0.05,0.188,0.114,7.1,7.0,0.636,0.619,0.174,0.18,104.25,103.54,86.29,103.54,0.095,188,4.8,8.3
1626166,Cameron Payne,Cameron,1610612756,PHX,26.0,60,42,18,0.7,1079.435,191,395,0.484,73,166,0.44,50,56,0.893,16,128,144,217,60,36,16,15,97,65,505,177,1099.3,1,0,1043.0,1,2020-21,Cameron Payne,18.0,117.3,116.4,116.4,108.7,108.6,108.6,8.6,7.8,7.8,0.281,3.62,31.1,0.016,0.119,0.069,8.6,8.6,0.576,0.602,0.193,0.198,98.8,99.23,82.69,99.23,0.117,2233,3.2,6.6
1627747,Caris LeVert,Caris,1610612754,IND,26.0,47,24,23,0.511,1485.34,359,814,0.441,84,258,0.326,146,180,0.811,33,181,214,245,102,66,30,37,105,146,948,-5,1758.3,6,0,1683.0,2,2020-21,Caris LeVert,31.6,111.1,111.9,111.9,110.2,112.1,112.1,1.0,-0.2,-0.2,0.255,2.4,19.8,0.022,0.111,0.068,8.2,8.2,0.493,0.531,0.279,0.284,105.71,104.41,87.01,104.41,0.116,3231,7.6,17.3
2546,Carmelo Anthony,Carmelo,1610612757,POR,37.0,69,39,30,0.565,1690.1433333333334,327,777,0.421,133,325,0.409,137,154,0.89,32,182,214,104,61,46,38,19,144,129,924,-24,1527.8,0,0,1543.0,1,2020-21,Carmelo Anthony,24.5,114.0,115.1,115.1,115.3,115.8,115.8,-1.2,-0.6,-0.6,0.097,1.7,10.3,0.017,0.107,0.06,6.0,6.0,0.506,0.547,0.228,0.232,99.94,99.23,82.69,99.23,0.088,3493,4.7,11.3
1629035,Carsen Edwards,Carsen,1610612738,BOS,23.0,31,14,17,0.452,275.5833333333333,47,111,0.423,18,63,0.286,11,13,0.846,3,23,26,14,7,7,1,5,25,12,123,-25,192.2,0,0,197.0,1,2020-21,Carsen Edwards,8.9,106.2,105.1,105.1,110.5,109.2,109.2,-4.2,-4.1,-4.1,0.075,2.0,10.2,0.01,0.084,0.046,5.1,5.1,0.505,0.527,0.187,0.193,100.86,101.98,84.98,101.98,0.064,585,1.5,3.6
1630199,Cassius Stanley,Cassius,1610612754,IND,21.0,24,10,14,0.417,93.31833333333331,13,43,0.302,3,13,0.231,7,9,0.778,8,12,20,1,1,1,2,9,14,6,36,18,69.5,0,0,66.0,1,2020-21,Cassius Stanley,3.9,97.2,97.5,97.5,91.4,88.1,88.1,5.9,9.4,9.4,0.017,1.0,2.0,0.067,0.11,0.087,2.0,2.0,0.337,0.383,0.198,0.205,101.41,103.13,85.94,103.13,0.027,200,0.5,1.8
1630216,Cassius Winston,Cassius,1610612764,WAS,23.0,22,10,12,0.455,98.195,14,33,0.424,8,17,0.471,5,6,0.833,0,9,9,12,5,2,1,1,8,5,41,-49,73.8,0,0,76.0,1,2020-21,Cassius Winston,4.5,95.9,92.8,92.8,119.3,114.2,114.2,-23.4,-21.4,-21.4,0.222,2.4,22.6,0.0,0.087,0.044,9.4,9.5,0.545,0.575,0.182,0.19,98.78,102.65,85.54,102.65,0.079,208,0.6,1.5
1626224,Cedi Osman,Cedi,1610612739,CLE,26.0,59,17,42,0.288,1510.5083333333334,219,586,0.374,99,324,0.306,76,95,0.8,38,163,201,174,80,53,9,33,119,97,613,-323,1221.2,2,0,1211.0,1,2020-21,Cedi Osman,25.6,102.9,103.3,103.3,113.9,114.2,114.2,-11.0,-11.0,-11.0,0.173,2.18,19.8,0.024,0.113,0.067,9.1,9.1,0.458,0.488,0.198,0.203,99.34,99.0,82.5,99.0,0.073,3124,3.7,9.9
1628990,Chandler Hutchison,Chandler,1610612764,WAS,25.0,25,11,14,0.44,345.80333333333334,39,103,0.379,8,22,0.364,21,25,0.84,6,72,78,17,20,12,5,7,33,27,107,-58,257.1,0,0,244.0,2,2020-21,Chandler Hutchison,13.8,107.1,106.8,106.8,112.8,112.0,112.0,-5.7,-5.2,-5.2,0.061,0.85,11.3,0.016,0.195,0.106,13.2,13.2,0.417,0.469,0.155,0.159,106.91,107.44,89.53,107.44,0.061,766,1.6,4.1
1629718,Charlie Brown Jr.,Charlie,1610612760,OKC,24.0,9,1,8,0.111,151.82666666666665,13,43,0.302,5,21,0.238,9,10,0.9,3,14,17,9,6,4,2,2,19,8,40,-43,85.9,0,0,83.0,1,2020-21,Charlie Brown Jr.,16.9,100.5,100.3,100.3,114.5,113.0,113.0,-14.0,-12.7,-12.7,0.08,1.5,14.5,0.017,0.091,0.051,9.7,9.6,0.36,0.422,0.14,0.147,103.68,104.49,87.07,104.49,0.021,330,1.4,4.8
1626184,Chasson Randle,Chasson,1610612753,ORL,28.0,41,10,31,0.244,837.0483333333333,92,237,0.388,44,130,0.338,38,48,0.792,7,75,82,74,46,22,5,13,64,36,266,-265,510.4,0,0,520.0,1,2020-21,Chasson Randle,20.4,98.4,97.7,97.7,112.1,112.7,112.7,-13.7,-15.0,-15.0,0.143,1.61,19.6,0.008,0.084,0.045,12.2,12.2,0.481,0.515,0.154,0.16,100.79,100.9,84.08,100.9,0.054,1759,2.2,5.8
1629002,Chimezie Metu,Chimezie,1610612758,SAC,24.0,36,14,22,0.389,488.0566666666667,91,179,0.508,13,37,0.351,31,43,0.721,31,81,112,28,29,14,18,11,59,33,226,-58,469.4,0,0,443.0,1,2020-21,Chimezie Metu,13.6,111.0,108.7,108.7,117.1,116.4,116.4,-6.1,-7.8,-7.8,0.08,0.97,10.9,0.064,0.175,0.118,11.3,11.4,0.545,0.571,0.194,0.201,102.08,103.51,86.26,103.51,0.083,1063,2.5,5.0
1628449,Chris Boucher,Chris,1610612761,TOR,28.0,60,25,35,0.417,1452.6783333333333,288,560,0.514,90,235,0.383,152,193,0.788,117,287,404,63,46,35,111,41,166,142,818,97,1789.3,12,0,1667.0,1,2020-21,Chris Boucher,24.2,113.1,114.4,114.4,109.3,110.7,110.7,3.8,3.8,3.8,0.068,1.37,8.4,0.078,0.192,0.135,6.1,6.1,0.595,0.634,0.202,0.207,101.27,100.04,83.36,100.04,0.132,3020,4.8,9.3
1629185,Chris Chiozza,Chris,1610612751,BKN,25.0,22,12,10,0.545,232.345,31,88,0.352,13,42,0.31,13,17,0.765,3,21,24,65,16,7,6,8,19,15,88,19,237.3,1,0,216.0,1,2020-21,Chris Chiozza,10.6,107.0,105.9,105.9,103.2,102.9,102.9,3.8,3.0,3.0,0.382,4.06,36.7,0.012,0.088,0.049,9.0,9.1,0.426,0.461,0.2,0.207,100.74,101.44,84.53,101.44,0.093,493,1.4,4.0
101108,Chris Paul,Chris,1610612756,PHX,36.0,70,49,21,0.7,2199.5333333333333,439,879,0.499,102,258,0.395,169,181,0.934,25,287,312,622,156,99,19,10,166,191,1149,310,2654.4,25,1,2421.0,1,2020-21,Chris Paul,31.4,115.3,115.3,115.3,108.5,108.8,108.8,6.8,6.5,6.5,0.405,3.99,35.9,0.012,0.131,0.073,9.0,9.0,0.557,0.599,0.221,0.227,99.09,98.92,82.44,98.92,0.15,4539,6.3,12.6
1629735,Chris Silva,Chris,1610612758,SAC,24.0,15,8,7,0.533,92.35833333333332,10,16,0.625,1,1,1.0,11,15,0.733,7,20,27,6,10,1,6,3,24,13,32,-2,84.4,0,0,80.0,2,2020-21,Chris Silva,6.2,103.7,100.0,100.0,102.2,100.5,100.5,1.5,-0.5,-0.5,0.102,0.6,15.4,0.082,0.217,0.153,25.6,25.9,0.656,0.708,0.151,0.158,102.0,104.72,87.27,104.72,0.064,201,0.7,1.1
1626174,Christian Wood,Christian,1610612745,HOU,25.0,41,12,29,0.293,1325.8983333333333,329,640,0.514,77,206,0.374,125,198,0.631,76,319,395,71,80,34,48,28,88,185,860,-99,1606.5,19,0,1567.0,1,2020-21,Christian Wood,32.3,107.6,108.8,108.8,111.1,112.6,112.6,-3.5,-3.8,-3.8,0.089,0.89,8.1,0.055,0.228,0.142,9.2,9.1,0.574,0.591,0.255,0.259,103.52,102.27,85.23,102.27,0.139,2829,8.0,15.6
1629643,Chuma Okeke,Chuma,1610612753,ORL,22.0,45,15,30,0.333,1132.5533333333333,135,324,0.417,49,141,0.348,30,40,0.75,42,139,181,101,38,48,22,15,48,38,349,-182,889.7,0,0,820.0,1,2020-21,Chuma Okeke,25.2,102.5,102.6,102.6,109.5,109.8,109.8,-7.0,-7.2,-7.2,0.132,2.66,21.1,0.033,0.117,0.074,7.9,7.9,0.492,0.511,0.142,0.146,101.04,100.85,84.04,100.85,0.084,2374,3.0,7.2
203991,Clint Capela,Clint,1610612737,ATL,27.0,63,34,29,0.54,1898.3766666666668,413,695,0.594,0,0,0.0,130,227,0.573,297,606,903,49,73,44,129,50,145,162,956,251,2559.1,48,1,2254.0,1,2020-21,Clint Capela,30.1,115.1,114.8,114.8,107.5,108.2,108.2,7.7,6.6,6.6,0.039,0.67,5.3,0.155,0.301,0.23,8.0,8.0,0.594,0.601,0.193,0.198,99.62,99.41,82.84,99.41,0.158,3927,6.6,11.0
1629632,Coby White,Coby,1610612741,CHI,21.0,69,30,39,0.435,2155.82,375,902,0.416,163,454,0.359,128,142,0.901,28,256,284,328,156,38,15,59,179,154,1041,-107,1876.8,5,0,1922.0,1,2020-21,Coby White,31.2,108.1,108.6,108.6,110.6,111.3,111.3,-2.5,-2.7,-2.7,0.218,2.1,22.7,0.013,0.116,0.065,10.8,10.8,0.506,0.54,0.219,0.223,102.13,101.62,84.68,101.62,0.088,4572,5.4,13.1
1628998,Cody Martin,Cody,1610612766,CHA,25.0,52,26,26,0.5,849.1916666666667,83,188,0.441,16,58,0.276,25,43,0.581,52,109,161,86,40,37,12,16,52,48,207,-4,636.2,1,0,568.0,1,2020-21,Cody Martin,16.3,108.7,109.1,109.1,108.1,108.1,108.1,0.7,1.0,1.0,0.138,2.15,25.9,0.059,0.126,0.092,12.0,12.0,0.484,0.5,0.123,0.126,100.37,100.16,83.47,100.16,0.073,1762,1.6,3.6
203469,Cody Zeller,Cody,1610612766,CHA,28.0,48,21,27,0.438,1005.3433333333334,181,324,0.559,4,28,0.143,85,119,0.714,119,209,328,86,51,27,17,30,121,114,451,41,1054.6,8,0,957.0,1,2020-21,Cody Zeller,20.9,110.6,112.3,112.3,111.1,110.3,110.3,-0.5,2.0,2.0,0.125,1.69,16.8,0.115,0.21,0.161,10.0,9.9,0.565,0.599,0.177,0.18,101.29,100.91,84.09,100.91,0.114,2113,3.8,6.8
1630175,Cole Anthony,Cole,1610612753,ORL,21.0,47,13,34,0.277,1272.8433333333332,219,552,0.397,58,172,0.337,109,131,0.832,38,183,221,192,106,30,18,49,98,132,605,-322,1196.2,0,0,1172.0,1,2020-21,Cole Anthony,27.1,102.7,103.5,103.5,114.8,116.3,116.3,-12.1,-12.8,-12.8,0.241,1.81,21.2,0.027,0.142,0.081,11.7,11.7,0.449,0.496,0.235,0.24,101.1,100.08,83.4,100.08,0.091,2662,4.7,11.7
1629012,Collin Sexton,Collin,1610612739,CLE,22.0,60,18,42,0.3,2115.168333333333,525,1105,0.475,98,264,0.371,312,383,0.815,58,129,187,262,167,62,10,97,157,333,1460,-377,2126.4,1,0,2151.0,1,2020-21,Collin Sexton,35.3,103.6,104.8,104.8,113.7,114.0,114.0,-10.1,-9.2,-9.2,0.222,1.57,15.5,0.027,0.063,0.044,9.9,9.8,0.519,0.573,0.286,0.295,99.97,99.26,82.72,99.26,0.115,4386,8.8,18.4
202709,Cory Joseph,Cory,1610612765,DET,29.0,63,25,38,0.397,1446.128333333333,200,426,0.469,45,132,0.341,72,88,0.818,35,124,159,213,79,61,18,24,139,114,517,-194,1185.3,2,0,1092.0,2,2020-21,Cory Joseph,23.0,108.9,109.8,109.8,114.5,115.3,115.3,-5.6,-5.5,-5.5,0.204,2.7,28.2,0.024,0.085,0.055,10.4,10.4,0.522,0.556,0.159,0.163,101.52,100.79,83.99,100.79,0.079,3024,3.2,6.8
1626245,Cristiano Felicio,Cristiano,1610612741,CHI,28.0,18,6,12,0.333,83.55,7,13,0.538,0,2,0.0,9,16,0.563,10,16,26,9,4,4,0,1,10,12,23,22,75.7,0,0,66.0,1,2020-21,Cristiano Felicio,4.6,100.9,96.7,96.7,93.1,89.7,89.7,7.8,7.1,7.1,0.155,2.25,26.5,0.112,0.205,0.156,11.8,12.1,0.538,0.574,0.117,0.122,98.79,102.84,85.7,102.84,0.112,184,0.4,0.7
1626156,D'Angelo Russell,D'Angelo,1610612750,MIN,25.0,42,16,26,0.381,1196.256666666667,281,652,0.431,120,310,0.387,114,149,0.765,16,95,111,244,112,45,18,18,68,138,796,-195,1372.2,6,0,1397.0,1,2020-21,D'Angelo Russell,28.5,109.1,109.7,109.7,115.5,116.8,116.8,-6.3,-7.0,-7.0,0.323,2.18,22.8,0.012,0.077,0.044,10.4,10.4,0.523,0.555,0.283,0.29,105.04,104.18,86.82,104.18,0.114,2591,6.7,15.5
201571,D.J. Augustin,D.J.,1610612745,HOU,33.0,57,28,29,0.491,1128.8133333333333,135,343,0.394,83,217,0.382,85,94,0.904,20,74,94,188,65,28,1,27,56,78,438,-38,854.8,0,0,861.0,2,2020-21,D.J. Augustin,19.8,111.4,112.7,112.7,114.1,114.5,114.5,-2.7,-1.8,-1.8,0.223,2.89,29.7,0.017,0.063,0.04,10.3,10.2,0.515,0.57,0.164,0.169,102.74,101.99,84.99,101.99,0.079,2401,2.4,6.0
1628391,D.J. Wilson,D.J.,1610612745,HOU,25.0,35,13,22,0.371,432.63,68,168,0.405,30,87,0.345,17,25,0.68,20,92,112,23,22,11,16,10,44,22,183,-106,410.9,1,0,402.0,2,2020-21,D.J. Wilson,12.4,100.5,99.7,99.7,109.5,111.0,111.0,-9.0,-11.3,-11.3,0.088,1.05,10.3,0.042,0.199,0.12,9.8,9.8,0.494,0.511,0.195,0.203,102.34,102.07,85.06,102.07,0.087,919,1.9,4.8
1629610,DaQuan Jeffries,DaQuan,1610612759,SAS,23.0,31,6,25,0.194,492.7733333333333,50,120,0.417,20,67,0.299,7,8,0.875,19,52,71,22,14,15,10,8,48,19,127,-56,306.2,0,0,290.0,2,2020-21,DaQuan Jeffries,15.9,108.9,109.0,109.0,114.8,113.4,113.4,-5.9,-4.5,-4.5,0.059,1.57,13.8,0.036,0.103,0.068,8.8,8.8,0.5,0.514,0.114,0.117,104.17,104.76,87.3,104.76,0.045,1072,1.6,3.9
1629751,Dakota Mathias,Dakota,1610612755,PHI,25.0,8,4,4,0.5,123.46,19,48,0.396,8,26,0.308,2,6,0.333,1,6,7,13,1,1,3,0,7,5,48,-31,86.9,0,0,84.0,1,2020-21,Dakota Mathias,15.4,97.4,97.3,97.3,108.2,107.9,107.9,-10.7,-10.6,-10.6,0.157,13.0,20.3,0.007,0.041,0.023,1.6,1.5,0.479,0.474,0.166,0.173,102.66,102.83,85.7,102.83,0.062,263,2.4,6.0
1627745,Damian Jones,Damian,1610612758,SAC,26.0,39,24,15,0.615,545.7266666666667,70,103,0.68,1,5,0.2,42,58,0.724,36,85,121,29,26,11,29,8,77,53,183,-67,465.7,1,0,414.0,3,2020-21,Damian Jones,14.0,105.7,104.9,104.9,110.3,110.0,110.0,-4.6,-5.1,-5.1,0.075,1.12,15.8,0.064,0.156,0.109,14.1,14.2,0.684,0.712,0.12,0.123,102.39,102.95,85.79,102.95,0.083,1167,1.8,2.6
203081,Damian Lillard,Damian,1610612757,POR,30.0,67,39,28,0.582,2397.7966666666666,602,1334,0.451,275,704,0.391,449,484,0.928,32,251,283,505,203,62,17,67,102,423,1928,198,3059.1,16,0,3149.0,1,2020-21,Damian Lillard,35.8,117.3,119.6,119.6,114.6,115.6,115.6,2.7,4.0,4.0,0.334,2.49,22.5,0.012,0.104,0.057,9.0,9.0,0.554,0.623,0.306,0.311,101.8,100.4,83.67,100.4,0.158,5014,9.0,19.9
1627814,Damion Lee,Damion,1610612744,GSW,28.0,57,28,29,0.491,1079.0,128,274,0.467,77,194,0.397,40,44,0.909,22,158,180,73,30,38,8,3,89,61,373,41,806.5,0,0,795.0,1,2020-21,Damion Lee,18.9,110.0,109.7,109.7,108.7,108.2,108.2,1.3,1.6,1.6,0.094,2.43,18.5,0.02,0.142,0.081,7.6,7.6,0.608,0.636,0.127,0.13,102.8,103.21,86.01,103.21,0.088,2322,2.2,4.8
1628422,Damyean Dotson,Damyean,1610612739,CLE,27.0,46,14,32,0.304,907.2183333333334,119,293,0.406,46,159,0.289,24,36,0.667,5,88,93,91,42,16,4,14,42,36,308,-216,574.1,0,0,578.0,1,2020-21,Damyean Dotson,19.7,97.0,97.0,97.0,109.9,109.4,109.4,-12.8,-12.5,-12.5,0.161,2.17,20.6,0.005,0.095,0.048,9.5,9.5,0.485,0.499,0.162,0.167,99.47,99.68,83.07,99.68,0.069,1893,2.6,6.4
1629655,Daniel Gafford,Daniel,1610612764,WAS,22.0,54,31,23,0.574,791.3866666666667,154,225,0.684,0,0,0.0,72,108,0.667,94,137,231,29,41,26,75,12,98,93,380,50,962.7,2,0,842.0,2,2020-21,Daniel Gafford,14.7,112.3,112.5,112.5,108.5,108.4,108.4,3.8,4.1,4.1,0.051,0.71,8.5,0.118,0.16,0.14,12.0,12.0,0.684,0.697,0.161,0.165,104.74,104.72,87.26,104.72,0.122,1717,2.9,4.2
1630187,Daniel Oturu,Daniel,1610612746,LAC,21.0,30,21,9,0.7,160.90333333333334,22,52,0.423,1,5,0.2,9,12,0.75,21,27,48,10,9,4,7,13,24,8,54,10,150.6,1,0,135.0,1,2020-21,Daniel Oturu,5.4,106.7,104.2,104.2,104.3,102.5,102.5,2.4,1.8,1.8,0.092,1.11,13.0,0.119,0.157,0.138,11.7,11.8,0.433,0.471,0.174,0.181,95.88,97.85,81.54,97.85,0.073,330,0.7,1.7
1628464,Daniel Theis,Daniel,1610612741,CHI,29.0,65,28,37,0.431,1600.6766666666667,252,466,0.541,49,152,0.322,74,110,0.673,93,263,356,108,66,41,57,26,167,114,627,-30,1444.2,6,0,1336.0,2,2020-21,Daniel Theis,24.6,108.9,109.4,109.4,110.8,110.8,110.8,-1.9,-1.3,-1.3,0.097,1.64,15.7,0.057,0.164,0.11,9.6,9.6,0.593,0.609,0.154,0.158,100.0,99.75,83.13,99.75,0.095,3333,3.9,7.2
201568,Danilo Gallinari,Danilo,1610612737,ATL,32.0,51,29,22,0.569,1221.8916666666669,206,475,0.434,103,254,0.406,161,174,0.925,17,194,211,76,43,30,10,21,105,125,676,92,1120.2,2,0,1146.0,1,2020-21,Danilo Gallinari,24.0,114.1,113.0,113.0,111.4,110.3,110.3,2.7,2.7,2.7,0.099,1.77,11.4,0.015,0.155,0.087,6.4,6.4,0.542,0.613,0.211,0.219,97.87,98.8,82.33,98.8,0.112,2526,4.0,9.3
201980,Danny Green,Danny,1610612755,PHI,34.0,69,46,23,0.667,1934.3583333333331,224,544,0.412,175,432,0.405,31,40,0.775,55,205,260,118,67,92,56,12,125,43,654,311,1520.0,1,0,1503.0,1,2020-21,Danny Green,28.0,114.1,114.5,114.5,106.0,107.4,107.4,8.0,7.1,7.1,0.08,1.76,15.8,0.029,0.1,0.066,9.0,9.0,0.573,0.582,0.138,0.141,102.13,101.26,84.38,101.26,0.073,4090,3.2,7.9
203957,Dante Exum,Dante,1610612745,HOU,25.0,6,3,3,0.5,116.14833333333333,10,26,0.385,2,11,0.182,1,2,0.5,2,15,17,13,7,4,2,0,9,7,23,6,73.9,0,0,67.0,1,2020-21,Dante Exum,19.4,99.1,99.6,99.6,95.7,96.0,96.0,3.3,3.6,3.6,0.155,1.86,27.7,0.015,0.129,0.069,14.9,14.9,0.423,0.428,0.119,0.121,103.11,102.7,85.58,102.7,0.058,247,1.7,4.3
1627863,Danuel House Jr.,Danuel,1610612745,HOU,28.0,36,8,28,0.222,932.3383333333334,110,272,0.404,54,156,0.346,41,63,0.651,18,114,132,69,36,20,16,11,67,59,315,-222,648.9,0,0,642.0,1,2020-21,Danuel House Jr.,25.9,101.9,103.4,103.4,113.9,114.5,114.5,-11.9,-11.2,-11.2,0.11,1.92,17.1,0.018,0.121,0.067,8.9,8.9,0.504,0.525,0.153,0.155,102.92,101.91,84.93,101.91,0.065,1979,3.1,7.6
203967,Dario Saric,Dario,1610612756,PHX,27.0,50,37,13,0.74,870.4833333333333,153,342,0.447,47,135,0.348,84,99,0.848,46,144,190,65,57,30,4,30,95,88,437,219,807.5,0,0,807.0,1,2020-21,Dario Saric,17.4,117.1,115.9,115.9,106.1,104.4,104.4,10.9,11.5,11.5,0.104,1.14,12.7,0.055,0.168,0.112,11.2,11.2,0.516,0.567,0.218,0.224,99.96,101.27,84.39,101.27,0.094,1840,3.1,6.8
1629647,Darius Bazley,Darius,1610612760,OKC,21.0,55,16,39,0.291,1714.205,273,690,0.396,83,286,0.29,125,178,0.702,51,345,396,99,122,29,25,53,60,127,754,-477,1417.7,11,0,1440.0,1,2020-21,Darius Bazley,31.2,99.8,100.7,100.7,113.3,113.8,113.8,-13.5,-13.1,-13.1,0.091,0.81,10.0,0.027,0.193,0.108,12.3,12.3,0.456,0.491,0.218,0.221,103.1,102.43,85.36,102.43,0.086,3659,5.0,12.5
1629636,Darius Garland,Darius,1610612739,CLE,21.0,54,18,36,0.333,1789.9433333333334,362,802,0.451,105,266,0.395,112,132,0.848,23,106,129,329,164,66,6,36,110,148,941,-237,1641.3,6,0,1648.0,1,2020-21,Darius Garland,33.1,104.8,105.7,105.7,111.2,112.3,112.3,-6.5,-6.6,-6.6,0.298,2.01,24.4,0.013,0.062,0.037,12.1,12.1,0.517,0.547,0.245,0.25,99.67,98.78,82.32,98.78,0.101,3687,6.7,14.9
203121,Darius Miller,Darius,1610612760,OKC,31.0,18,5,13,0.278,196.795,22,48,0.458,17,42,0.405,12,12,1.0,2,22,24,21,8,13,5,0,13,7,73,37,179.3,0,0,171.0,1,2020-21,Darius Miller,10.9,107.1,105.3,105.3,99.5,98.1,98.1,7.6,7.2,7.2,0.151,2.63,25.9,0.011,0.103,0.06,9.9,9.7,0.635,0.685,0.127,0.134,103.31,104.88,87.4,104.88,0.115,433,1.2,2.7
1628021,David Nwaba,David,1610612745,HOU,28.0,30,8,22,0.267,678.5633333333334,106,218,0.486,17,63,0.27,47,68,0.691,40,78,118,31,17,30,21,26,60,60,276,-28,600.1,1,0,544.0,1,2020-21,David Nwaba,22.6,105.5,106.8,106.8,106.2,108.0,108.0,-0.7,-1.3,-1.3,0.07,1.82,10.5,0.055,0.108,0.081,5.8,5.7,0.525,0.557,0.163,0.166,104.47,102.96,85.8,102.96,0.089,1451,3.5,7.3
202722,Davis Bertans,Davis,1610612764,WAS,28.0,57,29,28,0.509,1463.675,193,478,0.404,169,428,0.395,100,115,0.87,18,150,168,49,33,33,13,6,136,76,655,111,1035.1,0,0,1133.0,1,2020-21,Davis Bertans,25.7,111.8,112.8,112.8,110.5,110.8,110.8,1.3,2.1,2.1,0.043,1.48,8.2,0.011,0.095,0.053,5.5,5.4,0.581,0.62,0.148,0.155,107.17,106.56,88.8,106.56,0.069,3269,3.4,8.4
1628368,De'Aaron Fox,De'Aaron,1610612758,SAC,23.0,58,24,34,0.414,2036.1416666666669,529,1110,0.477,103,320,0.322,300,417,0.719,33,170,203,417,174,87,27,64,170,318,1461,-195,2498.1,11,0,2412.0,1,2020-21,De'Aaron Fox,35.1,112.7,113.5,113.5,117.0,118.0,118.0,-4.3,-4.5,-4.5,0.326,2.4,22.2,0.016,0.085,0.05,9.3,9.2,0.523,0.565,0.304,0.309,102.67,101.86,84.89,101.86,0.124,4320,9.1,19.1
1629631,De'Andre Hunter,De'Andre,1610612737,ATL,23.0,23,12,11,0.522,677.7966666666666,120,248,0.484,31,95,0.326,73,85,0.859,17,93,110,44,29,19,12,8,59,73,344,84,606.0,1,0,591.0,1,2020-21,De'Andre Hunter,29.5,110.5,111.3,111.3,105.4,105.9,105.9,5.1,5.5,5.5,0.098,1.52,12.2,0.024,0.125,0.076,8.1,8.1,0.546,0.603,0.194,0.196,102.4,101.8,84.83,101.8,0.104,1440,5.2,10.8
1629001,De'Anthony Melton,De'Anthony,1610612763,MEM,23.0,52,27,25,0.519,1045.2133333333334,172,393,0.438,87,211,0.412,41,51,0.804,30,131,161,132,66,60,31,23,85,64,472,119,1070.2,1,0,1034.0,1,2020-21,De'Anthony Melton,20.1,110.2,111.4,111.4,105.5,105.4,105.4,4.7,6.0,6.0,0.172,2.0,21.6,0.026,0.118,0.072,10.8,10.8,0.548,0.568,0.189,0.193,103.21,102.73,85.61,102.73,0.1,2230,3.3,7.6
201599,DeAndre Jordan,DeAndre,1610612751,BKN,32.0,57,37,20,0.649,1246.0183333333334,190,249,0.763,0,1,0.0,46,92,0.5,117,310,427,93,85,17,65,6,116,84,426,-42,1238.9,6,0,1110.0,1,2020-21,DeAndre Jordan,21.9,113.4,113.0,113.0,112.8,114.8,114.8,0.6,-1.9,-1.9,0.099,1.09,19.9,0.097,0.231,0.168,18.2,18.2,0.763,0.736,0.128,0.131,101.76,101.05,84.2,101.05,0.112,2626,3.3,4.4
1627761,DeAndre' Bembry,DeAndre',1610612761,TOR,26.0,51,23,28,0.451,971.875,117,228,0.513,14,53,0.264,45,66,0.682,33,113,146,107,71,53,18,21,87,54,293,7,770.7,0,0,702.0,1,2020-21,DeAndre' Bembry,19.1,108.1,108.1,108.1,107.5,107.7,107.7,0.6,0.4,0.4,0.157,1.51,24.6,0.033,0.112,0.072,16.3,16.3,0.544,0.57,0.142,0.146,101.19,101.1,84.25,101.1,0.079,2046,2.3,4.5
201942,DeMar DeRozan,DeMar,1610612759,SAS,31.0,61,27,34,0.443,2056.46,455,920,0.495,19,74,0.257,387,440,0.88,40,219,259,422,119,56,15,60,128,328,1316,-105,2353.8,13,0,2158.0,1,2020-21,DeMar DeRozan,33.7,111.7,113.0,113.0,114.7,115.5,115.5,-3.0,-2.5,-2.5,0.309,3.55,25.7,0.019,0.106,0.062,7.2,7.2,0.505,0.591,0.255,0.26,101.05,100.09,83.41,100.09,0.139,4289,7.5,15.1
202326,DeMarcus Cousins,DeMarcus,1610612746,LAC,30.0,41,22,19,0.537,712.8716666666667,130,305,0.426,47,135,0.348,59,81,0.728,53,210,263,76,64,34,24,22,107,90,366,-60,905.6,7,0,868.0,2,2020-21,DeMarcus Cousins,17.4,102.5,103.4,103.4,106.2,106.6,106.6,-3.7,-3.2,-3.2,0.174,1.19,15.9,0.07,0.293,0.178,13.4,13.3,0.503,0.537,0.239,0.244,102.58,101.91,84.92,101.91,0.13,1508,3.2,7.4
1629731,Dean Wade,Dean,1610612739,CLE,24.0,63,19,44,0.302,1212.1083333333331,134,311,0.431,78,213,0.366,30,39,0.769,38,177,215,74,30,35,21,9,78,35,376,-222,883.0,1,0,855.0,1,2020-21,Dean Wade,19.2,102.3,102.9,102.9,112.3,111.9,111.9,-10.0,-9.0,-9.0,0.094,2.47,17.2,0.031,0.154,0.09,7.0,6.9,0.556,0.573,0.128,0.131,99.19,99.06,82.55,99.06,0.082,2503,2.1,4.9
1629028,Deandre Ayton,Deandre,1610612756,PHX,22.0,69,48,21,0.696,2114.59,430,687,0.626,4,20,0.2,133,173,0.769,228,499,727,99,103,41,81,46,196,163,997,274,2280.9,33,0,2071.0,1,2020-21,Deandre Ayton,30.6,116.3,117.1,117.1,110.3,110.8,110.8,6.0,6.3,6.3,0.066,0.96,10.3,0.117,0.236,0.179,10.7,10.7,0.629,0.653,0.179,0.183,98.6,98.05,81.71,98.05,0.13,4320,6.2,10.0
1629686,Deividas Sirvydis,Deividas,1610612765,DET,21.0,20,8,12,0.4,133.11333333333334,14,40,0.35,10,28,0.357,3,6,0.5,0,29,29,5,5,2,0,2,9,5,41,-23,84.3,0,0,89.0,1,2020-21,Deividas Sirvydis,6.7,98.0,97.2,97.2,110.0,106.9,106.9,-11.9,-9.7,-9.7,0.062,1.0,9.6,0.0,0.225,0.107,9.6,9.5,0.475,0.481,0.15,0.157,98.75,100.61,83.84,100.61,0.07,281,0.7,2.0
1627749,Dejounte Murray,Dejounte,1610612759,SAS,24.0,67,32,35,0.478,2139.415,441,974,0.453,63,199,0.317,106,134,0.791,58,415,473,363,117,101,7,56,135,132,1051,88,2370.1,13,4,2166.0,1,2020-21,Dejounte Murray,31.9,110.3,111.8,111.8,109.2,109.5,109.5,1.1,2.3,2.3,0.246,3.1,24.0,0.026,0.19,0.108,7.7,7.7,0.485,0.509,0.231,0.234,100.79,100.02,83.35,100.02,0.124,4452,6.6,14.5
1626153,Delon Wright,Delon,1610612758,SAC,29.0,63,21,42,0.333,1747.9483333333333,240,518,0.463,64,172,0.372,101,126,0.802,65,204,269,278,83,101,30,37,75,134,645,-108,1694.8,3,0,1518.0,2,2020-21,Delon Wright,27.7,107.3,108.3,108.3,110.9,111.8,111.8,-3.6,-3.5,-3.5,0.237,3.35,29.7,0.036,0.122,0.077,8.9,8.9,0.525,0.562,0.163,0.165,99.75,98.91,82.43,98.91,0.115,3610,3.8,8.2
1630166,Deni Avdija,Deni,1610612764,WAS,20.0,54,25,29,0.463,1256.8766666666668,130,312,0.417,53,168,0.315,29,45,0.644,22,240,262,63,33,32,15,16,140,44,342,-81,858.9,2,0,814.0,1,2020-21,Deni Avdija,23.3,107.2,107.8,107.8,110.4,109.9,109.9,-3.2,-2.1,-2.1,0.064,1.91,14.8,0.017,0.181,0.099,7.7,7.7,0.502,0.515,0.118,0.121,106.3,106.28,88.57,106.28,0.06,2773,2.4,5.8
203471,Dennis Schröder,Dennis,1610612747,LAL,27.0,61,38,23,0.623,1956.2766666666664,332,760,0.437,71,212,0.335,206,243,0.848,30,181,211,351,163,70,13,74,159,226,941,84,1806.7,6,0,1740.0,1,2020-21,Dennis Schröder,32.1,109.6,110.8,110.8,107.1,108.6,108.6,2.4,2.2,2.2,0.262,2.15,25.4,0.016,0.093,0.055,11.8,11.8,0.484,0.543,0.227,0.23,100.91,99.67,83.06,99.67,0.097,4059,5.4,12.5
1628372,Dennis Smith Jr.,Dennis,1610612765,DET,23.0,23,7,16,0.304,420.0183333333333,58,145,0.4,19,58,0.328,19,26,0.731,12,43,55,77,26,23,14,12,37,30,154,-19,420.5,1,1,379.0,2,2020-21,Dennis Smith Jr.,18.3,105.9,105.8,105.8,107.5,108.1,108.1,-1.7,-2.2,-2.2,0.276,2.96,29.6,0.029,0.099,0.065,10.0,10.0,0.466,0.492,0.191,0.195,98.16,97.94,81.62,97.94,0.093,857,2.5,6.3
1627756,Denzel Valentine,Denzel,1610612741,CHI,27.0,62,26,36,0.419,1035.775,155,416,0.373,80,242,0.331,16,17,0.941,24,173,197,105,42,30,7,14,70,29,406,45,868.9,0,0,862.0,1,2020-21,Denzel Valentine,16.7,108.1,107.7,107.7,106.9,106.7,106.7,1.1,1.0,1.0,0.144,2.5,18.4,0.022,0.168,0.094,7.4,7.4,0.469,0.479,0.19,0.196,99.79,100.05,83.38,100.05,0.085,2170,2.5,6.7
202324,Derrick Favors,Derrick,1610612762,UTA,29.0,68,49,19,0.721,1039.205,155,243,0.638,0,2,0.0,59,80,0.738,138,238,376,44,36,32,68,16,143,63,369,37,1150.2,1,0,989.0,1,2020-21,Derrick Favors,15.3,114.2,114.1,114.1,113.0,111.6,111.6,1.2,2.6,2.6,0.059,1.22,12.3,0.13,0.227,0.178,10.1,10.1,0.638,0.663,0.125,0.129,100.45,101.18,84.31,101.18,0.111,2182,2.3,3.6
1627884,Derrick Jones Jr.,Derrick,1610612757,POR,24.0,58,32,26,0.552,1317.9283333333333,147,304,0.484,43,136,0.316,59,91,0.648,77,128,205,47,32,37,54,16,127,72,396,-64,953.5,0,0,873.0,1,2020-21,Derrick Jones Jr.,22.7,112.2,113.3,113.3,112.8,114.0,114.0,-0.6,-0.8,-0.8,0.049,1.47,11.1,0.055,0.094,0.074,7.6,7.6,0.554,0.576,0.122,0.125,100.5,99.5,82.92,99.5,0.058,2713,2.5,5.2
201565,Derrick Rose,Derrick,1610612752,NYK,32.0,50,28,22,0.56,1278.8583333333331,287,611,0.47,50,129,0.388,110,127,0.866,20,110,130,209,78,49,19,31,56,99,734,133,1329.5,1,0,1259.0,2,2020-21,Derrick Rose,25.6,108.6,109.8,109.8,104.0,105.0,105.0,4.6,4.9,4.9,0.276,2.68,21.9,0.015,0.081,0.049,8.2,8.2,0.511,0.55,0.252,0.258,99.34,98.32,81.93,98.32,0.133,2622,5.7,12.2
1628401,Derrick White,Derrick,1610612759,SAS,26.0,36,18,18,0.5,1063.5383333333334,186,453,0.411,84,243,0.346,97,114,0.851,13,94,107,127,45,26,36,29,91,115,553,95,1012.9,0,0,995.0,1,2020-21,Derrick White,29.5,112.9,113.9,113.9,108.1,108.8,108.8,4.9,5.1,5.1,0.168,2.82,18.9,0.012,0.086,0.049,6.7,6.7,0.503,0.55,0.223,0.226,100.04,99.29,82.74,99.29,0.09,2192,5.2,12.6
1630217,Desmond Bane,Desmond,1610612763,MEM,23.0,68,36,32,0.529,1518.965,234,499,0.469,117,271,0.432,40,49,0.816,31,179,210,118,59,41,16,35,125,44,625,12,1166.0,0,0,1184.0,1,2020-21,Desmond Bane,22.3,109.3,110.1,110.1,110.2,109.7,109.7,-0.9,0.4,0.4,0.105,2.0,17.1,0.019,0.116,0.066,8.5,8.5,0.586,0.6,0.155,0.161,101.89,101.71,84.76,101.71,0.08,3218,3.4,7.3
1626164,Devin Booker,Devin,1610612756,PHX,24.0,67,48,19,0.716,2270.0533333333333,623,1287,0.484,126,371,0.34,340,392,0.867,34,247,281,289,207,53,16,46,181,346,1712,331,2482.7,1,0,2546.0,1,2020-21,Devin Booker,33.9,117.8,118.6,118.6,110.4,111.4,111.4,7.4,7.2,7.2,0.2,1.4,14.9,0.016,0.108,0.064,10.6,10.6,0.533,0.587,0.319,0.326,99.34,98.5,82.09,98.5,0.125,4656,9.3,19.2
1629962,Devin Cannady,Devin,1610612753,ORL,25.0,8,0,8,0.0,74.35,11,28,0.393,6,16,0.375,6,7,0.857,0,5,5,1,2,5,1,0,9,4,34,-23,57.5,0,0,58.0,1,2020-21,Devin Cannady,9.3,100.7,100.6,100.6,114.8,114.4,114.4,-14.1,-13.7,-13.7,0.023,0.5,2.9,0.0,0.065,0.03,5.9,5.9,0.5,0.547,0.181,0.19,102.73,102.97,85.81,102.97,0.061,159,1.4,3.5
1630170,Devin Vassell,Devin,1610612759,SAS,20.0,62,30,32,0.484,1055.9633333333334,123,303,0.406,52,150,0.347,43,51,0.843,24,150,174,56,22,43,18,7,88,42,341,-65,794.8,0,0,745.0,1,2020-21,Devin Vassell,17.0,106.7,106.5,106.5,109.5,108.9,108.9,-2.8,-2.4,-2.4,0.071,2.55,14.0,0.021,0.138,0.079,5.5,5.5,0.492,0.524,0.138,0.143,102.0,102.37,85.31,102.37,0.071,2247,2.0,4.9
1629653,Devon Dotson,Devon,1610612741,CHI,21.0,11,4,7,0.364,50.21333333333333,11,21,0.524,1,7,0.143,0,0,0.0,2,3,5,7,0,4,0,2,3,2,23,32,51.5,0,0,44.0,1,2020-21,Devon Dotson,4.6,108.4,105.3,105.3,84.9,83.7,83.7,23.5,21.7,21.7,0.2,0.0,25.0,0.039,0.061,0.05,0.0,0.0,0.548,0.548,0.16,0.175,101.42,103.72,86.43,103.72,0.166,113,1.0,1.9
1629719,Devontae Cacok,Devontae,1610612747,LAL,24.0,20,8,12,0.4,97.63333333333334,17,29,0.586,0,0,0.0,5,11,0.455,12,20,32,1,5,5,4,4,8,13,39,42,100.9,0,0,90.0,1,2020-21,Devontae Cacok,4.9,115.4,116.7,116.7,101.1,98.6,98.6,14.3,18.1,18.1,0.013,0.2,2.5,0.117,0.183,0.151,12.5,12.6,0.586,0.576,0.154,0.157,104.73,105.46,87.88,105.46,0.114,216,0.9,1.5
1628984,Devonte' Graham,Devonte',1610612766,CHA,26.0,55,23,32,0.418,1658.6033333333332,252,669,0.377,179,477,0.375,133,158,0.842,22,126,148,295,84,48,6,23,77,133,816,98,1514.1,3,0,1546.0,1,2020-21,Devonte' Graham,30.2,108.9,109.2,109.2,108.0,107.1,107.1,0.9,2.1,2.1,0.272,3.51,26.4,0.013,0.075,0.043,7.5,7.5,0.51,0.552,0.211,0.216,99.04,99.34,82.78,99.34,0.103,3444,4.6,12.2
203473,Dewayne Dedmon,Dewayne,1610612748,MIA,31.0,16,11,5,0.688,210.47166666666664,46,65,0.708,1,5,0.2,20,27,0.741,28,58,86,12,13,9,6,3,36,22,113,68,266.2,1,0,242.0,1,2020-21,Dewayne Dedmon,13.2,122.8,121.3,121.3,106.5,104.2,104.2,16.4,17.1,17.1,0.083,0.92,11.9,0.137,0.282,0.21,12.9,12.8,0.715,0.735,0.183,0.191,96.47,98.18,81.82,98.18,0.149,428,2.9,4.1
1629712,Didi Louzada,Didi,1610612740,NOP,21.0,3,0,3,0.0,56.336666666666666,3,13,0.231,2,8,0.25,0,0,0.0,1,2,3,3,3,2,0,1,5,0,8,-11,19.1,0,0,20.0,1,2020-21,Didi Louzada,18.8,99.3,102.5,102.5,111.6,109.8,109.8,-12.3,-7.3,-7.3,0.073,1.0,15.8,0.015,0.032,0.023,15.8,15.8,0.308,0.308,0.114,0.116,103.91,103.09,85.91,103.09,-0.012,120,1.0,4.3
1628415,Dillon Brooks,Dillon,1610612763,MEM,25.0,67,36,31,0.537,1996.6566666666668,432,1031,0.419,128,372,0.344,159,195,0.815,53,143,196,157,119,78,26,40,237,166,1151,153,1814.7,0,0,1840.0,1,2020-21,Dillon Brooks,29.8,112.6,113.9,113.9,108.0,109.4,109.4,4.6,4.5,4.5,0.112,1.32,11.3,0.026,0.069,0.047,8.6,8.5,0.481,0.515,0.256,0.261,103.43,102.16,85.13,102.16,0.066,4233,6.4,15.4
1627734,Domantas Sabonis,Domantas,1610612754,IND,25.0,62,29,33,0.468,2231.4466666666667,484,904,0.535,52,162,0.321,240,328,0.732,150,592,742,415,213,76,33,54,203,297,1260,-91,2886.9,48,9,2687.0,1,2020-21,Domantas Sabonis,36.0,108.2,109.6,109.6,109.9,111.5,111.5,-1.7,-1.9,-1.9,0.283,1.95,24.9,0.066,0.259,0.162,12.8,12.7,0.564,0.601,0.239,0.243,103.45,102.1,85.08,102.1,0.154,4746,7.8,14.6
1628378,Donovan Mitchell,Donovan,1610612762,UTA,24.0,53,39,14,0.736,1771.4366666666667,478,1091,0.438,178,461,0.386,267,316,0.845,50,185,235,277,147,52,15,47,117,249,1401,287,2152.5,2,0,2225.0,1,2020-21,Donovan Mitchell,33.4,116.2,117.1,117.1,108.0,109.2,109.2,8.2,7.9,7.9,0.266,1.88,16.8,0.028,0.095,0.063,8.9,8.9,0.52,0.569,0.327,0.334,100.96,99.99,83.32,99.99,0.138,3688,9.0,20.6
1629743,Donta Hall,Donta,1610612753,ORL,23.0,13,3,10,0.231,179.2483333333333,25,35,0.714,0,0,0.0,23,34,0.676,24,38,62,11,8,5,10,2,18,25,73,-19,200.9,1,0,176.0,1,2020-21,Donta Hall,13.8,102.9,97.9,97.9,103.5,104.5,104.5,-0.6,-6.5,-6.5,0.102,1.38,15.9,0.126,0.193,0.16,11.6,11.6,0.714,0.731,0.135,0.143,101.08,103.1,85.91,103.1,0.145,388,1.9,2.7
1628978,Donte DiVincenzo,Donte,1610612749,MIL,24.0,66,44,22,0.667,1814.6633333333332,253,603,0.42,131,346,0.379,51,71,0.718,81,299,380,203,91,72,15,31,112,86,688,304,1618.5,5,0,1576.0,1,2020-21,Donte DiVincenzo,27.5,116.6,117.3,117.3,109.4,109.1,109.1,7.1,8.1,8.1,0.137,2.23,21.9,0.043,0.155,0.1,9.8,9.8,0.528,0.542,0.163,0.166,104.94,104.77,87.31,104.77,0.087,3953,3.8,9.1
1627827,Dorian Finney-Smith,Dorian,1610612742,DAL,28.0,60,36,24,0.6,1920.5383333333332,220,466,0.472,119,302,0.394,31,41,0.756,98,228,326,102,48,52,25,23,138,56,590,199,1317.2,1,0,1291.0,1,2020-21,Dorian Finney-Smith,32.0,116.4,117.2,117.2,110.9,112.1,112.1,5.5,5.1,5.1,0.07,2.13,16.1,0.052,0.116,0.084,7.6,7.6,0.6,0.609,0.12,0.123,99.22,98.37,81.98,98.37,0.074,3935,3.7,7.8
203926,Doug McDermott,Doug,1610612754,IND,29.0,66,32,34,0.485,1619.131666666667,354,665,0.532,111,286,0.388,80,98,0.816,60,161,221,85,53,20,6,49,117,75,899,-48,1316.7,0,0,1368.0,1,2020-21,Doug McDermott,24.5,109.5,110.5,110.5,111.6,112.3,112.3,-2.1,-1.8,-1.8,0.075,1.6,10.1,0.036,0.096,0.066,6.3,6.3,0.616,0.635,0.194,0.199,104.5,103.7,86.42,103.7,0.096,3505,5.4,10.1
203110,Draymond Green,Draymond,1610612744,GSW,31.0,63,35,28,0.556,1981.7616666666668,170,380,0.447,34,126,0.27,70,88,0.795,55,393,448,558,188,105,52,15,194,119,444,239,2101.6,17,6,1798.0,1,2020-21,Draymond Green,31.5,113.7,114.8,114.8,108.5,109.3,109.3,5.2,5.4,5.4,0.345,2.97,48.0,0.028,0.184,0.11,16.2,16.1,0.492,0.53,0.128,0.13,105.13,104.21,86.84,104.21,0.107,4305,2.7,6.0
1629234,Drew Eubanks,Drew,1610612759,SAS,24.0,54,21,33,0.389,755.2783333333333,116,205,0.566,2,2,1.0,77,106,0.726,74,167,241,42,45,18,49,19,88,96,311,-96,819.2,3,0,730.0,1,2020-21,Drew Eubanks,14.0,103.7,103.6,103.6,109.2,108.2,108.2,-5.5,-4.6,-4.6,0.086,0.93,12.4,0.09,0.207,0.148,13.2,13.3,0.571,0.618,0.166,0.17,101.79,102.29,85.24,102.29,0.115,1599,2.1,3.8
1629130,Duncan Robinson,Duncan,1610612748,MIA,27.0,72,40,32,0.556,2261.725,315,717,0.439,250,613,0.408,62,75,0.827,7,243,250,127,81,43,20,19,181,98,942,118,1540.5,1,0,1695.0,1,2020-21,Duncan Robinson,31.4,110.0,110.6,110.6,107.1,108.3,108.3,2.9,2.3,2.3,0.082,1.57,13.4,0.003,0.109,0.057,8.5,8.5,0.614,0.628,0.162,0.167,98.34,97.55,81.29,97.55,0.075,4602,4.4,10.0
1628407,Dwayne Bacon,Dwayne,1610612753,ORL,25.0,72,21,51,0.292,1852.7833333333333,292,726,0.402,59,207,0.285,145,176,0.824,31,193,224,93,46,45,5,39,103,128,788,-443,1300.3,0,0,1264.0,1,2020-21,Dwayne Bacon,25.7,101.2,101.3,101.3,112.3,112.8,112.8,-11.1,-11.4,-11.4,0.08,2.02,9.9,0.015,0.102,0.056,4.9,4.9,0.443,0.49,0.193,0.198,100.67,100.39,83.66,100.39,0.069,3875,4.1,10.1
2730,Dwight Howard,Dwight,1610612755,PHI,35.0,69,46,23,0.667,1195.535,178,303,0.587,5,20,0.25,121,210,0.576,190,390,580,61,112,30,62,25,200,194,482,-66,1433.5,12,0,1312.0,1,2020-21,Dwight Howard,17.3,104.2,103.9,103.9,106.1,106.3,106.3,-1.9,-2.4,-2.4,0.076,0.54,10.7,0.148,0.309,0.228,19.7,19.7,0.596,0.61,0.173,0.18,101.13,101.16,84.3,101.16,0.13,2517,2.6,4.4
203939,Dwight Powell,Dwight,1610612742,DAL,29.0,58,36,22,0.621,965.5783333333334,120,194,0.619,5,21,0.238,97,124,0.782,80,154,234,63,40,36,30,16,135,133,342,75,875.3,1,0,776.0,1,2020-21,Dwight Powell,16.6,113.5,112.8,112.8,108.8,108.8,108.8,4.6,4.0,4.0,0.09,1.58,17.8,0.086,0.158,0.123,11.3,11.4,0.631,0.688,0.129,0.133,99.54,99.87,83.22,99.87,0.099,2007,2.1,3.3
1629685,Dylan Windler,Dylan,1610612739,CLE,24.0,31,11,20,0.355,512.6516666666666,57,130,0.438,26,77,0.338,21,27,0.778,20,87,107,33,32,19,12,7,37,23,161,-62,399.9,1,0,389.0,1,2020-21,Dylan Windler,16.5,105.4,104.6,104.6,111.7,111.1,111.1,-6.3,-6.5,-6.5,0.089,1.03,15.9,0.039,0.171,0.104,15.5,15.5,0.538,0.567,0.14,0.146,101.21,101.87,84.89,101.87,0.082,1092,1.8,4.2
202734,E'Twaun Moore,E'Twaun,1610612756,PHX,32.0,27,20,7,0.741,388.7466666666666,55,121,0.455,11,35,0.314,12,14,0.857,14,31,45,40,23,15,5,11,32,15,133,7,284.0,0,0,269.0,1,2020-21,E'Twaun Moore,14.4,107.5,108.4,108.4,108.0,107.9,107.9,-0.5,0.5,0.5,0.14,1.74,20.9,0.035,0.08,0.057,12.0,12.1,0.5,0.523,0.164,0.167,101.68,101.31,84.43,101.31,0.064,822,2.0,4.5
202334,Ed Davis,Ed,1610612750,MIN,32.0,23,5,18,0.217,298.93333333333334,19,44,0.432,0,0,0.0,10,12,0.833,46,69,115,21,7,13,13,8,56,12,48,-47,288.5,0,0,236.0,1,2020-21,Ed Davis,13.0,101.4,101.4,101.4,108.2,109.0,109.0,-6.8,-7.6,-7.6,0.1,3.0,26.9,0.127,0.235,0.176,9.0,9.1,0.432,0.487,0.078,0.079,101.64,101.24,84.37,101.24,0.079,631,0.8,1.9
1628410,Edmond Sumner,Edmond,1610612754,IND,25.0,53,23,30,0.434,861.2033333333334,148,282,0.525,35,88,0.398,68,83,0.819,18,76,94,49,51,33,10,16,88,62,399,-33,663.3,0,0,663.0,1,2020-21,Edmond Sumner,16.2,111.8,111.8,111.8,112.3,112.2,112.2,-0.5,-0.4,-0.4,0.075,0.96,11.8,0.02,0.083,0.052,12.2,12.2,0.587,0.626,0.176,0.18,105.87,105.9,88.25,105.9,0.072,1889,2.8,5.3
203901,Elfrid Payton,Elfrid,1610612752,NYK,27.0,63,36,27,0.571,1484.41,269,622,0.432,28,98,0.286,73,107,0.682,64,152,216,203,103,47,9,78,116,107,639,-98,1267.7,0,0,1198.0,1,2020-21,Elfrid Payton,23.6,106.3,107.8,107.8,109.2,110.8,110.8,-2.9,-3.0,-3.0,0.209,1.97,20.9,0.041,0.098,0.069,10.6,10.6,0.455,0.478,0.224,0.228,98.7,97.3,81.08,97.3,0.079,3006,4.3,9.9
1629091,Elijah Bryant,Elijah,1610612749,MIL,26.0,1,0,1,0.0,31.57,6,13,0.462,1,5,0.2,3,3,1.0,2,4,6,3,4,0,1,0,4,3,16,11,26.7,0,0,28.0,1,2020-21,Elijah Bryant,31.6,118.6,119.7,119.7,106.7,105.7,105.7,11.9,14.0,14.0,0.13,0.75,14.3,0.065,0.133,0.098,19.0,18.8,0.5,0.559,0.231,0.239,107.22,107.19,89.33,107.19,0.072,71,6.0,13.0
1630190,Elijah Hughes,Elijah,1610612762,UTA,23.0,18,14,4,0.778,63.715,10,30,0.333,8,23,0.348,3,4,0.75,1,8,9,6,6,1,1,1,1,4,31,-37,50.8,0,0,58.0,1,2020-21,Elijah Hughes,3.5,98.4,91.5,91.5,123.1,120.3,120.3,-24.7,-28.8,-28.8,0.158,1.0,13.6,0.014,0.119,0.066,13.6,13.7,0.467,0.488,0.242,0.26,100.21,105.09,87.58,105.09,0.071,141,0.6,1.7
202683,Enes Freedom,Enes,1610612757,POR,29.0,72,42,30,0.583,1757.236666666667,339,561,0.604,1,4,0.25,127,164,0.774,284,511,795,84,78,33,48,68,168,144,806,155,2051.0,34,0,1848.0,1,2020-21,Enes Freedom,24.4,117.4,119.7,119.7,114.4,114.8,114.8,3.0,4.9,4.9,0.069,1.08,10.6,0.148,0.281,0.213,9.8,9.8,0.605,0.636,0.169,0.172,99.9,98.79,82.32,98.79,0.141,3607,4.7,7.8
202339,Eric Bledsoe,Eric,1610612740,NOP,31.0,71,31,40,0.437,2111.516666666667,307,730,0.421,121,355,0.341,134,195,0.687,29,215,244,268,114,55,24,26,112,189,869,-66,1686.8,4,0,1660.0,1,2020-21,Eric Bledsoe,29.7,112.3,113.0,113.0,113.8,114.8,114.8,-1.5,-1.8,-1.8,0.17,2.35,22.4,0.013,0.1,0.057,9.5,9.5,0.503,0.533,0.181,0.185,102.46,101.67,84.73,101.67,0.077,4479,4.3,10.3
201569,Eric Gordon,Eric,1610612745,HOU,32.0,27,10,17,0.37,788.7133333333334,159,367,0.433,69,210,0.329,94,114,0.825,8,50,58,71,51,14,13,19,44,83,481,-68,687.1,0,0,733.0,1,2020-21,Eric Gordon,29.2,104.9,106.8,106.8,108.8,110.1,110.1,-3.9,-3.3,-3.3,0.147,1.39,13.3,0.009,0.062,0.035,9.6,9.5,0.527,0.577,0.246,0.251,104.41,102.85,85.71,102.85,0.097,1684,5.9,13.6
1629672,Eric Paschall,Eric,1610612744,GSW,24.0,40,20,20,0.5,695.0166666666667,148,298,0.497,18,54,0.333,67,94,0.713,28,100,128,51,43,12,7,25,68,79,381,-113,625.1,0,0,616.0,1,2020-21,Eric Paschall,17.4,103.7,103.7,103.7,109.9,110.5,110.5,-6.2,-6.8,-6.8,0.125,1.19,11.9,0.038,0.138,0.088,10.0,9.9,0.527,0.561,0.234,0.241,103.07,102.8,85.67,102.8,0.098,1483,3.7,7.5
101141,Ersan Ilyasova,Ersan,1610612762,UTA,34.0,17,14,3,0.824,147.53833333333333,21,54,0.389,18,41,0.439,5,5,1.0,7,22,29,4,8,10,3,4,29,9,65,15,136.8,0,0,142.0,1,2020-21,Ersan Ilyasova,8.7,108.6,109.7,109.7,105.9,103.0,103.0,2.7,6.7,6.7,0.04,0.5,5.9,0.047,0.143,0.095,11.8,11.7,0.556,0.578,0.19,0.194,97.52,98.42,82.01,98.42,0.062,300,1.2,3.2
203095,Evan Fournier,Evan,1610612738,BOS,28.0,42,18,24,0.429,1259.003333333333,247,541,0.457,117,283,0.413,108,137,0.788,10,118,128,144,73,47,19,28,96,107,719,-35,1213.6,0,0,1240.0,2,2020-21,Evan Fournier,30.0,110.7,111.6,111.6,112.7,113.0,113.0,-2.0,-1.4,-1.4,0.17,1.97,17.8,0.007,0.094,0.049,9.0,8.9,0.565,0.598,0.222,0.229,102.36,101.83,84.86,101.83,0.098,2672,5.9,12.9
1630267,Facundo Campazzo,Facundo,1610612743,DEN,30.0,65,43,22,0.662,1424.9316666666666,120,315,0.381,76,216,0.352,80,91,0.879,22,112,134,232,73,79,14,8,132,129,396,78,1110.8,1,0,1024.0,1,2020-21,Facundo Campazzo,21.9,111.1,111.6,111.6,108.8,108.8,108.8,2.3,2.8,2.8,0.215,3.18,35.3,0.015,0.081,0.047,11.1,11.1,0.502,0.558,0.128,0.131,99.32,99.09,82.57,99.09,0.074,2940,1.8,4.8
1628402,Frank Jackson,Frank,1610612765,DET,23.0,40,13,27,0.325,738.2416666666667,134,293,0.457,61,150,0.407,61,75,0.813,15,71,86,36,34,15,1,16,53,67,390,-13,561.2,0,0,605.0,1,2020-21,Frank Jackson,18.5,105.7,106.1,106.1,106.5,107.0,107.0,-0.8,-1.0,-1.0,0.079,1.06,9.2,0.021,0.092,0.057,8.7,8.6,0.561,0.598,0.207,0.214,100.15,99.74,83.12,99.74,0.093,1535,3.4,7.3
1626163,Frank Kaminsky,Frank,1610612756,PHX,28.0,47,33,14,0.702,714.8066666666666,121,257,0.471,31,85,0.365,37,60,0.617,36,152,188,79,22,14,17,21,70,48,310,56,725.1,2,0,670.0,1,2020-21,Frank Kaminsky,15.2,113.7,113.5,113.5,109.4,108.9,108.9,4.3,4.6,4.6,0.154,3.59,20.5,0.051,0.208,0.131,5.7,5.7,0.531,0.547,0.185,0.19,99.29,99.62,83.02,99.62,0.106,1478,2.6,5.5
1628412,Frank Mason III,Frank,1610612753,ORL,27.0,4,1,3,0.25,79.28333333333333,9,24,0.375,2,5,0.4,5,7,0.714,3,9,12,12,5,0,0,5,7,4,25,-19,52.4,0,0,51.0,1,2020-21,Frank Mason III,19.8,96.0,96.9,96.9,108.3,108.0,108.0,-12.2,-11.1,-11.1,0.218,2.4,27.3,0.033,0.103,0.068,11.4,11.3,0.417,0.462,0.17,0.175,98.1,97.78,81.48,97.78,0.059,161,2.3,6.0
1628373,Frank Ntilikina,Frank,1610612752,NYK,22.0,33,23,10,0.697,322.005,29,79,0.367,23,48,0.479,8,18,0.444,6,25,31,19,11,18,4,3,45,16,89,-34,209.7,0,0,206.0,1,2020-21,Frank Ntilikina,9.8,103.5,99.7,99.7,102.8,103.3,103.3,0.7,-3.6,-3.6,0.095,1.73,16.2,0.019,0.077,0.048,9.4,9.4,0.513,0.512,0.134,0.14,97.86,99.43,82.86,99.43,0.036,662,0.9,2.4
1627832,Fred VanVleet,Fred,1610612761,TOR,27.0,52,22,30,0.423,1898.5566666666664,338,870,0.389,174,476,0.366,169,191,0.885,32,188,220,328,95,87,37,57,119,178,1019,141,2052.0,5,0,1989.0,1,2020-21,Fred VanVleet,36.5,111.6,113.6,113.6,108.5,110.2,110.2,3.1,3.3,3.3,0.264,3.45,23.8,0.016,0.101,0.057,6.9,6.9,0.489,0.534,0.237,0.24,100.84,99.17,82.64,99.17,0.115,3927,6.5,16.7
1630273,Freddie Gillespie,Freddie,1610612761,TOR,24.0,20,7,13,0.35,391.9033333333333,44,84,0.524,0,0,0.0,23,33,0.697,42,55,97,9,12,13,20,8,43,37,111,-78,327.9,0,0,283.0,1,2020-21,Freddie Gillespie,19.6,101.2,101.3,101.3,111.7,110.9,110.9,-10.6,-9.6,-9.6,0.034,0.75,7.4,0.1,0.142,0.12,9.9,10.0,0.524,0.563,0.12,0.121,100.59,100.86,84.05,100.86,0.075,824,2.2,4.2
1627788,Furkan Korkmaz,Furkan,1610612755,PHI,23.0,55,39,16,0.709,1061.575,170,424,0.401,101,269,0.375,60,82,0.732,17,96,113,82,46,49,9,11,64,70,501,143,887.6,0,0,913.0,1,2020-21,Furkan Korkmaz,19.3,109.7,110.3,110.3,103.6,104.3,104.3,6.1,6.0,6.0,0.111,1.78,14.0,0.015,0.09,0.052,7.9,7.8,0.52,0.544,0.195,0.202,101.84,101.22,84.35,101.22,0.089,2243,3.1,7.7
1629216,Gabe Vincent,Gabe,1610612748,MIA,25.0,50,27,23,0.54,654.8616666666667,88,233,0.378,46,149,0.309,20,23,0.87,10,46,56,67,34,21,2,14,79,49,242,-76,444.7,1,0,457.0,1,2020-21,Gabe Vincent,13.1,106.2,104.3,104.3,110.0,110.3,110.3,-3.8,-5.9,-5.9,0.161,1.97,19.6,0.016,0.068,0.043,9.9,9.9,0.476,0.498,0.184,0.194,97.0,97.74,81.45,97.74,0.049,1335,1.8,4.7
1630466,Gabriel Deck,Gabriel,1610612760,OKC,26.0,10,1,9,0.1,211.60666666666663,32,67,0.478,2,15,0.133,18,22,0.818,16,24,40,24,6,8,0,2,9,16,84,-51,186.0,0,0,166.0,1,2020-21,Gabriel Deck,21.2,105.3,104.1,104.1,117.6,116.8,116.8,-12.3,-12.7,-12.7,0.16,4.0,22.4,0.067,0.118,0.09,5.6,5.6,0.493,0.548,0.159,0.165,102.33,103.21,86.01,103.21,0.1,458,3.2,6.7
202066,Garrett Temple,Garrett,1610612741,CHI,35.0,56,25,31,0.446,1528.24,158,381,0.415,67,200,0.335,40,50,0.8,29,131,160,124,58,43,30,12,126,57,423,48,962.0,0,0,920.0,1,2020-21,Garrett Temple,27.3,110.3,110.8,110.8,108.9,109.3,109.3,1.3,1.5,1.5,0.104,2.14,21.3,0.019,0.082,0.052,10.0,9.9,0.503,0.525,0.126,0.129,102.58,102.2,85.17,102.2,0.051,3254,2.8,6.8
1629726,Garrison Mathews,Garrison,1610612764,WAS,24.0,64,32,32,0.5,1037.9516666666666,97,237,0.409,76,198,0.384,84,95,0.884,16,71,87,26,10,29,7,9,106,97,354,-135,595.4,0,0,615.0,1,2020-21,Garrison Mathews,16.2,108.0,107.7,107.7,112.5,113.4,113.4,-4.5,-5.6,-5.6,0.032,2.6,8.4,0.015,0.065,0.04,3.2,3.2,0.57,0.635,0.111,0.117,106.74,106.43,88.69,106.43,0.052,2299,1.5,3.7
1629109,Gary Clark,Gary,1610612755,PHI,26.0,39,12,27,0.308,653.7633333333333,40,132,0.303,31,108,0.287,8,10,0.8,33,82,115,31,17,13,7,5,35,17,119,-110,346.5,0,0,336.0,3,2020-21,Gary Clark,16.8,103.3,104.1,104.1,112.5,111.7,111.7,-9.1,-7.7,-7.7,0.064,1.82,16.8,0.044,0.125,0.082,9.2,9.2,0.42,0.436,0.097,0.099,101.27,101.25,84.37,101.25,0.044,1377,1.0,3.4
203914,Gary Harris,Gary,1610612753,ORL,26.0,39,15,24,0.385,1080.2066666666667,138,345,0.4,48,141,0.34,64,78,0.821,21,58,79,78,37,28,11,25,71,62,388,-83,679.8,0,0,671.0,2,2020-21,Gary Harris,27.7,108.6,110.0,110.0,113.8,114.2,114.2,-5.1,-4.2,-4.2,0.102,2.11,15.8,0.019,0.054,0.036,7.5,7.5,0.47,0.511,0.164,0.167,99.65,98.87,82.39,98.87,0.053,2230,3.5,8.8
1627780,Gary Payton II,Gary,1610612744,GSW,28.0,10,7,3,0.7,40.41166666666667,10,13,0.769,2,4,0.5,3,4,0.75,2,9,11,1,1,6,1,0,8,4,25,1,59.7,0,0,53.0,1,2020-21,Gary Payton II,4.0,106.8,103.3,103.3,99.5,101.1,101.1,7.3,2.2,2.2,0.037,1.0,6.3,0.051,0.176,0.122,6.3,6.0,0.846,0.847,0.153,0.171,108.94,109.87,91.56,109.87,0.164,92,1.0,1.3
1629018,Gary Trent Jr.,Gary,1610612761,TOR,22.0,58,29,29,0.5,1801.985,320,785,0.408,165,429,0.385,83,106,0.783,27,125,152,80,43,56,10,22,92,89,888,-57,1345.4,0,0,1417.0,2,2020-21,Gary Trent Jr.,31.1,112.8,113.9,113.9,114.5,115.7,115.7,-1.7,-1.8,-1.8,0.067,1.86,8.4,0.014,0.069,0.04,4.5,4.5,0.513,0.534,0.204,0.208,100.81,99.82,83.19,99.82,0.071,3752,5.5,13.5
201588,George Hill,George,1610612755,PHI,35.0,30,16,14,0.533,671.595,95,197,0.482,31,80,0.388,40,50,0.8,16,45,61,73,31,23,5,12,31,59,261,-9,496.7,0,0,482.0,2,2020-21,George Hill,22.4,109.6,109.7,109.7,108.9,110.2,110.2,0.7,-0.4,-0.4,0.156,2.35,22.8,0.023,0.063,0.044,9.7,9.6,0.561,0.596,0.161,0.167,99.05,98.38,81.98,98.38,0.088,1375,3.2,6.6
1627777,Georges Niang,Georges,1610612762,UTA,28.0,72,52,20,0.722,1154.4366666666667,177,405,0.437,124,292,0.425,22,23,0.957,28,148,176,59,51,25,8,10,116,25,500,353,847.7,1,0,925.0,1,2020-21,Georges Niang,16.0,115.4,114.9,114.9,100.5,100.3,100.3,14.9,14.6,14.6,0.071,1.16,11.2,0.024,0.117,0.072,9.7,9.7,0.59,0.602,0.169,0.174,101.43,101.74,84.79,101.74,0.076,2445,2.5,5.6
203507,Giannis Antetokounmpo,Giannis,1610612749,MIL,26.0,61,40,21,0.656,2012.7333333333331,626,1100,0.569,67,221,0.303,398,581,0.685,97,574,671,357,207,72,73,56,168,470,1717,409,3285.7,41,7,3102.0,1,2020-21,Giannis Antetokounmpo,33.0,115.9,117.1,117.1,107.6,107.3,107.3,8.3,9.8,9.8,0.282,1.72,18.7,0.048,0.264,0.16,10.8,10.8,0.6,0.633,0.32,0.325,104.57,104.17,86.81,104.17,0.196,4359,10.3,18.0
203922,Glenn Robinson III,Glenn,1610612758,SAC,27.0,23,9,14,0.391,369.335,42,99,0.424,16,44,0.364,21,23,0.913,11,34,45,20,11,4,3,8,23,20,121,-131,215.0,0,0,216.0,1,2020-21,Glenn Robinson III,16.1,106.0,105.2,105.2,120.8,122.5,122.5,-14.8,-17.3,-17.3,0.075,1.82,14.2,0.028,0.094,0.06,7.8,7.9,0.505,0.554,0.135,0.138,103.07,102.74,85.61,102.74,0.057,793,1.8,4.3
1629048,Goga Bitadze,Goga,1610612754,IND,21.0,45,19,26,0.422,561.2766666666666,83,194,0.428,20,79,0.253,45,61,0.738,60,90,150,37,17,9,60,15,94,53,231,-19,656.5,0,0,576.0,1,2020-21,Goga Bitadze,12.5,108.8,108.5,108.5,109.9,109.3,109.3,-1.1,-0.8,-0.8,0.087,2.18,13.4,0.095,0.148,0.121,6.2,6.2,0.479,0.523,0.169,0.174,104.82,105.27,87.73,105.27,0.078,1227,1.8,4.3
201609,Goran Dragic,Goran,1610612748,MIA,35.0,50,30,20,0.6,1336.4916666666666,240,555,0.432,91,244,0.373,101,122,0.828,25,144,169,219,118,33,8,23,113,109,672,40,1208.3,1,0,1233.0,1,2020-21,Goran Dragic,26.7,109.6,110.1,110.1,108.4,108.6,108.6,1.1,1.5,1.5,0.26,1.86,23.1,0.019,0.107,0.063,12.5,12.5,0.514,0.552,0.239,0.244,98.91,98.59,82.16,98.59,0.097,2745,4.8,11.1
202330,Gordon Hayward,Gordon,1610612766,CHA,31.0,44,24,20,0.545,1496.1833333333334,311,658,0.473,85,205,0.415,156,185,0.843,37,221,258,181,91,52,14,28,74,151,863,19,1551.1,2,0,1519.0,1,2020-21,Gordon Hayward,34.0,109.7,111.0,111.0,110.2,110.3,110.3,-0.4,0.7,0.7,0.189,1.99,17.9,0.024,0.143,0.083,9.0,9.0,0.537,0.584,0.235,0.237,101.49,100.83,84.03,100.83,0.124,3142,7.1,15.0
203476,Gorgui Dieng,Gorgui,1610612759,SAS,31.0,38,14,24,0.368,552.7366666666667,85,163,0.521,30,70,0.429,58,67,0.866,40,100,140,48,32,26,16,7,56,52,258,-68,592.0,0,0,560.0,2,2020-21,Gorgui Dieng,14.5,106.2,106.6,106.6,112.6,113.2,113.2,-6.4,-6.7,-6.7,0.13,1.5,17.6,0.068,0.181,0.122,11.7,11.7,0.613,0.67,0.169,0.174,102.07,101.65,84.71,101.65,0.12,1175,2.2,4.3
1630203,Grant Riller,Grant,1610612766,CHA,24.0,7,2,5,0.286,27.23333333333333,8,12,0.667,2,4,0.5,0,0,0.0,0,1,1,3,1,1,0,0,0,1,18,-4,25.7,0,0,26.0,1,2020-21,Grant Riller,3.9,98.7,96.4,96.4,110.9,101.8,101.8,-12.2,-5.4,-5.4,0.3,3.0,18.8,0.0,0.04,0.02,6.3,6.3,0.75,0.75,0.22,0.225,92.64,97.82,81.52,97.82,0.211,55,1.1,1.7
1629684,Grant Williams,Grant,1610612738,BOS,22.0,63,30,33,0.476,1137.9066666666668,108,247,0.437,48,129,0.372,30,51,0.588,48,130,178,64,56,32,24,15,161,64,294,-48,715.6,0,0,696.0,1,2020-21,Grant Williams,18.1,107.5,107.4,107.4,108.4,109.3,109.3,-0.8,-1.9,-1.9,0.079,1.14,16.4,0.04,0.113,0.076,14.4,14.4,0.534,0.546,0.12,0.124,101.41,101.01,84.17,101.01,0.04,2393,1.7,3.9
1628960,Grayson Allen,Grayson,1610612763,MEM,25.0,50,26,24,0.52,1259.485,173,414,0.418,107,274,0.391,79,91,0.868,19,141,160,108,48,46,8,18,71,70,532,8,1000.0,0,0,1015.0,1,2020-21,Grayson Allen,25.2,111.1,111.6,111.6,110.2,111.0,111.0,0.9,0.5,0.5,0.116,2.25,17.9,0.014,0.106,0.06,7.9,7.9,0.547,0.586,0.164,0.169,102.9,102.33,85.27,102.33,0.084,2682,3.5,8.3
204222,Greg Whittington,Greg,1610612743,DEN,28.0,4,3,1,0.75,12.016666666666667,0,3,0.0,0,2,0.0,0,0,0.0,0,0,0,0,0,0,0,0,0,0,0,9,0.0,0,0,0.0,1,2020-21,Greg Whittington,3.0,113.1,103.7,103.7,77.5,70.4,70.4,35.6,33.3,33.3,0.0,0.0,0.0,0.0,0.0,0.0,0.0,0.0,0.0,0.0,0.103,0.112,98.42,107.85,89.88,107.85,-0.071,27,0.0,0.8
1628977,Hamidou Diallo,Hamidou,1610612765,DET,22.0,52,18,34,0.346,1226.0866666666666,224,470,0.477,28,82,0.341,128,200,0.64,59,213,272,101,76,41,24,33,134,145,604,-193,1200.9,7,0,1135.0,2,2020-21,Hamidou Diallo,23.6,101.3,102.0,102.0,108.8,110.6,110.6,-7.5,-8.6,-8.6,0.133,1.33,13.8,0.046,0.161,0.105,10.4,10.3,0.506,0.541,0.218,0.224,101.81,100.59,83.83,100.59,0.099,2583,4.3,9.0
203084,Harrison Barnes,Harrison,1610612758,SAC,29.0,58,25,33,0.431,2102.393333333333,319,642,0.497,100,256,0.391,195,235,0.83,64,321,385,201,93,43,11,24,75,196,933,-57,1765.5,6,0,1727.0,1,2020-21,Harrison Barnes,36.2,114.0,114.4,114.4,114.9,116.2,116.2,-1.0,-1.8,-1.8,0.128,2.16,19.4,0.031,0.152,0.092,9.0,8.9,0.575,0.626,0.169,0.172,101.93,101.16,84.3,101.16,0.107,4440,5.5,11.1
1628385,Harry Giles III,Harry,1610612757,POR,23.0,38,23,15,0.605,347.9216666666667,42,97,0.433,8,23,0.348,16,27,0.593,31,102,133,29,20,8,13,8,54,23,108,-78,354.1,0,0,320.0,1,2020-21,Harry Giles III,9.2,103.6,101.1,101.1,111.7,111.5,111.5,-8.1,-10.4,-10.4,0.125,1.45,18.4,0.079,0.254,0.168,12.7,12.7,0.474,0.496,0.154,0.161,102.0,103.33,86.11,103.33,0.095,749,1.1,2.6
202355,Hassan Whiteside,Hassan,1610612758,SAC,32.0,36,16,20,0.444,545.8566666666667,126,224,0.563,0,1,0.0,41,79,0.519,61,154,215,20,40,9,46,17,73,74,293,-105,706.0,4,0,638.0,1,2020-21,Hassan Whiteside,15.2,106.5,106.3,106.3,114.9,114.5,114.5,-8.4,-8.1,-8.1,0.058,0.5,6.3,0.109,0.269,0.19,12.5,12.5,0.563,0.566,0.227,0.233,102.66,102.93,85.77,102.93,0.123,1166,3.5,6.2
1627740,Henry Ellenson,Henry,1610612761,TOR,24.0,2,0,2,0.0,38.36666666666667,5,14,0.357,2,9,0.222,3,4,0.75,3,9,12,5,0,0,0,1,7,3,15,7,36.9,0,0,34.0,1,2020-21,Henry Ellenson,19.2,98.0,98.8,98.8,89.6,88.2,88.2,8.4,10.6,10.6,0.208,0.0,23.8,0.061,0.205,0.129,0.0,0.0,0.429,0.476,0.167,0.168,104.69,105.09,87.58,105.09,0.106,83,2.5,7.0
1629649,Ignas Brazdeikis,Ignas,1610612753,ORL,22.0,13,3,10,0.231,248.81166666666667,35,83,0.422,11,28,0.393,10,14,0.714,11,34,45,17,12,4,3,9,22,10,91,-27,179.5,0,0,178.0,3,2020-21,Ignas Brazdeikis,19.1,109.6,110.3,110.3,115.2,114.6,114.6,-5.7,-4.3,-4.3,0.1,1.42,14.3,0.041,0.129,0.085,10.1,10.2,0.488,0.51,0.171,0.173,101.51,101.47,84.56,101.47,0.063,524,2.7,6.4
202697,Iman Shumpert,Iman,1610612751,BKN,31.0,2,1,1,0.5,10.983333333333333,1,4,0.25,0,3,0.0,0,0,0.0,1,0,1,0,1,1,0,0,0,0,2,-1,5.2,0,0,5.0,1,2020-21,Iman Shumpert,5.5,96.0,91.3,91.3,88.4,95.7,95.7,7.6,-4.3,-4.3,0.0,0.0,0.0,0.077,0.0,0.045,20.0,20.0,0.25,0.25,0.185,0.193,102.18,100.52,83.76,100.52,-0.011,23,0.5,2.0
1630193,Immanuel Quickley,Immanuel,1610612752,NYK,22.0,64,37,27,0.578,1243.485,229,580,0.395,118,303,0.389,155,174,0.891,25,112,137,127,58,30,12,25,114,129,731,182,1153.9,0,0,1197.0,1,2020-21,Immanuel Quickley,19.4,111.2,111.6,111.6,104.8,104.5,104.5,6.3,7.1,7.1,0.164,2.19,15.3,0.02,0.086,0.054,7.0,6.9,0.497,0.557,0.246,0.258,97.21,97.18,80.98,97.18,0.103,2519,3.6,9.1
1629067,Isaac Bonga,Isaac,1610612764,WAS,21.0,40,16,24,0.4,431.9883333333333,30,81,0.37,13,47,0.277,5,8,0.625,18,48,66,23,22,11,9,1,63,15,78,-36,229.7,0,0,220.0,1,2020-21,Isaac Bonga,10.8,101.3,99.2,99.2,102.4,102.4,102.4,-1.0,-3.3,-3.3,0.072,1.05,17.8,0.042,0.1,0.073,17.1,17.0,0.451,0.461,0.101,0.106,103.87,104.95,87.46,104.95,0.022,942,0.8,2.0
1630171,Isaac Okoro,Isaac,1610612739,CLE,20.0,67,20,47,0.299,2173.235,235,559,0.42,62,214,0.29,114,157,0.726,68,138,206,128,86,62,24,53,185,126,646,-408,1257.2,1,0,1214.0,1,2020-21,Isaac Okoro,32.4,103.2,104.6,104.6,112.9,113.4,113.4,-9.7,-8.7,-8.7,0.086,1.49,15.2,0.031,0.066,0.048,10.2,10.2,0.476,0.514,0.142,0.145,98.94,98.07,81.72,98.07,0.044,4431,3.5,8.3
1628392,Isaiah Hartenstein,Isaiah,1610612739,CLE,23.0,46,20,26,0.435,558.8983333333333,94,171,0.55,2,6,0.333,46,71,0.648,65,116,181,55,44,19,39,14,104,65,236,-1,665.7,1,0,590.0,2,2020-21,Isaiah Hartenstein,12.1,107.0,107.8,107.8,106.7,105.7,105.7,0.3,2.1,2.1,0.147,1.25,18.3,0.114,0.207,0.16,14.6,14.6,0.556,0.583,0.187,0.191,99.86,99.97,83.31,99.97,0.108,1152,2.0,3.7
1630198,Isaiah Joe,Isaiah,1610612755,PHI,21.0,41,22,19,0.537,382.8233333333333,48,133,0.361,39,106,0.368,18,24,0.75,6,30,36,20,11,12,4,2,34,32,153,2,263.2,0,0,280.0,1,2020-21,Isaiah Joe,9.3,105.7,106.9,106.9,108.3,105.1,105.1,-2.6,1.8,1.8,0.072,1.82,11.5,0.014,0.083,0.045,6.3,6.3,0.508,0.533,0.163,0.166,102.09,103.07,85.89,103.07,0.058,816,1.2,3.2
1629676,Isaiah Roby,Isaiah,1610612760,OKC,23.0,61,19,42,0.311,1425.2766666666666,207,429,0.483,32,109,0.294,87,117,0.744,89,252,341,107,113,52,37,38,162,102,533,-437,1256.7,3,0,1191.0,1,2020-21,Isaiah Roby,23.4,99.4,99.5,99.5,113.3,113.6,113.6,-13.9,-14.1,-14.1,0.118,0.95,15.3,0.057,0.169,0.112,16.1,16.1,0.52,0.555,0.171,0.176,103.08,102.9,85.75,102.9,0.084,3052,3.4,7.0
1630191,Isaiah Stewart,Isaiah,1610612765,DET,20.0,68,20,48,0.294,1454.8283333333334,226,409,0.553,21,63,0.333,64,92,0.696,159,294,453,59,67,39,86,28,184,116,537,-60,1477.1,8,0,1320.0,1,2020-21,Isaiah Stewart,21.4,104.8,105.5,105.5,106.3,107.4,107.4,-1.5,-2.0,-2.0,0.064,0.88,10.3,0.105,0.193,0.149,11.7,11.6,0.578,0.597,0.15,0.154,100.5,99.66,83.05,99.66,0.108,3020,3.3,6.0
202738,Isaiah Thomas,Isaiah,1610612740,NOP,32.0,3,1,2,0.333,48.266666666666666,9,27,0.333,3,12,0.25,2,2,1.0,1,3,4,5,6,1,0,1,3,6,23,8,32.3,0,0,37.0,1,2020-21,Isaiah Thomas,16.1,107.1,106.7,106.7,100.6,100.0,100.0,6.5,6.7,6.7,0.167,0.83,12.8,0.019,0.052,0.036,15.4,15.4,0.389,0.412,0.274,0.281,103.41,103.92,86.6,103.92,0.033,105,3.0,9.0
202397,Ish Smith,Ish,1610612764,WAS,32.0,44,23,21,0.523,923.62,129,297,0.434,18,49,0.367,19,33,0.576,22,128,150,172,41,32,13,10,62,48,295,51,827.0,0,0,725.0,1,2020-21,Ish Smith,21.0,110.2,111.0,111.0,108.4,108.7,108.7,1.8,2.3,2.3,0.242,4.2,32.8,0.022,0.131,0.076,7.8,7.8,0.465,0.473,0.155,0.158,105.45,104.87,87.4,104.87,0.093,2020,2.9,6.8
1627826,Ivica Zubac,Ivica,1610612746,LAC,24.0,72,47,25,0.653,1608.47,257,394,0.652,1,4,0.25,135,171,0.789,189,330,519,90,81,24,62,47,187,164,650,183,1584.8,13,0,1432.0,1,2020-21,Ivica Zubac,22.3,113.9,114.3,114.3,108.6,109.3,109.3,5.3,5.0,5.0,0.079,1.11,13.9,0.121,0.2,0.162,12.5,12.7,0.654,0.693,0.147,0.15,99.46,98.99,82.49,98.99,0.117,3324,3.6,5.5
200755,JJ Redick,JJ,1610612742,DAL,37.0,44,22,22,0.5,723.3633333333333,106,267,0.397,66,178,0.371,49,52,0.942,4,60,64,51,36,11,3,8,50,58,327,2,486.3,0,0,536.0,2,2020-21,JJ Redick,16.4,109.4,109.3,109.3,109.7,110.6,110.6,-0.3,-1.3,-1.3,0.098,1.42,13.7,0.006,0.082,0.044,9.7,9.6,0.521,0.564,0.184,0.192,102.72,102.32,85.27,102.32,0.067,1552,2.4,6.1
1629630,Ja Morant,Ja,1610612763,MEM,21.0,63,33,30,0.524,2052.8683333333333,430,957,0.449,73,241,0.303,271,372,0.728,59,193,252,465,203,57,13,68,87,308,1204,108,2210.9,14,1,2134.0,1,2020-21,Ja Morant,32.6,113.6,114.7,114.7,110.8,112.1,112.1,2.8,2.6,2.6,0.321,2.29,25.9,0.027,0.091,0.059,11.3,11.3,0.487,0.537,0.267,0.27,103.24,102.16,85.13,102.16,0.113,4366,6.8,15.2
203960,JaKarr Sampson,JaKarr,1610612754,IND,28.0,29,14,15,0.483,316.27166666666665,56,113,0.496,3,15,0.2,19,29,0.655,27,50,77,4,15,2,14,7,52,24,134,4,265.4,0,0,250.0,1,2020-21,JaKarr Sampson,10.9,109.5,109.9,109.9,109.8,108.9,108.9,-0.4,1.1,1.1,0.017,0.27,2.8,0.08,0.145,0.113,10.4,10.4,0.509,0.533,0.177,0.184,104.1,104.34,86.95,104.34,0.059,686,1.9,3.9
203210,JaMychal Green,JaMychal,1610612743,DEN,31.0,58,38,20,0.655,1119.8333333333333,173,374,0.463,79,198,0.399,46,57,0.807,85,192,277,53,53,26,22,27,144,46,471,99,973.9,1,0,976.0,1,2020-21,JaMychal Green,19.3,110.5,111.8,111.8,107.3,107.6,107.6,3.2,4.1,4.1,0.07,1.0,10.5,0.072,0.177,0.122,10.5,10.5,0.568,0.59,0.172,0.176,98.52,97.77,81.48,97.77,0.088,2283,3.0,6.4
201580,JaVale McGee,JaVale,1610612743,DEN,33.0,46,21,25,0.457,678.4033333333333,144,282,0.511,5,24,0.208,44,67,0.657,77,162,239,39,60,19,54,13,121,66,337,-89,841.3,1,0,766.0,2,2020-21,JaVale McGee,14.7,101.0,100.9,100.9,106.2,106.9,106.9,-5.2,-6.1,-6.1,0.098,0.65,9.5,0.105,0.231,0.166,14.6,14.6,0.52,0.541,0.228,0.235,100.17,99.87,83.22,99.87,0.115,1410,3.1,6.1
203953,Jabari Parker,Jabari,1610612738,BOS,26.0,13,4,9,0.308,165.45833333333334,30,55,0.545,2,11,0.182,10,13,0.769,10,32,42,11,10,1,5,0,13,12,72,-14,146.9,0,0,139.0,2,2020-21,Jabari Parker,12.7,100.3,100.6,100.6,105.3,106.1,106.1,-5.0,-5.5,-5.5,0.105,1.1,13.4,0.056,0.18,0.117,12.2,12.2,0.564,0.593,0.175,0.181,100.74,100.23,83.53,100.23,0.117,348,2.3,4.2
1630183,Jaden McDaniels,Jaden,1610612750,MIN,20.0,63,18,45,0.286,1510.7833333333333,164,367,0.447,72,198,0.364,27,45,0.6,52,180,232,71,47,35,60,13,172,42,427,-103,1049.9,0,0,992.0,1,2020-21,Jaden McDaniels,24.0,108.5,109.6,109.6,112.5,113.1,113.1,-4.0,-3.4,-3.4,0.064,1.51,14.1,0.032,0.118,0.073,9.3,9.3,0.545,0.552,0.118,0.121,103.92,103.13,85.94,103.13,0.05,3250,2.6,5.8
203109,Jae Crowder,Jae,1610612756,PHX,30.0,60,42,18,0.7,1648.381666666667,199,492,0.404,148,380,0.389,57,75,0.76,32,250,282,127,55,48,27,14,125,81,603,218,1301.9,0,0,1310.0,1,2020-21,Jae Crowder,27.5,114.4,114.3,114.3,107.2,107.9,107.9,7.2,6.3,6.3,0.102,2.31,18.1,0.02,0.146,0.085,7.8,7.8,0.555,0.574,0.152,0.157,100.27,100.0,83.33,100.0,0.081,3434,3.3,8.2
1630256,Jae'Sean Tate,Jae'Sean,1610612745,HOU,25.0,70,17,53,0.243,2042.7166666666667,316,625,0.506,60,195,0.308,102,147,0.694,132,242,374,178,98,85,36,46,222,163,794,-189,1774.8,3,0,1648.0,1,2020-21,Jae'Sean Tate,29.2,107.0,108.0,108.0,111.8,111.8,111.8,-4.8,-3.8,-3.8,0.127,1.82,18.4,0.06,0.118,0.088,10.1,10.1,0.554,0.576,0.161,0.163,103.22,102.71,85.59,102.71,0.083,4360,4.5,8.9
1626143,Jahlil Okafor,Jahlil,1610612765,DET,25.0,27,5,22,0.185,347.2366666666667,63,102,0.618,2,9,0.222,17,24,0.708,23,43,66,13,21,6,5,14,39,24,145,-83,255.7,0,0,248.0,1,2020-21,Jahlil Okafor,12.9,98.5,98.5,98.5,108.4,108.7,108.7,-9.8,-10.2,-10.2,0.066,0.62,8.8,0.07,0.119,0.096,14.3,14.3,0.627,0.644,0.17,0.174,99.84,99.74,83.11,99.74,0.089,717,2.3,3.8
1630186,Jahmi'us Ramsey,Jahmi'us,1610612758,SAC,20.0,13,5,8,0.385,94.475,15,38,0.395,5,19,0.263,5,5,1.0,2,8,10,6,3,4,1,1,8,5,40,2,73.0,0,0,71.0,1,2020-21,Jahmi'us Ramsey,7.3,107.0,106.7,106.7,108.3,104.2,104.2,-1.3,2.4,2.4,0.088,2.0,12.2,0.019,0.08,0.048,6.1,6.1,0.461,0.498,0.183,0.187,105.25,107.46,89.55,107.46,0.063,210,1.2,2.9
1627774,Jake Layman,Jake,1610612750,MIN,27.0,45,12,33,0.267,627.245,91,184,0.495,23,78,0.295,26,37,0.703,13,54,67,28,26,29,19,16,44,33,231,-81,471.4,0,0,445.0,1,2020-21,Jake Layman,13.9,101.5,101.5,101.5,107.4,107.3,107.3,-6.0,-5.8,-5.8,0.067,1.08,11.1,0.019,0.083,0.051,10.3,10.2,0.557,0.577,0.147,0.152,104.16,104.15,86.79,104.15,0.074,1360,2.0,4.1
1627751,Jakob Poeltl,Jakob,1610612759,SAS,25.0,69,32,37,0.464,1845.1333333333332,265,430,0.616,0,0,0.0,63,124,0.508,219,328,547,134,83,47,123,29,172,115,593,109,1877.4,15,0,1614.0,1,2020-21,Jakob Poeltl,26.7,111.5,112.2,112.2,108.7,109.0,109.0,2.7,3.2,3.2,0.096,1.61,19.3,0.114,0.173,0.143,11.9,11.8,0.616,0.612,0.13,0.134,100.28,99.84,83.2,99.84,0.1,3831,3.8,6.2
1628973,Jalen Brunson,Jalen,1610612742,DAL,24.0,68,40,28,0.588,1697.2083333333333,328,627,0.523,81,200,0.405,120,151,0.795,27,204,231,239,80,35,1,17,109,176,857,161,1520.7,1,0,1480.0,1,2020-21,Jalen Brunson,25.0,112.9,113.7,113.7,109.1,108.7,108.7,3.8,4.9,4.9,0.215,2.99,23.7,0.016,0.117,0.067,7.9,7.9,0.588,0.618,0.196,0.203,99.03,98.84,82.37,98.84,0.123,3490,4.8,9.2
1630223,Jalen Harris,Jalen,1610612761,TOR,22.0,13,3,10,0.231,172.105,36,72,0.5,17,36,0.472,7,9,0.778,3,15,18,17,14,8,0,7,15,9,96,-1,153.1,0,0,164.0,1,2020-21,Jalen Harris,13.2,108.0,108.2,108.2,108.9,107.8,107.8,-0.9,0.3,0.3,0.153,1.21,15.9,0.017,0.091,0.052,13.1,13.1,0.618,0.632,0.219,0.225,102.48,102.91,85.76,102.91,0.097,368,2.8,5.5
1629665,Jalen Lecque,Jalen,1610612754,IND,21.0,4,2,2,0.5,12.133333333333333,1,9,0.111,0,1,0.0,3,3,1.0,2,3,5,2,0,0,0,1,0,2,5,-4,14.0,0,0,12.0,1,2020-21,Jalen Lecque,3.0,69.8,77.8,77.8,92.7,92.6,92.6,-22.9,-14.8,-14.8,0.333,0.0,16.7,0.083,0.2,0.128,0.0,0.0,0.111,0.242,0.263,0.278,112.83,106.81,89.01,106.81,0.12,27,0.3,2.3
1629667,Jalen McDaniels,Jalen,1610612766,CHA,23.0,47,18,29,0.383,903.58,133,284,0.468,35,105,0.333,45,64,0.703,45,124,169,53,45,28,19,23,95,60,346,-180,724.3,2,0,697.0,1,2020-21,Jalen McDaniels,19.2,104.8,104.6,104.6,114.2,113.9,113.9,-9.4,-9.4,-9.4,0.09,1.18,13.0,0.047,0.138,0.091,11.0,11.0,0.53,0.554,0.169,0.175,98.31,98.54,82.12,98.54,0.073,1852,2.8,6.0
1630188,Jalen Smith,Jalen,1610612756,PHX,21.0,27,19,8,0.704,155.725,22,50,0.44,4,17,0.235,5,7,0.714,7,30,37,4,7,1,4,1,16,8,53,-16,111.4,1,0,108.0,1,2020-21,Jalen Smith,5.8,108.5,106.3,106.3,110.7,110.7,110.7,-2.2,-4.4,-4.4,0.037,0.57,6.3,0.044,0.174,0.111,10.9,10.9,0.48,0.499,0.161,0.169,102.62,103.72,86.43,103.72,0.059,336,0.8,1.9
1627750,Jamal Murray,Jamal,1610612743,DEN,24.0,48,31,17,0.646,1703.6416666666669,378,792,0.477,129,316,0.408,133,153,0.869,37,157,194,231,108,64,13,26,95,160,1018,301,1720.3,1,0,1726.0,1,2020-21,Jamal Murray,35.5,117.5,118.6,118.6,110.4,110.6,110.6,7.1,8.0,8.0,0.197,2.14,19.3,0.023,0.095,0.059,9.0,9.0,0.559,0.592,0.244,0.249,97.92,97.41,81.18,97.41,0.117,3468,7.9,16.5
203516,James Ennis III,James,1610612753,ORL,30.0,41,12,29,0.293,986.3,115,243,0.473,45,104,0.433,70,87,0.805,43,123,166,62,36,32,7,19,84,71,345,-73,718.2,1,0,696.0,1,2020-21,James Ennis III,24.1,106.9,107.9,107.9,111.5,111.7,111.7,-4.5,-3.8,-3.8,0.087,1.72,16.5,0.042,0.123,0.082,9.6,9.5,0.566,0.613,0.137,0.14,100.13,99.6,83.0,99.6,0.077,2049,2.8,5.9
201935,James Harden,James,1610612751,BKN,31.0,44,31,13,0.705,1608.8366666666666,342,734,0.466,121,334,0.362,278,323,0.861,35,313,348,475,177,53,33,47,99,224,1083,102,2294.1,32,12,2199.0,2,2020-21,James Harden,36.6,116.7,117.2,117.2,112.9,114.3,114.3,3.8,2.9,2.9,0.442,2.68,31.2,0.023,0.191,0.111,11.6,11.6,0.548,0.618,0.283,0.289,100.66,99.78,83.15,99.78,0.174,3347,7.8,16.7
201949,James Johnson,James,1610612740,NOP,34.0,51,21,30,0.412,1042.965,146,327,0.446,31,120,0.258,45,76,0.592,32,145,177,98,55,42,42,15,120,55,368,-128,924.4,0,0,842.0,2,2020-21,James Johnson,20.5,106.0,106.4,106.4,110.7,111.4,111.4,-4.7,-5.0,-5.0,0.134,1.78,19.1,0.029,0.131,0.08,10.7,10.7,0.494,0.51,0.166,0.17,103.07,102.54,85.45,102.54,0.071,2220,2.9,6.4
203263,James Nunnally,James,1610612740,NOP,30.0,9,3,6,0.333,47.785,5,13,0.385,4,12,0.333,1,2,0.5,2,7,9,3,2,0,0,0,1,2,15,-4,28.3,0,0,31.0,1,2020-21,James Nunnally,5.3,101.7,99.0,99.0,110.6,103.9,103.9,-9.0,-4.8,-4.8,0.094,1.5,15.8,0.033,0.149,0.084,10.5,10.6,0.538,0.54,0.129,0.134,99.47,103.97,86.64,103.97,0.075,104,0.6,1.4
1630164,James Wiseman,James,1610612744,GSW,20.0,39,18,21,0.462,835.88,191,368,0.519,12,38,0.316,54,86,0.628,55,171,226,26,60,11,36,21,121,73,448,-183,839.2,3,0,806.0,1,2020-21,James Wiseman,21.4,100.5,101.8,101.8,110.4,110.6,110.6,-9.9,-8.8,-8.8,0.05,0.43,5.3,0.063,0.19,0.127,12.2,12.2,0.535,0.552,0.231,0.234,106.46,105.66,88.05,105.66,0.088,1830,4.9,9.4
201162,Jared Dudley,Jared,1610612747,LAL,35.0,12,7,5,0.583,80.65,2,9,0.222,2,6,0.333,0,0,0.0,4,17,21,5,2,1,1,1,7,0,6,2,42.7,0,0,38.0,1,2020-21,Jared Dudley,6.7,101.2,97.7,97.7,101.6,99.4,99.4,-0.4,-1.7,-1.7,0.081,2.5,31.3,0.047,0.213,0.127,12.5,12.5,0.333,0.333,0.056,0.059,97.46,100.29,83.57,100.29,0.055,171,0.2,0.8
1629607,Jared Harper,Jared,1610612752,NYK,23.0,8,5,3,0.625,16.25,0,4,0.0,0,1,0.0,3,4,0.75,0,2,2,1,3,0,0,0,1,2,3,-5,3.9,0,0,6.0,1,2020-21,Jared Harper,2.0,90.5,78.6,78.6,100.1,95.0,95.0,-9.6,-16.4,-16.4,0.125,0.33,10.0,0.0,0.091,0.045,30.0,30.7,0.0,0.26,0.2,0.228,109.94,121.11,100.92,121.11,-0.052,42,0.0,0.5
1628991,Jaren Jackson Jr.,Jaren,1610612763,MEM,21.0,11,4,7,0.364,258.435,53,125,0.424,17,60,0.283,35,42,0.833,17,45,62,12,15,12,18,7,42,35,158,-64,325.4,0,0,309.0,1,2020-21,Jaren Jackson Jr.,23.5,106.0,107.6,107.6,118.1,118.0,118.0,-12.1,-10.5,-10.5,0.074,0.8,7.1,0.06,0.164,0.112,8.8,8.8,0.492,0.551,0.252,0.258,102.09,101.41,84.51,101.41,0.097,543,4.8,11.4
1629020,Jarred Vanderbilt,Jarred,1610612750,MIN,22.0,64,18,46,0.281,1139.305,143,236,0.606,1,5,0.2,57,102,0.559,118,250,368,76,53,64,46,35,123,98,344,-53,1176.6,3,0,1009.0,1,2020-21,Jarred Vanderbilt,17.8,106.9,108.1,108.1,108.2,109.2,109.2,-1.3,-1.1,-1.1,0.091,1.43,18.6,0.096,0.211,0.153,13.0,12.9,0.608,0.612,0.118,0.122,104.82,103.75,86.46,103.75,0.107,2451,2.2,3.7
1629714,Jarrell Brantley,Jarrell,1610612762,UTA,25.0,28,23,5,0.821,138.31333333333333,25,52,0.481,12,28,0.429,2,2,1.0,9,18,27,15,8,7,2,4,17,1,64,-24,137.9,0,0,136.0,1,2020-21,Jarrell Brantley,4.9,105.7,103.0,103.0,114.6,112.1,112.1,-8.9,-9.1,-9.1,0.17,1.88,19.7,0.059,0.125,0.091,10.5,10.5,0.596,0.605,0.182,0.192,101.13,103.59,86.33,103.59,0.096,300,0.9,1.9
1628386,Jarrett Allen,Jarrett,1610612739,CLE,23.0,63,20,43,0.317,1863.5433333333333,298,482,0.618,6,19,0.316,204,290,0.703,196,435,631,106,100,32,90,37,96,263,806,-203,1988.2,25,0,1793.0,2,2020-21,Jarrett Allen,29.6,107.1,108.3,108.3,112.7,113.9,113.9,-5.6,-5.6,-5.6,0.087,1.06,12.9,0.106,0.232,0.17,12.2,12.3,0.624,0.661,0.163,0.165,100.01,98.96,82.47,98.96,0.138,3847,4.7,7.7
1629633,Jarrett Culver,Jarrett,1610612750,MIN,22.0,34,7,27,0.206,499.0916666666666,69,168,0.411,13,53,0.245,29,48,0.604,34,70,104,24,28,17,9,16,58,41,180,-131,390.8,1,0,373.0,1,2020-21,Jarrett Culver,14.7,100.5,99.0,99.0,109.2,109.7,109.7,-8.7,-10.7,-10.7,0.079,0.86,9.9,0.059,0.132,0.094,11.5,11.6,0.449,0.476,0.179,0.185,103.18,103.72,86.44,103.72,0.057,1071,2.0,4.9
1629750,Javonte Green,Javonte,1610612741,CHI,27.0,41,19,22,0.463,473.725,53,102,0.52,10,30,0.333,30,40,0.75,26,45,71,17,19,28,6,5,45,34,146,18,339.7,0,0,312.0,2,2020-21,Javonte Green,11.6,110.8,109.0,109.0,108.7,107.2,107.2,2.1,1.8,1.8,0.048,0.89,11.0,0.056,0.1,0.077,12.3,12.2,0.569,0.61,0.122,0.128,99.68,101.22,84.35,101.22,0.069,999,1.3,2.5
1629637,Jaxson Hayes,Jaxson,1610612740,NOP,21.0,60,24,36,0.4,963.7066666666668,175,280,0.625,6,14,0.429,93,120,0.775,92,165,257,35,39,25,38,20,101,96,449,-21,959.9,0,0,873.0,1,2020-21,Jaxson Hayes,16.1,104.4,104.6,104.6,105.0,105.5,105.5,-0.6,-0.9,-0.9,0.057,0.9,8.6,0.087,0.161,0.124,9.6,9.6,0.636,0.675,0.156,0.16,103.9,103.55,86.29,103.55,0.123,2078,2.9,4.7
1630206,Jay Scrubb,Jay,1610612746,LAC,20.0,4,2,2,0.5,84.18333333333334,14,36,0.389,2,9,0.222,5,5,1.0,2,12,14,1,7,4,0,4,5,6,35,2,58.3,0,0,60.0,1,2020-21,Jay Scrubb,21.0,113.6,112.8,112.8,112.6,115.6,115.6,0.9,-2.8,-2.8,0.015,0.14,2.2,0.022,0.14,0.079,15.2,15.2,0.417,0.458,0.217,0.227,101.34,100.35,83.63,100.35,0.051,179,3.5,9.0
1629121,Jaylen Adams,Jaylen,1610612749,MIL,25.0,7,5,2,0.714,18.12,1,8,0.125,0,2,0.0,0,0,0.0,0,3,3,2,0,0,0,0,1,0,2,-12,8.6,0,0,7.0,1,2020-21,Jaylen Adams,2.6,73.2,69.0,69.0,110.3,100.0,100.0,-37.2,-31.0,-31.0,0.2,0.0,20.0,0.0,0.143,0.067,0.0,0.0,0.125,0.125,0.178,0.192,101.72,109.93,91.61,109.93,-0.017,42,0.1,1.1
1627759,Jaylen Brown,Jaylen,1610612738,BOS,24.0,58,30,28,0.517,1998.631666666667,538,1111,0.484,163,411,0.397,191,250,0.764,71,276,347,195,158,72,32,62,168,237,1430,69,2292.9,10,0,2343.0,1,2020-21,Jaylen Brown,34.5,111.6,113.5,113.5,110.5,111.8,111.8,1.1,1.8,1.8,0.162,1.23,12.4,0.035,0.136,0.085,10.1,10.0,0.558,0.586,0.29,0.295,101.61,100.17,83.48,100.17,0.129,4169,9.3,19.2
1629658,Jaylen Hoard,Jaylen,1610612760,OKC,22.0,19,1,18,0.053,319.63,44,88,0.5,0,11,0.0,28,41,0.683,21,44,65,24,17,13,5,14,19,26,116,-62,267.0,0,0,241.0,1,2020-21,Jaylen Hoard,16.8,101.3,99.9,99.9,109.8,108.9,108.9,-8.5,-9.1,-9.1,0.11,1.41,16.2,0.061,0.128,0.095,11.5,11.6,0.5,0.547,0.156,0.162,103.39,104.6,87.16,104.6,0.093,697,2.3,4.6
1629669,Jaylen Nowell,Jaylen,1610612750,MIN,21.0,42,10,32,0.238,759.045,142,335,0.424,50,150,0.333,45,55,0.818,19,76,95,62,28,22,12,16,72,43,379,-99,660.0,0,0,654.0,1,2020-21,Jaylen Nowell,18.1,104.5,104.5,104.5,111.0,111.1,111.1,-6.5,-6.6,-6.6,0.13,2.21,13.9,0.022,0.098,0.058,6.3,6.2,0.499,0.528,0.206,0.214,103.83,103.74,86.45,103.74,0.081,1645,3.4,8.0
1628369,Jayson Tatum,Jayson,1610612738,BOS,23.0,64,34,30,0.531,2289.7033333333334,605,1318,0.459,187,485,0.386,295,340,0.868,50,422,472,276,171,75,31,62,122,269,1692,161,2819.4,15,1,2839.0,1,2020-21,Jayson Tatum,35.8,113.8,114.8,114.8,111.3,111.8,111.8,2.5,3.0,3.0,0.196,1.61,14.5,0.021,0.188,0.102,9.0,8.9,0.53,0.576,0.298,0.307,100.44,99.74,83.12,99.74,0.152,4767,9.5,20.6
201145,Jeff Green,Jeff,1610612751,BKN,34.0,68,44,24,0.647,1835.165,261,530,0.492,103,250,0.412,125,161,0.776,34,229,263,108,54,36,27,23,122,126,750,113,1362.6,0,0,1350.0,1,2020-21,Jeff Green,27.0,115.7,116.1,116.1,111.7,112.8,112.8,4.0,3.3,3.3,0.08,2.0,14.1,0.019,0.116,0.07,7.1,7.1,0.59,0.624,0.154,0.156,102.29,101.65,84.71,101.65,0.083,3880,3.8,7.8
201952,Jeff Teague,Jeff,1610612749,MIL,33.0,55,27,28,0.491,950.1216666666668,123,284,0.433,36,82,0.439,89,105,0.848,15,73,88,132,64,34,12,17,56,76,371,56,748.6,0,0,719.0,2,2020-21,Jeff Teague,17.3,113.4,113.0,113.0,111.8,110.3,110.3,1.6,2.8,2.8,0.182,2.06,25.0,0.016,0.074,0.046,12.1,12.2,0.496,0.562,0.174,0.178,101.05,101.9,84.92,101.9,0.079,2017,2.2,5.2
203924,Jerami Grant,Jerami,1610612765,DET,27.0,54,15,39,0.278,1829.263333333333,400,932,0.429,115,329,0.35,290,343,0.845,35,215,250,152,109,35,58,58,125,255,1205,-117,1903.0,3,0,1908.0,1,2020-21,Jerami Grant,33.9,106.3,108.3,108.3,110.6,111.5,111.5,-4.3,-3.2,-3.2,0.145,1.39,11.3,0.018,0.118,0.067,8.1,8.1,0.491,0.556,0.278,0.282,100.59,99.21,82.68,99.21,0.114,3783,7.4,17.3
1629725,Jeremiah Martin,Jeremiah,1610612739,CLE,25.0,9,0,9,0.0,75.15,9,33,0.273,3,12,0.25,1,5,0.2,2,5,7,4,6,5,2,5,1,4,22,-26,51.4,0,0,50.0,1,2020-21,Jeremiah Martin,8.4,94.8,100.6,100.6,118.8,117.3,117.3,-24.0,-16.7,-16.7,0.091,0.67,8.9,0.021,0.065,0.04,13.3,13.3,0.318,0.313,0.22,0.223,102.12,99.64,83.03,99.64,0.01,156,1.0,3.7
203087,Jeremy Lamb,Jeremy,1610612754,IND,29.0,36,16,20,0.444,765.3416666666667,120,276,0.435,52,128,0.406,71,75,0.947,25,106,131,53,22,34,23,11,72,74,363,-14,748.7,0,0,713.0,1,2020-21,Jeremy Lamb,21.3,111.9,113.0,113.0,112.4,113.3,113.3,-0.5,-0.3,-0.3,0.094,2.41,13.8,0.032,0.137,0.084,5.7,5.7,0.529,0.587,0.18,0.184,103.2,102.29,85.24,102.29,0.098,1627,3.3,7.7
1629010,Jerome Robinson,Jerome,1610612764,WAS,24.0,17,5,12,0.294,304.95166666666665,28,95,0.295,11,42,0.262,16,20,0.8,4,34,38,25,19,12,6,5,31,21,83,-100,201.1,0,0,193.0,1,2020-21,Jerome Robinson,17.9,99.1,100.0,100.0,114.0,113.1,113.1,-14.9,-13.1,-13.1,0.114,1.32,17.1,0.011,0.105,0.056,13.0,12.9,0.353,0.4,0.161,0.166,104.89,104.83,87.36,104.83,0.031,660,1.6,5.6
1628975,Jevon Carter,Jevon,1610612756,PHX,25.0,60,42,18,0.7,716.68,94,223,0.422,56,151,0.371,4,7,0.571,16,76,92,71,16,29,9,7,56,16,248,32,562.9,1,0,543.0,1,2020-21,Jevon Carter,11.9,111.3,110.9,110.9,107.4,107.6,107.6,3.9,3.3,3.3,0.136,4.44,22.8,0.022,0.107,0.063,5.1,5.1,0.547,0.548,0.146,0.151,99.75,99.79,83.16,99.79,0.075,1482,1.6,3.7
202710,Jimmy Butler III,Jimmy,1610612748,MIA,31.0,52,33,19,0.635,1744.615,366,736,0.497,25,102,0.245,359,416,0.863,94,265,359,369,109,108,18,42,71,310,1116,196,2369.3,17,4,2121.0,1,2020-21,Jimmy Butler III,33.6,111.0,112.1,112.1,105.5,106.9,106.9,5.5,5.2,5.2,0.345,3.39,26.5,0.056,0.153,0.105,7.8,7.8,0.514,0.607,0.259,0.264,98.88,97.73,81.44,97.73,0.184,3557,7.0,14.2
203925,Joe Harris,Joe,1610612751,BKN,29.0,69,45,24,0.652,2141.54,357,707,0.505,211,444,0.475,49,63,0.778,43,205,248,130,62,46,14,29,141,75,974,352,1584.6,0,0,1683.0,1,2020-21,Joe Harris,31.0,117.4,117.4,117.4,110.2,110.6,110.6,7.2,6.9,6.9,0.081,2.1,14.1,0.021,0.09,0.057,6.7,6.7,0.654,0.663,0.157,0.161,102.23,102.03,85.02,102.03,0.085,4569,5.2,10.2
204060,Joe Ingles,Joe,1610612762,UTA,33.0,67,47,20,0.701,1866.555,275,562,0.489,183,406,0.451,76,90,0.844,27,217,244,318,117,45,12,14,120,110,809,454,1632.8,2,0,1668.0,1,2020-21,Joe Ingles,27.9,116.4,116.7,116.7,104.8,104.9,104.9,11.6,11.8,11.8,0.238,2.72,30.7,0.014,0.108,0.063,11.3,11.3,0.652,0.672,0.162,0.166,101.24,101.08,84.23,101.08,0.112,3926,4.1,8.4
203954,Joel Embiid,Joel,1610612755,PHI,27.0,51,39,12,0.765,1585.105,461,899,0.513,58,154,0.377,471,548,0.859,113,426,539,145,159,50,69,45,123,375,1451,405,2513.3,31,0,2431.0,1,2020-21,Joel Embiid,31.1,117.0,117.8,117.8,104.3,105.8,105.8,12.6,12.0,12.0,0.156,0.91,10.0,0.078,0.254,0.172,11.0,11.0,0.545,0.636,0.352,0.358,101.83,100.79,83.99,100.79,0.203,3331,9.0,17.6
1628381,John Collins,John,1610612737,ATL,23.0,63,34,29,0.54,1848.1083333333331,429,771,0.556,83,208,0.399,170,204,0.833,118,349,467,78,84,34,63,53,193,197,1111,182,1995.4,16,0,1933.0,1,2020-21,John Collins,29.3,115.8,116.0,116.0,110.9,111.7,111.7,5.0,4.3,4.3,0.065,0.93,7.7,0.064,0.183,0.125,8.2,8.2,0.61,0.645,0.214,0.22,100.43,99.99,83.33,99.99,0.125,3858,6.8,12.2
1629723,John Konchar,John,1610612763,MEM,25.0,43,23,20,0.535,574.9633333333334,69,138,0.5,21,56,0.375,25,30,0.833,35,93,128,47,18,30,9,12,40,27,184,16,507.1,0,0,458.0,1,2020-21,John Konchar,13.4,110.3,110.6,110.6,108.7,108.6,108.6,1.6,2.1,2.1,0.111,2.61,21.6,0.057,0.161,0.107,8.3,8.3,0.576,0.608,0.124,0.126,100.98,100.85,84.04,100.85,0.098,1204,1.6,3.2
202322,John Wall,John,1610612745,HOU,30.0,40,12,28,0.3,1288.0716666666667,293,726,0.404,79,249,0.317,158,211,0.749,17,112,129,275,141,42,31,42,46,172,823,-166,1468.3,7,1,1452.0,1,2020-21,John Wall,32.2,104.7,106.1,106.1,110.3,111.8,111.8,-5.6,-5.7,-5.7,0.365,1.95,22.3,0.012,0.084,0.047,11.4,11.4,0.458,0.503,0.316,0.32,102.83,101.42,84.51,101.42,0.114,2717,7.3,18.2
202685,Jonas Valančiūnas,Jonas,1610612763,MEM,29.0,62,32,30,0.516,1755.3283333333334,440,743,0.592,21,57,0.368,157,203,0.773,253,523,776,112,100,35,57,56,179,190,1058,134,2333.2,49,0,2151.0,1,2020-21,Jonas Valanciunas,28.3,111.8,112.8,112.8,108.6,108.9,108.9,3.1,3.8,3.8,0.097,1.12,10.7,0.134,0.289,0.21,9.6,9.6,0.606,0.636,0.217,0.221,102.59,101.97,84.98,101.97,0.163,3725,7.1,12.0
1629007,Jontay Porter,Jontay,1610612763,MEM,21.0,11,7,4,0.636,53.99166666666667,8,15,0.533,3,8,0.375,3,5,0.6,4,10,14,1,7,3,1,0,12,2,22,1,45.3,0,0,48.0,1,2020-21,Jontay Porter,4.9,95.8,93.0,93.0,94.4,92.2,92.2,1.4,0.9,0.9,0.033,0.14,4.0,0.065,0.149,0.109,28.0,27.8,0.633,0.64,0.182,0.192,99.57,102.24,85.2,102.24,0.067,115,0.7,1.4
1628395,Jordan Bell,Jordan,1610612744,GSW,26.0,6,3,3,0.5,81.88666666666667,7,22,0.318,0,2,0.0,1,2,0.5,7,17,24,7,4,3,5,3,7,4,15,-32,74.3,0,0,62.0,2,2020-21,Jordan Bell,13.6,95.3,95.2,95.2,112.8,112.3,112.3,-17.5,-17.0,-17.0,0.13,1.75,20.6,0.069,0.189,0.126,11.8,11.8,0.318,0.328,0.14,0.142,99.08,99.36,82.8,99.36,0.068,168,1.2,3.7
1629648,Jordan Bone,Jordan,1610612753,ORL,23.0,14,2,12,0.143,195.85666666666663,23,54,0.426,10,32,0.313,0,0,0.0,4,20,24,18,3,2,0,0,11,3,56,-59,114.8,0,0,112.0,1,2020-21,Jordan Bone,14.0,97.8,98.3,98.3,114.3,112.6,112.6,-16.5,-14.3,-14.3,0.143,6.0,24.0,0.018,0.102,0.057,4.0,4.0,0.519,0.519,0.121,0.124,100.96,101.46,84.55,101.46,0.067,414,1.6,3.9
203903,Jordan Clarkson,Jordan,1610612762,UTA,29.0,68,49,19,0.721,1817.6166666666663,457,1075,0.425,208,599,0.347,129,144,0.896,47,227,274,168,115,61,10,39,110,126,1251,301,1929.8,0,0,2043.0,1,2020-21,Jordan Clarkson,26.7,114.9,115.8,115.8,107.5,108.0,108.0,7.5,7.8,7.8,0.149,1.46,11.9,0.025,0.117,0.072,8.2,8.1,0.522,0.549,0.286,0.294,101.47,100.87,84.06,100.87,0.115,3821,6.7,15.8
1629162,Jordan McLaughlin,Jordan,1610612750,MIN,25.0,51,15,36,0.294,938.0866666666668,100,242,0.413,33,92,0.359,23,30,0.767,21,87,108,193,51,51,6,24,44,50,256,-133,795.1,0,0,704.0,1,2020-21,Jordan McLaughlin,18.4,101.7,102.6,102.6,108.9,108.8,108.8,-7.2,-6.3,-6.3,0.292,3.78,38.6,0.02,0.09,0.053,10.2,10.2,0.481,0.502,0.133,0.136,103.86,103.41,86.18,103.41,0.095,2018,2.0,4.7
1629670,Jordan Nwora,Jordan,1610612749,MIL,22.0,30,19,11,0.633,273.58666666666664,62,135,0.459,28,62,0.452,19,25,0.76,9,51,60,7,24,17,8,14,22,17,171,-3,304.5,2,0,316.0,1,2020-21,Jordan Nwora,9.1,109.5,106.8,106.8,105.9,107.1,107.1,3.6,-0.3,-0.3,0.04,0.29,3.9,0.033,0.162,0.103,13.5,13.6,0.563,0.586,0.254,0.263,105.18,105.88,88.24,105.88,0.113,603,2.1,4.5
1629673,Jordan Poole,Jordan,1610612744,GSW,22.0,51,28,23,0.549,987.835,205,474,0.432,97,276,0.351,105,119,0.882,15,77,92,99,51,26,9,17,86,101,612,30,924.9,0,0,970.0,1,2020-21,Jordan Poole,19.4,107.0,107.6,107.6,107.1,106.9,106.9,-0.1,0.7,0.7,0.161,1.94,14.8,0.015,0.074,0.044,7.6,7.5,0.535,0.581,0.246,0.254,102.16,101.94,84.95,101.94,0.101,2105,4.0,9.3
1630182,Josh Green,Josh,1610612742,DAL,20.0,39,20,19,0.513,444.63166666666666,42,93,0.452,4,25,0.16,13,23,0.565,28,50,78,28,17,16,3,8,35,25,101,17,276.6,0,0,249.0,1,2020-21,Josh Green,11.4,107.4,106.7,106.7,104.2,104.7,104.7,3.2,1.9,1.9,0.083,1.65,19.0,0.059,0.11,0.084,11.6,11.5,0.473,0.49,0.112,0.117,100.34,100.45,83.71,100.45,0.057,930,1.1,2.4
1630221,Josh Hall,Josh,1610612760,OKC,20.0,21,2,19,0.095,336.0,30,99,0.303,4,37,0.108,22,44,0.5,6,53,59,28,25,4,1,10,37,28,86,-100,188.8,1,0,187.0,1,2020-21,Josh Hall,16.0,101.2,100.7,100.7,114.4,113.9,113.9,-13.2,-13.2,-13.2,0.118,1.12,16.3,0.016,0.151,0.081,14.5,14.6,0.323,0.363,0.174,0.178,104.44,104.93,87.44,104.93,0.015,733,1.4,4.7
1628404,Josh Hart,Josh,1610612740,NOP,26.0,47,21,26,0.447,1349.53,151,344,0.439,63,193,0.326,69,89,0.775,53,324,377,109,49,38,12,25,111,67,434,0,1150.9,7,0,1083.0,1,2020-21,Josh Hart,28.7,110.7,111.9,111.9,111.3,112.1,112.1,-0.6,-0.2,-0.2,0.109,2.22,20.2,0.039,0.234,0.138,9.1,9.1,0.531,0.566,0.133,0.136,102.11,101.19,84.33,101.19,0.1,2847,3.2,7.3
1628367,Josh Jackson,Josh,1610612765,DET,24.0,62,16,46,0.258,1559.6,296,707,0.419,77,257,0.3,159,218,0.729,57,197,254,143,142,53,47,70,178,168,828,-121,1505.3,2,0,1502.0,1,2020-21,Josh Jackson,25.2,103.4,104.9,104.9,107.4,108.3,108.3,-4.0,-3.4,-3.4,0.15,1.01,13.2,0.035,0.123,0.079,13.1,13.1,0.473,0.516,0.254,0.26,101.81,100.67,83.89,100.67,0.08,3267,4.8,11.4
1629006,Josh Okogie,Josh,1610612750,MIN,22.0,59,21,38,0.356,1196.7383333333332,102,254,0.402,29,108,0.269,83,108,0.769,63,93,156,63,43,54,28,22,123,100,316,-192,800.7,0,0,728.0,1,2020-21,Josh Okogie,20.3,106.8,107.7,107.7,112.4,114.3,114.3,-5.6,-6.6,-6.6,0.072,1.47,15.5,0.048,0.079,0.063,10.6,10.6,0.459,0.524,0.119,0.122,104.28,102.94,85.78,102.94,0.045,2556,1.7,4.3
1626196,Josh Richardson,Josh,1610612742,DAL,27.0,59,35,24,0.593,1789.638333333333,264,618,0.427,88,267,0.33,99,108,0.917,51,144,195,153,79,61,24,22,130,109,715,-46,1354.5,0,0,1321.0,1,2020-21,Josh Richardson,30.3,112.8,113.5,113.5,112.9,113.7,113.7,-0.1,-0.2,-0.2,0.123,1.94,17.1,0.028,0.079,0.054,8.8,8.8,0.498,0.537,0.181,0.185,98.97,98.27,81.89,98.27,0.073,3647,4.5,10.5
201950,Jrue Holiday,Jrue,1610612749,MIL,31.0,59,41,18,0.695,1906.8066666666664,414,823,0.503,111,283,0.392,107,136,0.787,73,195,268,357,127,96,37,40,98,119,1046,379,2175.1,10,0,2048.0,1,2020-21,Jrue Holiday,32.3,116.8,117.9,117.9,108.3,108.8,108.8,8.4,9.2,9.2,0.253,2.81,26.2,0.037,0.093,0.066,9.3,9.3,0.57,0.592,0.217,0.221,104.71,103.99,86.66,103.99,0.124,4131,7.0,13.9
1629308,Juan Toscano-Anderson,Juan,1610612744,GSW,28.0,53,28,25,0.528,1107.485,121,209,0.579,37,92,0.402,22,31,0.71,29,206,235,150,61,41,26,13,111,48,301,97,948.0,0,0,857.0,1,2020-21,Juan Toscano-Anderson,20.9,108.8,109.4,109.4,105.2,105.6,105.6,3.6,3.8,3.8,0.181,2.46,34.6,0.026,0.172,0.102,14.1,14.1,0.667,0.676,0.108,0.111,104.6,104.08,86.74,104.08,0.098,2404,2.3,3.9
1627823,Juancho Hernangomez,Juancho,1610612750,MIN,25.0,52,19,33,0.365,900.04,130,299,0.435,55,168,0.327,60,97,0.619,45,160,205,35,27,19,7,19,52,72,375,-71,724.5,0,0,722.0,1,2020-21,Juancho Hernangomez,17.3,110.2,110.5,110.5,114.1,115.4,115.4,-3.9,-4.9,-4.9,0.055,1.3,8.7,0.047,0.177,0.11,6.7,6.7,0.527,0.549,0.167,0.172,103.45,102.74,85.62,102.74,0.085,1937,2.5,5.8
203944,Julius Randle,Julius,1610612752,NYK,26.0,71,40,31,0.563,2666.7366666666667,602,1321,0.456,160,389,0.411,348,429,0.811,84,640,724,427,241,64,18,70,225,352,1712,153,3226.3,41,6,3187.0,1,2020-21,Julius Randle,37.6,107.9,109.8,109.8,105.6,106.8,106.8,2.4,3.0,3.0,0.269,1.77,19.7,0.031,0.227,0.131,11.1,11.1,0.516,0.567,0.285,0.291,98.64,97.22,81.02,97.22,0.158,5398,8.5,18.6
203200,Justin Holiday,Justin,1610612754,IND,32.0,72,34,38,0.472,2183.33,258,625,0.413,173,453,0.382,67,85,0.788,32,224,256,119,54,74,41,15,135,74,756,-45,1532.7,0,0,1534.0,1,2020-21,Justin Holiday,30.3,109.5,110.5,110.5,109.6,111.2,111.2,-0.1,-0.6,-0.6,0.07,2.2,14.3,0.014,0.098,0.057,6.5,6.5,0.551,0.571,0.138,0.141,104.33,103.14,85.95,103.14,0.065,4684,3.6,8.7
1628382,Justin Jackson,Justin,1610612749,MIL,26.0,34,12,22,0.353,576.8916666666667,89,221,0.403,36,117,0.308,31,37,0.838,16,61,77,52,32,15,2,6,32,38,245,-42,434.4,0,0,444.0,2,2020-21,Justin Jackson,17.0,102.9,103.8,103.8,107.8,106.8,106.8,-4.8,-3.0,-3.0,0.136,1.63,16.1,0.026,0.1,0.063,9.9,10.0,0.484,0.516,0.195,0.199,103.23,103.26,86.05,103.26,0.077,1239,2.6,6.5
1629713,Justin James,Justin,1610612758,SAC,24.0,36,15,21,0.417,310.43666666666667,52,111,0.468,14,38,0.368,21,36,0.583,9,21,30,22,15,8,3,9,23,25,139,-56,226.0,0,0,227.0,1,2020-21,Justin James,8.6,102.0,100.3,100.3,109.9,108.8,108.8,-7.9,-8.5,-8.5,0.109,1.47,13.3,0.027,0.067,0.046,9.1,9.2,0.532,0.548,0.192,0.198,102.86,104.29,86.91,104.29,0.066,675,1.4,3.1
1628383,Justin Patton,Justin,1610612745,HOU,24.0,13,1,12,0.077,246.75833333333333,29,70,0.414,9,34,0.265,3,4,0.75,14,35,49,14,4,12,14,4,34,9,70,-81,223.8,0,0,194.0,1,2020-21,Justin Patton,19.0,99.6,100.8,100.8,114.4,114.9,114.9,-14.8,-14.1,-14.1,0.084,3.5,15.6,0.047,0.142,0.09,4.4,4.5,0.479,0.488,0.128,0.129,103.29,102.51,85.43,102.51,0.065,524,2.2,5.4
1629620,Justin Robinson,Justin,1610612760,OKC,23.0,9,0,9,0.0,87.74166666666666,7,21,0.333,4,14,0.286,3,5,0.6,1,6,7,9,2,3,0,0,10,9,21,-45,49.9,0,0,47.0,1,2020-21,Justin Robinson,9.7,97.9,97.9,97.9,124.7,119.9,119.9,-26.8,-22.0,-22.0,0.15,4.5,27.3,0.011,0.067,0.038,6.1,5.8,0.429,0.453,0.111,0.119,101.64,103.67,86.39,103.67,0.033,188,0.8,2.3
1626159,Justise Winslow,Justise,1610612763,MEM,25.0,26,13,13,0.5,507.0566666666667,74,210,0.352,10,54,0.185,20,35,0.571,18,100,118,50,37,15,12,6,47,30,178,-77,438.6,1,0,410.0,1,2020-21,Justise Winslow,19.5,101.0,101.0,101.0,107.4,107.1,107.1,-6.5,-6.1,-6.1,0.14,1.35,15.9,0.032,0.187,0.108,11.8,11.8,0.376,0.395,0.212,0.217,104.68,104.84,87.37,104.84,0.06,1103,2.8,8.1
203994,Jusuf Nurkić,Jusuf,1610612757,POR,26.0,37,22,15,0.595,880.0983333333334,171,333,0.514,12,30,0.4,70,113,0.619,86,246,332,125,73,38,39,30,103,119,424,124,1167.9,13,0,1047.0,1,2020-21,Jusuf Nurkić,23.8,114.3,115.0,115.0,107.6,108.2,108.2,6.7,6.9,6.9,0.206,1.71,21.6,0.094,0.283,0.186,12.6,12.6,0.532,0.554,0.217,0.223,102.8,102.21,85.17,102.21,0.134,1872,4.6,9.0
1629752,Juwan Morgan,Juwan,1610612762,UTA,24.0,29,24,5,0.828,147.10166666666666,14,30,0.467,4,13,0.308,3,7,0.429,9,19,28,9,4,4,1,2,21,6,35,-107,93.1,0,0,86.0,1,2020-21,Juwan Morgan,5.1,93.3,90.0,90.0,125.1,124.1,124.1,-31.8,-34.1,-34.1,0.101,2.25,19.6,0.051,0.133,0.088,8.7,8.7,0.533,0.529,0.102,0.109,102.21,104.42,87.01,104.42,0.044,321,0.5,1.0
1630231,KJ Martin,KJ,1610612745,HOU,20.0,45,10,35,0.222,1067.6483333333333,162,318,0.509,35,96,0.365,60,84,0.714,73,169,242,48,38,30,41,25,89,58,419,-283,956.4,4,0,886.0,1,2020-21,KJ Martin,23.7,104.6,105.5,105.5,116.4,117.0,117.0,-11.7,-11.5,-11.5,0.068,1.26,10.9,0.063,0.159,0.108,8.6,8.6,0.564,0.59,0.154,0.156,103.38,102.71,85.59,102.71,0.09,2275,3.6,7.1
1629644,KZ Okpala,KZ,1610612748,MIA,22.0,37,22,15,0.595,446.95166666666665,36,96,0.375,12,50,0.24,8,15,0.533,21,47,68,19,15,10,11,9,59,17,92,-67,250.1,0,0,233.0,1,2020-21,KZ Okpala,12.1,103.8,102.8,102.8,110.5,109.7,109.7,-6.7,-6.8,-6.8,0.06,1.27,14.0,0.047,0.104,0.075,11.0,11.0,0.438,0.448,0.115,0.119,97.66,98.48,82.07,98.48,0.024,915,1.0,2.6
1630211,Karim Mane,Karim,1610612753,ORL,21.0,10,2,8,0.2,88.31666666666666,3,13,0.231,1,2,0.5,4,5,0.8,1,13,14,4,3,0,2,7,10,3,11,-22,36.8,0,0,34.0,1,2020-21,Karim Mane,8.8,97.9,99.5,99.5,108.9,111.5,111.5,-11.0,-12.0,-12.0,0.061,1.33,18.2,0.01,0.151,0.073,13.6,13.5,0.269,0.362,0.085,0.088,101.4,99.46,82.88,99.46,0.017,183,0.3,1.3
1626157,Karl-Anthony Towns,Karl-Anthony,1610612750,MIN,25.0,50,19,31,0.38,1688.9183333333333,425,875,0.486,122,315,0.387,267,311,0.859,133,396,529,225,160,39,57,51,186,282,1239,11,2339.3,33,0,2307.0,1,2020-21,Karl-Anthony Towns,33.8,112.5,114.6,114.6,112.9,114.7,114.7,-0.4,-0.1,-0.1,0.216,1.41,16.2,0.075,0.237,0.154,11.5,11.5,0.555,0.612,0.286,0.292,103.51,101.77,84.81,101.77,0.155,3588,8.5,17.5
202695,Kawhi Leonard,Kawhi,1610612746,LAC,30.0,52,36,16,0.692,1772.43,465,908,0.512,101,254,0.398,261,295,0.885,55,282,337,269,105,81,21,28,82,235,1292,446,2300.9,9,0,2203.0,1,2020-21,Kawhi Leonard,34.1,120.5,121.4,121.4,107.5,109.2,109.2,13.0,12.2,12.2,0.238,2.56,19.2,0.034,0.161,0.099,7.5,7.4,0.568,0.622,0.282,0.289,98.62,97.48,81.23,97.48,0.17,3603,8.9,17.5
1628966,Keita Bates-Diop,Keita,1610612759,SAS,25.0,30,13,17,0.433,244.6783333333333,30,67,0.448,5,17,0.294,14,21,0.667,9,40,49,12,7,11,5,8,11,18,79,-37,196.8,0,0,177.0,1,2020-21,Keita Bates-Diop,8.2,105.1,103.8,103.8,112.7,111.5,111.5,-7.6,-7.7,-7.7,0.075,1.71,12.6,0.037,0.154,0.097,7.4,7.3,0.485,0.518,0.144,0.15,101.69,102.89,85.75,102.89,0.088,526,1.0,2.2
1629103,Kelan Martin,Kelan,1610612754,IND,25.0,35,16,19,0.457,322.56666666666666,62,138,0.449,24,60,0.4,9,10,0.9,18,60,78,17,16,10,10,8,35,13,157,94,320.1,0,0,316.0,1,2020-21,Kelan Martin,9.2,113.6,115.3,115.3,99.9,99.7,99.7,13.8,15.6,15.6,0.071,1.06,9.7,0.052,0.159,0.108,9.1,9.1,0.536,0.551,0.199,0.204,103.6,102.9,85.75,102.9,0.099,685,1.8,3.9
1629640,Keldon Johnson,Keldon,1610612759,SAS,21.0,69,32,37,0.464,1967.7866666666664,338,705,0.479,60,181,0.331,145,196,0.74,93,319,412,121,78,40,24,66,142,147,881,-172,1670.9,8,0,1602.0,1,2020-21,Keldon Johnson,28.5,108.9,110.0,110.0,113.1,113.8,113.8,-4.2,-3.8,-3.8,0.087,1.55,12.3,0.045,0.163,0.103,7.9,7.9,0.522,0.557,0.189,0.192,100.86,100.04,83.36,100.04,0.091,4093,4.9,10.2
1629833,Keljin Blevins,Keljin,1610612757,POR,25.0,17,11,6,0.647,74.91333333333333,5,20,0.25,2,8,0.25,0,0,0.0,3,7,10,4,5,2,0,4,8,0,12,-37,31.0,0,0,32.0,1,2020-21,Keljin Blevins,4.4,88.4,85.2,85.2,109.3,107.5,107.5,-20.9,-22.2,-22.2,0.083,0.8,13.8,0.031,0.071,0.052,17.2,17.2,0.3,0.3,0.126,0.135,109.18,112.13,93.44,112.13,-0.005,176,0.3,1.2
203482,Kelly Olynyk,Kelly,1610612745,HOU,30.0,70,26,44,0.371,1996.8916666666669,337,697,0.484,126,368,0.342,145,175,0.829,87,402,489,203,126,79,42,31,207,184,945,-100,2073.3,12,0,2005.0,2,2020-21,Kelly Olynyk,28.5,109.5,110.7,110.7,112.5,113.2,113.2,-3.0,-2.5,-2.5,0.151,1.61,18.5,0.043,0.196,0.12,11.5,11.4,0.574,0.61,0.19,0.194,101.83,101.02,84.18,101.02,0.112,4205,4.8,10.0
1626162,Kelly Oubre Jr.,Kelly,1610612744,GSW,25.0,55,27,28,0.491,1687.55,318,724,0.439,90,285,0.316,123,177,0.695,82,247,329,73,70,57,42,53,121,156,849,-190,1580.3,6,0,1539.0,1,2020-21,Kelly Oubre Jr.,30.7,104.4,105.2,105.2,108.8,109.8,109.8,-4.4,-4.6,-4.6,0.067,1.04,7.8,0.046,0.135,0.091,7.4,7.4,0.501,0.529,0.215,0.219,105.46,104.57,87.14,104.57,0.09,3667,5.8,13.2
202689,Kemba Walker,Kemba,1610612760,OKC,31.0,43,22,21,0.512,1369.3533333333332,284,676,0.42,127,353,0.36,134,149,0.899,16,154,170,212,88,48,12,49,61,162,829,93,1443.0,0,0,1458.0,1,2020-21,Kemba Walker,31.8,113.2,114.5,114.5,110.9,111.4,111.4,2.2,3.1,3.1,0.233,2.41,20.5,0.012,0.113,0.062,8.5,8.4,0.514,0.559,0.256,0.263,100.26,99.45,82.87,99.45,0.123,2839,6.6,15.7
1629134,Kendrick Nunn,Kendrick,1610612748,MIA,25.0,56,31,25,0.554,1650.1933333333334,319,658,0.485,122,320,0.381,56,60,0.933,21,158,179,148,80,52,14,35,108,56,816,-7,1370.8,0,0,1397.0,1,2020-21,Kendrick Nunn,29.5,110.3,111.1,111.1,109.6,111.6,111.6,0.7,-0.4,-0.4,0.14,1.85,16.2,0.013,0.096,0.055,8.8,8.8,0.578,0.596,0.205,0.209,98.68,97.49,81.24,97.49,0.095,3355,5.7,11.8
1629026,Kenrich Williams,Kenrich,1610612760,OKC,26.0,66,21,45,0.318,1426.0616666666667,219,411,0.533,52,117,0.444,36,63,0.571,84,189,273,152,76,55,17,25,143,82,526,-180,1221.6,0,0,1147.0,1,2020-21,Kenrich Williams,21.6,104.8,104.8,104.8,110.7,111.1,111.1,-5.9,-6.3,-6.3,0.153,2.0,22.8,0.056,0.129,0.092,11.4,11.4,0.596,0.599,0.148,0.151,103.45,103.22,86.01,103.22,0.09,3073,3.3,6.2
203145,Kent Bazemore,Kent,1610612744,GSW,31.0,67,35,32,0.522,1333.5366666666666,176,392,0.449,75,184,0.408,54,78,0.692,26,203,229,108,82,69,33,14,158,100,481,166,1141.8,1,0,1097.0,1,2020-21,Kent Bazemore,19.9,110.3,110.5,110.5,103.8,104.6,104.6,6.5,5.9,5.9,0.108,1.32,17.5,0.019,0.14,0.081,13.3,13.3,0.545,0.564,0.159,0.163,104.28,103.77,86.48,103.77,0.075,2881,2.6,5.9
203484,Kentavious Caldwell-Pope,Kentavious,1610612747,LAL,28.0,67,39,28,0.582,1901.986666666667,218,506,0.431,120,293,0.41,97,112,0.866,27,152,179,127,66,62,26,22,114,100,653,138,1256.3,1,0,1255.0,1,2020-21,Kentavious Caldwell-Pope,28.4,109.2,110.5,110.5,105.9,107.3,107.3,3.2,3.3,3.3,0.091,1.92,17.2,0.015,0.081,0.048,8.9,8.8,0.549,0.588,0.139,0.143,100.76,99.5,82.91,99.5,0.07,3947,3.3,7.6
201142,Kevin Durant,Kevin,1610612751,BKN,32.0,35,23,12,0.657,1156.7716666666668,324,603,0.537,85,189,0.45,210,238,0.882,13,234,247,195,120,25,45,25,70,187,943,279,1621.9,12,0,1610.0,1,2020-21,Kevin Durant,33.1,121.8,121.7,121.7,109.4,111.1,111.1,12.5,10.7,10.7,0.252,1.63,19.1,0.012,0.18,0.105,11.8,11.7,0.608,0.666,0.303,0.31,103.79,103.03,85.86,103.03,0.172,2489,9.3,17.2
1628989,Kevin Huerter,Kevin,1610612737,ATL,22.0,69,40,29,0.58,2125.995,316,731,0.432,140,386,0.363,50,64,0.781,38,193,231,241,79,82,18,28,165,52,822,71,1681.7,3,0,1634.0,1,2020-21,Kevin Huerter,30.8,112.8,113.2,113.2,110.8,111.6,111.6,2.0,1.7,1.7,0.161,3.05,22.4,0.017,0.09,0.053,7.3,7.3,0.528,0.541,0.167,0.171,100.05,99.5,82.92,99.5,0.077,4406,4.6,10.6
1628995,Kevin Knox II,Kevin,1610612752,NYK,21.0,42,26,16,0.619,464.4,56,143,0.392,35,89,0.393,16,20,0.8,10,51,61,19,17,12,6,6,37,18,163,-33,301.7,0,0,314.0,1,2020-21,Kevin Knox II,11.1,102.0,101.1,101.1,104.9,104.7,104.7,-2.9,-3.5,-3.5,0.064,1.12,10.2,0.02,0.101,0.06,9.1,9.1,0.514,0.537,0.152,0.159,98.86,99.38,82.82,99.38,0.065,962,1.3,3.4
201567,Kevin Love,Kevin,1610612739,CLE,32.0,25,7,18,0.28,622.15,103,252,0.409,57,156,0.365,42,51,0.824,17,169,186,63,38,16,2,12,26,34,305,-72,638.7,5,0,647.0,1,2020-21,Kevin Love,24.9,106.7,107.0,107.0,113.9,113.4,113.4,-7.2,-6.5,-6.5,0.153,1.66,16.9,0.026,0.272,0.147,10.2,10.1,0.522,0.556,0.211,0.219,100.47,100.57,83.81,100.57,0.123,1309,4.1,10.1
1629645,Kevin Porter Jr.,Kevin,1610612745,HOU,21.0,26,4,22,0.154,835.4883333333333,156,367,0.425,50,161,0.311,69,94,0.734,20,79,99,164,91,19,8,26,61,77,431,-224,785.8,4,0,798.0,1,2020-21,Kevin Porter Jr.,32.1,106.2,107.3,107.3,119.0,119.9,119.9,-12.8,-12.6,-12.6,0.293,1.8,24.7,0.022,0.098,0.058,13.7,13.7,0.493,0.528,0.247,0.25,103.63,102.69,85.58,102.69,0.086,1788,6.0,14.1
1626172,Kevon Looney,Kevon,1610612744,GSW,25.0,61,34,27,0.557,1160.6933333333334,108,197,0.548,4,17,0.235,31,48,0.646,117,205,322,119,37,21,22,14,136,49,251,130,907.9,0,0,782.0,1,2020-21,Kevon Looney,19.0,112.9,112.1,112.1,105.7,106.1,106.1,7.2,6.0,6.0,0.132,3.22,31.7,0.098,0.165,0.132,9.9,9.9,0.558,0.575,0.092,0.095,102.16,102.37,85.31,102.37,0.08,2467,1.8,3.2
203920,Khem Birch,Khem,1610612761,TOR,28.0,67,23,44,0.343,1529.23,189,380,0.497,13,52,0.25,91,129,0.705,174,213,387,89,44,48,50,30,113,100,482,-127,1329.9,6,0,1167.0,2,2020-21,Khem Birch,22.8,105.7,106.1,106.1,109.2,109.7,109.7,-3.5,-3.6,-3.6,0.085,2.02,15.6,0.101,0.138,0.119,7.7,7.7,0.514,0.552,0.133,0.136,100.13,99.71,83.09,99.71,0.089,3171,2.8,5.7
203114,Khris Middleton,Khris,1610612749,MIL,29.0,68,45,23,0.662,2268.616666666667,511,1074,0.476,151,365,0.414,212,236,0.898,54,352,406,370,178,74,9,52,160,186,1385,289,2498.2,10,0,2478.0,1,2020-21,Khris Middleton,33.4,115.4,116.7,116.7,110.0,110.5,110.5,5.4,6.2,6.2,0.227,2.08,21.6,0.023,0.143,0.085,10.4,10.3,0.546,0.588,0.245,0.251,104.37,103.55,86.29,103.55,0.123,4887,7.5,15.8
1629017,Khyri Thomas,Khyri,1610612745,HOU,25.0,5,1,4,0.2,152.93333333333334,32,66,0.485,9,27,0.333,9,9,1.0,7,11,18,25,6,9,6,1,8,7,82,14,180.1,0,0,164.0,1,2020-21,Khyri Thomas,30.6,123.0,124.3,124.3,117.8,116.9,116.9,5.3,7.3,7.3,0.21,4.17,24.8,0.047,0.072,0.06,5.9,5.9,0.553,0.586,0.208,0.211,106.36,106.24,88.54,106.24,0.107,334,6.4,13.2
1630165,Killian Hayes,Killian,1610612765,DET,19.0,26,6,20,0.231,670.2116666666667,71,201,0.353,20,72,0.278,14,17,0.824,6,63,69,138,83,27,10,12,57,30,176,-130,493.8,0,0,477.0,1,2020-21,Killian Hayes,25.8,100.0,100.6,100.6,108.4,110.7,110.7,-8.4,-10.1,-10.1,0.299,1.66,32.2,0.009,0.092,0.05,19.3,19.3,0.403,0.422,0.185,0.189,101.5,100.12,83.44,100.12,0.053,1403,2.7,7.7
1629681,Killian Tillie,Killian,1610612763,MEM,23.0,18,11,7,0.611,181.77,19,57,0.333,10,33,0.303,9,11,0.818,6,18,24,8,2,5,8,3,20,8,57,40,134.8,0,0,125.0,1,2020-21,Killian Tillie,10.1,109.3,107.2,107.2,97.2,97.7,97.7,12.1,9.6,9.6,0.063,4.0,11.1,0.031,0.082,0.059,2.8,2.8,0.421,0.461,0.148,0.153,101.29,102.06,85.05,102.06,0.047,388,1.1,3.2
1630184,Kira Lewis Jr.,Kira,1610612740,NOP,20.0,54,23,31,0.426,904.4433333333334,130,337,0.386,40,120,0.333,43,51,0.843,12,59,71,124,34,38,10,26,88,49,343,23,724.2,0,0,674.0,1,2020-21,Kira Lewis Jr.,16.7,108.7,108.9,108.9,108.1,108.1,108.1,0.6,0.8,0.8,0.191,3.65,24.0,0.012,0.064,0.037,6.6,6.6,0.445,0.477,0.176,0.18,102.75,102.61,85.51,102.61,0.064,1937,2.4,6.2
1628961,Kostas Antetokounmpo,Kostas,1610612747,LAL,23.0,15,6,9,0.4,55.81666666666667,3,10,0.3,0,0,0.0,6,13,0.462,4,15,19,1,11,2,4,4,8,9,12,27,43.3,0,0,44.0,1,2020-21,Kostas Antetokounmpo,3.7,103.0,105.4,105.4,89.1,83.3,83.3,13.9,22.1,22.1,0.023,0.09,3.6,0.059,0.211,0.137,39.3,39.7,0.3,0.382,0.172,0.175,110.26,112.65,93.88,112.65,0.005,130,0.2,0.7
1627739,Kris Dunn,Kris,1610612737,ATL,27.0,4,1,3,0.25,45.41,1,12,0.083,0,2,0.0,3,4,0.75,0,6,6,2,3,2,2,2,10,4,5,-31,24.2,0,0,21.0,1,2020-21,Kris Dunn,11.4,87.9,86.3,86.3,116.5,117.7,117.7,-28.6,-31.4,-31.4,0.08,0.67,10.5,0.0,0.125,0.064,15.8,16.0,0.083,0.182,0.157,0.165,100.59,100.95,84.12,100.95,-0.06,95,0.3,3.0
204001,Kristaps Porziņģis,Kristaps,1610612742,DAL,25.0,43,26,17,0.605,1326.5633333333333,325,683,0.476,97,258,0.376,118,138,0.855,82,299,381,68,51,20,58,32,115,151,865,8,1607.2,16,0,1567.0,1,2020-21,Kristaps Porziņģis,30.9,114.7,116.0,116.0,115.4,115.3,115.3,-0.7,0.7,0.7,0.081,1.33,7.9,0.062,0.219,0.141,5.9,5.9,0.547,0.582,0.259,0.264,99.47,98.93,82.44,98.93,0.135,2729,7.6,15.9
203937,Kyle Anderson,Kyle,1610612763,MEM,27.0,69,36,33,0.522,1887.335,308,658,0.468,94,261,0.36,144,184,0.783,52,344,396,250,86,84,57,32,120,132,854,51,2041.2,3,0,1876.0,1,2020-21,Kyle Anderson,27.4,109.9,110.3,110.3,108.0,108.7,108.7,1.9,1.6,1.6,0.182,2.91,23.2,0.026,0.173,0.099,8.0,8.0,0.54,0.578,0.181,0.185,102.85,102.34,85.28,102.34,0.121,4018,4.5,9.5
1629657,Kyle Guy,Kyle,1610612758,SAC,23.0,31,11,20,0.355,235.175,29,88,0.33,13,46,0.283,16,20,0.8,5,30,35,32,11,6,0,5,20,24,87,-15,184.0,0,0,179.0,1,2020-21,Kyle Guy,7.6,108.0,107.4,107.4,116.4,111.5,111.5,-8.4,-4.2,-4.2,0.184,2.91,22.9,0.019,0.128,0.071,7.9,7.9,0.403,0.449,0.185,0.191,102.42,104.91,87.42,104.91,0.062,517,0.9,2.8
1628398,Kyle Kuzma,Kyle,1610612747,LAL,25.0,68,40,28,0.588,1954.2333333333331,335,757,0.443,137,380,0.361,67,97,0.691,108,309,417,127,113,35,41,24,121,93,874,-3,1679.9,13,0,1707.0,1,2020-21,Kyle Kuzma,28.7,104.1,104.8,104.8,104.9,105.4,105.4,-0.8,-0.6,-0.6,0.1,1.12,12.2,0.054,0.157,0.105,10.9,10.9,0.533,0.546,0.198,0.203,100.37,99.72,83.1,99.72,0.097,4070,4.9,11.1
200768,Kyle Lowry,Kyle,1610612761,TOR,35.0,46,15,31,0.326,1601.5,260,596,0.436,131,331,0.396,140,160,0.875,35,212,247,338,126,45,14,25,143,196,791,-6,1645.4,9,2,1625.0,1,2020-21,Kyle Lowry,34.8,111.4,112.6,112.6,111.4,113.0,113.0,0.0,-0.3,-0.3,0.311,2.68,30.0,0.021,0.133,0.075,11.2,11.1,0.546,0.593,0.209,0.213,102.62,101.38,84.48,101.38,0.115,3385,5.7,13.0
202681,Kyrie Irving,Kyrie,1610612751,BKN,29.0,54,36,18,0.667,1886.2016666666664,549,1086,0.506,152,378,0.402,201,218,0.922,52,205,257,324,130,76,37,55,140,186,1451,229,2454.4,8,0,2410.0,1,2020-21,Kyrie Irving,34.9,118.4,119.4,119.4,112.1,113.8,113.8,6.3,5.6,5.6,0.269,2.49,19.9,0.029,0.101,0.067,8.0,7.9,0.576,0.614,0.297,0.302,102.29,101.13,84.28,101.13,0.149,3976,10.2,20.1
200746,LaMarcus Aldridge,LaMarcus,1610612751,BKN,35.0,26,15,11,0.577,674.3966666666666,140,296,0.473,31,80,0.388,41,47,0.872,19,99,118,49,27,11,29,9,47,39,352,-34,660.1,1,0,630.0,2,2020-21,LaMarcus Aldridge,25.9,109.7,110.6,110.6,113.0,113.4,113.4,-3.4,-2.8,-2.8,0.109,1.81,12.4,0.027,0.148,0.087,6.9,6.9,0.525,0.556,0.224,0.228,100.48,99.89,83.24,99.89,0.099,1406,5.4,11.4
1630163,LaMelo Ball,LaMelo,1610612766,CHA,19.0,51,23,28,0.451,1468.5733333333333,293,672,0.436,92,261,0.352,125,165,0.758,63,239,302,313,145,81,18,33,136,158,803,-84,1786.9,7,1,1708.0,1,2020-21,LaMelo Ball,28.8,108.1,108.7,108.7,112.1,111.8,111.8,-4.0,-3.1,-3.1,0.322,2.16,26.1,0.041,0.161,0.1,12.1,12.1,0.504,0.539,0.247,0.252,103.51,103.35,86.12,103.35,0.121,3169,5.7,13.2
1630205,Lamar Stevens,Lamar,1610612739,CLE,23.0,40,13,27,0.325,498.765,62,136,0.456,4,25,0.16,37,51,0.725,24,72,96,25,23,17,13,12,53,35,165,-115,384.7,1,0,350.0,1,2020-21,Lamar Stevens,12.5,101.5,100.1,100.1,110.1,110.5,110.5,-8.6,-10.4,-10.4,0.079,1.09,12.0,0.044,0.145,0.092,11.1,11.1,0.471,0.521,0.152,0.157,100.03,100.57,83.81,100.57,0.072,1042,1.6,3.4
1629013,Landry Shamet,Landry,1610612751,BKN,24.0,61,39,22,0.639,1402.6666666666667,186,456,0.408,129,333,0.387,66,78,0.846,11,101,112,99,48,31,10,23,93,65,567,57,924.9,0,0,989.0,1,2020-21,Landry Shamet,23.0,115.0,113.6,113.6,111.2,112.4,112.4,3.8,1.1,1.1,0.097,2.06,15.6,0.008,0.067,0.04,7.5,7.5,0.549,0.578,0.164,0.17,101.3,101.34,84.45,101.34,0.063,2972,3.0,7.5
204038,Langston Galloway,Langston,1610612756,PHX,29.0,40,29,11,0.725,437.6716666666667,66,147,0.449,36,85,0.424,22,23,0.957,7,35,42,26,13,8,0,1,25,21,190,34,290.4,0,0,310.0,1,2020-21,Langston Galloway,10.9,111.3,110.7,110.7,109.0,107.5,107.5,2.3,3.2,3.2,0.08,2.0,13.5,0.017,0.08,0.049,6.7,6.6,0.571,0.605,0.163,0.172,101.28,102.21,85.18,102.21,0.076,934,1.7,3.7
1626204,Larry Nance Jr.,Larry,1610612739,CLE,28.0,35,13,22,0.371,1091.4733333333334,128,272,0.471,41,114,0.36,30,49,0.612,54,181,235,107,55,61,17,12,72,58,327,-136,948.5,5,0,866.0,1,2020-21,Larry Nance Jr.,31.2,100.7,101.7,101.7,107.3,107.4,107.4,-6.6,-5.6,-5.6,0.145,1.95,23.4,0.049,0.169,0.108,12.0,12.1,0.546,0.557,0.139,0.14,98.38,97.85,81.54,97.85,0.104,2220,3.7,7.8
1628374,Lauri Markkanen,Lauri,1610612741,CHI,24.0,51,20,31,0.392,1317.4466666666667,250,521,0.48,119,296,0.402,76,92,0.826,35,233,268,45,52,26,15,26,75,95,695,-48,1155.1,2,0,1209.0,1,2020-21,Lauri Markkanen,25.8,106.9,107.1,107.1,108.9,109.9,109.9,-2.0,-2.8,-2.8,0.051,0.87,6.9,0.027,0.173,0.101,7.9,7.9,0.594,0.619,0.197,0.203,101.3,100.78,83.98,100.78,0.11,2780,4.9,10.2
2544,LeBron James,LeBron,1610612747,LAL,36.0,45,30,15,0.667,1503.7016666666666,422,823,0.513,104,285,0.365,178,255,0.698,29,317,346,350,168,48,25,27,70,206,1126,287,2117.2,18,5,2072.0,1,2020-21,LeBron James,33.4,111.8,112.4,112.4,102.6,103.2,103.2,9.1,9.2,9.2,0.394,2.08,24.3,0.02,0.202,0.114,11.7,11.6,0.576,0.602,0.31,0.32,100.98,100.41,83.67,100.41,0.191,3145,9.4,18.3
1629022,Lonnie Walker IV,Lonnie,1610612759,SAS,22.0,60,28,32,0.467,1521.8433333333332,256,609,0.42,100,282,0.355,57,70,0.814,14,141,155,101,65,29,15,27,101,60,669,-209,1073.5,0,0,1113.0,1,2020-21,Lonnie Walker IV,25.4,108.4,109.4,109.4,115.5,115.7,115.7,-7.1,-6.3,-6.3,0.095,1.55,12.6,0.009,0.093,0.05,8.1,8.1,0.502,0.523,0.199,0.203,100.65,100.05,83.37,100.05,0.063,3168,4.3,10.2
1628366,Lonzo Ball,Lonzo,1610612740,NOP,23.0,55,23,32,0.418,1747.2383333333332,290,700,0.414,172,455,0.378,50,64,0.781,33,230,263,316,123,82,31,16,103,62,802,49,1807.6,5,1,1779.0,1,2020-21,Lonzo Ball,31.8,112.8,114.2,114.2,112.3,113.7,113.7,0.6,0.5,0.5,0.246,2.57,27.1,0.018,0.129,0.073,10.5,10.5,0.537,0.551,0.202,0.205,102.06,100.81,84.01,100.81,0.105,3683,5.3,12.7
101150,Lou Williams,Lou,1610612737,ATL,34.0,66,44,22,0.667,1422.9083333333333,265,646,0.41,69,173,0.399,150,173,0.867,21,117,138,225,108,47,6,37,62,139,749,77,1303.1,2,0,1287.0,2,2020-21,Lou Williams,21.6,112.8,112.3,112.3,111.1,110.6,110.6,1.6,1.8,1.8,0.233,2.08,21.4,0.015,0.08,0.048,10.3,10.2,0.464,0.519,0.244,0.252,101.23,101.69,84.74,101.69,0.096,3025,4.0,9.8
1629663,Louis King,Louis,1610612758,SAC,22.0,6,3,3,0.5,85.30333333333333,17,34,0.5,4,11,0.364,6,6,1.0,5,13,18,9,4,7,3,0,9,5,44,-3,105.1,0,0,95.0,1,2020-21,Louis King,14.2,100.1,97.3,97.3,99.3,100.5,100.5,0.8,-3.3,-3.3,0.18,2.25,18.4,0.051,0.135,0.093,8.2,8.1,0.559,0.6,0.191,0.202,102.46,103.26,86.05,103.26,0.148,185,2.8,5.7
1629652,Luguentz Dort,Luguentz,1610612760,OKC,22.0,52,18,34,0.346,1543.205,247,639,0.387,113,329,0.343,122,164,0.744,38,151,189,88,79,45,19,48,134,175,729,-252,1200.8,0,0,1247.0,1,2020-21,Luguentz Dort,29.7,103.6,104.4,104.4,110.9,111.6,111.6,-7.3,-7.2,-7.2,0.09,1.11,10.1,0.023,0.092,0.057,9.0,9.0,0.475,0.513,0.218,0.222,101.8,101.09,84.24,101.09,0.062,3242,4.8,12.3
1629029,Luka Dončić,Luka,1610612742,DAL,22.0,66,40,26,0.606,2262.3966666666665,647,1351,0.479,192,548,0.35,344,471,0.73,54,473,527,567,281,64,36,51,152,364,1830,164,3331.9,26,11,3316.0,1,2020-21,Luka Dončić,34.3,115.8,116.6,116.6,111.9,112.7,112.7,3.8,3.9,3.9,0.425,2.02,23.6,0.024,0.202,0.115,11.7,11.7,0.55,0.587,0.35,0.358,100.07,99.4,82.83,99.4,0.179,4676,9.8,20.5
1629677,Luka Samanic,Luka,1610612759,SAS,21.0,33,14,19,0.424,308.1766666666667,47,105,0.448,12,43,0.279,16,29,0.552,16,52,68,15,20,8,8,8,43,22,122,-20,254.1,0,0,249.0,1,2020-21,Luka Samanic,9.3,101.5,102.6,102.6,108.4,104.6,104.6,-6.9,-2.0,-2.0,0.073,0.75,9.9,0.049,0.158,0.104,13.2,13.1,0.505,0.518,0.187,0.194,100.26,101.47,84.56,101.47,0.065,648,1.4,3.2
1628379,Luke Kennard,Luke,1610612746,LAC,25.0,63,44,19,0.698,1232.2483333333332,197,414,0.476,100,224,0.446,26,31,0.839,15,146,161,104,48,23,9,12,91,36,520,-25,917.2,1,0,949.0,1,2020-21,Luke Kennard,19.6,114.7,114.0,114.0,114.1,114.4,114.4,0.6,-0.4,-0.4,0.12,2.17,18.0,0.013,0.118,0.066,8.3,8.3,0.597,0.608,0.166,0.173,98.82,99.0,82.5,99.0,0.084,2535,3.1,6.6
1628436,Luke Kornet,Luke,1610612738,BOS,25.0,31,13,18,0.419,347.435,44,101,0.436,15,59,0.254,3,6,0.5,14,53,67,24,7,4,32,2,20,10,106,53,323.4,0,0,284.0,2,2020-21,Luke Kornet,11.2,106.7,105.4,105.4,100.5,99.6,99.6,6.2,5.8,5.8,0.095,3.43,17.9,0.041,0.144,0.095,5.2,5.2,0.51,0.511,0.135,0.141,101.28,102.37,85.31,102.37,0.087,746,1.4,3.3
1630201,Malachi Flynn,Malachi,1610612761,TOR,23.0,47,21,26,0.447,927.545,127,340,0.374,54,168,0.321,45,56,0.804,10,106,116,137,43,38,7,13,68,51,353,-98,789.7,1,0,750.0,1,2020-21,Malachi Flynn,19.7,103.6,103.8,103.8,108.8,109.4,109.4,-5.2,-5.6,-5.6,0.225,3.19,25.3,0.01,0.114,0.06,7.9,7.9,0.453,0.484,0.183,0.19,101.41,101.04,84.2,101.04,0.083,1958,2.7,7.2
1627763,Malcolm Brogdon,Malcolm,1610612754,IND,28.0,56,27,29,0.482,1929.5433333333333,444,980,0.453,145,374,0.388,153,177,0.864,58,236,294,329,115,49,15,66,110,150,1186,-32,2109.3,6,0,2082.0,1,2020-21,Malcolm Brogdon,34.5,108.8,110.6,110.6,109.6,111.1,111.1,-0.8,-0.5,-0.5,0.271,2.86,22.0,0.029,0.118,0.073,7.7,7.7,0.527,0.561,0.257,0.262,102.5,101.02,84.19,101.02,0.128,4056,7.9,17.5
1627736,Malik Beasley,Malik,1610612750,MIN,24.0,37,8,29,0.216,1214.065,264,600,0.44,128,321,0.399,68,80,0.85,28,134,162,88,60,30,7,29,62,61,724,-197,1101.4,0,0,1176.0,1,2020-21,Malik Beasley,32.8,106.2,107.9,107.9,113.0,115.0,115.0,-6.8,-7.2,-7.2,0.114,1.47,11.3,0.021,0.112,0.064,7.7,7.7,0.547,0.57,0.235,0.241,103.82,102.1,85.09,102.1,0.101,2577,7.1,16.2
1630238,Malik Fitts,Malik,1610612746,LAC,23.0,3,3,0,1.0,10.816666666666666,1,3,0.333,1,2,0.5,0,0,0.0,0,3,3,0,0,0,0,1,3,0,3,-6,6.6,0,0,7.0,1,2020-21,Malik Fitts,3.6,88.3,86.4,86.4,121.8,113.6,113.6,-33.5,-27.3,-27.3,0.0,0.0,0.0,0.0,0.3,0.15,0.0,0.0,0.5,0.5,0.12,0.133,93.28,97.63,81.36,97.63,0.029,22,0.3,1.0
1628370,Malik Monk,Malik,1610612766,CHA,23.0,42,19,23,0.452,878.405,173,399,0.434,85,212,0.401,59,72,0.819,14,87,101,87,55,19,4,19,47,58,490,33,755.7,0,0,809.0,1,2020-21,Malik Monk,20.9,109.3,109.4,109.4,109.3,108.6,108.6,0.0,0.8,0.8,0.155,1.58,15.3,0.015,0.096,0.055,9.6,9.6,0.54,0.569,0.227,0.234,101.68,101.97,84.97,101.97,0.096,1874,4.1,9.5
1629603,Mamadi Diakite,Mamadi,1610612749,MIL,24.0,14,7,7,0.5,141.05,16,40,0.4,1,8,0.125,11,14,0.786,8,26,34,8,3,6,5,4,16,13,44,8,126.8,0,0,109.0,1,2020-21,Mamadi Diakite,10.1,105.8,103.2,103.2,99.7,99.4,99.4,6.1,3.8,3.8,0.079,2.67,13.8,0.052,0.16,0.107,5.2,5.2,0.413,0.477,0.142,0.146,106.0,107.54,89.61,107.54,0.081,314,1.1,2.9
201188,Marc Gasol,Marc,1610612747,LAL,36.0,52,32,20,0.615,993.075,88,194,0.454,50,122,0.41,36,50,0.72,38,177,215,109,53,26,58,5,115,54,262,89,882.5,0,0,804.0,1,2020-21,Marc Gasol,19.1,107.1,108.5,108.5,103.7,104.2,104.2,3.4,4.3,4.3,0.145,2.06,28.9,0.039,0.174,0.108,14.1,14.0,0.582,0.606,0.117,0.119,100.85,99.96,83.3,99.96,0.083,2068,1.7,3.7
202694,Marcus Morris Sr.,Marcus,1610612746,LAC,31.0,57,38,19,0.667,1501.888333333333,276,584,0.473,140,296,0.473,73,89,0.82,35,199,234,58,57,34,15,11,117,78,765,133,1222.8,0,0,1295.0,1,2020-21,Marcus Morris Sr.,26.3,117.3,117.4,117.4,112.0,113.1,113.1,5.3,4.2,4.2,0.056,1.02,7.9,0.025,0.133,0.08,7.8,7.7,0.592,0.614,0.194,0.201,99.23,98.69,82.24,98.69,0.091,3089,4.8,10.2
203935,Marcus Smart,Marcus,1610612738,BOS,27.0,48,24,24,0.5,1581.2516666666668,203,510,0.398,93,282,0.33,128,162,0.79,36,131,167,273,96,72,23,10,126,145,627,93,1425.9,3,0,1350.0,1,2020-21,Marcus Smart,32.9,112.8,114.2,114.2,110.5,111.3,111.3,2.3,2.8,2.8,0.227,2.84,28.7,0.022,0.084,0.052,10.1,10.1,0.489,0.539,0.179,0.182,102.2,101.16,84.3,101.16,0.085,3332,4.2,10.6
1628365,Markelle Fultz,Markelle,1610612753,ORL,23.0,8,6,2,0.75,215.2,41,104,0.394,4,16,0.25,17,19,0.895,5,20,25,43,18,8,2,7,18,23,103,-29,209.5,1,0,195.0,1,2020-21,Markelle Fultz,26.9,107.2,107.1,107.1,112.2,113.6,113.6,-5.0,-6.5,-6.5,0.293,2.39,25.0,0.021,0.095,0.056,10.5,10.4,0.413,0.458,0.25,0.256,103.75,103.16,85.97,103.16,0.081,463,5.1,13.0
202693,Markieff Morris,Markieff,1610612747,LAL,31.0,61,32,29,0.525,1200.1233333333332,153,378,0.405,65,209,0.311,36,50,0.72,48,218,266,73,54,22,19,7,105,51,407,21,904.7,2,0,893.0,1,2020-21,Markieff Morris,19.7,105.6,107.1,107.1,105.8,106.3,106.3,-0.1,0.8,0.8,0.088,1.35,13.9,0.04,0.176,0.109,10.3,10.2,0.491,0.509,0.16,0.164,101.39,100.47,83.72,100.47,0.076,2512,2.5,6.2
1630210,Markus Howard,Markus,1610612743,DEN,22.0,37,24,13,0.649,204.94833333333327,40,106,0.377,18,65,0.277,7,9,0.778,1,20,21,18,18,4,1,8,23,6,105,-70,154.2,0,0,172.0,1,2020-21,Markus Howard,5.5,97.5,93.5,93.5,112.4,110.5,110.5,-14.9,-17.0,-17.0,0.145,1.0,12.4,0.004,0.095,0.048,12.4,12.3,0.462,0.477,0.25,0.267,104.84,107.97,89.97,107.97,0.046,465,1.1,2.9
1629716,Marques Bolden,Marques,1610612739,CLE,23.0,6,2,4,0.333,28.633333333333333,1,3,0.333,0,0,0.0,5,8,0.625,3,3,6,0,2,2,2,0,0,3,7,5,24.2,0,0,21.0,1,2020-21,Marques Bolden,4.8,85.5,82.8,82.8,72.0,70.5,70.5,13.6,12.3,12.3,0.0,0.0,0.0,0.083,0.088,0.086,22.2,23.5,0.333,0.537,0.136,0.133,97.13,99.74,83.12,99.74,0.115,58,0.2,0.5
1627737,Marquese Chriss,Marquese,1610612744,GSW,23.0,2,0,2,0.0,26.716666666666665,5,14,0.357,1,5,0.2,2,4,0.5,3,10,13,2,2,0,2,1,3,2,13,-25,35.6,0,0,33.0,1,2020-21,Marquese Chriss,13.4,74.8,79.0,79.0,124.2,119.4,119.4,-49.3,-40.3,-40.3,0.2,1.0,10.0,0.075,0.385,0.197,10.0,10.1,0.393,0.412,0.25,0.252,112.36,111.39,92.83,111.39,0.11,62,2.5,7.0
1628963,Marvin Bagley III,Marvin,1610612758,SAC,22.0,43,20,23,0.465,1111.8283333333334,247,490,0.504,37,108,0.343,77,134,0.575,106,212,318,43,59,21,21,42,100,116,608,-87,1121.1,11,0,1090.0,1,2020-21,Marvin Bagley III,25.9,112.2,112.8,112.8,115.0,116.5,116.5,-2.7,-3.7,-3.7,0.057,0.73,6.6,0.092,0.188,0.14,9.0,9.1,0.542,0.554,0.229,0.233,102.17,101.26,84.38,101.26,0.099,2345,5.7,11.4
1630222,Mason Jones,Mason,1610612755,PHI,22.0,32,10,22,0.313,334.4866666666667,52,123,0.423,24,66,0.364,40,64,0.625,7,48,55,42,29,7,1,5,24,39,168,-90,292.0,0,0,305.0,2,2020-21,Mason Jones,10.5,97.9,98.9,98.9,111.9,108.8,108.8,-14.1,-9.9,-9.9,0.211,1.45,18.9,0.018,0.145,0.076,13.1,13.1,0.52,0.556,0.217,0.22,105.0,105.91,88.25,105.91,0.092,730,1.6,3.8
203486,Mason Plumlee,Mason,1610612765,DET,31.0,56,14,42,0.25,1498.605,234,381,0.614,0,7,0.0,113,169,0.669,145,374,519,202,105,43,50,35,186,151,581,-150,1680.8,16,2,1488.0,1,2020-21,Mason Plumlee,26.8,107.4,109.1,109.1,113.5,114.0,114.0,-6.2,-4.9,-4.9,0.205,1.92,26.5,0.095,0.264,0.176,13.8,13.8,0.614,0.638,0.163,0.165,99.52,98.52,82.1,98.52,0.129,3076,4.2,6.8
1629680,Matisse Thybulle,Matisse,1610612755,PHI,24.0,65,46,19,0.708,1298.005,102,243,0.42,43,143,0.301,8,18,0.444,30,94,124,63,32,105,71,3,127,27,255,97,994.3,0,0,837.0,1,2020-21,Matisse Thybulle,20.0,110.3,109.3,109.3,104.0,104.7,104.7,6.3,4.6,4.6,0.064,1.97,18.3,0.023,0.07,0.047,9.3,9.3,0.508,0.508,0.09,0.094,101.75,101.86,84.88,101.86,0.053,2741,1.6,3.7
1629744,Matt Thomas,Matt,1610612762,UTA,26.0,45,27,18,0.6,326.63,50,127,0.394,27,80,0.338,12,14,0.857,7,37,44,19,14,4,0,5,18,6,139,-67,218.3,0,0,237.0,2,2020-21,Matt Thomas,7.3,101.1,100.0,100.0,110.1,109.3,109.3,-9.0,-9.3,-9.3,0.096,1.36,11.6,0.02,0.112,0.065,8.5,8.4,0.5,0.522,0.187,0.196,101.36,102.28,85.23,102.28,0.071,695,1.1,2.8
203521,Matthew Dellavedova,Matthew,1610612739,CLE,30.0,13,4,9,0.308,224.1,14,56,0.25,4,25,0.16,4,4,1.0,6,18,24,58,6,4,1,5,21,4,36,-18,160.8,0,0,132.0,1,2020-21,Matthew Dellavedova,17.2,111.0,108.8,108.8,113.9,111.9,111.9,-2.8,-3.1,-3.1,0.337,9.67,47.5,0.029,0.085,0.057,4.9,4.9,0.286,0.312,0.125,0.128,98.29,100.13,83.44,100.13,0.052,466,1.1,4.3
203090,Maurice Harkless,Maurice,1610612758,SAC,28.0,37,16,21,0.432,771.8766666666667,69,165,0.418,23,84,0.274,33,43,0.767,13,76,89,44,22,30,20,9,86,33,194,-44,494.8,0,0,450.0,2,2020-21,Maurice Harkless,20.9,110.1,109.7,109.7,111.9,112.7,112.7,-1.8,-2.9,-2.9,0.071,2.0,17.5,0.017,0.097,0.058,8.8,8.8,0.488,0.527,0.114,0.116,102.91,102.73,85.61,102.73,0.044,1654,1.9,4.5
1629622,Max Strus,Max,1610612748,MIA,25.0,39,14,25,0.359,506.53333333333336,85,187,0.455,50,148,0.338,16,24,0.667,5,36,41,24,8,11,2,1,43,27,236,-40,352.2,0,0,377.0,1,2020-21,Max Strus,13.0,110.3,109.4,109.4,114.6,113.6,113.6,-4.3,-4.2,-4.2,0.074,3.0,10.5,0.011,0.073,0.043,3.5,3.5,0.588,0.597,0.179,0.185,97.49,98.32,81.93,98.32,0.072,1039,2.2,4.8
1628467,Maxi Kleber,Maxi,1610612742,DAL,29.0,50,31,19,0.62,1340.7966666666666,116,275,0.422,87,212,0.41,34,37,0.919,47,213,260,68,30,24,35,5,105,44,353,136,914.0,0,0,886.0,1,2020-21,Maxi Kleber,26.8,113.4,113.5,113.5,108.9,108.9,108.9,4.5,4.6,4.6,0.066,2.27,17.4,0.035,0.151,0.095,7.7,7.7,0.58,0.606,0.103,0.106,100.15,100.1,83.41,100.1,0.073,2799,2.3,5.5
203086,Meyers Leonard,Meyers,1610612748,MIA,29.0,3,2,1,0.667,29.386666666666667,3,7,0.429,3,7,0.429,1,2,0.5,0,7,7,2,2,0,0,0,5,3,10,-4,19.4,0,0,22.0,1,2020-21,Meyers Leonard,9.8,101.7,103.3,103.3,110.2,104.8,104.8,-8.5,-1.4,-1.4,0.105,1.0,16.7,0.0,0.241,0.119,16.7,16.8,0.643,0.635,0.152,0.152,98.69,100.45,83.71,100.45,0.067,60,1.0,2.3
1629662,Mfiondu Kabengele,Mfiondu,1610612739,CLE,23.0,39,20,19,0.513,280.0183333333333,33,89,0.371,13,50,0.26,16,20,0.8,12,48,60,17,15,8,13,3,36,18,95,-92,240.5,0,0,227.0,2,2020-21,Mfiondu Kabengele,7.2,94.3,93.1,93.1,107.9,107.3,107.3,-13.6,-14.2,-14.2,0.099,1.13,13.1,0.039,0.151,0.096,11.5,11.6,0.444,0.486,0.168,0.175,102.0,102.94,85.78,102.94,0.065,597,0.8,2.3
203487,Michael Carter-Williams,Michael,1610612753,ORL,29.0,31,12,19,0.387,799.6316666666667,105,270,0.389,15,61,0.246,49,80,0.613,39,100,139,129,69,25,17,21,81,114,274,-49,691.3,0,0,641.0,1,2020-21,Michael Carter-Williams,25.8,102.8,103.1,103.1,105.8,105.6,105.6,-2.9,-2.5,-2.5,0.238,1.87,25.7,0.044,0.123,0.082,13.8,13.7,0.417,0.449,0.198,0.202,101.38,101.36,84.46,101.36,0.064,1685,3.4,8.7
1629008,Michael Porter Jr.,Michael,1610612743,DEN,23.0,61,40,21,0.656,1912.25,443,817,0.542,170,382,0.445,106,134,0.791,91,354,445,70,77,40,54,24,126,100,1162,360,2006.0,15,0,2035.0,1,2020-21,Michael Porter Jr.,31.3,118.7,120.2,120.2,111.2,111.9,111.9,7.5,8.3,8.3,0.052,0.91,6.9,0.051,0.189,0.121,7.6,7.5,0.646,0.663,0.214,0.218,98.99,98.1,81.75,98.1,0.125,3924,7.3,13.4
1628969,Mikal Bridges,Mikal,1610612756,PHX,24.0,72,51,21,0.708,2347.728333333333,363,669,0.543,134,315,0.425,110,131,0.84,76,233,309,152,57,76,63,24,116,115,970,337,1928.8,2,0,1843.0,1,2020-21,Mikal Bridges,32.6,116.6,117.5,117.5,109.1,110.0,110.0,7.5,7.4,7.4,0.085,2.67,16.3,0.035,0.099,0.068,6.1,6.1,0.643,0.667,0.147,0.149,99.15,98.32,81.93,98.32,0.099,4800,5.0,9.3
201144,Mike Conley,Mike,1610612762,UTA,33.0,51,37,14,0.725,1497.615,284,640,0.444,138,335,0.412,121,142,0.852,36,141,177,305,99,70,9,24,98,132,827,548,1634.9,6,0,1605.0,1,2020-21,Mike Conley,29.4,117.3,116.2,116.2,100.0,99.5,99.5,17.2,16.7,16.7,0.303,3.08,27.5,0.024,0.082,0.055,8.9,8.9,0.552,0.589,0.224,0.231,100.78,101.52,84.6,101.52,0.131,3176,5.6,12.5
1628455,Mike James,Mike,1610612751,BKN,30.0,13,9,4,0.692,235.99,34,92,0.37,11,31,0.355,21,27,0.778,3,29,32,54,20,6,1,5,10,21,100,20,220.4,0,0,211.0,1,2020-21,Mike James,18.2,117.1,115.6,115.6,111.5,111.6,111.6,5.6,4.1,4.1,0.303,2.7,30.2,0.013,0.112,0.066,11.2,11.2,0.429,0.481,0.231,0.235,99.64,100.28,83.56,100.28,0.092,493,2.6,7.1
203488,Mike Muscala,Mike,1610612760,OKC,29.0,35,15,20,0.429,645.4416666666667,119,267,0.446,68,184,0.37,33,36,0.917,19,113,132,28,21,8,11,6,54,38,339,17,575.4,0,0,605.0,1,2020-21,Mike Muscala,18.4,101.2,102.5,102.5,102.0,101.9,101.9,-0.9,0.6,0.6,0.069,1.33,8.6,0.028,0.157,0.095,6.5,6.3,0.573,0.599,0.194,0.202,103.53,102.92,85.77,102.92,0.112,1388,3.4,7.6
203118,Mike Scott,Mike,1610612755,PHI,32.0,51,35,16,0.686,851.6516666666666,76,211,0.36,53,155,0.342,8,12,0.667,11,109,120,40,19,24,14,8,72,20,213,-8,512.0,0,0,502.0,1,2020-21,Mike Scott,16.7,105.6,105.7,105.7,105.5,105.9,105.9,0.1,-0.2,-0.2,0.064,2.11,14.5,0.012,0.129,0.069,6.9,6.9,0.486,0.492,0.116,0.12,102.16,101.9,84.92,101.9,0.05,1806,1.5,4.1
1628970,Miles Bridges,Miles,1610612766,CHA,23.0,66,31,35,0.47,1931.9216666666664,313,622,0.503,116,290,0.4,98,113,0.867,81,316,397,147,106,44,52,26,143,102,840,-9,1718.9,11,0,1692.0,1,2020-21,Miles Bridges,29.3,110.3,110.4,110.4,110.1,110.1,110.1,0.1,0.3,0.3,0.113,1.39,15.9,0.041,0.158,0.1,11.5,11.5,0.596,0.625,0.17,0.174,100.81,100.77,83.98,100.77,0.103,4047,4.7,9.4
1629011,Mitchell Robinson,Mitchell,1610612752,NYK,23.0,31,15,16,0.484,852.5183333333333,115,176,0.653,0,0,0.0,26,53,0.491,113,139,252,17,26,35,45,13,86,50,256,-17,797.9,5,0,685.0,1,2020-21,Mitchell Robinson,27.5,103.8,106.1,106.1,106.7,106.5,106.5,-2.9,-0.4,-0.4,0.03,0.65,7.0,0.124,0.155,0.14,10.7,10.7,0.653,0.642,0.114,0.115,97.33,96.39,80.33,96.39,0.104,1707,3.7,5.7
1629671,Miye Oni,Miye,1610612762,UTA,23.0,54,45,9,0.833,519.4116666666666,35,99,0.354,30,88,0.341,5,6,0.833,23,61,84,28,16,11,8,3,61,7,105,92,288.8,0,0,285.0,1,2020-21,Miye Oni,9.6,109.6,108.4,108.4,102.4,99.5,99.5,7.3,8.8,8.8,0.071,1.75,19.2,0.043,0.106,0.076,11.0,11.0,0.505,0.517,0.095,0.099,99.64,101.61,84.67,101.61,0.04,1097,0.6,1.8
1628964,Mo Bamba,Mo,1610612753,ORL,23.0,46,11,35,0.239,724.5766666666667,142,301,0.472,38,118,0.322,45,66,0.682,76,189,265,35,36,14,58,18,87,50,367,-203,917.5,4,0,849.0,1,2020-21,Mo Bamba,15.8,101.5,102.4,102.4,114.7,115.2,115.2,-13.2,-12.9,-12.9,0.082,0.97,8.8,0.091,0.24,0.163,9.0,9.0,0.535,0.556,0.21,0.215,101.79,101.09,84.24,101.09,0.123,1523,3.1,6.5
1628420,Monte Morris,Monte,1610612743,DEN,26.0,47,30,17,0.638,1196.1533333333334,186,387,0.481,51,134,0.381,58,73,0.795,11,85,96,150,34,34,13,23,48,55,481,153,928.2,0,0,872.0,1,2020-21,Monte Morris,25.5,114.9,115.7,115.7,109.5,109.5,109.5,5.4,6.2,6.2,0.172,4.41,24.9,0.009,0.071,0.04,5.6,5.6,0.547,0.574,0.161,0.165,99.24,98.88,82.4,98.88,0.092,2464,4.0,8.2
1626149,Montrezl Harrell,Montrezl,1610612747,LAL,27.0,69,41,28,0.594,1580.3283333333334,375,603,0.622,0,10,0.0,181,256,0.707,158,270,428,73,74,46,49,42,128,220,931,42,1765.1,8,0,1622.0,1,2020-21,Montrezl Harrell,22.9,106.5,107.3,107.3,105.2,105.9,105.9,1.3,1.4,1.4,0.078,0.99,8.5,0.1,0.167,0.134,8.6,8.6,0.622,0.65,0.211,0.217,100.5,99.78,83.15,99.78,0.152,3283,5.4,8.7
1629021,Moritz Wagner,Moritz,1610612753,ORL,24.0,45,19,26,0.422,721.8316666666667,104,229,0.454,31,91,0.341,71,87,0.816,27,119,146,50,43,26,18,19,108,97,310,-142,649.2,1,0,625.0,3,2020-21,Moritz Wagner,16.0,104.4,104.9,104.9,112.0,112.8,112.8,-7.7,-7.9,-7.9,0.107,1.16,13.9,0.035,0.149,0.093,11.9,11.9,0.522,0.58,0.178,0.182,105.43,104.8,87.33,104.8,0.08,1568,2.3,5.1
1629650,Moses Brown,Moses,1610612738,BOS,21.0,43,8,35,0.186,920.195,146,268,0.545,0,0,0.0,78,126,0.619,154,229,383,10,43,31,47,28,93,98,370,-363,1035.6,12,0,919.0,1,2020-21,Moses Brown,21.4,97.9,98.1,98.1,116.4,116.4,116.4,-18.4,-18.3,-18.3,0.017,0.23,2.7,0.143,0.238,0.188,11.4,11.4,0.545,0.572,0.157,0.161,104.86,104.74,87.29,104.74,0.114,2010,3.4,6.2
1628539,Mychal Mulder,Mychal,1610612744,GSW,27.0,60,33,27,0.55,765.725,119,265,0.449,85,214,0.397,14,22,0.636,8,52,60,26,16,12,12,5,56,19,337,64,504.0,0,0,556.0,1,2020-21,Mychal Mulder,12.8,112.2,111.3,111.3,108.3,108.4,108.4,3.8,2.9,2.9,0.047,1.63,8.2,0.01,0.062,0.037,5.0,5.1,0.609,0.613,0.157,0.163,105.47,105.81,88.18,105.81,0.062,1695,2.0,4.4
1626167,Myles Turner,Myles,1610612754,IND,25.0,47,22,25,0.468,1455.32,206,432,0.477,69,206,0.335,111,142,0.782,63,243,306,48,67,40,159,17,165,113,592,25,1561.2,7,0,1413.0,1,2020-21,Myles Turner,31.0,108.5,109.2,109.2,107.1,107.9,107.9,1.4,1.3,1.3,0.047,0.72,7.8,0.043,0.159,0.102,10.9,11.0,0.557,0.599,0.167,0.17,101.47,100.71,83.93,100.71,0.09,3047,4.4,9.2
1630230,Naji Marshall,Naji,1610612740,NOP,23.0,32,14,18,0.438,699.6983333333334,82,209,0.392,29,83,0.349,53,75,0.707,15,133,148,88,38,26,10,14,58,49,246,-28,625.6,3,0,583.0,1,2020-21,Naji Marshall,21.9,107.6,108.1,108.1,110.3,109.6,109.6,-2.8,-1.5,-1.5,0.165,2.32,23.9,0.02,0.182,0.1,10.3,10.3,0.462,0.508,0.16,0.163,105.05,105.1,87.58,105.1,0.088,1530,2.6,6.5
1629642,Nassir Little,Nassir,1610612757,POR,21.0,48,27,21,0.563,640.37,78,167,0.467,28,80,0.35,36,45,0.8,32,96,128,23,18,5,13,8,51,35,220,-40,444.1,0,0,435.0,1,2020-21,Nassir Little,13.3,115.2,116.2,116.2,118.6,118.4,118.4,-3.4,-2.2,-2.2,0.049,1.28,10.1,0.046,0.144,0.094,7.9,7.9,0.551,0.589,0.135,0.138,99.42,99.06,82.55,99.06,0.072,1317,1.6,3.5
1630268,Nate Darling,Nate,1610612766,CHA,22.0,7,3,4,0.429,26.116666666666667,2,7,0.286,2,7,0.286,3,3,1.0,1,0,1,1,1,0,1,0,1,2,9,-30,13.7,0,0,15.0,1,2020-21,Nate Darling,3.7,65.6,67.9,67.9,133.9,122.2,122.2,-68.3,-54.3,-54.3,0.111,1.0,11.1,0.032,0.0,0.018,11.1,9.7,0.429,0.541,0.133,0.156,95.68,98.33,81.94,98.33,0.048,53,0.3,1.0
1630207,Nate Hinton,Nate,1610612742,DAL,22.0,21,11,10,0.524,93.35,15,42,0.357,4,19,0.211,7,10,0.7,1,8,9,8,5,7,2,3,8,7,41,-54,85.8,0,0,80.0,1,2020-21,Nate Hinton,4.4,88.2,87.3,87.3,116.0,115.4,115.4,-27.9,-28.2,-28.2,0.151,1.6,13.6,0.009,0.091,0.044,8.5,8.4,0.405,0.442,0.217,0.23,103.32,104.12,86.77,104.12,0.066,204,0.7,2.0
1630233,Nathan Knight,Nathan,1610612737,ATL,23.0,33,21,12,0.636,278.77666666666664,37,100,0.37,6,33,0.182,44,55,0.8,27,45,72,8,15,9,10,10,22,31,124,-17,264.4,1,0,248.0,1,2020-21,Nathan Knight,8.4,102.7,102.6,102.6,108.4,106.9,106.9,-5.7,-4.3,-4.3,0.045,0.53,5.4,0.093,0.155,0.124,10.1,10.2,0.4,0.499,0.207,0.214,99.82,100.55,83.79,100.55,0.089,588,1.1,3.0
1629675,Naz Reid,Naz,1610612750,MIN,21.0,70,22,48,0.314,1346.6883333333333,304,581,0.523,61,174,0.351,115,166,0.693,82,240,322,72,69,34,76,31,179,136,784,-292,1539.4,1,0,1459.0,1,2020-21,Naz Reid,19.2,101.9,102.7,102.7,111.5,112.4,112.4,-9.7,-9.7,-9.7,0.088,1.04,9.1,0.054,0.173,0.111,8.7,8.7,0.576,0.599,0.218,0.225,104.9,104.06,86.72,104.06,0.113,2915,4.3,8.3
202357,Nemanja Bjelica,Nemanja,1610612748,MIA,33.0,37,16,21,0.432,595.145,89,196,0.454,27,85,0.318,37,51,0.725,29,98,127,69,33,15,5,10,68,34,242,-66,524.9,0,0,505.0,2,2020-21,Nemanja Bjelica,16.1,110.5,109.8,109.8,115.9,116.5,116.5,-5.4,-6.7,-6.7,0.16,2.09,21.6,0.049,0.172,0.109,10.3,10.3,0.523,0.554,0.179,0.186,100.49,100.53,83.78,100.53,0.084,1254,2.4,5.3
203457,Nerlens Noel,Nerlens,1610612752,NYK,27.0,64,35,29,0.547,1546.6083333333331,137,223,0.614,0,3,0.0,50,70,0.714,142,265,407,46,65,70,141,12,176,91,324,-2,1449.4,2,0,1199.0,1,2020-21,Nerlens Noel,24.2,108.3,109.2,109.2,107.0,108.5,108.5,1.3,0.7,0.7,0.041,0.71,12.6,0.094,0.164,0.13,17.8,17.8,0.614,0.638,0.092,0.094,97.85,96.74,80.62,96.74,0.082,3106,2.1,3.5
1629651,Nic Claxton,Nic,1610612751,BKN,22.0,32,23,9,0.719,594.2366666666667,90,145,0.621,1,5,0.2,31,64,0.484,43,123,166,28,18,23,40,11,68,54,212,157,624.2,1,0,533.0,1,2020-21,Nic Claxton,18.6,115.2,114.3,114.3,101.8,102.1,102.1,13.4,12.3,12.3,0.068,1.56,12.8,0.074,0.187,0.134,8.3,8.2,0.624,0.612,0.136,0.141,100.41,100.65,83.87,100.65,0.109,1248,2.8,4.5
1630208,Nick Richards,Nick,1610612766,CHA,23.0,18,9,9,0.5,62.61833333333333,4,9,0.444,0,1,0.0,7,11,0.636,4,7,11,2,3,0,0,1,7,7,15,-12,28.2,0,0,28.0,1,2020-21,Nick Richards,3.5,96.2,93.3,93.3,113.6,103.8,103.8,-17.3,-10.5,-10.5,0.054,0.67,10.5,0.056,0.096,0.076,15.8,15.9,0.444,0.542,0.111,0.116,96.03,101.95,84.96,101.95,0.033,134,0.2,0.5
1629638,Nickeil Alexander-Walker,Nickeil,1610612740,NOP,22.0,46,20,26,0.435,1006.9183333333332,192,458,0.419,76,219,0.347,48,66,0.727,13,131,144,102,69,47,22,34,88,66,508,-52,971.8,0,0,968.0,1,2020-21,Nickeil Alexander-Walker,21.9,107.4,108.2,108.2,109.9,111.5,111.5,-2.5,-3.3,-3.3,0.155,1.48,15.6,0.012,0.127,0.069,10.5,10.5,0.502,0.522,0.228,0.235,101.64,100.54,83.78,100.54,0.088,2117,4.2,10.0
1630185,Nico Mannion,Nico,1610612744,GSW,20.0,30,17,13,0.567,363.91833333333335,39,114,0.342,22,60,0.367,23,28,0.821,6,40,46,70,31,16,1,7,29,31,123,-76,303.2,0,0,295.0,1,2020-21,Nico Mannion,12.1,102.6,102.6,102.6,110.5,111.9,111.9,-7.9,-9.4,-9.4,0.27,2.26,30.7,0.016,0.107,0.061,13.6,13.6,0.439,0.487,0.186,0.19,103.19,102.55,85.46,102.55,0.075,776,1.3,3.8
201587,Nicolas Batum,Nicolas,1610612746,LAC,32.0,67,44,23,0.657,1834.7816666666668,191,412,0.464,110,272,0.404,48,58,0.828,50,266,316,148,53,69,37,6,102,68,540,339,1406.2,1,0,1326.0,1,2020-21,Nicolas Batum,27.4,116.6,117.1,117.1,107.6,108.2,108.2,8.9,8.9,8.9,0.105,2.79,23.3,0.029,0.143,0.088,8.3,8.3,0.597,0.617,0.116,0.119,99.01,98.52,82.1,98.52,0.088,3768,2.9,6.1
1629740,Nicolo Melli,Nicolo,1610612742,DAL,30.0,45,26,19,0.578,566.1483333333333,46,141,0.326,23,85,0.271,19,25,0.76,29,93,122,44,12,14,3,7,58,34,134,24,385.4,0,0,357.0,2,2020-21,Nicolo Melli,12.6,105.8,106.3,106.3,104.5,105.2,105.2,1.3,1.1,1.1,0.108,3.67,21.2,0.046,0.166,0.102,5.8,5.8,0.408,0.441,0.123,0.126,97.39,96.87,80.72,96.87,0.064,1148,1.0,3.1
203999,Nikola Jokić,Nikola,1610612743,DEN,26.0,72,47,25,0.653,2487.7816666666668,732,1293,0.566,92,237,0.388,342,394,0.868,205,575,780,599,222,95,48,62,192,418,1898,384,3939.5,60,16,3655.0,1,2020-21,Nikola Jokić,34.6,118.1,120.2,120.2,112.3,112.6,112.6,5.8,7.7,7.7,0.377,2.7,26.2,0.087,0.237,0.163,9.7,9.7,0.602,0.647,0.293,0.296,99.13,98.15,81.79,98.15,0.201,5084,10.2,18.0
202696,Nikola Vučević,Nikola,1610612741,CHI,30.0,70,26,44,0.371,2348.153333333333,666,1396,0.477,176,440,0.4,131,156,0.84,146,671,817,269,126,65,48,52,137,162,1639,-341,3235.9,48,2,3127.0,2,2020-21,Nikola Vučević,33.5,105.4,106.6,106.6,113.0,113.6,113.6,-7.6,-7.0,-7.0,0.207,2.13,14.5,0.059,0.289,0.17,6.8,6.8,0.54,0.56,0.292,0.296,99.96,99.15,82.63,99.15,0.168,4849,9.5,19.9
203943,Noah Vonleh,Noah,1610612751,BKN,25.0,4,3,1,0.75,10.766666666666667,0,3,0.0,0,2,0.0,0,0,0.0,0,1,1,1,2,0,0,1,2,0,0,-16,0.7,0,0,2.0,1,2020-21,Noah Vonleh,2.7,91.0,82.6,82.6,161.7,145.8,145.8,-70.7,-63.2,-63.2,0.143,0.5,16.7,0.0,0.143,0.067,33.3,33.3,0.0,0.0,0.217,0.239,94.78,104.77,87.31,104.77,-0.094,23,0.0,0.8
1626181,Norman Powell,Norman,1610612757,POR,28.0,69,32,37,0.464,2205.4816666666666,438,918,0.477,171,416,0.411,236,271,0.871,42,173,215,129,119,82,18,69,160,243,1283,79,1915.5,0,0,1998.0,2,2020-21,Norman Powell,32.0,112.7,114.3,114.3,111.0,112.5,112.5,1.7,1.8,1.8,0.089,1.08,10.1,0.018,0.079,0.048,9.3,9.3,0.57,0.618,0.221,0.225,102.41,101.07,84.23,101.07,0.096,4642,6.3,13.3
203658,Norvel Pelle,Norvel,1610612752,NYK,28.0,13,8,5,0.615,83.29833333333333,8,15,0.533,0,0,0.0,4,6,0.667,6,13,19,2,3,1,9,3,14,5,20,23,72.8,0,0,61.0,3,2020-21,Norvel Pelle,6.4,116.7,113.3,113.3,104.8,101.1,101.1,11.9,12.2,12.2,0.032,0.67,8.7,0.077,0.153,0.117,13.0,13.3,0.533,0.567,0.106,0.11,100.12,103.44,86.2,103.44,0.053,180,0.6,1.2
1628384,OG Anunoby,OG,1610612761,TOR,23.0,43,18,25,0.419,1433.2616666666668,249,519,0.48,104,261,0.398,80,102,0.784,54,183,237,94,75,66,32,38,114,83,682,118,1326.4,3,0,1313.0,1,2020-21,OG Anunoby,33.3,111.6,112.4,112.4,107.6,109.1,109.1,4.0,3.3,3.3,0.098,1.25,12.8,0.037,0.125,0.081,10.2,10.2,0.58,0.605,0.193,0.196,100.9,99.9,83.25,99.9,0.099,2992,5.8,12.1
1630167,Obi Toppin,Obi,1610612752,NYK,23.0,62,36,26,0.581,683.08,104,209,0.498,26,85,0.306,19,26,0.731,26,112,138,29,23,17,15,11,55,23,253,25,535.1,0,0,510.0,1,2020-21,Obi Toppin,11.0,110.5,109.1,109.1,106.3,106.5,106.5,4.2,2.7,2.7,0.065,1.26,10.7,0.037,0.155,0.097,8.5,8.4,0.56,0.574,0.157,0.162,96.9,97.43,81.19,97.43,0.093,1381,1.7,3.4
1630168,Onyeka Okongwu,Onyeka,1610612737,ATL,20.0,50,31,19,0.62,601.2083333333334,96,149,0.644,0,3,0.0,36,57,0.632,62,101,163,18,29,23,33,15,100,43,228,-89,589.6,2,0,521.0,1,2020-21,Onyeka Okongwu,12.0,107.7,106.2,106.2,114.5,112.6,112.6,-6.8,-6.3,-6.3,0.047,0.62,8.2,0.1,0.172,0.135,13.2,13.1,0.644,0.655,0.141,0.148,99.86,101.4,84.5,101.4,0.087,1266,1.9,3.0
1629052,Oshae Brissett,Oshae,1610612754,IND,23.0,21,10,11,0.476,519.1316666666667,73,151,0.483,33,78,0.423,50,65,0.769,29,86,115,18,10,19,20,6,32,47,229,59,501.0,5,0,473.0,1,2020-21,Oshae Brissett,24.7,115.9,117.0,117.0,109.6,111.0,111.0,6.3,6.0,6.0,0.042,1.8,8.7,0.054,0.149,0.103,4.8,4.8,0.593,0.638,0.149,0.15,108.34,107.12,89.26,107.12,0.096,1154,3.5,7.2
203490,Otto Porter Jr.,Otto,1610612753,ORL,28.0,28,12,16,0.429,606.79,98,227,0.432,39,104,0.375,36,42,0.857,28,124,152,55,25,16,4,5,41,45,271,-42,570.9,2,0,557.0,2,2020-21,Otto Porter Jr.,21.7,106.0,106.6,106.6,110.1,109.6,109.6,-4.1,-3.0,-3.0,0.133,2.2,16.9,0.044,0.198,0.121,7.7,7.7,0.518,0.552,0.184,0.189,102.74,102.64,85.53,102.64,0.116,1296,3.5,8.1
200782,P.J. Tucker,P.J.,1610612749,MIL,36.0,52,27,25,0.519,1355.61,66,177,0.373,40,119,0.336,21,28,0.75,51,153,204,61,40,39,20,8,125,52,193,-179,666.3,0,0,616.0,2,2020-21,P.J. Tucker,26.1,108.8,109.2,109.2,113.4,114.7,114.7,-4.6,-5.5,-5.5,0.057,1.53,21.0,0.035,0.113,0.073,13.7,13.8,0.486,0.51,0.072,0.073,102.81,101.99,84.99,101.99,0.034,2871,1.3,3.4
1629023,P.J. Washington,P.J.,1610612766,CHA,22.0,64,31,33,0.484,1953.6683333333333,302,686,0.44,112,290,0.386,108,145,0.745,93,325,418,161,128,69,79,50,171,132,824,35,1883.1,10,0,1811.0,1,2020-21,P.J. Washington,30.5,109.2,110.4,110.4,110.0,109.8,109.8,-0.8,0.6,0.6,0.12,1.26,15.5,0.045,0.163,0.103,12.3,12.3,0.522,0.549,0.191,0.194,100.58,100.16,83.46,100.16,0.089,4081,4.7,10.7
1628408,PJ Dozier,PJ,1610612743,DEN,24.0,50,36,14,0.72,1088.465,148,355,0.417,47,149,0.315,42,66,0.636,35,147,182,92,46,31,22,25,86,71,385,193,854.4,0,0,812.0,1,2020-21,PJ Dozier,21.8,111.0,112.0,112.0,102.1,102.5,102.5,8.9,9.5,9.5,0.116,2.0,17.7,0.031,0.133,0.082,8.8,8.8,0.483,0.501,0.166,0.171,99.96,99.31,82.76,99.31,0.076,2242,3.0,7.1
1627783,Pascal Siakam,Pascal,1610612761,TOR,27.0,56,21,35,0.375,2006.025,437,961,0.455,73,246,0.297,249,301,0.827,95,310,405,250,130,64,37,63,174,254,1196,130,2230.0,13,1,2126.0,1,2020-21,Pascal Siakam,35.8,112.7,114.4,114.4,109.7,111.4,111.4,2.9,3.0,3.0,0.195,1.92,17.0,0.045,0.156,0.099,8.8,8.8,0.493,0.547,0.261,0.265,101.03,99.5,82.92,99.5,0.119,4161,7.8,17.2
1626192,Pat Connaughton,Pat,1610612749,MIL,28.0,69,44,25,0.638,1574.71,168,387,0.434,101,272,0.371,31,40,0.775,63,269,332,81,33,49,23,16,99,45,468,223,1170.9,0,0,1126.0,1,2020-21,Pat Connaughton,22.8,114.7,114.3,114.3,107.9,107.3,107.3,6.9,6.9,6.9,0.064,2.45,15.6,0.039,0.152,0.098,6.4,6.4,0.565,0.578,0.113,0.116,104.32,104.8,87.33,104.8,0.079,3431,2.4,5.6
201976,Patrick Beverley,Patrick,1610612746,LAC,32.0,37,25,12,0.676,832.4666666666667,93,220,0.423,56,141,0.397,36,45,0.8,29,90,119,76,34,29,28,10,108,51,278,147,671.8,0,0,643.0,1,2020-21,Patrick Beverley,22.5,115.7,115.7,115.7,106.3,106.7,106.7,9.4,9.0,9.0,0.123,2.24,21.6,0.037,0.108,0.073,9.7,9.7,0.55,0.58,0.146,0.148,98.22,98.05,81.71,98.05,0.066,1698,2.5,5.9
1627775,Patrick McCaw,Patrick,1610612761,TOR,25.0,5,2,3,0.4,33.37166666666667,1,1,1.0,0,0,0.0,3,3,1.0,1,2,3,4,0,2,0,0,6,2,5,-18,20.6,0,0,16.0,1,2020-21,Patrick McCaw,6.7,105.5,104.5,104.5,133.5,137.5,137.5,-28.0,-33.0,-33.0,0.19,0.0,66.7,0.027,0.071,0.046,0.0,0.0,1.0,1.078,0.026,0.031,95.13,94.21,78.51,94.21,0.057,67,0.2,0.2
202335,Patrick Patterson,Patrick,1610612746,LAC,32.0,38,26,12,0.684,581.6516666666666,72,165,0.436,40,112,0.357,13,17,0.765,19,56,75,29,11,14,8,6,45,17,197,23,385.5,0,0,385.0,1,2020-21,Patrick Patterson,15.3,111.4,111.2,111.2,109.5,109.1,109.1,1.8,2.1,2.1,0.069,2.64,13.6,0.032,0.093,0.063,5.2,5.2,0.558,0.571,0.135,0.139,99.56,99.85,83.21,99.85,0.066,1209,1.9,4.3
1630172,Patrick Williams,Patrick,1610612741,CHI,19.0,71,30,41,0.423,1983.3566666666663,255,528,0.483,54,138,0.391,91,125,0.728,66,261,327,99,98,64,46,49,126,109,655,-292,1427.9,3,0,1355.0,1,2020-21,Patrick Williams,27.9,106.2,106.3,106.3,112.8,113.5,113.5,-6.7,-7.1,-7.1,0.068,1.01,12.7,0.033,0.131,0.082,12.6,12.6,0.534,0.562,0.146,0.149,100.79,100.41,83.68,100.41,0.071,4151,3.6,7.4
201988,Patty Mills,Patty,1610612759,SAS,32.0,68,31,37,0.456,1684.7816666666668,252,611,0.412,161,429,0.375,71,78,0.91,18,98,116,162,66,42,3,18,81,91,736,27,1187.2,0,0,1265.0,1,2020-21,Patty Mills,24.8,107.7,107.8,107.8,106.5,106.4,106.4,1.2,1.4,1.4,0.142,2.45,18.7,0.01,0.053,0.032,7.6,7.6,0.544,0.57,0.177,0.182,102.0,101.97,84.97,101.97,0.079,3568,3.7,9.0
202331,Paul George,Paul,1610612746,LAC,31.0,54,38,16,0.704,1820.9416666666664,445,953,0.467,171,416,0.411,198,228,0.868,45,314,359,280,179,62,24,44,132,226,1259,432,2188.8,9,0,2241.0,1,2020-21,Paul George,33.7,117.2,118.3,118.3,106.3,107.0,107.0,10.9,11.3,11.3,0.239,1.56,18.6,0.026,0.171,0.101,11.9,11.8,0.557,0.598,0.296,0.302,98.31,97.55,81.29,97.55,0.145,3707,8.2,17.6
200794,Paul Millsap,Paul,1610612743,DEN,36.0,56,38,18,0.679,1162.245,191,401,0.476,49,143,0.343,71,98,0.724,76,186,262,98,51,51,36,26,111,93,502,102,1173.4,2,0,1085.0,1,2020-21,Paul Millsap,20.8,114.6,116.2,116.2,109.9,111.5,111.5,4.7,4.7,4.7,0.113,1.92,16.6,0.067,0.167,0.117,8.6,8.6,0.537,0.565,0.184,0.188,98.14,96.76,80.64,96.76,0.098,2339,3.4,7.2
1630194,Paul Reed,Paul,1610612755,PHI,22.0,26,17,9,0.654,177.28166666666667,42,78,0.538,0,6,0.0,4,8,0.5,30,31,61,12,12,10,13,11,29,7,88,36,236.2,1,0,207.0,1,2020-21,Paul Reed,6.8,106.2,107.5,107.5,98.0,96.3,96.3,8.2,11.2,11.2,0.107,1.0,11.5,0.147,0.172,0.159,11.5,11.4,0.538,0.54,0.208,0.216,101.79,102.07,85.06,102.07,0.132,374,1.6,3.0
1628778,Paul Watson,Paul,1610612761,TOR,26.0,27,13,14,0.481,296.6566666666667,38,82,0.463,30,64,0.469,5,8,0.625,4,41,45,17,9,6,3,9,36,9,111,-4,208.5,0,0,221.0,1,2020-21,Paul Watson,11.0,110.2,110.9,110.9,111.7,112.6,112.6,-1.5,-1.7,-1.7,0.081,1.89,15.2,0.012,0.129,0.07,8.0,8.1,0.646,0.649,0.133,0.136,102.55,101.77,84.81,101.77,0.071,632,1.4,3.0
1630202,Payton Pritchard,Payton,1610612738,BOS,23.0,66,33,33,0.5,1267.5583333333334,184,418,0.44,102,248,0.411,40,45,0.889,33,125,158,120,53,37,9,21,104,42,510,40,964.6,0,0,982.0,1,2020-21,Payton Pritchard,19.2,110.8,111.2,111.2,110.4,110.6,110.6,0.4,0.6,0.6,0.136,2.26,19.6,0.025,0.099,0.061,8.7,8.7,0.562,0.582,0.162,0.167,99.6,99.38,82.82,99.38,0.082,2636,2.8,6.3
1630173,Precious Achiuwa,Precious,1610612748,MIA,21.0,61,31,30,0.508,737.0833333333334,124,228,0.544,0,1,0.0,56,110,0.509,73,135,208,29,43,20,28,32,91,81,304,-116,698.1,3,0,637.0,1,2020-21,Precious Achiuwa,12.1,103.4,102.0,102.0,109.8,109.2,109.2,-6.4,-7.2,-7.2,0.064,0.67,8.3,0.097,0.174,0.136,12.3,12.3,0.544,0.55,0.184,0.191,100.42,101.39,84.5,101.39,0.086,1555,2.0,3.7
1626188,Quinn Cook,Quinn,1610612739,CLE,28.0,23,13,10,0.565,157.355,29,68,0.426,11,26,0.423,7,8,0.875,2,15,17,18,7,4,1,7,10,5,76,-9,131.4,0,0,132.0,2,2020-21,Quinn Cook,6.8,102.7,100.3,100.3,103.0,104.2,104.2,-0.3,-3.9,-3.9,0.184,2.57,18.8,0.012,0.084,0.049,7.3,7.3,0.507,0.531,0.204,0.214,101.9,102.49,85.41,102.49,0.098,338,1.3,3.0
1629683,Quinndary Weatherspoon,Quinndary,1610612759,SAS,24.0,20,8,12,0.4,121.09,16,35,0.457,1,6,0.167,13,16,0.813,3,8,11,8,10,8,2,4,18,10,46,-59,91.2,0,0,86.0,1,2020-21,Quinndary Weatherspoon,6.1,94.9,94.3,94.3,118.2,116.9,116.9,-23.3,-22.6,-22.6,0.107,0.8,13.3,0.024,0.07,0.046,16.7,16.7,0.471,0.547,0.18,0.185,102.5,103.46,86.22,103.46,0.046,261,0.8,1.8
1630181,R.J. Hampton,R.J.,1610612753,ORL,20.0,51,20,31,0.392,888.2833333333333,136,313,0.435,27,87,0.31,55,82,0.671,29,150,179,87,53,21,10,19,61,69,354,-284,739.3,3,0,709.0,2,2020-21,R.J. Hampton,17.4,103.0,102.6,102.6,115.7,116.7,116.7,-12.7,-14.2,-14.2,0.155,1.64,17.8,0.03,0.162,0.094,10.8,10.8,0.478,0.507,0.191,0.196,102.2,101.94,84.95,101.94,0.085,1879,2.7,6.1
1629628,RJ Barrett,RJ,1610612752,NYK,21.0,72,41,31,0.569,2510.8816666666667,467,1060,0.441,124,309,0.401,206,276,0.746,68,346,414,217,139,53,20,86,188,224,1264,137,2166.3,5,0,2165.0,1,2020-21,RJ Barrett,34.9,108.3,110.0,110.0,105.9,107.2,107.2,2.4,2.7,2.7,0.134,1.56,14.1,0.027,0.13,0.079,9.0,9.0,0.499,0.535,0.228,0.232,98.96,97.54,81.29,97.54,0.095,5101,6.5,14.7
200765,Rajon Rondo,Rajon,1610612746,LAC,35.0,45,28,17,0.622,769.32,95,215,0.442,36,89,0.404,16,17,0.941,18,92,110,199,79,37,4,17,53,32,242,22,716.5,0,0,669.0,2,2020-21,Rajon Rondo,17.1,108.2,107.7,107.7,107.4,106.8,106.8,0.9,1.0,1.0,0.375,2.52,39.8,0.023,0.113,0.069,15.8,15.8,0.526,0.544,0.166,0.173,98.57,99.08,82.57,99.08,0.11,1591,2.1,4.8
203526,Raul Neto,Raul,1610612764,WAS,29.0,64,30,34,0.469,1403.2,209,447,0.468,64,164,0.39,75,85,0.882,28,128,156,146,53,73,6,31,109,120,557,-21,1147.2,0,0,1081.0,1,2020-21,Raul Neto,21.9,109.2,109.3,109.3,109.6,110.3,110.3,-0.4,-1.0,-1.0,0.141,2.75,21.3,0.019,0.087,0.053,7.7,7.8,0.539,0.575,0.155,0.159,106.46,106.03,88.36,106.03,0.086,3104,3.3,7.0
1629034,Ray Spalding,Ray,1610612745,HOU,24.0,2,0,2,0.0,18.73333333333333,2,4,0.5,0,1,0.0,0,2,0.0,2,2,4,0,3,0,2,0,3,1,4,-7,11.8,0,0,12.0,1,2020-21,Ray Spalding,9.4,91.7,90.9,90.9,108.3,106.8,106.8,-16.6,-15.9,-15.9,0.0,0.0,0.0,0.083,0.083,0.083,37.5,38.1,0.5,0.41,0.157,0.156,111.46,112.74,93.95,112.74,-0.026,44,1.0,2.0
1629730,Rayjon Tucker,Rayjon,1610612755,PHI,23.0,14,8,6,0.571,68.15,9,18,0.5,2,7,0.286,14,19,0.737,1,10,11,6,4,2,0,3,8,16,34,-12,58.2,0,0,57.0,1,2020-21,Rayjon Tucker,4.9,98.3,96.1,96.1,108.9,101.3,101.3,-10.6,-5.2,-5.2,0.154,1.5,16.2,0.012,0.164,0.075,10.8,11.0,0.556,0.645,0.176,0.177,104.06,109.17,90.98,109.17,0.119,153,0.6,1.3
203493,Reggie Bullock Jr.,Reggie,1610612752,NYK,30.0,65,38,27,0.585,1949.27,248,561,0.442,163,398,0.41,50,55,0.909,16,207,223,99,45,52,11,13,146,34,709,107,1269.1,0,0,1320.0,1,2020-21,Reggie Bullock Jr.,30.0,108.3,109.7,109.7,106.1,107.2,107.2,2.1,2.5,2.5,0.072,2.2,13.8,0.008,0.102,0.056,6.3,6.2,0.587,0.606,0.14,0.145,98.39,97.29,81.08,97.29,0.074,3955,3.8,8.6
202704,Reggie Jackson,Reggie,1610612746,LAC,31.0,67,43,24,0.642,1544.145,263,585,0.45,122,282,0.433,67,82,0.817,24,168,192,205,74,41,7,20,127,83,715,246,1322.9,0,0,1330.0,1,2020-21,Reggie Jackson,23.0,116.5,116.7,116.7,108.9,109.3,109.3,7.6,7.4,7.4,0.185,2.77,22.8,0.016,0.107,0.063,8.2,8.2,0.554,0.576,0.195,0.2,99.35,99.08,82.57,99.08,0.091,3192,3.9,8.7
1629617,Reggie Perry,Reggie,1610612751,BKN,21.0,26,18,8,0.692,210.67,32,78,0.41,4,21,0.19,10,13,0.769,27,46,73,14,15,6,6,11,40,9,78,-36,207.6,1,0,193.0,1,2020-21,Reggie Perry,8.1,108.2,106.1,106.1,113.7,113.4,113.4,-5.5,-7.3,-7.3,0.097,0.93,12.5,0.117,0.204,0.16,13.4,13.3,0.436,0.466,0.19,0.199,100.79,101.96,84.97,101.96,0.064,446,1.2,3.0
1626158,Richaun Holmes,Richaun,1610612758,SAC,27.0,61,29,32,0.475,1781.4033333333334,366,575,0.637,2,11,0.182,135,170,0.794,144,360,504,101,75,39,96,30,213,145,869,9,1955.3,21,0,1746.0,1,2020-21,Richaun Holmes,29.2,113.8,114.9,114.9,113.0,114.6,114.6,0.8,0.3,0.3,0.082,1.35,12.3,0.081,0.196,0.14,9.1,9.1,0.638,0.669,0.173,0.177,101.68,100.46,83.72,100.46,0.122,3728,6.0,9.4
201937,Ricky Rubio,Ricky,1610612750,MIN,30.0,68,23,45,0.338,1771.57,193,498,0.388,66,214,0.308,130,150,0.867,28,195,223,433,111,98,4,32,139,138,582,-186,1694.1,4,0,1508.0,1,2020-21,Ricky Rubio,26.1,108.0,109.3,109.3,112.9,114.3,114.3,-5.0,-5.0,-5.0,0.33,3.9,39.2,0.014,0.11,0.06,10.0,10.0,0.454,0.516,0.155,0.158,104.59,103.33,86.1,103.33,0.098,3816,2.8,7.3
203496,Robert Covington,Robert,1610612757,POR,30.0,70,42,28,0.6,2242.778333333333,204,509,0.401,135,356,0.379,50,62,0.806,61,405,466,117,64,101,84,16,195,67,593,203,1818.7,6,0,1681.0,1,2020-21,Robert Covington,32.0,117.0,118.6,118.6,112.9,113.8,113.8,4.1,4.8,4.8,0.066,1.83,16.3,0.026,0.183,0.102,8.9,8.9,0.533,0.553,0.114,0.115,100.79,99.68,83.07,99.68,0.072,4649,2.9,7.3
1629606,Robert Franks,Robert,1610612753,ORL,24.0,7,0,7,0.0,100.71666666666668,13,28,0.464,5,15,0.333,12,13,0.923,6,8,14,5,2,3,3,1,8,11,43,-25,83.3,0,0,79.0,1,2020-21,Robert Franks,14.4,106.9,106.0,106.0,119.9,120.5,120.5,-13.0,-14.4,-14.4,0.07,2.5,12.2,0.053,0.082,0.066,4.9,4.9,0.554,0.638,0.148,0.152,101.13,101.27,84.4,101.27,0.091,215,1.9,4.0
1629057,Robert Williams III,Robert,1610612738,BOS,23.0,52,29,23,0.558,985.25,186,258,0.721,0,2,0.0,45,73,0.616,133,225,358,94,52,43,91,8,105,57,417,8,1337.6,4,0,1137.0,1,2020-21,Robert Williams III,18.9,113.0,112.4,112.4,112.6,112.0,112.0,0.4,0.4,0.4,0.137,1.81,21.6,0.136,0.232,0.184,12.0,11.9,0.721,0.719,0.145,0.15,99.43,99.97,83.31,99.97,0.152,2052,3.6,5.0
1630218,Robert Woodard II,Robert,1610612758,SAC,21.0,13,3,10,0.231,45.38,8,20,0.4,1,6,0.167,3,8,0.375,4,12,16,2,1,0,3,0,4,5,20,11,50.2,0,0,45.0,1,2020-21,Robert Woodard II,3.5,115.9,107.5,107.5,105.4,101.0,101.0,10.5,6.6,6.6,0.056,2.0,7.4,0.08,0.235,0.158,3.7,3.8,0.425,0.425,0.21,0.222,103.66,110.0,91.67,110.0,0.079,106,0.6,1.5
201577,Robin Lopez,Robin,1610612764,WAS,33.0,71,34,37,0.479,1353.565,269,425,0.633,5,18,0.278,99,137,0.723,141,131,272,55,75,15,44,26,109,140,642,-13,1152.9,3,0,1092.0,1,2020-21,Robin Lopez,19.1,106.6,107.9,107.9,108.7,109.0,109.0,-2.1,-1.1,-1.1,0.06,0.73,9.0,0.097,0.092,0.095,12.2,12.2,0.639,0.661,0.169,0.172,104.41,103.69,86.41,103.69,0.102,2933,3.8,6.0
1629066,Rodions Kurucs,Rodions,1610612749,MIL,23.0,21,10,11,0.476,124.53333333333332,11,32,0.344,6,21,0.286,3,4,0.75,5,18,23,10,13,9,4,2,16,2,31,-3,99.6,0,0,96.0,3,2020-21,Rodions Kurucs,5.9,102.6,102.5,102.5,106.0,102.8,102.8,-3.4,-0.3,-0.3,0.115,0.77,17.5,0.037,0.134,0.086,22.8,22.9,0.438,0.459,0.145,0.149,107.41,109.08,90.9,109.08,0.044,282,0.5,1.5
203918,Rodney Hood,Rodney,1610612761,TOR,28.0,55,29,26,0.527,942.7166666666668,94,260,0.362,34,113,0.301,24,28,0.857,23,80,103,53,36,24,7,8,74,37,246,-131,506.1,0,0,498.0,2,2020-21,Rodney Hood,17.1,106.8,107.4,107.4,113.7,114.0,114.0,-6.9,-6.6,-6.6,0.083,1.47,14.7,0.023,0.084,0.052,10.0,10.0,0.427,0.452,0.139,0.143,100.11,99.67,83.06,99.67,0.037,1957,1.7,4.7
203585,Rodney McGruder,Rodney,1610612765,DET,29.0,16,3,13,0.188,193.65833333333333,37,70,0.529,11,24,0.458,6,8,0.75,8,14,22,16,7,8,1,1,12,10,91,-17,161.4,0,0,158.0,1,2020-21,Rodney McGruder,12.1,111.6,111.7,111.7,115.5,115.8,115.8,-3.9,-4.0,-4.0,0.128,2.29,16.7,0.042,0.078,0.06,7.3,7.3,0.607,0.619,0.179,0.186,97.48,97.28,81.07,97.28,0.097,392,2.3,4.4
1629641,Romeo Langford,Romeo,1610612738,BOS,21.0,18,9,9,0.5,282.75,21,59,0.356,5,18,0.278,9,12,0.75,12,23,35,13,10,6,5,5,24,18,56,-67,140.5,0,0,131.0,1,2020-21,Romeo Langford,15.7,98.2,98.1,98.1,108.8,108.2,108.2,-10.6,-10.1,-10.1,0.069,1.3,14.9,0.04,0.077,0.059,11.5,11.5,0.398,0.436,0.111,0.115,100.45,100.75,83.96,100.75,0.03,590,1.2,3.3
1626178,Rondae Hollis-Jefferson,Rondae,1610612757,POR,26.0,11,6,5,0.545,107.30166666666666,9,18,0.5,0,1,0.0,9,16,0.563,11,15,26,13,2,2,4,2,15,11,27,-7,93.7,0,0,78.0,1,2020-21,Rondae Hollis-Jefferson,9.8,112.1,111.7,111.7,113.0,112.8,112.8,-0.9,-1.1,-1.1,0.169,6.5,31.7,0.08,0.14,0.107,4.9,5.0,0.5,0.539,0.105,0.106,100.32,100.65,83.88,100.65,0.074,223,0.8,1.6
1626220,Royce O'Neale,Royce,1610612762,UTA,28.0,71,51,20,0.718,2240.48,175,394,0.444,107,278,0.385,39,46,0.848,88,397,485,181,83,57,32,9,182,68,496,471,1533.5,3,0,1447.0,1,2020-21,Royce O'Neale,31.6,116.8,117.7,117.7,105.8,107.3,107.3,11.0,10.4,10.4,0.103,2.18,26.6,0.039,0.162,0.104,12.2,12.2,0.58,0.599,0.095,0.096,100.61,99.48,82.9,99.48,0.074,4639,2.5,5.5
200752,Rudy Gay,Rudy,1610612759,SAS,34.0,63,29,34,0.46,1357.6616666666666,264,628,0.42,106,278,0.381,82,102,0.804,42,261,303,88,65,45,40,21,115,80,716,130,1401.6,1,0,1383.0,1,2020-21,Rudy Gay,21.6,108.1,108.4,108.4,104.3,103.9,103.9,3.8,4.5,4.5,0.1,1.35,10.7,0.028,0.176,0.102,7.9,7.9,0.505,0.532,0.23,0.235,101.23,101.26,84.38,101.26,0.108,2865,4.2,10.0
203497,Rudy Gobert,Rudy,1610612762,UTA,29.0,71,52,19,0.732,2186.661666666667,391,579,0.675,0,4,0.0,233,374,0.623,240,720,960,89,118,40,190,41,163,347,1015,728,2872.5,49,0,2524.0,1,2020-21,Rudy Gobert,30.8,117.5,116.8,116.8,100.8,100.9,100.9,16.6,15.9,15.9,0.059,0.75,9.4,0.11,0.288,0.205,12.4,12.4,0.675,0.683,0.166,0.171,101.07,101.32,84.43,101.32,0.165,4613,5.5,8.2
1629060,Rui Hachimura,Rui,1610612764,WAS,23.0,57,29,28,0.509,1797.1866666666667,310,648,0.478,45,137,0.328,124,161,0.77,49,263,312,82,68,44,7,54,120,121,789,-111,1371.4,3,0,1330.0,1,2020-21,Rui Hachimura,31.5,108.6,109.5,109.5,110.8,112.4,112.4,-2.2,-2.8,-2.8,0.062,1.21,9.4,0.026,0.139,0.083,7.8,7.8,0.513,0.549,0.18,0.182,106.71,105.48,87.9,105.48,0.082,3950,5.4,11.4
201566,Russell Westbrook,Russell,1610612764,WAS,32.0,65,30,35,0.462,2368.846666666667,544,1238,0.439,86,273,0.315,271,413,0.656,109,641,750,763,312,89,23,73,190,309,1445,-88,3513.5,59,38,3268.0,1,2020-21,Russell Westbrook,36.4,108.5,109.2,109.2,110.0,110.4,110.4,-1.5,-1.2,-1.2,0.477,2.45,30.6,0.043,0.249,0.147,12.5,12.5,0.474,0.509,0.295,0.3,107.71,107.18,89.32,107.18,0.164,5279,8.4,19.0
1627853,Ryan Arcidiacono,Ryan,1610612741,CHI,27.0,44,20,24,0.455,450.42333333333335,49,117,0.419,25,67,0.373,13,20,0.65,5,62,67,56,10,9,0,3,47,38,136,10,317.4,0,0,302.0,1,2020-21,Ryan Arcidiacono,10.2,106.2,104.0,104.0,105.4,104.0,104.0,0.8,0.0,0.0,0.176,5.6,29.3,0.011,0.135,0.074,5.2,5.2,0.526,0.541,0.128,0.135,97.54,99.21,82.68,99.21,0.078,936,1.1,2.7
1630240,Saben Lee,Saben,1610612765,DET,22.0,48,14,34,0.292,780.595,99,210,0.471,8,23,0.348,61,89,0.685,20,77,97,174,55,32,13,25,76,82,267,-89,724.4,0,0,636.0,1,2020-21,Saben Lee,16.3,105.9,105.4,105.4,111.3,111.7,111.7,-5.4,-6.3,-6.3,0.333,3.16,36.3,0.026,0.099,0.063,11.5,11.5,0.49,0.536,0.171,0.175,98.87,98.91,82.42,98.91,0.096,1614,2.1,4.4
1630180,Saddiq Bey,Saddiq,1610612765,DET,22.0,70,19,51,0.271,1909.0166666666669,279,691,0.404,175,460,0.38,124,147,0.844,43,275,318,95,60,52,14,34,110,96,857,-213,1519.1,3,0,1577.0,1,2020-21,Saddiq Bey,27.3,104.5,105.6,105.6,109.9,111.2,111.2,-5.3,-5.6,-5.6,0.077,1.58,10.5,0.022,0.145,0.082,6.6,6.6,0.53,0.567,0.182,0.187,100.55,99.47,82.89,99.47,0.092,3960,4.0,9.9
1630241,Sam Merrill,Sam,1610612749,MIL,25.0,30,18,12,0.6,232.59833333333333,32,72,0.444,21,47,0.447,4,4,1.0,6,24,30,21,10,8,1,6,17,6,89,-38,173.5,0,0,179.0,1,2020-21,Sam Merrill,7.8,103.6,101.2,101.2,109.8,109.7,109.7,-6.2,-8.5,-8.5,0.135,2.1,20.0,0.024,0.094,0.06,9.5,9.5,0.59,0.603,0.146,0.152,103.42,104.73,87.27,104.73,0.084,510,1.1,2.4
1630253,Sean McDermott,Sean,1610612763,MEM,24.0,18,10,8,0.556,157.68666666666667,13,33,0.394,5,22,0.227,8,8,1.0,6,13,19,4,4,2,3,2,8,4,39,-57,78.8,0,0,77.0,1,2020-21,Sean McDermott,8.8,89.1,89.1,89.1,107.8,106.8,106.8,-18.7,-17.7,-17.7,0.043,1.0,8.9,0.031,0.087,0.055,8.9,9.0,0.47,0.534,0.101,0.105,102.92,103.34,86.12,103.34,0.052,341,0.7,1.8
1629635,Sekou Doumbouya,Sekou,1610612765,DET,20.0,56,15,41,0.268,869.085,107,282,0.379,26,115,0.226,45,64,0.703,39,104,143,47,44,24,9,29,94,50,285,-132,582.1,0,0,567.0,1,2020-21,Sekou Doumbouya,15.5,105.2,104.5,104.5,110.6,111.5,111.5,-5.4,-6.9,-6.9,0.08,1.07,11.7,0.045,0.117,0.082,10.9,11.0,0.426,0.459,0.176,0.181,99.26,99.17,82.64,99.17,0.045,1792,1.9,5.0
1628400,Semi Ojeleye,Semi,1610612738,BOS,26.0,56,28,28,0.5,949.81,89,221,0.403,58,158,0.367,24,32,0.75,31,116,147,37,21,17,0,10,56,36,260,5,521.9,0,0,536.0,1,2020-21,Semi Ojeleye,17.0,107.7,107.6,107.6,108.0,107.8,107.8,-0.3,-0.2,-0.2,0.054,1.76,12.6,0.032,0.121,0.076,7.2,7.2,0.534,0.553,0.114,0.118,98.81,99.0,82.5,99.0,0.063,1963,1.6,3.9
201586,Serge Ibaka,Serge,1610612746,LAC,31.0,41,24,17,0.585,954.6816666666666,186,365,0.51,39,115,0.339,43,53,0.811,73,202,275,74,44,9,47,11,76,65,454,157,1019.0,5,0,954.0,1,2020-21,Serge Ibaka,23.3,117.2,117.5,117.5,109.0,110.1,110.1,8.2,7.4,7.4,0.11,1.68,14.7,0.08,0.217,0.15,8.7,8.7,0.563,0.585,0.2,0.204,98.24,97.67,81.39,97.67,0.115,1948,4.5,8.9
203552,Seth Curry,Seth,1610612755,PHI,30.0,57,39,18,0.684,1638.2016666666666,258,552,0.467,126,280,0.45,69,77,0.896,10,126,136,155,65,44,8,16,96,64,711,319,1197.7,0,0,1232.0,1,2020-21,Seth Curry,28.7,113.8,114.7,114.7,105.4,106.5,106.5,8.4,8.2,8.2,0.131,2.38,19.4,0.006,0.074,0.042,8.1,8.1,0.582,0.607,0.169,0.173,101.29,100.4,83.66,100.4,0.084,3444,4.5,9.7
1628983,Shai Gilgeous-Alexander,Shai,1610612760,OKC,22.0,35,16,19,0.457,1179.6083333333331,287,565,0.508,71,170,0.418,185,229,0.808,19,147,166,207,106,27,23,40,70,184,830,-185,1383.7,3,0,1374.0,1,2020-21,Shai Gilgeous-Alexander,33.7,106.1,107.2,107.2,113.3,114.9,114.9,-7.2,-7.7,-7.7,0.311,1.95,21.2,0.015,0.119,0.067,10.8,10.8,0.571,0.623,0.283,0.288,101.33,100.1,83.42,100.1,0.146,2462,8.2,16.1
1629003,Shake Milton,Shake,1610612755,PHI,24.0,63,46,17,0.73,1460.87,300,667,0.45,71,203,0.35,146,176,0.83,33,115,148,193,103,39,18,48,130,151,817,131,1352.1,0,0,1343.0,1,2020-21,Shake Milton,23.2,108.5,109.3,109.3,104.5,105.0,105.0,4.0,4.3,4.3,0.21,1.87,18.6,0.022,0.076,0.049,9.9,9.9,0.503,0.549,0.239,0.246,102.04,101.45,84.54,101.45,0.101,3087,4.8,10.6
1627885,Shaquille Harrison,Shaquille,1610612743,DEN,27.0,34,27,7,0.794,332.3983333333333,26,78,0.333,3,16,0.188,18,22,0.818,7,41,48,25,11,17,5,9,33,18,73,-75,223.1,0,0,193.0,2,2020-21,Shaquille Harrison,9.8,100.5,98.2,98.2,108.0,108.3,108.3,-7.5,-10.1,-10.1,0.109,2.27,20.2,0.02,0.117,0.068,8.9,8.9,0.353,0.416,0.124,0.13,101.82,102.89,85.74,102.89,0.047,711,0.8,2.3
1628414,Sindarius Thornwell,Sindarius,1610612753,ORL,26.0,21,7,14,0.333,216.8383333333333,15,46,0.326,7,23,0.304,4,8,0.5,3,15,18,21,7,13,2,3,15,6,41,-8,132.1,0,0,117.0,2,2020-21,Sindarius Thornwell,10.3,103.4,102.6,102.6,105.5,104.6,104.6,-2.1,-2.0,-2.0,0.135,3.0,26.9,0.013,0.067,0.039,9.0,9.0,0.402,0.414,0.11,0.113,99.59,100.39,83.66,100.39,0.043,454,0.7,2.2
1630219,Skylar Mays,Skylar,1610612737,ATL,23.0,33,19,14,0.576,269.19666666666666,44,98,0.449,14,40,0.35,22,25,0.88,10,25,35,30,9,14,2,8,15,19,124,13,250.0,0,0,235.0,1,2020-21,Skylar Mays,8.2,108.9,107.0,107.0,107.2,105.6,105.6,1.7,1.4,1.4,0.18,3.33,20.1,0.037,0.095,0.066,6.0,6.1,0.52,0.569,0.186,0.194,97.45,99.05,82.54,99.05,0.113,558,1.3,3.0
203524,Solomon Hill,Solomon,1610612737,ATL,30.0,71,41,30,0.577,1513.5266666666666,107,298,0.359,68,212,0.321,35,46,0.761,42,172,214,75,42,50,11,8,116,36,317,25,827.3,0,0,796.0,1,2020-21,Solomon Hill,21.3,112.9,111.6,111.6,110.9,110.6,110.6,2.0,1.0,1.0,0.065,1.79,17.2,0.028,0.111,0.07,9.7,9.6,0.473,0.498,0.102,0.105,99.22,99.93,83.28,99.93,0.045,3148,1.5,4.2
203915,Spencer Dinwiddie,Spencer,1610612751,BKN,28.0,3,2,1,0.667,64.33333333333333,6,16,0.375,2,7,0.286,6,6,1.0,0,13,13,9,5,2,1,0,4,4,20,42,53.1,0,0,50.0,1,2020-21,Spencer Dinwiddie,21.4,117.0,118.4,118.4,88.5,88.7,88.7,28.6,29.8,29.8,0.173,1.8,27.3,0.0,0.151,0.088,15.2,15.3,0.438,0.536,0.154,0.155,105.96,105.2,87.67,105.2,0.102,141,2.0,5.3
1626169,Stanley Johnson,Stanley,1610612761,TOR,25.0,61,25,36,0.41,1005.5616666666666,89,233,0.382,45,137,0.328,44,55,0.8,29,124,153,89,54,52,18,15,116,53,267,-158,740.1,2,0,694.0,1,2020-21,Stanley Johnson,16.5,104.4,105.3,105.3,111.5,111.7,111.7,-7.0,-6.4,-6.4,0.127,1.65,22.3,0.027,0.128,0.075,13.5,13.5,0.479,0.519,0.13,0.134,102.33,101.77,84.81,101.77,0.056,2122,1.5,3.8
201939,Stephen Curry,Stephen,1610612744,GSW,33.0,63,37,26,0.587,2151.518333333333,658,1365,0.482,337,801,0.421,362,395,0.916,29,316,345,363,213,77,8,56,119,290,2015,244,3015.5,8,0,3230.0,1,2020-21,Stephen Curry,34.2,112.8,114.2,114.2,108.5,109.6,109.6,4.3,4.6,4.6,0.283,1.7,17.4,0.013,0.135,0.077,10.2,10.1,0.605,0.655,0.331,0.34,106.34,105.16,87.63,105.16,0.181,4725,10.4,21.7
1628425,Sterling Brown,Sterling,1610612745,HOU,26.0,51,14,37,0.275,1228.7133333333334,150,335,0.448,91,215,0.423,25,31,0.806,38,186,224,72,41,38,12,16,97,29,416,-154,901.8,2,0,903.0,1,2020-21,Sterling Brown,24.1,104.8,105.5,105.5,109.5,110.8,110.8,-4.7,-5.4,-5.4,0.088,1.76,15.6,0.029,0.147,0.086,8.9,8.9,0.584,0.597,0.133,0.136,103.11,102.14,85.11,102.14,0.082,2608,2.9,6.6
203500,Steven Adams,Steven,1610612740,NOP,27.0,58,26,32,0.448,1604.4983333333332,189,308,0.614,0,3,0.0,60,135,0.444,213,301,514,111,78,54,38,20,113,130,438,15,1419.3,13,1,1247.0,1,2020-21,Steven Adams,27.7,113.2,114.9,114.9,114.4,115.0,115.0,-1.2,-0.1,-0.1,0.088,1.42,19.8,0.132,0.187,0.16,13.9,14.0,0.614,0.596,0.118,0.119,100.06,99.08,82.57,99.08,0.09,3320,3.3,5.3
1629004,Svi Mykhailiuk,Svi,1610612760,OKC,24.0,66,13,53,0.197,1324.4483333333333,208,506,0.411,105,314,0.334,38,50,0.76,24,139,163,110,88,51,12,28,63,55,559,-229,1020.6,0,0,1063.0,2,2020-21,Svi Mykhailiuk,20.1,103.2,103.8,103.8,111.8,112.0,112.0,-8.5,-8.2,-8.2,0.127,1.25,15.2,0.017,0.104,0.059,12.2,12.1,0.515,0.529,0.19,0.196,102.66,102.27,85.23,102.27,0.077,2823,3.2,7.7
1628388,T.J. Leaf,T.J.,1610612757,POR,24.0,7,6,1,0.857,35.416666666666664,5,10,0.5,0,0,0.0,2,2,1.0,0,5,5,1,2,2,1,2,1,1,12,-20,26.5,0,0,24.0,1,2020-21,T.J. Leaf,5.1,89.8,85.9,85.9,116.1,110.7,110.7,-26.3,-24.8,-24.8,0.038,0.5,7.1,0.0,0.106,0.055,14.3,14.4,0.5,0.551,0.138,0.146,109.35,114.52,95.44,114.52,0.084,85,0.7,1.4
204456,T.J. McConnell,T.J.,1610612754,IND,29.0,69,33,36,0.478,1796.1966666666667,274,490,0.559,15,48,0.313,33,48,0.688,55,201,256,456,135,128,23,31,113,72,596,70,1905.2,5,1,1625.0,1,2020-21,T.J. McConnell,26.0,111.7,112.5,112.5,108.9,110.0,110.0,2.8,2.5,2.5,0.337,3.38,41.4,0.03,0.106,0.068,12.3,12.2,0.574,0.583,0.149,0.152,104.56,103.73,86.44,103.73,0.119,3869,4.0,7.1
203933,T.J. Warren,T.J.,1610612754,IND,27.0,4,3,1,0.75,117.38166666666666,27,51,0.529,0,7,0.0,8,10,0.8,2,12,14,5,4,2,0,2,16,12,62,1,88.3,0,0,85.0,1,2020-21,T.J. Warren,29.3,108.2,111.3,111.3,109.6,108.7,108.7,-1.4,2.6,2.6,0.06,1.25,7.9,0.017,0.106,0.06,6.3,6.2,0.529,0.56,0.213,0.218,103.45,102.44,85.36,102.44,0.072,248,6.8,12.8
1629605,Tacko Fall,Tacko,1610612738,BOS,25.0,19,13,6,0.684,135.54833333333335,21,29,0.724,0,0,0.0,5,15,0.333,16,36,52,3,6,1,20,3,22,12,47,26,170.9,0,0,144.0,1,2020-21,Tacko Fall,7.1,120.7,113.9,113.9,105.7,107.6,107.6,15.0,6.3,6.3,0.028,0.5,6.7,0.123,0.237,0.184,13.3,13.5,0.724,0.66,0.127,0.135,101.19,103.23,86.02,103.23,0.102,295,1.1,1.5
201959,Taj Gibson,Taj,1610612752,NYK,36.0,45,29,16,0.644,935.705,99,158,0.627,3,15,0.2,40,55,0.727,99,151,250,36,22,31,49,14,99,53,241,129,813.0,0,0,690.0,1,2020-21,Taj Gibson,20.8,110.7,110.5,110.5,102.7,103.1,103.1,8.0,7.3,7.3,0.054,1.64,14.9,0.102,0.151,0.127,9.1,9.2,0.636,0.661,0.095,0.098,97.79,97.67,81.39,97.67,0.095,1899,2.2,3.5
1629659,Talen Horton-Tucker,Talen,1610612747,LAL,20.0,65,39,26,0.6,1304.2616666666668,224,489,0.458,37,131,0.282,100,129,0.775,25,144,169,181,105,63,21,33,127,110,585,14,1206.3,4,0,1140.0,1,2020-21,Talen Horton-Tucker,20.1,105.5,105.8,105.8,103.9,104.7,104.7,1.6,1.0,1.0,0.209,1.72,21.9,0.019,0.104,0.063,12.7,12.6,0.496,0.536,0.21,0.217,101.29,100.77,83.97,100.77,0.094,2731,3.4,7.5
1627752,Taurean Prince,Taurean,1610612739,CLE,27.0,41,15,26,0.366,905.3333333333334,131,327,0.401,62,155,0.4,65,76,0.855,19,123,142,76,47,28,23,15,75,64,389,-129,779.4,0,0,771.0,2,2020-21,Taurean Prince,22.1,109.1,108.5,108.5,114.2,114.6,114.6,-5.0,-6.1,-6.1,0.121,1.62,15.8,0.021,0.132,0.077,9.8,9.7,0.495,0.54,0.189,0.196,101.63,101.72,84.76,101.72,0.08,1913,3.2,8.0
1629611,Terance Mann,Terance,1610612746,LAC,24.0,67,45,22,0.672,1263.3266666666666,178,350,0.509,38,91,0.418,78,94,0.83,56,186,242,104,40,29,13,34,126,77,472,31,1004.4,2,0,940.0,1,2020-21,Terance Mann,18.9,112.6,112.4,112.4,109.2,109.7,109.7,3.4,2.7,2.7,0.114,2.6,19.4,0.044,0.14,0.093,7.5,7.5,0.563,0.603,0.144,0.15,100.06,99.93,83.27,99.93,0.091,2612,2.7,5.2
1629056,Terence Davis,Terence,1610612758,SAC,24.0,61,26,35,0.426,1074.0383333333334,195,456,0.428,98,267,0.367,45,55,0.818,20,134,154,83,63,44,14,30,97,56,533,-67,953.3,0,0,984.0,2,2020-21,Terence Davis,17.6,106.8,107.3,107.3,109.6,110.1,110.1,-2.8,-2.8,-2.8,0.122,1.32,13.3,0.018,0.125,0.07,10.1,10.1,0.535,0.555,0.213,0.219,102.71,102.23,85.19,102.23,0.087,2286,3.2,7.5
1628390,Terrance Ferguson,Terrance,1610612755,PHI,23.0,13,10,3,0.769,49.32,1,7,0.143,0,5,0.0,0,0,0.0,0,1,1,2,4,1,0,0,7,0,2,-19,5.2,0,0,7.0,1,2020-21,Terrance Ferguson,3.8,94.7,88.8,88.8,112.7,106.5,106.5,-18.1,-17.8,-17.8,0.057,0.5,15.4,0.0,0.024,0.011,30.8,30.8,0.143,0.143,0.094,0.102,98.04,104.14,86.78,104.14,-0.065,107,0.1,0.5
203082,Terrence Ross,Terrence,1610612753,ORL,30.0,46,16,30,0.348,1346.486666666667,254,616,0.412,89,264,0.337,120,138,0.87,15,143,158,108,74,47,21,28,88,103,717,-235,1198.6,0,0,1208.0,1,2020-21,Terrence Ross,29.3,102.7,103.2,103.2,111.8,112.0,112.0,-9.0,-8.8,-8.8,0.133,1.46,12.7,0.01,0.104,0.054,8.7,8.6,0.485,0.53,0.23,0.238,100.54,100.24,83.54,100.24,0.09,2818,5.5,13.4
1626179,Terry Rozier,Terry,1610612766,CHA,27.0,69,32,37,0.464,2383.405,510,1134,0.45,222,571,0.389,165,202,0.817,47,255,302,293,128,87,26,37,119,171,1407,-89,2419.9,5,0,2450.0,1,2020-21,Terry Rozier,34.5,109.6,110.9,110.9,112.1,112.9,112.9,-2.5,-2.0,-2.0,0.193,2.29,18.0,0.019,0.105,0.061,7.9,7.8,0.548,0.575,0.238,0.244,100.57,99.64,83.03,99.64,0.113,4953,7.4,16.4
201152,Thaddeus Young,Thaddeus,1610612741,CHI,33.0,68,30,38,0.441,1652.195,370,662,0.559,12,45,0.267,71,113,0.628,168,255,423,291,137,74,40,39,152,141,823,146,1972.1,7,0,1777.0,1,2020-21,Thaddeus Young,24.3,114.4,114.2,114.2,110.1,110.1,110.1,4.3,4.1,4.1,0.253,2.12,25.7,0.105,0.154,0.13,12.1,12.0,0.568,0.578,0.216,0.224,99.89,100.03,83.36,100.03,0.128,3445,5.4,9.7
203648,Thanasis Antetokounmpo,Thanasis,1610612749,MIL,28.0,57,37,20,0.649,551.04,67,137,0.489,7,29,0.241,25,49,0.51,54,70,124,46,43,22,10,12,74,48,166,-12,436.8,1,0,407.0,1,2020-21,Thanasis Antetokounmpo,9.7,109.5,107.1,107.1,106.8,104.6,104.6,2.7,2.5,2.5,0.113,1.07,18.6,0.093,0.113,0.103,17.4,17.4,0.515,0.523,0.147,0.154,104.29,106.62,88.85,106.62,0.055,1204,1.2,2.4
1630177,Theo Maledon,Theo,1610612760,OKC,20.0,65,20,45,0.308,1777.7016666666666,226,614,0.368,105,313,0.335,101,135,0.748,25,186,211,227,141,56,11,19,126,115,658,-621,1311.7,1,0,1335.0,1,2020-21,Theo Maledon,27.3,96.5,97.2,97.2,113.2,113.6,113.6,-16.7,-16.5,-16.5,0.197,1.61,21.8,0.012,0.101,0.055,13.6,13.5,0.454,0.489,0.188,0.192,103.78,103.27,86.05,103.27,0.063,3829,3.5,9.4
1629033,Theo Pinson,Theo,1610612752,NYK,25.0,17,9,8,0.529,34.056666666666665,1,9,0.111,0,8,0.0,0,0,0.0,0,5,5,1,1,0,0,0,4,0,2,-16,8.5,0,0,8.0,1,2020-21,Theo Pinson,2.0,97.4,85.2,85.2,110.0,101.2,101.2,-12.6,-16.0,-16.0,0.063,1.0,9.1,0.0,0.114,0.063,9.1,9.1,0.111,0.111,0.118,0.135,104.35,116.28,96.9,116.28,-0.04,81,0.1,0.5
1628418,Thomas Bryant,Thomas,1610612764,WAS,23.0,10,2,8,0.2,270.84166666666664,59,91,0.648,9,21,0.429,16,24,0.667,18,43,61,15,11,4,8,2,31,22,143,-14,263.7,1,0,252.0,1,2020-21,Thomas Bryant,27.1,111.4,113.6,113.6,113.9,115.7,115.7,-2.4,-2.1,-2.1,0.079,1.36,12.1,0.063,0.163,0.111,8.9,8.6,0.698,0.704,0.163,0.17,109.16,107.31,89.42,107.31,0.111,605,5.9,9.1
1627748,Thon Maker,Thon,1610612739,CLE,24.0,8,3,5,0.375,76.47,10,18,0.556,0,2,0.0,10,11,0.909,8,10,18,4,3,2,4,1,7,10,30,-18,72.6,0,0,64.0,1,2020-21,Thon Maker,9.6,97.2,92.3,92.3,101.1,103.2,103.2,-3.9,-10.9,-10.9,0.1,1.33,13.3,0.093,0.118,0.105,10.0,10.1,0.556,0.657,0.145,0.154,96.16,97.61,81.34,97.61,0.134,155,1.3,2.3
204025,Tim Frazier,Tim,1610612763,MEM,30.0,5,5,0,1.0,61.96666666666667,3,20,0.15,0,8,0.0,2,6,0.333,0,8,8,16,4,2,1,2,7,4,8,5,46.6,0,0,38.0,1,2020-21,Tim Frazier,12.4,93.5,98.5,98.5,91.0,90.6,90.6,2.6,7.8,7.8,0.333,4.0,37.2,0.0,0.107,0.054,9.3,9.4,0.15,0.177,0.178,0.176,107.9,105.35,87.79,105.35,0.012,133,0.6,4.0
203501,Tim Hardaway Jr.,Tim,1610612742,DAL,29.0,70,42,28,0.6,1985.2233333333331,407,911,0.447,207,529,0.391,142,174,0.816,20,209,229,126,64,31,11,28,111,152,1163,71,1688.8,0,0,1809.0,1,2020-21,Tim Hardaway Jr.,28.4,113.6,114.3,114.3,111.6,112.3,112.3,2.0,2.1,2.1,0.098,1.97,10.7,0.01,0.101,0.056,5.5,5.4,0.56,0.589,0.23,0.236,99.21,98.62,82.19,98.62,0.102,4073,5.8,13.0
1627789,Timothe Luwawu-Cabarrot,Timothe,1610612751,BKN,26.0,58,38,20,0.655,1050.256666666667,130,356,0.365,75,239,0.314,35,43,0.814,28,101,129,69,43,33,6,15,99,42,370,-26,702.3,0,0,721.0,1,2020-21,Timothe Luwawu-Cabarrot,18.1,112.9,112.5,112.5,112.5,112.9,112.9,0.4,-0.4,-0.4,0.088,1.6,14.2,0.026,0.092,0.059,8.8,8.8,0.471,0.493,0.165,0.17,103.01,103.06,85.88,103.06,0.047,2247,2.2,6.1
202699,Tobias Harris,Tobias,1610612755,PHI,28.0,62,44,18,0.71,2014.3083333333332,473,924,0.512,82,208,0.394,182,204,0.892,62,357,419,220,107,55,51,63,119,131,1210,324,2253.8,11,0,2143.0,1,2020-21,Tobias Harris,32.5,112.3,113.3,113.3,104.7,106.1,106.1,7.6,7.2,7.2,0.175,2.06,16.5,0.032,0.17,0.104,8.0,8.0,0.556,0.597,0.237,0.242,101.51,100.42,83.68,100.42,0.145,4223,7.6,14.9
203107,Tomas Satoransky,Tomas,1610612741,CHI,29.0,58,25,33,0.431,1306.555,169,329,0.514,42,118,0.356,67,79,0.848,30,112,142,271,96,40,14,15,89,91,447,0,1089.9,1,0,1010.0,1,2020-21,Tomas Satoransky,22.5,109.9,109.4,109.4,109.4,110.1,110.1,0.5,-0.8,-0.8,0.278,2.82,37.3,0.024,0.087,0.055,13.2,13.1,0.578,0.614,0.15,0.155,99.35,99.25,82.71,99.25,0.096,2711,2.9,5.7
1628396,Tony Bradley,Tony,1610612760,OKC,23.0,42,15,27,0.357,683.9466666666667,131,197,0.665,0,3,0.0,38,55,0.691,85,154,239,37,33,15,30,18,61,48,300,-16,744.3,3,0,666.0,2,2020-21,Tony Bradley,16.3,109.1,108.7,108.7,111.4,110.5,110.5,-2.3,-1.8,-1.8,0.077,1.12,12.6,0.121,0.224,0.172,11.3,11.3,0.665,0.678,0.154,0.157,101.74,102.32,85.27,102.32,0.132,1463,3.1,4.7
203503,Tony Snell,Tony,1610612737,ATL,29.0,47,29,18,0.617,992.0783333333334,88,171,0.515,62,109,0.569,11,11,1.0,18,94,112,59,21,13,11,8,75,12,249,64,522.9,0,0,530.0,1,2020-21,Tony Snell,21.1,114.8,113.8,113.8,111.3,111.6,111.6,3.5,2.2,2.2,0.08,2.81,23.1,0.019,0.09,0.056,8.2,8.2,0.696,0.708,0.084,0.088,98.55,98.85,82.37,98.85,0.06,2051,1.9,3.6
1628470,Torrey Craig,Torrey,1610612756,PHX,30.0,50,33,17,0.66,803.465,109,227,0.48,39,106,0.368,17,22,0.773,57,140,197,49,25,28,27,11,83,28,274,-96,723.9,2,0,669.0,2,2020-21,Torrey Craig,16.1,112.9,111.0,111.0,115.5,114.7,114.7,-2.6,-3.7,-3.7,0.084,1.96,15.7,0.07,0.185,0.125,8.0,8.0,0.566,0.579,0.141,0.146,97.98,99.2,82.67,99.2,0.086,1645,2.2,4.5
1629027,Trae Young,Trae,1610612737,ATL,22.0,63,36,27,0.571,2124.6066666666666,487,1112,0.438,136,397,0.343,484,546,0.886,38,207,245,594,261,53,12,66,111,426,1594,267,2713.0,28,0,2699.0,1,2020-21,Trae Young,33.7,118.1,118.2,118.2,112.3,113.0,113.0,5.9,5.2,5.2,0.426,2.28,26.9,0.018,0.094,0.057,11.8,11.8,0.499,0.589,0.32,0.326,100.85,100.5,83.75,100.5,0.15,4464,7.7,17.7
1630200,Tre Jones,Tre,1610612759,SAS,21.0,37,15,22,0.405,268.6066666666667,37,78,0.474,3,5,0.6,17,19,0.895,8,13,21,39,13,8,0,8,13,21,94,-83,188.7,0,0,173.0,1,2020-21,Tre Jones,7.3,98.0,98.4,98.4,114.6,112.2,112.2,-16.6,-13.8,-13.8,0.228,3.0,28.1,0.028,0.049,0.038,9.4,9.4,0.494,0.544,0.159,0.162,99.98,100.88,84.06,100.88,0.084,562,1.0,2.1
1629682,Tremont Waters,Tremont,1610612738,BOS,23.0,26,13,13,0.5,237.67333333333332,34,84,0.405,15,38,0.395,16,17,0.941,5,16,21,62,27,15,1,5,17,15,99,-10,238.2,0,0,229.0,1,2020-21,Tremont Waters,9.1,107.0,106.1,106.1,107.7,108.0,108.0,-0.7,-2.0,-2.0,0.38,2.3,34.3,0.021,0.062,0.042,14.9,15.0,0.494,0.541,0.204,0.21,102.76,103.0,85.83,103.0,0.11,510,1.3,3.2
1630235,Trent Forrest,Trent,1610612762,UTA,23.0,30,22,8,0.733,302.0133333333333,32,71,0.451,5,26,0.192,19,19,1.0,11,33,44,45,21,9,4,3,22,17,88,-49,226.3,0,0,208.0,1,2020-21,Trent Forrest,10.1,109.9,108.2,108.2,116.2,115.9,115.9,-6.3,-7.7,-7.7,0.205,2.14,30.8,0.038,0.111,0.075,14.4,14.4,0.486,0.554,0.144,0.148,97.91,98.78,82.31,98.78,0.078,621,1.1,2.4
2772,Trevor Ariza,Trevor,1610612748,MIA,36.0,30,17,13,0.567,840.9683333333334,99,241,0.411,50,143,0.35,34,44,0.773,27,117,144,55,21,31,18,9,55,45,282,40,663.3,1,0,629.0,1,2020-21,Trevor Ariza,28.0,113.6,113.8,113.8,109.0,111.0,111.0,4.6,2.8,2.8,0.089,2.62,16.4,0.033,0.15,0.09,6.3,6.2,0.515,0.542,0.149,0.151,99.34,98.34,81.95,98.34,0.077,1719,3.3,8.0
203504,Trey Burke,Trey,1610612742,DAL,28.0,62,35,27,0.565,911.335,151,353,0.428,58,164,0.354,51,57,0.895,10,44,54,81,33,36,7,17,64,59,411,15,693.3,0,0,690.0,1,2020-21,Trey Burke,14.7,111.6,111.5,111.5,111.1,110.2,110.2,0.5,1.3,1.3,0.129,2.45,16.5,0.011,0.047,0.029,6.7,6.7,0.51,0.544,0.193,0.199,99.46,99.91,83.26,99.91,0.076,1893,2.4,5.7
1626168,Trey Lyles,Trey,1610612759,SAS,25.0,23,10,13,0.435,357.8283333333333,43,90,0.478,14,40,0.35,15,23,0.652,9,77,86,14,6,6,1,0,13,15,115,-108,254.2,1,0,243.0,1,2020-21,Trey Lyles,15.6,97.5,98.4,98.4,113.9,112.9,112.9,-16.4,-14.5,-14.5,0.06,2.33,11.6,0.022,0.213,0.111,5.0,5.0,0.556,0.574,0.128,0.13,99.69,99.67,83.06,99.67,0.098,743,1.9,3.9
202684,Tristan Thompson,Tristan,1610612738,BOS,30.0,54,27,27,0.5,1286.6733333333334,169,326,0.518,0,3,0.0,71,120,0.592,169,270,439,67,62,24,33,31,119,119,409,24,1145.3,5,0,1029.0,1,2020-21,Tristan Thompson,23.8,110.6,111.9,111.9,110.4,110.9,110.9,0.2,1.0,1.0,0.073,1.08,13.2,0.124,0.212,0.167,12.2,12.2,0.518,0.54,0.144,0.147,100.45,99.66,83.05,99.66,0.093,2670,3.1,6.0
1628972,Troy Brown Jr.,Troy,1610612741,CHI,21.0,34,10,24,0.294,523.3866666666667,62,144,0.431,22,70,0.314,15,21,0.714,20,85,105,29,21,10,6,7,49,20,161,26,357.5,0,0,349.0,2,2020-21,Troy Brown Jr.,15.4,109.5,110.5,110.5,108.2,107.5,107.5,1.3,3.1,3.1,0.076,1.38,14.4,0.039,0.158,0.099,10.4,10.3,0.507,0.525,0.141,0.146,100.5,100.38,83.65,100.38,0.067,1091,1.8,4.2
1629660,Ty Jerome,Ty,1610612760,OKC,23.0,33,7,26,0.212,787.7833333333333,128,287,0.446,71,168,0.423,26,34,0.765,10,81,91,120,47,20,6,10,61,32,353,-135,673.2,0,0,687.0,1,2020-21,Ty Jerome,23.9,103.7,103.5,103.5,112.0,112.0,112.0,-8.3,-8.5,-8.5,0.229,2.55,25.6,0.012,0.1,0.055,10.0,10.0,0.57,0.585,0.181,0.187,102.88,102.91,85.76,102.91,0.095,1693,3.9,8.7
1630234,Ty-Shon Alexander,Ty-Shon,1610612756,PHX,22.0,15,11,4,0.733,47.485,3,12,0.25,2,9,0.222,1,2,0.5,2,8,10,6,3,0,1,0,2,1,9,-8,30.0,0,0,29.0,1,2020-21,Ty-Shon Alexander,3.2,105.9,101.0,101.0,107.3,107.0,107.0,-1.5,-6.0,-6.0,0.2,2.0,27.3,0.038,0.157,0.097,13.6,13.7,0.333,0.349,0.143,0.152,97.65,100.07,83.39,100.07,0.052,98,0.2,0.8
1630189,Tyler Bey,Tyler,1610612742,DAL,23.0,18,11,7,0.611,70.95,7,22,0.318,1,4,0.25,3,5,0.6,8,11,19,3,3,0,1,2,6,6,18,-37,45.3,0,0,43.0,1,2020-21,Tyler Bey,3.9,88.6,85.8,85.8,114.7,112.8,112.8,-26.1,-27.0,-27.0,0.063,1.0,10.0,0.09,0.177,0.126,10.0,9.9,0.341,0.372,0.143,0.153,104.98,107.57,89.64,107.57,0.038,162,0.4,1.2
1629076,Tyler Cook,Tyler,1610612765,DET,23.0,32,11,21,0.344,437.3466666666667,69,103,0.67,1,2,0.5,17,35,0.486,28,67,95,17,21,8,2,8,35,28,156,-34,304.5,0,0,289.0,2,2020-21,Tyler Cook,13.7,106.0,106.6,106.6,110.6,110.8,110.8,-4.6,-4.2,-4.2,0.057,0.81,11.0,0.065,0.149,0.108,13.5,13.4,0.675,0.659,0.136,0.14,99.8,99.44,82.86,99.44,0.088,908,2.2,3.2
1629639,Tyler Herro,Tyler,1610612748,MIA,21.0,54,29,25,0.537,1635.1616666666666,307,699,0.439,107,297,0.36,94,117,0.803,25,243,268,184,101,35,17,36,71,92,815,-85,1467.6,5,0,1478.0,1,2020-21,Tyler Herro,30.3,106.9,107.7,107.7,109.5,110.6,110.6,-2.5,-2.9,-2.9,0.184,1.82,17.9,0.015,0.144,0.081,9.8,9.8,0.516,0.543,0.225,0.232,99.31,98.46,82.05,98.46,0.108,3360,5.7,12.9
204020,Tyler Johnson,Tyler,1610612751,BKN,29.0,39,29,10,0.744,683.8916666666667,72,183,0.393,48,132,0.364,18,21,0.857,6,71,77,47,17,14,0,6,43,27,210,47,397.9,0,0,410.0,1,2020-21,Tyler Johnson,17.5,115.9,114.0,114.0,109.9,110.7,110.7,6.1,3.3,3.3,0.091,2.76,18.3,0.009,0.096,0.055,6.6,6.6,0.525,0.546,0.132,0.136,100.17,100.58,83.81,100.58,0.059,1433,1.8,4.7
1630179,Tyrell Terry,Tyrell,1610612742,DAL,20.0,11,2,9,0.182,56.306666666666665,5,16,0.313,0,7,0.0,1,3,0.333,0,6,6,6,2,5,0,0,2,3,11,0,40.2,0,0,33.0,1,2020-21,Tyrell Terry,5.1,89.9,88.4,88.4,91.1,88.4,88.4,-1.1,0.0,0.0,0.158,3.0,24.0,0.0,0.118,0.05,8.0,7.9,0.313,0.318,0.135,0.142,100.78,103.15,85.96,103.15,0.067,121,0.5,1.5
1630169,Tyrese Haliburton,Tyrese,1610612758,SAC,21.0,58,25,33,0.431,1745.6766666666667,292,619,0.472,121,296,0.409,48,56,0.857,39,134,173,309,92,77,28,20,83,55,753,-180,1647.1,5,0,1566.0,1,2020-21,Tyrese Haliburton,30.1,110.6,110.8,110.8,115.8,116.4,116.4,-5.2,-5.6,-5.6,0.247,3.36,29.7,0.022,0.076,0.049,8.8,8.8,0.569,0.585,0.175,0.18,102.74,102.31,85.26,102.31,0.104,3733,5.0,10.7
1630178,Tyrese Maxey,Tyrese,1610612755,PHI,20.0,61,41,20,0.672,935.575,198,429,0.462,31,103,0.301,61,70,0.871,11,93,104,120,41,26,13,25,79,59,488,-52,868.8,0,0,821.0,1,2020-21,Tyrese Maxey,15.3,105.9,106.4,106.4,108.4,108.0,108.0,-2.4,-1.6,-1.6,0.207,2.93,19.4,0.011,0.098,0.054,6.6,6.6,0.498,0.531,0.222,0.23,101.26,101.2,84.33,101.2,0.106,1963,3.2,7.0
1626145,Tyus Jones,Tyus,1610612763,MEM,25.0,70,36,34,0.514,1222.5266666666666,178,413,0.431,45,140,0.321,41,45,0.911,21,119,140,259,48,64,6,14,31,51,442,-85,1160.5,2,0,1026.0,1,2020-21,Tyus Jones,17.5,104.6,104.9,104.9,107.5,107.8,107.8,-2.9,-2.8,-2.8,0.305,5.4,35.0,0.016,0.093,0.054,6.5,6.5,0.485,0.511,0.165,0.169,101.39,101.08,84.24,101.08,0.113,2569,2.5,5.9
1628962,Udoka Azubuike,Udoka,1610612762,UTA,21.0,15,13,2,0.867,57.2,4,9,0.444,0,0,0.0,8,10,0.8,4,9,13,0,3,1,4,1,9,6,16,-65,43.6,0,0,39.0,1,2020-21,Udoka Azubuike,3.8,74.5,69.8,69.8,123.0,124.4,124.4,-48.5,-54.5,-54.5,0.0,0.0,0.0,0.063,0.15,0.105,17.6,18.3,0.444,0.597,0.119,0.126,101.74,104.48,87.06,104.48,0.054,126,0.3,0.6
2617,Udonis Haslem,Udonis,1610612748,MIA,41.0,1,1,0,1.0,2.671666666666667,2,2,1.0,0,0,0.0,0,0,0.0,0,1,1,0,0,0,0,0,0,1,4,3,5.2,0,0,5.0,1,2020-21,Udonis Haslem,2.7,158.2,166.7,166.7,85.4,100.0,100.0,72.9,66.7,66.7,0.0,0.0,0.0,0.0,0.25,0.2,0.0,0.0,1.0,1.0,0.286,0.316,130.44,116.78,97.32,116.78,0.455,6,2.0,2.0
1630176,Vernon Carey Jr.,Vernon,1610612766,CHA,20.0,19,9,10,0.474,114.7,18,36,0.5,1,7,0.143,9,11,0.818,6,21,27,2,5,1,5,3,13,9,46,-12,94.4,0,0,88.0,1,2020-21,Vernon Carey Jr.,6.0,107.6,105.0,105.0,111.4,108.3,108.3,-3.9,-3.2,-3.2,0.028,0.4,4.2,0.054,0.174,0.116,10.4,10.5,0.514,0.563,0.178,0.183,97.84,100.44,83.7,100.44,0.079,238,0.9,1.9
203506,Victor Oladipo,Victor,1610612748,MIA,29.0,33,13,20,0.394,1080.095,235,576,0.408,78,239,0.326,104,138,0.754,12,148,160,151,83,46,14,39,81,119,652,-71,1167.5,0,0,1161.0,3,2020-21,Victor Oladipo,32.7,104.8,106.5,106.5,108.4,108.8,108.8,-3.6,-2.3,-2.3,0.233,1.82,17.5,0.01,0.137,0.072,9.6,9.5,0.476,0.512,0.286,0.291,102.11,101.15,84.29,101.15,0.109,2267,7.1,17.5
1629738,Vincent Poirier,Vincent,1610612755,PHI,27.0,10,8,2,0.8,39.13333333333333,3,12,0.25,0,1,0.0,2,6,0.333,6,8,14,2,4,0,3,2,8,3,8,-16,32.8,0,0,30.0,1,2020-21,Vincent Poirier,3.9,89.4,85.2,85.2,109.7,104.6,104.6,-20.4,-19.4,-19.4,0.08,0.5,9.5,0.13,0.222,0.171,19.0,19.4,0.25,0.273,0.194,0.205,102.32,107.33,89.44,107.33,-0.02,88,0.3,1.2
1628427,Vlatko Čančar,Vlatko,1610612743,DEN,24.0,41,28,13,0.683,281.145,33,72,0.458,9,33,0.273,10,13,0.769,11,39,50,14,14,11,2,5,18,12,85,-104,191.0,0,0,184.0,1,2020-21,Vlatko Cancar,6.9,98.0,96.5,96.5,116.1,113.9,113.9,-18.1,-17.5,-17.5,0.073,1.0,13.3,0.035,0.136,0.083,13.3,13.2,0.521,0.547,0.132,0.138,103.87,105.68,88.07,105.68,0.069,621,0.8,1.8
201961,Wayne Ellington,Wayne,1610612765,DET,33.0,46,13,33,0.283,1011.8566666666668,149,338,0.441,116,275,0.422,28,35,0.8,12,73,85,67,33,18,9,7,59,29,442,-69,692.5,0,0,764.0,1,2020-21,Wayne Ellington,22.0,109.4,110.0,110.0,113.8,114.2,114.2,-4.4,-4.3,-4.3,0.097,2.03,14.9,0.012,0.073,0.042,7.3,7.3,0.612,0.625,0.162,0.167,99.81,99.33,82.78,99.33,0.075,2103,3.2,7.3
1628976,Wendell Carter Jr.,Wendell,1610612753,ORL,22.0,54,21,33,0.389,1375.3166666666666,230,457,0.503,15,51,0.294,131,179,0.732,132,311,443,104,78,35,42,34,146,169,606,-242,1446.6,13,0,1322.0,2,2020-21,Wendell Carter Jr.,25.5,103.2,104.5,104.5,112.7,113.5,113.5,-9.5,-9.0,-9.0,0.116,1.33,14.5,0.091,0.219,0.154,10.9,10.9,0.52,0.566,0.188,0.191,101.67,100.67,83.89,100.67,0.115,2893,4.3,8.5
1629117,Wenyen Gabriel,Wenyen,1610612740,NOP,24.0,21,9,12,0.429,240.84166666666667,24,60,0.4,13,32,0.406,11,17,0.647,20,34,54,11,15,9,8,3,32,12,72,2,189.3,0,0,184.0,1,2020-21,Wenyen Gabriel,11.5,105.6,106.4,106.4,104.8,105.6,105.6,0.8,0.8,0.8,0.063,0.73,11.7,0.069,0.135,0.1,16.0,16.0,0.508,0.533,0.135,0.139,103.23,102.44,85.37,102.44,0.055,513,1.1,2.9
1628411,Wes Iwundu,Wes,1610612740,NOP,26.0,41,17,24,0.415,538.9416666666667,34,102,0.333,5,41,0.122,26,31,0.839,15,75,90,18,19,15,4,12,49,28,99,-94,272.0,0,0,250.0,2,2020-21,Wes Iwundu,13.1,102.8,103.6,103.6,109.7,110.1,110.1,-6.9,-6.6,-6.6,0.045,0.95,11.8,0.025,0.13,0.077,12.5,12.4,0.358,0.428,0.103,0.105,103.48,102.91,85.76,102.91,0.035,1147,0.8,2.5
202083,Wesley Matthews,Wesley,1610612747,LAL,34.0,58,33,25,0.569,1129.9083333333333,89,252,0.353,66,197,0.335,35,41,0.854,20,73,93,54,26,38,17,3,80,57,279,38,610.6,0,0,602.0,1,2020-21,Wesley Matthews,19.5,106.2,106.9,106.9,104.2,105.0,105.0,2.0,1.9,1.9,0.065,2.08,15.7,0.018,0.064,0.041,7.5,7.4,0.484,0.517,0.111,0.115,99.99,99.34,82.79,99.34,0.044,2335,1.5,4.3
203115,Will Barton,Will,1610612743,DEN,30.0,56,37,19,0.661,1735.77,259,608,0.426,98,257,0.381,95,121,0.785,39,187,226,181,96,50,23,35,95,97,711,232,1376.7,0,0,1362.0,1,2020-21,Will Barton,31.0,117.5,118.4,118.4,112.0,112.4,112.4,5.5,6.0,6.0,0.135,1.89,19.4,0.024,0.109,0.067,10.3,10.2,0.507,0.538,0.187,0.192,98.09,97.52,81.27,97.52,0.076,3535,4.6,10.9
1630266,Will Magnay,Will,1610612740,NOP,23.0,1,1,0,1.0,3.2666666666666666,0,1,0.0,0,1,0.0,0,0,0.0,0,0,0,0,1,0,0,0,1,0,0,-10,-1.0,0,0,0.0,1,2020-21,Will Magnay,3.3,37.5,37.5,37.5,185.7,185.7,185.7,-148.2,-148.2,-148.2,0.0,0.0,0.0,0.0,0.0,0.0,50.0,50.0,0.0,0.0,0.2,0.222,110.2,110.2,91.84,110.2,-0.171,8,0.0,1.0
1626161,Willie Cauley-Stein,Willie,1610612742,DAL,27.0,53,29,24,0.547,905.91,115,182,0.632,1,11,0.091,49,78,0.628,66,170,236,35,29,21,43,12,129,65,280,138,778.7,1,0,680.0,1,2020-21,Willie Cauley-Stein,17.1,114.4,114.4,114.4,105.7,105.0,105.0,8.8,9.4,9.4,0.053,1.21,12.4,0.073,0.175,0.126,10.3,10.3,0.635,0.647,0.12,0.122,98.68,99.0,82.5,99.0,0.084,1851,2.2,3.4
1626195,Willy Hernangomez,Willy,1610612740,NOP,27.0,47,20,27,0.426,846.1666666666666,151,268,0.563,1,10,0.1,62,93,0.667,117,217,334,50,34,22,23,26,68,76,365,-14,941.8,11,0,840.0,1,2020-21,Willy Hernangomez,18.0,113.9,113.6,113.6,113.3,113.6,113.6,0.6,0.0,0.0,0.082,1.47,12.7,0.134,0.247,0.191,8.7,8.7,0.565,0.591,0.166,0.17,103.15,103.19,85.99,103.19,0.125,1813,3.2,5.7
1630214,Xavier Tillman,Xavier,1610612763,MEM,22.0,59,31,28,0.525,1084.675,167,299,0.559,22,65,0.338,34,53,0.642,74,182,256,75,45,44,33,23,116,45,390,33,995.7,2,0,897.0,1,2020-21,Xavier Tillman,18.4,108.7,109.5,109.5,106.9,106.6,106.6,1.9,2.9,2.9,0.096,1.67,17.1,0.065,0.163,0.113,10.3,10.2,0.595,0.605,0.142,0.146,101.66,101.41,84.5,101.41,0.095,2276,2.8,5.1
1627812,Yogi Ferrell,Yogi,1610612746,LAC,28.0,10,4,6,0.4,136.98166666666663,20,57,0.351,9,28,0.321,7,9,0.778,5,14,19,22,3,7,3,6,11,14,56,-1,138.8,0,0,126.0,2,2020-21,Yogi Ferrell,13.7,105.1,106.7,106.7,107.2,107.1,107.1,-2.0,-0.4,-0.4,0.229,7.33,25.9,0.034,0.095,0.065,3.5,3.5,0.43,0.459,0.193,0.201,99.86,99.17,82.64,99.17,0.094,283,2.0,5.7
1629139,Yuta Watanabe,Yuta,1610612761,TOR,26.0,50,24,26,0.48,722.8233333333334,79,180,0.439,36,90,0.4,24,29,0.828,36,123,159,40,19,26,19,9,57,34,218,-41,584.8,0,0,543.0,1,2020-21,Yuta Watanabe,14.5,105.2,105.0,105.0,107.7,107.8,107.8,-2.5,-2.7,-2.7,0.079,2.11,15.9,0.046,0.171,0.106,7.5,7.5,0.539,0.565,0.121,0.125,101.71,101.77,84.81,101.77,0.089,1533,1.6,3.6
203897,Zach LaVine,Zach,1610612741,CHI,26.0,58,26,32,0.448,2033.6266666666668,569,1123,0.507,200,477,0.419,253,298,0.849,36,253,289,282,203,46,27,67,138,233,1591,-9,2376.8,3,0,2508.0,1,2020-21,Zach LaVine,35.1,111.3,112.4,112.4,111.6,113.1,113.1,-0.4,-0.8,-0.8,0.225,1.39,16.3,0.018,0.121,0.071,11.7,11.7,0.596,0.634,0.302,0.308,102.54,101.34,84.45,101.34,0.14,4304,9.8,19.4
1630192,Zeke Nnaji,Zeke,1610612743,DEN,20.0,42,30,12,0.714,397.2783333333333,50,104,0.481,24,59,0.407,12,15,0.8,14,51,65,10,7,8,4,8,29,15,136,-82,258.0,0,0,259.0,1,2020-21,Zeke Nnaji,9.5,105.1,102.0,102.0,113.2,112.5,112.5,-8.1,-10.5,-10.5,0.037,1.43,7.8,0.034,0.129,0.08,5.5,5.5,0.596,0.615,0.126,0.131,100.7,102.52,85.43,102.52,0.074,852,1.2,2.5
1629627,Zion Williamson,Zion,1610612740,NOP,20.0,61,29,32,0.475,2025.89,634,1037,0.611,10,34,0.294,369,529,0.698,167,274,441,226,167,57,39,131,135,366,1647,89,2636.2,14,0,2516.0,1,2020-21,Zion Williamson,33.2,113.7,113.9,113.9,112.2,111.7,111.7,1.4,2.1,2.1,0.188,1.35,13.7,0.081,0.131,0.106,10.1,10.0,0.616,0.649,0.287,0.296,103.14,103.3,86.09,103.3,0.161,4358,10.4,17.0
