PLAYER_ID,PLAYER_NAME,NICKNAME,TEAM_ID,TEAM_ABBREVIATION,AGE,GP,W,L,W_PCT,MIN_trad,FGM,FGA,FG_PCT,FG3M,FG3A,FG3_PCT,FTM,FTA,FT_PCT,OREB,DREB,REB,AST,TOV,STL,BLK,BLKA,PF,PFD,PTS,PLUS_MINUS,NBA_FANTASY_PTS,DD2,TD3,WNBA_FANTASY_PTS,TEAM_COUNT,SEASON,MIN_adv,E_OFF_RATING,OFF_RATING,sp_work_OFF_RATING,E_DEF_RATING,DEF_RATING,sp_work_DEF_RATING,E_NET_RATING,NET_RATING,sp_work_NET_RATING,AST_PCT,AST_TO,AST_RATIO,OREB_PCT,DREB_PCT,REB_PCT,TM_TOV_PCT,E_TOV_PCT,EFG_PCT,TS_PCT,USG_PCT,E_USG_PCT,E_PACE,PACE,PACE_PER40,sp_work_PACE,PIE,POSS,FGM_PG,FGA_PG
203932,Aaron Gordon,Aaron,1610612743,DEN,26.0,75,46,29,0.613,2375.418333333333,434,834,0.52,87,260,0.335,171,230,0.743,125,314,439,188,133,44,44,52,148,200,1126,321,2065.8,6,0,2016.0,1,2021-22,31.7,115.4,117.3,117.3,110.5,111.1,111.1,4.9,6.2,6.2,0.109,1.41,15.0,0.057,0.129,0.095,10.6,10.6,0.573,0.602,0.194,0.197,100.1,99.0,82.5,99.0,0.096,4908,5.8,11.1
1630565,Aaron Henry,Aaron,1610612755,PHI,22.0,6,6,0,1.0,16.983333333333334,1,5,0.2,0,1,0.0,0,0,0.0,0,1,1,0,2,0,2,2,2,0,2,-20,7.2,0,0,7.0,1,2021-22,2.8,71.5,71.1,71.1,123.6,127.0,127.0,-52.0,-56.0,-56.0,0.0,0.0,0.0,0.0,0.048,0.024,28.6,28.6,0.2,0.2,0.149,0.164,107.12,105.99,88.32,105.99,-0.079,38,0.2,0.8
1628988,Aaron Holiday,Aaron,1610612756,PHX,25.0,63,34,29,0.54,1020.75,151,338,0.447,39,103,0.379,59,68,0.868,24,98,122,153,67,42,9,18,92,74,400,-39,861.9,0,0,816.0,2,2021-22,16.2,106.6,106.8,106.8,108.8,108.2,108.2,-2.2,-1.4,-1.4,0.223,2.28,26.1,0.023,0.092,0.058,11.4,11.4,0.504,0.544,0.182,0.187,99.4,99.57,82.98,99.57,0.088,2113,2.4,5.4
1630174,Aaron Nesmith,Aaron,1610612738,BOS,22.0,52,32,20,0.615,573.8783333333333,72,182,0.396,31,115,0.27,21,26,0.808,15,74,89,22,31,20,5,2,70,28,196,22,379.8,0,0,388.0,1,2021-22,11.0,107.7,107.3,107.3,104.0,104.3,104.3,3.8,3.0,3.0,0.057,0.71,9.0,0.025,0.117,0.073,12.7,12.6,0.481,0.507,0.164,0.171,100.55,100.58,83.82,100.58,0.048,1196,1.4,3.5
1630598,Aaron Wiggins,Aaron,1610612760,OKC,23.0,50,13,37,0.26,1208.75,156,337,0.463,42,138,0.304,62,85,0.729,51,127,178,68,54,30,10,21,93,63,416,-235,797.6,0,0,784.0,1,2021-22,24.2,105.2,104.5,104.5,112.3,112.6,112.6,-7.1,-8.1,-8.1,0.083,1.26,13.8,0.04,0.098,0.069,10.9,10.9,0.525,0.556,0.149,0.155,101.35,101.6,84.67,101.6,0.062,2546,3.1,6.7
1627846,Abdel Nader,Abdel,1610612756,PHX,28.0,14,11,3,0.786,145.23833333333334,12,35,0.343,4,14,0.286,6,10,0.6,4,23,27,7,11,8,4,2,20,14,34,-2,101.9,0,0,96.0,1,2021-22,10.4,97.5,95.1,95.1,97.5,96.0,96.0,0.0,-0.9,-0.9,0.065,0.64,12.1,0.026,0.145,0.087,19.0,19.2,0.4,0.431,0.139,0.145,105.78,107.91,89.92,107.91,0.036,327,0.9,2.5
1630278,Ade Murkey,Ade,1610612758,SAC,24.0,1,0,1,0.0,1.4666666666666666,0,0,0.0,0,0,0.0,0,0,0.0,0,0,0,0,0,0,0,0,0,0,0,-1,0.0,0,0,0.0,1,2021-22,1.5,53.2,33.3,33.3,66.7,66.7,66.7,-13.5,-33.3,-33.3,0.0,0.0,0.0,0.0,0.0,0.0,0.0,0.0,0.0,0.0,0.0,0.0,79.85,98.18,81.82,98.18,0.0,3,0.0,0.0
1629678,Admiral Schofield,Admiral,1610612753,ORL,25.0,38,10,28,0.263,468.8233333333333,54,129,0.419,26,79,0.329,12,15,0.8,17,72,89,25,21,4,5,5,58,21,146,-128,296.3,0,0,304.0,1,2021-22,12.3,100.2,100.3,100.3,114.0,113.8,113.8,-13.9,-13.5,-13.5,0.084,1.19,13.8,0.033,0.146,0.088,11.6,11.6,0.519,0.538,0.143,0.148,99.82,99.88,83.23,99.88,0.055,977,1.4,3.4
1629958,Ahmad Caver,Ahmad,1610612754,IND,25.0,1,0,1,0.0,0.8433333333333334,1,1,1.0,0,0,0.0,0,0,0.0,0,0,0,0,0,0,0,0,0,0,2,2,2.0,0,0,2.0,1,2021-22,0.8,212.8,200.0,200.0,100.0,66.7,66.7,112.8,133.3,133.3,0.0,0.0,0.0,0.0,0.0,0.0,0.0,0.0,1.0,1.0,0.5,0.532,110.42,142.29,118.58,142.29,0.4,2,1.0,1.0
201143,Al Horford,Al,1610612738,BOS,36.0,69,46,23,0.667,2004.7916666666667,266,569,0.467,89,265,0.336,80,95,0.842,108,422,530,232,65,49,92,13,130,84,701,386,2043.0,15,0,1834.0,1,2021-22,29.1,112.6,112.8,112.8,102.8,103.4,103.4,9.8,9.3,9.3,0.159,3.57,25.6,0.054,0.201,0.13,7.2,7.2,0.546,0.574,0.147,0.15,98.45,98.03,81.69,98.03,0.123,4096,3.9,8.2
202692,Alec Burks,Alec,1610612752,NYK,30.0,81,37,44,0.457,2317.6766666666667,285,728,0.391,157,389,0.404,217,264,0.822,47,350,397,239,91,85,26,28,215,243,944,125,2020.9,2,0,1959.0,1,2021-22,28.6,109.7,110.3,110.3,106.4,108.1,108.1,3.3,2.3,2.3,0.158,2.63,20.5,0.019,0.148,0.082,7.8,7.8,0.499,0.559,0.171,0.177,98.0,96.97,80.81,96.97,0.099,4691,3.5,9.0
1630758,Aleem Ford,Aleem,1610612753,ORL,24.0,5,2,3,0.4,73.53,6,20,0.3,2,15,0.133,0,0,0.0,2,13,15,2,4,1,0,1,7,3,14,-35,34.0,0,0,35.0,1,2021-22,14.7,99.5,98.6,98.6,121.4,120.7,120.7,-21.8,-22.1,-22.1,0.043,0.5,7.7,0.028,0.16,0.099,15.4,15.4,0.35,0.35,0.148,0.155,92.97,93.68,78.06,93.68,0.022,142,1.2,4.0
1630197,Aleksej Pokusevski,Aleksej,1610612760,OKC,20.0,61,19,42,0.311,1232.705,186,456,0.408,57,197,0.289,35,50,0.7,73,245,318,131,94,39,38,24,88,60,464,-44,1179.1,5,1,1124.0,1,2021-22,20.2,103.5,103.6,103.6,106.7,106.1,106.1,-3.3,-2.5,-2.5,0.161,1.39,18.6,0.054,0.189,0.121,13.4,13.4,0.47,0.485,0.195,0.199,100.41,100.66,83.88,100.66,0.095,2595,3.0,7.5
1627936,Alex Caruso,Alex,1610612741,CHI,28.0,41,24,17,0.585,1146.8316666666667,102,256,0.398,42,126,0.333,58,73,0.795,33,115,148,165,57,71,15,18,106,93,304,110,930.1,1,0,831.0,1,2021-22,28.0,110.1,110.5,110.5,104.9,105.5,105.5,5.1,5.1,5.1,0.194,2.89,32.4,0.029,0.101,0.064,11.2,11.2,0.48,0.528,0.13,0.133,99.95,99.49,82.91,99.49,0.077,2372,2.5,6.2
203458,Alex Len,Alex,1610612758,SAC,29.0,39,17,22,0.436,620.2,94,176,0.534,6,21,0.286,41,63,0.651,52,109,161,45,43,13,25,13,100,54,235,-76,566.7,2,0,523.0,1,2021-22,15.9,105.7,106.0,106.0,110.8,111.4,111.4,-5.1,-5.5,-5.5,0.104,1.05,15.4,0.076,0.168,0.121,14.7,14.7,0.551,0.577,0.165,0.169,103.14,102.74,85.62,102.74,0.074,1326,2.4,4.5
1628035,Alfonzo McKinnie,Alfonzo,1610612741,CHI,29.0,17,8,9,0.471,206.31333333333333,24,61,0.393,9,27,0.333,2,8,0.25,13,20,33,5,7,2,3,4,26,7,59,-55,114.1,0,0,116.0,1,2021-22,12.1,106.2,108.6,108.6,122.3,121.5,121.5,-16.1,-12.9,-12.9,0.034,0.71,6.5,0.059,0.115,0.084,9.1,9.1,0.467,0.457,0.148,0.152,98.17,97.37,81.14,97.37,0.02,418,1.4,3.6
1628993,Alize Johnson,Alize,1610612740,NOP,26.0,23,14,9,0.609,167.22,17,39,0.436,0,4,0.0,7,12,0.583,28,33,61,9,12,5,0,7,18,12,41,-45,130.7,0,0,121.0,3,2021-22,7.3,105.2,105.1,105.1,114.2,115.7,115.7,-9.0,-10.6,-10.6,0.08,0.75,13.8,0.156,0.202,0.178,18.5,18.4,0.436,0.463,0.14,0.147,98.18,97.6,81.33,97.6,0.069,336,0.7,1.7
1630578,Alperen Sengun,Alperen,1610612745,HOU,19.0,72,18,54,0.25,1489.2933333333333,249,525,0.474,29,117,0.248,165,232,0.711,138,255,393,185,145,59,68,46,214,237,692,-309,1677.1,8,0,1553.0,1,2021-22,20.7,104.9,106.4,106.4,115.5,116.6,116.6,-10.6,-10.2,-10.2,0.193,1.28,19.4,0.089,0.174,0.13,15.2,15.2,0.502,0.552,0.214,0.218,102.82,101.69,84.74,101.69,0.099,3161,3.5,7.3
1629599,Amir Coffey,Amir,1610612746,LAC,25.0,69,33,36,0.478,1567.3666666666666,211,466,0.453,96,254,0.378,101,117,0.863,26,171,197,124,45,38,15,28,87,95,619,-47,1155.4,1,0,1142.0,1,2021-22,22.7,109.7,110.1,110.1,110.5,111.0,111.0,-0.8,-0.9,-0.9,0.112,2.76,18.1,0.017,0.102,0.06,6.6,6.6,0.556,0.598,0.154,0.159,100.49,100.02,83.35,100.02,0.086,3258,3.1,6.8
203083,Andre Drummond,Andre,1610612751,BKN,28.0,73,42,31,0.575,1436.785,247,433,0.57,0,3,0.0,86,164,0.524,229,451,680,131,115,78,68,47,192,151,580,39,1915.5,18,0,1683.0,2,2021-22,19.7,110.8,112.2,112.2,108.8,109.8,109.8,2.0,2.4,2.4,0.13,1.14,17.5,0.155,0.305,0.23,15.4,15.3,0.57,0.574,0.181,0.186,100.4,99.27,82.73,99.27,0.14,2957,3.4,5.9
2738,Andre Iguodala,Andre,1610612744,GSW,38.0,31,20,11,0.645,602.8316666666667,46,121,0.38,17,74,0.23,15,20,0.75,21,79,100,114,28,27,22,2,34,36,124,114,534.0,0,0,453.0,1,2021-22,19.4,107.0,105.7,105.7,94.6,97.0,97.0,12.5,8.7,8.7,0.263,4.07,41.8,0.035,0.117,0.078,10.3,10.3,0.45,0.478,0.113,0.117,100.2,99.57,82.98,99.57,0.103,1253,1.5,3.9
203952,Andrew Wiggins,Andrew,1610612744,GSW,27.0,73,47,26,0.644,2329.5133333333333,475,1019,0.466,157,399,0.393,149,235,0.634,85,240,325,161,111,76,51,43,158,215,1256,266,2157.5,1,0,2153.0,1,2021-22,31.9,110.0,111.2,111.2,103.6,105.4,105.4,6.4,5.8,5.8,0.109,1.45,11.6,0.036,0.095,0.066,8.0,8.0,0.543,0.56,0.224,0.228,101.23,99.79,83.16,99.79,0.097,4836,6.5,14.0
1629014,Anfernee Simons,Anfernee,1610612757,POR,23.0,57,25,32,0.439,1681.013333333333,353,797,0.443,179,442,0.405,103,116,0.888,26,125,151,221,115,30,6,37,110,96,988,-85,1493.7,2,0,1611.0,1,2021-22,29.5,109.7,110.5,110.5,111.9,112.9,112.9,-2.3,-2.5,-2.5,0.219,1.92,18.8,0.015,0.075,0.044,9.8,9.7,0.555,0.583,0.244,0.251,99.23,98.43,82.02,98.43,0.102,3447,6.2,14.0
203076,Anthony Davis,Anthony,1610612747,LAL,29.0,40,17,23,0.425,1404.2483333333332,370,695,0.532,13,70,0.186,174,244,0.713,106,288,394,122,82,49,90,19,97,204,927,-92,1917.8,19,0,1734.0,1,2021-22,35.1,104.6,105.9,105.9,107.2,108.9,108.9,-2.6,-3.0,-3.0,0.147,1.49,12.2,0.072,0.196,0.134,8.2,8.1,0.542,0.578,0.263,0.269,103.22,101.79,84.83,101.79,0.159,2977,9.3,17.4
1630162,Anthony Edwards,Anthony,1610612750,MIN,20.0,72,39,33,0.542,2465.9933333333333,549,1245,0.441,215,602,0.357,220,280,0.786,62,281,343,275,190,105,46,46,164,203,1533,188,2620.1,4,0,2668.0,1,2021-22,34.2,112.6,114.6,114.6,109.6,110.6,110.6,3.1,4.0,4.0,0.173,1.45,15.0,0.023,0.113,0.067,10.4,10.4,0.527,0.56,0.262,0.265,102.54,101.18,84.31,101.18,0.111,5189,7.6,17.3
1630264,Anthony Gill,Anthony,1610612764,WAS,29.0,44,15,29,0.341,463.4,62,109,0.569,14,26,0.538,42,52,0.808,33,52,85,27,18,5,11,12,58,43,180,60,352.5,0,0,338.0,1,2021-22,10.5,117.0,114.7,114.7,108.6,108.9,108.9,8.4,5.8,5.8,0.08,1.5,15.2,0.075,0.112,0.094,10.1,10.2,0.633,0.682,0.138,0.144,99.65,100.53,83.77,100.53,0.081,972,1.4,2.5
1630237,Anthony Lamb,Anthony,1610612745,HOU,24.0,2,0,2,0.0,7.683333333333334,0,2,0.0,0,2,0.0,0,0,0.0,0,1,1,2,0,0,0,1,0,1,0,5,4.2,0,0,3.0,1,2021-22,3.8,106.1,105.9,105.9,84.9,76.5,76.5,21.3,29.4,29.4,0.4,0.0,50.0,0.0,0.125,0.056,0.0,0.0,0.0,0.0,0.105,0.111,100.83,106.2,88.5,106.2,0.036,17,0.0,1.0
1629717,Armoni Brooks,Armoni,1610612761,TOR,24.0,54,20,34,0.37,843.755,98,289,0.339,74,249,0.297,18,21,0.857,20,83,103,62,27,28,11,4,74,23,288,-80,594.6,0,0,605.0,2,2021-22,15.6,106.4,108.3,108.3,112.0,112.1,112.1,-5.6,-3.8,-3.8,0.105,2.3,16.1,0.021,0.097,0.058,7.0,7.0,0.467,0.483,0.159,0.163,101.87,100.95,84.12,100.95,0.054,1769,1.8,5.4
1629083,Arnoldas Kulboka,Arnoldas,1610612766,CHA,24.0,2,2,0,1.0,5.3,0,1,0.0,0,1,0.0,0,0,0.0,0,0,0,0,0,0,0,0,1,0,0,-12,0.0,0,0,0.0,1,2021-22,2.7,54.5,50.0,50.0,141.1,150.0,150.0,-86.5,-100.0,-100.0,0.0,0.0,0.0,0.0,0.0,0.0,0.0,0.0,0.0,0.0,0.071,0.083,107.59,108.68,90.57,108.68,-0.114,12,0.0,0.5
1630559,Austin Reaves,Austin,1610612747,LAL,24.0,61,28,33,0.459,1417.6816666666666,146,318,0.459,53,167,0.317,99,118,0.839,45,148,193,110,40,29,20,11,87,133,444,54,947.6,1,1,898.0,1,2021-22,23.2,110.2,110.8,110.8,108.8,109.0,109.0,1.4,1.8,1.8,0.101,2.75,21.2,0.031,0.099,0.066,7.7,7.7,0.542,0.6,0.121,0.124,102.17,101.81,84.84,101.81,0.076,3007,2.4,5.2
203085,Austin Rivers,Austin,1610612743,DEN,29.0,67,41,26,0.612,1479.878333333333,146,350,0.417,79,231,0.342,32,44,0.727,19,95,114,90,54,51,6,13,121,45,403,53,791.8,0,0,800.0,1,2021-22,22.1,113.5,113.0,113.0,111.1,111.1,111.1,2.4,1.9,1.9,0.082,1.67,17.6,0.014,0.063,0.039,10.5,10.5,0.53,0.546,0.123,0.127,98.66,98.91,82.43,98.91,0.043,3047,2.2,5.2
202340,Avery Bradley,Avery,1610612747,LAL,31.0,62,27,35,0.435,1405.9116666666666,148,350,0.423,82,210,0.39,16,18,0.889,31,105,136,47,38,53,9,19,118,32,394,-181,775.7,0,0,783.0,1,2021-22,22.7,105.2,105.4,105.4,110.1,111.2,111.2,-4.9,-5.8,-5.8,0.046,1.24,10.6,0.021,0.073,0.047,8.6,8.6,0.54,0.55,0.119,0.122,101.56,100.99,84.16,100.99,0.045,2953,2.4,5.6
1630245,Ayo Dosunmu,Ayo,1610612741,CHI,22.0,77,42,35,0.545,2109.641666666667,278,535,0.52,70,186,0.376,53,78,0.679,27,187,214,256,108,60,29,35,182,70,679,-199,1478.8,4,0,1397.0,1,2021-22,27.4,108.9,109.1,109.1,112.7,114.1,114.1,-3.8,-5.0,-5.0,0.164,2.37,27.5,0.013,0.09,0.052,11.6,11.6,0.585,0.596,0.138,0.142,101.01,100.31,83.59,100.31,0.07,4418,3.6,6.9
1629168,BJ Johnson,BJ,1610612753,ORL,26.0,4,2,2,0.5,64.595,11,25,0.44,4,10,0.4,0,0,0.0,6,9,15,0,0,0,1,2,4,0,26,-12,47.0,0,0,47.0,1,2021-22,16.1,101.9,103.8,103.8,115.0,113.0,113.0,-13.2,-9.2,-9.2,0.0,0.0,0.0,0.091,0.122,0.107,0.0,0.0,0.52,0.52,0.169,0.173,97.39,97.34,81.12,97.34,0.083,131,2.8,6.3
1628389,Bam Adebayo,Bam,1610612748,MIA,24.0,56,36,20,0.643,1825.2616666666668,406,729,0.557,0,6,0.0,256,340,0.753,137,427,564,190,148,80,44,40,171,305,1068,300,2253.8,27,0,2070.0,1,2021-22,32.6,111.8,113.1,113.1,104.6,104.9,104.9,7.2,8.1,8.1,0.172,1.28,15.7,0.08,0.234,0.159,12.2,12.2,0.557,0.608,0.248,0.252,97.9,97.21,81.01,97.21,0.161,3696,7.3,13.0
203463,Ben McLemore,Ben,1610612757,POR,29.0,64,20,44,0.313,1284.885,216,539,0.401,151,417,0.362,72,88,0.818,12,91,103,59,55,38,10,21,103,87,655,-352,956.1,0,0,1064.0,1,2021-22,20.1,101.8,101.9,101.9,114.2,115.0,115.0,-12.4,-13.1,-13.1,0.077,1.07,8.6,0.009,0.072,0.039,8.0,8.0,0.541,0.567,0.207,0.213,101.15,100.73,83.95,100.73,0.07,2697,3.4,8.4
202687,Bismack Biyombo,Bismack,1610612756,PHX,29.0,36,30,6,0.833,505.89666666666665,86,145,0.593,0,0,0.0,38,71,0.535,63,104,167,23,25,12,26,7,70,62,210,52,533.9,6,0,476.0,1,2021-22,14.1,110.8,111.8,111.8,107.7,106.2,106.2,3.0,5.6,5.6,0.064,0.92,10.3,0.117,0.207,0.161,11.2,11.1,0.593,0.596,0.167,0.172,99.17,99.44,82.86,99.44,0.102,1045,2.4,4.0
201933,Blake Griffin,Blake,1610612751,BKN,33.0,56,29,27,0.518,958.085,133,313,0.425,38,145,0.262,55,76,0.724,60,168,228,105,31,27,14,19,95,123,359,-94,882.1,1,0,812.0,1,2021-22,17.1,106.8,107.8,107.8,111.5,112.5,112.5,-4.6,-4.7,-4.7,0.157,3.39,21.8,0.061,0.169,0.116,6.4,6.4,0.486,0.518,0.167,0.171,102.57,101.65,84.71,101.65,0.091,2030,2.4,5.6
1626246,Boban Marjanovic,Boban,1610612742,DAL,33.0,23,15,8,0.652,127.94333333333331,42,70,0.6,1,4,0.25,13,22,0.591,8,31,39,3,15,0,3,5,24,21,98,35,143.3,0,0,147.0,1,2021-22,5.6,108.0,108.3,108.3,96.3,95.5,95.5,11.7,12.8,12.8,0.044,0.2,3.1,0.066,0.228,0.152,15.5,15.4,0.607,0.615,0.311,0.325,98.92,99.23,82.69,99.23,0.131,265,1.8,3.0
1626171,Bobby Portis Jr.,Bobby,1610612749,MIL,27.0,72,46,26,0.639,2028.34,417,871,0.479,133,338,0.393,85,113,0.752,180,477,657,86,90,53,51,48,174,108,1052,314,2191.4,24,0,2136.0,1,2021-22,28.2,115.2,114.7,114.7,108.2,108.5,108.5,7.0,6.3,6.3,0.061,0.96,7.8,0.085,0.218,0.153,8.2,8.2,0.555,0.571,0.207,0.212,101.41,101.53,84.61,101.53,0.117,4311,5.8,12.1
203992,Bogdan Bogdanović,Bogdan,1610612737,ATL,29.0,63,33,30,0.524,1848.54,342,794,0.431,169,459,0.368,97,115,0.843,29,221,250,194,70,68,14,26,132,109,950,192,1717.0,0,0,1727.0,1,2021-22,29.3,116.5,116.6,116.6,111.2,112.1,112.1,5.3,4.5,4.5,0.152,2.77,17.5,0.016,0.116,0.067,6.3,6.3,0.537,0.562,0.212,0.218,99.31,98.89,82.41,98.89,0.098,3818,5.4,12.6
202711,Bojan Bogdanovic,Bojan,1610612762,UTA,33.0,69,45,24,0.652,2131.31,422,928,0.455,181,468,0.387,223,260,0.858,58,238,296,120,118,34,1,61,116,173,1248,219,1770.2,3,0,1915.0,1,2021-22,30.9,114.8,116.2,116.2,109.4,111.4,111.4,5.4,4.8,4.8,0.086,1.02,9.4,0.027,0.106,0.068,9.2,9.2,0.552,0.599,0.232,0.237,100.09,98.59,82.16,98.59,0.102,4382,6.1,13.4
1629626,Bol Bol,Bol,1610612753,ORL,22.0,14,5,9,0.357,80.84,15,27,0.556,1,4,0.25,2,5,0.4,4,16,20,5,4,1,2,1,4,2,33,5,69.5,0,0,65.0,1,2021-22,5.8,105.7,102.3,102.3,106.4,101.7,101.7,-0.7,0.5,0.5,0.102,1.25,13.5,0.049,0.211,0.127,10.8,10.5,0.574,0.565,0.16,0.174,99.95,103.91,86.59,103.91,0.113,177,1.1,1.9
1630538,Bones Hyland,Bones,1610612743,DEN,21.0,69,41,28,0.594,1309.8583333333331,230,571,0.403,131,358,0.366,107,125,0.856,14,174,188,191,86,41,20,38,153,91,698,42,1307.1,1,0,1330.0,1,2021-22,19.0,113.1,113.4,113.4,112.5,111.7,111.7,0.7,1.7,1.7,0.22,2.22,21.2,0.011,0.133,0.072,9.6,9.5,0.518,0.558,0.231,0.238,99.64,99.84,83.2,99.84,0.096,2722,3.3,8.3
202954,Brad Wanamaker,Brad,1610612764,WAS,32.0,23,10,13,0.435,319.62,28,77,0.364,4,17,0.235,23,25,0.92,6,33,39,55,23,7,6,12,45,29,83,-44,228.3,0,0,207.0,2,2021-22,13.9,105.3,104.0,104.0,111.1,110.3,110.3,-5.7,-6.4,-6.4,0.243,2.39,33.3,0.018,0.107,0.061,13.9,13.9,0.39,0.472,0.146,0.154,97.84,98.82,82.35,98.82,0.053,657,1.2,3.3
203078,Bradley Beal,Bradley,1610612764,WAS,29.0,40,17,23,0.425,1438.95,348,771,0.451,63,210,0.3,169,203,0.833,38,151,189,265,135,36,15,34,95,161,928,-102,1570.3,4,0,1547.0,1,2021-22,36.0,106.3,107.1,107.1,109.6,110.5,110.5,-3.3,-3.5,-3.5,0.309,1.96,21.1,0.026,0.099,0.064,10.8,10.7,0.492,0.539,0.297,0.304,100.13,99.36,82.8,99.36,0.123,2979,8.7,19.3
1630527,Brandon Boston Jr.,Brandon,1610612746,LAC,20.0,51,26,25,0.51,760.245,125,325,0.385,34,111,0.306,59,72,0.819,17,94,111,51,31,26,13,26,43,58,343,-37,638.7,0,0,617.0,1,2021-22,14.9,101.9,102.9,102.9,104.0,104.9,104.9,-2.1,-2.0,-2.0,0.103,1.65,11.6,0.02,0.111,0.066,7.1,7.1,0.437,0.481,0.212,0.218,102.6,101.71,84.76,101.71,0.083,1609,2.5,6.4
1629634,Brandon Clarke,Brandon,1610612763,MEM,25.0,64,44,20,0.688,1246.0266666666666,288,447,0.644,5,22,0.227,85,130,0.654,135,207,342,86,34,39,68,26,122,110,666,176,1492.4,4,0,1313.0,1,2021-22,19.5,112.5,113.2,113.2,104.4,105.7,105.7,8.1,7.5,7.5,0.101,2.53,13.9,0.099,0.148,0.123,5.5,5.4,0.65,0.66,0.171,0.176,105.59,104.61,87.17,104.61,0.141,2703,4.5,7.0
1629164,Brandon Goodwin,Brandon,1610612739,CLE,26.0,36,19,17,0.528,501.54,64,154,0.416,19,55,0.345,24,38,0.632,14,53,67,91,36,25,1,16,39,36,171,-53,429.9,1,0,400.0,1,2021-22,13.9,107.7,106.3,106.3,112.6,112.6,112.6,-5.0,-6.3,-6.3,0.278,2.53,30.7,0.028,0.11,0.068,12.2,12.1,0.477,0.501,0.177,0.186,95.52,96.14,80.11,96.14,0.088,1009,1.8,4.3
1627742,Brandon Ingram,Brandon,1610612740,NOP,24.0,55,29,26,0.527,1869.1816666666664,453,983,0.461,74,226,0.327,266,322,0.826,35,285,320,307,151,34,26,42,119,266,1246,123,2119.5,7,0,2067.0,1,2021-22,34.0,111.0,112.7,112.7,108.5,109.4,109.4,2.5,3.3,3.3,0.268,2.03,19.5,0.019,0.152,0.086,9.6,9.5,0.498,0.554,0.291,0.297,99.23,98.07,81.73,98.07,0.139,3817,8.2,17.9
202688,Brandon Knight,Brandon,1610612742,DAL,30.0,5,2,3,0.4,64.54166666666667,10,25,0.4,4,17,0.235,8,8,1.0,0,8,8,8,4,1,0,2,5,6,32,-6,52.6,0,0,54.0,1,2021-22,12.9,100.8,103.6,103.6,107.1,107.2,107.2,-6.3,-3.6,-3.6,0.2,2.0,19.5,0.0,0.098,0.054,9.8,9.9,0.48,0.561,0.216,0.213,104.48,103.0,85.84,103.0,0.109,138,2.0,5.0
1630314,Brandon Williams,Brandon,1610612757,POR,22.0,24,2,22,0.083,639.705,105,282,0.372,31,106,0.292,68,97,0.701,19,55,74,94,58,24,10,22,52,74,309,-272,582.8,2,0,576.0,1,2021-22,26.7,99.5,101.2,101.2,120.3,121.6,121.6,-20.8,-20.4,-20.4,0.235,1.62,19.7,0.026,0.089,0.055,12.2,12.2,0.427,0.476,0.246,0.25,102.28,100.92,84.1,100.92,0.069,1346,4.4,11.8
1630296,Braxton Key,Braxton,1610612765,DET,25.0,11,5,6,0.455,197.15,33,72,0.458,6,21,0.286,7,13,0.538,13,37,50,11,11,10,11,4,26,13,79,27,207.5,0,0,188.0,2,2021-22,17.9,111.9,113.2,113.2,105.5,105.2,105.2,6.4,8.0,8.0,0.077,1.0,11.1,0.058,0.187,0.118,11.1,11.0,0.5,0.508,0.184,0.187,102.96,102.5,85.42,102.5,0.084,418,3.0,6.5
1630271,Brodric Thomas,Brodric,1610612738,BOS,25.0,12,8,4,0.667,59.855,8,18,0.444,2,9,0.222,3,5,0.6,2,8,10,11,6,1,1,1,7,4,21,3,49.5,0,0,48.0,1,2021-22,5.0,105.4,106.7,106.7,107.2,103.7,103.7,-1.8,3.0,3.0,0.239,1.83,29.7,0.034,0.103,0.073,16.2,16.1,0.5,0.52,0.172,0.179,106.77,107.86,89.88,107.86,0.066,134,0.7,1.5
201572,Brook Lopez,Brook,1610612749,MIL,34.0,13,10,3,0.769,298.4066666666667,61,131,0.466,19,53,0.358,20,23,0.87,19,34,53,6,12,8,15,5,34,21,161,-7,290.6,0,0,285.0,1,2021-22,23.0,109.4,110.2,110.2,112.4,111.6,111.6,-3.0,-1.4,-1.4,0.03,0.5,3.8,0.058,0.108,0.083,7.5,7.5,0.538,0.57,0.211,0.215,102.62,102.63,85.52,102.63,0.081,639,4.7,10.1
1628971,Bruce Brown,Bruce,1610612751,BKN,25.0,72,37,35,0.514,1773.9616666666666,256,506,0.506,38,94,0.404,97,128,0.758,100,245,345,148,56,77,52,38,176,109,647,-45,1614.0,1,0,1436.0,1,2021-22,24.6,110.8,111.7,111.7,110.8,112.0,112.0,0.1,-0.3,-0.3,0.114,2.64,19.4,0.056,0.13,0.094,7.3,7.3,0.543,0.575,0.146,0.15,101.2,100.26,83.55,100.26,0.093,3690,3.6,7.0
1628981,Bruno Fernando,Bruno,1610612745,HOU,23.0,30,15,15,0.5,152.58,36,55,0.655,1,2,0.5,15,24,0.625,18,37,55,7,14,1,11,7,24,20,88,-33,186.5,2,0,175.0,2,2021-22,5.1,101.6,100.0,100.0,113.4,110.1,110.1,-11.8,-10.1,-10.1,0.082,0.5,8.2,0.102,0.223,0.161,16.5,16.2,0.664,0.671,0.197,0.21,103.83,106.17,88.48,106.17,0.138,338,1.2,1.8
1627854,Bryn Forbes,Bryn,1610612743,DEN,28.0,75,36,39,0.48,1285.878333333333,231,539,0.429,122,295,0.414,79,87,0.908,10,83,93,75,56,25,5,29,95,63,663,25,921.1,0,0,1013.0,2,2021-22,17.1,108.4,109.3,109.3,110.0,109.8,109.8,-1.6,-0.5,-0.5,0.086,1.34,10.7,0.007,0.063,0.035,8.0,7.9,0.542,0.574,0.201,0.209,101.58,101.29,84.41,101.29,0.074,2731,3.1,7.2
1627741,Buddy Hield,Buddy,1610612754,IND,29.0,81,26,55,0.321,2498.795,446,1098,0.406,262,716,0.366,111,127,0.874,66,287,353,229,153,73,25,57,184,92,1265,-164,2173.1,1,0,2305.0,2,2021-22,30.8,109.9,111.4,111.4,114.4,115.1,115.1,-4.5,-3.6,-3.6,0.135,1.5,15.1,0.025,0.114,0.068,10.1,10.0,0.526,0.548,0.214,0.221,101.47,100.47,83.73,100.47,0.084,5242,5.5,13.6
1629604,CJ Elleby,CJ,1610612757,POR,22.0,58,17,41,0.293,1174.4016666666666,121,308,0.393,37,126,0.294,60,84,0.714,66,161,227,87,56,35,19,12,116,73,339,-348,847.9,0,0,798.0,1,2021-22,20.2,101.8,102.6,102.6,116.0,116.9,116.9,-14.2,-14.3,-14.3,0.109,1.55,17.8,0.052,0.141,0.094,11.5,11.5,0.453,0.491,0.143,0.146,101.18,100.44,83.7,100.44,0.06,2459,2.1,5.3
203468,CJ McCollum,CJ,1610612740,NOP,30.0,62,28,34,0.452,2145.08,536,1164,0.46,182,469,0.388,116,170,0.682,53,216,269,315,127,70,22,57,121,160,1370,-69,2314.3,3,0,2320.0,2,2021-22,34.6,111.5,112.1,112.1,112.9,114.0,114.0,-1.4,-1.9,-1.9,0.238,2.48,18.8,0.024,0.101,0.062,7.6,7.6,0.539,0.553,0.269,0.275,99.91,99.14,82.62,99.14,0.119,4437,8.6,18.8
101139,CJ Miles,CJ,1610612738,BOS,35.0,1,1,0,1.0,1.95,0,0,0.0,0,0,0.0,0,0,0.0,0,0,0,0,0,0,0,0,1,0,0,-5,0.0,0,0,0.0,1,2021-22,2.0,103.1,80.0,80.0,232.0,180.0,180.0,-128.9,-100.0,-100.0,0.0,0.0,0.0,0.0,0.0,0.0,0.0,0.0,0.0,0.0,0.0,0.0,95.51,123.08,102.56,123.08,-0.091,5,0.0,0.0
1630595,Cade Cunningham,Cade,1610612765,DET,20.0,64,20,44,0.313,2088.055,429,1031,0.416,114,363,0.314,142,168,0.845,58,296,354,356,234,78,43,77,200,155,1114,-275,2201.8,10,2,2180.0,1,2021-22,32.6,105.0,106.9,106.9,111.7,113.1,113.1,-6.7,-6.2,-6.2,0.283,1.52,21.0,0.026,0.143,0.083,13.8,13.8,0.471,0.504,0.273,0.276,100.18,98.71,82.26,98.71,0.1,4290,6.7,16.1
1628997,Caleb Martin,Caleb,1610612748,MIA,26.0,60,37,23,0.617,1372.1683333333333,208,410,0.507,64,155,0.413,71,93,0.763,70,160,230,64,52,58,30,23,104,92,551,157,1135.0,1,0,1085.0,1,2021-22,22.9,112.8,111.8,111.8,105.7,106.2,106.2,7.1,5.7,5.7,0.068,1.23,11.3,0.054,0.114,0.085,9.2,9.2,0.585,0.611,0.158,0.164,98.56,98.8,82.34,98.8,0.094,2823,3.5,6.8
1629629,Cam Reddish,Cam,1610612752,NYK,22.0,49,20,29,0.408,1012.25,165,408,0.404,66,184,0.359,101,112,0.902,25,80,105,48,57,47,15,23,60,80,497,-217,824.0,0,0,840.0,2,2021-22,20.7,104.1,103.2,103.2,112.7,113.0,113.0,-8.6,-9.8,-9.8,0.078,0.84,8.5,0.023,0.075,0.048,10.1,10.1,0.485,0.543,0.213,0.219,100.33,100.62,83.85,100.62,0.079,2118,3.4,8.3
1630560,Cam Thomas,Cam,1610612751,BKN,20.0,67,32,35,0.478,1176.06,218,503,0.433,47,174,0.27,87,105,0.829,16,145,161,78,55,33,8,27,66,82,570,-139,948.2,0,0,938.0,1,2021-22,17.6,105.7,106.3,106.3,111.7,112.7,112.7,-6.1,-6.4,-6.4,0.102,1.42,11.5,0.013,0.118,0.065,8.1,8.1,0.48,0.519,0.212,0.217,101.39,100.69,83.91,100.69,0.089,2476,3.3,7.5
1629661,Cameron Johnson,Cameron,1610612756,PHX,26.0,66,50,16,0.758,1729.9733333333334,279,607,0.46,166,391,0.425,98,114,0.86,42,231,273,99,47,57,16,29,113,108,822,219,1470.1,0,0,1506.0,1,2021-22,26.2,110.7,110.8,110.8,104.1,104.6,104.6,6.6,6.2,6.2,0.079,2.11,12.4,0.023,0.123,0.075,5.9,5.9,0.596,0.625,0.167,0.173,102.54,102.22,85.18,102.22,0.105,3680,4.2,9.2
1630787,Cameron McGriff,Cameron,1610612757,POR,24.0,3,0,3,0.0,45.96666666666667,5,14,0.357,2,6,0.333,2,2,1.0,6,9,15,3,0,0,1,0,7,2,14,8,39.5,0,0,36.0,1,2021-22,15.3,118.9,122.3,122.3,116.3,115.1,115.1,2.6,7.3,7.3,0.086,0.0,16.7,0.098,0.209,0.144,0.0,0.0,0.429,0.47,0.122,0.126,98.58,97.64,81.36,97.64,0.084,94,1.7,4.7
1628419,Cameron Oliver,Cameron,1610612737,ATL,25.0,2,1,1,0.5,43.3,10,15,0.667,1,3,0.333,2,3,0.667,2,4,6,3,0,1,1,0,5,2,23,-2,40.7,0,0,37.0,1,2021-22,21.7,127.9,122.5,122.5,123.8,123.3,123.3,4.0,-0.9,-0.9,0.097,0.0,15.8,0.051,0.121,0.083,0.0,0.0,0.7,0.705,0.167,0.177,96.93,99.21,82.68,99.21,0.104,89,5.0,7.5
1626166,Cameron Payne,Cameron,1610612756,PHX,27.0,58,46,12,0.793,1277.5983333333334,240,587,0.409,71,211,0.336,75,89,0.843,24,151,175,282,103,40,17,33,119,99,626,148,1327.0,3,0,1268.0,1,2021-22,22.0,108.6,109.1,109.1,103.0,102.7,102.7,5.6,6.3,6.3,0.318,2.74,27.9,0.018,0.109,0.065,10.2,10.2,0.469,0.5,0.235,0.242,102.92,102.83,85.69,102.83,0.107,2725,4.1,10.1
1627747,Caris LeVert,Caris,1610612739,CLE,27.0,58,23,35,0.397,1780.3733333333332,379,854,0.444,82,256,0.32,146,193,0.756,43,171,214,248,108,51,23,52,131,168,986,-62,1728.8,1,0,1678.0,2,2021-22,30.7,111.4,112.7,112.7,113.3,114.5,114.5,-2.0,-1.8,-1.8,0.219,2.3,19.2,0.024,0.097,0.06,8.3,8.3,0.492,0.525,0.252,0.256,99.04,97.93,81.61,97.93,0.098,3634,6.5,14.7
1630637,Carlik Jones,Carlik,1610612743,DEN,24.0,5,3,2,0.6,23.258333333333333,1,9,0.111,0,1,0.0,2,2,1.0,1,2,3,5,3,1,0,0,0,1,4,-20,15.1,0,0,14.0,2,2021-22,4.7,94.6,88.7,88.7,122.7,121.8,121.8,-28.1,-33.1,-33.1,0.417,1.67,27.8,0.042,0.069,0.057,16.7,16.8,0.111,0.202,0.22,0.24,107.61,111.44,92.87,111.44,0.016,53,0.2,1.8
2546,Carmelo Anthony,Carmelo,1610612747,LAL,38.0,69,27,42,0.391,1793.19,319,723,0.441,149,397,0.375,132,159,0.83,62,226,288,68,59,47,52,18,166,119,919,-88,1604.6,1,0,1622.0,1,2021-22,26.0,108.6,108.7,108.7,111.2,111.7,111.7,-2.6,-2.9,-2.9,0.056,1.15,7.5,0.034,0.116,0.076,6.5,6.4,0.544,0.579,0.195,0.203,103.37,103.07,85.89,103.07,0.089,3862,4.6,10.5
1629035,Carsen Edwards,Carsen,1610612765,DET,24.0,4,1,3,0.25,79.16666666666667,9,30,0.3,4,16,0.25,1,1,1.0,2,4,6,14,5,2,0,5,4,2,23,-12,52.2,0,0,51.0,1,2021-22,19.8,104.4,108.5,108.5,111.5,114.4,114.4,-7.2,-5.9,-5.9,0.25,2.8,28.6,0.022,0.044,0.033,10.2,10.1,0.367,0.378,0.179,0.181,103.92,100.65,83.87,100.65,0.042,165,2.3,7.5
1630199,Cassius Stanley,Cassius,1610612765,DET,22.0,9,3,6,0.333,155.0,19,46,0.413,4,17,0.235,10,10,1.0,5,14,19,4,6,5,2,2,17,12,52,-15,95.8,0,0,93.0,1,2021-22,17.2,101.6,100.9,100.9,104.0,105.2,105.2,-2.4,-4.3,-4.3,0.043,0.67,6.7,0.028,0.084,0.055,10.0,9.9,0.457,0.516,0.148,0.154,101.65,101.42,84.52,101.42,0.056,327,2.1,5.1
1630216,Cassius Winston,Cassius,1610612764,WAS,24.0,7,1,6,0.143,38.995,4,11,0.364,2,6,0.333,4,4,1.0,0,1,1,7,3,0,0,1,9,4,14,-6,22.7,0,0,24.0,1,2021-22,5.6,106.6,107.7,107.7,116.7,111.1,111.1,-10.1,-3.4,-3.4,0.28,2.33,30.4,0.0,0.027,0.013,13.0,13.2,0.455,0.549,0.184,0.184,95.96,97.86,81.55,97.86,0.02,78,0.6,1.6
1627760,Cat Barber,Cat,1610612737,ATL,27.0,3,0,3,0.0,12.85,0,4,0.0,0,0,0.0,0,4,0.0,1,2,3,3,1,0,0,1,1,3,0,11,7.1,0,0,6.0,1,2021-22,4.3,135.9,131.0,131.0,101.4,96.4,96.4,34.6,34.6,34.6,0.2,3.0,30.0,0.091,0.286,0.167,10.0,10.2,0.0,0.0,0.219,0.218,101.98,106.46,88.72,106.46,-0.074,29,0.0,1.3
1626224,Cedi Osman,Cedi,1610612739,CLE,27.0,66,37,29,0.561,1461.745,247,572,0.432,128,359,0.357,87,131,0.664,25,121,146,135,67,52,10,26,127,108,709,-57,1205.7,0,0,1242.0,1,2021-22,22.1,108.0,107.5,107.5,109.1,109.2,109.2,-1.1,-1.8,-1.8,0.144,2.01,16.3,0.017,0.08,0.049,8.1,8.1,0.544,0.563,0.206,0.212,99.32,99.48,82.9,99.48,0.081,3028,3.7,8.7
1628990,Chandler Hutchison,Chandler,1610612756,PHX,26.0,6,4,2,0.667,22.376666666666665,1,2,0.5,0,0,0.0,2,2,1.0,0,5,5,2,4,0,0,0,1,1,4,15,9.0,0,0,11.0,1,2021-22,3.7,115.9,109.6,109.6,85.6,82.4,82.4,30.4,27.3,27.3,0.105,0.5,22.2,0.0,0.167,0.091,44.4,45.0,0.5,0.694,0.111,0.114,105.37,110.47,92.06,110.47,0.067,52,0.2,0.3
1629646,Charles Bassey,Charles,1610612755,PHI,21.0,23,11,12,0.478,167.86,30,47,0.638,0,4,0.0,9,12,0.75,22,40,62,7,8,5,17,3,32,14,69,-34,211.9,1,0,182.0,1,2021-22,7.3,99.2,98.6,98.6,109.3,107.4,107.4,-10.1,-8.8,-8.8,0.07,0.88,10.4,0.124,0.233,0.177,11.9,11.9,0.638,0.66,0.152,0.158,98.76,99.94,83.28,99.94,0.128,348,1.3,2.0
1629718,Charlie Brown Jr.,Charlie,1610612755,PHI,25.0,22,16,6,0.727,177.7,10,39,0.256,1,12,0.083,9,10,0.9,14,18,32,6,5,10,4,5,18,8,30,-21,114.4,0,0,97.0,2,2021-22,8.1,101.2,99.7,99.7,104.2,103.4,103.4,-3.0,-3.6,-3.6,0.045,1.2,11.3,0.067,0.088,0.077,9.4,9.2,0.269,0.346,0.105,0.114,101.89,103.05,85.88,103.05,0.03,378,0.5,1.8
1630602,Chaundee Brown Jr.,Chaundee,1610612737,ATL,23.0,5,1,4,0.2,103.65833333333332,10,32,0.313,6,18,0.333,5,6,0.833,1,15,16,4,1,2,0,3,7,4,31,-20,61.2,0,0,61.0,2,2021-22,20.7,105.1,104.1,104.1,112.7,112.8,112.8,-7.6,-8.7,-8.7,0.056,4.0,10.0,0.009,0.139,0.071,2.5,2.5,0.406,0.447,0.146,0.15,100.77,101.18,84.32,101.18,0.049,218,2.0,6.4
1627767,Cheick Diallo,Cheick,1610612765,DET,25.0,3,0,3,0.0,30.633333333333333,3,8,0.375,0,0,0.0,5,6,0.833,4,8,12,0,1,1,0,1,6,4,11,-33,27.4,0,0,25.0,1,2021-22,10.2,84.9,82.2,82.2,124.3,132.9,132.9,-39.4,-50.7,-50.7,0.0,0.0,0.0,0.098,0.296,0.176,8.3,8.6,0.375,0.517,0.145,0.152,113.98,112.03,93.36,112.03,0.075,73,1.0,2.7
1629002,Chimezie Metu,Chimezie,1610612758,SAC,25.0,60,23,37,0.383,1278.7416666666666,203,449,0.452,57,186,0.306,71,91,0.78,34,301,335,60,61,51,32,29,93,84,534,-155,1214.0,6,0,1152.0,1,2021-22,21.3,105.7,106.1,106.1,111.1,111.8,111.8,-5.4,-5.7,-5.7,0.071,0.98,9.8,0.027,0.227,0.129,10.0,10.0,0.516,0.546,0.184,0.188,101.98,101.5,84.58,101.5,0.104,2704,3.4,7.5
1628449,Chris Boucher,Chris,1610612761,TOR,29.0,80,48,32,0.6,1690.111666666667,268,577,0.464,68,229,0.297,150,193,0.777,179,315,494,25,42,49,75,43,174,173,754,189,1714.3,10,0,1589.0,1,2021-22,21.1,109.8,111.0,111.0,105.3,105.7,105.7,4.5,5.3,5.3,0.022,0.6,3.4,0.095,0.183,0.137,5.8,5.8,0.523,0.57,0.172,0.176,98.32,97.6,81.33,97.6,0.111,3440,3.4,7.2
1629185,Chris Chiozza,Chris,1610612744,GSW,26.0,34,21,13,0.618,371.8833333333333,24,81,0.296,17,53,0.321,2,3,0.667,9,27,36,65,32,13,0,6,32,15,67,-49,214.7,0,0,211.0,1,2021-22,10.9,102.3,100.4,100.4,108.3,108.3,108.3,-6.0,-7.9,-7.9,0.264,2.03,36.3,0.023,0.073,0.048,17.9,17.8,0.401,0.407,0.132,0.139,96.38,97.32,81.1,97.32,0.039,759,0.7,2.4
1630537,Chris Duarte,Chris,1610612754,IND,25.0,55,21,34,0.382,1540.8266666666666,268,621,0.432,94,255,0.369,90,112,0.804,41,185,226,114,90,56,10,37,95,112,720,-53,1270.2,0,0,1286.0,1,2021-22,28.0,105.4,107.6,107.6,109.2,109.7,109.7,-3.7,-2.0,-2.0,0.11,1.27,13.1,0.026,0.117,0.071,10.3,10.3,0.507,0.537,0.207,0.211,100.57,99.3,82.75,99.3,0.089,3193,4.9,11.3
101108,Chris Paul,Chris,1610612756,PHX,37.0,65,53,12,0.815,2138.958333333333,363,736,0.493,63,199,0.317,169,202,0.837,22,261,283,702,153,121,20,12,134,206,958,460,2620.6,34,2,2288.0,1,2021-22,32.9,114.7,115.6,115.6,103.9,105.5,105.5,10.8,10.0,10.0,0.434,4.59,41.8,0.011,0.113,0.064,9.1,9.1,0.536,0.581,0.197,0.2,101.23,100.1,83.41,100.1,0.15,4466,5.6,11.3
1629735,Chris Silva,Chris,1610612748,MIA,25.0,10,7,3,0.7,91.16166666666666,8,15,0.533,0,0,0.0,10,12,0.833,13,23,36,7,8,0,1,3,20,13,26,-29,74.7,0,0,71.0,2,2021-22,9.1,103.4,101.5,101.5,120.8,117.6,117.6,-17.4,-16.1,-16.1,0.13,0.88,20.0,0.127,0.274,0.194,22.9,22.7,0.533,0.641,0.123,0.132,99.91,102.15,85.12,102.15,0.074,195,0.8,1.5
1626174,Christian Wood,Christian,1610612745,HOU,26.0,68,19,49,0.279,2093.6266666666666,440,878,0.501,131,336,0.39,207,332,0.623,110,576,686,155,126,54,65,48,171,316,1218,-406,2504.7,33,0,2428.0,1,2021-22,30.8,104.6,106.6,106.6,114.4,115.7,115.7,-9.8,-9.1,-9.1,0.124,1.23,11.9,0.051,0.265,0.158,9.6,9.7,0.576,0.595,0.233,0.235,103.47,101.9,84.91,101.9,0.142,4443,6.5,12.9
1629643,Chuma Okeke,Chuma,1610612753,ORL,23.0,70,21,49,0.3,1748.825,216,575,0.376,118,371,0.318,55,65,0.846,47,300,347,118,57,97,42,14,95,68,605,-315,1558.4,3,0,1466.0,1,2021-22,25.0,99.3,100.3,100.3,109.1,109.1,109.1,-9.8,-8.8,-8.8,0.104,2.07,15.1,0.024,0.165,0.092,7.3,7.3,0.478,0.501,0.159,0.162,102.2,101.68,84.73,101.68,0.093,3709,3.1,8.2
203991,Clint Capela,Clint,1610612737,ATL,28.0,74,40,34,0.541,2041.53,370,604,0.613,0,1,0.0,80,169,0.473,279,598,877,92,44,55,93,38,166,140,820,127,2410.4,35,0,2085.0,1,2021-22,27.6,116.0,116.6,116.6,113.0,113.3,113.3,3.0,3.3,3.3,0.062,2.09,11.3,0.133,0.284,0.208,5.4,5.4,0.613,0.604,0.149,0.152,100.58,100.22,83.52,100.22,0.133,4257,5.0,8.2
1629632,Coby White,Coby,1610612741,CHI,22.0,61,32,29,0.525,1674.9266666666667,279,644,0.433,136,353,0.385,78,91,0.857,17,165,182,176,70,29,11,27,137,84,772,-34,1304.4,1,0,1346.0,1,2021-22,27.5,111.4,112.3,112.3,113.0,113.6,113.6,-1.6,-1.2,-1.2,0.147,2.51,18.9,0.011,0.099,0.055,7.5,7.5,0.539,0.564,0.195,0.199,100.15,99.5,82.92,99.5,0.08,3476,4.6,10.6
1628998,Cody Martin,Cody,1610612766,CHA,26.0,71,41,30,0.577,1865.618333333333,204,423,0.482,61,159,0.384,75,107,0.701,82,203,285,179,61,88,32,28,116,115,544,-25,1453.5,0,0,1309.0,1,2021-22,26.3,112.8,113.1,113.1,112.2,113.0,113.0,0.6,0.1,0.1,0.124,2.93,25.2,0.043,0.108,0.075,8.6,8.6,0.554,0.579,0.12,0.123,101.02,100.54,83.78,100.54,0.08,3895,2.9,6.0
203469,Cody Zeller,Cody,1610612757,POR,29.0,27,13,14,0.481,354.535,51,90,0.567,0,4,0.0,38,49,0.776,50,75,125,22,19,8,6,14,56,42,140,-28,346.0,0,0,315.0,1,2021-22,13.1,108.1,108.8,108.8,110.9,110.9,110.9,-2.7,-2.1,-2.1,0.087,1.16,14.2,0.128,0.212,0.168,12.3,12.5,0.567,0.627,0.153,0.153,101.51,101.2,84.34,101.2,0.103,742,1.9,3.3
1630175,Cole Anthony,Cole,1610612753,ORL,22.0,65,18,47,0.277,2059.398333333333,357,912,0.391,132,391,0.338,216,253,0.854,32,316,348,369,170,46,17,44,171,220,1062,-231,2052.1,9,0,2037.0,1,2021-22,31.7,104.1,105.7,105.7,110.2,111.1,111.1,-6.1,-5.4,-5.4,0.281,2.17,23.8,0.015,0.145,0.08,10.9,10.9,0.464,0.519,0.245,0.25,100.98,99.82,83.18,99.82,0.106,4283,5.5,14.0
1629012,Collin Sexton,Collin,1610612739,CLE,23.0,11,7,4,0.636,316.44166666666666,68,151,0.45,11,45,0.244,29,39,0.744,13,23,36,23,31,10,0,16,25,43,176,-30,252.7,0,0,266.0,1,2021-22,28.8,98.9,99.2,99.2,104.2,105.0,105.0,-5.3,-5.8,-5.8,0.125,0.74,10.4,0.041,0.066,0.054,14.0,14.0,0.487,0.523,0.264,0.272,100.49,99.96,83.3,99.96,0.074,663,6.2,13.7
1630557,Corey Kispert,Corey,1610612764,WAS,23.0,77,31,46,0.403,1801.0583333333334,234,514,0.455,112,320,0.35,54,62,0.871,53,156,209,85,50,35,22,20,93,47,634,38,1133.3,0,0,1154.0,1,2021-22,23.4,113.1,113.0,113.0,112.6,112.9,112.9,0.6,0.1,0.1,0.064,1.7,12.6,0.03,0.084,0.058,7.4,7.4,0.564,0.586,0.142,0.146,98.61,98.52,82.1,98.52,0.067,3712,3.0,6.7
202709,Cory Joseph,Cory,1610612765,DET,30.0,65,19,46,0.292,1599.8383333333334,178,400,0.445,65,157,0.414,100,113,0.885,29,145,174,237,85,42,17,20,147,114,521,-204,1177.3,0,0,1115.0,1,2021-22,24.6,104.8,105.3,105.3,110.6,111.7,111.7,-5.8,-6.4,-6.4,0.22,2.79,31.1,0.017,0.092,0.053,11.1,11.0,0.526,0.579,0.141,0.146,99.38,98.63,82.2,98.63,0.081,3290,2.7,6.2
1628591,Craig Sword,Craig,1610612764,WAS,28.0,3,1,2,0.333,18.98333333333333,3,4,0.75,0,1,0.0,0,0,0.0,0,0,0,1,1,4,0,0,7,0,6,1,18.5,0,0,15.0,1,2021-22,6.3,109.9,102.9,102.9,92.3,94.6,94.6,17.6,8.3,8.3,0.1,1.0,16.7,0.0,0.0,0.0,16.7,16.7,0.75,0.75,0.125,0.132,89.36,91.03,75.86,91.03,0.033,35,1.0,1.3
1626156,D'Angelo Russell,D'Angelo,1610612750,MIN,26.0,65,39,26,0.6,2076.6116666666667,401,975,0.411,176,518,0.34,198,240,0.825,25,191,216,460,165,62,22,27,130,215,1176,210,2212.2,12,0,2196.0,1,2021-22,31.9,112.4,114.5,114.5,109.2,109.8,109.8,3.2,4.7,4.7,0.32,2.79,27.0,0.011,0.089,0.05,9.7,9.7,0.502,0.544,0.246,0.25,103.59,102.39,85.32,102.39,0.114,4431,6.2,15.0
201571,D.J. Augustin,D.J.,1610612747,LAL,34.0,55,15,40,0.273,883.2283333333334,94,222,0.423,68,164,0.415,38,43,0.884,11,57,68,107,56,17,1,10,39,34,294,-177,534.1,0,0,573.0,2,2021-22,16.1,106.5,106.9,106.9,118.0,117.5,117.5,-11.5,-10.6,-10.6,0.176,1.91,26.7,0.012,0.065,0.038,14.0,13.9,0.577,0.61,0.139,0.144,100.9,100.92,84.1,100.92,0.071,1866,1.7,4.0
1628391,D.J. Wilson,D.J.,1610612761,TOR,26.0,4,2,2,0.5,54.075,11,15,0.733,0,2,0.0,8,10,0.8,1,15,16,5,2,5,1,1,6,5,30,-16,72.7,0,0,63.0,1,2021-22,13.5,102.5,100.0,100.0,110.9,116.5,116.5,-8.5,-16.5,-16.5,0.147,2.5,18.5,0.017,0.238,0.13,7.4,7.6,0.733,0.773,0.159,0.161,110.57,109.18,90.98,109.18,0.162,125,2.8,3.8
1629610,DaQuan Jeffries,DaQuan,1610612763,MEM,24.0,3,3,0,1.0,8.791666666666666,1,2,0.5,0,1,0.0,0,0,0.0,0,2,2,1,0,0,0,0,1,0,2,-3,5.9,0,0,5.0,1,2021-22,2.9,87.4,89.5,89.5,118.5,100.0,100.0,-31.0,-10.5,-10.5,0.167,0.0,33.3,0.0,0.25,0.105,0.0,0.0,0.5,0.5,0.091,0.089,99.15,106.46,88.72,106.46,0.078,19,0.3,0.7
1630227,Daishen Nix,Daishen,1610612745,HOU,20.0,24,3,21,0.125,261.43,27,67,0.403,7,26,0.269,16,30,0.533,7,26,33,40,26,15,0,8,21,21,77,-46,195.6,0,0,187.0,1,2021-22,10.9,103.7,104.4,104.4,112.0,111.0,111.0,-8.4,-6.6,-6.6,0.208,1.54,27.2,0.026,0.103,0.064,17.7,17.8,0.455,0.48,0.167,0.169,104.18,104.29,86.91,104.29,0.059,564,1.1,2.8
1629751,Dakota Mathias,Dakota,1610612763,MEM,26.0,6,5,1,0.833,16.225,2,6,0.333,2,6,0.333,0,0,0.0,0,2,2,1,0,1,0,0,1,0,6,-11,12.9,0,0,13.0,1,2021-22,2.7,68.2,66.7,66.7,105.8,92.1,92.1,-37.6,-25.4,-25.4,0.125,0.0,14.3,0.0,0.154,0.057,0.0,0.0,0.5,0.5,0.15,0.153,101.0,109.46,91.22,109.46,0.102,36,0.3,1.0
1630625,Dalano Banton,Dalano,1610612761,TOR,22.0,64,37,27,0.578,695.6866666666666,83,202,0.411,13,51,0.255,26,44,0.591,38,86,124,99,53,28,10,17,68,40,205,34,563.3,0,0,517.0,1,2021-22,10.9,106.7,106.6,106.6,105.8,105.1,105.1,0.9,1.5,1.5,0.197,1.87,26.5,0.048,0.124,0.083,14.2,14.2,0.443,0.463,0.159,0.165,99.4,99.8,83.17,99.8,0.07,1452,1.3,3.2
1627745,Damian Jones,Damian,1610612758,SAC,27.0,56,19,37,0.339,1016.645,175,266,0.658,10,29,0.345,94,131,0.718,75,171,246,69,59,26,47,18,130,116,454,-174,1012.7,2,0,925.0,1,2021-22,18.2,105.8,106.7,106.7,114.1,113.5,113.5,-8.3,-6.8,-6.8,0.106,1.17,15.4,0.074,0.164,0.12,13.1,13.1,0.677,0.701,0.163,0.166,100.64,100.52,83.77,100.52,0.11,2116,3.1,4.8
203081,Damian Lillard,Damian,1610612757,POR,31.0,29,12,17,0.414,1056.19,222,552,0.402,92,284,0.324,159,181,0.878,13,107,120,212,83,17,11,22,37,151,695,-30,1158.0,8,0,1175.0,1,2021-22,36.4,111.5,113.0,113.0,113.5,114.8,114.8,-1.9,-1.8,-1.8,0.321,2.55,23.0,0.012,0.104,0.057,9.0,9.0,0.486,0.55,0.288,0.293,100.64,99.37,82.81,99.37,0.126,2191,7.7,19.0
1627814,Damion Lee,Damion,1610612744,GSW,29.0,63,41,22,0.651,1256.5233333333333,169,383,0.441,63,187,0.337,66,75,0.88,27,176,203,63,38,39,6,12,95,79,467,94,902.1,0,0,886.0,1,2021-22,19.9,109.6,109.3,109.3,105.9,106.5,106.5,3.7,2.8,2.8,0.072,1.66,12.2,0.022,0.136,0.081,7.3,7.4,0.523,0.561,0.156,0.16,99.96,99.8,83.17,99.8,0.081,2622,2.7,6.1
1628422,Damyean Dotson,Damyean,1610612752,NYK,28.0,2,1,1,0.5,20.541666666666668,2,4,0.5,0,1,0.0,0,0,0.0,0,2,2,1,0,0,0,1,0,0,4,3,7.9,0,0,7.0,1,2021-22,10.3,116.2,109.8,109.8,112.3,110.5,110.5,3.9,-0.8,-0.8,0.071,0.0,20.0,0.0,0.111,0.056,0.0,0.0,0.5,0.5,0.089,0.098,88.94,92.3,76.92,92.3,0.064,41,1.0,2.0
1629655,Daniel Gafford,Daniel,1610612764,WAS,23.0,72,30,42,0.417,1444.0083333333334,285,411,0.693,0,1,0.0,107,153,0.699,155,252,407,68,65,30,99,39,170,158,677,-210,1589.4,8,0,1410.0,1,2021-22,20.1,108.7,108.6,108.6,114.5,115.5,115.5,-5.9,-6.9,-6.9,0.071,1.05,11.3,0.107,0.169,0.139,10.8,10.6,0.693,0.708,0.16,0.166,99.68,99.27,82.73,99.27,0.122,2985,4.0,5.7
1630187,Daniel Oturu,Daniel,1610612761,TOR,22.0,3,1,2,0.333,27.281666666666663,3,6,0.5,0,1,0.0,3,5,0.6,1,4,5,0,0,0,2,2,1,3,9,-24,21.0,0,0,18.0,1,2021-22,9.1,95.3,94.8,94.8,134.8,131.7,131.7,-39.5,-36.8,-36.8,0.0,0.0,0.0,0.036,0.148,0.091,0.0,0.0,0.5,0.549,0.125,0.135,102.33,103.81,86.5,103.81,0.067,58,1.0,2.0
1628464,Daniel Theis,Daniel,1610612738,BOS,30.0,47,20,27,0.426,977.42,151,291,0.519,33,107,0.308,49,72,0.681,59,169,228,41,46,20,31,12,111,79,384,-88,826.1,3,0,788.0,2,2021-22,20.8,104.7,104.4,104.4,107.9,108.4,108.4,-3.1,-3.9,-3.9,0.068,0.89,10.0,0.061,0.159,0.113,11.2,11.2,0.576,0.595,0.162,0.166,100.42,100.35,83.63,100.35,0.09,2040,3.2,6.2
201568,Danilo Gallinari,Danilo,1610612737,ATL,33.0,66,35,31,0.53,1672.0633333333333,259,597,0.434,112,294,0.381,141,156,0.904,35,273,308,101,38,28,12,12,93,162,771,107,1374.1,2,0,1372.0,1,2021-22,25.3,116.4,116.0,116.0,112.8,112.6,112.6,3.6,3.4,3.4,0.086,2.66,12.5,0.021,0.161,0.092,4.7,4.7,0.528,0.579,0.182,0.186,99.53,99.77,83.14,99.77,0.099,3471,3.9,9.0
201980,Danny Green,Danny,1610612755,PHI,35.0,62,37,25,0.597,1353.405,126,320,0.394,103,271,0.38,11,14,0.786,32,125,157,64,45,60,37,11,105,25,366,80,896.4,0,0,884.0,1,2021-22,21.8,111.3,111.5,111.5,108.4,108.5,108.5,2.9,3.0,3.0,0.065,1.42,14.7,0.025,0.091,0.059,10.3,10.3,0.555,0.561,0.121,0.124,98.94,98.81,82.34,98.81,0.054,2784,2.0,5.2
1627863,Danuel House Jr.,Danuel,1610612762,UTA,29.0,42,18,24,0.429,726.9833333333333,80,198,0.404,44,117,0.376,44,58,0.759,18,93,111,44,33,21,17,12,51,47,248,62,528.2,0,0,523.0,3,2021-22,17.3,108.2,109.4,109.4,105.9,105.5,105.5,2.3,3.8,3.8,0.087,1.33,14.6,0.023,0.118,0.07,10.9,11.0,0.515,0.555,0.146,0.15,101.68,101.25,84.38,101.25,0.073,1535,1.9,4.7
1629647,Darius Bazley,Darius,1610612760,OKC,22.0,69,19,50,0.275,1923.9133333333332,274,649,0.422,80,269,0.297,117,170,0.688,71,365,436,97,90,58,70,76,68,130,745,-472,1707.7,7,0,1614.0,1,2021-22,27.9,101.3,101.8,101.8,112.4,113.1,113.1,-11.1,-11.3,-11.3,0.078,1.08,10.7,0.034,0.176,0.104,9.9,9.9,0.484,0.515,0.18,0.183,101.47,100.92,84.1,100.92,0.093,4038,4.0,9.4
1629636,Darius Garland,Darius,1610612739,CLE,22.0,68,37,31,0.544,2429.9533333333334,542,1173,0.462,174,454,0.383,215,241,0.892,39,185,224,583,248,89,7,51,115,229,1473,376,2656.3,29,1,2646.0,1,2021-22,35.7,113.0,113.6,113.6,105.9,106.9,106.9,7.1,6.6,6.6,0.378,2.35,27.8,0.017,0.074,0.046,11.8,11.8,0.536,0.576,0.272,0.278,98.15,97.42,81.19,97.42,0.134,4954,8.0,17.3
201954,Darren Collison,Darren,1610612747,LAL,34.0,3,1,2,0.333,37.16666666666666,2,7,0.286,0,3,0.0,0,0,0.0,0,4,4,2,1,1,0,0,5,1,4,-14,13.8,0,0,12.0,1,2021-22,12.4,94.7,98.9,98.9,118.4,117.2,117.2,-23.7,-18.4,-18.4,0.063,2.0,20.0,0.0,0.091,0.044,10.0,10.0,0.286,0.286,0.077,0.078,115.61,113.65,94.71,113.65,0.0,89,0.7,2.3
1630561,David Duke Jr.,David,1610612751,BKN,22.0,22,10,12,0.455,341.0733333333333,39,108,0.361,9,37,0.243,17,21,0.81,30,37,67,17,9,14,7,11,36,19,104,-10,263.9,2,0,239.0,1,2021-22,15.5,108.2,110.7,110.7,110.2,110.6,110.6,-2.0,0.1,0.1,0.066,1.89,11.8,0.077,0.105,0.09,6.3,6.3,0.403,0.444,0.15,0.152,101.8,100.48,83.74,100.48,0.053,709,1.8,4.9
1630525,David Johnson,David,1610612761,TOR,21.0,2,2,0,1.0,1.985,0,1,0.0,0,1,0.0,0,0,0.0,0,0,0,0,0,0,0,0,0,0,0,-2,0.0,0,0,0.0,1,2021-22,1.0,77.3,50.0,50.0,128.9,125.0,125.0,-51.5,-75.0,-75.0,0.0,0.0,0.0,0.0,0.0,0.0,0.0,0.0,0.0,0.0,0.143,0.205,93.82,120.91,100.76,120.91,-0.167,6,0.0,0.5
1628021,David Nwaba,David,1610612745,HOU,29.0,46,6,40,0.13,608.905,85,176,0.483,15,49,0.306,48,67,0.716,41,110,151,35,21,28,20,23,55,54,233,-117,589.7,0,0,530.0,1,2021-22,13.2,106.5,106.9,106.9,115.5,115.9,115.9,-9.0,-9.0,-9.0,0.085,1.67,13.3,0.061,0.179,0.117,8.0,8.0,0.526,0.567,0.15,0.154,103.53,103.15,85.96,103.15,0.099,1309,1.8,3.8
1630558,Davion Mitchell,Davion,1610612758,SAC,23.0,75,28,47,0.373,2075.825,352,843,0.418,101,320,0.316,56,85,0.659,33,133,166,313,114,55,24,41,141,110,861,-275,1652.7,3,0,1599.0,1,2021-22,27.7,104.5,105.3,105.3,110.4,111.3,111.3,-5.9,-6.0,-6.0,0.235,2.75,24.0,0.015,0.062,0.038,8.7,8.7,0.477,0.489,0.202,0.207,101.62,100.85,84.04,100.85,0.074,4356,4.7,11.2
202722,Davis Bertans,Davis,1610612742,DAL,29.0,56,32,24,0.571,806.29,99,275,0.36,77,230,0.335,36,40,0.9,12,105,117,31,19,17,12,3,85,39,311,30,565.9,0,0,594.0,2,2021-22,14.4,110.4,109.5,109.5,109.0,108.5,108.5,1.4,1.0,1.0,0.054,1.63,9.1,0.014,0.127,0.071,5.6,5.5,0.5,0.531,0.165,0.171,99.12,99.72,83.1,99.72,0.06,1681,1.8,4.9
1628432,Davon Reed,Davon,1610612743,DEN,27.0,48,29,19,0.604,667.8516666666667,81,161,0.503,37,86,0.43,10,15,0.667,14,94,108,53,16,24,9,4,63,13,209,-26,501.1,0,0,473.0,1,2021-22,13.9,110.1,109.8,109.8,110.0,109.5,109.5,0.1,0.3,0.3,0.115,3.31,22.6,0.021,0.14,0.081,6.8,6.8,0.618,0.624,0.117,0.122,99.9,100.3,83.58,100.3,0.083,1382,1.7,3.4
1630549,Day'Ron Sharpe,Day'Ron,1610612751,BKN,20.0,32,12,20,0.375,390.67,86,149,0.577,2,7,0.286,24,41,0.585,81,79,160,17,30,10,15,14,60,34,198,57,460.5,2,0,427.0,1,2021-22,12.2,115.4,115.6,115.6,108.8,108.8,108.8,6.6,6.9,6.9,0.062,0.57,8.0,0.197,0.198,0.198,14.1,14.0,0.584,0.593,0.205,0.21,99.8,99.71,83.09,99.71,0.111,812,2.7,4.7
1628368,De'Aaron Fox,De'Aaron,1610612758,SAC,24.0,59,22,37,0.373,2083.455,516,1092,0.473,74,249,0.297,261,348,0.75,25,206,231,330,168,68,25,49,172,284,1367,-192,2250.2,5,0,2188.0,1,2021-22,35.3,110.3,112.1,112.1,114.8,116.5,116.5,-4.5,-4.4,-4.4,0.254,1.96,19.0,0.012,0.096,0.054,9.7,9.6,0.506,0.549,0.284,0.288,103.46,101.88,84.9,101.88,0.11,4423,8.7,18.5
1629631,De'Andre Hunter,De'Andre,1610612737,ATL,24.0,53,28,25,0.528,1577.16,254,575,0.442,74,195,0.379,127,166,0.765,26,150,176,68,69,36,21,35,155,153,709,28,1124.2,2,0,1141.0,1,2021-22,29.8,114.5,114.6,114.6,113.2,113.9,113.9,1.2,0.7,0.7,0.06,0.99,8.7,0.016,0.093,0.055,8.8,8.8,0.506,0.547,0.194,0.198,100.53,100.17,83.48,100.17,0.058,3294,4.8,10.8
1629001,De'Anthony Melton,De'Anthony,1610612763,MEM,24.0,73,49,24,0.671,1656.81,281,695,0.404,139,372,0.374,90,120,0.75,64,264,328,194,112,104,39,33,128,99,791,221,1792.6,2,0,1738.0,1,2021-22,22.7,111.3,112.0,112.0,104.9,106.4,106.4,6.4,5.6,5.6,0.157,1.73,18.4,0.034,0.15,0.09,10.6,10.6,0.504,0.529,0.205,0.209,104.69,103.64,86.37,103.64,0.103,3587,3.8,9.5
201599,DeAndre Jordan,DeAndre,1610612755,PHI,33.0,48,26,22,0.542,622.41,92,143,0.643,0,0,0.0,22,40,0.55,83,181,264,21,37,12,35,6,71,43,206,-147,658.3,0,0,585.0,2,2021-22,13.0,101.3,100.7,100.7,111.2,111.5,111.5,-9.9,-10.8,-10.8,0.051,0.57,9.5,0.127,0.262,0.196,16.8,16.9,0.643,0.641,0.132,0.135,101.87,102.03,85.02,102.03,0.12,1321,1.9,3.0
1627761,DeAndre' Bembry,DeAndre',1610612749,MIL,27.0,56,31,25,0.554,1026.03,124,221,0.561,15,36,0.417,21,35,0.6,42,121,163,66,31,49,25,22,113,38,284,-27,769.6,0,0,676.0,2,2021-22,18.3,111.3,110.0,110.0,108.4,110.5,110.5,2.9,-0.6,-0.6,0.087,2.13,19.8,0.042,0.106,0.076,9.3,9.3,0.595,0.601,0.111,0.115,101.23,100.84,84.03,100.84,0.069,2149,2.2,3.9
1630610,DeJon Jarreau,DeJon,1610612754,IND,24.0,1,0,1,0.0,0.8616666666666667,0,0,0.0,0,0,0.0,0,0,0.0,0,0,0,0,0,0,0,0,0,0,0,2,0.0,0,0,0.0,1,2021-22,0.9,212.8,200.0,200.0,200.0,100.0,100.0,12.8,100.0,100.0,0.0,0.0,0.0,0.0,0.0,0.0,0.0,0.0,0.0,0.0,0.0,0.0,80.22,111.41,92.84,111.41,0.0,2,0.0,0.0
201942,DeMar DeRozan,DeMar,1610612741,CHI,32.0,76,43,33,0.566,2742.9483333333333,774,1535,0.504,50,142,0.352,520,593,0.877,56,336,392,374,181,68,24,84,178,430,2118,77,3244.4,6,0,3118.0,1,2021-22,36.1,113.4,113.1,113.1,111.7,112.0,112.0,1.7,1.1,1.1,0.228,2.07,16.0,0.021,0.122,0.072,7.8,7.7,0.521,0.59,0.308,0.319,100.01,100.04,83.37,100.04,0.148,5723,10.2,20.2
202326,DeMarcus Cousins,DeMarcus,1610612743,DEN,31.0,48,33,15,0.688,717.225,149,324,0.46,37,122,0.303,95,125,0.76,74,196,270,71,85,35,21,26,139,134,430,38,943.5,2,0,920.0,2,2021-22,14.9,113.6,113.8,113.8,112.7,111.7,111.7,0.9,2.2,2.2,0.153,0.84,13.3,0.103,0.281,0.19,16.0,15.9,0.517,0.567,0.267,0.276,100.32,100.69,83.91,100.69,0.117,1507,3.1,6.8
1629731,Dean Wade,Dean,1610612739,CLE,25.0,51,27,24,0.529,980.175,99,217,0.456,51,142,0.359,20,30,0.667,31,119,150,52,16,29,7,6,88,31,269,37,619.0,1,0,594.0,1,2021-22,19.2,105.4,105.8,105.8,103.9,103.8,103.8,1.5,2.0,2.0,0.077,3.25,17.6,0.031,0.12,0.075,5.4,5.4,0.574,0.584,0.107,0.111,97.94,97.79,81.5,97.79,0.068,1996,1.9,4.3
1629028,Deandre Ayton,Deandre,1610612756,PHX,23.0,58,46,12,0.793,1712.645,442,697,0.634,7,19,0.368,106,142,0.746,149,444,593,84,91,40,40,37,142,120,997,344,1983.6,30,0,1841.0,1,2021-22,29.5,116.8,117.2,117.2,105.7,107.7,107.7,11.1,9.6,9.6,0.071,0.92,9.0,0.093,0.241,0.172,9.7,9.7,0.639,0.656,0.217,0.22,101.73,100.62,83.85,100.62,0.148,3590,7.6,12.0
1629686,Deividas Sirvydis,Deividas,1610612765,DET,22.0,3,1,2,0.333,26.615,1,10,0.1,1,7,0.143,0,0,0.0,0,6,6,1,0,3,1,1,4,1,3,-28,23.7,0,0,19.0,1,2021-22,8.9,68.2,67.2,67.2,107.6,109.5,109.5,-39.4,-42.3,-42.3,0.063,0.0,9.1,0.0,0.2,0.09,0.0,0.0,0.15,0.15,0.149,0.154,112.0,111.82,93.18,111.82,0.007,61,0.3,3.3
1627749,Dejounte Murray,Dejounte,1610612759,SAS,25.0,68,30,38,0.441,2365.931666666667,573,1241,0.462,96,294,0.327,196,247,0.794,80,483,563,627,180,138,23,58,138,225,1438,49,3357.1,39,13,3046.0,1,2021-22,34.8,111.1,112.9,112.9,110.6,111.0,111.0,0.5,1.9,1.9,0.388,3.48,29.2,0.031,0.196,0.112,8.4,8.3,0.5,0.533,0.268,0.272,102.6,101.61,84.68,101.61,0.163,4988,8.4,18.3
1626153,Delon Wright,Delon,1610612737,ATL,30.0,77,42,35,0.545,1452.5166666666669,122,269,0.454,44,116,0.379,54,63,0.857,50,170,220,188,45,93,19,13,56,74,342,60,1179.0,0,0,1018.0,1,2021-22,18.9,112.9,111.6,111.6,109.5,108.8,108.8,3.4,2.8,2.8,0.178,4.18,35.4,0.035,0.116,0.075,8.5,8.5,0.535,0.576,0.101,0.105,98.28,99.19,82.66,99.19,0.097,2991,1.6,3.5
1630166,Deni Avdija,Deni,1610612764,WAS,21.0,82,35,47,0.427,1984.0516666666667,250,579,0.432,82,259,0.317,103,136,0.757,52,373,425,167,87,59,44,39,190,113,685,-63,1667.5,3,0,1565.0,1,2021-22,24.2,109.7,109.2,109.2,110.0,110.1,110.1,-0.3,-1.0,-1.0,0.117,1.92,18.7,0.027,0.182,0.106,9.7,9.7,0.503,0.536,0.158,0.163,99.7,99.88,83.23,99.88,0.086,4118,3.0,7.1
203471,Dennis Schröder,Dennis,1610612745,HOU,28.0,64,32,32,0.5,1837.4833333333331,312,724,0.431,86,250,0.344,157,184,0.853,34,180,214,296,143,53,8,51,154,183,867,-34,1607.8,1,0,1585.0,2,2021-22,28.7,106.1,106.9,106.9,106.4,107.9,107.9,-0.3,-1.0,-1.0,0.256,2.07,23.9,0.018,0.097,0.057,11.5,11.5,0.49,0.539,0.223,0.228,99.2,98.12,81.76,98.12,0.098,3757,4.9,11.3
1628372,Dennis Smith Jr.,Dennis,1610612757,POR,24.0,37,15,22,0.405,638.535,79,189,0.418,6,27,0.222,42,64,0.656,20,68,88,132,51,45,12,20,52,51,206,-138,629.6,0,0,546.0,1,2021-22,17.3,102.3,100.7,100.7,110.4,110.6,110.6,-8.1,-9.8,-9.8,0.311,2.59,33.3,0.029,0.107,0.066,12.9,12.7,0.434,0.474,0.173,0.181,100.94,101.67,84.73,101.67,0.095,1350,2.1,5.1
1627756,Denzel Valentine,Denzel,1610612762,UTA,28.0,24,14,10,0.583,221.99666666666667,25,66,0.379,19,47,0.404,0,0,0.0,9,33,42,11,12,8,0,1,20,2,69,-27,147.9,0,0,157.0,2,2021-22,9.2,104.7,101.9,101.9,108.1,107.0,107.0,-3.4,-5.1,-5.1,0.074,0.92,12.4,0.04,0.15,0.094,13.5,13.5,0.523,0.523,0.15,0.156,99.28,101.08,84.24,101.08,0.061,466,1.0,2.8
202324,Derrick Favors,Derrick,1610612760,OKC,30.0,39,15,24,0.385,652.46,94,182,0.516,2,16,0.125,16,25,0.64,58,126,184,25,9,17,12,7,62,26,206,-143,542.3,1,0,475.0,1,2021-22,16.7,97.0,95.5,95.5,106.4,106.5,106.5,-9.4,-11.0,-11.0,0.061,2.78,11.0,0.079,0.178,0.128,3.9,4.0,0.522,0.534,0.131,0.135,99.15,99.83,83.19,99.83,0.096,1360,2.4,4.7
1627884,Derrick Jones Jr.,Derrick,1610612741,CHI,25.0,51,28,23,0.549,899.41,105,195,0.538,20,61,0.328,56,70,0.8,60,109,169,30,30,25,33,20,105,65,286,41,677.8,0,0,621.0,1,2021-22,17.6,112.8,112.8,112.8,109.8,110.1,110.1,3.1,2.7,2.7,0.043,1.0,10.5,0.068,0.121,0.095,10.5,10.5,0.59,0.633,0.119,0.123,101.75,101.61,84.68,101.61,0.069,1899,2.1,3.8
201565,Derrick Rose,Derrick,1610612752,NYK,33.0,26,11,15,0.423,635.8633333333333,122,274,0.445,37,92,0.402,30,31,0.968,21,57,78,103,39,22,12,17,15,27,311,92,622.1,0,0,597.0,1,2021-22,24.5,108.4,109.1,109.1,100.9,103.3,103.3,7.5,5.8,5.8,0.266,2.64,24.0,0.032,0.08,0.057,9.1,9.1,0.513,0.541,0.217,0.223,98.99,97.53,81.28,97.53,0.129,1300,4.7,10.5
1628476,Derrick Walton Jr.,Derrick,1610612765,DET,27.0,3,1,2,0.333,108.22,6,26,0.231,3,13,0.231,4,4,1.0,2,8,10,21,11,7,4,1,8,4,19,-3,84.5,0,0,75.0,1,2021-22,36.1,100.7,103.5,103.5,100.5,103.0,103.0,0.2,0.5,0.5,0.269,1.91,35.0,0.015,0.068,0.04,18.3,18.4,0.288,0.342,0.142,0.142,106.03,103.35,86.12,103.35,0.048,231,2.0,8.7
1628401,Derrick White,Derrick,1610612738,BOS,27.0,75,40,35,0.533,2198.8016666666667,337,800,0.421,115,369,0.312,203,235,0.864,38,223,261,366,119,64,58,29,172,269,992,202,2101.2,2,0,1978.0,2,2021-22,29.3,110.6,111.3,111.3,105.7,106.4,106.4,4.9,4.9,4.9,0.231,3.08,26.5,0.017,0.094,0.056,8.6,8.6,0.493,0.549,0.196,0.201,101.08,100.43,83.69,100.43,0.101,4589,4.5,10.7
1630217,Desmond Bane,Desmond,1610612763,MEM,24.0,76,53,23,0.697,2266.225,508,1101,0.461,228,523,0.436,140,155,0.903,46,288,334,208,111,92,29,68,196,116,1384,361,2348.8,0,0,2396.0,1,2021-22,29.8,113.5,114.7,114.7,106.2,107.8,107.8,7.3,6.9,6.9,0.136,1.87,14.1,0.018,0.118,0.068,7.5,7.5,0.565,0.592,0.226,0.234,102.06,100.73,83.95,100.73,0.116,4770,6.7,14.5
1626164,Devin Booker,Devin,1610612756,PHX,25.0,68,56,12,0.824,2344.593333333333,662,1421,0.466,183,478,0.383,315,363,0.868,45,297,342,329,162,77,26,59,180,316,1822,469,2872.9,5,0,2882.0,1,2021-22,34.5,116.6,117.6,117.6,106.5,108.1,108.1,10.1,9.5,9.5,0.212,2.03,16.0,0.02,0.117,0.071,7.9,7.8,0.53,0.576,0.313,0.32,102.45,101.21,84.34,101.21,0.137,4943,9.7,20.9
1629962,Devin Cannady,Devin,1610612753,ORL,26.0,5,2,3,0.4,144.53333333333333,15,44,0.341,15,37,0.405,5,7,0.714,1,5,6,10,5,5,3,3,9,3,50,-11,91.2,0,0,97.0,1,2021-22,28.9,105.8,107.0,107.0,110.5,109.6,109.6,-4.7,-2.6,-2.6,0.102,2.0,16.1,0.006,0.032,0.019,8.1,8.1,0.511,0.531,0.156,0.159,99.62,99.46,82.89,99.46,0.044,298,3.0,8.8
1630170,Devin Vassell,Devin,1610612759,SAS,21.0,71,29,42,0.408,1936.8866666666668,326,764,0.427,137,380,0.361,83,99,0.838,44,262,306,136,58,76,41,26,143,93,872,32,1736.2,1,0,1685.0,1,2021-22,27.3,110.1,111.2,111.2,110.2,110.2,110.2,-0.1,1.0,1.0,0.096,2.34,13.6,0.021,0.128,0.074,5.8,5.8,0.516,0.54,0.184,0.188,103.06,102.5,85.42,102.5,0.087,4131,4.6,10.8
1629653,Devon Dotson,Devon,1610612741,CHI,22.0,11,5,6,0.455,85.17,11,23,0.478,2,9,0.222,5,9,0.556,1,8,9,15,5,1,0,2,11,7,29,-2,60.3,0,0,57.0,1,2021-22,7.7,110.3,109.6,109.6,114.9,112.0,112.0,-4.6,-2.4,-2.4,0.283,3.0,31.9,0.011,0.105,0.055,10.6,10.6,0.522,0.538,0.156,0.165,97.63,99.19,82.66,99.19,0.064,177,1.0,2.1
1629719,Devontae Cacok,Devontae,1610612759,SAS,25.0,15,5,10,0.333,121.01666666666668,21,31,0.677,0,0,0.0,4,7,0.571,8,34,42,6,3,8,7,2,16,7,46,-1,147.4,0,0,124.0,1,2021-22,8.1,104.3,104.5,104.5,106.3,106.1,106.1,-2.0,-1.6,-1.6,0.073,2.0,14.0,0.058,0.279,0.162,7.0,7.0,0.677,0.675,0.122,0.127,104.5,104.51,87.1,104.51,0.153,265,1.4,2.1
1628984,Devonte' Graham,Devonte',1610612740,NOP,27.0,76,34,42,0.447,2161.575,296,815,0.363,192,563,0.341,118,140,0.843,37,140,177,316,105,71,12,23,95,134,902,40,1732.4,0,0,1753.0,1,2021-22,28.4,110.1,111.4,111.4,110.8,111.1,111.1,-0.7,0.3,0.3,0.21,3.01,24.5,0.017,0.064,0.04,8.2,8.1,0.481,0.514,0.191,0.196,99.42,98.66,82.22,98.66,0.081,4455,3.9,10.7
203473,Dewayne Dedmon,Dewayne,1610612748,MIA,32.0,67,43,24,0.642,1065.1816666666666,164,290,0.566,19,47,0.404,75,100,0.75,105,281,386,47,70,24,42,23,174,94,422,48,1083.7,3,0,1006.0,1,2021-22,15.9,109.7,109.5,109.5,105.3,106.0,106.0,4.4,3.5,3.5,0.069,0.67,10.4,0.1,0.251,0.178,15.5,15.5,0.598,0.632,0.164,0.169,98.52,98.33,81.94,98.33,0.113,2169,2.4,4.3
1629712,Didi Louzada,Didi,1610612757,POR,22.0,9,0,9,0.0,129.36666666666667,12,33,0.364,9,23,0.391,2,2,1.0,5,12,17,5,5,2,2,3,13,2,35,-81,69.9,0,0,74.0,2,2021-22,14.4,84.6,83.0,83.0,113.5,112.1,112.1,-28.9,-29.1,-29.1,0.07,1.0,11.4,0.034,0.096,0.063,11.4,11.4,0.5,0.517,0.13,0.134,99.35,100.92,84.1,100.92,0.042,271,1.3,3.7
1628415,Dillon Brooks,Dillon,1610612763,MEM,26.0,32,22,10,0.688,885.0266666666666,227,526,0.432,46,149,0.309,90,106,0.849,29,73,102,88,50,36,8,27,105,109,590,206,926.4,0,0,914.0,1,2021-22,27.7,115.0,116.9,116.9,103.8,105.9,105.9,11.2,11.0,11.0,0.147,1.76,12.5,0.03,0.08,0.055,7.1,7.0,0.475,0.515,0.283,0.291,103.36,101.53,84.61,101.53,0.091,1872,7.1,16.4
1627734,Domantas Sabonis,Domantas,1610612758,SAC,26.0,62,21,41,0.339,2135.8366666666666,443,773,0.573,39,125,0.312,246,332,0.741,201,551,752,323,195,59,27,46,203,324,1171,-14,2620.9,46,5,2457.0,2,2021-22,34.4,108.0,109.5,109.5,110.3,110.1,110.1,-2.4,-0.6,-0.6,0.239,1.66,22.5,0.092,0.264,0.176,13.6,13.6,0.598,0.637,0.221,0.225,99.76,99.2,82.67,99.2,0.161,4420,7.1,12.5
1628378,Donovan Mitchell,Donovan,1610612762,UTA,25.0,67,41,26,0.612,2265.6116666666667,617,1376,0.448,232,654,0.355,267,313,0.853,55,227,282,358,200,99,12,47,164,274,1733,276,2741.4,3,0,2827.0,1,2021-22,33.8,116.3,117.6,117.6,109.7,111.7,111.7,6.6,5.9,5.9,0.267,1.79,17.4,0.024,0.096,0.061,9.7,9.7,0.533,0.572,0.322,0.33,100.19,98.77,82.31,98.77,0.135,4662,9.2,20.5
1628978,Donte DiVincenzo,Donte,1610612758,SAC,25.0,42,21,21,0.5,1005.4,118,336,0.351,74,218,0.339,70,83,0.843,40,130,170,118,72,48,8,11,69,78,380,-75,857.0,0,0,854.0,2,2021-22,23.9,108.0,107.5,107.5,112.0,111.2,111.2,-4.0,-3.7,-3.7,0.167,1.64,21.0,0.039,0.125,0.082,12.8,12.8,0.461,0.51,0.187,0.191,102.13,102.79,85.66,102.79,0.08,2155,2.8,8.0
1627827,Dorian Finney-Smith,Dorian,1610612742,DAL,29.0,80,51,29,0.638,2643.625,326,692,0.471,172,435,0.395,56,83,0.675,122,253,375,150,80,88,39,24,183,73,880,241,1856.0,1,0,1831.0,1,2021-22,33.0,113.3,114.8,114.8,108.1,110.4,110.4,5.2,4.4,4.4,0.08,1.88,15.6,0.047,0.095,0.072,8.3,8.3,0.595,0.604,0.138,0.139,96.46,94.83,79.03,94.83,0.076,5227,4.1,8.7
203926,Doug McDermott,Doug,1610612759,SAS,30.0,51,21,30,0.412,1223.24,215,465,0.462,108,256,0.422,40,51,0.784,18,97,115,64,43,13,6,23,79,44,578,-38,826.0,0,0,903.0,1,2021-22,24.0,111.3,112.3,112.3,114.2,114.1,114.1,-2.9,-1.8,-1.8,0.068,1.49,10.8,0.014,0.076,0.045,7.3,7.2,0.578,0.593,0.178,0.181,102.89,102.53,85.45,102.53,0.068,2617,4.2,9.1
203110,Draymond Green,Draymond,1610612744,GSW,32.0,46,34,12,0.739,1328.9633333333334,135,257,0.525,16,54,0.296,60,91,0.659,45,291,336,320,139,61,50,15,136,92,346,191,1423.2,4,1,1240.0,1,2021-22,28.9,108.9,110.0,110.0,101.7,102.8,102.8,7.2,7.2,7.2,0.325,2.3,42.2,0.034,0.204,0.122,18.3,18.4,0.556,0.582,0.14,0.141,102.28,101.2,84.34,101.2,0.119,2797,2.9,5.6
1629234,Drew Eubanks,Drew,1610612757,POR,25.0,71,19,52,0.268,1244.6083333333331,221,371,0.596,5,23,0.217,99,130,0.762,130,252,382,85,81,31,40,26,122,147,546,-326,1263.9,7,0,1160.0,2,2021-22,17.5,102.2,103.1,103.1,114.7,115.9,115.9,-12.5,-12.8,-12.8,0.107,1.05,14.3,0.097,0.197,0.146,13.6,13.6,0.602,0.638,0.171,0.174,101.71,100.74,83.95,100.74,0.119,2616,3.1,5.2
1630613,Duane Washington Jr.,Duane,1610612754,IND,22.0,48,12,36,0.25,967.99,173,427,0.405,81,215,0.377,46,61,0.754,4,79,83,85,57,26,3,29,66,65,473,-125,730.1,0,0,780.0,1,2021-22,20.2,109.6,110.2,110.2,117.6,116.1,116.1,-8.0,-5.9,-5.9,0.128,1.49,14.3,0.004,0.082,0.042,9.6,9.6,0.5,0.521,0.214,0.221,102.96,103.32,86.1,103.32,0.064,2083,3.6,8.9
1629130,Duncan Robinson,Duncan,1610612748,MIA,28.0,79,52,27,0.658,2042.77,290,726,0.399,232,624,0.372,51,61,0.836,24,179,203,129,60,42,14,19,201,82,863,106,1408.1,0,0,1539.0,1,2021-22,25.9,109.3,110.4,110.4,106.6,107.9,107.9,2.6,2.6,2.6,0.095,2.15,13.8,0.012,0.089,0.05,6.4,6.4,0.559,0.573,0.174,0.178,97.56,96.48,80.4,96.48,0.067,4106,3.7,9.2
2730,Dwight Howard,Dwight,1610612747,LAL,36.0,60,21,39,0.35,970.7233333333334,134,219,0.612,8,15,0.533,96,146,0.658,118,238,356,35,47,34,36,22,115,120,372,-128,1014.7,5,0,911.0,1,2021-22,16.2,107.6,109.3,109.3,114.6,115.0,115.0,-7.0,-5.7,-5.7,0.049,0.74,9.5,0.12,0.246,0.182,12.8,12.9,0.63,0.657,0.145,0.146,101.06,100.13,83.44,100.13,0.112,2019,2.2,3.7
203939,Dwight Powell,Dwight,1610612742,DAL,30.0,82,52,30,0.634,1798.1966666666667,269,401,0.671,13,37,0.351,166,212,0.783,173,231,404,97,64,37,39,25,220,242,717,74,1511.3,2,0,1383.0,1,2021-22,21.9,112.3,113.2,113.2,109.6,110.6,110.6,2.6,2.5,2.5,0.081,1.52,15.1,0.099,0.134,0.116,10.0,9.8,0.687,0.725,0.136,0.141,95.94,95.12,79.27,95.12,0.102,3556,3.3,4.9
1629685,Dylan Windler,Dylan,1610612739,CLE,25.0,50,28,22,0.56,459.2366666666667,37,98,0.378,21,70,0.3,15,18,0.833,21,68,89,34,16,14,3,4,47,18,110,-9,302.8,0,0,288.0,1,2021-22,9.2,103.2,101.6,101.6,103.3,101.6,101.6,-0.2,0.0,0.0,0.111,2.13,21.8,0.047,0.146,0.098,10.3,10.3,0.485,0.519,0.115,0.12,95.9,97.47,81.22,97.47,0.069,928,0.7,2.0
202334,Ed Davis,Ed,1610612739,CLE,33.0,31,15,16,0.484,201.3583333333333,11,16,0.688,0,0,0.0,6,14,0.429,14,50,64,7,5,3,9,1,33,11,28,16,146.3,0,0,123.0,1,2021-22,6.5,100.0,99.5,99.5,97.4,94.9,94.9,2.6,4.6,4.6,0.053,1.4,20.0,0.072,0.23,0.155,14.3,14.6,0.688,0.632,0.062,0.061,95.61,97.14,80.95,97.14,0.075,406,0.4,0.5
203901,Elfrid Payton,Elfrid,1610612756,PHX,28.0,50,39,11,0.78,549.11,67,175,0.383,4,18,0.222,12,32,0.375,21,67,88,99,47,25,6,28,38,28,150,-43,450.1,0,0,403.0,1,2021-22,11.0,103.7,103.0,103.0,107.1,105.0,105.0,-3.4,-2.0,-2.0,0.252,2.11,29.6,0.035,0.115,0.075,14.0,14.0,0.394,0.397,0.175,0.181,100.95,102.32,85.27,102.32,0.067,1161,1.3,3.5
1630190,Elijah Hughes,Elijah,1610612757,POR,24.0,36,15,21,0.417,434.465,47,144,0.326,25,95,0.263,7,9,0.778,6,52,58,22,17,14,8,3,39,20,126,-230,277.6,0,0,275.0,2,2021-22,12.1,98.1,98.2,98.2,121.6,121.8,121.8,-23.5,-23.7,-23.7,0.079,1.29,11.8,0.013,0.118,0.065,9.1,9.1,0.413,0.426,0.158,0.163,102.32,102.19,85.16,102.19,0.037,920,1.3,4.0
1629150,Emanuel Terry,Emanuel,1610612756,PHX,25.0,3,2,1,0.667,18.21,0,5,0.0,0,0,0.0,0,0,0.0,8,7,15,2,5,1,0,0,4,1,0,-19,19.0,0,0,19.0,1,2021-22,6.1,60.4,60.0,60.0,115.7,110.3,110.3,-55.4,-50.3,-50.3,0.222,0.4,16.7,0.286,0.389,0.326,41.7,41.7,0.0,0.0,0.189,0.197,101.38,104.12,86.77,104.12,0.0,40,0.0,1.7
1626144,Emmanuel Mudiay,Emmanuel,1610612758,SAC,26.0,2,0,2,0.0,10.983333333333333,0,2,0.0,0,0,0.0,3,4,0.75,0,0,0,4,1,1,0,0,1,2,3,-7,11.0,0,0,9.0,1,2021-22,5.5,92.8,84.0,84.0,110.2,107.7,107.7,-17.5,-23.7,-23.7,0.571,4.0,44.4,0.0,0.0,0.0,11.1,11.4,0.0,0.399,0.192,0.201,104.97,111.44,92.87,111.44,0.067,25,0.0,1.0
202683,Enes Freedom,Enes,1610612738,BOS,30.0,35,20,15,0.571,411.3683333333333,51,97,0.526,2,5,0.4,24,28,0.857,61,99,160,8,20,5,14,16,42,27,128,70,369.0,2,0,336.0,1,2021-22,11.8,111.6,111.6,111.6,103.8,103.8,103.8,7.7,7.8,7.8,0.027,0.4,5.9,0.143,0.219,0.182,14.7,14.6,0.536,0.585,0.129,0.135,98.58,98.6,82.16,98.6,0.105,847,1.5,2.8
202339,Eric Bledsoe,Eric,1610612757,POR,32.0,54,27,27,0.5,1360.6166666666666,197,468,0.421,51,163,0.313,89,117,0.761,28,154,182,225,116,69,19,19,85,146,534,-40,1237.9,2,0,1168.0,1,2021-22,25.2,104.6,105.2,105.2,106.0,106.4,106.4,-1.4,-1.2,-1.2,0.251,1.94,26.3,0.02,0.105,0.063,13.6,13.5,0.475,0.514,0.198,0.204,100.33,99.8,83.17,99.8,0.095,2826,3.6,8.7
201569,Eric Gordon,Eric,1610612745,HOU,33.0,57,19,38,0.333,1669.53,268,564,0.475,124,301,0.412,105,135,0.778,15,98,113,154,107,28,18,25,63,102,765,-176,1162.6,0,0,1248.0,1,2021-22,29.3,107.4,108.6,108.6,113.5,113.6,113.6,-6.1,-5.1,-5.1,0.137,1.44,17.5,0.009,0.056,0.033,12.2,12.1,0.585,0.614,0.182,0.187,103.39,102.74,85.62,102.74,0.081,3576,4.7,9.9
1629672,Eric Paschall,Eric,1610612762,UTA,25.0,58,36,22,0.621,736.5066666666667,114,235,0.485,40,108,0.37,66,86,0.767,30,76,106,36,27,9,5,22,51,60,334,-29,530.2,0,0,544.0,1,2021-22,12.7,109.2,108.9,108.9,111.2,111.3,111.3,-2.0,-2.3,-2.3,0.074,1.33,10.8,0.042,0.1,0.072,8.1,8.0,0.57,0.612,0.174,0.181,99.06,99.13,82.61,99.13,0.085,1524,2.0,4.1
1630647,Eugene Omoruyi,Eugene,1610612742,DAL,25.0,4,1,3,0.25,17.816666666666666,2,5,0.4,1,2,0.5,2,4,0.5,2,5,7,2,0,0,0,0,2,2,7,3,18.4,0,0,17.0,1,2021-22,4.5,105.5,100.0,100.0,99.8,88.1,88.1,5.7,11.9,11.9,0.167,0.0,22.2,0.111,0.278,0.194,0.0,0.0,0.5,0.518,0.156,0.158,101.03,110.46,92.05,110.46,0.138,40,0.5,1.3
203095,Evan Fournier,Evan,1610612752,NYK,29.0,80,36,44,0.45,2357.9666666666667,402,965,0.417,241,619,0.389,80,113,0.708,34,176,210,171,105,79,20,31,180,98,1125,-93,1825.5,0,0,1945.0,1,2021-22,29.5,108.3,109.7,109.7,111.1,112.5,112.5,-2.7,-2.7,-2.7,0.114,1.63,13.3,0.013,0.073,0.042,8.2,8.1,0.541,0.554,0.201,0.206,99.16,97.94,81.61,97.94,0.074,4828,5.0,12.1
1630596,Evan Mobley,Evan,1610612739,CLE,21.0,69,40,29,0.58,2331.036666666667,422,830,0.508,23,92,0.25,167,252,0.663,143,427,570,174,133,56,115,50,147,210,1034,95,2359.0,21,0,2143.0,1,2021-22,33.8,108.7,108.5,108.5,105.9,106.8,106.8,2.8,1.7,1.7,0.117,1.31,14.0,0.063,0.174,0.12,10.7,10.7,0.522,0.549,0.201,0.206,97.8,97.5,81.25,97.5,0.116,4741,6.1,12.0
1630267,Facundo Campazzo,Facundo,1610612743,DEN,31.0,65,38,27,0.585,1184.05,107,296,0.361,58,193,0.301,60,78,0.769,23,94,117,220,67,63,23,9,124,111,332,-212,993.4,2,0,899.0,1,2021-22,18.2,102.2,102.1,102.1,110.8,110.7,110.7,-8.7,-8.6,-8.6,0.276,3.28,35.7,0.019,0.08,0.048,10.9,10.9,0.459,0.503,0.143,0.148,99.32,99.38,82.82,99.38,0.073,2451,1.6,4.6
1630624,Feron Hunt,Feron,1610612752,NYK,22.0,2,2,0,1.0,8.366666666666667,0,2,0.0,0,0,0.0,0,0,0.0,1,0,1,1,1,1,0,0,1,0,0,-1,4.7,0,0,4.0,1,2021-22,4.2,75.1,72.2,72.2,74.2,82.4,82.4,0.9,-10.1,-10.1,0.2,1.0,25.0,0.091,0.0,0.042,25.0,25.0,0.0,0.0,0.136,0.148,103.84,100.4,83.67,100.4,-0.083,18,0.0,1.0
1628402,Frank Jackson,Frank,1610612765,DET,24.0,53,9,44,0.17,1163.96,194,483,0.402,86,279,0.308,86,104,0.827,19,68,87,55,38,27,9,25,89,84,560,-185,816.9,0,0,860.0,1,2021-22,22.0,103.0,104.1,104.1,110.8,110.9,110.9,-7.8,-6.8,-6.8,0.077,1.45,8.9,0.015,0.058,0.036,6.2,6.1,0.491,0.53,0.203,0.209,101.76,101.18,84.32,101.18,0.064,2445,3.7,9.1
1626163,Frank Kaminsky,Frank,1610612756,PHX,29.0,9,8,1,0.889,180.93833333333333,36,66,0.545,5,15,0.333,18,20,0.9,11,30,41,13,5,8,7,3,14,19,95,39,203.7,0,0,184.0,1,2021-22,20.1,105.7,105.5,105.5,96.4,96.0,96.0,9.2,9.6,9.6,0.105,2.6,14.1,0.06,0.144,0.105,5.4,5.4,0.583,0.635,0.185,0.193,105.14,105.45,87.88,105.45,0.141,398,4.0,7.3
1628373,Frank Ntilikina,Frank,1610612742,DAL,23.0,58,34,24,0.586,684.655,89,223,0.399,38,111,0.342,24,25,0.96,12,67,79,69,31,27,7,10,61,36,240,63,509.3,0,0,494.0,1,2021-22,11.8,107.0,106.6,106.6,102.9,102.3,102.3,4.1,4.3,4.3,0.149,2.23,20.7,0.016,0.094,0.055,9.3,9.3,0.484,0.513,0.165,0.171,98.81,99.2,82.67,99.2,0.073,1416,1.5,3.8
1630532,Franz Wagner,Franz,1610612753,ORL,20.0,79,21,58,0.266,2429.0466666666666,456,975,0.468,96,271,0.354,189,219,0.863,84,272,356,231,119,68,34,85,164,189,1197,-244,2157.7,2,0,2084.0,1,2021-22,30.7,104.6,105.9,105.9,109.5,110.8,110.8,-5.0,-4.9,-4.9,0.151,1.94,16.2,0.033,0.106,0.069,8.4,8.4,0.517,0.559,0.208,0.211,101.34,100.13,83.44,100.13,0.102,5070,5.8,12.3
1627832,Fred VanVleet,Fred,1610612761,TOR,28.0,65,39,26,0.6,2462.0216666666665,442,1097,0.403,242,642,0.377,194,222,0.874,44,245,289,434,170,111,35,51,162,195,1320,212,2585.8,10,1,2577.0,1,2021-22,37.9,110.3,112.2,112.2,106.7,108.5,108.5,3.6,3.7,3.7,0.266,2.55,24.3,0.016,0.1,0.057,9.5,9.5,0.513,0.552,0.233,0.239,98.64,96.97,80.81,96.97,0.118,4986,6.8,16.9
1630273,Freddie Gillespie,Freddie,1610612753,ORL,25.0,9,1,8,0.111,118.685,9,22,0.409,0,1,0.0,3,7,0.429,13,23,36,5,5,3,9,5,18,16,21,-29,102.7,0,0,86.0,1,2021-22,13.2,96.5,96.7,96.7,110.2,110.4,110.4,-13.6,-13.6,-13.6,0.061,1.0,14.3,0.099,0.183,0.14,14.3,14.3,0.409,0.419,0.109,0.113,98.45,98.28,81.9,98.28,0.057,245,1.0,2.4
1627788,Furkan Korkmaz,Furkan,1610612755,PHI,24.0,67,44,23,0.657,1413.7816666666668,182,470,0.387,77,266,0.289,68,84,0.81,22,153,175,127,48,33,9,18,58,84,509,31,987.5,1,0,972.0,1,2021-22,21.1,108.8,108.8,108.8,107.6,108.0,108.0,1.2,0.8,0.8,0.129,2.65,18.6,0.015,0.104,0.061,7.0,7.0,0.469,0.502,0.17,0.174,99.55,99.33,82.77,99.33,0.076,2929,2.7,7.0
1629216,Gabe Vincent,Gabe,1610612748,MIA,26.0,68,47,21,0.691,1588.945,214,513,0.417,119,323,0.368,44,54,0.815,22,104,126,210,98,62,12,19,158,86,591,99,1181.2,0,0,1194.0,1,2021-22,23.4,109.8,109.1,109.1,105.6,106.0,106.0,4.3,3.1,3.1,0.198,2.14,24.9,0.014,0.064,0.04,11.6,11.6,0.533,0.551,0.174,0.18,97.51,97.65,81.37,97.65,0.07,3232,3.1,7.5
1628221,Gabe York,Gabe,1610612754,IND,28.0,2,0,2,0.0,21.305,2,7,0.286,1,6,0.167,3,5,0.6,0,2,2,4,1,2,1,0,4,3,8,-4,24.4,0,0,21.0,1,2021-22,10.7,109.9,105.8,105.8,120.0,120.4,120.4,-10.1,-14.6,-14.6,0.222,4.0,28.6,0.0,0.143,0.061,7.1,7.0,0.357,0.435,0.179,0.2,111.75,113.78,94.81,113.78,0.044,52,1.0,3.5
1630466,Gabriel Deck,Gabriel,1610612760,OKC,27.0,7,2,5,0.286,55.605,8,14,0.571,2,4,0.5,0,0,0.0,1,5,6,5,2,1,0,0,2,0,18,-14,33.7,0,0,33.0,1,2021-22,7.9,102.3,100.0,100.0,112.2,113.6,113.6,-9.9,-13.6,-13.6,0.147,2.5,23.8,0.017,0.077,0.048,9.5,9.5,0.643,0.643,0.119,0.126,102.21,102.72,85.6,102.72,0.082,120,1.1,2.0
1630994,Gabriel Lundberg,Gabriel,1610612756,PHX,27.0,4,1,3,0.25,44.2,5,19,0.263,3,8,0.375,0,0,0.0,2,5,7,11,3,3,0,2,7,3,13,19,43.9,0,0,40.0,1,2021-22,11.1,116.8,121.4,121.4,104.3,103.1,103.1,12.5,18.3,18.3,0.268,3.67,33.3,0.04,0.119,0.076,9.1,9.1,0.342,0.342,0.191,0.195,107.34,105.88,88.24,105.88,0.047,98,1.3,4.8
202066,Garrett Temple,Garrett,1610612740,NOP,36.0,59,23,36,0.39,1098.4083333333333,111,295,0.376,59,185,0.319,28,41,0.683,29,114,143,74,42,43,23,13,81,52,309,-326,747.6,0,0,717.0,1,2021-22,18.6,101.3,101.0,101.0,115.2,114.7,114.7,-13.9,-13.7,-13.7,0.102,1.76,17.2,0.024,0.106,0.063,9.8,9.8,0.476,0.494,0.136,0.14,99.0,99.35,82.79,99.35,0.057,2267,1.9,5.0
1629726,Garrison Mathews,Garrison,1610612745,HOU,25.0,65,19,46,0.292,1711.888333333333,184,461,0.399,139,386,0.36,143,180,0.794,32,158,190,64,41,57,24,16,168,172,650,-218,1176.0,0,0,1205.0,1,2021-22,26.3,108.7,110.7,110.7,115.8,116.5,116.5,-7.1,-5.9,-5.9,0.052,1.56,10.2,0.018,0.093,0.054,6.5,6.4,0.55,0.602,0.137,0.143,103.76,102.47,85.39,102.47,0.061,3653,2.8,7.1
1629109,Gary Clark,Gary,1610612740,NOP,27.0,38,20,18,0.526,378.2216666666667,33,88,0.375,28,70,0.4,7,10,0.7,23,67,90,18,10,13,7,6,20,9,101,-18,286.0,0,0,277.0,1,2021-22,10.0,108.3,105.6,105.6,107.8,107.8,107.8,0.5,-2.1,-2.1,0.067,1.8,14.9,0.057,0.174,0.115,8.3,8.3,0.534,0.547,0.11,0.116,99.94,101.21,84.34,101.21,0.087,797,0.9,2.3
203914,Gary Harris,Gary,1610612753,ORL,27.0,61,16,45,0.262,1730.2033333333334,240,553,0.434,116,302,0.384,83,95,0.874,36,86,122,108,61,59,9,30,112,73,679,-209,1130.4,0,0,1161.0,1,2021-22,28.4,103.0,104.2,104.2,109.3,110.1,110.1,-6.3,-5.9,-5.9,0.094,1.77,14.2,0.02,0.048,0.034,8.0,8.0,0.539,0.571,0.16,0.164,101.65,100.66,83.89,100.66,0.066,3631,3.9,9.1
1627780,Gary Payton II,Gary,1610612744,GSW,29.0,71,47,24,0.662,1247.685,212,344,0.616,43,120,0.358,35,58,0.603,72,175,247,64,40,96,22,9,131,52,502,179,1208.4,1,0,1092.0,1,2021-22,17.6,111.4,110.6,110.6,100.9,102.3,102.3,10.4,8.3,8.3,0.076,1.6,13.5,0.058,0.132,0.097,8.4,8.4,0.679,0.679,0.14,0.145,100.68,100.35,83.63,100.35,0.114,2591,3.0,4.8
1629018,Gary Trent Jr.,Gary,1610612761,TOR,23.0,70,44,26,0.629,2447.901666666666,450,1086,0.414,209,545,0.383,174,204,0.853,26,165,191,141,73,122,19,44,144,152,1283,170,2073.7,0,0,2106.0,1,2021-22,35.0,111.7,113.5,113.5,108.9,110.2,110.2,2.8,3.3,3.3,0.085,1.93,10.2,0.01,0.07,0.038,5.3,5.3,0.511,0.546,0.212,0.218,99.28,97.94,81.61,97.94,0.086,4997,6.4,15.5
201588,George Hill,George,1610612749,MIL,36.0,54,36,18,0.667,1253.2033333333334,118,275,0.429,41,134,0.306,57,62,0.919,38,117,155,120,41,42,6,15,70,62,334,313,803.0,0,0,746.0,1,2021-22,23.2,112.3,112.5,112.5,101.2,100.8,100.8,11.0,11.7,11.7,0.124,2.93,25.9,0.029,0.084,0.058,8.9,8.8,0.504,0.552,0.115,0.117,101.4,101.54,84.62,101.54,0.073,2652,2.2,5.1
1628994,George King,George,1610612742,DAL,28.0,4,2,2,0.5,19.161666666666665,0,5,0.0,0,4,0.0,1,2,0.5,0,5,5,0,1,0,0,1,4,1,1,-27,6.0,0,0,6.0,1,2021-22,4.8,90.4,87.8,87.8,138.9,150.0,150.0,-48.5,-62.2,-62.2,0.0,0.0,0.0,0.0,0.25,0.132,14.3,14.5,0.0,0.085,0.159,0.168,106.71,103.96,86.63,103.96,-0.065,41,0.0,1.3
1627777,Georges Niang,Georges,1610612755,PHI,29.0,76,48,28,0.632,1736.378333333333,246,563,0.437,156,387,0.403,52,59,0.881,25,178,203,102,59,30,13,27,190,61,700,67,1166.6,0,0,1247.0,1,2021-22,22.8,109.9,110.9,110.9,109.2,109.0,109.0,0.8,1.9,1.9,0.09,1.73,13.7,0.014,0.097,0.057,7.9,7.9,0.575,0.594,0.16,0.165,99.18,98.83,82.36,98.83,0.066,3575,3.2,7.4
1630686,Georgios Kalaitzakis,Georgios,1610612760,OKC,23.0,13,8,5,0.615,213.47833333333327,31,67,0.463,10,26,0.385,14,30,0.467,6,15,21,12,20,11,2,0,19,21,86,-134,148.2,0,0,155.0,2,2021-22,16.4,95.4,95.7,95.7,124.8,124.9,124.9,-29.4,-29.3,-29.3,0.09,0.6,10.7,0.026,0.074,0.048,17.9,17.8,0.537,0.536,0.2,0.205,99.83,99.61,83.01,99.61,0.043,441,2.4,5.2
203507,Giannis Antetokounmpo,Giannis,1610612749,MIL,27.0,67,45,22,0.672,2204.225,689,1245,0.553,71,242,0.293,553,766,0.722,134,644,778,388,219,72,91,63,212,587,2002,397,3787.6,46,4,3565.0,1,2021-22,32.9,115.5,115.9,115.9,107.8,107.9,107.9,7.7,8.0,8.0,0.304,1.77,17.8,0.06,0.267,0.168,10.0,10.0,0.582,0.633,0.34,0.347,103.36,103.12,85.93,103.12,0.21,4743,10.3,18.6
1629048,Goga Bitadze,Goga,1610612754,IND,22.0,50,17,33,0.34,728.9133333333333,131,252,0.52,23,80,0.288,64,94,0.681,79,98,177,55,46,21,42,24,107,83,349,-32,786.9,2,0,730.0,1,2021-22,14.6,113.1,114.0,114.0,115.9,116.4,116.4,-2.7,-2.4,-2.4,0.11,1.2,14.0,0.106,0.139,0.122,11.7,11.7,0.565,0.595,0.191,0.197,101.33,100.69,83.91,100.69,0.088,1531,2.6,5.0
201609,Goran Dragic,Goran,1610612751,BKN,36.0,21,10,11,0.476,497.4983333333333,57,151,0.377,16,63,0.254,27,33,0.818,13,52,65,86,34,19,4,9,45,38,157,6,399.0,0,0,370.0,2,2021-22,23.7,111.9,112.1,112.1,111.1,111.7,111.7,0.8,0.4,0.4,0.227,2.53,30.1,0.027,0.104,0.066,11.9,11.9,0.43,0.474,0.166,0.17,102.7,102.37,85.31,102.37,0.072,1062,2.7,7.2
202330,Gordon Hayward,Gordon,1610612766,CHA,32.0,49,26,23,0.531,1563.8733333333332,283,617,0.459,86,220,0.391,126,149,0.846,38,186,224,177,81,47,22,27,85,143,778,-20,1438.3,1,0,1403.0,1,2021-22,31.9,109.6,110.7,110.7,110.1,111.0,111.0,-0.5,-0.4,-0.4,0.16,2.19,18.8,0.022,0.114,0.067,8.6,8.6,0.528,0.57,0.202,0.205,103.94,102.99,85.83,102.99,0.102,3352,5.8,12.6
203476,Gorgui Dieng,Gorgui,1610612737,ATL,32.0,44,23,21,0.523,371.1816666666667,53,112,0.473,29,68,0.426,19,26,0.731,32,89,121,34,20,11,13,5,52,29,154,-63,402.2,0,0,386.0,1,2021-22,8.4,103.3,100.3,100.3,111.1,109.5,109.5,-7.8,-9.2,-9.2,0.155,1.7,19.2,0.083,0.238,0.16,11.3,11.3,0.603,0.624,0.164,0.173,97.98,100.22,83.52,100.22,0.118,779,1.2,2.5
1629684,Grant Williams,Grant,1610612738,BOS,23.0,77,49,28,0.636,1875.08,205,432,0.475,106,258,0.411,86,95,0.905,64,210,274,78,62,38,57,18,186,103,602,146,1270.8,1,0,1250.0,1,2021-22,24.4,111.9,112.5,112.5,106.7,108.0,108.0,5.2,4.5,4.5,0.058,1.26,12.8,0.035,0.107,0.072,10.2,10.1,0.597,0.635,0.123,0.127,99.24,98.4,82.0,98.4,0.067,3832,2.7,5.6
1628960,Grayson Allen,Grayson,1610612749,MIL,26.0,66,43,23,0.652,1804.755,255,569,0.448,159,389,0.409,64,74,0.865,32,190,222,100,43,46,18,25,96,65,733,233,1298.4,0,0,1342.0,1,2021-22,27.3,112.2,112.5,112.5,107.1,107.5,107.5,5.1,5.0,5.0,0.075,2.33,13.6,0.017,0.097,0.058,5.8,5.8,0.588,0.609,0.148,0.153,102.06,101.69,84.74,101.69,0.081,3842,3.9,8.6
1630535,Greg Brown III,Greg,1610612757,POR,20.0,48,14,34,0.292,639.8266666666667,81,190,0.426,19,61,0.311,44,65,0.677,38,97,135,35,36,26,24,18,90,55,225,-241,553.5,0,0,514.0,1,2021-22,13.3,99.7,99.1,99.1,115.6,116.8,116.8,-15.9,-17.6,-17.6,0.087,0.97,12.0,0.057,0.15,0.103,12.4,12.4,0.476,0.515,0.168,0.172,102.19,101.99,84.99,101.99,0.064,1359,1.7,4.0
202328,Greg Monroe,Greg,1610612750,MIN,32.0,14,7,7,0.5,194.78833333333333,32,57,0.561,0,0,0.0,12,23,0.522,30,34,64,22,12,8,10,10,24,18,76,5,227.8,0,0,198.0,4,2021-22,13.9,111.7,109.8,109.8,110.6,108.9,108.9,1.0,0.9,0.9,0.162,1.83,21.8,0.141,0.176,0.158,11.9,11.9,0.561,0.566,0.164,0.171,101.22,102.88,85.73,102.88,0.11,418,2.3,4.1
1628977,Hamidou Diallo,Hamidou,1610612765,DET,23.0,58,14,44,0.241,1268.8216666666667,261,526,0.496,23,93,0.247,91,140,0.65,69,208,277,73,58,71,17,25,143,125,636,-211,1283.9,5,0,1185.0,1,2021-22,21.9,101.5,103.1,103.1,109.4,110.7,110.7,-7.9,-7.6,-7.6,0.098,1.26,10.2,0.049,0.162,0.103,8.1,8.1,0.518,0.541,0.213,0.216,102.1,100.69,83.9,100.69,0.107,2657,4.5,9.1
203084,Harrison Barnes,Harrison,1610612758,SAC,30.0,77,27,50,0.351,2586.728333333333,391,834,0.469,142,360,0.394,341,413,0.826,82,350,432,186,118,53,14,48,94,311,1265,-374,2145.4,5,0,2159.0,1,2021-22,33.6,108.3,110.0,110.0,115.4,116.7,116.7,-7.1,-6.7,-6.7,0.103,1.58,14.2,0.031,0.135,0.082,9.0,8.9,0.554,0.623,0.184,0.188,102.55,101.14,84.28,101.14,0.105,5446,5.1,10.8
202355,Hassan Whiteside,Hassan,1610612762,UTA,33.0,65,40,25,0.615,1162.2483333333332,215,330,0.652,0,0,0.0,104,167,0.623,166,328,494,26,53,22,103,30,179,155,534,230,1487.8,14,0,1304.0,1,2021-22,17.9,117.9,119.2,119.2,109.1,109.0,109.0,8.8,10.1,10.1,0.031,0.49,5.4,0.142,0.275,0.209,11.0,11.0,0.652,0.662,0.164,0.167,100.21,99.72,83.1,99.72,0.132,2408,3.3,5.1
1629755,Hassani Gravett,Hassani,1610612753,ORL,25.0,8,2,6,0.25,171.095,18,38,0.474,11,26,0.423,3,4,0.75,1,20,21,20,9,5,1,3,13,8,50,-2,114.2,0,0,114.0,1,2021-22,21.4,107.3,105.8,105.8,108.2,107.6,107.6,-0.9,-1.8,-1.8,0.177,2.22,29.0,0.006,0.114,0.063,13.0,13.1,0.618,0.629,0.13,0.133,95.05,95.95,79.96,95.95,0.084,344,2.3,4.8
1629312,Haywood Highsmith,Haywood,1610612748,MIA,25.0,19,13,6,0.684,163.32666666666665,16,46,0.348,9,28,0.321,2,5,0.4,10,16,26,6,3,2,3,3,13,4,43,-37,95.2,0,0,94.0,1,2021-22,8.6,107.0,105.6,105.6,115.5,114.0,114.0,-8.5,-8.5,-8.5,0.052,2.0,10.5,0.056,0.097,0.076,5.3,5.2,0.446,0.446,0.131,0.136,100.24,101.54,84.62,101.54,0.036,342,0.8,2.4
1630529,Herbert Jones,Herbert,1610612740,NOP,23.0,78,36,42,0.462,2335.1833333333334,274,576,0.476,57,169,0.337,137,163,0.84,98,198,296,167,100,130,60,55,238,137,742,68,1817.7,1,0,1642.0,1,2021-22,29.9,110.9,112.2,112.2,109.6,110.2,110.2,1.3,2.0,2.0,0.097,1.67,18.3,0.041,0.086,0.063,10.9,10.9,0.525,0.573,0.136,0.138,99.76,98.84,82.37,98.84,0.068,4796,3.5,7.4
1629649,Ignas Brazdeikis,Ignas,1610612753,ORL,23.0,42,9,33,0.214,535.5916666666667,81,188,0.431,27,87,0.31,21,32,0.656,23,49,72,37,17,10,3,12,48,34,210,-173,373.9,0,0,372.0,1,2021-22,12.8,101.1,100.6,100.6,117.0,116.4,116.4,-16.0,-15.7,-15.7,0.11,2.18,14.4,0.038,0.09,0.062,6.6,6.6,0.503,0.52,0.172,0.178,101.08,101.58,84.65,101.58,0.061,1136,1.9,4.5
1630193,Immanuel Quickley,Immanuel,1610612752,NYK,23.0,78,35,43,0.449,1802.4333333333332,284,724,0.392,137,396,0.346,177,201,0.881,31,216,247,275,99,54,3,33,167,155,882,264,1662.9,4,2,1655.0,1,2021-22,23.1,111.4,111.4,111.4,103.3,104.8,104.8,8.1,6.6,6.6,0.244,2.78,23.3,0.017,0.114,0.066,8.4,8.3,0.487,0.543,0.217,0.225,96.93,96.27,80.22,96.27,0.11,3626,3.6,9.3
1629067,Isaac Bonga,Isaac,1610612761,TOR,22.0,15,9,6,0.6,68.65666666666667,3,13,0.231,1,4,0.25,5,8,0.625,4,3,7,4,2,8,2,2,10,5,12,-32,54.4,0,0,44.0,1,2021-22,4.6,87.6,84.1,84.1,107.3,106.7,106.7,-19.7,-22.6,-22.6,0.089,2.0,17.4,0.043,0.038,0.041,8.7,8.9,0.269,0.363,0.108,0.112,102.48,104.87,87.39,104.87,0.021,151,0.2,0.9
1630171,Isaac Okoro,Isaac,1610612739,CLE,21.0,67,34,33,0.507,1980.9016666666664,207,431,0.48,55,157,0.35,119,155,0.768,72,129,201,121,58,56,22,31,164,127,588,99,1186.7,0,0,1121.0,1,2021-22,29.6,112.3,112.4,112.4,108.5,109.3,109.3,3.8,3.1,3.1,0.083,2.09,17.8,0.037,0.065,0.052,8.5,8.6,0.544,0.589,0.123,0.125,97.96,97.54,81.29,97.54,0.057,4014,3.1,6.4
1628392,Isaiah Hartenstein,Isaiah,1610612746,LAC,24.0,68,37,31,0.544,1215.7983333333334,229,366,0.626,14,30,0.467,91,132,0.689,117,215,332,160,84,50,77,18,167,135,563,169,1498.4,2,0,1323.0,1,2021-22,17.9,111.5,112.1,112.1,105.4,105.0,105.0,6.1,7.0,7.0,0.193,1.9,24.0,0.097,0.158,0.13,12.6,12.6,0.645,0.664,0.177,0.183,100.81,100.73,83.94,100.73,0.132,2547,3.4,5.4
1630543,Isaiah Jackson,Isaiah,1610612754,IND,20.0,36,9,27,0.25,541.045,116,206,0.563,5,16,0.313,60,88,0.682,60,89,149,10,40,25,52,9,92,73,297,-39,681.8,3,0,615.0,1,2021-22,15.0,112.2,113.3,113.3,116.9,116.1,116.1,-4.7,-2.8,-2.8,0.027,0.25,3.4,0.109,0.157,0.133,13.6,13.6,0.575,0.607,0.214,0.219,103.13,103.0,85.83,103.0,0.093,1158,3.2,5.7
1630198,Isaiah Joe,Isaiah,1610612755,PHI,22.0,55,35,20,0.636,609.4683333333334,62,177,0.35,45,135,0.333,29,31,0.935,6,50,56,35,19,14,3,6,47,33,198,23,349.7,0,0,368.0,1,2021-22,11.1,108.6,108.2,108.2,106.7,106.5,106.5,1.8,1.7,1.7,0.08,1.84,14.5,0.01,0.079,0.045,7.9,7.8,0.477,0.519,0.144,0.152,99.08,99.35,82.79,99.35,0.051,1262,1.1,3.2
1630587,Isaiah Livers,Isaiah,1610612765,DET,23.0,19,8,11,0.421,383.25666666666666,41,90,0.456,27,64,0.422,12,14,0.857,15,42,57,21,15,13,7,3,37,12,121,-10,265.9,1,0,266.0,1,2021-22,20.2,111.9,113.8,113.8,114.1,114.6,114.6,-2.2,-0.8,-0.8,0.077,1.4,15.9,0.037,0.109,0.072,11.4,11.3,0.606,0.629,0.125,0.127,99.32,98.25,81.88,98.25,0.066,783,2.2,4.7
1629676,Isaiah Roby,Isaiah,1610612760,OKC,24.0,45,10,35,0.222,948.4233333333332,166,323,0.514,44,99,0.444,78,116,0.672,75,142,217,71,43,36,34,24,109,93,454,-185,987.9,4,0,926.0,1,2021-22,21.1,104.4,104.6,104.6,112.7,113.4,113.4,-8.3,-8.8,-8.8,0.117,1.65,14.5,0.074,0.145,0.109,8.8,8.8,0.582,0.607,0.185,0.188,102.51,102.08,85.07,102.08,0.101,2014,3.7,7.2
1630191,Isaiah Stewart,Isaiah,1610612765,DET,21.0,71,21,50,0.296,1815.6433333333332,250,490,0.51,15,46,0.326,74,103,0.718,226,391,617,82,85,22,78,39,211,120,589,-367,1667.4,12,0,1503.0,1,2021-22,25.6,101.3,102.6,102.6,110.8,112.1,112.1,-9.5,-9.5,-9.5,0.07,0.96,11.7,0.111,0.217,0.161,12.1,12.1,0.526,0.55,0.144,0.146,99.78,98.58,82.15,98.58,0.096,3723,3.5,6.9
202738,Isaiah Thomas,Isaiah,1610612766,CHA,33.0,22,12,10,0.545,333.3066666666667,67,167,0.401,28,83,0.337,22,26,0.846,4,25,29,34,15,7,5,8,34,23,184,-10,290.8,0,0,299.0,3,2021-22,15.2,107.0,107.8,107.8,110.4,109.0,109.0,-3.4,-1.3,-1.3,0.155,2.27,15.0,0.012,0.071,0.042,6.6,6.6,0.485,0.516,0.245,0.251,101.64,101.89,84.91,101.89,0.074,707,3.0,7.6
1630225,Isaiah Todd,Isaiah,1610612764,WAS,20.0,12,1,11,0.083,74.14833333333333,7,26,0.269,4,16,0.25,2,6,0.333,3,9,12,4,4,4,2,3,4,4,20,-24,54.4,0,0,52.0,1,2021-22,6.2,89.8,87.7,87.7,106.7,103.2,103.2,-16.9,-15.6,-15.6,0.095,1.0,10.8,0.034,0.123,0.075,10.8,10.9,0.346,0.349,0.188,0.194,96.93,99.69,83.08,99.69,0.033,154,0.6,2.2
202397,Ish Smith,Ish,1610612764,WAS,33.0,65,27,38,0.415,1126.02,185,430,0.43,25,67,0.373,15,24,0.625,25,115,140,244,78,47,23,21,78,46,410,-155,1076.0,1,0,959.0,2,2021-22,17.3,107.2,107.1,107.1,112.5,113.8,113.8,-5.2,-6.7,-6.7,0.318,3.13,32.1,0.021,0.1,0.061,10.2,10.2,0.459,0.465,0.195,0.201,101.21,100.71,83.92,100.71,0.092,2364,2.8,6.6
1630688,Ish Wainright,Ish,1610612756,PHX,27.0,45,36,9,0.8,358.73,41,104,0.394,19,59,0.322,7,12,0.583,27,27,54,15,13,20,6,7,49,19,108,39,260.3,0,0,248.0,1,2021-22,8.0,106.5,106.2,106.2,102.1,100.6,100.6,4.4,5.6,5.6,0.057,1.15,11.0,0.066,0.072,0.069,9.6,9.5,0.486,0.494,0.134,0.14,102.45,103.3,86.08,103.3,0.043,770,0.9,2.3
1627826,Ivica Zubac,Ivica,1610612746,LAC,25.0,76,40,36,0.526,1851.6616666666664,310,495,0.626,0,0,0.0,165,227,0.727,217,427,644,120,114,36,77,43,203,205,785,-130,1962.8,25,0,1775.0,1,2021-22,24.4,107.5,108.7,108.7,111.2,112.2,112.2,-3.7,-3.5,-3.5,0.097,1.05,14.4,0.115,0.223,0.17,13.7,13.8,0.626,0.66,0.168,0.169,99.12,98.13,81.78,98.13,0.123,3786,4.1,6.5
1630550,JT Thor,JT,1610612766,CHA,19.0,33,18,15,0.545,261.8833333333333,24,55,0.436,7,27,0.259,12,20,0.6,11,32,43,19,10,8,11,2,26,17,67,-7,194.1,0,0,174.0,1,2021-22,7.9,108.7,107.2,107.2,107.4,106.9,106.9,1.2,0.3,0.3,0.097,1.9,20.7,0.04,0.111,0.077,10.9,10.8,0.5,0.525,0.116,0.121,101.52,102.46,85.38,102.46,0.06,555,0.7,1.7
1629630,Ja Morant,Ja,1610612763,MEM,22.0,57,36,21,0.632,1888.7866666666664,580,1177,0.493,88,256,0.344,316,415,0.761,77,248,325,384,196,66,22,95,86,330,1564,189,2598.0,10,1,2537.0,1,2021-22,33.1,113.6,115.3,115.3,109.3,111.2,111.2,4.3,4.1,4.1,0.33,1.96,19.8,0.037,0.124,0.08,10.1,10.1,0.53,0.575,0.33,0.336,103.07,101.46,84.55,101.46,0.163,4003,10.2,20.6
203210,JaMychal Green,JaMychal,1610612743,DEN,32.0,67,36,31,0.537,1085.42,159,327,0.486,33,124,0.266,81,93,0.871,81,200,281,59,57,43,26,31,158,80,432,-89,1007.7,1,0,943.0,1,2021-22,16.2,106.9,106.8,106.8,110.6,110.3,110.3,-3.7,-3.5,-3.5,0.084,1.04,12.1,0.073,0.187,0.129,11.7,11.8,0.537,0.587,0.168,0.172,99.16,99.32,82.77,99.32,0.093,2241,2.4,4.9
1630605,JaQuori McLaughlin,JaQuori,1610612742,DAL,24.0,4,2,2,0.5,10.9,0,2,0.0,0,1,0.0,0,0,0.0,0,0,0,2,0,0,0,0,1,0,0,-9,3.0,0,0,2.0,1,2021-22,2.7,101.4,100.0,100.0,141.6,134.6,134.6,-40.2,-34.6,-34.6,0.2,0.0,50.0,0.0,0.0,0.0,0.0,0.0,0.0,0.0,0.065,0.07,110.88,114.5,95.41,114.5,-0.021,26,0.0,0.5
201580,JaVale McGee,JaVale,1610612756,PHX,34.0,74,57,17,0.77,1171.7483333333332,288,458,0.629,2,9,0.222,102,146,0.699,163,333,496,42,98,22,81,20,181,153,680,120,1549.2,10,0,1426.0,1,2021-22,15.8,109.2,110.4,110.4,105.5,104.6,104.6,3.7,5.8,5.8,0.055,0.43,6.4,0.134,0.266,0.201,14.9,14.8,0.631,0.651,0.214,0.221,102.13,102.0,85.0,102.0,0.152,2479,3.9,6.2
203953,Jabari Parker,Jabari,1610612738,BOS,27.0,12,4,8,0.333,112.455,18,38,0.474,8,16,0.5,9,9,1.0,5,23,28,6,8,4,1,2,13,5,53,-7,102.6,0,0,105.0,1,2021-22,9.4,105.2,103.9,103.9,106.2,104.7,104.7,-1.0,-0.8,-0.8,0.094,0.75,10.7,0.042,0.18,0.113,14.3,14.3,0.579,0.632,0.191,0.195,98.31,99.67,83.06,99.67,0.117,231,1.5,3.2
1630183,Jaden McDaniels,Jaden,1610612750,MIN,21.0,70,40,30,0.571,1802.6666666666667,255,554,0.46,80,252,0.317,57,71,0.803,76,217,293,79,75,52,54,29,224,85,647,2,1360.1,0,0,1311.0,1,2021-22,25.8,108.0,109.9,109.9,108.4,109.3,109.3,-0.5,0.6,0.6,0.063,1.05,10.8,0.038,0.115,0.075,10.2,10.1,0.532,0.553,0.149,0.153,103.82,102.49,85.41,102.49,0.061,3840,3.6,7.9
1630531,Jaden Springer,Jaden,1610612755,PHI,19.0,2,2,0,1.0,5.633333333333334,1,1,1.0,0,0,0.0,0,0,0.0,1,1,2,0,1,0,2,0,0,0,2,-8,9.4,0,0,8.0,1,2021-22,2.8,69.9,69.2,69.2,126.5,141.7,141.7,-56.6,-72.4,-72.4,0.0,0.0,0.0,0.143,0.125,0.133,50.0,50.0,1.0,1.0,0.118,0.134,112.13,106.51,88.76,106.51,0.184,13,0.5,0.5
203109,Jae Crowder,Jae,1610612756,PHX,31.0,67,54,13,0.806,1885.871666666667,217,544,0.399,127,365,0.348,71,90,0.789,30,324,354,124,55,95,30,6,173,82,632,395,1562.8,1,0,1487.0,1,2021-22,28.1,116.0,116.1,116.1,104.4,105.9,105.9,11.6,10.2,10.2,0.08,2.25,16.4,0.017,0.16,0.092,7.3,7.2,0.516,0.541,0.146,0.149,101.89,101.06,84.22,101.06,0.077,3966,3.2,8.1
1630256,Jae'Sean Tate,Jae'Sean,1610612745,HOU,26.0,78,19,59,0.244,2056.445,363,729,0.498,63,202,0.312,130,184,0.707,135,285,420,222,139,72,41,56,286,184,919,-404,1956.0,7,0,1850.0,1,2021-22,26.4,104.3,105.3,105.3,114.1,114.2,114.2,-9.8,-8.9,-8.9,0.171,1.6,19.0,0.063,0.135,0.098,11.9,11.9,0.541,0.567,0.194,0.198,102.54,101.95,84.96,101.95,0.09,4361,4.7,9.3
1630186,Jahmi'us Ramsey,Jahmi'us,1610612758,SAC,21.0,19,2,17,0.105,133.92,24,58,0.414,5,18,0.278,7,14,0.5,4,9,13,7,5,1,1,3,10,9,60,-21,87.1,0,0,89.0,1,2021-22,7.0,112.9,112.5,112.5,123.0,118.5,118.5,-10.1,-6.0,-6.0,0.075,1.4,9.1,0.027,0.068,0.046,6.5,6.6,0.457,0.468,0.208,0.214,102.01,104.12,86.77,104.12,0.038,289,1.3,3.1
1630693,Jaime Echenique,Jaime,1610612764,WAS,25.0,1,1,0,1.0,3.066666666666667,0,0,0.0,0,0,0.0,0,0,0.0,0,0,0,0,0,0,0,0,0,0,0,-1,0.0,0,0,0.0,1,2021-22,3.1,25.8,20.0,20.0,41.0,50.0,50.0,-15.2,-30.0,-30.0,0.0,0.0,0.0,0.0,0.0,0.0,0.0,0.0,0.0,0.0,0.0,0.0,68.56,70.43,58.7,70.43,0.0,5,0.0,0.0
1627774,Jake Layman,Jake,1610612750,MIN,28.0,34,20,14,0.588,230.565,30,73,0.411,8,35,0.229,13,18,0.722,6,30,36,9,10,7,5,4,12,12,81,-11,163.7,0,0,158.0,1,2021-22,6.8,107.6,105.3,105.3,109.8,108.7,108.7,-2.2,-3.4,-3.4,0.055,0.9,9.0,0.025,0.123,0.074,10.0,10.0,0.466,0.5,0.16,0.166,103.73,105.34,87.78,105.34,0.064,509,0.9,2.1
1627751,Jakob Poeltl,Jakob,1610612759,SAS,26.0,68,30,38,0.441,1969.65,410,663,0.618,1,1,1.0,94,190,0.495,262,372,634,189,109,45,118,39,212,192,915,117,2339.3,28,0,2065.0,1,2021-22,29.0,113.7,115.2,115.2,111.3,111.8,111.8,2.5,3.4,3.4,0.131,1.73,18.1,0.125,0.184,0.154,10.4,10.4,0.619,0.613,0.182,0.184,101.52,100.62,83.85,100.62,0.119,4119,6.0,9.8
1628973,Jalen Brunson,Jalen,1610612742,DAL,25.0,79,50,29,0.633,2524.01,506,1008,0.502,94,252,0.373,179,213,0.84,43,266,309,377,124,66,3,38,151,265,1285,231,2304.3,7,0,2203.0,1,2021-22,31.9,112.3,113.8,113.8,108.1,109.4,109.4,4.2,4.4,4.4,0.237,3.04,23.7,0.017,0.105,0.062,7.8,7.7,0.549,0.583,0.215,0.22,96.9,95.68,79.73,95.68,0.122,5036,6.4,12.8
1630224,Jalen Green,Jalen,1610612745,HOU,20.0,67,12,55,0.179,2137.7233333333334,406,954,0.426,157,458,0.343,188,236,0.797,33,193,226,176,135,44,18,91,103,195,1157,-519,1743.2,0,0,1840.0,1,2021-22,31.9,104.0,105.7,105.7,116.2,116.9,116.9,-12.2,-11.3,-11.3,0.132,1.3,12.9,0.015,0.088,0.051,9.9,9.9,0.508,0.547,0.234,0.237,103.67,102.5,85.42,102.5,0.085,4563,6.1,14.2
1630552,Jalen Johnson,Jalen,1610612737,ATL,20.0,22,14,8,0.636,120.39,22,41,0.537,3,13,0.231,5,7,0.714,2,24,26,3,9,3,2,2,9,5,52,-19,93.7,0,0,94.0,1,2021-22,5.5,101.2,95.8,95.8,106.0,105.8,105.8,-4.9,-10.0,-10.0,0.045,0.33,5.4,0.016,0.175,0.099,16.1,16.0,0.573,0.59,0.183,0.196,101.37,104.26,86.88,104.26,0.096,265,1.0,1.9
1629667,Jalen McDaniels,Jalen,1610612766,CHA,24.0,55,34,21,0.618,895.2416666666667,123,254,0.484,41,108,0.38,53,72,0.736,37,133,170,58,36,26,22,5,93,67,340,46,739.0,1,0,705.0,1,2021-22,16.3,111.5,111.7,111.7,107.2,109.1,109.1,4.4,2.6,2.6,0.089,1.61,15.2,0.039,0.138,0.089,9.4,9.5,0.565,0.595,0.152,0.155,101.94,100.96,84.13,100.96,0.082,1882,2.2,4.6
1630188,Jalen Smith,Jalen,1610612754,IND,22.0,51,29,22,0.569,924.1816666666666,176,350,0.503,40,122,0.328,78,102,0.765,101,206,307,24,42,15,41,12,96,110,470,31,1000.4,9,0,953.0,2,2021-22,18.1,110.5,112.0,112.0,109.8,109.3,109.3,0.7,2.7,2.7,0.038,0.57,5.2,0.101,0.216,0.157,9.1,9.1,0.56,0.595,0.193,0.197,101.16,100.73,83.94,100.73,0.119,1930,3.5,6.9
1630591,Jalen Suggs,Jalen,1610612753,ORL,21.0,48,16,32,0.333,1306.6533333333334,198,548,0.361,42,196,0.214,126,163,0.773,26,145,171,209,143,59,19,48,142,161,564,-206,1173.7,2,0,1142.0,1,2021-22,27.2,99.9,100.6,100.6,107.1,107.8,107.8,-7.3,-7.1,-7.1,0.249,1.46,21.5,0.019,0.102,0.061,14.7,14.7,0.4,0.455,0.244,0.25,103.15,102.44,85.36,102.44,0.064,2785,4.1,11.4
1630547,James Bouknight,James,1610612766,CHA,21.0,31,15,16,0.484,304.4766666666667,49,141,0.348,17,49,0.347,27,31,0.871,22,30,52,26,15,7,1,17,29,23,142,-50,252.4,0,0,253.0,1,2021-22,9.8,108.5,108.0,108.0,114.2,114.2,114.2,-5.7,-6.2,-6.2,0.132,1.73,13.3,0.064,0.09,0.077,7.7,7.7,0.408,0.459,0.226,0.232,103.47,103.73,86.44,103.73,0.06,654,1.6,4.5
203516,James Ennis III,James,1610612743,DEN,31.0,7,3,4,0.429,55.6,11,24,0.458,3,8,0.375,4,5,0.8,5,7,12,3,2,2,2,1,5,6,29,0,57.9,0,0,55.0,3,2021-22,7.9,109.6,110.1,110.1,107.8,109.2,109.2,1.8,0.9,0.9,0.081,1.5,9.7,0.086,0.121,0.103,6.5,6.4,0.521,0.553,0.206,0.218,104.08,103.17,85.97,103.17,0.098,119,1.6,3.4
201935,James Harden,James,1610612755,PHI,32.0,65,40,25,0.615,2419.68,407,992,0.41,148,448,0.33,470,536,0.877,55,445,500,667,284,82,36,93,153,375,1432,173,3102.5,42,11,2983.0,2,2021-22,37.2,113.7,114.9,114.9,109.7,111.4,111.4,4.1,3.5,3.5,0.401,2.35,30.9,0.024,0.176,0.103,13.1,13.0,0.485,0.583,0.266,0.273,100.79,99.49,82.91,99.49,0.153,5015,6.3,15.3
201949,James Johnson,James,1610612751,BKN,35.0,62,30,32,0.484,1191.225,144,307,0.469,23,85,0.271,29,55,0.527,51,164,215,130,48,30,34,19,162,49,340,-59,937.0,1,0,836.0,1,2021-22,19.2,107.6,108.9,108.9,108.1,110.5,110.5,-0.5,-1.6,-1.6,0.153,2.71,25.6,0.041,0.127,0.085,9.4,9.4,0.507,0.513,0.136,0.139,100.33,98.66,82.22,98.66,0.068,2440,2.3,5.0
1630691,Jamorko Pickett,Jamorko,1610612765,DET,24.0,13,4,9,0.308,176.46833333333333,18,50,0.36,13,39,0.333,1,2,0.5,6,26,32,7,5,0,7,1,12,2,50,0,114.9,0,0,116.0,1,2021-22,13.6,108.5,109.1,109.1,107.1,108.8,108.8,1.4,0.3,0.3,0.057,1.4,11.1,0.032,0.141,0.086,7.9,8.0,0.49,0.491,0.133,0.135,102.96,101.87,84.89,101.87,0.057,374,1.4,3.8
1630215,Jared Butler,Jared,1610612762,UTA,21.0,42,31,11,0.738,359.7733333333333,61,151,0.404,28,88,0.318,11,16,0.688,5,40,45,63,33,17,8,5,47,11,161,-11,351.5,0,0,347.0,1,2021-22,8.6,113.3,112.5,112.5,114.1,112.6,112.6,-0.8,-0.1,-0.1,0.258,1.91,24.8,0.014,0.102,0.061,13.0,13.0,0.497,0.509,0.221,0.23,100.7,101.73,84.78,101.73,0.073,758,1.5,3.6
1629607,Jared Harper,Jared,1610612740,NOP,24.0,5,2,3,0.4,42.88333333333333,14,26,0.538,5,12,0.417,4,4,1.0,2,0,2,14,2,4,1,1,5,3,37,7,73.4,0,0,68.0,1,2021-22,8.6,129.2,133.3,133.3,124.8,123.5,123.5,4.4,9.8,9.8,0.538,7.0,32.6,0.047,0.0,0.025,4.7,4.6,0.635,0.666,0.287,0.298,95.63,94.58,78.82,94.58,0.179,84,2.8,5.2
1628991,Jaren Jackson Jr.,Jaren,1610612763,MEM,22.0,78,53,25,0.679,2126.248333333333,430,1036,0.415,128,401,0.319,284,345,0.823,119,335,454,86,130,73,177,98,272,283,1272,361,2565.8,7,0,2440.0,1,2021-22,27.3,112.6,113.9,113.9,105.7,106.0,106.0,6.9,7.9,7.9,0.058,0.66,6.1,0.05,0.145,0.097,9.3,9.3,0.477,0.535,0.248,0.254,102.74,101.97,84.98,101.97,0.096,4518,5.5,13.3
1629020,Jarred Vanderbilt,Jarred,1610612750,MIN,23.0,74,41,33,0.554,1880.5166666666669,212,361,0.587,2,14,0.143,86,131,0.656,215,409,624,94,73,99,46,41,181,133,512,163,1763.8,8,0,1522.0,1,2021-22,25.4,113.4,115.5,115.5,109.3,110.5,110.5,4.2,5.0,5.0,0.066,1.29,16.0,0.107,0.212,0.158,12.5,12.5,0.59,0.612,0.108,0.109,102.49,101.0,84.17,101.0,0.103,3941,2.9,4.9
1628386,Jarrett Allen,Jarrett,1610612739,CLE,24.0,56,35,21,0.625,1809.56,369,545,0.677,1,10,0.1,165,233,0.708,192,410,602,92,94,44,75,36,97,235,904,135,2027.4,32,0,1837.0,1,2021-22,32.3,109.5,110.0,110.0,105.3,106.7,106.7,4.3,3.3,3.3,0.079,0.98,11.1,0.109,0.213,0.163,11.3,11.3,0.678,0.698,0.177,0.181,98.18,97.3,81.08,97.3,0.16,3674,6.6,9.7
1629633,Jarrett Culver,Jarrett,1610612763,MEM,23.0,37,28,9,0.757,338.185,51,135,0.378,12,47,0.255,16,34,0.471,13,35,48,33,20,20,5,9,42,27,130,-18,292.1,0,0,273.0,1,2021-22,9.1,104.4,104.3,104.3,106.8,106.6,106.6,-2.4,-2.3,-2.3,0.135,1.65,16.3,0.033,0.101,0.065,9.9,9.9,0.422,0.433,0.199,0.204,103.12,103.26,86.05,103.26,0.048,727,1.4,3.6
1629600,Jarron Cumberland,Jarron,1610612757,POR,24.0,3,0,3,0.0,12.316666666666666,1,2,0.5,0,1,0.0,0,0,0.0,1,2,3,1,0,0,0,0,2,0,2,9,7.1,0,0,6.0,1,2021-22,4.1,140.6,144.0,144.0,105.8,103.8,103.8,34.8,40.2,40.2,0.1,0.0,33.3,0.059,0.182,0.107,0.0,0.0,0.5,0.5,0.061,0.061,99.61,99.38,82.81,99.38,0.058,25,0.3,0.7
1629602,Javin DeLaurier,Javin,1610612749,MIL,24.0,1,1,0,1.0,2.8,0,0,0.0,0,0,0.0,0,0,0.0,0,1,1,0,0,1,0,0,1,0,0,4,4.2,0,0,3.0,1,2021-22,2.8,200.0,171.4,171.4,118.3,114.3,114.3,81.7,57.1,57.1,0.0,0.0,0.0,0.0,0.25,0.2,0.0,0.0,0.0,0.0,0.0,0.0,109.37,120.0,100.0,120.0,0.051,7,0.0,0.0
1629750,Javonte Green,Javonte,1610612741,CHI,28.0,65,38,27,0.585,1519.045,176,325,0.542,36,101,0.356,80,96,0.833,91,185,276,60,30,67,32,17,132,83,468,20,1156.2,0,0,1038.0,1,2021-22,23.4,113.4,113.6,113.6,111.0,112.0,112.0,2.4,1.6,1.6,0.051,2.0,13.1,0.062,0.12,0.092,6.5,6.6,0.597,0.637,0.113,0.115,101.03,100.5,83.75,100.5,0.077,3167,2.7,5.0
1630606,Javonte Smart,Javonte,1610612748,MIA,23.0,17,11,6,0.647,199.85666666666663,19,60,0.317,8,27,0.296,5,6,0.833,5,19,24,16,11,6,3,8,12,6,51,-42,119.8,0,0,117.0,2,2021-22,11.8,101.9,99.8,99.8,109.8,110.3,110.3,-7.9,-10.6,-10.6,0.121,1.45,17.8,0.022,0.094,0.056,12.2,12.3,0.383,0.407,0.154,0.158,99.58,100.39,83.66,100.39,0.039,419,1.1,3.5
1629637,Jaxson Hayes,Jaxson,1610612740,NOP,22.0,70,29,41,0.414,1397.54,245,398,0.616,20,57,0.351,144,188,0.766,115,200,315,43,54,33,55,19,155,153,654,22,1306.5,4,0,1208.0,1,2021-22,20.0,110.1,109.7,109.7,108.7,109.2,109.2,1.4,0.5,0.5,0.047,0.8,7.5,0.08,0.146,0.113,9.4,9.3,0.641,0.68,0.159,0.164,100.03,99.98,83.32,99.98,0.11,2914,3.5,5.7
1630643,Jay Huff,Jay,1610612747,LAL,24.0,4,0,4,0.0,20.25,0,3,0.0,0,2,0.0,0,0,0.0,1,3,4,1,1,1,1,0,1,1,0,15,11.3,0,0,9.0,1,2021-22,5.1,88.7,88.6,88.6,57.8,52.2,52.2,30.9,36.5,36.5,0.071,1.0,20.0,0.04,0.111,0.077,20.0,20.0,0.0,0.0,0.083,0.083,101.31,106.67,88.89,106.67,0.02,44,0.0,0.8
1630206,Jay Scrubb,Jay,1610612746,LAC,21.0,18,8,10,0.444,121.38166666666666,18,46,0.391,6,21,0.286,7,10,0.7,2,14,16,8,7,4,3,0,9,8,49,16,94.2,0,0,93.0,1,2021-22,6.7,106.9,105.5,105.5,100.8,98.6,98.6,6.1,6.9,6.9,0.095,1.14,12.3,0.016,0.1,0.06,10.8,10.7,0.457,0.486,0.188,0.194,107.39,109.34,91.12,109.34,0.065,275,1.0,2.6
1627759,Jaylen Brown,Jaylen,1610612738,BOS,25.0,66,43,23,0.652,2220.4533333333334,576,1217,0.473,166,464,0.358,241,318,0.758,53,351,404,231,178,70,18,96,163,283,1559,453,2476.3,11,2,2536.0,1,2021-22,33.6,113.1,113.5,113.5,102.4,103.8,103.8,10.8,9.8,9.8,0.173,1.3,13.1,0.024,0.145,0.088,10.1,10.1,0.541,0.574,0.298,0.304,99.42,98.57,82.15,98.57,0.135,4563,8.7,18.4
1629658,Jaylen Hoard,Jaylen,1610612760,OKC,23.0,7,2,5,0.286,239.57166666666663,44,90,0.489,9,25,0.36,6,14,0.429,30,54,84,17,8,6,5,10,14,10,103,-87,254.3,4,0,235.0,1,2021-22,34.2,101.7,101.8,101.8,118.9,119.1,119.1,-17.2,-17.2,-17.2,0.113,2.13,14.0,0.112,0.228,0.167,6.6,6.6,0.539,0.536,0.184,0.188,98.68,98.58,82.15,98.58,0.121,491,6.3,12.9
1628537,Jaylen Morris,Jaylen,1610612759,SAS,26.0,3,0,3,0.0,16.033333333333335,0,6,0.0,0,2,0.0,2,4,0.5,0,2,2,2,1,0,0,1,2,2,2,8,6.4,0,0,6.0,1,2021-22,5.3,112.0,114.3,114.3,98.4,91.4,91.4,13.6,22.9,22.9,0.143,2.0,18.2,0.0,0.118,0.059,9.1,9.3,0.0,0.129,0.231,0.226,102.15,104.78,87.32,104.78,-0.074,35,0.0,2.0
1629669,Jaylen Nowell,Jaylen,1610612750,MIN,22.0,62,37,25,0.597,974.795,196,413,0.475,63,160,0.394,72,92,0.783,22,101,123,130,36,27,10,16,73,69,527,70,944.6,0,0,917.0,1,2021-22,15.7,114.5,114.5,114.5,111.4,111.7,111.7,3.1,2.8,2.8,0.197,3.61,21.1,0.022,0.1,0.061,5.8,5.8,0.551,0.581,0.205,0.211,103.63,103.5,86.25,103.5,0.108,2107,3.2,6.7
1629873,Jaysean Paige,Jaysean,1610612765,DET,27.0,1,1,0,1.0,6.616666666666666,0,3,0.0,0,2,0.0,0,0,0.0,0,1,1,1,1,0,0,0,2,0,0,-10,1.7,0,0,2.0,1,2021-22,6.6,41.5,43.8,43.8,91.8,113.3,113.3,-50.3,-69.6,-69.6,0.333,1.0,20.0,0.0,0.091,0.043,20.0,20.0,0.0,0.0,0.211,0.224,128.4,112.44,93.7,112.44,-0.286,16,0.0,3.0
1628369,Jayson Tatum,Jayson,1610612738,BOS,24.0,76,49,27,0.645,2730.971666666667,708,1564,0.453,230,651,0.353,400,469,0.853,85,524,609,334,217,75,49,83,174,342,2046,667,3432.8,22,0,3467.0,1,2021-22,35.9,115.2,115.5,115.5,102.5,103.4,103.4,12.7,12.1,12.1,0.204,1.54,14.5,0.032,0.18,0.109,9.4,9.3,0.526,0.578,0.313,0.322,98.68,98.12,81.77,98.12,0.159,5578,9.3,20.6
1630288,Jeff Dowtin Jr.,Jeff,1610612753,ORL,25.0,9,4,5,0.444,108.01666666666668,8,26,0.308,1,9,0.111,2,2,1.0,8,10,18,10,5,5,1,0,5,3,19,-26,68.6,0,0,60.0,3,2021-22,12.0,98.5,97.4,97.4,111.1,109.6,109.6,-12.6,-12.3,-12.3,0.139,2.0,24.4,0.065,0.097,0.08,12.2,11.9,0.327,0.353,0.119,0.126,100.54,101.76,84.8,101.76,0.05,230,0.9,2.9
201145,Jeff Green,Jeff,1610612743,DEN,35.0,75,44,31,0.587,1848.965,277,529,0.524,53,168,0.315,165,198,0.833,41,190,231,96,71,28,27,26,151,167,772,59,1287.2,1,0,1262.0,1,2021-22,24.7,112.3,113.3,113.3,111.6,111.5,111.5,0.7,1.8,1.8,0.071,1.35,12.3,0.024,0.1,0.063,9.1,9.1,0.574,0.627,0.16,0.164,99.97,99.56,82.97,99.56,0.075,3831,3.7,7.1
1629203,Jemerrio Jones,Jemerrio,1610612747,LAL,27.0,2,0,2,0.0,14.716666666666669,2,3,0.667,0,0,0.0,0,0,0.0,2,1,3,0,0,1,0,0,2,0,4,-13,10.6,0,0,9.0,1,2021-22,7.4,84.9,83.9,83.9,134.1,121.9,121.9,-49.3,-38.0,-38.0,0.0,0.0,0.0,0.118,0.056,0.086,0.0,0.0,0.667,0.667,0.083,0.089,97.39,102.74,85.62,102.74,0.069,31,1.0,1.5
203924,Jerami Grant,Jerami,1610612765,DET,28.0,47,11,36,0.234,1499.8733333333332,298,699,0.426,91,254,0.358,217,259,0.838,28,163,191,111,85,44,49,30,107,185,904,-219,1493.7,1,0,1483.0,1,2021-22,31.9,102.0,102.9,102.9,109.2,110.7,110.7,-7.1,-7.8,-7.8,0.13,1.31,11.1,0.017,0.108,0.06,8.5,8.4,0.491,0.556,0.253,0.259,99.38,98.31,81.93,98.31,0.112,3082,6.3,14.9
1630526,Jeremiah Robinson-Earl,Jeremiah,1610612760,OKC,21.0,49,15,34,0.306,1087.1083333333331,134,324,0.414,58,165,0.352,40,54,0.741,75,199,274,49,39,29,15,25,75,50,366,-238,861.3,3,0,835.0,1,2021-22,22.2,100.1,101.1,101.1,110.8,110.9,110.9,-10.7,-9.8,-9.8,0.069,1.26,11.2,0.061,0.172,0.115,8.9,8.9,0.503,0.526,0.152,0.154,100.08,99.57,82.97,99.57,0.084,2247,2.7,6.6
203087,Jeremy Lamb,Jeremy,1610612758,SAC,30.0,56,23,33,0.411,935.4483333333334,133,347,0.383,55,170,0.324,89,106,0.84,26,128,154,81,37,31,22,10,59,83,410,21,838.3,0,0,806.0,2,2021-22,16.7,109.7,110.3,110.3,109.7,109.7,109.7,0.0,0.6,0.6,0.124,2.19,15.9,0.026,0.134,0.079,7.3,7.2,0.463,0.521,0.189,0.196,100.86,100.62,83.85,100.62,0.092,1965,2.4,6.2
1630579,Jericho Sims,Jericho,1610612752,NYK,23.0,41,19,22,0.463,555.0433333333333,39,54,0.722,0,0,0.0,12,29,0.414,61,108,169,21,20,11,22,1,66,33,90,76,403.3,1,0,346.0,1,2021-22,13.5,110.9,109.3,109.3,103.1,102.9,102.9,7.9,6.5,6.5,0.054,1.05,19.3,0.108,0.187,0.148,18.3,18.6,0.722,0.674,0.068,0.07,98.22,99.02,82.52,99.02,0.074,1146,1.0,1.3
1628975,Jevon Carter,Jevon,1610612749,MIL,26.0,66,39,27,0.591,905.1783333333332,98,253,0.387,66,170,0.388,15,18,0.833,14,96,110,96,34,24,14,6,67,21,277,-53,633.0,0,0,625.0,2,2021-22,13.7,109.0,107.3,107.3,110.3,110.3,110.3,-1.3,-3.0,-3.0,0.148,2.82,24.6,0.014,0.097,0.056,8.7,8.7,0.518,0.531,0.135,0.141,101.08,101.81,84.85,101.81,0.067,1922,1.5,3.8
202710,Jimmy Butler III,Jimmy,1610612748,MIA,32.0,57,38,19,0.667,1930.8316666666667,398,829,0.48,27,116,0.233,396,455,0.87,102,234,336,312,121,94,27,36,88,324,1219,245,2332.2,12,4,2136.0,1,2021-22,33.9,112.5,114.4,114.4,107.1,108.4,108.4,5.4,6.1,6.1,0.264,2.58,21.4,0.055,0.125,0.09,8.3,8.3,0.496,0.592,0.26,0.265,97.89,96.49,80.41,96.49,0.164,3886,7.0,14.5
1629111,Jock Landale,Jock,1610612759,SAS,26.0,54,24,30,0.444,588.7316666666667,101,204,0.495,29,89,0.326,34,41,0.829,63,75,138,45,31,10,14,12,53,46,265,-17,539.1,1,0,525.0,1,2021-22,10.9,107.5,107.9,107.9,110.1,109.0,109.0,-2.6,-1.1,-1.1,0.115,1.45,15.2,0.094,0.118,0.106,10.4,10.4,0.566,0.597,0.172,0.178,102.98,103.34,86.12,103.34,0.097,1266,1.9,3.8
203925,Joe Harris,Joe,1610612751,BKN,30.0,14,10,4,0.714,422.7083333333333,56,124,0.452,41,88,0.466,5,6,0.833,5,51,56,14,16,7,2,6,31,10,158,16,257.2,0,0,287.0,1,2021-22,30.2,106.3,106.6,106.6,104.5,105.6,105.6,1.8,1.1,1.1,0.047,0.88,8.9,0.012,0.109,0.064,10.2,10.2,0.617,0.624,0.146,0.148,102.96,102.31,85.26,102.31,0.068,904,4.0,8.9
204060,Joe Ingles,Joe,1610612757,POR,34.0,45,28,17,0.622,1122.135,115,285,0.404,78,225,0.347,17,22,0.773,12,119,131,158,46,23,5,8,82,28,325,186,757.2,0,0,748.0,1,2021-22,24.9,111.0,111.9,111.9,104.0,103.7,103.7,7.0,8.2,8.2,0.195,3.43,31.7,0.01,0.099,0.056,9.2,9.2,0.54,0.551,0.129,0.132,99.37,99.09,82.57,99.09,0.077,2315,2.6,6.3
2207,Joe Johnson,Joe,1610612738,BOS,41.0,1,1,0,1.0,1.95,1,1,1.0,0,0,0.0,0,0,0.0,0,0,0,0,0,0,0,0,0,0,2,-5,2.0,0,0,2.0,1,2021-22,2.0,103.1,80.0,80.0,232.0,180.0,180.0,-128.9,-100.0,-100.0,0.0,0.0,0.0,0.0,0.0,0.0,0.0,0.0,1.0,1.0,0.2,0.258,95.51,123.08,102.56,123.08,0.182,5,1.0,1.0
1630580,Joe Wieskamp,Joe,1610612759,SAS,22.0,29,11,18,0.379,205.14166666666668,20,56,0.357,14,43,0.326,7,13,0.538,4,10,14,9,2,4,3,2,14,7,61,0,110.3,0,0,112.0,1,2021-22,7.1,105.8,106.5,106.5,108.0,105.1,105.1,-2.2,1.5,1.5,0.065,4.5,12.3,0.017,0.045,0.031,2.7,2.8,0.482,0.494,0.129,0.133,100.06,101.08,84.23,101.08,0.039,429,0.7,1.9
1630555,Joel Ayayi,Joel,1610612764,WAS,22.0,7,1,6,0.143,20.216666666666665,1,6,0.167,0,1,0.0,0,0,0.0,1,2,3,4,0,0,0,2,0,1,2,3,11.6,0,0,9.0,1,2021-22,2.9,94.8,94.7,94.7,92.9,82.5,82.5,1.9,12.2,12.2,0.364,0.0,40.0,0.037,0.105,0.065,0.0,0.0,0.167,0.167,0.133,0.136,87.23,92.6,77.16,92.6,0.059,38,0.1,0.9
203954,Joel Embiid,Joel,1610612755,PHI,28.0,68,45,23,0.662,2296.405,666,1334,0.499,93,251,0.371,654,803,0.814,146,650,796,284,214,77,99,82,181,581,2079,368,3774.2,46,2,3604.0,1,2021-22,33.8,114.6,115.6,115.6,106.9,107.8,107.8,7.7,7.9,7.9,0.236,1.33,13.0,0.068,0.273,0.176,9.8,9.8,0.534,0.616,0.375,0.38,97.81,96.96,80.8,96.96,0.212,4640,9.8,19.6
1628381,John Collins,John,1610612737,ATL,24.0,54,26,28,0.481,1662.6033333333332,339,644,0.526,64,176,0.364,134,169,0.793,93,329,422,98,60,33,56,38,164,193,876,36,1736.4,16,0,1638.0,1,2021-22,30.8,112.7,113.5,113.5,111.5,112.7,112.7,1.2,0.8,0.8,0.088,1.63,11.2,0.056,0.19,0.124,6.8,6.8,0.576,0.61,0.202,0.205,99.59,98.71,82.26,98.71,0.119,3423,6.3,11.9
1629723,John Konchar,John,1610612763,MEM,26.0,72,48,24,0.667,1291.5283333333334,135,262,0.515,52,126,0.413,27,49,0.551,87,242,329,109,29,45,22,4,90,46,349,92,1079.3,3,1,973.0,1,2021-22,17.9,109.3,109.7,109.7,105.7,107.0,107.0,3.6,2.7,2.7,0.109,3.76,25.8,0.059,0.182,0.117,6.9,6.9,0.615,0.615,0.097,0.099,102.51,101.72,84.77,101.72,0.102,2745,1.9,3.6
1630257,Jon Teske,Jon,1610612763,MEM,25.0,3,3,0,1.0,7.741666666666666,0,1,0.0,0,0,0.0,0,2,0.0,0,2,2,1,0,1,0,0,1,0,0,-3,6.9,0,0,5.0,1,2021-22,2.6,82.9,82.4,82.4,114.2,89.5,89.5,-31.3,-7.1,-7.1,0.167,0.0,33.3,0.0,0.286,0.111,0.0,0.0,0.0,0.0,0.1,0.095,98.46,111.6,93.0,111.6,0.0,17,0.0,0.3
202685,Jonas Valanciunas,Jonas,1610612740,NOP,30.0,74,34,40,0.459,2240.0583333333334,510,938,0.544,57,158,0.361,237,289,0.82,226,617,843,190,179,41,60,41,247,301,1314,67,2734.6,50,0,2606.0,1,2021-22,30.3,109.9,111.4,111.4,110.3,110.2,110.2,-0.5,1.2,1.2,0.137,1.06,13.2,0.1,0.28,0.189,12.5,12.5,0.574,0.617,0.238,0.242,98.29,97.63,81.36,97.63,0.153,4562,6.9,12.7
1630228,Jonathan Kuminga,Jonathan,1610612744,GSW,19.0,70,44,26,0.629,1184.75,236,460,0.513,50,149,0.336,130,190,0.684,54,180,234,64,74,31,22,35,146,143,652,35,1113.8,2,0,1106.0,1,2021-22,16.9,109.6,109.5,109.5,106.1,107.5,107.5,3.4,1.9,1.9,0.087,0.86,9.3,0.047,0.139,0.096,10.8,10.9,0.567,0.6,0.227,0.232,100.4,99.79,83.16,99.79,0.098,2457,3.4,6.6
1628395,Jordan Bell,Jordan,1610612741,CHI,27.0,1,1,0,1.0,2.0166666666666666,0,0,0.0,0,0,0.0,0,0,0.0,1,0,1,0,0,1,0,0,2,0,0,1,4.2,0,0,3.0,1,2021-22,2.0,232.6,200.0,200.0,162.0,175.0,175.0,70.5,25.0,25.0,0.0,0.0,0.0,0.5,0.0,0.5,0.0,0.0,0.0,0.0,0.0,0.0,92.35,95.21,79.34,95.21,-0.033,4,0.0,0.0
203903,Jordan Clarkson,Jordan,1610612762,UTA,30.0,79,47,32,0.595,2140.86,466,1113,0.419,190,597,0.318,144,174,0.828,67,206,273,194,129,66,16,40,149,162,1266,383,2001.6,1,0,2087.0,1,2021-22,27.1,114.1,115.7,115.7,105.8,107.0,107.0,8.3,8.7,8.7,0.144,1.5,12.9,0.03,0.091,0.061,8.6,8.5,0.504,0.532,0.258,0.265,99.53,98.29,81.91,98.29,0.097,4384,5.9,14.1
1630692,Jordan Goodwin,Jordan,1610612764,WAS,23.0,2,1,1,0.5,5.933333333333334,0,3,0.0,0,1,0.0,0,0,0.0,0,1,1,0,0,0,0,0,1,0,0,-8,1.2,0,0,1.0,1,2021-22,3.0,45.0,40.0,40.0,116.3,150.0,150.0,-71.2,-110.0,-110.0,0.0,0.0,0.0,0.0,0.2,0.077,0.0,0.0,0.0,0.0,0.25,0.304,77.66,72.81,60.67,72.81,-0.286,10,0.0,1.5
1629162,Jordan McLaughlin,Jordan,1610612750,MIN,26.0,62,36,26,0.581,901.6083333333332,88,200,0.44,27,85,0.318,30,40,0.75,22,72,94,180,38,57,10,14,54,52,233,37,778.8,1,0,668.0,1,2021-22,14.5,111.7,111.4,111.4,108.6,109.0,109.0,3.0,2.4,2.4,0.258,4.74,41.4,0.023,0.075,0.049,8.7,8.7,0.508,0.535,0.115,0.119,105.48,105.44,87.87,105.44,0.088,1976,1.4,3.2
1629670,Jordan Nwora,Jordan,1610612749,MIL,23.0,62,34,28,0.548,1185.2716666666668,186,462,0.403,79,227,0.348,36,43,0.837,37,184,221,59,57,25,17,20,78,44,487,-77,909.7,3,0,930.0,1,2021-22,19.1,110.2,109.5,109.5,113.4,112.5,112.5,-3.2,-3.0,-3.0,0.071,1.04,9.9,0.03,0.147,0.089,9.5,9.5,0.488,0.506,0.187,0.192,102.51,103.21,86.01,103.21,0.072,2548,3.0,7.5
1629673,Jordan Poole,Jordan,1610612744,GSW,23.0,76,49,27,0.645,2283.3116666666665,474,1058,0.448,211,580,0.364,246,266,0.925,34,226,260,304,187,60,23,57,206,231,1405,325,2235.0,2,0,2346.0,1,2021-22,30.0,111.5,112.1,112.1,104.5,105.5,105.5,7.0,6.6,6.6,0.207,1.63,18.4,0.015,0.094,0.056,11.3,11.2,0.548,0.598,0.252,0.259,100.82,100.05,83.38,100.05,0.111,4765,6.2,13.9
1630648,Jordan Schakel,Jordan,1610612764,WAS,24.0,4,1,3,0.25,30.266666666666666,1,11,0.091,1,6,0.167,2,2,1.0,2,6,8,0,1,1,0,2,0,3,5,2,16.6,0,0,16.0,1,2021-22,7.6,97.9,101.6,101.6,94.9,93.8,93.8,2.9,7.9,7.9,0.0,0.0,0.0,0.063,0.188,0.125,7.7,7.8,0.136,0.21,0.191,0.188,100.36,99.12,82.6,99.12,0.021,61,0.3,2.8
1630631,Jose Alvarado,Jose,1610612740,NOP,24.0,54,25,29,0.463,833.9083333333333,131,294,0.446,32,110,0.291,36,53,0.679,25,75,100,152,40,71,7,19,73,52,330,143,872.0,1,0,770.0,1,2021-22,15.4,112.3,112.1,112.1,104.8,104.8,104.8,7.6,7.3,7.3,0.261,3.8,29.9,0.029,0.094,0.06,7.9,7.9,0.5,0.52,0.174,0.181,100.57,100.67,83.89,100.67,0.107,1756,2.4,5.4
1630528,Josh Christopher,Josh,1610612745,HOU,20.0,74,18,56,0.243,1333.7416666666666,224,500,0.448,56,189,0.296,83,113,0.735,52,134,186,150,114,65,13,34,97,101,587,-272,1155.2,0,0,1135.0,1,2021-22,18.0,105.7,106.9,106.9,116.1,116.1,116.1,-10.4,-9.2,-9.2,0.17,1.32,18.4,0.037,0.103,0.069,14.0,14.0,0.504,0.534,0.205,0.209,103.19,102.59,85.49,102.59,0.083,2846,3.0,6.8
1630581,Josh Giddey,Josh,1610612760,OKC,19.0,54,17,37,0.315,1700.3516666666667,281,670,0.419,56,213,0.263,56,79,0.709,98,323,421,345,171,51,20,49,88,94,674,-299,1738.7,16,4,1638.0,1,2021-22,31.5,100.5,101.1,101.1,109.0,109.4,109.4,-8.5,-8.3,-8.3,0.325,2.02,28.2,0.052,0.175,0.113,14.0,14.0,0.461,0.478,0.218,0.223,100.45,99.95,83.29,99.95,0.114,3538,5.2,12.4
1630182,Josh Green,Josh,1610612742,DAL,21.0,67,44,23,0.657,1038.9566666666667,130,256,0.508,28,78,0.359,31,45,0.689,52,109,161,79,44,45,14,18,115,52,319,70,763.7,1,0,705.0,1,2021-22,15.5,108.7,107.5,107.5,104.9,103.8,103.8,3.7,3.7,3.7,0.11,1.8,19.8,0.049,0.105,0.077,11.1,11.0,0.563,0.578,0.13,0.135,99.41,100.49,83.74,100.49,0.072,2170,1.9,3.8
1628404,Josh Hart,Josh,1610612757,POR,27.0,54,20,34,0.37,1790.99,287,569,0.504,73,213,0.343,160,211,0.758,62,326,388,224,114,61,13,39,150,174,807,-198,1716.6,12,0,1640.0,2,2021-22,33.2,107.1,108.4,108.4,112.4,113.2,113.2,-5.3,-4.9,-4.9,0.19,1.96,22.5,0.033,0.183,0.107,11.4,11.4,0.569,0.61,0.184,0.187,100.34,99.35,82.79,99.35,0.117,3699,5.3,10.5
1628367,Josh Jackson,Josh,1610612758,SAC,25.0,51,12,39,0.235,829.9383333333334,120,300,0.4,33,130,0.254,55,77,0.714,21,120,141,54,47,26,22,22,88,77,328,-156,675.2,0,0,652.0,2,2021-22,16.3,102.7,103.6,103.6,111.7,112.2,112.2,-9.0,-8.6,-8.6,0.105,1.15,12.5,0.025,0.149,0.085,10.9,10.8,0.455,0.491,0.196,0.201,100.98,100.34,83.62,100.34,0.066,1732,2.4,5.9
1629006,Josh Okogie,Josh,1610612750,MIN,23.0,49,23,26,0.469,515.79,42,104,0.404,14,47,0.298,35,51,0.686,29,41,70,25,23,26,12,10,53,56,133,39,345.5,0,0,318.0,1,2021-22,10.5,105.8,104.1,104.1,101.8,101.6,101.6,4.0,2.5,2.5,0.066,1.09,14.5,0.049,0.077,0.062,13.3,13.2,0.471,0.526,0.115,0.12,103.94,104.93,87.44,104.93,0.048,1133,0.9,2.1
1626196,Josh Richardson,Josh,1610612759,SAS,28.0,65,38,27,0.585,1599.7166666666667,234,534,0.438,102,246,0.415,96,108,0.889,42,143,185,115,66,56,29,25,116,88,666,138,1249.5,0,0,1238.0,2,2021-22,24.6,111.6,112.3,112.3,107.5,107.8,107.8,4.1,4.5,4.5,0.105,1.74,15.2,0.026,0.087,0.057,8.7,8.7,0.534,0.573,0.171,0.176,99.35,98.91,82.43,98.91,0.083,3292,3.6,8.2
1630563,Joshua Primo,Joshua,1610612759,SAS,19.0,50,22,28,0.44,965.04,101,270,0.374,42,137,0.307,44,59,0.746,32,81,113,81,57,20,23,10,79,67,288,-81,617.1,0,0,610.0,1,2021-22,19.3,106.5,107.9,107.9,111.0,111.2,111.2,-4.5,-3.3,-3.3,0.111,1.42,18.7,0.031,0.079,0.055,13.1,13.1,0.452,0.487,0.152,0.155,102.82,102.04,85.03,102.04,0.044,2045,2.0,5.4
201950,Jrue Holiday,Jrue,1610612749,MIL,32.0,67,47,20,0.701,2207.44,478,954,0.501,132,321,0.411,137,180,0.761,69,232,301,457,183,108,29,42,133,153,1225,426,2499.7,12,0,2389.0,1,2021-22,32.9,117.3,118.2,118.2,108.8,109.7,109.7,8.5,8.5,8.5,0.297,2.5,27.3,0.031,0.1,0.066,10.9,10.9,0.57,0.593,0.231,0.235,101.95,101.18,84.31,101.18,0.126,4666,7.1,14.2
1629308,Juan Toscano-Anderson,Juan,1610612744,GSW,29.0,73,51,22,0.699,994.1316666666668,115,235,0.489,28,87,0.322,40,70,0.571,28,148,176,127,68,48,17,19,115,60,298,46,826.7,0,0,759.0,1,2021-22,13.6,111.1,109.8,109.8,106.1,106.9,106.9,5.0,2.9,2.9,0.18,1.87,27.6,0.03,0.143,0.089,14.8,14.8,0.549,0.561,0.144,0.151,98.81,99.03,82.52,99.03,0.08,2045,1.6,3.2
1627823,Juancho Hernangomez,Juancho,1610612762,UTA,26.0,40,20,20,0.5,444.5516666666667,44,106,0.415,24,69,0.348,19,34,0.559,28,72,100,20,16,14,10,6,25,21,131,-5,337.0,0,0,323.0,3,2021-22,11.1,113.5,113.7,113.7,112.5,113.3,113.3,1.1,0.5,0.5,0.064,1.25,12.7,0.063,0.155,0.11,10.2,10.2,0.528,0.542,0.133,0.137,97.53,97.07,80.89,97.07,0.075,895,1.1,2.7
203944,Julius Randle,Julius,1610612752,NYK,27.0,72,32,40,0.444,2543.863333333333,512,1246,0.411,120,390,0.308,303,401,0.756,125,591,716,370,245,53,39,66,205,333,1447,-164,2892.2,31,1,2837.0,1,2021-22,35.3,106.7,108.0,108.0,110.0,111.6,111.6,-3.3,-3.6,-3.6,0.251,1.51,18.2,0.045,0.225,0.132,12.0,12.0,0.459,0.509,0.279,0.284,98.98,97.68,81.4,97.68,0.128,5187,7.1,17.3
1626147,Justin Anderson,Justin,1610612754,IND,28.0,16,3,13,0.188,315.8516666666667,36,95,0.379,15,59,0.254,15,19,0.789,4,42,46,33,8,8,6,5,22,15,102,-15,240.7,0,0,224.0,2,2021-22,19.7,115.4,116.7,116.7,117.2,116.9,116.9,-1.8,-0.1,-0.1,0.135,4.13,23.1,0.013,0.142,0.076,5.6,5.5,0.458,0.493,0.149,0.154,100.4,100.0,83.33,100.0,0.067,652,2.3,5.9
1630551,Justin Champagnie,Justin,1610612761,TOR,21.0,36,21,15,0.583,280.83166666666665,31,67,0.463,10,28,0.357,9,9,1.0,37,35,72,11,8,8,4,4,32,11,81,52,211.9,0,0,198.0,1,2021-22,7.8,115.7,115.4,115.4,109.5,108.0,108.0,6.2,7.4,7.4,0.051,1.38,12.2,0.111,0.126,0.118,8.9,8.9,0.537,0.571,0.111,0.116,98.48,99.31,82.75,99.31,0.07,585,0.9,1.9
203200,Justin Holiday,Justin,1610612758,SAC,33.0,74,25,49,0.338,2056.81,261,662,0.394,177,482,0.367,50,62,0.806,29,161,190,128,70,57,33,17,154,81,749,-206,1369.0,0,0,1424.0,2,2021-22,27.8,107.8,108.8,108.8,113.3,113.9,113.9,-5.5,-5.1,-5.1,0.086,1.83,14.4,0.014,0.08,0.046,7.9,7.9,0.528,0.543,0.156,0.159,101.02,100.27,83.56,100.27,0.057,4302,3.5,8.9
1628382,Justin Jackson,Justin,1610612756,PHX,27.0,7,6,1,0.857,36.46666666666667,5,15,0.333,3,9,0.333,2,2,1.0,1,6,7,2,1,0,0,0,3,1,15,-13,25.4,0,0,27.0,2,2021-22,5.2,81.6,84.4,84.4,108.3,100.0,100.0,-26.8,-15.6,-15.6,0.125,2.0,10.5,0.019,0.167,0.079,5.3,5.3,0.433,0.472,0.177,0.18,99.83,102.01,85.01,102.01,0.096,77,0.7,2.1
1629620,Justin Robinson,Justin,1610612765,DET,24.0,25,13,12,0.52,303.7283333333333,28,93,0.301,18,61,0.295,4,8,0.5,4,17,21,32,17,9,1,1,27,20,78,-123,164.2,0,0,169.0,3,2021-22,12.1,95.3,93.8,93.8,111.2,111.3,111.3,-15.8,-17.5,-17.5,0.175,1.88,21.9,0.011,0.051,0.031,11.6,11.7,0.398,0.404,0.153,0.159,103.74,104.54,87.12,104.54,0.023,658,1.1,3.7
1626159,Justise Winslow,Justise,1610612757,POR,26.0,48,24,24,0.5,774.6633333333333,110,257,0.428,15,66,0.227,39,66,0.591,50,152,202,84,49,35,25,23,67,52,274,28,773.4,2,0,695.0,2,2021-22,16.1,108.9,108.1,108.1,105.8,105.9,105.9,3.1,2.1,2.1,0.155,1.71,20.0,0.06,0.177,0.12,11.7,11.7,0.457,0.479,0.178,0.183,102.84,103.14,85.95,103.14,0.093,1661,2.3,5.4
203994,Jusuf Nurkić,Jusuf,1610612757,POR,27.0,56,25,31,0.446,1578.485,321,600,0.535,15,56,0.268,185,268,0.69,167,452,619,157,143,62,34,46,189,245,842,13,1965.3,30,0,1825.0,1,2021-22,28.2,108.3,109.9,109.9,109.2,110.1,110.1,-0.9,-0.1,-0.1,0.16,1.1,15.5,0.101,0.283,0.191,14.1,14.0,0.548,0.586,0.233,0.237,99.93,98.8,82.33,98.8,0.142,3257,5.7,10.7
1629752,Juwan Morgan,Juwan,1610612738,BOS,25.0,2,1,1,0.5,30.965,2,3,0.667,1,2,0.5,0,0,0.0,2,2,4,1,0,0,0,0,3,0,5,-17,11.3,0,0,11.0,2,2021-22,15.5,107.0,106.2,106.2,131.3,132.3,132.3,-24.2,-26.2,-26.2,0.043,0.0,25.0,0.061,0.065,0.063,0.0,0.0,0.833,0.833,0.04,0.041,100.76,100.76,83.97,100.76,0.033,65,1.0,1.5
1630231,KJ Martin,KJ,1610612745,HOU,21.0,79,20,59,0.253,1656.325,279,523,0.533,60,168,0.357,78,123,0.634,80,217,297,101,60,34,40,46,113,95,696,-238,1365.9,2,0,1302.0,1,2021-22,21.0,107.4,108.5,108.5,114.9,115.4,115.4,-7.5,-6.9,-6.9,0.091,1.68,13.7,0.047,0.131,0.088,8.2,8.1,0.591,0.603,0.158,0.162,103.18,102.4,85.33,102.4,0.095,3536,3.5,6.6
1629644,KZ Okpala,KZ,1610612748,MIA,23.0,21,14,7,0.667,244.07166666666663,30,69,0.435,9,26,0.346,8,11,0.727,11,30,41,14,5,4,7,2,25,11,77,6,175.2,0,0,163.0,1,2021-22,11.6,109.2,106.9,106.9,103.8,104.2,104.2,5.4,2.7,2.7,0.082,2.8,15.1,0.044,0.118,0.081,5.4,5.4,0.5,0.521,0.141,0.147,96.44,97.25,81.04,97.25,0.068,491,1.4,3.3
1630539,Kai Jones,Kai,1610612766,CHA,21.0,21,14,7,0.667,62.685,9,14,0.643,1,2,0.5,3,8,0.375,3,8,11,4,6,1,2,0,8,7,22,-14,44.2,0,0,44.0,1,2021-22,3.0,99.1,93.4,93.4,105.9,104.4,104.4,-6.8,-11.1,-11.1,0.103,0.67,14.3,0.045,0.114,0.081,21.4,21.8,0.679,0.628,0.15,0.16,100.07,103.76,86.46,103.76,0.065,136,0.4,0.7
1626157,Karl-Anthony Towns,Karl-Anthony,1610612750,MIN,26.0,74,44,30,0.595,2475.4566666666665,642,1214,0.529,150,366,0.41,384,467,0.822,194,533,727,269,226,72,83,92,267,426,1818,275,3332.9,40,1,3274.0,1,2021-22,33.5,114.3,116.9,116.9,110.5,111.6,111.6,3.8,5.3,5.3,0.177,1.19,14.2,0.074,0.21,0.141,11.9,11.8,0.591,0.64,0.272,0.277,103.16,101.48,84.57,101.48,0.159,5232,8.7,16.4
1626208,Keifer Sykes,Keifer,1610612754,IND,28.0,32,6,26,0.188,566.4033333333333,69,190,0.363,27,90,0.3,15,17,0.882,8,37,45,62,33,12,4,7,51,17,180,-69,342.0,0,0,346.0,1,2021-22,17.7,107.1,108.5,108.5,115.5,112.9,112.9,-8.4,-4.5,-4.5,0.162,1.88,21.3,0.014,0.069,0.04,11.3,11.3,0.434,0.456,0.174,0.18,98.41,98.86,82.38,98.86,0.039,1159,2.2,5.9
1628966,Keita Bates-Diop,Keita,1610612759,SAS,26.0,59,23,36,0.39,956.5483333333332,136,263,0.517,17,55,0.309,46,61,0.754,62,169,231,41,45,27,14,26,61,48,335,4,751.7,1,0,706.0,1,2021-22,16.2,107.4,107.0,107.0,106.8,106.2,106.2,0.6,0.8,0.8,0.059,0.91,10.9,0.061,0.163,0.112,12.0,12.0,0.549,0.578,0.144,0.149,101.77,102.27,85.22,102.27,0.092,2032,2.3,4.5
1629103,Kelan Martin,Kelan,1610612738,BOS,26.0,30,14,16,0.467,449.70166666666665,70,171,0.409,22,75,0.293,9,13,0.692,17,38,55,21,14,13,9,10,36,9,171,-53,320.5,0,0,313.0,2,2021-22,15.0,102.8,102.4,102.4,109.2,108.6,108.6,-6.4,-6.2,-6.2,0.072,1.5,9.9,0.035,0.086,0.059,6.6,6.6,0.474,0.484,0.18,0.187,97.6,98.09,81.74,98.09,0.06,921,2.3,5.7
1629640,Keldon Johnson,Keldon,1610612759,SAS,22.0,75,33,42,0.44,2391.725,471,1011,0.466,159,399,0.398,177,234,0.756,80,377,457,158,92,58,14,63,148,188,1278,75,2187.4,6,0,2196.0,1,2021-22,31.9,111.4,113.2,113.2,110.3,111.1,111.1,1.1,2.1,2.1,0.091,1.72,11.6,0.031,0.148,0.089,6.8,6.7,0.545,0.574,0.21,0.213,102.65,101.51,84.59,101.51,0.102,5043,6.3,13.5
1629833,Keljin Blevins,Keljin,1610612757,POR,26.0,31,4,27,0.129,349.3533333333333,34,111,0.306,21,72,0.292,6,11,0.545,16,29,45,19,17,13,1,6,29,5,95,-208,202.5,0,0,208.0,1,2021-22,11.3,97.0,97.1,97.1,125.4,124.9,124.9,-28.4,-27.7,-27.7,0.083,1.12,12.5,0.042,0.09,0.064,11.2,11.2,0.401,0.41,0.161,0.166,100.69,100.85,84.04,100.85,0.025,732,1.1,3.6
203482,Kelly Olynyk,Kelly,1610612765,DET,31.0,40,13,27,0.325,763.7166666666667,128,286,0.448,40,119,0.336,69,89,0.775,54,123,177,111,58,31,19,13,100,106,365,-70,835.9,1,0,793.0,1,2021-22,19.1,107.8,108.4,108.4,113.2,113.3,113.3,-5.4,-4.9,-4.9,0.214,1.91,22.6,0.067,0.17,0.116,11.8,11.7,0.517,0.561,0.207,0.214,102.03,101.76,84.8,101.76,0.105,1623,3.2,7.2
1626162,Kelly Oubre Jr.,Kelly,1610612766,CHA,26.0,76,39,37,0.513,1999.18,410,932,0.44,191,553,0.345,126,189,0.667,79,223,302,84,67,77,31,43,189,160,1137,-26,1882.4,1,0,1930.0,1,2021-22,26.3,111.1,112.3,112.3,111.6,112.4,112.4,-0.4,-0.2,-0.2,0.063,1.25,7.2,0.036,0.106,0.071,5.8,5.7,0.542,0.56,0.223,0.228,102.78,101.87,84.89,101.87,0.086,4235,5.4,12.3
202689,Kemba Walker,Kemba,1610612752,NYK,32.0,37,16,21,0.432,947.69,149,370,0.403,73,199,0.367,60,71,0.845,14,97,111,131,48,26,7,16,37,93,431,-182,811.7,1,1,812.0,1,2021-22,25.6,104.1,105.4,105.4,113.0,114.5,114.5,-8.9,-9.1,-9.1,0.22,2.73,22.7,0.014,0.099,0.055,8.3,8.3,0.501,0.537,0.202,0.206,100.15,98.92,82.43,98.92,0.098,1951,4.0,10.0
1629026,Kenrich Williams,Kenrich,1610612760,OKC,27.0,49,17,32,0.347,1072.3183333333334,146,317,0.461,41,121,0.339,30,55,0.545,75,145,220,108,46,44,10,18,81,74,363,25,905.0,0,0,840.0,1,2021-22,21.9,102.2,102.0,102.0,100.4,100.3,100.3,1.8,1.7,1.7,0.159,2.35,21.7,0.062,0.123,0.092,9.3,9.3,0.525,0.532,0.153,0.157,99.13,99.24,82.7,99.24,0.101,2211,3.0,6.5
203145,Kent Bazemore,Kent,1610612747,LAL,32.0,39,16,23,0.41,544.6133333333333,45,139,0.324,29,80,0.363,13,17,0.765,13,56,69,34,21,25,9,0,70,24,132,-118,346.8,0,0,332.0,1,2021-22,14.0,99.8,99.8,99.8,108.7,108.7,108.7,-8.9,-8.9,-8.9,0.085,1.62,16.8,0.022,0.097,0.059,10.4,10.4,0.428,0.451,0.128,0.13,103.8,103.78,86.48,103.78,0.032,1171,1.2,3.6
203484,Kentavious Caldwell-Pope,Kentavious,1610612764,WAS,29.0,77,34,43,0.442,2328.77,361,829,0.435,159,408,0.39,137,154,0.89,41,220,261,145,97,83,26,22,139,155,1018,-229,1778.7,2,0,1801.0,1,2021-22,30.2,108.6,109.1,109.1,112.9,113.8,113.8,-4.3,-4.7,-4.7,0.09,1.49,12.8,0.018,0.093,0.056,8.6,8.5,0.531,0.568,0.185,0.189,99.92,99.28,82.73,99.28,0.08,4816,4.7,10.8
1630553,Keon Johnson,Keon,1610612757,POR,20.0,37,8,29,0.216,696.2466666666667,96,272,0.353,34,100,0.34,41,51,0.804,24,57,81,76,46,28,12,23,69,46,267,-287,552.2,0,0,538.0,2,2021-22,18.8,100.1,100.8,100.8,118.1,119.8,119.8,-18.0,-19.0,-19.0,0.174,1.65,18.2,0.031,0.083,0.056,11.0,11.0,0.415,0.453,0.207,0.211,100.97,99.9,83.25,99.9,0.052,1444,2.6,7.4
1630556,Kessler Edwards,Kessler,1610612751,BKN,21.0,48,22,26,0.458,987.195,110,267,0.412,48,136,0.353,16,19,0.842,44,128,172,31,42,29,24,19,85,24,284,-60,653.9,1,0,641.0,1,2021-22,20.6,111.2,112.2,112.2,114.3,115.5,115.5,-3.2,-3.3,-3.3,0.04,0.74,8.9,0.043,0.124,0.084,12.1,12.1,0.502,0.516,0.132,0.136,101.69,100.72,83.93,100.72,0.051,2075,2.3,5.6
201142,Kevin Durant,Kevin,1610612751,BKN,33.0,55,36,19,0.655,2047.4066666666668,578,1115,0.518,115,300,0.383,372,409,0.91,29,378,407,351,191,48,52,38,113,325,1643,269,2766.9,18,4,2716.0,1,2021-22,37.2,114.6,116.2,116.2,107.6,109.7,109.7,6.9,6.5,6.5,0.274,1.84,19.1,0.015,0.166,0.097,10.4,10.4,0.57,0.634,0.31,0.314,102.88,101.17,84.31,101.17,0.18,4311,10.5,20.3
1628989,Kevin Huerter,Kevin,1610612737,ATL,23.0,74,40,34,0.541,2188.4566666666665,345,760,0.454,160,411,0.389,42,52,0.808,32,222,254,203,91,55,26,23,185,58,892,168,1653.3,1,0,1671.0,1,2021-22,29.6,115.5,116.4,116.4,111.9,112.5,112.5,3.7,3.8,3.8,0.125,2.23,18.9,0.014,0.098,0.056,8.5,8.5,0.559,0.57,0.169,0.172,100.98,100.31,83.59,100.31,0.072,4570,4.7,10.3
1628995,Kevin Knox II,Kevin,1610612737,ATL,22.0,30,18,12,0.6,222.49,31,85,0.365,15,54,0.278,16,22,0.727,14,30,44,10,7,4,2,4,19,15,93,-70,171.8,0,0,174.0,2,2021-22,7.4,100.6,98.5,98.5,115.4,113.7,113.7,-14.7,-15.1,-15.1,0.077,1.43,8.8,0.055,0.127,0.09,6.2,6.3,0.453,0.491,0.187,0.195,101.07,102.91,85.76,102.91,0.067,478,1.0,2.8
201567,Kevin Love,Kevin,1610612739,CLE,33.0,74,38,36,0.514,1664.865,327,761,0.43,187,477,0.392,166,198,0.838,87,449,536,160,98,26,18,17,101,173,1007,95,1924.2,15,0,1978.0,1,2021-22,22.5,108.4,108.9,108.9,107.7,107.4,107.4,0.7,1.5,1.5,0.153,1.63,14.5,0.051,0.258,0.155,8.9,8.9,0.553,0.594,0.239,0.245,100.09,99.97,83.31,99.97,0.152,3487,4.4,10.3
1630698,Kevin Pangos,Kevin,1610612739,CLE,29.0,24,16,8,0.667,166.01333333333332,15,46,0.326,6,26,0.231,3,4,0.75,2,9,11,30,7,3,0,1,11,10,39,-35,99.2,0,0,92.0,1,2021-22,6.9,107.0,104.9,104.9,118.9,117.1,117.1,-12.0,-12.1,-12.1,0.246,4.29,35.3,0.012,0.057,0.035,8.2,8.3,0.391,0.408,0.143,0.148,97.44,99.17,82.64,99.17,0.046,346,0.6,1.9
1629645,Kevin Porter Jr.,Kevin,1610612745,HOU,22.0,61,16,45,0.262,1907.1533333333332,335,808,0.415,155,413,0.375,124,193,0.642,43,224,267,376,192,69,22,40,156,174,949,-281,1914.4,10,1,1929.0,1,2021-22,31.3,106.1,108.3,108.3,113.4,114.9,114.9,-7.3,-6.7,-6.7,0.302,1.96,25.8,0.022,0.111,0.067,13.2,13.1,0.511,0.531,0.239,0.242,103.71,101.99,85.0,101.99,0.096,4048,5.5,13.2
1626172,Kevon Looney,Kevon,1610612744,GSW,26.0,82,53,29,0.646,1732.3433333333332,208,364,0.571,0,1,0.0,75,125,0.6,208,388,596,165,67,50,52,36,215,103,491,168,1692.7,5,0,1456.0,1,2021-22,21.1,112.5,113.2,113.2,105.7,107.2,107.2,6.7,6.0,6.0,0.127,2.46,25.2,0.12,0.21,0.166,10.2,10.3,0.571,0.586,0.12,0.121,100.67,99.65,83.04,99.65,0.102,3574,2.5,4.4
203920,Khem Birch,Khem,1610612761,TOR,29.0,55,34,21,0.618,991.1683333333332,97,200,0.485,0,14,0.0,53,71,0.746,122,117,239,56,29,30,26,12,104,63,247,21,756.8,0,0,654.0,1,2021-22,18.0,111.7,112.3,112.3,111.2,112.4,112.4,0.5,-0.1,-0.1,0.074,1.93,17.7,0.112,0.128,0.12,9.2,9.2,0.485,0.534,0.108,0.111,98.21,97.39,81.16,97.39,0.068,2021,1.8,3.6
203114,Khris Middleton,Khris,1610612749,MIL,30.0,66,44,22,0.667,2141.29,452,1021,0.443,162,434,0.373,259,291,0.89,41,315,356,358,190,76,18,46,160,211,1325,302,2381.2,4,0,2389.0,1,2021-22,32.4,114.4,115.0,115.0,108.9,109.6,109.6,5.6,5.4,5.4,0.246,1.88,21.3,0.019,0.136,0.079,11.3,11.2,0.522,0.577,0.255,0.262,103.49,102.88,85.73,102.88,0.122,4613,6.8,15.5
1630165,Killian Hayes,Killian,1610612765,DET,20.0,66,21,45,0.318,1646.9716666666666,176,459,0.383,44,167,0.263,57,74,0.77,36,174,210,277,111,78,35,30,183,82,453,-367,1348.5,2,0,1210.0,1,2021-22,25.0,101.5,102.6,102.6,112.0,112.9,112.9,-10.5,-10.3,-10.3,0.243,2.5,31.5,0.02,0.108,0.061,12.6,12.6,0.431,0.461,0.154,0.157,101.24,100.32,83.6,100.32,0.066,3437,2.7,7.0
1629681,Killian Tillie,Killian,1610612763,MEM,24.0,36,27,9,0.75,460.5916666666666,43,127,0.339,27,86,0.314,5,8,0.625,21,39,60,22,13,23,15,10,58,12,118,29,324.0,0,0,303.0,1,2021-22,12.8,107.5,109.2,109.2,105.6,105.8,105.8,1.9,3.4,3.4,0.061,1.69,13.3,0.04,0.085,0.061,7.8,7.9,0.445,0.452,0.128,0.129,100.59,99.68,83.07,99.68,0.034,955,1.2,3.5
1630184,Kira Lewis Jr.,Kira,1610612740,NOP,21.0,24,6,18,0.25,341.14,59,146,0.404,13,58,0.224,10,12,0.833,9,30,39,49,26,11,1,6,17,14,141,-107,271.3,0,0,266.0,1,2021-22,14.2,94.8,94.9,94.9,109.9,109.0,109.0,-15.1,-14.1,-14.1,0.239,1.88,21.7,0.023,0.083,0.052,11.5,11.5,0.449,0.466,0.209,0.215,102.36,102.71,85.6,102.71,0.079,728,2.5,6.1
202691,Klay Thompson,Klay,1610612744,GSW,32.0,32,17,15,0.531,940.8516666666668,246,573,0.429,114,296,0.385,46,51,0.902,15,110,125,88,43,16,17,13,54,40,652,66,990.0,0,0,1045.0,1,2021-22,29.4,111.4,111.4,111.4,107.2,108.0,108.0,4.3,3.3,3.3,0.153,2.05,12.1,0.015,0.106,0.062,5.9,5.9,0.529,0.547,0.284,0.292,101.92,101.53,84.6,101.53,0.114,1990,7.7,17.9
1627739,Kris Dunn,Kris,1610612757,POR,28.0,14,1,13,0.071,336.345,44,102,0.431,1,11,0.091,17,18,0.944,9,40,49,79,32,23,3,11,38,21,106,-92,329.3,0,0,287.0,1,2021-22,24.0,106.3,105.8,105.8,115.9,117.8,117.8,-9.6,-12.0,-12.0,0.339,2.47,35.9,0.027,0.12,0.073,14.5,14.5,0.436,0.482,0.176,0.181,101.9,101.32,84.44,101.32,0.088,707,3.1,7.3
204001,Kristaps Porziņģis,Kristaps,1610612764,WAS,26.0,51,26,25,0.51,1480.618333333333,352,767,0.459,78,252,0.31,248,286,0.867,102,309,411,119,81,37,84,29,137,233,1030,33,1983.7,15,0,1880.0,2,2021-22,29.0,110.3,109.9,109.9,108.8,109.5,109.5,1.5,0.4,0.4,0.133,1.47,10.9,0.068,0.204,0.137,7.4,7.4,0.51,0.577,0.286,0.295,98.06,97.92,81.6,97.92,0.15,3030,6.9,15.0
203937,Kyle Anderson,Kyle,1610612763,MEM,28.0,69,46,23,0.667,1483.6566666666668,209,469,0.446,36,109,0.33,67,105,0.638,69,299,368,183,71,77,45,25,108,81,521,59,1532.1,2,0,1352.0,1,2021-22,21.5,109.8,110.3,110.3,106.8,108.3,108.3,3.0,2.0,2.0,0.162,2.58,23.9,0.041,0.196,0.115,9.3,9.2,0.484,0.506,0.156,0.161,104.63,103.71,86.42,103.71,0.105,3203,3.0,6.8
1629657,Kyle Guy,Kyle,1610612748,MIA,24.0,19,15,4,0.789,185.7333333333333,26,65,0.4,14,40,0.35,8,12,0.667,4,13,17,17,13,7,1,3,12,15,74,-48,130.9,0,0,138.0,1,2021-22,9.8,98.1,96.5,96.5,110.9,110.1,110.1,-12.8,-13.6,-13.6,0.149,1.31,17.0,0.02,0.069,0.044,13.0,13.0,0.508,0.526,0.182,0.192,101.92,103.12,85.93,103.12,0.064,402,1.4,3.4
1628398,Kyle Kuzma,Kyle,1610612764,WAS,26.0,66,29,37,0.439,2204.27,423,936,0.452,128,375,0.341,156,219,0.712,70,491,561,233,169,42,57,35,128,184,1130,-281,2280.7,24,1,2250.0,1,2021-22,33.4,108.1,108.2,108.2,113.0,114.3,114.3,-4.9,-6.1,-6.1,0.164,1.38,16.2,0.032,0.213,0.126,11.8,11.8,0.52,0.547,0.238,0.243,99.51,98.94,82.45,98.94,0.118,4541,6.4,14.2
200768,Kyle Lowry,Kyle,1610612748,MIA,36.0,63,41,22,0.651,2133.155,276,627,0.44,144,382,0.377,148,174,0.851,33,249,282,474,168,67,17,20,177,226,844,250,1977.4,16,2,1912.0,1,2021-22,33.9,111.8,112.5,112.5,105.9,106.6,106.6,5.9,5.9,5.9,0.321,2.82,35.2,0.016,0.116,0.067,12.5,12.5,0.555,0.6,0.178,0.181,98.89,98.25,81.88,98.25,0.112,4364,4.4,10.0
202681,Kyrie Irving,Kyrie,1610612751,BKN,30.0,29,14,15,0.483,1091.505,289,616,0.469,100,239,0.418,118,129,0.915,16,111,127,167,73,41,17,25,81,111,796,121,1299.9,2,0,1306.0,1,2021-22,37.6,117.0,118.9,118.9,112.3,113.8,113.8,4.7,5.2,5.2,0.235,2.29,18.5,0.015,0.096,0.057,8.1,8.0,0.55,0.592,0.283,0.291,102.24,100.75,83.96,100.75,0.135,2292,10.0,21.2
200746,LaMarcus Aldridge,LaMarcus,1610612751,BKN,36.0,47,26,21,0.553,1050.085,252,458,0.55,14,46,0.304,89,102,0.873,73,185,258,42,44,14,47,11,78,89,607,19,1118.6,2,0,1043.0,1,2021-22,22.3,110.4,111.3,111.3,109.9,111.1,111.1,0.6,0.1,0.1,0.062,0.95,7.2,0.071,0.16,0.118,7.5,7.5,0.566,0.604,0.219,0.225,101.77,100.81,84.01,100.81,0.128,2213,5.4,9.7
1630163,LaMelo Ball,LaMelo,1610612766,CHA,20.0,75,39,36,0.52,2422.0666666666666,538,1254,0.429,220,565,0.389,212,243,0.872,108,393,501,571,245,119,30,51,237,238,1508,99,3167.7,23,5,3098.0,1,2021-22,32.3,112.9,114.0,114.0,111.8,112.5,112.5,1.1,1.5,1.5,0.341,2.33,26.4,0.042,0.157,0.098,11.3,11.3,0.517,0.554,0.271,0.277,103.71,102.88,85.74,102.88,0.132,5200,7.2,16.7
1630205,Lamar Stevens,Lamar,1610612739,CLE,24.0,63,35,28,0.556,1014.86,156,319,0.489,18,65,0.277,53,75,0.707,47,117,164,44,41,31,18,26,106,55,383,-40,751.8,0,0,707.0,1,2021-22,16.1,109.4,108.4,108.4,109.6,109.7,109.7,-0.2,-1.3,-1.3,0.066,1.07,10.1,0.048,0.112,0.081,9.4,9.4,0.517,0.544,0.169,0.176,97.59,98.0,81.67,98.0,0.068,2066,2.5,5.1
202362,Lance Stephenson,Lance,1610612754,IND,31.0,46,11,35,0.239,813.9783333333334,147,323,0.455,27,90,0.3,63,80,0.788,12,115,127,165,72,24,4,18,96,64,384,-113,795.9,3,0,759.0,2,2021-22,17.7,110.2,110.4,110.4,118.8,117.4,117.4,-8.6,-7.0,-7.0,0.298,2.29,27.7,0.014,0.149,0.079,12.1,12.1,0.497,0.536,0.219,0.226,100.73,101.25,84.38,101.25,0.096,1720,3.2,7.0
1629013,Landry Shamet,Landry,1610612756,PHX,25.0,69,53,16,0.768,1437.3833333333334,191,485,0.394,123,334,0.368,68,81,0.84,16,110,126,108,41,28,9,30,92,68,573,137,956.2,0,0,1004.0,1,2021-22,20.8,107.3,107.8,107.8,102.9,102.9,102.9,4.4,4.9,4.9,0.104,2.63,16.3,0.01,0.072,0.041,6.2,6.1,0.521,0.55,0.16,0.167,102.15,101.89,84.9,101.89,0.069,3045,2.8,7.0
204038,Langston Galloway,Langston,1610612749,MIL,30.0,7,4,3,0.571,106.7,6,26,0.231,2,16,0.125,0,0,0.0,3,15,18,12,6,1,0,1,7,3,14,-12,50.6,0,0,48.0,2,2021-22,15.2,93.6,93.4,93.4,95.6,100.0,100.0,-1.9,-6.6,-6.6,0.156,2.0,27.3,0.023,0.106,0.067,13.6,13.6,0.269,0.269,0.118,0.123,104.59,102.34,85.29,102.34,0.029,229,0.9,3.7
1626204,Larry Nance Jr.,Larry,1610612740,NOP,29.0,46,19,27,0.413,1040.0716666666667,129,247,0.522,23,70,0.329,40,57,0.702,72,176,248,81,37,43,20,11,84,66,321,-60,892.1,0,0,799.0,2,2021-22,22.6,110.5,110.7,110.7,111.6,112.6,112.6,-1.1,-1.9,-1.9,0.115,2.19,20.7,0.069,0.173,0.12,9.5,9.5,0.569,0.59,0.128,0.131,98.71,98.16,81.8,98.16,0.098,2118,2.8,5.4
1628374,Lauri Markkanen,Lauri,1610612739,CLE,25.0,61,32,29,0.525,1877.5866666666664,313,703,0.445,136,380,0.358,138,159,0.868,59,286,345,81,54,45,30,46,130,148,900,172,1606.5,3,0,1612.0,1,2021-22,30.8,113.6,113.9,113.9,109.1,109.9,109.9,4.5,3.9,3.9,0.062,1.5,8.9,0.033,0.147,0.092,5.9,5.9,0.542,0.582,0.192,0.195,98.22,97.7,81.41,97.7,0.097,3831,5.1,11.5
2544,LeBron James,LeBron,1610612747,LAL,37.0,56,25,31,0.446,2084.335,640,1221,0.524,161,448,0.359,254,336,0.756,63,396,459,349,196,73,59,46,121,306,1695,-117,2969.3,21,6,2928.0,1,2021-22,37.2,110.1,110.9,110.9,112.0,113.5,113.5,-1.9,-2.5,-2.5,0.297,1.78,18.4,0.031,0.185,0.109,10.4,10.2,0.59,0.619,0.317,0.327,102.02,100.92,84.1,100.92,0.18,4380,11.4,21.8
1630195,Leandro Bolmaro,Leandro,1610612750,MIN,21.0,35,19,16,0.543,240.945,17,54,0.315,5,18,0.278,11,13,0.846,16,27,43,21,13,6,0,1,26,17,50,3,138.1,0,0,131.0,1,2021-22,6.9,105.7,102.6,102.6,104.6,102.5,102.5,1.1,0.2,0.2,0.118,1.62,22.3,0.062,0.107,0.084,13.8,13.9,0.361,0.419,0.122,0.127,102.98,105.58,87.99,105.58,0.038,531,0.5,1.5
1629623,Lindell Wigginton,Lindell,1610612749,MIL,24.0,19,11,8,0.579,199.12833333333333,26,61,0.426,9,26,0.346,19,35,0.543,3,22,25,23,12,5,1,6,17,31,80,-47,150.5,0,0,149.0,1,2021-22,10.5,110.3,107.3,107.3,119.4,119.2,119.2,-9.2,-11.8,-11.8,0.167,1.92,20.7,0.015,0.106,0.062,10.8,10.8,0.5,0.524,0.183,0.192,103.33,104.86,87.38,104.86,0.06,437,1.4,3.2
1630322,Lindy Waters III,Lindy,1610612760,OKC,24.0,25,6,19,0.24,465.25,71,175,0.406,53,146,0.363,4,5,0.8,6,67,73,24,11,19,8,2,31,10,199,-39,392.6,0,0,403.0,1,2021-22,18.6,108.5,108.5,108.5,114.1,113.2,113.2,-5.6,-4.7,-4.7,0.078,2.18,11.3,0.012,0.14,0.075,5.2,5.2,0.557,0.562,0.166,0.171,102.41,102.81,85.67,102.81,0.082,1000,2.8,7.0
1629022,Lonnie Walker IV,Lonnie,1610612759,SAS,23.0,70,27,43,0.386,1612.3233333333333,311,764,0.407,111,353,0.314,116,148,0.784,18,163,181,152,71,44,19,27,98,91,849,-80,1412.2,0,0,1419.0,1,2021-22,23.0,108.5,108.5,108.5,110.9,111.5,111.5,-2.4,-3.0,-3.0,0.137,2.14,14.4,0.01,0.095,0.053,6.7,6.7,0.48,0.512,0.232,0.239,102.58,102.29,85.24,102.29,0.083,3447,4.4,10.9
1628366,Lonzo Ball,Lonzo,1610612741,CHI,24.0,35,22,13,0.629,1212.345,162,383,0.423,110,260,0.423,21,28,0.75,35,155,190,178,82,64,31,18,85,39,455,81,1153.0,3,1,1123.0,1,2021-22,34.6,109.2,110.1,110.1,106.0,107.0,107.0,3.2,3.1,3.1,0.203,2.17,27.2,0.029,0.125,0.077,12.5,12.5,0.567,0.575,0.17,0.172,100.97,100.11,83.43,100.11,0.097,2530,4.6,10.9
101150,Lou Williams,Lou,1610612737,ATL,35.0,56,33,23,0.589,798.8766666666667,125,320,0.391,37,102,0.363,67,78,0.859,16,71,87,105,43,28,3,12,48,68,354,15,665.9,0,0,645.0,1,2021-22,14.3,112.3,110.4,110.4,110.3,109.5,109.5,2.0,0.8,0.8,0.196,2.44,20.9,0.02,0.084,0.052,8.5,8.6,0.448,0.5,0.215,0.222,98.41,99.65,83.04,99.65,0.083,1659,2.2,5.7
1629663,Louis King,Louis,1610612758,SAC,23.0,10,2,8,0.2,103.60666666666668,15,47,0.319,8,27,0.296,7,10,0.7,0,12,12,9,0,2,1,1,14,9,45,-29,81.9,0,0,80.0,1,2021-22,10.4,102.1,103.1,103.1,113.5,115.0,115.0,-11.3,-11.9,-11.9,0.125,0.0,15.0,0.0,0.115,0.051,0.0,0.0,0.404,0.438,0.195,0.201,105.88,104.7,87.25,104.7,0.047,225,1.5,4.7
1629652,Luguentz Dort,Luguentz,1610612760,OKC,23.0,51,17,34,0.333,1665.3533333333332,293,726,0.404,130,391,0.332,161,191,0.843,38,174,212,88,88,46,18,48,149,180,877,-295,1367.4,0,0,1435.0,1,2021-22,32.7,101.1,101.9,101.9,109.1,110.1,110.1,-8.0,-8.1,-8.1,0.087,1.0,8.9,0.02,0.097,0.058,8.9,8.9,0.493,0.541,0.228,0.232,101.59,100.75,83.96,100.75,0.077,3490,5.7,14.2
1629029,Luka Dončić,Luka,1610612742,DAL,23.0,65,44,21,0.677,2300.718333333333,641,1403,0.457,201,569,0.353,364,489,0.744,56,537,593,568,292,75,36,44,145,402,1847,146,3451.6,44,10,3431.0,1,2021-22,35.4,112.8,113.8,113.8,108.6,110.3,110.3,4.1,3.5,3.5,0.458,1.95,22.9,0.025,0.23,0.129,11.8,11.8,0.529,0.571,0.368,0.375,97.37,96.18,80.15,96.18,0.191,4604,9.9,21.6
1630568,Luka Garza,Luka,1610612765,DET,23.0,32,3,29,0.094,388.965,66,147,0.449,16,49,0.327,38,61,0.623,58,42,100,20,18,9,6,17,55,59,186,-63,363.0,2,0,352.0,1,2021-22,12.2,102.7,104.6,104.6,110.9,110.9,110.9,-8.3,-6.3,-6.3,0.086,1.11,9.6,0.13,0.116,0.124,8.6,8.5,0.503,0.535,0.195,0.201,103.13,102.18,85.15,102.18,0.075,823,2.1,4.6
1628379,Luke Kennard,Luke,1610612746,LAC,26.0,70,35,35,0.5,1919.1333333333332,287,639,0.449,190,423,0.449,69,77,0.896,20,209,229,146,60,42,6,17,101,52,833,184,1410.8,1,0,1494.0,1,2021-22,27.4,108.8,110.0,110.0,105.4,106.6,106.6,3.4,3.4,3.4,0.111,2.43,16.9,0.01,0.1,0.057,6.9,6.8,0.598,0.619,0.16,0.167,99.66,98.54,82.12,98.54,0.095,3963,4.1,9.1
1628436,Luke Kornet,Luke,1610612738,BOS,26.0,15,11,4,0.733,103.33333333333331,13,27,0.481,0,5,0.0,4,6,0.667,13,16,29,9,0,3,3,2,9,5,30,22,96.3,0,0,80.0,3,2021-22,6.9,118.5,117.2,117.2,110.1,106.8,106.8,8.3,10.4,10.4,0.108,0.0,23.7,0.118,0.142,0.13,0.0,0.0,0.481,0.506,0.112,0.119,100.77,102.89,85.74,102.89,0.084,221,0.9,1.8
1630640,MJ Walker,MJ,1610612756,PHX,24.0,2,1,1,0.5,8.393333333333333,0,4,0.0,0,2,0.0,0,0,0.0,0,1,1,1,0,2,0,1,1,0,0,-3,8.7,0,0,6.0,1,2021-22,4.2,67.0,70.0,70.0,85.2,89.5,89.5,-18.1,-19.5,-19.5,0.167,0.0,20.0,0.0,0.143,0.048,0.0,0.0,0.0,0.0,0.138,0.149,116.78,111.52,92.93,111.52,-0.05,20,0.0,2.0
1630644,Mac McClung,Mac,1610612747,LAL,23.0,2,2,0,1.0,24.383333333333333,3,6,0.5,1,3,0.333,1,1,1.0,0,3,3,1,3,1,1,1,5,2,8,7,16.1,0,0,17.0,2,2021-22,12.2,122.7,124.5,124.5,106.9,105.4,105.4,15.8,19.2,19.2,0.059,0.33,10.0,0.0,0.107,0.067,30.0,28.7,0.583,0.621,0.164,0.172,107.29,107.29,89.41,107.29,0.024,53,1.5,3.0
1630201,Malachi Flynn,Malachi,1610612761,TOR,24.0,44,25,19,0.568,537.0566666666666,72,183,0.393,30,90,0.333,15,24,0.625,10,53,63,70,13,20,4,10,45,31,189,-26,428.6,0,0,400.0,1,2021-22,12.2,107.8,109.2,109.2,111.0,111.8,111.8,-3.2,-2.6,-2.6,0.185,5.38,25.4,0.016,0.097,0.053,4.7,4.7,0.475,0.488,0.157,0.161,100.98,99.97,83.31,99.97,0.074,1120,1.6,4.2
1627763,Malcolm Brogdon,Malcolm,1610612754,IND,29.0,36,14,22,0.389,1206.2483333333332,243,543,0.448,58,186,0.312,143,167,0.856,33,152,185,212,77,30,14,39,71,132,687,0,1282.0,6,1,1230.0,1,2021-22,33.5,108.5,110.8,110.8,111.1,111.1,111.1,-2.6,-0.4,-0.4,0.271,2.75,23.6,0.026,0.121,0.074,8.6,8.5,0.501,0.557,0.241,0.247,99.53,98.49,82.07,98.49,0.129,2479,6.8,15.1
1630792,Malcolm Hill,Malcolm,1610612741,CHI,26.0,19,8,11,0.421,212.09,24,52,0.462,13,36,0.361,11,14,0.786,11,24,35,8,3,7,3,2,24,11,72,-31,153.0,0,0,148.0,2,2021-22,11.2,109.0,107.4,107.4,114.1,114.7,114.7,-5.1,-7.3,-7.3,0.05,2.67,11.8,0.051,0.118,0.084,4.4,4.3,0.587,0.619,0.118,0.124,102.73,103.2,86.0,103.2,0.063,457,1.3,2.7
1627736,Malik Beasley,Malik,1610612750,MIN,25.0,79,46,33,0.582,1976.26,332,850,0.391,240,637,0.377,49,60,0.817,26,201,227,116,43,43,12,34,88,38,953,82,1521.4,0,0,1646.0,1,2021-22,25.0,110.5,112.1,112.1,109.4,110.1,110.1,1.1,2.0,2.0,0.085,2.7,11.3,0.012,0.1,0.054,4.2,4.2,0.532,0.544,0.189,0.193,104.34,103.24,86.03,103.24,0.081,4250,4.2,10.8
1630238,Malik Fitts,Malik,1610612738,BOS,24.0,15,13,2,0.867,62.75833333333333,8,19,0.421,5,10,0.5,0,0,0.0,2,15,17,5,2,0,0,2,4,0,21,-19,46.9,0,0,48.0,2,2021-22,4.2,95.3,93.4,93.4,107.5,109.7,109.7,-12.2,-16.3,-16.3,0.125,2.5,19.2,0.033,0.185,0.12,7.7,7.7,0.553,0.553,0.139,0.149,103.64,103.64,86.36,103.64,0.103,137,0.5,1.3
1628370,Malik Monk,Malik,1610612747,LAL,24.0,76,32,44,0.421,2138.435,391,826,0.473,173,442,0.391,93,117,0.795,37,219,256,218,122,61,29,34,138,109,1048,53,1830.2,1,0,1875.0,1,2021-22,28.1,112.2,113.2,113.2,112.1,112.9,112.9,0.1,0.3,0.3,0.144,1.79,17.9,0.017,0.099,0.058,10.0,10.0,0.578,0.597,0.195,0.2,102.47,101.65,84.71,101.65,0.093,4546,5.1,10.9
1629005,Malik Newman,Malik,1610612739,CLE,25.0,1,0,1,0.0,7.683333333333334,3,5,0.6,0,1,0.0,2,2,1.0,0,1,1,1,1,0,0,0,0,1,8,1,9.7,0,0,10.0,1,2021-22,7.7,86.2,91.7,91.7,92.9,83.3,83.3,-6.7,8.3,8.3,1.0,1.0,12.5,0.0,0.1,0.053,12.5,12.7,0.6,0.68,0.438,0.437,73.47,74.97,62.47,74.97,0.519,12,3.0,5.0
1629603,Mamadi Diakite,Mamadi,1610612760,OKC,25.0,13,4,9,0.308,187.6833333333333,25,47,0.532,0,5,0.0,6,11,0.545,17,42,59,2,7,5,9,5,33,14,56,-14,164.8,0,0,145.0,1,2021-22,14.4,96.3,95.8,95.8,102.9,98.9,98.9,-6.7,-3.2,-3.2,0.018,0.29,3.3,0.084,0.216,0.149,11.5,11.5,0.532,0.54,0.136,0.139,94.81,96.93,80.77,96.93,0.08,378,1.9,3.6
1630585,Marcus Garrett,Marcus,1610612748,MIA,23.0,12,11,1,0.917,128.22833333333332,5,21,0.238,1,4,0.25,2,5,0.4,9,14,23,7,2,5,3,3,16,5,13,17,73.1,0,0,60.0,1,2021-22,10.7,118.7,114.1,114.1,109.1,108.3,108.3,9.6,5.8,5.8,0.069,3.5,21.9,0.072,0.108,0.09,6.3,6.2,0.262,0.28,0.086,0.092,93.19,95.45,79.55,95.45,0.016,256,0.4,1.8
202694,Marcus Morris Sr.,Marcus,1610612746,LAC,32.0,54,26,28,0.481,1564.28,300,691,0.434,101,275,0.367,129,148,0.872,26,213,239,113,69,28,18,22,115,114,830,-143,1355.3,2,0,1375.0,1,2021-22,29.0,108.1,109.2,109.2,112.7,114.0,114.0,-4.6,-4.8,-4.8,0.114,1.64,12.1,0.016,0.129,0.074,7.4,7.4,0.507,0.549,0.228,0.234,98.84,97.78,81.48,97.78,0.095,3191,5.6,12.8
203935,Marcus Smart,Marcus,1610612738,BOS,28.0,71,47,24,0.662,2295.8416666666667,300,718,0.418,119,360,0.331,142,179,0.793,42,228,270,417,159,119,18,28,160,235,861,442,2062.5,2,0,1941.0,1,2021-22,32.3,114.0,114.5,114.5,103.4,105.2,105.2,10.5,9.3,9.3,0.245,2.62,30.4,0.018,0.093,0.057,11.6,11.6,0.501,0.54,0.179,0.182,100.09,99.02,82.51,99.02,0.095,4737,4.2,10.1
1628365,Markelle Fultz,Markelle,1610612753,ORL,24.0,18,6,12,0.333,359.7316666666667,83,175,0.474,4,17,0.235,25,31,0.806,4,45,49,99,40,20,5,13,22,36,195,-37,437.3,1,0,397.0,1,2021-22,20.0,103.6,103.7,103.7,109.0,109.1,109.1,-5.3,-5.3,-5.3,0.448,2.48,30.5,0.01,0.116,0.063,12.3,12.2,0.486,0.517,0.265,0.274,103.11,103.01,85.84,103.01,0.134,774,4.6,9.7
202693,Markieff Morris,Markieff,1610612748,MIA,32.0,17,10,7,0.588,298.3383333333333,54,114,0.474,13,39,0.333,8,9,0.889,17,28,45,23,20,6,1,1,33,13,129,19,218.5,0,0,224.0,1,2021-22,17.5,112.6,112.4,112.4,108.5,107.9,107.9,4.0,4.5,4.5,0.116,1.15,14.3,0.059,0.089,0.075,12.4,12.4,0.531,0.547,0.197,0.203,98.91,99.27,82.72,99.27,0.066,613,3.2,6.7
1630250,Marko Simonovic,Marko,1610612741,CHI,22.0,9,4,5,0.444,35.185,4,15,0.267,1,5,0.2,8,11,0.727,5,5,10,0,2,1,1,3,6,7,17,3,33.0,0,0,32.0,1,2021-22,3.9,108.3,105.4,105.4,101.5,104.2,104.2,6.9,1.2,1.2,0.0,0.0,0.0,0.122,0.119,0.12,9.1,9.2,0.3,0.428,0.247,0.266,99.53,99.59,82.99,99.59,0.033,74,0.4,1.7
1630210,Markus Howard,Markus,1610612743,DEN,23.0,31,17,14,0.548,176.49666666666667,39,101,0.386,28,70,0.4,20,23,0.87,2,10,12,7,7,9,0,9,17,17,126,-12,170.9,0,0,191.0,1,2021-22,5.7,108.6,107.9,107.9,115.1,112.8,112.8,-6.5,-4.9,-4.9,0.068,1.0,5.7,0.01,0.064,0.033,5.7,5.6,0.525,0.567,0.264,0.284,101.2,102.53,85.44,102.53,0.087,380,1.3,3.3
1627737,Marquese Chriss,Marquese,1610612742,DAL,24.0,34,24,10,0.706,345.67833333333334,62,134,0.463,8,25,0.32,22,33,0.667,33,70,103,17,17,13,12,20,64,33,154,-10,361.1,0,0,332.0,1,2021-22,10.2,106.0,105.4,105.4,109.1,107.5,107.5,-3.1,-2.1,-2.1,0.079,1.0,9.3,0.096,0.197,0.147,9.3,9.3,0.493,0.518,0.205,0.212,98.87,99.91,83.26,99.91,0.082,722,1.8,3.9
1628963,Marvin Bagley III,Marvin,1610612765,DET,23.0,48,17,31,0.354,1146.0616666666667,225,446,0.504,23,97,0.237,67,101,0.663,105,233,338,36,39,22,18,30,93,105,540,-132,1080.6,7,0,1017.0,2,2021-22,23.9,107.7,109.3,109.3,114.1,114.9,114.9,-6.4,-5.6,-5.6,0.049,0.92,6.4,0.084,0.2,0.14,6.9,6.9,0.53,0.551,0.191,0.197,99.89,98.78,82.32,98.78,0.108,2359,4.7,9.3
1630222,Mason Jones,Mason,1610612747,LAL,23.0,4,2,2,0.5,50.583333333333336,7,15,0.467,1,4,0.25,12,15,0.8,1,9,10,4,1,2,0,0,8,10,27,23,50.0,0,0,46.0,1,2021-22,12.6,113.7,114.7,114.7,94.4,91.9,91.9,19.3,22.8,22.8,0.129,4.0,15.4,0.02,0.148,0.09,3.8,3.8,0.5,0.625,0.18,0.19,103.43,104.38,86.99,104.38,0.126,109,1.8,3.8
203486,Mason Plumlee,Mason,1610612766,CHA,32.0,73,40,33,0.548,1792.525,205,320,0.641,0,2,0.0,67,171,0.392,176,389,565,226,100,61,52,29,224,169,477,5,1733.0,7,0,1494.0,1,2021-22,24.6,109.9,110.5,110.5,108.9,109.6,109.6,1.0,0.9,0.9,0.165,2.26,31.3,0.091,0.205,0.148,13.8,13.9,0.641,0.603,0.117,0.118,101.89,101.31,84.43,101.31,0.093,3771,2.8,4.4
1629680,Matisse Thybulle,Matisse,1610612755,PHI,25.0,66,43,23,0.652,1685.263333333333,150,300,0.5,45,144,0.313,34,43,0.791,42,109,151,75,39,115,71,8,158,49,379,87,1191.7,0,0,1022.0,1,2021-22,25.5,111.0,110.9,110.9,105.9,107.2,107.2,5.1,3.8,3.8,0.063,1.92,17.4,0.026,0.064,0.045,9.0,9.0,0.575,0.594,0.095,0.097,97.84,97.32,81.1,97.32,0.057,3398,2.3,4.5
1629760,Matt Mooney,Matt,1610612752,NYK,27.0,1,1,0,1.0,1.9333333333333331,0,1,0.0,0,1,0.0,0,0,0.0,0,0,0,0,1,1,0,0,0,0,0,-5,2.0,0,0,2.0,1,2021-22,1.9,50.0,40.0,40.0,140.0,140.0,140.0,-90.0,-100.0,-100.0,0.0,0.0,0.0,0.0,0.0,0.0,50.0,50.0,0.0,0.0,0.4,0.5,111.72,124.14,103.45,124.14,-0.091,5,0.0,1.0
1630346,Matt Ryan,Matt,1610612738,BOS,25.0,1,1,0,1.0,5.25,1,5,0.2,1,5,0.2,0,0,0.0,0,0,0,0,0,1,0,0,0,0,3,3,6.0,0,0,6.0,1,2021-22,5.3,107.7,116.7,116.7,89.3,91.7,91.7,18.4,25.0,25.0,0.0,0.0,0.0,0.0,0.0,0.0,0.0,0.0,0.3,0.3,0.357,0.385,115.75,109.71,91.43,109.71,0.0,12,1.0,5.0
1629744,Matt Thomas,Matt,1610612741,CHI,27.0,40,23,17,0.575,459.51166666666666,55,134,0.41,35,91,0.385,16,20,0.8,3,47,50,20,8,8,3,5,18,16,161,32,276.0,0,0,288.0,1,2021-22,11.5,112.0,109.5,109.5,107.9,108.5,108.5,4.0,1.1,1.1,0.059,2.5,11.8,0.007,0.096,0.053,4.7,4.7,0.541,0.564,0.137,0.145,100.14,101.01,84.18,101.01,0.068,977,1.4,3.4
203090,Maurice Harkless,Maurice,1610612758,SAC,29.0,47,15,32,0.319,863.4716666666667,83,181,0.459,31,101,0.307,20,28,0.714,12,100,112,23,31,29,24,9,77,27,217,-90,513.9,1,0,489.0,1,2021-22,18.4,106.3,106.7,106.7,111.0,110.8,110.8,-4.7,-4.2,-4.2,0.035,0.74,9.3,0.014,0.114,0.065,12.6,12.5,0.544,0.561,0.112,0.115,101.18,101.09,84.24,101.09,0.048,1812,1.8,3.9
1629622,Max Strus,Max,1610612748,MIA,26.0,68,46,22,0.676,1587.0816666666667,249,564,0.441,181,442,0.41,42,53,0.792,24,178,202,92,57,28,16,16,116,70,721,171,1176.4,0,0,1284.0,1,2021-22,23.3,113.1,113.7,113.7,107.5,108.1,108.1,5.7,5.6,5.6,0.086,1.61,12.6,0.016,0.112,0.065,7.8,7.7,0.602,0.614,0.177,0.182,97.61,97.07,80.89,97.07,0.086,3205,3.7,8.3
1628467,Maxi Kleber,Maxi,1610612742,DAL,30.0,59,36,23,0.61,1449.861666666667,141,354,0.398,83,255,0.325,46,65,0.708,70,280,350,68,47,30,58,14,137,88,411,120,1150.0,2,0,1088.0,1,2021-22,24.6,109.0,109.2,109.2,104.6,105.3,105.3,4.4,3.9,3.9,0.067,1.45,13.6,0.047,0.182,0.116,9.4,9.4,0.516,0.537,0.131,0.135,96.85,96.44,80.37,96.44,0.081,2916,2.4,6.0
1630593,McKinley Wright IV,McKinley,1610612750,MIN,23.0,5,3,2,0.6,18.866666666666667,2,3,0.667,1,2,0.5,0,0,0.0,0,0,0,3,1,0,0,0,1,0,5,-7,8.5,0,0,9.0,1,2021-22,3.8,111.1,102.4,102.4,132.6,128.2,128.2,-21.5,-25.8,-25.8,0.231,3.0,42.9,0.0,0.0,0.0,14.3,14.3,0.833,0.833,0.082,0.089,97.24,103.04,85.87,103.04,0.06,42,0.4,0.6
1628982,Melvin Frazier Jr.,Melvin,1610612760,OKC,25.0,3,0,3,0.0,119.56666666666666,13,48,0.271,1,21,0.048,5,7,0.714,5,8,13,1,3,1,0,5,8,8,32,-92,49.1,0,0,49.0,1,2021-22,39.9,91.0,91.5,91.5,129.9,130.3,130.3,-38.9,-38.8,-38.8,0.013,0.33,1.8,0.033,0.072,0.049,5.5,5.4,0.281,0.313,0.191,0.195,98.98,98.56,82.13,98.56,-0.007,247,4.3,16.0
1630695,Micah Potter,Micah,1610612765,DET,24.0,3,2,1,0.667,30.93166666666667,5,11,0.455,0,2,0.0,2,2,1.0,4,5,9,0,1,1,1,0,4,4,12,-40,27.8,0,0,25.0,1,2021-22,10.3,61.2,60.3,60.3,110.5,116.7,116.7,-49.2,-56.4,-56.4,0.0,0.0,0.0,0.095,0.125,0.11,8.3,7.8,0.455,0.505,0.148,0.168,114.74,112.51,93.76,112.51,0.093,73,1.7,3.7
1629008,Michael Porter Jr.,Michael,1610612743,DEN,24.0,9,5,4,0.556,265.04833333333335,37,103,0.359,10,48,0.208,5,9,0.556,9,50,59,17,12,10,2,4,16,10,89,58,209.3,1,0,199.0,1,2021-22,29.4,103.8,104.5,104.5,94.5,94.7,94.7,9.2,9.8,9.8,0.085,1.42,12.6,0.035,0.172,0.108,8.9,8.8,0.408,0.416,0.192,0.197,100.79,100.33,83.61,100.33,0.074,556,4.1,11.4
1628969,Mikal Bridges,Mikal,1610612756,PHX,25.0,82,64,18,0.78,2854.353333333333,458,858,0.534,115,312,0.369,131,157,0.834,74,273,347,185,68,96,36,29,150,153,1162,576,2183.9,0,0,2073.0,1,2021-22,34.8,116.0,116.7,116.7,105.1,106.9,106.9,10.9,9.8,9.8,0.084,2.72,15.7,0.027,0.089,0.06,5.8,5.8,0.601,0.627,0.149,0.152,101.74,100.59,83.82,100.59,0.091,5976,5.6,10.5
201144,Mike Conley,Mike,1610612762,UTA,34.0,72,44,28,0.611,2058.1383333333333,344,791,0.435,169,414,0.408,129,162,0.796,47,170,217,385,123,96,21,28,142,161,986,347,2051.9,2,0,1991.0,1,2021-22,28.6,113.5,112.5,112.5,105.7,104.9,104.9,7.7,7.7,7.7,0.281,3.13,28.1,0.023,0.079,0.051,9.0,9.0,0.542,0.572,0.202,0.209,98.83,99.63,83.03,99.63,0.113,4281,4.8,11.0
203488,Mike Muscala,Mike,1610612760,OKC,30.0,43,15,28,0.349,592.52,113,248,0.456,70,163,0.429,48,57,0.842,21,108,129,22,14,18,26,10,58,47,344,23,649.8,0,0,653.0,1,2021-22,13.8,105.8,106.7,106.7,105.3,104.9,104.9,0.5,1.8,1.8,0.06,1.57,7.2,0.032,0.166,0.099,4.6,4.5,0.597,0.63,0.198,0.206,102.4,102.15,85.13,102.15,0.131,1261,2.6,5.8
1628970,Miles Bridges,Miles,1610612766,CHA,24.0,80,41,39,0.513,2837.113333333333,596,1214,0.491,154,465,0.331,267,333,0.802,90,469,559,300,150,74,67,62,193,275,1613,142,3006.8,15,0,2908.0,1,2021-22,35.5,113.3,114.5,114.5,111.1,112.4,112.4,2.2,2.1,2.1,0.153,2.0,16.6,0.03,0.158,0.094,8.3,8.3,0.554,0.593,0.224,0.228,102.06,100.98,84.15,100.98,0.12,5975,7.5,15.2
1630540,Miles McBride,Miles,1610612752,NYK,21.0,40,19,21,0.475,372.2116666666666,32,108,0.296,17,68,0.25,8,12,0.667,4,38,42,41,5,14,1,4,45,13,89,101,240.9,0,0,219.0,1,2021-22,9.3,115.3,113.1,113.1,100.5,100.1,100.1,14.8,13.0,13.0,0.159,8.2,25.8,0.011,0.097,0.056,3.1,3.1,0.375,0.393,0.137,0.144,96.21,97.3,81.08,97.3,0.041,756,0.8,2.7
1629011,Mitchell Robinson,Mitchell,1610612752,NYK,24.0,72,32,40,0.444,1848.3666666666663,261,343,0.761,0,0,0.0,88,181,0.486,295,322,617,38,60,58,133,29,195,144,610,-79,1920.4,20,0,1647.0,1,2021-22,25.7,107.9,109.1,109.1,109.8,111.2,111.2,-2.0,-2.1,-2.1,0.032,0.63,7.3,0.145,0.171,0.158,11.5,11.5,0.761,0.722,0.11,0.113,98.24,97.08,80.9,97.08,0.114,3739,3.6,4.8
1629671,Miye Oni,Miye,1610612762,UTA,24.0,16,15,1,0.938,44.18666666666667,2,9,0.222,1,8,0.125,0,1,0.0,1,6,7,5,1,0,0,0,7,1,5,-32,19.9,0,0,18.0,1,2021-22,2.8,93.6,85.4,85.4,119.2,118.8,118.8,-25.6,-33.3,-33.3,0.179,5.0,33.3,0.024,0.118,0.076,6.7,6.5,0.278,0.265,0.095,0.11,99.53,104.28,86.9,104.28,0.003,96,0.1,0.6
1628964,Mo Bamba,Mo,1610612753,ORL,24.0,71,19,52,0.268,1823.7066666666667,296,617,0.48,107,281,0.381,57,73,0.781,148,424,572,85,77,38,118,31,182,75,756,-373,1960.9,20,0,1832.0,1,2021-22,25.7,100.9,101.8,101.8,109.6,111.3,111.3,-8.6,-9.6,-9.6,0.073,1.1,10.5,0.077,0.214,0.146,9.5,9.5,0.566,0.582,0.17,0.173,101.38,100.13,83.45,100.13,0.114,3800,4.2,8.7
1628420,Monte Morris,Monte,1610612743,DEN,27.0,75,44,31,0.587,2238.9483333333333,374,773,0.484,124,314,0.395,73,84,0.869,27,199,226,333,78,56,14,34,92,86,945,283,1847.7,0,0,1768.0,1,2021-22,29.9,114.6,116.3,116.3,109.9,110.4,110.4,4.7,6.0,6.0,0.201,4.27,27.3,0.013,0.087,0.052,6.4,6.4,0.564,0.583,0.173,0.175,99.54,98.55,82.13,98.55,0.098,4601,5.0,10.3
1626149,Montrezl Harrell,Montrezl,1610612766,CHA,28.0,71,36,35,0.507,1640.3583333333331,358,555,0.645,4,17,0.235,212,296,0.716,149,282,431,145,72,29,43,38,137,246,932,84,1810.7,7,0,1656.0,2,2021-22,23.1,111.1,111.6,111.6,108.3,108.5,108.5,2.8,3.0,3.0,0.139,2.01,16.2,0.092,0.163,0.129,8.0,8.0,0.649,0.68,0.198,0.203,99.53,99.24,82.7,99.24,0.15,3383,5.0,7.8
1629021,Moritz Wagner,Moritz,1610612753,ORL,25.0,63,16,47,0.254,959.5316666666666,197,396,0.497,66,201,0.328,104,129,0.806,42,190,232,87,56,20,13,22,123,134,564,-149,1015.9,3,0,1015.0,1,2021-22,15.2,104.3,105.3,105.3,112.7,112.6,112.6,-8.3,-7.2,-7.2,0.151,1.55,14.6,0.041,0.19,0.115,9.4,9.4,0.581,0.623,0.224,0.231,102.58,102.12,85.1,102.12,0.124,2041,3.1,6.3
1629650,Moses Brown,Moses,1610612739,CLE,22.0,40,19,21,0.475,344.325,64,108,0.593,0,0,0.0,43,72,0.597,39,96,135,1,20,7,16,6,53,49,171,-49,383.5,3,0,353.0,2,2021-22,8.6,104.1,102.4,102.4,109.2,108.5,108.5,-5.0,-6.2,-6.2,0.005,0.05,0.6,0.11,0.257,0.186,12.3,12.4,0.593,0.612,0.199,0.203,99.89,101.07,84.22,101.07,0.117,723,1.6,2.7
1630541,Moses Moody,Moses,1610612744,GSW,20.0,52,35,17,0.673,607.12,80,183,0.437,40,110,0.364,28,36,0.778,17,63,80,23,13,7,10,3,43,33,228,-42,396.5,0,0,405.0,1,2021-22,11.7,106.0,104.8,104.8,108.3,108.9,108.9,-2.3,-4.0,-4.0,0.056,1.77,9.8,0.028,0.098,0.064,5.6,5.5,0.546,0.573,0.148,0.154,100.72,101.0,84.17,101.0,0.069,1282,1.5,3.5
1630589,Moses Wright,Moses,1610612742,DAL,23.0,4,4,0,1.0,14.733333333333333,1,4,0.25,0,1,0.0,3,3,1.0,1,2,3,2,0,0,1,0,0,2,5,-7,14.6,0,0,12.0,2,2021-22,3.7,106.0,100.0,100.0,132.7,121.9,121.9,-26.7,-21.9,-21.9,0.182,0.0,28.6,0.083,0.143,0.115,0.0,0.0,0.25,0.47,0.139,0.156,97.09,104.25,86.88,104.25,0.106,32,0.3,1.0
1628539,Mychal Mulder,Mychal,1610612748,MIA,28.0,17,3,14,0.176,239.555,24,77,0.312,17,54,0.315,4,4,1.0,2,22,24,5,8,4,2,7,13,5,69,-55,115.3,0,0,127.0,2,2021-22,14.1,98.0,100.6,100.6,111.0,110.8,110.8,-13.0,-10.3,-10.3,0.031,0.63,5.4,0.007,0.089,0.045,8.7,8.7,0.422,0.438,0.153,0.156,102.6,101.29,84.41,101.29,0.03,504,1.4,4.5
1629619,Myles Powell,Myles,1610612755,PHI,24.0,11,8,3,0.727,52.06666666666667,5,17,0.294,1,6,0.167,2,2,1.0,1,5,6,3,3,1,0,1,8,2,13,-18,24.7,0,0,25.0,1,2021-22,4.7,110.9,106.3,106.3,118.2,121.4,121.4,-7.3,-15.1,-15.1,0.088,1.0,12.5,0.019,0.098,0.058,12.5,12.6,0.324,0.364,0.163,0.172,102.07,102.79,85.66,102.79,-0.003,111,0.5,1.5
1626167,Myles Turner,Myles,1610612754,IND,26.0,42,15,27,0.357,1234.7283333333332,200,393,0.509,61,183,0.333,79,105,0.752,65,232,297,44,54,28,118,15,119,96,540,-14,1346.4,9,0,1234.0,1,2021-22,29.4,108.0,109.7,109.7,109.1,109.9,109.9,-1.1,-0.3,-0.3,0.053,0.81,8.2,0.052,0.188,0.12,10.1,10.1,0.587,0.615,0.173,0.177,98.87,97.75,81.46,97.75,0.111,2511,4.8,9.4
1630230,Naji Marshall,Naji,1610612740,NOP,24.0,55,23,32,0.418,735.58,109,269,0.405,21,105,0.2,74,93,0.796,38,104,142,62,46,33,8,18,69,70,313,-49,653.4,1,0,620.0,1,2021-22,13.4,106.8,105.7,105.7,109.0,108.0,108.0,-2.2,-2.2,-2.2,0.126,1.35,14.7,0.047,0.142,0.092,10.9,11.0,0.444,0.505,0.197,0.203,101.04,102.03,85.02,102.03,0.082,1557,2.0,4.9
1629642,Nassir Little,Nassir,1610612757,POR,22.0,42,19,23,0.452,1088.368333333333,145,315,0.46,51,154,0.331,69,94,0.734,58,178,236,54,40,25,36,14,82,84,410,-23,917.2,3,0,873.0,1,2021-22,25.9,109.0,110.2,110.2,109.8,111.1,111.1,-0.7,-0.9,-0.9,0.074,1.35,12.0,0.052,0.158,0.105,8.9,8.9,0.541,0.575,0.155,0.158,99.59,98.46,82.05,98.46,0.091,2231,3.5,7.5
1630207,Nate Hinton,Nate,1610612754,IND,23.0,2,0,2,0.0,2.4266666666666667,0,1,0.0,0,0,0.0,0,0,0.0,0,0,0,0,1,0,0,0,0,0,0,4,-1.0,0,0,0.0,1,2021-22,1.2,136.1,133.3,133.3,68.0,57.1,57.1,68.0,76.2,76.2,0.0,0.0,0.0,0.0,0.0,0.0,50.0,50.0,0.0,0.0,0.25,0.291,116.31,128.57,107.14,128.57,-0.222,6,0.0,0.5
1630233,Nathan Knight,Nathan,1610612750,MIN,24.0,37,22,15,0.595,267.31666666666666,45,88,0.511,4,13,0.308,44,60,0.733,32,53,85,22,18,7,8,12,42,45,138,22,300.0,1,0,279.0,1,2021-22,7.2,108.1,105.5,105.5,102.2,101.9,101.9,5.9,3.6,3.6,0.126,1.22,14.1,0.114,0.174,0.145,11.5,11.7,0.534,0.603,0.203,0.209,102.67,104.06,86.71,104.06,0.121,580,1.2,2.4
1629675,Naz Reid,Naz,1610612750,MIN,22.0,77,42,35,0.545,1215.2866666666666,233,476,0.489,57,166,0.343,114,149,0.765,102,199,301,71,82,40,71,33,172,131,637,-92,1355.7,4,0,1288.0,1,2021-22,15.8,105.1,105.5,105.5,108.3,107.9,107.9,-3.2,-2.4,-2.4,0.091,0.87,10.3,0.074,0.161,0.115,11.8,11.8,0.549,0.588,0.209,0.215,103.86,103.86,86.55,103.86,0.103,2616,3.0,6.2
1629674,Neemias Queta,Neemias,1610612758,SAC,22.0,15,4,11,0.267,119.6,17,38,0.447,0,0,0.0,11,17,0.647,14,17,31,6,6,1,8,3,18,12,45,-7,112.2,0,0,100.0,1,2021-22,8.0,105.6,104.3,104.3,109.9,108.4,108.4,-4.3,-4.1,-4.1,0.076,1.0,10.3,0.104,0.144,0.123,10.3,10.4,0.447,0.495,0.176,0.184,99.62,100.94,84.11,100.94,0.062,253,1.1,2.5
202357,Nemanja Bjelica,Nemanja,1610612744,GSW,34.0,71,48,23,0.676,1142.3666666666666,160,342,0.468,54,149,0.362,59,81,0.728,62,232,294,159,87,41,26,19,128,72,433,130,1138.3,3,0,1074.0,1,2021-22,16.1,109.4,109.2,109.2,103.0,104.0,104.0,6.4,5.2,5.2,0.204,1.83,25.4,0.055,0.187,0.124,13.9,14.0,0.547,0.573,0.175,0.18,99.68,99.35,82.79,99.35,0.11,2368,2.3,4.8
203457,Nerlens Noel,Nerlens,1610612752,NYK,28.0,25,10,15,0.4,561.97,32,60,0.533,0,3,0.0,21,30,0.7,48,93,141,23,20,30,31,4,67,45,85,-68,451.7,0,0,371.0,1,2021-22,22.5,105.7,104.1,104.1,109.2,109.8,109.8,-3.5,-5.7,-5.7,0.06,1.15,19.8,0.084,0.161,0.123,17.2,17.2,0.533,0.581,0.072,0.075,98.47,98.91,82.42,98.91,0.069,1157,1.3,2.4
1629651,Nic Claxton,Nic,1610612751,BKN,23.0,47,24,23,0.511,974.0916666666668,178,264,0.674,0,0,0.0,54,93,0.581,91,173,264,43,38,24,51,20,110,90,410,-29,978.3,4,0,867.0,1,2021-22,20.7,110.1,109.4,109.4,107.8,109.8,109.8,2.4,-0.4,-0.4,0.066,1.13,11.2,0.098,0.157,0.13,9.9,9.8,0.674,0.672,0.15,0.155,101.31,100.65,83.87,100.65,0.114,2033,3.8,5.6
1630208,Nick Richards,Nick,1610612766,CHA,24.0,50,25,25,0.5,367.1433333333333,60,90,0.667,0,0,0.0,30,43,0.698,34,52,86,13,24,9,21,8,51,35,150,-109,338.7,0,0,309.0,1,2021-22,7.3,103.5,102.4,102.4,115.9,115.4,115.4,-12.4,-13.0,-13.0,0.054,0.54,9.0,0.086,0.137,0.111,16.6,16.4,0.667,0.689,0.147,0.154,102.27,103.02,85.85,103.02,0.086,785,1.2,1.8
1629638,Nickeil Alexander-Walker,Nickeil,1610612762,UTA,23.0,65,29,36,0.446,1465.82,253,680,0.372,105,338,0.311,81,109,0.743,37,150,187,156,93,46,23,43,103,95,692,-112,1264.4,2,0,1278.0,2,2021-22,22.6,106.3,107.6,107.6,110.8,110.7,110.7,-4.5,-3.1,-3.1,0.166,1.68,16.0,0.024,0.103,0.062,9.5,9.5,0.449,0.475,0.237,0.241,99.59,99.02,82.52,99.02,0.072,3015,3.9,10.5
201587,Nicolas Batum,Nicolas,1610612746,LAC,33.0,59,31,28,0.525,1462.595,179,387,0.463,108,270,0.4,25,38,0.658,29,225,254,100,40,58,42,6,80,44,491,-128,1205.8,0,0,1153.0,1,2021-22,24.8,104.7,105.4,105.4,109.2,109.8,109.8,-4.4,-4.4,-4.4,0.099,2.5,18.5,0.019,0.146,0.082,7.4,7.4,0.602,0.608,0.13,0.133,100.36,99.74,83.11,99.74,0.096,3041,3.0,6.6
203917,Nik Stauskas,Nik,1610612738,BOS,28.0,8,7,1,0.875,38.78833333333333,5,14,0.357,4,10,0.4,4,6,0.667,1,2,3,2,1,0,0,0,1,4,18,18,23.6,0,0,27.0,2,2021-22,4.8,113.4,109.5,109.5,90.9,90.2,90.2,22.4,19.3,19.3,0.065,2.0,10.0,0.024,0.049,0.037,5.0,5.1,0.5,0.541,0.184,0.194,100.58,102.71,85.59,102.71,0.067,84,0.6,1.8
203999,Nikola Jokić,Nikola,1610612743,DEN,27.0,74,46,28,0.622,2475.5916666666667,764,1311,0.583,97,288,0.337,379,468,0.81,206,813,1019,584,281,109,63,66,191,483,2004,444,4337.8,66,19,4048.0,1,2021-22,33.5,115.2,117.3,117.3,108.1,108.9,108.9,7.1,8.4,8.4,0.388,2.08,24.8,0.09,0.313,0.209,11.9,11.8,0.62,0.661,0.309,0.316,100.69,99.46,82.88,99.46,0.23,5136,10.3,17.7
202696,Nikola Vučević,Nikola,1610612741,CHI,31.0,73,41,32,0.562,2417.543333333333,546,1154,0.473,104,331,0.314,92,121,0.76,142,662,804,236,136,70,71,46,181,129,1288,-52,2893.8,44,0,2714.0,1,2021-22,33.1,110.2,111.3,111.3,111.6,112.8,112.8,-1.4,-1.6,-1.6,0.153,1.74,15.0,0.06,0.274,0.168,8.6,8.6,0.518,0.533,0.244,0.247,100.03,99.04,82.53,99.04,0.132,5000,7.5,15.8
1626181,Norman Powell,Norman,1610612746,LAC,29.0,45,15,30,0.333,1458.215,279,605,0.461,106,253,0.419,189,233,0.811,20,125,145,96,69,42,21,32,106,185,853,-220,1291.0,0,0,1326.0,2,2021-22,32.4,110.1,110.6,110.6,116.8,118.7,118.7,-6.7,-8.1,-8.1,0.106,1.39,11.0,0.013,0.089,0.05,7.9,7.9,0.549,0.603,0.231,0.235,100.31,99.29,82.74,99.29,0.094,3027,6.2,13.4
203658,Norvel Pelle,Norvel,1610612762,UTA,29.0,3,0,3,0.0,19.016666666666666,3,5,0.6,0,0,0.0,0,0,0.0,3,3,6,0,2,0,1,0,1,1,6,-19,14.2,0,0,14.0,1,2021-22,6.3,61.3,53.7,53.7,115.0,107.9,107.9,-53.7,-54.2,-54.2,0.0,0.0,0.0,0.15,0.158,0.154,28.6,28.6,0.6,0.6,0.152,0.171,90.26,99.7,83.09,99.7,0.122,41,1.0,1.7
1628384,OG Anunoby,OG,1610612761,TOR,24.0,48,31,17,0.646,1728.3133333333333,309,697,0.443,115,317,0.363,89,118,0.754,74,190,264,125,80,71,25,49,131,110,822,135,1534.3,3,0,1518.0,1,2021-22,36.0,110.6,112.0,112.0,107.1,108.1,108.1,3.5,3.9,3.9,0.108,1.56,13.1,0.04,0.116,0.076,8.4,8.4,0.526,0.549,0.204,0.208,98.19,97.07,80.89,97.07,0.092,3494,6.4,14.5
1630167,Obi Toppin,Obi,1610612752,NYK,24.0,72,32,40,0.444,1229.753333333333,251,473,0.531,52,169,0.308,94,124,0.758,69,199,268,77,56,25,33,28,102,100,648,165,1203.1,3,0,1161.0,1,2021-22,17.1,111.0,110.9,110.9,103.6,104.0,104.0,7.4,6.9,6.9,0.105,1.38,11.6,0.056,0.155,0.107,8.5,8.5,0.586,0.614,0.205,0.211,97.59,97.48,81.24,97.48,0.129,2494,3.5,6.6
1630846,Olivier Sarr,Olivier,1610612760,OKC,23.0,22,6,16,0.273,420.87,58,101,0.574,13,29,0.448,24,29,0.828,34,59,93,19,22,6,15,10,52,28,153,-28,334.1,1,0,320.0,1,2021-22,19.1,107.1,106.0,106.0,109.0,108.0,108.0,-1.9,-2.0,-2.0,0.066,0.86,12.3,0.078,0.133,0.106,14.3,14.2,0.639,0.672,0.136,0.141,99.61,100.59,83.83,100.59,0.079,877,2.6,4.6
1630209,Omer Yurtseven,Omer,1610612748,MIA,24.0,56,39,17,0.696,706.1983333333334,130,247,0.526,1,11,0.091,38,61,0.623,85,209,294,49,41,17,20,18,84,52,299,63,795.3,8,0,717.0,1,2021-22,12.6,113.6,113.3,113.3,107.4,108.0,108.0,6.2,5.3,5.3,0.105,1.2,13.5,0.12,0.293,0.207,11.3,11.3,0.528,0.546,0.19,0.195,98.38,98.22,81.85,98.22,0.127,1439,2.3,4.4
1630168,Onyeka Okongwu,Onyeka,1610612737,ATL,21.0,48,26,22,0.542,992.0633333333334,156,226,0.69,0,0,0.0,80,110,0.727,115,168,283,53,44,31,60,21,149,89,392,110,1040.1,1,0,910.0,1,2021-22,20.7,114.3,114.6,114.6,108.7,109.1,109.1,5.6,5.5,5.5,0.078,1.2,14.4,0.117,0.163,0.141,11.9,11.8,0.69,0.714,0.137,0.141,99.23,98.92,82.43,98.92,0.109,2043,3.3,4.7
1629052,Oshae Brissett,Oshae,1610612754,IND,24.0,67,19,48,0.284,1564.04,208,506,0.411,83,237,0.35,114,164,0.695,108,250,358,72,54,44,29,30,116,119,613,-220,1315.6,5,0,1272.0,1,2021-22,23.3,110.2,110.8,110.8,116.8,116.8,116.8,-6.6,-6.0,-6.0,0.064,1.33,10.2,0.065,0.165,0.113,7.7,7.7,0.493,0.53,0.166,0.171,101.47,101.21,84.35,101.21,0.079,3288,3.1,7.6
203490,Otto Porter Jr.,Otto,1610612744,GSW,29.0,63,41,22,0.651,1395.4983333333332,193,416,0.464,80,216,0.37,49,61,0.803,86,276,362,94,37,68,29,9,83,71,515,231,1344.4,5,0,1245.0,1,2021-22,22.2,110.3,110.2,110.2,102.5,103.3,103.3,7.8,6.8,6.8,0.097,2.54,16.4,0.06,0.189,0.125,6.4,6.4,0.56,0.581,0.145,0.149,100.43,100.09,83.41,100.09,0.12,2925,3.1,6.6
200782,P.J. Tucker,P.J.,1610612748,MIA,37.0,71,45,26,0.634,1980.7583333333332,207,428,0.484,80,193,0.415,45,61,0.738,100,287,387,149,66,58,15,18,161,92,539,230,1379.9,5,0,1301.0,1,2021-22,27.9,111.5,113.2,113.2,105.9,107.1,107.1,5.6,6.2,6.2,0.107,2.26,22.2,0.052,0.146,0.099,9.8,9.9,0.577,0.593,0.116,0.117,97.62,96.38,80.31,96.38,0.083,3970,2.9,6.0
1629023,P.J. Washington,P.J.,1610612766,CHA,23.0,65,33,32,0.508,1768.0733333333333,250,532,0.47,110,301,0.365,58,81,0.716,82,255,337,147,82,57,61,25,152,72,668,141,1564.9,3,0,1498.0,1,2021-22,27.2,114.3,115.0,115.0,111.2,111.5,111.5,3.1,3.5,3.5,0.112,1.79,18.4,0.044,0.142,0.092,10.3,10.3,0.573,0.588,0.154,0.156,101.92,101.48,84.57,101.48,0.085,3742,3.8,8.2
1628408,PJ Dozier,PJ,1610612743,DEN,25.0,18,9,9,0.5,340.48833333333334,36,99,0.364,15,48,0.313,10,13,0.769,14,49,63,29,13,11,6,5,33,19,97,-90,254.1,0,0,238.0,1,2021-22,18.9,97.5,96.6,96.6,109.8,109.5,109.5,-12.3,-12.9,-12.9,0.135,2.23,19.7,0.038,0.144,0.089,8.8,8.9,0.439,0.463,0.147,0.153,98.74,99.32,82.76,99.32,0.068,705,2.0,5.5
1628238,Paris Bass,Paris,1610612756,PHX,26.0,2,2,0,1.0,7.383333333333334,2,6,0.333,0,2,0.0,2,2,1.0,2,2,4,0,2,1,0,2,2,1,6,2,11.8,0,0,12.0,1,2021-22,3.7,101.4,94.4,94.4,90.8,93.8,93.8,10.6,0.7,0.7,0.0,0.0,0.0,0.2,0.222,0.211,22.2,22.5,0.333,0.436,0.36,0.39,108.18,110.52,92.1,110.52,0.089,18,1.0,3.0
1627783,Pascal Siakam,Pascal,1610612761,TOR,28.0,68,40,28,0.588,2577.853333333333,596,1207,0.494,75,218,0.344,284,379,0.749,128,452,580,360,181,85,42,61,225,341,1551,257,2987.0,30,2,2820.0,1,2021-22,37.9,112.1,114.3,114.3,108.2,109.6,109.6,3.9,4.8,4.8,0.224,1.99,18.8,0.046,0.182,0.111,9.5,9.5,0.525,0.565,0.257,0.261,97.91,96.31,80.26,96.31,0.139,5177,8.8,17.8
1626192,Pat Connaughton,Pat,1610612749,MIL,29.0,65,41,24,0.631,1690.83,227,496,0.458,146,370,0.395,45,54,0.833,45,228,273,82,35,59,15,14,86,60,645,-26,1282.6,0,0,1294.0,1,2021-22,26.0,111.1,111.3,111.3,111.8,112.1,112.1,-0.7,-0.7,-0.7,0.067,2.34,12.9,0.025,0.13,0.077,5.5,5.5,0.605,0.62,0.137,0.14,101.95,101.72,84.76,101.72,0.089,3583,3.5,7.6
201976,Patrick Beverley,Patrick,1610612750,MIN,33.0,58,33,25,0.569,1475.7383333333332,177,436,0.406,83,242,0.343,96,133,0.722,62,178,240,268,73,67,52,23,174,144,533,112,1507.0,2,0,1362.0,1,2021-22,25.4,111.4,113.6,113.6,108.9,109.8,109.8,2.4,3.7,3.7,0.249,3.67,32.1,0.038,0.119,0.077,8.7,8.7,0.501,0.539,0.158,0.16,102.46,101.06,84.22,101.06,0.094,3105,3.1,7.5
1630172,Patrick Williams,Patrick,1610612741,CHI,20.0,17,9,8,0.529,422.3283333333333,54,102,0.529,15,29,0.517,30,41,0.732,17,52,69,15,16,9,9,7,28,31,153,-56,296.3,1,0,288.0,1,2021-22,24.8,106.7,107.8,107.8,113.2,113.3,113.3,-6.5,-5.5,-5.5,0.051,0.94,10.0,0.04,0.132,0.084,10.7,10.6,0.603,0.637,0.139,0.142,100.05,99.51,82.92,99.51,0.078,872,3.2,6.0
201988,Patty Mills,Patty,1610612751,BKN,33.0,81,44,37,0.543,2345.7233333333334,324,794,0.408,227,568,0.4,48,59,0.814,18,138,156,183,73,51,17,25,112,102,923,117,1515.7,0,0,1625.0,1,2021-22,29.0,111.1,112.3,112.3,109.6,110.7,110.7,1.5,1.5,1.5,0.106,2.51,17.1,0.008,0.055,0.032,6.8,6.8,0.551,0.563,0.16,0.163,101.57,100.56,83.8,100.56,0.066,4933,4.0,9.8
202331,Paul George,Paul,1610612746,LAC,32.0,31,18,13,0.581,1077.3866666666668,268,636,0.421,91,257,0.354,127,148,0.858,12,201,213,176,126,67,13,29,74,158,754,92,1387.6,7,0,1394.0,1,2021-22,34.8,106.9,108.2,108.2,102.1,103.9,103.9,4.8,4.2,4.2,0.286,1.4,17.6,0.011,0.171,0.094,12.6,12.6,0.493,0.538,0.329,0.336,101.44,99.95,83.29,99.95,0.148,2242,8.6,20.5
200794,Paul Millsap,Paul,1610612755,PHI,37.0,33,22,11,0.667,375.70166666666665,45,115,0.391,8,35,0.229,17,24,0.708,41,73,114,29,19,10,13,5,67,25,115,-23,345.3,0,0,312.0,2,2021-22,11.4,106.4,106.9,106.9,110.1,110.4,110.4,-3.7,-3.5,-3.5,0.121,1.53,16.7,0.096,0.182,0.137,10.9,10.9,0.426,0.458,0.158,0.162,100.04,99.65,83.04,99.65,0.064,782,1.4,3.5
1630194,Paul Reed,Paul,1610612755,PHI,23.0,38,21,17,0.553,302.5316666666667,54,96,0.563,2,8,0.25,6,14,0.429,44,48,92,16,10,33,14,9,57,13,116,-40,381.4,0,0,320.0,1,2021-22,8.0,109.3,107.7,107.7,114.7,113.9,113.9,-5.4,-6.2,-6.2,0.081,1.6,12.5,0.137,0.164,0.15,7.8,7.8,0.573,0.568,0.151,0.158,98.03,99.08,82.57,99.08,0.105,624,1.4,2.5
1628778,Paul Watson,Paul,1610612760,OKC,27.0,9,2,7,0.222,156.20833333333334,12,35,0.343,6,26,0.231,1,2,0.5,3,24,27,8,4,3,3,1,10,1,31,-56,89.4,0,0,84.0,1,2021-22,17.4,99.6,99.7,99.7,115.8,117.6,117.6,-16.2,-17.9,-17.9,0.074,2.0,16.7,0.016,0.145,0.077,8.3,8.4,0.429,0.432,0.106,0.108,102.72,101.86,84.89,101.86,0.048,333,1.3,3.9
1630202,Payton Pritchard,Payton,1610612738,BOS,24.0,71,46,25,0.648,1001.0,160,373,0.429,101,245,0.412,21,21,1.0,32,102,134,139,41,25,6,13,61,26,442,64,863.3,0,0,878.0,1,2021-22,14.1,109.3,109.4,109.4,106.6,107.2,107.2,2.8,2.2,2.2,0.222,3.39,24.7,0.031,0.093,0.063,7.3,7.3,0.564,0.578,0.18,0.185,98.57,98.23,81.86,98.23,0.107,2057,2.3,5.3
1627822,Petr Cornelie,Petr,1610612743,DEN,26.0,13,3,10,0.231,37.965,5,15,0.333,1,8,0.125,3,4,0.75,7,7,14,3,4,1,1,1,7,3,14,8,37.3,0,0,36.0,1,2021-22,2.9,109.9,102.3,102.3,103.2,96.5,96.5,6.7,5.8,5.8,0.115,0.75,12.5,0.159,0.219,0.184,16.7,16.8,0.367,0.418,0.208,0.228,102.03,109.36,91.14,109.36,0.046,88,0.4,1.2
1630173,Precious Achiuwa,Precious,1610612761,TOR,22.0,73,46,27,0.63,1724.6533333333334,265,603,0.439,56,156,0.359,78,131,0.595,146,327,473,82,84,37,41,51,151,113,664,72,1504.6,6,0,1431.0,1,2021-22,23.6,106.8,108.7,108.7,106.7,106.7,106.7,0.1,1.9,1.9,0.072,0.98,9.9,0.075,0.188,0.128,10.2,10.2,0.486,0.503,0.18,0.185,97.77,96.88,80.74,96.88,0.089,3483,3.6,8.3
1629656,Quentin Grimes,Quentin,1610612752,NYK,22.0,46,21,25,0.457,786.2266666666667,95,235,0.404,72,189,0.381,13,19,0.684,24,70,94,44,28,31,11,2,72,24,275,-54,551.8,0,0,569.0,1,2021-22,17.1,102.4,102.0,102.0,103.0,105.0,105.0,-0.6,-3.0,-3.0,0.095,1.57,14.0,0.028,0.085,0.056,8.9,8.9,0.557,0.565,0.149,0.155,97.51,96.7,80.59,96.7,0.07,1581,2.1,5.1
1629683,Quinndary Weatherspoon,Quinndary,1610612744,GSW,25.0,11,8,3,0.727,73.40833333333333,12,21,0.571,1,5,0.2,5,5,1.0,2,12,14,5,3,1,1,0,15,5,30,-10,57.3,0,0,54.0,1,2021-22,6.7,115.7,110.8,110.8,125.1,119.4,119.4,-9.5,-8.6,-8.6,0.102,1.67,16.7,0.029,0.182,0.104,10.0,9.6,0.595,0.647,0.15,0.168,97.79,102.33,85.28,102.33,0.065,158,1.1,1.9
1630181,R.J. Hampton,R.J.,1610612753,ORL,21.0,64,15,49,0.234,1402.2616666666668,175,457,0.383,64,183,0.35,75,117,0.641,23,171,194,158,87,42,13,38,101,102,489,-415,1036.8,0,0,1015.0,1,2021-22,21.9,98.7,99.1,99.1,113.6,113.5,113.5,-14.9,-14.5,-14.5,0.179,1.82,21.0,0.015,0.12,0.065,11.6,11.5,0.453,0.481,0.18,0.185,101.7,101.51,84.59,101.51,0.065,2972,2.7,7.1
1629628,RJ Barrett,RJ,1610612752,NYK,22.0,70,33,37,0.471,2417.19,487,1194,0.408,138,404,0.342,290,406,0.714,66,342,408,208,151,43,16,105,142,284,1402,-146,2229.6,4,0,2274.0,1,2021-22,34.5,107.2,108.3,108.3,110.2,111.6,111.6,-3.0,-3.3,-3.3,0.146,1.38,12.0,0.025,0.136,0.079,8.7,8.7,0.466,0.511,0.268,0.273,98.94,97.79,81.49,97.79,0.099,4932,7.0,17.1
1630612,RJ Nembhard Jr.,RJ,1610612739,CLE,23.0,14,6,8,0.429,62.73333333333333,6,18,0.333,0,2,0.0,3,4,0.75,3,4,7,12,3,1,0,3,2,6,15,-7,41.4,0,0,36.0,1,2021-22,4.5,83.3,82.7,82.7,93.9,91.1,91.1,-10.5,-8.4,-8.4,0.343,4.0,34.3,0.042,0.056,0.049,8.6,8.6,0.333,0.38,0.16,0.166,93.85,95.64,79.7,95.64,0.097,127,0.4,1.3
200765,Rajon Rondo,Rajon,1610612739,CLE,36.0,39,16,23,0.41,697.9333333333333,68,176,0.386,31,88,0.352,19,26,0.731,15,93,108,170,68,30,6,10,56,32,186,-110,610.6,1,0,567.0,2,2021-22,17.9,99.7,98.9,98.9,106.2,106.8,106.8,-6.5,-7.8,-7.8,0.366,2.5,40.2,0.02,0.118,0.07,16.1,16.0,0.474,0.496,0.152,0.159,101.82,101.99,84.99,101.99,0.096,1486,1.7,4.5
203526,Raul Neto,Raul,1610612764,WAS,30.0,70,29,41,0.414,1371.995,204,441,0.463,35,120,0.292,83,108,0.769,13,121,134,217,79,55,3,24,104,133,526,-87,1107.3,0,0,1028.0,1,2021-22,19.6,110.6,109.6,109.6,112.6,112.9,112.9,-2.0,-3.3,-3.3,0.228,2.75,27.7,0.01,0.089,0.05,10.1,10.1,0.502,0.538,0.18,0.186,98.98,99.32,82.77,99.32,0.085,2842,2.9,6.3
1629730,Rayjon Tucker,Rayjon,1610612749,MIL,24.0,5,2,3,0.4,70.81833333333333,6,9,0.667,4,5,0.8,5,7,0.714,3,5,8,10,1,4,0,0,5,5,21,-2,56.6,0,0,51.0,2,2021-22,14.2,118.1,114.8,114.8,121.9,117.5,117.5,-3.8,-2.7,-2.7,0.172,10.0,43.5,0.051,0.076,0.064,4.3,4.3,0.889,0.869,0.075,0.079,105.67,109.12,90.94,109.12,0.085,162,1.2,1.8
203493,Reggie Bullock Jr.,Reggie,1610612742,DAL,31.0,68,44,24,0.647,1901.8483333333331,201,501,0.401,141,392,0.36,40,48,0.833,33,208,241,83,40,41,14,16,111,23,583,270,1121.7,0,0,1158.0,1,2021-22,28.0,112.6,113.3,113.3,105.3,106.7,106.7,7.3,6.6,6.6,0.06,2.08,13.1,0.017,0.106,0.063,6.3,6.2,0.542,0.558,0.128,0.134,97.17,96.22,80.19,96.22,0.065,3821,3.0,7.4
202704,Reggie Jackson,Reggie,1610612746,LAC,32.0,75,38,37,0.507,2336.528333333333,479,1222,0.392,167,512,0.326,138,163,0.847,39,232,271,359,173,55,15,38,159,185,1263,-70,2163.7,5,0,2200.0,1,2021-22,31.2,107.4,108.2,108.2,108.4,109.4,109.4,-1.0,-1.3,-1.3,0.245,2.08,19.7,0.016,0.092,0.055,9.5,9.5,0.46,0.488,0.273,0.279,99.56,98.77,82.31,98.77,0.088,4804,6.4,16.3
1629617,Reggie Perry,Reggie,1610612757,POR,22.0,10,0,10,0.0,187.26666666666668,40,79,0.506,3,16,0.188,9,15,0.6,15,32,47,12,11,9,6,3,33,12,92,-78,200.4,1,0,184.0,2,2021-22,18.7,100.5,100.5,100.5,119.2,117.1,117.1,-18.7,-16.6,-16.6,0.118,1.09,11.1,0.074,0.165,0.118,10.2,10.1,0.525,0.537,0.222,0.229,99.33,100.22,83.52,100.22,0.091,385,4.0,7.9
1626158,Richaun Holmes,Richaun,1610612758,SAC,28.0,45,16,29,0.356,1074.0783333333334,198,300,0.66,2,5,0.4,70,90,0.778,93,224,317,48,56,17,41,20,128,85,468,-136,1038.4,8,0,951.0,1,2021-22,23.9,106.1,107.2,107.2,112.5,113.0,113.0,-6.4,-5.8,-5.8,0.068,0.86,10.9,0.082,0.198,0.14,12.8,12.6,0.663,0.689,0.153,0.158,102.42,101.69,84.74,101.69,0.116,2274,4.4,6.7
201937,Ricky Rubio,Ricky,1610612754,IND,31.0,34,20,14,0.588,970.15,149,411,0.363,59,174,0.339,88,103,0.854,15,126,141,225,90,49,7,26,75,99,445,184,1029.7,5,0,982.0,1,2021-22,28.5,107.8,108.6,108.6,99.7,99.5,99.5,8.0,9.1,9.1,0.348,2.5,29.3,0.015,0.122,0.069,11.7,11.7,0.434,0.488,0.234,0.24,101.12,100.86,84.05,100.86,0.111,2038,4.4,12.1
1630306,Rob Edwards,Rob,1610612760,OKC,25.0,2,0,2,0.0,10.85,1,4,0.25,1,4,0.25,0,0,0.0,0,3,3,0,1,0,0,0,0,0,3,-14,5.6,0,0,7.0,1,2021-22,5.4,53.0,50.0,50.0,102.9,109.1,109.1,-49.9,-59.1,-59.1,0.0,0.0,0.0,0.0,0.214,0.103,20.0,20.0,0.375,0.375,0.227,0.239,93.35,92.9,77.42,92.9,0.08,20,0.5,2.0
203496,Robert Covington,Robert,1610612746,LAC,31.0,71,34,37,0.479,1939.48,209,498,0.42,128,339,0.378,58,69,0.841,59,332,391,92,75,103,91,28,190,71,604,38,1718.2,1,0,1603.0,2,2021-22,27.3,110.0,110.9,110.9,108.8,110.2,110.2,1.2,0.6,0.6,0.066,1.23,13.2,0.03,0.167,0.098,10.8,10.8,0.548,0.572,0.134,0.136,100.76,99.73,83.1,99.73,0.08,4035,2.9,7.0
1629057,Robert Williams III,Robert,1610612738,BOS,24.0,61,40,21,0.656,1804.3333333333333,271,368,0.736,0,1,0.0,65,90,0.722,238,350,588,121,63,56,134,10,137,74,607,370,2001.1,25,1,1696.0,1,2021-22,29.6,112.7,113.4,113.4,101.8,103.4,103.4,10.9,10.0,10.0,0.095,1.92,20.5,0.131,0.178,0.155,10.7,10.6,0.736,0.745,0.112,0.114,98.55,97.5,81.25,97.5,0.14,3666,4.4,6.0
1630218,Robert Woodard II,Robert,1610612759,SAS,22.0,12,0,12,0.0,42.193333333333335,2,16,0.125,1,4,0.25,2,2,1.0,5,6,11,3,1,1,1,2,3,3,7,15,29.7,0,0,26.0,1,2021-22,3.5,112.9,111.1,111.1,97.3,94.4,94.4,15.6,16.7,16.7,0.086,3.0,14.3,0.086,0.146,0.111,4.8,4.8,0.156,0.207,0.158,0.162,100.07,102.39,85.32,102.39,0.014,90,0.2,1.3
201577,Robin Lopez,Robin,1610612753,ORL,34.0,36,9,27,0.25,611.9033333333333,110,199,0.553,2,6,0.333,32,54,0.593,68,58,126,54,44,2,18,5,67,59,254,-65,502.2,3,0,476.0,1,2021-22,17.0,102.3,103.3,103.3,110.6,109.7,109.7,-8.3,-6.4,-6.4,0.142,1.23,16.8,0.098,0.089,0.094,13.7,13.7,0.558,0.57,0.182,0.186,99.86,99.78,83.15,99.78,0.076,1280,3.1,5.5
203918,Rodney Hood,Rodney,1610612746,LAC,29.0,52,30,22,0.577,709.435,58,157,0.369,30,91,0.33,17,19,0.895,15,62,77,38,11,15,6,0,31,20,163,9,364.4,0,0,350.0,2,2021-22,13.6,109.0,108.8,108.8,108.4,107.9,107.9,0.7,0.8,0.8,0.074,3.45,17.8,0.021,0.081,0.052,5.1,5.1,0.465,0.493,0.106,0.109,100.06,100.37,83.64,100.37,0.051,1482,1.1,3.0
203585,Rodney McGruder,Rodney,1610612765,DET,30.0,51,13,38,0.255,754.0566666666666,98,225,0.436,58,146,0.397,19,26,0.731,31,80,111,48,24,21,7,15,58,26,273,-56,538.2,0,0,546.0,1,2021-22,14.8,104.0,105.0,105.0,108.2,108.7,108.7,-4.2,-3.7,-3.7,0.094,2.0,15.5,0.037,0.104,0.069,7.8,7.8,0.564,0.577,0.142,0.146,102.34,101.56,84.64,101.56,0.077,1597,1.9,4.4
1629641,Romeo Langford,Romeo,1610612759,SAS,22.0,48,24,24,0.5,770.9066666666666,83,191,0.435,29,85,0.341,23,42,0.548,30,78,108,21,16,22,16,14,47,37,218,5,477.1,0,0,452.0,2,2021-22,16.1,104.6,104.0,104.0,102.3,103.1,103.1,2.3,1.0,1.0,0.04,1.31,8.5,0.035,0.092,0.063,6.5,6.5,0.51,0.52,0.123,0.127,99.15,99.06,82.55,99.06,0.061,1586,1.7,4.0
1626220,Royce O'Neale,Royce,1610612762,UTA,29.0,77,46,31,0.597,2405.5383333333334,203,444,0.457,119,306,0.389,45,56,0.804,64,304,368,191,79,86,32,15,183,77,570,232,1573.1,3,0,1484.0,1,2021-22,31.2,114.4,115.8,115.8,108.9,110.5,110.5,5.4,5.3,5.3,0.104,2.42,25.9,0.027,0.12,0.075,10.7,10.7,0.591,0.608,0.098,0.1,99.85,98.5,82.09,98.5,0.069,4924,2.6,5.8
200752,Rudy Gay,Rudy,1610612762,UTA,35.0,55,34,21,0.618,1038.236666666667,157,379,0.414,70,203,0.345,62,79,0.785,55,187,242,56,47,25,19,19,95,60,446,183,905.4,0,0,902.0,1,2021-22,18.9,113.7,113.6,113.6,105.0,104.9,104.9,8.7,8.7,8.7,0.078,1.19,10.9,0.05,0.166,0.109,9.1,9.1,0.507,0.539,0.185,0.191,99.87,100.0,83.33,100.0,0.09,2161,2.9,6.9
203497,Rudy Gobert,Rudy,1610612762,UTA,30.0,66,42,24,0.636,2120.4166666666665,362,508,0.713,0,4,0.0,303,439,0.69,241,727,968,72,119,45,137,48,176,384,1027,417,2723.6,53,0,2431.0,1,2021-22,32.1,114.1,114.1,114.1,104.5,104.5,104.5,9.6,9.6,9.6,0.052,0.61,8.0,0.114,0.312,0.217,13.2,13.3,0.713,0.732,0.166,0.169,99.21,99.23,82.69,99.23,0.177,4381,5.5,7.7
1629060,Rui Hachimura,Rui,1610612764,WAS,24.0,42,16,26,0.381,943.525,187,381,0.491,55,123,0.447,46,66,0.697,25,135,160,48,33,23,9,16,53,60,475,-127,802.0,0,0,802.0,1,2021-22,22.5,109.3,108.7,108.7,114.9,115.8,115.8,-5.6,-7.1,-7.1,0.08,1.45,9.8,0.027,0.143,0.086,6.7,6.7,0.563,0.579,0.205,0.212,98.78,98.62,82.18,98.62,0.099,1943,4.5,9.1
201566,Russell Westbrook,Russell,1610612747,LAL,33.0,78,31,47,0.397,2677.866666666667,548,1233,0.444,79,265,0.298,266,399,0.667,110,470,580,550,295,75,20,82,235,306,1441,-211,2952.0,28,10,2840.0,1,2021-22,34.3,107.2,107.5,107.5,111.3,111.5,111.5,-4.1,-4.0,-4.0,0.311,1.86,24.4,0.039,0.165,0.103,13.1,13.1,0.476,0.512,0.264,0.271,102.77,102.57,85.47,102.57,0.113,5730,7.0,15.8
1627853,Ryan Arcidiacono,Ryan,1610612752,NYK,28.0,10,8,2,0.8,76.25333333333333,6,12,0.5,4,9,0.444,0,0,0.0,0,8,8,4,3,1,0,0,5,5,16,-12,31.6,0,0,34.0,1,2021-22,7.6,93.2,91.1,91.1,97.8,99.4,99.4,-4.6,-8.2,-8.2,0.091,1.33,21.1,0.0,0.105,0.052,15.8,15.8,0.667,0.667,0.085,0.09,98.84,99.14,82.62,99.14,0.063,158,0.6,1.2
1630240,Saben Lee,Saben,1610612765,DET,23.0,37,8,29,0.216,603.7283333333334,69,177,0.39,14,60,0.233,56,71,0.789,18,69,87,107,36,36,12,22,44,66,208,-80,580.9,1,0,512.0,1,2021-22,16.3,102.1,105.1,105.1,111.3,110.8,110.8,-9.2,-5.7,-5.7,0.274,2.97,30.3,0.026,0.113,0.067,10.2,10.2,0.429,0.499,0.169,0.171,101.48,100.22,83.51,100.22,0.1,1257,1.9,4.8
1630180,Saddiq Bey,Saddiq,1610612765,DET,23.0,82,23,59,0.28,2704.1766666666667,450,1136,0.396,211,610,0.346,210,254,0.827,107,334,441,233,96,73,16,52,128,184,1321,-499,2370.7,6,0,2384.0,1,2021-22,33.0,103.0,104.7,104.7,112.5,114.0,114.0,-9.5,-9.3,-9.3,0.138,2.43,14.8,0.035,0.125,0.078,6.1,6.1,0.489,0.529,0.209,0.212,100.76,99.32,82.77,99.32,0.1,5605,5.5,13.9
1626155,Sam Dekker,Sam,1610612761,TOR,28.0,1,1,0,1.0,0.9066666666666666,0,0,0.0,0,0,0.0,0,0,0.0,0,0,0,0,0,0,0,0,0,0,0,-5,0.0,0,0,0.0,1,2021-22,0.9,0.0,0.0,0.0,250.0,250.0,250.0,-250.0,-250.0,-250.0,0.0,0.0,0.0,0.0,0.0,0.0,0.0,0.0,0.0,0.0,0.0,0.0,79.41,105.88,88.24,105.88,0.0,2,0.0,0.0
1630573,Sam Hauser,Sam,1610612738,BOS,24.0,26,20,6,0.769,157.605,23,50,0.46,19,44,0.432,0,0,0.0,5,24,29,10,2,1,2,1,7,1,65,1,121.8,0,0,129.0,1,2021-22,6.1,107.3,105.7,105.7,107.3,106.0,106.0,0.0,-0.3,-0.3,0.095,5.0,16.1,0.03,0.133,0.084,3.2,3.2,0.65,0.65,0.136,0.142,100.07,101.42,84.52,101.42,0.104,334,0.9,1.9
1630241,Sam Merrill,Sam,1610612763,MEM,26.0,6,2,4,0.333,57.833333333333336,8,24,0.333,7,23,0.304,2,4,0.5,1,6,7,4,2,0,0,0,3,5,25,-9,37.4,0,0,43.0,1,2021-22,9.6,98.3,101.6,101.6,112.3,112.7,112.7,-14.0,-11.1,-11.1,0.108,2.0,12.9,0.012,0.107,0.05,6.5,6.3,0.479,0.485,0.178,0.186,101.49,99.6,83.0,99.6,0.054,122,1.3,4.0
1630572,Sandro Mamukelashvili,Sandro,1610612749,MIL,23.0,41,22,19,0.537,407.00166666666667,57,115,0.496,22,52,0.423,18,22,0.818,35,47,82,22,15,9,9,9,28,20,154,-145,324.4,1,0,316.0,1,2021-22,9.9,100.8,99.6,99.6,117.5,117.3,117.3,-16.7,-17.6,-17.6,0.084,1.47,13.7,0.079,0.116,0.097,9.3,9.3,0.591,0.618,0.142,0.148,99.88,100.54,83.78,100.54,0.09,855,1.4,2.8
1630583,Santi Aldama,Santi,1610612763,MEM,21.0,32,20,12,0.625,359.7683333333333,53,132,0.402,6,48,0.125,20,32,0.625,33,54,87,21,16,6,10,5,36,27,132,16,299.9,2,0,278.0,1,2021-22,11.2,106.1,105.9,105.9,103.5,104.6,104.6,2.6,1.3,1.3,0.08,1.31,11.6,0.077,0.15,0.11,8.8,8.7,0.424,0.452,0.174,0.181,102.08,101.67,84.72,101.67,0.066,765,1.7,4.1
1630567,Scottie Barnes,Scottie,1610612761,TOR,20.0,74,43,31,0.581,2617.2883333333334,459,932,0.492,58,193,0.301,158,215,0.735,195,362,557,256,136,80,55,38,192,217,1134,66,2455.4,13,0,2275.0,1,2021-22,35.4,109.1,110.2,110.2,107.6,108.4,108.4,1.5,1.8,1.8,0.15,1.88,18.1,0.068,0.141,0.102,9.6,9.6,0.524,0.552,0.187,0.192,97.9,97.03,80.86,97.03,0.109,5277,6.2,12.6
1630575,Scottie Lewis,Scottie,1610612766,CHA,22.0,2,1,1,0.5,6.55,0,0,0.0,0,0,0.0,1,2,0.5,0,0,0,1,0,1,0,0,0,1,1,-4,5.5,0,0,4.0,1,2021-22,3.3,95.9,100.0,100.0,125.0,111.8,111.8,-29.1,-11.8,-11.8,0.2,0.0,50.0,0.0,0.0,0.0,0.0,0.0,0.0,0.568,0.059,0.05,113.0,117.25,97.71,117.25,0.08,15,0.0,0.0
203816,Scotty Hopson,Scotty,1610612760,OKC,32.0,1,0,1,0.0,17.733333333333334,2,4,0.5,0,1,0.0,0,0,0.0,0,1,1,1,2,0,0,0,1,0,4,-6,4.7,0,0,6.0,1,2021-22,17.7,84.1,81.6,81.6,100.1,100.0,100.0,-16.1,-18.4,-18.4,0.091,0.5,14.3,0.0,0.043,0.024,28.6,28.6,0.5,0.5,0.143,0.154,99.93,101.5,84.59,101.5,0.018,38,2.0,4.0
1629635,Sekou Doumbouya,Sekou,1610612747,LAL,21.0,2,0,2,0.0,16.383333333333333,5,8,0.625,1,2,0.5,3,4,0.75,2,4,6,0,2,3,2,1,1,3,14,24,34.2,0,0,31.0,1,2021-22,8.2,105.2,108.3,108.3,41.9,40.5,40.5,63.2,67.8,67.8,0.0,0.0,0.0,0.111,0.182,0.15,16.7,17.0,0.688,0.717,0.286,0.279,106.7,106.94,89.11,106.94,0.376,36,2.5,4.0
1628400,Semi Ojeleye,Semi,1610612746,LAC,27.0,30,14,16,0.467,405.8366666666666,30,99,0.303,15,50,0.3,23,29,0.793,27,47,74,9,9,7,6,9,30,23,98,-144,230.3,0,0,222.0,2,2021-22,13.5,98.2,97.8,97.8,113.0,114.4,114.4,-14.8,-16.6,-16.6,0.033,1.0,6.9,0.057,0.111,0.083,6.9,6.9,0.379,0.438,0.126,0.13,100.46,100.12,83.43,100.12,0.041,845,1.0,3.3
201586,Serge Ibaka,Serge,1610612749,MIL,32.0,54,30,24,0.556,877.6016666666667,148,296,0.5,37,99,0.374,32,44,0.727,62,188,250,49,43,11,33,13,102,37,365,-54,827.5,3,0,789.0,2,2021-22,16.3,107.1,106.0,106.0,108.9,108.9,108.9,-1.8,-3.0,-3.0,0.084,1.14,12.1,0.07,0.197,0.135,10.6,10.6,0.563,0.579,0.172,0.179,100.95,101.49,84.57,101.49,0.096,1856,2.7,5.5
203552,Seth Curry,Seth,1610612751,BKN,31.0,64,38,26,0.594,2134.266666666667,360,739,0.487,158,374,0.422,82,94,0.872,21,179,200,230,109,53,14,13,148,104,960,193,1637.0,1,0,1682.0,2,2021-22,33.3,111.6,113.7,113.7,108.5,109.2,109.2,3.2,4.5,4.5,0.162,2.11,20.8,0.01,0.082,0.047,9.9,9.7,0.594,0.615,0.182,0.187,98.17,96.94,80.79,96.94,0.092,4311,5.6,11.5
1628983,Shai Gilgeous-Alexander,Shai,1610612760,OKC,23.0,56,16,40,0.286,1941.855,477,1052,0.453,89,297,0.3,328,405,0.81,37,241,278,331,154,71,46,64,142,309,1371,-264,2398.1,6,1,2303.0,1,2021-22,34.7,105.2,106.6,106.6,111.6,113.0,113.0,-6.4,-6.4,-6.4,0.293,2.15,19.4,0.017,0.114,0.065,9.0,9.0,0.496,0.557,0.298,0.304,102.71,101.41,84.51,101.41,0.134,4102,8.5,18.8
1629003,Shake Milton,Shake,1610612755,PHI,25.0,55,34,21,0.618,1179.4333333333334,173,403,0.429,43,133,0.323,61,73,0.836,30,112,142,139,44,28,17,20,99,77,450,-29,919.9,0,0,864.0,1,2021-22,21.4,107.7,108.6,108.6,109.0,109.6,109.6,-1.3,-1.0,-1.0,0.178,3.16,22.6,0.025,0.094,0.059,7.2,7.1,0.483,0.517,0.174,0.179,98.93,98.24,81.87,98.24,0.079,2412,3.1,7.3
1629783,Shaq Buchanan,Shaq,1610612763,MEM,25.0,2,2,0,1.0,9.816666666666666,1,4,0.25,0,2,0.0,0,0,0.0,1,1,2,2,2,1,0,1,1,0,2,-2,8.4,0,0,8.0,1,2021-22,4.9,104.3,108.7,108.7,118.6,117.4,117.4,-14.3,-8.7,-8.7,0.25,1.0,25.0,0.091,0.143,0.111,25.0,25.0,0.25,0.25,0.214,0.215,114.22,112.46,93.72,112.46,0.012,23,0.5,2.0
1627885,Shaquille Harrison,Shaquille,1610612751,BKN,28.0,2,1,1,0.5,22.58333333333333,2,6,0.333,0,2,0.0,0,0,0.0,1,3,4,3,2,1,1,1,3,1,4,-4,17.3,0,0,15.0,1,2021-22,11.3,95.3,91.8,91.8,101.9,104.3,104.3,-6.6,-12.4,-12.4,0.188,1.5,27.3,0.053,0.125,0.093,18.2,18.2,0.333,0.333,0.148,0.153,101.26,102.02,85.02,102.02,0.038,49,1.0,3.0
1630536,Sharife Cooper,Sharife,1610612737,ATL,21.0,13,8,5,0.615,38.586666666666666,3,14,0.214,1,6,0.167,0,0,0.0,0,5,5,5,5,0,0,3,1,1,7,-35,15.5,0,0,18.0,1,2021-22,3.0,67.3,62.1,62.1,112.0,106.0,106.0,-44.7,-43.9,-43.9,0.313,1.0,20.8,0.0,0.147,0.062,20.8,20.8,0.25,0.25,0.202,0.228,99.37,106.36,88.63,106.36,0.0,87,0.2,1.1
1630219,Skylar Mays,Skylar,1610612737,ATL,24.0,28,17,11,0.607,219.88666666666663,32,64,0.5,8,25,0.32,8,9,0.889,5,20,25,17,10,7,0,5,9,11,80,-53,146.5,1,0,144.0,1,2021-22,7.9,106.0,104.6,104.6,120.1,117.5,117.5,-14.2,-12.9,-12.9,0.12,1.7,18.1,0.022,0.091,0.056,10.6,10.5,0.563,0.589,0.149,0.157,97.47,99.21,82.68,99.21,0.077,457,1.1,2.3
203524,Solomon Hill,Solomon,1610612737,ATL,31.0,13,7,6,0.538,139.41333333333333,3,20,0.15,2,13,0.154,0,0,0.0,6,17,23,12,1,4,2,1,16,2,8,41,70.6,0,0,57.0,1,2021-22,10.7,111.6,109.4,109.4,97.7,95.1,95.1,13.9,14.3,14.3,0.117,12.0,36.4,0.043,0.115,0.08,3.0,3.0,0.2,0.2,0.064,0.067,96.58,98.81,82.35,98.81,0.021,287,0.2,1.5
203915,Spencer Dinwiddie,Spencer,1610612742,DAL,29.0,67,38,29,0.567,1980.4916666666663,306,735,0.416,112,330,0.339,195,252,0.774,45,234,279,346,104,44,13,40,150,205,919,-47,1839.8,7,1,1770.0,2,2021-22,29.6,108.2,108.4,108.4,108.9,109.4,109.4,-0.7,-1.0,-1.0,0.27,3.33,26.8,0.022,0.111,0.068,8.0,8.0,0.493,0.543,0.208,0.214,98.6,98.28,81.9,98.28,0.107,4052,4.6,11.0
1626169,Stanley Johnson,Stanley,1610612747,LAL,26.0,48,16,32,0.333,1094.3983333333333,117,251,0.466,33,105,0.314,53,74,0.716,34,121,155,80,35,43,14,19,109,62,320,-49,762.0,0,0,702.0,1,2021-22,22.8,113.7,114.0,114.0,114.4,115.2,115.2,-0.8,-1.1,-1.1,0.094,2.29,20.1,0.032,0.109,0.071,8.8,8.8,0.532,0.564,0.125,0.127,101.31,100.83,84.03,100.83,0.06,2289,2.4,5.2
201939,Stephen Curry,Stephen,1610612744,GSW,34.0,64,45,19,0.703,2211.085,535,1224,0.437,285,750,0.38,275,298,0.923,34,301,335,404,206,85,23,39,130,226,1630,509,2756.0,12,2,2870.0,1,2021-22,34.5,112.8,114.1,114.1,102.2,103.4,103.4,10.6,10.7,10.7,0.286,1.96,20.8,0.015,0.126,0.073,10.6,10.5,0.554,0.601,0.293,0.302,101.99,100.83,84.02,100.83,0.155,4649,8.4,19.1
1628425,Sterling Brown,Sterling,1610612742,DAL,27.0,49,31,18,0.633,628.4116666666666,59,155,0.381,28,92,0.304,14,15,0.933,26,123,149,34,23,14,7,13,56,12,160,32,429.8,2,0,413.0,1,2021-22,12.8,105.6,105.4,105.4,104.1,103.1,103.1,1.6,2.3,2.3,0.078,1.48,15.5,0.039,0.188,0.113,10.5,10.5,0.471,0.495,0.124,0.128,99.64,100.21,83.51,100.21,0.073,1313,1.2,3.2
203500,Steven Adams,Steven,1610612763,MEM,28.0,76,51,25,0.671,1998.5766666666664,210,384,0.547,0,1,0.0,108,199,0.543,349,411,760,256,115,65,60,44,153,200,528,353,2084.0,14,0,1794.0,1,2021-22,26.3,115.1,117.8,117.8,108.3,109.5,109.5,6.8,8.3,8.3,0.155,2.23,30.5,0.159,0.198,0.178,13.7,13.6,0.547,0.56,0.118,0.12,101.33,99.57,82.98,99.57,0.108,4150,2.8,5.1
1629004,Svi Mykhailiuk,Svi,1610612761,TOR,25.0,56,29,27,0.518,716.1216666666667,91,234,0.389,41,134,0.306,32,37,0.865,20,72,92,45,32,26,4,11,54,27,255,-78,490.9,0,0,493.0,1,2021-22,12.8,103.6,103.6,103.6,109.6,109.5,109.5,-6.0,-5.9,-5.9,0.094,1.41,13.8,0.024,0.101,0.06,9.8,9.8,0.476,0.509,0.161,0.167,100.21,100.24,83.53,100.24,0.064,1500,1.6,4.2
204456,T.J. McConnell,T.J.,1610612754,IND,30.0,27,9,18,0.333,652.1033333333334,100,208,0.481,10,33,0.303,19,23,0.826,20,70,90,131,29,29,10,11,53,39,229,-74,621.5,1,0,538.0,1,2021-22,24.2,107.2,106.8,106.8,111.6,112.3,112.3,-4.4,-5.5,-5.5,0.287,4.52,34.8,0.029,0.11,0.069,7.7,7.7,0.505,0.525,0.157,0.165,101.61,101.43,84.53,101.43,0.104,1379,3.7,7.7
1629605,Tacko Fall,Tacko,1610612739,CLE,26.0,11,4,7,0.364,58.78333333333333,5,12,0.417,0,0,0.0,2,7,0.286,7,16,23,2,3,0,6,1,3,8,12,5,57.6,0,0,49.0,1,2021-22,5.3,103.6,100.0,100.0,103.9,100.8,100.8,-0.3,-0.8,-0.8,0.048,0.67,10.0,0.115,0.271,0.192,15.0,14.9,0.417,0.398,0.124,0.134,95.64,98.8,82.34,98.8,0.091,124,0.5,1.1
201959,Taj Gibson,Taj,1610612752,NYK,37.0,52,24,28,0.462,945.7233333333334,86,166,0.518,15,38,0.395,42,52,0.808,88,141,229,32,27,22,40,9,137,48,229,43,710.8,0,0,629.0,1,2021-22,18.2,108.3,107.4,107.4,103.3,104.2,104.2,5.0,3.3,3.3,0.05,1.19,12.9,0.088,0.139,0.114,10.8,10.9,0.563,0.606,0.099,0.102,96.78,96.74,80.62,96.74,0.069,1897,1.7,3.2
1629659,Talen Horton-Tucker,Talen,1610612747,LAL,21.0,60,23,37,0.383,1511.0283333333334,224,538,0.416,49,182,0.269,100,125,0.8,37,156,193,159,82,59,29,28,148,97,597,-90,1249.1,1,0,1174.0,1,2021-22,25.2,107.2,107.9,107.9,109.5,110.1,110.1,-2.4,-2.2,-2.2,0.153,1.94,19.1,0.024,0.1,0.061,9.8,9.8,0.462,0.503,0.189,0.193,101.88,101.27,84.39,101.27,0.07,3179,3.7,9.0
1627752,Taurean Prince,Taurean,1610612750,MIN,28.0,69,40,29,0.58,1176.655,177,390,0.454,86,229,0.376,62,82,0.756,26,148,174,68,53,47,23,13,116,83,502,-5,969.8,0,0,970.0,1,2021-22,17.1,111.0,111.6,111.6,110.4,110.9,110.9,0.6,0.7,0.7,0.08,1.28,12.5,0.021,0.12,0.07,9.8,9.7,0.564,0.589,0.166,0.171,105.09,104.57,87.15,104.57,0.076,2553,2.6,5.7
1629611,Terance Mann,Terance,1610612746,LAC,25.0,81,41,40,0.506,2316.81,334,690,0.484,76,208,0.365,128,164,0.78,104,321,425,209,84,55,21,44,178,158,872,68,1839.5,6,0,1734.0,1,2021-22,28.6,107.9,108.6,108.6,106.2,107.1,107.1,1.8,1.5,1.5,0.131,2.49,19.8,0.044,0.127,0.086,8.0,8.0,0.539,0.572,0.157,0.161,99.56,98.84,82.36,98.84,0.095,4768,4.1,8.5
1629056,Terence Davis,Terence,1610612758,SAC,25.0,30,11,19,0.367,536.3116666666666,113,267,0.423,49,149,0.329,36,44,0.818,11,83,94,40,33,25,11,14,70,34,311,60,558.8,0,0,566.0,1,2021-22,17.9,112.5,113.4,113.4,107.6,109.0,109.0,4.9,4.4,4.4,0.107,1.21,11.2,0.019,0.138,0.08,9.2,9.2,0.515,0.543,0.244,0.251,103.97,102.84,85.7,102.84,0.091,1153,3.8,8.9
203082,Terrence Ross,Terrence,1610612753,ORL,31.0,63,14,49,0.222,1448.1783333333333,220,554,0.397,77,264,0.292,112,130,0.862,20,141,161,116,75,28,12,24,68,95,629,-348,1041.2,0,0,1063.0,1,2021-22,23.0,100.0,101.9,101.9,113.2,113.8,113.8,-13.3,-11.9,-11.9,0.127,1.55,14.6,0.013,0.094,0.052,9.5,9.3,0.467,0.515,0.196,0.203,102.36,101.14,84.29,101.14,0.075,3059,3.5,8.8
1626179,Terry Rozier,Terry,1610612766,CHA,28.0,73,38,35,0.521,2457.843333333333,518,1167,0.444,222,593,0.374,150,176,0.852,56,259,315,326,96,93,25,46,119,172,1408,74,2533.0,3,1,2507.0,1,2021-22,33.7,112.2,113.3,113.3,111.2,112.0,112.0,1.0,1.4,1.4,0.197,3.4,19.8,0.021,0.101,0.061,5.8,5.8,0.539,0.566,0.227,0.233,101.89,101.03,84.2,101.03,0.114,5175,7.1,16.0
1630678,Terry Taylor,Terry,1610612754,IND,22.0,33,7,26,0.212,713.795,135,220,0.614,12,38,0.316,36,51,0.706,95,77,172,41,23,14,8,14,61,40,318,-114,628.9,2,0,587.0,1,2021-22,21.6,112.3,112.2,112.2,120.4,119.1,119.1,-8.2,-6.9,-6.9,0.081,1.78,13.4,0.129,0.117,0.123,7.5,7.5,0.641,0.656,0.151,0.156,101.49,102.08,85.07,102.08,0.097,1514,4.1,6.7
201152,Thaddeus Young,Thaddeus,1610612761,TOR,34.0,52,27,25,0.519,845.2083333333334,141,272,0.518,17,48,0.354,23,49,0.469,80,128,208,104,52,54,18,20,81,51,322,20,891.6,0,0,795.0,2,2021-22,16.3,106.3,106.1,106.1,106.4,106.3,106.3,-0.2,-0.2,-0.2,0.177,2.0,23.2,0.088,0.152,0.119,11.6,11.6,0.55,0.548,0.169,0.175,99.37,99.55,82.96,99.55,0.109,1764,2.7,5.2
203648,Thanasis Antetokounmpo,Thanasis,1610612749,MIL,29.0,48,26,22,0.542,473.3433333333333,70,128,0.547,2,14,0.143,29,46,0.63,40,61,101,22,26,16,12,13,68,37,171,-115,383.2,0,0,352.0,1,2021-22,9.9,106.1,104.3,104.3,115.1,114.4,114.4,-9.1,-10.1,-10.1,0.071,0.85,11.1,0.083,0.129,0.106,13.1,13.2,0.555,0.577,0.155,0.159,101.03,102.22,85.18,102.22,0.067,1002,1.5,2.7
1630177,Theo Maledon,Theo,1610612760,OKC,21.0,51,14,37,0.275,908.22,119,317,0.375,44,150,0.293,79,100,0.79,20,111,131,111,65,31,11,24,67,94,361,-199,745.7,1,0,731.0,1,2021-22,17.8,102.1,101.8,101.8,113.3,112.3,112.3,-11.2,-10.5,-10.5,0.188,1.71,20.7,0.02,0.118,0.068,12.1,12.1,0.445,0.5,0.201,0.206,99.94,100.47,83.72,100.47,0.075,1901,2.3,6.2
1629033,Theo Pinson,Theo,1610612742,DAL,26.0,19,14,5,0.737,148.09666666666666,14,39,0.359,10,30,0.333,10,10,1.0,2,19,21,17,5,5,2,0,12,8,48,-41,114.7,0,0,110.0,1,2021-22,7.8,95.8,95.2,95.2,106.2,107.6,107.6,-10.5,-12.4,-12.4,0.181,3.4,26.2,0.012,0.124,0.067,7.7,7.6,0.487,0.553,0.138,0.145,102.13,101.77,84.81,101.77,0.087,313,0.7,2.1
1628418,Thomas Bryant,Thomas,1610612764,WAS,24.0,27,8,19,0.296,439.1133333333333,77,148,0.52,12,42,0.286,35,40,0.875,26,82,108,23,19,6,21,7,43,38,201,-75,427.1,0,0,398.0,1,2021-22,16.3,104.0,103.7,103.7,113.0,112.8,112.8,-8.9,-9.1,-9.1,0.083,1.21,11.1,0.06,0.187,0.124,9.1,9.2,0.561,0.607,0.188,0.192,97.78,98.05,81.71,98.05,0.106,900,2.9,5.5
204025,Tim Frazier,Tim,1610612739,CLE,31.0,12,1,11,0.083,207.59833333333333,14,45,0.311,6,17,0.353,5,9,0.556,5,14,19,34,15,3,1,2,27,12,39,-80,109.8,0,0,106.0,2,2021-22,17.3,91.7,92.7,92.7,109.3,110.2,110.2,-17.5,-17.5,-17.5,0.254,2.27,34.7,0.024,0.066,0.045,15.3,15.3,0.378,0.398,0.137,0.139,99.81,98.84,82.37,98.84,0.023,425,1.2,3.8
203501,Tim Hardaway Jr.,Tim,1610612742,DAL,30.0,42,24,18,0.571,1245.01,209,530,0.394,102,304,0.336,78,103,0.757,13,143,156,92,34,38,6,18,74,88,598,36,1021.2,0,0,1036.0,1,2021-22,29.6,108.3,108.9,108.9,106.9,107.7,107.7,1.4,1.3,1.3,0.115,2.71,13.2,0.01,0.114,0.061,4.9,4.8,0.491,0.52,0.214,0.22,97.59,96.96,80.8,96.96,0.089,2517,5.0,12.6
1627789,Timothe Luwawu-Cabarrot,Timothe,1610612737,ATL,27.0,52,30,22,0.577,684.8116666666666,74,186,0.398,44,122,0.361,35,41,0.854,17,65,82,40,20,18,6,9,76,36,227,-51,437.4,0,0,441.0,1,2021-22,13.2,110.8,109.7,109.7,113.9,113.2,113.2,-3.1,-3.5,-3.5,0.08,2.0,15.2,0.024,0.094,0.058,7.6,7.6,0.516,0.556,0.135,0.14,102.0,102.83,85.69,102.83,0.049,1467,1.4,3.6
202699,Tobias Harris,Tobias,1610612755,PHI,29.0,73,45,28,0.616,2543.155,493,1022,0.482,101,275,0.367,170,202,0.842,77,419,496,252,116,47,43,71,164,161,1257,171,2384.2,9,1,2286.0,1,2021-22,34.8,111.9,113.2,113.2,108.7,110.0,110.0,3.2,3.2,3.2,0.158,2.17,17.1,0.032,0.164,0.099,7.9,7.8,0.532,0.566,0.214,0.219,97.89,96.79,80.66,96.79,0.115,5131,6.8,14.0
203107,Tomas Satoransky,Tomas,1610612764,WAS,30.0,55,21,34,0.382,905.9883333333332,72,191,0.377,11,53,0.208,43,54,0.796,27,99,126,184,46,29,5,11,71,61,198,-163,681.2,1,0,587.0,3,2021-22,16.5,104.9,104.4,104.4,111.8,112.4,112.4,-6.9,-8.0,-8.0,0.285,4.0,41.3,0.029,0.11,0.069,10.3,10.3,0.406,0.461,0.124,0.128,98.7,98.73,82.27,98.73,0.076,1857,1.3,3.5
1628396,Tony Bradley,Tony,1610612741,CHI,24.0,55,28,27,0.509,549.065,72,123,0.585,0,0,0.0,19,29,0.655,67,119,186,27,34,10,33,18,62,34,163,70,521.7,0,0,462.0,1,2021-22,10.0,111.6,110.2,110.2,104.7,105.0,105.0,6.9,5.2,5.2,0.065,0.79,13.7,0.123,0.196,0.161,17.3,17.3,0.585,0.6,0.128,0.133,101.27,101.8,84.84,101.8,0.096,1169,1.3,2.2
203503,Tony Snell,Tony,1610612740,NOP,30.0,53,19,34,0.358,822.4883333333333,69,171,0.404,45,128,0.352,4,4,1.0,16,87,103,28,19,16,9,4,70,9,187,-117,408.6,0,0,413.0,2,2021-22,15.5,105.1,104.8,104.8,112.5,112.6,112.6,-7.4,-7.8,-7.8,0.047,1.47,12.8,0.018,0.107,0.061,8.7,8.6,0.535,0.541,0.099,0.102,99.5,99.59,82.99,99.59,0.043,1714,1.3,3.2
1628470,Torrey Craig,Torrey,1610612756,PHX,31.0,78,36,42,0.462,1595.82,200,441,0.454,77,234,0.329,39,52,0.75,86,224,310,91,67,46,36,14,151,54,516,-184,1203.5,3,0,1158.0,2,2021-22,20.5,106.3,106.8,106.8,111.4,111.8,111.8,-5.0,-5.0,-5.0,0.082,1.36,14.7,0.05,0.137,0.093,10.8,10.8,0.541,0.556,0.139,0.143,100.76,100.36,83.63,100.36,0.073,3329,2.6,5.7
1629027,Trae Young,Trae,1610612737,ATL,23.0,76,40,36,0.526,2651.891666666667,711,1544,0.46,233,610,0.382,500,553,0.904,50,234,284,737,303,72,7,93,128,452,2155,159,3535.3,42,0,3567.0,1,2021-22,34.9,116.5,117.2,117.2,113.6,114.9,114.9,2.9,2.3,2.3,0.442,2.43,26.1,0.019,0.087,0.053,10.7,10.7,0.536,0.603,0.333,0.34,101.06,100.2,83.5,100.2,0.161,5550,9.4,20.3
1629309,Trayvon Palmer,Trayvon,1610612765,DET,27.0,1,0,1,0.0,16.773333333333333,0,1,0.0,0,0,0.0,0,0,0.0,0,2,2,0,1,0,0,0,2,0,0,-12,1.4,0,0,2.0,1,2021-22,16.8,76.8,78.8,78.8,107.3,111.8,111.8,-30.5,-33.0,-33.0,0.0,0.0,0.0,0.0,0.133,0.065,50.0,50.0,0.0,0.0,0.053,0.054,99.07,95.87,79.89,95.87,-0.037,33,0.0,1.0
1630200,Tre Jones,Tre,1610612759,SAS,22.0,69,32,37,0.464,1148.125,166,339,0.49,10,51,0.196,71,91,0.78,29,126,155,233,46,42,7,28,78,106,413,-16,1049.5,3,0,909.0,1,2021-22,16.6,109.1,108.8,108.8,111.0,109.3,109.3,-1.9,-0.5,-0.5,0.28,5.07,35.7,0.024,0.103,0.064,7.1,7.0,0.504,0.545,0.151,0.158,101.65,102.57,85.48,102.57,0.105,2452,2.4,4.9
1630544,Tre Mann,Tre,1610612760,OKC,21.0,60,17,43,0.283,1366.925,231,588,0.393,98,272,0.36,65,82,0.793,25,146,171,91,71,47,12,33,102,74,625,-278,1072.7,0,0,1103.0,1,2021-22,22.8,101.6,101.7,101.7,112.1,112.0,112.0,-10.5,-10.3,-10.3,0.108,1.28,11.6,0.017,0.101,0.058,9.0,9.0,0.476,0.501,0.213,0.218,100.55,100.48,83.74,100.48,0.069,2869,3.9,9.8
1629682,Tremont Waters,Tremont,1610612764,WAS,24.0,3,0,3,0.0,50.278333333333336,4,14,0.286,2,9,0.222,0,0,0.0,0,4,4,7,4,5,0,0,4,2,10,-19,36.3,0,0,33.0,2,2021-22,16.8,106.2,105.4,105.4,120.1,122.5,122.5,-13.9,-17.1,-17.1,0.179,1.75,28.0,0.0,0.077,0.04,16.0,16.0,0.357,0.357,0.15,0.154,106.66,105.97,88.31,105.97,0.034,111,1.3,4.7
1630570,Trendon Watford,Trendon,1610612757,POR,21.0,48,16,32,0.333,869.3466666666667,142,267,0.532,9,38,0.237,71,94,0.755,57,142,199,81,44,25,28,20,116,77,364,-350,839.3,2,0,759.0,1,2021-22,18.1,100.9,100.5,100.5,118.0,118.4,118.4,-17.1,-17.9,-17.9,0.152,1.84,18.7,0.06,0.163,0.109,10.2,10.2,0.549,0.59,0.169,0.173,102.63,102.67,85.56,102.67,0.097,1852,3.0,5.6
1630235,Trent Forrest,Trent,1610612762,UTA,24.0,60,36,24,0.6,765.5183333333333,76,155,0.49,5,27,0.185,38,48,0.792,23,76,99,106,48,30,6,12,43,44,195,78,532.8,0,0,477.0,1,2021-22,12.8,113.5,113.0,113.0,108.8,108.5,108.5,4.7,4.5,4.5,0.188,2.21,32.1,0.031,0.093,0.064,14.5,14.5,0.506,0.554,0.124,0.129,97.84,98.16,81.8,98.16,0.079,1569,1.3,2.6
1630243,Trevelin Queen,Trevelin,1610612745,HOU,25.0,10,1,9,0.1,74.43833333333333,15,33,0.455,9,24,0.375,4,4,1.0,7,9,16,4,7,5,1,0,6,5,43,8,79.2,0,0,84.0,1,2021-22,7.4,112.4,112.9,112.9,110.3,107.3,107.3,2.0,5.6,5.6,0.074,0.57,8.9,0.091,0.134,0.111,15.6,15.3,0.591,0.619,0.219,0.227,104.23,105.43,87.86,105.43,0.108,163,1.5,3.3
1630286,Trevon Scott,Trevon,1610612739,CLE,25.0,2,1,1,0.5,11.366666666666667,3,6,0.5,0,1,0.0,0,0,0.0,1,1,2,0,0,1,1,0,2,0,6,4,14.4,0,0,12.0,1,2021-22,5.7,100.5,104.0,104.0,89.7,84.6,84.6,10.7,19.4,19.4,0.0,0.0,0.0,0.071,0.083,0.077,0.0,0.0,0.5,0.5,0.207,0.215,106.42,107.68,89.74,107.68,0.098,25,1.5,3.0
2772,Trevor Ariza,Trevor,1610612747,LAL,37.0,24,8,16,0.333,462.3033333333333,33,99,0.333,20,74,0.27,10,18,0.556,10,72,82,27,11,13,6,3,20,19,96,-56,280.9,0,0,263.0,1,2021-22,19.3,106.7,106.9,106.9,112.0,112.2,112.2,-5.3,-5.3,-5.3,0.079,2.45,18.6,0.02,0.151,0.084,7.6,7.6,0.434,0.449,0.11,0.112,99.6,99.42,82.85,99.42,0.059,955,1.4,4.1
203504,Trey Burke,Trey,1610612742,DAL,29.0,42,24,18,0.571,441.195,84,215,0.391,26,82,0.317,20,23,0.87,4,29,33,57,26,12,0,6,39,30,214,-10,349.1,0,0,354.0,1,2021-22,10.5,104.3,103.6,103.6,105.7,104.2,104.2,-1.4,-0.5,-0.5,0.219,2.19,18.4,0.009,0.064,0.037,8.4,8.4,0.451,0.475,0.25,0.259,98.1,99.17,82.64,99.17,0.069,909,2.0,5.1
1626168,Trey Lyles,Trey,1610612758,SAC,26.0,75,19,56,0.253,1536.2666666666669,262,562,0.466,67,209,0.321,195,243,0.802,89,290,379,88,73,29,32,34,123,195,786,-228,1482.8,3,0,1442.0,2,2021-22,20.5,105.4,106.4,106.4,113.4,113.6,113.6,-8.0,-7.2,-7.2,0.09,1.21,10.7,0.056,0.189,0.121,8.9,8.8,0.526,0.588,0.205,0.21,101.43,100.8,84.0,100.8,0.115,3228,3.5,7.5
1630530,Trey Murphy III,Trey,1610612740,NOP,22.0,62,31,31,0.5,863.595,109,277,0.394,71,186,0.382,45,51,0.882,47,100,147,38,16,23,7,13,60,44,334,-1,641.4,0,0,650.0,1,2021-22,13.9,107.6,108.1,108.1,109.9,107.8,107.8,-2.2,0.3,0.3,0.065,2.38,10.9,0.049,0.122,0.083,4.6,4.5,0.522,0.558,0.147,0.153,100.01,100.77,83.97,100.77,0.08,1810,1.8,4.5
202684,Tristan Thompson,Tristan,1610612741,CHI,31.0,57,20,37,0.351,896.2183333333334,141,267,0.528,1,3,0.333,61,116,0.526,120,168,288,34,45,23,21,29,98,114,344,-65,827.6,1,0,755.0,3,2021-22,15.7,109.7,112.1,112.1,115.5,115.7,115.7,-5.8,-3.6,-3.6,0.054,0.76,8.5,0.125,0.196,0.159,11.3,11.3,0.53,0.541,0.168,0.172,100.71,99.54,82.95,99.54,0.086,1859,2.5,4.7
1628972,Troy Brown Jr.,Troy,1610612741,CHI,22.0,66,37,29,0.561,1054.74,108,258,0.419,47,133,0.353,20,26,0.769,39,164,203,66,26,36,5,25,62,28,283,-44,722.6,1,0,681.0,1,2021-22,16.0,110.1,109.3,109.3,111.4,111.7,111.7,-1.3,-2.3,-2.3,0.082,2.54,18.3,0.038,0.154,0.098,7.2,7.2,0.51,0.525,0.118,0.122,100.86,101.1,84.25,101.1,0.073,2225,1.6,3.9
1629660,Ty Jerome,Ty,1610612760,OKC,24.0,48,15,33,0.313,801.0916666666667,124,328,0.378,54,186,0.29,38,47,0.809,19,59,78,109,37,30,5,18,73,54,340,-7,665.1,0,0,651.0,1,2021-22,16.7,98.9,98.9,98.9,101.1,100.4,100.4,-2.2,-1.5,-1.5,0.229,2.95,22.1,0.021,0.072,0.045,7.5,7.5,0.46,0.488,0.205,0.21,98.63,98.98,82.49,98.98,0.081,1661,2.6,6.8
1629076,Tyler Cook,Tyler,1610612741,CHI,24.0,20,13,7,0.65,199.61666666666667,23,38,0.605,0,0,0.0,21,32,0.656,16,37,53,3,7,4,4,6,28,31,67,-27,152.1,0,0,139.0,1,2021-22,10.0,107.6,107.1,107.1,115.4,114.6,114.6,-7.8,-7.5,-7.5,0.021,0.43,4.8,0.08,0.2,0.138,11.1,11.3,0.605,0.643,0.127,0.13,100.4,100.99,84.16,100.99,0.074,422,1.2,1.9
1629788,Tyler Hall,Tyler,1610612752,NYK,25.0,1,1,0,1.0,1.9333333333333331,0,0,0.0,0,0,0.0,0,0,0.0,0,0,0,0,0,0,0,0,0,0,0,-5,0.0,0,0,0.0,1,2021-22,1.9,50.0,40.0,40.0,140.0,140.0,140.0,-90.0,-100.0,-100.0,0.0,0.0,0.0,0.0,0.0,0.0,0.0,0.0,0.0,0.0,0.0,0.0,111.72,124.14,103.45,124.14,0.0,5,0.0,0.0
1629639,Tyler Herro,Tyler,1610612748,MIA,22.0,66,44,22,0.667,2151.0116666666668,501,1122,0.447,175,439,0.399,190,219,0.868,32,297,329,263,174,44,8,75,95,175,1367,240,2138.3,3,0,2238.0,1,2021-22,32.6,111.9,113.4,113.4,106.4,108.1,108.1,5.5,5.3,5.3,0.205,1.51,15.9,0.015,0.133,0.076,10.6,10.5,0.525,0.561,0.278,0.285,99.36,97.92,81.6,97.92,0.129,4391,7.6,17.0
204020,Tyler Johnson,Tyler,1610612759,SAS,30.0,6,2,4,0.333,91.375,6,20,0.3,5,13,0.385,0,0,0.0,3,9,12,7,2,3,3,1,7,6,17,-6,57.9,0,0,53.0,2,2021-22,15.2,109.8,111.9,111.9,115.0,113.8,113.8,-5.2,-1.9,-1.9,0.1,3.5,24.1,0.029,0.1,0.062,6.9,6.9,0.425,0.425,0.1,0.102,102.84,102.44,85.36,102.44,0.04,194,1.0,3.3
1630179,Tyrell Terry,Tyrell,1610612763,MEM,21.0,2,2,0,1.0,3.05,1,1,1.0,0,0,0.0,0,0,0.0,0,0,0,0,0,0,0,0,1,0,2,-2,2.0,0,0,2.0,1,2021-22,1.5,144.0,137.5,137.5,167.5,144.4,144.4,-23.5,-6.9,-6.9,0.0,0.0,0.0,0.0,0.0,0.0,0.0,0.0,1.0,1.0,0.111,0.116,121.18,133.77,111.48,133.77,0.053,8,0.5,0.5
1630169,Tyrese Haliburton,Tyrese,1610612754,IND,22.0,77,26,51,0.338,2694.1316666666667,430,909,0.473,161,389,0.414,160,190,0.842,61,250,311,628,199,134,49,37,121,173,1181,-327,2846.2,25,0,2647.0,2,2021-22,35.0,108.6,110.0,110.0,115.2,115.9,115.9,-6.6,-6.0,-6.0,0.335,3.16,34.6,0.022,0.093,0.056,11.0,10.9,0.562,0.595,0.184,0.188,101.66,100.67,83.89,100.67,0.122,5655,5.6,11.8
1630178,Tyrese Maxey,Tyrese,1610612755,PHI,21.0,75,45,30,0.6,2650.3566666666666,483,995,0.485,132,309,0.427,213,246,0.866,26,214,240,321,88,55,32,54,156,177,1311,192,2253.5,1,0,2178.0,1,2021-22,35.3,112.2,113.3,113.3,109.0,109.7,109.7,3.3,3.6,3.6,0.191,3.65,21.4,0.01,0.08,0.046,5.9,5.8,0.552,0.594,0.199,0.204,97.9,97.1,80.92,97.1,0.105,5362,6.4,13.3
1627820,Tyrone Wallace,Tyrone,1610612740,NOP,28.0,6,4,2,0.667,74.92166666666667,7,20,0.35,2,8,0.25,1,5,0.2,0,8,8,1,2,3,1,1,7,5,17,-18,38.1,0,0,36.0,1,2021-22,12.5,113.1,111.5,111.5,119.7,121.4,121.4,-6.6,-9.9,-9.9,0.017,0.5,4.0,0.0,0.133,0.06,8.0,7.9,0.4,0.383,0.13,0.136,101.23,101.23,84.35,101.23,0.011,157,1.2,3.3
1626145,Tyus Jones,Tyus,1610612763,MEM,26.0,73,51,22,0.699,1549.4366666666667,249,552,0.451,80,205,0.39,54,66,0.818,17,159,176,324,46,66,2,18,32,73,632,255,1487.2,2,0,1348.0,1,2021-22,21.2,111.5,113.0,113.0,103.8,105.5,105.5,7.7,7.6,7.6,0.285,7.04,34.2,0.01,0.097,0.052,4.9,4.8,0.524,0.544,0.164,0.168,102.45,100.93,84.11,100.93,0.126,3262,3.4,7.6
1628962,Udoka Azubuike,Udoka,1610612762,UTA,22.0,17,11,6,0.647,194.875,37,49,0.755,0,0,0.0,6,11,0.545,18,53,71,0,12,1,11,2,25,10,80,4,189.2,1,0,175.0,1,2021-22,11.5,109.0,107.8,107.8,106.2,105.8,105.8,2.8,2.0,2.0,0.0,0.0,0.0,0.093,0.233,0.169,18.5,18.2,0.755,0.743,0.143,0.148,100.29,100.99,84.16,100.99,0.118,408,2.2,2.9
2617,Udonis Haslem,Udonis,1610612748,MIA,42.0,13,10,3,0.769,83.21666666666667,14,31,0.452,1,4,0.25,3,3,1.0,4,21,25,4,5,1,1,3,15,6,32,-15,69.0,0,0,66.0,1,2021-22,6.4,94.8,92.7,92.7,104.6,102.3,102.3,-9.8,-9.5,-9.5,0.077,0.8,9.8,0.043,0.239,0.139,12.2,12.1,0.468,0.495,0.183,0.192,100.38,102.67,85.56,102.67,0.085,179,1.1,2.4
1630586,Usman Garuba,Usman,1610612745,HOU,20.0,24,2,22,0.083,239.16,19,44,0.432,5,20,0.25,5,7,0.714,21,62,83,17,6,10,11,6,28,8,48,33,230.1,0,0,195.0,1,2021-22,10.0,118.1,118.6,118.6,112.1,111.5,111.5,6.0,7.0,7.0,0.084,2.83,24.3,0.083,0.263,0.17,8.6,8.6,0.489,0.51,0.091,0.093,103.98,104.06,86.72,104.06,0.087,517,0.8,1.8
1630176,Vernon Carey Jr.,Vernon,1610612764,WAS,21.0,7,3,4,0.429,44.14833333333333,7,13,0.538,0,0,0.0,6,13,0.462,8,4,12,0,3,2,1,0,4,8,20,-44,40.4,0,0,38.0,2,2021-22,6.3,92.2,84.7,84.7,135.9,132.3,132.3,-43.6,-47.6,-47.6,0.0,0.0,0.0,0.145,0.093,0.122,14.3,13.8,0.538,0.534,0.179,0.201,99.74,105.46,87.89,105.46,0.055,98,1.0,1.9
203506,Victor Oladipo,Victor,1610612748,MIA,30.0,8,4,4,0.5,173.11666666666667,35,73,0.479,15,36,0.417,14,19,0.737,3,20,23,28,16,5,1,3,13,17,99,-5,170.6,1,0,177.0,1,2021-22,21.6,102.4,103.3,103.3,100.4,104.7,104.7,2.0,-1.4,-1.4,0.277,1.75,22.4,0.017,0.11,0.065,12.8,12.8,0.582,0.608,0.247,0.253,102.16,99.54,82.95,99.54,0.13,359,4.4,9.1
1628427,Vlatko Cancar,Vlatko,1610612743,DEN,25.0,15,7,8,0.467,176.32666666666665,23,41,0.561,7,12,0.583,9,14,0.643,8,23,31,17,9,2,3,3,18,16,62,4,130.7,0,0,127.0,1,2021-22,11.8,105.6,104.9,104.9,107.0,104.1,104.1,-1.4,0.8,0.8,0.139,1.89,23.0,0.041,0.133,0.085,12.2,12.3,0.646,0.657,0.131,0.134,103.48,105.21,87.68,105.21,0.085,387,1.5,2.7
1630249,Vít Krejčí,Vít,1610612760,OKC,22.0,30,8,22,0.267,689.9,68,167,0.407,32,98,0.327,19,22,0.864,18,83,101,57,29,19,8,9,65,20,187,-179,445.7,1,0,431.0,1,2021-22,23.0,103.4,103.3,103.3,116.0,116.1,116.1,-12.7,-12.8,-12.8,0.117,1.97,21.7,0.024,0.121,0.07,11.0,11.0,0.503,0.529,0.125,0.128,101.01,101.02,84.19,101.02,0.056,1455,2.3,5.6
201961,Wayne Ellington,Wayne,1610612747,LAL,34.0,43,15,28,0.349,810.2266666666667,98,237,0.414,82,211,0.389,9,11,0.818,10,67,77,30,19,23,5,4,42,17,287,-59,489.4,0,0,532.0,1,2021-22,18.8,106.9,107.5,107.5,110.3,111.3,111.3,-3.5,-3.8,-3.8,0.055,1.58,10.5,0.012,0.078,0.046,6.6,6.5,0.586,0.593,0.135,0.14,101.76,101.01,84.17,101.01,0.064,1708,2.3,5.5
1627782,Wayne Selden,Wayne,1610612752,NYK,27.0,3,2,1,0.667,19.14,1,4,0.25,1,2,0.5,2,4,0.5,0,1,1,1,0,0,0,1,1,2,5,-13,7.7,0,0,8.0,1,2021-22,6.4,88.2,80.5,80.5,114.4,115.0,115.0,-26.2,-34.5,-34.5,0.091,0.0,14.3,0.0,0.053,0.024,0.0,0.0,0.375,0.434,0.136,0.143,97.3,101.57,84.64,101.57,0.015,41,0.3,1.3
1628976,Wendell Carter Jr.,Wendell,1610612753,ORL,23.0,62,16,46,0.258,1851.57,359,684,0.525,70,214,0.327,143,207,0.691,139,509,648,171,117,36,43,35,169,186,931,-135,2085.1,33,0,1978.0,1,2021-22,29.9,104.1,105.1,105.1,107.5,108.8,108.8,-3.5,-3.7,-3.7,0.15,1.46,16.1,0.074,0.26,0.168,11.0,11.0,0.576,0.601,0.206,0.209,101.49,100.39,83.66,100.39,0.144,3876,5.8,11.0
1629117,Wenyen Gabriel,Wenyen,1610612747,LAL,25.0,26,8,18,0.308,358.7933333333333,54,110,0.491,8,28,0.286,25,42,0.595,39,58,97,14,16,5,11,16,68,33,141,44,310.4,1,0,292.0,3,2021-22,13.8,117.7,118.1,118.1,113.9,111.4,111.4,3.7,6.7,6.7,0.053,0.88,8.9,0.105,0.151,0.128,10.1,10.1,0.527,0.549,0.165,0.17,100.72,101.67,84.73,101.67,0.056,757,2.1,4.2
1628411,Wes Iwundu,Wes,1610612737,ATL,27.0,3,2,1,0.667,82.21666666666667,8,18,0.444,3,5,0.6,3,4,0.75,3,10,13,0,1,1,0,4,8,4,22,0,39.6,0,0,40.0,1,2021-22,27.4,116.9,117.0,117.0,117.9,118.4,118.4,-1.0,-1.4,-1.4,0.0,0.0,0.0,0.036,0.143,0.084,4.8,4.8,0.528,0.557,0.111,0.113,95.99,95.75,79.79,95.75,0.041,165,2.7,6.0
202083,Wesley Matthews,Wesley,1610612749,MIL,35.0,49,33,16,0.673,1002.17,87,220,0.395,53,157,0.338,22,28,0.786,30,62,92,36,18,23,8,10,87,56,249,139,488.4,0,0,492.0,1,2021-22,20.5,115.4,114.4,114.4,107.1,107.7,107.7,8.3,6.7,6.7,0.047,2.0,12.6,0.029,0.056,0.043,6.3,6.3,0.516,0.536,0.104,0.108,102.58,102.71,85.59,102.71,0.035,2142,1.8,4.5
203115,Will Barton,Will,1610612743,DEN,31.0,71,41,30,0.577,2276.463333333333,392,896,0.438,157,430,0.365,102,127,0.803,44,296,340,276,127,55,31,47,114,128,1043,98,1996.0,1,0,1988.0,1,2021-22,32.1,111.0,112.5,112.5,110.2,110.4,110.4,0.8,2.0,2.0,0.171,2.17,20.4,0.02,0.128,0.075,9.4,9.4,0.525,0.548,0.205,0.208,100.1,99.34,82.79,99.34,0.095,4713,5.5,12.6
1626161,Willie Cauley-Stein,Willie,1610612755,PHI,28.0,20,12,8,0.6,182.81666666666663,16,35,0.457,1,2,0.5,1,2,0.5,13,27,40,10,7,6,3,6,19,4,34,24,117.0,0,0,103.0,2,2021-22,9.1,105.7,105.4,105.4,100.4,98.2,98.2,5.3,7.2,7.2,0.074,1.43,18.9,0.064,0.144,0.102,13.2,13.2,0.471,0.474,0.099,0.101,100.9,102.14,85.11,102.14,0.056,387,0.8,1.8
1626195,Willy Hernangomez,Willy,1610612740,NOP,28.0,50,22,28,0.44,838.9583333333334,170,327,0.52,4,12,0.333,109,141,0.773,143,195,338,63,51,21,19,27,97,103,453,-45,1022.1,9,0,938.0,1,2021-22,16.8,111.7,112.5,112.5,114.3,114.2,114.2,-2.6,-1.6,-1.6,0.113,1.24,12.5,0.153,0.24,0.194,10.1,10.1,0.526,0.582,0.211,0.215,102.14,101.84,84.87,101.84,0.131,1773,3.4,6.5
1629875,Xavier Moon,Xavier,1610612746,LAC,27.0,10,7,3,0.7,137.36833333333334,25,51,0.49,5,14,0.357,3,5,0.6,2,12,14,24,6,7,3,3,9,5,58,2,134.8,0,0,121.0,1,2021-22,13.7,110.7,112.9,112.9,108.6,111.5,111.5,2.1,1.4,1.4,0.245,4.0,28.9,0.014,0.072,0.045,7.2,7.2,0.539,0.545,0.177,0.182,105.53,103.08,85.9,103.08,0.1,294,2.5,5.1
1630270,Xavier Sneed,Xavier,1610612762,UTA,24.0,9,7,2,0.778,38.71666666666667,2,10,0.2,1,8,0.125,0,0,0.0,2,4,6,1,0,0,0,0,2,0,5,-6,13.7,0,0,13.0,2,2021-22,4.3,93.4,93.8,93.8,101.2,97.6,97.6,-7.8,-3.8,-3.8,0.036,0.0,9.1,0.041,0.111,0.071,0.0,0.0,0.25,0.25,0.109,0.112,99.38,101.04,84.2,101.04,0.006,80,0.2,1.1
1630214,Xavier Tillman,Xavier,1610612763,MEM,23.0,53,35,18,0.66,700.55,98,216,0.454,10,49,0.204,46,71,0.648,66,95,161,62,34,49,15,15,63,53,252,-26,696.2,0,0,613.0,1,2021-22,13.2,104.8,105.0,105.0,104.7,106.4,106.4,0.1,-1.4,-1.4,0.127,1.82,18.1,0.084,0.138,0.109,9.9,9.9,0.477,0.51,0.164,0.169,101.68,100.82,84.02,100.82,0.094,1469,1.8,4.1
1629139,Yuta Watanabe,Yuta,1610612761,TOR,27.0,38,21,17,0.553,445.4616666666666,56,138,0.406,27,79,0.342,24,40,0.6,18,74,92,21,19,11,16,7,38,36,163,-54,366.9,2,0,357.0,1,2021-22,11.7,105.7,105.7,105.7,110.2,109.6,109.6,-4.5,-3.9,-3.9,0.067,1.11,10.7,0.035,0.158,0.093,9.7,9.7,0.504,0.524,0.161,0.165,101.94,102.15,85.13,102.15,0.075,940,1.5,3.6
1630582,Yves Pons,Yves,1610612763,MEM,23.0,12,9,3,0.75,70.975,5,16,0.313,3,9,0.333,0,2,0.0,5,7,12,1,1,1,4,1,6,3,13,-30,42.9,0,0,39.0,1,2021-22,5.9,88.1,85.3,85.3,106.1,106.5,106.5,-18.0,-21.3,-21.3,0.024,1.0,5.3,0.055,0.082,0.068,5.3,5.3,0.406,0.385,0.096,0.1,102.97,104.49,87.07,104.49,0.029,156,0.4,1.3
1628380,Zach Collins,Zach,1610612759,SAS,24.0,28,14,14,0.5,502.04,76,155,0.49,14,41,0.341,52,65,0.8,46,107,153,61,45,13,23,16,67,56,218,38,556.1,1,0,518.0,1,2021-22,17.9,109.3,110.9,110.9,109.8,107.8,107.8,-0.5,3.1,3.1,0.17,1.36,21.2,0.085,0.197,0.141,15.6,15.5,0.535,0.594,0.184,0.19,103.96,104.12,86.77,104.12,0.107,1091,2.7,5.5
203897,Zach LaVine,Zach,1610612741,CHI,27.0,67,37,30,0.552,2328.0783333333334,565,1186,0.476,185,475,0.389,320,375,0.853,22,286,308,303,171,41,23,61,120,266,1635,-26,2480.1,0,0,2559.0,1,2021-22,34.7,111.7,112.5,112.5,111.8,113.4,113.4,-0.2,-0.9,-0.9,0.207,1.77,16.7,0.01,0.121,0.067,9.4,9.4,0.554,0.605,0.284,0.291,100.4,99.36,82.8,99.36,0.129,4827,8.4,17.7
1630285,Zavier Simpson,Zavier,1610612760,OKC,25.0,4,1,3,0.25,174.08333333333334,19,52,0.365,1,8,0.125,5,5,1.0,2,19,21,30,10,5,4,7,15,8,44,-95,131.2,0,0,114.0,1,2021-22,43.5,98.4,98.6,98.6,124.2,125.1,125.1,-25.7,-26.5,-26.5,0.25,3.0,31.9,0.01,0.114,0.058,10.6,10.6,0.375,0.406,0.158,0.162,98.18,97.75,81.46,97.75,0.059,354,4.8,13.0
1630192,Zeke Nnaji,Zeke,1610612743,DEN,21.0,41,24,17,0.585,697.6083333333333,96,186,0.516,37,80,0.463,41,65,0.631,56,91,147,17,23,16,13,19,79,52,270,-45,535.9,0,0,529.0,1,2021-22,17.0,107.3,107.2,107.2,111.4,110.4,110.4,-4.0,-3.2,-3.2,0.037,0.74,6.6,0.077,0.141,0.107,9.0,9.0,0.616,0.629,0.146,0.15,98.76,99.25,82.71,99.25,0.078,1443,2.3,4.5
1630533,Ziaire Williams,Ziaire,1610612763,MEM,20.0,62,41,21,0.661,1346.4666666666667,191,424,0.45,76,242,0.314,43,55,0.782,26,103,129,65,41,35,12,17,113,51,501,122,853.3,0,0,865.0,1,2021-22,21.7,111.2,112.9,112.9,107.5,108.8,108.8,3.6,4.2,4.2,0.062,1.59,11.8,0.017,0.071,0.044,7.4,7.4,0.54,0.559,0.144,0.147,104.65,103.22,86.02,103.22,0.055,2896,3.1,6.8
1629597,Zylan Cheatham,Zylan,1610612762,UTA,26.0,1,0,1,0.0,5.183333333333334,0,3,0.0,0,2,0.0,0,0,0.0,0,0,0,0,0,0,0,0,0,0,0,-13,0.0,0,0,0.0,1,2021-22,5.2,16.7,18.2,18.2,136.4,125.0,125.0,-119.7,-106.8,-106.8,0.0,0.0,0.0,0.0,0.0,0.0,0.0,0.0,0.0,0.0,0.25,0.25,106.5,106.5,88.75,106.5,-0.167,11,0.0,3.0
