PLAYER_ID,PLAYER_NAME,NICKNAME,TEAM_ID,TEAM_ABBREVIATION,AGE,GP,W,L,W_PCT,MIN_trad,FGM,FGA,FG_PCT,FG3M,FG3A,FG3_PCT,FTM,FTA,FT_PCT,OREB,DREB,REB,AST,TOV,STL,BLK,BLKA,PF,PFD,PTS,PLUS_MINUS,NBA_FANTASY_PTS,DD2,TD3,WNBA_FANTASY_PTS,TEAM_COUNT,SEASON,MIN_adv,E_OFF_RATING,OFF_RATING,sp_work_OFF_RATING,E_DEF_RATING,DEF_RATING,sp_work_DEF_RATING,E_NET_RATING,NET_RATING,sp_work_NET_RATING,AST_PCT,AST_TO,AST_RATIO,OREB_PCT,DREB_PCT,REB_PCT,TM_TOV_PCT,E_TOV_PCT,EFG_PCT,TS_PCT,USG_PCT,E_USG_PCT,E_PACE,PACE,PACE_PER40,sp_work_PACE,PIE,POSS,FGM_PG,FGA_PG
1630639,A.J. Lawson,A.J.,1610612742,DAL,22.0,15,5,10,0.333,108.26833333333332,22,44,0.5,10,25,0.4,2,8,0.25,6,15,21,2,3,2,0,3,11,6,56,-46,87.2,0,0,93.0,2,2022-23,7.2,99.3,96.3,96.3,116.9,116.4,116.4,-17.7,-20.1,-20.1,0.032,0.67,3.8,0.046,0.152,0.091,5.8,5.7,0.614,0.589,0.189,0.202,104.09,105.96,88.3,105.96,0.076,240,1.5,2.9
1631260,AJ Green,AJ,1610612749,MIL,23.0,35,27,8,0.771,344.95,53,125,0.424,44,105,0.419,4,4,1.0,6,39,45,22,9,6,0,1,31,4,154,-26,250.0,0,0,277.0,1,2022-23,9.9,110.1,107.9,107.9,113.9,112.8,112.8,-3.8,-4.9,-4.9,0.092,2.44,14.0,0.016,0.105,0.061,5.7,5.7,0.6,0.607,0.159,0.167,101.4,102.9,85.75,102.9,0.076,744,1.5,3.6
1631100,AJ Griffin,AJ,1610612737,ATL,19.0,72,34,38,0.472,1401.435,248,533,0.465,101,259,0.39,42,47,0.894,37,116,153,73,42,42,12,22,87,40,639,63,1052.1,0,0,1074.0,1,2022-23,19.5,113.9,113.6,113.6,111.6,112.0,112.0,2.3,1.5,1.5,0.07,1.74,10.9,0.026,0.08,0.053,6.3,6.3,0.56,0.577,0.174,0.18,102.72,102.67,85.56,102.67,0.077,3005,3.4,7.4
203932,Aaron Gordon,Aaron,1610612743,DEN,27.0,68,45,23,0.662,2055.1066666666666,429,761,0.564,60,173,0.347,191,314,0.608,164,282,446,203,98,54,51,65,129,242,1109,518,2165.7,11,0,2028.0,1,2022-23,30.2,121.7,123.0,123.0,110.0,110.9,110.9,11.6,12.1,12.1,0.129,2.07,16.9,0.086,0.136,0.112,8.2,8.2,0.603,0.617,0.206,0.208,101.11,100.16,83.47,100.16,0.112,4288,6.3,11.2
1628988,Aaron Holiday,Aaron,1610612737,ATL,26.0,63,32,31,0.508,845.2566666666667,92,220,0.418,36,88,0.409,27,32,0.844,25,49,74,89,36,37,12,16,79,50,247,17,580.3,0,0,544.0,1,2022-23,13.4,111.5,110.8,110.8,110.0,110.0,110.0,1.5,0.9,0.9,0.135,2.47,24.9,0.028,0.059,0.043,10.1,10.0,0.5,0.528,0.129,0.134,102.9,103.27,86.06,103.27,0.054,1819,1.5,3.5
1630174,Aaron Nesmith,Aaron,1610612754,IND,23.0,73,30,43,0.411,1816.4033333333332,252,590,0.427,115,314,0.366,119,142,0.838,62,215,277,98,75,55,34,46,235,141,738,-211,1409.4,1,0,1406.0,1,2022-23,24.9,112.2,113.8,113.8,118.0,118.5,118.5,-5.8,-4.7,-4.7,0.073,1.31,11.9,0.033,0.119,0.076,9.1,9.1,0.525,0.566,0.168,0.17,103.38,102.4,85.33,102.4,0.059,3863,3.5,8.1
1630598,Aaron Wiggins,Aaron,1610612760,OKC,24.0,70,37,33,0.529,1297.4366666666667,186,363,0.512,48,122,0.393,59,71,0.831,68,143,211,80,56,39,15,33,110,61,479,9,958.2,1,0,926.0,1,2022-23,18.5,112.8,112.7,112.7,111.0,111.2,111.2,1.7,1.5,1.5,0.084,1.43,15.1,0.05,0.109,0.079,10.6,10.6,0.579,0.607,0.143,0.147,102.43,102.4,85.34,102.4,0.077,2754,2.7,5.2
1629678,Admiral Schofield,Admiral,1610612753,ORL,26.0,37,14,23,0.378,451.26166666666666,55,122,0.451,24,74,0.324,21,23,0.913,23,39,62,31,16,8,5,6,61,28,155,-79,298.9,0,0,298.0,1,2022-23,12.2,104.2,104.7,104.7,112.8,113.0,113.0,-8.6,-8.3,-8.3,0.103,1.94,17.3,0.047,0.092,0.068,8.9,8.9,0.549,0.587,0.139,0.143,100.43,100.15,83.45,100.15,0.055,941,1.5,3.3
201143,Al Horford,Al,1610612738,BOS,37.0,63,44,19,0.698,1921.375,228,479,0.476,145,325,0.446,15,21,0.714,73,317,390,189,37,30,61,8,121,34,616,309,1603.5,7,0,1522.0,1,2022-23,30.5,117.8,118.9,118.9,109.7,111.1,111.1,8.1,7.8,7.8,0.128,5.11,26.5,0.039,0.159,0.101,5.2,5.2,0.627,0.631,0.119,0.12,100.85,99.72,83.1,99.72,0.095,3991,3.6,7.6
202692,Alec Burks,Alec,1610612765,DET,31.0,51,12,39,0.235,1122.4433333333334,200,459,0.436,99,239,0.414,153,188,0.814,19,139,158,114,58,38,8,14,98,138,652,-7,1092.6,0,0,1115.0,1,2022-23,22.0,113.5,112.9,112.9,114.0,113.9,113.9,-0.5,-1.0,-1.0,0.15,1.97,16.1,0.017,0.124,0.069,8.2,8.1,0.544,0.602,0.218,0.227,102.94,103.25,86.04,103.25,0.109,2422,3.9,9.0
1630197,Aleksej Pokusevski,Aleksej,1610612760,OKC,21.0,34,16,18,0.471,701.3483333333334,108,249,0.434,38,104,0.365,22,35,0.629,45,114,159,64,43,20,43,8,58,29,276,-196,708.8,3,0,663.0,1,2022-23,20.6,105.4,105.6,105.6,118.1,118.3,118.3,-12.7,-12.7,-12.7,0.13,1.49,17.2,0.058,0.16,0.106,11.5,11.6,0.51,0.522,0.179,0.181,104.02,103.79,86.49,103.79,0.085,1515,3.2,7.3
1627936,Alex Caruso,Alex,1610612741,CHI,29.0,67,33,34,0.493,1575.3766666666668,130,286,0.455,55,151,0.364,59,73,0.808,42,154,196,193,77,98,46,15,159,106,374,199,1253.7,1,0,1106.0,1,2022-23,23.5,112.4,112.6,112.6,105.8,106.5,106.5,6.6,6.1,6.1,0.155,2.51,32.8,0.028,0.099,0.065,13.1,13.1,0.551,0.588,0.109,0.111,100.2,99.79,83.15,99.79,0.071,3275,1.9,4.3
203458,Alex Len,Alex,1610612758,SAC,30.0,26,15,11,0.577,161.24666666666667,16,30,0.533,0,2,0.0,11,16,0.688,24,36,60,12,16,4,11,1,28,10,43,19,162.0,0,0,145.0,1,2022-23,6.2,110.5,106.6,106.6,102.2,100.0,100.0,8.4,6.6,6.6,0.099,0.75,18.2,0.143,0.194,0.169,24.2,24.6,0.533,0.58,0.132,0.135,105.46,108.5,90.42,108.5,0.075,362,0.6,1.2
1628993,Alize Johnson,Alize,1610612759,SAS,27.0,4,1,3,0.25,29.516666666666666,3,6,0.5,0,2,0.0,1,2,0.5,2,8,10,1,4,1,0,0,3,4,7,12,19.5,0,0,20.0,1,2022-23,7.4,111.6,111.1,111.1,91.3,92.1,92.1,20.3,19.0,19.0,0.042,0.25,8.3,0.063,0.211,0.143,33.3,33.7,0.5,0.509,0.145,0.148,102.65,102.45,85.38,102.45,0.07,63,0.8,1.5
1631214,Alondes Williams,Alondes,1610612751,BKN,24.0,1,1,0,1.0,5.266666666666667,0,0,0.0,0,0,0.0,0,0,0.0,0,1,1,0,2,0,0,0,1,0,0,-5,-0.8,0,0,1.0,1,2022-23,5.3,85.0,83.3,83.3,137.9,136.4,136.4,-52.8,-53.0,-53.0,0.0,0.0,0.0,0.0,0.25,0.111,100.0,100.0,0.0,0.0,0.143,0.145,103.17,104.81,87.34,104.81,-0.108,12,0.0,0.0
1630578,Alperen Sengun,Alperen,1610612745,HOU,20.0,75,18,57,0.24,2170.6566666666668,442,799,0.553,19,57,0.333,206,288,0.715,242,436,678,291,193,70,70,62,258,330,1109,-283,2586.1,29,2,2377.0,1,2022-23,28.9,110.3,112.5,112.5,119.3,120.3,120.3,-9.0,-7.8,-7.8,0.199,1.51,20.7,0.107,0.204,0.154,13.7,13.7,0.565,0.599,0.211,0.214,101.35,99.97,83.31,99.97,0.125,4551,5.9,10.7
1629599,Amir Coffey,Amir,1610612746,LAC,26.0,50,26,24,0.52,625.2766666666666,56,145,0.386,11,40,0.275,49,63,0.778,17,36,53,53,21,7,5,16,50,46,172,-114,330.1,0,0,313.0,1,2022-23,12.5,104.4,104.2,104.2,113.4,113.1,113.1,-9.1,-8.9,-8.9,0.119,2.52,21.4,0.026,0.055,0.04,8.5,8.5,0.424,0.498,0.128,0.132,100.95,101.22,84.35,101.22,0.042,1320,1.1,2.9
203083,Andre Drummond,Andre,1610612741,CHI,29.0,67,32,35,0.478,849.1383333333333,166,274,0.606,0,3,0.0,67,125,0.536,138,306,444,33,75,45,27,27,117,109,399,25,1122.3,8,0,1020.0,1,2022-23,12.7,109.5,108.7,108.7,106.4,106.0,106.0,3.1,2.6,2.6,0.057,0.44,7.6,0.16,0.353,0.256,17.2,17.2,0.606,0.606,0.196,0.203,101.16,101.72,84.77,101.72,0.156,1789,2.5,4.1
2738,Andre Iguodala,Andre,1610612744,GSW,39.0,8,3,5,0.375,112.56333333333332,7,15,0.467,1,9,0.111,2,3,0.667,3,14,17,19,9,4,3,0,11,9,17,35,77.9,0,0,68.0,1,2022-23,14.1,119.1,116.7,116.7,105.5,104.7,104.7,13.5,12.0,12.0,0.183,2.11,43.2,0.027,0.113,0.072,20.5,20.3,0.5,0.521,0.089,0.094,107.25,108.74,90.62,108.74,0.052,257,0.9,1.9
1629614,Andrew Nembhard,Andrew,1610612754,IND,23.0,75,32,43,0.427,2073.5316666666668,284,644,0.441,92,263,0.35,49,62,0.79,35,164,199,341,126,70,13,25,179,117,709,-263,1582.3,5,0,1507.0,1,2022-23,27.6,110.6,112.3,112.3,117.7,118.2,118.2,-7.0,-5.9,-5.9,0.222,2.71,30.0,0.016,0.078,0.047,11.1,11.1,0.512,0.528,0.159,0.162,103.8,102.78,85.65,102.78,0.068,4439,3.8,8.6
203952,Andrew Wiggins,Andrew,1610612744,GSW,28.0,37,19,18,0.514,1190.28,250,529,0.473,89,225,0.396,44,72,0.611,61,125,186,85,48,45,28,21,107,82,633,118,1154.7,3,0,1139.0,1,2022-23,32.2,115.5,116.2,116.2,110.0,110.9,110.9,5.4,5.2,5.2,0.1,1.77,12.3,0.05,0.101,0.076,6.9,6.9,0.557,0.564,0.212,0.216,104.48,103.74,86.45,103.74,0.088,2565,6.8,14.3
1629014,Anfernee Simons,Anfernee,1610612757,POR,24.0,62,27,35,0.435,2170.66,467,1045,0.447,212,562,0.377,160,179,0.894,18,143,161,253,128,42,14,42,142,129,1306,-75,1918.7,0,0,2044.0,1,2022-23,35.0,113.4,114.1,114.1,114.9,115.7,115.7,-1.5,-1.6,-1.6,0.186,1.98,16.9,0.008,0.067,0.038,8.6,8.5,0.548,0.581,0.247,0.254,99.87,99.22,82.68,99.22,0.097,4485,7.5,16.9
203076,Anthony Davis,Anthony,1610612747,LAL,30.0,56,31,25,0.554,1904.51,542,962,0.563,19,74,0.257,348,444,0.784,195,507,702,148,122,59,114,58,146,329,1451,205,2912.4,40,0,2666.0,1,2022-23,34.0,112.9,114.3,114.3,108.3,109.5,109.5,4.6,4.8,4.8,0.128,1.21,10.4,0.102,0.248,0.177,8.6,8.5,0.573,0.627,0.277,0.282,103.57,102.39,85.32,102.39,0.186,4067,9.7,17.2
1630162,Anthony Edwards,Anthony,1610612750,MIN,21.0,79,40,39,0.506,2841.455,707,1541,0.459,213,578,0.369,319,422,0.756,47,411,458,350,259,125,58,59,186,278,1946,97,3310.6,9,0,3333.0,1,2022-23,36.0,111.7,113.8,113.8,110.5,111.9,111.9,1.2,1.9,1.9,0.192,1.35,15.1,0.017,0.139,0.079,11.2,11.1,0.528,0.564,0.292,0.298,103.42,101.77,84.81,101.77,0.125,6016,8.9,19.5
1630264,Anthony Gill,Anthony,1610612764,WAS,30.0,59,21,38,0.356,624.5933333333334,71,132,0.538,4,29,0.138,49,67,0.731,37,62,99,34,15,7,12,10,70,57,195,-12,406.8,0,0,370.0,1,2022-23,10.6,111.0,109.5,109.5,112.1,110.4,110.4,-1.0,-0.8,-0.8,0.074,2.27,16.2,0.058,0.1,0.079,7.1,7.1,0.553,0.604,0.116,0.122,100.09,101.56,84.63,101.56,0.063,1321,1.2,2.2
1630237,Anthony Lamb,Anthony,1610612744,GSW,25.0,62,36,26,0.581,1195.0183333333334,148,314,0.471,73,199,0.367,46,60,0.767,56,159,215,96,54,28,20,11,134,68,415,32,907.0,0,0,895.0,1,2022-23,19.3,112.2,112.5,112.5,110.7,110.8,110.8,1.5,1.7,1.7,0.111,1.78,19.6,0.047,0.129,0.089,11.0,11.0,0.588,0.61,0.136,0.14,102.75,102.55,85.45,102.55,0.073,2548,2.4,5.1
1630559,Austin Reaves,Austin,1610612747,LAL,25.0,64,35,29,0.547,1843.2266666666667,259,490,0.529,86,216,0.398,229,265,0.864,33,160,193,215,99,33,19,19,108,236,833,214,1444.1,1,0,1431.0,1,2022-23,28.8,114.6,115.4,115.4,109.7,110.5,110.5,4.9,4.9,4.9,0.155,2.17,23.7,0.018,0.079,0.051,10.9,10.8,0.616,0.687,0.154,0.16,104.16,103.38,86.15,103.38,0.1,3978,4.0,7.7
203085,Austin Rivers,Austin,1610612750,MIN,30.0,52,25,27,0.481,1016.33,91,209,0.435,43,123,0.35,30,39,0.769,5,78,83,75,23,28,4,13,80,46,255,-142,540.1,0,0,520.0,1,2022-23,19.5,109.7,109.8,109.8,114.7,114.8,114.8,-5.0,-4.9,-4.9,0.095,3.26,23.1,0.005,0.078,0.042,7.1,7.1,0.538,0.564,0.104,0.107,102.58,102.46,85.39,102.46,0.05,2154,1.8,4.0
1630245,Ayo Dosunmu,Ayo,1610612741,CHI,23.0,80,40,40,0.5,2097.616666666667,281,570,0.493,59,189,0.312,66,82,0.805,45,175,220,206,99,62,26,49,182,67,687,-77,1425.0,0,0,1348.0,1,2022-23,26.2,109.2,108.8,108.8,109.5,110.1,110.1,-0.3,-1.3,-1.3,0.135,2.08,22.6,0.022,0.081,0.052,10.9,10.9,0.545,0.567,0.145,0.149,100.87,100.78,83.98,100.78,0.065,4395,3.5,7.1
1628389,Bam Adebayo,Bam,1610612748,MIA,25.0,75,40,35,0.533,2597.9933333333333,602,1114,0.54,1,12,0.083,324,402,0.806,184,504,688,240,187,88,61,49,208,360,1529,117,2974.6,31,0,2756.0,1,2022-23,34.6,111.8,113.0,113.0,110.0,111.2,111.2,1.8,1.8,1.8,0.154,1.28,13.9,0.073,0.206,0.139,10.9,10.9,0.541,0.592,0.251,0.254,98.08,97.04,80.87,97.04,0.142,5262,8.0,14.9
1627732,Ben Simmons,Ben,1610612751,BKN,26.0,42,24,18,0.571,1105.0166666666669,133,235,0.566,0,2,0.0,25,57,0.439,40,223,263,256,97,54,24,10,139,72,291,40,1127.6,4,1,966.0,1,2022-23,26.3,114.9,114.7,114.7,110.6,112.5,112.5,4.3,2.1,2.1,0.295,2.64,41.9,0.04,0.186,0.12,15.9,15.8,0.566,0.559,0.142,0.145,100.83,100.08,83.4,100.08,0.101,2300,3.2,5.6
1631097,Bennedict Mathurin,Bennedict,1610612754,IND,21.0,78,33,45,0.423,2222.38,413,951,0.434,100,310,0.323,376,454,0.828,87,231,318,116,152,48,13,84,162,305,1302,-179,1888.6,0,0,1958.0,1,2022-23,28.5,109.4,111.5,111.5,115.5,115.8,115.8,-6.1,-4.3,-4.3,0.078,0.76,8.2,0.037,0.103,0.069,10.8,10.7,0.487,0.566,0.235,0.242,104.41,103.25,86.04,103.25,0.087,4792,5.3,12.2
202687,Bismack Biyombo,Bismack,1610612756,PHX,30.0,61,33,28,0.541,874.085,119,206,0.578,0,0,0.0,25,70,0.357,89,171,260,56,51,18,88,11,114,82,263,48,926.0,3,0,791.0,1,2022-23,14.3,111.3,112.7,112.7,107.9,109.7,109.7,3.4,3.1,3.1,0.089,1.1,16.4,0.093,0.184,0.138,14.9,14.8,0.578,0.555,0.136,0.139,100.75,99.31,82.76,99.31,0.086,1805,2.0,3.4
201933,Blake Griffin,Blake,1610612738,BOS,34.0,41,27,14,0.659,568.885,63,130,0.485,23,66,0.348,21,32,0.656,47,108,155,61,22,14,9,5,75,48,170,105,494.5,0,0,455.0,1,2022-23,13.9,115.3,116.5,116.5,106.7,106.6,106.6,8.6,9.9,9.9,0.142,2.77,27.0,0.079,0.195,0.135,9.7,9.7,0.573,0.59,0.125,0.127,100.32,99.86,83.22,99.86,0.086,1178,1.5,3.2
1631104,Blake Wesley,Blake,1610612759,SAS,20.0,37,9,28,0.243,669.055,69,215,0.321,20,52,0.385,26,44,0.591,12,70,82,98,65,25,5,26,67,34,184,-198,454.4,0,0,444.0,1,2022-23,18.1,102.2,103.3,103.3,118.1,116.7,116.7,-16.0,-13.4,-13.4,0.201,1.51,24.6,0.016,0.101,0.057,16.3,16.4,0.367,0.393,0.18,0.184,104.7,104.74,87.29,104.74,0.031,1459,1.9,5.8
1626246,Boban Marjanovic,Boban,1610612745,HOU,34.0,31,7,24,0.226,171.065,41,60,0.683,0,1,0.0,20,27,0.741,20,40,60,9,14,5,2,3,10,29,102,66,194.5,0,0,185.0,1,2022-23,5.5,115.8,114.6,114.6,98.6,96.1,96.1,17.3,18.5,18.5,0.079,0.64,9.7,0.121,0.226,0.175,15.1,14.8,0.683,0.71,0.206,0.218,98.37,100.17,83.48,100.17,0.17,357,1.3,1.9
1626171,Bobby Portis Jr.,Bobby,1610612749,MIL,28.0,70,47,23,0.671,1818.4316666666664,398,803,0.496,95,257,0.37,96,125,0.768,154,518,672,105,81,29,16,34,115,98,987,17,2004.9,38,0,1949.0,1,2022-23,26.0,111.9,111.8,111.8,112.1,112.0,112.0,-0.2,-0.1,-0.1,0.087,1.3,10.0,0.08,0.263,0.172,7.8,7.8,0.555,0.575,0.211,0.217,102.27,102.34,85.28,102.34,0.138,3887,5.7,11.5
203992,Bogdan Bogdanović,Bogdan,1610612737,ATL,30.0,54,27,27,0.5,1508.6083333333331,273,611,0.447,146,360,0.406,64,77,0.831,23,142,165,150,65,43,18,13,86,63,756,64,1297.0,0,0,1339.0,1,2022-23,27.9,116.9,117.3,117.3,114.9,116.1,116.1,2.0,1.2,1.2,0.134,2.31,17.5,0.015,0.093,0.055,7.6,7.6,0.566,0.586,0.196,0.201,101.92,101.23,84.36,101.23,0.089,3193,5.1,11.3
202711,Bojan Bogdanovic,Bojan,1610612765,DET,34.0,59,15,44,0.254,1892.8666666666663,430,882,0.488,145,353,0.411,268,303,0.884,36,187,223,152,135,34,8,79,113,211,1273,-330,1759.6,0,0,1877.0,1,2022-23,32.1,109.6,111.3,111.3,118.1,119.5,119.5,-8.6,-8.2,-8.2,0.133,1.13,11.8,0.018,0.099,0.058,10.5,10.4,0.57,0.627,0.251,0.257,102.59,101.18,84.32,101.18,0.116,3988,7.3,14.9
1629626,Bol Bol,Bol,1610612753,ORL,23.0,70,26,44,0.371,1505.4183333333333,261,478,0.546,30,113,0.265,82,108,0.759,69,336,405,69,112,30,85,19,92,86,634,-146,1456.5,6,0,1368.0,1,2022-23,21.5,106.4,107.6,107.6,110.6,112.0,112.0,-4.2,-4.4,-4.4,0.069,0.62,9.8,0.046,0.22,0.134,15.9,15.9,0.577,0.603,0.177,0.181,102.21,100.95,84.12,100.95,0.114,3163,3.7,6.8
1630538,Bones Hyland,Bones,1610612746,LAC,22.0,56,36,20,0.643,1085.4883333333332,228,571,0.399,117,315,0.371,86,102,0.843,20,115,135,172,82,39,15,36,96,94,659,-129,1159.0,1,0,1191.0,2,2022-23,19.4,111.8,112.7,112.7,117.7,118.0,118.0,-6.0,-5.3,-5.3,0.245,2.1,19.9,0.019,0.111,0.064,9.5,9.4,0.502,0.535,0.271,0.28,99.76,99.23,82.69,99.23,0.1,2240,4.1,10.2
203078,Bradley Beal,Bradley,1610612764,WAS,30.0,50,24,26,0.48,1672.9333333333334,444,878,0.506,80,219,0.365,192,228,0.842,41,155,196,271,145,45,33,33,107,169,1160,42,1890.7,2,0,1863.0,1,2022-23,33.5,114.8,116.6,116.6,114.9,115.9,115.9,-0.1,0.7,0.7,0.26,1.87,19.6,0.026,0.091,0.06,10.5,10.4,0.551,0.593,0.288,0.296,99.18,97.94,81.62,97.94,0.129,3421,8.9,17.6
1630527,Brandon Boston Jr.,Brandon,1610612746,LAC,21.0,22,9,13,0.409,248.345,51,122,0.418,12,29,0.414,29,38,0.763,7,23,30,20,12,9,0,11,21,29,143,-44,224.0,0,0,223.0,1,2022-23,11.3,105.3,106.8,106.8,115.8,114.5,114.5,-10.5,-7.7,-7.7,0.129,1.67,11.8,0.024,0.098,0.056,7.1,7.0,0.467,0.515,0.237,0.245,102.52,102.34,85.28,102.34,0.081,528,2.3,5.5
1629634,Brandon Clarke,Brandon,1610612763,MEM,26.0,56,32,24,0.571,1090.138333333333,229,349,0.656,1,6,0.167,100,139,0.719,92,218,310,72,55,34,37,18,131,122,559,-14,1197.0,6,0,1084.0,1,2022-23,19.5,108.5,109.0,109.0,107.1,108.3,108.3,1.4,0.7,0.7,0.1,1.31,13.5,0.079,0.177,0.129,10.3,10.2,0.658,0.681,0.174,0.179,104.86,104.0,86.67,104.0,0.134,2348,4.1,6.2
1627742,Brandon Ingram,Brandon,1610612740,NOP,25.0,45,23,22,0.511,1538.0766666666666,404,835,0.484,64,164,0.39,240,272,0.882,23,223,246,262,148,32,19,37,116,222,1112,96,1805.2,6,2,1786.0,1,2022-23,34.2,114.2,115.5,115.5,110.9,112.5,112.5,3.3,3.0,3.0,0.277,1.77,19.3,0.015,0.145,0.081,10.9,10.8,0.522,0.582,0.306,0.312,100.16,98.87,82.39,98.87,0.144,3169,9.0,18.6
1630296,Braxton Key,Braxton,1610612765,DET,26.0,3,0,3,0.0,9.1,1,1,1.0,0,0,0.0,2,2,1.0,0,1,1,0,0,0,0,0,0,2,4,-3,5.2,0,0,5.0,1,2022-23,3.0,102.5,100.0,100.0,106.3,104.5,104.5,-3.8,-4.5,-4.5,0.0,0.0,0.0,0.0,0.067,0.042,0.0,0.0,1.0,1.064,0.091,0.087,108.55,110.77,92.31,110.77,0.189,20,0.3,0.3
201572,Brook Lopez,Brook,1610612749,MIL,35.0,78,57,21,0.731,2372.4766666666665,477,899,0.531,136,364,0.374,149,190,0.784,157,363,520,99,107,37,193,26,203,164,1239,398,2594.5,11,0,2454.0,1,2022-23,30.4,113.6,113.7,113.7,106.3,106.6,106.6,7.3,7.1,7.1,0.06,0.93,8.4,0.064,0.135,0.101,9.1,9.0,0.606,0.63,0.187,0.192,102.98,102.83,85.69,102.83,0.111,5100,6.1,11.5
1628971,Bruce Brown,Bruce,1610612743,DEN,26.0,80,53,27,0.663,2279.485,358,741,0.483,91,254,0.358,116,153,0.758,63,265,328,268,123,87,51,38,190,118,923,31,2009.6,3,1,1886.0,1,2022-23,28.5,112.9,113.8,113.8,111.8,113.0,113.0,1.1,0.8,0.8,0.164,2.18,22.4,0.029,0.116,0.074,10.3,10.3,0.545,0.571,0.174,0.179,100.11,99.19,82.66,99.19,0.09,4708,4.5,9.3
1628981,Bruno Fernando,Bruno,1610612737,ATL,24.0,39,13,26,0.333,405.1216666666666,59,112,0.527,0,4,0.0,35,50,0.7,54,83,137,31,25,6,34,14,74,42,153,-75,458.9,1,0,401.0,2,2022-23,10.4,104.6,105.1,105.1,112.8,114.0,114.0,-8.2,-8.9,-8.9,0.117,1.24,16.2,0.123,0.19,0.157,13.1,13.2,0.527,0.571,0.159,0.163,100.74,100.0,83.33,100.0,0.096,844,1.5,2.9
1631121,Bryce McGowens,Bryce,1610612766,CHA,20.0,46,16,30,0.348,786.9966666666667,80,202,0.396,26,80,0.325,60,80,0.75,20,73,93,54,43,15,6,19,48,69,246,-150,458.6,0,0,461.0,1,2022-23,17.1,103.3,102.6,102.6,112.1,112.3,112.3,-8.8,-9.7,-9.7,0.098,1.26,16.2,0.025,0.088,0.057,12.9,12.9,0.46,0.519,0.147,0.152,102.8,103.04,85.87,103.04,0.053,1696,1.7,4.4
1627854,Bryn Forbes,Bryn,1610612750,MIN,29.0,25,9,16,0.36,267.72,30,83,0.361,14,46,0.304,15,15,1.0,4,11,15,17,12,7,2,5,22,13,89,-48,147.5,0,0,153.0,1,2022-23,10.7,108.8,107.8,107.8,115.9,116.2,116.2,-7.1,-8.5,-8.5,0.087,1.42,14.4,0.015,0.04,0.027,10.2,10.1,0.446,0.497,0.155,0.161,103.52,103.9,86.58,103.9,0.035,580,1.2,3.3
1631205,Buddy Boeheim,Buddy,1610612765,DET,23.0,10,2,8,0.2,90.14333333333332,5,27,0.185,4,25,0.16,2,2,1.0,2,4,6,4,0,2,0,0,6,1,16,3,35.2,0,0,34.0,1,2022-23,9.0,106.6,105.9,105.9,104.6,103.2,103.2,2.0,2.7,2.7,0.059,0.0,12.5,0.022,0.043,0.032,0.0,0.0,0.259,0.287,0.131,0.135,98.55,99.57,82.98,99.57,-0.003,186,0.5,2.7
1627741,Buddy Hield,Buddy,1610612754,IND,30.0,80,35,45,0.438,2481.875,475,1038,0.458,288,677,0.425,106,129,0.822,67,333,400,225,139,92,26,40,156,68,1344,-84,2376.5,3,0,2493.0,1,2022-23,31.0,112.3,114.4,114.4,115.5,116.3,116.3,-3.2,-1.9,-1.9,0.131,1.62,15.6,0.027,0.132,0.079,9.7,9.5,0.596,0.614,0.205,0.211,103.35,102.05,85.04,102.05,0.104,5284,5.9,13.0
203468,CJ McCollum,CJ,1610612740,NOP,31.0,75,38,37,0.507,2649.168333333333,587,1344,0.437,211,543,0.389,183,238,0.769,55,273,328,429,183,70,38,60,153,179,1568,59,2746.1,6,0,2752.0,1,2022-23,35.3,113.0,114.5,114.5,112.4,113.5,113.5,0.6,1.1,1.1,0.242,2.34,20.9,0.021,0.104,0.062,8.9,8.9,0.515,0.541,0.26,0.265,100.73,99.6,83.0,99.6,0.11,5497,7.8,17.9
1630595,Cade Cunningham,Cade,1610612765,DET,21.0,12,3,9,0.25,400.1833333333333,93,224,0.415,17,61,0.279,36,43,0.837,12,62,74,72,39,10,7,23,34,37,239,-60,447.8,3,0,436.0,1,2022-23,33.3,108.6,111.2,111.2,116.1,117.3,117.3,-7.5,-6.1,-6.1,0.306,1.85,20.3,0.027,0.148,0.086,11.0,11.0,0.453,0.492,0.287,0.292,104.07,102.37,85.31,102.37,0.109,850,7.8,18.7
1631216,Caleb Houstan,Caleb,1610612753,ORL,20.0,51,20,31,0.392,812.19,66,182,0.363,46,136,0.338,15,18,0.833,34,65,99,30,18,12,7,7,63,14,193,-84,395.8,0,0,406.0,1,2022-23,15.9,107.4,107.6,107.6,112.4,112.9,112.9,-4.9,-5.3,-5.3,0.051,1.67,12.6,0.041,0.083,0.062,7.6,7.6,0.489,0.508,0.107,0.11,100.99,100.65,83.87,100.65,0.038,1706,1.3,3.6
1628997,Caleb Martin,Caleb,1610612748,MIA,27.0,71,38,33,0.535,2077.738333333333,254,548,0.464,84,236,0.356,91,113,0.805,88,256,344,117,79,71,31,26,145,123,683,-9,1498.3,2,0,1432.0,1,2022-23,29.3,110.4,110.7,110.7,109.6,110.7,110.7,0.9,0.0,0.0,0.082,1.48,14.7,0.044,0.13,0.086,9.9,10.0,0.54,0.571,0.143,0.146,98.48,97.87,81.56,97.87,0.078,4232,3.6,7.7
1629629,Cam Reddish,Cam,1610612757,POR,23.0,40,14,26,0.35,989.6066666666668,139,312,0.446,45,144,0.313,64,75,0.853,18,70,88,57,47,39,14,20,72,56,387,-193,690.1,0,0,683.0,2,2022-23,24.7,107.7,108.9,108.9,116.3,117.8,117.8,-8.6,-9.0,-9.0,0.085,1.21,12.7,0.017,0.07,0.043,10.5,10.5,0.518,0.561,0.166,0.17,102.54,101.35,84.46,101.35,0.064,2087,3.5,7.8
1630560,Cam Thomas,Cam,1610612751,BKN,21.0,57,30,27,0.526,947.5533333333332,201,456,0.441,51,133,0.383,151,174,0.868,8,87,95,78,63,20,7,14,55,125,604,-4,853.0,0,0,882.0,1,2022-23,16.6,112.6,112.1,112.1,112.4,113.7,113.7,0.2,-1.6,-1.6,0.133,1.24,11.6,0.009,0.089,0.05,9.4,9.4,0.497,0.567,0.268,0.275,101.05,100.71,83.92,100.71,0.102,2000,3.5,8.0
1629661,Cameron Johnson,Cameron,1610612751,BKN,27.0,42,25,17,0.595,1199.815,223,474,0.47,103,255,0.404,101,120,0.842,34,151,185,78,37,50,14,26,83,91,650,155,1144.0,1,0,1144.0,2,2022-23,28.6,114.5,115.3,115.3,106.9,108.7,108.7,7.6,6.6,6.6,0.099,2.11,12.2,0.029,0.12,0.076,5.8,5.8,0.579,0.617,0.202,0.207,100.21,99.02,82.51,99.02,0.113,2471,5.3,11.3
1626166,Cameron Payne,Cameron,1610612756,PHX,28.0,48,27,21,0.563,968.3116666666666,188,453,0.415,68,185,0.368,49,64,0.766,12,94,106,214,81,33,8,21,88,63,493,77,983.2,3,0,963.0,1,2022-23,20.2,113.5,115.4,115.4,111.8,111.4,111.4,1.7,4.1,4.1,0.308,2.64,27.6,0.012,0.1,0.054,10.4,10.4,0.49,0.512,0.239,0.243,101.58,100.9,84.08,100.9,0.097,2033,3.9,9.4
1627747,Caris LeVert,Caris,1610612739,CLE,28.0,74,45,29,0.608,2237.34,320,742,0.431,127,324,0.392,130,180,0.722,53,229,282,287,116,72,24,33,170,165,897,194,1837.9,1,0,1785.0,1,2022-23,30.2,112.4,113.0,113.0,107.7,108.5,108.5,4.6,4.5,4.5,0.182,2.47,23.5,0.024,0.105,0.065,9.5,9.5,0.517,0.546,0.183,0.187,98.18,97.56,81.3,97.56,0.089,4543,4.3,10.0
1630637,Carlik Jones,Carlik,1610612741,CHI,25.0,7,4,3,0.571,55.97,6,15,0.4,3,6,0.5,5,8,0.625,1,4,5,6,2,2,0,2,2,5,20,26,39.0,0,0,38.0,1,2022-23,8.0,118.4,114.0,114.0,95.3,93.3,93.3,23.1,20.7,20.7,0.133,3.0,22.2,0.016,0.069,0.042,7.4,7.5,0.5,0.54,0.153,0.157,100.34,103.34,86.12,103.34,0.073,121,0.9,2.1
1626224,Cedi Osman,Cedi,1610612739,CLE,28.0,77,48,29,0.623,1548.3133333333333,239,530,0.451,116,312,0.372,75,108,0.694,25,151,176,115,52,35,11,22,122,112,669,228,1138.7,1,0,1168.0,1,2022-23,20.1,115.0,115.4,115.4,107.5,108.0,108.0,7.5,7.5,7.5,0.107,2.21,15.5,0.017,0.1,0.059,7.0,7.0,0.56,0.579,0.178,0.182,97.92,97.56,81.3,97.56,0.082,3144,3.1,6.9
1628435,Chance Comanche,Chance,1610612757,POR,27.0,1,0,1,0.0,20.78333333333333,3,5,0.6,0,0,0.0,1,4,0.25,2,1,3,0,0,0,1,0,0,4,7,-29,13.6,0,0,12.0,1,2022-23,20.8,98.4,95.6,95.6,167.1,163.6,163.6,-68.8,-68.1,-68.1,0.0,0.0,0.0,0.08,0.067,0.075,0.0,0.0,0.6,0.518,0.14,0.145,100.23,102.77,85.65,102.77,0.039,45,3.0,5.0
1629646,Charles Bassey,Charles,1610612759,SAS,22.0,35,9,26,0.257,507.8716666666666,87,135,0.644,3,8,0.375,22,37,0.595,75,118,193,48,41,16,33,4,74,29,199,-32,608.6,0,0,541.0,1,2022-23,14.5,108.6,109.1,109.1,111.8,111.5,111.5,-3.2,-2.4,-2.4,0.131,1.17,20.0,0.14,0.232,0.185,17.1,17.1,0.656,0.658,0.152,0.156,103.37,103.25,86.05,103.25,0.121,1090,2.5,3.9
1631320,Chima Moneke,Chima,1610612758,SAC,27.0,2,1,1,0.5,7.931666666666667,1,2,0.5,0,0,0.0,0,2,0.0,2,0,2,1,2,0,0,0,2,1,2,-9,3.9,0,0,5.0,1,2022-23,4.0,82.5,72.2,72.2,128.8,129.4,129.4,-46.3,-57.2,-57.2,0.25,0.5,16.7,0.25,0.0,0.143,33.3,34.0,0.5,0.347,0.25,0.275,99.37,105.9,88.25,105.9,-0.105,18,0.5,1.0
1629002,Chimezie Metu,Chimezie,1610612758,SAC,26.0,66,41,25,0.621,689.0166666666667,129,219,0.589,9,38,0.237,54,73,0.74,47,151,198,40,32,22,21,11,81,62,321,88,715.6,0,0,654.0,1,2022-23,10.4,115.6,113.9,113.9,108.0,107.3,107.3,7.6,6.7,6.7,0.08,1.25,12.4,0.068,0.206,0.139,9.9,9.9,0.61,0.639,0.168,0.175,104.92,106.03,88.36,106.03,0.117,1516,2.0,3.3
1628449,Chris Boucher,Chris,1610612761,TOR,30.0,76,39,37,0.513,1523.47,261,529,0.493,62,189,0.328,128,168,0.762,157,264,421,29,41,47,64,35,143,139,712,-18,1552.7,9,0,1446.0,1,2022-23,20.0,109.3,110.4,110.4,110.8,111.6,111.6,-1.5,-1.3,-1.3,0.029,0.71,4.3,0.094,0.19,0.138,6.1,6.1,0.552,0.59,0.175,0.18,99.33,98.49,82.08,98.49,0.112,3136,3.4,7.0
1630537,Chris Duarte,Chris,1610612754,IND,26.0,46,19,27,0.413,897.2266666666667,123,333,0.369,55,174,0.316,61,72,0.847,19,96,115,64,41,25,9,19,65,66,362,-114,657.0,0,0,664.0,1,2022-23,19.5,107.5,109.4,109.4,114.4,115.6,115.6,-6.9,-6.2,-6.2,0.101,1.56,13.7,0.02,0.106,0.061,8.8,8.7,0.452,0.496,0.181,0.187,104.0,102.61,85.51,102.61,0.061,1920,2.7,7.2
101108,Chris Paul,Chris,1610612756,PHX,38.0,59,33,26,0.559,1888.635,294,668,0.44,98,261,0.375,133,160,0.831,27,224,251,524,114,91,22,6,126,139,819,84,2131.2,17,0,1918.0,1,2022-23,32.0,113.7,114.9,114.9,110.8,112.5,112.5,2.9,2.3,2.3,0.389,4.6,38.1,0.014,0.118,0.066,8.3,8.3,0.513,0.555,0.195,0.198,99.04,97.76,81.47,97.76,0.133,3844,5.0,11.3
1629735,Chris Silva,Chris,1610612737,ATL,26.0,1,1,0,1.0,3.0166666666666666,1,1,1.0,0,0,0.0,0,0,0.0,0,0,0,0,1,0,0,0,2,0,2,1,1.0,0,0,2.0,1,2022-23,3.0,101.5,100.0,100.0,84.1,87.5,87.5,17.4,12.5,12.5,0.0,0.0,0.0,0.0,0.0,0.0,50.0,50.0,1.0,1.0,0.25,0.254,128.88,127.29,106.08,127.29,-0.095,8,1.0,1.0
1631128,Christian Braun,Christian,1610612743,DEN,22.0,76,49,27,0.645,1181.14,143,289,0.495,34,96,0.354,40,64,0.625,48,133,181,59,35,41,17,25,101,46,360,-114,804.7,0,0,750.0,1,2022-23,15.5,107.6,107.0,107.0,110.7,111.3,111.3,-3.2,-4.3,-4.3,0.07,1.69,14.4,0.042,0.112,0.078,8.5,8.5,0.554,0.568,0.127,0.132,99.87,99.87,83.22,99.87,0.067,2454,1.9,3.8
1631132,Christian Koloko,Christian,1610612761,TOR,23.0,58,29,29,0.5,801.7933333333333,72,150,0.48,1,12,0.083,37,59,0.627,84,87,171,31,20,21,57,20,128,49,182,156,647.7,0,0,541.0,1,2022-23,13.8,112.0,112.7,112.7,104.0,103.7,103.7,8.0,9.0,9.0,0.05,1.55,13.5,0.094,0.11,0.101,8.7,8.8,0.483,0.517,0.1,0.101,100.7,100.54,83.79,100.54,0.046,1682,1.2,2.6
1626174,Christian Wood,Christian,1610612742,DAL,27.0,67,33,34,0.493,1738.3583333333331,396,769,0.515,105,279,0.376,217,281,0.772,87,404,491,121,121,30,72,40,169,274,1114,-46,2069.7,12,0,2035.0,1,2022-23,25.9,114.4,115.4,115.4,115.6,116.7,116.7,-1.2,-1.3,-1.3,0.119,1.0,10.7,0.053,0.238,0.147,10.7,10.7,0.583,0.624,0.259,0.267,98.0,97.15,80.96,97.15,0.144,3519,5.9,11.5
1629643,Chuma Okeke,Chuma,1610612753,ORL,24.0,27,8,19,0.296,517.9866666666667,43,122,0.352,26,86,0.302,16,21,0.762,26,70,96,37,17,19,11,4,40,15,128,-118,371.7,0,0,347.0,1,2022-23,19.2,104.2,105.7,105.7,114.8,116.5,116.5,-10.6,-10.8,-10.8,0.101,2.18,19.9,0.049,0.132,0.09,9.1,9.2,0.459,0.488,0.121,0.123,101.78,100.31,83.59,100.31,0.063,1082,1.6,4.5
203991,Clint Capela,Clint,1610612737,ATL,29.0,65,35,30,0.538,1730.0833333333333,350,536,0.653,0,1,0.0,79,131,0.603,258,459,717,58,54,45,79,26,139,126,779,-30,2044.4,35,0,1802.0,1,2022-23,26.6,114.9,115.3,115.3,115.8,116.4,116.4,-0.9,-1.1,-1.1,0.045,1.07,8.2,0.142,0.268,0.203,7.7,7.7,0.653,0.656,0.151,0.155,103.46,102.96,85.8,102.96,0.135,3716,5.4,8.2
1629632,Coby White,Coby,1610612741,CHI,23.0,74,37,37,0.5,1730.2283333333332,263,594,0.443,128,344,0.372,61,70,0.871,16,196,212,204,74,54,6,24,122,94,715,143,1381.4,1,0,1379.0,1,2022-23,23.4,114.0,114.0,114.0,109.8,110.1,110.1,4.2,4.0,4.0,0.159,2.76,22.7,0.009,0.11,0.061,8.2,8.2,0.551,0.572,0.17,0.175,101.17,100.99,84.16,100.99,0.088,3640,3.6,8.0
1628998,Cody Martin,Cody,1610612766,CHA,27.0,7,2,5,0.286,133.71166666666667,14,36,0.389,3,14,0.214,4,7,0.571,8,16,24,11,2,4,1,4,13,6,35,-26,93.3,0,0,83.0,1,2022-23,19.1,110.1,107.6,107.6,115.8,117.3,117.3,-5.7,-9.7,-9.7,0.111,5.5,21.6,0.056,0.109,0.083,3.9,3.8,0.431,0.448,0.121,0.131,103.58,104.1,86.75,104.1,0.052,291,2.0,5.1
203469,Cody Zeller,Cody,1610612748,MIA,30.0,15,6,9,0.4,216.61166666666668,37,59,0.627,0,2,0.0,24,35,0.686,25,39,64,10,14,3,4,3,33,33,98,-48,196.8,0,0,186.0,1,2022-23,14.4,109.4,108.8,108.8,120.0,119.0,119.0,-10.6,-10.3,-10.3,0.077,0.71,10.1,0.117,0.2,0.157,14.1,14.2,0.627,0.659,0.175,0.179,98.12,98.83,82.36,98.83,0.093,445,2.5,3.9
1630175,Cole Anthony,Cole,1610612753,ORL,23.0,60,28,32,0.467,1551.76,277,610,0.454,75,206,0.364,152,170,0.894,47,241,288,235,91,37,31,22,158,123,781,-26,1592.1,1,0,1515.0,1,2022-23,25.9,111.4,112.4,112.4,111.5,112.5,112.5,-0.1,-0.1,-0.1,0.228,2.58,23.4,0.03,0.152,0.091,9.1,9.0,0.516,0.57,0.209,0.216,100.86,99.91,83.26,99.91,0.116,3220,4.6,10.2
1631306,Cole Swider,Cole,1610612747,LAL,24.0,7,2,5,0.286,41.138333333333335,3,9,0.333,3,8,0.375,0,0,0.0,1,6,7,4,0,0,0,0,3,1,9,3,23.4,0,0,23.0,1,2022-23,5.9,118.4,116.5,116.5,116.1,113.2,113.2,2.3,3.3,3.3,0.105,0.0,30.8,0.024,0.158,0.088,0.0,0.0,0.5,0.5,0.089,0.091,104.01,106.18,88.48,106.18,0.055,91,0.4,1.3
1629012,Collin Sexton,Collin,1610612762,UTA,24.0,48,24,24,0.5,1145.1533333333334,237,468,0.506,48,122,0.393,163,199,0.819,37,68,105,138,85,27,6,51,112,172,685,-28,1032.0,1,0,1042.0,1,2022-23,23.9,114.9,116.4,116.4,115.2,116.3,116.3,-0.3,0.1,0.1,0.178,1.62,17.8,0.032,0.056,0.044,10.9,10.9,0.558,0.616,0.23,0.234,103.46,102.3,85.25,102.3,0.097,2427,4.9,9.8
1630557,Corey Kispert,Corey,1610612764,WAS,24.0,74,31,43,0.419,2093.29,291,585,0.497,163,384,0.424,75,88,0.852,33,174,207,87,55,32,9,36,97,68,820,-124,1266.9,0,0,1359.0,1,2022-23,28.3,111.6,112.4,112.4,115.2,115.6,115.6,-3.6,-3.2,-3.2,0.056,1.58,11.4,0.016,0.082,0.05,7.2,7.2,0.637,0.657,0.139,0.142,100.75,100.22,83.51,100.22,0.073,4377,3.9,7.9
202709,Cory Joseph,Cory,1610612765,DET,31.0,62,12,50,0.194,1227.4333333333334,150,351,0.427,70,180,0.389,57,72,0.792,21,85,106,217,56,34,9,19,88,76,427,-110,952.7,0,0,906.0,1,2022-23,19.8,109.6,109.7,109.7,113.6,113.8,113.8,-4.0,-4.1,-4.1,0.256,3.88,33.2,0.016,0.07,0.042,8.6,8.5,0.527,0.558,0.149,0.154,99.6,99.47,82.89,99.47,0.087,2541,2.4,5.7
1626156,D'Angelo Russell,D'Angelo,1610612747,LAL,27.0,71,39,32,0.549,2304.096666666667,445,948,0.469,194,490,0.396,179,216,0.829,35,180,215,437,186,70,29,23,140,186,1263,85,2287.5,9,0,2307.0,2,2022-23,32.5,112.3,113.6,113.6,110.3,112.1,112.1,2.1,1.5,1.5,0.274,2.35,26.3,0.016,0.075,0.047,11.2,11.2,0.572,0.605,0.225,0.229,102.66,101.24,84.36,101.24,0.115,4864,6.3,13.4
1630227,Daishen Nix,Daishen,1610612745,HOU,21.0,57,15,42,0.263,914.3833333333332,81,237,0.342,40,140,0.286,24,36,0.667,18,80,98,132,86,31,7,12,59,41,226,-151,569.6,0,0,572.0,1,2022-23,16.0,105.2,106.2,106.2,114.9,114.4,114.4,-9.7,-8.2,-8.2,0.191,1.53,28.0,0.018,0.091,0.052,18.2,18.3,0.426,0.447,0.149,0.153,101.33,101.05,84.21,101.05,0.045,1928,1.4,4.2
1630625,Dalano Banton,Dalano,1610612761,TOR,23.0,31,17,14,0.548,278.5433333333333,55,130,0.423,15,51,0.294,17,24,0.708,11,34,45,36,18,13,13,7,34,20,142,-34,310.0,0,0,290.0,1,2022-23,9.0,104.4,104.4,104.4,110.8,110.9,110.9,-6.3,-6.5,-6.5,0.202,2.0,18.5,0.036,0.13,0.079,9.2,9.3,0.481,0.505,0.229,0.237,101.21,101.15,84.3,101.15,0.095,589,1.8,4.2
1631207,Dalen Terry,Dalen,1610612741,CHI,20.0,38,19,19,0.5,213.945,32,72,0.444,7,27,0.259,14,21,0.667,12,25,37,22,8,11,5,7,24,19,85,12,202.4,0,0,183.0,1,2022-23,5.6,107.6,104.8,104.8,103.0,101.5,101.5,4.6,3.3,3.3,0.157,2.75,19.6,0.056,0.117,0.087,7.1,7.2,0.493,0.523,0.173,0.179,100.62,102.64,85.54,102.64,0.091,456,0.8,1.9
1627745,Damian Jones,Damian,1610612762,UTA,28.0,41,12,29,0.293,477.39166666666665,55,86,0.64,10,17,0.588,22,29,0.759,42,80,122,15,23,8,21,11,55,31,142,-83,374.9,1,0,347.0,2,2022-23,11.6,103.8,103.6,103.6,112.7,112.6,112.6,-8.9,-9.0,-9.0,0.044,0.65,10.9,0.078,0.152,0.115,16.8,16.8,0.698,0.719,0.102,0.105,104.71,104.87,87.39,104.87,0.081,1048,1.3,2.1
203081,Damian Lillard,Damian,1610612757,POR,32.0,58,27,31,0.466,2106.59,556,1202,0.463,244,658,0.371,510,558,0.914,44,233,277,425,191,50,18,46,109,413,1866,105,2848.9,16,2,2948.0,1,2022-23,36.3,117.8,119.5,119.5,115.9,117.4,117.4,2.0,2.1,2.1,0.338,2.23,20.8,0.022,0.112,0.068,9.3,9.3,0.564,0.645,0.331,0.338,101.12,99.78,83.15,99.78,0.173,4385,9.6,20.7
1627814,Damion Lee,Damion,1610612756,PHX,30.0,74,40,34,0.541,1506.295,200,452,0.442,110,247,0.445,94,104,0.904,39,186,225,99,78,30,7,14,118,104,604,79,1055.5,0,0,1112.0,1,2022-23,20.4,108.7,110.1,110.1,107.7,107.3,107.3,1.0,2.7,2.7,0.092,1.27,14.8,0.024,0.124,0.072,11.6,11.6,0.564,0.607,0.155,0.159,101.62,101.13,84.27,101.13,0.084,3170,2.7,6.1
1629655,Daniel Gafford,Daniel,1610612764,WAS,24.0,78,32,46,0.41,1604.22,289,395,0.732,0,0,0.0,127,187,0.679,163,270,433,84,85,33,99,28,187,169,705,-89,1661.6,10,0,1486.0,1,2022-23,20.6,110.7,111.7,111.7,114.3,114.3,114.3,-3.7,-2.5,-2.5,0.074,0.99,13.2,0.103,0.159,0.132,13.3,13.2,0.732,0.739,0.146,0.151,100.32,99.88,83.23,99.88,0.113,3336,3.7,5.1
1628464,Daniel Theis,Daniel,1610612754,IND,31.0,7,1,6,0.143,108.83666666666667,21,44,0.477,2,11,0.182,5,12,0.417,7,15,22,9,3,2,6,3,7,10,49,-19,109.9,0,0,98.0,1,2022-23,15.5,105.3,107.3,107.3,114.6,115.5,115.5,-9.3,-8.2,-8.2,0.125,3.0,14.8,0.059,0.147,0.1,4.9,4.9,0.5,0.497,0.201,0.207,103.69,102.32,85.27,102.32,0.088,232,3.0,6.3
201980,Danny Green,Danny,1610612739,CLE,36.0,11,6,5,0.545,138.71833333333333,22,49,0.449,16,37,0.432,1,1,1.0,3,11,14,6,10,6,3,1,16,2,61,-17,103.8,0,0,115.0,2,2022-23,12.6,106.3,104.5,104.5,106.5,110.0,110.0,-0.2,-5.5,-5.5,0.065,0.6,9.2,0.023,0.08,0.053,15.4,15.3,0.612,0.617,0.187,0.193,101.0,100.17,83.48,100.17,0.061,289,2.0,4.5
1627863,Danuel House Jr.,Danuel,1610612755,PHI,30.0,56,38,18,0.679,807.025,93,197,0.472,37,110,0.336,45,60,0.75,9,85,94,44,26,14,9,4,69,48,268,-16,489.8,0,0,489.0,1,2022-23,14.4,113.8,112.8,112.8,111.9,112.5,112.5,1.9,0.3,0.3,0.074,1.69,15.0,0.012,0.107,0.062,8.9,8.9,0.566,0.6,0.133,0.138,100.84,101.02,84.19,101.02,0.061,1689,1.7,3.5
203967,Dario Saric,Dario,1610612760,OKC,29.0,57,26,31,0.456,805.9533333333334,127,277,0.458,45,115,0.391,63,76,0.829,53,154,207,74,55,20,7,18,99,75,362,37,747.4,2,0,742.0,2,2022-23,14.1,111.2,112.8,112.8,110.4,111.2,111.2,0.8,1.6,1.6,0.131,1.35,17.0,0.064,0.195,0.128,12.6,12.5,0.54,0.583,0.186,0.191,101.88,100.8,84.0,100.8,0.099,1697,2.2,4.9
1629647,Darius Bazley,Darius,1610612756,PHX,23.0,43,19,24,0.442,616.1616666666666,83,183,0.454,20,53,0.377,38,70,0.543,34,104,138,38,27,22,34,26,44,51,224,-70,587.6,0,0,532.0,2,2022-23,14.3,106.7,105.5,105.5,108.3,109.2,109.2,-1.7,-3.6,-3.6,0.088,1.41,13.6,0.053,0.157,0.106,9.6,9.7,0.508,0.524,0.165,0.17,101.81,101.93,84.95,101.93,0.088,1298,1.9,4.3
1630620,Darius Days,Darius,1610612745,HOU,23.0,4,0,4,0.0,24.98333333333333,5,12,0.417,3,10,0.3,2,2,1.0,1,5,6,1,0,0,1,1,2,1,15,1,26.7,0,0,27.0,1,2022-23,6.2,108.9,109.4,109.4,105.7,109.6,109.6,3.1,-0.2,-0.2,0.067,0.0,7.1,0.034,0.227,0.118,0.0,0.0,0.542,0.582,0.21,0.214,102.98,100.87,84.06,100.87,0.145,53,1.3,3.0
1629636,Darius Garland,Darius,1610612739,CLE,23.0,69,40,29,0.58,2447.15,522,1129,0.462,169,412,0.41,277,321,0.863,28,157,185,538,199,85,9,54,148,298,1490,438,2602.0,18,0,2570.0,1,2022-23,35.5,116.3,116.9,116.9,107.8,108.8,108.8,8.5,8.0,8.0,0.328,2.7,26.9,0.012,0.067,0.04,9.9,9.9,0.537,0.587,0.262,0.268,97.81,97.1,80.92,97.1,0.13,4968,7.6,16.4
1630561,David Duke Jr.,David,1610612751,BKN,23.0,23,10,13,0.435,228.0233333333333,36,78,0.462,1,12,0.083,12,17,0.706,11,18,29,21,18,10,1,10,31,17,85,-35,166.3,0,0,158.0,1,2022-23,9.9,105.6,105.2,105.2,112.9,111.5,111.5,-7.3,-6.3,-6.3,0.145,1.17,16.9,0.049,0.078,0.063,14.5,14.5,0.468,0.497,0.187,0.194,101.27,102.09,85.08,102.09,0.05,483,1.6,3.4
1631223,David Roddy,David,1610612763,MEM,22.0,70,44,26,0.629,1258.5016666666668,180,420,0.429,65,212,0.307,41,65,0.631,50,143,193,59,57,29,19,24,107,58,466,-61,873.1,0,0,879.0,1,2022-23,18.0,110.3,110.6,110.6,111.6,112.5,112.5,-1.3,-1.9,-1.9,0.064,1.04,10.4,0.037,0.107,0.071,10.1,10.1,0.506,0.519,0.163,0.167,103.15,102.6,85.5,102.6,0.056,2686,2.6,6.0
1630558,Davion Mitchell,Davion,1610612758,SAC,24.0,80,47,33,0.588,1447.03,181,399,0.454,63,197,0.32,25,31,0.806,16,89,105,185,62,44,15,13,112,94,450,1,968.5,0,0,921.0,1,2022-23,18.1,115.3,114.4,114.4,112.4,111.8,111.8,2.9,2.7,2.7,0.173,2.98,28.2,0.012,0.062,0.037,9.4,9.4,0.533,0.545,0.14,0.145,101.34,102.04,85.03,102.04,0.061,3040,2.3,5.0
202722,Davis Bertans,Davis,1610612742,DAL,30.0,45,20,25,0.444,491.81666666666666,69,160,0.431,55,141,0.39,13,15,0.867,10,43,53,21,10,11,8,3,53,28,206,-37,348.1,0,0,373.0,1,2022-23,10.9,111.4,110.6,110.6,114.0,114.8,114.8,-2.6,-4.3,-4.3,0.065,2.1,10.7,0.02,0.086,0.053,5.1,5.1,0.603,0.618,0.155,0.161,100.33,100.33,83.61,100.33,0.069,1031,1.5,3.6
1628432,Davon Reed,Davon,1610612743,DEN,28.0,43,29,14,0.674,342.54833333333335,28,84,0.333,17,46,0.37,16,24,0.667,10,49,59,23,20,15,4,6,39,15,89,-99,231.3,0,0,226.0,2,2022-23,8.0,100.7,97.5,97.5,112.8,111.7,111.7,-12.0,-14.1,-14.1,0.099,1.15,16.5,0.031,0.146,0.09,14.4,14.5,0.435,0.471,0.142,0.148,100.17,102.29,85.24,102.29,0.046,732,0.7,2.0
1630549,Day'Ron Sharpe,Day'Ron,1610612751,BKN,21.0,48,22,26,0.458,552.4866666666667,93,171,0.544,6,11,0.545,35,55,0.636,99,101,200,37,42,15,32,17,89,45,227,-101,621.5,2,0,564.0,1,2022-23,11.5,109.6,110.3,110.3,118.9,119.0,119.0,-9.3,-8.8,-8.8,0.099,0.88,13.5,0.168,0.19,0.179,15.3,15.3,0.561,0.581,0.173,0.177,102.65,102.26,85.21,102.26,0.093,1178,1.9,3.6
1628368,De'Aaron Fox,De'Aaron,1610612758,SAC,25.0,73,44,29,0.603,2435.241666666667,682,1331,0.512,119,367,0.324,343,440,0.78,40,266,306,447,181,83,23,53,172,343,1826,176,3000.7,11,0,2910.0,1,2022-23,33.4,119.5,119.9,119.9,116.5,116.8,116.8,3.1,3.1,3.1,0.281,2.47,20.8,0.017,0.111,0.064,8.4,8.4,0.557,0.599,0.288,0.296,103.41,103.08,85.9,103.08,0.137,5235,9.3,18.2
1629631,De'Andre Hunter,De'Andre,1610612737,ATL,25.0,67,35,32,0.522,2125.63,379,822,0.461,100,286,0.35,171,207,0.826,46,238,284,94,82,35,17,47,199,218,1029,-18,1584.8,1,0,1611.0,1,2022-23,31.7,114.1,114.9,114.9,114.6,115.5,115.5,-0.5,-0.6,-0.6,0.059,1.15,8.6,0.021,0.112,0.066,7.5,7.5,0.522,0.563,0.193,0.196,103.6,102.79,85.66,102.79,0.069,4556,5.7,12.3
1629001,De'Anthony Melton,De'Anthony,1610612755,PHI,25.0,77,50,27,0.649,2149.826666666667,277,651,0.425,157,403,0.39,69,87,0.793,69,243,312,197,102,126,41,25,191,75,780,102,1848.9,0,0,1780.0,1,2022-23,27.9,114.8,115.5,115.5,110.9,112.8,112.8,4.0,2.7,2.7,0.133,1.93,19.9,0.034,0.114,0.076,10.3,10.3,0.546,0.566,0.162,0.165,98.92,97.76,81.47,97.76,0.079,4372,3.6,8.5
201599,DeAndre Jordan,DeAndre,1610612743,DEN,34.0,39,23,16,0.59,585.855,88,115,0.765,1,1,1.0,22,48,0.458,52,150,202,34,48,12,23,6,71,53,199,-119,549.4,2,0,506.0,1,2022-23,15.0,107.5,107.0,107.0,115.4,115.4,115.4,-7.9,-8.4,-8.4,0.084,0.71,15.6,0.094,0.252,0.176,22.0,22.0,0.77,0.731,0.134,0.139,99.88,100.16,83.47,100.16,0.107,1215,2.3,2.9
201942,DeMar DeRozan,DeMar,1610612741,CHI,33.0,74,37,37,0.5,2681.61,657,1303,0.504,46,142,0.324,456,523,0.872,34,309,343,377,153,83,36,62,186,396,1816,67,2997.1,6,0,2820.0,1,2022-23,36.2,112.3,112.2,112.2,110.1,110.7,110.7,2.2,1.5,1.5,0.222,2.46,18.5,0.013,0.116,0.066,7.5,7.4,0.522,0.592,0.272,0.281,100.1,99.82,83.18,99.82,0.138,5569,8.9,17.6
1629731,Dean Wade,Dean,1610612739,CLE,26.0,44,30,14,0.682,891.5633333333334,73,177,0.412,45,127,0.354,15,23,0.652,20,130,150,37,17,28,21,7,89,28,206,108,571.5,0,0,536.0,1,2022-23,20.3,109.4,109.7,109.7,102.3,103.2,103.2,7.1,6.5,6.5,0.056,2.18,15.4,0.023,0.146,0.085,7.1,7.1,0.54,0.55,0.1,0.103,98.66,98.09,81.74,98.09,0.061,1817,1.7,4.0
1629028,Deandre Ayton,Deandre,1610612756,PHX,24.0,67,36,31,0.537,2035.3366666666664,522,887,0.589,7,24,0.292,152,200,0.76,172,495,667,115,120,37,53,39,190,166,1203,-7,2325.9,36,0,2172.0,1,2022-23,30.4,111.5,113.2,113.2,112.2,113.2,113.2,-0.6,0.0,0.0,0.09,0.96,9.5,0.084,0.247,0.164,9.9,9.9,0.592,0.617,0.231,0.233,99.81,98.63,82.19,98.63,0.145,4178,7.8,13.2
1627749,Dejounte Murray,Dejounte,1610612737,ATL,26.0,74,38,36,0.514,2693.395,612,1319,0.464,133,387,0.344,158,190,0.832,53,336,389,448,160,112,19,57,106,156,1515,-62,2886.8,8,1,2747.0,1,2022-23,36.4,112.7,114.3,114.3,114.5,115.4,115.4,-1.7,-1.1,-1.1,0.239,2.8,22.4,0.019,0.127,0.071,8.0,8.0,0.514,0.54,0.239,0.243,102.76,101.67,84.73,101.67,0.12,5705,8.3,17.8
1626153,Delon Wright,Delon,1610612764,WAS,31.0,50,26,24,0.52,1221.1716666666666,138,291,0.474,41,119,0.345,52,60,0.867,58,122,180,194,44,92,17,14,59,81,369,69,1159.0,0,0,1002.0,1,2022-23,24.4,112.2,114.1,114.1,110.5,110.9,110.9,1.7,3.2,3.2,0.209,4.41,35.1,0.05,0.097,0.074,8.0,7.9,0.545,0.581,0.125,0.129,100.48,99.45,82.87,99.45,0.107,2525,2.8,5.8
1630166,Deni Avdija,Deni,1610612764,WAS,22.0,76,33,43,0.434,2020.38,253,579,0.437,69,232,0.297,122,165,0.739,74,413,487,211,123,65,29,36,209,136,697,-51,1756.9,11,0,1652.0,1,2022-23,26.6,112.4,113.3,113.3,113.0,114.1,114.1,-0.6,-0.8,-0.8,0.142,1.72,21.4,0.038,0.196,0.12,12.5,12.5,0.497,0.535,0.165,0.168,100.69,99.76,83.13,99.76,0.084,4192,3.3,7.6
203471,Dennis Schröder,Dennis,1610612747,LAL,29.0,66,37,29,0.561,1985.945,270,650,0.415,74,225,0.329,216,252,0.857,21,144,165,298,112,50,10,45,145,188,830,125,1543.0,2,0,1487.0,1,2022-23,30.1,113.5,115.0,115.0,111.1,112.2,112.2,2.4,2.8,2.8,0.202,2.66,25.6,0.011,0.067,0.04,9.6,9.6,0.472,0.545,0.183,0.187,102.99,101.8,84.84,101.8,0.077,4215,4.1,9.8
1628372,Dennis Smith Jr.,Dennis,1610612766,CHA,25.0,54,19,35,0.352,1389.8433333333332,186,452,0.412,24,111,0.216,78,106,0.736,27,140,167,261,82,75,25,37,122,81,474,-70,1283.9,1,0,1126.0,1,2022-23,25.7,103.4,103.6,103.6,105.3,106.2,106.2,-1.9,-2.6,-2.6,0.275,3.18,30.9,0.018,0.093,0.056,9.7,9.7,0.438,0.475,0.175,0.178,102.66,102.11,85.09,102.11,0.09,2960,3.4,8.4
1629126,Deonte Burton,Deonte,1610612758,SAC,29.0,2,1,1,0.5,6.498333333333333,0,2,0.0,0,1,0.0,0,0,0.0,0,0,0,0,0,0,0,1,0,1,0,5,0.0,0,0,0.0,1,2022-23,3.2,150.1,164.3,164.3,122.0,112.5,112.5,28.2,51.8,51.8,0.0,0.0,0.0,0.0,0.0,0.0,0.0,0.0,0.0,0.0,0.133,0.131,111.09,110.8,92.33,110.8,-0.045,14,0.0,1.0
1631220,Dereon Seabron,Dereon,1610612740,NOP,23.0,5,2,3,0.4,11.6,2,5,0.4,0,0,0.0,0,0,0.0,1,0,1,0,0,0,0,1,1,0,4,10,5.2,0,0,5.0,1,2022-23,2.3,123.3,116.0,116.0,83.0,79.2,79.2,40.3,36.8,36.8,0.0,0.0,0.0,0.067,0.0,0.029,0.0,0.0,0.4,0.4,0.156,0.175,96.0,101.38,84.48,101.38,0.011,25,0.4,1.0
1627884,Derrick Jones Jr.,Derrick,1610612741,CHI,26.0,64,29,35,0.453,893.4083333333333,115,230,0.5,27,80,0.338,62,84,0.738,60,93,153,34,25,29,37,19,86,66,319,122,726.6,0,0,665.0,1,2022-23,14.0,112.8,112.8,112.8,105.4,106.0,106.0,7.3,6.7,6.7,0.052,1.36,10.5,0.069,0.098,0.084,7.7,7.7,0.559,0.597,0.138,0.142,101.75,101.46,84.55,101.46,0.077,1886,1.8,3.6
201565,Derrick Rose,Derrick,1610612752,NYK,34.0,27,12,15,0.444,337.865,61,159,0.384,19,63,0.302,11,12,0.917,8,32,40,46,22,7,5,13,18,13,152,-29,283.0,0,0,281.0,1,2022-23,12.5,104.9,104.3,104.3,107.6,107.8,107.8,-2.8,-3.5,-3.5,0.208,2.09,19.8,0.022,0.082,0.053,9.5,9.5,0.443,0.463,0.22,0.227,103.57,103.78,86.48,103.78,0.076,729,2.3,5.9
1628401,Derrick White,Derrick,1610612738,BOS,28.0,82,57,25,0.695,2319.3283333333334,350,758,0.462,149,391,0.381,168,192,0.875,52,241,293,321,95,54,76,34,177,204,1017,488,2145.1,7,0,2040.0,1,2022-23,28.3,117.8,118.2,118.2,106.7,107.2,107.2,11.1,11.0,11.0,0.191,3.38,25.6,0.023,0.098,0.062,7.6,7.5,0.56,0.604,0.174,0.178,100.32,99.87,83.22,99.87,0.1,4807,4.3,9.2
1630217,Desmond Bane,Desmond,1610612763,MEM,25.0,58,38,20,0.655,1841.4533333333331,450,939,0.479,166,407,0.408,181,205,0.883,43,248,291,254,126,56,22,73,150,149,1247,356,2085.2,1,0,2114.0,1,2022-23,31.7,115.7,116.4,116.4,106.3,107.4,107.4,9.3,9.0,9.0,0.202,2.02,18.2,0.022,0.123,0.074,9.0,8.9,0.568,0.606,0.252,0.26,104.14,103.27,86.06,103.27,0.131,3962,7.8,16.2
1626164,Devin Booker,Devin,1610612756,PHX,26.0,53,34,19,0.642,1835.4133333333332,527,1067,0.494,111,316,0.351,306,358,0.855,46,194,240,293,145,51,18,43,159,286,1471,247,2260.5,5,0,2253.0,1,2022-23,34.6,117.6,119.6,119.6,111.9,113.4,113.4,5.7,6.2,6.2,0.251,2.02,17.8,0.025,0.105,0.065,8.8,8.7,0.546,0.601,0.311,0.319,100.68,99.18,82.65,99.18,0.147,3797,9.9,20.1
1630170,Devin Vassell,Devin,1610612759,SAS,22.0,38,12,26,0.316,1178.0783333333334,261,595,0.439,103,266,0.387,78,100,0.78,8,140,148,136,57,43,17,18,57,68,703,-295,1207.6,0,0,1210.0,1,2022-23,31.0,105.9,107.1,107.1,118.4,118.8,118.8,-12.4,-11.7,-11.7,0.173,2.39,16.5,0.006,0.125,0.062,6.9,6.9,0.525,0.55,0.24,0.246,104.4,103.67,86.39,103.67,0.108,2546,6.9,15.7
1629653,Devon Dotson,Devon,1610612764,WAS,23.0,6,1,5,0.167,53.1,1,10,0.1,1,4,0.25,0,0,0.0,6,4,10,8,3,5,0,2,9,1,3,-3,39.0,0,0,32.0,1,2022-23,8.9,102.8,101.8,101.8,105.2,107.5,107.5,-2.4,-5.7,-5.7,0.211,2.67,38.1,0.107,0.085,0.097,14.3,14.3,0.15,0.15,0.102,0.107,98.66,98.08,81.73,98.08,0.012,110,0.2,1.7
1628984,Devonte' Graham,Devonte',1610612759,SAS,28.0,73,31,42,0.425,1338.445,161,431,0.374,119,338,0.352,98,131,0.748,19,103,122,196,53,45,16,12,79,109,539,-159,1109.4,0,0,1098.0,2,2022-23,18.3,106.7,107.5,107.5,114.1,113.7,113.7,-7.3,-6.2,-6.2,0.207,3.7,26.6,0.013,0.081,0.045,7.2,7.2,0.512,0.552,0.165,0.17,102.37,102.17,85.14,102.17,0.083,2857,2.2,5.9
203473,Dewayne Dedmon,Dewayne,1610612755,PHI,33.0,38,23,15,0.605,426.21,77,151,0.51,12,39,0.308,33,49,0.673,34,100,134,26,25,9,19,16,75,48,199,-124,457.8,0,0,427.0,2,2022-23,11.2,100.1,99.3,99.3,109.4,110.0,110.0,-9.4,-10.6,-10.6,0.108,1.04,11.7,0.075,0.231,0.151,11.2,11.2,0.55,0.577,0.195,0.203,102.36,102.48,85.4,102.48,0.104,897,2.0,4.0
1628415,Dillon Brooks,Dillon,1610612763,MEM,27.0,73,46,27,0.63,2214.2633333333333,392,991,0.396,143,439,0.326,120,154,0.779,45,199,244,189,104,65,16,38,240,132,1047,205,1762.3,0,0,1785.0,1,2022-23,30.3,111.3,113.4,113.4,107.3,108.5,108.5,4.0,4.9,4.9,0.117,1.82,14.1,0.019,0.084,0.051,7.7,7.7,0.468,0.494,0.214,0.219,103.41,101.92,84.93,101.92,0.06,4690,5.4,13.6
1627734,Domantas Sabonis,Domantas,1610612758,SAC,27.0,79,47,32,0.595,2735.555,577,938,0.615,31,83,0.373,325,438,0.742,251,722,973,573,230,65,39,64,279,373,1510,212,3619.1,65,14,3295.0,1,2022-23,34.6,118.8,120.7,120.7,115.5,116.8,116.8,3.3,3.9,3.9,0.297,2.49,29.6,0.096,0.275,0.185,11.9,11.9,0.632,0.668,0.213,0.215,101.8,100.46,83.72,100.46,0.161,5720,7.3,11.9
1631230,Dominick Barlow,Dominick,1610612759,SAS,20.0,28,5,23,0.179,407.565,46,86,0.535,0,4,0.0,18,25,0.72,46,56,102,24,15,10,19,8,56,23,110,-108,340.4,2,0,294.0,1,2022-23,14.6,104.7,105.2,105.2,117.2,115.9,115.9,-12.4,-10.7,-10.7,0.079,1.6,17.8,0.1,0.131,0.115,11.1,11.0,0.535,0.567,0.107,0.111,104.77,105.11,87.59,105.11,0.064,887,1.6,3.1
1628378,Donovan Mitchell,Donovan,1610612739,CLE,26.0,68,44,24,0.647,2432.38,679,1402,0.484,245,635,0.386,319,368,0.867,63,226,289,301,180,99,27,56,168,279,1922,338,2918.3,5,0,3009.0,1,2022-23,35.8,114.9,116.3,116.3,108.7,110.4,110.4,6.2,5.9,5.9,0.205,1.67,14.9,0.027,0.097,0.062,8.9,8.8,0.572,0.614,0.31,0.318,98.24,96.89,80.74,96.89,0.149,4932,10.0,20.6
1631495,Donovan Williams,Donovan,1610612737,ATL,21.0,2,1,1,0.5,4.25,2,5,0.4,0,2,0.0,0,0,0.0,0,2,2,0,0,0,0,0,0,0,4,6,6.4,0,0,6.0,1,2022-23,2.1,150.0,120.0,120.0,64.4,60.0,60.0,85.6,60.0,60.0,0.0,0.0,0.0,0.0,0.4,0.2,0.0,0.0,0.4,0.4,0.385,0.455,97.81,112.94,94.12,112.94,0.162,10,1.0,2.5
1628978,Donte DiVincenzo,Donte,1610612744,GSW,26.0,72,42,30,0.583,1894.38,235,540,0.435,150,378,0.397,58,71,0.817,80,245,325,252,112,97,10,16,133,113,678,124,1655.0,4,0,1619.0,1,2022-23,26.3,113.5,113.5,113.5,110.1,110.6,110.6,3.4,2.9,2.9,0.176,2.25,27.0,0.041,0.123,0.082,12.0,12.0,0.574,0.593,0.146,0.15,104.45,104.2,86.84,104.2,0.092,4115,3.3,7.5
1627827,Dorian Finney-Smith,Dorian,1610612751,BKN,30.0,66,31,35,0.47,2008.825,196,501,0.391,114,338,0.337,45,59,0.763,114,202,316,100,62,55,36,20,144,56,551,-8,1291.2,2,0,1263.0,2,2022-23,30.4,112.9,114.0,114.0,112.6,114.3,114.3,0.3,-0.3,-0.3,0.07,1.61,14.5,0.055,0.105,0.079,9.0,9.0,0.505,0.523,0.129,0.131,98.06,96.9,80.75,96.9,0.056,4057,3.0,7.6
203926,Doug McDermott,Doug,1610612759,SAS,31.0,64,19,45,0.297,1314.2016666666666,239,523,0.457,123,298,0.413,53,70,0.757,23,115,138,91,58,13,6,23,118,53,654,-237,955.1,0,0,1044.0,1,2022-23,20.5,107.7,108.7,108.7,118.0,118.4,118.4,-10.3,-9.7,-9.7,0.098,1.57,13.0,0.016,0.085,0.049,8.3,8.3,0.575,0.59,0.186,0.191,105.01,104.39,86.99,104.39,0.071,2876,3.7,8.2
203110,Draymond Green,Draymond,1610612744,GSW,33.0,73,41,32,0.562,2297.635,250,474,0.527,40,131,0.305,77,108,0.713,66,459,525,500,204,74,61,20,229,148,617,346,2198.0,11,0,1952.0,1,2022-23,31.5,115.8,116.2,116.2,108.9,109.2,109.2,7.0,7.0,7.0,0.268,2.45,40.8,0.029,0.185,0.11,16.7,16.6,0.57,0.592,0.129,0.132,104.38,104.05,86.71,104.05,0.1,4979,3.4,6.5
1629234,Drew Eubanks,Drew,1610612757,POR,26.0,78,31,47,0.397,1583.6766666666667,214,334,0.641,7,18,0.389,83,125,0.664,132,286,418,103,67,40,102,9,169,130,518,-131,1533.1,3,0,1330.0,1,2022-23,20.3,113.0,113.0,113.0,116.1,117.1,117.1,-3.1,-4.1,-4.1,0.092,1.54,18.4,0.084,0.183,0.133,12.0,12.0,0.651,0.666,0.122,0.125,100.79,100.32,83.6,100.32,0.098,3312,2.7,4.3
1630696,Dru Smith,Dru,1610612751,BKN,25.0,15,7,8,0.467,158.42666666666668,18,45,0.4,5,19,0.263,3,3,1.0,2,22,24,22,3,10,4,3,23,3,44,-28,144.8,0,0,123.0,2,2022-23,10.6,101.1,100.3,100.3,109.6,109.1,109.1,-8.4,-8.8,-8.8,0.206,7.33,31.0,0.012,0.132,0.072,4.2,4.2,0.456,0.475,0.133,0.137,99.8,100.44,83.7,100.44,0.076,332,1.2,3.0
1630613,Duane Washington Jr.,Duane,1610612752,NYK,23.0,31,17,14,0.548,393.82666666666665,94,256,0.367,40,111,0.36,16,24,0.667,2,34,36,63,34,6,4,16,23,27,244,-6,377.7,0,0,403.0,1,2022-23,12.7,105.4,107.4,107.4,108.8,107.9,107.9,-3.3,-0.5,-0.5,0.26,1.85,17.4,0.004,0.085,0.042,9.4,9.4,0.445,0.458,0.298,0.305,102.67,102.14,85.11,102.14,0.08,837,3.0,8.3
1629130,Duncan Robinson,Duncan,1610612748,MIA,29.0,42,19,23,0.452,690.46,88,237,0.371,63,192,0.328,29,32,0.906,8,61,69,46,28,14,0,5,77,33,268,-56,433.8,0,0,474.0,1,2022-23,16.4,109.6,108.8,108.8,112.8,113.8,113.8,-3.2,-5.0,-5.0,0.101,1.64,14.3,0.012,0.094,0.052,8.7,8.6,0.504,0.534,0.172,0.18,98.88,98.82,82.35,98.82,0.049,1428,2.1,5.6
203939,Dwight Powell,Dwight,1610612742,DAL,31.0,76,37,39,0.487,1457.935,197,269,0.732,0,5,0.0,112,168,0.667,149,165,314,69,65,48,26,17,209,189,506,166,1143.3,1,0,1037.0,1,2022-23,19.2,118.7,119.4,119.4,113.1,113.2,113.2,5.6,6.2,6.2,0.067,1.06,14.4,0.106,0.12,0.113,13.6,13.6,0.732,0.738,0.123,0.125,98.1,97.73,81.44,97.73,0.078,2961,2.6,3.5
1629685,Dylan Windler,Dylan,1610612739,CLE,26.0,3,3,0,1.0,10.383333333333333,2,3,0.667,1,2,0.5,0,0,0.0,0,0,0,1,1,1,0,0,0,0,5,-1,8.5,0,0,9.0,1,2022-23,3.5,90.0,94.4,94.4,107.4,90.0,90.0,-17.4,4.4,4.4,0.2,1.0,20.0,0.0,0.0,0.0,20.0,20.0,0.833,0.833,0.182,0.183,82.38,87.83,73.19,87.83,0.161,18,0.7,1.0
1630700,Dyson Daniels,Dyson,1610612740,NOP,20.0,59,33,26,0.559,1042.125,87,208,0.418,27,86,0.314,26,40,0.65,36,152,188,134,57,43,11,10,99,41,227,-7,758.6,0,0,684.0,1,2022-23,17.7,108.2,107.1,107.1,106.8,106.7,106.7,1.3,0.4,0.4,0.172,2.35,32.2,0.035,0.14,0.089,13.7,13.7,0.483,0.503,0.113,0.117,102.59,103.17,85.98,103.17,0.068,2233,1.5,3.5
1628410,Edmond Sumner,Edmond,1610612751,BKN,27.0,53,33,20,0.623,736.1566666666666,124,269,0.461,31,87,0.356,99,108,0.917,13,66,79,68,50,31,10,25,83,89,378,25,647.8,0,0,638.0,1,2022-23,13.9,112.5,111.7,111.7,109.7,110.1,110.1,2.8,1.7,1.7,0.13,1.36,15.7,0.019,0.086,0.054,11.5,11.5,0.519,0.597,0.209,0.217,102.82,102.99,85.82,102.99,0.088,1579,2.3,5.1
201569,Eric Gordon,Eric,1610612746,LAC,34.0,69,25,44,0.362,1965.5083333333332,291,653,0.446,132,356,0.371,142,173,0.821,16,118,134,183,104,43,25,31,78,132,856,-210,1391.3,0,0,1441.0,2,2022-23,28.5,109.6,110.6,110.6,115.9,116.4,116.4,-6.4,-5.8,-5.8,0.133,1.76,18.2,0.008,0.059,0.033,10.3,10.2,0.547,0.587,0.171,0.178,102.82,102.17,85.14,102.17,0.078,4198,4.2,9.5
1630647,Eugene Omoruyi,Eugene,1610612765,DET,26.0,40,10,30,0.25,645.3233333333334,101,228,0.443,25,89,0.281,51,75,0.68,43,68,111,28,34,28,3,22,91,72,278,-41,512.2,0,0,504.0,2,2022-23,16.1,109.9,111.2,111.2,113.2,113.1,113.1,-3.4,-1.9,-1.9,0.065,0.82,8.7,0.065,0.11,0.086,10.6,10.5,0.498,0.533,0.192,0.197,99.85,99.3,82.75,99.3,0.06,1328,2.5,5.7
203095,Evan Fournier,Evan,1610612752,NYK,30.0,27,15,12,0.556,458.6933333333333,56,166,0.337,35,114,0.307,18,21,0.857,4,45,49,36,22,16,3,4,46,18,165,-54,312.8,0,0,323.0,1,2022-23,17.0,107.8,109.1,109.1,113.5,113.8,113.8,-5.6,-4.7,-4.7,0.111,1.64,15.4,0.008,0.096,0.051,9.4,9.4,0.443,0.471,0.179,0.182,101.2,100.46,83.72,100.46,0.046,956,2.1,6.1
1630596,Evan Mobley,Evan,1610612739,CLE,22.0,79,48,31,0.608,2715.2616666666668,525,947,0.554,22,102,0.216,205,304,0.674,187,524,711,224,146,60,119,63,218,249,1277,339,2857.2,24,0,2592.0,1,2022-23,34.4,114.7,115.5,115.5,107.8,109.0,109.0,6.9,6.5,6.5,0.122,1.53,15.4,0.073,0.2,0.137,10.1,10.1,0.566,0.591,0.199,0.202,97.92,97.02,80.85,97.02,0.124,5481,6.6,12.0
1630267,Facundo Campazzo,Facundo,1610612742,DAL,32.0,8,2,6,0.25,52.16166666666667,3,13,0.231,3,11,0.273,1,2,0.5,0,2,2,9,3,6,0,1,3,2,10,11,40.9,0,0,36.0,1,2022-23,6.5,102.4,100.0,100.0,93.3,89.0,89.0,9.1,11.0,11.0,0.3,3.0,34.6,0.0,0.041,0.019,11.5,11.6,0.346,0.36,0.144,0.15,96.4,99.84,83.2,99.84,0.068,108,0.4,1.6
1628402,Frank Jackson,Frank,1610612756,PHX,25.0,1,0,1,0.0,5.05,0,3,0.0,0,1,0.0,0,0,0.0,1,1,2,1,0,0,0,0,0,0,0,-2,3.9,0,0,3.0,1,2022-23,5.1,96.6,100.0,100.0,139.6,122.2,122.2,-43.0,-22.2,-22.2,0.25,0.0,25.0,0.125,0.333,0.182,0.0,0.0,0.0,0.0,0.25,0.244,81.74,85.54,71.29,85.54,-0.026,9,0.0,3.0
1626163,Frank Kaminsky,Frank,1610612745,HOU,30.0,36,13,23,0.361,234.86333333333332,31,63,0.492,13,33,0.394,14,16,0.875,7,45,52,32,9,6,4,3,22,11,89,-4,220.4,0,0,206.0,2,2022-23,6.5,112.0,109.4,109.4,114.1,111.3,111.3,-2.1,-1.9,-1.9,0.194,3.56,28.6,0.029,0.207,0.113,8.0,8.1,0.595,0.635,0.146,0.151,99.63,102.08,85.07,102.08,0.107,502,0.9,1.8
1628373,Frank Ntilikina,Frank,1610612742,DAL,24.0,47,20,27,0.426,607.5916666666667,48,132,0.364,17,67,0.254,22,33,0.667,7,55,62,58,29,16,7,7,65,32,135,35,336.4,0,0,318.0,1,2022-23,12.9,114.3,113.5,113.5,108.8,108.4,108.4,5.4,5.1,5.1,0.127,2.0,24.9,0.011,0.086,0.049,12.4,12.4,0.428,0.461,0.125,0.13,101.12,101.67,84.73,101.67,0.033,1273,1.0,2.8
1630532,Franz Wagner,Franz,1610612753,ORL,21.0,80,33,47,0.413,2608.7266666666665,542,1118,0.485,130,360,0.361,271,322,0.842,70,259,329,283,167,77,17,84,183,286,1485,50,2419.3,2,0,2415.0,1,2022-23,32.6,109.9,111.3,111.3,109.4,110.1,110.1,0.5,1.2,1.2,0.167,1.69,16.6,0.027,0.098,0.063,9.8,9.8,0.543,0.589,0.23,0.235,102.13,101.14,84.29,101.14,0.11,5491,6.8,14.0
1627832,Fred VanVleet,Fred,1610612761,TOR,29.0,69,34,35,0.493,2534.9866666666667,437,1112,0.393,207,606,0.342,254,283,0.898,30,250,280,495,140,123,38,58,193,221,1335,195,2756.5,10,1,2639.0,1,2022-23,36.7,114.0,116.1,116.1,111.7,112.8,112.8,2.3,3.3,3.3,0.276,3.54,26.7,0.011,0.11,0.056,7.5,7.5,0.486,0.54,0.225,0.231,99.58,98.23,81.86,98.23,0.113,5199,6.3,16.1
1627788,Furkan Korkmaz,Furkan,1610612755,PHI,25.0,37,24,13,0.649,353.49,48,111,0.432,18,46,0.391,26,36,0.722,6,36,42,22,24,10,3,8,18,27,140,2,238.4,0,0,248.0,1,2022-23,9.6,105.8,105.0,105.0,104.5,103.7,103.7,1.3,1.4,1.4,0.091,0.92,12.7,0.017,0.099,0.059,13.9,13.9,0.514,0.552,0.176,0.182,102.26,103.06,85.89,103.06,0.073,755,1.3,3.0
1629216,Gabe Vincent,Gabe,1610612748,MIA,27.0,68,37,31,0.544,1758.6766666666667,228,567,0.402,117,350,0.334,68,78,0.872,27,118,145,167,92,62,5,19,154,96,641,-28,1174.5,0,0,1204.0,1,2022-23,25.9,111.0,111.0,111.0,110.9,111.7,111.7,0.1,-0.7,-0.7,0.139,1.82,19.5,0.016,0.071,0.043,10.7,10.7,0.505,0.533,0.17,0.175,98.56,98.16,81.8,98.16,0.058,3595,3.4,8.3
1628221,Gabe York,Gabe,1610612754,IND,29.0,3,1,2,0.333,55.83166666666666,8,21,0.381,6,18,0.333,2,2,1.0,0,6,6,5,0,2,0,2,5,4,24,24,44.7,0,0,45.0,1,2022-23,18.6,128.2,127.7,127.7,108.6,110.3,110.3,19.7,17.4,17.4,0.109,0.0,18.5,0.0,0.094,0.054,0.0,0.0,0.524,0.548,0.173,0.176,101.62,101.02,84.18,101.02,0.073,119,2.7,7.0
202066,Garrett Temple,Garrett,1610612740,NOP,37.0,25,16,9,0.64,161.82333333333332,18,45,0.4,11,26,0.423,3,4,0.75,5,12,17,13,4,9,2,2,15,2,50,-17,118.9,0,0,113.0,1,2022-23,6.5,102.1,100.3,100.3,105.2,105.5,105.5,-3.1,-5.3,-5.3,0.117,3.25,20.3,0.027,0.069,0.048,6.3,6.3,0.522,0.535,0.123,0.129,106.6,107.38,89.48,107.38,0.061,363,0.7,1.8
1629726,Garrison Mathews,Garrison,1610612737,ATL,26.0,54,16,38,0.296,686.2583333333333,73,201,0.363,63,180,0.35,48,53,0.906,11,62,73,26,19,24,5,2,62,51,257,-87,451.6,0,0,477.0,2,2022-23,12.7,102.6,103.1,103.1,108.6,109.5,109.5,-6.0,-6.4,-6.4,0.057,1.37,9.8,0.014,0.082,0.048,7.2,7.1,0.52,0.573,0.139,0.146,102.67,101.98,84.98,101.98,0.064,1461,1.4,3.7
203914,Gary Harris,Gary,1610612753,ORL,28.0,48,22,26,0.458,1184.3516666666667,138,307,0.45,94,218,0.431,27,30,0.9,21,77,98,59,28,45,12,14,93,37,397,-84,746.1,0,0,762.0,1,2022-23,24.7,111.9,113.0,113.0,115.1,115.8,115.8,-3.2,-2.8,-2.8,0.067,2.11,14.5,0.018,0.069,0.043,6.9,6.9,0.603,0.62,0.125,0.128,101.26,100.45,83.71,100.45,0.058,2472,2.9,6.4
1627780,Gary Payton II,Gary,1610612744,GSW,30.0,22,13,9,0.591,367.605,41,69,0.594,13,26,0.5,6,7,0.857,24,45,69,30,16,22,5,1,43,8,101,39,293.8,0,0,267.0,2,2022-23,16.7,123.3,123.7,123.7,117.6,118.3,118.3,5.7,5.4,5.4,0.106,1.88,25.4,0.069,0.121,0.096,13.6,13.6,0.688,0.701,0.101,0.104,100.22,99.76,83.13,99.76,0.076,763,1.9,3.1
1629018,Gary Trent Jr.,Gary,1610612761,TOR,24.0,66,31,35,0.47,2117.9933333333333,405,935,0.433,166,450,0.369,172,205,0.839,30,143,173,106,55,104,14,32,102,134,1148,-52,1813.6,0,0,1829.0,1,2022-23,32.1,110.8,111.8,111.8,112.5,113.8,113.8,-1.7,-2.1,-2.1,0.075,1.93,9.0,0.013,0.073,0.04,4.7,4.6,0.522,0.56,0.209,0.215,100.93,99.89,83.24,99.89,0.091,4425,6.1,14.2
201588,George Hill,George,1610612754,IND,37.0,46,27,19,0.587,833.31,78,166,0.47,34,95,0.358,42,55,0.764,15,70,85,110,34,26,6,8,55,56,232,41,561.0,0,0,525.0,2,2022-23,18.1,110.0,108.8,108.8,108.5,106.9,106.9,1.5,1.9,1.9,0.178,3.24,33.1,0.017,0.077,0.048,10.2,10.2,0.572,0.61,0.11,0.116,100.96,102.27,85.23,102.27,0.079,1779,1.7,3.6
1627777,Georges Niang,Georges,1610612755,PHI,30.0,78,51,27,0.654,1511.8483333333334,222,502,0.442,154,384,0.401,39,45,0.867,19,166,185,77,54,31,14,13,145,50,637,75,1055.5,0,0,1143.0,1,2022-23,19.4,112.7,112.5,112.5,110.2,111.1,111.1,2.6,1.3,1.3,0.074,1.43,11.9,0.013,0.109,0.062,8.3,8.3,0.596,0.61,0.162,0.167,100.8,100.5,83.75,100.5,0.072,3180,2.8,6.4
203507,Giannis Antetokounmpo,Giannis,1610612749,MIL,28.0,63,47,16,0.746,2023.615,707,1278,0.553,47,171,0.275,498,772,0.645,137,605,742,359,246,52,51,82,197,570,1959,341,3450.9,46,6,3313.0,1,2022-23,32.1,115.9,116.4,116.4,109.0,109.2,109.2,6.9,7.2,7.2,0.314,1.46,16.2,0.065,0.268,0.171,11.1,11.1,0.572,0.605,0.373,0.383,103.94,103.63,86.36,103.63,0.204,4380,11.2,20.3
1629048,Goga Bitadze,Goga,1610612753,ORL,23.0,38,13,25,0.342,456.8016666666667,69,125,0.552,6,26,0.231,23,42,0.548,61,76,137,39,22,16,26,11,64,45,167,26,493.9,2,0,433.0,2,2022-23,12.0,107.3,109.2,109.2,107.0,105.4,105.4,0.3,3.7,3.7,0.122,1.77,19.0,0.123,0.167,0.144,10.7,10.8,0.576,0.582,0.147,0.151,100.43,100.3,83.58,100.3,0.105,950,1.8,3.3
201609,Goran Dragic,Goran,1610612749,MIL,37.0,58,27,31,0.466,870.015,141,335,0.421,52,145,0.359,31,45,0.689,16,65,81,151,63,13,4,15,65,43,365,5,676.7,0,0,683.0,2,2022-23,15.0,111.2,111.6,111.6,112.1,112.2,112.2,-1.0,-0.6,-0.6,0.237,2.4,26.5,0.018,0.075,0.047,11.1,11.1,0.499,0.514,0.198,0.203,103.4,103.2,86.0,103.2,0.073,1878,2.4,5.8
202330,Gordon Hayward,Gordon,1610612766,CHA,33.0,50,20,30,0.4,1576.9016666666666,276,581,0.475,52,160,0.325,129,159,0.811,33,182,215,206,99,42,12,19,70,143,733,-108,1363.0,2,0,1314.0,1,2022-23,31.5,107.6,108.4,108.4,110.6,111.7,111.7,-2.9,-3.3,-3.3,0.187,2.08,21.7,0.02,0.112,0.065,10.4,10.4,0.52,0.563,0.196,0.2,103.89,103.01,85.84,103.01,0.101,3386,5.5,11.6
203476,Gorgui Dieng,Gorgui,1610612759,SAS,33.0,31,3,28,0.097,358.11333333333334,45,117,0.385,21,75,0.28,10,13,0.769,27,80,107,53,32,4,14,5,57,23,121,-152,350.9,2,0,338.0,1,2022-23,11.6,99.0,99.6,99.6,120.1,118.2,118.2,-21.1,-18.6,-18.6,0.221,1.66,25.5,0.063,0.22,0.135,15.4,15.4,0.474,0.493,0.177,0.181,102.61,103.07,85.89,103.07,0.076,765,1.5,3.8
1629684,Grant Williams,Grant,1610612738,BOS,24.0,79,55,24,0.696,2044.7616666666668,216,476,0.454,115,291,0.395,94,122,0.77,87,276,363,131,82,41,31,22,192,127,641,206,1407.1,3,0,1394.0,1,2022-23,25.9,114.1,114.9,114.9,109.1,109.0,109.0,5.0,5.9,5.9,0.086,1.6,17.7,0.042,0.134,0.088,11.1,11.0,0.575,0.605,0.128,0.131,99.96,99.67,83.06,99.67,0.069,4227,2.7,6.0
1628960,Grayson Allen,Grayson,1610612749,MIL,27.0,72,53,19,0.736,1972.1366666666668,245,557,0.44,146,366,0.399,114,126,0.905,61,176,237,163,72,62,14,22,117,121,750,227,1434.9,0,0,1448.0,1,2022-23,27.4,113.8,113.9,113.9,108.8,109.1,109.1,5.1,4.9,4.9,0.107,2.26,19.4,0.03,0.082,0.057,8.6,8.5,0.571,0.612,0.143,0.147,102.74,102.56,85.47,102.56,0.078,4224,3.4,7.7
1630535,Greg Brown III,Greg,1610612757,POR,21.0,16,10,6,0.625,93.09166666666668,11,28,0.393,1,7,0.143,5,12,0.417,2,17,19,3,6,4,5,4,13,7,28,-5,76.3,0,0,69.0,1,2022-23,5.8,89.8,89.2,89.2,94.7,92.6,92.6,-5.0,-3.4,-3.4,0.055,0.5,7.1,0.019,0.175,0.094,14.3,14.2,0.411,0.421,0.17,0.179,103.16,104.67,87.23,104.67,0.047,204,0.7,1.8
1628977,Hamidou Diallo,Hamidou,1610612765,DET,24.0,56,12,44,0.214,995.865,215,375,0.573,5,21,0.238,87,148,0.588,57,137,194,55,71,53,16,19,124,117,522,-16,973.3,0,0,914.0,1,2022-23,17.8,109.5,108.9,108.9,109.8,109.5,109.5,-0.3,-0.6,-0.6,0.088,0.77,9.7,0.056,0.136,0.096,12.6,12.5,0.58,0.593,0.21,0.217,102.65,103.05,85.88,103.05,0.1,2137,3.8,6.7
203084,Harrison Barnes,Harrison,1610612758,SAC,31.0,82,48,34,0.585,2662.0383333333334,374,791,0.473,132,353,0.374,350,413,0.847,87,279,366,128,86,57,10,31,103,290,1230,255,1976.2,0,0,1990.0,1,2022-23,32.5,119.3,120.0,120.0,114.5,115.2,115.2,4.7,4.8,4.8,0.063,1.49,10.8,0.034,0.107,0.07,7.2,7.2,0.556,0.632,0.168,0.171,102.3,101.7,84.75,101.7,0.088,5634,4.6,9.6
1629312,Haywood Highsmith,Haywood,1610612748,MIA,26.0,54,28,26,0.519,969.4,93,216,0.431,37,109,0.339,13,28,0.464,57,131,188,43,45,36,17,10,82,30,236,-103,640.1,2,0,610.0,1,2022-23,18.0,105.2,104.8,104.8,108.0,110.0,110.0,-2.8,-5.2,-5.2,0.065,0.96,13.6,0.055,0.135,0.094,14.2,14.2,0.516,0.517,0.121,0.124,99.04,98.29,81.91,98.29,0.058,1985,1.7,4.0
1630529,Herbert Jones,Herbert,1610612740,NOP,24.0,66,31,35,0.47,1950.53,235,501,0.469,56,167,0.335,123,161,0.764,97,172,269,162,88,103,42,34,208,142,649,150,1561.8,0,0,1426.0,1,2022-23,29.6,114.4,115.8,115.8,110.7,111.8,111.8,3.7,3.9,3.9,0.108,1.84,19.7,0.051,0.089,0.07,10.7,10.7,0.525,0.567,0.144,0.146,100.39,99.3,82.75,99.3,0.068,4031,3.6,7.6
1630193,Immanuel Quickley,Immanuel,1610612752,NYK,24.0,81,47,34,0.58,2344.105,419,936,0.448,168,454,0.37,203,248,0.819,58,279,337,279,100,80,14,31,166,175,1209,318,2213.9,4,0,2181.0,1,2022-23,28.9,113.1,114.3,114.3,106.5,108.1,108.1,6.6,6.2,6.2,0.178,2.79,19.8,0.024,0.11,0.068,7.1,7.0,0.537,0.578,0.203,0.21,99.35,98.08,81.74,98.08,0.118,4799,5.2,11.6
1630171,Isaac Okoro,Isaac,1610612739,CLE,22.0,76,48,28,0.632,1652.5666666666666,175,354,0.494,62,171,0.363,78,103,0.757,52,135,187,87,42,56,30,16,158,79,490,126,1060.9,0,0,998.0,1,2022-23,21.7,114.8,114.5,114.5,108.4,109.0,109.0,6.3,5.4,5.4,0.07,2.07,16.5,0.033,0.085,0.06,8.0,7.9,0.582,0.614,0.117,0.12,98.46,98.32,81.93,98.32,0.06,3359,2.3,4.7
1628392,Isaiah Hartenstein,Isaiah,1610612752,NYK,25.0,82,47,35,0.573,1628.2166666666667,175,327,0.535,8,37,0.216,48,71,0.676,209,327,536,102,66,53,64,17,213,70,406,151,1487.2,2,0,1286.0,1,2022-23,19.9,114.4,114.6,114.6,110.0,110.2,110.2,4.4,4.4,4.4,0.083,1.55,19.5,0.122,0.192,0.157,12.6,12.5,0.547,0.567,0.107,0.11,100.45,100.25,83.54,100.25,0.087,3401,2.1,4.0
1630543,Isaiah Jackson,Isaiah,1610612754,IND,21.0,63,24,39,0.381,1042.2933333333333,179,318,0.563,2,14,0.143,95,146,0.651,113,169,282,51,51,31,93,30,154,117,455,-124,1190.9,5,0,1038.0,1,2022-23,16.5,108.5,109.5,109.5,114.0,115.2,115.2,-5.5,-5.6,-5.6,0.071,1.0,10.5,0.1,0.159,0.128,10.5,10.5,0.566,0.595,0.165,0.169,105.38,104.33,86.94,104.33,0.093,2267,2.8,5.0
1630198,Isaiah Joe,Isaiah,1610612760,OKC,23.0,73,36,37,0.493,1395.3466666666666,224,508,0.441,161,394,0.409,82,100,0.82,27,148,175,88,39,48,8,11,105,102,691,213,1162.0,0,0,1227.0,1,2022-23,19.1,117.0,117.3,117.3,113.0,112.2,112.2,3.9,5.1,5.1,0.087,2.26,13.1,0.018,0.108,0.062,5.8,5.7,0.599,0.626,0.17,0.177,103.22,103.42,86.19,103.42,0.093,3033,3.1,7.0
1630587,Isaiah Livers,Isaiah,1610612765,DET,24.0,52,10,42,0.192,1198.736666666667,120,288,0.417,74,203,0.365,32,39,0.821,28,115,143,41,30,28,28,7,103,35,346,-202,717.1,1,0,716.0,1,2022-23,23.1,107.1,107.9,107.9,114.8,115.6,115.6,-7.8,-7.8,-7.8,0.048,1.37,11.0,0.023,0.096,0.059,8.0,8.0,0.545,0.567,0.117,0.121,100.21,99.5,82.92,99.5,0.053,2481,2.3,5.5
1630600,Isaiah Mobley,Isaiah,1610612739,CLE,23.0,12,8,4,0.667,84.24,12,28,0.429,3,8,0.375,4,4,1.0,4,16,20,3,1,4,3,2,8,3,31,31,79.5,0,0,71.0,1,2022-23,7.0,108.1,105.9,105.9,87.3,86.1,86.1,20.8,19.8,19.8,0.054,3.0,8.8,0.053,0.174,0.119,2.9,3.0,0.482,0.521,0.166,0.17,96.09,97.72,81.43,97.72,0.111,170,1.0,2.3
1629676,Isaiah Roby,Isaiah,1610612752,NYK,25.0,42,9,33,0.214,473.6283333333333,67,155,0.432,18,60,0.3,20,41,0.488,21,87,108,38,31,18,7,7,53,37,172,-110,402.6,0,0,386.0,1,2022-23,11.3,101.9,102.5,102.5,114.4,112.9,112.9,-12.5,-10.4,-10.4,0.114,1.23,15.8,0.04,0.188,0.11,12.9,12.8,0.49,0.497,0.173,0.178,103.72,104.03,86.69,104.03,0.07,1025,1.6,3.7
1630191,Isaiah Stewart,Isaiah,1610612765,DET,22.0,50,12,38,0.24,1414.0583333333334,195,441,0.442,67,205,0.327,110,149,0.738,115,288,403,70,68,20,34,20,133,120,567,-226,1249.6,13,0,1215.0,1,2022-23,28.3,107.8,108.9,108.9,116.3,116.9,116.9,-8.5,-8.0,-8.0,0.073,1.03,10.8,0.078,0.202,0.138,10.5,10.5,0.518,0.56,0.17,0.172,102.02,101.24,84.37,101.24,0.091,2988,3.9,8.8
1630225,Isaiah Todd,Isaiah,1610612764,WAS,21.0,6,2,4,0.333,61.4,3,19,0.158,1,10,0.1,2,2,1.0,2,10,12,4,2,1,0,1,4,1,9,-7,30.4,0,0,28.0,1,2022-23,10.2,99.3,97.1,97.1,107.1,103.7,103.7,-7.7,-6.7,-6.7,0.087,2.0,15.4,0.027,0.152,0.086,7.7,7.7,0.184,0.226,0.143,0.146,102.69,105.54,87.95,105.54,0.012,136,0.5,3.2
202397,Ish Smith,Ish,1610612743,DEN,34.0,43,25,18,0.581,397.90833333333336,52,131,0.397,2,12,0.167,2,4,0.5,5,49,54,100,44,8,7,6,33,11,108,-36,323.8,0,0,294.0,1,2022-23,9.3,104.0,102.3,102.3,108.5,107.5,107.5,-4.5,-5.3,-5.3,0.352,2.27,36.1,0.014,0.116,0.068,15.9,15.9,0.405,0.407,0.187,0.196,99.91,101.21,84.34,101.21,0.072,843,1.2,3.0
1630688,Ish Wainright,Ish,1610612756,PHX,28.0,60,33,27,0.55,915.1266666666668,84,227,0.37,57,173,0.329,26,31,0.839,45,94,139,53,22,38,22,8,117,32,251,92,655.3,0,0,620.0,1,2022-23,15.3,112.8,112.7,112.7,106.8,106.6,106.6,5.9,6.1,6.1,0.075,2.41,16.8,0.045,0.097,0.071,7.0,7.0,0.496,0.522,0.117,0.12,101.28,101.42,84.51,101.42,0.051,1922,1.4,3.8
1627826,Ivica Zubac,Ivica,1610612746,LAC,26.0,76,43,33,0.566,2169.41,326,514,0.634,0,2,0.0,166,238,0.697,236,520,756,77,117,29,98,46,219,215,818,-33,2104.7,27,0,1905.0,1,2022-23,28.5,112.3,112.8,112.8,112.5,113.4,113.4,-0.2,-0.6,-0.6,0.05,0.66,9.4,0.114,0.238,0.178,14.3,14.4,0.634,0.661,0.149,0.15,98.97,98.37,81.98,98.37,0.109,4443,4.3,6.8
1631120,JD Davison,JD,1610612738,BOS,20.0,12,11,1,0.917,65.70666666666666,8,19,0.421,2,7,0.286,1,2,0.5,2,7,9,11,4,2,2,1,5,2,19,-6,54.3,0,0,49.0,1,2022-23,5.5,107.0,102.9,102.9,110.8,108.7,108.7,-3.8,-5.8,-5.8,0.234,2.75,31.4,0.033,0.093,0.067,11.4,11.5,0.474,0.478,0.157,0.165,98.62,101.54,84.62,101.54,0.069,140,0.7,1.6
1630550,JT Thor,JT,1610612766,CHA,20.0,69,22,47,0.319,968.775,95,238,0.399,39,123,0.317,33,47,0.702,36,116,152,36,44,22,23,13,66,37,262,-163,589.4,0,0,579.0,1,2022-23,14.0,103.6,102.7,102.7,110.4,110.2,110.2,-6.8,-7.5,-7.5,0.054,0.82,10.6,0.035,0.115,0.075,13.0,13.0,0.481,0.506,0.13,0.134,101.91,102.44,85.37,102.44,0.051,2064,1.4,3.4
1629630,Ja Morant,Ja,1610612763,MEM,23.0,61,40,21,0.656,1948.3483333333331,566,1214,0.466,92,300,0.307,372,497,0.748,61,296,357,493,206,66,16,84,100,380,1596,302,2803.9,20,7,2702.0,1,2022-23,31.9,113.2,115.8,115.8,107.0,108.5,108.5,6.2,7.3,7.3,0.412,2.39,23.2,0.029,0.139,0.084,9.7,9.7,0.504,0.557,0.338,0.343,104.39,102.51,85.43,102.51,0.175,4160,9.3,19.9
203210,JaMychal Green,JaMychal,1610612744,GSW,33.0,57,30,27,0.526,796.7,136,252,0.54,42,111,0.378,52,67,0.776,72,133,205,51,52,25,23,14,105,55,366,-156,780.5,0,0,760.0,1,2022-23,14.0,108.7,108.3,108.3,115.9,116.4,116.4,-7.2,-8.2,-8.2,0.094,0.98,13.3,0.087,0.164,0.125,13.5,13.5,0.623,0.65,0.169,0.174,105.28,105.25,87.71,105.25,0.097,1741,2.4,4.4
201580,JaVale McGee,JaVale,1610612742,DAL,35.0,42,20,22,0.476,354.54,80,125,0.64,2,5,0.4,24,41,0.585,30,77,107,11,36,4,26,8,54,39,186,-57,384.9,0,0,366.0,1,2022-23,8.4,106.3,106.1,106.1,112.3,113.4,113.4,-6.0,-7.3,-7.3,0.051,0.31,5.8,0.086,0.199,0.145,18.9,18.9,0.648,0.65,0.214,0.22,102.61,102.22,85.18,102.22,0.105,754,1.9,3.0
1631095,Jabari Smith Jr.,Jabari,1610612745,HOU,20.0,79,21,58,0.266,2450.5466666666666,364,892,0.408,120,391,0.307,162,206,0.786,122,447,569,101,104,43,74,35,227,156,1010,-555,2091.3,16,0,2034.0,1,2022-23,31.0,107.2,109.1,109.1,119.5,120.4,120.4,-12.3,-11.3,-11.3,0.059,0.97,8.5,0.047,0.18,0.112,8.7,8.8,0.475,0.514,0.183,0.185,101.61,100.35,83.62,100.35,0.077,5133,4.6,11.3
1631133,Jabari Walker,Jabari,1610612757,POR,20.0,56,21,35,0.375,619.1633333333333,83,198,0.419,16,56,0.286,34,45,0.756,48,83,131,34,29,10,13,13,69,39,216,-115,464.2,0,0,443.0,1,2022-23,11.1,104.9,104.8,104.8,114.8,113.8,113.8,-9.9,-9.0,-9.0,0.08,1.17,12.1,0.074,0.135,0.104,10.3,10.3,0.46,0.496,0.164,0.17,102.53,103.03,85.86,103.03,0.06,1331,1.5,3.5
1631298,Jack White,Jack,1610612743,DEN,25.0,17,13,4,0.765,66.03333333333333,8,19,0.421,3,9,0.333,2,3,0.667,6,11,17,4,2,3,2,2,9,2,21,-17,60.4,0,0,55.0,1,2022-23,3.9,96.3,90.4,90.4,107.8,104.5,104.5,-11.5,-14.1,-14.1,0.093,2.0,15.4,0.086,0.177,0.129,7.7,7.6,0.5,0.517,0.133,0.15,92.88,97.41,81.17,97.41,0.087,135,0.5,1.1
1631367,Jacob Gilyard,Jacob,1610612763,MEM,24.0,1,0,1,0.0,40.78333333333333,1,3,0.333,1,3,0.333,0,0,0.0,0,4,4,7,2,3,0,0,3,0,3,-13,25.3,0,0,21.0,1,2022-23,40.8,102.4,101.1,101.1,110.9,116.1,116.1,-8.5,-14.9,-14.9,0.212,3.5,58.3,0.0,0.095,0.044,16.7,16.7,0.5,0.5,0.052,0.053,104.14,102.39,85.33,102.39,0.056,87,1.0,3.0
1630702,Jaden Hardy,Jaden,1610612742,DAL,20.0,48,20,28,0.417,708.39,146,333,0.438,63,156,0.404,65,79,0.823,11,78,89,65,46,17,7,30,64,61,420,-32,650.3,0,0,685.0,1,2022-23,14.8,112.9,112.5,112.5,115.9,115.6,115.6,-3.1,-3.1,-3.1,0.147,1.41,13.6,0.015,0.106,0.061,9.6,9.6,0.533,0.571,0.248,0.256,101.06,101.37,84.47,101.37,0.09,1502,3.0,6.9
1631093,Jaden Ivey,Jaden,1610612765,DET,21.0,74,16,58,0.216,2304.3166666666666,409,983,0.416,120,350,0.343,266,356,0.747,73,215,288,387,237,61,17,87,242,318,1204,-642,2127.1,8,0,2155.0,1,2022-23,31.1,105.6,107.1,107.1,119.0,120.1,120.1,-13.5,-13.0,-13.0,0.269,1.63,21.9,0.03,0.094,0.062,13.4,13.4,0.477,0.528,0.251,0.254,101.72,100.5,83.75,100.5,0.081,4818,5.5,13.3
1630183,Jaden McDaniels,Jaden,1610612750,MIN,22.0,79,41,38,0.519,2416.488333333333,370,716,0.517,107,269,0.398,106,144,0.736,92,215,307,148,112,74,76,29,272,125,953,70,1881.4,0,0,1815.0,1,2022-23,30.6,112.3,113.6,113.6,110.2,111.6,111.6,2.0,2.0,2.0,0.082,1.32,14.3,0.039,0.086,0.063,10.8,10.8,0.591,0.611,0.156,0.159,102.45,101.2,84.34,101.2,0.069,5080,4.7,9.1
1630531,Jaden Springer,Jaden,1610612755,PHI,20.0,16,13,3,0.813,89.26666666666667,17,35,0.486,2,5,0.4,6,8,0.75,6,8,14,8,3,7,3,3,15,4,42,-3,97.8,0,0,86.0,1,2022-23,5.6,111.8,108.8,108.8,108.7,110.9,110.9,3.1,-2.1,-2.1,0.129,2.67,16.0,0.063,0.091,0.077,6.0,6.1,0.514,0.545,0.188,0.195,103.64,104.05,86.71,104.05,0.085,194,1.1,2.2
203109,Jae Crowder,Jae,1610612749,MIL,32.0,18,13,5,0.722,339.7083333333333,45,94,0.479,24,55,0.436,10,12,0.833,17,52,69,27,7,12,6,2,27,9,124,0,294.3,0,0,280.0,1,2022-23,18.9,112.2,111.0,111.0,109.7,111.8,111.8,2.5,-0.8,-0.8,0.102,3.86,20.3,0.046,0.134,0.092,5.3,5.3,0.606,0.624,0.125,0.13,105.1,104.63,87.19,104.63,0.096,743,2.5,5.2
1630256,Jae'Sean Tate,Jae'Sean,1610612745,HOU,27.0,31,7,24,0.226,677.4883333333333,110,229,0.48,13,46,0.283,50,69,0.725,41,77,118,84,47,21,7,25,106,67,283,-94,587.6,0,0,554.0,1,2022-23,21.9,105.8,107.5,107.5,114.9,114.8,114.8,-9.1,-7.3,-7.3,0.184,1.79,21.5,0.054,0.114,0.082,12.1,12.0,0.509,0.546,0.178,0.184,101.97,101.14,84.28,101.14,0.076,1432,3.5,7.4
1631222,Jake LaRavia,Jake,1610612763,MEM,21.0,35,22,13,0.629,414.2866666666667,37,95,0.389,24,71,0.338,7,9,0.778,19,44,63,21,18,12,4,4,49,9,105,-78,242.1,0,0,245.0,1,2022-23,11.8,107.4,106.4,106.4,114.1,113.9,113.9,-6.7,-7.6,-7.6,0.068,1.17,15.2,0.044,0.1,0.072,13.0,13.0,0.516,0.531,0.117,0.12,101.86,102.42,85.35,102.42,0.04,879,1.1,2.7
1627751,Jakob Poeltl,Jakob,1610612761,TOR,27.0,72,26,46,0.361,1906.125,389,618,0.629,0,1,0.0,119,201,0.592,236,417,653,197,125,66,86,34,195,192,897,-146,2307.1,19,0,2051.0,2,2022-23,26.5,110.4,112.4,112.4,114.9,115.5,115.5,-4.5,-3.1,-3.1,0.146,1.58,19.2,0.117,0.24,0.174,12.2,12.2,0.629,0.635,0.18,0.182,101.7,100.54,83.78,100.54,0.13,3983,5.4,8.6
1628973,Jalen Brunson,Jalen,1610612752,NYK,26.0,68,40,28,0.588,2378.6716666666666,587,1195,0.491,134,322,0.416,325,392,0.829,40,201,241,421,142,61,15,51,152,389,1633,152,2639.7,5,0,2581.0,1,2022-23,35.0,117.5,119.2,119.2,115.1,117.1,117.1,2.3,2.1,2.1,0.28,2.96,22.0,0.016,0.085,0.05,7.4,7.4,0.547,0.597,0.266,0.273,99.21,97.64,81.36,97.64,0.138,4860,8.6,17.6
1631105,Jalen Duren,Jalen,1610612765,DET,19.0,67,16,51,0.239,1670.145,258,398,0.648,0,2,0.0,96,157,0.611,229,366,595,75,92,44,59,35,182,125,612,-279,1655.5,19,0,1488.0,1,2022-23,24.9,107.1,108.0,108.0,115.4,116.2,116.2,-8.3,-8.3,-8.3,0.069,0.82,11.8,0.13,0.221,0.174,14.5,14.5,0.648,0.655,0.139,0.142,101.08,100.27,83.56,100.27,0.116,3493,3.9,5.9
1630224,Jalen Green,Jalen,1610612745,HOU,21.0,76,20,56,0.263,2602.155,566,1359,0.416,187,554,0.338,364,463,0.786,43,241,284,281,200,59,18,105,131,312,1683,-447,2476.3,0,0,2589.0,1,2022-23,34.2,109.2,111.2,111.2,119.1,120.0,120.0,-9.9,-8.7,-8.7,0.169,1.41,13.9,0.016,0.093,0.053,9.9,9.8,0.485,0.538,0.274,0.281,101.96,100.64,83.87,100.64,0.096,5469,7.4,17.9
1630552,Jalen Johnson,Jalen,1610612737,ATL,21.0,70,35,35,0.5,1041.6016666666667,158,322,0.491,30,104,0.288,49,78,0.628,51,231,282,83,41,38,34,24,113,56,395,-10,1032.9,1,0,934.0,1,2022-23,14.9,111.5,111.1,111.1,111.0,110.8,110.8,0.5,0.3,0.3,0.106,2.02,17.3,0.047,0.214,0.131,8.6,8.5,0.537,0.554,0.156,0.161,103.06,103.32,86.1,103.32,0.099,2234,2.3,4.6
1629667,Jalen McDaniels,Jalen,1610612755,PHI,25.0,80,31,49,0.388,1912.8533333333328,281,617,0.455,77,232,0.332,116,138,0.841,63,283,346,130,93,83,34,39,209,126,755,-149,1623.2,3,0,1542.0,2,2022-23,23.9,110.3,110.5,110.5,113.0,113.9,113.9,-2.7,-3.4,-3.4,0.094,1.4,14.5,0.031,0.145,0.087,10.4,10.3,0.518,0.557,0.165,0.17,102.99,102.48,85.4,102.48,0.08,4079,3.5,7.7
1630188,Jalen Smith,Jalen,1610612754,IND,23.0,68,31,37,0.456,1278.825,242,508,0.476,54,191,0.283,104,137,0.759,129,265,394,66,72,21,60,39,153,144,642,-95,1384.8,7,0,1318.0,1,2022-23,18.8,109.6,111.4,111.4,115.8,115.3,115.3,-6.2,-3.8,-3.8,0.076,0.92,9.4,0.093,0.201,0.146,10.2,10.2,0.53,0.565,0.201,0.206,104.15,103.54,86.28,103.54,0.099,2763,3.6,7.5
1630591,Jalen Suggs,Jalen,1610612753,ORL,22.0,53,20,33,0.377,1245.865,186,444,0.419,66,202,0.327,86,119,0.723,55,106,161,155,94,67,27,29,120,130,524,-40,1137.7,0,0,1094.0,1,2022-23,23.5,108.0,109.7,109.7,109.8,111.0,111.0,-1.8,-1.3,-1.3,0.179,1.65,20.9,0.044,0.083,0.063,12.7,12.6,0.493,0.528,0.196,0.201,103.08,101.73,84.78,101.73,0.077,2638,3.5,8.4
1631114,Jalen Williams,Jalen,1610612760,OKC,22.0,75,36,39,0.48,2275.5916666666667,414,794,0.521,73,205,0.356,155,191,0.812,84,253,337,248,123,103,35,52,191,163,1056,-53,2123.4,3,0,1990.0,1,2022-23,30.3,111.2,111.6,111.6,111.9,112.6,112.6,-0.7,-1.0,-1.0,0.152,2.02,19.9,0.035,0.109,0.071,9.9,9.8,0.567,0.601,0.18,0.184,104.02,103.46,86.22,103.46,0.102,4903,5.5,10.6
1631288,Jamal Cain,Jamal,1610612748,MIA,24.0,18,10,8,0.556,240.04666666666665,37,66,0.561,7,20,0.35,17,22,0.773,15,37,52,12,6,11,1,2,21,15,98,22,208.4,0,0,193.0,1,2022-23,13.3,109.1,108.0,108.0,102.2,102.5,102.5,6.9,5.5,5.5,0.076,2.0,12.9,0.064,0.142,0.105,6.5,6.4,0.614,0.647,0.139,0.145,102.43,102.78,85.65,102.78,0.114,511,2.1,3.7
1627750,Jamal Murray,Jamal,1610612743,DEN,26.0,65,43,22,0.662,2133.385,473,1041,0.454,172,432,0.398,180,216,0.833,48,209,257,400,145,66,16,35,103,179,1298,300,2307.4,5,1,2291.0,1,2022-23,32.8,118.3,118.9,118.9,111.6,112.5,112.5,6.7,6.4,6.4,0.265,2.76,23.9,0.024,0.099,0.062,8.7,8.6,0.537,0.571,0.256,0.262,99.82,99.13,82.61,99.13,0.121,4413,7.3,16.0
1631123,Jamaree Bouyea,Jamaree,1610612748,MIA,24.0,5,2,3,0.4,70.53833333333333,6,14,0.429,2,6,0.333,1,2,0.5,1,5,6,4,4,4,2,1,6,1,15,-17,42.2,0,0,39.0,2,2022-23,14.1,106.2,106.5,106.5,120.2,119.7,119.7,-14.0,-13.2,-13.2,0.091,1.0,17.4,0.016,0.086,0.049,17.4,17.5,0.5,0.504,0.12,0.126,93.5,93.57,77.97,93.57,0.039,138,1.2,2.8
1630547,James Bouknight,James,1610612766,CHA,22.0,34,9,25,0.265,515.4666666666667,69,193,0.358,33,109,0.303,20,30,0.667,8,64,72,41,32,14,5,13,49,28,191,-97,363.9,0,0,375.0,1,2022-23,15.2,101.4,102.6,102.6,109.9,110.9,110.9,-8.4,-8.3,-8.3,0.117,1.28,14.6,0.015,0.116,0.066,11.4,11.5,0.443,0.463,0.192,0.195,103.34,102.25,85.2,102.25,0.05,1095,2.0,5.7
201935,James Harden,James,1610612755,PHI,33.0,58,39,19,0.672,2135.005,371,842,0.441,161,418,0.385,313,361,0.867,40,314,354,618,195,71,31,52,112,267,1216,277,2678.8,36,5,2553.0,1,2022-23,36.8,118.0,119.4,119.4,111.2,113.3,113.3,6.9,6.1,6.1,0.439,3.17,34.4,0.021,0.151,0.088,10.9,10.8,0.536,0.607,0.247,0.255,97.55,96.11,80.09,96.11,0.159,4282,6.4,14.5
201949,James Johnson,James,1610612754,IND,36.0,18,7,11,0.389,162.35833333333332,22,49,0.449,3,15,0.2,4,8,0.5,4,26,30,15,8,7,6,3,32,6,51,-7,140.5,0,0,125.0,1,2022-23,9.0,103.0,102.8,102.8,106.6,103.9,103.9,-3.7,-1.1,-1.1,0.135,1.88,19.7,0.022,0.173,0.091,10.5,10.6,0.48,0.486,0.152,0.156,103.13,104.51,87.09,104.51,0.055,352,1.2,2.7
1630164,James Wiseman,James,1610612765,DET,22.0,45,11,34,0.244,867.1866666666666,189,339,0.558,4,20,0.2,68,97,0.701,73,194,267,30,51,7,27,23,108,77,450,-327,866.4,8,0,819.0,2,2022-23,19.3,104.7,104.7,104.7,120.9,121.9,121.9,-16.3,-17.2,-17.2,0.057,0.59,6.5,0.084,0.231,0.156,11.0,11.0,0.563,0.589,0.212,0.216,101.68,101.29,84.41,101.29,0.104,1825,4.2,7.5
1630215,Jared Butler,Jared,1610612760,OKC,22.0,6,3,3,0.5,76.52833333333334,15,32,0.469,7,14,0.5,0,0,0.0,1,3,4,8,5,5,0,4,5,3,37,-1,63.8,0,0,66.0,1,2022-23,12.8,104.9,106.2,106.2,106.4,103.6,103.6,-1.4,2.6,2.6,0.16,1.6,17.8,0.013,0.034,0.024,11.1,11.1,0.578,0.578,0.208,0.211,101.84,102.55,85.46,102.55,0.085,161,2.5,5.3
1631197,Jared Rhoden,Jared,1610612765,DET,23.0,14,2,12,0.143,197.87,17,44,0.386,5,20,0.25,6,6,1.0,11,26,37,4,3,4,1,5,23,6,45,21,107.4,0,0,101.0,1,2022-23,14.1,113.8,114.9,114.9,113.0,110.6,110.6,0.8,4.3,4.3,0.028,1.33,7.4,0.055,0.135,0.094,5.6,5.6,0.443,0.482,0.106,0.107,98.31,98.85,82.38,98.85,0.041,409,1.2,3.1
1628991,Jaren Jackson Jr.,Jaren,1610612763,MEM,23.0,63,41,22,0.651,1787.503333333333,416,822,0.506,100,282,0.355,241,306,0.788,108,318,426,60,107,65,189,66,227,243,1173,366,2429.2,7,0,2267.0,1,2022-23,28.4,115.8,116.4,116.4,105.3,106.6,106.6,10.4,9.8,9.8,0.048,0.56,5.3,0.058,0.159,0.11,9.5,9.5,0.567,0.613,0.243,0.247,104.2,103.3,86.09,103.3,0.125,3842,6.6,13.0
1629020,Jarred Vanderbilt,Jarred,1610612747,LAL,24.0,78,43,35,0.551,1879.7416666666663,247,451,0.548,29,90,0.322,96,139,0.691,170,412,582,184,97,83,21,30,190,140,619,-101,1808.4,10,0,1622.0,2,2022-23,24.1,114.1,114.7,114.7,115.9,116.2,116.2,-1.8,-1.5,-1.5,0.134,1.9,23.1,0.09,0.216,0.154,12.2,12.2,0.58,0.604,0.136,0.139,101.64,101.21,84.34,101.21,0.105,3946,3.2,5.8
1629714,Jarrell Brantley,Jarrell,1610612762,UTA,27.0,4,0,4,0.0,38.95,8,14,0.571,4,9,0.444,2,2,1.0,1,5,6,3,2,0,2,0,3,1,22,15,37.7,0,0,39.0,1,2022-23,9.7,107.8,111.1,111.1,96.1,94.9,94.9,11.8,16.2,16.2,0.125,1.5,15.0,0.02,0.093,0.058,10.0,10.1,0.714,0.739,0.172,0.175,99.55,98.59,82.16,98.59,0.134,81,2.0,3.5
1628386,Jarrett Allen,Jarrett,1610612739,CLE,25.0,68,44,24,0.647,2220.1116666666667,403,626,0.644,1,10,0.1,162,221,0.733,221,445,666,113,93,54,84,44,153,224,969,345,2258.7,32,0,2025.0,1,2022-23,32.6,115.9,116.5,116.5,107.8,108.8,108.8,8.1,7.7,7.7,0.073,1.22,12.1,0.107,0.21,0.159,10.0,10.0,0.645,0.67,0.162,0.164,97.36,96.62,80.52,96.62,0.134,4469,5.9,9.2
1629633,Jarrett Culver,Jarrett,1610612737,ATL,24.0,10,5,5,0.5,136.875,17,43,0.395,1,12,0.083,9,13,0.692,10,28,38,6,7,6,2,4,14,15,44,-19,115.6,0,0,105.0,1,2022-23,13.7,109.1,108.5,108.5,115.7,114.1,114.1,-6.6,-5.7,-5.7,0.055,0.86,9.7,0.065,0.219,0.135,11.3,11.3,0.407,0.452,0.164,0.167,102.85,103.8,86.5,103.8,0.068,295,1.7,4.3
1630554,Jason Preston,Jason,1610612746,LAC,23.0,14,4,10,0.286,123.76833333333332,18,41,0.439,5,18,0.278,0,2,0.0,2,20,22,27,10,2,0,0,7,2,41,-11,103.9,0,0,99.0,1,2022-23,8.8,107.6,110.0,110.0,113.4,111.6,111.6,-5.8,-1.6,-1.6,0.307,2.7,34.2,0.014,0.175,0.084,12.7,12.7,0.5,0.489,0.166,0.168,102.67,102.38,85.32,102.38,0.094,261,1.3,2.9
1629750,Javonte Green,Javonte,1610612741,CHI,29.0,32,13,19,0.406,480.25666666666666,61,108,0.565,13,35,0.371,30,45,0.667,27,61,88,23,20,24,21,8,52,38,165,48,420.1,0,0,379.0,1,2022-23,15.0,112.4,112.4,112.4,105.1,106.5,106.5,7.3,5.9,5.9,0.062,1.15,13.5,0.057,0.119,0.09,11.8,11.7,0.625,0.646,0.128,0.132,102.98,102.3,85.25,102.3,0.082,1018,1.9,3.4
1629637,Jaxson Hayes,Jaxson,1610612740,NOP,23.0,47,22,25,0.468,610.0566666666666,86,156,0.551,3,29,0.103,58,83,0.699,39,93,132,34,31,20,19,8,67,59,233,-70,528.4,0,0,480.0,1,2022-23,13.0,104.4,103.4,103.4,108.9,108.8,108.8,-4.6,-5.4,-5.4,0.088,1.1,13.2,0.058,0.153,0.104,12.1,12.0,0.561,0.605,0.149,0.156,101.72,102.29,85.24,102.29,0.09,1300,1.8,3.3
1630643,Jay Huff,Jay,1610612764,WAS,25.0,7,2,5,0.286,94.93333333333334,15,25,0.6,6,12,0.5,15,16,0.938,6,15,21,10,5,3,4,0,15,11,51,-7,107.2,0,0,102.0,1,2022-23,13.6,117.2,117.5,117.5,118.4,118.5,118.5,-1.2,-1.1,-1.1,0.135,2.0,21.3,0.06,0.153,0.106,10.6,10.6,0.72,0.796,0.155,0.158,108.35,108.2,90.17,108.2,0.116,212,2.1,3.6
1630206,Jay Scrubb,Jay,1610612753,ORL,22.0,2,1,1,0.5,30.116666666666667,5,7,0.714,2,2,1.0,1,2,0.5,0,6,6,1,3,2,0,2,2,1,13,-16,24.7,0,0,26.0,1,2022-23,15.1,96.7,98.5,98.5,130.0,127.0,127.0,-33.3,-28.5,-28.5,0.056,0.33,8.3,0.0,0.3,0.128,25.0,25.3,0.857,0.825,0.151,0.155,101.75,102.0,85.0,102.0,0.104,65,2.5,3.5
1627759,Jaylen Brown,Jaylen,1610612738,BOS,26.0,67,46,21,0.687,2404.918333333333,679,1383,0.491,163,487,0.335,263,344,0.765,78,381,459,232,197,75,26,77,172,272,1784,256,2788.8,13,0,2840.0,1,2022-23,35.9,115.2,116.6,116.6,109.9,111.2,111.2,5.3,5.4,5.4,0.163,1.18,11.9,0.032,0.152,0.093,10.1,10.0,0.55,0.581,0.307,0.312,101.72,100.51,83.76,100.51,0.132,5030,10.1,20.6
1629669,Jaylen Nowell,Jaylen,1610612750,MIN,23.0,65,34,31,0.523,1251.695,280,625,0.448,67,232,0.289,77,99,0.778,36,134,170,132,65,42,5,38,101,81,704,-8,1182.0,0,0,1167.0,1,2022-23,19.3,110.8,111.2,111.2,111.3,111.3,111.3,-0.5,0.0,0.0,0.156,2.03,15.3,0.028,0.107,0.067,7.6,7.5,0.502,0.527,0.238,0.246,105.23,105.04,87.53,105.04,0.095,2736,4.3,9.6
1631119,Jaylin Williams,Jaylin,1610612760,OKC,21.0,49,23,26,0.469,914.1583333333332,102,234,0.436,46,113,0.407,38,54,0.704,44,197,241,76,37,28,12,17,111,93,288,-90,774.2,0,0,731.0,1,2022-23,18.7,110.3,111.1,111.1,115.3,115.7,115.7,-5.0,-4.6,-4.6,0.109,2.05,20.5,0.045,0.23,0.131,10.0,10.0,0.534,0.559,0.133,0.135,102.77,102.18,85.15,102.18,0.08,1946,2.1,4.8
1628369,Jayson Tatum,Jayson,1610612738,BOS,25.0,74,52,22,0.703,2732.1966666666667,727,1559,0.466,240,686,0.35,531,622,0.854,78,571,649,342,213,78,51,58,160,401,2225,470,3690.8,31,1,3714.0,1,2022-23,36.9,118.2,119.2,119.2,109.5,110.8,110.8,8.7,8.5,8.5,0.205,1.61,14.5,0.029,0.2,0.117,9.0,8.9,0.543,0.607,0.319,0.327,100.77,99.76,83.13,99.76,0.167,5674,9.8,21.1
1630288,Jeff Dowtin Jr.,Jeff,1610612761,TOR,26.0,25,17,8,0.68,258.70166666666665,25,57,0.439,5,16,0.313,6,9,0.667,6,17,23,31,5,9,3,3,13,8,61,-9,166.1,0,0,144.0,1,2022-23,10.3,111.3,112.7,112.7,112.7,113.3,113.3,-1.4,-0.6,-0.6,0.154,6.2,32.3,0.022,0.069,0.044,5.2,5.2,0.482,0.5,0.106,0.11,97.81,96.95,80.79,96.95,0.067,520,1.0,2.3
201145,Jeff Green,Jeff,1610612743,DEN,36.0,56,33,23,0.589,1091.1166666666666,160,328,0.488,30,104,0.288,87,117,0.744,38,106,144,69,46,18,17,17,99,95,437,-193,772.3,0,0,750.0,1,2022-23,19.5,106.6,107.1,107.1,114.5,115.0,115.0,-7.9,-8.0,-8.0,0.095,1.5,13.9,0.035,0.096,0.066,9.3,9.3,0.534,0.576,0.167,0.171,99.78,99.38,82.81,99.38,0.071,2253,2.9,5.9
203924,Jerami Grant,Jerami,1610612757,POR,29.0,63,28,35,0.444,2245.525,434,913,0.475,144,359,0.401,278,342,0.813,53,230,283,150,116,51,53,54,152,278,1290,-35,2050.6,2,0,2075.0,1,2022-23,35.6,114.9,116.1,116.1,115.6,117.3,117.3,-0.7,-1.2,-1.2,0.103,1.29,11.3,0.025,0.104,0.065,8.8,8.7,0.554,0.606,0.227,0.231,100.3,99.08,82.56,99.08,0.099,4643,6.9,14.5
1630526,Jeremiah Robinson-Earl,Jeremiah,1610612760,OKC,22.0,43,16,27,0.372,813.7083333333334,110,248,0.444,37,111,0.333,35,42,0.833,71,109,180,43,19,24,11,13,71,36,292,-10,658.5,1,0,622.0,1,2022-23,18.9,113.4,112.9,112.9,112.9,113.8,113.8,0.5,-0.9,-0.9,0.069,2.26,13.0,0.082,0.129,0.105,5.8,5.8,0.518,0.548,0.143,0.146,103.84,103.67,86.39,103.67,0.076,1760,2.6,5.8
1631110,Jeremy Sochan,Jeremy,1610612759,SAS,20.0,56,15,41,0.268,1457.7,250,552,0.453,33,134,0.246,81,116,0.698,95,200,295,142,97,43,23,48,138,100,614,-235,1282.0,2,0,1216.0,1,2022-23,26.0,108.5,110.6,110.6,116.7,117.6,117.6,-8.2,-7.0,-7.0,0.132,1.46,16.9,0.06,0.14,0.098,11.5,11.5,0.483,0.509,0.195,0.198,103.78,102.37,85.31,102.37,0.074,3101,4.5,9.9
1630579,Jericho Sims,Jericho,1610612752,NYK,24.0,52,31,21,0.596,812.4033333333333,83,107,0.776,0,1,0.0,12,16,0.75,99,143,242,25,27,15,28,6,96,32,178,-113,607.9,2,0,531.0,1,2022-23,15.6,107.9,108.1,108.1,114.4,114.9,114.9,-6.6,-6.7,-6.7,0.044,0.93,15.2,0.117,0.175,0.146,16.4,16.3,0.776,0.78,0.074,0.077,97.61,97.31,81.09,97.31,0.086,1646,1.6,2.1
1628975,Jevon Carter,Jevon,1610612749,MIL,27.0,81,57,24,0.704,1811.7516666666668,239,565,0.423,142,337,0.421,31,38,0.816,35,167,202,197,78,66,29,16,158,49,651,63,1395.9,1,0,1382.0,1,2022-23,22.4,110.4,109.2,109.2,107.2,107.2,107.2,3.1,1.9,1.9,0.15,2.53,23.1,0.018,0.084,0.052,9.1,9.1,0.549,0.56,0.149,0.156,102.18,102.73,85.61,102.73,0.073,3872,3.0,7.0
202710,Jimmy Butler III,Jimmy,1610612748,MIA,33.0,64,35,29,0.547,2138.015,479,888,0.539,36,103,0.35,472,555,0.85,141,234,375,340,101,117,21,53,80,365,1466,47,2739.0,11,0,2493.0,1,2022-23,33.4,113.7,114.9,114.9,112.4,113.7,113.7,1.4,1.2,1.2,0.264,3.37,21.9,0.068,0.121,0.093,6.5,6.4,0.56,0.647,0.248,0.256,98.1,97.02,80.85,97.02,0.177,4320,7.5,13.9
1629111,Jock Landale,Jock,1610612756,PHX,27.0,69,35,34,0.507,978.4966666666668,178,337,0.528,21,84,0.25,79,105,0.752,119,161,280,68,59,16,30,22,126,104,456,141,973.0,3,0,917.0,1,2022-23,14.2,111.8,113.0,113.0,106.1,105.1,105.1,5.7,7.9,7.9,0.101,1.15,13.4,0.114,0.164,0.138,11.6,11.6,0.559,0.595,0.182,0.187,102.11,102.03,85.03,102.03,0.106,2069,2.6,4.9
203925,Joe Harris,Joe,1610612751,BKN,31.0,74,40,34,0.541,1527.175,201,440,0.457,142,333,0.426,18,28,0.643,23,141,164,101,41,34,13,22,140,22,562,-24,1010.3,0,0,1063.0,1,2022-23,20.6,111.7,112.1,112.1,112.2,113.2,113.2,-0.4,-1.0,-1.0,0.091,2.46,17.1,0.016,0.089,0.054,6.9,6.9,0.618,0.621,0.141,0.143,100.91,100.26,83.55,100.26,0.067,3194,2.7,5.9
204060,Joe Ingles,Joe,1610612749,MIL,35.0,46,32,14,0.696,1043.4983333333332,108,248,0.435,83,203,0.409,18,21,0.857,13,115,128,150,55,33,6,5,74,32,317,80,757.6,1,0,756.0,1,2022-23,22.7,115.0,114.9,114.9,112.0,112.4,112.4,3.0,2.5,2.5,0.181,2.73,32.5,0.012,0.102,0.058,11.9,11.9,0.603,0.616,0.122,0.125,104.26,104.12,86.77,104.12,0.076,2274,2.3,5.4
1630580,Joe Wieskamp,Joe,1610612761,TOR,23.0,9,6,3,0.667,49.655,3,14,0.214,3,12,0.25,0,0,0.0,0,4,4,3,1,0,0,1,3,0,9,2,17.3,0,0,19.0,1,2022-23,5.5,94.5,93.5,93.5,93.3,92.5,92.5,1.1,1.0,1.0,0.083,3.0,16.7,0.0,0.068,0.032,5.6,5.6,0.321,0.321,0.115,0.122,102.95,103.92,86.6,103.92,0.006,108,0.3,1.6
203954,Joel Embiid,Joel,1610612755,PHI,29.0,66,43,23,0.652,2284.1066666666666,728,1328,0.548,66,200,0.33,661,771,0.857,113,557,670,274,226,66,112,91,205,511,2183,424,3706.0,39,1,3549.0,1,2022-23,34.6,118.3,119.0,119.0,108.6,110.2,110.2,9.7,8.8,8.8,0.233,1.21,12.7,0.057,0.243,0.157,10.5,10.4,0.573,0.655,0.37,0.377,98.41,97.34,81.12,97.34,0.213,4639,11.0,20.1
1631219,John Butler Jr.,John,1610612757,POR,20.0,19,4,15,0.211,221.10166666666663,17,53,0.321,8,35,0.229,3,4,0.75,3,14,17,11,1,7,9,2,22,5,45,-70,128.9,0,0,113.0,1,2022-23,11.6,101.9,100.6,100.6,116.8,116.7,116.7,-14.9,-16.1,-16.1,0.066,11.0,16.7,0.012,0.065,0.036,1.5,1.5,0.396,0.411,0.102,0.108,104.21,104.97,87.47,104.97,0.024,487,0.9,2.8
1628381,John Collins,John,1610612737,ATL,25.0,71,37,34,0.521,2129.6466666666665,359,707,0.508,70,240,0.292,143,178,0.803,77,385,462,85,79,42,73,46,220,193,931,-21,1878.9,11,0,1778.0,1,2022-23,30.0,114.0,115.0,115.0,114.5,115.2,115.2,-0.4,-0.2,-0.2,0.052,1.08,9.0,0.035,0.18,0.107,8.3,8.3,0.557,0.593,0.168,0.171,103.37,102.6,85.5,102.6,0.086,4547,5.1,10.0
1629723,John Konchar,John,1610612763,MEM,27.0,72,45,27,0.625,1493.8133333333333,138,320,0.431,60,177,0.339,28,36,0.778,64,246,310,100,37,77,25,14,112,53,364,209,1155.0,2,0,1038.0,1,2022-23,20.7,113.0,114.6,114.6,106.1,107.5,107.5,6.9,7.0,7.0,0.082,2.7,21.3,0.04,0.152,0.096,7.9,7.8,0.525,0.542,0.1,0.103,104.21,102.79,85.66,102.79,0.079,3192,1.9,4.4
202322,John Wall,John,1610612746,LAC,32.0,34,15,19,0.441,754.73,138,339,0.407,33,109,0.303,77,113,0.681,14,78,92,178,80,27,12,31,59,80,386,-106,800.4,1,0,767.0,1,2022-23,22.2,105.7,105.0,105.0,110.8,111.6,111.6,-5.1,-6.6,-6.6,0.38,2.23,27.5,0.018,0.096,0.058,12.4,12.4,0.456,0.497,0.259,0.268,102.65,102.65,85.54,102.65,0.102,1614,4.1,10.0
1631098,Johnny Davis,Johnny,1610612764,WAS,21.0,28,10,18,0.357,422.575,66,171,0.386,17,70,0.243,14,27,0.519,10,55,65,28,17,10,8,9,48,19,163,-54,320.0,0,0,309.0,1,2022-23,15.1,100.6,101.7,101.7,109.0,107.9,107.9,-8.4,-6.2,-6.2,0.1,1.65,12.3,0.02,0.125,0.07,7.5,7.5,0.436,0.446,0.192,0.197,102.65,102.68,85.57,102.68,0.051,905,2.4,6.1
1630548,Johnny Juzang,Johnny,1610612762,UTA,22.0,18,6,12,0.333,232.25,35,104,0.337,15,63,0.238,2,4,0.5,8,31,39,8,3,4,3,2,13,3,87,-87,163.8,0,0,163.0,1,2022-23,12.9,99.2,97.8,97.8,115.8,115.6,115.6,-16.7,-17.7,-17.7,0.051,2.67,6.8,0.029,0.122,0.073,2.6,2.6,0.409,0.411,0.187,0.193,104.28,105.09,87.58,105.09,0.049,510,1.9,5.8
202685,Jonas Valanciunas,Jonas,1610612740,NOP,31.0,79,40,39,0.506,1968.243333333333,446,816,0.547,38,109,0.349,185,224,0.826,225,579,804,140,159,20,52,47,245,248,1115,-10,2346.8,43,0,2241.0,1,2022-23,24.9,111.2,112.8,112.8,112.4,113.5,113.5,-1.2,-0.7,-0.7,0.108,0.88,11.5,0.115,0.293,0.204,13.1,13.1,0.57,0.61,0.229,0.232,101.06,99.83,83.19,99.83,0.14,4101,5.6,10.3
1628371,Jonathan Isaac,Jonathan,1610612753,ORL,25.0,11,8,3,0.727,124.035,22,53,0.415,6,15,0.4,5,9,0.556,15,29,44,6,4,14,4,2,5,11,55,-19,166.8,0,0,147.0,1,2022-23,11.3,102.7,102.0,102.0,105.0,107.7,107.7,-2.3,-5.8,-5.8,0.085,1.5,9.0,0.099,0.25,0.165,6.0,6.0,0.472,0.483,0.198,0.205,100.39,99.46,82.88,99.46,0.153,255,2.0,4.8
1630228,Jonathan Kuminga,Jonathan,1610612744,GSW,20.0,67,38,29,0.567,1394.425,261,497,0.525,54,146,0.37,90,138,0.652,70,161,231,125,95,41,31,33,157,123,666,-53,1251.7,1,0,1220.0,1,2022-23,20.8,111.6,111.7,111.7,112.2,113.0,113.0,-0.6,-1.4,-1.4,0.132,1.32,16.1,0.052,0.113,0.083,12.2,12.2,0.579,0.597,0.195,0.2,103.57,103.18,85.99,103.18,0.085,2992,3.9,7.4
203903,Jordan Clarkson,Jordan,1610612762,UTA,31.0,61,30,31,0.492,1988.3033333333333,458,1031,0.444,155,459,0.338,200,245,0.816,72,174,246,270,186,33,13,52,120,188,1271,35,1923.2,3,0,2034.0,1,2022-23,32.6,115.0,117.4,117.4,115.4,116.6,116.6,-0.4,0.8,0.8,0.209,1.45,17.1,0.036,0.083,0.06,11.8,11.7,0.519,0.558,0.273,0.28,102.11,100.54,83.78,100.54,0.102,4165,7.5,16.9
1630692,Jordan Goodwin,Jordan,1610612764,WAS,24.0,62,22,40,0.355,1105.4233333333334,158,353,0.448,38,118,0.322,53,69,0.768,57,148,205,168,57,58,26,27,95,76,407,-117,1100.0,0,0,986.0,1,2022-23,17.8,107.1,107.1,107.1,112.3,111.7,111.7,-5.2,-4.5,-4.5,0.22,2.95,27.6,0.05,0.131,0.09,9.4,9.4,0.501,0.531,0.165,0.17,101.51,101.78,84.82,101.78,0.102,2339,2.5,5.7
1631160,Jordan Hall,Jordan,1610612759,SAS,21.0,9,1,8,0.111,82.66,9,28,0.321,3,15,0.2,7,9,0.778,3,9,12,11,7,1,0,1,6,5,28,-24,54.9,0,0,56.0,1,2022-23,9.2,94.8,94.9,94.9,108.6,108.0,108.0,-13.8,-13.1,-13.1,0.22,1.57,22.0,0.033,0.129,0.075,14.0,14.0,0.375,0.438,0.197,0.201,101.62,101.91,84.93,101.91,0.054,175,1.0,3.1
1629162,Jordan McLaughlin,Jordan,1610612750,MIN,27.0,43,22,21,0.512,678.49,61,145,0.421,24,78,0.308,15,18,0.833,15,47,62,148,33,32,4,8,28,21,161,84,532.4,0,0,467.0,1,2022-23,15.8,111.2,111.7,111.7,105.9,105.9,105.9,5.4,5.8,5.8,0.264,4.48,44.3,0.022,0.065,0.044,9.9,9.9,0.503,0.526,0.112,0.114,106.75,106.51,88.76,106.51,0.086,1504,1.4,3.4
1629670,Jordan Nwora,Jordan,1610612754,IND,24.0,62,36,26,0.581,1188.085,194,445,0.436,86,211,0.408,68,86,0.791,51,178,229,88,66,24,14,30,74,70,542,-252,996.8,1,0,1021.0,2,2022-23,19.2,107.1,107.0,107.0,116.6,117.2,117.2,-9.5,-10.2,-10.2,0.107,1.33,13.9,0.041,0.147,0.093,10.4,10.4,0.533,0.561,0.187,0.194,103.85,103.63,86.36,103.63,0.089,2569,3.1,7.2
1629673,Jordan Poole,Jordan,1610612744,GSW,24.0,82,44,38,0.537,2458.093333333333,550,1278,0.43,214,637,0.336,361,415,0.87,32,193,225,369,252,63,21,75,214,342,1675,-11,2498.5,1,0,2651.0,1,2022-23,30.0,110.7,111.0,111.0,111.0,111.8,111.8,-0.3,-0.8,-0.8,0.234,1.46,17.8,0.013,0.073,0.043,12.2,12.1,0.514,0.573,0.282,0.291,104.64,104.15,86.79,104.15,0.104,5348,6.7,15.6
1630648,Jordan Schakel,Jordan,1610612764,WAS,25.0,2,0,2,0.0,6.233333333333333,1,2,0.5,1,1,1.0,0,0,0.0,0,0,0,1,0,1,0,0,1,1,3,6,7.5,0,0,7.0,1,2022-23,3.1,133.3,133.3,133.3,101.2,83.3,83.3,32.1,50.0,50.0,0.167,0.0,33.3,0.0,0.0,0.0,0.0,0.0,0.75,0.75,0.154,0.154,84.24,92.41,77.01,92.41,0.118,12,0.5,1.0
1630631,Jose Alvarado,Jose,1610612740,NOP,25.0,61,30,31,0.492,1309.9816666666666,201,489,0.411,83,247,0.336,65,80,0.813,28,113,141,186,81,67,10,30,125,76,550,103,1148.2,0,0,1114.0,1,2022-23,21.5,111.8,112.1,112.1,107.8,108.4,108.4,4.0,3.7,3.7,0.199,2.3,23.6,0.022,0.087,0.054,10.3,10.2,0.496,0.525,0.191,0.197,102.2,101.79,84.83,101.79,0.079,2778,3.3,8.0
1630528,Josh Christopher,Josh,1610612745,HOU,21.0,64,16,48,0.25,786.215,153,329,0.465,21,89,0.236,45,60,0.75,20,51,71,73,60,33,15,20,59,41,372,-225,650.7,0,0,633.0,1,2022-23,12.3,105.1,105.4,105.4,119.5,119.3,119.3,-14.4,-13.9,-13.9,0.149,1.22,15.0,0.024,0.068,0.045,12.3,12.3,0.497,0.523,0.215,0.221,100.35,100.28,83.56,100.28,0.073,1644,2.4,5.1
1630581,Josh Giddey,Josh,1610612760,OKC,20.0,76,34,42,0.447,2367.2716666666665,539,1118,0.482,76,234,0.325,106,145,0.731,148,451,599,469,211,57,31,83,143,114,1260,-105,2735.3,28,4,2580.0,1,2022-23,31.1,110.4,111.8,111.8,113.2,114.0,114.0,-2.8,-2.2,-2.2,0.293,2.22,25.3,0.058,0.189,0.121,11.4,11.3,0.516,0.533,0.239,0.243,104.22,103.17,85.97,103.17,0.131,5090,7.1,14.7
1630182,Josh Green,Josh,1610612742,DAL,22.0,60,27,33,0.45,1539.23,205,382,0.537,68,169,0.402,68,94,0.723,55,127,182,103,72,42,5,23,156,120,546,77,987.9,1,0,993.0,1,2022-23,25.7,114.7,115.3,115.3,112.7,112.8,112.8,2.0,2.5,2.5,0.096,1.43,17.3,0.037,0.087,0.062,12.1,12.0,0.626,0.645,0.14,0.144,99.22,98.96,82.47,98.96,0.067,3173,3.4,6.4
1628404,Josh Hart,Josh,1610612752,NYK,28.0,76,42,34,0.553,2454.025,275,520,0.529,61,164,0.372,132,176,0.75,142,451,593,290,117,88,21,40,195,163,743,315,2099.6,10,0,1905.0,2,2022-23,32.3,118.3,119.4,119.4,112.0,113.5,113.5,6.3,5.9,5.9,0.154,2.48,29.0,0.06,0.185,0.124,11.7,11.6,0.588,0.622,0.124,0.126,100.22,99.12,82.6,99.12,0.101,5074,3.6,6.8
1631169,Josh Minott,Josh,1610612750,MIN,20.0,15,7,8,0.467,96.22333333333331,18,36,0.5,2,6,0.333,8,8,1.0,5,20,25,5,3,4,6,6,10,5,46,24,110.5,1,0,98.0,1,2022-23,6.4,119.8,116.3,116.3,108.7,105.9,105.9,11.2,10.4,10.4,0.065,1.67,10.4,0.054,0.194,0.128,6.3,6.3,0.528,0.582,0.176,0.184,106.95,109.99,91.66,109.99,0.106,221,1.2,2.4
1629006,Josh Okogie,Josh,1610612756,PHX,24.0,72,38,34,0.528,1350.59,162,414,0.391,66,197,0.335,139,192,0.724,109,142,251,105,63,56,34,26,114,178,529,106,1194.7,2,0,1131.0,1,2022-23,18.8,111.9,112.9,112.9,107.4,108.0,108.0,4.4,4.9,4.9,0.104,1.67,15.6,0.078,0.102,0.09,9.3,9.5,0.471,0.531,0.174,0.176,101.47,100.74,83.95,100.74,0.078,2820,2.3,5.8
1626196,Josh Richardson,Josh,1610612740,NOP,29.0,65,24,41,0.369,1529.6016666666667,239,554,0.431,107,293,0.365,69,81,0.852,41,134,175,174,86,69,20,9,117,100,654,-161,1306.0,1,0,1288.0,2,2022-23,23.5,108.3,108.4,108.4,113.0,113.6,113.6,-4.6,-5.2,-5.2,0.16,2.02,20.6,0.026,0.087,0.057,10.2,10.1,0.528,0.555,0.18,0.187,103.11,102.79,85.66,102.79,0.083,3279,3.7,8.5
1630563,Joshua Primo,Joshua,1610612759,SAS,20.0,4,3,1,0.75,93.36166666666666,9,26,0.346,3,12,0.25,7,9,0.778,2,11,13,18,11,1,2,4,8,11,28,-2,68.6,0,0,68.0,1,2022-23,23.3,110.3,112.7,112.7,114.7,111.0,111.0,-4.5,1.7,1.7,0.237,1.64,30.5,0.019,0.113,0.064,18.6,18.7,0.404,0.467,0.173,0.175,106.05,106.68,88.9,106.68,0.053,205,2.3,6.5
201950,Jrue Holiday,Jrue,1610612749,MIL,33.0,67,50,17,0.746,2182.54,490,1023,0.479,158,411,0.384,152,177,0.859,79,262,341,495,197,79,25,45,116,161,1290,481,2556.7,16,0,2492.0,1,2022-23,32.6,116.5,117.0,117.0,107.3,107.9,107.9,9.2,9.2,9.2,0.321,2.51,27.6,0.035,0.107,0.073,11.0,11.0,0.556,0.586,0.244,0.248,103.33,102.82,85.68,102.82,0.135,4698,7.3,15.3
1629308,Juan Toscano-Anderson,Juan,1610612762,UTA,30.0,52,19,33,0.365,700.0583333333333,64,143,0.448,8,43,0.186,19,24,0.792,28,96,124,65,34,16,10,12,80,35,155,-147,445.3,0,0,404.0,2,2022-23,13.5,104.4,103.8,103.8,113.0,113.7,113.7,-8.5,-9.9,-9.9,0.122,1.91,25.7,0.037,0.128,0.083,13.4,13.5,0.476,0.505,0.109,0.113,103.72,103.71,86.42,103.71,0.053,1514,1.2,2.8
1627823,Juancho Hernangomez,Juancho,1610612761,TOR,27.0,42,20,22,0.476,613.495,48,114,0.421,17,67,0.254,9,16,0.563,27,96,123,25,15,16,6,5,43,18,122,13,358.1,1,0,331.0,1,2022-23,14.6,113.2,114.3,114.3,113.4,113.8,113.8,-0.1,0.5,0.5,0.051,1.67,15.5,0.042,0.169,0.101,9.3,9.3,0.496,0.504,0.092,0.094,99.9,99.21,82.67,99.21,0.056,1271,1.1,2.7
1630577,Julian Champagnie,Julian,1610612759,SAS,22.0,17,7,10,0.412,320.135,59,130,0.454,33,82,0.402,14,17,0.824,10,50,60,10,11,6,5,5,26,14,165,-74,274.0,1,0,290.0,2,2022-23,18.8,106.8,108.2,108.2,118.7,118.8,118.8,-12.0,-10.6,-10.6,0.043,0.91,6.4,0.027,0.147,0.085,7.1,6.9,0.581,0.6,0.181,0.187,105.24,104.51,87.09,104.51,0.086,697,3.5,7.6
203944,Julius Randle,Julius,1610612752,NYK,28.0,77,44,33,0.571,2737.2516666666666,658,1432,0.459,218,636,0.343,402,531,0.757,141,626,767,316,216,49,21,57,233,378,1936,170,3324.4,40,0,3377.0,1,2022-23,35.5,116.3,118.1,118.1,113.6,115.4,115.4,2.7,2.7,2.7,0.184,1.46,14.5,0.05,0.226,0.137,9.9,9.8,0.536,0.581,0.288,0.295,99.37,97.83,81.53,97.83,0.148,5587,8.5,18.6
1630551,Justin Champagnie,Justin,1610612738,BOS,22.0,5,4,1,0.8,34.28333333333333,5,15,0.333,1,5,0.2,0,0,0.0,3,5,8,4,0,1,0,2,2,1,11,-4,29.6,0,0,26.0,2,2022-23,6.9,121.0,117.4,117.4,125.7,126.9,126.9,-4.8,-9.5,-9.5,0.148,0.0,21.1,0.088,0.179,0.129,0.0,0.0,0.367,0.367,0.188,0.197,94.2,95.21,79.34,95.21,0.061,69,1.0,3.0
203200,Justin Holiday,Justin,1610612742,DAL,34.0,46,18,28,0.391,706.1133333333333,77,204,0.377,46,143,0.322,5,8,0.625,5,50,55,41,22,19,19,9,68,17,205,-129,424.5,0,0,423.0,2,2022-23,15.4,105.3,104.8,104.8,112.5,113.9,113.9,-7.1,-9.1,-9.1,0.08,1.86,15.2,0.007,0.067,0.037,8.1,8.1,0.49,0.494,0.132,0.138,104.9,104.48,87.07,104.48,0.037,1542,1.7,4.4
1628382,Justin Jackson,Justin,1610612738,BOS,28.0,23,15,8,0.652,107.42333333333332,7,27,0.259,5,20,0.25,1,2,0.5,2,15,17,9,2,4,4,1,7,2,20,-71,75.9,0,0,67.0,1,2022-23,4.7,87.1,83.0,83.0,112.3,111.3,111.3,-25.2,-28.3,-28.3,0.145,4.5,23.1,0.017,0.119,0.071,5.1,5.1,0.352,0.359,0.122,0.13,98.4,101.21,84.34,101.21,0.052,223,0.3,1.2
1631303,Justin Minaya,Justin,1610612757,POR,24.0,4,0,4,0.0,88.85,7,23,0.304,3,12,0.25,0,1,0.0,3,12,15,4,4,2,5,0,9,1,17,-20,58.0,0,0,53.0,1,2022-23,22.2,107.3,108.2,108.2,120.2,120.2,120.2,-12.9,-12.0,-12.0,0.056,1.0,12.9,0.03,0.135,0.08,12.9,12.7,0.37,0.363,0.123,0.128,105.5,105.08,87.56,105.08,0.022,196,1.8,5.8
1626159,Justise Winslow,Justise,1610612757,POR,27.0,29,15,14,0.517,775.7916666666666,81,198,0.409,14,45,0.311,20,28,0.714,49,96,145,98,43,30,11,13,89,26,196,-38,597.0,1,0,535.0,1,2022-23,26.8,110.6,109.8,109.8,110.8,112.3,112.3,-0.1,-2.6,-2.6,0.177,2.28,27.8,0.062,0.123,0.093,12.2,12.2,0.444,0.466,0.139,0.142,99.22,98.9,82.42,98.9,0.063,1600,2.8,6.8
203994,Jusuf Nurkić,Jusuf,1610612757,POR,28.0,52,24,28,0.462,1391.415,262,505,0.519,43,119,0.361,127,192,0.661,114,357,471,149,119,43,44,34,185,184,694,9,1624.7,18,0,1531.0,1,2022-23,26.8,113.0,114.6,114.6,113.9,114.3,114.3,-0.9,0.3,0.3,0.16,1.25,17.5,0.084,0.258,0.172,14.0,13.9,0.561,0.589,0.218,0.221,100.42,99.59,82.99,99.59,0.119,2887,5.0,9.7
1630231,KJ Martin,KJ,1610612745,HOU,22.0,82,22,60,0.268,2292.1583333333333,410,720,0.569,68,216,0.315,151,222,0.68,126,326,452,123,91,41,30,53,147,152,1039,-368,1887.9,5,0,1824.0,1,2022-23,28.0,109.2,110.6,110.6,118.7,118.7,118.7,-9.5,-8.0,-8.0,0.079,1.35,11.9,0.052,0.143,0.096,8.8,8.8,0.617,0.635,0.16,0.164,102.18,101.53,84.61,101.53,0.102,4858,5.0,8.8
1629644,KZ Okpala,KZ,1610612758,SAC,24.0,35,19,16,0.543,248.025,16,38,0.421,7,21,0.333,7,8,0.875,7,27,34,13,7,7,7,2,39,14,46,-11,141.3,0,0,128.0,1,2022-23,7.1,107.0,106.4,106.4,105.8,105.0,105.0,1.2,1.5,1.5,0.065,1.86,21.0,0.028,0.102,0.066,11.3,11.4,0.513,0.554,0.081,0.083,106.11,106.83,89.02,106.83,0.031,543,0.5,1.1
1630539,Kai Jones,Kai,1610612766,CHA,22.0,46,13,33,0.283,549.6266666666667,67,120,0.558,4,19,0.211,19,26,0.731,37,86,123,15,31,17,30,8,65,24,157,-32,437.1,1,0,393.0,1,2022-23,11.9,105.8,105.3,105.3,108.7,108.4,108.4,-2.8,-3.1,-3.1,0.041,0.48,8.6,0.065,0.146,0.106,17.7,17.5,0.575,0.597,0.121,0.127,101.71,102.09,85.08,102.09,0.073,1171,1.5,2.6
1626157,Karl-Anthony Towns,Karl-Anthony,1610612750,MIN,27.0,29,15,14,0.517,957.05,212,428,0.495,60,164,0.366,118,135,0.874,48,188,236,140,86,20,17,19,111,133,602,39,1120.2,9,0,1112.0,1,2022-23,33.0,110.0,111.2,111.2,108.8,109.4,109.4,1.2,1.8,1.8,0.225,1.63,19.6,0.05,0.181,0.118,12.1,12.1,0.565,0.618,0.25,0.253,103.53,102.72,85.6,102.72,0.138,2049,7.3,14.8
202695,Kawhi Leonard,Kawhi,1610612746,LAC,32.0,52,33,19,0.635,1747.4883333333332,446,871,0.512,104,250,0.416,243,279,0.871,57,281,338,204,88,72,28,25,84,214,1239,220,2162.6,4,0,2085.0,1,2022-23,33.6,117.4,118.2,118.2,111.8,112.1,112.1,5.5,6.1,6.1,0.19,2.32,15.9,0.034,0.16,0.098,6.9,6.8,0.572,0.623,0.267,0.273,99.15,98.65,82.21,98.65,0.159,3592,8.6,16.8
1631099,Keegan Murray,Keegan,1610612758,SAC,22.0,80,47,33,0.588,2381.673333333333,354,782,0.453,206,501,0.411,62,81,0.765,89,282,371,98,60,61,42,40,162,79,976,99,1817.2,4,0,1857.0,1,2022-23,29.8,118.1,118.8,118.8,116.0,117.1,117.1,2.1,1.7,1.7,0.053,1.63,10.1,0.038,0.123,0.08,6.2,6.1,0.584,0.597,0.156,0.159,102.0,101.2,84.34,101.2,0.073,5028,4.4,9.8
1628966,Keita Bates-Diop,Keita,1610612759,SAS,27.0,67,18,49,0.269,1452.5883333333334,236,465,0.508,56,142,0.394,119,150,0.793,65,182,247,103,56,46,20,37,63,97,647,-266,1239.9,0,0,1185.0,1,2022-23,21.7,107.5,108.1,108.1,116.2,116.6,116.6,-8.7,-8.5,-8.5,0.099,1.84,15.0,0.042,0.13,0.084,8.2,8.1,0.568,0.609,0.165,0.169,103.68,103.18,85.98,103.18,0.099,3122,3.5,6.9
1629640,Keldon Johnson,Keldon,1610612759,SAS,23.0,63,17,46,0.27,2063.3316666666665,503,1113,0.452,134,407,0.329,245,327,0.749,56,262,318,183,134,46,11,64,125,229,1385,-491,2078.1,5,0,2134.0,1,2022-23,32.8,107.8,110.2,110.2,119.9,121.4,121.4,-12.2,-11.3,-11.3,0.137,1.37,11.8,0.025,0.133,0.076,8.6,8.5,0.512,0.551,0.273,0.278,103.49,101.73,84.78,101.73,0.103,4374,8.0,17.7
203482,Kelly Olynyk,Kelly,1610612762,UTA,32.0,68,28,40,0.412,1941.5933333333328,278,557,0.499,93,236,0.394,198,232,0.853,82,338,420,252,168,60,37,30,232,255,847,14,1852.0,9,0,1806.0,1,2022-23,28.6,114.3,116.4,116.4,114.5,116.0,116.0,-0.2,0.4,0.4,0.173,1.5,23.4,0.042,0.164,0.105,15.6,15.6,0.583,0.643,0.176,0.178,102.52,100.9,84.09,100.9,0.1,4080,4.1,8.2
1626162,Kelly Oubre Jr.,Kelly,1610612766,CHA,27.0,48,16,32,0.333,1547.5116666666668,353,819,0.431,108,339,0.319,158,208,0.76,65,184,249,54,64,68,18,55,141,189,972,-278,1545.8,3,0,1555.0,1,2022-23,32.2,106.0,107.6,107.6,113.9,115.3,115.3,-7.9,-7.7,-7.7,0.057,0.84,5.3,0.038,0.121,0.077,6.3,6.2,0.497,0.534,0.257,0.264,103.33,101.92,84.94,101.92,0.094,3275,7.4,17.1
202689,Kemba Walker,Kemba,1610612742,DAL,33.0,9,5,4,0.556,143.90166666666667,24,57,0.421,7,28,0.25,17,21,0.81,3,13,16,19,4,2,2,5,11,16,72,-1,127.7,0,0,122.0,1,2022-23,16.0,109.2,110.5,110.5,109.9,112.4,112.4,-0.7,-1.9,-1.9,0.216,4.75,21.3,0.02,0.09,0.054,4.5,4.5,0.482,0.543,0.215,0.222,99.12,97.4,81.17,97.4,0.103,294,2.7,6.3
1631112,Kendall Brown,Kendall,1610612754,IND,20.0,6,1,5,0.167,40.295,4,7,0.571,0,1,0.0,1,2,0.5,2,4,6,3,2,4,0,1,9,2,9,4,30.7,0,0,26.0,1,2022-23,6.7,108.1,107.2,107.2,98.7,99.0,99.0,9.4,8.2,8.2,0.091,1.5,23.1,0.051,0.089,0.071,15.4,15.5,0.571,0.571,0.093,0.095,117.62,117.93,98.28,117.93,0.04,97,0.7,1.2
1629134,Kendrick Nunn,Kendrick,1610612764,WAS,27.0,70,30,40,0.429,963.43,191,450,0.424,79,223,0.354,35,41,0.854,15,94,109,90,66,28,7,30,66,36,496,-54,800.8,0,0,844.0,2,2022-23,13.8,110.3,110.3,110.3,113.2,112.6,112.6,-2.9,-2.3,-2.3,0.137,1.36,14.5,0.015,0.09,0.054,10.6,10.6,0.512,0.53,0.227,0.235,103.75,104.1,86.75,104.1,0.076,2087,2.7,6.4
1631113,Kennedy Chandler,Kennedy,1610612763,MEM,20.0,36,22,14,0.611,281.5083333333333,35,83,0.422,2,15,0.133,6,13,0.462,9,29,38,58,18,12,5,11,15,17,78,-41,243.6,0,0,210.0,1,2022-23,7.8,102.0,103.0,103.0,110.2,108.4,108.4,-8.3,-5.4,-5.4,0.278,3.22,35.4,0.029,0.103,0.064,11.0,10.9,0.434,0.44,0.15,0.154,102.97,103.33,86.11,103.33,0.085,602,1.0,2.3
1631254,Kenneth Lofton Jr.,Kenneth,1610612763,MEM,20.0,24,15,9,0.625,175.95833333333334,49,93,0.527,6,17,0.353,16,27,0.593,19,32,51,20,12,5,2,4,28,22,120,-48,220.2,1,0,211.0,1,2022-23,7.3,103.5,103.3,103.3,117.6,116.7,116.7,-14.2,-13.4,-13.4,0.198,1.67,14.7,0.097,0.198,0.143,8.8,8.8,0.559,0.572,0.267,0.279,99.49,99.98,83.32,99.98,0.129,367,2.0,3.9
1629026,Kenrich Williams,Kenrich,1610612760,OKC,28.0,53,26,27,0.491,1205.9816666666666,179,346,0.517,50,134,0.373,17,39,0.436,97,164,261,105,32,45,14,13,112,71,425,75,1040.7,2,0,959.0,1,2022-23,22.8,113.1,113.3,113.3,108.6,109.2,109.2,4.5,4.1,4.1,0.117,3.28,21.0,0.075,0.137,0.105,6.4,6.4,0.59,0.585,0.134,0.138,102.2,101.85,84.88,101.85,0.096,2546,3.4,6.5
203484,Kentavious Caldwell-Pope,Kentavious,1610612743,DEN,30.0,76,51,25,0.671,2381.2066666666665,292,632,0.462,135,319,0.423,103,125,0.824,35,173,208,183,86,112,35,9,145,145,822,493,1701.1,0,0,1642.0,1,2022-23,31.3,120.1,121.4,121.4,110.8,111.5,111.5,9.4,9.8,9.8,0.092,2.13,19.3,0.016,0.074,0.046,9.1,9.0,0.569,0.598,0.136,0.139,101.48,100.61,83.84,100.61,0.066,4992,3.8,8.3
1631165,Keon Ellis,Keon,1610612758,SAC,23.0,16,7,9,0.438,70.86333333333333,7,16,0.438,6,12,0.5,4,7,0.571,4,4,8,6,1,5,1,0,10,4,24,-21,59.6,0,0,56.0,1,2022-23,4.4,100.6,98.0,98.0,112.3,112.2,112.2,-11.7,-14.3,-14.3,0.136,6.0,23.1,0.056,0.063,0.06,3.8,3.8,0.625,0.629,0.124,0.131,98.27,99.57,82.98,99.57,0.067,147,0.4,1.0
1630553,Keon Johnson,Keon,1610612757,POR,21.0,40,13,27,0.325,416.36,67,178,0.376,28,81,0.346,27,41,0.659,11,33,44,59,43,19,6,9,43,33,189,-153,362.3,0,0,370.0,1,2022-23,10.4,103.6,103.2,103.2,120.4,119.3,119.3,-16.8,-16.2,-16.2,0.226,1.37,19.7,0.025,0.086,0.054,14.4,14.4,0.455,0.482,0.237,0.244,102.06,102.72,85.6,102.72,0.059,887,1.7,4.5
1630556,Kessler Edwards,Kessler,1610612758,SAC,22.0,36,17,19,0.472,385.7533333333333,36,93,0.387,17,55,0.309,11,15,0.733,23,38,61,23,13,14,6,5,40,16,100,5,254.7,0,0,241.0,2,2022-23,10.7,119.7,118.0,118.0,115.0,115.8,115.8,4.7,2.2,2.2,0.073,1.77,16.9,0.059,0.102,0.08,9.6,9.6,0.478,0.502,0.119,0.123,101.86,102.22,85.18,102.22,0.044,816,1.0,2.6
201142,Kevin Durant,Kevin,1610612756,PHX,34.0,47,34,13,0.723,1671.756666666667,483,862,0.56,93,230,0.404,307,334,0.919,17,296,313,235,156,34,67,25,99,272,1366,258,2241.1,5,1,2209.0,2,2022-23,35.6,116.6,117.1,117.1,107.8,110.3,110.3,8.9,6.8,6.8,0.228,1.51,17.0,0.012,0.166,0.096,11.3,11.1,0.614,0.677,0.305,0.313,100.39,99.0,82.5,99.0,0.185,3458,10.3,18.3
1628989,Kevin Huerter,Kevin,1610612758,SAC,24.0,75,44,31,0.587,2202.776666666666,420,866,0.485,205,510,0.402,95,131,0.725,42,209,251,221,97,80,24,24,181,99,1140,222,1987.7,0,0,2025.0,1,2022-23,29.4,119.4,121.0,121.0,115.9,116.6,116.6,3.5,4.5,4.5,0.137,2.28,17.9,0.02,0.1,0.06,7.9,7.8,0.603,0.617,0.197,0.2,101.39,100.39,83.66,100.39,0.091,4614,5.6,11.5
1628995,Kevin Knox II,Kevin,1610612757,POR,23.0,63,12,51,0.19,951.7233333333334,152,332,0.458,65,186,0.349,46,60,0.767,34,143,177,33,50,24,12,12,95,43,415,-226,734.9,2,0,762.0,2,2022-23,15.1,104.6,104.3,104.3,115.7,115.8,115.8,-11.1,-11.4,-11.4,0.053,0.66,7.5,0.033,0.152,0.09,11.3,11.3,0.556,0.579,0.175,0.181,103.82,103.97,86.64,103.97,0.077,2066,2.4,5.3
201567,Kevin Love,Kevin,1610612748,MIA,34.0,62,35,27,0.565,1239.4783333333332,165,424,0.389,99,296,0.334,80,91,0.879,59,340,399,116,70,16,12,8,97,113,509,109,1175.8,6,0,1179.0,2,2022-23,20.0,113.1,113.7,113.7,110.3,109.8,109.8,2.8,3.9,3.9,0.131,1.66,17.9,0.05,0.287,0.168,10.8,10.8,0.506,0.548,0.185,0.189,99.23,99.14,82.62,99.14,0.115,2564,2.7,6.8
1629645,Kevin Porter Jr.,Kevin,1610612745,HOU,23.0,59,18,41,0.305,2023.8833333333332,391,884,0.442,141,385,0.366,207,264,0.784,76,238,314,338,188,82,17,62,156,197,1130,-343,2122.8,9,1,2121.0,1,2022-23,34.3,109.2,111.2,111.2,118.6,119.5,119.5,-9.4,-8.3,-8.3,0.26,1.8,22.3,0.036,0.117,0.075,12.4,12.3,0.522,0.565,0.239,0.246,101.13,99.8,83.17,99.8,0.112,4211,6.6,15.0
1630284,Kevon Harris,Kevon,1610612753,ORL,26.0,34,12,22,0.353,457.04833333333335,47,107,0.439,16,43,0.372,31,41,0.756,28,42,70,16,21,17,5,10,53,37,141,0,294.0,0,0,287.0,1,2022-23,13.4,108.5,110.0,110.0,108.3,109.7,109.7,0.2,0.3,0.3,0.049,0.76,10.0,0.057,0.092,0.074,13.1,13.0,0.514,0.564,0.129,0.134,102.2,100.87,84.06,100.87,0.051,959,1.4,3.1
1626172,Kevon Looney,Kevon,1610612744,GSW,27.0,82,44,38,0.537,1957.595,242,384,0.63,0,1,0.0,94,155,0.606,274,486,760,207,45,52,50,34,224,123,578,157,2061.5,14,0,1749.0,1,2022-23,23.9,116.9,116.4,116.4,111.5,112.0,112.0,5.4,4.4,4.4,0.136,4.6,29.4,0.135,0.234,0.185,6.4,6.4,0.63,0.639,0.104,0.107,102.65,102.64,85.53,102.64,0.116,4174,3.0,4.7
203920,Khem Birch,Khem,1610612759,SAS,30.0,20,9,11,0.45,161.85,19,32,0.594,1,2,0.5,4,5,0.8,8,17,25,7,8,5,5,1,24,6,43,6,105.5,0,0,96.0,1,2022-23,8.1,110.9,110.6,110.6,107.4,107.8,107.8,3.5,2.8,2.8,0.063,0.88,14.3,0.051,0.118,0.083,16.3,16.3,0.609,0.629,0.113,0.118,98.12,98.02,81.68,98.02,0.05,329,1.0,1.6
203114,Khris Middleton,Khris,1610612749,MIL,31.0,33,25,8,0.758,800.7733333333333,177,406,0.436,51,162,0.315,92,102,0.902,28,112,140,163,71,23,5,19,68,86,497,132,922.5,4,0,907.0,1,2022-23,24.3,114.9,114.9,114.9,108.8,108.8,108.8,6.1,6.1,6.1,0.288,2.3,24.1,0.034,0.122,0.08,10.5,10.4,0.499,0.551,0.259,0.27,105.37,105.32,87.77,105.32,0.123,1768,5.4,12.3
1630165,Killian Hayes,Killian,1610612765,DET,21.0,76,16,60,0.211,2153.588333333333,307,815,0.377,80,286,0.28,92,112,0.821,28,193,221,470,173,104,28,29,219,129,786,-500,1979.2,6,0,1821.0,1,2022-23,28.3,105.4,106.7,106.7,116.9,117.6,117.6,-11.6,-10.9,-10.9,0.325,2.72,31.3,0.012,0.092,0.051,11.5,11.5,0.426,0.455,0.201,0.206,101.17,100.24,83.53,100.24,0.075,4494,4.0,10.7
1630184,Kira Lewis Jr.,Kira,1610612740,NOP,22.0,25,11,14,0.44,234.76666666666668,40,88,0.455,15,34,0.441,19,22,0.864,5,28,33,23,10,10,2,10,24,15,114,62,214.1,0,0,209.0,1,2022-23,9.4,113.7,115.2,115.2,103.4,104.0,104.0,10.4,11.2,11.2,0.137,2.3,17.6,0.021,0.109,0.067,7.6,7.7,0.54,0.584,0.192,0.196,102.6,101.62,84.68,101.62,0.096,500,1.6,3.5
202691,Klay Thompson,Klay,1610612744,GSW,33.0,69,38,31,0.551,2278.911666666667,546,1252,0.436,301,731,0.412,116,132,0.879,39,247,286,163,123,49,29,33,130,92,1509,163,2207.7,2,0,2415.0,1,2022-23,33.0,114.7,115.4,115.4,111.4,112.6,112.6,3.2,2.9,2.9,0.105,1.33,10.2,0.017,0.101,0.06,7.7,7.7,0.556,0.576,0.256,0.261,104.86,103.95,86.63,103.95,0.1,4945,7.9,18.1
1628424,Kobi Simmons,Kobi,1610612766,CHA,25.0,5,1,4,0.2,27.77166666666667,1,6,0.167,1,5,0.2,2,2,1.0,1,3,4,5,1,0,2,0,0,2,5,-19,22.3,0,0,19.0,1,2022-23,5.6,78.7,80.3,80.3,122.5,115.3,115.3,-43.8,-34.9,-34.9,0.313,5.0,38.5,0.036,0.088,0.065,7.7,7.8,0.25,0.363,0.119,0.121,101.8,103.7,86.42,103.7,0.078,61,0.2,1.2
1627739,Kris Dunn,Kris,1610612762,UTA,29.0,22,8,14,0.364,567.5416666666666,116,216,0.537,17,36,0.472,41,53,0.774,9,91,100,124,35,25,10,16,58,43,290,-62,666.0,3,0,601.0,1,2022-23,25.8,109.7,111.6,111.6,114.9,115.9,115.9,-5.2,-4.3,-4.3,0.315,3.54,31.2,0.015,0.148,0.082,8.8,8.8,0.576,0.606,0.195,0.198,106.56,105.21,87.68,105.21,0.133,1240,5.3,9.8
204001,Kristaps Porziņģis,Kristaps,1610612764,WAS,27.0,65,27,38,0.415,2119.5116666666668,507,1018,0.498,137,356,0.385,354,416,0.851,114,432,546,174,137,58,100,57,196,394,1505,80,2758.2,20,0,2678.0,1,2022-23,32.6,114.4,116.2,116.2,113.3,114.8,114.8,1.1,1.4,1.4,0.125,1.27,11.6,0.057,0.194,0.13,9.1,9.1,0.565,0.627,0.272,0.277,100.61,99.2,82.67,99.2,0.145,4388,7.8,15.7
203937,Kyle Anderson,Kyle,1610612750,MIN,29.0,69,36,33,0.522,1956.5733333333333,252,495,0.509,43,105,0.41,100,136,0.735,66,302,368,335,103,78,63,19,146,129,647,91,1911.1,10,3,1675.0,1,2022-23,28.4,113.0,113.9,113.9,111.0,111.7,111.7,2.0,2.3,2.3,0.225,3.25,33.8,0.035,0.152,0.095,10.4,10.4,0.553,0.583,0.143,0.145,102.41,101.66,84.72,101.66,0.108,4143,3.7,7.2
1628398,Kyle Kuzma,Kyle,1610612764,WAS,27.0,64,29,35,0.453,2238.8516666666665,512,1142,0.448,160,481,0.333,173,237,0.73,55,408,463,239,190,36,29,59,145,176,1357,10,2276.1,14,1,2349.0,1,2022-23,35.0,111.9,112.9,112.9,112.0,112.6,112.6,-0.1,0.3,0.3,0.164,1.26,14.3,0.025,0.172,0.102,11.4,11.3,0.518,0.544,0.273,0.279,101.16,100.4,83.67,100.4,0.109,4681,8.0,17.8
200768,Kyle Lowry,Kyle,1610612748,MIA,37.0,55,30,25,0.545,1717.725,196,485,0.404,107,310,0.345,116,135,0.859,43,182,225,281,103,57,21,24,143,140,615,55,1437.5,2,1,1384.0,1,2022-23,31.2,110.1,112.4,112.4,109.3,111.3,111.3,0.7,1.1,1.1,0.233,2.73,30.4,0.025,0.112,0.067,11.1,11.1,0.514,0.565,0.162,0.166,99.03,97.13,80.94,97.13,0.089,3483,3.6,8.8
202681,Kyrie Irving,Kyrie,1610612742,DAL,31.0,60,32,28,0.533,2240.5733333333333,594,1203,0.494,188,496,0.379,247,273,0.905,59,245,304,331,128,66,45,55,165,217,1623,222,2689.3,5,0,2668.0,2,2022-23,37.3,117.2,117.9,117.9,111.5,113.2,113.2,5.7,4.7,4.7,0.233,2.59,18.8,0.029,0.107,0.07,7.3,7.2,0.572,0.613,0.286,0.293,99.5,98.47,82.06,98.47,0.146,4599,9.9,20.1
1630163,LaMelo Ball,LaMelo,1610612766,CHA,21.0,36,13,23,0.361,1267.755,296,721,0.411,144,383,0.376,102,121,0.843,42,189,231,304,129,46,11,27,118,110,838,-150,1613.2,17,3,1631.0,1,2022-23,35.2,111.4,112.5,112.5,116.1,117.3,117.3,-4.7,-4.7,-4.7,0.352,2.36,25.3,0.031,0.147,0.087,10.8,10.7,0.51,0.541,0.289,0.294,105.43,104.37,86.97,104.37,0.122,2748,8.2,20.0
1630205,Lamar Stevens,Lamar,1610612739,CLE,25.0,62,39,23,0.629,1120.4833333333331,129,288,0.448,30,95,0.316,40,57,0.702,48,159,207,33,27,27,19,30,79,44,328,6,736.9,1,0,690.0,1,2022-23,18.1,112.8,112.2,112.2,109.5,111.1,111.1,3.4,1.2,1.2,0.04,1.22,8.9,0.046,0.145,0.097,7.3,7.2,0.5,0.524,0.136,0.139,97.11,96.64,80.54,96.64,0.067,2247,2.1,4.6
1629013,Landry Shamet,Landry,1610612756,PHX,26.0,40,19,21,0.475,806.91,113,300,0.377,75,199,0.377,45,51,0.882,11,56,67,93,36,26,5,15,61,48,346,38,622.9,0,0,643.0,1,2022-23,20.2,109.1,109.9,109.9,107.7,107.7,107.7,1.4,2.2,2.2,0.167,2.58,20.6,0.013,0.07,0.04,8.0,8.0,0.502,0.537,0.186,0.191,101.14,100.77,83.97,100.77,0.075,1694,2.8,7.5
1626204,Larry Nance Jr.,Larry,1610612740,NOP,30.0,65,34,31,0.523,1380.8266666666666,186,305,0.61,14,42,0.333,55,79,0.696,106,248,354,119,42,56,37,14,133,88,441,185,1281.3,3,0,1114.0,1,2022-23,21.2,114.3,114.1,114.1,106.8,107.4,107.4,7.5,6.7,6.7,0.117,2.83,23.8,0.081,0.184,0.133,8.4,8.4,0.633,0.649,0.118,0.121,100.9,100.69,83.91,100.69,0.11,2893,2.9,4.7
1628374,Lauri Markkanen,Lauri,1610612762,UTA,26.0,66,32,34,0.485,2272.4866666666667,571,1145,0.499,200,511,0.391,349,399,0.875,130,440,570,123,127,42,38,65,137,297,1691,163,2672.5,28,0,2744.0,1,2022-23,34.4,115.0,117.4,117.4,112.0,113.6,113.6,2.9,3.8,3.8,0.086,0.97,7.9,0.055,0.183,0.12,8.2,8.1,0.586,0.64,0.259,0.265,102.82,101.06,84.22,101.06,0.154,4777,8.7,17.3
2544,LeBron James,LeBron,1610612747,LAL,38.0,55,30,25,0.545,1953.94,609,1219,0.5,121,377,0.321,251,327,0.768,65,392,457,375,178,50,32,47,88,273,1590,214,2768.9,18,2,2707.0,1,2022-23,35.5,114.6,115.6,115.6,110.9,111.0,111.0,3.7,4.6,4.6,0.308,2.11,19.8,0.033,0.191,0.114,9.4,9.3,0.549,0.583,0.322,0.332,103.66,103.11,85.93,103.11,0.172,4207,11.1,22.2
1630195,Leandro Bolmaro,Leandro,1610612762,UTA,22.0,14,8,6,0.571,68.47333333333333,3,20,0.15,0,4,0.0,0,0,0.0,4,3,7,7,7,3,1,1,10,8,6,2,29.9,0,0,28.0,1,2022-23,4.9,101.2,98.7,98.7,100.4,98.0,98.0,0.8,0.7,0.7,0.121,1.0,20.6,0.051,0.04,0.045,20.6,20.6,0.15,0.15,0.155,0.162,101.53,104.1,86.75,104.1,-0.055,149,0.2,1.4
1631311,Lester Quiñones,Lester,1610612744,GSW,22.0,4,4,0,1.0,18.116666666666667,2,5,0.4,2,4,0.5,4,6,0.667,1,2,3,2,5,1,0,0,0,3,10,6,14.6,0,0,19.0,1,2022-23,4.5,116.0,112.2,112.2,99.6,97.6,97.6,16.4,14.6,14.6,0.125,0.4,13.3,0.071,0.087,0.081,33.3,34.2,0.6,0.654,0.283,0.29,105.71,108.63,90.52,108.63,0.073,41,0.5,1.3
1629623,Lindell Wigginton,Lindell,1610612749,MIL,25.0,7,4,3,0.571,86.65,18,37,0.486,6,18,0.333,8,9,0.889,0,7,7,14,12,0,2,2,7,13,50,-39,73.4,1,0,81.0,1,2022-23,12.4,103.9,101.6,101.6,123.8,121.8,121.8,-19.9,-20.2,-20.2,0.264,1.17,20.9,0.0,0.077,0.04,17.9,17.9,0.568,0.61,0.251,0.264,101.87,103.87,86.56,103.87,0.083,187,2.6,5.3
1630322,Lindy Waters III,Lindy,1610612760,OKC,25.0,41,20,21,0.488,530.825,70,178,0.393,58,162,0.358,16,20,0.8,16,59,75,28,10,14,11,3,42,12,214,136,411.0,0,0,425.0,1,2022-23,12.9,114.4,115.2,115.2,105.8,104.8,104.8,8.6,10.5,10.5,0.071,2.8,12.6,0.028,0.103,0.065,4.5,4.4,0.556,0.573,0.148,0.155,103.18,103.31,86.09,103.31,0.073,1150,1.7,4.3
1629022,Lonnie Walker IV,Lonnie,1610612747,LAL,24.0,56,27,29,0.482,1297.0366666666666,236,527,0.448,91,249,0.365,91,106,0.858,14,95,109,64,46,30,17,21,71,69,654,-207,975.8,0,0,1012.0,1,2022-23,23.2,108.7,108.8,108.8,115.5,116.1,116.1,-6.7,-7.3,-7.3,0.071,1.39,9.4,0.011,0.069,0.041,6.7,6.7,0.534,0.57,0.198,0.203,104.38,104.03,86.69,104.03,0.074,2810,4.2,9.4
1629663,Louis King,Louis,1610612755,PHI,24.0,1,1,0,1.0,28.8,8,13,0.615,4,8,0.5,0,1,0.0,2,2,4,2,2,1,0,0,4,2,20,2,28.8,0,0,32.0,1,2022-23,28.8,123.9,125.8,125.8,123.5,120.6,120.6,0.4,5.2,5.2,0.091,1.0,11.8,0.067,0.074,0.07,11.8,11.5,0.769,0.744,0.205,0.215,103.77,104.17,86.81,104.17,0.107,62,8.0,13.0
1629652,Luguentz Dort,Luguentz,1610612760,OKC,24.0,74,36,38,0.486,2272.3566666666666,339,873,0.388,135,409,0.33,200,259,0.772,128,216,344,154,92,75,23,53,243,272,1013,34,1858.8,5,0,1842.0,1,2022-23,30.7,113.5,115.0,115.0,112.9,114.1,114.1,0.6,0.9,0.9,0.09,1.67,12.5,0.053,0.092,0.072,7.5,7.5,0.466,0.513,0.194,0.197,104.21,102.98,85.81,102.98,0.062,4870,4.6,11.8
1629029,Luka Dončić,Luka,1610612742,DAL,24.0,66,33,33,0.5,2390.471666666667,719,1449,0.496,185,541,0.342,515,694,0.742,54,515,569,529,236,90,33,44,166,481,2138,128,3747.3,36,10,3667.0,1,2022-23,36.2,116.7,118.1,118.1,114.5,116.0,116.0,2.2,2.1,2.1,0.408,2.24,21.1,0.024,0.224,0.124,9.4,9.4,0.56,0.609,0.368,0.376,98.8,97.63,81.36,97.63,0.202,4874,10.9,22.0
1630568,Luka Garza,Luka,1610612750,MIN,24.0,28,15,13,0.536,243.42,63,116,0.543,14,39,0.359,41,52,0.788,33,30,63,18,14,3,2,8,43,35,181,18,284.6,0,0,286.0,1,2022-23,8.7,121.8,121.4,121.4,120.6,119.4,119.4,1.2,2.0,2.0,0.103,1.29,10.5,0.13,0.128,0.129,8.2,8.2,0.603,0.652,0.245,0.254,105.74,106.48,88.74,106.48,0.111,543,2.3,4.1
1629677,Luka Samanic,Luka,1610612762,UTA,23.0,7,2,5,0.286,160.81333333333333,26,57,0.456,8,31,0.258,9,13,0.692,0,30,30,15,10,6,2,3,17,10,69,-6,141.5,0,0,138.0,1,2022-23,23.0,109.1,109.6,109.6,108.8,111.3,111.3,0.4,-1.7,-1.7,0.115,1.5,17.0,0.0,0.161,0.09,11.4,11.4,0.526,0.55,0.193,0.194,107.13,105.66,88.05,105.66,0.079,354,3.7,8.1
1628379,Luke Kennard,Luke,1610612763,MEM,27.0,59,37,22,0.627,1315.085,188,382,0.492,133,269,0.494,37,39,0.949,15,143,158,91,46,32,5,12,82,37,546,211,937.1,0,0,1002.0,2,2022-23,22.3,116.5,116.5,116.5,109.2,109.1,109.1,7.3,7.3,7.3,0.091,1.98,17.1,0.012,0.104,0.059,8.6,8.6,0.666,0.684,0.144,0.149,100.24,100.32,83.6,100.32,0.089,2753,3.2,6.5
1628436,Luke Kornet,Luke,1610612738,BOS,27.0,69,45,24,0.652,804.0883333333334,113,170,0.665,3,13,0.231,32,39,0.821,86,111,197,53,25,11,46,8,81,38,261,61,722.9,0,0,628.0,1,2022-23,11.7,113.2,111.8,111.8,108.2,107.9,107.9,5.0,3.9,3.9,0.093,2.12,20.0,0.106,0.125,0.116,9.4,9.4,0.674,0.697,0.111,0.115,100.38,101.15,84.29,101.15,0.099,1692,1.6,2.5
1630644,Mac McClung,Mac,1610612755,PHI,24.0,2,2,0,1.0,41.06666666666667,9,20,0.45,4,11,0.364,3,5,0.6,3,7,10,9,3,0,0,1,3,4,25,18,47.5,0,0,48.0,1,2022-23,20.5,110.6,115.2,115.2,95.7,95.7,95.7,15.0,19.6,19.6,0.29,3.0,26.5,0.073,0.152,0.115,8.8,8.8,0.55,0.563,0.243,0.245,109.75,107.53,89.61,107.53,0.139,92,4.5,10.0
1630201,Malachi Flynn,Malachi,1610612761,TOR,25.0,53,29,24,0.547,690.7883333333333,87,242,0.36,47,133,0.353,25,33,0.758,15,61,76,70,25,21,4,9,65,34,246,-40,492.2,0,0,489.0,1,2022-23,13.0,110.3,109.9,109.9,113.3,113.4,113.4,-3.1,-3.5,-3.5,0.145,2.8,19.9,0.019,0.097,0.054,7.1,7.1,0.457,0.479,0.168,0.174,98.89,99.05,82.54,99.05,0.056,1430,1.6,4.6
1631103,Malaki Branham,Malaki,1610612759,SAS,20.0,66,15,51,0.227,1549.5966666666666,269,611,0.44,77,255,0.302,58,70,0.829,28,153,181,127,76,33,7,40,115,60,673,-364,1124.7,0,0,1138.0,1,2022-23,23.5,107.8,108.3,108.3,119.2,119.4,119.4,-11.4,-11.1,-11.1,0.112,1.67,15.0,0.017,0.098,0.057,9.0,9.0,0.503,0.524,0.188,0.193,104.65,104.36,86.96,104.36,0.065,3374,4.1,9.3
1627763,Malcolm Brogdon,Malcolm,1610612738,BOS,30.0,67,46,21,0.687,1743.815,354,732,0.484,132,297,0.444,160,184,0.87,42,238,280,248,98,45,18,51,109,169,1000,182,1799.0,0,0,1786.0,1,2022-23,26.0,114.0,114.4,114.4,108.5,109.3,109.3,5.5,5.1,5.1,0.223,2.53,21.4,0.024,0.132,0.079,8.4,8.5,0.574,0.615,0.223,0.228,100.45,99.91,83.25,99.91,0.133,3628,5.3,10.9
1630792,Malcolm Hill,Malcolm,1610612741,CHI,27.0,5,4,1,0.8,9.15,2,4,0.5,1,3,0.333,0,0,0.0,0,3,3,0,0,0,0,0,1,0,5,9,8.6,0,0,9.0,1,2022-23,1.8,130.2,104.3,104.3,67.0,65.2,65.2,63.2,39.1,39.1,0.0,0.0,0.0,0.0,0.214,0.136,0.0,0.0,0.625,0.625,0.167,0.206,107.12,120.66,100.55,120.66,0.147,23,0.4,0.8
1627736,Malik Beasley,Malik,1610612747,LAL,26.0,81,45,36,0.556,2093.085,370,937,0.395,235,658,0.357,50,65,0.769,35,248,283,124,90,65,9,26,107,48,1025,-87,1682.6,1,0,1815.0,2,2022-23,25.8,111.2,112.4,112.4,114.0,114.6,114.6,-2.8,-2.2,-2.2,0.086,1.38,10.6,0.016,0.116,0.066,7.7,7.6,0.52,0.531,0.207,0.212,102.97,102.18,85.15,102.18,0.079,4461,4.6,11.6
1628370,Malik Monk,Malik,1610612758,SAC,25.0,77,47,30,0.61,1719.235,357,796,0.448,143,398,0.359,184,207,0.889,32,171,203,298,146,49,20,53,125,147,1041,68,1792.6,0,0,1823.0,1,2022-23,22.3,113.4,113.8,113.8,112.1,112.7,112.7,1.3,1.0,1.0,0.258,2.04,22.5,0.019,0.097,0.059,11.0,11.0,0.538,0.587,0.247,0.254,104.06,103.61,86.34,103.61,0.116,3724,4.6,10.3
1629603,Mamadi Diakite,Mamadi,1610612739,CLE,26.0,22,15,7,0.682,175.87833333333333,24,50,0.48,7,21,0.333,2,2,1.0,8,22,30,8,12,4,9,3,26,3,57,-9,132.0,0,0,128.0,1,2022-23,8.0,105.6,104.6,104.6,104.5,103.9,103.9,1.1,0.7,0.7,0.07,0.67,11.3,0.051,0.133,0.093,16.9,16.9,0.55,0.56,0.164,0.17,95.24,95.93,79.94,95.93,0.057,346,1.1,2.3
1630699,MarJon Beauchamp,MarJon,1610612749,MIL,22.0,52,34,18,0.654,701.3816666666667,96,243,0.395,47,142,0.331,27,37,0.73,38,77,115,35,45,21,7,17,71,28,266,-99,495.5,0,0,519.0,1,2022-23,13.5,107.4,105.8,105.8,113.3,112.9,112.9,-6.0,-7.2,-7.2,0.072,0.78,10.3,0.05,0.103,0.076,13.2,13.3,0.492,0.513,0.175,0.181,102.11,103.07,85.89,103.07,0.051,1510,1.8,4.7
202694,Marcus Morris Sr.,Marcus,1610612746,LAC,33.0,65,35,30,0.538,1825.1133333333328,274,643,0.426,112,307,0.365,68,87,0.782,29,229,258,114,56,42,21,15,136,72,728,-16,1341.6,2,0,1338.0,1,2022-23,28.1,112.6,113.7,113.7,113.4,113.9,113.9,-0.7,-0.3,-0.3,0.09,2.04,13.5,0.017,0.127,0.073,6.6,6.6,0.513,0.534,0.176,0.18,98.71,98.01,81.67,98.01,0.072,3724,4.2,9.9
203935,Marcus Smart,Marcus,1610612738,BOS,29.0,61,43,18,0.705,1956.76,250,602,0.415,115,342,0.336,88,118,0.746,46,145,191,382,143,93,23,18,172,177,703,240,1710.2,6,0,1623.0,1,2022-23,32.1,117.3,118.1,118.1,110.7,111.7,111.7,6.6,6.3,6.3,0.256,2.67,32.4,0.024,0.073,0.049,12.1,12.1,0.511,0.538,0.176,0.178,101.49,100.71,83.92,100.71,0.076,4097,4.1,9.9
1631109,Mark Williams,Mark,1610612766,CHA,21.0,43,18,25,0.419,827.975,160,251,0.637,0,0,0.0,67,97,0.691,93,211,304,18,40,28,45,20,94,76,387,-79,957.8,11,0,855.0,1,2022-23,19.3,105.5,105.6,105.6,108.6,110.3,110.3,-3.0,-4.7,-4.7,0.033,0.45,5.1,0.106,0.232,0.17,11.4,11.4,0.637,0.659,0.168,0.172,103.18,102.35,85.29,102.35,0.133,1767,3.7,5.8
1628365,Markelle Fultz,Markelle,1610612753,ORL,25.0,60,29,31,0.483,1777.9416666666666,349,679,0.514,27,87,0.31,112,143,0.783,69,165,234,341,139,87,26,40,131,112,837,-130,1829.3,3,0,1665.0,1,2022-23,29.6,109.2,110.3,110.3,112.9,114.0,114.0,-3.7,-3.7,-3.7,0.29,2.45,27.9,0.038,0.095,0.066,11.4,11.4,0.534,0.564,0.208,0.211,102.27,101.23,84.36,101.23,0.111,3753,5.8,11.3
202693,Markieff Morris,Markieff,1610612742,DAL,33.0,35,17,18,0.486,355.07,47,115,0.409,28,71,0.394,10,10,1.0,13,58,71,31,18,9,5,0,48,9,132,10,287.7,1,0,290.0,2,2022-23,10.1,112.5,111.2,111.2,108.3,109.5,109.5,4.3,1.7,1.7,0.114,1.72,18.6,0.037,0.15,0.097,10.8,10.7,0.53,0.553,0.159,0.165,106.56,106.59,88.83,106.59,0.066,787,1.3,3.3
1630250,Marko Simonovic,Marko,1610612741,CHI,23.0,7,3,4,0.429,19.596666666666668,2,7,0.286,1,4,0.25,1,2,0.5,1,1,2,0,0,0,0,0,5,1,6,15,8.4,0,0,9.0,1,2022-23,2.8,118.2,108.2,108.2,85.4,80.9,80.9,32.8,27.3,27.3,0.0,0.0,0.0,0.043,0.059,0.05,0.0,0.0,0.357,0.381,0.145,0.158,109.44,117.57,97.98,117.57,-0.045,49,0.3,1.0
1628963,Marvin Bagley III,Marvin,1610612765,DET,24.0,42,7,35,0.167,990.455,202,382,0.529,19,66,0.288,81,108,0.75,94,175,269,36,46,19,30,17,81,97,504,-229,981.8,8,0,926.0,1,2022-23,23.6,107.0,107.3,107.3,116.9,117.9,117.9,-9.9,-10.6,-10.6,0.058,0.78,7.0,0.091,0.179,0.133,9.0,9.0,0.554,0.587,0.202,0.206,100.68,100.15,83.46,100.15,0.112,2062,4.8,9.1
203486,Mason Plumlee,Mason,1610612746,LAC,33.0,79,28,51,0.354,2052.945,329,484,0.68,0,0,0.0,199,313,0.636,229,471,700,245,117,46,47,38,217,254,857,-269,2226.5,23,0,1988.0,2,2022-23,26.0,110.2,111.5,111.5,116.9,117.4,117.4,-6.7,-5.9,-5.9,0.166,2.09,24.9,0.105,0.238,0.168,11.9,11.9,0.68,0.689,0.149,0.151,103.07,102.23,85.19,102.23,0.127,4368,4.2,6.1
1629680,Matisse Thybulle,Matisse,1610612757,POR,26.0,71,38,33,0.535,1200.4383333333333,110,253,0.435,54,148,0.365,19,28,0.679,40,100,140,53,24,83,32,7,113,33,293,-14,861.5,0,0,770.0,2,2022-23,16.9,110.5,109.9,109.9,109.4,110.3,110.3,1.1,-0.5,-0.5,0.059,2.21,15.5,0.032,0.085,0.058,7.0,7.0,0.542,0.552,0.102,0.105,101.84,101.68,84.74,101.68,0.055,2542,1.5,3.6
1630346,Matt Ryan,Matt,1610612750,MIN,26.0,34,15,19,0.441,310.1816666666667,40,108,0.37,32,84,0.381,10,12,0.833,4,22,26,16,7,5,1,4,27,10,122,21,188.2,0,0,208.0,2,2022-23,9.1,114.2,112.3,112.3,110.6,110.1,110.1,3.6,2.2,2.2,0.068,2.29,11.8,0.013,0.067,0.041,5.1,5.1,0.519,0.538,0.157,0.164,105.24,106.39,88.66,106.39,0.047,690,1.2,3.2
203521,Matthew Dellavedova,Matthew,1610612758,SAC,32.0,32,19,13,0.594,212.79833333333332,17,50,0.34,9,27,0.333,4,7,0.571,1,12,13,41,10,7,0,1,20,14,47,-51,135.1,0,0,124.0,1,2022-23,6.6,102.4,98.3,98.3,108.2,107.1,107.1,-5.8,-8.8,-8.8,0.279,4.1,39.4,0.005,0.054,0.03,9.6,9.6,0.43,0.443,0.122,0.129,104.15,106.81,89.0,106.81,0.051,469,0.5,1.6
1631108,Max Christie,Max,1610612747,LAL,20.0,41,19,22,0.463,512.425,44,106,0.415,26,62,0.419,14,16,0.875,7,68,75,21,13,9,7,6,33,10,128,-77,284.5,0,0,282.0,1,2022-23,12.5,106.4,106.1,106.1,114.6,113.2,113.2,-8.2,-7.1,-7.1,0.054,1.62,14.2,0.012,0.126,0.068,8.8,8.8,0.538,0.566,0.1,0.103,102.76,103.55,86.3,103.55,0.058,1106,1.1,2.6
1629622,Max Strus,Max,1610612748,MIA,27.0,80,42,38,0.525,2271.978333333333,324,790,0.41,197,563,0.35,78,89,0.876,49,209,258,171,69,42,12,23,166,91,923,-145,1582.1,2,0,1657.0,1,2022-23,28.4,107.8,109.3,109.3,111.9,113.1,113.1,-4.1,-3.8,-3.8,0.115,2.48,16.1,0.021,0.097,0.058,6.5,6.5,0.535,0.557,0.17,0.175,98.73,97.54,81.29,97.54,0.073,4631,4.1,9.9
1628467,Maxi Kleber,Maxi,1610612742,DAL,31.0,37,18,19,0.486,929.7683333333332,77,169,0.456,39,112,0.348,27,38,0.711,30,105,135,52,27,12,30,5,85,41,220,-43,559.0,0,0,530.0,1,2022-23,25.1,110.9,110.7,110.7,113.9,113.6,113.6,-3.0,-2.9,-2.9,0.079,1.93,19.7,0.033,0.116,0.074,10.2,10.2,0.571,0.592,0.1,0.104,98.65,98.84,82.36,98.84,0.056,1920,2.1,4.6
1630593,McKinley Wright IV,McKinley,1610612742,DAL,24.0,27,14,13,0.519,335.03,46,98,0.469,9,28,0.321,13,19,0.684,9,38,47,58,19,8,5,7,24,21,114,-110,277.4,0,0,254.0,1,2022-23,12.4,103.7,102.7,102.7,117.2,117.6,117.6,-13.5,-14.9,-14.9,0.275,3.05,31.9,0.026,0.109,0.067,10.4,10.4,0.515,0.536,0.16,0.168,100.07,100.36,83.63,100.36,0.091,698,1.7,3.6
203086,Meyers Leonard,Meyers,1610612749,MIL,31.0,9,6,3,0.667,113.73833333333332,14,29,0.483,7,18,0.389,8,9,0.889,12,22,34,1,6,2,0,2,16,12,43,-27,85.3,1,0,89.0,1,2022-23,12.6,113.4,109.8,109.8,122.4,122.2,122.2,-9.1,-12.5,-12.5,0.012,0.17,2.5,0.103,0.195,0.148,15.0,15.0,0.603,0.652,0.14,0.147,101.45,103.18,85.99,103.18,0.068,246,1.6,3.2
1629662,Mfiondu Kabengele,Mfiondu,1610612738,BOS,25.0,4,3,1,0.75,36.43333333333333,2,7,0.286,0,3,0.0,2,2,1.0,5,5,10,0,1,2,0,0,3,5,6,-5,23.0,0,0,20.0,1,2022-23,9.1,107.4,108.3,108.3,119.3,115.3,115.3,-11.9,-6.9,-6.9,0.0,0.0,0.0,0.132,0.152,0.141,11.1,11.3,0.286,0.381,0.107,0.109,93.7,94.86,79.05,94.86,0.046,72,0.5,1.8
1630695,Micah Potter,Micah,1610612762,UTA,25.0,7,4,3,0.571,52.44,10,15,0.667,4,7,0.571,0,0,0.0,3,13,16,4,2,1,0,0,5,2,24,-3,50.2,1,0,50.0,1,2022-23,7.5,97.4,95.8,95.8,99.3,100.0,100.0,-1.9,-4.2,-4.2,0.133,2.0,19.0,0.046,0.22,0.129,9.5,9.5,0.8,0.8,0.121,0.127,107.48,108.01,90.01,108.01,0.159,119,1.4,2.1
203487,Michael Carter-Williams,Michael,1610612753,ORL,31.0,4,1,3,0.25,44.48333333333333,6,14,0.429,1,3,0.333,4,7,0.571,1,4,5,7,4,1,1,2,5,6,17,-26,35.5,0,0,34.0,1,2022-23,11.1,98.7,95.7,95.7,129.0,128.1,128.1,-30.3,-32.4,-32.4,0.28,1.75,25.0,0.021,0.125,0.063,14.3,14.2,0.464,0.498,0.191,0.202,95.76,97.65,81.38,97.65,0.055,92,1.5,3.5
1630701,Michael Foster Jr.,Michael,1610612755,PHI,20.0,1,1,0,1.0,1.0333333333333334,0,0,0.0,0,0,0.0,0,0,0.0,0,0,0,0,0,0,0,0,0,0,0,-2,0.0,0,0,0.0,1,2022-23,1.0,0.0,0.0,0.0,200.0,100.0,100.0,-200.0,-100.0,-100.0,0.0,0.0,0.0,0.0,0.0,0.0,0.0,0.0,0.0,0.0,0.0,0.0,69.68,92.9,77.42,92.9,0.0,2,0.0,0.0
1629008,Michael Porter Jr.,Michael,1610612743,DEN,25.0,62,41,21,0.661,1797.8933333333334,398,817,0.487,188,454,0.414,96,120,0.8,64,277,341,65,68,37,29,29,119,85,1080,418,1716.7,3,0,1806.0,1,2022-23,29.0,121.1,122.6,122.6,111.4,112.2,112.2,9.8,10.4,10.4,0.048,0.96,6.5,0.038,0.151,0.097,6.8,6.8,0.602,0.621,0.22,0.224,101.44,100.42,83.69,100.42,0.103,3773,6.4,13.2
1628969,Mikal Bridges,Mikal,1610612751,BKN,26.0,83,42,41,0.506,2963.1766666666667,593,1267,0.468,169,442,0.382,316,353,0.895,79,285,364,273,127,91,61,54,159,280,1671,36,2846.3,2,0,2781.0,2,2022-23,35.7,112.4,114.0,114.0,111.1,113.2,113.2,1.3,0.8,0.8,0.141,2.15,15.1,0.026,0.094,0.06,7.0,7.0,0.535,0.587,0.223,0.228,100.21,98.56,82.13,98.56,0.112,6079,7.1,15.3
201144,Mike Conley,Mike,1610612750,MIN,35.0,67,34,33,0.507,2028.055,261,610,0.428,135,351,0.385,141,169,0.834,33,149,182,450,103,73,14,14,139,172,798,60,1849.4,6,0,1739.0,2,2022-23,30.3,115.6,117.3,117.3,115.0,116.1,116.1,0.6,1.3,1.3,0.295,4.37,36.6,0.016,0.075,0.045,8.4,8.3,0.539,0.583,0.161,0.165,101.26,100.09,83.41,100.09,0.099,4232,3.9,9.1
203488,Mike Muscala,Mike,1610612738,BOS,31.0,63,32,31,0.508,945.09,131,292,0.449,81,207,0.391,40,52,0.769,37,166,203,50,23,15,24,10,98,50,383,204,795.6,0,0,795.0,2,2022-23,15.0,117.0,116.4,116.4,108.3,107.6,107.6,8.7,8.8,8.8,0.069,2.17,12.9,0.038,0.161,0.102,5.9,5.9,0.587,0.608,0.146,0.151,103.61,104.22,86.85,104.22,0.087,2062,2.1,4.6
1630540,Miles McBride,Miles,1610612752,NYK,22.0,64,36,28,0.563,760.2466666666667,77,215,0.358,40,134,0.299,28,42,0.667,13,37,50,72,25,37,8,11,60,39,222,53,500.0,0,0,474.0,1,2022-23,11.9,112.6,110.9,110.9,107.1,107.3,107.3,5.5,3.6,3.6,0.13,2.88,21.7,0.016,0.047,0.031,7.5,7.6,0.451,0.475,0.141,0.147,98.84,99.5,82.92,99.5,0.049,1574,1.2,3.4
1629011,Mitchell Robinson,Mitchell,1610612752,NYK,25.0,59,35,24,0.593,1588.8283333333334,188,280,0.671,0,0,0.0,59,122,0.484,267,288,555,53,41,56,109,27,160,113,435,185,1634.5,13,0,1373.0,1,2022-23,26.9,118.3,119.9,119.9,111.3,112.6,112.6,7.0,7.3,7.3,0.044,1.29,12.3,0.164,0.178,0.171,9.5,9.6,0.671,0.652,0.101,0.102,98.38,97.13,80.94,97.13,0.101,3194,3.2,4.7
1628964,Mo Bamba,Mo,1610612747,LAL,25.0,49,25,24,0.51,768.4283333333333,117,241,0.485,48,124,0.387,41,62,0.661,58,167,225,46,30,13,43,14,105,49,323,8,800.0,2,0,754.0,2,2022-23,15.7,112.8,113.0,113.0,110.8,111.5,111.5,2.0,1.5,1.5,0.086,1.53,13.4,0.076,0.198,0.14,8.7,8.7,0.585,0.602,0.166,0.171,99.72,99.32,82.77,99.32,0.101,1583,2.4,4.9
1628420,Monte Morris,Monte,1610612764,WAS,28.0,62,28,34,0.452,1696.0866666666666,247,515,0.48,78,204,0.382,64,77,0.831,26,184,210,326,60,43,13,19,75,72,636,6,1485.0,2,0,1362.0,1,2022-23,27.4,116.0,117.4,117.4,116.7,117.3,117.3,-0.7,0.1,0.1,0.249,5.43,35.0,0.016,0.106,0.063,6.4,6.4,0.555,0.579,0.155,0.158,100.48,99.63,83.03,99.63,0.102,3521,4.0,8.3
1626149,Montrezl Harrell,Montrezl,1610612755,PHI,29.0,57,35,22,0.614,681.075,125,209,0.598,0,6,0.0,70,101,0.693,67,92,159,33,35,17,25,19,75,95,320,19,651.3,1,0,596.0,1,2022-23,11.9,112.5,111.9,111.9,109.5,109.6,109.6,3.0,2.2,2.2,0.073,0.94,10.3,0.1,0.133,0.117,11.0,10.9,0.598,0.631,0.178,0.185,101.08,101.28,84.4,101.28,0.103,1431,2.2,3.7
1629021,Moritz Wagner,Moritz,1610612753,ORL,26.0,57,27,30,0.474,1109.4666666666667,198,396,0.5,51,163,0.313,153,182,0.841,69,190,259,84,68,37,13,31,136,150,600,-27,1118.8,3,0,1094.0,1,2022-23,19.5,108.3,109.4,109.4,109.8,110.6,110.6,-1.5,-1.1,-1.1,0.115,1.24,13.4,0.06,0.172,0.115,10.8,10.8,0.564,0.63,0.201,0.206,103.2,102.32,85.27,102.32,0.115,2365,3.5,6.9
1629650,Moses Brown,Moses,1610612746,LAC,23.0,36,17,19,0.472,294.145,61,96,0.635,0,0,0.0,33,72,0.458,57,82,139,4,15,4,14,11,39,51,155,27,366.8,3,0,334.0,2,2022-23,8.2,111.3,111.5,111.5,109.2,108.1,108.1,2.2,3.5,3.5,0.021,0.27,2.7,0.165,0.262,0.211,10.2,10.2,0.635,0.607,0.188,0.195,101.3,101.75,84.79,101.75,0.133,626,1.7,2.7
1630541,Moses Moody,Moses,1610612744,GSW,21.0,63,37,26,0.587,817.1466666666666,108,227,0.476,49,135,0.363,37,53,0.698,28,77,105,51,34,18,7,10,54,54,302,-7,545.5,0,0,557.0,1,2022-23,13.0,111.2,110.7,110.7,110.8,111.3,111.3,0.4,-0.6,-0.6,0.085,1.5,15.4,0.034,0.091,0.063,10.2,10.1,0.584,0.603,0.141,0.147,103.89,103.94,86.62,103.94,0.07,1771,1.7,3.6
1631217,Moussa Diabaté,Moussa,1610612746,LAC,21.0,22,10,12,0.455,195.49666666666667,24,47,0.511,1,2,0.5,10,16,0.625,31,19,50,4,9,7,8,6,15,16,59,-22,161.0,0,0,144.0,1,2022-23,8.9,106.9,109.2,109.2,116.1,112.4,112.4,-9.2,-3.2,-3.2,0.029,0.44,6.1,0.137,0.106,0.123,13.6,13.4,0.521,0.546,0.125,0.13,101.82,102.39,85.32,102.39,0.068,413,1.1,2.1
1626167,Myles Turner,Myles,1610612754,IND,27.0,62,29,33,0.468,1825.21,402,733,0.548,93,249,0.373,216,276,0.783,88,378,466,89,103,36,140,31,215,254,1113,-47,2230.7,18,0,2113.0,1,2022-23,29.4,113.3,115.1,115.1,115.4,116.3,116.3,-2.1,-1.2,-1.2,0.074,0.86,8.5,0.049,0.205,0.128,9.8,9.8,0.612,0.651,0.225,0.228,102.42,101.22,84.35,101.22,0.125,3849,6.5,11.8
1630230,Naji Marshall,Naji,1610612740,NOP,25.0,77,40,37,0.519,1792.0366666666666,247,571,0.433,66,218,0.303,138,175,0.789,48,231,279,189,97,54,14,39,113,129,698,6,1423.3,0,0,1368.0,1,2022-23,23.3,110.7,111.2,111.2,110.3,111.4,111.4,0.3,-0.1,-0.1,0.147,1.95,20.4,0.027,0.132,0.079,10.5,10.4,0.49,0.539,0.172,0.179,101.79,101.09,84.24,101.09,0.086,3779,3.2,7.4
1629642,Nassir Little,Nassir,1610612757,POR,23.0,54,22,32,0.407,976.0566666666666,134,303,0.442,58,158,0.367,33,46,0.717,27,114,141,50,36,20,20,19,66,37,359,-190,687.2,0,0,688.0,1,2022-23,18.1,111.1,111.1,111.1,119.6,119.9,119.9,-8.6,-8.8,-8.8,0.075,1.39,12.2,0.028,0.122,0.075,8.8,8.8,0.538,0.555,0.158,0.162,99.71,99.56,82.97,99.56,0.068,2019,2.5,5.6
1631466,Nate Williams,Nate,1610612757,POR,24.0,5,1,4,0.2,126.56666666666666,24,39,0.615,3,8,0.375,2,3,0.667,10,5,15,10,4,3,2,2,13,2,53,-38,97.0,0,0,91.0,1,2022-23,25.3,109.7,109.7,109.7,119.9,120.7,120.7,-10.3,-11.0,-11.0,0.1,2.5,18.5,0.07,0.039,0.056,7.4,7.4,0.654,0.657,0.139,0.143,107.3,106.95,89.12,106.95,0.067,279,4.8,7.8
1630233,Nathan Knight,Nathan,1610612750,MIN,25.0,38,19,19,0.5,290.74833333333333,46,81,0.568,8,22,0.364,39,57,0.684,22,34,56,13,21,10,6,7,41,33,139,-9,252.7,0,0,248.0,1,2022-23,7.7,110.9,109.6,109.6,112.6,111.9,111.9,-1.7,-2.3,-2.3,0.065,0.62,9.2,0.072,0.118,0.094,14.9,15.0,0.617,0.655,0.177,0.183,105.28,106.24,88.53,106.24,0.076,646,1.2,2.1
1629675,Naz Reid,Naz,1610612750,MIN,23.0,68,32,36,0.471,1250.9083333333333,310,577,0.537,75,217,0.346,86,127,0.677,73,260,333,77,92,42,53,33,176,110,781,-128,1489.1,4,0,1456.0,1,2022-23,18.4,108.7,109.2,109.2,112.8,113.3,113.3,-4.0,-4.2,-4.2,0.098,0.84,9.6,0.058,0.205,0.132,11.5,11.5,0.602,0.617,0.242,0.248,104.87,104.39,86.99,104.39,0.122,2714,4.6,8.5
1629674,Neemias Queta,Neemias,1610612758,SAC,23.0,5,1,4,0.2,28.69,6,9,0.667,0,0,0.0,0,2,0.0,5,6,11,1,1,0,2,0,7,2,12,-30,31.7,0,0,28.0,1,2022-23,5.7,80.9,78.3,78.3,119.0,121.7,121.7,-38.1,-43.5,-43.5,0.067,1.0,8.3,0.135,0.214,0.169,8.3,8.4,0.667,0.607,0.141,0.152,114.84,115.44,96.2,115.44,0.089,69,1.2,1.8
203457,Nerlens Noel,Nerlens,1610612751,BKN,29.0,17,4,13,0.235,194.68,13,36,0.361,1,2,0.5,8,12,0.667,10,36,46,10,13,16,10,2,32,16,35,-75,170.2,0,0,144.0,2,2022-23,11.5,98.2,97.4,97.4,114.9,114.2,114.2,-16.7,-16.8,-16.8,0.074,0.77,15.6,0.047,0.189,0.114,20.3,20.2,0.375,0.424,0.113,0.118,104.66,105.4,87.84,105.4,0.046,426,0.8,2.1
1629651,Nic Claxton,Nic,1610612751,BKN,24.0,76,41,35,0.539,2270.6566666666668,414,587,0.705,0,2,0.0,133,246,0.541,184,518,702,144,96,65,189,29,212,220,961,119,2685.4,28,0,2315.0,1,2022-23,29.9,115.1,115.1,115.1,109.0,111.3,111.3,6.2,3.7,3.7,0.091,1.5,15.5,0.088,0.213,0.155,10.3,10.3,0.705,0.691,0.155,0.158,99.65,98.59,82.16,98.59,0.134,4640,5.4,7.7
1630208,Nick Richards,Nick,1610612766,CHA,25.0,65,21,44,0.323,1217.675,197,313,0.629,1,1,1.0,137,183,0.749,147,269,416,38,59,11,71,38,154,159,532,-113,1275.2,14,0,1151.0,1,2022-23,18.7,106.6,107.5,107.5,111.4,112.0,112.0,-4.7,-4.5,-4.5,0.046,0.64,7.8,0.113,0.21,0.161,12.2,12.0,0.631,0.676,0.151,0.156,102.6,101.86,84.88,101.86,0.12,2586,3.0,4.8
1629638,Nickeil Alexander-Walker,Nickeil,1610612750,MIN,24.0,59,29,30,0.492,883.885,131,295,0.444,61,159,0.384,40,60,0.667,15,86,101,108,55,32,21,13,88,69,363,-51,750.2,0,0,739.0,2,2022-23,15.0,109.9,109.8,109.8,111.8,111.8,111.8,-2.0,-2.0,-2.0,0.168,1.96,22.4,0.017,0.095,0.056,11.4,11.4,0.547,0.565,0.177,0.182,102.75,102.8,85.67,102.8,0.077,1887,2.2,5.0
201587,Nicolas Batum,Nicolas,1610612746,LAC,34.0,78,44,34,0.564,1709.57,160,381,0.42,124,317,0.391,34,48,0.708,62,237,299,121,50,54,44,5,149,41,478,165,1262.3,0,0,1218.0,1,2022-23,21.9,114.8,114.5,114.5,110.1,110.0,110.0,4.7,4.5,4.5,0.095,2.42,21.2,0.036,0.135,0.086,8.7,8.7,0.583,0.594,0.111,0.114,101.12,101.32,84.43,101.32,0.072,3609,2.1,4.9
203999,Nikola Jokić,Nikola,1610612743,DEN,28.0,69,48,21,0.696,2323.0066666666667,646,1022,0.632,57,149,0.383,341,415,0.822,167,650,817,678,247,87,47,49,174,392,1690,640,3842.4,58,29,3510.0,1,2022-23,33.7,122.7,124.2,124.2,110.8,111.6,111.6,11.9,12.5,12.5,0.412,2.74,32.1,0.08,0.283,0.186,11.7,11.6,0.66,0.701,0.263,0.268,101.4,100.42,83.68,100.42,0.211,4873,9.4,14.8
1631107,Nikola Jović,Nikola,1610612748,MIA,20.0,15,7,8,0.467,204.455,28,69,0.406,8,35,0.229,18,19,0.947,9,22,31,10,10,7,2,0,19,19,82,-16,151.2,0,0,149.0,1,2022-23,13.6,106.5,105.7,105.7,108.7,109.2,109.2,-2.2,-3.5,-3.5,0.076,1.0,10.3,0.043,0.119,0.079,10.3,10.3,0.464,0.53,0.185,0.191,99.03,99.19,82.66,99.19,0.07,422,1.9,4.6
202696,Nikola Vučević,Nikola,1610612741,CHI,32.0,82,40,42,0.488,2746.355,597,1148,0.52,121,347,0.349,132,158,0.835,159,744,903,265,139,60,57,44,179,174,1447,-20,3140.1,51,1,2970.0,1,2022-23,33.5,111.8,112.3,112.3,111.9,112.8,112.8,-0.1,-0.5,-0.5,0.146,1.91,16.4,0.062,0.274,0.172,8.6,8.6,0.573,0.594,0.218,0.222,99.98,99.31,82.76,99.31,0.143,5686,7.3,14.0
203943,Noah Vonleh,Noah,1610612738,BOS,27.0,23,17,6,0.739,171.635,11,24,0.458,1,4,0.25,2,2,1.0,18,30,48,7,11,2,8,4,35,4,25,-13,112.1,0,0,101.0,1,2022-23,7.5,113.7,111.8,111.8,114.6,113.2,113.2,-1.0,-1.4,-1.4,0.051,0.64,16.3,0.11,0.174,0.143,25.6,25.7,0.479,0.502,0.09,0.092,99.34,100.82,84.02,100.82,0.024,357,0.5,1.0
1626181,Norman Powell,Norman,1610612746,LAC,30.0,60,31,29,0.517,1567.135,340,710,0.479,114,287,0.397,225,277,0.812,24,151,175,109,101,50,18,39,125,223,1019,-124,1495.5,0,0,1553.0,1,2022-23,26.1,108.9,109.2,109.2,113.2,113.0,113.0,-4.3,-3.8,-3.8,0.115,1.08,10.4,0.015,0.093,0.055,9.7,9.7,0.559,0.612,0.251,0.258,101.74,101.66,84.72,101.66,0.11,3320,5.7,11.8
1628384,OG Anunoby,OG,1610612761,TOR,25.0,67,33,34,0.493,2385.651666666666,421,885,0.476,142,367,0.387,140,167,0.838,95,237,332,131,132,128,50,65,200,155,1124,132,2120.9,2,0,2085.0,1,2022-23,35.6,112.4,114.4,114.4,110.7,111.4,111.4,1.6,3.0,3.0,0.08,0.99,10.7,0.037,0.11,0.07,10.8,10.8,0.556,0.586,0.192,0.195,99.51,98.34,81.95,98.34,0.087,4881,6.3,13.2
1630167,Obi Toppin,Obi,1610612752,NYK,25.0,67,37,30,0.552,1050.5083333333334,187,419,0.446,85,247,0.344,38,47,0.809,29,158,187,66,38,23,12,15,68,34,497,57,887.4,0,0,905.0,1,2022-23,15.7,112.4,112.8,112.8,109.2,110.4,110.4,3.2,2.4,2.4,0.091,1.74,12.1,0.026,0.139,0.083,7.0,7.0,0.548,0.565,0.187,0.191,102.13,101.35,84.45,101.35,0.095,2220,2.8,6.3
1630534,Ochai Agbaji,Ochai,1610612762,UTA,23.0,59,29,30,0.492,1209.2066666666667,165,386,0.427,81,228,0.355,56,69,0.812,43,78,121,67,41,16,15,20,99,49,467,-19,764.7,0,0,798.0,1,2022-23,20.5,113.4,114.4,114.4,113.8,114.6,114.6,-0.4,-0.2,-0.2,0.072,1.63,12.8,0.034,0.058,0.047,7.8,7.8,0.532,0.561,0.154,0.156,104.21,103.39,86.16,103.39,0.052,2598,2.8,6.5
1630846,Olivier Sarr,Olivier,1610612760,OKC,24.0,9,5,4,0.556,113.64166666666668,15,30,0.5,1,8,0.125,5,7,0.714,12,19,31,4,4,1,5,0,17,12,36,14,93.2,1,0,84.0,1,2022-23,12.6,108.9,110.9,110.9,105.2,104.2,104.2,3.7,6.8,6.8,0.048,1.0,9.8,0.09,0.147,0.118,9.8,9.7,0.517,0.544,0.13,0.135,101.4,100.95,84.12,100.95,0.069,238,1.7,3.3
1630209,Omer Yurtseven,Omer,1610612748,MIA,25.0,9,5,4,0.556,83.23166666666667,16,27,0.593,3,7,0.429,5,6,0.833,8,15,23,2,4,2,2,1,16,9,40,10,78.6,0,0,76.0,1,2022-23,9.2,118.4,117.2,117.2,113.8,115.5,115.5,4.6,1.7,1.7,0.035,0.5,5.7,0.089,0.179,0.132,11.4,11.2,0.648,0.675,0.159,0.169,102.34,102.08,85.06,102.08,0.088,180,1.8,3.0
1630168,Onyeka Okongwu,Onyeka,1610612737,ATL,22.0,80,41,39,0.513,1848.555,317,497,0.638,4,13,0.308,153,196,0.781,217,359,576,81,81,56,107,43,251,166,791,63,2011.7,12,0,1778.0,1,2022-23,23.1,113.9,114.2,114.2,111.4,112.4,112.4,2.5,1.8,1.8,0.06,1.0,10.9,0.117,0.19,0.154,10.9,10.9,0.642,0.678,0.15,0.153,102.39,101.77,84.81,101.77,0.111,3916,4.0,6.2
1631115,Orlando Robinson,Orlando,1610612748,MIA,22.0,31,18,13,0.581,425.15,47,89,0.528,0,6,0.0,22,31,0.71,48,78,126,25,16,12,12,8,53,33,116,27,360.7,0,0,315.0,1,2022-23,13.7,109.7,110.3,110.3,106.9,106.6,106.6,2.8,3.8,3.8,0.086,1.56,17.5,0.108,0.201,0.151,11.2,11.1,0.528,0.565,0.116,0.121,97.72,97.6,81.34,97.6,0.086,862,1.5,2.9
1629052,Oshae Brissett,Oshae,1610612754,IND,25.0,65,27,38,0.415,1083.1766666666667,123,319,0.386,48,155,0.31,104,145,0.717,62,156,218,44,34,33,13,22,79,92,398,22,829.6,1,0,800.0,1,2022-23,16.7,110.8,112.4,112.4,111.8,111.8,111.8,-1.0,0.6,0.6,0.055,1.29,9.5,0.054,0.144,0.098,7.4,7.4,0.461,0.52,0.155,0.159,102.93,102.21,85.18,102.21,0.073,2310,1.9,4.9
203490,Otto Porter Jr.,Otto,1610612761,TOR,30.0,8,4,4,0.5,146.34166666666667,15,30,0.5,6,17,0.353,8,8,1.0,6,13,19,8,4,11,0,0,7,13,44,-21,107.8,0,0,99.0,1,2022-23,18.3,108.1,109.5,109.5,116.2,114.6,114.6,-8.1,-5.0,-5.0,0.078,2.0,17.8,0.038,0.096,0.064,8.9,8.8,0.6,0.656,0.104,0.107,100.48,100.53,83.78,100.53,0.09,304,1.9,3.8
1631172,Ousmane Dieng,Ousmane,1610612760,OKC,20.0,39,20,19,0.513,568.71,76,181,0.42,26,98,0.265,15,23,0.652,19,86,105,46,26,14,7,8,42,19,193,39,425.0,0,0,412.0,1,2022-23,14.6,110.2,110.3,110.3,107.0,107.4,107.4,3.2,2.9,2.9,0.108,1.77,17.5,0.03,0.141,0.085,9.9,9.9,0.492,0.505,0.154,0.159,102.95,102.67,85.56,102.67,0.074,1218,1.9,4.6
200782,P.J. Tucker,P.J.,1610612755,PHI,38.0,75,48,27,0.64,1920.055,96,225,0.427,55,140,0.393,19,23,0.826,95,200,295,60,44,39,15,9,180,58,266,135,828.0,0,0,784.0,1,2022-23,25.6,116.4,117.3,117.3,111.7,113.3,113.3,4.7,4.0,4.0,0.04,1.36,17.7,0.055,0.108,0.082,13.0,13.0,0.549,0.566,0.066,0.067,97.54,96.47,80.39,96.47,0.032,3851,1.3,3.0
1629023,P.J. Washington,P.J.,1610612766,CHA,24.0,73,24,49,0.329,2379.563333333333,434,978,0.444,149,428,0.348,127,174,0.73,73,285,358,175,110,66,79,62,193,151,1144,-375,2161.1,3,0,2116.0,1,2022-23,32.6,106.5,107.5,107.5,113.8,114.8,114.8,-7.3,-7.2,-7.2,0.107,1.59,13.1,0.028,0.118,0.071,8.2,8.2,0.52,0.542,0.2,0.204,104.14,103.2,86.0,103.2,0.083,5114,5.9,13.4
1628408,PJ Dozier,PJ,1610612758,SAC,26.0,16,11,5,0.688,79.34666666666666,10,33,0.303,2,16,0.125,0,0,0.0,1,13,14,10,5,6,1,1,7,6,22,-23,69.8,0,0,62.0,1,2022-23,5.0,98.9,94.1,94.1,107.9,107.0,107.0,-9.0,-12.9,-12.9,0.196,2.0,20.8,0.012,0.171,0.089,10.4,10.4,0.333,0.333,0.203,0.215,100.21,103.14,85.95,103.14,0.058,170,0.6,2.1
1631094,Paolo Banchero,Paolo,1610612753,ORL,20.0,72,31,41,0.431,2429.7233333333334,479,1122,0.427,85,285,0.298,394,534,0.738,84,413,497,269,200,60,39,92,160,362,1437,-215,2533.9,14,0,2486.0,1,2022-23,33.7,109.5,111.1,111.1,113.8,115.3,115.3,-4.4,-4.2,-4.2,0.171,1.35,14.7,0.035,0.174,0.104,10.9,11.0,0.465,0.529,0.272,0.275,102.04,100.66,83.89,100.66,0.108,5095,6.7,15.6
1627783,Pascal Siakam,Pascal,1610612761,TOR,29.0,71,35,36,0.493,2652.036666666667,630,1313,0.48,93,287,0.324,367,474,0.774,131,425,556,415,169,65,36,35,228,401,1720,123,3143.7,24,2,2986.0,1,2022-23,37.4,113.6,115.6,115.6,111.9,113.3,113.3,1.7,2.4,2.4,0.244,2.46,19.7,0.047,0.177,0.107,8.0,8.0,0.515,0.565,0.27,0.274,99.6,98.17,81.81,98.17,0.135,5422,8.9,18.5
1626192,Pat Connaughton,Pat,1610612749,MIL,30.0,61,43,18,0.705,1442.735,165,421,0.392,109,322,0.339,27,41,0.659,50,233,283,77,33,37,11,14,69,51,466,134,1032.1,2,0,1031.0,1,2022-23,23.7,114.9,113.3,113.3,109.6,109.9,109.9,5.3,3.4,3.4,0.069,2.33,14.1,0.033,0.144,0.09,6.0,6.0,0.521,0.531,0.133,0.138,102.85,103.42,86.18,103.42,0.075,3121,2.7,6.9
1631116,Patrick Baldwin Jr.,Patrick,1610612744,GSW,20.0,31,15,16,0.484,225.845,43,109,0.394,32,84,0.381,4,6,0.667,1,39,40,11,11,6,4,3,14,4,122,-51,205.5,0,0,225.0,1,2022-23,7.3,102.6,100.8,100.8,114.6,113.2,113.2,-12.0,-12.3,-12.3,0.083,1.0,8.2,0.004,0.188,0.091,8.2,8.2,0.541,0.546,0.227,0.237,101.15,102.65,85.55,102.65,0.092,487,1.4,3.5
201976,Patrick Beverley,Patrick,1610612741,CHI,34.0,67,34,33,0.507,1816.5266666666664,144,360,0.4,80,239,0.335,47,65,0.723,44,203,247,194,60,63,41,12,187,92,415,-80,1254.4,2,0,1144.0,2,2022-23,27.1,110.7,111.6,111.6,112.4,113.1,113.1,-1.7,-1.5,-1.5,0.137,3.23,30.1,0.025,0.111,0.068,9.3,9.3,0.511,0.534,0.107,0.109,100.85,100.08,83.4,100.08,0.056,3777,2.1,5.4
1630172,Patrick Williams,Patrick,1610612741,CHI,21.0,82,40,42,0.488,2322.8416666666667,314,677,0.464,115,277,0.415,90,105,0.857,78,249,327,100,101,72,70,38,147,101,833,-142,1700.4,1,0,1659.0,1,2022-23,28.3,111.4,110.7,110.7,112.0,113.2,113.2,-0.6,-2.4,-2.4,0.059,0.99,10.8,0.036,0.107,0.072,10.9,10.9,0.549,0.576,0.156,0.159,100.3,100.05,83.37,100.05,0.069,4831,3.8,8.3
201988,Patty Mills,Patty,1610612751,BKN,34.0,40,18,22,0.45,566.6483333333333,86,209,0.411,49,134,0.366,25,30,0.833,8,36,44,56,30,15,3,7,32,26,246,-66,406.8,0,0,431.0,1,2022-23,14.2,110.7,111.2,111.2,116.2,117.0,117.0,-5.5,-5.8,-5.8,0.136,1.87,18.2,0.014,0.062,0.037,9.8,9.7,0.529,0.554,0.182,0.186,104.06,103.51,86.26,103.51,0.069,1224,2.2,5.2
202331,Paul George,Paul,1610612746,LAC,33.0,56,32,24,0.571,1938.8916666666669,459,1004,0.457,158,426,0.371,256,294,0.871,45,297,342,288,176,83,20,37,159,230,1332,157,2307.4,8,1,2326.0,1,2022-23,34.6,115.2,116.5,116.5,111.5,112.5,112.5,3.7,4.0,4.0,0.237,1.64,18.1,0.025,0.153,0.091,11.1,11.0,0.536,0.588,0.294,0.301,99.44,98.46,82.05,98.46,0.135,3976,8.2,17.9
1630194,Paul Reed,Paul,1610612755,PHI,24.0,69,44,25,0.638,755.1633333333333,124,209,0.593,1,6,0.167,38,51,0.745,112,150,262,27,45,45,51,17,123,46,287,-17,884.9,5,0,769.0,1,2022-23,10.9,112.4,111.0,111.0,111.1,111.5,111.5,1.3,-0.4,-0.4,0.051,0.6,8.9,0.147,0.207,0.176,14.9,14.8,0.596,0.62,0.152,0.158,99.62,100.08,83.4,100.08,0.106,1570,1.8,3.0
1630202,Payton Pritchard,Payton,1610612738,BOS,25.0,48,32,16,0.667,642.7766666666666,101,245,0.412,56,154,0.364,12,16,0.75,25,63,88,64,40,14,1,9,37,13,270,12,476.6,1,1,508.0,1,2022-23,13.4,109.3,107.9,107.9,107.4,106.5,106.5,1.8,1.4,1.4,0.153,1.6,18.0,0.038,0.094,0.066,11.2,11.2,0.527,0.536,0.193,0.2,98.62,99.69,83.08,99.69,0.076,1332,2.1,5.1
1631212,Peyton Watson,Peyton,1610612743,DEN,20.0,23,13,10,0.565,186.11166666666668,29,59,0.492,6,14,0.429,11,20,0.55,8,29,37,11,8,2,11,4,14,13,75,-47,166.9,0,0,155.0,1,2022-23,8.1,103.0,101.6,101.6,115.1,113.5,113.5,-12.0,-12.0,-12.0,0.087,1.38,12.6,0.043,0.139,0.093,9.2,9.2,0.542,0.553,0.174,0.179,97.55,98.91,82.42,98.91,0.087,383,1.3,2.6
1630173,Precious Achiuwa,Precious,1610612761,TOR,23.0,55,30,25,0.545,1140.52,196,404,0.485,29,108,0.269,87,124,0.702,100,228,328,50,59,31,30,31,102,91,508,-37,1100.6,10,0,1037.0,1,2022-23,20.7,113.0,114.0,114.0,114.4,115.6,115.6,-1.4,-1.6,-1.6,0.063,0.85,8.8,0.083,0.213,0.144,10.4,10.4,0.521,0.554,0.19,0.195,99.01,98.04,81.7,98.04,0.1,2330,3.6,7.3
1629656,Quentin Grimes,Quentin,1610612752,NYK,23.0,71,41,30,0.577,2120.9066666666668,282,602,0.468,157,407,0.386,78,98,0.796,49,180,229,150,69,47,26,20,177,81,799,186,1448.8,0,0,1481.0,1,2022-23,29.9,117.2,118.6,118.6,112.9,114.2,114.2,4.4,4.4,4.4,0.096,2.17,17.4,0.022,0.085,0.053,8.0,8.0,0.599,0.619,0.142,0.145,99.11,97.97,81.64,97.97,0.07,4328,4.0,8.5
1631245,Quenton Jackson,Quenton,1610612764,WAS,24.0,9,3,6,0.333,134.58333333333334,19,42,0.452,1,12,0.083,17,22,0.773,2,6,8,15,4,4,1,3,10,21,56,-17,99.1,0,0,90.0,1,2022-23,15.0,106.6,104.6,104.6,112.7,111.3,111.3,-6.0,-6.7,-6.7,0.155,3.75,21.1,0.014,0.044,0.029,5.6,5.7,0.464,0.542,0.164,0.169,105.87,107.53,89.61,107.53,0.071,303,2.1,4.7
1630181,R.J. Hampton,R.J.,1610612765,DET,22.0,47,9,38,0.191,749.635,102,237,0.43,41,116,0.353,57,76,0.75,18,69,87,54,42,27,9,14,51,62,302,-140,553.4,0,0,556.0,2,2022-23,15.9,107.6,107.1,107.1,114.5,115.8,115.8,-7.0,-8.7,-8.7,0.11,1.29,14.8,0.024,0.093,0.058,11.5,11.5,0.517,0.558,0.175,0.18,100.12,99.76,83.13,99.76,0.074,1556,2.2,5.0
1629628,RJ Barrett,RJ,1610612752,NYK,23.0,73,40,33,0.548,2475.465,510,1176,0.434,121,390,0.31,290,392,0.74,60,308,368,201,164,31,15,94,179,268,1431,-62,2148.1,3,0,2213.0,1,2022-23,33.9,114.3,115.3,115.3,114.9,116.5,116.5,-0.6,-1.2,-1.2,0.124,1.23,11.7,0.023,0.121,0.071,9.6,9.6,0.485,0.531,0.256,0.262,99.98,98.88,82.4,98.88,0.087,5100,7.0,16.1
1630564,RaiQuan Gray,RaiQuan,1610612751,BKN,23.0,1,0,1,0.0,35.083333333333336,6,12,0.5,2,5,0.4,2,2,1.0,3,6,9,7,4,0,1,0,5,1,16,-14,36.3,0,0,36.0,1,2022-23,35.1,107.2,108.2,108.2,121.6,125.7,125.7,-14.4,-17.5,-17.5,0.35,1.75,29.2,0.075,0.176,0.122,16.7,16.8,0.583,0.621,0.205,0.204,102.72,100.56,83.8,100.56,0.107,73,6.0,12.0
203526,Raul Neto,Raul,1610612739,CLE,31.0,48,31,17,0.646,505.2316666666667,57,110,0.518,12,42,0.286,31,34,0.912,10,36,46,79,24,17,4,5,49,47,157,11,369.7,0,0,336.0,1,2022-23,10.5,112.5,111.2,111.2,109.0,109.8,109.8,3.5,1.4,1.4,0.226,3.29,34.5,0.022,0.071,0.048,10.5,10.5,0.573,0.628,0.133,0.136,96.57,96.76,80.64,96.76,0.087,1017,1.2,2.3
203493,Reggie Bullock Jr.,Reggie,1610612742,DAL,32.0,78,37,41,0.474,2364.485,192,470,0.409,151,397,0.38,26,37,0.703,32,251,283,108,36,54,13,9,166,31,561,-87,1227.6,1,0,1237.0,1,2022-23,30.3,114.2,114.7,114.7,115.2,116.5,116.5,-1.0,-1.8,-1.8,0.063,3.0,17.3,0.014,0.112,0.062,5.8,5.7,0.569,0.577,0.098,0.101,98.01,97.23,81.02,97.23,0.052,4790,2.5,6.0
202704,Reggie Jackson,Reggie,1610612743,DEN,33.0,68,36,32,0.529,1656.8533333333332,263,640,0.411,96,288,0.333,71,78,0.91,25,119,144,233,115,47,6,16,114,78,693,-79,1259.3,1,0,1272.0,2,2022-23,24.4,108.8,109.5,109.5,111.1,111.7,111.7,-2.3,-2.2,-2.2,0.211,2.03,22.9,0.015,0.071,0.043,11.3,11.2,0.486,0.514,0.205,0.21,99.05,98.47,82.06,98.47,0.073,3397,3.9,9.4
1626158,Richaun Holmes,Richaun,1610612758,SAC,29.0,42,22,20,0.524,347.575,55,89,0.618,5,8,0.625,15,19,0.789,29,51,80,9,14,3,11,8,50,20,130,-69,267.5,1,0,252.0,1,2022-23,8.3,105.3,104.2,104.2,115.4,113.5,113.5,-10.1,-9.3,-9.3,0.04,0.64,7.6,0.082,0.149,0.115,11.8,11.6,0.646,0.668,0.132,0.138,101.06,102.47,85.39,102.47,0.078,742,1.3,2.1
201937,Ricky Rubio,Ricky,1610612739,CLE,32.0,33,23,10,0.697,565.9933333333333,61,178,0.343,21,82,0.256,28,35,0.8,9,61,70,115,31,26,6,12,51,47,171,45,492.5,0,0,441.0,1,2022-23,17.2,107.2,107.2,107.2,104.0,104.2,104.2,3.2,3.0,3.0,0.295,3.71,33.8,0.015,0.112,0.062,9.1,9.1,0.402,0.442,0.172,0.176,98.3,98.21,81.84,98.21,0.084,1163,1.8,5.4
203496,Robert Covington,Robert,1610612746,LAC,32.0,48,20,28,0.417,778.6416666666667,102,229,0.445,54,136,0.397,30,40,0.75,31,135,166,57,32,38,33,9,86,35,288,-7,753.7,0,0,707.0,1,2022-23,16.2,109.0,109.2,109.2,109.9,110.2,110.2,-1.0,-1.0,-1.0,0.105,1.78,17.0,0.038,0.164,0.102,9.5,9.5,0.563,0.584,0.149,0.154,101.07,100.85,84.04,100.85,0.097,1640,2.1,4.8
1629057,Robert Williams III,Robert,1610612738,BOS,25.0,35,24,11,0.686,823.55,127,170,0.747,0,1,0.0,25,41,0.61,104,188,292,50,34,22,48,12,68,43,279,173,880.4,6,0,761.0,1,2022-23,23.5,115.9,116.3,116.3,105.3,105.0,105.0,10.6,11.4,11.4,0.086,1.47,18.5,0.124,0.209,0.168,12.6,12.5,0.747,0.742,0.113,0.116,100.23,100.19,83.49,100.19,0.13,1709,3.6,4.9
201577,Robin Lopez,Robin,1610612739,CLE,35.0,37,25,12,0.676,298.49833333333333,48,75,0.64,2,4,0.5,14,18,0.778,23,28,51,19,25,2,8,7,43,27,112,-58,206.7,0,0,204.0,1,2022-23,8.1,103.2,102.3,102.3,111.6,111.0,111.0,-8.4,-8.7,-8.7,0.105,0.76,15.1,0.075,0.097,0.086,19.8,19.7,0.653,0.675,0.156,0.161,98.64,99.38,82.81,99.38,0.07,616,1.3,2.0
203585,Rodney McGruder,Rodney,1610612765,DET,31.0,32,4,28,0.125,523.9016666666666,62,152,0.408,41,97,0.423,18,22,0.818,20,54,74,28,11,16,1,9,39,27,183,-44,353.8,0,0,360.0,1,2022-23,16.4,109.9,111.5,111.5,115.9,114.9,114.9,-6.0,-3.5,-3.5,0.071,2.55,13.9,0.035,0.109,0.07,5.5,5.5,0.543,0.566,0.135,0.137,101.28,101.01,84.18,101.01,0.067,1100,1.9,4.8
1629641,Romeo Langford,Romeo,1610612759,SAS,23.0,43,14,29,0.326,844.3016666666666,121,259,0.467,16,61,0.262,39,56,0.696,57,57,114,50,30,24,13,13,67,65,297,-180,589.8,0,0,551.0,1,2022-23,19.6,106.5,107.0,107.0,115.1,115.5,115.5,-8.6,-8.5,-8.5,0.08,1.67,13.7,0.06,0.067,0.063,8.2,8.2,0.498,0.524,0.148,0.151,104.04,103.64,86.37,103.64,0.059,1812,2.8,6.0
1631199,Ron Harper Jr.,Ron,1610612761,TOR,23.0,9,6,3,0.667,47.5,8,16,0.5,3,9,0.333,1,1,1.0,3,4,7,4,0,0,1,1,3,1,20,19,37.4,0,0,36.0,1,2022-23,5.3,117.7,119.8,119.8,103.3,98.0,98.0,14.4,21.8,21.8,0.108,0.0,20.0,0.054,0.093,0.071,0.0,0.0,0.594,0.608,0.136,0.142,96.3,98.02,81.68,98.02,0.098,96,0.9,1.8
1626220,Royce O'Neale,Royce,1610612751,BKN,30.0,76,42,34,0.553,2409.235,229,593,0.386,163,419,0.389,50,69,0.725,55,329,384,283,114,65,49,28,239,89,671,78,1784.3,4,1,1729.0,1,2022-23,31.7,113.4,113.9,113.9,110.1,111.8,111.8,3.4,2.1,2.1,0.155,2.48,27.7,0.025,0.129,0.08,11.2,11.2,0.524,0.538,0.136,0.138,99.52,98.52,82.1,98.52,0.067,4934,3.0,7.8
200752,Rudy Gay,Rudy,1610612762,UTA,36.0,56,29,27,0.518,815.5683333333334,109,287,0.38,33,130,0.254,42,49,0.857,33,130,163,57,37,19,18,2,68,36,293,57,648.1,0,0,620.0,1,2022-23,14.6,111.5,111.5,111.5,108.3,108.6,108.6,3.2,2.9,2.9,0.095,1.54,14.2,0.038,0.148,0.094,9.2,9.2,0.437,0.475,0.173,0.179,103.25,103.11,85.93,103.11,0.07,1755,1.9,5.1
203497,Rudy Gobert,Rudy,1610612750,MIN,31.0,70,34,36,0.486,2148.483333333333,360,546,0.659,0,3,0.0,219,340,0.644,231,583,814,87,122,56,95,40,210,319,939,-7,2377.3,35,0,2142.0,1,2022-23,30.7,109.4,110.8,110.8,109.4,110.3,110.3,0.0,0.4,0.4,0.058,0.71,9.6,0.111,0.26,0.188,13.5,13.5,0.659,0.675,0.161,0.164,101.34,100.29,83.58,100.29,0.137,4477,5.1,7.8
1629060,Rui Hachimura,Rui,1610612747,LAL,25.0,63,38,25,0.603,1466.03,284,584,0.486,51,160,0.319,88,119,0.739,53,230,283,58,53,19,26,40,72,85,707,-28,1215.6,2,0,1189.0,2,2022-23,23.3,108.2,108.5,108.5,108.5,109.7,109.7,-0.2,-1.2,-1.2,0.06,1.09,7.8,0.036,0.141,0.091,7.1,7.1,0.53,0.556,0.194,0.2,103.47,102.74,85.62,102.74,0.098,3142,4.5,9.3
201566,Russell Westbrook,Russell,1610612746,LAC,34.0,73,36,37,0.493,2125.826666666667,432,991,0.436,89,286,0.311,206,314,0.656,89,334,423,551,255,76,33,79,162,212,1159,-21,2565.1,24,4,2440.0,2,2022-23,29.1,113.2,114.1,114.1,113.9,114.3,114.3,-0.7,-0.2,-0.2,0.364,2.16,28.5,0.042,0.147,0.096,13.2,13.2,0.481,0.513,0.266,0.271,105.23,104.59,87.16,104.59,0.115,4626,5.9,13.6
1627853,Ryan Arcidiacono,Ryan,1610612752,NYK,29.0,20,9,11,0.45,172.35333333333332,9,37,0.243,8,23,0.348,0,0,0.0,0,15,15,23,7,5,0,2,17,12,26,-40,86.5,0,0,82.0,2,2022-23,8.6,95.7,93.2,93.2,106.6,105.9,105.9,-10.9,-12.8,-12.8,0.195,3.29,34.3,0.0,0.09,0.042,10.4,10.4,0.351,0.351,0.106,0.11,102.99,104.72,87.26,104.72,0.026,380,0.5,1.9
1631157,Ryan Rollins,Ryan,1610612744,GSW,20.0,12,5,7,0.417,62.07,7,20,0.35,3,9,0.333,6,6,1.0,3,9,12,6,16,1,1,2,10,4,23,-47,36.4,0,0,48.0,1,2022-23,5.2,75.6,73.2,73.2,114.7,111.3,111.3,-39.1,-38.1,-38.1,0.214,0.38,13.3,0.043,0.153,0.093,35.6,35.8,0.425,0.508,0.26,0.275,101.58,104.78,87.32,104.78,0.009,138,0.6,1.7
1630240,Saben Lee,Saben,1610612756,PHX,24.0,25,15,10,0.6,373.53,49,121,0.405,11,30,0.367,42,57,0.737,13,32,45,67,24,19,1,13,32,49,151,-30,341.5,1,0,314.0,2,2022-23,14.9,101.6,100.7,100.7,103.3,105.1,105.1,-1.7,-4.4,-4.4,0.278,2.79,28.0,0.03,0.082,0.055,10.0,10.1,0.45,0.517,0.184,0.187,104.0,103.51,86.26,103.51,0.097,808,2.0,4.8
1630180,Saddiq Bey,Saddiq,1610612737,ATL,24.0,77,24,53,0.312,2128.695,353,836,0.422,151,418,0.361,205,238,0.861,98,264,362,118,71,70,13,55,123,152,1062,-147,1851.4,4,0,1859.0,2,2022-23,27.6,112.5,113.9,113.9,116.2,117.0,117.0,-3.7,-3.1,-3.1,0.08,1.66,10.5,0.044,0.127,0.084,6.3,6.3,0.513,0.564,0.194,0.199,103.38,102.41,85.34,102.41,0.094,4539,4.6,10.9
1630573,Sam Hauser,Sam,1610612738,BOS,25.0,80,55,25,0.688,1289.8983333333333,180,396,0.455,140,335,0.418,12,17,0.706,35,169,204,71,30,29,21,6,99,20,512,219,983.3,0,0,1027.0,1,2022-23,16.1,114.9,114.1,114.1,106.8,106.4,106.4,8.0,7.7,7.7,0.076,2.37,14.1,0.027,0.121,0.076,6.0,5.9,0.631,0.634,0.141,0.145,100.99,101.51,84.6,101.51,0.084,2732,2.3,5.0
1630241,Sam Merrill,Sam,1610612739,CLE,27.0,5,4,1,0.8,58.516666666666666,9,22,0.409,5,18,0.278,2,2,1.0,0,9,9,5,0,4,0,0,3,1,25,-5,55.3,0,0,52.0,1,2022-23,11.7,100.9,99.2,99.2,101.7,102.5,102.5,-0.8,-3.3,-3.3,0.143,0.0,17.9,0.0,0.167,0.083,0.0,0.0,0.523,0.546,0.177,0.18,98.38,98.84,82.37,98.84,0.12,120,1.8,4.4
1630572,Sandro Mamukelashvili,Sandro,1610612759,SAS,24.0,43,23,20,0.535,659.6533333333333,97,230,0.422,30,99,0.303,39,57,0.684,70,115,185,62,35,14,12,14,52,47,263,-114,621.0,2,0,592.0,2,2022-23,15.3,106.3,106.3,106.3,117.6,116.4,116.4,-11.3,-10.1,-10.1,0.134,1.77,17.6,0.093,0.178,0.132,9.9,9.9,0.487,0.516,0.177,0.182,101.88,102.34,85.29,102.34,0.091,1419,2.3,5.3
1630583,Santi Aldama,Santi,1610612763,MEM,22.0,77,47,30,0.61,1681.7483333333332,247,525,0.47,94,266,0.353,108,144,0.75,85,286,371,97,60,45,48,20,143,125,696,91,1505.7,4,0,1444.0,1,2022-23,21.8,111.5,112.7,112.7,109.9,110.2,110.2,1.6,2.6,2.6,0.076,1.62,13.0,0.047,0.162,0.104,8.1,8.0,0.56,0.591,0.157,0.16,103.68,102.96,85.8,102.96,0.093,3607,3.2,6.8
1630567,Scottie Barnes,Scottie,1610612761,TOR,21.0,77,38,39,0.494,2677.55,463,1016,0.456,63,224,0.281,190,246,0.772,179,333,512,371,154,83,61,47,170,210,1179,175,2627.9,15,1,2413.0,1,2022-23,34.8,113.8,114.8,114.8,111.3,111.6,111.6,2.5,3.2,3.2,0.195,2.41,22.5,0.063,0.135,0.097,9.4,9.3,0.487,0.524,0.2,0.205,99.32,98.71,82.25,98.71,0.103,5506,6.0,13.2
1630590,Scotty Pippen Jr.,Scotty,1610612747,LAL,22.0,6,1,5,0.167,31.516666666666666,4,12,0.333,1,3,0.333,5,9,0.556,2,2,4,2,2,2,1,2,3,6,14,-1,28.8,0,0,27.0,1,2022-23,5.3,89.1,89.4,89.4,93.6,90.9,90.9,-4.6,-1.5,-1.5,0.125,1.0,10.0,0.05,0.057,0.053,10.0,10.0,0.375,0.439,0.231,0.242,99.24,100.52,83.77,100.52,0.051,66,0.7,2.0
201586,Serge Ibaka,Serge,1610612749,MIL,33.0,16,11,5,0.688,185.3583333333333,26,54,0.481,6,18,0.333,8,13,0.615,15,29,44,4,11,2,7,3,23,11,66,-25,140.8,0,0,138.0,1,2022-23,11.6,100.1,101.0,101.0,109.3,107.6,107.6,-9.3,-6.5,-6.5,0.036,0.36,5.3,0.073,0.153,0.111,14.7,14.7,0.537,0.553,0.159,0.164,98.89,99.18,82.65,99.18,0.068,383,1.6,3.4
203552,Seth Curry,Seth,1610612751,BKN,32.0,61,37,24,0.607,1210.715,208,449,0.463,94,232,0.405,51,55,0.927,13,87,100,99,51,36,7,14,96,57,561,-69,907.5,0,0,940.0,1,2022-23,19.8,110.4,110.4,110.4,112.8,113.9,113.9,-2.5,-3.5,-3.5,0.121,1.94,16.1,0.011,0.071,0.042,8.3,8.2,0.568,0.593,0.188,0.193,100.66,100.21,83.5,100.21,0.079,2536,3.4,7.4
1631101,Shaedon Sharpe,Shaedon,1610612757,POR,20.0,80,32,48,0.4,1778.6033333333332,306,648,0.472,102,283,0.36,75,105,0.714,63,173,236,94,83,38,24,31,136,91,789,-297,1316.2,0,0,1345.0,1,2022-23,22.2,109.6,110.8,110.8,118.2,118.4,118.4,-8.6,-7.6,-7.6,0.079,1.13,10.8,0.037,0.102,0.069,9.5,9.5,0.551,0.568,0.186,0.189,101.63,100.99,84.16,100.99,0.071,3737,3.8,8.1
1628983,Shai Gilgeous-Alexander,Shai,1610612760,OKC,24.0,68,33,35,0.485,2415.985,704,1381,0.51,58,168,0.345,669,739,0.905,59,270,329,371,192,112,65,97,192,491,2135,149,3425.3,3,0,3247.0,1,2022-23,35.5,114.9,116.1,116.1,111.9,113.3,113.3,3.0,2.7,2.7,0.249,1.93,16.4,0.023,0.109,0.065,8.5,8.5,0.531,0.626,0.318,0.325,104.62,103.47,86.23,103.47,0.175,5211,10.4,20.3
1629003,Shake Milton,Shake,1610612755,PHI,26.0,76,52,24,0.684,1567.3533333333332,241,503,0.479,56,148,0.378,99,116,0.853,39,152,191,240,94,25,13,37,123,103,637,144,1246.2,3,0,1200.0,1,2022-23,20.6,114.5,114.1,114.1,109.3,110.2,110.2,5.2,3.9,3.9,0.213,2.55,27.1,0.026,0.096,0.062,10.6,10.6,0.535,0.575,0.175,0.18,101.71,101.46,84.55,101.46,0.09,3319,3.2,6.6
1627885,Shaquille Harrison,Shaquille,1610612747,LAL,29.0,5,1,4,0.2,119.91666666666669,15,36,0.417,3,10,0.3,11,15,0.733,1,21,22,30,6,11,2,2,12,12,44,-1,148.4,1,0,125.0,1,2022-23,24.0,112.5,113.0,113.0,113.2,113.4,113.4,-0.7,-0.4,-0.4,0.306,5.0,38.5,0.008,0.184,0.091,7.7,7.6,0.458,0.516,0.162,0.166,105.15,104.87,87.39,104.87,0.117,262,3.0,7.2
1631323,Simone Fontecchio,Simone,1610612762,UTA,27.0,52,25,27,0.481,765.8116666666666,115,312,0.369,63,191,0.33,35,44,0.795,31,55,86,42,39,15,8,16,62,36,328,-205,524.2,0,0,565.0,1,2022-23,14.7,105.7,105.2,105.2,117.8,118.3,118.3,-12.1,-13.1,-13.1,0.079,1.08,10.2,0.036,0.07,0.052,9.5,9.5,0.47,0.495,0.192,0.197,104.89,104.96,87.46,104.96,0.046,1681,2.2,6.0
1630219,Skylar Mays,Skylar,1610612757,POR,25.0,6,1,5,0.167,188.76666666666668,34,68,0.5,12,26,0.462,12,13,0.923,2,17,19,50,10,6,1,8,11,11,92,-74,200.8,1,0,187.0,1,2022-23,31.5,107.7,108.4,108.4,125.9,124.8,124.8,-18.2,-16.3,-16.3,0.368,5.0,37.6,0.01,0.097,0.05,7.5,7.5,0.588,0.624,0.182,0.187,106.06,106.16,88.47,106.16,0.113,415,5.7,11.3
203915,Spencer Dinwiddie,Spencer,1610612751,BKN,30.0,79,41,38,0.519,2725.335,460,1050,0.438,181,490,0.369,268,330,0.812,28,242,270,515,145,67,24,62,187,252,1369,-8,2593.5,9,0,2517.0,2,2022-23,34.5,112.7,114.1,114.1,112.4,114.2,114.2,0.3,-0.1,-0.1,0.297,3.55,27.8,0.01,0.092,0.051,7.8,7.8,0.524,0.573,0.22,0.223,97.61,96.28,80.23,96.28,0.113,5465,5.8,13.3
1626169,Stanley Johnson,Stanley,1610612762,UTA,27.0,30,5,25,0.167,469.495,65,122,0.533,18,40,0.45,26,39,0.667,22,73,95,67,33,16,6,9,48,33,174,-92,421.5,0,0,398.0,1,2022-23,15.6,112.1,111.5,111.5,118.9,118.5,118.5,-6.8,-7.0,-7.0,0.179,2.03,28.2,0.047,0.15,0.099,13.9,13.8,0.607,0.625,0.148,0.153,103.44,103.87,86.56,103.87,0.093,1007,2.2,4.1
1630649,Stanley Umude,Stanley,1610612765,DET,24.0,1,0,1,0.0,2.1166666666666667,0,1,0.0,0,1,0.0,2,2,1.0,0,0,0,0,0,1,1,0,0,1,2,3,8.0,0,0,6.0,1,2022-23,2.1,180.4,175.0,175.0,80.0,80.0,80.0,100.4,95.0,95.0,0.0,0.0,0.0,0.0,0.0,0.0,0.0,0.0,0.0,0.532,0.5,0.485,100.69,102.05,85.04,102.05,0.25,4,0.0,1.0
201939,Stephen Curry,Stephen,1610612744,GSW,35.0,56,30,26,0.536,1941.1516666666664,559,1133,0.493,273,639,0.427,257,281,0.915,39,302,341,352,179,52,20,41,117,219,1648,268,2622.2,12,1,2758.0,1,2022-23,34.7,116.8,118.1,118.1,111.1,112.4,112.4,5.7,5.8,5.8,0.274,1.97,19.9,0.02,0.147,0.085,10.1,10.0,0.614,0.656,0.297,0.305,105.86,104.68,87.24,104.68,0.166,4244,10.0,20.2
1628425,Sterling Brown,Sterling,1610612747,LAL,28.0,4,2,2,0.5,24.363333333333333,0,4,0.0,0,2,0.0,0,0,0.0,3,5,8,2,0,3,0,1,4,0,0,-4,21.6,0,0,16.0,1,2022-23,6.1,107.1,106.8,106.8,108.4,106.3,106.3,-1.3,0.4,0.4,0.077,0.0,33.3,0.091,0.152,0.121,0.0,0.0,0.0,0.0,0.061,0.061,118.84,120.18,100.15,120.18,0.031,59,0.0,1.0
203500,Steven Adams,Steven,1610612763,MEM,29.0,42,28,14,0.667,1133.2916666666667,157,263,0.597,0,1,0.0,47,129,0.364,214,271,485,97,79,36,46,14,98,131,361,243,1255.5,15,0,1107.0,1,2022-23,27.0,115.5,118.7,118.7,107.4,109.0,109.0,8.1,9.7,9.7,0.107,1.23,19.6,0.171,0.222,0.196,16.0,15.9,0.597,0.564,0.139,0.141,103.44,101.29,84.41,101.29,0.112,2396,3.7,6.3
1629004,Svi Mykhailiuk,Svi,1610612766,CHA,26.0,32,16,16,0.5,467.9016666666666,77,173,0.445,42,99,0.424,26,39,0.667,15,38,53,53,24,15,4,11,23,30,222,20,398.1,0,0,408.0,2,2022-23,14.6,109.6,109.6,109.6,108.8,108.5,108.5,0.8,1.0,1.0,0.167,2.21,19.9,0.032,0.079,0.056,9.0,9.0,0.566,0.584,0.191,0.197,101.35,101.51,84.59,101.51,0.092,994,2.4,5.4
204456,T.J. McConnell,T.J.,1610612754,IND,31.0,75,31,44,0.413,1526.4133333333334,283,521,0.543,26,59,0.441,58,68,0.853,45,189,234,397,143,81,10,17,105,101,650,-62,1656.3,6,1,1489.0,1,2022-23,20.4,109.5,110.5,110.5,112.7,112.9,112.9,-3.3,-2.4,-2.4,0.39,2.78,36.5,0.028,0.123,0.075,13.2,13.1,0.568,0.59,0.182,0.188,104.52,103.95,86.62,103.95,0.134,3313,3.8,6.9
203933,T.J. Warren,T.J.,1610612756,PHX,29.0,42,26,16,0.619,686.7083333333334,132,270,0.489,22,67,0.328,28,35,0.8,26,95,121,40,20,22,12,7,65,31,314,55,601.2,0,0,565.0,2,2022-23,16.4,112.1,112.8,112.8,109.1,108.4,108.4,3.0,4.4,4.4,0.081,2.0,11.6,0.038,0.131,0.086,5.8,5.8,0.53,0.55,0.185,0.19,102.46,102.51,85.42,102.51,0.09,1462,3.1,6.4
201959,Taj Gibson,Taj,1610612764,WAS,38.0,49,21,28,0.429,480.445,65,125,0.52,8,24,0.333,30,42,0.714,32,61,93,34,26,15,12,8,84,36,168,-4,385.6,0,0,357.0,1,2022-23,9.8,110.7,110.6,110.6,113.5,111.7,111.7,-2.8,-1.1,-1.1,0.094,1.31,16.7,0.068,0.143,0.104,12.8,12.8,0.552,0.585,0.151,0.157,98.65,99.51,82.92,99.51,0.059,999,1.3,2.6
1629659,Talen Horton-Tucker,Talen,1610612762,UTA,22.0,65,30,35,0.462,1313.215,257,613,0.419,58,203,0.286,126,168,0.75,41,169,210,246,126,41,29,45,108,124,698,-8,1403.0,2,0,1352.0,1,2022-23,20.2,110.8,112.0,112.0,111.4,112.0,112.0,-0.6,0.1,0.1,0.274,1.95,23.3,0.03,0.117,0.074,11.9,11.9,0.467,0.508,0.25,0.256,104.28,103.46,86.22,103.46,0.1,2826,4.0,9.4
1631106,Tari Eason,Tari,1610612745,HOU,22.0,82,22,60,0.268,1767.22,296,660,0.448,59,172,0.343,109,145,0.752,195,301,496,88,101,96,47,67,189,110,760,-157,1815.2,7,0,1689.0,1,2022-23,21.6,108.3,108.6,108.6,113.3,113.4,113.4,-5.0,-4.8,-4.8,0.075,0.87,9.7,0.101,0.172,0.134,11.1,11.1,0.493,0.525,0.184,0.19,102.13,101.96,84.97,101.96,0.095,3765,3.6,8.0
1627752,Taurean Prince,Taurean,1610612750,MIN,29.0,54,31,23,0.574,1192.5483333333334,177,379,0.467,74,194,0.381,65,77,0.844,15,117,132,84,69,28,15,14,123,85,493,0,837.4,0,0,869.0,1,2022-23,22.1,112.0,111.9,111.9,110.6,111.0,111.0,1.4,0.9,0.9,0.094,1.22,15.0,0.013,0.096,0.055,12.3,12.2,0.565,0.597,0.165,0.171,105.21,105.09,87.58,105.09,0.065,2600,3.3,7.0
1629611,Terance Mann,Terance,1610612746,LAC,26.0,81,44,37,0.543,1872.1766666666667,272,524,0.519,77,198,0.389,92,118,0.78,77,199,276,184,80,42,22,33,149,110,713,2,1432.2,1,0,1378.0,1,2022-23,23.1,113.4,113.7,113.7,113.1,113.5,113.5,0.4,0.3,0.3,0.139,2.3,21.9,0.042,0.107,0.074,9.5,9.5,0.593,0.619,0.149,0.153,99.31,99.03,82.52,99.03,0.087,3859,3.4,6.5
1629056,Terence Davis,Terence,1610612758,SAC,26.0,64,38,26,0.594,840.9766666666667,154,364,0.423,89,243,0.366,34,43,0.791,20,119,139,67,53,43,12,13,104,35,431,47,810.3,0,0,836.0,1,2022-23,13.1,115.9,115.4,115.4,112.2,111.4,111.4,3.7,4.0,4.0,0.11,1.26,13.3,0.024,0.14,0.082,10.5,10.5,0.545,0.563,0.215,0.22,103.61,104.19,86.83,104.19,0.08,1814,2.4,5.7
203082,Terrence Ross,Terrence,1610612756,PHX,32.0,63,27,36,0.429,1330.5083333333334,200,465,0.43,95,258,0.368,27,34,0.794,22,132,154,95,43,35,10,16,97,33,522,-76,941.3,0,0,956.0,2,2022-23,21.1,111.1,112.1,112.1,113.5,114.7,114.7,-2.4,-2.6,-2.6,0.101,2.21,15.4,0.016,0.099,0.057,7.0,7.0,0.532,0.544,0.166,0.169,101.46,100.53,83.77,100.53,0.069,2785,3.2,7.4
1626179,Terry Rozier,Terry,1610612766,CHA,29.0,63,19,44,0.302,2220.9266666666667,493,1188,0.415,165,505,0.327,178,220,0.809,51,208,259,319,134,74,16,64,119,191,1329,-288,2254.3,1,0,2252.0,1,2022-23,35.3,108.1,109.3,109.3,114.7,115.6,115.6,-6.6,-6.2,-6.2,0.22,2.38,18.5,0.021,0.095,0.056,7.8,7.7,0.484,0.517,0.262,0.268,102.85,101.87,84.89,101.87,0.101,4716,7.8,18.9
1630678,Terry Taylor,Terry,1610612741,CHI,23.0,31,13,18,0.419,263.43666666666667,39,75,0.52,5,19,0.263,6,11,0.545,27,20,47,10,9,3,6,6,26,11,89,18,178.4,0,0,169.0,2,2022-23,8.5,110.3,113.2,113.2,110.2,108.8,108.8,0.2,4.5,4.5,0.052,1.11,10.1,0.088,0.076,0.082,9.1,9.1,0.553,0.557,0.129,0.132,106.1,105.41,87.84,105.41,0.059,575,1.3,2.4
201152,Thaddeus Young,Thaddeus,1610612761,TOR,35.0,54,23,31,0.426,795.46,108,198,0.545,6,34,0.176,18,26,0.692,71,95,166,75,42,54,5,9,88,39,240,-92,686.7,0,0,605.0,1,2022-23,14.7,109.5,109.4,109.4,115.3,115.0,115.0,-5.8,-5.6,-5.6,0.133,1.79,23.0,0.083,0.136,0.107,12.9,12.9,0.561,0.573,0.131,0.136,99.0,99.14,82.62,99.14,0.084,1643,2.0,3.7
203648,Thanasis Antetokounmpo,Thanasis,1610612749,MIL,30.0,37,25,12,0.676,206.20666666666668,20,46,0.435,0,8,0.0,11,22,0.5,15,29,44,15,12,3,3,5,22,14,51,-114,132.3,0,0,122.0,1,2022-23,5.6,99.4,93.6,93.6,122.7,120.1,120.1,-23.2,-26.6,-26.6,0.115,1.25,17.9,0.075,0.139,0.108,14.3,14.5,0.435,0.458,0.138,0.146,100.47,104.63,87.19,104.63,0.041,452,0.5,1.2
1630177,Theo Maledon,Theo,1610612766,CHA,22.0,44,14,30,0.318,853.6566666666666,102,254,0.402,28,95,0.295,63,74,0.851,14,109,123,152,59,37,12,15,61,57,295,-147,758.6,1,0,696.0,1,2022-23,19.4,107.3,106.9,106.9,115.2,115.8,115.8,-7.9,-8.9,-8.9,0.247,2.58,30.6,0.016,0.128,0.071,11.9,11.9,0.457,0.515,0.166,0.171,102.45,102.36,85.3,102.36,0.091,1827,2.3,5.8
1629033,Theo Pinson,Theo,1610612742,DAL,27.0,40,19,21,0.475,322.95666666666665,31,87,0.356,22,62,0.355,11,13,0.846,10,53,63,46,12,6,1,5,34,14,95,-50,248.6,1,1,240.0,1,2022-23,8.1,111.1,108.6,108.6,116.9,116.2,116.2,-5.7,-7.6,-7.6,0.196,3.83,30.5,0.029,0.163,0.094,7.9,8.0,0.483,0.512,0.136,0.142,102.33,103.82,86.51,103.82,0.073,700,0.8,2.2
1628418,Thomas Bryant,Thomas,1610612743,DEN,25.0,59,33,26,0.559,1081.486666666667,230,369,0.623,26,59,0.441,93,126,0.738,86,253,339,31,38,16,30,33,102,98,579,-93,1132.3,9,0,1067.0,2,2022-23,18.3,111.0,111.1,111.1,115.2,115.8,115.8,-4.3,-4.7,-4.7,0.042,0.82,6.3,0.081,0.223,0.154,7.7,7.7,0.659,0.682,0.181,0.185,102.44,102.1,85.09,102.1,0.129,2307,3.9,6.3
203501,Tim Hardaway Jr.,Tim,1610612742,DAL,31.0,71,37,34,0.521,2152.233333333333,340,847,0.401,212,550,0.385,127,165,0.77,21,230,251,129,60,49,12,25,120,155,1019,160,1636.7,0,0,1733.0,1,2022-23,30.3,117.0,117.9,117.9,112.9,114.5,114.5,4.1,3.4,3.4,0.088,2.15,11.7,0.01,0.108,0.06,5.5,5.4,0.527,0.554,0.201,0.207,98.46,97.41,81.17,97.41,0.081,4373,4.8,11.9
202699,Tobias Harris,Tobias,1610612755,PHI,30.0,74,47,27,0.635,2435.8783333333336,423,845,0.501,126,324,0.389,113,129,0.876,67,357,424,186,89,68,40,52,149,110,1085,296,2107.8,7,0,2037.0,1,2022-23,32.9,115.9,117.2,117.2,110.1,111.7,111.7,5.8,5.5,5.5,0.114,2.09,15.9,0.03,0.15,0.092,7.6,7.6,0.575,0.602,0.18,0.184,97.82,96.53,80.44,96.53,0.105,4910,5.7,11.4
1628396,Tony Bradley,Tony,1610612741,CHI,25.0,12,5,7,0.417,33.365,6,12,0.5,3,5,0.6,4,4,1.0,1,10,11,1,1,1,1,0,2,2,19,11,38.7,0,0,38.0,1,2022-23,2.8,115.6,106.1,106.1,102.6,96.2,96.2,13.0,9.9,9.9,0.042,1.0,6.3,0.029,0.278,0.157,6.3,6.3,0.625,0.69,0.174,0.189,107.38,115.81,96.51,115.81,0.147,82,0.5,1.0
1628470,Torrey Craig,Torrey,1610612756,PHX,32.0,79,44,35,0.557,1947.8416666666667,228,500,0.456,100,253,0.395,32,45,0.711,145,281,426,117,73,50,62,23,179,55,588,-177,1537.7,4,0,1455.0,1,2022-23,24.7,111.3,111.9,111.9,114.2,115.5,115.5,-2.9,-3.7,-3.7,0.08,1.6,16.5,0.073,0.146,0.108,10.3,10.3,0.556,0.566,0.128,0.131,100.45,99.62,83.01,99.62,0.073,4030,2.9,6.3
1629027,Trae Young,Trae,1610612737,ATL,24.0,73,38,35,0.521,2540.74,597,1390,0.429,154,460,0.335,566,639,0.886,56,161,217,741,300,80,9,85,104,466,1914,100,3252.9,40,0,3204.0,1,2022-23,34.8,115.3,115.9,115.9,114.4,114.6,114.6,1.0,1.3,1.3,0.414,2.47,27.4,0.021,0.062,0.042,11.1,11.1,0.485,0.573,0.313,0.321,104.78,104.39,86.99,104.39,0.143,5537,8.2,19.0
1630200,Tre Jones,Tre,1610612759,SAS,23.0,68,20,48,0.294,1983.7383333333328,341,743,0.459,45,158,0.285,148,172,0.86,56,189,245,448,110,89,9,41,98,184,875,-325,2025.0,6,2,1809.0,1,2022-23,29.2,109.4,110.9,110.9,117.7,118.8,118.8,-8.3,-7.8,-7.8,0.306,4.07,32.7,0.026,0.099,0.061,8.0,8.0,0.489,0.534,0.189,0.194,103.98,102.8,85.67,102.8,0.111,4252,5.0,10.9
1630544,Tre Mann,Tre,1610612760,OKC,22.0,67,31,36,0.463,1183.388333333333,197,501,0.393,81,257,0.315,42,55,0.764,27,128,155,120,62,40,11,16,99,53,517,57,974.0,1,1,975.0,1,2022-23,17.7,108.8,109.3,109.3,108.3,108.2,108.2,0.6,1.0,1.0,0.144,1.94,17.1,0.021,0.104,0.061,8.8,8.8,0.474,0.492,0.2,0.207,102.95,102.78,85.65,102.78,0.072,2548,2.9,7.5
1630570,Trendon Watford,Trendon,1610612757,POR,22.0,62,26,36,0.419,1181.6083333333331,181,323,0.56,25,64,0.391,72,100,0.72,42,196,238,130,71,32,12,14,118,91,459,-181,1000.6,3,0,940.0,1,2022-23,19.1,110.6,110.8,110.8,117.7,117.9,117.9,-7.1,-7.1,-7.1,0.162,1.83,22.9,0.037,0.173,0.105,12.5,12.5,0.599,0.625,0.158,0.162,100.69,100.5,83.75,100.5,0.097,2472,2.9,5.2
1630235,Trent Forrest,Trent,1610612737,ATL,25.0,23,9,14,0.391,276.975,25,60,0.417,0,2,0.0,2,3,0.667,5,32,37,38,15,7,2,7,17,8,52,-58,165.4,0,0,145.0,1,2022-23,12.0,105.7,104.3,104.3,112.8,114.4,114.4,-7.2,-10.1,-10.1,0.186,2.53,33.3,0.018,0.117,0.067,13.2,13.1,0.417,0.424,0.116,0.121,101.47,101.47,84.56,101.47,0.055,586,1.1,2.6
1630243,Trevelin Queen,Trevelin,1610612755,PHI,26.0,7,2,5,0.286,70.0,7,29,0.241,2,15,0.133,5,5,1.0,8,9,17,6,7,2,5,1,4,5,21,14,64.4,0,0,60.0,1,2022-23,10.0,106.2,107.2,107.2,100.5,98.0,98.0,5.7,9.2,9.2,0.109,0.86,14.0,0.086,0.138,0.108,16.3,15.8,0.276,0.337,0.194,0.204,103.47,104.23,86.86,104.23,0.046,152,1.0,4.1
1631309,Trevor Hudgins,Trevor,1610612745,HOU,24.0,5,0,5,0.0,28.33333333333333,2,9,0.222,2,8,0.25,3,3,1.0,0,0,0,3,1,0,0,0,1,2,9,3,12.5,0,0,14.0,1,2022-23,5.7,107.3,105.3,105.3,98.2,98.3,98.3,9.1,7.0,7.0,0.176,3.0,21.4,0.0,0.0,0.0,7.1,7.0,0.333,0.436,0.177,0.189,96.53,97.41,81.18,97.41,0.032,57,0.4,1.8
1631211,Trevor Keels,Trevor,1610612752,NYK,19.0,3,3,0,1.0,8.04,1,4,0.25,1,4,0.25,0,0,0.0,0,2,2,0,0,0,0,0,0,0,3,-18,5.4,0,0,6.0,1,2022-23,2.7,50.4,42.1,42.1,146.4,136.8,136.8,-96.0,-94.7,-94.7,0.0,0.0,0.0,0.0,0.25,0.105,0.0,0.0,0.375,0.375,0.211,0.252,100.42,113.43,94.53,113.43,0.058,19,0.3,1.3
1626168,Trey Lyles,Trey,1610612758,SAC,27.0,74,43,31,0.581,1247.235,187,408,0.458,87,240,0.363,101,124,0.815,68,232,300,66,64,27,31,21,97,103,562,105,1131.0,1,0,1131.0,1,2022-23,16.9,116.0,116.3,116.3,112.3,112.3,112.3,3.7,4.0,4.0,0.073,1.03,11.1,0.054,0.184,0.12,10.8,10.8,0.565,0.607,0.174,0.179,102.75,102.64,85.53,102.64,0.099,2666,2.5,5.5
1630530,Trey Murphy III,Trey,1610612740,NOP,23.0,79,39,40,0.494,2448.005,387,800,0.484,202,497,0.406,172,190,0.905,59,222,281,112,61,89,43,23,155,129,1148,38,1988.2,1,0,2007.0,1,2022-23,31.0,112.0,113.3,113.3,112.0,112.8,112.8,0.0,0.5,0.5,0.063,1.84,10.8,0.025,0.092,0.058,5.9,5.8,0.61,0.65,0.159,0.165,101.53,100.62,83.85,100.62,0.094,5138,4.9,10.1
1628972,Troy Brown Jr.,Troy,1610612747,LAL,23.0,76,40,36,0.526,1859.79,200,465,0.43,107,281,0.381,34,39,0.872,62,246,308,95,49,59,16,30,120,44,541,-15,1229.1,2,0,1201.0,1,2022-23,24.5,111.2,112.0,112.0,112.1,112.5,112.5,-0.8,-0.5,-0.5,0.067,1.94,15.2,0.033,0.123,0.079,7.8,7.8,0.545,0.561,0.119,0.121,102.67,102.11,85.1,102.11,0.067,3958,2.6,6.1
1629660,Ty Jerome,Ty,1610612744,GSW,25.0,45,22,23,0.489,815.5783333333334,118,242,0.488,35,90,0.389,38,41,0.927,7,71,78,135,30,23,5,9,64,40,309,-92,659.1,0,0,613.0,1,2022-23,18.1,111.5,110.7,110.7,116.6,116.3,116.3,-5.2,-5.6,-5.6,0.233,4.5,31.9,0.009,0.091,0.049,7.1,7.1,0.56,0.594,0.147,0.153,101.82,102.32,85.26,102.32,0.092,1741,2.6,5.4
1631102,TyTy Washington Jr.,TyTy,1610612745,HOU,21.0,31,6,25,0.194,432.7133333333333,58,160,0.363,19,80,0.238,10,18,0.556,2,43,45,47,14,15,2,4,29,18,145,-47,306.5,0,0,290.0,1,2022-23,14.0,103.9,104.9,104.9,110.5,111.0,111.0,-6.7,-6.1,-6.1,0.152,3.36,20.5,0.004,0.099,0.049,6.1,6.1,0.422,0.432,0.17,0.174,101.58,100.83,84.03,100.83,0.057,913,1.9,5.2
1628416,Tyler Dorsey,Tyler,1610612742,DAL,27.0,3,2,1,0.667,8.25,4,5,0.8,1,2,0.5,0,0,0.0,1,1,2,0,0,0,0,0,0,0,9,2,11.4,0,0,12.0,1,2022-23,2.8,88.9,88.2,88.2,94.5,81.3,81.3,-5.6,7.0,7.0,0.0,0.0,0.0,0.1,0.1,0.1,0.0,0.0,0.9,0.9,0.227,0.252,89.13,96.0,80.0,96.0,0.365,17,1.3,1.7
1629639,Tyler Herro,Tyler,1610612748,MIA,23.0,67,37,30,0.552,2335.391666666667,487,1109,0.439,203,537,0.378,170,182,0.934,27,333,360,280,158,51,16,52,101,128,1347,170,2242.0,6,1,2324.0,1,2022-23,34.9,113.1,113.9,113.9,110.5,111.3,111.3,2.6,2.7,2.7,0.19,1.77,17.3,0.012,0.154,0.081,9.8,9.7,0.531,0.566,0.25,0.257,97.87,97.15,80.95,97.15,0.119,4746,7.3,16.6
1630169,Tyrese Haliburton,Tyrese,1610612754,IND,23.0,56,28,28,0.5,1882.8533333333328,412,841,0.49,161,402,0.4,175,201,0.871,33,172,205,585,141,91,25,46,69,157,1160,-35,2490.5,32,0,2343.0,1,2022-23,33.6,114.7,116.9,116.9,117.2,117.9,117.9,-2.5,-1.0,-1.0,0.457,4.15,35.6,0.018,0.092,0.055,8.6,8.5,0.586,0.624,0.238,0.244,102.74,101.45,84.54,101.45,0.159,3982,7.4,15.0
1631213,Tyrese Martin,Tyrese,1610612737,ATL,24.0,16,10,6,0.625,65.54,9,23,0.391,1,7,0.143,2,2,1.0,5,7,12,2,2,1,0,2,2,1,21,1,39.4,0,0,38.0,1,2022-23,4.1,109.7,106.7,106.7,107.1,104.4,104.4,2.6,2.3,2.3,0.044,1.0,7.1,0.065,0.109,0.085,7.1,7.2,0.413,0.44,0.164,0.172,96.94,99.6,83.0,99.6,0.054,135,0.6,1.4
1630178,Tyrese Maxey,Tyrese,1610612755,PHI,22.0,60,39,21,0.65,2015.77,439,913,0.481,160,369,0.434,180,213,0.845,23,153,176,212,80,49,8,38,132,159,1218,241,1838.2,0,0,1880.0,1,2022-23,33.6,117.1,118.0,118.0,111.7,112.6,112.6,5.5,5.4,5.4,0.167,2.65,16.4,0.012,0.079,0.047,6.2,6.2,0.568,0.605,0.236,0.242,98.29,97.53,81.28,97.53,0.109,4105,7.3,15.2
1626145,Tyus Jones,Tyus,1610612763,MEM,27.0,80,51,29,0.638,1939.4233333333332,311,710,0.438,121,326,0.371,79,98,0.806,28,172,200,417,74,83,6,14,32,76,822,95,1880.5,9,1,1738.0,1,2022-23,24.2,112.9,113.6,113.6,110.1,111.6,111.6,2.8,2.0,2.0,0.286,5.64,33.7,0.014,0.084,0.049,6.0,5.9,0.523,0.546,0.175,0.179,103.49,102.41,85.34,102.41,0.116,4144,3.9,8.9
1628962,Udoka Azubuike,Udoka,1610612762,UTA,23.0,36,17,19,0.472,358.535,59,72,0.819,0,0,0.0,7,20,0.35,31,88,119,11,18,6,15,3,34,19,125,-83,329.3,0,0,297.0,1,2022-23,10.0,104.1,103.2,103.2,113.4,114.9,114.9,-9.3,-11.7,-11.7,0.043,0.61,10.0,0.082,0.224,0.155,16.4,16.4,0.819,0.774,0.113,0.115,105.16,104.96,87.47,104.96,0.114,788,1.6,2.0
2617,Udonis Haslem,Udonis,1610612748,MIA,43.0,7,4,3,0.571,72.11833333333334,10,29,0.345,3,9,0.333,4,5,0.8,4,7,11,0,1,1,2,0,11,10,27,-25,48.2,0,0,47.0,1,2022-23,10.3,104.2,103.9,103.9,116.5,115.7,115.7,-12.2,-11.8,-11.8,0.0,0.0,0.0,0.047,0.101,0.071,3.1,3.1,0.397,0.433,0.185,0.19,103.34,103.83,86.52,103.83,0.022,153,1.4,4.1
1630586,Usman Garuba,Usman,1610612745,HOU,21.0,75,21,54,0.28,970.18,86,177,0.486,24,59,0.407,29,47,0.617,120,187,307,64,47,44,29,19,135,48,225,-253,861.4,0,0,766.0,1,2022-23,12.9,103.4,103.3,103.3,115.9,115.5,115.5,-12.5,-12.2,-12.2,0.096,1.36,20.7,0.11,0.194,0.149,15.2,15.2,0.554,0.569,0.099,0.103,102.21,102.41,85.34,102.41,0.079,2070,1.1,2.4
1630176,Vernon Carey Jr.,Vernon,1610612762,UTA,22.0,11,8,3,0.727,28.48333333333333,2,8,0.25,0,0,0.0,2,2,1.0,3,8,11,3,2,2,2,1,5,1,6,-10,33.7,0,0,28.0,1,2022-23,2.6,80.0,74.6,74.6,102.2,91.9,91.9,-22.2,-17.3,-17.3,0.214,1.5,21.4,0.081,0.296,0.172,14.3,14.4,0.25,0.338,0.147,0.156,96.46,105.32,87.77,105.32,0.11,63,0.2,0.7
203506,Victor Oladipo,Victor,1610612748,MIA,31.0,42,23,19,0.548,1105.64,160,403,0.397,70,212,0.33,59,79,0.747,16,112,128,146,87,57,12,16,99,68,449,-35,941.6,0,0,931.0,1,2022-23,26.3,108.8,110.1,110.1,110.2,111.5,111.5,-1.5,-1.5,-1.5,0.206,1.68,21.8,0.014,0.109,0.059,13.0,13.0,0.484,0.513,0.204,0.209,99.26,98.07,81.73,98.07,0.076,2258,3.8,9.6
1631246,Vince Williams Jr.,Vince,1610612763,MEM,22.0,15,7,8,0.467,104.59,12,40,0.3,4,28,0.143,2,2,1.0,4,11,15,4,5,6,2,1,12,3,30,-34,73.0,0,0,69.0,1,2022-23,7.0,88.3,89.2,89.2,105.6,104.0,104.0,-17.4,-14.8,-14.8,0.062,0.8,8.0,0.03,0.12,0.067,10.0,10.0,0.35,0.367,0.176,0.18,102.35,102.57,85.48,102.57,0.024,223,0.8,2.7
1628427,Vlatko Cancar,Vlatko,1610612743,DEN,26.0,60,38,22,0.633,889.0233333333333,108,227,0.476,43,115,0.374,38,41,0.927,24,104,128,80,37,22,14,9,84,46,297,-66,641.6,1,0,620.0,1,2022-23,14.8,109.1,109.1,109.1,113.0,113.1,113.1,-3.9,-3.9,-3.9,0.125,2.16,22.2,0.027,0.119,0.073,10.2,10.2,0.57,0.606,0.134,0.139,99.6,99.56,82.97,99.56,0.076,1847,1.8,3.8
1630249,Vít Krejčí,Vít,1610612737,ATL,23.0,29,15,14,0.517,165.42333333333335,15,37,0.405,5,21,0.238,1,2,0.5,6,20,26,17,5,5,1,3,17,1,36,-3,105.7,0,0,96.0,1,2022-23,5.7,112.4,107.7,107.7,110.9,109.5,109.5,1.5,-1.8,-1.8,0.137,3.4,28.3,0.036,0.125,0.08,8.3,8.4,0.473,0.475,0.108,0.114,98.13,100.83,84.03,100.83,0.053,349,0.5,1.3
1631117,Walker Kessler,Walker,1610612762,UTA,21.0,74,34,40,0.459,1703.2066666666667,298,414,0.72,1,3,0.333,82,159,0.516,231,389,620,69,58,26,173,34,169,126,679,72,2065.5,20,0,1767.0,1,2022-23,23.0,113.7,115.7,115.7,111.5,112.7,112.7,2.1,3.0,3.0,0.057,1.19,11.4,0.133,0.205,0.17,9.6,9.5,0.721,0.702,0.13,0.132,102.91,101.47,84.56,101.47,0.128,3585,4.0,5.6
1628976,Wendell Carter Jr.,Wendell,1610612753,ORL,24.0,57,26,31,0.456,1689.54,322,613,0.525,80,225,0.356,144,195,0.738,120,377,497,132,106,30,33,18,159,163,868,-41,1745.4,21,0,1703.0,1,2022-23,29.6,109.2,110.5,110.5,110.3,111.4,111.4,-1.1,-0.8,-0.8,0.119,1.25,14.1,0.074,0.221,0.149,11.3,11.3,0.591,0.621,0.204,0.206,101.28,100.17,83.48,100.17,0.126,3521,5.6,10.8
1631111,Wendell Moore Jr.,Wendell,1610612750,MIN,21.0,29,16,13,0.552,152.65833333333333,18,43,0.419,2,17,0.118,4,5,0.8,4,14,18,18,8,8,5,3,13,7,42,-53,121.6,0,0,106.0,1,2022-23,5.3,103.9,99.4,99.4,113.8,112.9,112.9,-9.9,-13.5,-13.5,0.162,2.25,25.4,0.025,0.086,0.056,11.3,11.2,0.442,0.465,0.139,0.148,105.77,108.48,90.4,108.48,0.06,342,0.6,1.5
1629117,Wenyen Gabriel,Wenyen,1610612747,LAL,26.0,68,37,31,0.544,1023.75,155,260,0.596,10,36,0.278,52,84,0.619,116,170,286,36,46,26,35,18,144,91,372,-32,906.2,0,0,826.0,1,2022-23,15.1,111.9,111.2,111.2,111.7,111.4,111.4,0.2,-0.2,-0.2,0.049,0.78,9.6,0.111,0.152,0.132,12.3,12.1,0.615,0.626,0.135,0.141,103.47,103.95,86.62,103.95,0.082,2205,2.3,3.8
202083,Wesley Matthews,Wesley,1610612749,MIL,36.0,52,37,15,0.712,820.425,58,160,0.363,39,124,0.315,24,28,0.857,34,79,113,34,18,20,13,2,71,31,179,53,446.6,0,0,431.0,1,2022-23,15.8,113.0,111.1,111.1,108.2,108.3,108.3,4.8,2.8,2.8,0.053,1.89,15.0,0.04,0.087,0.064,8.0,8.0,0.484,0.519,0.095,0.098,103.73,104.52,87.1,104.52,0.041,1788,1.1,3.1
203115,Will Barton,Will,1610612761,TOR,32.0,56,27,29,0.482,992.96,138,364,0.379,66,180,0.367,37,47,0.787,15,122,137,112,48,28,13,25,56,32,379,-168,786.4,0,0,776.0,2,2022-23,17.7,104.0,104.9,104.9,112.3,113.2,113.2,-8.2,-8.4,-8.4,0.162,2.33,20.6,0.014,0.125,0.067,8.8,8.8,0.47,0.493,0.182,0.187,100.98,100.14,83.45,100.14,0.078,2074,2.5,6.5
1626195,Willy Hernangomez,Willy,1610612740,NOP,29.0,38,23,15,0.605,457.6616666666667,89,169,0.527,3,11,0.273,81,104,0.779,58,122,180,33,39,17,13,18,64,83,262,19,578.5,2,0,538.0,1,2022-23,12.0,109.2,108.5,108.5,107.2,106.8,106.8,2.0,1.7,1.7,0.114,0.85,11.4,0.118,0.262,0.188,13.5,13.6,0.536,0.61,0.222,0.228,103.74,104.25,86.88,104.25,0.141,995,2.3,4.4
1641645,Xavier Cooks,Xavier,1610612764,WAS,27.0,10,2,8,0.2,125.78333333333332,17,28,0.607,0,1,0.0,4,10,0.4,16,22,38,6,8,6,4,3,13,9,38,19,114.6,1,0,102.0,1,2022-23,12.6,115.5,114.8,114.8,108.3,107.3,107.3,7.2,7.4,7.4,0.061,0.75,12.8,0.113,0.152,0.133,17.0,17.2,0.607,0.586,0.127,0.128,107.96,108.76,90.63,108.76,0.078,284,1.7,2.8
1629875,Xavier Moon,Xavier,1610612746,LAC,28.0,4,2,2,0.5,19.566666666666663,3,9,0.333,1,3,0.333,0,0,0.0,0,3,3,5,1,0,0,0,2,0,7,3,17.1,0,0,16.0,1,2022-23,4.9,91.6,92.3,92.3,86.1,82.5,82.5,5.4,9.8,9.8,0.455,5.0,33.3,0.0,0.15,0.079,6.7,6.7,0.389,0.389,0.233,0.236,95.23,96.9,80.75,96.9,0.1,39,0.8,2.3
1630270,Xavier Sneed,Xavier,1610612766,CHA,25.0,4,0,4,0.0,48.22666666666667,5,10,0.5,3,6,0.5,4,4,1.0,0,5,5,5,3,0,1,1,7,3,17,-28,30.5,0,0,32.0,1,2022-23,12.1,86.3,85.6,85.6,109.8,110.4,110.4,-23.6,-24.8,-24.8,0.167,1.67,25.0,0.0,0.085,0.048,15.0,15.2,0.65,0.723,0.136,0.14,104.35,104.51,87.09,104.51,0.074,104,1.3,2.5
1630214,Xavier Tillman,Xavier,1610612763,MEM,24.0,61,40,21,0.656,1180.1083333333331,188,306,0.614,4,15,0.267,49,89,0.551,121,186,307,96,44,58,29,34,97,71,429,-1,1158.4,4,0,1010.0,1,2022-23,19.3,109.7,110.9,110.9,109.3,110.1,110.1,0.4,0.7,0.7,0.109,2.18,19.8,0.095,0.155,0.124,9.1,9.1,0.621,0.621,0.136,0.138,104.13,103.19,85.99,103.19,0.105,2528,3.1,5.0
1629139,Yuta Watanabe,Yuta,1610612751,BKN,28.0,58,30,28,0.517,927.7866666666666,114,232,0.491,60,135,0.444,34,47,0.723,30,111,141,48,22,25,17,9,80,38,322,-7,667.2,0,0,655.0,1,2022-23,16.0,112.8,112.3,112.3,113.0,112.9,112.9,-0.2,-0.6,-0.6,0.071,2.18,14.8,0.034,0.117,0.077,6.8,6.8,0.621,0.637,0.127,0.13,101.47,101.71,84.76,101.71,0.076,1968,2.0,4.0
1628380,Zach Collins,Zach,1610612759,SAS,25.0,63,20,43,0.317,1440.5966666666666,284,548,0.518,55,147,0.374,108,142,0.761,116,286,402,180,129,37,49,35,199,147,731,-239,1612.4,9,0,1540.0,1,2022-23,22.9,107.1,108.7,108.7,116.0,116.3,116.3,-8.9,-7.5,-7.5,0.18,1.4,19.6,0.076,0.19,0.133,14.0,14.0,0.568,0.599,0.209,0.213,104.98,104.06,86.71,104.06,0.11,3121,4.5,8.7
203897,Zach LaVine,Zach,1610612741,CHI,28.0,77,38,39,0.494,2767.95,673,1388,0.485,204,544,0.375,363,428,0.848,42,303,345,327,194,69,18,78,159,289,1913,18,2884.5,2,0,2963.0,1,2022-23,35.9,111.6,112.0,112.0,110.4,111.7,111.7,1.2,0.3,0.3,0.187,1.69,15.7,0.016,0.108,0.064,9.3,9.2,0.558,0.607,0.278,0.285,100.45,99.7,83.08,99.7,0.126,5750,8.7,18.0
1630192,Zeke Nnaji,Zeke,1610612743,DEN,22.0,53,34,19,0.642,727.7983333333333,110,196,0.561,17,65,0.262,40,62,0.645,65,73,138,18,31,17,23,12,105,61,277,-97,558.6,1,0,530.0,1,2022-23,13.7,101.9,101.5,101.5,107.6,107.4,107.4,-5.7,-5.9,-5.9,0.04,0.58,6.6,0.087,0.099,0.093,11.4,11.4,0.605,0.62,0.149,0.155,98.14,98.4,82.0,98.4,0.072,1488,2.1,3.7
1630533,Ziaire Williams,Ziaire,1610612763,MEM,21.0,37,21,16,0.568,560.755,84,196,0.429,25,97,0.258,17,22,0.773,16,63,79,35,37,14,6,5,58,35,210,-76,380.3,0,0,389.0,1,2022-23,15.2,106.6,106.9,106.9,110.1,112.2,112.2,-3.6,-5.2,-5.2,0.086,0.95,12.6,0.028,0.105,0.067,13.4,13.3,0.492,0.511,0.178,0.182,103.94,102.8,85.67,102.8,0.052,1195,2.3,5.3
1629627,Zion Williamson,Zion,1610612740,NOP,22.0,29,17,12,0.586,956.0983333333334,285,469,0.608,7,19,0.368,177,248,0.714,58,144,202,133,99,32,16,44,65,187,754,149,1240.9,5,0,1192.0,1,2022-23,33.0,114.3,116.2,116.2,107.3,108.4,108.4,7.0,7.8,7.8,0.231,1.34,16.5,0.06,0.148,0.104,12.3,12.2,0.615,0.652,0.288,0.294,103.55,102.17,85.14,102.17,0.171,2031,9.8,16.2
