PLAYER_ID,NICKNAME,TEAM_ID,TEAM_ABBREVIATION,AGE,GP,W,L,W_PCT,MIN_trad,FGM,FGA,FG_PCT,FG3M,FG3A,FG3_PCT,FTM,FTA,FT_PCT,OREB,DREB,REB,AST,TOV,STL,BLK,BLKA,PF,PFD,PTS,PLUS_MINUS,NBA_FANTASY_PTS,DD2,TD3,WNBA_FANTASY_PTS,TEAM_COUNT,SEASON,MIN_adv,E_OFF_RATING,OFF_RATING,sp_work_OFF_RATING,E_DEF_RATING,DEF_RATING,sp_work_DEF_RATING,E_NET_RATING,NET_RATING,sp_work_NET_RATING,AST_PCT,AST_TO,AST_RATIO,OREB_PCT,DREB_PCT,REB_PCT,TM_TOV_PCT,E_TOV_PCT,EFG_PCT,TS_PCT,USG_PCT,E_USG_PCT,E_PACE,PACE,PACE_PER40,sp_work_PACE,PIE,POSS,FGM_PG,FGA_PG,PLAYER_NAME
1630639,A.J.,1610612761,TOR,24.0,26,14,12,0.538,486.41,80,190,0.421,33,101,0.327,43,63,0.683,20,66,86,31,15,13,6,12,44,38,236,-17,427.7,2,0,424.0,1,2024-25,18.7,109.1,109.7,109.7,112.6,111.1,111.1,-3.5,-1.4,-1.4,0.093,2.07,11.7,0.036,0.128,0.08,5.7,5.7,0.508,0.542,0.189,0.193,103.3,103.71,86.43,103.71,0.082,1050,3.1,7.3,A.J. Lawson
1631260,AJ,1610612749,MIL,25.0,73,44,29,0.603,1659.1416666666669,182,424,0.429,155,363,0.427,22,27,0.815,18,156,174,108,40,37,7,3,157,50,541,227,1003.8,0,0,1066.0,1,2024-25,22.7,113.5,114.0,114.0,106.9,107.6,107.6,6.6,6.4,6.4,0.086,2.7,18.6,0.011,0.087,0.051,6.9,6.9,0.612,0.621,0.123,0.127,101.39,100.84,84.03,100.84,0.058,3487,2.5,5.8,AJ Green
1642358,AJ,1610612764,WAS,20.0,29,8,21,0.276,638.3866666666667,82,213,0.385,24,90,0.267,32,37,0.865,8,51,59,76,35,12,3,18,50,27,220,-152,414.8,0,0,409.0,2,2024-25,22.0,103.5,104.1,104.1,114.8,115.6,115.6,-11.3,-11.5,-11.5,0.178,2.17,22.3,0.011,0.073,0.042,10.3,10.3,0.441,0.48,0.173,0.178,101.46,100.83,84.02,100.83,0.053,1342,2.8,7.3,AJ Johnson
203932,Aaron,1610612743,DEN,29.0,51,33,18,0.647,1446.7166666666667,264,497,0.531,75,172,0.436,145,179,0.81,80,167,247,164,73,23,14,37,82,137,748,301,1328.4,3,0,1308.0,1,2024-25,28.4,121.3,122.5,122.5,112.8,113.0,113.0,8.5,9.5,9.5,0.143,2.25,20.1,0.06,0.109,0.086,9.0,9.0,0.607,0.65,0.186,0.189,102.24,101.64,84.7,101.64,0.104,3068,5.2,9.7,Aaron Gordon
1628988,Aaron,1610612745,HOU,28.0,62,39,23,0.629,792.2466666666667,117,268,0.437,72,181,0.398,34,41,0.829,13,65,78,83,37,19,11,11,64,49,340,88,611.1,0,0,633.0,1,2024-25,12.8,109.6,110.3,110.3,105.0,103.6,103.6,4.6,6.7,6.7,0.142,2.24,20.5,0.015,0.073,0.044,9.1,9.1,0.571,0.594,0.162,0.168,102.69,103.09,85.91,103.09,0.082,1689,1.9,4.3,Aaron Holiday
1630174,Aaron,1610612754,IND,25.0,45,29,16,0.644,1121.618333333333,192,379,0.507,84,195,0.431,73,80,0.913,37,141,178,54,37,35,17,22,114,77,541,198,954.6,0,0,961.0,1,2024-25,24.9,120.7,120.1,120.1,109.8,111.5,111.5,10.9,8.5,8.5,0.063,1.46,10.8,0.034,0.118,0.078,7.4,7.3,0.617,0.653,0.171,0.176,102.15,101.64,84.7,101.64,0.087,2373,4.3,8.4,Aaron Nesmith
1630598,Aaron,1610612760,OKC,26.0,76,62,14,0.816,1743.9,355,728,0.488,130,339,0.383,74,89,0.831,81,214,295,134,69,60,18,39,101,68,914,514,1634.0,2,0,1629.0,1,2024-25,22.9,120.2,120.7,120.7,106.3,106.6,106.6,13.9,14.2,14.2,0.102,1.94,13.8,0.046,0.113,0.081,7.1,7.1,0.577,0.596,0.2,0.204,102.3,101.91,84.92,101.91,0.105,3698,4.7,9.6,Aaron Wiggins
1641745,Adam,1610612760,OKC,25.0,37,34,3,0.919,202.965,25,96,0.26,14,72,0.194,1,2,0.5,7,20,27,12,4,8,3,2,15,1,65,7,144.4,0,0,140.0,1,2024-25,5.5,101.2,99.1,99.1,98.4,96.7,96.7,2.7,2.3,2.3,0.094,3.0,10.6,0.029,0.086,0.057,3.5,3.5,0.333,0.335,0.207,0.218,98.22,100.16,83.46,100.16,0.025,422,0.7,2.6,Adam Flagler
1641766,Adama,1610612741,CHI,23.0,4,2,2,0.5,21.49833333333333,4,7,0.571,0,0,0.0,0,0,0.0,5,1,6,1,1,0,0,1,1,1,8,-5,15.7,0,0,15.0,1,2024-25,5.4,112.0,104.2,104.2,123.9,122.2,122.2,-11.9,-18.1,-18.1,0.067,1.0,11.1,0.217,0.053,0.143,11.1,11.1,0.571,0.571,0.145,0.158,99.4,103.82,86.52,103.82,0.078,48,1.0,1.8,Adama Sanogo
1641737,Adem,1610612755,PHI,22.0,58,12,46,0.207,904.55,135,192,0.703,0,1,0.0,67,100,0.67,92,153,245,27,61,26,69,13,125,90,337,-112,895.5,3,0,799.0,1,2024-25,15.6,107.3,107.4,107.4,114.1,114.0,114.0,-6.8,-6.6,-6.6,0.043,0.44,8.4,0.097,0.164,0.13,18.9,18.8,0.703,0.714,0.135,0.14,100.51,100.51,83.75,100.51,0.093,1900,2.3,3.3,Adem Bona
1642349,Ajay,1610612760,OKC,23.0,36,31,5,0.861,596.955,91,184,0.495,23,60,0.383,29,35,0.829,18,50,68,64,29,25,4,11,68,55,234,127,469.6,1,0,447.0,1,2024-25,16.6,109.3,110.0,110.0,100.2,100.2,100.2,9.1,9.7,9.7,0.153,2.21,22.1,0.028,0.08,0.053,10.0,9.9,0.557,0.587,0.159,0.165,100.96,100.63,83.86,100.63,0.082,1254,2.5,5.1,Ajay Mitchell
201143,Al,1610612738,BOS,39.0,60,44,16,0.733,1658.5733333333333,195,461,0.423,114,314,0.363,34,38,0.895,79,290,369,128,46,36,51,8,81,35,538,397,1387.8,7,0,1323.0,1,2024-25,27.6,119.2,119.6,119.6,106.5,108.1,108.1,12.8,11.5,11.5,0.102,2.78,19.6,0.046,0.165,0.106,7.0,7.1,0.547,0.563,0.136,0.139,98.66,97.75,81.46,97.75,0.091,3381,3.3,7.7,Al Horford
202692,Alec,1610612748,MIA,33.0,49,26,23,0.531,863.4966666666667,115,271,0.424,88,207,0.425,38,49,0.776,15,109,124,55,29,28,7,9,37,43,356,110,663.3,0,0,693.0,1,2024-25,17.6,113.1,113.5,113.5,106.7,107.6,107.6,6.4,5.9,5.9,0.09,1.9,14.7,0.018,0.119,0.07,7.8,7.7,0.587,0.608,0.16,0.165,98.61,98.03,81.69,98.03,0.088,1766,2.3,5.5,Alec Burks
1627936,Alex,1610612760,OKC,31.0,54,44,10,0.815,1040.635,140,314,0.446,60,170,0.353,42,51,0.824,38,121,159,137,37,87,30,14,102,62,382,321,1092.3,0,0,972.0,1,2024-25,19.3,117.0,117.5,117.5,102.3,102.5,102.5,14.7,15.0,15.0,0.171,3.7,26.9,0.035,0.108,0.072,7.3,7.2,0.541,0.568,0.147,0.152,103.01,102.7,85.58,102.7,0.101,2221,2.6,5.8,Alex Caruso
1642505,Alex,1610612760,OKC,24.0,21,20,1,0.952,125.34166666666668,12,30,0.4,10,21,0.476,2,2,1.0,9,17,26,5,4,5,0,1,12,1,36,-22,85.7,0,0,87.0,1,2024-25,6.0,101.7,99.6,99.6,105.5,106.3,106.3,-3.8,-6.7,-6.7,0.058,1.25,12.5,0.06,0.119,0.088,10.0,10.0,0.567,0.583,0.115,0.12,101.97,102.63,85.53,102.63,0.065,266,0.6,1.4,Alex Ducas
203458,Alex,1610612747,LAL,32.0,46,21,25,0.457,379.79,32,63,0.508,2,9,0.222,8,17,0.471,38,57,95,38,20,9,21,7,56,18,74,-153,315.0,0,0,269.0,2,2024-25,8.3,104.6,101.4,101.4,119.7,118.9,118.9,-15.1,-17.5,-17.5,0.143,1.9,29.5,0.094,0.142,0.118,15.5,15.6,0.524,0.525,0.101,0.106,99.68,101.55,84.63,101.55,0.057,798,0.7,1.4,Alex Len
1642024,Alex,1610612755,PHI,26.0,15,4,11,0.267,216.04666666666665,26,54,0.481,15,41,0.366,9,12,0.75,9,38,47,4,6,10,10,1,21,10,76,19,192.4,0,0,182.0,2,2024-25,14.4,116.9,117.3,117.3,111.9,111.8,111.8,5.0,5.5,5.5,0.023,0.67,5.8,0.041,0.161,0.103,8.7,8.7,0.62,0.641,0.123,0.128,104.77,104.64,87.2,104.64,0.079,468,1.7,3.6,Alex Reese
1642259,Alex,1610612764,WAS,20.0,67,13,54,0.194,1814.2283333333328,326,828,0.394,105,341,0.308,112,165,0.679,124,311,435,161,114,44,101,39,146,123,869,-546,1953.5,10,0,1860.0,1,2024-25,27.1,102.0,102.7,102.7,116.1,116.4,116.4,-14.1,-13.7,-13.7,0.139,1.41,13.7,0.06,0.158,0.108,9.7,9.7,0.457,0.482,0.23,0.234,104.83,104.3,86.91,104.3,0.084,3939,4.9,12.4,Alex Sarr
1631214,Alondes,1610612746,LAC,26.0,1,0,1,0.0,3.716666666666667,2,2,1.0,1,1,1.0,0,0,0.0,0,0,0,1,0,0,0,0,0,0,5,6,6.5,0,0,7.0,1,2024-25,3.7,171.4,171.4,171.4,87.2,85.7,85.7,84.2,85.7,85.7,0.333,0.0,33.3,0.0,0.0,0.0,0.0,0.0,1.25,1.25,0.286,0.286,89.63,90.4,75.34,90.4,0.4,7,2.0,2.0,Alondes Williams
1630578,Alperen,1610612745,HOU,22.0,76,52,24,0.684,2394.9766666666665,567,1143,0.496,21,90,0.233,296,428,0.692,262,524,786,372,194,84,61,84,209,406,1451,410,3193.2,45,4,2920.0,1,2024-25,31.5,112.5,114.9,114.9,106.9,107.4,107.4,5.7,7.6,7.6,0.238,1.92,19.6,0.099,0.21,0.153,10.2,10.2,0.505,0.545,0.259,0.264,100.76,99.47,82.89,99.47,0.153,4978,7.5,15.0,Alperen Sengun
1641708,Amen,1610612745,HOU,22.0,69,43,26,0.623,2225.415,388,697,0.557,25,91,0.275,169,247,0.684,192,372,564,265,138,97,89,45,167,175,970,268,2464.3,21,3,2196.0,1,2024-25,32.3,112.7,114.2,114.2,106.9,107.9,107.9,5.8,6.3,6.3,0.167,1.92,21.9,0.078,0.159,0.118,11.4,11.4,0.575,0.602,0.172,0.176,101.1,100.0,83.34,100.0,0.129,4626,5.6,10.1,Amen Thompson
1629599,Amir,1610612746,LAC,28.0,72,41,31,0.569,1747.54,240,510,0.471,101,247,0.409,115,129,0.891,32,129,161,77,45,40,7,27,120,95,696,-66,1100.7,0,0,1129.0,1,2024-25,24.3,108.4,109.1,109.1,110.5,110.6,110.6,-2.1,-1.4,-1.4,0.065,1.71,11.2,0.019,0.072,0.046,6.6,6.5,0.57,0.614,0.15,0.153,99.59,99.23,82.69,99.23,0.072,3606,3.3,7.1,Amir Coffey
203083,Andre,1610612755,PHI,31.0,40,12,28,0.3,750.6333333333333,117,234,0.5,3,20,0.15,56,90,0.622,109,201,310,34,55,39,18,29,94,69,293,-245,832.0,5,0,754.0,1,2024-25,18.8,103.4,103.4,103.4,117.7,118.9,118.9,-14.3,-15.5,-15.5,0.07,0.62,9.4,0.134,0.288,0.205,15.2,15.2,0.506,0.535,0.183,0.188,99.28,98.83,82.36,98.83,0.109,1543,2.9,5.9,Andre Drummond
1641748,Andre,1610612749,MIL,23.0,67,39,28,0.582,980.0916666666668,94,197,0.477,30,76,0.395,12,24,0.5,65,117,182,83,58,34,14,7,114,27,230,-33,658.9,0,0,621.0,1,2024-25,14.6,110.9,110.6,110.6,111.9,112.1,112.1,-0.9,-1.5,-1.5,0.109,1.43,23.8,0.066,0.114,0.091,16.6,16.6,0.553,0.554,0.115,0.118,101.45,101.48,84.56,101.48,0.051,2071,1.4,2.9,Andre Jackson Jr.
1629614,Andrew,1610612754,IND,25.0,65,44,21,0.677,1880.67,247,539,0.458,51,175,0.291,108,136,0.794,34,182,216,326,112,79,11,30,149,130,653,204,1559.2,2,0,1426.0,1,2024-25,28.9,115.1,115.5,115.5,109.3,110.2,110.2,5.8,5.3,5.3,0.225,2.91,31.4,0.018,0.093,0.057,10.8,10.8,0.506,0.545,0.163,0.165,101.86,101.31,84.43,101.31,0.081,3967,3.8,8.3,Andrew Nembhard
203952,Andrew,1610612748,MIA,30.0,60,27,33,0.45,1842.2816666666668,376,839,0.448,130,348,0.374,196,257,0.763,89,180,269,158,99,60,50,63,101,174,1078,-100,1868.8,3,0,1855.0,2,2024-25,30.7,108.4,109.4,109.4,110.9,111.7,111.7,-2.5,-2.3,-2.3,0.137,1.6,13.1,0.045,0.095,0.069,8.2,8.2,0.526,0.566,0.238,0.243,100.8,99.96,83.3,99.96,0.105,3831,6.3,14.0,Andrew Wiggins
1629014,Anfernee,1610612757,POR,26.0,70,28,42,0.4,2291.898333333333,479,1125,0.426,215,593,0.363,175,194,0.902,25,164,189,337,143,60,5,64,117,140,1348,-220,2132.3,2,0,2219.0,1,2024-25,32.7,107.2,108.8,108.8,112.8,113.4,113.4,-5.6,-4.6,-4.6,0.241,2.36,20.1,0.01,0.069,0.039,8.5,8.5,0.521,0.557,0.241,0.249,100.71,99.72,83.1,99.72,0.106,4760,6.8,16.1,Anfernee Simons
1641710,Anthony,1610612753,ORL,21.0,78,39,39,0.5,1886.993333333333,262,620,0.423,62,195,0.318,150,197,0.761,52,178,230,240,139,86,48,53,166,182,736,-40,1635.0,1,0,1536.0,1,2024-25,24.2,104.9,106.2,106.2,106.0,107.1,107.1,-1.1,-0.9,-0.9,0.201,1.73,22.2,0.026,0.1,0.061,12.8,12.8,0.473,0.521,0.19,0.196,98.98,97.83,81.53,97.83,0.084,3844,3.4,7.9,Anthony Black
203076,Anthony,1610612742,DAL,32.0,51,30,21,0.588,1705.4883333333332,470,910,0.516,35,124,0.282,286,369,0.775,134,456,590,181,113,59,110,39,98,273,1261,25,2634.5,36,1,2405.0,2,2024-25,33.4,113.0,113.3,113.3,110.9,112.9,112.9,2.1,0.5,0.5,0.182,1.6,13.3,0.083,0.254,0.173,8.3,8.3,0.536,0.588,0.301,0.308,99.84,98.83,82.36,98.83,0.179,3515,9.2,17.8,Anthony Davis
1630162,Anthony,1610612750,MIN,23.0,79,48,31,0.608,2871.0583333333334,721,1612,0.447,320,811,0.395,415,496,0.837,61,389,450,359,249,91,51,55,150,343,2177,291,3432.5,7,0,3590.0,1,2024-25,36.3,114.7,116.2,116.2,109.8,111.4,111.4,4.9,4.8,4.8,0.209,1.44,14.8,0.021,0.131,0.077,10.3,10.2,0.547,0.595,0.307,0.314,99.61,98.27,81.89,98.27,0.14,5883,9.1,20.4,Anthony Edwards
1630264,Anthony,1610612764,WAS,32.0,51,7,44,0.137,397.575,43,88,0.489,10,31,0.323,33,50,0.66,18,48,66,16,10,9,2,6,30,37,129,-73,255.2,0,0,243.0,1,2024-25,7.8,102.2,101.9,101.9,111.0,109.7,109.7,-8.9,-7.8,-7.8,0.059,1.6,11.9,0.042,0.111,0.077,7.4,7.4,0.545,0.586,0.124,0.13,100.51,101.23,84.36,101.23,0.071,835,0.8,1.7,Anthony Gill
1641817,Anton,1610612752,NYK,24.0,9,5,4,0.556,22.166666666666668,4,9,0.444,0,1,0.0,0,0,0.0,1,2,3,2,2,1,0,1,3,0,8,-9,15.6,0,0,15.0,1,2024-25,2.5,104.9,103.9,103.9,136.3,119.2,119.2,-31.4,-15.3,-15.3,0.125,1.0,15.4,0.05,0.118,0.081,15.4,15.4,0.444,0.444,0.193,0.206,103.94,111.52,92.93,111.52,0.033,51,0.4,1.0,Anton Watson
1641810,Antonio,1610612740,NOP,24.0,44,6,38,0.136,659.5583333333333,113,248,0.456,51,129,0.395,28,35,0.8,18,45,63,39,30,21,4,14,40,22,305,-150,484.1,0,0,508.0,1,2024-25,15.0,106.1,107.3,107.3,118.2,117.5,117.5,-12.0,-10.2,-10.2,0.089,1.3,11.8,0.026,0.07,0.047,9.1,9.0,0.558,0.579,0.183,0.188,101.39,101.12,84.27,101.12,0.072,1386,2.6,5.6,Antonio Reeves
1630574,Ariel,1610612752,NYK,23.0,25,17,8,0.68,217.365,21,31,0.677,0,0,0.0,6,13,0.462,14,37,51,11,21,1,15,2,32,13,48,-63,152.7,0,0,142.0,1,2024-25,8.7,98.6,97.6,97.6,111.0,110.1,110.1,-12.4,-12.4,-12.4,0.075,0.52,15.9,0.066,0.151,0.112,30.4,30.6,0.677,0.654,0.113,0.117,101.64,102.57,85.48,102.57,0.048,462,0.8,1.2,Ariel Hukporti
1642422,Armel,1610612747,LAL,22.0,9,5,4,0.556,66.66666666666667,6,19,0.316,0,7,0.0,2,7,0.286,2,13,15,1,3,4,2,1,6,5,14,-49,48.5,0,0,42.0,1,2024-25,7.4,86.2,81.9,81.9,122.9,119.3,119.3,-36.7,-37.3,-37.3,0.026,0.33,3.8,0.026,0.228,0.111,11.5,11.5,0.316,0.317,0.153,0.165,98.22,102.24,85.2,102.24,0.027,144,0.7,2.1,Armel Traore
1641709,Ausar,1610612765,DET,22.0,59,34,25,0.576,1327.715,246,460,0.535,11,49,0.224,91,142,0.641,111,192,303,134,80,98,40,42,164,130,594,67,1492.6,3,0,1318.0,1,2024-25,22.5,112.6,113.1,113.1,107.9,109.2,109.2,4.6,4.0,4.0,0.139,1.68,18.2,0.081,0.139,0.11,10.8,10.9,0.547,0.568,0.185,0.189,103.65,102.76,85.64,102.76,0.104,2822,4.2,7.8,Ausar Thompson
1630559,Austin,1610612747,LAL,27.0,73,46,27,0.63,2550.0916666666667,477,1037,0.46,200,531,0.377,321,366,0.877,61,268,329,421,177,81,22,47,151,321,1475,195,2633.3,9,1,2631.0,1,2024-25,34.9,116.3,117.1,117.1,111.8,113.3,113.3,4.4,3.8,3.8,0.241,2.38,23.6,0.025,0.101,0.065,9.9,9.9,0.556,0.616,0.23,0.237,100.87,99.86,83.22,99.86,0.118,5303,6.5,14.2,Austin Reaves
1630245,Ayo,1610612741,CHI,25.0,46,17,29,0.37,1393.8833333333334,221,449,0.492,62,189,0.328,62,79,0.785,26,135,161,208,69,43,18,34,105,63,566,-234,1185.2,1,1,1119.0,1,2024-25,30.3,110.1,110.1,110.1,117.1,117.8,117.8,-7.0,-7.7,-7.7,0.21,3.01,27.4,0.018,0.09,0.054,9.1,9.1,0.561,0.585,0.163,0.167,104.93,104.63,87.2,104.63,0.084,3039,4.8,9.8,Ayo Dosunmu
1628389,Bam,1610612748,MIA,27.0,78,36,42,0.462,2673.693333333333,540,1113,0.485,79,221,0.357,251,328,0.765,185,564,749,337,161,98,53,46,162,309,1410,27,3106.3,38,1,2877.0,1,2024-25,34.3,110.2,110.9,110.9,110.6,110.8,110.8,-0.4,0.1,0.1,0.204,2.09,19.2,0.069,0.214,0.141,9.2,9.2,0.521,0.561,0.232,0.237,97.42,97.02,80.85,97.02,0.137,5414,6.9,14.3,Bam Adebayo
1631248,Baylor,1610612738,BOS,24.0,31,27,4,0.871,383.8883333333333,39,110,0.355,26,82,0.317,9,12,0.75,19,46,65,33,12,17,2,3,22,18,113,29,285.5,0,0,275.0,1,2024-25,12.4,111.6,109.9,109.9,106.0,105.8,105.8,5.6,4.1,4.1,0.12,2.75,20.5,0.048,0.117,0.083,7.5,7.5,0.473,0.49,0.143,0.148,94.42,95.28,79.4,95.28,0.074,761,1.3,3.5,Baylor Scheierman
1641767,Ben,1610612754,IND,23.0,63,40,23,0.635,1229.5583333333334,120,287,0.418,68,199,0.342,24,27,0.889,44,133,177,85,22,38,14,13,125,35,332,-59,805.9,0,0,766.0,1,2024-25,19.5,112.3,111.2,111.2,113.3,113.4,113.4,-1.0,-2.2,-2.2,0.087,3.86,21.0,0.035,0.106,0.07,5.4,5.4,0.537,0.555,0.108,0.112,102.45,102.92,85.77,102.92,0.055,2636,1.9,4.6,Ben Sheppard
1627732,Ben,1610612746,LAC,28.0,51,26,25,0.51,1119.6933333333334,116,223,0.52,0,0,0.0,24,33,0.727,47,194,241,285,102,38,23,10,107,58,256,-56,1053.7,1,0,904.0,2,2024-25,22.0,111.1,111.7,111.7,113.0,113.5,113.5,-1.9,-1.8,-1.8,0.358,2.79,45.7,0.043,0.184,0.113,16.3,16.3,0.52,0.539,0.133,0.136,98.61,98.17,81.81,98.17,0.103,2283,2.3,4.4,Ben Simmons
1631097,Bennedict,1610612754,IND,23.0,72,43,29,0.597,2149.318333333333,391,853,0.458,98,288,0.34,276,332,0.831,87,296,383,136,135,47,24,67,162,245,1156,94,1897.6,8,0,1915.0,1,2024-25,29.9,113.8,113.8,113.8,111.3,112.2,112.2,2.5,1.6,1.6,0.09,1.01,10.7,0.041,0.133,0.088,10.6,10.6,0.516,0.579,0.222,0.228,101.93,101.52,84.6,101.52,0.092,4556,5.4,11.8,Bennedict Mathurin
1641731,Bilal,1610612764,WAS,20.0,59,13,46,0.22,1947.506666666667,263,624,0.421,63,224,0.281,138,185,0.746,91,203,294,199,125,78,41,46,139,143,727,-587,1610.3,3,1,1521.0,1,2024-25,33.0,103.1,104.5,104.5,117.0,118.3,118.3,-13.9,-13.8,-13.8,0.15,1.59,19.4,0.043,0.098,0.07,12.2,12.1,0.472,0.515,0.175,0.179,104.48,103.22,86.02,103.22,0.07,4183,4.5,10.6,Bilal Coulibaly
202687,Bismack,1610612759,SAS,32.0,28,10,18,0.357,527.4866666666667,67,114,0.588,0,0,0.0,10,25,0.4,43,115,158,31,27,16,23,11,52,28,144,-100,470.1,3,0,411.0,1,2024-25,18.8,108.4,108.7,108.7,118.0,117.9,117.9,-9.6,-9.2,-9.2,0.079,1.15,16.9,0.08,0.207,0.144,14.8,14.8,0.588,0.576,0.124,0.127,100.35,100.23,83.53,100.23,0.08,1102,2.4,4.1,Bismack Biyombo
1631104,Blake,1610612759,SAS,22.0,58,23,35,0.397,683.1066666666667,81,186,0.435,17,58,0.293,38,61,0.623,17,44,61,114,54,37,6,13,46,56,217,-9,536.2,0,0,495.0,1,2024-25,11.8,111.2,110.2,110.2,110.8,109.7,109.7,0.4,0.5,0.5,0.225,2.11,29.8,0.025,0.062,0.044,14.1,14.2,0.481,0.51,0.165,0.168,100.91,101.92,84.94,101.92,0.066,1443,1.4,3.2,Blake Wesley
1626171,Bobby,1610612749,MIL,30.0,49,30,19,0.612,1243.68,277,595,0.466,65,178,0.365,61,73,0.836,90,321,411,104,57,35,26,31,94,72,680,95,1455.2,11,0,1382.0,1,2024-25,25.4,113.3,114.1,114.1,110.0,110.8,110.8,3.3,3.4,3.4,0.126,1.82,13.2,0.071,0.235,0.156,7.2,7.2,0.52,0.542,0.234,0.239,101.89,101.2,84.33,101.2,0.131,2625,5.7,12.1,Bobby Portis Jr.
1641752,Bobi,1610612765,DET,22.0,8,4,4,0.5,42.38166666666667,6,10,0.6,2,5,0.4,1,2,0.5,1,6,7,7,1,2,1,0,8,2,15,0,41.9,0,0,37.0,1,2024-25,5.3,120.4,121.4,121.4,122.0,117.2,117.2,-1.6,4.2,4.2,0.212,7.0,36.8,0.024,0.182,0.095,5.3,5.3,0.7,0.689,0.121,0.123,95.34,96.83,80.7,96.83,0.095,84,0.8,1.3,Bobi Klintman
203992,Bogdan,1610612746,LAC,32.0,54,33,21,0.611,1347.6583333333333,210,492,0.427,105,289,0.363,58,66,0.879,24,135,159,146,74,41,11,12,127,73,583,106,1074.8,1,0,1097.0,2,2024-25,25.0,112.6,112.7,112.7,109.5,110.0,110.0,3.1,2.7,2.7,0.152,1.97,19.7,0.017,0.098,0.057,10.0,10.0,0.534,0.559,0.183,0.188,101.59,101.35,84.46,101.35,0.074,2858,3.9,9.1,Bogdan Bogdanović
1629626,Bol,1610612756,PHX,25.0,36,10,26,0.278,448.48333333333335,96,183,0.525,32,93,0.344,20,26,0.769,20,84,104,22,20,9,25,0,20,18,244,-37,483.8,1,0,470.0,1,2024-25,12.5,113.4,112.1,112.1,117.4,115.9,115.9,-4.0,-3.9,-3.9,0.071,1.1,9.3,0.047,0.168,0.113,8.4,8.5,0.612,0.627,0.204,0.209,101.49,102.75,85.62,102.75,0.114,960,2.7,5.1,Bol Bol
1630538,Bones,1610612750,MIN,24.0,24,11,13,0.458,238.77,47,118,0.398,32,82,0.39,23,26,0.885,5,20,25,32,25,18,4,5,29,17,149,-31,268.0,0,0,282.0,2,2024-25,9.9,99.7,102.0,102.0,108.5,108.1,108.1,-8.8,-6.1,-6.1,0.246,1.28,17.3,0.02,0.083,0.051,13.5,13.4,0.534,0.576,0.274,0.281,99.58,98.61,82.17,98.61,0.108,490,2.0,4.9,Bones Hyland
203078,Bradley,1610612756,PHX,32.0,53,22,31,0.415,1702.1916666666666,345,694,0.497,102,264,0.386,110,137,0.803,34,143,177,195,99,58,28,21,136,115,902,-273,1565.9,1,0,1548.0,1,2024-25,32.1,111.5,110.6,110.6,118.5,118.6,118.6,-7.0,-8.0,-8.0,0.177,1.97,18.6,0.021,0.083,0.054,9.4,9.4,0.571,0.598,0.219,0.224,99.68,100.02,83.35,100.02,0.093,3552,6.5,13.1,Bradley Beal
1642382,Branden,1610612760,OKC,26.0,32,29,3,0.906,246.4033333333333,43,97,0.443,22,66,0.333,14,18,0.778,17,37,54,14,7,5,21,4,22,13,122,41,278.8,1,0,264.0,1,2024-25,7.7,116.3,115.1,115.1,107.1,105.8,105.8,9.1,9.4,9.4,0.077,2.0,11.1,0.064,0.131,0.099,5.6,5.6,0.557,0.581,0.185,0.192,102.66,103.83,86.52,103.83,0.101,529,1.3,3.0,Branden Carlson
1641764,Brandin,1610612744,GSW,22.0,64,38,26,0.594,1716.3483333333334,280,629,0.445,115,309,0.372,72,95,0.758,65,260,325,220,75,69,13,26,95,123,747,261,1638.0,2,0,1571.0,1,2024-25,26.8,111.5,111.6,111.6,104.6,105.1,105.1,6.9,6.6,6.6,0.194,2.93,22.8,0.034,0.151,0.089,7.8,7.8,0.537,0.557,0.177,0.184,100.64,100.36,83.63,100.36,0.114,3600,4.4,9.8,Brandin Podziemski
1630527,Brandon,1610612740,NOP,23.0,42,8,34,0.19,992.78,166,381,0.436,49,140,0.35,67,85,0.788,28,106,134,92,52,53,9,24,73,67,448,-140,880.8,0,0,847.0,1,2024-25,23.6,107.6,108.6,108.6,113.7,114.8,114.8,-6.1,-6.2,-6.2,0.14,1.77,16.3,0.026,0.107,0.065,9.2,9.2,0.5,0.535,0.199,0.202,100.85,99.87,83.22,99.87,0.085,2060,4.0,9.1,Brandon Boston Jr.
1629634,Brandon,1610612763,MEM,28.0,64,40,24,0.625,1206.861666666667,236,380,0.621,1,17,0.059,61,87,0.701,127,199,326,66,41,52,36,22,145,79,534,181,1247.2,2,0,1103.0,1,2024-25,18.9,115.3,116.5,116.5,107.1,108.2,108.2,8.1,8.2,8.2,0.072,1.61,12.7,0.102,0.148,0.126,7.9,7.8,0.622,0.638,0.15,0.155,106.63,105.54,87.95,105.54,0.108,2637,3.7,5.9,Brandon Clarke
1627742,Brandon,1610612761,TOR,27.0,18,5,13,0.278,595.0316666666666,155,333,0.465,43,115,0.374,47,55,0.855,17,83,100,93,69,16,11,21,45,66,400,-128,671.5,0,0,690.0,1,2024-25,33.1,105.6,107.0,107.0,115.9,117.7,117.7,-10.3,-10.7,-10.7,0.28,1.35,18.0,0.027,0.14,0.083,13.3,13.3,0.53,0.56,0.305,0.31,98.88,97.49,81.24,97.49,0.122,1209,8.6,18.5,Brandon Ingram
1641706,Brandon,1610612766,CHA,22.0,27,8,19,0.296,923.565,198,491,0.403,104,293,0.355,68,79,0.861,25,106,131,98,76,29,20,21,74,72,568,-124,943.2,2,0,999.0,1,2024-25,34.2,104.4,106.9,106.9,112.6,113.8,113.8,-8.2,-6.8,-6.8,0.182,1.29,14.0,0.024,0.117,0.068,10.9,10.9,0.509,0.54,0.27,0.275,100.5,98.77,82.31,98.77,0.1,1903,7.3,18.2,Brandon Miller
1630314,Brandon,1610612742,DAL,25.0,33,15,18,0.455,487.13,98,188,0.521,24,60,0.4,55,66,0.833,12,46,58,76,39,24,5,20,33,57,275,10,506.6,0,0,491.0,1,2024-25,14.8,109.6,109.5,109.5,109.4,108.8,108.8,0.2,0.7,0.7,0.228,1.95,22.9,0.025,0.091,0.059,11.7,11.7,0.585,0.634,0.218,0.224,104.36,104.74,87.29,104.74,0.119,1064,3.0,5.7,Brandon Williams
1630296,Braxton,1610612744,GSW,28.0,3,3,0,1.0,10.825,0,4,0.0,0,1,0.0,3,6,0.5,1,1,2,0,1,2,0,1,0,3,3,-8,10.4,0,0,9.0,1,2024-25,3.6,95.9,90.0,90.0,126.6,120.7,120.7,-30.7,-30.7,-30.7,0.0,0.0,0.0,0.077,0.167,0.105,12.5,13.1,0.0,0.226,0.222,0.23,123.71,130.81,109.01,130.81,-0.026,30,0.0,1.3,Braxton Key
1641729,Brice,1610612762,UTA,21.0,71,14,57,0.197,1431.9216666666666,275,599,0.459,157,372,0.422,65,73,0.89,42,168,210,110,107,46,8,27,111,54,772,-285,1244.0,0,0,1357.0,1,2024-25,20.2,108.1,109.9,109.9,119.0,119.5,119.5,-10.9,-9.6,-9.6,0.117,1.03,13.0,0.028,0.11,0.069,12.7,12.6,0.59,0.612,0.208,0.213,104.27,103.21,86.01,103.21,0.087,3084,3.9,8.4,Brice Sensabaugh
1642355,Bronny,1610612747,LAL,20.0,27,17,10,0.63,181.2433333333333,21,67,0.313,9,32,0.281,11,14,0.786,4,14,18,22,13,9,3,5,13,10,62,-71,139.6,0,0,135.0,1,2024-25,6.7,98.2,95.5,95.5,116.4,114.1,114.1,-18.2,-18.6,-18.6,0.191,1.69,20.4,0.021,0.076,0.048,12.0,12.0,0.381,0.424,0.199,0.21,97.08,99.45,82.87,99.45,0.05,375,0.8,2.5,Bronny James
201572,Brook,1610612749,MIL,37.0,80,47,33,0.588,2546.07,394,774,0.509,139,373,0.373,114,138,0.826,113,288,401,143,84,50,148,20,171,135,1041,134,2246.7,4,0,2120.0,1,2024-25,31.8,114.1,114.8,114.8,111.6,112.7,112.7,2.5,2.2,2.2,0.078,1.7,13.5,0.046,0.107,0.078,7.9,7.9,0.599,0.624,0.157,0.159,101.07,100.24,83.53,100.24,0.087,5325,4.9,9.7,Brook Lopez
1628971,Bruce,1610612740,NOP,28.0,41,15,26,0.366,921.53,130,309,0.421,27,81,0.333,53,65,0.815,40,124,164,84,39,34,10,22,71,48,340,-226,755.8,0,0,703.0,2,2024-25,22.5,104.7,104.8,104.8,116.4,116.8,116.8,-11.7,-11.9,-11.9,0.133,2.15,18.3,0.04,0.134,0.085,8.5,8.5,0.464,0.504,0.169,0.175,100.4,100.19,83.49,100.19,0.078,1925,3.2,7.5,Bruce Brown
1628981,Bruno,1610612761,TOR,26.0,17,2,15,0.118,146.58,26,49,0.531,0,0,0.0,6,8,0.75,21,30,51,18,14,4,9,7,27,10,58,-22,171.2,0,0,153.0,1,2024-25,8.6,104.8,103.9,103.9,113.6,110.1,110.1,-8.8,-6.1,-6.1,0.194,1.29,21.2,0.127,0.21,0.165,16.5,16.6,0.531,0.552,0.182,0.188,98.4,100.37,83.64,100.37,0.1,305,1.5,2.9,Bruno Fernando
1631121,Bryce,1610612757,POR,22.0,13,8,5,0.615,32.016666666666666,4,14,0.286,0,4,0.0,5,6,0.833,2,1,3,2,4,1,0,1,3,5,13,-4,18.6,0,0,20.0,1,2024-25,2.5,90.0,89.9,89.9,109.3,97.1,97.1,-19.3,-7.2,-7.2,0.105,0.5,9.1,0.056,0.034,0.046,18.2,17.7,0.286,0.391,0.244,0.265,96.94,102.7,85.58,102.7,0.0,69,0.3,1.1,Bryce McGowens
1642267,Bub,1610612764,WAS,19.0,82,18,64,0.22,2457.79,300,748,0.401,138,407,0.339,69,85,0.812,33,308,341,364,141,54,21,23,190,111,807,-798,1846.2,5,0,1800.0,1,2024-25,30.0,102.5,102.8,102.8,117.4,118.0,118.0,-14.9,-15.2,-15.2,0.213,2.58,28.3,0.012,0.117,0.064,11.0,10.9,0.493,0.514,0.154,0.159,103.44,103.06,85.88,103.06,0.071,5279,3.7,9.1,Bub Carrington
1627741,Buddy,1610612744,GSW,32.0,82,48,34,0.585,1862.9883333333328,328,786,0.417,203,549,0.37,53,64,0.828,51,213,264,134,91,69,23,31,132,46,912,141,1614.8,0,0,1697.0,1,2024-25,22.7,111.1,112.3,112.3,110.3,110.1,110.1,0.7,2.2,2.2,0.106,1.47,13.0,0.025,0.111,0.066,8.8,8.8,0.546,0.56,0.196,0.202,101.3,100.82,84.02,100.82,0.085,3937,4.0,9.6,Buddy Hield
203468,CJ,1610612740,NOP,33.0,56,17,39,0.304,1831.6783333333333,444,1000,0.444,171,459,0.373,124,173,0.717,42,170,212,227,106,46,24,39,124,136,1183,-279,1881.9,0,0,1933.0,1,2024-25,32.7,110.8,112.3,112.3,118.1,119.4,119.4,-7.3,-7.1,-7.1,0.192,2.14,16.1,0.022,0.091,0.056,7.5,7.5,0.53,0.55,0.266,0.271,102.76,101.56,84.63,101.56,0.097,3874,7.9,17.9,CJ McCollum
1630595,Cade,1610612765,DET,23.0,70,38,32,0.543,2451.9466666666667,684,1457,0.469,149,418,0.356,313,370,0.846,56,369,425,638,309,71,53,100,195,279,1830,175,3360.0,31,9,3290.0,1,2024-25,35.0,113.5,115.0,115.0,110.5,112.2,112.2,3.0,2.8,2.8,0.409,2.06,25.0,0.023,0.147,0.086,12.1,12.0,0.521,0.565,0.323,0.33,103.01,101.57,84.64,101.57,0.152,5201,9.8,20.8,Cade Cunningham
1631216,Caleb,1610612753,ORL,22.0,58,29,29,0.5,787.99,80,190,0.421,64,160,0.4,15,17,0.882,19,56,75,35,13,22,6,6,62,18,239,-66,452.5,0,0,469.0,1,2024-25,13.6,103.3,104.2,104.2,107.7,108.2,108.2,-4.4,-4.1,-4.1,0.066,2.69,14.3,0.023,0.073,0.047,5.3,5.3,0.589,0.605,0.115,0.118,97.45,96.82,80.69,96.82,0.061,1589,1.4,3.3,Caleb Houstan
1628997,Caleb,1610612742,DAL,29.0,45,17,28,0.378,1218.0166666666669,129,304,0.424,37,103,0.359,61,98,0.622,53,124,177,95,56,46,23,15,87,81,356,-155,861.9,1,0,803.0,2,2024-25,27.1,106.5,106.5,106.5,112.1,112.8,112.8,-5.6,-6.3,-6.3,0.116,1.7,19.0,0.042,0.105,0.073,11.2,11.2,0.485,0.513,0.143,0.147,98.99,98.64,82.2,98.64,0.063,2504,2.9,6.8,Caleb Martin
1642353,Cam,1610612746,LAC,19.0,13,10,3,0.769,58.64833333333333,7,24,0.292,2,13,0.154,2,4,0.5,3,9,12,6,2,5,1,1,4,3,18,-10,57.4,0,0,50.0,1,2024-25,4.5,104.7,97.6,97.6,108.8,105.6,105.6,-4.0,-7.9,-7.9,0.167,3.0,17.6,0.051,0.141,0.098,5.9,5.9,0.333,0.349,0.192,0.203,98.1,103.12,85.94,103.12,0.07,126,0.5,1.8,Cam Christie
1629629,Cam,1610612747,LAL,25.0,33,15,18,0.455,589.45,38,94,0.404,13,47,0.277,16,26,0.615,17,49,66,22,12,33,10,5,43,23,105,-91,334.2,0,0,292.0,1,2024-25,17.9,109.4,107.6,107.6,113.7,115.9,115.9,-4.2,-8.4,-8.4,0.049,1.83,15.8,0.029,0.081,0.056,8.6,8.6,0.473,0.498,0.084,0.088,100.69,100.53,83.77,100.53,0.04,1240,1.2,2.8,Cam Reddish
1642285,Cam,1610612763,MEM,25.0,25,14,11,0.56,252.2433333333333,34,82,0.415,19,52,0.365,19,19,1.0,12,18,30,34,6,9,1,1,23,14,106,40,217.0,0,0,209.0,1,2024-25,10.1,116.5,116.4,116.4,111.4,109.6,109.6,5.1,6.8,6.8,0.182,5.67,26.2,0.043,0.07,0.056,4.6,4.6,0.53,0.587,0.148,0.154,102.19,103.04,85.87,103.04,0.087,543,1.4,3.3,Cam Spencer
1630560,Cam,1610612751,BKN,23.0,25,8,17,0.32,781.1566666666666,199,454,0.438,68,195,0.349,133,151,0.881,15,68,83,94,62,15,2,28,44,115,599,-92,828.6,1,0,878.0,1,2024-25,31.2,112.9,114.9,114.9,118.1,120.6,120.6,-5.2,-5.7,-5.7,0.217,1.52,14.0,0.02,0.089,0.054,9.2,9.2,0.513,0.575,0.328,0.335,98.0,96.1,80.09,96.1,0.122,1563,8.0,18.2,Cam Thomas
1641715,Cam,1610612745,HOU,20.0,51,30,21,0.588,826.585,179,403,0.444,65,183,0.355,54,72,0.75,36,115,151,49,46,31,13,30,44,46,477,-1,817.7,2,0,830.0,1,2024-25,16.2,111.4,113.4,113.4,112.5,112.3,112.3,-1.0,1.1,1.1,0.09,1.07,9.2,0.039,0.139,0.086,8.7,8.7,0.525,0.549,0.231,0.237,101.73,100.93,84.11,100.93,0.108,1729,3.5,7.9,Cam Whitmore
1629661,Cameron,1610612751,BKN,29.0,57,21,36,0.368,1799.763333333333,355,747,0.475,159,408,0.39,201,225,0.893,54,193,247,194,99,53,25,36,104,170,1070,-200,1792.4,2,0,1826.0,1,2024-25,31.6,109.0,110.9,110.9,115.0,116.7,116.7,-6.0,-5.8,-5.8,0.179,1.96,17.2,0.03,0.113,0.07,8.8,8.7,0.582,0.632,0.224,0.23,98.99,97.41,81.18,97.41,0.124,3657,6.2,13.1,Cameron Johnson
1626166,Cameron,1610612752,NYK,30.0,72,46,26,0.639,1089.9766666666667,179,446,0.401,93,256,0.363,49,54,0.907,14,90,104,203,52,39,16,12,111,61,500,204,1042.3,0,0,1010.0,1,2024-25,15.1,115.6,116.6,116.6,107.1,107.5,107.5,8.5,9.1,9.1,0.251,3.9,28.1,0.013,0.081,0.047,7.2,7.2,0.506,0.532,0.2,0.206,100.86,100.23,83.52,100.23,0.089,2275,2.5,6.2,Cameron Payne
1627747,Caris,1610612737,ATL,30.0,64,46,18,0.719,1596.1066666666666,280,599,0.467,106,284,0.373,110,155,0.71,41,162,203,215,76,57,33,27,99,109,776,258,1536.1,1,0,1480.0,2,2024-25,24.9,120.0,120.5,120.5,112.3,113.4,113.4,7.6,7.2,7.2,0.178,2.83,22.5,0.026,0.096,0.062,7.9,7.9,0.556,0.582,0.191,0.196,103.93,103.21,86.01,103.21,0.094,3437,4.4,9.4,Caris LeVert
1641717,Cason,1610612760,OKC,21.0,68,55,13,0.809,1876.26,232,489,0.474,74,208,0.356,30,37,0.811,71,158,229,173,59,120,35,32,145,42,568,369,1508.3,0,0,1354.0,1,2024-25,27.6,116.0,117.2,117.2,106.2,107.1,107.1,9.8,10.1,10.1,0.117,2.93,23.5,0.036,0.079,0.057,8.0,8.0,0.55,0.562,0.124,0.127,102.79,101.87,84.89,101.87,0.075,3967,3.4,7.2,Cason Wallace
1629646,Charles,1610612759,SAS,24.0,36,14,22,0.389,375.515,68,117,0.581,0,0,0.0,21,33,0.636,56,96,152,17,23,14,30,7,50,26,157,-129,473.9,2,0,414.0,1,2024-25,10.4,104.3,101.6,101.6,116.4,117.5,117.5,-12.1,-15.9,-15.9,0.072,0.74,9.9,0.133,0.24,0.185,13.5,13.4,0.581,0.597,0.164,0.171,104.59,105.46,87.88,105.46,0.113,826,1.9,3.3,Charles Bassey
1631096,Chet,1610612760,OKC,23.0,32,26,6,0.813,876.54,167,341,0.49,44,116,0.379,101,134,0.754,48,209,257,63,56,23,71,35,72,95,479,294,1107.9,11,0,1031.0,1,2024-25,27.4,120.1,121.7,121.7,105.4,105.6,105.6,14.7,16.1,16.1,0.091,1.13,12.1,0.054,0.208,0.136,10.8,10.8,0.554,0.599,0.214,0.218,104.67,103.83,86.52,103.83,0.122,1891,5.2,10.7,Chet Holmgren
1628449,Chris,1610612761,TOR,32.0,50,18,32,0.36,862.3,182,370,0.492,70,193,0.363,68,87,0.782,70,154,224,33,29,24,25,19,68,69,502,5,938.3,3,0,927.0,1,2024-25,17.2,112.5,113.3,113.3,112.9,113.5,113.5,-0.4,-0.2,-0.2,0.057,1.14,7.0,0.077,0.175,0.125,6.2,6.2,0.586,0.615,0.208,0.213,99.91,99.28,82.73,99.28,0.126,1787,3.6,7.4,Chris Boucher
1630537,Chris,1610612741,CHI,28.0,17,4,13,0.235,74.46833333333333,12,26,0.462,6,15,0.4,6,8,0.75,5,15,20,9,1,0,0,1,7,6,36,12,72.5,0,0,71.0,1,2024-25,4.4,109.1,105.2,105.2,103.3,102.4,102.4,5.8,2.8,2.8,0.173,9.0,23.1,0.06,0.165,0.115,2.6,2.5,0.577,0.61,0.151,0.163,106.21,108.61,90.51,108.61,0.127,172,0.7,1.5,Chris Duarte
1641753,Chris,1610612749,MIL,21.0,21,15,6,0.714,105.81,9,27,0.333,0,8,0.0,12,16,0.75,10,25,35,5,6,5,0,5,8,10,30,-29,88.5,0,0,80.0,1,2024-25,5.0,90.8,89.6,89.6,105.2,102.2,102.2,-14.4,-12.6,-12.6,0.078,0.83,11.1,0.091,0.198,0.148,13.3,13.3,0.333,0.441,0.15,0.158,102.1,104.34,86.95,104.34,0.099,230,0.4,1.3,Chris Livingston
101108,Chris,1610612759,SAS,40.0,82,34,48,0.415,2292.1633333333334,249,583,0.427,140,371,0.377,85,92,0.924,33,263,296,605,129,103,22,9,151,85,723,4,2231.7,12,0,2014.0,1,2024-25,28.0,113.5,114.2,114.2,114.4,115.0,115.0,-0.9,-0.8,-0.8,0.342,4.69,45.0,0.014,0.11,0.062,9.6,9.5,0.547,0.58,0.137,0.141,101.05,100.48,83.74,100.48,0.102,4817,3.0,7.1,Chris Paul
1631128,Christian,1610612743,DEN,24.0,79,48,31,0.608,2675.383333333333,476,821,0.58,89,224,0.397,177,214,0.827,98,312,410,205,81,85,37,62,170,143,1218,480,2302.5,6,0,2166.0,1,2024-25,33.9,122.0,122.7,122.7,113.0,114.5,114.5,8.9,8.2,8.2,0.096,2.53,17.1,0.039,0.109,0.077,6.8,6.7,0.634,0.665,0.155,0.159,101.95,101.04,84.2,101.04,0.096,5639,6.0,10.4,Christian Braun
1631132,Christian,1610612747,LAL,25.0,37,23,14,0.622,341.53,40,66,0.606,0,4,0.0,10,14,0.714,35,57,92,16,12,8,16,8,44,21,90,-7,284.4,0,0,246.0,1,2024-25,9.2,106.8,104.7,104.7,106.5,106.0,106.0,0.2,-1.3,-1.3,0.068,1.33,15.8,0.095,0.165,0.129,11.9,12.0,0.606,0.624,0.104,0.107,99.96,101.19,84.33,101.19,0.082,721,1.1,1.8,Christian Koloko
1629643,Chuma,1610612739,CLE,26.0,9,2,7,0.222,196.68,20,40,0.5,11,28,0.393,2,3,0.667,21,26,47,15,3,5,4,1,5,7,53,-28,155.9,1,0,144.0,2,2024-25,21.9,115.6,115.8,115.8,121.8,122.1,122.1,-6.3,-6.3,-6.3,0.101,5.0,25.4,0.099,0.141,0.118,5.1,5.1,0.638,0.641,0.093,0.096,99.3,99.08,82.57,99.08,0.089,405,2.2,4.4,Chuma Okeke
203991,Clint,1610612737,ATL,31.0,55,27,28,0.491,1176.4333333333334,218,390,0.559,0,1,0.0,52,97,0.536,174,295,469,62,47,34,53,36,106,89,488,-79,1357.8,11,0,1193.0,1,2024-25,21.4,107.9,108.7,108.7,110.9,111.5,111.5,-3.0,-2.7,-2.7,0.073,1.32,11.4,0.132,0.238,0.183,8.7,8.7,0.559,0.564,0.16,0.164,105.86,105.23,87.69,105.23,0.117,2575,4.0,7.1,Clint Capela
1629632,Coby,1610612741,CHI,25.0,74,35,39,0.473,2450.2566666666667,508,1121,0.453,216,584,0.37,277,307,0.902,25,248,273,330,177,69,16,77,154,267,1509,-141,2409.6,2,0,2498.0,1,2024-25,33.1,111.3,111.5,111.5,113.7,113.9,113.9,-2.4,-2.5,-2.5,0.197,1.86,18.8,0.01,0.095,0.053,10.1,10.0,0.55,0.601,0.237,0.245,105.56,105.37,87.81,105.37,0.103,5375,6.9,15.1,Coby White
1628998,Cody,1610612756,PHX,29.0,53,16,37,0.302,1173.2066666666667,136,325,0.418,43,151,0.285,43,61,0.705,53,171,224,105,51,56,32,15,95,61,358,-105,997.3,0,0,906.0,2,2024-25,22.1,107.6,108.1,108.1,110.7,111.3,111.3,-3.1,-3.2,-3.2,0.128,2.06,20.6,0.041,0.136,0.088,10.0,10.0,0.485,0.509,0.142,0.145,101.68,101.2,84.33,101.2,0.08,2462,2.6,6.1,Cody Martin
1642262,Cody,1610612762,UTA,20.0,50,9,41,0.18,1059.611666666667,83,257,0.323,35,135,0.259,29,40,0.725,27,86,113,59,44,23,16,17,95,31,230,-339,527.1,0,0,515.0,1,2024-25,21.2,103.0,103.0,103.0,117.5,118.5,118.5,-14.6,-15.5,-15.5,0.078,1.34,15.6,0.024,0.075,0.049,11.6,11.7,0.391,0.419,0.122,0.126,103.64,103.19,85.99,103.19,0.021,2284,1.7,5.1,Cody Williams
1641732,Colby,1610612764,WAS,23.0,39,12,27,0.308,514.6483333333333,59,129,0.457,16,49,0.327,23,35,0.657,21,66,87,44,23,26,13,10,37,33,157,-112,421.4,1,0,382.0,2,2024-25,13.2,105.6,104.4,104.4,114.4,114.8,114.8,-8.8,-10.4,-10.4,0.123,1.91,20.8,0.038,0.123,0.08,10.8,10.9,0.519,0.544,0.138,0.142,99.08,99.47,82.89,99.47,0.078,1066,1.5,3.3,Colby Jones
1630175,Cole,1610612763,MEM,25.0,67,35,32,0.522,1234.1133333333332,230,543,0.424,77,218,0.353,93,113,0.823,46,158,204,191,103,45,32,14,151,105,630,-16,1289.3,0,0,1256.0,1,2024-25,18.4,106.7,107.7,107.7,108.2,109.0,109.0,-1.5,-1.2,-1.2,0.253,1.85,21.6,0.034,0.131,0.08,11.6,11.6,0.494,0.531,0.238,0.244,98.56,97.7,81.42,97.7,0.105,2519,3.4,8.1,Cole Anthony
1631306,Cole,1610612754,IND,26.0,10,5,5,0.5,169.5,22,63,0.349,15,47,0.319,0,1,0.0,5,22,27,3,4,4,2,4,12,3,59,54,109.9,0,0,116.0,2,2024-25,17.0,113.6,114.2,114.2,100.6,100.5,100.5,13.0,13.7,13.7,0.022,0.75,4.3,0.026,0.119,0.072,5.7,5.7,0.468,0.465,0.155,0.159,105.22,104.92,87.43,104.92,0.046,372,2.2,6.3,Cole Swider
1630658,Colin,1610612761,TOR,25.0,26,15,11,0.577,431.99,46,98,0.469,2,16,0.125,29,38,0.763,53,69,122,28,23,8,10,12,51,31,123,-30,342.4,0,0,311.0,3,2024-25,16.6,105.5,106.1,106.1,108.3,108.2,108.2,-2.8,-2.1,-2.1,0.092,1.22,16.9,0.104,0.143,0.123,13.9,13.9,0.48,0.536,0.125,0.129,102.51,102.22,85.19,102.22,0.074,915,1.8,3.8,Colin Castleton
1631221,Collin,1610612756,PHX,26.0,33,12,21,0.364,461.2183333333333,68,158,0.43,39,90,0.433,19,22,0.864,22,56,78,78,17,21,5,10,30,25,194,-29,465.6,1,0,441.0,1,2024-25,14.0,117.0,115.6,115.6,119.7,118.4,118.4,-2.7,-2.8,-2.8,0.235,4.59,29.7,0.048,0.124,0.086,6.5,6.5,0.554,0.578,0.17,0.174,97.57,98.66,82.22,98.66,0.105,947,2.1,4.8,Collin Gillespie
1629012,Collin,1610612762,UTA,26.0,63,14,49,0.222,1757.76,416,867,0.48,110,271,0.406,217,251,0.865,60,111,171,264,160,47,6,75,144,219,1159,-286,1759.2,2,0,1810.0,1,2024-25,27.9,109.5,110.4,110.4,117.7,117.9,117.9,-8.2,-7.5,-7.5,0.246,1.65,18.9,0.033,0.06,0.047,11.5,11.4,0.543,0.593,0.264,0.27,101.88,101.38,84.48,101.38,0.106,3709,6.6,13.8,Collin Sexton
1630557,Corey,1610612764,WAS,26.0,61,14,47,0.23,1601.5233333333333,255,565,0.451,120,330,0.364,75,88,0.852,36,145,181,103,64,26,14,34,98,60,705,-274,1132.7,0,0,1189.0,1,2024-25,26.3,107.4,108.7,108.7,116.9,117.1,117.1,-9.5,-8.5,-8.5,0.094,1.61,13.4,0.021,0.084,0.053,8.3,8.3,0.558,0.584,0.169,0.175,103.35,102.68,85.57,102.68,0.074,3433,4.2,9.3,Corey Kispert
202709,Cory,1610612753,ORL,33.0,50,26,24,0.52,611.7333333333333,62,154,0.403,39,107,0.364,14,18,0.778,17,57,74,72,18,26,4,5,50,38,177,35,445.8,0,0,422.0,1,2024-25,12.2,109.0,110.5,110.5,108.4,106.9,106.9,0.6,3.6,3.6,0.166,4.0,28.7,0.027,0.095,0.06,7.2,7.1,0.529,0.547,0.126,0.129,98.55,98.59,82.16,98.59,0.075,1252,1.2,3.1,Cory Joseph
1641854,Craig,1610612739,CLE,25.0,51,40,11,0.784,513.265,72,140,0.514,21,48,0.438,23,32,0.719,19,48,67,71,38,17,15,20,25,23,188,-45,432.9,0,0,411.0,1,2024-25,10.1,108.9,108.3,108.3,112.0,113.5,113.5,-3.2,-5.2,-5.2,0.191,1.87,27.0,0.037,0.085,0.063,14.4,14.4,0.589,0.61,0.155,0.16,101.29,100.91,84.09,100.91,0.091,1084,1.4,2.7,Craig Porter Jr.
1642385,Cui,1610612751,BKN,22.0,5,2,3,0.4,10.318333333333332,1,7,0.143,0,3,0.0,1,2,0.5,0,2,2,0,0,0,0,1,0,1,3,2,5.4,0,0,5.0,1,2024-25,2.1,84.8,80.8,80.8,86.1,76.0,76.0,-1.2,4.8,4.8,0.0,0.0,0.0,0.0,0.2,0.095,0.0,0.0,0.143,0.19,0.296,0.318,108.95,118.62,98.85,118.62,-0.056,26,0.2,1.4,Cui Cui
1626156,D'Angelo,1610612751,BKN,29.0,58,26,32,0.448,1480.4183333333333,249,638,0.39,113,360,0.314,121,145,0.834,20,142,162,297,108,56,23,14,115,139,732,0,1500.9,4,0,1462.0,2,2024-25,25.5,109.1,110.1,110.1,109.9,111.6,111.6,-0.8,-1.5,-1.5,0.302,2.75,26.9,0.013,0.093,0.053,9.8,9.8,0.479,0.522,0.228,0.235,100.76,99.59,82.99,99.59,0.098,3092,4.3,11.0,D'Angelo Russell
1630618,D.J.,1610612761,TOR,24.0,4,1,3,0.25,33.38666666666666,1,7,0.143,0,3,0.0,1,1,1.0,0,4,4,3,4,2,0,2,1,1,3,12,14.3,0,0,14.0,1,2024-25,8.3,108.8,109.0,109.0,99.7,96.1,96.1,9.1,12.9,12.9,0.1,0.75,21.4,0.0,0.098,0.055,28.6,27.7,0.143,0.202,0.122,0.131,108.81,110.7,92.25,110.7,0.007,78,0.3,1.8,D.J. Carton
1629610,DaQuan,1610612766,CHA,27.0,47,9,38,0.191,1071.506666666667,118,291,0.405,55,164,0.335,24,30,0.8,37,98,135,53,35,26,25,17,99,28,315,-276,674.5,0,0,660.0,1,2024-25,22.8,105.9,106.6,106.6,117.9,118.2,118.2,-11.9,-11.6,-11.6,0.073,1.51,13.5,0.033,0.087,0.06,8.9,8.9,0.5,0.518,0.136,0.139,98.52,98.04,81.7,98.04,0.046,2179,2.5,6.2,DaQuan Jeffries
1631342,Daeqwon,1610612737,ATL,26.0,6,3,3,0.5,71.55,16,25,0.64,9,17,0.529,2,2,1.0,4,7,11,2,4,0,0,0,10,1,43,29,55.2,0,0,65.0,1,2024-25,11.9,105.9,104.0,104.0,88.3,84.2,84.2,17.6,19.8,19.8,0.047,0.5,6.3,0.057,0.093,0.076,12.5,12.5,0.82,0.831,0.181,0.185,98.4,101.64,84.7,101.64,0.122,151,2.7,4.2,Daeqwon Plowden
1630227,Daishen,1610612750,MIN,23.0,3,3,0,1.0,13.233333333333333,0,1,0.0,0,1,0.0,1,2,0.5,0,4,4,3,4,0,0,0,1,1,1,9,6.3,0,0,8.0,1,2024-25,4.4,109.3,103.2,103.2,82.9,79.3,79.3,26.4,23.9,23.9,0.231,0.75,33.3,0.0,0.444,0.211,44.4,45.0,0.0,0.266,0.176,0.182,103.45,108.82,90.68,108.82,0.024,31,0.0,0.3,Daishen Nix
1630625,Dalano,1610612757,POR,25.0,67,28,39,0.418,1119.945,198,507,0.391,72,222,0.324,91,125,0.728,30,105,135,160,86,43,34,35,58,92,559,-55,1106.0,0,0,1080.0,1,2024-25,16.7,109.1,110.2,110.2,111.4,111.8,111.8,-2.3,-1.5,-1.5,0.213,1.86,19.8,0.025,0.088,0.056,10.7,10.6,0.462,0.497,0.237,0.241,101.91,101.21,84.34,101.21,0.089,2353,3.0,7.6,Dalano Banton
1631207,Dalen,1610612741,CHI,22.0,73,33,40,0.452,987.1783333333332,120,268,0.448,37,104,0.356,49,69,0.71,38,86,124,97,53,44,15,17,114,55,326,-172,744.3,0,0,702.0,1,2024-25,13.5,104.7,104.0,104.0,112.2,111.6,111.6,-7.5,-7.6,-7.6,0.136,1.83,21.6,0.034,0.08,0.057,11.8,11.8,0.517,0.546,0.142,0.146,105.85,106.51,88.76,106.51,0.056,2188,1.6,3.7,Dalen Terry
1642261,Dalton,1610612747,LAL,24.0,78,47,31,0.603,1493.795,257,557,0.461,128,340,0.376,64,84,0.762,37,179,216,66,37,24,8,27,93,58,706,-73,1123.2,0,0,1180.0,1,2024-25,19.2,112.0,112.2,112.2,113.8,114.9,114.9,-1.9,-2.8,-2.8,0.067,1.78,9.5,0.026,0.116,0.073,5.3,5.3,0.576,0.594,0.181,0.187,98.84,98.26,81.89,98.26,0.087,3063,3.3,7.1,Dalton Knecht
203081,Damian,1610612749,MIL,34.0,58,32,26,0.552,2092.87,444,992,0.448,197,524,0.376,362,393,0.921,29,243,272,410,162,70,10,43,97,299,1447,53,2466.4,14,2,2486.0,1,2024-25,36.1,114.1,115.3,115.3,113.4,114.6,114.6,0.8,0.7,0.7,0.299,2.53,23.8,0.014,0.108,0.063,9.4,9.3,0.547,0.621,0.269,0.275,101.9,100.86,84.05,100.86,0.144,4407,7.7,17.1,Damian Lillard
1641878,Damion,1610612766,CHA,24.0,15,1,14,0.067,370.4883333333333,42,130,0.323,12,56,0.214,13,15,0.867,14,36,50,56,31,15,2,9,22,18,109,-169,273.0,0,0,261.0,1,2024-25,24.7,99.4,99.5,99.5,123.1,121.8,121.8,-23.7,-22.3,-22.3,0.235,1.81,25.0,0.033,0.098,0.064,13.8,13.9,0.369,0.399,0.186,0.191,98.99,99.5,82.92,99.5,0.051,769,2.8,8.7,Damion Baugh
1627814,Damion,1610612756,PHX,32.0,25,6,19,0.24,144.01833333333337,27,74,0.365,9,37,0.243,20,21,0.952,3,17,20,11,10,6,0,3,6,12,83,25,131.5,0,0,135.0,1,2024-25,5.8,106.4,104.7,104.7,103.3,98.7,98.7,3.1,6.0,6.0,0.121,1.1,10.5,0.02,0.104,0.064,9.5,9.6,0.426,0.499,0.269,0.278,101.83,104.99,87.49,104.99,0.089,318,1.1,3.0,Damion Lee
1629655,Daniel,1610612742,DAL,26.0,57,28,29,0.491,1226.095,283,403,0.702,0,0,0.0,135,196,0.689,155,233,388,80,66,23,102,30,152,155,701,35,1595.6,8,0,1419.0,1,2024-25,21.5,114.4,114.9,114.9,113.0,113.4,113.4,1.4,1.5,1.5,0.097,1.21,12.7,0.127,0.168,0.149,10.4,10.4,0.702,0.716,0.186,0.192,102.14,101.73,84.77,101.73,0.141,2597,5.0,7.1,Daniel Gafford
1628464,Daniel,1610612740,NOP,33.0,38,10,28,0.263,621.2416666666667,61,129,0.473,9,37,0.243,31,37,0.838,44,120,164,60,25,18,20,7,70,45,162,-61,537.8,1,0,471.0,1,2024-25,16.3,108.2,109.3,109.3,114.1,115.2,115.2,-5.9,-5.9,-5.9,0.131,2.4,26.0,0.062,0.192,0.122,10.8,10.9,0.508,0.558,0.111,0.114,103.26,102.26,85.22,102.26,0.081,1331,1.6,3.4,Daniel Theis
1642450,Daniss,1610612765,DET,23.0,7,3,4,0.429,22.74833333333333,3,10,0.3,1,7,0.143,0,2,0.0,0,2,2,3,1,0,0,0,2,2,7,-9,12.9,0,0,13.0,1,2024-25,3.2,102.9,102.3,102.3,130.5,108.2,108.2,-27.6,-5.8,-5.8,0.2,3.0,20.0,0.0,0.182,0.054,6.7,6.7,0.35,0.322,0.231,0.234,87.95,97.06,80.89,97.06,0.0,43,0.4,1.4,Daniss Jenkins
203957,Dante,1610612742,DAL,29.0,20,7,13,0.35,372.31,64,134,0.478,23,53,0.434,23,31,0.742,4,29,33,56,22,12,3,14,34,31,174,-48,320.6,0,0,316.0,1,2024-25,18.6,109.6,109.3,109.3,114.6,115.2,115.2,-5.0,-6.0,-6.0,0.22,2.55,24.8,0.01,0.074,0.042,9.7,9.8,0.563,0.589,0.193,0.198,101.55,101.4,84.5,101.4,0.083,786,3.2,6.7,Dante Exum
203967,Dario,1610612743,DEN,31.0,16,7,9,0.438,210.38333333333333,21,58,0.362,7,26,0.269,7,10,0.7,14,36,50,23,15,7,1,8,19,15,56,-49,159.5,1,0,152.0,1,2024-25,13.1,96.5,97.3,97.3,106.6,108.7,108.7,-10.1,-11.5,-11.5,0.17,1.53,22.8,0.059,0.158,0.107,14.9,14.9,0.422,0.449,0.157,0.162,100.94,99.59,82.99,99.59,0.067,437,1.3,3.6,Dario Saric
1641727,Dariq,1610612751,BKN,20.0,20,6,14,0.3,246.07833333333332,39,96,0.406,33,74,0.446,3,5,0.6,4,25,29,12,15,6,1,6,22,7,114,-64,172.8,0,0,202.0,1,2024-25,12.3,99.5,98.7,98.7,111.2,109.7,109.7,-11.7,-11.1,-11.1,0.078,0.8,9.6,0.015,0.105,0.056,12.0,12.0,0.578,0.58,0.189,0.195,102.54,103.67,86.4,103.67,0.065,529,2.0,4.8,Dariq Whitehead
1629636,Darius,1610612739,CLE,25.0,75,60,15,0.8,2300.77,554,1174,0.472,212,529,0.401,224,255,0.878,47,167,214,506,189,91,11,43,143,227,1544,499,2676.8,7,0,2680.0,1,2024-25,30.7,121.5,123.2,123.2,111.5,113.4,113.4,10.0,9.9,9.9,0.309,2.68,25.6,0.021,0.068,0.045,9.6,9.5,0.562,0.6,0.265,0.27,102.89,101.32,84.43,101.32,0.126,4865,7.4,15.7,Darius Garland
1630561,David,1610612759,SAS,25.0,6,0,6,0.0,33.71666666666667,6,14,0.429,3,6,0.5,1,2,0.5,1,4,5,4,2,1,0,0,1,2,16,28,29.0,0,0,30.0,1,2024-25,5.6,126.6,128.4,128.4,95.8,91.8,91.8,30.8,36.6,36.6,0.133,2.0,19.0,0.032,0.1,0.07,9.5,9.6,0.536,0.538,0.207,0.208,103.18,104.64,87.2,104.64,0.087,74,1.0,2.3,David Duke Jr.
1631223,David,1610612745,HOU,24.0,33,9,24,0.273,409.7533333333333,57,125,0.456,19,61,0.311,20,26,0.769,13,71,84,35,22,14,9,9,20,20,153,-76,353.3,0,0,337.0,3,2024-25,12.4,106.8,106.4,106.4,114.8,114.6,114.6,-8.0,-8.2,-8.2,0.121,1.59,18.0,0.03,0.177,0.101,11.3,11.4,0.532,0.561,0.159,0.164,104.11,104.43,87.03,104.43,0.089,890,1.7,3.8,David Roddy
1630558,Davion,1610612748,MIA,26.0,74,25,49,0.338,2027.3133333333333,223,476,0.468,84,211,0.398,58,84,0.69,35,132,167,363,128,72,16,24,185,132,588,-3,1468.9,1,0,1378.0,2,2024-25,27.4,110.4,111.0,111.0,110.0,110.7,110.7,0.4,0.3,0.3,0.237,2.84,36.2,0.017,0.063,0.041,12.8,12.7,0.557,0.573,0.135,0.138,99.36,98.76,82.3,98.76,0.069,4164,3.0,6.4,Davion Mitchell
1630549,Day'Ron,1610612751,BKN,23.0,50,14,36,0.28,907.4583333333334,165,317,0.521,11,45,0.244,56,74,0.757,149,181,330,91,63,41,42,27,113,73,397,64,1115.5,4,0,995.0,1,2024-25,18.1,108.4,109.2,109.2,107.0,107.1,107.1,1.4,2.1,2.1,0.158,1.44,18.1,0.149,0.202,0.174,12.5,12.5,0.538,0.568,0.186,0.192,97.77,97.35,81.13,97.35,0.134,1852,3.3,6.3,Day'Ron Sharpe
1628368,De'Aaron,1610612759,SAS,27.0,62,27,35,0.435,2241.1366666666668,539,1163,0.463,118,381,0.31,263,318,0.827,54,244,298,392,174,91,25,56,164,261,1459,-69,2578.6,9,0,2499.0,2,2024-25,36.1,113.0,113.7,113.7,114.5,114.9,114.9,-1.5,-1.2,-1.2,0.262,2.25,21.0,0.023,0.106,0.064,9.3,9.3,0.514,0.56,0.274,0.28,102.68,102.22,85.18,102.22,0.119,4768,8.7,18.8,De'Aaron Fox
1629631,De'Andre,1610612739,CLE,27.0,64,38,26,0.594,1740.015,358,762,0.47,157,388,0.405,215,254,0.846,44,214,258,92,82,50,13,39,155,211,1088,88,1642.6,2,0,1721.0,2,2024-25,27.2,115.4,115.9,115.9,112.7,113.9,113.9,2.7,2.0,2.0,0.077,1.12,8.7,0.024,0.117,0.071,7.8,7.8,0.573,0.623,0.221,0.226,105.57,104.77,87.31,104.77,0.101,3803,5.6,11.9,De'Andre Hunter
1629001,De'Anthony,1610612751,BKN,27.0,6,4,2,0.667,120.98333333333332,22,54,0.407,13,35,0.371,5,8,0.625,6,14,20,17,10,7,2,1,18,7,62,27,128.5,1,0,130.0,1,2024-25,20.2,111.3,108.3,108.3,95.7,97.4,97.4,15.6,10.9,10.9,0.205,1.7,20.0,0.046,0.104,0.075,11.8,11.8,0.528,0.539,0.223,0.231,105.04,105.54,87.95,105.54,0.091,265,3.7,9.0,De'Anthony Melton
201599,DeAndre,1610612743,DEN,36.0,56,37,19,0.661,690.7016666666667,91,140,0.65,0,0,0.0,27,64,0.422,84,200,284,53,40,16,27,14,74,68,209,-47,718.3,3,0,632.0,1,2024-25,12.3,108.4,108.8,108.8,111.0,112.1,112.1,-2.5,-3.3,-3.3,0.105,1.33,20.2,0.119,0.262,0.194,15.3,15.3,0.65,0.621,0.126,0.129,100.77,100.07,83.39,100.07,0.115,1440,1.6,2.5,DeAndre Jordan
201942,DeMar,1610612758,SAC,35.0,77,38,39,0.494,2767.615,624,1308,0.477,84,256,0.328,378,441,0.857,50,248,298,342,105,62,32,57,150,316,1710,110,2757.6,3,0,2622.0,1,2024-25,35.9,115.3,116.8,116.8,114.5,115.3,115.3,0.8,1.5,1.5,0.182,3.26,17.7,0.018,0.09,0.054,5.4,5.4,0.509,0.569,0.244,0.25,100.33,99.35,82.79,99.35,0.112,5740,8.1,17.0,DeMar DeRozan
1629731,Dean,1610612739,CLE,28.0,59,47,12,0.797,1252.4516666666666,112,271,0.413,80,222,0.36,16,30,0.533,51,198,249,76,22,42,20,9,101,32,320,284,896.8,1,0,849.0,1,2024-25,21.2,120.4,120.0,120.0,107.5,109.4,109.4,12.9,10.7,10.7,0.073,3.45,20.1,0.041,0.15,0.097,5.8,5.8,0.561,0.563,0.101,0.105,101.82,101.1,84.25,101.1,0.067,2639,1.9,4.6,Dean Wade
1629028,Deandre,1610612757,POR,26.0,40,17,23,0.425,1205.62,265,468,0.566,6,32,0.188,40,60,0.667,124,282,406,64,69,31,39,15,88,59,576,-162,1300.2,20,0,1192.0,1,2024-25,30.1,108.3,110.0,110.0,115.7,116.8,116.8,-7.4,-6.9,-6.9,0.083,0.93,10.2,0.099,0.243,0.168,11.0,11.0,0.573,0.583,0.197,0.2,100.18,98.94,82.45,98.94,0.125,2489,6.6,11.7,Deandre Ayton
1627749,Dejounte,1610612740,NOP,28.0,31,9,22,0.29,1012.1483333333332,194,494,0.393,52,174,0.299,102,124,0.823,17,183,200,228,106,63,12,20,61,82,542,-207,1243.0,8,1,1172.0,1,2024-25,32.6,107.4,109.0,109.0,117.0,118.1,118.1,-9.6,-9.1,-9.1,0.347,2.15,25.9,0.015,0.183,0.094,12.0,12.0,0.445,0.494,0.263,0.268,104.11,102.86,85.72,102.86,0.118,2165,6.3,15.9,Dejounte Murray
1626153,Delon,1610612752,NYK,33.0,40,22,18,0.55,634.4966666666667,45,131,0.344,20,73,0.274,15,25,0.6,27,39,66,77,22,35,12,7,25,31,125,1,438.7,0,0,382.0,2,2024-25,15.9,106.1,106.1,106.1,106.9,106.3,106.3,-0.7,-0.2,-0.2,0.162,3.5,31.8,0.042,0.061,0.051,9.1,9.1,0.42,0.44,0.111,0.114,98.56,98.84,82.36,98.84,0.061,1308,1.1,3.3,Delon Wright
1630166,Deni,1610612757,POR,24.0,72,33,39,0.458,2161.148333333333,402,844,0.476,125,342,0.365,290,372,0.78,110,412,522,281,196,71,35,65,171,295,1219,-78,2388.9,17,2,2359.0,1,2024-25,30.0,111.4,113.6,113.6,113.6,114.5,114.5,-2.2,-0.9,-0.9,0.193,1.43,19.0,0.048,0.19,0.117,13.3,13.2,0.55,0.605,0.228,0.233,101.25,99.86,83.22,99.86,0.126,4479,5.6,11.7,Deni Avdija
203471,Dennis,1610612765,DET,31.0,75,37,38,0.493,2104.778333333333,336,827,0.406,127,371,0.342,181,216,0.838,27,171,198,404,142,66,12,57,180,211,980,-72,1915.6,7,0,1865.0,3,2024-25,28.1,110.7,111.8,111.8,111.8,112.8,112.8,-1.1,-0.9,-0.9,0.287,2.85,27.6,0.012,0.08,0.046,9.7,9.7,0.483,0.531,0.211,0.217,101.41,100.49,83.74,100.49,0.091,4393,4.5,11.0,Dennis Schröder
1641726,Dereck,1610612742,DAL,21.0,36,21,15,0.583,832.7366666666667,134,191,0.702,0,0,0.0,46,73,0.63,104,166,270,85,41,20,56,23,100,51,314,121,952.5,8,0,821.0,1,2024-25,23.1,114.1,114.1,114.1,106.5,106.4,106.4,7.6,7.7,7.7,0.143,2.07,24.3,0.122,0.186,0.155,11.7,11.7,0.702,0.704,0.132,0.135,100.96,100.99,84.16,100.99,0.124,1746,3.7,5.3,Dereck Lively II
1627884,Derrick,1610612746,LAC,28.0,77,48,29,0.623,1873.388333333333,310,589,0.526,78,219,0.356,83,118,0.703,93,170,263,60,66,79,33,25,153,102,781,249,1456.6,0,0,1406.0,1,2024-25,24.3,114.3,115.5,115.5,108.5,108.7,108.7,5.9,6.7,6.7,0.044,0.91,7.8,0.051,0.092,0.072,8.6,8.6,0.593,0.609,0.16,0.163,100.32,99.72,83.1,99.72,0.076,3886,4.0,7.6,Derrick Jones Jr.
1628401,Derrick,1610612738,BOS,30.0,76,58,18,0.763,2573.615,424,959,0.442,265,691,0.384,135,161,0.839,67,274,341,361,131,72,80,23,138,164,1248,540,2523.7,4,0,2519.0,1,2024-25,33.9,118.7,119.7,119.7,107.9,109.5,109.5,10.7,10.2,10.2,0.199,2.76,23.7,0.025,0.101,0.064,8.6,8.6,0.58,0.606,0.195,0.198,99.01,97.89,81.57,97.89,0.106,5251,5.6,12.6,Derrick White
1630217,Desmond,1610612753,ORL,27.0,69,38,31,0.551,2205.225,493,1018,0.484,164,418,0.392,177,198,0.894,62,356,418,369,169,80,28,76,164,137,1327,143,2537.1,10,1,2494.0,1,2024-25,32.0,114.2,116.1,116.1,111.9,113.3,113.3,2.4,2.8,2.8,0.235,2.18,22.7,0.026,0.15,0.088,10.4,10.3,0.565,0.6,0.227,0.233,106.08,104.58,87.15,104.58,0.131,4809,7.1,14.8,Desmond Bane
1626164,Devin,1610612756,PHX,28.0,75,35,40,0.467,2794.9666666666667,654,1420,0.461,183,551,0.332,432,483,0.894,76,229,305,529,220,67,16,62,198,404,1923,-177,3111.5,16,0,3106.0,1,2024-25,37.3,114.7,115.3,115.3,117.7,118.5,118.5,-3.0,-3.2,-3.2,0.301,2.4,22.4,0.028,0.08,0.055,9.3,9.2,0.525,0.589,0.285,0.292,99.28,98.72,82.27,98.72,0.122,5752,8.7,18.9,Devin Booker
1642269,Devin,1610612758,SAC,23.0,36,18,18,0.5,395.9433333333333,47,127,0.37,18,61,0.295,26,44,0.591,19,57,76,41,18,21,4,5,39,47,138,43,347.7,0,0,323.0,1,2024-25,11.0,114.0,113.1,113.1,110.0,109.3,109.3,4.0,3.9,3.9,0.139,2.28,19.9,0.044,0.147,0.093,8.7,8.8,0.441,0.471,0.169,0.176,99.4,100.14,83.45,100.14,0.07,831,1.3,3.5,Devin Carter
1630170,Devin,1610612759,SAS,24.0,64,24,40,0.375,1983.185,394,889,0.443,158,429,0.368,95,120,0.792,34,221,255,183,88,84,33,29,108,98,1041,-262,1884.5,2,0,1871.0,1,2024-25,31.0,111.0,111.9,111.9,116.6,118.1,118.1,-5.5,-6.2,-6.2,0.139,2.08,15.2,0.016,0.107,0.062,7.3,7.3,0.532,0.553,0.217,0.222,101.87,100.8,84.0,100.8,0.092,4163,6.2,13.9,Devin Vassell
1628415,Dillon,1610612745,HOU,29.0,75,49,26,0.653,2388.2616666666668,384,895,0.429,186,469,0.397,99,121,0.818,75,200,275,128,76,60,16,36,242,109,1053,207,1727.0,0,0,1794.0,1,2024-25,31.8,110.6,113.5,113.5,107.4,108.8,108.8,3.1,4.7,4.7,0.076,1.68,11.1,0.028,0.081,0.054,6.6,6.6,0.533,0.555,0.176,0.179,100.88,98.94,82.45,98.94,0.067,4913,5.1,11.9,Dillon Brooks
1641794,Dillon,1610612760,OKC,23.0,54,45,9,0.833,551.4933333333333,51,133,0.383,16,63,0.254,17,28,0.607,30,91,121,58,28,16,4,11,54,21,135,75,399.2,1,0,370.0,1,2024-25,10.2,109.0,108.9,108.9,102.6,102.9,102.9,6.4,6.0,6.0,0.143,2.07,25.0,0.05,0.153,0.102,12.1,12.1,0.444,0.464,0.131,0.135,101.26,101.09,84.24,101.09,0.066,1164,0.9,2.5,Dillon Jones
1627734,Domantas,1610612758,SAC,29.0,70,36,34,0.514,2428.8766666666666,527,893,0.59,65,156,0.417,218,289,0.754,267,705,972,423,202,48,26,59,229,277,1337,144,3157.9,61,10,2945.0,1,2024-25,34.7,114.7,116.5,116.5,112.6,113.9,113.9,2.1,2.6,2.6,0.251,2.09,25.7,0.11,0.286,0.199,12.3,12.3,0.627,0.655,0.213,0.215,101.15,99.78,83.15,99.78,0.164,5054,7.5,12.8,Domantas Sabonis
1631230,Dominick,1610612737,ATL,22.0,35,13,22,0.371,374.9983333333333,60,113,0.531,7,27,0.259,21,33,0.636,35,50,85,19,5,9,16,7,47,29,148,-2,348.5,1,0,309.0,1,2024-25,10.7,112.0,110.2,110.2,111.1,111.8,111.8,0.9,-1.6,-1.6,0.07,3.8,12.7,0.091,0.139,0.114,3.3,3.3,0.562,0.58,0.141,0.148,104.2,104.7,87.25,104.7,0.082,823,1.7,3.2,Dominick Barlow
1642270,Donovan,1610612757,POR,21.0,67,29,38,0.433,1323.6433333333334,180,334,0.539,14,49,0.286,62,104,0.596,217,310,527,77,72,34,110,23,189,98,436,-2,1543.9,8,0,1342.0,1,2024-25,19.8,108.3,109.9,109.9,108.9,109.7,109.7,-0.6,0.2,0.2,0.081,1.07,14.6,0.144,0.218,0.179,13.7,13.6,0.56,0.574,0.135,0.138,102.79,101.68,84.74,101.68,0.105,2801,2.7,5.0,Donovan Clingan
1628378,Donovan,1610612739,CLE,28.0,71,55,16,0.775,2232.0333333333333,585,1320,0.443,233,633,0.368,298,362,0.823,57,265,322,354,149,95,17,50,140,278,1701,522,2805.4,6,0,2834.0,1,2024-25,31.4,120.0,119.7,119.7,108.3,109.1,109.1,11.7,10.5,10.5,0.238,2.38,18.0,0.025,0.112,0.069,7.6,7.5,0.531,0.575,0.298,0.309,102.49,102.21,85.18,102.21,0.137,4762,8.2,18.6,Donovan Mitchell
1628978,Donte,1610612750,MIN,28.0,62,37,25,0.597,1605.7333333333331,250,593,0.422,174,438,0.397,49,63,0.778,32,196,228,225,99,73,17,22,114,86,723,174,1505.1,1,0,1530.0,1,2024-25,25.9,113.3,114.2,114.2,108.2,109.1,109.1,5.1,5.1,5.1,0.203,2.27,23.8,0.02,0.115,0.068,10.5,10.5,0.568,0.582,0.188,0.194,101.0,100.17,83.48,100.17,0.1,3352,4.0,9.6,Donte DiVincenzo
1627827,Dorian,1610612747,LAL,32.0,63,36,27,0.571,1818.6783333333333,195,435,0.448,129,314,0.411,30,45,0.667,80,167,247,90,56,58,23,24,136,42,549,309,1167.4,0,0,1177.0,2,2024-25,28.9,117.8,119.1,119.1,109.2,110.3,110.3,8.6,8.8,8.8,0.066,1.61,15.0,0.047,0.089,0.069,9.3,9.3,0.597,0.604,0.123,0.125,99.15,98.14,81.78,98.14,0.06,3711,3.1,6.9,Dorian Finney-Smith
203926,Doug,1610612758,SAC,33.0,42,21,21,0.5,341.65166666666664,50,117,0.427,44,101,0.436,3,5,0.6,3,19,22,7,6,4,2,3,30,3,147,27,195.9,0,0,232.0,1,2024-25,8.1,114.4,111.5,111.5,110.9,109.9,109.9,3.5,1.6,1.6,0.028,1.17,5.3,0.009,0.054,0.031,4.5,4.5,0.615,0.617,0.15,0.159,99.6,101.3,84.41,101.3,0.051,728,1.2,2.8,Doug McDermott
203110,Draymond,1610612744,GSW,35.0,68,42,26,0.618,1983.3066666666664,216,509,0.424,80,246,0.325,101,147,0.687,74,340,414,383,174,99,70,21,219,176,613,275,2017.3,6,1,1828.0,1,2024-25,29.2,115.1,115.4,115.4,108.0,108.8,108.8,7.0,6.6,6.6,0.255,2.2,33.9,0.036,0.168,0.102,15.4,15.4,0.503,0.534,0.157,0.161,101.83,101.35,84.45,101.35,0.088,4186,3.2,7.5,Draymond Green
1629234,Drew,1610612746,LAC,28.0,61,25,36,0.41,746.01,115,194,0.593,3,6,0.5,47,71,0.662,60,166,226,54,41,12,39,26,63,64,280,-126,744.2,0,0,665.0,2,2024-25,12.2,107.2,106.7,106.7,115.4,114.8,114.8,-8.2,-8.1,-8.1,0.11,1.32,16.7,0.078,0.211,0.145,12.7,12.8,0.601,0.622,0.149,0.152,102.21,102.72,85.6,102.72,0.111,1598,1.9,3.2,Drew Eubanks
1641809,Drew,1610612738,BOS,25.0,25,17,8,0.68,186.14666666666668,17,41,0.415,13,33,0.394,7,9,0.778,9,31,40,13,8,5,2,3,18,7,54,46,134.5,0,0,134.0,1,2024-25,7.4,116.9,115.7,115.7,103.5,102.9,102.9,13.3,12.8,12.8,0.095,1.63,19.7,0.051,0.161,0.108,12.1,12.1,0.573,0.601,0.121,0.124,96.21,96.96,80.8,96.96,0.078,375,0.7,1.6,Drew Peterson
1631166,Drew,1610612751,BKN,24.0,9,3,6,0.333,253.87833333333333,45,102,0.441,9,35,0.257,10,16,0.625,17,48,65,20,15,4,1,2,21,22,109,-66,217.0,3,0,213.0,1,2024-25,28.2,101.5,102.8,102.8,114.4,115.5,115.5,-12.9,-12.6,-12.6,0.137,1.33,14.0,0.06,0.194,0.123,10.5,10.4,0.485,0.5,0.205,0.212,101.41,100.3,83.58,100.3,0.086,531,5.0,11.3,Drew Timme
1630696,Dru,1610612748,MIA,27.0,14,8,6,0.571,268.205,31,61,0.508,16,30,0.533,9,12,0.75,12,24,36,23,17,21,6,2,30,11,87,38,228.7,0,0,216.0,1,2024-25,19.2,106.3,107.3,107.3,100.4,100.5,100.5,5.8,6.8,6.8,0.128,1.35,21.5,0.042,0.086,0.064,15.9,16.0,0.639,0.656,0.131,0.133,101.11,100.58,83.82,100.58,0.082,562,2.2,4.4,Dru Smith
1629130,Duncan,1610612748,MIA,31.0,74,30,44,0.405,1785.595,290,663,0.437,190,483,0.393,47,53,0.887,18,149,167,176,86,40,6,29,135,61,817,66,1333.4,0,0,1442.0,1,2024-25,24.1,109.7,110.1,110.1,109.8,109.9,109.9,0.0,0.2,0.2,0.148,2.05,18.6,0.01,0.084,0.047,9.1,9.1,0.581,0.595,0.187,0.193,97.88,97.68,81.4,97.68,0.078,3661,3.9,9.0,Duncan Robinson
1641871,Duop,1610612757,POR,29.0,46,19,27,0.413,469.4266666666667,70,166,0.422,34,106,0.321,20,22,0.909,44,48,92,26,16,12,14,9,41,17,194,-55,405.4,0,0,398.0,1,2024-25,10.2,106.5,108.0,108.0,115.8,114.5,114.5,-9.3,-6.5,-6.5,0.083,1.63,11.9,0.082,0.111,0.095,7.3,7.4,0.524,0.552,0.162,0.165,102.86,102.71,85.59,102.71,0.077,1009,1.5,3.6,Duop Reath
203939,Dwight,1610612742,DAL,33.0,55,25,30,0.455,550.86,42,61,0.689,2,5,0.4,28,43,0.651,47,71,118,55,18,18,21,6,75,48,114,-14,437.1,0,0,367.0,1,2024-25,10.0,108.7,108.6,108.6,111.4,109.7,109.7,-2.6,-1.1,-1.1,0.13,3.06,36.2,0.084,0.131,0.107,11.8,11.8,0.705,0.713,0.073,0.076,101.35,102.17,85.14,102.17,0.073,1172,0.8,1.1,Dwight Powell
1630700,Dyson,1610612737,ATL,22.0,76,37,39,0.487,2571.17,455,923,0.493,80,235,0.34,83,140,0.593,124,325,449,333,155,229,55,45,175,131,1073,-65,2808.3,9,0,2503.0,1,2024-25,33.8,112.3,113.3,113.3,112.9,114.2,114.2,-0.6,-0.9,-0.9,0.174,2.15,22.6,0.046,0.127,0.085,10.5,10.5,0.536,0.545,0.178,0.181,105.3,104.17,86.81,104.17,0.099,5574,6.0,12.1,Dyson Daniels
1630604,E.J.,1610612741,CHI,24.0,12,6,6,0.5,52.85666666666667,8,15,0.533,3,10,0.3,2,2,1.0,3,6,9,3,2,1,1,0,11,1,21,-8,40.3,0,0,40.0,1,2024-25,4.4,127.4,117.9,117.9,126.5,126.4,126.4,0.9,-8.6,-8.6,0.064,1.5,14.3,0.065,0.102,0.086,9.5,9.6,0.633,0.661,0.13,0.141,106.59,110.79,92.33,110.79,0.047,123,0.7,1.3,E.J. Liddell
203901,Elfrid,1610612740,NOP,31.0,24,3,21,0.125,510.805,40,122,0.328,1,6,0.167,4,7,0.571,15,64,79,166,59,24,11,10,36,11,85,-149,474.8,2,0,401.0,2,2024-25,21.3,100.3,99.7,99.7,112.7,113.1,113.1,-12.4,-13.4,-13.4,0.443,2.81,47.4,0.027,0.114,0.071,16.9,16.9,0.332,0.34,0.151,0.156,101.23,101.3,84.42,101.3,0.079,1076,1.7,5.1,Elfrid Payton
1641989,Elijah,1610612762,UTA,25.0,10,1,9,0.1,138.0,11,35,0.314,7,25,0.28,3,6,0.5,9,12,21,8,3,10,1,0,18,12,32,31,99.2,0,0,90.0,1,2024-25,13.8,109.8,113.2,113.2,102.3,103.5,103.5,7.5,9.7,9.7,0.073,2.67,16.3,0.058,0.092,0.074,6.1,6.2,0.414,0.425,0.12,0.12,101.49,99.3,82.75,99.3,0.037,287,1.1,3.5,Elijah Harkless
1641801,Emanuel,1610612741,CHI,25.0,6,4,2,0.667,24.73333333333333,4,8,0.5,0,1,0.0,2,2,1.0,4,4,8,2,0,1,0,0,3,1,10,-8,25.6,0,0,22.0,1,2024-25,4.1,129.6,120.4,120.4,133.4,130.4,130.4,-3.8,-10.0,-10.0,0.105,0.0,18.2,0.167,0.138,0.151,0.0,0.0,0.5,0.563,0.143,0.15,101.77,106.74,88.95,106.74,0.092,54,0.7,1.3,Emanuel Miller
1641734,Emoni,1610612739,CLE,21.0,10,9,1,0.9,74.78333333333333,13,38,0.342,11,30,0.367,0,0,0.0,0,7,7,8,2,1,1,0,4,0,37,-34,61.4,0,0,67.0,1,2024-25,7.5,88.7,89.0,89.0,112.4,110.5,110.5,-23.7,-21.5,-21.5,0.2,4.0,16.7,0.0,0.075,0.036,4.2,4.2,0.487,0.487,0.201,0.209,103.54,104.3,86.92,104.3,0.08,163,1.3,3.8,Emoni Bates
1642402,Enrique,1610612754,IND,24.0,22,7,15,0.318,181.205,16,37,0.432,1,10,0.1,13,19,0.684,11,19,30,9,6,3,3,3,21,15,46,-19,107.5,0,0,98.0,1,2024-25,8.2,104.6,104.4,104.4,112.0,110.7,110.7,-7.4,-6.3,-6.3,0.062,1.5,15.0,0.054,0.106,0.078,10.0,9.9,0.446,0.507,0.109,0.113,106.83,107.55,89.62,107.55,0.04,409,0.7,1.7,Enrique Freeman
201569,Eric,1610612755,PHI,36.0,39,12,27,0.308,768.4916666666667,87,204,0.426,56,137,0.409,36,48,0.75,8,38,46,65,28,26,12,14,32,33,266,-72,504.7,0,0,509.0,1,2024-25,19.7,110.8,111.0,111.0,115.2,116.4,116.4,-4.5,-5.4,-5.4,0.118,2.32,20.5,0.011,0.052,0.031,8.8,8.8,0.564,0.591,0.14,0.144,100.21,99.62,83.02,99.62,0.067,1601,2.2,5.2,Eric Gordon
1630596,Evan,1610612739,CLE,24.0,71,58,13,0.817,2166.555,505,906,0.557,85,230,0.37,221,305,0.725,164,495,659,226,145,61,113,51,141,239,1316,546,2822.8,37,0,2634.0,1,2024-25,30.5,120.6,120.5,120.5,108.2,108.6,108.6,12.4,11.9,11.9,0.149,1.56,16.1,0.076,0.213,0.147,10.3,10.3,0.604,0.633,0.226,0.233,102.34,102.16,85.13,102.16,0.151,4609,7.1,12.8,Evan Mobley
1630532,Franz,1610612753,ORL,23.0,60,33,27,0.55,2023.3066666666664,537,1161,0.463,104,352,0.295,271,311,0.871,56,286,342,284,138,75,21,75,147,252,1449,247,2435.4,3,0,2371.0,1,2024-25,33.7,110.2,111.8,111.8,104.6,105.8,105.8,5.6,6.0,6.0,0.247,2.06,16.5,0.027,0.146,0.085,8.0,8.0,0.507,0.558,0.306,0.311,98.9,97.65,81.37,97.65,0.153,4116,9.0,19.4,Franz Wagner
1627832,Fred,1610612745,HOU,31.0,60,41,19,0.683,2111.298333333333,287,759,0.378,159,461,0.345,111,137,0.81,32,189,221,333,87,94,25,22,140,116,844,264,1878.7,4,0,1795.0,1,2024-25,35.2,111.9,115.0,115.0,107.2,108.8,108.8,4.7,6.2,6.2,0.217,3.83,27.0,0.014,0.089,0.049,7.1,7.0,0.483,0.515,0.176,0.18,100.24,98.18,81.82,98.18,0.093,4316,4.8,12.7,Fred VanVleet
1641713,GG,1610612763,MEM,20.0,29,19,10,0.655,458.615,74,199,0.372,32,95,0.337,29,40,0.725,27,65,92,29,31,12,5,15,30,32,209,-68,382.9,0,0,396.0,1,2024-25,15.8,113.1,112.7,112.7,118.7,118.6,118.6,-5.7,-5.9,-5.9,0.085,0.94,10.5,0.055,0.13,0.093,11.2,11.2,0.452,0.482,0.219,0.224,102.47,102.73,85.61,102.73,0.064,977,2.6,6.9,GG Jackson
1629216,Gabe,1610612747,LAL,29.0,72,46,26,0.639,1527.265,168,420,0.4,109,309,0.353,15,21,0.714,20,72,92,98,41,51,13,12,152,45,460,48,868.4,0,0,887.0,1,2024-25,21.2,112.0,111.8,111.8,110.0,110.7,110.7,2.0,1.1,1.1,0.09,2.39,17.2,0.013,0.045,0.029,7.2,7.2,0.53,0.536,0.131,0.135,100.33,100.07,83.39,100.07,0.039,3190,2.3,5.8,Gabe Vincent
202066,Garrett,1610612761,TOR,39.0,28,11,17,0.393,226.76833333333332,18,60,0.3,6,28,0.214,11,12,0.917,9,20,29,31,10,17,2,4,23,15,53,-28,181.3,0,0,157.0,1,2024-25,8.1,107.2,106.6,106.6,113.4,111.1,111.1,-6.2,-4.5,-4.5,0.171,3.1,29.0,0.036,0.09,0.061,9.3,9.4,0.35,0.406,0.129,0.133,104.57,105.94,88.28,105.94,0.051,498,0.6,2.1,Garrett Temple
1629726,Garrison,1610612737,ATL,28.0,47,21,26,0.447,829.5083333333333,102,257,0.397,85,218,0.39,64,78,0.821,13,74,87,60,31,26,15,4,81,68,353,-60,639.4,0,0,667.0,1,2024-25,17.6,108.8,107.9,107.9,111.6,111.4,111.4,-2.8,-3.5,-3.5,0.102,1.94,16.0,0.015,0.085,0.049,8.2,8.1,0.562,0.606,0.153,0.162,104.95,105.43,87.86,105.43,0.068,1824,2.2,5.5,Garrison Mathews
203914,Gary,1610612753,ORL,30.0,48,28,20,0.583,710.71,51,133,0.383,36,101,0.356,7,12,0.583,20,44,64,30,17,26,12,7,45,7,145,86,363.8,0,0,351.0,1,2024-25,14.8,108.6,110.4,110.4,103.0,103.2,103.2,5.6,7.2,7.2,0.058,1.76,16.3,0.026,0.063,0.044,9.2,9.2,0.519,0.524,0.09,0.093,100.46,99.58,82.99,99.58,0.043,1465,1.1,2.8,Gary Harris
1627780,Gary,1610612744,GSW,32.0,62,36,26,0.581,927.1766666666666,171,298,0.574,31,95,0.326,27,38,0.711,53,132,185,83,39,52,17,20,108,36,400,45,914.5,0,0,837.0,1,2024-25,15.0,116.3,113.5,113.5,109.0,110.1,110.1,7.3,3.4,3.4,0.132,2.13,19.1,0.056,0.134,0.096,9.0,8.9,0.626,0.635,0.156,0.165,101.41,102.12,85.1,102.12,0.104,1963,2.8,4.8,Gary Payton II
1629018,Gary,1610612749,MIL,26.0,74,44,30,0.595,1893.395,283,657,0.431,180,433,0.416,78,92,0.848,20,148,168,87,42,72,4,11,124,71,824,70,1342.1,0,0,1411.0,1,2024-25,25.6,116.0,115.9,115.9,113.5,114.0,114.0,2.5,1.9,1.9,0.064,2.07,10.6,0.011,0.074,0.044,5.1,5.1,0.568,0.591,0.168,0.173,100.96,100.75,83.96,100.75,0.07,3972,3.8,8.9,Gary Trent Jr.
1627777,Georges,1610612737,ATL,32.0,79,55,24,0.696,1697.2333333333331,286,620,0.461,166,409,0.406,46,58,0.793,47,225,272,111,82,28,14,21,201,58,784,194,1320.9,1,0,1417.0,2,2024-25,21.5,118.7,118.7,118.7,113.0,114.1,114.1,5.7,4.7,4.7,0.087,1.35,13.2,0.027,0.126,0.077,9.8,9.8,0.595,0.607,0.177,0.182,102.95,102.45,85.37,102.45,0.071,3633,3.6,7.8,Georges Niang
203507,Giannis,1610612749,MIL,30.0,67,40,27,0.597,2288.63,793,1319,0.601,14,63,0.222,436,707,0.617,147,651,798,433,206,58,78,76,155,507,2036,334,3845.1,55,11,3553.0,1,2024-25,34.2,117.7,118.9,118.9,110.4,111.7,111.7,7.3,7.2,7.2,0.339,2.1,19.2,0.067,0.266,0.172,9.1,9.1,0.607,0.625,0.346,0.352,101.24,100.18,83.48,100.18,0.21,4772,11.8,19.7,Giannis Antetokounmpo
1629048,Goga,1610612753,ORL,25.0,70,38,32,0.543,1429.4616666666666,207,339,0.611,3,28,0.107,85,133,0.639,167,296,463,137,72,49,98,23,150,120,502,80,1632.1,15,0,1399.0,1,2024-25,20.4,108.6,110.1,110.1,106.1,107.4,107.4,2.6,2.7,2.7,0.142,1.9,22.6,0.116,0.227,0.169,11.9,11.9,0.615,0.631,0.142,0.145,97.04,95.8,79.83,95.8,0.134,2855,3.0,4.8,Goga Bitadze
1641711,Gradey,1610612761,TOR,21.0,54,15,39,0.278,1587.3733333333332,265,647,0.41,114,326,0.35,133,155,0.858,44,149,193,98,83,48,10,36,120,127,777,-210,1246.6,0,0,1298.0,1,2024-25,29.4,108.8,110.3,110.3,115.3,116.1,116.1,-6.5,-5.8,-5.8,0.087,1.18,10.9,0.027,0.092,0.059,9.3,9.3,0.498,0.543,0.209,0.212,102.39,101.36,84.47,101.36,0.071,3345,4.9,12.0,Gradey Dick
1629684,Grant,1610612766,CHA,26.0,16,6,10,0.375,479.025,54,123,0.439,27,74,0.365,31,37,0.838,18,64,82,37,28,18,13,6,46,43,166,10,384.9,0,0,374.0,1,2024-25,29.9,113.0,114.9,114.9,113.1,113.3,113.3,-0.1,1.6,1.6,0.107,1.32,18.0,0.035,0.134,0.083,13.6,13.7,0.549,0.596,0.146,0.147,100.89,99.95,83.29,99.95,0.076,995,3.4,7.7,Grant Williams
1628960,Grayson,1610612756,PHX,29.0,64,29,35,0.453,1543.705,219,489,0.448,149,350,0.426,93,114,0.816,34,160,194,137,75,54,19,18,95,106,680,-79,1262.3,1,0,1306.0,1,2024-25,24.1,116.3,114.7,114.7,118.5,118.0,118.0,-2.2,-3.3,-3.3,0.125,1.83,18.2,0.023,0.103,0.064,10.0,10.0,0.6,0.631,0.169,0.175,99.98,100.84,84.03,100.84,0.084,3255,3.4,7.6,Grayson Allen
1627824,Guerschon,1610612755,PHI,29.0,70,23,47,0.329,1894.736666666667,282,563,0.501,104,274,0.38,100,138,0.725,134,261,395,148,87,58,24,31,164,131,768,-118,1623.0,3,0,1579.0,1,2024-25,27.1,112.4,113.5,113.5,115.6,116.7,116.7,-3.3,-3.2,-3.2,0.114,1.7,17.2,0.07,0.149,0.108,10.1,10.1,0.593,0.616,0.163,0.167,98.23,97.28,81.07,97.28,0.092,3842,4.0,8.0,Guerschon Yabusele
1630611,Gui,1610612744,GSW,23.0,56,36,20,0.643,761.5233333333333,82,179,0.458,34,103,0.33,29,42,0.69,72,100,172,80,42,25,10,9,91,41,227,165,616.4,0,0,583.0,1,2024-25,13.6,117.2,117.8,117.8,107.4,107.3,107.3,9.8,10.6,10.6,0.138,1.9,25.1,0.085,0.127,0.106,13.2,13.1,0.553,0.575,0.126,0.131,100.0,99.78,83.15,99.78,0.073,1582,1.5,3.2,Gui Santos
203084,Harrison,1610612759,SAS,33.0,82,34,48,0.415,2230.063333333333,347,683,0.508,156,360,0.433,161,199,0.809,97,213,310,136,50,39,14,28,75,147,1011,-25,1696.0,1,0,1719.0,1,2024-25,27.2,113.7,114.5,114.5,114.5,115.6,115.6,-0.9,-1.2,-1.2,0.085,2.72,14.2,0.042,0.091,0.067,5.2,5.2,0.622,0.656,0.157,0.158,100.91,100.08,83.4,100.08,0.092,4662,4.2,8.3,Harrison Barnes
1631127,Harrison,1610612759,SAS,22.0,5,0,5,0.0,34.75,2,4,0.5,0,1,0.0,0,0,0.0,2,7,9,3,1,3,0,0,2,0,4,30,27.3,0,0,22.0,1,2024-25,7.0,131.2,132.0,132.0,91.4,92.0,92.0,39.7,40.0,40.0,0.086,3.0,37.5,0.067,0.175,0.129,12.5,12.5,0.5,0.5,0.06,0.061,104.26,103.6,86.33,103.6,0.08,75,0.4,0.8,Harrison Ingram
1629312,Haywood,1610612748,MIA,28.0,74,35,39,0.473,1818.3266666666664,179,391,0.458,89,233,0.382,31,43,0.721,72,180,252,112,54,68,37,15,164,47,478,61,1209.4,0,0,1141.0,1,2024-25,24.6,111.5,111.8,111.8,109.6,110.4,110.4,1.9,1.4,1.4,0.084,2.07,19.5,0.04,0.098,0.069,9.4,9.4,0.572,0.583,0.111,0.114,97.78,97.33,81.11,97.33,0.057,3691,2.4,5.3,Haywood Highsmith
1630529,Herbert,1610612740,NOP,26.0,20,5,15,0.25,648.1316666666667,75,172,0.436,22,72,0.306,33,40,0.825,22,56,78,65,35,37,9,10,66,39,205,-20,499.1,0,0,462.0,1,2024-25,32.4,110.3,111.8,111.8,110.9,112.5,112.5,-0.6,-0.7,-0.7,0.134,1.86,22.3,0.033,0.085,0.059,12.0,12.1,0.5,0.541,0.146,0.148,102.2,100.76,83.96,100.76,0.062,1356,3.8,8.6,Herbert Jones
1641816,Hunter,1610612743,DEN,25.0,51,30,21,0.588,399.935,45,120,0.375,23,74,0.311,21,28,0.75,25,53,78,20,14,10,6,11,44,18,134,-98,291.6,0,0,287.0,1,2024-25,7.8,99.2,98.5,98.5,110.5,108.7,108.7,-11.3,-10.2,-10.2,0.074,1.43,12.0,0.055,0.124,0.088,8.4,8.4,0.471,0.506,0.146,0.152,103.37,104.6,87.16,104.6,0.057,867,0.9,2.4,Hunter Tyson
1630193,Immanuel,1610612761,TOR,26.0,33,12,21,0.364,917.7533333333332,184,438,0.42,85,225,0.378,111,128,0.867,16,101,117,191,58,23,4,25,61,95,564,-39,1013.9,2,0,1011.0,1,2024-25,27.8,109.2,109.0,109.0,110.8,110.7,110.7,-1.5,-1.6,-1.6,0.32,3.29,25.7,0.016,0.107,0.06,7.8,7.8,0.517,0.57,0.246,0.254,101.31,101.44,84.53,101.44,0.128,1936,5.6,13.3,Immanuel Quickley
1642403,Isaac,1610612758,SAC,24.0,40,19,21,0.475,303.86333333333334,54,83,0.651,3,8,0.375,23,36,0.639,22,35,57,12,16,5,10,13,30,30,134,-64,249.4,0,0,236.0,1,2024-25,7.6,105.7,104.6,104.6,117.2,115.1,115.1,-11.6,-10.5,-10.5,0.057,0.75,9.5,0.071,0.12,0.095,12.7,12.6,0.669,0.678,0.152,0.16,101.24,102.68,85.56,102.68,0.087,652,1.4,2.1,Isaac Jones
1630171,Isaac,1610612739,CLE,24.0,55,44,11,0.8,1053.2033333333334,124,267,0.464,56,151,0.371,33,46,0.717,49,81,130,68,23,32,16,19,104,44,337,253,716.0,0,0,687.0,1,2024-25,19.1,121.9,122.1,122.1,107.0,109.7,109.7,14.9,12.5,12.5,0.078,2.96,17.9,0.047,0.072,0.06,6.1,6.1,0.569,0.587,0.124,0.127,101.42,100.08,83.4,100.08,0.057,2187,2.3,4.9,Isaac Okoro
1642268,Isaiah,1610612762,UTA,20.0,71,14,57,0.197,1839.1066666666663,234,555,0.422,42,169,0.249,105,154,0.682,32,203,235,446,208,66,16,55,149,135,615,-403,1604.0,11,0,1502.0,1,2024-25,25.9,107.4,108.3,108.3,118.3,118.6,118.6,-10.9,-10.4,-10.4,0.342,2.14,34.9,0.017,0.104,0.061,16.3,16.3,0.459,0.494,0.186,0.19,103.01,102.44,85.37,102.44,0.077,3927,3.3,7.8,Isaiah Collier
1642384,Isaiah,1610612758,SAC,23.0,15,7,8,0.467,45.66666666666666,5,11,0.455,1,5,0.2,2,4,0.5,1,7,8,1,1,1,2,0,2,1,13,23,32.1,0,0,29.0,1,2024-25,3.0,124.2,112.0,112.0,96.6,92.7,92.7,27.6,19.3,19.3,0.029,1.0,6.7,0.023,0.149,0.088,6.7,6.8,0.5,0.509,0.122,0.131,95.84,103.01,85.84,103.01,0.07,100,0.3,0.7,Isaiah Crawford
1628392,Isaiah,1610612760,OKC,27.0,57,49,8,0.86,1589.6416666666669,279,480,0.581,0,19,0.0,79,117,0.675,163,448,611,219,96,47,62,31,171,94,637,417,1929.7,28,0,1685.0,1,2024-25,27.9,117.0,118.3,118.3,105.1,105.3,105.3,11.9,13.0,13.0,0.178,2.28,25.9,0.103,0.262,0.185,11.3,11.3,0.581,0.599,0.165,0.167,102.27,101.56,84.64,101.56,0.138,3355,4.9,8.4,Isaiah Hartenstein
1630543,Isaiah,1610612754,IND,23.0,5,1,4,0.2,83.88,14,23,0.609,0,0,0.0,7,14,0.5,11,17,28,5,5,3,8,2,14,7,35,10,104.1,0,0,90.0,1,2024-25,16.8,115.8,112.5,112.5,106.9,107.1,107.1,8.9,5.4,5.4,0.079,1.0,12.5,0.126,0.168,0.149,12.5,12.8,0.609,0.6,0.164,0.166,103.89,105.29,87.74,105.29,0.095,184,2.8,4.6,Isaiah Jackson
1630198,Isaiah,1610612760,OKC,25.0,74,63,11,0.851,1603.9766666666667,259,588,0.44,192,466,0.412,46,56,0.821,41,155,196,119,38,48,9,19,113,102,756,550,1302.7,0,0,1377.0,1,2024-25,21.7,119.1,119.9,119.9,104.1,104.1,104.1,15.0,15.8,15.8,0.096,3.13,15.6,0.025,0.089,0.058,5.0,4.9,0.604,0.617,0.166,0.171,102.61,102.23,85.19,102.23,0.089,3420,3.5,7.9,Isaiah Joe
1630600,Isaiah,1610612755,PHI,25.0,1,0,1,0.0,17.366666666666667,2,7,0.286,1,3,0.333,1,2,0.5,1,3,4,5,0,1,1,0,3,1,6,-6,24.3,0,0,20.0,1,2024-25,17.4,96.4,92.7,92.7,111.7,110.0,110.0,-15.2,-17.3,-17.3,0.556,0.0,38.5,0.04,0.158,0.091,0.0,0.0,0.357,0.381,0.17,0.182,108.9,111.94,93.28,111.94,0.099,41,2.0,7.0,Isaiah Mobley
1641815,Isaiah,1610612748,MIA,24.0,3,3,0,1.0,5.55,0,2,0.0,0,1,0.0,0,0,0.0,0,2,2,0,0,1,0,0,0,0,0,4,5.4,0,0,4.0,1,2024-25,1.8,72.7,61.5,61.5,33.7,30.8,30.8,39.1,30.8,30.8,0.0,0.0,0.0,0.0,0.222,0.125,0.0,0.0,0.0,0.0,0.143,0.167,98.94,112.43,93.69,112.43,0.125,13,0.0,0.7,Isaiah Stevens
1630191,Isaiah,1610612765,DET,24.0,72,38,34,0.528,1433.8483333333334,176,315,0.559,17,53,0.321,66,87,0.759,130,269,399,123,68,28,101,12,183,93,435,9,1417.3,2,0,1232.0,1,2024-25,19.9,108.5,109.1,109.1,107.7,108.6,108.6,0.8,0.5,0.5,0.12,1.81,22.7,0.086,0.17,0.129,12.5,12.5,0.586,0.616,0.121,0.125,102.46,101.75,84.79,101.75,0.096,3036,2.4,4.4,Isaiah Stewart
1631209,Isaiah,1610612766,CHA,24.0,20,2,18,0.1,265.50333333333333,41,105,0.39,13,33,0.394,25,34,0.735,14,18,32,28,18,11,0,13,21,24,120,-6,215.4,0,0,215.0,1,2024-25,13.3,100.3,100.0,100.0,104.0,102.6,102.6,-3.7,-2.6,-2.6,0.187,1.56,16.8,0.051,0.071,0.06,10.8,10.8,0.452,0.5,0.22,0.226,97.55,98.35,81.96,98.35,0.077,548,2.1,5.3,Isaiah Wong
1627826,Ivica,1610612746,LAC,28.0,80,50,30,0.625,2624.1766666666667,592,942,0.628,0,0,0.0,156,236,0.661,300,710,1010,214,127,55,90,58,168,242,1340,514,3181.0,59,1,2854.0,1,2024-25,32.8,115.0,116.5,116.5,106.1,107.1,107.1,8.9,9.4,9.4,0.121,1.69,15.5,0.122,0.271,0.199,9.2,9.2,0.628,0.641,0.192,0.195,99.68,98.55,82.13,98.55,0.157,5392,7.4,11.8,Ivica Zubac
1631120,JD,1610612738,BOS,22.0,16,13,3,0.813,92.915,12,34,0.353,4,18,0.222,5,7,0.714,2,11,13,13,13,5,1,0,2,5,33,-28,73.1,0,0,75.0,1,2024-25,5.8,92.9,91.7,91.7,105.3,105.4,105.4,-12.4,-13.7,-13.7,0.277,1.0,20.6,0.02,0.118,0.067,20.6,20.6,0.412,0.445,0.228,0.238,93.78,94.28,78.57,94.28,0.079,181,0.8,2.1,JD Davison
1630550,JT,1610612764,WAS,22.0,20,10,10,0.5,249.31666666666663,25,59,0.424,6,21,0.286,15,22,0.682,20,28,48,6,9,8,9,4,17,15,71,-96,179.6,0,0,165.0,2,2024-25,12.5,95.3,95.3,95.3,114.0,115.3,115.3,-18.7,-20.0,-20.0,0.04,0.67,7.1,0.07,0.101,0.085,10.6,10.8,0.475,0.517,0.132,0.136,99.15,98.57,82.14,98.57,0.065,515,1.3,3.0,JT Thor
1629630,Ja,1610612763,MEM,25.0,50,30,20,0.6,1519.11,404,889,0.454,88,285,0.309,263,319,0.824,34,171,205,364,185,61,12,51,113,249,1159,226,1985.0,13,1,1962.0,1,2024-25,30.4,114.3,116.4,116.4,108.9,109.6,109.6,5.4,6.8,6.8,0.355,1.97,23.1,0.021,0.101,0.062,11.8,11.7,0.504,0.563,0.312,0.318,107.05,105.74,88.12,105.74,0.141,3346,8.1,17.8,Ja Morant
1642266,Ja'Kobe,1610612761,TOR,20.0,52,19,33,0.365,1103.235,159,393,0.405,65,186,0.349,66,83,0.795,59,101,160,81,50,43,10,39,95,72,449,-83,871.5,1,0,861.0,1,2024-25,21.2,108.3,108.6,108.6,111.5,111.1,111.1,-3.2,-2.4,-2.4,0.105,1.62,14.5,0.049,0.092,0.07,8.9,8.9,0.487,0.523,0.179,0.183,101.25,101.29,84.41,101.29,0.068,2316,3.1,7.6,Ja'Kobe Walter
1631095,Jabari,1610612745,HOU,22.0,57,40,17,0.702,1715.5783333333334,248,566,0.438,98,277,0.354,104,126,0.825,105,294,399,60,61,25,41,30,123,120,698,250,1403.8,8,0,1387.0,1,2024-25,30.1,110.7,113.4,113.4,105.4,106.1,106.1,5.3,7.3,7.3,0.048,0.98,8.1,0.055,0.162,0.107,8.2,8.2,0.525,0.562,0.16,0.163,101.51,100.0,83.33,100.0,0.093,3569,4.4,9.9,Jabari Smith Jr.
1631133,Jabari,1610612757,POR,22.0,60,23,37,0.383,749.165,118,229,0.515,28,72,0.389,49,71,0.69,59,152,211,37,34,33,6,31,87,62,313,15,704.7,1,0,667.0,1,2024-25,12.5,107.7,108.1,108.1,108.4,107.6,107.6,-0.7,0.5,0.5,0.071,1.09,11.2,0.072,0.198,0.133,10.3,10.3,0.576,0.601,0.156,0.161,103.72,103.86,86.55,103.86,0.107,1624,2.0,3.8,Jabari Walker
1629098,Jack,1610612745,HOU,29.0,9,5,4,0.556,43.25,5,17,0.294,4,13,0.308,0,0,0.0,2,3,5,1,2,0,2,0,3,0,14,-10,25.5,0,0,28.0,1,2024-25,4.8,85.3,84.7,84.7,94.7,93.9,93.9,-9.4,-9.2,-9.2,0.038,0.5,5.0,0.039,0.056,0.048,10.0,10.0,0.412,0.412,0.176,0.18,108.54,109.32,91.1,109.32,0.02,98,0.6,1.9,Jack McVeigh
1642050,Jackson,1610612744,GSW,28.0,6,4,2,0.667,51.73166666666667,8,17,0.471,3,10,0.3,3,6,0.5,3,8,11,4,1,4,0,0,4,3,22,23,52.2,0,0,48.0,1,2024-25,8.6,119.2,116.4,116.4,103.7,103.5,103.5,15.4,12.9,12.9,0.1,4.0,16.0,0.046,0.167,0.097,4.0,4.1,0.559,0.56,0.142,0.152,108.5,109.95,91.63,109.95,0.101,122,1.3,2.8,Jackson Rowe
1631210,Jacob,1610612737,ATL,25.0,17,13,4,0.765,75.15,9,22,0.409,5,10,0.5,0,0,0.0,3,12,15,6,3,2,0,3,3,0,23,-25,53.0,0,0,53.0,2,2024-25,4.4,95.7,89.9,89.9,107.6,104.4,104.4,-11.9,-14.5,-14.5,0.133,2.0,19.4,0.041,0.148,0.097,9.7,9.7,0.523,0.523,0.14,0.15,96.95,101.56,84.63,101.56,0.09,158,0.5,1.3,Jacob Toppin
1630702,Jaden,1610612742,DAL,22.0,57,30,27,0.526,907.4383333333334,180,414,0.435,76,197,0.386,60,86,0.698,9,80,89,81,82,28,5,24,90,68,496,-65,741.3,0,0,808.0,1,2024-25,15.9,108.4,108.3,108.3,112.2,111.6,111.6,-3.8,-3.2,-3.2,0.138,0.99,13.2,0.01,0.085,0.048,13.3,13.3,0.527,0.549,0.244,0.251,102.5,102.83,85.69,102.83,0.069,1943,3.2,7.3,Jaden Hardy
1631093,Jaden,1610612765,DET,23.0,30,14,16,0.467,898.0333333333333,190,413,0.46,63,154,0.409,85,116,0.733,40,84,124,119,89,28,11,26,67,95,528,-62,883.3,0,0,912.0,1,2024-25,29.9,109.9,110.5,110.5,114.0,114.6,114.6,-4.1,-4.1,-4.1,0.207,1.34,17.7,0.043,0.091,0.067,13.2,13.2,0.536,0.569,0.256,0.263,100.05,99.52,82.94,99.52,0.099,1868,6.3,13.8,Jaden Ivey
1630183,Jaden,1610612750,MIN,24.0,82,49,33,0.598,2614.41,398,834,0.477,100,303,0.33,104,128,0.813,129,341,470,163,95,110,74,41,225,136,1000,172,2265.5,10,0,2101.0,1,2024-25,31.9,112.6,113.9,113.9,108.8,109.9,109.9,3.8,4.0,4.0,0.091,1.72,14.2,0.048,0.126,0.087,8.3,8.3,0.537,0.562,0.16,0.164,99.15,98.07,81.72,98.07,0.086,5323,4.9,10.2,Jaden McDaniels
1630531,Jaden,1610612762,UTA,22.0,43,22,21,0.512,365.175,35,90,0.389,12,48,0.25,27,38,0.711,17,41,58,33,16,24,4,4,42,37,109,-32,296.1,0,0,268.0,2,2024-25,8.5,107.5,105.6,105.6,109.2,108.9,108.9,-1.7,-3.3,-3.3,0.13,2.06,21.0,0.044,0.107,0.076,10.2,10.3,0.456,0.511,0.139,0.143,101.73,102.79,85.66,102.79,0.063,779,0.8,2.1,Jaden Springer
203109,Jae,1610612758,SAC,34.0,9,3,6,0.333,102.76166666666668,7,22,0.318,4,15,0.267,5,6,0.833,6,14,20,6,4,3,0,1,10,3,23,-18,61.0,0,0,59.0,1,2024-25,11.4,102.1,101.9,101.9,109.8,109.2,109.2,-7.8,-7.4,-7.4,0.077,1.5,17.6,0.055,0.133,0.093,11.8,11.5,0.409,0.467,0.113,0.119,100.51,100.89,84.08,100.89,0.048,215,0.8,2.4,Jae Crowder
1630256,Jae'Sean,1610612745,HOU,29.0,52,38,14,0.731,588.11,70,148,0.473,16,46,0.348,32,47,0.681,50,67,117,47,22,26,7,16,82,53,188,51,475.9,0,0,434.0,1,2024-25,11.3,110.6,111.0,111.0,104.9,104.7,104.7,5.7,6.3,6.3,0.107,2.14,19.7,0.072,0.108,0.089,9.2,9.3,0.527,0.557,0.126,0.131,103.2,103.16,85.97,103.16,0.071,1251,1.3,2.8,Jae'Sean Tate
1626143,Jahlil,1610612754,IND,29.0,1,0,1,0.0,3.3666666666666667,0,0,0.0,0,0,0.0,0,0,0.0,0,1,1,1,0,0,0,0,0,0,0,5,2.7,0,0,2.0,1,2024-25,3.4,145.3,125.0,125.0,62.5,62.5,62.5,82.8,62.5,62.5,0.25,0.0,100.0,0.0,0.25,0.111,0.0,0.0,0.0,0.0,0.0,0.0,106.08,114.06,95.05,114.06,0.133,8,0.0,0.0,Jahlil Okafor
1642443,Jahmir,1610612741,CHI,24.0,6,4,2,0.667,29.666666666666668,4,5,0.8,1,2,0.5,2,2,1.0,1,2,3,6,1,0,0,1,2,1,11,-7,22.6,0,0,21.0,1,2024-25,4.9,121.9,110.0,110.0,127.0,123.5,123.5,-5.1,-13.5,-13.5,0.231,6.0,46.2,0.042,0.059,0.052,7.7,7.8,0.9,0.935,0.092,0.101,104.62,111.64,93.03,111.64,0.1,70,0.7,0.8,Jahmir Young
1631170,Jaime,1610612748,MIA,24.0,66,32,34,0.485,1368.38,213,462,0.461,37,119,0.311,107,142,0.754,84,206,290,166,98,61,14,60,81,99,570,-152,1294.0,3,1,1213.0,1,2024-25,20.7,107.8,107.9,107.9,113.6,113.9,113.9,-5.9,-6.0,-6.0,0.181,1.69,21.1,0.06,0.145,0.103,12.4,12.4,0.501,0.543,0.194,0.2,99.35,99.18,82.65,99.18,0.098,2835,3.2,7.0,Jaime Jaquez Jr.
1631222,Jake,1610612758,SAC,23.0,66,40,26,0.606,1349.28,160,337,0.475,60,142,0.423,78,115,0.678,90,169,259,158,86,62,23,26,132,91,458,126,1174.8,2,0,1105.0,2,2024-25,20.4,114.3,115.0,115.0,110.1,111.2,111.2,4.2,3.8,3.8,0.15,1.84,24.9,0.063,0.12,0.091,13.5,13.6,0.564,0.591,0.14,0.143,104.66,103.86,86.55,103.86,0.081,2926,2.4,5.1,Jake LaRavia
1627751,Jakob,1610612761,TOR,29.0,57,21,36,0.368,1685.7483333333332,363,579,0.627,1,3,0.333,97,144,0.674,189,358,547,158,111,66,71,35,176,130,824,-37,2017.4,23,0,1804.0,1,2024-25,29.6,109.9,111.2,111.2,110.4,111.9,111.9,-0.6,-0.7,-0.7,0.136,1.42,17.4,0.11,0.206,0.158,12.2,12.2,0.628,0.641,0.184,0.188,102.73,101.44,84.53,101.44,0.133,3557,6.4,10.2,Jakob Poeltl
1641779,Jalen,1610612756,PHX,24.0,8,1,7,0.125,30.37333333333333,2,7,0.286,2,7,0.286,3,4,0.75,0,4,4,0,4,0,0,0,0,3,9,7,9.8,0,0,15.0,1,2024-25,3.8,100.9,98.4,98.4,94.9,88.7,88.7,6.0,9.7,9.7,0.0,0.0,0.0,0.0,0.121,0.062,30.8,31.3,0.429,0.514,0.197,0.201,94.35,98.77,82.31,98.77,0.026,63,0.3,0.9,Jalen Bridges
1628973,Jalen,1610612752,NYK,28.0,65,40,25,0.615,2300.708333333333,585,1200,0.488,152,397,0.383,368,448,0.821,27,160,187,475,164,60,8,50,138,410,1690,146,2666.9,14,0,2640.0,1,2024-25,35.4,116.4,118.3,118.3,115.3,115.7,115.7,1.0,2.6,2.6,0.318,2.9,23.5,0.012,0.072,0.042,8.1,8.1,0.551,0.605,0.289,0.295,98.78,97.79,81.49,97.79,0.138,4697,9.0,18.5,Jalen Brunson
1631105,Jalen,1610612765,DET,21.0,78,43,35,0.551,2033.5483333333332,378,546,0.692,0,0,0.0,162,242,0.669,277,530,807,209,136,54,89,55,251,202,918,36,2492.9,41,0,2220.0,1,2024-25,26.1,114.2,115.5,115.5,112.9,114.0,114.0,1.4,1.5,1.5,0.141,1.54,21.0,0.137,0.259,0.199,13.6,13.6,0.692,0.703,0.161,0.163,102.37,101.29,84.4,101.29,0.14,4278,4.8,7.0,Jalen Duren
1630224,Jalen,1610612745,HOU,23.0,82,52,30,0.634,2697.11,608,1437,0.423,234,661,0.354,273,336,0.813,45,332,377,282,203,71,27,106,127,248,1723,166,2689.4,4,0,2812.0,1,2024-25,32.9,111.2,113.8,113.8,109.6,111.1,111.1,1.6,2.8,2.8,0.159,1.39,13.7,0.015,0.12,0.065,9.9,9.8,0.505,0.544,0.267,0.273,101.57,99.75,83.13,99.75,0.111,5610,7.4,17.5,Jalen Green
1641720,Jalen,1610612755,PHI,22.0,15,3,12,0.2,314.6766666666667,37,98,0.378,14,46,0.304,18,21,0.857,3,24,27,37,18,5,7,4,25,17,106,-96,211.9,0,0,208.0,2,2024-25,21.0,107.4,107.2,107.2,123.1,123.5,123.5,-15.8,-16.4,-16.4,0.165,2.06,22.7,0.009,0.077,0.041,11.0,11.1,0.449,0.494,0.164,0.168,101.43,101.36,84.47,101.36,0.049,670,2.5,6.5,Jalen Hood-Schifino
1630552,Jalen,1610612737,ATL,23.0,36,18,18,0.5,1284.1783333333333,271,542,0.5,44,141,0.312,94,126,0.746,62,297,359,181,106,56,36,39,67,99,680,55,1552.3,20,1,1448.0,1,2024-25,35.7,111.3,111.8,111.8,110.1,110.2,110.2,1.2,1.6,1.6,0.203,1.71,20.5,0.046,0.216,0.132,12.0,12.0,0.541,0.569,0.214,0.22,106.98,106.68,88.9,106.68,0.135,2858,7.5,15.1,Jalen Johnson
1629667,Jalen,1610612758,SAC,27.0,4,2,2,0.5,7.335,0,0,0.0,0,0,0.0,0,0,0.0,0,0,0,1,0,1,0,0,0,0,0,-1,4.5,0,0,3.0,1,2024-25,1.8,85.5,81.3,81.3,77.8,77.8,77.8,7.7,3.5,3.5,0.25,0.0,100.0,0.0,0.0,0.0,0.0,0.0,0.0,0.0,0.0,0.0,108.63,111.25,92.71,111.25,0.114,16,0.0,0.0,Jalen McDaniels
1629618,Jalen,1610612743,DEN,25.0,49,31,18,0.633,666.19,77,180,0.428,40,101,0.396,6,8,0.75,15,56,71,107,24,19,5,5,38,8,200,52,493.7,1,1,466.0,1,2024-25,13.6,112.6,112.6,112.6,109.5,109.7,109.7,3.1,2.9,2.9,0.211,4.46,34.1,0.022,0.078,0.051,7.6,7.6,0.539,0.545,0.13,0.135,99.35,99.25,82.71,99.25,0.078,1383,1.6,3.7,Jalen Pickett
1630188,Jalen,1610612741,CHI,25.0,64,28,36,0.438,962.3833333333332,190,408,0.466,72,222,0.324,72,89,0.809,89,268,357,65,37,17,44,14,95,84,524,-36,1195.9,4,0,1140.0,1,2024-25,15.0,110.4,110.3,110.3,111.2,111.5,111.5,-0.7,-1.2,-1.2,0.101,1.76,11.9,0.085,0.241,0.165,6.8,6.7,0.554,0.586,0.201,0.208,106.18,106.06,88.38,106.06,0.133,2122,3.0,6.4,Jalen Smith
1630591,Jalen,1610612753,ORL,24.0,35,20,15,0.571,1002.4533333333334,197,481,0.41,76,242,0.314,97,110,0.882,23,118,141,129,102,51,33,17,98,129,567,3,1079.7,0,0,1081.0,1,2024-25,28.6,104.3,105.7,105.7,103.3,104.8,104.8,1.0,1.0,1.0,0.216,1.26,17.0,0.023,0.126,0.072,13.5,13.4,0.489,0.536,0.268,0.274,100.42,99.02,82.52,99.02,0.107,2060,5.6,13.7,Jalen Suggs
1631114,Jalen,1610612760,OKC,24.0,69,55,14,0.797,2236.673333333333,565,1168,0.484,124,340,0.365,236,299,0.789,59,310,369,354,150,111,46,59,158,245,1490,456,2784.8,3,0,2651.0,1,2024-25,32.4,115.3,116.7,116.7,106.0,106.5,106.5,9.2,10.2,10.2,0.233,2.36,19.7,0.026,0.131,0.079,8.3,8.3,0.537,0.573,0.27,0.274,103.28,102.44,85.37,102.44,0.138,4760,8.2,16.9,Jalen Williams
1630592,Jalen,1610612751,BKN,24.0,79,25,54,0.316,2031.3866666666668,246,620,0.397,122,362,0.337,135,165,0.818,75,195,270,145,79,40,5,37,164,122,749,-262,1346.5,0,0,1376.0,1,2024-25,25.7,105.6,106.9,106.9,112.2,113.7,113.7,-6.6,-6.7,-6.7,0.11,1.84,15.9,0.035,0.102,0.067,8.6,8.6,0.495,0.541,0.161,0.166,98.47,97.23,81.03,97.23,0.065,4122,3.1,7.8,Jalen Wilson
1631288,Jamal,1610612740,NOP,26.0,37,6,31,0.162,501.79833333333335,68,158,0.43,26,80,0.325,34,50,0.68,27,58,85,22,22,23,9,0,46,37,196,-132,405.0,0,0,393.0,1,2024-25,13.6,106.8,106.4,106.4,118.8,119.3,119.3,-12.0,-12.9,-12.9,0.065,1.0,9.8,0.05,0.117,0.082,9.8,9.8,0.513,0.544,0.167,0.172,100.48,100.49,83.74,100.49,0.067,1052,1.8,4.3,Jamal Cain
1627750,Jamal,1610612743,DEN,28.0,67,41,26,0.612,2418.346666666667,531,1121,0.474,156,397,0.393,218,246,0.886,45,216,261,403,138,91,33,46,128,211,1436,331,2587.7,5,0,2504.0,1,2024-25,36.1,121.0,122.0,122.0,114.7,115.5,115.5,6.2,6.5,6.5,0.223,2.92,22.9,0.019,0.084,0.053,7.8,7.8,0.543,0.584,0.235,0.241,101.48,100.72,83.93,100.72,0.111,5075,7.9,16.7,Jamal Murray
1642347,Jamal,1610612761,TOR,22.0,75,28,47,0.373,1466.825,204,504,0.405,72,223,0.323,53,69,0.768,30,85,115,316,117,58,10,29,158,99,533,-234,1232.0,1,0,1172.0,1,2024-25,19.6,106.0,105.5,105.5,112.4,113.3,113.3,-6.4,-7.8,-7.8,0.307,2.7,32.8,0.019,0.057,0.037,12.1,12.1,0.476,0.499,0.179,0.186,102.29,102.18,85.15,102.18,0.07,3127,2.7,6.7,Jamal Shead
1631123,Jamaree,1610612749,MIL,26.0,5,4,1,0.8,61.7,6,12,0.5,1,5,0.2,4,6,0.667,1,4,5,10,8,4,2,1,2,6,17,2,48.0,0,0,45.0,1,2024-25,12.3,117.6,118.5,118.5,117.3,117.8,117.8,0.3,0.6,0.6,0.213,1.25,30.3,0.019,0.058,0.041,24.2,24.5,0.542,0.581,0.163,0.162,101.34,100.75,83.95,100.75,0.067,130,1.2,2.4,Jamaree Bouyea
201935,James,1610612746,LAC,35.0,79,50,29,0.633,2789.036666666667,531,1295,0.41,235,668,0.352,505,578,0.874,55,401,456,687,341,118,55,65,162,371,1802,344,3557.7,38,3,3526.0,1,2024-25,35.3,113.7,115.4,115.4,108.0,109.2,109.2,5.7,6.2,6.2,0.365,2.01,26.9,0.02,0.143,0.083,13.4,13.2,0.501,0.582,0.286,0.294,100.09,98.82,82.35,98.82,0.145,5737,6.7,16.4,James Harden
201949,James,1610612754,IND,38.0,12,5,7,0.417,36.61666666666667,4,11,0.364,0,3,0.0,0,1,0.0,0,6,6,4,4,0,2,0,5,1,8,-9,23.2,0,0,22.0,1,2024-25,3.1,104.7,97.4,97.4,118.8,110.5,110.5,-14.1,-13.1,-13.1,0.16,1.0,21.1,0.0,0.176,0.087,21.1,20.6,0.364,0.35,0.165,0.187,93.26,100.28,83.57,100.28,0.015,77,0.3,0.9,James Johnson
1630164,James,1610612754,IND,24.0,1,1,0,1.0,4.633333333333334,2,4,0.5,0,1,0.0,2,2,1.0,0,1,1,0,0,0,0,0,0,1,6,-4,7.2,0,0,7.0,1,2024-25,4.6,120.8,118.2,118.2,144.6,141.7,141.7,-23.7,-23.5,-23.5,0.0,0.0,0.0,0.0,0.25,0.125,0.0,0.0,0.5,0.615,0.455,0.454,116.65,119.14,99.28,119.14,0.156,11,2.0,4.0,James Wiseman
1642419,Jamison,1610612761,TOR,24.0,59,21,38,0.356,1041.6783333333333,149,347,0.429,105,259,0.405,16,18,0.889,37,121,158,53,27,17,10,14,92,25,419,-183,742.1,0,0,789.0,1,2024-25,17.7,104.8,105.0,105.0,113.5,113.4,113.4,-8.7,-8.4,-8.4,0.073,1.96,12.2,0.032,0.117,0.072,6.2,6.2,0.581,0.59,0.147,0.152,102.4,102.32,85.27,102.32,0.072,2222,2.5,5.9,Jamison Battle
1641716,Jarace,1610612754,IND,21.0,75,45,30,0.6,1186.62,170,360,0.472,75,185,0.405,46,69,0.667,25,204,229,110,78,54,25,10,115,63,461,-146,1059.8,0,0,1033.0,1,2024-25,15.8,107.6,107.0,107.0,112.7,112.1,112.1,-5.1,-5.0,-5.0,0.129,1.41,19.1,0.021,0.178,0.098,13.5,13.5,0.576,0.59,0.165,0.17,102.69,103.23,86.03,103.23,0.087,2544,2.3,4.8,Jarace Walker
1630215,Jared,1610612755,PHI,24.0,60,6,54,0.1,1043.735,203,453,0.448,60,169,0.355,75,91,0.824,25,85,110,220,80,42,13,38,97,74,541,-131,1088.0,1,0,1041.0,2,2024-25,17.4,107.1,108.5,108.5,114.6,114.5,114.5,-7.4,-6.0,-6.0,0.317,2.75,27.9,0.022,0.076,0.049,10.2,10.1,0.514,0.549,0.222,0.23,103.22,102.6,85.5,102.6,0.102,2232,3.4,7.6,Jared Butler
1642272,Jared,1610612755,PHI,21.0,23,7,16,0.304,591.7916666666666,126,274,0.46,51,133,0.383,49,56,0.875,13,43,56,60,37,15,0,11,37,45,352,-27,517.2,1,0,549.0,1,2024-25,25.7,108.3,109.3,109.3,110.7,111.4,111.4,-2.5,-2.1,-2.1,0.171,1.62,15.2,0.022,0.076,0.048,9.3,9.4,0.553,0.589,0.243,0.248,98.92,98.18,81.82,98.18,0.106,1210,5.5,11.9,Jared McCain
1631197,Jared,1610612761,TOR,25.0,14,8,6,0.571,226.16333333333333,42,87,0.483,12,39,0.308,22,25,0.88,14,28,42,16,9,10,2,6,20,15,118,64,219.4,1,0,212.0,2,2024-25,16.2,116.3,118.1,118.1,104.6,103.4,103.4,11.7,14.7,14.7,0.098,1.78,12.9,0.052,0.113,0.082,7.3,7.3,0.552,0.602,0.183,0.185,104.11,103.89,86.57,103.89,0.106,486,3.0,6.2,Jared Rhoden
1628991,Jaren,1610612763,MEM,25.0,74,42,32,0.568,2206.951666666667,592,1213,0.488,146,389,0.375,311,398,0.781,91,326,417,148,153,92,113,87,257,334,1641,331,2825.4,6,0,2762.0,1,2024-25,29.8,113.8,115.2,115.2,107.9,108.8,108.8,6.0,6.4,6.4,0.102,0.97,8.8,0.038,0.134,0.087,9.1,9.1,0.548,0.591,0.274,0.281,106.67,105.56,87.97,105.56,0.124,4863,8.0,16.4,Jaren Jackson Jr.
1629020,Jarred,1610612747,LAL,26.0,36,25,11,0.694,580.8583333333333,59,121,0.488,9,32,0.281,20,36,0.556,68,114,182,41,29,35,10,17,67,39,147,35,532.9,0,0,469.0,1,2024-25,16.1,115.4,115.6,115.6,112.4,112.2,112.2,3.0,3.3,3.3,0.094,1.41,19.9,0.114,0.194,0.154,14.1,14.0,0.525,0.537,0.116,0.121,100.59,100.61,83.84,100.61,0.082,1215,1.6,3.4,Jarred Vanderbilt
1628386,Jarrett,1610612739,CLE,27.0,82,64,18,0.78,2296.0533333333333,452,640,0.706,0,5,0.0,199,277,0.718,216,582,798,158,97,77,73,47,127,257,1103,514,2650.6,40,0,2359.0,1,2024-25,28.0,120.9,121.9,121.9,109.5,111.3,111.3,11.4,10.5,10.5,0.091,1.63,15.5,0.095,0.238,0.169,9.5,9.5,0.706,0.724,0.156,0.158,102.69,101.43,84.53,101.43,0.148,4853,5.5,7.8,Jarrett Allen
1629750,Javonte,1610612739,CLE,31.0,68,24,44,0.353,1257.8333333333333,123,287,0.429,46,141,0.326,55,76,0.724,59,159,218,56,32,65,31,14,98,72,347,-212,948.6,0,0,859.0,2,2024-25,18.5,109.1,109.1,109.1,115.6,117.0,117.0,-6.6,-7.8,-7.8,0.059,1.75,13.8,0.042,0.122,0.081,7.9,7.8,0.509,0.541,0.113,0.118,102.6,101.97,84.97,101.97,0.064,2671,1.8,4.2,Javonte Green
1629637,Jaxson,1610612747,LAL,25.0,56,38,18,0.679,1092.6833333333334,161,223,0.722,0,3,0.0,61,98,0.622,78,191,269,58,43,31,51,11,136,112,383,87,995.8,2,0,874.0,1,2024-25,19.5,112.4,112.3,112.3,108.0,109.8,109.8,4.3,2.5,2.5,0.076,1.35,15.8,0.074,0.163,0.121,11.7,11.7,0.722,0.72,0.12,0.124,101.31,100.51,83.76,100.51,0.097,2301,2.9,4.0,Jaxson Hayes
1630643,Jay,1610612763,MEM,27.0,64,37,27,0.578,748.0316666666666,157,305,0.515,81,200,0.405,44,56,0.786,30,99,129,38,34,16,56,8,78,44,439,25,832.8,0,0,831.0,1,2024-25,11.7,112.2,111.0,111.0,109.9,110.1,110.1,2.3,0.8,0.8,0.077,1.12,9.4,0.039,0.12,0.081,8.4,8.5,0.648,0.666,0.194,0.2,106.22,106.71,88.93,106.71,0.108,1668,2.5,4.8,Jay Huff
1627759,Jaylen,1610612738,BOS,28.0,63,46,17,0.73,2157.9283333333333,518,1118,0.463,116,358,0.324,246,322,0.764,82,286,368,286,162,73,19,68,154,292,1398,402,2382.6,5,0,2352.0,1,2024-25,34.3,119.6,121.1,121.1,110.2,111.7,111.7,9.4,9.5,9.5,0.204,1.77,16.8,0.037,0.126,0.082,9.5,9.5,0.515,0.555,0.282,0.287,99.87,98.57,82.14,98.57,0.114,4424,8.2,17.7,Jaylen Brown
1641740,Jaylen,1610612750,MIN,23.0,40,28,12,0.7,521.9933333333333,56,120,0.467,22,51,0.431,29,37,0.784,26,27,53,26,8,36,2,10,61,30,163,44,371.6,0,0,340.0,1,2024-25,13.0,115.5,115.2,115.2,110.7,109.6,109.6,4.7,5.6,5.6,0.067,3.25,15.1,0.047,0.053,0.05,4.7,4.7,0.558,0.598,0.115,0.117,101.32,101.98,84.98,101.98,0.057,1101,1.4,3.0,Jaylen Clark
1641798,Jaylen,1610612764,WAS,21.0,16,3,13,0.188,238.6266666666667,31,74,0.419,7,23,0.304,9,10,0.9,11,33,44,17,12,9,0,5,14,8,78,-131,171.3,0,0,164.0,2,2024-25,14.9,94.3,93.6,93.6,119.3,120.7,120.7,-25.0,-27.1,-27.1,0.12,1.42,16.0,0.04,0.141,0.086,11.3,11.2,0.466,0.497,0.155,0.162,100.83,100.58,83.81,100.58,0.074,502,1.9,4.6,Jaylen Martin
1629669,Jaylen,1610612764,WAS,25.0,8,1,7,0.125,168.075,26,73,0.356,8,27,0.296,7,11,0.636,6,14,20,18,8,1,4,3,9,9,67,-42,125.0,0,0,123.0,1,2024-25,21.0,100.5,100.9,100.9,113.5,114.0,114.0,-12.9,-13.1,-13.1,0.176,2.25,17.3,0.032,0.086,0.058,7.7,7.7,0.411,0.43,0.215,0.222,96.63,96.24,80.2,96.24,0.06,338,3.3,9.1,Jaylen Nowell
1631301,Jaylen,1610612766,CHA,26.0,6,0,6,0.0,111.80833333333334,12,28,0.429,6,15,0.4,12,15,0.8,3,3,6,12,8,3,1,1,10,11,42,-47,71.2,0,0,74.0,1,2024-25,18.6,100.3,100.4,100.4,120.7,120.4,120.4,-20.3,-20.0,-20.0,0.176,1.5,21.8,0.025,0.025,0.025,14.5,14.7,0.536,0.607,0.159,0.162,100.84,100.89,84.07,100.89,0.057,235,2.0,4.7,Jaylen Sims
1642377,Jaylen,1610612763,MEM,21.0,79,47,32,0.595,2043.4816666666663,287,676,0.425,138,392,0.352,111,135,0.822,87,181,268,135,69,44,8,33,146,150,823,186,1434.1,1,0,1468.0,1,2024-25,25.9,114.6,116.7,116.7,111.0,111.9,111.9,3.6,4.7,4.7,0.082,1.96,14.4,0.04,0.083,0.061,7.4,7.3,0.527,0.56,0.156,0.158,106.02,104.64,87.2,104.64,0.065,4444,3.6,8.6,Jaylen Wells
1631119,Jaylin,1610612760,OKC,23.0,47,40,7,0.851,784.055,97,221,0.439,61,153,0.399,23,30,0.767,48,214,262,120,35,22,29,5,79,42,278,302,890.4,4,3,823.0,1,2024-25,16.7,121.2,121.0,121.0,103.1,103.0,103.0,18.1,17.9,17.9,0.19,3.43,30.9,0.059,0.251,0.158,9.0,9.0,0.577,0.594,0.141,0.145,102.6,102.7,85.58,102.7,0.124,1678,2.1,4.7,Jaylin Williams
1642281,Jaylon,1610612739,CLE,22.0,47,37,10,0.787,452.96,64,149,0.43,20,58,0.345,19,24,0.792,37,59,96,44,26,13,3,11,50,25,167,-2,370.2,1,0,359.0,1,2024-25,9.6,108.3,108.4,108.4,108.5,108.8,108.8,-0.2,-0.4,-0.4,0.135,1.69,19.1,0.076,0.117,0.097,11.3,11.3,0.497,0.523,0.164,0.168,101.47,101.31,84.42,101.31,0.075,957,1.4,3.2,Jaylon Tyson
1628369,Jayson,1610612738,BOS,27.0,72,53,19,0.736,2623.8166666666666,662,1465,0.452,250,728,0.343,358,440,0.814,48,575,623,431,209,76,38,56,157,307,1932,534,3459.1,31,2,3464.0,1,2024-25,36.4,118.0,119.6,119.6,108.2,109.8,109.8,9.8,9.8,9.8,0.266,2.06,18.9,0.017,0.206,0.112,9.2,9.1,0.537,0.582,0.301,0.309,99.57,98.14,81.78,98.14,0.158,5368,9.2,20.3,Jayson Tatum
1641789,Jazian,1610612742,DAL,22.0,16,8,8,0.5,56.61666666666667,9,23,0.391,4,11,0.364,2,4,0.5,1,4,5,6,5,2,1,1,9,2,24,11,43.0,0,0,45.0,1,2024-25,3.5,112.4,103.8,103.8,102.4,99.2,99.2,10.1,4.6,4.6,0.154,1.2,17.1,0.016,0.065,0.04,14.3,14.0,0.478,0.485,0.195,0.219,103.82,109.79,91.49,109.79,0.031,132,0.6,1.4,Jazian Gortman
1630288,Jeff,1610612755,PHI,28.0,41,10,31,0.244,620.77,112,230,0.487,28,70,0.4,33,45,0.733,12,48,60,78,15,24,12,12,29,38,285,-103,567.0,0,0,523.0,1,2024-25,15.1,108.1,107.6,107.6,115.8,116.7,116.7,-7.8,-9.2,-9.2,0.196,5.2,22.8,0.018,0.079,0.047,4.4,4.4,0.548,0.57,0.176,0.183,99.5,99.32,82.77,99.32,0.106,1291,2.7,5.6,Jeff Dowtin Jr.
201145,Jeff,1610612745,HOU,38.0,32,20,12,0.625,396.44666666666666,61,121,0.504,29,79,0.367,21,26,0.808,11,47,58,20,9,6,4,2,32,18,172,-38,292.6,0,0,299.0,1,2024-25,12.4,109.9,112.2,112.2,115.2,116.1,116.1,-5.3,-3.9,-3.9,0.068,2.22,12.4,0.024,0.108,0.065,5.6,5.6,0.624,0.649,0.144,0.147,101.88,100.43,83.69,100.43,0.085,827,1.9,3.8,Jeff Green
203924,Jerami,1610612757,POR,31.0,47,22,25,0.468,1523.5866666666666,214,574,0.373,108,296,0.365,141,166,0.849,26,137,163,101,65,41,46,42,109,121,677,-202,1220.1,0,0,1223.0,1,2024-25,32.4,105.4,107.4,107.4,112.5,113.4,113.4,-7.1,-6.1,-6.1,0.099,1.55,12.5,0.015,0.088,0.05,8.0,8.0,0.467,0.523,0.192,0.195,101.78,100.41,83.67,100.41,0.07,3183,4.6,12.2,Jerami Grant
1630526,Jeremiah,1610612740,NOP,24.0,66,17,49,0.258,1238.9,158,347,0.455,56,164,0.341,46,55,0.836,110,205,315,88,51,39,7,18,79,49,418,-331,1015.0,4,0,969.0,1,2024-25,18.8,106.1,107.2,107.2,119.2,119.0,119.0,-13.1,-11.8,-11.8,0.101,1.73,17.2,0.082,0.166,0.122,10.0,10.0,0.536,0.563,0.14,0.143,101.36,100.95,84.12,100.95,0.087,2595,2.4,5.3,Jeremiah Robinson-Earl
1631110,Jeremy,1610612759,SAS,22.0,54,21,33,0.389,1363.9683333333332,251,469,0.535,28,91,0.308,87,125,0.696,127,225,352,128,84,45,27,46,131,105,617,-88,1363.4,8,0,1269.0,1,2024-25,25.3,111.2,111.9,111.9,113.7,114.5,114.5,-2.5,-2.7,-2.7,0.138,1.52,17.4,0.088,0.154,0.121,11.4,11.4,0.565,0.589,0.184,0.188,102.2,101.53,84.61,101.53,0.101,2880,4.6,8.7,Jeremy Sochan
1630579,Jericho,1610612749,MIL,26.0,53,34,19,0.642,631.245,45,71,0.634,0,0,0.0,8,13,0.615,71,126,197,33,33,10,19,9,65,22,98,25,437.9,0,0,386.0,2,2024-25,11.9,112.6,111.5,111.5,110.8,109.1,109.1,1.9,2.4,2.4,0.068,1.0,23.1,0.114,0.196,0.156,23.1,23.1,0.634,0.639,0.074,0.077,97.45,98.7,82.25,98.7,0.07,1295,0.8,1.3,Jericho Sims
1642399,Jesse,1610612750,MIN,25.0,2,2,0,1.0,4.666666666666667,0,0,0.0,0,0,0.0,0,0,0.0,0,0,0,1,0,0,0,0,2,1,0,-10,1.5,0,0,1.0,1,2024-25,2.3,81.0,72.7,72.7,186.7,150.0,150.0,-105.8,-77.3,-77.3,0.25,0.0,100.0,0.0,0.0,0.0,0.0,0.0,0.0,0.0,0.0,0.0,100.39,118.29,98.57,118.29,-0.043,11,0.0,0.0,Jesse Edwards
1641724,Jett,1610612753,ORL,21.0,60,29,31,0.483,701.1066666666667,98,262,0.374,55,186,0.296,16,23,0.696,20,50,70,44,36,13,11,6,68,18,267,-86,453.0,0,0,484.0,1,2024-25,11.7,101.9,103.0,103.0,109.4,108.7,108.7,-7.5,-5.7,-5.7,0.102,1.22,12.5,0.026,0.074,0.048,10.2,10.2,0.479,0.491,0.181,0.187,100.15,99.92,83.27,99.92,0.045,1458,1.6,4.4,Jett Howard
1628975,Jevon,1610612741,CHI,29.0,36,13,23,0.361,320.5733333333333,55,146,0.377,35,105,0.333,8,10,0.8,4,35,39,40,11,13,3,4,15,8,153,37,296.8,0,0,299.0,1,2024-25,8.9,115.1,114.8,114.8,112.3,111.5,111.5,2.8,3.3,3.3,0.166,3.64,19.9,0.012,0.094,0.054,5.5,5.5,0.497,0.509,0.2,0.206,105.91,106.46,88.72,106.46,0.082,717,1.5,4.1,Jevon Carter
202710,Jimmy,1610612744,GSW,35.0,55,36,19,0.655,1746.135,301,597,0.504,32,104,0.308,330,392,0.842,125,171,296,298,74,77,18,50,52,283,964,246,1977.2,6,3,1780.0,2,2024-25,31.7,115.4,115.9,115.9,109.5,109.6,109.6,5.9,6.3,6.3,0.26,4.03,26.2,0.07,0.101,0.085,6.5,6.5,0.531,0.626,0.203,0.21,99.17,98.95,82.46,98.95,0.145,3608,5.5,10.9,Jimmy Butler III
1629111,Jock,1610612745,HOU,29.0,42,26,16,0.619,500.0233333333333,81,152,0.533,11,26,0.423,27,40,0.675,56,81,137,37,21,13,10,17,49,35,200,-25,467.9,1,0,431.0,1,2024-25,11.9,109.6,110.5,110.5,112.0,112.6,112.6,-2.4,-2.1,-2.1,0.102,1.76,16.3,0.099,0.151,0.125,9.3,9.2,0.569,0.59,0.148,0.153,104.29,103.58,86.32,103.58,0.097,1078,1.9,3.6,Jock Landale
204060,Joe,1610612750,MIN,37.0,19,12,7,0.632,114.08666666666667,6,23,0.261,3,15,0.2,0,0,0.0,2,9,11,23,9,2,0,1,12,5,15,2,59.7,0,0,56.0,1,2024-25,6.0,108.2,108.9,108.9,114.2,113.1,113.1,-6.0,-4.2,-4.2,0.261,2.56,41.8,0.017,0.08,0.048,16.4,16.4,0.326,0.326,0.113,0.117,101.88,102.03,85.02,102.03,0.025,248,0.3,1.2,Joe Ingles
203954,Joel,1610612755,PHI,31.0,19,8,11,0.421,574.3933333333333,140,315,0.444,23,77,0.299,149,169,0.882,36,119,155,85,62,14,18,14,42,117,452,-57,799.5,7,1,779.0,1,2024-25,30.2,104.3,104.0,104.0,107.9,109.5,109.5,-3.6,-5.5,-5.5,0.286,1.37,15.8,0.062,0.207,0.134,11.5,11.6,0.481,0.58,0.342,0.348,100.52,99.95,83.29,99.95,0.169,1200,7.4,16.6,Joel Embiid
1628381,John,1610612762,UTA,27.0,40,12,28,0.3,1220.4916666666666,280,531,0.527,59,148,0.399,139,164,0.848,89,238,327,80,103,39,40,54,116,155,758,-16,1404.4,13,0,1382.0,1,2024-25,30.5,111.8,112.4,112.4,113.0,113.3,113.3,-1.3,-0.9,-0.9,0.105,0.78,10.2,0.073,0.179,0.128,13.2,13.1,0.583,0.628,0.234,0.24,102.09,101.72,84.77,101.72,0.129,2590,7.0,13.3,John Collins
1629723,John,1610612763,MEM,29.0,46,26,20,0.565,558.2233333333334,41,91,0.451,23,62,0.371,7,8,0.875,37,114,151,42,16,30,14,5,32,17,112,58,472.2,0,0,416.0,1,2024-25,12.1,112.5,113.2,113.2,106.2,107.8,107.8,6.3,5.4,5.4,0.095,2.63,27.6,0.06,0.187,0.123,10.5,10.5,0.577,0.592,0.077,0.079,106.54,105.46,87.89,105.46,0.094,1223,0.9,2.0,John Konchar
1631098,Johnny,1610612764,WAS,23.0,34,4,30,0.118,241.65833333333333,32,78,0.41,7,29,0.241,9,15,0.6,10,28,38,11,7,15,6,3,18,14,80,-26,198.1,0,0,178.0,1,2024-25,7.1,103.7,104.7,104.7,109.1,107.2,107.2,-5.4,-2.5,-2.5,0.064,1.57,10.7,0.036,0.104,0.069,6.8,6.8,0.455,0.473,0.15,0.154,106.23,106.66,88.89,106.66,0.067,531,0.9,2.3,Johnny Davis
1642277,Johnny,1610612754,IND,20.0,50,31,19,0.62,379.4966666666666,35,92,0.38,15,50,0.3,18,22,0.818,23,48,71,19,12,18,11,11,41,23,103,22,291.7,0,0,266.0,1,2024-25,7.6,107.8,106.1,106.1,106.3,105.4,105.4,1.5,0.6,0.6,0.063,1.58,14.4,0.06,0.126,0.093,9.1,9.0,0.462,0.506,0.118,0.124,104.22,105.49,87.91,105.49,0.059,842,0.7,1.8,Johnny Furphy
1630548,Johnny,1610612762,UTA,24.0,64,15,49,0.234,1269.83,204,475,0.429,118,314,0.376,45,53,0.849,42,142,184,68,36,39,8,15,126,43,571,-357,998.8,0,0,1035.0,1,2024-25,19.8,105.6,107.2,107.2,119.9,120.3,120.3,-14.3,-13.1,-13.1,0.08,1.89,11.3,0.031,0.109,0.07,6.0,6.0,0.554,0.573,0.174,0.177,103.03,102.1,85.08,102.1,0.071,2700,3.2,7.4,Johnny Juzang
202685,Jonas,1610612758,SAC,33.0,81,23,58,0.284,1523.763333333333,345,627,0.55,8,37,0.216,145,165,0.879,190,437,627,164,120,37,46,39,181,168,843,-304,1970.4,21,0,1808.0,2,2024-25,18.8,108.7,109.2,109.2,119.3,118.8,118.8,-10.7,-9.6,-9.6,0.171,1.37,16.6,0.122,0.286,0.203,12.2,12.2,0.557,0.602,0.222,0.228,101.32,101.28,84.4,101.28,0.147,3217,4.3,7.7,Jonas Valanciunas
1628371,Jonathan,1610612753,ORL,27.0,71,35,36,0.493,1090.015,134,324,0.414,39,151,0.258,73,107,0.682,120,194,314,40,33,61,80,14,90,79,380,-38,1206.8,2,0,1055.0,1,2024-25,15.4,105.6,105.9,105.9,106.8,106.6,106.6,-1.2,-0.7,-0.7,0.056,1.21,9.0,0.1,0.188,0.141,7.4,7.4,0.474,0.512,0.155,0.159,98.69,98.62,82.18,98.62,0.108,2229,1.9,4.6,Jonathan Isaac
1630228,Jonathan,1610612744,GSW,22.0,47,28,19,0.596,1144.08,258,568,0.454,46,151,0.305,157,235,0.668,56,161,217,104,71,38,21,48,90,145,719,8,1241.4,2,0,1204.0,1,2024-25,24.3,109.1,110.0,110.0,107.8,108.9,108.9,1.3,1.0,1.0,0.151,1.46,12.2,0.045,0.134,0.088,8.3,8.4,0.495,0.535,0.271,0.275,101.11,100.21,83.51,100.21,0.11,2381,5.5,12.1,Jonathan Kuminga
1642367,Jonathan,1610612761,TOR,23.0,63,18,45,0.286,1285.655,156,356,0.438,17,70,0.243,60,82,0.732,109,202,311,146,70,55,34,31,136,70,389,-241,1178.2,3,1,1041.0,1,2024-25,20.4,103.8,103.7,103.7,112.2,111.9,111.9,-8.4,-8.2,-8.2,0.16,2.09,24.1,0.076,0.157,0.114,11.5,11.5,0.462,0.496,0.145,0.149,102.5,102.69,85.58,102.69,0.083,2743,2.5,5.7,Jonathan Mogbo
203903,Jordan,1610612762,UTA,33.0,37,10,27,0.27,962.47,201,493,0.408,84,232,0.362,114,143,0.797,25,93,118,138,86,31,9,37,52,110,600,-204,982.6,0,0,1020.0,1,2024-25,26.0,105.9,107.5,107.5,116.9,117.5,117.5,-11.0,-10.0,-10.0,0.238,1.6,17.8,0.025,0.092,0.058,11.1,11.0,0.493,0.54,0.269,0.277,103.19,102.16,85.14,102.16,0.102,2049,5.4,13.3,Jordan Clarkson
1630692,Jordan,1610612747,LAL,26.0,29,17,12,0.586,542.575,63,144,0.438,26,68,0.382,9,11,0.818,38,74,112,42,26,30,11,7,43,12,161,-11,455.4,0,0,423.0,1,2024-25,18.7,111.5,111.2,111.2,113.2,112.4,112.4,-1.6,-1.2,-1.2,0.108,1.62,19.4,0.068,0.135,0.101,12.0,12.0,0.528,0.541,0.134,0.138,99.03,99.53,82.94,99.53,0.08,1126,2.2,5.0,Jordan Goodwin
1641722,Jordan,1610612740,NOP,23.0,56,18,38,0.321,1320.5,207,556,0.372,110,332,0.331,80,98,0.816,25,133,158,66,58,30,23,26,51,73,604,-317,993.6,0,0,1044.0,1,2024-25,23.6,105.7,106.6,106.6,117.1,118.1,118.1,-11.4,-11.4,-11.4,0.076,1.14,9.2,0.017,0.097,0.056,8.1,8.0,0.471,0.504,0.204,0.21,102.02,101.14,84.29,101.14,0.066,2783,3.7,9.9,Jordan Hawkins
1629162,Jordan,1610612759,SAS,29.0,46,17,29,0.37,314.27666666666664,31,72,0.431,19,46,0.413,17,22,0.773,6,24,30,51,16,16,1,4,18,23,98,57,245.5,0,0,232.0,2,2024-25,6.8,118.9,118.0,118.0,109.3,108.9,108.9,9.7,9.1,9.1,0.208,3.19,34.2,0.021,0.074,0.05,10.7,10.8,0.563,0.6,0.134,0.138,99.01,99.58,82.98,99.58,0.083,651,0.7,1.6,Jordan McLaughlin
1641757,Jordan,1610612746,LAC,25.0,37,21,16,0.568,420.31,58,134,0.433,8,38,0.211,28,35,0.8,23,35,58,34,26,17,5,12,26,26,152,-63,312.6,0,0,296.0,1,2024-25,11.4,103.5,103.8,103.8,109.8,109.8,109.8,-6.3,-6.0,-6.0,0.124,1.31,16.2,0.053,0.084,0.068,12.4,12.4,0.463,0.509,0.175,0.18,100.25,100.15,83.46,100.15,0.07,872,1.6,3.6,Jordan Miller
1629673,Jordan,1610612764,WAS,26.0,68,15,53,0.221,2000.8866666666668,457,1057,0.432,235,622,0.378,242,274,0.883,31,172,203,303,204,86,27,68,201,287,1391,-558,2224.1,1,0,2358.0,1,2024-25,29.4,103.3,104.8,104.8,117.0,117.9,117.9,-13.7,-13.1,-13.1,0.254,1.49,18.0,0.014,0.08,0.046,12.1,12.1,0.544,0.591,0.281,0.287,105.14,103.95,86.62,103.95,0.107,4337,6.7,15.5,Jordan Poole
1641775,Jordan,1610612738,BOS,21.0,52,39,13,0.75,403.0033333333333,30,83,0.361,15,55,0.273,7,12,0.583,23,46,69,19,17,12,11,3,30,15,82,25,245.3,0,0,231.0,1,2024-25,7.8,113.5,111.8,111.8,108.3,108.0,108.0,5.2,3.8,3.8,0.064,1.12,15.3,0.057,0.113,0.085,13.7,13.7,0.452,0.464,0.11,0.115,97.3,98.14,81.79,98.14,0.045,821,0.6,1.6,Jordan Walsh
1630631,Jose,1610612740,NOP,27.0,56,19,37,0.339,1365.9,204,521,0.392,111,309,0.359,60,74,0.811,27,109,136,259,86,74,14,24,91,75,579,-232,1308.7,2,0,1261.0,1,2024-25,24.4,107.3,108.4,108.4,116.0,117.1,117.1,-8.7,-8.7,-8.7,0.278,3.01,29.0,0.019,0.077,0.047,9.6,9.6,0.498,0.523,0.193,0.199,100.83,99.89,83.24,99.89,0.09,2849,3.6,9.3,Jose Alvarado
1630528,Josh,1610612748,MIA,23.0,14,9,5,0.643,69.35,11,31,0.355,2,11,0.182,4,6,0.667,0,9,9,8,6,5,3,1,2,4,28,-5,68.8,0,0,63.0,1,2024-25,5.0,111.5,105.7,105.7,110.0,108.2,108.2,1.4,-2.5,-2.5,0.145,1.33,16.7,0.0,0.115,0.063,12.5,12.6,0.387,0.416,0.235,0.25,105.95,109.7,91.42,109.7,0.063,158,0.8,2.2,Josh Christopher
1630581,Josh,1610612741,CHI,22.0,70,33,37,0.471,2116.641666666667,371,798,0.465,105,278,0.378,175,224,0.781,127,439,566,503,202,84,45,66,122,179,1022,-68,2640.7,30,7,2454.0,1,2024-25,30.2,113.3,113.1,113.1,113.2,114.4,114.4,0.1,-1.4,-1.4,0.322,2.49,31.4,0.059,0.192,0.127,12.6,12.6,0.531,0.57,0.214,0.218,104.97,104.47,87.06,104.47,0.13,4605,5.3,11.4,Josh Giddey
1630182,Josh,1610612766,CHA,24.0,68,17,51,0.25,1887.503333333333,180,421,0.428,97,248,0.391,49,72,0.681,56,116,172,108,70,74,15,26,165,87,506,-364,1071.4,0,0,1061.0,1,2024-25,27.8,104.1,105.3,105.3,113.8,114.2,114.2,-9.7,-8.9,-8.9,0.081,1.54,17.1,0.027,0.06,0.043,11.1,11.1,0.543,0.559,0.115,0.118,100.85,100.08,83.4,100.08,0.043,3929,2.6,6.2,Josh Green
1628404,Josh,1610612752,NYK,30.0,77,48,29,0.623,2896.83,404,770,0.525,84,252,0.333,159,205,0.776,161,576,737,453,158,119,27,59,201,182,1051,203,2894.9,34,9,2617.0,1,2024-25,37.6,115.9,117.9,117.9,113.3,114.3,114.3,2.6,3.6,3.6,0.206,2.87,30.8,0.057,0.203,0.13,10.8,10.7,0.579,0.611,0.151,0.153,99.06,97.79,81.49,97.79,0.119,5898,5.2,10.0,Josh Hart
1631169,Josh,1610612750,MIN,22.0,46,32,14,0.696,276.275,44,90,0.489,14,43,0.326,17,19,0.895,12,35,47,18,11,15,12,6,34,15,119,-16,272.4,0,0,252.0,1,2024-25,6.0,106.7,104.0,104.0,107.1,107.0,107.0,-0.4,-3.0,-3.0,0.096,1.64,14.2,0.044,0.115,0.081,8.7,8.6,0.567,0.605,0.16,0.169,103.34,104.77,87.3,104.77,0.095,604,1.0,2.0,Josh Minott
1629006,Josh,1610612766,CHA,26.0,40,11,29,0.275,624.9783333333334,94,212,0.443,32,92,0.348,63,85,0.741,45,68,113,33,31,48,19,21,47,68,283,-13,638.1,1,0,595.0,2,2024-25,15.6,108.1,108.8,108.8,108.7,109.3,109.3,-0.5,-0.5,-0.5,0.082,1.06,10.5,0.066,0.108,0.086,9.9,9.9,0.519,0.567,0.185,0.191,99.3,98.69,82.24,98.69,0.1,1282,2.4,5.3,Josh Okogie
1626196,Josh,1610612748,MIA,31.0,8,4,4,0.5,149.49,11,38,0.289,6,22,0.273,4,4,1.0,6,6,12,12,8,8,1,3,17,10,32,-31,83.4,0,0,80.0,1,2024-25,18.7,102.7,104.1,104.1,116.3,114.7,114.7,-13.6,-10.6,-10.6,0.117,1.5,20.0,0.038,0.048,0.042,13.3,13.4,0.368,0.402,0.134,0.139,100.81,100.82,84.02,100.82,0.015,315,1.4,4.8,Josh Richardson
201950,Jrue,1610612738,BOS,35.0,62,47,15,0.758,1896.0683333333332,254,573,0.443,108,306,0.353,70,77,0.909,76,189,265,239,77,66,27,23,101,75,686,339,1564.5,1,0,1484.0,1,2024-25,30.6,115.7,116.6,116.6,106.4,107.7,107.7,9.3,8.9,8.9,0.174,3.1,25.9,0.038,0.091,0.065,8.3,8.3,0.538,0.565,0.156,0.158,100.31,99.38,82.81,99.38,0.088,3921,4.1,9.2,Jrue Holiday
1630577,Julian,1610612759,SAS,24.0,82,34,48,0.415,1932.128333333333,276,665,0.415,178,480,0.371,85,94,0.904,67,251,318,111,74,61,35,32,114,54,815,-67,1577.1,0,0,1614.0,1,2024-25,23.6,112.0,112.3,112.3,113.8,114.5,114.5,-1.8,-2.1,-2.1,0.078,1.5,12.6,0.032,0.121,0.077,8.4,8.3,0.549,0.577,0.164,0.17,102.69,102.25,85.21,102.25,0.079,4125,3.4,8.1,Julian Champagnie
1641763,Julian,1610612741,CHI,21.0,79,37,42,0.468,1122.905,128,287,0.446,50,153,0.327,60,76,0.789,67,102,169,39,27,38,20,17,108,60,366,30,774.3,0,0,740.0,1,2024-25,14.2,113.5,112.9,112.9,111.0,111.1,111.1,2.5,1.8,1.8,0.045,1.44,10.1,0.056,0.082,0.07,7.0,7.0,0.533,0.571,0.126,0.13,103.76,104.0,86.67,104.0,0.055,2427,1.6,3.6,Julian Phillips
1631124,Julian,1610612743,DEN,23.0,65,41,24,0.631,1383.47,210,486,0.432,94,269,0.349,74,90,0.822,17,125,142,83,57,39,16,19,151,97,588,-71,990.9,0,0,1017.0,1,2024-25,21.3,111.8,111.9,111.9,113.3,114.4,114.4,-1.5,-2.5,-2.5,0.082,1.46,12.5,0.012,0.083,0.049,8.6,8.6,0.529,0.559,0.173,0.178,103.31,102.79,85.65,102.79,0.057,2964,3.2,7.5,Julian Strawther
203944,Julius,1610612750,MIN,30.0,69,44,25,0.638,2225.526666666666,455,939,0.485,108,314,0.344,270,335,0.806,144,343,487,323,196,47,16,60,175,257,1288,166,2349.9,14,0,2332.0,1,2024-25,32.3,114.3,115.0,115.0,110.4,111.6,111.6,3.9,3.4,3.4,0.228,1.65,20.1,0.065,0.149,0.108,12.2,12.2,0.542,0.593,0.246,0.251,99.27,98.45,82.04,98.45,0.124,4569,6.6,13.6,Julius Randle
1630551,Justin,1610612764,WAS,24.0,62,16,46,0.258,1340.5333333333333,210,411,0.511,74,193,0.383,50,73,0.685,112,239,351,60,54,65,39,23,110,53,544,-288,1313.2,8,0,1237.0,1,2024-25,21.6,107.2,107.1,107.1,115.9,116.8,116.8,-8.7,-9.7,-9.7,0.066,1.11,10.8,0.077,0.159,0.119,9.7,9.7,0.601,0.614,0.15,0.156,103.31,102.96,85.8,102.96,0.101,2871,3.4,6.6,Justin Champagnie
1642348,Justin,1610612755,PHI,21.0,44,11,33,0.25,1154.72,172,378,0.455,69,190,0.363,32,46,0.696,46,102,148,69,49,45,16,25,98,38,445,-280,860.1,1,0,853.0,1,2024-25,26.2,110.4,111.6,111.6,122.7,123.2,123.2,-12.3,-11.6,-11.6,0.084,1.41,13.3,0.038,0.094,0.065,9.5,9.5,0.546,0.559,0.165,0.168,100.16,99.43,82.86,99.43,0.062,2391,3.9,8.6,Justin Edwards
1631303,Justin,1610612757,POR,26.0,19,8,11,0.421,100.67333333333332,8,21,0.381,2,10,0.2,0,2,0.0,5,5,10,7,5,6,1,0,12,3,18,-12,56.5,0,0,51.0,1,2024-25,5.3,99.6,95.0,95.0,106.5,101.9,101.9,-6.9,-6.9,-6.9,0.108,1.4,20.6,0.047,0.055,0.051,14.7,14.8,0.429,0.411,0.107,0.113,98.54,103.22,86.02,103.22,0.02,218,0.4,1.1,Justin Minaya
203994,Jusuf,1610612766,CHA,30.0,51,18,33,0.353,1062.8266666666666,168,352,0.477,32,105,0.305,85,128,0.664,85,313,398,115,97,40,34,16,130,127,453,-184,1228.1,10,0,1146.0,2,2024-25,20.8,105.4,106.1,106.1,115.6,115.1,115.1,-10.2,-9.0,-9.0,0.167,1.19,18.6,0.077,0.285,0.181,15.7,15.6,0.523,0.555,0.202,0.208,99.91,99.79,83.16,99.79,0.116,2216,3.3,6.9,Jusuf Nurkić
1630231,KJ,1610612762,UTA,24.0,43,11,32,0.256,911.4983333333332,111,201,0.552,15,58,0.259,37,47,0.787,30,95,125,48,24,17,22,20,101,36,274,-142,589.0,0,0,540.0,2,2024-25,21.2,108.7,109.3,109.3,116.3,117.4,117.4,-7.6,-8.1,-8.1,0.074,2.0,16.4,0.032,0.103,0.067,8.2,8.2,0.59,0.618,0.112,0.116,101.42,100.63,83.86,100.63,0.061,1917,2.6,4.7,KJ Martin
1642354,KJ,1610612766,CHA,22.0,36,3,33,0.083,842.0833333333334,104,301,0.346,33,130,0.254,41,50,0.82,39,70,109,112,56,34,6,18,56,77,282,-278,644.8,0,0,616.0,1,2024-25,23.4,99.3,101.0,101.0,116.2,116.4,116.4,-16.9,-15.4,-15.4,0.21,2.0,22.8,0.042,0.081,0.06,11.4,11.4,0.4,0.437,0.188,0.192,99.99,99.1,82.58,99.1,0.06,1734,2.9,8.4,KJ Simpson
1630539,Kai,1610612742,DAL,24.0,40,20,20,0.5,468.37,87,109,0.798,1,5,0.2,23,32,0.719,40,85,125,25,18,15,23,3,50,27,198,-21,481.5,1,0,425.0,2,2024-25,11.7,107.8,107.0,107.0,109.9,109.2,109.2,-2.0,-2.3,-2.3,0.08,1.39,15.2,0.089,0.173,0.133,11.0,10.8,0.803,0.804,0.128,0.133,99.1,99.77,83.14,99.77,0.131,974,2.2,2.7,Kai Jones
1626157,Karl-Anthony,1610612752,NYK,29.0,72,46,26,0.639,2516.72,639,1215,0.526,142,338,0.42,339,409,0.829,212,708,920,222,192,71,50,83,249,345,1759,378,3367.0,58,1,3285.0,1,2024-25,35.0,117.5,119.4,119.4,112.2,112.7,112.7,5.3,6.8,6.8,0.13,1.16,12.4,0.087,0.284,0.187,10.7,10.6,0.584,0.63,0.265,0.272,100.26,99.25,82.71,99.25,0.161,5215,8.9,16.9,Karl-Anthony Towns
1631255,Karlo,1610612740,NOP,24.0,42,12,30,0.286,790.585,135,235,0.574,21,66,0.318,34,44,0.773,64,145,209,46,43,22,41,11,106,40,325,-89,790.8,4,0,727.0,1,2024-25,18.8,109.3,109.4,109.4,114.0,114.1,114.1,-4.7,-4.7,-4.7,0.083,1.07,13.5,0.079,0.177,0.129,12.6,12.5,0.619,0.639,0.155,0.16,102.02,101.91,84.92,101.91,0.096,1674,3.2,5.6,Karlo Matković
202695,Kawhi,1610612746,LAC,34.0,37,26,11,0.703,1179.9566666666667,310,623,0.498,78,190,0.411,98,121,0.81,35,184,219,116,72,59,17,11,56,122,796,296,1388.8,5,0,1361.0,1,2024-25,31.9,119.4,120.3,120.3,106.9,107.9,107.9,12.6,12.4,12.4,0.147,1.61,13.5,0.033,0.158,0.098,8.4,8.3,0.56,0.589,0.28,0.285,98.12,97.26,81.05,97.26,0.134,2391,8.4,16.8,Kawhi Leonard
1630811,Keaton,1610612737,ATL,26.0,31,15,16,0.484,501.1666666666667,65,162,0.401,27,82,0.329,11,11,1.0,7,43,50,81,33,28,9,3,39,12,168,-19,427.5,1,1,400.0,1,2024-25,16.2,107.9,106.2,106.2,108.6,108.4,108.4,-0.8,-2.2,-2.2,0.224,2.45,28.8,0.013,0.08,0.047,11.7,11.8,0.485,0.503,0.164,0.17,101.88,102.77,85.64,102.77,0.074,1075,2.1,5.2,Keaton Wallace
1631099,Keegan,1610612758,SAC,24.0,76,36,40,0.474,2610.173333333333,364,820,0.444,154,449,0.343,60,72,0.833,146,361,507,109,60,61,69,28,186,79,942,46,2043.9,11,0,1972.0,1,2024-25,34.3,113.5,114.8,114.8,112.7,113.4,113.4,0.8,1.5,1.5,0.055,1.82,10.7,0.056,0.134,0.095,5.9,5.9,0.538,0.553,0.148,0.151,100.95,100.09,83.4,100.09,0.075,5428,4.8,10.8,Keegan Murray
1631232,Keion,1610612740,NOP,24.0,14,2,12,0.143,331.7816666666667,53,109,0.486,14,43,0.326,22,30,0.733,12,46,58,13,12,10,10,6,30,20,142,-145,279.1,1,0,267.0,1,2024-25,23.7,102.3,100.7,100.7,121.0,121.2,121.2,-18.8,-20.5,-20.5,0.062,1.08,8.8,0.034,0.136,0.084,8.2,8.2,0.55,0.581,0.169,0.175,100.92,101.63,84.69,101.63,0.079,702,3.8,7.8,Keion Brooks Jr.
1642276,Kel'el,1610612748,MIA,21.0,64,28,36,0.438,1422.486666666667,257,464,0.554,35,111,0.315,46,67,0.687,116,357,473,60,57,39,71,17,111,55,595,39,1525.6,15,0,1383.0,1,2024-25,22.2,112.8,112.8,112.8,110.4,110.9,110.9,2.4,1.9,1.9,0.062,1.05,9.8,0.087,0.238,0.167,9.3,9.3,0.592,0.603,0.169,0.172,98.84,98.6,82.17,98.6,0.119,2914,4.0,7.3,Kel'el Ware
1629640,Keldon,1610612759,SAS,25.0,77,31,46,0.403,1837.996666666667,371,770,0.482,87,274,0.318,150,194,0.773,112,259,371,125,77,49,22,37,115,140,979,-217,1747.7,3,0,1704.0,1,2024-25,23.9,110.0,110.1,110.1,115.0,115.9,115.9,-5.0,-5.8,-5.8,0.105,1.62,11.9,0.057,0.136,0.096,7.3,7.3,0.538,0.572,0.207,0.213,102.51,102.06,85.05,102.06,0.103,3912,4.8,10.0,Keldon Johnson
203482,Kelly,1610612740,NOP,34.0,44,12,32,0.273,890.9983333333333,134,268,0.5,33,79,0.418,83,108,0.769,62,144,206,128,76,33,19,13,123,96,384,-58,903.2,2,0,855.0,2,2024-25,20.2,109.8,110.7,110.7,113.5,113.4,113.4,-3.7,-2.7,-2.7,0.2,1.68,24.4,0.069,0.154,0.112,14.5,14.6,0.562,0.609,0.185,0.187,100.61,100.28,83.57,100.28,0.098,1858,3.0,6.1,Kelly Olynyk
1626162,Kelly,1610612755,PHI,29.0,60,21,39,0.35,2078.19,348,741,0.47,71,242,0.293,139,185,0.751,97,271,368,108,80,92,30,66,180,168,906,-258,1795.6,10,0,1697.0,1,2024-25,34.6,109.5,110.7,110.7,115.0,116.4,116.4,-5.6,-5.7,-5.7,0.079,1.35,10.7,0.046,0.14,0.091,8.0,7.9,0.518,0.551,0.186,0.19,99.82,98.68,82.24,98.68,0.084,4266,5.8,12.4,Kelly Oubre Jr.
1629026,Kenrich,1610612760,OKC,30.0,69,58,11,0.841,1131.5383333333334,171,354,0.483,66,171,0.386,28,39,0.718,65,176,241,97,39,43,10,22,110,54,436,329,990.7,2,0,946.0,1,2024-25,16.4,119.3,118.7,118.7,104.6,104.1,104.1,14.7,14.5,14.5,0.111,2.49,19.2,0.056,0.148,0.102,7.7,7.7,0.576,0.587,0.151,0.156,100.79,101.26,84.38,101.26,0.093,2379,2.5,5.1,Kenrich Williams
203484,Kentavious,1610612763,MEM,32.0,77,38,39,0.494,2279.036666666667,239,544,0.439,113,330,0.342,82,95,0.863,33,136,169,136,62,99,34,10,136,105,673,11,1416.8,0,0,1357.0,1,2024-25,29.6,107.6,109.1,109.1,107.0,108.6,108.6,0.6,0.5,0.5,0.086,2.19,17.7,0.014,0.064,0.038,8.1,7.9,0.543,0.574,0.121,0.126,97.97,96.52,80.44,96.52,0.065,4577,3.1,7.1,Kentavious Caldwell-Pope
1631165,Keon,1610612758,SAC,25.0,80,39,41,0.488,1948.1916666666664,227,464,0.489,139,321,0.433,73,86,0.849,60,152,212,120,71,121,63,14,176,94,666,64,1581.4,0,0,1505.0,1,2024-25,24.4,115.5,116.1,116.1,112.4,113.2,113.2,3.1,3.0,3.0,0.08,1.69,17.4,0.031,0.079,0.055,10.3,10.2,0.639,0.664,0.125,0.129,99.67,99.07,82.56,99.07,0.073,3997,2.8,5.8,Keon Ellis
1630553,Keon,1610612751,BKN,23.0,79,25,54,0.316,1925.2016666666664,303,779,0.389,126,401,0.314,107,139,0.77,63,234,297,175,116,82,30,75,209,120,839,-423,1677.9,0,0,1661.0,1,2024-25,24.4,103.0,104.1,104.1,113.3,114.4,114.4,-10.2,-10.3,-10.3,0.148,1.51,15.5,0.031,0.125,0.076,10.3,10.3,0.47,0.499,0.212,0.217,99.76,98.77,82.31,98.77,0.07,3954,3.8,9.9,Keon Johnson
1642352,Keshad,1610612748,MIA,24.0,16,10,6,0.625,98.125,18,26,0.692,3,7,0.429,4,9,0.444,6,22,28,4,4,5,4,3,11,6,43,5,105.6,0,0,96.0,1,2024-25,6.1,111.2,105.5,105.5,106.3,104.1,104.1,4.9,1.3,1.3,0.058,1.0,10.5,0.067,0.188,0.136,10.5,10.5,0.75,0.718,0.145,0.155,102.79,106.64,88.87,106.64,0.114,219,1.1,1.6,Keshad Johnson
1630556,Kessler,1610612742,DAL,24.0,40,17,23,0.425,608.46,67,135,0.496,22,54,0.407,12,13,0.923,22,93,115,42,16,19,20,7,62,15,168,-158,470.0,1,0,425.0,1,2024-25,15.2,111.9,110.0,110.0,122.1,122.3,122.3,-10.2,-12.3,-12.3,0.09,2.63,21.1,0.037,0.154,0.096,8.0,8.1,0.578,0.597,0.11,0.113,101.94,102.71,85.59,102.71,0.067,1303,1.7,3.4,Kessler Edwards
201142,Kevin,1610612756,PHX,36.0,62,33,29,0.532,2264.685,592,1124,0.527,160,372,0.43,303,361,0.839,23,351,374,263,190,50,77,32,104,331,1647,-38,2681.3,5,0,2698.0,1,2024-25,36.5,116.0,116.5,116.5,116.7,117.4,117.4,-0.7,-1.0,-1.0,0.188,1.38,15.2,0.011,0.147,0.084,11.0,10.9,0.598,0.642,0.283,0.289,99.98,99.49,82.91,99.49,0.142,4697,9.5,18.1,Kevin Durant
1628989,Kevin,1610612741,CHI,26.0,69,39,30,0.565,1678.993333333333,257,604,0.425,132,391,0.338,35,49,0.714,30,175,205,156,67,66,23,14,121,43,681,104,1361.0,0,0,1352.0,2,2024-25,24.3,113.6,114.5,114.5,110.9,111.7,111.7,2.7,2.8,2.8,0.124,2.33,18.4,0.017,0.098,0.058,7.9,7.9,0.535,0.544,0.171,0.174,103.05,102.32,85.27,102.32,0.073,3581,3.7,8.8,Kevin Huerter
1628995,Kevin,1610612744,GSW,25.0,14,11,3,0.786,83.65666666666667,18,36,0.5,4,15,0.267,6,8,0.75,7,10,17,5,4,2,4,1,6,6,46,-3,87.9,0,0,84.0,1,2024-25,6.0,115.7,112.7,112.7,118.7,115.6,115.6,-3.0,-2.9,-2.9,0.086,1.25,10.2,0.069,0.149,0.101,8.2,8.2,0.556,0.582,0.202,0.211,100.59,103.28,86.07,103.28,0.104,181,1.3,2.6,Kevin Knox II
201567,Kevin,1610612748,MIA,36.0,23,13,10,0.565,251.45333333333332,41,115,0.357,24,67,0.358,16,23,0.696,22,72,94,22,14,15,4,6,21,22,122,-25,310.8,0,0,300.0,1,2024-25,10.9,108.9,108.7,108.7,112.7,112.3,112.3,-3.9,-3.6,-3.6,0.134,1.57,13.6,0.08,0.282,0.177,8.6,8.7,0.461,0.488,0.23,0.233,103.26,103.56,86.3,103.56,0.109,540,1.8,5.0,Kevin Love
1641755,Kevin,1610612752,NYK,24.0,4,4,0,1.0,29.166666666666668,2,7,0.286,0,1,0.0,2,2,1.0,0,8,8,2,0,1,1,1,6,3,6,-2,24.6,0,0,20.0,1,2024-25,7.3,97.2,93.8,93.8,102.9,96.9,96.9,-5.7,-3.1,-3.1,0.111,0.0,20.0,0.0,0.286,0.151,0.0,0.0,0.286,0.381,0.118,0.124,100.36,105.33,87.77,105.33,0.066,64,0.5,1.8,Kevin McCullar Jr.
1629645,Kevin,1610612749,MIL,25.0,75,43,32,0.573,1482.02,293,652,0.449,55,177,0.311,130,169,0.769,42,236,278,256,136,81,13,48,119,145,771,27,1634.6,2,1,1548.0,2,2024-25,19.8,109.3,109.1,109.1,107.7,108.0,108.0,1.6,1.1,1.1,0.276,1.88,22.9,0.029,0.148,0.092,12.2,12.2,0.492,0.531,0.248,0.256,100.72,100.63,83.86,100.63,0.119,3104,3.9,8.7,Kevin Porter Jr.
1626172,Kevon,1610612744,GSW,29.0,76,45,31,0.592,1142.155,143,278,0.514,2,5,0.4,56,99,0.566,185,277,462,118,39,46,37,17,154,84,344,117,1285.4,2,0,1092.0,1,2024-25,15.0,112.1,112.5,112.5,106.8,106.9,106.9,5.4,5.6,5.6,0.143,3.03,24.7,0.139,0.227,0.181,8.2,8.1,0.518,0.535,0.125,0.13,100.81,100.61,83.84,100.61,0.114,2386,1.9,3.7,Kevon Looney
1641718,Keyonte,1610612762,UTA,21.0,67,13,54,0.194,2108.475,359,919,0.391,174,507,0.343,233,285,0.818,26,227,253,377,183,46,9,71,111,227,1125,-512,1976.1,4,0,2039.0,1,2024-25,31.5,109.2,110.1,110.1,121.2,122.0,122.0,-12.0,-11.9,-11.9,0.272,2.06,23.6,0.012,0.104,0.058,11.5,11.4,0.485,0.539,0.237,0.244,102.03,101.25,84.37,101.25,0.093,4454,5.4,13.7,Keyonte George
203114,Khris,1610612764,WAS,33.0,37,18,19,0.486,843.1816666666666,160,337,0.475,48,133,0.361,72,84,0.857,13,124,137,150,56,35,8,13,75,69,440,39,902.4,0,0,861.0,2,2024-25,22.8,113.9,114.1,114.1,112.7,112.6,112.6,1.2,1.5,1.5,0.251,2.68,26.0,0.015,0.132,0.076,9.7,9.7,0.546,0.588,0.208,0.214,104.85,104.75,87.29,104.75,0.114,1845,4.3,9.1,Khris Middleton
1630165,Killian,1610612751,BKN,23.0,6,1,5,0.167,162.33333333333334,18,43,0.419,8,21,0.381,10,12,0.833,5,13,18,31,9,4,4,1,13,12,54,-24,137.1,0,0,127.0,1,2024-25,27.1,109.3,109.9,109.9,113.7,115.6,115.6,-4.3,-5.7,-5.7,0.274,3.44,34.8,0.028,0.087,0.055,10.1,10.2,0.512,0.559,0.145,0.147,102.88,101.72,84.76,101.72,0.085,342,3.0,7.2,Killian Hayes
202691,Klay,1610612742,DAL,35.0,72,33,39,0.458,1964.5683333333332,361,877,0.412,216,553,0.391,67,74,0.905,44,202,246,145,88,50,30,21,81,51,1005,-79,1669.7,0,0,1772.0,1,2024-25,27.3,112.8,112.8,112.8,114.3,115.2,115.2,-1.5,-2.4,-2.4,0.104,1.65,12.7,0.022,0.097,0.06,7.7,7.7,0.535,0.552,0.214,0.219,100.94,100.53,83.77,100.53,0.083,4123,5.0,12.2,Klay Thompson
1641738,Kobe,1610612746,LAC,25.0,40,25,15,0.625,272.22,33,72,0.458,6,26,0.231,5,7,0.714,19,46,65,24,12,7,4,3,23,11,77,-53,212.0,0,0,194.0,1,2024-25,6.8,106.8,105.9,105.9,116.9,114.7,114.7,-10.1,-8.7,-8.7,0.137,2.0,21.8,0.07,0.176,0.122,10.9,10.8,0.5,0.513,0.134,0.141,96.9,98.21,81.85,98.21,0.083,555,0.8,1.8,Kobe Brown
1641723,Kobe,1610612737,ATL,21.0,10,6,4,0.6,123.63666666666668,18,47,0.383,4,19,0.211,13,18,0.722,5,16,21,17,8,3,2,6,9,12,53,-23,110.7,0,0,105.0,1,2024-25,12.4,95.8,95.3,95.3,106.4,103.3,103.3,-10.6,-8.0,-8.0,0.213,2.13,21.3,0.035,0.123,0.077,10.0,10.0,0.426,0.483,0.203,0.209,105.06,106.96,89.13,106.96,0.086,275,1.8,4.7,Kobe Bufkin
1627739,Kris,1610612746,LAC,31.0,74,45,29,0.608,1782.9183333333333,192,437,0.439,75,224,0.335,15,22,0.682,53,198,251,210,74,128,27,13,197,36,474,262,1481.2,0,0,1320.0,1,2024-25,24.1,112.6,113.8,113.8,105.1,106.0,106.0,7.4,7.8,7.8,0.153,2.84,28.7,0.031,0.111,0.072,10.1,10.1,0.525,0.531,0.126,0.128,100.17,99.24,82.7,99.24,0.07,3675,2.6,5.9,Kris Dunn
1631200,Kris,1610612757,POR,24.0,69,31,38,0.449,1040.3866666666668,117,279,0.419,27,120,0.225,26,57,0.456,76,106,182,68,43,35,17,20,66,42,287,-50,720.4,1,0,668.0,1,2024-25,15.1,104.9,106.0,106.0,107.2,107.8,107.8,-2.4,-1.8,-1.8,0.09,1.58,16.3,0.066,0.096,0.081,10.3,10.4,0.468,0.472,0.133,0.136,103.49,102.7,85.58,102.7,0.061,2221,1.7,4.0,Kris Murray
204001,Kristaps,1610612738,BOS,29.0,42,30,12,0.714,1209.9633333333334,277,574,0.483,103,250,0.412,161,199,0.809,68,216,284,87,53,31,63,23,116,214,818,173,1518.3,6,0,1480.0,1,2024-25,28.8,115.3,116.2,116.2,109.2,110.3,110.3,6.1,5.8,5.8,0.113,1.64,10.8,0.054,0.163,0.11,6.6,6.6,0.572,0.618,0.253,0.257,100.7,99.83,83.19,99.83,0.132,2528,6.6,13.7,Kristaps Porziņģis
203937,Kyle,1610612748,MIA,31.0,61,30,31,0.492,1002.0933333333334,142,303,0.469,25,70,0.357,48,65,0.738,53,153,206,145,37,40,33,17,81,60,357,-22,1003.7,2,0,879.0,2,2024-25,16.4,106.0,106.1,106.1,107.1,107.6,107.6,-1.1,-1.5,-1.5,0.211,3.92,28.3,0.049,0.148,0.097,7.2,7.2,0.51,0.538,0.152,0.157,100.35,100.06,83.39,100.06,0.108,2093,2.3,5.0,Kyle Anderson
1642271,Kyle,1610612762,UTA,21.0,72,13,59,0.181,1521.54,260,518,0.502,77,220,0.35,93,143,0.65,112,328,440,140,102,48,22,40,171,125,690,-366,1536.0,13,0,1487.0,1,2024-25,21.1,106.7,107.7,107.7,119.0,118.9,118.9,-12.3,-11.3,-11.3,0.14,1.37,17.0,0.07,0.213,0.14,12.4,12.4,0.576,0.594,0.184,0.189,102.89,102.46,85.39,102.46,0.103,3248,3.6,7.2,Kyle Filipowski
1628398,Kyle,1610612749,MIL,29.0,65,25,40,0.385,1936.415,370,848,0.436,96,313,0.307,128,202,0.634,54,316,370,152,146,36,19,39,119,159,964,-419,1655.0,6,0,1692.0,2,2024-25,29.8,105.5,105.8,105.8,115.5,116.1,116.1,-10.1,-10.3,-10.3,0.123,1.04,12.3,0.027,0.155,0.091,11.8,11.8,0.493,0.514,0.233,0.239,103.35,102.96,85.8,102.96,0.08,4158,5.7,13.0,Kyle Kuzma
200768,Kyle,1610612755,PHI,39.0,35,14,21,0.4,659.4483333333334,41,117,0.35,29,88,0.33,27,33,0.818,11,56,67,96,21,33,11,7,62,37,138,-71,473.4,0,0,418.0,1,2024-25,18.8,104.2,103.8,103.8,108.9,109.6,109.6,-4.8,-5.8,-5.8,0.206,4.57,38.4,0.016,0.086,0.05,8.4,8.5,0.474,0.525,0.1,0.102,99.44,99.28,82.74,99.28,0.067,1368,1.2,3.3,Kyle Lowry
1630283,Kylor,1610612747,LAL,27.0,11,3,8,0.273,125.95666666666666,14,22,0.636,0,0,0.0,6,10,0.6,12,27,39,5,4,1,3,0,15,6,34,-75,96.3,1,0,86.0,2,2024-25,11.5,101.8,101.4,101.4,131.5,130.5,130.5,-29.7,-29.1,-29.1,0.056,1.25,13.9,0.079,0.194,0.134,11.1,11.3,0.636,0.644,0.097,0.097,103.86,104.42,87.01,104.42,0.072,276,1.3,2.0,Kylor Kelley
202681,Kyrie,1610612742,DAL,33.0,50,28,22,0.56,1803.7966666666664,447,945,0.473,144,359,0.401,196,214,0.916,60,180,240,231,111,66,23,40,101,164,1234,124,2024.5,0,0,2027.0,1,2024-25,36.1,115.4,116.5,116.5,112.6,113.9,113.9,2.7,2.6,2.6,0.198,2.08,16.9,0.033,0.093,0.064,8.1,8.0,0.549,0.594,0.264,0.271,101.02,99.98,83.31,99.98,0.129,3768,8.9,18.9,Kyrie Irving
1642273,Kyshawn,1610612764,WAS,21.0,68,15,53,0.221,1802.1833333333332,203,546,0.372,114,354,0.322,70,93,0.753,49,236,285,169,97,68,50,36,201,93,590,-361,1442.5,1,0,1394.0,1,2024-25,26.5,104.9,105.4,105.4,115.2,115.5,115.5,-10.3,-10.1,-10.1,0.133,1.74,19.8,0.025,0.122,0.074,11.4,11.4,0.476,0.503,0.156,0.16,103.1,102.7,85.59,102.7,0.058,3869,3.0,8.0,Kyshawn George
1630163,LaMelo,1610612766,CHA,23.0,47,16,31,0.34,1504.475,406,1003,0.405,179,528,0.339,193,229,0.843,47,185,232,346,167,54,13,43,157,221,1184,-130,2015.4,13,0,2075.0,1,2024-25,32.0,110.4,112.7,112.7,116.3,116.5,116.5,-6.0,-3.9,-3.9,0.39,2.07,21.5,0.028,0.121,0.072,10.4,10.3,0.494,0.536,0.342,0.349,102.49,101.33,84.44,101.33,0.127,3173,8.6,21.3,LaMelo Ball
1630205,Lamar,1610612763,MEM,27.0,17,7,10,0.412,155.535,29,63,0.46,8,27,0.296,8,11,0.727,4,34,38,8,10,5,3,8,15,8,74,67,145.6,0,0,144.0,1,2024-25,9.1,130.0,128.2,128.2,102.2,101.8,101.8,27.8,26.4,26.4,0.063,0.8,9.3,0.027,0.184,0.114,11.6,11.6,0.524,0.545,0.21,0.217,101.55,102.46,85.38,102.46,0.09,323,1.7,3.7,Lamar Stevens
1629013,Landry,1610612752,NYK,28.0,50,30,20,0.6,761.6,106,230,0.461,62,156,0.397,12,18,0.667,11,50,61,27,22,23,2,12,52,36,286,88,452.7,0,0,486.0,1,2024-25,15.2,111.9,111.6,111.6,107.3,106.5,106.5,4.7,5.1,5.1,0.049,1.23,9.4,0.014,0.064,0.039,7.7,7.7,0.596,0.601,0.143,0.15,99.09,99.55,82.96,99.55,0.062,1583,2.1,4.6,Landry Shamet
1626204,Larry,1610612737,ATL,32.0,24,10,14,0.417,463.2266666666667,80,155,0.516,34,76,0.447,9,13,0.692,23,80,103,38,16,20,13,6,37,25,203,-95,466.6,3,0,444.0,1,2024-25,19.3,107.7,107.5,107.5,116.1,116.5,116.5,-8.4,-9.0,-9.0,0.125,2.38,17.7,0.046,0.174,0.108,7.4,7.5,0.626,0.632,0.155,0.16,104.86,104.76,87.3,104.76,0.106,1009,3.3,6.5,Larry Nance Jr.
1628374,Lauri,1610612762,UTA,28.0,47,9,38,0.191,1475.8433333333332,296,700,0.423,138,399,0.346,162,185,0.876,72,206,278,70,66,33,17,39,79,159,892,-186,1414.6,5,0,1478.0,1,2024-25,31.4,110.3,111.4,111.4,117.6,117.5,117.5,-7.4,-6.1,-6.1,0.074,1.06,7.7,0.046,0.134,0.09,7.2,7.2,0.521,0.571,0.231,0.237,102.14,101.64,84.7,101.64,0.103,3127,6.3,14.9,Lauri Markkanen
2544,LeBron,1610612747,LAL,40.0,70,44,26,0.629,2444.4466666666667,651,1270,0.513,149,396,0.376,259,331,0.782,72,474,546,575,260,70,39,51,99,265,1710,-54,3294.7,32,10,3198.0,1,2024-25,34.9,113.3,112.7,112.7,113.0,114.0,114.0,0.3,-1.3,-1.3,0.395,2.21,25.6,0.031,0.187,0.112,11.6,11.6,0.571,0.604,0.291,0.301,100.82,100.62,83.85,100.62,0.169,5129,9.3,18.1,LeBron James
1631159,Leonard,1610612750,MIN,21.0,13,11,2,0.846,31.595,6,15,0.4,0,5,0.0,8,8,1.0,3,8,11,0,2,2,1,1,2,4,20,-12,40.2,0,0,37.0,1,2024-25,2.4,86.5,79.2,79.2,108.2,98.6,98.6,-21.7,-19.4,-19.4,0.0,0.0,0.0,0.073,0.229,0.145,9.5,9.7,0.4,0.54,0.239,0.26,98.51,107.87,89.89,107.87,0.202,72,0.5,1.2,Leonard Miller
1631311,Lester,1610612740,NOP,24.0,13,3,10,0.231,183.36666666666667,31,78,0.397,13,44,0.295,11,13,0.846,4,15,19,24,14,3,2,3,18,18,86,-26,145.8,0,0,152.0,2,2024-25,14.1,103.7,104.5,104.5,110.4,110.4,110.4,-6.7,-5.9,-5.9,0.198,1.71,19.8,0.02,0.076,0.048,11.6,11.5,0.481,0.514,0.213,0.218,105.86,105.49,87.91,105.49,0.065,402,2.4,6.0,Lester Quiñones
1641857,Liam,1610612749,MIL,25.0,13,8,5,0.615,56.96666666666667,2,8,0.25,0,2,0.0,5,10,0.5,7,5,12,2,6,2,2,3,9,10,9,-5,32.4,0,0,31.0,1,2024-25,4.4,84.0,80.3,80.3,87.7,85.6,85.6,-3.7,-5.3,-5.3,0.056,0.33,9.5,0.111,0.085,0.098,28.6,29.4,0.25,0.363,0.128,0.134,102.54,106.17,88.47,106.17,-0.025,127,0.2,0.6,Liam Robbins
1630322,Lindy,1610612765,DET,27.0,52,27,25,0.519,778.41,92,249,0.369,64,186,0.344,8,11,0.727,20,90,110,52,20,27,11,10,62,17,256,13,560.0,0,0,558.0,2,2024-25,15.0,110.2,111.6,111.6,110.0,110.2,110.2,0.2,1.4,1.4,0.092,2.6,16.0,0.023,0.116,0.067,6.2,6.1,0.498,0.504,0.145,0.149,100.13,99.37,82.81,99.37,0.061,1607,1.8,4.8,Lindy Waters III
1629022,Lonnie,1610612755,PHI,26.0,20,3,17,0.15,476.7033333333333,89,212,0.42,45,127,0.354,24,30,0.8,6,57,63,50,25,10,5,8,27,20,247,-142,417.6,1,0,435.0,1,2024-25,23.8,103.6,104.7,104.7,117.5,118.7,118.7,-14.0,-14.1,-14.1,0.167,2.0,16.7,0.012,0.117,0.063,8.4,8.3,0.526,0.548,0.214,0.219,102.66,101.6,84.66,101.6,0.091,1009,4.5,10.6,Lonnie Walker IV
1628366,Lonzo,1610612741,CHI,27.0,35,16,19,0.457,777.03,89,243,0.366,67,195,0.344,22,27,0.815,25,93,118,115,41,47,17,4,55,18,267,100,732.1,0,0,695.0,1,2024-25,22.2,114.2,113.5,113.5,107.1,108.0,108.0,7.1,5.5,5.5,0.187,2.8,28.0,0.029,0.106,0.068,10.0,10.0,0.504,0.524,0.152,0.158,105.68,105.6,88.0,105.6,0.078,1712,2.5,6.9,Lonzo Ball
1629652,Luguentz,1610612760,OKC,26.0,71,57,14,0.803,2073.3,258,593,0.435,170,413,0.412,33,46,0.717,89,204,293,115,51,79,39,23,208,108,719,547,1546.1,0,0,1533.0,1,2024-25,29.2,118.9,120.4,120.4,106.0,107.3,107.3,12.9,13.1,13.1,0.067,2.25,14.8,0.041,0.093,0.067,6.6,6.5,0.578,0.586,0.133,0.136,103.01,101.75,84.79,101.75,0.063,4383,3.6,8.4,Luguentz Dort
1629029,Luka,1610612747,LAL,26.0,50,31,19,0.62,1768.55,461,1025,0.45,177,481,0.368,309,395,0.782,40,369,409,383,179,89,21,30,126,293,1408,344,2624.3,21,5,2597.0,2,2024-25,35.4,118.7,119.6,119.6,109.6,110.5,110.5,9.2,9.1,9.1,0.342,2.14,21.8,0.023,0.198,0.112,10.2,10.2,0.536,0.587,0.328,0.335,101.03,100.22,83.51,100.22,0.17,3696,9.2,20.5,Luka Dončić
1630568,Luka,1610612750,MIN,26.0,39,28,11,0.718,219.31,52,105,0.495,10,36,0.278,24,35,0.686,31,23,54,11,12,6,3,8,29,28,138,1,234.3,0,0,231.0,1,2024-25,5.6,111.0,107.9,107.9,108.9,107.5,107.5,2.1,0.4,0.4,0.082,0.92,7.6,0.138,0.103,0.121,8.3,8.4,0.543,0.573,0.241,0.253,103.05,105.17,87.64,105.17,0.101,480,1.3,2.7,Luka Garza
1628379,Luke,1610612763,MEM,29.0,65,37,28,0.569,1471.6916666666666,206,431,0.478,113,261,0.433,51,57,0.895,37,146,183,215,72,50,5,11,59,45,576,122,1211.1,0,0,1197.0,1,2024-25,22.6,116.3,117.6,117.6,114.1,114.5,114.5,2.2,3.1,3.1,0.179,2.99,29.3,0.024,0.094,0.059,9.8,9.7,0.609,0.631,0.14,0.145,105.74,104.99,87.49,104.99,0.093,3228,3.2,6.6,Luke Kennard
1628436,Luke,1610612738,BOS,29.0,73,53,20,0.726,1361.06,187,280,0.668,0,3,0.0,67,97,0.691,190,198,388,117,31,36,71,21,119,104,441,401,1372.1,3,0,1160.0,1,2024-25,18.6,120.7,121.2,121.2,106.2,106.3,106.3,14.5,14.9,14.9,0.115,3.77,24.8,0.134,0.139,0.136,6.6,6.6,0.668,0.683,0.111,0.113,96.14,95.87,79.89,95.87,0.114,2717,2.6,3.8,Luke Kornet
1631247,Luke,1610612739,CLE,23.0,12,10,2,0.833,87.86,5,20,0.25,0,9,0.0,2,2,1.0,8,12,20,8,8,1,1,4,6,1,12,-1,46.0,0,0,44.0,1,2024-25,7.3,111.1,109.1,109.1,110.2,109.7,109.7,0.8,-0.5,-0.5,0.113,1.0,21.6,0.084,0.108,0.097,21.6,21.7,0.25,0.287,0.132,0.138,100.47,101.62,84.68,101.62,0.022,186,0.4,1.7,Luke Travers
1630644,Mac,1610612753,ORL,26.0,2,1,1,0.5,10.233333333333333,0,2,0.0,0,1,0.0,0,0,0.0,0,1,1,3,0,0,0,0,2,1,0,-2,5.7,0,0,4.0,1,2024-25,5.1,119.0,119.0,119.0,134.5,128.6,128.6,-15.4,-9.5,-9.5,0.333,0.0,60.0,0.0,0.1,0.05,0.0,0.0,0.0,0.0,0.087,0.091,96.34,98.5,82.08,98.5,0.0,21,0.0,1.0,Mac McClung
1630201,Malachi,1610612759,SAS,27.0,4,2,2,0.5,43.68,5,13,0.385,1,4,0.25,5,6,0.833,3,4,7,7,4,3,0,0,4,5,16,1,39.9,0,0,37.0,1,2024-25,10.9,113.2,112.8,112.8,106.2,109.1,109.1,7.0,3.7,3.7,0.233,1.75,26.9,0.077,0.08,0.079,15.4,15.0,0.423,0.512,0.196,0.205,96.73,95.6,79.67,95.6,0.084,86,1.3,3.3,Malachi Flynn
1631103,Malaki,1610612759,SAS,22.0,47,18,29,0.383,426.555,87,190,0.458,34,84,0.405,27,33,0.818,7,44,51,38,34,11,2,13,29,23,235,-33,358.2,0,0,384.0,1,2024-25,9.1,107.0,106.1,106.1,110.1,109.8,109.8,-3.1,-3.7,-3.7,0.139,1.12,13.7,0.016,0.093,0.057,12.3,12.3,0.547,0.575,0.233,0.239,102.69,103.25,86.04,103.25,0.087,918,1.9,4.0,Malaki Branham
1627763,Malcolm,1610612764,WAS,32.0,24,6,18,0.25,564.0766666666667,104,240,0.433,16,56,0.286,81,92,0.88,21,70,91,98,38,13,5,19,30,68,305,-121,577.2,2,0,546.0,1,2024-25,23.5,107.8,106.5,106.5,116.8,116.9,116.9,-8.9,-10.4,-10.4,0.267,2.58,23.5,0.036,0.119,0.077,9.1,9.1,0.467,0.544,0.231,0.24,102.6,103.18,85.98,103.18,0.113,1215,4.3,10.0,Malcolm Brogdon
1642502,Malevy,1610612760,OKC,25.0,6,6,0,1.0,20.966666666666665,0,2,0.0,0,1,0.0,2,4,0.5,1,2,3,1,1,0,0,1,4,2,2,-18,6.1,0,0,6.0,1,2024-25,3.5,66.8,61.4,61.4,104.3,104.7,104.7,-37.4,-43.3,-43.3,0.111,1.0,16.7,0.04,0.095,0.065,16.7,17.4,0.0,0.266,0.102,0.107,95.65,99.59,82.99,99.59,-0.069,44,0.0,0.3,Malevy Leons
1627736,Malik,1610612765,DET,28.0,82,44,38,0.537,2282.9466666666667,461,1071,0.43,319,766,0.416,95,140,0.679,47,167,214,139,83,73,5,29,125,108,1336,175,1952.3,1,0,2164.0,1,2024-25,27.8,112.1,113.3,113.3,109.5,110.2,110.2,2.6,3.1,3.1,0.089,1.67,10.3,0.02,0.069,0.045,6.2,6.1,0.579,0.59,0.215,0.222,103.64,102.76,85.63,102.76,0.091,4898,5.6,13.1,Malik Beasley
1628370,Malik,1610612758,SAC,27.0,65,36,29,0.554,2054.11,412,939,0.439,139,428,0.325,154,178,0.865,30,215,245,362,159,61,38,54,158,149,1117,116,2092.0,4,0,2061.0,1,2024-25,31.6,115.5,117.0,117.0,114.1,114.5,114.5,1.4,2.5,2.5,0.246,2.28,23.6,0.014,0.104,0.059,10.4,10.3,0.513,0.549,0.236,0.24,102.2,101.33,84.45,101.33,0.099,4339,6.3,14.4,Malik Monk
1630699,MarJon,1610612752,NYK,24.0,35,19,16,0.543,156.28166666666667,27,65,0.415,10,29,0.345,15,20,0.75,11,33,44,11,15,4,1,5,14,12,79,9,148.3,0,0,154.0,3,2024-25,4.5,96.5,94.8,94.8,96.4,92.0,92.0,0.1,2.9,2.9,0.124,0.73,10.9,0.064,0.198,0.129,14.9,15.0,0.492,0.535,0.222,0.231,103.3,106.73,88.94,106.73,0.123,347,0.8,1.9,MarJon Beauchamp
1630542,Marcus,1610612755,PHI,23.0,10,1,9,0.1,253.155,27,69,0.391,5,32,0.156,8,10,0.8,23,47,70,10,7,9,12,5,16,10,67,-84,222.0,2,0,194.0,1,2024-25,25.3,101.2,101.1,101.1,115.5,117.0,117.0,-14.2,-15.9,-15.9,0.056,1.43,11.0,0.078,0.175,0.124,7.7,7.7,0.428,0.456,0.128,0.132,103.21,102.58,85.48,102.58,0.077,542,2.7,6.9,Marcus Bagley
1630585,Marcus,1610612766,CHA,26.0,4,1,3,0.25,79.38333333333334,11,27,0.407,3,8,0.375,3,4,0.75,1,5,6,13,6,3,2,3,10,3,28,-39,63.7,0,0,60.0,1,2024-25,19.8,93.5,95.6,95.6,119.4,119.3,119.3,-25.9,-23.6,-23.6,0.255,2.17,27.1,0.013,0.057,0.036,12.5,12.6,0.463,0.487,0.193,0.198,98.11,97.05,80.87,97.05,0.057,160,2.8,6.8,Marcus Garrett
1631204,Marcus,1610612765,DET,24.0,57,30,27,0.526,810.7866666666666,137,296,0.463,58,152,0.382,43,51,0.843,18,51,69,133,54,37,4,16,72,49,375,41,726.3,1,0,717.0,1,2024-25,14.2,110.6,110.4,110.4,107.5,107.5,107.5,3.0,2.9,2.9,0.239,2.46,26.4,0.021,0.06,0.04,10.7,10.7,0.561,0.589,0.187,0.195,101.9,102.0,85.0,102.0,0.095,1719,2.4,5.2,Marcus Sasser
203935,Marcus,1610612764,WAS,31.0,34,17,17,0.5,680.34,101,257,0.393,49,141,0.348,54,71,0.761,18,54,72,109,54,39,9,9,53,68,305,42,644.9,0,0,631.0,2,2024-25,20.0,110.7,109.9,109.9,105.9,107.3,107.3,4.8,2.6,2.6,0.221,2.02,24.1,0.024,0.069,0.047,11.9,12.0,0.488,0.529,0.198,0.204,107.48,107.13,89.28,107.13,0.086,1520,3.0,7.6,Marcus Smart
1631109,Mark,1610612766,CHA,23.0,44,9,35,0.205,1171.045,270,447,0.604,0,4,0.0,131,163,0.804,132,315,447,109,71,32,54,25,105,128,671,-301,1557.9,21,0,1399.0,1,2024-25,26.6,105.1,106.3,106.3,118.3,118.9,118.9,-13.2,-12.7,-12.7,0.154,1.54,15.7,0.103,0.255,0.178,10.2,10.2,0.604,0.647,0.21,0.214,101.61,100.77,83.98,100.77,0.156,2463,6.1,10.2,Mark Williams
1628365,Markelle,1610612758,SAC,27.0,21,9,12,0.429,184.0583333333333,28,67,0.418,4,8,0.5,1,1,1.0,6,14,20,27,15,10,2,2,12,3,61,5,146.5,0,0,136.0,1,2024-25,8.8,110.9,109.3,109.3,108.8,105.7,105.7,2.1,3.6,3.6,0.208,1.8,24.8,0.036,0.077,0.058,13.8,13.7,0.448,0.452,0.196,0.203,97.23,99.36,82.8,99.36,0.065,377,1.3,3.2,Markelle Fultz
202693,Markieff,1610612747,LAL,35.0,15,7,8,0.467,164.43333333333334,21,70,0.3,9,36,0.25,5,6,0.833,3,20,23,21,5,2,3,2,16,5,56,-28,125.1,0,0,119.0,2,2024-25,11.0,106.6,106.1,106.1,116.0,113.9,113.9,-9.4,-7.8,-7.8,0.191,4.2,21.2,0.017,0.114,0.066,5.1,5.1,0.364,0.385,0.202,0.207,99.71,100.86,84.05,100.86,0.045,345,1.4,4.7,Markieff Morris
1628963,Marvin,1610612763,MEM,26.0,31,7,24,0.226,265.2266666666667,55,106,0.519,3,19,0.158,23,35,0.657,38,46,84,11,12,9,8,4,18,26,136,-10,292.3,1,0,268.0,2,2024-25,8.6,107.9,108.2,108.2,110.1,108.8,108.8,-2.2,-0.6,-0.6,0.063,0.92,7.6,0.128,0.159,0.143,8.3,8.3,0.533,0.56,0.2,0.205,103.42,103.88,86.57,103.88,0.123,571,1.8,3.4,Marvin Bagley III
1630222,Mason,1610612758,SAC,26.0,10,4,6,0.4,45.391666666666666,9,18,0.5,1,8,0.125,4,5,0.8,2,7,9,11,1,0,1,0,3,3,23,1,52.3,0,0,46.0,1,2024-25,4.5,110.3,107.4,107.4,108.8,105.3,105.3,1.5,2.2,2.2,0.379,11.0,34.4,0.045,0.149,0.099,3.1,3.1,0.528,0.569,0.193,0.203,97.01,99.93,83.28,99.93,0.159,94,0.9,1.8,Mason Jones
203486,Mason,1610612756,PHX,35.0,74,33,41,0.446,1300.045,125,202,0.619,0,4,0.0,83,128,0.648,116,339,455,134,59,33,47,26,154,110,333,54,1261.0,2,0,1082.0,1,2024-25,17.6,116.8,115.2,115.2,114.7,115.0,115.0,2.0,0.2,0.2,0.133,2.27,29.5,0.094,0.253,0.176,13.0,13.1,0.619,0.645,0.105,0.107,99.49,100.08,83.4,100.08,0.098,2732,1.7,2.7,Mason Plumlee
1641824,Matas,1610612741,CHI,20.0,80,39,41,0.488,1511.295,252,555,0.454,96,266,0.361,88,108,0.815,55,223,278,79,74,29,75,29,128,80,688,-35,1378.1,1,0,1349.0,1,2024-25,18.9,110.7,110.4,110.4,111.6,112.1,112.1,-0.9,-1.7,-1.7,0.072,1.07,10.4,0.035,0.133,0.085,9.8,9.8,0.541,0.571,0.181,0.185,105.48,105.38,87.82,105.38,0.079,3328,3.2,6.9,Matas Buzelis
1629680,Matisse,1610612757,POR,28.0,15,8,7,0.533,312.2816666666667,42,88,0.477,21,48,0.438,7,15,0.467,14,38,52,28,13,33,9,3,14,13,112,1,329.4,0,0,297.0,1,2024-25,20.8,103.3,105.3,105.3,105.0,105.1,105.1,-1.7,0.2,0.2,0.126,2.15,20.7,0.038,0.122,0.076,9.6,9.6,0.597,0.592,0.135,0.138,103.37,102.37,85.31,102.37,0.114,666,2.8,5.9,Matisse Thybulle
1630346,Matt,1610612740,NOP,28.0,19,14,5,0.737,67.82166666666667,10,31,0.323,6,19,0.316,2,2,1.0,0,8,8,3,3,2,0,2,1,2,28,-40,45.1,0,0,49.0,1,2024-25,3.6,87.1,80.5,80.5,111.3,108.8,108.8,-24.2,-28.3,-28.3,0.083,1.0,7.9,0.0,0.113,0.056,7.9,7.9,0.419,0.439,0.208,0.227,99.61,104.75,87.29,104.75,0.062,149,0.5,1.6,Matt Ryan
1631108,Max,1610612742,DAL,22.0,78,40,38,0.513,2127.141666666667,252,590,0.427,115,314,0.366,130,152,0.855,38,220,258,146,88,64,31,39,115,113,749,-83,1474.6,0,0,1458.0,2,2024-25,27.3,112.9,112.6,112.6,113.6,114.3,114.3,-0.7,-1.7,-1.7,0.093,1.66,16.4,0.019,0.102,0.061,9.9,9.9,0.525,0.57,0.15,0.154,100.39,100.27,83.56,100.27,0.069,4440,3.2,7.6,Max Christie
1629622,Max,1610612739,CLE,29.0,50,39,11,0.78,1272.725,165,373,0.442,113,293,0.386,28,34,0.824,53,164,217,158,54,26,12,11,104,57,471,221,1028.4,0,0,1035.0,1,2024-25,25.5,119.4,120.1,120.1,110.2,112.2,112.2,9.2,7.9,7.9,0.157,2.93,26.4,0.041,0.118,0.081,9.0,9.0,0.594,0.607,0.143,0.147,102.57,101.34,84.45,101.34,0.083,2691,3.3,7.5,Max Strus
1628467,Maxi,1610612747,LAL,33.0,34,18,16,0.529,636.875,37,96,0.385,13,49,0.265,16,21,0.762,25,70,95,43,23,9,17,7,66,29,103,-17,336.5,0,0,306.0,1,2024-25,18.7,112.8,111.9,111.9,112.8,112.3,112.3,0.0,-0.4,-0.4,0.087,1.87,25.0,0.04,0.105,0.073,13.4,13.4,0.453,0.489,0.085,0.088,101.11,101.75,84.79,101.75,0.035,1345,1.1,2.8,Maxi Kleber
1641721,Maxwell,1610612751,BKN,22.0,28,9,19,0.321,327.68833333333333,45,108,0.417,19,50,0.38,7,10,0.7,18,37,55,19,14,9,7,10,29,8,116,-68,244.5,0,0,241.0,2,2024-25,11.7,101.9,101.2,101.2,111.6,110.7,110.7,-9.7,-9.6,-9.6,0.091,1.36,13.0,0.051,0.118,0.082,9.6,9.6,0.505,0.516,0.164,0.169,98.67,99.39,82.82,99.39,0.066,677,1.6,3.9,Maxwell Lewis
1630695,Micah,1610612762,UTA,27.0,38,10,28,0.263,705.165,57,135,0.422,31,98,0.316,17,20,0.85,43,121,164,31,31,14,14,5,50,26,162,-104,458.3,0,0,444.0,1,2024-25,18.6,107.9,108.6,108.6,115.4,116.2,116.2,-7.5,-7.6,-7.6,0.058,1.0,15.0,0.058,0.153,0.107,15.0,15.1,0.537,0.563,0.102,0.105,101.98,101.29,84.41,101.29,0.063,1492,1.5,3.6,Micah Potter
1629008,Michael,1610612743,DEN,27.0,77,47,30,0.61,2593.2633333333333,528,1048,0.504,193,489,0.395,149,194,0.768,138,402,540,165,104,50,38,48,157,138,1398,265,2453.5,15,0,2472.0,1,2024-25,33.7,119.2,119.8,119.8,114.6,115.4,115.4,4.6,4.4,4.4,0.084,1.59,11.8,0.055,0.146,0.103,7.4,7.4,0.596,0.617,0.197,0.201,102.14,101.52,84.6,101.52,0.101,5494,6.9,13.6,Michael Porter Jr.
1628969,Mikal,1610612752,NYK,28.0,82,51,31,0.622,3036.076666666667,592,1183,0.5,164,463,0.354,96,118,0.814,71,188,259,306,132,75,43,24,127,130,1444,334,2435.8,1,0,2409.0,1,2024-25,37.0,116.4,118.4,118.4,112.1,112.9,112.9,4.3,5.6,5.6,0.141,2.32,18.3,0.024,0.063,0.043,7.9,7.9,0.57,0.585,0.192,0.196,99.31,98.1,81.75,98.1,0.09,6200,7.2,14.4,Mikal Bridges
201144,Mike,1610612750,MIN,37.0,71,44,27,0.62,1755.85,187,468,0.4,127,310,0.41,81,90,0.9,32,150,182,319,75,79,14,18,111,100,582,265,1482.9,1,0,1396.0,1,2024-25,24.7,114.5,115.5,115.5,108.0,109.0,109.0,6.5,6.5,6.5,0.243,4.25,35.6,0.018,0.085,0.052,8.4,8.3,0.535,0.573,0.141,0.145,98.78,97.92,81.6,97.92,0.092,3596,2.6,6.6,Mike Conley
1628970,Miles,1610612766,CHA,27.0,64,16,48,0.25,2028.735,469,1089,0.431,141,450,0.313,221,254,0.87,72,409,481,248,136,44,45,72,93,181,1300,-259,2380.2,14,1,2348.0,1,2024-25,31.7,106.3,108.2,108.2,112.7,113.6,113.6,-6.4,-5.5,-5.5,0.203,1.82,15.7,0.033,0.189,0.11,8.6,8.6,0.495,0.541,0.273,0.279,101.86,100.58,83.82,100.58,0.135,4239,7.3,17.0,Miles Bridges
1630540,Miles,1610612752,NYK,24.0,64,39,25,0.609,1593.455,222,547,0.406,115,312,0.369,52,64,0.813,47,114,161,187,41,67,17,33,108,69,611,211,1295.7,0,0,1242.0,1,2024-25,24.9,115.6,116.8,116.8,108.9,109.7,109.7,6.7,7.1,7.1,0.155,4.56,23.3,0.028,0.069,0.049,5.1,5.1,0.511,0.531,0.162,0.167,100.13,99.2,82.66,99.2,0.077,3283,3.5,8.5,Miles McBride
1641936,Miles,1610612738,BOS,25.0,3,2,1,0.667,34.916666666666664,2,9,0.222,2,7,0.286,1,2,0.5,2,7,9,0,0,2,1,1,0,1,7,-14,26.8,0,0,24.0,1,2024-25,11.6,85.1,87.7,87.7,105.5,110.9,110.9,-20.4,-23.2,-23.2,0.0,0.0,0.0,0.048,0.171,0.108,0.0,0.0,0.333,0.354,0.127,0.128,92.27,88.67,73.89,88.67,0.088,65,0.7,3.0,Miles Norris
1629011,Mitchell,1610612752,NYK,27.0,17,10,7,0.588,290.12333333333333,37,56,0.661,0,0,0.0,13,19,0.684,52,49,101,13,10,16,18,1,26,17,87,23,319.7,2,0,269.0,1,2024-25,17.1,114.1,113.8,113.8,108.9,108.2,108.2,5.2,5.7,5.7,0.062,1.3,14.8,0.174,0.176,0.175,11.4,11.4,0.661,0.676,0.109,0.112,95.91,96.37,80.31,96.37,0.122,578,2.2,3.3,Mitchell Robinson
1628964,Mo,1610612740,NOP,27.0,32,19,13,0.594,413.485,52,112,0.464,15,54,0.278,19,27,0.704,32,113,145,18,20,9,31,6,56,19,138,-75,439.0,0,0,396.0,2,2024-25,12.9,104.5,103.5,103.5,112.4,112.5,112.5,-7.9,-9.0,-9.0,0.068,0.9,11.1,0.079,0.268,0.175,12.3,12.4,0.531,0.557,0.15,0.155,97.73,98.15,81.79,98.15,0.1,846,1.6,3.5,Mo Bamba
1628420,Monte,1610612756,PHX,30.0,45,21,24,0.467,570.77,83,195,0.426,31,86,0.36,36,42,0.857,12,55,67,73,21,20,3,14,23,29,233,47,470.9,0,0,450.0,1,2024-25,12.7,112.3,111.1,111.1,108.2,108.3,108.3,4.2,2.8,2.8,0.188,3.48,23.6,0.021,0.088,0.056,6.8,6.8,0.505,0.546,0.173,0.18,99.5,99.99,83.33,99.99,0.096,1195,1.8,4.3,Monte Morris
1629021,Moritz,1610612753,ORL,28.0,30,18,12,0.6,564.1566666666666,140,249,0.562,27,75,0.36,79,110,0.718,40,108,148,42,49,24,12,14,55,96,386,-17,685.6,1,0,675.0,1,2024-25,18.8,103.8,106.1,106.1,106.3,107.0,107.0,-2.5,-0.9,-0.9,0.135,0.86,10.9,0.067,0.201,0.131,12.7,12.6,0.616,0.649,0.254,0.261,101.34,99.97,83.31,99.97,0.165,1172,4.7,8.3,Moritz Wagner
1629650,Moses,1610612742,DAL,25.0,13,5,8,0.385,118.57666666666668,34,49,0.694,0,0,0.0,8,11,0.727,12,32,44,2,11,6,4,3,17,8,76,-14,150.8,1,0,142.0,2,2024-25,9.1,102.9,101.5,101.5,107.8,105.9,105.9,-4.9,-4.4,-4.4,0.029,0.18,3.0,0.098,0.224,0.165,16.7,16.5,0.694,0.706,0.216,0.226,106.84,108.49,90.41,108.49,0.154,267,2.6,3.8,Moses Brown
1630541,Moses,1610612744,GSW,23.0,74,45,29,0.608,1649.15,246,568,0.433,126,337,0.374,106,133,0.797,52,137,189,96,54,59,31,36,116,104,724,132,1310.8,0,0,1315.0,1,2024-25,22.3,112.7,113.2,113.2,109.0,108.9,108.9,3.7,4.3,4.3,0.084,1.78,12.4,0.029,0.084,0.056,7.0,7.0,0.544,0.578,0.17,0.176,100.88,100.74,83.95,100.74,0.076,3454,3.3,7.7,Moses Moody
1631243,Mouhamed,1610612737,ATL,22.0,33,15,18,0.455,532.7566666666667,72,171,0.421,21,81,0.259,32,42,0.762,44,95,139,27,15,28,33,11,55,30,197,87,572.3,2,0,506.0,1,2024-25,16.1,113.1,113.4,113.4,106.3,104.7,104.7,6.8,8.8,8.8,0.064,1.8,11.7,0.078,0.179,0.127,6.5,6.5,0.482,0.52,0.155,0.159,103.2,103.84,86.53,103.84,0.085,1146,2.2,5.2,Mouhamed Gueye
1631217,Moussa,1610612766,CHA,23.0,71,15,56,0.211,1240.6333333333334,167,280,0.596,0,6,0.0,69,116,0.595,187,251,438,56,61,46,40,24,109,115,403,-123,1209.6,7,0,1069.0,1,2024-25,17.5,105.3,106.9,106.9,110.4,110.3,110.3,-5.1,-3.4,-3.4,0.069,0.92,12.5,0.135,0.209,0.169,13.6,13.6,0.596,0.609,0.13,0.134,98.02,97.32,81.1,97.32,0.115,2498,2.4,3.9,Moussa Diabaté
1626167,Myles,1610612754,IND,29.0,72,44,28,0.611,2173.6366666666668,390,811,0.481,156,394,0.396,184,238,0.773,90,381,471,111,123,54,144,37,183,204,1120,202,2322.7,13,0,2254.0,1,2024-25,30.2,115.3,116.1,116.1,110.8,111.5,111.5,4.4,4.7,4.7,0.072,0.9,9.7,0.043,0.169,0.109,10.7,10.7,0.577,0.612,0.207,0.211,100.83,100.19,83.49,100.19,0.103,4533,5.4,11.3,Myles Turner
1642368,N'Faly,1610612745,HOU,23.0,4,0,4,0.0,50.61666666666667,10,13,0.769,0,0,0.0,4,5,0.8,6,15,21,2,2,1,5,0,9,3,24,-11,68.2,0,0,59.0,1,2024-25,12.7,119.7,114.9,114.9,127.6,123.5,123.5,-7.9,-8.6,-8.6,0.05,1.0,10.5,0.122,0.268,0.2,10.5,10.4,0.769,0.789,0.133,0.143,104.67,108.58,90.48,108.58,0.125,114,2.5,3.3,N'Faly Dante
1641772,Nae'Qwan,1610612739,CLE,24.0,5,4,1,0.8,63.4,13,32,0.406,2,10,0.2,8,11,0.727,9,12,21,2,2,0,1,4,9,8,36,7,65.2,1,0,63.0,1,2024-25,12.7,96.3,96.4,96.4,90.9,92.0,92.0,5.4,4.4,4.4,0.053,1.0,5.0,0.117,0.145,0.131,5.0,4.9,0.438,0.489,0.23,0.243,104.74,104.1,86.75,104.1,0.096,138,2.6,6.4,Nae'Qwan Tomlin
1630230,Naji,1610612742,DAL,27.0,69,32,37,0.464,1919.0833333333333,362,712,0.508,60,218,0.275,130,160,0.813,76,252,328,208,112,70,11,37,109,118,914,-137,1750.6,6,0,1672.0,1,2024-25,27.8,111.0,111.5,111.5,113.8,114.7,114.7,-2.8,-3.2,-3.2,0.161,1.86,18.9,0.04,0.125,0.084,10.2,10.2,0.551,0.584,0.197,0.202,101.89,101.27,84.39,101.27,0.105,4046,5.2,10.3,Naji Marshall
1631466,Nate,1610612745,HOU,26.0,20,14,6,0.7,146.62,27,62,0.435,6,26,0.231,5,8,0.625,5,8,13,9,14,8,4,0,16,7,65,-24,116.1,0,0,117.0,1,2024-25,7.3,113.7,110.6,110.6,117.9,116.8,116.8,-4.2,-6.2,-6.2,0.079,0.64,10.1,0.033,0.053,0.043,15.7,15.8,0.484,0.496,0.212,0.221,106.82,108.85,90.71,108.85,0.038,331,1.4,3.1,Nate Williams
1629675,Naz,1610612750,MIN,25.0,80,47,33,0.588,2200.116666666667,426,923,0.462,175,462,0.379,111,143,0.776,92,388,480,181,108,58,72,41,189,119,1138,340,2267.5,10,0,2234.0,1,2024-25,27.5,114.9,116.2,116.2,108.4,108.8,108.8,6.5,7.4,7.4,0.123,1.68,14.2,0.041,0.171,0.106,8.5,8.5,0.556,0.577,0.21,0.215,100.04,99.34,82.79,99.34,0.11,4554,5.3,11.5,Naz Reid
1629674,Neemias,1610612738,BOS,25.0,62,46,16,0.742,863.09,132,203,0.65,0,3,0.0,46,61,0.754,89,147,236,45,40,18,42,13,106,58,310,155,800.7,0,0,711.0,1,2024-25,13.9,118.4,117.4,117.4,107.8,108.3,108.3,10.5,9.1,9.1,0.076,1.13,14.2,0.105,0.168,0.137,12.7,12.7,0.65,0.674,0.136,0.14,95.35,95.52,79.6,95.52,0.102,1717,2.1,3.3,Neemias Queta
1629651,Nic,1610612751,BKN,26.0,70,20,50,0.286,1881.7316666666663,320,568,0.563,5,21,0.238,79,154,0.513,157,358,515,157,87,62,100,30,150,179,724,-497,1976.5,13,0,1725.0,1,2024-25,26.9,102.7,103.6,103.6,114.1,116.2,116.2,-11.4,-12.6,-12.6,0.14,1.8,17.9,0.08,0.198,0.137,9.9,9.9,0.568,0.569,0.166,0.17,98.71,97.38,81.15,97.38,0.115,3811,4.6,8.1,Nic Claxton
1630208,Nick,1610612756,PHX,27.0,57,17,40,0.298,1256.2233333333334,205,347,0.591,0,2,0.0,119,160,0.744,148,318,466,49,81,14,55,51,141,118,529,-235,1287.7,16,0,1182.0,2,2024-25,22.0,111.6,112.3,112.3,120.7,120.9,120.9,-9.1,-8.7,-8.7,0.058,0.6,8.9,0.118,0.243,0.181,14.8,14.8,0.591,0.634,0.169,0.172,99.0,98.62,82.18,98.62,0.107,2576,3.6,6.1,Nick Richards
1641733,Nick,1610612766,CHA,21.0,60,14,46,0.233,1368.746666666667,222,568,0.391,104,306,0.34,43,46,0.935,13,115,128,145,82,17,6,23,79,40,591,-398,949.1,1,0,1014.0,1,2024-25,22.8,101.0,102.1,102.1,116.3,116.4,116.4,-15.4,-14.3,-14.3,0.169,1.77,17.8,0.009,0.08,0.043,10.1,10.1,0.482,0.502,0.205,0.21,100.36,99.74,83.11,99.74,0.064,2848,3.7,9.5,Nick Smith Jr.
1629638,Nickeil,1610612750,MIN,26.0,82,49,33,0.598,2073.1016666666665,270,616,0.438,141,370,0.381,92,118,0.78,54,211,265,223,99,50,34,24,139,139,773,270,1578.5,1,0,1570.0,1,2024-25,25.3,114.1,115.1,115.1,108.0,108.5,108.5,6.1,6.6,6.6,0.149,2.25,22.7,0.026,0.098,0.062,10.1,10.0,0.553,0.579,0.155,0.16,100.23,99.57,82.98,99.57,0.081,4294,3.3,7.5,Nickeil Alexander-Walker
201587,Nicolas,1610612746,LAC,36.0,78,47,31,0.603,1367.3733333333332,104,238,0.437,88,203,0.433,17,21,0.81,47,171,218,84,34,52,36,5,111,21,313,152,930.6,0,0,879.0,1,2024-25,17.5,110.8,110.5,110.5,104.9,104.7,104.7,5.9,5.9,5.9,0.082,2.47,23.0,0.034,0.117,0.077,9.3,9.3,0.622,0.633,0.087,0.09,99.96,100.22,83.52,100.22,0.069,2848,1.3,3.1,Nicolas Batum
203999,Nikola,1610612743,DEN,30.0,70,46,24,0.657,2570.765,786,1364,0.576,138,331,0.417,361,451,0.8,200,692,892,716,230,127,45,63,160,410,2071,594,4501.4,59,34,4161.0,1,2024-25,36.7,124.3,125.6,125.6,113.8,115.1,115.1,10.4,10.5,10.5,0.398,3.11,28.7,0.083,0.252,0.173,9.2,9.2,0.627,0.663,0.285,0.292,103.11,101.99,84.99,101.99,0.206,5471,11.2,19.5,Nikola Jokić
1631107,Nikola,1610612748,MIA,22.0,46,21,25,0.457,1155.6766666666667,172,377,0.456,78,210,0.371,72,87,0.828,26,154,180,131,60,38,13,12,82,78,494,-20,999.5,0,0,985.0,1,2024-25,25.1,109.0,109.6,109.6,110.7,110.7,110.7,-1.7,-1.1,-1.1,0.174,2.18,21.7,0.022,0.127,0.076,9.9,9.9,0.56,0.595,0.178,0.182,98.77,98.48,82.06,98.48,0.098,2374,3.7,8.2,Nikola Jović
202696,Nikola,1610612741,CHI,34.0,73,34,39,0.466,2278.25,550,1038,0.53,129,321,0.402,120,149,0.805,178,557,735,256,119,61,52,38,163,164,1349,-98,2835.0,45,1,2695.0,1,2024-25,31.2,113.2,113.6,113.6,114.5,116.0,116.0,-1.2,-2.4,-2.4,0.165,2.15,17.3,0.076,0.228,0.154,8.1,8.0,0.592,0.611,0.221,0.226,104.97,104.11,86.76,104.11,0.136,4950,7.5,14.2,Nikola Vučević
1641730,Noah,1610612751,BKN,20.0,46,11,35,0.239,1042.2866666666666,133,372,0.358,87,261,0.333,67,80,0.838,43,138,181,40,46,24,21,28,105,82,420,-261,786.2,0,0,818.0,1,2024-25,22.7,101.2,103.0,103.0,114.4,115.2,115.2,-13.2,-12.3,-12.3,0.063,0.87,8.1,0.037,0.138,0.084,9.3,9.3,0.474,0.516,0.185,0.189,99.09,97.91,81.59,97.91,0.061,2126,2.9,8.1,Noah Clowney
1626181,Norman,1610612746,LAC,32.0,60,39,21,0.65,1957.9883333333328,457,945,0.484,179,428,0.418,213,265,0.804,21,169,190,125,108,73,9,52,114,208,1306,352,1859.5,1,0,1964.0,1,2024-25,32.6,114.5,116.2,116.2,106.4,107.4,107.4,8.1,8.8,8.8,0.096,1.16,9.7,0.011,0.085,0.049,8.4,8.3,0.578,0.615,0.255,0.258,100.89,99.69,83.08,99.69,0.11,4063,7.6,15.8,Norman Powell
1628384,OG,1610612752,NYK,27.0,74,45,29,0.608,2705.776666666666,489,1027,0.476,171,460,0.372,183,226,0.81,97,261,358,164,102,110,65,89,172,175,1332,301,2430.6,1,0,2375.0,1,2024-25,36.6,116.1,117.7,117.7,111.6,112.3,112.3,4.4,5.4,5.4,0.084,1.61,11.8,0.037,0.098,0.067,7.3,7.3,0.559,0.591,0.195,0.198,98.75,97.73,81.44,97.73,0.093,5511,6.6,13.9,OG Anunoby
1630167,Obi,1610612754,IND,27.0,79,48,31,0.608,1544.815,317,599,0.529,110,301,0.365,89,114,0.781,56,262,318,128,68,46,28,25,108,89,833,-77,1560.6,2,0,1537.0,1,2024-25,19.6,114.1,113.6,113.6,116.2,116.1,116.1,-2.1,-2.6,-2.6,0.116,1.88,15.2,0.036,0.167,0.101,8.1,8.0,0.621,0.642,0.191,0.197,103.7,103.97,86.64,103.97,0.115,3350,4.0,7.6,Obi Toppin
1630534,Ochai,1610612761,TOR,25.0,64,19,45,0.297,1738.67,266,534,0.498,101,253,0.399,34,48,0.708,61,181,242,98,54,58,30,36,125,48,667,-214,1314.4,0,0,1284.0,1,2024-25,27.2,105.7,106.4,106.4,110.8,112.2,112.2,-5.1,-5.7,-5.7,0.081,1.81,13.9,0.033,0.098,0.066,7.6,7.6,0.593,0.601,0.144,0.148,102.9,101.93,84.94,101.93,0.081,3691,4.2,8.3,Ochai Agbaji
1641765,Olivier-Maxence,1610612742,DAL,22.0,52,27,25,0.519,584.07,70,174,0.402,12,51,0.235,49,76,0.645,44,82,126,40,14,26,6,17,28,53,201,-104,494.2,0,0,443.0,1,2024-25,11.2,103.0,101.8,101.8,110.3,109.5,109.5,-7.2,-7.7,-7.7,0.101,2.86,15.2,0.071,0.137,0.103,5.3,5.4,0.437,0.484,0.158,0.163,102.48,103.43,86.19,103.43,0.082,1255,1.3,3.3,Olivier-Maxence Prosper
1630168,Onyeka,1610612737,ATL,24.0,74,35,39,0.473,2063.9266666666667,388,684,0.567,48,148,0.324,164,216,0.759,220,440,660,168,90,69,68,50,193,167,988,40,2353.0,28,0,2138.0,1,2024-25,27.9,113.8,114.9,114.9,112.7,113.7,113.7,1.1,1.1,1.1,0.113,1.87,16.2,0.103,0.213,0.157,8.7,8.7,0.602,0.634,0.169,0.172,105.49,104.52,87.1,104.52,0.122,4489,5.2,9.2,Onyeka Okongwu
1631115,Orlando,1610612761,TOR,24.0,44,23,21,0.523,769.8016666666666,116,261,0.444,17,52,0.327,54,70,0.771,89,131,220,77,49,17,16,26,100,53,303,-87,732.5,4,0,683.0,2,2024-25,17.5,104.5,104.5,104.5,109.4,109.2,109.2,-4.9,-4.8,-4.8,0.152,1.57,18.3,0.097,0.161,0.127,11.6,11.7,0.477,0.519,0.177,0.181,102.34,102.45,85.37,102.45,0.088,1639,2.6,5.9,Orlando Robinson
1631131,Oscar,1610612762,UTA,25.0,14,3,11,0.214,255.17333333333332,42,70,0.6,0,0,0.0,23,31,0.742,46,76,122,9,10,13,1,10,24,22,107,-11,298.9,4,0,266.0,1,2024-25,18.2,112.2,113.4,113.4,114.6,115.8,115.8,-2.4,-2.5,-2.5,0.051,0.9,8.9,0.16,0.286,0.221,9.9,9.7,0.6,0.64,0.144,0.151,102.25,101.2,84.33,101.2,0.14,539,3.0,5.0,Oscar Tshiebwe
1629052,Oshae,1610612755,PHI,27.0,6,1,5,0.167,142.24166666666667,19,39,0.487,6,18,0.333,8,14,0.571,7,15,22,4,8,4,3,3,14,12,52,-31,97.4,0,0,98.0,1,2024-25,23.7,112.9,113.6,113.6,126.1,124.3,124.3,-13.3,-10.7,-10.7,0.04,0.5,7.1,0.047,0.115,0.079,14.3,14.0,0.564,0.576,0.154,0.162,101.01,101.4,84.5,101.4,0.05,301,3.2,6.5,Oshae Brissett
1642345,Oso,1610612756,PHX,22.0,61,25,36,0.41,1045.545,113,187,0.604,0,2,0.0,29,50,0.58,66,156,222,71,39,28,29,15,102,47,255,-21,759.9,0,0,662.0,1,2024-25,17.1,110.2,109.4,109.4,109.7,110.0,110.0,0.5,-0.6,-0.6,0.095,1.82,22.3,0.063,0.143,0.104,12.2,12.2,0.604,0.61,0.103,0.106,98.85,99.05,82.54,99.05,0.073,2154,1.9,3.1,Oso Ighodaro
1631172,Ousmane,1610612760,OKC,22.0,37,30,7,0.811,404.8416666666666,54,125,0.432,23,71,0.324,11,16,0.688,18,63,81,31,18,17,7,6,33,13,142,45,339.7,0,0,325.0,1,2024-25,10.9,104.9,104.3,104.3,97.8,99.2,99.2,7.1,5.1,5.1,0.107,1.72,17.1,0.04,0.142,0.091,9.9,9.9,0.524,0.538,0.152,0.158,103.24,102.86,85.71,102.86,0.088,868,1.5,3.4,Ousmane Dieng
200782,P.J.,1610612752,NYK,40.0,3,1,2,0.333,57.86833333333333,3,7,0.429,3,6,0.5,0,0,0.0,4,4,8,0,1,1,1,0,8,1,9,-22,23.6,0,0,24.0,1,2024-25,19.3,105.1,106.1,106.1,126.1,127.4,127.4,-21.0,-21.3,-21.3,0.0,0.0,0.0,0.062,0.103,0.077,12.5,12.5,0.643,0.643,0.059,0.062,95.54,94.56,78.8,94.56,0.015,115,1.0,2.3,P.J. Tucker
1629023,P.J.,1610612742,DAL,26.0,57,31,26,0.544,1834.8583333333331,301,665,0.453,91,239,0.381,143,198,0.722,82,360,442,131,118,63,60,50,131,158,836,49,1813.9,14,0,1746.0,1,2024-25,32.2,113.7,114.2,114.2,112.0,113.2,113.2,1.7,1.1,1.1,0.098,1.11,13.1,0.044,0.183,0.115,11.8,11.8,0.521,0.556,0.198,0.201,102.43,101.66,84.71,101.66,0.097,3889,5.3,11.7,P.J. Washington
1628408,PJ,1610612750,MIN,28.0,9,7,2,0.778,34.916666666666664,2,3,0.667,2,3,0.667,1,6,0.167,1,4,5,5,1,1,0,0,3,3,7,-4,22.5,0,0,21.0,1,2024-25,3.9,107.9,98.8,98.8,106.2,107.8,107.8,1.7,-9.0,-9.0,0.167,5.0,41.7,0.04,0.125,0.088,8.3,8.6,1.0,0.621,0.082,0.085,104.06,107.91,89.93,107.91,0.054,80,0.2,0.3,PJ Dozier
1641790,PJ,1610612743,DEN,23.0,19,12,7,0.632,66.18333333333334,14,24,0.583,2,8,0.25,3,4,0.75,6,16,22,4,2,0,4,2,11,3,33,-2,75.4,0,0,69.0,1,2024-25,3.5,94.3,91.9,91.9,95.5,91.3,91.3,-1.2,0.5,0.5,0.118,2.0,12.5,0.079,0.219,0.148,6.3,6.3,0.625,0.641,0.176,0.182,95.52,99.0,82.5,99.0,0.168,135,0.7,1.3,PJ Hall
1642359,Pacôme,1610612752,NYK,19.0,18,14,4,0.778,111.17833333333331,10,31,0.323,6,19,0.316,4,6,0.667,3,15,18,5,4,3,2,1,7,6,30,-16,70.1,0,0,69.0,1,2024-25,6.2,104.3,103.8,103.8,114.7,113.0,113.0,-10.4,-9.2,-9.2,0.063,1.25,11.9,0.028,0.128,0.08,9.5,9.4,0.419,0.446,0.142,0.151,99.42,100.38,83.65,100.38,0.047,235,0.6,1.7,Pacôme Dadiet
1631094,Paolo,1610612753,ORL,22.0,46,21,25,0.457,1581.53,412,911,0.452,87,272,0.32,280,385,0.727,51,294,345,219,136,36,28,51,97,265,1191,-21,1989.5,11,0,1970.0,1,2024-25,34.4,107.5,109.1,109.1,108.4,109.6,109.6,-0.9,-0.6,-0.6,0.262,1.61,15.3,0.031,0.192,0.108,9.5,9.5,0.5,0.551,0.33,0.337,98.58,97.29,81.07,97.29,0.157,3204,9.0,19.8,Paolo Banchero
1627783,Pascal,1610612754,IND,31.0,78,47,31,0.603,2547.853333333333,613,1182,0.519,126,324,0.389,226,308,0.734,133,407,540,263,109,70,42,45,189,267,1578,312,2847.5,11,0,2731.0,1,2024-25,32.7,114.9,114.5,114.5,108.2,108.9,108.9,6.7,5.5,5.5,0.155,2.41,15.6,0.053,0.154,0.104,6.5,6.5,0.572,0.599,0.237,0.244,101.58,101.43,84.53,101.43,0.13,5390,7.9,15.2,Pascal Siakam
1626192,Pat,1610612749,MIL,32.0,41,19,22,0.463,602.8266666666667,83,177,0.469,26,81,0.321,24,31,0.774,19,90,109,70,24,9,11,10,45,31,216,-13,487.8,1,0,461.0,1,2024-25,14.7,112.5,111.7,111.7,113.2,114.6,114.6,-0.7,-2.9,-2.9,0.159,2.92,24.7,0.032,0.14,0.088,8.5,8.4,0.542,0.567,0.151,0.157,99.68,99.41,82.84,99.41,0.088,1259,2.0,4.3,Pat Connaughton
1630311,Pat,1610612744,GSW,28.0,39,24,15,0.615,249.61166666666668,41,101,0.406,5,22,0.227,11,15,0.733,15,31,46,48,18,14,3,10,20,19,98,-17,258.2,0,0,231.0,1,2024-25,6.4,107.6,105.0,105.0,110.0,107.8,107.8,-2.4,-2.8,-2.8,0.274,2.67,27.6,0.055,0.131,0.09,10.3,10.4,0.431,0.455,0.204,0.213,100.97,103.26,86.05,103.26,0.093,536,1.1,2.6,Pat Spencer
1631116,Patrick,1610612746,LAC,22.0,24,3,21,0.125,106.74833333333332,19,35,0.543,13,23,0.565,2,4,0.5,5,20,25,3,5,3,2,2,7,3,53,29,97.5,0,0,104.0,2,2024-25,4.4,111.5,114.6,114.6,108.2,102.1,102.1,3.3,12.4,12.4,0.042,0.6,6.7,0.038,0.189,0.105,11.1,11.2,0.729,0.721,0.151,0.153,103.28,104.77,87.31,104.77,0.122,233,0.8,1.5,Patrick Baldwin Jr.
1630172,Patrick,1610612741,CHI,23.0,63,31,32,0.492,1576.3266666666666,205,516,0.397,96,272,0.353,60,83,0.723,43,194,237,124,86,48,32,37,88,67,566,-182,1190.4,1,0,1183.0,1,2024-25,25.0,108.9,108.7,108.7,112.5,113.5,113.5,-3.6,-4.8,-4.8,0.106,1.44,16.3,0.025,0.113,0.07,11.3,11.3,0.49,0.512,0.165,0.169,106.31,105.94,88.28,105.94,0.062,3473,3.3,8.2,Patrick Williams
201988,Patty,1610612746,LAC,36.0,29,12,17,0.414,320.655,36,96,0.375,26,75,0.347,13,14,0.929,4,18,22,26,17,13,3,3,24,18,111,-15,207.4,0,0,217.0,2,2024-25,11.1,104.6,104.6,104.6,108.6,108.0,108.0,-4.0,-3.4,-3.4,0.123,1.53,18.1,0.012,0.051,0.032,11.8,11.7,0.51,0.543,0.15,0.156,102.98,103.29,86.07,103.29,0.055,694,1.2,3.3,Patty Mills
202331,Paul,1610612755,PHI,35.0,41,15,26,0.366,1333.5933333333332,245,570,0.43,96,268,0.358,79,97,0.814,24,195,219,178,106,75,20,20,101,110,665,-83,1373.8,3,0,1348.0,1,2024-25,32.5,108.1,108.3,108.3,110.2,112.2,112.2,-2.1,-3.8,-3.8,0.217,1.68,19.9,0.018,0.153,0.083,11.8,11.8,0.514,0.543,0.233,0.238,99.85,98.87,82.39,98.87,0.106,2757,6.0,13.9,Paul George
1630194,Paul,1610612765,DET,26.0,45,22,23,0.489,437.5366666666667,72,142,0.507,8,28,0.286,32,42,0.762,40,83,123,44,26,39,25,7,75,34,184,43,563.6,0,0,487.0,1,2024-25,9.7,111.7,111.3,111.3,106.3,105.7,105.7,5.4,5.6,5.6,0.141,1.69,19.0,0.09,0.197,0.142,11.3,11.3,0.535,0.573,0.179,0.184,101.32,101.81,84.84,101.81,0.115,924,1.6,3.2,Paul Reed
1630202,Payton,1610612738,BOS,27.0,80,59,21,0.738,2270.875,409,866,0.472,255,626,0.407,71,84,0.845,102,205,307,279,83,70,14,38,118,86,1144,430,2099.9,5,0,2153.0,1,2024-25,28.4,117.4,118.4,118.4,108.3,108.9,108.9,9.1,9.5,9.5,0.184,3.36,22.1,0.042,0.087,0.065,6.6,6.6,0.62,0.633,0.186,0.19,97.13,96.45,80.37,96.45,0.116,4561,5.1,10.8,Payton Pritchard
1641796,Pelle,1610612748,MIA,24.0,55,24,31,0.436,781.9466666666667,89,203,0.438,32,95,0.337,41,61,0.672,28,64,92,65,24,32,7,11,91,55,251,10,551.9,0,0,518.0,1,2024-25,14.2,112.1,111.1,111.1,108.7,108.7,108.7,3.4,2.4,2.4,0.116,2.71,20.4,0.036,0.081,0.058,7.5,7.5,0.517,0.546,0.141,0.146,98.3,98.71,82.26,98.71,0.055,1595,1.6,3.7,Pelle Larsson
1631250,Pete,1610612749,MIL,25.0,13,8,5,0.615,138.16666666666666,14,32,0.438,9,24,0.375,1,2,0.5,5,16,21,10,4,2,2,1,17,1,38,-14,86.2,0,0,86.0,2,2024-25,10.6,108.5,107.8,107.8,113.9,114.8,114.8,-5.4,-7.0,-7.0,0.106,2.5,21.3,0.036,0.115,0.076,8.5,8.5,0.578,0.578,0.116,0.121,97.14,97.1,80.92,97.1,0.054,282,1.1,2.5,Pete Nance
1631212,Peyton,1610612743,DEN,22.0,68,40,28,0.588,1655.7283333333332,204,428,0.477,48,136,0.353,95,137,0.693,47,186,233,94,56,48,93,36,123,94,551,-26,1338.6,0,0,1208.0,1,2024-25,24.3,114.8,113.9,113.9,112.4,113.9,113.9,2.4,0.0,0.0,0.073,1.68,14.7,0.03,0.103,0.069,8.8,8.8,0.533,0.564,0.138,0.142,102.11,101.83,84.86,101.83,0.066,3501,3.0,6.3,Peyton Watson
1630762,Phillip,1610612755,PHI,23.0,5,0,5,0.0,44.39666666666667,3,21,0.143,0,10,0.0,2,2,1.0,2,6,8,2,1,1,2,1,1,1,8,13,28.6,0,0,24.0,1,2024-25,8.9,111.6,110.0,110.0,98.3,96.6,96.6,13.4,13.4,13.4,0.065,2.0,8.0,0.036,0.125,0.077,4.0,4.0,0.143,0.183,0.221,0.227,95.25,96.76,80.64,96.76,-0.005,90,0.6,4.2,Phillip Wheeler
1630173,Precious,1610612752,NYK,25.0,57,36,21,0.632,1169.6133333333332,164,327,0.502,10,36,0.278,41,69,0.594,101,216,317,55,45,47,42,24,81,51,379,-48,1063.9,3,0,939.0,1,2024-25,20.5,110.3,110.2,110.2,112.0,111.4,111.4,-1.8,-1.2,-1.2,0.065,1.22,12.1,0.084,0.188,0.135,9.9,9.8,0.517,0.53,0.143,0.148,99.86,100.16,83.46,100.16,0.092,2432,2.9,5.7,Precious Achiuwa
1629656,Quentin,1610612755,PHI,25.0,75,29,46,0.387,2013.09,384,823,0.467,162,421,0.385,162,214,0.757,59,265,324,228,141,74,22,32,138,174,1092,-261,1969.8,4,0,1998.0,2,2024-25,26.8,111.3,111.9,111.9,116.9,118.1,118.1,-5.7,-6.2,-6.2,0.172,1.62,17.9,0.028,0.126,0.077,11.0,11.0,0.565,0.595,0.218,0.225,101.49,100.7,83.92,100.7,0.105,4223,5.1,11.0,Quentin Grimes
1631245,Quenton,1610612754,IND,26.0,28,14,14,0.5,381.03833333333336,58,122,0.475,15,40,0.375,31,40,0.775,14,30,44,53,16,21,5,13,43,44,162,-1,356.3,0,0,326.0,1,2024-25,13.6,111.3,110.9,110.9,109.4,110.1,110.1,1.9,0.8,0.8,0.193,3.31,25.4,0.035,0.079,0.057,7.7,7.7,0.537,0.58,0.167,0.172,104.27,104.12,86.76,104.12,0.089,823,2.1,4.4,Quenton Jackson
1642439,Quincy,1610612747,LAL,24.0,2,1,1,0.5,10.3,1,5,0.2,1,5,0.2,0,0,0.0,0,0,0,1,1,0,0,0,0,1,3,-18,3.5,0,0,5.0,1,2024-25,5.2,71.8,68.2,68.2,151.7,150.0,150.0,-79.8,-81.8,-81.8,0.2,1.0,14.3,0.0,0.0,0.0,14.3,14.3,0.3,0.3,0.231,0.241,99.36,102.52,85.44,102.52,-0.022,22,0.5,2.5,Quincy Olivari
1642366,Quinten,1610612744,GSW,25.0,42,26,16,0.619,685.7566666666667,123,274,0.449,73,179,0.408,21,27,0.778,35,113,148,56,33,16,18,16,83,24,340,43,670.6,0,0,685.0,1,2024-25,16.3,111.9,111.5,111.5,109.9,109.1,109.1,1.9,2.4,2.4,0.131,1.7,14.9,0.049,0.166,0.106,8.8,8.8,0.582,0.595,0.197,0.203,99.5,100.02,83.35,100.02,0.095,1433,2.9,6.5,Quinten Post
1629628,RJ,1610612761,TOR,25.0,58,23,35,0.397,1868.8033333333333,460,982,0.468,107,306,0.35,196,311,0.63,61,305,366,314,166,46,17,81,137,233,1223,-139,2156.2,10,2,2136.0,1,2024-25,32.2,109.0,110.1,110.1,112.6,113.4,113.4,-3.6,-3.4,-3.4,0.257,1.89,19.6,0.031,0.159,0.094,10.4,10.4,0.523,0.547,0.281,0.286,103.63,102.74,85.62,102.74,0.121,3998,7.9,16.9,RJ Barrett
1642484,RayJ,1610612754,IND,24.0,11,7,4,0.636,70.38333333333334,11,33,0.333,6,21,0.286,2,2,1.0,2,10,12,14,5,7,2,3,7,2,30,44,87.4,0,0,80.0,1,2024-25,6.4,113.3,113.5,113.5,85.9,86.3,86.3,27.4,27.3,27.3,0.255,2.8,26.4,0.025,0.116,0.073,9.4,9.5,0.424,0.443,0.212,0.218,105.34,105.02,87.52,105.02,0.11,155,1.0,3.0,RayJ Dennis
1641712,Rayan,1610612757,POR,21.0,52,23,29,0.442,459.5416666666667,58,142,0.408,16,59,0.271,23,30,0.767,26,44,70,25,30,16,4,15,37,24,155,-86,306.5,1,0,306.0,1,2024-25,8.8,101.0,100.6,100.6,111.0,109.8,109.8,-10.0,-9.2,-9.2,0.083,0.83,11.9,0.049,0.097,0.071,14.3,14.3,0.465,0.499,0.156,0.162,103.89,104.66,87.22,104.66,0.055,1005,1.1,2.7,Rayan Rupert
1641736,Reece,1610612751,BKN,23.0,36,13,23,0.361,469.3033333333333,35,107,0.327,7,40,0.175,16,21,0.762,13,26,39,63,21,33,2,8,36,28,93,-117,318.3,0,0,272.0,2,2024-25,13.0,98.7,98.5,98.5,110.6,110.4,110.4,-11.9,-12.0,-12.0,0.205,3.0,31.3,0.024,0.061,0.041,10.4,10.5,0.36,0.4,0.122,0.126,98.96,99.16,82.63,99.16,0.051,969,1.0,3.0,Reece Beekman
1642263,Reed,1610612745,HOU,21.0,52,30,22,0.577,654.3516666666667,84,239,0.351,48,142,0.338,13,16,0.813,16,62,78,75,37,35,17,13,53,11,229,-50,554.1,0,0,534.0,1,2024-25,12.6,107.5,108.5,108.5,111.8,111.1,111.1,-4.2,-2.7,-2.7,0.153,2.03,20.9,0.022,0.086,0.054,10.3,10.3,0.452,0.465,0.171,0.175,105.11,104.93,87.45,104.93,0.06,1425,1.6,4.6,Reed Sheppard
202704,Reggie,1610612755,PHI,35.0,31,11,20,0.355,383.9916666666667,52,133,0.391,25,74,0.338,7,9,0.778,8,34,42,45,17,16,3,3,34,8,136,-19,293.9,0,0,286.0,1,2024-25,12.4,110.9,108.3,108.3,111.8,111.8,111.8,-0.9,-3.5,-3.5,0.172,2.65,22.6,0.02,0.093,0.055,8.5,8.5,0.485,0.496,0.17,0.18,97.71,98.88,82.4,98.88,0.067,795,1.7,4.3,Reggie Jackson
1626158,Richaun,1610612764,WAS,31.0,31,9,22,0.29,534.135,90,139,0.647,0,3,0.0,50,60,0.833,62,115,177,42,21,9,23,10,49,53,230,-36,580.4,3,0,513.0,1,2024-25,17.2,110.6,110.2,110.2,113.1,114.5,114.5,-2.5,-4.3,-4.3,0.112,2.0,18.5,0.113,0.208,0.161,9.3,9.2,0.647,0.695,0.143,0.148,101.21,100.78,83.99,100.78,0.135,1127,2.9,4.5,Richaun Holmes
1641741,Ricky,1610612755,PHI,23.0,73,16,57,0.219,1250.015,177,463,0.382,55,213,0.258,123,153,0.804,51,163,214,97,52,32,13,25,67,117,532,-159,1017.3,3,0,988.0,1,2024-25,17.1,109.7,109.9,109.9,115.8,116.0,116.0,-6.1,-6.1,-6.1,0.115,1.87,14.3,0.039,0.13,0.084,7.7,7.7,0.442,0.502,0.196,0.203,100.1,99.93,83.28,99.93,0.08,2602,2.4,6.3,Ricky Council IV
1642434,Riley,1610612759,SAS,24.0,1,0,1,0.0,6.75,0,1,0.0,0,1,0.0,0,0,0.0,0,2,2,0,0,0,0,0,0,0,0,0,2.4,0,0,2.0,1,2024-25,6.8,101.7,93.3,93.3,86.4,93.3,93.3,15.3,0.0,0.0,0.0,0.0,0.0,0.0,0.2,0.118,0.0,0.0,0.0,0.0,0.063,0.068,106.52,106.67,88.89,106.67,0.039,15,0.0,1.0,Riley Minix
1642265,Rob,1610612750,MIN,20.0,49,30,19,0.612,515.975,93,211,0.441,25,74,0.338,8,15,0.533,12,38,50,98,53,20,1,8,37,28,219,19,436.0,0,0,434.0,1,2024-25,10.5,113.7,112.3,112.3,111.9,111.1,111.1,1.7,1.2,1.2,0.283,1.85,26.6,0.022,0.07,0.046,14.4,14.4,0.5,0.503,0.215,0.224,100.83,101.82,84.85,101.82,0.078,1097,1.9,4.3,Rob Dillingham
1629057,Robert,1610612757,POR,27.0,20,7,13,0.35,351.33,50,78,0.641,1,3,0.333,15,17,0.882,35,83,118,21,17,13,33,6,31,13,116,-17,410.1,0,0,348.0,1,2024-25,17.6,106.5,106.3,106.3,107.6,108.3,108.3,-1.1,-2.0,-2.0,0.09,1.24,17.1,0.097,0.217,0.159,13.8,13.8,0.647,0.679,0.12,0.124,100.9,100.69,83.91,100.69,0.137,736,2.5,3.9,Robert Williams III
1631199,Ron,1610612765,DET,25.0,1,0,1,0.0,17.0,1,8,0.125,0,6,0.0,2,2,1.0,4,3,7,2,0,0,0,0,0,2,4,-1,15.4,0,0,13.0,1,2024-25,17.0,110.6,120.6,120.6,113.4,116.7,116.7,-2.8,3.9,3.9,0.143,0.0,18.2,0.182,0.2,0.189,0.0,0.0,0.125,0.225,0.205,0.201,104.64,98.82,82.35,98.82,0.071,34,1.0,8.0,Ron Harper Jr.
1641842,Ronald,1610612765,DET,19.0,81,44,37,0.543,1266.3216666666667,197,416,0.474,36,151,0.238,92,122,0.754,40,178,218,82,72,49,17,23,141,112,522,-55,1032.6,0,0,990.0,1,2024-25,15.6,109.2,109.8,109.8,110.2,110.9,110.9,-1.0,-1.0,-1.0,0.095,1.14,13.2,0.03,0.136,0.083,11.6,11.5,0.517,0.556,0.177,0.183,101.62,101.0,84.17,101.0,0.078,2652,2.4,5.1,Ronald Holland II
1626220,Royce,1610612756,PHX,32.0,75,33,42,0.44,1836.8733333333328,241,570,0.423,179,441,0.406,19,26,0.731,53,296,349,163,65,67,33,19,151,31,680,-155,1578.3,1,0,1571.0,1,2024-25,24.5,113.3,112.1,112.1,116.7,116.4,116.4,-3.4,-4.2,-4.2,0.128,2.51,20.1,0.029,0.157,0.094,8.0,8.0,0.58,0.585,0.151,0.156,99.59,100.27,83.56,100.27,0.085,3840,3.2,7.6,Royce O'Neale
203497,Rudy,1610612750,MIN,33.0,72,43,29,0.597,2388.423333333333,341,510,0.669,0,0,0.0,184,273,0.674,265,520,785,127,89,56,104,54,182,260,866,327,2389.5,36,0,2098.0,1,2024-25,33.2,112.9,114.3,114.3,106.1,107.6,107.6,6.7,6.7,6.7,0.075,1.43,14.9,0.111,0.21,0.161,10.5,10.5,0.669,0.687,0.129,0.131,98.94,97.63,81.36,97.63,0.126,4858,4.7,7.1,Rudy Gobert
1629060,Rui,1610612747,LAL,27.0,59,37,22,0.627,1868.825,293,576,0.509,102,247,0.413,87,113,0.77,79,216,295,83,49,45,26,40,105,85,775,158,1417.5,1,0,1397.0,1,2024-25,31.7,114.7,114.8,114.8,109.6,110.9,110.9,5.1,3.9,3.9,0.063,1.69,10.9,0.044,0.111,0.079,6.5,6.5,0.597,0.619,0.156,0.159,100.08,99.44,82.86,99.44,0.086,3875,5.0,9.8,Rui Hachimura
201566,Russell,1610612743,DEN,36.0,75,43,32,0.573,2092.2916666666665,373,831,0.449,94,291,0.323,154,233,0.661,102,268,370,457,242,106,37,53,188,172,994,-24,2310.5,13,4,2201.0,1,2024-25,27.9,115.5,115.7,115.7,114.6,116.2,116.2,0.9,-0.6,-0.6,0.289,1.89,27.9,0.05,0.119,0.086,14.8,14.8,0.505,0.532,0.23,0.235,104.14,103.3,86.09,103.3,0.093,4504,5.0,11.1,Russell Westbrook
1642346,Ryan,1610612756,PHX,22.0,74,32,42,0.432,1410.4166666666667,205,477,0.43,82,264,0.311,19,39,0.487,92,175,267,57,40,44,40,21,162,28,511,-169,1128.9,3,0,1085.0,1,2024-25,19.1,112.5,110.4,110.4,114.0,115.1,115.1,-1.6,-4.7,-4.7,0.059,1.43,9.6,0.063,0.117,0.09,6.8,6.8,0.516,0.517,0.161,0.168,98.14,98.59,82.16,98.59,0.059,2882,2.8,6.4,Ryan Dunn
1631157,Ryan,1610612749,MIL,22.0,56,30,26,0.536,819.525,132,271,0.487,49,120,0.408,36,45,0.8,21,87,108,104,53,42,17,21,88,47,349,83,758.6,1,0,728.0,1,2024-25,14.6,114.2,114.0,114.0,108.3,108.6,108.6,5.8,5.4,5.4,0.173,1.96,23.3,0.027,0.098,0.065,11.9,11.8,0.577,0.6,0.179,0.185,101.76,101.74,84.78,101.74,0.088,1732,2.4,4.8,Ryan Rollins
1630573,Sam,1610612738,BOS,27.0,71,52,19,0.732,1541.1333333333334,214,474,0.451,166,399,0.416,11,11,1.0,44,180,224,64,23,41,13,4,87,29,605,325,1108.8,0,0,1167.0,1,2024-25,21.7,119.6,119.8,119.8,109.7,109.8,109.8,9.8,10.0,10.0,0.057,2.78,11.3,0.027,0.113,0.07,4.1,4.1,0.627,0.632,0.14,0.144,96.51,96.4,80.33,96.4,0.083,3102,3.0,6.7,Sam Hauser
1630241,Sam,1610612739,CLE,29.0,71,54,17,0.761,1401.2816666666668,172,424,0.406,137,368,0.372,28,29,0.966,38,119,157,108,35,53,14,15,124,55,509,321,1025.4,0,0,1045.0,1,2024-25,19.7,116.7,117.4,117.4,105.2,107.1,107.1,11.6,10.3,10.3,0.099,3.09,18.7,0.026,0.077,0.052,6.0,6.0,0.567,0.583,0.14,0.143,102.52,101.26,84.38,101.26,0.069,2963,2.4,6.0,Sam Merrill
1630572,Sandro,1610612759,SAS,26.0,61,23,38,0.377,681.2083333333334,141,281,0.502,60,161,0.373,43,58,0.741,62,125,187,48,26,22,17,10,60,43,385,-28,772.4,2,0,758.0,1,2024-25,11.2,112.6,111.6,111.6,113.7,112.9,112.9,-1.1,-1.4,-1.4,0.108,1.85,12.6,0.086,0.176,0.131,6.8,6.8,0.609,0.628,0.202,0.207,101.27,102.07,85.05,102.07,0.124,1445,2.3,4.6,Sandro Mamukelashvili
1630583,Santi,1610612763,MEM,24.0,65,38,27,0.585,1659.6483333333333,313,648,0.483,120,326,0.368,65,94,0.691,94,322,416,188,71,52,29,21,76,83,811,149,1764.2,10,0,1697.0,1,2024-25,25.5,114.4,116.1,116.1,111.5,112.6,112.6,2.9,3.5,3.5,0.149,2.65,19.9,0.052,0.181,0.116,7.5,7.5,0.576,0.588,0.179,0.184,106.67,105.41,87.84,105.41,0.121,3654,4.8,10.0,Santi Aldama
1630703,Scoot,1610612757,POR,21.0,66,30,36,0.455,1759.0716666666667,287,685,0.419,105,297,0.354,158,206,0.767,52,146,198,335,177,68,13,44,181,182,837,-38,1643.1,2,0,1637.0,1,2024-25,26.7,110.9,112.5,112.5,113.0,113.7,113.7,-2.1,-1.3,-1.3,0.274,1.89,25.9,0.028,0.083,0.054,13.7,13.7,0.496,0.54,0.22,0.223,102.03,100.99,84.16,100.99,0.084,3705,4.3,10.4,Scoot Henderson
1630567,Scottie,1610612761,TOR,23.0,65,26,39,0.4,2134.13,474,1063,0.446,76,280,0.271,228,302,0.755,109,393,502,378,184,93,63,40,113,246,1252,-130,2705.4,26,1,2520.0,1,2024-25,32.8,107.5,107.4,107.4,110.1,110.1,110.1,-2.6,-2.7,-2.7,0.279,2.05,21.5,0.047,0.176,0.111,10.5,10.5,0.482,0.523,0.262,0.27,102.45,102.48,85.4,102.48,0.139,4554,7.3,16.4,Scottie Barnes
1630590,Scotty,1610612763,MEM,24.0,79,46,33,0.582,1682.88,285,594,0.48,87,219,0.397,122,171,0.713,65,194,259,347,138,103,30,43,203,186,779,44,1871.3,9,1,1738.0,1,2024-25,21.3,110.8,111.0,111.0,108.2,109.7,109.7,2.6,1.3,1.3,0.283,2.51,30.3,0.035,0.105,0.07,12.0,12.0,0.553,0.582,0.188,0.195,106.43,105.6,88.0,105.6,0.106,3700,3.6,7.5,Scotty Pippen Jr.
203552,Seth,1610612766,CHA,34.0,68,17,51,0.25,1061.9566666666667,164,343,0.478,83,182,0.456,33,39,0.846,24,89,113,60,32,27,7,7,59,52,444,-171,739.6,0,0,768.0,1,2024-25,15.6,104.4,106.2,106.2,114.1,114.1,114.1,-9.7,-8.0,-8.0,0.087,1.88,13.4,0.02,0.081,0.049,7.1,7.1,0.599,0.616,0.151,0.156,100.0,99.1,82.58,99.1,0.083,2194,2.4,5.0,Seth Curry
1631101,Shaedon,1610612757,POR,22.0,72,32,40,0.444,2252.33,499,1104,0.452,147,472,0.311,190,242,0.785,68,256,324,198,150,62,16,48,120,189,1335,-138,2104.8,3,0,2160.0,1,2024-25,31.3,109.5,111.4,111.4,113.5,114.4,114.4,-3.9,-3.0,-3.0,0.138,1.32,12.7,0.029,0.114,0.07,9.7,9.6,0.519,0.551,0.25,0.255,101.12,99.88,83.23,99.88,0.102,4688,6.9,15.3,Shaedon Sharpe
1628983,Shai,1610612760,OKC,26.0,76,63,13,0.829,2597.63,860,1656,0.519,163,435,0.375,601,669,0.898,67,312,379,486,183,131,77,77,164,467,2484,918,4108.8,6,0,3928.0,1,2024-25,34.2,120.6,122.4,122.4,104.7,105.7,105.7,16.0,16.7,16.7,0.299,2.66,18.7,0.025,0.112,0.069,7.0,7.0,0.569,0.637,0.336,0.345,103.18,101.91,84.92,101.91,0.199,5514,11.3,21.8,Shai Gilgeous-Alexander
1629003,Shake,1610612747,LAL,28.0,57,29,28,0.509,836.2766666666666,115,254,0.453,38,106,0.358,47,59,0.797,31,73,104,102,40,25,4,19,67,64,315,-118,639.8,1,0,617.0,2,2024-25,14.7,106.5,106.2,106.2,113.0,113.1,113.1,-6.5,-6.9,-6.9,0.184,2.55,24.2,0.036,0.086,0.061,9.5,9.5,0.528,0.563,0.162,0.168,98.68,98.81,82.34,98.81,0.081,1722,2.0,4.5,Shake Milton
1631321,Sidy,1610612757,POR,21.0,22,11,11,0.5,114.46333333333334,13,30,0.433,3,13,0.231,3,9,0.333,8,13,21,15,11,2,1,5,10,7,32,8,77.7,0,0,77.0,2,2024-25,5.2,95.4,91.2,91.2,89.8,89.0,89.0,5.5,2.1,2.1,0.197,1.36,25.4,0.068,0.1,0.085,18.6,18.3,0.483,0.471,0.156,0.168,101.03,103.79,86.49,103.79,0.057,249,0.6,1.4,Sidy Cissoko
1631323,Simone,1610612765,DET,29.0,75,38,37,0.507,1236.6816666666666,150,373,0.402,76,227,0.335,70,84,0.833,52,163,215,65,54,31,12,18,95,69,446,16,876.5,0,0,888.0,1,2024-25,16.5,109.9,110.7,110.7,109.9,109.5,109.5,0.1,1.2,1.2,0.071,1.2,12.3,0.04,0.127,0.083,10.2,10.2,0.504,0.544,0.152,0.157,103.46,103.26,86.05,103.26,0.068,2653,2.0,5.0,Simone Fontecchio
1627746,Skal,1610612758,SAC,29.0,4,2,2,0.5,11.96,2,4,0.5,1,1,1.0,0,0,0.0,1,2,3,1,0,0,0,0,1,0,5,-1,10.1,0,0,10.0,1,2024-25,3.0,126.4,114.8,114.8,122.7,128.0,128.0,3.7,-13.2,-13.2,0.125,0.0,20.0,0.083,0.222,0.143,0.0,0.0,0.625,0.625,0.129,0.14,101.54,104.35,86.96,104.35,0.092,27,0.5,1.0,Skal Labissiere
203915,Spencer,1610612742,DAL,32.0,79,37,42,0.468,2136.085,284,682,0.416,109,326,0.334,195,243,0.802,18,191,209,349,102,70,17,23,121,197,872,-222,1805.3,5,0,1713.0,1,2024-25,27.0,109.8,110.1,110.1,114.8,115.1,115.1,-5.0,-5.0,-5.0,0.228,3.42,28.3,0.008,0.086,0.048,8.3,8.2,0.496,0.553,0.175,0.181,101.64,101.4,84.5,101.4,0.089,4515,3.6,8.6,Spencer Dinwiddie
1642461,Spencer,1610612743,DEN,24.0,20,13,7,0.65,124.625,11,34,0.324,1,17,0.059,3,3,1.0,8,9,17,5,5,5,5,0,17,2,26,-45,78.9,0,0,69.0,1,2024-25,6.2,94.6,89.4,89.4,109.6,107.4,107.4,-15.1,-18.0,-18.0,0.06,1.0,11.1,0.057,0.067,0.062,11.1,11.0,0.338,0.368,0.128,0.138,100.84,104.76,87.3,104.76,0.013,274,0.6,1.7,Spencer Jones
1630649,Stanley,1610612749,MIL,26.0,22,15,7,0.682,85.77666666666667,5,26,0.192,3,15,0.2,2,4,0.5,4,13,17,4,3,3,6,1,8,2,15,-15,65.4,0,0,57.0,1,2024-25,3.9,90.4,85.6,85.6,99.0,95.8,95.8,-8.6,-10.1,-10.1,0.071,1.33,11.4,0.043,0.131,0.089,8.6,8.6,0.25,0.27,0.137,0.146,103.08,107.72,89.77,107.72,0.022,195,0.2,1.2,Stanley Umude
201939,Stephen,1610612744,GSW,37.0,70,41,29,0.586,2252.45,564,1258,0.448,311,784,0.397,279,299,0.933,40,270,310,421,200,80,30,47,95,247,1718,299,2851.5,9,0,2980.0,1,2024-25,32.2,116.9,118.4,118.4,112.3,112.7,112.7,4.7,5.7,5.7,0.284,2.11,21.1,0.017,0.118,0.066,10.0,9.9,0.572,0.618,0.286,0.293,102.55,101.72,84.77,101.72,0.145,4785,8.1,18.0,Stephen Curry
1642264,Stephon,1610612759,SAS,20.0,81,33,48,0.407,2162.0216666666665,423,988,0.428,95,333,0.285,249,344,0.724,89,208,297,332,177,74,22,66,164,262,1190,-239,2155.4,6,0,2106.0,1,2024-25,26.7,112.0,111.8,111.8,115.2,116.6,116.6,-3.3,-4.7,-4.7,0.231,1.88,20.1,0.039,0.092,0.066,10.7,10.7,0.476,0.522,0.253,0.259,102.42,101.89,84.91,101.89,0.087,4580,5.2,12.2,Stephon Castle
203500,Steven,1610612745,HOU,31.0,58,38,20,0.655,794.0666666666667,91,167,0.545,0,2,0.0,43,93,0.462,166,161,327,66,54,22,28,10,60,103,225,172,812.4,3,0,718.0,1,2024-25,13.7,112.5,115.3,115.3,106.2,105.9,105.9,6.3,9.4,9.4,0.107,1.22,20.1,0.181,0.193,0.187,16.4,16.5,0.545,0.541,0.127,0.13,100.91,99.77,83.14,99.77,0.109,1658,1.6,2.9,Steven Adams
1629004,Svi,1610612762,UTA,28.0,38,6,32,0.158,760.3066666666666,118,302,0.391,70,203,0.345,28,35,0.8,22,68,90,76,52,19,7,16,43,30,334,-106,582.0,0,0,622.0,1,2024-25,20.0,109.4,110.3,110.3,116.9,117.7,117.7,-7.5,-7.4,-7.4,0.144,1.46,17.1,0.026,0.085,0.055,11.7,11.7,0.507,0.526,0.198,0.202,102.59,101.83,84.86,101.83,0.067,1619,3.1,7.9,Svi Mykhailiuk
204456,T.J.,1610612754,IND,33.0,79,49,30,0.62,1415.4333333333334,324,624,0.519,15,49,0.306,57,77,0.74,44,149,193,351,109,83,21,42,79,95,720,-56,1681.1,2,0,1487.0,1,2024-25,17.9,113.0,111.1,111.1,113.8,113.8,113.8,-0.9,-2.7,-2.7,0.359,3.22,31.3,0.032,0.104,0.069,9.7,9.8,0.531,0.547,0.226,0.234,102.86,103.69,86.4,103.69,0.129,3069,4.1,7.9,T.J. McConnell
201959,Taj,1610612766,CHA,40.0,37,10,27,0.27,408.85,47,95,0.495,1,2,0.5,12,20,0.6,51,69,120,21,25,9,18,12,54,20,107,-124,338.5,1,0,303.0,1,2024-25,11.1,96.9,96.6,96.6,110.7,110.4,110.4,-13.8,-13.8,-13.8,0.081,0.84,14.0,0.114,0.151,0.133,16.7,16.7,0.5,0.515,0.132,0.137,99.07,99.38,82.82,99.38,0.068,843,1.3,2.6,Taj Gibson
1629659,Talen,1610612741,CHI,24.0,58,26,32,0.448,723.695,133,291,0.457,41,122,0.336,72,98,0.735,19,81,100,83,40,21,11,17,59,67,379,19,679.5,0,0,667.0,1,2024-25,12.5,112.5,111.4,111.4,109.7,109.8,109.8,2.8,1.7,1.7,0.162,2.08,18.1,0.025,0.097,0.063,8.7,8.8,0.527,0.567,0.208,0.215,106.38,106.82,89.02,106.82,0.09,1607,2.3,5.0,Talen Horton-Tucker
1631106,Tari,1610612745,HOU,24.0,57,36,21,0.632,1420.1933333333334,272,559,0.487,63,184,0.342,79,104,0.76,128,234,362,83,65,97,50,45,136,76,686,145,1620.9,6,0,1488.0,1,2024-25,24.9,113.3,114.8,114.8,108.3,109.2,109.2,5.0,5.6,5.6,0.082,1.28,11.0,0.081,0.158,0.118,8.6,8.6,0.543,0.567,0.185,0.191,102.62,101.55,84.62,101.55,0.117,2994,4.8,9.8,Tari Eason
1627752,Taurean,1610612749,MIL,31.0,80,46,34,0.575,2165.86,235,514,0.457,147,335,0.439,39,48,0.813,34,253,287,155,82,76,15,22,165,60,656,-22,1423.9,1,0,1427.0,1,2024-25,27.1,113.7,114.0,114.0,113.5,114.5,114.5,0.2,-0.4,-0.4,0.093,1.89,20.1,0.016,0.11,0.065,10.6,10.6,0.6,0.613,0.123,0.125,101.52,100.95,84.12,100.95,0.064,4554,2.9,6.4,Taurean Prince
1641707,Taylor,1610612762,UTA,21.0,3,0,3,0.0,74.51666666666667,4,18,0.222,3,12,0.25,3,4,0.75,5,10,15,2,2,5,4,0,8,2,14,-22,60.0,0,0,52.0,1,2024-25,24.8,92.5,95.7,95.7,109.0,109.2,109.2,-16.6,-13.5,-13.5,0.04,1.0,8.3,0.054,0.115,0.083,8.3,8.4,0.306,0.354,0.113,0.114,106.9,105.0,87.5,105.0,0.036,163,1.3,6.0,Taylor Hendricks
1631386,Taze,1610612757,POR,27.0,2,0,2,0.0,19.85,2,10,0.2,1,4,0.25,1,2,0.5,4,4,8,1,2,2,0,1,0,1,6,-7,21.1,0,0,20.0,1,2024-25,9.9,59.2,58.7,58.7,74.5,77.3,77.3,-15.3,-18.6,-18.6,0.125,0.5,7.1,0.121,0.16,0.138,14.3,14.4,0.25,0.276,0.224,0.236,110.36,108.82,90.68,108.82,0.105,46,1.0,5.0,Taze Moore
1629611,Terance,1610612737,ATL,28.0,67,37,30,0.552,1414.25,205,413,0.496,60,163,0.368,47,68,0.691,68,131,199,121,47,47,15,28,128,64,517,-95,1076.3,0,0,1021.0,2,2024-25,21.1,112.2,112.9,112.9,114.2,115.2,115.2,-2.0,-2.3,-2.3,0.118,2.57,19.8,0.047,0.094,0.07,7.7,7.7,0.569,0.584,0.145,0.148,101.15,100.43,83.69,100.43,0.074,2947,3.1,6.2,Terance Mann
1629056,Terence,1610612758,SAC,28.0,1,1,0,1.0,7.883333333333334,0,2,0.0,0,1,0.0,0,0,0.0,0,1,1,1,0,0,0,0,0,0,0,-3,2.7,0,0,2.0,1,2024-25,7.9,81.3,86.7,86.7,107.5,106.7,106.7,-26.3,-20.0,-20.0,0.167,0.0,33.3,0.0,0.111,0.059,0.0,0.0,0.0,0.0,0.111,0.118,94.01,91.33,76.11,91.33,0.0,15,0.0,2.0,Terence Davis
1630545,Terrence,1610612750,MIN,24.0,32,21,11,0.656,338.8283333333333,55,114,0.482,11,31,0.355,17,21,0.81,10,37,47,32,15,7,5,18,27,16,138,11,263.4,1,0,252.0,1,2024-25,10.6,110.1,107.8,107.8,106.8,107.0,107.0,3.3,0.8,0.8,0.139,2.13,18.8,0.029,0.1,0.065,8.8,8.8,0.531,0.56,0.166,0.174,102.71,103.77,86.47,103.77,0.082,735,1.7,3.6,Terrence Shannon Jr.
1626179,Terry,1610612748,MIA,31.0,64,27,37,0.422,1658.22,248,635,0.391,91,308,0.295,92,108,0.852,44,194,238,167,78,37,14,36,73,98,679,-141,1290.1,0,0,1277.0,1,2024-25,25.9,107.4,107.3,107.3,111.6,112.3,112.3,-4.2,-4.9,-4.9,0.152,2.14,18.1,0.025,0.113,0.068,8.4,8.4,0.462,0.497,0.195,0.201,99.38,99.13,82.61,99.13,0.078,3437,3.9,9.9,Terry Rozier
1630678,Terry,1610612758,SAC,25.0,3,1,2,0.333,6.333333333333333,0,1,0.0,0,0,0.0,0,0,0.0,1,0,1,2,0,0,0,0,0,0,0,9,4.2,0,0,3.0,1,2024-25,2.1,147.5,135.7,135.7,84.2,71.4,71.4,63.3,64.3,64.3,0.286,0.0,66.7,0.25,0.0,0.083,0.0,0.0,0.0,0.0,0.067,0.072,93.83,106.11,88.42,106.11,0.043,14,0.0,0.3,Terry Taylor
1628418,Thomas,1610612754,IND,27.0,66,44,22,0.667,963.0166666666668,163,321,0.508,48,148,0.324,55,64,0.859,83,168,251,53,30,28,41,17,76,62,429,-37,986.7,1,0,919.0,2,2024-25,14.6,112.3,109.9,109.9,112.6,113.4,113.4,-0.4,-3.5,-3.5,0.078,1.77,12.4,0.085,0.169,0.128,7.0,6.9,0.583,0.614,0.162,0.17,101.71,102.45,85.38,102.45,0.11,2071,2.5,4.9,Thomas Bryant
1642275,Tidjane,1610612766,CHA,19.0,60,12,48,0.2,1244.3533333333332,114,345,0.33,58,205,0.283,67,94,0.713,70,210,280,74,58,29,14,29,84,79,353,-321,871.0,2,0,851.0,1,2024-25,20.7,98.1,99.4,99.4,111.7,111.2,111.2,-13.6,-11.9,-11.9,0.092,1.28,14.2,0.05,0.168,0.106,11.2,11.2,0.414,0.457,0.15,0.153,98.97,98.5,82.08,98.5,0.065,2545,1.9,5.8,Tidjane Salaün
203501,Tim,1610612765,DET,33.0,77,41,36,0.532,2152.795,276,680,0.406,168,457,0.368,124,145,0.855,18,165,183,123,48,38,7,19,96,151,844,25,1335.1,0,0,1408.0,1,2024-25,28.0,112.4,113.8,113.8,112.7,114.2,114.2,-0.3,-0.5,-0.5,0.074,2.56,13.6,0.008,0.075,0.042,5.3,5.2,0.529,0.567,0.151,0.156,102.0,100.66,83.88,100.66,0.066,4535,3.6,8.8,Tim Hardaway Jr.
202699,Tobias,1610612765,DET,32.0,73,40,33,0.548,2305.4133333333334,384,805,0.477,91,264,0.345,143,166,0.861,65,367,432,162,85,74,57,46,138,121,1002,187,2071.4,5,0,1949.0,1,2024-25,31.6,113.1,114.7,114.7,109.4,110.8,110.8,3.7,3.9,3.9,0.095,1.91,14.4,0.028,0.155,0.092,7.6,7.6,0.534,0.571,0.173,0.176,102.25,100.89,84.07,100.89,0.1,4845,5.3,11.0,Tobias Harris
1642449,Tolu,1610612765,DET,24.0,1,0,1,0.0,22.35,6,9,0.667,0,0,0.0,2,3,0.667,4,4,8,0,2,0,0,2,3,4,14,7,21.6,0,0,22.0,1,2024-25,22.4,111.6,117.4,117.4,102.8,104.4,104.4,8.8,12.9,12.9,0.0,0.0,0.0,0.129,0.2,0.157,16.7,16.2,0.667,0.678,0.2,0.211,101.07,97.72,81.43,97.72,0.149,46,6.0,9.0,Tolu Smith
1628396,Tony,1610612754,IND,27.0,14,11,3,0.786,112.73833333333332,29,45,0.644,1,3,0.333,2,6,0.333,18,24,42,6,5,2,9,4,11,10,61,44,148.4,1,0,132.0,1,2024-25,8.1,113.3,112.6,112.6,94.2,93.6,93.6,19.2,19.0,19.0,0.08,1.2,10.2,0.151,0.192,0.172,8.5,8.5,0.656,0.64,0.182,0.185,104.7,105.38,87.81,105.38,0.16,246,2.1,3.2,Tony Bradley
1628470,Torrey,1610612738,BOS,34.0,26,16,10,0.615,313.94666666666666,38,90,0.422,24,66,0.364,8,12,0.667,27,46,73,17,8,8,12,3,34,10,108,-49,273.1,0,0,262.0,2,2024-25,12.1,105.1,104.9,104.9,110.2,109.8,109.8,-5.1,-5.0,-5.0,0.078,2.13,14.0,0.076,0.138,0.106,6.6,6.7,0.556,0.567,0.139,0.143,97.9,98.16,81.8,98.16,0.08,634,1.5,3.5,Torrey Craig
1641787,Tosan,1610612751,BKN,24.0,28,8,20,0.286,664.93,94,220,0.427,24,77,0.312,55,73,0.753,32,88,120,55,39,24,10,21,55,59,267,-66,556.5,0,0,534.0,1,2024-25,23.7,103.8,103.4,103.4,107.9,108.4,108.4,-4.1,-5.0,-5.0,0.132,1.41,15.9,0.044,0.136,0.087,11.2,11.3,0.482,0.53,0.183,0.189,97.98,97.96,81.63,97.96,0.087,1358,3.4,7.9,Tosan Evbuomwan
1641739,Toumani,1610612757,POR,25.0,78,33,45,0.423,2548.0516666666667,328,716,0.458,135,360,0.375,91,126,0.722,173,277,450,175,109,116,50,28,230,221,882,-114,2073.5,4,0,1974.0,1,2024-25,32.7,109.1,111.5,111.5,112.2,113.3,113.3,-3.1,-1.8,-1.8,0.096,1.61,16.6,0.063,0.11,0.086,10.3,10.3,0.552,0.572,0.143,0.145,100.96,99.38,82.82,99.38,0.076,5267,4.2,9.2,Toumani Camara
1629027,Trae,1610612737,ATL,26.0,76,36,40,0.474,2739.06,566,1376,0.411,218,642,0.34,491,561,0.875,36,200,236,880,355,91,12,66,145,430,1841,34,3398.2,51,0,3381.0,1,2024-25,36.0,114.2,115.2,115.2,113.9,114.6,114.6,0.3,0.6,0.6,0.452,2.48,30.9,0.012,0.072,0.042,12.5,12.4,0.491,0.567,0.285,0.292,106.32,105.51,87.93,105.51,0.129,6020,7.4,18.1,Trae Young
1631218,Trayce,1610612744,GSW,25.0,62,33,29,0.532,966.7866666666666,174,302,0.576,0,3,0.0,59,102,0.578,122,189,311,104,45,23,38,43,73,75,407,-61,1074.2,4,0,944.0,1,2024-25,15.6,108.0,107.8,107.8,111.5,111.3,111.3,-3.5,-3.5,-3.5,0.163,2.31,21.1,0.115,0.192,0.152,9.1,9.1,0.576,0.587,0.164,0.17,101.38,101.53,84.61,101.53,0.12,2050,2.8,4.9,Trayce Jackson-Davis
1630200,Tre,1610612741,CHI,25.0,46,21,25,0.457,904.9716666666668,128,238,0.538,19,48,0.396,55,67,0.821,31,85,116,192,35,37,10,18,55,67,330,-31,863.2,1,0,751.0,2,2024-25,19.7,111.7,112.0,112.0,112.8,113.5,113.5,-1.1,-1.5,-1.5,0.289,5.49,38.9,0.032,0.086,0.059,7.1,7.1,0.578,0.617,0.136,0.14,103.85,103.35,86.12,103.35,0.11,1948,2.8,5.2,Tre Jones
1630544,Tre,1610612766,CHA,24.0,13,6,7,0.462,319.045,70,161,0.435,24,60,0.4,19,21,0.905,12,26,38,39,25,7,4,13,24,21,183,-55,295.1,0,0,306.0,1,2024-25,24.5,105.9,107.0,107.0,114.0,114.4,114.4,-8.1,-7.3,-7.3,0.219,1.56,16.7,0.034,0.079,0.056,10.7,10.7,0.509,0.537,0.25,0.261,99.67,99.0,82.5,99.0,0.098,655,5.4,12.4,Tre Mann
1630570,Trendon,1610612751,BKN,24.0,44,16,28,0.364,912.6766666666666,164,350,0.469,29,88,0.33,93,122,0.762,37,123,160,115,83,27,12,36,95,106,450,-65,848.5,1,0,832.0,1,2024-25,20.7,105.6,105.1,105.1,108.3,109.4,109.4,-2.7,-4.4,-4.4,0.211,1.39,19.1,0.038,0.132,0.084,13.8,13.8,0.51,0.557,0.226,0.233,98.09,97.8,81.5,97.8,0.101,1867,3.7,8.0,Trendon Watford
1642280,Trentyn,1610612746,LAC,20.0,6,4,2,0.667,26.515,4,11,0.364,0,2,0.0,3,3,1.0,1,3,4,0,1,0,0,0,4,2,11,-6,14.8,0,0,15.0,1,2024-25,4.4,94.5,88.5,88.5,105.6,101.7,101.7,-11.2,-13.2,-13.2,0.0,0.0,0.0,0.042,0.097,0.073,7.7,7.5,0.364,0.446,0.194,0.211,103.15,108.62,90.51,108.62,0.029,61,0.7,1.8,Trentyn Flowers
1630243,Trevelin,1610612753,ORL,28.0,31,15,16,0.484,430.28,56,147,0.381,22,77,0.286,18,21,0.857,26,28,54,38,22,31,10,11,38,17,152,-86,374.8,0,0,348.0,1,2024-25,13.9,101.2,101.9,101.9,111.5,111.1,111.1,-10.3,-9.2,-9.2,0.141,1.73,17.5,0.056,0.071,0.063,10.1,10.2,0.456,0.486,0.176,0.18,99.14,98.95,82.46,98.95,0.071,885,1.8,4.7,Trevelin Queen
1641725,Trey,1610612743,DEN,22.0,24,14,10,0.583,117.22166666666666,13,41,0.317,3,17,0.176,3,4,0.75,1,11,12,11,5,2,1,1,10,4,32,-25,66.9,0,0,64.0,1,2024-25,4.9,94.4,94.2,94.2,110.0,105.1,105.1,-15.6,-10.9,-10.9,0.136,2.2,18.6,0.008,0.087,0.047,8.5,8.5,0.354,0.374,0.165,0.17,102.95,105.44,87.87,105.44,0.029,259,0.5,1.7,Trey Alexander
1641998,Trey,1610612747,LAL,25.0,38,17,21,0.447,392.0233333333333,41,74,0.554,0,0,0.0,13,33,0.394,44,61,105,16,24,9,15,10,69,20,95,-18,293.0,0,0,264.0,2,2024-25,10.3,107.0,105.6,105.6,109.4,107.8,107.8,-2.3,-2.2,-2.2,0.058,0.67,12.3,0.114,0.141,0.128,18.5,18.7,0.554,0.537,0.121,0.124,97.66,99.06,82.55,99.06,0.044,809,1.1,1.9,Trey Jemison III
1626168,Trey,1610612758,SAC,29.0,69,34,35,0.493,1349.5216666666668,157,374,0.42,81,238,0.34,56,80,0.7,80,236,316,82,39,41,23,12,86,79,451,-70,1106.2,1,0,1058.0,1,2024-25,19.6,111.7,111.8,111.8,113.6,113.8,113.8,-1.9,-2.0,-2.0,0.084,2.1,15.4,0.056,0.177,0.114,7.3,7.4,0.528,0.551,0.139,0.142,100.18,100.04,83.36,100.04,0.087,2807,2.3,5.4,Trey Lyles
1630530,Trey,1610612740,NOP,25.0,53,14,39,0.264,1854.23,381,839,0.454,158,438,0.361,204,230,0.887,47,221,268,188,103,56,39,29,112,186,1124,-384,1909.6,2,0,1928.0,1,2024-25,35.0,108.5,109.0,109.0,117.3,118.7,118.7,-8.9,-9.7,-9.7,0.157,1.83,15.4,0.024,0.117,0.069,8.4,8.4,0.548,0.598,0.229,0.236,102.89,102.03,85.03,102.03,0.11,3941,7.2,15.8,Trey Murphy III
202684,Tristan,1610612739,CLE,34.0,40,31,9,0.775,328.17,31,71,0.437,0,3,0.0,7,30,0.233,32,102,134,24,14,2,11,7,36,22,69,-85,290.8,0,0,253.0,1,2024-25,8.2,98.4,97.2,97.2,109.0,109.8,109.8,-10.5,-12.5,-12.5,0.109,1.71,19.5,0.084,0.271,0.177,11.4,11.5,0.437,0.41,0.123,0.127,100.3,100.56,83.8,100.56,0.083,688,0.8,1.8,Tristan Thompson
1641774,Tristan,1610612764,WAS,22.0,35,7,28,0.2,512.51,120,242,0.496,38,102,0.373,52,67,0.776,26,104,130,39,42,11,23,9,57,58,330,-125,604.5,1,0,605.0,1,2024-25,14.6,102.5,102.6,102.6,113.2,114.3,114.3,-10.7,-11.7,-11.7,0.136,0.93,11.1,0.046,0.186,0.116,12.0,11.9,0.574,0.608,0.252,0.261,103.36,102.79,85.66,102.79,0.127,1099,3.4,6.9,Tristan Vukcevic
1641783,Tristan,1610612753,ORL,24.0,74,35,39,0.473,1628.611666666667,199,483,0.412,80,239,0.335,55,63,0.873,73,172,245,113,56,33,18,24,94,57,533,-127,1093.5,1,0,1073.0,1,2024-25,22.0,105.0,106.1,106.1,109.5,110.3,110.3,-4.5,-4.2,-4.2,0.105,2.02,16.6,0.042,0.114,0.076,8.2,8.2,0.495,0.522,0.149,0.153,97.81,96.97,80.81,96.97,0.074,3295,2.7,6.5,Tristan da Silva
1641803,Tristen,1610612750,MIN,24.0,8,2,6,0.25,16.145,1,8,0.125,0,3,0.0,1,1,1.0,2,2,4,2,2,1,0,1,4,1,3,-5,11.8,0,0,11.0,2,2024-25,2.0,87.9,83.3,83.3,104.5,97.6,97.6,-16.6,-14.2,-14.2,0.182,1.0,16.7,0.071,0.111,0.087,16.7,16.1,0.125,0.178,0.185,0.209,116.13,123.38,102.82,123.38,-0.068,42,0.1,1.0,Tristen Newton
1629660,Ty,1610612739,CLE,27.0,70,55,15,0.786,1392.4,319,618,0.516,111,253,0.439,129,148,0.872,50,123,173,237,92,78,3,27,102,124,878,302,1592.1,0,0,1561.0,1,2024-25,19.9,120.4,120.3,120.3,109.5,110.4,110.4,10.9,9.9,9.9,0.241,2.58,23.5,0.036,0.083,0.06,9.1,9.1,0.606,0.643,0.229,0.236,102.33,101.92,84.93,101.92,0.134,2960,4.6,8.8,Ty Jerome
1631102,TyTy,1610612756,PHX,23.0,16,4,12,0.25,118.34833333333331,14,45,0.311,4,21,0.19,3,6,0.5,4,9,13,16,3,3,0,0,4,4,35,2,80.6,0,0,74.0,1,2024-25,7.4,110.3,109.2,109.2,109.0,105.7,105.7,1.3,3.5,3.5,0.188,5.33,23.9,0.031,0.07,0.05,4.5,4.5,0.356,0.367,0.187,0.189,96.56,98.56,82.13,98.56,0.049,240,0.9,2.8,TyTy Washington Jr.
1629639,Tyler,1610612748,MIA,25.0,77,37,40,0.481,2725.08,651,1378,0.472,251,670,0.375,287,327,0.878,35,364,399,424,198,69,17,75,85,227,1840,99,3014.8,9,0,3086.0,1,2024-25,35.4,112.9,113.9,113.9,112.0,112.6,112.6,0.9,1.3,1.3,0.254,2.14,20.0,0.013,0.132,0.073,9.3,9.2,0.563,0.605,0.271,0.279,98.46,97.78,81.48,97.78,0.139,5564,8.5,17.9,Tyler Herro
1642278,Tyler,1610612752,NYK,24.0,41,27,14,0.659,296.15166666666664,27,82,0.329,14,47,0.298,13,17,0.765,8,19,27,70,18,12,4,3,26,21,81,-1,248.4,0,0,224.0,1,2024-25,7.2,106.7,104.1,104.1,105.9,104.4,104.4,0.8,-0.3,-0.3,0.321,3.89,39.3,0.027,0.059,0.043,10.1,10.1,0.415,0.453,0.152,0.159,100.39,102.35,85.29,102.35,0.072,632,0.7,2.0,Tyler Kolek
1641890,Tyler,1610612749,MIL,20.0,23,12,11,0.522,121.57333333333334,24,50,0.48,13,30,0.433,6,8,0.75,6,19,25,4,8,3,4,1,11,7,67,8,116.0,0,0,123.0,1,2024-25,5.3,103.7,103.4,103.4,101.5,96.3,96.3,2.2,7.1,7.1,0.056,0.5,6.2,0.05,0.143,0.098,12.3,12.2,0.61,0.626,0.205,0.215,102.33,105.22,87.68,105.22,0.123,261,1.0,2.2,Tyler Smith
1630169,Tyrese,1610612754,IND,25.0,73,46,27,0.63,2450.391666666667,476,1006,0.473,218,562,0.388,189,222,0.851,42,216,258,673,120,105,49,23,92,175,1359,222,3020.1,31,0,2816.0,1,2024-25,33.6,117.0,117.7,117.7,113.0,114.2,114.2,3.9,3.5,3.5,0.384,5.61,35.8,0.017,0.087,0.052,6.4,6.3,0.582,0.616,0.21,0.217,101.67,100.82,84.02,100.82,0.143,5165,6.5,13.8,Tyrese Haliburton
1631213,Tyrese,1610612751,BKN,26.0,60,16,44,0.267,1315.32,189,465,0.406,99,282,0.351,46,58,0.793,58,161,219,122,74,34,9,15,77,50,523,-258,1023.8,1,0,1049.0,1,2024-25,21.9,103.7,103.2,103.2,113.4,113.4,113.4,-9.8,-10.2,-10.2,0.15,1.65,17.7,0.04,0.133,0.083,10.8,10.8,0.513,0.533,0.179,0.185,98.38,98.64,82.2,98.64,0.084,2711,3.2,7.8,Tyrese Martin
1630178,Tyrese,1610612755,PHI,24.0,52,20,32,0.385,1960.195,477,1091,0.437,161,478,0.337,254,289,0.879,15,159,174,317,124,91,21,61,116,224,1369,-124,2265.3,8,1,2245.0,1,2024-25,37.7,112.2,113.8,113.8,115.8,117.4,117.4,-3.6,-3.5,-3.5,0.276,2.56,19.2,0.007,0.087,0.045,7.5,7.5,0.511,0.562,0.293,0.299,99.75,98.34,81.95,98.34,0.127,4024,9.2,21.0,Tyrese Maxey
1630623,Tyson,1610612751,BKN,25.0,7,1,6,0.143,151.08166666666668,17,52,0.327,13,44,0.295,8,10,0.8,3,6,9,12,8,3,1,2,17,8,55,-70,87.8,0,0,97.0,1,2024-25,21.6,99.4,98.8,98.8,121.5,119.3,119.3,-22.1,-20.5,-20.5,0.126,1.5,15.6,0.018,0.046,0.03,10.4,10.5,0.452,0.488,0.177,0.183,103.88,105.16,87.63,105.16,0.024,330,2.4,7.4,Tyson Etienne
1626145,Tyus,1610612756,PHX,29.0,81,36,45,0.444,2173.516666666667,306,683,0.448,166,401,0.414,51,57,0.895,40,156,196,429,91,69,8,26,63,76,829,-92,1847.7,6,0,1774.0,1,2024-25,26.8,113.4,113.6,113.6,116.0,116.1,116.1,-2.6,-2.5,-2.5,0.276,4.71,34.9,0.019,0.069,0.045,7.4,7.4,0.57,0.585,0.16,0.163,99.32,99.19,82.66,99.19,0.099,4500,3.8,8.4,Tyus Jones
1642279,Ulrich,1610612761,TOR,19.0,7,3,4,0.429,32.175,2,5,0.4,0,0,0.0,1,2,0.5,4,4,8,2,2,0,1,0,5,1,5,-24,18.6,0,0,17.0,1,2024-25,4.6,105.8,96.9,96.9,145.5,140.3,140.3,-39.7,-43.4,-43.4,0.111,1.0,20.0,0.129,0.182,0.151,20.0,20.2,0.4,0.425,0.108,0.115,89.03,94.73,78.94,94.73,0.02,65,0.3,0.7,Ulrich Chomche
203995,Vasilije,1610612756,PHX,31.0,41,8,33,0.195,784.9083333333333,95,273,0.348,45,125,0.36,34,41,0.829,20,69,89,128,77,15,0,23,45,48,269,-122,535.8,1,0,561.0,2,2024-25,19.1,101.3,102.2,102.2,108.4,109.4,109.4,-7.1,-7.2,-7.2,0.258,1.66,25.9,0.023,0.085,0.053,15.6,15.5,0.43,0.462,0.199,0.204,98.34,97.45,81.21,97.45,0.061,1590,2.3,6.7,Vasilije Micic
1641705,Victor,1610612759,SAS,21.0,46,21,25,0.457,1527.253333333333,408,857,0.476,142,403,0.352,158,189,0.836,82,424,506,168,149,52,176,27,105,226,1116,102,2510.2,28,1,2388.0,1,2024-25,33.2,113.0,112.5,112.5,109.9,110.0,110.0,3.0,2.6,2.6,0.184,1.13,13.4,0.054,0.255,0.159,11.9,11.9,0.559,0.594,0.3,0.309,100.82,100.98,84.15,100.98,0.168,3222,8.9,18.6,Victor Wembanyama
1631246,Vince,1610612763,MEM,24.0,27,10,17,0.37,498.5466666666667,67,167,0.401,26,95,0.274,19,24,0.792,22,76,98,55,33,12,7,7,45,34,179,6,403.1,1,0,396.0,1,2024-25,18.5,117.2,117.4,117.4,116.3,116.2,116.2,0.9,1.2,1.2,0.14,1.67,20.8,0.042,0.15,0.096,12.5,12.4,0.479,0.504,0.166,0.172,105.27,105.23,87.69,105.23,0.065,1090,2.5,6.2,Vince Williams Jr.
1628427,Vlatko,1610612743,DEN,28.0,13,2,11,0.154,135.82833333333335,10,26,0.385,4,15,0.267,0,0,0.0,6,26,32,9,11,3,2,2,10,4,24,-18,79.9,0,0,79.0,1,2024-25,10.4,93.9,93.5,93.5,103.8,100.3,100.3,-9.8,-6.9,-6.9,0.095,0.82,19.6,0.038,0.17,0.102,23.9,23.9,0.462,0.462,0.109,0.112,100.91,102.84,85.7,102.84,0.062,292,0.8,2.0,Vlatko Cancar
1630249,Vít,1610612737,ATL,25.0,57,28,29,0.491,1152.631666666667,145,292,0.497,90,206,0.437,32,45,0.711,22,134,156,147,50,36,26,8,105,41,412,-66,955.7,1,0,929.0,1,2024-25,20.2,109.4,109.7,109.7,110.9,111.6,111.6,-1.6,-1.9,-1.9,0.175,2.94,28.9,0.019,0.116,0.067,9.8,9.8,0.651,0.661,0.131,0.134,103.13,102.63,85.53,102.63,0.086,2456,2.5,5.1,Vít Krejčí
1631117,Walker,1610612762,UTA,23.0,58,14,44,0.241,1740.32,278,419,0.663,6,34,0.176,79,152,0.52,266,441,707,97,86,36,138,41,130,129,641,-329,2070.9,28,0,1799.0,1,2024-25,30.0,108.3,109.2,109.2,117.4,118.3,118.3,-9.1,-9.1,-9.1,0.083,1.13,14.6,0.145,0.235,0.19,13.0,12.9,0.671,0.66,0.133,0.136,101.6,100.8,84.0,100.8,0.127,3656,4.8,7.2,Walker Kessler
1628976,Wendell,1610612753,ORL,26.0,68,31,37,0.456,1758.2683333333334,226,491,0.46,37,158,0.234,129,175,0.737,151,341,492,134,77,52,41,31,199,177,618,-13,1611.4,10,0,1467.0,1,2024-25,25.9,106.8,107.8,107.8,106.6,107.8,107.8,0.3,0.0,0.0,0.117,1.74,17.2,0.083,0.202,0.14,9.9,9.9,0.498,0.544,0.159,0.162,98.21,97.19,80.99,97.19,0.099,3554,3.3,7.2,Wendell Carter Jr.
1631111,Wendell,1610612766,CHA,23.0,36,11,25,0.306,498.9166666666667,59,126,0.468,14,41,0.341,18,22,0.818,30,65,95,42,27,20,5,12,31,19,150,-134,375.0,1,0,351.0,2,2024-25,13.9,98.7,99.6,99.6,112.5,112.0,112.0,-13.8,-12.4,-12.4,0.13,1.56,20.6,0.053,0.132,0.09,13.2,13.2,0.524,0.553,0.133,0.137,100.96,100.73,83.94,100.73,0.083,1045,1.6,3.5,Wendell Moore Jr.
1630214,Xavier,1610612738,BOS,26.0,33,26,7,0.788,230.9033333333333,13,53,0.245,5,32,0.156,3,4,0.75,10,33,43,7,14,11,5,4,18,5,34,-12,130.1,0,0,121.0,1,2024-25,7.0,107.8,106.6,106.6,109.6,108.9,108.9,-1.8,-2.3,-2.3,0.043,0.5,9.3,0.041,0.146,0.091,18.7,18.5,0.292,0.31,0.125,0.132,96.73,97.6,81.33,97.6,0.022,469,0.4,1.6,Xavier Tillman
1642530,Yuki,1610612763,MEM,24.0,22,17,5,0.773,92.66666666666669,11,30,0.367,7,23,0.304,7,9,0.778,0,12,12,19,5,2,0,0,8,6,36,27,79.9,0,0,78.0,1,2024-25,4.2,120.5,114.6,114.6,101.8,102.5,102.5,18.8,12.1,12.1,0.257,3.8,32.8,0.0,0.114,0.063,8.6,8.6,0.483,0.53,0.167,0.178,103.91,106.19,88.49,106.19,0.086,206,0.5,1.4,Yuki Kawamura
1641879,Yuri,1610612744,GSW,24.0,2,2,0,1.0,16.3,1,3,0.333,0,0,0.0,0,0,0.0,2,1,3,4,0,2,0,0,5,1,2,-5,17.6,0,0,13.0,1,2024-25,8.2,101.1,94.4,94.4,107.5,111.4,111.4,-6.4,-17.0,-17.0,0.333,0.0,57.1,0.083,0.071,0.079,0.0,0.0,0.333,0.333,0.068,0.072,102.95,104.54,87.12,104.54,0.048,36,0.5,1.5,Yuri Collins
1642274,Yves,1610612740,NOP,21.0,73,19,54,0.26,1955.79,269,492,0.547,0,1,0.0,127,204,0.623,255,346,601,99,82,37,98,65,145,166,665,-514,1857.7,14,0,1635.0,1,2024-25,26.8,107.2,107.8,107.8,118.9,120.5,120.5,-11.7,-12.7,-12.7,0.072,1.21,12.9,0.122,0.177,0.149,10.7,10.8,0.547,0.572,0.141,0.143,100.78,99.85,83.21,99.85,0.09,4069,3.7,6.7,Yves Missi
1642258,Zaccharie,1610612737,ATL,20.0,75,38,37,0.507,1843.3866666666668,357,779,0.458,122,344,0.355,106,149,0.711,86,182,268,92,92,52,37,53,149,106,942,-121,1576.6,1,0,1602.0,1,2024-25,24.6,111.4,112.3,112.3,114.0,115.0,115.0,-2.6,-2.7,-2.7,0.068,1.0,9.0,0.044,0.099,0.071,9.0,8.9,0.537,0.558,0.203,0.207,105.48,104.57,87.14,104.57,0.071,4011,4.8,10.4,Zaccharie Risacher
1628380,Zach,1610612741,CHI,27.0,64,34,30,0.531,977.06,153,302,0.507,32,106,0.302,69,78,0.885,102,186,288,111,60,29,29,19,132,84,407,-29,1033.1,4,0,954.0,2,2024-25,15.3,108.6,109.4,109.4,109.2,109.9,109.9,-0.6,-0.4,-0.4,0.162,1.85,21.9,0.096,0.177,0.136,11.8,11.8,0.56,0.605,0.166,0.169,103.44,102.77,85.64,102.77,0.106,2083,2.4,4.7,Zach Collins
1641744,Zach,1610612763,MEM,23.0,66,35,31,0.53,1415.765,251,433,0.58,18,52,0.346,90,127,0.709,232,316,548,65,88,36,85,31,182,118,610,164,1640.1,12,0,1483.0,1,2024-25,21.5,115.3,116.8,116.8,110.5,111.5,111.5,4.7,5.3,5.3,0.059,0.74,10.2,0.153,0.204,0.179,13.9,13.7,0.6,0.624,0.156,0.162,105.38,104.2,86.84,104.2,0.111,3074,3.8,6.6,Zach Edey
203897,Zach,1610612758,SAC,30.0,74,32,42,0.432,2602.48,625,1223,0.511,239,536,0.446,235,285,0.825,22,293,315,310,208,58,12,48,121,228,1724,-70,2569.0,6,0,2728.0,2,2024-25,35.2,114.4,115.4,115.4,115.3,116.8,116.8,-0.9,-1.4,-1.4,0.178,1.49,16.7,0.009,0.107,0.059,11.2,11.1,0.609,0.639,0.251,0.257,102.36,101.28,84.4,101.28,0.115,5493,8.4,16.5,Zach LaVine
1630192,Zeke,1610612743,DEN,24.0,57,36,21,0.632,607.9666666666667,70,141,0.496,17,52,0.327,27,44,0.614,33,57,90,23,14,25,38,13,62,38,184,-23,501.5,0,0,440.0,1,2024-25,10.7,107.6,107.3,107.3,108.9,108.9,108.9,-1.3,-1.6,-1.6,0.051,1.64,11.6,0.052,0.081,0.067,7.0,7.1,0.557,0.574,0.119,0.122,101.98,102.16,85.14,102.16,0.063,1293,1.2,2.5,Zeke Nnaji
1630533,Ziaire,1610612751,BKN,23.0,63,22,41,0.349,1541.4033333333334,214,520,0.412,103,302,0.341,101,123,0.821,61,226,287,84,67,62,28,38,149,116,632,-330,1305.4,2,0,1286.0,1,2024-25,24.5,105.5,106.5,106.5,114.8,116.2,116.2,-9.3,-9.7,-9.7,0.086,1.25,11.6,0.037,0.154,0.093,9.3,9.2,0.511,0.55,0.179,0.183,98.8,97.77,81.47,97.77,0.081,3128,3.4,8.3,Ziaire Williams
1629627,Zion,1610612740,NOP,24.0,30,10,20,0.333,857.2766666666666,288,508,0.567,3,13,0.231,158,241,0.656,76,140,216,159,90,37,27,61,82,170,737,-42,1336.7,8,2,1243.0,1,2024-25,28.6,112.9,113.7,113.7,115.9,115.5,115.5,-3.0,-1.8,-1.8,0.325,1.77,18.5,0.08,0.152,0.116,10.5,10.4,0.57,0.6,0.325,0.335,103.51,103.3,86.09,103.3,0.167,1841,9.6,16.9,Zion Williamson
1642389,Zyon,1610612763,MEM,24.0,3,1,2,0.333,2.6016666666666666,0,1,0.0,0,0,0.0,0,0,0.0,0,0,0,0,0,0,0,0,0,0,0,1,0.0,0,0,0.0,1,2024-25,0.9,100.0,83.3,83.3,100.0,66.7,66.7,0.0,16.7,16.7,0.0,0.0,0.0,0.0,0.0,0.0,0.0,0.0,0.0,0.0,0.167,0.2,83.02,110.7,92.25,110.7,-0.087,6,0.0,0.3,Zyon Pullin
