PLAYER_ID,PLAYER_NAME,NICKNAME,TEAM_ID,TEAM_ABBREVIATION,AGE,GP,W,L,W_PCT,MIN_trad,FGM,FGA,FG_PCT,FG3M,FG3A,FG3_PCT,FTM,FTA,FT_PCT,OREB,DREB,REB,AST,TOV,STL,BLK,BLKA,PF,PFD,PTS,PLUS_MINUS,NBA_FANTASY_PTS,DD2,TD3,WNBA_FANTASY_PTS,TEAM_COUNT,SEASON,MIN_adv,E_OFF_RATING,OFF_RATING,sp_work_OFF_RATING,E_DEF_RATING,DEF_RATING,sp_work_DEF_RATING,E_NET_RATING,NET_RATING,sp_work_NET_RATING,AST_PCT,AST_TO,AST_RATIO,OREB_PCT,DREB_PCT,REB_PCT,TM_TOV_PCT,E_TOV_PCT,EFG_PCT,TS_PCT,USG_PCT,E_USG_PCT,E_PACE,PACE,PACE_PER40,sp_work_PACE,PIE,POSS,FGM_PG,FGA_PG
1630639,A.J. Lawson,A.J.,1610612761,TOR,25.0,24,12,12,0.5,226.115,34,78,0.436,19,45,0.422,14,18,0.778,9,34,43,7,6,12,4,4,27,14,101,-9,205.1,0,0,202.0,1,2025-26,9.4,109.8,107.6,107.6,110.6,110.7,110.7,-0.8,-3.1,-3.1,0.046,1.17,7.1,0.039,0.156,0.096,6.1,6.1,0.558,0.588,0.172,0.18,98.51,99.45,82.88,99.45,0.091,471,1.4,3.3
1631260,AJ Green,AJ,1610612749,MIL,26.0,78,31,47,0.397,2269.9333333333334,262,618,0.424,232,554,0.419,53,62,0.855,29,184,213,152,75,39,8,14,179,81,809,-148,1358.6,0,0,1500.0,1,2025-26,29.1,112.1,113.1,113.1,115.9,116.7,116.7,-3.8,-3.6,-3.6,0.09,2.03,17.6,0.013,0.08,0.046,8.7,8.6,0.612,0.627,0.135,0.139,100.08,99.28,82.73,99.28,0.058,4704,3.4,7.9
1642358,AJ Johnson,AJ,1610612742,DAL,21.0,48,9,39,0.188,453.4333333333333,57,176,0.324,12,57,0.211,34,40,0.85,14,41,55,47,30,11,3,24,30,27,160,-53,308.5,0,0,302.0,2,2025-26,9.4,104.9,105.7,105.7,113.1,112.1,112.1,-8.3,-6.4,-6.4,0.151,1.57,17.3,0.027,0.089,0.057,11.1,11.1,0.358,0.413,0.195,0.203,101.95,102.05,85.04,102.05,0.045,968,1.2,3.7
203932,Aaron Gordon,Aaron,1610612743,DEN,30.0,36,27,9,0.75,1004.9583333333334,198,398,0.497,61,157,0.389,125,163,0.767,51,158,209,96,38,21,10,14,62,121,582,272,1031.8,4,0,1010.0,1,2025-26,27.9,123.4,124.7,124.7,112.0,112.0,112.0,11.4,12.7,12.7,0.13,2.53,15.9,0.052,0.148,0.102,6.3,6.3,0.574,0.62,0.213,0.219,100.54,99.99,83.33,99.99,0.117,2096,5.5,11.1
1628988,Aaron Holiday,Aaron,1610612745,HOU,29.0,57,38,19,0.667,780.7316666666667,105,252,0.417,67,170,0.394,35,41,0.854,13,45,58,60,38,27,5,7,72,46,312,129,529.6,0,0,561.0,1,2025-26,13.7,114.8,114.6,114.6,106.4,106.3,106.3,8.4,8.3,8.3,0.105,1.58,16.3,0.016,0.054,0.035,10.4,10.3,0.55,0.578,0.159,0.166,99.54,99.63,83.02,99.63,0.063,1618,1.8,4.4
1630174,Aaron Nesmith,Aaron,1610612754,IND,26.0,45,10,35,0.222,1334.95,212,512,0.414,105,277,0.379,92,111,0.829,48,139,187,86,63,26,23,36,124,115,621,-201,1058.4,0,0,1097.0,1,2025-26,29.7,109.9,111.1,111.1,116.9,118.4,118.4,-7.0,-7.3,-7.3,0.091,1.37,12.2,0.034,0.102,0.067,9.0,8.9,0.517,0.554,0.19,0.196,104.33,103.09,85.91,103.09,0.067,2871,4.7,11.4
1630598,Aaron Wiggins,Aaron,1610612760,OKC,27.0,65,50,15,0.769,1413.98,231,536,0.431,96,270,0.356,53,72,0.736,41,158,199,109,81,60,28,28,83,58,611,178,1196.3,0,0,1191.0,1,2025-26,21.8,113.0,112.8,112.8,106.9,106.7,106.7,6.1,6.2,6.2,0.11,1.35,14.3,0.028,0.101,0.066,10.7,10.7,0.521,0.538,0.194,0.198,101.29,101.47,84.56,101.47,0.082,2986,3.6,8.2
1642846,Ace Bailey,Ace,1610612762,UTA,19.0,72,19,53,0.264,1987.6433333333332,395,892,0.443,137,398,0.344,66,88,0.75,104,198,302,131,107,60,49,29,193,85,993,-448,1771.9,1,0,1781.0,1,2025-26,27.6,109.5,109.8,109.8,119.8,120.4,120.4,-10.3,-10.7,-10.7,0.098,1.22,11.2,0.048,0.097,0.072,9.2,9.2,0.52,0.533,0.21,0.215,104.98,104.58,87.15,104.58,0.069,4337,5.5,12.4
1642380,Adama Bal,Adama,1610612763,MEM,22.0,8,1,7,0.125,241.315,28,68,0.412,18,44,0.409,9,10,0.9,6,19,25,19,6,9,1,4,27,11,83,-166,165.5,0,0,165.0,1,2025-26,30.2,99.1,99.6,99.6,127.9,130.0,130.0,-28.8,-30.3,-30.3,0.119,3.17,19.6,0.022,0.08,0.049,6.2,6.2,0.544,0.573,0.134,0.137,106.93,105.82,88.18,105.82,0.052,530,3.5,8.5
1641737,Adem Bona,Adem,1610612755,PHI,23.0,71,41,30,0.577,1234.1616666666666,131,220,0.595,2,6,0.333,80,113,0.708,128,179,307,32,56,30,82,26,153,101,344,-8,1040.4,1,0,909.0,1,2025-26,17.4,112.6,113.1,113.1,111.6,112.9,112.9,1.0,0.3,0.3,0.034,0.57,8.9,0.099,0.138,0.119,15.6,15.7,0.6,0.638,0.108,0.111,103.15,102.35,85.29,102.35,0.069,2625,1.8,3.1
1642876,Adou Thiero,Adou,1610612747,LAL,22.0,25,15,10,0.6,148.90333333333334,16,31,0.516,1,3,0.333,14,22,0.636,9,19,28,10,9,7,2,5,19,15,47,-33,113.6,0,0,104.0,1,2025-26,6.0,112.7,109.2,109.2,124.1,122.4,122.4,-11.4,-13.2,-13.2,0.094,1.11,16.9,0.068,0.139,0.104,15.3,15.1,0.532,0.578,0.143,0.152,98.15,100.41,83.68,100.41,0.054,315,0.6,1.2
1642349,Ajay Mitchell,Ajay,1610612760,OKC,24.0,57,50,7,0.877,1472.7983333333334,286,590,0.485,61,176,0.347,141,162,0.87,40,150,190,206,81,71,18,26,119,149,774,502,1497.0,1,0,1409.0,1,2025-26,25.8,118.4,118.2,118.2,102.6,102.5,102.5,15.8,15.6,15.6,0.194,2.54,21.8,0.027,0.093,0.062,8.6,8.5,0.536,0.585,0.21,0.217,102.33,102.48,85.4,102.48,0.116,3149,5.0,10.4
201143,Al Horford,Al,1610612744,GSW,40.0,45,22,23,0.489,969.185,138,324,0.426,74,205,0.361,22,26,0.846,44,175,219,116,42,30,51,7,51,21,372,-9,1009.8,0,0,943.0,1,2025-26,21.5,112.7,112.7,112.7,114.0,113.5,113.5,-1.3,-0.9,-0.9,0.171,2.76,23.5,0.043,0.184,0.111,8.5,8.5,0.54,0.554,0.163,0.168,100.89,101.08,84.24,101.08,0.104,2045,3.1,7.2
1630828,Alex Antetokounmpo,Alex,1610612749,MIL,24.0,6,2,4,0.333,20.63833333333333,3,8,0.375,2,7,0.286,11,15,0.733,2,4,6,1,1,0,1,0,1,7,19,5,29.7,0,0,30.0,1,2025-26,3.4,102.4,102.2,102.2,98.5,89.4,89.4,3.9,12.8,12.8,0.083,1.0,5.9,0.083,0.138,0.113,5.9,6.0,0.5,0.651,0.314,0.313,102.99,108.15,90.12,108.15,0.196,46,0.5,1.3
1627936,Alex Caruso,Alex,1610612760,OKC,32.0,56,47,9,0.839,1020.3466666666668,127,300,0.423,53,181,0.293,41,51,0.804,28,127,155,110,48,72,17,12,68,54,348,382,918.0,0,0,844.0,1,2025-26,18.2,117.8,116.9,116.9,99.4,99.3,99.3,18.4,17.6,17.6,0.145,2.29,22.8,0.028,0.113,0.073,10.0,10.0,0.512,0.54,0.152,0.157,102.28,102.74,85.62,102.74,0.093,2183,2.3,5.4
1631457,Alex Morales,Alex,1610612753,ORL,28.0,4,3,1,0.75,23.58333333333333,3,7,0.429,0,1,0.0,2,2,1.0,1,2,3,4,4,0,0,1,7,1,8,8,13.6,0,0,15.0,1,2025-26,5.9,113.0,120.4,120.4,113.5,104.1,104.1,-0.5,16.3,16.3,0.19,1.0,25.0,0.043,0.111,0.073,25.0,25.2,0.429,0.508,0.203,0.204,98.84,99.73,83.11,99.73,-0.006,49,0.8,1.8
1642259,Alex Sarr,Alex,1610612764,WAS,21.0,48,11,37,0.229,1304.6616666666666,316,656,0.482,50,150,0.333,101,146,0.692,105,250,355,130,82,39,95,60,105,125,783,-351,1724.0,12,0,1586.0,1,2025-26,27.2,107.5,108.0,108.0,118.9,120.4,120.4,-11.4,-12.4,-12.4,0.161,1.59,14.0,0.073,0.179,0.126,8.8,8.8,0.52,0.544,0.252,0.258,104.26,103.35,86.12,103.35,0.121,2808,6.6,13.7
1642918,Alijah Martin,Alijah,1610612761,TOR,24.0,23,10,13,0.435,145.615,16,50,0.32,4,21,0.19,15,19,0.789,9,12,21,12,8,8,4,3,12,12,51,-14,122.2,0,0,112.0,1,2025-26,6.3,102.0,101.3,101.3,109.9,107.1,107.1,-7.9,-5.8,-5.8,0.129,1.5,15.2,0.053,0.086,0.068,10.1,10.2,0.36,0.437,0.185,0.195,96.48,98.07,81.72,98.07,0.062,299,0.7,2.2
1631214,Alondes Williams,Alondes,1610612764,WAS,27.0,4,2,2,0.5,100.78333333333332,16,26,0.615,5,14,0.357,7,8,0.875,5,20,25,12,5,3,3,0,4,6,44,35,105.0,1,0,98.0,1,2025-26,25.2,125.0,122.5,122.5,107.1,106.9,106.9,17.8,15.6,15.6,0.14,2.4,26.1,0.054,0.192,0.128,10.9,10.7,0.712,0.745,0.141,0.149,102.45,103.59,86.32,103.59,0.133,218,4.0,6.5
1630578,Alperen Sengun,Alperen,1610612745,HOU,23.0,72,46,26,0.639,2397.695,583,1123,0.519,40,131,0.305,260,376,0.691,215,425,640,445,227,85,77,64,238,366,1466,205,3160.5,34,4,2915.0,1,2025-26,33.3,115.5,117.1,117.1,113.7,113.7,113.7,1.9,3.4,3.4,0.282,1.96,22.8,0.089,0.177,0.133,11.6,11.6,0.537,0.569,0.259,0.266,98.68,98.02,81.69,98.02,0.142,4914,8.1,15.6
1642873,Amari Williams,Amari,1610612738,BOS,24.0,22,15,7,0.682,145.72333333333333,10,20,0.5,0,0,0.0,10,14,0.714,9,31,40,10,11,3,10,2,19,14,30,-58,121.0,0,0,106.0,1,2025-26,6.6,90.8,89.0,89.0,109.5,106.4,106.4,-18.8,-17.4,-17.4,0.116,0.91,21.3,0.054,0.187,0.12,23.4,23.3,0.5,0.573,0.103,0.109,99.96,102.44,85.37,102.44,0.079,309,0.5,0.9
1641708,Amen Thompson,Amen,1610612745,HOU,23.0,79,49,30,0.62,2953.15,557,1044,0.534,25,116,0.216,304,390,0.779,235,379,614,420,190,119,48,68,175,294,1443,368,3120.8,20,0,2836.0,1,2025-26,37.4,116.3,117.0,117.0,110.0,110.4,110.4,6.4,6.6,6.6,0.202,2.21,23.1,0.078,0.123,0.101,10.4,10.4,0.545,0.594,0.195,0.201,98.89,98.4,82.0,98.4,0.128,6040,7.1,13.2
1629599,Amir Coffey,Amir,1610612756,PHX,29.0,46,20,26,0.435,490.50166666666667,55,113,0.487,17,49,0.347,22,28,0.786,19,38,57,27,9,9,5,2,30,21,149,-32,290.9,0,0,278.0,2,2025-26,10.7,108.2,107.6,107.6,109.4,109.8,109.8,-1.1,-2.2,-2.2,0.076,3.0,16.9,0.039,0.073,0.057,5.6,5.6,0.562,0.594,0.117,0.122,98.3,98.4,82.0,98.4,0.068,1001,1.2,2.5
1643158,Andersson Garcia,Andersson,1610612762,UTA,25.0,5,1,4,0.2,168.75,9,29,0.31,1,13,0.077,7,9,0.778,17,25,42,14,7,8,4,3,16,13,26,-37,126.4,0,0,107.0,1,2025-26,33.8,105.7,105.8,105.8,116.2,115.6,115.6,-10.4,-9.8,-9.8,0.107,2.0,25.9,0.089,0.15,0.117,13.0,13.0,0.328,0.394,0.094,0.096,103.45,103.68,86.4,103.68,0.052,364,1.8,5.8
203083,Andre Drummond,Andre,1610612755,PHI,32.0,63,33,30,0.524,1230.7483333333332,159,337,0.472,32,90,0.356,53,84,0.631,200,332,532,80,61,38,49,21,125,84,403,-86,1361.4,17,0,1221.0,1,2025-26,19.5,109.8,110.3,110.3,112.7,113.6,113.6,-2.9,-3.2,-3.2,0.09,1.31,15.5,0.145,0.264,0.202,11.8,11.8,0.519,0.539,0.143,0.147,101.19,100.54,83.79,100.54,0.113,2577,2.5,5.3
1641748,Andre Jackson Jr.,Andre,1610612749,MIL,24.0,48,12,36,0.25,408.10833333333335,39,119,0.328,15,60,0.25,20,32,0.625,25,47,72,43,31,19,4,6,43,27,113,-71,301.9,0,0,289.0,1,2025-26,8.5,103.3,103.2,103.2,112.8,110.6,110.6,-9.5,-7.5,-7.5,0.16,1.39,20.7,0.059,0.126,0.09,14.9,15.0,0.391,0.425,0.17,0.174,99.21,100.27,83.56,100.27,0.044,849,0.8,2.5
1629614,Andrew Nembhard,Andrew,1610612754,IND,26.0,57,13,44,0.228,1785.5933333333332,333,753,0.442,107,296,0.361,193,234,0.825,25,135,160,437,137,51,8,38,126,188,966,-393,1853.5,13,0,1788.0,1,2025-26,31.3,108.9,109.3,109.3,118.2,119.3,119.3,-9.2,-10.0,-10.0,0.37,3.19,30.6,0.013,0.075,0.044,9.6,9.6,0.513,0.564,0.233,0.239,102.94,102.27,85.23,102.27,0.111,3799,5.8,13.2
203952,Andrew Wiggins,Andrew,1610612748,MIA,31.0,68,35,33,0.515,2062.5983333333334,390,821,0.475,138,333,0.414,127,162,0.784,115,214,329,182,103,76,69,41,156,126,1045,9,2044.8,2,0,1984.0,1,2025-26,30.3,112.9,113.7,113.7,112.8,113.9,113.9,0.1,-0.1,-0.1,0.123,1.77,15.5,0.051,0.098,0.074,8.8,8.7,0.559,0.586,0.194,0.199,105.86,104.97,87.47,104.97,0.092,4517,5.7,12.1
1629014,Anfernee Simons,Anfernee,1610612741,CHI,27.0,55,31,24,0.564,1371.9333333333334,285,648,0.44,146,379,0.385,69,77,0.896,31,104,135,134,68,27,8,28,94,61,785,98,1185.0,0,0,1270.0,2,2025-26,24.9,114.7,116.9,116.9,113.4,114.0,114.0,1.3,3.0,3.0,0.151,1.97,15.3,0.021,0.075,0.047,7.7,7.7,0.552,0.576,0.227,0.234,98.64,97.42,81.18,97.42,0.096,2791,5.2,11.8
1641710,Anthony Black,Anthony,1610612753,ORL,22.0,64,36,28,0.563,1910.05,345,772,0.447,100,300,0.333,169,231,0.732,47,197,244,236,132,91,45,54,170,187,959,-14,1881.8,2,0,1811.0,1,2025-26,29.8,112.4,113.3,113.3,111.7,113.1,113.1,0.6,0.2,0.2,0.185,1.79,19.1,0.024,0.101,0.062,10.7,10.6,0.512,0.549,0.219,0.226,102.06,101.05,84.21,101.05,0.09,4012,5.4,12.1
203076,Anthony Davis,Anthony,1610612764,WAS,33.0,20,10,10,0.5,625.63,169,334,0.506,10,37,0.27,59,81,0.728,62,159,221,56,41,22,33,14,42,87,407,-50,880.2,13,0,804.0,1,2025-26,31.3,108.7,110.0,110.0,113.0,114.6,114.6,-4.3,-4.6,-4.6,0.14,1.37,12.1,0.099,0.24,0.172,8.9,8.8,0.521,0.551,0.272,0.28,102.59,101.27,84.39,101.27,0.151,1325,8.5,16.7
1630162,Anthony Edwards,Anthony,1610612750,MIN,24.0,61,37,24,0.607,2136.593333333333,602,1231,0.489,205,514,0.399,348,437,0.796,36,266,302,226,174,83,49,29,118,272,1757,162,2680.4,2,0,2754.0,1,2025-26,35.0,116.5,117.8,117.8,112.8,114.3,114.3,3.7,3.5,3.5,0.174,1.3,12.4,0.017,0.12,0.069,9.6,9.5,0.572,0.617,0.309,0.316,102.77,101.5,84.58,101.5,0.145,4520,9.9,20.2
1630264,Anthony Gill,Anthony,1610612764,WAS,33.0,55,6,49,0.109,950.9466666666668,135,215,0.628,17,48,0.354,34,46,0.739,58,100,158,69,36,31,21,22,88,58,321,-293,734.1,0,0,669.0,1,2025-26,17.3,107.2,107.0,107.0,121.3,121.4,121.4,-14.1,-14.4,-14.4,0.101,1.92,20.4,0.059,0.112,0.084,10.6,10.6,0.667,0.682,0.116,0.121,104.09,104.11,86.76,104.11,0.08,2064,2.5,3.9
1641810,Antonio Reeves,Antonio,1610612766,CHA,25.0,10,4,6,0.4,67.67666666666666,10,20,0.5,7,13,0.538,0,0,0.0,2,6,8,3,1,1,0,1,3,0,27,29,43.1,0,0,47.0,1,2025-26,6.8,113.8,115.0,115.0,100.1,95.4,95.4,13.7,19.7,19.7,0.068,3.0,12.5,0.029,0.1,0.062,4.2,4.2,0.675,0.675,0.133,0.138,91.61,93.27,77.72,93.27,0.099,133,1.0,2.0
1630574,Ariel Hukporti,Ariel,1610612752,NYK,24.0,54,35,19,0.648,497.9616666666666,45,80,0.563,1,4,0.25,26,33,0.788,56,103,159,29,32,9,26,8,67,32,117,35,424.3,0,0,376.0,1,2025-26,9.2,109.9,106.8,106.8,104.9,103.8,103.8,5.0,3.1,3.1,0.08,0.91,18.7,0.104,0.192,0.148,20.6,20.6,0.569,0.619,0.104,0.11,98.17,100.1,83.42,100.1,0.084,1040,0.8,1.5
1642854,Asa Newell,Asa,1610612737,ATL,20.0,44,23,21,0.523,499.90833333333336,91,169,0.538,29,75,0.387,16,29,0.552,44,52,96,26,23,16,15,14,65,32,227,-44,451.2,2,0,440.0,1,2025-26,11.4,111.1,110.2,110.2,115.9,114.0,114.0,-4.8,-3.8,-3.8,0.072,1.13,11.4,0.078,0.106,0.091,10.0,10.0,0.624,0.624,0.16,0.167,104.4,105.72,88.1,105.72,0.074,1100,2.1,3.8
1641709,Ausar Thompson,Ausar,1610612765,DET,23.0,73,53,20,0.726,1895.61,303,577,0.525,6,24,0.25,109,191,0.571,150,268,418,228,110,146,69,42,198,153,721,397,2099.6,3,0,1803.0,1,2025-26,26.0,118.0,118.8,118.8,106.1,107.2,107.2,11.9,11.6,11.6,0.155,2.07,22.8,0.08,0.135,0.108,11.0,11.0,0.53,0.545,0.168,0.171,101.7,100.86,84.05,100.86,0.101,3955,4.2,7.9
1630559,Austin Reaves,Austin,1610612747,LAL,28.0,51,36,15,0.706,1761.65,373,762,0.49,118,328,0.36,323,371,0.871,33,207,240,280,151,56,20,37,110,273,1187,182,1972.0,6,0,1977.0,1,2025-26,34.5,116.5,117.3,117.3,111.5,112.3,112.3,5.0,5.0,5.0,0.237,1.85,20.9,0.02,0.117,0.071,11.3,11.1,0.567,0.641,0.258,0.267,101.11,100.41,83.67,100.41,0.137,3684,7.3,14.9
1630245,Ayo Dosunmu,Ayo,1610612750,MIN,26.0,69,36,33,0.522,1881.0433333333333,386,747,0.517,123,280,0.439,127,145,0.876,47,190,237,249,96,58,18,58,130,102,1022,-67,1811.9,2,1,1783.0,2,2025-26,27.3,111.0,111.7,111.7,112.5,113.2,113.2,-1.5,-1.5,-1.5,0.202,2.59,21.7,0.024,0.093,0.059,8.4,8.3,0.599,0.63,0.197,0.204,103.78,103.16,85.96,103.16,0.114,4040,5.6,10.8
1628389,Bam Adebayo,Bam,1610612748,MIA,28.0,73,37,36,0.507,2364.685,506,1145,0.442,127,400,0.318,329,423,0.778,149,583,732,232,120,86,49,37,122,337,1468,331,2979.4,35,0,2829.0,1,2025-26,32.4,116.3,117.1,117.1,110.3,111.0,111.0,6.0,6.1,6.1,0.142,1.93,13.8,0.059,0.236,0.146,7.1,7.1,0.497,0.551,0.248,0.254,104.63,103.89,86.57,103.89,0.138,5127,6.9,15.7
1631248,Baylor Scheierman,Baylor,1610612738,BOS,25.0,77,54,23,0.701,1429.3033333333333,151,333,0.453,97,243,0.399,28,31,0.903,57,212,269,116,46,42,6,4,108,72,427,199,1021.8,4,0,1005.0,1,2025-26,18.6,115.4,116.3,116.3,109.5,109.0,109.0,5.9,7.3,7.3,0.108,2.52,22.8,0.038,0.138,0.089,9.0,9.0,0.599,0.616,0.117,0.121,96.92,96.77,80.64,96.77,0.085,2877,2.0,4.3
1642879,Ben Saraf,Ben,1610612751,BKN,20.0,44,10,34,0.227,916.3183333333334,120,303,0.396,19,90,0.211,73,88,0.83,20,72,92,145,99,38,8,48,81,70,332,-237,698.9,0,0,680.0,1,2025-26,20.8,102.4,103.6,103.6,115.6,116.0,116.0,-13.3,-12.5,-12.5,0.244,1.46,24.7,0.021,0.085,0.052,16.9,16.9,0.427,0.486,0.202,0.207,100.87,100.13,83.44,100.13,0.06,1912,2.7,6.9
1641767,Ben Sheppard,Ben,1610612754,IND,24.0,65,16,49,0.246,1390.4766666666667,168,387,0.434,84,232,0.362,39,51,0.765,43,152,195,114,41,39,6,25,114,44,459,-268,958.0,0,0,942.0,1,2025-26,21.4,107.3,107.1,107.1,115.7,116.0,116.0,-8.3,-8.8,-8.8,0.112,2.78,20.2,0.028,0.106,0.065,7.3,7.3,0.543,0.561,0.131,0.136,104.26,104.23,86.86,104.23,0.066,3019,2.6,6.0
1631097,Bennedict Mathurin,Bennedict,1610612746,LAC,24.0,54,22,32,0.407,1620.015,291,677,0.43,75,238,0.315,292,336,0.869,55,238,293,129,118,43,13,32,137,239,949,-146,1544.1,3,0,1558.0,2,2025-26,30.0,111.0,111.4,111.4,114.3,115.3,115.3,-3.3,-3.9,-3.9,0.123,1.09,12.1,0.034,0.142,0.088,11.0,11.0,0.485,0.575,0.246,0.253,101.78,101.15,84.3,101.15,0.105,3408,5.4,12.5
1643016,Bez Mbeng,Bez,1610612762,UTA,23.0,15,2,13,0.133,492.185,50,100,0.5,6,31,0.194,16,25,0.64,18,39,57,62,22,34,5,5,46,28,122,-149,378.4,1,1,325.0,1,2025-26,32.8,107.0,107.2,107.2,119.5,120.4,120.4,-12.4,-13.2,-13.2,0.158,2.82,31.8,0.032,0.078,0.054,11.3,11.3,0.53,0.55,0.106,0.108,107.92,107.42,89.52,107.42,0.06,1100,3.3,6.7
1641731,Bilal Coulibaly,Bilal,1610612764,WAS,21.0,56,14,42,0.25,1467.605,230,541,0.425,65,204,0.319,132,177,0.746,48,195,243,145,81,75,54,31,130,132,657,-414,1472.1,0,0,1368.0,1,2025-26,26.2,107.2,108.5,108.5,119.9,121.2,121.2,-12.8,-12.8,-12.8,0.137,1.79,17.1,0.03,0.128,0.077,9.6,9.6,0.485,0.531,0.193,0.197,105.64,104.43,87.03,104.43,0.082,3190,4.1,9.7
202687,Bismack Biyombo,Bismack,1610612759,SAS,33.0,25,20,5,0.8,141.35333333333332,9,15,0.6,0,0,0.0,5,7,0.714,5,21,26,5,8,4,2,2,27,8,23,-100,71.7,0,0,66.0,1,2025-26,5.7,96.3,94.2,94.2,124.6,127.1,127.1,-28.2,-32.9,-32.9,0.056,0.63,16.1,0.04,0.156,0.1,25.8,25.7,0.6,0.636,0.082,0.086,99.57,99.67,83.05,99.67,0.024,292,0.4,0.6
1642396,Blake Hinson,Blake,1610612762,UTA,26.0,14,4,10,0.286,285.43333333333334,59,115,0.513,37,79,0.468,12,16,0.75,11,22,33,16,5,5,2,4,24,14,167,45,246.6,0,0,267.0,1,2025-26,20.4,114.0,114.5,114.5,107.8,107.8,107.8,6.1,6.7,6.7,0.077,3.2,11.3,0.035,0.071,0.053,3.5,3.5,0.674,0.684,0.175,0.179,104.22,104.01,86.68,104.01,0.101,620,4.2,8.2
1631104,Blake Wesley,Blake,1610612757,POR,23.0,31,20,11,0.645,360.8183333333333,56,124,0.452,10,36,0.278,26,47,0.553,8,31,39,62,31,16,5,10,34,44,148,-78,319.8,0,0,301.0,1,2025-26,11.6,104.1,104.4,104.4,114.6,113.0,113.0,-10.5,-8.6,-8.6,0.254,2.0,26.3,0.02,0.087,0.052,13.1,13.0,0.492,0.511,0.189,0.197,105.27,105.83,88.19,105.83,0.075,791,1.8,4.0
1626171,Bobby Portis Jr.,Bobby,1610612749,MIL,31.0,67,26,41,0.388,1619.3133333333333,366,750,0.488,135,296,0.456,48,68,0.706,89,339,428,105,66,41,12,22,110,68,915,-266,1679.1,11,0,1689.0,1,2025-26,24.2,110.5,110.2,110.2,117.1,118.4,118.4,-6.6,-8.2,-8.2,0.103,1.59,11.1,0.055,0.198,0.129,6.9,6.9,0.578,0.587,0.225,0.233,99.18,98.78,82.32,98.78,0.122,3336,5.5,11.2
1641752,Bobi Klintman,Bobi,1610612765,DET,23.0,12,8,4,0.667,71.38333333333334,9,27,0.333,4,13,0.308,0,3,0.0,5,14,19,6,6,3,0,4,11,5,22,-5,56.8,0,0,57.0,1,2025-26,5.9,98.4,92.5,92.5,95.5,96.8,96.8,2.8,-4.3,-4.3,0.128,1.0,15.0,0.056,0.179,0.113,15.0,14.9,0.407,0.388,0.18,0.196,104.44,106.92,89.1,106.92,0.039,160,0.8,2.3
203992,Bogdan Bogdanović,Bogdan,1610612746,LAC,33.0,23,8,15,0.348,452.06,59,152,0.388,33,95,0.347,20,25,0.8,6,53,59,51,27,10,3,7,46,27,171,-30,330.3,0,0,340.0,1,2025-26,19.7,108.9,109.1,109.1,112.5,113.5,113.5,-3.5,-4.4,-4.4,0.184,1.89,21.1,0.014,0.112,0.066,11.2,11.2,0.497,0.525,0.185,0.191,97.16,96.68,80.56,96.68,0.069,915,2.6,6.6
1630538,Bones Hyland,Bones,1610612750,MIN,25.0,71,42,29,0.592,1176.9183333333333,212,468,0.453,116,299,0.388,64,82,0.78,23,104,127,188,70,44,17,29,120,77,604,124,1151.4,0,0,1157.0,1,2025-26,16.6,113.2,113.8,113.8,108.4,108.6,108.6,4.8,5.2,5.2,0.222,2.69,24.8,0.018,0.085,0.051,9.2,9.2,0.577,0.599,0.197,0.203,103.19,102.82,85.68,102.82,0.101,2518,3.0,6.6
203078,Bradley Beal,Bradley,1610612746,LAC,33.0,6,2,4,0.333,120.91666666666669,18,48,0.375,7,19,0.368,6,8,0.75,2,3,5,10,9,3,0,1,14,11,49,-23,70.0,0,0,77.0,1,2025-26,20.2,116.7,119.1,119.1,126.0,128.5,128.5,-9.3,-9.3,-9.3,0.106,1.11,14.1,0.019,0.025,0.022,12.7,12.8,0.448,0.476,0.224,0.222,99.64,97.65,81.38,97.65,0.018,246,3.0,8.0
1642382,Branden Carlson,Branden,1610612760,OKC,27.0,42,32,10,0.762,488.2033333333333,98,186,0.527,31,86,0.36,15,26,0.577,29,95,124,29,16,8,27,12,36,20,242,-24,523.3,3,0,496.0,1,2025-26,11.6,115.1,112.6,112.6,115.6,114.6,114.6,-0.5,-2.0,-2.0,0.086,1.81,11.9,0.057,0.182,0.121,6.6,6.6,0.61,0.613,0.185,0.191,100.65,102.2,85.17,102.2,0.109,1038,2.3,4.4
1641764,Brandin Podziemski,Brandin,1610612744,GSW,23.0,82,37,45,0.451,2332.673333333333,394,866,0.455,153,412,0.371,192,241,0.797,72,347,419,304,131,88,15,29,136,230,1133,15,2269.8,5,0,2215.0,1,2025-26,28.4,109.8,110.3,110.3,111.1,110.4,110.4,-1.2,-0.1,-0.1,0.198,2.32,21.6,0.029,0.147,0.087,9.3,9.3,0.543,0.583,0.196,0.202,101.18,101.31,84.43,101.31,0.114,4933,4.8,10.6
1629634,Brandon Clarke,Brandon,1610612763,MEM,29.0,2,1,1,0.5,20.438333333333333,3,9,0.333,0,0,0.0,2,4,0.5,4,2,6,1,0,2,0,3,5,3,8,-12,22.7,0,0,19.0,1,2025-26,10.2,91.6,87.8,87.8,115.4,110.0,110.0,-23.9,-22.2,-22.2,0.071,0.0,8.3,0.154,0.077,0.115,0.0,0.0,0.333,0.372,0.193,0.199,111.09,116.25,96.88,116.25,0.023,49,1.5,4.5
1627742,Brandon Ingram,Brandon,1610612761,TOR,28.0,77,43,34,0.558,2603.863333333333,614,1288,0.477,135,353,0.382,292,356,0.82,63,367,430,284,187,58,55,69,148,277,1655,43,2749.0,2,0,2730.0,1,2025-26,33.8,112.8,114.6,114.6,112.1,113.7,113.7,0.8,1.0,1.0,0.169,1.52,14.9,0.024,0.144,0.083,9.8,9.8,0.529,0.573,0.264,0.27,100.38,98.87,82.39,98.87,0.121,5360,8.0,16.7
1641706,Brandon Miller,Brandon,1610612766,CHA,23.0,65,41,24,0.631,1968.3116666666667,454,1044,0.435,204,533,0.383,199,223,0.892,70,249,319,217,163,66,44,31,180,174,1311,372,2186.3,3,0,2271.0,1,2025-26,30.3,116.5,119.8,119.8,110.4,111.3,111.3,6.1,8.5,8.5,0.173,1.33,14.3,0.034,0.122,0.078,10.8,10.7,0.533,0.574,0.272,0.279,100.26,98.44,82.03,98.44,0.113,4049,7.0,16.1
1630314,Brandon Williams,Brandon,1610612742,DAL,26.0,66,23,43,0.348,1462.645,291,617,0.472,36,155,0.232,241,304,0.793,30,161,191,256,125,62,20,55,103,237,859,-143,1593.2,1,0,1506.0,1,2025-26,22.2,110.5,111.2,111.2,116.2,115.6,115.6,-5.7,-4.4,-4.4,0.256,2.05,22.5,0.019,0.105,0.062,11.0,11.0,0.501,0.572,0.242,0.247,105.56,105.52,87.94,105.52,0.115,3215,4.4,9.3
1641729,Brice Sensabaugh,Brice,1610612762,UTA,22.0,75,18,57,0.24,1761.8666666666666,394,857,0.46,162,442,0.367,166,201,0.826,56,175,231,143,124,54,12,49,143,153,1116,-379,1681.7,0,0,1784.0,1,2025-26,23.5,111.3,111.4,111.4,120.8,120.8,120.8,-9.5,-9.4,-9.4,0.124,1.15,11.9,0.03,0.097,0.063,10.3,10.2,0.554,0.59,0.244,0.251,105.1,105.02,87.52,105.02,0.09,3848,5.3,11.4
1642355,Bronny James,Bronny,1610612747,LAL,21.0,42,24,18,0.571,375.4916666666667,47,115,0.409,22,57,0.386,6,7,0.857,5,18,23,51,25,19,4,5,28,10,122,-40,270.1,0,0,264.0,1,2025-26,8.9,110.0,106.2,106.2,114.6,114.2,114.2,-4.6,-8.0,-8.0,0.195,2.04,26.3,0.014,0.05,0.032,12.9,12.9,0.504,0.517,0.163,0.173,97.57,99.45,82.88,99.45,0.058,788,1.1,2.7
201572,Brook Lopez,Brook,1610612746,LAC,38.0,75,41,34,0.547,1635.2733333333333,232,542,0.428,114,317,0.36,56,74,0.757,47,226,273,97,61,45,87,19,154,94,634,42,1442.1,1,0,1382.0,1,2025-26,21.8,114.1,113.9,113.9,111.8,112.7,112.7,2.3,1.2,1.2,0.087,1.59,13.3,0.03,0.135,0.085,8.4,8.3,0.533,0.552,0.171,0.176,98.08,97.8,81.5,97.8,0.076,3333,3.1,7.2
1642964,Brooks Barnhizer,Brooks,1610612760,OKC,24.0,40,29,11,0.725,347.88166666666666,27,71,0.38,7,24,0.292,7,10,0.7,19,59,78,22,10,11,5,10,27,10,68,-103,232.6,0,0,207.0,1,2025-26,8.7,102.7,100.1,100.1,114.4,114.6,114.6,-11.7,-14.5,-14.5,0.094,2.2,20.6,0.049,0.159,0.103,9.3,9.3,0.43,0.451,0.103,0.108,100.14,101.34,84.45,101.34,0.062,736,0.7,1.8
1628971,Bruce Brown,Bruce,1610612743,DEN,29.0,82,54,28,0.659,1997.7883333333332,248,522,0.475,57,148,0.385,96,126,0.762,85,233,318,174,91,85,20,42,195,97,649,-76,1515.6,1,0,1408.0,1,2025-26,24.4,114.4,114.2,114.2,114.6,115.2,115.2,-0.2,-1.0,-1.0,0.121,1.91,20.6,0.043,0.109,0.077,10.8,10.8,0.53,0.562,0.142,0.147,100.37,100.24,83.53,100.24,0.069,4157,3.0,6.4
1631121,Bryce McGowens,Bryce,1610612740,NOP,23.0,42,14,28,0.333,879.9333333333333,114,237,0.481,38,93,0.409,74,95,0.779,12,76,88,62,17,27,8,21,88,85,340,-70,626.6,0,0,598.0,1,2025-26,21.0,114.3,115.3,115.3,118.0,118.9,118.9,-3.7,-3.6,-3.6,0.091,3.65,17.3,0.013,0.082,0.047,4.7,4.8,0.561,0.61,0.136,0.139,104.31,103.45,86.21,103.45,0.067,1896,2.7,5.6
1642267,Bub Carrington,Bub,1610612764,WAS,20.0,82,17,65,0.207,2270.65,314,741,0.424,169,414,0.408,81,111,0.73,33,243,276,381,191,52,17,20,184,112,878,-746,1796.7,0,0,1842.0,1,2025-26,27.7,106.8,107.3,107.3,121.8,122.6,122.6,-15.0,-15.3,-15.3,0.231,1.99,28.2,0.013,0.104,0.058,14.1,14.0,0.538,0.556,0.174,0.18,104.4,103.8,86.5,103.8,0.072,4913,3.8,9.0
1631205,Buddy Boeheim,Buddy,1610612760,OKC,26.0,4,2,2,0.5,15.003333333333334,2,6,0.333,2,6,0.333,0,0,0.0,0,0,0,0,0,0,0,1,1,1,6,6,6.0,0,0,8.0,1,2025-26,3.8,88.5,84.4,84.4,75.3,72.4,72.4,13.1,12.0,12.0,0.0,0.0,0.0,0.0,0.0,0.0,0.0,0.0,0.5,0.5,0.158,0.174,93.42,97.58,81.32,97.58,0.028,32,0.5,1.5
1627741,Buddy Hield,Buddy,1610612737,ATL,33.0,51,25,26,0.49,819.2716666666666,143,327,0.437,74,212,0.349,30,37,0.811,27,89,116,71,48,39,9,11,57,16,390,-86,731.7,0,0,747.0,2,2025-26,16.1,110.2,110.2,110.2,115.7,115.0,115.0,-5.5,-4.9,-4.9,0.129,1.48,15.4,0.032,0.106,0.069,10.4,10.4,0.55,0.568,0.192,0.201,103.54,103.88,86.56,103.88,0.085,1773,2.8,6.4
1643047,CJ Huntley,CJ,1610612756,PHX,24.0,4,3,1,0.75,40.4,6,11,0.545,0,3,0.0,0,0,0.0,2,3,5,2,0,1,0,1,2,0,12,15,24.0,0,0,21.0,1,2025-26,10.1,119.1,122.4,122.4,106.9,104.7,104.7,12.2,17.6,17.6,0.053,0.0,15.4,0.053,0.081,0.067,0.0,0.0,0.545,0.545,0.107,0.109,101.32,100.99,84.16,100.99,0.061,85,1.5,2.8
203468,CJ McCollum,CJ,1610612737,ATL,34.0,76,37,39,0.487,2263.3716666666664,525,1154,0.455,191,510,0.375,183,237,0.772,62,190,252,293,135,64,35,45,144,169,1424,92,2327.9,0,0,2358.0,2,2025-26,29.8,112.6,113.6,113.6,111.7,112.0,112.0,0.9,1.5,1.5,0.194,2.17,17.5,0.025,0.077,0.051,8.1,8.0,0.538,0.566,0.247,0.254,103.69,103.12,85.93,103.12,0.105,4870,6.9,15.2
1630595,Cade Cunningham,Cade,1610612765,DET,24.0,64,47,17,0.734,2171.6716666666666,548,1189,0.461,125,366,0.342,310,382,0.812,56,299,355,634,236,92,54,70,196,297,1531,518,3110.0,38,3,2937.0,1,2025-26,33.9,117.9,120.4,120.4,107.6,109.0,109.0,10.3,11.4,11.4,0.43,2.69,28.6,0.025,0.132,0.079,10.7,10.6,0.513,0.564,0.296,0.302,102.68,100.94,84.12,100.94,0.159,4565,8.6,18.6
1631216,Caleb Houstan,Caleb,1610612737,ATL,23.0,18,12,6,0.667,75.46666666666667,14,26,0.538,11,21,0.524,3,3,1.0,5,6,11,4,4,2,1,1,11,2,42,1,66.2,0,0,74.0,1,2025-26,4.2,103.3,97.6,97.6,101.8,98.2,98.2,1.5,-0.6,-0.6,0.083,1.0,11.4,0.066,0.081,0.073,11.4,11.3,0.75,0.769,0.168,0.181,102.06,106.86,89.05,106.86,0.103,169,0.8,1.4
1631126,Caleb Love,Caleb,1610612757,POR,24.0,49,24,25,0.49,1012.6083333333332,190,490,0.388,93,292,0.318,36,49,0.735,25,89,114,123,62,27,4,34,48,36,509,-127,861.3,0,0,901.0,1,2025-26,20.7,107.7,108.2,108.2,114.3,114.5,114.5,-6.6,-6.3,-6.3,0.187,1.98,17.6,0.023,0.083,0.053,8.9,8.9,0.483,0.497,0.228,0.234,103.25,102.91,85.76,102.91,0.079,2175,3.9,10.0
1628997,Caleb Martin,Caleb,1610612742,DAL,30.0,58,20,38,0.345,856.2116666666667,85,189,0.45,20,57,0.351,37,61,0.607,28,115,143,81,40,40,15,15,86,60,227,-196,645.1,0,0,581.0,1,2025-26,14.8,104.3,102.9,102.9,113.5,112.1,112.1,-9.1,-9.2,-9.2,0.131,2.03,23.9,0.03,0.125,0.077,11.8,11.9,0.503,0.526,0.122,0.126,103.86,105.2,87.67,105.2,0.063,1866,1.5,3.3
1642353,Cam Christie,Cam,1610612746,LAC,20.0,55,26,29,0.473,479.75,53,139,0.381,12,49,0.245,38,50,0.76,19,59,78,31,22,16,3,14,19,30,156,-12,331.1,0,0,315.0,1,2025-26,8.7,108.7,107.2,107.2,109.1,107.8,107.8,-0.4,-0.6,-0.6,0.097,1.41,14.4,0.044,0.118,0.084,10.2,10.3,0.424,0.484,0.168,0.175,96.47,97.75,81.46,97.75,0.071,974,1.0,2.5
1642285,Cam Spencer,Cam,1610612763,MEM,26.0,72,23,49,0.319,1714.4516666666666,263,556,0.473,146,325,0.449,126,134,0.94,40,143,183,400,93,52,11,17,103,94,798,-89,1713.6,6,0,1653.0,1,2025-26,23.8,111.3,112.4,112.4,115.4,116.0,116.0,-4.1,-3.6,-3.6,0.332,4.3,36.6,0.022,0.082,0.051,8.5,8.4,0.604,0.649,0.166,0.174,102.3,101.59,84.66,101.59,0.12,3647,3.7,7.7
1630560,Cam Thomas,Cam,1610612749,MIL,24.0,42,12,30,0.286,880.5266666666666,189,461,0.41,52,168,0.31,137,169,0.811,11,60,71,108,74,9,4,28,43,149,567,-213,779.2,0,0,824.0,2,2025-26,21.0,110.2,111.7,111.7,123.2,123.8,123.8,-12.9,-12.1,-12.1,0.208,1.46,15.1,0.012,0.071,0.041,10.4,10.3,0.466,0.53,0.295,0.304,97.53,96.65,80.54,96.65,0.089,1774,4.5,11.0
1641715,Cam Whitmore,Cam,1610612764,WAS,21.0,21,3,18,0.143,353.9833333333333,77,169,0.456,16,56,0.286,23,31,0.742,19,39,58,15,18,15,8,20,25,21,193,-152,336.1,0,0,328.0,1,2025-26,16.9,105.8,104.4,104.4,123.4,124.0,124.0,-17.5,-19.6,-19.6,0.067,0.83,7.0,0.049,0.102,0.075,8.4,8.3,0.503,0.528,0.225,0.236,105.34,105.84,88.2,105.84,0.082,781,3.7,8.0
1629661,Cameron Johnson,Cameron,1610612743,DEN,30.0,54,37,17,0.685,1647.0316666666668,228,475,0.48,110,256,0.43,94,112,0.839,43,163,206,132,47,40,21,27,125,87,660,343,1241.2,1,0,1230.0,1,2025-26,30.5,123.5,124.2,124.2,114.3,114.7,114.7,9.2,9.5,9.5,0.098,2.81,18.8,0.027,0.095,0.063,6.7,6.7,0.596,0.629,0.144,0.148,101.85,101.38,84.48,101.38,0.075,3484,4.2,8.8
1626166,Cameron Payne,Cameron,1610612755,PHI,31.0,22,12,10,0.545,374.3366666666666,56,149,0.376,32,97,0.33,19,22,0.864,3,41,44,58,11,24,7,8,30,22,163,-64,384.8,1,0,359.0,1,2025-26,17.0,105.5,105.5,105.5,113.9,113.6,113.6,-8.3,-8.1,-8.1,0.22,5.27,25.4,0.007,0.103,0.055,4.8,4.8,0.483,0.514,0.183,0.189,104.5,104.63,87.19,104.63,0.096,817,2.5,6.8
1627747,Caris LeVert,Caris,1610612765,DET,31.0,60,44,16,0.733,1154.415,163,391,0.417,60,180,0.333,57,84,0.679,23,94,117,159,82,51,41,20,91,76,443,-7,1015.9,0,0,963.0,1,2025-26,19.2,107.1,108.6,108.6,106.8,107.7,107.7,0.3,0.8,0.8,0.202,1.94,23.8,0.018,0.074,0.047,12.3,12.3,0.494,0.518,0.178,0.184,102.22,101.1,84.25,101.1,0.081,2419,2.7,6.5
1642868,Carter Bryant,Carter,1610612759,SAS,20.0,71,56,15,0.789,817.865,108,265,0.408,52,155,0.335,30,42,0.714,38,140,178,47,33,16,23,13,94,28,298,-4,666.1,0,0,653.0,1,2025-26,11.5,110.2,109.1,109.1,108.1,108.4,108.4,2.1,0.8,0.8,0.08,1.42,12.9,0.044,0.154,0.1,9.1,9.1,0.506,0.526,0.158,0.165,101.66,102.06,85.05,102.06,0.071,1731,1.5,3.7
1641717,Cason Wallace,Cason,1610612760,OKC,22.0,77,61,16,0.792,2046.07,252,584,0.432,101,288,0.351,55,68,0.809,63,175,238,200,73,150,28,40,154,63,660,532,1706.6,1,0,1555.0,1,2025-26,26.6,116.0,116.2,116.2,103.1,103.8,103.8,12.9,12.4,12.4,0.127,2.74,22.5,0.031,0.079,0.056,8.2,8.2,0.518,0.538,0.141,0.145,102.21,101.76,84.8,101.76,0.076,4335,3.3,7.6
1642907,Cedric Coward,Cedric,1610612763,MEM,22.0,62,20,42,0.323,1597.9466666666667,305,648,0.471,93,275,0.338,140,166,0.843,83,281,364,171,105,40,27,46,126,133,843,23,1632.3,7,0,1605.0,1,2025-26,25.8,113.4,113.8,113.8,113.6,113.5,113.5,-0.2,0.3,0.3,0.154,1.63,17.2,0.05,0.16,0.106,10.6,10.5,0.542,0.585,0.207,0.214,104.43,104.31,86.92,104.31,0.11,3478,4.9,10.5
1643052,Chaney Johnson,Chaney,1610612751,BKN,24.0,17,4,13,0.235,347.5833333333333,51,94,0.543,9,30,0.3,28,35,0.8,33,46,79,36,20,15,9,7,51,24,139,-78,339.8,1,0,311.0,1,2025-26,20.4,107.0,107.0,107.0,116.4,116.0,116.0,-9.4,-9.0,-9.0,0.165,1.8,21.6,0.096,0.146,0.12,12.0,12.1,0.59,0.635,0.16,0.163,101.13,101.29,84.41,101.29,0.099,728,3.0,5.5
1629646,Charles Bassey,Charles,1610612744,GSW,25.0,13,4,9,0.308,152.70333333333335,31,47,0.66,0,0,0.0,14,20,0.7,23,34,57,7,6,4,11,4,19,16,76,-44,193.9,2,0,170.0,4,2025-26,11.7,111.7,107.2,107.2,122.4,120.1,120.1,-10.7,-13.0,-13.0,0.078,1.17,10.3,0.139,0.236,0.184,8.8,8.7,0.66,0.681,0.161,0.173,98.24,101.22,84.35,101.22,0.136,321,2.4,3.6
1642404,Chaz Lanier,Chaz,1610612765,DET,24.0,34,28,6,0.824,262.005,28,89,0.315,19,67,0.284,5,6,0.833,8,15,23,17,3,7,0,3,12,4,80,6,151.1,0,0,153.0,1,2025-26,7.7,107.5,107.7,107.7,108.3,105.7,105.7,-0.9,2.0,2.0,0.085,5.67,15.3,0.029,0.055,0.042,2.7,2.7,0.421,0.436,0.147,0.152,101.2,102.32,85.27,102.32,0.045,556,0.8,2.6
1631096,Chet Holmgren,Chet,1610612760,OKC,24.0,69,56,13,0.812,1997.2683333333332,434,779,0.557,88,243,0.362,225,284,0.792,130,484,614,115,107,43,131,52,158,260,1181,678,2505.3,24,0,2346.0,1,2025-26,28.9,118.0,118.4,118.4,101.6,102.3,102.3,16.4,16.1,16.1,0.082,1.07,10.2,0.067,0.221,0.149,9.5,9.5,0.614,0.653,0.214,0.219,101.63,101.09,84.25,101.09,0.154,4207,6.3,11.3
1628449,Chris Boucher,Chris,1610612738,BOS,33.0,9,4,5,0.444,94.15,8,25,0.32,2,15,0.133,3,4,0.75,2,16,18,3,1,5,7,1,17,4,21,5,82.1,0,0,68.0,1,2025-26,10.5,114.2,114.3,114.3,106.9,109.9,109.9,7.3,4.4,4.4,0.042,3.0,9.7,0.019,0.151,0.086,3.2,3.3,0.36,0.392,0.128,0.13,98.52,97.12,80.93,97.12,0.04,189,0.9,2.8
1641753,Chris Livingston,Chris,1610612739,CLE,22.0,3,2,1,0.667,17.426666666666666,4,7,0.571,0,3,0.0,1,1,1.0,0,3,3,1,0,1,0,0,4,1,9,8,17.1,0,0,15.0,1,2025-26,5.8,113.3,113.9,113.9,93.9,86.8,86.8,19.4,27.0,27.0,0.091,0.0,12.5,0.0,0.176,0.1,0.0,0.0,0.571,0.605,0.189,0.2,98.28,101.91,84.93,101.91,0.104,36,1.3,2.3
1643024,Chris Mañon,Chris,1610612747,LAL,24.0,9,4,5,0.444,46.085,2,6,0.333,0,3,0.0,3,4,0.75,2,8,10,3,1,5,2,0,6,3,7,-1,43.5,0,0,34.0,1,2025-26,5.1,107.8,105.2,105.2,104.3,108.4,108.4,3.5,-3.3,-3.3,0.091,3.0,25.0,0.043,0.14,0.096,8.3,8.5,0.333,0.451,0.081,0.083,100.74,99.99,83.32,99.99,0.086,97,0.2,0.7
101108,Chris Paul,Chris,1610612746,LAC,41.0,16,4,12,0.25,227.535,18,56,0.321,10,30,0.333,1,2,0.5,6,22,28,53,16,11,0,3,23,7,47,-84,177.1,0,0,160.0,1,2025-26,14.2,100.4,99.4,99.4,116.2,116.6,116.6,-15.8,-17.3,-17.3,0.351,3.31,42.4,0.026,0.101,0.062,12.8,12.7,0.411,0.413,0.135,0.141,98.28,98.62,82.19,98.62,0.064,466,1.1,3.5
1642959,Chris Youngblood,Chris,1610612757,POR,24.0,34,29,5,0.853,185.09166666666667,22,63,0.349,18,54,0.333,9,10,0.9,7,21,28,12,2,4,3,2,22,9,71,9,141.6,0,0,143.0,2,2025-26,5.4,110.2,106.6,106.6,107.3,104.3,104.3,2.9,2.3,2.3,0.092,6.0,14.8,0.039,0.095,0.07,2.5,2.5,0.492,0.527,0.162,0.17,98.58,101.66,84.71,101.66,0.059,392,0.6,1.9
1631128,Christian Braun,Christian,1610612743,DEN,25.0,44,29,15,0.659,1399.138333333333,202,389,0.519,43,143,0.301,79,101,0.782,61,150,211,120,43,30,12,31,103,74,526,291,1042.2,0,0,984.0,1,2025-26,31.8,122.8,124.2,124.2,113.5,114.1,114.1,9.3,10.1,10.1,0.108,2.79,20.1,0.046,0.101,0.075,7.2,7.2,0.575,0.607,0.142,0.145,102.21,101.38,84.48,101.38,0.076,2952,4.6,8.8
1631132,Christian Koloko,Christian,1610612737,ATL,26.0,27,16,11,0.593,356.6683333333333,31,74,0.419,1,9,0.111,10,15,0.667,31,50,81,18,16,14,23,14,48,18,73,-13,292.2,0,0,247.0,3,2025-26,13.2,107.0,106.9,106.9,108.6,108.2,108.2,-1.6,-1.3,-1.3,0.064,1.13,15.7,0.08,0.125,0.103,13.9,14.0,0.426,0.453,0.109,0.113,104.67,104.9,87.42,104.9,0.046,778,1.1,2.7
1642935,Chucky Hepburn,Chucky,1610612761,TOR,23.0,2,0,2,0.0,13.233333333333333,0,6,0.0,0,5,0.0,0,0,0.0,0,1,1,2,1,1,0,0,2,1,0,-16,6.2,0,0,5.0,1,2025-26,6.6,72.2,73.1,73.1,133.6,120.7,120.7,-61.4,-47.6,-47.6,0.286,2.0,22.2,0.0,0.067,0.029,11.1,11.1,0.0,0.0,0.219,0.223,95.25,99.75,83.12,99.75,-0.1,26,0.0,3.0
203991,Clint Capela,Clint,1610612745,HOU,32.0,75,47,28,0.627,925.6616666666666,118,227,0.52,1,2,0.5,45,78,0.577,160,185,345,50,41,36,63,22,74,58,282,162,1027.0,1,0,876.0,1,2025-26,12.3,112.6,113.1,113.1,104.4,105.1,105.1,8.2,8.0,8.0,0.072,1.22,14.1,0.158,0.181,0.169,11.5,11.6,0.522,0.54,0.133,0.136,99.1,98.6,82.17,98.6,0.11,1906,1.6,3.0
1629632,Coby White,Coby,1610612766,CHA,26.0,50,29,21,0.58,1249.7883333333334,278,623,0.446,115,318,0.362,197,241,0.817,17,153,170,200,128,25,5,35,111,185,868,94,1334.0,1,0,1413.0,2,2025-26,25.0,117.8,117.2,117.2,113.3,114.0,114.0,4.4,3.2,3.2,0.242,1.56,19.0,0.013,0.113,0.064,12.1,12.1,0.539,0.595,0.283,0.293,101.75,101.68,84.73,101.68,0.112,2652,5.6,12.5
1628998,Cody Martin,Cody,1610612754,IND,30.0,4,0,4,0.0,55.18,2,10,0.2,0,5,0.0,3,6,0.5,1,13,14,2,4,4,2,1,5,5,7,-28,40.8,0,0,35.0,1,2025-26,13.8,77.7,79.0,79.0,98.2,99.2,99.2,-20.5,-20.2,-20.2,0.065,0.5,10.5,0.013,0.183,0.094,21.1,21.5,0.2,0.277,0.119,0.121,106.68,105.26,87.71,105.26,0.045,119,0.5,2.5
1642262,Cody Williams,Cody,1610612762,UTA,21.0,67,16,51,0.239,1630.5416666666667,238,509,0.468,28,131,0.214,84,119,0.706,61,137,198,137,73,51,26,44,122,84,588,-393,1189.1,2,0,1105.0,1,2025-26,24.3,110.7,110.9,110.9,121.3,121.4,121.4,-10.7,-10.6,-10.6,0.111,1.88,17.7,0.036,0.084,0.059,9.4,9.5,0.495,0.524,0.159,0.161,105.17,105.04,87.53,105.04,0.057,3561,3.6,7.6
1641732,Colby Jones,Colby,1610612765,DET,24.0,1,0,1,0.0,6.816666666666666,1,3,0.333,0,2,0.0,0,0,0.0,0,4,4,2,0,0,0,0,1,0,2,12,9.8,0,0,8.0,1,2025-26,6.8,137.7,133.3,133.3,50.4,53.3,53.3,87.4,80.0,80.0,0.333,0.0,40.0,0.0,0.4,0.222,0.0,0.0,0.333,0.333,0.158,0.162,107.03,105.62,88.02,105.62,0.256,15,1.0,3.0
1630175,Cole Anthony,Cole,1610612749,MIL,26.0,35,12,23,0.343,526.635,98,231,0.424,22,72,0.306,16,26,0.615,16,71,87,121,65,20,11,11,73,46,234,-111,547.9,0,0,526.0,1,2025-26,15.0,105.2,103.4,103.4,113.5,113.1,113.1,-8.3,-9.7,-9.7,0.354,1.86,28.3,0.029,0.126,0.078,15.2,15.2,0.472,0.483,0.244,0.256,100.96,101.99,84.99,101.99,0.082,1118,2.8,6.6
1630658,Colin Castleton,Colin,1610612753,ORL,26.0,4,3,1,0.75,21.383333333333333,2,5,0.4,0,0,0.0,1,1,1.0,2,6,8,1,2,1,0,1,2,2,5,6,17.1,0,0,16.0,1,2025-26,5.3,107.9,116.3,116.3,109.9,102.3,102.3,-1.9,14.0,14.0,0.053,0.5,12.5,0.105,0.333,0.216,25.0,23.7,0.4,0.46,0.14,0.151,96.93,96.52,80.44,96.52,0.098,43,0.5,1.3
1631221,Collin Gillespie,Collin,1610612756,PHX,27.0,80,43,37,0.538,2281.8016666666667,352,842,0.418,232,578,0.401,76,87,0.874,89,238,327,371,125,99,16,30,130,138,1012,200,2180.9,3,0,2172.0,1,2025-26,28.5,113.5,113.7,113.7,110.2,110.0,110.0,3.3,3.7,3.7,0.228,2.97,27.1,0.036,0.107,0.07,9.1,9.1,0.556,0.575,0.181,0.188,99.53,99.53,82.94,99.53,0.108,4743,4.4,10.5
1642867,Collin Murray-Boyles,Collin,1610612761,TOR,21.0,57,31,26,0.544,1245.6,198,342,0.579,17,50,0.34,71,108,0.657,133,152,285,106,59,52,53,27,147,84,484,47,1241.0,4,0,1102.0,1,2025-26,21.9,111.1,111.7,111.7,108.6,109.1,109.1,2.5,2.6,2.6,0.122,1.8,19.1,0.102,0.121,0.112,10.6,10.6,0.604,0.621,0.15,0.155,99.96,99.54,82.95,99.54,0.098,2574,3.5,6.0
1629012,Collin Sexton,Collin,1610612741,CHI,27.0,68,25,43,0.368,1613.2033333333334,360,742,0.485,112,279,0.401,218,255,0.855,41,114,155,223,141,76,10,58,144,230,1050,-118,1687.5,1,0,1712.0,2,2025-26,23.7,108.5,110.5,110.5,114.0,113.6,113.6,-5.4,-3.0,-3.0,0.217,1.58,18.4,0.024,0.065,0.045,11.6,11.6,0.561,0.615,0.248,0.255,103.93,103.17,85.98,103.17,0.113,3462,5.3,10.9
1642843,Cooper Flagg,Cooper,1610612742,DAL,19.0,70,22,48,0.314,2343.858333333333,559,1194,0.468,72,244,0.295,283,342,0.827,86,380,466,316,161,84,64,80,142,289,1473,-266,2789.2,13,0,2623.0,1,2025-26,33.5,108.9,109.5,109.5,113.7,114.7,114.7,-4.8,-5.2,-5.2,0.212,1.96,17.4,0.035,0.151,0.093,8.9,8.8,0.498,0.548,0.264,0.271,103.64,102.96,85.8,102.96,0.128,5026,8.0,17.1
1630557,Corey Kispert,Corey,1610612737,ATL,27.0,58,27,31,0.466,1079.6066666666666,184,394,0.467,87,237,0.367,77,97,0.794,27,105,132,92,45,16,9,21,60,69,532,-151,858.4,0,0,893.0,2,2025-26,18.6,108.7,108.9,108.9,115.6,115.9,115.9,-6.9,-7.0,-7.0,0.121,2.04,16.1,0.022,0.091,0.056,7.9,7.8,0.577,0.609,0.179,0.185,104.33,104.15,86.79,104.15,0.088,2348,3.2,6.8
1642504,Cormac Ryan,Cormac,1610612749,MIL,27.0,11,2,9,0.182,270.67833333333334,53,102,0.52,27,59,0.458,24,26,0.923,8,20,28,19,17,11,3,4,27,21,157,-18,244.1,1,0,259.0,1,2025-26,24.6,113.6,116.0,116.0,119.9,119.0,119.0,-6.3,-3.1,-3.1,0.11,1.12,12.8,0.032,0.078,0.055,11.5,11.4,0.652,0.692,0.206,0.213,97.4,96.73,80.61,96.73,0.104,545,4.8,9.3
1641854,Craig Porter Jr.,Craig,1610612739,CLE,26.0,64,43,21,0.672,1147.6616666666666,116,258,0.45,33,93,0.355,24,40,0.6,85,135,220,205,59,57,38,18,70,52,289,103,1086.5,0,0,937.0,1,2025-26,17.9,116.0,116.2,116.2,110.7,111.6,111.6,5.3,4.6,4.6,0.225,3.47,38.0,0.07,0.115,0.092,10.9,10.9,0.514,0.524,0.119,0.121,102.52,102.01,85.01,102.01,0.092,2435,1.8,4.0
1642938,Curtis Jones,Curtis,1610612743,DEN,24.0,10,8,2,0.8,87.71666666666667,11,27,0.407,6,18,0.333,1,2,0.5,2,9,11,10,2,4,0,1,6,3,29,26,67.2,0,0,64.0,1,2025-26,8.8,120.2,117.9,117.9,105.6,104.4,104.4,14.5,13.6,13.6,0.147,5.0,25.0,0.022,0.077,0.053,5.0,5.0,0.519,0.52,0.142,0.147,98.89,100.41,83.68,100.41,0.075,184,1.1,2.7
1626156,D'Angelo Russell,D'Angelo,1610612764,WAS,30.0,26,9,17,0.346,494.775,94,232,0.405,33,112,0.295,43,60,0.717,8,53,61,104,49,12,2,5,30,51,264,-41,486.2,1,0,490.0,1,2025-26,19.0,107.4,107.9,107.9,110.3,111.3,111.3,-2.9,-3.4,-3.4,0.328,2.12,25.2,0.016,0.092,0.057,11.9,11.9,0.476,0.511,0.261,0.265,104.67,104.0,86.67,104.0,0.098,1070,3.6,8.9
1629610,DaQuan Jeffries,DaQuan,1610612758,SAC,28.0,3,0,3,0.0,59.903333333333336,11,19,0.579,4,9,0.444,5,5,1.0,3,2,5,1,0,2,0,1,9,5,31,1,44.5,0,0,45.0,1,2025-26,20.0,121.4,121.5,121.5,121.7,120.7,120.7,-0.3,0.8,0.8,0.025,0.0,4.5,0.042,0.038,0.041,0.0,0.0,0.684,0.731,0.141,0.15,96.57,96.96,80.8,96.96,0.078,121,3.7,6.3
1641747,DaRon Holmes II,DaRon,1610612743,DEN,23.0,25,17,8,0.68,209.51,31,61,0.508,20,45,0.444,11,14,0.786,8,27,35,16,12,1,6,2,19,17,93,-16,168.0,0,0,178.0,1,2025-26,8.4,108.3,107.9,107.9,113.1,110.9,110.9,-4.8,-3.0,-3.0,0.125,1.33,16.8,0.04,0.113,0.08,12.6,12.6,0.672,0.692,0.171,0.177,95.42,96.57,80.47,96.57,0.095,420,1.2,2.4
1631342,Daeqwon Plowden,Daeqwon,1610612758,SAC,27.0,32,9,23,0.281,844.3683333333333,120,279,0.43,62,186,0.333,42,49,0.857,33,64,97,41,26,23,7,12,78,42,344,-205,585.9,0,0,604.0,1,2025-26,26.4,111.4,111.2,111.2,121.9,122.1,122.1,-10.5,-10.9,-10.9,0.065,1.58,11.3,0.037,0.08,0.057,7.2,7.1,0.541,0.572,0.157,0.163,101.0,100.96,84.13,100.96,0.057,1771,3.8,8.7
1630625,Dalano Banton,Dalano,1610612738,BOS,26.0,6,4,2,0.667,61.65,4,12,0.333,0,1,0.0,4,4,1.0,2,3,5,11,8,2,5,3,3,3,12,-9,47.5,0,0,42.0,2,2025-26,10.3,110.2,110.0,110.0,115.2,114.3,114.3,-4.9,-4.3,-4.3,0.268,1.38,33.3,0.034,0.043,0.039,24.2,24.4,0.333,0.436,0.152,0.152,101.87,102.38,85.32,102.38,0.051,130,0.7,2.0
1631207,Dalen Terry,Dalen,1610612755,PHI,23.0,48,22,26,0.458,551.0266666666666,68,155,0.439,24,66,0.364,16,30,0.533,26,60,86,66,26,29,15,8,49,40,176,-45,484.2,0,0,440.0,2,2025-26,11.5,106.6,106.8,106.8,109.6,109.7,109.7,-3.0,-2.9,-2.9,0.167,2.54,25.6,0.041,0.099,0.069,10.1,10.0,0.516,0.523,0.139,0.146,105.03,104.92,87.44,104.92,0.076,1200,1.4,3.2
1642261,Dalton Knecht,Dalton,1610612747,LAL,25.0,54,34,20,0.63,552.9283333333333,87,191,0.455,38,111,0.342,16,22,0.727,14,61,75,21,23,11,11,11,45,18,228,-82,392.5,0,0,406.0,1,2025-26,10.2,108.2,105.2,105.2,113.9,113.7,113.7,-5.7,-8.5,-8.5,0.059,0.91,8.6,0.026,0.108,0.068,9.4,9.4,0.555,0.568,0.171,0.18,99.1,100.57,83.81,100.57,0.069,1166,1.6,3.5
1629655,Daniel Gafford,Daniel,1610612742,DAL,27.0,55,12,43,0.218,1194.4383333333333,207,316,0.655,0,0,0.0,110,161,0.683,138,240,378,58,63,42,69,41,144,149,524,-188,1334.6,10,0,1182.0,1,2025-26,21.7,106.9,105.9,105.9,113.7,113.0,113.0,-6.8,-7.1,-7.1,0.071,0.92,11.5,0.108,0.181,0.145,12.5,12.4,0.655,0.677,0.151,0.158,103.76,104.6,87.17,104.6,0.114,2601,3.8,5.7
1642450,Daniss Jenkins,Daniss,1610612765,DET,24.0,72,54,18,0.75,1455.3,232,568,0.408,73,195,0.374,134,161,0.832,51,115,166,278,115,64,15,51,107,146,671,209,1409.2,3,0,1346.0,1,2025-26,20.2,111.6,113.2,113.2,106.2,106.6,106.6,5.4,6.6,6.6,0.27,2.42,26.9,0.034,0.077,0.055,11.1,11.1,0.473,0.525,0.209,0.214,102.24,101.34,84.45,101.34,0.1,3076,3.2,7.9
1642874,Danny Wolf,Danny,1610612751,BKN,22.0,57,14,43,0.246,1187.1616666666666,178,440,0.405,68,211,0.322,84,109,0.771,57,224,281,127,73,30,32,32,126,72,508,-231,1148.7,2,0,1108.0,1,2025-26,20.8,102.7,102.9,102.9,112.3,111.9,111.9,-9.6,-9.0,-9.0,0.178,1.74,18.4,0.046,0.195,0.117,10.6,10.6,0.482,0.521,0.201,0.207,98.0,98.09,81.74,98.09,0.096,2420,3.1,7.7
203967,Dario Saric,Dario,1610612758,SAC,32.0,5,1,4,0.2,41.248333333333335,1,6,0.167,1,3,0.333,2,2,1.0,1,5,6,2,2,0,0,1,3,1,5,0,13.2,0,0,14.0,1,2025-26,8.2,106.6,104.7,104.7,105.6,104.7,104.7,1.0,0.0,0.0,0.061,1.0,18.2,0.03,0.114,0.078,18.2,18.4,0.25,0.363,0.1,0.103,97.61,98.91,82.43,98.91,0.015,85,0.2,1.2
1641727,Dariq Whitehead,Dariq,1610612763,MEM,21.0,6,0,6,0.0,182.81666666666663,37,93,0.398,19,60,0.317,5,7,0.714,2,22,24,9,10,4,0,4,13,5,98,-99,142.3,0,0,158.0,1,2025-26,30.5,102.7,102.5,102.5,124.7,126.5,126.5,-22.0,-24.1,-24.1,0.078,0.9,7.8,0.009,0.12,0.059,8.7,8.7,0.5,0.51,0.231,0.237,107.41,106.73,88.94,106.73,0.062,406,6.2,15.5
1642468,Darius Brown II,Darius,1610612739,CLE,26.0,1,1,0,1.0,2.6666666666666665,0,1,0.0,0,0,0.0,0,0,0.0,0,1,1,0,0,0,0,0,0,0,0,-4,1.2,0,0,1.0,1,2025-26,2.7,128.9,100.0,100.0,180.0,180.0,180.0,-51.1,-80.0,-80.0,0.0,0.0,0.0,0.0,1.0,0.25,0.0,0.0,0.0,0.0,0.167,0.205,79.92,90.0,75.0,90.0,0.0,5,0.0,1.0
1629636,Darius Garland,Darius,1610612746,LAC,26.0,45,26,19,0.578,1344.2766666666666,309,672,0.46,122,308,0.396,105,122,0.861,18,89,107,301,130,43,8,28,84,116,845,84,1447.9,7,0,1477.0,2,2025-26,29.9,117.5,117.9,117.9,113.8,115.2,115.2,3.7,2.6,2.6,0.322,2.32,26.0,0.013,0.063,0.039,11.2,11.2,0.551,0.582,0.266,0.271,102.6,101.84,84.86,101.84,0.112,2856,6.9,14.9
1642357,David Jones Garcia,David,1610612759,SAS,24.0,11,7,4,0.636,67.975,13,25,0.52,3,5,0.6,3,6,0.5,4,9,13,18,5,6,1,4,6,8,32,38,90.6,0,0,80.0,1,2025-26,6.2,124.1,123.1,123.1,103.6,100.0,100.0,20.6,23.1,23.1,0.316,3.6,36.0,0.06,0.143,0.1,10.0,9.9,0.58,0.579,0.18,0.189,107.12,109.45,91.21,109.45,0.133,156,1.2,2.3
1631223,David Roddy,David,1610612743,DEN,25.0,5,4,1,0.8,73.01666666666667,15,30,0.5,3,11,0.273,7,7,1.0,8,12,20,4,2,4,1,2,7,6,40,5,83.0,1,0,77.0,1,2025-26,14.6,114.6,113.8,113.8,109.9,110.7,110.7,4.6,3.1,3.1,0.078,2.0,10.3,0.105,0.126,0.117,5.1,5.1,0.55,0.605,0.191,0.197,104.54,104.52,87.1,104.52,0.128,159,3.0,6.0
1630558,Davion Mitchell,Davion,1610612748,MIA,27.0,70,37,33,0.529,2000.255,261,533,0.49,90,228,0.395,42,65,0.646,32,155,187,453,108,68,11,22,181,85,654,202,1686.9,5,0,1542.0,1,2025-26,28.6,115.6,117.2,117.2,111.4,113.0,113.0,4.3,4.2,4.2,0.285,4.19,40.3,0.015,0.072,0.044,9.6,9.6,0.574,0.582,0.137,0.139,105.34,103.88,86.57,103.88,0.083,4338,3.7,7.6
1630549,Day'Ron Sharpe,Day'Ron,1610612751,BKN,24.0,62,17,45,0.274,1159.915,214,356,0.601,9,39,0.231,103,152,0.678,171,242,413,145,106,67,26,33,147,122,540,-114,1426.1,5,0,1293.0,1,2025-26,18.7,106.6,107.3,107.3,112.6,111.7,111.7,-6.0,-4.3,-4.3,0.207,1.37,21.4,0.143,0.222,0.18,15.7,15.7,0.614,0.638,0.19,0.196,98.81,98.86,82.39,98.86,0.141,2384,3.5,5.7
1628368,De'Aaron Fox,De'Aaron,1610612759,SAS,28.0,72,55,17,0.764,2231.065,509,1047,0.486,131,395,0.332,187,246,0.76,42,228,270,445,164,89,19,54,162,190,1336,452,2487.5,8,0,2398.0,1,2025-26,31.0,119.0,118.8,118.8,109.7,108.9,108.9,9.3,9.9,9.9,0.286,2.71,25.2,0.018,0.092,0.056,9.3,9.3,0.549,0.578,0.242,0.249,103.22,103.67,86.39,103.67,0.117,4807,7.1,14.5
1629631,De'Andre Hunter,De'Andre,1610612758,SAC,28.0,45,24,21,0.533,1175.486666666667,208,501,0.415,75,246,0.305,124,143,0.867,30,155,185,90,75,30,6,19,112,138,615,-21,1005.0,0,0,1037.0,2,2025-26,26.1,112.8,114.1,114.1,114.4,115.0,115.0,-1.6,-0.9,-0.9,0.11,1.2,12.4,0.023,0.127,0.074,10.3,10.3,0.49,0.545,0.218,0.223,104.24,103.39,86.16,103.39,0.077,2533,4.6,11.1
1629001,De'Anthony Melton,De'Anthony,1610612744,GSW,28.0,49,22,27,0.449,1125.256666666667,215,528,0.407,72,245,0.294,100,121,0.826,39,119,158,125,91,77,20,31,91,94,602,95,1179.1,0,0,1151.0,1,2025-26,23.0,114.5,114.3,114.3,111.2,110.4,110.4,3.3,3.9,3.9,0.164,1.37,15.7,0.033,0.108,0.07,11.4,11.4,0.475,0.518,0.244,0.253,101.03,101.48,84.57,101.48,0.09,2380,4.4,10.8
201599,DeAndre Jordan,DeAndre,1610612740,NOP,37.0,12,6,6,0.5,198.8,21,32,0.656,0,0,0.0,11,17,0.647,26,50,76,11,9,4,10,5,16,14,53,-1,193.7,0,0,168.0,1,2025-26,16.6,109.6,110.0,110.0,109.8,112.3,112.3,-0.2,-2.4,-2.4,0.077,1.22,18.6,0.124,0.234,0.18,15.3,15.1,0.656,0.671,0.098,0.102,102.0,100.68,83.9,100.68,0.119,421,1.8,2.7
1630610,DeJon Jarreau,DeJon,1610612763,MEM,28.0,11,2,9,0.182,230.7333333333333,33,83,0.398,4,30,0.133,18,23,0.783,12,39,51,36,26,10,8,5,28,19,88,-112,231.2,0,0,215.0,1,2025-26,21.0,98.7,99.2,99.2,122.6,122.2,122.2,-24.0,-23.0,-23.0,0.265,1.38,23.2,0.046,0.174,0.105,16.8,16.8,0.422,0.473,0.211,0.219,103.3,103.18,85.99,103.18,0.073,497,3.0,7.5
201942,DeMar DeRozan,DeMar,1610612758,SAC,36.0,77,20,57,0.26,2405.515,499,1005,0.497,47,147,0.32,374,431,0.868,35,191,226,316,96,80,23,38,149,308,1419,-588,2377.2,2,0,2214.0,1,2025-26,31.2,110.3,110.6,110.6,121.1,122.3,122.3,-10.8,-11.7,-11.7,0.196,3.29,19.8,0.015,0.081,0.047,6.0,6.0,0.52,0.594,0.222,0.23,101.91,101.26,84.38,101.26,0.111,5076,6.5,13.1
1629731,Dean Wade,Dean,1610612739,CLE,29.0,59,36,23,0.61,1317.6833333333334,122,278,0.439,71,196,0.362,27,38,0.711,53,194,247,88,16,44,23,11,90,44,342,151,955.4,1,0,882.0,1,2025-26,22.3,116.9,117.2,117.2,109.7,110.9,110.9,7.1,6.2,6.2,0.082,5.5,22.1,0.039,0.139,0.09,4.0,4.0,0.567,0.58,0.097,0.1,102.47,101.78,84.82,101.78,0.074,2784,2.1,4.7
1629028,Deandre Ayton,Deandre,1610612747,LAL,27.0,72,46,26,0.639,1958.385,403,601,0.671,0,0,0.0,91,141,0.645,185,390,575,59,83,41,70,27,157,117,897,-8,1925.5,22,0,1753.0,1,2025-26,27.2,114.8,115.6,115.6,113.8,115.5,115.5,1.0,0.1,0.1,0.044,0.71,7.3,0.103,0.2,0.154,10.3,10.3,0.671,0.676,0.164,0.167,100.69,99.65,83.04,99.65,0.117,4060,5.6,8.3
1627749,Dejounte Murray,Dejounte,1610612740,NOP,29.0,14,5,9,0.357,389.4166666666667,88,182,0.484,19,62,0.306,39,45,0.867,4,71,75,89,47,23,3,5,33,31,234,20,488.5,1,0,469.0,1,2025-26,27.8,115.4,116.2,116.2,113.9,114.9,114.9,1.5,1.3,1.3,0.336,1.89,26.6,0.011,0.188,0.101,14.1,13.9,0.536,0.58,0.267,0.274,101.61,100.83,84.02,100.83,0.138,822,6.3,13.0
1630166,Deni Avdija,Deni,1610612757,POR,25.0,66,35,31,0.53,2199.385,492,1064,0.462,125,393,0.318,489,610,0.802,74,380,454,442,253,51,41,79,168,433,1598,16,2828.8,19,3,2803.0,1,2025-26,33.3,114.0,115.7,115.7,114.7,115.4,115.4,-0.8,0.3,0.3,0.316,1.75,21.9,0.031,0.167,0.098,12.5,12.5,0.521,0.6,0.285,0.292,103.84,102.78,85.65,102.78,0.149,4711,7.5,16.1
203471,Dennis Schröder,Dennis,1610612739,CLE,32.0,70,29,41,0.414,1696.2983333333334,255,629,0.405,75,228,0.329,171,205,0.834,33,157,190,341,124,55,11,45,109,171,756,-235,1569.5,3,0,1494.0,2,2025-26,24.2,110.5,110.8,110.8,115.4,117.0,117.0,-4.9,-6.2,-6.2,0.294,2.75,28.8,0.019,0.089,0.054,10.5,10.5,0.465,0.526,0.21,0.216,101.13,100.28,83.57,100.28,0.094,3537,3.6,9.0
1641726,Dereck Lively II,Dereck,1610612742,DAL,22.0,7,3,4,0.429,115.27333333333333,11,18,0.611,0,0,0.0,8,10,0.8,14,23,37,13,10,4,11,2,21,9,30,14,128.9,0,0,110.0,1,2025-26,16.5,107.0,108.6,108.6,101.5,102.3,102.3,5.5,6.3,6.3,0.153,1.3,28.3,0.117,0.183,0.15,21.7,22.0,0.611,0.67,0.113,0.113,108.26,107.02,89.18,107.02,0.094,256,1.6,2.6
1642852,Derik Queen,Derik,1610612740,NOP,21.0,81,26,55,0.321,2023.38,354,748,0.473,23,88,0.261,217,273,0.795,136,436,572,298,190,84,74,61,215,220,948,-304,2365.4,14,2,2157.0,1,2025-26,25.0,111.8,112.7,112.7,118.6,119.4,119.4,-6.8,-6.7,-6.7,0.208,1.57,21.9,0.065,0.207,0.136,14.0,14.0,0.489,0.546,0.214,0.217,104.07,103.32,86.1,103.32,0.109,4350,4.4,9.2
1627884,Derrick Jones Jr.,Derrick,1610612746,LAC,29.0,50,26,24,0.52,1349.5083333333334,189,379,0.499,55,153,0.359,71,93,0.763,61,112,173,69,40,45,50,20,104,90,504,130,1060.1,1,0,991.0,1,2025-26,27.0,117.2,117.9,117.9,111.8,113.8,113.8,5.4,4.0,4.0,0.068,1.73,13.2,0.047,0.082,0.065,7.7,7.6,0.571,0.6,0.144,0.15,100.33,99.15,82.62,99.15,0.072,2795,3.8,7.6
1628401,Derrick White,Derrick,1610612738,BOS,31.0,77,52,25,0.675,2624.9566666666665,437,1108,0.394,209,640,0.327,184,204,0.902,86,253,339,414,134,88,98,34,119,215,1267,598,2718.8,1,0,2601.0,1,2025-26,34.1,117.5,119.3,119.3,107.1,108.0,108.0,10.5,11.3,11.3,0.221,3.09,23.8,0.032,0.09,0.061,7.7,7.7,0.489,0.529,0.216,0.221,97.53,96.35,80.29,96.35,0.109,5270,5.7,14.4
1630217,Desmond Bane,Desmond,1610612753,ORL,28.0,82,45,37,0.549,2756.045,583,1205,0.484,167,427,0.391,314,346,0.908,98,240,338,338,164,86,37,82,252,230,1647,135,2764.6,1,0,2736.0,1,2025-26,33.6,112.4,113.6,113.6,110.8,111.5,111.5,1.6,2.2,2.2,0.19,2.06,18.4,0.034,0.084,0.059,8.9,8.8,0.553,0.607,0.224,0.233,103.09,102.2,85.17,102.2,0.111,5871,7.1,14.7
1626164,Devin Booker,Devin,1610612756,PHX,29.0,64,37,27,0.578,2146.43,546,1198,0.456,122,370,0.33,454,520,0.873,48,200,248,386,201,51,18,63,168,430,1668,201,2550.6,6,0,2562.0,1,2025-26,33.5,114.2,115.9,115.9,110.5,112.0,112.0,3.7,3.9,3.9,0.293,1.92,19.3,0.021,0.091,0.055,10.1,10.0,0.507,0.585,0.307,0.316,102.19,100.72,83.93,100.72,0.142,4516,8.5,18.7
1642269,Devin Carter,Devin,1610612758,SAC,24.0,38,8,30,0.211,699.8683333333333,121,292,0.414,30,114,0.263,67,94,0.713,36,89,125,101,54,34,9,13,50,92,339,-113,715.5,0,0,681.0,1,2025-26,18.4,110.5,111.0,111.0,118.1,118.3,118.3,-7.6,-7.3,-7.3,0.209,1.87,20.7,0.048,0.13,0.088,11.1,11.1,0.466,0.508,0.226,0.23,101.11,100.78,83.99,100.78,0.094,1467,3.2,7.7
1630170,Devin Vassell,Devin,1610612759,SAS,25.0,67,52,15,0.776,2044.2316666666663,330,755,0.437,166,432,0.384,106,130,0.815,39,230,269,167,60,57,25,18,106,91,932,492,1691.3,1,0,1698.0,1,2025-26,30.5,119.9,121.3,121.3,108.3,109.9,109.9,11.6,11.4,11.4,0.107,2.78,16.2,0.019,0.102,0.063,5.8,5.8,0.547,0.574,0.176,0.18,102.82,101.48,84.57,101.48,0.087,4321,4.9,11.3
1628415,Dillon Brooks,Dillon,1610612756,PHX,30.0,56,32,24,0.571,1701.5833333333333,417,959,0.435,127,369,0.344,170,202,0.842,43,160,203,99,98,57,9,29,183,187,1131,-49,1623.1,0,0,1692.0,1,2025-26,30.4,112.5,113.7,113.7,112.6,114.8,114.8,-0.1,-1.1,-1.1,0.095,1.01,8.0,0.024,0.094,0.058,7.9,7.9,0.501,0.54,0.279,0.285,102.05,100.54,83.78,100.54,0.088,3560,7.4,17.1
1641794,Dillon Jones,Dillon,1610612752,NYK,24.0,7,5,2,0.714,39.388333333333335,2,9,0.222,1,5,0.2,4,4,1.0,2,5,7,4,0,3,0,1,6,2,9,8,32.4,0,0,27.0,1,2025-26,5.6,121.9,114.0,114.0,112.5,109.8,109.8,9.4,4.2,4.2,0.108,0.0,26.7,0.05,0.135,0.091,0.0,0.0,0.278,0.418,0.111,0.116,97.73,102.37,85.3,102.37,0.053,86,0.3,1.3
1627734,Domantas Sabonis,Domantas,1610612758,SAC,30.0,19,3,16,0.158,563.5883333333334,120,221,0.543,5,27,0.185,56,77,0.727,64,152,216,78,51,18,4,18,66,68,301,-177,692.2,12,0,644.0,1,2025-26,29.7,108.8,110.0,110.0,123.2,123.9,123.9,-14.4,-13.9,-13.9,0.209,1.53,20.4,0.108,0.283,0.191,13.3,13.3,0.554,0.59,0.223,0.227,103.33,102.46,85.38,102.46,0.131,1199,6.3,11.6
1631230,Dominick Barlow,Dominick,1610612755,PHI,23.0,71,40,31,0.563,1688.5183333333334,215,399,0.539,21,82,0.256,94,131,0.718,133,207,340,87,56,63,53,26,150,107,545,27,1375.5,2,0,1225.0,1,2025-26,23.8,112.4,112.7,112.7,110.4,111.9,111.9,2.0,0.8,0.8,0.069,1.55,14.6,0.075,0.118,0.096,9.4,9.3,0.565,0.597,0.125,0.129,102.07,101.23,84.36,101.23,0.078,3560,3.0,5.6
1642270,Donovan Clingan,Donovan,1610612757,POR,22.0,77,41,36,0.532,2093.6366666666668,356,684,0.52,84,246,0.341,138,203,0.68,347,545,892,162,95,44,130,41,182,175,934,14,2674.4,37,0,2420.0,1,2025-26,27.2,112.2,113.9,113.9,113.1,113.8,113.8,-0.9,0.1,0.1,0.112,1.71,15.7,0.149,0.254,0.199,9.2,9.2,0.582,0.604,0.163,0.166,102.92,101.86,84.89,101.86,0.139,4447,4.6,8.9
1628378,Donovan Mitchell,Donovan,1610612739,CLE,29.0,70,45,25,0.643,2342.063333333333,678,1403,0.483,224,616,0.364,372,430,0.865,50,266,316,398,198,104,20,47,163,323,1952,370,3102.2,5,0,3138.0,1,2025-26,33.5,119.2,119.3,119.3,112.0,112.1,112.1,7.2,7.2,7.2,0.266,2.01,18.3,0.021,0.108,0.065,9.1,9.0,0.563,0.613,0.311,0.321,103.18,103.13,85.94,103.13,0.152,5035,9.7,20.0
1628978,Donte DiVincenzo,Donte,1610612750,MIN,29.0,82,49,33,0.598,2494.036666666667,339,835,0.406,244,644,0.379,78,105,0.743,67,269,336,313,118,104,34,15,197,121,1000,337,2168.7,1,0,2169.0,1,2025-26,30.4,115.5,116.3,116.3,108.5,110.0,110.0,6.9,6.2,6.2,0.164,2.65,23.9,0.026,0.1,0.064,9.0,9.0,0.552,0.567,0.164,0.168,103.13,102.07,85.06,102.07,0.084,5306,4.1,10.2
1627827,Dorian Finney-Smith,Dorian,1610612745,HOU,33.0,37,23,14,0.622,620.3116666666666,44,132,0.333,27,100,0.27,8,9,0.889,35,58,93,36,22,16,6,6,61,9,123,15,332.6,0,0,323.0,1,2025-26,16.8,109.4,109.4,109.4,108.2,107.6,107.6,1.2,1.8,1.8,0.078,1.64,18.6,0.054,0.087,0.071,11.3,11.3,0.436,0.452,0.104,0.108,99.03,99.32,82.76,99.32,0.034,1280,1.2,3.6
203926,Doug McDermott,Doug,1610612758,SAC,34.0,29,8,21,0.276,439.1983333333333,54,139,0.388,48,123,0.39,8,9,0.889,7,30,37,22,13,6,4,1,28,5,164,-102,258.4,0,0,291.0,1,2025-26,15.1,105.4,104.2,104.2,115.7,115.3,115.3,-10.3,-11.1,-11.1,0.073,1.69,12.4,0.014,0.068,0.04,7.3,7.3,0.561,0.574,0.146,0.15,100.7,101.48,84.56,101.48,0.055,929,1.9,4.8
1642962,Drake Powell,Drake,1610612751,BKN,20.0,63,16,47,0.254,1319.513333333333,144,358,0.402,51,182,0.28,69,77,0.896,21,90,111,91,60,36,14,26,89,50,408,-447,767.7,0,0,761.0,1,2025-26,20.9,99.8,100.3,100.3,115.3,116.3,116.3,-15.5,-16.1,-16.1,0.113,1.52,16.8,0.016,0.07,0.042,11.0,11.1,0.473,0.521,0.149,0.154,99.22,98.56,82.14,98.56,0.053,2704,2.3,5.7
203110,Draymond Green,Draymond,1610612744,GSW,36.0,68,31,37,0.456,1868.888333333333,205,491,0.418,101,310,0.326,59,84,0.702,55,320,375,376,181,61,42,16,197,112,570,-134,1712.0,2,0,1628.0,1,2025-26,27.5,110.0,109.4,109.4,112.5,113.6,113.6,-2.6,-4.3,-4.3,0.278,2.08,34.7,0.029,0.168,0.098,16.7,16.7,0.52,0.54,0.158,0.163,101.92,101.72,84.77,101.72,0.084,3976,3.0,7.2
1629234,Drew Eubanks,Drew,1610612758,SAC,29.0,42,10,32,0.238,552.27,93,156,0.596,1,7,0.143,32,57,0.561,39,88,127,19,30,15,26,11,57,51,219,-157,492.9,1,0,448.0,1,2025-26,13.1,105.7,106.4,106.4,117.2,117.8,117.8,-11.4,-11.4,-11.4,0.052,0.63,8.3,0.069,0.154,0.112,13.0,13.0,0.599,0.605,0.161,0.165,102.78,102.17,85.14,102.17,0.082,1165,2.2,3.7
1641809,Drew Peterson,Drew,1610612766,CHA,26.0,6,1,5,0.167,64.26833333333333,2,16,0.125,0,12,0.0,1,2,0.5,3,6,9,2,0,3,1,0,3,3,5,-10,30.8,0,0,24.0,1,2025-26,10.7,101.4,103.1,103.1,110.1,110.7,110.7,-8.7,-7.6,-7.6,0.044,0.0,10.5,0.041,0.107,0.069,0.0,0.0,0.125,0.148,0.108,0.111,98.87,97.84,81.53,97.84,0.0,131,0.3,2.7
1631166,Drew Timme,Drew,1610612747,LAL,25.0,27,18,9,0.667,235.08166666666668,38,66,0.576,11,25,0.44,5,9,0.556,10,23,33,23,13,6,0,4,20,10,92,-23,171.1,0,0,171.0,1,2025-26,8.7,111.3,108.1,108.1,115.1,115.0,115.0,-3.9,-6.9,-6.9,0.145,1.77,21.7,0.047,0.093,0.072,12.3,12.3,0.659,0.658,0.155,0.162,96.23,97.7,81.42,97.7,0.084,483,1.4,2.4
1630696,Dru Smith,Dru,1610612748,MIA,28.0,70,38,32,0.543,1141.3083333333334,135,325,0.415,38,129,0.295,87,105,0.829,62,111,173,180,55,100,21,31,109,89,395,-83,1180.6,0,0,1028.0,1,2025-26,16.3,108.7,107.1,107.1,109.6,110.3,110.3,-0.9,-3.2,-3.2,0.214,3.27,29.8,0.047,0.085,0.066,9.1,9.1,0.474,0.532,0.142,0.151,106.77,107.2,89.34,107.2,0.091,2548,1.9,4.6
1629130,Duncan Robinson,Duncan,1610612765,DET,32.0,77,58,19,0.753,2113.1583333333333,318,698,0.456,220,536,0.41,83,110,0.755,29,176,205,159,54,44,22,16,168,115,939,536,1567.5,0,0,1655.0,1,2025-26,27.4,118.6,120.8,120.8,108.8,109.5,109.5,9.8,11.3,11.3,0.094,2.94,16.7,0.014,0.08,0.047,5.7,5.6,0.613,0.629,0.152,0.156,102.5,101.22,84.35,101.22,0.078,4471,4.1,9.1
1641871,Duop Reath,Duop,1610612757,POR,30.0,32,16,16,0.5,258.17,33,74,0.446,23,55,0.418,5,6,0.833,10,28,38,10,7,5,8,2,28,6,94,-39,186.6,0,0,191.0,1,2025-26,8.1,102.7,103.0,103.0,110.9,109.4,109.4,-8.2,-6.4,-6.4,0.059,1.43,10.8,0.037,0.095,0.067,7.5,7.5,0.601,0.613,0.13,0.134,103.88,104.4,87.0,104.4,0.067,560,1.0,2.3
203939,Dwight Powell,Dwight,1610612742,DAL,34.0,63,19,44,0.302,904.4116666666666,65,101,0.644,2,7,0.286,78,112,0.696,96,161,257,68,41,34,21,12,133,107,210,-9,744.4,3,0,647.0,1,2025-26,14.4,110.3,110.4,110.4,112.6,110.9,110.9,-2.3,-0.5,-0.5,0.095,1.66,26.6,0.101,0.17,0.136,16.0,15.8,0.653,0.699,0.084,0.089,103.8,104.58,87.15,104.58,0.073,1971,1.0,1.6
1642928,Dylan Cardwell,Dylan,1610612758,SAC,24.0,44,13,31,0.295,906.5383333333332,105,179,0.587,2,4,0.5,26,51,0.51,147,185,332,62,39,30,67,19,161,51,238,-66,981.4,3,0,828.0,1,2025-26,20.6,108.0,108.6,108.6,112.3,111.1,111.1,-4.3,-2.5,-2.5,0.095,1.59,20.5,0.148,0.202,0.174,12.9,12.9,0.592,0.591,0.108,0.11,100.05,100.31,83.59,100.31,0.089,1886,2.4,4.1
1642844,Dylan Harper,Dylan,1610612759,SAS,20.0,69,53,16,0.768,1557.9566666666667,331,656,0.505,61,178,0.343,90,119,0.756,54,180,234,266,99,54,24,55,139,94,813,303,1627.8,0,0,1530.0,1,2025-26,22.6,116.3,116.9,116.9,106.8,107.4,107.4,9.5,9.5,9.5,0.246,2.69,24.9,0.033,0.106,0.07,9.3,9.2,0.551,0.574,0.211,0.218,102.03,101.49,84.57,101.49,0.113,3290,4.8,9.5
1630700,Dyson Daniels,Dyson,1610612737,ATL,23.0,76,44,32,0.579,2519.54,402,777,0.517,22,117,0.188,75,122,0.615,184,336,520,449,135,149,31,42,166,131,901,306,2603.5,15,2,2252.0,1,2025-26,33.2,115.7,116.8,116.8,109.5,110.6,110.6,6.2,6.2,6.2,0.23,3.33,31.8,0.071,0.129,0.1,9.6,9.5,0.532,0.542,0.157,0.16,104.24,103.18,85.98,103.18,0.106,5403,5.3,10.2
1630604,E.J. Liddell,E.J.,1610612751,BKN,25.0,26,5,21,0.192,349.19,54,111,0.486,18,52,0.346,21,26,0.808,14,55,69,24,15,6,10,7,45,29,147,-47,298.8,1,0,290.0,1,2025-26,13.4,108.3,108.1,108.1,114.9,114.6,114.6,-6.6,-6.5,-6.5,0.114,1.6,14.9,0.039,0.174,0.102,9.3,9.3,0.568,0.6,0.168,0.173,99.35,99.52,82.93,99.52,0.087,724,2.1,4.3
1642856,Egor Dëmin,Egor,1610612751,BKN,20.0,52,14,38,0.269,1308.2083333333333,179,449,0.399,124,322,0.385,54,65,0.831,21,144,165,173,86,42,17,16,93,61,536,-161,1084.5,1,0,1116.0,1,2025-26,25.2,107.6,109.5,109.5,115.3,115.4,115.4,-7.7,-5.9,-5.9,0.199,2.01,23.5,0.015,0.116,0.063,11.7,11.7,0.537,0.561,0.182,0.185,100.08,99.16,82.63,99.16,0.081,2702,3.4,8.6
1641989,Elijah Harkless,Elijah,1610612762,UTA,26.0,26,5,21,0.192,544.8133333333334,54,161,0.335,21,88,0.239,49,64,0.766,10,43,53,75,26,31,6,10,52,70,178,-33,439.1,1,0,401.0,1,2025-26,21.0,113.4,113.5,113.5,115.3,116.0,116.0,-1.9,-2.5,-2.5,0.177,2.88,25.8,0.018,0.077,0.047,8.9,9.0,0.401,0.471,0.162,0.165,104.2,103.83,86.53,103.83,0.055,1177,2.1,6.2
1641801,Emanuel Miller,Emanuel,1610612759,SAS,26.0,5,0,5,0.0,33.05,6,13,0.462,2,6,0.333,1,2,0.5,1,2,3,4,0,2,0,0,2,1,15,-19,30.6,0,0,28.0,1,2025-26,6.6,90.2,88.9,88.9,122.6,116.9,116.9,-32.4,-28.0,-28.0,0.211,0.0,22.2,0.026,0.083,0.048,0.0,0.0,0.538,0.54,0.169,0.18,100.71,103.84,86.54,103.84,0.093,72,1.2,2.6
1642402,Enrique Freeman,Enrique,1610612750,MIN,25.0,4,3,1,0.75,37.208333333333336,4,8,0.5,2,4,0.5,3,4,0.75,2,8,10,2,2,2,3,1,5,4,13,28,41.0,0,0,37.0,1,2025-26,9.3,132.4,127.8,127.8,99.4,103.6,103.6,33.1,24.2,24.2,0.057,1.0,14.3,0.053,0.174,0.119,14.3,14.5,0.625,0.666,0.113,0.119,112.49,112.23,93.53,112.23,0.091,90,1.0,2.0
201569,Eric Gordon,Eric,1610612755,PHI,37.0,6,3,3,0.5,73.75,12,21,0.571,8,14,0.571,1,2,0.5,1,1,2,3,3,4,1,1,3,1,33,-31,51.9,0,0,56.0,1,2025-26,12.3,102.8,102.6,102.6,119.3,120.1,120.1,-16.5,-17.6,-17.6,0.063,1.0,10.7,0.013,0.014,0.013,10.7,10.8,0.762,0.754,0.137,0.143,102.73,102.51,85.42,102.51,0.083,156,2.0,3.5
1630679,Ethan Thompson,Ethan,1610612754,IND,27.0,32,8,24,0.25,653.2316666666667,74,196,0.378,38,116,0.328,37,47,0.787,17,52,69,57,25,20,9,13,69,45,223,1,453.3,0,0,445.0,1,2025-26,20.4,110.6,109.8,109.8,110.7,109.9,109.9,-0.1,-0.1,-0.1,0.122,2.28,19.3,0.025,0.078,0.051,8.4,8.4,0.474,0.515,0.154,0.16,101.11,101.84,84.87,101.84,0.051,1387,2.3,6.1
1630596,Evan Mobley,Evan,1610612739,CLE,25.0,65,40,25,0.615,2074.2883333333334,469,859,0.546,62,209,0.297,180,297,0.606,156,430,586,234,122,48,113,48,159,228,1180,224,2595.2,27,0,2384.0,1,2025-26,31.9,116.8,117.0,117.0,111.0,111.3,111.3,5.8,5.7,5.7,0.168,1.92,17.4,0.073,0.196,0.135,9.1,9.1,0.582,0.596,0.221,0.227,102.14,101.89,84.91,101.89,0.135,4391,7.2,13.2
1630532,Franz Wagner,Franz,1610612753,ORL,24.0,34,20,14,0.588,1019.0033333333332,244,507,0.481,48,139,0.345,163,198,0.823,43,134,177,113,58,32,11,35,72,153,699,80,1151.9,0,0,1123.0,1,2025-26,30.0,113.7,114.2,114.2,110.0,110.6,110.6,3.7,3.6,3.6,0.175,1.95,14.7,0.041,0.128,0.084,7.6,7.6,0.529,0.588,0.256,0.264,105.4,104.86,87.38,104.86,0.134,2226,7.2,14.9
1641713,GG Jackson,GG,1610612763,MEM,21.0,55,16,39,0.291,1177.765,255,514,0.496,64,193,0.332,112,151,0.742,49,186,235,81,85,31,44,35,75,105,686,-85,1229.5,1,0,1216.0,1,2025-26,21.4,113.4,114.0,114.0,116.8,117.5,117.5,-3.4,-3.5,-3.5,0.103,0.95,10.9,0.04,0.154,0.097,11.4,11.4,0.558,0.591,0.23,0.236,103.43,102.85,85.7,102.85,0.108,2525,4.6,9.3
1629216,Gabe Vincent,Gabe,1610612737,ATL,30.0,53,36,17,0.679,879.0783333333334,76,216,0.352,59,173,0.341,20,23,0.87,17,37,54,76,27,27,3,10,79,32,231,39,472.8,0,0,480.0,2,2025-26,16.6,117.7,117.3,117.3,115.8,116.0,116.0,2.0,1.3,1.3,0.109,2.81,23.2,0.02,0.041,0.03,8.2,8.2,0.488,0.511,0.119,0.123,101.84,101.94,84.95,101.94,0.033,1873,1.4,4.1
202066,Garrett Temple,Garrett,1610612761,TOR,40.0,22,10,12,0.455,72.93666666666667,4,15,0.267,3,12,0.25,6,9,0.667,1,8,9,9,7,4,2,1,6,7,17,-1,52.3,0,0,50.0,1,2025-26,3.3,98.9,92.4,92.4,95.9,94.2,94.2,3.1,-1.8,-1.8,0.205,1.29,25.7,0.016,0.108,0.065,20.0,20.0,0.367,0.448,0.152,0.165,98.33,102.66,85.55,102.66,0.051,157,0.2,0.7
1629726,Garrison Mathews,Garrison,1610612754,IND,29.0,15,4,11,0.267,196.1,21,52,0.404,17,46,0.37,19,23,0.826,2,15,17,10,3,6,3,2,19,22,78,-2,137.4,0,0,140.0,1,2025-26,13.1,108.6,107.3,107.3,109.8,108.0,108.0,-1.2,-0.7,-0.7,0.069,3.33,13.5,0.01,0.076,0.042,4.1,4.0,0.567,0.628,0.134,0.141,102.43,103.91,86.59,103.91,0.072,425,1.4,3.5
203914,Gary Harris,Gary,1610612749,MIL,31.0,48,15,33,0.313,660.7683333333333,46,104,0.442,28,68,0.412,8,9,0.889,16,45,61,51,19,27,9,4,53,7,128,-132,366.7,0,0,340.0,1,2025-26,13.8,106.1,105.9,105.9,116.6,115.5,115.5,-10.6,-9.6,-9.6,0.105,2.68,28.8,0.025,0.072,0.048,10.7,10.7,0.577,0.593,0.082,0.086,98.34,98.9,82.42,98.9,0.048,1361,1.0,2.2
1627780,Gary Payton II,Gary,1610612744,GSW,33.0,73,33,40,0.452,1142.28,242,415,0.583,37,127,0.291,26,40,0.65,101,164,265,123,62,67,21,15,132,40,547,-109,1251.5,2,0,1148.0,1,2025-26,15.6,113.6,111.2,111.2,113.1,113.5,113.5,0.5,-2.3,-2.3,0.164,1.98,19.9,0.084,0.143,0.113,10.0,10.0,0.628,0.632,0.177,0.186,101.75,102.7,85.58,102.7,0.114,2420,3.3,5.7
1629018,Gary Trent Jr.,Gary,1610612749,MIL,27.0,65,24,41,0.369,1377.381666666667,183,473,0.387,123,342,0.36,40,52,0.769,8,59,67,79,41,34,3,15,85,47,529,-348,797.9,0,0,872.0,1,2025-26,21.2,107.1,107.9,107.9,119.3,120.4,120.4,-12.2,-12.4,-12.4,0.082,1.93,12.9,0.006,0.044,0.024,6.7,6.7,0.517,0.533,0.167,0.173,100.35,99.53,82.94,99.53,0.047,2859,2.8,7.3
203507,Giannis Antetokounmpo,Giannis,1610612749,MIL,31.0,36,17,19,0.472,1039.23,373,598,0.624,15,45,0.333,232,357,0.65,98,254,352,196,115,34,24,35,86,290,993,96,1768.4,19,0,1672.0,1,2025-26,28.9,118.8,119.4,119.4,114.1,114.9,114.9,4.6,4.4,4.4,0.344,1.7,18.4,0.098,0.233,0.168,10.8,10.8,0.636,0.658,0.358,0.367,100.51,99.9,83.25,99.9,0.213,2163,10.4,16.6
1629048,Goga Bitadze,Goga,1610612753,ORL,26.0,64,34,30,0.531,972.0066666666668,152,225,0.676,2,11,0.182,69,97,0.711,137,183,320,84,43,37,61,13,136,94,375,17,1136.0,3,0,977.0,1,2025-26,15.2,112.5,112.6,112.6,111.1,111.0,111.0,1.5,1.6,1.6,0.124,1.95,21.4,0.131,0.183,0.157,10.9,10.9,0.68,0.7,0.128,0.133,102.5,102.52,85.43,102.52,0.122,2069,2.4,3.5
1641711,Gradey Dick,Gradey,1610612761,TOR,22.0,76,43,33,0.566,1066.6883333333333,161,384,0.419,56,186,0.301,77,88,0.875,42,105,147,51,42,45,7,22,101,65,455,123,821.9,1,0,813.0,1,2025-26,14.0,111.1,110.8,110.8,106.4,106.7,106.7,4.7,4.1,4.1,0.066,1.21,9.9,0.038,0.095,0.066,8.1,8.1,0.492,0.538,0.176,0.183,103.24,103.25,86.04,103.25,0.07,2308,2.1,5.1
1641761,Grant Nelson,Grant,1610612751,BKN,24.0,4,0,4,0.0,35.01,5,9,0.556,0,0,0.0,7,10,0.7,1,5,6,5,4,1,5,2,6,8,17,-7,45.7,0,0,40.0,1,2025-26,8.8,111.2,112.7,112.7,123.7,122.5,122.5,-12.5,-9.9,-9.9,0.217,1.25,21.7,0.029,0.167,0.094,17.4,17.9,0.556,0.634,0.222,0.232,97.51,97.34,81.12,97.34,0.1,71,1.3,2.3
1629684,Grant Williams,Grant,1610612766,CHA,27.0,36,25,11,0.694,711.4533333333334,78,183,0.426,52,134,0.388,44,54,0.815,46,96,142,56,31,17,18,6,56,52,252,203,580.4,0,0,572.0,1,2025-26,19.8,116.9,119.2,119.2,107.0,106.3,106.3,9.9,12.9,12.9,0.106,1.81,19.2,0.06,0.127,0.094,10.6,10.6,0.568,0.609,0.132,0.137,100.07,99.41,82.84,99.41,0.089,1479,2.2,5.1
1628960,Grayson Allen,Grayson,1610612756,PHX,30.0,51,26,25,0.51,1467.2783333333334,269,667,0.403,159,455,0.349,144,168,0.857,37,118,155,195,83,69,13,30,117,154,841,18,1482.5,0,0,1514.0,1,2025-26,28.8,113.6,113.9,113.9,113.4,113.8,113.8,0.2,0.1,0.1,0.206,2.35,19.2,0.023,0.081,0.051,8.2,8.1,0.522,0.568,0.231,0.24,99.42,99.12,82.6,99.12,0.105,3037,5.3,13.1
1627824,Guerschon Yabusele,Guerschon,1610612741,CHI,30.0,67,32,35,0.478,1007.0566666666666,125,312,0.401,69,196,0.352,54,72,0.75,56,178,234,63,41,26,16,17,81,54,373,-166,833.3,4,0,823.0,2,2025-26,15.0,107.6,107.4,107.4,115.5,115.3,115.3,-7.9,-7.9,-7.9,0.087,1.54,14.1,0.052,0.17,0.11,9.2,9.2,0.511,0.543,0.155,0.16,103.66,103.86,86.55,103.86,0.077,2182,1.9,4.7
1630611,Gui Santos,Gui,1610612744,GSW,24.0,68,29,39,0.426,1395.3633333333332,230,460,0.5,78,222,0.351,87,120,0.725,75,191,266,159,102,61,22,32,142,119,625,35,1329.7,3,0,1294.0,1,2025-26,20.5,111.7,111.7,111.7,111.8,110.7,110.7,0.0,1.0,1.0,0.168,1.56,20.6,0.052,0.138,0.094,13.2,13.2,0.585,0.609,0.181,0.188,100.39,100.89,84.08,100.89,0.097,2935,3.4,6.8
203084,Harrison Barnes,Harrison,1610612759,SAS,34.0,77,57,20,0.74,1986.475,262,575,0.456,139,358,0.388,102,123,0.829,62,151,213,148,61,50,12,21,85,103,765,329,1367.6,0,0,1389.0,1,2025-26,25.8,117.2,118.4,118.4,110.0,110.6,110.6,7.2,7.8,7.8,0.097,2.43,17.6,0.03,0.071,0.051,7.3,7.3,0.577,0.608,0.144,0.146,102.45,101.69,84.74,101.69,0.075,4209,3.4,7.5
1631127,Harrison Ingram,Harrison,1610612759,SAS,23.0,7,6,1,0.857,26.116666666666667,5,6,0.833,1,1,1.0,0,0,0.0,3,0,3,1,1,0,0,0,2,1,11,-6,15.1,0,0,16.0,1,2025-26,3.7,104.9,105.3,105.3,127.1,117.9,117.9,-22.2,-12.6,-12.6,0.048,1.0,12.5,0.125,0.0,0.075,12.5,12.5,0.917,0.917,0.104,0.106,100.28,103.84,86.53,103.84,0.086,57,0.7,0.9
1643060,Hayden Gray,Hayden,1610612762,UTA,23.0,1,0,1,0.0,24.75,2,3,0.667,0,1,0.0,2,2,1.0,0,0,0,1,1,1,1,0,0,1,6,-18,12.5,0,0,11.0,1,2025-26,24.8,103.5,103.8,103.8,128.1,132.7,132.7,-24.6,-29.0,-29.0,0.05,1.0,16.7,0.0,0.0,0.0,16.7,17.0,0.667,0.773,0.079,0.079,106.82,104.73,87.27,104.73,0.05,53,2.0,3.0
1629312,Haywood Highsmith,Haywood,1610612756,PHX,29.0,7,4,3,0.571,90.79,12,23,0.522,8,14,0.571,6,7,0.857,6,7,13,7,0,4,0,2,9,5,38,10,76.1,0,0,74.0,1,2025-26,13.0,117.3,117.8,117.8,112.6,116.1,116.1,4.6,1.7,1.7,0.119,0.0,21.2,0.062,0.084,0.072,0.0,0.0,0.696,0.729,0.121,0.127,95.19,93.58,77.98,93.58,0.107,180,1.7,3.3
1630529,Herbert Jones,Herbert,1610612740,NOP,27.0,56,22,34,0.393,1588.381666666667,183,478,0.383,80,259,0.309,50,62,0.806,47,143,190,155,73,88,27,27,177,65,496,-49,1228.5,0,0,1151.0,1,2025-26,28.4,112.4,113.5,113.5,113.6,114.4,114.4,-1.2,-0.9,-0.9,0.13,2.12,21.1,0.029,0.09,0.059,9.9,10.0,0.467,0.491,0.153,0.155,101.88,101.08,84.24,101.08,0.053,3337,3.3,8.5
1642864,Hugo González,Hugo,1610612738,BOS,20.0,74,51,23,0.689,1083.93,117,246,0.476,42,116,0.362,13,26,0.5,62,184,246,40,38,42,21,21,124,52,289,246,795.2,2,0,743.0,1,2025-26,14.6,117.9,118.0,118.0,106.5,106.2,106.2,11.4,11.9,11.9,0.047,1.05,11.9,0.055,0.158,0.107,11.3,11.3,0.561,0.561,0.114,0.118,97.72,97.78,81.48,97.78,0.067,2201,1.6,3.3
1630621,Hunter Dickinson,Hunter,1610612740,NOP,25.0,5,1,4,0.2,42.47833333333333,5,14,0.357,0,4,0.0,2,2,1.0,2,3,5,2,3,1,2,0,6,1,12,-37,27.0,0,0,25.0,1,2025-26,8.5,96.9,100.0,100.0,136.7,135.7,135.7,-39.8,-35.7,-35.7,0.065,0.67,10.0,0.036,0.063,0.049,15.0,15.1,0.357,0.403,0.162,0.162,110.99,109.61,91.34,109.61,0.01,96,1.0,2.8
1642282,Hunter Sallis,Hunter,1610612755,PHI,23.0,7,3,4,0.429,25.67333333333333,3,5,0.6,0,0,0.0,1,2,0.5,0,1,1,4,5,0,1,0,2,2,7,-13,12.2,0,0,14.0,1,2025-26,3.7,89.0,89.5,89.5,115.4,112.3,112.3,-26.3,-22.8,-22.8,0.235,0.8,26.7,0.0,0.034,0.017,33.3,33.6,0.6,0.595,0.169,0.175,105.41,106.57,88.81,106.57,0.024,57,0.4,0.7
1641816,Hunter Tyson,Hunter,1610612743,DEN,26.0,21,15,6,0.714,161.9,14,52,0.269,7,33,0.212,11,13,0.846,4,32,36,17,5,2,1,6,13,8,46,-24,118.7,0,0,112.0,1,2025-26,7.7,101.0,100.0,100.0,107.3,107.5,107.5,-6.3,-7.5,-7.5,0.17,3.4,21.5,0.024,0.174,0.102,6.3,6.3,0.337,0.398,0.166,0.176,98.22,98.58,82.15,98.58,0.065,333,0.7,2.5
1630193,Immanuel Quickley,Immanuel,1610612761,TOR,27.0,70,41,29,0.586,2231.3083333333334,401,905,0.443,178,476,0.374,170,207,0.821,38,244,282,415,102,92,5,42,141,186,1150,117,2299.9,8,0,2219.0,1,2025-26,31.9,114.0,115.0,115.0,111.3,112.1,112.1,2.7,2.9,2.9,0.261,4.07,27.5,0.017,0.108,0.062,6.8,6.7,0.541,0.577,0.206,0.212,100.84,100.06,83.39,100.06,0.118,4644,5.7,12.9
1642403,Isaac Jones,Isaac,1610612765,DET,25.0,7,5,2,0.714,35.68333333333333,3,7,0.429,0,2,0.0,3,4,0.75,2,3,5,1,1,0,1,1,4,4,9,-26,18.5,0,0,17.0,2,2025-26,5.1,86.8,88.9,88.9,125.9,126.8,126.8,-39.1,-37.9,-37.9,0.048,1.0,9.1,0.053,0.088,0.069,9.1,9.3,0.429,0.514,0.119,0.121,97.66,96.18,80.15,96.18,0.036,72,0.4,1.0
1630171,Isaac Okoro,Isaac,1610612741,CHI,25.0,63,26,37,0.413,1694.89,211,459,0.46,73,221,0.33,89,112,0.795,69,104,173,100,46,46,29,28,162,107,584,-335,1120.6,0,0,1080.0,1,2025-26,26.9,111.2,112.1,112.1,118.3,120.6,120.6,-7.1,-8.5,-8.5,0.079,2.17,15.3,0.04,0.058,0.049,7.0,7.0,0.539,0.574,0.137,0.139,104.58,103.21,86.01,103.21,0.05,3634,3.3,7.3
1642268,Isaiah Collier,Isaiah,1610612762,UTA,21.0,59,16,43,0.271,1516.92,255,515,0.495,27,100,0.27,151,209,0.722,21,129,150,423,148,66,20,55,138,153,688,-443,1612.5,10,0,1460.0,1,2025-26,25.7,109.2,109.4,109.4,122.7,122.6,122.6,-13.4,-13.2,-13.2,0.404,2.86,35.8,0.013,0.085,0.048,12.5,12.6,0.521,0.567,0.204,0.208,104.32,104.25,86.87,104.25,0.102,3291,4.3,8.7
1642384,Isaiah Crawford,Isaiah,1610612745,HOU,24.0,14,8,6,0.571,92.1,10,24,0.417,3,13,0.231,5,6,0.833,3,13,16,5,4,2,3,2,4,8,28,-9,65.7,0,0,62.0,1,2025-26,6.6,95.7,97.3,97.3,103.8,103.2,103.2,-8.2,-5.9,-5.9,0.079,1.25,13.9,0.027,0.133,0.077,11.1,11.2,0.479,0.526,0.138,0.142,98.05,97.46,81.22,97.46,0.087,188,0.7,1.7
1628392,Isaiah Hartenstein,Isaiah,1610612760,OKC,28.0,47,39,8,0.83,1137.425,184,296,0.622,0,7,0.0,64,105,0.61,149,294,443,166,82,48,36,17,118,97,432,365,1382.6,11,1,1209.0,1,2025-26,24.2,118.0,118.8,118.8,102.7,103.2,103.2,15.3,15.6,15.6,0.189,2.02,28.2,0.13,0.243,0.188,13.9,13.9,0.622,0.631,0.153,0.157,101.3,100.69,83.91,100.69,0.143,2383,3.9,6.3
1630543,Isaiah Jackson,Isaiah,1610612746,LAC,24.0,55,20,35,0.364,908.3116666666666,151,237,0.637,0,3,0.0,68,105,0.648,113,177,290,52,58,36,49,14,147,81,370,-50,993.0,7,0,882.0,2,2025-26,16.5,112.4,111.8,111.8,114.3,114.7,114.7,-1.9,-2.9,-2.9,0.083,0.9,13.2,0.12,0.19,0.155,14.8,14.8,0.637,0.653,0.152,0.159,101.95,102.07,85.06,102.07,0.104,1934,2.7,4.3
1630198,Isaiah Joe,Isaiah,1610612760,OKC,26.0,71,56,15,0.789,1507.445,247,543,0.455,181,428,0.423,110,123,0.894,33,148,181,94,45,50,11,17,121,133,785,356,1281.2,0,0,1363.0,1,2025-26,21.2,116.0,116.9,116.9,105.4,105.2,105.2,10.6,11.7,11.7,0.089,2.09,12.9,0.022,0.09,0.057,6.2,6.1,0.622,0.657,0.178,0.185,101.66,101.43,84.53,101.43,0.099,3178,3.5,7.6
1630587,Isaiah Livers,Isaiah,1610612756,PHX,27.0,36,21,15,0.583,347.36,22,64,0.344,12,40,0.3,9,12,0.75,19,42,61,21,12,13,8,7,28,8,65,11,220.7,0,0,201.0,1,2025-26,9.6,110.9,109.4,109.4,108.1,108.3,108.3,2.8,1.1,1.1,0.078,1.75,20.6,0.05,0.116,0.083,11.8,11.7,0.438,0.469,0.094,0.098,101.03,101.64,84.7,101.64,0.05,737,0.6,1.8
1641815,Isaiah Stevens,Isaiah,1610612758,SAC,25.0,3,0,3,0.0,42.78333333333333,3,7,0.429,0,1,0.0,4,4,1.0,2,1,3,10,2,5,0,2,2,2,10,-9,41.6,0,0,33.0,1,2025-26,14.3,117.2,110.2,110.2,125.6,123.3,123.3,-8.4,-13.0,-13.0,0.357,5.0,47.6,0.043,0.032,0.038,9.5,9.6,0.429,0.571,0.107,0.112,93.77,97.61,81.34,97.61,0.093,88,1.0,2.3
1630191,Isaiah Stewart,Isaiah,1610612765,DET,25.0,58,42,16,0.724,1317.135,221,402,0.55,40,120,0.333,99,131,0.756,96,194,290,66,67,16,93,23,166,122,581,39,1288.0,2,0,1195.0,1,2025-26,22.7,112.1,112.8,112.8,110.0,111.0,111.0,2.1,1.8,1.8,0.073,0.99,11.2,0.07,0.135,0.103,11.3,11.3,0.6,0.632,0.164,0.17,101.81,101.0,84.17,101.0,0.095,2767,3.8,6.9
1627826,Ivica Zubac,Ivica,1610612754,IND,29.0,48,17,31,0.354,1446.6983333333333,288,482,0.598,0,0,0.0,101,142,0.711,162,347,509,105,86,18,40,35,112,147,677,-46,1533.3,24,0,1407.0,2,2025-26,30.1,113.0,115.6,115.6,115.9,117.9,117.9,-2.9,-2.4,-2.4,0.11,1.22,14.3,0.117,0.234,0.178,11.7,11.7,0.598,0.622,0.186,0.189,99.48,97.51,81.26,97.51,0.13,2949,6.0,10.0
1631120,JD Davison,JD,1610612745,HOU,23.0,28,23,5,0.821,218.41666666666663,24,64,0.375,8,32,0.25,13,19,0.684,3,31,34,35,7,6,6,4,17,15,69,16,191.3,0,0,170.0,1,2025-26,7.8,109.4,108.7,108.7,105.6,106.1,106.1,3.8,2.6,2.6,0.219,5.0,30.4,0.014,0.131,0.074,6.1,6.1,0.438,0.477,0.153,0.159,97.69,97.79,81.5,97.79,0.09,447,0.9,2.3
1629630,Ja Morant,Ja,1610612763,MEM,26.0,20,7,13,0.35,568.5,132,322,0.41,20,85,0.235,105,117,0.897,8,57,65,161,71,20,6,18,40,84,389,-50,715.5,8,0,687.0,1,2025-26,28.4,108.1,109.5,109.5,113.2,113.9,113.9,-5.1,-4.4,-4.4,0.447,2.27,26.6,0.013,0.096,0.053,11.7,11.7,0.441,0.521,0.305,0.315,107.62,106.6,88.83,106.6,0.128,1265,6.6,16.1
1642266,Ja'Kobe Walter,Ja'Kobe,1610612761,TOR,21.0,72,41,31,0.569,1473.575,180,404,0.446,110,269,0.409,71,90,0.789,56,129,185,86,37,73,14,20,162,82,541,1,1116.0,0,0,1096.0,1,2025-26,20.5,110.9,111.6,111.6,109.8,110.7,110.7,1.2,0.9,0.9,0.079,2.32,15.2,0.037,0.088,0.062,6.5,6.5,0.582,0.61,0.136,0.141,101.58,100.83,84.03,100.83,0.069,3084,2.5,5.6
1631095,Jabari Smith Jr.,Jabari,1610612745,HOU,23.0,77,48,29,0.623,2705.365,438,975,0.449,177,488,0.363,162,209,0.775,108,421,529,143,105,56,71,54,192,161,1215,265,2340.3,14,0,2318.0,1,2025-26,35.1,115.1,117.0,117.0,110.9,112.0,112.0,4.2,5.0,5.0,0.073,1.36,10.9,0.039,0.152,0.096,8.0,8.0,0.54,0.569,0.179,0.183,98.98,97.66,81.39,97.66,0.093,5501,5.7,12.7
1631133,Jabari Walker,Jabari,1610612755,PHI,23.0,64,36,28,0.563,761.6683333333333,97,213,0.455,32,95,0.337,50,68,0.735,72,120,192,34,27,23,13,22,103,55,276,4,638.4,2,0,606.0,1,2025-26,11.9,111.9,112.8,112.8,112.5,112.8,112.8,-0.6,0.0,0.0,0.061,1.26,11.1,0.087,0.156,0.12,8.9,8.9,0.531,0.568,0.142,0.146,103.05,102.53,85.44,102.53,0.073,1629,1.5,3.3
1631210,Jacob Toppin,Jacob,1610612737,ATL,26.0,5,3,2,0.6,16.866666666666667,4,6,0.667,0,0,0.0,0,0,0.0,0,1,1,1,0,0,1,0,1,1,8,13,13.7,0,0,12.0,1,2025-26,3.4,115.3,102.7,102.7,72.9,71.4,71.4,42.4,31.3,31.3,0.091,0.0,14.3,0.0,0.067,0.033,0.0,0.0,0.667,0.667,0.14,0.158,95.68,102.45,85.38,102.45,0.181,37,0.8,1.2
1630702,Jaden Hardy,Jaden,1610612764,WAS,23.0,57,13,44,0.228,898.0966666666667,182,429,0.424,104,262,0.397,55,75,0.733,15,71,86,58,62,16,6,19,89,59,523,-84,717.2,0,0,815.0,2,2025-26,15.8,111.9,112.0,112.0,117.2,116.4,116.4,-5.3,-4.4,-4.4,0.095,0.94,9.9,0.017,0.078,0.047,10.6,10.7,0.545,0.566,0.239,0.246,103.12,103.45,86.2,103.45,0.066,1936,3.2,7.5
1631093,Jaden Ivey,Jaden,1610612741,CHI,24.0,37,23,14,0.622,670.255,114,256,0.445,50,134,0.373,38,47,0.809,24,67,91,68,41,23,14,19,53,40,316,26,597.2,0,0,599.0,2,2025-26,18.1,108.7,110.3,110.3,107.5,108.2,108.2,1.3,2.1,2.1,0.145,1.66,17.6,0.034,0.096,0.065,10.6,10.6,0.543,0.571,0.192,0.197,103.09,101.98,84.98,101.98,0.091,1422,3.1,6.9
1630183,Jaden McDaniels,Jaden,1610612750,MIN,25.0,73,44,29,0.603,2316.4133333333334,417,809,0.515,103,250,0.412,147,176,0.835,76,234,310,199,131,81,73,42,244,154,1084,120,2085.5,0,0,2004.0,1,2025-26,31.7,115.0,115.5,115.5,110.7,112.4,112.4,4.3,3.1,3.1,0.121,1.52,16.4,0.033,0.094,0.065,10.8,10.8,0.579,0.611,0.182,0.187,102.98,102.0,85.0,102.0,0.088,4908,5.7,11.1
1630256,Jae'Sean Tate,Jae'Sean,1610612745,HOU,30.0,46,33,13,0.717,404.72333333333336,56,109,0.514,10,32,0.313,7,11,0.636,33,40,73,25,16,10,3,6,48,17,129,-37,277.1,0,0,263.0,1,2025-26,8.8,109.9,107.8,107.8,110.3,111.1,111.1,-0.4,-3.3,-3.3,0.095,1.56,16.2,0.076,0.094,0.085,10.4,10.3,0.56,0.567,0.131,0.139,97.31,97.9,81.59,97.9,0.067,821,1.2,2.4
1642942,Jahmai Mashack,Jahmai,1610612763,MEM,23.0,31,10,21,0.323,673.1516666666666,77,195,0.395,19,75,0.253,19,35,0.543,23,58,81,69,49,37,14,10,67,35,192,-210,496.7,2,1,463.0,1,2025-26,21.7,105.7,106.2,106.2,118.7,120.7,120.7,-13.0,-14.5,-14.5,0.141,1.41,21.0,0.031,0.086,0.057,14.9,14.9,0.444,0.456,0.156,0.16,105.14,104.0,86.67,104.0,0.041,1459,2.5,6.3
1642443,Jahmir Young,Jahmir,1610612748,MIA,25.0,14,10,4,0.714,58.195,10,25,0.4,3,9,0.333,2,2,1.0,2,2,4,9,3,1,0,4,7,3,25,1,43.3,0,0,43.0,1,2025-26,4.2,113.4,113.5,113.5,114.2,107.9,107.9,-0.8,5.6,5.6,0.18,3.0,24.3,0.028,0.031,0.029,8.1,7.9,0.46,0.483,0.178,0.19,109.11,112.17,93.48,112.17,0.048,133,0.7,1.8
1643141,Jahmyl Telfort,Jahmyl,1610612746,LAC,25.0,8,2,6,0.25,32.03333333333333,0,4,0.0,0,4,0.0,1,4,0.25,0,3,3,1,1,1,0,0,5,2,1,-7,8.1,0,0,7.0,1,2025-26,4.0,102.3,94.0,94.0,104.4,102.9,102.9,-2.1,-8.9,-8.9,0.05,1.0,12.5,0.0,0.088,0.047,12.5,12.9,0.0,0.087,0.093,0.097,96.35,101.14,84.29,101.14,-0.064,67,0.0,0.5
1631170,Jaime Jaquez Jr.,Jaime,1610612748,MIA,25.0,75,41,34,0.547,2121.21,464,915,0.507,58,183,0.317,166,216,0.769,96,279,375,352,152,51,21,72,137,163,1152,144,2194.0,6,0,2081.0,1,2025-26,28.3,114.3,114.7,114.7,111.0,111.9,111.9,3.3,2.9,2.9,0.24,2.32,23.3,0.042,0.117,0.08,10.1,10.0,0.539,0.57,0.216,0.223,106.11,105.49,87.91,105.49,0.113,4666,6.2,12.2
1631222,Jake LaRavia,Jake,1610612747,LAL,24.0,82,53,29,0.646,2061.47,240,523,0.459,78,243,0.321,116,152,0.763,116,210,326,145,87,104,38,28,196,120,674,-5,1621.7,1,0,1507.0,1,2025-26,25.1,116.0,116.1,116.1,115.3,116.1,116.1,0.7,0.0,0.0,0.093,1.67,17.6,0.059,0.103,0.081,10.6,10.6,0.533,0.571,0.138,0.142,100.93,100.51,83.76,100.51,0.067,4314,2.9,6.4
1627751,Jakob Poeltl,Jakob,1610612761,TOR,30.0,46,26,20,0.565,1149.06,217,310,0.7,0,0,0.0,59,98,0.602,114,209,323,93,57,40,32,12,145,92,493,48,1179.1,7,0,1053.0,1,2025-26,25.0,114.1,114.7,114.7,111.9,112.6,112.6,2.2,2.0,2.0,0.111,1.63,18.5,0.102,0.188,0.145,11.3,11.3,0.7,0.698,0.15,0.154,100.95,100.36,83.63,100.36,0.115,2402,4.7,6.7
1628973,Jalen Brunson,Jalen,1610612752,NYK,29.0,74,50,24,0.676,2589.806666666667,689,1475,0.467,195,528,0.369,354,421,0.841,31,216,247,503,175,57,8,50,170,379,1927,353,2997.9,12,0,3002.0,1,2025-26,35.0,118.6,120.2,120.2,112.8,114.1,114.1,5.7,6.1,6.1,0.307,2.87,21.7,0.012,0.083,0.047,7.5,7.5,0.533,0.58,0.296,0.304,99.46,98.25,81.87,98.25,0.135,5313,9.3,19.9
1631105,Jalen Duren,Jalen,1610612765,DET,22.0,70,50,20,0.714,1975.8533333333328,522,803,0.65,0,0,0.0,321,430,0.747,265,472,737,138,130,57,59,82,195,301,1365,480,2674.4,41,0,2472.0,1,2025-26,28.2,117.5,120.0,120.0,107.0,108.2,108.2,10.6,11.8,11.8,0.104,1.06,11.0,0.132,0.23,0.182,10.3,10.3,0.65,0.688,0.231,0.234,102.45,100.81,84.0,100.81,0.177,4145,7.5,11.5
1630224,Jalen Green,Jalen,1610612756,PHX,24.0,32,17,15,0.531,828.325,216,512,0.422,71,227,0.313,65,87,0.747,16,100,116,91,72,34,8,36,42,82,568,33,897.7,0,0,930.0,1,2025-26,25.9,112.2,114.2,114.2,112.4,113.5,113.5,-0.2,0.7,0.7,0.181,1.26,12.7,0.017,0.122,0.067,10.1,10.1,0.491,0.516,0.309,0.315,100.93,99.56,82.96,99.56,0.106,1727,6.8,16.0
1630552,Jalen Johnson,Jalen,1610612737,ATL,24.0,72,42,30,0.583,2531.5983333333334,600,1228,0.489,120,341,0.352,301,382,0.788,101,639,740,566,244,89,31,87,151,265,1621,187,3474.0,49,13,3287.0,1,2025-26,35.2,114.1,115.5,115.5,110.8,112.3,112.3,3.4,3.2,3.2,0.325,2.32,25.7,0.038,0.241,0.14,11.1,11.1,0.537,0.581,0.264,0.27,104.93,103.58,86.32,103.58,0.161,5468,8.3,17.1
1629618,Jalen Pickett,Jalen,1610612743,DEN,26.0,50,34,16,0.68,806.48,98,232,0.422,49,127,0.386,15,19,0.789,18,96,114,115,34,13,5,10,42,19,260,3,589.3,0,0,574.0,1,2025-26,16.1,111.9,112.1,112.1,112.4,112.4,112.4,-0.5,-0.4,-0.4,0.208,3.38,29.6,0.022,0.107,0.067,8.8,8.7,0.528,0.541,0.148,0.153,98.07,97.97,81.64,97.97,0.084,1650,2.0,4.6
1641771,Jalen Slawson,Jalen,1610612754,IND,26.0,13,3,10,0.231,310.55,34,77,0.442,15,40,0.375,12,17,0.706,7,50,57,36,17,20,14,6,27,19,95,-26,302.4,0,0,271.0,1,2025-26,23.9,107.2,106.8,106.8,110.7,111.1,111.1,-3.5,-4.3,-4.3,0.167,2.12,26.3,0.022,0.148,0.086,12.4,12.4,0.539,0.562,0.136,0.14,101.42,101.39,84.5,101.39,0.09,657,2.6,5.9
1630188,Jalen Smith,Jalen,1610612741,CHI,26.0,53,26,27,0.491,1095.388333333333,195,404,0.483,82,220,0.373,69,93,0.742,98,257,355,65,53,24,42,19,111,97,541,86,1209.5,9,0,1175.0,1,2025-26,20.7,116.9,116.4,116.4,112.8,113.0,113.0,4.2,3.4,3.4,0.081,1.23,11.6,0.085,0.218,0.152,9.4,9.4,0.584,0.608,0.183,0.19,103.67,103.79,86.49,103.79,0.109,2371,3.7,7.6
1630591,Jalen Suggs,Jalen,1610612753,ORL,25.0,57,34,23,0.596,1573.57,282,649,0.435,122,360,0.339,100,117,0.855,36,184,220,312,152,105,40,24,145,130,786,181,1801.0,4,1,1730.0,1,2025-26,27.6,112.2,113.6,113.6,107.2,108.4,108.4,5.0,5.2,5.2,0.284,2.05,26.8,0.022,0.112,0.068,13.1,13.1,0.529,0.561,0.22,0.226,105.8,104.54,87.11,104.54,0.11,3428,4.9,11.4
1631114,Jalen Williams,Jalen,1610612760,OKC,25.0,33,25,8,0.758,935.9633333333334,216,446,0.484,23,77,0.299,108,129,0.837,27,126,153,181,63,39,9,22,65,102,563,229,1099.1,1,0,1016.0,1,2025-26,28.4,118.3,118.1,118.1,105.8,106.4,106.4,12.6,11.7,11.7,0.274,2.87,24.3,0.029,0.124,0.079,8.5,8.4,0.51,0.56,0.252,0.259,102.8,102.62,85.52,102.62,0.135,1999,6.5,13.5
1630592,Jalen Wilson,Jalen,1610612751,BKN,25.0,54,10,44,0.185,859.2216666666667,110,278,0.396,54,152,0.355,69,96,0.719,17,97,114,50,38,22,2,18,85,76,343,-193,588.8,0,0,609.0,1,2025-26,15.9,105.4,104.5,104.5,115.9,115.4,115.4,-10.5,-10.9,-10.9,0.098,1.32,12.2,0.019,0.122,0.067,9.3,9.3,0.493,0.536,0.177,0.184,97.97,98.57,82.14,98.57,0.061,1764,2.0,5.1
1631288,Jamal Cain,Jamal,1610612753,ORL,27.0,40,22,18,0.55,485.9683333333333,74,152,0.487,28,73,0.384,39,46,0.848,28,50,78,29,19,11,4,8,53,37,215,44,378.1,0,0,380.0,1,2025-26,12.1,117.0,118.0,118.0,114.7,113.5,113.5,2.3,4.5,4.5,0.085,1.53,13.1,0.055,0.109,0.08,8.6,8.6,0.579,0.624,0.159,0.164,100.89,100.94,84.12,100.94,0.081,1021,1.9,3.8
1627750,Jamal Murray,Jamal,1610612743,DEN,29.0,75,48,27,0.64,2651.891666666667,657,1360,0.483,245,563,0.435,346,390,0.887,32,298,330,535,171,66,29,57,131,302,1905,433,3217.5,18,0,3205.0,1,2025-26,35.4,123.0,124.4,124.4,117.4,117.7,117.7,5.6,6.8,6.8,0.298,3.13,24.2,0.013,0.109,0.063,7.7,7.6,0.573,0.622,0.269,0.278,100.56,99.84,83.2,99.84,0.142,5541,8.8,18.1
1642347,Jamal Shead,Jamal,1610612761,TOR,23.0,82,46,36,0.561,1852.2383333333328,185,504,0.367,84,262,0.321,91,116,0.784,26,117,143,444,112,76,15,32,162,164,545,231,1543.6,2,0,1398.0,1,2025-26,22.6,113.8,114.1,114.1,108.1,108.3,108.3,5.6,5.8,5.8,0.306,3.96,39.9,0.014,0.064,0.038,10.1,10.1,0.45,0.491,0.149,0.154,100.66,100.44,83.7,100.44,0.078,3878,2.3,6.1
1631123,Jamaree Bouyea,Jamaree,1610612756,PHX,27.0,46,23,23,0.5,644.0583333333333,108,236,0.458,23,78,0.295,24,35,0.686,18,64,82,82,30,29,16,18,38,42,263,25,589.4,0,0,540.0,1,2025-26,14.0,105.1,106.0,106.0,104.9,104.6,104.6,0.2,1.4,1.4,0.191,2.73,22.6,0.026,0.1,0.062,8.3,8.3,0.506,0.523,0.184,0.19,96.98,96.74,80.61,96.74,0.103,1301,2.3,5.1
201935,James Harden,James,1610612739,CLE,36.0,70,40,30,0.571,2438.495,487,1123,0.434,215,573,0.375,463,524,0.884,40,296,336,557,245,79,28,80,137,324,1652,99,2966.7,20,2,2974.0,2,2025-26,34.8,116.8,118.8,118.8,115.7,117.0,117.0,1.1,1.8,1.8,0.347,2.27,26.1,0.017,0.119,0.07,11.5,11.4,0.529,0.61,0.279,0.287,99.63,98.24,81.87,98.24,0.143,4995,7.0,16.0
1630164,James Wiseman,James,1610612754,IND,25.0,4,0,4,0.0,58.461666666666666,6,10,0.6,0,0,0.0,1,2,0.5,5,3,8,3,5,0,1,1,10,2,13,-9,25.1,0,0,26.0,1,2025-26,14.6,92.9,92.9,92.9,101.6,102.4,102.4,-8.8,-9.5,-9.5,0.075,0.6,15.8,0.074,0.049,0.062,26.3,26.5,0.6,0.597,0.114,0.116,103.47,103.04,85.87,103.04,0.01,127,1.5,2.5
1642364,Jamir Watkins,Jamir,1610612764,WAS,24.0,50,10,40,0.2,1032.1766666666667,132,296,0.446,47,158,0.297,57,82,0.695,49,145,194,67,40,54,25,14,129,77,368,-164,898.3,0,0,834.0,1,2025-26,20.6,109.0,109.4,109.4,116.1,115.8,115.8,-7.1,-6.4,-6.4,0.089,1.68,15.3,0.046,0.14,0.092,9.1,9.1,0.525,0.554,0.148,0.153,103.3,103.26,86.05,103.26,0.069,2211,2.6,5.9
1642419,Jamison Battle,Jamison,1610612761,TOR,25.0,61,35,26,0.574,516.7783333333333,74,145,0.51,35,85,0.412,9,14,0.643,20,69,89,24,19,7,3,4,42,13,192,89,345.8,0,0,360.0,1,2025-26,8.5,114.5,112.6,112.6,107.0,105.9,105.9,7.4,6.7,6.7,0.062,1.26,12.4,0.04,0.124,0.084,9.8,9.8,0.631,0.635,0.135,0.141,100.67,102.08,85.07,102.08,0.079,1106,1.2,2.4
1641716,Jarace Walker,Jarace,1610612754,IND,22.0,76,16,60,0.211,1953.3833333333332,307,733,0.419,133,356,0.374,137,183,0.749,49,342,391,192,139,63,26,30,124,126,884,-459,1769.2,3,0,1778.0,1,2025-26,25.7,106.6,106.5,106.5,116.9,117.6,117.6,-10.3,-11.1,-11.1,0.143,1.38,16.8,0.023,0.17,0.095,12.1,12.1,0.51,0.543,0.2,0.205,104.72,104.46,87.05,104.46,0.09,4257,4.0,9.6
1642272,Jared McCain,Jared,1610612760,OKC,22.0,67,46,21,0.687,1159.6666666666667,204,480,0.425,99,257,0.385,51,59,0.864,23,114,137,90,56,35,5,27,81,55,558,126,921.4,0,0,964.0,2,2025-26,17.3,113.3,113.5,113.5,108.5,108.9,108.9,4.8,4.6,4.6,0.111,1.61,13.8,0.019,0.092,0.056,8.6,8.6,0.528,0.551,0.198,0.205,102.9,102.61,85.51,102.61,0.079,2484,3.0,7.2
1628991,Jaren Jackson Jr.,Jaren,1610612762,UTA,26.0,48,19,29,0.396,1454.6483333333333,342,719,0.476,84,235,0.357,163,203,0.803,42,230,272,94,107,53,69,54,179,190,931,-63,1657.4,3,0,1625.0,2,2025-26,30.3,107.6,108.7,108.7,109.7,110.8,110.8,-2.1,-2.0,-2.0,0.105,0.88,9.4,0.027,0.14,0.085,10.6,10.6,0.534,0.576,0.253,0.261,104.62,103.6,86.33,103.6,0.107,3140,7.1,15.0
1629020,Jarred Vanderbilt,Jarred,1610612747,LAL,27.0,65,39,26,0.6,1127.7416666666666,113,240,0.471,29,99,0.293,33,56,0.589,80,212,292,84,56,55,19,23,104,54,288,6,930.4,1,0,841.0,1,2025-26,17.3,114.9,113.9,113.9,113.6,113.7,113.7,1.3,0.2,0.2,0.098,1.5,20.7,0.073,0.194,0.133,13.8,13.8,0.531,0.544,0.119,0.123,100.02,100.41,83.67,100.41,0.08,2360,1.7,3.7
1628386,Jarrett Allen,Jarrett,1610612739,CLE,28.0,56,37,19,0.661,1519.12,337,528,0.638,1,10,0.1,185,261,0.709,144,332,476,100,75,55,47,35,95,223,860,213,1812.2,20,0,1641.0,1,2025-26,27.1,118.8,119.3,119.3,111.6,112.9,112.9,7.2,6.4,6.4,0.092,1.33,12.1,0.097,0.202,0.152,9.1,9.2,0.639,0.669,0.196,0.198,103.37,102.56,85.47,102.56,0.143,3248,6.0,9.4
1642859,Jase Richardson,Jase,1610612753,ORL,20.0,54,26,28,0.481,586.7483333333333,89,188,0.473,28,79,0.354,33,46,0.717,21,42,63,58,25,19,2,5,53,49,239,-17,439.6,0,0,430.0,1,2025-26,10.9,110.5,111.9,111.9,114.9,112.8,112.8,-4.4,-0.8,-0.8,0.145,2.32,20.0,0.034,0.074,0.053,8.6,8.6,0.548,0.574,0.162,0.167,100.66,100.95,84.12,100.95,0.074,1231,1.6,3.5
1642914,Javon Small,Javon,1610612763,MEM,23.0,41,13,28,0.317,829.9083333333333,134,288,0.465,60,142,0.423,68,82,0.829,36,92,128,151,56,34,9,29,65,59,396,-108,849.1,0,0,821.0,1,2025-26,20.2,111.4,111.7,111.7,116.4,117.4,117.4,-4.9,-5.7,-5.7,0.257,2.7,28.5,0.04,0.109,0.074,10.6,10.5,0.569,0.611,0.183,0.19,104.95,104.37,86.97,104.37,0.109,1802,3.3,7.0
1631451,Javonte Cooke,Javonte,1610612757,POR,26.0,19,6,13,0.316,93.665,9,41,0.22,3,23,0.13,2,2,1.0,4,15,19,7,9,6,0,5,6,4,23,-59,65.3,0,0,64.0,1,2025-26,4.9,76.1,74.3,74.3,104.2,102.9,102.9,-28.1,-28.6,-28.6,0.127,0.78,12.1,0.033,0.163,0.089,15.5,15.5,0.256,0.275,0.205,0.219,105.41,107.36,89.47,107.36,0.019,210,0.5,2.2
1629750,Javonte Green,Javonte,1610612765,DET,32.0,82,60,22,0.732,1445.9616666666666,185,414,0.447,94,247,0.381,105,125,0.84,62,168,230,56,45,102,25,19,107,101,569,215,1265.0,1,0,1203.0,1,2025-26,17.6,112.2,113.0,113.0,104.2,105.4,105.4,8.0,7.6,7.6,0.052,1.24,9.8,0.042,0.112,0.077,7.9,7.9,0.56,0.607,0.143,0.148,103.7,102.74,85.62,102.74,0.095,3086,2.3,5.0
1629637,Jaxson Hayes,Jaxson,1610612747,LAL,26.0,66,43,23,0.652,1206.5783333333334,198,262,0.756,3,3,1.0,98,150,0.653,99,172,271,59,31,29,52,10,127,139,497,71,1122.7,1,0,992.0,1,2025-26,18.3,115.6,115.5,115.5,112.6,113.1,113.1,3.0,2.4,2.4,0.071,1.9,14.1,0.083,0.139,0.111,7.4,7.4,0.761,0.758,0.124,0.129,100.71,100.49,83.74,100.49,0.109,2530,3.0,4.0
1630643,Jay Huff,Jay,1610612754,IND,28.0,82,19,63,0.232,1719.243333333333,291,611,0.476,119,373,0.319,82,99,0.828,73,251,324,121,76,41,153,20,196,107,783,-252,1859.3,1,0,1735.0,1,2025-26,21.0,107.4,107.4,107.4,113.3,113.7,113.7,-5.9,-6.3,-6.3,0.105,1.59,14.3,0.041,0.135,0.089,9.0,8.9,0.574,0.598,0.178,0.184,103.19,102.99,85.83,102.99,0.092,3680,3.5,7.5
1627759,Jaylen Brown,Jaylen,1610612738,BOS,29.0,71,47,24,0.662,2442.838333333333,736,1543,0.477,140,404,0.347,426,536,0.795,81,411,492,364,259,72,27,93,191,447,2038,321,3212.4,14,3,3232.0,1,2025-26,34.4,116.8,119.5,119.5,111.4,113.0,113.0,5.4,6.5,6.5,0.251,1.41,15.2,0.032,0.155,0.095,10.8,10.8,0.522,0.573,0.351,0.358,99.58,97.73,81.44,97.73,0.152,4973,10.4,21.7
1641740,Jaylen Clark,Jaylen,1610612750,MIN,24.0,68,40,28,0.588,887.7033333333334,99,228,0.434,33,101,0.327,44,67,0.657,54,66,120,43,23,47,9,12,87,49,275,73,628.5,0,0,583.0,1,2025-26,13.1,114.6,113.0,113.0,108.9,108.9,108.9,5.6,4.1,4.1,0.064,1.87,13.4,0.056,0.069,0.062,7.1,7.1,0.507,0.534,0.126,0.133,102.78,103.47,86.22,103.47,0.054,1911,1.5,3.4
1642377,Jaylen Wells,Jaylen,1610612763,MEM,22.0,69,24,45,0.348,1820.6416666666669,301,698,0.431,129,365,0.353,134,171,0.784,61,159,220,111,74,61,9,34,148,182,865,-179,1431.5,0,0,1465.0,1,2025-26,26.4,111.6,113.4,113.4,117.1,117.8,117.8,-5.6,-4.4,-4.4,0.085,1.5,11.6,0.031,0.086,0.058,7.8,7.7,0.524,0.559,0.189,0.194,103.3,102.14,85.11,102.14,0.069,3870,4.4,10.1
1631119,Jaylin Williams,Jaylin,1610612760,OKC,24.0,65,54,11,0.831,1277.375,149,352,0.423,98,256,0.383,73,92,0.793,32,326,358,158,67,31,42,11,127,99,469,304,1287.6,6,0,1229.0,1,2025-26,19.7,114.5,114.6,114.6,103.0,103.1,103.1,11.5,11.5,11.5,0.169,2.36,25.6,0.025,0.225,0.131,10.9,10.9,0.563,0.597,0.153,0.158,102.26,102.17,85.14,102.17,0.115,2715,2.3,5.4
1642281,Jaylon Tyson,Jaylon,1610612739,CLE,23.0,66,41,25,0.621,1777.4833333333331,330,670,0.493,133,298,0.446,79,107,0.738,118,220,338,147,99,54,28,40,164,99,872,110,1645.1,7,0,1654.0,1,2025-26,26.9,115.8,117.0,117.0,111.9,113.4,113.4,3.9,3.6,3.6,0.115,1.48,15.3,0.064,0.118,0.091,10.3,10.3,0.592,0.608,0.189,0.192,102.56,101.39,84.49,101.39,0.092,3744,5.0,10.2
1643257,Jayson Kent,Jayson,1610612757,POR,24.0,5,4,1,0.8,22.466666666666665,4,7,0.571,1,4,0.25,1,1,1.0,0,5,5,0,0,1,1,0,1,1,10,-3,22.0,0,0,20.0,1,2025-26,4.5,93.8,86.7,86.7,90.8,89.4,89.4,3.0,-2.7,-2.7,0.0,0.0,0.0,0.0,0.25,0.128,0.0,0.0,0.643,0.672,0.137,0.16,93.88,98.28,81.9,98.28,0.245,45,0.8,1.4
1628369,Jayson Tatum,Jayson,1610612738,BOS,28.0,16,13,3,0.813,521.85,118,287,0.411,47,143,0.329,65,79,0.823,8,152,160,85,39,22,3,8,26,54,348,118,703.5,10,1,690.0,1,2025-26,32.6,119.5,120.7,120.7,109.6,110.2,110.2,9.9,10.5,10.5,0.246,2.18,19.2,0.015,0.274,0.148,8.8,8.7,0.493,0.541,0.29,0.3,98.85,98.1,81.75,98.1,0.159,1069,7.4,17.9
201145,Jeff Green,Jeff,1610612745,HOU,39.0,30,22,8,0.733,174.81666666666666,25,68,0.368,12,44,0.273,5,5,1.0,7,18,25,8,4,2,2,1,12,4,67,-26,117.0,0,0,120.0,1,2025-26,5.8,103.4,103.6,103.6,111.2,111.7,111.7,-7.8,-8.1,-8.1,0.07,2.0,9.8,0.036,0.098,0.066,4.9,4.9,0.456,0.477,0.171,0.179,99.03,98.71,82.26,98.71,0.061,361,0.8,2.3
203924,Jerami Grant,Jerami,1610612757,POR,32.0,57,27,30,0.474,1695.1016666666667,331,730,0.453,136,350,0.389,262,322,0.814,55,143,198,122,119,42,36,56,142,223,1060,-6,1595.6,0,0,1672.0,1,2025-26,29.7,114.1,114.9,114.9,114.4,115.2,115.2,-0.2,-0.3,-0.3,0.107,1.03,11.0,0.03,0.082,0.055,10.8,10.7,0.547,0.608,0.228,0.235,104.76,104.02,86.69,104.02,0.094,3676,5.8,12.8
1642847,Jeremiah Fears,Jeremiah,1610612740,NOP,19.0,82,26,56,0.317,2111.903333333333,437,1006,0.434,101,306,0.33,194,246,0.789,60,240,300,279,178,97,30,88,151,207,1169,-287,2150.5,3,0,2103.0,1,2025-26,25.8,110.8,111.8,111.8,117.6,118.2,118.2,-6.9,-6.4,-6.4,0.195,1.57,17.8,0.026,0.109,0.067,11.3,11.3,0.485,0.525,0.245,0.251,103.69,102.98,85.82,102.98,0.093,4532,5.3,12.3
1630526,Jeremiah Robinson-Earl,Jeremiah,1610612742,DAL,25.0,22,8,14,0.364,360.615,37,100,0.37,10,41,0.244,17,18,0.944,36,67,103,15,12,9,1,12,26,18,101,-86,265.1,0,0,249.0,2,2025-26,16.4,109.4,109.3,109.3,120.1,119.5,119.5,-10.7,-10.2,-10.2,0.057,1.25,11.2,0.088,0.183,0.133,9.0,8.9,0.42,0.468,0.129,0.135,104.5,104.82,87.35,104.82,0.069,785,1.7,4.5
1631110,Jeremy Sochan,Jeremy,1610612752,NYK,23.0,44,30,14,0.682,468.5516666666667,64,129,0.496,11,45,0.244,19,26,0.731,37,70,107,40,21,17,7,9,62,28,158,-58,397.4,0,0,364.0,2,2025-26,10.6,108.3,107.2,107.2,110.8,111.1,111.1,-2.5,-3.9,-3.9,0.124,1.9,19.9,0.076,0.149,0.111,10.4,10.4,0.539,0.563,0.141,0.147,101.32,101.73,84.77,101.73,0.081,984,1.5,2.9
1630579,Jericho Sims,Jericho,1610612749,MIL,27.0,67,25,42,0.373,1317.835,145,185,0.784,0,0,0.0,44,71,0.62,147,223,370,104,75,19,17,17,146,78,334,-272,967.0,6,1,880.0,1,2025-26,19.7,110.1,110.3,110.3,119.9,120.3,120.3,-9.8,-10.1,-10.1,0.109,1.39,26.4,0.115,0.171,0.143,19.0,19.0,0.784,0.772,0.095,0.098,97.97,97.72,81.44,97.72,0.083,2682,2.2,2.8
1641724,Jett Howard,Jett,1610612753,ORL,22.0,55,28,27,0.509,695.32,105,251,0.418,54,145,0.372,37,39,0.949,23,64,87,45,15,10,11,19,66,26,301,-70,520.9,0,0,529.0,1,2025-26,12.6,112.1,112.6,112.6,119.0,118.1,118.1,-6.9,-5.5,-5.5,0.095,3.0,13.7,0.03,0.096,0.06,4.6,4.6,0.526,0.561,0.166,0.171,100.43,100.55,83.79,100.55,0.07,1461,1.9,4.6
1628975,Jevon Carter,Jevon,1610612753,ORL,30.0,53,26,27,0.491,867.4416666666667,123,307,0.401,78,215,0.363,15,19,0.789,14,75,89,87,36,40,10,8,57,17,339,-87,690.3,0,0,693.0,2,2025-26,16.4,109.4,110.0,110.0,115.9,115.6,115.6,-6.5,-5.7,-5.7,0.148,2.42,19.8,0.015,0.085,0.048,8.2,8.2,0.528,0.537,0.166,0.171,101.8,101.62,84.69,101.62,0.074,1844,2.3,5.8
202710,Jimmy Butler III,Jimmy,1610612744,GSW,36.0,38,23,15,0.605,1181.6766666666667,240,462,0.519,32,85,0.376,248,287,0.864,88,123,211,185,60,55,8,29,46,210,760,185,1419.7,3,0,1314.0,1,2025-26,31.1,116.0,116.6,116.6,109.3,109.2,109.2,6.7,7.3,7.3,0.24,3.08,22.3,0.073,0.101,0.087,7.2,7.2,0.554,0.646,0.226,0.234,101.93,101.73,84.78,101.73,0.155,2505,6.3,12.2
1642866,Joan Beringer,Joan,1610612750,MIN,19.0,40,22,18,0.55,314.13166666666666,65,98,0.663,0,0,0.0,26,37,0.703,45,47,92,12,11,7,26,10,47,30,156,23,372.4,1,0,326.0,1,2025-26,7.9,119.7,117.8,117.8,115.0,115.5,115.5,4.7,2.3,2.3,0.052,1.09,8.8,0.141,0.135,0.138,8.0,8.0,0.663,0.683,0.156,0.163,105.15,105.74,88.12,105.74,0.107,695,1.6,2.5
1629111,Jock Landale,Jock,1610612737,ATL,30.0,68,36,32,0.529,1506.0766666666666,282,548,0.515,74,193,0.383,80,126,0.635,183,204,387,115,60,35,36,32,150,138,718,-55,1507.9,9,0,1436.0,2,2025-26,22.1,112.8,114.6,114.6,116.2,116.8,116.8,-3.4,-2.2,-2.2,0.11,1.92,14.7,0.111,0.136,0.123,7.7,7.7,0.582,0.595,0.177,0.181,102.88,101.83,84.86,101.83,0.098,3202,4.1,8.1
204060,Joe Ingles,Joe,1610612750,MIN,38.0,27,13,14,0.481,152.68833333333333,16,27,0.593,7,16,0.438,2,2,1.0,0,19,19,34,14,9,2,0,9,4,41,-8,133.8,1,0,123.0,1,2025-26,5.7,113.4,110.9,110.9,116.2,116.7,116.7,-2.8,-5.8,-5.8,0.268,2.43,44.7,0.0,0.11,0.06,18.4,18.5,0.722,0.735,0.106,0.11,109.84,110.81,92.34,110.81,0.096,358,0.6,1.0
203954,Joel Embiid,Joel,1610612755,PHI,32.0,38,24,14,0.632,1200.638333333333,341,697,0.489,53,159,0.333,286,335,0.854,75,218,293,150,109,21,46,39,82,231,1021,155,1689.6,10,1,1651.0,1,2025-26,31.6,118.7,119.1,119.1,111.5,113.2,113.2,7.2,5.8,5.8,0.209,1.38,13.6,0.063,0.169,0.118,9.9,9.9,0.527,0.605,0.336,0.343,101.61,100.69,83.91,100.69,0.163,2522,9.0,18.3
1628381,John Collins,John,1610612746,LAC,28.0,69,32,37,0.464,1871.4783333333328,364,659,0.552,89,219,0.406,118,154,0.766,110,257,367,70,95,60,51,44,187,153,935,-38,1718.4,3,0,1683.0,1,2025-26,27.1,112.3,113.9,113.9,113.1,115.1,115.1,-0.8,-1.2,-1.2,0.058,0.74,7.9,0.061,0.135,0.099,10.7,10.7,0.62,0.643,0.188,0.192,99.54,97.98,81.65,97.98,0.098,3823,5.3,9.6
1629723,John Konchar,John,1610612762,UTA,30.0,56,18,38,0.321,1114.6766666666667,94,199,0.472,28,99,0.283,32,44,0.727,74,166,240,118,35,83,38,7,79,42,248,-146,1041.0,3,2,876.0,2,2025-26,19.9,106.7,106.1,106.1,111.2,112.0,112.0,-4.5,-5.9,-5.9,0.136,3.37,31.8,0.059,0.14,0.098,9.4,9.4,0.543,0.568,0.09,0.092,105.46,105.42,87.85,105.42,0.09,2447,1.7,3.6
1642967,John Poulakidas,John,1610612742,DAL,23.0,13,3,10,0.231,253.435,39,91,0.429,31,77,0.403,6,7,0.857,4,26,30,11,4,7,4,0,28,5,115,-15,196.5,0,0,209.0,1,2025-26,19.5,110.4,110.5,110.5,113.8,112.8,112.8,-3.4,-2.3,-2.3,0.061,2.75,10.1,0.014,0.096,0.053,3.7,3.7,0.599,0.611,0.153,0.157,105.86,106.25,88.54,106.25,0.069,560,3.0,7.0
1642910,John Tonje,John,1610612738,BOS,25.0,6,5,1,0.833,41.89833333333333,4,14,0.286,3,10,0.3,4,4,1.0,0,6,6,2,0,2,0,1,5,4,15,-6,31.2,0,0,30.0,1,2025-26,7.0,109.7,106.6,106.6,113.3,108.4,108.4,-3.7,-1.8,-1.8,0.083,0.0,11.1,0.0,0.12,0.067,0.0,0.0,0.393,0.476,0.157,0.162,102.72,106.54,88.79,106.54,0.061,91,0.7,2.3
1641780,Johni Broome,Johni,1610612755,PHI,23.0,11,5,6,0.455,54.76166666666666,4,24,0.167,0,5,0.0,2,6,0.333,7,9,16,4,3,3,2,3,7,7,10,-18,47.2,0,0,40.0,1,2025-26,5.0,88.2,88.9,88.9,107.4,102.5,102.5,-19.2,-13.6,-13.6,0.118,1.33,11.8,0.109,0.17,0.137,8.8,8.9,0.167,0.188,0.226,0.232,101.45,103.43,86.19,103.43,-0.02,117,0.4,2.2
1642277,Johnny Furphy,Johnny,1610612754,IND,21.0,35,10,25,0.286,643.0533333333333,70,149,0.47,23,71,0.324,17,35,0.486,32,121,153,41,29,20,7,17,65,28,180,-58,477.1,1,0,451.0,1,2025-26,18.4,111.8,110.1,110.1,114.6,114.8,114.8,-2.8,-4.6,-4.6,0.085,1.41,17.5,0.049,0.191,0.119,12.4,12.4,0.547,0.547,0.125,0.13,101.51,102.22,85.19,102.22,0.066,1372,2.0,4.3
1630548,Johnny Juzang,Johnny,1610612750,MIN,25.0,21,13,8,0.619,87.69833333333334,16,38,0.421,6,24,0.25,5,8,0.625,5,12,17,6,5,2,1,0,3,5,43,-5,76.4,0,0,78.0,1,2025-26,4.2,110.1,105.3,105.3,111.0,109.9,109.9,-0.8,-4.6,-4.6,0.095,1.2,11.3,0.054,0.129,0.092,9.4,9.5,0.5,0.518,0.2,0.21,108.69,111.66,93.05,111.66,0.085,206,0.8,1.8
202685,Jonas Valanciunas,Jonas,1610612743,DEN,34.0,65,42,23,0.646,871.065,227,390,0.582,8,26,0.308,105,136,0.772,105,224,329,78,73,14,37,29,133,143,567,-44,1158.8,5,0,1084.0,1,2025-26,13.4,113.9,114.6,114.6,116.8,116.6,116.6,-2.9,-2.0,-2.0,0.15,1.07,12.9,0.124,0.246,0.187,12.1,12.1,0.592,0.63,0.26,0.265,97.44,97.23,81.03,97.23,0.15,1761,3.5,6.0
1628371,Jonathan Isaac,Jonathan,1610612753,ORL,28.0,52,29,23,0.558,520.8933333333333,46,109,0.422,7,38,0.184,35,58,0.603,43,89,132,22,18,20,31,3,41,53,134,-35,460.4,0,0,397.0,1,2025-26,10.0,106.4,104.7,104.7,108.3,106.1,106.1,-1.9,-1.3,-1.3,0.062,1.22,12.4,0.071,0.165,0.115,10.2,10.3,0.454,0.498,0.119,0.123,100.7,102.61,85.51,102.61,0.078,1104,0.9,2.1
1630228,Jonathan Kuminga,Jonathan,1610612737,ATL,23.0,36,22,14,0.611,830.4966666666667,157,339,0.463,35,105,0.333,89,123,0.724,49,153,202,83,67,22,11,25,55,93,438,71,836.9,1,0,824.0,2,2025-26,23.1,111.5,112.0,112.0,106.5,108.0,108.0,5.0,4.1,4.1,0.148,1.24,15.3,0.056,0.182,0.118,12.3,12.3,0.515,0.557,0.226,0.233,103.7,102.73,85.61,102.73,0.111,1777,4.4,9.4
1642367,Jonathan Mogbo,Jonathan,1610612761,TOR,24.0,40,20,20,0.5,248.89666666666668,26,44,0.591,0,1,0.0,9,14,0.643,19,49,68,25,14,11,8,3,26,12,61,-53,223.1,0,0,192.0,1,2025-26,6.2,99.8,96.3,96.3,107.4,106.5,106.5,-7.6,-10.2,-10.2,0.159,1.79,28.4,0.071,0.193,0.13,15.9,15.7,0.591,0.608,0.102,0.111,101.7,103.95,86.62,103.95,0.101,540,0.7,1.1
203903,Jordan Clarkson,Jordan,1610612752,NYK,34.0,72,45,27,0.625,1279.4616666666666,237,526,0.451,70,214,0.327,78,94,0.83,62,65,127,96,63,30,9,26,123,81,622,110,972.4,0,0,993.0,1,2025-26,17.8,114.6,115.4,115.4,110.1,111.7,111.7,4.5,3.7,3.7,0.11,1.52,13.3,0.047,0.049,0.048,8.7,8.7,0.517,0.548,0.203,0.209,99.82,98.78,82.32,98.78,0.068,2638,3.3,7.3
1630692,Jordan Goodwin,Jordan,1610612756,PHX,27.0,70,39,31,0.557,1571.7766666666666,229,555,0.413,112,302,0.371,39,56,0.696,138,203,341,151,68,106,14,31,133,68,609,93,1536.7,2,0,1453.0,1,2025-26,22.5,112.8,113.4,113.4,109.4,110.1,110.1,3.4,3.3,3.3,0.136,2.22,18.9,0.08,0.134,0.105,8.5,8.5,0.514,0.525,0.167,0.173,99.85,99.3,82.75,99.3,0.098,3245,3.3,7.9
1641722,Jordan Hawkins,Jordan,1610612740,NOP,24.0,51,13,38,0.255,691.975,94,257,0.366,47,135,0.348,23,27,0.852,20,68,88,42,34,13,10,12,30,29,258,-133,461.6,0,0,481.0,1,2025-26,13.6,107.6,107.0,107.0,116.7,116.8,116.8,-9.1,-9.8,-9.8,0.086,1.24,12.2,0.026,0.089,0.058,9.9,9.9,0.457,0.48,0.175,0.182,103.6,103.84,86.53,103.84,0.055,1503,1.8,5.0
1629162,Jordan McLaughlin,Jordan,1610612759,SAS,30.0,44,37,7,0.841,281.6166666666667,33,79,0.418,17,40,0.425,6,7,0.857,7,25,32,38,15,20,2,2,11,8,89,-61,235.4,0,0,220.0,1,2025-26,6.4,103.2,100.8,100.8,113.2,112.3,112.3,-10.0,-11.5,-11.5,0.199,2.53,28.1,0.024,0.093,0.057,11.1,11.1,0.525,0.542,0.143,0.15,100.08,101.67,84.73,101.67,0.091,600,0.8,1.8
1641757,Jordan Miller,Jordan,1610612746,LAC,26.0,60,36,24,0.6,1324.78,212,399,0.531,38,110,0.345,136,175,0.777,50,132,182,136,63,45,11,46,62,119,598,-13,1125.4,1,0,1066.0,1,2025-26,22.1,115.4,114.3,114.3,113.4,114.7,114.7,2.0,-0.4,-0.4,0.157,2.16,20.0,0.041,0.097,0.071,9.3,9.3,0.579,0.628,0.177,0.183,98.62,98.57,82.14,98.57,0.106,2720,3.5,6.7
1629673,Jordan Poole,Jordan,1610612740,NOP,27.0,39,16,23,0.41,933.2366666666668,165,444,0.372,96,288,0.333,98,114,0.86,9,68,77,119,69,22,15,26,89,113,524,-144,836.9,0,0,890.0,1,2025-26,23.9,107.8,109.4,109.4,115.4,117.3,117.3,-7.7,-7.9,-7.9,0.185,1.72,17.6,0.009,0.067,0.037,10.2,10.1,0.48,0.53,0.235,0.244,105.81,104.18,86.82,104.18,0.073,2033,4.2,11.4
1641775,Jordan Walsh,Jordan,1610612738,BOS,22.0,68,46,22,0.676,1211.97,136,267,0.509,48,125,0.384,44,57,0.772,85,187,272,54,35,49,31,17,137,55,364,95,976.4,2,0,898.0,1,2025-26,17.8,118.0,117.9,117.9,112.3,112.8,112.8,5.8,5.1,5.1,0.059,1.54,14.2,0.069,0.146,0.108,9.2,9.2,0.599,0.623,0.114,0.119,95.99,95.8,79.84,95.8,0.08,2407,2.0,3.9
1630631,Jose Alvarado,Jose,1610612752,NYK,28.0,69,28,41,0.406,1370.236666666667,187,449,0.416,101,287,0.352,35,46,0.761,26,145,171,234,77,66,8,26,129,62,510,24,1211.2,1,0,1164.0,2,2025-26,19.9,112.3,112.0,112.0,109.9,110.7,110.7,2.4,1.3,1.3,0.244,3.04,30.0,0.018,0.1,0.06,9.9,9.9,0.529,0.543,0.167,0.173,99.82,99.57,82.98,99.57,0.088,2837,2.7,6.5
1630581,Josh Giddey,Josh,1610612741,CHI,23.0,54,21,33,0.389,1731.3566666666666,321,717,0.448,103,283,0.364,174,228,0.763,67,381,448,494,196,55,27,44,90,157,919,-187,2247.6,28,13,2128.0,1,2025-26,32.1,111.2,112.1,112.1,116.1,117.1,117.1,-4.9,-5.0,-5.0,0.41,2.52,32.8,0.037,0.201,0.121,13.0,13.0,0.52,0.562,0.238,0.243,105.31,104.46,87.05,104.46,0.142,3768,5.9,13.3
1630182,Josh Green,Josh,1610612766,CHA,25.0,58,37,21,0.638,907.9283333333332,83,181,0.459,58,138,0.42,25,28,0.893,45,57,102,47,35,35,6,5,64,43,249,207,529.9,0,0,538.0,1,2025-26,15.7,116.8,118.5,118.5,106.8,106.0,106.0,10.0,12.5,12.5,0.069,1.34,17.2,0.048,0.06,0.054,12.8,12.7,0.619,0.644,0.104,0.107,98.57,98.23,81.86,98.23,0.059,1847,1.4,3.1
1628404,Josh Hart,Josh,1610612752,NYK,31.0,66,44,22,0.667,1993.575,301,592,0.508,100,242,0.413,90,125,0.72,93,393,486,317,128,75,17,37,165,136,792,210,1998.7,13,2,1879.0,1,2025-26,30.2,116.6,118.0,118.0,111.4,112.5,112.5,5.1,5.5,5.5,0.212,2.48,29.2,0.047,0.2,0.123,11.8,11.7,0.593,0.612,0.163,0.167,100.04,98.97,82.47,98.97,0.118,4104,4.6,9.0
1631169,Josh Minott,Josh,1610612751,BKN,23.0,49,23,26,0.469,833.7316666666667,126,252,0.5,64,153,0.418,48,61,0.787,48,110,158,46,43,44,24,13,73,54,364,-25,783.6,1,0,768.0,2,2025-26,17.0,111.6,111.7,111.7,111.3,111.7,111.7,0.3,-0.1,-0.1,0.083,1.07,12.6,0.055,0.128,0.091,11.8,11.7,0.627,0.653,0.162,0.169,99.18,98.94,82.45,98.94,0.104,1708,2.6,5.1
1642490,Josh Oduro,Josh,1610612740,NOP,25.0,3,1,2,0.333,81.76666666666667,11,17,0.647,0,2,0.0,3,6,0.5,11,12,23,4,2,0,0,0,14,7,25,1,56.6,1,0,52.0,1,2025-26,27.3,122.6,127.8,127.8,126.1,124.6,124.6,-3.4,3.2,3.2,0.05,2.0,16.7,0.117,0.136,0.126,8.3,7.8,0.647,0.636,0.09,0.097,112.61,110.95,92.46,110.95,0.05,187,3.7,5.7
1629006,Josh Okogie,Josh,1610612745,HOU,27.0,78,49,29,0.628,1353.8116666666667,125,294,0.425,62,161,0.385,41,69,0.594,81,119,200,69,41,63,16,22,107,85,353,69,892.5,1,0,842.0,1,2025-26,17.4,115.8,115.4,115.4,109.6,109.9,109.9,6.1,5.6,5.6,0.065,1.68,15.8,0.059,0.085,0.072,9.4,9.4,0.531,0.544,0.112,0.116,98.22,98.25,81.87,98.25,0.056,2733,1.6,3.8
201950,Jrue Holiday,Jrue,1610612757,POR,36.0,53,28,25,0.528,1560.4016666666666,320,709,0.451,137,362,0.378,88,105,0.838,71,174,245,322,146,54,6,38,78,92,865,197,1676.0,9,0,1689.0,1,2025-26,29.4,113.7,114.6,114.6,109.0,108.6,108.6,4.7,6.1,6.1,0.302,2.21,26.4,0.042,0.108,0.074,12.0,11.9,0.548,0.573,0.227,0.233,103.72,103.5,86.25,103.5,0.124,3361,6.0,13.4
1630577,Julian Champagnie,Julian,1610612759,SAS,25.0,82,62,20,0.756,2265.963333333333,301,689,0.437,195,512,0.381,114,135,0.844,74,399,473,127,69,62,38,11,131,81,911,592,1900.1,7,0,1906.0,1,2025-26,27.6,119.8,120.4,120.4,107.7,108.0,108.0,12.1,12.4,12.4,0.071,1.84,13.7,0.032,0.161,0.099,7.4,7.3,0.578,0.609,0.146,0.152,102.94,102.55,85.46,102.55,0.091,4838,3.7,8.4
1641763,Julian Phillips,Julian,1610612750,MIN,22.0,48,19,29,0.396,427.01666666666665,51,121,0.421,20,65,0.308,18,23,0.783,23,26,49,10,11,22,7,8,43,21,140,-22,289.8,0,0,277.0,2,2025-26,8.9,109.7,107.7,107.7,111.7,110.7,110.7,-2.0,-2.9,-2.9,0.032,0.91,6.6,0.053,0.054,0.053,7.3,7.2,0.504,0.534,0.134,0.14,104.31,105.72,88.1,105.72,0.046,943,1.1,2.5
1642882,Julian Reese,Julian,1610612764,WAS,23.0,13,1,12,0.077,401.5,63,119,0.529,0,0,0.0,28,44,0.636,55,82,137,24,32,18,8,24,42,45,154,-112,400.4,5,0,367.0,1,2025-26,30.9,109.0,110.8,110.8,123.2,122.6,122.6,-14.2,-11.8,-11.8,0.084,0.75,12.3,0.133,0.219,0.174,16.4,16.5,0.529,0.557,0.173,0.176,103.1,102.52,85.43,102.52,0.092,853,4.8,9.2
1631124,Julian Strawther,Julian,1610612743,DEN,24.0,57,38,19,0.667,860.6733333333333,149,319,0.467,58,150,0.387,57,70,0.814,12,102,114,61,36,25,6,22,73,67,413,20,698.3,0,0,708.0,1,2025-26,15.1,115.0,115.0,115.0,115.2,113.5,113.5,-0.3,1.5,1.5,0.101,1.69,13.7,0.014,0.112,0.065,8.1,8.1,0.558,0.59,0.187,0.193,101.11,101.86,84.89,101.86,0.082,1823,2.6,5.6
203944,Julius Randle,Julius,1610612750,MIN,31.0,79,47,32,0.595,2610.2966666666666,580,1207,0.481,109,346,0.315,398,496,0.802,132,400,532,398,217,86,18,60,223,347,1667,232,2997.4,15,3,2914.0,1,2025-26,33.0,116.7,117.0,117.0,112.1,113.1,113.1,4.6,4.0,4.0,0.227,1.83,19.6,0.05,0.146,0.099,10.7,10.6,0.526,0.585,0.258,0.266,102.92,102.3,85.25,102.3,0.128,5568,7.3,15.3
1630551,Justin Champagnie,Justin,1610612764,WAS,25.0,69,13,56,0.188,1377.4533333333334,232,462,0.502,53,166,0.319,80,102,0.784,145,239,384,84,45,59,43,47,114,83,597,-294,1444.8,4,0,1322.0,1,2025-26,20.0,109.7,110.0,110.0,119.2,119.4,119.4,-9.6,-9.4,-9.4,0.087,1.87,13.2,0.098,0.171,0.133,7.1,7.1,0.56,0.589,0.161,0.165,103.77,103.51,86.26,103.51,0.106,2964,3.4,6.7
1642348,Justin Edwards,Justin,1610612755,PHI,22.0,64,37,27,0.578,977.0183333333332,143,320,0.447,67,180,0.372,33,39,0.846,26,68,94,80,36,54,11,17,91,33,386,-71,777.8,0,0,757.0,1,2025-26,15.3,112.5,111.7,111.7,115.5,115.0,115.0,-3.0,-3.4,-3.4,0.114,2.22,17.7,0.025,0.07,0.047,7.9,7.9,0.552,0.572,0.154,0.161,103.3,103.91,86.59,103.91,0.068,2115,2.2,5.0
203994,Jusuf Nurkić,Jusuf,1610612762,UTA,31.0,41,14,27,0.341,1083.0683333333334,180,358,0.503,25,71,0.352,62,113,0.549,106,319,425,196,101,52,22,30,134,115,447,-187,1372.0,16,3,1241.0,1,2025-26,26.4,107.9,109.5,109.5,116.5,117.4,117.4,-8.6,-7.9,-7.9,0.261,1.94,27.8,0.089,0.279,0.182,14.3,14.3,0.538,0.548,0.186,0.189,106.46,105.32,87.77,105.32,0.121,2377,4.4,8.7
1642354,KJ Simpson,KJ,1610612743,DEN,23.0,20,10,10,0.5,257.61,34,99,0.343,12,40,0.3,11,18,0.611,9,28,37,43,25,16,0,8,18,27,91,-2,222.9,0,0,215.0,2,2025-26,12.9,108.2,110.1,110.1,112.6,110.0,110.0,-4.4,0.0,0.0,0.246,1.72,24.6,0.034,0.112,0.072,14.3,14.3,0.404,0.426,0.21,0.216,99.96,100.24,83.54,100.24,0.065,537,1.7,5.0
1642955,Kadary Richmond,Kadary,1610612764,WAS,24.0,3,2,1,0.667,66.8,10,16,0.625,2,4,0.5,3,3,1.0,1,9,10,8,2,8,1,0,2,3,25,5,74.0,0,0,63.0,1,2025-26,22.3,112.5,110.6,110.6,106.0,106.6,106.6,6.5,4.0,4.0,0.138,4.0,29.6,0.016,0.136,0.077,7.4,7.3,0.688,0.722,0.114,0.121,108.24,108.86,90.72,108.86,0.129,151,3.3,5.3
1642880,Kam Jones,Kam,1610612754,IND,24.0,37,6,31,0.162,616.325,68,169,0.402,22,75,0.293,4,8,0.5,15,45,60,119,36,18,0,12,39,11,162,-143,430.5,1,0,399.0,1,2025-26,16.7,106.6,106.0,106.0,116.6,116.0,116.0,-9.9,-10.0,-10.0,0.262,3.31,36.3,0.024,0.071,0.048,11.0,11.0,0.467,0.47,0.141,0.145,103.65,104.2,86.84,104.2,0.061,1334,1.8,4.6
1626157,Karl-Anthony Towns,Karl-Anthony,1610612752,NYK,30.0,75,49,26,0.653,2321.7816666666668,517,1032,0.501,113,307,0.368,357,416,0.858,233,656,889,226,187,65,40,73,255,366,1504,378,3037.8,56,1,2942.0,1,2025-26,31.0,118.1,118.8,118.8,111.5,111.8,111.8,6.6,7.0,7.0,0.142,1.21,14.0,0.101,0.283,0.192,11.6,11.5,0.556,0.619,0.251,0.258,99.95,99.48,82.9,99.48,0.154,4830,6.9,13.8
1631255,Karlo Matković,Karlo,1610612740,NOP,25.0,62,24,38,0.387,911.7566666666668,142,235,0.604,38,90,0.422,30,41,0.732,72,157,229,50,34,25,54,10,105,37,352,-93,904.8,1,0,827.0,1,2025-26,14.7,108.2,107.2,107.2,110.4,111.6,111.6,-2.1,-4.4,-4.4,0.079,1.47,14.8,0.074,0.155,0.115,10.1,10.1,0.685,0.696,0.128,0.133,102.51,102.42,85.35,102.42,0.108,1942,2.3,3.8
1642857,Kasparas Jakučionis,Kasparas,1610612748,MIA,20.0,53,28,25,0.528,944.6283333333332,102,238,0.429,66,156,0.423,58,66,0.879,43,95,138,137,50,33,7,16,99,61,328,72,769.1,0,0,749.0,1,2025-26,17.8,115.9,115.9,115.9,112.6,112.9,112.9,3.3,3.0,3.0,0.178,2.74,30.2,0.04,0.096,0.067,11.0,11.0,0.567,0.614,0.129,0.134,107.13,106.96,89.14,106.96,0.073,2109,1.9,4.5
202695,Kawhi Leonard,Kawhi,1610612746,LAC,35.0,65,37,28,0.569,2084.728333333333,635,1258,0.505,172,445,0.387,371,416,0.892,71,342,413,234,133,122,27,34,78,330,1813,340,2973.6,5,0,2930.0,1,2025-26,32.1,119.0,120.3,120.3,110.5,112.8,112.8,8.4,7.5,7.5,0.193,1.76,13.1,0.036,0.162,0.102,7.4,7.4,0.573,0.629,0.326,0.333,99.07,97.53,81.28,97.53,0.185,4245,9.8,19.4
1630811,Keaton Wallace,Keaton,1610612737,ATL,27.0,53,31,22,0.585,535.99,68,171,0.398,38,102,0.373,12,18,0.667,3,53,56,94,28,24,5,4,48,18,186,-101,453.2,0,0,432.0,1,2025-26,10.1,104.2,102.2,102.2,111.7,110.8,110.8,-7.4,-8.6,-8.6,0.264,3.36,31.2,0.005,0.097,0.05,9.3,9.3,0.509,0.52,0.161,0.17,101.15,102.54,85.45,102.54,0.077,1144,1.3,3.2
1631099,Keegan Murray,Keegan,1610612758,SAC,25.0,23,5,18,0.217,793.0966666666667,126,300,0.42,31,112,0.277,38,49,0.776,33,99,132,38,27,24,36,15,42,38,321,-164,689.4,2,0,642.0,1,2025-26,34.5,106.2,107.6,107.6,115.0,118.4,118.4,-8.8,-10.7,-10.7,0.07,1.41,9.8,0.039,0.122,0.079,7.0,7.0,0.472,0.499,0.182,0.187,102.4,100.29,83.57,100.29,0.078,1663,5.5,13.0
1642276,Kel'el Ware,Kel'el,1610612748,MIA,22.0,77,39,38,0.506,1703.8216666666667,344,649,0.53,92,233,0.395,71,96,0.74,217,477,694,56,62,59,84,26,119,83,851,-66,2134.8,24,0,1979.0,1,2025-26,22.1,112.2,113.1,113.1,112.9,114.1,114.1,-0.7,-1.0,-1.0,0.046,0.9,6.9,0.113,0.247,0.18,7.7,7.7,0.601,0.616,0.174,0.178,106.46,105.48,87.9,105.48,0.137,3731,4.5,8.4
1629640,Keldon Johnson,Keldon,1610612759,SAS,26.0,82,62,20,0.756,1911.4666666666667,414,797,0.519,99,273,0.363,154,194,0.794,137,303,440,111,70,46,11,58,162,146,1081,317,1876.5,5,0,1845.0,1,2025-26,23.3,115.5,116.0,116.0,108.0,108.2,108.2,7.5,7.8,7.8,0.085,1.59,10.4,0.067,0.143,0.106,6.6,6.6,0.582,0.613,0.201,0.207,102.55,102.22,85.18,102.22,0.118,4070,5.0,9.7
203482,Kelly Olynyk,Kelly,1610612759,SAS,35.0,42,33,9,0.786,360.2133333333333,47,96,0.49,12,47,0.255,27,38,0.711,24,52,76,49,24,15,3,7,39,39,133,-38,327.7,0,0,306.0,1,2025-26,8.6,104.5,104.2,104.2,111.3,111.1,111.1,-6.8,-6.9,-6.9,0.203,2.04,26.2,0.063,0.138,0.101,12.8,12.9,0.552,0.59,0.16,0.163,100.58,100.81,84.01,100.81,0.096,763,1.1,2.3
1626162,Kelly Oubre Jr.,Kelly,1610612755,PHI,30.0,50,27,23,0.54,1574.3116666666667,254,544,0.467,86,239,0.36,111,145,0.766,50,202,252,80,69,68,24,33,127,126,705,-66,1334.4,5,0,1307.0,1,2025-26,31.5,114.2,115.3,115.3,114.4,117.2,117.2,-0.3,-1.9,-1.9,0.073,1.16,10.6,0.031,0.121,0.077,9.2,9.1,0.546,0.58,0.179,0.184,102.05,100.39,83.66,100.39,0.083,3291,5.1,10.9
1631113,Kennedy Chandler,Kennedy,1610612762,UTA,23.0,11,1,10,0.091,355.2266666666667,61,137,0.445,15,38,0.395,28,43,0.651,6,31,37,74,23,11,2,14,23,37,165,-69,336.4,1,0,317.0,1,2025-26,32.3,113.8,113.3,113.3,121.4,122.6,122.6,-7.7,-9.3,-9.3,0.261,3.22,29.2,0.015,0.085,0.049,9.1,9.1,0.5,0.529,0.195,0.2,109.56,109.25,91.04,109.25,0.081,811,5.5,12.5
1629026,Kenrich Williams,Kenrich,1610612760,OKC,31.0,56,41,15,0.732,855.1633333333333,140,296,0.473,50,129,0.388,33,52,0.635,59,128,187,79,43,31,5,18,59,57,363,45,770.9,1,0,751.0,1,2025-26,15.3,113.9,112.6,112.6,110.6,109.5,109.5,3.2,3.1,3.1,0.132,1.84,18.0,0.068,0.143,0.106,9.8,9.8,0.557,0.569,0.178,0.186,99.74,100.84,84.03,100.84,0.098,1792,2.5,5.3
203484,Kentavious Caldwell-Pope,Kentavious,1610612763,MEM,33.0,51,20,31,0.392,1087.5583333333334,150,366,0.41,55,174,0.316,73,80,0.913,20,105,125,139,61,43,8,12,57,68,428,-114,878.5,0,0,849.0,1,2025-26,21.3,109.6,110.8,110.8,113.9,115.3,115.3,-4.2,-4.5,-4.5,0.181,2.28,23.1,0.017,0.094,0.054,10.1,10.1,0.485,0.533,0.173,0.177,103.48,102.31,85.26,102.31,0.083,2314,2.9,7.2
1631165,Keon Ellis,Keon,1610612739,CLE,26.0,72,31,41,0.431,1478.638333333333,169,384,0.44,91,251,0.363,51,70,0.729,38,97,135,72,41,83,46,7,134,86,480,-144,1096.0,0,0,1036.0,2,2025-26,20.5,110.2,110.6,110.6,114.8,115.4,115.4,-4.5,-4.8,-4.8,0.067,1.76,13.7,0.025,0.066,0.045,7.8,7.8,0.559,0.579,0.129,0.133,100.91,100.49,83.74,100.49,0.058,3097,2.3,5.3
1642352,Keshad Johnson,Keshad,1610612748,MIA,25.0,32,16,16,0.5,279.52166666666665,51,104,0.49,13,44,0.295,21,29,0.724,26,36,62,8,13,15,8,6,28,18,136,91,278.4,1,0,265.0,1,2025-26,8.7,123.7,122.3,122.3,110.3,109.3,109.3,13.5,13.0,13.0,0.036,0.62,5.8,0.08,0.12,0.1,9.4,9.4,0.553,0.582,0.171,0.175,108.51,109.64,91.37,109.64,0.083,642,1.6,3.3
1642933,Keshon Gilbert,Keshon,1610612737,ATL,23.0,4,0,4,0.0,73.78333333333333,5,12,0.417,0,3,0.0,7,7,1.0,2,3,5,12,8,3,4,0,5,5,17,-58,54.0,0,0,48.0,2,2025-26,18.4,105.8,103.2,103.2,141.1,141.3,141.3,-35.3,-38.1,-38.1,0.222,1.5,34.3,0.028,0.046,0.036,22.9,22.8,0.417,0.564,0.131,0.139,99.99,101.16,84.3,101.16,0.049,156,1.3,3.0
201142,Kevin Durant,Kevin,1610612745,HOU,37.0,78,48,30,0.615,2839.8233333333333,716,1376,0.52,186,450,0.413,408,467,0.874,41,385,426,372,246,62,71,41,142,373,2026,340,3248.2,7,0,3276.0,1,2025-26,36.4,116.0,117.9,117.9,111.4,112.4,112.4,4.6,5.5,5.5,0.203,1.51,17.0,0.014,0.131,0.073,11.3,11.2,0.588,0.641,0.263,0.27,99.4,98.14,81.78,98.14,0.15,5816,9.2,17.6
1628989,Kevin Huerter,Kevin,1610612765,DET,27.0,69,40,29,0.58,1549.0766666666666,269,596,0.451,100,325,0.308,55,71,0.775,34,206,240,178,72,63,33,26,115,72,693,86,1464.0,1,0,1403.0,2,2025-26,22.5,112.8,113.1,113.1,110.8,110.8,110.8,2.0,2.3,2.3,0.161,2.47,20.3,0.021,0.125,0.074,8.2,8.2,0.535,0.552,0.184,0.19,103.09,102.94,85.78,102.94,0.093,3327,3.9,8.6
201567,Kevin Love,Kevin,1610612762,UTA,37.0,37,10,27,0.27,612.8,79,199,0.397,53,142,0.373,37,44,0.841,55,160,215,67,30,14,9,1,54,41,248,-80,645.5,2,0,629.0,1,2025-26,16.6,115.6,115.8,115.8,121.6,122.5,122.5,-6.0,-6.7,-6.7,0.145,2.23,21.3,0.083,0.256,0.167,9.6,9.5,0.53,0.568,0.161,0.166,104.71,104.18,86.81,104.18,0.103,1334,2.1,5.4
1641755,Kevin McCullar Jr.,Kevin,1610612752,NYK,25.0,21,11,10,0.524,154.99333333333334,20,47,0.426,8,24,0.333,2,5,0.4,11,17,28,20,12,9,0,2,22,5,50,-48,128.6,0,0,124.0,1,2025-26,7.4,103.4,98.8,98.8,111.3,110.9,110.9,-8.0,-12.1,-12.1,0.208,1.67,24.7,0.065,0.099,0.082,14.8,14.8,0.511,0.508,0.166,0.177,98.83,101.27,84.39,101.27,0.062,323,1.0,2.2
1629645,Kevin Porter Jr.,Kevin,1610612749,MIL,26.0,38,18,20,0.474,1261.015,239,514,0.465,46,143,0.322,137,156,0.878,34,164,198,280,110,83,19,31,88,138,661,-107,1514.6,10,2,1389.0,1,2025-26,33.2,110.8,111.4,111.4,115.5,116.1,116.1,-4.7,-4.7,-4.7,0.336,2.55,28.8,0.027,0.123,0.077,11.3,11.3,0.51,0.567,0.236,0.242,99.74,99.18,82.65,99.18,0.132,2612,6.3,13.5
1626172,Kevon Looney,Kevon,1610612740,NOP,30.0,21,3,18,0.143,307.4866666666667,25,60,0.417,2,13,0.154,7,10,0.7,48,70,118,34,9,9,10,4,34,8,59,-63,299.6,0,0,251.0,1,2025-26,14.6,105.4,105.3,105.3,114.2,115.7,115.7,-8.8,-10.4,-10.4,0.148,3.78,31.5,0.132,0.214,0.171,8.3,8.4,0.433,0.458,0.096,0.098,103.26,102.64,85.53,102.64,0.093,660,1.2,2.9
1641718,Keyonte George,Keyonte,1610612762,UTA,22.0,54,16,38,0.296,1786.1083333333331,402,881,0.456,134,361,0.371,337,378,0.892,23,176,199,332,166,58,14,58,120,256,1275,-335,2061.8,4,0,2084.0,1,2025-26,33.1,113.7,115.1,115.1,122.0,123.6,123.6,-8.3,-8.6,-8.6,0.286,2.0,21.6,0.012,0.096,0.054,10.8,10.7,0.532,0.609,0.275,0.281,104.57,103.25,86.04,103.25,0.122,3840,7.4,16.3
1642863,Khaman Maluach,Khaman,1610612756,PHX,19.0,46,22,24,0.478,411.025,56,105,0.533,5,21,0.238,22,31,0.71,49,84,133,6,25,5,33,12,43,27,139,47,396.6,1,0,359.0,1,2025-26,8.9,105.6,106.0,106.0,103.0,103.5,103.5,2.6,2.5,2.5,0.021,0.24,4.0,0.107,0.198,0.151,16.6,16.7,0.557,0.586,0.142,0.147,98.34,97.92,81.6,97.92,0.098,851,1.2,2.3
203114,Khris Middleton,Khris,1610612742,DAL,34.0,63,18,45,0.286,1439.0866666666666,227,540,0.42,67,186,0.36,119,136,0.875,51,180,231,176,108,41,9,25,144,111,640,-337,1223.2,2,0,1214.0,2,2025-26,22.8,109.9,110.0,110.0,120.2,121.1,121.1,-10.3,-11.1,-11.1,0.171,1.63,20.0,0.033,0.118,0.075,12.3,12.2,0.482,0.533,0.198,0.205,104.34,103.88,86.57,103.88,0.073,3118,3.6,8.6
1630165,Killian Hayes,Killian,1610612758,SAC,24.0,23,10,13,0.435,405.5266666666666,42,138,0.304,17,63,0.27,26,28,0.929,4,50,54,81,28,21,4,5,36,25,127,-18,360.3,0,0,329.0,1,2025-26,17.6,107.7,107.8,107.8,110.7,110.6,110.6,-3.0,-2.8,-2.8,0.265,2.89,31.2,0.009,0.117,0.061,10.8,10.8,0.366,0.422,0.179,0.183,100.92,100.91,84.09,100.91,0.071,855,1.8,6.0
202691,Klay Thompson,Klay,1610612742,DAL,36.0,69,21,48,0.304,1496.83,286,728,0.393,202,527,0.383,36,47,0.766,18,125,143,96,63,33,22,10,70,27,810,-133,1227.6,0,0,1361.0,1,2025-26,21.7,106.0,106.3,106.3,111.9,111.0,111.0,-5.8,-4.7,-4.7,0.096,1.52,10.7,0.011,0.074,0.043,7.0,6.9,0.532,0.541,0.214,0.223,105.77,106.06,88.39,106.06,0.077,3318,4.1,10.6
1641738,Kobe Brown,Kobe,1610612754,IND,26.0,61,17,44,0.279,962.3766666666668,127,271,0.469,52,139,0.374,47,59,0.797,68,117,185,80,53,23,12,24,69,56,353,-219,747.0,0,0,740.0,2,2025-26,15.8,109.1,108.4,108.4,118.8,119.0,119.0,-9.7,-10.5,-10.5,0.123,1.51,18.6,0.072,0.119,0.096,12.3,12.3,0.565,0.594,0.154,0.159,100.38,100.6,83.83,100.6,0.078,2014,2.1,4.4
1641723,Kobe Bufkin,Kobe,1610612747,LAL,22.0,16,10,6,0.625,119.48333333333332,15,50,0.3,5,26,0.192,11,12,0.917,1,12,13,10,5,2,3,2,9,11,46,-68,86.6,0,0,84.0,1,2025-26,7.5,102.8,97.7,97.7,128.8,127.9,127.9,-26.0,-30.2,-30.2,0.128,2.0,14.1,0.008,0.102,0.055,7.0,7.1,0.35,0.416,0.219,0.234,99.52,102.44,85.37,102.44,0.038,259,0.9,3.1
1642920,Kobe Sanders,Kobe,1610612746,LAC,24.0,68,36,32,0.529,1351.4166666666667,179,384,0.466,80,196,0.408,57,69,0.826,29,124,153,109,81,49,10,18,146,64,495,32,938.1,0,0,955.0,1,2025-26,19.9,113.4,113.1,113.1,112.1,112.9,112.9,1.3,0.2,0.2,0.117,1.35,18.1,0.022,0.088,0.056,13.4,13.4,0.57,0.597,0.155,0.161,99.56,99.33,82.77,99.33,0.062,2808,2.6,5.6
1642886,Koby Brea,Koby,1610612756,PHX,23.0,12,5,7,0.417,83.86666666666666,15,36,0.417,13,30,0.433,2,2,1.0,1,7,8,10,4,1,0,1,6,1,45,-5,68.6,0,0,78.0,1,2025-26,7.0,101.2,101.8,101.8,107.5,106.0,106.0,-6.3,-4.2,-4.2,0.189,2.5,19.6,0.012,0.088,0.048,7.8,7.9,0.597,0.61,0.203,0.211,95.8,96.15,80.13,96.15,0.101,169,1.3,3.0
1642851,Kon Knueppel,Kon,1610612766,CHA,20.0,81,44,37,0.543,2550.7466666666664,515,1084,0.475,273,642,0.425,195,226,0.863,97,335,432,274,161,57,19,51,169,190,1498,322,2494.4,7,0,2629.0,1,2025-26,31.5,116.4,119.2,119.2,112.8,113.0,113.0,3.6,6.2,6.2,0.158,1.7,17.0,0.036,0.128,0.082,10.0,9.9,0.601,0.633,0.216,0.221,101.07,99.73,83.11,99.73,0.115,5297,6.4,13.4
1627739,Kris Dunn,Kris,1610612746,LAC,32.0,82,42,40,0.512,2230.0,227,477,0.476,80,214,0.374,62,81,0.765,58,213,271,295,111,131,14,23,189,74,596,15,1687.7,0,0,1532.0,1,2025-26,27.2,114.4,114.6,114.6,112.8,114.1,114.1,1.5,0.5,0.5,0.179,2.66,32.1,0.028,0.097,0.063,12.1,12.1,0.56,0.581,0.122,0.125,98.89,98.23,81.86,98.23,0.074,4560,2.8,5.8
1631200,Kris Murray,Kris,1610612757,POR,25.0,57,28,29,0.491,1333.21,129,276,0.467,34,122,0.279,39,57,0.684,90,116,206,81,47,51,22,18,92,48,331,45,871.7,0,0,798.0,1,2025-26,23.4,109.6,110.6,110.6,109.3,109.1,109.1,0.3,1.5,1.5,0.082,1.72,18.9,0.062,0.084,0.073,11.0,11.0,0.529,0.55,0.103,0.106,102.61,102.27,85.22,102.27,0.063,2841,2.3,4.8
204001,Kristaps Porziņģis,Kristaps,1610612744,GSW,30.0,32,13,19,0.406,768.8916666666667,173,388,0.446,54,160,0.338,133,158,0.842,40,127,167,81,41,18,38,14,92,138,533,45,981.9,1,0,947.0,2,2025-26,24.0,114.2,113.8,113.8,111.5,110.8,110.8,2.8,3.0,3.0,0.162,1.98,13.9,0.05,0.158,0.104,7.0,7.1,0.515,0.582,0.265,0.273,103.14,103.63,86.36,103.63,0.124,1658,5.4,12.1
203937,Kyle Anderson,Kyle,1610612750,MIN,32.0,43,15,28,0.349,853.2366666666667,107,202,0.53,4,11,0.364,48,68,0.706,42,108,150,126,39,45,26,12,96,63,266,-81,809.0,0,0,688.0,3,2025-26,19.8,107.5,107.4,107.4,111.6,111.6,111.6,-4.2,-4.2,-4.2,0.204,3.23,31.7,0.047,0.121,0.084,9.8,9.8,0.54,0.573,0.131,0.135,103.83,103.85,86.54,103.85,0.095,1844,2.5,4.7
1642271,Kyle Filipowski,Kyle,1610612762,UTA,22.0,77,21,56,0.273,1800.9433333333334,323,657,0.492,74,228,0.325,159,212,0.75,144,408,552,198,125,73,39,51,232,150,879,-256,2049.4,13,0,1927.0,1,2025-26,23.4,113.5,113.7,113.7,120.1,120.4,120.4,-6.6,-6.6,-6.6,0.156,1.58,18.4,0.076,0.225,0.149,11.6,11.6,0.548,0.586,0.197,0.201,104.31,104.07,86.72,104.07,0.106,3906,4.2,8.5
1628398,Kyle Kuzma,Kyle,1610612749,MIL,30.0,69,31,38,0.449,1805.7416666666663,339,689,0.492,83,239,0.347,135,186,0.726,57,256,313,184,119,46,28,37,134,156,896,-283,1650.6,4,0,1624.0,1,2025-26,26.2,110.1,110.2,110.2,116.6,116.8,116.8,-6.5,-6.6,-6.6,0.153,1.55,17.2,0.032,0.134,0.084,11.1,11.1,0.552,0.581,0.212,0.219,100.69,100.59,83.82,100.59,0.096,3769,4.9,10.0
200768,Kyle Lowry,Kyle,1610612755,PHI,40.0,14,9,5,0.643,118.04,4,25,0.16,4,25,0.16,5,6,0.833,0,9,9,11,4,2,2,0,8,6,17,-39,52.3,0,0,49.0,1,2025-26,8.4,100.0,98.5,98.5,114.4,116.5,116.5,-14.4,-18.0,-18.0,0.131,2.75,25.6,0.0,0.065,0.032,9.3,9.4,0.24,0.308,0.106,0.11,105.21,105.12,87.6,105.12,0.013,262,0.3,1.8
1642273,Kyshawn George,Kyshawn,1610612764,WAS,22.0,48,10,38,0.208,1390.9633333333334,253,577,0.438,99,260,0.381,105,131,0.802,43,202,245,214,125,48,43,37,169,127,710,-355,1473.0,3,0,1450.0,1,2025-26,29.0,108.0,108.3,108.3,119.3,119.7,119.7,-11.3,-11.5,-11.5,0.226,1.71,22.0,0.028,0.135,0.081,12.9,12.8,0.524,0.559,0.222,0.228,103.83,103.49,86.24,103.49,0.09,2994,5.3,12.0
1643018,LJ Cryer,LJ,1610612744,GSW,24.0,18,6,12,0.333,292.14666666666665,47,117,0.402,37,94,0.394,17,19,0.895,4,24,28,18,14,3,0,1,28,13,148,16,203.6,0,0,237.0,1,2025-26,16.2,111.6,109.2,109.2,109.9,109.6,109.6,1.7,-0.4,-0.4,0.092,1.29,11.6,0.014,0.084,0.049,9.0,8.9,0.56,0.59,0.196,0.208,97.93,99.16,82.63,99.16,0.07,612,2.6,6.5
1630163,LaMelo Ball,LaMelo,1610612766,CHA,24.0,72,41,31,0.569,2017.4466666666667,506,1244,0.407,272,740,0.368,161,179,0.899,65,282,347,514,202,87,18,53,195,219,1445,416,2745.4,10,1,2788.0,1,2025-26,28.0,119.9,123.2,123.2,113.9,114.1,114.1,6.0,9.1,9.1,0.384,2.54,25.3,0.03,0.14,0.084,9.9,9.9,0.516,0.546,0.306,0.313,100.87,99.43,82.86,99.43,0.134,4194,7.0,17.3
1642950,Lachlan Olbrich,Lachlan,1610612741,CHI,22.0,37,9,28,0.243,344.2216666666667,36,77,0.468,2,19,0.105,15,40,0.375,45,67,112,42,16,12,8,6,49,37,89,25,330.4,1,1,285.0,1,2025-26,9.3,109.5,109.0,109.0,108.3,106.7,106.7,1.2,2.3,2.3,0.153,2.63,27.1,0.112,0.174,0.142,10.3,10.5,0.481,0.47,0.125,0.129,104.89,105.91,88.26,105.91,0.074,763,1.0,2.1
1629013,Landry Shamet,Landry,1610612752,NYK,29.0,51,35,16,0.686,1171.055,159,364,0.437,103,263,0.392,54,76,0.711,23,69,92,72,30,31,9,18,77,81,475,191,783.4,0,0,822.0,1,2025-26,23.0,115.3,115.2,115.2,107.6,107.0,107.0,7.8,8.1,8.1,0.084,2.4,14.5,0.019,0.058,0.038,6.0,6.0,0.578,0.598,0.151,0.157,99.13,99.44,82.87,99.44,0.07,2423,3.1,7.1
1626204,Larry Nance Jr.,Larry,1610612739,CLE,33.0,35,25,10,0.714,448.77,52,124,0.419,21,63,0.333,6,13,0.462,29,64,93,34,20,21,6,7,55,21,131,-17,354.6,0,0,333.0,1,2025-26,12.8,107.3,108.2,108.2,110.6,111.1,111.1,-3.2,-2.9,-2.9,0.105,1.7,18.5,0.058,0.143,0.098,10.9,10.9,0.504,0.505,0.137,0.139,102.27,101.61,84.68,101.61,0.062,955,1.5,3.5
1628374,Lauri Markkanen,Lauri,1610612762,UTA,29.0,42,17,25,0.405,1442.5966666666666,384,805,0.477,115,324,0.355,240,268,0.896,84,205,289,89,63,42,21,46,77,231,1123,-55,1729.3,5,0,1742.0,1,2025-26,34.3,112.1,113.6,113.6,115.4,115.2,115.2,-3.3,-1.5,-1.5,0.101,1.41,8.4,0.054,0.134,0.094,5.9,5.9,0.548,0.608,0.269,0.277,105.08,104.48,87.07,104.48,0.139,3137,9.1,19.2
1643133,Lawson Lovering,Lawson,1610612763,MEM,23.0,2,1,1,0.5,49.265,6,10,0.6,0,0,0.0,2,5,0.4,6,9,15,3,2,3,1,1,7,4,14,1,46.5,1,0,40.0,1,2025-26,24.6,112.9,110.5,110.5,113.8,110.6,110.6,-0.8,-0.1,-0.1,0.07,1.5,17.6,0.105,0.188,0.143,11.8,11.6,0.6,0.574,0.106,0.112,107.88,110.59,92.15,110.59,0.07,114,3.0,5.0
2544,LeBron James,LeBron,1610612747,LAL,41.0,60,39,21,0.65,1989.055,473,919,0.515,77,243,0.317,233,316,0.737,43,321,364,432,179,72,35,45,81,222,1256,119,2482.8,17,3,2343.0,1,2025-26,33.2,115.5,115.0,115.0,111.7,112.4,112.4,3.8,2.6,2.6,0.338,2.41,26.0,0.023,0.16,0.093,10.8,10.7,0.557,0.594,0.262,0.273,100.39,100.29,83.58,100.29,0.154,4160,7.9,15.3
1641778,Leaky Black,Leaky,1610612764,WAS,27.0,15,1,14,0.067,433.07666666666665,40,103,0.388,19,55,0.345,7,8,0.875,15,60,75,22,14,18,8,3,40,7,106,-102,293.0,0,0,274.0,1,2025-26,28.9,108.5,109.6,109.6,120.1,119.5,119.5,-11.6,-9.9,-9.9,0.064,1.57,15.4,0.032,0.14,0.084,9.8,9.8,0.481,0.498,0.113,0.115,103.89,103.63,86.36,103.63,0.051,931,2.7,6.9
1631159,Leonard Miller,Leonard,1610612741,CHI,22.0,46,18,28,0.391,718.6616666666666,145,262,0.553,32,99,0.323,39,53,0.736,54,127,181,40,36,17,15,12,65,40,361,-28,698.2,3,0,678.0,2,2025-26,15.6,112.4,111.7,111.7,113.8,114.1,114.1,-1.4,-2.5,-2.5,0.077,1.11,11.1,0.073,0.158,0.118,10.0,10.0,0.615,0.633,0.176,0.183,106.68,106.87,89.05,106.87,0.104,1605,3.2,5.7
1642862,Liam McNeeley,Liam,1610612766,CHA,20.0,31,12,19,0.387,367.52166666666665,38,95,0.4,24,60,0.4,32,39,0.821,13,60,73,24,13,5,3,6,36,28,132,8,266.6,0,0,269.0,1,2025-26,11.9,110.7,111.5,111.5,112.0,109.9,109.9,-1.3,1.6,1.6,0.096,1.85,15.9,0.034,0.167,0.098,8.6,8.7,0.526,0.588,0.144,0.148,98.18,98.74,82.28,98.74,0.079,754,1.2,3.1
1630322,Lindy Waters III,Lindy,1610612759,SAS,28.0,40,31,9,0.775,284.6766666666667,33,88,0.375,27,79,0.342,2,3,0.667,3,26,29,19,7,6,1,2,24,11,95,-5,172.3,0,0,184.0,1,2025-26,7.1,107.9,107.1,107.1,110.9,108.7,108.7,-3.0,-1.6,-1.6,0.09,2.71,16.5,0.01,0.087,0.05,6.1,6.1,0.528,0.532,0.141,0.148,99.85,101.17,84.31,101.17,0.052,602,0.8,2.2
1628366,Lonzo Ball,Lonzo,1610612739,CLE,28.0,35,19,16,0.543,727.7433333333333,53,176,0.301,40,147,0.272,14,21,0.667,26,114,140,136,52,45,9,6,46,17,160,32,642.0,0,0,584.0,1,2025-26,20.8,110.5,111.0,111.0,109.8,109.7,109.7,0.7,1.3,1.3,0.236,2.62,36.6,0.032,0.148,0.089,14.0,13.9,0.415,0.432,0.13,0.134,105.04,104.87,87.39,104.87,0.077,1595,1.5,5.0
1631351,Lucas Williamson,Lucas,1610612763,MEM,27.0,7,0,7,0.0,223.74,25,75,0.333,15,53,0.283,8,8,1.0,11,27,38,18,10,11,1,7,26,8,73,-125,171.6,1,0,168.0,1,2025-26,32.0,104.8,105.2,105.2,127.9,129.7,129.7,-23.1,-24.5,-24.5,0.108,1.8,17.0,0.042,0.127,0.08,9.4,9.4,0.433,0.465,0.159,0.162,108.23,107.27,89.39,107.27,0.044,499,3.6,10.7
1629652,Luguentz Dort,Luguentz,1610612760,OKC,27.0,69,53,16,0.768,1848.7416666666663,202,524,0.385,128,372,0.344,44,58,0.759,56,189,245,85,54,62,27,14,179,101,576,294,1210.5,0,0,1212.0,1,2025-26,26.8,116.2,116.2,116.2,106.7,108.2,108.2,9.4,8.0,8.0,0.059,1.57,12.4,0.03,0.094,0.063,7.8,7.8,0.508,0.524,0.139,0.142,101.28,100.54,83.79,100.54,0.049,3865,2.9,7.6
1629029,Luka Dončić,Luka,1610612747,LAL,27.0,64,43,21,0.672,2288.6016666666665,693,1457,0.476,254,694,0.366,503,645,0.78,41,454,495,530,255,105,34,28,153,464,2143,187,3694.0,34,8,3700.0,1,2025-26,35.8,118.3,119.4,119.4,113.9,115.6,115.6,4.4,3.8,3.8,0.387,2.08,21.1,0.019,0.194,0.11,10.1,10.1,0.563,0.616,0.368,0.377,102.0,100.73,83.94,100.73,0.188,4804,10.8,22.8
1630568,Luka Garza,Luka,1610612738,BOS,27.0,69,47,22,0.681,1117.9083333333333,206,357,0.577,55,127,0.433,90,117,0.769,156,125,281,66,46,27,28,25,161,119,557,124,1112.2,2,0,1069.0,1,2025-26,16.2,117.9,119.4,119.4,114.0,113.6,113.6,3.9,5.8,5.8,0.085,1.43,12.7,0.129,0.11,0.12,8.9,8.8,0.654,0.682,0.168,0.173,97.83,97.4,81.17,97.4,0.103,2265,3.0,5.2
1628379,Luke Kennard,Luke,1610612747,LAL,30.0,78,45,33,0.577,1680.4766666666667,236,443,0.533,117,245,0.478,63,69,0.913,32,150,182,174,60,55,8,18,101,52,652,41,1260.4,1,1,1251.0,2,2025-26,21.5,114.8,114.2,114.2,113.6,113.7,113.7,1.3,0.5,0.5,0.139,2.9,24.9,0.019,0.086,0.053,8.6,8.5,0.665,0.689,0.131,0.137,101.49,101.7,84.75,101.7,0.089,3571,3.0,5.7
1628436,Luke Kornet,Luke,1610612759,SAS,30.0,68,52,16,0.765,1430.08,175,272,0.643,0,0,0.0,94,114,0.825,181,233,414,126,28,32,65,18,120,125,444,118,1392.8,3,0,1178.0,1,2025-26,21.0,114.6,114.4,114.4,110.3,110.5,110.5,4.3,3.9,3.9,0.114,4.5,26.3,0.116,0.147,0.132,5.8,5.9,0.643,0.689,0.1,0.102,102.35,102.41,85.34,102.41,0.109,3051,2.6,4.0
1631247,Luke Travers,Luke,1610612739,CLE,24.0,12,6,6,0.5,103.09166666666668,9,36,0.25,1,16,0.063,9,9,1.0,9,15,24,9,3,7,4,3,6,5,28,-32,100.3,0,0,84.0,1,2025-26,8.6,98.8,97.3,97.3,108.5,110.5,110.5,-9.7,-13.2,-13.2,0.123,3.0,17.3,0.069,0.133,0.098,5.8,5.8,0.264,0.35,0.161,0.168,105.92,105.69,88.08,105.69,0.071,226,0.8,3.0
1630644,Mac McClung,Mac,1610612741,CHI,27.0,11,2,9,0.182,135.175,23,59,0.39,7,30,0.233,14,18,0.778,2,8,10,10,9,11,3,2,19,11,67,-26,127.0,0,0,122.0,2,2025-26,12.3,109.0,112.3,112.3,122.1,121.7,121.7,-13.2,-9.4,-9.4,0.096,1.11,12.3,0.012,0.063,0.034,11.1,10.5,0.449,0.501,0.199,0.216,108.3,106.88,89.07,106.88,0.047,302,2.1,5.4
1641869,Malachi Smith,Malachi,1610612751,BKN,26.0,15,3,12,0.2,358.82,48,99,0.485,20,46,0.435,8,8,1.0,12,39,51,49,14,12,4,5,13,20,124,-90,292.7,1,0,276.0,1,2025-26,23.9,105.8,104.9,104.9,116.9,118.0,118.0,-11.1,-13.2,-13.2,0.204,3.5,29.9,0.032,0.123,0.073,8.5,8.5,0.586,0.605,0.136,0.143,100.65,100.6,83.83,100.6,0.102,756,3.2,6.6
1631103,Malaki Branham,Malaki,1610612764,WAS,23.0,28,7,21,0.25,275.4783333333333,43,91,0.473,14,37,0.378,28,34,0.824,12,32,44,23,15,10,3,9,21,19,128,-42,239.3,0,0,235.0,1,2025-26,9.8,104.9,102.5,102.5,110.4,111.3,111.3,-5.4,-8.8,-8.8,0.131,1.53,15.8,0.039,0.113,0.074,10.3,10.4,0.549,0.604,0.177,0.184,101.63,102.37,85.31,102.37,0.099,592,1.5,3.3
1642502,Malevy Leons,Malevy,1610612744,GSW,26.0,25,7,18,0.28,276.4716666666667,32,72,0.444,4,16,0.25,15,19,0.789,30,23,53,23,13,14,9,6,31,18,83,-75,237.1,0,0,209.0,1,2025-26,11.1,112.8,111.6,111.6,123.0,122.2,122.2,-10.2,-10.6,-10.6,0.117,1.77,19.7,0.106,0.089,0.098,11.1,11.2,0.472,0.516,0.137,0.143,98.99,99.83,83.19,99.83,0.062,569,1.3,2.9
1628370,Malik Monk,Malik,1610612758,SAC,28.0,62,18,44,0.29,1363.6433333333334,277,632,0.438,124,314,0.395,94,107,0.879,15,102,117,185,91,37,24,31,99,92,772,-255,1281.9,0,0,1320.0,1,2025-26,22.0,109.3,110.0,110.0,117.8,118.3,118.3,-8.5,-8.3,-8.3,0.208,2.03,19.4,0.01,0.071,0.041,9.5,9.5,0.536,0.568,0.234,0.24,102.69,102.11,85.1,102.11,0.094,2895,4.5,10.2
1630699,MarJon Beauchamp,MarJon,1610612755,PHI,25.0,14,7,7,0.5,196.11166666666668,33,76,0.434,16,47,0.34,13,19,0.684,7,25,32,15,13,9,4,5,13,13,95,-26,181.9,0,0,184.0,1,2025-26,14.0,106.7,107.5,107.5,111.8,111.6,111.6,-5.1,-4.0,-4.0,0.109,1.15,13.3,0.033,0.114,0.075,11.5,11.6,0.539,0.563,0.203,0.207,105.05,104.76,87.3,104.76,0.087,424,2.4,5.4
1631204,Marcus Sasser,Marcus,1610612765,DET,25.0,38,28,10,0.737,456.5033333333333,69,177,0.39,44,106,0.415,15,18,0.833,7,32,39,75,31,20,4,8,41,14,197,116,397.3,0,0,403.0,1,2025-26,12.0,115.3,116.4,116.4,104.2,103.1,103.1,11.1,13.4,13.4,0.217,2.42,25.8,0.016,0.07,0.044,10.7,10.7,0.514,0.533,0.197,0.201,101.65,101.68,84.73,101.68,0.078,961,1.8,4.7
203935,Marcus Smart,Marcus,1610612747,LAL,32.0,62,41,21,0.661,1768.9783333333332,188,476,0.395,97,293,0.331,106,129,0.822,36,136,172,185,92,87,23,13,162,142,579,256,1300.9,0,0,1253.0,1,2025-26,28.5,117.1,117.3,117.3,109.4,110.6,110.6,7.7,6.8,6.8,0.133,2.01,22.9,0.022,0.077,0.05,11.4,11.4,0.497,0.543,0.151,0.155,100.67,100.07,83.39,100.07,0.059,3691,3.0,7.7
1641813,Mark Sears,Mark,1610612749,MIL,24.0,7,1,6,0.143,26.081666666666667,6,13,0.462,4,8,0.5,6,8,0.75,1,1,2,2,4,0,0,0,4,6,22,12,23.4,0,0,30.0,1,2025-26,3.7,135.2,123.2,123.2,104.6,101.8,101.8,30.6,21.4,21.4,0.125,0.5,8.7,0.053,0.045,0.049,17.4,17.8,0.615,0.666,0.344,0.366,97.1,103.06,85.88,103.06,0.078,56,0.9,1.9
1631109,Mark Williams,Mark,1610612756,PHX,24.0,60,34,26,0.567,1416.05,282,438,0.644,1,1,1.0,135,175,0.771,185,292,477,58,65,55,55,26,132,143,700,-42,1624.4,14,0,1456.0,1,2025-26,23.6,110.7,111.3,111.3,111.8,113.3,113.3,-1.1,-2.0,-2.0,0.064,0.89,9.2,0.124,0.201,0.162,10.3,10.2,0.645,0.68,0.167,0.172,101.99,101.01,84.18,101.01,0.141,2988,4.7,7.3
1628365,Markelle Fultz,Markelle,1610612761,TOR,28.0,5,3,2,0.6,35.766666666666666,2,11,0.182,0,0,0.0,0,0,0.0,0,1,1,8,4,2,0,1,2,0,4,-36,19.2,0,0,17.0,1,2025-26,7.2,90.8,90.4,90.4,132.8,130.6,130.6,-42.0,-40.2,-40.2,0.308,2.0,34.8,0.0,0.025,0.013,17.4,17.4,0.182,0.182,0.163,0.167,111.5,112.73,93.94,112.73,0.0,83,0.4,2.2
1628963,Marvin Bagley III,Marvin,1610612742,DAL,27.0,60,16,44,0.267,1200.9033333333334,254,411,0.618,24,52,0.462,95,144,0.66,150,216,366,85,61,28,43,30,123,120,627,-220,1345.7,6,0,1244.0,2,2025-26,20.0,109.9,109.9,109.9,118.4,119.0,119.0,-8.5,-9.1,-9.1,0.107,1.39,13.7,0.116,0.171,0.143,9.8,9.8,0.647,0.661,0.18,0.184,103.49,103.2,86.0,103.2,0.123,2588,4.2,6.9
203486,Mason Plumlee,Mason,1610612759,SAS,36.0,20,10,10,0.5,171.48833333333334,11,14,0.786,0,0,0.0,9,14,0.643,17,36,53,20,12,10,0,1,17,15,31,-8,142.6,0,0,124.0,2,2025-26,8.6,115.0,114.4,114.4,121.0,116.5,116.5,-6.0,-2.2,-2.2,0.145,1.67,38.5,0.099,0.224,0.159,23.1,23.0,0.786,0.769,0.074,0.078,101.08,103.28,86.07,103.28,0.084,369,0.6,0.7
1641824,Matas Buzelis,Matas,1610612741,CHI,21.0,77,28,49,0.364,2248.248333333333,446,963,0.463,173,495,0.349,187,238,0.786,77,371,448,158,159,55,116,57,177,199,1252,-306,2380.6,4,0,2373.0,1,2025-26,29.2,110.6,110.6,110.6,115.5,116.9,116.9,-4.9,-6.3,-6.3,0.103,0.99,11.4,0.033,0.152,0.094,11.5,11.5,0.553,0.586,0.223,0.229,104.93,104.25,86.88,104.25,0.097,4883,5.8,12.5
1629680,Matisse Thybulle,Matisse,1610612757,POR,29.0,30,17,13,0.567,479.65,58,134,0.433,37,93,0.398,21,25,0.84,17,42,59,27,28,60,16,2,43,24,174,88,485.3,0,0,449.0,1,2025-26,16.0,108.8,108.8,108.8,100.5,99.8,99.8,8.3,9.0,9.0,0.079,0.96,13.4,0.033,0.087,0.059,13.9,14.0,0.571,0.6,0.144,0.149,103.37,103.73,86.44,103.73,0.093,1034,1.9,4.5
1631108,Max Christie,Max,1610612742,DAL,23.0,77,24,53,0.312,2244.48,320,725,0.441,180,446,0.404,125,139,0.899,15,234,249,151,96,47,27,41,98,118,945,-339,1596.3,0,0,1673.0,1,2025-26,29.1,108.0,108.3,108.3,114.6,115.2,115.2,-6.5,-6.9,-6.9,0.095,1.57,14.6,0.006,0.097,0.052,9.3,9.3,0.566,0.601,0.162,0.167,103.67,103.23,86.02,103.23,0.079,4824,4.2,9.4
1642917,Max Shulga,Max,1610612738,BOS,24.0,11,8,3,0.727,36.275,2,8,0.25,1,4,0.25,2,2,1.0,3,3,6,2,3,1,0,0,10,1,7,-9,17.2,0,0,18.0,1,2025-26,3.3,93.3,92.4,92.4,101.2,100.0,100.0,-8.0,-7.6,-7.6,0.087,0.67,14.3,0.07,0.083,0.076,21.4,21.6,0.313,0.394,0.128,0.132,105.38,106.52,88.77,106.52,-0.038,79,0.2,0.7
1629622,Max Strus,Max,1610612739,CLE,30.0,12,9,3,0.75,288.295,47,106,0.443,33,82,0.402,7,9,0.778,9,56,65,24,9,3,0,3,34,14,134,-3,248.0,0,0,262.0,1,2025-26,24.0,118.1,117.6,117.6,117.4,117.3,117.3,0.7,0.3,0.3,0.113,2.67,16.8,0.031,0.18,0.108,6.3,6.3,0.599,0.609,0.17,0.174,103.28,103.56,86.3,103.56,0.088,620,3.9,8.8
1628467,Maxi Kleber,Maxi,1610612747,LAL,34.0,43,20,23,0.465,461.01,33,73,0.452,6,26,0.231,14,26,0.538,36,48,84,27,17,18,11,6,60,24,86,55,297.3,0,0,261.0,1,2025-26,10.7,116.7,113.4,113.4,110.8,110.3,110.3,5.8,3.1,3.1,0.075,1.59,20.8,0.084,0.107,0.095,13.1,13.2,0.493,0.509,0.092,0.095,99.74,101.41,84.51,101.41,0.038,985,0.8,1.7
1642875,Maxime Raynaud,Maxime,1610612758,SAC,23.0,74,21,53,0.284,1963.88,383,671,0.571,24,74,0.324,132,168,0.786,142,414,556,100,94,38,39,38,170,141,922,-461,1876.2,18,0,1756.0,1,2025-26,26.5,109.6,110.4,110.4,119.7,121.3,121.3,-10.1,-10.9,-10.9,0.074,1.06,10.6,0.07,0.211,0.14,10.0,10.0,0.589,0.619,0.178,0.182,102.42,101.41,84.51,101.41,0.109,4145,5.2,9.1
1642877,Micah Peavy,Micah,1610612740,NOP,24.0,61,17,44,0.279,912.935,106,275,0.385,28,108,0.259,22,29,0.759,46,71,117,61,20,43,9,17,96,27,262,-104,629.9,0,0,572.0,1,2025-26,15.0,110.3,110.4,110.4,114.9,114.5,114.5,-4.6,-4.1,-4.1,0.089,3.05,16.5,0.046,0.073,0.059,5.4,5.4,0.436,0.455,0.135,0.14,102.98,103.08,85.9,103.08,0.044,1950,1.7,4.5
1630695,Micah Potter,Micah,1610612754,IND,28.0,47,11,36,0.234,908.3166666666668,151,293,0.515,71,168,0.423,85,101,0.842,58,175,233,69,47,22,15,10,82,83,458,-120,905.1,7,0,905.0,1,2025-26,19.3,109.9,108.4,108.4,114.9,114.8,114.8,-4.9,-6.4,-6.4,0.111,1.47,15.1,0.061,0.193,0.125,10.3,10.4,0.637,0.679,0.174,0.179,104.83,105.56,87.96,105.56,0.114,2001,3.2,6.2
1629008,Michael Porter Jr.,Michael,1610612751,BKN,28.0,52,14,38,0.269,1688.6033333333332,444,958,0.463,176,485,0.363,195,227,0.859,69,298,367,158,122,55,13,38,116,182,1259,-205,2018.4,12,0,2096.0,1,2025-26,32.5,110.2,113.0,113.0,117.8,119.6,119.6,-7.6,-6.6,-6.6,0.165,1.3,12.0,0.04,0.188,0.11,9.3,9.1,0.555,0.595,0.292,0.301,99.96,97.97,81.64,97.97,0.141,3456,8.5,18.4
1628969,Mikal Bridges,Mikal,1610612752,NYK,29.0,82,53,29,0.646,2691.935,472,963,0.49,156,420,0.371,81,98,0.827,79,233,312,304,83,107,62,19,160,119,1181,298,2435.4,1,0,2291.0,1,2025-26,32.8,117.4,118.0,118.0,110.9,112.0,112.0,6.4,6.0,6.0,0.158,3.66,21.9,0.029,0.085,0.057,6.0,6.0,0.571,0.587,0.17,0.175,99.65,98.88,82.4,98.88,0.099,5530,5.8,11.7
201144,Mike Conley,Mike,1610612750,MIN,38.0,54,33,21,0.611,991.2983333333332,72,215,0.335,56,166,0.337,45,50,0.9,18,75,93,157,34,35,14,3,84,48,245,15,705.1,0,0,649.0,1,2025-26,18.4,112.4,112.3,112.3,111.4,112.1,112.1,1.0,0.2,0.2,0.205,4.62,36.7,0.017,0.074,0.045,7.9,7.9,0.465,0.517,0.113,0.117,102.85,102.58,85.48,102.58,0.061,2123,1.3,4.0
1628970,Miles Bridges,Miles,1610612766,CHA,28.0,77,42,35,0.545,2387.2316666666666,479,1042,0.46,148,445,0.333,208,253,0.822,75,375,450,246,107,46,34,38,131,180,1314,147,2356.0,8,0,2318.0,1,2025-26,31.0,115.6,118.3,118.3,113.8,114.8,114.8,1.8,3.5,3.5,0.154,2.3,16.3,0.03,0.155,0.092,7.1,7.1,0.531,0.57,0.221,0.225,100.27,98.66,82.22,98.66,0.114,4896,6.2,13.5
1642939,Miles Kelly,Miles,1610612742,DAL,23.0,14,7,7,0.5,133.72333333333333,16,44,0.364,10,33,0.303,1,1,1.0,5,19,24,12,6,4,1,0,12,1,43,-12,98.8,0,0,99.0,1,2025-26,9.6,101.7,101.3,101.3,107.0,106.5,106.5,-5.3,-5.1,-5.1,0.133,2.0,19.4,0.032,0.127,0.078,9.7,9.6,0.477,0.484,0.144,0.151,105.64,106.07,88.39,106.07,0.064,297,1.1,3.1
1630540,Miles McBride,Miles,1610612752,NYK,25.0,41,25,16,0.61,1080.035,171,404,0.423,112,271,0.413,37,47,0.787,24,76,100,106,33,35,9,11,70,41,491,224,869.0,0,0,897.0,1,2025-26,26.3,119.7,119.9,119.9,109.4,110.4,110.4,10.4,9.5,9.5,0.136,3.21,18.8,0.02,0.068,0.044,5.9,5.9,0.562,0.578,0.174,0.178,99.15,98.57,82.15,98.57,0.085,2224,4.2,9.9
1629011,Mitchell Robinson,Mitchell,1610612752,NYK,28.0,60,40,20,0.667,1174.5016666666668,149,206,0.723,0,0,0.0,42,103,0.408,252,273,525,52,41,56,70,10,127,88,340,157,1385.0,6,0,1169.0,1,2025-26,19.6,118.2,117.7,117.7,109.5,109.9,109.9,8.7,7.8,7.8,0.058,1.27,15.1,0.201,0.227,0.214,11.9,11.9,0.723,0.676,0.102,0.105,98.25,98.23,81.86,98.23,0.124,2390,2.5,3.4
1628964,Mo Bamba,Mo,1610612762,UTA,28.0,4,3,1,0.75,43.8,5,11,0.455,0,0,0.0,0,0,0.0,10,12,22,1,2,0,3,0,6,1,10,-13,44.9,0,0,39.0,2,2025-26,11.0,104.7,101.1,101.1,112.3,114.4,114.4,-7.6,-13.3,-13.3,0.037,0.5,7.1,0.208,0.226,0.218,14.3,14.3,0.455,0.455,0.123,0.128,97.32,98.08,81.74,98.08,0.091,89,1.3,2.8
1642885,Mohamed Diawara,Mohamed,1610612752,NYK,21.0,69,42,27,0.609,634.1516666666666,90,213,0.423,48,130,0.369,18,24,0.75,15,79,94,53,30,17,6,7,50,19,246,58,477.3,0,0,487.0,1,2025-26,9.2,114.2,112.0,112.0,108.6,106.7,106.7,5.6,5.3,5.3,0.114,1.77,17.3,0.024,0.125,0.075,9.8,9.8,0.535,0.55,0.169,0.177,97.71,99.57,82.98,99.57,0.076,1310,1.3,3.1
1628420,Monte Morris,Monte,1610612754,IND,31.0,6,0,6,0.0,64.61666666666666,7,20,0.35,2,8,0.25,2,4,0.5,1,6,7,9,2,1,1,1,3,3,18,-29,43.9,0,0,40.0,1,2025-26,10.8,85.5,83.3,83.3,101.3,104.2,104.2,-15.8,-20.9,-20.9,0.29,4.5,27.3,0.012,0.08,0.044,6.1,6.1,0.4,0.414,0.141,0.149,106.79,106.6,88.83,106.6,0.076,144,1.2,3.3
1629021,Moritz Wagner,Moritz,1610612753,ORL,29.0,36,21,15,0.583,426.595,83,195,0.426,22,70,0.314,59,72,0.819,27,88,115,27,19,15,2,19,58,67,247,-88,457.5,0,0,445.0,1,2025-26,11.8,106.0,107.2,107.2,116.9,117.2,117.2,-10.9,-10.0,-10.0,0.107,1.42,9.9,0.056,0.207,0.127,7.0,7.0,0.482,0.545,0.237,0.244,102.27,101.6,84.67,101.6,0.106,904,2.3,5.4
1630541,Moses Moody,Moses,1610612744,GSW,24.0,60,30,30,0.5,1539.8983333333333,245,557,0.44,151,377,0.401,87,113,0.77,51,149,200,98,57,58,34,24,122,84,728,80,1334.0,0,0,1361.0,1,2025-26,25.7,110.8,111.1,111.1,109.0,108.9,108.9,1.8,2.2,2.2,0.093,1.72,13.0,0.031,0.092,0.061,7.5,7.5,0.575,0.6,0.174,0.181,102.69,102.6,85.5,102.6,0.083,3295,4.1,9.3
1631338,Mouhamadou Gueye,Mouhamadou,1610612741,CHI,27.0,2,0,2,0.0,45.44166666666667,6,11,0.545,1,5,0.2,3,4,0.75,2,4,6,6,3,2,1,0,4,2,16,-16,38.2,0,0,35.0,1,2025-26,22.7,108.4,112.0,112.0,127.8,129.3,129.3,-19.5,-17.3,-17.3,0.162,2.0,27.3,0.039,0.078,0.059,13.6,13.8,0.591,0.627,0.138,0.134,107.47,105.1,87.58,105.1,0.073,100,3.0,5.5
1631243,Mouhamed Gueye,Mouhamed,1610612737,ATL,23.0,77,44,33,0.571,1178.8366666666666,131,290,0.452,40,130,0.308,40,62,0.645,89,186,275,69,33,61,39,11,127,57,342,43,1042.5,3,0,926.0,1,2025-26,15.3,113.3,112.5,112.5,110.8,110.1,110.1,2.5,2.3,2.3,0.076,2.09,16.5,0.071,0.151,0.111,7.9,7.9,0.521,0.539,0.12,0.126,101.9,102.61,85.51,102.61,0.075,2513,1.7,3.8
1630619,Moussa Cisse,Moussa,1610612742,DAL,23.0,38,11,27,0.289,529.58,66,115,0.574,0,0,0.0,38,81,0.469,89,127,216,9,30,19,45,13,73,67,170,-3,604.7,2,0,523.0,1,2025-26,13.9,110.7,111.2,111.2,110.0,110.7,110.7,0.7,0.5,0.5,0.023,0.3,4.7,0.15,0.215,0.182,15.8,15.8,0.574,0.564,0.136,0.139,104.57,104.05,86.71,104.05,0.087,1144,1.7,3.0
1631217,Moussa Diabaté,Moussa,1610612766,CHA,24.0,73,40,33,0.548,1898.9566666666667,229,363,0.631,1,2,0.5,116,176,0.659,273,362,635,141,73,56,72,38,176,195,575,345,1859.5,20,0,1608.0,1,2025-26,26.0,119.0,122.0,122.0,111.5,111.5,111.5,7.5,10.5,10.5,0.099,1.93,21.6,0.139,0.191,0.164,11.2,11.2,0.632,0.653,0.112,0.115,99.02,97.8,81.5,97.8,0.108,3843,3.1,5.0
1626167,Myles Turner,Myles,1610612749,MIL,30.0,71,30,41,0.423,1911.8033333333333,284,646,0.44,147,384,0.383,131,177,0.74,75,303,378,103,83,50,115,32,185,158,846,-227,1866.1,4,0,1804.0,1,2025-26,26.9,108.9,109.6,109.6,114.4,115.8,115.8,-5.5,-6.2,-6.2,0.079,1.24,11.3,0.039,0.152,0.096,9.1,9.1,0.553,0.584,0.181,0.185,101.37,100.47,83.72,100.47,0.086,4011,4.0,9.1
1642066,Myron Gardner,Myron,1610612748,MIA,25.0,45,24,21,0.533,410.505,59,123,0.48,26,64,0.406,19,26,0.731,39,83,122,44,17,20,8,6,78,24,163,78,442.4,1,0,411.0,1,2025-26,9.1,115.6,114.7,114.7,106.9,106.3,106.3,8.7,8.4,8.4,0.143,2.59,22.6,0.079,0.193,0.132,8.7,8.7,0.585,0.606,0.139,0.145,106.55,107.28,89.4,107.28,0.093,918,1.3,2.7
1642368,N'Faly Dante,N'Faly,1610612737,ATL,24.0,4,3,1,0.75,15.416666666666666,1,4,0.25,0,0,0.0,1,1,1.0,3,4,7,0,1,2,0,0,1,2,3,10,16.4,0,0,14.0,1,2025-26,3.9,112.6,109.1,109.1,91.5,86.7,86.7,21.1,22.4,22.4,0.0,0.0,0.0,0.167,0.25,0.206,20.0,18.4,0.25,0.338,0.119,0.14,93.97,98.08,81.73,98.08,0.116,33,0.3,1.0
1641772,Nae'Qwan Tomlin,Nae'Qwan,1610612739,CLE,25.0,64,42,22,0.656,1003.6383333333332,150,314,0.478,27,115,0.235,47,61,0.77,86,100,186,53,29,41,34,25,125,46,374,60,872.7,0,0,790.0,1,2025-26,15.7,114.5,114.3,114.3,109.8,110.7,110.7,4.7,3.6,3.6,0.071,1.83,12.5,0.081,0.094,0.088,6.8,6.9,0.521,0.549,0.151,0.155,102.14,101.75,84.79,101.75,0.069,2120,2.3,4.9
1630230,Naji Marshall,Naji,1610612742,DAL,28.0,74,25,49,0.338,2183.74,419,821,0.51,62,213,0.291,228,300,0.76,65,283,348,241,119,82,6,47,143,191,1128,-218,2052.1,2,0,1955.0,1,2025-26,29.5,109.6,109.7,109.7,113.9,114.3,114.3,-4.3,-4.6,-4.6,0.162,2.03,18.4,0.028,0.12,0.075,9.1,9.1,0.548,0.592,0.2,0.206,104.56,104.35,86.96,104.35,0.106,4748,5.7,11.1
1631466,Nate Williams,Nate,1610612744,GSW,27.0,14,2,12,0.143,239.17,43,88,0.489,13,30,0.433,13,15,0.867,20,10,30,14,15,5,0,8,26,17,112,-79,169.0,0,0,179.0,1,2025-26,17.1,113.7,112.2,112.2,124.8,127.3,127.3,-11.1,-15.1,-15.1,0.083,0.93,11.3,0.079,0.046,0.064,12.1,12.1,0.563,0.592,0.192,0.198,99.28,98.94,82.45,98.94,0.056,491,3.1,6.3
1629675,Naz Reid,Naz,1610612750,MIN,26.0,77,46,31,0.597,2007.35,397,871,0.456,162,448,0.362,90,123,0.732,90,387,477,170,126,76,78,40,195,116,1046,169,2209.4,6,0,2163.0,1,2025-26,26.1,112.7,113.0,113.0,108.7,109.9,109.9,4.0,3.2,3.2,0.124,1.35,13.9,0.042,0.187,0.113,10.3,10.3,0.549,0.565,0.212,0.22,103.47,102.77,85.65,102.77,0.112,4313,5.2,11.3
1629674,Neemias Queta,Neemias,1610612738,BOS,26.0,76,52,24,0.684,1926.2066666666667,326,499,0.653,1,8,0.125,123,175,0.703,230,406,636,126,75,60,100,36,216,189,776,480,2133.2,17,0,1859.0,1,2025-26,25.3,117.5,118.8,118.8,105.5,105.6,105.6,12.0,13.2,13.2,0.091,1.68,16.2,0.118,0.194,0.157,9.6,9.7,0.654,0.674,0.145,0.149,96.71,96.15,80.13,96.15,0.13,3846,4.3,6.6
1629651,Nic Claxton,Nic,1610612751,BKN,27.0,69,17,52,0.246,1920.3666666666663,333,583,0.571,3,19,0.158,141,229,0.616,168,310,478,253,96,45,77,45,158,239,810,-515,2033.1,11,2,1788.0,1,2025-26,27.8,105.5,107.4,107.4,118.3,120.3,120.3,-12.7,-12.9,-12.9,0.216,2.64,24.6,0.084,0.167,0.124,9.3,9.3,0.574,0.592,0.175,0.178,100.08,98.37,81.97,98.37,0.117,3932,4.8,8.4
1630208,Nick Richards,Nick,1610612741,CHI,28.0,48,20,28,0.417,700.71,103,201,0.512,5,18,0.278,65,101,0.644,77,166,243,16,59,10,32,35,88,82,276,-136,658.6,4,0,624.0,2,2025-26,14.6,107.3,108.9,108.9,116.9,117.2,117.2,-9.6,-8.4,-8.4,0.033,0.27,5.0,0.103,0.221,0.163,18.4,18.4,0.525,0.562,0.176,0.179,103.17,102.27,85.23,102.27,0.079,1488,2.1,4.2
1641733,Nick Smith Jr.,Nick,1610612747,LAL,22.0,30,15,15,0.5,374.87666666666667,70,161,0.435,34,86,0.395,11,15,0.733,3,20,23,31,21,9,2,5,28,17,185,-3,271.1,0,0,295.0,1,2025-26,12.5,112.4,110.6,110.6,112.7,111.7,111.7,-0.4,-1.1,-1.1,0.127,1.48,14.2,0.009,0.054,0.032,9.6,9.6,0.54,0.552,0.212,0.222,100.06,101.35,84.45,101.35,0.067,794,2.3,5.4
1629638,Nickeil Alexander-Walker,Nickeil,1610612737,ATL,27.0,78,43,35,0.551,2603.1766666666667,548,1195,0.459,251,629,0.399,277,307,0.902,52,216,268,286,162,102,42,60,173,292,1624,244,2644.6,2,0,2717.0,1,2025-26,33.4,115.4,116.1,116.1,111.2,112.0,112.0,4.2,4.0,4.0,0.155,1.77,16.2,0.019,0.079,0.049,9.2,9.1,0.564,0.61,0.23,0.238,105.04,104.38,86.99,104.38,0.105,5668,7.0,15.3
201587,Nicolas Batum,Nicolas,1610612746,LAC,37.0,74,39,35,0.527,1294.595,96,238,0.403,92,228,0.404,9,11,0.818,23,161,184,64,37,47,23,1,100,9,293,-14,782.8,0,0,773.0,1,2025-26,17.5,113.7,113.2,113.2,113.2,113.8,113.8,0.6,-0.5,-0.5,0.069,1.73,18.7,0.018,0.119,0.071,10.8,10.8,0.597,0.603,0.092,0.096,98.98,98.96,82.47,98.96,0.058,2669,1.3,3.2
1628502,Nigel Hayes-Davis,Nigel,1610612756,PHX,31.0,27,15,12,0.556,195.2133333333333,15,46,0.326,2,16,0.125,2,4,0.5,12,21,33,7,8,8,2,1,16,4,34,-72,106.1,0,0,96.0,1,2025-26,7.2,96.2,95.1,95.1,114.0,112.8,112.8,-17.8,-17.7,-17.7,0.055,0.88,11.1,0.057,0.113,0.083,12.7,12.7,0.348,0.356,0.116,0.122,98.73,99.83,83.19,99.83,0.028,406,0.6,1.7
203999,Nikola Jokić,Nikola,1610612743,DEN,31.0,65,43,22,0.662,2264.855,644,1132,0.569,112,295,0.38,399,480,0.831,192,644,836,697,243,92,53,50,173,433,1799,555,4039.7,55,34,3734.0,1,2025-26,34.8,125.0,126.1,126.1,114.7,115.3,115.3,10.3,10.8,10.8,0.458,2.87,30.6,0.089,0.27,0.185,10.7,10.6,0.618,0.67,0.289,0.296,103.31,102.59,85.49,102.59,0.213,4854,9.9,17.4
1631107,Nikola Jović,Nikola,1610612748,MIA,23.0,47,24,23,0.511,808.0183333333333,115,314,0.366,45,167,0.269,69,101,0.683,25,128,153,102,65,26,17,14,65,85,344,-5,744.6,0,0,730.0,1,2025-26,17.2,109.2,109.3,109.3,108.4,110.1,110.1,0.8,-0.8,-0.8,0.173,1.57,19.5,0.028,0.137,0.084,12.4,12.4,0.438,0.48,0.203,0.212,108.53,107.64,89.7,107.64,0.073,1816,2.4,6.7
1642260,Nikola Topić,Nikola,1610612760,OKC,20.0,10,6,4,0.6,160.08333333333334,22,51,0.431,6,15,0.4,2,5,0.4,7,12,19,44,25,5,0,6,13,8,52,-42,130.8,2,0,131.0,1,2025-26,16.0,107.8,107.2,107.2,120.4,120.8,120.8,-12.6,-13.7,-13.7,0.383,1.76,36.1,0.041,0.075,0.058,20.5,20.5,0.49,0.489,0.204,0.214,99.6,99.7,83.08,99.7,0.063,334,2.2,5.1
202696,Nikola Vučević,Nikola,1610612738,BOS,35.0,64,35,29,0.547,1818.118333333333,394,799,0.493,100,271,0.369,77,93,0.828,125,412,537,213,85,39,41,30,127,117,965,-42,2083.9,23,0,1975.0,2,2025-26,28.4,113.0,113.1,113.1,114.0,114.8,114.8,-1.0,-1.7,-1.7,0.175,2.51,18.7,0.067,0.211,0.141,7.4,7.5,0.556,0.574,0.213,0.218,102.38,101.99,84.99,101.99,0.127,3874,6.2,12.5
1642363,Nique Clifford,Nique,1610612758,SAC,24.0,75,21,54,0.28,1881.925,249,596,0.418,77,231,0.333,70,97,0.722,65,217,282,179,116,68,24,39,156,74,645,-219,1411.9,0,0,1367.0,1,2025-26,25.1,110.6,111.3,111.3,115.1,115.8,115.8,-4.4,-4.5,-4.5,0.13,1.54,19.1,0.034,0.115,0.074,12.4,12.4,0.482,0.505,0.167,0.17,101.43,100.77,83.98,100.77,0.062,3933,3.3,7.9
1642855,Noa Essengue,Noa,1610612741,CHI,19.0,2,1,1,0.5,6.033333333333333,0,3,0.0,0,2,0.0,0,0,0.0,0,0,0,0,0,1,0,1,1,0,0,-15,3.0,0,0,2.0,1,2025-26,3.0,64.3,60.0,60.0,169.0,171.4,171.4,-104.7,-111.4,-111.4,0.0,0.0,0.0,0.0,0.0,0.0,0.0,0.0,0.0,0.0,0.188,0.2,112.18,115.36,96.13,115.36,-0.095,15,0.0,1.5
1641730,Noah Clowney,Noah,1610612751,BKN,21.0,66,17,49,0.258,1780.0633333333333,250,631,0.396,129,392,0.329,180,224,0.804,52,221,273,108,102,50,45,39,168,185,809,-329,1481.6,1,0,1509.0,1,2025-26,27.0,108.0,109.7,109.7,117.1,118.3,118.3,-9.1,-8.7,-8.7,0.095,1.06,11.5,0.029,0.128,0.077,10.8,10.9,0.498,0.554,0.202,0.204,99.77,98.49,82.08,98.49,0.072,3647,3.8,9.6
1642869,Noah Penda,Noah,1610612753,ORL,21.0,59,30,29,0.508,757.275,82,203,0.404,30,93,0.323,33,48,0.688,67,120,187,70,42,30,18,12,70,40,227,-55,658.4,2,0,610.0,1,2025-26,12.8,110.1,110.4,110.4,115.4,113.4,113.4,-5.3,-3.0,-3.0,0.124,1.67,20.8,0.081,0.159,0.118,12.5,12.5,0.478,0.506,0.14,0.145,100.68,101.42,84.51,101.42,0.076,1597,1.4,3.4
1642849,Nolan Traore,Nolan,1610612751,BKN,20.0,56,14,42,0.25,1243.3916666666669,182,479,0.38,61,192,0.318,74,94,0.787,14,85,99,213,129,45,23,36,119,75,499,-280,1012.3,1,0,1008.0,1,2025-26,22.2,107.6,108.2,108.2,118.0,118.8,118.8,-10.4,-10.5,-10.5,0.265,1.65,24.7,0.011,0.073,0.04,14.9,15.0,0.444,0.479,0.224,0.229,98.97,98.4,82.0,98.4,0.056,2544,3.3,8.6
1641807,Norchad Omier,Norchad,1610612746,LAC,24.0,6,5,1,0.833,23.666666666666668,7,10,0.7,0,1,0.0,3,3,1.0,4,3,7,2,0,1,0,1,4,2,17,-23,31.4,0,0,28.0,1,2025-26,3.9,96.8,92.0,92.0,147.7,146.8,146.8,-50.9,-54.8,-54.8,0.182,0.0,15.4,0.129,0.2,0.152,0.0,0.0,0.7,0.751,0.18,0.204,95.57,98.37,81.97,98.37,0.16,50,1.2,1.7
1626181,Norman Powell,Norman,1610612748,MIA,33.0,58,29,29,0.5,1716.9366666666667,421,895,0.47,156,410,0.38,263,318,0.827,22,180,202,143,111,64,14,51,127,225,1261,38,1840.9,1,0,1918.0,1,2025-26,29.6,113.1,114.7,114.7,113.0,114.1,114.1,0.1,0.6,0.6,0.123,1.29,11.3,0.012,0.097,0.054,8.7,8.6,0.558,0.609,0.262,0.27,106.94,105.69,88.08,105.69,0.113,3788,7.3,15.4
1628384,OG Anunoby,OG,1610612752,NYK,28.0,67,45,22,0.672,2223.8716666666664,389,804,0.484,157,407,0.386,183,221,0.828,85,266,351,145,123,104,48,54,164,157,1118,407,2089.7,5,0,2075.0,1,2025-26,33.2,119.4,119.4,119.4,110.3,110.2,110.2,9.1,9.2,9.2,0.09,1.18,12.4,0.039,0.116,0.078,10.5,10.5,0.581,0.62,0.194,0.198,99.77,99.84,83.2,99.84,0.099,4618,5.8,12.0
1630167,Obi Toppin,Obi,1610612754,IND,28.0,24,4,20,0.167,423.725,100,199,0.503,37,105,0.352,42,46,0.913,13,93,106,55,28,12,1,8,28,40,279,-33,499.7,0,0,503.0,1,2025-26,17.7,113.3,113.9,113.9,117.7,117.5,117.5,-4.4,-3.6,-3.6,0.193,1.96,18.3,0.03,0.206,0.12,9.3,9.3,0.595,0.636,0.241,0.249,104.31,104.11,86.75,104.11,0.143,919,4.2,8.3
1630534,Ochai Agbaji,Ochai,1610612751,BKN,26.0,62,28,34,0.452,973.2033333333334,122,280,0.436,34,128,0.266,36,43,0.837,46,95,141,47,31,24,17,21,93,35,314,-62,645.7,0,0,618.0,2,2025-26,15.7,107.2,106.4,106.4,109.5,109.0,109.0,-2.2,-2.7,-2.7,0.07,1.52,12.4,0.046,0.096,0.071,8.2,8.2,0.496,0.525,0.142,0.147,99.71,100.34,83.62,100.34,0.057,2031,2.0,4.5
1630846,Olivier Sarr,Olivier,1610612739,CLE,27.0,4,3,1,0.75,39.35,5,7,0.714,2,3,0.667,2,5,0.4,2,9,11,5,2,2,3,0,9,5,14,26,47.7,0,0,42.0,1,2025-26,9.8,131.4,133.3,133.3,102.6,106.8,106.8,28.8,26.5,26.5,0.143,2.5,31.3,0.069,0.196,0.147,12.5,12.3,0.857,0.761,0.108,0.115,111.59,108.56,90.47,108.56,0.088,90,1.3,1.8
1641765,Olivier-Maxence Prosper,Olivier-Maxence,1610612763,MEM,23.0,53,16,37,0.302,983.5916666666668,192,350,0.549,60,148,0.405,86,114,0.754,59,128,187,51,47,40,13,14,83,85,530,-209,942.9,1,0,934.0,1,2025-26,18.6,111.2,110.7,110.7,119.7,120.4,120.4,-8.5,-9.7,-9.7,0.077,1.09,10.3,0.057,0.127,0.091,9.5,9.4,0.634,0.662,0.183,0.19,104.79,104.7,87.25,104.7,0.103,2145,3.6,6.6
1630209,Omer Yurtseven,Omer,1610612744,GSW,28.0,9,3,6,0.333,103.955,11,26,0.423,0,4,0.0,12,18,0.667,13,17,30,8,9,2,1,4,15,17,34,-14,82.0,0,0,78.0,1,2025-26,11.6,107.9,108.4,108.4,112.7,114.1,114.1,-4.8,-5.7,-5.7,0.103,0.89,15.4,0.133,0.167,0.15,17.3,17.7,0.423,0.501,0.167,0.17,105.44,104.58,87.15,104.58,0.054,226,1.2,2.9
1630168,Onyeka Okongwu,Onyeka,1610612737,ATL,25.0,74,41,33,0.554,2296.968333333333,413,860,0.48,144,383,0.376,153,202,0.757,140,422,562,231,127,82,79,51,243,171,1123,109,2499.9,16,0,2382.0,1,2025-26,31.0,112.7,113.4,113.4,111.0,111.3,111.3,1.7,2.1,2.1,0.14,1.82,17.7,0.058,0.178,0.117,9.7,9.7,0.564,0.592,0.189,0.195,104.88,104.39,86.99,104.39,0.104,4998,5.6,11.6
1631115,Orlando Robinson,Orlando,1610612753,ORL,25.0,4,2,2,0.5,24.816666666666663,3,5,0.6,1,2,0.5,0,0,0.0,2,2,4,3,0,1,0,0,3,1,7,-11,19.3,0,0,17.0,1,2025-26,6.2,118.9,122.4,122.4,152.0,144.9,144.9,-33.1,-22.4,-22.4,0.158,0.0,37.5,0.069,0.125,0.089,0.0,0.0,0.7,0.7,0.081,0.083,94.0,94.78,78.98,94.78,0.074,49,0.8,1.3
1631131,Oscar Tshiebwe,Oscar,1610612762,UTA,26.0,27,3,24,0.111,448.42,92,145,0.634,0,0,0.0,27,49,0.551,77,102,179,32,21,16,5,17,39,35,211,-79,515.8,3,0,464.0,1,2025-26,16.6,110.7,110.9,110.9,120.6,118.9,118.9,-9.9,-8.0,-8.0,0.101,1.52,14.7,0.151,0.224,0.185,9.6,9.6,0.634,0.633,0.162,0.167,104.1,104.74,87.28,104.74,0.125,978,3.4,5.4
1642345,Oso Ighodaro,Oso,1610612756,PHX,23.0,82,45,37,0.549,1808.37,239,366,0.653,0,1,0.0,53,117,0.453,138,280,418,185,101,73,57,28,218,110,531,161,1599.1,4,0,1394.0,1,2025-26,22.1,114.3,114.8,114.8,109.8,109.7,109.7,4.6,5.1,5.1,0.139,1.83,26.4,0.071,0.158,0.113,14.4,14.4,0.653,0.636,0.12,0.124,98.58,98.44,82.03,98.44,0.09,3696,2.9,4.5
1631172,Ousmane Dieng,Ousmane,1610612749,MIL,23.0,57,33,24,0.579,1099.4716666666666,168,398,0.422,63,185,0.341,32,45,0.711,29,151,180,136,75,25,17,17,78,46,431,-210,902.0,5,0,894.0,2,2025-26,19.3,108.7,108.7,108.7,117.9,117.3,117.3,-9.2,-8.6,-8.6,0.185,1.81,21.6,0.026,0.136,0.081,11.9,11.9,0.501,0.516,0.192,0.197,99.64,99.84,83.2,99.84,0.075,2281,2.9,7.0
1629023,P.J. Washington,P.J.,1610612742,DAL,27.0,56,16,40,0.286,1735.62,296,658,0.45,76,234,0.325,125,182,0.687,84,310,394,98,94,55,60,43,119,134,793,-277,1663.8,8,0,1591.0,1,2025-26,31.0,106.7,107.0,107.0,113.3,114.4,114.4,-6.6,-7.3,-7.3,0.082,1.04,10.6,0.045,0.162,0.105,10.1,10.1,0.508,0.537,0.194,0.2,104.5,103.86,86.55,103.86,0.093,3755,5.3,11.8
1641790,PJ Hall,PJ,1610612766,CHA,24.0,19,7,12,0.368,213.37833333333333,30,59,0.508,3,5,0.6,23,29,0.793,33,42,75,10,16,3,10,10,22,21,86,-29,214.0,1,0,200.0,2,2025-26,11.2,108.2,108.4,108.4,114.1,113.9,113.9,-5.9,-5.4,-5.4,0.077,0.63,10.2,0.146,0.18,0.163,16.3,16.4,0.534,0.599,0.17,0.174,101.68,101.68,84.73,101.68,0.098,450,1.6,3.1
1642359,Pacôme Dadiet,Pacôme,1610612752,NYK,20.0,29,18,11,0.621,135.76,16,48,0.333,7,32,0.219,9,11,0.818,4,23,27,12,3,3,1,2,8,7,48,-5,107.4,0,0,102.0,1,2025-26,4.7,102.2,98.6,98.6,103.1,100.3,100.3,-0.9,-1.7,-1.7,0.13,4.0,17.6,0.027,0.156,0.092,4.4,4.4,0.406,0.454,0.167,0.177,98.7,101.83,84.86,101.83,0.085,288,0.6,1.7
1631094,Paolo Banchero,Paolo,1610612753,ORL,23.0,72,38,34,0.528,2501.685,529,1152,0.459,84,275,0.305,457,590,0.775,85,519,604,373,222,51,40,88,144,393,1599,-3,2934.3,26,3,2842.0,1,2025-26,34.7,112.0,114.0,114.0,112.1,114.1,114.1,-0.1,-0.2,-0.2,0.235,1.68,18.6,0.034,0.204,0.119,11.0,11.1,0.496,0.566,0.274,0.278,102.75,100.96,84.14,100.96,0.138,5265,7.3,16.0
1627783,Pascal Siakam,Pascal,1610612754,IND,32.0,62,17,45,0.274,2056.651666666666,559,1155,0.484,105,293,0.358,262,378,0.693,89,322,411,236,138,69,25,48,147,319,1485,-230,2476.2,10,0,2425.0,1,2025-26,33.2,111.6,111.5,111.5,116.3,117.2,117.2,-4.6,-5.6,-5.6,0.19,1.71,13.9,0.041,0.151,0.095,8.2,8.1,0.529,0.562,0.292,0.301,103.31,102.95,85.79,102.95,0.13,4419,9.0,18.6
1626192,Pat Connaughton,Pat,1610612766,CHA,33.0,42,25,17,0.595,296.5183333333333,38,85,0.447,21,52,0.404,13,20,0.65,15,46,61,18,11,11,1,5,9,19,110,-29,235.2,0,0,234.0,1,2025-26,7.1,99.0,97.2,97.2,105.2,101.5,101.5,-6.2,-4.3,-4.3,0.11,1.64,14.6,0.047,0.153,0.099,8.9,9.0,0.571,0.586,0.15,0.156,94.25,96.88,80.74,96.88,0.117,597,0.9,2.0
1630311,Pat Spencer,Pat,1610612744,GSW,29.0,66,30,36,0.455,1228.9266666666667,186,436,0.427,60,168,0.357,44,57,0.772,51,107,158,232,85,48,5,32,75,47,476,-95,1087.6,1,0,1032.0,1,2025-26,18.6,111.7,112.1,112.1,115.2,115.6,115.6,-3.4,-3.4,-3.4,0.27,2.73,29.8,0.041,0.091,0.065,10.9,10.9,0.495,0.516,0.185,0.19,100.17,99.81,83.18,99.81,0.087,2552,2.8,6.6
1631116,Patrick Baldwin Jr.,Patrick,1610612758,SAC,23.0,9,3,6,0.333,102.47166666666666,11,27,0.407,6,14,0.429,5,7,0.714,12,11,23,5,5,3,5,0,15,5,33,-39,87.1,0,0,83.0,3,2025-26,11.4,102.7,100.0,100.0,115.6,117.2,117.2,-12.9,-17.2,-17.2,0.072,1.0,12.5,0.103,0.11,0.106,12.5,12.5,0.519,0.549,0.142,0.148,99.65,100.24,83.54,100.24,0.052,213,1.2,3.0
1630172,Patrick Williams,Patrick,1610612741,CHI,24.0,72,24,48,0.333,1473.78,178,478,0.372,95,274,0.347,54,75,0.72,49,166,215,105,75,49,26,30,93,68,505,-345,1070.5,0,0,1070.0,1,2025-26,20.5,103.9,103.8,103.8,114.3,114.8,114.8,-10.5,-11.0,-11.0,0.101,1.4,15.2,0.03,0.106,0.067,10.9,10.9,0.472,0.494,0.159,0.164,105.86,105.67,88.06,105.67,0.057,3250,2.5,6.6
202331,Paul George,Paul,1610612755,PHI,36.0,37,22,15,0.595,1135.0316666666668,225,513,0.439,100,255,0.392,91,111,0.82,20,176,196,133,64,62,16,17,84,96,641,89,1245.7,2,0,1226.0,1,2025-26,30.7,114.6,115.0,115.0,110.2,111.4,111.4,4.4,3.6,3.6,0.175,2.08,17.6,0.017,0.147,0.081,8.5,8.4,0.536,0.57,0.229,0.236,101.03,100.33,83.61,100.33,0.117,2374,6.1,13.9
1630194,Paul Reed,Paul,1610612765,DET,27.0,65,47,18,0.723,900.6283333333333,209,339,0.617,13,40,0.325,73,110,0.664,130,164,294,80,58,57,60,24,120,81,504,138,1269.8,3,0,1125.0,1,2025-26,13.9,112.3,112.5,112.5,104.0,104.4,104.4,8.2,8.1,8.1,0.134,1.38,15.2,0.142,0.176,0.159,11.0,11.0,0.636,0.65,0.2,0.206,102.04,101.72,84.76,101.72,0.153,1901,3.2,5.2
1630202,Payton Pritchard,Payton,1610612738,BOS,28.0,79,54,25,0.684,2555.523333333333,506,1091,0.464,212,562,0.377,121,136,0.89,69,243,312,408,109,58,10,42,118,125,1345,426,2426.4,5,0,2413.0,1,2025-26,32.3,117.6,120.1,120.1,111.2,112.1,112.1,6.4,8.0,8.0,0.234,3.74,24.5,0.026,0.09,0.059,6.5,6.5,0.561,0.584,0.21,0.215,97.23,95.81,79.84,95.81,0.12,5109,6.4,13.8
1642362,Payton Sandfort,Payton,1610612760,OKC,23.0,4,2,2,0.5,63.333333333333336,13,26,0.5,7,17,0.412,2,4,0.5,1,9,10,0,1,1,0,0,8,2,35,-19,49.0,0,0,54.0,1,2025-26,15.8,113.2,111.8,111.8,126.0,125.7,125.7,-12.8,-14.0,-14.0,0.0,0.0,0.0,0.014,0.145,0.075,3.4,3.5,0.635,0.63,0.186,0.19,102.29,103.07,85.89,103.07,0.066,136,3.3,6.5
1641796,Pelle Larsson,Pelle,1610612748,MIA,25.0,70,38,32,0.543,1849.1433333333332,277,559,0.496,62,192,0.323,184,231,0.797,69,175,244,236,101,49,16,35,148,223,800,80,1540.8,1,0,1472.0,1,2025-26,26.4,115.0,115.7,115.7,112.1,113.3,113.3,2.9,2.4,2.4,0.163,2.34,23.7,0.035,0.088,0.062,10.2,10.1,0.551,0.605,0.165,0.169,106.35,105.49,87.91,105.49,0.084,4057,4.0,8.0
1631250,Pete Nance,Pete,1610612749,MIL,26.0,47,14,33,0.298,737.0983333333334,100,194,0.515,50,119,0.42,4,11,0.364,27,98,125,48,26,14,14,7,62,13,254,-78,534.0,1,0,533.0,1,2025-26,15.7,112.5,112.2,112.2,118.2,117.4,117.4,-5.7,-5.2,-5.2,0.092,1.85,17.6,0.038,0.135,0.086,9.5,9.5,0.644,0.639,0.132,0.137,97.36,97.81,81.51,97.81,0.078,1502,2.1,4.1
1631212,Peyton Watson,Peyton,1610612743,DEN,23.0,54,36,18,0.667,1597.7583333333334,285,581,0.491,81,197,0.411,138,189,0.73,49,215,264,111,93,50,61,32,136,142,789,196,1512.3,2,0,1467.0,1,2025-26,29.6,122.7,123.7,123.7,116.5,117.6,117.6,6.2,6.2,6.2,0.096,1.19,12.8,0.033,0.127,0.083,10.7,10.7,0.56,0.594,0.204,0.208,100.32,99.45,82.88,99.45,0.087,3307,5.3,10.8
1630173,Precious Achiuwa,Precious,1610612758,SAC,26.0,73,20,53,0.274,1745.185,316,598,0.528,27,97,0.278,77,139,0.554,177,315,492,101,65,65,50,43,123,107,736,-271,1757.9,12,0,1586.0,1,2025-26,23.9,110.9,110.9,110.9,116.9,118.1,118.1,-6.0,-7.2,-7.2,0.082,1.55,12.2,0.098,0.18,0.139,7.9,7.9,0.551,0.558,0.172,0.177,100.9,100.39,83.66,100.39,0.102,3646,4.3,8.2
1629656,Quentin Grimes,Quentin,1610612755,PHI,26.0,75,42,33,0.56,2205.721666666667,340,755,0.45,127,380,0.334,199,237,0.84,46,227,273,244,133,64,28,31,155,198,1006,8,1842.6,2,0,1834.0,1,2025-26,29.4,111.4,112.4,112.4,110.7,112.4,112.4,0.7,-0.1,-0.1,0.159,1.83,19.8,0.02,0.096,0.058,10.8,10.8,0.534,0.585,0.183,0.189,102.65,101.43,84.53,101.43,0.092,4666,4.5,10.1
1631245,Quenton Jackson,Quenton,1610612754,IND,27.0,49,10,39,0.204,897.425,154,328,0.47,42,118,0.356,98,119,0.824,28,86,114,140,62,31,6,25,82,125,448,-63,843.8,1,0,818.0,1,2025-26,18.3,109.8,109.1,109.1,113.0,112.9,112.9,-3.2,-3.8,-3.8,0.227,2.26,24.1,0.03,0.092,0.061,10.7,10.6,0.534,0.589,0.2,0.207,105.0,105.34,87.78,105.34,0.096,1975,3.1,6.7
1642366,Quinten Post,Quinten,1610612744,GSW,26.0,67,32,35,0.478,1159.1983333333333,193,439,0.44,93,277,0.336,34,43,0.791,68,201,269,94,56,26,35,17,125,50,513,60,1103.8,0,0,1091.0,1,2025-26,17.3,112.7,112.4,112.4,111.2,110.2,110.2,1.5,2.3,2.3,0.116,1.68,15.4,0.057,0.165,0.111,9.2,9.2,0.546,0.56,0.183,0.188,101.13,101.7,84.75,101.7,0.089,2458,2.9,6.6
1629628,RJ Barrett,RJ,1610612761,TOR,26.0,57,34,23,0.596,1725.76,401,816,0.491,96,283,0.339,200,279,0.717,55,245,300,189,99,42,19,70,147,202,1098,168,1825.5,0,0,1805.0,1,2025-26,30.3,118.0,118.4,118.4,112.4,113.5,113.5,5.6,4.9,4.9,0.157,1.91,15.4,0.033,0.141,0.088,8.1,8.1,0.55,0.585,0.254,0.26,101.59,100.88,84.07,100.88,0.112,3623,7.0,14.3
1642853,Rasheer Fleming,Rasheer,1610612756,PHX,21.0,55,29,26,0.527,673.4016666666666,87,215,0.405,45,130,0.346,19,34,0.559,57,67,124,16,29,22,21,8,64,27,238,97,510.8,0,0,509.0,1,2025-26,12.2,113.1,112.7,112.7,106.0,106.6,106.6,7.1,6.1,6.1,0.033,0.55,5.8,0.08,0.099,0.089,10.5,10.5,0.509,0.517,0.159,0.164,97.02,96.98,80.81,96.98,0.056,1367,1.6,3.9
1642484,RayJ Dennis,RayJ,1610612737,ATL,25.0,17,3,14,0.176,206.2333333333333,26,83,0.313,14,45,0.311,8,9,0.889,8,18,26,33,17,4,4,2,21,8,74,-62,161.7,0,0,163.0,3,2025-26,12.1,95.9,95.8,95.8,112.1,110.0,110.0,-16.2,-14.2,-14.2,0.26,1.94,24.1,0.03,0.081,0.053,12.4,12.4,0.398,0.425,0.195,0.201,104.15,105.2,87.67,105.2,0.051,453,1.5,4.9
1641712,Rayan Rupert,Rayan,1610612763,MEM,22.0,64,29,35,0.453,1072.545,123,313,0.393,44,136,0.324,42,54,0.778,48,140,188,68,55,55,9,27,124,40,332,-319,796.6,3,1,760.0,2,2025-26,16.8,102.3,103.5,103.5,116.7,117.0,117.0,-14.4,-13.6,-13.6,0.093,1.24,14.8,0.04,0.129,0.082,12.0,12.0,0.463,0.493,0.148,0.151,103.74,103.02,85.85,103.02,0.055,2299,1.9,4.9
1642263,Reed Sheppard,Reed,1610612745,HOU,22.0,82,52,30,0.634,2146.923333333333,407,946,0.43,227,576,0.394,69,86,0.802,28,210,238,277,123,122,54,36,166,67,1110,280,2216.1,2,0,2204.0,1,2025-26,26.2,114.1,115.9,115.9,111.5,111.6,111.6,2.6,4.3,4.3,0.183,2.25,20.1,0.012,0.092,0.053,8.9,8.9,0.55,0.564,0.21,0.214,99.57,98.73,82.28,98.73,0.102,4455,5.0,11.5
1642434,Riley Minix,Riley,1610612739,CLE,25.0,9,7,2,0.778,58.083333333333336,14,23,0.609,4,12,0.333,3,3,1.0,2,4,6,5,3,2,1,0,5,4,35,32,55.7,0,0,56.0,2,2025-26,6.5,132.1,129.3,129.3,107.0,108.5,108.5,25.1,20.8,20.8,0.104,1.67,15.6,0.042,0.066,0.055,9.4,9.3,0.696,0.72,0.176,0.188,107.83,108.26,90.22,108.26,0.114,133,1.6,2.6
1642265,Rob Dillingham,Rob,1610612741,CHI,21.0,65,29,36,0.446,969.9533333333334,163,412,0.396,42,133,0.316,41,55,0.745,19,112,131,143,100,47,6,36,114,56,409,-146,839.7,0,0,831.0,2,2025-26,14.9,105.9,105.9,105.9,112.7,113.3,113.3,-6.9,-7.4,-7.4,0.206,1.43,21.1,0.018,0.105,0.062,14.7,14.7,0.447,0.469,0.218,0.225,106.34,106.08,88.4,106.08,0.06,2149,2.5,6.3
1629057,Robert Williams III,Robert,1610612757,POR,28.0,59,30,29,0.508,1008.2133333333334,177,250,0.708,9,23,0.391,34,57,0.596,141,274,415,60,49,35,87,12,74,43,397,73,1302.0,5,0,1125.0,1,2025-26,17.1,110.1,110.6,110.6,107.4,107.2,107.2,2.6,3.4,3.4,0.089,1.22,15.5,0.133,0.25,0.192,12.7,12.8,0.726,0.722,0.129,0.133,103.03,102.86,85.72,102.86,0.163,2160,3.0,4.2
1642911,Rocco Zikarsky,Rocco,1610612750,MIN,19.0,5,1,4,0.2,36.48333333333333,5,8,0.625,0,0,0.0,4,4,1.0,2,12,14,2,1,0,5,0,3,2,14,7,47.8,0,0,40.0,1,2025-26,7.3,121.1,122.4,122.4,110.5,116.2,116.2,10.6,6.2,6.2,0.067,2.0,15.4,0.067,0.245,0.177,7.7,7.8,0.625,0.717,0.131,0.135,101.7,98.68,82.23,98.68,0.151,76,1.0,1.6
1631199,Ron Harper Jr.,Ron,1610612738,BOS,26.0,29,22,7,0.759,317.52666666666664,46,110,0.418,28,80,0.35,3,4,0.75,15,33,48,22,8,10,9,1,20,9,123,18,262.6,0,0,259.0,1,2025-26,10.9,111.7,111.6,111.6,109.3,109.0,109.0,2.4,2.7,2.7,0.1,2.75,15.5,0.043,0.101,0.072,5.6,5.6,0.545,0.55,0.158,0.163,96.05,96.22,80.18,96.22,0.086,637,1.6,3.8
1641842,Ronald Holland II,Ronald,1610612765,DET,20.0,78,56,22,0.718,1550.4483333333333,235,544,0.432,50,198,0.253,120,149,0.805,83,232,315,95,96,92,27,46,183,148,640,133,1421.5,2,0,1338.0,1,2025-26,19.9,108.7,110.2,110.2,104.4,104.5,104.5,4.3,5.7,5.7,0.088,0.99,12.0,0.052,0.141,0.097,12.1,12.0,0.478,0.525,0.184,0.191,102.56,101.85,84.88,101.85,0.085,3265,3.0,7.0
1626220,Royce O'Neale,Royce,1610612756,PHX,33.0,78,43,35,0.551,2213.0533333333333,263,625,0.421,212,520,0.408,27,38,0.711,59,313,372,208,103,84,32,7,177,54,765,-113,1768.4,2,0,1789.0,1,2025-26,28.4,111.0,111.4,111.4,114.4,115.1,115.1,-3.4,-3.6,-3.6,0.129,2.02,21.8,0.025,0.139,0.081,10.8,10.8,0.59,0.596,0.139,0.143,101.16,100.64,83.87,100.64,0.082,4664,3.4,8.0
203497,Rudy Gobert,Rudy,1610612750,MIN,34.0,76,46,30,0.605,2380.0466666666666,335,491,0.682,0,5,0.0,159,302,0.526,299,573,872,128,106,58,124,39,199,306,829,233,2507.4,33,0,2193.0,1,2025-26,31.3,112.1,113.0,113.0,106.6,108.0,108.0,5.5,5.0,5.0,0.074,1.21,14.9,0.121,0.222,0.173,12.3,12.4,0.682,0.664,0.127,0.129,102.6,101.49,84.58,101.49,0.121,5023,4.4,6.5
1629060,Rui Hachimura,Rui,1610612747,LAL,28.0,68,47,21,0.691,1926.565,307,597,0.514,116,262,0.443,50,72,0.694,41,185,226,57,42,39,21,23,110,47,780,81,1274.7,1,0,1299.0,1,2025-26,28.3,115.6,116.4,116.4,113.3,114.4,114.4,2.3,2.0,2.0,0.041,1.36,7.8,0.023,0.094,0.06,5.8,5.8,0.611,0.62,0.149,0.152,101.66,100.83,84.03,100.83,0.073,4047,4.5,8.8
201566,Russell Westbrook,Russell,1610612758,SAC,37.0,64,16,48,0.25,1852.57,358,839,0.427,128,379,0.338,127,183,0.694,80,268,348,426,209,83,12,42,147,141,971,-456,2103.6,16,6,2063.0,1,2025-26,28.9,109.5,110.0,110.0,119.9,122.1,122.1,-10.4,-12.1,-12.1,0.33,2.04,27.4,0.042,0.147,0.093,13.4,13.4,0.503,0.528,0.252,0.257,103.34,102.15,85.12,102.15,0.105,3951,5.6,13.1
1642346,Ryan Dunn,Ryan,1610612756,PHX,23.0,70,40,30,0.571,1355.245,164,362,0.453,56,169,0.331,23,47,0.489,99,198,297,102,56,60,29,23,130,34,407,4,1127.4,2,0,1040.0,1,2025-26,19.4,110.3,110.4,110.4,107.9,108.7,108.7,2.4,1.7,1.7,0.105,1.82,18.8,0.068,0.142,0.105,10.3,10.4,0.53,0.532,0.136,0.139,98.48,98.02,81.68,98.02,0.081,2748,2.3,5.2
1641750,Ryan Kalkbrenner,Ryan,1610612766,CHA,24.0,69,39,30,0.565,1479.131666666667,219,291,0.753,0,5,0.0,83,116,0.716,167,210,377,54,62,32,101,27,107,95,521,46,1391.4,3,0,1218.0,1,2025-26,21.4,110.6,112.3,112.3,111.4,111.2,111.2,-0.9,1.1,1.1,0.053,0.87,11.8,0.109,0.133,0.121,13.5,13.5,0.753,0.762,0.113,0.115,101.08,100.4,83.67,100.4,0.108,3099,3.2,4.2
1642948,Ryan Nembhard,Ryan,1610612742,DAL,23.0,60,20,40,0.333,1170.88,162,390,0.415,48,135,0.356,25,31,0.806,13,120,133,316,85,25,2,12,86,44,397,-24,1026.6,4,0,948.0,1,2025-26,19.5,110.8,111.2,111.2,112.9,113.1,113.1,-2.1,-1.9,-1.9,0.353,3.72,39.3,0.011,0.095,0.054,10.6,10.6,0.477,0.492,0.173,0.178,102.14,101.89,84.91,101.89,0.087,2496,2.7,6.5
1631157,Ryan Rollins,Ryan,1610612749,MIL,23.0,74,29,45,0.392,2375.483333333333,486,1030,0.472,184,453,0.406,125,157,0.796,54,284,338,414,201,110,31,73,193,154,1281,-175,2529.6,6,0,2499.0,1,2025-26,32.1,112.4,113.3,113.3,115.2,116.5,116.5,-2.8,-3.2,-3.2,0.264,2.06,24.2,0.023,0.115,0.07,11.7,11.7,0.561,0.583,0.236,0.242,100.49,99.55,82.96,99.55,0.111,4920,6.6,13.9
1630180,Saddiq Bey,Saddiq,1610612740,NOP,27.0,72,24,48,0.333,2245.575,436,967,0.451,151,412,0.367,248,295,0.841,121,279,400,182,68,68,7,52,95,177,1271,-187,2181.0,7,0,2154.0,1,2025-26,31.2,112.7,113.3,113.3,115.9,116.8,116.8,-3.2,-3.6,-3.6,0.12,2.68,13.5,0.051,0.12,0.085,5.1,5.0,0.529,0.579,0.213,0.218,102.75,102.05,85.04,102.05,0.112,4767,6.1,13.4
1630573,Sam Hauser,Sam,1610612738,BOS,28.0,78,54,24,0.692,1934.15,252,601,0.419,198,504,0.393,17,20,0.85,56,244,300,114,35,38,23,8,113,33,719,369,1398.0,0,0,1453.0,1,2025-26,24.8,118.4,119.8,119.8,110.4,111.0,111.0,8.0,8.8,8.8,0.077,3.26,15.0,0.028,0.118,0.073,4.6,4.6,0.584,0.59,0.141,0.145,98.12,97.23,81.03,97.23,0.08,3928,3.2,7.7
1630241,Sam Merrill,Sam,1610612739,CLE,30.0,52,37,15,0.712,1377.0733333333333,223,484,0.461,158,375,0.421,59,69,0.855,28,105,133,125,42,33,7,10,127,91,663,242,1088.1,1,0,1159.0,1,2025-26,26.5,119.4,120.3,120.3,111.5,112.6,112.6,8.0,7.7,7.7,0.119,2.98,18.4,0.02,0.072,0.047,6.2,6.2,0.624,0.644,0.167,0.17,102.4,101.54,84.61,101.54,0.081,2921,4.3,9.3
1630572,Sandro Mamukelashvili,Sandro,1610612761,TOR,27.0,80,44,36,0.55,1750.6916666666666,330,631,0.523,115,296,0.389,118,158,0.747,108,287,395,151,67,64,41,34,147,109,893,184,1841.5,3,0,1764.0,1,2025-26,21.9,114.3,114.9,114.9,109.6,109.7,109.7,4.7,5.3,5.3,0.123,2.25,16.5,0.06,0.163,0.111,7.3,7.3,0.614,0.637,0.181,0.187,101.49,101.19,84.32,101.19,0.123,3686,4.1,7.9
1630583,Santi Aldama,Santi,1610612763,MEM,25.0,43,19,24,0.442,1198.0783333333334,228,476,0.479,70,200,0.35,76,114,0.667,67,220,287,126,55,37,31,11,69,93,602,-48,1284.4,5,0,1221.0,1,2025-26,27.9,111.8,113.6,113.6,114.6,116.0,116.0,-2.8,-2.4,-2.4,0.153,2.29,18.1,0.052,0.171,0.112,7.9,7.8,0.553,0.572,0.191,0.199,104.96,103.47,86.22,103.47,0.115,2589,5.3,11.1
1630703,Scoot Henderson,Scoot,1610612757,POR,22.0,30,18,12,0.6,747.83,143,342,0.418,57,162,0.352,84,100,0.84,18,62,80,112,73,27,9,18,85,91,427,53,726.0,0,0,748.0,1,2025-26,24.9,111.7,112.2,112.2,109.3,109.0,109.0,2.5,3.2,3.2,0.231,1.53,19.5,0.022,0.078,0.05,12.7,12.8,0.501,0.553,0.246,0.251,103.4,103.34,86.12,103.34,0.086,1611,4.8,11.4
1630567,Scottie Barnes,Scottie,1610612761,TOR,24.0,80,45,35,0.563,2680.776666666666,569,1123,0.507,68,224,0.304,242,297,0.815,149,451,600,474,210,114,116,48,211,267,1448,266,3359.0,30,3,3050.0,1,2025-26,33.5,113.8,114.6,114.6,109.6,110.0,110.0,4.2,4.6,4.6,0.255,2.26,24.5,0.055,0.166,0.11,10.9,10.8,0.537,0.577,0.226,0.233,101.54,101.0,84.17,101.0,0.139,5645,7.1,14.0
1630590,Scotty Pippen Jr.,Scotty,1610612763,MEM,25.0,10,2,8,0.2,211.86666666666667,43,96,0.448,10,32,0.313,18,23,0.783,8,14,22,47,27,19,4,6,31,29,114,-50,252.9,0,0,239.0,1,2025-26,21.2,108.2,107.1,107.1,115.8,118.7,118.7,-7.6,-11.5,-11.5,0.324,1.74,26.3,0.035,0.065,0.05,15.1,15.0,0.5,0.537,0.255,0.265,105.53,104.78,87.32,104.78,0.086,464,4.3,9.6
1642951,Sean Pedulla,Sean,1610612746,LAC,23.0,7,4,3,0.571,31.0,5,15,0.333,3,10,0.3,0,0,0.0,0,3,3,5,1,0,0,1,4,0,13,-20,23.1,0,0,24.0,1,2025-26,4.4,85.0,82.5,82.5,117.7,112.5,112.5,-32.8,-30.0,-30.0,0.294,5.0,23.8,0.0,0.13,0.048,4.8,4.8,0.433,0.433,0.219,0.231,94.73,98.32,81.94,98.32,0.05,63,0.7,2.1
203552,Seth Curry,Seth,1610612744,GSW,35.0,10,1,9,0.1,133.0,24,49,0.49,12,25,0.48,11,12,0.917,4,8,12,10,2,3,0,1,7,9,71,1,107.4,0,0,111.0,1,2025-26,13.3,116.3,116.0,116.0,121.9,119.0,119.0,-5.6,-3.0,-3.0,0.106,5.0,15.4,0.029,0.075,0.049,3.1,3.0,0.612,0.654,0.169,0.181,98.72,99.97,83.31,99.97,0.093,281,2.4,4.9
1631101,Shaedon Sharpe,Shaedon,1610612757,POR,23.0,50,24,26,0.48,1471.3016666666667,392,868,0.452,103,306,0.337,155,197,0.787,51,166,217,132,147,70,6,57,98,165,1042,-50,1581.4,0,0,1646.0,1,2025-26,29.4,110.1,112.4,112.4,113.1,113.7,113.7,-3.0,-1.3,-1.3,0.151,0.9,10.7,0.032,0.104,0.068,12.0,11.9,0.511,0.546,0.293,0.3,105.24,103.89,86.58,103.89,0.108,3180,7.8,17.4
1628983,Shai Gilgeous-Alexander,Shai,1610612760,OKC,27.0,68,56,12,0.824,2258.9466666666667,731,1321,0.553,115,298,0.386,540,614,0.879,38,254,292,448,151,95,52,57,139,415,2117,788,3429.4,8,0,3266.0,1,2025-26,33.2,121.0,121.5,121.5,104.2,105.2,105.2,16.9,16.3,16.3,0.332,2.97,20.6,0.017,0.1,0.062,6.9,6.9,0.597,0.665,0.323,0.333,102.51,101.84,84.86,101.84,0.207,4796,10.8,19.4
1630536,Sharife Cooper,Sharife,1610612764,WAS,25.0,41,6,35,0.146,699.9983333333333,127,247,0.514,29,76,0.382,50,60,0.833,18,68,86,124,61,16,5,25,61,66,333,-184,624.2,0,0,614.0,1,2025-26,17.1,109.3,108.4,108.4,120.8,120.1,120.1,-11.5,-11.7,-11.7,0.256,2.03,27.1,0.025,0.098,0.061,13.3,13.3,0.573,0.609,0.197,0.204,103.01,103.68,86.4,103.68,0.094,1509,3.1,6.0
1631321,Sidy Cissoko,Sidy,1610612757,POR,22.0,75,39,36,0.52,1435.055,133,334,0.398,59,198,0.298,58,88,0.659,62,104,166,110,70,52,25,27,183,128,383,-60,908.2,0,0,872.0,1,2025-26,19.1,108.6,109.2,109.2,110.7,110.9,110.9,-2.1,-1.7,-1.7,0.107,1.57,20.0,0.041,0.071,0.056,12.7,12.7,0.487,0.514,0.123,0.128,102.92,102.55,85.46,102.55,0.036,3063,1.8,4.5
1631323,Simone Fontecchio,Simone,1610612748,MIA,30.0,70,36,34,0.514,1172.47,194,471,0.412,123,328,0.375,86,102,0.843,56,155,211,101,49,37,9,20,104,59,597,91,1090.7,0,0,1124.0,1,2025-26,16.7,113.6,113.8,113.8,109.9,110.5,110.5,3.7,3.3,3.3,0.121,2.06,15.4,0.042,0.118,0.08,7.5,7.4,0.542,0.579,0.184,0.193,105.66,105.28,87.73,105.28,0.09,2574,2.8,6.7
1642883,Sion James,Sion,1610612766,CHA,23.0,82,44,38,0.537,1843.28,138,372,0.371,83,236,0.352,82,98,0.837,49,238,287,163,65,52,20,28,148,98,441,65,1180.9,0,0,1118.0,1,2025-26,22.5,112.5,113.2,113.2,110.3,110.0,110.0,2.2,3.3,3.3,0.121,2.51,25.3,0.026,0.124,0.075,10.1,10.1,0.483,0.531,0.109,0.112,99.24,99.1,82.58,99.1,0.062,3779,1.7,4.5
1627746,Skal Labissiere,Skal,1610612764,WAS,30.0,3,2,1,0.667,37.55,6,10,0.6,1,5,0.2,0,0,0.0,3,6,9,3,1,2,1,0,3,0,13,2,36.3,0,0,32.0,1,2025-26,12.5,111.6,110.4,110.4,110.0,106.4,106.4,1.6,4.0,4.0,0.115,3.0,21.4,0.07,0.146,0.107,7.1,7.1,0.65,0.65,0.117,0.123,96.89,99.07,82.56,99.07,0.124,77,2.0,3.3
1642461,Spencer Jones,Spencer,1610612743,DEN,25.0,64,41,23,0.641,1416.79,132,262,0.504,57,144,0.396,31,51,0.608,75,134,209,51,31,52,29,16,175,49,352,1,891.3,1,0,831.0,1,2025-26,22.1,116.4,116.9,116.9,114.2,115.3,115.3,2.2,1.6,1.6,0.047,1.65,13.8,0.055,0.09,0.073,8.4,8.5,0.613,0.619,0.097,0.099,99.98,99.33,82.78,99.33,0.045,2912,2.1,4.1
1630649,Stanley Umude,Stanley,1610612759,SAS,27.0,2,2,0,1.0,6.566666666666666,1,2,0.5,0,1,0.0,0,0,0.0,0,0,0,1,0,1,0,0,2,0,2,-17,6.5,0,0,5.0,1,2025-26,3.3,57.1,57.1,57.1,189.4,166.7,166.7,-132.3,-109.5,-109.5,0.333,0.0,33.3,0.0,0.0,0.0,0.0,0.0,0.5,0.5,0.143,0.143,99.41,105.99,88.32,105.99,0.029,14,0.5,1.0
201939,Stephen Curry,Stephen,1610612744,GSW,38.0,43,24,19,0.558,1328.7283333333332,374,799,0.468,190,484,0.393,204,221,0.923,17,137,154,203,121,49,17,26,75,199,1142,89,1708.3,3,0,1821.0,1,2025-26,30.9,116.4,117.6,117.6,113.6,114.8,114.8,2.8,2.8,2.8,0.245,1.68,16.8,0.013,0.1,0.057,10.0,9.9,0.587,0.637,0.308,0.318,104.78,103.66,86.38,103.66,0.146,2873,8.7,18.6
1642264,Stephon Castle,Stephon,1610612759,SAS,21.0,68,51,17,0.75,2037.743333333333,385,817,0.471,81,244,0.332,282,384,0.734,98,264,362,502,217,78,19,68,222,300,1133,408,2394.4,18,5,2272.0,1,2025-26,30.0,117.2,118.2,118.2,107.8,108.4,108.4,9.4,9.8,9.8,0.344,2.31,29.4,0.047,0.119,0.084,12.7,12.7,0.521,0.575,0.243,0.249,103.01,102.28,85.23,102.28,0.117,4334,5.7,12.0
203500,Steven Adams,Steven,1610612745,HOU,32.0,32,21,11,0.656,730.365,70,139,0.504,0,0,0.0,47,81,0.58,145,131,276,48,35,22,20,9,55,70,187,194,681.2,3,0,595.0,1,2025-26,22.8,114.8,117.3,117.3,104.9,105.5,105.5,9.9,11.8,11.8,0.084,1.37,18.5,0.189,0.165,0.177,13.5,13.6,0.504,0.535,0.116,0.117,99.06,97.69,81.41,97.69,0.1,1495,2.2,4.3
1629004,Svi Mykhailiuk,Svi,1610612762,UTA,29.0,50,14,36,0.28,1155.611666666667,173,362,0.478,98,240,0.408,25,28,0.893,36,88,124,93,42,26,3,14,63,30,469,-77,802.3,0,0,842.0,1,2025-26,23.1,113.2,114.9,114.9,118.0,117.9,117.9,-4.8,-3.0,-3.0,0.107,2.21,18.3,0.029,0.074,0.051,8.3,8.2,0.613,0.626,0.143,0.147,104.47,103.74,86.45,103.74,0.074,2497,3.5,7.2
204456,T.J. McConnell,T.J.,1610612754,IND,34.0,56,15,41,0.268,962.505,242,450,0.538,16,50,0.32,25,29,0.862,22,102,124,287,64,56,10,23,62,59,525,-134,1238.3,1,0,1084.0,1,2025-26,17.2,110.7,109.1,109.1,117.2,116.7,116.7,-6.5,-7.6,-7.6,0.469,4.48,35.3,0.022,0.104,0.063,7.9,7.9,0.556,0.567,0.227,0.237,102.69,103.65,86.38,103.65,0.15,2089,4.3,8.0
1643007,Taelon Peter,Taelon,1610612754,IND,24.0,38,6,32,0.158,492.23,60,158,0.38,41,125,0.328,10,16,0.625,10,49,59,40,27,26,4,5,38,17,171,-100,364.8,0,0,371.0,1,2025-26,13.0,103.2,103.2,103.2,112.9,111.8,111.8,-9.8,-8.7,-8.7,0.113,1.48,17.3,0.019,0.096,0.057,11.7,11.6,0.509,0.518,0.159,0.164,104.62,105.12,87.6,105.12,0.057,1075,1.6,4.2
201959,Taj Gibson,Taj,1610612763,MEM,41.0,10,1,9,0.1,96.87333333333332,12,26,0.462,3,6,0.5,7,8,0.875,11,16,27,6,1,2,1,4,14,7,34,-7,83.4,0,0,76.0,1,2025-26,9.7,106.2,103.2,103.2,114.0,107.9,107.9,-7.8,-4.7,-4.7,0.092,6.0,16.2,0.092,0.152,0.121,2.7,2.7,0.519,0.576,0.123,0.129,102.5,106.78,88.98,106.78,0.081,217,1.2,2.6
1631106,Tari Eason,Tari,1610612745,HOU,25.0,60,38,22,0.633,1549.105,241,580,0.416,93,260,0.358,52,67,0.776,124,252,376,90,81,72,28,43,138,64,627,167,1432.2,6,0,1386.0,1,2025-26,25.8,115.6,116.1,116.1,110.1,109.6,109.6,5.5,6.5,6.5,0.078,1.11,11.6,0.077,0.156,0.116,10.4,10.4,0.496,0.514,0.181,0.187,99.06,99.06,82.55,99.06,0.083,3179,4.0,9.7
1627752,Taurean Prince,Taurean,1610612749,MIL,32.0,26,10,16,0.385,611.3033333333333,86,191,0.45,61,140,0.436,6,6,1.0,4,77,81,46,31,16,6,5,48,13,239,-51,440.2,2,0,471.0,1,2025-26,23.5,114.0,113.7,113.7,116.5,117.5,117.5,-2.5,-3.8,-3.8,0.102,1.48,17.0,0.007,0.125,0.067,11.5,11.5,0.61,0.617,0.157,0.162,100.21,99.88,83.23,99.88,0.073,1271,3.3,7.3
1641707,Taylor Hendricks,Taylor,1610612763,MEM,22.0,59,12,47,0.203,1118.465,163,355,0.459,63,184,0.342,49,72,0.681,65,156,221,55,50,50,30,23,99,62,438,-257,975.7,2,0,937.0,2,2025-26,19.0,108.5,108.4,108.4,118.5,119.1,119.1,-10.0,-10.7,-10.7,0.07,1.1,11.3,0.054,0.141,0.096,10.3,10.2,0.548,0.566,0.157,0.164,103.43,103.17,85.97,103.17,0.077,2404,2.8,6.0
1629611,Terance Mann,Terance,1610612751,BKN,29.0,63,15,48,0.238,1529.0166666666669,168,368,0.457,56,154,0.364,63,80,0.788,70,130,200,190,71,41,15,22,155,79,455,-267,1077.0,0,0,1013.0,1,2025-26,24.3,107.7,109.6,109.6,116.4,117.8,117.8,-8.7,-8.2,-8.2,0.182,2.68,28.6,0.044,0.089,0.066,10.7,10.7,0.533,0.564,0.133,0.135,99.5,98.07,81.73,98.07,0.066,3119,2.7,5.8
1630545,Terrence Shannon Jr,Terrence,1610612750,MIN,25.0,43,24,19,0.558,537.675,77,171,0.45,31,76,0.408,56,70,0.8,10,39,49,38,24,14,1,14,50,53,241,-82,377.8,0,0,389.0,1,2025-26,12.5,112.8,112.0,112.0,118.7,120.5,120.5,-5.9,-8.5,-8.5,0.102,1.58,14.2,0.018,0.074,0.045,9.0,9.1,0.541,0.597,0.171,0.177,103.15,102.75,85.63,102.75,0.069,1158,1.8,4.0
203648,Thanasis Antetokounmpo,Thanasis,1610612749,MIL,33.0,34,9,25,0.265,147.95833333333334,15,32,0.469,0,4,0.0,17,30,0.567,12,18,30,15,10,13,6,2,18,20,47,5,152.5,0,0,130.0,1,2025-26,4.4,98.3,97.4,97.4,99.3,94.3,94.3,-1.0,3.1,3.1,0.172,1.5,21.4,0.071,0.125,0.096,14.3,14.2,0.469,0.52,0.154,0.159,99.32,102.35,85.29,102.35,0.094,313,0.4,0.9
1628418,Thomas Bryant,Thomas,1610612739,CLE,28.0,60,37,23,0.617,731.8166666666667,135,267,0.506,47,131,0.359,53,66,0.803,59,146,205,33,28,18,26,11,75,65,370,39,769.5,1,0,743.0,1,2025-26,12.2,113.7,114.4,114.4,111.3,110.7,110.7,2.5,3.6,3.6,0.067,1.18,9.3,0.074,0.184,0.129,7.9,7.8,0.594,0.625,0.182,0.186,102.47,102.45,85.38,102.45,0.115,1554,2.3,4.5
1642275,Tidjane Salaün,Tidjane,1610612766,CHA,20.0,37,19,18,0.514,575.38,80,159,0.503,36,83,0.434,26,40,0.65,26,123,149,27,26,16,7,9,54,35,222,-4,484.3,1,0,480.0,1,2025-26,15.6,111.9,113.2,113.2,112.6,111.1,111.1,-0.7,2.1,2.1,0.071,1.04,11.7,0.044,0.205,0.125,11.3,11.3,0.616,0.629,0.147,0.151,98.97,99.11,82.59,99.11,0.102,1175,2.2,4.3
203501,Tim Hardaway Jr.,Tim,1610612743,DEN,34.0,80,52,28,0.65,2127.3,348,779,0.447,224,550,0.407,159,196,0.811,17,189,206,108,43,42,10,18,100,148,1079,200,1601.2,0,0,1721.0,1,2025-26,26.6,118.8,119.4,119.4,114.6,114.9,114.9,4.2,4.5,4.5,0.07,2.51,10.7,0.008,0.082,0.047,4.3,4.2,0.591,0.624,0.177,0.184,101.62,101.24,84.37,101.24,0.085,4487,4.4,9.7
202699,Tobias Harris,Tobias,1610612765,DET,33.0,63,46,17,0.73,1745.45,309,659,0.469,82,223,0.368,136,157,0.866,55,268,323,157,63,58,26,35,107,107,836,368,1648.1,3,0,1566.0,1,2025-26,27.7,116.2,118.6,118.6,108.1,108.6,108.6,8.1,10.0,10.0,0.12,2.49,16.7,0.03,0.145,0.088,6.7,6.6,0.531,0.574,0.181,0.186,102.2,100.9,84.08,100.9,0.112,3669,4.9,10.5
1643253,Toby Okani,Toby,1610612763,MEM,24.0,6,0,6,0.0,217.09,25,70,0.357,9,31,0.29,1,8,0.125,9,12,21,6,3,4,3,6,20,8,60,-137,112.2,0,0,110.0,1,2025-26,36.2,99.3,100.0,100.0,124.8,128.1,128.1,-25.5,-28.1,-28.1,0.039,2.0,7.2,0.034,0.053,0.043,3.6,3.6,0.421,0.408,0.142,0.143,108.67,106.9,89.09,106.9,0.013,483,4.2,11.7
1642449,Tolu Smith,Tolu,1610612765,DET,25.0,15,11,4,0.733,137.44166666666666,18,36,0.5,0,0,0.0,20,30,0.667,22,27,49,13,7,2,6,7,23,20,56,0,151.3,0,0,134.0,1,2025-26,9.2,105.0,106.9,106.9,107.6,104.6,104.6,-2.6,2.3,2.3,0.143,1.86,18.3,0.161,0.211,0.185,9.9,10.1,0.5,0.569,0.177,0.177,96.91,97.44,81.2,97.44,0.117,276,1.2,2.4
1628396,Tony Bradley,Tony,1610612737,ATL,28.0,41,10,31,0.244,450.68666666666667,64,117,0.547,2,4,0.5,32,43,0.744,60,56,116,22,18,6,7,14,62,37,162,-140,355.2,0,0,328.0,2,2025-26,11.0,104.8,104.6,104.6,119.4,118.8,118.8,-14.6,-14.2,-14.2,0.077,1.22,12.4,0.111,0.133,0.121,10.2,10.2,0.556,0.596,0.136,0.14,101.85,102.19,85.16,102.19,0.074,958,1.6,2.9
1641787,Tosan Evbuomwan,Tosan,1610612766,CHA,25.0,5,4,1,0.8,7.713333333333333,0,1,0.0,0,0,0.0,0,0,0.0,1,1,2,0,0,0,0,0,1,0,0,-8,2.4,0,0,2.0,1,2025-26,1.5,61.0,50.0,50.0,102.9,100.0,100.0,-41.9,-50.0,-50.0,0.0,0.0,0.0,0.091,0.083,0.087,0.0,0.0,0.0,0.0,0.048,0.056,97.33,108.9,90.75,108.9,-0.043,18,0.0,0.2
1641739,Toumani Camara,Toumani,1610612757,POR,26.0,82,42,40,0.512,2731.2366666666667,392,891,0.44,219,592,0.37,97,137,0.708,129,292,421,201,144,94,35,44,237,220,1100,32,2149.7,3,0,2199.0,1,2025-26,33.3,112.2,114.3,114.3,112.2,113.0,113.0,0.1,1.3,1.3,0.103,1.4,15.5,0.043,0.103,0.072,11.1,11.1,0.563,0.578,0.16,0.163,103.61,102.27,85.23,102.27,0.073,5800,4.8,10.9
1629027,Trae Young,Trae,1610612764,WAS,27.0,15,2,13,0.133,383.7533333333333,81,177,0.458,27,80,0.338,80,97,0.825,4,26,30,120,39,13,2,2,33,83,269,-66,491.0,3,0,476.0,2,2025-26,25.6,115.2,116.1,116.1,124.7,124.1,124.1,-9.5,-8.1,-8.1,0.44,3.08,32.0,0.009,0.067,0.037,10.4,10.3,0.534,0.612,0.262,0.271,108.29,108.13,90.11,108.13,0.128,866,5.4,11.8
1631218,Trayce Jackson-Davis,Trayce,1610612761,TOR,26.0,53,29,24,0.547,496.0366666666667,71,124,0.573,1,1,1.0,38,74,0.514,66,79,145,39,23,17,24,20,45,52,181,-76,513.5,1,0,448.0,2,2025-26,9.4,105.0,102.9,102.9,111.4,110.5,110.5,-6.4,-7.6,-7.6,0.122,1.7,17.8,0.124,0.158,0.14,10.5,10.5,0.577,0.578,0.142,0.149,102.32,103.78,86.49,103.78,0.1,1075,1.3,2.3
1642848,Tre Johnson,Tre,1610612764,WAS,20.0,60,12,48,0.2,1442.8166666666666,271,647,0.419,115,321,0.358,76,87,0.874,29,141,170,122,93,33,18,10,122,74,733,-338,1180.0,0,0,1242.0,1,2025-26,24.0,108.1,108.7,108.7,119.6,119.9,119.9,-11.5,-11.2,-11.2,0.122,1.31,13.6,0.018,0.093,0.055,10.3,10.3,0.508,0.535,0.22,0.225,104.77,104.38,86.98,104.38,0.068,3144,4.5,10.8
1630200,Tre Jones,Tre,1610612741,CHI,26.0,65,27,38,0.415,1752.3733333333332,341,617,0.553,41,130,0.315,191,227,0.841,38,166,204,350,92,76,11,51,94,187,914,-137,1852.8,5,0,1683.0,1,2025-26,27.0,111.7,111.0,111.0,114.3,114.8,114.8,-2.7,-3.8,-3.8,0.284,3.8,30.1,0.02,0.088,0.054,7.9,7.9,0.586,0.637,0.186,0.192,106.13,106.25,88.54,106.25,0.126,3883,5.2,9.5
1630544,Tre Mann,Tre,1610612766,CHA,25.0,53,30,23,0.566,668.4583333333334,109,303,0.36,50,155,0.323,23,27,0.852,20,72,92,86,54,25,5,8,69,24,291,-153,566.4,0,0,579.0,1,2025-26,12.6,104.4,105.8,105.8,117.6,115.9,115.9,-13.1,-10.1,-10.1,0.223,1.59,18.9,0.028,0.114,0.068,11.8,11.9,0.442,0.462,0.231,0.237,97.36,97.44,81.2,97.44,0.062,1350,2.1,5.7
1630570,Trendon Watford,Trendon,1610612755,PHI,25.0,53,27,26,0.509,863.7166666666667,138,268,0.515,10,50,0.2,60,77,0.779,38,136,174,132,64,16,22,27,107,79,346,-156,802.8,1,1,738.0,1,2025-26,16.3,107.6,106.5,106.5,114.8,115.6,115.6,-7.2,-9.1,-9.1,0.229,2.06,26.6,0.041,0.146,0.094,12.9,12.9,0.534,0.573,0.17,0.178,103.11,103.23,86.02,103.23,0.093,1863,2.6,5.1
1642280,Trentyn Flowers,Trentyn,1610612741,CHI,21.0,2,0,2,0.0,5.55,2,3,0.667,0,1,0.0,0,0,0.0,1,0,1,1,1,0,0,0,1,0,4,-2,5.7,0,0,6.0,1,2025-26,2.8,81.8,81.8,81.8,111.3,100.0,100.0,-29.5,-18.2,-18.2,0.5,1.0,20.0,0.1,0.0,0.077,20.0,20.0,0.667,0.667,0.25,0.267,90.29,95.14,79.28,95.14,0.128,11,1.0,1.5
1630286,Trevon Scott,Trevon,1610612751,BKN,29.0,6,2,4,0.333,182.235,19,50,0.38,6,19,0.316,4,6,0.667,10,21,31,10,4,8,5,3,12,6,48,-65,135.2,0,0,121.0,1,2025-26,30.4,104.3,105.8,105.8,122.6,122.8,122.8,-18.3,-16.9,-16.9,0.078,2.5,15.2,0.053,0.133,0.089,6.1,6.0,0.44,0.456,0.136,0.139,100.24,99.43,82.86,99.43,0.053,377,3.2,8.3
1631211,Trevor Keels,Trevor,1610612748,MIA,22.0,8,6,2,0.75,14.946666666666667,3,12,0.25,2,9,0.222,0,0,0.0,0,2,2,0,0,1,0,0,0,0,8,5,13.4,0,0,14.0,1,2025-26,1.9,91.3,87.5,87.5,78.0,69.8,69.8,13.4,17.7,17.7,0.0,0.0,0.0,0.0,0.083,0.047,0.0,0.0,0.333,0.333,0.261,0.271,123.32,133.27,111.06,133.27,0.039,40,0.4,1.5
1641725,Trey Alexander,Trey,1610612740,NOP,23.0,9,2,7,0.222,110.64333333333332,19,37,0.514,6,12,0.5,3,5,0.6,1,10,11,9,3,6,2,0,13,6,47,-18,94.7,0,0,89.0,1,2025-26,12.3,110.6,112.0,112.0,120.5,119.0,119.0,-9.9,-7.0,-7.0,0.107,3.0,17.6,0.008,0.083,0.045,5.9,5.9,0.595,0.599,0.148,0.153,104.81,104.77,87.31,104.77,0.078,241,2.1,4.1
1641998,Trey Jemison III,Trey,1610612752,NYK,26.0,13,10,3,0.769,81.58833333333334,6,10,0.6,0,0,0.0,1,1,1.0,8,10,18,5,10,1,2,0,11,3,13,-29,41.1,0,0,42.0,1,2025-26,6.3,101.0,96.1,96.1,117.3,112.9,112.9,-16.3,-16.8,-16.8,0.088,0.5,20.0,0.086,0.118,0.101,40.0,39.3,0.6,0.623,0.099,0.107,100.52,105.02,87.51,105.02,0.027,179,0.5,0.8
1630530,Trey Murphy III,Trey,1610612740,NOP,26.0,66,21,45,0.318,2340.6383333333333,494,1050,0.47,214,565,0.379,218,246,0.886,63,314,377,250,120,99,24,24,138,194,1420,-169,2496.4,4,0,2507.0,1,2025-26,35.5,112.5,113.6,113.6,116.0,117.2,117.2,-3.5,-3.6,-3.6,0.16,2.08,16.5,0.026,0.131,0.078,7.9,7.9,0.572,0.613,0.223,0.229,102.75,101.71,84.75,101.71,0.122,4964,7.5,15.9
1642400,Tristan Enaruna,Tristan,1610612739,CLE,25.0,9,8,1,0.889,85.13333333333334,14,28,0.5,3,10,0.3,6,8,0.75,7,7,14,7,3,5,0,3,3,7,37,43,76.3,0,0,71.0,1,2025-26,9.5,122.1,123.5,123.5,101.3,101.7,101.7,20.8,21.7,21.7,0.101,2.33,17.1,0.096,0.085,0.09,7.3,7.2,0.554,0.587,0.16,0.168,100.57,99.8,83.16,99.8,0.105,179,1.6,3.1
1641774,Tristan Vukcevic,Tristan,1610612764,WAS,23.0,49,8,41,0.163,670.98,152,317,0.479,50,144,0.347,87,111,0.784,32,115,147,55,62,23,33,14,82,82,441,-226,805.9,1,0,805.0,1,2025-26,13.7,105.4,103.5,103.5,119.7,118.5,118.5,-14.3,-15.1,-15.1,0.133,0.89,11.4,0.046,0.162,0.104,12.9,12.8,0.558,0.603,0.259,0.27,104.19,105.7,88.08,105.7,0.11,1476,3.1,6.5
1641783,Tristan da Silva,Tristan,1610612753,ORL,25.0,77,43,34,0.558,1899.4566666666667,279,620,0.45,120,321,0.374,84,95,0.884,58,226,284,124,69,68,25,23,117,80,762,103,1498.8,0,0,1476.0,1,2025-26,24.7,111.7,113.2,113.2,110.1,111.6,111.6,1.6,1.6,1.6,0.092,1.8,14.5,0.03,0.115,0.073,8.1,8.1,0.547,0.576,0.16,0.163,102.32,100.96,84.13,100.96,0.085,4013,3.6,8.1
1641803,Tristen Newton,Tristen,1610612745,HOU,25.0,1,1,0,1.0,12.0,4,9,0.444,2,5,0.4,2,3,0.667,2,1,3,0,0,1,0,1,0,3,12,2,18.6,0,0,19.0,1,2025-26,12.0,122.7,128.0,128.0,110.3,120.0,120.0,12.4,8.0,8.0,0.0,0.0,0.0,0.143,0.077,0.111,0.0,0.0,0.556,0.581,0.345,0.368,106.56,100.0,83.33,100.0,0.149,25,4.0,9.0
1629660,Ty Jerome,Ty,1610612763,MEM,28.0,15,3,12,0.2,338.68833333333333,102,215,0.474,42,100,0.42,49,56,0.875,11,31,42,85,27,16,4,8,31,40,295,-45,505.9,0,0,504.0,1,2025-26,22.6,119.5,122.2,122.2,125.8,127.2,127.2,-6.3,-5.0,-5.0,0.409,3.15,24.6,0.035,0.093,0.065,7.8,7.7,0.572,0.616,0.332,0.342,101.3,99.63,83.03,99.63,0.162,699,6.8,14.3
1631102,TyTy Washington Jr.,TyTy,1610612746,LAC,24.0,16,8,8,0.5,88.12833333333333,9,19,0.474,3,8,0.375,0,0,0.0,1,5,6,17,3,6,3,1,7,2,21,-39,77.7,0,0,65.0,1,2025-26,5.5,103.8,102.9,102.9,125.6,121.0,121.0,-21.8,-18.1,-18.1,0.283,5.67,43.6,0.013,0.069,0.04,7.7,7.7,0.553,0.553,0.113,0.117,94.72,96.95,80.79,96.95,0.082,175,0.6,1.2
1631174,Tyler Burton,Tyler,1610612763,MEM,26.0,12,2,10,0.167,306.74333333333334,42,112,0.375,22,66,0.333,23,27,0.852,8,42,50,12,11,11,4,7,31,21,129,-145,241.0,0,0,243.0,1,2025-26,25.6,100.0,102.0,102.0,123.9,124.3,124.3,-23.9,-22.3,-22.3,0.062,1.09,8.2,0.023,0.137,0.076,7.5,7.5,0.473,0.521,0.18,0.185,104.34,103.12,85.94,103.12,0.061,660,3.5,9.3
1629639,Tyler Herro,Tyler,1610612748,MIA,26.0,33,14,19,0.424,1032.6533333333334,247,515,0.48,84,222,0.378,99,108,0.917,14,144,158,136,64,23,12,21,62,86,677,-38,1111.6,0,0,1125.0,1,2025-26,31.3,114.1,114.4,114.4,114.7,116.4,116.4,-0.6,-2.0,-2.0,0.199,2.13,17.9,0.013,0.129,0.071,8.4,8.4,0.561,0.602,0.248,0.256,104.25,103.33,86.11,103.33,0.122,2226,7.5,15.6
1642278,Tyler Kolek,Tyler,1610612752,NYK,25.0,62,39,23,0.629,727.1616666666666,108,248,0.435,44,114,0.386,14,20,0.7,16,82,98,170,55,22,4,16,65,34,274,106,669.6,2,0,638.0,1,2025-26,11.7,112.1,111.7,111.7,106.2,105.7,105.7,5.9,6.0,6.0,0.328,3.09,35.3,0.021,0.108,0.064,11.4,11.4,0.524,0.533,0.173,0.179,100.13,100.53,83.78,100.53,0.101,1530,1.7,4.0
1641890,Tyler Smith,Tyler,1610612742,DAL,21.0,12,2,10,0.167,165.58333333333334,21,50,0.42,10,35,0.286,4,6,0.667,12,21,33,5,6,6,0,2,13,4,56,-22,115.1,0,0,116.0,1,2025-26,13.8,109.8,110.6,110.6,114.9,114.7,114.7,-5.2,-4.1,-4.1,0.041,0.83,7.8,0.059,0.117,0.086,9.4,9.4,0.52,0.532,0.135,0.138,107.84,107.55,89.62,107.55,0.059,368,1.8,4.2
1631213,Tyrese Martin,Tyrese,1610612755,PHI,27.0,46,12,34,0.261,776.61,109,277,0.394,53,165,0.321,19,28,0.679,34,82,116,78,40,25,6,8,33,24,290,-181,599.2,0,0,599.0,2,2025-26,16.9,104.9,105.8,105.8,116.2,116.8,116.8,-11.3,-10.9,-10.9,0.163,1.95,19.2,0.04,0.112,0.074,9.9,9.8,0.489,0.501,0.178,0.186,98.52,97.87,81.56,97.87,0.077,1580,2.4,6.0
1630178,Tyrese Maxey,Tyrese,1610612755,PHI,25.0,70,38,32,0.543,2661.1183333333333,694,1501,0.462,220,599,0.367,372,417,0.892,24,266,290,461,171,130,55,70,151,285,1980,113,3403.5,7,0,3321.0,1,2025-26,38.0,113.3,115.0,115.0,111.4,113.4,113.4,1.9,1.5,1.5,0.288,2.7,20.0,0.008,0.096,0.052,7.4,7.4,0.536,0.588,0.286,0.294,101.88,100.25,83.54,100.25,0.15,5570,9.9,21.4
1642878,Tyrese Proctor,Tyrese,1610612739,CLE,22.0,50,33,17,0.66,545.0866666666667,93,225,0.413,46,131,0.351,40,45,0.889,11,53,64,74,40,25,0,11,59,37,272,-7,494.8,1,0,506.0,1,2025-26,10.9,111.3,112.5,112.5,112.7,112.8,112.8,-1.3,-0.3,-0.3,0.196,1.85,20.6,0.019,0.092,0.055,11.1,11.1,0.516,0.556,0.214,0.219,101.46,100.87,84.06,100.87,0.087,1144,1.9,4.5
1630623,Tyson Etienne,Tyson,1610612751,BKN,26.0,24,5,19,0.208,380.01666666666665,58,145,0.4,43,108,0.398,30,36,0.833,5,22,27,40,16,11,0,4,47,27,189,-104,298.4,0,0,321.0,1,2025-26,15.8,106.0,105.6,105.6,117.2,117.8,117.8,-11.2,-12.2,-12.2,0.17,2.5,18.5,0.013,0.06,0.036,7.4,7.4,0.548,0.588,0.198,0.204,102.04,102.0,85.0,102.0,0.071,805,2.4,6.0
1626145,Tyus Jones,Tyus,1610612743,DEN,30.0,67,37,30,0.552,978.5783333333334,76,218,0.349,40,137,0.292,7,9,0.778,12,64,76,159,25,37,3,8,31,15,199,-108,623.7,0,0,554.0,3,2025-26,14.6,107.1,107.5,107.5,113.7,113.6,113.6,-6.5,-6.1,-6.1,0.222,6.36,39.2,0.011,0.065,0.036,6.2,6.2,0.44,0.448,0.103,0.107,101.27,101.09,84.24,101.09,0.065,2069,1.1,3.3
1642845,VJ Edgecombe,VJ,1610612755,PHI,20.0,75,43,32,0.573,2623.305,451,1030,0.438,149,421,0.354,148,181,0.818,122,301,423,315,137,107,39,54,214,144,1199,57,2480.1,7,0,2378.0,1,2025-26,35.0,113.7,114.8,114.8,111.9,113.9,113.9,1.8,0.9,0.9,0.172,2.3,20.2,0.044,0.111,0.077,8.8,8.8,0.51,0.54,0.196,0.201,101.83,100.44,83.7,100.44,0.092,5492,6.0,13.7
1641705,Victor Wembanyama,Victor,1610612759,SAS,22.0,64,50,14,0.781,1865.6483333333333,553,1080,0.512,122,350,0.349,372,450,0.827,130,606,736,199,155,66,197,33,156,401,1600,682,3415.7,42,1,3183.0,1,2025-26,29.2,120.0,120.5,120.5,103.7,103.6,103.6,16.3,17.0,17.0,0.17,1.28,12.2,0.071,0.285,0.186,9.5,9.5,0.569,0.626,0.316,0.326,102.36,102.23,85.19,102.23,0.209,3977,8.6,16.9
1631246,Vince Williams Jr.,Vince,1610612762,UTA,25.0,40,16,24,0.4,819.395,103,292,0.353,55,177,0.311,39,50,0.78,39,116,155,166,70,29,16,11,80,53,300,6,800.0,1,0,766.0,2,2025-26,20.5,108.8,108.7,108.7,107.7,108.4,108.4,1.0,0.3,0.3,0.281,2.37,30.1,0.044,0.123,0.084,12.7,12.7,0.447,0.478,0.19,0.196,102.61,102.34,85.28,102.34,0.085,1747,2.6,7.3
1642884,Vladislav Goldin,Vladislav,1610612748,MIA,25.0,9,5,4,0.556,23.961666666666662,3,4,0.75,0,0,0.0,1,1,1.0,3,6,9,3,3,0,3,0,5,1,7,5,28.3,0,0,25.0,1,2025-26,2.7,103.8,105.2,105.2,104.2,88.9,88.9,-0.4,16.3,16.3,0.136,1.0,30.0,0.111,0.214,0.164,30.0,28.7,0.75,0.788,0.101,0.108,112.7,121.19,100.99,121.19,0.105,58,0.3,0.4
1630249,Vít Krejčí,Vít,1610612757,POR,26.0,65,32,33,0.492,1392.1,192,429,0.448,128,328,0.39,38,51,0.745,31,117,148,100,41,47,18,10,138,55,550,-38,1031.6,0,0,1056.0,2,2025-26,21.4,109.4,110.0,110.0,111.4,111.1,111.1,-2.0,-1.1,-1.1,0.099,2.44,17.0,0.02,0.081,0.05,7.0,6.9,0.597,0.609,0.142,0.147,103.29,103.2,86.0,103.2,0.068,2991,3.0,6.6
1631117,Walker Kessler,Walker,1610612762,UTA,24.0,5,2,3,0.4,153.98,26,37,0.703,6,8,0.75,14,20,0.7,23,31,54,15,16,7,9,5,22,12,72,14,191.3,2,0,179.0,1,2025-26,30.8,118.2,118.8,118.8,112.8,114.0,114.0,5.4,4.8,4.8,0.155,0.94,19.5,0.149,0.183,0.167,20.8,20.8,0.784,0.786,0.167,0.17,98.79,98.04,81.7,98.04,0.138,314,5.2,7.4
1642383,Walter Clayton Jr.,Walter,1610612763,MEM,23.0,69,17,52,0.246,1410.535,177,461,0.384,75,244,0.307,109,121,0.901,25,114,139,279,116,44,19,39,119,110,538,-285,1196.3,1,0,1157.0,2,2025-26,20.4,110.8,111.7,111.7,121.0,121.2,121.2,-10.2,-9.6,-9.6,0.274,2.41,30.7,0.017,0.081,0.048,12.8,12.8,0.465,0.523,0.181,0.186,103.77,103.23,86.02,103.23,0.073,3036,2.6,6.7
1628976,Wendell Carter Jr.,Wendell,1610612753,ORL,27.0,78,43,35,0.551,2288.3516666666665,326,637,0.512,72,226,0.319,198,250,0.792,162,415,577,154,100,60,49,43,267,227,922,90,2072.4,12,0,1943.0,1,2025-26,29.3,111.7,113.5,113.5,110.3,111.3,111.3,1.4,2.2,2.2,0.095,1.54,15.3,0.07,0.177,0.124,10.0,10.0,0.568,0.617,0.156,0.158,102.92,101.62,84.68,101.62,0.096,4838,4.2,8.2
1631111,Wendell Moore Jr.,Wendell,1610612765,DET,24.0,6,5,1,0.833,59.555,4,7,0.571,0,1,0.0,2,2,1.0,1,5,6,4,1,2,2,1,3,3,10,42,34.2,0,0,28.0,1,2025-26,9.9,132.6,129.0,129.0,97.7,94.4,94.4,34.8,34.6,34.6,0.068,4.0,30.8,0.02,0.085,0.056,7.7,7.8,0.571,0.635,0.066,0.068,97.28,100.34,83.62,100.34,0.063,124,0.7,1.2
1642954,Will Richard,Will,1610612744,GSW,23.0,69,34,35,0.493,1376.805,162,346,0.468,71,212,0.335,46,54,0.852,67,105,172,93,53,80,9,12,131,60,441,-97,1000.9,0,0,955.0,1,2025-26,20.0,110.3,110.3,110.3,113.8,113.6,113.6,-3.5,-3.3,-3.3,0.094,1.75,18.1,0.045,0.078,0.061,10.3,10.3,0.571,0.596,0.123,0.129,102.73,102.86,85.72,102.86,0.063,2951,2.3,5.0
1642860,Will Riley,Will,1610612764,WAS,20.0,74,16,58,0.216,1632.4716666666666,271,618,0.439,78,247,0.316,144,180,0.8,56,156,212,146,94,54,9,26,91,130,764,-484,1332.4,2,0,1326.0,1,2025-26,22.1,107.1,107.3,107.3,121.5,121.4,121.4,-14.4,-14.1,-14.1,0.131,1.55,15.7,0.033,0.097,0.064,10.1,10.0,0.502,0.548,0.196,0.205,103.19,103.18,85.98,103.18,0.08,3514,3.7,8.4
1630214,Xavier Tillman,Xavier,1610612766,CHA,27.0,30,21,9,0.7,183.87833333333333,20,46,0.435,3,18,0.167,1,4,0.25,19,24,43,13,8,9,5,3,15,7,44,-23,149.1,0,0,131.0,2,2025-26,6.1,108.5,104.8,104.8,114.3,109.7,109.7,-5.8,-4.9,-4.9,0.113,1.63,18.8,0.098,0.136,0.116,11.6,11.6,0.467,0.461,0.127,0.134,94.99,98.67,82.23,98.67,0.069,376,0.7,1.5
1642905,Yang Hansen,Yang,1610612757,POR,21.0,43,24,19,0.558,299.8933333333333,31,100,0.31,5,42,0.119,28,34,0.824,20,46,66,22,32,3,10,11,43,39,95,-100,214.2,0,0,214.0,1,2025-26,7.0,95.6,95.1,95.1,111.6,110.2,110.2,-16.0,-15.1,-15.1,0.111,0.69,13.0,0.063,0.139,0.102,18.9,18.9,0.335,0.413,0.196,0.205,103.81,104.76,87.3,104.76,0.027,654,0.7,2.3
1642949,Yanic Konan Niederhäuser,Yanic Konan,1610612746,LAC,23.0,41,22,19,0.537,423.6783333333333,64,100,0.64,1,5,0.2,47,62,0.758,37,80,117,12,23,5,30,10,66,45,176,38,416.4,0,0,376.0,1,2025-26,10.3,115.8,113.9,113.9,108.0,109.4,109.4,7.8,4.5,4.5,0.041,0.52,7.3,0.096,0.176,0.14,14.0,14.2,0.645,0.691,0.153,0.159,98.75,98.96,82.47,98.96,0.098,873,1.6,2.4
1642530,Yuki Kawamura,Yuki,1610612741,CHI,25.0,18,6,12,0.333,209.02,17,52,0.327,11,37,0.297,17,19,0.895,7,26,33,47,14,9,0,2,15,19,62,-3,185.1,0,0,171.0,1,2025-26,11.6,111.6,111.7,111.7,115.8,114.0,114.0,-4.1,-2.3,-2.3,0.266,3.36,39.2,0.032,0.118,0.074,11.7,11.5,0.433,0.514,0.133,0.141,106.77,107.59,89.66,107.59,0.082,472,0.9,2.9
1642274,Yves Missi,Yves,1610612740,NOP,22.0,66,19,47,0.288,1297.0366666666666,160,294,0.544,0,1,0.0,57,102,0.559,183,202,385,84,54,20,101,26,113,79,377,-41,1274.0,5,0,1088.0,1,2025-26,19.7,111.9,112.7,112.7,113.2,114.1,114.1,-1.3,-1.3,-1.3,0.087,1.56,17.6,0.128,0.147,0.137,11.3,11.3,0.544,0.556,0.122,0.126,101.45,100.7,83.91,100.7,0.087,2719,2.4,4.5
1642258,Zaccharie Risacher,Zaccharie,1610612737,ATL,21.0,67,39,28,0.582,1503.253333333333,244,536,0.455,95,258,0.368,58,90,0.644,71,186,257,76,58,59,36,30,147,75,641,-16,1290.4,0,0,1259.0,1,2025-26,22.4,111.8,112.8,112.8,112.2,112.6,112.6,-0.4,0.2,0.2,0.068,1.31,10.7,0.044,0.121,0.081,8.2,8.2,0.544,0.557,0.168,0.173,105.97,105.34,87.78,105.34,0.07,3289,3.6,8.0
1628380,Zach Collins,Zach,1610612741,CHI,28.0,10,6,4,0.6,183.73666666666668,37,64,0.578,9,21,0.429,14,20,0.7,16,40,56,15,10,2,4,2,18,19,97,18,194.7,1,0,189.0,1,2025-26,18.4,116.6,115.0,115.0,110.7,111.6,111.6,5.9,3.4,3.4,0.114,1.5,15.5,0.081,0.205,0.143,10.3,10.2,0.648,0.666,0.177,0.188,103.94,104.24,86.86,104.24,0.123,401,3.7,6.4
1641744,Zach Edey,Zach,1610612763,MEM,24.0,11,7,4,0.636,283.8516666666667,62,98,0.633,1,5,0.2,25,32,0.781,43,79,122,12,26,7,21,6,37,37,150,113,372.4,5,0,341.0,1,2025-26,25.8,111.6,112.8,112.8,95.8,94.5,94.5,15.8,18.3,18.3,0.061,0.46,7.9,0.148,0.243,0.198,17.2,17.3,0.638,0.669,0.2,0.203,101.57,101.72,84.76,101.72,0.157,603,5.6,8.9
203897,Zach LaVine,Zach,1610612758,SAC,31.0,39,9,30,0.231,1224.263333333333,262,547,0.479,99,254,0.39,125,142,0.88,8,100,108,89,74,28,10,25,81,97,748,-310,1051.1,0,0,1120.0,1,2025-26,31.4,108.3,109.3,109.3,119.9,121.9,121.9,-11.6,-12.6,-12.6,0.111,1.2,11.5,0.006,0.083,0.044,9.6,9.6,0.569,0.614,0.234,0.24,101.71,100.47,83.72,100.47,0.096,2568,6.7,14.0
1630192,Zeke Nnaji,Zeke,1610612743,DEN,25.0,52,38,14,0.731,625.9883333333333,71,151,0.47,14,54,0.259,34,44,0.773,33,103,136,29,27,17,24,17,71,40,190,-109,492.7,2,0,451.0,1,2025-26,12.0,107.1,107.1,107.1,114.3,113.7,113.7,-7.1,-6.6,-6.6,0.069,1.07,12.8,0.053,0.147,0.103,11.9,11.9,0.517,0.558,0.136,0.141,99.08,99.34,82.78,99.34,0.07,1285,1.4,2.9
1630533,Ziaire Williams,Ziaire,1610612751,BKN,24.0,56,13,43,0.232,1281.2666666666669,184,433,0.425,86,251,0.343,119,140,0.85,30,104,134,60,59,76,21,20,116,115,573,-282,1055.8,0,0,1047.0,1,2025-26,22.9,101.9,103.1,103.1,111.9,113.2,113.2,-10.0,-10.1,-10.1,0.076,1.02,9.9,0.022,0.084,0.052,9.7,9.6,0.524,0.579,0.179,0.186,101.6,100.4,83.67,100.4,0.079,2675,3.3,7.7
1629627,Zion Williamson,Zion,1610612740,NOP,25.0,62,22,40,0.355,1841.0633333333333,484,807,0.6,1,4,0.25,333,465,0.716,125,228,353,199,126,60,34,82,141,324,1302,-82,2180.1,6,0,2043.0,1,2025-26,29.7,112.4,113.0,113.0,115.0,114.9,114.9,-2.5,-1.9,-1.9,0.174,1.58,14.9,0.064,0.116,0.09,9.4,9.4,0.6,0.644,0.25,0.256,103.8,103.58,86.32,103.58,0.141,3970,7.8,13.0
1642389,Zyon Pullin,Zyon,1610612750,MIN,25.0,5,4,1,0.8,42.583333333333336,9,13,0.692,1,3,0.333,4,4,1.0,1,2,3,9,3,1,0,2,6,2,23,6,40.1,0,0,38.0,1,2025-26,8.5,130.0,121.4,121.4,114.4,118.9,118.9,15.6,2.5,2.5,0.281,3.0,33.3,0.03,0.035,0.033,11.1,11.2,0.731,0.779,0.167,0.178,107.24,108.77,90.65,108.77,0.11,98,1.8,2.6
